QUERYID,CASE #,REGN_CNTY_CDE,Municipality,MUNITYPE,REF_MRKR,ATINTERSECTION_IND,Lat,Long,,Time,Crash Type,Injuries,Fatalities,Number of Vehicles,ACCD_TYP,COLLISION_TYP,TRAF_CNTL,Light Condition,Weather Condition,Road Surface Condition
13985,33302583,MONROE,Greece,3,,N,43.2065840,-77.6759339,1/12/10,12:31,PROPERTY DAMAGE AND INJURY,1,0,2,COLLISION WITH MOTOR VEHICLE,RIGHT ANGLE,TRAFFIC SIGNAL,DAYLIGHT,SNOW,WET
13985,33365112,MONROE,Rochester,1,,Y,43.1538020,-77.5587310,2/15/10,1:55,PROPERTY DAMAGE AND INJURY,1,0,2,COLLISION WITH MOTOR VEHICLE,LEFT TURN (WITH OTHER CAR),STOP SIGN,DAYLIGHT,CLEAR,DRY
13985,33305733,MONROE,Chili,3,252 43011000,Y,43.0968370,-77.7671700,1/5/10,20:32,PROPERTY DAMAGE AND INJURY,1,0,2,COLLISION WITH MOTOR VEHICLE,RIGHT ANGLE,NONE,DARK-ROAD LIGHTED,SNOW,SNOW/ICE
13985,33365593,MONROE,Rochester,1,,Y,43.1769520,-77.6348230,2/24/10,15:09,PROPERTY DAMAGE AND INJURY,2,0,3,COLLISION WITH MOTOR VEHICLE,OTHER,STOP SIGN,DAYLIGHT,CLOUDY,WET
13985,33360186,MONROE,Sweden,3, 19 43041003,N,43.1365283,-77.9394210,2/25/10,18:03,PROPERTY DAMAGE AND INJURY,1,0,3,COLLISION WITH MOTOR VEHICLE,OTHER,NONE,DARK-ROAD UNLIGHTED,SNOW,SNOW/ICE
13985,33318090,MONROE,Greece,3,,Y,43.2314160,-77.7163400,1/21/10,15:13,PROPERTY DAMAGE AND INJURY,1,0,2,COLLISION WITH MOTOR VEHICLE,RIGHT ANGLE,STOP SIGN,DAYLIGHT,CLEAR,DRY
13985,33318997,MONROE,Rochester,1,104 43032002,N,43.2037829,-77.6566186,1/16/10,22:20,INJURY,1,0,2,COLLISION WITH MOTOR VEHICLE,REAR END,TRAFFIC SIGNAL,DARK-ROAD LIGHTED,CLOUDY,DRY
13985,33292404,MONROE,Penfield,3,,N,43.1597336,-77.4122590,1/4/10,20:54,PROPERTY DAMAGE AND INJURY,1,0,2,COLLISION WITH MOTOR VEHICLE,RIGHT ANGLE,STOP SIGN,DARK-ROAD LIGHTED,SNOW,SNOW/ICE
13985,33353916,MONROE,Rochester,1,,N,43.1592421,-77.5495634,2/11/10,12:22,PROPERTY DAMAGE AND INJURY,2,0,2,COLLISION WITH MOTOR VEHICLE,OVERTAKING,NONE,DAYLIGHT,CLEAR,DRY
13985,33330399,MONROE,Rochester,1,590I43012004,N,43.1431880,-77.5479460,1/30/10,9:40,PROPERTY DAMAGE AND INJURY,2,0,1,COLLISION WITH GUIDE RAIL,OTHER,NONE,DAYLIGHT,CLEAR,SNOW/ICE
13985,33368433,MONROE,Rush,3,390I43031043,N,42.9968214,-77.6743439,2/24/10,17:14,PROPERTY DAMAGE AND INJURY,1,0,1,COLLISION WITH TREE,OTHER,NONE,DUSK,SNOW,WET
13985,33287203,MONROE,Henrietta,3,,N,43.0679811,-77.6468927,1/6/10,16:08,PROPERTY DAMAGE AND INJURY,1,0,3,COLLISION WITH MOTOR VEHICLE,OTHER,TRAFFIC SIGNAL,DAYLIGHT,CLOUDY,WET
13985,33352960,MONROE,Rochester,1,,Y,43.1437820,-77.6289791,1/21/10,17:05,PROPERTY DAMAGE AND INJURY,2,0,2,COLLISION WITH MOTOR VEHICLE,LEFT TURN (WITH OTHER CAR),STOP SIGN,DAWN,CLEAR,DRY
13985,33293988,MONROE,Pittsford,3,,N,43.0444025,-77.5075795,1/4/10,23:35,PROPERTY DAMAGE AND INJURY,1,0,1,COLLISION WITH GUIDE RAIL,OTHER,NONE,DARK-ROAD UNLIGHTED,SNOW,SNOW/ICE
13985,33378590,MONROE,Rochester,1,,Y,43.1651382,-77.6070836,2/15/10,12:50,PROPERTY DAMAGE AND INJURY,2,0,4,COLLISION WITH MOTOR VEHICLE,OTHER,TRAFFIC SIGNAL,DAYLIGHT,CLOUDY,DRY
13985,33332617,MONROE,Rochester,1,490I43022031,N,43.1523975,-77.6161712,2/4/10,12:05,PROPERTY DAMAGE AND INJURY,1,0,1,COLLISION WITH GUIDE RAIL,OTHER,NONE,DAYLIGHT,CLEAR,DRY
13985,33360172,MONROE,Webster,4,,Y,43.2218950,-77.4001190,2/25/10,17:30,PROPERTY DAMAGE AND INJURY,1,0,1,COLL. W/LIGHT SUPPORT/UTILITY POLE,OTHER,STOP SIGN,DAYLIGHT,SNOW,SNOW/ICE
13985,33346734,MONROE,Penfield,3,104 43035041,N,43.1751039,-77.5208714,2/12/10,2:40,PROPERTY DAMAGE AND INJURY,1,0,1,COLLISION WITH GUIDE RAIL,OTHER,NONE,DARK-ROAD LIGHTED,CLOUDY,DRY
13985,33332542,MONROE,Chili,3,252 43011038,N,43.0938388,-77.6970757,2/6/10,20:06,PROPERTY DAMAGE AND INJURY,1,0,2,COLLISION WITH MOTOR VEHICLE,RIGHT ANGLE,NONE,DARK-ROAD LIGHTED,CLOUDY,DRY
13985,33319568,MONROE,Wheatland,3,383 43011007,N,43.0011737,-77.8488477,1/28/10,6:20,INJURY,1,0,1,COLLISION WITH TREE,OTHER,NONE,DARK-ROAD UNLIGHTED,SNOW,SNOW/ICE
13985,33406769,MONROE,Rochester,1,,N,43.1809769,-77.5946920,1/14/10,19:16,PROPERTY DAMAGE AND INJURY,6,0,2,COLLISION WITH SIGN POST,RIGHT ANGLE,NONE,DARK-ROAD LIGHTED,CLOUDY,WET
13985,33291528,MONROE,Henrietta,3,253 43011062,N,43.0587406,-77.6481385,1/8/10,12:51,PROPERTY DAMAGE AND INJURY,2,0,2,COLLISION WITH MOTOR VEHICLE,LEFT TURN (AGAINST OTHER CAR),NONE,DAYLIGHT,SNOW,WET
13985,33365631,MONROE,Rochester,1,940M43011001,Y,43.1658480,-77.6241870,2/20/10,17:43,PROPERTY DAMAGE AND INJURY,1,0,2,COLLISION WITH MOTOR VEHICLE,RIGHT ANGLE,STOP SIGN,DUSK,CLEAR,DRY
13985,33333605,MONROE,Sweden,3, 31A43021015,N,43.1983160,-77.9673677,2/1/10,11:05,INJURY,1,0,2,COLLISION WITH MOTOR VEHICLE,REAR END,NONE,DAYLIGHT,SNOW,WET
13985,33339727,MONROE,Rochester,1,,Y,43.1593380,-77.5965120,1/20/10,10:31,INJURY,2,0,2,COLLISION WITH MOTOR VEHICLE,REAR END,TRAFFIC SIGNAL,DAYLIGHT,CLEAR,DRY
13985,33305727,MONROE,Brighton,3, 15 43031122,Y,43.1042450,-77.6277900,1/21/10,16:05,PROPERTY DAMAGE AND INJURY,2,0,2,COLLISION WITH MOTOR VEHICLE,RIGHT ANGLE,TRAFFIC SIGNAL,DAYLIGHT,CLEAR,DRY
13985,33350449,MONROE,Rochester,1,,Y,43.1262710,-77.6388950,1/28/10,17:53,PROPERTY DAMAGE AND INJURY,1,0,2,COLLISION WITH MOTOR VEHICLE,UNKNOWN,UNKNOWN,UNKNOWN,UNKNOWN,UNKNOWN
13985,33350131,MONROE,Wheatland,3,940H43011011,Y,43.0053670,-77.7454000,1/21/10,15:00,PROPERTY DAMAGE AND INJURY,2,0,2,COLLISION WITH MOTOR VEHICLE,RIGHT ANGLE,STOP SIGN,DAYLIGHT,CLEAR,DRY
13985,33329578,MONROE,Brighton,3,,N,43.1188273,-77.5957495,2/2/10,15:01,PROPERTY DAMAGE AND INJURY,1,0,2,COLLISION WITH MOTOR VEHICLE,REAR END,NONE,DAYLIGHT,CLOUDY,DRY
13985,33291453,MONROE,Greece,3,,N,43.1793579,-77.7037974,1/8/10,12:35,PROPERTY DAMAGE AND INJURY,1,0,1,COLL. W/LIGHT SUPPORT/UTILITY POLE,OTHER,NONE,DAYLIGHT,SNOW,SNOW/ICE
13985,33373897,MONROE,Henrietta,3,,Y,43.0405850,-77.6470809,2/11/10,18:00,PROPERTY DAMAGE AND INJURY,1,0,1,COLLISION WITH DEER,OTHER,UNKNOWN,DARK-ROAD UNLIGHTED,CLOUDY,DRY
13985,33339463,MONROE,Rochester,1, 96 43052022,N,43.1534640,-77.5881780,1/28/10,16:40,INJURY,1,0,2,COLLISION WITH MOTOR VEHICLE,LEFT TURN (AGAINST OTHER CAR),TRAFFIC SIGNAL,DUSK,SNOW,SNOW/ICE
13985,33344284,MONROE,Henrietta,3,,Y,43.0801480,-77.6295920,2/10/10,12:38,INJURY,1,0,2,COLLISION WITH MOTOR VEHICLE,RIGHT ANGLE,STOP SIGN,DAYLIGHT,CLEAR,WET
13985,33351100,MONROE,Brockport,4,,N,43.2082249,-77.9454830,1/27/10,7:34,INJURY,1,0,3,COLLISION WITH MOTOR VEHICLE,OTHER,STOP SIGN,DAYLIGHT,CLOUDY,DRY
13985,33375457,MONROE,Perinton,3, 31F43011034,Y,43.1000180,-77.4563051,2/14/10,22:45,INJURY,1,0,2,COLLISION WITH MOTOR VEHICLE,REAR END,TRAFFIC SIGNAL,DARK-ROAD LIGHTED,CLEAR,DRY
13985,33338036,MONROE,Brighton,3, 15 43031122,N,43.1047449,-77.6275374,2/10/10,1:39,PROPERTY DAMAGE AND INJURY,2,0,1,COLL. W/LIGHT SUPPORT/UTILITY POLE,OTHER,NONE,DARK-ROAD LIGHTED,SNOW,WET
13985,33349637,MONROE,Pittsford,3,441 43011115,Y,43.1232530,-77.5070609,2/4/10,,PROPERTY DAMAGE AND INJURY,1,0,2,COLLISION WITH MOTOR VEHICLE,RIGHT TURN (AGAINST OTHER CAR),TRAFFIC SIGNAL,DAYLIGHT,CLEAR,DRY
13985,33358796,MONROE,Sweden,3,,Y,43.1328380,-77.9873060,2/23/10,8:00,PROPERTY DAMAGE AND INJURY,1,0,1,RAN OFF ROAD ONLY,OTHER,NONE,DAYLIGHT,CLOUDY,SLUSH
13985,33354891,MONROE,Rochester,1, 31 43032045,Y,43.1500700,-77.5998520,2/10/10,10:55,INJURY,1,0,2,COLLISION WITH MOTOR VEHICLE,RIGHT ANGLE,TRAFFIC SIGNAL,DAYLIGHT,CLOUDY,WET
13985,33339376,MONROE,Rochester,1,940K43011019,Y,43.1792050,-77.6594360,2/3/10,13:16,PROPERTY DAMAGE AND INJURY,1,0,2,COLLISION WITH MOTOR VEHICLE,RIGHT ANGLE,TRAFFIC SIGNAL,DAYLIGHT,SNOW,WET
13985,33318097,MONROE,Greece,3,,Y,43.2419870,-77.6417240,1/20/10,12:07,PROPERTY DAMAGE AND INJURY,2,0,2,COLLISION WITH MOTOR VEHICLE,RIGHT ANGLE,STOP SIGN,DAYLIGHT,CLOUDY,DRY
13985,33325845,MONROE,Rochester,1,,N,43.1365784,-77.6287785,1/17/10,12:28,PROPERTY DAMAGE AND INJURY,1,0,2,COLLISION WITH MOTOR VEHICLE,OVERTAKING,NONE,DAYLIGHT,CLOUDY,DRY
13985,33347689,MONROE,Ogden,3,,N,43.1781803,-77.7535623,2/19/10,16:45,PROPERTY DAMAGE AND INJURY,1,0,3,COLLISION WITH MOTOR VEHICLE,OTHER,NO PASSING ZONE,DAYLIGHT,CLOUDY,DRY
13985,33362831,MONROE,Irondequoit,3,,N,43.2480580,-77.6077860,2/1/10,9:54,INJURY,1,0,1,COLLISION WITH SIGN POST,OTHER,NONE,DAYLIGHT,CLOUDY,DRY
13985,33318515,MONROE,Parma,3,261 43011047,N,43.2861554,-77.7496890,1/28/10,5:41,PROPERTY DAMAGE AND INJURY,1,0,1,COLLISION WITH SNOW EMBANKMENT,OTHER,NONE,DARK-ROAD UNLIGHTED,SNOW,SNOW/ICE
13985,33339131,MONROE,Rochester,1,,N,43.2303330,-77.5541150,2/2/10,10:27,PROPERTY DAMAGE AND INJURY,1,0,1,COLLISION WITH TREE,OTHER,NONE,DAYLIGHT,CLOUDY,WET
13985,33315688,MONROE,Penfield,3,,N,43.1423852,-77.4720246,1/2/10,18:54,INJURY,1,0,1,COLLISION WITH FENCE,OTHER,NONE,DARK-ROAD UNLIGHTED,SNOW,SNOW/ICE
13985,33319608,MONROE,Ogden,3,531 43012058,N,43.1604650,-77.7538411,1/30/10,2:37,PROPERTY DAMAGE AND INJURY,1,0,2,COLLISION WITH MOTOR VEHICLE,LEFT TURN (WITH OTHER CAR),NONE,DARK-ROAD UNLIGHTED,SNOW,SNOW/ICE
13985,33337516,MONROE,Gates,3,390I43036000,N,43.1277571,-77.6584966,2/12/10,2:30,PROPERTY DAMAGE AND INJURY,1,0,1,COLLISION WITH GUIDE RAIL,OTHER,NONE,DARK-ROAD LIGHTED,CLEAR,DRY
13985,33294013,MONROE,Penfield,3,441 43011047,N,43.1309100,-77.4509151,1/8/10,10:58,PROPERTY DAMAGE AND INJURY,1,0,2,COLLISION WITH MOTOR VEHICLE,REAR END,TRAFFIC SIGNAL,DAYLIGHT,SNOW,SNOW/ICE
13985,33365776,MONROE,Rochester,1,,N,43.1481259,-77.5980731,2/17/10,17:01,INJURY,1,0,2,COLLISION WITH MOTOR VEHICLE,REAR END,NONE,DAYLIGHT,SNOW,SNOW/ICE
13985,33337523,MONROE,Clarkson,3,104 43031003,N,43.2530792,-77.9913159,2/11/10,15:05,INJURY,2,0,2,COLLISION WITH MOTOR VEHICLE,REAR END,NONE,DAYLIGHT,CLOUDY,DRY
13985,33365638,MONROE,Rochester,1,,Y,43.1532440,-77.5953390,2/19/10,13:04,INJURY,1,0,2,COLLISION WITH OTHER PEDESTRIAN,OTHER,NONE,DAYLIGHT,CLOUDY,DRY
13985,33318341,MONROE,Brighton,3,490I43023000,N,43.1429322,-77.5467688,1/30/10,9:00,INJURY,1,0,2,COLLISION WITH MOTOR VEHICLE,REAR END,NONE,DAYLIGHT,CLOUDY,SNOW/ICE
13985,33347425,MONROE,Webster,3,104 43035296,Y,43.2227030,-77.3872730,2/18/10,17:08,PROPERTY DAMAGE AND INJURY,1,0,3,COLLISION WITH MOTOR VEHICLE,OTHER,TRAFFIC SIGNAL,DAYLIGHT,CLOUDY,WET
13985,33300364,MONROE,Rochester,1,490I43022019,N,43.1565447,-77.6365801,1/11/10,7:47,PROPERTY DAMAGE AND INJURY,1,0,2,COLLISION WITH MOTOR VEHICLE,REAR END,NONE,DAYLIGHT,CLOUDY,DRY
13985,33318514,MONROE,Rush,3,390I43031050,N,43.0064170,-77.6666450,1/29/10,8:30,PROPERTY DAMAGE AND INJURY,1,0,1,COLL. W/EARTH ELE./ROCK CUT/DITCH,OTHER,NONE,DAYLIGHT,SNOW,SNOW/ICE
13985,33361283,MONROE,Perinton,3, 96 43051007,N,43.0391523,-77.4571636,1/30/10,20:32,PROPERTY DAMAGE AND INJURY,1,0,3,COLLISION WITH MOTOR VEHICLE,OTHER,TRAFFIC SIGNAL,DARK-ROAD LIGHTED,CLEAR,SNOW/ICE
13985,33352935,MONROE,Rochester,1,,Y,43.1593380,-77.5965120,2/9/10,18:19,PROPERTY DAMAGE AND INJURY,1,0,2,COLLISION WITH MOTOR VEHICLE,LEFT TURN (AGAINST OTHER CAR),TRAFFIC SIGNAL,DARK-ROAD LIGHTED,CLEAR,DRY
13985,33329104,MONROE,Webster,3,,N,43.2140980,-77.4612430,1/29/10,14:45,INJURY,1,0,2,COLLISION WITH MOTOR VEHICLE,REAR END,TRAFFIC SIGNAL,DAYLIGHT,CLOUDY,SNOW/ICE
13985,33326113,MONROE,Rochester,1,,N,43.1653630,-77.6551074,1/5/10,16:02,PROPERTY DAMAGE AND INJURY,1,0,2,COLLISION WITH MOTOR VEHICLE,UNKNOWN,NONE,DAYLIGHT,SNOW,SNOW/ICE
13985,33329619,MONROE,Pittsford,4, 96 43051053,N,43.0858246,-77.5156686,1/25/10,17:30,INJURY,2,0,2,COLLISION WITH MOTOR VEHICLE,REAR END,NONE,DARK-ROAD LIGHTED,CLEAR,WET
13985,33332548,MONROE,Greece,3,390 43011038,N,43.2105282,-77.6749467,2/7/10,14:34,PROPERTY DAMAGE AND INJURY,1,0,2,COLLISION WITH MOTOR VEHICLE,REAR END,TRAFFIC SIGNAL,DAYLIGHT,CLOUDY,DRY
13985,33369548,MONROE,Gates,3,490I43021172,N,43.1571928,-77.6916976,2/25/10,19:50,PROPERTY DAMAGE AND INJURY,1,0,1,COLLISION WITH GUIDE RAIL,OTHER,NONE,DARK-ROAD LIGHTED,SNOW,SNOW/ICE
13985,33361287,MONROE,Irondequoit,3,,Y,43.1917770,-77.5843760,2/25/10,17:11,INJURY,2,0,2,COLLISION WITH MOTOR VEHICLE,RIGHT ANGLE,NONE,DAYLIGHT,SNOW,SNOW/ICE
13985,33295229,MONROE,Gates,3, 33A43021133,N,43.1274870,-77.6995554,1/13/10,16:48,INJURY,1,0,2,COLLISION WITH MOTOR VEHICLE,REAR END,NONE,DUSK,CLOUDY,WET
13985,33285929,MONROE,Perinton,3, 31F43011027,N,43.1022705,-77.4696719,1/3/10,14:49,PROPERTY DAMAGE AND INJURY,2,0,2,COLLISION WITH MOTOR VEHICLE,HEAD ON,NONE,DAYLIGHT,SNOW,SNOW/ICE
13985,33302528,MONROE,Greece,3,,Y,43.1919630,-77.6801730,1/10/10,18:30,PROPERTY DAMAGE AND INJURY,3,0,3,COLLISION WITH MOTOR VEHICLE,OTHER,TRAFFIC SIGNAL,DARK-ROAD LIGHTED,CLOUDY,DRY
13985,33330976,MONROE,Clarkson,3,,N,43.2773822,-77.9436484,2/3/10,14:10,PROPERTY DAMAGE AND INJURY,2,0,1,COLL. W/EARTH ELE./ROCK CUT/DITCH,OTHER,NONE,DAYLIGHT,CLEAR,SLUSH
13985,33319947,MONROE,Gates,3,390 43011006,N,43.1647000,-77.6830450,1/6/10,0:15,PROPERTY DAMAGE AND INJURY,1,0,1,COLLISION WITH GUIDE RAIL,OTHER,NONE,DARK-ROAD LIGHTED,SNOW,SNOW/ICE
13985,33369259,MONROE,Irondequoit,3,590 43013001,N,43.1683184,-77.5389382,2/22/10,14:42,PROPERTY DAMAGE AND INJURY,1,0,1,COLLISION WITH GUIDE RAIL,OTHER,NONE,DAYLIGHT,CLOUDY,DRY
13985,33361320,MONROE,Henrietta,3,,N,43.0856505,-77.6296840,2/26/10,21:05,PROPERTY DAMAGE AND INJURY,1,0,2,COLLISION WITH MOTOR VEHICLE,RIGHT ANGLE,TRAFFIC SIGNAL,DARK-ROAD LIGHTED,SNOW,SNOW/ICE
13985,33330516,MONROE,Pittsford,3,490I43023019,N,43.1240768,-77.5232248,1/29/10,9:28,PROPERTY DAMAGE AND INJURY,1,0,2,COLLISION WITH OTHER BARRIER,RIGHT ANGLE,NONE,DAYLIGHT,SNOW,SNOW/ICE
13985,33324709,MONROE,Rochester,1,,N,43.1589780,-77.5982160,1/21/10,8:35,INJURY,1,0,2,COLLISION WITH MOTOR VEHICLE,UNKNOWN,OTHER,DAYLIGHT,CLEAR,WET
13985,33325390,MONROE,Rochester,1,,N,43.1817440,-77.6302295,1/2/10,14:20,INJURY,1,0,2,COLLISION WITH MOTOR VEHICLE,UNKNOWN,NONE,DAYLIGHT,SNOW,SNOW/ICE
13985,33348335,MONROE,Rochester,1,,N,43.1309400,-77.6509100,1/29/10,10:56,PROPERTY DAMAGE AND INJURY,1,0,3,COLLISION WITH MOTOR VEHICLE,OTHER,TRAFFIC SIGNAL,DAYLIGHT,SNOW,SNOW/ICE
13985,33339349,MONROE,Rochester,1,,Y,43.1605880,-77.6049560,2/1/10,2:26,PROPERTY DAMAGE AND INJURY,1,0,1,COLLISION WITH SIGN POST,OTHER,NONE,DARK-ROAD LIGHTED,SNOW,SNOW/ICE
13985,33354886,MONROE,Rochester,1,,Y,43.1594190,-77.6367220,2/9/10,13:58,PROPERTY DAMAGE AND INJURY,1,0,2,COLLISION WITH MOTOR VEHICLE,RIGHT ANGLE,STOP SIGN,DAYLIGHT,CLOUDY,DRY
13985,33362360,MONROE,Rochester,1,,Y,43.1738520,-77.6590451,2/13/10,13:53,PROPERTY DAMAGE AND INJURY,2,0,2,COLLISION WITH MOTOR VEHICLE,RIGHT ANGLE,TRAFFIC SIGNAL,DAYLIGHT,CLEAR,DRY
13985,33336143,MONROE,Perinton,3,250 43011024,N,43.0692489,-77.4423660,2/6/10,12:06,PROPERTY DAMAGE AND INJURY,1,0,2,COLLISION WITH MOTOR VEHICLE,REAR END,TRAFFIC SIGNAL,DAYLIGHT,SNOW,WET
13985,33336090,MONROE,Brighton,3,252 43011047,Y,43.0923175,-77.6791040,2/10/10,17:27,PROPERTY DAMAGE AND INJURY,2,0,3,COLLISION WITH MOTOR VEHICLE,OTHER,TRAFFIC SIGNAL,DUSK,SNOW,WET
13985,33329732,MONROE,Penfield,3,250 43011103,Y,43.1819090,-77.4307320,2/3/10,0:09,PROPERTY DAMAGE AND INJURY,1,0,2,COLLISION WITH MOTOR VEHICLE,RIGHT ANGLE,TRAFFIC SIGNAL,DARK-ROAD LIGHTED,SNOW,SNOW/ICE
13985,33318351,MONROE,Irondequoit,3,104 43033004,N,43.1962349,-77.5772228,1/29/10,11:15,PROPERTY DAMAGE AND INJURY,1,0,2,COLLISION WITH MOTOR VEHICLE,REAR END,YIELD SIGN,DAYLIGHT,SNOW,SNOW/ICE
13985,33318088,MONROE,Greece,3,,Y,43.2311640,-77.6967500,1/28/10,17:04,PROPERTY DAMAGE AND INJURY,1,0,2,COLLISION WITH MOTOR VEHICLE,REAR END,TRAFFIC SIGNAL,DARK-ROAD LIGHTED,SNOW,SNOW/ICE
13985,33381545,MONROE,Rochester,1,,Y,43.1598400,-77.5734290,2/23/10,14:32,INJURY,1,0,2,COLLISION WITH MOTOR VEHICLE,UNKNOWN,STOP SIGN,DAYLIGHT,RAIN,WET
13985,33339728,MONROE,Rochester,1,,N,43.1758110,-77.5761770,1/26/10,13:32,INJURY,2,0,2,COLLISION WITH MOTOR VEHICLE,REAR END,TRAFFIC SIGNAL,DAYLIGHT,CLOUDY,DRY
13985,33303507,MONROE,East Rochester,4,,N,43.1112287,-77.4820057,1/11/10,3:15,INJURY,2,0,1,COLLISION WITH FIRE HYDRANT,OTHER,NONE,DARK-ROAD LIGHTED,CLEAR,SNOW/ICE
13985,33333599,MONROE,Webster,3,250 43011132,Y,43.2246750,-77.4287855,2/6/10,10:17,PROPERTY DAMAGE AND INJURY,1,0,1,COLLISION WITH OTHER FIXED OBJECT,OTHER,NONE,DAYLIGHT,SNOW,WET
13985,33285291,MONROE,Webster,3,104 43035267,N,43.2156031,-77.4428019,1/5/10,5:30,PROPERTY DAMAGE AND INJURY,1,0,2,COLLISION WITH MOTOR VEHICLE,OVERTAKING,NONE,DARK-ROAD UNLIGHTED,SNOW,SNOW/ICE
13985,33319955,MONROE,Rochester,1, 15 43032026,N,43.1488960,-77.6040959,1/13/10,8:10,INJURY,1,0,2,COLLISION WITH MOTOR VEHICLE,REAR END,NONE,DAYLIGHT,CLOUDY,WET
13985,33302707,MONROE,Chili,3,,N,43.1211695,-77.6517163,1/13/10,6:45,PROPERTY DAMAGE AND INJURY,1,0,3,COLLISION WITH MOTOR VEHICLE,OTHER,NONE,DARK-ROAD LIGHTED,CLOUDY,DRY
13985,33316169,MONROE,Rochester,1,,N,43.1232310,-77.6301280,1/3/10,7:26,PROPERTY DAMAGE AND INJURY,1,0,1,COLLISION WITH BRIDGE STRUCTURE,OTHER,NONE,DAWN,SNOW,SNOW/ICE
13985,33295221,MONROE,Ogden,3,,Y,43.1267130,-77.7962140,1/13/10,16:44,INJURY,1,0,2,COLLISION WITH MOTOR VEHICLE,RIGHT ANGLE,STOP SIGN,DAYLIGHT,CLOUDY,DRY
13985,33337514,MONROE,Henrietta,3,,N,43.0826630,-77.5819089,2/10/10,8:47,PROPERTY DAMAGE AND INJURY,3,0,3,COLLISION WITH MOTOR VEHICLE,OTHER,NONE,DAYLIGHT,SNOW,WET
13985,33358139,MONROE,Wheatland,3,,N,43.0170097,-77.8384924,2/22/10,22:08,INJURY,1,0,1,COLLISION WITH TREE,OTHER,NONE,DARK-ROAD UNLIGHTED,SNOW,SNOW/ICE
13985,33356888,MONROE,Webster,3,104 43035258,N,43.2140980,-77.4612430,2/16/10,16:20,PROPERTY DAMAGE AND INJURY,1,0,2,COLLISION WITH MOTOR VEHICLE,REAR END,YIELD SIGN,DAYLIGHT,SNOW,WET
13985,33294791,MONROE,Greece,3,390 43011036,N,43.2076419,-77.6756727,1/5/10,14:24,PROPERTY DAMAGE AND INJURY,1,0,1,COLLISION WITH GUIDERAIL - END,OTHER,NONE,DAYLIGHT,SNOW,SNOW/ICE
13985,33324708,MONROE,Rochester,1, 33 43032006,Y,43.1520390,-77.6598411,1/21/10,9:18,PROPERTY DAMAGE AND INJURY,1,0,2,COLLISION WITH MOTOR VEHICLE,UNKNOWN,OTHER,DAYLIGHT,CLEAR,DRY
13985,33316163,MONROE,Rochester,1,,N,43.1646330,-77.6466190,1/2/10,12:55,PROPERTY DAMAGE AND INJURY,1,0,1,COLLISION WITH CURBING,OTHER,NONE,DAYLIGHT,SNOW,SNOW/ICE
13985,33329867,MONROE,Henrietta,3,390I43031105,N,43.0769018,-77.6251411,1/30/10,8:16,INJURY,1,0,2,COLLISION WITH MOTOR VEHICLE,RIGHT ANGLE,NONE,DAYLIGHT,CLOUDY,SNOW/ICE
13985,33321302,MONROE,Rochester,1, 31 43032021,Y,43.1646230,-77.6339510,1/18/10,2:52,INJURY,1,0,1,COLLISION WITH FENCE,OTHER,TRAFFIC SIGNAL,DARK-ROAD LIGHTED,CLOUDY,WET
13985,33376091,MONROE,Penfield,3,104 43035057,Y,43.1898660,-77.5039131,2/22/10,19:30,PROPERTY DAMAGE AND INJURY,1,0,2,COLLISION WITH MOTOR VEHICLE,REAR END,TRAFFIC SIGNAL,DARK-ROAD LIGHTED,SNOW,SNOW/ICE
13985,33380726,MONROE,Rochester,1,,Y,43.1753090,-77.5999920,2/27/10,6:53,PROPERTY DAMAGE AND INJURY,1,0,1,COLLISION WITH TREE,OTHER,NONE,DAYLIGHT,SNOW,SNOW/ICE
13985,33337676,MONROE,Perinton,3, 31 43033082,N,43.0702757,-77.4475912,2/6/10,14:31,PROPERTY DAMAGE AND INJURY,1,0,2,COLLISION WITH MOTOR VEHICLE,RIGHT ANGLE,TRAFFIC SIGNAL,DAYLIGHT,SNOW,WET
13985,33316746,MONROE,Henrietta,3, 15A43041093,Y,43.0593580,-77.6124210,1/14/10,7:47,PROPERTY DAMAGE AND INJURY,1,0,2,COLLISION WITH MOTOR VEHICLE,RIGHT ANGLE,TRAFFIC SIGNAL,DAYLIGHT,CLEAR,DRY
13985,33365646,MONROE,Rochester,1,,Y,43.1978250,-77.6388130,2/18/10,20:08,INJURY,1,0,2,COLLISION WITH MOTOR VEHICLE,RIGHT ANGLE,STOP SIGN,DARK-ROAD LIGHTED,SNOW,SNOW/ICE
13985,33329955,MONROE,Pittsford,3,,N,43.0611047,-77.5502084,1/29/10,10:00,PROPERTY DAMAGE AND INJURY,1,0,1,COLL. W/EARTH ELE./ROCK CUT/DITCH,OTHER,NONE,DAYLIGHT,SNOW,SNOW/ICE
13985,33340387,MONROE,Rochester,1, 15A43042003,Y,43.1146840,-77.6162160,1/24/10,13:50,INJURY,1,0,2,COLLISION WITH MOTOR VEHICLE,REAR END,UNKNOWN,DAYLIGHT,CLOUDY,DRY