QUERYID,CASE #,REGN_CNTY_CDE,Municipality,MUNITYPE,REF_MRKR,ATINTERSECTION_IND,Lat,Long,,Time,Crash Type,Injuries,Fatalities,Number of Vehicles,ACCD_TYP,COLLISION_TYP,TRAF_CNTL,Light Condition,Weather Condition,Road Surface Condition
13985,33330216,MONROE,Henrietta,3,,N,43.0951850,-77.6020710,2/2/10,7:48,PROPERTY DAMAGE AND INJURY,1,0,4,COLLISION WITH MOTOR VEHICLE,OTHER,TRAFFIC SIGNAL,DAYLIGHT,CLOUDY,DRY
13985,33301438,MONROE,Rochester,1,940T43011006,N,43.1605697,-77.6130999,1/15/10,17:42,PROPERTY DAMAGE AND INJURY,1,0,2,COLLISION WITH MOTOR VEHICLE,REAR END,NONE,DARK-ROAD LIGHTED,CLOUDY,DRY
13985,33365650,MONROE,Rochester,1,,Y,43.1861840,-77.6388790,2/17/10,17:20,INJURY,1,0,2,COLLISION WITH MOTOR VEHICLE,RIGHT ANGLE,NONE,DUSK,SNOW,SNOW/ICE
13985,33352529,MONROE,Rochester,1, 31 43032006,N,43.1646610,-77.6632599,1/18/10,17:30,PROPERTY DAMAGE AND INJURY,1,0,2,COLLISION WITH MOTOR VEHICLE,REAR END,UNKNOWN,UNKNOWN,UNKNOWN,UNKNOWN
13985,33320142,MONROE,Rochester,1,,Y,43.1708040,-77.6008060,1/1/10,17:47,INJURY,1,0,2,COLLISION WITH MOTOR VEHICLE,REAR END,TRAFFIC SIGNAL,DARK-ROAD LIGHTED,SNOW,SNOW/ICE
13985,33318117,MONROE,Greece,3, 18 43031206,N,43.2518226,-77.6467906,1/18/10,14:30,INJURY,2,0,1,COLLISION WITH BUILDING/WALL,OTHER,NONE,DAYLIGHT,CLOUDY,DRY
13985,33339730,MONROE,Rochester,1,940M43011020,Y,43.1927070,-77.6292780,1/24/10,17:24,PROPERTY DAMAGE AND INJURY,1,0,2,COLLISION WITH MOTOR VEHICLE,RIGHT ANGLE,TRAFFIC SIGNAL,DARK-ROAD LIGHTED,RAIN,WET
13985,33352717,MONROE,Greece,3,,Y,43.2111612,-77.6959123,2/12/10,12:52,PROPERTY DAMAGE AND INJURY,1,0,3,COLLISION WITH MOTOR VEHICLE,OTHER,TRAFFIC SIGNAL,DAYLIGHT,CLOUDY,DRY
13985,33336918,MONROE,Brighton,3, 15A43041122,N,43.0999795,-77.6140620,2/11/10,17:00,INJURY,1,0,2,COLLISION WITH MOTOR VEHICLE,REAR END,TRAFFIC SIGNAL,DAYLIGHT,CLOUDY,DRY
13985,33345244,MONROE,Henrietta,3,252 43011069,N,43.0884622,-77.6380896,2/15/10,14:40,PROPERTY DAMAGE AND INJURY,2,0,3,COLLISION WITH MOTOR VEHICLE,OTHER,TRAFFIC SIGNAL,DAYLIGHT,CLEAR,DRY
13985,33347385,MONROE,Rochester,1,,N,43.1512853,-77.6028797,2/13/10,8:40,PROPERTY DAMAGE AND INJURY,1,0,1,COLLISION WITH GUIDE RAIL,OTHER,NONE,DAYLIGHT,CLOUDY,WET
13985,33361022,MONROE,Greece,3, 18 43031180,Y,43.2530210,-77.6964430,2/26/10,17:00,PROPERTY DAMAGE AND INJURY,1,0,2,COLLISION WITH MOTOR VEHICLE,REAR END,TRAFFIC SIGNAL,DAYLIGHT,SNOW,SNOW/ICE
13985,33293532,MONROE,Ogden,3, 31 43031123,N,43.1814985,-77.7993374,1/8/10,12:37,INJURY,1,0,2,COLLISION WITH MOTOR VEHICLE,REAR END,NO PASSING ZONE,DAYLIGHT,SNOW,SNOW/ICE
13985,33304118,MONROE,Rochester,1,390I43036001,N,43.1301991,-77.6607464,1/20/10,16:44,PROPERTY DAMAGE AND INJURY,2,0,2,COLLISION WITH MOTOR VEHICLE,REAR END,NONE,DAYLIGHT,CLOUDY,DRY
13985,33380724,MONROE,Rochester,1,,Y,43.1352680,-77.5924851,2/25/10,23:16,PROPERTY DAMAGE AND INJURY,1,0,1,COLLISION WITH CURBING,OTHER,NONE,DARK-ROAD LIGHTED,SNOW,SNOW/ICE
13985,33359592,MONROE,Pittsford,3, 31F43011008,Y,43.1094320,-77.5037650,2/25/10,17:41,PROPERTY DAMAGE AND INJURY,2,0,2,COLLISION WITH MOTOR VEHICLE,REAR END,NONE,DUSK,SLEET/HAIL/FREEZING RAIN,SNOW/ICE
13985,33353936,MONROE,Rochester,1,,Y,43.1632838,-77.5910694,2/12/10,20:50,INJURY,2,0,1,COLLISION WITH TREE,OTHER,NONE,DARK-ROAD LIGHTED,SNOW,WET
13985,33293467,MONROE,Rochester,1,,N,43.2035180,-77.5618440,1/7/10,14:59,PROPERTY DAMAGE AND INJURY,1,0,2,COLLISION WITH MOTOR VEHICLE,REAR END,TRAFFIC SIGNAL,DAYLIGHT,CLOUDY,WET
13985,33285160,MONROE,Gates,3,390 43011002,N,43.1583670,-77.6823450,1/2/10,23:27,PROPERTY DAMAGE AND INJURY,2,0,2,COLLISION WITH MOTOR VEHICLE,REAR END,NONE,DARK-ROAD LIGHTED,SNOW,SNOW/ICE
13985,33347809,MONROE,Henrietta,3,,Y,43.0685920,-77.6158010,2/19/10,12:14,PROPERTY DAMAGE AND INJURY,1,0,2,COLLISION WITH MOTOR VEHICLE,REAR END,NONE,DAYLIGHT,CLOUDY,WET
13985,33317461,MONROE,Henrietta,3,252 43011076,Y,43.0870440,-77.6247261,1/23/10,15:09,PROPERTY DAMAGE AND INJURY,1,0,2,COLLISION WITH MOTOR VEHICLE,RIGHT ANGLE,TRAFFIC SIGNAL,DAYLIGHT,CLEAR,DRY
13985,33303508,MONROE,Brighton,3, 31 43033013,N,43.1214056,-77.5589928,1/19/10,11:24,PROPERTY DAMAGE AND INJURY,1,0,1,COLLISION WITH BUILDING/WALL,OTHER,NONE,DAYLIGHT,CLOUDY,WET
13985,33357774,MONROE,Rochester,1,,Y,43.2002100,-77.5616841,2/11/10,16:04,INJURY,2,0,2,COLLISION WITH MOTOR VEHICLE,REAR END,NONE,DAYLIGHT,CLEAR,WET
13985,33304112,MONROE,Rush,3, 15A43041038,N,42.9903190,-77.6364268,1/14/10,20:00,PROPERTY DAMAGE AND INJURY,1,0,2,COLLISION WITH MOTOR VEHICLE,LEFT TURN (WITH OTHER CAR),TRAFFIC SIGNAL,DARK-ROAD LIGHTED,CLOUDY,DRY
13985,33336137,MONROE,Pittsford,3,490I43023025,N,43.1191140,-77.5129430,2/3/10,20:12,PROPERTY DAMAGE AND INJURY,1,0,1,COLLISION WITH MEDIAN/BARRIER,OTHER,NONE,DARK-ROAD LIGHTED,SNOW,SNOW/ICE
13985,33330984,MONROE,Irondequoit,3,,N,43.1959999,-77.6001360,2/3/10,16:15,INJURY,1,0,2,COLLISION WITH MOTOR VEHICLE,UNKNOWN,NONE,DAYLIGHT,SNOW,WET
13985,33337714,MONROE,Brighton,3, 31 43033009,Y,43.1264530,-77.5646080,2/13/10,18:43,PROPERTY DAMAGE AND INJURY,1,0,2,COLLISION WITH MOTOR VEHICLE,RIGHT ANGLE,TRAFFIC SIGNAL,DARK-ROAD LIGHTED,CLOUDY,DRY
13985,33330965,MONROE,East Rochester,4,,Y,43.1161730,-77.4783630,2/4/10,10:00,PROPERTY DAMAGE AND INJURY,1,0,2,COLLISION WITH MOTOR VEHICLE,REAR END,STOP SIGN,DAYLIGHT,CLEAR,WET
13985,33339486,MONROE,Rochester,1,,Y,43.1939110,-77.6586560,1/28/10,8:20,INJURY,1,0,2,COLLISION WITH MOTOR VEHICLE,REAR END,TRAFFIC SIGNAL,DAYLIGHT,SNOW,SNOW/ICE
13985,33363529,MONROE,Henrietta,3,252 43011097,N,43.0870460,-77.5819380,2/8/10,15:20,INJURY,1,0,2,COLLISION WITH MOTOR VEHICLE,REAR END,UNKNOWN,UNKNOWN,UNKNOWN,UNKNOWN
13985,33341365,MONROE,Brighton,3,590 43012000,N,43.1572023,-77.5388896,2/3/10,21:43,PROPERTY DAMAGE AND INJURY,1,0,6,COLLISION WITH MOTOR VEHICLE,OTHER,NONE,DARK-ROAD LIGHTED,CLOUDY,SNOW/ICE
13985,33338043,MONROE,Mendon,3,,N,42.9703932,-77.5598183,2/12/10,15:37,PROPERTY DAMAGE AND INJURY,1,0,3,COLLISION WITH MOTOR VEHICLE,OTHER,NONE,DAYLIGHT,SNOW,SNOW/ICE
13985,33332028,MONROE,Henrietta,3,252 43011083,N,43.0871530,-77.6102579,2/5/10,13:57,INJURY,1,0,2,COLLISION WITH MOTOR VEHICLE,REAR END,TRAFFIC SIGNAL,DAYLIGHT,CLOUDY,DRY
13985,33369404,MONROE,Sweden,3, 19 43041031,N,43.1772206,-77.9449148,2/25/10,9:09,INJURY,1,0,1,COLL. W/EARTH ELE./ROCK CUT/DITCH,OTHER,NONE,DAYLIGHT,SNOW,SNOW/ICE
13985,33338685,MONROE,Greece,3,,N,43.2097986,-77.6955743,2/3/10,17:55,PROPERTY DAMAGE AND INJURY,1,0,2,COLLISION WITH MOTOR VEHICLE,REAR END,NONE,DARK-ROAD LIGHTED,SNOW,WET
13985,33294335,MONROE,Pittsford,3, 65 43031111,Y,43.0872710,-77.5426350,1/7/10,8:15,PROPERTY DAMAGE AND INJURY,1,0,2,COLLISION WITH MOTOR VEHICLE,REAR END,TRAFFIC SIGNAL,DAWN,CLOUDY,WET
13985,33320592,MONROE,Rochester,1,,N,43.1493126,-77.5531752,1/5/10,18:50,INJURY,1,0,2,COLLISION WITH MOTOR VEHICLE,UNKNOWN,NONE,DARK-ROAD LIGHTED,SNOW,SNOW/ICE
13985,33339450,MONROE,Rochester,1,,Y,43.1325870,-77.6360000,1/16/10,12:03,PROPERTY DAMAGE AND INJURY,1,0,2,COLLISION WITH MOTOR VEHICLE,REAR END,NONE,DAYLIGHT,CLEAR,DRY
13985,33365792,MONROE,Rochester,1,,Y,43.1310010,-77.6453660,2/21/10,11:28,INJURY,1,0,2,COLLISION WITH MOTOR VEHICLE,UNKNOWN,STOP SIGN,DAYLIGHT,CLEAR,DRY
13985,33346800,MONROE,Sweden,3,,N,43.2112544,-77.8959377,2/16/10,19:12,PROPERTY DAMAGE AND INJURY,1,0,1,COLLISION WITH GUIDERAIL - END,OTHER,NONE,DARK-ROAD UNLIGHTED,CLOUDY,DRY
13985,33306233,MONROE,Pittsford,3,252 43011123,N,43.0871579,-77.5317007,1/21/10,16:00,PROPERTY DAMAGE AND INJURY,1,0,2,COLLISION WITH MOTOR VEHICLE,OVERTAKING,NONE,DAYLIGHT,CLOUDY,DRY
13985,33292991,MONROE,Penfield,3,441 43011121,N,43.1268095,-77.4988239,1/5/10,19:54,PROPERTY DAMAGE AND INJURY,2,0,1,COLLISION WITH GUIDE RAIL,OTHER,NONE,DARK-ROAD LIGHTED,SNOW,SNOW/ICE
13985,33365420,MONROE,Rochester,1,104 43032014,N,43.1982145,-77.6344155,2/13/10,2:11,INJURY,1,0,1,COLLISION WITH PEDESTRIAN,OTHER,NONE,DARK-ROAD LIGHTED,CLOUDY,WET
13985,33329264,MONROE,Brighton,3,,Y,43.1257030,-77.5896880,2/1/10,7:57,PROPERTY DAMAGE AND INJURY,2,0,2,COLLISION WITH MOTOR VEHICLE,LEFT TURN (AGAINST OTHER CAR),STOP SIGN,DAYLIGHT,CLOUDY,WET
13985,33296507,MONROE,Brighton,3, 65 43031139,Y,43.1270160,-77.5467921,1/8/10,13:54,INJURY,1,0,3,COLLISION WITH MOTOR VEHICLE,OTHER,TRAFFIC SIGNAL,DAYLIGHT,SNOW,WET
13985,33340649,MONROE,Rochester,1,,Y,43.1609880,-77.5750250,1/29/10,17:38,INJURY,1,0,1,COLLISION WITH BICYCLIST,OTHER,NONE,DARK-ROAD LIGHTED,SNOW,SNOW/ICE
13985,33376650,MONROE,Pittsford,3, 64 43021101,N,43.0835871,-77.5198412,2/27/10,13:06,PROPERTY DAMAGE AND INJURY,1,0,3,COLLISION WITH MOTOR VEHICLE,OTHER,NONE,DAYLIGHT,SNOW,WET
13985,33349811,MONROE,Rochester,1,,Y,43.2334300,-77.6249399,1/24/10,0:14,PROPERTY DAMAGE AND INJURY,1,0,1,COLLISION WITH CURBING,OTHER,UNKNOWN,UNKNOWN,UNKNOWN,UNKNOWN
13985,33321277,MONROE,Rochester,1,940M43011013,Y,43.1826200,-77.6315960,1/19/10,15:25,PROPERTY DAMAGE AND INJURY,1,0,4,COLLISION WITH MOTOR VEHICLE,OTHER,NONE,DAYLIGHT,CLEAR,DRY
13985,33338309,MONROE,Henrietta,3, 15A43041114,N,43.0885784,-77.6097745,2/12/10,15:55,INJURY,1,0,2,COLLISION WITH MOTOR VEHICLE,RIGHT ANGLE,NONE,DAYLIGHT,CLEAR,DRY
13985,33287390,MONROE,Irondequoit,3,590 43013008,N,43.1781309,-77.5426961,1/5/10,19:30,PROPERTY DAMAGE AND INJURY,1,0,2,COLLISION WITH MOTOR VEHICLE,OVERTAKING,NONE,DARK-ROAD LIGHTED,SNOW,SNOW/ICE
13985,33360287,MONROE,Greece,3,,N,43.2553645,-77.6653868,2/2/10,8:26,INJURY,1,0,2,COLLISION WITH MOTOR VEHICLE,SIDESWIPE,NONE,DAYLIGHT,CLOUDY,DRY
13985,33285262,MONROE,Clarkson,3,260 43011042,N,43.2569512,-77.8787963,1/2/10,14:46,PROPERTY DAMAGE AND INJURY,1,0,1,COLL. W/LIGHT SUPPORT/UTILITY POLE,OTHER,NONE,DAYLIGHT,SNOW,SNOW/ICE
13985,33365110,MONROE,Brighton,3, 15A43041127,Y,43.1060250,-77.6159059,2/15/10,,INJURY,1,0,2,COLLISION WITH MOTOR VEHICLE,REAR END,NONE,DUSK,CLEAR,DRY
13985,33333588,MONROE,Parma,3,,N,43.3103722,-77.7943187,2/8/10,14:26,PROPERTY DAMAGE AND INJURY,2,0,2,COLLISION WITH MOTOR VEHICLE,RIGHT ANGLE,STOP SIGN,DAYLIGHT,CLEAR,DRY
13985,33330503,MONROE,Chili,3,490I43021095,N,43.0969637,-77.7967104,2/3/10,13:00,INJURY,1,0,1,COLLISION WITH GUIDE RAIL,OTHER,NONE,DAYLIGHT,SNOW,SNOW/ICE
13985,33319552,MONROE,Brighton,3,390I43031134,N,43.1092892,-77.6025851,1/30/10,8:13,PROPERTY DAMAGE AND INJURY,2,0,4,COLLISION WITH GUIDE RAIL,OTHER,NONE,DAYLIGHT,CLOUDY,SNOW/ICE
13985,33426959,MONROE,Parma,3,104 43031101,N,43.2180433,-77.8061421,2/18/10,2:05,PROPERTY DAMAGE AND INJURY,2,0,2,COLLISION WITH MOTOR VEHICLE,SIDESWIPE,NONE,DARK-ROAD UNLIGHTED,SNOW,SNOW/ICE
13985,33353942,MONROE,Rochester,1,,Y,43.1806630,-77.6050050,2/12/10,14:09,INJURY,1,0,2,COLLISION WITH MOTOR VEHICLE,RIGHT ANGLE,STOP SIGN,DAYLIGHT,CLEAR,DRY
13985,33339327,MONROE,Rochester,1,,N,43.1873365,-77.6303659,1/26/10,8:58,INJURY,1,0,2,COLLISION WITH MOTOR VEHICLE,UNKNOWN,NONE,DAYLIGHT,SNOW,SNOW/ICE
13985,33283591,MONROE,Henrietta,3,,N,43.0333472,-77.6470218,1/2/10,15:20,PROPERTY DAMAGE AND INJURY,2,0,1,COLLISION WITH OTHER,OTHER,NONE,DAYLIGHT,SNOW,SNOW/ICE
13985,33380721,MONROE,Rochester,1,,N,43.1876056,-77.5770382,2/26/10,13:02,PROPERTY DAMAGE AND INJURY,1,0,2,COLLISION WITH MOTOR VEHICLE,REAR END,TRAFFIC SIGNAL,DAYLIGHT,SNOW,SNOW/ICE
13985,33359330,MONROE,Brighton,3,441 43011102,N,43.1292788,-77.5262203,2/25/10,13:50,PROPERTY DAMAGE AND INJURY,2,0,3,COLLISION WITH MOTOR VEHICLE,OTHER,TRAFFIC SIGNAL,DAYLIGHT,SNOW,WET
13985,33338384,MONROE,Henrietta,3, 15 43031063,Y,43.0257353,-77.6684291,2/11/10,2:45,INJURY,1,0,1,COLLISION WITH TREE,OTHER,NONE,DARK-ROAD UNLIGHTED,CLOUDY,WET
13985,33389545,MONROE,Rochester,1,490I43022068,N,43.1435630,-77.5487520,1/30/10,9:20,PROPERTY DAMAGE AND INJURY,1,0,2,COLLISION WITH GUIDE RAIL,UNKNOWN,NONE,DAYLIGHT,CLOUDY,SNOW/ICE
13985,33353911,MONROE,Rochester,1,,Y,43.1584300,-77.6154310,2/13/10,11:09,PROPERTY DAMAGE AND INJURY,1,0,2,COLLISION WITH MOTOR VEHICLE,LEFT TURN (AGAINST OTHER CAR),TRAFFIC SIGNAL,DAYLIGHT,CLEAR,DRY
13985,33310058,MONROE,Gates,3,204 43011030,N,43.1307462,-77.6660262,1/25/10,4:33,INJURY,1,0,2,COLLISION WITH MOTOR VEHICLE,OVERTAKING,NONE,DARK-ROAD LIGHTED,RAIN,WET
13985,33349466,MONROE,Greece,3,104 43031150,N,43.2110356,-77.7105307,1/31/10,14:25,PROPERTY DAMAGE AND INJURY,1,0,2,COLLISION WITH MOTOR VEHICLE,REAR END,NONE,DAYLIGHT,CLEAR,DRY
13985,33359127,MONROE,Greece,3,390 43011036,N,43.2078005,-77.6759253,2/23/10,13:16,PROPERTY DAMAGE AND INJURY,1,0,2,COLLISION WITH GUIDE RAIL,LEFT TURN (WITH OTHER CAR),NONE,DAYLIGHT,CLOUDY,WET
13985,33320591,MONROE,Rochester,1,,N,43.1464210,-77.5547779,1/5/10,18:01,PROPERTY DAMAGE AND INJURY,1,0,2,COLLISION WITH MOTOR VEHICLE,RIGHT ANGLE,NONE,DARK-ROAD LIGHTED,SNOW,SNOW/ICE
13985,33376693,MONROE,Pittsford,3, 31F43011000,N,43.1167216,-77.5165807,2/26/10,17:53,INJURY,1,0,2,COLLISION WITH MOTOR VEHICLE,REAR END,TRAFFIC SIGNAL,DUSK,CLOUDY,SNOW/ICE
13985,33337951,MONROE,Henrietta,3,252 43011066,N,43.0897317,-77.6426543,2/12/10,20:35,PROPERTY DAMAGE AND INJURY,2,0,2,COLLISION WITH MOTOR VEHICLE,LEFT TURN (WITH OTHER CAR),TRAFFIC SIGNAL,DARK-ROAD LIGHTED,CLOUDY,DRY
13985,33361323,MONROE,Perinton,3,,N,43.1124081,-77.4679790,2/26/10,17:28,PROPERTY DAMAGE AND INJURY,1,0,3,COLLISION WITH MOTOR VEHICLE,OTHER,NONE,DAYLIGHT,SNOW,SNOW/ICE
13985,33346695,MONROE,Pittsford,3, 65 43031076,N,43.0435816,-77.5714125,2/17/10,16:48,INJURY,1,0,2,COLLISION WITH MOTOR VEHICLE,REAR END,NONE,DAYLIGHT,SNOW,SNOW/ICE
13985,33339453,MONROE,Rochester,1,,Y,43.1697450,-77.5951530,1/27/10,15:17,INJURY,1,0,2,COLLISION WITH MOTOR VEHICLE,REAR END,TRAFFIC SIGNAL,DAYLIGHT,CLOUDY,DRY
13985,33336093,MONROE,Brighton,3, 15A43041128,N,43.1080070,-77.6159370,2/10/10,16:29,INJURY,1,0,2,COLLISION WITH MOTOR VEHICLE,LEFT TURN (WITH OTHER CAR),TRAFFIC SIGNAL,DAYLIGHT,SNOW,WET
13985,33333587,MONROE,Henrietta,3, 15A43041103,N,43.0728911,-77.6070115,2/8/10,7:53,PROPERTY DAMAGE AND INJURY,1,0,2,COLLISION WITH MOTOR VEHICLE,REAR END,NONE,DAYLIGHT,CLEAR,WET
13985,33301839,MONROE,Sweden,3, 31 43031057,Y,43.1982500,-77.9222901,1/16/10,6:01,PROPERTY DAMAGE AND INJURY,1,0,1,COLL. W/LIGHT SUPPORT/UTILITY POLE,OTHER,TRAFFIC SIGNAL,DARK-ROAD LIGHTED,CLEAR,DRY
13985,33339122,MONROE,Rochester,1,104 43032008,N,43.2022078,-77.6436727,2/2/10,13:14,INJURY,1,0,1,COLLISION WITH PEDESTRIAN,OTHER,NONE,DAYLIGHT,CLOUDY,SNOW/ICE
13985,33318502,MONROE,Rush,3,390I43031007,N,42.9501130,-77.6969930,1/29/10,9:27,PROPERTY DAMAGE AND INJURY,1,0,2,COLLISION WITH MOTOR VEHICLE,REAR END,NONE,DAYLIGHT,CLOUDY,SNOW/ICE
13985,33311275,MONROE,Brighton,3,,N,43.1267210,-77.5559200,1/23/10,8:50,INJURY,1,0,1,COLLISION WITH PEDESTRIAN,OTHER,NONE,DAYLIGHT,CLEAR,UNKNOWN
13985,33339460,MONROE,Rochester,1,,N,43.1939120,-77.6594650,1/28/10,8:15,PROPERTY DAMAGE AND INJURY,1,0,2,COLLISION WITH MOTOR VEHICLE,RIGHT ANGLE,TRAFFIC SIGNAL,DAYLIGHT,SNOW,SNOW/ICE
13985,33361300,MONROE,Brighton,3,390I43031131,N,43.1055868,-77.6010678,2/18/10,11:23,INJURY,1,0,1,COLLISION WITH GUIDE RAIL,OTHER,NONE,DAYLIGHT,CLOUDY,SNOW/ICE
13985,33344428,MONROE,Pittsford,3, 65 43031073,Y,43.0394650,-77.5753311,2/12/10,8:15,PROPERTY DAMAGE AND INJURY,1,0,1,COLL. W/EARTH ELE./ROCK CUT/DITCH,OTHER,STOP SIGN,DAYLIGHT,CLOUDY,DRY
13985,33288304,MONROE,Ogden,3,259 43011054,N,43.1708297,-77.8048161,1/4/10,12:53,PROPERTY DAMAGE AND INJURY,1,0,2,COLLISION WITH MOTOR VEHICLE,REAR END,NONE,DAYLIGHT,CLOUDY,WET
13985,33354916,MONROE,Rochester,1,,Y,43.2283667,-77.6265395,2/6/10,11:10,PROPERTY DAMAGE AND INJURY,1,0,2,COLLISION WITH MOTOR VEHICLE,REAR END,NONE,DAYLIGHT,SNOW,WET
13985,33319554,MONROE,Henrietta,3,390I43031110,N,43.0806096,-77.6165531,1/30/10,6:59,PROPERTY DAMAGE AND INJURY,1,0,1,COLLISION WITH FENCE,OTHER,NONE,DARK-ROAD UNLIGHTED,CLEAR,SNOW/ICE
13985,33340388,MONROE,Rochester,1,,Y,43.1813370,-77.5804730,1/24/10,14:01,PROPERTY DAMAGE AND INJURY,1,0,2,COLLISION WITH MOTOR VEHICLE,RIGHT ANGLE,STOP SIGN,DAYLIGHT,CLEAR,DRY
13985,33343613,MONROE,Rochester,1,,Y,43.1338220,-77.6360010,2/2/10,7:00,INJURY,1,0,1,COLLISION WITH PEDESTRIAN,OTHER,NONE,DARK-ROAD LIGHTED,CLOUDY,DRY
13985,33332928,MONROE,Irondequoit,3,590 43013006,N,43.1755295,-77.5421716,2/5/10,9:30,PROPERTY DAMAGE AND INJURY,1,0,1,COLLISION WITH GUIDERAIL - END,OTHER,NONE,DAYLIGHT,CLOUDY,SNOW/ICE
13985,33339447,MONROE,Rochester,1,,N,43.1983081,-77.6176907,1/29/10,4:10,PROPERTY DAMAGE AND INJURY,2,0,1,COLL. W/LIGHT SUPPORT/UTILITY POLE,OTHER,NONE,DAWN,SNOW,SNOW/ICE
13985,33302533,MONROE,Greece,3,,Y,43.1869140,-77.7015110,1/13/10,16:05,PROPERTY DAMAGE AND INJURY,2,0,2,COLLISION WITH MOTOR VEHICLE,HEAD ON,TRAFFIC SIGNAL,DAYLIGHT,CLOUDY,DRY
13985,33320593,MONROE,Rochester,1,,Y,43.1593380,-77.5965120,1/4/10,19:22,INJURY,1,0,2,COLLISION WITH MOTOR VEHICLE,REAR END,TRAFFIC SIGNAL,DARK-ROAD LIGHTED,SNOW,SNOW/ICE
13985,33318703,MONROE,Rochester,1,,Y,43.1593770,-77.6541250,1/6/10,18:32,INJURY,1,0,2,COLLISION WITH MOTOR VEHICLE,OTHER,TRAFFIC SIGNAL,DARK-ROAD LIGHTED,CLEAR,SNOW/ICE
13985,33283453,MONROE,Rochester,1,490I43022038,N,43.1485047,-77.6027041,1/2/10,8:53,PROPERTY DAMAGE AND INJURY,1,0,1,COLLISION WITH GUIDE RAIL,OTHER,NONE,DAYLIGHT,CLOUDY,SNOW/ICE
13985,33367816,MONROE,Rochester,1,,N,43.1868036,-77.5762453,2/19/10,14:08,PROPERTY DAMAGE AND INJURY,1,0,2,COLLISION WITH MOTOR VEHICLE,RIGHT ANGLE,NONE,DAYLIGHT,CLOUDY,WET
13985,33333160,MONROE,Ogden,3, 33 43031096,Y,43.1382680,-77.7571160,2/7/10,22:07,INJURY,1,0,1,COLLISION WITH DEER,OTHER,NONE,DARK-ROAD LIGHTED,CLEAR,DRY
13985,33302902,MONROE,Perinton,3,,N,43.0485313,-77.4850720,1/4/10,17:57,PROPERTY DAMAGE AND INJURY,1,0,1,COLLISION WITH DEER,OTHER,NONE,DARK-ROAD UNLIGHTED,CLEAR,WET
13985,33292391,MONROE,Parma,3,104 43031114,N,43.2186801,-77.7799109,1/9/10,8:25,INJURY,1,0,1,COLL. W/LIGHT SUPPORT/UTILITY POLE,OTHER,NONE,DAYLIGHT,SNOW,SNOW/ICE
13985,33360816,MONROE,Gates,3,531 43011013,N,43.1584280,-77.7322997,2/27/10,7:44,PROPERTY DAMAGE AND INJURY,1,0,2,COLLISION WITH MOTOR VEHICLE,REAR END,TRAFFIC SIGNAL,DAYLIGHT,SNOW,SNOW/ICE
13985,33318126,MONROE,Greece,3,,N,43.2310947,-77.6583217,1/21/10,19:00,INJURY,2,0,2,COLLISION WITH MOTOR VEHICLE,REAR END,NONE,DARK-ROAD UNLIGHTED,CLOUDY,DRY
13985,33325620,MONROE,Rochester,1,,Y,43.1701020,-77.6117540,1/10/10,15:07,PROPERTY DAMAGE AND INJURY,1,0,3,COLLISION WITH MOTOR VEHICLE,OTHER,TRAFFIC SIGNAL,DAYLIGHT,CLEAR,WET
13985,33340394,MONROE,Rochester,1,,Y,43.1586330,-77.5998450,1/21/10,16:10,PROPERTY DAMAGE AND INJURY,1,0,2,COLLISION WITH MOTOR VEHICLE,REAR END,NONE,DAYLIGHT,CLEAR,DRY
13985,33364461,MONROE,Rochester,1,,Y,43.1793120,-77.6394599,1/8/10,1:19,INJURY,1,0,2,COLLISION WITH MOTOR VEHICLE,HEAD ON,NONE,DARK-ROAD LIGHTED,SLEET/HAIL/FREEZING RAIN,WET
13985,33329425,MONROE,Webster,3,,N,43.2226017,-77.5115928,1/29/10,7:41,PROPERTY DAMAGE AND INJURY,1,0,1,COLL. W/LIGHT SUPPORT/UTILITY POLE,OTHER,NONE,DAYLIGHT,SNOW,SNOW/ICE
13985,33319841,MONROE,Rochester,1,,Y,43.1546800,-77.5978489,1/9/10,10:30,PROPERTY DAMAGE AND INJURY,1,0,2,COLLISION WITH MOTOR VEHICLE,RIGHT ANGLE,TRAFFIC SIGNAL,DAYLIGHT,SNOW,SNOW/ICE
13985,33306246,MONROE,Brighton,3, 31 43033014,N,43.1199985,-77.5574341,1/22/10,15:51,PROPERTY DAMAGE AND INJURY,1,0,2,COLLISION WITH MOTOR VEHICLE,HEAD ON,NONE,DAYLIGHT,CLEAR,DRY
13985,33340642,MONROE,Rochester,1,,N,43.1236532,-77.6311529,1/30/10,1:35,INJURY,1,0,1,COLLISION WITH BRIDGE STRUCTURE,OTHER,NONE,DARK-ROAD LIGHTED,SNOW,SNOW/ICE
13985,33340644,MONROE,Rochester,1, 31 43032019,Y,43.1646280,-77.6388650,1/29/10,10:41,INJURY,1,0,2,COLLISION WITH MOTOR VEHICLE,REAR END,TRAFFIC SIGNAL,DAYLIGHT,SNOW,SNOW/ICE