QUERYID,CASE #,REGN_CNTY_CDE,Municipality,MUNITYPE,REF_MRKR,ATINTERSECTION_IND,Lat,Long,,Time,Crash Type,Injuries,Fatalities,Number of Vehicles,ACCD_TYP,COLLISION_TYP,TRAF_CNTL,Light Condition,Weather Condition,Road Surface Condition
13985,33361305,MONROE,Irondequoit,3,,Y,43.2106420,-77.5994880,2/25/10,17:00,INJURY,1,0,2,COLLISION WITH MOTOR VEHICLE,REAR END,NONE,DAYLIGHT,SNOW,SNOW/ICE
13985,33288421,MONROE,Brighton,3, 96 43051093,N,43.1350855,-77.5362969,1/7/10,7:55,PROPERTY DAMAGE AND INJURY,1,0,2,COLLISION WITH MOTOR VEHICLE,RIGHT ANGLE,NONE,DAYLIGHT,CLOUDY,WET
13985,33376310,MONROE,Rochester,1,,Y,43.2416380,-77.6202390,2/26/10,22:57,PROPERTY DAMAGE AND INJURY,1,0,2,COLLISION WITH MOTOR VEHICLE,RIGHT ANGLE,TRAFFIC SIGNAL,DARK-ROAD LIGHTED,CLOUDY,SNOW/ICE
13985,33357173,MONROE,Ogden,3, 31 43031138,N,43.1808935,-77.7701242,2/22/10,22:30,PROPERTY DAMAGE AND INJURY,1,0,2,COLLISION WITH MOTOR VEHICLE,HEAD ON,NONE,DARK-ROAD UNLIGHTED,SNOW,SLUSH
13985,33361018,MONROE,Greece,3,,N,43.2384602,-77.6958979,2/8/10,16:16,INJURY,1,0,2,COLLISION WITH MOTOR VEHICLE,RIGHT ANGLE,NONE,DAYLIGHT,CLEAR,DRY
13985,33318155,MONROE,Greece,3,,N,43.2374691,-77.6591177,1/28/10,17:33,INJURY,1,0,2,COLLISION WITH MOTOR VEHICLE,REAR END,TRAFFIC SIGNAL,DUSK,SNOW,SNOW/ICE
13985,33323816,MONROE,Rochester,1,,N,43.1425670,-77.5568891,1/17/10,14:45,PROPERTY DAMAGE AND INJURY,1,0,2,COLLISION WITH MOTOR VEHICLE,RIGHT ANGLE,NONE,DAYLIGHT,CLEAR,DRY
13985,33332039,MONROE,Irondequoit,3,941B43011005,Y,43.1767010,-77.5477360,2/4/10,14:32,PROPERTY DAMAGE AND INJURY,2,0,2,COLLISION WITH MOTOR VEHICLE,LEFT TURN (AGAINST OTHER CAR),NONE,DAYLIGHT,CLOUDY,DRY
13985,33353904,MONROE,Rochester,1,,N,43.1686783,-77.5900609,2/13/10,21:20,PROPERTY DAMAGE AND INJURY,1,0,2,COLLISION WITH MOTOR VEHICLE,REAR END,NONE,DARK-ROAD LIGHTED,SNOW,WET
13985,33293180,MONROE,Penfield,3,,N,43.1602947,-77.4498220,1/8/10,16:55,PROPERTY DAMAGE AND INJURY,2,0,3,COLLISION WITH MOTOR VEHICLE,OTHER,STOP SIGN,DARK-ROAD LIGHTED,SNOW,SNOW/ICE
13985,33339488,MONROE,Rochester,1,,Y,43.1753730,-77.5951410,1/30/10,18:47,INJURY,1,0,2,COLLISION WITH MOTOR VEHICLE,RIGHT ANGLE,TRAFFIC SIGNAL,DARK-ROAD LIGHTED,CLEAR,SNOW/ICE
13985,33318930,MONROE,Brighton,3,,N,43.0965200,-77.5816904,1/28/10,16:19,PROPERTY DAMAGE AND INJURY,1,0,3,COLLISION WITH MOTOR VEHICLE,OTHER,NONE,DUSK,SNOW,SNOW/ICE
13985,33306248,MONROE,Penfield,3,,N,43.1787230,-77.4004009,1/21/10,7:36,PROPERTY DAMAGE AND INJURY,3,0,1,COLLISION WITH TREE,OTHER,NONE,DAYLIGHT,CLOUDY,DRY
13985,33319008,MONROE,Rochester,1,490I43022066,N,43.1444902,-77.5528020,1/29/10,19:00,PROPERTY DAMAGE AND INJURY,1,0,2,COLLISION WITH GUIDE RAIL,REAR END,NONE,DARK-ROAD LIGHTED,SNOW,SNOW/ICE
13985,33359981,MONROE,Rush,3, 15A43041038,N,42.9903922,-77.6370518,2/22/10,23:49,PROPERTY DAMAGE AND INJURY,1,0,1,COLLISION WITH FIRE HYDRANT,OTHER,NONE,DARK-ROAD LIGHTED,SNOW,SNOW/ICE
13985,33346159,MONROE,Penfield,3,104 43035051,N,43.1825269,-77.5077991,2/15/10,8:07,PROPERTY DAMAGE AND INJURY,1,0,2,COLLISION WITH MOTOR VEHICLE,REAR END,TRAFFIC SIGNAL,DAYLIGHT,CLOUDY,DRY
13985,33339124,MONROE,Rochester,1,,Y,43.1608760,-77.5896660,2/1/10,18:17,INJURY,1,0,1,COLLISION WITH PEDESTRIAN,OTHER,TRAFFIC SIGNAL,DARK-ROAD LIGHTED,CLEAR,DRY
13985,33391110,MONROE,Rochester,1, 31 43032004,Y,43.1646760,-77.6687809,2/25/10,17:15,INJURY,1,0,2,COLLISION WITH MOTOR VEHICLE,REAR END,UNKNOWN,UNKNOWN,UNKNOWN,UNKNOWN
13985,33283459,MONROE,Rochester,1,490I43022007,N,43.1572240,-77.6595530,1/2/10,11:03,PROPERTY DAMAGE AND INJURY,1,0,2,COLLISION WITH MOTOR VEHICLE,OVERTAKING,NONE,DAYLIGHT,SNOW,SNOW/ICE
13985,33293009,MONROE,Mendon,3,,N,43.0258720,-77.5462550,1/8/10,7:00,PROPERTY DAMAGE AND INJURY,3,0,2,COLLISION WITH MOTOR VEHICLE,LEFT TURN (AGAINST OTHER CAR),STOP SIGN,DARK-ROAD UNLIGHTED,CLOUDY,SNOW/ICE
13985,33368525,MONROE,Brighton,3,390I43031149,N,43.1140281,-77.6290279,2/26/10,14:21,PROPERTY DAMAGE AND INJURY,2,0,1,COLLISION WITH OTHER,OTHER,NONE,DAYLIGHT,SNOW,SLUSH
13985,33349924,MONROE,Rochester,1,,Y,43.1807893,-77.5618518,1/26/10,9:27,PROPERTY DAMAGE AND INJURY,1,0,2,COLLISION WITH MOTOR VEHICLE,RIGHT ANGLE,NONE,DAYLIGHT,CLOUDY,DRY
13985,33370032,MONROE,Perinton,3,,Y,43.1076800,-77.4639020,2/25/10,9:20,PROPERTY DAMAGE AND INJURY,1,0,2,COLLISION WITH MOTOR VEHICLE,LEFT TURN (AGAINST OTHER CAR),STOP SIGN,DAYLIGHT,SNOW,WET
13985,33356879,MONROE,Penfield,3,441 43011035,N,43.1300744,-77.4758822,2/18/10,17:15,PROPERTY DAMAGE AND INJURY,2,0,2,COLLISION WITH MOTOR VEHICLE,LEFT TURN (AGAINST OTHER CAR),TRAFFIC SIGNAL,DAYLIGHT,CLOUDY,WET
13985,33352119,MONROE,Rochester,1,490I43023000,N,43.1431880,-77.5479460,1/31/10,,PROPERTY DAMAGE AND INJURY,1,0,1,COLLISION WITH MEDIAN/BARRIER,OTHER,UNKNOWN,UNKNOWN,UNKNOWN,SNOW/ICE
13985,33365794,MONROE,Rochester,1, 33 43032025,Y,43.1524600,-77.6266271,2/22/10,0:15,PROPERTY DAMAGE AND INJURY,1,0,2,COLLISION WITH MOTOR VEHICLE,REAR END,TRAFFIC SIGNAL,DARK-ROAD LIGHTED,CLEAR,DRY
13985,33302365,MONROE,Webster,3,104 43035071,Y,43.2039970,-77.4859500,1/16/10,7:12,PROPERTY DAMAGE AND INJURY,1,0,2,COLLISION WITH MOTOR VEHICLE,REAR END,NONE,DAWN,CLOUDY,DRY
13985,33300779,MONROE,Chili,3,490I43021122,N,43.1196620,-77.7554061,1/13/10,13:18,PROPERTY DAMAGE AND INJURY,1,0,1,COLLISION WITH TREE,OTHER,NONE,DAYLIGHT,CLOUDY,DRY
13985,33361304,MONROE,Gates,3, 31 43031150,N,43.1766576,-77.7466498,2/28/10,4:13,PROPERTY DAMAGE AND INJURY,1,0,1,COLLISION WITH SNOW EMBANKMENT,OTHER,NONE,DARK-ROAD LIGHTED,CLEAR,WET
13985,33320105,MONROE,Rochester,1,,N,43.1950436,-77.6093365,1/8/10,14:42,INJURY,1,0,1,COLLISION WITH PEDESTRIAN,OTHER,NONE,DAYLIGHT,SNOW,SNOW/ICE
13985,33372135,MONROE,Rochester,1,,N,43.1826010,-77.6370230,2/26/10,9:40,PROPERTY DAMAGE AND INJURY,1,0,2,COLLISION WITH MOTOR VEHICLE,UNKNOWN,STOP SIGN,DAYLIGHT,SNOW,SNOW/ICE
13985,33354878,MONROE,Rochester,1,,N,43.1550626,-77.5500462,2/10/10,16:28,PROPERTY DAMAGE AND INJURY,2,0,2,COLLISION WITH MOTOR VEHICLE,UNKNOWN,NONE,DAYLIGHT,CLOUDY,SNOW/ICE
13985,33329757,MONROE,Rochester,1,490I43022044,N,43.1422147,-77.5959945,1/30/10,8:05,PROPERTY DAMAGE AND INJURY,1,0,1,COLL. W/EARTH ELE./ROCK CUT/DITCH,OTHER,NONE,DAYLIGHT,CLEAR,SNOW/ICE
13985,33287638,MONROE,Chili,3,383 43011130,N,43.0970559,-77.6787536,1/5/10,17:27,INJURY,1,0,1,COLLISION WITH GUIDE RAIL,OTHER,NONE,DARK-ROAD LIGHTED,SNOW,SNOW/ICE
13985,33309990,MONROE,Hamlin,3, 18 43031012,N,43.2959376,-77.9745738,1/23/10,21:52,PROPERTY DAMAGE AND INJURY,1,0,1,COLLISION WITH TREE,OTHER,NONE,DARK-ROAD UNLIGHTED,CLEAR,DRY
13985,33365647,MONROE,Rochester,1,,Y,43.1861840,-77.6388790,2/17/10,17:30,INJURY,1,0,2,COLLISION WITH MOTOR VEHICLE,REAR END,NONE,DAYLIGHT,SLEET/HAIL/FREEZING RAIN,SNOW/ICE
13985,33374112,MONROE,Rochester,1,,N,43.1924031,-77.5999123,2/23/10,15:26,INJURY,1,0,1,COLLISION WITH MOTOR VEHICLE,OTHER,TRAFFIC SIGNAL,DAYLIGHT,RAIN,WET
13985,33338392,MONROE,Henrietta,3,252 43011076,Y,43.0870440,-77.6247261,2/10/10,23:57,INJURY,1,0,2,COLLISION WITH MOTOR VEHICLE,REAR END,TRAFFIC SIGNAL,DARK-ROAD LIGHTED,CLOUDY,WET
13985,33295095,MONROE,Henrietta,3,,N,43.0477011,-77.6514078,1/13/10,0:12,PROPERTY DAMAGE AND INJURY,1,0,1,COLLISION WITH GUIDE RAIL,OTHER,NONE,DARK-ROAD UNLIGHTED,CLOUDY,DRY
13985,33371346,MONROE,Penfield,3,,Y,43.1424320,-77.4755640,2/22/10,19:05,PROPERTY DAMAGE AND INJURY,1,0,1,COLL. W/LIGHT SUPPORT/UTILITY POLE,OTHER,NONE,DARK-ROAD LIGHTED,SNOW,SNOW/ICE
13985,33372137,MONROE,Rochester,1,104 43032006,N,43.2029758,-77.6485625,2/25/10,17:30,PROPERTY DAMAGE AND INJURY,1,0,1,COLLISION WITH CURBING,OTHER,NONE,DUSK,SNOW,SNOW/ICE
13985,33336106,MONROE,Perinton,3,,N,43.1076768,-77.4639023,2/3/10,7:05,PROPERTY DAMAGE AND INJURY,1,0,3,COLLISION WITH MOTOR VEHICLE,OTHER,NONE,DAWN,CLOUDY,SNOW/ICE
13985,33376601,MONROE,Penfield,3,441 43011125,N,43.1278266,-77.4920491,2/27/10,8:00,PROPERTY DAMAGE AND INJURY,1,0,1,COLLISION WITH GUIDE RAIL,OTHER,NONE,DAYLIGHT,SNOW,SNOW/ICE
13985,33320136,MONROE,Rochester,1,940M43011002,Y,43.1666340,-77.6247630,1/10/10,15:03,INJURY,1,0,1,COLLISION WITH BICYCLIST,OTHER,NONE,DAYLIGHT,CLEAR,SNOW/ICE
13985,33356437,MONROE,Rochester,1, 15 43032010,N,43.1283008,-77.6155996,2/14/10,18:52,INJURY,1,0,2,COLLISION WITH MOTOR VEHICLE,UNKNOWN,NONE,DARK-ROAD LIGHTED,CLOUDY,WET
13985,33339224,MONROE,Brighton,3, 15 43031122,Y,43.1042450,-77.6277900,2/6/10,11:54,FATAL,3,1,2,COLLISION WITH MOTOR VEHICLE,LEFT TURN (AGAINST OTHER CAR),TRAFFIC SIGNAL,DAYLIGHT,CLOUDY,DRY
13985,33339371,MONROE,Rochester,1,,Y,43.1570050,-77.5506870,2/3/10,20:08,INJURY,1,0,2,COLLISION WITH MOTOR VEHICLE,OVERTAKING,NONE,DARK-ROAD LIGHTED,SNOW,SNOW/ICE
13985,33301858,MONROE,Henrietta,3, 15A43041106,Y,43.0772620,-77.6062880,1/15/10,10:55,PROPERTY DAMAGE AND INJURY,2,0,3,COLLISION WITH MOTOR VEHICLE,OTHER,TRAFFIC SIGNAL,DAYLIGHT,CLOUDY,WET
13985,33337507,MONROE,Gates,3,386 43011100,Y,43.1438460,-77.7322930,2/12/10,17:42,INJURY,2,0,2,COLLISION WITH MOTOR VEHICLE,REAR END,TRAFFIC SIGNAL,DUSK,CLOUDY,DRY
13985,33328982,MONROE,Brighton,3, 15 43031115,Y,43.0949415,-77.6326060,2/1/10,9:48,PROPERTY DAMAGE AND INJURY,2,0,2,COLLISION WITH MOTOR VEHICLE,REAR END,TRAFFIC SIGNAL,DAYLIGHT,CLEAR,WET
13985,33359729,MONROE,Penfield,3,250 43011066,Y,43.1307580,-77.4413171,2/24/10,15:30,PROPERTY DAMAGE AND INJURY,1,0,2,COLLISION WITH MOTOR VEHICLE,REAR END,TRAFFIC SIGNAL,DAYLIGHT,CLEAR,DRY
13985,33317518,MONROE,Brighton,3,,N,43.0952061,-77.6011883,1/27/10,8:54,PROPERTY DAMAGE AND INJURY,1,0,3,COLLISION WITH MOTOR VEHICLE,OTHER,TRAFFIC SIGNAL,DAYLIGHT,SNOW,SNOW/ICE
13985,33345077,MONROE,Henrietta,3,,N,43.0766094,-77.6272625,2/9/10,10:47,PROPERTY DAMAGE AND INJURY,1,0,3,COLLISION WITH MOTOR VEHICLE,OTHER,TRAFFIC SIGNAL,DAYLIGHT,CLOUDY,DRY
13985,33347387,MONROE,Henrietta,3,253 43011065,N,43.0588330,-77.6417850,2/19/10,16:39,PROPERTY DAMAGE AND INJURY,5,0,2,COLLISION WITH MOTOR VEHICLE,LEFT TURN (AGAINST OTHER CAR),TRAFFIC SIGNAL,DAYLIGHT,CLOUDY,DRY
13985,33372120,MONROE,Rochester,1,,Y,43.1552690,-77.6540980,2/25/10,12:07,INJURY,1,0,2,COLLISION WITH MOTOR VEHICLE,REAR END,TRAFFIC SIGNAL,DAYLIGHT,SNOW,SNOW/ICE
13985,33284170,MONROE,Rochester,1,,N,43.2033930,-77.5618341,1/2/10,9:40,PROPERTY DAMAGE AND INJURY,1,0,3,COLLISION WITH MOTOR VEHICLE,OTHER,TRAFFIC SIGNAL,DAYLIGHT,SNOW,SNOW/ICE
13985,33309546,MONROE,Brighton,3,590I43011034,N,43.1214455,-77.5535042,1/19/10,17:16,PROPERTY DAMAGE AND INJURY,1,0,2,COLLISION WITH MOTOR VEHICLE,REAR END,NONE,DARK-ROAD LIGHTED,CLOUDY,DRY
13985,33294486,MONROE,Pittsford,3,490I43023047,N,43.0907405,-77.4995223,1/5/10,20:40,PROPERTY DAMAGE AND INJURY,1,0,1,COLLISION WITH GUIDE RAIL,OTHER,NONE,DARK-ROAD UNLIGHTED,SNOW,SNOW/ICE
13985,33347707,MONROE,Penfield,3,,N,43.1358785,-77.5154854,2/4/10,17:45,PROPERTY DAMAGE AND INJURY,1,0,2,COLLISION WITH MOTOR VEHICLE,REAR END,NONE,DUSK,CLEAR,WET
13985,33339085,MONROE,Rochester,1,,N,43.1392408,-77.6057556,1/23/10,3:48,PROPERTY DAMAGE AND INJURY,1,0,3,COLLISION WITH MOTOR VEHICLE,OTHER,NONE,DARK-ROAD LIGHTED,CLEAR,DRY
13985,33293345,MONROE,East Rochester,4,,Y,43.1113600,-77.4824880,1/9/10,1:55,PROPERTY DAMAGE AND INJURY,2,0,2,COLLISION WITH MOTOR VEHICLE,RIGHT ANGLE,STOP SIGN,DARK-ROAD LIGHTED,SNOW,SNOW/ICE
13985,33358995,MONROE,Chili,3,259 43011019,Y,43.1198570,-77.8053200,2/19/10,14:22,PROPERTY DAMAGE AND INJURY,1,0,1,COLL. W/LIGHT SUPPORT/UTILITY POLE,OTHER,TRAFFIC SIGNAL,DAYLIGHT,CLOUDY,DRY
13985,33361986,MONROE,Rochester,1,,Y,43.1831240,-77.6201850,2/9/10,21:34,INJURY,1,0,2,COLLISION WITH MOTOR VEHICLE,UNKNOWN,NONE,DARK-ROAD LIGHTED,CLOUDY,WET
13985,33304102,MONROE,Brighton,3,,Y,43.0947710,-77.6131480,1/7/10,13:04,PROPERTY DAMAGE AND INJURY,1,0,2,COLLISION WITH MOTOR VEHICLE,RIGHT TURN (AGAINST OTHER CAR),TRAFFIC SIGNAL,DAYLIGHT,CLOUDY,WET
13985,33340344,MONROE,Rochester,1,,Y,43.1820880,-77.6136810,1/25/10,17:03,INJURY,1,0,1,COLLISION WITH PEDESTRIAN,OTHER,NONE,DAYLIGHT,CLEAR,DRY
13985,33362967,MONROE,Rochester,1,,Y,43.1598770,-77.5612540,2/17/10,0:30,PROPERTY DAMAGE AND INJURY,1,0,2,COLLISION WITH MOTOR VEHICLE,HEAD ON,UNKNOWN,UNKNOWN,UNKNOWN,UNKNOWN
13985,33316198,MONROE,Rochester,1,,N,43.1621796,-77.5835269,1/5/10,16:45,INJURY,1,0,2,COLLISION WITH MOTOR VEHICLE,REAR END,NONE,DARK-ROAD LIGHTED,SNOW,SLUSH
13985,33286163,MONROE,Irondequoit,3,590 43013003,N,43.1719312,-77.5396019,1/5/10,15:39,INJURY,1,0,2,COLLISION WITH SNOW EMBANKMENT,OVERTAKING,NONE,DAYLIGHT,SNOW,SNOW/ICE
13985,33366513,MONROE,Rochester,1,,N,43.1881610,-77.5609770,2/24/10,11:15,PROPERTY DAMAGE AND INJURY,3,0,2,COLLISION WITH MOTOR VEHICLE,RIGHT ANGLE,TRAFFIC SIGNAL,DAYLIGHT,CLEAR,DRY
13985,33339487,MONROE,Rochester,1,,Y,43.1696850,-77.5982830,1/29/10,16:12,INJURY,1,0,2,COLLISION WITH FIRE HYDRANT,OVERTAKING,NONE,DAYLIGHT,CLEAR,SNOW/ICE
13985,33357263,MONROE,Chili,3,383 43011155,N,43.1215388,-77.6493720,2/16/10,10:04,INJURY,1,0,2,COLLISION WITH MOTOR VEHICLE,REAR END,TRAFFIC SIGNAL,DAYLIGHT,CLOUDY,WET
13985,33306251,MONROE,Brighton,3,286A43011003,N,43.1492422,-77.5376216,1/22/10,7:46,INJURY,1,0,1,COLLISION WITH SIGN POST,OTHER,NONE,DAWN,CLEAR,DRY
13985,33306250,MONROE,Webster,3,104 43035093,Y,43.2105280,-77.4431000,1/21/10,12:35,PROPERTY DAMAGE AND INJURY,1,0,2,COLLISION WITH MOTOR VEHICLE,LEFT TURN (AGAINST OTHER CAR),TRAFFIC SIGNAL,DAYLIGHT,CLEAR,DRY
13985,33306256,MONROE,Sweden,3, 31 43031052,N,43.1983065,-77.9314933,1/21/10,23:08,PROPERTY DAMAGE AND INJURY,1,0,2,COLLISION WITH MOTOR VEHICLE,LEFT TURN (WITH OTHER CAR),TRAFFIC SIGNAL,DARK-ROAD LIGHTED,CLEAR,DRY
13985,33345442,MONROE,Penfield,3,286 43011049,Y,43.1602970,-77.4498220,2/16/10,10:00,PROPERTY DAMAGE AND INJURY,1,0,2,COLLISION WITH MOTOR VEHICLE,RIGHT ANGLE,STOP SIGN,DAYLIGHT,SNOW,WET
13985,33368312,MONROE,Rochester,1,490I43022007,N,43.1573730,-77.6594203,2/22/10,6:39,PROPERTY DAMAGE AND INJURY,1,0,1,OTHER NON-COLLISION,OTHER,NONE,DAYLIGHT,CLEAR,DRY
13985,33286979,MONROE,Rochester,1,,N,43.1568467,-77.5960287,1/5/10,22:19,PROPERTY DAMAGE AND INJURY,1,0,2,COLLISION WITH MOTOR VEHICLE,REAR END,NONE,DARK-ROAD LIGHTED,SLEET/HAIL/FREEZING RAIN,SNOW/ICE
13985,33293010,MONROE,Perinton,3, 31 43033062,N,43.0788140,-77.4854470,1/9/10,15:03,PROPERTY DAMAGE AND INJURY,2,0,3,COLLISION WITH MOTOR VEHICLE,OTHER,NONE,DAYLIGHT,CLEAR,WET
13985,33353940,MONROE,Rochester,1,,Y,43.1865720,-77.6225501,2/12/10,8:14,INJURY,1,0,2,COLLISION WITH MOTOR VEHICLE,REAR END,TRAFFIC SIGNAL,DAYLIGHT,CLOUDY,DRY
13985,33349954,MONROE,Rochester,1,,N,43.1310780,-77.6360430,1/24/10,21:13,PROPERTY DAMAGE AND INJURY,1,0,2,COLLISION WITH MOTOR VEHICLE,OVERTAKING,NONE,DARK-ROAD LIGHTED,RAIN,FLOODED WATER
13985,33365649,MONROE,Rochester,1,,N,43.1553490,-77.6323121,2/17/10,20:21,INJURY,2,0,2,COLLISION WITH MOTOR VEHICLE,REAR END,TRAFFIC SIGNAL,DARK-ROAD LIGHTED,SNOW,SNOW/ICE
13985,33351519,MONROE,Gates,3, 31 43031184,N,43.1647000,-77.6830450,2/10/10,22:48,PROPERTY DAMAGE AND INJURY,1,0,2,COLLISION WITH MOTOR VEHICLE,REAR END,TRAFFIC SIGNAL,DARK-ROAD LIGHTED,CLEAR,WET
13985,33316160,MONROE,Rochester,1,,N,43.1645079,-77.6070440,1/1/10,3:38,PROPERTY DAMAGE AND INJURY,1,0,1,COLLISION WITH CURBING,OTHER,NONE,DARK-ROAD LIGHTED,CLOUDY,WET
13985,33330955,MONROE,Chili,3, 33 43031068,N,43.1198571,-77.8053197,2/3/10,13:07,INJURY,1,0,2,COLLISION WITH MOTOR VEHICLE,REAR END,TRAFFIC SIGNAL,DAYLIGHT,SNOW,SNOW/ICE
13985,33356676,MONROE,Rochester,1, 15 43032008,N,43.1246340,-77.6175109,2/15/10,21:25,INJURY,1,0,1,COLLISION WITH BICYCLIST,OTHER,TRAFFIC SIGNAL,DARK-ROAD LIGHTED,CLEAR,DRY
13985,33366517,MONROE,Rochester,1,,Y,43.1262710,-77.6388950,2/24/10,4:37,PROPERTY DAMAGE AND INJURY,1,0,2,COLLISION WITH MOTOR VEHICLE,UNKNOWN,TRAFFIC SIGNAL,DARK-ROAD LIGHTED,SNOW,SNOW/ICE
13985,33316171,MONROE,Greece,3,,Y,43.2202710,-77.6370969,1/4/10,6:37,PROPERTY DAMAGE AND INJURY,1,0,2,COLLISION WITH MOTOR VEHICLE,RIGHT ANGLE,STOP SIGN,DARK-ROAD LIGHTED,SNOW,SNOW/ICE
13985,33336108,MONROE,Gates,3,490I43021151,N,43.1444481,-77.7179729,1/30/10,12:51,PROPERTY DAMAGE AND INJURY,1,0,1,COLL. W/LIGHT SUPPORT/UTILITY POLE,OTHER,NONE,DAYLIGHT,CLOUDY,WET
13985,33372143,MONROE,Rochester,1,,N,43.1656034,-77.5804498,2/22/10,23:24,PROPERTY DAMAGE AND INJURY,2,0,1,COLLISION WITH TREE,OTHER,NONE,DARK-ROAD LIGHTED,SNOW,SNOW/ICE
13985,33365643,MONROE,Rochester,1,,N,43.1966762,-77.6174996,2/17/10,18:42,PROPERTY DAMAGE AND INJURY,1,0,2,COLLISION WITH CURBING,OTHER,NONE,DARK-ROAD LIGHTED,SNOW,SLUSH
13985,33318713,MONROE,Rochester,1,,Y,43.1532440,-77.5953390,1/8/10,14:29,INJURY,1,0,2,COLLISION WITH MOTOR VEHICLE,REAR END,NONE,DAYLIGHT,SNOW,SNOW/ICE
13985,33362838,MONROE,Rochester,1,,N,43.1679403,-77.6379639,2/8/10,17:30,PROPERTY DAMAGE AND INJURY,1,0,1,COLLISION WITH TREE,OTHER,NONE,DUSK,CLEAR,DRY
13985,33334841,MONROE,Rochester,1, 31 43032038,Y,43.1547340,-77.6080190,1/23/10,9:05,PROPERTY DAMAGE AND INJURY,1,0,2,COLLISION WITH MOTOR VEHICLE,RIGHT ANGLE,TRAFFIC SIGNAL,DAYLIGHT,CLEAR,DRY
13985,33322409,MONROE,Rochester,1, 96 43052015,Y,43.1503760,-77.5752700,1/14/10,12:07,PROPERTY DAMAGE AND INJURY,1,0,3,COLLISION WITH MOTOR VEHICLE,OTHER,NONE,DAYLIGHT,CLEAR,DRY
13985,33296581,MONROE,Perinton,3, 31 43033082,N,43.0702774,-77.4475963,1/9/10,13:11,INJURY,1,0,1,COLLISION WITH PEDESTRIAN,OTHER,NONE,DAYLIGHT,CLEAR,WET
13985,33366516,MONROE,Rochester,1,,Y,43.1301330,-77.6108911,2/24/10,10:55,PROPERTY DAMAGE AND INJURY,2,0,2,COLLISION WITH MOTOR VEHICLE,RIGHT ANGLE,TRAFFIC SIGNAL,DAYLIGHT,CLOUDY,WET
13985,33372123,MONROE,Rochester,1,,Y,43.1938840,-77.6487570,2/25/10,7:35,PROPERTY DAMAGE AND INJURY,2,0,2,COLLISION WITH MOTOR VEHICLE,RIGHT ANGLE,STOP SIGN,DAYLIGHT,SNOW,WET
13985,33333089,MONROE,Chili,3,,N,43.1053753,-77.7497252,2/3/10,16:35,PROPERTY DAMAGE AND INJURY,1,0,2,COLLISION WITH MOTOR VEHICLE,RIGHT ANGLE,NONE,DAYLIGHT,CLOUDY,WET
13985,33346000,MONROE,Henrietta,3,253 43011012,N,43.0303692,-77.7195176,2/17/10,20:55,PROPERTY DAMAGE AND INJURY,2,0,2,COLLISION WITH MOTOR VEHICLE,RIGHT ANGLE,NONE,DARK-ROAD UNLIGHTED,SNOW,SNOW/ICE
13985,33284179,MONROE,Brighton,3,390I43031151,N,43.1158840,-77.6322638,1/3/10,14:13,PROPERTY DAMAGE AND INJURY,1,0,1,COLLISION WITH GUIDE RAIL,OTHER,NONE,DAYLIGHT,SNOW,SNOW/ICE
13985,33325384,MONROE,Rochester,1,,Y,43.1869580,-77.5956900,1/1/10,0:25,INJURY,3,0,2,COLLISION WITH MOTOR VEHICLE,REAR END,TRAFFIC SIGNAL,DARK-ROAD LIGHTED,RAIN,WET
13985,33302552,MONROE,Greece,3,,N,43.2310723,-77.6639754,1/8/10,16:10,PROPERTY DAMAGE AND INJURY,1,0,2,COLLISION WITH MOTOR VEHICLE,RIGHT ANGLE,NONE,DAYLIGHT,SNOW,SNOW/ICE
13985,33354888,MONROE,Rochester,1,,N,43.1417615,-77.6122960,2/10/10,10:41,PROPERTY DAMAGE AND INJURY,1,0,2,COLLISION WITH MOTOR VEHICLE,OVERTAKING,NONE,DAYLIGHT,SNOW,SNOW/ICE
13985,33285415,MONROE,Gates,3,490I43021146,N,43.1364479,-77.7178738,1/3/10,15:12,PROPERTY DAMAGE AND INJURY,2,0,1,COLLISION WITH GUIDE RAIL,OTHER,NONE,DAYLIGHT,SNOW,SNOW/ICE
13985,33318120,MONROE,Greece,3,390 43011050,N,43.2284101,-77.6732316,1/5/10,19:10,PROPERTY DAMAGE AND INJURY,1,0,2,COLLISION WITH MOTOR VEHICLE,HEAD ON,NONE,DARK-ROAD LIGHTED,SNOW,SNOW/ICE
13985,33360809,MONROE,Pittsford,3, 96 43051040,N,43.0748662,-77.4953975,2/23/10,0:25,PROPERTY DAMAGE AND INJURY,1,0,1,COLLISION WITH TREE,OTHER,NONE,DARK-ROAD UNLIGHTED,SNOW,SNOW/ICE
13985,33365633,MONROE,Rochester,1,,Y,43.1430380,-77.6510040,2/16/10,17:10,INJURY,2,0,2,COLLISION WITH MOTOR VEHICLE,REAR END,NONE,DUSK,CLOUDY,DRY