QUERYID,CASE #,REGN_CNTY_CDE,Municipality,MUNITYPE,REF_MRKR,ATINTERSECTION_IND,Lat,Long,,Time,Crash Type,Injuries,Fatalities,Number of Vehicles,ACCD_TYP,COLLISION_TYP,TRAF_CNTL,Light Condition,Weather Condition,Road Surface Condition
13985,33301748,MONROE,Rochester,1,590 43012001,N,43.1588937,-77.5391298,1/15/10,8:55,PROPERTY DAMAGE AND INJURY,1,0,2,COLLISION WITH MOTOR VEHICLE,OVERTAKING,NONE,DAYLIGHT,CLOUDY,WET
13985,33300892,MONROE,Wheatland,3,,N,42.9896772,-77.7651595,1/4/10,8:40,PROPERTY DAMAGE AND INJURY,1,0,1,COLLISION WITH TREE,OTHER,NONE,DAYLIGHT,SNOW,SNOW/ICE
13985,33354927,MONROE,Rochester,1,,Y,43.1757920,-77.5910130,2/6/10,3:31,PROPERTY DAMAGE AND INJURY,1,0,1,COLL. W/LIGHT SUPPORT/UTILITY POLE,OTHER,UNKNOWN,DARK-ROAD LIGHTED,CLEAR,DRY
13985,33336113,MONROE,Henrietta,3, 15A43041109,N,43.0813924,-77.6068927,2/10/10,14:18,PROPERTY DAMAGE AND INJURY,1,0,2,COLLISION WITH MOTOR VEHICLE,REAR END,TRAFFIC SIGNAL,DAYLIGHT,SNOW,WET
13985,33285647,MONROE,Gates,3,490I43021173,N,43.1575842,-77.6892910,1/3/10,14:47,INJURY,1,0,1,COLLISION WITH GUIDE RAIL,OTHER,NONE,DAYLIGHT,SNOW,SNOW/ICE
13985,33318128,MONROE,Greece,3,,N,43.2271220,-77.6388575,1/28/10,15:00,PROPERTY DAMAGE AND INJURY,1,0,2,COLLISION WITH MOTOR VEHICLE,REAR END,NONE,DAYLIGHT,SNOW,SNOW/ICE
13985,33356814,MONROE,Penfield,3,441 43011035,N,43.1303561,-77.4749844,2/18/10,15:42,PROPERTY DAMAGE AND INJURY,1,0,3,COLLISION WITH MOTOR VEHICLE,OTHER,NONE,DAYLIGHT,CLOUDY,WET
13985,33284185,MONROE,Irondequoit,3,,N,43.2476495,-77.5949469,1/2/10,12:25,PROPERTY DAMAGE AND INJURY,1,0,2,COLLISION WITH MOTOR VEHICLE,REAR END,NONE,DAYLIGHT,SNOW,SNOW/ICE
13985,33331211,MONROE,Chili,3,,N,43.1212842,-77.6506519,2/5/10,6:58,PROPERTY DAMAGE AND INJURY,1,0,2,COLLISION WITH OTHER BARRIER,RIGHT ANGLE,NONE,DAWN,CLOUDY,SNOW/ICE
13985,33337725,MONROE,Perinton,3, 31 43033077,N,43.0727932,-77.4558875,2/8/10,14:58,PROPERTY DAMAGE AND INJURY,2,0,3,COLLISION WITH MOTOR VEHICLE,OTHER,NONE,DAYLIGHT,CLOUDY,DRY
13985,33330058,MONROE,Brighton,3, 15A43041127,Y,43.1060250,-77.6159059,2/3/10,15:51,PROPERTY DAMAGE AND INJURY,1,0,2,COLLISION WITH MOTOR VEHICLE,REAR END,TRAFFIC SIGNAL,DAYLIGHT,SNOW,WET
13985,33318705,MONROE,Rochester,1,,N,43.1755895,-77.5577201,1/7/10,17:28,INJURY,1,0,2,COLLISION WITH MOTOR VEHICLE,REAR END,TRAFFIC SIGNAL,DARK-ROAD LIGHTED,CLOUDY,WET
13985,33293491,MONROE,Gates,3,390I43037005,N,43.1374405,-77.6661378,1/4/10,9:00,PROPERTY DAMAGE AND INJURY,1,0,1,COLLISION WITH OTHER BARRIER,OTHER,NONE,DAYLIGHT,SNOW,SNOW/ICE
13985,33353910,MONROE,Rochester,1,,N,43.1549970,-77.6156340,2/12/10,20:43,INJURY,1,0,2,COLLISION WITH MOTOR VEHICLE,REAR END,TRAFFIC SIGNAL,DARK-ROAD LIGHTED,CLOUDY,WET
13985,33330872,MONROE,Henrietta,3,,N,43.0479313,-77.6436462,1/31/10,14:05,PROPERTY DAMAGE AND INJURY,1,0,2,COLLISION WITH MOTOR VEHICLE,OVERTAKING,NONE,DAYLIGHT,CLOUDY,DRY
13985,33324289,MONROE,Rochester,1,,N,43.1896098,-77.6160508,1/16/10,15:39,INJURY,1,0,1,COLLISION WITH BICYCLIST,OTHER,NONE,DAYLIGHT,CLEAR,WET
13985,33294372,WAYNE,Ontario,3,,N,43.2310747,-77.3754255,1/5/10,6:30,INJURY,1,0,1,COLLISION WITH GUIDE RAIL,OTHER,NONE,DARK-ROAD UNLIGHTED,SNOW,SNOW/ICE
13985,33288644,MONROE,Perinton,3, 31F43011021,N,43.1026526,-77.4810995,1/2/10,11:15,PROPERTY DAMAGE AND INJURY,1,0,2,COLLISION WITH MOTOR VEHICLE,RIGHT ANGLE,NONE,DAYLIGHT,SNOW,SNOW/ICE
13985,33340395,MONROE,Rochester,1,,Y,43.1467090,-77.6001611,1/21/10,19:34,INJURY,1,0,1,COLLISION WITH PEDESTRIAN,OTHER,TRAFFIC SIGNAL,DARK-ROAD LIGHTED,CLOUDY,DRY
13985,33285103,MONROE,Mendon,3,,N,42.9735624,-77.5712329,1/2/10,11:39,INJURY,1,0,1,COLL. W/LIGHT SUPPORT/UTILITY POLE,OTHER,NONE,DAYLIGHT,CLOUDY,SNOW/ICE
13985,33369784,MONROE,Chili,3,252 43011018,N,43.0935741,-77.7326959,2/25/10,18:15,PROPERTY DAMAGE AND INJURY,1,0,1,COLLISION WITH TREE,OTHER,NONE,DARK-ROAD UNLIGHTED,SNOW,SNOW/ICE
13985,33346206,MONROE,Mendon,3,,N,42.9592930,-77.5444783,2/17/10,18:41,INJURY,1,0,1,COLL. W/LIGHT SUPPORT/UTILITY POLE,OTHER,NONE,DARK-ROAD UNLIGHTED,SNOW,SNOW/ICE
13985,33329538,MONROE,Irondequoit,3,,Y,43.2472390,-77.5971070,2/2/10,7:34,INJURY,1,0,2,COLLISION WITH MOTOR VEHICLE,REAR END,TRAFFIC SIGNAL,DAYLIGHT,CLOUDY,DRY
13985,33316632,MONROE,Gates,3,,Y,43.1254130,-77.7405020,1/28/10,13:47,PROPERTY DAMAGE AND INJURY,2,0,2,COLLISION WITH MOTOR VEHICLE,REAR END,NONE,DAYLIGHT,CLOUDY,WET
13985,33368224,MONROE,Henrietta,3,,N,43.0421232,-77.6972325,2/27/10,8:40,PROPERTY DAMAGE AND INJURY,1,0,1,COLLISION WITH GUIDE RAIL,OTHER,NONE,DAYLIGHT,SNOW,SNOW/ICE
13985,33365421,MONROE,Rochester,1, 31 43032048,Y,43.1468010,-77.5941409,2/20/10,2:30,INJURY,1,0,1,COLLISION WITH PEDESTRIAN,OTHER,NONE,DARK-ROAD LIGHTED,CLEAR,DRY
13985,33345494,MONROE,Webster,3,,N,43.2399347,-77.5149145,2/17/10,16:46,PROPERTY DAMAGE AND INJURY,1,0,2,COLLISION WITH MOTOR VEHICLE,HEAD ON,NONE,DAYLIGHT,SNOW,SNOW/ICE
13985,33356018,MONROE,Rochester,1,,Y,43.1838400,-77.6081950,2/12/10,17:17,INJURY,2,0,2,COLLISION WITH MOTOR VEHICLE,RIGHT ANGLE,STOP SIGN,DAYLIGHT,CLEAR,DRY
13985,33333610,MONROE,Brighton,3,,N,43.0950510,-77.6057330,2/9/10,8:09,PROPERTY DAMAGE AND INJURY,1,0,2,COLLISION WITH MOTOR VEHICLE,REAR END,NONE,DAYLIGHT,CLOUDY,DRY
13985,33355242,MONROE,Greece,3,,Y,43.2209560,-77.6370880,1/28/10,10:30,PROPERTY DAMAGE AND INJURY,1,0,2,COLLISION WITH MOTOR VEHICLE,RIGHT ANGLE,STOP SIGN,DAYLIGHT,SNOW,SNOW/ICE
13985,33325842,MONROE,Rochester,1, 33 43032024,Y,43.1522340,-77.6275990,1/17/10,10:35,INJURY,1,0,1,COLLISION WITH SIGN POST,OTHER,NONE,DAYLIGHT,CLEAR,DRY
13985,33361023,MONROE,Greece,3,,Y,43.2310930,-77.6590720,2/22/10,19:06,PROPERTY DAMAGE AND INJURY,1,0,3,COLLISION WITH MOTOR VEHICLE,OTHER,TRAFFIC SIGNAL,DARK-ROAD LIGHTED,SLEET/HAIL/FREEZING RAIN,SNOW/ICE
13985,33300478,MONROE,Ogden,3,531 43012000,Y,43.1865070,-77.8542729,1/14/10,7:07,INJURY,1,0,2,COLLISION WITH MOTOR VEHICLE,REAR END,TRAFFIC SIGNAL,DAWN,CLOUDY,WET
13985,33347816,MONROE,Penfield,3,,N,43.1823974,-77.4883536,2/17/10,20:57,PROPERTY DAMAGE AND INJURY,1,0,1,COLL. W/EARTH ELE./ROCK CUT/DITCH,OTHER,NONE,DARK-ROAD LIGHTED,SNOW,SNOW/ICE
13985,33325307,MONROE,Rochester,1, 31 43032027,Y,43.1589740,-77.6264230,1/1/10,17:12,INJURY,3,0,2,COLLISION WITH MOTOR VEHICLE,LEFT TURN (AGAINST OTHER CAR),NONE,DARK-ROAD LIGHTED,SNOW,SNOW/ICE
13985,33303515,MONROE,Brighton,3, 31 43033013,N,43.1212880,-77.5588630,1/19/10,12:02,PROPERTY DAMAGE AND INJURY,1,0,2,COLLISION WITH MOTOR VEHICLE,REAR END,NONE,DAYLIGHT,CLOUDY,WET
13985,33344639,MONROE,Irondequoit,3,,N,43.1934444,-77.5844774,2/14/10,11:00,PROPERTY DAMAGE AND INJURY,1,0,2,COLLISION WITH MOTOR VEHICLE,REAR END,TRAFFIC SIGNAL,DAYLIGHT,CLOUDY,WET
13985,33320138,MONROE,Rochester,1,,Y,43.1309750,-77.6476750,1/12/10,10:30,PROPERTY DAMAGE AND INJURY,1,0,2,COLLISION WITH MOTOR VEHICLE,REAR END,NONE,DAYLIGHT,CLOUDY,SLUSH
13985,33344029,MONROE,Rochester,1,,N,43.1646330,-77.6466190,2/2/10,20:30,PROPERTY DAMAGE AND INJURY,1,0,1,COLLISION WITH CURBING,OTHER,TRAFFIC SIGNAL,DARK-ROAD LIGHTED,SNOW,SNOW/ICE
13985,33376341,MONROE,Greece,3,,N,43.2139988,-77.6622308,2/27/10,8:47,PROPERTY DAMAGE AND INJURY,2,0,2,COLLISION WITH MOTOR VEHICLE,SIDESWIPE,NONE,DAYLIGHT,SNOW,SNOW/ICE
13985,33316985,MONROE,Henrietta,3,252 43011057,N,43.0927460,-77.6601951,1/28/10,17:49,PROPERTY DAMAGE AND INJURY,1,0,3,COLLISION WITH MOTOR VEHICLE,OTHER,STOP SIGN,DARK-ROAD LIGHTED,SNOW,SNOW/ICE
13985,33356698,MONROE,Mendon,3, 15A43041021,N,42.9727755,-77.6179834,2/19/10,22:54,PROPERTY DAMAGE AND INJURY,3,0,2,COLLISION WITH MOTOR VEHICLE,RIGHT ANGLE,TRAFFIC SIGNAL,DARK-ROAD LIGHTED,CLOUDY,DRY
13985,33376343,MONROE,Rochester,1,,Y,43.1937930,-77.5613090,2/21/10,12:33,PROPERTY DAMAGE AND INJURY,2,0,2,COLLISION WITH MOTOR VEHICLE,UNKNOWN,STOP SIGN,DAYLIGHT,CLEAR,DRY
13985,33347272,MONROE,Henrietta,3,252 43011080,N,43.0871090,-77.6169487,2/19/10,13:30,INJURY,1,0,2,COLLISION WITH MOTOR VEHICLE,REAR END,TRAFFIC SIGNAL,DAYLIGHT,CLOUDY,DRY
13985,33366288,MONROE,Rochester,1, 15 43032012,Y,43.1305120,-77.6143010,2/12/10,9:20,PROPERTY DAMAGE AND INJURY,1,0,2,COLLISION WITH MOTOR VEHICLE,RIGHT ANGLE,TRAFFIC SIGNAL,DAYLIGHT,CLEAR,DRY
13985,33339475,MONROE,Rochester,1,,Y,43.1820700,-77.5866810,1/25/10,18:20,PROPERTY DAMAGE AND INJURY,1,0,1,COLLISION WITH BICYCLIST,OTHER,NONE,DARK-ROAD LIGHTED,CLOUDY,DRY
13985,33338052,MONROE,Pittsford,3, 64 43021080,Y,43.0541850,-77.5189230,2/12/10,20:47,PROPERTY DAMAGE AND INJURY,2,0,2,COLLISION WITH MOTOR VEHICLE,LEFT TURN (WITH OTHER CAR),TRAFFIC SIGNAL,DARK-ROAD UNLIGHTED,CLEAR,DRY
13985,33333600,MONROE,Brighton,3,286A43011008,Y,43.1494950,-77.5282600,2/9/10,16:00,PROPERTY DAMAGE AND INJURY,1,0,2,COLLISION WITH MOTOR VEHICLE,RIGHT ANGLE,TRAFFIC SIGNAL,DAYLIGHT,CLEAR,DRY
13985,33316948,MONROE,Henrietta,3,252 43011082,N,43.0872529,-77.6115165,1/26/10,19:30,PROPERTY DAMAGE AND INJURY,1,0,2,COLLISION WITH MOTOR VEHICLE,RIGHT ANGLE,NONE,DARK-ROAD LIGHTED,CLOUDY,DRY
13985,33318114,MONROE,Greece,3, 18 43031228,Y,43.2209580,-77.6412770,1/24/10,19:00,INJURY,1,0,1,COLLISION WITH PEDESTRIAN,OTHER,NONE,DARK-ROAD LIGHTED,RAIN,WET
13985,33339570,MONROE,Rochester,1,,Y,43.1571460,-77.6138609,2/2/10,17:45,INJURY,1,0,2,COLLISION WITH MOTOR VEHICLE,REAR END,TRAFFIC SIGNAL,DAYLIGHT,CLOUDY,SNOW/ICE
13985,33324707,MONROE,Rochester,1, 33A43022006,Y,43.1441070,-77.6545979,1/21/10,12:25,INJURY,1,0,2,COLLISION WITH MOTOR VEHICLE,LEFT TURN (WITH OTHER CAR),STOP SIGN,DAYLIGHT,CLEAR,DRY
13985,33534328,MONROE,Rochester,1,,Y,43.1557080,-77.6125470,2/26/10,,PROPERTY DAMAGE AND INJURY,1,0,2,COLLISION WITH MOTOR VEHICLE,UNKNOWN,UNKNOWN,UNKNOWN,UNKNOWN,UNKNOWN
13985,33306350,MONROE,Clarkson,3,,N,43.2444181,-77.8913235,1/13/10,20:36,PROPERTY DAMAGE AND INJURY,1,0,1,COLL. W/LIGHT SUPPORT/UTILITY POLE,OTHER,NONE,DARK-ROAD UNLIGHTED,CLEAR,DRY
13985,33339329,MONROE,Rochester,1,,Y,43.1852870,-77.6388840,1/26/10,11:55,PROPERTY DAMAGE AND INJURY,1,0,2,COLLISION WITH MOTOR VEHICLE,UNKNOWN,TRAFFIC SIGNAL,DAYLIGHT,CLOUDY,WET
13985,33359097,MONROE,Parma,3,,N,43.2600123,-77.8030570,2/23/10,7:28,INJURY,1,0,1,COLLISION WITH TREE,OTHER,NONE,DAYLIGHT,CLOUDY,SNOW/ICE
13985,33324283,MONROE,Rochester,1,,Y,43.1576190,-77.5906280,1/17/10,2:14,PROPERTY DAMAGE AND INJURY,1,0,2,COLLISION WITH MOTOR VEHICLE,RIGHT ANGLE,FLASHING LIGHT,DARK-ROAD LIGHTED,CLEAR,DRY
13985,33348096,MONROE,Riga,3,,N,43.0819657,-77.8457597,2/19/10,18:56,PROPERTY DAMAGE AND INJURY,1,0,1,COLLISION WITH DEER,OTHER,NONE,DARK-ROAD UNLIGHTED,CLOUDY,DRY
13985,33301302,MONROE,Brighton,3, 31 43033009,N,43.1265592,-77.5647265,1/14/10,9:45,INJURY,1,0,2,COLLISION WITH MOTOR VEHICLE,RIGHT ANGLE,NONE,DAYLIGHT,CLEAR,DRY
13985,33315493,MONROE,Rochester,1,490I43022007,N,43.1572240,-77.6595530,1/4/10,5:54,INJURY,1,0,1,COLLISION WITH OTHER,OTHER,NONE,DARK-ROAD LIGHTED,SNOW,SNOW/ICE
13985,33365648,MONROE,Rochester,1,940M43011011,Y,43.1793290,-77.6317150,2/17/10,18:46,INJURY,1,0,2,COLLISION WITH MOTOR VEHICLE,REAR END,TRAFFIC SIGNAL,DARK-ROAD LIGHTED,SNOW,SNOW/ICE
13985,33337542,MONROE,Irondequoit,3,,N,43.2034670,-77.5615752,2/11/10,12:20,INJURY,2,0,2,COLLISION WITH MOTOR VEHICLE,REAR END,TRAFFIC SIGNAL,DAYLIGHT,CLEAR,DRY
13985,33287443,MONROE,Webster,3,104 43035265,N,43.2156540,-77.4468787,1/3/10,15:11,PROPERTY DAMAGE AND INJURY,1,0,1,COLLISION WITH GUIDE RAIL,OTHER,NONE,DAYLIGHT,SNOW,SNOW/ICE
13985,33340399,MONROE,Rochester,1, 33 43032023,N,43.1517649,-77.6296643,1/21/10,17:40,INJURY,1,0,2,COLLISION WITH MOTOR VEHICLE,REAR END,NONE,DARK-ROAD LIGHTED,CLEAR,DRY
13985,33324835,MONROE,Rochester,1,940K43011008,N,43.1643838,-77.6595573,1/4/10,14:13,PROPERTY DAMAGE AND INJURY,2,0,3,COLLISION WITH MOTOR VEHICLE,OTHER,NONE,DAYLIGHT,SNOW,SNOW/ICE
13985,33318343,MONROE,Rochester,1,490I43023000,N,43.1431210,-77.5476340,1/29/10,9:13,PROPERTY DAMAGE AND INJURY,3,0,1,COLLISION WITH OTHER BARRIER,OTHER,NONE,DAYLIGHT,SNOW,SNOW/ICE
13985,33330366,MONROE,Pittsford,3,490I43023038,N,43.1031890,-77.5048090,1/29/10,9:22,PROPERTY DAMAGE AND INJURY,1,0,2,COLLISION WITH MOTOR VEHICLE,REAR END,NONE,DAYLIGHT,CLOUDY,SNOW/ICE
13985,33346011,MONROE,Brighton,3, 31 43033008,N,43.1273149,-77.5655683,2/18/10,17:58,INJURY,1,0,2,COLLISION WITH MOTOR VEHICLE,REAR END,TRAFFIC SIGNAL,DARK-ROAD LIGHTED,CLOUDY,WET
13985,33368645,MONROE,Greece,3,,Y,43.1954380,-77.7014130,2/1/10,11:02,INJURY,1,0,3,COLLISION WITH MOTOR VEHICLE,OTHER,TRAFFIC SIGNAL,DAYLIGHT,CLEAR,WET
13985,33302551,MONROE,Greece,3, 18 43031163,Y,43.2535520,-77.7303181,1/3/10,18:53,PROPERTY DAMAGE AND INJURY,1,0,2,COLLISION WITH MOTOR VEHICLE,REAR END,POLICE/FIRE EMERGENCY,DARK-ROAD LIGHTED,SNOW,SNOW/ICE
13985,33344618,MONROE,Pittsford,3, 31 43033032,Y,43.1004870,-77.5354740,2/9/10,8:20,INJURY,1,0,2,COLLISION WITH MOTOR VEHICLE,REAR END,TRAFFIC SIGNAL,DAYLIGHT,CLOUDY,DRY
13985,33355968,MONROE,Rochester,1,,Y,43.1396640,-77.6458391,2/12/10,19:39,PROPERTY DAMAGE AND INJURY,1,0,2,COLLISION WITH MOTOR VEHICLE,RIGHT ANGLE,STOP SIGN,DARK-ROAD LIGHTED,CLOUDY,WET
13985,33357875,MONROE,Brighton,3, 15 43031116,N,43.0973174,-77.6313465,2/23/10,14:32,INJURY,2,0,2,COLLISION WITH MOTOR VEHICLE,REAR END,NONE,DAYLIGHT,RAIN,WET
13985,33349956,MONROE,Rochester,1,,N,43.1869290,-77.5762530,1/22/10,16:55,PROPERTY DAMAGE AND INJURY,1,0,2,COLLISION WITH MOTOR VEHICLE,UNKNOWN,NONE,DUSK,CLEAR,DRY
13985,33340636,MONROE,Rochester,1,,Y,43.1709750,-77.6074800,1/29/10,15:45,PROPERTY DAMAGE AND INJURY,2,0,2,COLLISION WITH MOTOR VEHICLE,RIGHT ANGLE,TRAFFIC SIGNAL,DAYLIGHT,SNOW,SNOW/ICE
13985,33357638,MONROE,Irondequoit,3,,Y,43.2110460,-77.5855480,2/17/10,16:40,PROPERTY DAMAGE AND INJURY,1,0,2,COLLISION WITH MOTOR VEHICLE,REAR END,TRAFFIC SIGNAL,DUSK,SNOW,SNOW/ICE
13985,33302887,MONROE,Brighton,3,590 43011001,N,43.1434378,-77.5457481,1/2/10,12:00,INJURY,1,0,1,COLLISION WITH OTHER BARRIER,OTHER,NONE,DAYLIGHT,SNOW,SNOW/ICE
13985,33316158,MONROE,Rochester,1,,N,43.1656809,-77.6230661,1/1/10,4:00,PROPERTY DAMAGE AND INJURY,1,0,2,COLLISION WITH MOTOR VEHICLE,RIGHT ANGLE,NONE,DARK-ROAD LIGHTED,CLEAR,SNOW/ICE
13985,33365789,MONROE,Rochester,1,,N,43.1817564,-77.6396103,2/22/10,15:55,INJURY,1,0,1,COLLISION WITH TREE,OTHER,NONE,DAYLIGHT,CLOUDY,DRY
13985,33346569,MONROE,Parma,3,,N,43.2980699,-77.8277345,2/17/10,16:44,PROPERTY DAMAGE AND INJURY,2,0,1,COLL. W/EARTH ELE./ROCK CUT/DITCH,OTHER,STOP SIGN,DAYLIGHT,SLEET/HAIL/FREEZING RAIN,SNOW/ICE
13985,33330194,MONROE,Penfield,3,441 43011049,N,43.1308220,-77.4472559,1/28/10,12:15,PROPERTY DAMAGE AND INJURY,1,0,2,COLLISION WITH MOTOR VEHICLE,RIGHT TURN (AGAINST OTHER CAR),NONE,DAYLIGHT,SNOW,WET
13985,33310723,MONROE,Rochester,1,,Y,43.1486690,-77.6062100,1/4/10,7:40,PROPERTY DAMAGE AND INJURY,1,0,2,COLLISION WITH MOTOR VEHICLE,REAR END,TRAFFIC SIGNAL,DAYLIGHT,SNOW,SNOW/ICE
13985,33330365,MONROE,Perinton,3,490I43023078,N,43.0528366,-77.4692503,1/29/10,8:00,INJURY,1,0,1,COLLISION WITH GUIDE RAIL,OTHER,NONE,DAYLIGHT,CLOUDY,SNOW/ICE
13985,33360960,MONROE,Greece,3,104 43031160,N,43.2093337,-77.6927490,2/3/10,18:47,INJURY,4,0,3,COLLISION WITH MOTOR VEHICLE,OTHER,TRAFFIC SIGNAL,DARK-ROAD LIGHTED,SNOW,SNOW/ICE
13985,33347690,MONROE,Penfield,3,441 43011035,N,43.1297809,-77.4768402,2/4/10,18:20,PROPERTY DAMAGE AND INJURY,1,0,2,COLLISION WITH MOTOR VEHICLE,RIGHT ANGLE,NONE,DARK-ROAD LIGHTED,CLOUDY,DRY
13985,33375999,MONROE,Rochester,1,,Y,43.1927405,-77.6411115,2/22/10,20:22,PROPERTY DAMAGE AND INJURY,1,0,3,COLLISION WITH MOTOR VEHICLE,OTHER,NONE,DARK-ROAD LIGHTED,SNOW,SNOW/ICE
13985,33326506,MONROE,Pittsford,4, 31 43033046,N,43.0897020,-77.5119391,1/8/10,7:30,PROPERTY DAMAGE AND INJURY,1,0,2,COLLISION WITH MOTOR VEHICLE,REAR END,NONE,DAYLIGHT,SNOW,SNOW/ICE
13985,33347634,MONROE,Gates,3, 31 43031182,Y,43.1647020,-77.6880160,2/19/10,21:48,PROPERTY DAMAGE AND INJURY,1,0,2,COLLISION WITH MOTOR VEHICLE,REAR END,TRAFFIC SIGNAL,DARK-ROAD LIGHTED,CLEAR,DRY
13985,33354924,MONROE,Rochester,1,,Y,43.1847660,-77.5916880,2/5/10,21:09,PROPERTY DAMAGE AND INJURY,2,0,2,COLLISION WITH MOTOR VEHICLE,UNKNOWN,NONE,DARK-ROAD LIGHTED,CLOUDY,WET
13985,33293743,MONROE,Brighton,3, 31 43033022,N,43.1115819,-77.5484834,1/11/10,15:51,INJURY,1,0,2,COLLISION WITH MOTOR VEHICLE,REAR END,TRAFFIC SIGNAL,DAYLIGHT,CLOUDY,WET
13985,33360802,MONROE,Gates,3,390 43011011,N,43.1718279,-77.6833381,2/21/10,0:05,PROPERTY DAMAGE AND INJURY,3,0,1,COLLISION WITH GUIDERAIL - END,OTHER,NONE,DARK-ROAD UNLIGHTED,CLOUDY,WET
13985,33309048,MONROE,Rochester,1,,Y,43.1459450,-77.5682050,1/1/10,2:15,PROPERTY DAMAGE AND INJURY,1,0,3,COLLISION WITH MOTOR VEHICLE,OTHER,STOP SIGN,DARK-ROAD LIGHTED,CLOUDY,WET
13985,33302577,MONROE,Greece,3,,Y,43.1869140,-77.7015110,1/5/10,7:07,PROPERTY DAMAGE AND INJURY,1,0,2,COLLISION WITH MOTOR VEHICLE,RIGHT ANGLE,TRAFFIC SIGNAL,DAWN,SNOW,WET
13985,33367930,MONROE,Greece,3,,N,43.1877369,-77.7015040,2/14/10,14:30,PROPERTY DAMAGE AND INJURY,1,0,2,COLLISION WITH MOTOR VEHICLE,REAR END,NONE,DAYLIGHT,CLOUDY,WET
13985,33367819,MONROE,Rochester,1,,N,43.1649190,-77.6070686,2/25/10,16:33,PROPERTY DAMAGE AND INJURY,1,0,1,COLLISION WITH BRIDGE STRUCTURE,OTHER,NONE,DAYLIGHT,SNOW,SNOW/ICE
13985,33286238,MONROE,Pittsford,3, 31 43033057,Y,43.0810020,-77.4941560,1/5/10,21:31,PROPERTY DAMAGE AND INJURY,2,0,2,COLLISION WITH MOTOR VEHICLE,RIGHT ANGLE,TRAFFIC SIGNAL,DARK-ROAD LIGHTED,SNOW,SNOW/ICE
13985,33361009,MONROE,Greece,3,,Y,43.2561680,-77.6878390,2/25/10,18:20,PROPERTY DAMAGE AND INJURY,1,0,2,COLLISION WITH MOTOR VEHICLE,RIGHT ANGLE,STOP SIGN,DUSK,SNOW,SNOW/ICE
13985,33384448,MONROE,Rochester,1,,Y,43.1811090,-77.5873490,2/26/10,13:08,PROPERTY DAMAGE AND INJURY,1,0,2,COLLISION WITH MOTOR VEHICLE,RIGHT TURN (WITH OTHER CAR),TRAFFIC SIGNAL,DAYLIGHT,SNOW,SNOW/ICE
13985,33318493,MONROE,Henrietta,3,,N,43.0899183,-77.6297036,1/30/10,13:32,PROPERTY DAMAGE AND INJURY,2,0,2,COLLISION WITH MOTOR VEHICLE,REAR END,TRAFFIC SIGNAL,DAYLIGHT,CLOUDY,WET
13985,33330971,MONROE,Irondequoit,3,,N,43.2042291,-77.5588206,2/3/10,9:05,PROPERTY DAMAGE AND INJURY,1,0,1,COLL. W/LIGHT SUPPORT/UTILITY POLE,OTHER,NONE,DAYLIGHT,SNOW,WET
13985,33286262,MONROE,Gates,3, 33 43031113,N,43.1443777,-77.7256906,1/5/10,7:25,PROPERTY DAMAGE AND INJURY,1,0,2,COLLISION WITH MOTOR VEHICLE,REAR END,NONE,DAYLIGHT,SNOW,WET
13985,33349240,MONROE,Rochester,1,940M43011012,Y,43.1809370,-77.6317380,2/11/10,12:40,PROPERTY DAMAGE AND INJURY,1,0,2,COLLISION WITH MOTOR VEHICLE,REAR END,TRAFFIC SIGNAL,DAYLIGHT,CLEAR,DRY
13985,33360825,MONROE,Penfield,3,286 43011035,N,43.1534753,-77.4733339,2/23/10,0:54,INJURY,1,0,1,COLL. W/LIGHT SUPPORT/UTILITY POLE,OTHER,NONE,DARK-ROAD UNLIGHTED,SNOW,SNOW/ICE
13985,33370050,MONROE,Hamlin,3, 18 43031052,N,43.2857666,-77.9020623,2/22/10,17:38,PROPERTY DAMAGE AND INJURY,1,0,2,COLLISION WITH MOTOR VEHICLE,SIDESWIPE,NONE,DAYLIGHT,SNOW,SNOW/ICE
13985,33309529,MONROE,Irondequoit,3,,N,43.2481400,-77.6072344,1/24/10,21:15,PROPERTY DAMAGE AND INJURY,1,0,1,COLLISION WITH SIGN POST,OTHER,NONE,DARK-ROAD LIGHTED,RAIN,WET
13985,33354236,MONROE,Rochester,1,,Y,43.1583170,-77.6012760,2/14/10,16:31,INJURY,2,0,2,COLLISION WITH MOTOR VEHICLE,REAR END,TRAFFIC SIGNAL,DAYLIGHT,CLOUDY,DRY
13985,33371268,MONROE,Penfield,3,,N,43.1300282,-77.4758780,2/20/10,14:00,INJURY,1,0,1,COLLISION WITH PEDESTRIAN,OTHER,TRAFFIC SIGNAL,DAYLIGHT,CLOUDY,DRY
13985,33359632,MONROE,Gates,3,,Y,43.1380090,-77.6986030,2/25/10,7:35,PROPERTY DAMAGE AND INJURY,1,0,2,COLLISION WITH MOTOR VEHICLE,RIGHT ANGLE,NONE,DAYLIGHT,SNOW,SNOW/ICE