QUERYID,CASE #,REGN_CNTY_CDE,Municipality,MUNITYPE,REF_MRKR,ATINTERSECTION_IND,Lat,Long,,Time,Crash Type,Injuries,Fatalities,Number of Vehicles,ACCD_TYP,COLLISION_TYP,TRAF_CNTL,Light Condition,Weather Condition,Road Surface Condition
13985,33344579,MONROE,Brighton,3, 31 43033009,Y,43.1264530,-77.5646080,2/15/10,10:15,PROPERTY DAMAGE AND INJURY,2,0,3,COLLISION WITH MOTOR VEHICLE,OTHER,TRAFFIC SIGNAL,DAYLIGHT,CLEAR,DRY
13985,33340631,MONROE,Rochester,1, 96 43052021,Y,43.1526470,-77.5849770,1/22/10,11:45,INJURY,1,0,2,COLLISION WITH MOTOR VEHICLE,RIGHT ANGLE,TRAFFIC SIGNAL,DAYLIGHT,CLOUDY,WET
13985,33332706,MONROE,Sweden,3,,N,43.1766211,-77.9624056,2/1/10,15:23,PROPERTY DAMAGE AND INJURY,2,0,2,COLLISION WITH MOTOR VEHICLE,RIGHT ANGLE,STOP SIGN,DAYLIGHT,CLOUDY,SNOW/ICE
13985,33318708,MONROE,Rochester,1,,Y,43.1467090,-77.6001611,1/10/10,16:30,INJURY,2,0,2,COLLISION WITH MOTOR VEHICLE,REAR END,TRAFFIC SIGNAL,DAYLIGHT,CLEAR,DRY
13985,33325229,MONROE,Rochester,1,,N,43.1912615,-77.5920921,1/4/10,,PROPERTY DAMAGE AND INJURY,1,0,2,COLLISION WITH MOTOR VEHICLE,UNKNOWN,UNKNOWN,UNKNOWN,UNKNOWN,UNKNOWN
13985,33358033,MONROE,Rochester,1,,Y,43.2115230,-77.5600430,2/17/10,14:35,PROPERTY DAMAGE AND INJURY,2,0,2,COLLISION WITH MOTOR VEHICLE,RIGHT ANGLE,TRAFFIC SIGNAL,DAYLIGHT,CLOUDY,WET
13985,33347264,MONROE,Henrietta,3,,N,43.0831230,-77.6296360,2/18/10,12:53,PROPERTY DAMAGE AND INJURY,2,0,4,COLLISION WITH MOTOR VEHICLE,OTHER,TRAFFIC SIGNAL,DAYLIGHT,SNOW,WET
13985,33302883,MONROE,Perinton,3, 31F43011064,N,43.0938799,-77.4093766,1/14/10,21:33,PROPERTY DAMAGE AND INJURY,1,0,2,COLLISION WITH MOTOR VEHICLE,OTHER,NONE,DARK-ROAD LIGHTED,CLOUDY,WET
13985,33287223,MONROE,Rochester,1,490I43022007,N,43.1572366,-77.6597395,1/3/10,12:55,PROPERTY DAMAGE AND INJURY,1,0,1,COLLISION WITH OTHER BARRIER,OTHER,NONE,DAYLIGHT,SNOW,SNOW/ICE
13985,33360949,MONROE,Greece,3, 18 43031199,Y,43.2529210,-77.6582500,2/10/10,16:25,PROPERTY DAMAGE AND INJURY,1,0,2,COLLISION WITH MOTOR VEHICLE,REAR END,TRAFFIC SIGNAL,DAYLIGHT,CLOUDY,WET
13985,33340641,MONROE,Rochester,1,,N,43.1331388,-77.6534994,1/30/10,10:32,INJURY,1,0,1,COLLISION WITH PEDESTRIAN,OTHER,NONE,DAYLIGHT,CLOUDY,SNOW/ICE
13985,33376348,MONROE,Rochester,1,940M43011011,Y,43.1793290,-77.6317150,2/28/10,10:15,INJURY,1,0,2,COLLISION WITH MOTOR VEHICLE,OVERTAKING,TRAFFIC SIGNAL,DAYLIGHT,SNOW,WET
13985,33284174,MONROE,Wheatland,3, 36 43031009,N,42.9978089,-77.8670125,1/2/10,18:29,PROPERTY DAMAGE AND INJURY,1,0,1,COLLISION WITH OTHER FIXED OBJECT,OTHER,NONE,DARK-ROAD UNLIGHTED,SNOW,SNOW/ICE
13985,33336119,MONROE,Pittsford,3, 65 43031120,Y,43.1001970,-77.5470050,2/4/10,11:55,INJURY,1,0,2,COLLISION WITH MOTOR VEHICLE,LEFT TURN (WITH OTHER CAR),TRAFFIC SIGNAL,DAYLIGHT,CLEAR,DRY
13985,33363533,MONROE,Henrietta,3,390I43031099,N,43.0726960,-77.6317450,2/22/10,16:45,PROPERTY DAMAGE AND INJURY,1,0,3,COLLISION WITH MOTOR VEHICLE,OTHER,UNKNOWN,DAYLIGHT,SNOW,SLUSH
13985,33365416,MONROE,Rochester,1,,Y,43.1437820,-77.6289791,2/17/10,19:50,INJURY,2,0,2,COLLISION WITH MOTOR VEHICLE,RIGHT ANGLE,STOP SIGN,DARK-ROAD LIGHTED,SNOW,SNOW/ICE
13985,33329836,MONROE,Ogden,3,531 43012000,N,43.1865777,-77.8539756,1/28/10,15:59,PROPERTY DAMAGE AND INJURY,1,0,5,COLLISION WITH MOTOR VEHICLE,OTHER,NONE,DAYLIGHT,SNOW,SNOW/ICE
13985,33332805,MONROE,Brighton,3,,N,43.1066226,-77.5764306,2/8/10,16:57,PROPERTY DAMAGE AND INJURY,1,0,2,COLLISION WITH MOTOR VEHICLE,LEFT TURN (AGAINST OTHER CAR),TRAFFIC SIGNAL,DAYLIGHT,CLOUDY,DRY
13985,33323627,MONROE,Rochester,1,,N,43.1555223,-77.6439523,1/22/10,14:58,INJURY,1,0,1,COLLISION WITH PEDESTRIAN,OTHER,UNKNOWN,DAYLIGHT,CLEAR,DRY
13985,33318122,MONROE,Greece,3,104 43031138,Y,43.2147160,-77.7328040,1/23/10,9:40,PROPERTY DAMAGE AND INJURY,2,0,2,COLLISION WITH MOTOR VEHICLE,RIGHT ANGLE,NONE,DAYLIGHT,CLEAR,DRY
13985,33356724,MONROE,Henrietta,3,252 43011086,N,43.0871470,-77.6049680,2/19/10,16:31,PROPERTY DAMAGE AND INJURY,1,0,2,COLLISION WITH MOTOR VEHICLE,HEAD ON,TRAFFIC SIGNAL,DAYLIGHT,CLEAR,DRY
13985,33360240,MONROE,Greece,3,,Y,43.2094740,-77.6936080,2/17/10,14:13,INJURY,1,0,1,COLLISION WITH PEDESTRIAN,OTHER,TRAFFIC SIGNAL,DAYLIGHT,SNOW,SNOW/ICE
13985,33357808,MONROE,Chili,3,,N,43.1163485,-77.6887812,2/18/10,22:56,PROPERTY DAMAGE AND INJURY,2,0,2,COLLISION WITH MOTOR VEHICLE,REAR END,NONE,DARK-ROAD UNLIGHTED,CLOUDY,WET
13985,33348226,MONROE,Pittsford,4,,Y,43.0883330,-77.5131570,2/17/10,19:44,PROPERTY DAMAGE AND INJURY,1,0,2,COLLISION WITH MOTOR VEHICLE,RIGHT ANGLE,STOP SIGN,DARK-ROAD LIGHTED,SNOW,SNOW/ICE
13985,33318338,MONROE,Rochester,1,490I43022069,N,43.1433511,-77.5478595,1/30/10,9:00,PROPERTY DAMAGE AND INJURY,1,0,2,COLLISION WITH MOTOR VEHICLE,RIGHT ANGLE,NONE,DAYLIGHT,SNOW,SNOW/ICE
13985,33328733,MONROE,Brighton,3,490I43022069,N,43.1431516,-77.5470239,1/28/10,9:50,PROPERTY DAMAGE AND INJURY,1,0,1,COLLISION WITH OTHER BARRIER,OTHER,NONE,DAYLIGHT,SNOW,SNOW/ICE
13985,33408276,MONROE,Rochester,1,,N,43.1548810,-77.6161460,2/24/10,16:00,INJURY,2,0,2,COLLISION WITH MOTOR VEHICLE,REAR END,NONE,DAYLIGHT,CLEAR,DRY
13985,33358698,MONROE,Gates,3, 31 43031174,Y,43.1695350,-77.7015490,2/23/10,22:00,PROPERTY DAMAGE AND INJURY,1,0,2,COLLISION WITH MOTOR VEHICLE,HEAD ON,TRAFFIC SIGNAL,DARK-ROAD LIGHTED,RAIN,WET
13985,33285374,MONROE,Gates,3,390I43037004,N,43.1350601,-77.6642080,1/3/10,14:46,INJURY,1,0,1,COLLISION WITH GUIDE RAIL,OTHER,NONE,DAYLIGHT,SNOW,SNOW/ICE
13985,33314897,MONROE,Pittsford,3,490I43023057,N,43.0800929,-77.4863745,1/13/10,8:22,PROPERTY DAMAGE AND INJURY,1,0,2,COLLISION WITH MOTOR VEHICLE,REAR END,NONE,DAYLIGHT,CLOUDY,WET
13985,33285142,MONROE,Gates,3,531 43012060,N,43.1601848,-77.7501532,1/1/10,21:43,PROPERTY DAMAGE AND INJURY,2,0,2,COLLISION WITH MOTOR VEHICLE,RIGHT ANGLE,TRAFFIC SIGNAL,DARK-ROAD LIGHTED,SNOW,SNOW/ICE
13985,33285595,MONROE,Pittsford,4, 31 43033043,N,43.0917512,-77.5178793,1/4/10,17:35,PROPERTY DAMAGE AND INJURY,1,0,2,COLLISION WITH MOTOR VEHICLE,REAR END,NONE,DARK-ROAD LIGHTED,CLOUDY,SLUSH
13985,33339330,MONROE,Rochester,1,,N,43.1788230,-77.5757760,1/27/10,17:13,INJURY,3,0,2,COLLISION WITH MOTOR VEHICLE,REAR END,TRAFFIC SIGNAL,DUSK,CLEAR,DRY
13985,33308768,MONROE,Rochester,1,,Y,43.1582590,-77.5927530,1/8/10,8:03,INJURY,1,0,1,COLLISION WITH PEDESTRIAN,OTHER,TRAFFIC SIGNAL,DAYLIGHT,SNOW,SNOW/ICE
13985,33340390,MONROE,Rochester,1,,Y,43.2019420,-77.6279100,1/22/10,20:04,PROPERTY DAMAGE AND INJURY,1,0,2,COLLISION WITH MOTOR VEHICLE,LEFT TURN (AGAINST OTHER CAR),TRAFFIC SIGNAL,DARK-ROAD LIGHTED,CLEAR,DRY
13985,33300594,MONROE,Rochester,1,490I43022055,N,43.1432025,-77.5744770,1/12/10,18:00,INJURY,2,0,4,COLLISION WITH MOTOR VEHICLE,OTHER,NONE,DARK-ROAD LIGHTED,CLOUDY,DRY
13985,33328949,MONROE,Brighton,3,441 43011101,N,43.1290052,-77.5274645,2/1/10,11:07,PROPERTY DAMAGE AND INJURY,2,0,2,COLLISION WITH MOTOR VEHICLE,RIGHT ANGLE,TRAFFIC SIGNAL,DAYLIGHT,CLOUDY,WET
13985,33301836,MONROE,Pittsford,3,441 43011115,Y,43.1233630,-77.5070600,1/15/10,12:23,INJURY,1,0,2,COLLISION WITH MOTOR VEHICLE,REAR END,TRAFFIC SIGNAL,DAYLIGHT,RAIN,WET
13985,33316219,MONROE,Rochester,1,,N,43.1551745,-77.5826038,1/2/10,2:05,PROPERTY DAMAGE AND INJURY,1,0,2,COLLISION WITH CURBING,UNKNOWN,NONE,DARK-ROAD LIGHTED,SNOW,SNOW/ICE
13985,33336921,MONROE,Chili,3,383 43011145,N,43.1145440,-77.6659243,2/5/10,7:59,PROPERTY DAMAGE AND INJURY,2,0,2,COLLISION WITH MOTOR VEHICLE,SIDESWIPE,NONE,DAYLIGHT,CLOUDY,WET
13985,33316882,MONROE,Henrietta,3,252 43011067,N,43.0892593,-77.6409513,1/20/10,12:13,PROPERTY DAMAGE AND INJURY,1,0,3,COLLISION WITH MOTOR VEHICLE,OTHER,NONE,DAYLIGHT,CLEAR,DRY
13985,33318143,MONROE,Greece,3,947A43021206,N,43.2623164,-77.6503664,1/20/10,18:10,PROPERTY DAMAGE AND INJURY,1,0,1,COLLISION WITH DEER,OTHER,NONE,DARK-ROAD UNLIGHTED,CLEAR,DRY
13985,33294342,MONROE,Pittsford,3,490I43023032,N,43.1108883,-77.5068087,1/4/10,8:00,PROPERTY DAMAGE AND INJURY,1,0,1,COLLISION WITH GUIDE RAIL,OTHER,NONE,DAYLIGHT,SNOW,SLUSH
13985,33285195,MONROE,Brighton,3, 15A43041128,N,43.1077322,-77.6159259,1/4/10,16:58,PROPERTY DAMAGE AND INJURY,1,0,1,COLLISION WITH GUIDE RAIL,OTHER,NONE,DARK-ROAD LIGHTED,SNOW,SNOW/ICE
13985,33363600,MONROE,Chili,3,383 43011144,N,43.1138195,-77.6676283,1/27/10,7:28,PROPERTY DAMAGE AND INJURY,1,0,4,COLLISION WITH MOTOR VEHICLE,OTHER,NONE,DAYLIGHT,SNOW,SNOW/ICE
13985,33372126,MONROE,Rochester,1, 96 43052013,Y,43.1495090,-77.5716970,2/17/10,23:35,PROPERTY DAMAGE AND INJURY,1,0,2,COLLISION WITH MOTOR VEHICLE,RIGHT TURN (AGAINST OTHER CAR),TRAFFIC SIGNAL,DARK-ROAD LIGHTED,SNOW,SNOW/ICE
13985,33283455,MONROE,Irondequoit,3,,N,43.1959188,-77.5770618,1/2/10,11:28,INJURY,1,0,1,COLLISION WITH CURBING,OTHER,YIELD SIGN,DAYLIGHT,CLOUDY,SLUSH
13985,33284175,MONROE,Henrietta,3, 15A43041079,Y,43.0405620,-77.6224981,1/1/10,15:55,PROPERTY DAMAGE AND INJURY,4,0,2,COLLISION WITH MOTOR VEHICLE,LEFT TURN (AGAINST OTHER CAR),TRAFFIC SIGNAL,DAYLIGHT,SNOW,WET
13985,33311261,MONROE,Ogden,3, 31 43031087,N,43.1885575,-77.8683850,1/14/10,7:20,PROPERTY DAMAGE AND INJURY,1,0,3,COLLISION WITH MOTOR VEHICLE,OTHER,NONE,DARK-ROAD UNLIGHTED,CLOUDY,SNOW/ICE
13985,33340638,MONROE,Rochester,1,,N,43.2367534,-77.5595261,1/29/10,7:35,PROPERTY DAMAGE AND INJURY,1,0,2,COLLISION WITH MOTOR VEHICLE,UNKNOWN,NONE,DAYLIGHT,SNOW,SNOW/ICE
13985,33295069,MONROE,Henrietta,3,,N,43.0475280,-77.6576950,1/10/10,5:23,PROPERTY DAMAGE AND INJURY,1,0,1,COLLISION WITH GUIDE RAIL,OTHER,NONE,DARK-ROAD UNLIGHTED,CLEAR,DRY
13985,33360097,MONROE,Greece,3,,N,43.1884811,-77.6944651,2/25/10,11:15,PROPERTY DAMAGE AND INJURY,2,0,2,COLLISION WITH MOTOR VEHICLE,REAR END,NONE,DAYLIGHT,SNOW,WET
13985,33319951,MONROE,Rochester,1,383 43012026,N,43.1517854,-77.6110096,1/13/10,15:02,INJURY,1,0,2,COLLISION WITH MOTOR VEHICLE,OVERTAKING,UNKNOWN,DAYLIGHT,CLOUDY,WET
13985,33305730,MONROE,Pittsford,3, 64 43021068,N,43.0371680,-77.5162312,1/16/10,15:52,PROPERTY DAMAGE AND INJURY,2,0,2,COLLISION WITH MOTOR VEHICLE,REAR END,NONE,DAYLIGHT,CLEAR,DRY
13985,33321648,MONROE,Rochester,1, 33A43022010,Y,43.1468530,-77.6464340,1/12/10,12:18,PROPERTY DAMAGE AND INJURY,1,0,3,COLLISION WITH MOTOR VEHICLE,OTHER,NONE,DAYLIGHT,CLEAR,SNOW/ICE
13985,33329946,MONROE,Brighton,3,,N,43.1184540,-77.5700261,2/3/10,14:54,INJURY,2,0,2,COLLISION WITH MOTOR VEHICLE,REAR END,NONE,DAYLIGHT,SNOW,WET
13985,33318518,MONROE,Brighton,3, 96 43051087,N,43.1279948,-77.5285338,1/30/10,23:25,PROPERTY DAMAGE AND INJURY,1,0,2,COLLISION WITH MOTOR VEHICLE,LEFT TURN (AGAINST OTHER CAR),TRAFFIC SIGNAL,DARK-ROAD LIGHTED,CLOUDY,WET
13985,33285152,MONROE,Gates,3,390I43037005,N,43.1365477,-77.6653055,1/3/10,12:40,PROPERTY DAMAGE AND INJURY,1,0,1,COLLISION WITH GUIDE RAIL,OTHER,NONE,DAYLIGHT,CLOUDY,SNOW/ICE
13985,33358339,MONROE,Henrietta,3,,Y,43.0362910,-77.7038670,2/23/10,18:17,INJURY,3,0,2,COLLISION WITH MOTOR VEHICLE,RIGHT ANGLE,STOP SIGN,DARK-ROAD LIGHTED,CLOUDY,WET
13985,33316884,MONROE,Henrietta,3, 15A43041113,Y,43.0872620,-77.6092490,1/27/10,18:15,INJURY,2,0,2,COLLISION WITH MOTOR VEHICLE,REAR END,TRAFFIC SIGNAL,DARK-ROAD LIGHTED,CLEAR,DRY
13985,33337524,MONROE,Brighton,3,,N,43.1256199,-77.5925091,2/12/10,16:47,INJURY,1,0,2,COLLISION WITH MOTOR VEHICLE,REAR END,TRAFFIC SIGNAL,DAYLIGHT,CLOUDY,DRY
13985,33360121,MONROE,Henrietta,3,,N,43.0807975,-77.6449467,2/26/10,14:23,PROPERTY DAMAGE AND INJURY,1,0,1,COLLISION WITH FENCE,OTHER,NONE,DAYLIGHT,SNOW,SNOW/ICE
13985,33398207,MONROE,Brighton,3,590 43012000,N,43.1574690,-77.5389770,2/27/10,6:56,PROPERTY DAMAGE AND INJURY,1,0,2,COLLISION WITH MOTOR VEHICLE,HEAD ON,NONE,DAYLIGHT,SNOW,SNOW/ICE
13985,33359930,MONROE,Sweden,3, 31 43031063,N,43.1980991,-77.9093612,2/19/10,22:53,PROPERTY DAMAGE AND INJURY,2,0,1,COLL. W/EARTH ELE./ROCK CUT/DITCH,OTHER,NONE,DARK-ROAD LIGHTED,CLEAR,DRY
13985,33346457,MONROE,Rush,3, 15A43041035,N,42.9890536,-77.6306863,2/17/10,17:33,INJURY,1,0,1,COLLISION WITH GUIDERAIL - END,OTHER,NONE,DUSK,SNOW,SNOW/ICE
13985,33351379,MONROE,Brockport,4, 19 43041057,Y,43.2136590,-77.9390520,1/31/10,1:39,INJURY,1,0,1,COLLISION WITH PEDESTRIAN,OTHER,NONE,DARK-ROAD UNLIGHTED,CLOUDY,SNOW/ICE
13985,33324288,MONROE,Rochester,1,,Y,43.1724450,-77.6125230,1/16/10,10:30,PROPERTY DAMAGE AND INJURY,1,0,2,COLLISION WITH MOTOR VEHICLE,LEFT TURN (AGAINST OTHER CAR),STOP SIGN,DAYLIGHT,CLEAR,DRY
13985,33345900,MONROE,Brighton,3,390I43031136,N,43.1099082,-77.6067131,1/29/10,6:04,PROPERTY DAMAGE AND INJURY,1,0,1,COLLISION WITH OTHER BARRIER,OTHER,NONE,DARK-ROAD LIGHTED,SNOW,SNOW/ICE
13985,33301045,MONROE,Brighton,3,286 43011002,N,43.1575321,-77.5377489,1/15/10,15:50,PROPERTY DAMAGE AND INJURY,1,0,2,COLLISION WITH MOTOR VEHICLE,REAR END,TRAFFIC SIGNAL,DAYLIGHT,CLOUDY,DRY
13985,33300515,MONROE,Gates,3,204 43011021,Y,43.1309270,-77.6858630,1/14/10,13:00,PROPERTY DAMAGE AND INJURY,2,0,2,COLLISION WITH MOTOR VEHICLE,RIGHT ANGLE,STOP SIGN,DAYLIGHT,CLEAR,DRY
13985,33373007,MONROE,Henrietta,3,390I43031119,N,43.0884331,-77.6043248,2/17/10,19:00,PROPERTY DAMAGE AND INJURY,2,0,1,COLLISION WITH MEDIAN/BARRIER,OTHER,NONE,DARK-ROAD UNLIGHTED,SNOW,DRY
13985,33371352,MONROE,Perinton,3, 31 43033088,Y,43.0688776,-77.4363603,2/23/10,13:53,INJURY,1,0,2,COLLISION WITH MOTOR VEHICLE,REAR END,TRAFFIC SIGNAL,DAYLIGHT,CLEAR,DRY
13985,33324279,MONROE,Rochester,1,,N,43.1263620,-77.6497570,1/14/10,12:58,PROPERTY DAMAGE AND INJURY,2,0,2,COLLISION WITH MOTOR VEHICLE,LEFT TURN (WITH OTHER CAR),NONE,DAYLIGHT,CLEAR,WET
13985,33314946,MONROE,Brighton,3,590I43011037,N,43.1270731,-77.5532726,1/8/10,6:55,PROPERTY DAMAGE AND INJURY,1,0,2,COLLISION WITH MOTOR VEHICLE,OVERTAKING,NONE,DAWN,SNOW,SNOW/ICE
13985,33358601,MONROE,Gates,3, 33 43031129,Y,43.1498590,-77.6949109,2/23/10,12:51,PROPERTY DAMAGE AND INJURY,1,0,2,COLLISION WITH MOTOR VEHICLE,REAR END,NONE,DAYLIGHT,CLOUDY,WET
13985,33360817,MONROE,Gates,3, 31 43031147,Y,43.1783665,-77.7534900,2/26/10,15:18,PROPERTY DAMAGE AND INJURY,1,0,2,COLLISION WITH MOTOR VEHICLE,REAR END,TRAFFIC SIGNAL,DAYLIGHT,SNOW,SNOW/ICE
13985,33317661,MONROE,Clarkson,3,,N,43.2433180,-77.8533580,1/28/10,16:50,PROPERTY DAMAGE AND INJURY,1,0,1,COLL. W/EARTH ELE./ROCK CUT/DITCH,OTHER,STOP SIGN,DUSK,SNOW,SNOW/ICE
13985,33293549,MONROE,Sweden,3, 31 43031046,N,43.1983563,-77.9431135,1/6/10,16:45,INJURY,1,0,2,COLLISION WITH MOTOR VEHICLE,REAR END,TRAFFIC SIGNAL,DARK-ROAD LIGHTED,SNOW,SNOW/ICE
13985,33345038,MONROE,Webster,4,104 43035100,N,43.2125063,-77.4282155,2/12/10,10:49,PROPERTY DAMAGE AND INJURY,1,0,2,COLLISION WITH MOTOR VEHICLE,RIGHT ANGLE,NONE,DAYLIGHT,CLOUDY,DRY
13985,33339130,MONROE,Rochester,1,,Y,43.1185000,-77.6265330,2/2/10,8:25,PROPERTY DAMAGE AND INJURY,1,0,2,COLLISION WITH MOTOR VEHICLE,UNKNOWN,STOP SIGN,DAYLIGHT,CLOUDY,WET
13985,33330376,MONROE,Brighton,3,,N,43.1435955,-77.5465921,1/30/10,10:04,PROPERTY DAMAGE AND INJURY,1,0,3,COLLISION WITH CULVERT/HEADWALL,OTHER,NONE,DAYLIGHT,CLOUDY,SNOW/ICE
13985,33336915,MONROE,Perinton,3,,N,43.1086437,-77.4637334,2/7/10,0:40,PROPERTY DAMAGE AND INJURY,1,0,1,COLL. W/EARTH ELE./ROCK CUT/DITCH,OTHER,NONE,DARK-ROAD UNLIGHTED,CLOUDY,DRY
13985,33316195,MONROE,Rochester,1,,N,43.1564630,-77.6254344,1/5/10,18:01,INJURY,1,0,1,COLL. W/LIGHT SUPPORT/UTILITY POLE,OTHER,NONE,DARK-ROAD LIGHTED,CLOUDY,SLUSH
13985,33354238,MONROE,Rochester,1, 31 43032008,Y,43.1646610,-77.6606300,2/13/10,9:00,PROPERTY DAMAGE AND INJURY,1,0,2,COLLISION WITH MOTOR VEHICLE,RIGHT ANGLE,STOP SIGN,DAYLIGHT,SNOW,SNOW/ICE
13985,33337519,MONROE,Irondequoit,3,,N,43.1882499,-77.5580715,2/10/10,7:40,PROPERTY DAMAGE AND INJURY,2,0,2,COLLISION WITH MOTOR VEHICLE,REAR END,NONE,DAYLIGHT,SNOW,WET
13985,33346488,MONROE,Henrietta,3,,N,43.0484696,-77.5987861,2/17/10,14:03,INJURY,1,0,1,COLLISION WITH TREE,OTHER,NONE,DAYLIGHT,SNOW,SNOW/ICE
13985,33354919,MONROE,Rochester,1,,Y,43.1819994,-77.6251269,2/5/10,11:35,INJURY,1,0,2,COLLISION WITH MOTOR VEHICLE,REAR END,NONE,DAYLIGHT,CLOUDY,DRY
13985,33306667,MONROE,Gates,3, 31 43031174,N,43.1693213,-77.7010687,1/22/10,16:02,PROPERTY DAMAGE AND INJURY,1,0,2,COLLISION WITH MOTOR VEHICLE,RIGHT ANGLE,NONE,DAYLIGHT,CLEAR,DRY
13985,33362362,MONROE,Rochester,1, 31 43032049,Y,43.1465040,-77.5936210,2/16/10,19:32,PROPERTY DAMAGE AND INJURY,1,0,2,COLLISION WITH MOTOR VEHICLE,LEFT TURN (AGAINST OTHER CAR),NONE,DARK-ROAD LIGHTED,SNOW,WET
13985,33318353,MONROE,Irondequoit,3,,N,43.1959180,-77.5770987,1/29/10,14:26,PROPERTY DAMAGE AND INJURY,1,0,1,COLLISION WITH CURBING,OTHER,TRAFFIC SIGNAL,DAYLIGHT,SNOW,SNOW/ICE
13985,33291595,MONROE,Brighton,3, 31 43033016,N,43.1183383,-77.5556105,1/8/10,10:37,PROPERTY DAMAGE AND INJURY,1,0,2,COLLISION WITH MOTOR VEHICLE,RIGHT ANGLE,TRAFFIC SIGNAL,DAYLIGHT,SNOW,SNOW/ICE
13985,33353902,MONROE,Rochester,1,,N,43.1282488,-77.6406194,2/11/10,7:35,PROPERTY DAMAGE AND INJURY,1,0,2,COLLISION WITH MOTOR VEHICLE,RIGHT ANGLE,STOP SIGN,DAYLIGHT,SNOW,SNOW/ICE
13985,33318507,MONROE,Henrietta,3,390I43031090,N,43.0589095,-77.6412948,1/29/10,9:12,PROPERTY DAMAGE AND INJURY,1,0,1,COLLISION WITH GUIDE RAIL,OTHER,NONE,DAYLIGHT,CLOUDY,SNOW/ICE
13985,33339448,MONROE,Rochester,1,,Y,43.1352851,-77.5940450,1/26/10,9:15,PROPERTY DAMAGE AND INJURY,1,0,1,COLLISION WITH TREE,OTHER,NONE,DAYLIGHT,CLOUDY,SNOW/ICE
13985,33318711,MONROE,Rochester,1,,N,43.1634110,-77.6247870,1/8/10,20:12,PROPERTY DAMAGE AND INJURY,1,0,2,COLLISION WITH MOTOR VEHICLE,RIGHT ANGLE,TRAFFIC SIGNAL,DARK-ROAD LIGHTED,SNOW,SNOW/ICE
13985,33332916,MONROE,Rush,3,251 43011145,N,43.0032640,-77.6957503,2/8/10,0:20,INJURY,1,0,1,COLLISION WITH CURBING,OTHER,NONE,DARK-ROAD UNLIGHTED,CLOUDY,DRY
13985,33339458,MONROE,Rochester,1,104 43032005,N,43.2031451,-77.6509576,1/27/10,9:15,INJURY,1,0,2,COLLISION WITH MOTOR VEHICLE,REAR END,TRAFFIC SIGNAL,DAYLIGHT,SNOW,WET
13985,33362268,MONROE,Rochester,1,,Y,43.1574120,-77.6439740,2/6/10,14:20,INJURY,1,0,2,COLLISION WITH MOTOR VEHICLE,RIGHT ANGLE,TRAFFIC SIGNAL,DAYLIGHT,SNOW,SNOW/ICE
13985,33351203,MONROE,Brighton,3,590I43011024,N,43.1086527,-77.5608396,2/3/10,17:40,INJURY,1,0,3,COLLISION WITH MOTOR VEHICLE,OTHER,NONE,DUSK,CLOUDY,WET
13985,33293003,MONROE,Gates,3, 31 43031178,Y,43.1666100,-77.6952060,1/10/10,8:56,PROPERTY DAMAGE AND INJURY,1,0,2,COLLISION WITH MOTOR VEHICLE,REAR END,TRAFFIC SIGNAL,DAYLIGHT,CLOUDY,DRY
13985,33330959,MONROE,Gates,3,940L43011009,N,43.1446845,-77.6910190,2/4/10,9:15,INJURY,1,0,1,COLLISION WITH PEDESTRIAN,OTHER,NONE,DAYLIGHT,CLEAR,SNOW/ICE
13985,33292485,MONROE,Irondequoit,3,590 43013005,N,43.1737054,-77.5411231,1/8/10,7:26,INJURY,1,0,2,COLLISION WITH OTHER BARRIER,HEAD ON,NONE,DAYLIGHT,SNOW,SNOW/ICE
13985,33344527,MONROE,Penfield,3,104 43035057,Y,43.1898660,-77.5039131,2/12/10,11:27,PROPERTY DAMAGE AND INJURY,2,0,2,COLLISION WITH MOTOR VEHICLE,RIGHT ANGLE,STOP SIGN,DAYLIGHT,CLOUDY,DRY
13985,33345189,MONROE,Henrietta,3,,N,43.0467763,-77.6091082,2/14/10,19:37,PROPERTY DAMAGE AND INJURY,3,0,1,COLLISION WITH TREE,OTHER,NONE,DARK-ROAD UNLIGHTED,CLOUDY,DRY
13985,33361014,MONROE,Greece,3,,Y,43.2149785,-77.6609262,2/8/10,18:38,PROPERTY DAMAGE AND INJURY,1,0,3,COLLISION WITH MOTOR VEHICLE,OTHER,TRAFFIC SIGNAL,DARK-ROAD LIGHTED,CLEAR,DRY
13985,33323907,MONROE,Rochester,1, 15 43032028,Y,43.1528750,-77.6047900,1/14/10,11:46,PROPERTY DAMAGE AND INJURY,3,0,2,COLLISION WITH MOTOR VEHICLE,RIGHT ANGLE,TRAFFIC SIGNAL,DAYLIGHT,CLOUDY,WET
13985,33354939,MONROE,Rochester,1,,Y,43.1711673,-77.6029290,2/8/10,18:13,INJURY,1,0,1,COLLISION WITH PEDESTRIAN,OTHER,NONE,DARK-ROAD LIGHTED,CLEAR,DRY