QUERYID,CASE #,REGN_CNTY_CDE,Municipality,MUNITYPE,REF_MRKR,ATINTERSECTION_IND,Lat,Long,,Time,Crash Type,Injuries,Fatalities,Number of Vehicles,ACCD_TYP,COLLISION_TYP,TRAF_CNTL,Light Condition,Weather Condition,Road Surface Condition
13985,33336094,MONROE,Brighton,3,286A43011002,N,43.1492740,-77.5401499,2/8/10,12:10,PROPERTY DAMAGE AND INJURY,1,0,2,COLLISION WITH MOTOR VEHICLE,LEFT TURN (WITH OTHER CAR),TRAFFIC SIGNAL,DAYLIGHT,CLOUDY,DRY
13985,33332866,MONROE,Brighton,3,590I43012004,N,43.1431786,-77.5472907,2/7/10,7:48,PROPERTY DAMAGE AND INJURY,1,0,1,COLLISION WITH OTHER BARRIER,OTHER,NONE,DAYLIGHT,CLOUDY,SNOW/ICE
13985,33331325,MONROE,Henrietta,3,,N,43.0799186,-77.6247256,2/3/10,23:35,PROPERTY DAMAGE AND INJURY,1,0,1,COLL. W/EARTH ELE./ROCK CUT/DITCH,OTHER,NONE,DARK-ROAD LIGHTED,CLOUDY,SNOW/ICE
13985,33354929,MONROE,Rochester,1,940M43011016,N,43.1871200,-77.6306080,2/8/10,15:06,INJURY,1,0,1,COLLISION WITH PEDESTRIAN,OTHER,NONE,DAYLIGHT,CLEAR,DRY
13985,33336134,MONROE,Rochester,1,,Y,43.2115230,-77.5600430,2/8/10,23:35,PROPERTY DAMAGE AND INJURY,1,0,2,COLLISION WITH MOTOR VEHICLE,REAR END,TRAFFIC SIGNAL,DARK-ROAD LIGHTED,CLOUDY,DRY
13985,35647751,MONROE,Gates,3, 31 43031172,N,43.1705702,-77.7062894,1/28/10,17:54,PROPERTY DAMAGE AND INJURY,2,0,3,COLLISION WITH MOTOR VEHICLE,OTHER,UNKNOWN,DARK-ROAD UNLIGHTED,CLEAR,WET
13985,33364469,MONROE,Rochester,1,,Y,43.1774400,-77.5912280,2/22/10,16:56,INJURY,3,0,2,COLLISION WITH MOTOR VEHICLE,RIGHT ANGLE,STOP SIGN,DUSK,SNOW,SNOW/ICE
13985,33368184,MONROE,Rochester,1,940M43011012,Y,43.1809370,-77.6317380,2/20/10,2:28,INJURY,2,0,2,COLLISION WITH MOTOR VEHICLE,REAR END,TRAFFIC SIGNAL,DARK-ROAD LIGHTED,CLOUDY,WET
13985,33328959,MONROE,Clarkson,3,,N,43.2256419,-77.8935399,1/31/10,13:47,INJURY,1,0,1,COLLISION WITH OTHER FIXED OBJECT,OTHER,NONE,DAYLIGHT,CLEAR,DRY
13985,33304109,MONROE,Henrietta,3,252 43011102,Y,43.0872860,-77.5732830,1/20/10,17:59,PROPERTY DAMAGE AND INJURY,1,0,2,COLLISION WITH MOTOR VEHICLE,RIGHT ANGLE,STOP SIGN,DARK-ROAD LIGHTED,CLEAR,DRY
13985,33328205,MONROE,Webster,3,,Y,43.2256450,-77.5100240,1/29/10,22:03,FATAL,0,1,1,COLL. W/LIGHT SUPPORT/UTILITY POLE,OTHER,NONE,DARK-ROAD UNLIGHTED,SNOW,SNOW/ICE
13985,33344985,MONROE,Henrietta,3,390I43031122,N,43.0951850,-77.6020710,2/16/10,15:23,INJURY,1,0,2,COLLISION WITH MOTOR VEHICLE,REAR END,TRAFFIC SIGNAL,DAYLIGHT,CLOUDY,DRY
13985,33347822,MONROE,Irondequoit,3,104 43035036,N,43.1772364,-77.5318361,2/16/10,19:11,PROPERTY DAMAGE AND INJURY,2,0,3,COLLISION WITH MOTOR VEHICLE,OTHER,NO PASSING ZONE,DARK-ROAD LIGHTED,SNOW,WET
13985,33315149,MONROE,Penfield,3,286 43011018,Y,43.1536660,-77.5060250,1/24/10,10:50,PROPERTY DAMAGE AND INJURY,1,0,2,COLLISION WITH MOTOR VEHICLE,LEFT TURN (AGAINST OTHER CAR),TRAFFIC SIGNAL,DAYLIGHT,CLOUDY,DRY
13985,33359279,MONROE,Webster,3,104 43035079,N,43.2059646,-77.4714316,2/23/10,14:49,PROPERTY DAMAGE AND INJURY,1,0,2,COLLISION WITH MOTOR VEHICLE,REAR END,TRAFFIC SIGNAL,DAYLIGHT,RAIN,WET
13985,33339454,MONROE,Rochester,1,,Y,43.1718520,-77.5937070,1/28/10,10:44,PROPERTY DAMAGE AND INJURY,1,0,2,COLLISION WITH MOTOR VEHICLE,RIGHT ANGLE,NONE,DAYLIGHT,CLOUDY,WET
13985,33328973,MONROE,Webster,3,104 43035083,Y,43.2083710,-77.4622500,1/31/10,17:44,PROPERTY DAMAGE AND INJURY,1,0,4,COLLISION WITH MOTOR VEHICLE,OTHER,TRAFFIC SIGNAL,DARK-ROAD LIGHTED,CLOUDY,WET
13985,33360096,MONROE,Henrietta,3,252 43011079,Y,43.0871070,-77.6173230,2/21/10,2:32,PROPERTY DAMAGE AND INJURY,2,0,2,COLLISION WITH MOTOR VEHICLE,LEFT TURN (AGAINST OTHER CAR),TRAFFIC SIGNAL,DARK-ROAD LIGHTED,CLEAR,DRY
13985,33316657,MONROE,Henrietta,3,,N,43.0457422,-77.6591177,1/28/10,14:28,INJURY,1,0,2,COLLISION WITH MOTOR VEHICLE,RIGHT ANGLE,TRAFFIC SIGNAL,DAYLIGHT,CLEAR,SNOW/ICE
13985,33283463,MONROE,Irondequoit,3, 18 43035016,N,43.2165846,-77.5464778,1/2/10,8:42,PROPERTY DAMAGE AND INJURY,1,0,2,COLLISION WITH MOTOR VEHICLE,RIGHT ANGLE,STOP SIGN,DAYLIGHT,CLOUDY,SNOW/ICE
13985,33305842,MONROE,Rochester,1,490I43022053,N,43.1428417,-77.5785686,1/21/10,3:45,PROPERTY DAMAGE AND INJURY,2,0,1,COLLISION WITH OTHER BARRIER,OTHER,NONE,DARK-ROAD LIGHTED,CLOUDY,DRY
13985,33317549,MONROE,Brighton,3, 15A43041128,N,43.1077322,-77.6159259,1/28/10,13:50,PROPERTY DAMAGE AND INJURY,2,0,3,COLLISION WITH MOTOR VEHICLE,OTHER,TRAFFIC SIGNAL,DAYLIGHT,SNOW,SNOW/ICE
13985,33365634,MONROE,Rochester,1,940M43011018,Y,43.1902740,-77.6298680,2/18/10,13:53,PROPERTY DAMAGE AND INJURY,3,0,2,COLLISION WITH MOTOR VEHICLE,RIGHT ANGLE,NONE,DAYLIGHT,CLEAR,SNOW/ICE
13985,33354935,MONROE,Rochester,1,,N,43.1635788,-77.6687767,2/8/10,16:40,INJURY,1,0,2,COLLISION WITH MOTOR VEHICLE,RIGHT ANGLE,NONE,DAYLIGHT,CLEAR,SNOW/ICE
13985,33318490,MONROE,Henrietta,3,,Y,43.0782230,-77.6287070,1/30/10,15:45,PROPERTY DAMAGE AND INJURY,1,0,2,COLLISION WITH MOTOR VEHICLE,HEAD ON,TRAFFIC SIGNAL,DAYLIGHT,CLOUDY,WET
13985,33365651,MONROE,Rochester,1,,N,43.1565907,-77.6089298,2/2/10,14:35,INJURY,1,0,1,COLLISION WITH PEDESTRIAN,OTHER,NONE,DAYLIGHT,CLEAR,DRY
13985,33360117,MONROE,Greece,3, 18 43031161,Y,43.2536096,-77.7329606,2/5/10,6:43,INJURY,1,0,2,COLLISION WITH MOTOR VEHICLE,REAR END,TRAFFIC SIGNAL,DARK-ROAD LIGHTED,CLOUDY,WET
13985,33313857,MONROE,Rochester,1,,Y,43.1709750,-77.6074800,1/2/10,14:33,PROPERTY DAMAGE AND INJURY,1,0,2,COLLISION WITH MOTOR VEHICLE,LEFT TURN (AGAINST OTHER CAR),TRAFFIC SIGNAL,DAYLIGHT,SNOW,SNOW/ICE
13985,33302904,MONROE,Henrietta,3,,N,43.0525598,-77.5966366,1/13/10,17:44,PROPERTY DAMAGE AND INJURY,2,0,2,COLLISION WITH MOTOR VEHICLE,HEAD ON,NONE,DARK-ROAD UNLIGHTED,CLOUDY,DRY
13985,33326504,MONROE,Webster,3,104 43035230,N,43.2137370,-77.5155469,1/8/10,10:30,PROPERTY DAMAGE AND INJURY,1,0,1,COLLISION WITH GUIDE RAIL,OTHER,NONE,DAYLIGHT,SNOW,SNOW/ICE
13985,33376778,MONROE,Pittsford,3,441 43011116,N,43.1235414,-77.5052082,2/25/10,16:45,PROPERTY DAMAGE AND INJURY,1,0,1,COLLISION WITH GUIDE RAIL,OTHER,NONE,DAYLIGHT,SNOW,SNOW/ICE
13985,33285284,MONROE,Pittsford,3,490I43023033,N,43.1098231,-77.5069716,1/3/10,19:05,PROPERTY DAMAGE AND INJURY,1,0,1,COLLISION WITH GUIDE RAIL,OTHER,NONE,DARK-ROAD LIGHTED,SNOW,SNOW/ICE
13985,33345557,MONROE,Gates,3,204 43011023,Y,43.1306500,-77.6816290,2/18/10,15:26,PROPERTY DAMAGE AND INJURY,1,0,2,COLLISION WITH MOTOR VEHICLE,LEFT TURN (AGAINST OTHER CAR),NONE,DAYLIGHT,CLOUDY,WET
13985,33316220,MONROE,Rochester,1,,N,43.1712493,-77.6074887,1/1/10,16:11,PROPERTY DAMAGE AND INJURY,1,0,1,COLLISION WITH FENCE,OTHER,NONE,DAYLIGHT,CLOUDY,WET
13985,33283606,MONROE,Gates,3,,N,43.1415341,-77.6680413,1/1/10,20:29,INJURY,1,0,1,COLL. W/LIGHT SUPPORT/UTILITY POLE,OTHER,NONE,DARK-ROAD LIGHTED,SNOW,SNOW/ICE
13985,33357716,MONROE,Rochester,1,,Y,43.2115230,-77.5600430,2/16/10,20:00,PROPERTY DAMAGE AND INJURY,2,0,2,COLLISION WITH MOTOR VEHICLE,RIGHT ANGLE,TRAFFIC SIGNAL,DARK-ROAD LIGHTED,CLOUDY,WET
13985,33292995,MONROE,Pittsford,4, 96 43051057,Y,43.0892280,-77.5163370,1/6/10,20:34,INJURY,1,0,1,COLLISION WITH PEDESTRIAN,OTHER,NONE,DARK-ROAD LIGHTED,CLEAR,WET
13985,33351787,MONROE,Rochester,1, 33 43032019,Y,43.1499970,-77.6375290,1/31/10,14:23,PROPERTY DAMAGE AND INJURY,2,0,2,COLLISION WITH MOTOR VEHICLE,LEFT TURN (WITH OTHER CAR),TRAFFIC SIGNAL,DAYLIGHT,CLOUDY,DRY
13985,33293860,MONROE,Brighton,3, 31 43033023,N,43.1103582,-77.5468169,1/12/10,18:01,INJURY,1,0,2,COLLISION WITH MOTOR VEHICLE,REAR END,TRAFFIC SIGNAL,DARK-ROAD LIGHTED,CLOUDY,DRY
13985,33285970,MONROE,Brighton,3,390I43031137,Y,43.1094140,-77.6084630,1/5/10,2:14,PROPERTY DAMAGE AND INJURY,1,0,2,COLLISION WITH MOTOR VEHICLE,RIGHT ANGLE,NONE,DARK-ROAD LIGHTED,SNOW,SNOW/ICE
13985,33293571,MONROE,Rochester,1,104 43032020,N,43.1942371,-77.6241006,1/5/10,7:51,PROPERTY DAMAGE AND INJURY,1,0,1,COLL. W/LIGHT SUPPORT/UTILITY POLE,OTHER,NONE,DAWN,SNOW,SNOW/ICE
13985,33359035,MONROE,Mendon,3,940J43011000,Y,42.9603580,-77.6201840,2/24/10,17:35,INJURY,1,0,2,COLLISION WITH MOTOR VEHICLE,REAR END,NONE,DAYLIGHT,CLEAR,DRY
13985,33356060,MONROE,Rochester,1,,N,43.1599094,-77.5939742,2/11/10,11:41,PROPERTY DAMAGE AND INJURY,1,0,2,COLLISION WITH MOTOR VEHICLE,RIGHT ANGLE,NONE,DAYLIGHT,CLEAR,DRY
13985,33332861,MONROE,Irondequoit,3,,N,43.2017144,-77.5677957,2/1/10,11:30,PROPERTY DAMAGE AND INJURY,2,0,2,COLLISION WITH MOTOR VEHICLE,REAR END,TRAFFIC SIGNAL,DAYLIGHT,CLEAR,WET
13985,33323909,MONROE,Rochester,1,,Y,43.1888840,-77.5610360,1/17/10,9:28,PROPERTY DAMAGE AND INJURY,1,0,2,COLLISION WITH MOTOR VEHICLE,UNKNOWN,NONE,DAYLIGHT,CLEAR,DRY
13985,33339733,MONROE,Rochester,1,940M43011017,Y,43.1889230,-77.6301880,1/20/10,20:15,INJURY,1,0,2,COLLISION WITH MOTOR VEHICLE,RIGHT ANGLE,TRAFFIC SIGNAL,DARK-ROAD LIGHTED,CLOUDY,DRY
13985,33319638,MONROE,Hamlin,3,,N,43.3100060,-77.9431972,1/29/10,9:00,PROPERTY DAMAGE AND INJURY,1,0,2,COLLISION WITH MOTOR VEHICLE,REAR END,NONE,DAYLIGHT,SNOW,SNOW/ICE
13985,33319837,MONROE,Rochester,1,,N,43.1623677,-77.6388490,1/8/10,12:05,PROPERTY DAMAGE AND INJURY,1,0,2,COLLISION WITH MOTOR VEHICLE,SIDESWIPE,UNKNOWN,DAYLIGHT,SNOW,SNOW/ICE
13985,33301846,MONROE,Brighton,3,,Y,43.1124220,-77.5594990,1/16/10,9:30,PROPERTY DAMAGE AND INJURY,1,0,2,COLLISION WITH MOTOR VEHICLE,RIGHT TURN (AGAINST OTHER CAR),STOP SIGN,DAYLIGHT,CLEAR,DRY
13984,35168835,MONROE,Rochester,1,,Y,43.1422160,-77.6360250,2/14/14,7:32,PROPERTY DAMAGE AND INJURY,1,0,2,COLLISION WITH MOTOR VEHICLE,REAR END,TRAFFIC SIGNAL,DAYLIGHT,SNOW,SNOW/ICE
13984,34740103,MONROE,Rochester,1,,N,43.1429281,-77.5941609,4/12/13,6:08,INJURY,1,0,1,COLLISION WITH PEDESTRIAN,OTHER,TRAFFIC SIGNAL,DARK-ROAD UNLIGHTED,RAIN,WET
13984,35339014,MONROE,Brighton,3,590I43011030,N,43.1148481,-77.5518095,7/21/14,17:43,PROPERTY DAMAGE AND INJURY,1,0,2,COLLISION WITH MOTOR VEHICLE,REAR END,NONE,DAYLIGHT,CLEAR,DRY
13984,35327406,MONROE,Rochester,1,,Y,43.1597290,-77.5662550,7/1/14,13:14,PROPERTY DAMAGE AND INJURY,1,0,2,COLLISION WITH MOTOR VEHICLE,REAR END,TRAFFIC SIGNAL,DAYLIGHT,CLOUDY,DRY
13984,35316050,MONROE,East Rochester,4,,N,43.1188591,-77.4864254,7/3/14,8:55,PROPERTY DAMAGE AND INJURY,1,0,3,COLLISION WITH MOTOR VEHICLE,OTHER,OTHER,DAYLIGHT,RAIN,WET
13984,35397556,MONROE,Rochester,1,,Y,43.2039350,-77.6569650,9/9/14,9:25,PROPERTY DAMAGE AND INJURY,2,0,2,COLLISION WITH MOTOR VEHICLE,REAR END,TRAFFIC SIGNAL,DAYLIGHT,CLEAR,DRY
13984,34925889,MONROE,Rochester,1,,N,43.1456114,-77.5926503,9/13/13,11:47,PROPERTY DAMAGE AND INJURY,2,0,1,COLLISION WITH PEDESTRIAN,OTHER,TRAFFIC SIGNAL,DAYLIGHT,RAIN,WET
13984,34925860,MONROE,Rochester,1,,N,43.1938100,-77.6293731,9/13/13,20:19,INJURY,3,0,2,COLLISION WITH MOTOR VEHICLE,RIGHT ANGLE,NONE,DARK-ROAD UNLIGHTED,RAIN,WET
13984,34798352,MONROE,Rochester,1,,N,43.1442592,-77.5934020,5/17/13,16:40,PROPERTY DAMAGE AND INJURY,1,0,4,COLLISION WITH MOTOR VEHICLE,OTHER,NONE,DAYLIGHT,CLEAR,DRY
13984,35090781,MONROE,Rochester,1,,Y,43.1381510,-77.5969580,1/13/14,9:04,PROPERTY DAMAGE AND INJURY,1,0,2,COLLISION WITH MOTOR VEHICLE,RIGHT ANGLE,STOP SIGN,DAYLIGHT,CLOUDY,DRY
13984,34952841,MONROE,Rochester,1,490I43022006,N,43.1573097,-77.6607086,10/1/13,7:45,PROPERTY DAMAGE AND INJURY,1,0,2,COLLISION WITH MOTOR VEHICLE,REAR END,NONE,DAYLIGHT,CLEAR,DRY
13984,35318859,MONROE,Ogden,3,259 43011046,Y,43.1588788,-77.8053405,6/18/14,18:54,PROPERTY DAMAGE AND INJURY,1,0,2,COLLISION WITH MOTOR VEHICLE,HEAD ON,NONE,DAYLIGHT,CLOUDY,DRY
13984,35132161,MONROE,Gates,3,,N,43.1387975,-77.6927057,2/10/14,9:14,PROPERTY DAMAGE AND INJURY,1,0,1,COLLISION WITH OTHER,OTHER,NONE,DAYLIGHT,CLEAR,WET
13984,35241811,MONROE,Pittsford,3,490I43023043,N,43.0961467,-77.5010829,4/23/14,1:31,PROPERTY DAMAGE AND INJURY,1,0,1,COLLISION WITH DEER,OTHER,NONE,DARK-ROAD UNLIGHTED,CLEAR,DRY
13984,34923271,MONROE,Rochester,1,,N,43.2058520,-77.5620040,9/13/13,10:05,PROPERTY DAMAGE AND INJURY,1,0,2,COLLISION WITH MOTOR VEHICLE,REAR END,NO PASSING ZONE,DAYLIGHT,RAIN,WET
13984,35324555,MONROE,Rochester,1,,Y,43.1715140,-77.5599020,7/11/14,17:48,PROPERTY DAMAGE AND INJURY,2,0,2,COLLISION WITH MOTOR VEHICLE,HEAD ON,TRAFFIC SIGNAL,DAYLIGHT,CLEAR,DRY
13984,35125858,MONROE,Penfield,3,,Y,43.1816200,-77.4004000,2/4/14,7:56,PROPERTY DAMAGE AND INJURY,1,0,2,COLLISION WITH MOTOR VEHICLE,RIGHT ANGLE,STOP SIGN,DAYLIGHT,CLEAR,DRY
13984,35125840,MONROE,Pittsford,3, 31 43033027,N,43.1059120,-77.5415316,1/25/14,23:51,PROPERTY DAMAGE AND INJURY,2,0,2,COLLISION WITH MOTOR VEHICLE,RIGHT ANGLE,NONE,DARK-ROAD LIGHTED,SNOW,SNOW/ICE
13984,35125838,MONROE,Pittsford,3,490I43023048,N,43.0897054,-77.4991664,1/25/14,21:35,INJURY,1,0,1,COLLISION WITH MEDIAN/BARRIER - END,OTHER,NONE,DARK-ROAD LIGHTED,SNOW,SNOW/ICE
13984,34740585,MONROE,Wheatland,3,,N,43.0058260,-77.9078011,4/18/13,3:37,PROPERTY DAMAGE AND INJURY,1,0,1,COLL. W/EARTH ELE./ROCK CUT/DITCH,OTHER,NO PASSING ZONE,DARK-ROAD UNLIGHTED,CLEAR,DRY
13984,35377117,MONROE,Rochester,1, 15 43032008,N,43.1246340,-77.6175109,8/1/14,10:04,INJURY,1,0,2,COLLISION WITH MOTOR VEHICLE,REAR END,TRAFFIC SIGNAL,DAYLIGHT,CLEAR,DRY
13984,35185650,MONROE,Rochester,1, 31 43032048,Y,43.1471220,-77.5947010,3/14/14,13:06,PROPERTY DAMAGE AND INJURY,1,0,2,COLLISION WITH MOTOR VEHICLE,REAR END,TRAFFIC SIGNAL,DAYLIGHT,CLEAR,DRY
13984,35482756,MONROE,Gates,3,,N,43.1419290,-77.7322830,11/16/14,2:10,PROPERTY DAMAGE AND INJURY,1,0,1,COLLISION WITH OTHER FIXED OBJECT,OTHER,NONE,DARK-ROAD LIGHTED,CLEAR,DRY
13984,35355200,MONROE,Gates,3, 31 43031174,Y,43.1695068,-77.7014848,8/10/14,10:32,INJURY,1,0,2,COLLISION WITH MOTOR VEHICLE,REAR END,TRAFFIC SIGNAL,DAYLIGHT,CLEAR,DRY
13984,34813298,MONROE,Rochester,1,,Y,43.2072210,-77.5620310,6/16/13,19:27,INJURY,2,0,2,COLLISION WITH MOTOR VEHICLE,HEAD ON,TRAFFIC SIGNAL,DAYLIGHT,CLEAR,DRY
13984,35306908,MONROE,Webster,3,,N,43.2269040,-77.4466506,6/26/14,17:31,PROPERTY DAMAGE AND INJURY,2,0,2,COLLISION WITH MOTOR VEHICLE,REAR END,NONE,DAYLIGHT,CLEAR,DRY
13984,34882860,MONROE,Gates,3,390I43035001,N,43.1267915,-77.6577384,8/8/13,22:59,INJURY,1,0,1,OTHER NON-COLLISION,OTHER,NONE,DARK-ROAD LIGHTED,CLOUDY,WET
13984,34904723,MONROE,Irondequoit,3,,N,43.1954623,-77.5845951,8/21/13,16:50,INJURY,1,0,2,COLLISION WITH MOTOR VEHICLE,LEFT TURN (AGAINST OTHER CAR),HIGHWAY WORK AREA,DAYLIGHT,CLEAR,DRY
13984,34982413,MONROE,Greece,3,,Y,43.2237040,-77.6998491,10/10/13,17:54,PROPERTY DAMAGE AND INJURY,1,0,2,COLLISION WITH MOTOR VEHICLE,UNKNOWN,STOP SIGN,DUSK,CLEAR,DRY
13984,34697863,MONROE,Rush,3, 15A43041030,N,42.9854663,-77.6235625,3/14/13,16:10,PROPERTY DAMAGE AND INJURY,3,0,2,COLLISION WITH MOTOR VEHICLE,HEAD ON,NONE,DAYLIGHT,CLEAR,DRY
13984,35480501,MONROE,Rochester,1,,Y,43.1593410,-77.6439900,11/3/14,17:31,INJURY,1,0,2,COLLISION WITH MOTOR VEHICLE,REAR END,TRAFFIC SIGNAL,DARK-ROAD LIGHTED,CLOUDY,DRY
13984,34994529,MONROE,Penfield,3,404 43035044,N,43.1742352,-77.5161739,11/5/13,20:07,PROPERTY DAMAGE AND INJURY,1,0,2,COLLISION WITH MOTOR VEHICLE,LEFT TURN (WITH OTHER CAR),NONE,DARK-ROAD LIGHTED,CLEAR,DRY
13984,34736517,MONROE,Rochester,1,,N,43.1927030,-77.6328568,4/15/13,15:43,INJURY,1,0,2,COLLISION WITH MOTOR VEHICLE,HEAD ON,NONE,DAYLIGHT,CLOUDY,DRY
13984,35574598,MONROE,Rochester,1,,N,43.1679180,-77.5888380,11/29/14,1:10,PROPERTY DAMAGE AND INJURY,2,0,1,COLLISION WITH TREE,OTHER,NONE,DARK-ROAD LIGHTED,CLEAR,DRY
13984,35051039,MONROE,Greece,3, 18 43031149,Y,43.2590900,-77.7508589,12/20/13,15:48,PROPERTY DAMAGE AND INJURY,1,0,2,COLLISION WITH MOTOR VEHICLE,REAR END,NONE,DAYLIGHT,RAIN,WET
13984,34747080,MONROE,Greece,3,104 43031155,Y,43.2101480,-77.7033860,4/4/13,18:10,PROPERTY DAMAGE AND INJURY,1,0,2,COLLISION WITH MOTOR VEHICLE,REAR END,TRAFFIC SIGNAL,DAYLIGHT,CLEAR,DRY
13984,35050979,MONROE,Gates,3, 33 43031121,N,43.1471208,-77.7110615,12/21/13,22:25,PROPERTY DAMAGE AND INJURY,1,0,2,COLLISION WITH MOTOR VEHICLE,RIGHT TURN (WITH OTHER CAR),TRAFFIC SIGNAL,DARK-ROAD LIGHTED,RAIN,WET
13984,34736432,MONROE,Perinton,3, 96 43051013,N,43.0447948,-77.4663588,4/12/13,8:05,PROPERTY DAMAGE AND INJURY,1,0,2,COLLISION WITH MOTOR VEHICLE,REAR END,NONE,DAYLIGHT,RAIN,WET
13984,35159663,MONROE,Brighton,3, 15 43031122,N,43.1039872,-77.6279177,2/28/14,13:05,PROPERTY DAMAGE AND INJURY,1,0,3,COLLISION WITH MOTOR VEHICLE,OTHER,NONE,DAYLIGHT,CLEAR,WET
13984,35488452,MONROE,Greece,3,,N,43.2045187,-77.6952359,11/12/14,9:51,INJURY,1,0,1,COLLISION WITH PEDESTRIAN,OTHER,NONE,DAYLIGHT,CLOUDY,DRY
13984,35159570,MONROE,Parma,3,,Y,43.2857052,-77.8332600,2/28/14,16:10,PROPERTY DAMAGE AND INJURY,1,0,2,COLLISION WITH MOTOR VEHICLE,RIGHT ANGLE,STOP SIGN,DAYLIGHT,CLEAR,DRY
13984,34712713,MONROE,Henrietta,3,252 43011088,Y,43.0871180,-77.6014250,3/26/13,12:30,PROPERTY DAMAGE AND INJURY,1,0,2,COLLISION WITH MOTOR VEHICLE,REAR END,OTHER,DAYLIGHT,CLEAR,DRY
13984,35159501,MONROE,Brighton,3,252 43011047,N,43.0923507,-77.6793080,1/24/14,18:02,PROPERTY DAMAGE AND INJURY,1,0,2,COLLISION WITH MOTOR VEHICLE,LEFT TURN (AGAINST OTHER CAR),TRAFFIC SIGNAL,DARK-ROAD LIGHTED,CLEAR,DRY
13984,34954234,MONROE,Brockport,4, 19 43041058,N,43.2152788,-77.9385639,10/4/13,15:43,PROPERTY DAMAGE AND INJURY,1,0,2,COLLISION WITH MOTOR VEHICLE,REAR END,NONE,DAYLIGHT,CLOUDY,DRY
13984,35422094,MONROE,Henrietta,3,390I43031065,N,43.0269597,-77.6554970,10/1/14,7:45,INJURY,2,0,2,COLLISION WITH MOTOR VEHICLE,REAR END,NONE,DAYLIGHT,CLOUDY,WET
13984,34730156,MONROE,Rochester,1,,N,43.1646337,-77.6240005,3/24/13,20:15,INJURY,1,0,3,COLLISION WITH MOTOR VEHICLE,OTHER,NONE,DARK-ROAD LIGHTED,CLOUDY,DRY
13984,35137067,MONROE,Brighton,3, 65 43031139,Y,43.1270160,-77.5467921,2/16/14,12:30,PROPERTY DAMAGE AND INJURY,2,0,2,COLLISION WITH MOTOR VEHICLE,RIGHT ANGLE,TRAFFIC SIGNAL,DAYLIGHT,SNOW,WET
13984,34776304,MONROE,Chili,3,252 43011041,N,43.0934561,-77.6911308,5/10/13,22:41,PROPERTY DAMAGE AND INJURY,1,0,1,COLLISION WITH SIGN POST,OTHER,STOP SIGN,DARK-ROAD LIGHTED,RAIN,WET
13984,35137013,MONROE,Pittsford,3,490I43023030,N,43.1148862,-77.5063159,2/9/14,15:02,PROPERTY DAMAGE AND INJURY,1,0,1,COLLISION WITH GUIDE RAIL,OTHER,NONE,DAYLIGHT,SNOW,SNOW/ICE
13984,35490406,MONROE,Rochester,1,,Y,43.1593410,-77.6439900,11/28/14,7:32,PROPERTY DAMAGE AND INJURY,1,0,2,COLLISION WITH MOTOR VEHICLE,REAR END,TRAFFIC SIGNAL,DAYLIGHT,CLOUDY,SNOW/ICE
13984,35026644,MONROE,Greece,3,104 43031138,Y,43.2147160,-77.7328040,11/29/13,13:52,PROPERTY DAMAGE AND INJURY,2,0,2,COLLISION WITH MOTOR VEHICLE,LEFT TURN (AGAINST OTHER CAR),NONE,DAYLIGHT,CLEAR,DRY
13984,35101801,MONROE,Rochester,1,490I43022024,N,43.1575799,-77.6253969,1/8/14,10:08,PROPERTY DAMAGE AND INJURY,2,0,3,COLLISION WITH MOTOR VEHICLE,OTHER,NONE,DAYLIGHT,CLEAR,SNOW/ICE
13984,35503041,MONROE,Rochester,1, 96 43052027,Y,43.1557580,-77.5972600,12/1/14,14:45,PROPERTY DAMAGE AND INJURY,1,0,2,COLLISION WITH MOTOR VEHICLE,REAR END,TRAFFIC SIGNAL,DAYLIGHT,CLEAR,DRY
13984,34740594,MONROE,Penfield,3,,N,43.1964621,-77.4623092,4/18/13,18:35,INJURY,1,0,1,COLLISION WITH TREE,OTHER,NONE,DAYLIGHT,CLOUDY,DRY
13984,34814577,MONROE,Greece,3, 18 43031216,Y,43.2366080,-77.6468630,5/31/13,11:01,PROPERTY DAMAGE AND INJURY,1,0,2,COLLISION WITH MOTOR VEHICLE,REAR END,NONE,DAYLIGHT,CLEAR,DRY
13984,35156824,MONROE,Rochester,1,,Y,43.1498860,-77.5999459,2/27/14,17:13,PROPERTY DAMAGE AND INJURY,1,0,2,COLLISION WITH MOTOR VEHICLE,LEFT TURN (WITH OTHER CAR),STOP SIGN,DAYLIGHT,SNOW,SNOW/ICE
13984,35156819,MONROE,Rochester,1,,Y,43.1740840,-77.6075720,2/19/14,3:25,PROPERTY DAMAGE AND INJURY,2,0,2,COLLISION WITH MOTOR VEHICLE,REAR END,NONE,DARK-ROAD LIGHTED,CLEAR,DRY