QUERYID,CASE #,REGN_CNTY_CDE,Municipality,MUNITYPE,REF_MRKR,ATINTERSECTION_IND,Lat,Long,,Time,Crash Type,Injuries,Fatalities,Number of Vehicles,ACCD_TYP,COLLISION_TYP,TRAF_CNTL,Light Condition,Weather Condition,Road Surface Condition
13984,35041886,MONROE,Rochester,1,,N,43.1459884,-77.5924252,12/15/13,0:11,INJURY,1,0,2,COLLISION WITH MOTOR VEHICLE,REAR END,NONE,DARK-ROAD LIGHTED,SNOW,SNOW/ICE
13984,35023117,MONROE,Perinton,3,250 43011009,N,43.0494276,-77.4466497,11/26/13,18:14,PROPERTY DAMAGE AND INJURY,1,0,2,COLLISION WITH MOTOR VEHICLE,REAR END,NONE,DARK-ROAD UNLIGHTED,SNOW,SLUSH
13984,34682838,MONROE,Webster,3,,N,43.2201745,-77.4064427,3/3/13,18:16,PROPERTY DAMAGE AND INJURY,2,0,1,RAN OFF ROAD ONLY,OTHER,NONE,DARK-ROAD LIGHTED,CLOUDY,SNOW/ICE
13984,35096967,MONROE,Rochester,1,,N,43.1731901,-77.6127504,10/24/13,17:30,INJURY,1,0,2,COLLISION WITH MOTOR VEHICLE,RIGHT TURN (AGAINST OTHER CAR),UNKNOWN,UNKNOWN,UNKNOWN,UNKNOWN
13984,34752343,MONROE,Brighton,3,,Y,43.1171120,-77.5963529,4/29/13,10:16,INJURY,1,0,2,COLLISION WITH MOTOR VEHICLE,LEFT TURN (WITH OTHER CAR),STOP SIGN,DAYLIGHT,CLOUDY,DRY
13984,35038079,MONROE,Sweden,3, 31 43031080,N,43.1893452,-77.8817441,12/11/13,8:49,PROPERTY DAMAGE AND INJURY,1,0,2,COLLISION WITH MOTOR VEHICLE,SIDESWIPE,NONE,DAYLIGHT,CLOUDY,WET
13984,35397130,MONROE,Henrietta,3,390I43031116,N,43.0849061,-77.6071596,9/5/14,15:00,INJURY,1,0,1,COLLISION WITH OTHER,OTHER,NONE,DAYLIGHT,CLEAR,DRY
13984,35265930,MONROE,Rochester,1, 15 43032024,Y,43.1486690,-77.6062100,5/15/14,14:27,INJURY,1,0,2,COLLISION WITH MOTOR VEHICLE,REAR END,TRAFFIC SIGNAL,DAYLIGHT,CLEAR,DRY
13984,34857573,UNKNOWN COUNTY,,0, 15A43042003,N,43.1153419,-77.6163704,7/10/13,16:52,INJURY,1,0,1,COLLISION WITH BICYCLIST,OTHER,TRAFFIC SIGNAL,DAYLIGHT,CLEAR,DRY
13984,35241801,MONROE,Chili,3,252 43011018,Y,43.0939160,-77.7333300,4/29/14,9:56,PROPERTY DAMAGE AND INJURY,4,0,2,COLLISION WITH MOTOR VEHICLE,HEAD ON,TRAFFIC SIGNAL,DAYLIGHT,RAIN,WET
13984,34907203,MONROE,Greece,3,104 43031173,Y,43.2050840,-77.6663200,8/30/13,10:09,PROPERTY DAMAGE AND INJURY,1,0,3,COLLISION WITH MOTOR VEHICLE,OTHER,TRAFFIC SIGNAL,DAYLIGHT,CLEAR,DRY
13984,35434613,MONROE,Greece,3, 18 43031194,N,43.2528884,-77.6685058,10/14/14,6:56,PROPERTY DAMAGE AND INJURY,2,0,2,COLLISION WITH MOTOR VEHICLE,RIGHT ANGLE,TRAFFIC SIGNAL,DUSK,CLOUDY,DRY
13984,35381704,MONROE,Chili,3, 33A43021128,Y,43.1226830,-77.7095440,8/20/14,12:03,INJURY,1,0,1,COLLISION WITH PEDESTRIAN,OTHER,TRAFFIC SIGNAL,DAYLIGHT,CLOUDY,DRY
13984,35371640,MONROE,Rochester,1,490I43022022,N,43.1568649,-77.6290685,8/16/14,3:28,PROPERTY DAMAGE AND INJURY,2,0,1,COLLISION WITH CURBING,OTHER,NONE,DARK-ROAD LIGHTED,CLEAR,DRY
13984,34712856,MONROE,Rochester,1,,Y,43.1938930,-77.6502469,3/23/13,16:30,PROPERTY DAMAGE AND INJURY,1,0,2,COLLISION WITH MOTOR VEHICLE,RIGHT ANGLE,STOP SIGN,DAYLIGHT,CLEAR,DRY
13984,35322570,MONROE,Chili,3,383 43011152,N,43.1196274,-77.6539323,7/11/14,8:00,PROPERTY DAMAGE AND INJURY,1,0,3,COLLISION WITH MOTOR VEHICLE,OTHER,NONE,DAYLIGHT,CLEAR,DRY
13984,34848426,MONROE,Webster,3,404 43035077,Y,43.2051000,-77.4746220,6/26/13,13:05,PROPERTY DAMAGE AND INJURY,3,0,2,COLLISION WITH MOTOR VEHICLE,REAR END,NONE,DAYLIGHT,CLEAR,DRY
13984,35352595,MONROE,Irondequoit,3,,Y,43.2173700,-77.6060731,8/6/14,8:43,INJURY,2,0,2,COLLISION WITH MOTOR VEHICLE,REAR END,TRAFFIC SIGNAL,DAYLIGHT,CLEAR,DRY
13984,34890055,MONROE,Rochester,1,,Y,43.1792120,-77.6590790,8/8/13,11:41,PROPERTY DAMAGE AND INJURY,1,0,3,COLLISION WITH MOTOR VEHICLE,OTHER,NONE,DAYLIGHT,CLEAR,DRY
13984,35387837,MONROE,Henrietta,3,252 43011094,Y,43.0870540,-77.5893960,8/12/14,11:35,PROPERTY DAMAGE AND INJURY,1,0,1,COLL. W/LIGHT SUPPORT/UTILITY POLE,OTHER,NONE,DAYLIGHT,CLEAR,DRY
13984,34777156,MONROE,Greece,3,,Y,43.2419330,-77.6371860,5/16/13,15:36,PROPERTY DAMAGE AND INJURY,2,0,3,COLLISION WITH MOTOR VEHICLE,OTHER,NONE,DAYLIGHT,CLEAR,OTHER
13984,34768497,MONROE,Rochester,1, 33A43022011,N,43.1475404,-77.6444120,4/30/13,17:47,PROPERTY DAMAGE AND INJURY,1,0,3,COLLISION WITH MOTOR VEHICLE,OTHER,NONE,DAYLIGHT,CLEAR,DRY
13984,35075357,MONROE,Chili,3,390I43033001,N,43.1228763,-77.6489906,1/8/14,6:02,PROPERTY DAMAGE AND INJURY,1,0,2,COLLISION WITH MOTOR VEHICLE,REAR END,NONE,DARK-ROAD LIGHTED,CLEAR,SNOW/ICE
13984,34790498,MONROE,Penfield,3,441 43011074,Y,43.1305680,-77.4004680,5/25/13,21:11,PROPERTY DAMAGE AND INJURY,1,0,2,COLLISION WITH MOTOR VEHICLE,OTHER,TRAFFIC SIGNAL,DARK-ROAD UNLIGHTED,CLEAR,DRY
13984,35297943,MONROE,Rochester,1,940T43011007,N,43.1613783,-77.6108487,6/13/14,3:51,PROPERTY DAMAGE AND INJURY,1,0,1,COLLISION WITH GUIDE RAIL,OTHER,NONE,DARK-ROAD LIGHTED,RAIN,WET
13984,35233030,MONROE,Rochester,1,,Y,43.1573920,-77.6388721,4/20/14,18:49,INJURY,1,0,2,COLLISION WITH MOTOR VEHICLE,LEFT TURN (AGAINST OTHER CAR),STOP SIGN,DAYLIGHT,CLEAR,DRY
13984,35446073,MONROE,Penfield,3,,N,43.1409838,-77.4755957,10/27/14,7:13,PROPERTY DAMAGE AND INJURY,1,0,2,COLLISION WITH MOTOR VEHICLE,REAR END,NONE,DAYLIGHT,CLOUDY,DRY
13984,35073134,MONROE,Irondequoit,3,590 43013007,N,43.1768243,-77.5427396,1/7/14,8:08,PROPERTY DAMAGE AND INJURY,1,0,2,COLLISION WITH MEDIAN/BARRIER,RIGHT ANGLE,NONE,DAYLIGHT,CLOUDY,SNOW/ICE
13984,35026764,MONROE,Brighton,3, 15A43041128,N,43.1080070,-77.6159370,12/2/13,7:40,PROPERTY DAMAGE AND INJURY,1,0,2,COLLISION WITH MOTOR VEHICLE,REAR END,YIELD SIGN,DAYLIGHT,CLOUDY,WET
13984,34699945,MONROE,Brighton,3,,Y,43.1259050,-77.5826059,3/19/13,16:04,PROPERTY DAMAGE AND INJURY,2,0,3,COLLISION WITH MOTOR VEHICLE,OTHER,TRAFFIC SIGNAL,DAYLIGHT,CLOUDY,DRY
13984,35115139,MONROE,Rochester,1,,Y,43.1780970,-77.5952970,1/8/14,14:15,INJURY,1,0,1,COLLISION WITH PEDESTRIAN,OTHER,NONE,DAYLIGHT,CLEAR,SNOW/ICE
13984,35025405,MONROE,Perinton,3,,N,43.1014172,-77.4618970,10/31/13,14:40,PROPERTY DAMAGE AND INJURY,1,0,2,COLLISION WITH MOTOR VEHICLE,LEFT TURN (AGAINST OTHER CAR),TRAFFIC SIGNAL,DAYLIGHT,CLOUDY,DRY
13984,35481107,MONROE,Rochester,1,590I43012003,N,43.1420260,-77.5514442,11/19/14,8:35,PROPERTY DAMAGE AND INJURY,1,0,2,COLLISION WITH MOTOR VEHICLE,REAR END,NONE,DAYLIGHT,CLEAR,DRY
13984,35441996,MONROE,Gates,3,490I43021171,N,43.1570356,-77.6940520,10/19/14,0:14,INJURY,1,0,1,COLLISION WITH GUIDE RAIL,OTHER,NONE,DARK-ROAD LIGHTED,RAIN,WET
13984,34949970,MONROE,Spencerport,4,259 43011070,Y,43.1927000,-77.8005810,10/3/13,13:19,PROPERTY DAMAGE AND INJURY,1,0,2,COLLISION WITH MOTOR VEHICLE,REAR END,OTHER,DAYLIGHT,CLOUDY,DRY
13984,35145078,MONROE,Brighton,3,390I43031142,N,43.1084060,-77.6173271,2/14/14,8:40,PROPERTY DAMAGE AND INJURY,1,0,1,COLLISION WITH GUIDE RAIL,OTHER,NONE,DAYLIGHT,CLOUDY,SNOW/ICE
13984,35031463,MONROE,Rochester,1,,Y,43.1539750,-77.6058290,11/29/13,18:43,INJURY,2,0,3,COLLISION WITH MOTOR VEHICLE,OTHER,TRAFFIC SIGNAL,DARK-ROAD LIGHTED,CLEAR,DRY
13984,35490604,MONROE,Henrietta,3,252 43011073,Y,43.0870220,-77.6296950,10/24/14,8:15,PROPERTY DAMAGE AND INJURY,1,0,2,COLLISION WITH MOTOR VEHICLE,REAR END,UNKNOWN,UNKNOWN,UNKNOWN,UNKNOWN
13984,34784878,MONROE,Rochester,1,,Y,43.1398790,-77.6260330,5/21/13,8:45,PROPERTY DAMAGE AND INJURY,1,0,2,COLLISION WITH MOTOR VEHICLE,RIGHT ANGLE,STOP SIGN,DAYLIGHT,CLEAR,DRY
13984,35397541,MONROE,Rochester,1, 31 43032029,Y,43.1564710,-77.6240710,8/28/14,13:08,INJURY,1,0,2,COLLISION WITH MOTOR VEHICLE,REAR END,TRAFFIC SIGNAL,DAYLIGHT,CLEAR,DRY
13984,35076742,MONROE,Pittsford,3,490I43023039,N,43.1016754,-77.5036299,1/3/14,11:50,PROPERTY DAMAGE AND INJURY,1,0,2,COLLISION WITH MOTOR VEHICLE,RIGHT ANGLE,NONE,DAYLIGHT,SNOW,SNOW/ICE
13984,35267184,MONROE,Greece,3,,Y,43.2180840,-77.6523160,5/9/14,18:30,INJURY,1,0,1,COLLISION WITH BICYCLIST,OTHER,NONE,DAYLIGHT,RAIN,WET
13984,35000418,MONROE,Pittsford,3,490I43023025,Y,43.1191023,-77.5128622,11/11/13,6:54,PROPERTY DAMAGE AND INJURY,1,0,1,COLLISION WITH SIGN POST,OTHER,NONE,DAYLIGHT,CLEAR,DRY
13984,34779276,MONROE,Pittsford,3, 65 43031125,N,43.1075434,-77.5474930,5/19/13,20:55,PROPERTY DAMAGE AND INJURY,1,0,1,COLL. W/EARTH ELE./ROCK CUT/DITCH,OTHER,NONE,DARK-ROAD UNLIGHTED,CLEAR,DRY
13984,34925545,MONROE,Henrietta,3,253 43011060,N,43.0586741,-77.6520773,9/12/13,22:24,INJURY,1,0,2,COLLISION WITH MOTOR VEHICLE,LEFT TURN (AGAINST OTHER CAR),TRAFFIC SIGNAL,DARK-ROAD LIGHTED,CLOUDY,DRY
13984,35397145,MONROE,Henrietta,3,,N,43.0854538,-77.6070347,9/5/14,15:39,INJURY,1,0,2,COLLISION WITH MOTOR VEHICLE,REAR END,TRAFFIC SIGNAL,DAYLIGHT,CLEAR,DRY
13984,34962218,MONROE,Henrietta,3,252 43011066,N,43.0898371,-77.6434155,10/5/13,9:04,INJURY,1,0,1,COLLISION WITH CURBING,OTHER,TRAFFIC SIGNAL,DAYLIGHT,RAIN,WET
13984,34810589,MONROE,Rochester,1, 15 43032005,Y,43.1209990,-77.6192230,5/30/13,22:19,PROPERTY DAMAGE AND INJURY,1,0,1,COLLISION WITH MEDIAN/BARRIER,OTHER,NONE,DARK-ROAD LIGHTED,CLEAR,DRY
13984,34746624,MONROE,Gates,3,204 43011023,Y,43.1306373,-77.6827496,4/22/13,13:20,PROPERTY DAMAGE AND INJURY,1,0,2,COLLISION WITH MOTOR VEHICLE,HEAD ON,HIGHWAY WORK AREA,DAYLIGHT,CLEAR,DRY
13984,35248233,MONROE,Rochester,1,,Y,43.1646380,-77.6292093,5/4/14,11:02,PROPERTY DAMAGE AND INJURY,1,0,3,COLLISION WITH MOTOR VEHICLE,OTHER,TRAFFIC SIGNAL,DAYLIGHT,CLEAR,DRY
13984,35233559,MONROE,Rochester,1,,Y,43.1600670,-77.6076169,4/14/14,8:45,INJURY,1,0,1,COLLISION WITH BICYCLIST,OTHER,TRAFFIC SIGNAL,DAYLIGHT,CLEAR,DRY
13984,35041318,MONROE,Rochester,1,,Y,43.1809380,-77.6394981,12/6/13,19:18,INJURY,1,0,1,COLLISION WITH PEDESTRIAN,OTHER,TRAFFIC SIGNAL,DARK-ROAD LIGHTED,CLEAR,DRY
13984,35321771,MONROE,Irondequoit,3,404 43035033,Y,43.1770380,-77.5381280,7/10/14,12:05,PROPERTY DAMAGE AND INJURY,1,0,2,COLLISION WITH MOTOR VEHICLE,LEFT TURN (WITH OTHER CAR),TRAFFIC SIGNAL,DAYLIGHT,CLEAR,DRY
13984,35241841,MONROE,Rochester,1,,Y,43.1620000,-77.5843840,4/25/14,21:41,INJURY,1,0,2,COLLISION WITH MOTOR VEHICLE,RIGHT ANGLE,STOP SIGN,DARK-ROAD LIGHTED,RAIN,WET
13984,34837104,MONROE,Gates,3,490I43021181,N,43.1571415,-77.6737505,6/28/13,16:43,PROPERTY DAMAGE AND INJURY,1,0,2,COLLISION WITH MOTOR VEHICLE,REAR END,NONE,DAYLIGHT,RAIN,WET
13984,34801379,MONROE,Brighton,3, 15A43041128,N,43.1080070,-77.6159370,6/2/13,13:44,INJURY,1,0,2,COLLISION WITH MOTOR VEHICLE,RIGHT ANGLE,TRAFFIC SIGNAL,DAYLIGHT,CLEAR,DRY
13984,34830482,MONROE,Greece,3,104 43031173,N,43.2050146,-77.6659165,6/28/13,22:44,INJURY,1,0,2,COLLISION WITH MOTOR VEHICLE,LEFT TURN (AGAINST OTHER CAR),TRAFFIC SIGNAL,DARK-ROAD LIGHTED,CLOUDY,WET
13984,34839325,MONROE,Rochester,1,,N,43.1243940,-77.6236920,7/2/13,7:46,PROPERTY DAMAGE AND INJURY,1,0,2,COLLISION WITH MOTOR VEHICLE,REAR END,NONE,DAYLIGHT,CLEAR,DRY
13984,34890045,MONROE,Rochester,1, 31 43032015,N,43.1646346,-77.6469937,8/16/13,11:44,PROPERTY DAMAGE AND INJURY,1,0,2,COLLISION WITH MOTOR VEHICLE,REAR END,NONE,DAYLIGHT,CLEAR,DRY
13984,34822523,MONROE,Brockport,4,,N,43.2199895,-77.9655028,6/16/13,3:12,PROPERTY DAMAGE AND INJURY,1,0,1,COLLISION WITH CURBING,OTHER,TRAFFIC SIGNAL,DARK-ROAD LIGHTED,CLEAR,DRY
13984,35351945,MONROE,Rochester,1,,Y,43.1407390,-77.5954480,8/5/14,16:41,INJURY,1,0,2,COLLISION WITH MOTOR VEHICLE,REAR END,NONE,DAYLIGHT,CLOUDY,DRY
13984,35308284,MONROE,Gates,3,490I43021152,N,43.1457532,-77.7172777,6/22/14,20:29,PROPERTY DAMAGE AND INJURY,1,0,2,COLLISION WITH MOTOR VEHICLE,REAR END,NONE,DAYLIGHT,CLEAR,DRY
13984,34770295,MONROE,Brighton,3,,Y,43.1257570,-77.5874530,5/13/13,15:11,PROPERTY DAMAGE AND INJURY,1,0,2,COLLISION WITH MOTOR VEHICLE,RIGHT ANGLE,NONE,DAYLIGHT,CLOUDY,DRY
13984,35352579,MONROE,Brighton,3,441 43011107,N,43.1254978,-77.5192026,8/5/14,11:17,INJURY,1,0,2,COLLISION WITH MOTOR VEHICLE,REAR END,TRAFFIC SIGNAL,DAYLIGHT,CLOUDY,DRY
13984,34883923,MONROE,Gates,3, 33 43031121,Y,43.1470730,-77.7112370,8/8/13,17:49,PROPERTY DAMAGE AND INJURY,1,0,2,COLLISION WITH MOTOR VEHICLE,RIGHT ANGLE,TRAFFIC SIGNAL,DAYLIGHT,CLEAR,DRY
13984,35352488,MONROE,Rochester,1, 15 43032028,Y,43.1540890,-77.6050990,8/5/14,13:29,PROPERTY DAMAGE AND INJURY,1,0,2,COLLISION WITH MOTOR VEHICLE,RIGHT ANGLE,TRAFFIC SIGNAL,DAYLIGHT,CLOUDY,DRY
13984,34760987,MONROE,Greece,3,947A43021199,N,43.2676801,-77.6609043,4/30/13,11:40,PROPERTY DAMAGE AND INJURY,1,0,1,COLLISION WITH GUIDERAIL - END,OTHER,NONE,DAYLIGHT,CLEAR,DRY
13984,34740016,MONROE,Pittsford,3, 65 43031103,N,43.0773316,-77.5465857,4/11/13,12:50,INJURY,1,0,2,COLLISION WITH MOTOR VEHICLE,RIGHT ANGLE,TRAFFIC SIGNAL,DAYLIGHT,RAIN,WET
13984,35184151,MONROE,Rochester,1, 31 43032039,Y,43.1536900,-77.6076060,3/14/14,19:05,PROPERTY DAMAGE AND INJURY,1,0,1,COLLISION WITH PEDESTRIAN,OTHER,TRAFFIC SIGNAL,DUSK,CLEAR,DRY
13984,35168755,MONROE,Gates,3, 31 43031174,Y,43.1695350,-77.7015490,3/6/14,17:13,PROPERTY DAMAGE AND INJURY,2,0,2,COLLISION WITH MOTOR VEHICLE,LEFT TURN (WITH OTHER CAR),NONE,DAYLIGHT,CLEAR,DRY
13984,34760931,MONROE,Pittsford,3, 65 43031106,N,43.0814407,-77.5447617,5/1/13,13:40,PROPERTY DAMAGE AND INJURY,1,0,1,COLLISION WITH TREE,OTHER,NONE,DAYLIGHT,CLEAR,DRY
13984,35194572,MONROE,Greece,3,,Y,43.2066621,-77.6755270,2/2/14,17:02,INJURY,1,0,2,COLLISION WITH MOTOR VEHICLE,UNKNOWN,NONE,DUSK,CLOUDY,WET
13984,34755339,MONROE,Rochester,1,,N,43.1850950,-77.5761500,4/28/13,21:16,PROPERTY DAMAGE AND INJURY,2,0,1,COLLISION WITH PEDESTRIAN,OTHER,NONE,DARK-ROAD LIGHTED,RAIN,WET
13984,34828236,MONROE,Rochester,1,,N,43.1631318,-77.6215104,6/26/13,19:55,PROPERTY DAMAGE AND INJURY,1,0,2,COLLISION WITH MOTOR VEHICLE,REAR END,TRAFFIC SIGNAL,DAYLIGHT,CLEAR,DRY
13984,35440565,MONROE,Brighton,3, 31 43033022,Y,43.1110170,-77.5477170,10/21/14,21:23,INJURY,1,0,2,COLLISION WITH MOTOR VEHICLE,REAR END,TRAFFIC SIGNAL,DARK-ROAD UNLIGHTED,RAIN,WET
13984,35201259,MONROE,Clarkson,3,104 43031001,N,43.2540973,-77.9944809,3/30/14,11:20,PROPERTY DAMAGE AND INJURY,1,0,1,COLLISION WITH TREE,OTHER,NONE,DAYLIGHT,CLEAR,SNOW/ICE
13984,35073036,MONROE,Rochester,1,490I43022068,N,43.1436587,-77.5491735,1/7/14,7:10,PROPERTY DAMAGE AND INJURY,1,0,1,COLLISION WITH OTHER BARRIER,OTHER,NONE,DAYLIGHT,SNOW,SNOW/ICE
13984,34743479,MONROE,Rochester,1,,Y,43.1738440,-77.6501250,4/19/13,16:54,INJURY,1,0,2,COLLISION WITH MOTOR VEHICLE,RIGHT ANGLE,STOP SIGN,DAYLIGHT,CLOUDY,WET
13984,34913981,MONROE,Penfield,3,441 43011039,N,43.1313279,-77.4679776,9/6/13,7:54,INJURY,1,0,2,COLLISION WITH MOTOR VEHICLE,REAR END,NONE,DAYLIGHT,CLEAR,DRY
13984,34979797,MONROE,Rochester,1,940M43011000,Y,43.1646390,-77.6232511,10/23/13,18:18,INJURY,1,0,2,COLLISION WITH MOTOR VEHICLE,LEFT TURN (WITH OTHER CAR),TRAFFIC SIGNAL,DUSK,RAIN,WET
13984,35439262,MONROE,Webster,3,,N,43.2154140,-77.4465880,10/20/14,9:58,PROPERTY DAMAGE AND INJURY,2,0,2,COLLISION WITH MOTOR VEHICLE,LEFT TURN (WITH OTHER CAR),TRAFFIC SIGNAL,DAYLIGHT,CLOUDY,DRY
13984,34850588,MONROE,Irondequoit,3,,Y,43.2275930,-77.5468500,7/12/13,13:00,PROPERTY DAMAGE AND INJURY,1,0,2,COLLISION WITH MOTOR VEHICLE,RIGHT ANGLE,TRAFFIC SIGNAL,DAYLIGHT,CLOUDY,DRY
13984,34839158,MONROE,Gates,3,,Y,43.1439240,-77.7091219,7/3/13,15:06,INJURY,1,0,1,COLLISION WITH BICYCLIST,OTHER,STOP SIGN,DAYLIGHT,CLOUDY,DRY
13984,34789660,MONROE,Webster,4,250 43011128,N,43.2178626,-77.4301344,4/17/13,14:00,INJURY,1,0,1,OTHER NON-COLLISION,OTHER,UNKNOWN,UNKNOWN,UNKNOWN,UNKNOWN
13984,34762921,MONROE,Rochester,1,490I43022061,N,43.1446692,-77.5624867,4/25/13,7:49,PROPERTY DAMAGE AND INJURY,1,0,4,COLLISION WITH MOTOR VEHICLE,OTHER,NONE,DAYLIGHT,CLEAR,DRY
13984,34874207,MONROE,Rochester,1,,N,43.1858970,-77.5783780,6/9/13,10:48,INJURY,2,0,2,COLLISION WITH MOTOR VEHICLE,REAR END,NONE,DAYLIGHT,CLEAR,DRY
13984,35365410,MONROE,Chili,3,252 43011046,N,43.0926556,-77.6809548,8/2/14,17:44,PROPERTY DAMAGE AND INJURY,1,0,2,COLLISION WITH MOTOR VEHICLE,REAR END,TRAFFIC SIGNAL,DAYLIGHT,CLOUDY,DRY
13984,35365407,MONROE,Sweden,3,,N,43.1803187,-77.9445470,8/9/14,1:15,INJURY,1,0,1,COLLISION WITH SIGN POST,OTHER,STOP SIGN,DARK-ROAD LIGHTED,CLEAR,DRY
13984,35267204,MONROE,Penfield,3,,Y,43.1363092,-77.4757170,5/20/14,16:45,INJURY,1,0,2,COLLISION WITH MOTOR VEHICLE,REAR END,TRAFFIC SIGNAL,DAYLIGHT,CLEAR,DRY
13984,35449225,MONROE,Rochester,1,490I43022022,N,43.1568028,-77.6294349,10/25/14,16:39,PROPERTY DAMAGE AND INJURY,1,0,2,COLLISION WITH MOTOR VEHICLE,OVERTAKING,NONE,DAYLIGHT,CLOUDY,DRY
13984,35462158,MONROE,Pittsford,3, 96 43051063,Y,43.0975040,-77.5141350,11/7/14,12:45,PROPERTY DAMAGE AND INJURY,2,0,3,COLLISION WITH MOTOR VEHICLE,OTHER,TRAFFIC SIGNAL,DAYLIGHT,SLEET/HAIL/FREEZING RAIN,WET
13984,34784826,MONROE,Rochester,1,940M43011007,N,43.1739860,-77.6285779,5/19/13,14:31,INJURY,1,0,1,OTHER NON-COLLISION,OTHER,NONE,DAYLIGHT,CLEAR,DRY
13984,34767186,MONROE,Perinton,3,,N,43.1022110,-77.4656750,5/2/13,17:26,PROPERTY DAMAGE AND INJURY,1,0,4,COLL. W/LIGHT SUPPORT/UTILITY POLE,OTHER,TRAFFIC SIGNAL,DAYLIGHT,CLEAR,DRY
13984,34848818,MONROE,Greece,3,,Y,43.2093300,-77.6590751,7/11/13,17:24,PROPERTY DAMAGE AND INJURY,1,0,2,COLLISION WITH MOTOR VEHICLE,RIGHT ANGLE,STOP SIGN,DAYLIGHT,CLEAR,DRY
13984,34889600,MONROE,Henrietta,3,,Y,43.0686550,-77.5975410,8/14/13,17:36,INJURY,1,0,1,COLLISION WITH BICYCLIST,OTHER,STOP SIGN,DAYLIGHT,CLEAR,DRY
13984,34925591,MONROE,Henrietta,3,252 43011095,N,43.0869907,-77.5858895,9/9/13,12:17,PROPERTY DAMAGE AND INJURY,1,0,2,COLLISION WITH MOTOR VEHICLE,REAR END,NONE,DAYLIGHT,CLEAR,DRY
13984,34746684,MONROE,Rochester,1,490I43022056,N,43.1435070,-77.5728037,4/23/13,17:15,PROPERTY DAMAGE AND INJURY,1,0,2,COLLISION WITH MOTOR VEHICLE,REAR END,NONE,DAYLIGHT,CLOUDY,DRY
13984,35016723,MONROE,Henrietta,3, 15 43031078,Y,43.0457180,-77.6590510,11/23/13,18:32,PROPERTY DAMAGE AND INJURY,3,0,2,COLLISION WITH MOTOR VEHICLE,LEFT TURN (AGAINST OTHER CAR),TRAFFIC SIGNAL,DARK-ROAD LIGHTED,SNOW,SNOW/ICE
13984,34718015,MONROE,Rochester,1,,Y,43.1613170,-77.6076070,3/15/13,15:25,INJURY,2,0,2,COLLISION WITH MOTOR VEHICLE,REAR END,TRAFFIC SIGNAL,DAYLIGHT,CLEAR,DRY
13984,34876839,MONROE,Greece,3,,Y,43.2236810,-77.6968100,7/30/13,9:37,INJURY,1,0,1,COLLISION WITH BICYCLIST,OTHER,TRAFFIC SIGNAL,DAYLIGHT,CLOUDY,DRY
13984,34766133,MONROE,Ogden,3,531 43012026,N,43.1786368,-77.8035809,5/7/13,16:25,INJURY,2,0,2,COLLISION WITH MOTOR VEHICLE,REAR END,NONE,DAYLIGHT,CLEAR,DRY
13984,34860713,MONROE,Rochester,1,104 43032040,N,43.1945119,-77.5871559,7/22/13,13:55,PROPERTY DAMAGE AND INJURY,3,0,3,COLLISION WITH MOTOR VEHICLE,OTHER,NONE,DAYLIGHT,CLOUDY,DRY
13984,34987581,MONROE,Brighton,3,,N,43.0941015,-77.6312083,11/3/13,14:38,PROPERTY DAMAGE AND INJURY,2,0,2,COLLISION WITH MOTOR VEHICLE,LEFT TURN (AGAINST OTHER CAR),NONE,DAYLIGHT,CLEAR,DRY
13984,35090185,MONROE,Rochester,1, 18 43032003,N,43.2129800,-77.6392200,1/13/14,11:44,PROPERTY DAMAGE AND INJURY,1,0,2,COLLISION WITH MOTOR VEHICLE,OVERTAKING,NONE,DAYLIGHT,CLEAR,WET
13984,35231605,MONROE,Henrietta,3,253 43011065,N,43.0588600,-77.6413269,4/16/14,14:44,INJURY,1,0,2,COLLISION WITH MOTOR VEHICLE,REAR END,TRAFFIC SIGNAL,DAYLIGHT,CLEAR,DRY
13984,35231560,MONROE,Rochester,1,,Y,43.1367870,-77.5600310,4/18/14,10:22,INJURY,1,0,1,COLLISION WITH PEDESTRIAN,OTHER,TRAFFIC SIGNAL,DAYLIGHT,CLEAR,DRY
13984,35090160,MONROE,Rochester,1,,N,43.1836180,-77.5744560,1/11/14,23:01,INJURY,1,0,2,COLLISION WITH MOTOR VEHICLE,OVERTAKING,NONE,DARK-ROAD LIGHTED,CLEAR,WET
13984,35061370,MONROE,Henrietta,3,252 43011090,N,43.0871177,-77.5956255,12/19/13,18:41,FATAL,1,1,4,COLLISION WITH MOTOR VEHICLE,OTHER,NONE,DARK-ROAD LIGHTED,CLEAR,DRY
13984,35346598,MONROE,Rochester,1,,Y,43.1388890,-77.6360080,7/29/14,19:50,INJURY,1,0,2,COLLISION WITH MOTOR VEHICLE,LEFT TURN (AGAINST OTHER CAR),NONE,DAYLIGHT,CLEAR,DRY