QUERYID,CASE #,REGN_CNTY_CDE,Municipality,MUNITYPE,REF_MRKR,ATINTERSECTION_IND,Lat,Long,,Time,Crash Type,Injuries,Fatalities,Number of Vehicles,ACCD_TYP,COLLISION_TYP,TRAF_CNTL,Light Condition,Weather Condition,Road Surface Condition
13984,35207137,MONROE,Greece,3,,Y,43.2183531,-77.6515672,3/18/14,18:00,PROPERTY DAMAGE AND INJURY,1,0,1,COLL. W/LIGHT SUPPORT/UTILITY POLE,OTHER,NONE,DAYLIGHT,CLEAR,DRY
13984,34812684,MONROE,Webster,4,250 43011126,N,43.2159440,-77.4302090,6/11/13,8:36,PROPERTY DAMAGE AND INJURY,1,0,2,COLLISION WITH MOTOR VEHICLE,RIGHT ANGLE,TRAFFIC SIGNAL,DAYLIGHT,RAIN,WET
13984,35260025,MONROE,Pittsford,3, 31 43033027,N,43.1055913,-77.5412024,5/14/14,12:30,PROPERTY DAMAGE AND INJURY,1,0,2,COLLISION WITH MOTOR VEHICLE,LEFT TURN (WITH OTHER CAR),TRAFFIC SIGNAL,DAYLIGHT,CLEAR,DRY
13984,35320369,MONROE,Brighton,3,286 43011002,Y,43.1575070,-77.5362390,7/8/14,10:38,PROPERTY DAMAGE AND INJURY,1,0,2,COLLISION WITH MOTOR VEHICLE,RIGHT ANGLE,STOP SIGN,DAYLIGHT,CLEAR,DRY
13984,35430249,MONROE,Henrietta,3,252 43011073,Y,43.0871380,-77.6296960,9/4/14,17:01,PROPERTY DAMAGE AND INJURY,2,0,2,COLLISION WITH MOTOR VEHICLE,LEFT TURN (AGAINST OTHER CAR),TRAFFIC SIGNAL,DAYLIGHT,CLEAR,DRY
13984,35367975,MONROE,Gates,3,490I43021167,N,43.1570459,-77.7009882,8/19/14,7:45,INJURY,1,0,3,COLLISION WITH MOTOR VEHICLE,OTHER,NONE,DAYLIGHT,CLEAR,DRY
13984,35164935,MONROE,Rochester,1,,Y,43.1612300,-77.6192040,2/20/14,15:46,INJURY,3,0,2,COLLISION WITH MOTOR VEHICLE,REAR END,TRAFFIC SIGNAL,DAYLIGHT,CLOUDY,DRY
13984,34918119,MONROE,Gates,3, 31 43031182,Y,43.1647020,-77.6880160,9/9/13,16:00,PROPERTY DAMAGE AND INJURY,1,0,3,COLLISION WITH MOTOR VEHICLE,OTHER,TRAFFIC SIGNAL,DAYLIGHT,CLOUDY,DRY
13984,34775958,MONROE,Perinton,3,490I43023083,N,43.0475797,-77.4640346,5/13/13,13:39,PROPERTY DAMAGE AND INJURY,1,0,2,COLLISION WITH MOTOR VEHICLE,REAR END,NONE,DAYLIGHT,CLEAR,DRY
13984,35338552,MONROE,Irondequoit,3,,N,43.2108463,-77.5926613,7/22/14,7:10,PROPERTY DAMAGE AND INJURY,1,0,2,COLLISION WITH MOTOR VEHICLE,REAR END,NONE,DAYLIGHT,CLEAR,DRY
13984,35164740,MONROE,Webster,3,404 43035084,Y,43.2086200,-77.4609770,3/4/14,11:52,INJURY,1,0,2,COLLISION WITH MOTOR VEHICLE,REAR END,TRAFFIC SIGNAL,DAYLIGHT,CLOUDY,DRY
13984,35443189,MONROE,Rochester,1,,Y,43.2517020,-77.6133240,10/22/14,0:10,INJURY,1,0,2,COLLISION WITH MOTOR VEHICLE,REAR END,TRAFFIC SIGNAL,DARK-ROAD LIGHTED,RAIN,WET
13984,34774389,MONROE,Penfield,3,286 43011017,N,43.1536660,-77.5078984,4/29/13,17:29,PROPERTY DAMAGE AND INJURY,1,0,2,COLLISION WITH MOTOR VEHICLE,REAR END,NONE,DAYLIGHT,CLEAR,DRY
13984,34743514,MONROE,Pittsford,3,490I43023037,N,43.1038505,-77.5052245,4/11/13,7:52,PROPERTY DAMAGE AND INJURY,1,0,2,COLLISION WITH MEDIAN/BARRIER,RIGHT ANGLE,NONE,DAYLIGHT,RAIN,WET
13984,34902371,MONROE,Rochester,1, 15 43032028,Y,43.1528750,-77.6047900,8/18/13,14:17,INJURY,6,0,3,COLLISION WITH MOTOR VEHICLE,OTHER,TRAFFIC SIGNAL,DAYLIGHT,CLEAR,DRY
13984,34784822,MONROE,Rochester,1, 15 43032028,Y,43.1528750,-77.6047900,5/20/13,17:05,PROPERTY DAMAGE AND INJURY,3,0,2,COLLISION WITH MOTOR VEHICLE,RIGHT ANGLE,TRAFFIC SIGNAL,DAYLIGHT,CLEAR,DRY
13984,34777840,MONROE,Henrietta,3,,Y,43.0921000,-77.5819830,4/30/13,0:00,PROPERTY DAMAGE AND INJURY,2,0,2,COLLISION WITH MOTOR VEHICLE,UNKNOWN,STOP SIGN,DAYLIGHT,CLEAR,DRY
13984,35023797,MONROE,Chili,3,,N,43.0821220,-77.7273081,11/25/13,8:20,INJURY,2,0,4,COLLISION WITH MOTOR VEHICLE,OTHER,NONE,DAYLIGHT,CLEAR,WET
13984,34755195,MONROE,Greece,3,,N,43.2145280,-77.7318020,4/29/13,18:16,INJURY,1,0,2,COLLISION WITH MOTOR VEHICLE,REAR END,TRAFFIC SIGNAL,DAYLIGHT,CLEAR,DRY
13984,35311503,MONROE,Rochester,1,,Y,43.2307860,-77.6261596,6/29/14,18:15,PROPERTY DAMAGE AND INJURY,2,0,3,COLLISION WITH MOTOR VEHICLE,OTHER,TRAFFIC SIGNAL,DAYLIGHT,RAIN,WET
13984,35294546,MONROE,Rochester,1,,N,43.1792101,-77.6749732,6/16/14,20:34,PROPERTY DAMAGE AND INJURY,1,0,1,COLLISION WITH DEER,OTHER,NONE,DAYLIGHT,CLEAR,DRY
13984,34937496,MONROE,Rochester,1,,Y,43.1601420,-77.5538300,9/18/13,7:39,PROPERTY DAMAGE AND INJURY,1,0,2,COLLISION WITH MOTOR VEHICLE,RIGHT ANGLE,NONE,DAYLIGHT,CLEAR,DRY
13984,35023598,MONROE,Rochester,1,,N,43.1279777,-77.6402814,11/26/13,14:45,INJURY,1,0,2,COLLISION WITH MOTOR VEHICLE,REAR END,NONE,DAYLIGHT,SNOW,SNOW/ICE
13984,35287893,MONROE,Chili,3,,Y,43.1134985,-77.7581886,6/9/14,19:32,PROPERTY DAMAGE AND INJURY,1,0,1,COLL. W/LIGHT SUPPORT/UTILITY POLE,OTHER,NONE,DUSK,CLOUDY,DRY
13984,35389250,MONROE,Pittsford,4, 31 43033042,Y,43.0923330,-77.5194959,8/6/14,13:31,INJURY,1,0,1,COLLISION WITH BICYCLIST,OTHER,STOP SIGN,DAYLIGHT,CLEAR,DRY
13984,35099364,MONROE,Rochester,1, 33 43032024,N,43.1521761,-77.6278686,1/20/14,10:37,PROPERTY DAMAGE AND INJURY,1,0,2,COLLISION WITH MOTOR VEHICLE,OVERTAKING,NONE,DAYLIGHT,SNOW,SNOW/ICE
13984,35099342,MONROE,Greece,3,,N,43.1920232,-77.6798073,1/20/14,17:11,PROPERTY DAMAGE AND INJURY,1,0,2,COLLISION WITH MOTOR VEHICLE,REAR END,TRAFFIC SIGNAL,DARK-ROAD LIGHTED,SNOW,WET
13984,35250104,MONROE,Henrietta,3,,N,43.0862953,-77.6014503,4/30/14,20:28,INJURY,2,0,2,COLLISION WITH MOTOR VEHICLE,RIGHT ANGLE,STOP SIGN,DARK-ROAD UNLIGHTED,RAIN,WET
13984,35221440,MONROE,Parma,3,104 43031095,N,43.2196157,-77.8180764,4/11/14,10:18,PROPERTY DAMAGE AND INJURY,3,0,3,COLLISION WITH MOTOR VEHICLE,OTHER,NONE,DAYLIGHT,CLOUDY,DRY
13984,35443181,MONROE,Rochester,1,,N,43.1619845,-77.6072966,10/23/14,13:23,PROPERTY DAMAGE AND INJURY,1,0,2,COLLISION WITH MOTOR VEHICLE,LEFT TURN (AGAINST OTHER CAR),NONE,DAYLIGHT,CLOUDY,DRY
13984,35461214,MONROE,Rochester,1,,Y,43.1673660,-77.6072290,11/1/14,23:19,PROPERTY DAMAGE AND INJURY,1,0,1,COLLISION WITH MEDIAN/BARRIER - END,OTHER,NONE,DARK-ROAD LIGHTED,RAIN,WET
13984,35220309,MONROE,Greece,3, 18 43031167,N,43.2533779,-77.7222786,4/9/14,19:04,PROPERTY DAMAGE AND INJURY,1,0,2,COLLISION WITH MOTOR VEHICLE,OVERTAKING,NONE,DUSK,CLEAR,DRY
13984,34787104,MONROE,Sweden,3,,N,43.2045677,-77.8717915,5/27/13,11:17,PROPERTY DAMAGE AND INJURY,1,0,2,COLLISION WITH MOTOR VEHICLE,RIGHT ANGLE,NONE,DAYLIGHT,CLEAR,DRY
13984,34839149,MONROE,Irondequoit,3,,N,43.2051791,-77.6006747,7/7/13,23:00,INJURY,1,0,1,COLLISION WITH PEDESTRIAN,OTHER,NONE,DARK-ROAD LIGHTED,CLEAR,DRY
13984,35387419,MONROE,Gates,3,531 43011018,N,43.1572616,-77.7257879,8/8/14,18:37,PROPERTY DAMAGE AND INJURY,2,0,2,COLLISION WITH MOTOR VEHICLE,REAR END,NONE,DAYLIGHT,CLEAR,DRY
13984,35436490,MONROE,Gates,3,390I43035000,N,43.1265236,-77.6573426,10/15/14,7:15,INJURY,1,0,2,COLLISION WITH MOTOR VEHICLE,REAR END,NONE,DARK-ROAD LIGHTED,RAIN,WET
13984,35492724,MONROE,Rochester,1,,Y,43.1861060,-77.5995239,11/22/14,14:26,INJURY,1,0,2,COLLISION WITH MOTOR VEHICLE,OVERTAKING,NONE,DAYLIGHT,RAIN,WET
13984,35220453,MONROE,Henrietta,3,,N,43.0773081,-77.6973971,3/31/14,18:47,INJURY,1,0,1,COLLISION WITH PEDESTRIAN,OTHER,NONE,DAYLIGHT,CLEAR,DRY
13984,35288686,MONROE,Pittsford,4, 31 43033046,N,43.0895788,-77.5116046,6/12/14,9:20,INJURY,1,0,2,COLLISION WITH MOTOR VEHICLE,REAR END,NONE,DAYLIGHT,CLOUDY,WET
13984,35220422,MONROE,Spencerport,4, 31 43031120,N,43.1819179,-77.8051297,4/11/14,16:57,INJURY,1,0,2,COLLISION WITH MOTOR VEHICLE,RIGHT ANGLE,NONE,DAYLIGHT,CLEAR,DRY
13984,35479930,MONROE,Ogden,3,,Y,43.1950300,-77.7875660,11/20/14,5:55,PROPERTY DAMAGE AND INJURY,1,0,1,COLLISION WITH TREE,OTHER,NONE,DARK-ROAD LIGHTED,SNOW,SNOW/ICE
13984,35489140,MONROE,Henrietta,3,,N,43.0609964,-77.6890092,11/27/14,4:06,PROPERTY DAMAGE AND INJURY,1,0,1,COLLISION WITH FIRE HYDRANT,OTHER,NONE,DARK-ROAD UNLIGHTED,SNOW,SNOW/ICE
13984,35384343,MONROE,Rochester,1,,N,43.2587522,-77.6091089,8/27/14,21:27,PROPERTY DAMAGE AND INJURY,1,0,2,COLLISION WITH MOTOR VEHICLE,REAR END,OTHER,DARK-ROAD LIGHTED,CLEAR,DRY
13984,35018753,MONROE,Brighton,3, 15A43041125,Y,43.1027870,-77.6152590,11/25/13,13:53,PROPERTY DAMAGE AND INJURY,1,0,3,COLLISION WITH MOTOR VEHICLE,OTHER,TRAFFIC SIGNAL,DAYLIGHT,CLOUDY,DRY
13984,34826965,MONROE,Riga,3, 36 43031060,N,43.0693649,-77.8793169,6/7/13,23:39,INJURY,2,0,1,COLLISION WITH BUILDING/WALL,OTHER,STOP SIGN,DARK-ROAD UNLIGHTED,CLOUDY,WET
13984,34918004,MONROE,Rochester,1,,Y,43.1870920,-77.5918450,8/30/13,14:34,PROPERTY DAMAGE AND INJURY,5,0,3,COLLISION WITH MOTOR VEHICLE,OTHER,TRAFFIC SIGNAL,DAYLIGHT,CLEAR,DRY
13984,35065775,MONROE,Rochester,1,,N,43.1607254,-77.6185241,11/20/13,15:01,INJURY,1,0,2,COLLISION WITH MOTOR VEHICLE,REAR END,NONE,DAYLIGHT,CLEAR,DRY
13984,34809180,MONROE,Wheatland,3,,N,43.0326527,-77.8224278,6/11/13,7:08,PROPERTY DAMAGE AND INJURY,1,0,1,COLL. W/EARTH ELE./ROCK CUT/DITCH,OTHER,NONE,DAYLIGHT,CLOUDY,WET
13984,35467549,MONROE,Pittsford,3, 96 43051082,N,43.1223054,-77.5228296,10/31/14,13:29,PROPERTY DAMAGE AND INJURY,2,0,2,COLLISION WITH MOTOR VEHICLE,RIGHT ANGLE,NONE,DAYLIGHT,RAIN,WET
13984,35384362,MONROE,Rochester,1,,Y,43.1852870,-77.6388840,8/23/14,18:58,INJURY,1,0,2,COLLISION WITH MOTOR VEHICLE,REAR END,TRAFFIC SIGNAL,DAYLIGHT,CLEAR,DRY
13984,35327424,MONROE,Rochester,1,,N,43.1340499,-77.6325737,7/15/14,17:47,INJURY,1,0,1,COLLISION WITH BICYCLIST,OTHER,NONE,DAYLIGHT,CLEAR,DRY
13984,35068045,MONROE,Pittsford,3,490I43023044,N,43.0942491,-77.5007275,1/3/14,10:50,PROPERTY DAMAGE AND INJURY,1,0,3,COLLISION WITH MOTOR VEHICLE,OTHER,NONE,DAYLIGHT,CLEAR,SNOW/ICE
13984,35384323,MONROE,Rochester,1,,Y,43.1416750,-77.6230500,8/26/14,19:35,INJURY,1,0,1,COLLISION WITH BICYCLIST,OTHER,STOP SIGN,DAYLIGHT,CLEAR,DRY
13984,34979924,MONROE,Rochester,1,,Y,43.2035180,-77.5618440,10/27/13,20:42,INJURY,1,0,2,COLLISION WITH MOTOR VEHICLE,REAR END,TRAFFIC SIGNAL,DARK-ROAD LIGHTED,CLOUDY,DRY
13984,35193816,MONROE,Rochester,1,,Y,43.1672350,-77.5996610,3/24/14,22:13,PROPERTY DAMAGE AND INJURY,1,0,2,COLLISION WITH MOTOR VEHICLE,REAR END,TRAFFIC SIGNAL,DARK-ROAD LIGHTED,CLEAR,DRY
13984,34723574,MONROE,Chili,3,383 43011154,N,43.1212065,-77.6501574,4/3/13,17:17,PROPERTY DAMAGE AND INJURY,1,0,2,COLLISION WITH MOTOR VEHICLE,LEFT TURN (AGAINST OTHER CAR),TRAFFIC SIGNAL,DAYLIGHT,CLEAR,DRY
13984,34909300,MONROE,Irondequoit,3,,N,43.1972349,-77.5846998,8/14/13,16:45,INJURY,1,0,1,COLLISION WITH BICYCLIST,OTHER,NONE,DAYLIGHT,CLEAR,DRY
13984,35196690,MONROE,Perinton,3, 31 43033083,N,43.0697918,-77.4460352,3/24/14,8:26,PROPERTY DAMAGE AND INJURY,1,0,2,COLLISION WITH MOTOR VEHICLE,REAR END,TRAFFIC SIGNAL,DAYLIGHT,CLOUDY,WET
13984,34926933,MONROE,Brighton,3,590 43011000,N,43.1433559,-77.5462380,9/13/13,19:13,PROPERTY DAMAGE AND INJURY,1,0,1,COLLISION WITH BUILDING/WALL,OTHER,NONE,DARK-ROAD LIGHTED,RAIN,WET
13984,34995395,MONROE,Rochester,1,940M43011001,Y,43.1658480,-77.6241870,10/17/13,8:57,PROPERTY DAMAGE AND INJURY,1,0,2,COLLISION WITH MOTOR VEHICLE,LEFT TURN (AGAINST OTHER CAR),NONE,DAYLIGHT,CLOUDY,DRY
13984,34927099,MONROE,Rochester,1,,N,43.1764159,-77.5952000,7/20/13,23:34,INJURY,5,0,3,COLLISION WITH MOTOR VEHICLE,OTHER,STOP SIGN,DARK-ROAD LIGHTED,CLEAR,DRY
13984,35392994,MONROE,Brighton,3, 15A43041123,Y,43.1005300,-77.6142500,9/10/14,15:14,PROPERTY DAMAGE AND INJURY,2,0,2,COLLISION WITH MOTOR VEHICLE,REAR END,TRAFFIC SIGNAL,DAYLIGHT,CLEAR,DRY
13984,34803895,MONROE,Chili,3,,N,43.1064789,-77.7184868,5/29/13,16:30,PROPERTY DAMAGE AND INJURY,1,0,2,COLLISION WITH MOTOR VEHICLE,REAR END,NONE,DAYLIGHT,CLEAR,DRY
13984,34994498,MONROE,Ogden,3,,Y,43.1439450,-77.7542189,11/6/13,16:16,PROPERTY DAMAGE AND INJURY,2,0,2,COLLISION WITH MOTOR VEHICLE,LEFT TURN (AGAINST OTHER CAR),STOP SIGN,DAYLIGHT,CLOUDY,DRY
13984,34806173,MONROE,Brighton,3,,Y,43.1164220,-77.5573480,6/4/13,7:45,INJURY,1,0,1,COLLISION WITH BICYCLIST,OTHER,TRAFFIC SIGNAL,DAYLIGHT,CLEAR,DRY
13984,35190564,MONROE,Chili,3,,N,43.1257055,-77.7098009,3/19/14,8:42,PROPERTY DAMAGE AND INJURY,1,0,2,COLLISION WITH MOTOR VEHICLE,REAR END,NONE,DAYLIGHT,CLOUDY,DRY
13984,35037477,MONROE,Rochester,1,,Y,43.1574120,-77.6439740,12/7/13,15:03,INJURY,1,0,3,COLLISION WITH MOTOR VEHICLE,OTHER,TRAFFIC SIGNAL,DAYLIGHT,CLOUDY,DRY
13984,34985813,MONROE,Irondequoit,3,,N,43.1964440,-77.5767859,10/31/13,16:39,INJURY,2,0,2,COLLISION WITH MOTOR VEHICLE,LEFT TURN (AGAINST OTHER CAR),TRAFFIC SIGNAL,DAYLIGHT,RAIN,WET
13984,35037469,MONROE,Rochester,1, 31 43032017,Y,43.1646320,-77.6413559,12/5/13,16:52,INJURY,1,0,2,COLLISION WITH MOTOR VEHICLE,REAR END,STOP SIGN,DUSK,CLOUDY,DRY
13984,35515124,MONROE,Chili,3,,Y,43.1066745,-77.7323381,12/15/14,15:30,PROPERTY DAMAGE AND INJURY,1,0,2,COLLISION WITH MOTOR VEHICLE,LEFT TURN (WITH OTHER CAR),TRAFFIC SIGNAL,DAYLIGHT,CLOUDY,WET
13984,34881138,MONROE,Greece,3,,Y,43.2366770,-77.6508640,7/26/13,19:18,INJURY,1,0,1,COLLISION WITH BICYCLIST,OTHER,STOP SIGN,DAYLIGHT,CLOUDY,DRY
13984,34730049,MONROE,Greece,3,104 43031130,N,43.2169518,-77.7489851,4/8/13,16:30,PROPERTY DAMAGE AND INJURY,1,0,2,COLLISION WITH MOTOR VEHICLE,REAR END,NONE,DAYLIGHT,CLOUDY,DRY
13984,35518867,MONROE,East Rochester,4,,Y,43.1121740,-77.4854470,12/9/14,8:14,PROPERTY DAMAGE AND INJURY,2,0,2,COLLISION WITH MOTOR VEHICLE,RIGHT ANGLE,STOP SIGN,DAYLIGHT,CLEAR,DRY
13984,35282574,MONROE,Chili,3,,Y,43.1068750,-77.6909120,6/5/14,18:48,PROPERTY DAMAGE AND INJURY,1,0,2,COLLISION WITH MOTOR VEHICLE,RIGHT ANGLE,STOP SIGN,DAYLIGHT,CLEAR,DRY
13984,35256651,MONROE,Rochester,1,,Y,43.1831240,-77.6201850,4/16/14,17:00,PROPERTY DAMAGE AND INJURY,1,0,1,OTHER NON-COLLISION,OTHER,UNKNOWN,UNKNOWN,UNKNOWN,UNKNOWN
13984,35283719,MONROE,Brighton,3,,Y,43.0947577,-77.6135188,6/3/14,12:08,PROPERTY DAMAGE AND INJURY,2,0,3,COLLISION WITH MOTOR VEHICLE,OTHER,TRAFFIC SIGNAL,DAYLIGHT,CLOUDY,DRY
13984,35259396,MONROE,Henrietta,3,390I43031104,N,43.0770054,-77.6241673,5/14/14,2:05,PROPERTY DAMAGE AND INJURY,1,0,1,COLLISION WITH GUIDE RAIL,OTHER,NONE,DARK-ROAD LIGHTED,CLOUDY,WET
13984,34702234,MONROE,Rochester,1,,Y,43.1465020,-77.6360530,3/14/13,16:19,INJURY,1,0,1,COLLISION WITH PEDESTRIAN,OTHER,TRAFFIC SIGNAL,DAYLIGHT,CLEAR,DRY
13984,35479753,MONROE,Rochester,1,,N,43.1456545,-77.5623968,11/3/14,14:40,INJURY,1,0,1,COLLISION WITH BICYCLIST,OTHER,NONE,DAYLIGHT,CLEAR,DRY
13984,35479061,MONROE,Gates,3,390I43037000,Y,43.1307882,-77.6611575,11/19/14,18:18,PROPERTY DAMAGE AND INJURY,1,0,2,COLLISION WITH MOTOR VEHICLE,REAR END,STOP SIGN,DARK-ROAD LIGHTED,SNOW,WET
13984,35536660,MONROE,Wheatland,3,251 43011111,N,43.0171806,-77.7477625,10/18/14,10:42,PROPERTY DAMAGE AND INJURY,1,0,1,COLLISION WITH GUIDE RAIL,OTHER,NONE,DAYLIGHT,CLOUDY,WET
13984,35306857,MONROE,Rochester,1,,Y,43.1248230,-77.6153450,6/26/14,16:57,PROPERTY DAMAGE AND INJURY,1,0,2,COLLISION WITH MOTOR VEHICLE,LEFT TURN (WITH OTHER CAR),STOP SIGN,DAYLIGHT,CLEAR,DRY
13984,35183881,MONROE,Rochester,1,,Y,43.2416380,-77.6202390,3/10/14,22:05,INJURY,1,0,1,COLLISION WITH PEDESTRIAN,OTHER,TRAFFIC SIGNAL,DARK-ROAD LIGHTED,CLEAR,DRY
13984,34850221,MONROE,Brighton,3,390I43031152,N,43.1164013,-77.6338185,7/3/13,9:16,PROPERTY DAMAGE AND INJURY,1,0,3,COLLISION WITH MOTOR VEHICLE,OTHER,HIGHWAY WORK AREA,DAYLIGHT,CLEAR,DRY
13984,34748546,MONROE,Rochester,1, 33A43022013,Y,43.1487167,-77.6407028,4/26/13,1:36,PROPERTY DAMAGE AND INJURY,1,0,1,COLLISION WITH TREE,OTHER,NONE,DARK-ROAD LIGHTED,RAIN,WET
13984,35269410,MONROE,Rochester,1,,Y,43.1663900,-77.5845650,5/24/14,12:30,INJURY,1,0,2,COLLISION WITH OTHER PEDESTRIAN,OTHER,NONE,DAYLIGHT,CLEAR,DRY
13984,34733276,MONROE,Chili,3,383 43011107,N,43.0737667,-77.7069681,4/4/13,16:46,INJURY,2,0,2,COLLISION WITH MOTOR VEHICLE,REAR END,NONE,DAYLIGHT,CLOUDY,DRY
13984,35201251,MONROE,Perinton,3,490I43023085,N,43.0448327,-77.4627836,3/29/14,19:28,INJURY,1,0,1,COLLISION WITH GUIDE RAIL,OTHER,NONE,DARK-ROAD UNLIGHTED,SLEET/HAIL/FREEZING RAIN,SNOW/ICE
13984,34941101,MONROE,Chili,3,383 43011149,N,43.1177222,-77.6584300,9/23/13,22:45,PROPERTY DAMAGE AND INJURY,1,0,2,COLLISION WITH MOTOR VEHICLE,OVERTAKING,NONE,DARK-ROAD LIGHTED,CLEAR,DRY
13984,35133952,MONROE,Greece,3,104 43031128,Y,43.2174062,-77.7526772,2/11/14,7:40,INJURY,1,0,2,COLLISION WITH MOTOR VEHICLE,RIGHT ANGLE,TRAFFIC SIGNAL,DAYLIGHT,SNOW,SNOW/ICE
13984,35119126,MONROE,Mendon,3,,N,42.9583338,-77.5520657,1/25/14,4:53,PROPERTY DAMAGE AND INJURY,1,0,1,COLL. W/EARTH ELE./ROCK CUT/DITCH,OTHER,NONE,DARK-ROAD UNLIGHTED,CLEAR,SNOW/ICE
13984,35121177,MONROE,Penfield,3,,N,43.1715810,-77.4846973,1/27/14,15:38,PROPERTY DAMAGE AND INJURY,1,0,1,COLL. W/LIGHT SUPPORT/UTILITY POLE,OTHER,NONE,DAYLIGHT,CLEAR,SNOW/ICE
13984,34806415,MONROE,Irondequoit,3,,Y,43.2038600,-77.6005990,5/31/13,12:25,PROPERTY DAMAGE AND INJURY,1,0,1,COLLISION WITH BICYCLIST,OTHER,TRAFFIC SIGNAL,DAYLIGHT,CLEAR,DRY
13984,34910823,MONROE,Rochester,1,,N,43.1935920,-77.5984861,8/30/13,16:20,INJURY,1,0,4,COLLISION WITH MOTOR VEHICLE,OTHER,TRAFFIC SIGNAL,DAYLIGHT,CLEAR,DRY
13984,35223805,MONROE,Rochester,1,,Y,43.1427960,-77.6289690,4/7/14,10:27,INJURY,1,0,2,COLLISION WITH MOTOR VEHICLE,OVERTAKING,TRAFFIC SIGNAL,DAYLIGHT,CLOUDY,DRY
13984,34910765,UNKNOWN COUNTY,,0,,N,43.1778261,-77.6172021,8/19/13,17:39,INJURY,1,0,2,COLLISION WITH MOTOR VEHICLE,RIGHT ANGLE,NONE,DAYLIGHT,CLEAR,DRY
13984,35372040,MONROE,Spencerport,4,259 43011065,Y,43.1861710,-77.8038920,8/21/14,16:14,PROPERTY DAMAGE AND INJURY,2,0,2,COLLISION WITH MOTOR VEHICLE,REAR END,NONE,DAYLIGHT,CLOUDY,DRY
13984,34925557,MONROE,Mendon,3, 64 43021022,N,42.9728085,-77.5027363,9/16/13,6:38,PROPERTY DAMAGE AND INJURY,1,0,1,COLL. W/LIGHT SUPPORT/UTILITY POLE,OTHER,NONE,DAWN,CLEAR,DRY
13984,35491555,MONROE,Greece,3, 18 43031226,Y,43.2231785,-77.6413335,11/29/14,12:07,PROPERTY DAMAGE AND INJURY,1,0,2,COLLISION WITH MOTOR VEHICLE,HEAD ON,TRAFFIC SIGNAL,DAYLIGHT,CLOUDY,DRY
13984,35220359,MONROE,Brighton,3, 31 43033022,N,43.1115026,-77.5483779,4/11/14,9:54,PROPERTY DAMAGE AND INJURY,1,0,2,COLLISION WITH MOTOR VEHICLE,REAR END,TRAFFIC SIGNAL,DAYLIGHT,CLEAR,DRY
13984,34740025,MONROE,Penfield,3,,N,43.1826787,-77.5021828,4/17/13,7:51,PROPERTY DAMAGE AND INJURY,1,0,2,COLLISION WITH MOTOR VEHICLE,REAR END,NONE,DAYLIGHT,CLEAR,DRY
13984,35002093,MONROE,Irondequoit,3,,Y,43.2106420,-77.5994880,11/13/13,19:15,INJURY,1,0,2,COLLISION WITH MOTOR VEHICLE,REAR END,NONE,DARK-ROAD LIGHTED,CLOUDY,DRY
13984,35460758,MONROE,Ogden,3, 31 43031135,N,43.1809775,-77.7744331,11/6/14,17:54,INJURY,1,0,2,COLLISION WITH MOTOR VEHICLE,REAR END,NONE,DARK-ROAD LIGHTED,RAIN,WET
13984,34833449,MONROE,Rochester,1,,Y,43.1616230,-77.6237760,6/17/13,13:04,PROPERTY DAMAGE AND INJURY,1,0,1,COLL. W/LIGHT SUPPORT/UTILITY POLE,OTHER,NONE,DAYLIGHT,CLEAR,DRY
13984,35385262,MONROE,Gates,3, 33A43021145,Y,43.1353619,-77.6803043,9/3/14,1:01,PROPERTY DAMAGE AND INJURY,3,0,1,COLLISION WITH BUILDING/WALL,OTHER,NONE,DARK-ROAD LIGHTED,CLOUDY,DRY
13984,35234991,MONROE,Greece,3,386 43011006,N,43.1838133,-77.7320190,4/23/14,18:56,PROPERTY DAMAGE AND INJURY,1,0,2,COLLISION WITH MOTOR VEHICLE,OVERTAKING,NONE,DAYLIGHT,CLEAR,DRY
13984,34925551,MONROE,Henrietta,3, 15A43041111,N,43.0843280,-77.6080780,9/6/13,11:00,INJURY,1,0,1,COLLISION WITH BICYCLIST,OTHER,TRAFFIC SIGNAL,DAYLIGHT,CLEAR,DRY
13984,35306291,MONROE,Gates,3,490I43021168,N,43.1569659,-77.6999035,6/25/14,17:20,INJURY,1,0,1,COLLISION WITH CULVERT/HEADWALL,OTHER,NONE,DAYLIGHT,CLOUDY,DRY
13984,34934688,MONROE,Brighton,3,,Y,43.1575970,-77.5361970,9/22/13,17:16,PROPERTY DAMAGE AND INJURY,1,0,2,COLLISION WITH MOTOR VEHICLE,LEFT TURN (WITH OTHER CAR),STOP SIGN,DAYLIGHT,CLOUDY,DRY
13984,34780797,MONROE,Greece,3, 18 43031195,N,43.2528810,-77.6662970,5/20/13,8:58,PROPERTY DAMAGE AND INJURY,2,0,2,COLLISION WITH MOTOR VEHICLE,RIGHT ANGLE,NONE,DAYLIGHT,CLEAR,DRY