QUERYID,CASE #,REGN_CNTY_CDE,Municipality,MUNITYPE,REF_MRKR,ATINTERSECTION_IND,Lat,Long,,Time,Crash Type,Injuries,Fatalities,Number of Vehicles,ACCD_TYP,COLLISION_TYP,TRAF_CNTL,Light Condition,Weather Condition,Road Surface Condition
13984,34840733,MONROE,Pittsford,3,,N,43.1108862,-77.5064087,6/20/13,7:50,PROPERTY DAMAGE AND INJURY,1,0,2,COLLISION WITH MOTOR VEHICLE,REAR END,NONE,DAYLIGHT,CLEAR,DRY
13984,34993397,MONROE,Gates,3,386 43011114,N,43.1641927,-77.7324203,10/31/13,21:30,INJURY,1,0,1,COLLISION WITH PEDESTRIAN,OTHER,OTHER,DARK-ROAD UNLIGHTED,UNKNOWN,DRY
13984,34860905,MONROE,Brighton,3, 96 43051095,Y,43.1375060,-77.5394890,7/23/13,16:54,INJURY,2,0,2,COLLISION WITH MOTOR VEHICLE,LEFT TURN (WITH OTHER CAR),NONE,DAYLIGHT,CLEAR,DRY
13984,35188247,MONROE,Greece,3,390 43011056,N,43.2369729,-77.6714012,3/15/14,15:52,PROPERTY DAMAGE AND INJURY,1,0,1,COLLISION WITH MEDIAN/BARRIER,OTHER,NONE,DAYLIGHT,CLOUDY,DRY
13984,35183958,UNKNOWN COUNTY,,0,,N,43.2000027,-77.6274995,3/13/14,17:11,PROPERTY DAMAGE AND INJURY,1,0,2,COLLISION WITH MOTOR VEHICLE,OVERTAKING,NONE,DAYLIGHT,CLEAR,SNOW/ICE
13984,35453318,MONROE,Rochester,1,,N,43.1625160,-77.6242671,10/27/14,16:09,PROPERTY DAMAGE AND INJURY,2,0,2,COLLISION WITH MOTOR VEHICLE,RIGHT ANGLE,TRAFFIC SIGNAL,DAYLIGHT,CLEAR,DRY
13984,35435867,MONROE,Irondequoit,3,,Y,43.1808890,-77.5357710,10/11/14,12:18,PROPERTY DAMAGE AND INJURY,1,0,2,COLLISION WITH MOTOR VEHICLE,RIGHT ANGLE,STOP SIGN,DAYLIGHT,CLEAR,DRY
13984,34842527,MONROE,Brighton,3,390I43031142,N,43.1085780,-77.6177359,7/9/13,17:05,INJURY,1,0,2,COLLISION WITH MOTOR VEHICLE,REAR END,NONE,DAYLIGHT,CLOUDY,DRY
13984,34821622,MONROE,Irondequoit,3, 47 43013028,N,43.2076968,-77.5489256,6/16/13,14:03,INJURY,3,0,2,COLLISION WITH MOTOR VEHICLE,REAR END,TRAFFIC SIGNAL,DAYLIGHT,CLOUDY,WET
13984,35382421,MONROE,Penfield,3,441 43011074,Y,43.1305680,-77.4004680,8/6/14,19:13,PROPERTY DAMAGE AND INJURY,3,0,2,COLLISION WITH MOTOR VEHICLE,HEAD ON,TRAFFIC SIGNAL,DAYLIGHT,CLEAR,DRY
13984,35273443,MONROE,Greece,3,104 43031142,Y,43.2135050,-77.7269000,5/2/14,12:45,PROPERTY DAMAGE AND INJURY,1,0,2,COLLISION WITH MOTOR VEHICLE,RIGHT ANGLE,TRAFFIC SIGNAL,DAYLIGHT,CLOUDY,DRY
13984,35202043,MONROE,Ogden,3, 31 43031136,Y,43.1809690,-77.7738710,3/28/14,12:48,PROPERTY DAMAGE AND INJURY,4,0,2,COLLISION WITH MOTOR VEHICLE,RIGHT ANGLE,TRAFFIC SIGNAL,DAYLIGHT,RAIN,WET
13984,34804023,MONROE,Rochester,1,,Y,43.1595140,-77.6100740,6/5/13,16:12,INJURY,2,0,2,COLLISION WITH MOTOR VEHICLE,RIGHT ANGLE,TRAFFIC SIGNAL,DAYLIGHT,CLEAR,DRY
13984,34803899,MONROE,Pittsford,3,,N,43.0858800,-77.4923190,6/5/13,17:01,PROPERTY DAMAGE AND INJURY,1,0,1,COLLISION WITH OTHER FIXED OBJECT,OTHER,NONE,DAYLIGHT,CLEAR,DRY
13984,34803886,MONROE,Irondequoit,3,404 43035033,Y,43.1770230,-77.5365981,6/6/13,14:49,PROPERTY DAMAGE AND INJURY,1,0,2,COLLISION WITH MOTOR VEHICLE,OVERTAKING,NONE,DAYLIGHT,RAIN,WET
13984,34699917,MONROE,Chili,3,,N,43.1071244,-77.7553827,3/17/13,19:57,PROPERTY DAMAGE AND INJURY,2,0,2,COLLISION WITH MOTOR VEHICLE,OVERTAKING,NONE,DARK-ROAD LIGHTED,CLEAR,DRY
13984,35154430,MONROE,Gates,3, 31 43031174,N,43.1693939,-77.7012277,2/26/14,16:28,PROPERTY DAMAGE AND INJURY,1,0,2,COLLISION WITH MOTOR VEHICLE,REAR END,NONE,DAYLIGHT,CLEAR,DRY
13984,35485012,MONROE,Gates,3,531 43011018,N,43.1579151,-77.7268121,11/15/14,15:35,PROPERTY DAMAGE AND INJURY,2,0,1,COLLISION WITH OTHER,OTHER,HIGHWAY WORK AREA,DAYLIGHT,CLOUDY,DRY
13984,34702921,MONROE,Irondequoit,3,,Y,43.2105990,-77.6009239,3/18/13,20:54,PROPERTY DAMAGE AND INJURY,1,0,2,COLLISION WITH MOTOR VEHICLE,RIGHT TURN (WITH OTHER CAR),TRAFFIC SIGNAL,DARK-ROAD LIGHTED,SNOW,SNOW/ICE
13984,34866200,MONROE,Rochester,1,,Y,43.1749150,-77.6132469,7/22/13,14:23,PROPERTY DAMAGE AND INJURY,1,0,2,COLLISION WITH MOTOR VEHICLE,LEFT TURN (AGAINST OTHER CAR),TRAFFIC SIGNAL,DAYLIGHT,CLEAR,DRY
13984,35296893,MONROE,Brighton,3,,N,43.0995933,-77.5561327,6/18/14,17:28,PROPERTY DAMAGE AND INJURY,1,0,2,COLLISION WITH MOTOR VEHICLE,REAR END,NONE,DAYLIGHT,CLOUDY,DRY
13984,34705838,MONROE,Henrietta,3,252 43011052,N,43.0923376,-77.6697515,3/22/13,23:45,PROPERTY DAMAGE AND INJURY,1,0,1,COLLISION WITH MEDIAN/BARRIER,OTHER,NONE,DARK-ROAD LIGHTED,CLEAR,DRY
13984,35335749,MONROE,Perinton,3,,N,43.0928364,-77.4321050,7/21/14,18:49,PROPERTY DAMAGE AND INJURY,1,0,2,COLLISION WITH MOTOR VEHICLE,LEFT TURN (AGAINST OTHER CAR),NONE,DAYLIGHT,CLEAR,DRY
13984,35281288,MONROE,Rochester,1, 33 43032010,N,43.1518745,-77.6529142,6/1/14,19:01,PROPERTY DAMAGE AND INJURY,1,0,1,COLLISION WITH BUILDING/WALL,OTHER,NONE,DAYLIGHT,CLEAR,DRY
13984,35218212,MONROE,Henrietta,3,,Y,43.0830070,-77.6306160,3/31/14,8:02,PROPERTY DAMAGE AND INJURY,1,0,2,COLLISION WITH MOTOR VEHICLE,RIGHT TURN (WITH OTHER CAR),NONE,DAYLIGHT,CLEAR,DRY
13984,35431818,MONROE,Penfield,3,441 43011034,Y,43.1300496,-77.4759634,10/4/14,5:01,PROPERTY DAMAGE AND INJURY,1,0,1,COLLISION WITH BUILDING/WALL,OTHER,NONE,DARK-ROAD LIGHTED,RAIN,WET
13984,34792763,MONROE,Gates,3, 33 43031117,N,43.1453163,-77.7178216,5/29/13,14:30,PROPERTY DAMAGE AND INJURY,1,0,2,COLLISION WITH MOTOR VEHICLE,REAR END,NONE,DAYLIGHT,CLOUDY,DRY
13984,35475507,MONROE,Penfield,3,441 43011074,N,43.1305871,-77.3991138,11/15/14,1:19,PROPERTY DAMAGE AND INJURY,1,0,1,COLL. W/LIGHT SUPPORT/UTILITY POLE,OTHER,NONE,DARK-ROAD UNLIGHTED,CLEAR,SNOW/ICE
13984,35412612,MONROE,Rochester,1,490I43022038,N,43.1484098,-77.6026225,9/26/14,14:55,INJURY,1,0,1,COLLISION WITH OTHER BARRIER,OTHER,NONE,DAYLIGHT,CLEAR,DRY
13984,35525823,MONROE,Irondequoit,3,,N,43.2312752,-77.5491285,12/21/14,19:28,INJURY,1,0,2,COLLISION WITH MOTOR VEHICLE,REAR END,NONE,DARK-ROAD LIGHTED,CLOUDY,DRY
13984,34756831,MONROE,Rochester,1,,Y,43.1503320,-77.6267870,5/1/13,10:16,PROPERTY DAMAGE AND INJURY,1,0,1,COLLISION WITH BICYCLIST,OTHER,FLASHING LIGHT,DAYLIGHT,CLOUDY,DRY
13984,35454564,MONROE,Sweden,3,260 43011014,N,43.2177187,-77.8928217,10/28/14,23:52,INJURY,1,0,1,COLL. W/EARTH ELE./ROCK CUT/DITCH,OTHER,NONE,DARK-ROAD UNLIGHTED,CLOUDY,WET
13984,35430195,MONROE,Webster,3,,N,43.2012537,-77.4220878,10/10/14,14:00,PROPERTY DAMAGE AND INJURY,1,0,2,COLLISION WITH MOTOR VEHICLE,REAR END,NONE,DAYLIGHT,CLOUDY,DRY
13984,35385234,MONROE,Perinton,3, 96 43051010,N,43.0417770,-77.4622560,8/23/14,19:43,PROPERTY DAMAGE AND INJURY,1,0,2,COLLISION WITH MOTOR VEHICLE,RIGHT ANGLE,TRAFFIC SIGNAL,DAYLIGHT,CLEAR,DRY
13984,35299971,MONROE,Brighton,3, 15 43031127,Y,43.1118240,-77.6238730,6/22/14,13:22,PROPERTY DAMAGE AND INJURY,1,0,2,COLLISION WITH MOTOR VEHICLE,REAR END,TRAFFIC SIGNAL,DAYLIGHT,CLEAR,DRY
13984,34894781,MONROE,Rochester,1,,Y,43.1552300,-77.6388801,8/3/13,13:00,PROPERTY DAMAGE AND INJURY,1,0,2,COLLISION WITH MOTOR VEHICLE,RIGHT ANGLE,TRAFFIC SIGNAL,DAYLIGHT,CLEAR,DRY
13984,35294572,MONROE,Pittsford,3,252 43011112,N,43.0874326,-77.5524810,5/30/14,19:23,PROPERTY DAMAGE AND INJURY,2,0,2,COLLISION WITH MOTOR VEHICLE,RIGHT ANGLE,STOP SIGN,DAYLIGHT,CLEAR,DRY
13984,34770372,MONROE,Rochester,1,940T43011012,N,43.1621010,-77.6021336,5/9/13,7:24,PROPERTY DAMAGE AND INJURY,1,0,2,COLLISION WITH MOTOR VEHICLE,REAR END,NONE,DAYLIGHT,RAIN,WET
13984,35428111,MONROE,Greece,3,,N,43.1891082,-77.7014903,10/10/14,18:18,PROPERTY DAMAGE AND INJURY,1,0,2,COLLISION WITH MOTOR VEHICLE,LEFT TURN (AGAINST OTHER CAR),NONE,DAYLIGHT,CLOUDY,DRY
13984,35428076,MONROE,Pittsford,3,490I43023020,N,43.1227041,-77.5210703,10/11/14,8:38,PROPERTY DAMAGE AND INJURY,1,0,1,COLLISION WITH MEDIAN/BARRIER,OTHER,NONE,DAYLIGHT,CLOUDY,DRY
13984,34770720,MONROE,Rochester,1,,N,43.1345132,-77.6360006,5/11/13,16:12,INJURY,1,0,1,COLLISION WITH PEDESTRIAN,OTHER,NONE,DAYLIGHT,CLEAR,DRY
13984,35041016,MONROE,Rochester,1,,Y,43.1707080,-77.5944810,12/6/13,23:14,INJURY,1,0,2,COLLISION WITH MOTOR VEHICLE,RIGHT TURN (WITH OTHER CAR),TRAFFIC SIGNAL,DARK-ROAD LIGHTED,SNOW,SLUSH
13984,34824863,MONROE,Pittsford,3,253 43011150,N,43.0969121,-77.5114729,5/30/13,12:18,PROPERTY DAMAGE AND INJURY,1,0,2,COLLISION WITH MOTOR VEHICLE,REAR END,NONE,DAYLIGHT,CLEAR,DRY
13984,34910338,MONROE,Mendon,3, 65 43031046,N,43.0037543,-77.5777407,8/29/13,4:40,INJURY,1,0,1,COLLISION WITH DEER,OTHER,NONE,DARK-ROAD UNLIGHTED,FOG/SMOG/SMOKE,DRY
13984,35048648,MONROE,Webster,3,104 43035254,N,43.2136541,-77.4683055,12/18/13,17:12,PROPERTY DAMAGE AND INJURY,1,0,2,COLLISION WITH MOTOR VEHICLE,OVERTAKING,NONE,DARK-ROAD UNLIGHTED,CLOUDY,DRY
13984,35291494,MONROE,Webster,3,,Y,43.2086510,-77.4746380,6/10/14,14:48,PROPERTY DAMAGE AND INJURY,2,0,3,COLLISION WITH MOTOR VEHICLE,OTHER,NONE,DAYLIGHT,CLOUDY,DRY
13984,34968812,MONROE,Rochester,1,490I43022041,N,43.1459455,-77.6004440,10/18/13,9:53,PROPERTY DAMAGE AND INJURY,1,0,2,COLLISION WITH MOTOR VEHICLE,REAR END,NONE,DAYLIGHT,CLEAR,DRY
13984,35333082,MONROE,Rochester,1,,N,43.1942728,-77.6121313,6/28/14,10:28,PROPERTY DAMAGE AND INJURY,1,0,2,COLLISION WITH MOTOR VEHICLE,RIGHT ANGLE,NONE,DAYLIGHT,CLEAR,DRY
13984,35507606,MONROE,Brighton,3, 65 43031131,Y,43.1167010,-77.5480450,12/10/14,9:39,INJURY,1,0,2,COLLISION WITH MOTOR VEHICLE,REAR END,TRAFFIC SIGNAL,DAYLIGHT,SNOW,SNOW/ICE
13984,35507593,MONROE,Brighton,3,,N,43.1263239,-77.5683942,12/10/14,15:28,INJURY,1,0,2,COLLISION WITH MOTOR VEHICLE,REAR END,TRAFFIC SIGNAL,DAYLIGHT,SNOW,SNOW/ICE
13984,35333061,MONROE,Rochester,1,383 43012027,Y,43.1530810,-77.6113950,7/17/14,17:10,INJURY,1,0,1,COLLISION WITH BICYCLIST,OTHER,TRAFFIC SIGNAL,DAYLIGHT,UNKNOWN,DRY
13984,35333010,MONROE,Mendon,3,,Y,42.9648257,-77.5024913,6/26/14,6:35,INJURY,2,0,3,COLLISION WITH MOTOR VEHICLE,OTHER,STOP SIGN,DAYLIGHT,CLEAR,DRY
13984,34713487,MONROE,Irondequoit,3,104 43035200,N,43.1958320,-77.5607761,3/24/13,12:17,PROPERTY DAMAGE AND INJURY,1,0,2,COLLISION WITH MOTOR VEHICLE,REAR END,NONE,DAYLIGHT,CLOUDY,DRY
13984,34721269,MONROE,Pittsford,3,,N,43.0999829,-77.5373252,4/2/13,7:00,PROPERTY DAMAGE AND INJURY,1,0,2,COLLISION WITH MOTOR VEHICLE,SIDESWIPE,NONE,DAYLIGHT,SNOW,SNOW/ICE
13984,35132140,MONROE,Chili,3, 33 43031075,Y,43.1243867,-77.7945231,2/11/14,11:42,PROPERTY DAMAGE AND INJURY,1,0,2,COLLISION WITH MOTOR VEHICLE,RIGHT ANGLE,STOP SIGN,DAYLIGHT,CLOUDY,DRY
13984,35132126,MONROE,Penfield,3,,N,43.1544270,-77.5056513,1/14/14,8:09,INJURY,1,0,2,COLLISION WITH MOTOR VEHICLE,REAR END,NONE,DAYLIGHT,CLOUDY,WET
13984,35132073,MONROE,Rochester,1,940M43011004,Y,43.1694230,-77.6268420,1/29/14,7:00,PROPERTY DAMAGE AND INJURY,1,0,2,COLLISION WITH MOTOR VEHICLE,RIGHT ANGLE,STOP SIGN,DAWN,CLEAR,SNOW/ICE
13984,34857553,MONROE,Rochester,1,,N,43.1466149,-77.5733004,6/12/13,8:56,PROPERTY DAMAGE AND INJURY,1,0,3,COLLISION WITH MOTOR VEHICLE,OTHER,NONE,DAYLIGHT,CLEAR,DRY
13984,35247208,MONROE,Gates,3,390 43011011,N,43.1722118,-77.6830905,5/2/14,10:27,PROPERTY DAMAGE AND INJURY,1,0,3,COLLISION WITH MOTOR VEHICLE,OTHER,MAINTENANCE WORK AREA,DAYLIGHT,CLOUDY,DRY
13984,35436107,MONROE,Rochester,1,940M43011015,Y,43.1862550,-77.6308089,9/3/14,13:00,INJURY,1,0,2,COLLISION WITH MOTOR VEHICLE,SIDESWIPE,TRAFFIC SIGNAL,DAYLIGHT,CLEAR,DRY
13984,35497875,MONROE,Sweden,3, 31 43031069,N,43.1978997,-77.8976015,11/20/14,14:52,PROPERTY DAMAGE AND INJURY,1,0,2,COLLISION WITH MOTOR VEHICLE,REAR END,NO PASSING ZONE,DAYLIGHT,CLOUDY,DRY
13984,35170782,MONROE,Rochester,1,,Y,43.1437820,-77.6289791,3/6/14,15:05,PROPERTY DAMAGE AND INJURY,1,0,2,COLLISION WITH MOTOR VEHICLE,REAR END,STOP SIGN,DAYLIGHT,CLEAR,SNOW/ICE
13984,34996123,MONROE,Greece,3,,N,43.2298860,-77.7237710,11/3/13,13:49,INJURY,1,0,1,OVERTURNED,OTHER,NONE,DAYLIGHT,CLOUDY,DRY
13984,35241919,MONROE,Gates,3, 31 43031182,Y,43.1647020,-77.6880160,4/18/14,18:16,INJURY,1,0,3,COLLISION WITH MOTOR VEHICLE,OTHER,TRAFFIC SIGNAL,DAYLIGHT,CLOUDY,DRY
13984,34840895,MONROE,Henrietta,3, 15 43031110,N,43.0880380,-77.6363100,6/17/13,14:45,PROPERTY DAMAGE AND INJURY,1,0,3,COLLISION WITH MOTOR VEHICLE,OTHER,TRAFFIC SIGNAL,DAYLIGHT,CLOUDY,DRY
13984,35059037,MONROE,Gates,3,386 43011110,N,43.1584460,-77.7323900,12/28/13,17:05,INJURY,3,0,2,COLLISION WITH MOTOR VEHICLE,REAR END,TRAFFIC SIGNAL,DARK-ROAD LIGHTED,CLEAR,WET
13984,35198895,MONROE,Rochester,1,,Y,43.2093850,-77.5610650,3/25/14,16:48,PROPERTY DAMAGE AND INJURY,2,0,2,COLLISION WITH MOTOR VEHICLE,REAR END,NO PASSING ZONE,DAYLIGHT,CLEAR,DRY
13984,35259308,MONROE,Rochester,1,,Y,43.1866670,-77.6040129,5/10/14,14:45,INJURY,2,0,2,COLLISION WITH MOTOR VEHICLE,RIGHT ANGLE,STOP SIGN,DAYLIGHT,CLEAR,DRY
13984,34733358,MONROE,Rochester,1,,Y,43.1247910,-77.6142800,4/8/13,15:00,PROPERTY DAMAGE AND INJURY,1,0,2,COLLISION WITH MOTOR VEHICLE,REAR END,TRAFFIC SIGNAL,DAYLIGHT,CLOUDY,DRY
13984,35418064,MONROE,Rochester,1,,N,43.1934880,-77.6305690,9/21/14,1:35,PROPERTY DAMAGE AND INJURY,1,0,1,COLLISION WITH TREE,OTHER,NONE,DARK-ROAD LIGHTED,CLEAR,DRY
13984,35252051,MONROE,Rochester,1,,Y,43.1900650,-77.6388730,5/6/14,15:10,PROPERTY DAMAGE AND INJURY,2,0,2,COLLISION WITH MOTOR VEHICLE,REAR END,TRAFFIC SIGNAL,DAYLIGHT,CLEAR,DRY
13984,35252043,MONROE,Rochester,1,,N,43.1613357,-77.5774749,4/21/14,16:39,PROPERTY DAMAGE AND INJURY,1,0,2,COLLISION WITH MOTOR VEHICLE,REAR END,NONE,DAYLIGHT,CLEAR,DRY
13984,34777734,MONROE,Penfield,3,286 43011018,N,43.1536664,-77.5059711,4/29/13,17:28,PROPERTY DAMAGE AND INJURY,2,0,2,COLLISION WITH MOTOR VEHICLE,RIGHT ANGLE,TRAFFIC SIGNAL,DAYLIGHT,CLOUDY,DRY
13984,34998589,MONROE,Brighton,3, 15A43041121,Y,43.0981770,-77.6133800,11/11/13,17:30,PROPERTY DAMAGE AND INJURY,1,0,1,COLLISION WITH PEDESTRIAN,OTHER,TRAFFIC SIGNAL,DARK-ROAD LIGHTED,RAIN,WET
13984,35322438,MONROE,Greece,3,,Y,43.2311640,-77.6967500,7/8/14,16:44,PROPERTY DAMAGE AND INJURY,1,0,2,COLLISION WITH MOTOR VEHICLE,REAR END,TRAFFIC SIGNAL,DAYLIGHT,CLOUDY,WET
13984,35185691,MONROE,Irondequoit,3,,N,43.2184540,-77.5986386,3/18/14,20:15,PROPERTY DAMAGE AND INJURY,3,0,2,COLLISION WITH MOTOR VEHICLE,RIGHT ANGLE,TRAFFIC SIGNAL,DARK-ROAD LIGHTED,CLEAR,DRY
13984,34861199,MONROE,Greece,3,,Y,43.2072470,-77.6791739,7/20/13,13:10,PROPERTY DAMAGE AND INJURY,1,0,2,COLLISION WITH MOTOR VEHICLE,RIGHT ANGLE,TRAFFIC SIGNAL,DAYLIGHT,CLOUDY,DRY
13984,34971279,MONROE,Parma,3,947A43021107,N,43.3363506,-77.7919088,10/12/13,22:42,PROPERTY DAMAGE AND INJURY,1,0,1,COLLISION WITH DEER,OTHER,NONE,DARK-ROAD UNLIGHTED,CLEAR,DRY
13984,35268759,MONROE,Ogden,3,531 43012041,N,43.1754827,-77.7732917,5/24/14,18:20,PROPERTY DAMAGE AND INJURY,1,0,3,COLLISION WITH MOTOR VEHICLE,OTHER,NONE,DAYLIGHT,CLEAR,DRY
13984,34870362,MONROE,Rochester,1,,N,43.1690460,-77.6017730,7/8/13,19:47,PROPERTY DAMAGE AND INJURY,1,0,2,COLLISION WITH MOTOR VEHICLE,LEFT TURN (AGAINST OTHER CAR),TRAFFIC SIGNAL,DAYLIGHT,CLEAR,DRY
13984,35380015,MONROE,Henrietta,3,253 43011071,N,43.0590572,-77.6313906,8/19/14,22:32,PROPERTY DAMAGE AND INJURY,1,0,1,COLLISION WITH TREE,OTHER,NONE,DARK-ROAD LIGHTED,CLEAR,DRY
13984,35397544,MONROE,Rochester,1,940K43011005,N,43.1592538,-77.6594152,9/5/14,17:31,PROPERTY DAMAGE AND INJURY,6,0,4,COLLISION WITH MOTOR VEHICLE,OTHER,NONE,DAYLIGHT,CLEAR,DRY
13984,34757966,MONROE,Pittsford,3, 31F43011010,Y,43.1082310,-77.4998280,5/2/13,6:55,PROPERTY DAMAGE AND INJURY,1,0,2,COLLISION WITH MOTOR VEHICLE,REAR END,TRAFFIC SIGNAL,DAYLIGHT,CLEAR,DRY
13984,35342177,MONROE,Rochester,1,,N,43.1365705,-77.6591874,7/27/14,3:29,PROPERTY DAMAGE AND INJURY,1,0,2,COLLISION WITH MOTOR VEHICLE,HEAD ON,OTHER,DARK-ROAD LIGHTED,CLOUDY,DRY
13984,34943155,MONROE,Sweden,3,,Y,43.1983449,-77.9586692,9/29/13,13:46,PROPERTY DAMAGE AND INJURY,1,0,2,COLLISION WITH MOTOR VEHICLE,REAR END,TRAFFIC SIGNAL,DAYLIGHT,CLOUDY,DRY
13984,34723588,MONROE,Brighton,3,286A43011004,Y,43.1492100,-77.5352190,4/5/13,16:56,PROPERTY DAMAGE AND INJURY,1,0,2,COLLISION WITH MOTOR VEHICLE,REAR END,TRAFFIC SIGNAL,DAYLIGHT,CLEAR,DRY
13984,34768834,MONROE,Henrietta,3, 15 43031097,N,43.0713831,-77.6452431,5/10/13,17:00,PROPERTY DAMAGE AND INJURY,1,0,2,COLLISION WITH MOTOR VEHICLE,RIGHT ANGLE,NONE,DAYLIGHT,CLOUDY,WET
13984,34721521,MONROE,Gates,3,390I43037007,N,43.1396691,-77.6682034,4/4/13,15:35,PROPERTY DAMAGE AND INJURY,1,0,2,COLLISION WITH MOTOR VEHICLE,REAR END,NONE,DAYLIGHT,CLEAR,DRY
13984,35171822,MONROE,Rochester,1,,Y,43.1616670,-77.6439770,3/3/14,23:00,INJURY,1,0,1,COLLISION WITH PEDESTRIAN,OTHER,NONE,DARK-ROAD LIGHTED,SNOW,SNOW/ICE
13984,35031255,MONROE,Gates,3,940L43011013,Y,43.1498960,-77.6909640,12/5/13,10:30,INJURY,1,0,2,COLLISION WITH MOTOR VEHICLE,REAR END,TRAFFIC SIGNAL,DAYLIGHT,CLOUDY,WET
13984,35245579,MONROE,Pittsford,3, 96 43051077,Y,43.1168637,-77.5167801,4/30/14,18:01,INJURY,2,0,2,COLLISION WITH MOTOR VEHICLE,RIGHT ANGLE,TRAFFIC SIGNAL,DAYLIGHT,RAIN,WET
13984,35255574,MONROE,Rochester,1,,Y,43.1951050,-77.6089710,5/6/14,11:40,INJURY,2,0,2,COLLISION WITH MOTOR VEHICLE,OVERTAKING,TRAFFIC SIGNAL,DAYLIGHT,CLEAR,DRY
13984,35336982,MONROE,Rochester,1,,N,43.1746937,-77.5990772,6/24/14,15:29,INJURY,1,0,1,COLLISION WITH BICYCLIST,OTHER,NONE,DAYLIGHT,CLEAR,DRY
13984,35244023,MONROE,Rochester,1,940M43011008,Y,43.1757100,-77.6301080,4/29/14,15:30,INJURY,1,0,1,COLLISION WITH PEDESTRIAN,OTHER,TRAFFIC SIGNAL,DAYLIGHT,RAIN,WET
13984,35244015,MONROE,Rochester,1,,N,43.2329640,-77.6255570,5/1/14,21:24,PROPERTY DAMAGE AND INJURY,1,0,2,COLLISION WITH MOTOR VEHICLE,OVERTAKING,NONE,DARK-ROAD LIGHTED,CLEAR,DRY
13984,34885007,MONROE,Penfield,3,,N,43.1332337,-77.4924232,8/5/13,8:35,PROPERTY DAMAGE AND INJURY,1,0,4,COLLISION WITH MOTOR VEHICLE,OTHER,NONE,DAYLIGHT,CLEAR,DRY
13984,35302010,MONROE,Rochester,1, 33A43022002,N,43.1414430,-77.6624283,6/21/14,19:33,INJURY,1,0,2,COLLISION WITH MOTOR VEHICLE,OTHER,NONE,DAYLIGHT,CLEAR,DRY
13984,35146926,MONROE,Greece,3,947A43021196,N,43.2703688,-77.6652405,2/11/14,10:30,INJURY,1,0,1,RAN OFF ROAD ONLY,OTHER,NONE,DAYLIGHT,SNOW,SNOW/ICE
13984,35354770,MONROE,Rochester,1,,Y,43.1910438,-77.6129096,7/29/14,18:04,PROPERTY DAMAGE AND INJURY,1,0,2,COLLISION WITH MOTOR VEHICLE,RIGHT ANGLE,TRAFFIC SIGNAL,DAYLIGHT,CLEAR,DRY
13984,35112805,MONROE,Greece,3,,Y,43.2093320,-77.6592911,1/29/14,17:20,PROPERTY DAMAGE AND INJURY,1,0,2,COLLISION WITH MOTOR VEHICLE,RIGHT ANGLE,NONE,DUSK,SNOW,WET
13984,35110524,MONROE,Gates,3,390 43011013,N,43.1758552,-77.6832297,1/29/14,6:51,PROPERTY DAMAGE AND INJURY,1,0,2,COLLISION WITH MOTOR VEHICLE,REAR END,NONE,DAWN,CLEAR,DRY
13984,35408166,MONROE,Webster,3,250 43011143,Y,43.2404320,-77.4286450,9/19/14,11:25,PROPERTY DAMAGE AND INJURY,1,0,2,COLLISION WITH MOTOR VEHICLE,RIGHT ANGLE,STOP SIGN,DAYLIGHT,CLEAR,DRY
13984,35290097,MONROE,Rochester,1,,Y,43.1792120,-77.6590790,6/6/14,14:23,PROPERTY DAMAGE AND INJURY,2,0,2,COLLISION WITH MOTOR VEHICLE,RIGHT ANGLE,TRAFFIC SIGNAL,DAYLIGHT,CLEAR,DRY
13984,34683783,MONROE,Brighton,3,390I43031130,N,43.1037656,-77.6007877,3/3/13,8:34,PROPERTY DAMAGE AND INJURY,1,0,2,COLLISION WITH MOTOR VEHICLE,REAR END,OFFICER/FLAGMAN/GUARD,DAYLIGHT,CLOUDY,WET
13984,35200311,MONROE,Henrietta,3,,Y,43.0500410,-77.5979570,3/14/14,19:05,INJURY,1,0,2,COLLISION WITH MOTOR VEHICLE,REAR END,NONE,DUSK,CLEAR,DRY
13984,35006748,MONROE,Rochester,1,,N,43.1540480,-77.6280900,11/17/13,4:44,PROPERTY DAMAGE AND INJURY,2,0,4,COLLISION WITH MOTOR VEHICLE,OTHER,NONE,DARK-ROAD LIGHTED,CLEAR,DRY
13984,35332917,MONROE,Rochester,1,,N,43.1422239,-77.6492753,7/19/14,16:11,PROPERTY DAMAGE AND INJURY,2,0,2,COLLISION WITH MOTOR VEHICLE,REAR END,NONE,DAYLIGHT,CLOUDY,DRY
13984,35423684,MONROE,Pittsford,3, 65 43031125,Y,43.1078010,-77.5475070,10/7/14,16:48,PROPERTY DAMAGE AND INJURY,1,0,2,COLLISION WITH MOTOR VEHICLE,REAR END,NONE,DAYLIGHT,CLOUDY,DRY