QUERYID,CASE #,REGN_CNTY_CDE,Municipality,MUNITYPE,REF_MRKR,ATINTERSECTION_IND,Lat,Long,,Time,Crash Type,Injuries,Fatalities,Number of Vehicles,ACCD_TYP,COLLISION_TYP,TRAF_CNTL,Light Condition,Weather Condition,Road Surface Condition
13984,34847661,MONROE,Perinton,3, 31F43011023,N,43.1022151,-77.4766822,7/12/13,9:35,PROPERTY DAMAGE AND INJURY,1,0,2,COLLISION WITH MOTOR VEHICLE,REAR END,NONE,DAYLIGHT,CLEAR,DRY
13984,35204751,MONROE,Rochester,1,,Y,43.2115230,-77.5600430,4/2/14,16:22,INJURY,3,0,2,COLLISION WITH MOTOR VEHICLE,REAR END,TRAFFIC SIGNAL,DAYLIGHT,CLEAR,DRY
13984,35026784,UNKNOWN COUNTY,Pittsford,3, 64 43021084,Y,43.0605166,-77.5196488,11/24/13,3:27,PROPERTY DAMAGE AND INJURY,1,0,1,COLL. W/LIGHT SUPPORT/UTILITY POLE,OTHER,NONE,DARK-ROAD LIGHTED,SNOW,SNOW/ICE
13984,35403664,MONROE,Greece,3,,Y,43.2293430,-77.6323600,9/19/14,21:10,INJURY,1,0,2,COLLISION WITH MOTOR VEHICLE,REAR END,NONE,DARK-ROAD LIGHTED,CLOUDY,DRY
13984,35403660,MONROE,Brighton,3, 31 43033022,N,43.1110170,-77.5477170,9/18/14,13:30,INJURY,1,0,1,COLLISION WITH TREE,OTHER,NONE,DAYLIGHT,CLOUDY,DRY
13984,34688867,MONROE,Henrietta,3, 15A43041093,Y,43.0593580,-77.6124210,3/8/13,6:56,PROPERTY DAMAGE AND INJURY,12,0,2,COLLISION WITH MOTOR VEHICLE,LEFT TURN (AGAINST OTHER CAR),TRAFFIC SIGNAL,DAYLIGHT,CLOUDY,DRY
13984,35336714,MONROE,Greece,3,,Y,43.1915591,-77.6821460,7/18/14,17:14,INJURY,1,0,2,COLLISION WITH MOTOR VEHICLE,LEFT TURN (AGAINST OTHER CAR),TRAFFIC SIGNAL,DAYLIGHT,CLEAR,DRY
13984,34748609,MONROE,Brighton,3, 15 43031122,Y,43.1042450,-77.6277900,4/25/13,7:43,PROPERTY DAMAGE AND INJURY,1,0,2,COLLISION WITH MOTOR VEHICLE,LEFT TURN (WITH OTHER CAR),TRAFFIC SIGNAL,DAYLIGHT,CLEAR,DRY
13984,35285341,UNKNOWN COUNTY,,0,,N,43.0985214,-77.4393255,6/7/14,17:10,PROPERTY DAMAGE AND INJURY,2,0,2,COLLISION WITH MOTOR VEHICLE,REAR END,NONE,DAYLIGHT,CLEAR,DRY
13984,35260029,MONROE,Penfield,3,404 43035057,Y,43.1898660,-77.5039131,5/10/14,10:21,INJURY,1,0,2,COLLISION WITH MOTOR VEHICLE,REAR END,TRAFFIC SIGNAL,DAYLIGHT,CLEAR,DRY
13984,35021504,MONROE,Perinton,3, 31F43011021,Y,43.1026090,-77.4809221,11/26/13,14:02,PROPERTY DAMAGE AND INJURY,2,0,2,COLLISION WITH MOTOR VEHICLE,LEFT TURN (WITH OTHER CAR),TRAFFIC SIGNAL,DAYLIGHT,CLOUDY,WET
13984,35021500,MONROE,Irondequoit,3,,Y,43.2189335,-77.5986686,11/23/13,12:11,PROPERTY DAMAGE AND INJURY,1,0,2,COLLISION WITH MOTOR VEHICLE,REAR END,NONE,DAYLIGHT,CLOUDY,DRY
13984,35110522,MONROE,Ogden,3,,N,43.1379214,-77.8554708,1/27/14,13:00,INJURY,1,0,1,COLLISION WITH PEDESTRIAN,OTHER,NONE,DAYLIGHT,CLOUDY,WET
13984,34912275,MONROE,Perinton,3,,N,43.1022110,-77.4656750,8/12/13,14:37,PROPERTY DAMAGE AND INJURY,2,0,2,COLLISION WITH MOTOR VEHICLE,REAR END,TRAFFIC SIGNAL,DAYLIGHT,CLEAR,DRY
13984,34910319,MONROE,Rochester,1,,N,43.1639170,-77.5957470,8/14/13,22:48,PROPERTY DAMAGE AND INJURY,2,0,2,COLLISION WITH MOTOR VEHICLE,REAR END,STOP SIGN,DARK-ROAD LIGHTED,CLEAR,DRY
13984,35283387,MONROE,Chili,3,,N,43.0445327,-77.7682182,6/6/14,21:41,PROPERTY DAMAGE AND INJURY,2,0,1,COLLISION WITH DEER,OTHER,NONE,DARK-ROAD UNLIGHTED,CLEAR,DRY
13984,34832358,MONROE,Rochester,1,,Y,43.1646390,-77.6232511,6/27/13,9:41,INJURY,1,0,1,COLLISION WITH BICYCLIST,OTHER,TRAFFIC SIGNAL,DAYLIGHT,CLEAR,DRY
13984,35300663,MONROE,Irondequoit,3, 47 43013019,N,43.1943515,-77.5462341,6/5/14,10:35,INJURY,1,0,2,COLLISION WITH MOTOR VEHICLE,REAR END,OTHER,DAYLIGHT,CLEAR,DRY
13984,35208095,MONROE,Rush,3, 15 43031007,N,42.9501130,-77.6969930,4/5/14,16:54,PROPERTY DAMAGE AND INJURY,2,0,2,COLLISION WITH MOTOR VEHICLE,RIGHT ANGLE,TRAFFIC SIGNAL,DAYLIGHT,CLOUDY,DRY
13984,34825799,MONROE,Rochester,1,,Y,43.1664180,-77.6551100,6/21/13,21:22,PROPERTY DAMAGE AND INJURY,2,0,2,COLLISION WITH MOTOR VEHICLE,RIGHT ANGLE,STOP SIGN,DARK-ROAD LIGHTED,CLEAR,DRY
13984,34825321,MONROE,Irondequoit,3, 47 43013029,N,43.2093939,-77.5491017,6/25/13,5:40,PROPERTY DAMAGE AND INJURY,1,0,1,COLLISION WITH TREE,OTHER,NONE,DAYLIGHT,CLEAR,DRY
13984,34768209,MONROE,Rochester,1,,N,43.1465087,-77.6360530,4/19/13,12:46,INJURY,2,0,2,COLLISION WITH MOTOR VEHICLE,REAR END,NONE,DAYLIGHT,CLEAR,DRY
13984,34825306,MONROE,Webster,3,,N,43.2145945,-77.4921896,6/25/13,4:00,PROPERTY DAMAGE AND INJURY,1,0,1,COLLISION WITH DEER,OTHER,NONE,DARK-ROAD UNLIGHTED,CLEAR,DRY
13984,35298054,MONROE,Henrietta,3,,N,43.0475077,-77.6580908,6/20/14,11:59,PROPERTY DAMAGE AND INJURY,4,0,2,COLLISION WITH MOTOR VEHICLE,REAR END,NONE,DAYLIGHT,CLEAR,DRY
13984,35225005,MONROE,Rochester,1,490I43022068,Y,43.1438580,-77.5500660,4/15/14,22:00,INJURY,1,0,2,COLLISION WITH OTHER BARRIER,OVERTAKING,NONE,DARK-ROAD LIGHTED,CLOUDY,SNOW/ICE
13984,34801366,MONROE,Chili,3,252 43011038,N,43.0938338,-77.6969946,6/4/13,15:26,PROPERTY DAMAGE AND INJURY,4,0,2,COLLISION WITH MOTOR VEHICLE,RIGHT ANGLE,TRAFFIC SIGNAL,DAYLIGHT,CLEAR,DRY
13984,35046080,MONROE,Rochester,1,,Y,43.1975160,-77.6332600,12/5/13,12:35,INJURY,1,0,1,COLLISION WITH BICYCLIST,OTHER,TRAFFIC SIGNAL,DAYLIGHT,CLOUDY,DRY
13984,34871913,MONROE,Rochester,1,,Y,43.1702260,-77.6118070,7/18/13,18:57,PROPERTY DAMAGE AND INJURY,1,0,4,COLLISION WITH MOTOR VEHICLE,OTHER,TRAFFIC SIGNAL,DAYLIGHT,CLEAR,DRY
13984,34872011,MONROE,Rochester,1,,Y,43.1430520,-77.6360310,7/27/13,16:39,INJURY,1,0,1,COLLISION WITH BICYCLIST,OTHER,OTHER,DAYLIGHT,CLEAR,DRY
13984,35267351,MONROE,Rochester,1, 15 43032001,N,43.1142263,-77.6226736,5/14/14,17:41,PROPERTY DAMAGE AND INJURY,2,0,2,COLLISION WITH MOTOR VEHICLE,REAR END,NONE,DAYLIGHT,RAIN,WET
13984,35381705,MONROE,Penfield,3,286 43011034,Y,43.1535050,-77.4753219,8/28/14,16:15,PROPERTY DAMAGE AND INJURY,1,0,2,COLLISION WITH MOTOR VEHICLE,RIGHT ANGLE,TRAFFIC SIGNAL,DAYLIGHT,CLOUDY,DRY
13984,35264380,MONROE,Irondequoit,3,,Y,43.2105990,-77.6009239,5/18/14,13:54,PROPERTY DAMAGE AND INJURY,3,0,2,COLLISION WITH MOTOR VEHICLE,LEFT TURN (AGAINST OTHER CAR),TRAFFIC SIGNAL,DAYLIGHT,CLOUDY,DRY
13984,35273989,MONROE,Perinton,3,,N,43.1168167,-77.4230090,5/26/14,14:24,INJURY,1,0,1,COLL. W/LIGHT SUPPORT/UTILITY POLE,OTHER,NONE,DAYLIGHT,CLEAR,DRY
13984,34767202,MONROE,Penfield,3,441 43011048,N,43.1308735,-77.4492920,5/7/13,16:55,PROPERTY DAMAGE AND INJURY,1,0,4,COLLISION WITH MOTOR VEHICLE,OTHER,NONE,DAYLIGHT,CLEAR,DRY
13984,34766987,MONROE,Rochester,1,,Y,43.1707080,-77.5944810,5/7/13,8:07,INJURY,2,0,3,COLLISION WITH MOTOR VEHICLE,OTHER,TRAFFIC SIGNAL,DAYLIGHT,CLEAR,DRY
13984,34800491,MONROE,Irondequoit,3,,Y,43.2225660,-77.5989590,6/5/13,9:05,INJURY,1,0,2,COLLISION WITH MOTOR VEHICLE,REAR END,TRAFFIC SIGNAL,DAYLIGHT,CLOUDY,DRY
13984,34758025,MONROE,Rochester,1,,Y,43.2093850,-77.5610650,5/4/13,9:35,INJURY,1,0,2,COLLISION WITH MOTOR VEHICLE,REAR END,NONE,DAYLIGHT,CLEAR,DRY
13984,34794289,MONROE,Penfield,3,250 43011074,Y,43.1411670,-77.4408760,5/6/13,0:00,PROPERTY DAMAGE AND INJURY,1,0,2,COLLISION WITH MOTOR VEHICLE,REAR END,TRAFFIC SIGNAL,DAYLIGHT,CLEAR,DRY
13984,35477702,MONROE,Brighton,3,441 43011102,Y,43.1291920,-77.5266380,11/17/14,23:26,PROPERTY DAMAGE AND INJURY,4,0,6,COLLISION WITH MOTOR VEHICLE,OTHER,NONE,DARK-ROAD LIGHTED,SNOW,SNOW/ICE
13984,35475540,MONROE,Brighton,3, 15 43031127,Y,43.1118240,-77.6238730,11/19/14,17:33,PROPERTY DAMAGE AND INJURY,2,0,2,COLLISION WITH MOTOR VEHICLE,RIGHT ANGLE,TRAFFIC SIGNAL,DARK-ROAD LIGHTED,CLOUDY,WET
13984,34826966,MONROE,Webster,3,,N,43.2117165,-77.4466238,6/25/13,18:52,PROPERTY DAMAGE AND INJURY,1,0,1,COLL. W/LIGHT SUPPORT/UTILITY POLE,OTHER,NONE,DAYLIGHT,CLEAR,DRY
13984,35468525,MONROE,Greece,3,,N,43.2542525,-77.6654042,11/6/14,7:07,INJURY,1,0,1,COLLISION WITH BICYCLIST,OTHER,NONE,DAYLIGHT,CLOUDY,DRY
13984,35257239,MONROE,Henrietta,3,,N,43.0855737,-77.6296834,5/3/14,11:33,PROPERTY DAMAGE AND INJURY,2,0,3,COLLISION WITH MOTOR VEHICLE,OTHER,NONE,DAYLIGHT,CLOUDY,DRY
13984,35412615,MONROE,Rochester,1,490I43022016,N,43.1569188,-77.6426092,9/25/14,8:20,PROPERTY DAMAGE AND INJURY,1,0,3,COLLISION WITH MOTOR VEHICLE,OTHER,NONE,DAYLIGHT,CLEAR,DRY
13984,34907796,MONROE,Brighton,3, 15A43041123,Y,43.1005300,-77.6142500,8/30/13,10:55,PROPERTY DAMAGE AND INJURY,1,0,1,COLL. W/LIGHT SUPPORT/UTILITY POLE,OTHER,TRAFFIC SIGNAL,DAYLIGHT,CLEAR,DRY
13984,35357176,MONROE,Pittsford,3, 96 43051070,Y,43.1073262,-77.5163719,7/31/14,15:09,PROPERTY DAMAGE AND INJURY,1,0,2,COLLISION WITH MOTOR VEHICLE,REAR END,NO PASSING ZONE,DAYLIGHT,CLOUDY,DRY
13984,35515144,MONROE,Irondequoit,3,,Y,43.2173700,-77.6060731,12/16/14,13:57,PROPERTY DAMAGE AND INJURY,3,0,2,COLLISION WITH MOTOR VEHICLE,RIGHT ANGLE,TRAFFIC SIGNAL,DAYLIGHT,RAIN,WET
13984,34733299,MONROE,Rochester,1,,N,43.1786251,-77.6078444,4/8/13,12:30,INJURY,1,0,2,COLLISION WITH MOTOR VEHICLE,RIGHT ANGLE,NONE,DAYLIGHT,CLEAR,DRY
13984,34948855,MONROE,Greece,3,,Y,43.2311130,-77.6778570,10/2/13,21:03,INJURY,1,0,2,COLLISION WITH MOTOR VEHICLE,REAR END,TRAFFIC SIGNAL,DARK-ROAD LIGHTED,CLEAR,DRY
13984,35339637,MONROE,Perinton,3, 96 43051007,N,43.0394045,-77.4577198,7/11/14,16:49,INJURY,1,0,2,COLLISION WITH MOTOR VEHICLE,REAR END,TRAFFIC SIGNAL,DAYLIGHT,CLEAR,DRY
13984,34965576,MONROE,Sweden,3,,N,43.1983611,-77.9497427,10/17/13,9:30,INJURY,1,0,2,COLLISION WITH MOTOR VEHICLE,REAR END,TRAFFIC SIGNAL,DAYLIGHT,CLOUDY,DRY
13984,35455982,MONROE,Irondequoit,3,,Y,43.1893160,-77.5764111,11/3/14,12:59,PROPERTY DAMAGE AND INJURY,1,0,2,COLLISION WITH MOTOR VEHICLE,REAR END,TRAFFIC SIGNAL,DAYLIGHT,CLOUDY,DRY
13984,35176614,MONROE,Rochester,1,490I43022050,N,43.1423496,-77.5854709,3/13/14,18:04,PROPERTY DAMAGE AND INJURY,1,0,3,COLLISION WITH MOTOR VEHICLE,OTHER,TRAFFIC SIGNAL,DAYLIGHT,CLEAR,WET
13984,35076438,MONROE,Irondequoit,3,,N,43.1971031,-77.5536617,1/7/14,12:12,PROPERTY DAMAGE AND INJURY,1,0,1,COLLISION WITH GUIDE RAIL,OTHER,NONE,DAYLIGHT,SNOW,SNOW/ICE
13984,35071688,MONROE,Webster,4,,Y,43.2094000,-77.4189680,1/1/14,1:12,PROPERTY DAMAGE AND INJURY,3,0,1,COLLISION WITH TREE,OTHER,NONE,DARK-ROAD LIGHTED,CLOUDY,SNOW/ICE
13984,35116027,MONROE,Rochester,1,,N,43.1376621,-77.6098880,1/17/14,11:47,INJURY,1,0,1,COLLISION WITH PEDESTRIAN,OTHER,NONE,DAYLIGHT,CLEAR,DRY
13984,35208556,MONROE,Rochester,1,,Y,43.1804640,-77.6136420,2/6/14,0:00,INJURY,2,0,2,COLLISION WITH MOTOR VEHICLE,REAR END,UNKNOWN,UNKNOWN,UNKNOWN,UNKNOWN
13984,34854324,MONROE,Greece,3, 18 43031216,Y,43.2366080,-77.6468630,7/15/13,20:04,INJURY,1,0,1,COLLISION WITH BICYCLIST,OTHER,TRAFFIC SIGNAL,DAYLIGHT,CLEAR,DRY
13984,35462182,MONROE,Ogden,3,531 43012002,N,43.1855650,-77.8506003,10/28/14,16:44,PROPERTY DAMAGE AND INJURY,2,0,5,COLLISION WITH MOTOR VEHICLE,OTHER,NONE,DAYLIGHT,RAIN,WET
13984,35557604,MONROE,Rochester,1,,Y,43.1461820,-77.6021890,12/4/14,14:09,PROPERTY DAMAGE AND INJURY,2,0,2,COLLISION WITH MOTOR VEHICLE,RIGHT ANGLE,TRAFFIC SIGNAL,DAYLIGHT,CLOUDY,DRY
13984,35475515,MONROE,Clarkson,3,260 43011019,N,43.2246032,-77.8904204,11/19/14,17:35,PROPERTY DAMAGE AND INJURY,1,0,2,COLLISION WITH MOTOR VEHICLE,REAR END,TRAFFIC SIGNAL,DARK-ROAD UNLIGHTED,SNOW,WET
13984,35198902,MONROE,Irondequoit,3,,Y,43.2162100,-77.5985260,3/26/14,9:59,PROPERTY DAMAGE AND INJURY,1,0,2,COLLISION WITH MOTOR VEHICLE,REAR END,TRAFFIC SIGNAL,DAYLIGHT,CLOUDY,DRY
13984,34776491,MONROE,Irondequoit,3,,N,43.1966298,-77.5964637,5/10/13,16:00,PROPERTY DAMAGE AND INJURY,2,0,2,COLLISION WITH MOTOR VEHICLE,LEFT TURN (AGAINST OTHER CAR),NONE,DAYLIGHT,CLOUDY,DRY
13984,35236645,MONROE,Rochester,1, 15A43042007,Y,43.1215830,-77.6189280,4/22/14,14:43,PROPERTY DAMAGE AND INJURY,2,0,2,COLLISION WITH MOTOR VEHICLE,REAR END,TRAFFIC SIGNAL,DAYLIGHT,CLEAR,WET
13984,35073389,MONROE,Rochester,1, 96 43052022,Y,43.1534640,-77.5881780,12/21/13,20:28,INJURY,1,0,2,COLLISION WITH MOTOR VEHICLE,LEFT TURN (AGAINST OTHER CAR),TRAFFIC SIGNAL,DARK-ROAD LIGHTED,RAIN,WET
13984,34923247,MONROE,Henrietta,3,252 43011060,Y,43.0927450,-77.6535970,9/9/13,18:47,PROPERTY DAMAGE AND INJURY,2,0,2,COLLISION WITH MOTOR VEHICLE,REAR END,TRAFFIC SIGNAL,DAYLIGHT,CLOUDY,DRY
13984,34766104,MONROE,Brighton,3, 31 43033001,N,43.1350669,-77.5741949,5/9/13,18:56,PROPERTY DAMAGE AND INJURY,1,0,2,COLLISION WITH MOTOR VEHICLE,LEFT TURN (WITH OTHER CAR),NONE,DAYLIGHT,CLEAR,DRY
13984,35349035,MONROE,Rochester,1,,Y,43.1754410,-77.5912330,8/1/14,13:20,INJURY,1,0,1,COLLISION WITH PEDESTRIAN,OTHER,NONE,DAYLIGHT,CLEAR,DRY
13984,35348039,MONROE,Riga,3, 33 43031050,N,43.1147930,-77.8401154,7/31/14,14:44,INJURY,1,0,1,COLL. W/LIGHT SUPPORT/UTILITY POLE,OTHER,NONE,DAYLIGHT,CLEAR,DRY
13984,35334649,MONROE,Webster,3,104 43035296,N,43.2225209,-77.3877826,7/9/14,16:37,INJURY,1,0,2,COLLISION WITH MOTOR VEHICLE,OVERTAKING,TRAFFIC SIGNAL,DAYLIGHT,CLEAR,DRY
13984,35285302,MONROE,Greece,3, 18 43031196,Y,43.2528810,-77.6654150,6/9/14,16:09,INJURY,1,0,1,OVERTURNED,OTHER,TRAFFIC SIGNAL,DAYLIGHT,CLEAR,DRY
13984,34998592,MONROE,Brighton,3,,Y,43.1253980,-77.5989550,11/11/13,9:23,PROPERTY DAMAGE AND INJURY,2,0,2,COLLISION WITH MOTOR VEHICLE,REAR END,NONE,DAYLIGHT,CLEAR,DRY
13984,34998554,MONROE,Greece,3,,N,43.2594140,-77.6158520,11/6/13,12:09,PROPERTY DAMAGE AND INJURY,1,0,1,COLL. W/LIGHT SUPPORT/UTILITY POLE,OTHER,NONE,DAYLIGHT,CLOUDY,DRY
13984,35179934,UNKNOWN COUNTY,,0,,N,43.0435758,-77.6061487,3/13/14,11:41,INJURY,1,0,2,COLLISION WITH OTHER PEDESTRIAN,OTHER,NONE,DAYLIGHT,CLEAR,SNOW/ICE
13984,35156770,MONROE,Rochester,1,940M43011019,Y,43.1914059,-77.6295983,2/21/14,20:30,INJURY,2,0,1,COLLISION WITH PEDESTRIAN,OTHER,NONE,DARK-ROAD LIGHTED,CLEAR,DRY
13984,35505887,MONROE,Perinton,3, 31F43011021,N,43.1025319,-77.4805232,12/9/14,13:41,PROPERTY DAMAGE AND INJURY,2,0,3,COLLISION WITH MOTOR VEHICLE,OTHER,NONE,DAYLIGHT,CLOUDY,DRY
13984,35330450,MONROE,Pittsford,3,441 43011116,N,43.1232655,-77.5064116,5/24/14,1:42,INJURY,1,0,1,OTHER NON-COLLISION,OTHER,TRAFFIC SIGNAL,DARK-ROAD LIGHTED,CLEAR,DRY
13984,35264197,MONROE,Rochester,1,104 43032029,N,43.1914011,-77.6087144,5/16/14,5:45,PROPERTY DAMAGE AND INJURY,1,0,2,COLLISION WITH MOTOR VEHICLE,OVERTAKING,NONE,DAWN,RAIN,WET
13984,34849251,MONROE,Perinton,3,490I43023087,N,43.0419640,-77.4625871,6/14/13,14:30,PROPERTY DAMAGE AND INJURY,1,0,2,COLLISION WITH MOTOR VEHICLE,UNKNOWN,HIGHWAY WORK AREA,DAYLIGHT,CLEAR,DRY
13984,35306918,MONROE,Mendon,3,,Y,42.9864033,-77.5246575,6/11/14,15:40,PROPERTY DAMAGE AND INJURY,2,0,2,COLLISION WITH MOTOR VEHICLE,RIGHT ANGLE,STOP SIGN,DAYLIGHT,CLEAR,DRY
13984,35488436,MONROE,Perinton,3, 96 43051003,N,43.0367028,-77.4501514,11/26/14,14:20,INJURY,1,0,2,COLLISION WITH MOTOR VEHICLE,REAR END,TRAFFIC SIGNAL,DAYLIGHT,SNOW,WET
13984,34804021,MONROE,Rochester,1,,Y,43.1612300,-77.6192040,6/3/13,9:34,INJURY,1,0,1,COLLISION WITH BICYCLIST,OTHER,TRAFFIC SIGNAL,DAYLIGHT,CLOUDY,DRY
13984,35244908,MONROE,Rochester,1,,Y,43.1566228,-77.6087883,4/26/14,0:29,PROPERTY DAMAGE AND INJURY,1,0,2,COLLISION WITH MOTOR VEHICLE,REAR END,TRAFFIC SIGNAL,DARK-ROAD LIGHTED,CLOUDY,DRY
13984,35425383,MONROE,Rochester,1,490I43022020,N,43.1565164,-77.6331850,10/7/14,7:53,PROPERTY DAMAGE AND INJURY,2,0,2,COLLISION WITH MOTOR VEHICLE,REAR END,NONE,DAYLIGHT,CLEAR,DRY
13984,35303943,MONROE,Rochester,1,,Y,43.1632150,-77.6216080,6/13/14,21:59,INJURY,2,0,2,COLLISION WITH MOTOR VEHICLE,REAR END,TRAFFIC SIGNAL,DARK-ROAD LIGHTED,CLEAR,DRY
13984,35290076,MONROE,Rochester,1,,Y,43.1600670,-77.6076169,6/6/14,10:17,INJURY,1,0,2,COLLISION WITH MOTOR VEHICLE,RIGHT ANGLE,TRAFFIC SIGNAL,DAYLIGHT,CLEAR,DRY
13984,34768833,MONROE,Hamlin,3, 19 43041148,N,43.3383156,-77.9019420,5/12/13,13:58,PROPERTY DAMAGE AND INJURY,4,0,1,COLL. W/LIGHT SUPPORT/UTILITY POLE,OTHER,NONE,DAYLIGHT,CLOUDY,DRY
13984,35221475,MONROE,Rochester,1,,Y,43.1939120,-77.6598301,4/13/14,19:26,INJURY,1,0,1,COLL. W/EARTH ELE./ROCK CUT/DITCH,OTHER,NONE,DUSK,CLEAR,DRY
13984,35305535,MONROE,Rochester,1,,Y,43.2566130,-77.6098440,6/22/14,19:30,INJURY,1,0,1,COLLISION WITH PEDESTRIAN,OTHER,STOP SIGN,DAYLIGHT,CLEAR,DRY
13984,34914000,MONROE,Brighton,3, 15 43031122,Y,43.1042450,-77.6277900,9/7/13,17:20,PROPERTY DAMAGE AND INJURY,1,0,2,COLLISION WITH MOTOR VEHICLE,REAR END,TRAFFIC SIGNAL,DAYLIGHT,RAIN,WET
13984,35251500,MONROE,Henrietta,3,253 43011064,N,43.0588015,-77.6441120,4/27/14,18:57,PROPERTY DAMAGE AND INJURY,2,0,3,COLLISION WITH MOTOR VEHICLE,OTHER,TRAFFIC SIGNAL,DAYLIGHT,CLEAR,DRY
13984,34858205,MONROE,Rochester,1, 33A43022007,Y,43.1446690,-77.6529030,7/3/13,13:43,PROPERTY DAMAGE AND INJURY,1,0,2,COLLISION WITH MOTOR VEHICLE,REAR END,NONE,DAYLIGHT,RAIN,DRY
13984,35251473,MONROE,Greece,3,,N,43.2075286,-77.6810089,5/5/14,17:09,PROPERTY DAMAGE AND INJURY,1,0,3,COLLISION WITH MOTOR VEHICLE,OTHER,NONE,DAYLIGHT,CLEAR,DRY
13984,35221446,MONROE,Penfield,3,441 43011034,Y,43.1300760,-77.4758771,4/7/14,15:10,INJURY,1,0,1,COLLISION WITH PEDESTRIAN,OTHER,TRAFFIC SIGNAL,DAYLIGHT,RAIN,WET
13984,35397537,MONROE,Rochester,1,,N,43.1496271,-77.6510551,9/7/14,17:28,INJURY,1,0,1,COLLISION WITH BICYCLIST,OTHER,NONE,DAYLIGHT,CLEAR,DRY
13984,35397511,MONROE,Rochester,1,,N,43.1708300,-77.5769490,8/31/14,21:26,PROPERTY DAMAGE AND INJURY,1,0,3,COLLISION WITH MOTOR VEHICLE,OTHER,NONE,DARK-ROAD LIGHTED,CLEAR,DRY
13984,35053165,MONROE,Penfield,3,441 43011065,N,43.1283373,-77.4164880,12/19/13,14:56,INJURY,5,0,2,COLLISION WITH MOTOR VEHICLE,REAR END,NONE,DAYLIGHT,CLOUDY,DRY
13984,35397453,MONROE,Rochester,1,,Y,43.1598400,-77.5734290,8/22/14,11:34,PROPERTY DAMAGE AND INJURY,1,0,2,COLLISION WITH MOTOR VEHICLE,RIGHT ANGLE,STOP SIGN,DAYLIGHT,CLEAR,DRY
13984,34821312,MONROE,Rochester,1,104 43032011,N,43.2005862,-77.6390524,6/19/13,10:18,INJURY,1,0,1,COLLISION WITH PEDESTRIAN,OTHER,NONE,DAYLIGHT,CLEAR,DRY
13984,35514210,MONROE,Rochester,1,,Y,43.2490806,-77.6151890,11/27/14,13:51,INJURY,1,0,2,COLLISION WITH MOTOR VEHICLE,OVERTAKING,NONE,DAYLIGHT,SNOW,WET
13984,34991193,MONROE,Rochester,1,,N,43.1938973,-77.6516209,11/4/13,18:17,INJURY,1,0,3,COLLISION WITH MOTOR VEHICLE,OTHER,NONE,DARK-ROAD LIGHTED,CLOUDY,DRY
13984,35382882,MONROE,Rochester,1,,Y,43.1761680,-77.6329870,8/24/14,19:37,INJURY,1,0,1,COLLISION WITH PEDESTRIAN,OTHER,NONE,DAYLIGHT,CLEAR,DRY
13984,34890609,MONROE,Brighton,3,252 43011047,Y,43.0923175,-77.6791040,7/31/13,7:35,PROPERTY DAMAGE AND INJURY,2,0,2,COLLISION WITH MOTOR VEHICLE,LEFT TURN (AGAINST OTHER CAR),TRAFFIC SIGNAL,DAYLIGHT,CLEAR,DRY
13984,34845456,MONROE,Greece,3,,N,43.2067670,-77.6761679,6/21/13,15:30,PROPERTY DAMAGE AND INJURY,1,0,2,COLLISION WITH MOTOR VEHICLE,REAR END,UNKNOWN,UNKNOWN,UNKNOWN,UNKNOWN
13984,35383572,MONROE,Rochester,1,,Y,43.2035180,-77.5618440,8/27/14,14:53,INJURY,1,0,3,COLLISION WITH MOTOR VEHICLE,OTHER,TRAFFIC SIGNAL,DAYLIGHT,CLEAR,DRY
13984,34852179,MONROE,Chili,3,252 43011024,N,43.0889396,-77.7235447,7/10/13,13:12,PROPERTY DAMAGE AND INJURY,4,0,2,COLLISION WITH MOTOR VEHICLE,REAR END,TRAFFIC SIGNAL,DAYLIGHT,CLOUDY,DRY
13984,34913943,MONROE,Irondequoit,3,,N,43.2111552,-77.5818007,9/5/13,15:19,PROPERTY DAMAGE AND INJURY,1,0,3,COLLISION WITH MOTOR VEHICLE,OTHER,NONE,DAYLIGHT,CLEAR,DRY
13984,34712489,MONROE,Sweden,3, 31A43021002,N,43.1978719,-77.9921591,3/28/13,22:41,INJURY,1,0,1,COLL. W/EARTH ELE./ROCK CUT/DITCH,OTHER,NONE,DARK-ROAD UNLIGHTED,CLEAR,DRY
13984,34961923,MONROE,Parma,3,947A43021129,N,43.3327226,-77.7484329,10/3/13,10:31,INJURY,1,0,1,COLLISION WITH BICYCLIST,OTHER,STOP SIGN,DAYLIGHT,CLEAR,DRY
13984,34857445,MONROE,Clarkson,3,,Y,43.2218802,-77.9930717,7/16/13,19:08,INJURY,1,0,1,COLLISION WITH GUIDE RAIL,OTHER,NONE,DAYLIGHT,CLEAR,DRY
13984,34920328,MONROE,Brighton,3,490I43023004,N,43.1395669,-77.5398417,9/10/13,8:00,PROPERTY DAMAGE AND INJURY,1,0,2,COLLISION WITH MOTOR VEHICLE,REAR END,NONE,DAYLIGHT,RAIN,WET