QUERYID,CASE #,REGN_CNTY_CDE,Municipality,MUNITYPE,REF_MRKR,ATINTERSECTION_IND,Lat,Long,,Time,Crash Type,Injuries,Fatalities,Number of Vehicles,ACCD_TYP,COLLISION_TYP,TRAF_CNTL,Light Condition,Weather Condition,Road Surface Condition
13984,35404588,MONROE,Rochester,1,,Y,43.1872450,-77.5877289,9/15/14,17:34,PROPERTY DAMAGE AND INJURY,1,0,3,COLLISION WITH MOTOR VEHICLE,OTHER,NONE,DAYLIGHT,CLOUDY,DRY
13984,34821958,MONROE,Perinton,3,,Y,43.1083190,-77.4321510,6/20/13,8:05,PROPERTY DAMAGE AND INJURY,2,0,2,COLLISION WITH MOTOR VEHICLE,HEAD ON,TRAFFIC SIGNAL,DAYLIGHT,CLEAR,DRY
13984,35412203,MONROE,Rochester,1,,Y,43.1771170,-77.6216390,9/24/14,17:59,INJURY,1,0,1,COLLISION WITH PEDESTRIAN,OTHER,NONE,DAYLIGHT,CLEAR,DRY
13984,34817921,MONROE,Rochester,1,,N,43.2043142,-77.6591183,6/16/13,18:40,PROPERTY DAMAGE AND INJURY,1,0,2,COLLISION WITH MOTOR VEHICLE,REAR END,NONE,DAYLIGHT,CLEAR,DRY
13984,34995585,MONROE,Ogden,3, 33 43031092,Y,43.1372940,-77.7652721,11/7/13,15:52,PROPERTY DAMAGE AND INJURY,3,0,3,COLLISION WITH MOTOR VEHICLE,OTHER,TRAFFIC SIGNAL,DAYLIGHT,CLOUDY,DRY
13984,35087290,MONROE,Chili,3,390I43033001,N,43.1223406,-77.6474992,1/7/14,10:44,PROPERTY DAMAGE AND INJURY,1,0,1,COLLISION WITH GUIDE RAIL,OTHER,NONE,DAYLIGHT,CLOUDY,SNOW/ICE
13984,34803261,MONROE,Rush,3,,N,42.9570900,-77.6621390,5/14/13,18:17,INJURY,1,0,1,COLLISION WITH BICYCLIST,OTHER,NONE,DAYLIGHT,CLEAR,DRY
13984,34801731,MONROE,Wheatland,3, 36 43031000,N,42.9886710,-77.8587883,5/21/13,15:03,PROPERTY DAMAGE AND INJURY,1,0,2,COLLISION WITH MOTOR VEHICLE,REAR END,NONE,DAYLIGHT,CLEAR,DRY
13984,34879406,MONROE,Brighton,3, 15A43041123,N,43.1007944,-77.6143499,8/6/13,17:25,PROPERTY DAMAGE AND INJURY,1,0,2,COLLISION WITH MOTOR VEHICLE,REAR END,NONE,DAYLIGHT,CLEAR,DRY
13984,34890582,MONROE,Penfield,3,,N,43.1929564,-77.5089919,8/16/13,7:02,PROPERTY DAMAGE AND INJURY,1,0,2,COLLISION WITH MOTOR VEHICLE,LEFT TURN (WITH OTHER CAR),STOP SIGN,DAYLIGHT,CLEAR,DRY
13984,35339175,MONROE,Rochester,1,,N,43.1540384,-77.6134741,7/20/14,10:21,PROPERTY DAMAGE AND INJURY,1,0,1,COLLISION WITH BUILDING/WALL,OTHER,NONE,DAYLIGHT,CLOUDY,DRY
13984,34757984,MONROE,Brighton,3,390I43031137,N,43.1092316,-77.6088985,4/23/13,16:55,PROPERTY DAMAGE AND INJURY,3,0,2,COLLISION WITH MOTOR VEHICLE,REAR END,NONE,DAYLIGHT,CLEAR,DRY
13984,34963838,MONROE,Chili,3, 33A43021088,N,43.0944964,-77.7753246,10/10/13,20:06,PROPERTY DAMAGE AND INJURY,1,0,3,COLLISION WITH MOTOR VEHICLE,OTHER,NONE,DARK-ROAD LIGHTED,CLEAR,DRY
13984,35189586,MONROE,Irondequoit,3, 47 43013027,N,43.2057155,-77.5485860,3/19/14,12:06,PROPERTY DAMAGE AND INJURY,1,0,1,COLLISION WITH GUIDE RAIL,OTHER,NONE,DAYLIGHT,CLEAR,DRY
13984,34767273,MONROE,Rochester,1, 33 43032021,Y,43.1507000,-77.6342670,5/9/13,22:13,FATAL,0,1,2,COLLISION WITH PEDESTRIAN,OTHER,TRAFFIC SIGNAL,DARK-ROAD LIGHTED,CLEAR,DRY
13984,35371774,MONROE,Rochester,1,,N,43.1309280,-77.6529480,8/14/14,3:58,PROPERTY DAMAGE AND INJURY,2,0,2,COLLISION WITH MOTOR VEHICLE,REAR END,NONE,DARK-ROAD LIGHTED,CLOUDY,DRY
13984,34790162,MONROE,Penfield,3,,N,43.1821442,-77.4430910,5/28/13,13:30,PROPERTY DAMAGE AND INJURY,1,0,1,COLLISION WITH SIGN POST,OTHER,NONE,DAYLIGHT,RAIN,WET
13984,34940275,MONROE,Perinton,3, 31 43033085,N,43.0692482,-77.4419485,9/26/13,15:59,INJURY,1,0,2,COLLISION WITH MOTOR VEHICLE,RIGHT ANGLE,NONE,DAYLIGHT,CLEAR,DRY
13984,35281256,MONROE,Rochester,1,,Y,43.1570420,-77.6388800,6/1/14,2:05,PROPERTY DAMAGE AND INJURY,1,0,1,COLLISION WITH BRIDGE STRUCTURE,OTHER,STOP SIGN,DARK-ROAD LIGHTED,CLEAR,DRY
13984,34863192,MONROE,Rochester,1,,Y,43.1379250,-77.6509729,6/29/13,22:31,PROPERTY DAMAGE AND INJURY,1,0,2,COLLISION WITH MOTOR VEHICLE,LEFT TURN (AGAINST OTHER CAR),NONE,DARK-ROAD LIGHTED,CLEAR,DRY
13984,35289144,MONROE,Gates,3,204 43011023,N,43.1306488,-77.6817343,6/14/14,17:13,INJURY,3,0,2,COLLISION WITH MOTOR VEHICLE,REAR END,NONE,DAYLIGHT,CLEAR,DRY
13984,35507115,MONROE,Rochester,1,,Y,43.1563160,-77.6388820,12/6/14,12:56,INJURY,1,0,2,COLLISION WITH MOTOR VEHICLE,RIGHT ANGLE,TRAFFIC SIGNAL,DAYLIGHT,CLOUDY,WET
13984,34985810,MONROE,Fairport,4,,Y,43.1068100,-77.4450870,10/29/13,20:39,INJURY,1,0,1,COLLISION WITH BICYCLIST,OTHER,NONE,DARK-ROAD LIGHTED,CLEAR,DRY
13984,35289012,MONROE,Rochester,1,490I43022025,N,43.1576314,-77.6242917,6/13/14,7:01,PROPERTY DAMAGE AND INJURY,1,0,2,COLLISION WITH MOTOR VEHICLE,REAR END,NONE,DAYLIGHT,RAIN,WET
13984,34923259,MONROE,Henrietta,3,,N,43.0874439,-77.6171473,9/11/13,15:32,PROPERTY DAMAGE AND INJURY,1,0,2,COLLISION WITH MOTOR VEHICLE,LEFT TURN (AGAINST OTHER CAR),NONE,DAYLIGHT,CLEAR,DRY
13984,35110683,MONROE,Penfield,3,250 43011085,N,43.1559027,-77.4319426,12/16/13,2:33,FATAL,0,1,1,COLLISION WITH TREE,OTHER,NONE,DARK-ROAD UNLIGHTED,SNOW,SNOW/ICE
13984,35536661,UNKNOWN COUNTY,,0,,N,43.0617922,-77.6111961,12/1/14,18:12,INJURY,1,0,1,COLLISION WITH PEDESTRIAN,OTHER,TRAFFIC SIGNAL,DARK-ROAD LIGHTED,CLEAR,DRY
13984,34702684,MONROE,Rochester,1,390 43011024,N,43.1920217,-77.6830708,3/21/13,7:51,PROPERTY DAMAGE AND INJURY,1,0,2,COLLISION WITH MOTOR VEHICLE,REAR END,NONE,DAYLIGHT,CLEAR,DRY
13984,35061152,MONROE,Sweden,3, 31A43021015,Y,43.1983190,-77.9672094,12/25/13,14:39,PROPERTY DAMAGE AND INJURY,5,0,2,COLLISION WITH MOTOR VEHICLE,RIGHT ANGLE,TRAFFIC SIGNAL,DAYLIGHT,CLOUDY,SLUSH
13984,34813454,MONROE,Rochester,1,,Y,43.1379460,-77.6479830,6/14/13,17:53,INJURY,1,0,2,COLLISION WITH MOTOR VEHICLE,RIGHT ANGLE,STOP SIGN,DAYLIGHT,CLEAR,DRY
13984,34842897,MONROE,Henrietta,3, 15 43031111,N,43.0896701,-77.6354339,7/8/13,13:04,PROPERTY DAMAGE AND INJURY,1,0,2,COLLISION WITH MOTOR VEHICLE,LEFT TURN (AGAINST OTHER CAR),NONE,DAYLIGHT,CLOUDY,DRY
13984,34969316,MONROE,Irondequoit,3,,Y,43.1882040,-77.5595699,10/19/13,20:46,INJURY,3,0,2,COLLISION WITH MOTOR VEHICLE,REAR END,NO PASSING ZONE,DARK-ROAD LIGHTED,RAIN,WET
13984,34812676,MONROE,Rochester,1,,Y,43.1679410,-77.5751490,6/8/13,22:30,INJURY,1,0,1,COLLISION WITH BICYCLIST,OTHER,NONE,DARK-ROAD LIGHTED,CLEAR,DRY
13984,34713549,MONROE,Penfield,3,,Y,43.1861090,-77.5028580,3/28/13,15:48,PROPERTY DAMAGE AND INJURY,1,0,3,COLLISION WITH MOTOR VEHICLE,OTHER,NO PASSING ZONE,DAYLIGHT,CLOUDY,DRY
13984,34807580,MONROE,Greece,3,,N,43.2050378,-77.6965299,6/8/13,11:26,PROPERTY DAMAGE AND INJURY,2,0,3,COLLISION WITH MOTOR VEHICLE,OTHER,NONE,DAYLIGHT,CLOUDY,DRY
13984,35420395,MONROE,Rochester,1,590I43012004,N,43.1430231,-77.5488434,9/30/14,21:26,INJURY,1,0,2,COLLISION WITH MOTOR VEHICLE,OVERTAKING,NONE,DARK-ROAD LIGHTED,CLEAR,DRY
13984,34889617,MONROE,Fairport,4, 31F43011046,Y,43.0975350,-77.4326322,8/8/13,12:32,INJURY,1,0,2,COLLISION WITH MOTOR VEHICLE,REAR END,TRAFFIC SIGNAL,DAYLIGHT,CLOUDY,DRY
13984,34704467,MONROE,Rochester,1, 33 43032003,N,43.1499604,-77.6660131,3/22/13,10:05,INJURY,1,0,2,COLLISION WITH MOTOR VEHICLE,REAR END,NONE,DAYLIGHT,SNOW,SNOW/ICE
13984,35062392,MONROE,Rochester,1,,Y,43.2047500,-77.6287060,12/23/13,14:42,PROPERTY DAMAGE AND INJURY,3,0,4,COLLISION WITH MOTOR VEHICLE,OTHER,TRAFFIC SIGNAL,DAYLIGHT,CLEAR,DRY
13984,35487131,MONROE,Penfield,3,,Y,43.1823170,-77.4747650,11/25/14,21:32,INJURY,2,0,2,COLLISION WITH MOTOR VEHICLE,RIGHT ANGLE,TRAFFIC SIGNAL,DARK-ROAD LIGHTED,CLEAR,DRY
13984,35486563,MONROE,Irondequoit,3,104 43035216,N,43.2097707,-77.5429703,11/14/14,23:00,PROPERTY DAMAGE AND INJURY,1,0,2,COLLISION WITH MOTOR VEHICLE,OVERTAKING,NONE,DARK-ROAD LIGHTED,CLOUDY,SNOW/ICE
13984,35080339,MONROE,Rochester,1,,Y,43.1573572,-77.6439726,1/12/14,0:18,INJURY,1,0,1,COLLISION WITH PEDESTRIAN,OTHER,OTHER,DARK-ROAD LIGHTED,OTHER,DRY
13984,35137053,MONROE,Henrietta,3,,N,43.0928255,-77.6535262,2/14/14,13:11,INJURY,1,0,2,COLLISION WITH MOTOR VEHICLE,REAR END,TRAFFIC SIGNAL,DAYLIGHT,CLOUDY,DRY
13984,35018758,MONROE,Brighton,3, 31 43033022,Y,43.1110364,-77.5477435,11/25/13,8:58,PROPERTY DAMAGE AND INJURY,1,0,2,COLLISION WITH MOTOR VEHICLE,REAR END,TRAFFIC SIGNAL,DAYLIGHT,CLOUDY,DRY
13984,34824264,MONROE,Greece,3,,Y,43.2311640,-77.6967500,6/20/13,9:48,PROPERTY DAMAGE AND INJURY,1,0,2,COLLISION WITH MOTOR VEHICLE,REAR END,TRAFFIC SIGNAL,DAYLIGHT,CLEAR,DRY
13984,35056520,MONROE,Brighton,3, 15 43031121,N,43.1029561,-77.6284298,12/26/13,18:01,INJURY,1,0,1,COLLISION WITH PEDESTRIAN,OTHER,NONE,DARK-ROAD LIGHTED,CLOUDY,WET
13984,34955816,MONROE,Perinton,3, 31F43011021,Y,43.1026090,-77.4809221,10/8/13,6:38,PROPERTY DAMAGE AND INJURY,2,0,4,COLLISION WITH MOTOR VEHICLE,OTHER,TRAFFIC SIGNAL,DARK-ROAD LIGHTED,CLOUDY,DRY
13984,35479933,MONROE,Ogden,3, 31 43031139,N,43.1808495,-77.7679361,11/20/14,6:40,PROPERTY DAMAGE AND INJURY,1,0,2,COLLISION WITH MOTOR VEHICLE,SIDESWIPE,NONE,DAWN,CLOUDY,SNOW/ICE
13984,35221447,MONROE,Fairport,4,250 43011042,N,43.0952021,-77.4420200,4/13/14,10:46,PROPERTY DAMAGE AND INJURY,1,0,1,COLLISION WITH BICYCLIST,OTHER,NONE,DAYLIGHT,CLOUDY,DRY
13984,35321720,MONROE,Brighton,3,252 43011055,N,43.0927229,-77.6633465,7/6/14,15:52,INJURY,1,0,1,OTHER NON-COLLISION,OTHER,NONE,DAYLIGHT,CLEAR,DRY
13984,34832672,MONROE,Brighton,3, 15 43031127,Y,43.1118240,-77.6238730,6/13/13,8:20,INJURY,1,0,2,COLLISION WITH MOTOR VEHICLE,REAR END,TRAFFIC SIGNAL,UNKNOWN,RAIN,WET
13984,34953202,MONROE,Webster,3,404 43035089,N,43.2098953,-77.4517079,9/30/13,18:29,INJURY,1,0,1,COLLISION WITH PEDESTRIAN,OTHER,TRAFFIC SIGNAL,DUSK,CLOUDY,DRY
13984,35049118,MONROE,Brighton,3,,Y,43.1266860,-77.5571790,12/19/13,8:23,PROPERTY DAMAGE AND INJURY,2,0,2,COLLISION WITH MOTOR VEHICLE,REAR END,NONE,DAYLIGHT,CLEAR,WET
13984,35301978,MONROE,Rochester,1, 31 43032055,N,43.1405872,-77.5832237,6/19/14,14:24,PROPERTY DAMAGE AND INJURY,1,0,2,COLLISION WITH MOTOR VEHICLE,RIGHT ANGLE,NONE,DAYLIGHT,CLEAR,DRY
13984,34912845,MONROE,Webster,3,404 43035077,Y,43.2051000,-77.4746220,8/28/13,16:36,INJURY,1,0,2,COLLISION WITH MOTOR VEHICLE,RIGHT ANGLE,TRAFFIC SIGNAL,DAYLIGHT,CLEAR,DRY
13984,35147234,MONROE,Ogden,3, 33 43031086,N,43.1345472,-77.7770707,2/22/14,12:55,INJURY,1,0,1,COLLISION WITH PEDESTRIAN,OTHER,NONE,DAYLIGHT,CLOUDY,DRY
13984,35568435,MONROE,Rochester,1,,N,43.2277633,-77.5487089,12/10/14,8:20,PROPERTY DAMAGE AND INJURY,1,0,1,COLLISION WITH TREE,OTHER,NONE,DAYLIGHT,SNOW,SNOW/ICE
13984,34918113,MONROE,Penfield,3,286 43011018,Y,43.1536660,-77.5060250,9/9/13,6:45,PROPERTY DAMAGE AND INJURY,1,0,2,COLLISION WITH MOTOR VEHICLE,RIGHT ANGLE,TRAFFIC SIGNAL,DAYLIGHT,CLEAR,DRY
13984,34982429,MONROE,Chili,3,390I43033004,Y,43.1248668,-77.6528987,10/27/13,22:21,INJURY,1,0,2,COLLISION WITH MOTOR VEHICLE,REAR END,NONE,DARK-ROAD LIGHTED,CLEAR,DRY
13984,35172811,MONROE,Rochester,1,,Y,43.1438760,-77.6395350,3/11/14,16:03,PROPERTY DAMAGE AND INJURY,1,0,2,COLLISION WITH MOTOR VEHICLE,RIGHT ANGLE,STOP SIGN,DAYLIGHT,CLEAR,DRY
13984,34837096,MONROE,Chili,3,383 43011148,N,43.1168660,-77.6604482,6/24/13,15:57,PROPERTY DAMAGE AND INJURY,3,0,2,COLLISION WITH MOTOR VEHICLE,RIGHT ANGLE,TRAFFIC SIGNAL,DAYLIGHT,CLEAR,DRY
13984,34911581,MONROE,Henrietta,3, 15 43031102,N,43.0775416,-77.6419550,8/28/13,18:32,INJURY,3,0,2,COLLISION WITH MOTOR VEHICLE,REAR END,NONE,DAYLIGHT,CLOUDY,DRY
13984,34862928,MONROE,Chili,3,383 43011108,N,43.0754582,-77.7066899,7/15/13,3:57,PROPERTY DAMAGE AND INJURY,1,0,1,COLLISION WITH ANIMAL,OTHER,NONE,DARK-ROAD UNLIGHTED,CLEAR,DRY
13984,35280615,MONROE,Perinton,3,,Y,43.0793820,-77.4074691,6/2/14,14:51,PROPERTY DAMAGE AND INJURY,1,0,4,COLLISION WITH MOTOR VEHICLE,OTHER,NONE,DAYLIGHT,CLEAR,DRY
13984,35332998,MONROE,Brighton,3, 15 43031126,N,43.1094156,-77.6251583,7/18/14,18:00,INJURY,1,0,2,COLLISION WITH MOTOR VEHICLE,REAR END,NONE,DAYLIGHT,CLEAR,DRY
13984,35254247,MONROE,Greece,3,104 43031153,N,43.2099830,-77.7015210,5/11/14,18:09,INJURY,1,0,1,COLLISION WITH BICYCLIST,OTHER,STOP SIGN,DAYLIGHT,CLEAR,DRY
13984,34805466,MONROE,Penfield,3,441 43011035,N,43.1297809,-77.4768402,5/31/13,23:51,PROPERTY DAMAGE AND INJURY,2,0,2,COLLISION WITH MOTOR VEHICLE,REAR END,NONE,DARK-ROAD LIGHTED,CLEAR,DRY
13984,35274528,MONROE,Rochester,1,940M43011020,Y,43.1927070,-77.6292780,5/26/14,18:33,PROPERTY DAMAGE AND INJURY,1,0,2,COLLISION WITH MOTOR VEHICLE,OVERTAKING,TRAFFIC SIGNAL,DAYLIGHT,CLEAR,DRY
13984,34770280,MONROE,Chili,3,259 43011019,N,43.1205570,-77.8056466,5/7/13,16:54,PROPERTY DAMAGE AND INJURY,1,0,3,COLLISION WITH MOTOR VEHICLE,OTHER,NONE,DAYLIGHT,CLEAR,DRY
13984,34742909,MONROE,Rochester,1,940T43011009,N,43.1613119,-77.6065776,4/19/13,23:50,PROPERTY DAMAGE AND INJURY,1,0,1,COLLISION WITH GUIDE RAIL,OTHER,NONE,DARK-ROAD LIGHTED,CLEAR,DRY
13984,35142286,MONROE,Pittsford,3,490I43023029,N,43.1150258,-77.5065591,2/17/14,9:15,PROPERTY DAMAGE AND INJURY,1,0,1,COLLISION WITH OTHER BARRIER,OTHER,NONE,DAYLIGHT,CLEAR,WET
13984,35306296,MONROE,Rochester,1,,Y,43.1937930,-77.5613090,6/24/14,16:02,PROPERTY DAMAGE AND INJURY,1,0,2,COLLISION WITH MOTOR VEHICLE,REAR END,NONE,DAYLIGHT,CLOUDY,OTHER
13984,34817848,MONROE,Irondequoit,3,,N,43.1953800,-77.5845900,6/17/13,18:55,PROPERTY DAMAGE AND INJURY,1,0,2,COLLISION WITH MOTOR VEHICLE,RIGHT ANGLE,TRAFFIC SIGNAL,DAYLIGHT,CLEAR,DRY
13984,34703889,MONROE,Rochester,1,,N,43.1612492,-77.5879623,3/21/13,21:40,INJURY,1,0,1,COLLISION WITH PEDESTRIAN,OTHER,NONE,DARK-ROAD LIGHTED,CLEAR,DRY
13984,35138862,MONROE,Rochester,1,,N,43.1463730,-77.6312340,2/12/14,15:00,INJURY,1,0,2,COLLISION WITH MOTOR VEHICLE,RIGHT ANGLE,NONE,DAYLIGHT,CLEAR,WET
13984,35119970,MONROE,Rochester,1,,N,43.1272170,-77.6514751,1/7/14,9:00,PROPERTY DAMAGE AND INJURY,2,0,2,COLLISION WITH MOTOR VEHICLE,RIGHT ANGLE,NONE,DAYLIGHT,SNOW,SNOW/ICE
13984,35119109,MONROE,Rochester,1,,Y,43.1791845,-77.6590781,1/31/14,18:00,PROPERTY DAMAGE AND INJURY,1,0,2,COLLISION WITH MOTOR VEHICLE,REAR END,TRAFFIC SIGNAL,DARK-ROAD LIGHTED,CLOUDY,WET
13984,35192538,MONROE,Gates,3, 31 43031168,Y,43.1721390,-77.7134170,3/24/14,15:53,INJURY,1,0,4,COLLISION WITH MOTOR VEHICLE,OTHER,NONE,DAYLIGHT,CLOUDY,DRY
13984,34911547,MONROE,Greece,3, 18 43031224,Y,43.2260590,-77.6438670,9/2/13,14:18,PROPERTY DAMAGE AND INJURY,1,0,2,COLLISION WITH MOTOR VEHICLE,RIGHT TURN (WITH OTHER CAR),NONE,DAYLIGHT,CLEAR,DRY
13984,35313650,MONROE,Rochester,1,,Y,43.1724500,-77.5594000,6/28/14,20:39,PROPERTY DAMAGE AND INJURY,1,0,2,COLLISION WITH MOTOR VEHICLE,OVERTAKING,NONE,DARK-ROAD LIGHTED,CLEAR,DRY
13984,34916827,MONROE,Rochester,1,104 43032037,N,43.1934568,-77.5924404,6/26/13,1:20,PROPERTY DAMAGE AND INJURY,1,0,2,COLLISION WITH MOTOR VEHICLE,REAR END,NONE,DARK-ROAD LIGHTED,CLOUDY,WET
13984,34825620,MONROE,Henrietta,3,252 43011078,N,43.0871995,-77.6192460,6/21/13,13:00,PROPERTY DAMAGE AND INJURY,1,0,2,COLLISION WITH MOTOR VEHICLE,REAR END,TRAFFIC SIGNAL,DAYLIGHT,CLEAR,DRY
13984,34911378,MONROE,Irondequoit,3,,N,43.1947771,-77.5845540,8/30/13,9:27,PROPERTY DAMAGE AND INJURY,1,0,2,COLLISION WITH MOTOR VEHICLE,RIGHT ANGLE,TRAFFIC SIGNAL,DAYLIGHT,CLEAR,DRY
13984,34733284,MONROE,Brighton,3,590I43011021,N,43.1080742,-77.5661212,4/12/13,21:21,PROPERTY DAMAGE AND INJURY,1,0,1,COLL. W/EARTH ELE./ROCK CUT/DITCH,OTHER,NONE,DARK-ROAD UNLIGHTED,CLOUDY,DRY
13984,35290573,UNKNOWN COUNTY,,0,,N,43.1906960,-77.6195154,6/12/14,21:21,PROPERTY DAMAGE AND INJURY,1,0,2,COLLISION WITH MOTOR VEHICLE,SIDESWIPE,NONE,DARK-ROAD LIGHTED,CLEAR,DRY
13984,35370083,MONROE,Rochester,1,,Y,43.1793130,-77.6375730,8/5/14,15:06,INJURY,1,0,2,COLLISION WITH MOTOR VEHICLE,REAR END,NONE,DAYLIGHT,CLOUDY,DRY
13984,34837190,MONROE,Rochester,1, 96 43052022,Y,43.1534640,-77.5881780,7/4/13,11:55,PROPERTY DAMAGE AND INJURY,2,0,2,COLLISION WITH MOTOR VEHICLE,RIGHT ANGLE,TRAFFIC SIGNAL,DAYLIGHT,CLOUDY,WET
13984,35099338,MONROE,Greece,3,,N,43.2145613,-77.7319450,1/11/14,14:50,PROPERTY DAMAGE AND INJURY,1,0,2,COLLISION WITH MOTOR VEHICLE,REAR END,TRAFFIC SIGNAL,DAYLIGHT,CLOUDY,WET
13984,35470645,MONROE,Henrietta,3,252 43011073,Y,43.0871380,-77.6296960,11/9/14,12:32,PROPERTY DAMAGE AND INJURY,3,0,2,COLLISION WITH MOTOR VEHICLE,RIGHT ANGLE,TRAFFIC SIGNAL,DAYLIGHT,CLOUDY,DRY
13984,35551884,MONROE,Rochester,1, 31 43032018,Y,43.1646281,-77.6396844,12/29/14,6:44,PROPERTY DAMAGE AND INJURY,1,0,1,COLLISION WITH BUILDING/WALL,OTHER,NONE,DARK-ROAD LIGHTED,CLEAR,DRY
13984,34997254,MONROE,Penfield,3,250 43011067,N,43.1322705,-77.4414583,11/9/13,10:35,PROPERTY DAMAGE AND INJURY,1,0,2,COLLISION WITH MOTOR VEHICLE,RIGHT ANGLE,NONE,DAYLIGHT,CLOUDY,WET
13984,35370077,MONROE,Rochester,1,,Y,43.1832954,-77.6110147,8/11/14,20:48,INJURY,1,0,1,COLLISION WITH PEDESTRIAN,OTHER,NONE,DARK-ROAD LIGHTED,CLEAR,DRY
13984,34921918,MONROE,Rochester,1,104 43032033,N,43.1918886,-77.6002563,9/14/13,17:44,INJURY,1,0,1,COLLISION WITH MOTOR VEHICLE,OTHER,NONE,DAYLIGHT,CLEAR,DRY
13984,34839372,MONROE,Rochester,1,,Y,43.1628760,-77.5831620,7/1/13,16:36,INJURY,1,0,2,COLLISION WITH MOTOR VEHICLE,RIGHT ANGLE,NONE,DAYLIGHT,RAIN,WET
13984,35357685,MONROE,Pittsford,4,252 43011127,Y,43.0873550,-77.5231010,1/14/14,17:40,PROPERTY DAMAGE AND INJURY,1,0,1,COLLISION WITH FENCE,OTHER,UNKNOWN,UNKNOWN,UNKNOWN,UNKNOWN
13984,35351954,MONROE,Rochester,1,,Y,43.1616260,-77.6005591,7/11/14,3:56,PROPERTY DAMAGE AND INJURY,1,0,2,COLLISION WITH MOTOR VEHICLE,REAR END,NONE,DARK-ROAD LIGHTED,CLEAR,DRY
13984,35458286,MONROE,Rochester,1,940M43011002,Y,43.1674170,-77.6253510,10/14/14,1:33,INJURY,3,0,2,COLLISION WITH MOTOR VEHICLE,REAR END,TRAFFIC SIGNAL,DAYLIGHT,CLEAR,DRY
13984,35286827,MONROE,Brighton,3, 31 43033022,Y,43.1110752,-77.5477964,6/10/14,11:37,PROPERTY DAMAGE AND INJURY,1,0,2,COLLISION WITH MOTOR VEHICLE,REAR END,HIGHWAY WORK AREA,DAYLIGHT,CLEAR,DRY
13984,35175670,MONROE,Perinton,3, 31 43033075,N,43.0736046,-77.4594659,3/12/14,11:02,PROPERTY DAMAGE AND INJURY,2,0,2,COLLISION WITH MOTOR VEHICLE,HEAD ON,NONE,DAYLIGHT,SNOW,SNOW/ICE
13984,35054953,MONROE,Rochester,1,,Y,43.1738470,-77.6595770,12/19/13,10:32,PROPERTY DAMAGE AND INJURY,1,0,2,COLLISION WITH MOTOR VEHICLE,REAR END,TRAFFIC SIGNAL,DAYLIGHT,CLEAR,WET
13984,34703911,MONROE,Rochester,1,,Y,43.1865440,-77.6083780,3/21/13,10:07,INJURY,1,0,2,COLLISION WITH MOTOR VEHICLE,RIGHT ANGLE,TRAFFIC SIGNAL,DAYLIGHT,CLOUDY,DRY
13984,35049115,MONROE,Brighton,3,,N,43.0940265,-77.6327959,12/19/13,20:08,PROPERTY DAMAGE AND INJURY,2,0,2,COLLISION WITH MOTOR VEHICLE,RIGHT ANGLE,NONE,DARK-ROAD LIGHTED,CLOUDY,DRY
13984,35457705,MONROE,Rochester,1,,Y,43.2093850,-77.5610650,10/28/14,18:15,INJURY,1,0,1,COLLISION WITH BICYCLIST,OTHER,STOP SIGN,DARK-ROAD LIGHTED,RAIN,WET
13984,34803841,MONROE,Rochester,1,383 43012022,Y,43.1453850,-77.6135070,6/5/13,17:50,PROPERTY DAMAGE AND INJURY,1,0,2,COLLISION WITH MOTOR VEHICLE,LEFT TURN (AGAINST OTHER CAR),NONE,DAYLIGHT,CLOUDY,DRY
13984,34927134,MONROE,Henrietta,3, 15 43031109,N,43.0868658,-77.6369532,9/11/13,18:31,PROPERTY DAMAGE AND INJURY,2,0,2,COLLISION WITH MOTOR VEHICLE,RIGHT ANGLE,NONE,DAYLIGHT,CLEAR,DRY
13984,35420181,MONROE,Perinton,3, 31 43033088,N,43.0688063,-77.4356606,10/3/14,6:53,PROPERTY DAMAGE AND INJURY,1,0,2,COLLISION WITH MOTOR VEHICLE,RIGHT ANGLE,TRAFFIC SIGNAL,DAYLIGHT,CLEAR,DRY
13984,35254438,UNKNOWN COUNTY,,0,,N,43.1386162,-77.5966904,5/9/14,12:39,PROPERTY DAMAGE AND INJURY,3,0,2,COLLISION WITH MOTOR VEHICLE,RIGHT ANGLE,TRAFFIC SIGNAL,DAYLIGHT,CLEAR,DRY
13984,35455977,MONROE,Riga,3, 36 43031053,N,43.0585577,-77.8790910,11/3/14,4:59,PROPERTY DAMAGE AND INJURY,1,0,1,COLLISION WITH DEER,OTHER,NONE,DARK-ROAD UNLIGHTED,CLEAR,DRY