QUERYID,CASE #,REGN_CNTY_CDE,Municipality,MUNITYPE,REF_MRKR,ATINTERSECTION_IND,Lat,Long,,Time,Crash Type,Injuries,Fatalities,Number of Vehicles,ACCD_TYP,COLLISION_TYP,TRAF_CNTL,Light Condition,Weather Condition,Road Surface Condition
13984,35520116,MONROE,Rochester,1,490I43022008,N,43.1572890,-77.6583452,12/15/14,16:59,PROPERTY DAMAGE AND INJURY,2,0,2,COLLISION WITH MOTOR VEHICLE,REAR END,NONE,DARK-ROAD LIGHTED,CLOUDY,DRY
13984,35400222,MONROE,Ogden,3,,Y,43.1663270,-77.7537460,9/12/14,13:27,PROPERTY DAMAGE AND INJURY,1,0,2,COLLISION WITH MOTOR VEHICLE,RIGHT ANGLE,TRAFFIC SIGNAL,DAYLIGHT,CLEAR,DRY
13984,35344442,MONROE,Rochester,1,,Y,43.1860014,-77.5840225,7/30/14,17:08,PROPERTY DAMAGE AND INJURY,1,0,2,COLLISION WITH MOTOR VEHICLE,REAR END,NONE,DAYLIGHT,CLEAR,DRY
13984,35326154,MONROE,Penfield,3,441 43011033,N,43.1292888,-77.4785568,7/7/14,14:04,PROPERTY DAMAGE AND INJURY,1,0,2,COLLISION WITH MOTOR VEHICLE,REAR END,NONE,DAYLIGHT,CLOUDY,DRY
13984,35215768,MONROE,Perinton,3, 31F43011031,N,43.1011935,-77.4610089,3/22/14,23:18,PROPERTY DAMAGE AND INJURY,1,0,2,COLLISION WITH MOTOR VEHICLE,REAR END,TRAFFIC SIGNAL,DARK-ROAD LIGHTED,CLOUDY,DRY
13984,35282541,MONROE,Greece,3,,Y,43.2314160,-77.7163400,6/4/14,11:37,PROPERTY DAMAGE AND INJURY,1,0,2,COLLISION WITH MOTOR VEHICLE,RIGHT ANGLE,TRAFFIC SIGNAL,DAYLIGHT,CLOUDY,DRY
13984,35423672,MONROE,Penfield,3,,N,43.1454869,-77.4495733,10/5/14,4:45,INJURY,1,0,1,COLLISION WITH DEER,OTHER,NONE,DARK-ROAD UNLIGHTED,CLEAR,DRY
13984,35453982,MONROE,Rochester,1,,Y,43.1364639,-77.5979312,10/21/14,17:27,INJURY,1,0,2,COLLISION WITH MOTOR VEHICLE,REAR END,STOP SIGN,DUSK,RAIN,WET
13984,34953034,MONROE,Rochester,1,,Y,43.1837360,-77.6110420,9/28/13,9:03,PROPERTY DAMAGE AND INJURY,5,0,2,COLLISION WITH MOTOR VEHICLE,RIGHT ANGLE,STOP SIGN,DAYLIGHT,CLEAR,DRY
13984,35268342,MONROE,Irondequoit,3,941B43011006,N,43.1767684,-77.5451144,5/22/14,16:13,PROPERTY DAMAGE AND INJURY,1,0,2,COLLISION WITH MOTOR VEHICLE,REAR END,TRAFFIC SIGNAL,DAYLIGHT,CLEAR,DRY
13984,34953015,MONROE,Greece,3,,Y,43.2384000,-77.6847460,9/25/13,7:32,PROPERTY DAMAGE AND INJURY,2,0,2,COLLISION WITH MOTOR VEHICLE,HEAD ON,NO PASSING ZONE,DAYLIGHT,CLEAR,DRY
13984,35271912,MONROE,Rochester,1,490I43022032,Y,43.1515510,-77.6134780,5/27/14,17:18,INJURY,1,0,2,COLLISION WITH MOTOR VEHICLE,REAR END,NONE,DAYLIGHT,CLOUDY,DRY
13984,34947825,MONROE,Sweden,3, 31 43031050,N,43.1983370,-77.9363069,9/30/13,16:42,INJURY,1,0,2,COLLISION WITH MOTOR VEHICLE,REAR END,NONE,DAYLIGHT,CLEAR,DRY
13984,34697874,MONROE,Pittsford,3,,N,43.1184155,-77.5399072,3/13/13,12:06,PROPERTY DAMAGE AND INJURY,2,0,2,COLLISION WITH MOTOR VEHICLE,SIDESWIPE,NONE,DAYLIGHT,CLOUDY,DRY
13984,34758857,MONROE,Webster,3,104 43035064,N,43.1994864,-77.4988181,4/27/13,18:47,PROPERTY DAMAGE AND INJURY,1,0,2,COLLISION WITH MOTOR VEHICLE,HEAD ON,NONE,DAYLIGHT,CLEAR,DRY
13984,34993353,MONROE,Rochester,1, 31 43032052,N,43.1433646,-77.5881465,11/6/13,7:42,INJURY,1,0,2,COLLISION WITH MOTOR VEHICLE,OVERTAKING,NONE,DAYLIGHT,CLOUDY,DRY
13984,34993346,MONROE,Rochester,1,,Y,43.1864530,-77.6137910,11/2/13,11:29,PROPERTY DAMAGE AND INJURY,2,0,2,COLLISION WITH MOTOR VEHICLE,LEFT TURN (AGAINST OTHER CAR),TRAFFIC SIGNAL,DAYLIGHT,RAIN,WET
13984,35567679,MONROE,Chili,3,390I43033000,N,43.1218731,-77.6465758,12/8/14,21:25,INJURY,2,0,1,COLLISION WITH GUIDE RAIL,OTHER,NONE,DARK-ROAD LIGHTED,CLEAR,DRY
13984,35567666,MONROE,Rochester,1,490I43022067,N,43.1443128,-77.5520175,11/15/14,3:15,INJURY,1,0,1,COLLISION WITH GUIDE RAIL,OTHER,NONE,DARK-ROAD LIGHTED,CLOUDY,SNOW/ICE
13984,35567650,MONROE,Penfield,3,,Y,43.1568260,-77.5252930,12/11/14,9:00,INJURY,1,0,1,COLLISION WITH SNOW EMBANKMENT,OTHER,NONE,DAYLIGHT,CLOUDY,WET
13984,35496206,MONROE,Irondequoit,3,941B43011002,Y,43.1765340,-77.5525871,12/1/14,8:25,PROPERTY DAMAGE AND INJURY,1,0,2,COLLISION WITH MOTOR VEHICLE,LEFT TURN (AGAINST OTHER CAR),STOP SIGN,DAYLIGHT,CLOUDY,DRY
13984,35397113,MONROE,Clarkson,3,104 43031038,N,43.2332267,-77.9280751,9/13/14,15:03,PROPERTY DAMAGE AND INJURY,2,0,2,COLLISION WITH MOTOR VEHICLE,RIGHT ANGLE,NO PASSING ZONE,DAYLIGHT,CLOUDY,DRY
13984,35059035,MONROE,Brighton,3, 96 43051096,Y,43.1375060,-77.5394890,12/29/13,2:05,PROPERTY DAMAGE AND INJURY,1,0,1,COLLISION WITH OTHER FIXED OBJECT,OTHER,TRAFFIC SIGNAL,DARK-ROAD LIGHTED,CLOUDY,DRY
13984,35058956,MONROE,Rochester,1,,N,43.1485370,-77.5532010,12/28/13,16:30,INJURY,1,0,1,COLLISION WITH PEDESTRIAN,OTHER,TRAFFIC SIGNAL,DAYLIGHT,CLEAR,DRY
13984,35147241,MONROE,Pittsford,3,,Y,43.0463546,-77.5795069,2/20/14,17:40,PROPERTY DAMAGE AND INJURY,1,0,1,COLL. W/LIGHT SUPPORT/UTILITY POLE,OTHER,NONE,DARK-ROAD UNLIGHTED,SLEET/HAIL/FREEZING RAIN,SNOW/ICE
13984,35214130,MONROE,Rochester,1,,Y,43.1723360,-77.5967920,3/29/14,17:31,PROPERTY DAMAGE AND INJURY,1,0,2,COLLISION WITH MOTOR VEHICLE,REAR END,NONE,DAYLIGHT,RAIN,WET
13984,35214116,MONROE,Rochester,1,,N,43.1757410,-77.5869750,3/28/14,17:24,PROPERTY DAMAGE AND INJURY,1,0,3,COLLISION WITH MOTOR VEHICLE,OTHER,NONE,DAYLIGHT,RAIN,WET
13984,35365434,MONROE,Irondequoit,3,,Y,43.2272410,-77.5445400,8/13/14,7:31,INJURY,1,0,2,COLLISION WITH MOTOR VEHICLE,REAR END,YIELD SIGN,DAYLIGHT,CLOUDY,WET
13984,35447427,MONROE,Brighton,3,252 43011049,Y,43.0922460,-77.6746883,10/24/14,18:04,PROPERTY DAMAGE AND INJURY,1,0,2,COLLISION WITH MOTOR VEHICLE,REAR END,TRAFFIC SIGNAL,DARK-ROAD LIGHTED,CLEAR,DRY
13984,35403432,MONROE,Rochester,1, 18 43032011,Y,43.2021049,-77.6386929,8/24/14,18:22,INJURY,1,0,1,COLLISION WITH BICYCLIST,OTHER,NONE,DAYLIGHT,CLEAR,DRY
13984,35387867,MONROE,Mendon,3,251 43011201,N,42.9874543,-77.5935625,8/19/14,5:14,PROPERTY DAMAGE AND INJURY,1,0,1,COLL. W/LIGHT SUPPORT/UTILITY POLE,OTHER,NONE,DARK-ROAD UNLIGHTED,CLEAR,DRY
13984,35387322,MONROE,Rochester,1,,Y,43.1398790,-77.6260330,8/13/14,9:29,PROPERTY DAMAGE AND INJURY,1,0,1,COLLISION WITH BUILDING/WALL,OTHER,NONE,DAYLIGHT,CLEAR,DRY
13984,35008570,MONROE,Brighton,3,441 43011103,N,43.1293170,-77.5249620,11/19/13,8:05,PROPERTY DAMAGE AND INJURY,1,0,2,COLLISION WITH MOTOR VEHICLE,LEFT TURN (AGAINST OTHER CAR),TRAFFIC SIGNAL,DAYLIGHT,SNOW,WET
13984,35241819,MONROE,Greece,3,261 43011001,N,43.2189409,-77.7526423,4/22/14,16:24,PROPERTY DAMAGE AND INJURY,1,0,3,COLLISION WITH MOTOR VEHICLE,OTHER,NONE,DAYLIGHT,CLEAR,DRY
13984,35392826,MONROE,Gates,3, 31 43031180,N,43.1649813,-77.6914833,9/8/14,10:20,PROPERTY DAMAGE AND INJURY,1,0,2,COLLISION WITH MOTOR VEHICLE,REAR END,NONE,DAYLIGHT,CLEAR,DRY
13984,35213658,MONROE,Rochester,1,390I43032004,N,43.1207705,-77.6436322,4/8/14,9:25,PROPERTY DAMAGE AND INJURY,1,0,2,COLLISION WITH MOTOR VEHICLE,REAR END,NONE,DAYLIGHT,CLOUDY,WET
13984,34837102,MONROE,Perinton,3, 31F43011027,Y,43.1022600,-77.4685030,6/21/13,15:59,PROPERTY DAMAGE AND INJURY,1,0,2,COLLISION WITH MOTOR VEHICLE,RIGHT ANGLE,TRAFFIC SIGNAL,DAYLIGHT,CLEAR,DRY
13984,35510848,MONROE,Perinton,3,,Y,43.1097030,-77.4633419,12/13/14,11:45,PROPERTY DAMAGE AND INJURY,3,0,2,COLLISION WITH MOTOR VEHICLE,RIGHT ANGLE,TRAFFIC SIGNAL,DAYLIGHT,CLOUDY,WET
13984,35391917,MONROE,Rochester,1,,Y,43.1809850,-77.5914520,9/8/14,17:29,PROPERTY DAMAGE AND INJURY,1,0,2,COLLISION WITH MOTOR VEHICLE,RIGHT ANGLE,TRAFFIC SIGNAL,DAYLIGHT,CLEAR,DRY
13984,35247271,MONROE,Gates,3,390I43037007,N,43.1395575,-77.6684792,4/26/14,18:55,INJURY,1,0,1,COLLISION WITH GUIDE RAIL,OTHER,NONE,DAYLIGHT,CLOUDY,DRY
13984,35161609,MONROE,Rochester,1,,N,43.1834540,-77.5993560,3/3/14,15:21,PROPERTY DAMAGE AND INJURY,2,0,2,COLLISION WITH MOTOR VEHICLE,REAR END,NONE,DAYLIGHT,CLEAR,DRY
13984,34755348,MONROE,Rochester,1,,Y,43.1595990,-77.5953370,4/15/13,15:49,PROPERTY DAMAGE AND INJURY,1,0,2,COLLISION WITH MOTOR VEHICLE,RIGHT ANGLE,TRAFFIC SIGNAL,DAYLIGHT,CLEAR,DRY
13984,35444696,MONROE,Rochester,1,490I43022040,N,43.1467948,-77.6011220,10/26/14,8:23,PROPERTY DAMAGE AND INJURY,1,0,1,COLLISION WITH OTHER BARRIER,OTHER,NONE,DAYLIGHT,RAIN,WET
13984,35462478,MONROE,Rochester,1, 31 43032049,Y,43.1458873,-77.5925424,11/7/14,16:30,PROPERTY DAMAGE AND INJURY,1,0,2,COLLISION WITH MOTOR VEHICLE,REAR END,NONE,DUSK,RAIN,WET
13984,35507607,MONROE,Gates,3,204 43011030,N,43.1307444,-77.6662134,12/5/14,5:06,PROPERTY DAMAGE AND INJURY,1,0,1,COLLISION WITH PEDESTRIAN,OTHER,NONE,DARK-ROAD LIGHTED,CLOUDY,DRY
13984,34958175,MONROE,Greece,3,104 43031160,N,43.2096827,-77.6940765,10/8/13,18:01,PROPERTY DAMAGE AND INJURY,1,0,2,COLLISION WITH MOTOR VEHICLE,OVERTAKING,TRAFFIC SIGNAL,DAYLIGHT,CLEAR,DRY
13984,35078107,MONROE,Rochester,1,104 43032039,N,43.1944505,-77.5882980,1/7/14,20:34,PROPERTY DAMAGE AND INJURY,1,0,1,COLL. W/EARTH ELE./ROCK CUT/DITCH,OTHER,NONE,DARK-ROAD LIGHTED,SNOW,SNOW/ICE
13984,34958787,MONROE,Perinton,3,,N,43.1029126,-77.4321290,10/9/13,19:09,PROPERTY DAMAGE AND INJURY,2,0,2,COLLISION WITH MOTOR VEHICLE,LEFT TURN (WITH OTHER CAR),TRAFFIC SIGNAL,DARK-ROAD LIGHTED,CLEAR,DRY
13984,35290071,MONROE,Rochester,1,,N,43.1646255,-77.6331754,6/4/14,17:50,INJURY,1,0,2,COLLISION WITH MOTOR VEHICLE,LEFT TURN (AGAINST OTHER CAR),NONE,DAYLIGHT,CLEAR,DRY
13984,35076640,MONROE,Rochester,1,104 43032032,N,43.1919626,-77.6012743,1/8/14,7:03,PROPERTY DAMAGE AND INJURY,1,0,1,COLLISION WITH OTHER BARRIER,OTHER,NONE,DARK-ROAD LIGHTED,CLOUDY,SNOW/ICE
13984,35313671,MONROE,Rochester,1, 31 43032007,Y,43.1646610,-77.6617560,7/2/14,15:26,INJURY,2,0,2,COLLISION WITH MOTOR VEHICLE,REAR END,NONE,DAYLIGHT,CLEAR,DRY
13984,35119090,MONROE,Rochester,1, 33A43022006,Y,43.1443420,-77.6538861,2/4/14,13:10,PROPERTY DAMAGE AND INJURY,1,0,2,COLLISION WITH MOTOR VEHICLE,REAR END,NONE,DAYLIGHT,CLOUDY,DRY
13984,35202038,MONROE,Rochester,1,,N,43.1793216,-77.6344482,3/29/14,20:24,PROPERTY DAMAGE AND INJURY,2,0,2,COLLISION WITH MOTOR VEHICLE,SIDESWIPE,NONE,DARK-ROAD LIGHTED,SLEET/HAIL/FREEZING RAIN,SNOW/ICE
13984,35119072,MONROE,Rochester,1,,N,43.1507815,-77.5571878,2/2/14,9:44,PROPERTY DAMAGE AND INJURY,1,0,1,COLLISION WITH TREE,OTHER,NONE,DAYLIGHT,CLOUDY,SNOW/ICE
13984,35099341,MONROE,Greece,3,,Y,43.2311130,-77.6778570,1/13/14,17:27,INJURY,1,0,2,COLLISION WITH MOTOR VEHICLE,REAR END,TRAFFIC SIGNAL,DARK-ROAD LIGHTED,CLEAR,DRY
13984,34830605,MONROE,Rochester,1,,N,43.1482434,-77.5724189,6/26/13,16:26,PROPERTY DAMAGE AND INJURY,1,0,2,COLLISION WITH MOTOR VEHICLE,REAR END,NONE,DAYLIGHT,CLOUDY,WET
13984,34958648,MONROE,Rochester,1,,N,43.1773841,-77.6134224,10/11/13,19:31,INJURY,1,0,1,COLLISION WITH PEDESTRIAN,OTHER,NONE,DARK-ROAD LIGHTED,CLEAR,DRY
13984,34730080,MONROE,Henrietta,3,253 43011087,N,43.0594009,-77.5995430,4/10/13,4:31,PROPERTY DAMAGE AND INJURY,1,0,1,COLL. W/EARTH ELE./ROCK CUT/DITCH,OTHER,NONE,DARK-ROAD UNLIGHTED,CLEAR,WET
13984,34829570,MONROE,Rochester,1,,N,43.1347295,-77.6453705,6/23/13,13:30,INJURY,1,0,1,COLLISION WITH PEDESTRIAN,OTHER,NONE,DAYLIGHT,CLEAR,DRY
13984,34971063,MONROE,Rochester,1,,Y,43.1764800,-77.6133640,10/11/13,12:47,INJURY,1,0,2,COLLISION WITH MOTOR VEHICLE,REAR END,NONE,DAYLIGHT,CLEAR,DRY
13984,34952119,MONROE,Gates,3,,Y,43.1566974,-77.7412432,8/30/13,13:05,PROPERTY DAMAGE AND INJURY,1,0,2,COLLISION WITH MOTOR VEHICLE,REAR END,NONE,DAYLIGHT,CLOUDY,DRY
13984,35134848,MONROE,Henrietta,3,252 43011107,N,43.0873638,-77.5632574,2/11/14,8:20,PROPERTY DAMAGE AND INJURY,1,0,1,COLLISION WITH TREE,OTHER,NONE,DAYLIGHT,CLEAR,WET
13984,35106713,MONROE,Webster,3,,N,43.2141227,-77.4190681,1/23/14,19:44,PROPERTY DAMAGE AND INJURY,1,0,3,COLLISION WITH MOTOR VEHICLE,OTHER,NONE,DARK-ROAD LIGHTED,SNOW,SNOW/ICE
13984,35106707,MONROE,Webster,3,,Y,43.2031330,-77.4746250,1/24/14,4:28,INJURY,1,0,2,COLLISION WITH MOTOR VEHICLE,RIGHT ANGLE,STOP SIGN,DARK-ROAD UNLIGHTED,CLEAR,SNOW/ICE
13984,35106692,MONROE,Rochester,1,940M43011012,Y,43.1809370,-77.6317380,1/23/14,15:18,INJURY,1,0,1,COLLISION WITH PEDESTRIAN,OTHER,TRAFFIC SIGNAL,DAYLIGHT,CLEAR,WET
13984,35106666,MONROE,Rochester,1,,Y,43.1832070,-77.5993390,1/22/14,13:12,INJURY,1,0,1,COLLISION WITH PEDESTRIAN,OTHER,NONE,DAYLIGHT,CLEAR,SNOW/ICE
13984,34960302,MONROE,Rochester,1,,Y,43.1573570,-77.6290540,9/23/13,15:34,INJURY,5,0,2,COLLISION WITH MOTOR VEHICLE,RIGHT ANGLE,NONE,DAYLIGHT,CLEAR,DRY
13984,35531591,MONROE,Rochester,1,,Y,43.1788620,-77.5953440,12/28/14,15:36,INJURY,1,0,1,COLLISION WITH PEDESTRIAN,OTHER,NONE,DAYLIGHT,CLOUDY,DRY
13984,34960260,MONROE,Rochester,1,490I43022016,N,43.1570513,-77.6425546,9/30/13,17:45,PROPERTY DAMAGE AND INJURY,1,0,2,COLLISION WITH MOTOR VEHICLE,REAR END,NONE,DAYLIGHT,CLOUDY,DRY
13984,34968909,MONROE,Rochester,1,490I43022019,N,43.1566746,-77.6354060,10/19/13,2:25,PROPERTY DAMAGE AND INJURY,1,0,1,COLLISION WITH OTHER BARRIER,OTHER,NONE,DARK-ROAD LIGHTED,CLEAR,DRY
13984,34869227,MONROE,Rochester,1,,Y,43.2385700,-77.6223930,7/28/13,7:49,PROPERTY DAMAGE AND INJURY,2,0,1,COLLISION WITH CURBING,OTHER,NONE,DAYLIGHT,CLOUDY,DRY
13984,35313644,MONROE,Rochester,1,,Y,43.1673660,-77.6072290,6/29/14,21:55,PROPERTY DAMAGE AND INJURY,2,0,2,COLLISION WITH MOTOR VEHICLE,RIGHT ANGLE,STOP SIGN,DARK-ROAD LIGHTED,CLOUDY,DRY
13984,34963815,UNKNOWN COUNTY,,0,,N,43.0646717,-77.6448518,10/8/13,16:05,INJURY,1,0,2,COLLISION WITH MOTOR VEHICLE,RIGHT ANGLE,NONE,DAYLIGHT,CLEAR,DRY
13984,35378247,MONROE,Irondequoit,3,,Y,43.2237822,-77.5496302,8/26/14,18:24,INJURY,1,0,2,COLLISION WITH MOTOR VEHICLE,REAR END,NONE,DAYLIGHT,CLEAR,DRY
13984,34749345,MONROE,Brighton,3,,N,43.1044427,-77.6229549,4/25/13,18:50,INJURY,1,0,1,COLLISION WITH BICYCLIST,OTHER,NONE,DAYLIGHT,CLOUDY,DRY
13984,34766273,MONROE,Rochester,1,,Y,43.1600670,-77.6076169,5/6/13,14:30,PROPERTY DAMAGE AND INJURY,2,0,2,COLLISION WITH MOTOR VEHICLE,REAR END,TRAFFIC SIGNAL,DAYLIGHT,CLEAR,DRY
13984,35263139,MONROE,Rochester,1,,N,43.1618110,-77.5854000,5/16/14,21:08,INJURY,1,0,2,COLLISION WITH MOTOR VEHICLE,REAR END,NONE,DARK-ROAD LIGHTED,CLOUDY,DRY
13984,35372643,MONROE,Greece,3,104 43031160,Y,43.2096040,-77.6936011,8/21/14,17:16,PROPERTY DAMAGE AND INJURY,1,0,2,COLLISION WITH MOTOR VEHICLE,REAR END,TRAFFIC SIGNAL,DAYLIGHT,CLOUDY,WET
13984,34882103,MONROE,Brighton,3,,N,43.1260775,-77.5765790,8/5/13,14:08,PROPERTY DAMAGE AND INJURY,1,0,3,COLLISION WITH MOTOR VEHICLE,OTHER,NONE,DAYLIGHT,CLEAR,DRY
13984,34981813,UNKNOWN COUNTY,,0,,N,43.1802233,-77.6251566,10/25/13,8:52,PROPERTY DAMAGE AND INJURY,1,0,3,COLLISION WITH MOTOR VEHICLE,OTHER,STOPPED SCHOOL BUS W/RED LIGHT FLSH,DAYLIGHT,CLEAR,WET
13984,34916922,MONROE,Brighton,3,,Y,43.1264050,-77.5657140,8/13/13,10:13,PROPERTY DAMAGE AND INJURY,1,0,2,COLLISION WITH MOTOR VEHICLE,REAR END,TRAFFIC SIGNAL,DAYLIGHT,CLOUDY,DRY
13984,34863014,MONROE,Rochester,1,,N,43.1887088,-77.5610199,7/11/13,15:31,PROPERTY DAMAGE AND INJURY,1,0,2,COLLISION WITH MOTOR VEHICLE,REAR END,NONE,DAYLIGHT,CLEAR,DRY
13984,35293268,UNKNOWN COUNTY,,0,,N,43.1403864,-77.5768100,6/16/14,18:54,INJURY,1,0,1,COLL. W/LIGHT SUPPORT/UTILITY POLE,OTHER,NONE,DAYLIGHT,CLEAR,DRY
13984,35249894,MONROE,Rochester,1,490I43022042,N,43.1444237,-77.5994927,5/3/14,14:51,INJURY,1,0,2,COLLISION WITH GUIDE RAIL,REAR END,NONE,DAYLIGHT,CLOUDY,DRY
13984,35492995,UNKNOWN COUNTY,,0,,N,43.2275588,-77.5139615,11/28/14,14:40,PROPERTY DAMAGE AND INJURY,1,0,2,COLLISION WITH MOTOR VEHICLE,RIGHT ANGLE,STOP SIGN,DAYLIGHT,CLOUDY,DRY
13984,35248754,MONROE,Rochester,1,,Y,43.2007039,-77.5616426,5/5/14,16:25,INJURY,2,0,1,COLLISION WITH TREE,OTHER,NONE,DAYLIGHT,CLEAR,DRY
13984,35247294,MONROE,Rochester,1,,Y,43.1366070,-77.5648120,4/29/14,12:07,PROPERTY DAMAGE AND INJURY,1,0,2,COLLISION WITH MOTOR VEHICLE,OVERTAKING,NONE,DAYLIGHT,RAIN,WET
13984,35385247,MONROE,Perinton,3, 31 43033091,Y,43.0686770,-77.4293400,8/29/14,17:40,PROPERTY DAMAGE AND INJURY,1,0,2,COLLISION WITH MOTOR VEHICLE,REAR END,NONE,DAYLIGHT,CLEAR,DRY
13984,34686365,MONROE,Spencerport,4,,Y,43.1956060,-77.8030701,3/6/13,0:04,PROPERTY DAMAGE AND INJURY,1,0,1,COLLISION WITH GUIDERAIL - END,OTHER,NONE,DARK-ROAD LIGHTED,CLEAR,DRY
13984,34813456,MONROE,Rochester,1, 31 43032032,Y,43.1541480,-77.6192820,6/14/13,18:47,INJURY,1,0,2,COLLISION WITH MOTOR VEHICLE,LEFT TURN (AGAINST OTHER CAR),TRAFFIC SIGNAL,DAYLIGHT,CLEAR,DRY
13984,35179921,MONROE,Penfield,3,404 43035056,Y,43.1893707,-77.5041797,3/16/14,11:05,INJURY,1,0,2,COLLISION WITH MOTOR VEHICLE,REAR END,TRAFFIC SIGNAL,DAYLIGHT,CLEAR,DRY
13984,35102022,MONROE,Brighton,3,,Y,43.1040100,-77.5778180,1/24/14,9:46,PROPERTY DAMAGE AND INJURY,1,0,3,COLLISION WITH MOTOR VEHICLE,OTHER,TRAFFIC SIGNAL,DAYLIGHT,CLEAR,WET
13984,35425590,MONROE,Rochester,1,,N,43.1579240,-77.5487970,10/7/14,15:34,INJURY,1,0,1,COLLISION WITH DEER,OTHER,NONE,DAYLIGHT,CLEAR,DRY
13984,34768396,MONROE,Greece,3,,Y,43.2109635,-77.6775290,4/26/13,9:53,PROPERTY DAMAGE AND INJURY,2,0,2,COLLISION WITH MOTOR VEHICLE,REAR END,NONE,DAYLIGHT,CLEAR,DRY
13984,35409553,MONROE,Greece,3,,Y,43.2082053,-77.6872440,9/19/14,19:39,PROPERTY DAMAGE AND INJURY,1,0,2,COLLISION WITH MOTOR VEHICLE,RIGHT ANGLE,NONE,DARK-ROAD LIGHTED,CLEAR,DRY
13984,34996768,MONROE,Brighton,3,390I43031151,N,43.1152209,-77.6314457,11/7/13,16:30,INJURY,1,0,3,COLLISION WITH MOTOR VEHICLE,OTHER,NONE,DUSK,CLOUDY,DRY
13984,35119101,MONROE,Rochester,1,,Y,43.1878060,-77.5710910,2/1/14,6:03,PROPERTY DAMAGE AND INJURY,1,0,2,COLLISION WITH MOTOR VEHICLE,LEFT TURN (AGAINST OTHER CAR),TRAFFIC SIGNAL,DARK-ROAD LIGHTED,CLOUDY,WET
13984,34785586,MONROE,Henrietta,3,,N,43.0853366,-77.6296806,5/22/13,12:34,PROPERTY DAMAGE AND INJURY,1,0,2,COLLISION WITH MOTOR VEHICLE,RIGHT ANGLE,NONE,DAYLIGHT,CLOUDY,DRY
13984,35094328,MONROE,Rochester,1,490I43022029,Y,43.1540510,-77.6197190,1/20/14,11:19,INJURY,1,0,2,COLLISION WITH MOTOR VEHICLE,OVERTAKING,TRAFFIC SIGNAL,DAYLIGHT,SNOW,WET
13984,34767188,MONROE,Pittsford,4, 96 43051054,N,43.0864986,-77.5180697,5/8/13,18:00,INJURY,1,0,2,COLLISION WITH MOTOR VEHICLE,REAR END,NO PASSING ZONE,DAYLIGHT,RAIN,WET
13984,35029950,MONROE,Brighton,3,390I43031141,N,43.1080070,-77.6159370,12/2/13,13:49,PROPERTY DAMAGE AND INJURY,1,0,2,COLLISION WITH MOTOR VEHICLE,REAR END,TRAFFIC SIGNAL,DAYLIGHT,CLOUDY,WET
13984,34789039,MONROE,Rochester,1,,Y,43.1697450,-77.5951530,5/23/13,15:31,INJURY,1,0,2,COLLISION WITH MOTOR VEHICLE,REAR END,TRAFFIC SIGNAL,DAYLIGHT,CLOUDY,DRY
13984,34788998,MONROE,Rochester,1,,N,43.1643202,-77.6235521,5/25/13,19:20,INJURY,1,0,2,COLLISION WITH MOTOR VEHICLE,SIDESWIPE,NONE,DAYLIGHT,CLEAR,DRY
13984,35335728,MONROE,Rochester,1,,Y,43.1820450,-77.5992660,6/13/14,23:06,INJURY,1,0,1,OTHER NON-COLLISION,OTHER,NONE,DARK-ROAD LIGHTED,CLEAR,DRY
13984,34705815,MONROE,Penfield,3,,Y,43.1331480,-77.4922770,3/24/13,10:09,PROPERTY DAMAGE AND INJURY,2,0,2,COLLISION WITH MOTOR VEHICLE,RIGHT ANGLE,TRAFFIC SIGNAL,DAYLIGHT,CLOUDY,DRY
13984,35029910,MONROE,Webster,3,404 43035084,N,43.2087284,-77.4604343,12/3/13,14:37,PROPERTY DAMAGE AND INJURY,1,0,2,COLLISION WITH MOTOR VEHICLE,REAR END,NONE,DAYLIGHT,CLEAR,DRY
13984,34748590,MONROE,Chili,3,251 43011076,Y,43.0542330,-77.7811960,4/24/13,18:11,PROPERTY DAMAGE AND INJURY,1,0,2,COLLISION WITH MOTOR VEHICLE,LEFT TURN (AGAINST OTHER CAR),NONE,DAYLIGHT,CLOUDY,WET
13984,35058961,MONROE,Rochester,1,,N,43.1949959,-77.6089548,12/26/13,16:05,PROPERTY DAMAGE AND INJURY,1,0,2,COLLISION WITH MOTOR VEHICLE,LEFT TURN (AGAINST OTHER CAR),NONE,DAYLIGHT,CLOUDY,WET
13984,35197149,MONROE,Rochester,1,104 43032019,Y,43.1943939,-77.6266922,3/19/14,15:15,PROPERTY DAMAGE AND INJURY,1,0,2,COLLISION WITH MOTOR VEHICLE,REAR END,NONE,DAYLIGHT,CLOUDY,DRY
13984,34958173,MONROE,Greece,3, 18 43031185,N,43.2529564,-77.6863341,10/10/13,19:40,PROPERTY DAMAGE AND INJURY,2,0,2,COLLISION WITH MOTOR VEHICLE,REAR END,NONE,DAYLIGHT,CLEAR,DRY