QUERYID,CASE #,REGN_CNTY_CDE,Municipality,MUNITYPE,REF_MRKR,ATINTERSECTION_IND,Lat,Long,,Time,Crash Type,Injuries,Fatalities,Number of Vehicles,ACCD_TYP,COLLISION_TYP,TRAF_CNTL,Light Condition,Weather Condition,Road Surface Condition
13984,34898397,MONROE,Rochester,1,,Y,43.1600420,-77.5564120,8/20/13,17:36,PROPERTY DAMAGE AND INJURY,1,0,2,COLLISION WITH MOTOR VEHICLE,LEFT TURN (WITH OTHER CAR),NONE,DAYLIGHT,CLEAR,DRY
13984,34898395,MONROE,Rochester,1,383 43012018,Y,43.1426320,-77.6192739,8/20/13,19:15,INJURY,1,0,1,COLLISION WITH PEDESTRIAN,OTHER,TRAFFIC SIGNAL,DAYLIGHT,CLEAR,DRY
13984,34953040,MONROE,Rochester,1, 31 43032002,Y,43.1646902,-77.6725575,9/23/13,17:11,INJURY,1,0,2,COLLISION WITH MOTOR VEHICLE,REAR END,NONE,DAYLIGHT,CLEAR,DRY
13984,34925881,MONROE,Rochester,1, 96 43052022,Y,43.1534640,-77.5881780,9/8/13,3:26,PROPERTY DAMAGE AND INJURY,1,0,2,COLLISION WITH MOTOR VEHICLE,REAR END,TRAFFIC SIGNAL,DARK-ROAD LIGHTED,RAIN,WET
13984,34898417,MONROE,Rochester,1,942G43011005,N,43.1575760,-77.6176580,8/18/13,15:57,PROPERTY DAMAGE AND INJURY,2,0,2,COLLISION WITH MOTOR VEHICLE,RIGHT ANGLE,TRAFFIC SIGNAL,DAYLIGHT,CLEAR,DRY
13984,34985608,MONROE,Webster,3,,Y,43.2155910,-77.4401667,10/30/13,7:07,PROPERTY DAMAGE AND INJURY,1,0,3,COLLISION WITH MOTOR VEHICLE,OTHER,NONE,DAWN,CLOUDY,WET
13984,34730059,MONROE,Greece,3,,N,43.2953576,-77.7463367,4/2/13,0:48,PROPERTY DAMAGE AND INJURY,1,0,2,COLLISION WITH OTHER FIXED OBJECT,RIGHT ANGLE,NONE,DARK-ROAD LIGHTED,CLEAR,WET
13984,35137076,MONROE,Hamlin,3, 18 43031063,N,43.2843822,-77.8796477,2/10/14,15:09,PROPERTY DAMAGE AND INJURY,3,0,2,COLLISION WITH MOTOR VEHICLE,REAR END,STOPPED SCHOOL BUS W/RED LIGHT FLSH,DAYLIGHT,CLOUDY,DRY
13984,35115934,MONROE,Parma,3, 18 43031119,Y,43.2733480,-77.7910730,1/24/14,7:19,INJURY,2,0,2,COLLISION WITH MOTOR VEHICLE,HEAD ON,TRAFFIC SIGNAL,DAYLIGHT,CLEAR,SNOW/ICE
13984,35116095,MONROE,Rochester,1,,Y,43.1620510,-77.5835919,1/15/14,12:43,INJURY,1,0,2,COLLISION WITH MOTOR VEHICLE,REAR END,TRAFFIC SIGNAL,DAYLIGHT,CLOUDY,DRY
13984,35006649,MONROE,Gates,3,390I43037016,N,43.1491197,-77.6777566,11/11/13,15:46,PROPERTY DAMAGE AND INJURY,1,0,2,COLLISION WITH MOTOR VEHICLE,REAR END,NONE,DAYLIGHT,RAIN,WET
13984,35235116,MONROE,Rush,3, 15 43031019,N,42.9651328,-77.6839590,4/26/14,3:31,PROPERTY DAMAGE AND INJURY,2,0,1,COLL. W/LIGHT SUPPORT/UTILITY POLE,OTHER,NONE,DARK-ROAD UNLIGHTED,CLOUDY,DRY
13984,35531604,MONROE,Rochester,1,,Y,43.2254670,-77.6267770,12/27/14,21:49,PROPERTY DAMAGE AND INJURY,2,0,2,COLLISION WITH MOTOR VEHICLE,REAR END,NONE,DARK-ROAD LIGHTED,CLEAR,DRY
13984,35427892,MONROE,Rochester,1,,Y,43.1670180,-77.6396450,10/2/14,12:27,PROPERTY DAMAGE AND INJURY,1,0,2,COLLISION WITH MOTOR VEHICLE,RIGHT ANGLE,STOP SIGN,DAYLIGHT,CLEAR,DRY
13984,34897791,MONROE,Pittsford,3,,N,43.1232529,-77.5070609,8/13/13,14:50,PROPERTY DAMAGE AND INJURY,1,0,2,COLLISION WITH MOTOR VEHICLE,LEFT TURN (AGAINST OTHER CAR),TRAFFIC SIGNAL,DAYLIGHT,CLOUDY,DRY
13984,35427625,MONROE,Gates,3,,Y,43.1745480,-77.7015710,9/27/14,17:02,PROPERTY DAMAGE AND INJURY,1,0,2,COLLISION WITH MOTOR VEHICLE,HEAD ON,NONE,DAYLIGHT,CLEAR,DRY
13984,35305549,MONROE,Webster,3,,N,43.2082530,-77.4954310,6/21/14,3:37,INJURY,1,0,1,COLLISION WITH OTHER FIXED OBJECT,OTHER,NONE,DARK-ROAD UNLIGHTED,CLEAR,DRY
13984,35286823,MONROE,Brighton,3, 15 43031127,Y,43.1117270,-77.6239260,6/10/14,14:43,PROPERTY DAMAGE AND INJURY,2,0,2,COLLISION WITH MOTOR VEHICLE,REAR END,TRAFFIC SIGNAL,DAYLIGHT,CLOUDY,DRY
13984,35478968,MONROE,Webster,3,,Y,43.2148482,-77.4466127,11/17/14,22:08,INJURY,1,0,2,COLLISION WITH MOTOR VEHICLE,RIGHT ANGLE,TRAFFIC SIGNAL,DARK-ROAD UNLIGHTED,CLOUDY,WET
13984,35441995,MONROE,Gates,3,,N,43.1592429,-77.6816771,10/14/14,23:07,PROPERTY DAMAGE AND INJURY,1,0,1,COLLISION WITH GUIDE RAIL,OTHER,NONE,DARK-ROAD LIGHTED,RAIN,WET
13984,35441994,MONROE,Mendon,3, 15A43041021,N,42.9734315,-77.6178777,10/21/14,18:32,INJURY,1,0,1,COLLISION WITH DEER,OTHER,NONE,DARK-ROAD UNLIGHTED,RAIN,WET
13984,35159753,MONROE,Rochester,1,,Y,43.1592586,-77.6165531,3/1/14,0:13,PROPERTY DAMAGE AND INJURY,2,0,2,COLLISION WITH MOTOR VEHICLE,LEFT TURN (AGAINST OTHER CAR),NONE,DARK-ROAD LIGHTED,CLEAR,DRY
13984,35330479,MONROE,Penfield,3,441 43011052,Y,43.1306840,-77.4413089,7/10/14,21:10,PROPERTY DAMAGE AND INJURY,2,0,2,COLLISION WITH MOTOR VEHICLE,LEFT TURN (AGAINST OTHER CAR),TRAFFIC SIGNAL,DAYLIGHT,CLEAR,DRY
13984,34981894,MONROE,Henrietta,3,,N,43.0714874,-77.5866606,10/27/13,10:48,PROPERTY DAMAGE AND INJURY,1,0,3,COLLISION WITH MOTOR VEHICLE,OTHER,NONE,DAYLIGHT,CLOUDY,DRY
13984,34981478,MONROE,Rochester,1,,N,43.1434318,-77.5751251,10/17/13,9:17,PROPERTY DAMAGE AND INJURY,1,0,2,COLLISION WITH MOTOR VEHICLE,REAR END,TRAFFIC SIGNAL,DAYLIGHT,CLOUDY,DRY
13984,35337027,MONROE,Greece,3,,Y,43.2072470,-77.6791739,7/18/14,14:51,PROPERTY DAMAGE AND INJURY,3,0,3,COLLISION WITH MOTOR VEHICLE,OTHER,TRAFFIC SIGNAL,DAYLIGHT,CLEAR,DRY
13984,34703067,MONROE,Rochester,1,,Y,43.1792020,-77.6596120,3/21/13,9:00,PROPERTY DAMAGE AND INJURY,1,0,2,COLLISION WITH MOTOR VEHICLE,LEFT TURN (AGAINST OTHER CAR),TRAFFIC SIGNAL,DAYLIGHT,CLEAR,DRY
13984,34744738,MONROE,Rochester,1,,Y,43.1593576,-77.6467611,4/18/13,17:11,INJURY,1,0,2,COLLISION WITH MOTOR VEHICLE,OVERTAKING,NONE,DAYLIGHT,CLEAR,DRY
13984,34797891,MONROE,Pittsford,3, 65 43031125,Y,43.1078010,-77.5475070,6/4/13,16:24,PROPERTY DAMAGE AND INJURY,1,0,2,COLLISION WITH MOTOR VEHICLE,LEFT TURN (AGAINST OTHER CAR),STOP SIGN,DAYLIGHT,CLEAR,DRY
13984,35366454,MONROE,Rochester,1,,Y,43.1837240,-77.5993740,8/12/14,0:26,PROPERTY DAMAGE AND INJURY,1,0,2,COLLISION WITH MOTOR VEHICLE,RIGHT ANGLE,STOP SIGN,DARK-ROAD LIGHTED,CLEAR,DRY
13984,35415852,MONROE,Brighton,3, 15A43041123,Y,43.1004410,-77.6142160,9/29/14,11:52,PROPERTY DAMAGE AND INJURY,2,0,2,COLLISION WITH MOTOR VEHICLE,RIGHT ANGLE,TRAFFIC SIGNAL,DAYLIGHT,CLEAR,DRY
13984,34693807,MONROE,Greece,3,,Y,43.2237540,-77.6590430,3/13/13,13:48,INJURY,1,0,2,COLLISION WITH MOTOR VEHICLE,REAR END,NONE,DAYLIGHT,CLOUDY,DRY
13984,35453311,MONROE,Rochester,1,383 43012022,Y,43.1453850,-77.6135070,10/23/14,21:50,INJURY,1,0,2,COLLISION WITH MOTOR VEHICLE,OVERTAKING,NONE,DARK-ROAD LIGHTED,CLEAR,DRY
13984,35210952,MONROE,Scottsville,4,383 43011069,Y,43.0282230,-77.7431860,4/4/14,15:05,PROPERTY DAMAGE AND INJURY,2,0,2,COLLISION WITH MOTOR VEHICLE,REAR END,TRAFFIC SIGNAL,DAYLIGHT,RAIN,WET
13984,34958185,MONROE,Rochester,1,,N,43.1751830,-77.6249472,10/11/13,18:16,INJURY,1,0,1,COLLISION WITH BICYCLIST,OTHER,NONE,DAYLIGHT,CLEAR,DRY
13984,35133554,MONROE,Rochester,1,,N,43.1753677,-77.5953283,2/2/14,21:35,INJURY,1,0,1,COLLISION WITH PEDESTRIAN,OTHER,NONE,DARK-ROAD LIGHTED,CLEAR,DRY
13984,35220442,MONROE,Henrietta,3,,N,43.0400232,-77.6206655,4/10/14,21:19,PROPERTY DAMAGE AND INJURY,1,0,2,COLLISION WITH MOTOR VEHICLE,HEAD ON,NONE,DARK-ROAD UNLIGHTED,CLOUDY,DRY
13984,34813233,MONROE,Riga,3, 33 43031021,N,43.1023579,-77.8943332,6/11/13,18:16,PROPERTY DAMAGE AND INJURY,1,0,1,COLLISION WITH CURBING,OTHER,NONE,DAYLIGHT,CLOUDY,DRY
13984,35254318,MONROE,Chili,3, 33A43021106,Y,43.1077121,-77.7450247,5/9/14,10:56,PROPERTY DAMAGE AND INJURY,1,0,2,COLLISION WITH MOTOR VEHICLE,RIGHT ANGLE,TRAFFIC SIGNAL,DAYLIGHT,CLOUDY,DRY
13984,34882869,MONROE,Henrietta,3, 15 43031085,Y,43.0549090,-77.6541200,8/6/13,14:39,INJURY,1,0,2,COLLISION WITH MOTOR VEHICLE,REAR END,NONE,DAYLIGHT,CLEAR,DRY
13984,34766638,MONROE,Brighton,3,490I43023005,N,43.1393169,-77.5393547,5/10/13,14:18,PROPERTY DAMAGE AND INJURY,2,0,3,COLLISION WITH MOTOR VEHICLE,OTHER,NONE,DAYLIGHT,CLOUDY,DRY
13984,34703914,MONROE,Rochester,1,,Y,43.1309750,-77.6476750,3/1/13,18:26,INJURY,1,0,1,COLLISION WITH PEDESTRIAN,OTHER,STOP SIGN,DARK-ROAD LIGHTED,CLEAR,DRY
13984,35318858,MONROE,Ogden,3,,N,43.1489646,-77.7544856,6/24/14,13:45,PROPERTY DAMAGE AND INJURY,1,0,2,COLLISION WITH MOTOR VEHICLE,RIGHT ANGLE,NONE,DAYLIGHT,CLEAR,DRY
13984,35318773,MONROE,Chili,3,,N,43.0951217,-77.7983290,7/5/14,0:30,PROPERTY DAMAGE AND INJURY,1,0,1,COLLISION WITH GUIDE RAIL,OTHER,STOP SIGN,DARK-ROAD LIGHTED,CLEAR,DRY
13984,35175597,MONROE,Rochester,1,,N,43.2029758,-77.6485625,3/14/14,3:18,PROPERTY DAMAGE AND INJURY,1,0,2,COLLISION WITH MOTOR VEHICLE,REAR END,NONE,DARK-ROAD LIGHTED,CLEAR,SNOW/ICE
13984,35374160,MONROE,Rochester,1,,Y,43.1586369,-77.5998270,8/22/14,11:40,INJURY,1,0,1,COLLISION WITH BICYCLIST,OTHER,NONE,DAYLIGHT,CLOUDY,DRY
13984,35466088,MONROE,Henrietta,3,,N,43.0467355,-77.6101889,11/6/14,22:25,PROPERTY DAMAGE AND INJURY,1,0,1,COLLISION WITH DEER,OTHER,NONE,DARK-ROAD UNLIGHTED,RAIN,WET
13984,35525102,MONROE,Pittsford,3, 96 43051072,N,43.1097975,-77.5170633,12/23/14,14:48,PROPERTY DAMAGE AND INJURY,1,0,2,COLLISION WITH MOTOR VEHICLE,REAR END,NONE,DAYLIGHT,CLOUDY,WET
13984,35218301,UNKNOWN COUNTY,,0,,N,43.2022265,-77.6433603,4/6/14,15:27,PROPERTY DAMAGE AND INJURY,1,0,2,COLLISION WITH MOTOR VEHICLE,RIGHT ANGLE,NONE,DAYLIGHT,CLEAR,DRY
13984,35282608,MONROE,Penfield,3,404 43035052,Y,43.1834960,-77.5072850,5/30/14,13:36,PROPERTY DAMAGE AND INJURY,1,0,2,COLLISION WITH MOTOR VEHICLE,LEFT TURN (AGAINST OTHER CAR),NONE,DAYLIGHT,CLEAR,DRY
13984,35339234,MONROE,Pittsford,3, 31 43033032,Y,43.1004870,-77.5354740,7/24/14,10:32,INJURY,1,0,1,COLLISION WITH BICYCLIST,OTHER,TRAFFIC SIGNAL,DAYLIGHT,CLEAR,DRY
13984,34866204,MONROE,Rochester,1,,Y,43.1840650,-77.6137421,7/8/13,20:45,INJURY,1,0,1,COLLISION WITH BICYCLIST,OTHER,STOP SIGN,DUSK,CLEAR,DRY
13984,34682866,MONROE,Brighton,3, 15 43031122,Y,43.1042450,-77.6277900,3/4/13,16:26,INJURY,1,0,2,COLLISION WITH MOTOR VEHICLE,REAR END,TRAFFIC SIGNAL,DAYLIGHT,CLOUDY,DRY
13984,35306907,MONROE,Webster,3,,N,43.2482580,-77.4869130,6/26/14,15:46,INJURY,1,0,1,COLLISION WITH TREE,OTHER,NONE,DAYLIGHT,CLEAR,DRY
13984,35306905,MONROE,Spencerport,4,259 43011065,N,43.1859017,-77.8039605,6/26/14,6:55,INJURY,1,0,1,OTHER NON-COLLISION,OTHER,NONE,DAYLIGHT,CLEAR,DRY
13984,35306859,MONROE,Rochester,1,,N,43.1473518,-77.5876080,6/13/14,14:12,PROPERTY DAMAGE AND INJURY,2,0,3,COLLISION WITH MOTOR VEHICLE,OTHER,NONE,DAYLIGHT,CLEAR,DRY
13984,34840897,MONROE,Brighton,3,390I43031137,Y,43.1094033,-77.6084885,7/5/13,16:42,INJURY,2,0,2,COLLISION WITH GUIDE RAIL,OVERTAKING,NONE,DAYLIGHT,RAIN,WET
13984,34905315,MONROE,Gates,3, 31 43031174,Y,43.1695350,-77.7015490,8/26/13,15:30,INJURY,1,0,1,COLLISION WITH BICYCLIST,OTHER,TRAFFIC SIGNAL,DAYLIGHT,RAIN,WET
13984,34712491,MONROE,Perinton,3,,N,43.0482524,-77.4731498,3/29/13,0:26,PROPERTY DAMAGE AND INJURY,1,0,1,COLL. W/LIGHT SUPPORT/UTILITY POLE,OTHER,NONE,DARK-ROAD UNLIGHTED,CLOUDY,DRY
13984,35042004,MONROE,Henrietta,3,390I43031104,N,43.0761480,-77.6268280,12/10/13,18:30,PROPERTY DAMAGE AND INJURY,1,0,2,COLLISION WITH MOTOR VEHICLE,REAR END,NONE,DARK-ROAD LIGHTED,SNOW,SNOW/ICE
13984,35078591,MONROE,Sweden,3,,N,43.2136349,-77.9681464,1/10/14,8:35,PROPERTY DAMAGE AND INJURY,1,0,1,COLLISION WITH GUIDE RAIL,OTHER,NONE,DAYLIGHT,SNOW,SLUSH
13984,35159556,MONROE,Brighton,3,,Y,43.1317030,-77.5902270,3/1/14,23:28,INJURY,1,0,1,COLLISION WITH PEDESTRIAN,OTHER,NONE,DARK-ROAD UNLIGHTED,SNOW,WET
13984,35159555,MONROE,Pittsford,3, 65 43031111,Y,43.0872710,-77.5426350,1/23/14,18:38,PROPERTY DAMAGE AND INJURY,1,0,2,COLLISION WITH MOTOR VEHICLE,REAR END,TRAFFIC SIGNAL,DARK-ROAD LIGHTED,SNOW,SNOW/ICE
13984,35159517,MONROE,Henrietta,3, 15 43031114,N,43.0938661,-77.6331556,2/26/14,17:47,INJURY,1,0,2,COLLISION WITH MOTOR VEHICLE,REAR END,NONE,DAYLIGHT,CLEAR,DRY
13984,34699895,MONROE,Webster,3,,N,43.2136534,-77.4749628,3/17/13,7:58,PROPERTY DAMAGE AND INJURY,1,0,2,COLLISION WITH MOTOR VEHICLE,HEAD ON,NONE,DAYLIGHT,SNOW,WET
13984,35398997,MONROE,Rochester,1,,Y,43.1612350,-77.5880260,9/14/14,19:44,INJURY,1,0,1,COLLISION WITH BICYCLIST,OTHER,TRAFFIC SIGNAL,DARK-ROAD LIGHTED,CLEAR,DRY
13984,34890618,MONROE,Irondequoit,3,,Y,43.2065210,-77.6086320,8/16/13,9:18,INJURY,1,0,1,COLLISION WITH OTHER FIXED OBJECT,OTHER,NONE,DAYLIGHT,CLEAR,DRY
13984,34796487,MONROE,Henrietta,3,,N,43.0866044,-77.5819336,5/31/13,7:50,PROPERTY DAMAGE AND INJURY,1,0,2,COLLISION WITH MOTOR VEHICLE,RIGHT ANGLE,NONE,DAYLIGHT,CLEAR,DRY
13984,34869118,MONROE,Perinton,3,250 43011013,N,43.0540056,-77.4423737,7/25/13,18:38,INJURY,1,0,1,COLLISION WITH BICYCLIST,OTHER,NONE,DAYLIGHT,CLEAR,DRY
13984,35515135,MONROE,Hamlin,3, 19 43041111,N,43.2885568,-77.9209624,12/13/14,17:36,PROPERTY DAMAGE AND INJURY,1,0,3,COLLISION WITH MOTOR VEHICLE,OTHER,NONE,DARK-ROAD LIGHTED,CLOUDY,DRY
13984,34916781,MONROE,Penfield,3,441 43011033,N,43.1290370,-77.4777300,9/4/13,16:18,PROPERTY DAMAGE AND INJURY,1,0,3,COLLISION WITH MOTOR VEHICLE,OTHER,NONE,DAYLIGHT,CLEAR,DRY
13984,34731512,MONROE,Rochester,1,,Y,43.1642830,-77.6093330,4/4/13,14:40,PROPERTY DAMAGE AND INJURY,1,0,4,COLLISION WITH MOTOR VEHICLE,OTHER,NONE,DAYLIGHT,CLEAR,DRY
13984,35422122,MONROE,Irondequoit,3,941B43011006,Y,43.1767710,-77.5449270,10/5/14,15:52,INJURY,1,0,2,COLLISION WITH MOTOR VEHICLE,RIGHT ANGLE,TRAFFIC SIGNAL,DAYLIGHT,RAIN,WET
13984,35436177,MONROE,Rochester,1,,Y,43.1523860,-77.6314990,10/8/14,22:00,INJURY,1,0,1,COLLISION WITH PEDESTRIAN,OTHER,STOP SIGN,DARK-ROAD LIGHTED,UNKNOWN,UNKNOWN
13984,34779252,MONROE,Webster,3,,N,43.2154140,-77.4465880,5/19/13,14:40,INJURY,2,0,2,COLLISION WITH MOTOR VEHICLE,RIGHT ANGLE,TRAFFIC SIGNAL,DAYLIGHT,CLEAR,DRY
13984,35137084,MONROE,Perinton,3,250 43011011,N,43.0521112,-77.4443659,1/25/14,13:42,PROPERTY DAMAGE AND INJURY,1,0,2,COLLISION WITH MOTOR VEHICLE,OTHER,NONE,DAYLIGHT,CLEAR,DRY
13984,34717556,MONROE,Rochester,1,104 43032036,N,43.1929311,-77.5937345,4/1/13,18:13,INJURY,1,0,2,COLLISION WITH MOTOR VEHICLE,OVERTAKING,NONE,DAYLIGHT,CLEAR,DRY
13984,35156934,MONROE,Chili,3,,N,43.1139948,-77.7515398,2/25/14,9:46,PROPERTY DAMAGE AND INJURY,1,0,1,COLLISION WITH TREE,OTHER,NONE,DAYLIGHT,CLOUDY,SNOW/ICE
13984,35329561,MONROE,Rochester,1,940M43011020,Y,43.1938350,-77.6290010,7/15/14,15:33,INJURY,1,0,1,COLLISION WITH BICYCLIST,OTHER,TRAFFIC SIGNAL,DAYLIGHT,CLEAR,DRY
13984,35502751,MONROE,Penfield,3,,N,43.1910591,-77.5048228,10/18/14,12:30,PROPERTY DAMAGE AND INJURY,1,0,2,COLLISION WITH MOTOR VEHICLE,RIGHT ANGLE,NONE,DAYLIGHT,RAIN,WET
13984,35156832,MONROE,Rochester,1,940M43011009,N,43.1775339,-77.6310272,2/25/14,2:20,PROPERTY DAMAGE AND INJURY,1,0,1,COLL. W/LIGHT SUPPORT/UTILITY POLE,OTHER,NONE,DARK-ROAD LIGHTED,SNOW,SNOW/ICE
13984,35091443,MONROE,Parma,3,,N,43.2950380,-77.7752685,1/4/14,1:00,INJURY,1,0,1,OTHER NON-COLLISION,OTHER,NONE,DARK-ROAD UNLIGHTED,CLOUDY,WET
13984,35322473,MONROE,Rochester,1,,Y,43.1656640,-77.6270261,7/1/14,9:45,PROPERTY DAMAGE AND INJURY,1,0,2,COLLISION WITH MOTOR VEHICLE,RIGHT ANGLE,STOP SIGN,DAYLIGHT,CLEAR,DRY
13984,35400669,MONROE,Rochester,1,,Y,43.1516304,-77.5705654,9/14/14,19:33,INJURY,2,0,2,COLLISION WITH MOTOR VEHICLE,REAR END,TRAFFIC SIGNAL,DARK-ROAD LIGHTED,CLEAR,DRY
13984,35400668,MONROE,Rochester,1,,Y,43.1838600,-77.5770479,8/18/14,18:29,PROPERTY DAMAGE AND INJURY,2,0,2,COLLISION WITH MOTOR VEHICLE,SIDESWIPE,NONE,DAYLIGHT,CLEAR,DRY
13984,35390932,MONROE,Gates,3,390 43011003,N,43.1614075,-77.6815372,8/28/14,16:02,PROPERTY DAMAGE AND INJURY,1,0,2,COLLISION WITH MOTOR VEHICLE,REAR END,NONE,DAYLIGHT,CLEAR,DRY
13984,35039565,MONROE,Brighton,3,,N,43.1091868,-77.6677207,12/11/13,12:05,PROPERTY DAMAGE AND INJURY,1,0,1,COLL. W/LIGHT SUPPORT/UTILITY POLE,OTHER,NONE,DAYLIGHT,CLOUDY,WET
13984,35039561,MONROE,Brighton,3,,Y,43.1334540,-77.5838860,12/12/13,17:42,PROPERTY DAMAGE AND INJURY,1,0,1,COLLISION WITH TREE,OTHER,NONE,DARK-ROAD LIGHTED,SNOW,SNOW/ICE
13984,34792566,MONROE,Rochester,1,,Y,43.1821920,-77.5915290,5/21/13,22:59,PROPERTY DAMAGE AND INJURY,1,0,2,COLLISION WITH MOTOR VEHICLE,OVERTAKING,NONE,DARK-ROAD LIGHTED,CLOUDY,WET
13984,35453042,MONROE,Rochester,1,,Y,43.1984740,-77.5615860,11/2/14,18:22,INJURY,1,0,1,COLLISION WITH PEDESTRIAN,OTHER,NONE,DARK-ROAD LIGHTED,CLOUDY,DRY
13984,35337043,MONROE,Rochester,1,,N,43.2335863,-77.5547804,7/19/14,18:01,PROPERTY DAMAGE AND INJURY,4,0,4,COLLISION WITH MOTOR VEHICLE,OTHER,NONE,DAYLIGHT,CLEAR,DRY
13984,34785042,MONROE,Irondequoit,3,104 43035030,N,43.1768320,-77.5427410,5/22/13,13:49,INJURY,1,0,1,COLLISION WITH BICYCLIST,OTHER,TRAFFIC SIGNAL,DAYLIGHT,CLOUDY,DRY
13984,35039362,MONROE,Greece,3,,Y,43.2310480,-77.6394130,11/29/13,16:46,PROPERTY DAMAGE AND INJURY,1,0,2,COLLISION WITH MOTOR VEHICLE,RIGHT ANGLE,STOP SIGN,DUSK,CLEAR,WET
13984,35192356,MONROE,Rochester,1,,N,43.1612187,-77.6421362,2/12/14,23:27,PROPERTY DAMAGE AND INJURY,1,0,2,COLLISION WITH MOTOR VEHICLE,OTHER,OTHER,DARK-ROAD LIGHTED,CLOUDY,SNOW/ICE
13984,35038095,MONROE,Irondequoit,3,,Y,43.2011780,-77.5964429,12/10/13,19:44,PROPERTY DAMAGE AND INJURY,1,0,1,COLLISION WITH TREE,OTHER,NONE,DARK-ROAD UNLIGHTED,SNOW,SNOW/ICE
13984,34925840,MONROE,Rochester,1,,Y,43.1820700,-77.5866810,9/4/13,11:19,PROPERTY DAMAGE AND INJURY,1,0,2,COLLISION WITH MOTOR VEHICLE,REAR END,STOP SIGN,DAYLIGHT,CLEAR,DRY
13984,35037997,MONROE,Greece,3,,Y,43.2314160,-77.7163400,12/6/13,10:27,PROPERTY DAMAGE AND INJURY,1,0,2,COLLISION WITH MOTOR VEHICLE,RIGHT ANGLE,TRAFFIC SIGNAL,DAYLIGHT,CLOUDY,DRY
13984,35256258,MONROE,Rochester,1,,N,43.1800360,-77.6010360,5/6/14,12:18,INJURY,1,0,2,COLLISION WITH MOTOR VEHICLE,OTHER,NONE,DAYLIGHT,CLEAR,DRY
13984,34991244,MONROE,Henrietta,3,252 43011065,N,43.0905932,-77.6455440,11/1/13,16:22,PROPERTY DAMAGE AND INJURY,1,0,2,COLLISION WITH MOTOR VEHICLE,RIGHT ANGLE,NONE,DAYLIGHT,CLOUDY,DRY
13984,35280679,MONROE,Rochester,1,590 43011011,N,43.1577361,-77.5390627,5/27/14,16:57,PROPERTY DAMAGE AND INJURY,1,0,1,COLLISION WITH GUIDE RAIL,OTHER,NONE,DAYLIGHT,CLEAR,DRY
13984,34859591,MONROE,Irondequoit,3,,Y,43.2103650,-77.6086640,7/11/13,16:15,INJURY,1,0,1,COLLISION WITH BICYCLIST,OTHER,STOP SIGN,DAYLIGHT,CLEAR,DRY
13984,34906736,MONROE,Parma,3,947A43021108,N,43.3362844,-77.7900872,8/29/13,9:22,PROPERTY DAMAGE AND INJURY,2,0,2,COLLISION WITH MOTOR VEHICLE,RIGHT ANGLE,STOP SIGN,DAYLIGHT,CLEAR,DRY
13984,35223782,MONROE,Ogden,3, 36 43031152,Y,43.1866660,-77.8542610,4/12/14,14:05,FATAL,1,1,3,COLLISION WITH MOTOR VEHICLE,OTHER,TRAFFIC SIGNAL,DAYLIGHT,CLEAR,DRY
13984,35183858,UNKNOWN COUNTY,,0,,N,43.2035542,-77.6546127,3/11/14,21:07,INJURY,1,0,2,COLLISION WITH MOTOR VEHICLE,REAR END,TRAFFIC SIGNAL,DARK-ROAD LIGHTED,CLOUDY,DRY
13984,34768846,MONROE,Brighton,3, 15 43031115,Y,43.0949930,-77.6325800,5/12/13,17:13,INJURY,1,0,2,COLLISION WITH MOTOR VEHICLE,LEFT TURN (AGAINST OTHER CAR),NONE,DAYLIGHT,RAIN,WET
13984,34804006,MONROE,Rochester,1,,Y,43.1927985,-77.6388731,6/5/13,11:40,PROPERTY DAMAGE AND INJURY,2,0,2,COLLISION WITH MOTOR VEHICLE,REAR END,NONE,DAYLIGHT,CLEAR,DRY
13984,35219110,MONROE,Rochester,1,,N,43.1812280,-77.5763020,4/11/14,17:06,INJURY,1,0,1,COLLISION WITH BICYCLIST,OTHER,NONE,DAYLIGHT,CLEAR,DRY
13984,35032740,MONROE,Rochester,1,,N,43.1547828,-77.5945506,12/6/13,12:29,PROPERTY DAMAGE AND INJURY,1,0,3,COLLISION WITH MOTOR VEHICLE,OTHER,NONE,DAYLIGHT,CLOUDY,DRY
13984,34916483,MONROE,Brighton,3,,N,43.1267942,-77.5174987,9/8/13,7:21,PROPERTY DAMAGE AND INJURY,1,0,1,COLL. W/LIGHT SUPPORT/UTILITY POLE,OTHER,NONE,DAYLIGHT,CLOUDY,WET
13984,34779150,MONROE,Greece,3,,Y,43.2088978,-77.6900996,5/16/13,21:34,INJURY,2,0,2,COLLISION WITH MOTOR VEHICLE,REAR END,TRAFFIC SIGNAL,DARK-ROAD LIGHTED,CLEAR,DRY
13984,34825602,MONROE,Webster,3,,N,43.2109431,-77.4611824,6/17/13,16:17,INJURY,1,0,2,COLLISION WITH MOTOR VEHICLE,REAR END,NONE,DAYLIGHT,CLEAR,DRY