QUERYID,CASE #,REGN_CNTY_CDE,Municipality,MUNITYPE,REF_MRKR,ATINTERSECTION_IND,Lat,Long,,Time,Crash Type,Injuries,Fatalities,Number of Vehicles,ACCD_TYP,COLLISION_TYP,TRAF_CNTL,Light Condition,Weather Condition,Road Surface Condition
13984,34942107,MONROE,Greece,3,,Y,43.2237540,-77.6590430,8/20/13,10:40,INJURY,1,0,1,COLLISION WITH PEDESTRIAN,OTHER,TRAFFIC SIGNAL,DAYLIGHT,CLEAR,DRY
13984,34929671,MONROE,Rochester,1, 31 43032009,Y,43.1646540,-77.6581780,9/3/13,11:01,PROPERTY DAMAGE AND INJURY,1,0,2,COLLISION WITH MOTOR VEHICLE,LEFT TURN (AGAINST OTHER CAR),NONE,DAYLIGHT,CLOUDY,DRY
13984,35225272,MONROE,Chili,3,,Y,43.1067060,-77.7132390,4/15/14,7:45,PROPERTY DAMAGE AND INJURY,1,0,2,COLLISION WITH MOTOR VEHICLE,RIGHT ANGLE,STOP SIGN,DAYLIGHT,RAIN,WET
13984,34903309,MONROE,Rochester,1,,N,43.1431360,-77.5752760,8/16/13,8:30,PROPERTY DAMAGE AND INJURY,2,0,2,COLLISION WITH MOTOR VEHICLE,RIGHT ANGLE,TRAFFIC SIGNAL,DAYLIGHT,CLEAR,DRY
13984,34914014,MONROE,Mendon,3, 15A43041021,Y,42.9733128,-77.6178962,8/25/13,12:14,PROPERTY DAMAGE AND INJURY,1,0,1,COLLISION WITH SIGN POST,OTHER,NONE,DAYLIGHT,CLEAR,DRY
13984,35335766,MONROE,Greece,3,,Y,43.2364340,-77.6791390,7/19/14,23:46,INJURY,1,0,2,COLLISION WITH MOTOR VEHICLE,REAR END,NONE,DARK-ROAD LIGHTED,CLEAR,DRY
13984,35121514,MONROE,Brighton,3,,Y,43.1015750,-77.5654059,2/4/14,16:30,INJURY,1,0,1,COLLISION WITH BICYCLIST,OTHER,NONE,DAYLIGHT,CLOUDY,DRY
13984,35335732,MONROE,Rochester,1,,N,43.1709925,-77.6020878,7/20/14,16:22,PROPERTY DAMAGE AND INJURY,2,0,2,COLLISION WITH MOTOR VEHICLE,REAR END,NONE,DAYLIGHT,CLEAR,DRY
13984,34984995,MONROE,Penfield,3,441 43011034,N,43.1299702,-77.4762226,10/29/13,20:00,INJURY,1,0,2,COLLISION WITH MOTOR VEHICLE,RIGHT ANGLE,NONE,DARK-ROAD LIGHTED,CLOUDY,DRY
13984,35005251,MONROE,Rochester,1,,Y,43.1773340,-77.5952510,11/3/13,0:10,PROPERTY DAMAGE AND INJURY,1,0,2,COLLISION WITH MOTOR VEHICLE,RIGHT ANGLE,STOP SIGN,DARK-ROAD LIGHTED,CLOUDY,WET
13984,35400673,MONROE,Rochester,1,,Y,43.1427960,-77.6289690,8/20/14,23:00,INJURY,1,0,1,COLLISION WITH BICYCLIST,OTHER,NONE,DARK-ROAD LIGHTED,CLEAR,DRY
13984,34707410,MONROE,Rochester,1,,N,43.1423107,-77.6031545,3/24/13,16:59,PROPERTY DAMAGE AND INJURY,3,0,2,COLLISION WITH MOTOR VEHICLE,HEAD ON,NONE,DAYLIGHT,CLEAR,DRY
13984,35523481,MONROE,Rochester,1,,Y,43.1842290,-77.5607770,12/21/14,9:31,PROPERTY DAMAGE AND INJURY,1,0,2,COLLISION WITH MOTOR VEHICLE,RIGHT ANGLE,STOP SIGN,DAYLIGHT,CLEAR,DRY
13984,35406701,MONROE,Rochester,1,490I43022045,N,43.1418609,-77.5940933,9/4/14,17:31,PROPERTY DAMAGE AND INJURY,4,0,8,COLLISION WITH MOTOR VEHICLE,OTHER,NONE,DAYLIGHT,CLOUDY,DRY
13984,35260488,MONROE,Rochester,1,,Y,43.1408640,-77.6360169,5/12/14,21:30,INJURY,2,0,2,COLLISION WITH MOTOR VEHICLE,LEFT TURN (AGAINST OTHER CAR),TRAFFIC SIGNAL,DARK-ROAD LIGHTED,CLEAR,DRY
13984,35159645,MONROE,Gates,3,390 43011001,N,43.1581430,-77.6794090,2/28/14,8:32,PROPERTY DAMAGE AND INJURY,1,0,2,COLLISION WITH MOTOR VEHICLE,REAR END,NONE,DAYLIGHT,CLEAR,SNOW/ICE
13984,35159618,MONROE,Henrietta,3,,N,43.0761480,-77.6268280,2/21/14,22:15,PROPERTY DAMAGE AND INJURY,1,0,2,COLLISION WITH MOTOR VEHICLE,LEFT TURN (AGAINST OTHER CAR),TRAFFIC SIGNAL,DARK-ROAD LIGHTED,CLEAR,DRY
13984,34906311,MONROE,Rochester,1,,Y,43.1449330,-77.5742500,8/28/13,15:34,INJURY,2,0,4,COLLISION WITH MOTOR VEHICLE,OTHER,NONE,DAYLIGHT,CLEAR,DRY
13984,35440875,MONROE,Irondequoit,3,,N,43.2099135,-77.5428766,10/15/14,15:13,PROPERTY DAMAGE AND INJURY,1,0,1,COLLISION WITH GUIDERAIL - END,OTHER,NONE,DAYLIGHT,RAIN,WET
13984,34906808,MONROE,Greece,3, 18 43031178,N,43.2530488,-77.6997223,8/22/13,9:55,INJURY,1,0,1,COLLISION WITH PEDESTRIAN,OTHER,NONE,DAYLIGHT,CLEAR,DRY
13984,35237295,MONROE,Rochester,1,,N,43.1864097,-77.6160529,4/19/14,13:12,INJURY,1,0,1,COLLISION WITH PEDESTRIAN,OTHER,NONE,DAYLIGHT,CLEAR,DRY
13984,35404939,MONROE,Rochester,1, 96 43052023,N,43.1538188,-77.5895838,9/20/14,1:50,INJURY,1,0,1,COLLISION WITH BICYCLIST,OTHER,NONE,DARK-ROAD LIGHTED,CLEAR,DRY
13984,35439708,MONROE,Wheatland,3,,N,43.0299674,-77.8621063,10/20/14,12:35,PROPERTY DAMAGE AND INJURY,1,0,1,COLLISION WITH OTHER,OTHER,NONE,DAYLIGHT,CLOUDY,DRY
13984,35237154,MONROE,Gates,3,386 43011121,Y,43.1747690,-77.7323590,4/27/14,15:26,PROPERTY DAMAGE AND INJURY,2,0,1,COLLISION WITH TREE,OTHER,TRAFFIC SIGNAL,DAYLIGHT,CLOUDY,DRY
13984,34702917,MONROE,Chili,3,252 43011018,Y,43.0939160,-77.7333300,3/15/13,9:35,INJURY,1,0,2,COLLISION WITH MOTOR VEHICLE,RIGHT ANGLE,FLASHING LIGHT,DAYLIGHT,SNOW,WET
13984,35381684,MONROE,Brighton,3,590I43011025,N,43.1086487,-77.5582052,8/26/14,17:24,PROPERTY DAMAGE AND INJURY,1,0,4,COLLISION WITH MOTOR VEHICLE,OTHER,NONE,DAYLIGHT,CLEAR,DRY
13984,35386434,MONROE,Spencerport,4,259 43011070,N,43.1930300,-77.8005529,8/29/14,10:04,INJURY,1,0,2,COLLISION WITH MOTOR VEHICLE,REAR END,OTHER,DAYLIGHT,CLOUDY,DRY
13984,34752686,MONROE,Rochester,1, 96 43052027,Y,43.1557580,-77.5972600,4/27/13,18:21,INJURY,1,0,1,COLLISION WITH BICYCLIST,OTHER,TRAFFIC SIGNAL,DAYLIGHT,CLEAR,DRY
13984,35024994,MONROE,Brighton,3, 15 43031127,Y,43.1118240,-77.6238730,12/1/13,20:55,PROPERTY DAMAGE AND INJURY,1,0,2,COLLISION WITH MOTOR VEHICLE,REAR END,TRAFFIC SIGNAL,DARK-ROAD LIGHTED,RAIN,WET
13984,35428460,MONROE,Greece,3,,Y,43.2081770,-77.6854460,9/25/14,13:00,INJURY,1,0,1,COLLISION WITH PEDESTRIAN,OTHER,TRAFFIC SIGNAL,DAYLIGHT,CLEAR,DRY
13984,34776741,MONROE,Chili,3, 33A43021114,N,43.1134396,-77.7332718,5/1/13,22:50,PROPERTY DAMAGE AND INJURY,4,0,2,COLLISION WITH MOTOR VEHICLE,HEAD ON,NONE,DARK-ROAD LIGHTED,CLEAR,DRY
13984,35024965,MONROE,Chili,3, 33A43021106,N,43.1072262,-77.7459907,11/29/13,13:27,PROPERTY DAMAGE AND INJURY,1,0,2,COLLISION WITH MOTOR VEHICLE,REAR END,NONE,DAYLIGHT,CLEAR,WET
13984,35406382,MONROE,Clarkson,3,104 43031058,Y,43.2253630,-77.8901500,9/21/14,20:30,PROPERTY DAMAGE AND INJURY,1,0,2,COLLISION WITH MOTOR VEHICLE,REAR END,TRAFFIC SIGNAL,DARK-ROAD LIGHTED,CLEAR,DRY
13984,35400473,MONROE,Brighton,3,590 43011002,N,43.1447008,-77.5435685,9/9/14,9:20,PROPERTY DAMAGE AND INJURY,1,0,3,COLLISION WITH MOTOR VEHICLE,OTHER,NONE,DAYLIGHT,CLEAR,DRY
13984,35500673,MONROE,Hamlin,3,,N,43.3079246,-77.8234293,11/30/14,17:38,PROPERTY DAMAGE AND INJURY,1,0,1,COLLISION WITH SIGN POST,OTHER,NONE,DARK-ROAD UNLIGHTED,CLOUDY,DRY
13984,35500672,MONROE,Brighton,3, 15A43041128,N,43.1078220,-77.6159310,12/5/14,15:19,PROPERTY DAMAGE AND INJURY,1,0,2,COLLISION WITH MOTOR VEHICLE,LEFT TURN (WITH OTHER CAR),TRAFFIC SIGNAL,DAYLIGHT,CLOUDY,DRY
13984,34754033,MONROE,Brighton,3, 15 43031126,Y,43.1101900,-77.6247610,4/30/13,17:47,PROPERTY DAMAGE AND INJURY,2,0,3,COLLISION WITH MOTOR VEHICLE,OTHER,TRAFFIC SIGNAL,DAYLIGHT,CLOUDY,DRY
13984,35192327,MONROE,Rochester,1,,N,43.1659518,-77.6334025,3/19/14,15:05,INJURY,1,0,2,COLLISION WITH MOTOR VEHICLE,REAR END,NONE,DAYLIGHT,CLEAR,DRY
13984,35486782,MONROE,Rochester,1,,Y,43.1559900,-77.5819820,11/23/14,9:48,PROPERTY DAMAGE AND INJURY,2,0,2,COLLISION WITH MOTOR VEHICLE,RIGHT ANGLE,STOP SIGN,DAYLIGHT,CLOUDY,WET
13984,35486771,MONROE,Rochester,1,,N,43.1513680,-77.5712880,11/21/14,14:57,INJURY,1,0,2,COLLISION WITH MOTOR VEHICLE,HEAD ON,NONE,DAYLIGHT,CLEAR,SNOW/ICE
13984,34784824,MONROE,Rochester,1, 96 43052030,Y,43.1570580,-77.6023750,5/20/13,19:45,PROPERTY DAMAGE AND INJURY,2,0,3,COLLISION WITH MOTOR VEHICLE,OTHER,TRAFFIC SIGNAL,DAYLIGHT,CLEAR,DRY
13984,35397495,MONROE,Rochester,1,,Y,43.1840840,-77.5683810,9/4/14,12:03,INJURY,1,0,2,COLLISION WITH MOTOR VEHICLE,RIGHT ANGLE,STOP SIGN,DAYLIGHT,CLEAR,DRY
13984,35433653,MONROE,Irondequoit,3,,N,43.1964440,-77.5767859,10/13/14,17:31,INJURY,2,0,2,COLLISION WITH MOTOR VEHICLE,LEFT TURN (AGAINST OTHER CAR),TRAFFIC SIGNAL,DAYLIGHT,CLOUDY,DRY
13984,35186492,MONROE,Rochester,1,,Y,43.1494400,-77.5531060,2/5/14,7:15,PROPERTY DAMAGE AND INJURY,1,0,2,COLLISION WITH MOTOR VEHICLE,REAR END,UNKNOWN,UNKNOWN,UNKNOWN,UNKNOWN
13984,34938959,MONROE,Penfield,3,250 43011073,N,43.1409089,-77.4410028,9/24/13,2:25,INJURY,1,0,1,COLLISION WITH TREE,OTHER,NONE,DARK-ROAD UNLIGHTED,CLOUDY,DRY
13984,35150027,UNKNOWN COUNTY,,0,,N,43.1805969,-77.6074081,2/20/14,15:16,PROPERTY DAMAGE AND INJURY,1,0,3,COLLISION WITH MOTOR VEHICLE,OTHER,NONE,DAYLIGHT,CLOUDY,WET
13984,35448291,MONROE,Rochester,1,,N,43.1583470,-77.6305886,10/23/14,12:37,INJURY,1,0,1,COLLISION WITH PEDESTRIAN,OTHER,NONE,DAYLIGHT,CLOUDY,DRY
13984,35017382,MONROE,Chili,3,,N,43.1037775,-77.7322938,11/22/13,16:14,PROPERTY DAMAGE AND INJURY,1,0,3,COLLISION WITH MOTOR VEHICLE,OTHER,NONE,DAYLIGHT,RAIN,WET
13984,35244014,MONROE,Rochester,1,383 43012014,Y,43.1372020,-77.6256830,4/27/14,19:12,INJURY,1,0,1,COLLISION WITH BICYCLIST,OTHER,TRAFFIC SIGNAL,DAYLIGHT,CLEAR,DRY
13984,34847670,MONROE,Hilton,4,,N,43.2907534,-77.7912696,7/11/13,20:35,INJURY,1,0,1,COLLISION WITH PEDESTRIAN,OTHER,NONE,DAYLIGHT,CLEAR,DRY
13984,35098027,MONROE,Pittsford,3,,N,43.0464280,-77.5686868,1/2/14,18:59,PROPERTY DAMAGE AND INJURY,1,0,2,COLLISION WITH MOTOR VEHICLE,RIGHT TURN (AGAINST OTHER CAR),NONE,DARK-ROAD UNLIGHTED,SNOW,SNOW/ICE
13984,34962157,MONROE,Rochester,1,,Y,43.1838920,-77.5760709,10/12/13,21:04,INJURY,1,0,2,COLLISION WITH MOTOR VEHICLE,REAR END,NONE,DARK-ROAD LIGHTED,CLEAR,DRY
13984,35237289,MONROE,Rochester,1,,Y,43.1794270,-77.6199420,4/15/14,12:36,PROPERTY DAMAGE AND INJURY,2,0,2,COLLISION WITH MOTOR VEHICLE,RIGHT ANGLE,STOP SIGN,DAYLIGHT,SNOW,WET
13984,35236646,MONROE,Rochester,1,,Y,43.1824800,-77.6032021,4/26/14,23:38,INJURY,1,0,1,COLLISION WITH BICYCLIST,OTHER,STOP SIGN,DARK-ROAD LIGHTED,RAIN,WET
13984,34960292,MONROE,Rochester,1,,N,43.1556286,-77.5973219,9/25/13,21:30,INJURY,1,0,1,COLLISION WITH BICYCLIST,OTHER,NONE,DARK-ROAD LIGHTED,CLEAR,DRY
13984,34766127,MONROE,Hamlin,3, 19 43041118,N,43.2979146,-77.9208570,5/5/13,14:37,INJURY,1,0,1,COLLISION WITH PEDESTRIAN,OTHER,NONE,DAYLIGHT,CLEAR,DRY
13984,34715356,MONROE,Brighton,3,,Y,43.1221500,-77.5680270,4/1/13,13:49,PROPERTY DAMAGE AND INJURY,1,0,1,COLLISION WITH BICYCLIST,OTHER,NONE,DAYLIGHT,CLOUDY,DRY
13984,34684648,MONROE,Rochester,1, 18 43032010,Y,43.2040700,-77.6386910,3/1/13,21:17,PROPERTY DAMAGE AND INJURY,2,0,2,COLLISION WITH MOTOR VEHICLE,RIGHT ANGLE,STOP SIGN,DARK-ROAD LIGHTED,SNOW,SNOW/ICE
13984,35543678,MONROE,Penfield,3,286 43011033,N,43.1535114,-77.4771232,12/30/14,1:26,PROPERTY DAMAGE AND INJURY,2,0,1,COLL. W/LIGHT SUPPORT/UTILITY POLE,OTHER,NONE,DARK-ROAD LIGHTED,SNOW,SNOW/ICE
13984,34918006,MONROE,Rochester,1,,N,43.1850813,-77.6388816,9/7/13,18:13,PROPERTY DAMAGE AND INJURY,1,0,1,COLLISION WITH SIGN POST,OTHER,TRAFFIC SIGNAL,DAYLIGHT,CLOUDY,WET
13984,35356717,MONROE,Rochester,1,,Y,43.1713050,-77.5694490,7/26/14,2:15,INJURY,1,0,1,COLLISION WITH PEDESTRIAN,OTHER,NONE,DARK-ROAD LIGHTED,UNKNOWN,UNKNOWN
13984,34821951,MONROE,Perinton,3,250 43011052,N,43.1106819,-77.4417641,6/18/13,23:50,PROPERTY DAMAGE AND INJURY,1,0,2,COLLISION WITH MOTOR VEHICLE,LEFT TURN (AGAINST OTHER CAR),NO PASSING ZONE,DARK-ROAD LIGHTED,CLEAR,DRY
13984,34823435,MONROE,Pittsford,4,252 43011130,Y,43.0865150,-77.5181280,6/11/13,8:48,INJURY,1,0,2,COLLISION WITH MOTOR VEHICLE,REAR END,TRAFFIC SIGNAL,DAYLIGHT,CLEAR,DRY
13984,35005243,MONROE,Rochester,1,,N,43.1518797,-77.5716407,11/6/13,14:09,PROPERTY DAMAGE AND INJURY,1,0,2,COLLISION WITH MOTOR VEHICLE,OTHER,NONE,DAYLIGHT,CLEAR,DRY
13984,34913809,MONROE,Rochester,1,,N,43.1626726,-77.5672560,9/6/13,17:20,PROPERTY DAMAGE AND INJURY,3,0,2,COLLISION WITH MOTOR VEHICLE,RIGHT ANGLE,NONE,DAYLIGHT,CLEAR,DRY
13984,35184120,MONROE,Rochester,1, 96 43052024,Y,43.1544286,-77.5919715,3/18/14,16:55,INJURY,1,0,1,COLLISION WITH BICYCLIST,OTHER,STOP SIGN,DAYLIGHT,CLEAR,DRY
13984,35527696,MONROE,Gates,3,,N,43.1560312,-77.7167362,12/23/14,14:35,PROPERTY DAMAGE AND INJURY,1,0,2,COLLISION WITH MOTOR VEHICLE,REAR END,FLASHING LIGHT,DAYLIGHT,CLOUDY,DRY
13984,35241831,MONROE,Riga,3, 33A43021015,N,43.0689350,-77.9066841,4/30/14,1:27,PROPERTY DAMAGE AND INJURY,1,0,1,COLL. W/LIGHT SUPPORT/UTILITY POLE,OTHER,NONE,DARK-ROAD UNLIGHTED,CLOUDY,DRY
13984,35168732,MONROE,Brighton,3,490I43023014,N,43.1303601,-77.5256648,3/5/14,16:20,INJURY,1,0,1,COLLISION WITH GUIDE RAIL,OTHER,NONE,DAYLIGHT,CLOUDY,WET
13984,35002029,MONROE,Gates,3,531 43011003,N,43.1601516,-77.7469438,11/12/13,22:07,PROPERTY DAMAGE AND INJURY,1,0,1,COLLISION WITH DEER,OTHER,NONE,DARK-ROAD UNLIGHTED,SNOW,SNOW/ICE
13984,34786410,MONROE,Greece,3,,Y,43.1869140,-77.7015110,5/17/13,18:50,INJURY,1,0,1,COLLISION WITH PEDESTRIAN,OTHER,OTHER,DAYLIGHT,CLEAR,DRY
13984,34878047,MONROE,Rochester,1,,Y,43.1709920,-77.5809160,8/3/13,12:33,PROPERTY DAMAGE AND INJURY,1,0,2,COLLISION WITH MOTOR VEHICLE,RIGHT ANGLE,STOP SIGN,DAYLIGHT,CLEAR,DRY
13984,35000689,MONROE,Chili,3,383 43011102,Y,43.0664902,-77.7065956,10/20/13,2:38,FATAL,0,1,1,COLLISION WITH TREE,OTHER,NONE,DARK-ROAD LIGHTED,CLEAR,DRY
13984,35047493,MONROE,Rochester,1,490I43022055,N,43.1432246,-77.5742196,12/16/13,17:10,INJURY,1,0,3,COLLISION WITH MOTOR VEHICLE,OTHER,NONE,DARK-ROAD LIGHTED,CLOUDY,WET
13984,35236817,MONROE,Brighton,3, 15 43031122,N,43.1039872,-77.6279177,4/22/14,17:00,INJURY,1,0,2,COLLISION WITH MOTOR VEHICLE,REAR END,TRAFFIC SIGNAL,DAYLIGHT,RAIN,WET
13984,34913949,MONROE,Perinton,3, 31 43033102,N,43.0644837,-77.4091193,9/6/13,17:15,PROPERTY DAMAGE AND INJURY,1,0,2,COLLISION WITH MOTOR VEHICLE,RIGHT ANGLE,NONE,DAYLIGHT,CLEAR,DRY
13984,35115801,MONROE,Pittsford,3, 31 43033055,N,43.0829125,-77.4971825,1/29/14,15:12,INJURY,1,0,2,COLLISION WITH MOTOR VEHICLE,REAR END,TRAFFIC SIGNAL,DAYLIGHT,CLEAR,DRY
13984,34760924,MONROE,Henrietta,3,390I43031102,N,43.0743390,-77.6299095,5/3/13,1:58,PROPERTY DAMAGE AND INJURY,1,0,3,COLLISION WITH MOTOR VEHICLE,OTHER,HIGHWAY WORK AREA,DARK-ROAD LIGHTED,CLOUDY,DRY
13984,34813510,MONROE,Rochester,1,,Y,43.1792020,-77.6596120,6/9/13,21:49,PROPERTY DAMAGE AND INJURY,1,0,2,COLLISION WITH MOTOR VEHICLE,RIGHT ANGLE,TRAFFIC SIGNAL,DARK-ROAD LIGHTED,CLEAR,DRY
13984,35521698,MONROE,Greece,3,,N,43.2086765,-77.6489230,12/14/14,17:26,INJURY,1,0,1,COLLISION WITH PEDESTRIAN,OTHER,NONE,DARK-ROAD LIGHTED,RAIN,WET
13984,34764340,MONROE,Rochester,1,490I43022013,N,43.1572090,-77.6479376,5/1/13,17:27,INJURY,1,0,2,COLLISION WITH MOTOR VEHICLE,REAR END,NONE,DAYLIGHT,CLEAR,DRY
13984,34936801,MONROE,Mendon,3, 15A43041012,N,42.9603576,-77.6201840,9/20/13,14:21,PROPERTY DAMAGE AND INJURY,1,0,2,COLLISION WITH MOTOR VEHICLE,LEFT TURN (AGAINST OTHER CAR),STOP SIGN,DAYLIGHT,CLEAR,DRY
13984,34805754,MONROE,Rochester,1,,Y,43.1539070,-77.5976890,6/5/13,8:06,INJURY,1,0,1,COLLISION WITH BICYCLIST,OTHER,STOP SIGN,DAYLIGHT,CLEAR,DRY
13984,34720397,MONROE,Brighton,3, 15 43031121,N,43.1034968,-77.6281605,3/26/13,10:59,INJURY,1,0,2,COLLISION WITH MOTOR VEHICLE,REAR END,NONE,DAYLIGHT,CLOUDY,DRY
13984,34756837,MONROE,Rochester,1,,N,43.1714796,-77.5623245,4/30/13,21:26,PROPERTY DAMAGE AND INJURY,1,0,2,COLLISION WITH MOTOR VEHICLE,REAR END,NONE,DARK-ROAD LIGHTED,CLEAR,DRY
13984,34962203,MONROE,Gates,3,386 43011121,Y,43.1747690,-77.7323590,10/15/13,14:22,PROPERTY DAMAGE AND INJURY,2,0,2,COLLISION WITH MOTOR VEHICLE,HEAD ON,TRAFFIC SIGNAL,DAYLIGHT,CLOUDY,DRY
13984,35437386,MONROE,Rochester,1,490I43022068,N,43.1433849,-77.5487786,10/18/14,10:46,INJURY,1,0,1,COLLISION WITH GUIDE RAIL,OTHER,NONE,DAYLIGHT,RAIN,WET
13984,35233058,MONROE,Pittsford,3,,Y,43.0776520,-77.5312388,4/22/14,16:09,PROPERTY DAMAGE AND INJURY,1,0,2,COLLISION WITH MOTOR VEHICLE,LEFT TURN (WITH OTHER CAR),NONE,DAYLIGHT,CLOUDY,WET
13984,35145104,MONROE,Brockport,4, 19 43041054,Y,43.2091630,-77.9404281,2/18/14,16:08,PROPERTY DAMAGE AND INJURY,1,0,3,COLLISION WITH MOTOR VEHICLE,OTHER,TRAFFIC SIGNAL,DAYLIGHT,CLEAR,WET
13984,35499574,MONROE,Greece,3,,Y,43.2051890,-77.6662890,11/28/14,17:13,INJURY,1,0,2,COLLISION WITH MOTOR VEHICLE,REAR END,TRAFFIC SIGNAL,DARK-ROAD LIGHTED,CLEAR,DRY
13984,35195338,MONROE,Greece,3,,Y,43.2021500,-77.6980350,3/19/14,13:10,PROPERTY DAMAGE AND INJURY,1,0,3,COLLISION WITH MOTOR VEHICLE,OTHER,TRAFFIC SIGNAL,DAYLIGHT,CLEAR,DRY
13984,34863187,MONROE,Rochester,1,,Y,43.1835670,-77.6198560,6/30/13,11:55,INJURY,1,0,1,COLLISION WITH BICYCLIST,OTHER,UNKNOWN,UNKNOWN,UNKNOWN,UNKNOWN
13984,35002034,MONROE,East Rochester,4,,Y,43.1136970,-77.4878619,6/14/13,17:13,INJURY,1,0,1,COLLISION WITH PEDESTRIAN,OTHER,TRAFFIC SIGNAL,DAYLIGHT,CLEAR,DRY
13984,34981914,MONROE,Gates,3,386 43011109,N,43.1571450,-77.7323842,10/29/13,7:15,PROPERTY DAMAGE AND INJURY,1,0,2,COLLISION WITH MOTOR VEHICLE,RIGHT ANGLE,TRAFFIC SIGNAL,DAWN,CLEAR,DRY
13984,35221455,MONROE,Rochester,1,,Y,43.1751800,-77.6045450,4/13/14,20:43,INJURY,1,0,2,COLLISION WITH MOTOR VEHICLE,RIGHT ANGLE,STOP SIGN,DARK-ROAD LIGHTED,CLEAR,DRY
13984,34772126,MONROE,Rochester,1,,N,43.1864555,-77.6136036,5/5/13,18:59,INJURY,2,0,3,COLLISION WITH MOTOR VEHICLE,OTHER,NONE,DAYLIGHT,CLEAR,DRY
13984,34927182,MONROE,Perinton,3, 96 43051007,Y,43.0395850,-77.4581180,9/16/13,11:48,INJURY,1,0,2,COLLISION WITH MOTOR VEHICLE,REAR END,TRAFFIC SIGNAL,DAYLIGHT,RAIN,WET
13984,35268767,MONROE,Chili,3,,Y,43.1154065,-77.7293453,5/23/14,13:30,PROPERTY DAMAGE AND INJURY,2,0,2,COLLISION WITH MOTOR VEHICLE,RIGHT ANGLE,STOP SIGN,DAYLIGHT,CLOUDY,DRY
13984,34702216,MONROE,Rochester,1, 31 43032027,Y,43.1589740,-77.6264230,3/18/13,14:30,INJURY,1,0,2,COLLISION WITH MOTOR VEHICLE,REAR END,NONE,DAYLIGHT,CLOUDY,DRY
13984,35277544,MONROE,Greece,3,390 43011035,N,43.2055531,-77.6761782,5/30/14,17:00,PROPERTY DAMAGE AND INJURY,1,0,4,COLLISION WITH MOTOR VEHICLE,OTHER,NONE,DAYLIGHT,CLEAR,DRY
13984,35309543,MONROE,Irondequoit,3,,N,43.2075462,-77.6007949,6/28/14,13:00,PROPERTY DAMAGE AND INJURY,3,0,2,COLLISION WITH MOTOR VEHICLE,REAR END,TRAFFIC SIGNAL,DAYLIGHT,CLEAR,DRY
13984,34989110,MONROE,Greece,3,104 43031155,Y,43.2101480,-77.7033860,11/2/13,13:13,PROPERTY DAMAGE AND INJURY,2,0,3,COLLISION WITH MOTOR VEHICLE,OTHER,TRAFFIC SIGNAL,DAYLIGHT,RAIN,WET
13984,34936715,MONROE,Greece,3,,N,43.2308468,-77.6777668,9/21/13,15:52,PROPERTY DAMAGE AND INJURY,1,0,3,COLLISION WITH MOTOR VEHICLE,OTHER,TRAFFIC SIGNAL,DAYLIGHT,RAIN,WET
13984,34876879,MONROE,Henrietta,3,252 43011092,Y,43.0870740,-77.5928191,7/31/13,13:27,PROPERTY DAMAGE AND INJURY,2,0,2,COLLISION WITH MOTOR VEHICLE,REAR END,TRAFFIC SIGNAL,DAYLIGHT,CLEAR,DRY
13984,35434244,MONROE,Rochester,1,,Y,43.1792710,-77.6457440,10/11/14,21:51,PROPERTY DAMAGE AND INJURY,1,0,2,COLLISION WITH MOTOR VEHICLE,RIGHT ANGLE,NONE,DARK-ROAD LIGHTED,CLEAR,DRY
13984,35090154,MONROE,Rochester,1,,N,43.1405408,-77.5967199,1/13/14,18:02,INJURY,1,0,1,COLLISION WITH PEDESTRIAN,OTHER,NONE,DARK-ROAD LIGHTED,CLEAR,DRY
13984,35411013,MONROE,Henrietta,3,,N,43.0751703,-77.6276923,9/19/14,22:19,INJURY,1,0,2,COLLISION WITH MOTOR VEHICLE,REAR END,NONE,DARK-ROAD LIGHTED,CLOUDY,DRY
13984,35510359,MONROE,Brighton,3, 15A43041128,N,43.1080070,-77.6159370,8/4/14,12:07,PROPERTY DAMAGE AND INJURY,1,0,2,COLLISION WITH MOTOR VEHICLE,RIGHT ANGLE,TRAFFIC SIGNAL,DAYLIGHT,CLEAR,DRY
13984,34699897,MONROE,Webster,4,,Y,43.2197541,-77.4191559,3/18/13,12:17,PROPERTY DAMAGE AND INJURY,5,0,2,COLLISION WITH MOTOR VEHICLE,REAR END,TRAFFIC SIGNAL,DAYLIGHT,CLOUDY,DRY
13984,35282636,MONROE,Gates,3, 33 43031124,Y,43.1486890,-77.7052600,6/7/14,14:41,PROPERTY DAMAGE AND INJURY,1,0,2,COLLISION WITH MOTOR VEHICLE,RIGHT ANGLE,TRAFFIC SIGNAL,DAYLIGHT,CLEAR,DRY
13984,35380701,MONROE,Clarkson,3,104 43031050,N,43.2288807,-77.9051632,8/29/14,10:04,INJURY,1,0,1,COLLISION WITH BICYCLIST,OTHER,NONE,DAYLIGHT,CLEAR,DRY