QUERYID,CASE #,REGN_CNTY_CDE,Municipality,MUNITYPE,REF_MRKR,ATINTERSECTION_IND,Lat,Long,,Time,Crash Type,Injuries,Fatalities,Number of Vehicles,ACCD_TYP,COLLISION_TYP,TRAF_CNTL,Light Condition,Weather Condition,Road Surface Condition
13984,34755921,MONROE,Rochester,1,383 43012027,N,43.1532116,-77.6114523,4/19/13,8:50,PROPERTY DAMAGE AND INJURY,1,0,2,COLLISION WITH MOTOR VEHICLE,UNKNOWN,NONE,DAYLIGHT,CLEAR,DRY
13984,34695428,MONROE,Greece,3,,Y,43.1904180,-77.6860630,3/14/13,9:25,PROPERTY DAMAGE AND INJURY,3,0,2,COLLISION WITH MOTOR VEHICLE,RIGHT ANGLE,TRAFFIC SIGNAL,DAYLIGHT,CLOUDY,WET
13984,35321780,MONROE,Brighton,3,441 43011105,Y,43.1280044,-77.5214074,7/10/14,12:23,PROPERTY DAMAGE AND INJURY,1,0,2,COLLISION WITH MOTOR VEHICLE,REAR END,TRAFFIC SIGNAL,DAYLIGHT,CLEAR,DRY
13984,35338559,MONROE,Rochester,1,940M43011000,Y,43.1646390,-77.6232511,7/19/14,19:33,PROPERTY DAMAGE AND INJURY,2,0,2,COLLISION WITH MOTOR VEHICLE,RIGHT ANGLE,TRAFFIC SIGNAL,DUSK,RAIN,WET
13984,34821940,MONROE,Pittsford,4, 31 43033042,N,43.0921969,-77.5191205,6/16/13,23:57,PROPERTY DAMAGE AND INJURY,1,0,1,COLL. W/LIGHT SUPPORT/UTILITY POLE,OTHER,NONE,DARK-ROAD LIGHTED,CLOUDY,DRY
13984,34975741,MONROE,Penfield,3,,N,43.1251737,-77.5135240,10/16/13,9:33,PROPERTY DAMAGE AND INJURY,2,0,2,COLLISION WITH MOTOR VEHICLE,HEAD ON,NO PASSING ZONE,DAYLIGHT,RAIN,WET
13984,34715377,MONROE,Rochester,1,,Y,43.2358470,-77.6238190,3/30/13,22:57,PROPERTY DAMAGE AND INJURY,1,0,2,COLLISION WITH MOTOR VEHICLE,REAR END,NONE,DARK-ROAD LIGHTED,CLEAR,DRY
13984,34885721,UNKNOWN COUNTY,,0,,N,43.1810066,-77.6286613,7/2/13,22:13,PROPERTY DAMAGE AND INJURY,1,0,2,COLLISION WITH MOTOR VEHICLE,REAR END,TRAFFIC SIGNAL,DARK-ROAD LIGHTED,RAIN,WET
13984,35311524,MONROE,Rochester,1,,N,43.2019928,-77.6331869,5/14/14,0:32,PROPERTY DAMAGE AND INJURY,2,0,1,COLLISION WITH OTHER BARRIER,OTHER,OTHER,DARK-ROAD LIGHTED,CLOUDY,WET
13984,35023582,MONROE,Rochester,1,,N,43.1471852,-77.6005327,11/27/13,17:51,PROPERTY DAMAGE AND INJURY,1,0,1,COLLISION WITH SIGN POST,OTHER,OTHER,DARK-ROAD LIGHTED,SNOW,WET
13984,34715355,MONROE,Brighton,3,390I43031133,N,43.1077620,-77.6014494,3/31/13,18:48,PROPERTY DAMAGE AND INJURY,1,0,1,COLLISION WITH GUIDE RAIL,OTHER,NONE,DUSK,RAIN,WET
13984,34770742,MONROE,Rochester,1,,Y,43.1657100,-77.5728920,4/30/13,8:47,INJURY,1,0,3,COLLISION WITH MOTOR VEHICLE,OTHER,STOP SIGN,DAYLIGHT,CLEAR,DRY
13984,35477696,MONROE,Riga,3, 33 43031056,Y,43.1167100,-77.8283320,11/19/14,7:12,INJURY,1,0,3,COLLISION WITH MOTOR VEHICLE,OTHER,NONE,DAYLIGHT,CLOUDY,WET
13984,34927142,MONROE,Henrietta,3,,Y,43.0830070,-77.6306160,9/16/13,13:26,PROPERTY DAMAGE AND INJURY,1,0,2,COLLISION WITH MOTOR VEHICLE,OVERTAKING,NONE,DAYLIGHT,RAIN,WET
13984,34927121,MONROE,Ogden,3,,N,43.1284435,-77.7607169,9/17/13,8:15,PROPERTY DAMAGE AND INJURY,1,0,2,COLLISION WITH MOTOR VEHICLE,RIGHT ANGLE,NONE,DAYLIGHT,CLEAR,DRY
13984,35220341,MONROE,Irondequoit,3,,N,43.2043556,-77.5572926,4/10/14,9:15,PROPERTY DAMAGE AND INJURY,1,0,2,COLLISION WITH MOTOR VEHICLE,RIGHT ANGLE,TRAFFIC SIGNAL,DAYLIGHT,CLOUDY,DRY
13984,35426874,MONROE,Hamlin,3,947A43021054,N,43.3499784,-77.8937549,10/10/14,5:13,INJURY,1,0,1,COLLISION WITH GUIDE RAIL,OTHER,NONE,DARK-ROAD UNLIGHTED,CLEAR,DRY
13984,35489124,MONROE,Brighton,3,590I43011034,N,43.1207959,-77.5533911,11/20/14,17:21,INJURY,1,0,4,COLLISION WITH MOTOR VEHICLE,OTHER,NONE,DARK-ROAD LIGHTED,CLOUDY,WET
13984,34754074,MONROE,Rochester,1,,Y,43.1301330,-77.6108911,4/21/13,14:15,PROPERTY DAMAGE AND INJURY,2,0,2,COLLISION WITH MOTOR VEHICLE,RIGHT ANGLE,TRAFFIC SIGNAL,DAYLIGHT,CLEAR,DRY
13984,35023578,MONROE,Rochester,1,,Y,43.1543990,-77.6030860,11/1/13,7:46,PROPERTY DAMAGE AND INJURY,1,0,2,COLLISION WITH MOTOR VEHICLE,RIGHT ANGLE,TRAFFIC SIGNAL,DAYLIGHT,CLEAR,DRY
13984,34709097,MONROE,Honeoye Falls,4, 65 43031010,Y,42.9557500,-77.5891310,3/26/13,20:57,PROPERTY DAMAGE AND INJURY,2,0,2,COLLISION WITH MOTOR VEHICLE,RIGHT ANGLE,STOP SIGN,DARK-ROAD LIGHTED,CLEAR,DRY
13984,35525858,MONROE,Greece,3, 18 43031226,Y,43.2239740,-77.6418071,12/23/14,20:30,PROPERTY DAMAGE AND INJURY,5,0,3,COLLISION WITH MOTOR VEHICLE,OTHER,TRAFFIC SIGNAL,DARK-ROAD LIGHTED,CLEAR,DRY
13984,35385269,MONROE,Greece,3,,N,43.2395467,-77.7237749,8/3/14,5:08,PROPERTY DAMAGE AND INJURY,1,0,1,COLLISION WITH TREE,OTHER,NONE,DARK-ROAD LIGHTED,CLEAR,DRY
13984,34788423,MONROE,Rochester,1,490I43022006,N,43.1573155,-77.6607829,5/28/13,7:55,PROPERTY DAMAGE AND INJURY,1,0,2,COLLISION WITH MOTOR VEHICLE,REAR END,NONE,DAYLIGHT,CLOUDY,DRY
13984,34780981,MONROE,Gates,3,,N,43.1267320,-77.6892051,5/22/13,2:31,INJURY,1,0,1,COLLISION WITH TREE,OTHER,NONE,DARK-ROAD UNLIGHTED,CLEAR,WET
13984,35468516,MONROE,Brighton,3,,N,43.0947243,-77.6144535,11/13/14,10:27,PROPERTY DAMAGE AND INJURY,2,0,2,COLLISION WITH MOTOR VEHICLE,OVERTAKING,NONE,DAYLIGHT,CLOUDY,DRY
13984,35439280,MONROE,Rochester,1,,N,43.1958380,-77.5613879,10/20/14,15:20,INJURY,1,0,1,COLLISION WITH PEDESTRIAN,OTHER,TRAFFIC SIGNAL,DAYLIGHT,CLOUDY,DRY
13984,34941390,MONROE,Greece,3,,Y,43.2237260,-77.6659345,8/28/13,22:55,INJURY,1,0,1,COLLISION WITH BICYCLIST,OTHER,NONE,DARK-ROAD LIGHTED,CLOUDY,DRY
13984,35276353,MONROE,Rochester,1,940M43011020,Y,43.1938350,-77.6290010,5/31/14,23:42,PROPERTY DAMAGE AND INJURY,1,0,2,COLLISION WITH MOTOR VEHICLE,RIGHT ANGLE,TRAFFIC SIGNAL,DARK-ROAD LIGHTED,CLEAR,DRY
13984,35198850,MONROE,Brighton,3,,N,43.1011612,-77.5792981,3/29/14,19:11,PROPERTY DAMAGE AND INJURY,2,0,2,COLLISION WITH MOTOR VEHICLE,HEAD ON,NONE,DARK-ROAD LIGHTED,SLEET/HAIL/FREEZING RAIN,SNOW/ICE
13984,34712755,MONROE,Parma,3,261 43011026,Y,43.2539530,-77.7510610,3/26/13,19:09,PROPERTY DAMAGE AND INJURY,1,0,1,COLLISION WITH TREE,OTHER,TRAFFIC SIGNAL,DAYLIGHT,CLOUDY,DRY
13984,35083014,MONROE,Gates,3,390 43011010,N,43.1710027,-77.6833025,1/7/14,22:00,PROPERTY DAMAGE AND INJURY,1,0,1,COLLISION WITH GUIDE RAIL,OTHER,NONE,DARK-ROAD LIGHTED,CLEAR,SNOW/ICE
13984,35230108,MONROE,Penfield,3,441 43011052,Y,43.1308270,-77.4413170,4/21/14,7:15,PROPERTY DAMAGE AND INJURY,1,0,3,COLLISION WITH MOTOR VEHICLE,OTHER,TRAFFIC SIGNAL,DAYLIGHT,CLEAR,DRY
13984,34719811,MONROE,Honeoye Falls,4,,N,42.9534299,-77.5955889,4/2/13,8:13,PROPERTY DAMAGE AND INJURY,1,0,2,COLLISION WITH MOTOR VEHICLE,RIGHT ANGLE,NONE,DAYLIGHT,CLEAR,DRY
13984,35198034,MONROE,Brighton,3,590I43011031,N,43.1160190,-77.5516975,3/20/14,10:00,PROPERTY DAMAGE AND INJURY,1,0,1,COLLISION WITH GUIDE RAIL,OTHER,NONE,DAYLIGHT,CLOUDY,DRY
13984,35082989,MONROE,Rochester,1,,Y,43.1792120,-77.6590790,1/10/14,14:29,INJURY,1,0,2,COLLISION WITH MOTOR VEHICLE,REAR END,TRAFFIC SIGNAL,DAYLIGHT,CLOUDY,WET
13984,35015638,MONROE,Henrietta,3, 15 43031082,N,43.0515347,-77.6559114,11/20/13,20:25,PROPERTY DAMAGE AND INJURY,1,0,2,COLLISION WITH MOTOR VEHICLE,REAR END,NONE,DARK-ROAD LIGHTED,CLEAR,DRY
13984,35359519,MONROE,Spencerport,4,259 43011064,N,43.1849097,-77.8040314,8/10/14,10:50,PROPERTY DAMAGE AND INJURY,3,0,2,COLLISION WITH MOTOR VEHICLE,LEFT TURN (AGAINST OTHER CAR),NONE,DAYLIGHT,CLEAR,DRY
13984,35010426,MONROE,Rochester,1, 15 43032008,Y,43.1247350,-77.6174570,11/14/13,18:31,PROPERTY DAMAGE AND INJURY,2,0,2,COLLISION WITH MOTOR VEHICLE,LEFT TURN (AGAINST OTHER CAR),TRAFFIC SIGNAL,DARK-ROAD LIGHTED,CLEAR,DRY
13984,35515156,MONROE,Brighton,3,,N,43.1256162,-77.5926902,12/17/14,16:50,PROPERTY DAMAGE AND INJURY,2,0,2,COLLISION WITH MOTOR VEHICLE,LEFT TURN (WITH OTHER CAR),NONE,DARK-ROAD LIGHTED,CLOUDY,WET
13984,35190393,MONROE,Irondequoit,3,404 43035032,N,43.1769207,-77.5402139,3/18/14,11:40,PROPERTY DAMAGE AND INJURY,1,0,2,COLLISION WITH MOTOR VEHICLE,REAR END,TRAFFIC SIGNAL,DAYLIGHT,CLEAR,DRY
13984,35282546,MONROE,Webster,3,404 43035095,N,43.2110149,-77.4396759,6/5/14,15:17,PROPERTY DAMAGE AND INJURY,2,0,2,COLLISION WITH MOTOR VEHICLE,REAR END,NONE,DAYLIGHT,CLOUDY,DRY
13984,35046050,MONROE,Rochester,1,,N,43.1939120,-77.6594650,12/15/13,16:30,INJURY,2,0,3,COLLISION WITH MOTOR VEHICLE,OTHER,TRAFFIC SIGNAL,DARK-ROAD LIGHTED,SNOW,SNOW/ICE
13984,34691266,MONROE,Brighton,3, 15 43031120,N,43.1016744,-77.6290963,3/12/13,12:46,PROPERTY DAMAGE AND INJURY,2,0,3,COLLISION WITH MOTOR VEHICLE,OTHER,NONE,DAYLIGHT,CLOUDY,DRY
13984,35239164,MONROE,Greece,3,,Y,43.2311450,-77.6531960,4/10/14,11:48,PROPERTY DAMAGE AND INJURY,1,0,3,COLLISION WITH MOTOR VEHICLE,OTHER,NONE,DAYLIGHT,CLEAR,DRY
13984,35280671,MONROE,Brighton,3,490I43023015,N,43.1293170,-77.5249620,6/2/14,12:46,INJURY,1,0,2,COLLISION WITH MOTOR VEHICLE,REAR END,TRAFFIC SIGNAL,DAYLIGHT,CLEAR,DRY
13984,35412835,MONROE,Brighton,3, 31 43033014,Y,43.1202410,-77.5577010,9/24/14,19:25,FATAL,0,1,1,COLLISION WITH PEDESTRIAN,OTHER,NONE,DUSK,CLEAR,DRY
13984,34785583,MONROE,Mendon,3,251 43011195,N,42.9917062,-77.6023542,5/25/13,12:47,PROPERTY DAMAGE AND INJURY,1,0,1,COLLISION WITH DEER,OTHER,NONE,DAYLIGHT,CLEAR,DRY
13984,35412222,MONROE,Rochester,1,,Y,43.1861060,-77.5995239,9/25/14,11:17,PROPERTY DAMAGE AND INJURY,1,0,3,COLLISION WITH MOTOR VEHICLE,OTHER,NONE,DAYLIGHT,CLEAR,DRY
13984,35282705,MONROE,Rochester,1,,Y,43.1793120,-77.6394599,6/6/14,17:36,INJURY,2,0,2,COLLISION WITH MOTOR VEHICLE,REAR END,TRAFFIC SIGNAL,DAYLIGHT,CLEAR,DRY
13984,35536935,MONROE,Rochester,1, 31 43032021,Y,43.1646230,-77.6339510,12/28/14,22:35,INJURY,1,0,2,COLLISION WITH MOTOR VEHICLE,RIGHT TURN (AGAINST OTHER CAR),TRAFFIC SIGNAL,DARK-ROAD LIGHTED,CLEAR,DRY
13984,34821194,MONROE,Brighton,3,,N,43.1161192,-77.5967101,6/18/13,17:27,PROPERTY DAMAGE AND INJURY,1,0,2,COLLISION WITH MOTOR VEHICLE,REAR END,NONE,DAYLIGHT,CLEAR,DRY
13984,34833240,MONROE,Gates,3,390I43037007,N,43.1395120,-77.6680260,5/20/13,8:16,PROPERTY DAMAGE AND INJURY,1,0,2,COLLISION WITH MOTOR VEHICLE,UNKNOWN,NONE,DAYLIGHT,CLEAR,DRY
13984,35431162,MONROE,Henrietta,3,,Y,43.0585890,-77.6605800,10/8/14,17:30,INJURY,1,0,2,COLLISION WITH MOTOR VEHICLE,SIDESWIPE,NONE,DAYLIGHT,CLEAR,DRY
13984,35306946,MONROE,Brighton,3,,N,43.1006259,-77.5795761,6/26/14,17:19,PROPERTY DAMAGE AND INJURY,1,0,3,COLLISION WITH MOTOR VEHICLE,OTHER,NONE,DAYLIGHT,CLEAR,DRY
13984,34743471,MONROE,Rochester,1,,Y,43.1804640,-77.6136420,4/15/13,20:30,PROPERTY DAMAGE AND INJURY,1,0,2,COLLISION WITH MOTOR VEHICLE,RIGHT ANGLE,TRAFFIC SIGNAL,DARK-ROAD LIGHTED,CLEAR,DRY
13984,35306910,MONROE,Ogden,3, 33 43031093,N,43.1373634,-77.7645290,6/25/14,12:55,PROPERTY DAMAGE AND INJURY,1,0,2,COLLISION WITH MOTOR VEHICLE,REAR END,NONE,DAYLIGHT,CLOUDY,WET
13984,34792543,MONROE,Rochester,1, 31 43032025,N,43.1608202,-77.6289524,5/30/13,22:05,INJURY,1,0,1,COLLISION WITH PEDESTRIAN,OTHER,NONE,DARK-ROAD LIGHTED,CLEAR,DRY
13984,35392969,MONROE,Parma,3,104 43031088,N,43.2212096,-77.8317875,8/16/14,12:33,PROPERTY DAMAGE AND INJURY,1,0,2,COLLISION WITH MOTOR VEHICLE,REAR END,NONE,DAYLIGHT,CLEAR,DRY
13984,35260609,MONROE,Pittsford,3, 31 43033029,N,43.1036832,-77.5392102,5/14/14,15:50,INJURY,1,0,2,COLLISION WITH MOTOR VEHICLE,REAR END,TRAFFIC SIGNAL,DAYLIGHT,CLOUDY,DRY
13984,35140327,MONROE,Brighton,3,590 43011011,N,43.1576025,-77.5390199,2/15/14,23:29,PROPERTY DAMAGE AND INJURY,1,0,3,COLLISION WITH MOTOR VEHICLE,OTHER,NONE,DARK-ROAD LIGHTED,SNOW,SNOW/ICE
13984,35192349,MONROE,Rochester,1,383 43012018,Y,43.1426320,-77.6192739,3/21/14,18:07,INJURY,1,0,1,COLLISION WITH PEDESTRIAN,OTHER,TRAFFIC SIGNAL,DAYLIGHT,CLEAR,DRY
13984,35119093,MONROE,Rochester,1,,N,43.1345996,-77.6128849,2/3/14,7:48,PROPERTY DAMAGE AND INJURY,1,0,1,COLLISION WITH TREE,OTHER,NONE,DAYLIGHT,SLEET/HAIL/FREEZING RAIN,SNOW/ICE
13984,35409519,MONROE,Greece,3,,N,43.2060380,-77.6716110,9/9/14,13:58,PROPERTY DAMAGE AND INJURY,1,0,2,COLLISION WITH MOTOR VEHICLE,OVERTAKING,NONE,DAYLIGHT,CLOUDY,DRY
13984,34813350,MONROE,Brighton,3,,Y,43.1373080,-77.5453610,6/15/13,21:51,PROPERTY DAMAGE AND INJURY,2,0,2,COLLISION WITH MOTOR VEHICLE,HEAD ON,NO PASSING ZONE,DARK-ROAD UNLIGHTED,CLOUDY,DRY
13984,35293116,MONROE,Greece,3,947A43021135,N,43.3297223,-77.7384813,6/12/14,5:26,PROPERTY DAMAGE AND INJURY,1,0,1,COLLISION WITH DEER,OTHER,NONE,DAWN,RAIN,WET
13984,34939609,MONROE,Rochester,1,,Y,43.1751800,-77.6045450,9/22/13,15:48,PROPERTY DAMAGE AND INJURY,1,0,2,COLLISION WITH MOTOR VEHICLE,RIGHT ANGLE,STOP SIGN,DAYLIGHT,CLEAR,DRY
13984,34794482,MONROE,Greece,3,,Y,43.2088978,-77.6900996,5/16/13,13:15,INJURY,1,0,2,COLLISION WITH MOTOR VEHICLE,REAR END,TRAFFIC SIGNAL,DAYLIGHT,CLEAR,DRY
13984,35425085,MONROE,Greece,3,,Y,43.2027192,-77.6961659,10/3/14,16:15,PROPERTY DAMAGE AND INJURY,1,0,2,COLLISION WITH MOTOR VEHICLE,OTHER,NONE,DAYLIGHT,CLOUDY,DRY
13984,35003798,MONROE,Chili,3, 33A43021123,N,43.1190298,-77.7173935,11/13/13,15:53,INJURY,1,0,2,COLLISION WITH MOTOR VEHICLE,REAR END,NONE,DAYLIGHT,CLOUDY,DRY
13984,34752596,MONROE,Greece,3,104 43031143,N,43.2128878,-77.7238981,4/27/13,10:29,PROPERTY DAMAGE AND INJURY,1,0,2,COLLISION WITH MOTOR VEHICLE,REAR END,TRAFFIC SIGNAL,DAYLIGHT,CLEAR,DRY
13984,35023555,MONROE,Rochester,1,,Y,43.1708040,-77.6008060,11/30/13,10:40,PROPERTY DAMAGE AND INJURY,1,0,3,COLLISION WITH MOTOR VEHICLE,OTHER,TRAFFIC SIGNAL,DAYLIGHT,CLEAR,DRY
13984,34722157,MONROE,Rochester,1,,N,43.1374118,-77.5973831,4/5/13,20:15,INJURY,2,0,2,COLLISION WITH BUILDING/WALL,OTHER,NONE,DARK-ROAD LIGHTED,CLEAR,DRY
13984,35371052,MONROE,Rochester,1,,Y,43.1615016,-77.6274346,7/27/14,4:15,INJURY,1,0,1,COLLISION WITH CURBING,OTHER,NONE,DARK-ROAD LIGHTED,RAIN,WET
13984,35445141,MONROE,Brighton,3,441 43011102,N,43.1291480,-77.5249395,9/5/14,0:00,PROPERTY DAMAGE AND INJURY,1,0,1,COLLISION WITH OTHER FIXED OBJECT,OTHER,UNKNOWN,UNKNOWN,UNKNOWN,UNKNOWN
13984,35385256,MONROE,Brockport,4, 19 43041058,Y,43.2155470,-77.9384850,8/17/14,11:21,PROPERTY DAMAGE AND INJURY,2,0,3,COLLISION WITH OTHER,OTHER,NONE,DAYLIGHT,CLOUDY,DRY
13984,35176613,MONROE,Rochester,1,490I43022004,N,43.1576571,-77.6644992,3/14/14,17:02,PROPERTY DAMAGE AND INJURY,1,0,3,COLLISION WITH MOTOR VEHICLE,OTHER,NONE,DAYLIGHT,CLOUDY,DRY
13984,35023075,MONROE,Penfield,3,441 43011043,Y,43.1311682,-77.4593425,11/20/13,17:13,PROPERTY DAMAGE AND INJURY,1,0,3,COLLISION WITH MOTOR VEHICLE,OTHER,NONE,DARK-ROAD LIGHTED,CLEAR,DRY
13984,34915353,MONROE,Rochester,1,,Y,43.1855280,-77.5917410,8/12/13,4:12,PROPERTY DAMAGE AND INJURY,1,0,2,COLLISION WITH MOTOR VEHICLE,OVERTAKING,NONE,DARK-ROAD LIGHTED,CLEAR,DRY
13984,35068936,MONROE,Gates,3,,N,43.1698093,-77.7015463,12/31/13,9:10,PROPERTY DAMAGE AND INJURY,1,0,2,COLLISION WITH MOTOR VEHICLE,LEFT TURN (AGAINST OTHER CAR),NONE,DAYLIGHT,SNOW,WET
13984,35083026,MONROE,Brighton,3,441 43011101,N,43.1290492,-77.5273229,1/9/14,15:44,INJURY,1,0,2,COLLISION WITH MOTOR VEHICLE,REAR END,NO PASSING ZONE,DAYLIGHT,CLOUDY,DRY
13984,35280658,MONROE,Rochester,1,,Y,43.1811230,-77.6251860,5/11/14,18:52,INJURY,1,0,2,COLLISION WITH MOTOR VEHICLE,LEFT TURN (AGAINST OTHER CAR),TRAFFIC SIGNAL,DAYLIGHT,CLEAR,DRY
13984,34934635,MONROE,Sweden,3,260 43011009,Y,43.2110140,-77.8950610,8/30/13,11:51,PROPERTY DAMAGE AND INJURY,1,0,2,COLLISION WITH MOTOR VEHICLE,LEFT TURN (AGAINST OTHER CAR),STOP SIGN,DAYLIGHT,CLOUDY,DRY
13984,34934625,MONROE,Scottsville,4,,N,43.0191244,-77.7579088,9/20/13,1:22,PROPERTY DAMAGE AND INJURY,1,0,1,COLLISION WITH BUILDING/WALL,OTHER,NONE,DARK-ROAD LIGHTED,CLEAR,DRY
13984,34934527,MONROE,Rochester,1,,Y,43.1379250,-77.6509729,9/20/13,19:55,INJURY,1,0,1,COLLISION WITH PEDESTRIAN,OTHER,NONE,DARK-ROAD LIGHTED,CLEAR,DRY
13984,34717153,MONROE,Rochester,1, 33 43032020,Y,43.1502630,-77.6360960,3/3/13,16:00,INJURY,1,0,2,COLLISION WITH MOTOR VEHICLE,REAR END,UNKNOWN,UNKNOWN,UNKNOWN,UNKNOWN
13984,35436912,MONROE,Chili,3,390I43033001,N,43.1223407,-77.6474995,10/20/14,13:53,INJURY,1,0,1,COLLISION WITH MEDIAN/BARRIER,OTHER,NONE,DAYLIGHT,CLOUDY,DRY
13984,34866211,MONROE,Rochester,1,,N,43.1602479,-77.5917303,7/24/13,10:22,INJURY,2,0,2,COLLISION WITH MOTOR VEHICLE,REAR END,TRAFFIC SIGNAL,DAYLIGHT,CLOUDY,DRY
13984,34975051,MONROE,Henrietta,3,253 43011064,Y,43.0587950,-77.6444240,10/17/13,7:34,PROPERTY DAMAGE AND INJURY,2,0,2,COLLISION WITH MOTOR VEHICLE,LEFT TURN (AGAINST OTHER CAR),TRAFFIC SIGNAL,DAYLIGHT,CLEAR,DRY
13984,34780703,MONROE,Webster,3,,N,43.2322999,-77.4334723,5/20/13,15:01,PROPERTY DAMAGE AND INJURY,1,0,1,COLLISION WITH TREE,OTHER,NONE,DAYLIGHT,CLEAR,DRY
13984,35453278,MONROE,Rochester,1,,N,43.1658700,-77.5782790,10/19/14,14:16,PROPERTY DAMAGE AND INJURY,3,0,2,COLLISION WITH MOTOR VEHICLE,OVERTAKING,NONE,DAYLIGHT,CLEAR,DRY
13984,35135575,MONROE,Rochester,1,,N,43.1732714,-77.6148916,2/4/14,20:00,INJURY,1,0,1,COLLISION WITH BUILDING/WALL,OTHER,NONE,DARK-ROAD LIGHTED,CLEAR,SNOW/ICE
13984,34803902,MONROE,Wheatland,3,,N,43.0229950,-77.7968030,6/6/13,12:32,PROPERTY DAMAGE AND INJURY,1,0,2,COLLISION WITH MOTOR VEHICLE,REAR END,NONE,DAYLIGHT,RAIN,WET
13984,35201276,MONROE,Brighton,3, 31 43033014,N,43.1204666,-77.5579529,4/1/14,18:46,PROPERTY DAMAGE AND INJURY,1,0,1,COLL. W/LIGHT SUPPORT/UTILITY POLE,OTHER,NONE,DAYLIGHT,CLOUDY,WET
13984,35132122,MONROE,Webster,3,,N,43.2126872,-77.4466130,2/10/14,21:25,PROPERTY DAMAGE AND INJURY,1,0,2,COLLISION WITH MOTOR VEHICLE,REAR END,TRAFFIC SIGNAL,DARK-ROAD LIGHTED,CLOUDY,DRY
13984,34954047,MONROE,Rochester,1,,Y,43.2327260,-77.6252629,10/5/13,22:30,PROPERTY DAMAGE AND INJURY,3,0,3,COLLISION WITH MOTOR VEHICLE,OTHER,NONE,DARK-ROAD LIGHTED,CLOUDY,DRY
13984,34917378,MONROE,Irondequoit,3,,N,43.2441048,-77.5900057,7/9/13,11:30,INJURY,2,0,2,COLLISION WITH MOTOR VEHICLE,UNKNOWN,NONE,DAYLIGHT,CLEAR,DRY
13984,35281285,MONROE,Rochester,1,,Y,43.1780520,-77.5990001,6/5/14,12:47,INJURY,1,0,1,COLLISION WITH BICYCLIST,OTHER,STOP SIGN,DAYLIGHT,CLOUDY,DRY
13984,35399002,MONROE,Rochester,1,,N,43.1364507,-77.6509652,9/15/14,10:43,PROPERTY DAMAGE AND INJURY,1,0,2,COLLISION WITH MOTOR VEHICLE,REAR END,HIGHWAY WORK AREA,DAYLIGHT,CLEAR,DRY
13984,35218202,MONROE,Brighton,3,590I43011012,N,43.1091584,-77.5903855,3/31/14,7:54,PROPERTY DAMAGE AND INJURY,1,0,3,COLLISION WITH MOTOR VEHICLE,OTHER,NONE,DAYLIGHT,CLEAR,WET
13984,35206266,MONROE,Irondequoit,3,,N,43.2469536,-77.5871871,3/28/14,9:30,PROPERTY DAMAGE AND INJURY,1,0,2,COLLISION WITH MOTOR VEHICLE,SIDESWIPE,NONE,DAYLIGHT,CLOUDY,WET
13984,35384373,MONROE,Rochester,1,104 43032018,N,43.1941720,-77.6277340,9/1/14,22:35,PROPERTY DAMAGE AND INJURY,1,0,2,COLLISION WITH MOTOR VEHICLE,REAR END,TRAFFIC SIGNAL,DARK-ROAD LIGHTED,CLEAR,DRY
13984,35478974,MONROE,Penfield,3,286 43011036,N,43.1534490,-77.4715758,11/21/14,13:24,PROPERTY DAMAGE AND INJURY,1,0,1,COLL. W/EARTH ELE./ROCK CUT/DITCH,OTHER,NO PASSING ZONE,DAYLIGHT,CLEAR,DRY
13984,34748593,MONROE,Brighton,3,252 43011050,N,43.0922672,-77.6741703,4/23/13,17:23,PROPERTY DAMAGE AND INJURY,2,0,3,COLLISION WITH MOTOR VEHICLE,OTHER,TRAFFIC SIGNAL,DAYLIGHT,CLEAR,DRY
13984,34776047,MONROE,Brighton,3, 65 43031127,N,43.1107427,-77.5477139,5/17/13,16:40,PROPERTY DAMAGE AND INJURY,1,0,2,COLLISION WITH MOTOR VEHICLE,REAR END,NONE,DAYLIGHT,CLEAR,DRY
13984,35183946,MONROE,Rochester,1,942G43011003,Y,43.1559520,-77.6164280,3/14/14,15:42,INJURY,1,0,1,COLLISION WITH PEDESTRIAN,OTHER,TRAFFIC SIGNAL,DAYLIGHT,CLEAR,DRY
13984,35054938,MONROE,Rochester,1,,Y,43.1841700,-77.5621080,12/16/13,10:47,PROPERTY DAMAGE AND INJURY,1,0,2,COLLISION WITH MOTOR VEHICLE,RIGHT ANGLE,STOP SIGN,DAYLIGHT,CLOUDY,SNOW/ICE
13984,34943804,MONROE,Rochester,1,,Y,43.1593380,-77.5965120,9/18/13,16:50,INJURY,1,0,1,COLLISION WITH BICYCLIST,OTHER,TRAFFIC SIGNAL,DAYLIGHT,CLEAR,DRY