QUERYID,CASE #,REGN_CNTY_CDE,Municipality,MUNITYPE,REF_MRKR,ATINTERSECTION_IND,Lat,Long,,Time,Crash Type,Injuries,Fatalities,Number of Vehicles,ACCD_TYP,COLLISION_TYP,TRAF_CNTL,Light Condition,Weather Condition,Road Surface Condition
13984,35009261,MONROE,Greece,3,,Y,43.2384740,-77.6966480,9/16/13,0:00,INJURY,2,0,2,COLLISION WITH MOTOR VEHICLE,REAR END,TRAFFIC SIGNAL,UNKNOWN,UNKNOWN,UNKNOWN
13984,35385272,MONROE,Greece,3,104 43031142,Y,43.2134860,-77.7267910,8/1/14,18:15,INJURY,2,0,3,COLLISION WITH MOTOR VEHICLE,OTHER,TRAFFIC SIGNAL,DAYLIGHT,CLOUDY,DRY
13984,35306942,MONROE,Brighton,3,286A43011008,Y,43.1494950,-77.5282600,6/27/14,10:14,PROPERTY DAMAGE AND INJURY,1,0,2,COLLISION WITH MOTOR VEHICLE,RIGHT ANGLE,FLASHING LIGHT,DAYLIGHT,CLEAR,DRY
13984,35387849,MONROE,Henrietta,3,,Y,43.0814420,-77.6203600,8/14/14,9:04,PROPERTY DAMAGE AND INJURY,2,0,3,COLLISION WITH MOTOR VEHICLE,OTHER,NONE,DAYLIGHT,CLOUDY,DRY
13984,35031032,MONROE,Pittsford,3,,N,43.1165030,-77.5090485,11/25/13,7:40,PROPERTY DAMAGE AND INJURY,1,0,1,COLLISION WITH OTHER BARRIER,OTHER,NONE,DAYLIGHT,CLOUDY,SNOW/ICE
13984,34808256,MONROE,Chili,3,,Y,43.1256910,-77.7107370,5/18/13,23:00,INJURY,1,0,1,COLLISION WITH DEER,OTHER,UNKNOWN,DARK-ROAD UNLIGHTED,CLEAR,DRY
13984,35291503,MONROE,Rochester,1,,Y,43.1749150,-77.6132469,6/13/14,16:00,INJURY,1,0,1,COLLISION WITH BICYCLIST,OTHER,TRAFFIC SIGNAL,DAYLIGHT,CLOUDY,DRY
13984,35291504,MONROE,Rochester,1,,N,43.1814847,-77.6136664,6/15/14,8:25,PROPERTY DAMAGE AND INJURY,1,0,2,COLLISION WITH MOTOR VEHICLE,OVERTAKING,NONE,DAYLIGHT,CLEAR,DRY
13984,34941088,MONROE,Brighton,3,,N,43.1296792,-77.5256060,9/20/13,22:44,INJURY,1,0,2,COLLISION WITH MOTOR VEHICLE,REAR END,TRAFFIC SIGNAL,DARK-ROAD LIGHTED,CLEAR,DRY
13984,35384868,MONROE,Chili,3,,N,43.1078916,-77.6776827,8/22/14,20:23,FATAL,0,1,1,COLLISION WITH BICYCLIST,OTHER,NONE,DUSK,CLEAR,DRY
13984,35492998,MONROE,Webster,3,,N,43.2148290,-77.4462877,11/29/14,16:21,PROPERTY DAMAGE AND INJURY,1,0,2,COLLISION WITH MOTOR VEHICLE,REAR END,NONE,DAYLIGHT,CLOUDY,DRY
13984,34701607,MONROE,Henrietta,3,252 43011060,Y,43.0928370,-77.6535161,3/19/13,12:35,PROPERTY DAMAGE AND INJURY,1,0,3,COLLISION WITH MOTOR VEHICLE,OTHER,TRAFFIC SIGNAL,DAYLIGHT,CLOUDY,WET
13984,35333097,MONROE,Rochester,1,,Y,43.1793200,-77.6348230,6/20/14,21:00,INJURY,1,0,2,COLLISION WITH MOTOR VEHICLE,RIGHT ANGLE,STOP SIGN,DARK-ROAD LIGHTED,CLEAR,DRY
13984,35376159,UNKNOWN COUNTY,,0,,N,43.1779005,-77.6134595,8/23/14,17:33,INJURY,1,0,1,COLLISION WITH BICYCLIST,OTHER,TRAFFIC SIGNAL,DAYLIGHT,CLEAR,DRY
13984,35287880,MONROE,Webster,3,404 43035064,Y,43.2006913,-77.4981016,6/9/14,17:51,PROPERTY DAMAGE AND INJURY,2,0,2,COLLISION WITH MOTOR VEHICLE,HEAD ON,NONE,DAYLIGHT,CLOUDY,DRY
13984,35333073,MONROE,Rochester,1,,Y,43.1467797,-77.5732073,6/3/14,9:13,PROPERTY DAMAGE AND INJURY,1,0,2,COLLISION WITH MOTOR VEHICLE,REAR END,TRAFFIC SIGNAL,DAYLIGHT,RAIN,WET
13984,35170670,MONROE,Rochester,1,940T43011003,Y,43.1574800,-77.6178271,2/28/14,8:05,PROPERTY DAMAGE AND INJURY,1,0,2,COLLISION WITH MOTOR VEHICLE,REAR END,NONE,DAYLIGHT,CLOUDY,SNOW/ICE
13984,35507581,MONROE,Irondequoit,3,,Y,43.2110460,-77.5855480,12/9/14,16:48,PROPERTY DAMAGE AND INJURY,1,0,2,COLLISION WITH MOTOR VEHICLE,LEFT TURN (AGAINST OTHER CAR),TRAFFIC SIGNAL,DARK-ROAD LIGHTED,CLOUDY,DRY
13984,35333013,MONROE,Gates,3,490I43021162,N,43.1572045,-77.7117099,7/17/14,14:28,PROPERTY DAMAGE AND INJURY,1,0,2,COLLISION WITH MOTOR VEHICLE,OVERTAKING,NONE,DAYLIGHT,CLEAR,DRY
13984,34807737,MONROE,Rochester,1,390I43036001,N,43.1303486,-77.6608563,6/11/13,8:08,PROPERTY DAMAGE AND INJURY,1,0,2,COLLISION WITH MOTOR VEHICLE,REAR END,NONE,DAYLIGHT,RAIN,WET
13984,35631279,MONROE,Penfield,3,404 43035053,N,43.1850038,-77.5064911,10/11/14,21:49,FATAL,0,1,3,COLLISION WITH PEDESTRIAN,OTHER,NONE,DARK-ROAD UNLIGHTED,CLEAR,DRY
13984,34922604,MONROE,Rochester,1,,Y,43.1763670,-77.5573561,8/27/13,16:00,INJURY,1,0,1,COLLISION WITH BICYCLIST,OTHER,TRAFFIC SIGNAL,DAYLIGHT,CLEAR,DRY
13984,35306937,MONROE,Henrietta,3,,Y,43.0631810,-77.6554291,6/15/14,18:23,INJURY,1,0,1,COLLISION WITH PEDESTRIAN,OTHER,STOP SIGN,DAYLIGHT,CLEAR,DRY
13984,35306865,MONROE,Rochester,1,,N,43.1607125,-77.6439823,2/8/14,22:32,PROPERTY DAMAGE AND INJURY,1,0,1,COLLISION WITH TREE,OTHER,NONE,DARK-ROAD LIGHTED,CLEAR,SNOW/ICE
13984,35046069,MONROE,Rochester,1, 31 43032029,Y,43.1564710,-77.6240710,12/5/13,8:57,INJURY,1,0,1,COLLISION WITH PEDESTRIAN,OTHER,TRAFFIC SIGNAL,DAYLIGHT,CLOUDY,WET
13984,34702948,MONROE,Greece,3,,N,43.2363030,-77.6325491,3/18/13,18:55,INJURY,1,0,1,COLLISION WITH PEDESTRIAN,OTHER,NONE,DAYLIGHT,RAIN,WET
13984,34898412,MONROE,Rochester,1,,Y,43.1646290,-77.6324260,8/21/13,16:15,PROPERTY DAMAGE AND INJURY,4,0,3,COLLISION WITH MOTOR VEHICLE,OTHER,TRAFFIC SIGNAL,DAYLIGHT,CLEAR,DRY
13984,35068006,MONROE,Pittsford,3,490I43023042,N,43.0980249,-77.5016252,1/2/14,15:31,PROPERTY DAMAGE AND INJURY,1,0,1,COLLISION WITH TREE,OTHER,NONE,DAYLIGHT,SNOW,SNOW/ICE
13984,35507596,MONROE,Brighton,3,,N,43.1046138,-77.5775037,12/9/14,17:20,PROPERTY DAMAGE AND INJURY,1,0,2,COLLISION WITH MOTOR VEHICLE,REAR END,NONE,DARK-ROAD UNLIGHTED,CLOUDY,DRY
13984,34817845,MONROE,Henrietta,3,253 43011090,Y,43.0595000,-77.5929900,6/12/13,11:32,PROPERTY DAMAGE AND INJURY,2,0,2,COLLISION WITH MOTOR VEHICLE,RIGHT ANGLE,TRAFFIC SIGNAL,DAYLIGHT,CLEAR,DRY
13984,34819974,MONROE,Rochester,1,,N,43.1947665,-77.6000918,6/12/13,12:05,INJURY,1,0,1,COLLISION WITH PEDESTRIAN,OTHER,NONE,DAYLIGHT,CLEAR,DRY
13984,35448398,MONROE,Brighton,3,590I43011039,N,43.1294801,-77.5533770,10/27/14,7:38,INJURY,2,0,2,COLLISION WITH MOTOR VEHICLE,REAR END,NONE,DAYLIGHT,CLEAR,DRY
13984,34977256,MONROE,Chili,3,383 43011150,N,43.1180937,-77.6575535,10/21/13,17:39,PROPERTY DAMAGE AND INJURY,2,0,2,COLLISION WITH MOTOR VEHICLE,REAR END,NONE,DAYLIGHT,CLOUDY,DRY
13984,35154448,MONROE,Greece,3,,Y,43.2237580,-77.7101130,2/7/14,16:57,PROPERTY DAMAGE AND INJURY,1,0,3,COLLISION WITH MOTOR VEHICLE,OTHER,STOP SIGN,DAYLIGHT,CLEAR,DRY
13984,34775762,MONROE,Rochester,1,,N,43.1809507,-77.6298639,5/11/13,17:29,PROPERTY DAMAGE AND INJURY,1,0,2,COLLISION WITH MOTOR VEHICLE,LEFT TURN (AGAINST OTHER CAR),NONE,DAYLIGHT,CLOUDY,DRY
13984,35218308,MONROE,Rochester,1,,Y,43.1600670,-77.6076169,4/2/14,20:15,INJURY,1,0,2,COLLISION WITH MOTOR VEHICLE,LEFT TURN (WITH OTHER CAR),TRAFFIC SIGNAL,DARK-ROAD LIGHTED,CLOUDY,DRY
13984,34804015,MONROE,Rochester,1,,Y,43.1760130,-77.6348261,6/8/13,18:09,INJURY,1,0,1,COLLISION WITH BICYCLIST,OTHER,STOP SIGN,DAYLIGHT,CLOUDY,DRY
13984,34822580,MONROE,Rochester,1, 15 43032000,N,43.1137049,-77.6229068,6/20/13,17:27,INJURY,1,0,2,COLLISION WITH MOTOR VEHICLE,LEFT TURN (AGAINST OTHER CAR),NONE,DAYLIGHT,CLEAR,DRY
13984,35059087,MONROE,Pittsford,3,,N,43.1067220,-77.4991012,12/24/13,14:52,INJURY,1,0,1,COLLISION WITH PEDESTRIAN,OTHER,NONE,DAYLIGHT,CLEAR,SNOW/ICE
13984,34839344,MONROE,Rochester,1, 33 43032007,N,43.1518550,-77.6579910,7/4/13,15:59,PROPERTY DAMAGE AND INJURY,3,0,1,RAN OFF ROAD ONLY,OTHER,NONE,DAYLIGHT,CLEAR,DRY
13984,35520072,MONROE,Rochester,1,,N,43.1309339,-77.6520694,12/17/14,8:05,INJURY,1,0,2,COLLISION WITH MOTOR VEHICLE,REAR END,STOPPED SCHOOL BUS W/RED LIGHT FLSH,DAYLIGHT,CLOUDY,WET
13984,35475546,MONROE,Gates,3,,N,43.1644849,-77.7350436,11/18/14,7:35,INJURY,2,0,2,COLLISION WITH MOTOR VEHICLE,REAR END,NONE,DAYLIGHT,CLEAR,SNOW/ICE
13984,35065263,MONROE,Rochester,1,590I43012000,N,43.1370392,-77.5529981,1/2/14,11:39,PROPERTY DAMAGE AND INJURY,1,0,1,COLLISION WITH OTHER BARRIER,OTHER,NONE,DAYLIGHT,SNOW,SNOW/ICE
13984,35041961,MONROE,Webster,3,,Y,43.2306680,-77.4584100,12/12/13,9:20,PROPERTY DAMAGE AND INJURY,2,0,2,COLLISION WITH MOTOR VEHICLE,REAR END,NONE,DAYLIGHT,CLEAR,SNOW/ICE
13984,35519363,MONROE,Rochester,1,,Y,43.1697450,-77.5951530,11/29/14,5:33,INJURY,1,0,2,COLLISION WITH MOTOR VEHICLE,RIGHT ANGLE,TRAFFIC SIGNAL,DARK-ROAD LIGHTED,CLEAR,DRY
13984,34812242,MONROE,Gates,3,390I43037009,N,43.1408626,-77.6699271,6/12/13,8:48,PROPERTY DAMAGE AND INJURY,1,0,2,COLLISION WITH MOTOR VEHICLE,REAR END,NONE,DAYLIGHT,CLEAR,DRY
13984,35091445,MONROE,Gates,3,,N,43.1646199,-77.7069467,1/9/14,8:50,PROPERTY DAMAGE AND INJURY,1,0,2,COLLISION WITH MOTOR VEHICLE,REAR END,NONE,DAYLIGHT,CLOUDY,WET
13984,35415832,MONROE,Perinton,3,250 43011018,N,43.0610530,-77.4423708,9/29/14,7:59,PROPERTY DAMAGE AND INJURY,1,0,2,COLLISION WITH MOTOR VEHICLE,REAR END,NONE,DAYLIGHT,CLEAR,DRY
13984,35091404,MONROE,Henrietta,3,253 43011066,Y,43.0588800,-77.6396880,1/17/14,16:56,INJURY,1,0,2,COLLISION WITH MOTOR VEHICLE,REAR END,TRAFFIC SIGNAL,DUSK,CLEAR,DRY
13984,34949991,MONROE,Henrietta,3,252 43011083,N,43.0872612,-77.6096233,9/30/13,20:40,PROPERTY DAMAGE AND INJURY,1,0,2,COLLISION WITH MOTOR VEHICLE,OVERTAKING,NONE,DARK-ROAD LIGHTED,CLEAR,DRY
13984,35361819,MONROE,Rochester,1,,N,43.1863312,-77.6196220,8/10/14,2:31,PROPERTY DAMAGE AND INJURY,1,0,3,COLLISION WITH MOTOR VEHICLE,OTHER,NONE,DARK-ROAD LIGHTED,CLEAR,DRY
13984,35413463,MONROE,Irondequoit,3,,Y,43.1970490,-77.5924370,9/26/14,19:09,INJURY,1,0,2,COLLISION WITH MOTOR VEHICLE,LEFT TURN (AGAINST OTHER CAR),TRAFFIC SIGNAL,DUSK,CLOUDY,DRY
13984,35322498,MONROE,Rochester,1,,Y,43.1447570,-77.6011121,7/2/14,16:18,PROPERTY DAMAGE AND INJURY,2,0,2,COLLISION WITH MOTOR VEHICLE,RIGHT ANGLE,TRAFFIC SIGNAL,DAYLIGHT,CLEAR,DRY
13984,34869113,MONROE,Henrietta,3, 15 43031107,Y,43.0848656,-77.6380458,7/19/13,18:13,PROPERTY DAMAGE AND INJURY,1,0,2,COLLISION WITH MOTOR VEHICLE,LEFT TURN (AGAINST OTHER CAR),TRAFFIC SIGNAL,DAYLIGHT,CLEAR,DRY
13984,34697855,MONROE,Webster,3,104 43035086,N,43.2092565,-77.4573314,3/14/13,14:02,PROPERTY DAMAGE AND INJURY,1,0,2,COLLISION WITH MOTOR VEHICLE,RIGHT ANGLE,NONE,DAYLIGHT,CLEAR,DRY
13984,35322466,UNKNOWN COUNTY,,0,940M43011004,N,43.1705918,-77.6274765,7/9/14,8:45,INJURY,1,0,1,COLLISION WITH BICYCLIST,OTHER,NONE,DAYLIGHT,CLEAR,DRY
13984,34867045,MONROE,Rochester,1,,Y,43.1245730,-77.6216030,7/19/13,17:10,INJURY,1,0,2,COLLISION WITH MOTOR VEHICLE,REAR END,NONE,DAYLIGHT,CLEAR,DRY
13984,34878063,MONROE,Rochester,1,,N,43.1838874,-77.6388651,7/28/13,7:20,PROPERTY DAMAGE AND INJURY,1,0,2,COLLISION WITH MOTOR VEHICLE,REAR END,NONE,DAYLIGHT,CLOUDY,WET
13984,34730072,MONROE,Webster,3,,Y,43.2200020,-77.5129310,4/10/13,15:37,PROPERTY DAMAGE AND INJURY,1,0,2,COLLISION WITH MOTOR VEHICLE,LEFT TURN (AGAINST OTHER CAR),NONE,DAYLIGHT,RAIN,WET
13984,34776850,MONROE,Rochester,1,,N,43.1642305,-77.5638340,5/16/13,18:00,INJURY,1,0,1,COLLISION WITH PEDESTRIAN,OTHER,NONE,DAYLIGHT,CLEAR,DRY
13984,34849044,MONROE,Rochester,1, 33A43022010,Y,43.1470620,-77.6458150,7/9/13,14:51,INJURY,1,0,2,COLLISION WITH MOTOR VEHICLE,REAR END,NONE,DAYLIGHT,CLEAR,DRY
13984,35568499,MONROE,Rochester,1,,Y,43.1530920,-77.6198600,11/6/14,19:07,PROPERTY DAMAGE AND INJURY,1,0,2,COLLISION WITH MOTOR VEHICLE,RIGHT ANGLE,FLASHING LIGHT,DARK-ROAD LIGHTED,RAIN,WET
13984,34920921,MONROE,Gates,3,390I43037005,N,43.1372126,-77.6659075,7/9/13,8:30,PROPERTY DAMAGE AND INJURY,1,0,2,COLLISION WITH MOTOR VEHICLE,UNKNOWN,HIGHWAY WORK AREA,DAYLIGHT,CLOUDY,DRY
13984,35480493,MONROE,Rochester,1,,Y,43.1559950,-77.6281210,11/13/14,21:32,PROPERTY DAMAGE AND INJURY,1,0,2,COLLISION WITH MOTOR VEHICLE,REAR END,TRAFFIC SIGNAL,DARK-ROAD LIGHTED,CLEAR,DRY
13984,35068077,MONROE,Perinton,3,,N,43.1167986,-77.4708677,1/4/14,8:34,PROPERTY DAMAGE AND INJURY,1,0,1,COLL. W/LIGHT SUPPORT/UTILITY POLE,OTHER,NONE,DAYLIGHT,CLEAR,SNOW/ICE
13984,34842815,MONROE,Rochester,1,,N,43.1607236,-77.6454404,7/7/13,22:25,PROPERTY DAMAGE AND INJURY,1,0,2,COLLISION WITH MOTOR VEHICLE,HEAD ON,NONE,DARK-ROAD LIGHTED,CLEAR,DRY
13984,34702940,MONROE,Greece,3,,Y,43.1943190,-77.7014280,3/19/13,19:15,PROPERTY DAMAGE AND INJURY,1,0,3,COLLISION WITH MOTOR VEHICLE,OTHER,TRAFFIC SIGNAL,DUSK,CLEAR,DRY
13984,34910344,MONROE,Perinton,3, 96 43051007,Y,43.0395850,-77.4581180,8/29/13,12:21,PROPERTY DAMAGE AND INJURY,1,0,2,COLLISION WITH MOTOR VEHICLE,RIGHT ANGLE,TRAFFIC SIGNAL,DAYLIGHT,CLEAR,DRY
13984,34687139,MONROE,Brighton,3, 15A43041128,N,43.1077322,-77.6159259,3/8/13,13:07,INJURY,1,0,2,COLLISION WITH MOTOR VEHICLE,REAR END,TRAFFIC SIGNAL,DAYLIGHT,CLEAR,DRY
13984,35161607,MONROE,Rochester,1,,Y,43.1870920,-77.5918450,2/21/14,16:31,PROPERTY DAMAGE AND INJURY,1,0,4,COLLISION WITH MOTOR VEHICLE,OTHER,TRAFFIC SIGNAL,DAYLIGHT,CLEAR,WET
13984,35417554,MONROE,Brockport,4,,Y,43.2131470,-77.9455139,9/17/14,18:26,INJURY,1,0,1,COLLISION WITH BICYCLIST,OTHER,STOP SIGN,DAYLIGHT,CLEAR,DRY
13984,34724420,MONROE,Rochester,1,,Y,43.1763670,-77.5573561,3/27/13,20:55,INJURY,1,0,1,COLLISION WITH BICYCLIST,OTHER,TRAFFIC SIGNAL,DARK-ROAD LIGHTED,SLEET/HAIL/FREEZING RAIN,WET
13984,35031304,MONROE,Brighton,3, 96 43051090,N,43.1320781,-77.5327288,12/5/13,17:14,PROPERTY DAMAGE AND INJURY,1,0,2,COLLISION WITH MOTOR VEHICLE,REAR END,NONE,DARK-ROAD LIGHTED,RAIN,WET
13984,35336994,MONROE,Sweden,3, 31 43031057,N,43.1982524,-77.9226649,7/23/14,12:14,PROPERTY DAMAGE AND INJURY,1,0,2,COLLISION WITH MOTOR VEHICLE,REAR END,NONE,DAYLIGHT,RAIN,WET
13984,35428503,MONROE,Gates,3,390 43011010,N,43.1711594,-77.6830436,10/7/14,16:45,PROPERTY DAMAGE AND INJURY,2,0,2,COLLISION WITH MOTOR VEHICLE,REAR END,NONE,DAYLIGHT,CLOUDY,DRY
13984,34884463,MONROE,Penfield,3,,Y,43.1824050,-77.5021680,8/6/13,16:57,INJURY,1,0,2,COLLISION WITH MOTOR VEHICLE,RIGHT ANGLE,TRAFFIC SIGNAL,DAYLIGHT,CLEAR,DRY
13984,35115146,MONROE,Rochester,1,940M43011012,Y,43.1809370,-77.6317380,1/24/14,23:16,PROPERTY DAMAGE AND INJURY,1,0,2,COLLISION WITH MOTOR VEHICLE,LEFT TURN (WITH OTHER CAR),TRAFFIC SIGNAL,DARK-ROAD LIGHTED,CLOUDY,SNOW/ICE
13984,35352625,MONROE,Brighton,3,,N,43.0961121,-77.5818302,8/5/14,14:53,PROPERTY DAMAGE AND INJURY,3,0,2,COLLISION WITH MOTOR VEHICLE,REAR END,NONE,DAYLIGHT,CLOUDY,DRY
13984,35427357,UNKNOWN COUNTY,,0,,N,43.1470696,-77.6260962,9/29/14,9:15,INJURY,1,0,1,COLLISION WITH PEDESTRIAN,OTHER,NONE,DAYLIGHT,CLEAR,DRY
13984,34914044,MONROE,Gates,3, 33 43031114,N,43.1445261,-77.7230762,9/7/13,18:55,INJURY,1,0,2,COLLISION WITH MOTOR VEHICLE,REAR END,NONE,DUSK,CLOUDY,WET
13984,34943141,MONROE,Webster,3,,N,43.2050972,-77.4746220,9/26/13,22:07,PROPERTY DAMAGE AND INJURY,2,0,2,COLLISION WITH MOTOR VEHICLE,RIGHT ANGLE,TRAFFIC SIGNAL,DARK-ROAD LIGHTED,CLEAR,DRY
13984,34872992,MONROE,Rochester,1,,Y,43.1707080,-77.5944810,7/12/13,15:00,PROPERTY DAMAGE AND INJURY,1,0,1,COLLISION WITH BICYCLIST,OTHER,TRAFFIC SIGNAL,DAYLIGHT,CLEAR,DRY
13984,35030840,MONROE,Webster,3,,N,43.2145249,-77.4850860,12/1/13,4:42,PROPERTY DAMAGE AND INJURY,1,0,1,COLLISION WITH DEER,OTHER,NONE,DARK-ROAD UNLIGHTED,CLOUDY,DRY
13984,35109754,MONROE,Brighton,3, 15A43041123,Y,43.1005300,-77.6142500,1/27/14,8:18,INJURY,1,0,2,COLLISION WITH MOTOR VEHICLE,REAR END,TRAFFIC SIGNAL,DAYLIGHT,CLEAR,SNOW/ICE
13984,35042025,MONROE,Perinton,3,,N,43.0452790,-77.3777589,12/14/13,20:04,INJURY,1,0,1,COLLISION WITH TREE,OTHER,NONE,DARK-ROAD UNLIGHTED,SNOW,SNOW/ICE
13984,34839457,MONROE,Rochester,1,,Y,43.2308120,-77.6261480,6/3/13,12:40,INJURY,1,0,1,COLLISION WITH PEDESTRIAN,OTHER,TRAFFIC SIGNAL,DAYLIGHT,CLEAR,DRY
13984,35554532,MONROE,Rochester,1,,Y,43.1447130,-77.6360420,12/27/14,13:35,PROPERTY DAMAGE AND INJURY,2,0,2,COLLISION WITH MOTOR VEHICLE,OVERTAKING,NONE,DAYLIGHT,CLEAR,DRY
13984,34836699,MONROE,Rochester,1,490I43022028,N,43.1551753,-77.6207842,6/20/13,5:45,INJURY,1,0,1,COLLISION WITH MEDIAN/BARRIER,OTHER,UNKNOWN,UNKNOWN,UNKNOWN,UNKNOWN
13984,35290072,MONROE,Rochester,1,942G43011003,Y,43.1559520,-77.6164280,6/9/14,12:40,PROPERTY DAMAGE AND INJURY,1,0,2,COLLISION WITH MOTOR VEHICLE,LEFT TURN (AGAINST OTHER CAR),TRAFFIC SIGNAL,DAYLIGHT,CLEAR,DRY
13984,35568782,MONROE,Greece,3,,Y,43.2387530,-77.7161260,12/9/14,8:49,PROPERTY DAMAGE AND INJURY,1,0,2,COLLISION WITH MOTOR VEHICLE,LEFT TURN (AGAINST OTHER CAR),STOP SIGN,DAYLIGHT,CLEAR,DRY
13984,35260046,MONROE,Gates,3, 31 43031174,N,43.1694645,-77.7013884,5/15/14,15:36,INJURY,1,0,2,COLLISION WITH MOTOR VEHICLE,RIGHT ANGLE,NONE,DAYLIGHT,CLOUDY,DRY
13984,34693212,MONROE,Rochester,1,490I43022023,N,43.1571451,-77.6276400,3/11/13,17:01,PROPERTY DAMAGE AND INJURY,1,0,2,COLLISION WITH MOTOR VEHICLE,REAR END,NONE,DAYLIGHT,CLOUDY,DRY
13984,35332935,MONROE,Ogden,3,259 43011061,Y,43.1812346,-77.8042531,7/20/14,18:35,PROPERTY DAMAGE AND INJURY,6,0,2,COLLISION WITH MOTOR VEHICLE,LEFT TURN (WITH OTHER CAR),NONE,DAYLIGHT,CLEAR,DRY
13984,35332923,MONROE,Rochester,1,,N,43.1615781,-77.6028340,7/18/14,7:31,INJURY,1,0,1,COLLISION WITH BICYCLIST,OTHER,NONE,DAYLIGHT,CLEAR,DRY
13984,34739393,MONROE,Rochester,1,383 43012018,Y,43.1415213,-77.6204129,3/22/13,9:54,INJURY,1,0,2,COLLISION WITH MOTOR VEHICLE,REAR END,NONE,DAYLIGHT,SNOW,SNOW/ICE
13984,35372636,MONROE,Greece,3, 18 43031228,Y,43.2212130,-77.6412800,8/20/14,14:48,INJURY,1,0,1,COLLISION WITH BICYCLIST,OTHER,TRAFFIC SIGNAL,DAYLIGHT,CLEAR,DRY
13984,34784805,MONROE,Rochester,1,,Y,43.1876940,-77.5744371,5/17/13,19:43,INJURY,1,0,1,COLLISION WITH BICYCLIST,OTHER,NONE,DAYLIGHT,CLEAR,DRY
13984,35026782,MONROE,Penfield,3,253 43011278,N,43.1271837,-77.4941287,12/2/13,6:06,PROPERTY DAMAGE AND INJURY,1,0,2,COLLISION WITH MOTOR VEHICLE,RIGHT ANGLE,TRAFFIC SIGNAL,DARK-ROAD LIGHTED,CLOUDY,WET
13984,34936722,MONROE,Greece,3,,N,43.2070930,-77.6791220,9/18/13,18:20,PROPERTY DAMAGE AND INJURY,3,0,2,COLLISION WITH MOTOR VEHICLE,RIGHT ANGLE,TRAFFIC SIGNAL,DAYLIGHT,CLEAR,DRY
13984,35401525,MONROE,Brighton,3, 65 43031134,N,43.1197571,-77.5481798,9/17/14,8:01,INJURY,1,0,1,COLLISION WITH BICYCLIST,OTHER,NONE,DAYLIGHT,CLEAR,DRY
13984,35519829,MONROE,Irondequoit,3,,N,43.2480291,-77.6079694,12/18/14,13:40,INJURY,1,0,2,COLLISION WITH MOTOR VEHICLE,REAR END,NONE,DAYLIGHT,CLOUDY,DRY
13984,35252045,MONROE,Rochester,1,,Y,43.1988000,-77.6178500,5/6/14,15:54,INJURY,1,0,1,COLLISION WITH PEDESTRIAN,OTHER,STOP SIGN,DAYLIGHT,CLEAR,DRY
13984,35400672,MONROE,Rochester,1,,N,43.1490216,-77.5975590,9/15/14,15:50,PROPERTY DAMAGE AND INJURY,2,0,2,COLLISION WITH MOTOR VEHICLE,REAR END,NONE,DAYLIGHT,CLOUDY,DRY
13984,35348186,MONROE,Rochester,1, 18 43032011,Y,43.2020500,-77.6386930,8/2/14,11:12,PROPERTY DAMAGE AND INJURY,1,0,2,COLLISION WITH MOTOR VEHICLE,REAR END,TRAFFIC SIGNAL,DAYLIGHT,CLEAR,DRY
13984,35400249,MONROE,Irondequoit,3,,N,43.1826859,-77.5452712,9/16/14,1:00,PROPERTY DAMAGE AND INJURY,1,0,1,OTHER NON-COLLISION,OTHER,NONE,DARK-ROAD UNLIGHTED,RAIN,WET
13984,34878000,MONROE,Brighton,3,,N,43.1267319,-77.5555458,8/5/13,12:30,INJURY,1,0,1,COLLISION WITH BICYCLIST,OTHER,NO PASSING ZONE,DAYLIGHT,CLEAR,DRY
13984,34785377,MONROE,Rochester,1,,N,43.1714572,-77.6057489,5/23/13,20:48,PROPERTY DAMAGE AND INJURY,4,0,2,COLLISION WITH MOTOR VEHICLE,OVERTAKING,NONE,DARK-ROAD LIGHTED,CLOUDY,WET
13984,34971788,MONROE,Rochester,1,,Y,43.1726030,-77.6075299,10/1/13,17:16,INJURY,2,0,1,COLLISION WITH PEDESTRIAN,OTHER,NONE,DAYLIGHT,CLEAR,DRY
13984,34813227,MONROE,Webster,3,404 43035064,Y,43.2007360,-77.4980580,6/10/13,11:00,PROPERTY DAMAGE AND INJURY,1,0,2,COLLISION WITH MOTOR VEHICLE,RIGHT ANGLE,NONE,DAYLIGHT,CLOUDY,DRY
13984,35043800,MONROE,Irondequoit,3,590 43013010,N,43.1808539,-77.5429261,12/15/13,0:35,INJURY,3,0,2,COLLISION WITH MOTOR VEHICLE,REAR END,NONE,DARK-ROAD LIGHTED,SNOW,SNOW/ICE
13984,34699914,MONROE,Gates,3, 31 43031151,N,43.1764894,-77.7456332,3/19/13,5:41,PROPERTY DAMAGE AND INJURY,1,0,1,COLLISION WITH TREE,OTHER,NONE,DAYLIGHT,CLOUDY,DRY