QUERYID,CASE #,REGN_CNTY_CDE,Municipality,MUNITYPE,REF_MRKR,ATINTERSECTION_IND,Lat,Long,,Time,Crash Type,Injuries,Fatalities,Number of Vehicles,ACCD_TYP,COLLISION_TYP,TRAF_CNTL,Light Condition,Weather Condition,Road Surface Condition
13984,34812674,MONROE,Rochester,1, 31 43032053,N,43.1421600,-77.5859840,6/12/13,17:27,INJURY,1,0,2,COLLISION WITH MOTOR VEHICLE,RIGHT ANGLE,TRAFFIC SIGNAL,DAYLIGHT,CLEAR,DRY
13984,34803983,MONROE,Rochester,1,,N,43.1873823,-77.6388760,6/6/13,18:00,INJURY,1,0,2,COLLISION WITH MOTOR VEHICLE,REAR END,NONE,DAYLIGHT,RAIN,WET
13984,35260022,MONROE,Webster,3,,N,43.2141739,-77.4612440,5/15/14,21:26,PROPERTY DAMAGE AND INJURY,1,0,2,COLLISION WITH MOTOR VEHICLE,REAR END,TRAFFIC SIGNAL,DARK-ROAD LIGHTED,RAIN,WET
13984,35332946,MONROE,Perinton,3,,N,43.1060484,-77.4802973,7/18/14,12:15,PROPERTY DAMAGE AND INJURY,1,0,2,COLLISION WITH MOTOR VEHICLE,REAR END,NONE,DAYLIGHT,CLEAR,DRY
13984,34943139,MONROE,Webster,3,,N,43.2142700,-77.4612459,9/29/13,10:02,PROPERTY DAMAGE AND INJURY,2,0,2,COLLISION WITH MOTOR VEHICLE,LEFT TURN (AGAINST OTHER CAR),TRAFFIC SIGNAL,DAYLIGHT,CLEAR,DRY
13984,34976005,MONROE,Rochester,1,,N,43.2226096,-77.6275141,10/23/13,6:21,PROPERTY DAMAGE AND INJURY,1,0,1,COLLISION WITH PEDESTRIAN,OTHER,NONE,DARK-ROAD LIGHTED,CLOUDY,DRY
13984,35417579,MONROE,Brighton,3,,Y,43.1224180,-77.5942800,9/30/14,13:12,INJURY,1,0,1,COLLISION WITH BICYCLIST,OTHER,NONE,DAYLIGHT,CLEAR,DRY
13984,35264379,MONROE,Penfield,3,441 43011049,Y,43.1308060,-77.4468820,5/15/14,18:19,PROPERTY DAMAGE AND INJURY,1,0,2,COLLISION WITH MOTOR VEHICLE,RIGHT ANGLE,TRAFFIC SIGNAL,DAYLIGHT,CLOUDY,DRY
13984,34812466,MONROE,Greece,3, 18 43031199,Y,43.2529210,-77.6582500,6/3/13,7:02,PROPERTY DAMAGE AND INJURY,2,0,2,COLLISION WITH MOTOR VEHICLE,RIGHT TURN (WITH OTHER CAR),STOP SIGN,DAYLIGHT,CLOUDY,DRY
13984,34921924,UNKNOWN COUNTY,,0,,N,43.1810335,-77.5926543,9/13/13,20:16,INJURY,1,0,3,COLLISION WITH MOTOR VEHICLE,OTHER,TRAFFIC SIGNAL,DARK-ROAD LIGHTED,RAIN,WET
13984,34721602,MONROE,Rochester,1,490I43022015,N,43.1570486,-77.6439827,4/3/13,8:20,PROPERTY DAMAGE AND INJURY,1,0,1,COLLISION WITH OTHER BARRIER,OTHER,NONE,DAYLIGHT,CLOUDY,DRY
13984,35180601,MONROE,Penfield,3,,Y,43.1354150,-77.5094180,3/15/14,14:20,PROPERTY DAMAGE AND INJURY,2,0,3,COLLISION WITH MOTOR VEHICLE,OTHER,NONE,DAYLIGHT,CLOUDY,DRY
13984,34812012,MONROE,Gates,3,531 43011013,N,43.1585891,-77.7331135,6/2/13,3:24,FATAL,1,1,1,COLL. W/EARTH ELE./ROCK CUT/DITCH,OTHER,NONE,DARK-ROAD LIGHTED,RAIN,WET
13984,35046084,MONROE,Rochester,1,,Y,43.1564800,-77.5680220,12/12/13,12:46,PROPERTY DAMAGE AND INJURY,2,0,4,COLLISION WITH MOTOR VEHICLE,OTHER,TRAFFIC SIGNAL,DAYLIGHT,CLOUDY,SNOW/ICE
13984,35267217,MONROE,East Rochester,4,253 43011164,N,43.1127068,-77.4933269,5/21/14,19:30,PROPERTY DAMAGE AND INJURY,1,0,3,COLLISION WITH MOTOR VEHICLE,OTHER,NONE,DUSK,CLEAR,DRY
13984,34801163,MONROE,Greece,3,,Y,43.2174340,-77.6777500,6/6/13,15:12,INJURY,1,0,2,COLLISION WITH MOTOR VEHICLE,REAR END,NONE,DAYLIGHT,RAIN,WET
13984,34971182,MONROE,Rochester,1,104 43032011,N,43.2011650,-77.6405069,10/16/13,12:32,INJURY,1,0,2,COLLISION WITH MOTOR VEHICLE,REAR END,TRAFFIC SIGNAL,DAYLIGHT,CLOUDY,DRY
13984,35381678,MONROE,Perinton,3,250 43011051,N,43.1086522,-77.4417952,8/19/14,16:31,PROPERTY DAMAGE AND INJURY,1,0,2,COLLISION WITH MOTOR VEHICLE,REAR END,NONE,DAYLIGHT,CLEAR,DRY
13984,34993360,MONROE,Rochester,1,,Y,43.2033300,-77.6517000,11/5/13,19:41,INJURY,1,0,2,COLLISION WITH MOTOR VEHICLE,REAR END,TRAFFIC SIGNAL,DARK-ROAD LIGHTED,CLEAR,DRY
13984,35183947,MONROE,Rochester,1,,Y,43.1488180,-77.6204630,3/13/14,16:29,INJURY,1,0,2,COLLISION WITH MOTOR VEHICLE,REAR END,TRAFFIC SIGNAL,DAYLIGHT,CLEAR,SNOW/ICE
13984,34769110,MONROE,Rochester,1,,Y,43.1582938,-77.6069079,4/17/13,16:43,INJURY,1,0,1,COLLISION WITH PEDESTRIAN,OTHER,STOP SIGN,DAYLIGHT,UNKNOWN,UNKNOWN
13984,35468520,MONROE,Brighton,3, 15A43041125,N,43.1025224,-77.6151604,11/14/14,12:02,PROPERTY DAMAGE AND INJURY,2,0,2,COLLISION WITH MOTOR VEHICLE,REAR END,TRAFFIC SIGNAL,DAYLIGHT,CLOUDY,DRY
13984,35468519,MONROE,Brighton,3,,N,43.1266881,-77.5189956,11/14/14,8:38,INJURY,1,0,2,COLLISION WITH MOTOR VEHICLE,REAR END,NONE,DAYLIGHT,CLEAR,DRY
13984,34785374,MONROE,Rochester,1,,N,43.1811230,-77.6251860,5/24/13,15:41,INJURY,1,0,2,COLLISION WITH MOTOR VEHICLE,REAR END,TRAFFIC SIGNAL,DAYLIGHT,CLOUDY,DRY
13984,35395036,MONROE,Chili,3,,N,43.1089715,-77.7456081,9/9/14,15:16,PROPERTY DAMAGE AND INJURY,1,0,2,COLLISION WITH MOTOR VEHICLE,OTHER,NONE,DAYLIGHT,CLEAR,DRY
13984,34915374,MONROE,Rochester,1,940M43011003,N,43.1681379,-77.6258932,8/8/13,15:33,PROPERTY DAMAGE AND INJURY,1,0,2,COLLISION WITH MOTOR VEHICLE,REAR END,NONE,DAYLIGHT,CLEAR,DRY
13984,35314850,MONROE,Pittsford,3, 31 43033035,N,43.0977026,-77.5307096,7/5/14,7:10,PROPERTY DAMAGE AND INJURY,1,0,1,COLLISION WITH TREE,OTHER,NONE,DAYLIGHT,CLEAR,DRY
13984,34928861,MONROE,Gates,3,386 43011110,Y,43.1588090,-77.7323920,9/18/13,17:00,INJURY,1,0,1,OTHER NON-COLLISION,OTHER,TRAFFIC SIGNAL,DAYLIGHT,CLEAR,DRY
13984,35293269,MONROE,Rochester,1,,Y,43.1448696,-77.5742858,6/17/14,17:02,INJURY,1,0,4,COLLISION WITH MOTOR VEHICLE,OTHER,TRAFFIC SIGNAL,DAYLIGHT,CLEAR,DRY
13984,34965622,MONROE,Perinton,3,,N,43.0862360,-77.4420890,10/12/13,21:49,INJURY,1,0,1,COLLISION WITH DEER,OTHER,NONE,DARK-ROAD UNLIGHTED,CLEAR,DRY
13984,34779153,MONROE,Greece,3,,Y,43.2184380,-77.6854309,5/18/13,14:41,PROPERTY DAMAGE AND INJURY,2,0,2,COLLISION WITH MOTOR VEHICLE,RIGHT ANGLE,TRAFFIC SIGNAL,DAYLIGHT,CLEAR,DRY
13984,34922224,MONROE,Rochester,1, 31 43032049,N,43.1457776,-77.5923505,8/31/13,13:21,INJURY,1,0,2,COLLISION WITH MOTOR VEHICLE,REAR END,NONE,DAYLIGHT,CLEAR,DRY
13984,35107428,MONROE,Rochester,1,,N,43.1508380,-77.5913117,1/27/14,4:35,PROPERTY DAMAGE AND INJURY,1,0,2,COLLISION WITH MOTOR VEHICLE,REAR END,NONE,DARK-ROAD LIGHTED,CLOUDY,WET
13984,35167092,MONROE,Greece,3,,N,43.2067670,-77.6761679,3/3/14,14:50,PROPERTY DAMAGE AND INJURY,2,0,1,COLLISION WITH GUIDE RAIL,OTHER,TRAFFIC SIGNAL,DAYLIGHT,CLEAR,DRY
13984,35404595,MONROE,Rochester,1,,Y,43.1438040,-77.6360350,9/11/14,19:47,INJURY,1,0,3,COLLISION WITH OTHER PEDESTRIAN,OTHER,TRAFFIC SIGNAL,DUSK,CLOUDY,DRY
13984,34942879,MONROE,Rochester,1,104 43032020,N,43.1940203,-77.6238313,9/28/13,18:16,PROPERTY DAMAGE AND INJURY,2,0,2,COLLISION WITH MOTOR VEHICLE,REAR END,NONE,DUSK,CLEAR,DRY
13984,35242868,MONROE,Penfield,3,,Y,43.1823132,-77.4747650,5/1/14,10:40,PROPERTY DAMAGE AND INJURY,1,0,2,COLLISION WITH MOTOR VEHICLE,RIGHT ANGLE,TRAFFIC SIGNAL,DAYLIGHT,CLOUDY,DRY
13984,34938275,MONROE,Henrietta,3, 15 43031102,N,43.0775416,-77.6419550,9/19/13,9:50,PROPERTY DAMAGE AND INJURY,1,0,2,COLLISION WITH MOTOR VEHICLE,RIGHT ANGLE,NONE,DAYLIGHT,CLEAR,DRY
13984,34758807,MONROE,Greece,3,104 43031160,N,43.2096593,-77.6947307,5/4/13,20:09,INJURY,1,0,1,COLLISION WITH BICYCLIST,OTHER,NONE,DUSK,CLEAR,DRY
13984,34991579,MONROE,Rochester,1,,N,43.1424360,-77.6293390,10/31/13,16:00,INJURY,1,0,1,COLLISION WITH BICYCLIST,OTHER,NONE,DAYLIGHT,RAIN,WET
13984,35372042,MONROE,Hilton,4,259 43011139,Y,43.2899330,-77.7930400,8/18/14,13:12,INJURY,1,0,2,COLLISION WITH MOTOR VEHICLE,RIGHT ANGLE,STOP SIGN,DAYLIGHT,CLEAR,DRY
13984,35200994,MONROE,Webster,3,104 43035236,N,43.2141880,-77.5052842,3/18/14,19:36,INJURY,1,0,1,COLLISION WITH SNOW EMBANKMENT,OTHER,NONE,DARK-ROAD LIGHTED,CLEAR,SNOW/ICE
13984,34784810,MONROE,Rochester,1,,Y,43.1826890,-77.5993041,5/14/13,9:50,PROPERTY DAMAGE AND INJURY,1,0,2,COLLISION WITH MOTOR VEHICLE,LEFT TURN (AGAINST OTHER CAR),NONE,DAYLIGHT,CLEAR,DRY
13984,34850682,MONROE,Rochester,1, 15A43042001,Y,43.1130560,-77.6161210,7/12/13,15:45,INJURY,2,0,2,COLLISION WITH MOTOR VEHICLE,REAR END,TRAFFIC SIGNAL,DAYLIGHT,CLEAR,DRY
13984,34938960,MONROE,Clarkson,3, 31 43031015,Y,43.2199780,-77.9670000,9/14/13,12:33,INJURY,2,0,2,COLLISION WITH MOTOR VEHICLE,HEAD ON,TRAFFIC SIGNAL,DAYLIGHT,CLOUDY,DRY
13984,34981522,MONROE,Rochester,1,490I43022017,N,43.1567945,-77.6408217,10/28/13,16:15,PROPERTY DAMAGE AND INJURY,1,0,2,COLLISION WITH MOTOR VEHICLE,REAR END,NONE,DAYLIGHT,CLEAR,DRY
13984,34999706,MONROE,Pittsford,3,490I43023040,N,43.1005487,-77.5029271,11/9/13,21:50,PROPERTY DAMAGE AND INJURY,1,0,1,COLLISION WITH GUIDE RAIL,OTHER,NONE,DARK-ROAD UNLIGHTED,RAIN,WET
13984,35515125,MONROE,Henrietta,3,252 43011083,N,43.0871555,-77.6095802,12/3/14,16:36,PROPERTY DAMAGE AND INJURY,1,0,2,COLLISION WITH MOTOR VEHICLE,REAR END,TRAFFIC SIGNAL,DARK-ROAD LIGHTED,CLOUDY,DRY
13984,35235121,MONROE,Penfield,3,441 43011052,N,43.1306841,-77.4415690,4/23/14,10:48,PROPERTY DAMAGE AND INJURY,2,0,2,COLLISION WITH MOTOR VEHICLE,REAR END,TRAFFIC SIGNAL,DAYLIGHT,RAIN,WET
13984,35235115,MONROE,Ogden,3, 36 43031147,Y,43.1791160,-77.8546420,4/18/14,10:20,PROPERTY DAMAGE AND INJURY,1,0,2,COLLISION WITH MOTOR VEHICLE,RIGHT ANGLE,FLASHING LIGHT,DAYLIGHT,CLEAR,DRY
13984,35287939,MONROE,Pittsford,3, 31F43011010,Y,43.1082301,-77.4998251,5/25/14,18:26,PROPERTY DAMAGE AND INJURY,2,0,2,COLLISION WITH MOTOR VEHICLE,RIGHT ANGLE,TRAFFIC SIGNAL,DAYLIGHT,CLEAR,DRY
13984,35287883,MONROE,Webster,3,,N,43.2404333,-77.4282881,5/31/14,15:58,PROPERTY DAMAGE AND INJURY,2,0,2,COLLISION WITH MOTOR VEHICLE,REAR END,STOP SIGN,DAYLIGHT,CLEAR,DRY
13984,35330459,MONROE,Pittsford,4, 96 43051058,Y,43.0908024,-77.5152751,7/15/14,13:19,INJURY,2,0,3,COLLISION WITH MOTOR VEHICLE,OTHER,TRAFFIC SIGNAL,DAYLIGHT,CLEAR,DRY
13984,35176280,MONROE,Rochester,1,,Y,43.1757720,-77.5778089,3/10/14,16:00,INJURY,4,0,3,COLLISION WITH MOTOR VEHICLE,OTHER,NONE,DAYLIGHT,CLEAR,DRY
13984,35330442,MONROE,Gates,3,,Y,43.1652630,-77.6807070,7/15/14,13:09,PROPERTY DAMAGE AND INJURY,1,0,2,COLLISION WITH MOTOR VEHICLE,RIGHT ANGLE,STOP SIGN,DAYLIGHT,RAIN,WET
13984,35062128,MONROE,Greece,3,,Y,43.2142400,-77.7308580,12/30/13,14:12,PROPERTY DAMAGE AND INJURY,2,0,2,COLLISION WITH MOTOR VEHICLE,RIGHT ANGLE,NONE,DAYLIGHT,CLOUDY,WET
13984,35550895,MONROE,Perinton,3, 31 43033085,Y,43.0692880,-77.4423639,12/28/14,18:24,PROPERTY DAMAGE AND INJURY,1,0,2,COLLISION WITH MOTOR VEHICLE,RIGHT ANGLE,TRAFFIC SIGNAL,DARK-ROAD LIGHTED,CLEAR,DRY
13984,35179992,MONROE,Henrietta,3,252 43011076,Y,43.0870440,-77.6247261,3/11/14,11:00,INJURY,1,0,2,COLLISION WITH MOTOR VEHICLE,REAR END,TRAFFIC SIGNAL,DAYLIGHT,CLEAR,DRY
13984,35422069,MONROE,Greece,3, 18 43031215,N,43.2384771,-77.6468456,9/23/14,12:38,INJURY,1,0,1,COLLISION WITH CURBING,OTHER,NONE,DAYLIGHT,CLEAR,DRY
13984,35381709,MONROE,Penfield,3,,Y,43.1962560,-77.5085160,8/29/14,15:25,PROPERTY DAMAGE AND INJURY,1,0,2,COLLISION WITH MOTOR VEHICLE,REAR END,NONE,DAYLIGHT,CLOUDY,DRY
13984,34912481,MONROE,Henrietta,3,,Y,43.0173260,-77.7086750,8/10/13,15:50,PROPERTY DAMAGE AND INJURY,2,0,2,COLLISION WITH MOTOR VEHICLE,REAR END,NONE,DAYLIGHT,CLEAR,DRY
13984,34925886,MONROE,Rochester,1,,N,43.1863410,-77.5613471,9/13/13,14:30,INJURY,1,0,2,COLLISION WITH MOTOR VEHICLE,REAR END,NONE,DAYLIGHT,RAIN,WET
13984,35414451,MONROE,Webster,3,404 43035092,N,43.2104090,-77.4455367,9/26/14,17:55,PROPERTY DAMAGE AND INJURY,1,0,2,COLLISION WITH MOTOR VEHICLE,REAR END,TRAFFIC SIGNAL,DAYLIGHT,CLEAR,DRY
13984,34916008,MONROE,Rochester,1,,Y,43.1577460,-77.6221790,9/4/13,15:25,INJURY,1,0,2,COLLISION WITH MOTOR VEHICLE,RIGHT ANGLE,STOP SIGN,DAYLIGHT,CLEAR,DRY
13984,35062363,MONROE,Rochester,1,,Y,43.1805850,-77.6079719,12/28/13,19:34,INJURY,6,0,2,COLLISION WITH MOTOR VEHICLE,RIGHT ANGLE,TRAFFIC SIGNAL,DARK-ROAD LIGHTED,CLEAR,DRY
13984,35488447,MONROE,Brighton,3,,N,43.1376300,-77.5357150,11/27/14,11:40,PROPERTY DAMAGE AND INJURY,1,0,2,COLLISION WITH MOTOR VEHICLE,LEFT TURN (AGAINST OTHER CAR),TRAFFIC SIGNAL,DAYLIGHT,CLOUDY,WET
13984,34803996,MONROE,Rochester,1,,N,43.1819224,-77.6105424,6/2/13,19:49,INJURY,1,0,1,COLLISION WITH BICYCLIST,OTHER,NONE,DAYLIGHT,CLEAR,DRY
13984,35364173,MONROE,Rochester,1, 96 43052008,N,43.1469648,-77.5614577,8/1/14,9:08,INJURY,1,0,1,OTHER NON-COLLISION,OTHER,NONE,DAYLIGHT,CLEAR,DRY
13984,35398656,MONROE,Irondequoit,3,,N,43.1917929,-77.5415737,9/10/14,20:08,PROPERTY DAMAGE AND INJURY,2,0,1,COLLISION WITH TREE,OTHER,NONE,DARK-ROAD UNLIGHTED,RAIN,WET
13984,35223802,MONROE,Brighton,3,441 43011103,N,43.1293170,-77.5249620,4/15/14,8:08,INJURY,1,0,2,COLLISION WITH MOTOR VEHICLE,REAR END,YIELD SIGN,DAYLIGHT,RAIN,WET
13984,35499532,MONROE,Chili,3, 33A43021105,N,43.1069021,-77.7466577,12/3/14,22:35,PROPERTY DAMAGE AND INJURY,1,0,2,COLLISION WITH MOTOR VEHICLE,REAR END,TRAFFIC SIGNAL,DARK-ROAD LIGHTED,CLEAR,DRY
13984,35305552,MONROE,Perinton,3,,Y,43.0790560,-77.4517090,6/24/14,8:20,INJURY,1,0,1,COLLISION WITH BICYCLIST,OTHER,STOP SIGN,DAYLIGHT,CLOUDY,DRY
13984,35518807,MONROE,Henrietta,3,,N,43.0784584,-77.6288992,12/17/14,2:17,PROPERTY DAMAGE AND INJURY,1,0,4,COLLISION WITH MOTOR VEHICLE,OTHER,TRAFFIC SIGNAL,DARK-ROAD LIGHTED,SNOW,WET
13984,34820433,MONROE,Webster,3,,Y,43.1994620,-77.4622819,6/7/13,13:00,PROPERTY DAMAGE AND INJURY,1,0,1,OVERTURNED,OTHER,NONE,DAYLIGHT,RAIN,WET
13984,35518781,MONROE,Chili,3,252 43011042,N,43.0933637,-77.6897084,12/11/14,2:01,PROPERTY DAMAGE AND INJURY,1,0,1,COLL. W/LIGHT SUPPORT/UTILITY POLE,OTHER,NONE,DARK-ROAD LIGHTED,SNOW,SNOW/ICE
13984,34918118,MONROE,Gates,3, 33A43021139,Y,43.1307470,-77.6897530,9/9/13,7:45,PROPERTY DAMAGE AND INJURY,2,0,2,COLLISION WITH MOTOR VEHICLE,RIGHT ANGLE,TRAFFIC SIGNAL,DAYLIGHT,CLOUDY,DRY
13984,35397507,MONROE,Rochester,1,,Y,43.1875025,-77.5798824,9/6/14,3:17,PROPERTY DAMAGE AND INJURY,1,0,2,COLLISION WITH MOTOR VEHICLE,REAR END,NONE,DARK-ROAD LIGHTED,RAIN,WET
13984,35473497,UNKNOWN COUNTY,,0,,N,43.1176512,-77.6305010,10/28/14,19:31,INJURY,1,0,1,COLLISION WITH PEDESTRIAN,OTHER,TRAFFIC SIGNAL,DARK-ROAD LIGHTED,RAIN,WET
13984,35261770,MONROE,Irondequoit,3,404 43035033,Y,43.1770380,-77.5381280,5/16/14,6:57,PROPERTY DAMAGE AND INJURY,1,0,2,COLLISION WITH MOTOR VEHICLE,LEFT TURN (AGAINST OTHER CAR),TRAFFIC SIGNAL,DAWN,RAIN,WET
13984,35397458,UNKNOWN COUNTY,,0,,N,43.1778346,-77.6169131,9/3/14,7:53,INJURY,1,0,1,COLLISION WITH PEDESTRIAN,OTHER,NONE,DAYLIGHT,CLEAR,DRY
13984,35473662,MONROE,Rochester,1, 15 43032018,N,43.1405751,-77.6135704,11/7/14,14:14,INJURY,1,0,2,COLLISION WITH MOTOR VEHICLE,REAR END,NONE,DAYLIGHT,SLEET/HAIL/FREEZING RAIN,WET
13984,34991225,MONROE,Irondequoit,3,,Y,43.2018170,-77.5674480,11/1/13,14:17,PROPERTY DAMAGE AND INJURY,3,0,2,COLLISION WITH MOTOR VEHICLE,REAR END,TRAFFIC SIGNAL,DAYLIGHT,CLOUDY,DRY
13984,35514204,MONROE,Rochester,1,,Y,43.1372910,-77.5941040,12/10/14,16:48,PROPERTY DAMAGE AND INJURY,1,0,4,COLLISION WITH MOTOR VEHICLE,OTHER,NONE,DARK-ROAD LIGHTED,SNOW,SNOW/ICE
13984,34991212,MONROE,Gates,3,490I43021147,N,43.1378311,-77.7175153,11/1/13,1:08,PROPERTY DAMAGE AND INJURY,1,0,1,COLLISION WITH CRASH CUSHION,OTHER,HIGHWAY WORK AREA,DARK-ROAD LIGHTED,RAIN,WET
13984,35059679,MONROE,Gates,3,,Y,43.1791000,-77.7015690,12/21/13,19:19,FATAL,2,1,1,COLLISION WITH PEDESTRIAN,OTHER,NONE,DARK-ROAD LIGHTED,RAIN,WET
13984,35146041,MONROE,Rochester,1,,Y,43.1835620,-77.5655220,2/12/14,13:22,INJURY,1,0,2,COLLISION WITH MOTOR VEHICLE,RIGHT ANGLE,STOP SIGN,DAYLIGHT,CLEAR,WET
13984,35280639,MONROE,Chili,3,,Y,43.0985740,-77.7538050,5/26/14,4:25,PROPERTY DAMAGE AND INJURY,1,0,1,COLLISION WITH BUILDING/WALL,OTHER,NONE,DARK-ROAD LIGHTED,CLEAR,DRY
13984,34894753,MONROE,Rochester,1,,N,43.1865720,-77.6225501,8/7/13,11:58,INJURY,2,0,2,COLLISION WITH MOTOR VEHICLE,REAR END,TRAFFIC SIGNAL,DAYLIGHT,CLEAR,DRY
13984,35378246,MONROE,Parma,3,259 43011153,Y,43.3103720,-77.7943240,8/22/14,14:52,INJURY,3,0,2,COLLISION WITH MOTOR VEHICLE,RIGHT ANGLE,STOP SIGN,DAYLIGHT,CLEAR,DRY
13984,35513174,MONROE,Rochester,1,,Y,43.1861840,-77.6388790,12/10/14,16:40,PROPERTY DAMAGE AND INJURY,2,0,4,COLLISION WITH MOTOR VEHICLE,OTHER,STOP SIGN,DAYLIGHT,SNOW,SNOW/ICE
13984,35316047,MONROE,Perinton,3, 31F43011021,Y,43.1026090,-77.4809221,7/5/14,12:23,PROPERTY DAMAGE AND INJURY,1,0,2,COLLISION WITH MOTOR VEHICLE,LEFT TURN (WITH OTHER CAR),TRAFFIC SIGNAL,DAYLIGHT,CLEAR,DRY
13984,34874310,MONROE,Penfield,3,404 43035055,N,43.1871656,-77.5053464,7/25/13,16:20,INJURY,1,0,2,COLL. W/EARTH ELE./ROCK CUT/DITCH,RIGHT TURN (WITH OTHER CAR),NONE,DAYLIGHT,CLEAR,DRY
13984,34883859,MONROE,Rochester,1,,N,43.1501753,-77.6340482,8/11/13,3:51,PROPERTY DAMAGE AND INJURY,1,0,1,COLL. W/LIGHT SUPPORT/UTILITY POLE,OTHER,NONE,DARK-ROAD LIGHTED,CLEAR,DRY
13984,34838094,MONROE,Pittsford,3,253 43011160,Y,43.1082310,-77.4998280,6/30/13,13:54,INJURY,1,0,2,COLLISION WITH MOTOR VEHICLE,REAR END,TRAFFIC SIGNAL,DAYLIGHT,CLOUDY,DRY
13984,35412292,MONROE,Rochester,1,,Y,43.1793200,-77.6348230,9/21/14,12:40,PROPERTY DAMAGE AND INJURY,1,0,2,COLLISION WITH MOTOR VEHICLE,RIGHT ANGLE,STOP SIGN,DAYLIGHT,RAIN,WET
13984,35201751,MONROE,Pittsford,3,,N,43.0382574,-77.5359836,3/29/14,19:20,PROPERTY DAMAGE AND INJURY,1,0,1,COLLISION WITH TREE,OTHER,NONE,DUSK,RAIN,SLUSH
13984,34962236,MONROE,Wheatland,3,940H43011005,N,42.9968072,-77.7433684,10/5/13,5:19,PROPERTY DAMAGE AND INJURY,1,0,1,COLLISION WITH TREE,OTHER,NONE,DARK-ROAD UNLIGHTED,CLOUDY,DRY
13984,34962164,MONROE,Rochester,1,,Y,43.1910160,-77.5998220,10/14/13,18:58,INJURY,1,0,1,OTHER NON-COLLISION,OTHER,NONE,DARK-ROAD LIGHTED,CLEAR,DRY
13984,34938844,MONROE,Rochester,1,,Y,43.1494400,-77.5531060,9/25/13,18:45,PROPERTY DAMAGE AND INJURY,1,0,1,COLLISION WITH BICYCLIST,OTHER,TRAFFIC SIGNAL,DAYLIGHT,CLOUDY,DRY
13984,34869124,MONROE,Perinton,3, 31F43011067,Y,43.0939430,-77.4033600,7/18/13,17:10,PROPERTY DAMAGE AND INJURY,2,0,3,COLLISION WITH MOTOR VEHICLE,OTHER,TRAFFIC SIGNAL,DAYLIGHT,CLEAR,DRY
13984,34913382,MONROE,Greece,3,,Y,43.2419330,-77.6371860,9/5/13,12:56,INJURY,4,0,2,COLLISION WITH MOTOR VEHICLE,OVERTAKING,NONE,DAYLIGHT,CLEAR,DRY
13984,34726679,MONROE,Riga,3,490I43021050,N,43.0929456,-77.8848401,3/19/13,0:47,INJURY,1,0,1,COLL. W/LIGHT SUPPORT/UTILITY POLE,OTHER,NONE,DARK-ROAD LIGHTED,SLEET/HAIL/FREEZING RAIN,SNOW/ICE
13984,34840611,MONROE,Rochester,1,590I43012001,N,43.1391355,-77.5526871,7/8/13,21:05,PROPERTY DAMAGE AND INJURY,3,0,4,COLLISION WITH MOTOR VEHICLE,OTHER,NONE,DARK-ROAD LIGHTED,CLOUDY,DRY
13984,34915943,MONROE,Brighton,3,490I43023017,N,43.1264498,-77.5244963,9/4/13,8:19,PROPERTY DAMAGE AND INJURY,1,0,5,COLLISION WITH MOTOR VEHICLE,OTHER,NONE,DAYLIGHT,CLEAR,DRY
13984,34858320,MONROE,Rush,3, 15A43041038,N,42.9903284,-77.6365069,7/4/13,22:40,PROPERTY DAMAGE AND INJURY,3,0,2,COLLISION WITH MOTOR VEHICLE,LEFT TURN (AGAINST OTHER CAR),NONE,DARK-ROAD LIGHTED,CLOUDY,DRY
13984,35371778,MONROE,Rochester,1, 33A43022010,Y,43.1466590,-77.6470100,8/5/14,11:25,PROPERTY DAMAGE AND INJURY,1,0,2,COLLISION WITH MOTOR VEHICLE,LEFT TURN (WITH OTHER CAR),STOP SIGN,DAYLIGHT,CLOUDY,DRY
13984,35030312,MONROE,Henrietta,3,,N,43.0865665,-77.6577434,11/23/13,22:10,INJURY,1,0,1,COLLISION WITH BICYCLIST,OTHER,NONE,DARK-ROAD UNLIGHTED,SNOW,SNOW/ICE
13984,35260697,MONROE,Rochester,1,,Y,43.1938437,-77.6231384,5/10/14,16:08,FATAL,2,1,2,COLLISION WITH MOTOR VEHICLE,HEAD ON,NONE,DAYLIGHT,CLEAR,DRY
13984,34788985,MONROE,Rochester,1,,Y,43.1620510,-77.5835919,5/22/13,11:43,PROPERTY DAMAGE AND INJURY,1,0,2,COLLISION WITH MOTOR VEHICLE,REAR END,TRAFFIC SIGNAL,DAYLIGHT,CLEAR,DRY
13984,34792521,MONROE,Rochester,1,,N,43.1605724,-77.5910446,5/23/13,8:30,PROPERTY DAMAGE AND INJURY,1,0,2,COLLISION WITH MOTOR VEHICLE,REAR END,NONE,DAYLIGHT,CLEAR,DRY
13984,35198046,MONROE,Rochester,1,940K43011019,Y,43.1792090,-77.6592360,3/30/14,0:50,PROPERTY DAMAGE AND INJURY,1,0,2,COLLISION WITH MOTOR VEHICLE,REAR END,TRAFFIC SIGNAL,DARK-ROAD LIGHTED,SLEET/HAIL/FREEZING RAIN,SNOW/ICE