QUERYID,CASE #,REGN_CNTY_CDE,Municipality,MUNITYPE,REF_MRKR,ATINTERSECTION_IND,Lat,Long,,Time,Crash Type,Injuries,Fatalities,Number of Vehicles,ACCD_TYP,COLLISION_TYP,TRAF_CNTL,Light Condition,Weather Condition,Road Surface Condition
13984,34839364,MONROE,Rochester,1, 15 43032028,Y,43.1540890,-77.6050990,6/30/13,21:58,PROPERTY DAMAGE AND INJURY,1,0,2,COLLISION WITH MOTOR VEHICLE,RIGHT ANGLE,TRAFFIC SIGNAL,DARK-ROAD LIGHTED,CLEAR,DRY
13984,35094420,MONROE,Brighton,3,490I43023015,N,43.1289956,-77.5246199,1/20/14,10:05,PROPERTY DAMAGE AND INJURY,1,0,1,COLLISION WITH MEDIAN/BARRIER,OTHER,NONE,DAYLIGHT,SNOW,SNOW/ICE
13984,34695665,MONROE,Greece,3,390 43011065,N,43.2488821,-77.6680791,3/13/13,16:27,PROPERTY DAMAGE AND INJURY,1,0,2,COLLISION WITH MOTOR VEHICLE,REAR END,NONE,DAYLIGHT,SNOW,WET
13984,35500712,MONROE,Perinton,3,,N,43.1023635,-77.4810893,11/13/14,17:40,INJURY,1,0,1,COLLISION WITH BICYCLIST,OTHER,STOP SIGN,DARK-ROAD LIGHTED,SNOW,WET
13984,35091429,MONROE,Brighton,3,490I43023008,N,43.1368220,-77.5345566,1/18/14,9:47,INJURY,1,0,1,COLLISION WITH OTHER BARRIER,OTHER,NONE,DAYLIGHT,SNOW,SNOW/ICE
13984,35296896,MONROE,Brighton,3, 15A43041128,N,43.1078220,-77.6159310,6/13/14,16:39,PROPERTY DAMAGE AND INJURY,1,0,2,COLLISION WITH MOTOR VEHICLE,RIGHT ANGLE,TRAFFIC SIGNAL,DAYLIGHT,CLOUDY,DRY
13984,35422103,MONROE,Henrietta,3,,Y,43.0782230,-77.6287070,9/19/14,16:41,PROPERTY DAMAGE AND INJURY,2,0,2,COLLISION WITH MOTOR VEHICLE,RIGHT ANGLE,TRAFFIC SIGNAL,DAYLIGHT,CLEAR,DRY
13984,34968805,MONROE,Mendon,3,,N,43.0209712,-77.4944702,10/19/13,22:10,PROPERTY DAMAGE AND INJURY,1,0,1,COLLISION WITH DEER,OTHER,NONE,DARK-ROAD UNLIGHTED,CLOUDY,WET
13984,34767190,MONROE,Rochester,1,390I43037000,N,43.1306628,-77.6610814,5/6/13,7:52,PROPERTY DAMAGE AND INJURY,3,0,3,COLLISION WITH MOTOR VEHICLE,OTHER,NONE,DAYLIGHT,CLEAR,DRY
13984,35381235,MONROE,Perinton,3,,N,43.0699813,-77.4341628,8/12/14,22:22,PROPERTY DAMAGE AND INJURY,1,0,1,COLL. W/LIGHT SUPPORT/UTILITY POLE,OTHER,NONE,DARK-ROAD LIGHTED,RAIN,WET
13984,34712722,MONROE,Sweden,3, 31 43031047,N,43.1983501,-77.9411207,3/26/13,17:31,INJURY,1,0,2,COLLISION WITH MOTOR VEHICLE,RIGHT ANGLE,NONE,DAYLIGHT,CLOUDY,DRY
13984,35435253,MONROE,Irondequoit,3,,Y,43.1975432,-77.5845335,10/18/14,19:03,INJURY,1,0,2,COLLISION WITH MOTOR VEHICLE,OVERTAKING,NONE,DARK-ROAD LIGHTED,RAIN,WET
13984,34930769,MONROE,Rochester,1,,Y,43.1751800,-77.6045450,9/19/13,16:20,PROPERTY DAMAGE AND INJURY,1,0,2,COLLISION WITH MOTOR VEHICLE,RIGHT ANGLE,STOP SIGN,DAYLIGHT,CLEAR,DRY
13984,35435019,MONROE,Rochester,1,940M43011017,Y,43.1889230,-77.6301880,10/16/14,19:30,PROPERTY DAMAGE AND INJURY,1,0,1,OTHER NON-COLLISION,OTHER,TRAFFIC SIGNAL,DARK-ROAD LIGHTED,CLEAR,DRY
13984,35061752,MONROE,Rochester,1,940T43011002,N,43.1568750,-77.6189632,12/26/13,7:36,INJURY,1,0,2,COLLISION WITH MOTOR VEHICLE,REAR END,NONE,DAYLIGHT,CLOUDY,WET
13984,35020988,MONROE,Chili,3,,N,43.0443020,-77.7750090,11/22/13,19:14,PROPERTY DAMAGE AND INJURY,1,0,1,COLL. W/EARTH ELE./ROCK CUT/DITCH,OTHER,NONE,DARK-ROAD UNLIGHTED,RAIN,WET
13984,34958177,MONROE,Greece,3, 18 43031170,Y,43.2532630,-77.7156080,10/8/13,19:02,PROPERTY DAMAGE AND INJURY,3,0,1,COLLISION WITH BICYCLIST,OTHER,TRAFFIC SIGNAL,DUSK,CLEAR,DRY
13984,35056342,MONROE,Rochester,1,,Y,43.1561713,-77.6129278,12/19/13,12:20,INJURY,1,0,2,COLLISION WITH MOTOR VEHICLE,HEAD ON,TRAFFIC SIGNAL,DAYLIGHT,CLEAR,WET
13984,35138842,MONROE,Rochester,1, 15 43032008,Y,43.1247350,-77.6174570,2/16/14,0:47,PROPERTY DAMAGE AND INJURY,2,0,3,COLLISION WITH MOTOR VEHICLE,OTHER,TRAFFIC SIGNAL,DARK-ROAD LIGHTED,SNOW,SNOW/ICE
13984,35424078,MONROE,Rochester,1,490I43022056,N,43.1433091,-77.5723778,10/2/14,17:42,PROPERTY DAMAGE AND INJURY,1,0,2,COLLISION WITH MOTOR VEHICLE,REAR END,NONE,DAYLIGHT,CLOUDY,DRY
13984,35056348,MONROE,Rochester,1,,Y,43.1600190,-77.5892900,12/11/13,17:13,INJURY,1,0,1,COLLISION WITH PEDESTRIAN,OTHER,STOP SIGN,DARK-ROAD LIGHTED,RAIN,WET
13984,34902992,MONROE,Rochester,1,104 43032032,N,43.1918558,-77.6027968,8/23/13,12:45,PROPERTY DAMAGE AND INJURY,1,0,2,COLLISION WITH MOTOR VEHICLE,REAR END,HIGHWAY WORK AREA,DAYLIGHT,CLEAR,DRY
13984,34987630,MONROE,Rochester,1,,Y,43.1599800,-77.5576940,10/31/13,9:15,INJURY,1,0,1,COLLISION WITH BICYCLIST,OTHER,TRAFFIC SIGNAL,DAYLIGHT,RAIN,WET
13984,34920089,MONROE,Rochester,1,,N,43.1938526,-77.6425999,9/10/13,16:00,PROPERTY DAMAGE AND INJURY,1,0,3,COLLISION WITH MOTOR VEHICLE,OTHER,NONE,DAYLIGHT,CLEAR,DRY
13984,34920079,MONROE,Rochester,1, 33A43022013,Y,43.1485310,-77.6414850,9/9/13,14:38,PROPERTY DAMAGE AND INJURY,2,0,3,COLLISION WITH MOTOR VEHICLE,OTHER,NONE,DAYLIGHT,CLEAR,DRY
13984,35302009,MONROE,Rochester,1, 18 43032012,Y,43.2004550,-77.6387230,6/21/14,17:56,PROPERTY DAMAGE AND INJURY,2,0,2,COLLISION WITH MOTOR VEHICLE,RIGHT ANGLE,TRAFFIC SIGNAL,DAYLIGHT,CLEAR,DRY
13984,34953098,MONROE,Rochester,1,,Y,43.1493330,-77.5445470,9/26/13,20:58,PROPERTY DAMAGE AND INJURY,1,0,2,COLLISION WITH MOTOR VEHICLE,RIGHT ANGLE,STOP SIGN,DARK-ROAD LIGHTED,CLEAR,DRY
13984,35285303,MONROE,Greece,3,,Y,43.2383440,-77.6508570,6/10/14,14:10,INJURY,1,0,1,COLLISION WITH BICYCLIST,OTHER,STOP SIGN,DAYLIGHT,CLEAR,DRY
13984,35468209,MONROE,Rochester,1,,N,43.1814972,-77.5992256,11/10/14,16:33,PROPERTY DAMAGE AND INJURY,1,0,2,COLLISION WITH MOTOR VEHICLE,REAR END,NONE,DAYLIGHT,CLEAR,DRY
13984,35062359,MONROE,Rochester,1, 33A43022003,N,43.1425205,-77.6592809,12/23/13,17:41,INJURY,3,0,2,COLLISION WITH MOTOR VEHICLE,OVERTAKING,NONE,DARK-ROAD LIGHTED,SNOW,WET
13984,34979706,MONROE,Rochester,1,104 43032027,N,43.1913507,-77.6114866,10/25/13,15:11,PROPERTY DAMAGE AND INJURY,1,0,1,COLLISION WITH BICYCLIST,OTHER,NONE,DAYLIGHT,CLEAR,DRY
13984,35041990,MONROE,Penfield,3,441 43011031,Y,43.1285116,-77.4837240,12/12/13,11:22,PROPERTY DAMAGE AND INJURY,1,0,2,COLLISION WITH MOTOR VEHICLE,REAR END,NO PASSING ZONE,DAYLIGHT,CLOUDY,WET
13984,34993394,MONROE,Rochester,1,,Y,43.1982910,-77.5615750,11/5/13,17:40,PROPERTY DAMAGE AND INJURY,2,0,2,COLLISION WITH MOTOR VEHICLE,RIGHT ANGLE,STOP SIGN,DARK-ROAD LIGHTED,CLEAR,DRY
13984,35333016,MONROE,Perinton,3, 31 43033091,N,43.0686658,-77.4295144,7/17/14,7:36,PROPERTY DAMAGE AND INJURY,1,0,1,OVERTURNED,OTHER,NONE,DAYLIGHT,CLEAR,DRY
13984,34789032,MONROE,Rochester,1, 33A43022011,Y,43.1474554,-77.6449270,5/25/13,20:40,INJURY,1,0,1,COLLISION WITH PEDESTRIAN,OTHER,NONE,DUSK,CLEAR,DRY
13984,35477691,MONROE,Sweden,3, 31 43031072,N,43.1952054,-77.8932562,11/15/14,11:56,PROPERTY DAMAGE AND INJURY,1,0,2,COLLISION WITH MOTOR VEHICLE,OVERTAKING,NONE,DAYLIGHT,CLOUDY,DRY
13984,35132709,MONROE,Perinton,3,,Y,43.1085280,-77.4024699,1/9/14,18:10,FATAL,0,1,1,COLLISION WITH DEER,OTHER,NONE,DARK-ROAD UNLIGHTED,CLEAR,DRY
13984,34965623,MONROE,Chili,3,252 43011034,N,43.0928653,-77.7038415,10/15/13,19:04,INJURY,1,0,3,COLLISION WITH DEER,OTHER,NONE,DARK-ROAD UNLIGHTED,CLOUDY,DRY
13984,35378249,MONROE,Irondequoit,3,,Y,43.2241800,-77.5450000,8/23/14,20:00,PROPERTY DAMAGE AND INJURY,1,0,1,OTHER NON-COLLISION,OTHER,NONE,DUSK,CLEAR,DRY
13984,35089476,MONROE,Penfield,3,,Y,43.1568260,-77.5252930,1/15/14,11:15,PROPERTY DAMAGE AND INJURY,1,0,2,COLLISION WITH MOTOR VEHICLE,REAR END,NONE,DAYLIGHT,CLOUDY,DRY
13984,35089467,MONROE,Greece,3,386 43011021,Y,43.2050320,-77.7319661,1/15/14,22:20,PROPERTY DAMAGE AND INJURY,1,0,2,COLLISION WITH MOTOR VEHICLE,REAR END,NONE,DARK-ROAD UNLIGHTED,CLOUDY,DRY
13984,35430272,MONROE,Greece,3,,Y,43.1869140,-77.7015110,10/10/14,12:47,PROPERTY DAMAGE AND INJURY,1,0,2,COLLISION WITH MOTOR VEHICLE,REAR END,TRAFFIC SIGNAL,DAYLIGHT,CLOUDY,DRY
13984,34704727,MONROE,Rochester,1,490I43022035,N,43.1511182,-77.6084185,3/17/13,11:26,PROPERTY DAMAGE AND INJURY,1,0,1,COLLISION WITH OTHER BARRIER,OTHER,NONE,DAYLIGHT,SNOW,SNOW/ICE
13984,35115221,MONROE,Mendon,3,251 43011231,N,42.9969520,-77.5394406,1/25/14,19:38,PROPERTY DAMAGE AND INJURY,1,0,1,COLLISION WITH SIGN POST,OTHER,NONE,DARK-ROAD UNLIGHTED,SNOW,SNOW/ICE
13984,34871598,MONROE,Rochester,1,,N,43.1929297,-77.5922332,7/21/13,2:36,PROPERTY DAMAGE AND INJURY,1,0,1,COLLISION WITH CURBING,OTHER,NONE,DARK-ROAD LIGHTED,CLEAR,DRY
13984,35466395,MONROE,Rochester,1,,Y,43.1938840,-77.6487570,11/7/14,16:25,INJURY,1,0,2,COLLISION WITH MOTOR VEHICLE,REAR END,RR CROSSING SIGN,DAYLIGHT,CLOUDY,WET
13984,35290578,MONROE,Rochester,1,,N,43.1488161,-77.6238738,6/12/14,21:41,INJURY,1,0,1,COLLISION WITH PEDESTRIAN,OTHER,NONE,DARK-ROAD LIGHTED,CLEAR,DRY
13984,34691244,MONROE,Pittsford,4, 96 43051053,N,43.0856665,-77.5148153,3/11/13,14:03,INJURY,1,0,2,COLLISION WITH MOTOR VEHICLE,RIGHT ANGLE,STOP SIGN,DAYLIGHT,CLOUDY,DRY
13984,35214121,MONROE,Rochester,1,,Y,43.1639360,-77.5825830,4/3/14,14:49,INJURY,1,0,2,COLLISION WITH MOTOR VEHICLE,RIGHT TURN (AGAINST OTHER CAR),TRAFFIC SIGNAL,DAYLIGHT,CLOUDY,DRY
13984,34964945,MONROE,Greece,3,,N,43.1870868,-77.7006080,10/15/13,13:24,PROPERTY DAMAGE AND INJURY,1,0,2,COLLISION WITH MOTOR VEHICLE,REAR END,TRAFFIC SIGNAL,DAYLIGHT,CLOUDY,DRY
13984,35119084,MONROE,Rochester,1,,Y,43.1247910,-77.6142800,1/31/14,22:14,PROPERTY DAMAGE AND INJURY,1,0,2,COLLISION WITH MOTOR VEHICLE,RIGHT ANGLE,TRAFFIC SIGNAL,DARK-ROAD LIGHTED,CLOUDY,DRY
13984,35313258,MONROE,Hamlin,3,272 45011051,N,43.3286314,-77.9952081,6/29/14,6:00,PROPERTY DAMAGE AND INJURY,1,0,1,COLL. W/EARTH ELE./ROCK CUT/DITCH,OTHER,NONE,DAWN,CLEAR,DRY
13984,35445039,MONROE,Rochester,1,,Y,43.1908360,-77.6487361,10/25/14,16:05,PROPERTY DAMAGE AND INJURY,1,0,1,COLLISION WITH TREE,OTHER,STOP SIGN,DAYLIGHT,CLOUDY,DRY
13984,35517930,MONROE,Webster,3,,N,43.2156236,-77.4465960,12/12/14,9:23,PROPERTY DAMAGE AND INJURY,1,0,1,COLL. W/LIGHT SUPPORT/UTILITY POLE,OTHER,TRAFFIC SIGNAL,DAYLIGHT,CLOUDY,WET
13984,34740023,MONROE,Penfield,3,,N,43.1331459,-77.4922734,4/16/13,15:14,PROPERTY DAMAGE AND INJURY,1,0,2,COLLISION WITH MOTOR VEHICLE,REAR END,TRAFFIC SIGNAL,DAYLIGHT,RAIN,WET
13984,34788757,MONROE,Pittsford,3, 96 43051073,N,43.1109272,-77.5172618,5/22/13,14:25,PROPERTY DAMAGE AND INJURY,1,0,2,COLLISION WITH MOTOR VEHICLE,RIGHT ANGLE,STOP SIGN,DAYLIGHT,CLOUDY,WET
13984,34911621,MONROE,Irondequoit,3,,Y,43.2225660,-77.5989590,9/3/13,18:28,INJURY,6,0,2,COLLISION WITH MOTOR VEHICLE,RIGHT ANGLE,TRAFFIC SIGNAL,DAYLIGHT,CLEAR,DRY
13984,34748467,MONROE,Greece,3,,N,43.2111026,-77.7066547,4/24/13,14:50,PROPERTY DAMAGE AND INJURY,2,0,2,COLLISION WITH MOTOR VEHICLE,RIGHT ANGLE,NONE,DAYLIGHT,RAIN,WET
13984,34862935,MONROE,Perinton,3, 31 43033108,N,43.0644812,-77.3972083,7/23/13,16:10,PROPERTY DAMAGE AND INJURY,1,0,3,COLLISION WITH MOTOR VEHICLE,OTHER,NONE,DAYLIGHT,CLEAR,DRY
13984,35085251,MONROE,Gates,3,390I43037002,N,43.1335351,-77.6625053,1/7/14,15:38,PROPERTY DAMAGE AND INJURY,1,0,2,COLLISION WITH GUIDE RAIL,REAR END,NONE,DAYLIGHT,SNOW,SNOW/ICE
13984,34700053,MONROE,Rochester,1,,Y,43.1868120,-77.5995710,3/13/13,13:56,INJURY,1,0,2,COLLISION WITH MOTOR VEHICLE,REAR END,TRAFFIC SIGNAL,DAYLIGHT,CLOUDY,DRY
13984,34839374,MONROE,Rochester,1,940M43011000,N,43.1651107,-77.6236329,7/2/13,16:37,PROPERTY DAMAGE AND INJURY,3,0,2,COLLISION WITH MOTOR VEHICLE,OVERTAKING,NONE,DAYLIGHT,OTHER,DRY
13984,35036462,MONROE,Rochester,1,490I43022066,N,43.1444641,-77.5534500,12/8/13,22:35,PROPERTY DAMAGE AND INJURY,1,0,1,COLLISION WITH OTHER BARRIER,OTHER,NONE,DARK-ROAD LIGHTED,SNOW,WET
13984,35464962,MONROE,Brighton,3,,Y,43.1256120,-77.5928961,11/5/14,15:32,INJURY,1,0,1,COLLISION WITH PEDESTRIAN,OTHER,TRAFFIC SIGNAL,DAYLIGHT,CLEAR,DRY
13984,35370080,MONROE,Rochester,1,,Y,43.1881610,-77.5609770,8/18/14,22:10,INJURY,1,0,1,COLLISION WITH PEDESTRIAN,OTHER,TRAFFIC SIGNAL,DARK-ROAD LIGHTED,CLEAR,DRY
13984,35076738,MONROE,Pittsford,3, 65 43031120,Y,43.1001970,-77.5470050,1/7/14,12:00,INJURY,1,0,2,COLLISION WITH MOTOR VEHICLE,RIGHT ANGLE,TRAFFIC SIGNAL,DAYLIGHT,SNOW,SNOW/ICE
13984,35076535,MONROE,Brighton,3,490I43023002,N,43.1418935,-77.5433707,1/8/14,11:15,PROPERTY DAMAGE AND INJURY,1,0,1,COLL. W/LIGHT SUPPORT/UTILITY POLE,OTHER,NONE,DAYLIGHT,CLOUDY,SNOW/ICE
13984,35462196,MONROE,Irondequoit,3,,N,43.2484857,-77.5992133,11/8/14,17:30,PROPERTY DAMAGE AND INJURY,1,0,3,COLLISION WITH MOTOR VEHICLE,OTHER,NONE,DARK-ROAD LIGHTED,CLOUDY,DRY
13984,35351930,MONROE,Rochester,1,,Y,43.1580680,-77.6023430,8/5/14,11:38,INJURY,3,0,2,COLLISION WITH MOTOR VEHICLE,REAR END,TRAFFIC SIGNAL,DAYLIGHT,CLOUDY,DRY
13984,35508099,MONROE,Brighton,3,490I43023003,N,43.1413947,-77.5428664,12/10/14,15:15,PROPERTY DAMAGE AND INJURY,1,0,1,COLLISION WITH OTHER BARRIER,OTHER,NONE,DAYLIGHT,SNOW,SNOW/ICE
13984,35414055,MONROE,Irondequoit,3,,N,43.1739840,-77.5541165,9/25/14,20:00,INJURY,1,0,2,COLLISION WITH MOTOR VEHICLE,REAR END,NONE,DARK-ROAD LIGHTED,CLEAR,DRY
13984,35186434,MONROE,Rochester,1,,Y,43.1607290,-77.5844899,3/12/14,15:24,INJURY,1,0,2,COLLISION WITH MOTOR VEHICLE,SIDESWIPE,NONE,DAYLIGHT,SNOW,SNOW/ICE
13984,35352629,MONROE,Brighton,3, 15 43031121,N,43.1037293,-77.6280454,7/19/14,16:55,INJURY,1,0,2,COLLISION WITH MOTOR VEHICLE,OVERTAKING,NONE,DAYLIGHT,RAIN,WET
13984,35329555,MONROE,Rochester,1,,Y,43.1464210,-77.5547779,6/21/14,0:02,PROPERTY DAMAGE AND INJURY,1,0,2,COLLISION WITH MOTOR VEHICLE,RIGHT TURN (WITH OTHER CAR),TRAFFIC SIGNAL,DARK-ROAD LIGHTED,CLEAR,DRY
13984,35327496,MONROE,Penfield,3,286 43011023,Y,43.1536610,-77.4962660,7/15/14,6:50,PROPERTY DAMAGE AND INJURY,1,0,2,COLLISION WITH MOTOR VEHICLE,HEAD ON,STOP SIGN,DAYLIGHT,RAIN,WET
13984,35457719,MONROE,Brighton,3, 15A43041128,N,43.1080070,-77.6159370,11/4/14,11:34,INJURY,1,0,2,COLLISION WITH MOTOR VEHICLE,REAR END,TRAFFIC SIGNAL,DAYLIGHT,CLEAR,DRY
13984,35348080,MONROE,Pittsford,4, 31 43033042,N,43.0922113,-77.5191604,7/31/14,12:32,PROPERTY DAMAGE AND INJURY,1,0,4,COLLISION WITH MOTOR VEHICLE,OTHER,NO PASSING ZONE,DAYLIGHT,CLEAR,DRY
13984,34915039,MONROE,Irondequoit,3,,Y,43.2275930,-77.5468500,8/7/13,0:00,INJURY,1,0,1,COLLISION WITH DEER,OTHER,NONE,DARK-ROAD UNLIGHTED,CLEAR,DRY
13984,35344450,MONROE,Rochester,1, 31 43032048,N,43.1474322,-77.5952406,7/2/14,9:53,PROPERTY DAMAGE AND INJURY,1,0,1,COLLISION WITH TREE,OTHER,NONE,DAYLIGHT,CLOUDY,DRY
13984,34884473,MONROE,Pittsford,3,253 43011109,Y,43.0579190,-77.5567719,8/9/13,17:00,INJURY,1,0,1,COLL. W/EARTH ELE./ROCK CUT/DITCH,OTHER,STOP SIGN,DAYLIGHT,CLEAR,DRY
13984,35344444,MONROE,Rochester,1, 96 43052013,N,43.1494205,-77.5713424,7/25/14,10:57,INJURY,1,0,2,COLLISION WITH MOTOR VEHICLE,REAR END,NONE,DAYLIGHT,CLEAR,DRY
13984,35454569,MONROE,Pittsford,4,252 43011129,N,43.0872236,-77.5209947,11/3/14,12:36,PROPERTY DAMAGE AND INJURY,1,0,2,COLLISION WITH MOTOR VEHICLE,RIGHT TURN (WITH OTHER CAR),NONE,DAYLIGHT,CLOUDY,DRY
13984,35399322,MONROE,Rochester,1,490I43022037,N,43.1493887,-77.6046118,9/9/14,12:45,PROPERTY DAMAGE AND INJURY,1,0,3,COLLISION WITH MOTOR VEHICLE,OTHER,HIGHWAY WORK AREA,DAYLIGHT,CLEAR,DRY
13984,35455990,MONROE,Gates,3, 33 43031108,Y,43.1430980,-77.7360221,11/4/14,17:14,PROPERTY DAMAGE AND INJURY,1,0,2,COLLISION WITH MOTOR VEHICLE,REAR END,TRAFFIC SIGNAL,DARK-ROAD LIGHTED,CLOUDY,DRY
13984,34751058,MONROE,Rochester,1,,N,43.2128767,-77.6298363,4/27/13,20:19,PROPERTY DAMAGE AND INJURY,1,0,1,COLL. W/LIGHT SUPPORT/UTILITY POLE,OTHER,NONE,DUSK,CLEAR,DRY
13984,35282538,MONROE,Greece,3,,N,43.2309830,-77.6877521,5/31/14,22:00,PROPERTY DAMAGE AND INJURY,2,0,2,COLLISION WITH MOTOR VEHICLE,REAR END,NONE,DARK-ROAD UNLIGHTED,CLEAR,DRY
13984,34874304,MONROE,Brighton,3,490I43023017,N,43.1257777,-77.5240714,7/30/13,17:36,INJURY,1,0,2,COLLISION WITH MOTOR VEHICLE,REAR END,NONE,DAYLIGHT,CLEAR,DRY
13984,35470680,MONROE,Greece,3,,N,43.2449783,-77.6821512,11/9/14,13:46,PROPERTY DAMAGE AND INJURY,2,0,2,COLLISION WITH MOTOR VEHICLE,SIDESWIPE,NONE,DAYLIGHT,CLOUDY,DRY
13984,35268339,MONROE,Pittsford,3, 31F43011011,N,43.1076681,-77.4980065,5/23/14,14:33,INJURY,2,0,3,COLLISION WITH MOTOR VEHICLE,OTHER,NONE,DAYLIGHT,CLOUDY,DRY
13984,35518881,MONROE,Henrietta,3,252 43011050,Y,43.0921454,-77.6745371,12/18/14,16:54,INJURY,1,0,3,COLLISION WITH MOTOR VEHICLE,OTHER,TRAFFIC SIGNAL,DARK-ROAD LIGHTED,RAIN,WET
13984,35282582,MONROE,Rush,3,390I43031046,N,43.0005254,-77.6712530,5/29/14,19:48,PROPERTY DAMAGE AND INJURY,1,0,1,COLLISION WITH SIGN POST,OTHER,NONE,DUSK,CLEAR,DRY
13984,35344446,MONROE,Rochester,1,,N,43.1376003,-77.6066626,6/18/14,13:20,PROPERTY DAMAGE AND INJURY,1,0,2,COLLISION WITH MOTOR VEHICLE,RIGHT ANGLE,NONE,DAYLIGHT,CLOUDY,DRY
13984,34755002,MONROE,Brighton,3,,N,43.1255468,-77.5948714,5/1/13,14:55,PROPERTY DAMAGE AND INJURY,2,0,2,COLLISION WITH MOTOR VEHICLE,RIGHT ANGLE,NONE,DAYLIGHT,CLEAR,DRY
13984,35250108,MONROE,Chili,3,,N,43.1157382,-77.7456455,5/5/14,13:13,PROPERTY DAMAGE AND INJURY,1,0,1,COLL. W/LIGHT SUPPORT/UTILITY POLE,OTHER,NONE,DAYLIGHT,CLOUDY,DRY
13984,35321723,MONROE,Pittsford,3, 31F43011011,N,43.1079719,-77.4989896,7/8/14,17:47,PROPERTY DAMAGE AND INJURY,2,0,3,COLLISION WITH MOTOR VEHICLE,OTHER,TRAFFIC SIGNAL,DAYLIGHT,CLOUDY,WET
13984,35321719,MONROE,Pittsford,3, 31 43033036,Y,43.0969481,-77.5294013,7/1/14,17:09,PROPERTY DAMAGE AND INJURY,2,0,3,COLLISION WITH MOTOR VEHICLE,OTHER,NONE,DAYLIGHT,CLEAR,DRY
13984,35484469,MONROE,Webster,3,104 43035230,N,43.2137398,-77.5163823,11/21/14,17:47,PROPERTY DAMAGE AND INJURY,1,0,2,COLLISION WITH MOTOR VEHICLE,REAR END,NONE,DARK-ROAD LIGHTED,CLEAR,DRY
13984,34971830,MONROE,Mendon,3,,Y,42.9922360,-77.5240080,10/11/13,13:14,INJURY,1,0,2,COLLISION WITH MOTOR VEHICLE,RIGHT TURN (WITH OTHER CAR),STOP SIGN,DAYLIGHT,CLEAR,DRY
13984,34916372,MONROE,Rochester,1, 31 43032020,N,43.1646283,-77.6363472,9/4/13,14:35,INJURY,1,0,2,COLLISION WITH MOTOR VEHICLE,LEFT TURN (AGAINST OTHER CAR),NONE,DAYLIGHT,CLEAR,DRY
13984,35248761,MONROE,Chili,3,259 43011000,Y,43.0930310,-77.7980740,4/28/14,8:18,PROPERTY DAMAGE AND INJURY,2,0,2,COLLISION WITH MOTOR VEHICLE,RIGHT ANGLE,TRAFFIC SIGNAL,DAYLIGHT,CLEAR,DRY
13984,34712480,MONROE,Greece,3,,Y,43.2029246,-77.6695027,3/27/13,16:20,PROPERTY DAMAGE AND INJURY,1,0,2,COLLISION WITH MOTOR VEHICLE,RIGHT ANGLE,NONE,DAYLIGHT,CLEAR,DRY
13984,34897803,MONROE,Brighton,3,,Y,43.0958430,-77.5819010,8/22/13,6:57,PROPERTY DAMAGE AND INJURY,2,0,2,COLLISION WITH MOTOR VEHICLE,LEFT TURN (AGAINST OTHER CAR),TRAFFIC SIGNAL,DAYLIGHT,CLEAR,DRY
13984,35059042,MONROE,Gates,3, 33 43031105,Y,43.1421788,-77.7403796,12/29/13,2:20,PROPERTY DAMAGE AND INJURY,1,0,1,COLL. W/LIGHT SUPPORT/UTILITY POLE,OTHER,NONE,DARK-ROAD LIGHTED,CLOUDY,WET
13984,35215307,MONROE,Rochester,1,,N,43.1413551,-77.5974983,4/1/14,8:39,INJURY,1,0,1,COLLISION WITH BICYCLIST,OTHER,NONE,DAYLIGHT,CLEAR,DRY
13984,35147233,MONROE,Ogden,3,,Y,43.1439450,-77.7542189,2/23/14,9:20,PROPERTY DAMAGE AND INJURY,1,0,2,COLLISION WITH MOTOR VEHICLE,HEAD ON,STOP SIGN,DAYLIGHT,CLEAR,DRY
13984,35004594,MONROE,Rush,3, 15 43031005,Y,42.9477870,-77.6988470,11/10/13,11:55,INJURY,2,0,2,COLLISION WITH MOTOR VEHICLE,RIGHT ANGLE,FLASHING LIGHT,DAYLIGHT,CLOUDY,DRY
13984,34732370,MONROE,Rochester,1,490I43022001,N,43.1573664,-77.6718047,4/11/13,7:47,PROPERTY DAMAGE AND INJURY,1,0,3,COLLISION WITH MOTOR VEHICLE,OTHER,NONE,DAYLIGHT,RAIN,WET
13984,35465770,MONROE,Fairport,4, 31F43011036,Y,43.0987190,-77.4509940,11/10/14,16:15,INJURY,1,0,2,COLLISION WITH MOTOR VEHICLE,REAR END,NONE,DAYLIGHT,CLEAR,DRY
13984,34834061,MONROE,Henrietta,3,,N,43.0956790,-77.5878234,6/6/13,12:25,PROPERTY DAMAGE AND INJURY,1,0,2,COLLISION WITH MOTOR VEHICLE,OVERTAKING,NONE,DAYLIGHT,RAIN,WET