QUERYID,CASE #,REGN_CNTY_CDE,Municipality,MUNITYPE,REF_MRKR,ATINTERSECTION_IND,Lat,Long,,Time,Crash Type,Injuries,Fatalities,Number of Vehicles,ACCD_TYP,COLLISION_TYP,TRAF_CNTL,Light Condition,Weather Condition,Road Surface Condition
13984,35235120,MONROE,Irondequoit,3,,Y,43.1959825,-77.5767545,4/24/14,17:56,INJURY,1,0,2,COLLISION WITH MOTOR VEHICLE,REAR END,YIELD SIGN,DAYLIGHT,CLEAR,DRY
13984,35241844,MONROE,Rochester,1,,N,43.1943666,-77.6274408,4/25/14,20:50,PROPERTY DAMAGE AND INJURY,2,0,3,COLLISION WITH TREE,OTHER,NONE,DARK-ROAD LIGHTED,RAIN,WET
13984,34786851,MONROE,Chili,3,383 43011124,N,43.0914846,-77.6820333,5/16/13,9:40,PROPERTY DAMAGE AND INJURY,1,0,2,COLLISION WITH MOTOR VEHICLE,REAR END,RR CROSSING GATES,DAYLIGHT,CLEAR,DRY
13984,35387883,MONROE,Rush,3, 15 43031056,N,43.0154110,-77.6674891,8/26/14,8:08,PROPERTY DAMAGE AND INJURY,3,0,2,COLLISION WITH MOTOR VEHICLE,RIGHT ANGLE,NONE,DAYLIGHT,CLOUDY,DRY
13984,34789021,MONROE,Rochester,1,,N,43.1716010,-77.6478715,5/21/13,19:10,PROPERTY DAMAGE AND INJURY,1,0,1,COLLISION WITH BICYCLIST,OTHER,NONE,DAYLIGHT,CLEAR,DRY
13984,35511424,MONROE,Rochester,1,,Y,43.1595100,-77.5957350,12/14/14,19:35,INJURY,1,0,1,COLLISION WITH PEDESTRIAN,OTHER,TRAFFIC SIGNAL,DARK-ROAD LIGHTED,RAIN,WET
13984,34871591,MONROE,Greece,3,390 43011019,N,43.1840141,-77.6836552,7/12/13,6:30,PROPERTY DAMAGE AND INJURY,2,0,2,COLLISION WITH MOTOR VEHICLE,REAR END,NONE,DAYLIGHT,CLEAR,DRY
13984,35261600,MONROE,Rochester,1,490I43022052,N,43.1427859,-77.5808904,5/14/14,17:26,PROPERTY DAMAGE AND INJURY,3,0,2,COLLISION WITH MOTOR VEHICLE,REAR END,NONE,DAYLIGHT,CLOUDY,WET
13984,34983777,MONROE,Pittsford,4, 31 43033040,N,43.0933129,-77.5218373,10/24/13,15:14,INJURY,1,0,2,COLLISION WITH MOTOR VEHICLE,REAR END,NO PASSING ZONE,DAYLIGHT,CLOUDY,DRY
13984,35080344,MONROE,Rochester,1,940K43011004,Y,43.1586070,-77.6595730,1/7/14,18:29,INJURY,2,0,2,COLLISION WITH MOTOR VEHICLE,RIGHT TURN (WITH OTHER CAR),NONE,DARK-ROAD LIGHTED,SNOW,SNOW/ICE
13984,35447417,MONROE,Chili,3,,N,43.0926556,-77.6809549,10/27/14,15:32,PROPERTY DAMAGE AND INJURY,1,0,2,COLLISION WITH MOTOR VEHICLE,RIGHT ANGLE,TRAFFIC SIGNAL,DAYLIGHT,CLOUDY,DRY
13984,34746134,MONROE,Rochester,1,,Y,43.1589100,-77.5948600,4/4/13,14:03,PROPERTY DAMAGE AND INJURY,1,0,2,COLLISION WITH MOTOR VEHICLE,RIGHT ANGLE,TRAFFIC SIGNAL,DAYLIGHT,CLEAR,DRY
13984,35516545,MONROE,Rochester,1,940K43011000,Y,43.1520390,-77.6598411,12/3/14,20:04,PROPERTY DAMAGE AND INJURY,1,0,2,COLLISION WITH MOTOR VEHICLE,RIGHT ANGLE,TRAFFIC SIGNAL,DARK-ROAD LIGHTED,CLOUDY,DRY
13984,34789003,MONROE,Rochester,1,,Y,43.1346150,-77.6509449,5/25/13,18:44,INJURY,1,0,1,COLLISION WITH BICYCLIST,OTHER,NONE,DAYLIGHT,CLEAR,DRY
13984,35161621,MONROE,Honeoye Falls,4, 65 43031005,Y,42.9488300,-77.5876821,2/19/14,7:44,PROPERTY DAMAGE AND INJURY,1,0,2,COLLISION WITH MOTOR VEHICLE,REAR END,NONE,DAYLIGHT,CLOUDY,DRY
13984,34816024,MONROE,Rochester,1, 18 43032012,Y,43.2004550,-77.6387230,6/15/13,22:27,INJURY,1,0,2,COLLISION WITH MOTOR VEHICLE,REAR END,TRAFFIC SIGNAL,DARK-ROAD LIGHTED,CLEAR,DRY
13984,35161601,MONROE,Greece,3, 18 43031194,N,43.2528871,-77.6681127,2/26/14,14:23,PROPERTY DAMAGE AND INJURY,1,0,2,COLLISION WITH MOTOR VEHICLE,REAR END,TRAFFIC SIGNAL,DAYLIGHT,CLOUDY,WET
13984,34837607,MONROE,Rochester,1, 33 43032003,N,43.1495520,-77.6661060,7/6/13,0:57,PROPERTY DAMAGE AND INJURY,1,0,1,COLLISION WITH CURBING,OTHER,NONE,DARK-ROAD LIGHTED,CLEAR,DRY
13984,34952077,MONROE,Rochester,1,,Y,43.1605300,-77.6182609,9/15/13,10:00,PROPERTY DAMAGE AND INJURY,1,0,2,COLLISION WITH MOTOR VEHICLE,RIGHT ANGLE,TRAFFIC SIGNAL,DAYLIGHT,CLEAR,DRY
13984,34817946,MONROE,Rochester,1,104 43032019,Y,43.1943940,-77.6266909,6/15/13,18:52,PROPERTY DAMAGE AND INJURY,1,0,2,COLLISION WITH MOTOR VEHICLE,RIGHT ANGLE,TRAFFIC SIGNAL,DAYLIGHT,CLEAR,DRY
13984,34860904,MONROE,Brighton,3, 31 43033022,N,43.1114046,-77.5482470,7/23/13,17:42,PROPERTY DAMAGE AND INJURY,1,0,2,COLLISION WITH MOTOR VEHICLE,RIGHT ANGLE,NONE,DAYLIGHT,CLOUDY,DRY
13984,34890047,MONROE,Rochester,1, 31 43032005,Y,43.1646740,-77.6659300,8/13/13,7:15,PROPERTY DAMAGE AND INJURY,1,0,2,COLLISION WITH MOTOR VEHICLE,RIGHT ANGLE,NONE,DAYLIGHT,OTHER,DRY
13984,34698801,MONROE,Rochester,1,383 43012028,Y,43.1544750,-77.6120060,3/11/13,8:45,INJURY,1,0,2,COLLISION WITH MOTOR VEHICLE,REAR END,TRAFFIC SIGNAL,DAYLIGHT,CLOUDY,DRY
13984,34854593,MONROE,Perinton,3, 31 43033061,N,43.0788825,-77.4861896,7/11/13,13:01,PROPERTY DAMAGE AND INJURY,1,0,2,COLLISION WITH MOTOR VEHICLE,OVERTAKING,NONE,DAYLIGHT,CLEAR,DRY
13984,34721267,MONROE,Brighton,3,490I43023015,N,43.1292265,-77.5249217,4/2/13,6:05,INJURY,1,0,1,COLLISION WITH MEDIAN/BARRIER,OTHER,NONE,DARK-ROAD LIGHTED,SNOW,SNOW/ICE
13984,35290075,MONROE,Rochester,1,,Y,43.1724500,-77.5594000,6/2/14,9:52,PROPERTY DAMAGE AND INJURY,1,0,1,COLLISION WITH CURBING,OTHER,STOP SIGN,DAYLIGHT,CLEAR,DRY
13984,35076639,MONROE,Irondequoit,3,104 43035200,N,43.1958379,-77.5605054,1/8/14,7:55,PROPERTY DAMAGE AND INJURY,1,0,2,COLLISION WITH MOTOR VEHICLE,OVERTAKING,NONE,DAYLIGHT,CLOUDY,SNOW/ICE
13984,35368745,MONROE,Rochester,1,,Y,43.1739490,-77.6394340,8/17/14,0:31,PROPERTY DAMAGE AND INJURY,1,0,1,COLL. W/LIGHT SUPPORT/UTILITY POLE,OTHER,TRAFFIC SIGNAL,DARK-ROAD LIGHTED,CLEAR,WET
13984,34757836,MONROE,Rochester,1, 33A43022009,Y,43.1463210,-77.6480040,4/1/13,16:16,PROPERTY DAMAGE AND INJURY,1,0,2,COLLISION WITH MOTOR VEHICLE,UNKNOWN,UNKNOWN,UNKNOWN,UNKNOWN,UNKNOWN
13984,34957530,MONROE,Rochester,1,490I43022021,N,43.1565101,-77.6323003,10/7/13,7:53,PROPERTY DAMAGE AND INJURY,2,0,3,COLLISION WITH MOTOR VEHICLE,OTHER,NONE,DAYLIGHT,CLOUDY,DRY
13984,35505870,MONROE,Penfield,3,250 43011098,N,43.1743108,-77.4310068,12/8/14,19:10,PROPERTY DAMAGE AND INJURY,1,0,4,COLLISION WITH MOTOR VEHICLE,OTHER,NONE,DARK-ROAD UNLIGHTED,CLEAR,DRY
13984,35119086,MONROE,Rochester,1,,Y,43.1248727,-77.6142429,1/29/14,16:54,PROPERTY DAMAGE AND INJURY,1,0,2,COLLISION WITH MOTOR VEHICLE,OVERTAKING,NONE,DAYLIGHT,CLOUDY,DRY
13984,35119075,MONROE,Rochester,1,,Y,43.1616770,-77.6466429,1/25/14,16:56,PROPERTY DAMAGE AND INJURY,1,0,2,COLLISION WITH MOTOR VEHICLE,RIGHT ANGLE,NONE,DAYLIGHT,SNOW,SNOW/ICE
13984,35031271,MONROE,Hamlin,3, 18 43031050,N,43.2872935,-77.9038671,12/2/13,14:03,PROPERTY DAMAGE AND INJURY,1,0,1,COLLISION WITH TREE,OTHER,NONE,DAYLIGHT,CLOUDY,WET
13984,35090958,MONROE,Brighton,3, 15 43031116,N,43.0965512,-77.6317520,1/17/14,8:17,PROPERTY DAMAGE AND INJURY,1,0,2,COLLISION WITH MOTOR VEHICLE,OVERTAKING,NONE,DAYLIGHT,CLOUDY,DRY
13984,35439276,MONROE,Gates,3,490I43021178,N,43.1564613,-77.6787779,10/13/14,12:48,INJURY,1,0,1,COLLISION WITH GUIDE RAIL,OTHER,NONE,DAYLIGHT,CLOUDY,WET
13984,35031027,MONROE,Brighton,3,490I43023008,N,43.1362833,-77.5333483,12/3/13,8:55,PROPERTY DAMAGE AND INJURY,2,0,2,COLLISION WITH MOTOR VEHICLE,REAR END,NONE,DAYLIGHT,CLEAR,DRY
13984,35094124,MONROE,Rochester,1,940T43011006,N,43.1608615,-77.6126492,1/18/14,4:30,PROPERTY DAMAGE AND INJURY,1,0,2,COLLISION WITH MOTOR VEHICLE,HEAD ON,NONE,DARK-ROAD LIGHTED,SNOW,SNOW/ICE
13984,34854512,MONROE,Greece,3,,Y,43.1794440,-77.7015631,7/16/13,9:42,PROPERTY DAMAGE AND INJURY,1,0,2,COLLISION WITH MOTOR VEHICLE,LEFT TURN (WITH OTHER CAR),TRAFFIC SIGNAL,DAYLIGHT,CLEAR,DRY
13984,34839375,MONROE,Rochester,1,,N,43.1489129,-77.6335122,6/27/13,16:00,INJURY,1,0,1,COLLISION WITH BICYCLIST,OTHER,NONE,DAYLIGHT,CLEAR,DRY
13984,35327366,MONROE,Henrietta,3,252 43011107,N,43.0873719,-77.5624139,6/23/14,12:34,INJURY,1,0,1,COLLISION WITH PEDESTRIAN,OTHER,HIGHWAY WORK AREA,DAYLIGHT,CLEAR,DRY
13984,35327359,MONROE,Webster,3,,Y,43.2148481,-77.4466090,7/8/14,17:47,PROPERTY DAMAGE AND INJURY,2,0,2,COLLISION WITH MOTOR VEHICLE,RIGHT ANGLE,TRAFFIC SIGNAL,DAYLIGHT,RAIN,WET
13984,34843762,MONROE,Rochester,1,940M43011004,Y,43.1694230,-77.6268420,5/29/13,0:00,PROPERTY DAMAGE AND INJURY,1,0,2,COLLISION WITH MOTOR VEHICLE,OVERTAKING,NONE,DAYLIGHT,CLEAR,DRY
13984,34810583,MONROE,Rochester,1,,N,43.1464218,-77.6023709,5/30/13,16:00,INJURY,1,0,1,COLLISION WITH BICYCLIST,OTHER,NONE,DAYLIGHT,CLEAR,DRY
13984,35409547,MONROE,Greece,3,,N,43.2073898,-77.6809525,8/31/14,17:32,PROPERTY DAMAGE AND INJURY,2,0,2,COLLISION WITH MOTOR VEHICLE,REAR END,TRAFFIC SIGNAL,DAYLIGHT,CLOUDY,DRY
13984,34884471,MONROE,Brighton,3,590I43011022,N,43.1082329,-77.5638040,8/9/13,17:30,INJURY,1,0,2,COLLISION WITH MOTOR VEHICLE,REAR END,NONE,DAYLIGHT,CLEAR,DRY
13984,35455284,MONROE,Rochester,1,,Y,43.1486690,-77.6062100,10/13/14,6:55,PROPERTY DAMAGE AND INJURY,2,0,2,COLLISION WITH MOTOR VEHICLE,RIGHT ANGLE,TRAFFIC SIGNAL,DAYLIGHT,CLEAR,DRY
13984,35455279,MONROE,Rochester,1,,Y,43.1755820,-77.5853790,10/25/14,22:22,INJURY,1,0,1,COLLISION WITH BICYCLIST,OTHER,NONE,DARK-ROAD LIGHTED,CLOUDY,DRY
13984,34974669,MONROE,Rochester,1,104 43032032,N,43.1917904,-77.6016845,10/22/13,6:58,PROPERTY DAMAGE AND INJURY,1,0,2,COLLISION WITH MOTOR VEHICLE,REAR END,NONE,DAWN,CLOUDY,WET
13984,35136051,MONROE,Rochester,1,590I43012003,N,43.1428515,-77.5491238,2/12/14,16:41,PROPERTY DAMAGE AND INJURY,1,0,2,COLLISION WITH MOTOR VEHICLE,REAR END,NONE,DAYLIGHT,CLEAR,DRY
13984,35344453,MONROE,Rochester,1,,Y,43.1343520,-77.5914371,7/28/14,11:21,PROPERTY DAMAGE AND INJURY,1,0,2,COLLISION WITH MOTOR VEHICLE,RIGHT ANGLE,STOP SIGN,DAYLIGHT,RAIN,WET
13984,34779259,MONROE,Penfield,3,,N,43.1333813,-77.4926751,5/16/13,17:29,INJURY,1,0,1,COLLISION WITH PEDESTRIAN,OTHER,NONE,DAYLIGHT,CLEAR,DRY
13984,35344466,MONROE,Rochester,1, 15 43032021,Y,43.1448690,-77.6102829,7/29/14,8:53,PROPERTY DAMAGE AND INJURY,1,0,2,COLLISION WITH MOTOR VEHICLE,REAR END,NONE,DAYLIGHT,CLEAR,DRY
13984,35106717,MONROE,Chili,3,,Y,43.1254270,-77.7456321,1/25/14,17:35,INJURY,1,0,2,COLLISION WITH MOTOR VEHICLE,LEFT TURN (AGAINST OTHER CAR),STOP SIGN,DARK-ROAD LIGHTED,SNOW,SNOW/ICE
13984,35497897,MONROE,Gates,3, 31 43031182,N,43.1647013,-77.6876787,11/26/14,10:35,PROPERTY DAMAGE AND INJURY,1,0,2,COLLISION WITH MOTOR VEHICLE,HEAD ON,NONE,DAYLIGHT,CLOUDY,DRY
13984,35531595,MONROE,Rochester,1,,Y,43.1792660,-77.5990770,12/16/14,15:54,INJURY,1,0,2,COLLISION WITH MOTOR VEHICLE,RIGHT ANGLE,STOP SIGN,DAYLIGHT,CLEAR,DRY
13984,34914018,MONROE,Mendon,3,,N,43.0128434,-77.5248880,9/6/13,7:00,INJURY,1,0,1,COLLISION WITH DEER,OTHER,NONE,DAWN,CLEAR,DRY
13984,34969279,MONROE,Webster,3,,N,43.2156496,-77.4464845,10/17/13,19:30,PROPERTY DAMAGE AND INJURY,1,0,2,COLLISION WITH MOTOR VEHICLE,REAR END,NONE,DARK-ROAD UNLIGHTED,RAIN,WET
13984,34894671,MONROE,Henrietta,3,,Y,43.0244957,-77.7189432,8/20/13,17:03,PROPERTY DAMAGE AND INJURY,2,0,2,COLLISION WITH MOTOR VEHICLE,RIGHT ANGLE,STOP SIGN,DAYLIGHT,CLEAR,DRY
13984,35186072,MONROE,Irondequoit,3,,N,43.1835255,-77.5289113,3/11/14,4:45,PROPERTY DAMAGE AND INJURY,1,0,1,COLLISION WITH GUIDE RAIL,OTHER,NONE,DARK-ROAD UNLIGHTED,CLOUDY,DRY
13984,35566775,MONROE,Irondequoit,3,,N,43.2095813,-77.5800151,11/14/14,6:16,INJURY,1,0,1,COLLISION WITH MOTOR VEHICLE,OTHER,NONE,DARK-ROAD UNLIGHTED,CLEAR,DRY
13984,35316052,MONROE,Rochester,1,,Y,43.1864530,-77.6137910,6/24/14,12:09,PROPERTY DAMAGE AND INJURY,2,0,2,COLLISION WITH MOTOR VEHICLE,LEFT TURN (AGAINST OTHER CAR),TRAFFIC SIGNAL,DAYLIGHT,CLEAR,DRY
13984,35566739,MONROE,Clarkson,3,260 43011056,Y,43.2769770,-77.8701590,11/17/14,10:31,PROPERTY DAMAGE AND INJURY,2,0,2,COLLISION WITH MOTOR VEHICLE,RIGHT ANGLE,STOP SIGN,DAYLIGHT,SNOW,SNOW/ICE
13984,35123445,MONROE,Penfield,3,286 43011052,N,43.1602132,-77.4441102,2/5/14,16:50,INJURY,1,0,1,COLL. W/LIGHT SUPPORT/UTILITY POLE,OTHER,NONE,DAYLIGHT,SNOW,SNOW/ICE
13984,35309487,MONROE,Rochester,1,383 43012020,N,43.1435688,-77.6177729,6/25/14,17:36,INJURY,1,0,2,COLLISION WITH MOTOR VEHICLE,REAR END,NONE,DAYLIGHT,CLOUDY,DRY
13984,35276392,MONROE,Rochester,1,,Y,43.1422231,-77.6459064,5/18/14,13:40,INJURY,1,0,3,COLLISION WITH MOTOR VEHICLE,OTHER,STOP SIGN,DAYLIGHT,CLEAR,DRY
13984,35276358,MONROE,Rochester,1, 31 43032051,Y,43.1447390,-77.5905381,6/1/14,11:05,INJURY,1,0,1,COLLISION WITH BICYCLIST,OTHER,STOP SIGN,DAYLIGHT,CLEAR,DRY
13984,35276348,MONROE,Gates,3, 33A43021135,N,43.1285653,-77.6973550,6/2/14,21:25,INJURY,1,0,1,OTHER NON-COLLISION,OTHER,NONE,DARK-ROAD LIGHTED,CLEAR,DRY
13984,35089183,MONROE,Irondequoit,3,590 43013007,N,43.1765822,-77.5426934,1/7/14,20:16,PROPERTY DAMAGE AND INJURY,1,0,1,COLLISION WITH GUIDE RAIL,OTHER,NONE,DARK-ROAD LIGHTED,SNOW,SNOW/ICE
13984,35135358,MONROE,Webster,3,104 43035239,N,43.2143179,-77.4991710,2/11/14,14:52,PROPERTY DAMAGE AND INJURY,1,0,1,COLLISION WITH SNOW EMBANKMENT,OTHER,NONE,DAYLIGHT,CLOUDY,SNOW/ICE
13984,35134854,MONROE,Brighton,3,490I43023013,N,43.1315607,-77.5268965,2/7/14,16:10,PROPERTY DAMAGE AND INJURY,1,0,1,COLLISION WITH GUIDE RAIL,OTHER,NONE,DAYLIGHT,CLEAR,SNOW/ICE
13984,35287934,MONROE,Penfield,3,441 43011052,Y,43.1308270,-77.4413170,6/11/14,13:29,PROPERTY DAMAGE AND INJURY,1,0,2,COLLISION WITH MOTOR VEHICLE,RIGHT ANGLE,TRAFFIC SIGNAL,DAYLIGHT,CLOUDY,DRY
13984,35159512,MONROE,Webster,3,104 43035290,N,43.2201540,-77.3982595,2/28/14,8:20,PROPERTY DAMAGE AND INJURY,1,0,2,COLLISION WITH MOTOR VEHICLE,RIGHT ANGLE,NONE,DAYLIGHT,CLEAR,SNOW/ICE
13984,35312783,MONROE,Rochester,1,,Y,43.1309400,-77.6509100,6/25/14,9:10,INJURY,1,0,1,COLLISION WITH BICYCLIST,OTHER,TRAFFIC SIGNAL,DAYLIGHT,RAIN,WET
13984,35214510,MONROE,Rochester,1,104 43032012,Y,43.1999380,-77.6375500,4/7/14,7:01,PROPERTY DAMAGE AND INJURY,1,0,2,COLLISION WITH MOTOR VEHICLE,LEFT TURN (WITH OTHER CAR),NONE,DAYLIGHT,CLEAR,DRY
13984,34989238,MONROE,Rochester,1,383 43012028,Y,43.1544750,-77.6120060,11/4/13,16:12,PROPERTY DAMAGE AND INJURY,1,0,3,COLLISION WITH MOTOR VEHICLE,OTHER,TRAFFIC SIGNAL,DAYLIGHT,CLOUDY,DRY
13984,34883480,MONROE,Rochester,1,940M43011012,Y,43.1809370,-77.6317380,8/8/13,7:39,INJURY,1,0,1,COLLISION WITH PEDESTRIAN,OTHER,TRAFFIC SIGNAL,DAYLIGHT,CLEAR,WET
13984,35274012,MONROE,Brighton,3,490I43023011,N,43.1339627,-77.5302681,5/24/14,15:45,PROPERTY DAMAGE AND INJURY,1,0,1,COLLISION WITH MEDIAN/BARRIER,OTHER,NONE,DAYLIGHT,CLEAR,DRY
13984,35241781,MONROE,Greece,3,,Y,43.2147311,-77.7326958,4/27/14,15:36,PROPERTY DAMAGE AND INJURY,1,0,2,COLLISION WITH MOTOR VEHICLE,RIGHT ANGLE,NONE,DAYLIGHT,CLEAR,DRY
13984,35210969,MONROE,Gates,3, 33 43031109,N,43.1437790,-77.7326562,4/4/14,15:20,PROPERTY DAMAGE AND INJURY,1,0,2,COLLISION WITH MOTOR VEHICLE,OVERTAKING,NONE,DAYLIGHT,RAIN,WET
13984,34987629,MONROE,Rochester,1,,Y,43.1662900,-77.5879541,10/31/13,9:20,PROPERTY DAMAGE AND INJURY,2,0,2,COLLISION WITH MOTOR VEHICLE,RIGHT ANGLE,STOP SIGN,DAYLIGHT,RAIN,WET
13984,35208033,MONROE,Spencerport,4,259 43011062,Y,43.1817350,-77.8042270,4/3/14,7:25,INJURY,1,0,2,COLLISION WITH MOTOR VEHICLE,REAR END,TRAFFIC SIGNAL,DAYLIGHT,CLEAR,DRY
13984,35067622,MONROE,Rochester,1,,Y,43.1743281,-77.6075809,12/27/13,0:55,PROPERTY DAMAGE AND INJURY,3,0,2,COLLISION WITH MOTOR VEHICLE,SIDESWIPE,STOP SIGN,DARK-ROAD LIGHTED,CLEAR,SNOW/ICE
13984,34731513,MONROE,Rochester,1,,Y,43.1550910,-77.5823470,4/5/13,12:40,INJURY,1,0,2,COLLISION WITH MOTOR VEHICLE,REAR END,TRAFFIC SIGNAL,DAYLIGHT,CLEAR,DRY
13984,35359521,MONROE,Spencerport,4,259 43011064,N,43.1849097,-77.8040314,8/11/14,8:14,PROPERTY DAMAGE AND INJURY,1,0,2,COLLISION WITH MOTOR VEHICLE,LEFT TURN (AGAINST OTHER CAR),NO PASSING ZONE,DAYLIGHT,CLOUDY,DRY
13984,35364517,MONROE,Rochester,1,,N,43.1431360,-77.5752760,8/13/14,9:20,PROPERTY DAMAGE AND INJURY,1,0,2,COLLISION WITH MOTOR VEHICLE,RIGHT ANGLE,TRAFFIC SIGNAL,DAYLIGHT,CLOUDY,DRY
13984,34813518,MONROE,Rochester,1,,N,43.1908670,-77.6358754,5/29/13,19:05,INJURY,1,0,1,OTHER NON-COLLISION,OTHER,NONE,DAYLIGHT,CLEAR,DRY
13984,35100009,MONROE,Rochester,1,,Y,43.1597290,-77.5662550,11/24/13,14:00,INJURY,1,0,2,COLLISION WITH MOTOR VEHICLE,UNKNOWN,UNKNOWN,UNKNOWN,UNKNOWN,UNKNOWN
13984,34681385,MONROE,Rochester,1,940M43011003,N,43.1686185,-77.6262547,3/1/13,15:16,INJURY,1,0,2,COLLISION WITH MOTOR VEHICLE,REAR END,NONE,DAYLIGHT,CLEAR,DRY
13984,35569568,MONROE,Rochester,1, 31 43032015,Y,43.1646330,-77.6465068,1/28/14,20:44,INJURY,1,0,1,COLLISION WITH PEDESTRIAN,OTHER,NONE,DARK-ROAD LIGHTED,CLOUDY,DRY
13984,35245569,MONROE,Webster,3,,N,43.2315919,-77.4466908,4/26/14,21:23,PROPERTY DAMAGE AND INJURY,1,0,1,COLLISION WITH OTHER,OTHER,NONE,DARK-ROAD UNLIGHTED,CLEAR,DRY
13984,35338541,MONROE,Webster,0,,N,43.2127702,-77.4466130,7/21/14,11:53,PROPERTY DAMAGE AND INJURY,1,0,2,COLLISION WITH MOTOR VEHICLE,RIGHT ANGLE,NONE,DAYLIGHT,CLEAR,DRY
13984,35513813,MONROE,Perinton,3, 31F43011023,N,43.1022347,-77.4775688,12/10/14,15:15,INJURY,1,0,2,COLLISION WITH MOTOR VEHICLE,RIGHT ANGLE,NONE,DAYLIGHT,SNOW,SNOW/ICE
13984,35513812,MONROE,Brighton,3,390I43031130,N,43.1040708,-77.6008405,12/8/14,14:13,PROPERTY DAMAGE AND INJURY,1,0,2,COLLISION WITH MOTOR VEHICLE,OVERTAKING,NONE,DAYLIGHT,CLOUDY,DRY
13984,35052117,MONROE,Rochester,1,,N,43.1608703,-77.6367219,12/18/13,21:48,PROPERTY DAMAGE AND INJURY,3,0,1,COLLISION WITH TREE,OTHER,NONE,DARK-ROAD LIGHTED,CLEAR,SNOW/ICE
13984,35333027,MONROE,Greece,3,,Y,43.2126130,-77.6959091,7/6/14,16:00,PROPERTY DAMAGE AND INJURY,2,0,2,COLLISION WITH MOTOR VEHICLE,OVERTAKING,NONE,DAYLIGHT,CLEAR,DRY
13984,34792735,MONROE,Webster,3,404 43035084,Y,43.2086200,-77.4609770,5/29/13,11:41,PROPERTY DAMAGE AND INJURY,3,0,3,COLLISION WITH MOTOR VEHICLE,OTHER,TRAFFIC SIGNAL,DAYLIGHT,CLOUDY,DRY
13984,35518786,MONROE,Henrietta,3, 15A43041114,N,43.0877886,-77.6094592,12/4/14,13:24,INJURY,1,0,2,COLLISION WITH MOTOR VEHICLE,RIGHT ANGLE,STOP SIGN,DAYLIGHT,CLOUDY,DRY
13984,35102009,MONROE,Webster,3,,N,43.2139388,-77.4466120,1/22/14,17:00,INJURY,1,0,2,COLLISION WITH MOTOR VEHICLE,REAR END,TRAFFIC SIGNAL,DAYLIGHT,CLOUDY,WET
13984,35029368,MONROE,Rochester,1,940T43011014,N,43.1599329,-77.5959266,11/23/13,5:15,FATAL,0,1,1,COLL. W/EARTH ELE./ROCK CUT/DITCH,OTHER,NONE,DARK-ROAD LIGHTED,CLEAR,DRY
13984,35409567,MONROE,Greece,3,390 43011035,N,43.2066810,-77.6761888,9/16/14,16:21,PROPERTY DAMAGE AND INJURY,1,0,2,COLLISION WITH MOTOR VEHICLE,REAR END,NONE,DAYLIGHT,CLEAR,DRY
13984,34996776,MONROE,Henrietta,3,,N,43.0756940,-77.6264050,11/2/13,21:06,INJURY,1,0,1,COLLISION WITH CURBING,OTHER,NONE,DARK-ROAD LIGHTED,RAIN,WET
13984,34995931,MONROE,Greece,3,390 43011036,N,43.2073365,-77.6757495,11/2/13,4:50,PROPERTY DAMAGE AND INJURY,1,0,1,COLL. W/EARTH ELE./ROCK CUT/DITCH,OTHER,NONE,DARK-ROAD LIGHTED,RAIN,WET
13984,34747701,MONROE,Rochester,1,940M43011000,Y,43.1646390,-77.6232511,4/12/13,14:01,INJURY,1,0,3,COLLISION WITH MOTOR VEHICLE,OTHER,NONE,DAYLIGHT,CLEAR,WET
13984,34938964,MONROE,Chili,3,259 43011008,N,43.1047214,-77.8015276,9/24/13,7:28,PROPERTY DAMAGE AND INJURY,1,0,2,COLLISION WITH MOTOR VEHICLE,SIDESWIPE,NONE,DAYLIGHT,CLEAR,DRY
13984,35397110,MONROE,Rush,3,,N,43.0022315,-77.6234721,9/13/14,16:36,INJURY,2,0,3,COLLISION WITH MOTOR VEHICLE,OTHER,NONE,DAYLIGHT,CLEAR,DRY
13984,34859580,MONROE,Hamlin,3, 18 43031007,N,43.2976220,-77.9845379,7/19/13,19:47,INJURY,1,0,1,OTHER NON-COLLISION,OTHER,NONE,DAYLIGHT,CLOUDY,WET
13984,35197268,MONROE,Greece,3,,Y,43.1904180,-77.6860630,3/19/14,16:04,INJURY,1,0,2,COLLISION WITH MOTOR VEHICLE,REAR END,TRAFFIC SIGNAL,DAYLIGHT,CLOUDY,DRY
13984,35335734,MONROE,Rochester,1,,Y,43.1417600,-77.5980040,7/18/14,12:48,PROPERTY DAMAGE AND INJURY,2,0,4,COLLISION WITH MOTOR VEHICLE,OTHER,TRAFFIC SIGNAL,DAYLIGHT,CLEAR,DRY