QUERYID,CASE #,REGN_CNTY_CDE,Municipality,MUNITYPE,REF_MRKR,ATINTERSECTION_IND,Lat,Long,,Time,Crash Type,Injuries,Fatalities,Number of Vehicles,ACCD_TYP,COLLISION_TYP,TRAF_CNTL,Light Condition,Weather Condition,Road Surface Condition
13984,34788751,MONROE,Pittsford,3,943C43011128,Y,43.0693470,-77.5272941,5/24/13,15:17,PROPERTY DAMAGE AND INJURY,3,0,2,COLLISION WITH MOTOR VEHICLE,LEFT TURN (WITH OTHER CAR),TRAFFIC SIGNAL,DAYLIGHT,CLOUDY,DRY
13984,35029921,MONROE,Brighton,3,390I43031141,N,43.1077779,-77.6156502,12/2/13,19:50,PROPERTY DAMAGE AND INJURY,1,0,2,COLLISION WITH MOTOR VEHICLE,OVERTAKING,NONE,DARK-ROAD UNLIGHTED,CLOUDY,WET
13984,34975177,MONROE,Rochester,1,,Y,43.1632150,-77.6216080,10/8/13,21:56,PROPERTY DAMAGE AND INJURY,1,0,2,COLLISION WITH MOTOR VEHICLE,RIGHT ANGLE,TRAFFIC SIGNAL,DARK-ROAD LIGHTED,CLEAR,DRY
13984,35309381,MONROE,Irondequoit,3,590 43013015,N,43.1887682,-77.5441697,6/25/14,17:52,PROPERTY DAMAGE AND INJURY,1,0,3,COLLISION WITH MOTOR VEHICLE,OTHER,NONE,DAYLIGHT,CLOUDY,DRY
13984,34971816,MONROE,Rochester,1, 33A43022008,N,43.1454402,-77.6505947,10/15/13,16:45,INJURY,1,0,1,COLLISION WITH PEDESTRIAN,OTHER,NONE,DAYLIGHT,CLEAR,DRY
13984,34965602,MONROE,Parma,3,,N,43.2475114,-77.8129851,9/17/13,12:21,INJURY,2,0,1,COLLISION WITH PEDESTRIAN,OTHER,NONE,DAYLIGHT,CLEAR,DRY
13984,35383564,MONROE,Henrietta,3,,N,43.0903366,-77.6350645,8/27/14,17:31,PROPERTY DAMAGE AND INJURY,1,0,2,COLLISION WITH MOTOR VEHICLE,RIGHT TURN (WITH OTHER CAR),NONE,DAYLIGHT,CLEAR,DRY
13984,34902387,MONROE,Gates,3, 33 43031138,Y,43.1499740,-77.6773320,8/26/13,14:35,PROPERTY DAMAGE AND INJURY,1,0,2,COLLISION WITH MOTOR VEHICLE,OVERTAKING,NONE,DAYLIGHT,CLOUDY,DRY
13984,35156944,MONROE,Clarkson,3,,N,43.2419223,-77.9657892,2/23/14,12:24,PROPERTY DAMAGE AND INJURY,3,0,2,COLLISION WITH MOTOR VEHICLE,HEAD ON,NONE,DAYLIGHT,CLEAR,DRY
13984,34997292,MONROE,Rochester,1,940M43011007,N,43.1743288,-77.6293990,10/18/13,23:44,INJURY,3,0,2,COLLISION WITH MOTOR VEHICLE,RIGHT ANGLE,NONE,DARK-ROAD LIGHTED,CLOUDY,DRY
13984,34803835,MONROE,Rochester,1,,Y,43.1809380,-77.6394981,6/1/13,12:48,INJURY,1,0,2,COLLISION WITH MOTOR VEHICLE,OVERTAKING,TRAFFIC SIGNAL,DAYLIGHT,CLEAR,DRY
13984,35458928,MONROE,Henrietta,3,,N,43.0915775,-77.6542498,10/25/14,18:15,PROPERTY DAMAGE AND INJURY,1,0,2,COLLISION WITH MOTOR VEHICLE,LEFT TURN (AGAINST OTHER CAR),STOP SIGN,DUSK,CLOUDY,DRY
13984,35343140,MONROE,Rochester,1,940T43011019,Y,43.1539240,-77.5980561,7/18/14,22:07,PROPERTY DAMAGE AND INJURY,2,0,1,COLLISION WITH GUIDE RAIL,OTHER,NONE,DARK-ROAD LIGHTED,CLEAR,DRY
13984,34927168,MONROE,Parma,3,,N,43.2950380,-77.7752685,9/11/13,17:39,PROPERTY DAMAGE AND INJURY,1,0,2,COLLISION WITH MOTOR VEHICLE,REAR END,NONE,DAYLIGHT,CLEAR,DRY
13984,35386784,MONROE,Rochester,1,,Y,43.1831940,-77.5730529,9/3/14,15:00,INJURY,3,0,2,COLLISION WITH MOTOR VEHICLE,RIGHT ANGLE,STOP SIGN,DAYLIGHT,CLEAR,DRY
13984,35457429,MONROE,Rochester,1,,Y,43.1808420,-77.5991820,10/21/14,7:08,INJURY,1,0,1,COLLISION WITH PEDESTRIAN,OTHER,TRAFFIC SIGNAL,DAWN,RAIN,WET
13984,34825628,MONROE,Henrietta,3,252 43011078,N,43.0870859,-77.6198152,6/21/13,17:44,INJURY,1,0,2,COLLISION WITH MOTOR VEHICLE,RIGHT ANGLE,NONE,DAYLIGHT,CLEAR,DRY
13984,35344207,MONROE,Rochester,1,490I43022057,N,43.1433605,-77.5703511,7/30/14,16:25,PROPERTY DAMAGE AND INJURY,1,0,2,COLLISION WITH MOTOR VEHICLE,REAR END,NONE,DAYLIGHT,CLOUDY,WET
13984,35379788,MONROE,Greece,3,,N,43.2632408,-77.6278425,7/25/14,12:21,PROPERTY DAMAGE AND INJURY,1,0,2,COLLISION WITH MOTOR VEHICLE,UNKNOWN,NONE,DAYLIGHT,CLEAR,OTHER
13984,35343403,MONROE,Webster,3,,N,43.2659723,-77.4174876,7/28/14,23:59,INJURY,1,0,1,COLLISION WITH OTHER FIXED OBJECT,OTHER,NONE,DARK-ROAD UNLIGHTED,CLOUDY,WET
13984,35488449,MONROE,Gates,3,,Y,43.1745480,-77.7015710,11/26/14,16:55,PROPERTY DAMAGE AND INJURY,2,0,2,COLLISION WITH MOTOR VEHICLE,RIGHT ANGLE,STOP SIGN,DARK-ROAD LIGHTED,SLEET/HAIL/FREEZING RAIN,WET
13984,35036837,MONROE,Webster,3,,N,43.2142700,-77.4612459,11/29/13,14:40,INJURY,1,0,2,COLLISION WITH MOTOR VEHICLE,REAR END,TRAFFIC SIGNAL,DAYLIGHT,CLEAR,DRY
13984,34954229,MONROE,Brockport,4,,N,43.2199749,-77.9205590,8/30/13,10:21,PROPERTY DAMAGE AND INJURY,1,0,1,RAN OFF ROAD ONLY,OTHER,NONE,DAYLIGHT,CLEAR,DRY
13984,34822600,MONROE,Rochester,1,,Y,43.1577460,-77.6221790,6/21/13,13:51,INJURY,1,0,2,COLLISION WITH MOTOR VEHICLE,HEAD ON,STOP SIGN,DAYLIGHT,CLEAR,DRY
13984,34733279,MONROE,Greece,3,,N,43.1876981,-77.6979328,4/12/13,15:57,PROPERTY DAMAGE AND INJURY,1,0,3,COLLISION WITH MOTOR VEHICLE,OTHER,TRAFFIC SIGNAL,DAYLIGHT,CLOUDY,WET
13984,34951687,MONROE,Webster,3,,N,43.2307572,-77.4466820,10/3/13,16:51,PROPERTY DAMAGE AND INJURY,1,0,3,COLLISION WITH MOTOR VEHICLE,OTHER,TRAFFIC SIGNAL,DAYLIGHT,CLOUDY,DRY
13984,34951682,MONROE,Ogden,3, 33 43031094,N,43.1376361,-77.7619543,10/7/13,8:04,PROPERTY DAMAGE AND INJURY,3,0,2,COLLISION WITH MOTOR VEHICLE,REAR END,NONE,DAYLIGHT,RAIN,WET
13984,35486805,MONROE,Rochester,1,,Y,43.1512160,-77.6271660,11/8/14,11:40,PROPERTY DAMAGE AND INJURY,1,0,1,COLL. W/LIGHT SUPPORT/UTILITY POLE,OTHER,NONE,DAYLIGHT,CLEAR,DRY
13984,35454553,MONROE,Penfield,3,,Y,43.1424338,-77.4755639,8/22/14,7:11,PROPERTY DAMAGE AND INJURY,1,0,2,COLLISION WITH MOTOR VEHICLE,RIGHT ANGLE,TRAFFIC SIGNAL,DAYLIGHT,CLOUDY,DRY
13984,35435246,MONROE,Hamlin,3,,Y,43.2965837,-77.9658665,10/9/14,23:52,PROPERTY DAMAGE AND INJURY,1,0,1,COLL. W/LIGHT SUPPORT/UTILITY POLE,OTHER,NONE,DARK-ROAD LIGHTED,CLEAR,DRY
13984,34815960,MONROE,Penfield,3,441 43011038,Y,43.1313450,-77.4688690,6/8/13,18:22,PROPERTY DAMAGE AND INJURY,1,0,3,COLLISION WITH MOTOR VEHICLE,OTHER,TRAFFIC SIGNAL,DAYLIGHT,CLOUDY,DRY
13984,34958782,MONROE,Perinton,3,,N,43.0791781,-77.4212313,10/9/13,14:29,PROPERTY DAMAGE AND INJURY,1,0,2,COLLISION WITH MOTOR VEHICLE,REAR END,NONE,DAYLIGHT,CLEAR,DRY
13984,35018644,MONROE,Rochester,1,,N,43.1345818,-77.6360009,11/15/13,11:29,INJURY,1,0,1,COLLISION WITH BICYCLIST,OTHER,NONE,DAYLIGHT,CLEAR,DRY
13984,35094340,UNKNOWN COUNTY,,0,,N,43.1730116,-77.6541315,1/18/14,19:22,INJURY,1,0,1,COLLISION WITH PEDESTRIAN,OTHER,NONE,DARK-ROAD LIGHTED,CLEAR,SNOW/ICE
13984,35257132,MONROE,Greece,3,104 43031155,Y,43.2101480,-77.7033860,5/12/14,20:15,INJURY,1,0,3,COLLISION WITH MOTOR VEHICLE,OTHER,TRAFFIC SIGNAL,DUSK,CLEAR,DRY
13984,34764577,MONROE,Greece,3,104 43031139,Y,43.2144240,-77.7318019,5/3/13,9:51,PROPERTY DAMAGE AND INJURY,2,0,2,COLLISION WITH MOTOR VEHICLE,RIGHT ANGLE,TRAFFIC SIGNAL,DAYLIGHT,CLEAR,DRY
13984,35128868,MONROE,Chili,3,390I43033001,N,43.1225367,-77.6483537,2/6/14,8:00,PROPERTY DAMAGE AND INJURY,3,0,2,COLLISION WITH MOTOR VEHICLE,REAR END,NONE,DAYLIGHT,CLEAR,SNOW/ICE
13984,35082741,MONROE,Rochester,1,390I43032004,N,43.1205092,-77.6427603,1/7/14,11:10,PROPERTY DAMAGE AND INJURY,1,0,1,COLLISION WITH OTHER BARRIER,OTHER,NONE,DAYLIGHT,SNOW,SNOW/ICE
13984,35254320,MONROE,Henrietta,3,253 43011084,N,43.0593203,-77.6043607,5/8/14,14:57,PROPERTY DAMAGE AND INJURY,2,0,4,COLLISION WITH MOTOR VEHICLE,OTHER,STOPPED SCHOOL BUS W/RED LIGHT FLSH,DAYLIGHT,CLEAR,DRY
13984,35340948,MONROE,Gates,3,940L43011005,Y,43.1388280,-77.6909730,7/26/14,14:53,PROPERTY DAMAGE AND INJURY,6,0,3,COLLISION WITH MOTOR VEHICLE,OTHER,TRAFFIC SIGNAL,DAYLIGHT,CLEAR,DRY
13984,35340942,MONROE,Churchville,4, 36 43031085,N,43.1008254,-77.8846820,7/20/14,18:31,INJURY,1,0,1,COLLISION WITH OTHER FIXED OBJECT,OTHER,RR CROSSING GATES,DAYLIGHT,CLEAR,DRY
13984,35146920,MONROE,Brighton,3, 15A43041127,Y,43.1070137,-77.6157969,2/10/14,9:30,PROPERTY DAMAGE AND INJURY,1,0,2,COLLISION WITH MOTOR VEHICLE,REAR END,TRAFFIC SIGNAL,DAYLIGHT,CLEAR,WET
13984,35214053,MONROE,Rochester,1,,Y,43.1480080,-77.5872820,4/3/14,17:26,PROPERTY DAMAGE AND INJURY,2,0,2,COLLISION WITH MOTOR VEHICLE,RIGHT ANGLE,STOP SIGN,DAYLIGHT,CLEAR,DRY
13984,35531601,MONROE,Rochester,1,,Y,43.1947990,-77.6287641,12/26/14,15:47,INJURY,1,0,1,COLLISION WITH PEDESTRIAN,OTHER,TRAFFIC SIGNAL,DAYLIGHT,CLEAR,DRY
13984,34819305,MONROE,Irondequoit,3,,Y,43.2075660,-77.5728909,6/18/13,17:35,PROPERTY DAMAGE AND INJURY,1,0,2,COLLISION WITH MOTOR VEHICLE,RIGHT ANGLE,STOP SIGN,DAYLIGHT,CLEAR,DRY
13984,35453315,MONROE,Rochester,1,104 43032017,Y,43.1956702,-77.6301678,10/14/14,20:55,PROPERTY DAMAGE AND INJURY,2,0,3,COLLISION WITH MOTOR VEHICLE,OTHER,NONE,DARK-ROAD LIGHTED,CLEAR,DRY
13984,34943919,MONROE,Webster,3,,Y,43.2138172,-77.4612463,9/10/13,10:15,PROPERTY DAMAGE AND INJURY,2,0,2,COLLISION WITH MOTOR VEHICLE,REAR END,TRAFFIC SIGNAL,DAYLIGHT,CLOUDY,WET
13984,35006661,MONROE,Parma,3,104 43031121,N,43.2187610,-77.7665003,11/16/13,18:16,INJURY,1,0,2,COLLISION WITH MOTOR VEHICLE,REAR END,NONE,DARK-ROAD LIGHTED,CLEAR,DRY
13984,35364179,MONROE,Rochester,1,,Y,43.1148400,-77.6122259,8/13/14,13:50,PROPERTY DAMAGE AND INJURY,1,0,2,COLLISION WITH MOTOR VEHICLE,OVERTAKING,NONE,DAYLIGHT,CLOUDY,DRY
13984,34702235,MONROE,Rochester,1,,Y,43.1465940,-77.6328680,3/16/13,17:36,INJURY,6,0,2,COLLISION WITH MOTOR VEHICLE,RIGHT ANGLE,NONE,DAYLIGHT,CLEAR,DRY
13984,35005259,MONROE,Rochester,1, 31 43032049,Y,43.1458620,-77.5924981,11/9/13,16:38,INJURY,1,0,2,COLLISION WITH MOTOR VEHICLE,REAR END,TRAFFIC SIGNAL,DAYLIGHT,CLEAR,DRY
13984,35213651,MONROE,Ogden,3,259 43011040,Y,43.1497460,-77.8057200,4/8/14,17:02,PROPERTY DAMAGE AND INJURY,1,0,2,COLLISION WITH MOTOR VEHICLE,REAR END,NO PASSING ZONE,DAYLIGHT,CLOUDY,DRY
13984,34867762,MONROE,Perinton,3, 31 43033075,N,43.0738646,-77.4606453,7/24/13,12:30,PROPERTY DAMAGE AND INJURY,1,0,4,COLLISION WITH MOTOR VEHICLE,OTHER,TRAFFIC SIGNAL,DAYLIGHT,CLOUDY,DRY
13984,34890465,MONROE,Rochester,1,,Y,43.1715990,-77.6430150,8/13/13,17:35,INJURY,1,0,1,COLLISION WITH BICYCLIST,OTHER,STOP SIGN,DAYLIGHT,CLOUDY,DRY
13984,35244012,MONROE,Rochester,1,,N,43.1308028,-77.6509085,4/25/14,17:36,INJURY,1,0,1,COLLISION WITH PEDESTRIAN,OTHER,NONE,DARK-ROAD LIGHTED,CLEAR,DRY
13984,35292990,MONROE,Rochester,1,,N,43.1568404,-77.6229909,6/5/14,17:56,PROPERTY DAMAGE AND INJURY,2,0,1,COLLISION WITH TREE,OTHER,NONE,DAYLIGHT,CLOUDY,DRY
13984,35509275,MONROE,Brighton,3,490I43023006,N,43.1378663,-77.5365300,12/10/14,11:08,PROPERTY DAMAGE AND INJURY,1,0,2,COLLISION WITH MOTOR VEHICLE,HEAD ON,NONE,DAYLIGHT,SNOW,SNOW/ICE
13984,34790188,MONROE,Brighton,3, 15 43031122,Y,43.1042450,-77.6277900,5/29/13,15:55,INJURY,1,0,1,COLLISION WITH PEDESTRIAN,OTHER,TRAFFIC SIGNAL,DAYLIGHT,CLOUDY,DRY
13984,35433663,MONROE,Gates,3,386 43011110,Y,43.1588090,-77.7323920,10/15/14,17:11,PROPERTY DAMAGE AND INJURY,1,0,2,COLLISION WITH MOTOR VEHICLE,LEFT TURN (WITH OTHER CAR),TRAFFIC SIGNAL,DAYLIGHT,RAIN,WET
13984,35431814,MONROE,Brighton,3,490I43023000,N,43.1432242,-77.5473291,10/13/14,13:05,PROPERTY DAMAGE AND INJURY,1,0,1,COLL. W/LIGHT SUPPORT/UTILITY POLE,OTHER,NONE,DAYLIGHT,CLOUDY,WET
13984,34938220,MONROE,Rochester,1, 15 43032006,N,43.1213247,-77.6190539,9/23/13,16:55,INJURY,1,0,2,COLLISION WITH MOTOR VEHICLE,REAR END,NONE,DAYLIGHT,CLEAR,DRY
13984,35403443,MONROE,Rochester,1,,Y,43.1927848,-77.6388730,9/9/14,18:44,INJURY,1,0,2,COLLISION WITH MOTOR VEHICLE,OTHER,NONE,DAYLIGHT,CLEAR,DRY
13984,35403419,MONROE,Rochester,1,,Y,43.1552690,-77.6540980,9/17/14,8:54,PROPERTY DAMAGE AND INJURY,1,0,2,COLLISION WITH MOTOR VEHICLE,REAR END,TRAFFIC SIGNAL,DAYLIGHT,CLEAR,DRY
13984,35425530,MONROE,Ogden,3,531 43012054,Y,43.1633921,-77.7608485,10/6/14,9:20,PROPERTY DAMAGE AND INJURY,2,0,2,COLLISION WITH MOTOR VEHICLE,REAR END,HIGHWAY WORK AREA,DAYLIGHT,RAIN,WET
13984,35039972,MONROE,Rochester,1,490I43022020,N,43.1566660,-77.6335124,12/13/13,11:10,PROPERTY DAMAGE AND INJURY,2,0,2,COLLISION WITH MOTOR VEHICLE,OVERTAKING,NONE,DAYLIGHT,SNOW,SNOW/ICE
13984,35039978,MONROE,Greece,3,,N,43.2552692,-77.6298633,12/5/13,19:03,PROPERTY DAMAGE AND INJURY,1,0,1,COLLISION WITH DEER,OTHER,NONE,DARK-ROAD UNLIGHTED,CLEAR,DRY
13984,35265934,MONROE,Rochester,1,,Y,43.2215120,-77.6279940,5/17/14,21:48,PROPERTY DAMAGE AND INJURY,1,0,2,COLLISION WITH MOTOR VEHICLE,REAR END,STOP SIGN,DARK-ROAD LIGHTED,CLOUDY,DRY
13984,35380339,MONROE,Rochester,1,,Y,43.1598280,-77.5943320,8/26/14,16:46,INJURY,1,0,1,COLLISION WITH BICYCLIST,OTHER,TRAFFIC SIGNAL,DAYLIGHT,CLEAR,DRY
13984,34862996,MONROE,Rochester,1,,Y,43.1939010,-77.6532910,7/17/13,18:40,INJURY,1,0,1,COLLISION WITH PEDESTRIAN,OTHER,TRAFFIC SIGNAL,DAYLIGHT,CLEAR,DRY
13984,35395031,MONROE,Ogden,3,531 43012000,Y,43.1865070,-77.8542729,9/12/14,17:52,INJURY,2,0,3,COLLISION WITH MOTOR VEHICLE,OTHER,TRAFFIC SIGNAL,DAYLIGHT,CLEAR,DRY
13984,34857442,MONROE,Rush,3,251 43011142,N,43.0032369,-77.7016703,7/17/13,20:45,PROPERTY DAMAGE AND INJURY,1,0,1,COLLISION WITH DEER,OTHER,NONE,DARK-ROAD UNLIGHTED,CLEAR,DRY
13984,34815945,MONROE,Webster,3,104 43035074,N,43.2044323,-77.4797116,6/15/13,22:06,INJURY,2,0,2,COLLISION WITH MOTOR VEHICLE,REAR END,NONE,DARK-ROAD UNLIGHTED,CLOUDY,DRY
13984,34830536,MONROE,Gates,3,,N,43.1377914,-77.7083535,7/1/13,0:11,PROPERTY DAMAGE AND INJURY,1,0,1,COLLISION WITH SIGN POST,OTHER,NONE,DARK-ROAD LIGHTED,CLEAR,DRY
13984,35461942,MONROE,Rochester,1, 33A43022010,Y,43.1468530,-77.6464340,11/5/14,12:36,PROPERTY DAMAGE AND INJURY,2,0,2,COLLISION WITH MOTOR VEHICLE,RIGHT ANGLE,NONE,DAYLIGHT,CLEAR,DRY
13984,34889459,MONROE,Rochester,1, 18 43032012,Y,43.2004550,-77.6387230,7/16/13,14:45,INJURY,4,0,2,COLLISION WITH MOTOR VEHICLE,REAR END,TRAFFIC SIGNAL,DAYLIGHT,CLEAR,DRY
13984,35422710,MONROE,Rochester,1,,Y,43.1531300,-77.6361660,9/28/14,18:58,INJURY,1,0,1,COLLISION WITH BICYCLIST,OTHER,NONE,DAYLIGHT,CLEAR,DRY
13984,34865338,MONROE,Spencerport,4,259 43011064,N,43.1856278,-77.8039810,7/15/13,16:51,PROPERTY DAMAGE AND INJURY,1,0,2,COLLISION WITH MOTOR VEHICLE,RIGHT ANGLE,NONE,DAYLIGHT,CLEAR,DRY
13984,35293280,MONROE,Rochester,1,,N,43.1730847,-77.6467789,6/15/14,18:39,INJURY,1,0,1,COLLISION WITH BICYCLIST,OTHER,NONE,DAYLIGHT,CLEAR,DRY
13984,35348089,MONROE,Perinton,3, 96 43051016,Y,43.0481720,-77.4688549,8/1/14,8:00,PROPERTY DAMAGE AND INJURY,2,0,2,COLLISION WITH MOTOR VEHICLE,RIGHT ANGLE,STOP SIGN,DAYLIGHT,CLOUDY,DRY
13984,35157663,MONROE,Greece,3,,Y,43.2236620,-77.6816630,2/23/14,18:36,PROPERTY DAMAGE AND INJURY,1,0,2,COLLISION WITH MOTOR VEHICLE,REAR END,NONE,DARK-ROAD LIGHTED,CLEAR,DRY
13984,35406396,MONROE,Gates,3,390I43037000,Y,43.1308510,-77.6611950,9/21/14,18:16,INJURY,1,0,2,COLLISION WITH MOTOR VEHICLE,REAR END,STOP SIGN,DAYLIGHT,CLEAR,DRY
13984,35125871,MONROE,Penfield,3,,N,43.1341860,-77.4824700,2/4/14,8:36,PROPERTY DAMAGE AND INJURY,3,0,2,COLLISION WITH MOTOR VEHICLE,RIGHT ANGLE,SCHOOL ZONE,DAYLIGHT,CLEAR,DRY
13984,34796475,MONROE,Henrietta,3,252 43011080,N,43.0872223,-77.6152939,5/31/13,13:13,PROPERTY DAMAGE AND INJURY,1,0,3,COLLISION WITH MOTOR VEHICLE,OTHER,NONE,DAYLIGHT,CLEAR,DRY
13984,34900023,MONROE,Greece,3,,N,43.2227347,-77.6422376,8/23/13,18:51,INJURY,1,0,1,COLLISION WITH CURBING,OTHER,NONE,DAYLIGHT,CLEAR,DRY
13984,34829061,MONROE,Irondequoit,3,104 43033001,N,43.1957124,-77.5821354,6/28/13,19:38,PROPERTY DAMAGE AND INJURY,2,0,2,COLLISION WITH MOTOR VEHICLE,REAR END,NONE,DAYLIGHT,RAIN,WET
13984,35473069,MONROE,Rochester,1,,N,43.1809380,-77.6350144,11/15/14,0:01,PROPERTY DAMAGE AND INJURY,3,0,1,COLLISION WITH TREE,OTHER,NONE,DARK-ROAD LIGHTED,SNOW,SNOW/ICE
13984,35412605,MONROE,Irondequoit,3,104 43035202,N,43.1961129,-77.5566166,9/23/14,23:00,PROPERTY DAMAGE AND INJURY,1,0,1,COLLISION WITH DEER,OTHER,NONE,DARK-ROAD LIGHTED,CLEAR,DRY
13984,34770735,MONROE,Rochester,1,,Y,43.1861036,-77.5995988,5/11/13,22:44,INJURY,1,0,1,COLLISION WITH PEDESTRIAN,OTHER,NONE,DARK-ROAD LIGHTED,CLEAR,DRY
13984,35309469,MONROE,Rochester,1,,Y,43.1833950,-77.5683330,6/25/14,13:53,PROPERTY DAMAGE AND INJURY,2,0,2,COLLISION WITH MOTOR VEHICLE,RIGHT ANGLE,STOP SIGN,DAYLIGHT,CLOUDY,WET
13984,35516550,MONROE,Rochester,1, 31 43032014,Y,43.1646360,-77.6486598,12/5/14,17:23,INJURY,1,0,1,COLLISION WITH PEDESTRIAN,OTHER,NONE,DARK-ROAD LIGHTED,CLEAR,DRY
13984,34986780,MONROE,Chili,3, 33A43021069,Y,43.0876600,-77.8121329,10/31/13,10:06,PROPERTY DAMAGE AND INJURY,1,0,2,COLLISION WITH MOTOR VEHICLE,OTHER,NONE,DAYLIGHT,CLOUDY,WET
13984,35453304,MONROE,Rochester,1, 96 43052004,Y,43.1454380,-77.5553219,10/30/14,8:47,PROPERTY DAMAGE AND INJURY,1,0,2,COLLISION WITH MOTOR VEHICLE,REAR END,TRAFFIC SIGNAL,DAYLIGHT,CLEAR,DRY
13984,34958186,MONROE,Rochester,1,,Y,43.1825270,-77.6136969,10/9/13,21:18,PROPERTY DAMAGE AND INJURY,2,0,2,COLLISION WITH MOTOR VEHICLE,RIGHT ANGLE,STOP SIGN,DARK-ROAD LIGHTED,CLEAR,DRY
13984,35323054,MONROE,Rochester,1, 31 43032052,N,43.1433646,-77.5881465,7/10/14,16:55,INJURY,3,0,2,COLLISION WITH MOTOR VEHICLE,REAR END,NONE,DAYLIGHT,CLEAR,DRY
13984,35147457,MONROE,Rochester,1,,Y,43.1711530,-77.5751800,2/17/14,11:47,PROPERTY DAMAGE AND INJURY,1,0,2,COLLISION WITH MOTOR VEHICLE,LEFT TURN (WITH OTHER CAR),NONE,DAYLIGHT,CLEAR,WET
13984,35364308,MONROE,Gates,3,,Y,43.1391520,-77.7085890,8/15/14,19:47,INJURY,1,0,2,COLLISION WITH MOTOR VEHICLE,REAR END,TRAFFIC SIGNAL,DAYLIGHT,CLOUDY,DRY
13984,35063442,MONROE,Penfield,3,441 43011037,N,43.1313806,-77.4711569,12/17/13,19:57,PROPERTY DAMAGE AND INJURY,1,0,2,COLLISION WITH MOTOR VEHICLE,OVERTAKING,NONE,DARK-ROAD LIGHTED,SNOW,WET
13984,35267347,MONROE,Rochester,1,,Y,43.1708234,-77.5870811,5/8/14,16:58,PROPERTY DAMAGE AND INJURY,1,0,2,COLLISION WITH MOTOR VEHICLE,REAR END,NONE,DAYLIGHT,CLEAR,DRY
13984,34779251,MONROE,Webster,3,,N,43.2048020,-77.4973037,5/16/13,20:45,INJURY,1,0,2,COLLISION WITH MOTOR VEHICLE,REAR END,NONE,DARK-ROAD LIGHTED,CLEAR,DRY
13984,35340931,MONROE,Ogden,3,,Y,43.1658010,-77.8751540,7/27/14,20:00,PROPERTY DAMAGE AND INJURY,2,0,2,COLLISION WITH MOTOR VEHICLE,RIGHT ANGLE,STOP SIGN,DUSK,CLOUDY,DRY
13984,34686370,MONROE,Brighton,3,,N,43.1156294,-77.5843624,3/7/13,8:00,PROPERTY DAMAGE AND INJURY,1,0,3,COLLISION WITH MOTOR VEHICLE,OTHER,NONE,DAYLIGHT,CLOUDY,WET
13984,35303768,MONROE,Rochester,1,104 43032020,N,43.1944388,-77.6250433,6/23/14,13:10,PROPERTY DAMAGE AND INJURY,2,0,1,COLL. W/LIGHT SUPPORT/UTILITY POLE,OTHER,NONE,DAYLIGHT,CLEAR,DRY
13984,35050851,MONROE,Rochester,1,,N,43.1418130,-77.5947860,12/16/13,17:33,PROPERTY DAMAGE AND INJURY,1,0,3,COLLISION WITH MOTOR VEHICLE,OTHER,TRAFFIC SIGNAL,DARK-ROAD LIGHTED,SNOW,SLUSH
13984,35279445,MONROE,Mendon,3,,N,42.9688869,-77.5727545,5/30/14,22:30,INJURY,1,0,1,COLLISION WITH DEER,OTHER,NONE,DARK-ROAD UNLIGHTED,CLEAR,DRY
13984,35087321,MONROE,Brighton,3,,Y,43.1257570,-77.5874530,1/15/14,10:41,PROPERTY DAMAGE AND INJURY,2,0,2,COLLISION WITH MOTOR VEHICLE,RIGHT ANGLE,NONE,DAYLIGHT,CLOUDY,WET
13984,35260468,MONROE,Rochester,1,104 43032001,Y,43.2038230,-77.6569700,5/11/14,12:02,PROPERTY DAMAGE AND INJURY,2,0,2,COLLISION WITH MOTOR VEHICLE,REAR END,NONE,DAYLIGHT,CLEAR,DRY
13984,35466654,MONROE,Perinton,3, 31 43033111,Y,43.0645120,-77.3919690,11/6/14,9:00,PROPERTY DAMAGE AND INJURY,1,0,2,COLLISION WITH MOTOR VEHICLE,RIGHT ANGLE,STOP SIGN,DAYLIGHT,CLOUDY,DRY
13984,35210943,MONROE,Gates,3,390I43037003,N,43.1343236,-77.6636878,4/7/14,13:54,INJURY,1,0,1,COLL. W/EARTH ELE./ROCK CUT/DITCH,OTHER,NONE,DAYLIGHT,RAIN,WET
13984,35285331,MONROE,Perinton,3,,Y,43.0791240,-77.4321141,6/9/14,8:43,PROPERTY DAMAGE AND INJURY,2,0,2,COLLISION WITH MOTOR VEHICLE,RIGHT ANGLE,TRAFFIC SIGNAL,DAYLIGHT,CLEAR,DRY
13984,35004614,MONROE,Henrietta,3,,N,43.0759230,-77.6266110,11/11/13,20:45,PROPERTY DAMAGE AND INJURY,1,0,2,COLLISION WITH MOTOR VEHICLE,RIGHT ANGLE,TRAFFIC SIGNAL,DARK-ROAD LIGHTED,CLEAR,DRY