QUERYID,CASE #,REGN_CNTY_CDE,Municipality,MUNITYPE,REF_MRKR,ATINTERSECTION_IND,Lat,Long,,Time,Crash Type,Injuries,Fatalities,Number of Vehicles,ACCD_TYP,COLLISION_TYP,TRAF_CNTL,Light Condition,Weather Condition,Road Surface Condition
13984,35313756,MONROE,Brighton,3, 15 43031117,N,43.0978953,-77.6310561,6/26/14,11:04,INJURY,1,0,1,COLLISION WITH BICYCLIST,OTHER,NONE,DAYLIGHT,CLOUDY,DRY
13984,35313748,MONROE,Irondequoit,3,,N,43.1964440,-77.5767859,7/3/14,15:30,PROPERTY DAMAGE AND INJURY,1,0,2,COLLISION WITH MOTOR VEHICLE,RIGHT ANGLE,TRAFFIC SIGNAL,DAYLIGHT,RAIN,WET
13984,34794788,MONROE,Ogden,3, 36 43031110,Y,43.1287220,-77.8636380,6/1/13,11:13,PROPERTY DAMAGE AND INJURY,2,0,2,COLLISION WITH MOTOR VEHICLE,RIGHT ANGLE,STOP SIGN,DAYLIGHT,CLEAR,DRY
13984,35448848,MONROE,Chili,3,252 43011012,N,43.0954826,-77.7438912,10/28/14,17:42,PROPERTY DAMAGE AND INJURY,1,0,3,COLLISION WITH MOTOR VEHICLE,OTHER,TRAFFIC SIGNAL,DUSK,RAIN,WET
13984,35311489,MONROE,Pittsford,3,490I43023030,N,43.1144279,-77.5062881,6/17/14,21:37,PROPERTY DAMAGE AND INJURY,1,0,2,COLLISION WITH MOTOR VEHICLE,REAR END,NONE,DARK-ROAD LIGHTED,RAIN,FLOODED WATER
13984,35512112,MONROE,Chili,3,259 43011006,N,43.1020145,-77.8006535,12/15/14,7:25,PROPERTY DAMAGE AND INJURY,1,0,3,COLLISION WITH MOTOR VEHICLE,OTHER,NONE,DAYLIGHT,CLOUDY,WET
13984,35032747,MONROE,Rochester,1,,Y,43.1792120,-77.6590790,11/18/13,10:37,PROPERTY DAMAGE AND INJURY,1,0,2,COLLISION WITH MOTOR VEHICLE,LEFT TURN (WITH OTHER CAR),TRAFFIC SIGNAL,DAYLIGHT,CLOUDY,DRY
13984,34821968,MONROE,Brighton,3,,Y,43.1264050,-77.5657140,6/20/13,8:09,PROPERTY DAMAGE AND INJURY,1,0,2,COLLISION WITH MOTOR VEHICLE,RIGHT ANGLE,TRAFFIC SIGNAL,DAYLIGHT,CLEAR,DRY
13984,34851932,MONROE,Chili,3,,N,43.0452451,-77.7424327,7/4/13,8:59,PROPERTY DAMAGE AND INJURY,1,0,1,COLLISION WITH GUIDE RAIL,OTHER,NONE,DAYLIGHT,RAIN,WET
13984,35206699,MONROE,Sweden,3,,Y,43.1983190,-77.9672070,4/4/14,7:55,INJURY,1,0,2,COLLISION WITH MOTOR VEHICLE,REAR END,TRAFFIC SIGNAL,DAYLIGHT,RAIN,WET
13984,34920063,MONROE,Riga,3,,N,43.1130847,-77.8773007,9/10/13,17:36,PROPERTY DAMAGE AND INJURY,1,0,1,COLLISION WITH TREE,OTHER,NONE,DAYLIGHT,CLEAR,DRY
13984,34715353,MONROE,Pittsford,3, 31 43033029,N,43.1031990,-77.5387139,3/25/13,11:20,INJURY,1,0,1,COLLISION WITH PEDESTRIAN,OTHER,TRAFFIC SIGNAL,DAYLIGHT,CLOUDY,DRY
13984,34985025,MONROE,Gates,3,,Y,43.1645400,-77.7200611,10/29/13,15:54,PROPERTY DAMAGE AND INJURY,3,0,3,COLLISION WITH MOTOR VEHICLE,OTHER,NONE,DAYLIGHT,CLOUDY,DRY
13984,35556131,MONROE,Henrietta,3,252 43011070,N,43.0881380,-77.6362540,12/1/14,12:31,FATAL,0,1,1,COLLISION WITH TREE,OTHER,NONE,DAYLIGHT,CLEAR,DRY
13984,34917946,MONROE,Brighton,3,490I43023004,N,43.1398196,-77.5403202,8/28/13,11:13,PROPERTY DAMAGE AND INJURY,1,0,2,COLLISION WITH MOTOR VEHICLE,OVERTAKING,NONE,DAYLIGHT,CLOUDY,DRY
13984,34882735,MONROE,Greece,3,,N,43.2663686,-77.6962933,8/6/13,11:23,PROPERTY DAMAGE AND INJURY,1,0,2,COLLISION WITH MOTOR VEHICLE,LEFT TURN (AGAINST OTHER CAR),NONE,DAYLIGHT,CLEAR,DRY
13984,34911565,MONROE,Henrietta,3,252 43011073,Y,43.0870220,-77.6296950,5/29/13,15:52,INJURY,1,0,2,COLLISION WITH MOTOR VEHICLE,REAR END,TRAFFIC SIGNAL,DAYLIGHT,CLOUDY,DRY
13984,34852180,MONROE,Gates,3,390I43037012,N,43.1450415,-77.6745404,7/16/13,7:50,PROPERTY DAMAGE AND INJURY,1,0,2,COLLISION WITH MOTOR VEHICLE,REAR END,NONE,DAYLIGHT,CLOUDY,DRY
13984,35039544,MONROE,Pittsford,3, 31F43011000,Y,43.1168600,-77.5167761,12/11/13,8:19,PROPERTY DAMAGE AND INJURY,1,0,2,COLLISION WITH MOTOR VEHICLE,RIGHT ANGLE,TRAFFIC SIGNAL,DAYLIGHT,CLOUDY,WET
13984,34751001,MONROE,Rochester,1, 31 43032019,Y,43.1646280,-77.6388650,4/23/13,15:40,PROPERTY DAMAGE AND INJURY,1,0,2,COLLISION WITH MOTOR VEHICLE,OVERTAKING,TRAFFIC SIGNAL,DAYLIGHT,CLEAR,DRY
13984,34704654,MONROE,Gates,3,386 43011114,Y,43.1644670,-77.7324211,3/19/13,22:02,PROPERTY DAMAGE AND INJURY,1,0,2,COLLISION WITH MOTOR VEHICLE,REAR END,TRAFFIC SIGNAL,DARK-ROAD LIGHTED,CLEAR,DRY
13984,35505873,MONROE,Riga,3, 33 43031004,Y,43.0908461,-77.9223906,12/4/14,12:49,PROPERTY DAMAGE AND INJURY,1,0,1,COLL. W/EARTH ELE./ROCK CUT/DITCH,OTHER,NONE,DAYLIGHT,CLEAR,DRY
13984,35505863,MONROE,Chili,3,,N,43.0696031,-77.7406449,12/3/14,17:26,PROPERTY DAMAGE AND INJURY,3,0,1,COLL. W/EARTH ELE./ROCK CUT/DITCH,OTHER,NONE,DARK-ROAD UNLIGHTED,CLOUDY,WET
13984,35461711,MONROE,Greece,3,,Y,43.2145280,-77.7318020,10/6/14,5:56,PROPERTY DAMAGE AND INJURY,2,0,2,COLLISION WITH MOTOR VEHICLE,LEFT TURN (AGAINST OTHER CAR),TRAFFIC SIGNAL,DARK-ROAD LIGHTED,CLEAR,DRY
13984,34873422,MONROE,Henrietta,3,,N,43.0872751,-77.6297024,7/20/13,12:09,PROPERTY DAMAGE AND INJURY,1,0,2,COLLISION WITH MOTOR VEHICLE,LEFT TURN (AGAINST OTHER CAR),NONE,DAYLIGHT,CLOUDY,DRY
13984,35470688,MONROE,Greece,3,,Y,43.2051890,-77.6662890,11/13/14,16:19,PROPERTY DAMAGE AND INJURY,2,0,2,COLLISION WITH MOTOR VEHICLE,REAR END,TRAFFIC SIGNAL,DUSK,CLOUDY,DRY
13984,35075123,MONROE,Gates,3,390 43011011,N,43.1725177,-77.6831027,1/7/14,21:33,PROPERTY DAMAGE AND INJURY,1,0,1,COLLISION WITH GUIDE RAIL,OTHER,NONE,DARK-ROAD LIGHTED,SNOW,SNOW/ICE
13984,35422092,MONROE,Henrietta,3,,N,43.0831137,-77.6588594,9/30/14,8:24,INJURY,1,0,1,COLLISION WITH BICYCLIST,OTHER,NONE,DAYLIGHT,CLEAR,DRY
13984,35366764,MONROE,Rochester,1,,Y,43.1343660,-77.5811870,8/16/14,22:49,PROPERTY DAMAGE AND INJURY,1,0,2,COLLISION WITH MOTOR VEHICLE,RIGHT ANGLE,STOP SIGN,DARK-ROAD LIGHTED,RAIN,WET
13984,35116068,MONROE,Rochester,1,,N,43.1503915,-77.5860275,1/30/14,7:22,PROPERTY DAMAGE AND INJURY,1,0,2,COLLISION WITH MOTOR VEHICLE,RIGHT ANGLE,NONE,DAYLIGHT,CLEAR,SNOW/ICE
13984,35116065,MONROE,Rochester,1,,Y,43.1602653,-77.5699415,1/9/14,17:21,INJURY,1,0,1,COLLISION WITH PEDESTRIAN,OTHER,NONE,DARK-ROAD LIGHTED,CLOUDY,WET
13984,35116047,MONROE,Rochester,1,,N,43.1614277,-77.5511147,1/24/14,8:33,PROPERTY DAMAGE AND INJURY,1,0,3,COLLISION WITH MOTOR VEHICLE,OTHER,NONE,DAYLIGHT,CLEAR,SNOW/ICE
13984,35468513,MONROE,Brockport,4, 19 43041054,Y,43.2091630,-77.9404281,11/1/14,19:03,PROPERTY DAMAGE AND INJURY,3,0,2,COLLISION WITH MOTOR VEHICLE,LEFT TURN (AGAINST OTHER CAR),TRAFFIC SIGNAL,DARK-ROAD LIGHTED,RAIN,WET
13984,34794844,MONROE,Henrietta,3,253 43011018,N,43.0387392,-77.7177082,5/29/13,1:00,PROPERTY DAMAGE AND INJURY,1,0,1,COLL. W/EARTH ELE./ROCK CUT/DITCH,OTHER,NONE,DARK-ROAD UNLIGHTED,RAIN,WET
13984,35045573,MONROE,Gates,3,490I43021140,N,43.1294169,-77.7243520,12/13/13,11:40,PROPERTY DAMAGE AND INJURY,1,0,3,COLLISION WITH MOTOR VEHICLE,OTHER,NONE,DAYLIGHT,SNOW,SNOW/ICE
13984,35444205,MONROE,Brockport,4, 19 43041054,Y,43.2090960,-77.9404477,10/15/14,15:00,INJURY,1,0,2,COLLISION WITH MOTOR VEHICLE,REAR END,TRAFFIC SIGNAL,DAYLIGHT,CLOUDY,WET
13984,35255718,MONROE,Riga,3, 33 43031054,N,43.1160931,-77.8321951,5/3/14,10:10,PROPERTY DAMAGE AND INJURY,2,0,2,COLLISION WITH MOTOR VEHICLE,SIDESWIPE,NONE,DAYLIGHT,CLOUDY,DRY
13984,35357185,MONROE,Irondequoit,3,,N,43.1964440,-77.5767859,7/26/14,9:49,INJURY,2,0,2,COLLISION WITH MOTOR VEHICLE,LEFT TURN (AGAINST OTHER CAR),TRAFFIC SIGNAL,DAYLIGHT,CLOUDY,DRY
13984,34808648,MONROE,Rochester,1,,Y,43.1752030,-77.6348170,6/8/13,18:15,INJURY,1,0,2,COLLISION WITH MOTOR VEHICLE,RIGHT TURN (AGAINST OTHER CAR),STOP SIGN,DAYLIGHT,CLEAR,DRY
13984,34817700,MONROE,Greece,3,104 43031139,Y,43.2142365,-77.7309048,6/15/13,16:25,INJURY,1,0,1,COLLISION WITH PEDESTRIAN,OTHER,NONE,DAYLIGHT,CLEAR,DRY
13984,34712815,MONROE,Greece,3, 18 43031214,Y,43.2393240,-77.6468370,3/27/13,22:14,PROPERTY DAMAGE AND INJURY,1,0,2,COLLISION WITH MOTOR VEHICLE,LEFT TURN (AGAINST OTHER CAR),OTHER,DARK-ROAD LIGHTED,RAIN,WET
13984,34721274,MONROE,Brighton,3, 15A43041128,N,43.1077322,-77.6159259,4/4/13,19:02,PROPERTY DAMAGE AND INJURY,1,0,2,COLLISION WITH MOTOR VEHICLE,LEFT TURN (WITH OTHER CAR),TRAFFIC SIGNAL,DARK-ROAD LIGHTED,CLEAR,DRY
13984,35134638,MONROE,Greece,3,,Y,43.2503899,-77.6964810,2/7/14,15:53,PROPERTY DAMAGE AND INJURY,1,0,2,COLLISION WITH MOTOR VEHICLE,LEFT TURN (AGAINST OTHER CAR),TRAFFIC SIGNAL,DAYLIGHT,CLOUDY,DRY
13984,35159461,MONROE,Rochester,1,940K43011009,N,43.1654809,-77.6595432,2/28/14,7:30,PROPERTY DAMAGE AND INJURY,1,0,2,COLLISION WITH MOTOR VEHICLE,REAR END,NONE,DAYLIGHT,CLEAR,SNOW/ICE
13984,34697921,MONROE,Rochester,1,,N,43.1671859,-77.5808232,3/15/13,14:08,PROPERTY DAMAGE AND INJURY,1,0,2,COLLISION WITH MOTOR VEHICLE,REAR END,NONE,DAYLIGHT,CLOUDY,WET
13984,34777708,MONROE,Rochester,1,,N,43.1872240,-77.5840962,5/16/13,18:52,INJURY,1,0,2,COLLISION WITH MOTOR VEHICLE,REAR END,NONE,DAYLIGHT,CLEAR,DRY
13984,34788763,MONROE,Perinton,3, 31 43033090,N,43.0685283,-77.4321353,5/21/13,14:05,INJURY,1,0,2,COLLISION WITH MOTOR VEHICLE,RIGHT ANGLE,TRAFFIC SIGNAL,DAYLIGHT,CLOUDY,DRY
13984,35391927,MONROE,Rochester,1,,Y,43.1617570,-77.6083030,8/27/14,12:15,PROPERTY DAMAGE AND INJURY,2,0,3,COLLISION WITH MOTOR VEHICLE,OTHER,TRAFFIC SIGNAL,DAYLIGHT,CLEAR,DRY
13984,34777149,MONROE,Greece,3,,Y,43.1869140,-77.7015110,5/15/13,16:19,PROPERTY DAMAGE AND INJURY,2,0,2,COLLISION WITH MOTOR VEHICLE,LEFT TURN (AGAINST OTHER CAR),TRAFFIC SIGNAL,DAYLIGHT,CLEAR,DRY
13984,35391916,MONROE,Rochester,1, 31 43032053,N,43.1424970,-77.5878450,9/5/14,23:07,INJURY,1,0,2,COLLISION WITH MOTOR VEHICLE,REAR END,TRAFFIC SIGNAL,DARK-ROAD LIGHTED,RAIN,WET
13984,35168706,MONROE,Ogden,3,,Y,43.1264529,-77.7895034,3/9/14,15:07,PROPERTY DAMAGE AND INJURY,1,0,2,COLLISION WITH MOTOR VEHICLE,LEFT TURN (WITH OTHER CAR),TRAFFIC SIGNAL,DAYLIGHT,CLEAR,DRY
13984,34957181,MONROE,Brighton,3, 15A43041125,Y,43.1027870,-77.6152590,10/10/13,19:15,INJURY,1,0,1,COLLISION WITH BICYCLIST,OTHER,TRAFFIC SIGNAL,DARK-ROAD LIGHTED,CLEAR,DRY
13984,35267201,MONROE,Henrietta,3, 15 43031110,N,43.0886469,-77.6359742,5/19/14,12:07,PROPERTY DAMAGE AND INJURY,1,0,2,COLLISION WITH MOTOR VEHICLE,RIGHT ANGLE,NONE,DAYLIGHT,CLEAR,DRY
13984,35516264,MONROE,Irondequoit,3,104 43033007,N,43.1961740,-77.5696141,12/12/14,11:52,PROPERTY DAMAGE AND INJURY,1,0,1,OVERTURNED,OTHER,NONE,DAYLIGHT,CLOUDY,DRY
13984,35466383,MONROE,Rochester,1,,Y,43.1738240,-77.5935920,11/3/14,22:18,PROPERTY DAMAGE AND INJURY,1,0,1,COLL. W/LIGHT SUPPORT/UTILITY POLE,OTHER,STOP SIGN,DARK-ROAD LIGHTED,CLEAR,DRY
13984,35183899,MONROE,Rochester,1,,N,43.1743463,-77.6376768,3/18/14,12:52,PROPERTY DAMAGE AND INJURY,2,0,2,COLLISION WITH CURBING,OTHER,NONE,DAYLIGHT,CLEAR,DRY
13984,35251474,MONROE,Greece,3,,N,43.2113340,-77.6952410,5/5/14,17:46,PROPERTY DAMAGE AND INJURY,2,0,2,COLLISION WITH MOTOR VEHICLE,RIGHT ANGLE,NONE,DAYLIGHT,CLOUDY,DRY
13984,35434228,MONROE,Rochester,1,,Y,43.1198560,-77.6163671,10/11/14,9:28,PROPERTY DAMAGE AND INJURY,1,0,2,COLLISION WITH MOTOR VEHICLE,REAR END,NONE,DAYLIGHT,CLEAR,DRY
13984,35327373,MONROE,Rush,3,251 43011158,N,43.0030410,-77.6692961,6/4/14,6:40,PROPERTY DAMAGE AND INJURY,2,0,2,COLLISION WITH MOTOR VEHICLE,REAR END,STOP SIGN,DAYLIGHT,CLEAR,DRY
13984,35146050,MONROE,Rochester,1,,Y,43.1418233,-77.6105228,1/27/14,10:59,INJURY,1,0,1,COLLISION WITH PEDESTRIAN,OTHER,NONE,DAYLIGHT,CLEAR,SNOW/ICE
13984,35231991,MONROE,Brighton,3,,Y,43.1253240,-77.6010900,4/2/14,16:38,PROPERTY DAMAGE AND INJURY,1,0,2,COLLISION WITH MOTOR VEHICLE,REAR END,NONE,DAYLIGHT,CLEAR,DRY
13984,35051522,MONROE,Pittsford,3,943C43011133,Y,43.0765280,-77.5223089,6/4/13,15:15,PROPERTY DAMAGE AND INJURY,2,0,2,COLLISION WITH MOTOR VEHICLE,REAR END,NONE,DAYLIGHT,CLEAR,DRY
13984,34813352,MONROE,Pittsford,4, 31 43033043,N,43.0916952,-77.5177215,6/13/13,14:40,PROPERTY DAMAGE AND INJURY,1,0,3,COLLISION WITH MOTOR VEHICLE,OTHER,NO PASSING ZONE,DAYLIGHT,RAIN,WET
13984,35298205,MONROE,Sweden,3,260 43011009,Y,43.2110149,-77.8950607,6/15/14,10:56,INJURY,1,0,2,COLLISION WITH MOTOR VEHICLE,RIGHT ANGLE,NONE,DAYLIGHT,CLEAR,DRY
13984,34959931,MONROE,Rochester,1,,Y,43.1549730,-77.6067170,7/8/13,11:23,INJURY,1,0,2,COLLISION WITH MOTOR VEHICLE,LEFT TURN (WITH OTHER CAR),TRAFFIC SIGNAL,DAYLIGHT,CLOUDY,DRY
13984,35209269,MONROE,Pittsford,3,252 43011123,N,43.0871477,-77.5318753,4/5/14,18:00,PROPERTY DAMAGE AND INJURY,1,0,2,COLLISION WITH MOTOR VEHICLE,RIGHT ANGLE,TRAFFIC SIGNAL,DAYLIGHT,CLOUDY,DRY
13984,35056516,MONROE,Irondequoit,3,,N,43.1956817,-77.6019120,12/23/13,12:00,INJURY,1,0,1,COLLISION WITH PEDESTRIAN,OTHER,NONE,DAYLIGHT,CLOUDY,WET
13984,34857552,MONROE,Rochester,1,,N,43.1249464,-77.6125556,7/16/13,9:14,PROPERTY DAMAGE AND INJURY,2,0,2,COLLISION WITH MOTOR VEHICLE,REAR END,TRAFFIC SIGNAL,DAYLIGHT,CLEAR,DRY
13984,34794815,MONROE,Chili,3, 33 43031068,N,43.1197458,-77.8057432,5/31/13,18:25,INJURY,1,0,2,COLLISION WITH MOTOR VEHICLE,HEAD ON,NONE,DAYLIGHT,CLEAR,DRY
13984,34745265,MONROE,Brighton,3, 15 43031119,N,43.1001746,-77.6298645,4/23/13,14:03,PROPERTY DAMAGE AND INJURY,1,0,2,COLLISION WITH MOTOR VEHICLE,SIDESWIPE,NONE,DAYLIGHT,CLEAR,DRY
13984,35236820,MONROE,Gates,3,,Y,43.1750670,-77.7015730,4/26/14,13:29,PROPERTY DAMAGE AND INJURY,1,0,2,COLLISION WITH MOTOR VEHICLE,HEAD ON,TRAFFIC SIGNAL,DAYLIGHT,CLOUDY,WET
13984,35257262,MONROE,Brighton,3, 15A43041128,N,43.1080070,-77.6159370,5/10/14,15:21,PROPERTY DAMAGE AND INJURY,1,0,2,COLLISION WITH MOTOR VEHICLE,RIGHT ANGLE,TRAFFIC SIGNAL,DAYLIGHT,CLOUDY,DRY
13984,35027570,MONROE,Rochester,1,490I43022017,N,43.1566965,-77.6393915,11/23/13,2:48,FATAL,1,1,2,COLLISION WITH MOTOR VEHICLE,HEAD ON,NONE,DARK-ROAD LIGHTED,CLOUDY,DRY
13984,34691251,MONROE,Penfield,3,,Y,43.1727670,-77.5035400,3/11/13,19:22,PROPERTY DAMAGE AND INJURY,2,0,2,COLLISION WITH MOTOR VEHICLE,HEAD ON,NONE,DARK-ROAD LIGHTED,CLOUDY,DRY
13984,35184152,MONROE,Rochester,1, 31 43032039,Y,43.1525020,-77.6075100,3/11/14,13:11,INJURY,1,0,1,COLLISION WITH PEDESTRIAN,OTHER,NONE,DAYLIGHT,CLEAR,DRY
13984,34889450,MONROE,Greece,3,,Y,43.2138120,-77.6776140,8/11/13,9:43,PROPERTY DAMAGE AND INJURY,2,0,2,COLLISION WITH MOTOR VEHICLE,RIGHT ANGLE,STOP SIGN,DAYLIGHT,CLEAR,DRY
13984,35131992,MONROE,Rochester,1,,Y,43.1344860,-77.5990600,2/7/14,7:54,PROPERTY DAMAGE AND INJURY,1,0,2,COLLISION WITH MOTOR VEHICLE,RIGHT ANGLE,STOP SIGN,DAYLIGHT,CLOUDY,WET
13984,35336987,MONROE,Rochester,1,,Y,43.1738240,-77.5935920,6/30/14,22:23,PROPERTY DAMAGE AND INJURY,1,0,1,COLL. W/LIGHT SUPPORT/UTILITY POLE,OTHER,NONE,DARK-ROAD LIGHTED,CLEAR,DRY
13984,35336975,MONROE,Gates,3,,Y,43.1788600,-77.6997700,7/23/14,22:06,PROPERTY DAMAGE AND INJURY,1,0,2,COLLISION WITH MOTOR VEHICLE,OVERTAKING,NONE,DARK-ROAD LIGHTED,CLEAR,DRY
13984,35052007,MONROE,Webster,3,,Y,43.2103452,-77.4466530,12/19/13,16:24,PROPERTY DAMAGE AND INJURY,1,0,2,COLLISION WITH MOTOR VEHICLE,RIGHT ANGLE,TRAFFIC SIGNAL,DUSK,CLOUDY,WET
13984,34757834,MONROE,Sweden,3,,N,43.1983580,-77.9436552,5/2/13,21:00,PROPERTY DAMAGE AND INJURY,1,0,2,COLLISION WITH MOTOR VEHICLE,REAR END,TRAFFIC SIGNAL,DARK-ROAD LIGHTED,CLEAR,DRY
13984,35103970,MONROE,Gates,3,390I43037010,N,43.1427639,-77.6720801,1/24/14,8:05,PROPERTY DAMAGE AND INJURY,1,0,2,COLLISION WITH MOTOR VEHICLE,REAR END,NONE,DAYLIGHT,CLEAR,SNOW/ICE
13984,35443204,MONROE,Rochester,1,940M43011005,N,43.1714775,-77.6279351,10/10/14,18:32,INJURY,1,0,1,COLLISION WITH PEDESTRIAN,OTHER,NONE,DUSK,CLEAR,DRY
13984,34757960,MONROE,Penfield,3,404 43035048,N,43.1774082,-77.5106865,4/19/13,15:15,PROPERTY DAMAGE AND INJURY,1,0,3,COLLISION WITH MOTOR VEHICLE,OTHER,NONE,DAYLIGHT,RAIN,WET
13984,35304584,MONROE,Rochester,1,,N,43.1388883,-77.6293135,5/8/14,18:09,INJURY,2,0,1,COLLISION WITH BICYCLIST,OTHER,NONE,DAYLIGHT,CLEAR,DRY
13984,35375772,MONROE,Gates,3, 31 43031177,N,43.1674421,-77.6970329,8/24/14,21:29,INJURY,1,0,1,COLLISION WITH BICYCLIST,OTHER,NONE,DARK-ROAD LIGHTED,CLEAR,DRY
13984,35444706,MONROE,Irondequoit,3,,Y,43.1908450,-77.5764889,10/25/14,15:50,PROPERTY DAMAGE AND INJURY,2,0,2,COLLISION WITH MOTOR VEHICLE,RIGHT ANGLE,STOP SIGN,DAYLIGHT,CLEAR,DRY
13984,35119980,MONROE,Rochester,1, 15 43032003,N,43.1174020,-77.6210790,1/25/14,18:26,INJURY,1,0,2,COLLISION WITH MOTOR VEHICLE,RIGHT ANGLE,NONE,DARK-ROAD LIGHTED,SNOW,SNOW/ICE
13984,35309573,MONROE,Henrietta,3,252 43011085,Y,43.0872680,-77.6054975,6/7/14,7:45,PROPERTY DAMAGE AND INJURY,1,0,2,COLLISION WITH MOTOR VEHICLE,RIGHT ANGLE,TRAFFIC SIGNAL,DAYLIGHT,CLEAR,DRY
13984,34933979,MONROE,Rochester,1,,N,43.1486870,-77.6306770,9/11/13,4:00,INJURY,2,0,1,COLLISION WITH PEDESTRIAN,OTHER,NONE,DARK-ROAD LIGHTED,CLEAR,DRY
13984,35273486,MONROE,Rochester,1, 31 43032028,Y,43.1581060,-77.6251630,5/30/14,19:53,PROPERTY DAMAGE AND INJURY,1,0,1,COLLISION WITH CURBING,OTHER,TRAFFIC SIGNAL,DAYLIGHT,CLEAR,DRY
13984,35285296,MONROE,Greece,3,,Y,43.1977970,-77.7012380,6/7/14,19:10,PROPERTY DAMAGE AND INJURY,1,0,2,COLLISION WITH MOTOR VEHICLE,RIGHT ANGLE,TRAFFIC SIGNAL,DAYLIGHT,CLEAR,DRY
13984,35404805,MONROE,Riga,3,,N,43.1009947,-77.8614090,9/3/14,17:12,PROPERTY DAMAGE AND INJURY,1,0,1,OVERTURNED,OTHER,NONE,DAYLIGHT,CLEAR,DRY
13984,35567678,MONROE,Gates,3,,N,43.1645829,-77.7119668,12/10/14,20:00,PROPERTY DAMAGE AND INJURY,1,0,1,COLL. W/LIGHT SUPPORT/UTILITY POLE,OTHER,NONE,DARK-ROAD LIGHTED,SNOW,SNOW/ICE
13984,35567671,MONROE,Perinton,3, 96 43051029,Y,43.0621614,-77.4812265,12/10/14,9:35,PROPERTY DAMAGE AND INJURY,1,0,1,COLL. W/LIGHT SUPPORT/UTILITY POLE,OTHER,NONE,DAYLIGHT,SNOW,SNOW/ICE
13984,34858289,MONROE,Perinton,3,250 43011051,N,43.1090637,-77.4417897,7/1/13,13:00,INJURY,1,0,3,COLLISION WITH MOTOR VEHICLE,OTHER,TRAFFIC SIGNAL,DAYLIGHT,RAIN,WET
13984,35510840,MONROE,Riga,3,490I43021011,N,43.0613233,-77.9398329,12/13/14,7:31,INJURY,1,0,1,COLLISION WITH SNOW EMBANKMENT,OTHER,NONE,DAYLIGHT,SNOW,SNOW/ICE
13984,35131985,MONROE,Rochester,1,,Y,43.1604420,-77.5916370,2/10/14,12:30,INJURY,1,0,1,COLLISION WITH PEDESTRIAN,OTHER,TRAFFIC SIGNAL,DAYLIGHT,CLEAR,DRY
13984,34743353,MONROE,Greece,3,104 43031137,Y,43.2145280,-77.7318020,4/20/13,11:37,PROPERTY DAMAGE AND INJURY,1,0,2,COLLISION WITH MOTOR VEHICLE,REAR END,TRAFFIC SIGNAL,DAYLIGHT,CLOUDY,DRY
13984,35212197,MONROE,Irondequoit,3,104 43033004,N,43.1962406,-77.5769399,4/2/14,17:45,PROPERTY DAMAGE AND INJURY,2,0,2,COLLISION WITH MOTOR VEHICLE,OVERTAKING,NONE,DAYLIGHT,CLEAR,DRY
13984,34784891,MONROE,Rochester,1,,Y,43.1871080,-77.6388760,5/17/13,16:31,INJURY,1,0,1,COLLISION WITH BICYCLIST,OTHER,TRAFFIC SIGNAL,DAYLIGHT,CLEAR,DRY
13984,34971173,MONROE,Rochester,1,940M43011020,Y,43.1938350,-77.6290010,10/13/13,0:26,INJURY,1,0,2,COLLISION WITH MOTOR VEHICLE,RIGHT ANGLE,TRAFFIC SIGNAL,DARK-ROAD LIGHTED,CLEAR,DRY
13984,34994526,MONROE,Perinton,3,490I43023087,N,43.0419640,-77.4625871,11/2/13,12:01,INJURY,1,0,2,COLLISION WITH MOTOR VEHICLE,REAR END,TRAFFIC SIGNAL,DAYLIGHT,RAIN,WET
13984,34777209,MONROE,Chili,3,390I43033004,N,43.1247479,-77.6532455,5/15/13,13:40,PROPERTY DAMAGE AND INJURY,1,0,1,COLLISION WITH GUIDE RAIL,OTHER,NONE,DAYLIGHT,CLEAR,DRY
13984,34929670,MONROE,Webster,3,,N,43.2156510,-77.4465970,9/4/13,11:00,PROPERTY DAMAGE AND INJURY,1,0,2,COLLISION WITH MOTOR VEHICLE,REAR END,UNKNOWN,UNKNOWN,UNKNOWN,UNKNOWN
13984,35435027,MONROE,Rochester,1, 31 43032012,Y,43.1646410,-77.6514569,9/16/14,17:51,INJURY,1,0,3,COLLISION WITH MOTOR VEHICLE,OTHER,NONE,DAYLIGHT,CLEAR,DRY
13984,34949968,MONROE,Rochester,1, 33A43022008,Y,43.1453358,-77.6509002,10/1/13,17:19,INJURY,1,0,2,COLLISION WITH MOTOR VEHICLE,REAR END,NONE,DAYLIGHT,CLEAR,DRY
13984,34789969,MONROE,Rochester,1,,N,43.2033930,-77.5618341,5/26/13,18:32,PROPERTY DAMAGE AND INJURY,1,0,2,COLLISION WITH MOTOR VEHICLE,LEFT TURN (AGAINST OTHER CAR),TRAFFIC SIGNAL,DAYLIGHT,CLEAR,DRY