QUERYID,CASE #,REGN_CNTY_CDE,Municipality,MUNITYPE,REF_MRKR,ATINTERSECTION_IND,Lat,Long,,Time,Crash Type,Injuries,Fatalities,Number of Vehicles,ACCD_TYP,COLLISION_TYP,TRAF_CNTL,Light Condition,Weather Condition,Road Surface Condition
13984,34687123,MONROE,Henrietta,3,,N,43.0261548,-77.6481366,3/5/13,22:36,PROPERTY DAMAGE AND INJURY,1,0,1,COLLISION WITH TREE,OTHER,NONE,DARK-ROAD UNLIGHTED,CLOUDY,DRY
13984,35430238,MONROE,Henrietta,3, 15A43041103,N,43.0722697,-77.6071140,9/29/14,15:50,INJURY,1,0,2,COLLISION WITH MOTOR VEHICLE,REAR END,NONE,DAYLIGHT,CLEAR,DRY
13984,35024971,MONROE,Henrietta,3,252 43011061,N,43.0926961,-77.6527930,11/29/13,13:57,INJURY,2,0,2,COLLISION WITH MOTOR VEHICLE,LEFT TURN (AGAINST OTHER CAR),NONE,DAYLIGHT,CLEAR,DRY
13984,35289980,MONROE,Rochester,1,,Y,43.1599340,-77.5590430,6/10/14,10:34,PROPERTY DAMAGE AND INJURY,1,0,2,COLLISION WITH MOTOR VEHICLE,RIGHT ANGLE,STOP SIGN,DAYLIGHT,CLEAR,DRY
13984,35527237,MONROE,Brighton,3,,N,43.0935415,-77.6501649,12/3/14,10:42,INJURY,1,0,2,COLLISION WITH MOTOR VEHICLE,REAR END,NONE,DAYLIGHT,CLOUDY,WET
13984,35339638,MONROE,Penfield,3,441 43011034,N,43.1298219,-77.4767064,7/16/14,13:51,INJURY,1,0,2,COLLISION WITH MOTOR VEHICLE,REAR END,TRAFFIC SIGNAL,DAYLIGHT,CLEAR,DRY
13984,35429476,MONROE,Rochester,1, 31 43032014,Y,43.1646351,-77.6472105,10/13/14,6:55,PROPERTY DAMAGE AND INJURY,1,0,2,COLLISION WITH MOTOR VEHICLE,UNKNOWN,NONE,DAWN,CLOUDY,DRY
13984,35301969,MONROE,Rochester,1,,Y,43.1579579,-77.5484743,6/24/14,0:20,PROPERTY DAMAGE AND INJURY,1,0,2,COLLISION WITH MOTOR VEHICLE,HEAD ON,NONE,DARK-ROAD LIGHTED,CLOUDY,DRY
13984,35252034,MONROE,Greece,3,,Y,43.2082053,-77.6872440,4/30/14,12:56,INJURY,1,0,2,COLLISION WITH MOTOR VEHICLE,RIGHT ANGLE,STOP SIGN,DAYLIGHT,RAIN,WET
13984,34896235,MONROE,Ogden,3,531 43012049,N,43.1701345,-77.7612761,8/15/13,6:05,INJURY,1,0,1,OTHER NON-COLLISION,OTHER,NONE,DAWN,CLEAR,DRY
13984,34820045,MONROE,Rochester,1,,Y,43.1585678,-77.6001510,6/14/13,15:25,INJURY,1,0,1,COLLISION WITH PEDESTRIAN,OTHER,NONE,DAYLIGHT,CLEAR,DRY
13984,34688908,MONROE,Brighton,3,,Y,43.1367423,-77.5184757,3/10/13,13:00,PROPERTY DAMAGE AND INJURY,1,0,1,COLLISION WITH ANIMAL,OTHER,NONE,DAYLIGHT,CLOUDY,DRY
13984,34916371,MONROE,Rochester,1,,N,43.1761740,-77.6133439,9/8/13,15:22,PROPERTY DAMAGE AND INJURY,1,0,2,COLLISION WITH MOTOR VEHICLE,RIGHT ANGLE,NONE,DAYLIGHT,CLEAR,DRY
13984,34766283,MONROE,Rochester,1,,Y,43.1938840,-77.6487570,4/23/13,15:00,INJURY,2,0,2,COLLISION WITH MOTOR VEHICLE,REAR END,RR CROSSING SIGN,DAYLIGHT,CLEAR,DRY
13984,35296886,MONROE,Rochester,1,,N,43.1596015,-77.5663243,6/19/14,16:54,PROPERTY DAMAGE AND INJURY,1,0,2,COLLISION WITH MOTOR VEHICLE,REAR END,NONE,DAYLIGHT,CLEAR,DRY
13984,35466388,MONROE,Rochester,1,,Y,43.1552480,-77.6439510,10/31/14,20:20,INJURY,1,0,2,COLLISION WITH MOTOR VEHICLE,REAR END,TRAFFIC SIGNAL,DARK-ROAD LIGHTED,RAIN,WET
13984,34748534,MONROE,Rochester,1,,Y,43.1811090,-77.5873490,4/24/13,13:47,INJURY,1,0,1,COLLISION WITH BICYCLIST,OTHER,TRAFFIC SIGNAL,DAYLIGHT,RAIN,WET
13984,35192322,MONROE,Rochester,1,,Y,43.1421270,-77.6557630,3/20/14,15:33,INJURY,1,0,2,COLLISION WITH MOTOR VEHICLE,RIGHT ANGLE,STOP SIGN,DAYLIGHT,RAIN,WET
13984,35531583,MONROE,Rochester,1,,Y,43.1822710,-77.5865410,12/18/14,16:56,INJURY,1,0,1,COLLISION WITH PEDESTRIAN,OTHER,TRAFFIC SIGNAL,DUSK,RAIN,WET
13984,34820012,MONROE,Henrietta,3,,N,43.0926685,-77.6588659,6/12/13,18:36,INJURY,1,0,2,COLLISION WITH MOTOR VEHICLE,LEFT TURN (AGAINST OTHER CAR),STOP SIGN,DAYLIGHT,CLEAR,DRY
13984,34822594,MONROE,Rochester,1, 31 43032021,Y,43.1646260,-77.6345130,4/26/13,15:55,INJURY,1,0,1,COLLISION WITH BICYCLIST,OTHER,NONE,DAYLIGHT,CLEAR,DRY
13984,34788111,MONROE,Rochester,1,,Y,43.1820450,-77.5992660,4/25/13,16:20,PROPERTY DAMAGE AND INJURY,2,0,2,COLLISION WITH MOTOR VEHICLE,LEFT TURN (AGAINST OTHER CAR),POLICE/FIRE EMERGENCY,DAYLIGHT,CLEAR,DRY
13984,35260494,MONROE,Rochester,1,,Y,43.1793120,-77.6394599,5/13/14,16:40,PROPERTY DAMAGE AND INJURY,1,0,2,COLLISION WITH MOTOR VEHICLE,RIGHT ANGLE,TRAFFIC SIGNAL,DAYLIGHT,CLEAR,DRY
13984,35260471,MONROE,Rochester,1, 31 43032019,Y,43.1646280,-77.6388650,5/8/14,20:20,INJURY,1,0,2,COLLISION WITH MOTOR VEHICLE,HEAD ON,TRAFFIC SIGNAL,DARK-ROAD LIGHTED,CLOUDY,DRY
13984,35309493,MONROE,Rochester,1,,Y,43.1557080,-77.6125470,3/26/14,22:27,INJURY,1,0,2,COLLISION WITH MOTOR VEHICLE,REAR END,TRAFFIC SIGNAL,DARK-ROAD LIGHTED,CLEAR,DRY
13984,35309488,MONROE,Rochester,1,,Y,43.1438830,-77.6458350,6/30/14,16:04,PROPERTY DAMAGE AND INJURY,1,0,2,COLLISION WITH MOTOR VEHICLE,LEFT TURN (WITH OTHER CAR),STOP SIGN,DAYLIGHT,CLEAR,DRY
13984,35309485,MONROE,Rochester,1,,Y,43.1633390,-77.5964671,6/28/14,13:19,PROPERTY DAMAGE AND INJURY,1,0,2,COLLISION WITH MOTOR VEHICLE,RIGHT ANGLE,STOP SIGN,DAYLIGHT,CLOUDY,DRY
13984,34874315,MONROE,Ogden,3,,N,43.1604650,-77.7538411,8/1/13,8:53,PROPERTY DAMAGE AND INJURY,2,0,3,COLLISION WITH MOTOR VEHICLE,OTHER,TRAFFIC SIGNAL,DAYLIGHT,RAIN,WET
13984,34723513,MONROE,Henrietta,3,253 43011016,N,43.0361770,-77.7190160,3/31/13,2:25,PROPERTY DAMAGE AND INJURY,1,0,1,COLL. W/EARTH ELE./ROCK CUT/DITCH,OTHER,NONE,DARK-ROAD UNLIGHTED,CLEAR,DRY
13984,34906389,MONROE,Gates,3, 33 43031124,Y,43.1486890,-77.7052600,8/26/13,13:44,PROPERTY DAMAGE AND INJURY,1,0,2,COLLISION WITH MOTOR VEHICLE,REAR END,TRAFFIC SIGNAL,DAYLIGHT,CLOUDY,DRY
13984,34954062,MONROE,Rochester,1,,N,43.1602397,-77.5659814,10/4/13,20:40,PROPERTY DAMAGE AND INJURY,2,0,2,COLLISION WITH MOTOR VEHICLE,REAR END,NONE,DARK-ROAD LIGHTED,CLOUDY,DRY
13984,35274042,MONROE,Henrietta,3,,Y,43.0958430,-77.5819018,5/25/14,13:25,INJURY,2,0,2,COLLISION WITH MOTOR VEHICLE,RIGHT ANGLE,TRAFFIC SIGNAL,DAYLIGHT,CLEAR,DRY
13984,34695090,MONROE,Brockport,4,,Y,43.2091460,-77.9428720,3/13/13,7:32,INJURY,1,0,1,COLLISION WITH PEDESTRIAN,OTHER,STOP SIGN,DAYLIGHT,CLEAR,DRY
13984,34890581,MONROE,Henrietta,3,252 43011066,N,43.0897407,-77.6430935,8/17/13,16:44,PROPERTY DAMAGE AND INJURY,1,0,2,COLLISION WITH MOTOR VEHICLE,LEFT TURN (AGAINST OTHER CAR),TRAFFIC SIGNAL,DAYLIGHT,CLEAR,DRY
13984,34716359,MONROE,Rochester,1,,N,43.1706038,-77.6190001,3/6/13,8:50,INJURY,1,0,1,COLLISION WITH PEDESTRIAN,OTHER,NONE,DAYLIGHT,CLOUDY,DRY
13984,34736460,MONROE,Brighton,3,,Y,43.1156000,-77.5854850,4/16/13,16:47,INJURY,1,0,2,COLLISION WITH MOTOR VEHICLE,REAR END,TRAFFIC SIGNAL,DAYLIGHT,RAIN,WET
13984,35400219,MONROE,Webster,3,,N,43.2154140,-77.4465880,9/14/14,11:37,PROPERTY DAMAGE AND INJURY,2,0,2,COLLISION WITH MOTOR VEHICLE,RIGHT ANGLE,TRAFFIC SIGNAL,DAYLIGHT,CLEAR,DRY
13984,35336997,MONROE,Rochester,1,,N,43.1882980,-77.5609876,7/22/14,16:24,PROPERTY DAMAGE AND INJURY,1,0,3,COLLISION WITH MOTOR VEHICLE,OTHER,NONE,DAYLIGHT,CLEAR,DRY
13984,34732619,MONROE,Rochester,1,,N,43.1430703,-77.6289728,4/9/13,21:52,INJURY,1,0,1,COLLISION WITH PEDESTRIAN,OTHER,NONE,DARK-ROAD LIGHTED,RAIN,WET
13984,35037308,MONROE,Rochester,1, 15 43032006,N,43.1215830,-77.6189280,11/5/13,12:30,PROPERTY DAMAGE AND INJURY,1,0,2,COLLISION WITH MOTOR VEHICLE,REAR END,TRAFFIC SIGNAL,DAYLIGHT,CLEAR,DRY
13984,35029372,MONROE,Rochester,1,490I43022065,N,43.1447268,-77.5543977,11/10/13,23:42,PROPERTY DAMAGE AND INJURY,2,0,1,COLLISION WITH OTHER BARRIER,OTHER,NONE,DARK-ROAD LIGHTED,CLOUDY,WET
13984,35532656,MONROE,Rochester,1,,Y,43.1738520,-77.6590451,12/11/14,23:21,PROPERTY DAMAGE AND INJURY,1,0,2,COLLISION WITH MOTOR VEHICLE,HEAD ON,TRAFFIC SIGNAL,DARK-ROAD LIGHTED,CLOUDY,WET
13984,35459945,MONROE,Irondequoit,3,,N,43.2122507,-77.5788805,11/6/14,13:40,PROPERTY DAMAGE AND INJURY,1,0,1,COLLISION WITH PEDESTRIAN,OTHER,NONE,DAYLIGHT,RAIN,WET
13984,35459930,MONROE,Perinton,3,,N,43.0790849,-77.4400628,11/4/14,8:00,PROPERTY DAMAGE AND INJURY,2,0,2,COLLISION WITH MOTOR VEHICLE,LEFT TURN (AGAINST OTHER CAR),NONE,DAYLIGHT,CLEAR,DRY
13984,34682854,MONROE,Perinton,3,490I43023087,N,43.0417770,-77.4622560,3/1/13,7:40,INJURY,1,0,2,COLLISION WITH MOTOR VEHICLE,REAR END,TRAFFIC SIGNAL,DAYLIGHT,SNOW,WET
13984,34758057,MONROE,Penfield,3,404 43035051,Y,43.1823990,-77.5078670,5/3/13,15:27,PROPERTY DAMAGE AND INJURY,2,0,2,COLLISION WITH MOTOR VEHICLE,RIGHT ANGLE,TRAFFIC SIGNAL,DAYLIGHT,CLEAR,DRY
13984,35504467,MONROE,Brighton,3,,N,43.0940181,-77.6329742,11/8/14,22:31,INJURY,1,0,2,COLLISION WITH MOTOR VEHICLE,RIGHT ANGLE,TRAFFIC SIGNAL,DARK-ROAD LIGHTED,CLEAR,WET
13984,34975736,MONROE,Penfield,3,404 43035050,N,43.1810519,-77.5085944,10/22/13,12:23,PROPERTY DAMAGE AND INJURY,2,0,2,COLLISION WITH MOTOR VEHICLE,REAR END,NONE,DAYLIGHT,CLEAR,DRY
13984,35453277,MONROE,Rochester,1,,N,43.2024872,-77.6443817,11/1/14,0:00,INJURY,1,0,1,COLL. W/LIGHT SUPPORT/UTILITY POLE,OTHER,NONE,DARK-ROAD LIGHTED,CLOUDY,WET
13984,35453039,MONROE,Irondequoit,3,,N,43.1956541,-77.5846070,10/28/14,14:54,INJURY,3,0,2,COLLISION WITH MOTOR VEHICLE,LEFT TURN (AGAINST OTHER CAR),STOP SIGN,DAYLIGHT,CLEAR,DRY
13984,35398667,MONROE,Brighton,3,,Y,43.1159460,-77.5714090,9/15/14,14:45,INJURY,1,0,1,COLLISION WITH BICYCLIST,OTHER,TRAFFIC SIGNAL,DAYLIGHT,CLOUDY,DRY
13984,35348160,MONROE,Rochester,1,,Y,43.1900650,-77.6388730,7/24/14,17:37,INJURY,1,0,2,COLLISION WITH MOTOR VEHICLE,REAR END,NONE,DAYLIGHT,CLEAR,DRY
13984,35398658,MONROE,Irondequoit,3,,Y,43.2003410,-77.5724311,9/10/14,16:53,INJURY,1,0,1,COLLISION WITH BICYCLIST,OTHER,STOP SIGN,DAYLIGHT,CLOUDY,DRY
13984,35296861,MONROE,Irondequoit,3,,Y,43.2125888,-77.5983533,6/17/14,18:19,PROPERTY DAMAGE AND INJURY,2,0,2,COLLISION WITH MOTOR VEHICLE,REAR END,NONE,DAYLIGHT,CLOUDY,DRY
13984,35071237,MONROE,Greece,3,,N,43.1939297,-77.6681999,1/2/14,6:04,PROPERTY DAMAGE AND INJURY,1,0,2,COLLISION WITH MOTOR VEHICLE,RIGHT ANGLE,NONE,DARK-ROAD LIGHTED,SNOW,SNOW/ICE
13984,34785376,MONROE,Rochester,1,,Y,43.1937810,-77.6000010,5/13/13,17:50,PROPERTY DAMAGE AND INJURY,1,0,2,COLLISION WITH MOTOR VEHICLE,OVERTAKING,NONE,DAYLIGHT,CLEAR,DRY
13984,34892918,MONROE,Webster,3,,N,43.2156510,-77.4465970,8/17/13,13:50,PROPERTY DAMAGE AND INJURY,1,0,3,COLLISION WITH MOTOR VEHICLE,OTHER,TRAFFIC SIGNAL,DAYLIGHT,CLEAR,DRY
13984,35061122,MONROE,Webster,3,,N,43.2417570,-77.5068675,12/28/13,10:40,PROPERTY DAMAGE AND INJURY,1,0,2,COLLISION WITH MOTOR VEHICLE,RIGHT ANGLE,NONE,DAYLIGHT,CLOUDY,DRY
13984,34998558,MONROE,Greece,3,104 43031171,N,43.2056183,-77.6697878,11/5/13,12:43,PROPERTY DAMAGE AND INJURY,2,0,3,COLLISION WITH MOTOR VEHICLE,OTHER,TRAFFIC SIGNAL,DAYLIGHT,CLOUDY,DRY
13984,35361138,MONROE,Gates,3, 33A43021152,N,43.1395120,-77.6680260,8/12/14,21:04,INJURY,1,0,1,COLLISION WITH BICYCLIST,OTHER,TRAFFIC SIGNAL,DARK-ROAD LIGHTED,RAIN,WET
13984,35060910,MONROE,Greece,3,,N,43.2522011,-77.6674625,12/30/13,14:07,INJURY,1,0,2,COLLISION WITH MOTOR VEHICLE,REAR END,NONE,DAYLIGHT,CLOUDY,WET
13984,34871050,MONROE,Greece,3,,Y,43.1869140,-77.7015110,6/30/13,12:35,PROPERTY DAMAGE AND INJURY,1,0,1,COLLISION WITH CURBING,OTHER,TRAFFIC SIGNAL,DAYLIGHT,CLEAR,DRY
13984,34758043,MONROE,Gates,3, 31 43031148,N,43.1777354,-77.7510918,5/3/13,12:32,INJURY,1,0,1,OTHER NON-COLLISION,OTHER,NONE,DAYLIGHT,CLEAR,DRY
13984,35243198,MONROE,Brighton,3,590 43011005,N,43.1479042,-77.5404722,5/2/14,7:20,PROPERTY DAMAGE AND INJURY,3,0,3,COLLISION WITH MOTOR VEHICLE,OTHER,NONE,DAYLIGHT,RAIN,WET
13984,35068110,MONROE,Brighton,3, 31 43033022,Y,43.1110170,-77.5477170,1/1/14,8:41,PROPERTY DAMAGE AND INJURY,2,0,2,COLLISION WITH MOTOR VEHICLE,RIGHT ANGLE,TRAFFIC SIGNAL,DAYLIGHT,CLEAR,DRY
13984,35420190,MONROE,Pittsford,3,,N,43.1002274,-77.5363395,9/30/14,13:45,INJURY,1,0,2,COLLISION WITH MOTOR VEHICLE,REAR END,NONE,DAYLIGHT,CLEAR,DRY
13984,34879389,MONROE,Henrietta,3, 15A43041112,N,43.0854253,-77.6085209,8/5/13,15:08,PROPERTY DAMAGE AND INJURY,1,0,2,COLLISION WITH MOTOR VEHICLE,RIGHT ANGLE,TRAFFIC SIGNAL,DAYLIGHT,CLEAR,DRY
13984,35258660,MONROE,Hilton,4,,N,43.2903965,-77.7912492,4/19/14,0:02,INJURY,1,0,1,COLLISION WITH PEDESTRIAN,OTHER,NONE,DARK-ROAD LIGHTED,CLOUDY,DRY
13984,35026650,MONROE,Rochester,1,940M43011008,Y,43.1757100,-77.6301080,12/1/13,2:35,PROPERTY DAMAGE AND INJURY,2,0,2,COLLISION WITH MOTOR VEHICLE,RIGHT ANGLE,TRAFFIC SIGNAL,DARK-ROAD LIGHTED,CLEAR,DRY
13984,35313516,MONROE,Rochester,1,940T43011006,N,43.1604187,-77.6133154,7/3/14,13:15,PROPERTY DAMAGE AND INJURY,2,0,1,COLLISION WITH OTHER BARRIER,OTHER,NONE,DAYLIGHT,RAIN,WET
13984,35080393,MONROE,Rochester,1,,Y,43.1573570,-77.6290540,1/8/14,16:47,PROPERTY DAMAGE AND INJURY,1,0,2,COLLISION WITH MOTOR VEHICLE,RIGHT ANGLE,STOP SIGN,DARK-ROAD LIGHTED,CLOUDY,WET
13984,35122320,MONROE,Greece,3,,Y,43.2184380,-77.6854309,1/4/14,10:48,PROPERTY DAMAGE AND INJURY,1,0,2,COLLISION WITH MOTOR VEHICLE,RIGHT ANGLE,STOP SIGN,DAYLIGHT,CLEAR,SNOW/ICE
13984,34812668,MONROE,Rochester,1,,Y,43.2308120,-77.6261480,6/13/13,0:11,PROPERTY DAMAGE AND INJURY,1,0,2,COLLISION WITH MOTOR VEHICLE,LEFT TURN (AGAINST OTHER CAR),TRAFFIC SIGNAL,DARK-ROAD LIGHTED,RAIN,WET
13984,35393440,MONROE,Rochester,1,,Y,43.1760980,-77.6348260,9/3/14,18:32,PROPERTY DAMAGE AND INJURY,1,0,2,COLLISION WITH MOTOR VEHICLE,RIGHT ANGLE,STOP SIGN,DAYLIGHT,CLEAR,DRY
13984,35352563,MONROE,Webster,3,404 43035077,Y,43.2051000,-77.4746220,8/4/14,10:44,INJURY,1,0,1,COLLISION WITH BICYCLIST,OTHER,TRAFFIC SIGNAL,DAYLIGHT,CLEAR,DRY
13984,34995591,MONROE,Ogden,3,,N,43.1790915,-77.8537056,11/5/13,19:18,INJURY,1,0,1,COLLISION WITH PEDESTRIAN,OTHER,NONE,DARK-ROAD UNLIGHTED,CLOUDY,DRY
13984,35168065,MONROE,Rochester,1, 15 43032006,N,43.1215830,-77.6189280,3/6/14,12:50,PROPERTY DAMAGE AND INJURY,1,0,2,COLLISION WITH MOTOR VEHICLE,OVERTAKING,TRAFFIC SIGNAL,DAYLIGHT,CLEAR,WET
13984,35378225,MONROE,Penfield,3,441 43011056,N,43.1306303,-77.4342015,8/25/14,5:45,PROPERTY DAMAGE AND INJURY,1,0,1,COLLISION WITH DEER,OTHER,NONE,DARK-ROAD LIGHTED,CLEAR,DRY
13984,35311467,MONROE,Greece,3,,N,43.2251255,-77.6590525,6/29/14,12:51,PROPERTY DAMAGE AND INJURY,2,0,2,COLLISION WITH MOTOR VEHICLE,RIGHT ANGLE,NONE,DAYLIGHT,CLEAR,DRY
13984,35045972,MONROE,Riga,3,490I43021001,N,43.0488797,-77.9460615,12/14/13,16:47,INJURY,1,0,1,COLLISION WITH SIGN POST,OTHER,NONE,DARK-ROAD UNLIGHTED,SNOW,SNOW/ICE
13984,34840898,MONROE,Gates,3,490I43021176,N,43.1583571,-77.6827194,6/15/13,16:52,PROPERTY DAMAGE AND INJURY,1,0,2,COLLISION WITH MOTOR VEHICLE,REAR END,NONE,DAYLIGHT,CLEAR,DRY
13984,34713173,MONROE,Brighton,3, 15 43031124,Y,43.1075475,-77.6261079,3/29/13,16:18,PROPERTY DAMAGE AND INJURY,1,0,2,COLLISION WITH MOTOR VEHICLE,REAR END,NONE,DAYLIGHT,CLEAR,DRY
13984,34697920,MONROE,Rochester,1, 96 43052013,Y,43.1494580,-77.5717247,3/14/13,17:40,PROPERTY DAMAGE AND INJURY,1,0,3,COLLISION WITH MOTOR VEHICLE,OTHER,NONE,DAYLIGHT,CLEAR,DRY
13984,35413454,MONROE,Penfield,3,441 43011041,N,43.1312343,-77.4636831,9/25/14,18:55,PROPERTY DAMAGE AND INJURY,3,0,3,COLLISION WITH MOTOR VEHICLE,OTHER,NONE,DUSK,CLEAR,DRY
13984,34973051,MONROE,Rochester,1, 31 43032007,Y,43.1646610,-77.6617560,10/18/13,14:37,PROPERTY DAMAGE AND INJURY,1,0,2,COLLISION WITH MOTOR VEHICLE,LEFT TURN (AGAINST OTHER CAR),NONE,DAYLIGHT,CLEAR,DRY
13984,35309386,MONROE,Gates,3,390 43011016,N,43.1789660,-77.6834209,6/18/14,20:31,PROPERTY DAMAGE AND INJURY,2,0,2,COLLISION WITH MOTOR VEHICLE,REAR END,NONE,DARK-ROAD LIGHTED,RAIN,WET
13984,34987661,MONROE,Rochester,1,,N,43.1691413,-77.6156223,10/29/13,10:28,INJURY,2,0,2,COLLISION WITH MOTOR VEHICLE,OVERTAKING,NONE,DAYLIGHT,CLEAR,DRY
13984,35440540,MONROE,Webster,3,404 43035069,N,43.2039349,-77.4917088,10/21/14,8:10,PROPERTY DAMAGE AND INJURY,1,0,2,COLLISION WITH MOTOR VEHICLE,RIGHT ANGLE,NONE,DAYLIGHT,RAIN,WET
13984,35486810,MONROE,Rochester,1,,N,43.1583770,-77.6010072,9/12/13,14:30,PROPERTY DAMAGE AND INJURY,1,0,2,COLLISION WITH MOTOR VEHICLE,REAR END,YIELD SIGN,DAYLIGHT,CLOUDY,DRY
13984,35400664,MONROE,Rochester,1,,Y,43.1889360,-77.6200270,9/4/14,17:38,INJURY,1,0,1,COLLISION WITH BICYCLIST,OTHER,NONE,DAYLIGHT,CLEAR,DRY
13984,35065694,MONROE,Rochester,1,,Y,43.2366680,-77.6234311,1/3/14,16:51,PROPERTY DAMAGE AND INJURY,1,0,1,COLL. W/LIGHT SUPPORT/UTILITY POLE,OTHER,NONE,DAYLIGHT,CLOUDY,SNOW/ICE
13984,34969293,MONROE,Henrietta,3,252 43011082,N,43.0872455,-77.6123299,10/18/13,19:40,INJURY,2,0,2,COLLISION WITH MOTOR VEHICLE,REAR END,TRAFFIC SIGNAL,DARK-ROAD LIGHTED,CLOUDY,DRY
13984,35045951,MONROE,Webster,3,,N,43.2043376,-77.4622496,12/16/13,17:26,PROPERTY DAMAGE AND INJURY,1,0,2,COLLISION WITH MOTOR VEHICLE,SIDESWIPE,NONE,DARK-ROAD LIGHTED,CLOUDY,WET
13984,35371554,MONROE,Irondequoit,3,,Y,43.1975090,-77.5847150,8/14/14,16:16,INJURY,1,0,2,COLLISION WITH MOTOR VEHICLE,REAR END,TRAFFIC SIGNAL,DAYLIGHT,CLOUDY,DRY
13984,35271144,MONROE,Gates,3, 31 43031174,Y,43.1695350,-77.7015490,5/25/14,16:09,INJURY,1,0,1,COLLISION WITH PEDESTRIAN,OTHER,TRAFFIC SIGNAL,DAYLIGHT,CLOUDY,DRY
13984,34970984,MONROE,Clarkson,3,,N,43.2458597,-77.9966578,10/19/13,20:30,PROPERTY DAMAGE AND INJURY,1,0,1,COLLISION WITH FIRE HYDRANT,OTHER,NONE,DARK-ROAD UNLIGHTED,CLOUDY,DRY
13984,35321783,MONROE,Gates,3, 33A43021144,Y,43.1343280,-77.6824411,7/8/14,14:15,INJURY,1,0,1,COLLISION WITH BICYCLIST,OTHER,STOP SIGN,DAYLIGHT,CLOUDY,DRY
13984,34741253,MONROE,Irondequoit,3,941B43011002,Y,43.1765340,-77.5525871,4/17/13,8:10,PROPERTY DAMAGE AND INJURY,2,0,2,COLLISION WITH MOTOR VEHICLE,RIGHT ANGLE,STOP SIGN,DAYLIGHT,CLEAR,DRY
13984,34699907,MONROE,Chili,3,,N,43.0939195,-77.7333275,3/10/13,15:32,INJURY,3,0,2,COLLISION WITH MOTOR VEHICLE,RIGHT ANGLE,FLASHING LIGHT,DAYLIGHT,CLOUDY,DRY
13984,35264359,MONROE,Greece,3,,N,43.2828343,-77.6931279,5/3/14,20:09,PROPERTY DAMAGE AND INJURY,2,0,2,COLLISION WITH MOTOR VEHICLE,HEAD ON,NONE,DUSK,CLOUDY,WET
13984,35049110,MONROE,Henrietta,3,252 43011076,Y,43.0870440,-77.6247261,12/17/13,22:31,PROPERTY DAMAGE AND INJURY,1,0,2,COLLISION WITH MOTOR VEHICLE,RIGHT ANGLE,TRAFFIC SIGNAL,DARK-ROAD LIGHTED,SNOW,SNOW/ICE
13984,35391429,MONROE,Chili,3,251 43011045,Y,43.0929679,-77.7575641,8/31/14,3:49,PROPERTY DAMAGE AND INJURY,1,0,1,COLL. W/EARTH ELE./ROCK CUT/DITCH,OTHER,STOP SIGN,DARK-ROAD UNLIGHTED,RAIN,WET
13984,34898393,MONROE,Rochester,1,,N,43.2277633,-77.5487089,8/23/13,23:06,PROPERTY DAMAGE AND INJURY,1,0,1,COLLISION WITH TREE,OTHER,NONE,DARK-ROAD UNLIGHTED,CLEAR,DRY
13984,34913946,MONROE,Irondequoit,3,,N,43.1940092,-77.5747519,8/31/13,13:10,INJURY,1,0,1,COLLISION WITH BICYCLIST,OTHER,NONE,DAYLIGHT,CLEAR,DRY
13984,34719855,MONROE,Rochester,1, 33 43032026,Y,43.1530160,-77.6242440,3/29/13,18:10,INJURY,2,0,2,COLLISION WITH MOTOR VEHICLE,HEAD ON,TRAFFIC SIGNAL,DUSK,CLOUDY,DRY
13984,35006984,UNKNOWN COUNTY,,0,,N,43.1362607,-77.5753715,10/24/13,22:51,PROPERTY DAMAGE AND INJURY,1,0,1,COLL. W/LIGHT SUPPORT/UTILITY POLE,OTHER,TRAFFIC SIGNAL,DARK-ROAD LIGHTED,CLOUDY,WET
13984,35033258,MONROE,Pittsford,3, 65 43031111,Y,43.0872695,-77.5426347,12/3/13,18:56,PROPERTY DAMAGE AND INJURY,1,0,3,COLLISION WITH MOTOR VEHICLE,OTHER,TRAFFIC SIGNAL,DARK-ROAD LIGHTED,CLEAR,DRY
13984,35207139,MONROE,Greece,3, 18 43031201,Y,43.2529340,-77.6537560,4/3/14,16:52,PROPERTY DAMAGE AND INJURY,3,0,3,COLLISION WITH MOTOR VEHICLE,OTHER,NONE,DAYLIGHT,CLEAR,DRY
13984,35115916,MONROE,Perinton,3,,Y,43.0643156,-77.3729903,1/29/14,13:45,PROPERTY DAMAGE AND INJURY,1,0,2,COLLISION WITH MOTOR VEHICLE,REAR END,NONE,DAYLIGHT,CLOUDY,DRY
13984,35195339,MONROE,Greece,3,,N,43.2072470,-77.6791739,3/26/14,8:35,INJURY,1,0,2,COLLISION WITH MOTOR VEHICLE,REAR END,TRAFFIC SIGNAL,DAYLIGHT,CLOUDY,WET
13984,35435026,MONROE,Rochester,1,940M43011011,Y,43.1793290,-77.6317150,9/30/14,17:10,PROPERTY DAMAGE AND INJURY,2,0,2,COLLISION WITH MOTOR VEHICLE,REAR END,TRAFFIC SIGNAL,DAYLIGHT,CLEAR,DRY