QUERYID,CASE #,REGN_CNTY_CDE,Municipality,MUNITYPE,REF_MRKR,ATINTERSECTION_IND,Lat,Long,,Time,Crash Type,Injuries,Fatalities,Number of Vehicles,ACCD_TYP,COLLISION_TYP,TRAF_CNTL,Light Condition,Weather Condition,Road Surface Condition
13984,34772110,MONROE,Penfield,3,,N,43.1825198,-77.4701777,4/20/13,1:16,PROPERTY DAMAGE AND INJURY,1,0,1,COLL. W/LIGHT SUPPORT/UTILITY POLE,OTHER,NONE,DARK-ROAD UNLIGHTED,CLEAR,DRY
13984,35490395,MONROE,Rochester,1,,Y,43.1823270,-77.6080899,11/23/14,2:43,PROPERTY DAMAGE AND INJURY,3,0,2,COLLISION WITH MOTOR VEHICLE,RIGHT TURN (AGAINST OTHER CAR),STOP SIGN,DARK-ROAD LIGHTED,CLOUDY,WET
13984,35174731,MONROE,Brighton,3, 31 43033022,Y,43.1110170,-77.5477170,1/9/14,13:35,PROPERTY DAMAGE AND INJURY,3,0,2,COLLISION WITH MOTOR VEHICLE,RIGHT ANGLE,TRAFFIC SIGNAL,DAYLIGHT,CLEAR,DRY
13984,34788727,MONROE,Webster,3,404 43035063,N,43.1987634,-77.4992122,5/24/13,14:37,PROPERTY DAMAGE AND INJURY,1,0,2,COLLISION WITH MOTOR VEHICLE,RIGHT ANGLE,NONE,DAYLIGHT,CLOUDY,WET
13984,35512125,MONROE,Greece,3,386 43011021,Y,43.2050320,-77.7319661,12/10/14,17:11,INJURY,2,0,2,COLLISION WITH MOTOR VEHICLE,RIGHT ANGLE,NONE,DARK-ROAD LIGHTED,SNOW,SNOW/ICE
13984,35065758,MONROE,Rochester,1,,Y,43.1398790,-77.6260330,1/2/14,12:26,PROPERTY DAMAGE AND INJURY,2,0,2,COLLISION WITH MOTOR VEHICLE,RIGHT ANGLE,STOP SIGN,DAYLIGHT,SNOW,SNOW/ICE
13984,35346072,MONROE,Chili,3,,N,43.1273854,-77.8162950,7/31/14,9:48,PROPERTY DAMAGE AND INJURY,2,0,2,COLLISION WITH MOTOR VEHICLE,RIGHT ANGLE,NONE,DAYLIGHT,CLEAR,DRY
13984,34775951,MONROE,Chili,3,383 43011144,Y,43.1135110,-77.6683561,5/10/13,7:56,INJURY,1,0,2,COLLISION WITH MOTOR VEHICLE,LEFT TURN (AGAINST OTHER CAR),TRAFFIC SIGNAL,DAYLIGHT,CLEAR,DRY
13984,35189237,MONROE,Greece,3,,Y,43.2067900,-77.6702260,2/28/14,8:13,PROPERTY DAMAGE AND INJURY,1,0,2,COLLISION WITH MOTOR VEHICLE,REAR END,STOP SIGN,DAYLIGHT,CLEAR,SNOW/ICE
13984,34839351,MONROE,Rochester,1,,Y,43.1975160,-77.6332600,7/6/13,23:30,PROPERTY DAMAGE AND INJURY,1,0,2,COLLISION WITH MOTOR VEHICLE,LEFT TURN (AGAINST OTHER CAR),TRAFFIC SIGNAL,DARK-ROAD LIGHTED,CLEAR,DRY
13984,35134818,MONROE,Scottsville,4,253 43011000,N,43.0282087,-77.7424715,2/4/14,10:36,PROPERTY DAMAGE AND INJURY,3,0,2,COLLISION WITH MOTOR VEHICLE,REAR END,TRAFFIC SIGNAL,DAYLIGHT,CLEAR,DRY
13984,35332975,MONROE,Sweden,3, 31 43031068,Y,43.1979930,-77.8994651,6/24/14,17:43,INJURY,1,0,2,COLLISION WITH MOTOR VEHICLE,REAR END,TRAFFIC SIGNAL,DAYLIGHT,CLOUDY,WET
13984,35289122,MONROE,Hamlin,3, 19 43041111,N,43.2887737,-77.9209553,6/12/14,16:08,PROPERTY DAMAGE AND INJURY,1,0,2,COLLISION WITH MOTOR VEHICLE,REAR END,NONE,DAYLIGHT,CLEAR,DRY
13984,35150116,MONROE,Pittsford,4, 31 43033045,N,43.0902273,-77.5134579,2/23/14,14:43,PROPERTY DAMAGE AND INJURY,1,0,2,COLLISION WITH MOTOR VEHICLE,REAR END,NONE,DAYLIGHT,CLEAR,DRY
13984,35453287,MONROE,Rochester,1,,N,43.1935920,-77.5984861,10/23/14,12:16,PROPERTY DAMAGE AND INJURY,1,0,5,COLLISION WITH MOTOR VEHICLE,OTHER,NONE,DAYLIGHT,CLEAR,DRY
13984,35318702,MONROE,Mendon,3,,N,43.0240950,-77.5015807,6/30/14,18:20,PROPERTY DAMAGE AND INJURY,1,0,2,COLLISION WITH MOTOR VEHICLE,REAR END,NONE,DAYLIGHT,CLEAR,DRY
13984,34794821,MONROE,Mendon,3, 64 43021017,Y,42.9648260,-77.5024869,5/30/13,22:45,INJURY,2,0,2,COLLISION WITH MOTOR VEHICLE,RIGHT ANGLE,STOP SIGN,DARK-ROAD LIGHTED,CLEAR,DRY
13984,35324594,MONROE,Penfield,3,441 43011059,N,43.1305527,-77.4269831,7/10/14,9:13,INJURY,1,0,2,COLLISION WITH MOTOR VEHICLE,REAR END,NONE,DAYLIGHT,CLEAR,DRY
13984,34925565,MONROE,Pittsford,3, 96 43051064,N,43.0985686,-77.5140696,9/10/13,19:39,PROPERTY DAMAGE AND INJURY,1,0,2,COLLISION WITH MOTOR VEHICLE,REAR END,NO PASSING ZONE,DARK-ROAD LIGHTED,CLEAR,DRY
13984,35032737,MONROE,Rochester,1, 15 43032017,N,43.1388184,-77.6143900,12/6/13,9:00,PROPERTY DAMAGE AND INJURY,1,0,1,COLLISION WITH CURBING,OTHER,NONE,DAYLIGHT,CLOUDY,DRY
13984,34805566,MONROE,Gates,3, 31 43031186,Y,43.1647070,-77.6807050,6/4/13,13:49,INJURY,1,0,1,COLLISION WITH BICYCLIST,OTHER,TRAFFIC SIGNAL,DAYLIGHT,CLEAR,DRY
13984,34958754,MONROE,Parma,3,,N,43.2276642,-77.8217627,10/7/13,18:27,INJURY,1,0,1,COLLISION WITH TREE,OTHER,NONE,DUSK,CLOUDY,WET
13984,35268626,MONROE,Greece,3,,Y,43.2056160,-77.6492599,5/24/14,11:09,PROPERTY DAMAGE AND INJURY,1,0,2,COLLISION WITH MOTOR VEHICLE,RIGHT ANGLE,STOP SIGN,DAYLIGHT,CLEAR,DRY
13984,34915295,MONROE,Henrietta,3, 15 43031081,Y,43.0491830,-77.6571380,8/10/13,12:45,INJURY,1,0,2,COLLISION WITH MOTOR VEHICLE,RIGHT ANGLE,TRAFFIC SIGNAL,DAYLIGHT,CLEAR,DRY
13984,34758032,MONROE,Brighton,3,,Y,43.1141850,-77.6315920,5/4/13,4:52,PROPERTY DAMAGE AND INJURY,1,0,1,COLLISION WITH DEER,OTHER,NONE,DARK-ROAD UNLIGHTED,CLEAR,DRY
13984,34722174,MONROE,Rochester,1, 15A43042002,Y,43.1130560,-77.6161210,3/29/13,14:16,INJURY,2,0,2,COLLISION WITH MOTOR VEHICLE,REAR END,TRAFFIC SIGNAL,DAYLIGHT,CLEAR,DRY
13984,35242869,MONROE,Brighton,3,590 43011009,N,43.1547992,-77.5381231,5/2/14,6:55,PROPERTY DAMAGE AND INJURY,1,0,1,COLLISION WITH MEDIAN/BARRIER,OTHER,NONE,DAYLIGHT,CLOUDY,WET
13984,35499517,MONROE,Henrietta,3, 15 43031113,N,43.0929932,-77.6336286,11/23/14,12:02,PROPERTY DAMAGE AND INJURY,1,0,2,COLLISION WITH MOTOR VEHICLE,LEFT TURN (AGAINST OTHER CAR),STOP SIGN,DAYLIGHT,CLOUDY,WET
13984,35022207,MONROE,Irondequoit,3,,Y,43.2110460,-77.5855480,11/28/13,15:56,PROPERTY DAMAGE AND INJURY,2,0,2,COLLISION WITH MOTOR VEHICLE,RIGHT ANGLE,TRAFFIC SIGNAL,DAYLIGHT,CLOUDY,DRY
13984,35272847,MONROE,Hamlin,3, 19 43041126,N,43.3090671,-77.9198967,5/27/14,12:20,PROPERTY DAMAGE AND INJURY,1,0,1,COLLISION WITH OTHER FIXED OBJECT,OTHER,NONE,DAYLIGHT,CLOUDY,DRY
13984,34953082,MONROE,Rochester,1,,Y,43.1646380,-77.6293030,9/25/13,7:56,INJURY,1,0,1,COLLISION WITH BICYCLIST,OTHER,TRAFFIC SIGNAL,DAYLIGHT,CLEAR,DRY
13984,35276287,MONROE,Sweden,3, 19 43041043,N,43.1948758,-77.9439149,5/28/14,14:09,PROPERTY DAMAGE AND INJURY,1,0,1,COLL. W/LIGHT SUPPORT/UTILITY POLE,OTHER,NONE,DAYLIGHT,CLOUDY,DRY
13984,35145128,MONROE,Henrietta,3, 15A43041102,N,43.0710228,-77.6073162,2/17/14,18:42,INJURY,1,0,1,COLLISION WITH PEDESTRIAN,OTHER,NONE,DARK-ROAD LIGHTED,CLOUDY,DRY
13984,35397146,MONROE,Scottsville,4,253 43011002,N,43.0282676,-77.7393087,8/20/14,15:14,PROPERTY DAMAGE AND INJURY,1,0,1,COLLISION WITH SIGN POST,OTHER,NONE,DAYLIGHT,RAIN,WET
13984,34904648,MONROE,Rochester,1,,Y,43.1697450,-77.5951530,8/25/13,2:04,INJURY,1,0,1,COLLISION WITH CURBING,OTHER,NO PASSING ZONE,DARK-ROAD LIGHTED,CLEAR,DRY
13984,35225007,MONROE,Irondequoit,3,590 43013007,N,43.1763804,-77.5424522,4/15/14,22:14,INJURY,1,0,2,COLLISION WITH GUIDE RAIL,REAR END,NONE,DARK-ROAD LIGHTED,SNOW,SNOW/ICE
13984,34734888,MONROE,Rochester,1,,Y,43.1690050,-77.6443120,4/9/13,20:31,INJURY,1,0,1,COLLISION WITH PEDESTRIAN,OTHER,NONE,DARK-ROAD LIGHTED,RAIN,WET
13984,35029125,MONROE,Rochester,1,,Y,43.1248990,-77.6142320,12/2/13,17:50,INJURY,1,0,1,COLLISION WITH PEDESTRIAN,OTHER,TRAFFIC SIGNAL,DARK-ROAD LIGHTED,RAIN,WET
13984,34869086,MONROE,Henrietta,3,252 43011078,N,43.0871995,-77.6192460,7/18/13,13:22,PROPERTY DAMAGE AND INJURY,1,0,2,COLLISION WITH MOTOR VEHICLE,REAR END,NONE,DAYLIGHT,CLEAR,DRY
13984,35065772,MONROE,Rochester,1,,Y,43.1844360,-77.6388740,12/31/13,15:54,INJURY,3,0,2,COLLISION WITH MOTOR VEHICLE,REAR END,NONE,DAYLIGHT,CLEAR,DRY
13984,34775976,MONROE,Chili,3,259 43011018,N,43.1185141,-77.8050221,5/14/13,16:41,PROPERTY DAMAGE AND INJURY,2,0,2,COLLISION WITH MOTOR VEHICLE,REAR END,NONE,DAYLIGHT,CLEAR,DRY
13984,34846105,MONROE,Clarkson,3,260 43011015,N,43.2198054,-77.8921235,6/30/13,21:48,PROPERTY DAMAGE AND INJURY,1,0,2,COLLISION WITH MOTOR VEHICLE,REAR END,TRAFFIC SIGNAL,DUSK,CLEAR,DRY
13984,35335767,MONROE,Greece,3, 18 43031220,Y,43.2311670,-77.6468900,7/19/14,12:46,PROPERTY DAMAGE AND INJURY,1,0,2,COLLISION WITH MOTOR VEHICLE,RIGHT ANGLE,TRAFFIC SIGNAL,DAYLIGHT,CLOUDY,DRY
13984,35116553,MONROE,Gates,3,490I43021180,N,43.1569067,-77.6755741,1/27/14,10:30,PROPERTY DAMAGE AND INJURY,1,0,2,COLLISION WITH MOTOR VEHICLE,OVERTAKING,NONE,DAYLIGHT,CLEAR,SNOW/ICE
13984,34874349,MONROE,Irondequoit,3,941B43011004,Y,43.1766250,-77.5500050,8/2/13,10:44,PROPERTY DAMAGE AND INJURY,1,0,3,COLLISION WITH MOTOR VEHICLE,OTHER,TRAFFIC SIGNAL,DAYLIGHT,CLEAR,DRY
13984,34914684,MONROE,Perinton,3,,N,43.0794084,-77.4321111,7/28/13,13:43,PROPERTY DAMAGE AND INJURY,2,0,3,COLLISION WITH MOTOR VEHICLE,OTHER,TRAFFIC SIGNAL,DAYLIGHT,CLEAR,DRY
13984,34759182,MONROE,Rochester,1,,N,43.1758945,-77.6012949,4/27/13,16:08,INJURY,1,0,1,COLLISION WITH PEDESTRIAN,OTHER,NONE,DAYLIGHT,CLEAR,DRY
13984,35368710,MONROE,Rochester,1,,N,43.1486587,-77.5613840,8/18/14,15:45,PROPERTY DAMAGE AND INJURY,2,0,2,COLLISION WITH MOTOR VEHICLE,REAR END,NONE,DAYLIGHT,CLEAR,DRY
13984,34854513,MONROE,Greece,3,,Y,43.2086270,-77.6876899,7/12/13,22:03,INJURY,1,0,2,COLLISION WITH OTHER PEDESTRIAN,OTHER,NONE,DARK-ROAD LIGHTED,CLEAR,DRY
13984,35286805,MONROE,Chili,3,252 43011030,N,43.0911615,-77.7122477,6/10/14,6:07,INJURY,1,0,1,COLL. W/LIGHT SUPPORT/UTILITY POLE,OTHER,NONE,DAWN,CLEAR,DRY
13984,34767191,MONROE,Penfield,3,,Y,43.1284700,-77.4323561,5/9/13,17:27,PROPERTY DAMAGE AND INJURY,1,0,1,COLL. W/LIGHT SUPPORT/UTILITY POLE,OTHER,NONE,DAYLIGHT,CLEAR,DRY
13984,35446077,MONROE,Perinton,3,,Y,43.1084620,-77.4480220,10/24/14,8:00,PROPERTY DAMAGE AND INJURY,2,0,2,COLLISION WITH MOTOR VEHICLE,RIGHT ANGLE,STOP SIGN,DAYLIGHT,CLEAR,DRY
13984,35161610,MONROE,Rochester,1,,N,43.1557080,-77.6125470,2/28/14,6:15,PROPERTY DAMAGE AND INJURY,1,0,2,COLLISION WITH MOTOR VEHICLE,HEAD ON,NONE,DAWN,SNOW,SNOW/ICE
13984,35076684,MONROE,Webster,3,104 43035257,N,43.2138824,-77.4630950,1/7/14,15:30,PROPERTY DAMAGE AND INJURY,1,0,1,COLLISION WITH GUIDE RAIL,OTHER,NONE,DAYLIGHT,SNOW,SNOW/ICE
13984,35397107,MONROE,Irondequoit,3,,N,43.2085824,-77.6008467,9/10/14,12:50,INJURY,1,0,1,OVERTURNED,OTHER,TRAFFIC SIGNAL,DAYLIGHT,CLOUDY,DRY
13984,35414935,MONROE,Rochester,1,,Y,43.1815100,-77.5759310,9/11/14,9:22,INJURY,1,0,2,COLLISION WITH MOTOR VEHICLE,REAR END,TRAFFIC SIGNAL,DAYLIGHT,CLEAR,DRY
13984,34965586,MONROE,Brighton,3,590 43011001,N,43.1439473,-77.5448074,10/15/13,14:48,INJURY,1,0,1,COLLISION WITH GUIDE RAIL,OTHER,NONE,DAYLIGHT,CLEAR,DRY
13984,34838419,MONROE,Rochester,1,,Y,43.1835670,-77.6198560,6/30/13,11:55,INJURY,1,0,2,COLLISION WITH BICYCLIST,OTHER,STOP SIGN,DAYLIGHT,CLEAR,DRY
13984,35364604,MONROE,Gates,3,940L43011015,N,43.1523245,-77.6910050,8/12/14,0:12,FATAL,0,1,1,COLLISION WITH PEDESTRIAN,OTHER,NONE,DARK-ROAD LIGHTED,CLOUDY,DRY
13984,35462547,MONROE,Rochester,1,,Y,43.1822310,-77.5637920,11/7/14,12:25,INJURY,1,0,1,COLLISION WITH PEDESTRIAN,OTHER,NONE,DAYLIGHT,RAIN,WET
13984,34957167,MONROE,Pittsford,4, 31 43033045,N,43.0905924,-77.5145799,8/30/13,12:15,INJURY,1,0,2,COLLISION WITH MOTOR VEHICLE,REAR END,NONE,DAYLIGHT,CLEAR,DRY
13984,35244347,MONROE,Rochester,1,,Y,43.1805850,-77.6079719,4/20/14,20:59,INJURY,1,0,1,COLLISION WITH PEDESTRIAN,OTHER,TRAFFIC SIGNAL,DARK-ROAD LIGHTED,CLEAR,DRY
13984,35333071,MONROE,Rochester,1,,Y,43.1597290,-77.5662550,7/16/14,9:02,PROPERTY DAMAGE AND INJURY,1,0,2,COLLISION WITH MOTOR VEHICLE,HEAD ON,TRAFFIC SIGNAL,DAYLIGHT,CLEAR,DRY
13984,34963726,MONROE,Greece,3,,Y,43.2432522,-77.6591508,10/13/13,10:38,PROPERTY DAMAGE AND INJURY,1,0,2,COLLISION WITH MOTOR VEHICLE,RIGHT ANGLE,STOP SIGN,DAYLIGHT,CLEAR,DRY
13984,34751043,MONROE,Rochester,1, 33A43022013,Y,43.1485310,-77.6414850,4/21/13,16:11,INJURY,1,0,1,COLL. W/LIGHT SUPPORT/UTILITY POLE,OTHER,NONE,DAYLIGHT,CLEAR,DRY
13984,34969894,MONROE,Rochester,1,490I43022037,N,43.1498749,-77.6049280,10/18/13,9:40,PROPERTY DAMAGE AND INJURY,1,0,2,COLLISION WITH MOTOR VEHICLE,REAR END,NONE,DAYLIGHT,CLEAR,DRY
13984,35321717,MONROE,Mendon,3,,N,43.0209044,-77.5252493,6/30/14,10:30,PROPERTY DAMAGE AND INJURY,1,0,1,COLL. W/EARTH ELE./ROCK CUT/DITCH,OTHER,NONE,DAYLIGHT,CLEAR,DRY
13984,35223786,MONROE,Ogden,3, 36 43031153,N,43.1874069,-77.8542142,4/15/14,16:00,INJURY,1,0,3,COLLISION WITH MOTOR VEHICLE,OTHER,NONE,DAYLIGHT,CLOUDY,DRY
13984,35046068,MONROE,Rochester,1,,N,43.1533580,-77.5957807,12/13/13,15:14,PROPERTY DAMAGE AND INJURY,3,0,2,COLLISION WITH MOTOR VEHICLE,REAR END,NONE,DAYLIGHT,SNOW,SNOW/ICE
13984,34934550,MONROE,Webster,3,404 43035084,N,43.2087284,-77.4604343,9/19/13,15:45,PROPERTY DAMAGE AND INJURY,1,0,2,COLLISION WITH MOTOR VEHICLE,REAR END,NONE,DAYLIGHT,CLEAR,DRY
13984,34890606,MONROE,Chili,3,252 43011010,N,43.0955852,-77.7478130,8/9/13,17:00,PROPERTY DAMAGE AND INJURY,1,0,2,COLLISION WITH MOTOR VEHICLE,LEFT TURN (AGAINST OTHER CAR),TRAFFIC SIGNAL,DAYLIGHT,CLEAR,DRY
13984,35090789,UNKNOWN COUNTY,,0,,N,43.1939583,-77.6285377,1/17/14,6:58,PROPERTY DAMAGE AND INJURY,1,0,2,COLLISION WITH MOTOR VEHICLE,OVERTAKING,NONE,DAWN,CLEAR,WET
13984,34871922,MONROE,Rochester,1,,N,43.1809373,-77.6321128,7/26/13,14:39,INJURY,1,0,1,COLLISION WITH BICYCLIST,OTHER,NONE,DAYLIGHT,CLEAR,DRY
13984,34958778,MONROE,Pittsford,3,943C43011129,N,43.0705805,-77.5261358,10/10/13,15:53,INJURY,1,0,2,COLLISION WITH MOTOR VEHICLE,REAR END,NONE,DAYLIGHT,CLEAR,DRY
13984,35510856,MONROE,Gates,3, 33 43031117,N,43.1455680,-77.7169297,12/13/14,17:40,PROPERTY DAMAGE AND INJURY,7,0,3,COLLISION WITH MOTOR VEHICLE,OTHER,NONE,DUSK,CLOUDY,WET
13984,35413498,MONROE,Irondequoit,3,,Y,43.2102700,-77.6127040,9/20/14,14:10,INJURY,1,0,1,COLLISION WITH BICYCLIST,OTHER,TRAFFIC SIGNAL,DAYLIGHT,CLEAR,DRY
13984,34730588,MONROE,Brighton,3,490I43023013,N,43.1312210,-77.5264049,4/8/13,16:45,PROPERTY DAMAGE AND INJURY,1,0,4,COLLISION WITH MOTOR VEHICLE,OTHER,NONE,DAYLIGHT,CLOUDY,DRY
13984,35290905,MONROE,Brighton,3,590 43011011,N,43.1574720,-77.5387669,3/20/14,8:05,PROPERTY DAMAGE AND INJURY,1,0,3,COLLISION WITH MOTOR VEHICLE,OTHER,YIELD SIGN,DAYLIGHT,CLOUDY,WET
13984,34701630,MONROE,Gates,3, 33 43031098,Y,43.1387070,-77.7541820,3/16/13,17:00,INJURY,1,0,2,COLLISION WITH MOTOR VEHICLE,REAR END,TRAFFIC SIGNAL,DAYLIGHT,CLOUDY,DRY
13984,35467553,MONROE,Clarkson,3,,N,43.2586431,-77.8561669,11/12/14,6:42,PROPERTY DAMAGE AND INJURY,1,0,1,COLLISION WITH DEER,OTHER,NONE,DARK-ROAD UNLIGHTED,CLOUDY,DRY
13984,35074928,MONROE,Irondequoit,3,104 43035216,N,43.2095560,-77.5438330,1/7/14,8:18,PROPERTY DAMAGE AND INJURY,1,0,1,COLLISION WITH OTHER BARRIER,OTHER,NONE,DAYLIGHT,CLOUDY,SNOW/ICE
13984,35451886,MONROE,Rochester,1,490I43022058,N,43.1435030,-77.5689931,10/29/14,19:25,PROPERTY DAMAGE AND INJURY,1,0,2,COLLISION WITH MOTOR VEHICLE,REAR END,NONE,DARK-ROAD LIGHTED,CLOUDY,DRY
13984,34770710,MONROE,Rochester,1, 18 43032012,Y,43.2004550,-77.6387230,5/11/13,21:06,PROPERTY DAMAGE AND INJURY,3,0,2,COLLISION WITH MOTOR VEHICLE,RIGHT ANGLE,TRAFFIC SIGNAL,DARK-ROAD LIGHTED,CLOUDY,DRY
13984,35140311,MONROE,Webster,3,,N,43.2146463,-77.4466090,2/15/14,20:04,PROPERTY DAMAGE AND INJURY,3,0,2,COLLISION WITH MOTOR VEHICLE,RIGHT ANGLE,TRAFFIC SIGNAL,DARK-ROAD LIGHTED,SNOW,SNOW/ICE
13984,35387085,MONROE,Brighton,3,,N,43.1084992,-77.6164149,8/7/14,10:00,INJURY,1,0,2,COLLISION WITH MOTOR VEHICLE,REAR END,YIELD SIGN,DAYLIGHT,CLEAR,DRY
13984,35397538,MONROE,Rochester,1, 33A43022004,Y,43.1426950,-77.6587720,9/10/14,15:31,INJURY,1,0,2,COLLISION WITH MOTOR VEHICLE,RIGHT TURN (WITH OTHER CAR),NONE,DAYLIGHT,CLEAR,DRY
13984,34733383,MONROE,Rochester,1,,Y,43.1215830,-77.6156460,4/14/13,1:45,PROPERTY DAMAGE AND INJURY,2,0,2,COLLISION WITH MOTOR VEHICLE,REAR END,NONE,DARK-ROAD LIGHTED,RAIN,WET
13984,35320373,MONROE,Brighton,3, 15 43031118,N,43.0992374,-77.6303525,7/8/14,17:32,INJURY,1,0,2,COLLISION WITH MOTOR VEHICLE,RIGHT ANGLE,TRAFFIC SIGNAL,DAYLIGHT,CLOUDY,WET
13984,34890048,MONROE,Rochester,1,,Y,43.1540890,-77.6050990,8/6/13,11:20,PROPERTY DAMAGE AND INJURY,1,0,2,COLLISION WITH MOTOR VEHICLE,LEFT TURN (AGAINST OTHER CAR),TRAFFIC SIGNAL,DAYLIGHT,CLEAR,DRY
13984,35164927,MONROE,Rochester,1,,Y,43.1810340,-77.6080010,2/6/14,15:11,PROPERTY DAMAGE AND INJURY,1,0,2,COLLISION WITH MOTOR VEHICLE,REAR END,NONE,DAYLIGHT,SNOW,SNOW/ICE
13984,34869145,MONROE,Irondequoit,3,,N,43.1988727,-77.5770043,7/24/13,17:38,INJURY,1,0,2,COLLISION WITH MOTOR VEHICLE,LEFT TURN (AGAINST OTHER CAR),TRAFFIC SIGNAL,DAYLIGHT,CLEAR,DRY
13984,34733283,MONROE,Gates,3,490I43021146,N,43.1364146,-77.7178871,4/10/13,15:19,PROPERTY DAMAGE AND INJURY,1,0,2,COLLISION WITH MOTOR VEHICLE,OVERTAKING,HIGHWAY WORK AREA,DAYLIGHT,RAIN,WET
13984,34991192,MONROE,Rochester,1,,N,43.1612731,-77.6101220,11/4/13,12:15,INJURY,1,0,2,COLLISION WITH MOTOR VEHICLE,REAR END,TRAFFIC SIGNAL,DAYLIGHT,UNKNOWN,DRY
13984,35241835,MONROE,East Rochester,4,,N,43.1125424,-77.4984054,4/29/14,21:32,INJURY,1,0,1,COLLISION WITH BUILDING/WALL,OTHER,NONE,DARK-ROAD LIGHTED,CLEAR,DRY
13984,34938287,MONROE,Irondequoit,3,590 43013015,Y,43.1881130,-77.5440490,9/24/13,19:50,INJURY,2,0,2,COLLISION WITH MOTOR VEHICLE,REAR END,STOP SIGN,DARK-ROAD LIGHTED,CLEAR,DRY
13984,34795889,UNKNOWN COUNTY,,0,,N,43.1738436,-77.6611850,5/28/13,10:33,PROPERTY DAMAGE AND INJURY,1,0,2,COLLISION WITH MOTOR VEHICLE,REAR END,RR CROSSING SIGN,DAYLIGHT,RAIN,WET
13984,35068933,MONROE,Brighton,3, 31 43033017,Y,43.1165120,-77.5537340,1/2/14,12:15,PROPERTY DAMAGE AND INJURY,1,0,2,COLLISION WITH MOTOR VEHICLE,LEFT TURN (AGAINST OTHER CAR),TRAFFIC SIGNAL,DAYLIGHT,SNOW,SNOW/ICE
13984,35426674,MONROE,Rochester,1,,N,43.1451819,-77.5554563,10/8/14,15:51,INJURY,1,0,2,COLLISION WITH MOTOR VEHICLE,REAR END,TRAFFIC SIGNAL,DAYLIGHT,CLOUDY,DRY
13984,34773722,MONROE,Rochester,1,,Y,43.1881610,-77.5609770,5/11/13,10:50,PROPERTY DAMAGE AND INJURY,1,0,2,COLLISION WITH MOTOR VEHICLE,RIGHT TURN (AGAINST OTHER CAR),TRAFFIC SIGNAL,DAYLIGHT,RAIN,WET
13984,35101865,MONROE,Rochester,1,,N,43.1792031,-77.6669293,1/22/14,7:35,PROPERTY DAMAGE AND INJURY,2,0,2,COLLISION WITH MOTOR VEHICLE,SIDESWIPE,NONE,DAYLIGHT,SNOW,SNOW/ICE
13984,35073144,MONROE,Rochester,1,490I43022028,Y,43.1539744,-77.6201051,1/7/14,10:58,INJURY,1,0,2,COLLISION WITH OTHER BARRIER,OVERTAKING,NONE,DAYLIGHT,SNOW,SNOW/ICE
13984,34975997,MONROE,Rochester,1,,Y,43.1618420,-77.6199991,10/20/13,11:39,PROPERTY DAMAGE AND INJURY,2,0,2,COLLISION WITH MOTOR VEHICLE,LEFT TURN (WITH OTHER CAR),TRAFFIC SIGNAL,DAYLIGHT,CLEAR,DRY
13984,34828163,MONROE,Pittsford,4, 31 43033045,N,43.0907099,-77.5149182,6/21/13,14:36,INJURY,1,0,2,COLLISION WITH MOTOR VEHICLE,REAR END,YIELD SIGN,DAYLIGHT,CLEAR,DRY
13984,35403076,MONROE,Riga,3, 33A43021039,Y,43.0695290,-77.8598171,8/16/14,11:10,PROPERTY DAMAGE AND INJURY,1,0,2,COLLISION WITH MOTOR VEHICLE,RIGHT ANGLE,NONE,DAYLIGHT,CLOUDY,DRY
13984,34913951,MONROE,Brighton,3,590I43011022,N,43.1082355,-77.5637673,9/5/13,17:24,PROPERTY DAMAGE AND INJURY,1,0,5,COLLISION WITH MOTOR VEHICLE,OTHER,NONE,DAYLIGHT,CLEAR,DRY
13984,35202029,MONROE,Rochester,1,,N,43.1144920,-77.6223699,3/28/14,7:59,PROPERTY DAMAGE AND INJURY,2,0,2,COLLISION WITH MOTOR VEHICLE,RIGHT ANGLE,NONE,DAYLIGHT,CLEAR,WET
13984,35197726,MONROE,Rochester,1, 31 43032025,Y,43.1606280,-77.6286850,3/14/14,17:15,INJURY,1,0,2,COLLISION WITH MOTOR VEHICLE,LEFT TURN (AGAINST OTHER CAR),TRAFFIC SIGNAL,DAYLIGHT,UNKNOWN,UNKNOWN
13984,35016822,MONROE,Rochester,1,,N,43.1793286,-77.6319024,11/18/13,17:19,INJURY,1,0,2,COLLISION WITH MOTOR VEHICLE,RIGHT ANGLE,NONE,DARK-ROAD LIGHTED,CLEAR,DRY
13984,34837183,MONROE,Rochester,1,,Y,43.1753730,-77.5951410,6/18/13,19:02,INJURY,3,0,2,COLLISION WITH MOTOR VEHICLE,RIGHT ANGLE,TRAFFIC SIGNAL,DAYLIGHT,CLEAR,DRY