QUERYID,CASE #,REGN_CNTY_CDE,Municipality,MUNITYPE,REF_MRKR,ATINTERSECTION_IND,Lat,Long,,Time,Crash Type,Injuries,Fatalities,Number of Vehicles,ACCD_TYP,COLLISION_TYP,TRAF_CNTL,Light Condition,Weather Condition,Road Surface Condition
13984,34853813,MONROE,Rochester,1,,Y,43.1593770,-77.6541250,7/13/13,11:38,INJURY,1,0,5,COLLISION WITH MOTOR VEHICLE,OTHER,TRAFFIC SIGNAL,DAYLIGHT,CLEAR,DRY
13984,34955701,MONROE,Rochester,1,,Y,43.1641690,-77.5959760,9/22/13,11:35,PROPERTY DAMAGE AND INJURY,2,0,2,COLLISION WITH MOTOR VEHICLE,RIGHT ANGLE,STOP SIGN,DAYLIGHT,CLEAR,DRY
13984,35267345,MONROE,Rochester,1,,Y,43.1861060,-77.5995239,5/17/14,16:33,INJURY,1,0,2,COLLISION WITH MOTOR VEHICLE,RIGHT ANGLE,NONE,DAYLIGHT,CLEAR,DRY
13984,34862994,MONROE,Rochester,1,383 43012027,Y,43.1530810,-77.6113950,7/3/13,19:09,INJURY,1,0,1,COLLISION WITH PEDESTRIAN,OTHER,TRAFFIC SIGNAL,DAYLIGHT,RAIN,WET
13984,35444915,MONROE,Irondequoit,3,590 43013013,N,43.1860106,-77.5438506,10/20/14,7:35,PROPERTY DAMAGE AND INJURY,1,0,3,COLLISION WITH MOTOR VEHICLE,OTHER,NONE,DAYLIGHT,CLEAR,DRY
13984,35518790,MONROE,Wheatland,3,,N,43.0201597,-77.8107446,12/10/14,15:28,PROPERTY DAMAGE AND INJURY,1,0,1,COLLISION WITH TREE,OTHER,NONE,DAYLIGHT,SNOW,SNOW/ICE
13984,35384052,MONROE,Chili,3,,N,43.0403448,-77.8004152,8/23/14,13:12,PROPERTY DAMAGE AND INJURY,1,0,1,COLL. W/EARTH ELE./ROCK CUT/DITCH,OTHER,NONE,DAYLIGHT,CLOUDY,DRY
13984,34807579,MONROE,Greece,3,,Y,43.2021500,-77.6980350,6/3/13,11:43,PROPERTY DAMAGE AND INJURY,2,0,3,COLLISION WITH MOTOR VEHICLE,OTHER,TRAFFIC SIGNAL,DAYLIGHT,CLEAR,DRY
13984,34948858,MONROE,Greece,3,,N,43.1913527,-77.6828487,10/2/13,16:56,PROPERTY DAMAGE AND INJURY,1,0,4,COLLISION WITH MOTOR VEHICLE,OTHER,TRAFFIC SIGNAL,DAYLIGHT,CLEAR,DRY
13984,35447401,MONROE,Webster,3,404 43035077,N,43.2050137,-77.4751083,10/26/14,19:09,INJURY,3,0,3,COLLISION WITH MOTOR VEHICLE,OTHER,TRAFFIC SIGNAL,DARK-ROAD LIGHTED,CLOUDY,DRY
13984,35037990,MONROE,Greece,3, 18 43031226,Y,43.2232330,-77.6413420,11/17/13,19:40,INJURY,2,0,2,COLLISION WITH MOTOR VEHICLE,REAR END,TRAFFIC SIGNAL,DARK-ROAD LIGHTED,CLEAR,DRY
13984,35306289,MONROE,Ogden,3,531 43012026,N,43.1786039,-77.8032890,6/21/14,17:45,INJURY,1,0,1,OVERTURNED,OTHER,NONE,DAYLIGHT,CLEAR,DRY
13984,34776740,MONROE,Gates,3,,N,43.1715112,-77.6825384,5/16/13,7:24,PROPERTY DAMAGE AND INJURY,1,0,1,COLL. W/LIGHT SUPPORT/UTILITY POLE,OTHER,NONE,DAYLIGHT,CLEAR,DRY
13984,34901909,MONROE,Brighton,3,590I43011035,N,43.1225708,-77.5534906,8/5/13,5:30,PROPERTY DAMAGE AND INJURY,1,0,2,COLLISION WITH MOTOR VEHICLE,REAR END,NONE,DAYLIGHT,CLEAR,DRY
13984,35336984,MONROE,Rochester,1,,Y,43.1755676,-77.5860046,6/19/14,16:43,PROPERTY DAMAGE AND INJURY,1,0,2,COLLISION WITH BICYCLIST,OTHER,NONE,DAYLIGHT,CLEAR,DRY
13984,35372620,MONROE,Greece,3,,N,43.2070930,-77.6791220,8/18/14,21:50,INJURY,2,0,3,COLLISION WITH MOTOR VEHICLE,OTHER,TRAFFIC SIGNAL,DARK-ROAD LIGHTED,CLEAR,DRY
13984,35444203,MONROE,Irondequoit,3,,Y,43.2483360,-77.6059160,10/23/14,15:23,INJURY,1,0,2,COLLISION WITH MOTOR VEHICLE,RIGHT ANGLE,TRAFFIC SIGNAL,DAYLIGHT,CLEAR,DRY
13984,34738589,MONROE,Rochester,1,940M43011002,Y,43.1674170,-77.6253510,4/16/13,8:39,PROPERTY DAMAGE AND INJURY,1,0,3,COLLISION WITH MOTOR VEHICLE,OTHER,TRAFFIC SIGNAL,DAYLIGHT,CLOUDY,DRY
13984,34712759,MONROE,Henrietta,3,252 43011081,Y,43.0871220,-77.6145960,3/20/13,8:47,PROPERTY DAMAGE AND INJURY,1,0,2,COLLISION WITH MOTOR VEHICLE,RIGHT ANGLE,TRAFFIC SIGNAL,DAYLIGHT,CLOUDY,DRY
13984,34757969,MONROE,Chili,3, 33A43021070,N,43.0885517,-77.8095095,5/2/13,9:00,PROPERTY DAMAGE AND INJURY,3,0,2,COLLISION WITH MOTOR VEHICLE,LEFT TURN (AGAINST OTHER CAR),NONE,DAYLIGHT,CLEAR,DRY
13984,35430849,MONROE,Rochester,1,,Y,43.1244570,-77.6314370,10/13/14,17:04,INJURY,1,0,1,COLLISION WITH BICYCLIST,OTHER,STOP SIGN,DAYLIGHT,CLEAR,DRY
13984,35044049,MONROE,Brighton,3, 15 43031127,Y,43.1118240,-77.6238730,12/16/13,15:39,PROPERTY DAMAGE AND INJURY,1,0,2,COLLISION WITH MOTOR VEHICLE,REAR END,TRAFFIC SIGNAL,DAYLIGHT,CLOUDY,WET
13984,35274003,MONROE,Irondequoit,3,,N,43.1873025,-77.5532438,5/26/14,18:22,PROPERTY DAMAGE AND INJURY,1,0,1,RAN OFF ROAD ONLY,OTHER,NONE,DAYLIGHT,CLEAR,DRY
13984,34971122,MONROE,Rochester,1,,N,43.1694484,-77.6191657,10/15/13,13:26,PROPERTY DAMAGE AND INJURY,1,0,2,COLLISION WITH BICYCLIST,OTHER,NONE,DAYLIGHT,CLEAR,DRY
13984,35372051,MONROE,Rochester,1,,N,43.1960370,-77.5613990,8/20/14,8:46,PROPERTY DAMAGE AND INJURY,1,0,2,COLLISION WITH MOTOR VEHICLE,RIGHT ANGLE,TRAFFIC SIGNAL,DAYLIGHT,CLOUDY,DRY
13984,34690579,MONROE,Rochester,1, 33 43032021,N,43.1508733,-77.6335235,3/11/13,11:27,INJURY,1,0,1,COLLISION WITH BICYCLIST,OTHER,NONE,DAYLIGHT,CLEAR,DRY
13984,34981810,MONROE,Greece,3,386 43011018,N,43.2018464,-77.7319902,10/26/13,15:18,PROPERTY DAMAGE AND INJURY,1,0,1,COLL. W/EARTH ELE./ROCK CUT/DITCH,OTHER,NONE,DAYLIGHT,CLOUDY,WET
13984,35044048,MONROE,Brighton,3, 31 43033003,N,43.1328574,-77.5717388,12/16/13,12:11,PROPERTY DAMAGE AND INJURY,1,0,1,COLLISION WITH CURBING,OTHER,NONE,DAYLIGHT,CLOUDY,SNOW/ICE
13984,35393694,MONROE,Rochester,1,,Y,43.1829560,-77.6137100,8/23/14,0:16,INJURY,1,0,1,COLLISION WITH PEDESTRIAN,OTHER,NONE,DARK-ROAD LIGHTED,CLEAR,DRY
13984,35037991,MONROE,Greece,3,,Y,43.2223370,-77.7337940,11/25/13,14:00,INJURY,1,0,1,COLLISION WITH BICYCLIST,OTHER,STOP SIGN,DAYLIGHT,CLOUDY,DRY
13984,34934219,MONROE,Gates,3,390I43037006,N,43.1376941,-77.6664035,9/21/13,14:30,PROPERTY DAMAGE AND INJURY,3,0,2,COLLISION WITH MOTOR VEHICLE,OVERTAKING,NONE,DAYLIGHT,RAIN,WET
13984,35039382,MONROE,Rochester,1,,N,43.1755137,-77.5881463,12/9/13,1:20,INJURY,1,0,1,COLLISION WITH PEDESTRIAN,OTHER,NONE,DARK-ROAD LIGHTED,SLEET/HAIL/FREEZING RAIN,WET
13984,34741105,MONROE,Penfield,3,,N,43.1435658,-77.4328161,4/12/13,14:30,INJURY,1,0,1,COLLISION WITH PEDESTRIAN,OTHER,NONE,DAYLIGHT,RAIN,WET
13984,34787884,MONROE,Gates,3,490I43021176,N,43.1565200,-77.6836268,5/9/13,16:30,PROPERTY DAMAGE AND INJURY,1,0,2,COLLISION WITH MOTOR VEHICLE,OVERTAKING,NONE,DAYLIGHT,CLOUDY,DRY
13984,35106705,MONROE,Webster,3,404 43035089,N,43.2099645,-77.4509670,1/24/14,19:04,PROPERTY DAMAGE AND INJURY,1,0,2,COLLISION WITH MOTOR VEHICLE,LEFT TURN (AGAINST OTHER CAR),NONE,DARK-ROAD UNLIGHTED,CLEAR,WET
13984,35385249,MONROE,Perinton,3,250 43011024,N,43.0706595,-77.4423331,9/1/14,18:21,INJURY,1,0,2,COLLISION WITH MOTOR VEHICLE,REAR END,TRAFFIC SIGNAL,DAYLIGHT,CLEAR,DRY
13984,34726616,MONROE,Rochester,1,,Y,43.1614990,-77.5919991,4/8/13,10:10,PROPERTY DAMAGE AND INJURY,1,0,1,COLLISION WITH CURBING,OTHER,STOP SIGN,DAYLIGHT,CLEAR,DRY
13984,35344469,MONROE,Rochester,1,,Y,43.1378910,-77.6360050,7/8/14,12:28,INJURY,1,0,2,COLLISION WITH MOTOR VEHICLE,REAR END,NONE,DAYLIGHT,CLEAR,DRY
13984,34722180,MONROE,Rochester,1,,N,43.1961904,-77.6382747,3/18/13,22:39,PROPERTY DAMAGE AND INJURY,1,0,2,COLLISION WITH MOTOR VEHICLE,RIGHT ANGLE,NONE,DARK-ROAD LIGHTED,SLEET/HAIL/FREEZING RAIN,SLUSH
13984,34694901,MONROE,Parma,3,259 43011168,N,43.3318444,-77.7931355,3/12/13,13:22,INJURY,1,0,1,COLL. W/EARTH ELE./ROCK CUT/DITCH,OTHER,NONE,DAYLIGHT,CLOUDY,DRY
13984,34693288,MONROE,Rochester,1,,Y,43.2497150,-77.6147510,3/2/13,5:12,PROPERTY DAMAGE AND INJURY,2,0,2,COLLISION WITH MOTOR VEHICLE,HEAD ON,TRAFFIC SIGNAL,DARK-ROAD LIGHTED,CLEAR,DRY
13984,34839335,MONROE,Rochester,1, 18 43032006,N,43.2099570,-77.6390000,6/30/13,21:45,PROPERTY DAMAGE AND INJURY,1,0,2,COLLISION WITH MOTOR VEHICLE,SIDESWIPE,NONE,DARK-ROAD LIGHTED,CLEAR,DRY
13984,35250109,MONROE,Chili,3,490I43021136,N,43.1255080,-77.7299970,4/26/14,12:55,PROPERTY DAMAGE AND INJURY,2,0,1,COLLISION WITH GUIDERAIL - END,OTHER,NONE,DAYLIGHT,CLOUDY,WET
13984,35090793,MONROE,Rochester,1,,Y,43.1687060,-77.6560640,1/13/14,9:53,PROPERTY DAMAGE AND INJURY,1,0,2,COLLISION WITH MOTOR VEHICLE,RIGHT ANGLE,STOP SIGN,DAYLIGHT,CLEAR,DRY
13984,35528263,MONROE,Irondequoit,3,,Y,43.2155830,-77.5924550,12/26/14,14:57,INJURY,1,0,2,COLLISION WITH MOTOR VEHICLE,REAR END,STOP SIGN,DAYLIGHT,CLEAR,DRY
13984,35197749,MONROE,Rochester,1,,Y,43.1515670,-77.5706010,3/23/14,14:27,PROPERTY DAMAGE AND INJURY,2,0,2,COLLISION WITH MOTOR VEHICLE,RIGHT ANGLE,TRAFFIC SIGNAL,DAYLIGHT,CLEAR,DRY
13984,34743444,MONROE,Rochester,1,,Y,43.1739590,-77.6195470,4/7/13,19:59,PROPERTY DAMAGE AND INJURY,1,0,2,COLLISION WITH MOTOR VEHICLE,RIGHT ANGLE,STOP SIGN,DARK-ROAD LIGHTED,CLEAR,DRY
13984,35466392,MONROE,Rochester,1,,N,43.2070414,-77.6293267,11/11/14,17:01,PROPERTY DAMAGE AND INJURY,2,0,1,COLLISION WITH CURBING,OTHER,NONE,DARK-ROAD LIGHTED,CLOUDY,DRY
13984,35321633,MONROE,Rochester,1,490I43022043,N,43.1432753,-77.5984772,6/30/14,20:50,PROPERTY DAMAGE AND INJURY,1,0,1,COLLISION WITH TREE,OTHER,NONE,DARK-ROAD LIGHTED,CLOUDY,DRY
13984,35147167,MONROE,Rochester,1,,Y,43.1588190,-77.5989741,2/18/14,15:41,INJURY,1,0,2,COLLISION WITH MOTOR VEHICLE,REAR END,TRAFFIC SIGNAL,DAYLIGHT,CLEAR,DRY
13984,34792550,MONROE,Rochester,1, 31 43032019,Y,43.1646270,-77.6379100,5/21/13,14:24,PROPERTY DAMAGE AND INJURY,1,0,2,COLLISION WITH MOTOR VEHICLE,REAR END,NONE,DAYLIGHT,CLEAR,DRY
13984,34869231,MONROE,Rochester,1, 15 43032011,Y,43.1288292,-77.6153190,7/9/13,14:32,PROPERTY DAMAGE AND INJURY,2,0,2,COLLISION WITH MOTOR VEHICLE,HEAD ON,NONE,DAYLIGHT,CLEAR,DRY
13984,35378220,MONROE,Spencerport,4,259 43011063,N,43.1831053,-77.8041490,8/25/14,11:53,INJURY,1,0,1,OVERTURNED,OTHER,NONE,DAYLIGHT,CLEAR,DRY
13984,34971096,MONROE,Rochester,1,,Y,43.1680630,-77.6160580,10/14/13,10:30,INJURY,1,0,1,RAN OFF ROAD ONLY,OTHER,NONE,DAYLIGHT,CLOUDY,WET
13984,34844602,MONROE,Rochester,1,,N,43.2312162,-77.6259616,6/28/13,22:58,INJURY,1,0,2,COLLISION WITH MOTOR VEHICLE,RIGHT ANGLE,NONE,DARK-ROAD LIGHTED,RAIN,WET
13984,34813164,MONROE,Greece,3,,N,43.2524725,-77.6964522,6/14/13,13:36,INJURY,1,0,2,COLLISION WITH MOTOR VEHICLE,LEFT TURN (AGAINST OTHER CAR),NONE,DAYLIGHT,CLEAR,DRY
13984,34910325,MONROE,Rochester,1,,Y,43.1317197,-77.6097607,8/31/13,6:48,PROPERTY DAMAGE AND INJURY,2,0,2,COLLISION WITH MOTOR VEHICLE,RIGHT ANGLE,NONE,DAWN,CLOUDY,DRY
13984,35444693,MONROE,Perinton,3,,N,43.0399401,-77.4754177,10/25/14,12:58,INJURY,1,0,1,COLLISION WITH DEER,OTHER,NONE,DAYLIGHT,CLOUDY,DRY
13984,35039377,MONROE,Rochester,1,,Y,43.1711080,-77.6074840,12/10/13,18:36,INJURY,1,0,2,COLLISION WITH MOTOR VEHICLE,REAR END,TRAFFIC SIGNAL,DARK-ROAD LIGHTED,SNOW,SNOW/ICE
13984,35442762,MONROE,Gates,3,,N,43.1765477,-77.7535803,10/23/14,7:29,PROPERTY DAMAGE AND INJURY,1,0,1,COLLISION WITH DEER,OTHER,NONE,DAWN,CLEAR,DRY
13984,35430580,MONROE,Gates,3,390I43037007,N,43.1394163,-77.6683237,10/9/14,8:18,PROPERTY DAMAGE AND INJURY,1,0,3,COLLISION WITH MOTOR VEHICLE,OTHER,NONE,DAYLIGHT,CLEAR,DRY
13984,35442021,MONROE,Brighton,3, 96 43051086,Y,43.1272910,-77.5280590,10/23/14,18:11,PROPERTY DAMAGE AND INJURY,1,0,2,COLLISION WITH MOTOR VEHICLE,LEFT TURN (WITH OTHER CAR),TRAFFIC SIGNAL,DUSK,CLOUDY,DRY
13984,35033243,MONROE,Hilton,4, 18 43031113,N,43.2808210,-77.7912990,12/3/13,16:57,PROPERTY DAMAGE AND INJURY,1,0,2,COLLISION WITH MOTOR VEHICLE,REAR END,NONE,DARK-ROAD LIGHTED,CLEAR,DRY
13984,35529946,MONROE,Brighton,3,490I43023011,N,43.1338352,-77.5300963,12/27/14,14:42,PROPERTY DAMAGE AND INJURY,1,0,3,COLLISION WITH MOTOR VEHICLE,OTHER,NONE,DAYLIGHT,CLEAR,DRY
13984,34813251,MONROE,Penfield,3,286 43011008,N,43.1567246,-77.5253674,6/13/13,19:55,INJURY,2,0,2,COLLISION WITH MOTOR VEHICLE,REAR END,NONE,DAYLIGHT,CLEAR,DRY
13984,35158125,MONROE,Rochester,1,,N,43.2214004,-77.6280450,2/26/14,9:30,PROPERTY DAMAGE AND INJURY,1,0,3,COLLISION WITH MOTOR VEHICLE,OTHER,STOP SIGN,DAYLIGHT,CLEAR,SNOW/ICE
13984,35458958,MONROE,Mendon,3,,Y,43.0155880,-77.4969050,10/29/14,17:34,INJURY,1,0,1,RAN OFF ROAD ONLY,OTHER,NONE,DAYLIGHT,CLEAR,DRY
13984,34687054,MONROE,Irondequoit,3,590 43013011,N,43.1830782,-77.5433203,3/6/13,11:20,PROPERTY DAMAGE AND INJURY,1,0,1,COLLISION WITH GUIDE RAIL,OTHER,NONE,DAYLIGHT,CLOUDY,DRY
13984,34751044,MONROE,Rochester,1, 15 43032000,N,43.1131846,-77.6231439,4/26/13,15:50,INJURY,3,0,5,COLLISION WITH FIRE HYDRANT,OTHER,NONE,DAYLIGHT,CLEAR,DRY
13984,34690609,MONROE,Rochester,1, 31 43032055,N,43.1410420,-77.5840211,3/5/13,8:17,PROPERTY DAMAGE AND INJURY,1,0,2,COLLISION WITH MOTOR VEHICLE,RIGHT ANGLE,NONE,DAYLIGHT,CLEAR,WET
13984,35520890,MONROE,Rochester,1,,Y,43.1697450,-77.5951530,12/19/14,7:30,INJURY,1,0,1,COLLISION WITH PEDESTRIAN,OTHER,TRAFFIC SIGNAL,DAWN,CLOUDY,WET
13984,34759794,MONROE,Pittsford,3, 31 43033053,Y,43.0849050,-77.4997790,4/16/13,17:00,PROPERTY DAMAGE AND INJURY,2,0,1,COLLISION WITH DEER,OTHER,NO PASSING ZONE,DAYLIGHT,CLOUDY,WET
13984,35401520,MONROE,Pittsford,3,,N,43.1193834,-77.4940622,8/15/14,14:56,INJURY,1,0,1,COLLISION WITH PEDESTRIAN,OTHER,NO PASSING ZONE,DAYLIGHT,CLEAR,DRY
13984,35412276,MONROE,Rochester,1,,Y,43.1838920,-77.5760709,9/26/14,14:51,INJURY,1,0,1,COLLISION WITH PEDESTRIAN,OTHER,NONE,DAYLIGHT,CLEAR,DRY
13984,35281978,MONROE,Rochester,1, 31 43032006,Y,43.1646610,-77.6635711,6/2/14,8:08,PROPERTY DAMAGE AND INJURY,1,0,2,COLLISION WITH MOTOR VEHICLE,HEAD ON,NONE,DAYLIGHT,CLEAR,DRY
13984,35142476,MONROE,Penfield,3,404 43035057,N,43.1906341,-77.5035094,2/19/14,10:00,PROPERTY DAMAGE AND INJURY,1,0,2,COLLISION WITH MOTOR VEHICLE,RIGHT ANGLE,TRAFFIC SIGNAL,DAYLIGHT,CLEAR,DRY
13984,35190950,MONROE,Greece,3,,Y,43.2145280,-77.7318020,1/26/14,13:20,PROPERTY DAMAGE AND INJURY,1,0,2,COLLISION WITH MOTOR VEHICLE,LEFT TURN (AGAINST OTHER CAR),TRAFFIC SIGNAL,DAYLIGHT,SNOW,WET
13984,35311525,MONROE,Rochester,1,940M43011012,Y,43.1809370,-77.6317380,6/28/14,20:44,PROPERTY DAMAGE AND INJURY,3,0,3,COLLISION WITH MOTOR VEHICLE,OTHER,TRAFFIC SIGNAL,DARK-ROAD LIGHTED,CLEAR,DRY
13984,35233066,MONROE,Irondequoit,3,,N,43.2002424,-77.6003887,4/18/14,8:30,PROPERTY DAMAGE AND INJURY,1,0,2,COLLISION WITH MOTOR VEHICLE,RIGHT ANGLE,NONE,DAYLIGHT,CLEAR,DRY
13984,34748919,MONROE,Henrietta,3, 15 43031109,N,43.0877838,-77.6364506,4/25/13,16:45,INJURY,1,0,2,COLLISION WITH MOTOR VEHICLE,RIGHT ANGLE,NONE,DAYLIGHT,CLEAR,DRY
13984,35433366,MONROE,Rochester,1,,Y,43.1237880,-77.6314790,8/28/14,0:00,INJURY,1,0,2,COLLISION WITH MOTOR VEHICLE,REAR END,UNKNOWN,UNKNOWN,UNKNOWN,UNKNOWN
13984,35022194,MONROE,Pittsford,3, 31 43033049,Y,43.0878770,-77.5059580,11/26/13,10:36,PROPERTY DAMAGE AND INJURY,1,0,2,COLLISION WITH MOTOR VEHICLE,REAR END,NONE,DAYLIGHT,CLOUDY,DRY
13984,34785055,MONROE,Gates,3, 31 43031177,N,43.1669723,-77.6960014,5/24/13,13:54,PROPERTY DAMAGE AND INJURY,2,0,3,COLLISION WITH MOTOR VEHICLE,OTHER,NONE,DAYLIGHT,RAIN,WET
13984,35446090,MONROE,Gates,3,,N,43.1646483,-77.7030134,10/27/14,15:14,PROPERTY DAMAGE AND INJURY,4,0,3,COLLISION WITH MOTOR VEHICLE,OTHER,NONE,DAYLIGHT,CLEAR,DRY
13984,34837110,MONROE,Chili,3,383 43011132,N,43.0993407,-77.6775266,6/23/13,19:14,INJURY,1,0,1,COLLISION WITH BICYCLIST,OTHER,NONE,DAYLIGHT,CLEAR,DRY
13984,35242751,MONROE,Rochester,1,,Y,43.1714150,-77.5973130,4/30/14,20:37,INJURY,2,0,2,COLLISION WITH MOTOR VEHICLE,RIGHT ANGLE,STOP SIGN,DARK-ROAD LIGHTED,RAIN,WET
13984,34730164,MONROE,Rochester,1,,Y,43.2351440,-77.6241519,4/9/13,9:16,INJURY,1,0,2,COLLISION WITH MOTOR VEHICLE,REAR END,TRAFFIC SIGNAL,DAYLIGHT,CLOUDY,DRY
13984,35298251,MONROE,Henrietta,3,253 43011023,Y,43.0412816,-77.7076122,6/1/14,17:20,PROPERTY DAMAGE AND INJURY,3,0,2,COLLISION WITH MOTOR VEHICLE,OVERTAKING,NONE,DAYLIGHT,CLEAR,DRY
13984,35406375,MONROE,Greece,3, 18 43031227,Y,43.2224850,-77.6412980,9/20/14,11:47,PROPERTY DAMAGE AND INJURY,1,0,2,COLLISION WITH MOTOR VEHICLE,RIGHT ANGLE,STOP SIGN,DAYLIGHT,CLEAR,DRY
13984,35023101,MONROE,Brighton,3,,N,43.1267990,-77.5532860,11/30/13,11:20,PROPERTY DAMAGE AND INJURY,1,0,2,COLLISION WITH MOTOR VEHICLE,SIDESWIPE,NONE,DAYLIGHT,CLEAR,DRY
13984,34932416,MONROE,Henrietta,3,252 43011095,N,43.0870998,-77.5856801,9/6/13,12:40,PROPERTY DAMAGE AND INJURY,1,0,2,COLLISION WITH MOTOR VEHICLE,UNKNOWN,NONE,DAYLIGHT,CLEAR,DRY
13984,34780716,MONROE,Parma,3,,N,43.2038582,-77.7803849,5/19/13,15:23,PROPERTY DAMAGE AND INJURY,2,0,2,COLLISION WITH MOTOR VEHICLE,HEAD ON,NONE,DAYLIGHT,CLEAR,DRY
13984,34796469,MONROE,Brighton,3,252 43011047,Y,43.0923175,-77.6791040,5/29/13,9:30,PROPERTY DAMAGE AND INJURY,2,0,2,COLLISION WITH MOTOR VEHICLE,RIGHT ANGLE,TRAFFIC SIGNAL,DAYLIGHT,CLOUDY,WET
13984,35005295,MONROE,Rochester,1,,Y,43.1700490,-77.5792701,11/8/13,20:29,INJURY,2,0,2,COLLISION WITH MOTOR VEHICLE,HEAD ON,NONE,DARK-ROAD LIGHTED,CLOUDY,DRY
13984,34838073,MONROE,Chili,3,,N,43.1072199,-77.6942727,7/4/13,8:55,PROPERTY DAMAGE AND INJURY,1,0,1,COLL. W/LIGHT SUPPORT/UTILITY POLE,OTHER,NONE,DAYLIGHT,RAIN,WET
13984,34803963,MONROE,Rochester,1,,Y,43.1814850,-77.6503800,6/1/13,9:33,INJURY,1,0,1,COLLISION WITH CURBING,OTHER,NONE,DAYLIGHT,CLEAR,DRY
13984,35159452,MONROE,Rochester,1,,Y,43.1564080,-77.5866160,2/26/14,6:10,PROPERTY DAMAGE AND INJURY,1,0,3,COLLISION WITH MOTOR VEHICLE,OTHER,TRAFFIC SIGNAL,DAWN,CLOUDY,SNOW/ICE
13984,34703913,MONROE,Rochester,1,,Y,43.1568930,-77.6075380,3/21/13,18:18,INJURY,1,0,1,COLLISION WITH PEDESTRIAN,OTHER,TRAFFIC SIGNAL,DAYLIGHT,CLOUDY,DRY
13984,35500684,MONROE,Brighton,3, 15A43041128,N,43.1080070,-77.6159370,12/5/14,17:32,PROPERTY DAMAGE AND INJURY,2,0,2,COLLISION WITH MOTOR VEHICLE,LEFT TURN (WITH OTHER CAR),TRAFFIC SIGNAL,DARK-ROAD LIGHTED,CLOUDY,DRY
13984,35130556,MONROE,Greece,3, 18 43031199,Y,43.2529010,-77.6592330,12/16/13,18:08,PROPERTY DAMAGE AND INJURY,1,0,2,COLLISION WITH MOTOR VEHICLE,UNKNOWN,TRAFFIC SIGNAL,DARK-ROAD LIGHTED,CLOUDY,WET
13984,34878042,MONROE,Rochester,1, 33A43022001,N,43.1411903,-77.6631887,8/5/13,0:26,INJURY,1,0,1,COLLISION WITH SIGN POST,OTHER,NONE,DARK-ROAD LIGHTED,CLEAR,DRY
13984,35227673,MONROE,Irondequoit,3,,Y,43.1893160,-77.5764111,4/19/14,17:16,INJURY,1,0,2,COLLISION WITH MOTOR VEHICLE,REAR END,TRAFFIC SIGNAL,DAYLIGHT,CLEAR,DRY
13984,35265942,MONROE,Rochester,1, 31 43032019,Y,43.1646280,-77.6388650,4/24/14,19:52,PROPERTY DAMAGE AND INJURY,1,0,2,COLLISION WITH MOTOR VEHICLE,LEFT TURN (AGAINST OTHER CAR),TRAFFIC SIGNAL,DUSK,CLEAR,DRY
13984,34784821,MONROE,Rochester,1,,Y,43.1839880,-77.5705220,5/19/13,16:57,PROPERTY DAMAGE AND INJURY,2,0,2,COLLISION WITH MOTOR VEHICLE,RIGHT ANGLE,STOP SIGN,DAYLIGHT,CLEAR,DRY
13984,35197276,MONROE,Greece,3,104 43031138,Y,43.2147160,-77.7328040,3/25/14,14:33,PROPERTY DAMAGE AND INJURY,1,0,2,COLLISION WITH MOTOR VEHICLE,REAR END,NONE,DAYLIGHT,CLEAR,DRY
13984,34712510,MONROE,Gates,3,,N,43.1602280,-77.7538480,3/31/13,15:03,PROPERTY DAMAGE AND INJURY,2,0,2,COLLISION WITH MOTOR VEHICLE,RIGHT ANGLE,TRAFFIC SIGNAL,DAYLIGHT,CLOUDY,DRY
13984,35361111,MONROE,Webster,3,250 43011141,Y,43.2374900,-77.4286130,8/12/14,13:45,PROPERTY DAMAGE AND INJURY,1,0,2,COLLISION WITH MOTOR VEHICLE,REAR END,NONE,DAYLIGHT,RAIN,WET
13984,35493016,MONROE,Henrietta,3,253 43011024,N,43.0413582,-77.7058951,10/31/14,20:40,PROPERTY DAMAGE AND INJURY,1,0,1,COLLISION WITH DEER,OTHER,NONE,DARK-ROAD UNLIGHTED,RAIN,WET
13984,34769102,MONROE,Rochester,1,,N,43.1280645,-77.6373594,5/10/13,1:24,INJURY,1,0,1,COLLISION WITH PEDESTRIAN,OTHER,NONE,DARK-ROAD LIGHTED,CLEAR,DRY
13984,35392987,MONROE,Sweden,3, 31 43031053,N,43.1982924,-77.9291293,9/9/14,14:32,INJURY,1,0,2,COLLISION WITH MOTOR VEHICLE,REAR END,NONE,DAYLIGHT,CLEAR,DRY
13984,34884380,MONROE,Rochester,1,,Y,43.1576070,-77.6043320,8/10/13,14:13,INJURY,1,0,1,COLLISION WITH PEDESTRIAN,OTHER,NONE,DAYLIGHT,CLEAR,DRY
13984,35533294,MONROE,Rochester,1,,Y,43.1552320,-77.6391959,11/3/14,22:06,INJURY,1,0,1,COLLISION WITH FIRE HYDRANT,OTHER,NONE,DARK-ROAD LIGHTED,CLEAR,DRY