QUERYID,CASE #,REGN_CNTY_CDE,Municipality,MUNITYPE,REF_MRKR,ATINTERSECTION_IND,Lat,Long,,Time,Crash Type,Injuries,Fatalities,Number of Vehicles,ACCD_TYP,COLLISION_TYP,TRAF_CNTL,Light Condition,Weather Condition,Road Surface Condition
13984,34904449,MONROE,Rochester,1,490I43022056,N,43.1432907,-77.5732504,8/26/13,5:05,PROPERTY DAMAGE AND INJURY,1,0,2,COLLISION WITH MOTOR VEHICLE,OVERTAKING,NONE,DAYLIGHT,CLEAR,WET
13984,34736120,MONROE,Rochester,1,490I43022032,N,43.1518910,-77.6141680,4/16/13,13:24,INJURY,1,0,1,COLLISION WITH GUIDE RAIL,OTHER,NONE,DAYLIGHT,RAIN,WET
13984,34698583,MONROE,Penfield,3,441 43011044,N,43.1311269,-77.4573412,3/17/13,11:59,PROPERTY DAMAGE AND INJURY,1,0,3,COLLISION WITH MOTOR VEHICLE,OTHER,NONE,DAYLIGHT,CLOUDY,WET
13984,35290055,MONROE,Rochester,1,,Y,43.1610798,-77.5756763,6/4/14,10:50,PROPERTY DAMAGE AND INJURY,1,0,2,COLLISION WITH MOTOR VEHICLE,REAR END,NONE,DAYLIGHT,CLEAR,DRY
13984,35042036,MONROE,Penfield,3,441 43011052,Y,43.1308270,-77.4413170,12/13/13,10:57,INJURY,3,0,2,COLLISION WITH MOTOR VEHICLE,REAR END,TRAFFIC SIGNAL,DAYLIGHT,SNOW,SNOW/ICE
13984,34927195,MONROE,Rochester,1,,N,43.2402510,-77.6223760,8/31/13,23:42,INJURY,1,0,2,COLLISION WITH MOTOR VEHICLE,REAR END,NONE,DARK-ROAD LIGHTED,CLOUDY,DRY
13984,35462192,MONROE,Pittsford,3, 31F43011007,Y,43.1104897,-77.5064548,11/3/14,23:21,PROPERTY DAMAGE AND INJURY,1,0,2,COLLISION WITH MOTOR VEHICLE,RIGHT ANGLE,TRAFFIC SIGNAL,DARK-ROAD LIGHTED,CLOUDY,DRY
13984,35388132,MONROE,Rochester,1, 33 43032025,Y,43.1524600,-77.6266271,8/29/14,18:57,INJURY,4,0,3,COLLISION WITH MOTOR VEHICLE,OTHER,TRAFFIC SIGNAL,DAYLIGHT,CLEAR,DRY
13984,35302024,MONROE,Rochester,1,,Y,43.2524340,-77.6152990,6/19/14,20:34,PROPERTY DAMAGE AND INJURY,2,0,2,COLLISION WITH MOTOR VEHICLE,HEAD ON,NONE,DAYLIGHT,CLEAR,DRY
13984,35197723,MONROE,Rochester,1,,Y,43.1413350,-77.6137860,3/18/14,22:59,PROPERTY DAMAGE AND INJURY,1,0,3,COLLISION WITH MOTOR VEHICLE,OTHER,TRAFFIC SIGNAL,DARK-ROAD LIGHTED,CLOUDY,DRY
13984,35299944,MONROE,Rochester,1,,N,43.1882854,-77.7014972,6/19/14,9:51,PROPERTY DAMAGE AND INJURY,2,0,2,COLLISION WITH MOTOR VEHICLE,RIGHT ANGLE,NONE,DAYLIGHT,CLEAR,DRY
13984,34755342,MONROE,Rochester,1,,Y,43.1868120,-77.5995710,4/27/13,15:30,PROPERTY DAMAGE AND INJURY,2,0,2,COLLISION WITH MOTOR VEHICLE,REAR END,TRAFFIC SIGNAL,DAYLIGHT,CLEAR,DRY
13984,34827014,MONROE,Rochester,1, 33A43022008,N,43.1453706,-77.6507984,6/25/13,15:21,PROPERTY DAMAGE AND INJURY,1,0,2,COLLISION WITH MOTOR VEHICLE,LEFT TURN (AGAINST OTHER CAR),NONE,DAYLIGHT,CLOUDY,DRY
13984,35192311,MONROE,Rochester,1,,N,43.1568801,-77.5548207,3/14/14,8:15,INJURY,1,0,2,COLLISION WITH MOTOR VEHICLE,REAR END,NONE,DAYLIGHT,CLOUDY,SLUSH
13984,34837098,MONROE,Chili,3,383 43011156,N,43.1226823,-77.6466808,6/27/13,19:01,PROPERTY DAMAGE AND INJURY,1,0,2,COLLISION WITH MOTOR VEHICLE,RIGHT ANGLE,TRAFFIC SIGNAL,DAYLIGHT,CLOUDY,DRY
13984,34984875,MONROE,Rochester,1,,Y,43.1597290,-77.5662550,9/27/13,12:46,INJURY,1,0,2,COLLISION WITH MOTOR VEHICLE,LEFT TURN (AGAINST OTHER CAR),TRAFFIC SIGNAL,DAYLIGHT,CLEAR,DRY
13984,35423203,MONROE,Rochester,1,,Y,43.1261070,-77.6283359,6/23/14,8:12,INJURY,1,0,1,COLLISION WITH PEDESTRIAN,OTHER,STOP SIGN,DAYLIGHT,CLEAR,DRY
13984,35265877,MONROE,Rochester,1,,Y,43.1805850,-77.6079719,5/6/14,18:44,INJURY,1,0,2,COLLISION WITH MOTOR VEHICLE,RIGHT ANGLE,TRAFFIC SIGNAL,DAYLIGHT,CLEAR,DRY
13984,34780758,MONROE,Irondequoit,3, 47 43013020,N,43.1961203,-77.5467482,5/17/13,14:23,PROPERTY DAMAGE AND INJURY,1,0,1,COLLISION WITH GUIDE RAIL,OTHER,HIGHWAY WORK AREA,DAYLIGHT,CLEAR,DRY
13984,34731285,MONROE,Rochester,1,,N,43.1809391,-77.6393106,4/8/13,17:55,INJURY,1,0,1,COLLISION WITH PEDESTRIAN,OTHER,NONE,DAYLIGHT,CLEAR,DRY
13984,34941098,MONROE,Hamlin,3,,N,43.2981605,-77.8376353,9/28/13,16:49,INJURY,1,0,1,OVERTURNED,OTHER,NONE,DAYLIGHT,CLEAR,DRY
13984,35180035,MONROE,Rochester,1,,Y,43.1792120,-77.6590790,3/8/14,0:37,INJURY,1,0,1,COLL. W/LIGHT SUPPORT/UTILITY POLE,OTHER,NONE,DARK-ROAD LIGHTED,CLEAR,SNOW/ICE
13984,35023067,MONROE,Gates,3,390 43011001,N,43.1578266,-77.6822163,11/4/13,22:26,PROPERTY DAMAGE AND INJURY,1,0,1,COLL. W/LIGHT SUPPORT/UTILITY POLE,OTHER,NONE,DARK-ROAD LIGHTED,CLOUDY,DRY
13984,35040320,MONROE,Clarkson,3,104 43031041,Y,43.2316175,-77.9223887,12/11/13,10:35,PROPERTY DAMAGE AND INJURY,2,0,2,COLLISION WITH MOTOR VEHICLE,RIGHT ANGLE,NONE,DAYLIGHT,CLOUDY,DRY
13984,35143747,MONROE,Rochester,1,,N,43.1711571,-77.5749764,2/19/14,16:54,INJURY,2,0,2,COLLISION WITH MOTOR VEHICLE,REAR END,NONE,DAYLIGHT,RAIN,WET
13984,35426896,MONROE,Irondequoit,3,404 43035031,Y,43.1769020,-77.5406350,10/9/14,8:25,PROPERTY DAMAGE AND INJURY,2,0,2,COLLISION WITH MOTOR VEHICLE,LEFT TURN (AGAINST OTHER CAR),NONE,DAYLIGHT,CLEAR,DRY
13984,34897797,MONROE,Riga,3, 33 43031021,N,43.1022514,-77.8945986,8/21/13,20:39,INJURY,1,0,1,COLLISION WITH DEER,OTHER,NONE,DARK-ROAD UNLIGHTED,CLEAR,DRY
13984,34731161,MONROE,Wheatland,3,383 43011038,N,43.0127651,-77.7936019,4/11/13,13:21,INJURY,1,0,2,COLLISION WITH MOTOR VEHICLE,REAR END,RR CROSSING SIGN,DAYLIGHT,CLOUDY,WET
13984,35272237,MONROE,Webster,4,,N,43.2215278,-77.4191814,5/18/14,1:57,PROPERTY DAMAGE AND INJURY,1,0,1,COLLISION WITH OTHER FIXED OBJECT,OTHER,NONE,DARK-ROAD LIGHTED,CLOUDY,WET
13984,35386433,MONROE,Ogden,3,,N,43.1795838,-77.8737414,9/3/14,14:38,PROPERTY DAMAGE AND INJURY,1,0,1,COLL. W/EARTH ELE./ROCK CUT/DITCH,OTHER,NONE,DAYLIGHT,CLEAR,DRY
13984,35276394,MONROE,Rochester,1,,Y,43.1756010,-77.5846889,5/27/14,2:59,INJURY,3,0,2,COLLISION WITH MOTOR VEHICLE,OTHER,TRAFFIC SIGNAL,DARK-ROAD LIGHTED,CLOUDY,DRY
13984,35305699,MONROE,Rochester,1,,Y,43.1580680,-77.6023430,6/15/14,10:54,PROPERTY DAMAGE AND INJURY,2,0,2,COLLISION WITH MOTOR VEHICLE,REAR END,TRAFFIC SIGNAL,DAYLIGHT,CLEAR,DRY
13984,35518863,MONROE,East Rochester,4,,Y,43.1206920,-77.4781779,10/31/14,18:04,PROPERTY DAMAGE AND INJURY,1,0,3,COLLISION WITH MOTOR VEHICLE,OTHER,TRAFFIC SIGNAL,DUSK,RAIN,WET
13984,35281754,MONROE,Rochester,1,,Y,43.2019420,-77.6279100,5/31/14,14:07,INJURY,1,0,2,COLLISION WITH MOTOR VEHICLE,RIGHT ANGLE,NONE,DAYLIGHT,CLEAR,DRY
13984,34690598,MONROE,Rochester,1,,Y,43.1708040,-77.6008060,3/8/13,14:40,INJURY,1,0,1,COLLISION WITH BICYCLIST,OTHER,TRAFFIC SIGNAL,DAYLIGHT,CLEAR,DRY
13984,34824395,MONROE,Perinton,3, 31F43011018,N,43.1039275,-77.4856651,6/13/13,15:31,PROPERTY DAMAGE AND INJURY,1,0,2,COLLISION WITH MOTOR VEHICLE,LEFT TURN (AGAINST OTHER CAR),STOP SIGN,DAYLIGHT,RAIN,WET
13984,35031448,MONROE,Rochester,1, 31 43032008,Y,43.1646630,-77.6594000,12/3/13,20:15,INJURY,2,0,4,COLLISION WITH MOTOR VEHICLE,OTHER,TRAFFIC SIGNAL,DARK-ROAD LIGHTED,CLEAR,DRY
13984,35422546,MONROE,Rochester,1,,Y,43.1361550,-77.5981100,10/5/14,19:42,PROPERTY DAMAGE AND INJURY,1,0,2,COLLISION WITH MOTOR VEHICLE,RIGHT ANGLE,STOP SIGN,DARK-ROAD LIGHTED,CLEAR,DRY
13984,34704444,MONROE,Perinton,3, 31 43033112,N,43.0645216,-77.3900982,3/22/13,14:52,PROPERTY DAMAGE AND INJURY,2,0,2,COLLISION WITH MOTOR VEHICLE,REAR END,NONE,DAYLIGHT,CLOUDY,WET
13984,34712781,MONROE,Rochester,1,,N,43.1840312,-77.5658740,3/28/13,18:52,PROPERTY DAMAGE AND INJURY,1,0,1,COLLISION WITH SIGN POST,OTHER,NONE,DAYLIGHT,CLEAR,DRY
13984,34773434,MONROE,Pittsford,3,,Y,43.0542220,-77.4972241,5/11/13,11:23,PROPERTY DAMAGE AND INJURY,1,0,2,COLLISION WITH MOTOR VEHICLE,RIGHT ANGLE,STOP SIGN,DAYLIGHT,CLOUDY,DRY
13984,35434606,MONROE,Irondequoit,3,,Y,43.1970490,-77.5924370,10/14/14,9:05,PROPERTY DAMAGE AND INJURY,1,0,2,COLLISION WITH MOTOR VEHICLE,RIGHT ANGLE,TRAFFIC SIGNAL,DAYLIGHT,CLEAR,DRY
13984,34709158,MONROE,Rochester,1,,Y,43.1800800,-77.6251520,3/21/13,17:00,PROPERTY DAMAGE AND INJURY,1,0,2,COLLISION WITH MOTOR VEHICLE,LEFT TURN (AGAINST OTHER CAR),STOP SIGN,DAYLIGHT,CLOUDY,DRY
13984,34745272,MONROE,Gates,3,531 43011013,N,43.1584460,-77.7323900,4/22/13,12:58,PROPERTY DAMAGE AND INJURY,1,0,2,COLLISION WITH MOTOR VEHICLE,RIGHT ANGLE,TRAFFIC SIGNAL,DAYLIGHT,CLEAR,DRY
13984,34784802,MONROE,Rochester,1,,Y,43.1412930,-77.5951090,5/15/13,14:02,PROPERTY DAMAGE AND INJURY,2,0,2,COLLISION WITH MOTOR VEHICLE,REAR END,NONE,DAYLIGHT,CLEAR,DRY
13984,35337501,MONROE,Perinton,3,,Y,43.1097030,-77.4633419,6/26/14,7:10,INJURY,1,0,2,COLLISION WITH MOTOR VEHICLE,REAR END,TRAFFIC SIGNAL,DAYLIGHT,CLEAR,DRY
13984,35034882,MONROE,Perinton,3, 96 43051018,Y,43.0517000,-77.4701639,12/5/13,12:35,PROPERTY DAMAGE AND INJURY,1,0,2,COLLISION WITH MOTOR VEHICLE,REAR END,TRAFFIC SIGNAL,DAYLIGHT,CLOUDY,WET
13984,34968827,MONROE,Mendon,3,,N,43.0336865,-77.5234495,10/15/13,13:54,PROPERTY DAMAGE AND INJURY,1,0,1,COLLISION WITH CULVERT/HEADWALL,OTHER,NONE,DAYLIGHT,CLOUDY,DRY
13984,35567711,MONROE,Rochester,1,,Y,43.1910980,-77.5611601,12/9/14,10:51,PROPERTY DAMAGE AND INJURY,1,0,2,COLLISION WITH MOTOR VEHICLE,LEFT TURN (AGAINST OTHER CAR),NO PASSING ZONE,DAYLIGHT,CLEAR,DRY
13984,35279389,MONROE,Greece,3,,N,43.2099305,-77.6955742,5/28/14,14:15,PROPERTY DAMAGE AND INJURY,2,0,3,COLLISION WITH MOTOR VEHICLE,OTHER,NONE,DAYLIGHT,CLOUDY,DRY
13984,34733339,MONROE,Parma,3,104 43031105,N,43.2181458,-77.7974368,4/14/13,7:58,PROPERTY DAMAGE AND INJURY,3,0,2,COLLISION WITH MOTOR VEHICLE,RIGHT ANGLE,NONE,DAYLIGHT,CLEAR,DRY
13984,34733290,MONROE,Brighton,3,,N,43.1026276,-77.5773777,4/13/13,13:07,PROPERTY DAMAGE AND INJURY,1,0,1,COLLISION WITH BUILDING/WALL,OTHER,NONE,DAYLIGHT,CLOUDY,DRY
13984,34770701,MONROE,Rochester,1, 96 43052030,Y,43.1570580,-77.6023750,5/12/13,2:19,PROPERTY DAMAGE AND INJURY,1,0,2,COLLISION WITH MOTOR VEHICLE,RIGHT ANGLE,TRAFFIC SIGNAL,DARK-ROAD LIGHTED,RAIN,WET
13984,35419370,MONROE,Rochester,1,,N,43.1798940,-77.6079266,8/18/14,21:11,INJURY,1,0,2,COLLISION WITH OTHER PEDESTRIAN,OTHER,NONE,DARK-ROAD LIGHTED,CLEAR,DRY
13984,35441977,MONROE,Webster,3,,Y,43.1975747,-77.4622951,10/21/14,18:09,PROPERTY DAMAGE AND INJURY,1,0,2,COLLISION WITH MOTOR VEHICLE,REAR END,NONE,DARK-ROAD LIGHTED,RAIN,WET
13984,34817853,MONROE,Fairport,4,250 43011045,Y,43.1000760,-77.4419410,6/10/13,10:14,INJURY,1,0,2,COLLISION WITH MOTOR VEHICLE,REAR END,TRAFFIC SIGNAL,DAYLIGHT,CLOUDY,DRY
13984,34785587,MONROE,Henrietta,3,252 43011056,N,43.0926738,-77.6619085,5/16/13,11:06,PROPERTY DAMAGE AND INJURY,1,0,2,COLLISION WITH MOTOR VEHICLE,RIGHT ANGLE,NONE,DAYLIGHT,CLEAR,DRY
13984,35133702,MONROE,Irondequoit,3,,Y,43.1711690,-77.5414120,2/10/14,9:41,PROPERTY DAMAGE AND INJURY,2,0,2,COLLISION WITH MOTOR VEHICLE,RIGHT ANGLE,STOP SIGN,DAYLIGHT,CLEAR,SNOW/ICE
13984,34825285,MONROE,Rochester,1,940T43011004,N,43.1591081,-77.6151539,6/25/13,16:25,PROPERTY DAMAGE AND INJURY,1,0,2,COLLISION WITH MOTOR VEHICLE,REAR END,NONE,DAYLIGHT,CLEAR,DRY
13984,35465749,MONROE,Webster,3,,N,43.2127762,-77.4500260,10/31/14,15:52,PROPERTY DAMAGE AND INJURY,1,0,2,COLLISION WITH MOTOR VEHICLE,RIGHT ANGLE,NONE,DAYLIGHT,CLOUDY,DRY
13984,35322488,MONROE,Rochester,1,,N,43.1647820,-77.6070594,7/10/14,18:26,PROPERTY DAMAGE AND INJURY,1,0,1,COLLISION WITH BRIDGE STRUCTURE,OTHER,NONE,DAYLIGHT,CLEAR,DRY
13984,35518820,MONROE,Henrietta,3,,N,43.0587206,-77.6406103,11/25/14,15:34,PROPERTY DAMAGE AND INJURY,1,0,2,COLLISION WITH MOTOR VEHICLE,REAR END,TRAFFIC SIGNAL,DAYLIGHT,CLEAR,DRY
13984,34686376,MONROE,Brighton,3,,Y,43.1150810,-77.5580650,3/7/13,9:06,PROPERTY DAMAGE AND INJURY,1,0,2,COLLISION WITH MOTOR VEHICLE,RIGHT ANGLE,STOP SIGN,DAYLIGHT,CLOUDY,WET
13984,35655224,MONROE,Wheatland,3,251 43011119,Y,43.0053670,-77.7454000,2/6/14,12:00,PROPERTY DAMAGE AND INJURY,1,0,1,COLL. W/LIGHT SUPPORT/UTILITY POLE,OTHER,NONE,DAYLIGHT,SNOW,SNOW/ICE
13984,35040339,MONROE,Brighton,3,441 43011105,Y,43.1280560,-77.5214689,12/11/13,14:01,PROPERTY DAMAGE AND INJURY,1,0,2,COLLISION WITH MOTOR VEHICLE,REAR END,TRAFFIC SIGNAL,DAYLIGHT,CLOUDY,WET
13984,35023580,MONROE,Rochester,1,,Y,43.1598150,-77.5624600,11/29/13,14:55,PROPERTY DAMAGE AND INJURY,4,0,2,COLLISION WITH MOTOR VEHICLE,RIGHT ANGLE,STOP SIGN,DAYLIGHT,CLEAR,DRY
13984,34938973,MONROE,Brighton,3,286A43011008,Y,43.1494950,-77.5282600,9/26/13,10:29,PROPERTY DAMAGE AND INJURY,1,0,2,COLLISION WITH MOTOR VEHICLE,RIGHT ANGLE,TRAFFIC SIGNAL,DAYLIGHT,CLEAR,DRY
13984,34971091,MONROE,Rochester,1, 31 43032015,Y,43.1646330,-77.6466190,10/9/13,6:42,INJURY,1,0,1,COLLISION WITH PEDESTRIAN,OTHER,TRAFFIC SIGNAL,DAWN,CLEAR,DRY
13984,35442022,MONROE,Brighton,3, 15A43041128,N,43.1063355,-77.6159171,10/20/14,20:14,INJURY,1,0,1,COLLISION WITH PEDESTRIAN,OTHER,TRAFFIC SIGNAL,DARK-ROAD LIGHTED,RAIN,WET
13984,35001810,MONROE,Brighton,3,590I43011010,Y,43.1090195,-77.5916586,11/12/13,12:28,PROPERTY DAMAGE AND INJURY,1,0,2,COLLISION WITH MOTOR VEHICLE,REAR END,NONE,DAYLIGHT,CLOUDY,DRY
13984,35062304,MONROE,Irondequoit,3,,Y,43.2105570,-77.6023020,12/27/13,10:52,PROPERTY DAMAGE AND INJURY,1,0,2,COLLISION WITH MOTOR VEHICLE,REAR END,TRAFFIC SIGNAL,DAYLIGHT,CLOUDY,WET
13984,35332949,MONROE,Pittsford,3, 31 43033029,N,43.1036832,-77.5392102,7/8/14,16:36,INJURY,1,0,2,COLLISION WITH MOTOR VEHICLE,REAR END,TRAFFIC SIGNAL,DAYLIGHT,RAIN,WET
13984,35258626,MONROE,Rochester,1,,Y,43.1872450,-77.5877289,5/9/14,21:27,INJURY,1,0,2,COLLISION WITH MOTOR VEHICLE,HEAD ON,NONE,DAYLIGHT,CLEAR,DRY
13984,34887574,MONROE,Greece,3,,Y,43.2236580,-77.6777730,8/14/13,21:36,INJURY,1,0,1,COLLISION WITH BICYCLIST,OTHER,TRAFFIC SIGNAL,DARK-ROAD LIGHTED,CLEAR,DRY
13984,35008131,MONROE,Gates,3,390I43037008,N,43.1403760,-77.6690114,11/14/13,17:50,PROPERTY DAMAGE AND INJURY,1,0,2,COLL. W/LIGHT SUPPORT/UTILITY POLE,OTHER,NONE,DARK-ROAD LIGHTED,CLEAR,DRY
13984,35399694,MONROE,Rochester,1,,Y,43.2497150,-77.6147510,9/7/14,20:14,PROPERTY DAMAGE AND INJURY,1,0,2,COLLISION WITH MOTOR VEHICLE,HEAD ON,TRAFFIC SIGNAL,DARK-ROAD LIGHTED,CLOUDY,DRY
13984,35390464,MONROE,Rochester,1,383 43012028,Y,43.1544750,-77.6120060,8/26/14,7:32,PROPERTY DAMAGE AND INJURY,3,0,2,COLLISION WITH MOTOR VEHICLE,HEAD ON,TRAFFIC SIGNAL,DAYLIGHT,CLEAR,DRY
13984,35040301,MONROE,Brighton,3, 31 43033009,Y,43.1264563,-77.5645332,12/13/13,11:43,PROPERTY DAMAGE AND INJURY,1,0,3,COLLISION WITH MOTOR VEHICLE,OTHER,TRAFFIC SIGNAL,DAYLIGHT,SNOW,SNOW/ICE
13984,34743434,MONROE,Rochester,1,,N,43.1493376,-77.6486664,4/18/13,18:47,INJURY,1,0,1,COLLISION WITH PEDESTRIAN,OTHER,NONE,DAYLIGHT,CLEAR,DRY
13984,35233043,MONROE,Penfield,3,441 43011036,N,43.1309763,-77.4730542,4/22/14,16:33,PROPERTY DAMAGE AND INJURY,1,0,2,COLLISION WITH MOTOR VEHICLE,REAR END,NONE,DAYLIGHT,CLOUDY,WET
13984,35125890,MONROE,Irondequoit,3,404 43035033,Y,43.1770380,-77.5381280,2/6/14,18:04,INJURY,2,0,2,COLLISION WITH MOTOR VEHICLE,LEFT TURN (AGAINST OTHER CAR),TRAFFIC SIGNAL,DARK-ROAD LIGHTED,SNOW,WET
13984,35360107,UNKNOWN COUNTY,,0,,N,43.1569823,-77.6071531,7/16/14,18:03,INJURY,1,0,1,COLLISION WITH PEDESTRIAN,OTHER,TRAFFIC SIGNAL,DAYLIGHT,CLEAR,DRY
13984,34766284,MONROE,Rochester,1,,Y,43.1771240,-77.6166060,5/3/13,16:12,INJURY,1,0,1,COLL. W/LIGHT SUPPORT/UTILITY POLE,OTHER,STOP SIGN,DAYLIGHT,CLEAR,DRY
13984,35290107,MONROE,Rochester,1,,Y,43.1415512,-77.6360204,3/16/14,22:35,INJURY,1,0,1,COLLISION WITH PEDESTRIAN,OTHER,NONE,DARK-ROAD LIGHTED,CLEAR,DRY
13984,35327384,MONROE,Sweden,3, 31 43031057,Y,43.1982500,-77.9222901,7/14/14,15:43,PROPERTY DAMAGE AND INJURY,3,0,2,COLLISION WITH MOTOR VEHICLE,LEFT TURN (AGAINST OTHER CAR),TRAFFIC SIGNAL,DAYLIGHT,CLEAR,DRY
13984,35005328,MONROE,Rochester,1, 33 43032019,N,43.1504590,-77.6365820,11/11/13,17:53,PROPERTY DAMAGE AND INJURY,1,0,3,COLLISION WITH MOTOR VEHICLE,OTHER,TRAFFIC SIGNAL,DARK-ROAD LIGHTED,RAIN,WET
13984,34971029,MONROE,Rochester,1,,N,43.1461670,-77.6025631,10/10/13,17:59,INJURY,1,0,1,COLLISION WITH BICYCLIST,OTHER,NONE,DAYLIGHT,CLEAR,DRY
13984,34823524,MONROE,Rochester,1,,Y,43.1711508,-77.5752761,6/14/13,12:08,INJURY,1,0,2,COLLISION WITH MOTOR VEHICLE,RIGHT ANGLE,NONE,DAYLIGHT,CLEAR,DRY
13984,35336978,MONROE,Rochester,1, 15 43032028,Y,43.1540890,-77.6050990,7/7/14,15:29,INJURY,2,0,2,COLLISION WITH MOTOR VEHICLE,RIGHT ANGLE,TRAFFIC SIGNAL,DAYLIGHT,CLEAR,DRY
13984,34751010,MONROE,Rochester,1,,N,43.1910021,-77.6388707,4/10/13,17:05,INJURY,1,0,1,COLLISION WITH PEDESTRIAN,OTHER,NONE,DAYLIGHT,CLEAR,DRY
13984,34779244,MONROE,Ogden,3,,N,43.1552575,-77.8261960,5/20/13,14:07,PROPERTY DAMAGE AND INJURY,2,0,1,COLL. W/EARTH ELE./ROCK CUT/DITCH,OTHER,NONE,DAYLIGHT,CLEAR,DRY
13984,35052032,MONROE,Henrietta,3,252 43011070,N,43.0881806,-77.6364318,12/20/13,12:39,PROPERTY DAMAGE AND INJURY,1,0,3,COLLISION WITH MOTOR VEHICLE,OTHER,NONE,DAYLIGHT,CLOUDY,WET
13984,34824270,MONROE,Greece,3,,N,43.2074129,-77.6810961,6/18/13,10:41,INJURY,1,0,1,COLLISION WITH BICYCLIST,OTHER,STOP SIGN,DAYLIGHT,CLOUDY,DRY
13984,35282693,MONROE,Rochester,1,,Y,43.1827780,-77.5915650,5/15/14,2:13,INJURY,1,0,1,COLLISION WITH CURBING,OTHER,NONE,DARK-ROAD LIGHTED,CLOUDY,DRY
13984,34803969,MONROE,Rochester,1,,N,43.2514580,-77.6134953,6/4/13,21:45,PROPERTY DAMAGE AND INJURY,1,0,2,COLLISION WITH MOTOR VEHICLE,REAR END,NONE,DARK-ROAD LIGHTED,CLEAR,DRY
13984,35236664,MONROE,Rochester,1,,Y,43.2566130,-77.6098440,4/25/14,21:08,PROPERTY DAMAGE AND INJURY,1,0,1,COLLISION WITH PEDESTRIAN,OTHER,NONE,DARK-ROAD LIGHTED,RAIN,WET
13984,34881133,MONROE,Greece,3, 18 43031192,N,43.2529057,-77.6720366,8/4/13,18:27,INJURY,1,0,2,COLLISION WITH MOTOR VEHICLE,REAR END,NONE,DAYLIGHT,CLEAR,DRY
13984,35226370,MONROE,Rochester,1,,Y,43.2115230,-77.5600430,4/16/14,17:35,INJURY,1,0,2,COLLISION WITH MOTOR VEHICLE,REAR END,TRAFFIC SIGNAL,DAYLIGHT,CLEAR,DRY
13984,34703903,MONROE,Rochester,1,,Y,43.1629330,-77.6020720,3/22/13,13:51,PROPERTY DAMAGE AND INJURY,1,0,2,COLLISION WITH MOTOR VEHICLE,LEFT TURN (WITH OTHER CAR),TRAFFIC SIGNAL,DAYLIGHT,CLOUDY,SNOW/ICE
13984,35022624,MONROE,Greece,3,390 43011066,N,43.2507920,-77.6680245,11/23/13,16:23,PROPERTY DAMAGE AND INJURY,1,0,2,COLLISION WITH MOTOR VEHICLE,HEAD ON,NONE,DAYLIGHT,SNOW,SNOW/ICE
13984,35434230,MONROE,Rochester,1,,N,43.1876056,-77.5770382,10/14/14,14:00,PROPERTY DAMAGE AND INJURY,4,0,3,COLLISION WITH MOTOR VEHICLE,OTHER,TRAFFIC SIGNAL,DAYLIGHT,CLOUDY,DRY
13984,34788743,MONROE,Henrietta,3, 15 43031114,Y,43.0940130,-77.6330760,5/28/13,8:50,PROPERTY DAMAGE AND INJURY,1,0,2,COLLISION WITH MOTOR VEHICLE,REAR END,TRAFFIC SIGNAL,DAYLIGHT,RAIN,WET
13984,34718016,MONROE,Rochester,1,,Y,43.1731380,-77.6195189,3/22/13,10:40,INJURY,2,0,1,COLLISION WITH TREE,OTHER,NONE,DAYLIGHT,SNOW,SNOW/ICE
13984,34923244,MONROE,Spencerport,4,259 43011068,N,43.1898956,-77.8013433,9/4/13,9:18,INJURY,1,0,2,COLLISION WITH MOTOR VEHICLE,REAR END,NONE,DAYLIGHT,CLEAR,DRY
13984,34891435,MONROE,Rochester,1,,Y,43.1641380,-77.5991410,8/17/13,18:10,INJURY,1,0,1,COLLISION WITH PEDESTRIAN,OTHER,NONE,DAYLIGHT,CLEAR,DRY
13984,34747240,MONROE,Rochester,1,940M43011001,N,43.1662714,-77.6244973,4/2/13,11:21,INJURY,1,0,1,COLLISION WITH PEDESTRIAN,OTHER,NONE,DAYLIGHT,CLOUDY,WET
13984,35366752,MONROE,Wheatland,3,383 43011020,N,43.0116133,-77.8276920,8/7/14,6:31,PROPERTY DAMAGE AND INJURY,1,0,2,COLLISION WITH MOTOR VEHICLE,RIGHT ANGLE,NONE,DAWN,CLOUDY,DRY
13984,35389933,MONROE,Penfield,3,,Y,43.1824050,-77.5021680,8/27/14,13:10,PROPERTY DAMAGE AND INJURY,1,0,4,COLLISION WITH MOTOR VEHICLE,OTHER,TRAFFIC SIGNAL,DAYLIGHT,CLEAR,DRY
13984,35014763,MONROE,Scottsville,4,383 43011069,N,43.0279902,-77.7433838,10/7/13,18:25,INJURY,1,0,2,COLLISION WITH MOTOR VEHICLE,RIGHT ANGLE,NONE,DUSK,CLOUDY,DRY