QUERYID,CASE #,REGN_CNTY_CDE,Municipality,MUNITYPE,REF_MRKR,ATINTERSECTION_IND,Lat,Long,,Time,Crash Type,Injuries,Fatalities,Number of Vehicles,ACCD_TYP,COLLISION_TYP,TRAF_CNTL,Light Condition,Weather Condition,Road Surface Condition
13984,35280665,MONROE,Rochester,1, 31 43032029,N,43.1566580,-77.6241882,5/20/14,10:18,INJURY,2,0,2,COLLISION WITH MOTOR VEHICLE,REAR END,TRAFFIC SIGNAL,DAYLIGHT,CLEAR,DRY
13984,34733277,MONROE,Greece,3,,N,43.2072883,-77.6959788,4/10/13,11:56,PROPERTY DAMAGE AND INJURY,2,0,2,COLLISION WITH MOTOR VEHICLE,LEFT TURN (AGAINST OTHER CAR),NONE,DAYLIGHT,RAIN,WET
13984,34989247,MONROE,Rochester,1,,Y,43.1543990,-77.6030860,10/21/13,8:40,PROPERTY DAMAGE AND INJURY,1,0,2,COLLISION WITH MOTOR VEHICLE,RIGHT ANGLE,TRAFFIC SIGNAL,DAYLIGHT,CLEAR,DRY
13984,35151903,MONROE,Rochester,1,490I43022062,N,43.1448643,-77.5602331,2/17/14,8:55,PROPERTY DAMAGE AND INJURY,1,0,1,COLLISION WITH OTHER BARRIER,OTHER,NONE,DAYLIGHT,CLEAR,WET
13984,35159587,MONROE,Gates,3, 33 43031120,N,43.1467960,-77.7122953,2/28/14,9:04,INJURY,1,0,2,COLLISION WITH MOTOR VEHICLE,REAR END,NONE,DAYLIGHT,CLEAR,SNOW/ICE
13984,35453027,MONROE,Hamlin,3, 18 43031028,Y,43.2955270,-77.9434250,10/23/14,13:22,PROPERTY DAMAGE AND INJURY,1,0,2,COLLISION WITH MOTOR VEHICLE,RIGHT ANGLE,STOP SIGN,DAYLIGHT,CLEAR,DRY
13984,35436950,MONROE,Greece,3,947A43021161,N,43.2973270,-77.7189330,10/20/14,5:08,PROPERTY DAMAGE AND INJURY,1,0,1,COLLISION WITH DEER,OTHER,NONE,DARK-ROAD UNLIGHTED,CLOUDY,DRY
13984,34906388,MONROE,Henrietta,3,252 43011072,Y,43.0871408,-77.6318845,8/26/13,18:40,PROPERTY DAMAGE AND INJURY,1,0,2,COLLISION WITH MOTOR VEHICLE,LEFT TURN (AGAINST OTHER CAR),NONE,DAYLIGHT,CLOUDY,WET
13984,35306948,MONROE,Greece,3,,N,43.1802449,-77.7323389,6/26/14,13:22,INJURY,1,0,2,COLLISION WITH OTHER FIXED OBJECT,RIGHT ANGLE,NONE,DAYLIGHT,CLOUDY,DRY
13984,35102023,MONROE,Irondequoit,3,,Y,43.2485290,-77.5973380,1/23/14,20:12,INJURY,1,0,2,COLLISION WITH MOTOR VEHICLE,REAR END,TRAFFIC SIGNAL,DARK-ROAD LIGHTED,SNOW,SNOW/ICE
13984,35278092,MONROE,Greece,3, 18 43031194,Y,43.2528920,-77.6694580,5/13/14,8:00,PROPERTY DAMAGE AND INJURY,1,0,2,COLLISION WITH MOTOR VEHICLE,REAR END,NONE,DAYLIGHT,CLOUDY,DRY
13984,34954028,MONROE,Rochester,1, 96 43052015,Y,43.1503460,-77.5751360,8/16/13,23:47,PROPERTY DAMAGE AND INJURY,2,0,1,COLLISION WITH CURBING,OTHER,TRAFFIC SIGNAL,DARK-ROAD LIGHTED,CLEAR,DRY
13984,34865421,MONROE,Rochester,1,,Y,43.1577170,-77.6066570,7/16/13,16:50,INJURY,2,0,1,COLLISION WITH PEDESTRIAN,OTHER,NONE,DAYLIGHT,CLEAR,DRY
13984,34827031,MONROE,Rochester,1,,Y,43.1861950,-77.6348830,6/25/13,21:18,PROPERTY DAMAGE AND INJURY,1,0,2,COLLISION WITH MOTOR VEHICLE,OVERTAKING,STOP SIGN,DARK-ROAD LIGHTED,CLOUDY,DRY
13984,34758858,MONROE,Webster,3,404 43035075,N,43.2046366,-77.4773610,4/27/13,22:39,PROPERTY DAMAGE AND INJURY,1,0,2,COLLISION WITH MOTOR VEHICLE,RIGHT ANGLE,NONE,DARK-ROAD UNLIGHTED,CLEAR,DRY
13984,35063670,MONROE,Rochester,1, 96 43052030,Y,43.1570580,-77.6023750,12/17/13,9:14,INJURY,1,0,1,COLLISION WITH CURBING,OTHER,TRAFFIC SIGNAL,DAYLIGHT,SNOW,SNOW/ICE
13984,34920056,MONROE,Pittsford,3,,N,43.0795592,-77.5335969,7/10/13,6:30,INJURY,1,0,1,COLLISION WITH DEER,OTHER,NONE,DAWN,CLOUDY,DRY
13984,34723623,MONROE,Rochester,1,,N,43.1564684,-77.6244457,4/5/13,9:38,INJURY,2,0,2,COLLISION WITH MOTOR VEHICLE,REAR END,NONE,DAYLIGHT,CLEAR,DRY
13984,35068056,MONROE,Greece,3,390 43011016,N,43.1795232,-77.6834751,1/2/14,16:24,PROPERTY DAMAGE AND INJURY,1,0,2,COLLISION WITH MOTOR VEHICLE,RIGHT ANGLE,NONE,DAYLIGHT,SNOW,SNOW/ICE
13984,35277534,MONROE,Irondequoit,3,590 43013010,N,43.1812768,-77.5429613,5/30/14,17:47,PROPERTY DAMAGE AND INJURY,2,0,3,COLLISION WITH MOTOR VEHICLE,OTHER,NONE,DAYLIGHT,CLEAR,DRY
13984,34699580,MONROE,Irondequoit,3,590 43013013,N,43.1854190,-77.5437383,3/19/13,8:20,PROPERTY DAMAGE AND INJURY,1,0,2,COLLISION WITH MOTOR VEHICLE,REAR END,NONE,DAYLIGHT,CLOUDY,WET
13984,35235114,MONROE,Ogden,3,259 43011046,Y,43.1588900,-77.8053400,4/25/14,10:10,PROPERTY DAMAGE AND INJURY,1,0,1,COLLISION WITH SIGN POST,OTHER,STOP SIGN,DAYLIGHT,CLEAR,DRY
13984,35570545,MONROE,Rochester,1,,N,43.1939069,-77.6582811,12/12/14,12:43,INJURY,1,0,2,COLLISION WITH MOTOR VEHICLE,REAR END,NONE,DAYLIGHT,CLEAR,SLUSH
13984,34896230,MONROE,Penfield,3,441 43011052,Y,43.1308060,-77.4399830,7/18/13,7:20,INJURY,2,0,2,COLLISION WITH MOTOR VEHICLE,RIGHT ANGLE,NONE,DAYLIGHT,CLEAR,DRY
13984,34915345,MONROE,Rochester,1,,Y,43.1499580,-77.6557920,8/8/13,19:54,PROPERTY DAMAGE AND INJURY,1,0,2,COLLISION WITH MOTOR VEHICLE,HEAD ON,STOP SIGN,DUSK,CLEAR,DRY
13984,35307390,MONROE,Ogden,3,259 43011039,N,43.1487538,-77.8057788,6/27/14,18:00,PROPERTY DAMAGE AND INJURY,2,0,2,COLLISION WITH MOTOR VEHICLE,REAR END,NO PASSING ZONE,DAYLIGHT,CLEAR,DRY
13984,34925533,MONROE,Greece,3, 18 43031204,Y,43.2529560,-77.6467900,9/10/13,16:42,PROPERTY DAMAGE AND INJURY,2,0,2,COLLISION WITH MOTOR VEHICLE,LEFT TURN (AGAINST OTHER CAR),TRAFFIC SIGNAL,DAYLIGHT,CLEAR,DRY
13984,35193630,MONROE,Webster,3,,N,43.2130630,-77.5275704,3/25/14,16:13,PROPERTY DAMAGE AND INJURY,1,0,2,COLLISION WITH MOTOR VEHICLE,REAR END,NONE,DAYLIGHT,CLOUDY,DRY
13984,35254470,MONROE,Rochester,1,,N,43.1312294,-77.6101242,5/10/14,18:00,INJURY,1,0,3,COLLISION WITH PEDESTRIAN,OTHER,NONE,DAYLIGHT,CLEAR,DRY
13984,35242853,MONROE,Webster,4,,N,43.2150444,-77.4302346,5/1/14,18:55,PROPERTY DAMAGE AND INJURY,1,0,2,COLLISION WITH MOTOR VEHICLE,REAR END,STOP SIGN,DAYLIGHT,CLEAR,DRY
13984,34871909,MONROE,Rochester,1,,Y,43.1754410,-77.5912330,7/12/13,16:24,PROPERTY DAMAGE AND INJURY,1,0,2,COLLISION WITH MOTOR VEHICLE,RIGHT ANGLE,TRAFFIC SIGNAL,DAYLIGHT,CLEAR,DRY
13984,34898789,MONROE,Rochester,1,,Y,43.1763670,-77.5573561,8/10/13,11:42,PROPERTY DAMAGE AND INJURY,2,0,2,COLLISION WITH MOTOR VEHICLE,RIGHT ANGLE,TRAFFIC SIGNAL,DAYLIGHT,CLEAR,DRY
13984,35403418,MONROE,Rochester,1,,Y,43.1545320,-77.6177074,9/16/14,18:15,INJURY,1,0,1,COLLISION WITH PEDESTRIAN,OTHER,NONE,DAYLIGHT,CLEAR,DRY
13984,35294581,MONROE,Penfield,3,,Y,43.1819089,-77.4307277,6/17/14,15:37,INJURY,1,0,2,COLLISION WITH MOTOR VEHICLE,REAR END,TRAFFIC SIGNAL,DAYLIGHT,CLOUDY,DRY
13984,35472190,MONROE,Penfield,3,250 43011069,N,43.1344204,-77.4418501,11/15/14,11:30,PROPERTY DAMAGE AND INJURY,1,0,2,COLLISION WITH MOTOR VEHICLE,LEFT TURN (AGAINST OTHER CAR),NONE,DAYLIGHT,CLEAR,DRY
13984,35265941,MONROE,Rochester,1,,Y,43.1557080,-77.6125470,4/29/14,14:26,INJURY,2,0,2,COLLISION WITH MOTOR VEHICLE,RIGHT ANGLE,TRAFFIC SIGNAL,DAYLIGHT,RAIN,WET
13984,35103322,MONROE,Rochester,1,940M43011009,N,43.1766196,-77.6305751,1/9/14,1:06,INJURY,1,0,1,COLLISION WITH PEDESTRIAN,OTHER,NONE,DARK-ROAD LIGHTED,CLEAR,WET
13984,35078585,MONROE,Pittsford,3,,N,43.1236790,-77.5245231,1/7/14,15:16,PROPERTY DAMAGE AND INJURY,2,0,2,COLLISION WITH MOTOR VEHICLE,RIGHT ANGLE,NONE,DAYLIGHT,SNOW,SNOW/ICE
13984,35065490,MONROE,Greece,3,390 43011035,N,43.2066256,-77.6762023,1/2/14,8:31,INJURY,1,0,2,COLLISION WITH MOTOR VEHICLE,REAR END,NONE,DAYLIGHT,SNOW,SNOW/ICE
13984,35427620,MONROE,Chili,3,251 43011059,Y,43.0746205,-77.7671200,10/4/14,19:59,PROPERTY DAMAGE AND INJURY,1,0,2,COLLISION WITH MOTOR VEHICLE,HEAD ON,NONE,DARK-ROAD LIGHTED,CLEAR,DRY
13984,35046677,MONROE,Rochester,1,940M43011019,Y,43.1918260,-77.6294940,12/14/13,17:35,PROPERTY DAMAGE AND INJURY,1,0,3,COLLISION WITH MOTOR VEHICLE,OTHER,NONE,DARK-ROAD LIGHTED,SNOW,SNOW/ICE
13984,35180591,MONROE,Pittsford,3,490I43023033,N,43.1093471,-77.5070144,3/12/14,11:58,INJURY,1,0,1,COLLISION WITH GUIDE RAIL,OTHER,NONE,DAYLIGHT,SNOW,SNOW/ICE
13984,35470658,MONROE,Greece,3,,N,43.2236648,-77.6768353,11/5/14,17:39,PROPERTY DAMAGE AND INJURY,1,0,4,COLLISION WITH MOTOR VEHICLE,OTHER,NONE,DARK-ROAD LIGHTED,CLOUDY,DRY
13984,35135359,MONROE,Perinton,3,490I43023080,N,43.0510854,-77.4674263,2/14/14,4:05,PROPERTY DAMAGE AND INJURY,1,0,1,COLLISION WITH GUIDE RAIL,OTHER,NONE,DARK-ROAD UNLIGHTED,SNOW,SNOW/ICE
13984,34857590,MONROE,Rochester,1,,Y,43.1447830,-77.6510100,7/11/13,11:01,INJURY,1,0,1,COLLISION WITH BICYCLIST,OTHER,STOP SIGN,DAYLIGHT,CLEAR,DRY
13984,35346066,MONROE,Greece,3,,N,43.2237104,-77.6456041,7/29/14,12:25,PROPERTY DAMAGE AND INJURY,1,0,2,COLLISION WITH MOTOR VEHICLE,REAR END,NO PASSING ZONE,DAYLIGHT,CLOUDY,DRY
13984,34820013,MONROE,Sweden,3,,N,43.1799503,-77.8945454,6/15/13,8:57,PROPERTY DAMAGE AND INJURY,1,0,1,COLLISION WITH TREE,OTHER,NONE,DAYLIGHT,CLEAR,DRY
13984,35349032,MONROE,Rochester,1, 31 43032052,Y,43.1434490,-77.5882940,8/4/14,17:15,INJURY,2,0,2,COLLISION WITH MOTOR VEHICLE,RIGHT ANGLE,STOP SIGN,DAYLIGHT,CLEAR,WET
13984,35023130,MONROE,Penfield,3,441 43011072,N,43.1305399,-77.4042135,11/24/13,15:18,PROPERTY DAMAGE AND INJURY,1,0,1,COLL. W/LIGHT SUPPORT/UTILITY POLE,OTHER,NONE,DAYLIGHT,CLOUDY,WET
13984,35486161,MONROE,Henrietta,3, 15 43031095,N,43.0681122,-77.6469556,10/12/14,11:12,PROPERTY DAMAGE AND INJURY,2,0,2,COLLISION WITH MOTOR VEHICLE,REAR END,NONE,DAYLIGHT,CLEAR,DRY
13984,35267343,MONROE,Rochester,1,,Y,43.1870920,-77.5918450,5/20/14,19:35,PROPERTY DAMAGE AND INJURY,1,0,2,COLLISION WITH MOTOR VEHICLE,RIGHT ANGLE,TRAFFIC SIGNAL,DAYLIGHT,CLEAR,DRY
13984,34995653,MONROE,Webster,4,104 43035278,N,43.2175264,-77.4213314,11/5/13,0:18,INJURY,1,0,1,COLL. W/EARTH ELE./ROCK CUT/DITCH,OTHER,NONE,DARK-ROAD LIGHTED,CLOUDY,DRY
13984,34975757,MONROE,Irondequoit,3,,Y,43.2103650,-77.6086640,10/23/13,17:06,PROPERTY DAMAGE AND INJURY,2,0,3,COLLISION WITH MOTOR VEHICLE,OTHER,STOP SIGN,DAYLIGHT,CLOUDY,WET
13984,35403621,MONROE,Chili,3,383 43011131,N,43.0973193,-77.6786057,9/17/14,9:40,INJURY,1,0,2,COLLISION WITH MOTOR VEHICLE,REAR END,RR CROSSING GATES,DAYLIGHT,CLEAR,DRY
13984,35392983,MONROE,Gates,3,390 43011007,N,43.1659809,-77.6830921,8/14/14,9:48,PROPERTY DAMAGE AND INJURY,1,0,2,COLLISION WITH MOTOR VEHICLE,REAR END,NONE,DAYLIGHT,CLEAR,DRY
13984,35288573,MONROE,Greece,3,,N,43.1868970,-77.7016970,6/5/14,10:40,INJURY,1,0,2,COLLISION WITH MOTOR VEHICLE,REAR END,TRAFFIC SIGNAL,DAYLIGHT,CLOUDY,DRY
13984,34997256,MONROE,Irondequoit,3,,Y,43.2110460,-77.5855480,11/5/13,20:43,INJURY,2,0,2,COLLISION WITH MOTOR VEHICLE,RIGHT ANGLE,TRAFFIC SIGNAL,DARK-ROAD LIGHTED,CLEAR,DRY
13984,34767520,MONROE,Rochester,1,,Y,43.1215830,-77.6156460,5/10/13,19:55,INJURY,1,0,2,COLLISION WITH MOTOR VEHICLE,REAR END,NONE,DUSK,RAIN,WET
13984,35280681,MONROE,Irondequoit,3,,Y,43.2103650,-77.6086640,5/31/14,13:26,INJURY,2,0,2,COLLISION WITH MOTOR VEHICLE,LEFT TURN (AGAINST OTHER CAR),NONE,DAYLIGHT,CLEAR,DRY
13984,35186470,MONROE,Rochester,1,,Y,43.1379250,-77.6509729,3/15/14,21:37,INJURY,1,0,2,COLLISION WITH MOTOR VEHICLE,OVERTAKING,TRAFFIC SIGNAL,DARK-ROAD LIGHTED,CLEAR,DRY
13984,35101858,MONROE,Rochester,1,,Y,43.1432845,-77.5604897,1/21/14,13:03,PROPERTY DAMAGE AND INJURY,1,0,2,COLLISION WITH MOTOR VEHICLE,RIGHT ANGLE,NONE,DAYLIGHT,SNOW,SNOW/ICE
13984,35420174,MONROE,Pittsford,4, 31 43033042,Y,43.0923330,-77.5194959,10/1/14,16:57,INJURY,1,0,2,COLLISION WITH MOTOR VEHICLE,RIGHT ANGLE,STOP SIGN,DAYLIGHT,CLEAR,DRY
13984,35339166,MONROE,Rochester,1,,Y,43.1756010,-77.5846889,6/30/14,21:51,INJURY,1,0,1,COLLISION WITH BICYCLIST,OTHER,TRAFFIC SIGNAL,DARK-ROAD LIGHTED,CLEAR,DRY
13984,34795892,MONROE,Rochester,1,,N,43.1436448,-77.6289782,5/7/13,19:32,INJURY,1,0,1,COLLISION WITH PEDESTRIAN,OTHER,NONE,DAYLIGHT,CLEAR,DRY
13984,35042041,MONROE,Henrietta,3, 15A43041100,N,43.0684077,-77.6077995,12/10/13,18:11,INJURY,1,0,2,COLLISION WITH MOTOR VEHICLE,OVERTAKING,NONE,DARK-ROAD LIGHTED,SNOW,SNOW/ICE
13984,35168716,MONROE,Penfield,3,441 43011052,Y,43.1308270,-77.4413170,2/6/14,19:10,PROPERTY DAMAGE AND INJURY,1,0,2,COLLISION WITH MOTOR VEHICLE,RIGHT ANGLE,TRAFFIC SIGNAL,DARK-ROAD LIGHTED,CLOUDY,WET
13984,35448839,MONROE,Chili,3,490I43021123,N,43.1203364,-77.7543060,10/25/14,1:50,PROPERTY DAMAGE AND INJURY,2,0,1,COLLISION WITH TREE,OTHER,NONE,DARK-ROAD LIGHTED,CLEAR,DRY
13984,35273994,MONROE,Henrietta,3, 15 43031103,N,43.0791594,-77.6410901,5/14/14,17:26,INJURY,1,0,2,COLLISION WITH MOTOR VEHICLE,REAR END,NONE,DAYLIGHT,RAIN,WET
13984,35443184,MONROE,Rochester,1,,N,43.1697474,-77.6362481,10/7/14,15:16,INJURY,1,0,1,RAN OFF ROAD ONLY,OTHER,NONE,DAYLIGHT,CLEAR,DRY
13984,34834071,MONROE,Henrietta,3,253 43011064,Y,43.0587950,-77.6444240,6/28/13,7:00,PROPERTY DAMAGE AND INJURY,1,0,2,COLLISION WITH MOTOR VEHICLE,RIGHT ANGLE,TRAFFIC SIGNAL,DAYLIGHT,RAIN,WET
13984,35318799,MONROE,Rochester,1, 18 43032000,Y,43.2170210,-77.6412890,7/6/14,19:12,INJURY,2,0,2,COLLISION WITH MOTOR VEHICLE,OVERTAKING,NONE,DAYLIGHT,CLEAR,DRY
13984,35369615,MONROE,Webster,3,,Y,43.2141989,-77.5155399,8/8/14,17:34,PROPERTY DAMAGE AND INJURY,1,0,2,COLLISION WITH MOTOR VEHICLE,LEFT TURN (AGAINST OTHER CAR),TRAFFIC SIGNAL,DAYLIGHT,CLEAR,DRY
13984,34965599,MONROE,Perinton,3,490I43023066,N,43.0694521,-77.4746734,10/18/13,19:25,PROPERTY DAMAGE AND INJURY,1,0,2,COLLISION WITH MOTOR VEHICLE,REAR END,NONE,DARK-ROAD UNLIGHTED,CLEAR,DRY
13984,34697879,MONROE,Henrietta,3, 15 43031110,N,43.0880380,-77.6363100,3/1/13,16:20,PROPERTY DAMAGE AND INJURY,1,0,2,COLLISION WITH MOTOR VEHICLE,RIGHT TURN (AGAINST OTHER CAR),TRAFFIC SIGNAL,DAYLIGHT,CLOUDY,WET
13984,34914010,MONROE,Henrietta,3,390I43031104,N,43.0761480,-77.6268280,8/23/13,12:28,INJURY,1,0,2,COLLISION WITH MOTOR VEHICLE,REAR END,TRAFFIC SIGNAL,DAYLIGHT,CLEAR,DRY
13984,35131577,MONROE,Brighton,3,490I43023015,N,43.1289406,-77.5248226,2/5/14,11:01,PROPERTY DAMAGE AND INJURY,1,0,1,COLLISION WITH OTHER BARRIER,OTHER,NONE,DAYLIGHT,SNOW,SNOW/ICE
13984,34879407,MONROE,Brighton,3,,N,43.1074610,-77.5759661,8/5/13,16:19,PROPERTY DAMAGE AND INJURY,1,0,2,COLLISION WITH MOTOR VEHICLE,REAR END,YIELD SIGN,DAYLIGHT,CLOUDY,DRY
13984,35479009,MONROE,Perinton,3,490I43023058,N,43.0788140,-77.4854470,11/6/14,20:25,INJURY,1,0,2,COLLISION WITH MOTOR VEHICLE,REAR END,STOP SIGN,DARK-ROAD LIGHTED,RAIN,WET
13984,34686371,MONROE,Gates,3,531 43012058,N,43.1602280,-77.7538480,3/6/13,14:38,INJURY,1,0,2,COLLISION WITH MOTOR VEHICLE,REAR END,TRAFFIC SIGNAL,DAYLIGHT,CLOUDY,DRY
13984,35264383,MONROE,Brighton,3,,N,43.1273467,-77.5383348,5/20/14,14:13,PROPERTY DAMAGE AND INJURY,1,0,1,COLLISION WITH SIGN POST,OTHER,NONE,DAYLIGHT,CLOUDY,DRY
13984,35348163,MONROE,Rochester,1,940K43011005,Y,43.1593900,-77.6595600,7/31/14,15:07,PROPERTY DAMAGE AND INJURY,1,0,3,COLLISION WITH MOTOR VEHICLE,OTHER,TRAFFIC SIGNAL,DAYLIGHT,CLOUDY,DRY
13984,35329550,MONROE,Rochester,1,,Y,43.1864530,-77.6137910,7/14/14,15:53,PROPERTY DAMAGE AND INJURY,1,0,2,COLLISION WITH MOTOR VEHICLE,REAR END,TRAFFIC SIGNAL,DAYLIGHT,CLEAR,DRY
13984,35331830,MONROE,Rochester,1,,Y,43.1699880,-77.6364280,7/15/14,21:26,INJURY,2,0,2,COLLISION WITH MOTOR VEHICLE,RIGHT TURN (WITH OTHER CAR),TRAFFIC SIGNAL,DARK-ROAD LIGHTED,CLEAR,DRY
13984,34995389,MONROE,Rochester,1, 31 43032008,Y,43.1646630,-77.6594000,10/18/13,5:45,INJURY,1,0,1,COLLISION WITH PEDESTRIAN,OTHER,TRAFFIC SIGNAL,DARK-ROAD LIGHTED,CLOUDY,DRY
13984,35071391,MONROE,Brighton,3, 31 43033009,Y,43.1264530,-77.5646080,1/6/14,12:28,PROPERTY DAMAGE AND INJURY,1,0,3,COLLISION WITH MOTOR VEHICLE,OTHER,TRAFFIC SIGNAL,DAYLIGHT,CLOUDY,DRY
13984,34951718,MONROE,Brighton,3,,Y,43.1257570,-77.5874530,10/7/13,20:20,PROPERTY DAMAGE AND INJURY,1,0,2,COLLISION WITH MOTOR VEHICLE,LEFT TURN (WITH OTHER CAR),STOP SIGN,DARK-ROAD LIGHTED,CLOUDY,WET
13984,34926381,MONROE,Rochester,1,,Y,43.1835710,-77.6388600,9/12/13,8:45,INJURY,1,0,2,COLLISION WITH MOTOR VEHICLE,REAR END,NONE,DAYLIGHT,UNKNOWN,UNKNOWN
13984,34948856,MONROE,Greece,3, 18 43031195,N,43.2528810,-77.6663532,9/30/13,13:05,PROPERTY DAMAGE AND INJURY,2,0,2,COLLISION WITH MOTOR VEHICLE,LEFT TURN (AGAINST OTHER CAR),NONE,DAYLIGHT,CLOUDY,DRY
13984,34741223,MONROE,Pittsford,3, 64 43021079,N,43.0540016,-77.5188969,4/16/13,7:34,PROPERTY DAMAGE AND INJURY,1,0,2,COLLISION WITH MOTOR VEHICLE,REAR END,TRAFFIC SIGNAL,DAYLIGHT,CLOUDY,DRY
13984,35218330,MONROE,Rochester,1,940K43011005,N,43.1596643,-77.6595579,4/8/14,13:29,INJURY,1,0,2,COLLISION WITH MOTOR VEHICLE,REAR END,TRAFFIC SIGNAL,DAYLIGHT,RAIN,WET
13984,35073405,MONROE,Rochester,1,,Y,43.1588190,-77.5989741,12/31/13,22:34,PROPERTY DAMAGE AND INJURY,1,0,2,COLLISION WITH MOTOR VEHICLE,LEFT TURN (WITH OTHER CAR),TRAFFIC SIGNAL,DARK-ROAD LIGHTED,CLOUDY,DRY
13984,34704139,MONROE,Rochester,1,590 43012000,N,43.1580032,-77.5391479,3/22/13,17:37,INJURY,1,0,2,COLLISION WITH MOTOR VEHICLE,REAR END,YIELD SIGN,DAYLIGHT,CLOUDY,DRY
13984,34750987,MONROE,Parma,3,,N,43.3398710,-77.7909231,4/26/13,22:10,PROPERTY DAMAGE AND INJURY,1,0,1,COLLISION WITH OTHER FIXED OBJECT,OTHER,NONE,DARK-ROAD UNLIGHTED,CLOUDY,DRY
13984,34934695,MONROE,Chili,3,,N,43.0581656,-77.7958044,9/22/13,21:43,PROPERTY DAMAGE AND INJURY,1,0,1,COLLISION WITH FIRE HYDRANT,OTHER,NONE,DARK-ROAD LIGHTED,CLEAR,DRY
13984,34766311,MONROE,Rochester,1,,Y,43.2019420,-77.6279100,5/7/13,20:24,PROPERTY DAMAGE AND INJURY,1,0,2,COLLISION WITH MOTOR VEHICLE,RIGHT ANGLE,TRAFFIC SIGNAL,DARK-ROAD LIGHTED,CLEAR,DRY
13984,34916469,MONROE,Parma,3,104 43031122,N,43.2187850,-77.7650138,9/7/13,21:24,INJURY,1,0,2,COLLISION WITH MOTOR VEHICLE,OVERTAKING,NONE,DARK-ROAD LIGHTED,CLEAR,WET
13984,35379990,MONROE,Gates,3,390I43037008,N,43.1403540,-77.6689866,8/15/14,23:15,PROPERTY DAMAGE AND INJURY,1,0,2,COLLISION WITH MOTOR VEHICLE,REAR END,NONE,DARK-ROAD LIGHTED,CLEAR,DRY
13984,34754009,MONROE,Webster,3,,N,43.2124023,-77.4466130,4/27/13,11:03,PROPERTY DAMAGE AND INJURY,1,0,2,COLLISION WITH MOTOR VEHICLE,RIGHT ANGLE,NONE,DAYLIGHT,CLOUDY,DRY
13984,35579783,MONROE,Henrietta,3,,Y,43.0807080,-77.6101600,12/26/14,21:02,INJURY,1,0,3,COLLISION WITH MOTOR VEHICLE,OTHER,NONE,DARK-ROAD UNLIGHTED,CLEAR,DRY
13984,35387160,MONROE,Henrietta,3, 15A43041082,Y,43.0438540,-77.6207340,9/2/14,17:45,INJURY,1,0,3,COLLISION WITH MOTOR VEHICLE,OTHER,NONE,DAYLIGHT,RAIN,WET
13984,34758023,MONROE,Irondequoit,3,,N,43.1966951,-77.5958415,5/3/13,10:38,PROPERTY DAMAGE AND INJURY,1,0,2,COLLISION WITH MOTOR VEHICLE,LEFT TURN (AGAINST OTHER CAR),HIGHWAY WORK AREA,DAYLIGHT,CLEAR,DRY
13984,34813249,MONROE,Gates,3,,N,43.1591585,-77.7305150,6/12/13,18:29,INJURY,1,0,2,COLLISION WITH MOTOR VEHICLE,REAR END,TRAFFIC SIGNAL,DAYLIGHT,CLEAR,DRY
13984,34756546,MONROE,Rochester,1,104 43032020,N,43.1939595,-77.6236698,4/23/13,1:10,PROPERTY DAMAGE AND INJURY,1,0,1,COLLISION WITH GUIDE RAIL,OTHER,NONE,DARK-ROAD LIGHTED,CLEAR,DRY
13984,35198868,MONROE,Gates,3, 33 43031133,N,43.1499290,-77.6867696,3/27/14,17:43,PROPERTY DAMAGE AND INJURY,4,0,2,COLLISION WITH MOTOR VEHICLE,REAR END,NONE,DAYLIGHT,CLOUDY,DRY
13984,35267958,MONROE,Brighton,3,,N,43.0935224,-77.6499569,5/16/14,15:20,PROPERTY DAMAGE AND INJURY,2,0,2,COLLISION WITH MOTOR VEHICLE,HEAD ON,NONE,DAYLIGHT,CLOUDY,DRY
13984,35335736,MONROE,Webster,3,,N,43.2303377,-77.4843860,7/17/14,10:25,INJURY,1,0,1,COLLISION WITH MOTOR VEHICLE,OTHER,NONE,DAYLIGHT,CLEAR,DRY
13984,35503964,MONROE,Rochester,1,,Y,43.1868120,-77.5995710,11/13/14,17:24,PROPERTY DAMAGE AND INJURY,1,0,2,COLLISION WITH MOTOR VEHICLE,LEFT TURN (AGAINST OTHER CAR),TRAFFIC SIGNAL,DARK-ROAD LIGHTED,SNOW,WET
13984,35384374,MONROE,Rochester,1,,Y,43.1582980,-77.6068900,8/30/14,18:16,PROPERTY DAMAGE AND INJURY,1,0,2,COLLISION WITH MOTOR VEHICLE,OVERTAKING,TRAFFIC SIGNAL,DAYLIGHT,CLOUDY,DRY
13984,35298195,MONROE,Spencerport,4,,N,43.1936200,-77.8000566,6/20/14,16:40,INJURY,1,0,1,COLLISION WITH BICYCLIST,OTHER,NONE,DAYLIGHT,CLOUDY,DRY
13984,35252174,MONROE,Brighton,3,590 43011005,N,43.1492740,-77.5401499,4/14/14,7:00,INJURY,1,0,1,OTHER NON-COLLISION,OTHER,NONE,DAWN,CLEAR,DRY