QUERYID,CASE #,REGN_CNTY_CDE,Municipality,MUNITYPE,REF_MRKR,ATINTERSECTION_IND,Lat,Long,,Time,Crash Type,Injuries,Fatalities,Number of Vehicles,ACCD_TYP,COLLISION_TYP,TRAF_CNTL,Light Condition,Weather Condition,Road Surface Condition
13984,34813257,MONROE,Gates,3,390I43037001,N,43.1313668,-77.6615643,6/9/13,16:30,PROPERTY DAMAGE AND INJURY,1,0,3,COLLISION WITH MOTOR VEHICLE,OTHER,HIGHWAY WORK AREA,DAYLIGHT,CLEAR,DRY
13984,35298255,MONROE,Irondequoit,3,,N,43.2098406,-77.5800730,6/19/14,19:15,PROPERTY DAMAGE AND INJURY,1,0,2,COLLISION WITH MOTOR VEHICLE,RIGHT ANGLE,NONE,DAYLIGHT,CLEAR,DRY
13984,34940439,MONROE,Rochester,1,,Y,43.1646340,-77.6300870,9/19/13,17:56,INJURY,1,0,1,COLLISION WITH BICYCLIST,OTHER,NONE,DAYLIGHT,CLEAR,DRY
13984,34757983,MONROE,Penfield,3,441 43011043,N,43.1311690,-77.4593778,4/11/13,14:47,INJURY,1,0,2,COLLISION WITH MOTOR VEHICLE,LEFT TURN (AGAINST OTHER CAR),STOP SIGN,DAYLIGHT,RAIN,WET
13984,35316081,MONROE,Rochester,1,,N,43.1716010,-77.6477034,7/6/14,20:28,PROPERTY DAMAGE AND INJURY,1,0,2,COLLISION WITH MOTOR VEHICLE,OTHER,NONE,DAYLIGHT,CLEAR,DRY
13984,35425597,MONROE,Rochester,1,,N,43.1874281,-77.5822328,10/9/14,23:47,PROPERTY DAMAGE AND INJURY,1,0,2,COLLISION WITH MOTOR VEHICLE,REAR END,NONE,DARK-ROAD LIGHTED,CLEAR,DRY
13984,35428931,MONROE,Perinton,3,,Y,43.0395072,-77.4582184,10/12/14,18:14,PROPERTY DAMAGE AND INJURY,2,0,2,COLLISION WITH MOTOR VEHICLE,REAR END,TRAFFIC SIGNAL,DUSK,CLEAR,DRY
13984,35219667,MONROE,Rochester,1, 15A43042004,Y,43.1167300,-77.6169100,4/10/14,13:52,INJURY,1,0,2,COLLISION WITH MOTOR VEHICLE,LEFT TURN (WITH OTHER CAR),NONE,DAYLIGHT,CLEAR,DRY
13984,35279409,MONROE,Greece,3, 18 43031207,Y,43.2502866,-77.6468053,5/31/14,20:29,PROPERTY DAMAGE AND INJURY,1,0,2,COLLISION WITH MOTOR VEHICLE,OTHER,NONE,DUSK,CLEAR,DRY
13984,35390401,MONROE,Irondequoit,3,,Y,43.2105990,-77.6009239,8/21/14,16:20,PROPERTY DAMAGE AND INJURY,1,0,2,COLLISION WITH MOTOR VEHICLE,SIDESWIPE,NO PASSING ZONE,DAYLIGHT,RAIN,WET
13984,35269701,MONROE,Rochester,1,,Y,43.1599730,-77.5984290,5/22/14,17:27,PROPERTY DAMAGE AND INJURY,1,0,2,COLLISION WITH MOTOR VEHICLE,REAR END,TRAFFIC SIGNAL,DAYLIGHT,CLEAR,DRY
13984,35164180,MONROE,Rochester,1,490I43022016,N,43.1570455,-77.6425167,2/16/14,18:30,PROPERTY DAMAGE AND INJURY,4,0,1,COLL. W/EARTH ELE./ROCK CUT/DITCH,OTHER,NONE,DARK-ROAD LIGHTED,SNOW,SNOW/ICE
13984,34987513,MONROE,Hamlin,3, 19 43041108,Y,43.2844990,-77.9210650,10/29/13,15:41,PROPERTY DAMAGE AND INJURY,1,0,2,COLLISION WITH MOTOR VEHICLE,RIGHT ANGLE,STOP SIGN,DAYLIGHT,CLEAR,DRY
13984,35041881,UNKNOWN COUNTY,,0,,N,43.1803074,-77.6179513,12/14/13,1:14,PROPERTY DAMAGE AND INJURY,1,0,2,COLLISION WITH MOTOR VEHICLE,RIGHT ANGLE,NONE,DARK-ROAD LIGHTED,CLEAR,SNOW/ICE
13984,35323127,MONROE,Rochester,1,,Y,43.1973810,-77.6233050,7/8/14,18:15,PROPERTY DAMAGE AND INJURY,1,0,2,COLLISION WITH MOTOR VEHICLE,REAR END,TRAFFIC SIGNAL,DAYLIGHT,CLOUDY,WET
13984,34703912,MONROE,Rochester,1,940M43011012,N,43.1810741,-77.6317323,3/20/13,14:10,INJURY,1,0,2,COLLISION WITH MOTOR VEHICLE,REAR END,TRAFFIC SIGNAL,DAYLIGHT,CLOUDY,DRY
13984,34965624,MONROE,Pittsford,3, 65 43031112,N,43.0886738,-77.5431268,10/18/13,18:45,PROPERTY DAMAGE AND INJURY,3,0,3,COLLISION WITH MOTOR VEHICLE,OTHER,NONE,DARK-ROAD UNLIGHTED,CLOUDY,DRY
13984,34902430,MONROE,Brighton,3, 15A43041127,N,43.1062486,-77.6157594,8/25/13,15:16,INJURY,1,0,1,COLLISION WITH BICYCLIST,OTHER,TRAFFIC SIGNAL,DAYLIGHT,CLEAR,DRY
13984,35109750,MONROE,East Rochester,4,,N,43.1075000,-77.4841627,1/11/14,2:29,PROPERTY DAMAGE AND INJURY,2,0,1,COLLISION WITH FIRE HYDRANT,OTHER,NONE,DARK-ROAD LIGHTED,CLEAR,WET
13984,35336979,MONROE,Rochester,1,,N,43.1533910,-77.6028386,7/9/14,13:50,PROPERTY DAMAGE AND INJURY,1,0,1,COLLISION WITH OTHER BARRIER,OTHER,NONE,DAYLIGHT,CLEAR,DRY
13984,34982411,MONROE,Greece,3,,N,43.2072763,-77.6793571,10/6/13,19:26,INJURY,1,0,2,COLLISION WITH MOTOR VEHICLE,REAR END,NONE,DARK-ROAD LIGHTED,CLEAR,DRY
13984,34686374,MONROE,Clarkson,3,104 43031038,Y,43.2331150,-77.9276930,3/6/13,14:04,INJURY,1,0,2,COLLISION WITH MOTOR VEHICLE,RIGHT ANGLE,TRAFFIC SIGNAL,DAYLIGHT,CLOUDY,DRY
13984,35013446,MONROE,Wheatland,3,253 43011004,N,43.0290305,-77.7355334,10/11/13,21:30,PROPERTY DAMAGE AND INJURY,1,0,1,COLLISION WITH DEER,OTHER,NONE,DARK-ROAD UNLIGHTED,CLEAR,DRY
13984,35100993,MONROE,Rochester,1,,N,43.1958380,-77.5613879,1/23/14,7:11,INJURY,1,0,2,COLLISION WITH MOTOR VEHICLE,RIGHT ANGLE,TRAFFIC SIGNAL,DAWN,SNOW,SNOW/ICE
13984,34949926,MONROE,Rochester,1,,Y,43.1350250,-77.6360030,10/2/13,15:50,INJURY,1,0,2,COLLISION WITH MOTOR VEHICLE,REAR END,TRAFFIC SIGNAL,DAYLIGHT,CLEAR,DRY
13984,35065721,MONROE,Rochester,1,,Y,43.1805850,-77.6079719,1/2/14,7:19,INJURY,1,0,2,COLLISION WITH MOTOR VEHICLE,REAR END,TRAFFIC SIGNAL,DAYLIGHT,SNOW,SNOW/ICE
13984,35159472,MONROE,Rochester,1,,Y,43.1584300,-77.6154310,2/22/14,10:54,PROPERTY DAMAGE AND INJURY,2,0,2,COLLISION WITH MOTOR VEHICLE,RIGHT ANGLE,TRAFFIC SIGNAL,DAYLIGHT,CLEAR,DRY
13984,35221644,MONROE,Rochester,1,,Y,43.1594070,-77.6323080,4/9/14,7:29,INJURY,1,0,1,COLLISION WITH PEDESTRIAN,OTHER,STOP SIGN,DAYLIGHT,CLEAR,DRY
13984,34825553,MONROE,Greece,3,,Y,43.2217562,-77.6439868,6/20/13,14:00,PROPERTY DAMAGE AND INJURY,1,0,3,COLLISION WITH MOTOR VEHICLE,OTHER,NONE,DAYLIGHT,CLEAR,DRY
13984,35393436,MONROE,Rochester,1, 33A43022002,N,43.1415010,-77.6622586,9/3/14,19:57,INJURY,1,0,2,COLLISION WITH MOTOR VEHICLE,OTHER,NONE,DAYLIGHT,CLEAR,DRY
13984,34865363,MONROE,Brighton,3,,Y,43.1256120,-77.5928961,7/17/13,12:30,PROPERTY DAMAGE AND INJURY,1,0,2,COLLISION WITH MOTOR VEHICLE,LEFT TURN (AGAINST OTHER CAR),TRAFFIC SIGNAL,DAYLIGHT,CLEAR,DRY
13984,34882859,MONROE,Clarkson,3,,N,43.2460331,-77.9639108,7/19/13,22:42,PROPERTY DAMAGE AND INJURY,1,0,4,COLLISION WITH MOTOR VEHICLE,OTHER,TRAFFIC SIGNAL,DARK-ROAD LIGHTED,RAIN,WET
13984,35470855,MONROE,Rochester,1,,Y,43.1650134,-77.6396487,11/13/14,10:37,PROPERTY DAMAGE AND INJURY,1,0,1,COLLISION WITH CURBING,OTHER,NONE,DAYLIGHT,CLOUDY,DRY
13984,35298222,MONROE,Gates,3,531 43011016,N,43.1577884,-77.7290032,6/15/14,5:10,INJURY,1,0,1,COLL. W/EARTH ELE./ROCK CUT/DITCH,OTHER,NONE,DAWN,CLOUDY,DRY
13984,35023570,MONROE,Rochester,1,,Y,43.1552300,-77.6388801,11/6/13,7:55,PROPERTY DAMAGE AND INJURY,1,0,2,COLLISION WITH MOTOR VEHICLE,LEFT TURN (AGAINST OTHER CAR),TRAFFIC SIGNAL,DAYLIGHT,CLEAR,DRY
13984,35366761,MONROE,Henrietta,3, 15 43031074,Y,43.0398300,-77.6622569,8/11/14,12:17,PROPERTY DAMAGE AND INJURY,1,0,2,COLLISION WITH MOTOR VEHICLE,REAR END,NONE,DAYLIGHT,CLEAR,DRY
13984,35500206,MONROE,Rochester,1,,Y,43.1364660,-77.5934600,11/27/14,7:45,PROPERTY DAMAGE AND INJURY,1,0,1,COLLISION WITH CURBING,OTHER,NONE,DAYLIGHT,SNOW,SNOW/ICE
13984,34938971,MONROE,Irondequoit,3,,N,43.1948320,-77.5845567,9/23/13,13:20,PROPERTY DAMAGE AND INJURY,1,0,3,COLLISION WITH MOTOR VEHICLE,OTHER,TRAFFIC SIGNAL,DAYLIGHT,CLEAR,DRY
13984,34994544,MONROE,Gates,3,,N,43.1787590,-77.6834030,11/2/13,15:56,PROPERTY DAMAGE AND INJURY,2,0,2,COLLISION WITH MOTOR VEHICLE,RIGHT ANGLE,STOP SIGN,DAYLIGHT,RAIN,WET
13984,34701618,MONROE,Brighton,3,390I43031141,N,43.1079928,-77.6158454,3/13/13,8:50,INJURY,1,0,2,COLLISION WITH MOTOR VEHICLE,REAR END,NONE,DAYLIGHT,CLEAR,DRY
13984,35073400,MONROE,Rochester,1,,Y,43.2372889,-77.6231498,1/1/14,5:25,PROPERTY DAMAGE AND INJURY,1,0,1,COLLISION WITH FIRE HYDRANT,OTHER,NONE,DARK-ROAD LIGHTED,CLEAR,DRY
13984,35469327,MONROE,Pittsford,4,252 43011127,Y,43.0873550,-77.5231010,11/14/14,16:56,INJURY,1,0,2,COLLISION WITH MOTOR VEHICLE,REAR END,TRAFFIC SIGNAL,DARK-ROAD LIGHTED,SNOW,SNOW/ICE
13984,35184061,MONROE,Brighton,3,,Y,43.1373288,-77.5205166,3/18/14,17:52,PROPERTY DAMAGE AND INJURY,1,0,2,COLLISION WITH MOTOR VEHICLE,REAR END,NONE,DAYLIGHT,CLEAR,DRY
13984,35458295,MONROE,Rochester,1,,N,43.1662157,-77.6336011,11/2/14,13:30,FATAL,0,1,1,UNKNOWN,OTHER,NONE,DAYLIGHT,CLEAR,DRY
13984,34981829,MONROE,Rochester,1, 31 43032028,Y,43.1581060,-77.6251630,10/28/13,16:53,INJURY,1,0,2,COLLISION WITH MOTOR VEHICLE,LEFT TURN (WITH OTHER CAR),TRAFFIC SIGNAL,DAYLIGHT,CLEAR,DRY
13984,35023601,MONROE,Rochester,1, 18 43032012,Y,43.2004550,-77.6387230,11/12/13,7:59,INJURY,2,0,2,COLLISION WITH MOTOR VEHICLE,OVERTAKING,TRAFFIC SIGNAL,DAYLIGHT,CLEAR,WET
13984,34940322,MONROE,Perinton,3, 31 43033089,N,43.0686372,-77.4340033,9/12/13,16:48,PROPERTY DAMAGE AND INJURY,1,0,4,COLLISION WITH MOTOR VEHICLE,OTHER,NONE,DAYLIGHT,CLOUDY,DRY
13984,34754015,MONROE,Perinton,3,,N,43.0517010,-77.4701619,4/19/13,16:36,PROPERTY DAMAGE AND INJURY,2,0,3,COLLISION WITH MOTOR VEHICLE,OTHER,TRAFFIC SIGNAL,DAYLIGHT,RAIN,WET
13984,35504470,MONROE,Henrietta,3,253 43011028,N,43.0403148,-77.6981779,12/7/14,10:04,PROPERTY DAMAGE AND INJURY,2,0,2,COLLISION WITH MOTOR VEHICLE,HEAD ON,NONE,DAYLIGHT,CLOUDY,DRY
13984,34916973,MONROE,Rochester,1,,N,43.1514860,-77.5703427,8/26/13,12:16,INJURY,1,0,1,COLLISION WITH BICYCLIST,OTHER,NONE,DAYLIGHT,CLEAR,DRY
13984,35380010,MONROE,Penfield,3,441 43011052,Y,43.1306840,-77.4413651,8/16/14,14:53,PROPERTY DAMAGE AND INJURY,1,0,2,COLLISION WITH MOTOR VEHICLE,REAR END,TRAFFIC SIGNAL,DAYLIGHT,CLEAR,DRY
13984,35219669,MONROE,Rochester,1,,Y,43.1378910,-77.6360050,4/9/14,7:44,INJURY,1,0,1,COLLISION WITH PEDESTRIAN,OTHER,STOP SIGN,DAYLIGHT,CLEAR,DRY
13984,34852135,MONROE,Perinton,3,250 43011032,N,43.0816352,-77.4421200,7/9/13,19:05,PROPERTY DAMAGE AND INJURY,1,0,2,COLLISION WITH MOTOR VEHICLE,RIGHT ANGLE,STOP SIGN,DAYLIGHT,RAIN,WET
13984,34939617,MONROE,Rochester,1,,N,43.1792238,-77.6515825,9/20/13,11:38,INJURY,1,0,2,COLLISION WITH MOTOR VEHICLE,RIGHT TURN (WITH OTHER CAR),TRAFFIC SIGNAL,DAYLIGHT,CLEAR,DRY
13984,34746609,MONROE,Penfield,3,441 43011035,N,43.1292411,-77.4787472,4/22/13,7:33,PROPERTY DAMAGE AND INJURY,1,0,2,COLLISION WITH MOTOR VEHICLE,OVERTAKING,NONE,DAYLIGHT,CLEAR,DRY
13984,35408167,MONROE,Webster,4,250 43011123,N,43.2113920,-77.4303208,9/20/14,9:54,INJURY,1,0,1,OVERTURNED,OTHER,NONE,DAYLIGHT,CLEAR,DRY
13984,35052106,MONROE,Rochester,1, 31 43032017,N,43.1646314,-77.6424423,12/18/13,17:28,INJURY,2,0,3,COLLISION WITH MOTOR VEHICLE,OTHER,NONE,DARK-ROAD LIGHTED,CLOUDY,SNOW/ICE
13984,34823512,MONROE,Rochester,1,,Y,43.1805850,-77.6079719,6/14/13,7:39,PROPERTY DAMAGE AND INJURY,4,0,3,COLLISION WITH MOTOR VEHICLE,OTHER,TRAFFIC SIGNAL,DAYLIGHT,CLEAR,DRY
13984,35393261,MONROE,Rochester,1,,N,43.1444122,-77.5571147,9/9/14,20:30,PROPERTY DAMAGE AND INJURY,2,0,4,COLLISION WITH MOTOR VEHICLE,OTHER,TRAFFIC SIGNAL,DARK-ROAD LIGHTED,CLEAR,DRY
13984,34766972,MONROE,Rochester,1,,N,43.1462688,-77.5548636,5/7/13,13:15,PROPERTY DAMAGE AND INJURY,1,0,2,COLLISION WITH MOTOR VEHICLE,REAR END,NONE,DAYLIGHT,CLEAR,DRY
13984,35423692,MONROE,Gates,3,204 43011020,Y,43.1317860,-77.6872610,10/6/14,6:38,PROPERTY DAMAGE AND INJURY,1,0,5,COLLISION WITH MOTOR VEHICLE,OTHER,TRAFFIC SIGNAL,DARK-ROAD LIGHTED,CLOUDY,DRY
13984,34925906,MONROE,Rochester,1,940M43011007,N,43.1744571,-77.6294653,9/12/13,15:18,INJURY,2,0,3,COLLISION WITH MOTOR VEHICLE,OTHER,NONE,DAYLIGHT,CLOUDY,DRY
13984,34690586,MONROE,Rochester,1,,Y,43.1504362,-77.5899392,3/6/13,16:01,INJURY,1,0,2,COLLISION WITH MOTOR VEHICLE,REAR END,NONE,DAYLIGHT,CLEAR,DRY
13984,35316084,MONROE,Rochester,1,,N,43.1773918,-77.6394590,7/4/14,21:23,PROPERTY DAMAGE AND INJURY,1,0,3,COLLISION WITH MOTOR VEHICLE,OTHER,NONE,DARK-ROAD LIGHTED,CLEAR,DRY
13984,35533089,MONROE,Brighton,3,590 43011006,N,43.1495831,-77.5399869,12/30/14,9:32,PROPERTY DAMAGE AND INJURY,1,0,3,COLLISION WITH MOTOR VEHICLE,OTHER,NONE,DAYLIGHT,SNOW,SNOW/ICE
13984,34770284,MONROE,Henrietta,3,253 43011090,Y,43.0595000,-77.5929900,5/8/13,7:12,INJURY,1,0,1,COLLISION WITH BICYCLIST,OTHER,TRAFFIC SIGNAL,DAYLIGHT,CLEAR,DRY
13984,35517942,MONROE,Gates,3,,Y,43.1256910,-77.7107370,12/17/14,20:45,INJURY,1,0,2,COLLISION WITH MOTOR VEHICLE,REAR END,TRAFFIC SIGNAL,DARK-ROAD UNLIGHTED,SNOW,WET
13984,34894779,MONROE,Rochester,1,,N,43.1938135,-77.6315835,8/18/13,11:17,PROPERTY DAMAGE AND INJURY,1,0,2,COLLISION WITH MOTOR VEHICLE,REAR END,TRAFFIC SIGNAL,DAYLIGHT,CLEAR,DRY
13984,35392964,MONROE,Greece,3,104 43031141,N,43.2136419,-77.7279360,8/30/14,16:46,PROPERTY DAMAGE AND INJURY,2,0,3,COLLISION WITH MOTOR VEHICLE,OTHER,NONE,DAYLIGHT,CLEAR,DRY
13984,34705842,MONROE,Wheatland,3,383 43011025,Y,43.0134450,-77.8183061,3/15/13,11:50,PROPERTY DAMAGE AND INJURY,2,0,2,COLLISION WITH MOTOR VEHICLE,RIGHT ANGLE,FLASHING LIGHT,DAYLIGHT,CLOUDY,DRY
13984,34705814,MONROE,Ogden,3, 36 43031127,Y,43.1515590,-77.8561980,3/23/13,14:32,PROPERTY DAMAGE AND INJURY,2,0,2,COLLISION WITH MOTOR VEHICLE,RIGHT ANGLE,STOP SIGN,DAYLIGHT,CLEAR,DRY
13984,34813366,MONROE,Brighton,3, 15 43031120,N,43.1016744,-77.6290963,6/12/13,17:16,INJURY,1,0,1,COLLISION WITH OTHER BARRIER,OTHER,NONE,DAYLIGHT,CLEAR,DRY
13984,35403628,MONROE,Henrietta,3,,Y,43.0892733,-77.6817744,9/18/14,16:51,PROPERTY DAMAGE AND INJURY,1,0,2,COLLISION WITH MOTOR VEHICLE,LEFT TURN (AGAINST OTHER CAR),NONE,DAYLIGHT,CLOUDY,DRY
13984,35021511,MONROE,Perinton,3, 31F43011021,Y,43.1026090,-77.4809221,11/19/13,16:20,PROPERTY DAMAGE AND INJURY,1,0,2,COLLISION WITH MOTOR VEHICLE,RIGHT TURN (AGAINST OTHER CAR),TRAFFIC SIGNAL,DAYLIGHT,CLEAR,DRY
13984,35004590,MONROE,Ogden,3, 33 43031088,N,43.1361018,-77.7731615,11/10/13,20:25,PROPERTY DAMAGE AND INJURY,1,0,1,COLLISION WITH DEER,OTHER,NONE,DARK-ROAD UNLIGHTED,CLOUDY,WET
13984,35417576,UNKNOWN COUNTY,,0,,N,43.0992075,-77.4530105,9/30/14,11:20,INJURY,1,0,1,COLLISION WITH BICYCLIST,OTHER,NONE,DAYLIGHT,CLEAR,DRY
13984,35116087,MONROE,Rochester,1,,Y,43.1551310,-77.6055170,1/17/14,17:10,INJURY,1,0,1,COLLISION WITH PEDESTRIAN,OTHER,TRAFFIC SIGNAL,DARK-ROAD LIGHTED,CLOUDY,DRY
13984,34871135,MONROE,Rochester,1,,N,43.1380912,-77.6219797,7/17/13,2:32,PROPERTY DAMAGE AND INJURY,1,0,2,COLLISION WITH MOTOR VEHICLE,SIDESWIPE,NONE,DARK-ROAD LIGHTED,CLEAR,DRY
13984,34893161,MONROE,Rochester,1,,N,43.1855821,-77.6163178,8/14/13,21:50,FATAL,0,1,1,COLLISION WITH BICYCLIST,OTHER,NONE,DARK-ROAD LIGHTED,CLEAR,DRY
13984,35322513,MONROE,Rochester,1,940M43011002,Y,43.1674170,-77.6253510,6/25/14,10:45,PROPERTY DAMAGE AND INJURY,1,0,2,COLLISION WITH MOTOR VEHICLE,LEFT TURN (AGAINST OTHER CAR),TRAFFIC SIGNAL,DAYLIGHT,RAIN,WET
13984,35078526,MONROE,Pittsford,3,490I43023053,N,43.0841367,-77.4912383,1/7/14,9:19,PROPERTY DAMAGE AND INJURY,1,0,1,COLLISION WITH GUIDE RAIL,OTHER,NONE,DAYLIGHT,SNOW,SNOW/ICE
13984,35355198,MONROE,Brighton,3,,N,43.1437531,-77.5374009,8/7/14,13:57,INJURY,1,0,1,COLLISION WITH TREE,OTHER,NO PASSING ZONE,DAYLIGHT,CLEAR,DRY
13984,35137670,MONROE,Rochester,1,,Y,43.1859880,-77.5995160,11/25/13,13:10,INJURY,1,0,2,COLLISION WITH MOTOR VEHICLE,REAR END,NONE,DAYLIGHT,CLEAR,DRY
13984,34740038,MONROE,Brighton,3, 65 43031131,Y,43.1167010,-77.5480450,4/18/13,9:52,PROPERTY DAMAGE AND INJURY,2,0,2,COLLISION WITH MOTOR VEHICLE,RIGHT ANGLE,TRAFFIC SIGNAL,DAYLIGHT,CLOUDY,DRY
13984,35553260,MONROE,Henrietta,3, 15A43041103,N,43.0730056,-77.6069924,12/24/14,10:30,PROPERTY DAMAGE AND INJURY,2,0,2,COLLISION WITH MOTOR VEHICLE,RIGHT ANGLE,NONE,DAYLIGHT,CLEAR,DRY
13984,34883524,MONROE,Perinton,3,490I43023087,N,43.0417770,-77.4622560,8/9/13,11:05,PROPERTY DAMAGE AND INJURY,1,0,1,COLLISION WITH GUIDE RAIL,OTHER,NONE,DAYLIGHT,RAIN,WET
13984,35475543,MONROE,Ogden,3,,N,43.1604650,-77.7538411,11/18/14,16:26,PROPERTY DAMAGE AND INJURY,1,0,2,COLLISION WITH MOTOR VEHICLE,RIGHT ANGLE,TRAFFIC SIGNAL,DUSK,CLOUDY,DRY
13984,35395050,MONROE,Brockport,4, 19 43041052,Y,43.2068770,-77.9411120,9/8/14,13:00,PROPERTY DAMAGE AND INJURY,1,0,2,COLLISION WITH MOTOR VEHICLE,REAR END,NONE,DAYLIGHT,CLEAR,DRY
13984,34821943,MONROE,Hamlin,3, 19 43041116,N,43.2953055,-77.9207751,6/13/13,9:42,PROPERTY DAMAGE AND INJURY,1,0,2,COLLISION WITH MOTOR VEHICLE,LEFT TURN (WITH OTHER CAR),TRAFFIC SIGNAL,DAYLIGHT,RAIN,WET
13984,34860891,MONROE,Perinton,3,,Y,43.1083190,-77.4321510,7/20/13,12:40,PROPERTY DAMAGE AND INJURY,4,0,2,COLLISION WITH MOTOR VEHICLE,RIGHT ANGLE,TRAFFIC SIGNAL,DAYLIGHT,RAIN,WET
13984,35090135,MONROE,Rochester,1, 31 43032019,Y,43.1646280,-77.6388650,1/17/14,8:30,INJURY,1,0,3,COLLISION WITH MOTOR VEHICLE,OTHER,TRAFFIC SIGNAL,DAYLIGHT,CLOUDY,WET
13984,35418057,MONROE,Rochester,1,,N,43.1646255,-77.6331754,9/22/14,13:25,INJURY,1,0,2,COLLISION WITH MOTOR VEHICLE,OVERTAKING,TRAFFIC SIGNAL,DAYLIGHT,CLOUDY,DRY
13984,35395699,MONROE,Greece,3,390 43011026,N,43.1934967,-77.6827468,9/9/14,15:45,INJURY,1,0,2,COLLISION WITH MOTOR VEHICLE,REAR END,NONE,DAYLIGHT,CLEAR,DRY
13984,35381822,MONROE,Rochester,1,,Y,43.1461820,-77.6021890,8/27/14,16:28,PROPERTY DAMAGE AND INJURY,1,0,1,COLLISION WITH MEDIAN/BARRIER,OTHER,TRAFFIC SIGNAL,DAYLIGHT,CLOUDY,DRY
13984,34911616,MONROE,Rochester,1,,Y,43.1982910,-77.5615750,8/28/13,19:53,INJURY,2,0,2,COLLISION WITH MOTOR VEHICLE,REAR END,NONE,DUSK,CLEAR,DRY
13984,35531586,MONROE,Rochester,1,,N,43.1934277,-77.5999783,12/22/14,14:10,INJURY,1,0,2,COLLISION WITH MOTOR VEHICLE,RIGHT ANGLE,NONE,DAYLIGHT,CLEAR,DRY
13984,35363807,MONROE,Chili,3,383 43011153,Y,43.1203137,-77.6522968,7/30/14,15:26,INJURY,1,0,2,COLLISION WITH MOTOR VEHICLE,REAR END,TRAFFIC SIGNAL,DAYLIGHT,RAIN,WET
13984,34869097,MONROE,Brighton,3,,Y,43.1257570,-77.5874530,7/29/13,9:03,PROPERTY DAMAGE AND INJURY,2,0,2,COLLISION WITH MOTOR VEHICLE,LEFT TURN (AGAINST OTHER CAR),STOP SIGN,DAYLIGHT,CLEAR,DRY
13984,34925559,MONROE,Henrietta,3, 15 43031102,N,43.0777718,-77.6418318,9/13/13,10:14,PROPERTY DAMAGE AND INJURY,2,0,2,COLLISION WITH MOTOR VEHICLE,RIGHT ANGLE,NONE,DAYLIGHT,RAIN,WET
13984,34837168,MONROE,Rochester,1,940M43011020,Y,43.1938350,-77.6290010,7/3/13,14:37,PROPERTY DAMAGE AND INJURY,1,0,2,COLLISION WITH MOTOR VEHICLE,REAR END,TRAFFIC SIGNAL,DAYLIGHT,CLEAR,DRY
13984,34709152,MONROE,Gates,3,,N,43.1311440,-77.6888301,3/26/13,13:35,PROPERTY DAMAGE AND INJURY,1,0,2,COLLISION WITH MOTOR VEHICLE,RIGHT ANGLE,NONE,DAYLIGHT,CLEAR,DRY
13984,35448842,MONROE,Perinton,3, 31 43033108,Y,43.0644830,-77.3967520,10/28/14,17:32,PROPERTY DAMAGE AND INJURY,1,0,2,COLLISION WITH MOTOR VEHICLE,REAR END,TRAFFIC SIGNAL,DUSK,CLOUDY,WET
13984,35465527,UNKNOWN COUNTY,,0,,N,43.1262453,-77.6389153,11/10/14,15:20,INJURY,1,0,2,COLLISION WITH MOTOR VEHICLE,REAR END,YIELD SIGN,DAYLIGHT,CLEAR,DRY
13984,34954037,MONROE,Rochester,1,,N,43.1373424,-77.6289225,10/6/13,1:35,PROPERTY DAMAGE AND INJURY,2,0,1,COLL. W/LIGHT SUPPORT/UTILITY POLE,OTHER,NONE,DARK-ROAD LIGHTED,CLOUDY,DRY
13984,35063125,MONROE,Henrietta,3,252 43011086,N,43.0872590,-77.6049010,12/18/13,13:43,PROPERTY DAMAGE AND INJURY,1,0,2,COLLISION WITH MOTOR VEHICLE,RIGHT ANGLE,TRAFFIC SIGNAL,DAYLIGHT,CLOUDY,DRY
13984,35156574,MONROE,Greece,3,390 43011043,N,43.2176918,-77.6746293,2/26/14,17:43,PROPERTY DAMAGE AND INJURY,1,0,1,COLLISION WITH TREE,OTHER,NONE,DAYLIGHT,CLEAR,DRY
13984,35313739,MONROE,Henrietta,3,,Y,43.0872168,-77.6172684,6/10/14,22:05,INJURY,1,0,2,COLLISION WITH MOTOR VEHICLE,REAR END,TRAFFIC SIGNAL,DARK-ROAD LIGHTED,CLOUDY,DRY
13984,35133704,MONROE,Perinton,3,,Y,43.0808460,-77.4021790,2/7/14,14:21,PROPERTY DAMAGE AND INJURY,1,0,2,COLLISION WITH MOTOR VEHICLE,RIGHT ANGLE,STOP SIGN,DAYLIGHT,CLOUDY,DRY
13984,35039539,MONROE,Pittsford,3, 31 43033032,Y,43.1004870,-77.5354740,12/2/13,12:40,PROPERTY DAMAGE AND INJURY,2,0,3,COLLISION WITH MOTOR VEHICLE,OTHER,TRAFFIC SIGNAL,DAYLIGHT,CLOUDY,DRY