QUERYID,CASE #,REGN_CNTY_CDE,Municipality,MUNITYPE,REF_MRKR,ATINTERSECTION_IND,Lat,Long,,Time,Crash Type,Injuries,Fatalities,Number of Vehicles,ACCD_TYP,COLLISION_TYP,TRAF_CNTL,Light Condition,Weather Condition,Road Surface Condition
13984,35272863,MONROE,Gates,3, 31 43031176,N,43.1678836,-77.6979816,5/22/14,16:02,INJURY,2,0,3,COLLISION WITH MOTOR VEHICLE,OTHER,NONE,DAYLIGHT,CLEAR,DRY
13984,34789037,MONROE,Rochester,1,,N,43.1598687,-77.5941531,5/26/13,16:38,PROPERTY DAMAGE AND INJURY,1,0,2,COLLISION WITH MOTOR VEHICLE,RIGHT ANGLE,NONE,DAYLIGHT,CLEAR,DRY
13984,35138902,UNKNOWN COUNTY,,0,,N,43.1646367,-77.6255806,2/12/14,16:52,INJURY,1,0,2,COLLISION WITH MOTOR VEHICLE,REAR END,NONE,DAYLIGHT,CLEAR,SNOW/ICE
13984,34899250,MONROE,Rochester,1,,Y,43.2006145,-77.5617079,8/20/13,18:26,INJURY,1,0,2,COLLISION WITH MOTOR VEHICLE,SIDESWIPE,NO PASSING ZONE,DAYLIGHT,CLEAR,DRY
13984,34813446,MONROE,Rochester,1,,Y,43.1381510,-77.5969580,6/14/13,18:30,INJURY,1,0,2,COLLISION WITH MOTOR VEHICLE,RIGHT ANGLE,STOP SIGN,DAYLIGHT,CLEAR,DRY
13984,35002085,MONROE,Perinton,3,,Y,43.1097030,-77.4633419,11/8/13,17:40,PROPERTY DAMAGE AND INJURY,1,0,2,COLLISION WITH MOTOR VEHICLE,REAR END,NONE,DARK-ROAD LIGHTED,CLOUDY,DRY
13984,35218312,MONROE,Rochester,1,,Y,43.1876260,-77.5762890,4/8/14,13:49,PROPERTY DAMAGE AND INJURY,1,0,2,COLLISION WITH MOTOR VEHICLE,RIGHT ANGLE,TRAFFIC SIGNAL,DAYLIGHT,RAIN,WET
13984,35018635,MONROE,Rochester,1,,Y,43.1615950,-77.6074780,11/22/13,14:53,PROPERTY DAMAGE AND INJURY,2,0,2,COLLISION WITH MOTOR VEHICLE,REAR END,TRAFFIC SIGNAL,DAYLIGHT,RAIN,WET
13984,34987633,MONROE,Rochester,1,,N,43.1870175,-77.5995851,9/24/13,12:30,INJURY,1,0,2,COLLISION WITH MOTOR VEHICLE,RIGHT ANGLE,NONE,DAYLIGHT,CLEAR,DRY
13984,34766846,MONROE,Rochester,1,,Y,43.1878060,-77.5710910,5/10/13,17:43,PROPERTY DAMAGE AND INJURY,2,0,2,COLLISION WITH MOTOR VEHICLE,LEFT TURN (AGAINST OTHER CAR),TRAFFIC SIGNAL,DAYLIGHT,RAIN,WET
13984,35184157,MONROE,Rochester,1,383 43012020,Y,43.1426840,-77.6160800,3/14/14,17:38,PROPERTY DAMAGE AND INJURY,1,0,2,COLLISION WITH MOTOR VEHICLE,RIGHT ANGLE,TRAFFIC SIGNAL,DAYLIGHT,CLEAR,WET
13984,34794787,MONROE,Perinton,3,,Y,43.0790621,-77.4541092,5/29/13,9:42,PROPERTY DAMAGE AND INJURY,2,0,2,COLLISION WITH MOTOR VEHICLE,REAR END,NONE,DAYLIGHT,CLOUDY,DRY
13984,35168629,MONROE,Rochester,1,,Y,43.1792766,-77.5991506,3/7/14,17:25,PROPERTY DAMAGE AND INJURY,2,0,2,COLLISION WITH MOTOR VEHICLE,REAR END,STOP SIGN,DAYLIGHT,CLEAR,DRY
13984,34756847,MONROE,Rochester,1,,Y,43.1673620,-77.6169070,4/16/13,16:19,PROPERTY DAMAGE AND INJURY,1,0,2,COLLISION WITH MOTOR VEHICLE,REAR END,TRAFFIC SIGNAL,DAYLIGHT,RAIN,WET
13984,35294593,MONROE,Perinton,3, 31F43011050,Y,43.1029120,-77.4321280,6/17/14,20:48,INJURY,1,0,1,COLL. W/LIGHT SUPPORT/UTILITY POLE,OTHER,TRAFFIC SIGNAL,DARK-ROAD LIGHTED,RAIN,WET
13984,35382427,MONROE,Pittsford,3, 96 43051063,Y,43.0975040,-77.5141350,8/29/14,17:47,PROPERTY DAMAGE AND INJURY,2,0,2,COLLISION WITH MOTOR VEHICLE,RIGHT ANGLE,TRAFFIC SIGNAL,DAYLIGHT,CLEAR,DRY
13984,34953059,MONROE,Rochester,1,,Y,43.1697450,-77.5951530,9/30/13,13:24,PROPERTY DAMAGE AND INJURY,1,0,2,COLLISION WITH MOTOR VEHICLE,RIGHT TURN (AGAINST OTHER CAR),TRAFFIC SIGNAL,DAYLIGHT,CLEAR,DRY
13984,35140322,MONROE,Penfield,3,286 43011034,N,43.1534995,-77.4749543,2/5/14,19:39,PROPERTY DAMAGE AND INJURY,1,0,1,COLL. W/LIGHT SUPPORT/UTILITY POLE,OTHER,NONE,DARK-ROAD UNLIGHTED,SNOW,SNOW/ICE
13984,35282578,MONROE,Penfield,3,441 43011036,Y,43.1312421,-77.4721664,6/6/14,7:21,PROPERTY DAMAGE AND INJURY,3,0,2,COLLISION WITH MOTOR VEHICLE,RIGHT ANGLE,STOP SIGN,DAYLIGHT,CLOUDY,DRY
13984,35406637,MONROE,Perinton,3,490I43023081,N,43.0495929,-77.4649388,9/21/14,14:53,PROPERTY DAMAGE AND INJURY,2,0,1,COLLISION WITH GUIDE RAIL,OTHER,NONE,DAYLIGHT,RAIN,WET
13984,35397454,MONROE,Rochester,1,,Y,43.1865440,-77.6083780,8/30/14,10:02,PROPERTY DAMAGE AND INJURY,4,0,2,COLLISION WITH MOTOR VEHICLE,RIGHT ANGLE,TRAFFIC SIGNAL,DAYLIGHT,CLEAR,DRY
13984,35428502,MONROE,Gates,3,390 43011010,N,43.1711594,-77.6830436,10/7/14,16:45,PROPERTY DAMAGE AND INJURY,1,0,3,COLLISION WITH MOTOR VEHICLE,OTHER,NONE,DAYLIGHT,CLOUDY,DRY
13984,34969746,MONROE,Irondequoit,3,,N,43.1970433,-77.5924927,10/14/13,14:30,INJURY,1,0,1,COLLISION WITH BICYCLIST,OTHER,TRAFFIC SIGNAL,DAYLIGHT,CLEAR,DRY
13984,34852010,MONROE,Rochester,1,,Y,43.1584300,-77.6154310,7/12/13,15:45,INJURY,1,0,1,COLLISION WITH BICYCLIST,OTHER,TRAFFIC SIGNAL,DAYLIGHT,CLOUDY,DRY
13984,35211771,MONROE,Rochester,1,,Y,43.1576190,-77.5906280,2/9/14,0:00,PROPERTY DAMAGE AND INJURY,1,0,2,COLLISION WITH MOTOR VEHICLE,RIGHT ANGLE,UNKNOWN,UNKNOWN,UNKNOWN,UNKNOWN
13984,34906387,MONROE,Henrietta,3,,Y,43.0651510,-77.5900230,8/26/13,15:45,PROPERTY DAMAGE AND INJURY,1,0,2,COLLISION WITH MOTOR VEHICLE,REAR END,NONE,DAYLIGHT,RAIN,WET
13984,35533075,MONROE,Gates,3, 33A43021136,N,43.1293900,-77.6956830,12/30/14,16:41,INJURY,2,0,2,COLLISION WITH MOTOR VEHICLE,RIGHT ANGLE,NONE,DUSK,CLOUDY,DRY
13984,35446078,MONROE,Brighton,3, 31 43033008,Y,43.1271503,-77.5653860,10/27/14,10:29,PROPERTY DAMAGE AND INJURY,1,0,2,COLLISION WITH MOTOR VEHICLE,REAR END,NONE,DAYLIGHT,CLEAR,DRY
13984,35279433,MONROE,Parma,3,,N,43.2064996,-77.8508689,6/3/14,8:14,PROPERTY DAMAGE AND INJURY,1,0,1,COLLISION WITH FENCE,OTHER,NONE,DAYLIGHT,RAIN,WET
13984,35276275,MONROE,Riga,3,,N,43.1275280,-77.8205971,6/2/14,6:55,PROPERTY DAMAGE AND INJURY,4,0,2,COLLISION WITH MOTOR VEHICLE,RIGHT ANGLE,NONE,DAYLIGHT,CLEAR,DRY
13984,35309528,MONROE,Webster,3,,Y,43.2092110,-77.5150580,6/28/14,20:32,PROPERTY DAMAGE AND INJURY,1,0,1,COLLISION WITH CURBING,OTHER,NONE,DUSK,CLEAR,DRY
13984,34877509,MONROE,Wheatland,3,,N,43.0295946,-77.8364376,8/5/13,3:18,PROPERTY DAMAGE AND INJURY,1,0,1,COLL. W/EARTH ELE./ROCK CUT/DITCH,OTHER,NONE,DARK-ROAD UNLIGHTED,CLEAR,DRY
13984,35489938,MONROE,Penfield,3,250 43011084,N,43.1552194,-77.4323084,11/25/14,18:19,PROPERTY DAMAGE AND INJURY,3,0,3,COLLISION WITH MOTOR VEHICLE,OTHER,NONE,DARK-ROAD UNLIGHTED,RAIN,WET
13984,34792518,MONROE,Rochester,1, 31 43032048,Y,43.1471220,-77.5947010,5/29/13,9:30,PROPERTY DAMAGE AND INJURY,3,0,2,COLLISION WITH MOTOR VEHICLE,OTHER,TRAFFIC SIGNAL,DAYLIGHT,CLOUDY,WET
13984,35368716,MONROE,Rochester,1,,N,43.1832790,-77.6004703,8/17/14,17:41,PROPERTY DAMAGE AND INJURY,1,0,2,COLLISION WITH MOTOR VEHICLE,OVERTAKING,NONE,DAYLIGHT,CLEAR,DRY
13984,34821108,MONROE,Greece,3,,N,43.2439861,-77.6828887,6/20/13,15:59,PROPERTY DAMAGE AND INJURY,1,0,2,COLLISION WITH MOTOR VEHICLE,OTHER,NONE,DAYLIGHT,CLEAR,DRY
13984,35413488,MONROE,Brighton,3,490I43023002,N,43.1420065,-77.5439327,9/17/14,16:32,INJURY,1,0,3,COLLISION WITH MOTOR VEHICLE,OTHER,NONE,DAYLIGHT,CLEAR,DRY
13984,34825288,MONROE,Rochester,1,490I43022006,N,43.1574737,-77.6607153,6/25/13,17:30,INJURY,1,0,3,COLLISION WITH MOTOR VEHICLE,OTHER,NONE,DAYLIGHT,CLEAR,DRY
13984,34936790,MONROE,Henrietta,3,,Y,43.0686350,-77.6136181,9/17/13,16:56,INJURY,1,0,1,COLLISION WITH BICYCLIST,OTHER,TRAFFIC SIGNAL,DAYLIGHT,CLEAR,DRY
13984,34937606,MONROE,Webster,3,404 43035063,N,43.1985185,-77.4993410,9/23/13,15:45,PROPERTY DAMAGE AND INJURY,1,0,2,COLLISION WITH MOTOR VEHICLE,RIGHT ANGLE,NONE,DAYLIGHT,CLEAR,DRY
13984,35039543,MONROE,Sweden,3, 31 43031079,N,43.1896454,-77.8830400,11/23/13,3:06,PROPERTY DAMAGE AND INJURY,1,0,1,COLLISION WITH TREE,OTHER,NONE,DARK-ROAD UNLIGHTED,CLOUDY,DRY
13984,34681345,MONROE,Rochester,1,940M43011012,Y,43.1809370,-77.6317380,3/1/13,15:15,PROPERTY DAMAGE AND INJURY,1,0,2,COLLISION WITH MOTOR VEHICLE,OVERTAKING,TRAFFIC SIGNAL,DAYLIGHT,CLOUDY,WET
13984,35331834,MONROE,Gates,3, 33 43031130,Y,43.1498750,-77.6933230,7/16/14,16:20,INJURY,1,0,1,COLLISION WITH PEDESTRIAN,OTHER,TRAFFIC SIGNAL,DAYLIGHT,CLOUDY,DRY
13984,35316071,MONROE,Rochester,1, 31 43032052,N,43.1435505,-77.5884710,7/2/14,9:53,PROPERTY DAMAGE AND INJURY,1,0,2,COLLISION WITH MOTOR VEHICLE,OVERTAKING,NONE,DAYLIGHT,CLEAR,DRY
13984,34834065,MONROE,Brighton,3, 15A43041127,N,43.1071264,-77.6158135,6/20/13,11:27,INJURY,1,0,2,COLLISION WITH MOTOR VEHICLE,REAR END,NONE,DAYLIGHT,CLEAR,DRY
13984,34971170,MONROE,Rochester,1,940M43011002,Y,43.1674170,-77.6253510,10/11/13,16:05,INJURY,1,0,2,COLLISION WITH MOTOR VEHICLE,LEFT TURN (AGAINST OTHER CAR),TRAFFIC SIGNAL,DAYLIGHT,CLEAR,DRY
13984,35490407,MONROE,Rochester,1,,N,43.1664259,-77.6071718,11/22/14,16:11,INJURY,1,0,1,COLLISION WITH PEDESTRIAN,OTHER,NONE,DUSK,CLOUDY,WET
13984,34759181,MONROE,Rochester,1,,Y,43.1757860,-77.6012880,4/27/13,15:30,INJURY,1,0,1,COLLISION WITH BICYCLIST,OTHER,STOP SIGN,DAYLIGHT,CLEAR,DRY
13984,34713552,MONROE,Henrietta,3,253 43011060,Y,43.0586740,-77.6520820,3/28/13,7:53,PROPERTY DAMAGE AND INJURY,2,0,2,COLLISION WITH MOTOR VEHICLE,LEFT TURN (AGAINST OTHER CAR),TRAFFIC SIGNAL,DAYLIGHT,RAIN,WET
13984,35359525,MONROE,Webster,3,404 43035084,Y,43.2086200,-77.4609770,8/10/14,7:19,INJURY,1,0,1,COLL. W/LIGHT SUPPORT/UTILITY POLE,OTHER,TRAFFIC SIGNAL,DAYLIGHT,CLEAR,DRY
13984,34883918,MONROE,Irondequoit,3,,Y,43.2046940,-77.6092430,8/9/13,23:30,PROPERTY DAMAGE AND INJURY,1,0,1,COLL. W/LIGHT SUPPORT/UTILITY POLE,OTHER,NONE,DARK-ROAD LIGHTED,CLOUDY,DRY
13984,34793916,MONROE,Penfield,3,404 43035054,N,43.1857825,-77.5060748,5/25/13,21:46,INJURY,1,0,1,COLLISION WITH PEDESTRIAN,OTHER,NONE,DARK-ROAD UNLIGHTED,CLEAR,DRY
13984,35301979,MONROE,Rochester,1,,N,43.1676989,-77.5758831,6/21/14,20:18,PROPERTY DAMAGE AND INJURY,1,0,1,COLL. W/LIGHT SUPPORT/UTILITY POLE,OTHER,NONE,DUSK,CLEAR,DRY
13984,35518853,MONROE,Henrietta,3,,N,43.0865607,-77.6766839,12/7/14,17:29,INJURY,1,0,1,COLLISION WITH PEDESTRIAN,OTHER,NONE,DUSK,CLEAR,DRY
13984,34867769,MONROE,Parma,3,104 43031122,N,43.2188808,-77.7629131,7/26/13,18:07,PROPERTY DAMAGE AND INJURY,2,0,3,COLLISION WITH MOTOR VEHICLE,OTHER,NONE,DAYLIGHT,CLEAR,DRY
13984,34780791,MONROE,Rochester,1,490I43022055,N,43.1432889,-77.5751932,5/13/13,17:56,PROPERTY DAMAGE AND INJURY,1,0,4,COLLISION WITH MOTOR VEHICLE,OTHER,NONE,DAYLIGHT,CLOUDY,DRY
13984,34821195,MONROE,Brighton,3, 15 43031124,Y,43.1075990,-77.6260821,6/20/13,9:23,PROPERTY DAMAGE AND INJURY,1,0,2,COLLISION WITH MOTOR VEHICLE,RIGHT ANGLE,NONE,DAYLIGHT,CLEAR,DRY
13984,35323129,MONROE,Rochester,1,,Y,43.2435040,-77.6187740,7/6/14,18:06,PROPERTY DAMAGE AND INJURY,2,0,2,COLLISION WITH MOTOR VEHICLE,LEFT TURN (AGAINST OTHER CAR),STOP SIGN,DAYLIGHT,CLEAR,DRY
13984,34844292,MONROE,Rochester,1,490I43022045,N,43.1418527,-77.5940071,7/6/13,9:52,PROPERTY DAMAGE AND INJURY,1,0,2,COLLISION WITH MOTOR VEHICLE,REAR END,TRAFFIC SIGNAL,DAYLIGHT,CLEAR,DRY
13984,34827018,MONROE,Rochester,1, 31 43032049,Y,43.1458620,-77.5924981,6/20/13,17:25,INJURY,1,0,2,COLLISION WITH MOTOR VEHICLE,REAR END,NONE,DAYLIGHT,CLEAR,DRY
13984,35227757,MONROE,Rochester,1,,N,43.1408716,-77.6293296,4/19/14,21:48,INJURY,1,0,1,COLLISION WITH PEDESTRIAN,OTHER,NONE,DARK-ROAD LIGHTED,CLEAR,DRY
13984,35405129,MONROE,Henrietta,3, 15 43031114,Y,43.0940130,-77.6330760,6/10/14,20:00,PROPERTY DAMAGE AND INJURY,1,0,2,COLLISION WITH MOTOR VEHICLE,REAR END,UNKNOWN,DAYLIGHT,CLEAR,UNKNOWN
13984,34728290,MONROE,Henrietta,3, 15 43031095,Y,43.0679840,-77.6470220,4/9/13,19:42,PROPERTY DAMAGE AND INJURY,1,0,2,COLLISION WITH MOTOR VEHICLE,LEFT TURN (WITH OTHER CAR),TRAFFIC SIGNAL,DARK-ROAD LIGHTED,RAIN,WET
13984,35227666,MONROE,Greece,3,,N,43.2177639,-77.6532191,4/17/14,17:34,PROPERTY DAMAGE AND INJURY,1,0,3,COLLISION WITH MOTOR VEHICLE,OTHER,NONE,DAYLIGHT,CLEAR,DRY
13984,35273984,MONROE,Webster,3,,N,43.2143603,-77.4751209,5/28/14,21:39,INJURY,1,0,2,COLLISION WITH MOTOR VEHICLE,HEAD ON,TRAFFIC SIGNAL,DARK-ROAD LIGHTED,CLEAR,DRY
13984,35155137,MONROE,Penfield,3,404 43035052,N,43.1829105,-77.5075956,11/27/13,16:30,PROPERTY DAMAGE AND INJURY,1,0,3,COLLISION WITH MOTOR VEHICLE,OTHER,NONE,DUSK,CLOUDY,WET
13984,35164735,MONROE,Ogden,3,,Y,43.1489460,-77.7747190,3/4/14,9:24,PROPERTY DAMAGE AND INJURY,3,0,2,COLLISION WITH MOTOR VEHICLE,REAR END,STOP SIGN,DAYLIGHT,CLOUDY,DRY
13984,35138653,MONROE,Greece,3,,Y,43.2206170,-77.6968210,2/12/14,15:55,PROPERTY DAMAGE AND INJURY,1,0,2,COLLISION WITH MOTOR VEHICLE,REAR END,NONE,DAYLIGHT,CLEAR,DRY
13984,34845130,MONROE,Rochester,1,,Y,43.1359100,-77.6360050,7/2/13,16:00,INJURY,1,0,2,COLLISION WITH MOTOR VEHICLE,REAR END,STOP SIGN,DAYLIGHT,CLOUDY,UNKNOWN
13984,34891429,MONROE,Rochester,1,,Y,43.1707170,-77.5914220,8/6/13,15:42,INJURY,2,0,2,COLLISION WITH MOTOR VEHICLE,RIGHT ANGLE,STOP SIGN,DAYLIGHT,CLEAR,DRY
13984,34705858,MONROE,Gates,3, 33A43021152,N,43.1395120,-77.6680260,3/24/13,15:57,INJURY,1,0,1,COLLISION WITH BICYCLIST,OTHER,TRAFFIC SIGNAL,DAYLIGHT,CLOUDY,DRY
13984,34921511,MONROE,Penfield,3,441 43011038,N,43.1313574,-77.4693315,9/12/13,12:38,PROPERTY DAMAGE AND INJURY,2,0,2,COLLISION WITH MOTOR VEHICLE,REAR END,NONE,DAYLIGHT,CLOUDY,WET
13984,34902372,MONROE,Rochester,1,,Y,43.1583560,-77.6367250,8/21/13,20:44,INJURY,1,0,1,COLLISION WITH BICYCLIST,OTHER,STOP SIGN,DARK-ROAD LIGHTED,CLEAR,DRY
13984,34699583,MONROE,Perinton,3,490I43023090,N,43.0373177,-77.4600101,3/18/13,17:39,PROPERTY DAMAGE AND INJURY,1,0,1,COLL. W/EARTH ELE./ROCK CUT/DITCH,OTHER,NONE,DAYLIGHT,SNOW,SNOW/ICE
13984,35321762,MONROE,Pittsford,3, 31 43033052,N,43.0863015,-77.5020812,7/9/14,9:12,PROPERTY DAMAGE AND INJURY,3,0,3,COLLISION WITH MOTOR VEHICLE,OTHER,NO PASSING ZONE,DAYLIGHT,CLOUDY,DRY
13984,34995601,MONROE,Parma,3,,N,43.2876927,-77.8140099,11/6/13,16:03,INJURY,1,0,1,COLL. W/LIGHT SUPPORT/UTILITY POLE,OTHER,NONE,DAYLIGHT,CLOUDY,DRY
13984,34957826,MONROE,Irondequoit,3,,Y,43.2066320,-77.5787800,10/10/13,19:15,INJURY,1,0,3,COLLISION WITH MOTOR VEHICLE,OTHER,NONE,DARK-ROAD LIGHTED,CLEAR,DRY
13984,35005211,MONROE,Rochester,1,,Y,43.1809380,-77.6394981,11/8/13,14:13,INJURY,1,0,2,COLLISION WITH MOTOR VEHICLE,REAR END,TRAFFIC SIGNAL,DAYLIGHT,CLOUDY,DRY
13984,35459948,MONROE,Irondequoit,3,,Y,43.2110460,-77.5855480,11/6/14,10:50,PROPERTY DAMAGE AND INJURY,1,0,2,COLLISION WITH MOTOR VEHICLE,RIGHT ANGLE,TRAFFIC SIGNAL,DAYLIGHT,RAIN,WET
13984,34730060,MONROE,Greece,3, 18 43031225,N,43.2241475,-77.6419582,4/6/13,11:56,INJURY,1,0,2,COLLISION WITH MOTOR VEHICLE,REAR END,TRAFFIC SIGNAL,DAYLIGHT,CLEAR,DRY
13984,34890456,MONROE,Greece,3,,Y,43.2110178,-77.6774574,8/15/13,17:49,PROPERTY DAMAGE AND INJURY,1,0,2,COLLISION WITH MOTOR VEHICLE,REAR END,NONE,DAYLIGHT,CLEAR,DRY
13984,34883469,MONROE,Rochester,1,,N,43.1837758,-77.6100282,7/23/13,8:51,PROPERTY DAMAGE AND INJURY,1,0,1,COLLISION WITH CURBING,OTHER,NONE,DAYLIGHT,CLEAR,DRY
13984,35395702,MONROE,Gates,3,390 43011006,N,43.1650452,-77.6830576,9/12/14,8:20,PROPERTY DAMAGE AND INJURY,2,0,4,COLLISION WITH MOTOR VEHICLE,OTHER,NONE,DAYLIGHT,RAIN,WET
13984,35031441,MONROE,Rochester,1,,Y,43.1411940,-77.6360160,11/23/13,20:07,INJURY,1,0,2,COLLISION WITH MOTOR VEHICLE,REAR END,STOP SIGN,DARK-ROAD LIGHTED,SNOW,SNOW/ICE
13984,35332982,MONROE,Greece,3,,N,43.2219797,-77.7218758,7/16/14,12:10,INJURY,1,0,2,COLLISION WITH MOTOR VEHICLE,RIGHT ANGLE,NONE,DAYLIGHT,CLEAR,DRY
13984,35509276,MONROE,Hamlin,3, 18 43031027,N,43.2955215,-77.9454074,12/10/14,14:52,INJURY,1,0,1,COLL. W/EARTH ELE./ROCK CUT/DITCH,OTHER,NONE,DAYLIGHT,SNOW,SNOW/ICE
13984,35375003,MONROE,Greece,3,,N,43.1898771,-77.7014834,7/23/14,8:29,INJURY,1,0,1,OTHER NON-COLLISION,OTHER,NONE,DAYLIGHT,CLEAR,DRY
13984,35218289,MONROE,Rochester,1,,Y,43.1828840,-77.6249770,4/8/14,8:00,PROPERTY DAMAGE AND INJURY,1,0,2,COLLISION WITH MOTOR VEHICLE,RIGHT ANGLE,NONE,DAYLIGHT,CLEAR,WET
13984,35301954,MONROE,Gates,3,,N,43.1648082,-77.6987657,6/23/14,12:21,PROPERTY DAMAGE AND INJURY,1,0,2,COLLISION WITH MOTOR VEHICLE,REAR END,NONE,DAYLIGHT,CLEAR,DRY
13984,35158883,MONROE,Chili,3,,Y,43.1090210,-77.6746461,2/26/14,17:05,INJURY,1,0,3,COLLISION WITH MOTOR VEHICLE,OTHER,TRAFFIC SIGNAL,DAYLIGHT,CLEAR,DRY
13984,35488454,MONROE,Greece,3,,N,43.2086197,-77.6959711,11/25/14,9:41,PROPERTY DAMAGE AND INJURY,1,0,2,COLLISION WITH MOTOR VEHICLE,REAR END,NONE,DAYLIGHT,CLOUDY,DRY
13984,35512904,MONROE,Pittsford,3, 65 43031113,N,43.0897895,-77.5435219,12/10/14,12:30,PROPERTY DAMAGE AND INJURY,1,0,3,COLLISION WITH MOTOR VEHICLE,OTHER,NONE,DAYLIGHT,SNOW,SNOW/ICE
13984,35469325,UNKNOWN COUNTY,,0, 64 43021063,N,43.0299685,-77.5155811,11/13/14,17:47,INJURY,1,0,1,COLLISION WITH DEER,OTHER,NONE,DARK-ROAD UNLIGHTED,SNOW,WET
13984,35075362,MONROE,Brighton,3,590I43011008,N,43.1101940,-77.5998880,1/7/14,14:10,INJURY,1,0,1,COLLISION WITH SNOW EMBANKMENT,OTHER,NONE,DAYLIGHT,CLOUDY,SNOW/ICE
13984,34832207,MONROE,Penfield,3,,Y,43.1300060,-77.4948740,6/24/13,17:38,PROPERTY DAMAGE AND INJURY,1,0,2,COLLISION WITH MOTOR VEHICLE,REAR END,TRAFFIC SIGNAL,DAYLIGHT,CLEAR,DRY
13984,34872873,MONROE,Rochester,1, 33 43032022,Y,43.1514300,-77.6310800,5/24/13,14:42,PROPERTY DAMAGE AND INJURY,2,0,2,COLLISION WITH MOTOR VEHICLE,REAR END,NONE,DAYLIGHT,RAIN,WET
13984,34732035,MONROE,Rochester,1,,N,43.1792881,-77.5822071,4/9/13,16:00,INJURY,1,0,1,COLLISION WITH PEDESTRIAN,OTHER,NONE,DAYLIGHT,CLOUDY,DRY
13984,35238355,MONROE,Chili,3,,Y,43.1214559,-77.7456351,4/24/14,11:07,PROPERTY DAMAGE AND INJURY,2,0,2,COLLISION WITH MOTOR VEHICLE,LEFT TURN (WITH OTHER CAR),TRAFFIC SIGNAL,DAYLIGHT,CLEAR,DRY
13984,35307369,MONROE,Greece,3,,N,43.2083455,-77.6959764,6/23/14,7:24,PROPERTY DAMAGE AND INJURY,1,0,2,COLLISION WITH MOTOR VEHICLE,REAR END,TRAFFIC SIGNAL,DAYLIGHT,CLEAR,DRY
13984,35417593,MONROE,Greece,3, 18 43031194,N,43.2528926,-77.6694259,9/29/14,8:38,PROPERTY DAMAGE AND INJURY,1,0,3,COLLISION WITH MOTOR VEHICLE,OTHER,NONE,DAYLIGHT,CLEAR,DRY
13984,35261749,MONROE,Parma,3, 18 43031091,N,43.2874241,-77.8250544,5/11/14,0:26,PROPERTY DAMAGE AND INJURY,2,0,1,COLLISION WITH CULVERT/HEADWALL,OTHER,NONE,DARK-ROAD LIGHTED,CLEAR,DRY
13984,34971034,MONROE,Rochester,1,,Y,43.1713580,-77.6038380,9/29/13,17:54,INJURY,1,0,1,COLLISION WITH BICYCLIST,OTHER,STOP SIGN,DAYLIGHT,CLEAR,DRY
13984,35462548,MONROE,Rochester,1,,Y,43.1658710,-77.5443080,11/7/14,12:55,PROPERTY DAMAGE AND INJURY,2,0,2,COLLISION WITH MOTOR VEHICLE,LEFT TURN (AGAINST OTHER CAR),STOP SIGN,DAYLIGHT,RAIN,WET
13984,35099360,MONROE,Greece,3, 18 43031163,Y,43.2535520,-77.7303181,1/8/14,17:27,PROPERTY DAMAGE AND INJURY,1,0,3,COLLISION WITH MOTOR VEHICLE,OTHER,TRAFFIC SIGNAL,DARK-ROAD LIGHTED,CLOUDY,WET
13984,34852138,MONROE,Perinton,3,,N,43.0759955,-77.4321249,7/9/13,17:15,PROPERTY DAMAGE AND INJURY,3,0,2,COLLISION WITH MOTOR VEHICLE,REAR END,NONE,DAYLIGHT,CLEAR,DRY
13984,34871924,MONROE,Rochester,1,,N,43.1483183,-77.6360622,7/29/13,18:55,INJURY,1,0,2,COLLISION WITH MOTOR VEHICLE,REAR END,TRAFFIC SIGNAL,DAYLIGHT,CLEAR,DRY
13984,35155529,MONROE,Rochester,1,104 43034001,N,43.1960365,-77.5613240,12/24/13,14:10,INJURY,1,0,1,COLLISION WITH GUIDE RAIL,OTHER,UNKNOWN,DAYLIGHT,SNOW,SNOW/ICE
13984,35172575,MONROE,Irondequoit,3,,N,43.1959916,-77.6006700,3/10/14,14:11,INJURY,1,0,2,COLLISION WITH MOTOR VEHICLE,OTHER,NONE,DAYLIGHT,CLOUDY,DRY
13984,35403672,MONROE,Webster,3,,N,43.2592032,-77.4540564,9/20/14,13:17,PROPERTY DAMAGE AND INJURY,2,0,1,COLLISION WITH GUIDERAIL - END,OTHER,NO PASSING ZONE,DAYLIGHT,CLEAR,DRY
13984,35090941,MONROE,Rush,3,,N,42.9471254,-77.7291956,1/14/14,17:51,PROPERTY DAMAGE AND INJURY,1,0,1,OVERTURNED,OTHER,NONE,DARK-ROAD UNLIGHTED,CLOUDY,DRY
13984,35243989,MONROE,Rochester,1,,Y,43.1711740,-77.5741490,4/27/14,19:25,PROPERTY DAMAGE AND INJURY,1,0,2,COLLISION WITH MOTOR VEHICLE,RIGHT ANGLE,STOP SIGN,DAYLIGHT,CLEAR,DRY