QUERYID,CASE #,REGN_CNTY_CDE,Municipality,MUNITYPE,REF_MRKR,ATINTERSECTION_IND,Lat,Long,,Time,Crash Type,Injuries,Fatalities,Number of Vehicles,ACCD_TYP,COLLISION_TYP,TRAF_CNTL,Light Condition,Weather Condition,Road Surface Condition
13984,34819308,MONROE,Pittsford,3, 65 43031111,N,43.0874847,-77.5427032,6/18/13,10:35,PROPERTY DAMAGE AND INJURY,1,0,2,COLLISION WITH MOTOR VEHICLE,OVERTAKING,NONE,DAYLIGHT,CLEAR,DRY
13984,34864539,MONROE,Greece,3,,Y,43.2868480,-77.7145860,7/25/13,13:11,PROPERTY DAMAGE AND INJURY,1,0,2,COLLISION WITH MOTOR VEHICLE,REAR END,STOP SIGN,DAYLIGHT,CLEAR,DRY
13984,35342202,MONROE,Penfield,3,,Y,43.1714891,-77.4749343,7/27/14,14:48,PROPERTY DAMAGE AND INJURY,1,0,2,COLLISION WITH MOTOR VEHICLE,LEFT TURN (AGAINST OTHER CAR),NONE,DAYLIGHT,CLOUDY,DRY
13984,35298254,MONROE,Henrietta,3,252 43011103,N,43.0873046,-77.5711049,6/19/14,15:36,INJURY,1,0,2,COLLISION WITH MOTOR VEHICLE,REAR END,NONE,DAYLIGHT,CLEAR,DRY
13984,35453307,MONROE,Rochester,1,,Y,43.1532440,-77.5953390,9/29/14,9:52,PROPERTY DAMAGE AND INJURY,1,0,1,COLLISION WITH BICYCLIST,OTHER,STOP SIGN,DAYLIGHT,CLEAR,DRY
13984,35568448,MONROE,Rochester,1,,N,43.1536611,-77.6077891,12/3/14,8:44,INJURY,1,0,1,COLLISION WITH PEDESTRIAN,OTHER,NONE,DAYLIGHT,RAIN,WET
13984,35154435,MONROE,Gates,3,,N,43.1655373,-77.6807062,2/25/14,15:45,PROPERTY DAMAGE AND INJURY,2,0,3,COLLISION WITH MOTOR VEHICLE,OTHER,TRAFFIC SIGNAL,DAYLIGHT,CLOUDY,DRY
13984,35275627,MONROE,Irondequoit,3,,Y,43.1953800,-77.5748160,5/27/14,15:30,INJURY,1,0,1,COLLISION WITH PEDESTRIAN,OTHER,NONE,DAYLIGHT,CLOUDY,DRY
13984,35442752,MONROE,Mendon,3, 65 43031034,N,42.9865477,-77.5794663,10/19/14,0:48,PROPERTY DAMAGE AND INJURY,1,0,1,COLL. W/EARTH ELE./ROCK CUT/DITCH,OTHER,NONE,DARK-ROAD UNLIGHTED,RAIN,WET
13984,35439303,MONROE,Greece,3,,Y,43.2088978,-77.6900996,10/20/14,12:30,INJURY,2,0,2,COLLISION WITH MOTOR VEHICLE,REAR END,TRAFFIC SIGNAL,DAYLIGHT,CLOUDY,DRY
13984,34865401,MONROE,Rochester,1,,Y,43.1350250,-77.6360030,7/17/13,20:04,INJURY,1,0,1,COLLISION WITH PEDESTRIAN,OTHER,TRAFFIC SIGNAL,DAYLIGHT,CLEAR,DRY
13984,34998583,MONROE,Penfield,3,441 43011046,N,43.1309727,-77.4527859,10/30/13,17:21,PROPERTY DAMAGE AND INJURY,1,0,2,COLLISION WITH MOTOR VEHICLE,REAR END,NONE,DAYLIGHT,CLEAR,DRY
13984,35149812,MONROE,Riga,3,490I43021074,N,43.0943144,-77.8386488,2/10/14,6:13,PROPERTY DAMAGE AND INJURY,1,0,1,COLLISION WITH SIGN POST,OTHER,NONE,DARK-ROAD LIGHTED,SNOW,SNOW/ICE
13984,35397518,MONROE,Rochester,1,,N,43.1470588,-77.5730507,9/7/14,17:14,PROPERTY DAMAGE AND INJURY,1,0,2,COLLISION WITH MOTOR VEHICLE,REAR END,NONE,DAYLIGHT,CLEAR,DRY
13984,35010461,MONROE,Penfield,3,404 43035055,N,43.1877308,-77.5050473,11/14/13,16:30,PROPERTY DAMAGE AND INJURY,1,0,2,COLLISION WITH MOTOR VEHICLE,LEFT TURN (WITH OTHER CAR),NONE,DAYLIGHT,CLEAR,DRY
13984,34697925,MONROE,Rochester,1,,Y,43.1757720,-77.5778089,3/15/13,9:30,PROPERTY DAMAGE AND INJURY,1,0,2,COLLISION WITH MOTOR VEHICLE,RIGHT ANGLE,NONE,DAYLIGHT,SNOW,WET
13984,34958762,MONROE,Sweden,3,,N,43.1983613,-77.9447797,10/8/13,15:28,PROPERTY DAMAGE AND INJURY,1,0,2,COLLISION WITH MOTOR VEHICLE,LEFT TURN (AGAINST OTHER CAR),NONE,DAYLIGHT,CLEAR,DRY
13984,35063524,MONROE,Greece,3,,Y,43.2082053,-77.6872440,12/20/13,19:35,INJURY,1,0,1,COLLISION WITH PEDESTRIAN,OTHER,NONE,DARK-ROAD LIGHTED,RAIN,WET
13984,34784893,MONROE,Rochester,1,,Y,43.1792120,-77.6590790,5/21/13,13:12,INJURY,2,0,3,COLLISION WITH MOTOR VEHICLE,OTHER,TRAFFIC SIGNAL,DAYLIGHT,CLEAR,DRY
13984,35220444,MONROE,Chili,3, 33A43021087,N,43.0938782,-77.7775216,4/10/14,20:51,INJURY,1,0,1,COLLISION WITH PEDESTRIAN,OTHER,NONE,DARK-ROAD LIGHTED,CLOUDY,DRY
13984,35277517,MONROE,Rochester,1,590I43012004,N,43.1430994,-77.5477639,5/31/14,16:48,PROPERTY DAMAGE AND INJURY,1,0,1,COLLISION WITH SIGN POST,OTHER,NONE,DAYLIGHT,CLEAR,DRY
13984,34877042,MONROE,Rochester,1, 31 43032057,Y,43.1386270,-77.5797490,7/14/13,2:51,PROPERTY DAMAGE AND INJURY,1,0,2,COLLISION WITH MOTOR VEHICLE,REAR END,NONE,DARK-ROAD LIGHTED,CLOUDY,DRY
13984,35323142,MONROE,Rochester,1, 31 43032020,Y,43.1646290,-77.6353780,7/13/14,14:23,PROPERTY DAMAGE AND INJURY,1,0,2,COLLISION WITH MOTOR VEHICLE,REAR END,TRAFFIC SIGNAL,DAYLIGHT,RAIN,WET
13984,35426177,MONROE,Greece,3,,N,43.2057507,-77.6654886,10/4/14,10:38,PROPERTY DAMAGE AND INJURY,1,0,1,COLL. W/LIGHT SUPPORT/UTILITY POLE,OTHER,NO PASSING ZONE,DAYLIGHT,CLOUDY,DRY
13984,35005228,MONROE,Rochester,1, 96 43052026,Y,43.1550410,-77.5944240,11/8/13,10:39,PROPERTY DAMAGE AND INJURY,1,0,3,COLLISION WITH MOTOR VEHICLE,OTHER,TRAFFIC SIGNAL,DAYLIGHT,CLOUDY,WET
13984,35267805,MONROE,Greece,3,,Y,43.2311640,-77.6967500,5/22/14,19:12,PROPERTY DAMAGE AND INJURY,2,0,2,COLLISION WITH MOTOR VEHICLE,REAR END,TRAFFIC SIGNAL,DAYLIGHT,CLEAR,DRY
13984,35455991,MONROE,Gates,3, 33 43031121,Y,43.1470730,-77.7112370,11/4/14,12:09,PROPERTY DAMAGE AND INJURY,2,0,2,COLLISION WITH MOTOR VEHICLE,LEFT TURN (WITH OTHER CAR),TRAFFIC SIGNAL,DAYLIGHT,CLOUDY,DRY
13984,35411016,MONROE,Parma,3,259 43011089,N,43.2198569,-77.7924555,9/24/14,11:24,INJURY,2,0,2,COLLISION WITH MOTOR VEHICLE,REAR END,NONE,DAYLIGHT,CLEAR,DRY
13984,35450188,MONROE,Ogden,3, 36 43031153,N,43.1875796,-77.8542038,10/29/14,18:40,PROPERTY DAMAGE AND INJURY,1,0,3,COLLISION WITH MOTOR VEHICLE,OTHER,TRAFFIC SIGNAL,DARK-ROAD UNLIGHTED,CLOUDY,DRY
13984,34975988,MONROE,Greece,3, 18 43031208,Y,43.2479238,-77.6468165,10/24/13,16:00,PROPERTY DAMAGE AND INJURY,1,0,3,COLLISION WITH MOTOR VEHICLE,OTHER,NONE,DAYLIGHT,CLEAR,WET
13984,35383565,MONROE,Sweden,3,260 43011005,N,43.2050212,-77.8970836,8/28/14,13:24,PROPERTY DAMAGE AND INJURY,1,0,2,COLLISION WITH MOTOR VEHICLE,REAR END,NO PASSING ZONE,DAYLIGHT,CLEAR,DRY
13984,34890052,MONROE,Rochester,1,,Y,43.1540890,-77.6050990,8/9/13,8:36,INJURY,1,0,1,COLLISION WITH BICYCLIST,OTHER,TRAFFIC SIGNAL,DAYLIGHT,RAIN,WET
13984,34751002,MONROE,Rochester,1, 31 43032020,N,43.1646278,-77.6369093,4/27/13,18:00,PROPERTY DAMAGE AND INJURY,1,0,2,COLLISION WITH MOTOR VEHICLE,RIGHT ANGLE,NONE,DAYLIGHT,CLEAR,DRY
13984,35115915,MONROE,Pittsford,3,,Y,43.0542220,-77.4972241,2/1/14,10:20,PROPERTY DAMAGE AND INJURY,1,0,2,COLLISION WITH MOTOR VEHICLE,RIGHT ANGLE,STOP SIGN,DAYLIGHT,CLOUDY,WET
13984,35348145,MONROE,Rochester,1,,Y,43.1631020,-77.5924420,7/17/14,6:28,INJURY,1,0,2,COLLISION WITH MOTOR VEHICLE,RIGHT ANGLE,STOP SIGN,DAYLIGHT,CLEAR,DRY
13984,35065701,MONROE,Rochester,1,,Y,43.1873610,-77.5841050,1/2/14,16:13,INJURY,1,0,1,COLLISION WITH PEDESTRIAN,OTHER,NONE,DAYLIGHT,SNOW,SNOW/ICE
13984,34723613,MONROE,Rochester,1,,Y,43.1617570,-77.6083030,4/4/13,17:38,PROPERTY DAMAGE AND INJURY,1,0,2,COLLISION WITH MOTOR VEHICLE,OVERTAKING,NONE,DAYLIGHT,CLEAR,DRY
13984,34719814,MONROE,Henrietta,3,,N,43.0958321,-77.5838761,4/1/13,12:45,PROPERTY DAMAGE AND INJURY,2,0,3,COLLISION WITH MOTOR VEHICLE,OTHER,NONE,DAYLIGHT,CLOUDY,DRY
13984,34813367,MONROE,Brighton,3,286A43011008,Y,43.1494950,-77.5282600,6/14/13,9:00,INJURY,1,0,2,COLLISION WITH MOTOR VEHICLE,REAR END,FLASHING LIGHT,DAYLIGHT,CLOUDY,DRY
13984,35029941,MONROE,Pittsford,3,,N,43.0372204,-77.4860567,12/4/13,7:37,PROPERTY DAMAGE AND INJURY,1,0,1,COLLISION WITH TREE,OTHER,NONE,DAWN,RAIN,SNOW/ICE
13984,34892398,MONROE,Rochester,1,,Y,43.1555450,-77.5685260,8/13/13,16:15,INJURY,1,0,1,COLLISION WITH BICYCLIST,OTHER,TRAFFIC SIGNAL,DAYLIGHT,CLEAR,DRY
13984,34936720,MONROE,Greece,3,,N,43.2494633,-77.6405976,9/19/13,16:05,PROPERTY DAMAGE AND INJURY,1,0,1,COLLISION WITH BUILDING/WALL,OTHER,NONE,DAYLIGHT,CLEAR,DRY
13984,34987563,MONROE,Chili,3,390I43033001,N,43.1225003,-77.6478048,11/1/13,10:07,PROPERTY DAMAGE AND INJURY,1,0,2,COLLISION WITH MOTOR VEHICLE,REAR END,NONE,DAYLIGHT,CLEAR,DRY
13984,35193125,MONROE,Brighton,3,,Y,43.1159460,-77.5714090,1/31/14,8:30,INJURY,1,0,2,COLLISION WITH MOTOR VEHICLE,REAR END,TRAFFIC SIGNAL,DAYLIGHT,SNOW,WET
13984,35183867,MONROE,Rochester,1, 15A43042003,Y,43.1146882,-77.6161226,3/14/14,11:51,INJURY,1,0,2,COLLISION WITH MOTOR VEHICLE,REAR END,TRAFFIC SIGNAL,DAYLIGHT,CLOUDY,SNOW/ICE
13984,34979914,MONROE,Penfield,3,,N,43.1901215,-77.5040485,10/27/13,0:46,PROPERTY DAMAGE AND INJURY,2,0,1,COLLISION WITH SIGN POST,OTHER,NONE,DARK-ROAD LIGHTED,CLOUDY,DRY
13984,35076642,MONROE,Chili,3,490I43021131,N,43.1223112,-77.7371655,1/8/14,8:45,INJURY,1,0,1,COLL. W/EARTH ELE./ROCK CUT/DITCH,OTHER,NONE,DAYLIGHT,CLEAR,SNOW/ICE
13984,34712844,MONROE,Rochester,1,104 43032018,N,43.1943304,-77.6282270,3/26/13,23:55,PROPERTY DAMAGE AND INJURY,1,0,1,COLLISION WITH CURBING,OTHER,NONE,DARK-ROAD LIGHTED,CLOUDY,DRY
13984,35287945,MONROE,Hamlin,3, 18 43031028,Y,43.2955270,-77.9434250,6/7/14,18:27,INJURY,1,0,2,COLLISION WITH MOTOR VEHICLE,RIGHT ANGLE,STOP SIGN,DAYLIGHT,CLEAR,DRY
13984,35413485,MONROE,Penfield,3,441 43011033,N,43.1292888,-77.4785568,9/24/14,15:50,PROPERTY DAMAGE AND INJURY,1,0,2,COLLISION WITH MOTOR VEHICLE,REAR END,NONE,DAYLIGHT,CLEAR,DRY
13984,35348174,MONROE,Rochester,1,,N,43.1867872,-77.6003200,7/31/14,12:42,PROPERTY DAMAGE AND INJURY,2,0,2,COLLISION WITH MOTOR VEHICLE,OVERTAKING,NONE,DAYLIGHT,CLEAR,DRY
13984,35281755,MONROE,Rochester,1,,Y,43.2034452,-77.6526730,6/4/14,8:37,INJURY,1,0,1,COLLISION WITH BICYCLIST,OTHER,NONE,DAYLIGHT,CLEAR,DRY
13984,34940317,MONROE,Penfield,3,250 43011072,N,43.1388112,-77.4417650,9/26/13,15:24,PROPERTY DAMAGE AND INJURY,1,0,2,COLLISION WITH MOTOR VEHICLE,REAR END,NONE,DAYLIGHT,CLEAR,DRY
13984,35445045,MONROE,Rochester,1,,N,43.1370475,-77.6549759,10/25/14,15:29,INJURY,1,0,2,COLLISION WITH MOTOR VEHICLE,REAR END,NONE,DAYLIGHT,CLOUDY,DRY
13984,34971154,MONROE,Rochester,1,,Y,43.1891580,-77.6388729,10/17/13,17:45,PROPERTY DAMAGE AND INJURY,1,0,3,COLLISION WITH MOTOR VEHICLE,OTHER,NONE,DAYLIGHT,CLEAR,DRY
13984,35453335,MONROE,Rochester,1,,N,43.1927116,-77.6343297,10/16/14,20:14,PROPERTY DAMAGE AND INJURY,1,0,2,COLLISION WITH MOTOR VEHICLE,REAR END,NONE,DARK-ROAD LIGHTED,CLEAR,DRY
13984,34769113,MONROE,Rochester,1,,Y,43.1460640,-77.6054879,5/11/13,13:10,PROPERTY DAMAGE AND INJURY,1,0,2,COLLISION WITH MOTOR VEHICLE,LEFT TURN (AGAINST OTHER CAR),TRAFFIC SIGNAL,DAYLIGHT,CLOUDY,DRY
13984,34823522,MONROE,Rochester,1,,N,43.1813904,-77.5788666,6/23/13,0:34,INJURY,1,0,1,COLLISION WITH BICYCLIST,OTHER,NONE,DARK-ROAD LIGHTED,CLEAR,DRY
13984,35137087,MONROE,Pittsford,3, 31 43033025,N,43.1082839,-77.5440166,1/28/14,18:09,PROPERTY DAMAGE AND INJURY,1,0,2,COLLISION WITH MOTOR VEHICLE,RIGHT ANGLE,TRAFFIC SIGNAL,DARK-ROAD LIGHTED,CLEAR,DRY
13984,35362942,MONROE,Rochester,1, 15 43032001,Y,43.1144870,-77.6225570,5/29/14,0:00,PROPERTY DAMAGE AND INJURY,1,0,2,COLLISION WITH MOTOR VEHICLE,REAR END,TRAFFIC SIGNAL,DAYLIGHT,CLEAR,DRY
13984,35119079,MONROE,Rochester,1,940M43011012,Y,43.1809370,-77.6317380,1/31/14,17:59,INJURY,4,0,5,COLLISION WITH MOTOR VEHICLE,OTHER,TRAFFIC SIGNAL,DARK-ROAD LIGHTED,CLEAR,WET
13984,35435247,MONROE,Chili,3, 33A43021083,Y,43.0934390,-77.7851450,10/18/14,11:07,INJURY,2,0,2,COLLISION WITH MOTOR VEHICLE,REAR END,NONE,DAYLIGHT,CLOUDY,WET
13984,35417550,MONROE,Ogden,3,,N,43.1774321,-77.8156591,9/25/14,7:20,PROPERTY DAMAGE AND INJURY,1,0,2,COLLISION WITH MOTOR VEHICLE,REAR END,NONE,DAWN,CLEAR,DRY
13984,35326137,MONROE,Spencerport,4, 31 43031119,N,43.1821912,-77.8061013,7/10/14,22:31,PROPERTY DAMAGE AND INJURY,2,0,2,COLLISION WITH MOTOR VEHICLE,LEFT TURN (AGAINST OTHER CAR),NO PASSING ZONE,DARK-ROAD LIGHTED,CLOUDY,DRY
13984,35039267,MONROE,Webster,4,,N,43.2163417,-77.4267185,12/12/13,11:06,PROPERTY DAMAGE AND INJURY,1,0,1,COLL. W/EARTH ELE./ROCK CUT/DITCH,OTHER,NONE,DAYLIGHT,CLEAR,WET
13984,35349040,MONROE,Rochester,1,,Y,43.1664790,-77.5812100,6/29/14,16:53,INJURY,1,0,2,COLLISION WITH MOTOR VEHICLE,REAR END,TRAFFIC SIGNAL,DAYLIGHT,CLEAR,DRY
13984,34991203,MONROE,Rochester,1,,Y,43.1468989,-77.6558060,11/4/13,17:50,PROPERTY DAMAGE AND INJURY,1,0,2,COLLISION WITH MOTOR VEHICLE,OVERTAKING,NONE,DARK-ROAD LIGHTED,CLEAR,DRY
13984,35202089,MONROE,Brighton,3,,Y,43.0947577,-77.6135188,3/31/14,16:29,PROPERTY DAMAGE AND INJURY,2,0,2,COLLISION WITH MOTOR VEHICLE,LEFT TURN (WITH OTHER CAR),TRAFFIC SIGNAL,DAYLIGHT,CLEAR,DRY
13984,34738518,MONROE,Brighton,3,,Y,43.1205430,-77.5688980,4/17/13,16:30,INJURY,1,0,2,COLLISION WITH MOTOR VEHICLE,REAR END,NONE,DAYLIGHT,CLEAR,DRY
13984,34764718,MONROE,Greece,3,,N,43.2317763,-77.7422024,5/4/13,8:55,PROPERTY DAMAGE AND INJURY,1,0,2,COLLISION WITH MOTOR VEHICLE,UNKNOWN,NONE,DAYLIGHT,CLEAR,DRY
13984,35489935,MONROE,Perinton,3,,Y,43.0544160,-77.4320831,11/25/14,19:43,PROPERTY DAMAGE AND INJURY,1,0,2,COLLISION WITH MOTOR VEHICLE,RIGHT ANGLE,STOP SIGN,DARK-ROAD LIGHTED,RAIN,WET
13984,35170701,MONROE,Gates,3,390 43011004,N,43.1620903,-77.6820008,2/28/14,9:00,PROPERTY DAMAGE AND INJURY,1,0,4,COLLISION WITH MOTOR VEHICLE,OTHER,NONE,DAYLIGHT,CLEAR,SNOW/ICE
13984,35164583,MONROE,Greece,3,,Y,43.2310930,-77.6590720,2/18/14,16:40,INJURY,1,0,2,COLLISION WITH MOTOR VEHICLE,REAR END,TRAFFIC SIGNAL,DAYLIGHT,CLEAR,WET
13984,35201271,MONROE,Brighton,3,286A43011004,N,43.1492201,-77.5359682,4/1/14,14:23,PROPERTY DAMAGE AND INJURY,2,0,2,COLLISION WITH MOTOR VEHICLE,REAR END,NONE,DAYLIGHT,CLOUDY,DRY
13984,35263096,MONROE,Greece,3,941A43011000,Y,43.2529553,-77.6466962,5/17/14,8:45,PROPERTY DAMAGE AND INJURY,1,0,2,COLLISION WITH MOTOR VEHICLE,REAR END,TRAFFIC SIGNAL,DAYLIGHT,RAIN,WET
13984,35391105,MONROE,Perinton,3,250 43011024,N,43.0698561,-77.4423521,7/23/14,21:56,PROPERTY DAMAGE AND INJURY,1,0,3,COLLISION WITH MOTOR VEHICLE,OTHER,TRAFFIC SIGNAL,DARK-ROAD LIGHTED,CLOUDY,DRY
13984,35339011,MONROE,Greece,3,390 43011035,N,43.2061878,-77.6760278,7/25/14,6:05,PROPERTY DAMAGE AND INJURY,1,0,2,COLLISION WITH MOTOR VEHICLE,REAR END,TRAFFIC SIGNAL,DAYLIGHT,CLEAR,DRY
13984,34785040,MONROE,Irondequoit,3,,N,43.2163889,-77.5475680,5/16/13,20:50,PROPERTY DAMAGE AND INJURY,1,0,2,COLLISION WITH MOTOR VEHICLE,SIDESWIPE,NONE,DARK-ROAD LIGHTED,CLEAR,DRY
13984,35029928,MONROE,Henrietta,3, 15 43031104,Y,43.0809130,-77.6401531,12/3/13,13:32,PROPERTY DAMAGE AND INJURY,1,0,2,COLLISION WITH MOTOR VEHICLE,LEFT TURN (AGAINST OTHER CAR),TRAFFIC SIGNAL,DAYLIGHT,CLEAR,DRY
13984,35306930,MONROE,Penfield,3,441 43011048,N,43.1308595,-77.4486694,6/24/14,17:51,PROPERTY DAMAGE AND INJURY,2,0,2,COLLISION WITH MOTOR VEHICLE,REAR END,NONE,DAYLIGHT,CLOUDY,DRY
13984,35065730,MONROE,Rochester,1,,N,43.1144818,-77.6229313,1/2/14,10:22,PROPERTY DAMAGE AND INJURY,1,0,2,COLLISION WITH MOTOR VEHICLE,RIGHT ANGLE,NONE,DAYLIGHT,SNOW,SNOW/ICE
13984,35254335,MONROE,Perinton,3, 31 43033066,Y,43.0775460,-77.4772940,5/7/14,17:29,PROPERTY DAMAGE AND INJURY,1,0,2,COLLISION WITH MOTOR VEHICLE,REAR END,TRAFFIC SIGNAL,DAYLIGHT,CLEAR,DRY
13984,34940008,MONROE,Rochester,1,104 43032025,N,43.1912769,-77.6156306,9/25/13,15:08,INJURY,1,0,2,COLLISION WITH MOTOR VEHICLE,REAR END,HIGHWAY WORK AREA,DAYLIGHT,CLEAR,DRY
13984,35503537,MONROE,Henrietta,3,252 43011055,N,43.0926101,-77.6634486,11/18/14,12:20,PROPERTY DAMAGE AND INJURY,2,0,2,COLLISION WITH MOTOR VEHICLE,RIGHT ANGLE,NONE,DAYLIGHT,CLEAR,DRY
13984,35156834,MONROE,Rochester,1,383 43012020,Y,43.1426840,-77.6160800,2/27/14,0:18,INJURY,1,0,2,COLLISION WITH MOTOR VEHICLE,HEAD ON,TRAFFIC SIGNAL,DARK-ROAD LIGHTED,CLEAR,DRY
13984,34925911,MONROE,Rochester,1,,Y,43.1591770,-77.6072400,9/12/13,19:04,PROPERTY DAMAGE AND INJURY,1,0,2,COLLISION WITH MOTOR VEHICLE,OVERTAKING,NONE,DAYLIGHT,CLOUDY,WET
13984,34755199,MONROE,Greece,3,,Y,43.2384740,-77.6966480,4/29/13,20:44,INJURY,1,0,2,COLLISION WITH MOTOR VEHICLE,REAR END,TRAFFIC SIGNAL,DARK-ROAD LIGHTED,CLEAR,DRY
13984,34930236,MONROE,Rochester,1,,Y,43.1263290,-77.6463570,9/17/13,8:52,PROPERTY DAMAGE AND INJURY,1,0,2,COLLISION WITH MOTOR VEHICLE,RIGHT ANGLE,STOP SIGN,DAYLIGHT,CLEAR,DRY
13984,35374165,MONROE,Rochester,1,,N,43.1920690,-77.5998900,8/20/14,15:39,INJURY,1,0,1,COLLISION WITH BICYCLIST,OTHER,TRAFFIC SIGNAL,DAYLIGHT,RAIN,WET
13984,35026786,MONROE,Pittsford,3, 31 43033031,N,43.1016190,-77.5370948,11/30/13,10:58,PROPERTY DAMAGE AND INJURY,2,0,2,COLLISION WITH MOTOR VEHICLE,REAR END,TRAFFIC SIGNAL,DAYLIGHT,CLEAR,DRY
13984,35272275,MONROE,Brighton,3,,N,43.1079190,-77.5757470,5/28/14,7:15,PROPERTY DAMAGE AND INJURY,2,0,2,COLLISION WITH MOTOR VEHICLE,OTHER,NONE,DAYLIGHT,CLOUDY,DRY
13984,35327439,UNKNOWN COUNTY,,0,,N,43.1646367,-77.6255875,7/10/14,15:05,PROPERTY DAMAGE AND INJURY,2,0,3,COLLISION WITH MOTOR VEHICLE,OTHER,TRAFFIC SIGNAL,DAYLIGHT,CLEAR,DRY
13984,34768521,MONROE,Henrietta,3, 15 43031113,N,43.0928812,-77.6336893,4/26/13,18:26,INJURY,1,0,1,COLLISION WITH BICYCLIST,OTHER,NONE,DAYLIGHT,CLEAR,DRY
13984,34991220,MONROE,Brighton,3,,Y,43.1257570,-77.5874530,11/5/13,18:52,INJURY,1,0,2,COLLISION WITH MOTOR VEHICLE,REAR END,STOP SIGN,DARK-ROAD LIGHTED,CLEAR,DRY
13984,34846006,MONROE,Rochester,1, 18 43032012,Y,43.2004550,-77.6387230,7/3/13,23:21,INJURY,2,0,2,COLLISION WITH MOTOR VEHICLE,REAR END,TRAFFIC SIGNAL,DARK-ROAD LIGHTED,CLEAR,WET
13984,35371725,MONROE,Brighton,3,590 43011010,N,43.1559769,-77.5384722,8/20/14,8:05,PROPERTY DAMAGE AND INJURY,1,0,2,COLLISION WITH MOTOR VEHICLE,REAR END,NONE,DAYLIGHT,CLOUDY,DRY
13984,35057126,MONROE,Greece,3, 18 43031187,Y,43.2529440,-77.6819080,12/23/13,16:05,PROPERTY DAMAGE AND INJURY,2,0,2,COLLISION WITH MOTOR VEHICLE,RIGHT ANGLE,STOP SIGN,DAYLIGHT,SNOW,WET
13984,34794838,MONROE,Irondequoit,3,,N,43.2274917,-77.5469078,6/1/13,1:15,INJURY,1,0,1,OTHER NON-COLLISION,OTHER,NONE,DARK-ROAD LIGHTED,CLEAR,DRY
13984,34749606,WAYNE,Ontario,3,104 37041000,Y,43.2238330,-77.3752880,4/18/13,18:38,INJURY,1,0,2,COLLISION WITH MOTOR VEHICLE,REAR END,TRAFFIC SIGNAL,DAYLIGHT,CLOUDY,DRY
13984,35418654,MONROE,Greece,3,,Y,43.2039470,-77.6605610,9/9/14,0:28,FATAL,0,1,1,COLLISION WITH CURBING,OTHER,YIELD SIGN,DARK-ROAD LIGHTED,CLEAR,DRY
13984,34925597,MONROE,Parma,3,259 43011106,Y,43.2440680,-77.7915250,9/7/13,14:17,INJURY,1,0,1,COLL. W/LIGHT SUPPORT/UTILITY POLE,OTHER,FLASHING LIGHT,DAYLIGHT,RAIN,WET
13984,35000455,MONROE,Gates,3, 33 43031137,N,43.1499664,-77.6797590,11/12/13,15:38,INJURY,1,0,2,COLLISION WITH MOTOR VEHICLE,REAR END,NONE,DAYLIGHT,CLOUDY,WET
13984,35214048,MONROE,Rochester,1, 31 43032047,N,43.1478540,-77.5952750,3/15/14,18:38,INJURY,1,0,2,COLLISION WITH MOTOR VEHICLE,RIGHT ANGLE,NONE,DAYLIGHT,CLEAR,DRY
13984,35247307,MONROE,Rochester,1,,Y,43.1838400,-77.6081950,5/3/14,23:35,INJURY,1,0,2,COLLISION WITH MOTOR VEHICLE,RIGHT ANGLE,NONE,DARK-ROAD LIGHTED,CLEAR,DRY
13984,35389559,MONROE,Chili,3,,Y,43.1079970,-77.6775471,8/4/14,7:48,PROPERTY DAMAGE AND INJURY,2,0,2,COLLISION WITH MOTOR VEHICLE,REAR END,NONE,DAYLIGHT,CLEAR,WET
13984,35116049,MONROE,Rochester,1,,Y,43.1873610,-77.5841050,1/26/14,13:40,PROPERTY DAMAGE AND INJURY,1,0,2,COLLISION WITH MOTOR VEHICLE,LEFT TURN (WITH OTHER CAR),TRAFFIC SIGNAL,DAYLIGHT,SNOW,WET
13984,35285337,MONROE,Irondequoit,3,,Y,43.2260490,-77.5994090,6/6/14,9:25,INJURY,1,0,1,COLLISION WITH PEDESTRIAN,OTHER,STOP SIGN,DAYLIGHT,CLEAR,DRY
13984,34971115,MONROE,Rochester,1,,Y,43.1422230,-77.6421490,10/15/13,11:39,PROPERTY DAMAGE AND INJURY,1,0,2,COLLISION WITH MOTOR VEHICLE,SIDESWIPE,NONE,DAYLIGHT,CLOUDY,DRY
13984,34904654,MONROE,Rochester,1,,Y,43.2392720,-77.5688730,8/15/13,16:11,PROPERTY DAMAGE AND INJURY,2,0,2,COLLISION WITH MOTOR VEHICLE,LEFT TURN (AGAINST OTHER CAR),STOP SIGN,DAYLIGHT,CLEAR,DRY
13984,34957091,MONROE,Rochester,1,,Y,43.1753730,-77.5951410,10/8/13,11:58,PROPERTY DAMAGE AND INJURY,1,0,2,COLLISION WITH MOTOR VEHICLE,RIGHT ANGLE,TRAFFIC SIGNAL,DAYLIGHT,CLEAR,DRY