QUERYID,CASE #,REGN_CNTY_CDE,Municipality,MUNITYPE,REF_MRKR,ATINTERSECTION_IND,Lat,Long,,Time,Crash Type,Injuries,Fatalities,Number of Vehicles,ACCD_TYP,COLLISION_TYP,TRAF_CNTL,Light Condition,Weather Condition,Road Surface Condition
13984,35221429,MONROE,Rochester,1,,N,43.1812312,-77.5872640,4/9/14,15:28,PROPERTY DAMAGE AND INJURY,2,0,3,COLLISION WITH MOTOR VEHICLE,OTHER,NONE,DAYLIGHT,CLEAR,DRY
13984,35453786,MONROE,Gates,3,940L43011013,Y,43.1498960,-77.6909640,10/31/14,14:22,INJURY,1,0,3,COLLISION WITH MOTOR VEHICLE,OTHER,TRAFFIC SIGNAL,DAYLIGHT,RAIN,WET
13984,35227315,MONROE,Irondequoit,3,104 43033004,N,43.1964389,-77.5769484,4/8/14,13:17,PROPERTY DAMAGE AND INJURY,1,0,2,COLLISION WITH MOTOR VEHICLE,REAR END,YIELD SIGN,DAYLIGHT,RAIN,WET
13984,35456193,MONROE,Rochester,1,,Y,43.1237880,-77.6314790,9/16/14,10:00,PROPERTY DAMAGE AND INJURY,1,0,2,COLLISION WITH MOTOR VEHICLE,REAR END,HIGHWAY WORK AREA,DAYLIGHT,CLOUDY,DRY
13984,35016674,MONROE,Greece,3,,Y,43.2308770,-77.6300730,11/23/13,17:04,PROPERTY DAMAGE AND INJURY,2,0,2,COLLISION WITH MOTOR VEHICLE,SIDESWIPE,NONE,DARK-ROAD LIGHTED,SNOW,SNOW/ICE
13984,35417580,MONROE,Brighton,3, 31 43033017,Y,43.1165120,-77.5537340,10/1/14,7:14,PROPERTY DAMAGE AND INJURY,1,0,2,COLLISION WITH MOTOR VEHICLE,RIGHT ANGLE,TRAFFIC SIGNAL,DARK-ROAD LIGHTED,CLOUDY,DRY
13984,34963842,MONROE,Rush,3, 15A43041023,N,42.9760956,-77.6180310,10/9/13,8:40,PROPERTY DAMAGE AND INJURY,1,0,1,COLLISION WITH DEER,OTHER,NONE,DAYLIGHT,CLEAR,DRY
13984,34698611,MONROE,Greece,3,104 43031160,Y,43.2094740,-77.6936080,3/11/13,13:34,INJURY,1,0,2,COLLISION WITH MOTOR VEHICLE,REAR END,TRAFFIC SIGNAL,DAYLIGHT,CLOUDY,DRY
13984,35039536,MONROE,Wheatland,3,,N,42.9963148,-77.8874433,12/12/13,21:06,PROPERTY DAMAGE AND INJURY,1,0,1,COLL. W/EARTH ELE./ROCK CUT/DITCH,OTHER,NONE,DARK-ROAD UNLIGHTED,SNOW,SNOW/ICE
13984,34751025,MONROE,Rochester,1,,Y,43.1616770,-77.6466429,4/23/13,16:11,INJURY,1,0,2,COLLISION WITH MOTOR VEHICLE,RIGHT ANGLE,STOP SIGN,DAYLIGHT,CLEAR,DRY
13984,34725540,MONROE,Rochester,1,,Y,43.1440080,-77.5747800,4/8/13,15:27,INJURY,1,0,4,COLLISION WITH MOTOR VEHICLE,OTHER,NONE,DAYLIGHT,CLEAR,DRY
13984,35287848,MONROE,Rochester,1,940T43011014,N,43.1601608,-77.5960717,5/23/14,16:40,INJURY,1,0,1,OVERTURNED,OTHER,NONE,DAYLIGHT,CLOUDY,WET
13984,35334530,MONROE,Brighton,3,390I43031129,N,43.1023201,-77.6006683,6/30/14,9:15,INJURY,1,0,2,COLLISION WITH MOTOR VEHICLE,OVERTAKING,NONE,DAYLIGHT,CLEAR,DRY
13984,34995599,MONROE,Perinton,3,490I43023059,N,43.0778374,-77.4845320,10/22/13,17:15,INJURY,1,0,3,COLLISION WITH MOTOR VEHICLE,OTHER,NONE,DAYLIGHT,CLEAR,DRY
13984,35003861,MONROE,Gates,3, 33 43031120,N,43.1466101,-77.7130002,11/14/13,15:59,PROPERTY DAMAGE AND INJURY,1,0,2,COLLISION WITH MOTOR VEHICLE,LEFT TURN (AGAINST OTHER CAR),NONE,DAYLIGHT,CLEAR,DRY
13984,35477709,MONROE,Brighton,3, 15 43031115,N,43.0948644,-77.6326452,11/20/14,17:45,PROPERTY DAMAGE AND INJURY,1,0,2,COLLISION WITH MOTOR VEHICLE,SIDESWIPE,NONE,DARK-ROAD LIGHTED,CLOUDY,WET
13984,35309569,MONROE,Ogden,3,531 43012056,N,43.1611303,-77.7586149,6/19/14,19:17,INJURY,1,0,1,OVERTURNED,OTHER,NONE,DAYLIGHT,CLEAR,DRY
13984,35288568,MONROE,Greece,3, 18 43031215,Y,43.2383400,-77.6468470,6/12/14,15:48,PROPERTY DAMAGE AND INJURY,3,0,3,COLLISION WITH MOTOR VEHICLE,OTHER,TRAFFIC SIGNAL,DAYLIGHT,CLOUDY,DRY
13984,34719261,MONROE,Rochester,1,,Y,43.1565772,-77.6089848,3/2/13,14:53,INJURY,3,0,2,COLLISION WITH MOTOR VEHICLE,REAR END,TRAFFIC SIGNAL,DAYLIGHT,CLOUDY,DRY
13984,35360121,MONROE,Rochester,1,,Y,43.1739640,-77.5725830,8/4/14,13:07,PROPERTY DAMAGE AND INJURY,1,0,2,COLLISION WITH MOTOR VEHICLE,RIGHT ANGLE,STOP SIGN,DAYLIGHT,CLEAR,DRY
13984,34815746,MONROE,Greece,3,390 43011040,N,43.2135989,-77.6748510,6/1/13,23:36,INJURY,2,0,2,COLLISION WITH MOTOR VEHICLE,REAR END,NONE,DARK-ROAD UNLIGHTED,RAIN,WET
13984,35164893,MONROE,Rochester,1,,N,43.1498399,-77.6438404,3/2/14,18:00,PROPERTY DAMAGE AND INJURY,1,0,2,COLLISION WITH MOTOR VEHICLE,LEFT TURN (AGAINST OTHER CAR),NONE,DUSK,CLEAR,SNOW/ICE
13984,35218281,MONROE,Rochester,1,,N,43.1948322,-77.6089305,4/3/14,6:50,PROPERTY DAMAGE AND INJURY,1,0,2,COLLISION WITH MOTOR VEHICLE,OTHER,NONE,DAYLIGHT,CLEAR,DRY
13984,35397137,MONROE,Brighton,3,,Y,43.0947577,-77.6135188,9/13/14,16:06,INJURY,3,0,2,COLLISION WITH MOTOR VEHICLE,RIGHT ANGLE,TRAFFIC SIGNAL,DAYLIGHT,CLEAR,DRY
13984,35208048,MONROE,East Rochester,4,,Y,43.1087020,-77.4917110,4/3/14,8:08,INJURY,1,0,1,COLLISION WITH CULVERT/HEADWALL,OTHER,NONE,DAYLIGHT,CLEAR,DRY
13984,35469349,MONROE,Irondequoit,3,,N,43.1962217,-77.5997873,11/13/14,18:56,INJURY,1,0,1,COLLISION WITH MOTOR VEHICLE,OTHER,NONE,DARK-ROAD LIGHTED,CLOUDY,DRY
13984,35075020,MONROE,Penfield,3,441 43011053,N,43.1307961,-77.4393727,1/2/14,13:55,PROPERTY DAMAGE AND INJURY,2,0,2,COLLISION WITH MOTOR VEHICLE,LEFT TURN (AGAINST OTHER CAR),NONE,DAYLIGHT,SNOW,SNOW/ICE
13984,34705823,MONROE,Sweden,3,,N,43.2089465,-77.8895002,3/22/13,7:18,PROPERTY DAMAGE AND INJURY,2,0,2,COLLISION WITH MOTOR VEHICLE,RIGHT ANGLE,NONE,DAWN,SNOW,SNOW/ICE
13984,35309589,MONROE,Henrietta,3,,N,43.0174630,-77.7086670,6/20/14,14:27,INJURY,1,0,1,COLL. W/LIGHT SUPPORT/UTILITY POLE,OTHER,NONE,DAYLIGHT,CLEAR,DRY
13984,35242860,MONROE,Penfield,3,,Y,43.1285476,-77.4509702,5/2/14,5:32,INJURY,1,0,1,COLLISION WITH PEDESTRIAN,OTHER,NONE,DARK-ROAD UNLIGHTED,CLOUDY,DRY
13984,34794802,MONROE,Henrietta,3,,Y,43.0694170,-77.6894780,5/30/13,17:56,PROPERTY DAMAGE AND INJURY,1,0,3,COLLISION WITH MOTOR VEHICLE,OTHER,NONE,DAYLIGHT,CLEAR,DRY
13984,35220346,MONROE,Brockport,4, 19 43041054,Y,43.2091630,-77.9404281,4/10/14,10:38,PROPERTY DAMAGE AND INJURY,1,0,2,COLLISION WITH MOTOR VEHICLE,RIGHT TURN (AGAINST OTHER CAR),TRAFFIC SIGNAL,DAYLIGHT,CLEAR,DRY
13984,35274035,MONROE,Brighton,3,490I43023012,N,43.1324328,-77.5280816,5/19/14,17:40,PROPERTY DAMAGE AND INJURY,1,0,2,COLLISION WITH MOTOR VEHICLE,REAR END,NONE,DAYLIGHT,CLOUDY,DRY
13984,34892937,MONROE,Rochester,1, 33 43032002,Y,43.1499610,-77.6677002,8/19/13,20:17,PROPERTY DAMAGE AND INJURY,1,0,2,COLLISION WITH MOTOR VEHICLE,REAR END,HIGHWAY WORK AREA,DARK-ROAD LIGHTED,CLEAR,DRY
13984,35167959,MONROE,Rochester,1,,N,43.1518531,-77.6439424,2/27/14,16:27,PROPERTY DAMAGE AND INJURY,3,0,3,COLLISION WITH MOTOR VEHICLE,OTHER,NONE,DAYLIGHT,SNOW,SNOW/ICE
13984,34920060,MONROE,Brighton,3,490I43023016,N,43.1279719,-77.5246245,8/22/13,15:03,INJURY,1,0,2,COLLISION WITH MOTOR VEHICLE,RIGHT ANGLE,NONE,DAYLIGHT,RAIN,WET
13984,34812469,MONROE,Greece,3,,Y,43.1847810,-77.7016120,6/11/13,14:51,INJURY,1,0,2,COLLISION WITH MOTOR VEHICLE,LEFT TURN (AGAINST OTHER CAR),STOP SIGN,DAYLIGHT,CLEAR,DRY
13984,35032016,MONROE,Irondequoit,3,104 43033005,N,43.1964138,-77.5734023,11/27/13,7:52,PROPERTY DAMAGE AND INJURY,2,0,1,COLLISION WITH GUIDE RAIL,OTHER,NONE,DAWN,SNOW,SNOW/ICE
13984,35265853,MONROE,Greece,3,,Y,43.1977970,-77.7012380,5/9/14,16:54,INJURY,1,0,2,COLLISION WITH MOTOR VEHICLE,REAR END,TRAFFIC SIGNAL,DAYLIGHT,CLOUDY,DRY
13984,35037430,MONROE,Rochester,1,,Y,43.1724450,-77.6125230,12/7/13,3:30,PROPERTY DAMAGE AND INJURY,1,0,3,COLLISION WITH MOTOR VEHICLE,OTHER,NONE,DARK-ROAD LIGHTED,CLEAR,DRY
13984,34704140,MONROE,Rochester,1,490I43022025,N,43.1576310,-77.6246854,3/22/13,9:30,INJURY,1,0,1,COLLISION WITH GUIDE RAIL,OTHER,NONE,DAYLIGHT,SNOW,SNOW/ICE
13984,35116119,MONROE,Rochester,1,383 43012012,Y,43.1346310,-77.6295250,1/25/14,14:00,PROPERTY DAMAGE AND INJURY,1,0,3,COLLISION WITH MOTOR VEHICLE,OTHER,STOP SIGN,DAYLIGHT,CLOUDY,WET
13984,35252467,MONROE,Greece,3,,Y,43.2067900,-77.6702260,5/7/14,8:24,PROPERTY DAMAGE AND INJURY,1,0,2,COLLISION WITH MOTOR VEHICLE,REAR END,STOP SIGN,DAYLIGHT,CLEAR,DRY
13984,35311959,MONROE,Webster,3,,N,43.2143949,-77.5055142,6/27/14,6:32,PROPERTY DAMAGE AND INJURY,1,0,2,COLLISION WITH MOTOR VEHICLE,REAR END,NONE,DAYLIGHT,CLEAR,DRY
13984,35392961,MONROE,Webster,3,,Y,43.2086240,-77.4609775,9/9/14,21:02,PROPERTY DAMAGE AND INJURY,1,0,2,COLLISION WITH MOTOR VEHICLE,RIGHT ANGLE,TRAFFIC SIGNAL,DARK-ROAD LIGHTED,CLEAR,DRY
13984,35333099,MONROE,Rochester,1,940M43011020,Y,43.1933460,-77.6291211,7/18/14,8:56,PROPERTY DAMAGE AND INJURY,1,0,2,COLLISION WITH MOTOR VEHICLE,LEFT TURN (WITH OTHER CAR),NONE,DAYLIGHT,CLEAR,DRY
13984,35354769,MONROE,Rochester,1,104 43032021,N,43.1938797,-77.6235002,8/3/14,19:25,PROPERTY DAMAGE AND INJURY,1,0,1,COLLISION WITH CURBING,OTHER,NONE,DAYLIGHT,RAIN,WET
13984,35481834,MONROE,Greece,3,,N,43.2127948,-77.7179900,11/20/14,15:23,PROPERTY DAMAGE AND INJURY,1,0,2,COLLISION WITH MOTOR VEHICLE,OTHER,NONE,DAYLIGHT,CLOUDY,WET
13984,34756861,MONROE,Rochester,1,,Y,43.1512810,-77.6347019,5/2/13,16:43,PROPERTY DAMAGE AND INJURY,1,0,3,COLLISION WITH MOTOR VEHICLE,OTHER,NONE,DAYLIGHT,CLEAR,DRY
13984,35208080,MONROE,Rush,3, 15 43031050,N,43.0064136,-77.6666446,3/23/14,1:25,PROPERTY DAMAGE AND INJURY,2,0,2,COLLISION WITH MOTOR VEHICLE,OVERTAKING,TRAFFIC SIGNAL,DARK-ROAD LIGHTED,SNOW,SNOW/ICE
13984,34767002,MONROE,Rochester,1,,N,43.1938397,-77.6386865,5/2/13,13:59,PROPERTY DAMAGE AND INJURY,1,0,2,COLLISION WITH MOTOR VEHICLE,RIGHT ANGLE,NONE,DAYLIGHT,CLEAR,DRY
13984,34813472,MONROE,Rochester,1,,Y,43.1738520,-77.6590451,6/8/13,16:21,INJURY,1,0,2,COLLISION WITH MOTOR VEHICLE,REAR END,TRAFFIC SIGNAL,DAYLIGHT,CLOUDY,DRY
13984,35226412,MONROE,Rochester,1,,N,43.1309768,-77.6473754,4/16/14,10:10,PROPERTY DAMAGE AND INJURY,1,0,2,COLLISION WITH MOTOR VEHICLE,LEFT TURN (AGAINST OTHER CAR),NONE,DAYLIGHT,CLEAR,DRY
13984,34849011,MONROE,Rochester,1,,Y,43.1507070,-77.5677711,7/9/13,19:41,PROPERTY DAMAGE AND INJURY,2,0,3,COLLISION WITH MOTOR VEHICLE,OTHER,NONE,DUSK,CLOUDY,WET
13984,35006764,MONROE,Rochester,1, 31 43032011,N,43.1646477,-77.6537791,11/16/13,3:10,PROPERTY DAMAGE AND INJURY,1,0,2,COLLISION WITH MOTOR VEHICLE,RIGHT ANGLE,NONE,DARK-ROAD LIGHTED,CLEAR,DRY
13984,34890046,MONROE,Rochester,1,,Y,43.1593770,-77.6541250,8/14/13,12:30,PROPERTY DAMAGE AND INJURY,1,0,2,COLLISION WITH MOTOR VEHICLE,REAR END,TRAFFIC SIGNAL,DAYLIGHT,CLEAR,DRY
13984,35455985,MONROE,Brighton,3,441 43011107,N,43.1257192,-77.5196877,11/4/14,17:26,INJURY,1,0,2,COLLISION WITH MOTOR VEHICLE,REAR END,NONE,DARK-ROAD LIGHTED,CLOUDY,DRY
13984,35500694,MONROE,Gates,3,,Y,43.1548281,-77.7323487,12/4/14,22:40,PROPERTY DAMAGE AND INJURY,1,0,2,COLLISION WITH MOTOR VEHICLE,REAR END,TRAFFIC SIGNAL,DARK-ROAD LIGHTED,CLEAR,DRY
13984,34741252,MONROE,Rochester,1,,N,43.1960370,-77.5613990,4/17/13,6:37,PROPERTY DAMAGE AND INJURY,1,0,2,COLLISION WITH MOTOR VEHICLE,RIGHT ANGLE,TRAFFIC SIGNAL,DAYLIGHT,CLEAR,DRY
13984,35303782,MONROE,Webster,4,,N,43.2158754,-77.4314280,6/19/14,13:37,PROPERTY DAMAGE AND INJURY,1,0,2,COLLISION WITH MOTOR VEHICLE,REAR END,NONE,DAYLIGHT,CLEAR,DRY
13984,34704813,MONROE,Rochester,1,,Y,43.1804960,-77.6108120,3/22/13,3:03,PROPERTY DAMAGE AND INJURY,1,0,2,COLLISION WITH MOTOR VEHICLE,LEFT TURN (AGAINST OTHER CAR),TRAFFIC SIGNAL,DARK-ROAD LIGHTED,SNOW,SNOW/ICE
13984,34750992,MONROE,Rochester,1,,Y,43.1809380,-77.6394981,4/24/13,16:21,PROPERTY DAMAGE AND INJURY,3,0,2,COLLISION WITH MOTOR VEHICLE,REAR END,TRAFFIC SIGNAL,DAYLIGHT,CLOUDY,WET
13984,35395576,MONROE,Greece,3,,Y,43.2236810,-77.6968100,9/8/14,19:25,PROPERTY DAMAGE AND INJURY,1,0,3,COLLISION WITH MOTOR VEHICLE,OTHER,TRAFFIC SIGNAL,DAYLIGHT,CLEAR,DRY
13984,35458940,MONROE,Penfield,3,404 43035057,Y,43.1898660,-77.5039131,10/25/14,21:53,PROPERTY DAMAGE AND INJURY,1,0,1,COLLISION WITH BICYCLIST,OTHER,TRAFFIC SIGNAL,DARK-ROAD LIGHTED,RAIN,WET
13984,35430230,MONROE,Brighton,3,,Y,43.0958442,-77.5819007,9/20/14,16:23,PROPERTY DAMAGE AND INJURY,2,0,2,COLLISION WITH MOTOR VEHICLE,RIGHT ANGLE,TRAFFIC SIGNAL,DAYLIGHT,CLEAR,DRY
13984,35503967,MONROE,Rochester,1,,Y,43.1507980,-77.5911800,11/1/14,2:19,INJURY,1,0,1,COLLISION WITH PEDESTRIAN,OTHER,NONE,DARK-ROAD LIGHTED,RAIN,WET
13984,35488415,MONROE,Perinton,3, 31 43033090,Y,43.0685280,-77.4321410,11/1/14,16:46,PROPERTY DAMAGE AND INJURY,2,0,3,COLLISION WITH MOTOR VEHICLE,OTHER,TRAFFIC SIGNAL,DAYLIGHT,RAIN,WET
13984,35230122,MONROE,Brighton,3, 96 43051087,Y,43.1284510,-77.5289370,4/20/14,12:44,PROPERTY DAMAGE AND INJURY,2,0,3,COLLISION WITH MOTOR VEHICLE,OTHER,TRAFFIC SIGNAL,DAYLIGHT,CLEAR,DRY
13984,34963830,MONROE,Chili,3, 33A43021077,N,43.0931919,-77.7972682,10/16/13,0:27,INJURY,2,0,1,COLLISION WITH CRASH CUSHION,OTHER,NONE,DARK-ROAD LIGHTED,CLEAR,DRY
13984,35349031,MONROE,Rochester,1,,Y,43.1635210,-77.6127490,8/4/14,17:16,INJURY,1,0,1,OTHER NON-COLLISION,OTHER,TRAFFIC SIGNAL,DAYLIGHT,CLOUDY,WET
13984,35285327,MONROE,Rochester,1,,Y,43.1694620,-77.5795830,5/31/14,20:18,PROPERTY DAMAGE AND INJURY,3,0,2,COLLISION WITH MOTOR VEHICLE,REAR END,NONE,DAYLIGHT,CLEAR,DRY
13984,34850679,MONROE,,0,,N,43.1856653,-77.6235570,7/13/13,13:57,INJURY,1,0,1,COLLISION WITH PEDESTRIAN,OTHER,NONE,DAYLIGHT,CLEAR,DRY
13984,35272257,MONROE,Chili,3,252 43011045,Y,43.0927507,-77.6815233,5/24/14,14:47,INJURY,1,0,2,COLLISION WITH MOTOR VEHICLE,REAR END,NONE,DAYLIGHT,CLEAR,DRY
13984,34927462,MONROE,Irondequoit,3,104 43035205,N,43.1967805,-77.5517837,8/30/13,10:12,FATAL,0,1,1,COLLISION WITH TREE,OTHER,NONE,DAYLIGHT,CLEAR,DRY
13984,35050953,MONROE,Henrietta,3,,Y,43.0782230,-77.6287070,12/18/13,17:00,PROPERTY DAMAGE AND INJURY,1,0,3,COLLISION WITH MOTOR VEHICLE,OTHER,TRAFFIC SIGNAL,DARK-ROAD LIGHTED,CLOUDY,DRY
13984,34862846,MONROE,Greece,3,386 43011017,N,43.1997617,-77.7320095,7/12/13,17:14,INJURY,1,0,2,COLLISION WITH MOTOR VEHICLE,REAR END,TRAFFIC SIGNAL,DAYLIGHT,CLEAR,DRY
13984,34757987,MONROE,Perinton,3, 96 43051007,Y,43.0395850,-77.4581180,4/26/13,15:15,PROPERTY DAMAGE AND INJURY,1,0,2,COLLISION WITH MOTOR VEHICLE,REAR END,TRAFFIC SIGNAL,DAYLIGHT,CLEAR,DRY
13984,34690482,MONROE,Henrietta,3,,Y,43.0748620,-77.5848600,3/10/13,12:50,PROPERTY DAMAGE AND INJURY,1,0,2,COLLISION WITH MOTOR VEHICLE,RIGHT ANGLE,STOP SIGN,DAYLIGHT,CLOUDY,DRY
13984,35258602,MONROE,Gates,3,390 43011006,N,43.1653777,-77.6830699,5/8/14,7:46,PROPERTY DAMAGE AND INJURY,1,0,3,COLLISION WITH MOTOR VEHICLE,OTHER,NONE,DAYLIGHT,CLEAR,DRY
13984,35570114,MONROE,Rochester,1,,Y,43.1754410,-77.5912330,12/10/14,13:09,INJURY,1,0,2,COLLISION WITH MOTOR VEHICLE,REAR END,TRAFFIC SIGNAL,DAYLIGHT,SNOW,SNOW/ICE
13984,34998413,MONROE,Henrietta,3,,N,43.0418932,-77.7113230,11/10/13,23:40,PROPERTY DAMAGE AND INJURY,1,0,1,COLLISION WITH DEER,OTHER,NONE,DARK-ROAD UNLIGHTED,CLOUDY,DRY
13984,34875854,MONROE,Sweden,3,,N,43.2110143,-77.8950625,7/7/13,13:53,INJURY,1,0,2,COLLISION WITH MOTOR VEHICLE,REAR END,STOP SIGN,DAYLIGHT,CLEAR,DRY
13984,34862937,MONROE,Henrietta,3, 15 43031114,Y,43.0940130,-77.6330760,7/24/13,19:12,PROPERTY DAMAGE AND INJURY,1,0,2,COLLISION WITH MOTOR VEHICLE,LEFT TURN (AGAINST OTHER CAR),TRAFFIC SIGNAL,DAYLIGHT,CLEAR,DRY
13984,35210953,MONROE,Irondequoit,3,404 43035031,Y,43.1768861,-77.5414595,4/3/14,23:00,INJURY,3,0,2,COLLISION WITH MOTOR VEHICLE,LEFT TURN (WITH OTHER CAR),TRAFFIC SIGNAL,DARK-ROAD LIGHTED,CLOUDY,DRY
13984,35192034,MONROE,Greece,3,947A43021173,N,43.2838862,-77.7012964,3/13/14,15:35,PROPERTY DAMAGE AND INJURY,2,0,3,COLLISION WITH MOTOR VEHICLE,OTHER,NONE,DAYLIGHT,CLEAR,DRY
13984,35115777,MONROE,Brighton,3,490I43023000,N,43.1431819,-77.5471510,1/25/14,19:15,INJURY,1,0,1,COLLISION WITH GUIDE RAIL,OTHER,NONE,DARK-ROAD UNLIGHTED,SNOW,SNOW/ICE
13984,34995596,MONROE,Brighton,3,441 43011107,Y,43.1262860,-77.5199720,11/7/13,17:22,PROPERTY DAMAGE AND INJURY,1,0,3,COLLISION WITH MOTOR VEHICLE,OTHER,TRAFFIC SIGNAL,DUSK,CLOUDY,DRY
13984,34898160,MONROE,Gates,3,390 43011005,N,43.1632131,-77.6824887,8/22/13,13:25,PROPERTY DAMAGE AND INJURY,1,0,1,COLLISION WITH GUIDE RAIL,OTHER,NONE,DAYLIGHT,CLEAR,DRY
13984,35411031,MONROE,Gates,3,,N,43.1644866,-77.7363353,9/13/14,19:52,INJURY,1,0,1,COLLISION WITH BICYCLIST,OTHER,NONE,DARK-ROAD UNLIGHTED,CLOUDY,DRY
13984,35333094,MONROE,Rochester,1,,N,43.2390560,-77.6220447,7/15/14,13:25,PROPERTY DAMAGE AND INJURY,1,0,2,COLLISION WITH MOTOR VEHICLE,OVERTAKING,NONE,DAYLIGHT,CLEAR,DRY
13984,34850687,MONROE,Greece,3,940K43012000,N,43.2048585,-77.6590901,7/14/13,18:29,INJURY,1,0,1,OTHER NON-COLLISION,OTHER,YIELD SIGN,DAYLIGHT,CLEAR,DRY
13984,34925869,MONROE,Rochester,1,,Y,43.1721460,-77.6124340,9/6/13,12:00,PROPERTY DAMAGE AND INJURY,1,0,2,COLLISION WITH MOTOR VEHICLE,REAR END,NONE,DAYLIGHT,CLEAR,DRY
13984,34777153,MONROE,Rochester,1,,N,43.1940838,-77.6269310,5/16/13,9:26,PROPERTY DAMAGE AND INJURY,1,0,3,COLLISION WITH MOTOR VEHICLE,OTHER,NONE,DAYLIGHT,CLEAR,DRY
13984,34704742,MONROE,Greece,3,,Y,43.2064050,-77.6516669,3/20/13,12:34,PROPERTY DAMAGE AND INJURY,2,0,2,COLLISION WITH MOTOR VEHICLE,REAR END,NONE,DAYLIGHT,CLOUDY,DRY
13984,35321749,MONROE,Henrietta,3,,Y,43.0438060,-77.6228221,6/21/14,16:41,INJURY,1,0,1,COLLISION WITH OTHER FIXED OBJECT,OTHER,STOP SIGN,DAYLIGHT,CLEAR,DRY
13984,34766285,MONROE,Rochester,1,,Y,43.1738560,-77.6697341,3/26/13,13:16,PROPERTY DAMAGE AND INJURY,1,0,2,COLLISION WITH MOTOR VEHICLE,RIGHT ANGLE,TRAFFIC SIGNAL,DAYLIGHT,CLEAR,DRY
13984,35381675,MONROE,Rochester,1,,Y,43.1301330,-77.6108911,8/5/14,9:00,INJURY,1,0,2,COLLISION WITH MOTOR VEHICLE,REAR END,TRAFFIC SIGNAL,DAYLIGHT,CLEAR,DRY
13984,35056128,MONROE,Rochester,1,104 43032031,N,43.1917449,-77.6043413,12/18/13,19:00,PROPERTY DAMAGE AND INJURY,1,0,2,COLLISION WITH MOTOR VEHICLE,REAR END,NONE,DARK-ROAD LIGHTED,CLOUDY,DRY
13984,35194513,MONROE,Rochester,1,490I43022069,N,43.1431210,-77.5476340,1/7/14,0:00,INJURY,1,0,1,COLLISION WITH OTHER BARRIER,OTHER,UNKNOWN,DARK-ROAD UNLIGHTED,SNOW,SNOW/ICE
13984,34832171,MONROE,Henrietta,3,252 43011076,Y,43.0870440,-77.6247261,6/26/13,13:42,PROPERTY DAMAGE AND INJURY,1,0,2,COLLISION WITH MOTOR VEHICLE,REAR END,TRAFFIC SIGNAL,DAYLIGHT,CLOUDY,DRY
13984,34967801,MONROE,Brighton,3,,N,43.1150148,-77.6068653,10/17/13,9:45,INJURY,1,0,1,COLLISION WITH PEDESTRIAN,OTHER,OTHER,DAYLIGHT,CLOUDY,DRY
13984,34925532,MONROE,Greece,3,,N,43.1912820,-77.6830881,9/15/13,15:34,PROPERTY DAMAGE AND INJURY,3,0,2,COLLISION WITH MOTOR VEHICLE,LEFT TURN (WITH OTHER CAR),TRAFFIC SIGNAL,DAYLIGHT,CLOUDY,DRY
13984,35439754,MONROE,Rochester,1,,Y,43.1598280,-77.5943320,9/30/14,8:55,PROPERTY DAMAGE AND INJURY,2,0,5,COLLISION WITH MOTOR VEHICLE,OTHER,TRAFFIC SIGNAL,DAYLIGHT,CLEAR,DRY
13984,35291529,MONROE,Rochester,1, 96 43052006,N,43.1462590,-77.5577620,5/14/14,19:53,INJURY,1,0,1,COLLISION WITH BICYCLIST,OTHER,TRAFFIC SIGNAL,DUSK,CLOUDY,WET
13984,35424530,MONROE,Rochester,1,104 43032019,Y,43.1943940,-77.6266909,9/21/14,1:07,INJURY,1,0,1,COLLISION WITH PEDESTRIAN,OTHER,TRAFFIC SIGNAL,DARK-ROAD LIGHTED,CLEAR,DRY
13984,35273877,MONROE,Greece,3,,Y,43.2237380,-77.6404510,5/30/14,16:58,PROPERTY DAMAGE AND INJURY,1,0,3,COLLISION WITH MOTOR VEHICLE,OTHER,NONE,DAYLIGHT,CLEAR,DRY
13984,35164762,MONROE,Brighton,3,,Y,43.1153220,-77.5969890,3/5/14,12:02,INJURY,1,0,3,COLLISION WITH MOTOR VEHICLE,OTHER,TRAFFIC SIGNAL,DAYLIGHT,SNOW,WET
13984,34860561,MONROE,Rochester,1, 31 43032017,N,43.1646317,-77.6415433,6/29/13,12:53,PROPERTY DAMAGE AND INJURY,2,0,2,COLLISION WITH MOTOR VEHICLE,REAR END,NONE,DAYLIGHT,CLEAR,DRY
13984,34741256,MONROE,Irondequoit,3,,Y,43.1990780,-77.5770220,4/19/13,21:40,INJURY,1,0,2,COLLISION WITH MOTOR VEHICLE,REAR END,TRAFFIC SIGNAL,DARK-ROAD LIGHTED,CLOUDY,DRY
13984,35305528,MONROE,Rochester,1,,Y,43.1648640,-77.5634850,6/23/14,21:51,PROPERTY DAMAGE AND INJURY,1,0,2,COLLISION WITH MOTOR VEHICLE,RIGHT ANGLE,STOP SIGN,DARK-ROAD LIGHTED,CLEAR,DRY