QUERYID,CASE #,REGN_CNTY_CDE,Municipality,MUNITYPE,REF_MRKR,ATINTERSECTION_IND,Lat,Long,,Time,Crash Type,Injuries,Fatalities,Number of Vehicles,ACCD_TYP,COLLISION_TYP,TRAF_CNTL,Light Condition,Weather Condition,Road Surface Condition
13984,35274965,MONROE,Hamlin,3,947A43021023,N,43.3562396,-77.9544388,5/28/14,20:15,PROPERTY DAMAGE AND INJURY,1,0,1,COLLISION WITH DEER,OTHER,NONE,DUSK,CLOUDY,DRY
13984,35420170,MONROE,Pittsford,3, 31F43011000,Y,43.1168600,-77.5167761,10/2/14,7:52,PROPERTY DAMAGE AND INJURY,1,0,2,COLLISION WITH MOTOR VEHICLE,RIGHT ANGLE,TRAFFIC SIGNAL,DAYLIGHT,CLEAR,DRY
13984,34813157,MONROE,Parma,3,261 43011011,N,43.2333172,-77.7520219,6/13/13,21:20,PROPERTY DAMAGE AND INJURY,1,0,2,COLLISION WITH MOTOR VEHICLE,REAR END,NONE,DARK-ROAD UNLIGHTED,CLEAR,DRY
13984,34730163,MONROE,Rochester,1,383 43012013,N,43.1357927,-77.6277910,4/6/13,12:40,INJURY,3,0,2,COLLISION WITH MOTOR VEHICLE,REAR END,NONE,DAYLIGHT,CLEAR,DRY
13984,35265871,MONROE,Rochester,1,,Y,43.1811230,-77.6251860,5/20/14,15:31,PROPERTY DAMAGE AND INJURY,6,0,2,COLLISION WITH MOTOR VEHICLE,RIGHT ANGLE,TRAFFIC SIGNAL,DAYLIGHT,CLOUDY,DRY
13984,34757964,MONROE,Brighton,3,390I43031133,N,43.1110915,-77.6012749,4/30/13,11:06,PROPERTY DAMAGE AND INJURY,1,0,3,COLLISION WITH MOTOR VEHICLE,OTHER,NONE,DAYLIGHT,CLEAR,DRY
13984,34758024,MONROE,Penfield,3,404 43035061,N,43.1965250,-77.5003891,4/23/13,17:30,INJURY,1,0,1,COLLISION WITH PEDESTRIAN,OTHER,NONE,DAYLIGHT,CLEAR,DRY
13984,34872849,MONROE,Rochester,1,940M43011009,Y,43.1767480,-77.6306410,7/20/13,11:35,PROPERTY DAMAGE AND INJURY,1,0,2,COLLISION WITH MOTOR VEHICLE,LEFT TURN (AGAINST OTHER CAR),TRAFFIC SIGNAL,DAYLIGHT,CLOUDY,DRY
13984,35193326,MONROE,Brighton,3,590I43011017,N,43.1074610,-77.5759661,2/5/14,10:15,INJURY,1,0,1,COLL. W/EARTH ELE./ROCK CUT/DITCH,OTHER,UNKNOWN,UNKNOWN,SNOW,SNOW/ICE
13984,34907776,MONROE,Sweden,3, 19 43041013,N,43.1518418,-77.9404890,8/28/13,8:52,PROPERTY DAMAGE AND INJURY,1,0,1,COLLISION WITH OTHER FIXED OBJECT,OTHER,NONE,DAYLIGHT,CLOUDY,DRY
13984,34733274,MONROE,Ogden,3,,Y,43.1553780,-77.7539520,4/12/13,12:05,PROPERTY DAMAGE AND INJURY,2,0,2,COLLISION WITH MOTOR VEHICLE,RIGHT ANGLE,STOP SIGN,DAYLIGHT,RAIN,WET
13984,35365442,MONROE,Irondequoit,3,404 43035034,N,43.1768538,-77.5356915,8/15/14,14:12,INJURY,2,0,2,COLLISION WITH MOTOR VEHICLE,REAR END,NONE,DAYLIGHT,CLOUDY,DRY
13984,34784865,MONROE,Rochester,1,,Y,43.1263650,-77.6426960,5/10/13,19:37,INJURY,1,0,2,COLLISION WITH MOTOR VEHICLE,LEFT TURN (AGAINST OTHER CAR),STOP SIGN,DUSK,RAIN,WET
13984,35509616,MONROE,Rochester,1,940M43011021,N,43.1945489,-77.6288257,12/11/14,13:37,INJURY,1,0,2,COLLISION WITH MOTOR VEHICLE,REAR END,NONE,DAYLIGHT,SNOW,WET
13984,35238350,MONROE,Hilton,4,,N,43.2845352,-77.7859368,4/26/14,2:07,PROPERTY DAMAGE AND INJURY,1,0,1,COLLISION WITH TREE,OTHER,NONE,DARK-ROAD UNLIGHTED,CLEAR,WET
13984,35446085,MONROE,Gates,3,386 43011114,Y,43.1644670,-77.7324211,10/26/14,14:00,PROPERTY DAMAGE AND INJURY,2,0,2,COLLISION WITH MOTOR VEHICLE,HEAD ON,TRAFFIC SIGNAL,DAYLIGHT,CLOUDY,DRY
13984,35260482,MONROE,Rochester,1,,Y,43.2047500,-77.6287060,5/16/14,7:49,PROPERTY DAMAGE AND INJURY,1,0,2,COLLISION WITH MOTOR VEHICLE,REAR END,TRAFFIC SIGNAL,DAYLIGHT,RAIN,WET
13984,35489171,MONROE,Brighton,3, 15 43031122,Y,43.1042450,-77.6277900,11/28/14,1:29,PROPERTY DAMAGE AND INJURY,1,0,2,COLLISION WITH MOTOR VEHICLE,LEFT TURN (AGAINST OTHER CAR),TRAFFIC SIGNAL,DARK-ROAD LIGHTED,CLOUDY,WET
13984,34957791,MONROE,Webster,3,,N,43.2154140,-77.4465880,10/9/13,6:55,PROPERTY DAMAGE AND INJURY,1,0,2,COLLISION WITH MOTOR VEHICLE,HEAD ON,TRAFFIC SIGNAL,DAWN,CLEAR,DRY
13984,35268271,MONROE,Rochester,1,,N,43.1511810,-77.5703730,5/23/14,17:21,INJURY,2,0,2,COLLISION WITH MOTOR VEHICLE,REAR END,TRAFFIC SIGNAL,DAYLIGHT,CLOUDY,WET
13984,34913935,MONROE,Rochester,1,390I43036000,N,43.1281272,-77.6592424,9/7/13,2:30,PROPERTY DAMAGE AND INJURY,2,0,1,OVERTURNED,OTHER,NONE,DARK-ROAD LIGHTED,CLEAR,DRY
13984,34731238,MONROE,Henrietta,3, 15 43031078,Y,43.0457180,-77.6590510,4/10/13,9:30,PROPERTY DAMAGE AND INJURY,1,0,2,COLLISION WITH MOTOR VEHICLE,LEFT TURN (AGAINST OTHER CAR),TRAFFIC SIGNAL,DAYLIGHT,RAIN,WET
13984,35480495,MONROE,Rochester,1,,N,43.1616850,-77.6232450,11/19/14,15:33,INJURY,1,0,2,COLLISION WITH MOTOR VEHICLE,REAR END,TRAFFIC SIGNAL,DAYLIGHT,CLEAR,DRY
13984,35044014,MONROE,Spencerport,4,259 43011066,N,43.1876336,-77.8029200,12/16/13,6:08,PROPERTY DAMAGE AND INJURY,1,0,2,COLLISION WITH MOTOR VEHICLE,HEAD ON,NO PASSING ZONE,DARK-ROAD LIGHTED,SNOW,SNOW/ICE
13984,35065487,MONROE,Greece,3,,Y,43.2454160,-77.6965310,12/20/13,12:28,PROPERTY DAMAGE AND INJURY,2,0,2,COLLISION WITH MOTOR VEHICLE,RIGHT ANGLE,TRAFFIC SIGNAL,DAYLIGHT,RAIN,WET
13984,34927126,MONROE,Webster,3,,N,43.2142729,-77.4612460,9/16/13,16:30,INJURY,1,0,2,COLLISION WITH MOTOR VEHICLE,REAR END,TRAFFIC SIGNAL,DAYLIGHT,CLOUDY,DRY
13984,35179993,MONROE,Pittsford,3,490I43023053,N,43.0842530,-77.4917709,3/13/14,8:56,PROPERTY DAMAGE AND INJURY,1,0,1,COLLISION WITH GUIDE RAIL,OTHER,NONE,DAYLIGHT,CLOUDY,SNOW/ICE
13984,34817855,MONROE,Fairport,4,250 43011049,Y,43.1057425,-77.4418624,6/7/13,17:50,PROPERTY DAMAGE AND INJURY,1,0,3,COLLISION WITH MOTOR VEHICLE,OTHER,NONE,DAYLIGHT,RAIN,WET
13984,34962229,MONROE,Penfield,3,404 43035050,N,43.1810519,-77.5085944,10/14/13,14:12,INJURY,2,0,3,COLLISION WITH MOTOR VEHICLE,OTHER,NONE,DAYLIGHT,CLEAR,DRY
13984,35526130,MONROE,Webster,3,,Y,43.2227015,-77.3872847,12/23/14,14:57,PROPERTY DAMAGE AND INJURY,1,0,2,COLLISION WITH MOTOR VEHICLE,REAR END,TRAFFIC SIGNAL,DAYLIGHT,CLOUDY,DRY
13984,34865986,MONROE,Greece,3,,Y,43.2049020,-77.6965369,7/22/13,20:29,PROPERTY DAMAGE AND INJURY,1,0,2,COLLISION WITH MOTOR VEHICLE,RIGHT ANGLE,TRAFFIC SIGNAL,DARK-ROAD LIGHTED,CLOUDY,DRY
13984,35354991,MONROE,Rochester,1,,Y,43.1409189,-77.6360168,7/27/14,22:00,INJURY,1,0,1,COLLISION WITH PEDESTRIAN,OTHER,NONE,DARK-ROAD LIGHTED,CLEAR,DRY
13984,35226406,MONROE,Rochester,1,,N,43.1938281,-77.6335809,4/13/14,9:53,PROPERTY DAMAGE AND INJURY,1,0,3,COLLISION WITH MOTOR VEHICLE,OTHER,TRAFFIC SIGNAL,DAYLIGHT,CLEAR,DRY
13984,35168754,MONROE,Gates,3, 33 43031104,N,43.1417575,-77.7424354,2/28/14,18:51,INJURY,1,0,2,COLLISION WITH MOTOR VEHICLE,REAR END,NONE,DARK-ROAD UNLIGHTED,CLEAR,DRY
13984,34977253,MONROE,Chili,3, 33A43021106,Y,43.1077140,-77.7450210,10/25/13,15:25,PROPERTY DAMAGE AND INJURY,1,0,2,COLLISION WITH MOTOR VEHICLE,REAR END,TRAFFIC SIGNAL,DAYLIGHT,CLOUDY,DRY
13984,34788150,MONROE,Rochester,1,,Y,43.1831240,-77.6201850,5/19/13,11:43,PROPERTY DAMAGE AND INJURY,1,0,2,COLLISION WITH MOTOR VEHICLE,RIGHT ANGLE,NONE,DAYLIGHT,CLOUDY,DRY
13984,35453035,MONROE,Irondequoit,3,,N,43.1964440,-77.5767859,10/31/14,12:20,PROPERTY DAMAGE AND INJURY,1,0,2,COLLISION WITH MOTOR VEHICLE,RIGHT ANGLE,TRAFFIC SIGNAL,DAYLIGHT,RAIN,WET
13984,35499544,MONROE,Henrietta,3,252 43011073,Y,43.0871380,-77.6296960,11/15/14,8:54,PROPERTY DAMAGE AND INJURY,1,0,2,COLLISION WITH MOTOR VEHICLE,LEFT TURN (WITH OTHER CAR),TRAFFIC SIGNAL,DAYLIGHT,CLEAR,DRY
13984,35339257,MONROE,Greece,3,,N,43.2076270,-77.6911866,7/23/14,14:23,PROPERTY DAMAGE AND INJURY,1,0,2,COLLISION WITH MOTOR VEHICLE,OTHER,NONE,DAYLIGHT,CLOUDY,DRY
13984,35004618,MONROE,Sweden,3,,N,43.1606815,-77.9415137,11/16/13,2:11,PROPERTY DAMAGE AND INJURY,1,0,1,COLLISION WITH DEER,OTHER,NO PASSING ZONE,DARK-ROAD LIGHTED,CLOUDY,DRY
13984,35305551,MONROE,Webster,3,,Y,43.2138180,-77.4612390,6/23/14,14:24,PROPERTY DAMAGE AND INJURY,1,0,2,COLLISION WITH MOTOR VEHICLE,REAR END,TRAFFIC SIGNAL,DAYLIGHT,CLOUDY,DRY
13984,35354463,MONROE,Rochester,1,,N,43.1308821,-77.6570182,7/27/14,22:55,INJURY,1,0,2,COLLISION WITH MOTOR VEHICLE,REAR END,NONE,DARK-ROAD LIGHTED,RAIN,WET
13984,34948843,MONROE,Greece,3,386 43011027,Y,43.2142400,-77.7308580,10/2/13,9:56,PROPERTY DAMAGE AND INJURY,2,0,2,COLLISION WITH MOTOR VEHICLE,RIGHT ANGLE,NONE,DAYLIGHT,CLEAR,DRY
13984,34722178,MONROE,Rochester,1,,Y,43.1460640,-77.6054879,4/3/13,14:50,PROPERTY DAMAGE AND INJURY,1,0,3,COLLISION WITH MOTOR VEHICLE,OTHER,TRAFFIC SIGNAL,DAYLIGHT,CLEAR,DRY
13984,35446052,MONROE,Pittsford,3, 96 43051049,N,43.0826514,-77.5078575,10/27/14,8:29,PROPERTY DAMAGE AND INJURY,1,0,2,COLLISION WITH MOTOR VEHICLE,REAR END,NONE,DAYLIGHT,CLEAR,DRY
13984,35119087,MONROE,Rochester,1,,N,43.1459140,-77.6025080,1/30/14,17:37,INJURY,1,0,1,COLLISION WITH BICYCLIST,OTHER,NONE,DARK-ROAD LIGHTED,CLOUDY,WET
13984,35387848,MONROE,Henrietta,3, 15A43041092,N,43.0582104,-77.6130413,8/13/14,8:18,PROPERTY DAMAGE AND INJURY,1,0,4,COLLISION WITH MOTOR VEHICLE,OTHER,NONE,DAYLIGHT,CLEAR,DRY
13984,34752334,MONROE,Pittsford,3, 31 43033031,N,43.1010156,-77.5363335,4/29/13,10:59,PROPERTY DAMAGE AND INJURY,1,0,2,COLLISION WITH MOTOR VEHICLE,REAR END,TRAFFIC SIGNAL,DAYLIGHT,CLOUDY,DRY
13984,35248768,MONROE,Brockport,4,,Y,43.2182260,-77.9536630,4/26/14,0:52,PROPERTY DAMAGE AND INJURY,1,0,1,COLLISION WITH TREE,OTHER,NONE,DARK-ROAD LIGHTED,CLOUDY,DRY
13984,35002102,MONROE,Perinton,3,490I43023061,N,43.0752228,-77.4821534,11/6/13,17:16,PROPERTY DAMAGE AND INJURY,1,0,4,COLLISION WITH MOTOR VEHICLE,OTHER,NONE,DARK-ROAD UNLIGHTED,CLEAR,DRY
13984,34839390,MONROE,Rochester,1,383 43012014,Y,43.1372020,-77.6256830,7/3/13,16:08,PROPERTY DAMAGE AND INJURY,2,0,2,COLLISION WITH MOTOR VEHICLE,RIGHT ANGLE,TRAFFIC SIGNAL,DAYLIGHT,CLEAR,DRY
13984,35329554,MONROE,Brighton,3,390I43031146,Y,43.1122970,-77.6236169,7/16/14,16:19,PROPERTY DAMAGE AND INJURY,2,0,2,COLLISION WITH MOTOR VEHICLE,LEFT TURN (AGAINST OTHER CAR),TRAFFIC SIGNAL,DAYLIGHT,CLEAR,DRY
13984,35279405,MONROE,Greece,3, 18 43031229,Y,43.2188270,-77.6412770,5/29/14,17:03,PROPERTY DAMAGE AND INJURY,4,0,2,COLLISION WITH MOTOR VEHICLE,RIGHT ANGLE,STOP SIGN,DAYLIGHT,CLEAR,DRY
13984,34773422,MONROE,Brighton,3,590 43011005,N,43.1492740,-77.5401499,5/14/13,16:40,PROPERTY DAMAGE AND INJURY,1,0,2,COLLISION WITH MOTOR VEHICLE,REAR END,NONE,DAYLIGHT,CLOUDY,DRY
13984,34715329,MONROE,Greece,3,,Y,43.2384060,-77.6879240,3/29/13,14:25,PROPERTY DAMAGE AND INJURY,2,0,3,COLLISION WITH MOTOR VEHICLE,OTHER,STOP SIGN,DAYLIGHT,CLEAR,DRY
13984,34946909,MONROE,Penfield,3,,N,43.1736089,-77.4664202,7/17/13,21:07,FATAL,0,1,1,OVERTURNED,OTHER,OTHER,DUSK,CLEAR,DRY
13984,34914041,MONROE,Gates,3,386 43011119,Y,43.1713580,-77.7323820,9/7/13,13:48,INJURY,1,0,2,COLLISION WITH MOTOR VEHICLE,RIGHT ANGLE,STOP SIGN,DAYLIGHT,RAIN,WET
13984,34987600,MONROE,Pittsford,3, 64 43021086,Y,43.0629260,-77.5197380,10/29/13,14:33,PROPERTY DAMAGE AND INJURY,1,0,2,COLLISION WITH MOTOR VEHICLE,RIGHT ANGLE,NO PASSING ZONE,DAYLIGHT,CLOUDY,DRY
13984,35285295,MONROE,Greece,3,,N,43.2236649,-77.6884939,6/7/14,18:01,PROPERTY DAMAGE AND INJURY,1,0,1,COLL. W/LIGHT SUPPORT/UTILITY POLE,OTHER,NONE,DAYLIGHT,CLEAR,DRY
13984,35042066,MONROE,Irondequoit,3,590 43013014,N,43.1866949,-77.5439794,12/13/13,11:20,PROPERTY DAMAGE AND INJURY,1,0,2,COLLISION WITH MOTOR VEHICLE,REAR END,NONE,DAYLIGHT,SNOW,SNOW/ICE
13984,35287889,MONROE,Webster,3,,Y,43.2148482,-77.4466127,4/17/14,17:26,INJURY,1,0,2,COLLISION WITH MOTOR VEHICLE,LEFT TURN (AGAINST OTHER CAR),TRAFFIC SIGNAL,DAYLIGHT,CLEAR,DRY
13984,34969315,MONROE,Irondequoit,3,,N,43.1962268,-77.5923877,10/18/13,13:40,PROPERTY DAMAGE AND INJURY,1,0,2,COLLISION WITH MOTOR VEHICLE,LEFT TURN (WITH OTHER CAR),NONE,DAYLIGHT,CLOUDY,DRY
13984,35236801,MONROE,Henrietta,3,252 43011081,Y,43.0872340,-77.6145961,4/23/14,11:10,PROPERTY DAMAGE AND INJURY,1,0,2,COLLISION WITH MOTOR VEHICLE,RIGHT ANGLE,TRAFFIC SIGNAL,DAYLIGHT,RAIN,WET
13984,34993359,MONROE,Rochester,1,,N,43.1577460,-77.6221790,11/5/13,8:40,INJURY,1,0,2,COLLISION WITH MOTOR VEHICLE,RIGHT ANGLE,STOP SIGN,DAYLIGHT,CLEAR,DRY
13984,35453837,MONROE,Rochester,1,,N,43.1768799,-77.6077297,11/1/14,16:33,INJURY,1,0,1,COLLISION WITH PEDESTRIAN,OTHER,NONE,DAYLIGHT,RAIN,WET
13984,34766968,MONROE,Rochester,1, 15 43032006,N,43.1215830,-77.6189280,5/6/13,14:53,INJURY,1,0,2,COLLISION WITH MOTOR VEHICLE,REAR END,TRAFFIC SIGNAL,DAYLIGHT,CLEAR,DRY
13984,34807727,MONROE,Brighton,3, 15 43031127,N,43.1113111,-77.6241387,6/11/13,16:00,PROPERTY DAMAGE AND INJURY,1,0,2,COLLISION WITH MOTOR VEHICLE,REAR END,STOPPED SCHOOL BUS W/RED LIGHT FLSH,DAYLIGHT,CLOUDY,DRY
13984,35459961,MONROE,Greece,3,,N,43.2224922,-77.6590274,11/6/14,10:52,PROPERTY DAMAGE AND INJURY,2,0,2,COLLISION WITH MOTOR VEHICLE,LEFT TURN (AGAINST OTHER CAR),STOP SIGN,DAYLIGHT,RAIN,WET
13984,35351938,MONROE,Rochester,1,,Y,43.1576190,-77.5906280,8/2/14,12:08,PROPERTY DAMAGE AND INJURY,1,0,2,COLLISION WITH MOTOR VEHICLE,RIGHT ANGLE,NONE,DAYLIGHT,CLEAR,DRY
13984,35290017,MONROE,Rochester,1,,Y,43.1375780,-77.6360020,6/5/14,19:15,PROPERTY DAMAGE AND INJURY,1,0,1,COLLISION WITH PEDESTRIAN,OTHER,STOP SIGN,DAYLIGHT,CLOUDY,DRY
13984,35038366,MONROE,Rochester,1,940T43011005,N,43.1589986,-77.6151853,12/6/13,6:45,PROPERTY DAMAGE AND INJURY,1,0,4,COLLISION WITH MOTOR VEHICLE,OTHER,NONE,DAWN,CLOUDY,WET
13984,35499548,MONROE,Fairport,4,250 43011048,Y,43.1035160,-77.4418900,12/3/14,17:20,INJURY,1,0,1,COLLISION WITH PEDESTRIAN,OTHER,NONE,DARK-ROAD LIGHTED,CLEAR,WET
13984,34819317,MONROE,Gates,3,940L43011000,Y,43.1307470,-77.6897530,6/19/13,14:27,INJURY,3,0,2,COLLISION WITH MOTOR VEHICLE,RIGHT ANGLE,TRAFFIC SIGNAL,DAYLIGHT,CLEAR,DRY
13984,35059085,MONROE,Chili,3,251 43011077,Y,43.0524010,-77.7825710,12/12/13,16:18,INJURY,1,0,1,COLL. W/EARTH ELE./ROCK CUT/DITCH,OTHER,STOP SIGN,DAYLIGHT,SNOW,WET
13984,34930265,MONROE,Rochester,1,,N,43.1861053,-77.5964089,8/20/13,19:41,PROPERTY DAMAGE AND INJURY,1,0,2,COLLISION WITH MOTOR VEHICLE,OVERTAKING,NONE,DUSK,CLEAR,DRY
13984,35116572,MONROE,Mendon,3, 65 43031057,N,43.0175155,-77.5855264,1/19/14,18:15,PROPERTY DAMAGE AND INJURY,1,0,2,COLLISION WITH MOTOR VEHICLE,REAR END,NONE,DARK-ROAD UNLIGHTED,SNOW,SNOW/ICE
13984,35447406,MONROE,Henrietta,3,252 43011085,Y,43.0872620,-77.6070574,10/22/14,14:13,PROPERTY DAMAGE AND INJURY,2,0,2,COLLISION WITH MOTOR VEHICLE,LEFT TURN (WITH OTHER CAR),STOP SIGN,DAYLIGHT,CLOUDY,DRY
13984,34973505,MONROE,Rochester,1,490I43022054,N,43.1429680,-77.5772092,10/1/13,17:31,PROPERTY DAMAGE AND INJURY,1,0,2,COLLISION WITH MOTOR VEHICLE,REAR END,NONE,DUSK,CLEAR,DRY
13984,35024892,UNKNOWN COUNTY,,0, 33 43032019,N,43.1501527,-77.6365391,11/29/13,11:33,INJURY,1,0,2,COLLISION WITH MOTOR VEHICLE,REAR END,TRAFFIC SIGNAL,DAYLIGHT,CLEAR,SNOW/ICE
13984,35569540,MONROE,Rochester,1,,Y,43.1613940,-77.5778890,12/6/14,19:35,PROPERTY DAMAGE AND INJURY,1,0,2,COLLISION WITH MOTOR VEHICLE,RIGHT ANGLE,STOP SIGN,DARK-ROAD LIGHTED,CLOUDY,DRY
13984,34852129,MONROE,Perinton,3,,Y,43.1097030,-77.4633419,7/15/13,21:50,PROPERTY DAMAGE AND INJURY,2,0,2,COLLISION WITH MOTOR VEHICLE,LEFT TURN (AGAINST OTHER CAR),TRAFFIC SIGNAL,DARK-ROAD LIGHTED,CLEAR,DRY
13984,35300683,MONROE,Pittsford,4, 31 43033047,Y,43.0892010,-77.5105550,5/3/14,11:02,PROPERTY DAMAGE AND INJURY,4,0,3,COLLISION WITH MOTOR VEHICLE,OTHER,NONE,DAYLIGHT,RAIN,WET
13984,35008502,MONROE,Brighton,3, 15A43041128,N,43.1078220,-77.6159310,11/12/13,16:39,PROPERTY DAMAGE AND INJURY,1,0,2,COLLISION WITH MOTOR VEHICLE,LEFT TURN (AGAINST OTHER CAR),TRAFFIC SIGNAL,DAYLIGHT,CLOUDY,WET
13984,35394088,MONROE,Irondequoit,3,590 43013005,N,43.1736783,-77.5413070,9/8/14,14:30,PROPERTY DAMAGE AND INJURY,1,0,3,COLLISION WITH MOTOR VEHICLE,OTHER,NONE,DAYLIGHT,CLEAR,DRY
13984,34991228,MONROE,Brighton,3,,Y,43.0947577,-77.6135188,10/25/13,12:45,PROPERTY DAMAGE AND INJURY,3,0,3,COLLISION WITH MOTOR VEHICLE,OTHER,TRAFFIC SIGNAL,DAYLIGHT,CLOUDY,DRY
13984,34830561,MONROE,Penfield,3,404 43035051,N,43.1824008,-77.5078660,6/29/13,18:39,INJURY,3,0,2,COLLISION WITH MOTOR VEHICLE,REAR END,TRAFFIC SIGNAL,DAYLIGHT,CLEAR,DRY
13984,35360133,MONROE,Rochester,1,,Y,43.1416420,-77.6289640,8/9/14,19:58,INJURY,1,0,2,COLLISION WITH MOTOR VEHICLE,RIGHT ANGLE,TRAFFIC SIGNAL,DAYLIGHT,CLEAR,DRY
13984,35515128,MONROE,Penfield,3,441 43011078,N,43.1306965,-77.3908895,12/10/14,15:23,PROPERTY DAMAGE AND INJURY,1,0,3,COLLISION WITH MOTOR VEHICLE,OTHER,NONE,DAYLIGHT,SNOW,SNOW/ICE
13984,34839356,MONROE,Rochester,1, 33A43022007,Y,43.1446690,-77.6529030,7/1/13,18:04,PROPERTY DAMAGE AND INJURY,2,0,3,COLLISION WITH MOTOR VEHICLE,OTHER,NONE,DAYLIGHT,RAIN,WET
13984,34964937,MONROE,Greece,3,,Y,43.2386320,-77.7076760,10/10/13,13:26,PROPERTY DAMAGE AND INJURY,1,0,2,COLLISION WITH MOTOR VEHICLE,RIGHT ANGLE,STOP SIGN,DAYLIGHT,CLOUDY,DRY
13984,34723554,MONROE,Pittsford,3, 31 43033040,N,43.0939136,-77.5232008,4/3/13,17:11,INJURY,2,0,2,COLLISION WITH MOTOR VEHICLE,REAR END,NO PASSING ZONE,DAYLIGHT,CLEAR,DRY
13984,34902412,MONROE,Sweden,3,,N,43.1983602,-77.9444048,8/23/13,13:40,INJURY,3,0,2,COLLISION WITH MOTOR VEHICLE,LEFT TURN (AGAINST OTHER CAR),NONE,DAYLIGHT,CLEAR,DRY
13984,35339233,MONROE,Penfield,3,441 43011043,Y,43.1311690,-77.4593799,7/25/14,11:22,PROPERTY DAMAGE AND INJURY,1,0,1,COLLISION WITH BICYCLIST,OTHER,NONE,DAYLIGHT,CLEAR,DRY
13984,35071388,MONROE,Brighton,3, 96 43051096,N,43.1381232,-77.5403128,1/3/14,21:04,INJURY,1,0,2,COLLISION WITH MOTOR VEHICLE,SIDESWIPE,NO PASSING ZONE,DARK-ROAD LIGHTED,CLEAR,WET
13984,35133688,MONROE,Henrietta,3,390I43031104,N,43.0762213,-77.6266699,2/7/14,17:47,INJURY,1,0,3,COLLISION WITH MOTOR VEHICLE,OTHER,TRAFFIC SIGNAL,DARK-ROAD LIGHTED,CLOUDY,DRY
13984,34958777,MONROE,Gates,3,390I43037008,N,43.1405357,-77.6695695,10/11/13,7:31,PROPERTY DAMAGE AND INJURY,1,0,2,COLLISION WITH MOTOR VEHICLE,REAR END,NONE,DAYLIGHT,CLEAR,DRY
13984,35264377,MONROE,Penfield,3,441 43011041,Y,43.1312400,-77.4639639,5/19/14,20:50,INJURY,1,0,2,COLLISION WITH MOTOR VEHICLE,REAR END,TRAFFIC SIGNAL,DUSK,CLEAR,DRY
13984,35078593,MONROE,Gates,3,390I43037019,N,43.1534415,-77.6806495,1/7/14,12:05,INJURY,1,0,1,COLLISION WITH GUIDE RAIL,OTHER,NONE,DAYLIGHT,SNOW,SNOW/ICE
13984,35503036,MONROE,Rochester,1,,N,43.1423226,-77.5945059,12/3/14,18:41,PROPERTY DAMAGE AND INJURY,1,0,3,COLLISION WITH MOTOR VEHICLE,OTHER,NONE,DARK-ROAD LIGHTED,CLOUDY,WET
13984,34963852,MONROE,Gates,3,,Y,43.1391520,-77.7085890,10/16/13,15:20,INJURY,1,0,1,COLLISION WITH BICYCLIST,OTHER,TRAFFIC SIGNAL,DAYLIGHT,RAIN,WET
13984,34857548,MONROE,Rochester,1,,Y,43.1351290,-77.5986910,7/16/13,7:17,PROPERTY DAMAGE AND INJURY,1,0,2,COLLISION WITH MOTOR VEHICLE,REAR END,NONE,DAYLIGHT,CLEAR,DRY
13984,35321777,MONROE,Brighton,3,,N,43.1270259,-77.5178897,7/10/14,14:26,PROPERTY DAMAGE AND INJURY,1,0,2,COLLISION WITH MOTOR VEHICLE,REAR END,NONE,DAYLIGHT,CLEAR,DRY
13984,35361136,MONROE,Brighton,3,390I43031141,N,43.1078220,-77.6159310,8/11/14,16:52,INJURY,1,0,2,COLLISION WITH MOTOR VEHICLE,REAR END,YIELD SIGN,DAYLIGHT,CLEAR,DRY
13984,34916470,MONROE,Chili,3,251 43011088,N,43.0373293,-77.7788505,8/21/13,17:40,PROPERTY DAMAGE AND INJURY,1,0,1,COLLISION WITH TREE,OTHER,NONE,DAYLIGHT,CLEAR,DRY
13984,35425029,MONROE,Penfield,3,,Y,43.1561790,-77.4752771,10/4/14,17:47,PROPERTY DAMAGE AND INJURY,1,0,2,COLLISION WITH MOTOR VEHICLE,REAR END,NONE,DAYLIGHT,CLOUDY,DRY
13984,35189883,MONROE,Irondequoit,3,,N,43.1953800,-77.5845900,3/21/14,23:20,PROPERTY DAMAGE AND INJURY,2,0,2,COLLISION WITH MOTOR VEHICLE,RIGHT ANGLE,TRAFFIC SIGNAL,DARK-ROAD LIGHTED,CLOUDY,DRY
13984,35525052,MONROE,Webster,3,,Y,43.2148482,-77.4466127,12/20/14,16:22,PROPERTY DAMAGE AND INJURY,1,0,2,COLLISION WITH MOTOR VEHICLE,LEFT TURN (AGAINST OTHER CAR),TRAFFIC SIGNAL,DAYLIGHT,CLOUDY,DRY