QUERYID,CASE #,REGN_CNTY_CDE,Municipality,MUNITYPE,REF_MRKR,ATINTERSECTION_IND,Lat,Long,,Time,Crash Type,Injuries,Fatalities,Number of Vehicles,ACCD_TYP,COLLISION_TYP,TRAF_CNTL,Light Condition,Weather Condition,Road Surface Condition
13984,34808772,MONROE,Irondequoit,3, 47 43013023,N,43.1997816,-77.5481402,6/6/13,18:27,PROPERTY DAMAGE AND INJURY,1,0,2,COLLISION WITH MOTOR VEHICLE,REAR END,HIGHWAY WORK AREA,DAYLIGHT,RAIN,WET
13984,35387172,MONROE,Gates,3,204 43011023,Y,43.1306380,-77.6826560,9/3/14,20:11,PROPERTY DAMAGE AND INJURY,1,0,1,COLLISION WITH BICYCLIST,OTHER,STOP SIGN,DARK-ROAD LIGHTED,CLEAR,DRY
13984,34703021,MONROE,Pittsford,3,,N,43.0542441,-77.5116775,3/21/13,14:39,PROPERTY DAMAGE AND INJURY,1,0,2,COLLISION WITH MOTOR VEHICLE,REAR END,NO PASSING ZONE,DAYLIGHT,CLOUDY,DRY
13984,34890434,MONROE,Greece,3,,Y,43.2191460,-77.6493660,8/16/13,18:10,PROPERTY DAMAGE AND INJURY,4,0,2,COLLISION WITH MOTOR VEHICLE,RIGHT ANGLE,NONE,DAYLIGHT,CLEAR,DRY
13984,34704440,MONROE,Penfield,3,,N,43.1545815,-77.5196220,3/20/13,19:15,PROPERTY DAMAGE AND INJURY,1,0,1,COLLISION WITH GUIDE RAIL,OTHER,NONE,DUSK,CLOUDY,DRY
13984,35332907,MONROE,Rochester,1,,Y,43.1910160,-77.5998220,7/15/14,17:28,PROPERTY DAMAGE AND INJURY,1,0,2,COLLISION WITH MOTOR VEHICLE,RIGHT ANGLE,NONE,DAYLIGHT,CLOUDY,DRY
13984,35493031,MONROE,Brighton,3,390I43031146,Y,43.1122970,-77.6236169,12/1/14,15:28,PROPERTY DAMAGE AND INJURY,1,0,2,COLLISION WITH MOTOR VEHICLE,OVERTAKING,NONE,DAYLIGHT,CLOUDY,DRY
13984,34785579,MONROE,Henrietta,3,390I43031102,N,43.0738494,-77.6306374,5/18/13,12:46,PROPERTY DAMAGE AND INJURY,1,0,1,COLLISION WITH BRIDGE STRUCTURE,OTHER,NONE,DAYLIGHT,CLEAR,DRY
13984,34936796,MONROE,Sweden,3, 19 43041038,N,43.1875988,-77.9443489,9/15/13,17:02,PROPERTY DAMAGE AND INJURY,3,0,3,COLLISION WITH MOTOR VEHICLE,OTHER,NONE,DAYLIGHT,CLOUDY,DRY
13984,34789012,MONROE,Rochester,1, 33 43032014,Y,43.1499690,-77.6464071,5/26/13,20:24,PROPERTY DAMAGE AND INJURY,1,0,2,COLLISION WITH MOTOR VEHICLE,LEFT TURN (WITH OTHER CAR),NONE,DARK-ROAD LIGHTED,CLEAR,DRY
13984,34844614,UNKNOWN COUNTY,,0,,N,43.1567041,-77.6084210,6/27/13,23:13,PROPERTY DAMAGE AND INJURY,1,0,2,COLLISION WITH MOTOR VEHICLE,REAR END,TRAFFIC SIGNAL,DARK-ROAD LIGHTED,RAIN,WET
13984,35046630,MONROE,Penfield,3,441 43011082,N,43.1307790,-77.3846144,12/13/13,13:20,PROPERTY DAMAGE AND INJURY,1,0,1,COLL. W/EARTH ELE./ROCK CUT/DITCH,OTHER,NONE,DAYLIGHT,SNOW,WET
13984,35044057,MONROE,Gates,3, 31 43031176,N,43.1678094,-77.6978240,12/16/13,16:50,PROPERTY DAMAGE AND INJURY,1,0,2,COLLISION WITH MOTOR VEHICLE,REAR END,NONE,DUSK,CLEAR,WET
13984,35414947,MONROE,Rochester,1,,Y,43.1640710,-77.5555969,9/12/14,12:55,INJURY,1,0,1,COLLISION WITH BICYCLIST,OTHER,TRAFFIC SIGNAL,DAYLIGHT,CLEAR,DRY
13984,34819997,MONROE,Rochester,1,104 43032028,N,43.1915191,-77.6096478,6/5/13,22:00,PROPERTY DAMAGE AND INJURY,3,0,2,COLLISION WITH MOTOR VEHICLE,REAR END,NONE,DARK-ROAD LIGHTED,CLOUDY,DRY
13984,34736452,MONROE,Brighton,3, 15A43041125,N,43.1014638,-77.6147661,4/15/13,7:50,PROPERTY DAMAGE AND INJURY,1,0,2,COLLISION WITH MOTOR VEHICLE,OVERTAKING,NONE,DAYLIGHT,CLEAR,DRY
13984,34971060,MONROE,Rochester,1, 96 43052013,Y,43.1495090,-77.5716970,10/19/13,23:24,PROPERTY DAMAGE AND INJURY,2,0,2,COLLISION WITH MOTOR VEHICLE,RIGHT ANGLE,TRAFFIC SIGNAL,DARK-ROAD UNLIGHTED,CLOUDY,WET
13984,35293254,MONROE,Rochester,1,,N,43.1960370,-77.5613990,6/16/14,15:13,INJURY,1,0,2,COLLISION WITH MOTOR VEHICLE,RIGHT TURN (WITH OTHER CAR),TRAFFIC SIGNAL,DAYLIGHT,CLOUDY,DRY
13984,34934633,MONROE,Penfield,3,404 43035057,Y,43.1898660,-77.5039131,9/19/13,12:17,INJURY,1,0,2,COLLISION WITH MOTOR VEHICLE,REAR END,TRAFFIC SIGNAL,DAYLIGHT,CLEAR,DRY
13984,34789025,MONROE,Rochester,1,,Y,43.1744685,-77.6246451,5/21/13,21:58,INJURY,1,0,1,COLLISION WITH CURBING,OTHER,NONE,DARK-ROAD LIGHTED,RAIN,WET
13984,34726676,MONROE,Webster,4,250 43011125,N,43.2140674,-77.4302619,4/8/13,11:12,PROPERTY DAMAGE AND INJURY,1,0,1,OVERTURNED,OTHER,NONE,DAYLIGHT,CLEAR,DRY
13984,35282583,MONROE,Henrietta,3,,Y,43.0258160,-77.7053970,5/31/14,14:02,PROPERTY DAMAGE AND INJURY,2,0,2,COLLISION WITH MOTOR VEHICLE,RIGHT ANGLE,STOP SIGN,DAYLIGHT,CLEAR,DRY
13984,35352620,MONROE,Gates,3, 33 43031120,N,43.1467031,-77.7126477,8/8/14,0:50,INJURY,1,0,1,OTHER NON-COLLISION,OTHER,NONE,DARK-ROAD LIGHTED,CLEAR,DRY
13984,35144762,MONROE,Penfield,3,286 43011082,Y,43.1597083,-77.3847327,2/21/14,3:54,PROPERTY DAMAGE AND INJURY,1,0,1,COLLISION WITH DEER,OTHER,NONE,DARK-ROAD UNLIGHTED,RAIN,WET
13984,34756823,MONROE,Rochester,1,940M43011016,Y,43.1873580,-77.6305510,5/1/13,17:13,PROPERTY DAMAGE AND INJURY,1,0,2,COLLISION WITH MOTOR VEHICLE,REAR END,NONE,DAYLIGHT,CLEAR,DRY
13984,35137048,MONROE,Penfield,3,404 43035046,N,43.1758042,-77.5119050,2/14/14,7:29,PROPERTY DAMAGE AND INJURY,1,0,1,COLLISION WITH GUIDE RAIL,OTHER,NONE,DAWN,CLOUDY,WET
13984,35567710,MONROE,Irondequoit,3,,N,43.2022747,-77.6189766,12/10/14,17:28,INJURY,1,0,2,COLLISION WITH MOTOR VEHICLE,REAR END,NONE,DARK-ROAD LIGHTED,SNOW,SNOW/ICE
13984,34971283,MONROE,Gates,3,,N,43.1388836,-77.6872281,10/18/13,13:53,PROPERTY DAMAGE AND INJURY,1,0,2,COLLISION WITH MOTOR VEHICLE,REAR END,NONE,DAYLIGHT,CLOUDY,DRY
13984,35453795,MONROE,Irondequoit,3,,Y,43.1910550,-77.5625029,10/31/14,12:25,PROPERTY DAMAGE AND INJURY,1,0,2,COLLISION WITH MOTOR VEHICLE,RIGHT ANGLE,STOP SIGN,DAYLIGHT,RAIN,WET
13984,34748916,MONROE,Henrietta,3,,N,43.0847590,-77.6377010,4/26/13,14:29,PROPERTY DAMAGE AND INJURY,1,0,2,COLLISION WITH MOTOR VEHICLE,RIGHT ANGLE,NONE,DAYLIGHT,CLEAR,DRY
13984,34816975,MONROE,Rochester,1,,N,43.1497144,-77.6360829,5/24/13,13:02,PROPERTY DAMAGE AND INJURY,3,0,3,COLLISION WITH MOTOR VEHICLE,OTHER,NONE,DAYLIGHT,RAIN,WET
13984,35387146,MONROE,Greece,3,,Y,43.2579520,-77.6276701,9/3/14,13:47,INJURY,1,0,1,COLLISION WITH BUILDING/WALL,OTHER,NONE,DAYLIGHT,CLEAR,DRY
13984,34882232,MONROE,Chili,3,,N,43.1067050,-77.7132390,8/6/13,17:35,INJURY,1,0,1,COLLISION WITH BICYCLIST,OTHER,STOP SIGN,DAYLIGHT,CLEAR,DRY
13984,34783805,MONROE,Gates,3,386 43011121,Y,43.1747690,-77.7323590,5/22/13,14:43,PROPERTY DAMAGE AND INJURY,1,0,2,COLLISION WITH MOTOR VEHICLE,LEFT TURN (AGAINST OTHER CAR),TRAFFIC SIGNAL,DAYLIGHT,CLOUDY,DRY
13984,35435032,MONROE,Rochester,1,,N,43.1309194,-77.6538843,10/14/14,21:33,PROPERTY DAMAGE AND INJURY,1,0,2,COLLISION WITH MOTOR VEHICLE,RIGHT ANGLE,NONE,DARK-ROAD LIGHTED,CLEAR,DRY
13984,35410789,MONROE,Henrietta,3, 15 43031110,N,43.0881380,-77.6362540,8/25/14,17:58,PROPERTY DAMAGE AND INJURY,1,0,2,COLLISION WITH MOTOR VEHICLE,RIGHT ANGLE,TRAFFIC SIGNAL,DAYLIGHT,CLEAR,DRY
13984,35243992,MONROE,Rochester,1,,Y,43.1493940,-77.5500350,4/23/14,18:50,INJURY,1,0,1,COLLISION WITH BICYCLIST,OTHER,NONE,DAYLIGHT,CLEAR,DRY
13984,35458133,MONROE,Greece,3,386 43011027,N,43.2142685,-77.7318077,11/3/14,12:53,PROPERTY DAMAGE AND INJURY,2,0,2,COLLISION WITH MOTOR VEHICLE,REAR END,TRAFFIC SIGNAL,DAYLIGHT,CLOUDY,DRY
13984,35121202,MONROE,Clarkson,3,104 43031036,N,43.2342891,-77.9317585,1/24/14,10:24,PROPERTY DAMAGE AND INJURY,1,0,2,COLLISION WITH MOTOR VEHICLE,REAR END,NONE,DAYLIGHT,CLEAR,SNOW/ICE
13984,34959232,MONROE,Brighton,3,,N,43.1258948,-77.5659896,10/4/13,7:40,INJURY,1,0,1,COLLISION WITH BICYCLIST,OTHER,SCHOOL ZONE,DAYLIGHT,CLOUDY,WET
13984,35427369,MONROE,Rochester,1,104 43032014,Y,43.1984940,-77.6348780,10/9/14,13:52,PROPERTY DAMAGE AND INJURY,1,0,2,COLLISION WITH MOTOR VEHICLE,RIGHT TURN (WITH OTHER CAR),TRAFFIC SIGNAL,DAYLIGHT,CLEAR,DRY
13984,35068015,MONROE,Henrietta,3,,N,43.0764136,-77.5783219,1/4/14,11:45,INJURY,1,0,2,COLLISION WITH PEDESTRIAN,OTHER,NONE,DAYLIGHT,CLEAR,WET
13984,34857584,MONROE,Rochester,1, 33 43032013,N,43.1499637,-77.6482943,7/17/13,11:22,PROPERTY DAMAGE AND INJURY,1,0,2,COLLISION WITH MOTOR VEHICLE,RIGHT ANGLE,NONE,DAYLIGHT,CLEAR,DRY
13984,35470683,MONROE,Greece,3,,N,43.2190486,-77.6496349,11/12/14,18:38,PROPERTY DAMAGE AND INJURY,2,0,2,COLLISION WITH MOTOR VEHICLE,REAR END,NONE,DARK-ROAD LIGHTED,CLOUDY,DRY
13984,35046072,MONROE,Rochester,1,,Y,43.1900540,-77.6487110,11/28/13,8:10,PROPERTY DAMAGE AND INJURY,1,0,2,COLLISION WITH MOTOR VEHICLE,RIGHT ANGLE,NONE,DAYLIGHT,CLEAR,SNOW/ICE
13984,35263598,MONROE,Rochester,1, 96 43052013,Y,43.1495090,-77.5716970,5/5/14,16:25,INJURY,1,0,2,COLLISION WITH MOTOR VEHICLE,REAR END,TRAFFIC SIGNAL,DAYLIGHT,CLEAR,DRY
13984,35523129,MONROE,Webster,3,404 43035088,N,43.2097080,-77.4533625,12/20/14,15:23,INJURY,2,0,3,COLLISION WITH MOTOR VEHICLE,OTHER,NONE,DAYLIGHT,CLEAR,DRY
13984,35032748,MONROE,Rochester,1,940M43011012,Y,43.1809370,-77.6317380,11/27/13,10:00,INJURY,1,0,2,COLLISION WITH MOTOR VEHICLE,REAR END,TRAFFIC SIGNAL,DAYLIGHT,SNOW,SNOW/ICE
13984,35254446,MONROE,Rochester,1,,N,43.1788795,-77.5951581,5/10/14,21:21,INJURY,1,0,2,COLLISION WITH MOTOR VEHICLE,OVERTAKING,NONE,DARK-ROAD LIGHTED,CLEAR,DRY
13984,35537568,MONROE,Rochester,1,940K43011004,N,43.1573730,-77.6594200,12/30/14,18:47,INJURY,1,0,2,COLLISION WITH MOTOR VEHICLE,LEFT TURN (WITH OTHER CAR),TRAFFIC SIGNAL,DARK-ROAD LIGHTED,CLEAR,DRY
13984,34902396,MONROE,Chili,3, 33A43021124,Y,43.1200130,-77.7150810,8/14/13,8:26,INJURY,2,0,2,COLLISION WITH MOTOR VEHICLE,RIGHT ANGLE,STOP SIGN,DAYLIGHT,CLOUDY,WET
13984,35392977,MONROE,Brockport,4,,N,43.2128459,-77.9565404,8/31/14,2:54,INJURY,1,0,1,COLLISION WITH PEDESTRIAN,OTHER,NONE,DARK-ROAD UNLIGHTED,CLEAR,DRY
13984,34762603,MONROE,Rochester,1, 96 43052004,Y,43.1454380,-77.5553219,4/29/13,8:54,INJURY,2,0,1,COLLISION WITH PEDESTRIAN,OTHER,TRAFFIC SIGNAL,DAYLIGHT,CLEAR,DRY
13984,35435248,MONROE,Gates,3,531 43012058,N,43.1602199,-77.7533908,10/14/14,22:13,INJURY,1,0,1,COLL. W/EARTH ELE./ROCK CUT/DITCH,OTHER,NONE,DARK-ROAD UNLIGHTED,CLOUDY,DRY
13984,34852178,MONROE,Henrietta,3, 15 43031112,N,43.0912923,-77.6345439,7/15/13,17:36,PROPERTY DAMAGE AND INJURY,3,0,2,COLLISION WITH MOTOR VEHICLE,LEFT TURN (AGAINST OTHER CAR),NONE,DAYLIGHT,CLEAR,DRY
13984,35579730,MONROE,Henrietta,3,,N,43.0786961,-77.6290858,12/16/14,18:17,INJURY,1,0,2,COLLISION WITH MOTOR VEHICLE,OVERTAKING,NONE,DARK-ROAD LIGHTED,CLEAR,WET
13984,35218294,MONROE,Rochester,1,,Y,43.1485150,-77.5791860,4/1/14,16:40,PROPERTY DAMAGE AND INJURY,1,0,2,COLLISION WITH MOTOR VEHICLE,RIGHT ANGLE,NONE,DAYLIGHT,CLOUDY,DRY
13984,34779140,MONROE,Greece,3,,N,43.1918654,-77.6807194,5/16/13,17:20,PROPERTY DAMAGE AND INJURY,1,0,2,COLLISION WITH MOTOR VEHICLE,REAR END,NONE,DAYLIGHT,CLEAR,DRY
13984,34730083,MONROE,Chili,3,252 43011046,N,43.0926556,-77.6809548,4/10/13,7:45,PROPERTY DAMAGE AND INJURY,1,0,2,COLLISION WITH MOTOR VEHICLE,REAR END,TRAFFIC SIGNAL,DAYLIGHT,CLOUDY,WET
13984,35342172,MONROE,Rochester,1,,Y,43.1757743,-77.5777153,7/23/14,6:24,INJURY,1,0,1,COLLISION WITH BICYCLIST,OTHER,NONE,DAYLIGHT,CLEAR,DRY
13984,35216238,MONROE,Irondequoit,3, 47 43013018,N,43.1937219,-77.5457540,4/4/14,16:10,PROPERTY DAMAGE AND INJURY,2,0,2,COLLISION WITH MOTOR VEHICLE,REAR END,NONE,DAYLIGHT,RAIN,WET
13984,34803985,MONROE,Rochester,1, 31 43032032,Y,43.1541480,-77.6192820,6/7/13,15:30,INJURY,2,0,2,COLLISION WITH MOTOR VEHICLE,RIGHT ANGLE,NONE,DAYLIGHT,CLOUDY,WET
13984,34915366,MONROE,Rochester,1,,N,43.1419410,-77.5947160,7/19/13,16:55,INJURY,1,0,2,COLLISION WITH MOTOR VEHICLE,LEFT TURN (AGAINST OTHER CAR),TRAFFIC SIGNAL,DAYLIGHT,CLEAR,DRY
13984,35280095,MONROE,Irondequoit,3,,Y,43.2300300,-77.5455710,6/3/14,19:10,INJURY,1,0,1,COLLISION WITH BICYCLIST,OTHER,STOP SIGN,DAYLIGHT,CLEAR,DRY
13984,34925871,MONROE,Rochester,1,,N,43.1916210,-77.6179781,8/30/13,17:24,PROPERTY DAMAGE AND INJURY,1,0,2,COLLISION WITH MOTOR VEHICLE,RIGHT ANGLE,TRAFFIC SIGNAL,DAYLIGHT,CLEAR,DRY
13984,34962189,MONROE,Brighton,3,390I43031146,Y,43.1122970,-77.6236169,10/13/13,20:43,PROPERTY DAMAGE AND INJURY,1,0,2,COLLISION WITH MOTOR VEHICLE,REAR END,TRAFFIC SIGNAL,DARK-ROAD LIGHTED,RAIN,WET
13984,35016084,MONROE,Greece,3,,Y,43.1997010,-77.6999730,11/20/13,12:23,PROPERTY DAMAGE AND INJURY,1,0,2,COLLISION WITH MOTOR VEHICLE,RIGHT TURN (AGAINST OTHER CAR),STOP SIGN,DAYLIGHT,CLEAR,DRY
13984,34860884,MONROE,Perinton,3, 96 43051009,N,43.0409037,-77.4607475,7/15/13,22:04,PROPERTY DAMAGE AND INJURY,1,0,2,COLLISION WITH MOTOR VEHICLE,REAR END,TRAFFIC SIGNAL,DARK-ROAD LIGHTED,CLEAR,DRY
13984,34958196,MONROE,Rochester,1,,Y,43.1170176,-77.6312578,10/10/13,20:18,INJURY,1,0,2,COLLISION WITH MOTOR VEHICLE,REAR END,NONE,DARK-ROAD LIGHTED,CLEAR,DRY
13984,34690607,MONROE,Rochester,1,,Y,43.1709750,-77.6074800,3/7/13,2:13,PROPERTY DAMAGE AND INJURY,1,0,2,COLLISION WITH MOTOR VEHICLE,LEFT TURN (AGAINST OTHER CAR),TRAFFIC SIGNAL,DARK-ROAD LIGHTED,CLOUDY,WET
13984,35100960,MONROE,Henrietta,3,252 43011083,N,43.0871526,-77.6103123,1/20/14,10:53,PROPERTY DAMAGE AND INJURY,1,0,3,COLLISION WITH MOTOR VEHICLE,OTHER,TRAFFIC SIGNAL,DAYLIGHT,SNOW,SNOW/ICE
13984,35204627,MONROE,Rochester,1,,Y,43.1764742,-77.6133637,3/15/14,18:07,INJURY,1,0,1,COLLISION WITH PEDESTRIAN,OTHER,NO PASSING ZONE,DAYLIGHT,CLEAR,DRY
13984,34784807,MONROE,Rochester,1,,Y,43.1866670,-77.6040129,5/19/13,15:30,PROPERTY DAMAGE AND INJURY,2,0,2,COLLISION WITH MOTOR VEHICLE,RIGHT ANGLE,NONE,DAYLIGHT,CLEAR,DRY
13984,35340374,MONROE,Rochester,1,,Y,43.1773340,-77.5952510,7/19/14,0:41,PROPERTY DAMAGE AND INJURY,1,0,2,COLLISION WITH MOTOR VEHICLE,LEFT TURN (WITH OTHER CAR),NONE,DARK-ROAD LIGHTED,CLEAR,DRY
13984,34854735,MONROE,Penfield,3,,Y,43.1824050,-77.5021680,7/12/13,15:55,INJURY,1,0,1,COLLISION WITH BICYCLIST,OTHER,TRAFFIC SIGNAL,DAYLIGHT,CLOUDY,DRY
13984,35213855,MONROE,Rochester,1,,Y,43.1852320,-77.5761590,3/31/14,12:57,INJURY,2,0,2,COLLISION WITH MOTOR VEHICLE,REAR END,NONE,DAYLIGHT,CLEAR,DRY
13984,35499533,MONROE,Penfield,3,286 43011034,Y,43.1535050,-77.4753219,11/22/14,11:15,INJURY,1,0,2,COLLISION WITH MOTOR VEHICLE,REAR END,TRAFFIC SIGNAL,DAYLIGHT,CLEAR,DRY
13984,34783796,MONROE,Henrietta,3,252 43011086,N,43.0872590,-77.6049010,5/17/13,14:41,INJURY,1,0,2,COLLISION WITH MOTOR VEHICLE,REAR END,TRAFFIC SIGNAL,DAYLIGHT,CLEAR,DRY
13984,34766137,MONROE,Henrietta,3, 15A43041108,N,43.0805450,-77.6065516,5/8/13,15:31,PROPERTY DAMAGE AND INJURY,1,0,2,COLLISION WITH MOTOR VEHICLE,REAR END,NONE,DAYLIGHT,CLOUDY,DRY
13984,34869101,MONROE,Brighton,3,,Y,43.1040100,-77.5778180,7/11/13,17:27,PROPERTY DAMAGE AND INJURY,1,0,4,COLLISION WITH MOTOR VEHICLE,OTHER,NONE,DAYLIGHT,CLEAR,DRY
13984,34915719,MONROE,Gates,3,390I43037013,N,43.1459206,-77.6754106,8/27/13,8:20,PROPERTY DAMAGE AND INJURY,3,0,2,COLLISION WITH MOTOR VEHICLE,REAR END,NONE,DAYLIGHT,CLOUDY,DRY
13984,35258638,MONROE,Rochester,1, 31 43032028,Y,43.1581060,-77.6251630,5/10/14,23:40,PROPERTY DAMAGE AND INJURY,2,0,3,COLLISION WITH MOTOR VEHICLE,OTHER,TRAFFIC SIGNAL,DARK-ROAD LIGHTED,RAIN,WET
13984,35037785,MONROE,Webster,4,,N,43.2176899,-77.4197025,12/10/13,16:46,PROPERTY DAMAGE AND INJURY,1,0,2,COLLISION WITH MOTOR VEHICLE,REAR END,YIELD SIGN,DUSK,CLOUDY,DRY
13984,34971104,MONROE,Rochester,1,,Y,43.1437820,-77.6289791,10/19/13,21:25,PROPERTY DAMAGE AND INJURY,1,0,3,COLLISION WITH MOTOR VEHICLE,OTHER,NONE,DARK-ROAD LIGHTED,RAIN,WET
13984,35002111,MONROE,Brighton,3,441 43011104,N,43.1289968,-77.5231028,11/13/13,14:30,PROPERTY DAMAGE AND INJURY,1,0,4,COLLISION WITH MOTOR VEHICLE,OTHER,NONE,DAYLIGHT,CLEAR,DRY
13984,34876908,MONROE,Pittsford,3, 31 43033032,Y,43.1004875,-77.5354747,7/29/13,11:20,PROPERTY DAMAGE AND INJURY,3,0,3,COLLISION WITH MOTOR VEHICLE,OTHER,TRAFFIC SIGNAL,DAYLIGHT,CLEAR,DRY
13984,34723549,MONROE,Perinton,3,250 43011031,N,43.0790744,-77.4419325,3/31/13,16:58,PROPERTY DAMAGE AND INJURY,2,0,2,COLLISION WITH MOTOR VEHICLE,RIGHT ANGLE,TRAFFIC SIGNAL,DAYLIGHT,RAIN,WET
13984,34768829,MONROE,Henrietta,3, 15A43041093,Y,43.0593580,-77.6124210,5/10/13,14:56,PROPERTY DAMAGE AND INJURY,3,0,3,COLLISION WITH MOTOR VEHICLE,OTHER,TRAFFIC SIGNAL,DAYLIGHT,CLEAR,DRY
13984,35384339,MONROE,Rochester,1,,Y,43.1811230,-77.6251860,9/1/14,17:44,PROPERTY DAMAGE AND INJURY,1,0,3,COLLISION WITH MOTOR VEHICLE,OTHER,TRAFFIC SIGNAL,DAYLIGHT,CLEAR,DRY
13984,35516562,MONROE,Rochester,1,,N,43.1460361,-77.6522459,12/13/14,14:49,INJURY,1,0,2,COLLISION WITH MOTOR VEHICLE,REAR END,NONE,DAYLIGHT,CLEAR,SNOW/ICE
13984,35387835,MONROE,Rush,3,,N,42.9671991,-77.7051845,8/15/14,5:57,PROPERTY DAMAGE AND INJURY,1,0,1,COLLISION WITH DEER,OTHER,NONE,DAWN,CLOUDY,DRY
13984,35211347,MONROE,Penfield,3,,Y,43.1351760,-77.5049950,3/12/14,9:40,INJURY,2,0,2,COLLISION WITH MOTOR VEHICLE,REAR END,UNKNOWN,UNKNOWN,UNKNOWN,UNKNOWN
13984,35450967,MONROE,Greece,3,104 43031155,N,43.2101827,-77.7036632,10/30/14,7:12,INJURY,1,0,1,COLLISION WITH SIGN POST,OTHER,NONE,DAWN,CLEAR,DRY
13984,35512118,MONROE,Brighton,3,,Y,43.0947577,-77.6135188,12/12/14,7:55,PROPERTY DAMAGE AND INJURY,1,0,2,COLLISION WITH MOTOR VEHICLE,RIGHT ANGLE,TRAFFIC SIGNAL,DARK-ROAD LIGHTED,CLOUDY,WET
13984,34743446,MONROE,Rochester,1,,Y,43.1811778,-77.6251850,4/19/13,19:06,INJURY,2,0,2,COLLISION WITH MOTOR VEHICLE,REAR END,TRAFFIC SIGNAL,DAYLIGHT,CLOUDY,WET
13984,34825634,MONROE,Rochester,1,,Y,43.1944786,-77.5613476,6/23/13,15:35,INJURY,1,0,2,COLLISION WITH MOTOR VEHICLE,RIGHT ANGLE,NONE,DAYLIGHT,CLEAR,DRY
13984,35387413,MONROE,Gates,3,490I43021161,Y,43.1577780,-77.7129277,8/15/14,13:49,PROPERTY DAMAGE AND INJURY,5,0,2,COLLISION WITH MOTOR VEHICLE,RIGHT ANGLE,OTHER,DAYLIGHT,CLEAR,DRY
13984,35116040,MONROE,Rochester,1,,N,43.1476256,-77.5983806,1/27/14,9:08,PROPERTY DAMAGE AND INJURY,1,0,1,COLLISION WITH PEDESTRIAN,OTHER,NONE,DAYLIGHT,CLEAR,SNOW/ICE
13984,34848815,MONROE,Greece,3,,Y,43.2243800,-77.7240550,7/14/13,13:58,INJURY,1,0,1,COLLISION WITH TREE,OTHER,STOP SIGN,DAYLIGHT,CLEAR,DRY
13984,35425066,MONROE,Greece,3, 18 43031196,Y,43.2528810,-77.6654150,10/7/14,16:14,INJURY,1,0,2,COLLISION WITH MOTOR VEHICLE,LEFT TURN (WITH OTHER CAR),TRAFFIC SIGNAL,DAYLIGHT,CLOUDY,DRY
13984,35339231,MONROE,Perinton,3, 31 43033111,Y,43.0645120,-77.3919690,7/24/14,7:36,INJURY,1,0,2,COLLISION WITH MOTOR VEHICLE,REAR END,STOP SIGN,DAYLIGHT,CLEAR,DRY
13984,34746620,MONROE,Gates,3, 31 43031186,N,43.1646979,-77.6801431,4/24/13,15:46,INJURY,1,0,2,COLLISION WITH MOTOR VEHICLE,REAR END,TRAFFIC SIGNAL,DAYLIGHT,RAIN,WET
13984,35282588,MONROE,Henrietta,3,252 43011075,N,43.0870418,-77.6251003,6/6/14,20:31,INJURY,1,0,2,COLLISION WITH MOTOR VEHICLE,REAR END,NONE,DUSK,CLEAR,DRY
13984,34685242,MONROE,Irondequoit,3,590 43013007,N,43.1771557,-77.5427970,3/3/13,22:25,PROPERTY DAMAGE AND INJURY,1,0,1,COLLISION WITH OTHER BARRIER,OTHER,NONE,DARK-ROAD LIGHTED,SNOW,SNOW/ICE
13984,35267215,MONROE,Pittsford,4, 31 43033042,N,43.0919681,-77.5184894,5/19/14,17:28,PROPERTY DAMAGE AND INJURY,2,0,3,COLLISION WITH MOTOR VEHICLE,OTHER,NONE,DAYLIGHT,CLEAR,DRY
13984,34904732,MONROE,Brighton,3,,N,43.1173778,-77.5962603,8/28/13,10:37,PROPERTY DAMAGE AND INJURY,2,0,2,COLLISION WITH MOTOR VEHICLE,REAR END,NONE,DAYLIGHT,CLOUDY,DRY
13984,34867031,MONROE,Greece,3,,N,43.2280603,-77.6566717,7/18/13,23:20,INJURY,1,0,1,COLLISION WITH PEDESTRIAN,OTHER,NONE,DARK-ROAD LIGHTED,CLOUDY,DRY
13984,34754998,MONROE,Brighton,3, 15A43041128,N,43.1075932,-77.6159180,5/1/13,14:09,PROPERTY DAMAGE AND INJURY,2,0,2,COLLISION WITH MOTOR VEHICLE,REAR END,TRAFFIC SIGNAL,DAYLIGHT,CLEAR,DRY
13984,34859590,MONROE,Irondequoit,3,,Y,43.2048230,-77.5444040,7/19/13,19:04,INJURY,1,0,1,COLLISION WITH BICYCLIST,OTHER,NONE,DAYLIGHT,CLEAR,DRY
13984,35456535,MONROE,Rochester,1,940T43011022,Y,43.1510952,-77.6046303,10/17/14,22:11,PROPERTY DAMAGE AND INJURY,1,0,1,COLLISION WITH GUIDERAIL - END,OTHER,NONE,DARK-ROAD LIGHTED,CLEAR,DRY