QUERYID,CASE #,REGN_CNTY_CDE,Municipality,MUNITYPE,REF_MRKR,ATINTERSECTION_IND,Lat,Long,,Time,Crash Type,Injuries,Fatalities,Number of Vehicles,ACCD_TYP,COLLISION_TYP,TRAF_CNTL,Light Condition,Weather Condition,Road Surface Condition
13984,34751059,MONROE,Rochester,1,,N,43.2490668,-77.6130974,4/22/13,16:32,INJURY,1,0,1,OTHER NON-COLLISION,OTHER,NONE,DAYLIGHT,CLEAR,DRY
13984,35464954,MONROE,Irondequoit,3,,N,43.2155501,-77.5984976,10/17/14,7:59,INJURY,1,0,2,COLLISION WITH MOTOR VEHICLE,REAR END,TRAFFIC SIGNAL,DAYLIGHT,RAIN,WET
13984,35159529,MONROE,Brighton,3,490I43023005,N,43.1388419,-77.5380679,2/26/14,8:30,PROPERTY DAMAGE AND INJURY,1,0,4,COLLISION WITH MOTOR VEHICLE,OTHER,NONE,DAYLIGHT,CLEAR,WET
13984,34697876,MONROE,Penfield,3,286 43011039,N,43.1562055,-77.4671083,3/12/13,4:38,PROPERTY DAMAGE AND INJURY,2,0,1,COLLISION WITH OTHER FIXED OBJECT,OTHER,NONE,DARK-ROAD LIGHTED,CLOUDY,WET
13984,34810372,MONROE,Rochester,1,490I43022060,N,43.1444785,-77.5641757,6/13/13,9:50,PROPERTY DAMAGE AND INJURY,1,0,1,COLLISION WITH MEDIAN/BARRIER,OTHER,NONE,DAYLIGHT,RAIN,WET
13984,34754004,MONROE,Parma,3,104 43031115,N,43.2188208,-77.7785310,4/29/13,16:14,INJURY,3,0,2,COLLISION WITH MOTOR VEHICLE,REAR END,NONE,DAYLIGHT,CLEAR,DRY
13984,35016758,MONROE,Perinton,3, 96 43051015,N,43.0473325,-77.4683946,11/22/13,17:17,PROPERTY DAMAGE AND INJURY,1,0,2,COLLISION WITH MOTOR VEHICLE,HEAD ON,STOP SIGN,DARK-ROAD UNLIGHTED,RAIN,WET
13984,34954952,MONROE,Webster,4,,N,43.2264551,-77.4028141,9/4/13,9:00,PROPERTY DAMAGE AND INJURY,1,0,2,COLLISION WITH MOTOR VEHICLE,OVERTAKING,NONE,DAYLIGHT,CLEAR,DRY
13984,34979912,MONROE,Webster,3,,N,43.2065095,-77.5065083,10/26/13,18:14,INJURY,2,0,2,COLLISION WITH MOTOR VEHICLE,RIGHT ANGLE,NONE,DUSK,CLOUDY,DRY
13984,35356912,MONROE,Rochester,1,,Y,43.1593770,-77.6541250,8/1/14,1:49,INJURY,1,0,2,COLLISION WITH MOTOR VEHICLE,REAR END,TRAFFIC SIGNAL,DARK-ROAD LIGHTED,CLEAR,DRY
13984,34832365,MONROE,Rochester,1,,N,43.1738730,-77.6419126,6/26/13,13:37,PROPERTY DAMAGE AND INJURY,3,0,2,COLLISION WITH MOTOR VEHICLE,LEFT TURN (AGAINST OTHER CAR),NONE,DAYLIGHT,CLEAR,DRY
13984,34987574,MONROE,Chili,3,251 43011076,Y,43.0542330,-77.7811960,11/3/13,9:29,INJURY,2,0,2,COLLISION WITH MOTOR VEHICLE,RIGHT ANGLE,STOP SIGN,DAYLIGHT,CLOUDY,DRY
13984,35168472,MONROE,Rochester,1,104 43032019,N,43.1944226,-77.6261519,3/7/14,14:54,PROPERTY DAMAGE AND INJURY,1,0,2,COLLISION WITH MOTOR VEHICLE,OVERTAKING,NONE,DAYLIGHT,CLEAR,DRY
13984,35373910,MONROE,Sweden,3, 19 43041030,N,43.1760920,-77.9446961,8/16/14,6:32,PROPERTY DAMAGE AND INJURY,1,0,1,COLL. W/EARTH ELE./ROCK CUT/DITCH,OTHER,NONE,DAYLIGHT,CLOUDY,DRY
13984,35459685,MONROE,Rochester,1,,N,43.1714744,-77.5625118,11/5/14,15:48,INJURY,1,0,2,COLLISION WITH MOTOR VEHICLE,OVERTAKING,NONE,DAYLIGHT,CLEAR,DRY
13984,34960387,MONROE,Rochester,1,,Y,43.1791830,-77.6034770,10/6/13,2:24,INJURY,1,0,1,COLLISION WITH PEDESTRIAN,OTHER,NONE,DARK-ROAD LIGHTED,RAIN,WET
13984,34925908,MONROE,Rochester,1,,Y,43.1552300,-77.6388801,9/11/13,16:55,PROPERTY DAMAGE AND INJURY,3,0,3,COLLISION WITH MOTOR VEHICLE,OTHER,TRAFFIC SIGNAL,DAYLIGHT,CLEAR,DRY
13984,35046108,MONROE,Rochester,1,,Y,43.1694080,-77.5921880,12/18/13,23:52,INJURY,1,0,1,COLLISION WITH TREE,OTHER,NO PASSING ZONE,DARK-ROAD LIGHTED,SNOW,SNOW/ICE
13984,35507575,MONROE,Brighton,3,286A43011008,Y,43.1494950,-77.5282600,12/10/14,8:49,INJURY,1,0,2,COLLISION WITH MOTOR VEHICLE,RIGHT ANGLE,FLASHING LIGHT,DAYLIGHT,SNOW,SNOW/ICE
13984,35316019,MONROE,Greece,3,,Y,43.2099910,-77.6959400,7/1/14,11:36,PROPERTY DAMAGE AND INJURY,1,0,2,COLLISION WITH MOTOR VEHICLE,RIGHT ANGLE,TRAFFIC SIGNAL,DAYLIGHT,CLEAR,DRY
13984,35568749,MONROE,Greece,3,,N,43.1869108,-77.7064567,12/10/14,8:45,PROPERTY DAMAGE AND INJURY,2,0,2,COLLISION WITH MOTOR VEHICLE,REAR END,NONE,DAYLIGHT,SNOW,SNOW/ICE
13984,35338560,MONROE,Rochester,1,,Y,43.1398790,-77.6260330,7/18/14,20:00,INJURY,1,0,3,COLLISION WITH MOTOR VEHICLE,OTHER,STOP SIGN,DAYLIGHT,CLEAR,DRY
13984,35082990,MONROE,Rochester,1,,N,43.1247350,-77.6174570,1/9/14,14:57,INJURY,1,0,2,COLLISION WITH MOTOR VEHICLE,REAR END,NONE,DAYLIGHT,CLEAR,WET
13984,35311480,MONROE,Rochester,1,,Y,43.1747230,-77.6196030,6/28/14,19:18,INJURY,2,0,2,COLLISION WITH MOTOR VEHICLE,REAR END,STOP SIGN,DAYLIGHT,CLOUDY,DRY
13984,35316068,UNKNOWN COUNTY,,0,,N,43.1708298,-77.5868252,7/5/14,22:54,PROPERTY DAMAGE AND INJURY,1,0,2,COLLISION WITH MOTOR VEHICLE,OVERTAKING,NONE,DARK-ROAD LIGHTED,CLEAR,DRY
13984,35322457,MONROE,Rochester,1, 31 43032015,Y,43.1646330,-77.6466190,7/8/14,3:32,PROPERTY DAMAGE AND INJURY,1,0,2,COLLISION WITH MOTOR VEHICLE,OVERTAKING,TRAFFIC SIGNAL,DARK-ROAD LIGHTED,CLEAR,DRY
13984,34878051,MONROE,Rochester,1, 15 43032025,Y,43.1485690,-77.6040150,8/2/13,14:55,INJURY,1,0,1,COLLISION WITH BICYCLIST,OTHER,TRAFFIC SIGNAL,DAYLIGHT,CLEAR,DRY
13984,34904424,MONROE,Gates,3,490I43021181,N,43.1577560,-77.6739861,8/22/13,18:45,PROPERTY DAMAGE AND INJURY,1,0,1,COLL. W/EARTH ELE./ROCK CUT/DITCH,OTHER,NONE,DAYLIGHT,CLEAR,DRY
13984,35298217,MONROE,Penfield,3,,N,43.1721361,-77.5040037,6/16/14,16:45,INJURY,1,0,2,COLLISION WITH MOTOR VEHICLE,REAR END,NO PASSING ZONE,DAYLIGHT,CLOUDY,DRY
13984,34852173,MONROE,Henrietta,3,252 43011075,N,43.0870390,-77.6255741,7/12/13,16:14,PROPERTY DAMAGE AND INJURY,1,0,2,COLLISION WITH MOTOR VEHICLE,RIGHT ANGLE,NONE,DAYLIGHT,CLEAR,DRY
13984,35260033,MONROE,Penfield,3,404 43035051,N,43.1815567,-77.5083217,5/14/14,11:24,PROPERTY DAMAGE AND INJURY,1,0,2,COLLISION WITH MOTOR VEHICLE,REAR END,NONE,DAYLIGHT,CLOUDY,DRY
13984,35426150,MONROE,Chili,3,,Y,43.1256910,-77.7107370,10/9/14,7:48,PROPERTY DAMAGE AND INJURY,3,0,2,COLLISION WITH MOTOR VEHICLE,LEFT TURN (WITH OTHER CAR),TRAFFIC SIGNAL,DAYLIGHT,CLEAR,DRY
13984,35154425,MONROE,Brighton,3,,Y,43.1153220,-77.5969890,2/26/14,13:24,INJURY,2,0,3,COLLISION WITH MOTOR VEHICLE,OTHER,TRAFFIC SIGNAL,DAYLIGHT,CLOUDY,DRY
13984,35090962,MONROE,Pittsford,4, 96 43051057,N,43.0886850,-77.5166962,1/12/14,7:26,INJURY,1,0,1,COLLISION WITH PEDESTRIAN,OTHER,NONE,DARK-ROAD LIGHTED,CLOUDY,DRY
13984,35133942,MONROE,Rochester,1,940M43011006,N,43.1730190,-77.6287231,1/8/14,11:05,INJURY,1,0,1,COLLISION WITH PEDESTRIAN,OTHER,NONE,DAYLIGHT,SNOW,SNOW/ICE
13984,35291506,MONROE,Webster,3,404 43035064,N,43.2002318,-77.4984148,6/13/14,18:01,INJURY,2,0,2,COLLISION WITH MOTOR VEHICLE,LEFT TURN (AGAINST OTHER CAR),NONE,DAYLIGHT,CLOUDY,DRY
13984,34746922,MONROE,Rochester,1,,Y,43.1438040,-77.6360350,4/23/13,13:47,INJURY,1,0,1,COLLISION WITH BICYCLIST,OTHER,TRAFFIC SIGNAL,DAYLIGHT,CLEAR,DRY
13984,35468530,MONROE,Greece,3, 18 43031227,Y,43.2219820,-77.6412901,11/13/14,12:08,INJURY,1,0,2,COLLISION WITH MOTOR VEHICLE,RIGHT ANGLE,STOP SIGN,DAYLIGHT,CLOUDY,DRY
13984,35187237,MONROE,Rochester,1,490I43022049,N,43.1422958,-77.5860333,3/20/14,16:48,PROPERTY DAMAGE AND INJURY,3,0,3,COLLISION WITH MOTOR VEHICLE,OTHER,NONE,DAYLIGHT,SNOW,WET
13984,34794803,MONROE,Henrietta,3, 15 43031114,Y,43.0940130,-77.6330760,5/31/13,17:33,INJURY,1,0,1,COLL. W/EARTH ELE./ROCK CUT/DITCH,OTHER,TRAFFIC SIGNAL,DAYLIGHT,CLEAR,DRY
13984,35138860,MONROE,Rochester,1,,Y,43.1939120,-77.6598301,2/14/14,17:24,INJURY,1,0,2,COLLISION WITH MOTOR VEHICLE,RIGHT ANGLE,TRAFFIC SIGNAL,DAYLIGHT,CLOUDY,WET
13984,34821966,MONROE,Henrietta,3,252 43011054,Y,43.0925030,-77.6659640,6/22/13,2:47,PROPERTY DAMAGE AND INJURY,1,0,1,COLLISION WITH CURBING,OTHER,NONE,DARK-ROAD LIGHTED,CLEAR,DRY
13984,35102019,MONROE,Chili,3, 33A43021126,Y,43.1212360,-77.7125011,1/17/14,8:34,PROPERTY DAMAGE AND INJURY,1,0,2,COLLISION WITH MOTOR VEHICLE,RIGHT ANGLE,NONE,DAYLIGHT,CLOUDY,DRY
13984,35501524,MONROE,Greece,3, 18 43031180,Y,43.2530210,-77.6964430,12/5/14,13:42,PROPERTY DAMAGE AND INJURY,2,0,2,COLLISION WITH MOTOR VEHICLE,RIGHT ANGLE,TRAFFIC SIGNAL,DAYLIGHT,CLOUDY,DRY
13984,34987666,MONROE,Rochester,1,,Y,43.1702260,-77.6118070,10/31/13,18:02,INJURY,2,0,2,COLLISION WITH MOTOR VEHICLE,REAR END,TRAFFIC SIGNAL,DARK-ROAD LIGHTED,RAIN,WET
13984,35384346,MONROE,Rochester,1,,Y,43.1684570,-77.6291270,8/27/14,20:39,PROPERTY DAMAGE AND INJURY,1,0,2,COLLISION WITH MOTOR VEHICLE,RIGHT ANGLE,OTHER,DARK-ROAD LIGHTED,CLEAR,DRY
13984,35145132,MONROE,Parma,3,,Y,43.2440680,-77.7915304,2/16/14,19:28,INJURY,1,0,2,COLLISION WITH MOTOR VEHICLE,REAR END,FLASHING LIGHT,DARK-ROAD LIGHTED,CLEAR,SNOW/ICE
13984,35442014,MONROE,Henrietta,3,,Y,43.0741410,-77.5852470,10/21/14,15:40,PROPERTY DAMAGE AND INJURY,3,0,2,COLLISION WITH MOTOR VEHICLE,REAR END,NONE,DAYLIGHT,CLEAR,WET
13984,35198877,MONROE,Gates,3,386 43011100,Y,43.1438460,-77.7322930,3/24/14,8:00,INJURY,1,0,2,COLLISION WITH MOTOR VEHICLE,REAR END,TRAFFIC SIGNAL,DAYLIGHT,CLEAR,DRY
13984,34981898,MONROE,Henrietta,3, 15A43041115,Y,43.0908110,-77.6105760,10/22/13,11:15,PROPERTY DAMAGE AND INJURY,2,0,2,COLLISION WITH MOTOR VEHICLE,LEFT TURN (AGAINST OTHER CAR),TRAFFIC SIGNAL,DAYLIGHT,CLEAR,DRY
13984,34900142,MONROE,Penfield,3,,Y,43.1331480,-77.4922770,8/7/13,15:34,PROPERTY DAMAGE AND INJURY,1,0,2,COLLISION WITH MOTOR VEHICLE,LEFT TURN (WITH OTHER CAR),TRAFFIC SIGNAL,DAYLIGHT,CLEAR,DRY
13984,34953230,MONROE,Brighton,3,,Y,43.1059670,-77.5767990,10/1/13,15:43,INJURY,1,0,3,COLLISION WITH MOTOR VEHICLE,OTHER,TRAFFIC SIGNAL,DAYLIGHT,CLEAR,DRY
13984,34709090,MONROE,Perinton,3,,N,43.0683414,-77.4321449,3/25/13,14:16,PROPERTY DAMAGE AND INJURY,1,0,2,COLLISION WITH MOTOR VEHICLE,REAR END,TRAFFIC SIGNAL,DAYLIGHT,CLOUDY,DRY
13984,34911579,MONROE,Gates,3, 33 43031121,Y,43.1470730,-77.7112370,9/2/13,10:30,PROPERTY DAMAGE AND INJURY,1,0,2,COLLISION WITH MOTOR VEHICLE,REAR END,TRAFFIC SIGNAL,DAYLIGHT,CLOUDY,DRY
13984,35479792,MONROE,Rochester,1,,N,43.2523260,-77.6158050,11/19/14,14:28,PROPERTY DAMAGE AND INJURY,1,0,2,COLLISION WITH MOTOR VEHICLE,HEAD ON,NONE,DAYLIGHT,CLEAR,DRY
13984,34788519,MONROE,Gates,3,390 43011015,N,43.1782846,-77.6836910,5/20/13,8:45,INJURY,1,0,2,COLLISION WITH MOTOR VEHICLE,REAR END,NONE,DAYLIGHT,CLEAR,DRY
13984,34822583,MONROE,Rochester,1,,Y,43.1683950,-77.5846690,6/12/13,21:16,INJURY,1,0,1,COLLISION WITH BICYCLIST,OTHER,STOP SIGN,DARK-ROAD LIGHTED,CLEAR,DRY
13984,35039562,MONROE,Rochester,1,,Y,43.1348700,-77.5797090,12/12/13,22:43,PROPERTY DAMAGE AND INJURY,1,0,1,COLLISION WITH TREE,OTHER,NONE,DARK-ROAD LIGHTED,CLEAR,SNOW/ICE
13984,35268344,MONROE,Brighton,3,,N,43.1097669,-77.6645444,5/24/14,15:52,PROPERTY DAMAGE AND INJURY,1,0,1,COLLISION WITH OTHER FIXED OBJECT,OTHER,NONE,DAYLIGHT,CLEAR,DRY
13984,34766975,MONROE,Rochester,1,940M43011012,Y,43.1809370,-77.6317380,4/22/13,11:34,PROPERTY DAMAGE AND INJURY,1,0,2,COLLISION WITH MOTOR VEHICLE,LEFT TURN (AGAINST OTHER CAR),TRAFFIC SIGNAL,DAYLIGHT,CLEAR,DRY
13984,34699911,MONROE,Brighton,3,590I43011019,N,43.1079377,-77.5750490,3/18/13,22:01,PROPERTY DAMAGE AND INJURY,1,0,1,COLLISION WITH GUIDE RAIL,OTHER,NONE,DARK-ROAD LIGHTED,SLEET/HAIL/FREEZING RAIN,SNOW/ICE
13984,35475528,MONROE,Clarkson,3,104 43031028,N,43.2381928,-77.9457096,11/15/14,16:58,PROPERTY DAMAGE AND INJURY,1,0,1,COLLISION WITH TREE,OTHER,NONE,DARK-ROAD UNLIGHTED,CLEAR,DRY
13984,35297940,MONROE,Rochester,1,940T43011004,N,43.1584563,-77.6160600,6/17/14,11:10,PROPERTY DAMAGE AND INJURY,1,0,2,COLLISION WITH MOTOR VEHICLE,REAR END,NONE,DAYLIGHT,CLEAR,DRY
13984,35132093,MONROE,Rochester,1,,Y,43.1517160,-77.6439421,1/27/14,12:35,INJURY,1,0,2,COLLISION WITH MOTOR VEHICLE,REAR END,NONE,DAYLIGHT,SNOW,SNOW/ICE
13984,34694874,MONROE,Rochester,1, 31 43032003,N,43.1646772,-77.6691513,3/11/13,18:30,INJURY,1,0,3,COLLISION WITH MOTOR VEHICLE,OTHER,NONE,DAYLIGHT,CLEAR,DRY
13984,34805758,MONROE,Rochester,1,,N,43.1753570,-77.5957028,4/14/13,5:12,PROPERTY DAMAGE AND INJURY,1,0,1,COLL. W/LIGHT SUPPORT/UTILITY POLE,OTHER,NONE,DARK-ROAD LIGHTED,CLEAR,DRY
13984,35339171,MONROE,Rochester,1,,N,43.1938239,-77.6328311,7/23/14,11:50,INJURY,1,0,2,COLLISION WITH MOTOR VEHICLE,RIGHT ANGLE,NONE,DAYLIGHT,RAIN,WET
13984,35096631,MONROE,Rochester,1,,N,43.1806637,-77.6394916,1/16/14,20:40,INJURY,1,0,1,COLLISION WITH PEDESTRIAN,OTHER,NONE,DARK-ROAD LIGHTED,CLEAR,DRY
13984,35387118,MONROE,Henrietta,3, 15A43041089,Y,43.0537972,-77.6153925,8/29/14,14:35,INJURY,1,0,2,COLLISION WITH MOTOR VEHICLE,REAR END,NONE,DAYLIGHT,CLEAR,DRY
13984,34860902,MONROE,Brighton,3,,N,43.1087456,-77.5753110,7/23/13,15:37,PROPERTY DAMAGE AND INJURY,1,0,1,COLLISION WITH BRIDGE STRUCTURE,OTHER,NONE,DAYLIGHT,CLEAR,DRY
13984,35507587,MONROE,Brighton,3,,N,43.1159931,-77.5702875,12/10/14,17:56,PROPERTY DAMAGE AND INJURY,1,0,2,COLLISION WITH MOTOR VEHICLE,REAR END,NONE,DARK-ROAD LIGHTED,SNOW,SNOW/ICE
13984,35314050,MONROE,Penfield,3,441 43011057,Y,43.1306090,-77.4323332,7/1/14,9:45,PROPERTY DAMAGE AND INJURY,1,0,2,COLLISION WITH MOTOR VEHICLE,REAR END,FLASHING LIGHT,DAYLIGHT,CLEAR,DRY
13984,35314826,MONROE,Greece,3,104 43031138,Y,43.2147160,-77.7328040,7/4/14,13:49,PROPERTY DAMAGE AND INJURY,1,0,1,COLLISION WITH DEER,OTHER,NONE,DAYLIGHT,CLEAR,DRY
13984,35135584,UNKNOWN COUNTY,,0,,N,43.1646367,-77.6255806,2/10/14,13:00,INJURY,1,0,2,COLLISION WITH MOTOR VEHICLE,REAR END,TRAFFIC SIGNAL,DAYLIGHT,CLEAR,SNOW/ICE
13984,34745561,MONROE,Gates,3, 33A43021141,Y,43.1323680,-77.6859120,4/23/13,17:13,INJURY,2,0,2,COLLISION WITH MOTOR VEHICLE,RIGHT ANGLE,NONE,DAYLIGHT,CLEAR,DRY
13984,34866075,MONROE,Webster,3,404 43035112,N,43.2170626,-77.4047182,7/23/13,0:41,INJURY,1,0,1,RAN OFF ROAD ONLY,OTHER,NONE,DARK-ROAD UNLIGHTED,RAIN,WET
13984,34796462,MONROE,Webster,3,404 43035076,N,43.2048044,-77.4762887,6/2/13,15:10,INJURY,1,0,2,COLLISION WITH MOTOR VEHICLE,REAR END,TRAFFIC SIGNAL,DAYLIGHT,CLEAR,DRY
13984,35099387,MONROE,Pittsford,3,490I43023033,N,43.1105756,-77.5068558,1/21/14,12:25,PROPERTY DAMAGE AND INJURY,1,0,1,COLLISION WITH MEDIAN/BARRIER,OTHER,NONE,DAYLIGHT,SNOW,SNOW/ICE
13984,35054940,MONROE,Rochester,1,104 43032015,Y,43.1967570,-77.6321421,12/12/13,8:07,INJURY,1,0,3,COLLISION WITH MOTOR VEHICLE,OTHER,NONE,DAYLIGHT,SNOW,SNOW/ICE
13984,35324557,MONROE,Rochester,1,,Y,43.1887530,-77.6158680,6/27/14,23:30,PROPERTY DAMAGE AND INJURY,3,0,1,COLLISION WITH FENCE,OTHER,STOP SIGN,DARK-ROAD LIGHTED,CLEAR,DRY
13984,35412281,MONROE,Rochester,1,940M43011003,N,43.1682161,-77.6259520,8/23/14,13:30,PROPERTY DAMAGE AND INJURY,2,0,2,COLLISION WITH MOTOR VEHICLE,RIGHT ANGLE,NONE,DAYLIGHT,CLEAR,DRY
13984,35308311,MONROE,Chili,3,252 43011007,Y,43.0956732,-77.7542297,6/26/14,18:03,PROPERTY DAMAGE AND INJURY,1,0,2,COLLISION WITH MOTOR VEHICLE,RIGHT ANGLE,FLASHING LIGHT,DAYLIGHT,CLEAR,DRY
13984,35380211,MONROE,Greece,3,390 43011050,N,43.2282619,-77.6730555,8/26/14,12:13,PROPERTY DAMAGE AND INJURY,2,0,2,COLLISION WITH MOTOR VEHICLE,REAR END,NONE,DAYLIGHT,CLEAR,DRY
13984,34833737,MONROE,Irondequoit,3,104 43033002,N,43.1958100,-77.5815993,6/28/13,19:38,INJURY,1,0,1,COLLISION WITH SIGN POST,OTHER,NONE,DAYLIGHT,RAIN,WET
13984,35189856,MONROE,Penfield,3,441 43011124,Y,43.1275160,-77.4944290,3/18/14,21:37,PROPERTY DAMAGE AND INJURY,1,0,2,COLLISION WITH MOTOR VEHICLE,LEFT TURN (WITH OTHER CAR),TRAFFIC SIGNAL,DARK-ROAD LIGHTED,CLEAR,DRY
13984,35381676,MONROE,Perinton,3, 31F43011027,Y,43.1022600,-77.4685030,8/21/14,8:00,PROPERTY DAMAGE AND INJURY,1,0,2,COLLISION WITH MOTOR VEHICLE,REAR END,TRAFFIC SIGNAL,DAYLIGHT,CLOUDY,WET
13984,35198865,MONROE,Parma,3,,N,43.2344331,-77.8575886,3/27/14,10:50,PROPERTY DAMAGE AND INJURY,1,0,1,COLL. W/EARTH ELE./ROCK CUT/DITCH,OTHER,NONE,DARK-ROAD UNLIGHTED,CLOUDY,WET
13984,35156918,MONROE,Ogden,3, 31 43031093,N,43.1882717,-77.8560382,2/27/14,18:14,PROPERTY DAMAGE AND INJURY,2,0,3,COLLISION WITH MOTOR VEHICLE,OTHER,NONE,DARK-ROAD UNLIGHTED,SNOW,SNOW/ICE
13984,35312774,MONROE,Pittsford,4, 31 43033044,N,43.0909351,-77.5155614,7/2/14,9:50,PROPERTY DAMAGE AND INJURY,1,0,2,COLLISION WITH MOTOR VEHICLE,REAR END,NONE,DAYLIGHT,CLOUDY,WET
13984,35327418,MONROE,Rochester,1,940M43011011,Y,43.1793290,-77.6317150,7/13/14,9:47,PROPERTY DAMAGE AND INJURY,2,0,2,COLLISION WITH MOTOR VEHICLE,RIGHT ANGLE,TRAFFIC SIGNAL,DAYLIGHT,RAIN,WET
13984,35437588,MONROE,Rochester,1, 15 43032010,Y,43.1280193,-77.6157482,10/18/14,17:10,PROPERTY DAMAGE AND INJURY,1,0,2,COLLISION WITH MOTOR VEHICLE,REAR END,NONE,DAYLIGHT,CLEAR,DRY
13984,35468227,MONROE,Rochester,1, 33A43022004,N,43.1429287,-77.6580942,11/11/14,19:31,INJURY,1,0,1,COLLISION WITH PEDESTRIAN,OTHER,NONE,DARK-ROAD LIGHTED,CLEAR,DRY
13984,35192247,MONROE,Rochester,1,,Y,43.1753390,-77.5988280,3/12/14,9:21,PROPERTY DAMAGE AND INJURY,2,0,2,COLLISION WITH MOTOR VEHICLE,REAR END,TRAFFIC SIGNAL,DAYLIGHT,SLEET/HAIL/FREEZING RAIN,SNOW/ICE
13984,35443171,MONROE,Rochester,1,,Y,43.1689120,-77.5907390,10/18/14,12:30,INJURY,1,0,1,COLLISION WITH BICYCLIST,OTHER,STOP SIGN,DAYLIGHT,CLOUDY,WET
13984,35041861,MONROE,Greece,3,,Y,43.1869140,-77.7015110,12/13/13,10:35,PROPERTY DAMAGE AND INJURY,1,0,2,COLLISION WITH MOTOR VEHICLE,REAR END,TRAFFIC SIGNAL,DAYLIGHT,SNOW,SNOW/ICE
13984,35374174,MONROE,Rochester,1, 18 43032012,Y,43.2004550,-77.6387230,8/20/14,21:35,INJURY,1,0,2,COLLISION WITH MOTOR VEHICLE,RIGHT ANGLE,TRAFFIC SIGNAL,DARK-ROAD LIGHTED,CLEAR,DRY
13984,35056495,MONROE,Pittsford,3,,N,43.0469529,-77.5226181,12/14/13,12:00,PROPERTY DAMAGE AND INJURY,1,0,1,COLL. W/LIGHT SUPPORT/UTILITY POLE,OTHER,NONE,DAYLIGHT,SNOW,SNOW/ICE
13984,34779282,MONROE,Brighton,3,441 43011107,Y,43.1262860,-77.5199720,5/20/13,19:31,INJURY,1,0,2,COLLISION WITH MOTOR VEHICLE,REAR END,TRAFFIC SIGNAL,DAYLIGHT,CLOUDY,DRY
13984,35346604,MONROE,Rochester,1,,N,43.1596073,-77.6405679,7/31/14,14:59,INJURY,1,0,1,COLLISION WITH BICYCLIST,OTHER,NONE,DAYLIGHT,CLEAR,DRY
13984,34907223,MONROE,Rochester,1,,Y,43.1618350,-77.6345150,8/27/13,14:46,INJURY,1,0,1,COLLISION WITH BICYCLIST,OTHER,STOP SIGN,DAYLIGHT,CLOUDY,DRY
13984,35128933,MONROE,Brighton,3, 15A43041128,N,43.1080070,-77.6159370,2/10/14,9:22,PROPERTY DAMAGE AND INJURY,1,0,2,COLLISION WITH MOTOR VEHICLE,REAR END,TRAFFIC SIGNAL,DAYLIGHT,CLEAR,WET
13984,35123839,MONROE,Rochester,1,940T43011024,Y,43.1508682,-77.6068045,1/29/14,9:51,PROPERTY DAMAGE AND INJURY,1,0,1,COLLISION WITH MEDIAN/BARRIER,OTHER,NONE,DAYLIGHT,CLEAR,DRY
13984,35123420,MONROE,Penfield,3,286 43011037,N,43.1537820,-77.4688900,2/1/14,3:02,INJURY,1,0,1,COLL. W/LIGHT SUPPORT/UTILITY POLE,OTHER,NONE,DARK-ROAD UNLIGHTED,CLOUDY,DRY
13984,34894774,MONROE,Rochester,1,,Y,43.1816700,-77.6388370,8/8/13,10:15,PROPERTY DAMAGE AND INJURY,1,0,2,COLLISION WITH MOTOR VEHICLE,RIGHT ANGLE,STOP SIGN,DAYLIGHT,CLEAR,DRY
13984,35172448,MONROE,Rochester,1,,Y,43.1693470,-77.6073750,3/8/14,13:13,PROPERTY DAMAGE AND INJURY,2,0,2,COLLISION WITH MOTOR VEHICLE,REAR END,NONE,DAYLIGHT,CLOUDY,DRY
13984,35346619,MONROE,Rochester,1, 15 43032028,Y,43.1540890,-77.6050990,7/24/14,17:51,INJURY,1,0,2,COLLISION WITH MOTOR VEHICLE,OVERTAKING,TRAFFIC SIGNAL,DAYLIGHT,CLEAR,DRY
13984,34823511,MONROE,Rochester,1,,Y,43.1528468,-77.5955488,6/18/13,11:28,PROPERTY DAMAGE AND INJURY,3,0,2,COLLISION WITH MOTOR VEHICLE,REAR END,NONE,DAYLIGHT,CLOUDY,DRY
13984,34743358,MONROE,Greece,3,,Y,43.2237540,-77.6590430,4/21/13,18:11,PROPERTY DAMAGE AND INJURY,1,0,2,COLLISION WITH MOTOR VEHICLE,LEFT TURN (WITH OTHER CAR),STOP SIGN,DAYLIGHT,CLEAR,DRY
13984,35409540,MONROE,Greece,3,,N,43.2236591,-77.6799944,9/22/14,16:08,PROPERTY DAMAGE AND INJURY,1,0,2,COLLISION WITH MOTOR VEHICLE,REAR END,NONE,DAYLIGHT,CLOUDY,DRY
13984,34947814,MONROE,Brighton,3,490I43023008,N,43.1367767,-77.5344718,10/3/13,7:07,INJURY,1,0,2,COLLISION WITH MOTOR VEHICLE,REAR END,NONE,DAYLIGHT,CLEAR,DRY