QUERYID,CASE #,REGN_CNTY_CDE,Municipality,MUNITYPE,REF_MRKR,ATINTERSECTION_IND,Lat,Long,,Time,Crash Type,Injuries,Fatalities,Number of Vehicles,ACCD_TYP,COLLISION_TYP,TRAF_CNTL,Light Condition,Weather Condition,Road Surface Condition
13984,35244001,MONROE,Rochester,1,940M43011013,Y,43.1828260,-77.6315740,4/24/14,15:58,PROPERTY DAMAGE AND INJURY,6,0,3,COLLISION WITH MOTOR VEHICLE,OTHER,NONE,DAYLIGHT,CLEAR,DRY
13984,34862918,MONROE,Webster,3,,Y,43.2079420,-77.4944820,7/23/13,19:36,PROPERTY DAMAGE AND INJURY,1,0,2,COLLISION WITH MOTOR VEHICLE,RIGHT ANGLE,STOP SIGN,DAYLIGHT,CLOUDY,DRY
13984,35426158,MONROE,Perinton,3, 96 43051018,Y,43.0517000,-77.4701639,10/8/14,14:48,PROPERTY DAMAGE AND INJURY,1,0,2,COLLISION WITH MOTOR VEHICLE,REAR END,OTHER,DAYLIGHT,CLOUDY,DRY
13984,35406400,MONROE,Greece,3,,N,43.2067670,-77.6761679,9/21/14,11:27,PROPERTY DAMAGE AND INJURY,2,0,2,COLLISION WITH MOTOR VEHICLE,RIGHT ANGLE,TRAFFIC SIGNAL,DAYLIGHT,CLOUDY,DRY
13984,34953083,MONROE,Rochester,1, 96 43052022,Y,43.1534640,-77.5881780,9/27/13,21:35,INJURY,1,0,1,COLLISION WITH PEDESTRIAN,OTHER,TRAFFIC SIGNAL,DARK-ROAD LIGHTED,CLEAR,DRY
13984,35006750,MONROE,Rochester,1,,N,43.1478070,-77.6141660,11/15/13,7:49,PROPERTY DAMAGE AND INJURY,1,0,1,COLLISION WITH TREE,OTHER,NONE,DAYLIGHT,CLEAR,DRY
13984,35335726,MONROE,Hamlin,3,260 43011091,Y,43.3260630,-77.8595230,7/18/14,2:31,PROPERTY DAMAGE AND INJURY,1,0,1,COLLISION WITH TREE,OTHER,STOP SIGN,DARK-ROAD UNLIGHTED,CLEAR,DRY
13984,35062383,MONROE,Rochester,1,,N,43.1331847,-77.6430063,12/29/13,7:33,INJURY,1,0,2,COLLISION WITH MOTOR VEHICLE,REAR END,NONE,DAWN,CLEAR,WET
13984,35366760,MONROE,Henrietta,3, 15A43041111,Y,43.0846968,-77.6082225,8/10/14,11:06,PROPERTY DAMAGE AND INJURY,1,0,2,COLLISION WITH MOTOR VEHICLE,RIGHT ANGLE,TRAFFIC SIGNAL,DAYLIGHT,CLEAR,DRY
13984,35015642,MONROE,Penfield,3,441 43011034,N,43.1298219,-77.4767064,11/22/13,19:03,PROPERTY DAMAGE AND INJURY,1,0,1,COLLISION WITH DEER,OTHER,NONE,DARK-ROAD LIGHTED,RAIN,WET
13984,34923236,MONROE,Gates,3,940L43011006,N,43.1401765,-77.6909977,9/13/13,8:10,PROPERTY DAMAGE AND INJURY,1,0,1,COLLISION WITH TREE,OTHER,NONE,DAYLIGHT,RAIN,WET
13984,35159626,MONROE,Penfield,3,,Y,43.1823170,-77.4747650,2/28/14,9:02,PROPERTY DAMAGE AND INJURY,2,0,3,COLLISION WITH MOTOR VEHICLE,OTHER,TRAFFIC SIGNAL,DAYLIGHT,CLEAR,WET
13984,34940276,MONROE,Pittsford,3,943C43011128,Y,43.0693470,-77.5272941,9/26/13,19:34,PROPERTY DAMAGE AND INJURY,1,0,2,COLLISION WITH MOTOR VEHICLE,LEFT TURN (AGAINST OTHER CAR),TRAFFIC SIGNAL,DARK-ROAD LIGHTED,CLEAR,DRY
13984,34902357,MONROE,Rochester,1,,Y,43.1755050,-77.5885210,8/25/13,23:12,PROPERTY DAMAGE AND INJURY,1,0,2,COLLISION WITH MOTOR VEHICLE,OVERTAKING,NONE,DARK-ROAD LIGHTED,RAIN,WET
13984,34977286,MONROE,Irondequoit,3,,N,43.2092279,-77.6008754,10/24/13,15:44,PROPERTY DAMAGE AND INJURY,1,0,2,COLLISION WITH MOTOR VEHICLE,RIGHT ANGLE,NONE,DAYLIGHT,RAIN,WET
13984,34825616,MONROE,Henrietta,3,252 43011097,N,43.0870461,-77.5819374,6/22/13,22:14,INJURY,2,0,2,COLLISION WITH MOTOR VEHICLE,REAR END,TRAFFIC SIGNAL,DARK-ROAD LIGHTED,CLOUDY,DRY
13984,34911552,MONROE,Greece,3,,Y,43.1943190,-77.7014280,9/1/13,13:37,INJURY,1,0,3,COLLISION WITH MOTOR VEHICLE,OTHER,TRAFFIC SIGNAL,DAYLIGHT,CLOUDY,DRY
13984,34974699,MONROE,Rochester,1,,N,43.1441989,-77.5746669,10/23/13,20:45,INJURY,1,0,2,COLLISION WITH MOTOR VEHICLE,REAR END,TRAFFIC SIGNAL,DARK-ROAD LIGHTED,CLOUDY,WET
13984,35365618,MONROE,Rochester,1,,Y,43.1396792,-77.5960099,8/15/14,15:18,PROPERTY DAMAGE AND INJURY,1,0,2,COLLISION WITH MOTOR VEHICLE,RIGHT ANGLE,NONE,DAYLIGHT,CLOUDY,DRY
13984,35288904,MONROE,Rochester,1,490I43022038,N,43.1490645,-77.6033707,6/13/14,7:46,INJURY,1,0,2,COLLISION WITH MOTOR VEHICLE,REAR END,NONE,DAYLIGHT,RAIN,WET
13984,34813152,MONROE,Greece,3,104 43031138,Y,43.2147160,-77.7328040,6/14/13,10:47,PROPERTY DAMAGE AND INJURY,2,0,3,COLLISION WITH MOTOR VEHICLE,OTHER,STOP SIGN,DAYLIGHT,CLEAR,DRY
13984,35484480,MONROE,Parma,3, 18 43031129,Y,43.2587930,-77.7908590,11/24/14,6:54,INJURY,1,0,2,COLLISION WITH MOTOR VEHICLE,RIGHT ANGLE,FLASHING LIGHT,DAWN,CLEAR,WET
13984,35464727,MONROE,Rochester,1,,Y,43.1493890,-77.5531337,11/7/14,15:52,INJURY,2,0,2,COLLISION WITH MOTOR VEHICLE,REAR END,TRAFFIC SIGNAL,DAYLIGHT,RAIN,WET
13984,35330481,MONROE,Perinton,3,250 43011005,N,43.0440706,-77.4494584,7/11/14,23:20,PROPERTY DAMAGE AND INJURY,1,0,1,COLL. W/EARTH ELE./ROCK CUT/DITCH,OTHER,NONE,DARK-ROAD UNLIGHTED,CLEAR,DRY
13984,34910370,MONROE,Gates,3, 33 43031124,Y,43.1486890,-77.7052600,9/1/13,11:47,PROPERTY DAMAGE AND INJURY,2,0,3,COLLISION WITH MOTOR VEHICLE,OTHER,TRAFFIC SIGNAL,DAYLIGHT,CLOUDY,DRY
13984,34957182,MONROE,Henrietta,3, 15A43041112,N,43.0854253,-77.6085209,10/9/13,14:19,PROPERTY DAMAGE AND INJURY,2,0,2,COLLISION WITH MOTOR VEHICLE,LEFT TURN (AGAINST OTHER CAR),TRAFFIC SIGNAL,DAYLIGHT,CLEAR,DRY
13984,35185640,MONROE,Greece,3,,Y,43.2314160,-77.7163400,3/13/14,17:28,PROPERTY DAMAGE AND INJURY,2,0,4,COLLISION WITH MOTOR VEHICLE,OTHER,TRAFFIC SIGNAL,DAYLIGHT,CLEAR,WET
13984,34920334,MONROE,Brighton,3, 15A43041127,N,43.1065832,-77.6157774,9/12/13,10:53,PROPERTY DAMAGE AND INJURY,1,0,3,COLLISION WITH MOTOR VEHICLE,OTHER,NONE,DAYLIGHT,RAIN,WET
13984,34840882,MONROE,Penfield,3,441 43011047,N,43.1309225,-77.4512892,6/16/13,15:47,PROPERTY DAMAGE AND INJURY,1,0,2,COLLISION WITH MOTOR VEHICLE,REAR END,NONE,DAYLIGHT,CLEAR,DRY
13984,35090976,MONROE,Pittsford,3, 65 43031111,Y,43.0872710,-77.5426350,1/15/14,12:30,PROPERTY DAMAGE AND INJURY,2,0,2,COLLISION WITH MOTOR VEHICLE,RIGHT ANGLE,TRAFFIC SIGNAL,DAYLIGHT,CLOUDY,DRY
13984,34825300,MONROE,Irondequoit,3,,N,43.1966362,-77.5747292,6/14/13,15:05,INJURY,1,0,3,COLLISION WITH MOTOR VEHICLE,OTHER,NONE,DAYLIGHT,CLEAR,DRY
13984,34807734,MONROE,Gates,3,,Y,43.1410330,-77.7088760,6/11/13,16:32,PROPERTY DAMAGE AND INJURY,2,0,2,COLLISION WITH MOTOR VEHICLE,RIGHT ANGLE,TRAFFIC SIGNAL,DAYLIGHT,CLOUDY,DRY
13984,34871787,MONROE,Greece,3,104 43031155,N,43.2100755,-77.7015089,7/23/13,20:22,INJURY,1,0,1,OTHER NON-COLLISION,OTHER,NONE,DUSK,CLEAR,DRY
13984,35238345,MONROE,Rochester,1,,N,43.1755104,-77.5882774,4/12/14,3:05,PROPERTY DAMAGE AND INJURY,1,0,1,COLLISION WITH SIGN POST,OTHER,NONE,DARK-ROAD LIGHTED,CLEAR,DRY
13984,35434562,MONROE,Chili,3,383 43011130,N,43.0937922,-77.6810597,10/14/14,15:00,INJURY,1,0,2,COLLISION WITH MOTOR VEHICLE,REAR END,NONE,DAYLIGHT,CLEAR,DRY
13984,34883516,MONROE,Perinton,3,,Y,43.0516400,-77.4704120,7/26/13,1:34,PROPERTY DAMAGE AND INJURY,1,0,1,COLLISION WITH FENCE,OTHER,NONE,DARK-ROAD LIGHTED,CLEAR,DRY
13984,35397465,MONROE,Rochester,1,,Y,43.1464210,-77.5547779,8/28/14,14:35,PROPERTY DAMAGE AND INJURY,2,0,3,COLLISION WITH MOTOR VEHICLE,OTHER,TRAFFIC SIGNAL,DAYLIGHT,CLEAR,DRY
13984,34730077,MONROE,Penfield,3,441 43011057,N,43.1305930,-77.4315948,4/6/13,14:20,INJURY,1,0,2,COLLISION WITH MOTOR VEHICLE,LEFT TURN (AGAINST OTHER CAR),STOP SIGN,DAYLIGHT,CLEAR,DRY
13984,34924499,MONROE,Greece,3,104 43031160,N,43.2087118,-77.6890037,8/16/13,18:07,INJURY,1,0,1,COLLISION WITH BICYCLIST,OTHER,NONE,DAYLIGHT,CLEAR,DRY
13984,35403062,MONROE,Webster,3,,N,43.2268680,-77.4466501,9/18/14,18:05,PROPERTY DAMAGE AND INJURY,1,0,2,COLLISION WITH MOTOR VEHICLE,REAR END,NONE,DAYLIGHT,CLEAR,DRY
13984,35531874,MONROE,Rochester,1,,N,43.1545247,-77.5946772,12/20/14,1:13,INJURY,1,0,1,COLLISION WITH BICYCLIST,OTHER,NONE,DARK-ROAD LIGHTED,CLEAR,DRY
13984,34859581,MONROE,Parma,3,104 43031124,N,43.2187587,-77.7602633,7/20/13,15:33,PROPERTY DAMAGE AND INJURY,3,0,2,COLLISION WITH MOTOR VEHICLE,REAR END,NONE,DAYLIGHT,CLEAR,DRY
13984,35408464,MONROE,Rochester,1,,Y,43.1792120,-77.6590790,9/20/14,16:33,PROPERTY DAMAGE AND INJURY,2,0,2,COLLISION WITH MOTOR VEHICLE,RIGHT ANGLE,OTHER,DAYLIGHT,CLEAR,DRY
13984,35252473,MONROE,Rochester,1,,N,43.1935110,-77.5922130,5/6/14,16:04,INJURY,1,0,1,COLLISION WITH BICYCLIST,OTHER,TRAFFIC SIGNAL,DAYLIGHT,CLEAR,DRY
13984,35475509,MONROE,Gates,3,390 43011009,N,43.1690432,-77.6832174,11/14/14,14:24,PROPERTY DAMAGE AND INJURY,2,0,2,COLLISION WITH MOTOR VEHICLE,REAR END,NONE,DAYLIGHT,CLOUDY,DRY
13984,34777392,MONROE,Henrietta,3, 15A43041093,Y,43.0593580,-77.6124210,5/10/13,21:10,PROPERTY DAMAGE AND INJURY,2,0,2,COLLISION WITH MOTOR VEHICLE,SIDESWIPE,TRAFFIC SIGNAL,DARK-ROAD LIGHTED,RAIN,WET
13984,34754067,MONROE,Rochester,1, 96 43052026,Y,43.1550410,-77.5944240,4/25/13,11:15,PROPERTY DAMAGE AND INJURY,1,0,2,COLLISION WITH MOTOR VEHICLE,RIGHT ANGLE,TRAFFIC SIGNAL,DAYLIGHT,CLEAR,DRY
13984,34796494,MONROE,Henrietta,3,390I43031081,N,43.0480097,-77.6483638,6/2/13,9:48,PROPERTY DAMAGE AND INJURY,1,0,1,OTHER NON-COLLISION,OTHER,NONE,DAYLIGHT,CLOUDY,DRY
13984,35219648,MONROE,Perinton,3,490I43023080,N,43.0508748,-77.4666832,3/23/14,1:50,PROPERTY DAMAGE AND INJURY,1,0,1,COLLISION WITH GUIDE RAIL,OTHER,NONE,DARK-ROAD LIGHTED,SLEET/HAIL/FREEZING RAIN,SNOW/ICE
13984,34889609,MONROE,Rochester,1,,N,43.1960370,-77.5613990,8/14/13,18:25,PROPERTY DAMAGE AND INJURY,3,0,2,COLLISION WITH MOTOR VEHICLE,LEFT TURN (AGAINST OTHER CAR),TRAFFIC SIGNAL,DAYLIGHT,CLEAR,DRY
13984,35174092,MONROE,Rochester,1, 18 43032002,Y,43.2153090,-77.6406170,2/3/14,13:06,PROPERTY DAMAGE AND INJURY,1,0,2,COLLISION WITH MOTOR VEHICLE,RIGHT ANGLE,TRAFFIC SIGNAL,DAYLIGHT,CLEAR,SNOW/ICE
13984,35067998,MONROE,Penfield,3,,N,43.1377134,-77.4756759,1/3/14,17:55,INJURY,1,0,2,COLLISION WITH MOTOR VEHICLE,RIGHT ANGLE,NONE,DARK-ROAD UNLIGHTED,CLEAR,SNOW/ICE
13984,35036456,MONROE,Rochester,1,490I43022067,N,43.1441993,-77.5522596,12/7/13,3:10,PROPERTY DAMAGE AND INJURY,2,0,1,COLLISION WITH TREE,OTHER,NONE,DARK-ROAD LIGHTED,CLOUDY,DRY
13984,35307881,MONROE,Ogden,3,531 43012021,N,43.1798517,-77.8141751,2/23/14,11:13,FATAL,0,1,1,COLLISION WITH TREE,OTHER,NONE,DAYLIGHT,CLEAR,DRY
13984,35609752,MONROE,East Rochester,4,940U43011010,Y,43.1144110,-77.4905161,12/31/14,9:13,PROPERTY DAMAGE AND INJURY,1,0,2,COLLISION WITH MOTOR VEHICLE,RIGHT ANGLE,TRAFFIC SIGNAL,DAYLIGHT,CLEAR,DRY
13984,34804417,MONROE,Rochester,1, 15 43032019,Y,43.1417290,-77.6128560,5/16/13,19:01,PROPERTY DAMAGE AND INJURY,1,0,2,COLLISION WITH MOTOR VEHICLE,RIGHT ANGLE,STOP SIGN,DAYLIGHT,CLEAR,DRY
13984,34730944,MONROE,Rochester,1,,N,43.1429946,-77.5753533,4/11/13,13:15,PROPERTY DAMAGE AND INJURY,1,0,2,COLLISION WITH MOTOR VEHICLE,RIGHT ANGLE,TRAFFIC SIGNAL,DAYLIGHT,RAIN,WET
13984,35183907,MONROE,Rochester,1,,N,43.1613600,-77.5856061,1/28/14,7:32,PROPERTY DAMAGE AND INJURY,1,0,2,COLLISION WITH MOTOR VEHICLE,HEAD ON,NONE,DAYLIGHT,CLOUDY,SNOW/ICE
13984,35469048,MONROE,Rochester,1,,Y,43.1668910,-77.5623960,11/11/14,13:31,PROPERTY DAMAGE AND INJURY,1,0,2,COLLISION WITH MOTOR VEHICLE,LEFT TURN (AGAINST OTHER CAR),NONE,DAYLIGHT,CLEAR,DRY
13984,35132051,MONROE,Rochester,1,940M43011000,Y,43.1646390,-77.6232511,2/7/14,17:00,PROPERTY DAMAGE AND INJURY,1,0,2,COLLISION WITH MOTOR VEHICLE,OVERTAKING,TRAFFIC SIGNAL,DAYLIGHT,CLEAR,WET
13984,35164897,MONROE,Rochester,1,,Y,43.1702260,-77.6118070,2/23/14,22:26,PROPERTY DAMAGE AND INJURY,2,0,2,COLLISION WITH MOTOR VEHICLE,RIGHT ANGLE,TRAFFIC SIGNAL,DARK-ROAD LIGHTED,CLOUDY,DRY
13984,35133745,MONROE,Pittsford,3,,N,43.0542690,-77.4922244,2/5/14,11:10,PROPERTY DAMAGE AND INJURY,1,0,2,COLLISION WITH MOTOR VEHICLE,SIDESWIPE,NONE,DAYLIGHT,SNOW,SNOW/ICE
13984,35309581,MONROE,Rochester,1,,Y,43.1420070,-77.6043810,6/10/14,9:05,PROPERTY DAMAGE AND INJURY,1,0,2,COLLISION WITH MOTOR VEHICLE,RIGHT ANGLE,TRAFFIC SIGNAL,DAYLIGHT,CLOUDY,DRY
13984,34748580,MONROE,Henrietta,3,252 43011069,N,43.0881229,-77.6366659,4/22/13,16:45,PROPERTY DAMAGE AND INJURY,2,0,3,COLLISION WITH MOTOR VEHICLE,OTHER,TRAFFIC SIGNAL,DAYLIGHT,CLEAR,DRY
13984,35470661,MONROE,Greece,3,,N,43.1899691,-77.6878339,11/10/14,17:22,PROPERTY DAMAGE AND INJURY,4,0,3,COLLISION WITH MOTOR VEHICLE,OTHER,NONE,DARK-ROAD UNLIGHTED,CLEAR,DRY
13984,35502758,MONROE,Pittsford,3,,Y,43.0542220,-77.4972241,12/7/14,12:04,PROPERTY DAMAGE AND INJURY,1,0,2,COLLISION WITH MOTOR VEHICLE,RIGHT ANGLE,STOP SIGN,DAYLIGHT,CLEAR,DRY
13984,34877648,MONROE,Rochester,1,490I43022018,N,43.1566899,-77.6381986,8/2/13,17:45,PROPERTY DAMAGE AND INJURY,2,0,2,COLLISION WITH MOTOR VEHICLE,REAR END,NONE,DAYLIGHT,CLEAR,DRY
13984,34803998,MONROE,Rochester,1,,N,43.1574149,-77.6065285,5/22/13,7:27,PROPERTY DAMAGE AND INJURY,1,0,2,COLLISION WITH MOTOR VEHICLE,REAR END,NONE,DAYLIGHT,CLEAR,DRY
13984,34900360,MONROE,Chili,3,,N,43.0763191,-77.7070154,7/29/13,11:30,FATAL,1,1,1,COLLISION WITH TREE,OTHER,NONE,DAYLIGHT,CLEAR,DRY
13984,34775982,MONROE,Henrietta,3,253 43011081,N,43.0592251,-77.6104584,5/14/13,14:55,INJURY,1,0,1,COLLISION WITH PEDESTRIAN,OTHER,OFFICER/FLAGMAN/GUARD,DAYLIGHT,CLOUDY,DRY
13984,35461523,MONROE,Perinton,3,490I43023058,N,43.0788140,-77.4854470,9/30/14,8:10,INJURY,1,0,2,COLLISION WITH MOTOR VEHICLE,REAR END,STOP SIGN,DAYLIGHT,CLEAR,DRY
13984,35155583,MONROE,Rochester,1, 31 43032028,N,43.1576310,-77.6246870,12/19/13,7:30,INJURY,1,0,2,COLLISION WITH MOTOR VEHICLE,REAR END,YIELD SIGN,DAYLIGHT,CLEAR,DRY
13984,34758011,MONROE,Henrietta,3,,N,43.0864520,-77.6848307,4/27/13,10:00,PROPERTY DAMAGE AND INJURY,1,0,1,COLLISION WITH GUIDE RAIL,OTHER,NONE,DAYLIGHT,CLEAR,DRY
13984,34938846,MONROE,Rochester,1,,N,43.1926690,-77.5869210,9/25/13,14:34,INJURY,1,0,2,COLLISION WITH MOTOR VEHICLE,RIGHT TURN (AGAINST OTHER CAR),NONE,DAYLIGHT,CLEAR,DRY
13984,35303789,MONROE,Gates,3,490I43021145,N,43.1357099,-77.7188997,6/23/14,14:30,PROPERTY DAMAGE AND INJURY,1,0,1,COLLISION WITH GUIDE RAIL,OTHER,NONE,DAYLIGHT,CLEAR,DRY
13984,35053171,MONROE,Irondequoit,3,,N,43.2240605,-77.5988352,12/22/13,18:08,PROPERTY DAMAGE AND INJURY,2,0,2,COLLISION WITH MOTOR VEHICLE,REAR END,NO PASSING ZONE,DARK-ROAD LIGHTED,CLOUDY,WET
13984,35065691,MONROE,Rochester,1,,Y,43.1605300,-77.6182609,12/25/13,13:03,PROPERTY DAMAGE AND INJURY,3,0,2,COLLISION WITH MOTOR VEHICLE,RIGHT ANGLE,TRAFFIC SIGNAL,DAYLIGHT,CLOUDY,WET
13984,35159449,MONROE,Rochester,1, 15A43042001,Y,43.1130560,-77.6161210,2/25/14,11:42,PROPERTY DAMAGE AND INJURY,1,0,2,COLLISION WITH MOTOR VEHICLE,LEFT TURN (AGAINST OTHER CAR),TRAFFIC SIGNAL,DAYLIGHT,CLOUDY,DRY
13984,35215364,MONROE,Greece,3,,N,43.2056525,-77.6691780,3/28/14,13:24,PROPERTY DAMAGE AND INJURY,1,0,2,COLLISION WITH MOTOR VEHICLE,RIGHT ANGLE,NONE,DAYLIGHT,CLOUDY,WET
13984,35031257,MONROE,Brighton,3, 96 43051090,Y,43.1316910,-77.5323361,12/5/13,16:29,PROPERTY DAMAGE AND INJURY,2,0,2,COLLISION WITH MOTOR VEHICLE,LEFT TURN (WITH OTHER CAR),STOP SIGN,DUSK,RAIN,WET
13984,34971070,MONROE,Rochester,1,,Y,43.1793300,-77.5953730,10/5/13,1:45,INJURY,1,0,1,COLLISION WITH CURBING,OTHER,NONE,DARK-ROAD LIGHTED,CLEAR,DRY
13984,34871918,MONROE,Rochester,1, 15 43032001,Y,43.1144870,-77.6225570,7/24/13,18:43,INJURY,1,0,2,COLLISION WITH MOTOR VEHICLE,LEFT TURN (AGAINST OTHER CAR),TRAFFIC SIGNAL,DAYLIGHT,CLEAR,DRY
13984,35016821,MONROE,Rochester,1,,Y,43.1612260,-77.6102980,11/22/13,16:24,INJURY,1,0,1,COLLISION WITH PEDESTRIAN,OTHER,TRAFFIC SIGNAL,DUSK,RAIN,WET
13984,34757963,MONROE,Perinton,3, 31 43033104,N,43.0644801,-77.4059094,5/2/13,7:00,PROPERTY DAMAGE AND INJURY,2,0,2,COLLISION WITH MOTOR VEHICLE,SIDESWIPE,NONE,DAYLIGHT,CLEAR,DRY
13984,35150110,MONROE,Webster,3,,Y,43.2311230,-77.4964346,2/23/14,19:51,PROPERTY DAMAGE AND INJURY,2,0,2,COLLISION WITH MOTOR VEHICLE,REAR END,NONE,DARK-ROAD UNLIGHTED,CLEAR,DRY
13984,35039570,MONROE,Brighton,3, 15A43041123,Y,43.1005300,-77.6142500,12/8/13,14:50,PROPERTY DAMAGE AND INJURY,1,0,2,COLLISION WITH MOTOR VEHICLE,RIGHT ANGLE,TRAFFIC SIGNAL,DAYLIGHT,CLEAR,DRY
13984,34743474,MONROE,Rochester,1,,Y,43.1869720,-77.5953500,4/18/13,7:00,PROPERTY DAMAGE AND INJURY,1,0,2,COLLISION WITH MOTOR VEHICLE,LEFT TURN (AGAINST OTHER CAR),STOP SIGN,DAYLIGHT,CLOUDY,DRY
13984,34764318,MONROE,Henrietta,3,252 43011097,Y,43.0870460,-77.5819380,5/5/13,20:16,PROPERTY DAMAGE AND INJURY,1,0,2,COLLISION WITH MOTOR VEHICLE,RIGHT ANGLE,TRAFFIC SIGNAL,DARK-ROAD LIGHTED,CLEAR,DRY
13984,34955966,MONROE,Rochester,1,,N,43.1489578,-77.5975930,10/6/13,3:13,FATAL,0,1,2,COLLISION WITH PEDESTRIAN,OTHER,NONE,DARK-ROAD LIGHTED,RAIN,WET
13984,35450199,MONROE,Gates,3,390 43011003,Y,43.1614119,-77.6828701,10/29/14,8:33,INJURY,1,0,2,COLLISION WITH MOTOR VEHICLE,REAR END,NONE,DAYLIGHT,CLOUDY,DRY
13984,35305554,MONROE,Pittsford,3, 31 43033057,N,43.0808531,-77.4938417,6/24/14,11:00,PROPERTY DAMAGE AND INJURY,1,0,2,COLLISION WITH MOTOR VEHICLE,REAR END,TRAFFIC SIGNAL,DAYLIGHT,CLOUDY,DRY
13984,34953103,MONROE,Rochester,1,,Y,43.1858100,-77.5684351,9/28/13,18:36,PROPERTY DAMAGE AND INJURY,4,0,4,COLLISION WITH MOTOR VEHICLE,OTHER,NONE,DAYLIGHT,CLEAR,DRY
13984,35098043,MONROE,Brighton,3,590 43011001,N,43.1436506,-77.5446752,1/20/14,13:45,PROPERTY DAMAGE AND INJURY,1,0,2,COLLISION WITH OTHER BARRIER,OTHER,NONE,DAYLIGHT,SNOW,SNOW/ICE
13984,35133746,MONROE,Perinton,3, 96 43051025,N,43.0600718,-77.4750770,2/9/14,7:02,INJURY,1,0,2,COLLISION WITH MOTOR VEHICLE,REAR END,TRAFFIC SIGNAL,DAYLIGHT,CLOUDY,DRY
13984,35556134,MONROE,Hamlin,3,,N,43.3106072,-77.9657454,12/20/14,21:24,FATAL,0,1,1,SUBMERSION,OTHER,NONE,DARK-ROAD UNLIGHTED,CLEAR,DRY
13984,34722176,MONROE,Rochester,1,,Y,43.1788620,-77.5953440,4/5/13,12:33,PROPERTY DAMAGE AND INJURY,1,0,2,COLLISION WITH MOTOR VEHICLE,OVERTAKING,NONE,DAYLIGHT,CLOUDY,DRY
13984,34830573,MONROE,Brockport,4, 19 43041057,Y,43.2144710,-77.9388049,6/26/13,11:18,PROPERTY DAMAGE AND INJURY,3,0,2,COLLISION WITH MOTOR VEHICLE,LEFT TURN (WITH OTHER CAR),TRAFFIC SIGNAL,DAYLIGHT,CLEAR,DRY
13984,35241832,MONROE,Irondequoit,3,,Y,43.2261023,-77.5994270,4/29/14,15:32,INJURY,1,0,2,COLLISION WITH MOTOR VEHICLE,REAR END,NONE,DAYLIGHT,RAIN,WET
13984,35021484,MONROE,Penfield,3,,N,43.1404694,-77.4940287,11/19/13,22:49,INJURY,1,0,1,COLL. W/EARTH ELE./ROCK CUT/DITCH,OTHER,NONE,DARK-ROAD UNLIGHTED,CLEAR,DRY
13984,35119085,MONROE,Rochester,1,,Y,43.1613100,-77.6029121,2/3/14,12:55,INJURY,1,0,2,COLLISION WITH MOTOR VEHICLE,REAR END,TRAFFIC SIGNAL,DAYLIGHT,CLOUDY,DRY
13984,34891425,MONROE,Rochester,1,,N,43.1717202,-77.5726569,8/18/13,13:22,INJURY,1,0,1,COLLISION WITH BICYCLIST,OTHER,NONE,DAYLIGHT,CLEAR,DRY
13984,35247295,UNKNOWN COUNTY,,0,,N,43.1374121,-77.5973829,5/1/14,8:37,PROPERTY DAMAGE AND INJURY,2,0,2,COLLISION WITH MOTOR VEHICLE,HEAD ON,NONE,DAYLIGHT,CLOUDY,WET
13984,35162480,MONROE,Brighton,3,590 43011010,N,43.1566744,-77.5384900,11/4/13,20:27,PROPERTY DAMAGE AND INJURY,1,0,2,COLLISION WITH GUIDE RAIL,OVERTAKING,NONE,DARK-ROAD UNLIGHTED,CLOUDY,DRY
13984,35387151,MONROE,Rush,3,390I43031042,N,42.9960281,-77.6744642,8/17/14,18:08,PROPERTY DAMAGE AND INJURY,1,0,2,COLLISION WITH MOTOR VEHICLE,OVERTAKING,NONE,DAYLIGHT,CLEAR,DRY
13984,34816034,MONROE,Rochester,1, 33 43032025,N,43.1525215,-77.6263589,6/16/13,0:38,INJURY,3,0,2,COLLISION WITH MOTOR VEHICLE,HEAD ON,NONE,DARK-ROAD LIGHTED,CLOUDY,DRY
13984,34797879,MONROE,Chili,3,259 43011019,Y,43.1198570,-77.8053200,6/2/13,14:52,INJURY,1,0,1,COLLISION WITH BICYCLIST,OTHER,TRAFFIC SIGNAL,DAYLIGHT,CLEAR,DRY
13984,35308335,MONROE,Gates,3,,N,43.1505226,-77.6773215,6/29/14,16:30,PROPERTY DAMAGE AND INJURY,1,0,2,COLLISION WITH MOTOR VEHICLE,RIGHT ANGLE,NONE,DAYLIGHT,CLOUDY,DRY
13984,34898404,MONROE,Rochester,1, 31 43032042,Y,43.1531210,-77.6027720,8/22/13,12:48,INJURY,1,0,1,COLLISION WITH PEDESTRIAN,OTHER,TRAFFIC SIGNAL,DAYLIGHT,CLEAR,DRY