QUERYID,CASE #,REGN_CNTY_CDE,Municipality,MUNITYPE,REF_MRKR,ATINTERSECTION_IND,Lat,Long,,Time,Crash Type,Injuries,Fatalities,Number of Vehicles,ACCD_TYP,COLLISION_TYP,TRAF_CNTL,Light Condition,Weather Condition,Road Surface Condition
13984,35187236,MONROE,Gates,3,490I43021170,N,43.1571336,-77.6961593,3/16/14,21:25,INJURY,2,0,1,COLL. W/EARTH ELE./ROCK CUT/DITCH,OTHER,NONE,DARK-ROAD LIGHTED,CLEAR,DRY
13984,34805448,MONROE,Sweden,3, 31 43031056,N,43.1982655,-77.9246854,5/30/13,12:37,INJURY,1,0,1,COLLISION WITH DEER,OTHER,NONE,DAYLIGHT,CLEAR,DRY
13984,35448837,MONROE,Chili,3,390I43033001,N,43.1226598,-77.6481095,10/22/14,17:36,PROPERTY DAMAGE AND INJURY,2,0,6,COLLISION WITH MOTOR VEHICLE,OTHER,NONE,DAYLIGHT,CLOUDY,DRY
13984,35090978,MONROE,Pittsford,3,490I43023022,N,43.1206404,-77.5176767,1/7/14,8:11,INJURY,1,0,1,COLLISION WITH MEDIAN/BARRIER,OTHER,NONE,DAYLIGHT,SNOW,SNOW/ICE
13984,35463482,MONROE,Rochester,1,,Y,43.1244360,-77.6215959,10/20/14,17:32,INJURY,3,0,2,COLLISION WITH MOTOR VEHICLE,REAR END,TRAFFIC SIGNAL,DAYLIGHT,CLOUDY,DRY
13984,34798032,MONROE,Chili,3, 33A43021064,Y,43.0828680,-77.8160530,5/19/13,22:17,FATAL,0,1,1,COLL. W/EARTH ELE./ROCK CUT/DITCH,OTHER,NONE,DARK-ROAD LIGHTED,CLEAR,DRY
13984,35208089,MONROE,Gates,3,386 43011115,N,43.1651528,-77.7324173,4/6/14,12:35,PROPERTY DAMAGE AND INJURY,1,0,3,COLL. W/EARTH ELE./ROCK CUT/DITCH,OTHER,NONE,DAYLIGHT,CLEAR,DRY
13984,34940003,MONROE,Henrietta,3,390I43031093,N,43.0648421,-77.6380440,9/21/13,18:00,PROPERTY DAMAGE AND INJURY,3,0,2,COLLISION WITH MOTOR VEHICLE,SIDESWIPE,NONE,DAYLIGHT,RAIN,WET
13984,35469927,MONROE,Rochester,1,,Y,43.1614990,-77.5919991,11/10/14,0:53,FATAL,0,2,1,COLL. W/LIGHT SUPPORT/UTILITY POLE,OTHER,NONE,DARK-ROAD LIGHTED,CLOUDY,DRY
13984,35121207,MONROE,Penfield,3,250 43011068,N,43.1338050,-77.4417874,1/29/14,15:20,PROPERTY DAMAGE AND INJURY,1,0,2,COLLISION WITH MOTOR VEHICLE,RIGHT ANGLE,NONE,DAYLIGHT,CLEAR,DRY
13984,34976000,MONROE,Rochester,1,,Y,43.1804610,-77.5877981,10/24/13,19:22,INJURY,1,0,1,COLLISION WITH PEDESTRIAN,OTHER,NONE,DARK-ROAD UNLIGHTED,RAIN,WET
13984,35403658,MONROE,Greece,3,,N,43.2060963,-77.6719772,9/16/14,18:32,INJURY,1,0,2,COLLISION WITH MOTOR VEHICLE,REAR END,TRAFFIC SIGNAL,DAYLIGHT,CLEAR,DRY
13984,34727373,MONROE,Ogden,3,,N,43.1439450,-77.7542215,4/2/13,7:15,INJURY,1,0,2,COLLISION WITH MOTOR VEHICLE,REAR END,STOP SIGN,DAYLIGHT,SNOW,SNOW/ICE
13984,34789875,MONROE,Rush,3,,N,43.0062324,-77.6213019,5/20/13,9:53,PROPERTY DAMAGE AND INJURY,1,0,1,COLLISION WITH BUILDING/WALL,OTHER,NONE,DAYLIGHT,CLEAR,DRY
13984,35329710,MONROE,Mendon,3,,N,43.0213623,-77.4953439,6/30/14,16:30,FATAL,2,2,6,COLLISION WITH GUIDE RAIL,OTHER,NONE,DAYLIGHT,CLEAR,DRY
13984,34878036,MONROE,Rochester,1,,Y,43.1578560,-77.6031790,7/2/13,7:32,INJURY,1,0,1,OTHER NON-COLLISION,OTHER,TRAFFIC SIGNAL,DAYLIGHT,CLOUDY,DRY
13984,35098361,MONROE,Webster,4,250 43011126,N,43.2159440,-77.4302090,1/21/14,18:05,PROPERTY DAMAGE AND INJURY,2,0,2,COLLISION WITH MOTOR VEHICLE,LEFT TURN (AGAINST OTHER CAR),TRAFFIC SIGNAL,DARK-ROAD LIGHTED,SNOW,WET
13984,34963850,MONROE,Sweden,3,,N,43.1983871,-77.9222904,10/16/13,6:44,PROPERTY DAMAGE AND INJURY,1,0,2,COLLISION WITH MOTOR VEHICLE,REAR END,TRAFFIC SIGNAL,DARK-ROAD UNLIGHTED,RAIN,WET
13984,35213652,MONROE,Henrietta,3, 15 43031081,Y,43.0491792,-77.6571401,4/5/14,2:44,PROPERTY DAMAGE AND INJURY,1,0,2,COLLISION WITH MOTOR VEHICLE,RIGHT ANGLE,TRAFFIC SIGNAL,DARK-ROAD LIGHTED,CLOUDY,DRY
13984,35098074,MONROE,Rochester,1,490I43022000,N,43.1571833,-77.6733895,1/21/14,12:07,PROPERTY DAMAGE AND INJURY,1,0,1,COLLISION WITH OTHER BARRIER,OTHER,NONE,DAYLIGHT,SNOW,SNOW/ICE
13984,34928862,MONROE,Brighton,3, 31 43033009,Y,43.1264530,-77.5646080,9/18/13,15:01,PROPERTY DAMAGE AND INJURY,1,0,1,COLLISION WITH TREE,OTHER,TRAFFIC SIGNAL,DAYLIGHT,CLEAR,DRY
13984,34837193,MONROE,Rochester,1,940M43011000,Y,43.1646390,-77.6232511,7/3/13,9:21,INJURY,1,0,2,COLLISION WITH MOTOR VEHICLE,REAR END,TRAFFIC SIGNAL,DAYLIGHT,CLEAR,DRY
13984,35202039,MONROE,Rochester,1,490I43022016,N,43.1569841,-77.6421173,3/29/14,18:32,PROPERTY DAMAGE AND INJURY,1,0,2,COLLISION WITH MOTOR VEHICLE,RIGHT ANGLE,NONE,DAYLIGHT,SNOW,SNOW/ICE
13984,35361814,MONROE,Rochester,1,,Y,43.1745630,-77.5991340,8/7/14,0:25,PROPERTY DAMAGE AND INJURY,2,0,2,COLLISION WITH MOTOR VEHICLE,LEFT TURN (AGAINST OTHER CAR),NONE,DARK-ROAD LIGHTED,CLEAR,DRY
13984,35098350,MONROE,Rochester,1,,Y,43.1568431,-77.5880507,1/18/14,12:20,PROPERTY DAMAGE AND INJURY,1,0,2,COLLISION WITH MOTOR VEHICLE,REAR END,NONE,DAYLIGHT,SNOW,WET
13984,35031447,MONROE,Rochester,1,,N,43.1504585,-77.6358332,12/4/13,18:01,INJURY,2,0,2,COLLISION WITH MOTOR VEHICLE,REAR END,TRAFFIC SIGNAL,DARK-ROAD LIGHTED,CLEAR,DRY
13984,34832180,MONROE,Henrietta,3,,Y,43.0948460,-77.6112590,6/28/13,17:09,PROPERTY DAMAGE AND INJURY,1,0,2,COLLISION WITH MOTOR VEHICLE,REAR END,TRAFFIC SIGNAL,DAYLIGHT,RAIN,WET
13984,34730061,MONROE,Greece,3,,Y,43.2384740,-77.6966480,4/8/13,17:28,PROPERTY DAMAGE AND INJURY,2,0,2,COLLISION WITH MOTOR VEHICLE,RIGHT ANGLE,TRAFFIC SIGNAL,DAYLIGHT,CLOUDY,WET
13984,34830614,MONROE,Rochester,1,940M43011001,Y,43.1658480,-77.6241870,6/27/13,13:39,INJURY,3,0,3,COLLISION WITH OTHER,OTHER,STOP SIGN,DAYLIGHT,CLEAR,DRY
13984,35193820,MONROE,Perinton,3, 31F43011029,Y,43.1022110,-77.4656750,3/11/14,15:30,INJURY,1,0,1,COLLISION WITH PEDESTRIAN,OTHER,TRAFFIC SIGNAL,DAYLIGHT,CLOUDY,DRY
13984,35429654,MONROE,Sweden,3, 31 43031072,N,43.1960401,-77.8942417,9/26/14,20:20,FATAL,0,1,1,COLLISION WITH PEDESTRIAN,OTHER,NONE,DARK-ROAD UNLIGHTED,CLEAR,DRY
13984,34958225,MONROE,Rochester,1,,Y,43.1621390,-77.6230630,9/27/13,9:42,INJURY,1,0,2,COLLISION WITH MOTOR VEHICLE,REAR END,TRAFFIC SIGNAL,DAYLIGHT,CLOUDY,DRY
13984,34921917,MONROE,Rochester,1,,Y,43.1655937,-77.5518215,9/5/13,15:46,INJURY,1,0,2,COLLISION WITH MOTOR VEHICLE,SIDESWIPE,NONE,DAYLIGHT,CLEAR,DRY
13984,35444175,MONROE,Gates,3,,Y,43.1566974,-77.7412432,10/24/14,12:28,PROPERTY DAMAGE AND INJURY,1,0,2,COLLISION WITH MOTOR VEHICLE,RIGHT ANGLE,NONE,DAYLIGHT,CLEAR,DRY
13984,35343412,MONROE,Mendon,3, 65 43031041,N,42.9956932,-77.5778240,7/27/14,17:48,PROPERTY DAMAGE AND INJURY,2,0,2,COLLISION WITH MOTOR VEHICLE,RIGHT ANGLE,NONE,DAYLIGHT,CLEAR,DRY
13984,35189889,MONROE,Rochester,1,,Y,43.2115230,-77.5600430,3/21/14,18:43,PROPERTY DAMAGE AND INJURY,1,0,2,COLLISION WITH MOTOR VEHICLE,RIGHT ANGLE,TRAFFIC SIGNAL,DAYLIGHT,CLEAR,DRY
13984,34817927,MONROE,Rochester,1,,Y,43.1910160,-77.5998220,6/11/13,9:34,PROPERTY DAMAGE AND INJURY,1,0,2,COLLISION WITH MOTOR VEHICLE,REAR END,NONE,DAYLIGHT,RAIN,WET
13984,35248680,MONROE,Rochester,1,490I43022000,N,43.1572095,-77.6731632,5/5/14,7:18,PROPERTY DAMAGE AND INJURY,1,0,2,COLLISION WITH MOTOR VEHICLE,REAR END,NONE,DAYLIGHT,CLEAR,DRY
13984,35198761,MONROE,Rochester,1,,Y,43.1588190,-77.5989741,3/30/14,14:00,PROPERTY DAMAGE AND INJURY,1,0,2,COLLISION WITH MOTOR VEHICLE,REAR END,TRAFFIC SIGNAL,DAYLIGHT,CLOUDY,SNOW/ICE
13984,35391419,MONROE,Ogden,3,,Y,43.1328080,-77.8787860,9/8/14,13:25,PROPERTY DAMAGE AND INJURY,2,0,2,COLLISION WITH MOTOR VEHICLE,RIGHT ANGLE,STOP SIGN,DAYLIGHT,CLEAR,DRY
13984,34869253,MONROE,Rochester,1, 15 43032028,Y,43.1528750,-77.6047900,7/24/13,22:01,INJURY,1,0,2,COLLISION WITH MOTOR VEHICLE,RIGHT ANGLE,TRAFFIC SIGNAL,DARK-ROAD LIGHTED,CLOUDY,DRY
13984,35052098,MONROE,Rochester,1,,Y,43.1842650,-77.6247340,12/19/13,19:30,INJURY,1,0,2,COLLISION WITH MOTOR VEHICLE,REAR END,TRAFFIC SIGNAL,DARK-ROAD LIGHTED,CLEAR,WET
13984,34797894,MONROE,Gates,3, 31 43031181,N,43.1647014,-77.6891790,6/2/13,17:36,PROPERTY DAMAGE AND INJURY,1,0,2,COLLISION WITH MOTOR VEHICLE,RIGHT ANGLE,NONE,DAYLIGHT,CLEAR,DRY
13984,35068055,MONROE,Irondequoit,3,,Y,43.2200160,-77.6034640,1/3/14,18:01,INJURY,1,0,2,COLLISION WITH MOTOR VEHICLE,LEFT TURN (AGAINST OTHER CAR),STOP SIGN,DARK-ROAD LIGHTED,CLOUDY,SNOW/ICE
13984,35227737,MONROE,Penfield,3,,N,43.1822029,-77.5021951,4/18/14,14:05,PROPERTY DAMAGE AND INJURY,1,0,2,COLLISION WITH MOTOR VEHICLE,REAR END,TRAFFIC SIGNAL,DAYLIGHT,CLOUDY,DRY
13984,34973211,MONROE,Webster,3,,N,43.2050972,-77.4746220,10/16/13,17:26,INJURY,1,0,2,COLLISION WITH MOTOR VEHICLE,RIGHT ANGLE,TRAFFIC SIGNAL,DAYLIGHT,CLOUDY,DRY
13984,34688934,MONROE,Gates,3, 31 43031162,Y,43.1745743,-77.7242430,3/10/13,12:28,PROPERTY DAMAGE AND INJURY,3,0,2,COLLISION WITH MOTOR VEHICLE,RIGHT ANGLE,NONE,DAYLIGHT,CLOUDY,DRY
13984,34981807,MONROE,Greece,3,,N,43.2273017,-77.6967850,10/24/13,13:50,PROPERTY DAMAGE AND INJURY,1,0,1,COLLISION WITH DEER,OTHER,NONE,DAYLIGHT,CLOUDY,DRY
13984,34736434,MONROE,Chili,3,383 43011106,N,43.0719668,-77.7067464,4/16/13,9:29,PROPERTY DAMAGE AND INJURY,3,0,2,COLLISION WITH MOTOR VEHICLE,LEFT TURN (AGAINST OTHER CAR),NONE,DAYLIGHT,CLOUDY,DRY
13984,34839143,MONROE,Henrietta,3, 15 43031112,N,43.0915035,-77.6344318,7/5/13,17:52,PROPERTY DAMAGE AND INJURY,1,0,2,COLLISION WITH MOTOR VEHICLE,RIGHT ANGLE,NONE,DAYLIGHT,CLOUDY,DRY
13984,34839326,MONROE,Rochester,1,,N,43.1419410,-77.5947160,7/6/13,15:19,PROPERTY DAMAGE AND INJURY,1,0,2,COLLISION WITH MOTOR VEHICLE,RIGHT ANGLE,TRAFFIC SIGNAL,DAYLIGHT,CLEAR,DRY
13984,35047496,MONROE,Webster,3,104 43035233,Y,43.2139193,-77.5110468,12/17/13,6:50,PROPERTY DAMAGE AND INJURY,1,0,2,COLLISION WITH MOTOR VEHICLE,OVERTAKING,NONE,DAYLIGHT,SNOW,SNOW/ICE
13984,35294589,MONROE,Pittsford,4,,Y,43.0905300,-77.5207970,6/14/14,15:52,INJURY,1,0,1,COLLISION WITH FENCE,OTHER,STOP SIGN,DAYLIGHT,CLEAR,DRY
13984,35031241,MONROE,Henrietta,3,,Y,43.0752440,-77.6490181,12/3/13,9:26,INJURY,1,0,2,COLLISION WITH MOTOR VEHICLE,REAR END,STOP SIGN,DAYLIGHT,CLEAR,DRY
13984,35001621,MONROE,Rochester,1,490I43022028,N,43.1553460,-77.6202889,11/12/13,12:55,PROPERTY DAMAGE AND INJURY,2,0,2,COLLISION WITH MOTOR VEHICLE,OVERTAKING,NONE,DAYLIGHT,CLOUDY,DRY
13984,35467559,MONROE,Penfield,3,,Y,43.1331480,-77.4922770,11/10/14,16:10,PROPERTY DAMAGE AND INJURY,1,0,2,COLLISION WITH MOTOR VEHICLE,RIGHT ANGLE,TRAFFIC SIGNAL,DAYLIGHT,CLEAR,DRY
13984,35073519,MONROE,Penfield,3,441 43011034,N,43.1298219,-77.4767064,1/2/14,20:52,PROPERTY DAMAGE AND INJURY,1,0,2,COLLISION WITH MOTOR VEHICLE,RIGHT ANGLE,NONE,DARK-ROAD LIGHTED,SNOW,SNOW/ICE
13984,35197738,MONROE,Rochester,1,,N,43.1311890,-77.6522120,3/17/14,20:17,PROPERTY DAMAGE AND INJURY,2,0,2,COLLISION WITH MOTOR VEHICLE,OVERTAKING,NONE,DARK-ROAD LIGHTED,CLEAR,DRY
13984,35089218,MONROE,Irondequoit,3,104 43035216,N,43.2094273,-77.5442373,1/7/14,10:55,PROPERTY DAMAGE AND INJURY,1,0,1,COLLISION WITH GUIDE RAIL,OTHER,NONE,DAYLIGHT,CLOUDY,SNOW/ICE
13984,34876896,MONROE,Wheatland,3, 36 43031025,N,43.0187345,-77.8750251,8/2/13,14:52,PROPERTY DAMAGE AND INJURY,1,0,2,COLLISION WITH MOTOR VEHICLE,REAR END,NONE,DAYLIGHT,CLEAR,DRY
13984,35384368,MONROE,Rochester,1,,Y,43.1716010,-77.6465790,8/15/14,16:11,INJURY,1,0,1,COLLISION WITH BICYCLIST,OTHER,NONE,DAYLIGHT,CLEAR,DRY
13984,35430706,MONROE,Greece,3,390 43011038,Y,43.2109943,-77.6748295,10/13/14,8:36,INJURY,1,0,1,COLL. W/LIGHT SUPPORT/UTILITY POLE,OTHER,NONE,DAYLIGHT,CLOUDY,DRY
13984,35428087,MONROE,Gates,3,386 43011106,N,43.1534344,-77.7323499,10/11/14,17:01,INJURY,1,0,1,COLLISION WITH PEDESTRIAN,OTHER,NONE,DAYLIGHT,CLEAR,DRY
13984,35300604,MONROE,Greece,3, 18 43031180,Y,43.2530210,-77.6964430,5/27/14,22:57,PROPERTY DAMAGE AND INJURY,2,0,2,COLLISION WITH MOTOR VEHICLE,RIGHT ANGLE,TRAFFIC SIGNAL,DARK-ROAD LIGHTED,CLEAR,DRY
13984,35008466,MONROE,Webster,3,,N,43.2111380,-77.4450021,11/15/13,11:15,INJURY,1,0,1,COLLISION WITH PEDESTRIAN,OTHER,STOP SIGN,DAYLIGHT,CLOUDY,DRY
13984,35100957,MONROE,Henrietta,3, 15A43041110,Y,43.0827310,-77.6074290,1/20/14,9:26,INJURY,2,0,2,COLLISION WITH MOTOR VEHICLE,REAR END,TRAFFIC SIGNAL,DAYLIGHT,SNOW,SNOW/ICE
13984,34981899,MONROE,Mendon,3,,N,42.9786117,-77.5512613,10/26/13,23:00,PROPERTY DAMAGE AND INJURY,1,0,1,COLLISION WITH TREE,OTHER,NONE,DARK-ROAD UNLIGHTED,CLEAR,DRY
13984,34882005,MONROE,Pittsford,3, 96 43051080,N,43.1204190,-77.5205072,8/5/13,16:16,INJURY,1,0,2,COLLISION WITH MOTOR VEHICLE,REAR END,NONE,DAYLIGHT,CLOUDY,DRY
13984,35208104,MONROE,Perinton,3, 96 43051023,N,43.0575407,-77.4730589,4/4/14,17:37,PROPERTY DAMAGE AND INJURY,1,0,2,COLLISION WITH MOTOR VEHICLE,LEFT TURN (AGAINST OTHER CAR),NONE,DAYLIGHT,RAIN,WET
13984,35054945,MONROE,Rochester,1,,Y,43.2497150,-77.6147510,12/24/13,2:29,INJURY,2,0,2,COLLISION WITH MOTOR VEHICLE,RIGHT ANGLE,TRAFFIC SIGNAL,DARK-ROAD LIGHTED,CLEAR,WET
13984,35150136,MONROE,Penfield,3,,Y,43.1270040,-77.4840380,2/21/14,16:58,INJURY,1,0,2,COLLISION WITH MOTOR VEHICLE,REAR END,TRAFFIC SIGNAL,DUSK,CLEAR,DRY
13984,34979787,MONROE,Rochester,1,940M43011020,Y,43.1938350,-77.6290010,10/23/13,19:50,PROPERTY DAMAGE AND INJURY,2,0,2,COLLISION WITH MOTOR VEHICLE,REAR END,TRAFFIC SIGNAL,DARK-ROAD LIGHTED,CLOUDY,WET
13984,34743752,MONROE,Rochester,1,,Y,43.1682890,-77.5616310,4/22/13,14:55,PROPERTY DAMAGE AND INJURY,2,0,3,COLLISION WITH MOTOR VEHICLE,OTHER,NONE,DAYLIGHT,CLEAR,DRY
13984,34819307,MONROE,Brockport,4, 19 43041058,N,43.2164067,-77.9382317,6/10/13,14:11,INJURY,1,0,1,COLLISION WITH BICYCLIST,OTHER,NONE,DAYLIGHT,RAIN,WET
13984,35119055,MONROE,Rochester,1,,Y,43.1868120,-77.5995710,1/21/14,16:30,INJURY,2,0,2,COLLISION WITH MOTOR VEHICLE,REAR END,TRAFFIC SIGNAL,DAYLIGHT,CLEAR,DRY
13984,34958169,MONROE,Greece,3,,Y,43.2314160,-77.7163400,10/7/13,6:17,PROPERTY DAMAGE AND INJURY,1,0,2,COLLISION WITH MOTOR VEHICLE,RIGHT ANGLE,TRAFFIC SIGNAL,DARK-ROAD LIGHTED,CLOUDY,DRY
13984,35475500,MONROE,Ogden,3, 33 43031093,N,43.1374223,-77.7639730,11/18/14,19:18,PROPERTY DAMAGE AND INJURY,1,0,2,COLLISION WITH MOTOR VEHICLE,RIGHT ANGLE,NONE,DARK-ROAD UNLIGHTED,SNOW,SNOW/ICE
13984,34938861,MONROE,Rochester,1,940M43011003,N,43.1691789,-77.6266708,9/6/13,10:48,INJURY,1,0,1,COLLISION WITH PEDESTRIAN,OTHER,NONE,DAYLIGHT,CLEAR,DRY
13984,35436317,MONROE,Henrietta,3,252 43011054,N,43.0924948,-77.6661509,10/17/14,17:22,PROPERTY DAMAGE AND INJURY,2,0,4,COLLISION WITH MOTOR VEHICLE,OTHER,NONE,DAYLIGHT,CLOUDY,DRY
13984,35140338,MONROE,Pittsford,3,253 43011160,Y,43.1082310,-77.4998280,2/16/14,16:40,INJURY,1,0,2,COLLISION WITH MOTOR VEHICLE,REAR END,TRAFFIC SIGNAL,DAYLIGHT,SNOW,SNOW/ICE
13984,35332954,MONROE,Henrietta,3, 15 43031113,Y,43.0923505,-77.6339803,7/15/14,10:16,INJURY,1,0,2,COLLISION WITH MOTOR VEHICLE,RIGHT ANGLE,NONE,DAYLIGHT,CLOUDY,DRY
13984,34736135,MONROE,Rochester,1,490I43022027,N,43.1564947,-77.6216482,4/2/13,6:00,PROPERTY DAMAGE AND INJURY,1,0,1,COLLISION WITH OTHER BARRIER,OTHER,NONE,DARK-ROAD LIGHTED,SNOW,SNOW/ICE
13984,34761303,MONROE,Rochester,1,,Y,43.1566280,-77.5935940,4/15/13,14:36,PROPERTY DAMAGE AND INJURY,1,0,2,COLLISION WITH MOTOR VEHICLE,RIGHT ANGLE,STOP SIGN,DAYLIGHT,CLEAR,DRY
13984,35014751,MONROE,Webster,3,,N,43.2138760,-77.5155450,11/20/13,12:38,PROPERTY DAMAGE AND INJURY,1,0,2,COLLISION WITH MOTOR VEHICLE,RIGHT ANGLE,TRAFFIC SIGNAL,DAYLIGHT,CLEAR,DRY
13984,35330452,MONROE,Mendon,3,251 43011239,Y,42.9972689,-77.5242337,6/30/14,17:40,PROPERTY DAMAGE AND INJURY,1,0,3,COLLISION WITH MOTOR VEHICLE,OTHER,STOP SIGN,DAYLIGHT,CLEAR,DRY
13984,35316024,MONROE,Greece,3,,Y,43.2021500,-77.6980350,7/6/14,16:45,PROPERTY DAMAGE AND INJURY,3,0,2,COLLISION WITH MOTOR VEHICLE,RIGHT TURN (WITH OTHER CAR),TRAFFIC SIGNAL,DAYLIGHT,CLEAR,DRY
13984,35046071,MONROE,Rochester,1,,Y,43.1699880,-77.6364280,11/28/13,10:11,INJURY,1,0,3,COLLISION WITH MOTOR VEHICLE,OTHER,TRAFFIC SIGNAL,DAYLIGHT,CLEAR,WET
13984,34749327,MONROE,Gates,3,390 43011004,N,43.1617265,-77.6828950,4/25/13,8:00,PROPERTY DAMAGE AND INJURY,1,0,2,COLLISION WITH MOTOR VEHICLE,REAR END,NONE,DAYLIGHT,CLEAR,DRY
13984,35607077,MONROE,Rochester,1,,Y,43.1713050,-77.5694490,12/31/14,0:27,PROPERTY DAMAGE AND INJURY,2,0,2,COLLISION WITH MOTOR VEHICLE,RIGHT ANGLE,TRAFFIC SIGNAL,DARK-ROAD LIGHTED,CLEAR,DRY
13984,35369620,MONROE,Penfield,3,404 43035040,N,43.1757182,-77.5235057,8/4/14,15:35,PROPERTY DAMAGE AND INJURY,1,0,2,COLLISION WITH MOTOR VEHICLE,LEFT TURN (AGAINST OTHER CAR),NONE,DAYLIGHT,CLOUDY,DRY
13984,34758061,MONROE,Brighton,3,,Y,43.1336450,-77.5630610,5/3/13,8:41,INJURY,1,0,1,COLLISION WITH BICYCLIST,OTHER,STOP SIGN,DAYLIGHT,CLEAR,DRY
13984,34940004,MONROE,Gates,3,390I43037002,N,43.1331356,-77.6622499,9/26/13,16:16,INJURY,1,0,1,COLL. W/EARTH ELE./ROCK CUT/DITCH,OTHER,NONE,DAYLIGHT,CLEAR,DRY
13984,35156948,MONROE,Gates,3,390 43011003,N,43.1611954,-77.6813910,2/24/14,16:41,PROPERTY DAMAGE AND INJURY,1,0,2,COLLISION WITH MOTOR VEHICLE,REAR END,NONE,DAYLIGHT,CLEAR,DRY
13984,35190569,MONROE,Irondequoit,3,,N,43.2052970,-77.6173100,3/19/14,12:43,INJURY,2,0,2,COLLISION WITH MOTOR VEHICLE,LEFT TURN (WITH OTHER CAR),NONE,DAYLIGHT,CLOUDY,DRY
13984,34697936,MONROE,Rochester,1, 31 43032055,N,43.1409914,-77.5839325,3/15/13,11:56,PROPERTY DAMAGE AND INJURY,1,0,2,COLLISION WITH MOTOR VEHICLE,LEFT TURN (AGAINST OTHER CAR),NONE,DAYLIGHT,SNOW,WET
13984,35403401,MONROE,Rochester,1,,Y,43.1787410,-77.5990441,9/18/14,14:46,PROPERTY DAMAGE AND INJURY,1,0,2,COLLISION WITH MOTOR VEHICLE,REAR END,NONE,DAYLIGHT,CLOUDY,DRY
13984,35518303,MONROE,Rochester,1,,N,43.1781660,-77.5993040,12/8/14,9:42,PROPERTY DAMAGE AND INJURY,4,0,4,COLLISION WITH MOTOR VEHICLE,OTHER,NONE,DAYLIGHT,CLEAR,DRY
13984,34713578,MONROE,Brighton,3, 65 43031139,Y,43.1270160,-77.5467921,3/30/13,15:42,PROPERTY DAMAGE AND INJURY,1,0,2,COLLISION WITH MOTOR VEHICLE,RIGHT ANGLE,TRAFFIC SIGNAL,DAYLIGHT,CLEAR,DRY
13984,35065765,MONROE,Rochester,1,,Y,43.1792120,-77.6590790,1/3/14,16:34,INJURY,1,0,2,COLLISION WITH MOTOR VEHICLE,REAR END,TRAFFIC SIGNAL,DAYLIGHT,CLOUDY,SNOW/ICE
13984,35294585,MONROE,Penfield,3,441 43011044,Y,43.1310909,-77.4563134,6/13/14,14:09,PROPERTY DAMAGE AND INJURY,1,0,2,COLLISION WITH MOTOR VEHICLE,RIGHT ANGLE,NONE,DAYLIGHT,CLEAR,DRY
13984,34794855,MONROE,Brighton,3, 31 43033022,N,43.1111334,-77.5478758,5/31/13,15:21,PROPERTY DAMAGE AND INJURY,1,0,2,COLLISION WITH MOTOR VEHICLE,LEFT TURN (WITH OTHER CAR),NONE,DAYLIGHT,CLEAR,DRY
13984,34810593,MONROE,Rochester,1,,Y,43.1646290,-77.6324260,6/13/13,11:29,INJURY,1,0,2,COLLISION WITH MOTOR VEHICLE,RIGHT ANGLE,TRAFFIC SIGNAL,DAYLIGHT,RAIN,WET
13984,35494042,MONROE,Rochester,1, 33 43032021,N,43.1508568,-77.6335950,11/30/14,10:15,PROPERTY DAMAGE AND INJURY,4,0,2,COLLISION WITH MOTOR VEHICLE,RIGHT ANGLE,NONE,DAYLIGHT,CLOUDY,DRY
13984,35066254,MONROE,Greece,3,,Y,43.2090418,-77.6900582,12/30/13,10:00,INJURY,1,0,2,COLLISION WITH MOTOR VEHICLE,REAR END,TRAFFIC SIGNAL,DAYLIGHT,CLOUDY,WET
13984,34954017,MONROE,Greece,3,,N,43.2066621,-77.6755270,10/7/13,17:39,INJURY,1,0,2,COLLISION WITH MOTOR VEHICLE,REAR END,NONE,DAYLIGHT,CLOUDY,WET
13984,35458280,MONROE,Rochester,1,,Y,43.1595760,-77.6196200,10/24/14,12:29,PROPERTY DAMAGE AND INJURY,1,0,2,COLLISION WITH MOTOR VEHICLE,RIGHT ANGLE,TRAFFIC SIGNAL,DAYLIGHT,CLEAR,DRY
13984,35268639,MONROE,Rochester,1,,Y,43.1461820,-77.6021890,5/24/14,8:36,PROPERTY DAMAGE AND INJURY,2,0,2,COLLISION WITH MOTOR VEHICLE,RIGHT ANGLE,TRAFFIC SIGNAL,DAYLIGHT,CLEAR,DRY
13984,35032743,MONROE,Rochester,1, 33A43022002,N,43.1423480,-77.6617660,11/30/13,9:34,PROPERTY DAMAGE AND INJURY,1,0,2,COLLISION WITH MOTOR VEHICLE,RIGHT ANGLE,NONE,DAYLIGHT,CLOUDY,DRY
13984,35279425,MONROE,Spencerport,4,259 43011062,N,43.1820184,-77.8042106,6/3/14,15:42,PROPERTY DAMAGE AND INJURY,1,0,2,COLLISION WITH MOTOR VEHICLE,LEFT TURN (AGAINST OTHER CAR),TRAFFIC SIGNAL,DAYLIGHT,CLEAR,DRY