QUERYID,CASE #,REGN_CNTY_CDE,Municipality,MUNITYPE,REF_MRKR,ATINTERSECTION_IND,Lat,Long,,Time,Crash Type,Injuries,Fatalities,Number of Vehicles,ACCD_TYP,COLLISION_TYP,TRAF_CNTL,Light Condition,Weather Condition,Road Surface Condition
13984,35422557,MONROE,Rochester,1,,Y,43.1809230,-77.6418950,9/24/14,10:20,PROPERTY DAMAGE AND INJURY,3,0,2,COLLISION WITH MOTOR VEHICLE,RIGHT ANGLE,STOP SIGN,DAYLIGHT,CLEAR,DRY
13984,34741216,MONROE,Sweden,3,,N,43.1803190,-77.9447900,4/17/13,12:50,INJURY,1,0,1,COLLISION WITH BICYCLIST,OTHER,STOP SIGN,DAYLIGHT,CLEAR,DRY
13984,34772100,MONROE,Gates,3,,Y,43.1569250,-77.7539199,5/6/13,13:05,PROPERTY DAMAGE AND INJURY,2,0,2,COLLISION WITH MOTOR VEHICLE,RIGHT ANGLE,TRAFFIC SIGNAL,DAYLIGHT,CLEAR,DRY
13984,35457729,MONROE,Greece,3,,N,43.1939269,-77.6670751,10/26/14,18:47,INJURY,1,0,2,COLLISION WITH MOTOR VEHICLE,SIDESWIPE,NONE,DARK-ROAD LIGHTED,CLOUDY,DRY
13984,34794800,MONROE,Parma,3,,N,43.2221286,-77.8393707,5/31/13,23:42,PROPERTY DAMAGE AND INJURY,1,0,1,COLLISION WITH DEER,OTHER,NONE,DARK-ROAD LIGHTED,CLEAR,DRY
13984,35179976,MONROE,Clarkson,3,,Y,43.2199850,-77.9216841,3/12/14,13:23,PROPERTY DAMAGE AND INJURY,1,0,2,COLLISION WITH MOTOR VEHICLE,RIGHT ANGLE,STOP SIGN,DAYLIGHT,CLEAR,SNOW/ICE
13984,34949940,MONROE,Rochester,1,,Y,43.1699880,-77.6364280,10/2/13,5:22,INJURY,5,0,2,COLLISION WITH MOTOR VEHICLE,RIGHT ANGLE,TRAFFIC SIGNAL,DARK-ROAD LIGHTED,CLEAR,DRY
13984,34773716,MONROE,Rochester,1,,Y,43.1247980,-77.6158070,5/14/13,15:38,INJURY,1,0,1,COLLISION WITH BICYCLIST,OTHER,STOP SIGN,DAYLIGHT,CLEAR,DRY
13984,35539210,MONROE,Henrietta,3,,N,43.0488773,-77.6904273,11/21/14,16:10,INJURY,1,0,2,COLLISION WITH MOTOR VEHICLE,REAR END,STOPPED SCHOOL BUS W/RED LIGHT FLSH,DAYLIGHT,CLEAR,DRY
13984,34813287,MONROE,Henrietta,3,252 43011070,N,43.0879681,-77.6355478,6/13/13,18:56,PROPERTY DAMAGE AND INJURY,1,0,2,COLLISION WITH MOTOR VEHICLE,RIGHT ANGLE,TRAFFIC SIGNAL,DAYLIGHT,CLOUDY,DRY
13984,35431848,MONROE,Brighton,3,,Y,43.1059670,-77.5767990,10/15/14,7:17,PROPERTY DAMAGE AND INJURY,1,0,2,COLLISION WITH MOTOR VEHICLE,OTHER,TRAFFIC SIGNAL,DARK-ROAD LIGHTED,RAIN,WET
13984,34937503,MONROE,Rochester,1, 15A43042007,Y,43.1207770,-77.6186020,9/16/13,8:15,PROPERTY DAMAGE AND INJURY,1,0,2,COLLISION WITH MOTOR VEHICLE,RIGHT ANGLE,STOP SIGN,DAYLIGHT,CLOUDY,DRY
13984,34743517,MONROE,Pittsford,3,490I43023037,N,43.1038505,-77.5052245,4/20/13,9:27,PROPERTY DAMAGE AND INJURY,1,0,2,COLLISION WITH MOTOR VEHICLE,OVERTAKING,NONE,DAYLIGHT,CLOUDY,DRY
13984,35071358,MONROE,Webster,3,,N,43.2144966,-77.4592899,1/2/14,12:01,PROPERTY DAMAGE AND INJURY,1,0,1,COLLISION WITH GUIDERAIL - END,OTHER,NONE,DAYLIGHT,SNOW,SNOW/ICE
13984,34918121,MONROE,Brighton,3, 31 43033022,N,43.1117973,-77.5487700,9/9/13,17:28,PROPERTY DAMAGE AND INJURY,1,0,2,COLLISION WITH MOTOR VEHICLE,LEFT TURN (AGAINST OTHER CAR),NONE,DAYLIGHT,CLEAR,DRY
13984,34824810,MONROE,Rochester,1,,Y,43.1876260,-77.5762890,6/21/13,17:35,INJURY,1,0,2,COLLISION WITH MOTOR VEHICLE,LEFT TURN (WITH OTHER CAR),TRAFFIC SIGNAL,DAYLIGHT,CLEAR,DRY
13984,35139022,MONROE,Greece,3,,Y,43.2788160,-77.7093630,12/10/13,19:30,INJURY,1,0,1,OTHER NON-COLLISION,OTHER,UNKNOWN,DARK-ROAD LIGHTED,SNOW,SNOW/ICE
13984,34754054,MONROE,Rochester,1,,N,43.1864070,-77.6083686,4/27/13,15:35,INJURY,1,0,2,COLLISION WITH MOTOR VEHICLE,REAR END,NONE,DAYLIGHT,CLEAR,DRY
13984,35397512,MONROE,Rochester,1,,Y,43.1878060,-77.5710910,9/8/14,8:28,PROPERTY DAMAGE AND INJURY,2,0,2,COLLISION WITH MOTOR VEHICLE,REAR END,TRAFFIC SIGNAL,DAYLIGHT,CLEAR,DRY
13984,35361137,MONROE,Gates,3,,N,43.1575727,-77.7114675,8/3/14,23:04,PROPERTY DAMAGE AND INJURY,3,0,2,COLLISION WITH MOTOR VEHICLE,HEAD ON,NONE,DARK-ROAD LIGHTED,RAIN,WET
13984,35412278,MONROE,Rochester,1,,Y,43.1680640,-77.5991980,9/20/14,14:19,INJURY,1,0,2,COLLISION WITH MOTOR VEHICLE,SIDESWIPE,NONE,DAYLIGHT,CLEAR,DRY
13984,35062124,MONROE,Greece,3,386 43011019,N,43.2021207,-77.7319866,11/16/13,19:16,PROPERTY DAMAGE AND INJURY,1,0,5,COLLISION WITH MOTOR VEHICLE,OTHER,TRAFFIC SIGNAL,DARK-ROAD LIGHTED,CLEAR,DRY
13984,35116084,MONROE,Rochester,1,,N,43.1453563,-77.5927877,1/30/14,8:23,INJURY,1,0,2,COLLISION WITH MOTOR VEHICLE,REAR END,NONE,DAYLIGHT,CLEAR,DRY
13984,35014780,MONROE,Gates,3, 31 43031183,N,43.1647007,-77.6862685,11/21/13,16:30,PROPERTY DAMAGE AND INJURY,3,0,2,COLLISION WITH MOTOR VEHICLE,RIGHT ANGLE,NONE,DUSK,RAIN,WET
13984,34728126,MONROE,Greece,3, 18 43031226,N,43.2233638,-77.6413987,4/6/13,12:41,PROPERTY DAMAGE AND INJURY,1,0,2,COLLISION WITH MOTOR VEHICLE,RIGHT ANGLE,TRAFFIC SIGNAL,DAYLIGHT,CLEAR,DRY
13984,35115856,MONROE,Gates,3,490I43021181,N,43.1577560,-77.6738017,1/28/14,16:18,PROPERTY DAMAGE AND INJURY,2,0,4,COLLISION WITH MOTOR VEHICLE,OTHER,NONE,DAYLIGHT,CLEAR,DRY
13984,35265880,MONROE,Brighton,3, 31 43033013,Y,43.1217490,-77.5593740,5/20/14,9:11,PROPERTY DAMAGE AND INJURY,1,0,2,COLLISION WITH MOTOR VEHICLE,REAR END,NONE,DAYLIGHT,CLEAR,DRY
13984,35518873,MONROE,Henrietta,3,,N,43.0919629,-77.5819827,12/8/14,17:22,PROPERTY DAMAGE AND INJURY,2,0,2,COLLISION WITH MOTOR VEHICLE,LEFT TURN (AGAINST OTHER CAR),NONE,DARK-ROAD LIGHTED,CLOUDY,DRY
13984,35337782,MONROE,Greece,3,,Y,43.2051890,-77.6662890,7/19/14,21:42,INJURY,4,0,2,COLLISION WITH MOTOR VEHICLE,REAR END,TRAFFIC SIGNAL,DARK-ROAD LIGHTED,RAIN,WET
13984,34728280,MONROE,Chili,3,,N,43.1228803,-77.7096235,4/9/13,11:55,PROPERTY DAMAGE AND INJURY,2,0,2,COLLISION WITH MOTOR VEHICLE,REAR END,NONE,DAYLIGHT,CLEAR,DRY
13984,34871900,MONROE,Rochester,1,,N,43.1245315,-77.6144016,7/25/13,12:54,INJURY,1,0,2,COLLISION WITH MOTOR VEHICLE,REAR END,TRAFFIC SIGNAL,DAYLIGHT,CLEAR,DRY
13984,34950044,MONROE,Brighton,3,,Y,43.1260360,-77.5780760,10/3/13,8:20,PROPERTY DAMAGE AND INJURY,2,0,3,COLLISION WITH MOTOR VEHICLE,OTHER,TRAFFIC SIGNAL,DAYLIGHT,CLEAR,DRY
13984,35476310,MONROE,Rochester,1, 33 43032012,N,43.1499624,-77.6518953,11/8/14,13:44,INJURY,1,0,1,COLLISION WITH PEDESTRIAN,OTHER,NONE,DAYLIGHT,CLEAR,DRY
13984,35265954,MONROE,Rochester,1,,Y,43.1514521,-77.5962782,5/3/14,2:13,INJURY,1,0,3,COLLISION WITH MOTOR VEHICLE,OTHER,NONE,DARK-ROAD LIGHTED,CLEAR,DRY
13984,34945958,MONROE,Irondequoit,3,,N,43.1961370,-77.6001439,10/2/13,17:44,INJURY,1,0,1,COLLISION WITH PEDESTRIAN,OTHER,TRAFFIC SIGNAL,DAYLIGHT,CLEAR,DRY
13984,34987693,MONROE,Rochester,1,,N,43.1687170,-77.6390470,10/29/13,0:24,PROPERTY DAMAGE AND INJURY,2,0,1,COLL. W/LIGHT SUPPORT/UTILITY POLE,OTHER,NONE,DARK-ROAD LIGHTED,CLEAR,DRY
13984,35233014,MONROE,Chili,3,490I43021104,N,43.1048537,-77.7839001,4/17/14,22:55,INJURY,1,0,1,COLLISION WITH SIGN POST,OTHER,NONE,DARK-ROAD UNLIGHTED,CLEAR,DRY
13984,35239665,MONROE,Rochester,1,490I43022068,N,43.1436726,-77.5492249,4/15/14,22:30,INJURY,1,0,1,COLLISION WITH OTHER BARRIER,OTHER,NONE,DARK-ROAD LIGHTED,SLEET/HAIL/FREEZING RAIN,SNOW/ICE
13984,34852153,MONROE,Brighton,3, 15A43041127,N,43.1057610,-77.6157317,7/15/13,19:40,PROPERTY DAMAGE AND INJURY,1,0,2,COLLISION WITH MOTOR VEHICLE,OVERTAKING,NONE,DAYLIGHT,CLEAR,DRY
13984,35032735,MONROE,Rochester,1,,Y,43.1826890,-77.5993041,12/5/13,20:50,INJURY,1,0,2,COLLISION WITH MOTOR VEHICLE,RIGHT ANGLE,STOP SIGN,DARK-ROAD LIGHTED,CLEAR,DRY
13984,35488434,MONROE,Penfield,3,441 43011067,N,43.1293233,-77.4132319,11/25/14,18:20,INJURY,1,0,2,COLLISION WITH MOTOR VEHICLE,REAR END,NONE,DARK-ROAD LIGHTED,RAIN,WET
13984,35349043,MONROE,Rochester,1,,Y,43.1617070,-77.5859030,8/4/14,23:14,PROPERTY DAMAGE AND INJURY,1,0,2,COLLISION WITH MOTOR VEHICLE,LEFT TURN (WITH OTHER CAR),POLICE/FIRE EMERGENCY,DARK-ROAD LIGHTED,CLOUDY,DRY
13984,35387412,MONROE,Webster,3,,N,43.2369876,-77.5252695,9/4/14,20:48,PROPERTY DAMAGE AND INJURY,1,0,2,COLLISION WITH MOTOR VEHICLE,RIGHT ANGLE,NONE,DARK-ROAD LIGHTED,CLEAR,DRY
13984,35389924,MONROE,Ogden,3,,Y,43.1828960,-77.7738110,9/7/14,18:34,PROPERTY DAMAGE AND INJURY,3,0,2,COLLISION WITH MOTOR VEHICLE,RIGHT ANGLE,TRAFFIC SIGNAL,DAYLIGHT,CLEAR,DRY
13984,34979792,MONROE,Rochester,1,,Y,43.1573920,-77.6388721,10/26/13,2:51,PROPERTY DAMAGE AND INJURY,1,0,2,COLLISION WITH MOTOR VEHICLE,LEFT TURN (AGAINST OTHER CAR),TRAFFIC SIGNAL,DARK-ROAD LIGHTED,CLOUDY,WET
13984,34856559,MONROE,Greece,3,,N,43.1869135,-77.7155978,6/14/13,18:07,INJURY,1,0,2,COLLISION WITH MOTOR VEHICLE,REAR END,NONE,DAYLIGHT,CLEAR,DRY
13984,35421208,MONROE,Perinton,3,,Y,43.0880880,-77.4320900,9/29/14,15:14,INJURY,1,0,2,COLLISION WITH MOTOR VEHICLE,REAR END,STOP SIGN,DAYLIGHT,CLEAR,DRY
13984,34965615,MONROE,Chili,3, 33A43021105,N,43.1068782,-77.7467068,10/14/13,16:10,INJURY,1,0,2,COLLISION WITH MOTOR VEHICLE,LEFT TURN (AGAINST OTHER CAR),TRAFFIC SIGNAL,DAYLIGHT,CLOUDY,DRY
13984,35344487,MONROE,Penfield,3,441 43011041,N,43.1312341,-77.4636714,7/29/14,12:05,INJURY,1,0,2,COLLISION WITH MOTOR VEHICLE,REAR END,TRAFFIC SIGNAL,DAYLIGHT,CLOUDY,DRY
13984,34795879,MONROE,Rochester,1,940M43011020,N,43.1925720,-77.6293111,5/31/13,14:16,INJURY,1,0,2,COLLISION WITH MOTOR VEHICLE,RIGHT ANGLE,NONE,DAYLIGHT,CLEAR,DRY
13984,34800469,MONROE,Chili,3,259 43011013,N,43.1116303,-77.8032244,6/4/13,18:07,PROPERTY DAMAGE AND INJURY,1,0,2,COLLISION WITH MOTOR VEHICLE,REAR END,NONE,DAYLIGHT,CLEAR,DRY
13984,35058962,MONROE,Rochester,1,,Y,43.1753390,-77.5988280,12/15/13,0:51,INJURY,1,0,2,COLLISION WITH MOTOR VEHICLE,RIGHT TURN (WITH OTHER CAR),TRAFFIC SIGNAL,DARK-ROAD LIGHTED,SNOW,SNOW/ICE
13984,35327826,MONROE,Gates,3,386 43011114,N,43.1650156,-77.7324181,7/9/14,12:34,INJURY,1,0,1,COLLISION WITH BICYCLIST,OTHER,NONE,DAYLIGHT,CLEAR,DRY
13984,35062316,MONROE,Brighton,3,,Y,43.1157540,-77.5795990,12/31/13,15:01,PROPERTY DAMAGE AND INJURY,1,0,2,COLLISION WITH MOTOR VEHICLE,REAR END,NONE,DAYLIGHT,CLOUDY,DRY
13984,34698620,MONROE,Wheatland,3,383 43011028,N,43.0131795,-77.8133132,3/18/13,17:02,PROPERTY DAMAGE AND INJURY,1,0,1,COLLISION WITH TREE,OTHER,NONE,DAYLIGHT,SNOW,SNOW/ICE
13984,35134665,MONROE,Rochester,1,,N,43.1708600,-77.5856201,2/1/14,3:28,PROPERTY DAMAGE AND INJURY,1,0,1,COLLISION WITH PEDESTRIAN,OTHER,NONE,DARK-ROAD LIGHTED,CLOUDY,WET
13984,35279865,MONROE,Rochester,1,,Y,43.1460640,-77.6054879,5/23/14,13:06,PROPERTY DAMAGE AND INJURY,1,0,2,COLLISION WITH MOTOR VEHICLE,RIGHT ANGLE,TRAFFIC SIGNAL,DAYLIGHT,RAIN,WET
13984,35137082,MONROE,Wheatland,3,,N,43.0274179,-77.7714410,2/10/14,21:44,PROPERTY DAMAGE AND INJURY,1,0,1,COLLISION WITH TREE,OTHER,NONE,DARK-ROAD UNLIGHTED,CLEAR,DRY
13984,34861222,MONROE,Rochester,1, 18 43032011,Y,43.2019677,-77.6386945,7/22/13,9:20,PROPERTY DAMAGE AND INJURY,1,0,2,COLLISION WITH MOTOR VEHICLE,REAR END,TRAFFIC SIGNAL,DAYLIGHT,CLOUDY,DRY
13984,35265881,MONROE,Rochester,1, 15 43032006,Y,43.1215830,-77.6189280,5/14/14,9:34,INJURY,1,0,1,COLLISION WITH PEDESTRIAN,OTHER,TRAFFIC SIGNAL,DAYLIGHT,CLOUDY,DRY
13984,35389946,MONROE,Henrietta,3,252 43011073,Y,43.0870220,-77.6296950,8/20/14,15:53,PROPERTY DAMAGE AND INJURY,1,0,2,COLLISION WITH MOTOR VEHICLE,LEFT TURN (AGAINST OTHER CAR),TRAFFIC SIGNAL,DAYLIGHT,RAIN,WET
13984,35479758,MONROE,Rochester,1,,N,43.1780689,-77.6134725,11/19/14,10:26,PROPERTY DAMAGE AND INJURY,1,0,2,COLLISION WITH MOTOR VEHICLE,REAR END,NONE,DAYLIGHT,CLEAR,DRY
13984,35109701,MONROE,Brighton,3, 15A43041127,Y,43.1060350,-77.6157480,1/29/14,15:34,INJURY,1,0,3,COLLISION WITH MOTOR VEHICLE,OTHER,TRAFFIC SIGNAL,DAYLIGHT,CLEAR,DRY
13984,35029129,MONROE,Rochester,1,,Y,43.1881610,-77.5609770,12/2/13,19:18,PROPERTY DAMAGE AND INJURY,1,0,2,COLLISION WITH MOTOR VEHICLE,RIGHT ANGLE,TRAFFIC SIGNAL,DARK-ROAD LIGHTED,CLEAR,DRY
13984,35241807,MONROE,Penfield,3,250 43011103,N,43.1827317,-77.4307039,4/12/14,4:16,INJURY,1,0,1,COLLISION WITH TREE,OTHER,NONE,DARK-ROAD LIGHTED,CLOUDY,DRY
13984,35183752,MONROE,Perinton,3,490I43023087,N,43.0410318,-77.4624207,3/14/14,8:05,PROPERTY DAMAGE AND INJURY,1,0,1,COLLISION WITH SNOW EMBANKMENT,OTHER,NONE,DAYLIGHT,CLOUDY,SNOW/ICE
13984,34839138,MONROE,Henrietta,3,,N,43.0761480,-77.6268280,6/27/13,15:18,PROPERTY DAMAGE AND INJURY,3,0,2,COLLISION WITH MOTOR VEHICLE,LEFT TURN (AGAINST OTHER CAR),TRAFFIC SIGNAL,DAYLIGHT,CLOUDY,DRY
13984,35378223,MONROE,Spencerport,4,259 43011062,N,43.1818720,-77.8042191,8/27/14,11:03,PROPERTY DAMAGE AND INJURY,1,0,2,COLLISION WITH MOTOR VEHICLE,REAR END,TRAFFIC SIGNAL,DAYLIGHT,CLEAR,DRY
13984,34975571,MONROE,Rochester,1,,N,43.1878440,-77.5766660,10/23/13,14:30,PROPERTY DAMAGE AND INJURY,2,0,2,COLLISION WITH MOTOR VEHICLE,LEFT TURN (AGAINST OTHER CAR),NONE,DAYLIGHT,CLOUDY,WET
13984,35014754,MONROE,Webster,3,,N,43.2138760,-77.5155450,11/20/13,8:10,PROPERTY DAMAGE AND INJURY,1,0,2,COLLISION WITH MOTOR VEHICLE,LEFT TURN (AGAINST OTHER CAR),TRAFFIC SIGNAL,DAYLIGHT,CLEAR,DRY
13984,35449228,MONROE,Rochester,1,,N,43.1428287,-77.5772274,10/10/14,17:25,PROPERTY DAMAGE AND INJURY,2,0,3,COLLISION WITH MOTOR VEHICLE,OTHER,NONE,DAYLIGHT,CLOUDY,DRY
13984,35023305,MONROE,Greece,3,,N,43.2808997,-77.6953480,11/29/13,16:12,PROPERTY DAMAGE AND INJURY,2,0,2,COLLISION WITH MOTOR VEHICLE,LEFT TURN (AGAINST OTHER CAR),STOP SIGN,DAYLIGHT,CLEAR,DRY
13984,35397443,MONROE,Rochester,1,,Y,43.1714230,-77.5643160,9/8/14,7:20,PROPERTY DAMAGE AND INJURY,2,0,2,COLLISION WITH MOTOR VEHICLE,LEFT TURN (AGAINST OTHER CAR),STOP SIGN,DAYLIGHT,CLEAR,DRY
13984,35006741,MONROE,Rochester,1,,N,43.1503830,-77.5651020,11/16/13,2:46,PROPERTY DAMAGE AND INJURY,1,0,1,COLLISION WITH CURBING,OTHER,TRAFFIC SIGNAL,DARK-ROAD LIGHTED,CLOUDY,DRY
13984,35046128,MONROE,Rochester,1,,Y,43.1938400,-77.6388740,12/13/13,10:32,INJURY,1,0,2,COLLISION WITH MOTOR VEHICLE,REAR END,TRAFFIC SIGNAL,DAYLIGHT,SNOW,SNOW/ICE
13984,34857556,MONROE,Rochester,1,,N,43.1547561,-77.5875556,6/25/13,9:11,PROPERTY DAMAGE AND INJURY,1,0,2,COLLISION WITH MOTOR VEHICLE,LEFT TURN (AGAINST OTHER CAR),NONE,DAYLIGHT,CLOUDY,DRY
13984,35164969,MONROE,Rochester,1,,Y,43.1237880,-77.6314790,3/3/14,20:17,INJURY,1,0,2,COLLISION WITH MOTOR VEHICLE,LEFT TURN (WITH OTHER CAR),TRAFFIC SIGNAL,DARK-ROAD LIGHTED,CLEAR,DRY
13984,35536088,MONROE,Pittsford,3, 31 43033030,N,43.1027105,-77.5382083,12/31/14,8:00,PROPERTY DAMAGE AND INJURY,2,0,2,COLLISION WITH MOTOR VEHICLE,RIGHT ANGLE,TRAFFIC SIGNAL,DAYLIGHT,CLEAR,DRY
13984,35293261,MONROE,Rochester,1,,N,43.1865146,-77.5884351,6/14/14,15:23,PROPERTY DAMAGE AND INJURY,2,0,2,COLLISION WITH MOTOR VEHICLE,RIGHT ANGLE,NONE,DAYLIGHT,CLEAR,DRY
13984,34800637,MONROE,Rochester,1, 15 43032003,Y,43.1180660,-77.6207330,5/31/13,12:58,PROPERTY DAMAGE AND INJURY,1,0,2,COLLISION WITH MOTOR VEHICLE,LEFT TURN (WITH OTHER CAR),NONE,DAYLIGHT,CLEAR,DRY
13984,35312786,MONROE,Rochester,1,,Y,43.1498130,-77.6290191,6/24/14,9:16,PROPERTY DAMAGE AND INJURY,1,0,2,COLLISION WITH MOTOR VEHICLE,RIGHT ANGLE,STOP SIGN,DAYLIGHT,CLOUDY,DRY
13984,35283713,MONROE,Henrietta,3,,N,43.0683999,-77.6255001,6/2/14,9:54,PROPERTY DAMAGE AND INJURY,1,0,1,COLLISION WITH DEER,OTHER,NONE,DAYLIGHT,CLEAR,DRY
13984,34681389,MONROE,Rochester,1,,Y,43.1749150,-77.6132469,3/3/13,1:15,PROPERTY DAMAGE AND INJURY,1,0,1,COLLISION WITH CURBING,OTHER,NONE,DARK-ROAD LIGHTED,CLEAR,WET
13984,35004605,MONROE,Henrietta,3, 15 43031109,N,43.0867909,-77.6369930,11/9/13,14:05,INJURY,1,0,2,COLLISION WITH MOTOR VEHICLE,REAR END,NONE,DAYLIGHT,CLOUDY,DRY
13984,34838087,MONROE,Irondequoit,3,,Y,43.2260498,-77.5994093,7/7/13,6:20,PROPERTY DAMAGE AND INJURY,1,0,1,COLL. W/LIGHT SUPPORT/UTILITY POLE,OTHER,NONE,DAYLIGHT,CLOUDY,WET
13984,34940293,MONROE,Hilton,4, 18 43031105,N,43.2880021,-77.7975953,9/28/13,10:57,PROPERTY DAMAGE AND INJURY,3,0,3,COLLISION WITH MOTOR VEHICLE,OTHER,NONE,DAYLIGHT,CLEAR,DRY
13984,35201218,MONROE,Greece,3,,Y,43.2308733,-77.6299230,3/31/14,8:11,INJURY,1,0,2,COLLISION WITH MOTOR VEHICLE,REAR END,NONE,DAYLIGHT,CLEAR,WET
13984,34916472,MONROE,Perinton,3,490I43023058,N,43.0788140,-77.4854470,9/2/13,17:15,INJURY,1,0,2,COLLISION WITH MOTOR VEHICLE,REAR END,STOP SIGN,DAYLIGHT,CLOUDY,DRY
13984,35494725,MONROE,Rochester,1,,Y,43.1487820,-77.6334561,11/26/14,16:20,INJURY,1,0,1,COLLISION WITH PEDESTRIAN,OTHER,STOP SIGN,DUSK,SNOW,WET
13984,34902365,MONROE,Rochester,1,,N,43.1747806,-77.6132096,8/25/13,23:34,INJURY,3,0,2,COLLISION WITH MOTOR VEHICLE,HEAD ON,NONE,DARK-ROAD UNLIGHTED,RAIN,WET
13984,35090960,MONROE,Brighton,3, 15 43031119,N,43.1005817,-77.6296569,1/17/14,11:28,PROPERTY DAMAGE AND INJURY,1,0,2,COLLISION WITH MOTOR VEHICLE,LEFT TURN (AGAINST OTHER CAR),NONE,DAYLIGHT,CLOUDY,DRY
13984,35342207,MONROE,Pittsford,3,253 43011150,Y,43.0969120,-77.5114730,7/26/14,12:15,PROPERTY DAMAGE AND INJURY,1,0,1,OVERTURNED,OTHER,NO PASSING ZONE,DAYLIGHT,CLEAR,DRY
13984,34995396,MONROE,Rochester,1, 18 43032011,Y,43.2020500,-77.6386930,10/21/13,7:44,PROPERTY DAMAGE AND INJURY,2,0,2,COLLISION WITH MOTOR VEHICLE,RIGHT ANGLE,TRAFFIC SIGNAL,DAYLIGHT,CLEAR,DRY
13984,34803982,MONROE,Rochester,1,,Y,43.1398660,-77.6360130,5/10/13,14:01,INJURY,1,0,1,COLLISION WITH PEDESTRIAN,OTHER,STOP SIGN,DAYLIGHT,CLEAR,DRY
13984,34812703,MONROE,Penfield,3,,N,43.1526143,-77.4160028,6/7/13,18:50,INJURY,1,0,1,COLLISION WITH BICYCLIST,OTHER,NONE,DAYLIGHT,RAIN,WET
13984,35499508,MONROE,Penfield,3,404 43035054,Y,43.1862950,-77.5058070,12/4/14,18:04,PROPERTY DAMAGE AND INJURY,1,0,2,COLLISION WITH MOTOR VEHICLE,REAR END,NONE,DARK-ROAD LIGHTED,CLOUDY,DRY
13984,35215305,MONROE,Rochester,1,,Y,43.1230381,-77.6294621,3/12/14,13:36,PROPERTY DAMAGE AND INJURY,1,0,2,COLLISION WITH MOTOR VEHICLE,LEFT TURN (AGAINST OTHER CAR),TRAFFIC SIGNAL,DAYLIGHT,SNOW,SNOW/ICE
13984,35004479,MONROE,Greece,3, 18 43031208,N,43.2482803,-77.6468146,11/15/13,17:31,PROPERTY DAMAGE AND INJURY,1,0,2,COLLISION WITH MOTOR VEHICLE,RIGHT ANGLE,NONE,DARK-ROAD LIGHTED,CLEAR,DRY
13984,35279855,MONROE,Rochester,1,,Y,43.1532067,-77.6394982,6/1/14,18:15,INJURY,2,0,2,COLLISION WITH MOTOR VEHICLE,RIGHT ANGLE,NONE,DAYLIGHT,CLEAR,DRY
13984,35447415,MONROE,Scottsville,4,253 43011001,Y,43.0281500,-77.7416670,10/16/14,20:45,PROPERTY DAMAGE AND INJURY,1,0,2,COLLISION WITH MOTOR VEHICLE,LEFT TURN (WITH OTHER CAR),NONE,DARK-ROAD LIGHTED,RAIN,WET
13984,35183913,MONROE,Rochester,1,,Y,43.1328790,-77.6550940,3/14/14,6:57,INJURY,1,0,2,COLLISION WITH MOTOR VEHICLE,REAR END,NONE,DAWN,CLEAR,SNOW/ICE
13984,35117920,MONROE,Henrietta,3, 15 43031111,N,43.0894147,-77.6355755,1/27/14,18:58,INJURY,1,0,1,COLLISION WITH PEDESTRIAN,OTHER,NONE,DARK-ROAD LIGHTED,CLOUDY,WET
13984,35510818,MONROE,Ogden,3,,N,43.1989242,-77.8537000,12/10/14,16:30,INJURY,1,0,2,COLLISION WITH MOTOR VEHICLE,RIGHT ANGLE,NO PASSING ZONE,DUSK,SNOW,SNOW/ICE
13984,35166163,MONROE,Greece,3,,Y,43.2113340,-77.6952410,3/2/14,14:48,PROPERTY DAMAGE AND INJURY,1,0,2,COLLISION WITH MOTOR VEHICLE,OVERTAKING,NONE,DAYLIGHT,CLEAR,DRY
13984,35091399,MONROE,Hamlin,3,,N,43.3037566,-77.9660394,1/19/14,20:55,PROPERTY DAMAGE AND INJURY,1,0,1,COLL. W/LIGHT SUPPORT/UTILITY POLE,OTHER,NONE,DARK-ROAD UNLIGHTED,CLEAR,SNOW/ICE
13984,34983761,MONROE,Penfield,3,404 43035051,N,43.1821436,-77.5080039,10/24/13,16:35,INJURY,1,0,2,COLLISION WITH MOTOR VEHICLE,REAR END,NONE,DAYLIGHT,RAIN,WET
13984,35100954,MONROE,Webster,3,404 43035094,N,43.2107364,-77.4410412,1/17/14,2:28,PROPERTY DAMAGE AND INJURY,1,0,1,COLLISION WITH SNOW EMBANKMENT,OTHER,NONE,DARK-ROAD UNLIGHTED,CLOUDY,DRY
13984,35518325,MONROE,Brighton,3,590I43011024,N,43.1084875,-77.5631268,12/18/14,17:37,INJURY,1,0,2,COLLISION WITH MOTOR VEHICLE,OVERTAKING,NONE,DARK-ROAD UNLIGHTED,CLOUDY,WET
13984,34910097,MONROE,Rochester,1,940T43011004,N,43.1590124,-77.6153073,8/28/13,15:40,PROPERTY DAMAGE AND INJURY,1,0,4,COLLISION WITH MOTOR VEHICLE,OTHER,NONE,DAYLIGHT,CLEAR,DRY