QUERYID,CASE #,REGN_CNTY_CDE,Municipality,MUNITYPE,REF_MRKR,ATINTERSECTION_IND,Lat,Long,,Time,Crash Type,Injuries,Fatalities,Number of Vehicles,ACCD_TYP,COLLISION_TYP,TRAF_CNTL,Light Condition,Weather Condition,Road Surface Condition
13984,35442008,MONROE,Gates,3, 31 43031177,Y,43.1675870,-77.6973510,10/15/14,17:16,PROPERTY DAMAGE AND INJURY,2,0,2,COLLISION WITH MOTOR VEHICLE,REAR END,NONE,DAYLIGHT,RAIN,WET
13984,34927161,MONROE,Gates,3, 31 43031176,N,43.1680709,-77.6983801,9/17/13,7:14,PROPERTY DAMAGE AND INJURY,1,0,2,COLLISION WITH MOTOR VEHICLE,REAR END,NONE,DAYLIGHT,CLEAR,DRY
13984,35386782,MONROE,Rochester,1,,Y,43.1821170,-77.5954840,8/31/14,21:38,PROPERTY DAMAGE AND INJURY,3,0,2,COLLISION WITH MOTOR VEHICLE,RIGHT ANGLE,STOP SIGN,DARK-ROAD LIGHTED,CLEAR,DRY
13984,35185623,MONROE,Greece,3,104 43031160,Y,43.2096191,-77.6936925,3/7/14,15:10,INJURY,1,0,2,COLLISION WITH MOTOR VEHICLE,REAR END,TRAFFIC SIGNAL,DAYLIGHT,CLEAR,DRY
13984,34766988,MONROE,Rochester,1,,N,43.1419410,-77.5947160,4/28/13,12:45,INJURY,1,0,1,COLLISION WITH BICYCLIST,OTHER,TRAFFIC SIGNAL,DAYLIGHT,CLEAR,DRY
13984,35016750,MONROE,Brighton,3, 15 43031122,Y,43.1042450,-77.6277900,11/24/13,11:48,PROPERTY DAMAGE AND INJURY,1,0,2,COLLISION WITH MOTOR VEHICLE,LEFT TURN (AGAINST OTHER CAR),TRAFFIC SIGNAL,DAYLIGHT,CLOUDY,WET
13984,35159550,MONROE,Perinton,3, 31 43033085,Y,43.0693428,-77.4423640,2/23/14,19:27,PROPERTY DAMAGE AND INJURY,1,0,2,COLLISION WITH MOTOR VEHICLE,REAR END,TRAFFIC SIGNAL,DARK-ROAD LIGHTED,CLEAR,DRY
13984,34738581,MONROE,Rochester,1,,N,43.1680987,-77.5700016,4/17/13,17:24,INJURY,1,0,1,COLLISION WITH PEDESTRIAN,OTHER,NONE,DAYLIGHT,CLEAR,DRY
13984,35302992,UNKNOWN COUNTY,,0,,N,43.1336781,-77.6192723,6/3/14,7:47,INJURY,1,0,2,COLLISION WITH OTHER PEDESTRIAN,OTHER,NONE,DAYLIGHT,RAIN,WET
13984,35099085,MONROE,Gates,3,390 43011012,N,43.1737256,-77.6834255,1/21/14,13:39,PROPERTY DAMAGE AND INJURY,2,0,2,COLLISION WITH MOTOR VEHICLE,REAR END,NONE,DAYLIGHT,CLOUDY,WET
13984,35411786,MONROE,Perinton,3, 31 43033091,N,43.0686142,-77.4304318,9/26/14,7:14,PROPERTY DAMAGE AND INJURY,1,0,2,COLLISION WITH MOTOR VEHICLE,RIGHT ANGLE,NONE,DAYLIGHT,CLEAR,DRY
13984,35053149,MONROE,Clarkson,3,,N,43.2457180,-77.9454056,12/22/13,15:10,PROPERTY DAMAGE AND INJURY,2,0,1,COLLISION WITH TREE,OTHER,NONE,DAYLIGHT,RAIN,FLOODED WATER
13984,34685495,MONROE,Webster,3,104 43035074,N,43.2044323,-77.4797116,3/2/13,9:50,PROPERTY DAMAGE AND INJURY,1,0,2,COLLISION WITH MOTOR VEHICLE,REAR END,NONE,DAYLIGHT,SNOW,WET
13984,35116056,MONROE,Rochester,1,,N,43.1881830,-77.5841584,1/27/14,7:22,PROPERTY DAMAGE AND INJURY,2,0,2,COLLISION WITH MOTOR VEHICLE,RIGHT ANGLE,NONE,DAYLIGHT,SNOW,SNOW/ICE
13984,35391455,MONROE,Greece,3,,N,43.2137722,-77.7268151,9/7/14,20:50,INJURY,1,0,1,COLLISION WITH BUILDING/WALL,OTHER,NONE,DARK-ROAD LIGHTED,CLEAR,DRY
13984,35346480,MONROE,Rochester,1,590I43012003,N,43.1424227,-77.5507474,7/28/14,10:00,PROPERTY DAMAGE AND INJURY,1,0,1,COLLISION WITH OTHER BARRIER,OTHER,NONE,DAYLIGHT,RAIN,WET
13984,34788991,MONROE,Rochester,1,,Y,43.2223180,-77.6276421,5/22/13,15:16,INJURY,1,0,2,COLLISION WITH MOTOR VEHICLE,LEFT TURN (WITH OTHER CAR),TRAFFIC SIGNAL,DAYLIGHT,CLEAR,DRY
13984,35101867,MONROE,Rochester,1,,N,43.1699557,-77.6578128,1/23/14,8:57,PROPERTY DAMAGE AND INJURY,1,0,2,COLLISION WITH MOTOR VEHICLE,RIGHT TURN (AGAINST OTHER CAR),NONE,DAYLIGHT,CLOUDY,SNOW/ICE
13984,35157987,MONROE,Perinton,3, 96 43051000,Y,43.0349880,-77.4456509,2/26/14,8:16,PROPERTY DAMAGE AND INJURY,2,0,2,COLLISION WITH MOTOR VEHICLE,REAR END,TRAFFIC SIGNAL,DAYLIGHT,CLEAR,WET
13984,34874209,MONROE,Rochester,1,,Y,43.1617570,-77.6083030,7/27/13,16:25,INJURY,1,0,1,COLLISION WITH BICYCLIST,OTHER,TRAFFIC SIGNAL,DAYLIGHT,CLOUDY,DRY
13984,35076685,MONROE,Webster,3,,N,43.2119978,-77.5327348,1/7/14,11:08,PROPERTY DAMAGE AND INJURY,1,0,2,COLLISION WITH MOTOR VEHICLE,REAR END,NONE,DAYLIGHT,CLOUDY,SNOW/ICE
13984,35385428,MONROE,Webster,3,,Y,43.2141726,-77.5155403,8/29/14,21:00,PROPERTY DAMAGE AND INJURY,1,0,2,COLLISION WITH MOTOR VEHICLE,LEFT TURN (AGAINST OTHER CAR),TRAFFIC SIGNAL,DARK-ROAD LIGHTED,CLEAR,DRY
13984,35334542,MONROE,Gates,3,386 43011100,Y,43.1438460,-77.7322930,7/21/14,21:04,PROPERTY DAMAGE AND INJURY,1,0,2,COLLISION WITH MOTOR VEHICLE,RIGHT ANGLE,TRAFFIC SIGNAL,DARK-ROAD LIGHTED,CLEAR,DRY
13984,35050963,MONROE,Pittsford,4, 96 43051057,Y,43.0896030,-77.5160870,12/11/13,10:51,PROPERTY DAMAGE AND INJURY,1,0,2,COLLISION WITH MOTOR VEHICLE,LEFT TURN (AGAINST OTHER CAR),STOP SIGN,DAYLIGHT,CLOUDY,WET
13984,35529879,MONROE,Rochester,1,,N,43.1676735,-77.5756216,12/23/14,22:27,INJURY,1,0,1,COLLISION WITH PEDESTRIAN,OTHER,NONE,DARK-ROAD LIGHTED,CLEAR,DRY
13984,35073554,MONROE,Rochester,1,390I43032005,N,43.1212040,-77.6456079,1/7/14,10:29,PROPERTY DAMAGE AND INJURY,2,0,1,COLLISION WITH GUIDE RAIL,OTHER,NONE,DAYLIGHT,SNOW,SNOW/ICE
13984,35176279,UNKNOWN COUNTY,,0,,N,43.1648553,-77.6141937,3/13/14,17:53,INJURY,1,0,2,COLLISION WITH MOTOR VEHICLE,REAR END,TRAFFIC SIGNAL,DAYLIGHT,CLEAR,SNOW/ICE
13984,34817922,MONROE,Rochester,1, 15A43042005,Y,43.1181660,-77.6175090,3/19/13,14:30,INJURY,2,0,2,COLLISION WITH MOTOR VEHICLE,LEFT TURN (AGAINST OTHER CAR),STOP SIGN,DAYLIGHT,CLEAR,WET
13984,35126474,MONROE,Irondequoit,3,104 43033001,N,43.1959004,-77.5822917,1/29/14,8:06,PROPERTY DAMAGE AND INJURY,1,0,1,COLL. W/LIGHT SUPPORT/UTILITY POLE,OTHER,NONE,DAYLIGHT,CLEAR,DRY
13984,35133697,MONROE,Henrietta,3,,N,43.0578578,-77.6237997,2/7/14,13:16,INJURY,1,0,2,COLLISION WITH MOTOR VEHICLE,RIGHT ANGLE,NONE,DAYLIGHT,CLOUDY,DRY
13984,34957825,MONROE,Henrietta,3,252 43011052,N,43.0923734,-77.6689314,10/8/13,11:55,PROPERTY DAMAGE AND INJURY,2,0,2,COLLISION WITH CURBING,HEAD ON,NONE,DAYLIGHT,CLEAR,DRY
13984,35475542,MONROE,Brighton,3, 15A43041121,Y,43.0960256,-77.6124333,11/19/14,12:59,INJURY,1,0,2,COLLISION WITH MOTOR VEHICLE,REAR END,TRAFFIC SIGNAL,DAYLIGHT,CLEAR,DRY
13984,34861191,MONROE,Rochester,1,,Y,43.1869565,-77.5957649,7/16/13,18:49,INJURY,1,0,1,COLLISION WITH BICYCLIST,OTHER,TRAFFIC SIGNAL,DAYLIGHT,CLEAR,DRY
13984,34937619,MONROE,Brighton,3, 15A43041128,N,43.1075932,-77.6159180,9/24/13,12:25,INJURY,1,0,2,COLLISION WITH MOTOR VEHICLE,REAR END,TRAFFIC SIGNAL,DAYLIGHT,CLEAR,DRY
13984,34923885,MONROE,Greece,3,386 43011019,N,43.2022579,-77.7319848,9/12/13,9:04,PROPERTY DAMAGE AND INJURY,1,0,3,COLLISION WITH MOTOR VEHICLE,OTHER,TRAFFIC SIGNAL,DAYLIGHT,CLOUDY,WET
13984,35164746,MONROE,Penfield,3,,Y,43.1339422,-77.4757731,3/5/14,14:48,PROPERTY DAMAGE AND INJURY,1,0,3,COLLISION WITH MOTOR VEHICLE,OTHER,NONE,DAYLIGHT,SNOW,WET
13984,34719852,MONROE,Rochester,1,,Y,43.1536978,-77.5616662,3/19/13,1:05,PROPERTY DAMAGE AND INJURY,2,0,1,COLLISION WITH TREE,OTHER,NONE,DARK-ROAD LIGHTED,SLEET/HAIL/FREEZING RAIN,SLUSH
13984,35119103,MONROE,Rochester,1,,N,43.1711875,-77.6430150,2/1/14,19:41,INJURY,2,0,2,COLLISION WITH MOTOR VEHICLE,HEAD ON,NONE,DARK-ROAD LIGHTED,RAIN,WET
13984,35435024,MONROE,Rochester,1,940M43011001,Y,43.1658480,-77.6241870,10/17/14,8:30,PROPERTY DAMAGE AND INJURY,1,0,2,COLLISION WITH MOTOR VEHICLE,REAR END,TRAFFIC SIGNAL,DAYLIGHT,RAIN,WET
13984,35061150,MONROE,Perinton,3,250 43011000,Y,43.0369277,-77.4505821,12/23/13,15:24,PROPERTY DAMAGE AND INJURY,1,0,3,COLLISION WITH MOTOR VEHICLE,OTHER,TRAFFIC SIGNAL,DAYLIGHT,CLOUDY,WET
13984,34815969,MONROE,Gates,3,390 43011015,N,43.1786680,-77.6837340,6/17/13,17:29,PROPERTY DAMAGE AND INJURY,1,0,1,COLLISION WITH TREE,OTHER,NONE,DAYLIGHT,CLEAR,DRY
13984,35364127,MONROE,Rochester,1,490I43022039,N,43.1478467,-77.6019505,8/14/14,9:25,PROPERTY DAMAGE AND INJURY,1,0,2,COLLISION WITH MOTOR VEHICLE,REAR END,NONE,DAYLIGHT,CLOUDY,DRY
13984,34975055,MONROE,Brighton,3,,N,43.0936543,-77.6414888,10/14/13,10:30,INJURY,1,0,1,COLLISION WITH CURBING,OTHER,NONE,DAYLIGHT,CLOUDY,DRY
13984,34973053,MONROE,Rochester,1,,N,43.1792710,-77.6457445,10/21/13,17:52,INJURY,1,0,1,COLLISION WITH PEDESTRIAN,OTHER,NONE,DUSK,CLEAR,DRY
13984,34756112,MONROE,Rochester,1,940M43011012,Y,43.1809370,-77.6317380,4/18/13,8:38,INJURY,1,0,2,COLLISION WITH MOTOR VEHICLE,REAR END,TRAFFIC SIGNAL,DAYLIGHT,CLEAR,DRY
13984,34821185,MONROE,Irondequoit,3,,N,43.1967925,-77.5949136,6/20/13,13:07,PROPERTY DAMAGE AND INJURY,1,0,2,COLLISION WITH MOTOR VEHICLE,REAR END,NONE,DAYLIGHT,CLEAR,DRY
13984,35393259,MONROE,Rochester,1,490I43022062,N,43.1446297,-77.5611451,9/9/14,20:50,INJURY,1,0,2,COLLISION WITH MOTOR VEHICLE,REAR END,NONE,DARK-ROAD LIGHTED,CLEAR,DRY
13984,34984853,MONROE,Rochester,1,383 43012028,Y,43.1544750,-77.6120060,10/30/13,13:17,INJURY,1,0,1,COLLISION WITH BICYCLIST,OTHER,TRAFFIC SIGNAL,DAYLIGHT,CLEAR,DRY
13984,34789024,MONROE,Rochester,1,,N,43.1593385,-77.6430532,5/26/13,21:48,INJURY,2,0,1,COLLISION WITH PEDESTRIAN,OTHER,NONE,DARK-ROAD LIGHTED,CLEAR,DRY
13984,35219107,MONROE,Rochester,1,,Y,43.1743300,-77.6075810,4/7/14,17:50,PROPERTY DAMAGE AND INJURY,1,0,2,COLLISION WITH MOTOR VEHICLE,RIGHT ANGLE,NONE,DAYLIGHT,RAIN,WET
13984,35484969,MONROE,Mendon,3,,N,43.0238926,-77.5006135,11/22/14,14:06,PROPERTY DAMAGE AND INJURY,1,0,3,COLLISION WITH MOTOR VEHICLE,OTHER,NONE,DAYLIGHT,CLOUDY,WET
13984,35387847,MONROE,Henrietta,3, 15 43031107,N,43.0841839,-77.6384072,8/1/14,11:49,INJURY,1,0,2,COLLISION WITH MOTOR VEHICLE,OVERTAKING,TRAFFIC SIGNAL,DAYLIGHT,CLEAR,DRY
13984,34782921,MONROE,Rochester,1,,Y,43.1398800,-77.6350710,4/28/13,22:57,INJURY,1,0,2,COLLISION WITH MOTOR VEHICLE,LEFT TURN (AGAINST OTHER CAR),NONE,DARK-ROAD LIGHTED,CLOUDY,WET
13984,35078600,MONROE,Brighton,3,441 43011104,N,43.1289558,-77.5229945,1/8/14,16:23,PROPERTY DAMAGE AND INJURY,1,0,3,COLLISION WITH MOTOR VEHICLE,OTHER,NONE,DAYLIGHT,CLEAR,DRY
13984,35523160,MONROE,Penfield,3,,Y,43.1823170,-77.4747650,12/19/14,19:22,PROPERTY DAMAGE AND INJURY,1,0,2,COLLISION WITH MOTOR VEHICLE,RIGHT ANGLE,TRAFFIC SIGNAL,DARK-ROAD LIGHTED,CLOUDY,DRY
13984,34832356,MONROE,Rochester,1,,Y,43.1491840,-77.5920820,6/29/13,21:30,PROPERTY DAMAGE AND INJURY,1,0,2,COLLISION WITH MOTOR VEHICLE,RIGHT ANGLE,STOP SIGN,DARK-ROAD UNLIGHTED,CLEAR,DRY
13984,35065774,MONROE,Rochester,1,,Y,43.1738580,-77.6574150,12/1/13,18:02,INJURY,1,0,1,COLLISION WITH BICYCLIST,OTHER,STOP SIGN,DAYLIGHT,CLEAR,DRY
13984,35533068,MONROE,Perinton,3, 31 43033097,N,43.0668105,-77.4189637,12/24/14,14:16,INJURY,2,0,2,COLLISION WITH MOTOR VEHICLE,REAR END,NONE,DAYLIGHT,CLEAR,DRY
13984,34810869,MONROE,Rochester,1,490I43022025,N,43.1574511,-77.6242472,6/15/13,1:52,PROPERTY DAMAGE AND INJURY,1,0,1,COLLISION WITH GUIDERAIL - END,OTHER,NONE,DARK-ROAD LIGHTED,CLEAR,DRY
13984,34702916,MONROE,Sweden,3,,N,43.1364650,-77.9250061,3/15/13,9:20,PROPERTY DAMAGE AND INJURY,1,0,1,COLLISION WITH DEER,OTHER,NONE,DAYLIGHT,SNOW,WET
13984,35336991,MONROE,Rochester,1, 96 43052022,N,43.1525510,-77.5872960,7/22/14,15:58,INJURY,1,0,1,COLLISION WITH PEDESTRIAN,OTHER,NONE,DAYLIGHT,CLEAR,DRY
13984,35348188,MONROE,Rochester,1, 33 43032020,N,43.1509250,-77.6365590,7/5/14,18:10,PROPERTY DAMAGE AND INJURY,1,0,2,COLLISION WITH MOTOR VEHICLE,SIDESWIPE,TRAFFIC SIGNAL,DAYLIGHT,CLEAR,DRY
13984,35051347,MONROE,Pittsford,3,,N,43.1191140,-77.5129430,7/6/13,0:00,PROPERTY DAMAGE AND INJURY,1,0,1,OVERTURNED,OTHER,UNKNOWN,DUSK,CLEAR,SNOW/ICE
13984,35029914,MONROE,Webster,4,,N,43.2072760,-77.4303321,11/23/13,17:36,PROPERTY DAMAGE AND INJURY,1,0,3,COLLISION WITH MOTOR VEHICLE,OTHER,NONE,DARK-ROAD LIGHTED,SNOW,SNOW/ICE
13984,34958800,MONROE,Brighton,3,,Y,43.1313310,-77.5630080,10/13/13,12:02,PROPERTY DAMAGE AND INJURY,2,0,3,COLLISION WITH MOTOR VEHICLE,OTHER,NONE,DAYLIGHT,CLEAR,DRY
13984,35282620,MONROE,Chili,3,,N,43.1125881,-77.7968249,6/4/14,20:50,PROPERTY DAMAGE AND INJURY,1,0,1,COLLISION WITH DEER,OTHER,NONE,DUSK,CLEAR,DRY
13984,35448860,MONROE,Webster,3,404 43035085,N,43.2088839,-77.4596554,10/17/14,18:19,PROPERTY DAMAGE AND INJURY,1,0,2,COLLISION WITH MOTOR VEHICLE,RIGHT ANGLE,NONE,DAYLIGHT,CLEAR,DRY
13984,34904724,MONROE,Rochester,1,,Y,43.1982910,-77.5615750,8/20/13,20:53,PROPERTY DAMAGE AND INJURY,2,0,2,COLLISION WITH MOTOR VEHICLE,RIGHT ANGLE,STOP SIGN,DARK-ROAD LIGHTED,CLEAR,DRY
13984,34850700,MONROE,Rochester,1,,Y,43.1605300,-77.6182609,7/13/13,15:48,INJURY,1,0,1,COLLISION WITH BICYCLIST,OTHER,TRAFFIC SIGNAL,DAYLIGHT,CLOUDY,DRY
13984,35190570,MONROE,Henrietta,3,,Y,43.0783210,-77.6876490,3/20/14,21:20,PROPERTY DAMAGE AND INJURY,1,0,2,COLLISION WITH MOTOR VEHICLE,RIGHT ANGLE,TRAFFIC SIGNAL,DARK-ROAD LIGHTED,CLOUDY,WET
13984,35047790,MONROE,Greece,3,386 43011019,Y,43.2023950,-77.7319830,12/15/13,13:11,PROPERTY DAMAGE AND INJURY,1,0,3,COLLISION WITH MOTOR VEHICLE,OTHER,TRAFFIC SIGNAL,DAYLIGHT,SNOW,WET
13984,35383569,MONROE,Irondequoit,3,,Y,43.1893160,-77.5764111,9/1/14,17:30,PROPERTY DAMAGE AND INJURY,2,0,2,COLLISION WITH MOTOR VEHICLE,REAR END,TRAFFIC SIGNAL,DAYLIGHT,RAIN,WET
13984,34757973,MONROE,Gates,3,,N,43.1780465,-77.6853917,5/3/13,5:50,PROPERTY DAMAGE AND INJURY,1,0,1,COLLISION WITH TREE,OTHER,NONE,DAWN,CLEAR,DRY
13984,34803898,MONROE,Parma,3,259 43011106,N,43.2440701,-77.7915249,6/5/13,18:51,PROPERTY DAMAGE AND INJURY,1,0,2,COLLISION WITH MOTOR VEHICLE,REAR END,NONE,DAYLIGHT,CLEAR,DRY
13984,35311507,MONROE,Rochester,1,,Y,43.1553440,-77.6290200,6/26/14,15:15,PROPERTY DAMAGE AND INJURY,2,0,2,COLLISION WITH MOTOR VEHICLE,LEFT TURN (WITH OTHER CAR),NONE,DAYLIGHT,CLEAR,DRY
13984,35548394,MONROE,Rochester,1,,Y,43.1503110,-77.6026870,10/19/14,13:53,PROPERTY DAMAGE AND INJURY,1,0,2,COLLISION WITH MOTOR VEHICLE,UNKNOWN,UNKNOWN,DAYLIGHT,CLOUDY,DRY
13984,35468511,MONROE,Irondequoit,3,590 43013007,N,43.1767323,-77.5425326,11/13/14,23:16,PROPERTY DAMAGE AND INJURY,1,0,1,COLLISION WITH OTHER BARRIER,OTHER,NONE,DARK-ROAD LIGHTED,CLOUDY,SNOW/ICE
13984,35065189,MONROE,Churchville,4, 33 43031031,Y,43.1064804,-77.8758986,1/2/14,15:13,INJURY,1,0,1,COLLISION WITH SIGN POST,OTHER,NONE,DAYLIGHT,SNOW,SNOW/ICE
13984,35220532,MONROE,Rochester,1, 18 43032000,N,43.2173412,-77.6412874,4/8/14,21:38,FATAL,0,1,1,COLLISION WITH PEDESTRIAN,OTHER,NONE,DARK-ROAD LIGHTED,CLEAR,DRY
13984,34939527,MONROE,Brighton,3,,N,43.1575535,-77.5373201,9/23/13,14:05,PROPERTY DAMAGE AND INJURY,1,0,2,COLLISION WITH MOTOR VEHICLE,LEFT TURN (WITH OTHER CAR),NONE,DAYLIGHT,CLEAR,DRY
13984,34712484,MONROE,Ogden,3,259 43011057,N,43.1747862,-77.8046143,3/30/13,16:18,PROPERTY DAMAGE AND INJURY,1,0,1,COLLISION WITH DEER,OTHER,NONE,DAYLIGHT,CLEAR,DRY
13984,35306871,MONROE,Rochester,1, 31 43032019,Y,43.1646280,-77.6388650,6/18/14,8:14,INJURY,2,0,2,COLLISION WITH MOTOR VEHICLE,REAR END,TRAFFIC SIGNAL,DAYLIGHT,CLEAR,DRY
13984,35238368,MONROE,Brighton,3,441 43011100,Y,43.1284510,-77.5289370,4/25/14,21:36,PROPERTY DAMAGE AND INJURY,1,0,1,COLLISION WITH TREE,OTHER,TRAFFIC SIGNAL,DARK-ROAD LIGHTED,RAIN,WET
13984,35289128,MONROE,Chili,3,252 43011024,N,43.0889876,-77.7231769,6/10/14,17:16,INJURY,1,0,2,COLLISION WITH MOTOR VEHICLE,SIDESWIPE,NONE,DAYLIGHT,CLEAR,DRY
13984,35280600,MONROE,Webster,3,404 43035075,N,43.2045502,-77.4782911,6/4/14,12:08,PROPERTY DAMAGE AND INJURY,1,0,2,COLLISION WITH MOTOR VEHICLE,REAR END,NONE,DAYLIGHT,CLEAR,DRY
13984,35439288,MONROE,Brighton,3,390I43031142,N,43.1080791,-77.6162979,10/20/14,13:24,INJURY,2,0,2,COLLISION WITH MOTOR VEHICLE,REAR END,YIELD SIGN,DAYLIGHT,CLOUDY,DRY
13984,35311185,MONROE,Gates,3,390 43011010,N,43.1710515,-77.6830387,6/23/14,12:10,PROPERTY DAMAGE AND INJURY,1,0,1,COLLISION WITH GUIDERAIL - END,OTHER,NONE,DAYLIGHT,CLEAR,DRY
13984,34934475,MONROE,Rochester,1,,Y,43.1310010,-77.6453660,9/21/13,18:19,INJURY,1,0,2,COLLISION WITH MOTOR VEHICLE,RIGHT ANGLE,STOP SIGN,DAYLIGHT,RAIN,WET
13984,35467531,MONROE,Perinton,3, 31F43011055,N,43.0977497,-77.4267097,11/12/14,9:35,PROPERTY DAMAGE AND INJURY,1,0,1,COLLISION WITH TREE,OTHER,NONE,DAYLIGHT,CLOUDY,DRY
13984,34910128,MONROE,Rochester,1,490I43022030,N,43.1526920,-77.6178442,8/28/13,15:00,INJURY,4,0,1,COLLISION WITH OTHER BARRIER,OTHER,NONE,DAYLIGHT,CLEAR,DRY
13984,35227693,MONROE,Chili,3,,N,43.1072509,-77.7367706,4/20/14,11:04,INJURY,1,0,1,COLLISION WITH PEDESTRIAN,OTHER,NONE,DAYLIGHT,CLEAR,DRY
13984,35412298,MONROE,Rochester,1,,Y,43.1781205,-77.5990045,8/21/14,13:15,INJURY,1,0,1,COLLISION WITH PEDESTRIAN,OTHER,NONE,DAYLIGHT,CLOUDY,DRY
13984,34782928,MONROE,Rochester,1,,Y,43.1584300,-77.6154310,5/17/13,15:02,PROPERTY DAMAGE AND INJURY,1,0,2,COLLISION WITH MOTOR VEHICLE,RIGHT ANGLE,TRAFFIC SIGNAL,DAYLIGHT,CLEAR,DRY
13984,35422527,MONROE,Rochester,1,,Y,43.1828840,-77.6249770,10/1/14,8:35,INJURY,2,0,2,COLLISION WITH MOTOR VEHICLE,RIGHT ANGLE,NONE,DAYLIGHT,CLOUDY,DRY
13984,34883927,MONROE,Brighton,3,,Y,43.1182340,-77.5959620,8/9/13,12:57,PROPERTY DAMAGE AND INJURY,1,0,2,COLLISION WITH MOTOR VEHICLE,REAR END,NONE,DAYLIGHT,CLOUDY,DRY
13984,35397513,MONROE,Rochester,1,,Y,43.1760670,-77.5678860,9/3/14,7:40,PROPERTY DAMAGE AND INJURY,1,0,2,COLLISION WITH MOTOR VEHICLE,REAR END,TRAFFIC SIGNAL,DAYLIGHT,CLEAR,DRY
13984,35290019,MONROE,Rochester,1,,N,43.2323500,-77.6249469,6/10/14,18:27,PROPERTY DAMAGE AND INJURY,2,0,4,COLLISION WITH MOTOR VEHICLE,OTHER,NONE,DAYLIGHT,CLEAR,DRY
13984,35076448,MONROE,Rochester,1,,N,43.1426289,-77.5493826,1/7/14,11:18,PROPERTY DAMAGE AND INJURY,1,0,1,COLLISION WITH OTHER BARRIER,OTHER,NONE,DAYLIGHT,SNOW,SNOW/ICE
13984,35430284,MONROE,Brighton,3, 31 43033020,N,43.1129959,-77.5503080,10/14/14,8:55,PROPERTY DAMAGE AND INJURY,1,0,3,COLLISION WITH MOTOR VEHICLE,OTHER,HIGHWAY WORK AREA,DAYLIGHT,CLEAR,DRY
13984,35479768,MONROE,Rochester,1,940M43011012,Y,43.1809370,-77.6317380,11/15/14,19:39,INJURY,2,0,2,COLLISION WITH MOTOR VEHICLE,RIGHT TURN (WITH OTHER CAR),TRAFFIC SIGNAL,DARK-ROAD LIGHTED,CLEAR,DRY
13984,34960656,UNKNOWN COUNTY,,0,,N,43.1357290,-77.5983508,10/6/13,18:38,INJURY,1,0,2,COLLISION WITH MOTOR VEHICLE,RIGHT TURN (WITH OTHER CAR),TRAFFIC SIGNAL,DAYLIGHT,CLEAR,DRY
13984,35340952,MONROE,Gates,3, 33 43031114,N,43.1444633,-77.7241967,7/26/14,10:03,PROPERTY DAMAGE AND INJURY,3,0,2,COLLISION WITH MOTOR VEHICLE,OTHER,NONE,DAYLIGHT,CLOUDY,DRY
13984,35144928,MONROE,Rochester,1,,Y,43.1479160,-77.6203240,2/12/14,16:06,INJURY,1,0,2,COLLISION WITH MOTOR VEHICLE,RIGHT ANGLE,NONE,DAYLIGHT,CLEAR,WET
13984,35038084,MONROE,Gates,3,490I43021144,N,43.1340991,-77.7191936,12/2/13,21:21,PROPERTY DAMAGE AND INJURY,2,0,2,COLLISION WITH MOTOR VEHICLE,OVERTAKING,NONE,DARK-ROAD LIGHTED,CLEAR,DRY
13984,35398650,MONROE,Henrietta,3, 15A43041110,Y,43.0827573,-77.6074393,9/15/14,15:05,INJURY,1,0,2,COLLISION WITH MOTOR VEHICLE,REAR END,TRAFFIC SIGNAL,DAYLIGHT,CLEAR,DRY
13984,35320856,MONROE,Greece,3, 18 43031199,Y,43.2529010,-77.6592330,6/18/14,12:31,INJURY,1,0,2,COLLISION WITH MOTOR VEHICLE,REAR END,TRAFFIC SIGNAL,DAYLIGHT,CLOUDY,DRY
13984,35012426,MONROE,Greece,3, 18 43031215,Y,43.2383400,-77.6468470,11/7/13,23:35,PROPERTY DAMAGE AND INJURY,4,0,3,COLLISION WITH MOTOR VEHICLE,OTHER,TRAFFIC SIGNAL,DARK-ROAD LIGHTED,RAIN,WET
13984,34883455,MONROE,Rochester,1,,Y,43.1468810,-77.5810810,8/3/13,15:25,PROPERTY DAMAGE AND INJURY,1,0,2,COLLISION WITH MOTOR VEHICLE,RIGHT ANGLE,NONE,DAYLIGHT,CLEAR,DRY
13984,34796583,MONROE,Rochester,1,940M43011005,Y,43.1717340,-77.6280679,6/2/13,12:09,INJURY,1,0,1,COLLISION WITH PEDESTRIAN,OTHER,TRAFFIC SIGNAL,DAYLIGHT,CLEAR,DRY
13984,34770717,MONROE,Rochester,1,,N,43.1424965,-77.6458436,5/12/13,1:08,PROPERTY DAMAGE AND INJURY,1,0,2,COLLISION WITH MOTOR VEHICLE,HEAD ON,NONE,DARK-ROAD LIGHTED,CLEAR,DRY