QUERYID,CASE #,REGN_CNTY_CDE,Municipality,MUNITYPE,REF_MRKR,ATINTERSECTION_IND,Lat,Long,,Time,Crash Type,Injuries,Fatalities,Number of Vehicles,ACCD_TYP,COLLISION_TYP,TRAF_CNTL,Light Condition,Weather Condition,Road Surface Condition
13984,34896254,MONROE,Parma,3,,N,43.2218394,-77.8373927,8/21/13,14:04,PROPERTY DAMAGE AND INJURY,1,0,2,COLLISION WITH MOTOR VEHICLE,REAR END,NONE,DAYLIGHT,CLEAR,DRY
13984,35196698,MONROE,Henrietta,3,252 43011097,N,43.0870410,-77.5820968,3/22/14,0:20,PROPERTY DAMAGE AND INJURY,3,0,2,COLLISION WITH MOTOR VEHICLE,REAR END,TRAFFIC SIGNAL,DARK-ROAD LIGHTED,CLEAR,DRY
13984,34712492,MONROE,Pittsford,4, 31 43033043,N,43.0913627,-77.5167811,3/30/13,15:16,INJURY,1,0,2,COLLISION WITH MOTOR VEHICLE,REAR END,NONE,DAYLIGHT,CLEAR,DRY
13984,34958646,MONROE,Rochester,1,,N,43.1866136,-77.6055802,10/11/13,19:24,INJURY,1,0,2,COLLISION WITH MOTOR VEHICLE,HEAD ON,NONE,DARK-ROAD UNLIGHTED,CLEAR,DRY
13984,35087273,MONROE,Brighton,3,390I43031141,N,43.1079129,-77.6152000,1/7/14,8:12,PROPERTY DAMAGE AND INJURY,1,0,1,COLLISION WITH GUIDE RAIL,OTHER,NONE,DAYLIGHT,SNOW,SNOW/ICE
13984,35344494,MONROE,Hamlin,3,947A43021069,N,43.3469339,-77.8650361,7/27/14,18:07,INJURY,1,0,1,RAN OFF ROAD ONLY,OTHER,NONE,DAYLIGHT,CLOUDY,DRY
13984,35321726,MONROE,Brighton,3,,N,43.1294754,-77.5254729,7/5/14,14:58,INJURY,1,0,2,COLLISION WITH MOTOR VEHICLE,REAR END,TRAFFIC SIGNAL,DAYLIGHT,CLEAR,DRY
13984,35061159,MONROE,Brighton,3, 15 43031127,Y,43.1118240,-77.6238730,12/30/13,17:07,PROPERTY DAMAGE AND INJURY,1,0,2,COLLISION WITH MOTOR VEHICLE,REAR END,TRAFFIC SIGNAL,DARK-ROAD LIGHTED,CLOUDY,WET
13984,35400221,MONROE,Gates,3, 31 43031170,N,43.1710367,-77.7084331,9/9/14,18:15,INJURY,1,0,1,COLLISION WITH BICYCLIST,OTHER,NONE,DAYLIGHT,CLEAR,DRY
13984,35273985,MONROE,Webster,3,404 43035072,N,43.2040841,-77.4843556,5/29/14,15:42,PROPERTY DAMAGE AND INJURY,1,0,2,COLLISION WITH MOTOR VEHICLE,REAR END,NONE,DAYLIGHT,CLOUDY,DRY
13984,34827034,MONROE,Rochester,1,,N,43.1784312,-77.6482174,6/26/13,17:37,INJURY,1,0,2,COLLISION WITH MOTOR VEHICLE,REAR END,NONE,DAYLIGHT,CLEAR,DRY
13984,34900049,UNKNOWN COUNTY,,0,,N,43.1492643,-77.5641856,8/21/13,19:58,INJURY,1,0,1,COLLISION WITH BICYCLIST,OTHER,TRAFFIC SIGNAL,DUSK,CLEAR,DRY
13984,34910335,MONROE,Wheatland,3,251 43011097,N,43.0272808,-77.7669050,8/27/13,8:22,INJURY,1,0,2,COLLISION WITH MOTOR VEHICLE,REAR END,RR CROSSING GATES,DAYLIGHT,CLOUDY,DRY
13984,35016818,MONROE,Rochester,1,,Y,43.1699880,-77.6364280,11/22/13,19:25,INJURY,1,0,2,COLLISION WITH MOTOR VEHICLE,OVERTAKING,NONE,DARK-ROAD LIGHTED,RAIN,WET
13984,34834059,MONROE,Henrietta,3, 15A43041117,Y,43.0908940,-77.6105880,6/20/13,8:30,PROPERTY DAMAGE AND INJURY,1,0,2,COLLISION WITH MOTOR VEHICLE,REAR END,NONE,DAYLIGHT,CLEAR,DRY
13984,35527377,MONROE,Rochester,1,,Y,43.1411940,-77.6360160,12/19/14,16:17,INJURY,1,0,2,COLLISION WITH MOTOR VEHICLE,REAR END,TRAFFIC SIGNAL,DAYLIGHT,CLOUDY,WET
13984,35293281,MONROE,Rochester,1,,Y,43.2263450,-77.6266530,6/14/14,17:30,INJURY,1,0,1,COLLISION WITH BICYCLIST,OTHER,TRAFFIC SIGNAL,DAYLIGHT,CLEAR,DRY
13984,35507127,MONROE,Rochester,1,,N,43.1919140,-77.5998830,11/27/14,5:58,INJURY,1,0,2,COLLISION WITH MOTOR VEHICLE,RIGHT ANGLE,TRAFFIC SIGNAL,DARK-ROAD LIGHTED,SNOW,SNOW/ICE
13984,35412205,MONROE,Rochester,1,,Y,43.1680360,-77.6018890,9/17/14,21:06,PROPERTY DAMAGE AND INJURY,1,0,2,COLLISION WITH MOTOR VEHICLE,RIGHT TURN (WITH OTHER CAR),OTHER,DARK-ROAD LIGHTED,CLEAR,DRY
13984,34890041,MONROE,Rochester,1,,Y,43.1665000,-77.5776670,8/15/13,22:46,PROPERTY DAMAGE AND INJURY,2,0,2,COLLISION WITH MOTOR VEHICLE,RIGHT ANGLE,NONE,DARK-ROAD LIGHTED,CLEAR,DRY
13984,35042026,MONROE,Riga,3,490I43021025,N,43.0811790,-77.9303244,12/14/13,11:35,PROPERTY DAMAGE AND INJURY,2,0,1,COLLISION WITH GUIDE RAIL,OTHER,NONE,DAYLIGHT,SNOW,SNOW/ICE
13984,35531123,MONROE,Irondequoit,3,,Y,43.1961370,-77.6001439,12/28/14,16:16,INJURY,1,0,2,COLLISION WITH MOTOR VEHICLE,REAR END,TRAFFIC SIGNAL,DUSK,CLEAR,DRY
13984,35288688,MONROE,Webster,3,404 43035105,Y,43.2140032,-77.4191263,6/12/14,15:09,INJURY,1,0,2,COLLISION WITH MOTOR VEHICLE,REAR END,TRAFFIC SIGNAL,DAYLIGHT,CLEAR,DRY
13984,35210941,MONROE,Chili,3,383 43011132,N,43.0986811,-77.6777881,4/5/14,13:30,INJURY,2,0,3,COLLISION WITH MOTOR VEHICLE,OTHER,NONE,DAYLIGHT,CLOUDY,DRY
13984,34766317,MONROE,Rochester,1,,Y,43.2380420,-77.6227620,5/7/13,21:14,INJURY,2,0,2,COLLISION WITH MOTOR VEHICLE,OVERTAKING,STOP SIGN,DARK-ROAD LIGHTED,CLOUDY,DRY
13984,35340914,MONROE,Rochester,1,,N,43.1852738,-77.6419422,7/20/14,15:00,INJURY,1,0,2,COLLISION WITH MOTOR VEHICLE,SIDESWIPE,NONE,DAYLIGHT,CLEAR,DRY
13984,34783797,MONROE,Clarkson,3, 19 43041080,N,43.2447973,-77.9220394,5/23/13,15:54,PROPERTY DAMAGE AND INJURY,1,0,3,COLLISION WITH MOTOR VEHICLE,OTHER,STOPPED SCHOOL BUS W/RED LIGHT FLSH,DAYLIGHT,CLOUDY,DRY
13984,34758055,MONROE,Gates,3,390I43037006,N,43.1381256,-77.6664864,5/2/13,16:31,PROPERTY DAMAGE AND INJURY,1,0,1,COLLISION WITH OTHER BARRIER,OTHER,NONE,DAYLIGHT,CLEAR,DRY
13984,35004927,MONROE,Rochester,1,490I43022056,N,43.1432680,-77.5737166,11/14/13,17:30,PROPERTY DAMAGE AND INJURY,2,0,2,COLLISION WITH MOTOR VEHICLE,REAR END,NONE,DARK-ROAD LIGHTED,CLOUDY,DRY
13984,35399693,MONROE,Rochester,1,,Y,43.1793200,-77.6348230,9/5/14,16:25,PROPERTY DAMAGE AND INJURY,1,0,2,COLLISION WITH MOTOR VEHICLE,RIGHT ANGLE,STOP SIGN,DAYLIGHT,CLEAR,DRY
13984,35224983,MONROE,Gates,3,390I43037002,N,43.1330586,-77.6622007,4/14/14,17:35,PROPERTY DAMAGE AND INJURY,1,0,2,COLLISION WITH MOTOR VEHICLE,REAR END,NONE,DAYLIGHT,CLOUDY,WET
13984,34733287,MONROE,Greece,3,,N,43.2066325,-77.6753517,4/12/13,15:22,PROPERTY DAMAGE AND INJURY,3,0,4,COLLISION WITH MOTOR VEHICLE,OTHER,NONE,DAYLIGHT,RAIN,WET
13984,34890042,MONROE,Rochester,1,,Y,43.1435490,-77.6001989,8/15/13,15:18,INJURY,1,0,1,COLLISION WITH MOTOR VEHICLE,OTHER,TRAFFIC SIGNAL,DAYLIGHT,CLEAR,DRY
13984,35418063,MONROE,Rochester,1,940K43011008,N,43.1643889,-77.6594157,9/26/14,5:49,INJURY,1,0,2,COLLISION WITH MOTOR VEHICLE,OTHER,NONE,DARK-ROAD LIGHTED,CLEAR,DRY
13984,35351958,MONROE,Rochester,1,,Y,43.1809400,-77.6386230,8/3/14,12:03,INJURY,1,0,1,COLLISION WITH PEDESTRIAN,OTHER,TRAFFIC SIGNAL,DAYLIGHT,CLOUDY,DRY
13984,34950001,MONROE,Irondequoit,3,,N,43.1999001,-77.5770743,10/5/13,12:34,INJURY,1,0,2,COLLISION WITH MOTOR VEHICLE,REAR END,NONE,DAYLIGHT,CLOUDY,WET
13984,35465743,MONROE,Ogden,3, 33 43031092,Y,43.1372940,-77.7652721,11/11/14,17:40,PROPERTY DAMAGE AND INJURY,2,0,2,COLLISION WITH MOTOR VEHICLE,REAR END,TRAFFIC SIGNAL,DARK-ROAD LIGHTED,CLEAR,DRY
13984,34779284,MONROE,Brighton,3,,Y,43.1247980,-77.5665819,5/20/13,14:50,INJURY,1,0,1,COLLISION WITH PEDESTRIAN,OTHER,NONE,DAYLIGHT,CLEAR,DRY
13984,35489151,MONROE,Pittsford,3,,Y,43.0857016,-77.4910241,11/21/14,18:19,PROPERTY DAMAGE AND INJURY,1,0,2,COLLISION WITH MOTOR VEHICLE,REAR END,NONE,DARK-ROAD UNLIGHTED,CLEAR,DRY
13984,35422538,UNKNOWN COUNTY,,0,,N,43.1804369,-77.6147953,10/3/14,10:46,INJURY,3,0,2,COLLISION WITH MOTOR VEHICLE,REAR END,NONE,DAYLIGHT,CLEAR,DRY
13984,35306867,MONROE,Rochester,1,,Y,43.1792020,-77.6660760,6/27/14,6:53,PROPERTY DAMAGE AND INJURY,1,0,2,COLLISION WITH MOTOR VEHICLE,LEFT TURN (AGAINST OTHER CAR),NONE,DAYLIGHT,CLEAR,DRY
13984,35007979,MONROE,Henrietta,3,,N,43.0426659,-77.6913710,11/16/13,20:19,PROPERTY DAMAGE AND INJURY,1,0,1,COLLISION WITH DEER,OTHER,NONE,DARK-ROAD UNLIGHTED,CLOUDY,DRY
13984,35241810,MONROE,Chili,3,252 43011002,N,43.0958197,-77.7640650,4/20/14,19:05,PROPERTY DAMAGE AND INJURY,1,0,2,COLLISION WITH MOTOR VEHICLE,REAR END,NONE,DAYLIGHT,CLEAR,DRY
13984,35331581,MONROE,Rochester,1, 15 43032015,Y,43.1353070,-77.6138311,7/18/14,16:02,PROPERTY DAMAGE AND INJURY,1,0,3,COLLISION WITH MOTOR VEHICLE,OTHER,NONE,DAYLIGHT,CLEAR,DRY
13984,34873431,MONROE,Mendon,3, 15A43041020,N,42.9718686,-77.6181247,7/27/13,7:35,PROPERTY DAMAGE AND INJURY,1,0,1,COLLISION WITH OTHER FIXED OBJECT,OTHER,NONE,DAYLIGHT,CLEAR,DRY
13984,34762476,MONROE,Gates,3,490I43021177,N,43.1562909,-77.6813796,4/25/13,7:30,PROPERTY DAMAGE AND INJURY,3,0,6,COLLISION WITH MOTOR VEHICLE,OTHER,NONE,DAYLIGHT,CLEAR,DRY
13984,35168759,MONROE,Perinton,3, 31 43033090,Y,43.0685280,-77.4321410,3/9/14,6:03,PROPERTY DAMAGE AND INJURY,1,0,2,COLLISION WITH MOTOR VEHICLE,RIGHT ANGLE,TRAFFIC SIGNAL,DARK-ROAD UNLIGHTED,CLOUDY,DRY
13984,34890445,MONROE,Greece,3,,Y,43.2383880,-77.6831470,8/14/13,15:45,PROPERTY DAMAGE AND INJURY,1,0,2,COLLISION WITH MOTOR VEHICLE,REAR END,NONE,DAYLIGHT,CLEAR,DRY
13984,35327299,MONROE,Rochester,1,490I43022057,Y,43.1433359,-77.5709402,7/14/14,20:42,PROPERTY DAMAGE AND INJURY,1,0,1,COLLISION WITH MEDIAN/BARRIER,OTHER,NONE,DARK-ROAD LIGHTED,CLEAR,DRY
13984,35397503,MONROE,Rochester,1,,Y,43.1582590,-77.5927530,9/12/14,17:52,PROPERTY DAMAGE AND INJURY,1,0,1,COLLISION WITH TREE,OTHER,TRAFFIC SIGNAL,DAYLIGHT,CLEAR,DRY
13984,35523161,MONROE,Penfield,3,441 43011032,Y,43.1290058,-77.4798214,12/18/14,7:55,PROPERTY DAMAGE AND INJURY,2,0,4,COLLISION WITH MOTOR VEHICLE,OTHER,NO PASSING ZONE,DAYLIGHT,CLOUDY,DRY
13984,35366457,MONROE,Rochester,1,940M43011005,Y,43.1717340,-77.6280679,8/11/14,13:53,PROPERTY DAMAGE AND INJURY,1,0,1,COLLISION WITH CURBING,OTHER,TRAFFIC SIGNAL,DAYLIGHT,CLEAR,DRY
13984,34915984,MONROE,Rochester,1,,Y,43.1629960,-77.5830960,8/30/13,13:19,INJURY,1,0,1,COLLISION WITH BICYCLIST,OTHER,STOP SIGN,DAYLIGHT,CLEAR,DRY
13984,34913976,MONROE,Henrietta,3,390I43031086,N,43.0557938,-77.6439468,8/23/13,9:58,PROPERTY DAMAGE AND INJURY,1,0,1,COLLISION WITH SIGN POST,OTHER,NONE,DAYLIGHT,CLEAR,DRY
13984,34755341,MONROE,Rochester,1,,N,43.1851310,-77.6071167,4/22/13,19:35,INJURY,1,0,2,COLLISION WITH BICYCLIST,OTHER,NONE,DARK-ROAD LIGHTED,CLEAR,DRY
13984,34971120,MONROE,Rochester,1,,Y,43.1618420,-77.6199991,10/4/13,12:00,INJURY,1,0,2,COLLISION WITH MOTOR VEHICLE,REAR END,TRAFFIC SIGNAL,DAYLIGHT,RAIN,WET
13984,35039971,MONROE,Rochester,1,940T43011016,N,43.1571642,-77.5961399,12/13/13,14:25,PROPERTY DAMAGE AND INJURY,1,0,1,COLLISION WITH BUILDING/WALL,OTHER,NONE,DAYLIGHT,SNOW,SNOW/ICE
13984,34832167,MONROE,Ogden,3,531 43012000,N,43.1865059,-77.8542684,6/28/13,13:52,PROPERTY DAMAGE AND INJURY,4,0,2,COLLISION WITH MOTOR VEHICLE,RIGHT ANGLE,TRAFFIC SIGNAL,DAYLIGHT,CLOUDY,WET
13984,35469321,MONROE,Pittsford,3, 31 43033032,Y,43.1004870,-77.5354740,11/11/14,9:55,INJURY,1,0,1,COLLISION WITH BICYCLIST,OTHER,TRAFFIC SIGNAL,DAYLIGHT,CLEAR,DRY
13984,35469040,MONROE,Rochester,1,104 43032034,N,43.1920413,-77.5980700,11/13/14,23:30,PROPERTY DAMAGE AND INJURY,2,0,1,COLLISION WITH MEDIAN/BARRIER,OTHER,NONE,DARK-ROAD LIGHTED,SNOW,SNOW/ICE
13984,34894663,MONROE,Chili,3,390I43033000,N,43.1219136,-77.6466592,8/16/13,23:43,INJURY,2,0,1,COLLISION WITH MEDIAN/BARRIER,OTHER,NONE,DARK-ROAD LIGHTED,CLEAR,DRY
13984,35422570,MONROE,Rochester,1,,Y,43.1559900,-77.5819820,10/5/14,16:00,PROPERTY DAMAGE AND INJURY,1,0,2,COLLISION WITH MOTOR VEHICLE,RIGHT ANGLE,STOP SIGN,DAYLIGHT,RAIN,WET
13984,35436104,MONROE,Rochester,1,,Y,43.1708869,-77.5846803,9/30/14,19:16,INJURY,1,0,1,COLLISION WITH PEDESTRIAN,OTHER,NONE,DARK-ROAD LIGHTED,CLEAR,DRY
13984,34719825,MONROE,Parma,3,,N,43.2580103,-77.8444653,4/1/13,7:43,PROPERTY DAMAGE AND INJURY,3,0,2,COLLISION WITH MOTOR VEHICLE,REAR END,NONE,DAYLIGHT,SNOW,WET
13984,35286817,MONROE,Perinton,3, 31F43011050,Y,43.1029120,-77.4321280,6/10/14,12:59,PROPERTY DAMAGE AND INJURY,2,0,2,COLLISION WITH MOTOR VEHICLE,LEFT TURN (AGAINST OTHER CAR),TRAFFIC SIGNAL,DAYLIGHT,CLEAR,DRY
13984,35467138,MONROE,Rochester,1, 31 43032038,Y,43.1547340,-77.6080190,10/14/14,11:10,PROPERTY DAMAGE AND INJURY,1,0,2,COLLISION WITH MOTOR VEHICLE,RIGHT ANGLE,TRAFFIC SIGNAL,DAYLIGHT,CLEAR,DRY
13984,35099382,MONROE,Pittsford,3,490I43023032,N,43.1108816,-77.5070339,1/21/14,11:30,PROPERTY DAMAGE AND INJURY,1,0,1,COLLISION WITH MEDIAN/BARRIER,OTHER,NONE,DAYLIGHT,SNOW,SNOW/ICE
13984,34764313,MONROE,Parma,3,261 43011019,N,43.2443295,-77.7515002,5/4/13,19:55,PROPERTY DAMAGE AND INJURY,2,0,2,COLLISION WITH MOTOR VEHICLE,RIGHT ANGLE,STOP SIGN,DAYLIGHT,CLEAR,DRY
13984,35090791,MONROE,Rochester,1,,N,43.1419410,-77.5947160,1/17/14,8:23,PROPERTY DAMAGE AND INJURY,1,0,2,COLLISION WITH MOTOR VEHICLE,LEFT TURN (WITH OTHER CAR),TRAFFIC SIGNAL,DAYLIGHT,CLOUDY,DRY
13984,34807715,MONROE,Penfield,3,104 43035057,Y,43.1898660,-77.5039131,6/10/13,17:32,PROPERTY DAMAGE AND INJURY,1,0,2,COLLISION WITH MOTOR VEHICLE,RIGHT ANGLE,STOP SIGN,DAYLIGHT,CLOUDY,WET
13984,35040299,MONROE,Gates,3,390I43037000,N,43.1307658,-77.6607132,12/11/13,16:23,PROPERTY DAMAGE AND INJURY,1,0,2,COLLISION WITH MOTOR VEHICLE,REAR END,NONE,DUSK,SNOW,WET
13984,34918117,MONROE,Gates,3,386 43011110,Y,43.1588090,-77.7323920,9/9/13,16:31,PROPERTY DAMAGE AND INJURY,1,0,2,COLLISION WITH MOTOR VEHICLE,LEFT TURN (AGAINST OTHER CAR),TRAFFIC SIGNAL,DAYLIGHT,CLOUDY,DRY
13984,34959953,MONROE,Rochester,1,,N,43.1792115,-77.6587041,10/3/13,7:25,PROPERTY DAMAGE AND INJURY,2,0,2,COLLISION WITH MOTOR VEHICLE,REAR END,NONE,DAYLIGHT,CLEAR,DRY
13984,34943162,MONROE,Pittsford,3, 31 43033032,Y,43.1004870,-77.5354740,9/26/13,20:24,PROPERTY DAMAGE AND INJURY,1,0,1,COLLISION WITH BICYCLIST,OTHER,TRAFFIC SIGNAL,DARK-ROAD LIGHTED,CLEAR,DRY
13984,34982125,MONROE,Rochester,1,,N,43.1774071,-77.6077672,10/24/13,23:20,PROPERTY DAMAGE AND INJURY,1,0,2,COLLISION WITH MOTOR VEHICLE,REAR END,NONE,DARK-ROAD LIGHTED,CLEAR,WET
13984,35507591,MONROE,Brighton,3, 15A43041127,N,43.1065832,-77.6157774,12/9/14,17:03,PROPERTY DAMAGE AND INJURY,1,0,3,COLLISION WITH MOTOR VEHICLE,OTHER,NONE,DARK-ROAD LIGHTED,CLOUDY,DRY
13984,35216565,MONROE,Brighton,3,590I43011031,N,43.1170686,-77.5517524,4/7/14,15:31,INJURY,1,0,2,COLLISION WITH MOTOR VEHICLE,REAR END,NONE,DAYLIGHT,RAIN,WET
13984,35056483,MONROE,Penfield,3,404 43035051,N,43.1826547,-77.5077313,12/24/13,10:44,PROPERTY DAMAGE AND INJURY,2,0,2,COLLISION WITH MOTOR VEHICLE,RIGHT ANGLE,NONE,DAYLIGHT,SNOW,WET
13984,35006663,MONROE,Henrietta,3, 15A43041090,N,43.0547818,-77.6148738,11/16/13,8:44,INJURY,2,0,2,COLLISION WITH MOTOR VEHICLE,HEAD ON,NONE,DAYLIGHT,CLEAR,DRY
13984,35016663,MONROE,Greece,3,,Y,43.2382930,-77.6418040,11/22/13,18:12,PROPERTY DAMAGE AND INJURY,1,0,2,COLLISION WITH MOTOR VEHICLE,HEAD ON,STOP SIGN,DARK-ROAD LIGHTED,RAIN,WET
13984,35523198,MONROE,Brighton,3, 15A43041126,N,43.1029191,-77.6153094,12/17/14,12:09,INJURY,1,0,1,COLLISION WITH MOTOR VEHICLE,OTHER,TRAFFIC SIGNAL,DAYLIGHT,CLOUDY,DRY
13984,34971130,MONROE,Rochester,1,,Y,43.1603620,-77.6220550,10/2/13,13:32,PROPERTY DAMAGE AND INJURY,2,0,2,COLLISION WITH MOTOR VEHICLE,RIGHT ANGLE,STOP SIGN,DAYLIGHT,CLEAR,DRY
13984,35277700,MONROE,Rochester,1,,N,43.1630875,-77.5966167,5/30/14,18:14,PROPERTY DAMAGE AND INJURY,1,0,3,COLLISION WITH MOTOR VEHICLE,OTHER,NONE,DAYLIGHT,CLEAR,DRY
13984,35499570,MONROE,Henrietta,3, 15 43031112,Y,43.0910830,-77.6346551,10/24/14,12:35,PROPERTY DAMAGE AND INJURY,1,0,2,COLLISION WITH MOTOR VEHICLE,REAR END,NONE,DAYLIGHT,CLEAR,DRY
13984,34697918,MONROE,Rochester,1,,N,43.2413934,-77.6204089,3/15/13,0:01,PROPERTY DAMAGE AND INJURY,2,0,2,COLLISION WITH MOTOR VEHICLE,REAR END,NONE,DARK-ROAD LIGHTED,CLEAR,DRY
13984,34776050,MONROE,Gates,3, 31 43031178,N,43.1663893,-77.6947316,5/17/13,16:58,PROPERTY DAMAGE AND INJURY,1,0,3,COLLISION WITH MOTOR VEHICLE,OTHER,TRAFFIC SIGNAL,DAYLIGHT,CLOUDY,DRY
13984,34760916,MONROE,Parma,3,259 43011089,N,43.2184120,-77.7924999,4/24/13,15:03,PROPERTY DAMAGE AND INJURY,1,0,2,COLLISION WITH MOTOR VEHICLE,REAR END,TRAFFIC SIGNAL,DAYLIGHT,CLOUDY,WET
13984,35115829,MONROE,Henrietta,3,,Y,43.0958430,-77.5819010,1/25/14,9:40,PROPERTY DAMAGE AND INJURY,4,0,3,COLLISION WITH MOTOR VEHICLE,OTHER,TRAFFIC SIGNAL,DAYLIGHT,CLOUDY,DRY
13984,35494547,MONROE,Rochester,1,,Y,43.1343520,-77.5914371,10/24/14,7:45,INJURY,1,0,2,COLLISION WITH MOTOR VEHICLE,REAR END,NONE,DAWN,CLEAR,DRY
13984,34915967,MONROE,Rochester,1,,N,43.1761596,-77.6212276,8/27/13,12:29,INJURY,1,0,1,COLLISION WITH BICYCLIST,OTHER,NONE,DAYLIGHT,CLEAR,DRY
13984,35348172,MONROE,Rochester,1,,Y,43.1842060,-77.5663559,7/29/14,18:10,PROPERTY DAMAGE AND INJURY,1,0,2,COLLISION WITH MOTOR VEHICLE,RIGHT ANGLE,STOP SIGN,DAYLIGHT,CLEAR,DRY
13984,35338555,MONROE,Fairport,4,250 43011047,Y,43.1023440,-77.4419100,7/24/14,16:35,INJURY,1,0,1,COLLISION WITH BICYCLIST,OTHER,STOP SIGN,DAYLIGHT,CLEAR,DRY
13984,34971278,MONROE,Henrietta,3,,Y,43.0726278,-77.6483796,10/21/13,18:59,INJURY,1,0,2,COLLISION WITH MOTOR VEHICLE,REAR END,NONE,DARK-ROAD LIGHTED,CLEAR,DRY
13984,35425049,MONROE,Greece,3,,N,43.2439900,-77.7170761,9/29/14,17:14,PROPERTY DAMAGE AND INJURY,1,0,1,COLL. W/LIGHT SUPPORT/UTILITY POLE,OTHER,NONE,DAYLIGHT,CLEAR,DRY
13984,35384327,MONROE,Rochester,1,,Y,43.1795350,-77.5913570,9/1/14,21:11,INJURY,1,0,2,COLLISION WITH MOTOR VEHICLE,HEAD ON,NONE,DARK-ROAD LIGHTED,CLOUDY,DRY
13984,34993042,MONROE,Greece,3,390 43011030,N,43.1998323,-77.6784347,11/5/13,17:30,PROPERTY DAMAGE AND INJURY,1,0,1,COLLISION WITH DEER,OTHER,NONE,DARK-ROAD LIGHTED,CLOUDY,DRY
13984,35223584,MONROE,Rochester,1,490I43022027,N,43.1559429,-77.6205749,4/11/14,17:35,INJURY,1,0,1,COLLISION WITH OTHER BARRIER,OTHER,NONE,DAYLIGHT,CLOUDY,DRY
13984,35100010,MONROE,Rochester,1,,Y,43.1640710,-77.5555969,11/20/13,7:57,PROPERTY DAMAGE AND INJURY,1,0,2,COLLISION WITH MOTOR VEHICLE,REAR END,NONE,DAWN,CLEAR,DRY
13984,35372605,MONROE,Parma,3,104 43031115,N,43.2187647,-77.7790636,8/8/14,17:58,PROPERTY DAMAGE AND INJURY,2,0,2,COLLISION WITH MOTOR VEHICLE,RIGHT ANGLE,NONE,DAYLIGHT,CLEAR,DRY
13984,35434222,MONROE,Rochester,1,,N,43.2076328,-77.6294871,10/15/14,9:35,PROPERTY DAMAGE AND INJURY,2,0,2,COLLISION WITH MOTOR VEHICLE,REAR END,NONE,DAYLIGHT,RAIN,WET
13984,35327173,MONROE,Rochester,1,590 43012003,N,43.1621596,-77.5389214,7/13/14,2:33,PROPERTY DAMAGE AND INJURY,1,0,1,COLL. W/EARTH ELE./ROCK CUT/DITCH,OTHER,NONE,DARK-ROAD LIGHTED,CLEAR,DRY
13984,35500224,MONROE,Rochester,1,940K43011005,Y,43.1593900,-77.6595600,11/17/14,9:58,INJURY,1,0,3,COLLISION WITH MOTOR VEHICLE,OTHER,NONE,DAYLIGHT,SNOW,SLUSH
13984,34877989,MONROE,Parma,3, 18 43031090,N,43.2873803,-77.8269362,7/28/13,2:55,PROPERTY DAMAGE AND INJURY,1,0,1,COLL. W/LIGHT SUPPORT/UTILITY POLE,OTHER,NONE,DARK-ROAD UNLIGHTED,RAIN,WET
13984,35511423,MONROE,Rochester,1, 96 43052018,N,43.1513776,-77.5798315,12/12/14,17:54,PROPERTY DAMAGE AND INJURY,1,0,2,COLLISION WITH MOTOR VEHICLE,REAR END,NONE,DARK-ROAD LIGHTED,CLEAR,WET
13984,35145834,MONROE,Henrietta,3,252 43011073,N,43.0871439,-77.6305089,2/12/14,12:07,INJURY,1,0,2,COLLISION WITH MOTOR VEHICLE,REAR END,NONE,DAYLIGHT,CLEAR,DRY
13984,34995616,MONROE,Pittsford,3, 96 43051077,N,43.1168637,-77.5167801,11/7/13,16:55,PROPERTY DAMAGE AND INJURY,1,0,2,COLLISION WITH MOTOR VEHICLE,HEAD ON,TRAFFIC SIGNAL,DARK-ROAD LIGHTED,CLEAR,DRY
13984,34898426,MONROE,Rochester,1,,N,43.1544582,-77.6027202,8/22/13,13:21,PROPERTY DAMAGE AND INJURY,3,0,2,COLLISION WITH MOTOR VEHICLE,OVERTAKING,NONE,DAYLIGHT,CLOUDY,DRY
13984,34938957,MONROE,Ogden,3,531 43012054,N,43.1627348,-77.7609162,9/18/13,19:12,PROPERTY DAMAGE AND INJURY,1,0,1,OVERTURNED,OTHER,NONE,DAYLIGHT,CLEAR,DRY
13984,34803901,MONROE,Parma,3,,N,43.2188879,-77.7621580,6/9/13,14:13,PROPERTY DAMAGE AND INJURY,1,0,3,COLLISION WITH MOTOR VEHICLE,OTHER,STOP SIGN,DAYLIGHT,CLEAR,DRY
13984,35221452,MONROE,Brighton,3, 15 43031122,N,43.1040001,-77.6279113,4/14/14,18:21,PROPERTY DAMAGE AND INJURY,1,0,3,COLLISION WITH MOTOR VEHICLE,OTHER,NONE,DAYLIGHT,CLOUDY,WET