QUERYID,CASE #,REGN_CNTY_CDE,Municipality,MUNITYPE,REF_MRKR,ATINTERSECTION_IND,Lat,Long,,Time,Crash Type,Injuries,Fatalities,Number of Vehicles,ACCD_TYP,COLLISION_TYP,TRAF_CNTL,Light Condition,Weather Condition,Road Surface Condition
13984,35375771,MONROE,Gates,3, 33 43031098,Y,43.1387070,-77.7541820,8/23/14,18:17,PROPERTY DAMAGE AND INJURY,1,0,2,COLLISION WITH MOTOR VEHICLE,RIGHT TURN (AGAINST OTHER CAR),TRAFFIC SIGNAL,DAYLIGHT,CLEAR,DRY
13984,35024876,MONROE,Rochester,1,,Y,43.1617570,-77.6083030,10/31/13,23:50,PROPERTY DAMAGE AND INJURY,2,0,2,COLLISION WITH MOTOR VEHICLE,RIGHT ANGLE,TRAFFIC SIGNAL,DARK-ROAD LIGHTED,RAIN,WET
13984,35076698,MONROE,Irondequoit,3,,N,43.2098431,-77.5419005,1/7/14,11:25,PROPERTY DAMAGE AND INJURY,1,0,1,COLLISION WITH OTHER BARRIER,OTHER,NONE,DAYLIGHT,SNOW,SNOW/ICE
13984,35156933,MONROE,Brockport,4,,N,43.2199895,-77.9655028,2/24/14,13:20,INJURY,2,0,2,COLLISION WITH MOTOR VEHICLE,REAR END,NONE,DAYLIGHT,CLEAR,DRY
13984,35076734,MONROE,Ogden,3, 33 43031092,N,43.1371967,-77.7663878,1/9/14,18:57,PROPERTY DAMAGE AND INJURY,1,0,2,COLLISION WITH MOTOR VEHICLE,RIGHT ANGLE,NONE,DARK-ROAD LIGHTED,CLOUDY,DRY
13984,35168746,MONROE,Greece,3,,N,43.1793200,-77.7162607,3/7/14,10:56,PROPERTY DAMAGE AND INJURY,1,0,2,COLLISION WITH MOTOR VEHICLE,LEFT TURN (WITH OTHER CAR),NONE,DAYLIGHT,CLEAR,DRY
13984,35322462,MONROE,Rochester,1,940M43011008,N,43.1754530,-77.6299768,6/30/14,9:49,PROPERTY DAMAGE AND INJURY,1,0,2,COLLISION WITH MOTOR VEHICLE,RIGHT ANGLE,NONE,DAYLIGHT,CLEAR,DRY
13984,35054421,MONROE,Rochester,1,,Y,43.1711080,-77.6074840,12/1/13,22:15,PROPERTY DAMAGE AND INJURY,1,0,2,COLLISION WITH MOTOR VEHICLE,RIGHT ANGLE,TRAFFIC SIGNAL,DARK-ROAD LIGHTED,CLOUDY,WET
13984,35301988,MONROE,Brighton,3,,Y,43.1154460,-77.5918740,6/23/14,8:01,INJURY,1,0,2,COLLISION WITH MOTOR VEHICLE,REAR END,TRAFFIC SIGNAL,DAYLIGHT,CLEAR,DRY
13984,34894757,MONROE,Rochester,1,,Y,43.1711080,-77.6074840,8/18/13,22:38,INJURY,1,0,2,COLLISION WITH MOTOR VEHICLE,LEFT TURN (WITH OTHER CAR),TRAFFIC SIGNAL,DARK-ROAD LIGHTED,CLEAR,DRY
13984,35268348,MONROE,Gates,3,390I43037000,Y,43.1308540,-77.6607740,5/21/14,17:34,INJURY,2,0,2,COLLISION WITH MOTOR VEHICLE,REAR END,STOP SIGN,DAYLIGHT,CLOUDY,DRY
13984,35254322,MONROE,Pittsford,3, 31 43033027,N,43.1061294,-77.5417548,5/9/14,16:15,INJURY,1,0,2,COLLISION WITH MOTOR VEHICLE,REAR END,TRAFFIC SIGNAL,DAYLIGHT,CLOUDY,DRY
13984,35229894,MONROE,Greece,3,947A43021160,Y,43.2974954,-77.7193857,4/20/14,16:40,INJURY,1,0,2,COLLISION WITH MOTOR VEHICLE,RIGHT TURN (WITH OTHER CAR),NONE,DAYLIGHT,CLEAR,DRY
13984,35115318,MONROE,Rochester,1,,Y,43.1571460,-77.6138609,1/27/14,11:20,INJURY,1,0,1,COLLISION WITH PEDESTRIAN,OTHER,TRAFFIC SIGNAL,DAYLIGHT,CLEAR,WET
13984,35272247,MONROE,Sweden,3, 31A43021009,N,43.1980853,-77.9792346,5/22/14,8:31,PROPERTY DAMAGE AND INJURY,1,0,2,COLLISION WITH MOTOR VEHICLE,RIGHT ANGLE,NONE,DAYLIGHT,CLOUDY,DRY
13984,34883518,MONROE,Penfield,3,,N,43.1278105,-77.3736680,8/4/13,3:21,PROPERTY DAMAGE AND INJURY,1,0,1,COLLISION WITH SIGN POST,OTHER,NONE,DARK-ROAD UNLIGHTED,CLEAR,DRY
13984,34905248,MONROE,Rochester,1,,Y,43.1788380,-77.6106860,8/25/13,22:16,PROPERTY DAMAGE AND INJURY,1,0,2,COLLISION WITH MOTOR VEHICLE,OTHER,STOP SIGN,DARK-ROAD LIGHTED,CLEAR,DRY
13984,34865353,MONROE,Brighton,3,390I43031144,N,43.1100044,-77.6198513,7/13/13,23:43,PROPERTY DAMAGE AND INJURY,2,0,4,COLLISION WITH MOTOR VEHICLE,OTHER,MAINTENANCE WORK AREA,DARK-ROAD LIGHTED,CLOUDY,DRY
13984,34890474,MONROE,Rochester,1,,N,43.1395189,-77.6513596,8/14/13,15:30,PROPERTY DAMAGE AND INJURY,1,0,2,COLLISION WITH MOTOR VEHICLE,HEAD ON,NONE,DAYLIGHT,CLEAR,DRY
13984,35059014,MONROE,Chili,3, 33A43021130,Y,43.1247840,-77.7051419,12/17/13,11:21,PROPERTY DAMAGE AND INJURY,1,0,2,COLLISION WITH MOTOR VEHICLE,RIGHT ANGLE,STOP SIGN,DAYLIGHT,SNOW,SNOW/ICE
13984,35016786,MONROE,Rochester,1,104 43032014,Y,43.1975160,-77.6332600,11/22/13,9:01,INJURY,1,0,2,COLLISION WITH MOTOR VEHICLE,REAR END,TRAFFIC SIGNAL,DAYLIGHT,CLOUDY,WET
13984,34913394,MONROE,Rochester,1,,Y,43.1310780,-77.6360430,9/4/13,18:20,INJURY,1,0,1,COLLISION WITH BICYCLIST,OTHER,TRAFFIC SIGNAL,DAYLIGHT,CLEAR,DRY
13984,35389486,MONROE,Ogden,3, 36 43031152,N,43.1863440,-77.8542764,8/24/14,13:55,PROPERTY DAMAGE AND INJURY,1,0,2,COLLISION WITH MOTOR VEHICLE,RIGHT ANGLE,TRAFFIC SIGNAL,DAYLIGHT,CLEAR,DRY
13984,35309535,MONROE,Irondequoit,3,,N,43.1970490,-77.5924370,6/23/14,13:00,PROPERTY DAMAGE AND INJURY,1,0,2,COLLISION WITH CURBING,HEAD ON,NONE,DAYLIGHT,CLOUDY,DRY
13984,35541799,MONROE,Rochester,1,,N,43.1367140,-77.6258459,12/19/14,11:37,PROPERTY DAMAGE AND INJURY,2,0,2,COLLISION WITH MOTOR VEHICLE,REAR END,TRAFFIC SIGNAL,DAYLIGHT,CLEAR,DRY
13984,35428120,MONROE,East Rochester,4,253 43011166,Y,43.1138180,-77.4913730,9/20/14,8:00,PROPERTY DAMAGE AND INJURY,1,0,2,COLLISION WITH MOTOR VEHICLE,RIGHT ANGLE,STOP SIGN,DAYLIGHT,CLEAR,DRY
13984,35076511,MONROE,Rochester,1,490I43022022,N,43.1565506,-77.6302353,1/7/14,18:00,INJURY,1,0,2,COLLISION WITH MOTOR VEHICLE,REAR END,NONE,DARK-ROAD LIGHTED,SNOW,SNOW/ICE
13984,35421210,MONROE,Chili,3,,Y,43.1093890,-77.7456121,10/5/14,11:28,PROPERTY DAMAGE AND INJURY,1,0,2,COLLISION WITH MOTOR VEHICLE,RIGHT ANGLE,NONE,DAYLIGHT,CLOUDY,DRY
13984,35140329,MONROE,Parma,3,,N,43.2883393,-77.7575152,2/18/14,8:32,INJURY,1,0,1,COLLISION WITH SNOW EMBANKMENT,OTHER,NONE,DAYLIGHT,SNOW,SNOW/ICE
13984,35428090,MONROE,Pittsford,4, 96 43051051,N,43.0847765,-77.5114473,10/12/14,5:43,PROPERTY DAMAGE AND INJURY,1,0,1,COLLISION WITH TREE,OTHER,NONE,DARK-ROAD LIGHTED,CLEAR,DRY
13984,35335738,MONROE,Sweden,3,,N,43.1983613,-77.9447797,7/20/14,13:30,PROPERTY DAMAGE AND INJURY,1,0,2,COLLISION WITH MOTOR VEHICLE,RIGHT ANGLE,NONE,DAYLIGHT,CLOUDY,DRY
13984,34877652,MONROE,Greece,3,,N,43.2066668,-77.6764304,8/3/13,13:08,PROPERTY DAMAGE AND INJURY,1,0,4,COLLISION WITH MOTOR VEHICLE,OTHER,TRAFFIC SIGNAL,DAYLIGHT,CLEAR,DRY
13984,34790174,MONROE,Perinton,3,,N,43.0690197,-77.4396079,5/28/13,18:05,PROPERTY DAMAGE AND INJURY,2,0,2,COLLISION WITH MOTOR VEHICLE,LEFT TURN (AGAINST OTHER CAR),TRAFFIC SIGNAL,DAYLIGHT,RAIN,WET
13984,35532439,MONROE,Gates,3,390I43037006,N,43.1386128,-77.6670199,12/18/14,18:47,PROPERTY DAMAGE AND INJURY,1,0,3,COLLISION WITH MOTOR VEHICLE,OTHER,NONE,DARK-ROAD LIGHTED,CLOUDY,WET
13984,35370084,MONROE,Rochester,1,,N,43.1760085,-77.5696754,8/17/14,18:43,INJURY,1,0,2,COLLISION WITH MOTOR VEHICLE,OVERTAKING,NONE,DAYLIGHT,CLEAR,DRY
13984,34751015,MONROE,Rochester,1,,N,43.1576370,-77.6222926,4/16/13,17:10,INJURY,1,0,1,COLLISION WITH PEDESTRIAN,OTHER,NONE,DAYLIGHT,RAIN,WET
13984,34898760,MONROE,Wheatland,3,,N,43.0297905,-77.8733041,8/15/13,19:45,PROPERTY DAMAGE AND INJURY,1,0,1,COLLISION WITH GUIDE RAIL,OTHER,NONE,DAYLIGHT,CLEAR,DRY
13984,35102025,MONROE,Gates,3,,N,43.1745713,-77.7058820,1/23/14,21:38,PROPERTY DAMAGE AND INJURY,1,0,2,COLLISION WITH MOTOR VEHICLE,REAR END,NONE,DARK-ROAD UNLIGHTED,SNOW,SNOW/ICE
13984,34867772,MONROE,Perinton,3, 31 43033117,Y,43.0644110,-77.3791379,7/27/13,10:40,PROPERTY DAMAGE AND INJURY,2,0,2,COLLISION WITH MOTOR VEHICLE,REAR END,NONE,DAYLIGHT,CLEAR,DRY
13984,34702217,MONROE,Rochester,1,,Y,43.1378910,-77.6289270,3/14/13,18:06,INJURY,1,0,2,COLLISION WITH MOTOR VEHICLE,SIDESWIPE,NONE,DAYLIGHT,CLEAR,DRY
13984,35290099,MONROE,Rochester,1, 31 43032038,Y,43.1547340,-77.6080190,6/11/14,15:04,INJURY,3,0,2,COLLISION WITH MOTOR VEHICLE,RIGHT ANGLE,TRAFFIC SIGNAL,DAYLIGHT,CLOUDY,DRY
13984,35109735,MONROE,Gates,3,390I43037008,N,43.1407848,-77.6694502,1/28/14,10:17,PROPERTY DAMAGE AND INJURY,1,0,1,COLL. W/LIGHT SUPPORT/UTILITY POLE,OTHER,NONE,DAYLIGHT,CLEAR,SNOW/ICE
13984,35183931,MONROE,Rochester,1,,N,43.1938413,-77.6392489,3/13/14,17:45,INJURY,1,0,2,COLLISION WITH MOTOR VEHICLE,REAR END,NONE,DAYLIGHT,CLEAR,SNOW/ICE
13984,35296895,MONROE,Gates,3,,Y,43.1756210,-77.7015780,6/17/14,17:23,INJURY,1,0,3,COLLISION WITH MOTOR VEHICLE,OTHER,NONE,DAYLIGHT,CLOUDY,DRY
13984,35308286,MONROE,Hamlin,3, 18 43031070,Y,43.2842420,-77.8668974,6/20/14,16:30,PROPERTY DAMAGE AND INJURY,2,0,2,COLLISION WITH MOTOR VEHICLE,RIGHT ANGLE,STOP SIGN,DAYLIGHT,CLEAR,DRY
13984,35459697,MONROE,Rochester,1,,Y,43.1263650,-77.6426960,10/31/14,17:05,PROPERTY DAMAGE AND INJURY,1,0,2,COLLISION WITH MOTOR VEHICLE,RIGHT ANGLE,STOP SIGN,DAYLIGHT,RAIN,WET
13984,34949932,MONROE,Rochester,1,,N,43.1602397,-77.5659814,9/28/13,14:45,INJURY,1,0,2,COLLISION WITH MOTOR VEHICLE,LEFT TURN (AGAINST OTHER CAR),NONE,DAYLIGHT,CLEAR,DRY
13984,34925863,MONROE,Rochester,1,,Y,43.1461820,-77.6021890,9/14/13,0:50,PROPERTY DAMAGE AND INJURY,2,0,2,COLLISION WITH MOTOR VEHICLE,HEAD ON,TRAFFIC SIGNAL,DARK-ROAD LIGHTED,RAIN,WET
13984,35098061,MONROE,Webster,4,,N,43.2160044,-77.4292264,1/18/14,22:45,PROPERTY DAMAGE AND INJURY,1,0,1,COLLISION WITH GUIDERAIL - END,OTHER,NONE,DARK-ROAD UNLIGHTED,CLEAR,DRY
13984,34971046,MONROE,Rochester,1, 96 43052017,N,43.1518070,-77.5778500,10/11/13,16:52,PROPERTY DAMAGE AND INJURY,1,0,2,COLLISION WITH MOTOR VEHICLE,REAR END,NONE,DAYLIGHT,CLEAR,DRY
13984,34975071,MONROE,Rush,3,251 43011160,Y,43.0030230,-77.6664890,10/18/13,8:30,PROPERTY DAMAGE AND INJURY,1,0,2,COLLISION WITH MOTOR VEHICLE,REAR END,TRAFFIC SIGNAL,DAYLIGHT,CLOUDY,WET
13984,35049797,MONROE,Greece,3,390 43011035,N,43.2064919,-77.6762346,12/19/13,14:14,PROPERTY DAMAGE AND INJURY,1,0,2,COLLISION WITH MOTOR VEHICLE,REAR END,TRAFFIC SIGNAL,DAYLIGHT,CLOUDY,WET
13984,34960159,MONROE,Pittsford,3, 31 43033051,N,43.0865919,-77.5026180,9/11/13,17:41,PROPERTY DAMAGE AND INJURY,2,0,2,COLLISION WITH MOTOR VEHICLE,HEAD ON,NONE,DAYLIGHT,CLEAR,DRY
13984,34723599,MONROE,Gates,3, 33A43021152,N,43.1394130,-77.6683200,4/5/13,18:16,INJURY,1,0,2,COLLISION WITH MOTOR VEHICLE,LEFT TURN (AGAINST OTHER CAR),TRAFFIC SIGNAL,DAYLIGHT,CLEAR,DRY
13984,35419378,MONROE,Rochester,1,,N,43.1809507,-77.6298639,9/25/14,16:49,INJURY,1,0,2,COLLISION WITH MOTOR VEHICLE,REAR END,TRAFFIC SIGNAL,DAYLIGHT,CLEAR,DRY
13984,35392973,MONROE,Hilton,4, 18 43031113,N,43.2808210,-77.7912990,8/13/14,11:28,PROPERTY DAMAGE AND INJURY,1,0,2,COLLISION WITH MOTOR VEHICLE,REAR END,NONE,DAYLIGHT,CLEAR,DRY
13984,35034885,MONROE,Brighton,3,590 43011005,N,43.1484986,-77.5405260,12/3/13,8:23,PROPERTY DAMAGE AND INJURY,1,0,3,COLLISION WITH MOTOR VEHICLE,OTHER,NONE,DAYLIGHT,CLEAR,DRY
13984,35521691,MONROE,Greece,3,,Y,43.2147010,-77.6776690,12/13/14,19:20,PROPERTY DAMAGE AND INJURY,1,0,2,COLLISION WITH MOTOR VEHICLE,OVERTAKING,NONE,DARK-ROAD LIGHTED,CLEAR,WET
13984,35134850,MONROE,Brighton,3,441 43011107,N,43.1262836,-77.5199698,2/10/14,14:42,INJURY,1,0,2,COLLISION WITH MOTOR VEHICLE,REAR END,TRAFFIC SIGNAL,DAYLIGHT,CLOUDY,SNOW/ICE
13984,35133945,MONROE,Rochester,1,,Y,43.1583170,-77.6012760,2/7/14,16:13,INJURY,1,0,2,COLLISION WITH MOTOR VEHICLE,REAR END,TRAFFIC SIGNAL,DAYLIGHT,CLEAR,DRY
13984,34941312,MONROE,Rochester,1,490I43022069,N,43.1431489,-77.5477638,9/7/13,22:42,PROPERTY DAMAGE AND INJURY,1,0,1,COLLISION WITH OTHER BARRIER,OTHER,NONE,DARK-ROAD LIGHTED,CLOUDY,WET
13984,34741209,MONROE,Rochester,1,,Y,43.1792120,-77.6590790,4/18/13,13:24,PROPERTY DAMAGE AND INJURY,1,0,2,COLLISION WITH MOTOR VEHICLE,RIGHT ANGLE,NONE,DAYLIGHT,CLEAR,DRY
13984,34849058,UNKNOWN COUNTY,,0,,N,43.1779069,-77.6143597,7/8/13,9:00,PROPERTY DAMAGE AND INJURY,1,0,1,COLLISION WITH TREE,OTHER,NONE,DAYLIGHT,CLOUDY,DRY
13984,35517148,MONROE,Rochester,1,,Y,43.1760670,-77.5678860,12/10/14,15:37,PROPERTY DAMAGE AND INJURY,1,0,2,COLLISION WITH MOTOR VEHICLE,RIGHT ANGLE,NONE,DAYLIGHT,SNOW,SNOW/ICE
13984,35323138,MONROE,Rochester,1, 33A43022012,Y,43.1483210,-77.6421130,7/11/14,16:22,INJURY,1,0,2,COLLISION WITH MOTOR VEHICLE,REAR END,NONE,DAYLIGHT,CLEAR,DRY
13984,35237294,MONROE,Rochester,1,,Y,43.1397260,-77.5960489,4/25/14,11:32,PROPERTY DAMAGE AND INJURY,2,0,3,COLLISION WITH MOTOR VEHICLE,OTHER,TRAFFIC SIGNAL,DAYLIGHT,CLEAR,DRY
13984,35065805,MONROE,Rochester,1,,Y,43.1330787,-77.6509349,12/29/13,22:56,INJURY,1,0,1,COLLISION WITH PEDESTRIAN,OTHER,NONE,DARK-ROAD LIGHTED,CLOUDY,DRY
13984,34825802,MONROE,Rochester,1,,N,43.1384468,-77.6605237,6/26/13,1:24,PROPERTY DAMAGE AND INJURY,1,0,1,COLLISION WITH TREE,OTHER,STOP SIGN,DARK-ROAD LIGHTED,CLOUDY,WET
13984,35220304,MONROE,Rochester,1,104 43032018,Y,43.1941810,-77.6272440,4/5/14,15:56,PROPERTY DAMAGE AND INJURY,1,0,2,COLLISION WITH MOTOR VEHICLE,REAR END,TRAFFIC SIGNAL,DAYLIGHT,CLOUDY,DRY
13984,34796577,MONROE,Rochester,1,,N,43.1341901,-77.6415777,6/2/13,21:25,PROPERTY DAMAGE AND INJURY,1,0,1,COLLISION WITH TREE,OTHER,NONE,DARK-ROAD LIGHTED,CLEAR,DRY
13984,35227678,MONROE,Henrietta,3,252 43011049,N,43.0921158,-77.6752429,4/18/14,15:05,INJURY,2,0,2,COLLISION WITH MOTOR VEHICLE,REAR END,TRAFFIC SIGNAL,DAYLIGHT,CLEAR,DRY
13984,35375755,MONROE,Ogden,3,,N,43.1742957,-77.7740621,8/20/14,19:34,PROPERTY DAMAGE AND INJURY,2,0,2,COLLISION WITH MOTOR VEHICLE,HEAD ON,NONE,DAYLIGHT,CLOUDY,DRY
13984,34903945,MONROE,Penfield,3,441 43011051,N,43.1294560,-77.4449440,8/18/13,14:20,INJURY,1,0,1,COLLISION WITH PEDESTRIAN,OTHER,NONE,DAYLIGHT,CLEAR,DRY
13984,34987597,MONROE,Henrietta,3,,N,43.0363067,-77.7031194,10/14/13,19:49,INJURY,2,0,1,COLLISION WITH PEDESTRIAN,OTHER,NONE,DARK-ROAD UNLIGHTED,CLOUDY,DRY
13984,35519376,MONROE,Rochester,1,,Y,43.1582980,-77.6068900,12/17/14,10:45,INJURY,1,0,1,COLLISION WITH PEDESTRIAN,OTHER,TRAFFIC SIGNAL,DAYLIGHT,CLEAR,WET
13984,35450630,MONROE,Rochester,1,,N,43.1690102,-77.5956593,10/19/14,2:02,PROPERTY DAMAGE AND INJURY,1,0,1,COLLISION WITH FENCE,OTHER,NO PASSING ZONE,DARK-ROAD LIGHTED,RAIN,WET
13984,35259389,MONROE,Chili,3,390I43033002,N,43.1235425,-77.6497952,5/13/14,15:51,PROPERTY DAMAGE AND INJURY,1,0,3,COLLISION WITH MOTOR VEHICLE,OTHER,NONE,DAYLIGHT,CLEAR,DRY
13984,35264373,MONROE,Chili,3, 33 43031072,N,43.1223823,-77.7993520,5/19/14,14:34,PROPERTY DAMAGE AND INJURY,1,0,2,COLLISION WITH MOTOR VEHICLE,REAR END,NONE,DAYLIGHT,CLEAR,DRY
13984,34695883,MONROE,Greece,3, 18 43031199,Y,43.2529010,-77.6592330,3/15/13,14:31,INJURY,1,0,4,COLLISION WITH MOTOR VEHICLE,OTHER,TRAFFIC SIGNAL,DAYLIGHT,CLEAR,DRY
13984,34960389,MONROE,Rochester,1, 31 43032021,Y,43.1646230,-77.6339510,8/10/13,22:55,PROPERTY DAMAGE AND INJURY,2,0,3,COLLISION WITH MOTOR VEHICLE,OTHER,TRAFFIC SIGNAL,DARK-ROAD LIGHTED,CLEAR,DRY
13984,35071371,MONROE,Sweden,3, 31 43031068,N,43.1979972,-77.8997377,1/3/14,6:58,PROPERTY DAMAGE AND INJURY,1,0,2,COLLISION WITH MOTOR VEHICLE,REAR END,TRAFFIC SIGNAL,DARK-ROAD LIGHTED,SNOW,SNOW/ICE
13984,35294562,MONROE,Pittsford,4,252 43011127,N,43.0873453,-77.5249955,6/16/14,5:52,PROPERTY DAMAGE AND INJURY,2,0,2,COLLISION WITH SIGN POST,HEAD ON,NO PASSING ZONE,DAYLIGHT,CLEAR,DRY
13984,35170822,MONROE,Gates,3,,N,43.1312006,-77.6886595,3/10/14,18:42,INJURY,1,0,1,COLLISION WITH PEDESTRIAN,OTHER,NONE,DAYLIGHT,CLOUDY,DRY
13984,35332980,MONROE,Irondequoit,3,,N,43.1964440,-77.5767859,7/18/14,22:57,PROPERTY DAMAGE AND INJURY,1,0,1,OVERTURNED,OTHER,TRAFFIC SIGNAL,DARK-ROAD LIGHTED,CLEAR,DRY
13984,34699921,MONROE,Perinton,3,250 43011019,N,43.0629364,-77.4423868,3/18/13,17:00,PROPERTY DAMAGE AND INJURY,1,0,1,COLLISION WITH CULVERT/HEADWALL,OTHER,NONE,DAYLIGHT,SNOW,SNOW/ICE
13984,35413478,MONROE,Henrietta,3,253 43011064,N,43.0588015,-77.6441120,9/24/14,18:06,PROPERTY DAMAGE AND INJURY,1,0,2,COLLISION WITH MOTOR VEHICLE,REAR END,NONE,DAYLIGHT,CLEAR,DRY
13984,34863418,MONROE,Rochester,1,,N,43.2035180,-77.5618440,6/18/13,20:58,PROPERTY DAMAGE AND INJURY,2,0,2,COLLISION WITH MOTOR VEHICLE,REAR END,UNKNOWN,UNKNOWN,UNKNOWN,UNKNOWN
13984,34869083,MONROE,Ogden,3,,N,43.1948694,-77.7822368,7/22/13,21:48,INJURY,1,0,1,OTHER NON-COLLISION,OTHER,NONE,DARK-ROAD UNLIGHTED,CLOUDY,DRY
13984,34813238,MONROE,Perinton,3,490I43023063,N,43.0732082,-77.4793139,6/11/13,14:56,INJURY,1,0,2,COLLISION WITH MOTOR VEHICLE,REAR END,NONE,DAYLIGHT,RAIN,WET
13984,35380353,MONROE,Rochester,1, 33 43032025,Y,43.1524600,-77.6266271,7/29/14,11:34,PROPERTY DAMAGE AND INJURY,1,0,2,COLLISION WITH MOTOR VEHICLE,LEFT TURN (AGAINST OTHER CAR),TRAFFIC SIGNAL,DAYLIGHT,CLOUDY,DRY
13984,35119339,MONROE,Rochester,1,,Y,43.1740070,-77.6129930,1/30/14,0:47,FATAL,0,1,1,COLLISION WITH BICYCLIST,OTHER,NONE,DARK-ROAD LIGHTED,CLEAR,SLUSH
13984,35397118,MONROE,Greece,3,,N,43.2093306,-77.6936289,9/9/14,11:39,PROPERTY DAMAGE AND INJURY,1,0,2,COLLISION WITH MOTOR VEHICLE,OVERTAKING,NONE,DAYLIGHT,CLEAR,DRY
13984,35223789,MONROE,Penfield,3,404 43035054,N,43.1860266,-77.5059472,4/15/14,12:18,PROPERTY DAMAGE AND INJURY,1,0,2,COLLISION WITH MOTOR VEHICLE,REAR END,NONE,DAYLIGHT,SLEET/HAIL/FREEZING RAIN,WET
13984,34922606,MONROE,Brighton,3,286A43011007,N,43.1490570,-77.5290820,8/13/13,13:30,PROPERTY DAMAGE AND INJURY,1,0,2,COLLISION WITH MOTOR VEHICLE,UNKNOWN,UNKNOWN,UNKNOWN,UNKNOWN,UNKNOWN
13984,35311478,MONROE,Pittsford,3,490I43023053,N,43.0844400,-77.4918620,5/22/14,17:25,PROPERTY DAMAGE AND INJURY,1,0,2,COLLISION WITH MOTOR VEHICLE,REAR END,NONE,DAYLIGHT,CLEAR,DRY
13984,34744734,MONROE,Rochester,1,,Y,43.1837030,-77.6081859,4/16/13,13:34,PROPERTY DAMAGE AND INJURY,1,0,2,COLLISION WITH MOTOR VEHICLE,OVERTAKING,NONE,DAYLIGHT,RAIN,WET
13984,34939606,MONROE,Rochester,1,,Y,43.1547160,-77.6168820,9/26/13,13:19,INJURY,1,0,1,COLLISION WITH BICYCLIST,OTHER,TRAFFIC SIGNAL,DAYLIGHT,CLEAR,DRY
13984,35053172,MONROE,Brighton,3, 15 43031117,N,43.0974183,-77.6312941,12/23/13,15:05,PROPERTY DAMAGE AND INJURY,1,0,2,COLLISION WITH MOTOR VEHICLE,REAR END,NONE,DAYLIGHT,CLOUDY,DRY
13984,35071690,MONROE,Sweden,3,,N,43.1997671,-77.9671916,1/3/14,7:45,PROPERTY DAMAGE AND INJURY,1,0,2,COLLISION WITH MOTOR VEHICLE,RIGHT ANGLE,NONE,DAYLIGHT,SNOW,SNOW/ICE
13984,34890588,MONROE,Henrietta,3,252 43011069,N,43.0884069,-77.6373548,8/6/13,12:54,PROPERTY DAMAGE AND INJURY,3,0,3,COLLISION WITH MOTOR VEHICLE,OTHER,TRAFFIC SIGNAL,DAYLIGHT,CLEAR,DRY
13984,35101859,MONROE,Rochester,1,,N,43.1270752,-77.6129590,1/22/14,12:03,PROPERTY DAMAGE AND INJURY,1,0,2,COLLISION WITH MOTOR VEHICLE,REAR END,NONE,DAYLIGHT,SNOW,WET
13984,34911617,MONROE,Irondequoit,3,,Y,43.2115170,-77.5708010,8/31/13,18:23,PROPERTY DAMAGE AND INJURY,1,0,2,COLLISION WITH MOTOR VEHICLE,RIGHT TURN (AGAINST OTHER CAR),STOP SIGN,DAYLIGHT,CLEAR,DRY
13984,34746613,MONROE,Brighton,3,,N,43.1264029,-77.5657832,4/24/13,19:13,PROPERTY DAMAGE AND INJURY,1,0,2,COLLISION WITH MOTOR VEHICLE,LEFT TURN (WITH OTHER CAR),TRAFFIC SIGNAL,DAYLIGHT,RAIN,WET
13984,35202095,MONROE,Gates,3,,N,43.1433821,-77.7235855,3/28/14,13:31,PROPERTY DAMAGE AND INJURY,1,0,1,COLLISION WITH BUILDING/WALL,OTHER,NONE,DAYLIGHT,CLOUDY,WET
13984,35566734,MONROE,Sweden,3,,Y,43.2145531,-77.9223906,11/18/14,6:30,PROPERTY DAMAGE AND INJURY,3,0,1,COLL. W/EARTH ELE./ROCK CUT/DITCH,OTHER,STOP SIGN,DAWN,CLOUDY,SNOW/ICE
13984,35459693,MONROE,Rochester,1,,Y,43.1513100,-77.6346620,11/4/14,17:13,INJURY,1,0,1,COLLISION WITH PEDESTRIAN,OTHER,STOP SIGN,DUSK,CLEAR,DRY
13984,35196689,MONROE,Perinton,3, 96 43051003,Y,43.0368421,-77.4505753,3/26/14,15:55,PROPERTY DAMAGE AND INJURY,1,0,2,COLLISION WITH MOTOR VEHICLE,REAR END,TRAFFIC SIGNAL,DAYLIGHT,CLOUDY,DRY
13984,35430228,MONROE,Henrietta,3, 15 43031107,N,43.0846104,-77.6381833,9/19/14,16:37,PROPERTY DAMAGE AND INJURY,1,0,2,COLLISION WITH MOTOR VEHICLE,REAR END,NONE,DAYLIGHT,CLEAR,DRY
13984,35448007,MONROE,Rochester,1,,N,43.1512431,-77.5695677,10/26/14,18:02,INJURY,1,0,2,COLLISION WITH MOTOR VEHICLE,LEFT TURN (AGAINST OTHER CAR),NONE,DARK-ROAD LIGHTED,CLEAR,DRY