QUERYID,CASE #,REGN_CNTY_CDE,Municipality,MUNITYPE,REF_MRKR,ATINTERSECTION_IND,Lat,Long,,Time,Crash Type,Injuries,Fatalities,Number of Vehicles,ACCD_TYP,COLLISION_TYP,TRAF_CNTL,Light Condition,Weather Condition,Road Surface Condition
13984,35018731,MONROE,Webster,3,250 43011117,N,43.2032558,-77.4303333,11/23/13,17:45,PROPERTY DAMAGE AND INJURY,1,0,2,COLLISION WITH MOTOR VEHICLE,REAR END,NONE,DARK-ROAD UNLIGHTED,SNOW,SNOW/ICE
13984,35387087,MONROE,Penfield,3,441 43011060,N,43.1304055,-77.4255003,8/22/14,12:33,PROPERTY DAMAGE AND INJURY,1,0,2,COLLISION WITH MOTOR VEHICLE,RIGHT ANGLE,STOP SIGN,DAYLIGHT,CLOUDY,DRY
13984,35479943,MONROE,Rochester,1,490I43022066,N,43.1445792,-77.5532298,11/10/14,15:40,PROPERTY DAMAGE AND INJURY,1,0,1,COLLISION WITH OTHER BARRIER,OTHER,NONE,DAYLIGHT,CLEAR,DRY
13984,34770269,MONROE,Mendon,3, 64 43021053,N,43.0161037,-77.5140653,5/10/13,10:28,PROPERTY DAMAGE AND INJURY,1,0,1,COLLISION WITH SIGN POST,OTHER,NONE,DAYLIGHT,CLOUDY,DRY
13984,35388133,MONROE,Rochester,1,,Y,43.1861840,-77.6388790,8/23/14,11:36,PROPERTY DAMAGE AND INJURY,2,0,2,COLLISION WITH MOTOR VEHICLE,RIGHT ANGLE,STOP SIGN,DAYLIGHT,CLEAR,DRY
13984,34812479,MONROE,Greece,3,,N,43.2383420,-77.6477849,6/11/13,18:36,INJURY,2,0,3,COLLISION WITH MOTOR VEHICLE,OTHER,NONE,DAYLIGHT,CLOUDY,DRY
13984,35301956,MONROE,Webster,3,,Y,43.2189900,-77.5011930,6/22/14,10:24,PROPERTY DAMAGE AND INJURY,2,0,2,COLLISION WITH MOTOR VEHICLE,LEFT TURN (AGAINST OTHER CAR),NONE,DAYLIGHT,CLEAR,DRY
13984,34958198,MONROE,Rochester,1,940K43011001,Y,43.1535670,-77.6596260,9/30/13,12:27,INJURY,1,0,1,COLLISION WITH PEDESTRIAN,OTHER,NONE,DAYLIGHT,CLOUDY,DRY
13984,35523193,MONROE,Brighton,3, 31 43033022,Y,43.1110170,-77.5477170,12/21/14,17:01,PROPERTY DAMAGE AND INJURY,3,0,2,COLLISION WITH MOTOR VEHICLE,REAR END,TRAFFIC SIGNAL,DARK-ROAD LIGHTED,CLOUDY,DRY
13984,35225271,MONROE,Penfield,3,441 43011063,N,43.1281650,-77.4213944,3/29/14,0:40,PROPERTY DAMAGE AND INJURY,1,0,1,COLLISION WITH TREE,OTHER,NONE,DARK-ROAD UNLIGHTED,CLEAR,DRY
13984,35015501,MONROE,Rochester,1,,Y,43.1711080,-77.6074840,11/13/13,19:04,PROPERTY DAMAGE AND INJURY,1,0,3,COLLISION WITH MOTOR VEHICLE,OTHER,TRAFFIC SIGNAL,DARK-ROAD LIGHTED,CLEAR,DRY
13984,35392979,MONROE,Perinton,3,490I43023060,N,43.0761047,-77.4829615,9/9/14,7:57,INJURY,2,0,2,COLLISION WITH MOTOR VEHICLE,REAR END,NONE,DAYLIGHT,CLEAR,DRY
13984,34876100,MONROE,Greece,3,,N,43.2343273,-77.6472801,7/26/13,9:05,INJURY,1,0,1,COLLISION WITH PEDESTRIAN,OTHER,NONE,DAYLIGHT,CLEAR,DRY
13984,34874730,MONROE,Brighton,3, 15 43031121,N,43.1037293,-77.6280454,8/3/13,21:51,PROPERTY DAMAGE AND INJURY,4,0,3,COLLISION WITH MOTOR VEHICLE,OTHER,TRAFFIC SIGNAL,DARK-ROAD LIGHTED,CLOUDY,DRY
13984,34975767,MONROE,Brighton,3, 31 43033021,N,43.1124040,-77.5495773,10/25/13,17:28,PROPERTY DAMAGE AND INJURY,1,0,2,COLLISION WITH MOTOR VEHICLE,RIGHT ANGLE,NONE,DAYLIGHT,CLOUDY,DRY
13984,34955706,MONROE,Rochester,1,,N,43.1771770,-77.5915370,9/17/13,14:46,INJURY,1,0,1,COLLISION WITH PEDESTRIAN,OTHER,NONE,DAYLIGHT,CLEAR,DRY
13984,35491551,MONROE,Brighton,3, 15A43041128,N,43.1075932,-77.6159180,11/30/14,3:37,PROPERTY DAMAGE AND INJURY,1,0,2,COLLISION WITH MOTOR VEHICLE,OTHER,TRAFFIC SIGNAL,DARK-ROAD LIGHTED,CLOUDY,DRY
13984,35183888,MONROE,Rochester,1,940M43011021,Y,43.1946910,-77.6287910,3/11/14,6:55,INJURY,1,0,1,COLLISION WITH BICYCLIST,OTHER,TRAFFIC SIGNAL,DAWN,CLEAR,WET
13984,35412204,UNKNOWN COUNTY,,0,,N,43.2341004,-77.6246327,8/29/14,22:50,INJURY,1,0,1,COLLISION WITH CURBING,OTHER,NONE,DARK-ROAD LIGHTED,CLEAR,DRY
13984,34967796,MONROE,Rochester,1,,Y,43.1982910,-77.5615750,10/15/13,21:17,PROPERTY DAMAGE AND INJURY,2,0,2,COLLISION WITH MOTOR VEHICLE,SIDESWIPE,NONE,DARK-ROAD LIGHTED,CLOUDY,DRY
13984,35331578,MONROE,Rochester,1,,Y,43.1822660,-77.5992770,7/18/14,21:12,INJURY,1,0,1,COLLISION WITH PEDESTRIAN,OTHER,NONE,DARK-ROAD LIGHTED,CLEAR,DRY
13984,35252040,MONROE,Rochester,1,,Y,43.1822660,-77.5992770,5/6/14,18:56,INJURY,1,0,2,COLLISION WITH MOTOR VEHICLE,LEFT TURN (AGAINST OTHER CAR),NONE,DAYLIGHT,CLEAR,DRY
13984,35354772,MONROE,Irondequoit,3,590 43013012,N,43.1841099,-77.5434968,8/6/14,15:00,PROPERTY DAMAGE AND INJURY,1,0,2,COLLISION WITH OTHER BARRIER,OVERTAKING,HIGHWAY WORK AREA,DAYLIGHT,CLEAR,DRY
13984,34761314,MONROE,Rochester,1,,N,43.1583140,-77.6096004,4/26/13,15:53,INJURY,1,0,2,COLLISION WITH MOTOR VEHICLE,REAR END,NONE,DAYLIGHT,CLEAR,DRY
13984,34745527,MONROE,Rochester,1,,N,43.1806547,-77.5616647,4/23/13,23:12,PROPERTY DAMAGE AND INJURY,1,0,2,COLLISION WITH MOTOR VEHICLE,REAR END,NONE,DARK-ROAD LIGHTED,CLEAR,DRY
13984,35225513,MONROE,Irondequoit,3,104 43033002,N,43.1959356,-77.5807687,3/29/14,20:01,INJURY,1,0,1,COLLISION WITH GUIDERAIL - END,OTHER,NONE,DARK-ROAD LIGHTED,SNOW,SNOW/ICE
13984,34983765,MONROE,Penfield,3,404 43035056,N,43.1891530,-77.5042948,10/22/13,17:21,PROPERTY DAMAGE AND INJURY,2,0,2,COLLISION WITH MOTOR VEHICLE,RIGHT ANGLE,NONE,DAYLIGHT,CLOUDY,DRY
13984,34869252,MONROE,Rochester,1,,Y,43.1939000,-77.6522309,7/13/13,12:19,INJURY,2,0,2,COLLISION WITH MOTOR VEHICLE,REAR END,NONE,DAYLIGHT,CLEAR,DRY
13984,34907652,MONROE,Greece,3,,N,43.2447813,-77.6487156,8/22/13,23:50,INJURY,1,0,1,COLL. W/LIGHT SUPPORT/UTILITY POLE,OTHER,NONE,DARK-ROAD LIGHTED,CLEAR,DRY
13984,35479016,MONROE,Gates,3,390I43037014,N,43.1464929,-77.6755126,11/21/14,16:21,INJURY,2,0,2,COLLISION WITH MOTOR VEHICLE,REAR END,NONE,DAYLIGHT,CLOUDY,DRY
13984,35214037,MONROE,Rochester,1,,Y,43.1427960,-77.6289690,4/1/14,0:50,PROPERTY DAMAGE AND INJURY,1,0,2,COLLISION WITH MOTOR VEHICLE,RIGHT ANGLE,TRAFFIC SIGNAL,DARK-ROAD LIGHTED,CLEAR,DRY
13984,35047900,MONROE,Gates,3, 33 43031098,N,43.1386780,-77.7543604,12/18/13,8:29,PROPERTY DAMAGE AND INJURY,1,0,2,COLLISION WITH MOTOR VEHICLE,REAR END,TRAFFIC SIGNAL,DAYLIGHT,CLEAR,WET
13984,34736424,MONROE,Webster,4,,Y,43.1982570,-77.4343560,4/15/13,18:22,PROPERTY DAMAGE AND INJURY,1,0,2,COLLISION WITH MOTOR VEHICLE,REAR END,NONE,DAYLIGHT,CLEAR,DRY
13984,35426487,MONROE,Rochester,1,104 43032029,N,43.1915308,-77.6089840,10/9/14,13:05,PROPERTY DAMAGE AND INJURY,1,0,1,COLLISION WITH MEDIAN/BARRIER,OTHER,NONE,DAYLIGHT,CLEAR,DRY
13984,34775953,MONROE,Gates,3,390 43011002,N,43.1591650,-77.6825233,5/15/13,15:07,INJURY,1,0,2,COLLISION WITH MOTOR VEHICLE,OVERTAKING,NONE,DAYLIGHT,CLEAR,DRY
13984,35515260,MONROE,Wheatland,3,,N,43.0220020,-77.9034639,12/11/14,5:39,PROPERTY DAMAGE AND INJURY,2,0,2,COLLISION WITH MOTOR VEHICLE,RIGHT ANGLE,NO PASSING ZONE,DARK-ROAD UNLIGHTED,SNOW,SNOW/ICE
13984,34842269,MONROE,Rochester,1,104 43032004,Y,43.2032280,-77.6516990,7/3/13,16:27,PROPERTY DAMAGE AND INJURY,5,0,3,COLLISION WITH MOTOR VEHICLE,OTHER,TRAFFIC SIGNAL,DAYLIGHT,RAIN,WET
13984,35529352,MONROE,Brighton,3,490I43023007,N,43.1377500,-77.5359492,12/17/14,17:42,PROPERTY DAMAGE AND INJURY,2,0,3,COLLISION WITH MOTOR VEHICLE,OTHER,NONE,DARK-ROAD LIGHTED,CLOUDY,WET
13984,34969281,MONROE,Webster,3,,N,43.2244646,-77.4758933,10/20/13,11:52,PROPERTY DAMAGE AND INJURY,1,0,2,COLLISION WITH MOTOR VEHICLE,REAR END,NONE,DAYLIGHT,CLOUDY,DRY
13984,34903285,MONROE,Rochester,1,,Y,43.2239180,-77.6270301,8/26/13,13:14,PROPERTY DAMAGE AND INJURY,2,0,2,COLLISION WITH MOTOR VEHICLE,REAR END,NONE,DAYLIGHT,CLOUDY,DRY
13984,35336702,MONROE,Rochester,1,940T43011011,N,43.1621676,-77.6028365,7/20/14,20:12,PROPERTY DAMAGE AND INJURY,2,0,2,COLLISION WITH MOTOR VEHICLE,REAR END,NONE,DAYLIGHT,CLEAR,DRY
13984,35401527,MONROE,Brighton,3, 15 43031114,N,43.0941418,-77.6330117,9/17/14,17:15,PROPERTY DAMAGE AND INJURY,1,0,4,COLLISION WITH MOTOR VEHICLE,OTHER,NONE,DAYLIGHT,CLEAR,DRY
13984,35280661,MONROE,Gates,3,490I43021167,N,43.1572970,-77.7009349,6/3/14,16:02,INJURY,1,0,3,COLLISION WITH MOTOR VEHICLE,OTHER,NONE,DAYLIGHT,CLEAR,DRY
13984,35218190,MONROE,Ogden,3,,Y,43.2033930,-77.7531099,4/9/14,20:17,PROPERTY DAMAGE AND INJURY,2,0,2,COLLISION WITH MOTOR VEHICLE,SIDESWIPE,NONE,DARK-ROAD LIGHTED,CLOUDY,DRY
13984,35241802,MONROE,Ogden,3,531 43012055,N,43.1609337,-77.7589699,4/20/14,4:02,PROPERTY DAMAGE AND INJURY,1,0,1,COLLISION WITH GUIDE RAIL,OTHER,NONE,DARK-ROAD UNLIGHTED,CLEAR,DRY
13984,35054095,MONROE,Rochester,1,,Y,43.1247910,-77.6142800,11/24/13,0:00,PROPERTY DAMAGE AND INJURY,1,0,2,COLLISION WITH MOTOR VEHICLE,RIGHT ANGLE,TRAFFIC SIGNAL,DAYLIGHT,CLEAR,WET
13984,35361118,MONROE,Parma,3, 18 43031119,Y,43.2733480,-77.7910730,8/5/14,13:00,PROPERTY DAMAGE AND INJURY,1,0,2,COLLISION WITH MOTOR VEHICLE,REAR END,TRAFFIC SIGNAL,DAYLIGHT,CLOUDY,DRY
13984,35422068,MONROE,Greece,3,,Y,43.2183470,-77.6515841,9/25/14,7:02,PROPERTY DAMAGE AND INJURY,2,0,3,COLLISION WITH MOTOR VEHICLE,OTHER,NONE,DAYLIGHT,CLEAR,DRY
13984,35116129,MONROE,Rochester,1,940M43011010,Y,43.1777920,-77.6311540,1/29/14,8:35,INJURY,1,0,2,COLLISION WITH MOTOR VEHICLE,REAR END,NONE,DAYLIGHT,CLEAR,WET
13984,34703771,MONROE,Irondequoit,3,,N,43.1961793,-77.5999656,3/19/13,17:00,PROPERTY DAMAGE AND INJURY,1,0,2,COLLISION WITH MOTOR VEHICLE,REAR END,NONE,DAYLIGHT,CLOUDY,DRY
13984,34849049,MONROE,Rochester,1,,Y,43.1805850,-77.6079719,7/11/13,22:13,INJURY,1,0,1,COLLISION WITH BICYCLIST,OTHER,TRAFFIC SIGNAL,DARK-ROAD LIGHTED,CLOUDY,DRY
13984,34830545,MONROE,Perinton,3, 31F43011027,N,43.1022600,-77.4685048,6/26/13,14:50,PROPERTY DAMAGE AND INJURY,3,0,3,COLLISION WITH MOTOR VEHICLE,OTHER,TRAFFIC SIGNAL,DAYLIGHT,CLEAR,DRY
13984,35509282,MONROE,Fairport,4, 31F43011035,Y,43.0993351,-77.4535281,12/10/14,15:39,PROPERTY DAMAGE AND INJURY,1,0,2,COLLISION WITH MOTOR VEHICLE,HEAD ON,NONE,DAYLIGHT,SNOW,SNOW/ICE
13984,35532658,MONROE,Rochester,1,,Y,43.1565020,-77.6274400,12/12/14,17:27,PROPERTY DAMAGE AND INJURY,1,0,1,COLL. W/LIGHT SUPPORT/UTILITY POLE,OTHER,TRAFFIC SIGNAL,DARK-ROAD LIGHTED,RAIN,WET
13984,35403626,MONROE,Penfield,3,404 43035059,Y,43.1926337,-77.5024476,9/15/14,16:45,PROPERTY DAMAGE AND INJURY,1,0,2,COLLISION WITH MOTOR VEHICLE,LEFT TURN (WITH OTHER CAR),TRAFFIC SIGNAL,DAYLIGHT,RAIN,WET
13984,35159403,MONROE,Greece,3,,N,43.2210285,-77.6968196,2/27/14,18:20,PROPERTY DAMAGE AND INJURY,2,0,2,COLLISION WITH MOTOR VEHICLE,OTHER,NONE,DARK-ROAD LIGHTED,SNOW,SNOW/ICE
13984,35519375,MONROE,Rochester,1,,Y,43.1978250,-77.6388130,12/11/14,17:49,PROPERTY DAMAGE AND INJURY,4,0,2,COLLISION WITH MOTOR VEHICLE,RIGHT ANGLE,NONE,DARK-ROAD LIGHTED,CLOUDY,SNOW/ICE
13984,35289123,MONROE,Penfield,3,,Y,43.1817090,-77.4116980,6/13/14,22:58,PROPERTY DAMAGE AND INJURY,4,0,2,COLLISION WITH MOTOR VEHICLE,RIGHT ANGLE,STOP SIGN,DARK-ROAD UNLIGHTED,CLEAR,DRY
13984,35352619,MONROE,Gates,3,386 43011110,N,43.1584460,-77.7323900,8/6/14,21:39,PROPERTY DAMAGE AND INJURY,1,0,2,COLLISION WITH MOTOR VEHICLE,RIGHT ANGLE,TRAFFIC SIGNAL,DARK-ROAD UNLIGHTED,CLEAR,DRY
13984,34800623,MONROE,Rochester,1, 15A43042003,Y,43.1146840,-77.6162160,5/24/13,8:29,INJURY,1,0,1,COLLISION WITH PEDESTRIAN,OTHER,TRAFFIC SIGNAL,DAYLIGHT,RAIN,WET
13984,35279439,MONROE,Chili,3,,Y,43.0547770,-77.7835849,6/3/14,8:20,PROPERTY DAMAGE AND INJURY,2,0,2,COLLISION WITH MOTOR VEHICLE,RIGHT ANGLE,STOP SIGN,DAYLIGHT,RAIN,WET
13984,35327431,MONROE,Rochester,1,,Y,43.1759918,-77.5703190,7/3/14,22:33,PROPERTY DAMAGE AND INJURY,1,0,2,COLLISION WITH MOTOR VEHICLE,REAR END,NONE,DARK-ROAD LIGHTED,CLEAR,DRY
13984,34915367,MONROE,Rochester,1,,N,43.1441326,-77.5934743,8/12/13,19:32,INJURY,1,0,1,COLLISION WITH PEDESTRIAN,OTHER,NONE,DAYLIGHT,CLOUDY,DRY
13984,34975186,MONROE,Rochester,1,,N,43.1942130,-77.6123000,10/11/13,8:15,INJURY,1,0,2,COLLISION WITH MOTOR VEHICLE,REAR END,TRAFFIC SIGNAL,DAYLIGHT,CLEAR,DRY
13984,35320362,MONROE,Irondequoit,3,,N,43.1991717,-77.5766696,7/9/14,22:59,INJURY,1,0,2,COLLISION WITH MOTOR VEHICLE,LEFT TURN (AGAINST OTHER CAR),NONE,DARK-ROAD LIGHTED,CLEAR,DRY
13984,35073358,MONROE,Rochester,1,,Y,43.1590240,-77.6239110,1/2/14,12:50,PROPERTY DAMAGE AND INJURY,1,0,2,COLLISION WITH MOTOR VEHICLE,RIGHT ANGLE,STOP SIGN,DAYLIGHT,SNOW,SNOW/ICE
13984,35085219,MONROE,Gates,3,940L43011023,Y,43.1647100,-77.6911420,1/13/14,23:01,INJURY,1,0,1,COLLISION WITH PEDESTRIAN,OTHER,TRAFFIC SIGNAL,DARK-ROAD LIGHTED,RAIN,WET
13984,34723571,MONROE,Mendon,3, 15A43041016,N,42.9657823,-77.6185496,3/13/13,18:56,PROPERTY DAMAGE AND INJURY,1,0,1,COLLISION WITH PEDESTRIAN,OTHER,NONE,DUSK,CLOUDY,DRY
13984,35367965,MONROE,Brighton,3,590I43011031,N,43.1162898,-77.5519867,8/18/14,7:55,PROPERTY DAMAGE AND INJURY,1,0,2,COLLISION WITH MOTOR VEHICLE,REAR END,NONE,DAYLIGHT,CLEAR,DRY
13984,35574597,MONROE,Rochester,1,,Y,43.1463710,-77.5881130,11/23/14,2:37,PROPERTY DAMAGE AND INJURY,1,0,2,COLLISION WITH MOTOR VEHICLE,RIGHT ANGLE,STOP SIGN,DARK-ROAD LIGHTED,CLEAR,WET
13984,35037482,MONROE,Rochester,1, 33 43032016,Y,43.1499760,-77.6438629,12/5/13,17:14,INJURY,1,0,1,COLLISION WITH PEDESTRIAN,OTHER,TRAFFIC SIGNAL,DARK-ROAD LIGHTED,CLOUDY,WET
13984,34698415,MONROE,Rochester,1,490I43022061,N,43.1443881,-77.5636729,3/18/13,22:20,PROPERTY DAMAGE AND INJURY,1,0,1,COLLISION WITH OTHER BARRIER,OTHER,NONE,DARK-ROAD LIGHTED,SNOW,SNOW/ICE
13984,34682843,MONROE,Penfield,3,104 43035061,N,43.1959645,-77.5006849,3/2/13,17:47,PROPERTY DAMAGE AND INJURY,2,0,2,COLLISION WITH MOTOR VEHICLE,REAR END,NONE,DAYLIGHT,CLOUDY,WET
13984,34969325,MONROE,Brighton,3,,N,43.0977894,-77.5674994,10/18/13,10:40,PROPERTY DAMAGE AND INJURY,1,0,4,COLLISION WITH MOTOR VEHICLE,OTHER,NONE,DAYLIGHT,CLEAR,DRY
13984,35437710,MONROE,Rochester,1,,Y,43.1684710,-77.5880440,10/10/14,21:52,PROPERTY DAMAGE AND INJURY,1,0,2,COLLISION WITH MOTOR VEHICLE,RIGHT ANGLE,STOP SIGN,DARK-ROAD LIGHTED,UNKNOWN,DRY
13984,35308309,MONROE,Hamlin,3,,Y,43.2955259,-77.9434251,6/27/14,20:32,PROPERTY DAMAGE AND INJURY,2,0,2,COLLISION WITH MOTOR VEHICLE,RIGHT ANGLE,STOP SIGN,DAYLIGHT,CLEAR,DRY
13984,34746925,MONROE,Rochester,1,,N,43.1597948,-77.5944774,4/15/13,18:21,INJURY,1,0,1,COLLISION WITH BICYCLIST,OTHER,TRAFFIC SIGNAL,DAYLIGHT,CLEAR,DRY
13984,34733360,MONROE,Rochester,1,,N,43.1695001,-77.5953218,4/10/13,2:26,INJURY,1,0,1,COLL. W/LIGHT SUPPORT/UTILITY POLE,OTHER,NONE,DARK-ROAD LIGHTED,RAIN,WET
13984,35293846,MONROE,Rochester,1,,Y,43.1737920,-77.5994770,6/10/14,22:10,PROPERTY DAMAGE AND INJURY,1,0,2,COLLISION WITH MOTOR VEHICLE,LEFT TURN (WITH OTHER CAR),NONE,DARK-ROAD LIGHTED,CLEAR,DRY
13984,35016820,MONROE,Rochester,1,,Y,43.1699880,-77.6364280,11/22/13,6:32,INJURY,1,0,1,COLLISION WITH PEDESTRIAN,OTHER,TRAFFIC SIGNAL,DAWN,RAIN,WET
13984,34971062,MONROE,Rochester,1,,Y,43.1792700,-77.6251160,9/29/13,20:01,PROPERTY DAMAGE AND INJURY,1,0,2,COLLISION WITH MOTOR VEHICLE,RIGHT ANGLE,STOP SIGN,DARK-ROAD LIGHTED,CLEAR,DRY
13984,34936433,MONROE,Webster,3,,N,43.2143858,-77.4602471,9/17/13,7:30,PROPERTY DAMAGE AND INJURY,1,0,2,COLLISION WITH MOTOR VEHICLE,REAR END,NONE,DAYLIGHT,CLEAR,DRY
13984,34786119,MONROE,Perinton,3,,N,43.1024876,-77.4657041,5/4/13,21:06,PROPERTY DAMAGE AND INJURY,1,0,3,COLLISION WITH MOTOR VEHICLE,OTHER,NONE,DARK-ROAD LIGHTED,CLEAR,DRY
13984,35276364,MONROE,Rochester,1,,N,43.1638491,-77.5674594,5/30/14,20:53,INJURY,1,0,1,COLLISION WITH PEDESTRIAN,OTHER,NONE,DUSK,CLEAR,DRY
13984,34930777,MONROE,Rochester,1,940M43011015,Y,43.1862550,-77.6308089,9/12/13,8:17,PROPERTY DAMAGE AND INJURY,2,0,2,COLLISION WITH MOTOR VEHICLE,RIGHT ANGLE,TRAFFIC SIGNAL,DAYLIGHT,CLOUDY,DRY
13984,34950654,MONROE,Irondequoit,3,590 43013005,N,43.1739540,-77.5415123,9/24/13,8:00,PROPERTY DAMAGE AND INJURY,1,0,2,COLLISION WITH MOTOR VEHICLE,REAR END,NONE,DAYLIGHT,CLEAR,DRY
13984,35422105,MONROE,Rush,3,251 43011152,N,43.0031629,-77.6811351,10/2/14,6:25,PROPERTY DAMAGE AND INJURY,2,0,2,COLLISION WITH MOTOR VEHICLE,LEFT TURN (AGAINST OTHER CAR),NONE,DAWN,CLOUDY,DRY
13984,35270919,MONROE,Irondequoit,3,590 43013013,N,43.1851148,-77.5436802,5/24/14,20:50,PROPERTY DAMAGE AND INJURY,1,0,1,COLLISION WITH DEER,OTHER,NONE,DUSK,CLEAR,DRY
13984,35282555,MONROE,Parma,3,,Y,43.2857052,-77.8332600,6/8/14,10:47,PROPERTY DAMAGE AND INJURY,1,0,2,COLLISION WITH MOTOR VEHICLE,RIGHT ANGLE,STOP SIGN,DAYLIGHT,CLOUDY,DRY
13984,35202091,MONROE,Brighton,3,,N,43.1254030,-77.5988213,3/31/14,12:19,PROPERTY DAMAGE AND INJURY,1,0,2,COLLISION WITH MOTOR VEHICLE,REAR END,NONE,DAYLIGHT,CLEAR,DRY
13984,35507110,MONROE,Rochester,1, 96 43052027,Y,43.1556310,-77.5967230,12/8/14,14:35,PROPERTY DAMAGE AND INJURY,2,0,2,COLLISION WITH MOTOR VEHICLE,LEFT TURN (WITH OTHER CAR),TRAFFIC SIGNAL,DAYLIGHT,CLOUDY,DRY
13984,34841914,MONROE,Rochester,1,,Y,43.1349950,-77.6479251,6/26/13,20:21,INJURY,1,0,1,COLLISION WITH BICYCLIST,OTHER,STOP SIGN,DAYLIGHT,CLEAR,DRY
13984,35334457,MONROE,Webster,3,,N,43.2133274,-77.4748955,7/14/14,10:46,PROPERTY DAMAGE AND INJURY,1,0,2,COLLISION WITH MOTOR VEHICLE,REAR END,YIELD SIGN,DAYLIGHT,CLOUDY,DRY
13984,34975076,MONROE,Pittsford,3, 65 43031089,N,43.0579177,-77.5567733,10/3/13,8:44,PROPERTY DAMAGE AND INJURY,1,0,1,COLLISION WITH OTHER,OTHER,STOP SIGN,DAYLIGHT,CLEAR,DRY
13984,35402141,MONROE,Chili,3,383 43011116,N,43.0794174,-77.6927707,9/1/14,16:38,FATAL,1,1,2,COLLISION WITH MOTOR VEHICLE,RIGHT ANGLE,NONE,DAYLIGHT,RAIN,WET
13984,34921910,MONROE,Greece,3, 18 43031214,Y,43.2410640,-77.6468390,8/26/13,15:04,INJURY,1,0,1,COLLISION WITH BICYCLIST,OTHER,STOP SIGN,DAYLIGHT,RAIN,WET
13984,34736535,MONROE,Rochester,1, 31 43032042,Y,43.1531210,-77.6027720,4/2/13,15:50,PROPERTY DAMAGE AND INJURY,1,0,2,COLLISION WITH MOTOR VEHICLE,REAR END,TRAFFIC SIGNAL,DAYLIGHT,SNOW,WET
13984,35084943,MONROE,Chili,3,390I43033001,N,43.1223410,-77.6475000,1/14/14,19:50,INJURY,1,0,2,COLLISION WITH MOTOR VEHICLE,REAR END,YIELD SIGN,DARK-ROAD LIGHTED,CLEAR,DRY
13984,35531125,MONROE,Brockport,4, 19 43041061,Y,43.2200784,-77.9370947,12/15/14,17:00,INJURY,1,0,1,COLLISION WITH PEDESTRIAN,OTHER,NONE,DARK-ROAD LIGHTED,CLEAR,DRY
13984,35159599,MONROE,Parma,3, 18 43031124,N,43.2660334,-77.7908297,2/27/14,15:35,INJURY,1,0,1,COLL. W/EARTH ELE./ROCK CUT/DITCH,OTHER,NONE,DAYLIGHT,SNOW,SNOW/ICE
13984,35333075,MONROE,Rochester,1,,Y,43.1672550,-77.6167830,7/14/14,12:15,PROPERTY DAMAGE AND INJURY,1,0,2,COLLISION WITH MOTOR VEHICLE,REAR END,TRAFFIC SIGNAL,DAYLIGHT,CLEAR,DRY
13984,35031452,MONROE,Rochester,1,,Y,43.1699880,-77.6364280,12/1/13,15:14,PROPERTY DAMAGE AND INJURY,1,0,3,COLLISION WITH MOTOR VEHICLE,OTHER,TRAFFIC SIGNAL,DAYLIGHT,RAIN,WET
13984,35166797,MONROE,Rochester,1, 33 43032023,Y,43.1519309,-77.6289699,7/12/13,12:02,INJURY,3,0,2,COLLISION WITH MOTOR VEHICLE,REAR END,TRAFFIC SIGNAL,DAYLIGHT,CLEAR,DRY
13984,35047754,MONROE,Greece,3,,Y,43.2082053,-77.6872440,12/1/13,16:07,INJURY,2,0,3,COLLISION WITH MOTOR VEHICLE,OTHER,NONE,DUSK,RAIN,WET
13984,35154427,MONROE,Brighton,3,,Y,43.1261890,-77.5726221,2/25/14,14:59,PROPERTY DAMAGE AND INJURY,1,0,2,COLLISION WITH MOTOR VEHICLE,RIGHT ANGLE,TRAFFIC SIGNAL,DAYLIGHT,CLOUDY,DRY
13984,35170763,MONROE,Greece,3,,Y,43.2099910,-77.6959400,2/20/14,22:00,PROPERTY DAMAGE AND INJURY,4,0,3,COLLISION WITH MOTOR VEHICLE,OTHER,TRAFFIC SIGNAL,DARK-ROAD LIGHTED,RAIN,WET
13984,34959936,MONROE,Rochester,1,,N,43.1742186,-77.5724432,9/29/13,18:51,INJURY,2,0,1,COLLISION WITH PEDESTRIAN,OTHER,NONE,DUSK,CLEAR,DRY
13984,35197693,MONROE,Rochester,1,,Y,43.1887100,-77.6286970,3/25/14,12:12,PROPERTY DAMAGE AND INJURY,1,0,2,COLLISION WITH MOTOR VEHICLE,RIGHT ANGLE,STOP SIGN,DAYLIGHT,CLEAR,DRY
13984,34845998,MONROE,Greece,3, 18 43031180,Y,43.2530210,-77.6964430,7/8/13,12:20,PROPERTY DAMAGE AND INJURY,1,0,2,COLLISION WITH MOTOR VEHICLE,REAR END,NONE,DAYLIGHT,CLOUDY,DRY