QUERYID,CASE #,REGN_CNTY_CDE,Municipality,MUNITYPE,REF_MRKR,ATINTERSECTION_IND,Lat,Long,,Time,Crash Type,Injuries,Fatalities,Number of Vehicles,ACCD_TYP,COLLISION_TYP,TRAF_CNTL,Light Condition,Weather Condition,Road Surface Condition
13984,35003834,MONROE,Henrietta,3,252 43011086,N,43.0872590,-77.6049010,11/14/13,13:18,INJURY,1,0,2,COLLISION WITH MOTOR VEHICLE,RIGHT ANGLE,TRAFFIC SIGNAL,DAYLIGHT,CLEAR,DRY
13984,35525087,MONROE,Henrietta,3, 15 43031114,Y,43.0940130,-77.6330760,12/19/14,10:45,PROPERTY DAMAGE AND INJURY,1,0,2,COLLISION WITH MOTOR VEHICLE,OTHER,NONE,DAYLIGHT,CLOUDY,SNOW/ICE
13984,35487747,MONROE,Rochester,1,,Y,43.1753730,-77.5951410,10/27/14,15:45,PROPERTY DAMAGE AND INJURY,1,0,2,COLLISION WITH MOTOR VEHICLE,OVERTAKING,TRAFFIC SIGNAL,DAYLIGHT,CLEAR,DRY
13984,35501521,MONROE,Gates,3, 33A43021152,N,43.1395120,-77.6680260,12/1/14,17:07,INJURY,1,0,1,COLLISION WITH BICYCLIST,OTHER,TRAFFIC SIGNAL,DARK-ROAD LIGHTED,CLOUDY,DRY
13984,34950021,MONROE,Brighton,3,441 43011102,N,43.1293098,-77.5258859,9/30/13,13:16,PROPERTY DAMAGE AND INJURY,1,0,4,COLLISION WITH MOTOR VEHICLE,OTHER,NONE,DAYLIGHT,CLEAR,DRY
13984,34984874,MONROE,Rochester,1,,Y,43.1310010,-77.6453660,10/30/13,5:53,PROPERTY DAMAGE AND INJURY,1,0,1,COLLISION WITH TREE,OTHER,STOP SIGN,DARK-ROAD LIGHTED,CLOUDY,WET
13984,34850678,MONROE,Rochester,1,,Y,43.1937810,-77.6000010,7/12/13,12:00,INJURY,1,0,1,COLLISION WITH BICYCLIST,OTHER,TRAFFIC SIGNAL,DAYLIGHT,CLEAR,DRY
13984,35102525,MONROE,Rochester,1,,Y,43.1838650,-77.5875230,1/1/14,2:48,PROPERTY DAMAGE AND INJURY,2,0,2,COLLISION WITH MOTOR VEHICLE,RIGHT ANGLE,STOP SIGN,DARK-ROAD LIGHTED,SNOW,SNOW/ICE
13984,35518793,MONROE,Henrietta,3,390I43031120,N,43.0926760,-77.6025083,12/17/14,17:14,INJURY,2,0,4,COLLISION WITH MOTOR VEHICLE,OTHER,NONE,DARK-ROAD UNLIGHTED,SNOW,WET
13984,35281294,MONROE,Rochester,1,,N,43.1330010,-77.6547586,5/24/14,1:24,INJURY,1,0,1,OTHER NON-COLLISION,OTHER,NONE,DARK-ROAD LIGHTED,CLEAR,DRY
13984,35298107,MONROE,Rochester,1,940K43011024,Y,43.1873560,-77.6594047,6/18/14,7:10,PROPERTY DAMAGE AND INJURY,1,0,2,COLLISION WITH MOTOR VEHICLE,REAR END,TRAFFIC SIGNAL,DAYLIGHT,CLOUDY,DRY
13984,35282639,MONROE,Gates,3, 33 43031121,Y,43.1470730,-77.7112370,6/7/14,14:25,PROPERTY DAMAGE AND INJURY,2,0,3,COLLISION WITH MOTOR VEHICLE,OTHER,TRAFFIC SIGNAL,DAYLIGHT,CLEAR,DRY
13984,34681331,MONROE,Rochester,1,,Y,43.1628440,-77.6054831,3/1/13,2:06,INJURY,1,0,2,COLLISION WITH MOTOR VEHICLE,OVERTAKING,STOP SIGN,DARK-ROAD LIGHTED,SNOW,WET
13984,35087282,MONROE,Henrietta,3,,N,43.0647180,-77.6426748,1/9/14,12:02,PROPERTY DAMAGE AND INJURY,2,0,2,COLLISION WITH MOTOR VEHICLE,REAR END,NONE,DAYLIGHT,CLEAR,WET
13984,35431841,MONROE,Brighton,3, 31 43033011,N,43.1237488,-77.5615936,10/14/14,13:41,INJURY,1,0,2,COLLISION WITH MOTOR VEHICLE,REAR END,NONE,DAYLIGHT,CLEAR,DRY
13984,35225004,MONROE,Brighton,3,590 43011003,N,43.1456508,-77.5415628,4/15/14,22:09,INJURY,1,0,1,COLLISION WITH OTHER BARRIER,OTHER,NONE,DARK-ROAD LIGHTED,SNOW,SNOW/ICE
13984,35106683,MONROE,Rochester,1,,Y,43.1738470,-77.6595770,1/22/14,16:15,INJURY,1,0,2,COLLISION WITH MOTOR VEHICLE,REAR END,NONE,DAYLIGHT,CLEAR,SNOW/ICE
13984,35102010,MONROE,Webster,3,,Y,43.2306961,-77.4559283,1/23/14,15:56,PROPERTY DAMAGE AND INJURY,1,0,2,COLLISION WITH MOTOR VEHICLE,RIGHT TURN (WITH OTHER CAR),NONE,DAYLIGHT,CLEAR,SNOW/ICE
13984,35164176,MONROE,Greece,3,390 43011052,N,43.2308036,-77.6724087,3/1/14,14:17,PROPERTY DAMAGE AND INJURY,2,0,2,COLLISION WITH MOTOR VEHICLE,REAR END,NONE,DAYLIGHT,CLOUDY,DRY
13984,34862847,MONROE,Greece,3,,Y,43.2839240,-77.6912879,7/21/13,15:41,PROPERTY DAMAGE AND INJURY,2,0,3,COLLISION WITH MOTOR VEHICLE,OTHER,NO PASSING ZONE,DAYLIGHT,CLEAR,DRY
13984,35380344,MONROE,Rochester,1,,N,43.1416771,-77.6228627,8/17/14,21:14,INJURY,1,0,1,COLLISION WITH BICYCLIST,OTHER,NONE,DARK-ROAD UNLIGHTED,CLEAR,DRY
13984,35192282,MONROE,Rochester,1,,Y,43.1865380,-77.5876860,3/16/14,0:37,PROPERTY DAMAGE AND INJURY,1,0,2,COLLISION WITH MOTOR VEHICLE,RIGHT ANGLE,STOP SIGN,DARK-ROAD LIGHTED,CLOUDY,DRY
13984,35248743,MONROE,Greece,3,104 43031160,Y,43.2096040,-77.6936011,5/3/14,21:07,INJURY,1,0,2,COLLISION WITH MOTOR VEHICLE,REAR END,TRAFFIC SIGNAL,DARK-ROAD LIGHTED,CLOUDY,WET
13984,34817945,MONROE,Rochester,1,,Y,43.1716010,-77.6465790,6/18/13,7:39,PROPERTY DAMAGE AND INJURY,1,0,1,COLLISION WITH ANIMAL,OTHER,NONE,DAYLIGHT,CLOUDY,DRY
13984,34822831,MONROE,Brighton,3, 15A43041121,Y,43.0981770,-77.6133800,6/19/13,20:05,PROPERTY DAMAGE AND INJURY,1,0,2,COLLISION WITH MOTOR VEHICLE,REAR END,TRAFFIC SIGNAL,DAYLIGHT,CLEAR,DRY
13984,34941105,MONROE,Churchville,4,,Y,43.1057970,-77.8915900,9/28/13,17:51,PROPERTY DAMAGE AND INJURY,2,0,1,COLL. W/LIGHT SUPPORT/UTILITY POLE,OTHER,NONE,DAYLIGHT,CLEAR,DRY
13984,35500228,MONROE,Rochester,1,940M43011012,Y,43.1809644,-77.6317369,12/3/14,10:08,PROPERTY DAMAGE AND INJURY,1,0,1,COLLISION WITH CURBING,OTHER,TRAFFIC SIGNAL,DAYLIGHT,CLOUDY,WET
13984,34773702,MONROE,Gates,3, 33 43031119,N,43.1464258,-77.7137059,5/15/13,18:20,PROPERTY DAMAGE AND INJURY,1,0,3,COLLISION WITH MOTOR VEHICLE,OTHER,NONE,DAYLIGHT,CLEAR,DRY
13984,34833295,MONROE,Rush,3,390I43031037,N,42.9900688,-77.6801792,6/27/13,17:05,PROPERTY DAMAGE AND INJURY,2,0,2,COLLISION WITH MOTOR VEHICLE,OTHER,NONE,DAYLIGHT,CLEAR,DRY
13984,35040167,MONROE,Rochester,1,,Y,43.1458340,-77.6260810,12/13/13,10:30,INJURY,1,0,1,COLLISION WITH PEDESTRIAN,OTHER,STOP SIGN,DAYLIGHT,SNOW,SNOW/ICE
13984,34878187,WAYNE,Ontario,3,,Y,43.2216070,-77.3752640,7/4/13,19:49,INJURY,1,0,1,COLLISION WITH BICYCLIST,OTHER,NO PASSING ZONE,DAYLIGHT,CLEAR,DRY
13984,35115735,MONROE,Ogden,3,,N,43.1839413,-77.7534730,1/28/14,15:05,PROPERTY DAMAGE AND INJURY,1,0,2,COLLISION WITH MOTOR VEHICLE,OVERTAKING,NO PASSING ZONE,DAYLIGHT,CLEAR,DRY
13984,35147235,MONROE,Greece,3,,Y,43.2014490,-77.7531611,2/21/14,18:47,PROPERTY DAMAGE AND INJURY,1,0,1,COLLISION WITH DEER,OTHER,NONE,DARK-ROAD UNLIGHTED,CLOUDY,DRY
13984,35408471,MONROE,Rochester,1,940M43011012,Y,43.1809373,-77.6316443,9/17/14,16:53,INJURY,1,0,1,COLLISION WITH PEDESTRIAN,OTHER,TRAFFIC SIGNAL,DAYLIGHT,CLOUDY,DRY
13984,35308305,MONROE,Gates,3,390I43037003,N,43.1352077,-77.6636847,6/27/14,16:17,PROPERTY DAMAGE AND INJURY,1,0,2,COLLISION WITH MOTOR VEHICLE,REAR END,NONE,DAYLIGHT,CLEAR,DRY
13984,35150106,MONROE,Webster,3,,Y,43.2256450,-77.5100240,2/21/14,15:47,PROPERTY DAMAGE AND INJURY,1,0,2,COLLISION WITH MOTOR VEHICLE,RIGHT ANGLE,STOP SIGN,DAYLIGHT,CLOUDY,DRY
13984,35121191,MONROE,Penfield,3,286 43011034,N,43.1534995,-77.4749543,1/20/14,17:47,PROPERTY DAMAGE AND INJURY,1,0,2,COLLISION WITH MOTOR VEHICLE,LEFT TURN (AGAINST OTHER CAR),TRAFFIC SIGNAL,DARK-ROAD UNLIGHTED,SNOW,SNOW/ICE
13984,35397444,MONROE,Rochester,1,,Y,43.1724450,-77.6125230,8/6/14,12:21,INJURY,1,0,1,COLLISION WITH BICYCLIST,OTHER,STOP SIGN,DAYLIGHT,CLEAR,DRY
13984,35220322,MONROE,Henrietta,3,252 43011060,Y,43.0928368,-77.6535150,4/2/14,19:09,PROPERTY DAMAGE AND INJURY,1,0,2,COLLISION WITH MOTOR VEHICLE,REAR END,TRAFFIC SIGNAL,DAYLIGHT,CLEAR,DRY
13984,35034760,MONROE,Rochester,1, 31 43032011,Y,43.1646480,-77.6541430,12/8/13,3:05,PROPERTY DAMAGE AND INJURY,3,0,2,COLLISION WITH MOTOR VEHICLE,RIGHT ANGLE,TRAFFIC SIGNAL,DARK-ROAD LIGHTED,CLEAR,WET
13984,34929055,MONROE,Brockport,4, 19 43041057,Y,43.2132960,-77.9391630,9/5/13,21:11,INJURY,1,0,1,COLLISION WITH BICYCLIST,OTHER,TRAFFIC SIGNAL,DARK-ROAD LIGHTED,CLEAR,DRY
13984,35248258,MONROE,Rochester,1,,Y,43.1697450,-77.5951530,4/21/14,10:37,INJURY,1,0,2,COLLISION WITH MOTOR VEHICLE,REAR END,TRAFFIC SIGNAL,DAYLIGHT,CLEAR,DRY
13984,35499547,MONROE,Greece,3,,Y,43.2145280,-77.7318020,12/1/14,20:25,INJURY,1,0,2,COLLISION WITH MOTOR VEHICLE,REAR END,TRAFFIC SIGNAL,DARK-ROAD LIGHTED,CLEAR,DRY
13984,35090964,MONROE,Pittsford,3,,N,43.0469245,-77.5023958,1/15/14,8:02,PROPERTY DAMAGE AND INJURY,2,0,2,COLLISION WITH MOTOR VEHICLE,HEAD ON,NO PASSING ZONE,DAWN,CLOUDY,SNOW/ICE
13984,35365614,MONROE,Rochester,1,,Y,43.1515416,-77.5706151,8/11/14,17:08,INJURY,2,0,2,COLLISION WITH MOTOR VEHICLE,REAR END,TRAFFIC SIGNAL,DAYLIGHT,CLEAR,DRY
13984,35015631,MONROE,Henrietta,3,,Y,43.0782230,-77.6287070,11/16/13,15:22,INJURY,2,0,3,COLLISION WITH MOTOR VEHICLE,OTHER,TRAFFIC SIGNAL,DAYLIGHT,CLEAR,DRY
13984,35238348,MONROE,Clarkson,3,104 43031032,N,43.2364973,-77.9396407,4/25/14,21:00,PROPERTY DAMAGE AND INJURY,1,0,1,COLLISION WITH OTHER FIXED OBJECT,OTHER,NONE,DARK-ROAD UNLIGHTED,RAIN,WET
13984,35024893,MONROE,Rochester,1,,Y,43.2223180,-77.6276421,11/30/13,10:25,INJURY,1,0,2,COLLISION WITH MOTOR VEHICLE,REAR END,TRAFFIC SIGNAL,DAYLIGHT,CLEAR,DRY
13984,34968093,MONROE,Wheatland,3,,N,43.0373862,-77.7967877,9/27/13,0:41,PROPERTY DAMAGE AND INJURY,2,0,1,COLLISION WITH TREE,OTHER,NONE,DARK-ROAD UNLIGHTED,CLEAR,DRY
13984,35367964,MONROE,Perinton,3, 31 43033085,Y,43.0692880,-77.4423639,8/1/14,18:02,PROPERTY DAMAGE AND INJURY,1,0,4,COLLISION WITH MOTOR VEHICLE,OTHER,TRAFFIC SIGNAL,DAYLIGHT,CLOUDY,DRY
13984,34896251,MONROE,Gates,3,390I43037003,N,43.1340550,-77.6634980,8/20/13,8:49,INJURY,1,0,2,COLLISION WITH MOTOR VEHICLE,REAR END,NONE,DAYLIGHT,CLEAR,DRY
13984,35138687,MONROE,Brighton,3, 15 43031126,Y,43.1101900,-77.6247610,2/17/14,14:01,PROPERTY DAMAGE AND INJURY,1,0,2,COLLISION WITH MOTOR VEHICLE,REAR END,TRAFFIC SIGNAL,DAYLIGHT,CLOUDY,DRY
13984,35159639,MONROE,Gates,3,390 43011000,N,43.1573241,-77.6791081,2/27/14,13:34,PROPERTY DAMAGE AND INJURY,1,0,1,COLLISION WITH GUIDERAIL - END,OTHER,NONE,DAYLIGHT,SNOW,SNOW/ICE
13984,35346617,MONROE,Rochester,1,,Y,43.1586330,-77.5998450,7/25/14,18:03,INJURY,1,0,1,COLLISION WITH BICYCLIST,OTHER,STOP SIGN,DAYLIGHT,CLEAR,DRY
13984,34730181,MONROE,Perinton,3,490I43023057,N,43.0798392,-77.4861855,4/11/13,12:07,PROPERTY DAMAGE AND INJURY,1,0,1,COLLISION WITH GUIDE RAIL,OTHER,NONE,DAYLIGHT,RAIN,WET
13984,34790502,MONROE,Penfield,3,,N,43.1536650,-77.4945490,5/22/13,22:03,INJURY,1,0,2,COLLISION WITH MOTOR VEHICLE,REAR END,TRAFFIC SIGNAL,DARK-ROAD LIGHTED,RAIN,WET
13984,34784831,MONROE,Rochester,1,,Y,43.1573850,-77.6276720,5/15/13,17:30,INJURY,1,0,1,COLLISION WITH CURBING,OTHER,NONE,DAYLIGHT,CLEAR,DRY
13984,34945711,MONROE,Rochester,1,490I43022004,N,43.1574838,-77.6663117,9/27/13,17:57,PROPERTY DAMAGE AND INJURY,2,0,2,COLLISION WITH MOTOR VEHICLE,OVERTAKING,NONE,DAYLIGHT,CLEAR,DRY
13984,35029370,MONROE,Greece,3,390 43011029,N,43.1984395,-77.6800580,11/13/13,6:50,PROPERTY DAMAGE AND INJURY,1,0,3,COLLISION WITH MOTOR VEHICLE,OTHER,NONE,DAYLIGHT,CLOUDY,WET
13984,35412450,MONROE,Irondequoit,3,,N,43.1969119,-77.5924288,9/13/14,15:00,PROPERTY DAMAGE AND INJURY,1,0,2,COLLISION WITH MOTOR VEHICLE,RIGHT ANGLE,TRAFFIC SIGNAL,DAYLIGHT,CLOUDY,WET
13984,34701645,MONROE,Greece,3,,Y,43.2384000,-77.6847460,3/17/13,10:52,PROPERTY DAMAGE AND INJURY,1,0,2,COLLISION WITH MOTOR VEHICLE,REAR END,NONE,DAYLIGHT,SNOW,WET
13984,35490399,MONROE,Rochester,1,,N,43.1813430,-77.5995490,11/29/14,15:15,PROPERTY DAMAGE AND INJURY,1,0,2,COLLISION WITH MOTOR VEHICLE,REAR END,NONE,DAYLIGHT,CLOUDY,DRY
13984,35388656,MONROE,Irondequoit,3,590 43013014,N,43.1871180,-77.5438593,9/3/14,16:03,PROPERTY DAMAGE AND INJURY,1,0,2,COLLISION WITH MOTOR VEHICLE,REAR END,NONE,DAYLIGHT,CLEAR,DRY
13984,35301971,MONROE,Rochester,1,,Y,43.1624010,-77.6023680,6/20/14,16:17,PROPERTY DAMAGE AND INJURY,1,0,2,COLLISION WITH MOTOR VEHICLE,RIGHT ANGLE,STOP SIGN,DAYLIGHT,CLEAR,DRY
13984,35138659,MONROE,Ogden,3,,N,43.1791684,-77.8566195,2/17/14,15:35,PROPERTY DAMAGE AND INJURY,2,0,2,COLLISION WITH MOTOR VEHICLE,REAR END,NONE,DAYLIGHT,CLEAR,DRY
13984,35403614,MONROE,Henrietta,3, 15 43031088,Y,43.0586729,-77.6520826,9/5/14,20:01,INJURY,1,0,1,COLLISION WITH PEDESTRIAN,OTHER,TRAFFIC SIGNAL,DARK-ROAD LIGHTED,CLEAR,DRY
13984,35136986,MONROE,Hamlin,3,,N,43.2952212,-77.9656477,2/15/14,8:45,INJURY,1,0,1,COLL. W/LIGHT SUPPORT/UTILITY POLE,OTHER,NONE,DAYLIGHT,SNOW,SNOW/ICE
13984,35342111,MONROE,Rochester,1,490I43022016,N,43.1570629,-77.6426525,7/27/14,10:00,PROPERTY DAMAGE AND INJURY,1,0,2,COLLISION WITH MOTOR VEHICLE,REAR END,NONE,DAYLIGHT,CLEAR,DRY
13984,35308310,MONROE,Clarkson,3,104 43031022,N,43.2426074,-77.9568365,6/24/14,14:31,PROPERTY DAMAGE AND INJURY,1,0,1,COLLISION WITH OTHER FIXED OBJECT,OTHER,NONE,DAYLIGHT,CLOUDY,DRY
13984,35487157,MONROE,Greece,3, 18 43031179,N,43.2530133,-77.6975688,11/24/14,14:42,PROPERTY DAMAGE AND INJURY,1,0,2,COLLISION WITH MOTOR VEHICLE,REAR END,TRAFFIC SIGNAL,DAYLIGHT,CLOUDY,DRY
13984,34844607,MONROE,Rochester,1,,Y,43.1646390,-77.6232511,6/23/13,23:46,PROPERTY DAMAGE AND INJURY,3,0,3,COLLISION WITH MOTOR VEHICLE,OTHER,TRAFFIC SIGNAL,DARK-ROAD LIGHTED,CLOUDY,DRY
13984,35291496,MONROE,Webster,3,404 43035073,N,43.2042448,-77.4820074,6/9/14,14:24,INJURY,2,0,2,COLLISION WITH MOTOR VEHICLE,RIGHT ANGLE,NONE,DAYLIGHT,CLEAR,DRY
13984,34872192,MONROE,Brighton,3,590 43011001,N,43.1436238,-77.5447973,7/8/13,13:00,FATAL,1,1,2,COLLISION WITH OTHER BARRIER,OTHER,NONE,DAYLIGHT,CLOUDY,DRY
13984,35078552,MONROE,Henrietta,3,,Y,43.0684960,-77.6207900,1/9/14,17:13,PROPERTY DAMAGE AND INJURY,1,0,4,COLLISION WITH MOTOR VEHICLE,OTHER,NONE,DUSK,CLEAR,DRY
13984,34883477,MONROE,Rochester,1,,Y,43.1779340,-77.6106300,8/6/13,12:33,INJURY,1,0,2,COLLISION WITH BICYCLIST,OTHER,STOP SIGN,DAYLIGHT,CLEAR,DRY
13984,34830575,MONROE,Brighton,3, 31 43033011,N,43.1236248,-77.5614558,6/28/13,16:53,PROPERTY DAMAGE AND INJURY,1,0,2,COLLISION WITH MOTOR VEHICLE,REAR END,NONE,DAYLIGHT,RAIN,WET
13984,34971171,MONROE,Rochester,1,,N,43.1612260,-77.6102980,10/16/13,16:01,PROPERTY DAMAGE AND INJURY,1,0,2,COLLISION WITH MOTOR VEHICLE,RIGHT ANGLE,TRAFFIC SIGNAL,DAYLIGHT,CLEAR,DRY
13984,35059066,MONROE,Henrietta,3,253 43011095,N,43.0596744,-77.5833021,12/23/13,11:00,PROPERTY DAMAGE AND INJURY,1,0,1,COLLISION WITH TREE,OTHER,NONE,DAYLIGHT,CLOUDY,WET
13984,34869087,MONROE,Irondequoit,3,,Y,43.1741030,-77.5507080,7/2/13,19:02,PROPERTY DAMAGE AND INJURY,1,0,2,COLLISION WITH MOTOR VEHICLE,RIGHT ANGLE,STOP SIGN,DAYLIGHT,CLEAR,DRY
13984,35024983,MONROE,Parma,3,104 43031085,N,43.2218394,-77.8373927,11/29/13,13:00,INJURY,1,0,2,COLLISION WITH MOTOR VEHICLE,OVERTAKING,NONE,DAYLIGHT,CLEAR,DRY
13984,34857598,MONROE,Rochester,1, 15 43032028,Y,43.1528750,-77.6047900,7/15/13,17:45,PROPERTY DAMAGE AND INJURY,3,0,2,COLLISION WITH MOTOR VEHICLE,RIGHT ANGLE,TRAFFIC SIGNAL,DAYLIGHT,CLEAR,DRY
13984,35136967,MONROE,Penfield,3,441 43011032,Y,43.1290122,-77.4797835,2/11/14,14:18,INJURY,3,0,2,COLLISION WITH MOTOR VEHICLE,REAR END,NONE,DAYLIGHT,CLOUDY,WET
13984,35481836,MONROE,Greece,3,104 43031151,Y,43.2106970,-77.7078179,11/16/14,15:03,INJURY,1,0,1,COLLISION WITH PEDESTRIAN,OTHER,NONE,DAYLIGHT,CLEAR,DRY
13984,35267819,MONROE,Rochester,1,,N,43.1564793,-77.5683966,5/22/14,12:30,PROPERTY DAMAGE AND INJURY,1,0,2,COLLISION WITH MOTOR VEHICLE,LEFT TURN (WITH OTHER CAR),NONE,DAYLIGHT,CLEAR,DRY
13984,35447143,MONROE,Perinton,3, 31F43011033,N,43.1000946,-77.4566158,10/24/14,18:43,INJURY,1,0,2,COLLISION WITH MOTOR VEHICLE,REAR END,NONE,DARK-ROAD LIGHTED,CLEAR,DRY
13984,35434226,MONROE,Rochester,1,,N,43.1681183,-77.5835316,10/14/14,17:38,PROPERTY DAMAGE AND INJURY,1,0,2,COLLISION WITH MOTOR VEHICLE,OVERTAKING,NONE,DAYLIGHT,CLEAR,DRY
13984,34780803,MONROE,Rochester,1,590 43012002,N,43.1616846,-77.5393000,5/17/13,8:05,PROPERTY DAMAGE AND INJURY,4,0,3,COLLISION WITH MOTOR VEHICLE,OTHER,NONE,DAYLIGHT,CLEAR,DRY
13984,34766993,MONROE,Rochester,1,940M43011000,Y,43.1646390,-77.6232511,5/7/13,9:51,PROPERTY DAMAGE AND INJURY,2,0,2,COLLISION WITH MOTOR VEHICLE,LEFT TURN (AGAINST OTHER CAR),TRAFFIC SIGNAL,DAYLIGHT,CLEAR,DRY
13984,35254311,MONROE,Greece,3,261 43011038,Y,43.2735960,-77.7502670,5/6/14,18:07,PROPERTY DAMAGE AND INJURY,1,0,2,COLLISION WITH MOTOR VEHICLE,REAR END,NONE,DAYLIGHT,CLEAR,DRY
13984,35528245,MONROE,Greece,3,,N,43.2019091,-77.6982144,12/25/14,12:16,PROPERTY DAMAGE AND INJURY,2,0,2,COLLISION WITH MOTOR VEHICLE,HEAD ON,NONE,DAYLIGHT,CLOUDY,DRY
13984,35283443,MONROE,Rochester,1,,Y,43.1497141,-77.6065231,6/6/14,7:30,PROPERTY DAMAGE AND INJURY,1,0,2,COLLISION WITH MOTOR VEHICLE,REAR END,TRAFFIC SIGNAL,DAYLIGHT,CLEAR,DRY
13984,35466092,MONROE,Henrietta,3,390I43031081,N,43.0480090,-77.6483640,11/10/14,17:55,PROPERTY DAMAGE AND INJURY,2,0,2,COLLISION WITH MOTOR VEHICLE,HEAD ON,OTHER,DARK-ROAD LIGHTED,CLOUDY,DRY
13984,35047757,MONROE,Greece,3,,N,43.2283143,-77.6590680,12/17/13,2:22,INJURY,1,0,1,COLL. W/LIGHT SUPPORT/UTILITY POLE,OTHER,NONE,DARK-ROAD LIGHTED,CLOUDY,WET
13984,35322496,MONROE,Rochester,1, 96 43052022,Y,43.1533862,-77.5882146,7/2/14,16:18,PROPERTY DAMAGE AND INJURY,2,0,4,COLLISION WITH MOTOR VEHICLE,OTHER,NONE,DAYLIGHT,CLEAR,DRY
13984,35132036,MONROE,Rochester,1,,Y,43.1714790,-77.6045550,2/6/14,13:11,INJURY,1,0,2,COLLISION WITH MOTOR VEHICLE,REAR END,NONE,DAYLIGHT,CLOUDY,WET
13984,35437589,MONROE,Rochester,1,,N,43.1693776,-77.5954061,9/8/14,14:35,PROPERTY DAMAGE AND INJURY,1,0,2,COLLISION WITH MOTOR VEHICLE,REAR END,NONE,DAYLIGHT,CLEAR,DRY
13984,35423668,MONROE,Gates,3,531 43011021,N,43.1571808,-77.7222037,10/7/14,19:13,PROPERTY DAMAGE AND INJURY,1,0,2,COLLISION WITH MOTOR VEHICLE,REAR END,NONE,DARK-ROAD LIGHTED,CLEAR,DRY
13984,35053154,MONROE,Perinton,3,490I43023058,N,43.0788140,-77.4854470,12/21/13,14:47,INJURY,1,0,2,COLLISION WITH MOTOR VEHICLE,REAR END,STOP SIGN,DAYLIGHT,RAIN,WET
13984,34957819,MONROE,Brighton,3,490I43023004,N,43.1397104,-77.5401172,10/7/13,17:09,PROPERTY DAMAGE AND INJURY,1,0,2,COLLISION WITH MOTOR VEHICLE,RIGHT ANGLE,NONE,DAYLIGHT,CLOUDY,WET
13984,34920076,MONROE,Rochester,1, 15 43032021,Y,43.1438280,-77.6112270,9/2/13,2:29,INJURY,2,0,2,COLLISION WITH MOTOR VEHICLE,HEAD ON,FLASHING LIGHT,DARK-ROAD LIGHTED,CLEAR,WET
13984,35532444,MONROE,Chili,3,,N,43.1186290,-77.7456260,12/23/14,17:18,PROPERTY DAMAGE AND INJURY,1,0,3,COLLISION WITH MOTOR VEHICLE,OTHER,NONE,DARK-ROAD LIGHTED,CLOUDY,DRY
13984,35346084,MONROE,Henrietta,3, 15 43031063,Y,43.0256670,-77.6684210,7/26/14,9:16,PROPERTY DAMAGE AND INJURY,1,0,2,COLLISION WITH MOTOR VEHICLE,RIGHT ANGLE,STOP SIGN,DAYLIGHT,CLOUDY,DRY
13984,34770261,MONROE,Webster,4,250 43011115,Y,43.1992220,-77.4303330,5/11/13,18:41,INJURY,1,0,1,COLLISION WITH BICYCLIST,OTHER,TRAFFIC SIGNAL,DAYLIGHT,CLEAR,DRY
13984,35100981,MONROE,Brighton,3,390I43031140,N,43.1079060,-77.6139758,1/7/14,16:42,PROPERTY DAMAGE AND INJURY,1,0,1,COLLISION WITH GUIDE RAIL,OTHER,NONE,DUSK,CLOUDY,SNOW/ICE
13984,35380021,MONROE,Mendon,3,,Y,42.9904850,-77.5778600,7/26/14,2:45,PROPERTY DAMAGE AND INJURY,1,0,1,COLLISION WITH CURBING,OTHER,YIELD SIGN,DARK-ROAD LIGHTED,CLOUDY,DRY
13984,35495179,MONROE,Rochester,1,,N,43.1306528,-77.6536516,10/21/14,10:42,PROPERTY DAMAGE AND INJURY,1,0,2,COLLISION WITH MOTOR VEHICLE,UNKNOWN,UNKNOWN,DAYLIGHT,CLOUDY,DRY
13984,35330440,MONROE,Brighton,3, 31 43033019,N,43.1145750,-77.5518451,7/17/14,17:36,PROPERTY DAMAGE AND INJURY,1,0,2,COLLISION WITH MOTOR VEHICLE,RIGHT ANGLE,TRAFFIC SIGNAL,DAYLIGHT,CLOUDY,DRY
13984,34813155,MONROE,Greece,3,,N,43.2029201,-77.6967108,6/11/13,20:17,INJURY,1,0,2,COLLISION WITH MOTOR VEHICLE,RIGHT TURN (WITH OTHER CAR),STOP SIGN,DAYLIGHT,CLEAR,DRY
13984,35156766,MONROE,Rochester,1, 31 43032048,Y,43.1471220,-77.5947010,2/23/14,12:02,INJURY,1,0,1,COLLISION WITH PEDESTRIAN,OTHER,TRAFFIC SIGNAL,DAYLIGHT,CLEAR,DRY
13984,35272238,MONROE,Webster,4,,Y,43.2113150,-77.4380060,5/26/14,12:30,PROPERTY DAMAGE AND INJURY,2,0,2,COLLISION WITH MOTOR VEHICLE,HEAD ON,TRAFFIC SIGNAL,DAYLIGHT,CLEAR,DRY