QUERYID,CASE #,REGN_CNTY_CDE,Municipality,MUNITYPE,REF_MRKR,ATINTERSECTION_IND,Lat,Long,,Time,Crash Type,Injuries,Fatalities,Number of Vehicles,ACCD_TYP,COLLISION_TYP,TRAF_CNTL,Light Condition,Weather Condition,Road Surface Condition
13984,35068964,MONROE,Parma,3,104 43031095,N,43.2196785,-77.8183765,1/2/14,10:15,INJURY,1,0,1,COLLISION WITH GUIDERAIL - END,OTHER,NONE,DAYLIGHT,SNOW,SNOW/ICE
13984,34821095,MONROE,Greece,3,,Y,43.1907000,-77.7014760,6/11/13,15:40,PROPERTY DAMAGE AND INJURY,2,0,2,COLLISION WITH MOTOR VEHICLE,HEAD ON,TRAFFIC SIGNAL,DAYLIGHT,CLOUDY,DRY
13984,35192333,MONROE,Rochester,1,,N,43.1582072,-77.5670805,3/18/14,14:15,PROPERTY DAMAGE AND INJURY,1,0,2,COLLISION WITH MOTOR VEHICLE,RIGHT ANGLE,NONE,DAYLIGHT,CLEAR,DRY
13984,34987508,MONROE,Ogden,3,,N,43.1893320,-77.7534010,11/1/13,14:59,PROPERTY DAMAGE AND INJURY,2,0,2,COLLISION WITH MOTOR VEHICLE,LEFT TURN (AGAINST OTHER CAR),NONE,DAYLIGHT,CLOUDY,DRY
13984,34828260,MONROE,Brighton,3, 31 43033000,N,43.1360147,-77.5752477,6/9/13,10:23,INJURY,1,0,1,COLLISION WITH BICYCLIST,OTHER,NONE,DAYLIGHT,CLEAR,DRY
13984,35364172,MONROE,Rochester,1, 31 43032053,Y,43.1428430,-77.5872320,8/11/14,10:41,INJURY,1,0,1,COLLISION WITH BICYCLIST,OTHER,NONE,DAYLIGHT,CLEAR,DRY
13984,35260450,MONROE,Rochester,1,,Y,43.1871800,-77.5896520,5/11/14,15:14,INJURY,1,0,1,COLLISION WITH BICYCLIST,OTHER,STOP SIGN,DAYLIGHT,CLEAR,DRY
13984,35032244,MONROE,Henrietta,3,253 43011083,N,43.0592737,-77.6072038,12/5/13,17:17,PROPERTY DAMAGE AND INJURY,1,0,1,COLLISION WITH DEER,OTHER,NONE,DARK-ROAD UNLIGHTED,CLOUDY,DRY
13984,35006693,MONROE,Irondequoit,3,590 43013007,N,43.1770418,-77.5425867,11/14/13,21:09,INJURY,1,0,2,COLLISION WITH MOTOR VEHICLE,RIGHT ANGLE,TRAFFIC SIGNAL,DARK-ROAD LIGHTED,CLEAR,DRY
13984,35138873,MONROE,Rochester,1,,N,43.1405303,-77.6458583,2/16/14,8:57,PROPERTY DAMAGE AND INJURY,1,0,3,COLLISION WITH MOTOR VEHICLE,OTHER,NONE,DAYLIGHT,SNOW,SNOW/ICE
13984,34768849,MONROE,Gates,3, 33 43031121,Y,43.1470730,-77.7112370,5/11/13,15:18,PROPERTY DAMAGE AND INJURY,2,0,2,COLLISION WITH MOTOR VEHICLE,LEFT TURN (WITH OTHER CAR),TRAFFIC SIGNAL,DAYLIGHT,CLOUDY,DRY
13984,34732334,MONROE,Rochester,1,,Y,43.1868120,-77.5995710,4/9/13,18:11,PROPERTY DAMAGE AND INJURY,1,0,2,COLLISION WITH MOTOR VEHICLE,RIGHT ANGLE,TRAFFIC SIGNAL,DUSK,RAIN,WET
13984,35100967,MONROE,Henrietta,3,,Y,43.0801480,-77.6295920,1/17/14,18:47,INJURY,1,0,1,COLLISION WITH PEDESTRIAN,OTHER,TRAFFIC SIGNAL,DARK-ROAD LIGHTED,CLEAR,DRY
13984,35255809,MONROE,Greece,3,,N,43.2058199,-77.6700870,4/25/14,13:38,FATAL,1,1,2,COLLISION WITH MOTOR VEHICLE,OTHER,OTHER,DAYLIGHT,CLOUDY,DRY
13984,34713574,MONROE,Parma,3,104 43031108,Y,43.2184090,-77.7925000,3/27/13,7:16,PROPERTY DAMAGE AND INJURY,2,0,2,COLLISION WITH MOTOR VEHICLE,LEFT TURN (WITH OTHER CAR),TRAFFIC SIGNAL,DAYLIGHT,CLOUDY,DRY
13984,34931695,MONROE,Rochester,1,,Y,43.1837240,-77.5993740,10/2/13,17:58,INJURY,1,0,1,COLLISION WITH BICYCLIST,OTHER,NONE,DAYLIGHT,CLEAR,DRY
13984,34852174,MONROE,Henrietta,3,252 43011083,N,43.0871497,-77.6107259,7/12/13,16:53,INJURY,1,0,2,COLLISION WITH MOTOR VEHICLE,REAR END,TRAFFIC SIGNAL,DAYLIGHT,CLEAR,DRY
13984,34820471,MONROE,Rochester,1,,Y,43.1351590,-77.6289061,6/18/13,1:54,INJURY,1,0,1,COLLISION WITH PEDESTRIAN,OTHER,NONE,DARK-ROAD LIGHTED,RAIN,WET
13984,35389205,MONROE,Rochester,1,,Y,43.1613100,-77.6029121,8/21/14,15:38,INJURY,1,0,2,COLLISION WITH MOTOR VEHICLE,OVERTAKING,TRAFFIC SIGNAL,DAYLIGHT,CLOUDY,DRY
13984,35313656,MONROE,Rochester,1,,Y,43.1547160,-77.6168820,6/27/14,16:50,PROPERTY DAMAGE AND INJURY,1,0,2,COLLISION WITH MOTOR VEHICLE,RIGHT ANGLE,TRAFFIC SIGNAL,DAYLIGHT,CLEAR,DRY
13984,35056477,MONROE,Pittsford,3, 31 43033036,Y,43.0969452,-77.5293963,12/24/13,16:35,PROPERTY DAMAGE AND INJURY,2,0,2,COLLISION WITH MOTOR VEHICLE,REAR END,NONE,DAYLIGHT,SNOW,SNOW/ICE
13984,35403637,MONROE,Perinton,3, 31 43033089,Y,43.0686855,-77.4344757,8/8/14,16:12,PROPERTY DAMAGE AND INJURY,3,0,2,COLLISION WITH MOTOR VEHICLE,RIGHT ANGLE,NONE,DAYLIGHT,CLEAR,DRY
13984,34751041,MONROE,Rochester,1,,Y,43.1750843,-77.6076134,4/16/13,16:01,INJURY,1,0,1,COLLISION WITH BICYCLIST,OTHER,NONE,DAYLIGHT,RAIN,WET
13984,35272271,MONROE,Brighton,3, 31 43033007,N,43.1281622,-77.5665067,5/28/14,16:28,INJURY,1,0,2,COLLISION WITH MOTOR VEHICLE,RIGHT ANGLE,NONE,DAYLIGHT,CLOUDY,DRY
13984,35068117,MONROE,Brighton,3,390I43031146,Y,43.1122970,-77.6236169,1/2/14,9:18,INJURY,1,0,2,COLLISION WITH MOTOR VEHICLE,REAR END,TRAFFIC SIGNAL,DAYLIGHT,SNOW,SNOW/ICE
13984,34770275,MONROE,Henrietta,3,,N,43.0755795,-77.6284703,5/10/13,20:13,INJURY,3,0,2,COLLISION WITH MOTOR VEHICLE,LEFT TURN (WITH OTHER CAR),TRAFFIC SIGNAL,DARK-ROAD LIGHTED,RAIN,WET
13984,34685516,MONROE,Brighton,3, 15A43041128,N,43.1077322,-77.6159259,3/6/13,8:40,INJURY,1,0,1,COLLISION WITH PEDESTRIAN,OTHER,TRAFFIC SIGNAL,DAYLIGHT,UNKNOWN,UNKNOWN
13984,35265841,MONROE,Greece,3,,N,43.2160296,-77.6581537,5/12/14,16:14,PROPERTY DAMAGE AND INJURY,1,0,3,COLLISION WITH MOTOR VEHICLE,OTHER,NONE,DAYLIGHT,CLEAR,DRY
13984,34830568,MONROE,Rochester,1,,Y,43.2175530,-77.5559459,6/21/13,11:10,PROPERTY DAMAGE AND INJURY,1,0,2,COLLISION WITH MOTOR VEHICLE,REAR END,NO PASSING ZONE,DAYLIGHT,CLEAR,DRY
13984,35314844,MONROE,Greece,3,104 43031142,N,43.2134159,-77.7263508,7/1/14,14:40,PROPERTY DAMAGE AND INJURY,2,0,2,COLLISION WITH MOTOR VEHICLE,RIGHT ANGLE,NONE,DAYLIGHT,CLEAR,DRY
13984,35030375,MONROE,Perinton,3,490I43023087,N,43.0419640,-77.4625871,11/26/13,23:50,INJURY,1,0,2,COLLISION WITH MOTOR VEHICLE,OVERTAKING,POLICE/FIRE EMERGENCY,DARK-ROAD LIGHTED,SNOW,SNOW/ICE
13984,35286792,MONROE,Greece,3,,Y,43.2058530,-77.6702690,6/10/14,10:59,INJURY,2,0,2,COLLISION WITH MOTOR VEHICLE,RIGHT ANGLE,TRAFFIC SIGNAL,DAYLIGHT,CLEAR,DRY
13984,35348066,MONROE,Gates,3, 33A43021153,Y,43.1400510,-77.6664530,8/1/14,17:22,PROPERTY DAMAGE AND INJURY,1,0,3,COLLISION WITH MOTOR VEHICLE,OTHER,TRAFFIC SIGNAL,DAYLIGHT,CLOUDY,WET
13984,35255710,MONROE,Penfield,3,,Y,43.1824050,-77.5021680,5/11/14,21:54,PROPERTY DAMAGE AND INJURY,2,0,2,COLLISION WITH MOTOR VEHICLE,RIGHT ANGLE,TRAFFIC SIGNAL,DARK-ROAD LIGHTED,CLEAR,DRY
13984,34761289,MONROE,Rochester,1,,N,43.1465515,-77.5733361,5/1/13,11:22,PROPERTY DAMAGE AND INJURY,1,0,3,COLLISION WITH MOTOR VEHICLE,OTHER,NONE,DAYLIGHT,CLEAR,DRY
13984,34981801,MONROE,Greece,3,,N,43.2079407,-77.6835727,10/24/13,14:17,PROPERTY DAMAGE AND INJURY,1,0,2,COLLISION WITH MOTOR VEHICLE,REAR END,NONE,DAYLIGHT,CLOUDY,DRY
13984,35532455,MONROE,Gates,3, 33 43031105,Y,43.1421570,-77.7404879,12/29/14,17:36,INJURY,1,0,1,COLLISION WITH BICYCLIST,OTHER,NONE,DARK-ROAD LIGHTED,CLOUDY,DRY
13984,34821105,MONROE,Greece,3,104 43031170,N,43.2060690,-77.6718320,6/16/13,18:00,PROPERTY DAMAGE AND INJURY,2,0,3,COLLISION WITH MOTOR VEHICLE,OTHER,TRAFFIC SIGNAL,DAYLIGHT,CLEAR,DRY
13984,34766151,MONROE,Irondequoit,3,,N,43.2092279,-77.6008754,5/8/13,9:29,PROPERTY DAMAGE AND INJURY,1,0,1,COLLISION WITH CURBING,OTHER,NONE,DAYLIGHT,CLOUDY,DRY
13984,34925441,MONROE,Chili,3,390I43033000,N,43.1218582,-77.6465450,9/9/13,9:40,PROPERTY DAMAGE AND INJURY,1,0,1,COLLISION WITH OTHER BARRIER,OTHER,HIGHWAY WORK AREA,DAYLIGHT,CLOUDY,WET
13984,35113292,MONROE,Brighton,3,590 43011001,N,43.1436188,-77.5448232,1/23/14,13:35,INJURY,2,0,1,COLLISION WITH GUIDERAIL - END,OTHER,NONE,DAYLIGHT,CLOUDY,SNOW/ICE
13984,34991201,MONROE,Rochester,1, 33A43022010,Y,43.1470620,-77.6458150,11/4/13,20:34,PROPERTY DAMAGE AND INJURY,1,0,1,COLLISION WITH CURBING,OTHER,STOP SIGN,DARK-ROAD LIGHTED,CLEAR,DRY
13984,34736422,MONROE,Webster,3,104 43035082,N,43.2076358,-77.4657405,4/9/13,15:25,INJURY,1,0,1,COLLISION WITH PEDESTRIAN,OTHER,TRAFFIC SIGNAL,DAYLIGHT,CLEAR,DRY
13984,35509299,MONROE,Perinton,3, 96 43051019,N,43.0521148,-77.4703521,12/10/14,13:13,PROPERTY DAMAGE AND INJURY,2,0,3,COLLISION WITH MOTOR VEHICLE,OTHER,NONE,DAYLIGHT,SNOW,SNOW/ICE
13984,35091421,MONROE,Hamlin,3, 18 45021268,N,43.3021268,-77.9954096,1/19/14,16:50,PROPERTY DAMAGE AND INJURY,1,0,1,COLL. W/EARTH ELE./ROCK CUT/DITCH,OTHER,NONE,DUSK,SNOW,SNOW/ICE
13984,34848886,MONROE,Chili,3, 33A43021068,N,43.0871293,-77.8132392,7/14/13,22:20,PROPERTY DAMAGE AND INJURY,1,0,1,COLLISION WITH DEER,OTHER,NONE,DARK-ROAD UNLIGHTED,CLEAR,DRY
13984,35236655,MONROE,Rochester,1,,Y,43.1954710,-77.6388561,4/23/14,18:34,PROPERTY DAMAGE AND INJURY,5,0,2,COLLISION WITH MOTOR VEHICLE,RIGHT ANGLE,STOP SIGN,DAYLIGHT,CLEAR,DRY
13984,35418980,MONROE,Penfield,3,286 43011019,N,43.1536740,-77.5049491,10/1/14,7:50,PROPERTY DAMAGE AND INJURY,1,0,2,COLLISION WITH MOTOR VEHICLE,RIGHT ANGLE,NONE,DAYLIGHT,CLOUDY,DRY
13984,35397498,MONROE,Rochester,1,,Y,43.1762970,-77.5603200,9/8/14,7:25,PROPERTY DAMAGE AND INJURY,1,0,2,COLLISION WITH MOTOR VEHICLE,LEFT TURN (AGAINST OTHER CAR),TRAFFIC SIGNAL,DAYLIGHT,CLEAR,DRY
13984,35305286,MONROE,Rochester,1,104 43032029,N,43.1915514,-77.6081233,6/24/14,17:35,PROPERTY DAMAGE AND INJURY,2,0,3,COLLISION WITH MOTOR VEHICLE,OTHER,NONE,DAYLIGHT,RAIN,WET
13984,34759566,MONROE,Rochester,1,,Y,43.1772200,-77.6134110,4/23/13,19:40,INJURY,1,0,2,COLLISION WITH MOTOR VEHICLE,RIGHT ANGLE,STOP SIGN,DUSK,CLEAR,DRY
13984,35213912,MONROE,Rochester,1,940M43011001,Y,43.1666340,-77.6247630,3/29/14,8:48,INJURY,1,0,1,COLLISION WITH PEDESTRIAN,OTHER,NONE,DAYLIGHT,CLOUDY,DRY
13984,34947822,MONROE,Sweden,3, 31A43021015,N,43.1983190,-77.9672094,9/26/13,13:08,PROPERTY DAMAGE AND INJURY,2,0,2,COLLISION WITH MOTOR VEHICLE,LEFT TURN (WITH OTHER CAR),TRAFFIC SIGNAL,DAYLIGHT,CLEAR,DRY
13984,34981480,MONROE,Brighton,3,590 43011008,N,43.1535873,-77.5381098,10/24/13,7:07,PROPERTY DAMAGE AND INJURY,2,0,3,COLLISION WITH MOTOR VEHICLE,OTHER,NONE,DAWN,CLEAR,DRY
13984,35198844,UNKNOWN COUNTY,,0,,N,43.0986482,-77.4481154,3/28/14,17:40,INJURY,2,0,2,COLLISION WITH MOTOR VEHICLE,REAR END,NONE,DAYLIGHT,RAIN,WET
13984,35040324,MONROE,Penfield,3,441 43011070,N,43.1305141,-77.4075744,12/4/13,17:33,PROPERTY DAMAGE AND INJURY,1,0,2,COLLISION WITH MOTOR VEHICLE,REAR END,NONE,DARK-ROAD LIGHTED,CLOUDY,WET
13984,35309550,MONROE,Irondequoit,3,,Y,43.2303910,-77.5993290,6/28/14,11:26,PROPERTY DAMAGE AND INJURY,1,0,2,COLLISION WITH MOTOR VEHICLE,LEFT TURN (AGAINST OTHER CAR),TRAFFIC SIGNAL,DAYLIGHT,CLEAR,DRY
13984,34906386,MONROE,Henrietta,3,,Y,43.0890050,-77.6678110,8/27/13,17:14,INJURY,1,0,1,COLLISION WITH BICYCLIST,OTHER,NONE,DAYLIGHT,CLEAR,DRY
13984,35294561,MONROE,Webster,3,,Y,43.2056070,-77.5079840,6/16/14,12:34,PROPERTY DAMAGE AND INJURY,1,0,2,COLLISION WITH MOTOR VEHICLE,RIGHT ANGLE,STOP SIGN,DAYLIGHT,CLEAR,DRY
13984,35508634,MONROE,Rochester,1,,Y,43.1804640,-77.6136420,11/26/14,21:12,INJURY,1,0,2,COLLISION WITH MOTOR VEHICLE,REAR END,TRAFFIC SIGNAL,DARK-ROAD LIGHTED,CLOUDY,WET
13984,34849030,MONROE,Rochester,1,,Y,43.1839110,-77.6038340,7/13/13,13:51,INJURY,1,0,1,COLLISION WITH PEDESTRIAN,OTHER,NONE,DAYLIGHT,CLOUDY,DRY
13984,34832211,MONROE,Brighton,3,590I43011017,N,43.1074610,-77.5759661,7/1/13,13:20,PROPERTY DAMAGE AND INJURY,1,0,2,COLLISION WITH MOTOR VEHICLE,REAR END,TRAFFIC SIGNAL,DAYLIGHT,RAIN,WET
13984,34921909,MONROE,Greece,3,,N,43.2236599,-77.6775105,9/12/13,15:30,PROPERTY DAMAGE AND INJURY,2,0,1,COLL. W/LIGHT SUPPORT/UTILITY POLE,OTHER,NONE,DAYLIGHT,CLEAR,DRY
13984,35355196,MONROE,Irondequoit,3,,N,43.2346106,-77.6055533,8/8/14,13:10,INJURY,1,0,1,COLLISION WITH BICYCLIST,OTHER,NO PASSING ZONE,DAYLIGHT,CLEAR,DRY
13984,35232220,MONROE,Mendon,3,,Y,42.9864033,-77.5246575,4/12/14,14:33,INJURY,2,0,1,COLLISION WITH BICYCLIST,OTHER,STOP SIGN,DAYLIGHT,CLEAR,DRY
13984,34743449,MONROE,Rochester,1,,N,43.1451059,-77.6013760,4/4/13,13:29,INJURY,1,0,2,COLLISION WITH MOTOR VEHICLE,REAR END,NONE,DAYLIGHT,CLEAR,DRY
13984,34803821,MONROE,Rochester,1,,N,43.1690640,-77.6309410,5/24/13,7:42,INJURY,1,0,2,COLLISION WITH MOTOR VEHICLE,OVERTAKING,NONE,DAYLIGHT,RAIN,WET
13984,35514220,MONROE,Rochester,1,,N,43.1786774,-77.6508541,12/12/14,16:48,PROPERTY DAMAGE AND INJURY,1,0,1,COLLISION WITH BUILDING/WALL,OTHER,NONE,DARK-ROAD LIGHTED,CLEAR,SLUSH
13984,34977255,MONROE,Hamlin,3, 18 43031033,N,43.2954656,-77.9340770,10/20/13,3:00,PROPERTY DAMAGE AND INJURY,1,0,1,COLL. W/LIGHT SUPPORT/UTILITY POLE,OTHER,NONE,DARK-ROAD UNLIGHTED,CLEAR,WET
13984,34824812,MONROE,Rochester,1,,Y,43.1350250,-77.6360030,6/18/13,14:57,INJURY,1,0,2,COLLISION WITH MOTOR VEHICLE,RIGHT ANGLE,TRAFFIC SIGNAL,DAYLIGHT,CLEAR,DRY
13984,35056122,MONROE,Rochester,1,490I43022057,N,43.1433254,-77.5715055,12/23/13,16:50,PROPERTY DAMAGE AND INJURY,2,0,2,COLLISION WITH MOTOR VEHICLE,REAR END,NONE,DARK-ROAD LIGHTED,SNOW,WET
13984,35101841,MONROE,Rochester,1,940M43011012,Y,43.1809370,-77.6317380,1/16/14,11:13,PROPERTY DAMAGE AND INJURY,1,0,2,COLLISION WITH MOTOR VEHICLE,SIDESWIPE,TRAFFIC SIGNAL,DAYLIGHT,CLEAR,DRY
13984,34685531,MONROE,Greece,3,,N,43.2432172,-77.6965831,3/4/13,11:21,PROPERTY DAMAGE AND INJURY,1,0,2,COLLISION WITH MOTOR VEHICLE,REAR END,NONE,DAYLIGHT,CLOUDY,WET
13984,35316057,MONROE,Gates,3, 31 43031174,Y,43.1695350,-77.7015490,7/7/14,8:24,INJURY,1,0,2,COLLISION WITH MOTOR VEHICLE,REAR END,TRAFFIC SIGNAL,DAYLIGHT,RAIN,WET
13984,35046076,MONROE,Rochester,1,,Y,43.1309320,-77.6524440,12/15/13,10:25,PROPERTY DAMAGE AND INJURY,1,0,2,COLLISION WITH MOTOR VEHICLE,REAR END,NONE,DAYLIGHT,SNOW,SNOW/ICE
13984,35444167,MONROE,Gates,3,,Y,43.1256922,-77.7107371,10/22/14,15:52,PROPERTY DAMAGE AND INJURY,2,0,2,COLLISION WITH MOTOR VEHICLE,RIGHT ANGLE,TRAFFIC SIGNAL,DAYLIGHT,CLOUDY,DRY
13984,35334532,MONROE,Henrietta,3,252 43011076,N,43.0871520,-77.6247558,7/18/14,14:19,INJURY,1,0,2,COLLISION WITH MOTOR VEHICLE,REAR END,NONE,DAYLIGHT,CLEAR,DRY
13984,35308295,MONROE,Rochester,1,,Y,43.1863580,-77.6183370,6/29/14,16:41,INJURY,1,0,1,COLLISION WITH BICYCLIST,OTHER,STOP SIGN,DAYLIGHT,CLOUDY,DRY
13984,34758006,MONROE,Penfield,3,,N,43.1348511,-77.4959182,5/3/13,18:17,PROPERTY DAMAGE AND INJURY,1,0,3,COLLISION WITH MOTOR VEHICLE,OTHER,TRAFFIC SIGNAL,DAYLIGHT,CLEAR,DRY
13984,34842900,MONROE,Henrietta,3,253 43011060,Y,43.0586740,-77.6520820,7/5/13,12:45,PROPERTY DAMAGE AND INJURY,1,0,2,COLLISION WITH MOTOR VEHICLE,RIGHT ANGLE,TRAFFIC SIGNAL,DAYLIGHT,CLOUDY,DRY
13984,35510820,MONROE,Chili,3,252 43011029,N,43.0907371,-77.7143626,12/12/14,7:55,PROPERTY DAMAGE AND INJURY,1,0,2,COLLISION WITH MOTOR VEHICLE,REAR END,NONE,DAYLIGHT,CLOUDY,DRY
13984,34688861,MONROE,Penfield,3,,N,43.1493366,-77.4501282,3/8/13,15:17,PROPERTY DAMAGE AND INJURY,1,0,1,COLLISION WITH OTHER FIXED OBJECT,OTHER,NONE,DAYLIGHT,CLEAR,DRY
13984,35499546,MONROE,Greece,3,,Y,43.1869140,-77.7015110,11/29/14,19:21,PROPERTY DAMAGE AND INJURY,1,0,2,COLLISION WITH MOTOR VEHICLE,OVERTAKING,TRAFFIC SIGNAL,DARK-ROAD LIGHTED,CLEAR,DRY
13984,34766130,MONROE,Parma,3,104 43031121,Y,43.2187610,-77.7668503,5/7/13,15:25,INJURY,2,0,2,COLLISION WITH MOTOR VEHICLE,REAR END,NONE,DAYLIGHT,CLEAR,DRY
13984,35036836,MONROE,Webster,3,,N,43.2373468,-77.3875490,12/4/13,17:24,PROPERTY DAMAGE AND INJURY,2,0,2,COLLISION WITH MOTOR VEHICLE,REAR END,NONE,DARK-ROAD UNLIGHTED,CLEAR,DRY
13984,34867237,MONROE,Irondequoit,3,,N,43.2394269,-77.5992212,7/17/13,14:00,INJURY,1,0,1,COLLISION WITH BICYCLIST,OTHER,NONE,DAYLIGHT,CLEAR,DRY
13984,34702682,MONROE,Irondequoit,3,590 43013004,N,43.1731122,-77.5408411,3/21/13,7:57,PROPERTY DAMAGE AND INJURY,1,0,2,COLLISION WITH MOTOR VEHICLE,REAR END,NONE,DAYLIGHT,CLEAR,DRY
13984,35322924,MONROE,Rochester,1,104 43032020,N,43.1944488,-77.6255746,7/11/14,17:29,INJURY,1,0,2,COLLISION WITH MOTOR VEHICLE,REAR END,NONE,DAYLIGHT,CLEAR,DRY
13984,35536630,MONROE,Henrietta,3, 15A43041103,N,43.0728079,-77.6070253,12/22/14,16:23,INJURY,1,0,2,COLLISION WITH MOTOR VEHICLE,RIGHT ANGLE,TRAFFIC SIGNAL,DAYLIGHT,CLEAR,DRY
13984,34859597,MONROE,East Rochester,3, 31F43011016,Y,43.1049590,-77.4891440,7/15/13,14:46,PROPERTY DAMAGE AND INJURY,1,0,4,COLLISION WITH MOTOR VEHICLE,OTHER,TRAFFIC SIGNAL,DAYLIGHT,CLEAR,DRY
13984,35361128,MONROE,Brighton,3, 31 43033023,N,43.1107252,-77.5473209,8/8/14,17:25,INJURY,1,0,1,OVERTURNED,OTHER,NONE,DAYLIGHT,CLEAR,DRY
13984,34831428,MONROE,Penfield,3,250 43011062,Y,43.1251770,-77.4413770,6/23/13,14:29,PROPERTY DAMAGE AND INJURY,2,0,2,COLLISION WITH MOTOR VEHICLE,REAR END,NONE,DAYLIGHT,CLEAR,DRY
13984,35235141,MONROE,Gates,3,390I43037000,N,43.1307756,-77.6611500,4/24/14,16:35,INJURY,1,0,2,COLLISION WITH MOTOR VEHICLE,REAR END,YIELD SIGN,DAYLIGHT,CLEAR,DRY
13984,34867759,MONROE,Perinton,3, 31 43033103,Y,43.0644840,-77.4072505,7/26/13,12:04,PROPERTY DAMAGE AND INJURY,1,0,1,COLLISION WITH BICYCLIST,OTHER,TRAFFIC SIGNAL,DAYLIGHT,CLEAR,DRY
13984,35115687,MONROE,Greece,3,,Y,43.2390050,-77.7333550,1/30/14,17:58,INJURY,1,0,2,COLLISION WITH MOTOR VEHICLE,REAR END,STOP SIGN,DARK-ROAD UNLIGHTED,CLOUDY,WET
13984,34934645,MONROE,Sweden,3,,N,43.1763094,-77.9872307,9/20/13,10:08,PROPERTY DAMAGE AND INJURY,1,0,2,COLLISION WITH MOTOR VEHICLE,RIGHT ANGLE,STOP SIGN,DAYLIGHT,CLEAR,DRY
13984,35512906,MONROE,Greece,3, 18 43031213,Y,43.2420130,-77.6468390,9/19/13,19:49,INJURY,1,0,2,COLLISION WITH MOTOR VEHICLE,LEFT TURN (AGAINST OTHER CAR),TRAFFIC SIGNAL,DARK-ROAD LIGHTED,CLEAR,DRY
13984,35120512,MONROE,Rochester,1,590 43011000,N,43.1432670,-77.5475071,12/16/13,0:00,PROPERTY DAMAGE AND INJURY,1,0,1,COLLISION WITH CULVERT/HEADWALL,OTHER,UNKNOWN,DAYLIGHT,CLEAR,SNOW/ICE
13984,35115147,MONROE,Rochester,1,940M43011012,Y,43.1809370,-77.6317380,11/29/13,12:40,PROPERTY DAMAGE AND INJURY,2,0,2,COLLISION WITH MOTOR VEHICLE,RIGHT ANGLE,TRAFFIC SIGNAL,DAYLIGHT,CLOUDY,WET
13984,35220443,MONROE,Hamlin,3, 19 43041121,Y,43.3033123,-77.9210391,4/9/14,16:12,PROPERTY DAMAGE AND INJURY,2,0,2,COLLISION WITH MOTOR VEHICLE,LEFT TURN (WITH OTHER CAR),NONE,DAYLIGHT,CLEAR,DRY
13984,35065766,MONROE,Rochester,1,,Y,43.1599730,-77.5984290,12/6/13,19:03,INJURY,1,0,2,COLLISION WITH MOTOR VEHICLE,LEFT TURN (WITH OTHER CAR),TRAFFIC SIGNAL,DARK-ROAD LIGHTED,CLOUDY,DRY
13984,34959932,MONROE,Rochester,1,,Y,43.1881610,-77.5609770,10/2/13,16:59,INJURY,1,0,2,COLLISION WITH MOTOR VEHICLE,REAR END,NONE,DAYLIGHT,CLEAR,DRY
13984,35465753,MONROE,Webster,3,,Y,43.2200002,-77.5129319,11/8/14,20:04,INJURY,5,0,2,COLLISION WITH MOTOR VEHICLE,RIGHT ANGLE,NONE,DARK-ROAD UNLIGHTED,CLOUDY,DRY
13984,34784812,MONROE,Rochester,1,,N,43.1421415,-77.6044180,5/18/13,1:44,INJURY,1,0,1,COLLISION WITH PEDESTRIAN,OTHER,NONE,DARK-ROAD LIGHTED,CLEAR,DRY
13984,34874627,MONROE,Greece,3,,N,43.2526096,-77.6964499,8/2/13,15:23,PROPERTY DAMAGE AND INJURY,1,0,2,COLLISION WITH MOTOR VEHICLE,LEFT TURN (AGAINST OTHER CAR),NONE,DAYLIGHT,CLEAR,WET
13984,34983755,MONROE,Brighton,3,490I43023007,N,43.1379446,-77.5363288,10/24/13,17:36,INJURY,1,0,2,COLLISION WITH MOTOR VEHICLE,REAR END,NONE,DAYLIGHT,CLEAR,DRY
13984,35321514,MONROE,Rochester,1,104 43032037,N,43.1932138,-77.5925792,7/6/14,13:20,PROPERTY DAMAGE AND INJURY,2,0,1,COLLISION WITH CULVERT/HEADWALL,OTHER,NONE,DAYLIGHT,CLEAR,DRY
13984,35251509,MONROE,Brighton,3,,Y,43.1258210,-77.5856025,5/8/14,8:15,PROPERTY DAMAGE AND INJURY,2,0,5,COLLISION WITH MOTOR VEHICLE,OTHER,NONE,DAYLIGHT,CLOUDY,DRY
13984,35422056,MONROE,Henrietta,3,,N,43.0597147,-77.5870888,10/5/14,21:26,PROPERTY DAMAGE AND INJURY,1,0,1,COLL. W/EARTH ELE./ROCK CUT/DITCH,OTHER,NONE,DARK-ROAD UNLIGHTED,CLEAR,DRY
13984,35030846,MONROE,Irondequoit,3,590 43013004,N,43.1724335,-77.5402442,12/4/13,15:20,PROPERTY DAMAGE AND INJURY,1,0,4,COLLISION WITH MOTOR VEHICLE,OTHER,HIGHWAY WORK AREA,DAYLIGHT,CLEAR,DRY