QUERYID,CASE #,REGN_CNTY_CDE,Municipality,MUNITYPE,REF_MRKR,ATINTERSECTION_IND,Lat,Long,,Time,Crash Type,Injuries,Fatalities,Number of Vehicles,ACCD_TYP,COLLISION_TYP,TRAF_CNTL,Light Condition,Weather Condition,Road Surface Condition
13984,35073889,MONROE,Rochester,1,,Y,43.1707080,-77.5944810,11/24/13,0:00,PROPERTY DAMAGE AND INJURY,1,0,2,COLLISION WITH MOTOR VEHICLE,UNKNOWN,UNKNOWN,UNKNOWN,UNKNOWN,UNKNOWN
13984,35115908,MONROE,Rush,3, 15A43041056,N,43.0102399,-77.6400506,1/30/14,5:00,PROPERTY DAMAGE AND INJURY,1,0,2,COLLISION WITH MOTOR VEHICLE,RIGHT ANGLE,TRAFFIC SIGNAL,DARK-ROAD LIGHTED,CLOUDY,DRY
13984,35491526,MONROE,Sweden,3, 31A43021015,N,43.1983151,-77.9674162,11/29/14,6:00,PROPERTY DAMAGE AND INJURY,1,0,1,COLLISION WITH DEER,OTHER,NONE,DARK-ROAD UNLIGHTED,CLOUDY,DRY
13984,35279397,MONROE,Greece,3, 18 43031215,Y,43.2383400,-77.6468470,5/26/14,18:00,INJURY,1,0,1,COLLISION WITH BICYCLIST,OTHER,TRAFFIC SIGNAL,DAYLIGHT,CLEAR,DRY
13984,34731169,MONROE,Gates,3,,Y,43.1646950,-77.6939070,4/13/13,15:48,INJURY,1,0,1,COLLISION WITH BICYCLIST,OTHER,NONE,DAYLIGHT,CLOUDY,DRY
13984,35218204,MONROE,Perinton,3,,N,43.1147378,-77.4700973,4/10/14,11:01,PROPERTY DAMAGE AND INJURY,1,0,2,COLLISION WITH MOTOR VEHICLE,REAR END,NONE,DAYLIGHT,CLOUDY,DRY
13984,35366766,MONROE,Greece,3,,Y,43.2096040,-77.6936011,8/16/14,18:32,PROPERTY DAMAGE AND INJURY,1,0,2,COLLISION WITH MOTOR VEHICLE,OVERTAKING,TRAFFIC SIGNAL,DAYLIGHT,RAIN,WET
13984,34869246,MONROE,Rochester,1,940M43011011,Y,43.1792752,-77.6317001,7/15/13,17:16,INJURY,1,0,2,COLLISION WITH MOTOR VEHICLE,RIGHT TURN (WITH OTHER CAR),NONE,DAYLIGHT,CLEAR,DRY
13984,34996761,MONROE,Henrietta,3, 15A43041106,N,43.0771258,-77.6063105,11/1/13,3:25,PROPERTY DAMAGE AND INJURY,2,0,1,COLLISION WITH CURBING,OTHER,NONE,DARK-ROAD LIGHTED,CLOUDY,WET
13984,34784798,MONROE,Rochester,1,,Y,43.1723540,-77.5841570,5/16/13,11:59,INJURY,1,0,1,COLLISION WITH FENCE,OTHER,NONE,DAYLIGHT,CLEAR,DRY
13984,35265903,MONROE,Rochester,1,,N,43.1648180,-77.5936260,5/17/14,9:23,INJURY,1,0,2,COLLISION WITH PEDESTRIAN,OTHER,NONE,DAYLIGHT,CLEAR,DRY
13984,34837105,MONROE,Pittsford,3, 96 43051037,N,43.0711869,-77.4920362,7/3/13,17:30,INJURY,1,0,1,COLLISION WITH TREE,OTHER,NONE,DAYLIGHT,RAIN,WET
13984,34874331,MONROE,Brighton,3,590 43011006,N,43.1497856,-77.5398792,7/31/13,9:00,PROPERTY DAMAGE AND INJURY,1,0,3,COLLISION WITH MOTOR VEHICLE,OTHER,NONE,DAYLIGHT,CLEAR,DRY
13984,35255719,MONROE,Chili,3,383 43011130,N,43.0952446,-77.6799424,4/24/14,22:44,PROPERTY DAMAGE AND INJURY,1,0,4,COLLISION WITH MOTOR VEHICLE,OTHER,TRAFFIC SIGNAL,DARK-ROAD LIGHTED,CLEAR,DRY
13984,34824274,MONROE,Greece,3, 18 43031204,N,43.2529602,-77.6486971,6/23/13,18:58,INJURY,1,0,2,COLLISION WITH MOTOR VEHICLE,REAR END,TRAFFIC SIGNAL,DAYLIGHT,CLEAR,DRY
13984,34883484,MONROE,Rochester,1,,Y,43.1584300,-77.6154310,7/26/13,8:05,PROPERTY DAMAGE AND INJURY,1,0,2,COLLISION WITH MOTOR VEHICLE,RIGHT ANGLE,TRAFFIC SIGNAL,DAYLIGHT,CLEAR,DRY
13984,35412208,MONROE,Rochester,1,,Y,43.1388590,-77.6059650,9/24/14,10:07,PROPERTY DAMAGE AND INJURY,2,0,2,COLLISION WITH MOTOR VEHICLE,RIGHT ANGLE,TRAFFIC SIGNAL,DAYLIGHT,CLEAR,DRY
13984,34863037,MONROE,Rochester,1,,N,43.1424630,-77.6471550,7/15/13,19:47,INJURY,1,0,1,COLLISION WITH BICYCLIST,OTHER,NONE,DAYLIGHT,CLEAR,DRY
13984,34991163,MONROE,Greece,3, 18 43031214,Y,43.2410640,-77.6468390,10/31/13,12:08,PROPERTY DAMAGE AND INJURY,1,0,2,COLLISION WITH MOTOR VEHICLE,RIGHT ANGLE,STOP SIGN,DAYLIGHT,CLOUDY,WET
13984,35005220,UNKNOWN COUNTY,,0,,N,43.1809855,-77.5944484,11/11/13,13:45,PROPERTY DAMAGE AND INJURY,1,0,2,COLLISION WITH MOTOR VEHICLE,HEAD ON,NONE,DAYLIGHT,RAIN,WET
13984,34914002,MONROE,Henrietta,3,390I43031104,N,43.0762934,-77.6265107,9/5/13,12:10,INJURY,1,0,1,OVERTURNED,OTHER,NONE,DAYLIGHT,CLEAR,DRY
13984,35374512,MONROE,Rochester,1,,Y,43.1582980,-77.6068900,7/31/14,12:17,PROPERTY DAMAGE AND INJURY,1,0,2,COLLISION WITH MOTOR VEHICLE,REAR END,TRAFFIC SIGNAL,DAYLIGHT,CLEAR,DRY
13984,34801414,MONROE,Rochester,1,,Y,43.1576190,-77.5906280,6/4/13,7:20,PROPERTY DAMAGE AND INJURY,1,0,2,COLLISION WITH MOTOR VEHICLE,RIGHT ANGLE,TRAFFIC SIGNAL,DAYLIGHT,CLEAR,DRY
13984,35487123,MONROE,Hamlin,3, 19 43041109,N,43.2860500,-77.9205820,11/20/14,18:10,PROPERTY DAMAGE AND INJURY,1,0,2,COLLISION WITH MOTOR VEHICLE,REAR END,NONE,DARK-ROAD LIGHTED,CLOUDY,WET
13984,35159504,MONROE,Ogden,3,,N,43.1973822,-77.8522148,2/28/14,7:13,PROPERTY DAMAGE AND INJURY,1,0,1,COLL. W/EARTH ELE./ROCK CUT/DITCH,OTHER,NONE,DAYLIGHT,CLEAR,SNOW/ICE
13984,35016760,MONROE,Gates,3, 31 43031177,N,43.1672137,-77.6965314,11/23/13,20:19,INJURY,1,0,2,COLLISION WITH MOTOR VEHICLE,OVERTAKING,NONE,DARK-ROAD LIGHTED,SNOW,SNOW/ICE
13984,35133730,MONROE,Henrietta,3,253 43011066,Y,43.0588800,-77.6396880,2/10/14,16:11,PROPERTY DAMAGE AND INJURY,1,0,2,COLLISION WITH MOTOR VEHICLE,RIGHT ANGLE,TRAFFIC SIGNAL,DAYLIGHT,CLOUDY,DRY
13984,35440543,MONROE,Pittsford,3, 96 43051082,N,43.1225349,-77.5231068,10/14/14,13:25,INJURY,1,0,2,COLLISION WITH MOTOR VEHICLE,REAR END,NONE,DAYLIGHT,CLEAR,DRY
13984,34813223,MONROE,Henrietta,3,,N,43.0884731,-77.6311392,6/6/13,20:28,PROPERTY DAMAGE AND INJURY,1,0,1,COLLISION WITH OTHER FIXED OBJECT,OTHER,NONE,DUSK,RAIN,WET
13984,35290069,MONROE,Rochester,1,,Y,43.1738520,-77.6590451,6/13/14,8:59,FATAL,0,1,1,COLLISION WITH GUIDE RAIL,OTHER,TRAFFIC SIGNAL,DAYLIGHT,CLEAR,DRY
13984,34766106,MONROE,Webster,3,104 43035258,N,43.2140980,-77.4612430,5/6/13,16:52,INJURY,1,0,2,COLLISION WITH MOTOR VEHICLE,REAR END,YIELD SIGN,DAYLIGHT,CLEAR,DRY
13984,35161639,MONROE,Chili,3,,Y,43.1203864,-77.7020851,3/3/14,9:22,INJURY,1,0,2,COLLISION WITH MOTOR VEHICLE,REAR END,STOP SIGN,DAYLIGHT,CLOUDY,SNOW/ICE
13984,35265876,MONROE,Brockport,4, 19 43041053,Y,43.2086200,-77.9405870,5/13/14,21:09,INJURY,1,0,1,COLLISION WITH BICYCLIST,OTHER,NONE,DARK-ROAD LIGHTED,CLOUDY,DRY
13984,34906737,MONROE,Webster,3,104 43035295,N,43.2223719,-77.3889468,8/28/13,16:34,PROPERTY DAMAGE AND INJURY,3,0,3,COLLISION WITH MOTOR VEHICLE,OTHER,NONE,DAYLIGHT,CLOUDY,DRY
13984,35000690,MONROE,Pittsford,3,,N,43.0544749,-77.4972388,8/26/13,2:31,FATAL,1,1,1,COLL. W/EARTH ELE./ROCK CUT/DITCH,OTHER,NONE,DARK-ROAD UNLIGHTED,CLOUDY,WET
13984,34949957,MONROE,Rochester,1,,N,43.1943803,-77.6270663,10/5/13,23:12,PROPERTY DAMAGE AND INJURY,1,0,1,COLLISION WITH CURBING,OTHER,TRAFFIC SIGNAL,DARK-ROAD LIGHTED,CLEAR,DRY
13984,34717860,MONROE,Brighton,3, 31 43033005,N,43.1310811,-77.5697520,4/2/13,16:06,INJURY,1,0,2,COLLISION WITH MOTOR VEHICLE,REAR END,NONE,DAYLIGHT,SNOW,WET
13984,34838069,MONROE,Pittsford,3,,N,43.0344807,-77.5237585,7/5/13,18:45,PROPERTY DAMAGE AND INJURY,1,0,2,COLLISION WITH MOTOR VEHICLE,RIGHT ANGLE,STOP SIGN,DAYLIGHT,CLOUDY,WET
13984,35406718,MONROE,Greece,3,390 43011019,N,43.1841742,-77.6836402,9/18/14,22:00,PROPERTY DAMAGE AND INJURY,2,0,2,COLLISION WITH MOTOR VEHICLE,REAR END,NONE,DARK-ROAD LIGHTED,CLEAR,DRY
13984,34953043,MONROE,Rochester,1,383 43012020,Y,43.1426840,-77.6160800,9/27/13,12:41,PROPERTY DAMAGE AND INJURY,1,0,2,COLLISION WITH MOTOR VEHICLE,REAR END,TRAFFIC SIGNAL,DAYLIGHT,CLEAR,DRY
13984,35346086,MONROE,Riga,3,490I43021036,N,43.0872220,-77.9104650,7/31/14,6:36,INJURY,1,0,1,COLLISION WITH MEDIAN/BARRIER,OTHER,NONE,DUSK,RAIN,WET
13984,34902421,MONROE,Gates,3,390I43037008,N,43.1400524,-77.6690276,8/15/13,8:14,PROPERTY DAMAGE AND INJURY,1,0,4,COLLISION WITH MOTOR VEHICLE,OTHER,NONE,DAYLIGHT,CLEAR,DRY
13984,35404812,MONROE,Rochester,1,,Y,43.2006830,-77.5617120,9/18/14,17:20,PROPERTY DAMAGE AND INJURY,2,0,2,COLL. W/LIGHT SUPPORT/UTILITY POLE,SIDESWIPE,NONE,DAYLIGHT,CLEAR,DRY
13984,35145129,MONROE,Gates,3,490I43021177,N,43.1583670,-77.6823450,2/21/14,17:18,PROPERTY DAMAGE AND INJURY,1,0,1,COLLISION WITH GUIDE RAIL,OTHER,NONE,DAYLIGHT,CLEAR,DRY
13984,34932326,MONROE,Pittsford,3,490I43023036,N,43.1056001,-77.5060682,8/29/13,20:30,PROPERTY DAMAGE AND INJURY,1,0,2,COLLISION WITH MOTOR VEHICLE,OVERTAKING,NONE,DARK-ROAD LIGHTED,CLEAR,DRY
13984,35322579,MONROE,Irondequoit,3,,N,43.1891790,-77.5764033,7/10/14,17:45,INJURY,1,0,3,COLLISION WITH MOTOR VEHICLE,OTHER,NONE,DAYLIGHT,CLEAR,DRY
13984,34897781,MONROE,Webster,3,104 43035230,N,43.2137370,-77.5155469,8/21/13,18:12,PROPERTY DAMAGE AND INJURY,1,0,2,COLLISION WITH MOTOR VEHICLE,REAR END,TRAFFIC SIGNAL,DAYLIGHT,CLEAR,DRY
13984,35159581,MONROE,Gates,3,940L43011000,Y,43.1308570,-77.6898830,2/28/14,8:54,PROPERTY DAMAGE AND INJURY,1,0,2,COLLISION WITH MOTOR VEHICLE,RIGHT ANGLE,TRAFFIC SIGNAL,DAYLIGHT,CLEAR,SNOW/ICE
13984,35342175,MONROE,Rochester,1,,Y,43.1861840,-77.6388790,7/23/14,17:40,PROPERTY DAMAGE AND INJURY,3,0,2,COLLISION WITH MOTOR VEHICLE,REAR END,NONE,DAYLIGHT,CLEAR,DRY
13984,35374163,MONROE,Rochester,1,,N,43.1371320,-77.6581040,8/24/14,14:12,INJURY,1,0,2,COLLISION WITH MOTOR VEHICLE,RIGHT ANGLE,NONE,DAYLIGHT,CLEAR,DRY
13984,35273480,MONROE,Rochester,1,,Y,43.2385700,-77.6223930,5/29/14,23:28,PROPERTY DAMAGE AND INJURY,1,0,2,COLLISION WITH MOTOR VEHICLE,REAR END,NONE,DARK-ROAD LIGHTED,CLEAR,DRY
13984,35422568,MONROE,Rochester,1,,N,43.1922363,-77.5921494,10/2/14,7:42,PROPERTY DAMAGE AND INJURY,1,0,1,COLLISION WITH BICYCLIST,OTHER,NONE,DAYLIGHT,CLEAR,DRY
13984,35525861,MONROE,Greece,3,104 43031152,N,43.2102406,-77.7041252,12/18/14,17:58,PROPERTY DAMAGE AND INJURY,1,0,2,COLLISION WITH MOTOR VEHICLE,REAR END,TRAFFIC SIGNAL,DARK-ROAD LIGHTED,RAIN,WET
13984,35063523,MONROE,Greece,3,,N,43.2067609,-77.6761314,12/20/13,14:19,PROPERTY DAMAGE AND INJURY,2,0,5,COLLISION WITH MOTOR VEHICLE,OTHER,TRAFFIC SIGNAL,DAYLIGHT,RAIN,WET
13984,35392177,MONROE,Henrietta,3,,Y,43.0868900,-77.6582500,8/24/14,16:19,PROPERTY DAMAGE AND INJURY,1,0,2,COLLISION WITH OTHER PEDESTRIAN,OTHER,NONE,DAYLIGHT,CLEAR,DRY
13984,34822221,MONROE,Rochester,1,104 43032022,N,43.1929748,-77.6215698,6/22/13,14:30,PROPERTY DAMAGE AND INJURY,1,0,2,COLLISION WITH MOTOR VEHICLE,REAR END,NONE,DAYLIGHT,CLOUDY,DRY
13984,34887579,MONROE,Rochester,1,,N,43.1994480,-77.6269620,7/27/13,4:08,INJURY,1,0,1,OTHER NON-COLLISION,OTHER,NONE,DARK-ROAD LIGHTED,CLEAR,DRY
13984,34688919,MONROE,Henrietta,3, 15A43041100,Y,43.0686770,-77.6077280,3/5/13,17:43,PROPERTY DAMAGE AND INJURY,2,0,2,COLLISION WITH MOTOR VEHICLE,REAR END,TRAFFIC SIGNAL,DAYLIGHT,CLEAR,DRY
13984,35435435,MONROE,Rochester,1,490I43022039,N,43.1472440,-77.6017187,10/17/14,8:05,PROPERTY DAMAGE AND INJURY,1,0,2,COLLISION WITH MOTOR VEHICLE,OVERTAKING,NONE,DAYLIGHT,RAIN,WET
13984,35309532,MONROE,Webster,3,,Y,43.2055705,-77.5131791,6/27/14,23:30,PROPERTY DAMAGE AND INJURY,1,0,2,COLLISION WITH MOTOR VEHICLE,LEFT TURN (WITH OTHER CAR),TRAFFIC SIGNAL,DARK-ROAD LIGHTED,CLEAR,DRY
13984,35028354,MONROE,Webster,3,,N,43.2145840,-77.4910074,11/20/13,7:35,PROPERTY DAMAGE AND INJURY,2,0,2,COLLISION WITH MOTOR VEHICLE,REAR END,NONE,DAYLIGHT,CLEAR,DRY
13984,34842810,MONROE,Rochester,1,,Y,43.1494090,-77.5510840,7/8/13,17:35,INJURY,1,0,1,COLLISION WITH PEDESTRIAN,OTHER,STOP SIGN,DAYLIGHT,CLEAR,DRY
13984,34865356,MONROE,Irondequoit,3,,N,43.2028534,-77.6190358,7/17/13,20:10,PROPERTY DAMAGE AND INJURY,2,0,1,COLL. W/LIGHT SUPPORT/UTILITY POLE,OTHER,NONE,DAYLIGHT,CLEAR,DRY
13984,35525403,MONROE,Rochester,1,940M43011010,Y,43.1777920,-77.6311540,12/22/14,19:27,PROPERTY DAMAGE AND INJURY,1,0,2,COLLISION WITH MOTOR VEHICLE,RIGHT ANGLE,STOP SIGN,DARK-ROAD LIGHTED,CLEAR,DRY
13984,34776734,MONROE,Penfield,3,250 43011073,N,43.1407550,-77.4410785,4/12/13,1:30,INJURY,1,0,1,COLLISION WITH TREE,OTHER,NONE,DARK-ROAD UNLIGHTED,CLOUDY,DRY
13984,35467537,MONROE,Rochester,1,390I43036000,N,43.1276836,-77.6588130,11/6/14,17:30,PROPERTY DAMAGE AND INJURY,1,0,3,COLLISION WITH MOTOR VEHICLE,OTHER,NONE,DARK-ROAD LIGHTED,RAIN,WET
13984,34701285,MONROE,Brighton,3,490I43023011,N,43.1341354,-77.5305116,3/14/13,11:45,PROPERTY DAMAGE AND INJURY,1,0,2,COLLISION WITH MOTOR VEHICLE,REAR END,NONE,DAYLIGHT,CLEAR,DRY
13984,34822532,MONROE,Irondequoit,3,,Y,43.1719774,-77.5409768,6/18/13,12:00,PROPERTY DAMAGE AND INJURY,1,0,1,COLLISION WITH BICYCLIST,OTHER,NONE,DAYLIGHT,CLOUDY,DRY
13984,34839151,MONROE,Irondequoit,3,,Y,43.2474990,-77.5938050,7/6/13,23:20,PROPERTY DAMAGE AND INJURY,1,0,1,RAN OFF ROAD ONLY,OTHER,NONE,DARK-ROAD LIGHTED,CLOUDY,DRY
13984,34903313,MONROE,Rochester,1,,Y,43.1774765,-77.5905594,8/25/13,20:57,INJURY,1,0,1,COLLISION WITH BICYCLIST,OTHER,NONE,DARK-ROAD LIGHTED,CLEAR,DRY
13984,34887693,MONROE,Brighton,3, 96 43051087,Y,43.1284510,-77.5289370,8/14/13,7:13,INJURY,1,0,1,COLLISION WITH BICYCLIST,OTHER,TRAFFIC SIGNAL,DAYLIGHT,CLOUDY,WET
13984,35377123,MONROE,Rochester,1, 31 43032026,N,43.1595044,-77.6271510,8/22/14,22:59,PROPERTY DAMAGE AND INJURY,2,0,2,COLLISION WITH PEDESTRIAN,OTHER,NONE,DARK-ROAD LIGHTED,FOG/SMOG/SMOKE,DRY
13984,35036846,MONROE,Penfield,3,404 43035054,N,43.1861028,-77.5059074,12/6/13,17:49,PROPERTY DAMAGE AND INJURY,2,0,3,COLLISION WITH MOTOR VEHICLE,OTHER,NONE,DARK-ROAD UNLIGHTED,CLOUDY,DRY
13984,35272861,MONROE,Brighton,3, 15A43041125,Y,43.1027870,-77.6152590,5/29/14,15:06,INJURY,1,0,1,OVERTURNED,OTHER,TRAFFIC SIGNAL,DAYLIGHT,CLOUDY,DRY
13984,35264374,MONROE,Wheatland,3,253 43011003,N,43.0288438,-77.7371027,5/18/14,17:57,PROPERTY DAMAGE AND INJURY,1,0,1,COLLISION WITH FENCE,OTHER,NO PASSING ZONE,DAYLIGHT,CLEAR,DRY
13984,34847503,MONROE,Irondequoit,3, 18 43035011,N,43.2104698,-77.5493790,7/12/13,2:15,PROPERTY DAMAGE AND INJURY,1,0,1,COLLISION WITH GUIDE RAIL,OTHER,HIGHWAY WORK AREA,DARK-ROAD LIGHTED,CLEAR,DRY
13984,34964327,MONROE,Parma,3,104 43031098,N,43.2185806,-77.8124148,9/24/13,18:30,FATAL,0,1,2,COLLISION WITH MOTOR VEHICLE,OVERTAKING,NONE,DAYLIGHT,CLOUDY,DRY
13984,34865355,MONROE,Irondequoit,3,,N,43.1963619,-77.5767794,7/17/13,16:00,INJURY,1,0,3,COLLISION WITH MOTOR VEHICLE,OTHER,TRAFFIC SIGNAL,DAYLIGHT,CLEAR,DRY
13984,34917952,MONROE,Gates,3,390 43011009,N,43.1690034,-77.6832156,9/6/13,7:13,PROPERTY DAMAGE AND INJURY,1,0,2,COLLISION WITH MOTOR VEHICLE,REAR END,NONE,DAYLIGHT,CLEAR,DRY
13984,35429475,MONROE,Rochester,1,940K43011003,N,43.1558470,-77.6595928,10/13/14,13:25,PROPERTY DAMAGE AND INJURY,1,0,2,COLLISION WITH MOTOR VEHICLE,REAR END,YIELD SIGN,DAYLIGHT,CLOUDY,WET
13984,34907779,MONROE,Sweden,3, 31 43031046,N,43.1983588,-77.9439138,8/28/13,15:19,PROPERTY DAMAGE AND INJURY,1,0,3,COLLISION WITH MOTOR VEHICLE,OTHER,NONE,DAYLIGHT,CLEAR,DRY
13984,35197274,MONROE,Greece,3,,N,43.2064664,-77.6795183,3/27/14,14:24,PROPERTY DAMAGE AND INJURY,1,0,2,COLLISION WITH MOTOR VEHICLE,RIGHT ANGLE,STOP SIGN,DAYLIGHT,CLOUDY,DRY
13984,35037447,MONROE,Rochester,1,,Y,43.1564500,-77.6411360,12/6/13,19:16,PROPERTY DAMAGE AND INJURY,1,0,1,COLL. W/LIGHT SUPPORT/UTILITY POLE,OTHER,STOP SIGN,DARK-ROAD LIGHTED,CLOUDY,DRY
13984,35501520,MONROE,Gates,3, 31 43031169,Y,43.1717810,-77.7118090,12/4/14,11:31,PROPERTY DAMAGE AND INJURY,1,0,2,COLLISION WITH MOTOR VEHICLE,RIGHT ANGLE,NONE,DAYLIGHT,CLEAR,DRY
13984,35428070,MONROE,Webster,3,104 43035247,N,43.2138099,-77.4826047,9/26/14,16:36,INJURY,1,0,1,OVERTURNED,OTHER,NONE,DAYLIGHT,CLOUDY,DRY
13984,34963730,MONROE,Greece,3,,N,43.2434915,-77.6965763,10/4/13,15:52,PROPERTY DAMAGE AND INJURY,2,0,4,COLLISION WITH MOTOR VEHICLE,OTHER,NONE,DAYLIGHT,CLEAR,DRY
13984,35486143,MONROE,Henrietta,3, 15A43041100,Y,43.0686770,-77.6077280,11/1/14,7:20,PROPERTY DAMAGE AND INJURY,1,0,2,COLLISION WITH MOTOR VEHICLE,RIGHT ANGLE,TRAFFIC SIGNAL,DARK-ROAD LIGHTED,RAIN,WET
13984,35305688,MONROE,Rochester,1,104 43032034,N,43.1921862,-77.5984655,6/23/14,10:26,PROPERTY DAMAGE AND INJURY,1,0,2,COLLISION WITH MOTOR VEHICLE,OVERTAKING,NONE,DAYLIGHT,CLEAR,DRY
13984,34921914,MONROE,Greece,3,,N,43.1927831,-77.6753532,9/13/13,19:46,PROPERTY DAMAGE AND INJURY,2,0,2,COLLISION WITH MOTOR VEHICLE,HEAD ON,NONE,DARK-ROAD UNLIGHTED,RAIN,WET
13984,35374166,MONROE,Rochester,1,,Y,43.1751440,-77.6058970,8/23/14,15:29,INJURY,1,0,2,COLLISION WITH MOTOR VEHICLE,REAR END,NONE,DAYLIGHT,CLEAR,DRY
13984,34872111,MONROE,Rochester,1,104 43032019,Y,43.1941810,-77.6272440,7/1/13,9:00,PROPERTY DAMAGE AND INJURY,1,0,2,COLLISION WITH MOTOR VEHICLE,REAR END,UNKNOWN,UNKNOWN,UNKNOWN,UNKNOWN
13984,35219199,MONROE,Rochester,1, 33 43032024,N,43.1521504,-77.6279927,4/8/14,14:45,FATAL,1,1,2,COLLISION WITH MOTOR VEHICLE,SIDESWIPE,TRAFFIC SIGNAL,DAYLIGHT,RAIN,WET
13984,35311501,MONROE,Rochester,1, 33A43022010,Y,43.1466590,-77.6470100,6/27/14,9:10,PROPERTY DAMAGE AND INJURY,2,0,2,COLLISION WITH MOTOR VEHICLE,LEFT TURN (AGAINST OTHER CAR),STOP SIGN,DAYLIGHT,CLEAR,DRY
13984,34834040,MONROE,Penfield,3,,N,43.1952070,-77.5078881,7/1/13,18:20,PROPERTY DAMAGE AND INJURY,1,0,2,COLLISION WITH MOTOR VEHICLE,REAR END,NONE,DAYLIGHT,RAIN,WET
13984,34756864,MONROE,Rochester,1,,Y,43.1732800,-77.6075530,4/30/13,12:34,PROPERTY DAMAGE AND INJURY,2,0,1,COLLISION WITH TREE,OTHER,NONE,DAYLIGHT,CLEAR,DRY
13984,34723429,MONROE,Greece,3,,Y,43.2237380,-77.6404510,4/6/13,15:38,PROPERTY DAMAGE AND INJURY,1,0,2,COLLISION WITH MOTOR VEHICLE,RIGHT ANGLE,STOP SIGN,DAYLIGHT,CLEAR,DRY
13984,35332990,MONROE,Irondequoit,3,,Y,43.2027150,-77.5643610,7/19/14,15:47,INJURY,2,0,2,COLLISION WITH MOTOR VEHICLE,LEFT TURN (AGAINST OTHER CAR),STOP SIGN,DAYLIGHT,RAIN,WET
13984,34794851,MONROE,Gates,3, 33 43031120,Y,43.1470730,-77.7112370,5/30/13,16:41,PROPERTY DAMAGE AND INJURY,1,0,3,COLLISION WITH MOTOR VEHICLE,OTHER,TRAFFIC SIGNAL,DAYLIGHT,CLEAR,DRY
13984,34941086,MONROE,Scottsville,4,,Y,43.0283030,-77.7530750,9/16/13,19:19,PROPERTY DAMAGE AND INJURY,1,0,2,COLLISION WITH MOTOR VEHICLE,RIGHT ANGLE,STOP SIGN,DAWN,CLEAR,DRY
13984,34900367,MONROE,Henrietta,3,390I43031090,N,43.0611187,-77.6400469,7/28/13,18:48,FATAL,0,1,2,COLLISION WITH PEDESTRIAN,OTHER,NONE,DAYLIGHT,CLOUDY,DRY
13984,35293108,MONROE,Webster,3,,Y,43.2209648,-77.3949980,6/3/14,20:43,PROPERTY DAMAGE AND INJURY,1,0,1,COLLISION WITH DEER,OTHER,NONE,DUSK,CLOUDY,DRY
13984,35075361,MONROE,Ogden,3,531 43012057,N,43.1602515,-77.7557212,1/8/14,16:55,PROPERTY DAMAGE AND INJURY,1,0,1,COLL. W/EARTH ELE./ROCK CUT/DITCH,OTHER,NONE,DUSK,CLOUDY,WET
13984,35234358,MONROE,Brighton,3, 31 43033020,N,43.1129959,-77.5503080,4/24/14,17:53,PROPERTY DAMAGE AND INJURY,2,0,2,COLLISION WITH MOTOR VEHICLE,REAR END,NONE,DAYLIGHT,CLEAR,DRY
13984,35505877,MONROE,Perinton,3, 31 43033101,N,43.0644937,-77.4110370,12/5/14,17:56,INJURY,1,0,2,COLLISION WITH MOTOR VEHICLE,REAR END,NONE,DARK-ROAD LIGHTED,CLEAR,DRY
13984,34819311,MONROE,Brighton,3, 15A43041127,Y,43.1060350,-77.6157480,6/19/13,8:36,PROPERTY DAMAGE AND INJURY,1,0,4,COLLISION WITH MOTOR VEHICLE,OTHER,TRAFFIC SIGNAL,DAYLIGHT,CLEAR,DRY
13984,34869127,MONROE,Henrietta,3,253 43011060,Y,43.0586743,-77.6520633,7/23/13,15:58,PROPERTY DAMAGE AND INJURY,1,0,2,COLLISION WITH MOTOR VEHICLE,REAR END,TRAFFIC SIGNAL,DAYLIGHT,CLEAR,DRY
13984,34883466,MONROE,Rochester,1,,Y,43.1951050,-77.6089710,8/3/13,11:04,INJURY,1,0,2,COLLISION WITH OTHER PEDESTRIAN,OTHER,TRAFFIC SIGNAL,DAYLIGHT,CLEAR,DRY
13984,35470346,MONROE,Rochester,1,104 43032019,Y,43.1941810,-77.6272440,10/17/14,11:18,INJURY,4,0,2,COLLISION WITH MOTOR VEHICLE,REAR END,NONE,DAYLIGHT,CLOUDY,WET
13984,34927190,MONROE,Clarkson,3,,N,43.2445573,-77.9200915,9/17/13,7:18,PROPERTY DAMAGE AND INJURY,1,0,2,COLLISION WITH MOTOR VEHICLE,REAR END,NONE,DAYLIGHT,CLEAR,DRY
13984,35479743,MONROE,Rochester,1,,N,43.1702631,-77.6116266,11/7/14,12:05,INJURY,1,0,1,COLLISION WITH PEDESTRIAN,OTHER,NONE,DAYLIGHT,SLEET/HAIL/FREEZING RAIN,WET