QUERYID,CASE #,REGN_CNTY_CDE,Municipality,MUNITYPE,REF_MRKR,ATINTERSECTION_IND,Lat,Long,,Time,Crash Type,Injuries,Fatalities,Number of Vehicles,ACCD_TYP,COLLISION_TYP,TRAF_CNTL,Light Condition,Weather Condition,Road Surface Condition
13984,35360114,MONROE,Rochester,1,,Y,43.1711240,-77.5763600,8/10/14,21:46,INJURY,1,0,2,COLLISION WITH MOTOR VEHICLE,RIGHT ANGLE,STOP SIGN,DARK-ROAD LIGHTED,CLEAR,DRY
13984,35409562,MONROE,Greece,3,,Y,43.2236580,-77.6777730,9/20/14,18:39,PROPERTY DAMAGE AND INJURY,4,0,2,COLLISION WITH MOTOR VEHICLE,LEFT TURN (WITH OTHER CAR),TRAFFIC SIGNAL,DAYLIGHT,CLEAR,DRY
13984,35368728,MONROE,Rochester,1,,Y,43.1248465,-77.6142538,7/13/14,21:29,INJURY,1,0,1,COLLISION WITH PEDESTRIAN,OTHER,NONE,DARK-ROAD LIGHTED,CLOUDY,DRY
13984,35394711,MONROE,Irondequoit,3,590 43013015,Y,43.1881043,-77.5440474,9/10/14,17:48,PROPERTY DAMAGE AND INJURY,2,0,3,COLLISION WITH MOTOR VEHICLE,OTHER,NONE,DAYLIGHT,CLOUDY,DRY
13984,34975752,MONROE,Irondequoit,3,,N,43.2110398,-77.5857353,10/23/13,10:35,PROPERTY DAMAGE AND INJURY,1,0,4,COLLISION WITH MOTOR VEHICLE,OTHER,TRAFFIC SIGNAL,DAYLIGHT,CLOUDY,DRY
13984,35078572,MONROE,Henrietta,3,,N,43.0826630,-77.5819128,1/6/14,15:44,PROPERTY DAMAGE AND INJURY,1,0,3,COLLISION WITH MOTOR VEHICLE,OTHER,STOP SIGN,DAYLIGHT,SNOW,SNOW/ICE
13984,34887590,MONROE,Rochester,1, 15 43032009,Y,43.1265150,-77.6165320,8/12/13,12:42,PROPERTY DAMAGE AND INJURY,2,0,2,COLLISION WITH MOTOR VEHICLE,REAR END,NONE,DAYLIGHT,CLEAR,DRY
13984,35176283,MONROE,Rochester,1, 33A43022010,Y,43.1470620,-77.6458150,3/13/14,14:15,INJURY,1,0,2,COLLISION WITH MOTOR VEHICLE,HEAD ON,STOP SIGN,DAYLIGHT,CLEAR,SNOW/ICE
13984,34794813,MONROE,Chili,3,,N,43.1056529,-77.6805780,4/11/13,7:05,INJURY,1,0,1,COLLISION WITH PEDESTRIAN,OTHER,OTHER,DAWN,RAIN,WET
13984,35005320,MONROE,Rochester,1,940K43011005,N,43.1588414,-77.6595691,11/11/13,18:34,PROPERTY DAMAGE AND INJURY,1,0,2,COLLISION WITH MOTOR VEHICLE,RIGHT ANGLE,NONE,DARK-ROAD LIGHTED,SLEET/HAIL/FREEZING RAIN,WET
13984,35447953,MONROE,Pittsford,3,,N,43.0376631,-77.5350343,10/21/14,13:41,PROPERTY DAMAGE AND INJURY,1,0,1,OVERTURNED,OTHER,NONE,DAYLIGHT,RAIN,WET
13984,34775952,MONROE,Ogden,3,531 43012058,N,43.1602372,-77.7545973,5/9/13,5:50,INJURY,1,0,1,COLLISION WITH GUIDE RAIL,OTHER,NONE,DAWN,RAIN,WET
13984,35238352,MONROE,Riga,3,490I43021056,N,43.0965925,-77.8740450,4/27/14,1:10,PROPERTY DAMAGE AND INJURY,1,0,1,COLL. W/EARTH ELE./ROCK CUT/DITCH,OTHER,NONE,DARK-ROAD UNLIGHTED,RAIN,WET
13984,35208093,MONROE,Henrietta,3, 15 43031085,N,43.0553085,-77.6539038,4/4/14,16:37,PROPERTY DAMAGE AND INJURY,1,0,2,COLLISION WITH MOTOR VEHICLE,REAR END,NONE,DAYLIGHT,RAIN,WET
13984,35306297,MONROE,Irondequoit,3,,Y,43.2052970,-77.6173100,6/23/14,18:45,PROPERTY DAMAGE AND INJURY,2,0,1,COLLISION WITH BICYCLIST,OTHER,NONE,DAYLIGHT,CLEAR,DRY
13984,35335660,MONROE,Wheatland,3,,N,43.0299113,-77.8923286,7/21/14,11:10,PROPERTY DAMAGE AND INJURY,1,0,1,OTHER NON-COLLISION,OTHER,NONE,DAYLIGHT,CLOUDY,DRY
13984,34748904,MONROE,Henrietta,3,253 43011062,N,43.0587480,-77.6474881,4/25/13,16:55,INJURY,1,0,3,COLLISION WITH MOTOR VEHICLE,OTHER,NONE,DAYLIGHT,CLOUDY,DRY
13984,35370029,MONROE,Chili,3,,N,43.0422076,-77.7947274,8/19/14,10:40,PROPERTY DAMAGE AND INJURY,2,0,1,COLL. W/EARTH ELE./ROCK CUT/DITCH,OTHER,NONE,DAYLIGHT,CLOUDY,DRY
13984,35103966,MONROE,Chili,3,,Y,43.1066740,-77.7323380,1/24/14,7:41,PROPERTY DAMAGE AND INJURY,1,0,2,COLLISION WITH MOTOR VEHICLE,RIGHT ANGLE,TRAFFIC SIGNAL,DAWN,CLOUDY,WET
13984,34973215,MONROE,Webster,3,,N,43.2140117,-77.4190650,10/14/13,17:45,PROPERTY DAMAGE AND INJURY,1,0,2,COLLISION WITH MOTOR VEHICLE,LEFT TURN (AGAINST OTHER CAR),TRAFFIC SIGNAL,DAYLIGHT,CLOUDY,DRY
13984,35332939,MONROE,Henrietta,3,,N,43.0783656,-77.6283873,7/18/14,14:48,PROPERTY DAMAGE AND INJURY,1,0,2,COLLISION WITH MOTOR VEHICLE,RIGHT ANGLE,NONE,DAYLIGHT,CLEAR,DRY
13984,34760973,MONROE,Rochester,1,,N,43.1566676,-77.6191086,4/19/13,17:49,PROPERTY DAMAGE AND INJURY,1,0,2,COLLISION WITH MOTOR VEHICLE,REAR END,NONE,DAYLIGHT,CLOUDY,DRY
13984,35381493,MONROE,Rochester,1,,Y,43.1938402,-77.6389302,8/22/14,21:22,PROPERTY DAMAGE AND INJURY,1,0,2,COLLISION WITH MOTOR VEHICLE,REAR END,NONE,DARK-ROAD LIGHTED,CLEAR,DRY
13984,35523185,MONROE,Hamlin,3,360 43011046,Y,43.3106842,-77.9227893,12/19/14,12:45,PROPERTY DAMAGE AND INJURY,1,0,2,COLLISION WITH MOTOR VEHICLE,REAR END,NONE,DAYLIGHT,CLOUDY,DRY
13984,35029954,MONROE,Brighton,3, 31 43033008,Y,43.1270970,-77.5653270,12/4/13,11:28,PROPERTY DAMAGE AND INJURY,1,0,2,COLLISION WITH MOTOR VEHICLE,LEFT TURN (WITH OTHER CAR),TRAFFIC SIGNAL,DAYLIGHT,CLEAR,DRY
13984,34788738,MONROE,Henrietta,3,390I43031088,N,43.0588600,-77.6413269,5/28/13,7:50,INJURY,1,0,2,COLLISION WITH MOTOR VEHICLE,REAR END,YIELD SIGN,DAYLIGHT,CLOUDY,DRY
13984,35250093,MONROE,Webster,3,404 43035074,N,43.2044432,-77.4795784,5/6/14,17:17,PROPERTY DAMAGE AND INJURY,1,0,2,COLLISION WITH MOTOR VEHICLE,REAR END,NONE,DAYLIGHT,CLEAR,DRY
13984,35318794,MONROE,Rochester,1, 18 43032002,N,43.2142935,-77.6398156,7/3/14,19:02,INJURY,1,0,1,COLLISION WITH BICYCLIST,OTHER,NONE,DAYLIGHT,CLOUDY,DRY
13984,34958212,MONROE,Rochester,1,,Y,43.1792540,-77.6481980,10/11/13,7:46,INJURY,1,0,2,COLLISION WITH MOTOR VEHICLE,REAR END,TRAFFIC SIGNAL,DAYLIGHT,CLEAR,DRY
13984,35159466,MONROE,Rochester,1,,Y,43.1461820,-77.6021890,2/19/14,8:14,PROPERTY DAMAGE AND INJURY,1,0,2,COLLISION WITH MOTOR VEHICLE,RIGHT ANGLE,TRAFFIC SIGNAL,DAYLIGHT,CLEAR,WET
13984,34732333,MONROE,Rochester,1,,N,43.1500328,-77.6360905,4/9/13,14:48,INJURY,1,0,1,COLLISION WITH PEDESTRIAN,OTHER,NONE,DAYLIGHT,CLEAR,DRY
13984,35179977,MONROE,Brighton,3, 31 43033015,N,43.1198648,-77.5572870,3/14/14,17:04,PROPERTY DAMAGE AND INJURY,1,0,2,COLLISION WITH MOTOR VEHICLE,REAR END,NONE,DAYLIGHT,CLOUDY,DRY
13984,35046117,MONROE,Rochester,1,,N,43.1869973,-77.6137044,12/16/13,13:58,INJURY,1,0,2,COLLISION WITH MOTOR VEHICLE,REAR END,NONE,DAYLIGHT,SNOW,SNOW/ICE
13984,35113181,MONROE,Irondequoit,3,590 43013017,N,43.1910873,-77.5447385,1/22/14,16:19,PROPERTY DAMAGE AND INJURY,1,0,2,COLLISION WITH MOTOR VEHICLE,REAR END,NONE,DAYLIGHT,CLOUDY,WET
13984,34800534,MONROE,Greece,3,104 43031160,Y,43.2096040,-77.6936011,6/5/13,22:09,PROPERTY DAMAGE AND INJURY,1,0,1,COLLISION WITH CURBING,OTHER,TRAFFIC SIGNAL,DARK-ROAD LIGHTED,CLEAR,DRY
13984,34823438,MONROE,Brighton,3,,Y,43.1314060,-77.5629670,6/23/13,14:51,PROPERTY DAMAGE AND INJURY,1,0,1,COLLISION WITH BICYCLIST,OTHER,STOP SIGN,DAYLIGHT,CLOUDY,DRY
13984,34942285,MONROE,Greece,3,,N,43.2067670,-77.6761679,8/22/13,9:09,INJURY,1,0,2,COLLISION WITH MOTOR VEHICLE,REAR END,NONE,DAYLIGHT,CLEAR,DRY
13984,34847673,MONROE,Chili,3,259 43011005,N,43.0996012,-77.8000004,7/4/13,14:39,INJURY,1,0,1,COLL. W/LIGHT SUPPORT/UTILITY POLE,OTHER,NONE,DAYLIGHT,CLOUDY,DRY
13984,35006732,MONROE,Rochester,1,,Y,43.1461640,-77.6360491,11/16/13,14:58,PROPERTY DAMAGE AND INJURY,1,0,1,COLLISION WITH BICYCLIST,OTHER,NONE,DAYLIGHT,CLEAR,DRY
13984,35329562,MONROE,Rochester,1,383 43012011,N,43.1335765,-77.6311062,7/4/14,15:54,PROPERTY DAMAGE AND INJURY,1,0,1,COLLISION WITH PEDESTRIAN,OTHER,NONE,DAYLIGHT,CLEAR,DRY
13984,35056954,MONROE,Webster,3,104 43035264,N,43.2154190,-77.4489005,12/23/13,13:35,INJURY,1,0,2,COLLISION WITH MOTOR VEHICLE,REAR END,NONE,DAYLIGHT,RAIN,WET
13984,35084477,MONROE,Greece,3, 18 43031214,N,43.2394372,-77.6468367,12/9/13,9:10,INJURY,1,0,1,COLLISION WITH PEDESTRIAN,OTHER,NONE,DAYLIGHT,CLOUDY,WET
13984,34890592,MONROE,Brighton,3,,N,43.0948577,-77.6109462,8/1/13,10:36,PROPERTY DAMAGE AND INJURY,1,0,2,COLLISION WITH MOTOR VEHICLE,RIGHT ANGLE,NONE,DAYLIGHT,CLOUDY,WET
13984,35179983,MONROE,Brighton,3,,N,43.1266217,-77.5592135,3/14/14,16:54,INJURY,3,0,2,COLLISION WITH MOTOR VEHICLE,REAR END,TRAFFIC SIGNAL,DAYLIGHT,CLEAR,DRY
13984,35037419,MONROE,Rochester,1,940M43011017,Y,43.1891060,-77.6301426,11/22/13,5:45,INJURY,1,0,2,COLLISION WITH MOTOR VEHICLE,OVERTAKING,NONE,DARK-ROAD LIGHTED,SNOW,SNOW/ICE
13984,35062311,MONROE,Perinton,3,,Y,43.1033240,-77.4321200,12/27/13,14:18,PROPERTY DAMAGE AND INJURY,1,0,2,COLLISION WITH MOTOR VEHICLE,RIGHT ANGLE,NONE,DAYLIGHT,CLEAR,WET
13984,34955707,MONROE,Rochester,1,,Y,43.1628000,-77.6069700,10/3/13,17:46,INJURY,1,0,1,COLLISION WITH BICYCLIST,OTHER,TRAFFIC SIGNAL,DAYLIGHT,CLEAR,DRY
13984,34877655,MONROE,Webster,4,250 43011127,N,43.2165038,-77.4301851,8/2/13,8:40,INJURY,1,0,2,COLLISION WITH MOTOR VEHICLE,REAR END,YIELD SIGN,DAYLIGHT,CLEAR,DRY
13984,35179986,MONROE,Brighton,3, 31 43033019,N,43.1148440,-77.5520960,3/14/14,12:58,PROPERTY DAMAGE AND INJURY,1,0,2,COLLISION WITH MOTOR VEHICLE,OVERTAKING,TRAFFIC SIGNAL,DAYLIGHT,CLOUDY,WET
13984,35233053,MONROE,Perinton,3,,N,43.0662466,-77.4350813,4/17/14,18:32,INJURY,1,0,1,COLLISION WITH PEDESTRIAN,OTHER,NONE,DAYLIGHT,CLEAR,DRY
13984,34829063,MONROE,Rochester,1,104 43032023,N,43.1917476,-77.6188246,6/28/13,14:59,INJURY,1,0,2,COLLISION WITH MOTOR VEHICLE,REAR END,NONE,DAYLIGHT,RAIN,WET
13984,34820548,MONROE,Rochester,1, 31 43032047,Y,43.1477710,-77.5958300,6/17/13,12:25,INJURY,1,0,1,COLLISION WITH BICYCLIST,OTHER,TRAFFIC SIGNAL,DAYLIGHT,CLEAR,DRY
13984,34817704,MONROE,Rochester,1,,Y,43.1769150,-77.6394610,6/16/13,21:57,PROPERTY DAMAGE AND INJURY,2,0,2,COLLISION WITH MOTOR VEHICLE,LEFT TURN (AGAINST OTHER CAR),NONE,DARK-ROAD LIGHTED,CLEAR,DRY
13984,34827901,MONROE,Rochester,1,590 43012006,N,43.1666041,-77.5386860,6/27/13,4:19,PROPERTY DAMAGE AND INJURY,1,0,2,COLLISION WITH MOTOR VEHICLE,REAR END,NONE,DAYLIGHT,CLOUDY,DRY
13984,34833097,MONROE,Irondequoit,3,404 43035033,Y,43.1770230,-77.5365981,6/4/13,8:45,PROPERTY DAMAGE AND INJURY,2,0,2,COLLISION WITH MOTOR VEHICLE,UNKNOWN,NONE,DAYLIGHT,CLEAR,DRY
13984,34737282,MONROE,Greece,3,,N,43.1889346,-77.6924436,3/25/13,7:15,PROPERTY DAMAGE AND INJURY,1,0,2,COLLISION WITH MOTOR VEHICLE,REAR END,UNKNOWN,DAYLIGHT,CLEAR,DRY
13984,35368712,MONROE,Rochester,1,,N,43.1928843,-77.6180055,8/9/14,16:28,INJURY,1,0,1,COLLISION WITH BICYCLIST,OTHER,NONE,DAYLIGHT,CLEAR,DRY
13984,35457438,MONROE,Rochester,1, 33A43022008,N,43.1453880,-77.6507474,10/15/14,9:26,INJURY,3,0,2,COLLISION WITH MOTOR VEHICLE,RIGHT ANGLE,NONE,DAYLIGHT,RAIN,WET
13984,35202086,MONROE,Pittsford,3, 31F43011006,N,43.1108270,-77.5070420,3/31/14,10:16,FATAL,1,1,2,COLLISION WITH MOTOR VEHICLE,RIGHT ANGLE,TRAFFIC SIGNAL,DAYLIGHT,CLEAR,DRY
13984,35393434,MONROE,Rochester,1,940M43011002,Y,43.1674170,-77.6253510,9/2/14,14:57,INJURY,1,0,1,COLLISION WITH BICYCLIST,OTHER,TRAFFIC SIGNAL,DAYLIGHT,CLOUDY,DRY
13984,34699159,MONROE,Rochester,1,,Y,43.1971550,-77.6388230,3/11/13,21:53,INJURY,1,0,1,COLLISION WITH BICYCLIST,OTHER,TRAFFIC SIGNAL,DARK-ROAD LIGHTED,CLEAR,DRY
13984,35029040,MONROE,Brighton,3, 15 43031127,Y,43.1118240,-77.6238730,12/2/13,10:02,INJURY,2,0,2,COLLISION WITH MOTOR VEHICLE,RIGHT ANGLE,TRAFFIC SIGNAL,DAYLIGHT,CLOUDY,WET
13984,34953217,MONROE,Penfield,3,,Y,43.1331480,-77.4922770,9/20/13,11:51,INJURY,1,0,2,COLLISION WITH MOTOR VEHICLE,REAR END,TRAFFIC SIGNAL,DAYLIGHT,CLEAR,DRY
13984,34911606,MONROE,Chili,3, 33A43021106,Y,43.1077140,-77.7450210,8/30/13,18:00,PROPERTY DAMAGE AND INJURY,1,0,2,COLLISION WITH MOTOR VEHICLE,REAR END,NONE,DAYLIGHT,CLEAR,DRY
13984,35530634,MONROE,Rochester,1,,Y,43.1578560,-77.6031790,12/20/14,9:11,INJURY,1,0,2,COLLISION WITH MOTOR VEHICLE,REAR END,TRAFFIC SIGNAL,DAYLIGHT,CLOUDY,DRY
13984,35016668,MONROE,Greece,3,,Y,43.2577290,-77.6964150,11/23/13,17:53,PROPERTY DAMAGE AND INJURY,2,0,3,COLLISION WITH MOTOR VEHICLE,OTHER,TRAFFIC SIGNAL,DARK-ROAD LIGHTED,SNOW,SNOW/ICE
13984,34700059,MONROE,Rochester,1,,Y,43.1804640,-77.6136420,3/18/13,20:33,PROPERTY DAMAGE AND INJURY,1,0,2,COLLISION WITH MOTOR VEHICLE,REAR END,TRAFFIC SIGNAL,DARK-ROAD LIGHTED,SNOW,SNOW/ICE
13984,34949962,MONROE,Rochester,1, 31 43032038,Y,43.1547340,-77.6080190,10/2/13,15:57,PROPERTY DAMAGE AND INJURY,1,0,2,COLLISION WITH MOTOR VEHICLE,RIGHT TURN (WITH OTHER CAR),TRAFFIC SIGNAL,DAYLIGHT,CLEAR,DRY
13984,35286814,MONROE,Irondequoit,3,,Y,43.2275930,-77.5468500,6/9/14,22:34,PROPERTY DAMAGE AND INJURY,1,0,2,COLLISION WITH MOTOR VEHICLE,HEAD ON,TRAFFIC SIGNAL,DARK-ROAD LIGHTED,CLOUDY,WET
13984,35245416,MONROE,Brighton,3,390I43031144,Y,43.1106102,-77.6205649,4/30/14,7:39,PROPERTY DAMAGE AND INJURY,1,0,1,COLL. W/EARTH ELE./ROCK CUT/DITCH,OTHER,NONE,DAYLIGHT,CLOUDY,DRY
13984,35078608,MONROE,Gates,3,386 43011100,N,43.1442573,-77.7323087,1/12/14,12:47,PROPERTY DAMAGE AND INJURY,1,0,2,COLLISION WITH MOTOR VEHICLE,RIGHT ANGLE,NONE,DAYLIGHT,CLOUDY,WET
13984,35403649,MONROE,Greece,3,,Y,43.2051890,-77.6662890,9/18/14,16:35,INJURY,2,0,2,COLLISION WITH MOTOR VEHICLE,REAR END,TRAFFIC SIGNAL,DAYLIGHT,CLOUDY,DRY
13984,35245419,MONROE,Rochester,1,490I43022040,N,43.1472505,-77.6014825,5/1/14,21:40,PROPERTY DAMAGE AND INJURY,1,0,2,COLLISION WITH MOTOR VEHICLE,REAR END,NONE,DARK-ROAD LIGHTED,CLEAR,DRY
13984,34704442,MONROE,Henrietta,3,,Y,43.0723440,-77.6650380,3/20/13,13:42,PROPERTY DAMAGE AND INJURY,2,0,2,COLLISION WITH MOTOR VEHICLE,LEFT TURN (AGAINST OTHER CAR),TRAFFIC SIGNAL,DAYLIGHT,CLOUDY,DRY
13984,35285308,MONROE,Greece,3,,Y,43.2634950,-77.6277030,6/6/14,23:24,PROPERTY DAMAGE AND INJURY,1,0,2,COLLISION WITH MOTOR VEHICLE,OVERTAKING,STOP SIGN,DARK-ROAD LIGHTED,CLEAR,WET
13984,34884377,MONROE,Rochester,1, 96 43052031,Y,43.1576070,-77.6043320,8/5/13,13:20,INJURY,2,0,2,COLLISION WITH MOTOR VEHICLE,REAR END,TRAFFIC SIGNAL,DAYLIGHT,CLEAR,DRY
13984,35263676,MONROE,Rochester,1, 31 43032019,N,43.1646277,-77.6386214,5/6/14,17:11,PROPERTY DAMAGE AND INJURY,1,0,2,COLLISION WITH MOTOR VEHICLE,OVERTAKING,NONE,DAYLIGHT,CLEAR,DRY
13984,34816023,MONROE,Rochester,1,,Y,43.1792120,-77.6590790,6/14/13,15:55,INJURY,1,0,2,COLLISION WITH MOTOR VEHICLE,REAR END,TRAFFIC SIGNAL,DAYLIGHT,CLEAR,DRY
13984,35136979,MONROE,Riga,3,490I43021080,N,43.0942729,-77.8266324,2/5/14,14:55,PROPERTY DAMAGE AND INJURY,1,0,2,COLLISION WITH MOTOR VEHICLE,RIGHT ANGLE,TRAFFIC SIGNAL,DAYLIGHT,SNOW,SNOW/ICE
13984,34985012,MONROE,Penfield,3,441 43011038,N,43.1313548,-77.4692326,10/30/13,8:29,PROPERTY DAMAGE AND INJURY,1,0,3,COLLISION WITH MOTOR VEHICLE,OTHER,NONE,DAYLIGHT,CLOUDY,WET
13984,34772797,MONROE,Webster,4,104 43035096,N,43.2114554,-77.4368973,5/13/13,13:44,PROPERTY DAMAGE AND INJURY,1,0,2,COLLISION WITH MOTOR VEHICLE,REAR END,NONE,DAYLIGHT,CLOUDY,DRY
13984,34755193,MONROE,Greece,3,,Y,43.2433070,-77.6591530,4/29/13,19:00,INJURY,1,0,1,RAN OFF ROAD ONLY,OTHER,NONE,DAYLIGHT,CLEAR,DRY
13984,35435025,MONROE,Rochester,1, 31 43032018,Y,43.1646280,-77.6396470,10/15/14,13:12,INJURY,1,0,2,COLLISION WITH MOTOR VEHICLE,REAR END,NONE,DAYLIGHT,CLOUDY,WET
13984,35384361,MONROE,Rochester,1,,Y,43.1690070,-77.6454451,8/29/14,18:27,INJURY,1,0,1,COLLISION WITH BICYCLIST,OTHER,NONE,DAYLIGHT,CLEAR,DRY
13984,35308288,MONROE,Perinton,3,490I43023058,N,43.0787537,-77.4854025,6/17/14,21:16,PROPERTY DAMAGE AND INJURY,1,0,2,COLLISION WITH GUIDE RAIL,HEAD ON,NONE,DARK-ROAD LIGHTED,RAIN,FLOODED WATER
13984,35321761,MONROE,Brighton,3,252 43011047,N,43.0923478,-77.6792904,7/3/14,14:47,PROPERTY DAMAGE AND INJURY,1,0,2,COLLISION WITH MOTOR VEHICLE,RIGHT ANGLE,TRAFFIC SIGNAL,DAYLIGHT,RAIN,WET
13984,35486795,MONROE,Rochester,1,,Y,43.1684650,-77.5892241,11/19/14,17:08,PROPERTY DAMAGE AND INJURY,2,0,2,COLLISION WITH MOTOR VEHICLE,RIGHT ANGLE,TRAFFIC SIGNAL,DARK-ROAD LIGHTED,SNOW,SNOW/ICE
13984,35238356,MONROE,Irondequoit,3,404 43035031,Y,43.1769020,-77.5406350,4/27/14,15:50,INJURY,1,0,2,COLLISION WITH MOTOR VEHICLE,LEFT TURN (WITH OTHER CAR),NONE,DAYLIGHT,CLEAR,DRY
13984,34794868,MONROE,Clarkson,3,104 43031014,N,43.2484656,-77.9694587,6/1/13,12:32,PROPERTY DAMAGE AND INJURY,1,0,2,COLLISION WITH MOTOR VEHICLE,REAR END,NONE,DAYLIGHT,CLEAR,DRY
13984,35344515,MONROE,Greece,3,104 43031163,N,43.2074567,-77.6813680,7/18/14,23:01,INJURY,1,0,1,COLLISION WITH PEDESTRIAN,OTHER,NONE,DARK-ROAD LIGHTED,CLEAR,DRY
13984,34981511,MONROE,Rochester,1,490I43022061,N,43.1443886,-77.5636691,10/29/13,1:42,PROPERTY DAMAGE AND INJURY,1,0,1,COLLISION WITH TREE,OTHER,NONE,DARK-ROAD LIGHTED,CLEAR,DRY
13984,35364175,MONROE,Rochester,1,,Y,43.1417600,-77.5980040,8/12/14,12:20,PROPERTY DAMAGE AND INJURY,1,0,2,COLLISION WITH MOTOR VEHICLE,SIDESWIPE,TRAFFIC SIGNAL,DAYLIGHT,CLOUDY,DRY
13984,34938967,MONROE,Irondequoit,3,,Y,43.2003410,-77.5724311,9/24/13,12:39,INJURY,1,0,1,COLLISION WITH BICYCLIST,OTHER,STOP SIGN,DAYLIGHT,CLEAR,DRY
13984,35366745,MONROE,Webster,3,,Y,43.2027680,-77.4622660,8/17/14,14:25,PROPERTY DAMAGE AND INJURY,1,0,2,COLLISION WITH MOTOR VEHICLE,RIGHT ANGLE,NONE,DAYLIGHT,CLEAR,DRY
13984,35034877,MONROE,Sweden,3,,N,43.1800990,-77.9153030,12/7/13,13:44,PROPERTY DAMAGE AND INJURY,1,0,1,COLL. W/EARTH ELE./ROCK CUT/DITCH,OTHER,NONE,DAYLIGHT,CLEAR,DRY
13984,34784381,MONROE,East Rochester,4,940U43011005,Y,43.1166550,-77.4990310,5/6/13,15:13,PROPERTY DAMAGE AND INJURY,1,0,2,COLLISION WITH MOTOR VEHICLE,LEFT TURN (AGAINST OTHER CAR),TRAFFIC SIGNAL,DAYLIGHT,CLEAR,DRY
13984,35530637,MONROE,Rochester,1, 31 43032028,N,43.1581168,-77.6251794,12/10/14,13:02,INJURY,1,0,3,COLLISION WITH MOTOR VEHICLE,OTHER,NONE,DAYLIGHT,SNOW,SLUSH
13984,34911909,MONROE,Clarkson,3,104 43031013,N,43.2496596,-77.9724792,8/16/13,7:46,PROPERTY DAMAGE AND INJURY,2,0,2,COLLISION WITH MOTOR VEHICLE,HEAD ON,NONE,DAYLIGHT,CLEAR,DRY
13984,35386459,MONROE,Brighton,3,441 43011104,N,43.1282613,-77.5217174,9/4/14,15:48,PROPERTY DAMAGE AND INJURY,1,0,2,COLLISION WITH MOTOR VEHICLE,REAR END,TRAFFIC SIGNAL,DAYLIGHT,CLEAR,DRY
13984,34971040,MONROE,Rochester,1,,Y,43.1612320,-77.5767390,10/16/13,7:37,PROPERTY DAMAGE AND INJURY,1,0,2,COLLISION WITH MOTOR VEHICLE,REAR END,NONE,DAYLIGHT,RAIN,WET
13984,35000691,MONROE,Rush,3,251 43011166,N,43.0029660,-77.6533973,9/17/13,17:24,FATAL,0,1,2,COLLISION WITH OTHER,OTHER,NONE,DAYLIGHT,CLEAR,DRY
13984,34965626,MONROE,Gates,3,531 43011021,N,43.1571994,-77.7223113,10/16/13,19:33,PROPERTY DAMAGE AND INJURY,1,0,1,COLLISION WITH DEER,OTHER,NONE,DARK-ROAD LIGHTED,RAIN,WET
13984,35015690,MONROE,Rochester,1,590 43011000,N,43.1432670,-77.5475071,11/22/13,18:35,PROPERTY DAMAGE AND INJURY,1,0,2,COLLISION WITH MOTOR VEHICLE,REAR END,NONE,DARK-ROAD LIGHTED,RAIN,WET
13984,34790190,MONROE,Brighton,3,,Y,43.1257570,-77.5874530,5/29/13,10:50,PROPERTY DAMAGE AND INJURY,1,0,2,COLLISION WITH MOTOR VEHICLE,REAR END,NONE,DAYLIGHT,CLOUDY,DRY
13984,35078549,MONROE,Riga,3,,N,43.0695290,-77.8598171,1/7/14,14:19,PROPERTY DAMAGE AND INJURY,1,0,2,COLLISION WITH MOTOR VEHICLE,RIGHT ANGLE,STOP SIGN,DAYLIGHT,SNOW,SNOW/ICE
13984,35049737,MONROE,Rochester,1,490I43022013,N,43.1570662,-77.6478818,12/17/13,14:15,PROPERTY DAMAGE AND INJURY,2,0,1,COLLISION WITH OTHER BARRIER,OTHER,NONE,DAYLIGHT,SNOW,WET
13984,35059020,MONROE,Irondequoit,3,,Y,43.1970490,-77.5924370,12/23/13,13:14,INJURY,1,0,2,COLLISION WITH MOTOR VEHICLE,REAR END,TRAFFIC SIGNAL,DAYLIGHT,RAIN,WET
13984,35443210,MONROE,Rochester,1,,Y,43.1634780,-77.6388410,10/10/14,14:56,INJURY,1,0,2,COLLISION WITH MOTOR VEHICLE,RIGHT TURN (WITH OTHER CAR),STOP SIGN,DAYLIGHT,CLOUDY,DRY
13984,35394109,MONROE,East Rochester,3, 31F43011016,N,43.1049063,-77.4889711,8/21/14,8:27,PROPERTY DAMAGE AND INJURY,1,0,4,COLLISION WITH MOTOR VEHICLE,OTHER,NONE,DAYLIGHT,CLEAR,WET
13984,35016807,MONROE,Rochester,1,,Y,43.1954710,-77.6388561,11/22/13,22:14,PROPERTY DAMAGE AND INJURY,2,0,2,COLLISION WITH MOTOR VEHICLE,RIGHT ANGLE,NONE,DARK-ROAD LIGHTED,RAIN,WET