QUERYID,CASE #,REGN_CNTY_CDE,Municipality,MUNITYPE,REF_MRKR,ATINTERSECTION_IND,Lat,Long,,Time,Crash Type,Injuries,Fatalities,Number of Vehicles,ACCD_TYP,COLLISION_TYP,TRAF_CNTL,Light Condition,Weather Condition,Road Surface Condition
13984,35240598,MONROE,Ogden,3, 36 43031147,Y,43.1791160,-77.8546420,3/4/14,6:30,PROPERTY DAMAGE AND INJURY,2,0,2,COLLISION WITH MOTOR VEHICLE,RIGHT ANGLE,STOP SIGN,DAWN,CLEAR,DRY
13984,35156947,MONROE,Chili,3,,Y,43.1203140,-77.6522960,2/26/14,17:30,PROPERTY DAMAGE AND INJURY,2,0,2,COLLISION WITH MOTOR VEHICLE,HEAD ON,TRAFFIC SIGNAL,DAYLIGHT,CLEAR,DRY
13984,35465531,MONROE,Rochester,1,,Y,43.1309220,-77.6536970,11/6/14,17:08,PROPERTY DAMAGE AND INJURY,1,0,2,COLLISION WITH MOTOR VEHICLE,LEFT TURN (WITH OTHER CAR),TRAFFIC SIGNAL,DARK-ROAD LIGHTED,RAIN,WET
13984,35440550,MONROE,Penfield,3,,Y,43.1824050,-77.5021680,10/16/14,14:15,INJURY,1,0,3,COLLISION WITH MOTOR VEHICLE,OTHER,TRAFFIC SIGNAL,DAYLIGHT,CLOUDY,DRY
13984,35429466,MONROE,Rochester,1,,Y,43.1748343,-77.6132245,10/10/14,14:52,PROPERTY DAMAGE AND INJURY,1,0,2,COLLISION WITH MOTOR VEHICLE,LEFT TURN (WITH OTHER CAR),TRAFFIC SIGNAL,DAYLIGHT,CLOUDY,DRY
13984,34904640,MONROE,Greece,3,,N,43.2145696,-77.7319807,8/18/13,12:32,PROPERTY DAMAGE AND INJURY,1,0,2,COLLISION WITH MOTOR VEHICLE,REAR END,NONE,DAYLIGHT,CLOUDY,DRY
13984,34767201,MONROE,Brighton,3,490I43023015,N,43.1295727,-77.5250976,4/29/13,17:34,PROPERTY DAMAGE AND INJURY,1,0,2,COLLISION WITH MOTOR VEHICLE,OVERTAKING,NONE,DAYLIGHT,CLEAR,DRY
13984,35413453,MONROE,Penfield,3,,Y,43.1824050,-77.5021680,9/25/14,15:54,PROPERTY DAMAGE AND INJURY,1,0,2,COLLISION WITH MOTOR VEHICLE,LEFT TURN (AGAINST OTHER CAR),TRAFFIC SIGNAL,DAYLIGHT,CLEAR,DRY
13984,34749892,MONROE,Gates,3, 33A43021137,Y,43.1300540,-77.6940510,4/5/13,16:15,PROPERTY DAMAGE AND INJURY,1,0,2,COLLISION WITH MOTOR VEHICLE,REAR END,TRAFFIC SIGNAL,DAYLIGHT,CLEAR,DRY
13984,34817915,MONROE,Rochester,1,,Y,43.1621880,-77.5527531,5/22/13,7:50,PROPERTY DAMAGE AND INJURY,1,0,3,COLLISION WITH MOTOR VEHICLE,OTHER,STOP SIGN,DAYLIGHT,CLOUDY,DRY
13984,35531598,MONROE,Rochester,1,,N,43.2035420,-77.6513451,12/24/14,17:42,PROPERTY DAMAGE AND INJURY,2,0,3,COLLISION WITH MOTOR VEHICLE,OTHER,TRAFFIC SIGNAL,DARK-ROAD LIGHTED,CLEAR,DRY
13984,34823518,MONROE,Rochester,1,,Y,43.1498160,-77.6187460,6/21/13,14:29,PROPERTY DAMAGE AND INJURY,3,0,2,COLLISION WITH MOTOR VEHICLE,RIGHT TURN (AGAINST OTHER CAR),STOP SIGN,DAYLIGHT,CLEAR,DRY
13984,34927153,MONROE,Penfield,3,441 43011085,Y,43.1309340,-77.3769940,9/9/13,13:30,PROPERTY DAMAGE AND INJURY,1,0,2,COLLISION WITH MOTOR VEHICLE,LEFT TURN (AGAINST OTHER CAR),STOP SIGN,DAYLIGHT,CLEAR,DRY
13984,34995625,MONROE,Brighton,3,441 43011103,N,43.1293170,-77.5249620,11/8/13,22:18,PROPERTY DAMAGE AND INJURY,1,0,2,COLLISION WITH MOTOR VEHICLE,RIGHT ANGLE,TRAFFIC SIGNAL,DARK-ROAD LIGHTED,CLOUDY,DRY
13984,34785038,MONROE,Perinton,3,,N,43.0527636,-77.4366028,4/29/13,1:00,INJURY,1,0,1,COLLISION WITH PEDESTRIAN,OTHER,NONE,DARK-ROAD UNLIGHTED,CLOUDY,WET
13984,34695095,MONROE,Gates,3, 33 43031131,N,43.1498936,-77.6912450,3/13/13,12:25,PROPERTY DAMAGE AND INJURY,1,0,3,COLLISION WITH MOTOR VEHICLE,OTHER,TRAFFIC SIGNAL,DAYLIGHT,CLOUDY,DRY
13984,35470650,MONROE,Scottsville,4,383 43011067,N,43.0250396,-77.7460080,11/8/14,10:10,PROPERTY DAMAGE AND INJURY,1,0,2,COLLISION WITH MOTOR VEHICLE,OVERTAKING,NONE,DAYLIGHT,CLEAR,DRY
13984,35227748,MONROE,Rochester,1,,N,43.1391610,-77.6224890,4/17/14,16:47,INJURY,2,0,2,COLLISION WITH MOTOR VEHICLE,REAR END,NONE,DAYLIGHT,CLEAR,DRY
13984,35466085,MONROE,Henrietta,3,,N,43.0474790,-77.5819572,11/11/14,17:52,PROPERTY DAMAGE AND INJURY,1,0,1,COLLISION WITH DEER,OTHER,NONE,DARK-ROAD UNLIGHTED,CLEAR,DRY
13984,34830524,MONROE,Spencerport,4,259 43011067,N,43.1889308,-77.8020433,6/26/13,18:07,PROPERTY DAMAGE AND INJURY,1,0,3,COLLISION WITH MOTOR VEHICLE,OTHER,NO PASSING ZONE,DAYLIGHT,CLEAR,DRY
13984,35398998,MONROE,Rochester,1,,Y,43.1769150,-77.6394610,9/15/14,7:16,PROPERTY DAMAGE AND INJURY,1,0,2,COLLISION WITH MOTOR VEHICLE,LEFT TURN (AGAINST OTHER CAR),STOP SIGN,DAYLIGHT,CLEAR,DRY
13984,35392432,MONROE,Gates,3,490I43021142,N,43.1315992,-77.7217551,12/7/13,1:26,FATAL,1,1,5,COLLISION WITH MOTOR VEHICLE,OTHER,NONE,DARK-ROAD LIGHTED,CLEAR,DRY
13984,34825546,MONROE,Greece,3,,N,43.2030345,-77.6974642,6/20/13,17:36,INJURY,1,0,3,COLLISION WITH MOTOR VEHICLE,OTHER,STOP SIGN,DAYLIGHT,CLEAR,DRY
13984,35197743,MONROE,Rochester,1,,Y,43.1447130,-77.6360420,3/25/14,15:56,PROPERTY DAMAGE AND INJURY,1,0,2,COLLISION WITH MOTOR VEHICLE,REAR END,NONE,DAYLIGHT,CLEAR,DRY
13984,35306868,MONROE,Rochester,1,940K43011005,N,43.1592803,-77.6595619,6/20/14,22:55,INJURY,1,0,1,COLLISION WITH PEDESTRIAN,OTHER,NONE,DARK-ROAD LIGHTED,CLEAR,DRY
13984,35265839,MONROE,Greece,3, 18 43031206,N,43.2515845,-77.6467929,5/20/14,16:34,INJURY,1,0,1,COLLISION WITH BICYCLIST,OTHER,NONE,DAYLIGHT,CLEAR,DRY
13984,35332941,MONROE,Greece,3,,N,43.1919370,-77.6803187,7/15/14,14:09,INJURY,1,0,2,COLLISION WITH MOTOR VEHICLE,REAR END,TRAFFIC SIGNAL,DAYLIGHT,CLOUDY,DRY
13984,35364162,MONROE,Rochester,1,,N,43.1585260,-77.5669080,8/12/14,8:26,INJURY,1,0,1,COLLISION WITH PEDESTRIAN,OTHER,HIGHWAY WORK AREA,DAYLIGHT,CLOUDY,WET
13984,35040163,MONROE,Rochester,1, 31 43032042,Y,43.1531210,-77.6027720,12/13/13,12:15,INJURY,1,0,2,COLLISION WITH MOTOR VEHICLE,REAR END,TRAFFIC SIGNAL,DAYLIGHT,SNOW,SLUSH
13984,34703749,MONROE,Henrietta,3,,Y,43.0719780,-77.6889800,3/21/13,18:29,PROPERTY DAMAGE AND INJURY,4,0,5,COLLISION WITH MOTOR VEHICLE,OTHER,TRAFFIC SIGNAL,DUSK,CLOUDY,DRY
13984,35073401,MONROE,Rochester,1,,N,43.1682693,-77.5745769,11/29/13,7:54,PROPERTY DAMAGE AND INJURY,1,0,2,COLLISION WITH MOTOR VEHICLE,RIGHT ANGLE,NONE,DAYLIGHT,CLEAR,SNOW/ICE
13984,34807710,MONROE,Ogden,3,531 43012026,N,43.1785401,-77.8044851,6/11/13,15:08,PROPERTY DAMAGE AND INJURY,1,0,1,COLLISION WITH GUIDE RAIL,OTHER,NONE,DAYLIGHT,CLOUDY,DRY
13984,34838078,MONROE,Perinton,3,,N,43.0368430,-77.4505780,6/13/13,12:12,PROPERTY DAMAGE AND INJURY,1,0,2,COLLISION WITH MOTOR VEHICLE,LEFT TURN (AGAINST OTHER CAR),TRAFFIC SIGNAL,DAYLIGHT,RAIN,WET
13984,35387140,MONROE,Greece,3,,N,43.2091681,-77.6959487,9/3/14,11:15,PROPERTY DAMAGE AND INJURY,1,0,2,COLLISION WITH MOTOR VEHICLE,REAR END,TRAFFIC SIGNAL,DAYLIGHT,CLEAR,DRY
13984,35067623,MONROE,Rochester,1,940T43011002,N,43.1568706,-77.6189715,12/17/13,18:05,PROPERTY DAMAGE AND INJURY,1,0,2,COLLISION WITH MOTOR VEHICLE,REAR END,NONE,DARK-ROAD LIGHTED,CLEAR,WET
13984,35340930,MONROE,Chili,3,,N,43.0519256,-77.7719790,7/22/14,13:35,PROPERTY DAMAGE AND INJURY,1,0,1,COLL. W/EARTH ELE./ROCK CUT/DITCH,OTHER,NONE,DAYLIGHT,CLEAR,DRY
13984,34910086,MONROE,Brighton,3,,N,43.1082182,-77.6150357,8/29/13,8:45,PROPERTY DAMAGE AND INJURY,2,0,2,COLLISION WITH MOTOR VEHICLE,REAR END,NONE,DAYLIGHT,CLOUDY,DRY
13984,34973048,MONROE,Rochester,1,,Y,43.1646290,-77.6324260,10/13/13,22:06,INJURY,1,0,2,COLLISION WITH MOTOR VEHICLE,LEFT TURN (AGAINST OTHER CAR),TRAFFIC SIGNAL,DARK-ROAD LIGHTED,RAIN,WET
13984,34960167,MONROE,Irondequoit,3,,N,43.2460105,-77.5976239,10/14/13,8:30,PROPERTY DAMAGE AND INJURY,1,0,1,COLL. W/LIGHT SUPPORT/UTILITY POLE,OTHER,NONE,DAYLIGHT,CLOUDY,WET
13984,35027161,MONROE,Greece,3,,Y,43.2236810,-77.6968100,11/9/13,11:15,PROPERTY DAMAGE AND INJURY,1,0,2,COLLISION WITH MOTOR VEHICLE,REAR END,TRAFFIC SIGNAL,DAYLIGHT,CLOUDY,WET
13984,35410648,MONROE,Rochester,1,,Y,43.1301330,-77.6108911,8/16/14,12:51,PROPERTY DAMAGE AND INJURY,3,0,2,COLLISION WITH MOTOR VEHICLE,RIGHT ANGLE,TRAFFIC SIGNAL,DAYLIGHT,CLOUDY,DRY
13984,34734808,MONROE,Brighton,3,,N,43.1119124,-77.6244274,4/15/13,15:36,INJURY,1,0,2,COLLISION WITH MOTOR VEHICLE,REAR END,TRAFFIC SIGNAL,DAYLIGHT,CLEAR,DRY
13984,35379987,MONROE,Rush,3,,N,42.9759277,-77.6997681,8/20/14,2:15,PROPERTY DAMAGE AND INJURY,1,0,1,COLLISION WITH FIRE HYDRANT,OTHER,NONE,DARK-ROAD UNLIGHTED,CLEAR,DRY
13984,35157660,MONROE,Greece,3,104 43031171,Y,43.2059480,-77.6718329,2/20/14,19:59,PROPERTY DAMAGE AND INJURY,1,0,2,COLLISION WITH MOTOR VEHICLE,RIGHT ANGLE,TRAFFIC SIGNAL,DARK-ROAD LIGHTED,RAIN,WET
13984,35458919,MONROE,Webster,3,404 43035076,N,43.2048044,-77.4762887,11/1/14,12:36,PROPERTY DAMAGE AND INJURY,2,0,2,COLLISION WITH MOTOR VEHICLE,REAR END,NONE,DAYLIGHT,RAIN,WET
13984,34782687,MONROE,Rochester,1,,N,43.1432864,-77.5751935,5/22/13,12:37,INJURY,1,0,2,COLLISION WITH MOTOR VEHICLE,LEFT TURN (AGAINST OTHER CAR),TRAFFIC SIGNAL,DAYLIGHT,CLOUDY,DRY
13984,35087308,MONROE,Gates,3,390I43037007,N,43.1390887,-77.6675495,1/3/14,9:48,INJURY,1,0,1,COLLISION WITH GUIDE RAIL,OTHER,NONE,DAYLIGHT,CLOUDY,SNOW/ICE
13984,35462191,MONROE,Hilton,4,259 43011139,Y,43.2899330,-77.7930400,11/6/14,15:27,INJURY,1,0,2,COLLISION WITH MOTOR VEHICLE,REAR END,NONE,DAYLIGHT,RAIN,WET
13984,35418993,MONROE,Gates,3,,Y,43.1750670,-77.7015730,10/1/14,11:38,INJURY,1,0,1,COLLISION WITH PEDESTRIAN,OTHER,TRAFFIC SIGNAL,DAYLIGHT,CLOUDY,DRY
13984,35331131,MONROE,Rochester,1,,N,43.1689350,-77.5802300,7/12/14,17:24,PROPERTY DAMAGE AND INJURY,2,0,2,COLLISION WITH MOTOR VEHICLE,REAR END,TRAFFIC SIGNAL,DAYLIGHT,CLEAR,DRY
13984,35439272,MONROE,Perinton,3,,Y,43.0791500,-77.4260453,10/17/14,14:47,PROPERTY DAMAGE AND INJURY,1,0,3,COLLISION WITH MOTOR VEHICLE,OTHER,NONE,DAYLIGHT,CLEAR,DRY
13984,35239841,MONROE,Rochester,1,,Y,43.1411940,-77.6360160,4/28/14,12:35,INJURY,1,0,2,COLLISION WITH MOTOR VEHICLE,REAR END,TRAFFIC SIGNAL,DAYLIGHT,CLEAR,DRY
13984,35462545,MONROE,Rochester,1,,N,43.1784520,-77.6250830,11/8/14,13:53,PROPERTY DAMAGE AND INJURY,3,0,2,COLLISION WITH MOTOR VEHICLE,REAR END,NONE,DAYLIGHT,CLOUDY,DRY
13984,34940593,MONROE,Gates,3,390I43037020,N,43.1556146,-77.6788897,9/17/13,14:35,INJURY,1,0,2,COLLISION WITH MOTOR VEHICLE,REAR END,NONE,DAYLIGHT,CLEAR,DRY
13984,35352574,MONROE,Perinton,3, 31 43033062,N,43.0787910,-77.4852050,8/4/14,10:45,PROPERTY DAMAGE AND INJURY,1,0,2,COLLISION WITH MOTOR VEHICLE,HEAD ON,NONE,DAYLIGHT,CLOUDY,DRY
13984,34949715,MONROE,Irondequoit,3,,N,43.1967122,-77.5776859,10/1/13,10:43,INJURY,1,0,2,COLLISION WITH MOTOR VEHICLE,REAR END,YIELD SIGN,DAYLIGHT,CLOUDY,DRY
13984,34707369,MONROE,Brighton,3, 15 43031122,Y,43.1042450,-77.6277900,3/25/13,17:23,INJURY,1,0,2,COLLISION WITH MOTOR VEHICLE,REAR END,TRAFFIC SIGNAL,DAYLIGHT,CLEAR,DRY
13984,35208043,MONROE,Irondequoit,3,,Y,43.2303910,-77.5993290,4/5/14,23:17,PROPERTY DAMAGE AND INJURY,1,0,2,COLLISION WITH CURBING,REAR END,TRAFFIC SIGNAL,DARK-ROAD LIGHTED,CLOUDY,DRY
13984,34796492,MONROE,Irondequoit,3,,N,43.1977092,-77.5769031,6/1/13,14:09,PROPERTY DAMAGE AND INJURY,1,0,2,COLLISION WITH MOTOR VEHICLE,LEFT TURN (AGAINST OTHER CAR),TRAFFIC SIGNAL,DAYLIGHT,CLEAR,DRY
13984,34710306,MONROE,Brighton,3,,N,43.0940221,-77.6328892,3/27/13,11:50,PROPERTY DAMAGE AND INJURY,2,0,2,COLLISION WITH MOTOR VEHICLE,LEFT TURN (AGAINST OTHER CAR),NONE,DAYLIGHT,CLOUDY,DRY
13984,35289127,MONROE,Riga,3, 36 43031110,Y,43.1287220,-77.8636380,6/13/14,13:18,INJURY,1,0,2,COLLISION WITH MOTOR VEHICLE,RIGHT ANGLE,STOP SIGN,DAYLIGHT,CLEAR,DRY
13984,35525398,MONROE,Rochester,1,,N,43.1459884,-77.5924252,12/20/14,20:57,INJURY,2,0,2,COLLISION WITH MOTOR VEHICLE,REAR END,NONE,DARK-ROAD LIGHTED,CLEAR,DRY
13984,35303819,MONROE,Irondequoit,3,590 43013006,N,43.1755013,-77.5421597,6/21/14,3:01,PROPERTY DAMAGE AND INJURY,1,0,1,COLLISION WITH GUIDE RAIL,OTHER,NONE,DARK-ROAD LIGHTED,CLOUDY,DRY
13984,34995619,MONROE,Perinton,3,250 43011030,N,43.0786635,-77.4416423,11/7/13,19:16,PROPERTY DAMAGE AND INJURY,1,0,1,COLLISION WITH DEER,OTHER,NONE,DARK-ROAD UNLIGHTED,CLOUDY,DRY
13984,34981809,MONROE,Greece,3,386 43011005,Y,43.1823650,-77.7320300,10/27/13,15:16,PROPERTY DAMAGE AND INJURY,1,0,2,COLLISION WITH MOTOR VEHICLE,OVERTAKING,NONE,DAYLIGHT,CLOUDY,DRY
13984,34975989,MONROE,Penfield,3,404 43035049,N,43.1790295,-77.5096793,9/18/13,14:50,FATAL,4,1,2,COLLISION WITH MOTOR VEHICLE,REAR END,NONE,DAYLIGHT,CLEAR,DRY
13984,35326156,MONROE,Perinton,3, 31 43033077,Y,43.0727940,-77.4558910,7/14/14,14:59,PROPERTY DAMAGE AND INJURY,2,0,3,COLLISION WITH MOTOR VEHICLE,OTHER,NONE,DAYLIGHT,RAIN,WET
13984,35298089,MONROE,Greece,3,,Y,43.1869140,-77.7015110,6/20/14,14:34,PROPERTY DAMAGE AND INJURY,1,0,3,COLLISION WITH MOTOR VEHICLE,OTHER,TRAFFIC SIGNAL,DAYLIGHT,CLEAR,DRY
13984,35211209,MONROE,Greece,3,,Y,43.2310480,-77.6394130,3/6/14,9:59,PROPERTY DAMAGE AND INJURY,1,0,2,COLLISION WITH MOTOR VEHICLE,RIGHT ANGLE,STOP SIGN,DAYLIGHT,CLEAR,DRY
13984,34869238,MONROE,Rochester,1,,N,43.1581097,-77.6021645,7/26/13,10:38,INJURY,1,0,1,OTHER NON-COLLISION,OTHER,NONE,DAYLIGHT,CLEAR,DRY
13984,34948857,MONROE,Greece,3,104 43031143,N,43.2125860,-77.7220690,9/30/13,19:18,PROPERTY DAMAGE AND INJURY,3,0,2,COLLISION WITH MOTOR VEHICLE,RIGHT ANGLE,STOP SIGN,DARK-ROAD LIGHTED,CLOUDY,DRY
13984,35314852,MONROE,Rochester,1,,Y,43.1755820,-77.5853790,6/27/14,18:30,INJURY,2,0,3,COLLISION WITH MOTOR VEHICLE,OTHER,NONE,DAYLIGHT,CLEAR,DRY
13984,35123415,MONROE,Henrietta,3,252 43011079,Y,43.0871070,-77.6173230,2/3/14,18:48,INJURY,3,0,2,COLLISION WITH MOTOR VEHICLE,REAR END,TRAFFIC SIGNAL,DARK-ROAD LIGHTED,CLEAR,DRY
13984,35387143,MONROE,Greece,3,,N,43.2060431,-77.6716478,9/3/14,10:44,PROPERTY DAMAGE AND INJURY,1,0,4,COLLISION WITH MOTOR VEHICLE,OTHER,TRAFFIC SIGNAL,DAYLIGHT,CLEAR,DRY
13984,35235129,MONROE,Irondequoit,3,,Y,43.2106445,-77.5994130,4/18/14,18:09,INJURY,1,0,2,COLLISION WITH MOTOR VEHICLE,REAR END,NONE,DAYLIGHT,CLOUDY,DRY
13984,34743427,MONROE,Rochester,1,,Y,43.1646285,-77.6325384,4/18/13,17:58,INJURY,2,0,2,COLLISION WITH MOTOR VEHICLE,LEFT TURN (AGAINST OTHER CAR),NONE,DAYLIGHT,CLEAR,DRY
13984,35446061,MONROE,Perinton,3,,Y,43.0888955,-77.4196148,10/27/14,8:50,PROPERTY DAMAGE AND INJURY,1,0,2,COLLISION WITH MOTOR VEHICLE,HEAD ON,NONE,DAYLIGHT,CLEAR,DRY
13984,34884363,MONROE,Greece,3, 18 43031226,Y,43.2232330,-77.6413420,8/10/13,21:06,INJURY,1,0,2,COLLISION WITH MOTOR VEHICLE,HEAD ON,TRAFFIC SIGNAL,DARK-ROAD LIGHTED,CLEAR,DRY
13984,35473358,MONROE,Rochester,1,,Y,43.1916800,-77.6388740,11/5/14,14:47,PROPERTY DAMAGE AND INJURY,1,0,2,COLLISION WITH MOTOR VEHICLE,OVERTAKING,STOP SIGN,DAYLIGHT,CLEAR,DRY
13984,34766278,MONROE,Rochester,1,,Y,43.1553490,-77.6323121,5/7/13,11:26,PROPERTY DAMAGE AND INJURY,2,0,2,COLLISION WITH MOTOR VEHICLE,RIGHT ANGLE,TRAFFIC SIGNAL,DAYLIGHT,CLEAR,DRY
13984,35423690,MONROE,Brighton,3,,N,43.1120938,-77.6249314,10/7/14,8:51,INJURY,1,0,2,COLLISION WITH MOTOR VEHICLE,REAR END,NONE,DAYLIGHT,CLEAR,DRY
13984,35164936,MONROE,Rochester,1,940M43011005,Y,43.1717340,-77.6280679,3/3/14,15:51,INJURY,1,0,1,COLLISION WITH PEDESTRIAN,OTHER,TRAFFIC SIGNAL,DAYLIGHT,CLEAR,DRY
13984,34892917,MONROE,Webster,3,,Y,43.2074600,-77.4746326,8/16/13,18:00,PROPERTY DAMAGE AND INJURY,2,0,2,COLLISION WITH MOTOR VEHICLE,REAR END,NONE,DAYLIGHT,CLEAR,DRY
13984,35348176,MONROE,Rochester,1,,Y,43.1445400,-77.5962720,8/2/14,16:06,PROPERTY DAMAGE AND INJURY,1,0,2,COLLISION WITH MOTOR VEHICLE,RIGHT ANGLE,STOP SIGN,DAYLIGHT,CLEAR,DRY
13984,34767524,MONROE,Rochester,1,,Y,43.1862100,-77.5762090,5/11/13,15:00,INJURY,1,0,2,COLLISION WITH MOTOR VEHICLE,REAR END,NONE,DAYLIGHT,CLEAR,DRY
13984,35539203,MONROE,Chili,3,,Y,43.0844800,-77.7961010,12/31/14,10:41,PROPERTY DAMAGE AND INJURY,2,0,2,COLLISION WITH MOTOR VEHICLE,LEFT TURN (AGAINST OTHER CAR),STOP SIGN,DAYLIGHT,CLEAR,DRY
13984,35047931,MONROE,Brighton,3,441 43011103,N,43.1293170,-77.5249620,12/18/13,16:31,PROPERTY DAMAGE AND INJURY,1,0,2,COLLISION WITH MOTOR VEHICLE,RIGHT ANGLE,TRAFFIC SIGNAL,DUSK,CLOUDY,WET
13984,35372651,MONROE,Greece,3,,Y,43.2971710,-77.7317009,8/22/14,23:12,PROPERTY DAMAGE AND INJURY,1,0,1,OVERTURNED,OTHER,NONE,DARK-ROAD UNLIGHTED,CLEAR,DRY
13984,35330439,MONROE,Henrietta,3,,Y,43.0686900,-77.5950150,7/11/14,14:53,PROPERTY DAMAGE AND INJURY,1,0,2,COLLISION WITH MOTOR VEHICLE,REAR END,NONE,DAYLIGHT,CLEAR,DRY
13984,35388667,MONROE,Webster,3,,N,43.2156223,-77.4443042,8/27/14,13:42,INJURY,1,0,2,COLLISION WITH OTHER,OTHER,NONE,DAYLIGHT,CLEAR,DRY
13984,34754056,MONROE,Rochester,1, 15 43032006,N,43.1218422,-77.6188053,4/25/13,11:28,INJURY,2,0,2,COLLISION WITH MOTOR VEHICLE,REAR END,NONE,DAYLIGHT,CLEAR,DRY
13984,35099090,MONROE,Irondequoit,3,104 43035209,N,43.2006837,-77.5472607,1/20/14,12:31,INJURY,1,0,1,COLLISION WITH TREE,OTHER,NONE,DAYLIGHT,SNOW,SNOW/ICE
13984,34800629,MONROE,Rochester,1,,N,43.1754331,-77.5916077,5/16/13,13:07,INJURY,1,0,2,COLLISION WITH MOTOR VEHICLE,REAR END,TRAFFIC SIGNAL,DAYLIGHT,CLEAR,DRY
13984,34792562,MONROE,Rochester,1,,Y,43.1755050,-77.5885210,5/31/13,18:48,PROPERTY DAMAGE AND INJURY,1,0,2,COLLISION WITH MOTOR VEHICLE,OVERTAKING,NONE,DAYLIGHT,CLEAR,DRY
13984,35338538,MONROE,Spencerport,4, 31 43031120,N,43.1818647,-77.8048929,7/23/14,20:00,PROPERTY DAMAGE AND INJURY,4,0,2,COLLISION WITH MOTOR VEHICLE,REAR END,NO PASSING ZONE,DAYLIGHT,CLOUDY,DRY
13984,34873439,MONROE,Henrietta,3, 15 43031111,N,43.0904465,-77.6350033,7/20/13,12:31,PROPERTY DAMAGE AND INJURY,1,0,2,COLLISION WITH MOTOR VEHICLE,RIGHT ANGLE,NONE,DAYLIGHT,CLOUDY,DRY
13984,34981144,MONROE,Greece,3, 18 43031184,Y,43.2529600,-77.6879140,4/30/13,14:45,PROPERTY DAMAGE AND INJURY,1,0,2,COLLISION WITH MOTOR VEHICLE,REAR END,TRAFFIC SIGNAL,DAYLIGHT,CLEAR,DRY
13984,35337047,MONROE,Rochester,1,,Y,43.1791970,-77.6805950,7/18/14,11:13,PROPERTY DAMAGE AND INJURY,1,0,2,COLLISION WITH MOTOR VEHICLE,RIGHT ANGLE,TRAFFIC SIGNAL,DAYLIGHT,CLEAR,DRY
13984,35277812,MONROE,Irondequoit,3,,Y,43.2027150,-77.5643610,5/29/14,17:09,INJURY,1,0,2,COLLISION WITH MOTOR VEHICLE,RIGHT ANGLE,STOP SIGN,DAYLIGHT,CLOUDY,DRY
13984,35413473,MONROE,Pittsford,3,,N,43.0918366,-77.4868972,9/17/14,19:54,PROPERTY DAMAGE AND INJURY,1,0,1,COLLISION WITH TREE,OTHER,NONE,DARK-ROAD UNLIGHTED,CLEAR,DRY
13984,35417610,MONROE,Pittsford,3, 96 43051049,N,43.0829483,-77.5082163,9/24/14,11:24,PROPERTY DAMAGE AND INJURY,1,0,2,COLLISION WITH MOTOR VEHICLE,REAR END,NO PASSING ZONE,DAYLIGHT,CLEAR,DRY
13984,34721608,MONROE,Penfield,3,441 43011120,N,43.1256495,-77.5003538,4/2/13,7:00,PROPERTY DAMAGE AND INJURY,1,0,3,COLLISION WITH GUIDE RAIL,OTHER,NONE,DAYLIGHT,SNOW,SNOW/ICE
13984,34947805,MONROE,Sweden,3, 31 43031050,N,43.1983293,-77.9349526,10/2/13,15:49,PROPERTY DAMAGE AND INJURY,2,0,2,COLLISION WITH MOTOR VEHICLE,REAR END,NONE,DAYLIGHT,CLEAR,DRY
13984,35287881,MONROE,Webster,4,404 43035099,Y,43.2122147,-77.4303190,6/10/14,15:59,PROPERTY DAMAGE AND INJURY,1,0,2,COLLISION WITH MOTOR VEHICLE,LEFT TURN (AGAINST OTHER CAR),TRAFFIC SIGNAL,DAYLIGHT,CLOUDY,DRY
13984,35432064,MONROE,Irondequoit,3,590 43013005,N,43.1747326,-77.5417950,10/14/14,17:56,PROPERTY DAMAGE AND INJURY,1,0,2,COLLISION WITH MOTOR VEHICLE,REAR END,NONE,DAYLIGHT,CLEAR,DRY
13984,35500233,MONROE,Rochester,1,,Y,43.1532180,-77.6411580,11/23/14,7:02,INJURY,1,0,1,RAN OFF ROAD ONLY,OTHER,NONE,DAYLIGHT,CLOUDY,WET
13984,34985023,MONROE,Brighton,3,,Y,43.1150880,-77.6047721,10/30/13,11:08,PROPERTY DAMAGE AND INJURY,2,0,2,COLLISION WITH MOTOR VEHICLE,REAR END,TRAFFIC SIGNAL,DAYLIGHT,CLOUDY,DRY
13984,35150129,MONROE,Brighton,3,,Y,43.1377610,-77.5253960,2/24/14,18:36,PROPERTY DAMAGE AND INJURY,4,0,2,COLLISION WITH MOTOR VEHICLE,REAR END,NONE,DARK-ROAD LIGHTED,CLOUDY,DRY
13984,34782930,MONROE,Rochester,0,,N,43.2133296,-77.6298375,5/17/13,16:34,PROPERTY DAMAGE AND INJURY,1,0,1,COLLISION WITH CURBING,OTHER,NONE,DAYLIGHT,CLEAR,DRY
13984,34730078,MONROE,Pittsford,4, 31 43033045,N,43.0905924,-77.5145799,4/8/13,14:47,PROPERTY DAMAGE AND INJURY,1,0,2,COLLISION WITH MOTOR VEHICLE,RIGHT ANGLE,NONE,DAYLIGHT,CLEAR,DRY