QUERYID,CASE #,REGN_CNTY_CDE,Municipality,MUNITYPE,REF_MRKR,ATINTERSECTION_IND,Lat,Long,,Time,Crash Type,Injuries,Fatalities,Number of Vehicles,ACCD_TYP,COLLISION_TYP,TRAF_CNTL,Light Condition,Weather Condition,Road Surface Condition
13984,34881303,MONROE,Riga,3, 33A43021050,N,43.0704121,-77.8379095,8/4/13,19:29,PROPERTY DAMAGE AND INJURY,2,0,1,COLLISION WITH TREE,OTHER,NONE,DAYLIGHT,CLEAR,DRY
13984,35459940,MONROE,Gates,3,490I43021167,N,43.1570168,-77.7005938,11/6/14,21:15,INJURY,1,0,1,COLLISION WITH DEER,OTHER,NONE,DARK-ROAD LIGHTED,RAIN,WET
13984,35367692,MONROE,Pittsford,3,,Y,43.0737300,-77.4865750,6/28/14,12:01,PROPERTY DAMAGE AND INJURY,1,0,1,COLLISION WITH DEER,OTHER,NONE,DARK-ROAD UNLIGHTED,CLEAR,DRY
13984,35549927,MONROE,Rochester,1,,Y,43.1245730,-77.6216030,12/5/14,17:45,INJURY,1,0,1,COLLISION WITH PEDESTRIAN,OTHER,TRAFFIC SIGNAL,DARK-ROAD LIGHTED,CLOUDY,DRY
13984,35159533,MONROE,Penfield,3,286 43011042,Y,43.1603060,-77.4629800,2/27/14,10:05,PROPERTY DAMAGE AND INJURY,1,0,1,COLL. W/EARTH ELE./ROCK CUT/DITCH,OTHER,NO PASSING ZONE,DAYLIGHT,SNOW,WET
13984,34784894,MONROE,Rochester,1,,N,43.1553411,-77.6024037,5/19/13,18:45,INJURY,1,0,2,COLLISION WITH PEDESTRIAN,OTHER,NONE,DAYLIGHT,CLEAR,DRY
13984,35023597,MONROE,Rochester,1,,N,43.1611093,-77.6100665,11/25/13,17:22,INJURY,1,0,2,COLLISION WITH MOTOR VEHICLE,REAR END,TRAFFIC SIGNAL,DAYLIGHT,CLOUDY,DRY
13984,35384867,MONROE,Greece,3,,N,43.2400798,-77.6673621,8/16/14,15:40,FATAL,0,1,1,COLLISION WITH PEDESTRIAN,OTHER,NONE,DAYLIGHT,CLOUDY,DRY
13984,34756868,MONROE,Rochester,1,940M43011005,N,43.1721195,-77.6282645,4/26/13,11:56,PROPERTY DAMAGE AND INJURY,1,0,2,COLLISION WITH MOTOR VEHICLE,REAR END,NONE,DAYLIGHT,CLEAR,DRY
13984,35252037,UNKNOWN COUNTY,,0,,N,43.1783547,-77.6250790,5/4/14,18:48,INJURY,4,0,2,COLLISION WITH MOTOR VEHICLE,REAR END,NONE,DAYLIGHT,CLEAR,DRY
13984,35170778,MONROE,Rochester,1,940M43011013,Y,43.1828260,-77.6315740,3/6/14,16:10,PROPERTY DAMAGE AND INJURY,1,0,3,COLLISION WITH MOTOR VEHICLE,OTHER,NONE,DAYLIGHT,CLEAR,DRY
13984,35046024,MONROE,Rochester,1, 31 43032017,Y,43.1646320,-77.6413559,11/21/13,6:58,PROPERTY DAMAGE AND INJURY,2,0,2,COLLISION WITH MOTOR VEHICLE,REAR END,NONE,DAYLIGHT,CLEAR,DRY
13984,34825555,MONROE,Rochester,1,,Y,43.1793270,-77.6327315,6/21/13,16:26,INJURY,3,0,3,COLLISION WITH MOTOR VEHICLE,OTHER,TRAFFIC SIGNAL,DAYLIGHT,CLEAR,DRY
13984,34934217,MONROE,Rochester,1,490I43022058,N,43.1435473,-77.5686884,9/20/13,17:45,PROPERTY DAMAGE AND INJURY,1,0,2,COLLISION WITH MOTOR VEHICLE,REAR END,NONE,DAYLIGHT,CLEAR,DRY
13984,34694858,MONROE,Rochester,1,,Y,43.1720570,-77.5935651,3/13/13,17:09,INJURY,2,0,2,COLLISION WITH MOTOR VEHICLE,REAR END,NONE,DAYLIGHT,CLEAR,DRY
13984,35428103,MONROE,Greece,3, 18 43031216,Y,43.2366080,-77.6468630,10/4/14,19:13,INJURY,1,0,2,COLLISION WITH MOTOR VEHICLE,RIGHT ANGLE,TRAFFIC SIGNAL,DARK-ROAD LIGHTED,CLEAR,DRY
13984,34890604,MONROE,Penfield,3,,N,43.1323549,-77.4127508,8/15/13,10:54,PROPERTY DAMAGE AND INJURY,1,0,1,COLL. W/EARTH ELE./ROCK CUT/DITCH,OTHER,NONE,DAYLIGHT,CLEAR,DRY
13984,35226390,MONROE,Rochester,1, 31 43032053,N,43.1422780,-77.5862190,4/11/14,17:38,PROPERTY DAMAGE AND INJURY,2,0,2,COLLISION WITH MOTOR VEHICLE,LEFT TURN (WITH OTHER CAR),TRAFFIC SIGNAL,DAYLIGHT,CLEAR,DRY
13984,35221450,MONROE,Brighton,3, 15 43031127,Y,43.1118240,-77.6238730,4/14/14,15:59,PROPERTY DAMAGE AND INJURY,1,0,2,COLLISION WITH MOTOR VEHICLE,RIGHT ANGLE,TRAFFIC SIGNAL,DAYLIGHT,RAIN,WET
13984,35443188,MONROE,Rochester,1,,Y,43.1553440,-77.6290200,10/15/14,16:39,PROPERTY DAMAGE AND INJURY,1,0,1,COLL. W/LIGHT SUPPORT/UTILITY POLE,OTHER,STOP SIGN,DAYLIGHT,RAIN,WET
13984,34739513,MONROE,Rochester,1,390I43032004,N,43.1208113,-77.6437638,3/21/13,8:20,PROPERTY DAMAGE AND INJURY,2,0,3,COLLISION WITH MOTOR VEHICLE,OTHER,NONE,DAYLIGHT,CLEAR,DRY
13984,34915306,MONROE,Brighton,3, 31 43033019,N,43.1148440,-77.5520960,8/13/13,12:42,INJURY,1,0,2,COLLISION WITH MOTOR VEHICLE,REAR END,TRAFFIC SIGNAL,DAYLIGHT,CLOUDY,DRY
13984,35268761,MONROE,Ogden,3,,N,43.1771972,-77.8101262,5/22/14,17:30,PROPERTY DAMAGE AND INJURY,1,0,1,COLL. W/LIGHT SUPPORT/UTILITY POLE,OTHER,NO PASSING ZONE,DAYLIGHT,CLEAR,DRY
13984,35434596,MONROE,Hamlin,3,,N,43.3118518,-77.8591393,10/12/14,12:45,INJURY,1,0,1,COLL. W/LIGHT SUPPORT/UTILITY POLE,OTHER,STOP SIGN,DAYLIGHT,CLEAR,DRY
13984,35179965,MONROE,Irondequoit,3,,Y,43.1989230,-77.5925440,3/13/14,8:39,INJURY,1,0,2,COLLISION WITH MOTOR VEHICLE,UNKNOWN,NONE,DAYLIGHT,CLOUDY,SNOW/ICE
13984,35502757,MONROE,Pittsford,4, 96 43051054,Y,43.0865150,-77.5181280,12/5/14,22:06,PROPERTY DAMAGE AND INJURY,1,0,2,COLLISION WITH MOTOR VEHICLE,LEFT TURN (AGAINST OTHER CAR),TRAFFIC SIGNAL,DARK-ROAD UNLIGHTED,CLOUDY,DRY
13984,34741217,MONROE,Henrietta,3,,Y,43.0683160,-77.6295980,4/19/13,12:13,PROPERTY DAMAGE AND INJURY,1,0,2,COLLISION WITH MOTOR VEHICLE,LEFT TURN (AGAINST OTHER CAR),STOP SIGN,DAYLIGHT,CLOUDY,DRY
13984,35276330,MONROE,Rochester,1,,Y,43.1843480,-77.5994150,5/30/14,18:53,PROPERTY DAMAGE AND INJURY,4,0,3,COLLISION WITH MOTOR VEHICLE,OTHER,NONE,DAYLIGHT,CLEAR,DRY
13984,34975755,MONROE,Irondequoit,3,,Y,43.2162100,-77.5985260,10/22/13,8:10,INJURY,2,0,2,COLLISION WITH MOTOR VEHICLE,RIGHT ANGLE,TRAFFIC SIGNAL,DAYLIGHT,CLEAR,WET
13984,35226369,MONROE,Webster,3,,N,43.2306891,-77.4565343,4/16/14,12:51,INJURY,1,0,1,COLLISION WITH OTHER FIXED OBJECT,OTHER,NONE,DAYLIGHT,CLEAR,DRY
13984,34690618,MONROE,Rochester,1,,N,43.1758872,-77.5988511,3/9/13,6:45,PROPERTY DAMAGE AND INJURY,1,0,2,COLLISION WITH MOTOR VEHICLE,RIGHT ANGLE,NONE,DAYLIGHT,CLEAR,DRY
13984,34784884,MONROE,Rochester,1,,Y,43.1792120,-77.6590790,5/1/13,4:43,PROPERTY DAMAGE AND INJURY,1,0,1,COLL. W/EARTH ELE./ROCK CUT/DITCH,OTHER,NONE,DARK-ROAD LIGHTED,CLOUDY,DRY
13984,35119051,MONROE,Rochester,1,,N,43.1494214,-77.6510533,2/2/14,22:20,INJURY,1,0,2,COLLISION WITH PEDESTRIAN,OTHER,NONE,DARK-ROAD LIGHTED,CLEAR,DRY
13984,35434614,MONROE,Greece,3, 18 43031217,Y,43.2358600,-77.6468860,10/16/14,12:37,PROPERTY DAMAGE AND INJURY,1,0,2,COLLISION WITH MOTOR VEHICLE,RIGHT ANGLE,STOP SIGN,DAYLIGHT,CLOUDY,DRY
13984,35489942,MONROE,Brighton,3, 31 43033021,N,43.1120487,-77.5491045,11/25/14,18:55,PROPERTY DAMAGE AND INJURY,1,0,3,COLLISION WITH MOTOR VEHICLE,OTHER,NONE,DARK-ROAD LIGHTED,RAIN,WET
13984,34800507,MONROE,Brighton,3, 31 43033013,N,43.1215915,-77.5591992,6/2/13,15:43,PROPERTY DAMAGE AND INJURY,1,0,2,COLLISION WITH MOTOR VEHICLE,RIGHT ANGLE,STOP SIGN,DAYLIGHT,CLEAR,DRY
13984,34975570,MONROE,Rochester,1,,Y,43.1861320,-77.5956600,10/4/13,15:18,INJURY,2,0,2,COLLISION WITH MOTOR VEHICLE,REAR END,NONE,DAYLIGHT,CLEAR,DRY
13984,35023070,MONROE,Sweden,3, 31 43031068,N,43.1979976,-77.8997622,11/28/13,18:56,PROPERTY DAMAGE AND INJURY,4,0,3,COLLISION WITH MOTOR VEHICLE,OTHER,TRAFFIC SIGNAL,DARK-ROAD LIGHTED,CLOUDY,WET
13984,35490398,MONROE,Rochester,1,,N,43.1739888,-77.6180486,11/27/14,20:34,INJURY,1,0,2,COLLISION WITH MOTOR VEHICLE,REAR END,NONE,DARK-ROAD LIGHTED,CLEAR,WET
13984,35186441,MONROE,Rochester,1,940M43011009,Y,43.1767223,-77.6306278,3/7/14,13:25,PROPERTY DAMAGE AND INJURY,1,0,3,COLLISION WITH MOTOR VEHICLE,OTHER,TRAFFIC SIGNAL,DAYLIGHT,CLEAR,DRY
13984,35381489,MONROE,Rochester,1,,Y,43.1597756,-77.5516496,8/24/14,13:07,PROPERTY DAMAGE AND INJURY,1,0,2,COLLISION WITH MOTOR VEHICLE,REAR END,NONE,DAYLIGHT,CLEAR,DRY
13984,35053819,MONROE,Greece,3,,N,43.2534325,-77.6964418,12/19/13,11:51,INJURY,2,0,2,COLLISION WITH MOTOR VEHICLE,REAR END,TRAFFIC SIGNAL,DAYLIGHT,CLOUDY,DRY
13984,34764324,MONROE,Pittsford,3, 31F43011005,N,43.1123747,-77.5096881,5/8/13,17:29,PROPERTY DAMAGE AND INJURY,1,0,2,COLLISION WITH MOTOR VEHICLE,UNKNOWN,NONE,DAYLIGHT,CLOUDY,DRY
13984,35367967,MONROE,Gates,3,531 43011019,N,43.1570759,-77.7245558,8/19/14,4:50,PROPERTY DAMAGE AND INJURY,1,0,1,COLLISION WITH DEER,OTHER,NONE,DARK-ROAD UNLIGHTED,CLEAR,DRY
13984,35403435,MONROE,Rochester,1,,Y,43.1973810,-77.6233050,9/16/14,16:49,INJURY,1,0,3,COLLISION WITH MOTOR VEHICLE,OTHER,TRAFFIC SIGNAL,DAYLIGHT,CLEAR,DRY
13984,34849008,MONROE,Rochester,1,104 43032008,Y,43.2024470,-77.6447470,6/20/13,18:00,PROPERTY DAMAGE AND INJURY,2,0,2,COLLISION WITH MOTOR VEHICLE,REAR END,TRAFFIC SIGNAL,DAYLIGHT,CLEAR,DRY
13984,35307363,MONROE,Greece,3, 18 43031184,Y,43.2529600,-77.6879140,6/26/14,7:48,INJURY,1,0,2,COLLISION WITH MOTOR VEHICLE,REAR END,TRAFFIC SIGNAL,DAYLIGHT,CLEAR,DRY
13984,34807733,MONROE,Brighton,3,,Y,43.1182340,-77.5959620,6/10/13,15:50,PROPERTY DAMAGE AND INJURY,1,0,3,COLLISION WITH MOTOR VEHICLE,OTHER,NONE,DAYLIGHT,RAIN,WET
13984,35144918,MONROE,Rochester,1,,Y,43.2308120,-77.6261480,2/20/14,19:19,INJURY,2,0,2,COLLISION WITH MOTOR VEHICLE,REAR END,TRAFFIC SIGNAL,DARK-ROAD LIGHTED,RAIN,WET
13984,35409520,MONROE,Greece,3,,Y,43.2383650,-77.6591190,9/14/14,21:35,PROPERTY DAMAGE AND INJURY,1,0,2,COLLISION WITH MOTOR VEHICLE,RIGHT ANGLE,TRAFFIC SIGNAL,DARK-ROAD LIGHTED,CLEAR,DRY
13984,35264365,MONROE,Scottsville,4,383 43011065,N,43.0226767,-77.7479927,5/19/14,23:00,PROPERTY DAMAGE AND INJURY,1,0,1,COLLISION WITH SIGN POST,OTHER,NO PASSING ZONE,DARK-ROAD LIGHTED,CLEAR,DRY
13984,35426883,MONROE,Penfield,3,,Y,43.1285177,-77.4837312,10/8/14,10:20,PROPERTY DAMAGE AND INJURY,1,0,2,COLLISION WITH MOTOR VEHICLE,REAR END,NONE,DAYLIGHT,CLOUDY,DRY
13984,35267203,MONROE,Rochester,1,390I43032000,N,43.1175390,-77.6355415,5/13/14,16:52,PROPERTY DAMAGE AND INJURY,4,0,4,COLLISION WITH MOTOR VEHICLE,OTHER,NONE,DAYLIGHT,CLEAR,DRY
13984,34890464,MONROE,Rochester,1,,Y,43.1743510,-77.6394570,8/9/13,16:08,INJURY,1,0,1,COLLISION WITH BICYCLIST,OTHER,STOP SIGN,DAYLIGHT,CLEAR,DRY
13984,34748588,MONROE,Henrietta,3,,Y,43.0864139,-77.6659760,4/24/13,17:00,INJURY,1,0,2,COLLISION WITH OTHER PEDESTRIAN,OTHER,NONE,DAYLIGHT,CLOUDY,DRY
13984,35267799,MONROE,Greece,3, 18 43031216,Y,43.2366080,-77.6468630,5/18/14,14:05,PROPERTY DAMAGE AND INJURY,1,0,2,COLLISION WITH MOTOR VEHICLE,RIGHT ANGLE,TRAFFIC SIGNAL,DAYLIGHT,CLEAR,DRY
13984,35137031,MONROE,Gates,3,390 43011011,N,43.1724642,-77.6833627,2/13/14,20:55,INJURY,1,0,1,COLLISION WITH SNOW EMBANKMENT,OTHER,NONE,DARK-ROAD LIGHTED,SNOW,SNOW/ICE
13984,35221436,MONROE,Webster,4,,N,43.2126420,-77.4190092,4/11/14,13:43,PROPERTY DAMAGE AND INJURY,1,0,1,COLLISION WITH TREE,OTHER,NONE,DAYLIGHT,CLEAR,DRY
13984,35061137,MONROE,Henrietta,3,252 43011084,N,43.0872601,-77.6073776,12/26/13,18:31,INJURY,1,0,1,COLLISION WITH PEDESTRIAN,OTHER,STOP SIGN,DARK-ROAD LIGHTED,CLOUDY,WET
13984,34740009,MONROE,Mendon,3, 64 43021034,Y,42.9900180,-77.5034880,4/18/13,18:29,PROPERTY DAMAGE AND INJURY,1,0,1,COLLISION WITH TREE,OTHER,NONE,DAYLIGHT,CLEAR,DRY
13984,35434584,MONROE,Greece,3,,N,43.2237083,-77.7337582,10/14/14,8:31,INJURY,1,0,2,COLLISION WITH MOTOR VEHICLE,REAR END,UTILITY WORK AREA,DAYLIGHT,CLEAR,DRY
13984,34817939,MONROE,Rochester,1,,Y,43.1637590,-77.5711230,6/9/13,13:49,INJURY,1,0,1,COLLISION WITH BICYCLIST,OTHER,STOP SIGN,DAYLIGHT,CLEAR,DRY
13984,34784880,MONROE,Rochester,1,,Y,43.1690060,-77.6458710,5/14/13,20:35,PROPERTY DAMAGE AND INJURY,1,0,2,COLLISION WITH MOTOR VEHICLE,REAR END,NONE,DUSK,CLEAR,DRY
13984,34996788,MONROE,Irondequoit,3,,Y,43.2020550,-77.6094090,11/7/13,21:15,INJURY,1,0,2,COLLISION WITH MOTOR VEHICLE,RIGHT ANGLE,STOP SIGN,DARK-ROAD LIGHTED,CLEAR,DRY
13984,34851934,MONROE,Wheatland,3,,N,43.0298605,-77.8844762,7/12/13,14:52,PROPERTY DAMAGE AND INJURY,1,0,1,COLLISION WITH CULVERT/HEADWALL,OTHER,NONE,DAYLIGHT,CLOUDY,DRY
13984,35395575,MONROE,Greece,3,,N,43.2071899,-77.6788072,9/5/14,0:43,INJURY,1,0,1,COLLISION WITH PEDESTRIAN,OTHER,NONE,DARK-ROAD LIGHTED,CLOUDY,DRY
13984,35488411,MONROE,Parma,3,104 43031103,N,43.2180874,-77.8016412,11/21/14,15:50,PROPERTY DAMAGE AND INJURY,1,0,2,COLLISION WITH MOTOR VEHICLE,REAR END,NONE,DAYLIGHT,CLEAR,DRY
13984,34872009,MONROE,Rochester,1,,N,43.1938370,-77.6368981,7/30/13,17:22,PROPERTY DAMAGE AND INJURY,1,0,3,COLLISION WITH MOTOR VEHICLE,OTHER,NONE,DAYLIGHT,CLEAR,DRY
13984,35391456,MONROE,Greece,3,,Y,43.2021500,-77.6980350,9/4/14,11:25,PROPERTY DAMAGE AND INJURY,2,0,3,COLLISION WITH MOTOR VEHICLE,OTHER,TRAFFIC SIGNAL,DAYLIGHT,CLEAR,DRY
13984,35374711,MONROE,Brockport,4, 19 43041056,Y,43.2126020,-77.9393761,7/16/14,7:50,PROPERTY DAMAGE AND INJURY,2,0,3,COLLISION WITH MOTOR VEHICLE,OTHER,NONE,DAYLIGHT,CLEAR,DRY
13984,34807714,MONROE,Perinton,3, 31F43011027,N,43.1022608,-77.4686991,6/11/13,14:32,PROPERTY DAMAGE AND INJURY,3,0,2,COLLISION WITH MOTOR VEHICLE,RIGHT ANGLE,STOP SIGN,DAYLIGHT,CLOUDY,WET
13984,35372053,MONROE,Irondequoit,3,,N,43.1963572,-77.5990616,8/20/14,11:20,INJURY,1,0,1,COLLISION WITH PEDESTRIAN,OTHER,NONE,DAYLIGHT,CLOUDY,DRY
13984,34857546,MONROE,Rochester,1,,N,43.1432890,-77.5751920,7/17/13,15:26,INJURY,1,0,2,COLLISION WITH MOTOR VEHICLE,REAR END,TRAFFIC SIGNAL,DAYLIGHT,CLOUDY,DRY
13984,35470860,MONROE,Rochester,1,,Y,43.2039350,-77.6569650,11/14/14,14:50,PROPERTY DAMAGE AND INJURY,1,0,3,COLLISION WITH MOTOR VEHICLE,OTHER,TRAFFIC SIGNAL,DAYLIGHT,CLOUDY,DRY
13984,35099348,MONROE,Greece,3,104 43031128,Y,43.2174070,-77.7526830,1/18/14,19:39,PROPERTY DAMAGE AND INJURY,2,0,2,COLLISION WITH MOTOR VEHICLE,RIGHT ANGLE,TRAFFIC SIGNAL,DARK-ROAD LIGHTED,CLEAR,DRY
13984,35566733,MONROE,Gates,3,,N,43.1565693,-77.7137099,11/14/14,0:24,INJURY,1,0,1,COLLISION WITH GUIDE RAIL,OTHER,NONE,DARK-ROAD LIGHTED,CLOUDY,SNOW/ICE
13984,35521907,MONROE,Rochester,1,,Y,43.1754410,-77.5912330,12/18/14,17:57,PROPERTY DAMAGE AND INJURY,1,0,2,COLLISION WITH MOTOR VEHICLE,LEFT TURN (AGAINST OTHER CAR),TRAFFIC SIGNAL,DARK-ROAD LIGHTED,RAIN,WET
13984,35260456,MONROE,Rochester,1,,N,43.2047662,-77.6305808,5/14/14,17:30,INJURY,1,0,1,COLLISION WITH BICYCLIST,OTHER,NONE,DAYLIGHT,CLOUDY,DRY
13984,35252068,MONROE,Rochester,1,104 43032017,Y,43.1957042,-77.6302267,5/4/14,14:38,PROPERTY DAMAGE AND INJURY,1,0,2,COLLISION WITH MOTOR VEHICLE,RIGHT ANGLE,STOP SIGN,DAYLIGHT,CLEAR,DRY
13984,35276289,MONROE,Wheatland,3,383 43011025,Y,43.0134450,-77.8183061,5/31/14,9:40,PROPERTY DAMAGE AND INJURY,2,0,3,COLLISION WITH MOTOR VEHICLE,OTHER,FLASHING LIGHT,DAYLIGHT,CLEAR,DRY
13984,35012620,MONROE,Parma,3,104 43031114,N,43.2186801,-77.7799109,11/16/13,17:00,PROPERTY DAMAGE AND INJURY,2,0,2,COLLISION WITH MOTOR VEHICLE,HEAD ON,NONE,DARK-ROAD LIGHTED,CLEAR,DRY
13984,35400236,MONROE,Gates,3,390I43037008,N,43.1401307,-77.6687355,9/7/14,10:35,PROPERTY DAMAGE AND INJURY,1,0,1,OVERTURNED,OTHER,NONE,DAYLIGHT,CLEAR,DRY
13984,35394339,MONROE,Rochester,1,,Y,43.1803610,-77.6164510,9/10/14,14:35,PROPERTY DAMAGE AND INJURY,1,0,2,COLLISION WITH MOTOR VEHICLE,LEFT TURN (AGAINST OTHER CAR),STOP SIGN,DAYLIGHT,CLEAR,DRY
13984,34991256,MONROE,Gates,3,390I43037009,N,43.1420328,-77.6707385,10/29/13,17:57,PROPERTY DAMAGE AND INJURY,1,0,2,COLLISION WITH MOTOR VEHICLE,REAR END,NONE,DAYLIGHT,CLOUDY,DRY
13984,35115903,MONROE,Gates,3,,N,43.1530964,-77.7158682,1/29/14,15:04,PROPERTY DAMAGE AND INJURY,1,0,1,COLLISION WITH GUIDERAIL - END,OTHER,NONE,DAYLIGHT,CLOUDY,SNOW/ICE
13984,35040166,MONROE,Rochester,1,940M43011012,Y,43.1809370,-77.6317380,11/13/13,14:15,PROPERTY DAMAGE AND INJURY,1,0,2,COLLISION WITH MOTOR VEHICLE,LEFT TURN (AGAINST OTHER CAR),TRAFFIC SIGNAL,DAYLIGHT,CLEAR,DRY
13984,34780721,MONROE,Gates,3,386 43011114,Y,43.1645356,-77.7324207,5/21/13,16:17,PROPERTY DAMAGE AND INJURY,1,0,2,COLLISION WITH MOTOR VEHICLE,OVERTAKING,NONE,DAYLIGHT,CLOUDY,DRY
13984,34697916,MONROE,Rochester,1,,Y,43.1617070,-77.5859030,3/17/13,0:52,INJURY,1,0,2,COLLISION WITH MOTOR VEHICLE,REAR END,TRAFFIC SIGNAL,DARK-ROAD LIGHTED,CLEAR,DRY
13984,34891433,MONROE,Rochester,1,,N,43.1849844,-77.6135767,8/3/13,17:30,INJURY,1,0,1,COLLISION WITH PEDESTRIAN,OTHER,NONE,DAYLIGHT,CLEAR,DRY
13984,35036461,MONROE,Rochester,1,940T43011013,N,43.1616916,-77.5996532,12/5/13,17:21,PROPERTY DAMAGE AND INJURY,1,0,3,COLLISION WITH MOTOR VEHICLE,OTHER,NONE,DARK-ROAD LIGHTED,CLOUDY,DRY
13984,34921355,MONROE,Rochester,1, 96 43052026,Y,43.1550410,-77.5944240,9/11/13,20:47,INJURY,1,0,1,COLLISION WITH PEDESTRIAN,OTHER,TRAFFIC SIGNAL,DARK-ROAD LIGHTED,CLEAR,DRY
13984,35115183,MONROE,Henrietta,3, 15 43031107,Y,43.0848656,-77.6380458,1/25/14,13:12,PROPERTY DAMAGE AND INJURY,1,0,2,COLLISION WITH MOTOR VEHICLE,REAR END,TRAFFIC SIGNAL,DAYLIGHT,CLEAR,WET
13984,35113184,MONROE,Rochester,1,490I43022023,N,43.1569495,-77.6278803,1/28/14,18:09,PROPERTY DAMAGE AND INJURY,1,0,2,COLLISION WITH MOTOR VEHICLE,REAR END,NONE,DARK-ROAD LIGHTED,CLEAR,DRY
13984,35218686,MONROE,Greece,3,,Y,43.2051890,-77.6662890,4/4/14,22:37,PROPERTY DAMAGE AND INJURY,1,0,3,COLLISION WITH MOTOR VEHICLE,OTHER,TRAFFIC SIGNAL,DARK-ROAD LIGHTED,RAIN,WET
13984,35307392,MONROE,Ogden,3, 31 43031136,Y,43.1809690,-77.7738710,6/27/14,14:05,PROPERTY DAMAGE AND INJURY,1,0,2,COLLISION WITH MOTOR VEHICLE,LEFT TURN (AGAINST OTHER CAR),TRAFFIC SIGNAL,DAYLIGHT,CLEAR,DRY
13984,34794846,MONROE,Brighton,3, 96 43051096,N,43.1384175,-77.5407055,5/31/13,21:15,PROPERTY DAMAGE AND INJURY,1,0,1,COLLISION WITH FIRE HYDRANT,OTHER,NONE,DARK-ROAD LIGHTED,CLEAR,DRY
13984,35125853,MONROE,Perinton,3, 31F43011073,Y,43.0941080,-77.3925640,2/7/14,7:15,PROPERTY DAMAGE AND INJURY,1,0,2,COLLISION WITH MOTOR VEHICLE,RIGHT ANGLE,STOP SIGN,DAWN,CLOUDY,DRY
13984,35429857,MONROE,Rochester,1,,N,43.2035180,-77.5618440,8/18/14,11:20,INJURY,1,0,2,COLLISION WITH MOTOR VEHICLE,REAR END,STOP SIGN,DAYLIGHT,CLEAR,DRY
13984,35088372,MONROE,Rochester,1, 15 43032008,Y,43.1246340,-77.6175109,12/1/13,12:00,PROPERTY DAMAGE AND INJURY,2,0,2,COLLISION WITH MOTOR VEHICLE,REAR END,NONE,DARK-ROAD LIGHTED,CLOUDY,WET
13984,35287931,MONROE,Perinton,3, 31 43033088,Y,43.0688870,-77.4364529,6/12/14,15:58,PROPERTY DAMAGE AND INJURY,1,0,2,COLLISION WITH MOTOR VEHICLE,RIGHT ANGLE,STOP SIGN,DAYLIGHT,CLEAR,DRY
13984,35312780,MONROE,Gates,3, 33 43031121,Y,43.1470730,-77.7112370,7/2/14,13:49,INJURY,1,0,2,COLLISION WITH MOTOR VEHICLE,REAR END,TRAFFIC SIGNAL,DAYLIGHT,CLOUDY,DRY
13984,35197745,MONROE,Rochester,1,940M43011008,Y,43.1757100,-77.6301080,3/23/14,21:06,PROPERTY DAMAGE AND INJURY,1,0,2,COLLISION WITH MOTOR VEHICLE,RIGHT ANGLE,TRAFFIC SIGNAL,DARK-ROAD LIGHTED,CLEAR,DRY
13984,35536649,MONROE,Henrietta,3,,N,43.0921577,-77.6145301,12/24/14,12:19,PROPERTY DAMAGE AND INJURY,1,0,3,COLLISION WITH MOTOR VEHICLE,OTHER,NONE,DAYLIGHT,CLOUDY,WET
13984,35191632,MONROE,Mendon,3,251 43011220,Y,42.9968550,-77.5613650,1/30/14,14:40,PROPERTY DAMAGE AND INJURY,1,0,2,COLLISION WITH MOTOR VEHICLE,RIGHT ANGLE,FLASHING LIGHT,DAYLIGHT,CLEAR,DRY
13984,34743511,MONROE,Sweden,3, 31A43021024,N,43.1983611,-77.9497427,4/19/13,9:30,PROPERTY DAMAGE AND INJURY,1,0,2,COLLISION WITH MOTOR VEHICLE,REAR END,TRAFFIC SIGNAL,DAYLIGHT,CLOUDY,DRY
13984,34771273,MONROE,Greece,3,,Y,43.2076620,-77.6818550,3/11/13,22:40,PROPERTY DAMAGE AND INJURY,1,0,1,COLLISION WITH CURBING,OTHER,UNKNOWN,DARK-ROAD LIGHTED,CLEAR,DRY
13984,35366128,MONROE,Rochester,1,942G43011003,Y,43.1559753,-77.6164478,8/9/14,11:00,INJURY,1,0,2,COLLISION WITH MOTOR VEHICLE,RIGHT ANGLE,NONE,DAYLIGHT,CLEAR,DRY
13984,35082992,MONROE,Rochester,1,,Y,43.1369060,-77.6070450,12/20/13,7:14,INJURY,1,0,1,COLLISION WITH PEDESTRIAN,OTHER,TRAFFIC SIGNAL,DAWN,CLOUDY,DRY
13984,35290023,MONROE,Rochester,1, 18 43032003,N,43.2133116,-77.6390547,6/15/14,5:05,PROPERTY DAMAGE AND INJURY,1,0,1,COLLISION WITH CURBING,OTHER,NONE,DAWN,CLOUDY,DRY