QUERYID,CASE #,REGN_CNTY_CDE,Municipality,MUNITYPE,REF_MRKR,ATINTERSECTION_IND,Lat,Long,,Time,Crash Type,Injuries,Fatalities,Number of Vehicles,ACCD_TYP,COLLISION_TYP,TRAF_CNTL,Light Condition,Weather Condition,Road Surface Condition
13984,35339645,MONROE,Penfield,3,,Y,43.1331480,-77.4922770,7/24/14,14:33,PROPERTY DAMAGE AND INJURY,1,0,2,COLLISION WITH MOTOR VEHICLE,RIGHT TURN (WITH OTHER CAR),TRAFFIC SIGNAL,DAYLIGHT,CLEAR,DRY
13984,35454932,MONROE,Henrietta,3,,N,43.0469877,-77.6690321,11/3/14,3:14,PROPERTY DAMAGE AND INJURY,1,0,1,COLLISION WITH DEER,OTHER,NONE,DARK-ROAD UNLIGHTED,CLOUDY,DRY
13984,35482751,MONROE,Irondequoit,3,,N,43.1833055,-77.5319074,11/22/14,20:26,PROPERTY DAMAGE AND INJURY,1,0,1,COLLISION WITH TREE,OTHER,NONE,DARK-ROAD UNLIGHTED,CLEAR,WET
13984,34807708,MONROE,Perinton,3, 31F43011067,N,43.0939450,-77.4031743,6/8/13,16:20,PROPERTY DAMAGE AND INJURY,2,0,2,COLLISION WITH MOTOR VEHICLE,OVERTAKING,NONE,DAYLIGHT,CLOUDY,WET
13984,35332968,MONROE,Gates,3,390 43011003,N,43.1610266,-77.6812744,7/10/14,16:34,PROPERTY DAMAGE AND INJURY,1,0,4,COLLISION WITH MOTOR VEHICLE,OTHER,NONE,DAYLIGHT,CLEAR,DRY
13984,34938267,MONROE,Brighton,3,,Y,43.0947577,-77.6135188,9/19/13,11:00,PROPERTY DAMAGE AND INJURY,1,0,2,COLLISION WITH MOTOR VEHICLE,LEFT TURN (AGAINST OTHER CAR),NONE,DAYLIGHT,CLEAR,DRY
13984,34862929,MONROE,Pittsford,3, 31 43033029,N,43.1031993,-77.5387116,7/19/13,18:00,PROPERTY DAMAGE AND INJURY,3,0,3,COLLISION WITH MOTOR VEHICLE,OTHER,NONE,DAYLIGHT,CLEAR,DRY
13984,35231577,MONROE,Penfield,3,441 43011034,N,43.1298219,-77.4767064,4/22/14,10:27,PROPERTY DAMAGE AND INJURY,1,0,2,COLLISION WITH MOTOR VEHICLE,REAR END,NONE,DAYLIGHT,RAIN,WET
13984,35212162,MONROE,Mendon,3, 65 43031061,Y,43.0233090,-77.5841150,3/13/14,12:15,PROPERTY DAMAGE AND INJURY,2,0,2,COLLISION WITH MOTOR VEHICLE,RIGHT ANGLE,STOP SIGN,DAYLIGHT,CLOUDY,WET
13984,35398649,MONROE,Penfield,3,250 43011102,Y,43.1819090,-77.4307320,9/11/14,15:54,PROPERTY DAMAGE AND INJURY,2,0,2,COLLISION WITH MOTOR VEHICLE,LEFT TURN (WITH OTHER CAR),TRAFFIC SIGNAL,DAYLIGHT,CLOUDY,DRY
13984,35057788,MONROE,Rochester,1,,Y,43.1511850,-77.5923961,12/20/13,17:39,INJURY,1,0,1,COLLISION WITH PEDESTRIAN,OTHER,TRAFFIC SIGNAL,DARK-ROAD LIGHTED,RAIN,WET
13984,35390931,MONROE,Chili,3,259 43011017,N,43.1177673,-77.8048463,8/28/14,17:27,PROPERTY DAMAGE AND INJURY,1,0,2,COLLISION WITH MOTOR VEHICLE,REAR END,NONE,DAYLIGHT,CLEAR,DRY
13984,35081428,MONROE,Gates,3, 31 43031182,Y,43.1647020,-77.6880160,1/11/14,20:47,PROPERTY DAMAGE AND INJURY,2,0,2,COLLISION WITH MOTOR VEHICLE,RIGHT ANGLE,TRAFFIC SIGNAL,DARK-ROAD LIGHTED,CLOUDY,WET
13984,35164727,MONROE,Greece,3,,N,43.1913492,-77.6821728,3/5/14,15:21,INJURY,2,0,4,COLLISION WITH MOTOR VEHICLE,OTHER,TRAFFIC SIGNAL,DAYLIGHT,CLOUDY,WET
13984,35167105,MONROE,Rochester,1,,Y,43.1657100,-77.5728920,3/8/14,12:30,INJURY,2,0,2,COLLISION WITH MOTOR VEHICLE,RIGHT ANGLE,STOP SIGN,DAYLIGHT,CLOUDY,WET
13984,35000460,MONROE,Gates,3, 33A43021135,Y,43.1283400,-77.6978250,11/11/13,20:13,PROPERTY DAMAGE AND INJURY,2,0,2,COLLISION WITH MOTOR VEHICLE,RIGHT ANGLE,STOP SIGN,DARK-ROAD LIGHTED,RAIN,WET
13984,35271130,MONROE,Webster,3,404 43035083,N,43.2080673,-77.4637465,5/22/14,14:35,INJURY,1,0,2,COLLISION WITH MOTOR VEHICLE,REAR END,NONE,DAYLIGHT,CLOUDY,DRY
13984,35336998,MONROE,Gates,3, 33 43031121,Y,43.1470730,-77.7112370,7/22/14,15:27,PROPERTY DAMAGE AND INJURY,1,0,2,COLLISION WITH MOTOR VEHICLE,RIGHT ANGLE,TRAFFIC SIGNAL,DAYLIGHT,CLEAR,DRY
13984,35119089,MONROE,Brighton,3,,N,43.1102044,-77.6617627,2/2/14,7:00,PROPERTY DAMAGE AND INJURY,1,0,1,COLLISION WITH TREE,OTHER,NONE,DAYLIGHT,SLEET/HAIL/FREEZING RAIN,SNOW/ICE
13984,34821192,MONROE,Brighton,3,,Y,43.1059850,-77.6187400,6/20/13,17:01,PROPERTY DAMAGE AND INJURY,1,0,2,COLLISION WITH MOTOR VEHICLE,LEFT TURN (AGAINST OTHER CAR),TRAFFIC SIGNAL,DAYLIGHT,CLEAR,DRY
13984,35371039,MONROE,Rochester,1,,Y,43.1740920,-77.6130181,8/17/14,17:30,INJURY,1,0,1,COLLISION WITH PEDESTRIAN,OTHER,NONE,DAYLIGHT,CLEAR,DRY
13984,34983642,MONROE,Greece,3,,N,43.2203588,-77.6350106,10/18/13,12:25,PROPERTY DAMAGE AND INJURY,1,0,2,COLLISION WITH MOTOR VEHICLE,REAR END,NONE,DAYLIGHT,CLEAR,DRY
13984,35090787,MONROE,Rochester,1,,Y,43.1570501,-77.5488487,1/16/14,8:53,PROPERTY DAMAGE AND INJURY,1,0,2,COLLISION WITH MOTOR VEHICLE,RIGHT ANGLE,NONE,DAYLIGHT,CLOUDY,DRY
13984,35227690,MONROE,Penfield,3,,Y,43.1824050,-77.5021680,4/17/14,19:05,PROPERTY DAMAGE AND INJURY,2,0,2,COLLISION WITH MOTOR VEHICLE,RIGHT ANGLE,TRAFFIC SIGNAL,DAYLIGHT,CLEAR,DRY
13984,35493758,MONROE,Rochester,1,,N,43.1435272,-77.5479538,11/27/14,0:35,PROPERTY DAMAGE AND INJURY,2,0,2,COLLISION WITH MOTOR VEHICLE,OVERTAKING,NONE,DARK-ROAD LIGHTED,SNOW,SNOW/ICE
13984,34986094,MONROE,Rochester,1,940T43011006,N,43.1608615,-77.6126492,11/1/13,8:06,PROPERTY DAMAGE AND INJURY,1,0,2,COLLISION WITH MOTOR VEHICLE,REAR END,NONE,DAYLIGHT,RAIN,WET
13984,35364157,MONROE,Rochester,1,,Y,43.1363970,-77.5979700,8/14/14,12:00,PROPERTY DAMAGE AND INJURY,1,0,2,COLLISION WITH MOTOR VEHICLE,HEAD ON,NONE,DAYLIGHT,CLOUDY,DRY
13984,34754536,MONROE,Irondequoit,3,,Y,43.2106810,-77.5982750,4/19/13,20:15,PROPERTY DAMAGE AND INJURY,1,0,2,COLLISION WITH MOTOR VEHICLE,SIDESWIPE,UNKNOWN,UNKNOWN,UNKNOWN,UNKNOWN
13984,34949949,MONROE,Rochester,1,,N,43.1678100,-77.6425401,10/2/13,18:27,INJURY,1,0,1,COLLISION WITH PEDESTRIAN,OTHER,NONE,DAYLIGHT,CLEAR,DRY
13984,35034761,MONROE,Rochester,1,,Y,43.1951050,-77.6089710,12/9/13,14:38,INJURY,1,0,1,COLLISION WITH PEDESTRIAN,OTHER,TRAFFIC SIGNAL,DAYLIGHT,CLOUDY,DRY
13984,35045975,MONROE,Brighton,3,390I43031130,N,43.1066998,-77.6000976,12/14/13,11:56,INJURY,1,0,1,COLLISION WITH GUIDE RAIL,OTHER,NONE,DAYLIGHT,SNOW,SNOW/ICE
13984,34825632,MONROE,Brighton,3, 65 43031127,Y,43.1110170,-77.5477170,6/21/13,19:00,INJURY,1,0,1,COLLISION WITH BICYCLIST,OTHER,YIELD SIGN,DAYLIGHT,CLEAR,DRY
13984,35219113,MONROE,Rochester,1,,Y,43.1672380,-77.6020650,4/11/14,15:25,INJURY,1,0,2,COLLISION WITH MOTOR VEHICLE,SIDESWIPE,STOP SIGN,DAYLIGHT,CLEAR,DRY
13984,35241812,MONROE,Perinton,3, 96 43051026,N,43.0614269,-77.4764789,4/27/14,20:59,INJURY,1,0,2,COLLISION WITH MOTOR VEHICLE,REAR END,NONE,DARK-ROAD LIGHTED,CLEAR,DRY
13984,34964127,MONROE,Henrietta,3,252 43011058,Y,43.0928054,-77.6588779,10/15/13,14:00,PROPERTY DAMAGE AND INJURY,1,0,2,COLLISION WITH MOTOR VEHICLE,REAR END,NONE,DAYLIGHT,CLOUDY,DRY
13984,35290030,UNKNOWN COUNTY,,0,,N,43.1304950,-77.6362931,6/12/14,17:30,INJURY,1,0,2,COLLISION WITH MOTOR VEHICLE,REAR END,NONE,DAYLIGHT,CLOUDY,DRY
13984,34884388,MONROE,Rochester,1,,N,43.1752660,-77.6016356,8/6/13,16:39,INJURY,2,0,2,COLLISION WITH MOTOR VEHICLE,OTHER,NONE,DAYLIGHT,CLEAR,DRY
13984,35516524,MONROE,,0,,N,43.1802138,-77.6207753,12/11/14,11:05,INJURY,2,0,4,COLLISION WITH MOTOR VEHICLE,OTHER,NONE,DAYLIGHT,SNOW,SNOW/ICE
13984,35227672,MONROE,Rochester,1,,Y,43.1454380,-77.5553219,4/14/14,22:41,PROPERTY DAMAGE AND INJURY,1,0,2,COLLISION WITH MOTOR VEHICLE,RIGHT ANGLE,TRAFFIC SIGNAL,DARK-ROAD LIGHTED,RAIN,WET
13984,35073217,MONROE,Rochester,1,490I43022029,N,43.1532844,-77.6188851,1/7/14,7:27,PROPERTY DAMAGE AND INJURY,1,0,3,COLLISION WITH MOTOR VEHICLE,OTHER,NONE,DAYLIGHT,SNOW,SNOW/ICE
13984,35268643,MONROE,Rochester,1,,Y,43.1511140,-77.5521941,5/22/14,13:05,PROPERTY DAMAGE AND INJURY,1,0,2,COLLISION WITH MOTOR VEHICLE,OTHER,NONE,DAYLIGHT,CLEAR,DRY
13984,34902404,MONROE,Gates,3,490I43021172,N,43.1572528,-77.6907158,8/14/13,6:33,INJURY,2,0,4,COLLISION WITH MOTOR VEHICLE,OTHER,OTHER,DAYLIGHT,RAIN,WET
13984,35055028,MONROE,Spencerport,4,259 43011070,Y,43.1927274,-77.8005787,12/24/13,14:34,INJURY,1,0,1,COLLISION WITH PEDESTRIAN,OTHER,NONE,DAYLIGHT,CLOUDY,SNOW/ICE
13984,35093195,UNKNOWN COUNTY,,0,,N,43.2426109,-77.5798909,12/28/13,20:00,INJURY,1,0,1,COLLISION WITH TREE,OTHER,NONE,DARK-ROAD UNLIGHTED,CLEAR,DRY
13984,34717564,MONROE,Gates,3,390 43011012,N,43.1742197,-77.6834416,4/2/13,7:10,PROPERTY DAMAGE AND INJURY,2,0,3,COLLISION WITH MOTOR VEHICLE,OTHER,NONE,DAYLIGHT,SNOW,SNOW/ICE
13984,35042017,MONROE,Chili,3,390I43033002,N,43.1231374,-77.6490243,12/14/13,5:54,PROPERTY DAMAGE AND INJURY,1,0,3,COLL. W/LIGHT SUPPORT/UTILITY POLE,OTHER,NONE,DARK-ROAD LIGHTED,SNOW,SNOW/ICE
13984,35094337,MONROE,Rochester,1,,Y,43.1599730,-77.5984290,1/16/14,20:28,PROPERTY DAMAGE AND INJURY,1,0,2,COLLISION WITH MOTOR VEHICLE,RIGHT ANGLE,TRAFFIC SIGNAL,DARK-ROAD LIGHTED,CLEAR,DRY
13984,35061156,MONROE,Penfield,3,441 43011041,Y,43.1312400,-77.4639639,12/30/13,18:15,PROPERTY DAMAGE AND INJURY,1,0,2,COLLISION WITH MOTOR VEHICLE,REAR END,TRAFFIC SIGNAL,DARK-ROAD LIGHTED,CLOUDY,DRY
13984,35213840,MONROE,Rochester,1,,N,43.1415780,-77.6199250,3/29/14,20:18,INJURY,1,0,2,COLLISION WITH MOTOR VEHICLE,HEAD ON,NONE,DARK-ROAD LIGHTED,SNOW,SNOW/ICE
13984,35091442,MONROE,Irondequoit,3,941B43011006,Y,43.1767699,-77.5450019,1/18/14,18:00,PROPERTY DAMAGE AND INJURY,3,0,2,COLLISION WITH MOTOR VEHICLE,LEFT TURN (AGAINST OTHER CAR),NONE,DARK-ROAD LIGHTED,CLOUDY,WET
13984,34791215,MONROE,Rush,3,251 43011158,N,43.0030410,-77.6692961,5/5/13,11:30,PROPERTY DAMAGE AND INJURY,1,0,2,COLLISION WITH MOTOR VEHICLE,REAR END,YIELD SIGN,DAYLIGHT,CLEAR,DRY
13984,34960303,MONROE,Rochester,1,,Y,43.1455850,-77.6017410,9/26/13,16:26,PROPERTY DAMAGE AND INJURY,1,0,2,COLLISION WITH MOTOR VEHICLE,RIGHT ANGLE,NONE,DAYLIGHT,CLEAR,DRY
13984,34951698,MONROE,Perinton,3, 31 43033066,Y,43.0775460,-77.4772940,10/6/13,11:52,PROPERTY DAMAGE AND INJURY,3,0,3,COLLISION WITH MOTOR VEHICLE,OTHER,TRAFFIC SIGNAL,DAYLIGHT,CLOUDY,WET
13984,34751047,MONROE,Rochester,1,,Y,43.1687060,-77.6560640,4/9/13,10:20,INJURY,1,0,2,COLLISION WITH MOTOR VEHICLE,RIGHT ANGLE,STOP SIGN,DAYLIGHT,CLEAR,DRY
13984,35391432,MONROE,Sweden,3, 19 43041025,N,43.1692610,-77.9424895,8/23/14,21:20,INJURY,1,0,1,COLLISION WITH DEER,OTHER,NONE,DARK-ROAD UNLIGHTED,CLEAR,DRY
13984,35214045,MONROE,Greece,3,,Y,43.2084323,-77.6865368,4/1/14,12:08,INJURY,1,0,2,COLLISION WITH MOTOR VEHICLE,OVERTAKING,NONE,DAYLIGHT,CLOUDY,DRY
13984,34821307,MONROE,Rochester,1,,Y,43.1624980,-77.5969640,6/17/13,16:38,INJURY,1,0,2,COLLISION WITH MOTOR VEHICLE,REAR END,NONE,DAYLIGHT,CLEAR,DRY
13984,35298053,MONROE,Henrietta,3,,N,43.0477246,-77.6504819,6/20/14,9:10,PROPERTY DAMAGE AND INJURY,1,0,2,COLLISION WITH MOTOR VEHICLE,OVERTAKING,NONE,DAYLIGHT,CLEAR,DRY
13984,35391457,MONROE,Greece,3,,Y,43.2383650,-77.6591190,9/6/14,9:45,PROPERTY DAMAGE AND INJURY,1,0,2,COLLISION WITH MOTOR VEHICLE,REAR END,TRAFFIC SIGNAL,DAYLIGHT,CLOUDY,WET
13984,34934497,MONROE,Rochester,1,940M43011006,N,43.1721838,-77.6282973,9/21/13,15:00,PROPERTY DAMAGE AND INJURY,2,0,2,COLLISION WITH MOTOR VEHICLE,REAR END,NONE,DAYLIGHT,RAIN,WET
13984,35426488,MONROE,Rochester,1,940T43011004,N,43.1590853,-77.6151904,10/9/14,16:52,PROPERTY DAMAGE AND INJURY,1,0,3,COLLISION WITH MOTOR VEHICLE,OTHER,NONE,DAYLIGHT,CLOUDY,DRY
13984,34863016,MONROE,Rochester,1,,N,43.1616187,-77.6211057,7/15/13,18:08,PROPERTY DAMAGE AND INJURY,1,0,2,COLLISION WITH MOTOR VEHICLE,RIGHT ANGLE,NONE,DAYLIGHT,CLEAR,DRY
13984,35377089,MONROE,Rochester,1,,Y,43.1878060,-77.5710910,8/24/14,12:51,PROPERTY DAMAGE AND INJURY,3,0,2,COLLISION WITH MOTOR VEHICLE,RIGHT ANGLE,TRAFFIC SIGNAL,DAYLIGHT,CLEAR,DRY
13984,35285338,MONROE,Brighton,3,,N,43.1039115,-77.6390161,6/10/14,13:26,PROPERTY DAMAGE AND INJURY,1,0,1,COLLISION WITH BICYCLIST,OTHER,NONE,DAYLIGHT,CLEAR,DRY
13984,34703763,MONROE,Irondequoit,3,,Y,43.1978250,-77.6002400,3/14/13,22:00,PROPERTY DAMAGE AND INJURY,1,0,2,COLLISION WITH MOTOR VEHICLE,LEFT TURN (WITH OTHER CAR),NONE,DARK-ROAD LIGHTED,CLOUDY,DRY
13984,35254316,MONROE,Brockport,4, 19 43041057,Y,43.2144710,-77.9388049,5/10/14,13:05,INJURY,1,0,2,COLLISION WITH MOTOR VEHICLE,REAR END,TRAFFIC SIGNAL,DAYLIGHT,CLEAR,DRY
13984,35156791,MONROE,Rochester,1,,Y,43.1937810,-77.6000010,2/8/14,16:49,INJURY,1,0,1,COLLISION WITH PEDESTRIAN,OTHER,TRAFFIC SIGNAL,DARK-ROAD LIGHTED,SNOW,SNOW/ICE
13984,35090942,MONROE,Brighton,3,390I43031146,N,43.1120914,-77.6236462,1/9/14,17:17,PROPERTY DAMAGE AND INJURY,1,0,2,COLLISION WITH MOTOR VEHICLE,REAR END,NONE,DARK-ROAD LIGHTED,CLOUDY,DRY
13984,34996763,MONROE,Webster,3,,N,43.2322944,-77.4338019,11/2/13,18:06,PROPERTY DAMAGE AND INJURY,2,0,2,COLLISION WITH MOTOR VEHICLE,RIGHT ANGLE,NONE,DARK-ROAD UNLIGHTED,RAIN,WET
13984,34690620,MONROE,Rochester,1, 15 43032006,Y,43.1215830,-77.6189280,3/5/13,13:27,INJURY,2,0,2,COLLISION WITH MOTOR VEHICLE,REAR END,TRAFFIC SIGNAL,DAYLIGHT,CLEAR,DRY
13984,34849064,MONROE,Rochester,1,,Y,43.1809270,-77.6415100,7/11/13,19:47,INJURY,1,0,1,COLL. W/EARTH ELE./ROCK CUT/DITCH,OTHER,NONE,DUSK,CLEAR,OTHER
13984,35172580,MONROE,Gates,3,,Y,43.1433130,-77.6754160,3/8/14,1:48,PROPERTY DAMAGE AND INJURY,1,0,1,COLLISION WITH TREE,OTHER,NONE,DARK-ROAD UNLIGHTED,CLEAR,SNOW/ICE
13984,34822582,MONROE,Rochester,1,,N,43.1748181,-77.5857804,6/8/13,2:15,PROPERTY DAMAGE AND INJURY,1,0,3,COLLISION WITH MOTOR VEHICLE,OTHER,NONE,DARK-ROAD LIGHTED,RAIN,WET
13984,34960164,MONROE,Perinton,3,,N,43.0889894,-77.4320929,10/12/13,15:31,PROPERTY DAMAGE AND INJURY,2,0,2,COLLISION WITH MOTOR VEHICLE,REAR END,NONE,DAYLIGHT,CLEAR,DRY
13984,35038074,MONROE,Irondequoit,3,590 43013006,N,43.1750085,-77.5421436,10/31/13,22:59,INJURY,1,0,1,COLLISION WITH SIGN POST,OTHER,NONE,DARK-ROAD LIGHTED,RAIN,WET
13984,35566738,MONROE,Hamlin,3, 18 43031028,Y,43.2955270,-77.9434250,11/11/14,16:38,PROPERTY DAMAGE AND INJURY,2,0,2,COLLISION WITH MOTOR VEHICLE,RIGHT ANGLE,STOP SIGN,DAYLIGHT,CLEAR,DRY
13984,34971124,MONROE,Rochester,1,,Y,43.1554970,-77.5836190,10/17/13,19:20,PROPERTY DAMAGE AND INJURY,2,0,3,COLLISION WITH MOTOR VEHICLE,OTHER,STOP SIGN,DARK-ROAD LIGHTED,RAIN,WET
13984,35265950,MONROE,Rochester,1,,Y,43.1599780,-77.5679550,5/17/14,15:42,PROPERTY DAMAGE AND INJURY,1,0,2,COLLISION WITH MOTOR VEHICLE,HEAD ON,NONE,DAYLIGHT,CLEAR,DRY
13984,35197747,MONROE,Rochester,1,940M43011012,Y,43.1809370,-77.6317380,3/21/14,6:46,PROPERTY DAMAGE AND INJURY,2,0,2,COLLISION WITH MOTOR VEHICLE,LEFT TURN (AGAINST OTHER CAR),TRAFFIC SIGNAL,DARK-ROAD LIGHTED,CLOUDY,DRY
13984,34869257,MONROE,Rochester,1,,Y,43.1935541,-77.6235615,7/16/13,6:48,PROPERTY DAMAGE AND INJURY,1,0,2,COLLISION WITH MOTOR VEHICLE,REAR END,YIELD SIGN,DAYLIGHT,CLEAR,DRY
13984,35512122,MONROE,Brighton,3,,N,43.1160781,-77.5967249,12/15/14,9:18,INJURY,1,0,2,COLLISION WITH MOTOR VEHICLE,OVERTAKING,NO PASSING ZONE,DAYLIGHT,CLOUDY,WET
13984,35472889,MONROE,Irondequoit,3,104 43035215,N,43.2092962,-77.5445852,11/17/14,1:58,PROPERTY DAMAGE AND INJURY,1,0,1,COLL. W/EARTH ELE./ROCK CUT/DITCH,OTHER,NONE,DARK-ROAD LIGHTED,SNOW,WET
13984,35114930,MONROE,Rochester,1,490I43022038,N,43.1488588,-77.6033133,1/22/14,7:05,PROPERTY DAMAGE AND INJURY,1,0,1,COLLISION WITH GUIDE RAIL,OTHER,NONE,DAYLIGHT,SNOW,SNOW/ICE
13984,34736440,MONROE,Penfield,3,,Y,43.1313380,-77.4758460,4/12/13,7:55,PROPERTY DAMAGE AND INJURY,1,0,2,COLLISION WITH MOTOR VEHICLE,HEAD ON,STOP SIGN,DAYLIGHT,RAIN,WET
13984,35307211,MONROE,Rochester,1,490I43022003,N,43.1576870,-77.6670471,6/25/14,15:40,PROPERTY DAMAGE AND INJURY,1,0,3,COLLISION WITH MOTOR VEHICLE,OTHER,NONE,DAYLIGHT,CLOUDY,DRY
13984,35261738,MONROE,Hamlin,3,272 45011056,N,43.3357854,-77.9951960,5/15/14,10:32,PROPERTY DAMAGE AND INJURY,1,0,1,COLL. W/EARTH ELE./ROCK CUT/DITCH,OTHER,NONE,DAYLIGHT,CLEAR,DRY
13984,35517952,MONROE,Greece,3,,Y,43.2049020,-77.6965369,12/10/14,16:34,PROPERTY DAMAGE AND INJURY,1,0,2,COLLISION WITH MOTOR VEHICLE,LEFT TURN (AGAINST OTHER CAR),TRAFFIC SIGNAL,DARK-ROAD LIGHTED,SNOW,SNOW/ICE
13984,34873568,MONROE,Rochester,1,104 43032024,N,43.1914656,-77.6180224,8/1/13,14:40,INJURY,2,0,1,OTHER NON-COLLISION,OTHER,NONE,DAYLIGHT,CLOUDY,DRY
13984,35406360,MONROE,Spencerport,4,,N,43.1826520,-77.8066678,9/21/14,21:26,PROPERTY DAMAGE AND INJURY,1,0,2,COLLISION WITH MOTOR VEHICLE,REAR END,NONE,DARK-ROAD LIGHTED,CLEAR,DRY
13984,35197706,MONROE,Rochester,1,,Y,43.1854260,-77.5994810,3/26/14,12:32,INJURY,1,0,1,COLLISION WITH PEDESTRIAN,OTHER,NONE,DAYLIGHT,CLEAR,DRY
13984,35301960,MONROE,Webster,3,404 43035084,N,43.2085484,-77.4613429,6/20/14,15:48,INJURY,1,0,3,COLLISION WITH MOTOR VEHICLE,OTHER,TRAFFIC SIGNAL,DAYLIGHT,CLEAR,DRY
13984,34821941,MONROE,Chili,3,,N,43.1211700,-77.7456400,6/17/13,8:49,INJURY,2,0,2,COLLISION WITH MOTOR VEHICLE,LEFT TURN (AGAINST OTHER CAR),STOP SIGN,DAYLIGHT,CLEAR,DRY
13984,34915349,MONROE,Rochester,1,,Y,43.1696491,-77.6013403,8/11/13,13:01,PROPERTY DAMAGE AND INJURY,2,0,3,COLLISION WITH MOTOR VEHICLE,OTHER,NONE,DAYLIGHT,CLOUDY,DRY
13984,35568770,MONROE,Greece,3,,Y,43.1919630,-77.6801730,12/8/14,7:45,PROPERTY DAMAGE AND INJURY,2,0,2,COLLISION WITH MOTOR VEHICLE,REAR END,TRAFFIC SIGNAL,DAYLIGHT,CLOUDY,DRY
13984,35031259,MONROE,Gates,3, 33A43021152,N,43.1395120,-77.6680260,12/1/13,6:53,PROPERTY DAMAGE AND INJURY,1,0,2,COLLISION WITH MOTOR VEHICLE,RIGHT ANGLE,TRAFFIC SIGNAL,DAWN,CLOUDY,WET
13984,35019160,MONROE,Rochester,1,,Y,43.1573050,-77.5422100,10/24/13,8:53,PROPERTY DAMAGE AND INJURY,1,0,2,COLLISION WITH MOTOR VEHICLE,REAR END,TRAFFIC SIGNAL,DAYLIGHT,CLEAR,DRY
13984,34947810,MONROE,Chili,3, 33A43021107,N,43.1079109,-77.7446032,9/26/13,12:53,PROPERTY DAMAGE AND INJURY,1,0,2,COLLISION WITH MOTOR VEHICLE,REAR END,NONE,DAYLIGHT,CLEAR,DRY
13984,35413459,MONROE,Penfield,3,,N,43.1599273,-77.4005362,9/26/14,17:01,PROPERTY DAMAGE AND INJURY,2,0,2,COLLISION WITH MOTOR VEHICLE,OVERTAKING,NO PASSING ZONE,DAYLIGHT,CLEAR,DRY
13984,35440536,MONROE,Gates,3, 33A43021133,Y,43.1270370,-77.7004960,10/21/14,15:15,PROPERTY DAMAGE AND INJURY,1,0,2,COLLISION WITH MOTOR VEHICLE,RIGHT ANGLE,NONE,DAYLIGHT,CLOUDY,WET
13984,35115179,MONROE,Henrietta,3, 15 43031103,N,43.0795644,-77.6408737,1/26/14,14:27,INJURY,4,0,2,COLLISION WITH MOTOR VEHICLE,RIGHT ANGLE,NONE,DAYLIGHT,CLOUDY,SNOW/ICE
13984,35076446,MONROE,Rochester,1,490I43022069,N,43.1434330,-77.5482030,1/7/14,10:20,PROPERTY DAMAGE AND INJURY,1,0,1,COLLISION WITH OTHER BARRIER,OTHER,NONE,DAYLIGHT,SNOW,SNOW/ICE
13984,35313519,MONROE,Chili,3,383 43011153,Y,43.1202793,-77.6523773,7/2/14,16:20,PROPERTY DAMAGE AND INJURY,2,0,2,COLLISION WITH MOTOR VEHICLE,REAR END,TRAFFIC SIGNAL,DAYLIGHT,CLOUDY,DRY
13984,35045965,MONROE,Mendon,3, 64 43021023,Y,42.9740774,-77.5026649,12/14/13,13:00,PROPERTY DAMAGE AND INJURY,1,0,1,COLL. W/EARTH ELE./ROCK CUT/DITCH,OTHER,NONE,DAYLIGHT,SNOW,SNOW/ICE
13984,35412621,MONROE,Ogden,3,531 43012022,N,43.1794105,-77.8120909,9/26/14,15:55,PROPERTY DAMAGE AND INJURY,4,0,4,COLLISION WITH MOTOR VEHICLE,OTHER,NONE,DAYLIGHT,CLEAR,DRY
13984,35321774,MONROE,Irondequoit,3,,Y,43.2102700,-77.6127040,7/9/14,13:15,PROPERTY DAMAGE AND INJURY,2,0,2,COLLISION WITH MOTOR VEHICLE,RIGHT ANGLE,TRAFFIC SIGNAL,DAYLIGHT,CLOUDY,DRY
13984,34707411,MONROE,Rochester,1,,Y,43.1581680,-77.5856510,3/19/13,20:54,INJURY,1,0,2,COLL. W/LIGHT SUPPORT/UTILITY POLE,OTHER,NONE,DARK-ROAD LIGHTED,CLEAR,WET
13984,34885973,MONROE,Perinton,3, 31F43011021,Y,43.1026090,-77.4809221,7/24/13,13:15,PROPERTY DAMAGE AND INJURY,2,0,2,COLLISION WITH MOTOR VEHICLE,RIGHT ANGLE,TRAFFIC SIGNAL,DAYLIGHT,CLEAR,DRY
13984,35156623,MONROE,Greece,3,947A43021160,N,43.2973999,-77.7193150,2/26/14,13:45,PROPERTY DAMAGE AND INJURY,1,0,1,COLLISION WITH GUIDE RAIL,OTHER,NONE,DAYLIGHT,CLEAR,SNOW/ICE
13984,34865352,MONROE,Parma,3,104 43031080,Y,43.2234130,-77.8470421,5/14/13,2:50,PROPERTY DAMAGE AND INJURY,1,0,1,COLL. W/EARTH ELE./ROCK CUT/DITCH,OTHER,NONE,DARK-ROAD LIGHTED,CLEAR,DRY