QUERYID,CASE #,REGN_CNTY_CDE,Municipality,MUNITYPE,REF_MRKR,ATINTERSECTION_IND,Lat,Long,,Time,Crash Type,Injuries,Fatalities,Number of Vehicles,ACCD_TYP,COLLISION_TYP,TRAF_CNTL,Light Condition,Weather Condition,Road Surface Condition
13984,35037799,MONROE,Rochester,1,,N,43.1928331,-77.5927352,12/9/13,16:42,INJURY,2,0,3,COLLISION WITH MOTOR VEHICLE,OTHER,NONE,DARK-ROAD LIGHTED,CLOUDY,WET
13984,34790179,MONROE,Chili,3,259 43011019,N,43.1196483,-77.8052610,5/25/13,11:47,PROPERTY DAMAGE AND INJURY,1,0,2,COLLISION WITH MOTOR VEHICLE,REAR END,NONE,DAYLIGHT,CLOUDY,DRY
13984,35179979,MONROE,Brighton,3,,Y,43.1257030,-77.5896880,3/14/14,16:03,PROPERTY DAMAGE AND INJURY,1,0,1,COLL. W/LIGHT SUPPORT/UTILITY POLE,OTHER,NONE,DAYLIGHT,CLEAR,WET
13984,35339253,MONROE,East Rochester,3, 31F43011016,Y,43.1049590,-77.4891440,7/16/14,20:00,PROPERTY DAMAGE AND INJURY,1,0,2,COLLISION WITH MOTOR VEHICLE,LEFT TURN (AGAINST OTHER CAR),TRAFFIC SIGNAL,DAYLIGHT,CLEAR,DRY
13984,35459701,MONROE,Rochester,1, 33 43032024,N,43.1525540,-77.6275481,11/4/14,21:02,PROPERTY DAMAGE AND INJURY,1,0,2,COLLISION WITH MOTOR VEHICLE,REAR END,NONE,DARK-ROAD LIGHTED,CLOUDY,DRY
13984,34807709,MONROE,Perinton,3, 96 43051011,N,43.0422923,-77.4631859,6/10/13,16:38,INJURY,1,0,2,COLLISION WITH MOTOR VEHICLE,REAR END,NONE,DAYLIGHT,RAIN,WET
13984,34877038,MONROE,Rochester,1,,Y,43.1902440,-77.5955529,8/1/13,6:36,INJURY,2,0,2,COLLISION WITH MOTOR VEHICLE,RIGHT ANGLE,STOP SIGN,DAYLIGHT,RAIN,WET
13984,35316034,MONROE,Sweden,3, 19 43041028,N,43.1731209,-77.9435671,7/7/14,6:50,PROPERTY DAMAGE AND INJURY,1,0,1,COLL. W/EARTH ELE./ROCK CUT/DITCH,OTHER,NONE,DAYLIGHT,RAIN,WET
13984,35059088,MONROE,Henrietta,3,,N,43.0759230,-77.6266110,12/21/13,10:38,PROPERTY DAMAGE AND INJURY,2,0,3,COLLISION WITH MOTOR VEHICLE,OTHER,TRAFFIC SIGNAL,DAYLIGHT,CLOUDY,DRY
13984,35248770,MONROE,Brighton,3,441 43011105,Y,43.1280560,-77.5214689,5/5/14,8:03,PROPERTY DAMAGE AND INJURY,2,0,2,COLLISION WITH MOTOR VEHICLE,LEFT TURN (AGAINST OTHER CAR),TRAFFIC SIGNAL,DAYLIGHT,CLEAR,DRY
13984,35187968,MONROE,Rochester,1,,Y,43.1781810,-77.5912760,3/12/14,0:20,INJURY,1,0,1,COLLISION WITH BICYCLIST,OTHER,NONE,DARK-ROAD LIGHTED,CLEAR,DRY
13984,34736428,MONROE,Webster,3,,N,43.2513095,-77.4811017,4/15/13,16:58,PROPERTY DAMAGE AND INJURY,1,0,1,COLLISION WITH DEER,OTHER,NONE,DAYLIGHT,CLEAR,DRY
13984,34950014,MONROE,Brighton,3,,N,43.0939259,-77.6350487,10/4/13,15:45,INJURY,1,0,1,COLLISION WITH BICYCLIST,OTHER,NONE,DAYLIGHT,CLOUDY,DRY
13984,35267192,MONROE,Parma,3,104 43031128,Y,43.2174070,-77.7526830,5/21/14,14:09,PROPERTY DAMAGE AND INJURY,2,0,2,COLLISION WITH MOTOR VEHICLE,RIGHT ANGLE,TRAFFIC SIGNAL,DAYLIGHT,CLEAR,DRY
13984,34860558,MONROE,Rochester,1,940M43011002,Y,43.1674170,-77.6253510,7/18/13,9:26,PROPERTY DAMAGE AND INJURY,1,0,2,COLLISION WITH MOTOR VEHICLE,RIGHT ANGLE,NONE,DAYLIGHT,CLEAR,DRY
13984,35179083,MONROE,Irondequoit,3,,Y,43.2479640,-77.6083340,2/10/14,6:50,PROPERTY DAMAGE AND INJURY,1,0,2,COLLISION WITH MOTOR VEHICLE,RIGHT ANGLE,TRAFFIC SIGNAL,DAYLIGHT,SNOW,SNOW/ICE
13984,35158118,MONROE,Irondequoit,3,104 43035212,N,43.2049669,-77.5476422,2/28/14,7:04,PROPERTY DAMAGE AND INJURY,1,0,1,COLLISION WITH GUIDE RAIL,OTHER,NONE,DAYLIGHT,CLEAR,SNOW/ICE
13984,35216567,MONROE,Perinton,3,490I43023058,N,43.0790569,-77.4856244,4/7/14,17:31,PROPERTY DAMAGE AND INJURY,1,0,2,COLLISION WITH MOTOR VEHICLE,REAR END,NONE,DAYLIGHT,RAIN,WET
13984,35046075,MONROE,Rochester,1,940K43011035,N,43.2038098,-77.6593246,12/7/13,13:48,PROPERTY DAMAGE AND INJURY,1,0,1,COLLISION WITH GUIDERAIL - END,OTHER,NONE,DAYLIGHT,CLEAR,DRY
13984,35298877,MONROE,Greece,3,104 43031160,Y,43.2090418,-77.6900582,5/19/14,12:08,INJURY,1,0,2,COLLISION WITH MOTOR VEHICLE,REAR END,NONE,DAYLIGHT,CLOUDY,DRY
13984,35381831,MONROE,Rochester,1,,Y,43.1804610,-77.5877981,8/30/14,15:19,INJURY,1,0,2,COLLISION WITH MOTOR VEHICLE,OVERTAKING,NONE,DAYLIGHT,CLEAR,DRY
13984,34977998,MONROE,Greece,3,,Y,43.2261630,-77.6364510,10/4/13,9:38,PROPERTY DAMAGE AND INJURY,1,0,3,COLLISION WITH MOTOR VEHICLE,OTHER,NO PASSING ZONE,DAYLIGHT,RAIN,WET
13984,35282545,MONROE,Ogden,3,,N,43.1670222,-77.7564356,6/4/14,18:00,PROPERTY DAMAGE AND INJURY,1,0,2,COLLISION WITH MOTOR VEHICLE,OVERTAKING,NO PASSING ZONE,DAYLIGHT,CLOUDY,DRY
13984,34820037,MONROE,Rochester,1,,Y,43.1567610,-77.6439580,6/12/13,23:37,INJURY,1,0,2,COLLISION WITH MOTOR VEHICLE,RIGHT TURN (AGAINST OTHER CAR),TRAFFIC SIGNAL,DARK-ROAD LIGHTED,RAIN,WET
13984,35460762,MONROE,Gates,3,204 43011006,N,43.1290496,-77.7090177,11/5/14,8:33,INJURY,1,0,1,COLLISION WITH GUIDE RAIL,OTHER,NONE,DAYLIGHT,CLEAR,DRY
13984,35268193,MONROE,Rochester,1,104 43032038,N,43.1936822,-77.5915006,5/20/14,9:10,PROPERTY DAMAGE AND INJURY,1,0,1,OVERTURNED,OTHER,NONE,DAYLIGHT,CLEAR,DRY
13984,35040313,MONROE,Sweden,3,,Y,43.2074500,-77.9670670,12/10/13,14:45,PROPERTY DAMAGE AND INJURY,2,0,2,COLLISION WITH MOTOR VEHICLE,RIGHT ANGLE,NONE,DAYLIGHT,CLOUDY,DRY
13984,35531124,MONROE,Irondequoit,3,,N,43.2484857,-77.5992133,12/24/14,21:34,INJURY,1,0,2,COLLISION WITH MOTOR VEHICLE,REAR END,NONE,DARK-ROAD LIGHTED,CLEAR,DRY
13984,35260481,MONROE,Rochester,1,940K43011001,Y,43.1535670,-77.6596260,5/9/14,22:04,PROPERTY DAMAGE AND INJURY,1,0,2,COLLISION WITH MOTOR VEHICLE,RIGHT ANGLE,NONE,DARK-ROAD LIGHTED,CLEAR,DRY
13984,35158885,MONROE,Gates,3,,N,43.1597066,-77.7115059,2/27/14,13:56,PROPERTY DAMAGE AND INJURY,1,0,3,COLLISION WITH OTHER FIXED OBJECT,OTHER,NONE,DAYLIGHT,SNOW,SNOW/ICE
13984,35254356,MONROE,Pittsford,4, 96 43051059,Y,43.0908280,-77.5152560,5/6/14,17:03,INJURY,1,0,1,COLLISION WITH PEDESTRIAN,OTHER,TRAFFIC SIGNAL,DAYLIGHT,CLEAR,DRY
13984,35412240,MONROE,Rochester,1,,N,43.1650606,-77.5913266,9/24/14,12:10,PROPERTY DAMAGE AND INJURY,1,0,2,COLLISION WITH MOTOR VEHICLE,HEAD ON,NONE,DAYLIGHT,CLEAR,DRY
13984,35353799,MONROE,Chili,3,,N,43.0463159,-77.7956419,8/4/14,11:24,FATAL,0,1,1,COLLISION WITH TREE,OTHER,NO PASSING ZONE,DAYLIGHT,CLOUDY,DRY
13984,35252867,MONROE,Penfield,3,250 43011066,N,43.1305529,-77.4413044,4/22/14,21:30,PROPERTY DAMAGE AND INJURY,1,0,2,COLLISION WITH MOTOR VEHICLE,OTHER,NONE,DARK-ROAD LIGHTED,CLEAR,DRY
13984,35068050,MONROE,Henrietta,3, 15A43041089,Y,43.0538440,-77.6153670,12/18/13,9:59,PROPERTY DAMAGE AND INJURY,1,0,2,COLLISION WITH MOTOR VEHICLE,REAR END,NONE,DAYLIGHT,CLOUDY,DRY
13984,35499592,MONROE,Henrietta,3, 15A43041106,N,43.0776709,-77.6062252,11/14/14,11:10,INJURY,1,0,1,COLLISION WITH BICYCLIST,OTHER,NONE,DAYLIGHT,CLOUDY,DRY
13984,35236816,MONROE,Brighton,3,,Y,43.1264050,-77.5657140,4/26/14,22:43,PROPERTY DAMAGE AND INJURY,2,0,2,COLLISION WITH MOTOR VEHICLE,RIGHT ANGLE,TRAFFIC SIGNAL,DARK-ROAD LIGHTED,CLEAR,DRY
13984,34869207,MONROE,Rochester,1,,N,43.1496366,-77.5716282,7/25/13,17:50,PROPERTY DAMAGE AND INJURY,1,0,2,COLLISION WITH MOTOR VEHICLE,REAR END,TRAFFIC SIGNAL,DAYLIGHT,CLEAR,DRY
13984,35227721,MONROE,Penfield,3,,N,43.1823974,-77.4883536,4/17/14,13:33,PROPERTY DAMAGE AND INJURY,1,0,2,COLLISION WITH MOTOR VEHICLE,OVERTAKING,NONE,DAYLIGHT,CLEAR,DRY
13984,35400913,MONROE,Rochester,1,940M43011005,Y,43.1717340,-77.6280679,7/20/14,13:00,PROPERTY DAMAGE AND INJURY,1,0,1,COLLISION WITH MEDIAN/BARRIER,OTHER,TRAFFIC SIGNAL,DAYLIGHT,CLEAR,DRY
13984,35307403,MONROE,Scottsville,4,253 43011000,Y,43.0282230,-77.7431860,6/24/14,17:38,PROPERTY DAMAGE AND INJURY,1,0,2,COLLISION WITH MOTOR VEHICLE,REAR END,TRAFFIC SIGNAL,DAYLIGHT,CLOUDY,WET
13984,35400591,MONROE,Brighton,3,590 43011006,N,43.1498947,-77.5398212,9/9/14,9:10,PROPERTY DAMAGE AND INJURY,1,0,3,COLLISION WITH MOTOR VEHICLE,OTHER,NONE,DAYLIGHT,CLEAR,DRY
13984,35359854,MONROE,Greece,3,,N,43.2112891,-77.6742822,7/31/14,8:30,INJURY,1,0,1,COLLISION WITH SIGN POST,OTHER,NONE,DAYLIGHT,CLOUDY,DRY
13984,34911570,MONROE,Brighton,3,,N,43.1172449,-77.5963066,9/4/13,8:34,INJURY,1,0,3,COLLISION WITH MOTOR VEHICLE,OTHER,NONE,DAYLIGHT,CLEAR,DRY
13984,35372039,MONROE,Chili,3, 33A43021130,N,43.1245240,-77.7056851,7/16/14,15:38,PROPERTY DAMAGE AND INJURY,1,0,1,COLL. W/LIGHT SUPPORT/UTILITY POLE,OTHER,NONE,DAYLIGHT,CLEAR,DRY
13984,34803912,MONROE,Brighton,3,,Y,43.1154460,-77.5918740,6/6/13,14:25,PROPERTY DAMAGE AND INJURY,1,0,2,COLLISION WITH MOTOR VEHICLE,REAR END,TRAFFIC SIGNAL,DAYLIGHT,RAIN,WET
13984,35065737,MONROE,Rochester,1, 31 43032013,Y,43.1646370,-77.6501100,1/1/14,17:23,PROPERTY DAMAGE AND INJURY,1,0,2,COLLISION WITH MOTOR VEHICLE,RIGHT TURN (AGAINST OTHER CAR),NONE,DARK-ROAD LIGHTED,SNOW,SNOW/ICE
13984,34975087,MONROE,Brighton,3,286A43011001,Y,43.1492920,-77.5414900,10/24/13,7:37,PROPERTY DAMAGE AND INJURY,1,0,2,COLLISION WITH MOTOR VEHICLE,REAR END,NONE,DAYLIGHT,CLEAR,DRY
13984,34800228,MONROE,Rochester,1,490I43022069,N,43.1433925,-77.5480332,6/4/13,7:57,PROPERTY DAMAGE AND INJURY,1,0,2,COLLISION WITH MOTOR VEHICLE,REAR END,NONE,DAYLIGHT,CLEAR,DRY
13984,34984869,MONROE,Rochester,1,,Y,43.1905958,-77.6086283,10/2/13,13:47,PROPERTY DAMAGE AND INJURY,1,0,2,COLLISION WITH MOTOR VEHICLE,REAR END,NONE,DAYLIGHT,CLEAR,DRY
13984,34732036,MONROE,Rochester,1,,N,43.1799162,-77.6136008,4/8/13,13:48,INJURY,3,0,3,COLLISION WITH MOTOR VEHICLE,OTHER,TRAFFIC SIGNAL,DAYLIGHT,CLEAR,DRY
13984,35335743,MONROE,Brockport,4,,Y,43.2199763,-77.9670000,7/21/14,17:25,INJURY,1,0,1,RAN OFF ROAD ONLY,OTHER,NO PASSING ZONE,DAYLIGHT,CLEAR,DRY
13984,35509253,MONROE,Sweden,3, 31 43031070,N,43.1975495,-77.8963930,12/5/14,17:04,INJURY,1,0,3,COLLISION WITH MOTOR VEHICLE,OTHER,NONE,DARK-ROAD UNLIGHTED,CLEAR,DRY
13984,35470671,MONROE,Greece,3,,N,43.2076969,-77.6787460,11/8/14,18:10,INJURY,2,0,1,COLLISION WITH PEDESTRIAN,OTHER,NONE,DARK-ROAD UNLIGHTED,CLEAR,DRY
13984,34839140,MONROE,Henrietta,3,252 43011060,N,43.0928368,-77.6535150,6/24/13,16:31,INJURY,1,0,2,COLLISION WITH MOTOR VEHICLE,REAR END,TRAFFIC SIGNAL,DAYLIGHT,CLEAR,DRY
13984,35128870,MONROE,Irondequoit,3,590 43013008,N,43.1781935,-77.5427011,2/5/14,10:12,PROPERTY DAMAGE AND INJURY,1,0,2,COLLISION WITH MOTOR VEHICLE,OVERTAKING,NONE,DAYLIGHT,SNOW,SNOW/ICE
13984,34921357,MONROE,Rochester,1,,Y,43.1553440,-77.6290200,9/11/13,20:11,PROPERTY DAMAGE AND INJURY,1,0,1,COLLISION WITH BRIDGE STRUCTURE,OTHER,NONE,DARK-ROAD LIGHTED,CLEAR,DRY
13984,35338548,MONROE,Parma,3,259 43011167,Y,43.3319960,-77.7930670,7/24/14,10:32,PROPERTY DAMAGE AND INJURY,1,0,2,COLLISION WITH MOTOR VEHICLE,RIGHT ANGLE,STOP SIGN,DAYLIGHT,CLEAR,DRY
13984,34767204,MONROE,Irondequoit,3,,N,43.1988042,-77.5769984,5/10/13,13:05,PROPERTY DAMAGE AND INJURY,1,0,2,COLLISION WITH MOTOR VEHICLE,RIGHT ANGLE,TRAFFIC SIGNAL,DAYLIGHT,CLOUDY,WET
13984,34812701,MONROE,Pittsford,4, 31 43033046,N,43.0896096,-77.5116882,6/8/13,14:19,INJURY,3,0,3,COLLISION WITH MOTOR VEHICLE,OTHER,NO PASSING ZONE,DAYLIGHT,RAIN,WET
13984,35201787,MONROE,Chili,3,390I43033001,Y,43.1227576,-77.6487660,3/30/14,10:45,INJURY,1,0,2,COLLISION WITH MOTOR VEHICLE,OVERTAKING,NONE,DAYLIGHT,CLOUDY,SNOW/ICE
13984,35364182,MONROE,Rochester,1,940M43011000,Y,43.1646390,-77.6232511,8/1/14,11:09,INJURY,1,0,3,COLLISION WITH MOTOR VEHICLE,OTHER,TRAFFIC SIGNAL,DAYLIGHT,CLEAR,DRY
13984,34797880,MONROE,Pittsford,3,943C43011127,Y,43.0686920,-77.5292090,6/1/13,23:33,PROPERTY DAMAGE AND INJURY,1,0,2,COLLISION WITH MOTOR VEHICLE,RIGHT ANGLE,TRAFFIC SIGNAL,DARK-ROAD UNLIGHTED,RAIN,WET
13984,34683823,MONROE,Gates,3, 33 43031111,N,43.1441952,-77.7288674,3/5/13,17:43,PROPERTY DAMAGE AND INJURY,1,0,3,COLLISION WITH MOTOR VEHICLE,OTHER,NONE,DAYLIGHT,CLOUDY,DRY
13984,35068108,MONROE,Pittsford,4, 96 43051054,N,43.0863826,-77.5176579,12/31/13,13:57,INJURY,1,0,3,COLLISION WITH MOTOR VEHICLE,OTHER,NONE,DAYLIGHT,CLEAR,DRY
13984,35371516,MONROE,Ogden,3,,N,43.1835585,-77.7765623,8/14/14,9:00,PROPERTY DAMAGE AND INJURY,1,0,1,COLLISION WITH OTHER FIXED OBJECT,OTHER,NONE,DAYLIGHT,CLOUDY,DRY
13984,34794867,MONROE,Gates,3,,Y,43.1731320,-77.7015730,5/31/13,19:06,INJURY,1,0,1,COLLISION WITH BICYCLIST,OTHER,NONE,DAYLIGHT,CLEAR,DRY
13984,35477689,MONROE,Sweden,3, 31 43031047,N,43.1983532,-77.9421555,10/30/14,15:44,INJURY,1,0,2,COLLISION WITH MOTOR VEHICLE,REAR END,NONE,DAYLIGHT,CLEAR,DRY
13984,35462411,MONROE,Irondequoit,3,104 43033010,N,43.1960785,-77.5629394,11/9/14,7:07,PROPERTY DAMAGE AND INJURY,1,0,1,COLLISION WITH DEER,OTHER,NONE,DAYLIGHT,CLOUDY,DRY
13984,35324581,MONROE,Sweden,3,,N,43.2126903,-77.9665100,7/11/14,22:01,INJURY,1,0,1,COLLISION WITH PEDESTRIAN,OTHER,NONE,DARK-ROAD LIGHTED,CLEAR,DRY
13984,34931700,MONROE,Rochester,1,,Y,43.1576190,-77.5906280,9/13/13,2:31,PROPERTY DAMAGE AND INJURY,1,0,2,COLLISION WITH MOTOR VEHICLE,RIGHT ANGLE,FLASHING LIGHT,DARK-ROAD LIGHTED,CLOUDY,WET
13984,35418033,MONROE,Rochester,1,,Y,43.1665780,-77.6020520,9/28/14,10:09,INJURY,1,0,1,COLLISION WITH BICYCLIST,OTHER,NONE,DAYLIGHT,CLEAR,DRY
13984,34803937,MONROE,Chili,3,259 43011004,N,43.0987313,-77.7997694,6/6/13,13:08,INJURY,1,0,2,COLLISION WITH MOTOR VEHICLE,REAR END,NONE,DAYLIGHT,RAIN,WET
13984,34746068,MONROE,Brockport,4,,Y,43.2109800,-77.9454991,4/12/13,15:20,INJURY,1,0,2,COLLISION WITH MOTOR VEHICLE,RIGHT ANGLE,STOP SIGN,DAYLIGHT,CLOUDY,DRY
13984,35185696,MONROE,East Rochester,4,940U43011006,Y,43.1161093,-77.4965679,3/18/14,21:44,PROPERTY DAMAGE AND INJURY,1,0,3,COLLISION WITH MOTOR VEHICLE,OTHER,NONE,DARK-ROAD LIGHTED,CLEAR,DRY
13984,35259312,MONROE,Rochester,1,,Y,43.1763670,-77.5573561,5/12/14,21:40,INJURY,1,0,2,COLLISION WITH MOTOR VEHICLE,LEFT TURN (WITH OTHER CAR),NONE,DARK-ROAD LIGHTED,CLEAR,DRY
13984,35134815,MONROE,Gates,3,390I43037000,Y,43.1308510,-77.6611950,2/13/14,10:04,PROPERTY DAMAGE AND INJURY,1,0,2,COLLISION WITH MOTOR VEHICLE,RIGHT ANGLE,NONE,DAYLIGHT,CLOUDY,DRY
13984,34912778,MONROE,Webster,3,,N,43.2046365,-77.4962013,8/30/13,19:12,PROPERTY DAMAGE AND INJURY,1,0,2,COLLISION WITH MOTOR VEHICLE,RIGHT ANGLE,TRAFFIC SIGNAL,DAYLIGHT,CLOUDY,DRY
13984,34804020,MONROE,Rochester,1,942G43011002,Y,43.1540610,-77.6150771,5/31/13,17:25,PROPERTY DAMAGE AND INJURY,1,0,3,COLLISION WITH MOTOR VEHICLE,OTHER,TRAFFIC SIGNAL,DAYLIGHT,CLEAR,DRY
13984,35548197,MONROE,Rochester,1, 31 43032010,N,43.1646490,-77.6557974,9/1/14,13:51,PROPERTY DAMAGE AND INJURY,1,0,1,COLLISION WITH CURBING,OTHER,NONE,DAYLIGHT,CLEAR,DRY
13984,35384336,MONROE,Rochester,1,,Y,43.1796760,-77.5913620,8/3/14,3:27,PROPERTY DAMAGE AND INJURY,2,0,2,COLLISION WITH MOTOR VEHICLE,LEFT TURN (AGAINST OTHER CAR),NONE,DARK-ROAD LIGHTED,CLEAR,DRY
13984,34803894,MONROE,Pittsford,4, 31 43033045,Y,43.0900860,-77.5130100,6/4/13,20:18,INJURY,1,0,2,COLLISION WITH MOTOR VEHICLE,RIGHT ANGLE,TRAFFIC SIGNAL,DUSK,CLEAR,DRY
13984,35291538,MONROE,Rochester,1,,Y,43.1595140,-77.6100740,6/15/14,22:31,PROPERTY DAMAGE AND INJURY,1,0,2,COLLISION WITH MOTOR VEHICLE,RIGHT ANGLE,TRAFFIC SIGNAL,DARK-ROAD LIGHTED,CLEAR,DRY
13984,35076647,MONROE,Irondequoit,3,104 43035221,N,43.2115783,-77.5341699,1/7/14,13:27,PROPERTY DAMAGE AND INJURY,1,0,2,COLLISION WITH OTHER BARRIER,RIGHT ANGLE,NONE,DAYLIGHT,SNOW,SNOW/ICE
13984,35314847,MONROE,Spencerport,4,259 43011071,N,43.1938962,-77.8001313,7/6/14,18:18,PROPERTY DAMAGE AND INJURY,1,0,2,COLLISION WITH MOTOR VEHICLE,REAR END,NONE,DAYLIGHT,CLEAR,DRY
13984,34702943,MONROE,Greece,3,,Y,43.2366960,-77.6591139,3/19/13,14:49,PROPERTY DAMAGE AND INJURY,1,0,2,COLLISION WITH MOTOR VEHICLE,RIGHT ANGLE,STOP SIGN,DAYLIGHT,CLEAR,DRY
13984,35290073,MONROE,Rochester,1,,Y,43.1590240,-77.6239110,6/13/14,12:50,PROPERTY DAMAGE AND INJURY,1,0,2,COLLISION WITH MOTOR VEHICLE,LEFT TURN (AGAINST OTHER CAR),NONE,DAYLIGHT,CLEAR,DRY
13984,34814629,MONROE,Brighton,3,490I43023006,N,43.1382816,-77.5373387,6/3/13,17:19,PROPERTY DAMAGE AND INJURY,1,0,2,COLLISION WITH MOTOR VEHICLE,OVERTAKING,NONE,DAYLIGHT,CLEAR,DRY
13984,34838417,MONROE,Rochester,1,,N,43.1336510,-77.6574460,6/30/13,4:49,PROPERTY DAMAGE AND INJURY,1,0,2,COLLISION WITH MOTOR VEHICLE,SIDESWIPE,NONE,DARK-ROAD UNLIGHTED,CLEAR,DRY
13984,35519817,MONROE,Chili,3, 33A43021105,Y,43.1068782,-77.7467068,12/18/14,17:04,PROPERTY DAMAGE AND INJURY,2,0,2,COLLISION WITH MOTOR VEHICLE,LEFT TURN (WITH OTHER CAR),TRAFFIC SIGNAL,DARK-ROAD LIGHTED,RAIN,WET
13984,35140318,MONROE,Clarkson,3,260 43011019,Y,43.2253664,-77.8901487,2/16/14,2:01,INJURY,1,0,1,COLL. W/LIGHT SUPPORT/UTILITY POLE,OTHER,TRAFFIC SIGNAL,DARK-ROAD UNLIGHTED,SNOW,SNOW/ICE
13984,35023125,MONROE,East Rochester,4,940U43011005,Y,43.1166546,-77.4990258,11/26/13,16:40,INJURY,1,0,2,COLLISION WITH MOTOR VEHICLE,RIGHT ANGLE,TRAFFIC SIGNAL,DARK-ROAD LIGHTED,SNOW,WET
13984,34705843,MONROE,Gates,3,490I43021164,N,43.1575124,-77.7065769,3/21/13,8:57,PROPERTY DAMAGE AND INJURY,1,0,2,COLLISION WITH MOTOR VEHICLE,OVERTAKING,NONE,DAYLIGHT,CLEAR,DRY
13984,35142480,MONROE,Brighton,3,,Y,43.1256120,-77.5928961,2/19/14,12:39,PROPERTY DAMAGE AND INJURY,1,0,2,COLLISION WITH MOTOR VEHICLE,RIGHT ANGLE,TRAFFIC SIGNAL,DAYLIGHT,CLEAR,DRY
13984,35448010,MONROE,Rochester,1,,Y,43.1559900,-77.5819820,10/26/14,18:20,PROPERTY DAMAGE AND INJURY,1,0,2,COLLISION WITH MOTOR VEHICLE,RIGHT ANGLE,STOP SIGN,DARK-ROAD LIGHTED,CLOUDY,DRY
13984,35113183,MONROE,Chili,3,383 43011156,Y,43.1226289,-77.6468039,1/19/14,12:36,PROPERTY DAMAGE AND INJURY,1,0,2,COLLISION WITH MOTOR VEHICLE,LEFT TURN (AGAINST OTHER CAR),TRAFFIC SIGNAL,DAYLIGHT,CLOUDY,DRY
13984,35068067,MONROE,Wheatland,3,,N,42.9897188,-77.7667577,1/4/14,9:37,PROPERTY DAMAGE AND INJURY,1,0,1,COLLISION WITH TREE,OTHER,NONE,DAYLIGHT,CLEAR,SNOW/ICE
13984,35437607,MONROE,Rochester,1,,Y,43.1419250,-77.6583230,10/18/14,13:13,INJURY,1,0,2,COLLISION WITH MOTOR VEHICLE,RIGHT TURN (AGAINST OTHER CAR),STOP SIGN,DAYLIGHT,RAIN,WET
13984,35507559,MONROE,Clarkson,3,260 43011019,N,43.2249649,-77.8902917,12/2/14,16:49,INJURY,1,0,2,COLLISION WITH MOTOR VEHICLE,REAR END,NONE,DARK-ROAD UNLIGHTED,RAIN,WET
13984,35515114,MONROE,Henrietta,3,252 43011064,N,43.0905937,-77.6459460,12/11/14,15:45,PROPERTY DAMAGE AND INJURY,1,0,2,COLLISION WITH MOTOR VEHICLE,REAR END,NONE,DAYLIGHT,CLEAR,SNOW/ICE
13984,34819340,MONROE,Rochester,1,,Y,43.1427960,-77.6289690,6/15/13,21:28,INJURY,1,0,1,COLLISION WITH PEDESTRIAN,OTHER,NONE,DUSK,CLEAR,DRY
13984,35356040,MONROE,Brighton,3, 15 43031122,N,43.1041161,-77.6278538,7/2/14,8:13,INJURY,1,0,1,COLLISION WITH PEDESTRIAN,OTHER,NONE,DAYLIGHT,CLEAR,DRY
13984,34807725,MONROE,Brighton,3, 15A43041122,N,43.0999795,-77.6140620,6/11/13,14:41,INJURY,1,0,1,OVERTURNED,OTHER,NONE,DAYLIGHT,CLOUDY,DRY
13984,34723593,MONROE,Gates,3, 31 43031182,N,43.1647012,-77.6876412,4/5/13,16:55,PROPERTY DAMAGE AND INJURY,1,0,2,COLLISION WITH MOTOR VEHICLE,RIGHT ANGLE,NONE,DAYLIGHT,CLEAR,DRY
13984,35172808,MONROE,Rochester,1, 96 43052004,Y,43.1454380,-77.5553219,3/11/14,5:57,PROPERTY DAMAGE AND INJURY,1,0,2,COLLISION WITH MOTOR VEHICLE,LEFT TURN (WITH OTHER CAR),TRAFFIC SIGNAL,DARK-ROAD LIGHTED,CLOUDY,DRY
13984,34777403,MONROE,Gates,3, 33 43031124,Y,43.1486890,-77.7052600,5/18/13,17:39,PROPERTY DAMAGE AND INJURY,1,0,2,COLLISION WITH MOTOR VEHICLE,REAR END,TRAFFIC SIGNAL,DAYLIGHT,CLEAR,DRY
13984,35277541,MONROE,Chili,3,383 43011155,Y,43.1215325,-77.6493864,5/27/14,17:41,PROPERTY DAMAGE AND INJURY,1,0,2,COLLISION WITH MOTOR VEHICLE,LEFT TURN (AGAINST OTHER CAR),TRAFFIC SIGNAL,DAYLIGHT,CLOUDY,DRY
13984,35164975,UNKNOWN COUNTY,,0, 31 43032056,N,43.1402369,-77.5826016,3/4/14,23:06,PROPERTY DAMAGE AND INJURY,1,0,2,COLLISION WITH MOTOR VEHICLE,RIGHT ANGLE,NONE,DARK-ROAD LIGHTED,SNOW,WET
13984,35208090,MONROE,Wheatland,3,,N,43.0206145,-77.8066915,3/30/14,13:44,PROPERTY DAMAGE AND INJURY,1,0,1,COLLISION WITH TREE,OTHER,NONE,DAYLIGHT,CLOUDY,SNOW/ICE