QUERYID,CASE #,REGN_CNTY_CDE,Municipality,MUNITYPE,REF_MRKR,ATINTERSECTION_IND,Lat,Long,,Time,Crash Type,Injuries,Fatalities,Number of Vehicles,ACCD_TYP,COLLISION_TYP,TRAF_CNTL,Light Condition,Weather Condition,Road Surface Condition
13984,34717851,MONROE,Clarkson,3,260 43011043,N,43.2581693,-77.8783364,3/30/13,15:30,PROPERTY DAMAGE AND INJURY,1,0,1,COLLISION WITH TREE,OTHER,NONE,DAYLIGHT,CLOUDY,DRY
13984,35382431,MONROE,Irondequoit,3,,Y,43.2110460,-77.5855480,8/30/14,15:20,PROPERTY DAMAGE AND INJURY,2,0,4,COLLISION WITH MOTOR VEHICLE,OTHER,TRAFFIC SIGNAL,DAYLIGHT,CLEAR,DRY
13984,35507561,MONROE,Ogden,3,,N,43.2034080,-77.7538596,12/10/14,10:38,PROPERTY DAMAGE AND INJURY,1,0,2,COLLISION WITH MOTOR VEHICLE,REAR END,NONE,DAYLIGHT,SNOW,SNOW/ICE
13984,34721594,MONROE,Riga,3,490I43021040,N,43.0885101,-77.9019217,3/16/13,21:30,PROPERTY DAMAGE AND INJURY,1,0,1,COLLISION WITH DEER,OTHER,NONE,DARK-ROAD UNLIGHTED,CLEAR,DRY
13984,35230119,MONROE,Irondequoit,3,,Y,43.1975090,-77.5847150,4/19/14,12:25,INJURY,1,0,2,COLLISION WITH MOTOR VEHICLE,REAR END,TRAFFIC SIGNAL,DAYLIGHT,CLOUDY,DRY
13984,35287896,MONROE,Penfield,3,441 43011038,N,43.1313551,-77.4692433,5/28/14,14:59,PROPERTY DAMAGE AND INJURY,2,0,4,COLLISION WITH MOTOR VEHICLE,OTHER,NONE,DAYLIGHT,CLEAR,DRY
13984,34882853,MONROE,Henrietta,3,252 43011086,N,43.0871470,-77.6049680,8/8/13,19:33,INJURY,1,0,2,COLLISION WITH MOTOR VEHICLE,REAR END,TRAFFIC SIGNAL,DUSK,CLOUDY,DRY
13984,35053821,MONROE,Greece,3,386 43011017,N,43.1994694,-77.7320111,12/18/13,8:15,PROPERTY DAMAGE AND INJURY,1,0,2,COLLISION WITH MOTOR VEHICLE,REAR END,NO PASSING ZONE,DAWN,CLEAR,WET
13984,35437593,MONROE,Rochester,1, 15 43032003,Y,43.1180660,-77.6207330,10/16/14,17:58,PROPERTY DAMAGE AND INJURY,3,0,3,COLLISION WITH MOTOR VEHICLE,OTHER,NONE,DUSK,CLOUDY,DRY
13984,35509254,MONROE,Brighton,3,590 43011010,N,43.1566699,-77.5387086,12/10/14,14:33,PROPERTY DAMAGE AND INJURY,2,0,3,COLLISION WITH MOTOR VEHICLE,OTHER,NONE,DAYLIGHT,SNOW,SNOW/ICE
13984,35207132,MONROE,Greece,3,,N,43.2384010,-77.6865228,4/3/14,15:19,PROPERTY DAMAGE AND INJURY,1,0,2,COLLISION WITH MOTOR VEHICLE,REAR END,NONE,DAYLIGHT,CLOUDY,DRY
13984,34936052,MONROE,Gates,3,390I43037006,N,43.1378327,-77.6665532,9/19/13,7:20,PROPERTY DAMAGE AND INJURY,1,0,2,COLLISION WITH MOTOR VEHICLE,REAR END,NONE,DAYLIGHT,CLEAR,DRY
13984,34940340,MONROE,Irondequoit,3,,Y,43.1970490,-77.5924370,9/21/13,16:00,INJURY,1,0,2,COLLISION WITH MOTOR VEHICLE,REAR END,TRAFFIC SIGNAL,DAYLIGHT,CLOUDY,WET
13984,34688897,MONROE,Irondequoit,3,,Y,43.2326250,-77.5443841,3/8/13,17:36,PROPERTY DAMAGE AND INJURY,2,0,2,COLLISION WITH MOTOR VEHICLE,LEFT TURN (AGAINST OTHER CAR),NONE,DAYLIGHT,CLEAR,DRY
13984,35100995,MONROE,Irondequoit,3,,Y,43.1792670,-77.5450680,1/23/14,9:38,INJURY,1,0,2,COLLISION WITH MOTOR VEHICLE,RIGHT ANGLE,NONE,DAYLIGHT,SNOW,WET
13984,34872850,MONROE,Rochester,1,,N,43.2043580,-77.6592960,7/21/13,17:33,INJURY,2,0,2,COLLISION WITH MOTOR VEHICLE,REAR END,YIELD SIGN,DAYLIGHT,CLOUDY,DRY
13984,34794796,MONROE,Perinton,3, 96 43051007,Y,43.0395850,-77.4581180,5/24/13,10:11,INJURY,2,0,2,COLLISION WITH MOTOR VEHICLE,RIGHT ANGLE,TRAFFIC SIGNAL,DAYLIGHT,RAIN,WET
13984,35354459,MONROE,Rochester,1,,Y,43.1357540,-77.6360050,8/6/14,19:05,PROPERTY DAMAGE AND INJURY,1,0,2,COLLISION WITH MOTOR VEHICLE,LEFT TURN (WITH OTHER CAR),STOP SIGN,DAYLIGHT,CLEAR,DRY
13984,35394347,MONROE,Penfield,3,,N,43.1656540,-77.5054308,8/30/14,3:42,PROPERTY DAMAGE AND INJURY,1,0,2,COLLISION WITH MOTOR VEHICLE,REAR END,NONE,DARK-ROAD LIGHTED,CLEAR,DRY
13984,34800227,MONROE,Rochester,1,490I43022065,N,43.1447440,-77.5552839,6/3/13,7:17,PROPERTY DAMAGE AND INJURY,1,0,1,COLLISION WITH OTHER BARRIER,OTHER,NONE,DAYLIGHT,CLOUDY,DRY
13984,35103971,MONROE,Sweden,3, 31A43021003,N,43.1978856,-77.9912244,1/25/14,9:58,PROPERTY DAMAGE AND INJURY,1,0,1,OTHER NON-COLLISION,OTHER,NONE,DAYLIGHT,CLOUDY,SNOW/ICE
13984,34840595,MONROE,Rochester,1,104 43032028,N,43.1913939,-77.6090155,7/2/13,18:47,PROPERTY DAMAGE AND INJURY,1,0,2,COLLISION WITH MOTOR VEHICLE,OVERTAKING,NONE,DAYLIGHT,CLEAR,DRY
13984,34748600,MONROE,Irondequoit,3,,Y,43.2038600,-77.6005990,4/19/13,19:10,INJURY,2,0,2,COLLISION WITH MOTOR VEHICLE,UNKNOWN,TRAFFIC SIGNAL,DAYLIGHT,CLOUDY,DRY
13984,34736543,MONROE,Rochester,1,,N,43.1694004,-77.6541427,3/18/13,17:33,INJURY,1,0,2,COLLISION WITH MOTOR VEHICLE,REAR END,NONE,DAYLIGHT,CLOUDY,WET
13984,35351951,MONROE,Rochester,1, 33 43032023,N,43.1515119,-77.6307224,7/10/14,14:30,INJURY,1,0,2,COLLISION WITH MOTOR VEHICLE,REAR END,NONE,DAYLIGHT,CLEAR,DRY
13984,34971121,MONROE,Rochester,1, 33A43022009,N,43.1458330,-77.6494419,10/18/13,12:37,PROPERTY DAMAGE AND INJURY,1,0,3,COLLISION WITH MOTOR VEHICLE,OTHER,NONE,DAYLIGHT,CLEAR,DRY
13984,35371051,MONROE,Rochester,1,,Y,43.1788620,-77.5953440,8/15/14,19:41,INJURY,1,0,1,OTHER NON-COLLISION,OTHER,NONE,DAYLIGHT,CLOUDY,DRY
13984,34733387,MONROE,Rochester,1,,Y,43.1689120,-77.5907390,4/11/13,10:38,INJURY,1,0,1,COLLISION WITH BICYCLIST,OTHER,STOP SIGN,DAYLIGHT,RAIN,WET
13984,35192301,MONROE,Rochester,1,,N,43.1432890,-77.5751920,2/20/14,2:31,INJURY,1,0,2,COLLISION WITH MOTOR VEHICLE,REAR END,TRAFFIC SIGNAL,DARK-ROAD LIGHTED,CLEAR,WET
13984,35403075,MONROE,Gates,3,390I43037012,N,43.1453254,-77.6741963,9/19/14,15:27,PROPERTY DAMAGE AND INJURY,1,0,1,COLL. W/LIGHT SUPPORT/UTILITY POLE,OTHER,NONE,DAYLIGHT,CLEAR,DRY
13984,34859610,MONROE,Gates,3,204 43011028,N,43.1307306,-77.6717711,7/22/13,15:36,INJURY,1,0,2,COLLISION WITH MOTOR VEHICLE,RIGHT ANGLE,NONE,DAYLIGHT,CLEAR,DRY
13984,35252475,UNKNOWN COUNTY,,0,,N,43.1244063,-77.6233318,5/6/14,15:58,INJURY,1,0,2,COLLISION WITH MOTOR VEHICLE,HEAD ON,TRAFFIC SIGNAL,DAYLIGHT,CLEAR,DRY
13984,35225267,MONROE,Webster,4,250 43011118,N,43.2039805,-77.4303332,4/11/14,9:47,PROPERTY DAMAGE AND INJURY,1,0,2,COLLISION WITH MOTOR VEHICLE,LEFT TURN (WITH OTHER CAR),TRAFFIC SIGNAL,DAYLIGHT,CLEAR,DRY
13984,35286789,MONROE,Greece,3,,Y,43.2236880,-77.6725920,6/9/14,13:42,INJURY,1,0,3,COLLISION WITH MOTOR VEHICLE,OTHER,TRAFFIC SIGNAL,DAYLIGHT,CLEAR,DRY
13984,35450629,MONROE,Rochester,1,,N,43.1628963,-77.5661131,10/25/14,0:28,PROPERTY DAMAGE AND INJURY,1,0,4,COLLISION WITH MOTOR VEHICLE,OTHER,NONE,DARK-ROAD LIGHTED,CLOUDY,DRY
13984,35210957,MONROE,Rochester,1,,N,43.2408453,-77.5733339,4/4/14,15:45,PROPERTY DAMAGE AND INJURY,1,0,1,COLLISION WITH TREE,OTHER,NONE,DAYLIGHT,RAIN,WET
13984,35403415,MONROE,Rochester,1,940M43011012,N,43.1812111,-77.6317266,9/3/14,8:10,INJURY,1,0,2,COLLISION WITH MOTOR VEHICLE,OVERTAKING,TRAFFIC SIGNAL,DAYLIGHT,UNKNOWN,UNKNOWN
13984,35102017,MONROE,Gates,3,490I43021152,N,43.1450676,-77.7172952,1/22/14,7:25,PROPERTY DAMAGE AND INJURY,2,0,4,COLLISION WITH MOTOR VEHICLE,OTHER,NONE,DAYLIGHT,CLOUDY,SNOW/ICE
13984,35397483,MONROE,Rochester,1,,N,43.1601287,-77.5526492,8/31/14,7:49,PROPERTY DAMAGE AND INJURY,1,0,2,COLLISION WITH MOTOR VEHICLE,SIDESWIPE,NONE,DAWN,RAIN,WET
13984,34897793,MONROE,Clarkson,3,104 43031041,N,43.2315219,-77.9219039,8/11/13,1:31,PROPERTY DAMAGE AND INJURY,5,0,2,COLLISION WITH MOTOR VEHICLE,OVERTAKING,NONE,DARK-ROAD LIGHTED,CLEAR,DRY
13984,35012422,MONROE,Greece,3, 18 43031216,N,43.2369741,-77.6468581,11/8/13,17:01,INJURY,1,0,2,COLLISION WITH MOTOR VEHICLE,LEFT TURN (WITH OTHER CAR),TRAFFIC SIGNAL,DARK-ROAD LIGHTED,CLEAR,DRY
13984,35425067,MONROE,Greece,3, 18 43031212,N,43.2431927,-77.6468357,10/4/14,11:33,PROPERTY DAMAGE AND INJURY,1,0,3,COLLISION WITH MOTOR VEHICLE,OTHER,NONE,DAYLIGHT,CLOUDY,DRY
13984,35430210,MONROE,Henrietta,3,252 43011073,Y,43.0871380,-77.6296960,10/9/14,12:45,INJURY,1,0,2,COLLISION WITH MOTOR VEHICLE,REAR END,TRAFFIC SIGNAL,DAYLIGHT,CLEAR,DRY
13984,34756497,MONROE,Brighton,3, 15 43031116,N,43.0961171,-77.6319794,5/2/13,8:01,INJURY,1,0,1,OVERTURNED,OTHER,NONE,DAYLIGHT,CLEAR,DRY
13984,35466382,MONROE,Rochester,1,,Y,43.1709560,-77.5820950,10/28/14,19:59,PROPERTY DAMAGE AND INJURY,1,0,2,COLLISION WITH MOTOR VEHICLE,RIGHT ANGLE,STOP SIGN,DARK-ROAD LIGHTED,RAIN,WET
13984,35363558,MONROE,Rochester,1,,Y,43.1908610,-77.6422910,8/14/14,8:38,PROPERTY DAMAGE AND INJURY,1,0,2,COLLISION WITH MOTOR VEHICLE,RIGHT ANGLE,STOP SIGN,DAYLIGHT,CLEAR,DRY
13984,34898787,MONROE,Rochester,1,,N,43.1711560,-77.5750301,8/11/13,15:02,INJURY,1,0,1,COLLISION WITH PEDESTRIAN,OTHER,NONE,DAYLIGHT,CLEAR,DRY
13984,34749335,MONROE,Perinton,3, 31 43033075,N,43.0737594,-77.4601681,4/15/13,21:44,PROPERTY DAMAGE AND INJURY,2,0,3,COLLISION WITH MOTOR VEHICLE,OTHER,TRAFFIC SIGNAL,DARK-ROAD LIGHTED,CLEAR,DRY
13984,34828137,MONROE,Brighton,3,,Y,43.1182340,-77.5959620,6/26/13,13:03,PROPERTY DAMAGE AND INJURY,2,0,2,COLLISION WITH MOTOR VEHICLE,REAR END,NONE,DAYLIGHT,CLEAR,DRY
13984,35343353,MONROE,Rochester,1,,N,43.1542770,-77.5883100,7/29/14,15:41,INJURY,1,0,2,COLLISION WITH MOTOR VEHICLE,REAR END,TRAFFIC SIGNAL,DAYLIGHT,CLEAR,DRY
13984,34854585,MONROE,Webster,3,404 43035075,N,43.2045324,-77.4784997,7/15/13,12:53,PROPERTY DAMAGE AND INJURY,2,0,2,COLLISION WITH MOTOR VEHICLE,REAR END,NO PASSING ZONE,DAYLIGHT,CLEAR,DRY
13984,34953010,MONROE,Greece,3,,Y,43.2351103,-77.6591068,9/28/13,10:29,PROPERTY DAMAGE AND INJURY,2,0,2,COLLISION WITH MOTOR VEHICLE,REAR END,NONE,DAYLIGHT,CLEAR,DRY
13984,35364155,MONROE,Rochester,1,,Y,43.1589100,-77.5948600,8/11/14,10:03,PROPERTY DAMAGE AND INJURY,2,0,2,COLLISION WITH MOTOR VEHICLE,RIGHT ANGLE,TRAFFIC SIGNAL,DAYLIGHT,CLEAR,DRY
13984,35455973,MONROE,Gates,3, 33A43021132,N,43.1263612,-77.7018999,11/3/14,8:04,PROPERTY DAMAGE AND INJURY,1,0,2,COLLISION WITH MOTOR VEHICLE,REAR END,TRAFFIC SIGNAL,DAYLIGHT,CLEAR,DRY
13984,34915714,MONROE,Rochester,1,490I43022003,N,43.1574908,-77.6670747,8/31/13,10:32,PROPERTY DAMAGE AND INJURY,1,0,1,COLLISION WITH CULVERT/HEADWALL,OTHER,NONE,DAYLIGHT,CLOUDY,DRY
13984,34794845,MONROE,Parma,3, 18 43031129,N,43.2587946,-77.7900181,5/31/13,13:58,INJURY,1,0,1,COLLISION WITH CURBING,OTHER,NONE,DAYLIGHT,CLEAR,DRY
13984,34945960,MONROE,Irondequoit,3,,N,43.1972349,-77.5846998,9/27/13,17:30,INJURY,1,0,2,COLLISION WITH MOTOR VEHICLE,RIGHT ANGLE,NONE,DAYLIGHT,CLEAR,DRY
13984,35392986,MONROE,Penfield,3,250 43011067,N,43.1316170,-77.4413528,9/8/14,7:27,PROPERTY DAMAGE AND INJURY,1,0,2,COLLISION WITH MOTOR VEHICLE,REAR END,TRAFFIC SIGNAL,DAYLIGHT,CLEAR,DRY
13984,35403670,MONROE,Greece,3,,Y,43.2362620,-77.6309700,9/9/14,7:52,PROPERTY DAMAGE AND INJURY,2,0,2,COLLISION WITH MOTOR VEHICLE,RIGHT ANGLE,STOP SIGN,DAYLIGHT,CLEAR,DRY
13984,35313664,MONROE,Rochester,1, 31 43032010,N,43.1646490,-77.6557974,7/2/14,16:45,PROPERTY DAMAGE AND INJURY,3,0,2,COLLISION WITH MOTOR VEHICLE,OVERTAKING,NONE,DAYLIGHT,CLEAR,DRY
13984,34755353,MONROE,Rochester,1,,Y,43.1595760,-77.6196200,4/30/13,21:57,PROPERTY DAMAGE AND INJURY,3,0,2,COLLISION WITH MOTOR VEHICLE,SIDESWIPE,TRAFFIC SIGNAL,DARK-ROAD LIGHTED,CLEAR,DRY
13984,34852145,MONROE,Rochester,1,,N,43.2021472,-77.5617807,7/15/13,16:10,PROPERTY DAMAGE AND INJURY,1,0,3,COLLISION WITH MOTOR VEHICLE,OTHER,NONE,DAYLIGHT,CLEAR,DRY
13984,35172572,MONROE,Henrietta,3,,Y,43.0398620,-77.6201441,3/6/14,7:41,PROPERTY DAMAGE AND INJURY,2,0,2,COLLISION WITH MOTOR VEHICLE,HEAD ON,NONE,DAYLIGHT,CLEAR,WET
13984,34691499,MONROE,Rochester,1,,N,43.1418130,-77.5947860,3/12/13,19:48,PROPERTY DAMAGE AND INJURY,2,0,2,COLLISION WITH MOTOR VEHICLE,RIGHT ANGLE,TRAFFIC SIGNAL,DARK-ROAD LIGHTED,CLEAR,DRY
13984,35230104,MONROE,Penfield,3,,N,43.1824057,-77.4905704,4/21/14,20:08,INJURY,2,0,1,OTHER NON-COLLISION,OTHER,NONE,DARK-ROAD UNLIGHTED,CLEAR,DRY
13984,35342106,MONROE,Irondequoit,3,104 43035220,N,43.2111028,-77.5365012,7/24/14,15:54,PROPERTY DAMAGE AND INJURY,1,0,1,COLLISION WITH MEDIAN/BARRIER,OTHER,NONE,DAYLIGHT,CLEAR,DRY
13984,35344459,MONROE,Irondequoit,3,,N,43.1954513,-77.6001311,7/23/14,16:38,PROPERTY DAMAGE AND INJURY,2,0,2,COLLISION WITH MOTOR VEHICLE,RIGHT ANGLE,STOP SIGN,DAYLIGHT,CLOUDY,DRY
13984,35037096,MONROE,Greece,3,261 43011026,Y,43.2540352,-77.7510564,12/1/13,17:15,FATAL,1,1,1,COLLISION WITH PEDESTRIAN,OTHER,NONE,DARK-ROAD LIGHTED,RAIN,WET
13984,35078108,MONROE,Rochester,1,490I43022025,N,43.1574394,-77.6253297,1/2/14,14:50,PROPERTY DAMAGE AND INJURY,1,0,1,COLLISION WITH GUIDE RAIL,OTHER,NONE,DAYLIGHT,SNOW,SNOW/ICE
13984,35425086,MONROE,Greece,3,,N,43.1878741,-77.7015040,10/3/14,19:53,PROPERTY DAMAGE AND INJURY,2,0,2,COLLISION WITH MOTOR VEHICLE,HEAD ON,NONE,DARK-ROAD LIGHTED,CLOUDY,WET
13984,35390438,MONROE,Clarkson,3,104 43031067,Y,43.2238083,-77.8723598,9/7/14,14:25,FATAL,0,1,1,COLLISION WITH TREE,OTHER,STOP SIGN,DAYLIGHT,UNKNOWN,DRY
13984,34860900,MONROE,Rochester,1, 15 43032000,N,43.1128155,-77.6233324,7/23/13,17:01,INJURY,1,0,2,COLLISION WITH MOTOR VEHICLE,REAR END,TRAFFIC SIGNAL,DAYLIGHT,CLEAR,DRY
13984,34743447,MONROE,Rochester,1, 96 43052027,Y,43.1557580,-77.5972600,4/17/13,20:50,INJURY,1,0,1,COLLISION WITH PEDESTRIAN,OTHER,TRAFFIC SIGNAL,DARK-ROAD LIGHTED,CLEAR,DRY
13984,35046063,MONROE,Rochester,1,,Y,43.1554970,-77.5836190,12/13/13,11:14,PROPERTY DAMAGE AND INJURY,2,0,2,COLLISION WITH MOTOR VEHICLE,HEAD ON,NONE,DAYLIGHT,SNOW,SNOW/ICE
13984,34973047,MONROE,Rochester,1,,N,43.2375171,-77.6190478,10/22/13,17:11,PROPERTY DAMAGE AND INJURY,1,0,1,COLLISION WITH TREE,OTHER,NONE,DAYLIGHT,CLOUDY,DRY
13984,35085212,UNKNOWN COUNTY,,0, 33 43032028,N,43.1536817,-77.6213450,1/14/14,6:01,INJURY,2,0,2,COLLISION WITH MOTOR VEHICLE,LEFT TURN (AGAINST OTHER CAR),TRAFFIC SIGNAL,DARK-ROAD LIGHTED,CLEAR,DRY
13984,34873440,MONROE,Irondequoit,3,,Y,43.2038600,-77.6005990,7/26/13,14:27,INJURY,1,0,2,COLLISION WITH MOTOR VEHICLE,REAR END,TRAFFIC SIGNAL,DAYLIGHT,CLEAR,DRY
13984,35525083,MONROE,Rush,3,390I43031058,N,43.0172200,-77.6595259,12/10/14,9:53,PROPERTY DAMAGE AND INJURY,1,0,1,COLLISION WITH TREE,OTHER,NONE,DAYLIGHT,SNOW,SNOW/ICE
13984,35305560,MONROE,Perinton,3, 31F43011053,N,43.0998901,-77.4294300,6/25/14,7:03,PROPERTY DAMAGE AND INJURY,1,0,1,COLL. W/LIGHT SUPPORT/UTILITY POLE,OTHER,NONE,DAYLIGHT,RAIN,WET
13984,35650853,MONROE,Rochester,1,,Y,43.1714840,-77.6004949,12/13/14,0:58,PROPERTY DAMAGE AND INJURY,1,0,2,COLLISION WITH MOTOR VEHICLE,LEFT TURN (WITH OTHER CAR),STOP SIGN,DARK-ROAD LIGHTED,CLEAR,SNOW/ICE
13984,34885490,MONROE,Greece,3,947A43021135,N,43.3297516,-77.7385532,8/10/13,11:51,PROPERTY DAMAGE AND INJURY,1,0,1,COLLISION WITH SIGN POST,OTHER,NONE,DAYLIGHT,CLEAR,DRY
13984,35406716,MONROE,Greece,3,390 43011023,N,43.1899735,-77.6828404,9/21/14,1:04,PROPERTY DAMAGE AND INJURY,1,0,1,COLLISION WITH DEER,OTHER,NONE,DARK-ROAD LIGHTED,CLEAR,DRY
13984,34840893,MONROE,Chili,3,390I43033000,N,43.1215061,-77.6463176,7/4/13,17:39,PROPERTY DAMAGE AND INJURY,1,0,1,COLLISION WITH GUIDERAIL - END,OTHER,NONE,DAYLIGHT,CLEAR,DRY
13984,35412453,MONROE,Brighton,3, 15 43031124,Y,43.1075990,-77.6260821,9/27/14,12:42,INJURY,1,0,2,COLLISION WITH MOTOR VEHICLE,REAR END,NONE,DAYLIGHT,CLEAR,DRY
13984,35285313,MONROE,Rochester,1,,N,43.1842260,-77.6107481,5/29/14,21:27,PROPERTY DAMAGE AND INJURY,2,0,2,COLLISION WITH MOTOR VEHICLE,OVERTAKING,NONE,DARK-ROAD LIGHTED,CLEAR,DRY
13984,34898785,MONROE,Rochester,1,,N,43.1289056,-77.6117265,8/21/13,13:12,PROPERTY DAMAGE AND INJURY,1,0,2,COLLISION WITH MOTOR VEHICLE,LEFT TURN (AGAINST OTHER CAR),NONE,DAYLIGHT,CLEAR,DRY
13984,34911559,MONROE,Webster,3,404 43035071,N,43.2039970,-77.4859484,8/28/13,17:09,PROPERTY DAMAGE AND INJURY,2,0,3,COLLISION WITH MOTOR VEHICLE,OTHER,NONE,DAYLIGHT,CLEAR,DRY
13984,34953074,MONROE,Rochester,1,940M43011017,Y,43.1889230,-77.6301880,9/5/13,12:29,INJURY,1,0,1,COLLISION WITH PEDESTRIAN,OTHER,TRAFFIC SIGNAL,DAYLIGHT,CLEAR,DRY
13984,35180593,MONROE,Pittsford,3, 65 43031120,Y,43.1001970,-77.5470050,3/11/14,13:04,PROPERTY DAMAGE AND INJURY,1,0,2,COLLISION WITH MOTOR VEHICLE,REAR END,TRAFFIC SIGNAL,DAYLIGHT,CLEAR,DRY
13984,34973249,MONROE,Gates,3, 33 43031113,Y,43.1444330,-77.7247400,10/22/13,7:03,PROPERTY DAMAGE AND INJURY,3,0,3,COLLISION WITH MOTOR VEHICLE,OTHER,STOP SIGN,DARK-ROAD LIGHTED,CLOUDY,WET
13984,35166795,MONROE,Rochester,1,,N,43.1976880,-77.6391290,3/5/14,8:20,PROPERTY DAMAGE AND INJURY,1,0,2,COLLISION WITH MOTOR VEHICLE,LEFT TURN (WITH OTHER CAR),NONE,DAYLIGHT,SNOW,SNOW/ICE
13984,35465775,MONROE,Brighton,3, 31 43033019,N,43.1147761,-77.5520326,11/12/14,12:42,PROPERTY DAMAGE AND INJURY,1,0,2,COLLISION WITH MOTOR VEHICLE,RIGHT TURN (WITH OTHER CAR),NONE,DAYLIGHT,CLOUDY,DRY
13984,35254489,MONROE,Rochester,1,,Y,43.1565840,-77.6150590,5/1/14,12:04,INJURY,1,0,1,COLLISION WITH PEDESTRIAN,OTHER,STOP SIGN,DAYLIGHT,CLEAR,DRY
13984,35348051,MONROE,Riga,3,,Y,43.0402700,-77.8593200,8/2/14,18:48,INJURY,1,0,1,COLL. W/LIGHT SUPPORT/UTILITY POLE,OTHER,NONE,DAYLIGHT,RAIN,WET
13984,34839330,MONROE,Rochester,1,383 43012015,Y,43.1377400,-77.6248890,7/4/13,22:46,INJURY,7,0,3,COLLISION WITH MOTOR VEHICLE,OTHER,NONE,DARK-ROAD LIGHTED,CLEAR,DRY
13984,34910768,MONROE,Rochester,1,940K43011034,N,43.2016173,-77.6594486,8/26/13,15:51,PROPERTY DAMAGE AND INJURY,1,0,2,COLLISION WITH MOTOR VEHICLE,REAR END,NONE,DAYLIGHT,RAIN,WET
13984,34850216,MONROE,Chili,3,,N,43.0408218,-77.7983342,6/30/13,18:38,PROPERTY DAMAGE AND INJURY,1,0,2,COLLISION WITH MOTOR VEHICLE,REAR END,NONE,DAYLIGHT,CLOUDY,DRY
13984,34758102,MONROE,Rochester,1,490I43022019,N,43.1566813,-77.6364766,5/1/13,17:25,PROPERTY DAMAGE AND INJURY,1,0,2,COLLISION WITH MOTOR VEHICLE,REAR END,NONE,DAYLIGHT,CLEAR,DRY
13984,35491562,MONROE,Webster,3,,Y,43.2220410,-77.4466381,11/27/14,0:51,PROPERTY DAMAGE AND INJURY,1,0,1,COLL. W/EARTH ELE./ROCK CUT/DITCH,OTHER,STOP SIGN,DARK-ROAD LIGHTED,SLEET/HAIL/FREEZING RAIN,WET
13984,34997253,MONROE,Pittsford,3, 31 43033024,N,43.1089703,-77.5449189,11/9/13,12:15,PROPERTY DAMAGE AND INJURY,1,0,2,COLLISION WITH MOTOR VEHICLE,REAR END,NONE,DAYLIGHT,CLOUDY,DRY
13984,35071375,MONROE,Chili,3,490I43021127,N,43.1206952,-77.7460092,1/3/14,10:01,INJURY,1,0,2,COLLISION WITH MOTOR VEHICLE,RIGHT TURN (WITH OTHER CAR),NONE,DAYLIGHT,CLOUDY,SNOW/ICE
13984,34957090,MONROE,Rochester,1,,Y,43.1810070,-77.6136549,10/7/13,11:52,PROPERTY DAMAGE AND INJURY,2,0,2,COLLISION WITH MOTOR VEHICLE,REAR END,NONE,DAYLIGHT,RAIN,WET
13984,35414940,MONROE,Brighton,3, 31 43033000,Y,43.1362140,-77.5755050,9/28/14,10:34,PROPERTY DAMAGE AND INJURY,2,0,3,COLLISION WITH MOTOR VEHICLE,OTHER,TRAFFIC SIGNAL,DAYLIGHT,CLEAR,DRY
13984,34789018,MONROE,Rochester,1,,Y,43.1578410,-77.6146460,5/25/13,19:30,PROPERTY DAMAGE AND INJURY,1,0,2,COLLISION WITH MOTOR VEHICLE,LEFT TURN (AGAINST OTHER CAR),NONE,DAYLIGHT,CLEAR,DRY
13984,35264198,MONROE,Rochester,1,,N,43.1914598,-77.6128286,5/18/14,7:55,PROPERTY DAMAGE AND INJURY,1,0,1,COLLISION WITH GUIDE RAIL,OTHER,TRAFFIC SIGNAL,DAYLIGHT,CLEAR,DRY
13984,35443211,MONROE,Rochester,1,,Y,43.1689470,-77.6325180,9/29/14,14:53,PROPERTY DAMAGE AND INJURY,2,0,2,COLLISION WITH MOTOR VEHICLE,RIGHT ANGLE,STOP SIGN,DAYLIGHT,CLEAR,DRY
13984,35281277,MONROE,Rochester,1, 15 43032008,Y,43.1247350,-77.6174570,5/15/14,6:53,INJURY,1,0,2,COLLISION WITH MOTOR VEHICLE,RIGHT ANGLE,TRAFFIC SIGNAL,DAYLIGHT,CLEAR,DRY
13984,34887667,MONROE,Gates,3,490I43021149,N,43.1423744,-77.7179867,7/31/13,20:24,PROPERTY DAMAGE AND INJURY,1,0,1,COLLISION WITH OTHER BARRIER,OTHER,NONE,DUSK,CLOUDY,DRY
13984,34851328,MONROE,Brighton,3,,Y,43.1256120,-77.5928961,6/26/13,0:00,PROPERTY DAMAGE AND INJURY,2,0,2,COLLISION WITH MOTOR VEHICLE,RIGHT ANGLE,TRAFFIC SIGNAL,DAYLIGHT,CLEAR,DRY