QUERYID,CASE #,REGN_CNTY_CDE,Municipality,MUNITYPE,REF_MRKR,ATINTERSECTION_IND,Lat,Long,,Time,Crash Type,Injuries,Fatalities,Number of Vehicles,ACCD_TYP,COLLISION_TYP,TRAF_CNTL,Light Condition,Weather Condition,Road Surface Condition
13984,35048972,MONROE,Rochester,1,490I43022028,Y,43.1539730,-77.6201040,12/11/13,12:57,PROPERTY DAMAGE AND INJURY,1,0,2,COLLISION WITH MOTOR VEHICLE,REAR END,TRAFFIC SIGNAL,DAYLIGHT,CLOUDY,SNOW/ICE
13984,35313649,UNKNOWN COUNTY,,0,,N,43.1244063,-77.6233318,6/22/14,16:13,PROPERTY DAMAGE AND INJURY,4,0,2,COLLISION WITH MOTOR VEHICLE,LEFT TURN (WITH OTHER CAR),TRAFFIC SIGNAL,DAYLIGHT,CLEAR,DRY
13984,35254447,MONROE,Rochester,1,,N,43.2152530,-77.6334301,4/17/14,13:28,PROPERTY DAMAGE AND INJURY,1,0,2,COLLISION WITH MOTOR VEHICLE,SIDESWIPE,NONE,DAYLIGHT,CLEAR,DRY
13984,35381707,MONROE,Penfield,3,,N,43.1385904,-77.4756534,8/21/14,16:52,PROPERTY DAMAGE AND INJURY,1,0,2,COLLISION WITH MOTOR VEHICLE,REAR END,NONE,DAYLIGHT,CLEAR,WET
13984,35119137,MONROE,Irondequoit,3,,Y,43.1961370,-77.6001439,2/2/14,21:50,PROPERTY DAMAGE AND INJURY,2,0,3,COLLISION WITH MOTOR VEHICLE,OTHER,TRAFFIC SIGNAL,DARK-ROAD LIGHTED,CLOUDY,DRY
13984,34800495,MONROE,Irondequoit,3,,Y,43.2139660,-77.5871100,6/1/13,13:33,PROPERTY DAMAGE AND INJURY,4,0,2,COLLISION WITH MOTOR VEHICLE,RIGHT ANGLE,STOP SIGN,DAYLIGHT,CLEAR,DRY
13984,34933662,MONROE,Irondequoit,3, 47 43013030,Y,43.2121400,-77.5498400,6/30/13,13:55,INJURY,1,0,2,COLLISION WITH MOTOR VEHICLE,REAR END,UNKNOWN,DAYLIGHT,CLEAR,DRY
13984,34900026,MONROE,Greece,3,,N,43.2136111,-77.6958938,8/20/13,17:52,PROPERTY DAMAGE AND INJURY,2,0,2,COLLISION WITH MOTOR VEHICLE,REAR END,NONE,DAYLIGHT,CLEAR,DRY
13984,35265915,MONROE,Rochester,1,,Y,43.1650560,-77.6070779,5/16/14,10:00,PROPERTY DAMAGE AND INJURY,1,0,2,COLLISION WITH MOTOR VEHICLE,HEAD ON,TRAFFIC SIGNAL,DAYLIGHT,CLEAR,WET
13984,35047902,MONROE,Perinton,3,,Y,43.0791240,-77.4321141,12/16/13,18:56,PROPERTY DAMAGE AND INJURY,1,0,2,COLLISION WITH MOTOR VEHICLE,LEFT TURN (WITH OTHER CAR),TRAFFIC SIGNAL,DARK-ROAD LIGHTED,CLEAR,WET
13984,35235338,MONROE,Rochester,1,490I43022064,N,43.1448241,-77.5576850,4/24/14,16:25,PROPERTY DAMAGE AND INJURY,1,0,3,COLLISION WITH MOTOR VEHICLE,OTHER,NONE,DAYLIGHT,CLEAR,DRY
13984,34757979,MONROE,Sweden,3, 31A43021022,N,43.1983634,-77.9455295,5/1/13,7:48,PROPERTY DAMAGE AND INJURY,2,0,2,COLLISION WITH MOTOR VEHICLE,REAR END,NONE,DAYLIGHT,CLOUDY,DRY
13984,35425041,MONROE,Gates,3,,N,43.1384135,-77.7359841,10/7/14,8:45,PROPERTY DAMAGE AND INJURY,2,0,2,COLLISION WITH MOTOR VEHICLE,RIGHT ANGLE,NONE,DAYLIGHT,CLEAR,DRY
13984,35301990,MONROE,Brighton,3, 15A43041121,Y,43.0960256,-77.6124333,6/23/14,12:43,PROPERTY DAMAGE AND INJURY,1,0,2,COLLISION WITH MOTOR VEHICLE,REAR END,TRAFFIC SIGNAL,DAYLIGHT,CLEAR,DRY
13984,34794481,MONROE,Greece,3, 18 43031229,Y,43.2187850,-77.6412780,5/17/13,7:32,PROPERTY DAMAGE AND INJURY,1,0,2,COLLISION WITH MOTOR VEHICLE,RIGHT ANGLE,NO PASSING ZONE,DAYLIGHT,CLEAR,DRY
13984,34925864,MONROE,Rochester,1,383 43012003,Y,43.1257850,-77.6393920,9/14/13,20:26,PROPERTY DAMAGE AND INJURY,1,0,2,COLLISION WITH MOTOR VEHICLE,SIDESWIPE,TRAFFIC SIGNAL,DARK-ROAD LIGHTED,CLEAR,DRY
13984,35304585,MONROE,Rochester,1,,N,43.2662069,-77.6217152,6/19/14,20:10,PROPERTY DAMAGE AND INJURY,2,0,2,COLLISION WITH MOTOR VEHICLE,SIDESWIPE,NONE,DAYLIGHT,CLEAR,DRY
13984,35497890,MONROE,Penfield,3,441 43011044,Y,43.1311250,-77.4572511,10/15/14,12:46,PROPERTY DAMAGE AND INJURY,2,0,5,COLLISION WITH MOTOR VEHICLE,OTHER,NONE,DAYLIGHT,RAIN,WET
13984,35290044,MONROE,Rochester,1,,N,43.1445231,-77.5932513,5/24/14,1:21,INJURY,1,0,1,COLLISION WITH PEDESTRIAN,OTHER,NONE,DARK-ROAD LIGHTED,CLOUDY,DRY
13984,35301973,MONROE,Rochester,1,,N,43.1599094,-77.5939742,6/20/14,11:50,PROPERTY DAMAGE AND INJURY,1,0,2,COLLISION WITH MOTOR VEHICLE,OVERTAKING,NONE,DAYLIGHT,CLEAR,DRY
13984,35136971,MONROE,Penfield,3,441 43011049,Y,43.1308060,-77.4468820,2/11/14,17:57,PROPERTY DAMAGE AND INJURY,3,0,2,COLLISION WITH MOTOR VEHICLE,RIGHT ANGLE,TRAFFIC SIGNAL,DARK-ROAD LIGHTED,CLOUDY,WET
13984,35277536,MONROE,Rochester,1,490I43022022,N,43.1566940,-77.6303645,5/31/14,12:24,PROPERTY DAMAGE AND INJURY,3,0,3,COLLISION WITH MOTOR VEHICLE,OTHER,NONE,DAYLIGHT,CLEAR,DRY
13984,35387154,MONROE,Pittsford,3, 96 43051050,Y,43.0839910,-77.5096900,8/19/14,18:35,PROPERTY DAMAGE AND INJURY,1,0,3,COLLISION WITH MOTOR VEHICLE,OTHER,TRAFFIC SIGNAL,DAYLIGHT,CLEAR,DRY
13984,34736445,MONROE,Penfield,3,104 43035051,N,43.1821155,-77.5080190,4/15/13,10:45,INJURY,1,0,1,COLLISION WITH BUILDING/WALL,OTHER,NONE,DAYLIGHT,CLEAR,DRY
13984,35006733,MONROE,Rochester,1,,N,43.1640797,-77.5879994,11/16/13,13:21,PROPERTY DAMAGE AND INJURY,1,0,2,COLLISION WITH MOTOR VEHICLE,OVERTAKING,NONE,DAYLIGHT,CLEAR,DRY
13984,35156942,MONROE,Parma,3,,N,43.3396559,-77.8099227,2/25/14,19:03,PROPERTY DAMAGE AND INJURY,2,0,2,COLLISION WITH MOTOR VEHICLE,RIGHT ANGLE,STOP SIGN,DARK-ROAD LIGHTED,CLEAR,DRY
13984,35344457,MONROE,Rochester,1,,Y,43.1840570,-77.5993970,7/29/14,18:01,INJURY,1,0,1,COLLISION WITH BICYCLIST,OTHER,STOP SIGN,DAYLIGHT,CLEAR,DRY
13984,35215728,MONROE,Penfield,3,441 43011124,Y,43.1275160,-77.4944290,3/18/13,21:30,PROPERTY DAMAGE AND INJURY,1,0,2,COLLISION WITH MOTOR VEHICLE,LEFT TURN (WITH OTHER CAR),TRAFFIC SIGNAL,DARK-ROAD LIGHTED,CLEAR,DRY
13984,35343437,MONROE,Gates,3,204 43011023,N,43.1306542,-77.6811725,7/29/14,8:50,PROPERTY DAMAGE AND INJURY,1,0,2,COLLISION WITH MOTOR VEHICLE,REAR END,NONE,DAYLIGHT,CLOUDY,DRY
13984,35061127,MONROE,Irondequoit,3,590 43013004,N,43.1729340,-77.5404660,12/30/13,19:00,PROPERTY DAMAGE AND INJURY,1,0,2,COLLISION WITH MOTOR VEHICLE,REAR END,TRAFFIC SIGNAL,DARK-ROAD LIGHTED,CLOUDY,DRY
13984,34847678,MONROE,Irondequoit,3,,N,43.1965124,-77.5767926,7/11/13,15:43,PROPERTY DAMAGE AND INJURY,1,0,2,COLLISION WITH MOTOR VEHICLE,LEFT TURN (AGAINST OTHER CAR),NONE,DAYLIGHT,CLEAR,DRY
13984,34712495,MONROE,Henrietta,3, 15A43041113,Y,43.0872620,-77.6092490,3/26/13,22:16,INJURY,1,0,2,COLLISION WITH MOTOR VEHICLE,REAR END,TRAFFIC SIGNAL,DARK-ROAD LIGHTED,CLOUDY,DRY
13984,35229901,MONROE,Irondequoit,3,,N,43.2072556,-77.5484627,4/21/14,2:33,PROPERTY DAMAGE AND INJURY,1,0,1,COLLISION WITH GUIDE RAIL,OTHER,NONE,DARK-ROAD LIGHTED,CLEAR,DRY
13984,35413821,MONROE,Rochester,1,,Y,43.1447570,-77.6011121,9/27/14,22:00,PROPERTY DAMAGE AND INJURY,1,0,2,COLLISION WITH MOTOR VEHICLE,RIGHT ANGLE,TRAFFIC SIGNAL,DARK-ROAD LIGHTED,CLEAR,DRY
13984,35414952,MONROE,Rochester,1,,Y,43.1938477,-77.6411412,9/28/14,16:08,PROPERTY DAMAGE AND INJURY,2,0,3,COLLISION WITH MOTOR VEHICLE,OTHER,NONE,DAYLIGHT,CLEAR,DRY
13984,35333026,MONROE,Greece,3,,N,43.2452913,-77.6591592,7/16/14,20:12,INJURY,1,0,1,OVERTURNED,OTHER,NONE,DUSK,CLEAR,DRY
13984,35412266,MONROE,Rochester,1,,N,43.1563062,-77.5866720,9/18/14,8:41,PROPERTY DAMAGE AND INJURY,1,0,3,COLLISION WITH MOTOR VEHICLE,OTHER,TRAFFIC SIGNAL,DAYLIGHT,CLOUDY,DRY
13984,35523189,MONROE,Sweden,3,,N,43.1998020,-77.9487708,12/20/14,19:36,INJURY,1,0,1,COLLISION WITH PEDESTRIAN,OTHER,NONE,DARK-ROAD LIGHTED,CLEAR,DRY
13984,35026871,MONROE,Webster,3,404 43035084,Y,43.2086200,-77.4609770,11/21/13,11:44,PROPERTY DAMAGE AND INJURY,1,0,2,COLLISION WITH MOTOR VEHICLE,RIGHT ANGLE,NONE,DAYLIGHT,CLOUDY,DRY
13984,35356715,MONROE,Rochester,1,,Y,43.1564600,-77.6266430,7/21/14,4:34,PROPERTY DAMAGE AND INJURY,1,0,2,COLLISION WITH MOTOR VEHICLE,RIGHT ANGLE,STOP SIGN,DARK-ROAD LIGHTED,CLEAR,DRY
13984,34849054,MONROE,Rochester,1, 96 43052022,Y,43.1534640,-77.5881780,7/10/13,10:10,PROPERTY DAMAGE AND INJURY,2,0,2,COLLISION WITH MOTOR VEHICLE,RIGHT ANGLE,TRAFFIC SIGNAL,DAYLIGHT,CLOUDY,DRY
13984,35147179,MONROE,Rochester,1,,Y,43.1808910,-77.6469220,2/23/14,5:25,PROPERTY DAMAGE AND INJURY,1,0,2,COLLISION WITH MOTOR VEHICLE,REAR END,NONE,DARK-ROAD LIGHTED,CLEAR,DRY
13984,34728296,MONROE,Brighton,3,,Y,43.1264050,-77.5657140,4/10/13,14:10,PROPERTY DAMAGE AND INJURY,1,0,2,COLLISION WITH MOTOR VEHICLE,LEFT TURN (WITH OTHER CAR),TRAFFIC SIGNAL,DAYLIGHT,CLOUDY,WET
13984,35335745,MONROE,Parma,3,104 43031082,N,43.2228613,-77.8432581,7/22/14,10:00,PROPERTY DAMAGE AND INJURY,2,0,3,COLLISION WITH MOTOR VEHICLE,OTHER,STOP SIGN,DAYLIGHT,CLEAR,DRY
13984,35098365,MONROE,East Rochester,4,,Y,43.1206920,-77.4781779,1/21/14,13:22,INJURY,1,0,2,COLLISION WITH MOTOR VEHICLE,HEAD ON,NONE,DAYLIGHT,SNOW,SNOW/ICE
13984,34786411,MONROE,Greece,3,,Y,43.2259850,-77.6305390,5/21/13,17:00,INJURY,1,0,1,COLLISION WITH BICYCLIST,OTHER,NONE,DAYLIGHT,CLEAR,DRY
13984,34825618,MONROE,Pittsford,3, 65 43031111,Y,43.0872710,-77.5426350,6/20/13,14:19,INJURY,1,0,2,COLLISION WITH MOTOR VEHICLE,LEFT TURN (AGAINST OTHER CAR),TRAFFIC SIGNAL,DAYLIGHT,CLEAR,DRY
13984,35068938,MONROE,Brighton,3,,Y,43.1334540,-77.5838860,1/2/14,13:40,PROPERTY DAMAGE AND INJURY,1,0,1,COLLISION WITH TREE,OTHER,NO PASSING ZONE,DAYLIGHT,SNOW,SNOW/ICE
13984,35147239,MONROE,Pittsford,4, 31 43033045,N,43.0905924,-77.5145799,2/22/14,12:50,PROPERTY DAMAGE AND INJURY,1,0,2,COLLISION WITH MOTOR VEHICLE,REAR END,OTHER,DAYLIGHT,CLEAR,DRY
13984,34969319,MONROE,Irondequoit,3,,N,43.2030380,-77.6005453,10/18/13,12:39,INJURY,2,0,2,COLLISION WITH MOTOR VEHICLE,REAR END,NO PASSING ZONE,DAYLIGHT,CLEAR,DRY
13984,35391431,MONROE,Chili,3, 33A43021098,N,43.1009361,-77.7587558,9/8/14,7:52,PROPERTY DAMAGE AND INJURY,1,0,1,COLL. W/LIGHT SUPPORT/UTILITY POLE,OTHER,NONE,DAYLIGHT,CLEAR,DRY
13984,35322458,MONROE,Rochester,1, 96 43052029,Y,43.1567090,-77.6009950,7/9/14,10:55,PROPERTY DAMAGE AND INJURY,1,0,2,COLLISION WITH MOTOR VEHICLE,RIGHT ANGLE,NONE,DAYLIGHT,CLOUDY,DRY
13984,34903300,MONROE,Rochester,1,,N,43.1466429,-77.6003252,8/26/13,15:50,INJURY,2,0,2,COLLISION WITH MOTOR VEHICLE,REAR END,TRAFFIC SIGNAL,DAYLIGHT,RAIN,WET
13984,34703069,MONROE,Rochester,1,,Y,43.1646290,-77.6324260,3/21/13,17:05,INJURY,1,0,2,COLLISION WITH MOTOR VEHICLE,REAR END,TRAFFIC SIGNAL,DAYLIGHT,SNOW,WET
13984,34766989,MONROE,Rochester,1,,N,43.1565660,-77.5567171,5/10/13,2:39,PROPERTY DAMAGE AND INJURY,1,0,2,COLLISION WITH MOTOR VEHICLE,REAR END,NONE,DARK-ROAD LIGHTED,CLOUDY,DRY
13984,35421359,MONROE,Brighton,3,590I43011040,N,43.1309235,-77.5530950,10/4/14,21:29,PROPERTY DAMAGE AND INJURY,2,0,2,COLLISION WITH MOTOR VEHICLE,REAR END,NONE,DARK-ROAD LIGHTED,CLEAR,DRY
13984,35114887,MONROE,Greece,3,947A43021160,N,43.2973185,-77.7192547,1/27/14,12:58,PROPERTY DAMAGE AND INJURY,2,0,2,COLLISION WITH MOTOR VEHICLE,OVERTAKING,NONE,DAYLIGHT,SNOW,SNOW/ICE
13984,34900127,MONROE,Brighton,3,252 43011047,Y,43.0923175,-77.6791040,8/21/13,18:50,INJURY,1,0,2,COLLISION WITH MOTOR VEHICLE,REAR END,TRAFFIC SIGNAL,DAYLIGHT,CLEAR,DRY
13984,35031045,MONROE,Rochester,1,490I43022008,N,43.1570362,-77.6570927,12/4/13,8:29,PROPERTY DAMAGE AND INJURY,1,0,2,COLLISION WITH MOTOR VEHICLE,REAR END,NONE,DAYLIGHT,CLOUDY,WET
13984,34770706,MONROE,Rochester,1,940M43011009,N,43.1765773,-77.6305534,5/10/13,17:34,INJURY,2,0,2,COLLISION WITH MOTOR VEHICLE,REAR END,TRAFFIC SIGNAL,DAYLIGHT,RAIN,WET
13984,34948719,MONROE,Rochester,1,490I43022068,N,43.1433551,-77.5486527,10/5/13,11:17,PROPERTY DAMAGE AND INJURY,1,0,1,COLLISION WITH OTHER BARRIER,OTHER,NONE,DAYLIGHT,CLOUDY,WET
13984,34854590,MONROE,Pittsford,3,,N,43.0986242,-77.5202249,7/8/13,17:03,INJURY,1,0,3,COLLISION WITH MOTOR VEHICLE,OTHER,NONE,DAYLIGHT,CLOUDY,DRY
13984,34741243,MONROE,Henrietta,3,252 43011102,Y,43.0872860,-77.5732830,4/19/13,13:36,PROPERTY DAMAGE AND INJURY,1,0,2,COLLISION WITH MOTOR VEHICLE,REAR END,NO PASSING ZONE,DAYLIGHT,CLOUDY,DRY
13984,35049097,MONROE,Henrietta,3,252 43011060,Y,43.0928370,-77.6535161,12/4/13,21:02,PROPERTY DAMAGE AND INJURY,1,0,2,COLLISION WITH MOTOR VEHICLE,HEAD ON,TRAFFIC SIGNAL,DARK-ROAD LIGHTED,CLEAR,DRY
13984,35458920,MONROE,Henrietta,3,252 43011069,N,43.0882226,-77.6366100,11/1/14,17:27,PROPERTY DAMAGE AND INJURY,1,0,2,COLLISION WITH MOTOR VEHICLE,OVERTAKING,NONE,DAYLIGHT,RAIN,WET
13984,34984871,MONROE,Rochester,1,,N,43.1733287,-77.6322080,10/15/13,11:58,INJURY,4,0,2,COLLISION WITH MOTOR VEHICLE,RIGHT ANGLE,NONE,DAYLIGHT,CLEAR,DRY
13984,34731283,MONROE,Rochester,1,,Y,43.1461790,-77.6022638,4/12/13,15:42,INJURY,1,0,2,COLLISION WITH MOTOR VEHICLE,REAR END,NONE,DAYLIGHT,CLEAR,DRY
13984,35510849,MONROE,Irondequoit,3,,Y,43.2114300,-77.5731390,12/10/14,10:07,INJURY,1,0,2,COLLISION WITH MOTOR VEHICLE,UNKNOWN,STOP SIGN,DAYLIGHT,SNOW,SNOW/ICE
13984,34748602,MONROE,Ogden,3,531 43012056,N,43.1604940,-77.7577671,4/18/13,14:50,PROPERTY DAMAGE AND INJURY,1,0,1,COLLISION WITH SIGN POST,OTHER,NONE,DAYLIGHT,CLEAR,DRY
13984,34792522,MONROE,Rochester,1,,N,43.1520881,-77.5723339,5/29/13,16:28,PROPERTY DAMAGE AND INJURY,1,0,1,COLL. W/LIGHT SUPPORT/UTILITY POLE,OTHER,NONE,DAYLIGHT,CLEAR,DRY
13984,35046122,MONROE,Rochester,1,,N,43.1422237,-77.6456816,12/7/13,11:30,INJURY,1,0,1,COLLISION WITH PEDESTRIAN,OTHER,NONE,DAYLIGHT,UNKNOWN,UNKNOWN
13984,35483261,MONROE,Brighton,3,,N,43.1334664,-77.5487693,11/16/14,15:01,FATAL,0,1,1,COLLISION WITH PEDESTRIAN,OTHER,NONE,DAYLIGHT,CLOUDY,DRY
13984,34784868,MONROE,Rochester,1,940M43011005,Y,43.1717340,-77.6280679,5/15/13,19:05,INJURY,1,0,2,COLLISION WITH MOTOR VEHICLE,LEFT TURN (WITH OTHER CAR),TRAFFIC SIGNAL,DAYLIGHT,CLEAR,DRY
13984,35267820,MONROE,Rochester,1,,Y,43.1903740,-77.5920360,5/4/14,17:54,PROPERTY DAMAGE AND INJURY,2,0,1,COLLISION WITH TREE,OTHER,NONE,DAYLIGHT,CLEAR,DRY
13984,34767257,MONROE,Rochester,1,490I43022021,N,43.1566720,-77.6315563,5/7/13,16:50,PROPERTY DAMAGE AND INJURY,1,0,2,COLLISION WITH MOTOR VEHICLE,REAR END,NONE,DAYLIGHT,CLEAR,DRY
13984,34688863,MONROE,Ogden,3,,N,43.1770388,-77.8046589,3/7/13,0:38,PROPERTY DAMAGE AND INJURY,1,0,1,COLLISION WITH SIGN POST,OTHER,NO PASSING ZONE,DARK-ROAD LIGHTED,CLOUDY,WET
13984,35424077,MONROE,Rochester,1,490I43022042,N,43.1445178,-77.5993240,10/2/14,17:25,INJURY,1,0,2,COLLISION WITH MOTOR VEHICLE,REAR END,NONE,DAYLIGHT,CLOUDY,DRY
13984,35098091,MONROE,Webster,3,104 43035235,Y,43.2141469,-77.5070430,1/21/14,7:27,PROPERTY DAMAGE AND INJURY,1,0,2,COLLISION WITH MOTOR VEHICLE,REAR END,NONE,DAYLIGHT,CLOUDY,SNOW/ICE
13984,35488908,MONROE,Rochester,1,,Y,43.1916800,-77.6388740,11/17/14,17:13,INJURY,2,0,2,COLLISION WITH MOTOR VEHICLE,REAR END,NONE,DARK-ROAD LIGHTED,RAIN,WET
13984,34869095,MONROE,Henrietta,3,,N,43.0944746,-77.5819936,7/9/13,15:07,PROPERTY DAMAGE AND INJURY,1,0,2,COLLISION WITH MOTOR VEHICLE,REAR END,NONE,DAYLIGHT,CLOUDY,DRY
13984,34853868,MONROE,Rochester,1,490I43022027,N,43.1561549,-77.6207215,6/29/13,13:25,PROPERTY DAMAGE AND INJURY,2,0,3,COLLISION WITH MOTOR VEHICLE,OTHER,MAINTENANCE WORK AREA,DAYLIGHT,CLEAR,DRY
13984,35273474,MONROE,Rochester,1,,Y,43.2033300,-77.6517000,5/25/14,19:09,PROPERTY DAMAGE AND INJURY,1,0,2,COLLISION WITH MOTOR VEHICLE,REAR END,TRAFFIC SIGNAL,DAYLIGHT,CLEAR,DRY
13984,35421378,MONROE,Rochester,1,490I43022052,N,43.1426351,-77.5807980,9/9/14,17:27,INJURY,1,0,2,COLLISION WITH MOTOR VEHICLE,REAR END,NONE,DAYLIGHT,CLOUDY,DRY
13984,34940265,MONROE,Ogden,3,259 43011060,N,43.1787350,-77.8043990,9/26/13,12:49,PROPERTY DAMAGE AND INJURY,2,0,2,COLLISION WITH MOTOR VEHICLE,RIGHT ANGLE,TRAFFIC SIGNAL,DAYLIGHT,CLEAR,DRY
13984,35225175,MONROE,Rochester,1,,Y,43.1938400,-77.6388740,4/10/14,9:25,INJURY,1,0,2,COLLISION WITH MOTOR VEHICLE,REAR END,TRAFFIC SIGNAL,DAYLIGHT,CLOUDY,DRY
13984,35365446,MONROE,Irondequoit,3,,Y,43.2479640,-77.6083340,8/15/14,17:04,INJURY,1,0,1,COLLISION WITH PEDESTRIAN,OTHER,TRAFFIC SIGNAL,DAYLIGHT,CLEAR,DRY
13984,34987514,MONROE,Webster,3,,N,43.2141950,-77.4750830,10/31/13,17:30,PROPERTY DAMAGE AND INJURY,1,0,2,COLLISION WITH MOTOR VEHICLE,RIGHT ANGLE,TRAFFIC SIGNAL,DAYLIGHT,CLOUDY,WET
13984,35047778,MONROE,Greece,3,,N,43.2311038,-77.6844405,12/10/13,19:15,PROPERTY DAMAGE AND INJURY,4,0,2,COLLISION WITH MOTOR VEHICLE,RIGHT TURN (WITH OTHER CAR),NONE,DARK-ROAD UNLIGHTED,SLEET/HAIL/FREEZING RAIN,SNOW/ICE
13984,34721244,MONROE,Irondequoit,3,,Y,43.2479640,-77.6083340,4/5/13,8:22,PROPERTY DAMAGE AND INJURY,2,0,2,COLLISION WITH MOTOR VEHICLE,REAR END,TRAFFIC SIGNAL,DAYLIGHT,CLEAR,DRY
13984,35275108,MONROE,Rochester,1, 31 43032032,Y,43.1541480,-77.6192820,5/28/14,0:19,PROPERTY DAMAGE AND INJURY,1,0,2,COLLISION WITH MOTOR VEHICLE,REAR END,TRAFFIC SIGNAL,DARK-ROAD LIGHTED,CLEAR,DRY
13984,34821946,MONROE,Penfield,3,441 43011052,Y,43.1306840,-77.4413089,6/13/13,21:57,INJURY,1,0,1,COLLISION WITH BICYCLIST,OTHER,TRAFFIC SIGNAL,DARK-ROAD LIGHTED,CLOUDY,DRY
13984,34877053,MONROE,Rochester,1,,Y,43.1612300,-77.6192040,8/1/13,12:38,INJURY,1,0,3,COLLISION WITH MOTOR VEHICLE,OTHER,TRAFFIC SIGNAL,DAYLIGHT,CLOUDY,DRY
13984,35316064,MONROE,Rochester,1,,Y,43.1610589,-77.5755292,6/20/14,14:28,PROPERTY DAMAGE AND INJURY,1,0,2,COLLISION WITH MOTOR VEHICLE,REAR END,TRAFFIC SIGNAL,DAYLIGHT,CLEAR,DRY
13984,34881132,MONROE,Greece,3,,Y,43.2473470,-77.6272081,7/4/13,16:50,PROPERTY DAMAGE AND INJURY,1,0,2,COLLISION WITH MOTOR VEHICLE,RIGHT ANGLE,STOP SIGN,DAYLIGHT,CLEAR,DRY
13984,35290070,MONROE,Rochester,1, 33A43022004,N,43.1428118,-77.6584331,6/10/14,21:02,INJURY,1,0,1,COLLISION WITH PEDESTRIAN,OTHER,NONE,DARK-ROAD LIGHTED,CLEAR,DRY
13984,35424493,MONROE,Irondequoit,3,,Y,43.1961370,-77.6001439,8/30/14,11:43,PROPERTY DAMAGE AND INJURY,2,0,2,COLLISION WITH MOTOR VEHICLE,OVERTAKING,NONE,DAYLIGHT,CLEAR,DRY
13984,35034542,MONROE,Rochester,1,104 43032027,N,43.1913497,-77.6115358,12/6/13,18:25,PROPERTY DAMAGE AND INJURY,4,0,6,COLLISION WITH MOTOR VEHICLE,OTHER,NONE,DARK-ROAD LIGHTED,CLOUDY,DRY
13984,35192276,MONROE,Rochester,1,,Y,43.1762970,-77.5603200,3/21/14,18:23,PROPERTY DAMAGE AND INJURY,1,0,2,COLLISION WITH MOTOR VEHICLE,REAR END,NONE,DAYLIGHT,CLEAR,DRY
13984,35307350,MONROE,Greece,3,,N,43.2073056,-77.6795403,6/27/14,14:10,PROPERTY DAMAGE AND INJURY,2,0,4,COLLISION WITH MOTOR VEHICLE,OTHER,TRAFFIC SIGNAL,DAYLIGHT,CLEAR,DRY
13984,35523133,MONROE,Webster,3,404 43035084,Y,43.2086200,-77.4609770,12/18/14,11:15,INJURY,1,0,2,COLLISION WITH MOTOR VEHICLE,REAR END,TRAFFIC SIGNAL,DAYLIGHT,SNOW,WET
13984,34902401,MONROE,Perinton,3,250 43011024,N,43.0692853,-77.4423641,8/24/13,20:12,INJURY,1,0,2,COLLISION WITH MOTOR VEHICLE,HEAD ON,TRAFFIC SIGNAL,DARK-ROAD LIGHTED,CLEAR,DRY
13984,35299965,MONROE,Henrietta,3,390I43031091,N,43.0628832,-77.6390931,6/16/14,21:29,PROPERTY DAMAGE AND INJURY,1,0,1,COLLISION WITH DEER,OTHER,NONE,DARK-ROAD UNLIGHTED,CLOUDY,DRY
13984,35164966,MONROE,Rochester,1,,Y,43.1559900,-77.5819820,3/2/14,18:13,PROPERTY DAMAGE AND INJURY,1,0,2,COLLISION WITH MOTOR VEHICLE,RIGHT ANGLE,STOP SIGN,DUSK,CLEAR,DRY
13984,35408177,MONROE,Greece,3,,N,43.2237319,-77.6646968,9/3/14,15:16,INJURY,1,0,3,COLLISION WITH MOTOR VEHICLE,OTHER,NONE,DAYLIGHT,CLEAR,DRY
13984,35422591,MONROE,Rochester,1,,Y,43.1793250,-77.6336841,9/24/14,14:00,PROPERTY DAMAGE AND INJURY,1,0,2,COLLISION WITH MOTOR VEHICLE,OVERTAKING,STOP SIGN,DAYLIGHT,CLEAR,DRY
13984,35526059,UNKNOWN COUNTY,,0,,N,43.1570199,-77.5500723,12/15/14,8:06,PROPERTY DAMAGE AND INJURY,1,0,2,COLLISION WITH MOTOR VEHICLE,REAR END,NONE,DAYLIGHT,RAIN,WET
13984,35298203,MONROE,Henrietta,3,,Y,43.0683159,-77.6296008,6/20/14,11:20,INJURY,1,0,2,COLLISION WITH MOTOR VEHICLE,REAR END,STOP SIGN,DAYLIGHT,CLEAR,DRY
13984,34971093,MONROE,Rochester,1,,Y,43.1815660,-77.5992300,9/19/13,18:16,PROPERTY DAMAGE AND INJURY,2,0,3,COLLISION WITH MOTOR VEHICLE,OTHER,TRAFFIC SIGNAL,DAYLIGHT,CLEAR,DRY
13984,34783790,MONROE,Henrietta,3,,N,43.0865790,-77.6569927,5/16/13,22:31,PROPERTY DAMAGE AND INJURY,5,0,2,COLLISION WITH MOTOR VEHICLE,LEFT TURN (AGAINST OTHER CAR),TRAFFIC SIGNAL,DARK-ROAD LIGHTED,CLEAR,DRY