QUERYID,CASE #,REGN_CNTY_CDE,Municipality,MUNITYPE,REF_MRKR,ATINTERSECTION_IND,Lat,Long,,Time,Crash Type,Injuries,Fatalities,Number of Vehicles,ACCD_TYP,COLLISION_TYP,TRAF_CNTL,Light Condition,Weather Condition,Road Surface Condition
13984,34795883,MONROE,Rochester,1,,Y,43.1835241,-77.5851622,5/29/13,21:57,INJURY,1,0,1,COLLISION WITH PEDESTRIAN,OTHER,NONE,DARK-ROAD LIGHTED,CLEAR,DRY
13984,35544492,MONROE,Penfield,3,441 43011034,Y,43.1300744,-77.4758822,12/30/14,16:31,INJURY,1,0,2,COLLISION WITH MOTOR VEHICLE,LEFT TURN (AGAINST OTHER CAR),TRAFFIC SIGNAL,DUSK,CLOUDY,WET
13984,35109675,MONROE,Greece,3,,Y,43.1869140,-77.7015110,1/24/14,12:11,INJURY,1,0,2,COLLISION WITH MOTOR VEHICLE,REAR END,TRAFFIC SIGNAL,DAYLIGHT,CLEAR,SNOW/ICE
13984,35190562,MONROE,Webster,4,250 43011118,Y,43.2036720,-77.4303330,3/7/14,13:30,PROPERTY DAMAGE AND INJURY,1,0,2,COLLISION WITH MOTOR VEHICLE,REAR END,NO PASSING ZONE,DAYLIGHT,CLEAR,DRY
13984,35352585,MONROE,Penfield,3,250 43011066,Y,43.1307624,-77.4413170,8/4/14,8:15,PROPERTY DAMAGE AND INJURY,1,0,3,COLLISION WITH MOTOR VEHICLE,OTHER,TRAFFIC SIGNAL,DAYLIGHT,CLEAR,DRY
13984,35090136,MONROE,Rochester,1,,N,43.1401030,-77.6223390,1/13/14,15:49,INJURY,1,0,2,COLLISION WITH MOTOR VEHICLE,LEFT TURN (WITH OTHER CAR),STOP SIGN,DAYLIGHT,CLOUDY,DRY
13984,35275613,MONROE,Greece,3,,Y,43.2311640,-77.6967500,5/24/14,10:33,INJURY,2,0,2,COLLISION WITH MOTOR VEHICLE,REAR END,TRAFFIC SIGNAL,DAYLIGHT,CLEAR,DRY
13984,35464069,MONROE,Rochester,1,940T43011015,Y,43.1596578,-77.5959309,11/9/14,15:15,INJURY,2,0,2,COLLISION WITH MOTOR VEHICLE,REAR END,NONE,DAYLIGHT,CLOUDY,DRY
13984,35434225,MONROE,Rochester,1,,Y,43.1840570,-77.5993970,9/30/14,5:54,PROPERTY DAMAGE AND INJURY,2,0,2,COLLISION WITH MOTOR VEHICLE,LEFT TURN (WITH OTHER CAR),NONE,DAYLIGHT,CLEAR,DRY
13984,35279861,MONROE,Rochester,1,,Y,43.1673660,-77.6072290,5/27/14,9:43,PROPERTY DAMAGE AND INJURY,3,0,2,COLLISION WITH MOTOR VEHICLE,RIGHT ANGLE,STOP SIGN,DAYLIGHT,CLEAR,DRY
13984,34766139,MONROE,Pittsford,3,441 43011116,N,43.1234165,-77.5060610,5/6/13,10:23,PROPERTY DAMAGE AND INJURY,1,0,2,COLLISION WITH MOTOR VEHICLE,REAR END,NONE,DAYLIGHT,CLEAR,DRY
13984,35470847,MONROE,Rochester,1,,Y,43.1714840,-77.6004949,10/3/14,20:04,PROPERTY DAMAGE AND INJURY,1,0,2,COLLISION WITH MOTOR VEHICLE,LEFT TURN (AGAINST OTHER CAR),NONE,DARK-ROAD LIGHTED,CLOUDY,WET
13984,34981909,MONROE,Gates,3,,N,43.1413494,-77.7260060,10/28/13,14:27,PROPERTY DAMAGE AND INJURY,2,0,2,COLLISION WITH MOTOR VEHICLE,RIGHT ANGLE,NONE,DAYLIGHT,CLEAR,DRY
13984,35226903,MONROE,Rochester,1,,N,43.1562857,-77.6130312,4/17/14,15:01,INJURY,1,0,2,COLLISION WITH MOTOR VEHICLE,REAR END,NONE,DAYLIGHT,CLEAR,DRY
13984,34871905,MONROE,Rochester,1,,N,43.1648210,-77.6307600,6/30/13,19:47,PROPERTY DAMAGE AND INJURY,1,0,2,COLLISION WITH MOTOR VEHICLE,LEFT TURN (WITH OTHER CAR),NONE,DAYLIGHT,CLEAR,DRY
13984,35466506,MONROE,Brighton,3,390I43031125,N,43.0965251,-77.6016719,10/28/14,11:40,FATAL,0,1,1,COLLISION WITH BRIDGE STRUCTURE,OTHER,NONE,DAYLIGHT,CLEAR,DRY
13984,34900759,MONROE,Henrietta,3,,N,43.0787100,-77.6219244,8/8/13,20:39,PROPERTY DAMAGE AND INJURY,1,0,1,COLLISION WITH DEER,OTHER,NONE,DARK-ROAD UNLIGHTED,RAIN,WET
13984,34716871,MONROE,Rochester,1,,Y,43.1735490,-77.5773820,3/4/13,23:18,FATAL,0,1,1,COLLISION WITH PEDESTRIAN,OTHER,NONE,DARK-ROAD LIGHTED,CLEAR,DRY
13984,34764387,MONROE,Rochester,1,490I43022026,N,43.1572344,-77.6222468,5/6/13,12:05,PROPERTY DAMAGE AND INJURY,1,0,1,COLLISION WITH GUIDE RAIL,OTHER,NONE,DAYLIGHT,CLEAR,DRY
13984,35523141,MONROE,Henrietta,3,,N,43.0865894,-77.6296917,12/2/14,17:15,PROPERTY DAMAGE AND INJURY,2,0,2,COLLISION WITH MOTOR VEHICLE,REAR END,NONE,DARK-ROAD LIGHTED,CLOUDY,WET
13984,34910343,MONROE,Penfield,3,441 43011047,N,43.1309351,-77.4516634,8/29/13,9:48,INJURY,2,0,2,COLLISION WITH MOTOR VEHICLE,HEAD ON,NONE,DAYLIGHT,CLEAR,DRY
13984,35335754,UNKNOWN COUNTY,,0,,N,43.1939166,-77.6630549,7/21/14,9:57,INJURY,1,0,2,COLLISION WITH MOTOR VEHICLE,LEFT TURN (AGAINST OTHER CAR),NONE,DAYLIGHT,CLEAR,DRY
13984,35409524,MONROE,Webster,4,250 43011127,Y,43.2166960,-77.4301770,9/14/14,14:02,PROPERTY DAMAGE AND INJURY,1,0,2,COLLISION WITH MOTOR VEHICLE,REAR END,NONE,DAYLIGHT,CLEAR,DRY
13984,34950029,MONROE,Mendon,3,251 43011210,Y,42.9906590,-77.5758230,10/1/13,17:27,PROPERTY DAMAGE AND INJURY,1,0,1,COLL. W/LIGHT SUPPORT/UTILITY POLE,OTHER,NONE,DAYLIGHT,CLEAR,DRY
13984,34887661,MONROE,Pittsford,3, 65 43031081,N,43.0490077,-77.5670240,8/13/13,19:45,PROPERTY DAMAGE AND INJURY,1,0,2,COLLISION WITH MOTOR VEHICLE,LEFT TURN (AGAINST OTHER CAR),NONE,DAYLIGHT,CLEAR,DRY
13984,35098315,MONROE,Greece,3, 18 43031229,Y,43.2195620,-77.6412710,1/17/14,8:46,PROPERTY DAMAGE AND INJURY,2,0,2,COLLISION WITH MOTOR VEHICLE,LEFT TURN (AGAINST OTHER CAR),STOP SIGN,DAYLIGHT,CLOUDY,WET
13984,35138897,MONROE,Rochester,1,,Y,43.1349890,-77.6509491,2/8/14,20:01,INJURY,1,0,2,COLLISION WITH MOTOR VEHICLE,RIGHT ANGLE,STOP SIGN,DARK-ROAD LIGHTED,CLOUDY,WET
13984,35306298,MONROE,Penfield,3,441 43011052,Y,43.1308266,-77.4413170,6/25/14,11:18,INJURY,1,0,2,COLLISION WITH MOTOR VEHICLE,REAR END,TRAFFIC SIGNAL,DAYLIGHT,RAIN,WET
13984,35198847,MONROE,Brighton,3,,N,43.1181462,-77.5701944,3/29/14,19:47,PROPERTY DAMAGE AND INJURY,2,0,2,COLLISION WITH MOTOR VEHICLE,HEAD ON,NONE,DARK-ROAD LIGHTED,SNOW,SNOW/ICE
13984,34882602,MONROE,Rochester,1,490I43022002,N,43.1577003,-77.6684492,8/5/13,17:00,PROPERTY DAMAGE AND INJURY,1,0,3,COLLISION WITH MOTOR VEHICLE,OTHER,NONE,DAYLIGHT,CLOUDY,DRY
13984,34776052,MONROE,Gates,3,940L43011020,Y,43.1607520,-77.6911100,5/17/13,14:10,PROPERTY DAMAGE AND INJURY,1,0,2,COLLISION WITH MOTOR VEHICLE,RIGHT ANGLE,STOP SIGN,DAYLIGHT,CLOUDY,DRY
13984,34745264,MONROE,Parma,3, 18 43031119,N,43.2733445,-77.7910729,4/23/13,17:24,PROPERTY DAMAGE AND INJURY,1,0,2,COLLISION WITH MOTOR VEHICLE,REAR END,TRAFFIC SIGNAL,DAYLIGHT,CLEAR,DRY
13984,35198907,MONROE,Irondequoit,3,,N,43.2223726,-77.5992176,3/15/14,20:30,INJURY,1,0,1,COLLISION WITH TREE,OTHER,NONE,DARK-ROAD LIGHTED,CLOUDY,DRY
13984,35214893,MONROE,Greece,3,390 43011042,N,43.2168326,-77.6748888,3/12/14,9:12,INJURY,1,0,2,COLLISION WITH MOTOR VEHICLE,UNKNOWN,NONE,DAYLIGHT,SNOW,SNOW/ICE
13984,35420163,MONROE,Penfield,3,404 43035057,Y,43.1898660,-77.5039131,10/1/14,16:24,INJURY,1,0,2,COLLISION WITH MOTOR VEHICLE,REAR END,TRAFFIC SIGNAL,DAYLIGHT,CLEAR,DRY
13984,35214270,MONROE,Rochester,1,,N,43.1774255,-77.6134254,3/23/14,18:57,PROPERTY DAMAGE AND INJURY,2,0,2,COLLISION WITH MOTOR VEHICLE,HEAD ON,NONE,DUSK,CLEAR,DRY
13984,34847679,MONROE,Irondequoit,3,,Y,43.2529380,-77.5990270,7/11/13,17:35,INJURY,1,0,1,COLLISION WITH PEDESTRIAN,OTHER,NONE,DAYLIGHT,CLEAR,DRY
13984,35418041,MONROE,Rochester,1,,N,43.1470826,-77.5917948,9/30/14,16:57,INJURY,1,0,1,COLLISION WITH BICYCLIST,OTHER,NONE,DAYLIGHT,CLEAR,DRY
13984,34865906,MONROE,Gates,3, 31 43031186,N,43.1646970,-77.6800955,7/23/13,12:10,PROPERTY DAMAGE AND INJURY,1,0,2,COLLISION WITH MOTOR VEHICLE,REAR END,TRAFFIC SIGNAL,DAYLIGHT,CLEAR,DRY
13984,35254442,MONROE,Rochester,1,,N,43.1812638,-77.6206296,5/7/14,12:47,PROPERTY DAMAGE AND INJURY,1,0,1,COLL. W/LIGHT SUPPORT/UTILITY POLE,OTHER,NONE,DAYLIGHT,CLOUDY,DRY
13984,34795882,MONROE,Rochester,1,,Y,43.1663900,-77.5845650,5/29/13,22:40,INJURY,1,0,1,COLLISION WITH BICYCLIST,OTHER,STOP SIGN,DARK-ROAD LIGHTED,CLEAR,DRY
13984,35397094,MONROE,Penfield,3,250 43011089,N,43.1613720,-77.4315051,9/9/14,18:32,PROPERTY DAMAGE AND INJURY,1,0,2,COLLISION WITH MOTOR VEHICLE,REAR END,NONE,DAYLIGHT,CLEAR,DRY
13984,35213770,MONROE,Rochester,1, 31 43032019,Y,43.1646270,-77.6378164,4/1/14,17:11,PROPERTY DAMAGE AND INJURY,3,0,4,COLLISION WITH MOTOR VEHICLE,OTHER,NONE,DAYLIGHT,CLEAR,DRY
13984,34900040,MONROE,Rochester,1, 31 43032032,Y,43.1541480,-77.6192820,8/23/13,16:44,PROPERTY DAMAGE AND INJURY,1,0,2,COLLISION WITH MOTOR VEHICLE,REAR END,TRAFFIC SIGNAL,DAYLIGHT,CLEAR,DRY
13984,35047809,MONROE,Rochester,1,,Y,43.1783550,-77.5790681,12/17/13,10:01,INJURY,1,0,2,COLLISION WITH MOTOR VEHICLE,RIGHT ANGLE,STOP SIGN,DAYLIGHT,SNOW,SNOW/ICE
13984,35367715,MONROE,Greece,3,,N,43.1869272,-77.7013244,8/13/14,12:39,PROPERTY DAMAGE AND INJURY,1,0,2,COLLISION WITH MOTOR VEHICLE,REAR END,TRAFFIC SIGNAL,DAYLIGHT,CLOUDY,DRY
13984,35346080,MONROE,Brighton,3,590 43011009,N,43.1546208,-77.5380876,7/13/14,11:37,PROPERTY DAMAGE AND INJURY,2,0,1,COLL. W/EARTH ELE./ROCK CUT/DITCH,OTHER,NONE,DAYLIGHT,RAIN,WET
13984,34725629,MONROE,Gates,3,940L43011000,Y,43.1307470,-77.6897530,4/8/13,8:50,PROPERTY DAMAGE AND INJURY,1,0,2,COLLISION WITH MOTOR VEHICLE,RIGHT ANGLE,TRAFFIC SIGNAL,DAYLIGHT,CLOUDY,DRY
13984,35117883,MONROE,Pittsford,3, 31F43011000,Y,43.1168600,-77.5167761,1/20/14,9:09,PROPERTY DAMAGE AND INJURY,1,0,1,COLLISION WITH TREE,OTHER,NONE,DAYLIGHT,SNOW,SNOW/ICE
13984,35241836,MONROE,Brockport,4, 19 43041051,Y,43.2055572,-77.9414955,4/25/14,15:10,PROPERTY DAMAGE AND INJURY,1,0,3,COLLISION WITH MOTOR VEHICLE,OTHER,NONE,DAYLIGHT,CLEAR,DRY
13984,35321731,MONROE,Mendon,3, 64 43021017,Y,42.9648304,-77.5024874,7/6/14,16:43,PROPERTY DAMAGE AND INJURY,1,0,2,COLLISION WITH MOTOR VEHICLE,RIGHT ANGLE,STOP SIGN,DAYLIGHT,CLEAR,DRY
13984,34859601,MONROE,Gates,3,940L43011023,Y,43.1648860,-77.6911321,7/21/13,12:25,PROPERTY DAMAGE AND INJURY,2,0,2,COLLISION WITH MOTOR VEHICLE,RIGHT ANGLE,TRAFFIC SIGNAL,DAYLIGHT,CLEAR,DRY
13984,35044021,MONROE,Webster,3,,N,43.2306174,-77.5092197,12/6/13,16:59,PROPERTY DAMAGE AND INJURY,1,0,2,COLLISION WITH MOTOR VEHICLE,OVERTAKING,NONE,DARK-ROAD LIGHTED,CLOUDY,DRY
13984,34887573,MONROE,Greece,3,,N,43.2105395,-77.6959270,8/12/13,12:45,INJURY,1,0,2,COLLISION WITH MOTOR VEHICLE,REAR END,NONE,DAYLIGHT,CLOUDY,DRY
13984,35268267,MONROE,Rochester,1,,N,43.1804140,-77.6132754,5/24/14,15:28,INJURY,1,0,2,COLLISION WITH MOTOR VEHICLE,OVERTAKING,NONE,DAYLIGHT,CLEAR,DRY
13984,35119601,MONROE,Irondequoit,3,404 43035033,N,43.1770587,-77.5372927,12/12/13,19:23,INJURY,1,0,1,COLLISION WITH BUILDING/WALL,OTHER,NONE,DARK-ROAD LIGHTED,SNOW,SNOW/ICE
13984,34688933,MONROE,Gates,3, 33 43031127,N,43.1498334,-77.6983074,3/7/13,10:40,PROPERTY DAMAGE AND INJURY,1,0,1,COLL. W/LIGHT SUPPORT/UTILITY POLE,OTHER,NONE,DAYLIGHT,CLOUDY,DRY
13984,35418976,MONROE,Ogden,3,,Y,43.1828960,-77.7738110,10/1/14,16:10,INJURY,1,0,2,COLLISION WITH MOTOR VEHICLE,REAR END,STOP SIGN,DAYLIGHT,CLOUDY,DRY
13984,35240688,MONROE,Rochester,1,,Y,43.1344860,-77.5990600,4/28/14,14:40,INJURY,1,0,2,COLLISION WITH MOTOR VEHICLE,REAR END,NONE,DAYLIGHT,CLEAR,DRY
13984,35314857,MONROE,Gates,3,390I43037012,N,43.1442046,-77.6736655,6/27/14,17:26,PROPERTY DAMAGE AND INJURY,1,0,2,COLLISION WITH MOTOR VEHICLE,REAR END,NONE,DAYLIGHT,CLEAR,DRY
13984,35428084,MONROE,Gates,3, 33A43021150,Y,43.1382980,-77.6716130,10/12/14,2:37,INJURY,2,0,1,COLLISION WITH PEDESTRIAN,OTHER,NONE,DARK-ROAD LIGHTED,CLEAR,DRY
13984,35156951,MONROE,Rochester,1,,Y,43.2072210,-77.5620310,2/26/14,14:33,INJURY,1,0,2,COLLISION WITH MOTOR VEHICLE,REAR END,TRAFFIC SIGNAL,DAYLIGHT,CLOUDY,DRY
13984,35387423,MONROE,Clarkson,3, 19 43041076,Y,43.2380040,-77.9242719,8/22/14,18:34,INJURY,1,0,2,COLLISION WITH MOTOR VEHICLE,OVERTAKING,NONE,DAYLIGHT,CLOUDY,DRY
13984,35566705,MONROE,Webster,3,,N,43.2411700,-77.3887528,11/10/14,1:42,PROPERTY DAMAGE AND INJURY,1,0,1,COLL. W/LIGHT SUPPORT/UTILITY POLE,OTHER,NONE,DARK-ROAD UNLIGHTED,CLEAR,DRY
13984,34779254,MONROE,Pittsford,3, 65 43031103,N,43.0771014,-77.5467028,5/18/13,15:45,PROPERTY DAMAGE AND INJURY,2,0,3,COLLISION WITH MOTOR VEHICLE,OTHER,NONE,DAYLIGHT,CLEAR,DRY
13984,34895421,MONROE,Rochester,1,,Y,43.1812760,-77.5823420,8/19/13,9:30,PROPERTY DAMAGE AND INJURY,1,0,2,COLLISION WITH MOTOR VEHICLE,LEFT TURN (WITH OTHER CAR),STOP SIGN,DAYLIGHT,CLEAR,DRY
13984,35506221,MONROE,Rochester,1,,Y,43.1917320,-77.6127770,12/7/14,20:23,PROPERTY DAMAGE AND INJURY,1,0,2,COLLISION WITH MOTOR VEHICLE,REAR END,TRAFFIC SIGNAL,DARK-ROAD LIGHTED,CLOUDY,DRY
13984,34791751,MONROE,Greece,3, 18 43031191,N,43.2529191,-77.6739346,5/30/13,11:04,PROPERTY DAMAGE AND INJURY,2,0,2,COLLISION WITH MOTOR VEHICLE,REAR END,NONE,DAYLIGHT,CLEAR,DRY
13984,35114941,MONROE,Gates,3,390 43011009,N,43.1701098,-77.6832646,1/22/14,11:15,PROPERTY DAMAGE AND INJURY,1,0,1,COLLISION WITH GUIDE RAIL,OTHER,NONE,DAYLIGHT,CLEAR,SNOW/ICE
13984,34986666,MONROE,Rochester,1, 96 43052005,N,43.1456541,-77.5561922,9/23/13,13:30,INJURY,1,0,1,COLLISION WITH BICYCLIST,OTHER,NONE,DAYLIGHT,CLEAR,DRY
13984,35422725,MONROE,Rochester,1,,N,43.1913721,-77.5611754,9/26/14,22:45,INJURY,1,0,1,COLLISION WITH BICYCLIST,OTHER,NONE,DARK-ROAD LIGHTED,CLEAR,DRY
13984,34736433,MONROE,Pittsford,3, 31 43033057,Y,43.0810020,-77.4941560,4/15/13,8:10,PROPERTY DAMAGE AND INJURY,3,0,2,COLLISION WITH MOTOR VEHICLE,LEFT TURN (WITH OTHER CAR),TRAFFIC SIGNAL,DAYLIGHT,CLEAR,DRY
13984,35257256,MONROE,Henrietta,3,252 43011097,Y,43.0871832,-77.5819382,5/12/14,11:18,PROPERTY DAMAGE AND INJURY,1,0,2,COLLISION WITH MOTOR VEHICLE,OVERTAKING,NONE,DAYLIGHT,CLEAR,DRY
13984,34813224,MONROE,Henrietta,3,,N,43.0948459,-77.6112620,6/7/13,16:48,PROPERTY DAMAGE AND INJURY,1,0,2,COLLISION WITH MOTOR VEHICLE,REAR END,TRAFFIC SIGNAL,DAYLIGHT,RAIN,WET
13984,34745525,MONROE,Rochester,1,,Y,43.1264700,-77.6133590,3/9/13,23:49,PROPERTY DAMAGE AND INJURY,1,0,4,COLLISION WITH MOTOR VEHICLE,OTHER,NONE,DARK-ROAD LIGHTED,CLEAR,DRY
13984,35422057,MONROE,Henrietta,3,252 43011078,N,43.0871855,-77.6208751,10/3/14,11:50,INJURY,1,0,2,COLLISION WITH MOTOR VEHICLE,REAR END,NONE,DAYLIGHT,CLEAR,DRY
13984,35005192,MONROE,Greece,3,,N,43.1912299,-77.6832615,11/12/13,11:43,PROPERTY DAMAGE AND INJURY,1,0,2,COLLISION WITH MOTOR VEHICLE,REAR END,TRAFFIC SIGNAL,DAYLIGHT,CLEAR,DRY
13984,35457708,MONROE,Irondequoit,3,,Y,43.2260490,-77.5994090,11/4/14,16:51,PROPERTY DAMAGE AND INJURY,2,0,2,COLLISION WITH MOTOR VEHICLE,LEFT TURN (AGAINST OTHER CAR),STOP SIGN,DARK-ROAD LIGHTED,CLOUDY,DRY
13984,35099391,MONROE,Perinton,3,,N,43.1098684,-77.4636394,1/21/14,11:38,PROPERTY DAMAGE AND INJURY,1,0,1,COLL. W/LIGHT SUPPORT/UTILITY POLE,OTHER,NO PASSING ZONE,DAYLIGHT,SNOW,WET
13984,34770518,MONROE,Greece,3,104 43031148,N,43.2115234,-77.7144174,5/10/13,16:45,PROPERTY DAMAGE AND INJURY,2,0,2,COLLISION WITH MOTOR VEHICLE,REAR END,TRAFFIC SIGNAL,DAYLIGHT,UNKNOWN,WET
13984,35027064,MONROE,Rochester,1,,N,43.1706531,-77.5941290,11/24/13,2:27,PROPERTY DAMAGE AND INJURY,1,0,2,COLLISION WITH MOTOR VEHICLE,OVERTAKING,NONE,DARK-ROAD LIGHTED,SNOW,SNOW/ICE
13984,34715379,MONROE,Rochester,1,,Y,43.1865440,-77.6083780,3/27/13,14:48,PROPERTY DAMAGE AND INJURY,1,0,2,COLLISION WITH MOTOR VEHICLE,RIGHT ANGLE,TRAFFIC SIGNAL,DAYLIGHT,RAIN,WET
13984,34762890,MONROE,Chili,3,490I43021122,N,43.1200542,-77.7560673,4/30/13,21:04,PROPERTY DAMAGE AND INJURY,1,0,2,COLLISION WITH MOTOR VEHICLE,REAR END,HIGHWAY WORK AREA,DARK-ROAD UNLIGHTED,CLEAR,DRY
13984,34821942,MONROE,Gates,3,390I43037000,N,43.1310939,-77.6613689,6/18/13,6:49,PROPERTY DAMAGE AND INJURY,1,0,2,COLLISION WITH MOTOR VEHICLE,REAR END,NONE,DAYLIGHT,CLOUDY,DRY
13984,35236674,MONROE,Rochester,1,,Y,43.1603620,-77.6220550,4/25/14,9:09,PROPERTY DAMAGE AND INJURY,1,0,2,COLLISION WITH MOTOR VEHICLE,RIGHT ANGLE,STOP SIGN,DAYLIGHT,CLEAR,DRY
13984,34823533,MONROE,Rochester,1,,Y,43.1416420,-77.6289640,6/23/13,18:19,PROPERTY DAMAGE AND INJURY,2,0,2,COLLISION WITH MOTOR VEHICLE,RIGHT ANGLE,TRAFFIC SIGNAL,DAYLIGHT,CLEAR,DRY
13984,34919034,MONROE,Rochester,1,,Y,43.1343660,-77.5811870,9/5/13,14:20,PROPERTY DAMAGE AND INJURY,1,0,2,COLLISION WITH MOTOR VEHICLE,RIGHT ANGLE,STOP SIGN,DAYLIGHT,CLEAR,DRY
13984,34910336,MONROE,Ogden,3, 31 43031086,N,43.1886057,-77.8703630,8/31/13,7:55,PROPERTY DAMAGE AND INJURY,1,0,1,COLLISION WITH DEER,OTHER,NO PASSING ZONE,DAYLIGHT,CLOUDY,WET
13984,34760935,MONROE,Henrietta,3,252 43011097,Y,43.0871530,-77.5819381,4/25/13,21:15,PROPERTY DAMAGE AND INJURY,1,0,2,COLLISION WITH MOTOR VEHICLE,RIGHT ANGLE,TRAFFIC SIGNAL,DARK-ROAD LIGHTED,CLOUDY,DRY
13984,35343400,MONROE,Rush,3,251 43011158,N,43.0030410,-77.6692961,7/26/14,14:19,PROPERTY DAMAGE AND INJURY,2,0,2,COLLISION WITH MOTOR VEHICLE,RIGHT ANGLE,STOP SIGN,DAYLIGHT,CLEAR,DRY
13984,35448831,MONROE,Webster,3,404 43035077,N,43.2047030,-77.4743020,10/25/14,11:18,INJURY,1,0,2,COLLISION WITH MOTOR VEHICLE,RIGHT ANGLE,NONE,DAYLIGHT,CLEAR,DRY
13984,34844725,MONROE,Sweden,3,,N,43.1953090,-77.9438960,7/9/13,14:34,PROPERTY DAMAGE AND INJURY,2,0,2,COLLISION WITH MOTOR VEHICLE,REAR END,TRAFFIC SIGNAL,DAYLIGHT,CLEAR,DRY
13984,35412244,MONROE,Rochester,1,,Y,43.1488200,-77.6187460,9/22/14,8:00,INJURY,4,0,2,COLLISION WITH MOTOR VEHICLE,RIGHT ANGLE,STOP SIGN,DAYLIGHT,CLOUDY,WET
13984,35479781,MONROE,Rochester,1,,N,43.1915360,-77.6086891,11/19/14,10:41,PROPERTY DAMAGE AND INJURY,1,0,2,COLLISION WITH MOTOR VEHICLE,LEFT TURN (WITH OTHER CAR),TRAFFIC SIGNAL,DAYLIGHT,CLEAR,DRY
13984,35085245,MONROE,Mendon,3,,N,43.0202021,-77.5252177,1/7/14,22:21,PROPERTY DAMAGE AND INJURY,1,0,1,COLLISION WITH DEER,OTHER,NONE,DARK-ROAD UNLIGHTED,CLEAR,SNOW/ICE
13984,35073544,MONROE,Penfield,3,441 43011052,Y,43.1308270,-77.4413170,12/19/13,10:26,PROPERTY DAMAGE AND INJURY,1,0,2,COLLISION WITH MOTOR VEHICLE,RIGHT ANGLE,TRAFFIC SIGNAL,DAYLIGHT,CLEAR,DRY
13984,34878057,UNKNOWN COUNTY,,0,,N,43.1738965,-77.6764470,8/1/13,16:19,INJURY,2,0,2,COLLISION WITH MOTOR VEHICLE,REAR END,NONE,DAYLIGHT,CLEAR,DRY
13984,35273881,MONROE,Greece,3,104 43031151,Y,43.2106738,-77.7076331,5/27/14,11:46,PROPERTY DAMAGE AND INJURY,2,0,3,COLLISION WITH MOTOR VEHICLE,OTHER,TRAFFIC SIGNAL,DAYLIGHT,CLOUDY,DRY
13984,35471178,MONROE,Rochester,1, 31 43032032,Y,43.1541480,-77.6192820,10/15/14,6:40,PROPERTY DAMAGE AND INJURY,1,0,2,COLLISION WITH MOTOR VEHICLE,SIDESWIPE,TRAFFIC SIGNAL,DARK-ROAD LIGHTED,RAIN,WET
13984,35566710,MONROE,Penfield,3,,Y,43.1422290,-77.4636280,11/17/14,12:30,PROPERTY DAMAGE AND INJURY,2,0,2,COLLISION WITH MOTOR VEHICLE,RIGHT ANGLE,NONE,DAYLIGHT,SNOW,WET
13984,34846116,MONROE,Gates,3, 33 43031121,Y,43.1470730,-77.7112370,7/10/13,11:05,INJURY,1,0,2,COLLISION WITH MOTOR VEHICLE,REAR END,TRAFFIC SIGNAL,DAYLIGHT,CLOUDY,DRY
13984,34705832,MONROE,Penfield,3,,N,43.1421394,-77.4616538,3/23/13,11:38,PROPERTY DAMAGE AND INJURY,2,0,3,COLLISION WITH MOTOR VEHICLE,OTHER,NONE,DAYLIGHT,CLEAR,DRY
13984,34687063,MONROE,Gates,3,390 43011009,N,43.1687605,-77.6832048,3/7/13,8:10,PROPERTY DAMAGE AND INJURY,1,0,2,COLLISION WITH MOTOR VEHICLE,OVERTAKING,NONE,DAYLIGHT,CLEAR,DRY
13984,35403640,MONROE,Henrietta,3, 15A43041112,N,43.0856438,-77.6086061,9/18/14,17:18,INJURY,1,0,2,COLLISION WITH MOTOR VEHICLE,REAR END,NONE,DAYLIGHT,CLEAR,DRY
13984,35287902,MONROE,Chili,3,,Y,43.1218400,-77.7063360,6/10/14,15:41,PROPERTY DAMAGE AND INJURY,1,0,2,COLLISION WITH MOTOR VEHICLE,REAR END,STOP SIGN,DAYLIGHT,CLEAR,DRY
13984,34766149,MONROE,Gates,3, 31 43031163,N,43.1743530,-77.7232349,5/9/13,8:24,INJURY,1,0,2,COLLISION WITH MOTOR VEHICLE,REAR END,NONE,DAYLIGHT,RAIN,WET
13984,34756495,MONROE,Henrietta,3,390I43031087,N,43.0557839,-77.6444390,4/29/13,15:36,INJURY,1,0,1,COLL. W/EARTH ELE./ROCK CUT/DITCH,OTHER,NONE,DAYLIGHT,CLOUDY,DRY
13984,34864537,MONROE,Greece,3, 18 43031214,Y,43.2393240,-77.6468370,7/25/13,14:37,INJURY,1,0,1,OVERTURNED,OTHER,TRAFFIC SIGNAL,DAYLIGHT,CLEAR,DRY