QUERYID,CASE #,REGN_CNTY_CDE,Municipality,MUNITYPE,REF_MRKR,ATINTERSECTION_IND,Lat,Long,,Time,Crash Type,Injuries,Fatalities,Number of Vehicles,ACCD_TYP,COLLISION_TYP,TRAF_CNTL,Light Condition,Weather Condition,Road Surface Condition
13984,34687113,MONROE,Penfield,3,286A43011022,Y,43.1536660,-77.5060250,3/1/13,6:20,PROPERTY DAMAGE AND INJURY,1,0,2,COLLISION WITH MOTOR VEHICLE,LEFT TURN (WITH OTHER CAR),TRAFFIC SIGNAL,DARK-ROAD LIGHTED,SNOW,WET
13984,35376804,MONROE,Webster,3,404 43035116,N,43.2185088,-77.3985783,8/22/14,11:45,INJURY,1,0,1,COLLISION WITH SIGN POST,OTHER,NONE,DAYLIGHT,CLOUDY,DRY
13984,34913941,MONROE,Henrietta,3,,Y,43.0683630,-77.6274750,8/21/13,8:14,INJURY,1,0,2,COLLISION WITH MOTOR VEHICLE,REAR END,TRAFFIC SIGNAL,DAYLIGHT,CLEAR,DRY
13984,35373911,MONROE,Henrietta,3,,N,43.0758505,-77.6280639,8/21/14,13:53,PROPERTY DAMAGE AND INJURY,1,0,2,COLLISION WITH MOTOR VEHICLE,REAR END,TRAFFIC SIGNAL,DAYLIGHT,CLEAR,DRY
13984,35282543,MONROE,Greece,3,104 43031155,N,43.2100863,-77.7026897,6/6/14,13:38,INJURY,2,0,2,COLLISION WITH MOTOR VEHICLE,REAR END,TRAFFIC SIGNAL,DAYLIGHT,CLEAR,DRY
13984,35473745,MONROE,Greece,3, 18 43031220,Y,43.2311670,-77.6468900,11/12/14,20:27,INJURY,1,0,2,COLLISION WITH MOTOR VEHICLE,REAR END,TRAFFIC SIGNAL,DARK-ROAD LIGHTED,CLOUDY,DRY
13984,34969305,MONROE,Henrietta,3,,N,43.0884874,-77.6165748,5/23/13,15:33,PROPERTY DAMAGE AND INJURY,1,0,2,COLLISION WITH MOTOR VEHICLE,LEFT TURN (AGAINST OTHER CAR),NONE,DAYLIGHT,CLOUDY,WET
13984,34936719,MONROE,Greece,3,,Y,43.2314160,-77.7163400,9/19/13,19:01,INJURY,1,0,2,COLLISION WITH MOTOR VEHICLE,RIGHT ANGLE,TRAFFIC SIGNAL,DUSK,CLEAR,DRY
13984,35254363,UNKNOWN COUNTY,,0, 65 43031113,N,43.0901236,-77.5436413,5/8/14,15:54,PROPERTY DAMAGE AND INJURY,1,0,3,COLLISION WITH MOTOR VEHICLE,OTHER,NONE,DAYLIGHT,CLOUDY,DRY
13984,35343418,MONROE,Chili,3, 33 43031062,N,43.1185227,-77.8165810,7/29/14,7:23,PROPERTY DAMAGE AND INJURY,2,0,2,COLLISION WITH MOTOR VEHICLE,REAR END,NONE,DAWN,CLOUDY,DRY
13984,35174177,MONROE,Sweden,3, 31 43031046,Y,43.1983580,-77.9436551,3/3/14,15:02,PROPERTY DAMAGE AND INJURY,2,0,2,COLLISION WITH MOTOR VEHICLE,LEFT TURN (AGAINST OTHER CAR),TRAFFIC SIGNAL,DAYLIGHT,CLEAR,DRY
13984,35067995,MONROE,Chili,3,,N,43.0464695,-77.7956381,1/2/14,10:43,PROPERTY DAMAGE AND INJURY,1,0,1,COLL. W/LIGHT SUPPORT/UTILITY POLE,OTHER,NONE,DAYLIGHT,SNOW,SNOW/ICE
13984,35391452,MONROE,Greece,3, 18 43031180,Y,43.2530210,-77.6964430,9/4/14,15:03,INJURY,1,0,2,COLLISION WITH MOTOR VEHICLE,REAR END,TRAFFIC SIGNAL,DAYLIGHT,CLOUDY,DRY
13984,35039549,MONROE,Perinton,3, 96 43051008,N,43.0401487,-77.4592944,12/6/13,12:37,INJURY,1,0,2,COLLISION WITH MOTOR VEHICLE,RIGHT ANGLE,TRAFFIC SIGNAL,DAYLIGHT,CLOUDY,DRY
13984,35221435,MONROE,Webster,3,404 43035062,N,43.1968280,-77.5002298,4/12/14,19:57,INJURY,1,0,1,COLLISION WITH PEDESTRIAN,OTHER,NONE,DARK-ROAD LIGHTED,CLOUDY,DRY
13984,34994387,MONROE,Greece,3,,N,43.2201333,-77.6589959,10/26/13,0:50,INJURY,1,0,1,COLLISION WITH TREE,OTHER,NONE,DARK-ROAD LIGHTED,CLEAR,DRY
13984,35417596,MONROE,Chili,3,,Y,43.1162160,-77.7456470,9/20/14,15:27,PROPERTY DAMAGE AND INJURY,2,0,2,COLLISION WITH MOTOR VEHICLE,REAR END,TRAFFIC SIGNAL,DAYLIGHT,CLEAR,DRY
13984,34882739,MONROE,Rochester,1,,N,43.1689286,-77.5798790,8/8/13,13:15,INJURY,1,0,2,COLLISION WITH MOTOR VEHICLE,RIGHT ANGLE,NONE,DAYLIGHT,CLEAR,DRY
13984,34989133,MONROE,Fairport,4, 31F43011046,Y,43.0967680,-77.4330870,11/2/13,18:19,PROPERTY DAMAGE AND INJURY,3,0,2,COLLISION WITH MOTOR VEHICLE,LEFT TURN (WITH OTHER CAR),TRAFFIC SIGNAL,DARK-ROAD LIGHTED,RAIN,WET
13984,35298103,MONROE,Rochester,1,,Y,43.1366720,-77.6360020,6/21/14,0:46,INJURY,1,0,2,COLLISION WITH MOTOR VEHICLE,REAR END,NONE,DARK-ROAD LIGHTED,CLOUDY,DRY
13984,35272858,MONROE,Irondequoit,3,,Y,43.2003527,-77.5723901,5/24/14,12:05,PROPERTY DAMAGE AND INJURY,1,0,2,COLLISION WITH MOTOR VEHICLE,LEFT TURN (WITH OTHER CAR),STOP SIGN,DAYLIGHT,CLEAR,DRY
13984,34783806,MONROE,Gates,3,386 43011100,Y,43.1438460,-77.7322930,5/23/13,16:29,INJURY,1,0,2,COLLISION WITH MOTOR VEHICLE,REAR END,TRAFFIC SIGNAL,DAYLIGHT,CLOUDY,DRY
13984,34973054,MONROE,Rochester,1,940M43011007,N,43.1744571,-77.6294653,10/22/13,19:45,INJURY,1,0,1,COLLISION WITH BICYCLIST,OTHER,NONE,DARK-ROAD LIGHTED,CLEAR,DRY
13984,35368717,MONROE,Rochester,1,,Y,43.1750428,-77.6104443,8/5/14,22:05,PROPERTY DAMAGE AND INJURY,1,0,1,COLLISION WITH FIRE HYDRANT,OTHER,NONE,DARK-ROAD LIGHTED,CLEAR,DRY
13984,35316049,MONROE,East Rochester,4,253 43011163,Y,43.1114720,-77.4954580,7/2/14,20:29,PROPERTY DAMAGE AND INJURY,1,0,2,COLLISION WITH MOTOR VEHICLE,RIGHT ANGLE,STOP SIGN,DAWN,CLEAR,DRY
13984,35301952,MONROE,Spencerport,4,259 43011064,N,43.1845321,-77.8040577,6/10/14,15:56,INJURY,1,0,1,COLLISION WITH BICYCLIST,OTHER,NONE,DAYLIGHT,CLOUDY,DRY
13984,35046146,MONROE,Rochester,1,,Y,43.1593575,-77.6467423,12/11/13,22:05,INJURY,1,0,2,COLLISION WITH PEDESTRIAN,OTHER,NONE,DARK-ROAD UNLIGHTED,SNOW,SNOW/ICE
13984,34839341,MONROE,Rochester,1, 33 43032020,N,43.1504325,-77.6353833,6/30/13,15:49,INJURY,1,0,2,COLLISION WITH MOTOR VEHICLE,RIGHT ANGLE,NONE,DAYLIGHT,CLEAR,DRY
13984,35379991,MONROE,Penfield,3,,Y,43.1568260,-77.5252930,7/24/14,17:55,INJURY,1,0,1,COLLISION WITH CURBING,OTHER,NONE,DAYLIGHT,CLEAR,DRY
13984,34731164,MONROE,Henrietta,3,252 43011083,N,43.0872566,-77.6111203,4/13/13,21:10,PROPERTY DAMAGE AND INJURY,1,0,2,COLLISION WITH MOTOR VEHICLE,REAR END,TRAFFIC SIGNAL,DARK-ROAD LIGHTED,CLEAR,DRY
13984,35300672,MONROE,Rochester,1,104 43034001,N,43.1960370,-77.5613990,6/14/14,16:50,INJURY,1,0,2,COLLISION WITH MOTOR VEHICLE,REAR END,TRAFFIC SIGNAL,DAYLIGHT,CLEAR,DRY
13984,34960301,MONROE,Rochester,1,,Y,43.1838650,-77.5875230,9/18/13,6:20,INJURY,1,0,1,COLLISION WITH PEDESTRIAN,OTHER,STOP SIGN,DAWN,CLEAR,DRY
13984,34766996,MONROE,Rochester,1,,N,43.1961797,-77.6284146,5/7/13,21:09,INJURY,1,0,1,COLLISION WITH OTHER FIXED OBJECT,OTHER,NONE,DARK-ROAD LIGHTED,CLEAR,DRY
13984,35546577,MONROE,Brighton,3,490I43022069,N,43.1430840,-77.5474576,12/31/14,23:50,INJURY,1,0,1,COLLISION WITH OTHER BARRIER,OTHER,NONE,DARK-ROAD LIGHTED,SNOW,SNOW/ICE
13984,35189896,MONROE,Brighton,3, 96 43051087,Y,43.1284510,-77.5289370,3/23/14,16:08,PROPERTY DAMAGE AND INJURY,3,0,2,COLLISION WITH MOTOR VEHICLE,RIGHT ANGLE,TRAFFIC SIGNAL,DAYLIGHT,CLEAR,DRY
13984,35156841,MONROE,Rochester,1,,Y,43.1629720,-77.5543650,2/22/14,8:25,PROPERTY DAMAGE AND INJURY,2,0,2,COLLISION WITH MOTOR VEHICLE,RIGHT ANGLE,STOP SIGN,DAYLIGHT,CLOUDY,DRY
13984,35289971,MONROE,Irondequoit,3,,Y,43.1741810,-77.5483360,6/14/14,14:18,INJURY,2,0,2,COLLISION WITH MOTOR VEHICLE,RIGHT ANGLE,STOP SIGN,DAYLIGHT,CLOUDY,DRY
13984,34798347,MONROE,Rochester,1,,Y,43.1887100,-77.6286970,6/1/13,14:26,INJURY,1,0,2,COLLISION WITH MOTOR VEHICLE,RIGHT ANGLE,NONE,DAYLIGHT,CLEAR,DRY
13984,35281744,MONROE,Rochester,1,,Y,43.1661700,-77.6002539,6/2/14,17:39,PROPERTY DAMAGE AND INJURY,1,0,2,COLLISION WITH MOTOR VEHICLE,OVERTAKING,NONE,DAYLIGHT,CLEAR,DRY
13984,35388654,MONROE,Irondequoit,3,590 43013008,N,43.1787505,-77.5427461,9/3/14,16:32,PROPERTY DAMAGE AND INJURY,1,0,3,COLLISION WITH MOTOR VEHICLE,OTHER,NONE,DAYLIGHT,CLEAR,DRY
13984,34900151,MONROE,Hamlin,3,260 43011098,N,43.3359848,-77.8558150,8/22/13,12:18,PROPERTY DAMAGE AND INJURY,1,0,1,COLL. W/LIGHT SUPPORT/UTILITY POLE,OTHER,NONE,DAYLIGHT,CLEAR,DRY
13984,35183891,MONROE,Rochester,1,940M43011002,Y,43.1674170,-77.6253510,3/1/14,12:03,PROPERTY DAMAGE AND INJURY,1,0,2,COLLISION WITH MOTOR VEHICLE,RIGHT ANGLE,TRAFFIC SIGNAL,DAYLIGHT,CLOUDY,SNOW/ICE
13984,35091810,MONROE,Henrietta,3,,N,43.0418764,-77.7118743,12/24/13,13:15,PROPERTY DAMAGE AND INJURY,7,0,2,COLLISION WITH MOTOR VEHICLE,REAR END,NONE,DAYLIGHT,CLOUDY,DRY
13984,35434559,MONROE,Gates,3,390I43037013,N,43.1453714,-77.6748773,10/13/14,15:19,PROPERTY DAMAGE AND INJURY,1,0,2,COLLISION WITH MOTOR VEHICLE,REAR END,NONE,DAYLIGHT,CLEAR,DRY
13984,35387871,MONROE,Pittsford,3, 31 43033024,N,43.1093203,-77.5453971,8/29/14,16:30,PROPERTY DAMAGE AND INJURY,2,0,2,COLLISION WITH MOTOR VEHICLE,REAR END,NONE,DAYLIGHT,CLEAR,DRY
13984,34850680,MONROE,Rochester,1,,Y,43.1407750,-77.5969150,7/14/13,19:07,PROPERTY DAMAGE AND INJURY,5,0,2,COLLISION WITH MOTOR VEHICLE,SIDESWIPE,TRAFFIC SIGNAL,DAYLIGHT,CLEAR,DRY
13984,35312790,MONROE,Rochester,1,,Y,43.1416420,-77.6289640,7/1/14,14:33,PROPERTY DAMAGE AND INJURY,1,0,2,COLLISION WITH MOTOR VEHICLE,RIGHT ANGLE,TRAFFIC SIGNAL,DAYLIGHT,CLEAR,DRY
13984,34806763,MONROE,Sweden,3,,N,43.1984427,-77.9484099,5/6/13,12:50,PROPERTY DAMAGE AND INJURY,1,0,2,COLLISION WITH MOTOR VEHICLE,REAR END,TRAFFIC SIGNAL,DAYLIGHT,CLOUDY,DRY
13984,35415837,MONROE,Henrietta,3,,Y,43.0830270,-77.6296340,9/29/14,20:57,PROPERTY DAMAGE AND INJURY,1,0,3,COLLISION WITH MOTOR VEHICLE,OTHER,TRAFFIC SIGNAL,DARK-ROAD LIGHTED,CLOUDY,DRY
13984,34735951,MONROE,Irondequoit,3,,Y,43.2043123,-77.5554193,4/12/13,15:50,PROPERTY DAMAGE AND INJURY,5,0,2,COLLISION WITH MOTOR VEHICLE,REAR END,TRAFFIC SIGNAL,DAYLIGHT,CLOUDY,WET
13984,35042086,MONROE,Brighton,3, 15 43031121,N,43.1039356,-77.6279432,12/14/13,17:39,PROPERTY DAMAGE AND INJURY,3,0,3,COLLISION WITH MOTOR VEHICLE,OTHER,NONE,DARK-ROAD LIGHTED,SNOW,SNOW/ICE
13984,34985796,MONROE,Webster,4,250 43011126,N,43.2159440,-77.4302090,10/30/13,6:37,PROPERTY DAMAGE AND INJURY,1,0,2,COLLISION WITH MOTOR VEHICLE,RIGHT ANGLE,TRAFFIC SIGNAL,DARK-ROAD LIGHTED,CLOUDY,DRY
13984,34889604,MONROE,Chili,3,259 43011022,N,43.1236578,-77.8072528,8/11/13,4:20,PROPERTY DAMAGE AND INJURY,1,0,2,COLL. W/LIGHT SUPPORT/UTILITY POLE,RIGHT ANGLE,NONE,DARK-ROAD LIGHTED,CLEAR,DRY
13984,35258640,MONROE,Rochester,1,,Y,43.1616670,-77.6439770,5/14/14,0:35,INJURY,2,0,2,COLLISION WITH MOTOR VEHICLE,RIGHT TURN (WITH OTHER CAR),STOP SIGN,DARK-ROAD LIGHTED,CLOUDY,WET
13984,35371047,MONROE,Rochester,1,,Y,43.1708040,-77.6008060,7/31/14,16:19,INJURY,1,0,1,COLLISION WITH BICYCLIST,OTHER,TRAFFIC SIGNAL,DAYLIGHT,CLEAR,DRY
13984,35566768,MONROE,Henrietta,3,,Y,43.0958430,-77.5819010,10/31/14,14:46,INJURY,1,0,2,COLLISION WITH MOTOR VEHICLE,LEFT TURN (AGAINST OTHER CAR),TRAFFIC SIGNAL,DAYLIGHT,RAIN,WET
13984,35397479,MONROE,Rochester,1,,Y,43.1632730,-77.5910350,9/5/14,11:16,INJURY,1,0,2,COLLISION WITH MOTOR VEHICLE,RIGHT ANGLE,STOP SIGN,DAYLIGHT,CLEAR,DRY
13984,34883511,MONROE,Webster,3,,N,43.2154140,-77.4465880,8/7/13,16:49,PROPERTY DAMAGE AND INJURY,1,0,2,COLLISION WITH MOTOR VEHICLE,RIGHT ANGLE,TRAFFIC SIGNAL,DAYLIGHT,CLOUDY,DRY
13984,35510832,MONROE,Greece,3,386 43011008,Y,43.1869290,-77.7322120,12/3/14,16:03,PROPERTY DAMAGE AND INJURY,1,0,2,COLLISION WITH MOTOR VEHICLE,RIGHT ANGLE,NONE,DAYLIGHT,CLOUDY,WET
13984,35167676,MONROE,Rochester,1,,N,43.1961059,-77.6597912,3/6/14,7:13,PROPERTY DAMAGE AND INJURY,2,0,2,COLLISION WITH MOTOR VEHICLE,HEAD ON,NONE,DAYLIGHT,CLEAR,SNOW/ICE
13984,35432935,MONROE,Webster,3,404 43035077,Y,43.2051000,-77.4746220,8/7/14,19:15,INJURY,1,0,2,COLLISION WITH MOTOR VEHICLE,REAR END,TRAFFIC SIGNAL,DAYLIGHT,CLEAR,DRY
13984,35499565,MONROE,Rush,3,,N,42.9481987,-77.7259713,11/20/14,7:06,PROPERTY DAMAGE AND INJURY,2,0,2,COLLISION WITH MOTOR VEHICLE,HEAD ON,NONE,DUSK,SNOW,SNOW/ICE
13984,35528477,MONROE,Rochester,1,104 43032019,Y,43.1943940,-77.6266909,12/23/14,10:14,INJURY,1,0,3,COLLISION WITH MOTOR VEHICLE,OTHER,TRAFFIC SIGNAL,DAYLIGHT,CLOUDY,WET
13984,34731480,MONROE,Rochester,1,,Y,43.1432950,-77.6289760,4/5/13,14:15,PROPERTY DAMAGE AND INJURY,4,0,2,COLLISION WITH MOTOR VEHICLE,RIGHT ANGLE,NONE,DAYLIGHT,CLOUDY,DRY
13984,35390235,MONROE,Webster,3,,N,43.2123398,-77.5310621,9/3/14,8:11,PROPERTY DAMAGE AND INJURY,1,0,2,COLLISION WITH MOTOR VEHICLE,OVERTAKING,NONE,DAYLIGHT,CLEAR,DRY
13984,35457694,MONROE,Rush,3,,N,43.0176097,-77.6839985,10/27/14,23:03,PROPERTY DAMAGE AND INJURY,1,0,1,COLLISION WITH TREE,OTHER,NONE,DARK-ROAD UNLIGHTED,CLEAR,DRY
13984,35255018,MONROE,Rochester,1,,N,43.1652226,-77.6658029,4/17/14,13:11,INJURY,1,0,1,COLLISION WITH PEDESTRIAN,OTHER,NONE,DAYLIGHT,CLEAR,DRY
13984,35518835,MONROE,Gates,3,490I43021170,N,43.1569241,-77.6959921,10/19/14,0:14,PROPERTY DAMAGE AND INJURY,2,0,2,COLLISION WITH MOTOR VEHICLE,REAR END,NONE,DARK-ROAD LIGHTED,RAIN,WET
13984,35073352,MONROE,Greece,3,,N,43.2190486,-77.6496349,12/29/13,20:50,PROPERTY DAMAGE AND INJURY,1,0,1,COLL. W/LIGHT SUPPORT/UTILITY POLE,OTHER,NONE,DARK-ROAD LIGHTED,CLOUDY,WET
13984,34758101,MONROE,Webster,3,,N,43.2154160,-77.4465881,5/1/13,20:48,PROPERTY DAMAGE AND INJURY,4,0,1,COLLISION WITH CURBING,OTHER,NONE,DARK-ROAD UNLIGHTED,CLEAR,DRY
13984,35305747,MONROE,Rochester,1, 33A43022009,N,43.1461530,-77.6478181,6/22/14,16:40,INJURY,1,0,3,COLLISION WITH MOTOR VEHICLE,OTHER,NONE,DAYLIGHT,CLEAR,DRY
13984,35052019,MONROE,Rush,3,251 43011158,N,43.0030509,-77.6704172,12/18/13,12:21,PROPERTY DAMAGE AND INJURY,1,0,2,COLLISION WITH MOTOR VEHICLE,RIGHT TURN (WITH OTHER CAR),NONE,DAYLIGHT,CLEAR,DRY
13984,34749339,MONROE,Rochester,1,,Y,43.1984740,-77.5615860,4/25/13,17:41,PROPERTY DAMAGE AND INJURY,1,0,2,COLLISION WITH MOTOR VEHICLE,LEFT TURN (AGAINST OTHER CAR),NONE,DAYLIGHT,CLEAR,DRY
13984,34697861,MONROE,Henrietta,3, 15 43031105,N,43.0813040,-77.6399443,3/14/13,17:07,INJURY,1,0,2,COLLISION WITH MOTOR VEHICLE,REAR END,NONE,DAYLIGHT,CLEAR,DRY
13984,35175320,MONROE,Brighton,3,490I43023000,N,43.1430356,-77.5472338,3/12/14,11:40,PROPERTY DAMAGE AND INJURY,1,0,1,COLLISION WITH OTHER BARRIER,OTHER,NONE,DAYLIGHT,SNOW,SNOW/ICE
13984,35005219,MONROE,Rochester,1,,Y,43.1610470,-77.5543840,11/13/13,9:06,PROPERTY DAMAGE AND INJURY,1,0,2,COLLISION WITH MOTOR VEHICLE,RIGHT TURN (AGAINST OTHER CAR),STOP SIGN,DAYLIGHT,CLEAR,SNOW/ICE
13984,34983745,MONROE,Perinton,3,,N,43.1159096,-77.4321933,10/27/13,17:24,PROPERTY DAMAGE AND INJURY,1,0,1,COLL. W/LIGHT SUPPORT/UTILITY POLE,OTHER,NONE,DAYLIGHT,CLOUDY,DRY
13984,35282540,MONROE,Greece,3, 18 43031227,Y,43.2219820,-77.6412901,6/5/14,12:23,INJURY,1,0,1,COLLISION WITH BICYCLIST,OTHER,STOP SIGN,DAYLIGHT,CLEAR,DRY
13984,34846103,MONROE,Hamlin,3, 18 43031044,N,43.2943650,-77.9120501,6/30/13,4:53,PROPERTY DAMAGE AND INJURY,2,0,1,COLLISION WITH OTHER,OTHER,NONE,DAWN,CLEAR,DRY
13984,34682845,MONROE,Riga,3,490I43021074,N,43.0942130,-77.8378101,3/2/13,16:38,PROPERTY DAMAGE AND INJURY,4,0,2,COLLISION WITH MOTOR VEHICLE,REAR END,NONE,DAYLIGHT,CLOUDY,DRY
13984,34681191,MONROE,Sweden,3, 19 43041013,N,43.1514890,-77.9404473,3/2/13,1:30,PROPERTY DAMAGE AND INJURY,1,0,1,OVERTURNED,OTHER,NONE,DARK-ROAD UNLIGHTED,SNOW,SNOW/ICE
13984,34907647,MONROE,Greece,3,390 43011035,N,43.2067670,-77.6761679,8/22/13,3:00,PROPERTY DAMAGE AND INJURY,1,0,1,COLLISION WITH CURBING,OTHER,TRAFFIC SIGNAL,DARK-ROAD LIGHTED,CLEAR,DRY
13984,35417553,MONROE,Webster,3,,Y,43.2306308,-77.4613810,9/26/14,17:13,PROPERTY DAMAGE AND INJURY,1,0,2,COLLISION WITH MOTOR VEHICLE,RIGHT ANGLE,TRAFFIC SIGNAL,DAYLIGHT,CLEAR,DRY
13984,35269109,MONROE,Webster,3,,N,43.2038535,-77.4829761,4/21/14,17:24,INJURY,1,0,1,COLL. W/LIGHT SUPPORT/UTILITY POLE,OTHER,NONE,DAYLIGHT,CLOUDY,DRY
13984,34940350,MONROE,Irondequoit,3,,N,43.1955885,-77.6001316,9/28/13,12:46,INJURY,1,0,2,COLLISION WITH MOTOR VEHICLE,REAR END,TRAFFIC SIGNAL,DAYLIGHT,CLEAR,DRY
13984,34792567,MONROE,,0, 31 43032003,N,43.1646842,-77.6705119,5/31/13,14:58,INJURY,1,0,1,COLLISION WITH PEDESTRIAN,OTHER,NONE,DAYLIGHT,CLEAR,DRY
13984,34960409,MONROE,Brockport,4, 19 43041052,Y,43.2068770,-77.9411120,8/30/13,9:46,INJURY,1,0,1,COLLISION WITH BICYCLIST,OTHER,STOP SIGN,DAYLIGHT,CLEAR,DRY
13984,34730058,MONROE,Greece,3,104 43031147,N,43.2118110,-77.7161990,4/4/13,8:44,INJURY,1,0,2,COLLISION WITH MOTOR VEHICLE,REAR END,TRAFFIC SIGNAL,DAYLIGHT,CLEAR,DRY
13984,35015640,MONROE,Henrietta,3,253 43011065,N,43.0588600,-77.6413269,11/19/13,17:56,PROPERTY DAMAGE AND INJURY,1,0,1,COLL. W/EARTH ELE./ROCK CUT/DITCH,OTHER,NONE,DARK-ROAD LIGHTED,CLOUDY,DRY
13984,34852132,MONROE,Henrietta,3,,N,43.0952673,-77.5993935,7/15/13,15:23,PROPERTY DAMAGE AND INJURY,1,0,1,COLLISION WITH OTHER FIXED OBJECT,OTHER,NONE,DAYLIGHT,CLEAR,DRY
13984,35367973,MONROE,Penfield,3,441 43011050,N,43.1307577,-77.4453174,8/15/14,16:56,PROPERTY DAMAGE AND INJURY,1,0,1,COLLISION WITH CURBING,OTHER,TRAFFIC SIGNAL,DAYLIGHT,CLEAR,DRY
13984,35213886,MONROE,Rochester,1,,Y,43.1938380,-77.6372730,4/1/14,15:47,INJURY,3,0,2,COLLISION WITH MOTOR VEHICLE,RIGHT ANGLE,STOP SIGN,DAYLIGHT,CLEAR,DRY
13984,35300224,MONROE,Irondequoit,3,,N,43.1960579,-77.6004238,6/7/14,13:14,INJURY,1,0,2,COLLISION WITH MOTOR VEHICLE,OVERTAKING,NONE,DAYLIGHT,CLEAR,DRY
13984,35379014,MONROE,Rochester,1,,Y,43.1694620,-77.5795830,8/27/14,15:37,INJURY,1,0,2,COLLISION WITH OTHER PEDESTRIAN,OTHER,STOP SIGN,DAYLIGHT,CLEAR,DRY
13984,34820026,MONROE,Brighton,3,,Y,43.1115180,-77.5932700,6/14/13,15:59,INJURY,1,0,2,COLLISION WITH MOTOR VEHICLE,REAR END,STOP SIGN,DAYLIGHT,CLEAR,DRY
13984,35267821,MONROE,Rochester,1, 31 43032008,Y,43.1646610,-77.6606300,5/22/14,14:28,INJURY,1,0,2,COLLISION WITH MOTOR VEHICLE,LEFT TURN (WITH OTHER CAR),STOP SIGN,DAYLIGHT,CLEAR,DRY
13984,35042038,MONROE,Rush,3,,N,42.9472720,-77.7290083,12/12/13,17:41,INJURY,5,0,2,COLLISION WITH MOTOR VEHICLE,HEAD ON,NONE,DARK-ROAD UNLIGHTED,CLOUDY,SLUSH
13984,35090919,MONROE,Brighton,3,490I43023012,N,43.1331375,-77.5289586,1/8/14,17:21,INJURY,2,0,2,COLLISION WITH MOTOR VEHICLE,REAR END,NONE,DARK-ROAD LIGHTED,CLEAR,DRY
13984,35066279,MONROE,Rochester,1,,Y,43.1593410,-77.6439900,1/2/14,3:21,PROPERTY DAMAGE AND INJURY,2,0,1,COLL. W/LIGHT SUPPORT/UTILITY POLE,OTHER,TRAFFIC SIGNAL,DARK-ROAD LIGHTED,SNOW,SNOW/ICE
13984,34698413,MONROE,Chili,3,390I43033004,N,43.1250056,-77.6532831,3/18/13,10:43,PROPERTY DAMAGE AND INJURY,2,0,2,COLLISION WITH MOTOR VEHICLE,OVERTAKING,NONE,DAYLIGHT,CLEAR,DRY
13984,35397470,MONROE,Rochester,1,,Y,43.1710500,-77.5787180,8/30/14,20:14,PROPERTY DAMAGE AND INJURY,5,0,3,COLLISION WITH MOTOR VEHICLE,OTHER,TRAFFIC SIGNAL,DARK-ROAD LIGHTED,CLEAR,DRY
13984,35150107,MONROE,Greece,3,,N,43.1799555,-77.7535220,2/24/14,7:40,PROPERTY DAMAGE AND INJURY,2,0,3,COLLISION WITH MOTOR VEHICLE,OTHER,NONE,DAYLIGHT,CLEAR,WET
13984,35014757,MONROE,Henrietta,3, 15 43031104,Y,43.0809130,-77.6401531,11/14/13,17:45,INJURY,1,0,1,COLLISION WITH BICYCLIST,OTHER,TRAFFIC SIGNAL,DARK-ROAD LIGHTED,CLEAR,DRY
13984,35499291,MONROE,Greece,3,,Y,43.2311450,-77.6531960,11/11/14,0:00,PROPERTY DAMAGE AND INJURY,1,0,2,COLLISION WITH MOTOR VEHICLE,REAR END,UNKNOWN,UNKNOWN,UNKNOWN,UNKNOWN
13984,34960827,MONROE,Greece,3, 18 43031180,Y,43.2530210,-77.6964430,9/27/13,17:07,PROPERTY DAMAGE AND INJURY,1,0,2,COLLISION WITH MOTOR VEHICLE,LEFT TURN (WITH OTHER CAR),FLASHING LIGHT,DAYLIGHT,CLEAR,DRY
13984,34963847,MONROE,Henrietta,3, 15 43031081,Y,43.0491830,-77.6571380,10/3/13,7:00,INJURY,1,0,2,COLLISION WITH MOTOR VEHICLE,REAR END,TRAFFIC SIGNAL,DAYLIGHT,CLOUDY,DRY
13984,35236654,MONROE,Rochester,1,940M43011012,Y,43.1809370,-77.6317380,4/20/14,10:14,PROPERTY DAMAGE AND INJURY,1,0,2,COLLISION WITH MOTOR VEHICLE,LEFT TURN (AGAINST OTHER CAR),TRAFFIC SIGNAL,DAYLIGHT,CLEAR,DRY
13984,34857583,MONROE,Rochester,1,,Y,43.1936990,-77.6123700,7/19/13,12:29,PROPERTY DAMAGE AND INJURY,1,0,2,COLLISION WITH MOTOR VEHICLE,REAR END,NONE,DAYLIGHT,CLEAR,DRY
13984,35413002,MONROE,Irondequoit,3,104 43035213,N,43.2068043,-77.5473900,9/24/14,6:40,PROPERTY DAMAGE AND INJURY,1,0,2,COLLISION WITH MOTOR VEHICLE,OVERTAKING,NONE,DAWN,CLEAR,DRY
13984,35452126,MONROE,Rochester,1,,N,43.1784891,-77.6394546,10/23/14,15:55,PROPERTY DAMAGE AND INJURY,2,0,3,COLLISION WITH MOTOR VEHICLE,OTHER,TRAFFIC SIGNAL,DAYLIGHT,CLEAR,DRY