QUERYID,CASE #,REGN_CNTY_CDE,Municipality,MUNITYPE,REF_MRKR,ATINTERSECTION_IND,Lat,Long,,Time,Crash Type,Injuries,Fatalities,Number of Vehicles,ACCD_TYP,COLLISION_TYP,TRAF_CNTL,Light Condition,Weather Condition,Road Surface Condition
13984,35156789,MONROE,Rochester,1,,Y,43.1937810,-77.6000010,2/13/14,19:19,INJURY,1,0,2,COLLISION WITH MOTOR VEHICLE,RIGHT ANGLE,TRAFFIC SIGNAL,DARK-ROAD LIGHTED,SNOW,SNOW/ICE
13984,34726680,MONROE,Hamlin,3,260 43011081,N,43.3116815,-77.8592614,4/7/13,13:04,PROPERTY DAMAGE AND INJURY,2,0,1,COLLISION WITH CULVERT/HEADWALL,OTHER,NONE,DAYLIGHT,CLEAR,DRY
13984,34938966,MONROE,Irondequoit,3,,Y,43.1931420,-77.5563940,9/25/13,8:31,INJURY,1,0,2,COLLISION WITH MOTOR VEHICLE,RIGHT ANGLE,STOP SIGN,DAYLIGHT,CLEAR,DRY
13984,34886864,MONROE,Henrietta,3, 15 43031098,Y,43.0726620,-77.6445670,7/18/13,16:45,PROPERTY DAMAGE AND INJURY,1,0,2,COLLISION WITH MOTOR VEHICLE,RIGHT ANGLE,NONE,DAYLIGHT,CLEAR,DRY
13984,35101894,MONROE,Rochester,1,,N,43.1939120,-77.6592750,1/8/14,8:06,PROPERTY DAMAGE AND INJURY,1,0,2,COLLISION WITH MOTOR VEHICLE,RIGHT ANGLE,TRAFFIC SIGNAL,DAYLIGHT,CLOUDY,SNOW/ICE
13984,35137254,MONROE,Brighton,3, 15A43041128,N,43.1080070,-77.6159370,2/12/14,20:15,INJURY,1,0,3,COLLISION WITH MOTOR VEHICLE,OTHER,TRAFFIC SIGNAL,DARK-ROAD LIGHTED,CLOUDY,DRY
13984,35359516,MONROE,Ogden,3,259 43011030,Y,43.1363368,-77.8065911,8/10/14,14:00,PROPERTY DAMAGE AND INJURY,3,0,2,COLLISION WITH MOTOR VEHICLE,RIGHT ANGLE,STOP SIGN,DAYLIGHT,CLEAR,DRY
13984,34958188,MONROE,Rochester,1,,Y,43.1698180,-77.5951010,9/28/13,19:46,INJURY,1,0,1,COLLISION WITH PEDESTRIAN,OTHER,NONE,DARK-ROAD LIGHTED,CLEAR,DRY
13984,34964331,MONROE,Parma,3,,N,43.2731181,-77.8059345,9/17/13,12:40,FATAL,1,1,1,COLL. W/LIGHT SUPPORT/UTILITY POLE,OTHER,NONE,DAYLIGHT,CLEAR,DRY
13984,34764482,MONROE,Rochester,1,590 43012005,N,43.1652664,-77.5389199,5/7/13,8:51,INJURY,1,0,4,COLLISION WITH MOTOR VEHICLE,OTHER,NONE,DAYLIGHT,CLEAR,DRY
13984,34751024,MONROE,Rochester,1,,Y,43.1738480,-77.6676580,4/28/13,15:12,PROPERTY DAMAGE AND INJURY,1,0,1,COLLISION WITH CURBING,OTHER,NONE,DAYLIGHT,CLOUDY,DRY
13984,35016782,MONROE,Rochester,1,,Y,43.1673660,-77.6072290,11/6/13,16:12,PROPERTY DAMAGE AND INJURY,1,0,2,COLLISION WITH MOTOR VEHICLE,RIGHT ANGLE,STOP SIGN,DAYLIGHT,CLOUDY,DRY
13984,35399801,MONROE,Brighton,3,590 43011005,N,43.1487581,-77.5404047,8/26/14,18:20,INJURY,1,0,1,OTHER NON-COLLISION,OTHER,NONE,DAYLIGHT,CLEAR,DRY
13984,34907228,MONROE,Rochester,1,,N,43.1470330,-77.6416930,8/30/13,15:05,INJURY,1,0,1,COLLISION WITH BICYCLIST,OTHER,NONE,DAYLIGHT,CLEAR,DRY
13984,35097966,MONROE,Rochester,1,104 43032033,N,43.1918865,-77.6002858,1/21/14,18:30,PROPERTY DAMAGE AND INJURY,1,0,1,COLLISION WITH OTHER BARRIER,OTHER,NONE,DARK-ROAD LIGHTED,SNOW,SNOW/ICE
13984,35168528,MONROE,Irondequoit,3,104 43033007,N,43.1961809,-77.5705373,3/5/14,21:00,PROPERTY DAMAGE AND INJURY,1,0,2,COLLISION WITH MOTOR VEHICLE,REAR END,NONE,DARK-ROAD LIGHTED,CLOUDY,WET
13984,35398678,MONROE,Gates,3, 33 43031102,N,43.1410098,-77.7458748,9/13/14,12:23,PROPERTY DAMAGE AND INJURY,2,0,3,COLLISION WITH MOTOR VEHICLE,OTHER,NONE,DAYLIGHT,CLOUDY,WET
13984,34977245,UNKNOWN COUNTY,,0,,N,43.1620008,-77.5822705,10/26/13,3:13,PROPERTY DAMAGE AND INJURY,1,0,1,COLLISION WITH PEDESTRIAN,OTHER,TRAFFIC SIGNAL,DARK-ROAD LIGHTED,CLOUDY,OTHER
13984,35298404,MONROE,Rochester,1,,Y,43.1378910,-77.6360050,3/2/14,11:14,PROPERTY DAMAGE AND INJURY,1,0,2,COLLISION WITH MOTOR VEHICLE,LEFT TURN (WITH OTHER CAR),UNKNOWN,UNKNOWN,UNKNOWN,UNKNOWN
13984,35427884,MONROE,Rochester,1,,Y,43.2474150,-77.6163570,10/11/14,7:22,INJURY,1,0,2,COLLISION WITH MOTOR VEHICLE,LEFT TURN (AGAINST OTHER CAR),NONE,DAYLIGHT,CLEAR,DRY
13984,35332952,MONROE,Ogden,3,,Y,43.1489460,-77.7747190,7/20/14,20:41,PROPERTY DAMAGE AND INJURY,2,0,2,COLLISION WITH MOTOR VEHICLE,RIGHT ANGLE,STOP SIGN,DAYLIGHT,CLEAR,DRY
13984,35251466,MONROE,Greece,3,,Y,43.1869140,-77.7015110,5/3/14,14:05,PROPERTY DAMAGE AND INJURY,1,0,2,COLLISION WITH MOTOR VEHICLE,RIGHT ANGLE,TRAFFIC SIGNAL,DAYLIGHT,CLOUDY,DRY
13984,34702215,MONROE,Rochester,1,,Y,43.1852870,-77.6388840,3/14/13,21:02,PROPERTY DAMAGE AND INJURY,2,0,2,COLLISION WITH MOTOR VEHICLE,REAR END,TRAFFIC SIGNAL,DARK-ROAD LIGHTED,CLEAR,DRY
13984,34928865,MONROE,Brighton,3,,Y,43.1264050,-77.5657140,9/17/13,14:09,PROPERTY DAMAGE AND INJURY,1,0,2,COLLISION WITH MOTOR VEHICLE,RIGHT ANGLE,TRAFFIC SIGNAL,DAYLIGHT,CLEAR,DRY
13984,35132006,MONROE,Rochester,1,,Y,43.1262710,-77.6388950,2/2/14,7:45,PROPERTY DAMAGE AND INJURY,2,0,2,COLLISION WITH MOTOR VEHICLE,HEAD ON,TRAFFIC SIGNAL,DAYLIGHT,CLOUDY,SNOW/ICE
13984,35382875,MONROE,Rochester,1, 96 43052006,Y,43.1462239,-77.5584853,8/16/14,13:53,PROPERTY DAMAGE AND INJURY,1,0,1,COLLISION WITH BICYCLIST,OTHER,NONE,DAYLIGHT,CLOUDY,DRY
13984,35080395,MONROE,Rochester,1,,Y,43.1809380,-77.6394981,1/7/14,14:26,INJURY,2,0,2,COLLISION WITH MOTOR VEHICLE,REAR END,TRAFFIC SIGNAL,DAYLIGHT,CLEAR,SNOW/ICE
13984,34683853,MONROE,Rochester,1,,N,43.1851671,-77.5887296,3/4/13,11:19,PROPERTY DAMAGE AND INJURY,1,0,1,COLLISION WITH TREE,OTHER,NONE,DAYLIGHT,CLOUDY,WET
13984,35348033,MONROE,Henrietta,3,252 43011099,Y,43.0872220,-77.5782800,7/31/14,17:29,PROPERTY DAMAGE AND INJURY,1,0,2,COLLISION WITH MOTOR VEHICLE,LEFT TURN (AGAINST OTHER CAR),TRAFFIC SIGNAL,DAYLIGHT,CLOUDY,DRY
13984,35479778,MONROE,,0,,N,43.1440526,-77.5852322,11/20/14,18:08,INJURY,1,0,1,COLLISION WITH PEDESTRIAN,OTHER,NONE,DARK-ROAD LIGHTED,SNOW,SNOW/ICE
13984,34767184,MONROE,Chili,3,390I43033002,N,43.1233925,-77.6495120,5/6/13,7:59,INJURY,1,0,3,COLLISION WITH MOTOR VEHICLE,OTHER,NONE,DAYLIGHT,CLEAR,DRY
13984,35061736,MONROE,Rochester,1,590 43012004,N,43.1633951,-77.5388211,12/30/13,17:36,PROPERTY DAMAGE AND INJURY,1,0,2,COLLISION WITH MOTOR VEHICLE,REAR END,NONE,DARK-ROAD LIGHTED,CLEAR,DRY
13984,35458949,MONROE,Henrietta,3, 15 43031111,N,43.0896639,-77.6354373,10/29/14,13:18,PROPERTY DAMAGE AND INJURY,2,0,3,COLLISION WITH MOTOR VEHICLE,OTHER,NONE,DAYLIGHT,CLOUDY,DRY
13984,35277705,MONROE,Rochester,1, 15 43032017,N,43.1392386,-77.6141997,6/1/14,16:03,INJURY,1,0,1,COLLISION WITH BICYCLIST,OTHER,NONE,DAYLIGHT,CLEAR,DRY
13984,35467596,MONROE,Gates,3, 31 43031181,N,43.1648188,-77.6907693,11/12/14,10:56,PROPERTY DAMAGE AND INJURY,1,0,2,COLLISION WITH MOTOR VEHICLE,RIGHT ANGLE,NONE,DAYLIGHT,CLOUDY,DRY
13984,34850684,MONROE,Brighton,3,,Y,43.1139090,-77.6391061,7/8/13,17:54,PROPERTY DAMAGE AND INJURY,2,0,2,COLLISION WITH MOTOR VEHICLE,REAR END,NONE,DAYLIGHT,RAIN,WET
13984,35251480,MONROE,Greece,3,,Y,43.2145280,-77.7318020,5/1/14,12:28,PROPERTY DAMAGE AND INJURY,1,0,2,COLLISION WITH MOTOR VEHICLE,RIGHT ANGLE,TRAFFIC SIGNAL,DAYLIGHT,CLOUDY,DRY
13984,34825772,MONROE,Rochester,1,,Y,43.1878270,-77.5705351,6/24/13,19:57,PROPERTY DAMAGE AND INJURY,1,0,2,COLLISION WITH MOTOR VEHICLE,RIGHT ANGLE,NONE,DAYLIGHT,CLEAR,DRY
13984,35294573,MONROE,Penfield,3,404 43035051,N,43.1822016,-77.5079728,6/14/14,17:32,PROPERTY DAMAGE AND INJURY,4,0,3,COLLISION WITH MOTOR VEHICLE,OTHER,TRAFFIC SIGNAL,DAYLIGHT,CLEAR,DRY
13984,35202033,MONROE,Rochester,1,,N,43.1292026,-77.6053711,3/29/14,19:14,PROPERTY DAMAGE AND INJURY,2,0,2,COLLISION WITH MOTOR VEHICLE,HEAD ON,NONE,DUSK,SLEET/HAIL/FREEZING RAIN,SLUSH
13984,34733302,MONROE,Brighton,3, 31 43032060,Y,43.1362140,-77.5755050,4/12/13,13:46,INJURY,1,0,2,COLLISION WITH MOTOR VEHICLE,LEFT TURN (AGAINST OTHER CAR),TRAFFIC SIGNAL,DAYLIGHT,RAIN,WET
13984,35542839,MONROE,Rochester,1,,Y,43.1580680,-77.6023430,10/1/14,8:30,INJURY,1,0,2,COLLISION WITH MOTOR VEHICLE,RIGHT ANGLE,TRAFFIC SIGNAL,DARK-ROAD LIGHTED,CLEAR,DRY
13984,35502051,MONROE,Rochester,1,,N,43.1949823,-77.6097019,12/5/14,13:59,INJURY,1,0,2,COLLISION WITH MOTOR VEHICLE,RIGHT ANGLE,NONE,DAYLIGHT,CLEAR,DRY
13984,35073585,MONROE,Irondequoit,3,590 43013007,N,43.1768320,-77.5427410,1/7/14,9:44,PROPERTY DAMAGE AND INJURY,1,0,1,COLLISION WITH OTHER BARRIER,OTHER,NONE,DAYLIGHT,CLOUDY,SNOW/ICE
13984,35397494,MONROE,Rochester,1,,N,43.1644763,-77.5970189,9/6/14,11:45,INJURY,1,0,1,COLLISION WITH BICYCLIST,OTHER,NONE,DAYLIGHT,CLOUDY,DRY
13984,34770759,MONROE,Rochester,1,940M43011020,Y,43.1927070,-77.6292780,5/12/13,15:56,PROPERTY DAMAGE AND INJURY,7,0,3,COLLISION WITH MOTOR VEHICLE,OTHER,TRAFFIC SIGNAL,DAYLIGHT,RAIN,WET
13984,34726621,MONROE,Rochester,1,,Y,43.1380640,-77.6004119,3/25/13,14:42,PROPERTY DAMAGE AND INJURY,1,0,2,COLLISION WITH MOTOR VEHICLE,RIGHT ANGLE,STOP SIGN,DAYLIGHT,CLOUDY,DRY
13984,35439261,MONROE,Webster,4,,N,43.2260911,-77.4192423,10/18/14,23:18,INJURY,1,0,2,COLLISION WITH MOTOR VEHICLE,REAR END,TRAFFIC SIGNAL,DARK-ROAD UNLIGHTED,RAIN,WET
13984,35263154,MONROE,Irondequoit,3,,N,43.1729340,-77.5404660,5/16/14,9:25,PROPERTY DAMAGE AND INJURY,1,0,2,COLLISION WITH MOTOR VEHICLE,REAR END,TRAFFIC SIGNAL,DAYLIGHT,RAIN,WET
13984,34733298,MONROE,Rochester,1,,Y,43.1685830,-77.5979510,4/12/13,17:43,INJURY,1,0,2,COLLISION WITH MOTOR VEHICLE,RIGHT ANGLE,NONE,DAYLIGHT,CLEAR,DRY
13984,34758051,MONROE,Parma,3,,Y,43.3111190,-77.7747300,5/1/13,15:38,INJURY,5,0,2,COLLISION WITH MOTOR VEHICLE,RIGHT ANGLE,STOP SIGN,DAYLIGHT,CLEAR,DRY
13984,34915938,MONROE,Henrietta,3,252 43011104,N,43.0873192,-77.5693811,8/20/13,8:59,PROPERTY DAMAGE AND INJURY,2,0,4,COLLISION WITH MOTOR VEHICLE,OTHER,NONE,DAYLIGHT,CLEAR,DRY
13984,35536626,MONROE,Henrietta,3, 15A43041113,Y,43.0871540,-77.6092060,12/8/14,19:47,INJURY,1,0,2,COLLISION WITH MOTOR VEHICLE,REAR END,NONE,DARK-ROAD LIGHTED,CLEAR,DRY
13984,35015630,MONROE,Irondequoit,3,,Y,43.2018690,-77.6188520,11/21/13,22:57,PROPERTY DAMAGE AND INJURY,1,0,3,COLLISION WITH MOTOR VEHICLE,OTHER,STOP SIGN,DARK-ROAD LIGHTED,RAIN,WET
13984,34923894,MONROE,Rochester,1,,Y,43.1690030,-77.6422630,9/13/13,1:04,PROPERTY DAMAGE AND INJURY,1,0,1,COLLISION WITH SIGN POST,OTHER,NONE,DARK-ROAD LIGHTED,RAIN,WET
13984,34859609,MONROE,Brighton,3, 31 43033007,N,43.1284290,-77.5668028,7/21/13,3:36,PROPERTY DAMAGE AND INJURY,2,0,2,COLLISION WITH MOTOR VEHICLE,HEAD ON,NONE,DARK-ROAD LIGHTED,CLOUDY,DRY
13984,35486781,MONROE,Rochester,1,,N,43.1795080,-77.5895540,11/20/14,15:15,INJURY,1,0,2,COLLISION WITH MOTOR VEHICLE,LEFT TURN (WITH OTHER CAR),NONE,DAYLIGHT,CLOUDY,SNOW/ICE
13984,35134623,MONROE,Greece,3,,Y,43.2056300,-77.6516761,2/11/14,7:17,INJURY,1,0,1,COLLISION WITH PEDESTRIAN,OTHER,NONE,DAYLIGHT,SNOW,SNOW/ICE
13984,35164974,MONROE,Rochester,1,,Y,43.2039350,-77.6569650,3/6/14,9:38,PROPERTY DAMAGE AND INJURY,1,0,2,COLLISION WITH MOTOR VEHICLE,HEAD ON,TRAFFIC SIGNAL,DAYLIGHT,CLEAR,DRY
13984,35114862,MONROE,Rochester,1,490I43022045,N,43.1418127,-77.5935745,1/22/14,17:48,PROPERTY DAMAGE AND INJURY,1,0,3,COLLISION WITH MOTOR VEHICLE,OTHER,NONE,DARK-ROAD LIGHTED,CLEAR,SNOW/ICE
13984,34681329,MONROE,Rochester,1,,N,43.1940903,-77.6253386,3/1/13,11:20,PROPERTY DAMAGE AND INJURY,1,0,2,COLLISION WITH MOTOR VEHICLE,REAR END,NONE,DAYLIGHT,SNOW,WET
13984,34694769,MONROE,Greece,3,,Y,43.2092630,-77.6516210,3/13/13,17:02,PROPERTY DAMAGE AND INJURY,1,0,2,COLLISION WITH MOTOR VEHICLE,RIGHT ANGLE,STOP SIGN,DAYLIGHT,CLOUDY,WET
13984,35214126,MONROE,Rochester,1,,Y,43.1755650,-77.5861170,4/1/14,15:22,PROPERTY DAMAGE AND INJURY,1,0,2,COLLISION WITH MOTOR VEHICLE,LEFT TURN (AGAINST OTHER CAR),STOP SIGN,DAYLIGHT,CLEAR,DRY
13984,34748450,MONROE,Greece,3,,N,43.2010091,-77.7212590,4/23/13,21:05,PROPERTY DAMAGE AND INJURY,1,0,1,COLLISION WITH TREE,OTHER,NONE,DARK-ROAD LIGHTED,CLOUDY,DRY
13984,35260446,MONROE,Rochester,1,,N,43.1817143,-77.5873206,5/16/14,18:34,PROPERTY DAMAGE AND INJURY,1,0,1,COLLISION WITH TREE,OTHER,NONE,DAYLIGHT,CLEAR,DRY
13984,34719821,MONROE,Henrietta,3,252 43011083,N,43.0871530,-77.6102579,3/30/13,12:02,PROPERTY DAMAGE AND INJURY,2,0,2,COLLISION WITH MOTOR VEHICLE,LEFT TURN (AGAINST OTHER CAR),TRAFFIC SIGNAL,DAYLIGHT,CLEAR,DRY
13984,35289341,MONROE,Rochester,1,,Y,43.1449330,-77.5742500,5/8/14,22:27,PROPERTY DAMAGE AND INJURY,1,0,2,COLLISION WITH MOTOR VEHICLE,REAR END,NONE,DARK-ROAD LIGHTED,CLEAR,DRY
13984,35119107,MONROE,Rochester,1,,N,43.1542635,-77.6030571,2/1/14,17:44,INJURY,1,0,1,COLLISION WITH PEDESTRIAN,OTHER,NONE,DARK-ROAD LIGHTED,RAIN,WET
13984,35426521,MONROE,Rochester,1,490I43022053,N,43.1427745,-77.5792911,9/24/14,18:19,PROPERTY DAMAGE AND INJURY,1,0,3,COLLISION WITH MOTOR VEHICLE,OTHER,NONE,DAYLIGHT,CLEAR,DRY
13984,35044051,MONROE,Brighton,3,,N,43.1574716,-77.5387897,12/16/13,17:08,INJURY,1,0,1,COLLISION WITH BICYCLIST,OTHER,NONE,DARK-ROAD LIGHTED,CLOUDY,WET
13984,34879405,MONROE,Brighton,3, 15A43041128,N,43.1078220,-77.6159310,8/6/13,15:43,PROPERTY DAMAGE AND INJURY,14,0,2,COLLISION WITH MOTOR VEHICLE,LEFT TURN (AGAINST OTHER CAR),TRAFFIC SIGNAL,DAYLIGHT,CLEAR,DRY
13984,35051030,MONROE,Rochester,1,,N,43.1943689,-77.5613418,12/19/13,16:59,PROPERTY DAMAGE AND INJURY,1,0,2,COLLISION WITH MOTOR VEHICLE,RIGHT ANGLE,NONE,DARK-ROAD LIGHTED,CLOUDY,WET
13984,35047937,MONROE,Gates,3, 31 43031183,Y,43.1646990,-77.6866240,12/18/13,16:15,INJURY,1,0,2,COLLISION WITH MOTOR VEHICLE,RIGHT ANGLE,STOP SIGN,DUSK,CLOUDY,WET
13984,35295301,MONROE,Greece,3,,Y,43.2273005,-77.6348316,5/20/14,16:15,PROPERTY DAMAGE AND INJURY,1,0,2,COLLISION WITH MOTOR VEHICLE,OVERTAKING,NONE,DAYLIGHT,CLEAR,DRY
13984,35116086,MONROE,Rochester,1,490I43022009,N,43.1571213,-77.6558220,1/22/14,10:15,PROPERTY DAMAGE AND INJURY,1,0,1,COLLISION WITH GUIDE RAIL,OTHER,NONE,DAYLIGHT,CLOUDY,SNOW/ICE
13984,34798354,MONROE,Rochester,1,,Y,43.1584300,-77.6154310,6/3/13,13:11,INJURY,1,0,3,COLLISION WITH MOTOR VEHICLE,OTHER,TRAFFIC SIGNAL,DAYLIGHT,CLEAR,DRY
13984,35216553,MONROE,Webster,3,,N,43.2142700,-77.4612459,4/4/14,15:42,INJURY,1,0,2,COLLISION WITH MOTOR VEHICLE,REAR END,YIELD SIGN,DAYLIGHT,RAIN,WET
13984,35183790,MONROE,Rochester,1,490I43022019,N,43.1565452,-77.6370076,3/12/14,10:30,PROPERTY DAMAGE AND INJURY,1,0,1,COLLISION WITH OTHER BARRIER,OTHER,NONE,DAYLIGHT,SNOW,SNOW/ICE
13984,35428352,MONROE,Rochester,1,,Y,43.1881130,-77.5623240,10/6/14,16:18,INJURY,1,0,1,COLLISION WITH BICYCLIST,OTHER,NONE,DAYLIGHT,CLEAR,DRY
13984,34938288,MONROE,Brighton,3, 15A43041126,Y,43.1028266,-77.6152741,9/24/13,11:49,INJURY,2,0,2,COLLISION WITH MOTOR VEHICLE,REAR END,NONE,DAYLIGHT,CLEAR,DRY
13984,35005306,MONROE,Rochester,1,,Y,43.1495670,-77.5851780,11/11/13,12:20,PROPERTY DAMAGE AND INJURY,1,0,2,COLLISION WITH MOTOR VEHICLE,REAR END,NONE,DAYLIGHT,CLOUDY,DRY
13984,35384341,MONROE,Rochester,1, 33 43032015,Y,43.1499720,-77.6451660,8/30/14,20:29,INJURY,2,0,2,COLLISION WITH MOTOR VEHICLE,REAR END,NONE,DARK-ROAD LIGHTED,CLEAR,DRY
13984,35396698,MONROE,Rochester,1,490I43022035,N,43.1510112,-77.6086970,9/11/14,12:20,PROPERTY DAMAGE AND INJURY,1,0,2,COLLISION WITH MOTOR VEHICLE,REAR END,NONE,DAYLIGHT,CLOUDY,DRY
13984,34825613,MONROE,Henrietta,3, 15 43031110,N,43.0881380,-77.6362540,6/21/13,17:59,INJURY,3,0,2,COLLISION WITH MOTOR VEHICLE,LEFT TURN (AGAINST OTHER CAR),TRAFFIC SIGNAL,DAYLIGHT,CLEAR,DRY
13984,35267802,MONROE,Parma,3,104 43031128,Y,43.2174070,-77.7526830,5/19/14,8:01,INJURY,1,0,2,COLLISION WITH MOTOR VEHICLE,REAR END,TRAFFIC SIGNAL,DAYLIGHT,RAIN,WET
13984,35323126,MONROE,Rochester,1,,Y,43.1873000,-77.5861160,7/9/14,11:38,PROPERTY DAMAGE AND INJURY,4,0,3,COLLISION WITH MOTOR VEHICLE,OTHER,NONE,DAYLIGHT,CLEAR,DRY
13984,34788154,MONROE,Rochester,1,,N,43.1466090,-77.5998220,5/24/13,0:29,INJURY,1,0,1,COLLISION WITH BICYCLIST,OTHER,TRAFFIC SIGNAL,DARK-ROAD LIGHTED,RAIN,WET
13984,34967797,MONROE,Irondequoit,3,404 43035030,N,43.1768321,-77.5427400,10/13/13,19:03,PROPERTY DAMAGE AND INJURY,1,0,2,COLLISION WITH MOTOR VEHICLE,REAR END,TRAFFIC SIGNAL,DARK-ROAD LIGHTED,CLOUDY,DRY
13984,35014759,MONROE,Chili,3,252 43011045,N,43.0928611,-77.6822046,11/7/13,21:17,INJURY,1,0,2,COLLISION WITH MOTOR VEHICLE,OVERTAKING,NONE,DARK-ROAD LIGHTED,CLOUDY,DRY
13984,34986795,MONROE,Rochester,1,490I43022044,N,43.1419480,-77.5955340,11/1/13,7:40,PROPERTY DAMAGE AND INJURY,2,0,6,COLLISION WITH MOTOR VEHICLE,OTHER,NONE,DAYLIGHT,CLOUDY,WET
13984,34815967,MONROE,Brighton,3,441 43011105,Y,43.1280250,-77.5216560,6/12/13,8:43,PROPERTY DAMAGE AND INJURY,1,0,2,COLLISION WITH MOTOR VEHICLE,REAR END,TRAFFIC SIGNAL,DAYLIGHT,CLEAR,DRY
13984,35497889,MONROE,Penfield,3,,Y,43.1363420,-77.4757160,11/25/14,16:46,INJURY,1,0,2,COLLISION WITH MOTOR VEHICLE,REAR END,TRAFFIC SIGNAL,DARK-ROAD LIGHTED,CLOUDY,DRY
13984,35514660,MONROE,Irondequoit,3,,Y,43.2099799,-77.5425612,11/13/14,23:00,PROPERTY DAMAGE AND INJURY,1,0,3,COLLISION WITH MOTOR VEHICLE,OTHER,NONE,DARK-ROAD LIGHTED,CLOUDY,SNOW/ICE
13984,35047904,MONROE,Webster,3,404 43035084,N,43.2087284,-77.4604343,12/11/13,14:28,INJURY,1,0,2,COLLISION WITH MOTOR VEHICLE,LEFT TURN (AGAINST OTHER CAR),TRAFFIC SIGNAL,DAYLIGHT,SNOW,WET
13984,35189858,MONROE,Chili,3,390I43033001,N,43.1222290,-77.6477810,3/17/14,7:33,INJURY,1,0,2,COLLISION WITH MOTOR VEHICLE,REAR END,YIELD SIGN,DAYLIGHT,CLEAR,DRY
13984,34813272,MONROE,Penfield,3,404 43035042,N,43.1749940,-77.5206229,6/12/13,18:03,PROPERTY DAMAGE AND INJURY,2,0,2,COLLISION WITH MOTOR VEHICLE,REAR END,NONE,DAYLIGHT,CLEAR,DRY
13984,35015460,MONROE,Ogden,3, 36 43031152,Y,43.1865063,-77.8542730,11/21/13,10:26,PROPERTY DAMAGE AND INJURY,2,0,2,COLLISION WITH MOTOR VEHICLE,LEFT TURN (AGAINST OTHER CAR),TRAFFIC SIGNAL,DAYLIGHT,CLEAR,DRY
13984,34795936,MONROE,Ogden,3,259 43011060,N,43.1791266,-77.8043750,4/30/13,15:14,PROPERTY DAMAGE AND INJURY,1,0,2,COLLISION WITH MOTOR VEHICLE,LEFT TURN (WITH OTHER CAR),TRAFFIC SIGNAL,DAYLIGHT,CLEAR,DRY
13984,35232372,UNKNOWN COUNTY,,0,,N,43.0617922,-77.6111961,4/6/14,12:20,PROPERTY DAMAGE AND INJURY,1,0,2,COLLISION WITH MOTOR VEHICLE,RIGHT ANGLE,NONE,DAYLIGHT,CLEAR,DRY
13984,35530449,MONROE,Rochester,1,,N,43.1796098,-77.5602822,12/19/14,11:03,PROPERTY DAMAGE AND INJURY,1,0,3,COLLISION WITH MOTOR VEHICLE,OTHER,NONE,DAYLIGHT,CLOUDY,WET
13984,35294545,MONROE,Greece,3,,Y,43.2455000,-77.6345940,6/17/14,18:38,PROPERTY DAMAGE AND INJURY,1,0,1,COLLISION WITH BICYCLIST,OTHER,STOP SIGN,DAYLIGHT,CLOUDY,DRY
13984,35239819,MONROE,Rochester,1, 96 43052006,N,43.1462590,-77.5577620,4/19/14,22:19,PROPERTY DAMAGE AND INJURY,1,0,1,COLLISION WITH OTHER FIXED OBJECT,OTHER,NONE,DARK-ROAD LIGHTED,CLEAR,DRY
13984,35080388,MONROE,Rochester,1, 31 43032028,Y,43.1581060,-77.6251630,12/24/13,20:00,PROPERTY DAMAGE AND INJURY,2,0,2,COLLISION WITH MOTOR VEHICLE,RIGHT ANGLE,TRAFFIC SIGNAL,DARK-ROAD LIGHTED,SNOW,SNOW/ICE
13984,35454561,MONROE,Pittsford,4, 31 43033042,Y,43.0923330,-77.5194959,11/2/14,16:04,PROPERTY DAMAGE AND INJURY,1,0,2,COLLISION WITH MOTOR VEHICLE,REAR END,NONE,DAYLIGHT,CLEAR,DRY
13984,35146921,MONROE,Rochester,1,490I43022016,N,43.1567737,-77.6416331,2/14/14,7:35,PROPERTY DAMAGE AND INJURY,1,0,2,COLLISION WITH MOTOR VEHICLE,REAR END,NONE,DAYLIGHT,SNOW,SNOW/ICE
13984,35505866,MONROE,Penfield,3,404 43035054,N,43.1861925,-77.5058605,12/6/14,17:52,INJURY,1,0,2,COLLISION WITH MOTOR VEHICLE,REAR END,NONE,DARK-ROAD UNLIGHTED,CLOUDY,DRY
13984,35344440,MONROE,Rochester,1, 15 43032009,N,43.1271360,-77.6162045,7/24/14,10:29,PROPERTY DAMAGE AND INJURY,1,0,2,COLLISION WITH MOTOR VEHICLE,REAR END,TRAFFIC SIGNAL,DAYLIGHT,CLEAR,DRY
13984,34817925,MONROE,Rochester,1,,N,43.1692775,-77.5728141,6/15/13,18:51,INJURY,1,0,1,COLLISION WITH BICYCLIST,OTHER,NONE,DAYLIGHT,CLEAR,DRY
13984,35519364,UNKNOWN COUNTY,,0,,N,43.1809179,-77.5954414,12/19/14,12:26,INJURY,2,0,2,COLLISION WITH MOTOR VEHICLE,RIGHT ANGLE,NONE,DAYLIGHT,CLOUDY,DRY