QUERYID,CASE #,REGN_CNTY_CDE,Municipality,MUNITYPE,REF_MRKR,ATINTERSECTION_IND,Lat,Long,,Time,Crash Type,Injuries,Fatalities,Number of Vehicles,ACCD_TYP,COLLISION_TYP,TRAF_CNTL,Light Condition,Weather Condition,Road Surface Condition
13984,35039546,MONROE,Pittsford,3, 65 43031111,Y,43.0872710,-77.5426350,12/11/13,12:45,INJURY,1,0,2,COLLISION WITH MOTOR VEHICLE,REAR END,TRAFFIC SIGNAL,DAYLIGHT,CLOUDY,WET
13984,35302011,MONROE,Rochester,1,,N,43.1452170,-77.6344889,6/16/14,16:11,INJURY,1,0,1,COLLISION WITH PEDESTRIAN,OTHER,NONE,DAYLIGHT,CLEAR,DRY
13984,34840907,MONROE,Brighton,3,,Y,43.1059670,-77.5767990,7/8/13,15:04,PROPERTY DAMAGE AND INJURY,1,0,2,COLLISION WITH MOTOR VEHICLE,LEFT TURN (AGAINST OTHER CAR),TRAFFIC SIGNAL,DAYLIGHT,CLOUDY,DRY
13984,35145082,MONROE,Perinton,3,490I43023082,N,43.0485674,-77.4640466,2/20/14,16:30,INJURY,1,0,1,RAN OFF ROAD ONLY,OTHER,NONE,DAYLIGHT,SNOW,SNOW/ICE
13984,34902383,MONROE,Webster,3,,N,43.2502840,-77.4865009,8/23/13,22:15,PROPERTY DAMAGE AND INJURY,1,0,1,COLLISION WITH BUILDING/WALL,OTHER,NONE,DARK-ROAD UNLIGHTED,CLEAR,DRY
13984,34923908,MONROE,Rochester,1,383 43012001,N,43.1243076,-77.6428778,9/9/13,10:45,PROPERTY DAMAGE AND INJURY,1,0,1,COLL. W/LIGHT SUPPORT/UTILITY POLE,OTHER,NONE,DAYLIGHT,CLEAR,DRY
13984,34863025,MONROE,Rochester,1,,Y,43.1398790,-77.6289479,7/15/13,18:48,PROPERTY DAMAGE AND INJURY,2,0,2,COLLISION WITH MOTOR VEHICLE,RIGHT ANGLE,STOP SIGN,DAYLIGHT,CLEAR,DRY
13984,35255578,MONROE,Rochester,1,,Y,43.1709350,-77.6120639,5/4/14,12:43,INJURY,1,0,1,COLLISION WITH PEDESTRIAN,OTHER,NONE,DAYLIGHT,CLEAR,DRY
13984,34854604,MONROE,Rochester,1,,Y,43.2115230,-77.5600430,7/12/13,8:16,PROPERTY DAMAGE AND INJURY,4,0,2,COLLISION WITH MOTOR VEHICLE,HEAD ON,TRAFFIC SIGNAL,DAYLIGHT,CLOUDY,DRY
13984,35532717,MONROE,Rochester,1,490I43022019,N,43.1566740,-77.6353073,12/30/14,0:35,PROPERTY DAMAGE AND INJURY,1,0,1,COLLISION WITH MEDIAN/BARRIER,OTHER,NONE,DARK-ROAD LIGHTED,SNOW,SNOW/ICE
13984,34849037,MONROE,Rochester,1,,N,43.1201625,-77.6162429,7/13/13,5:10,PROPERTY DAMAGE AND INJURY,1,0,1,COLL. W/LIGHT SUPPORT/UTILITY POLE,OTHER,NONE,DAWN,CLOUDY,DRY
13984,35022180,MONROE,Brighton,3,590I43011018,N,43.1079235,-77.5755599,11/25/13,7:22,INJURY,3,0,3,COLLISION WITH MOTOR VEHICLE,OTHER,TRAFFIC SIGNAL,DAYLIGHT,CLOUDY,DRY
13984,34962207,MONROE,Gates,3,,Y,43.1749984,-77.7015724,10/15/13,15:53,PROPERTY DAMAGE AND INJURY,2,0,2,COLLISION WITH MOTOR VEHICLE,OVERTAKING,TRAFFIC SIGNAL,DAYLIGHT,CLEAR,DRY
13984,34688902,MONROE,Brighton,3, 15 43031115,Y,43.0959250,-77.6320800,3/9/13,19:13,PROPERTY DAMAGE AND INJURY,2,0,2,COLLISION WITH MOTOR VEHICLE,REAR END,NONE,DARK-ROAD LIGHTED,CLEAR,DRY
13984,34702220,MONROE,Rochester,1,,Y,43.1910160,-77.5998220,3/15/13,19:10,PROPERTY DAMAGE AND INJURY,1,0,2,COLLISION WITH MOTOR VEHICLE,RIGHT ANGLE,STOP SIGN,DUSK,CLEAR,DRY
13984,35499561,MONROE,Henrietta,3,,N,43.0783656,-77.6283873,11/30/14,12:40,PROPERTY DAMAGE AND INJURY,2,0,2,COLLISION WITH MOTOR VEHICLE,HEAD ON,NONE,DAYLIGHT,CLOUDY,DRY
13984,35430270,MONROE,Greece,3,,N,43.2266768,-77.6384258,10/11/14,2:43,PROPERTY DAMAGE AND INJURY,1,0,1,COLLISION WITH TREE,OTHER,NONE,DARK-ROAD LIGHTED,CLOUDY,DRY
13984,35166284,MONROE,Gates,3,490I43021179,N,43.1565906,-77.6779322,3/6/14,7:30,INJURY,1,0,2,COLLISION WITH MOTOR VEHICLE,REAR END,NONE,DAYLIGHT,CLEAR,DRY
13984,34971813,MONROE,Rochester,1,,Y,43.1450281,-77.6480101,10/20/13,1:35,INJURY,1,0,1,COLLISION WITH PEDESTRIAN,OTHER,NONE,DARK-ROAD LIGHTED,CLEAR,DRY
13984,34963553,MONROE,Greece,3,390 43011016,N,43.1799193,-77.6838612,10/13/13,0:55,PROPERTY DAMAGE AND INJURY,3,0,2,COLLISION WITH MOTOR VEHICLE,REAR END,NONE,DARK-ROAD LIGHTED,CLEAR,DRY
13984,35085234,MONROE,Hamlin,3, 18 43031031,N,43.2954800,-77.9363088,12/20/13,1:55,PROPERTY DAMAGE AND INJURY,1,0,1,COLLISION WITH OTHER,OTHER,NONE,DARK-ROAD LIGHTED,CLOUDY,WET
13984,35228784,MONROE,Rochester,1,,Y,43.1583585,-77.6290557,4/18/14,22:18,PROPERTY DAMAGE AND INJURY,1,0,2,COLLISION WITH MOTOR VEHICLE,REAR END,NONE,DARK-ROAD LIGHTED,CLEAR,DRY
13984,35263125,MONROE,Webster,3,,N,43.2156499,-77.4465970,5/14/14,16:52,INJURY,1,0,2,COLLISION WITH MOTOR VEHICLE,REAR END,TRAFFIC SIGNAL,DAYLIGHT,CLOUDY,WET
13984,35323377,MONROE,Rochester,1,,Y,43.1826260,-77.6388470,7/10/14,8:08,INJURY,1,0,2,COLLISION WITH MOTOR VEHICLE,RIGHT ANGLE,STOP SIGN,DAYLIGHT,CLEAR,DRY
13984,35175663,MONROE,East Rochester,4,253 43011161,Y,43.1097120,-77.4983430,3/9/14,10:00,PROPERTY DAMAGE AND INJURY,2,0,2,COLLISION WITH MOTOR VEHICLE,LEFT TURN (AGAINST OTHER CAR),STOP SIGN,DAYLIGHT,CLOUDY,DRY
13984,34878048,MONROE,Rochester,1, 33 43032012,Y,43.1499698,-77.6510205,8/5/13,15:50,PROPERTY DAMAGE AND INJURY,1,0,2,COLLISION WITH MOTOR VEHICLE,OVERTAKING,NONE,DAYLIGHT,CLEAR,DRY
13984,34770857,MONROE,Rochester,1, 31 43032042,Y,43.1531210,-77.6027720,5/11/13,22:46,PROPERTY DAMAGE AND INJURY,2,0,2,COLLISION WITH MOTOR VEHICLE,OVERTAKING,TRAFFIC SIGNAL,DARK-ROAD LIGHTED,CLEAR,DRY
13984,34991202,MONROE,Henrietta,3, 15A43041093,N,43.0591966,-77.6125082,10/31/13,6:35,PROPERTY DAMAGE AND INJURY,1,0,2,COLLISION WITH MOTOR VEHICLE,REAR END,TRAFFIC SIGNAL,DARK-ROAD LIGHTED,RAIN,WET
13984,35330456,UNKNOWN COUNTY,,0,,N,43.0543936,-77.6150803,7/11/14,23:00,INJURY,1,0,1,COLLISION WITH PEDESTRIAN,OTHER,NONE,DARK-ROAD LIGHTED,CLEAR,DRY
13984,34842814,MONROE,Rochester,1, 31 43032046,N,43.1487463,-77.5975126,7/5/13,18:00,INJURY,1,0,1,COLLISION WITH PEDESTRIAN,OTHER,NONE,DAYLIGHT,CLOUDY,WET
13984,34936437,MONROE,Webster,3,,N,43.2230899,-77.3842094,9/17/13,7:30,PROPERTY DAMAGE AND INJURY,2,0,4,COLLISION WITH MOTOR VEHICLE,OTHER,NONE,DAYLIGHT,CLEAR,DRY
13984,35314046,MONROE,Perinton,3,490I43023088,N,43.0393058,-77.4617555,6/29/14,17:57,PROPERTY DAMAGE AND INJURY,2,0,3,COLLISION WITH MOTOR VEHICLE,OTHER,NONE,DAYLIGHT,RAIN,WET
13984,35296878,MONROE,Brighton,3,,N,43.1267920,-77.5535041,6/18/14,17:42,PROPERTY DAMAGE AND INJURY,1,0,2,COLLISION WITH MOTOR VEHICLE,REAR END,TRAFFIC SIGNAL,DAYLIGHT,CLOUDY,DRY
13984,35263113,MONROE,Webster,3,,Y,43.2046350,-77.4962020,5/16/14,8:45,PROPERTY DAMAGE AND INJURY,1,0,2,COLLISION WITH MOTOR VEHICLE,RIGHT ANGLE,TRAFFIC SIGNAL,DAYLIGHT,CLOUDY,WET
13984,35426166,MONROE,Brighton,3, 15 43031115,N,43.0947846,-77.6326856,10/9/14,13:05,PROPERTY DAMAGE AND INJURY,1,0,2,COLLISION WITH MOTOR VEHICLE,LEFT TURN (AGAINST OTHER CAR),NONE,DAYLIGHT,CLEAR,DRY
13984,35075385,MONROE,Gates,3, 31 43031165,N,43.1733518,-77.7187820,1/8/14,16:28,PROPERTY DAMAGE AND INJURY,3,0,2,COLLISION WITH MOTOR VEHICLE,RIGHT ANGLE,NONE,DUSK,CLOUDY,WET
13984,35117876,MONROE,Ogden,3, 33 43031092,Y,43.1372940,-77.7652721,2/3/14,8:35,PROPERTY DAMAGE AND INJURY,1,0,2,COLLISION WITH MOTOR VEHICLE,RIGHT ANGLE,TRAFFIC SIGNAL,DAYLIGHT,CLOUDY,DRY
13984,35397550,MONROE,Rochester,1, 96 43052027,Y,43.1557580,-77.5972600,8/11/14,16:48,INJURY,1,0,1,COLLISION WITH PEDESTRIAN,OTHER,TRAFFIC SIGNAL,DAYLIGHT,CLEAR,DRY
13984,35318790,MONROE,East Rochester,4,,Y,43.1094250,-77.4911430,6/12/14,13:44,INJURY,1,0,1,COLLISION WITH BICYCLIST,OTHER,STOP SIGN,DAYLIGHT,CLOUDY,DRY
13984,34703919,MONROE,Rochester,1,940M43011008,Y,43.1757100,-77.6301080,3/20/13,18:29,PROPERTY DAMAGE AND INJURY,2,0,2,COLLISION WITH MOTOR VEHICLE,LEFT TURN (AGAINST OTHER CAR),TRAFFIC SIGNAL,DAYLIGHT,CLEAR,WET
13984,35218560,MONROE,Rochester,1,104 43032022,N,43.1924965,-77.6205141,4/10/14,17:57,PROPERTY DAMAGE AND INJURY,2,0,3,COLLISION WITH MOTOR VEHICLE,OTHER,NONE,DAYLIGHT,CLOUDY,DRY
13984,35339232,MONROE,Chili,3, 33A43021117,Y,43.1161410,-77.7274770,7/24/14,14:05,PROPERTY DAMAGE AND INJURY,3,0,2,COLLISION WITH MOTOR VEHICLE,RIGHT ANGLE,STOP SIGN,DAYLIGHT,CLEAR,DRY
13984,35121164,MONROE,Greece,3, 18 43031162,Y,43.2536070,-77.7328481,2/1/14,15:30,INJURY,1,0,1,COLLISION WITH PEDESTRIAN,OTHER,TRAFFIC SIGNAL,DAYLIGHT,SNOW,WET
13984,34794808,MONROE,Sweden,3, 31A43021009,N,43.1980854,-77.9791942,6/1/13,12:05,PROPERTY DAMAGE AND INJURY,1,0,2,COLLISION WITH MOTOR VEHICLE,REAR END,NONE,DAYLIGHT,CLOUDY,WET
13984,34715375,MONROE,Rochester,1,940M43011000,Y,43.1646390,-77.6232511,3/31/13,1:27,PROPERTY DAMAGE AND INJURY,1,0,1,COLLISION WITH SIGN POST,OTHER,NONE,DARK-ROAD LIGHTED,CLEAR,DRY
13984,35056464,MONROE,Gates,3, 31 43031181,Y,43.1648860,-77.6911321,12/25/13,17:43,PROPERTY DAMAGE AND INJURY,1,0,1,COLLISION WITH CURBING,OTHER,TRAFFIC SIGNAL,DARK-ROAD LIGHTED,CLEAR,SNOW/ICE
13984,34824268,MONROE,Greece,3,,N,43.2262318,-77.6590586,6/22/13,16:45,INJURY,2,0,3,COLLISION WITH MOTOR VEHICLE,OTHER,NONE,DAYLIGHT,CLOUDY,WET
13984,34766281,MONROE,Rochester,1,,N,43.1613294,-77.6193331,5/3/13,15:24,INJURY,1,0,1,COLLISION WITH PEDESTRIAN,OTHER,NONE,DAYLIGHT,CLEAR,DRY
13984,35213847,MONROE,Rochester,1, 31 43032043,Y,43.1513390,-77.6020610,3/28/14,13:48,PROPERTY DAMAGE AND INJURY,1,0,2,COLLISION WITH MOTOR VEHICLE,RIGHT ANGLE,TRAFFIC SIGNAL,DAYLIGHT,CLOUDY,DRY
13984,35313645,MONROE,Rochester,1, 15A43042005,Y,43.1181660,-77.6175090,6/24/14,15:39,INJURY,1,0,1,COLLISION WITH BICYCLIST,OTHER,STOP SIGN,DAYLIGHT,RAIN,WET
13984,34812682,MONROE,Ogden,3, 31 43031146,N,43.1785061,-77.7539788,6/13/13,14:48,PROPERTY DAMAGE AND INJURY,2,0,2,COLLISION WITH MOTOR VEHICLE,RIGHT ANGLE,NONE,DAYLIGHT,CLOUDY,WET
13984,34903935,MONROE,Rochester,1,,N,43.1591849,-77.6388629,8/21/13,11:26,INJURY,1,0,2,COLLISION WITH MOTOR VEHICLE,REAR END,NONE,DAYLIGHT,CLEAR,DRY
13984,34900366,MONROE,Wheatland,3, 36 43031025,Y,43.0187360,-77.8750250,7/16/13,11:41,FATAL,3,3,2,COLLISION WITH MOTOR VEHICLE,RIGHT ANGLE,STOP SIGN,DAYLIGHT,CLEAR,DRY
13984,34823521,MONROE,Rochester,1, 15 43032003,Y,43.1170700,-77.6212520,6/13/13,9:28,PROPERTY DAMAGE AND INJURY,1,0,2,COLLISION WITH MOTOR VEHICLE,OVERTAKING,NONE,DAYLIGHT,RAIN,WET
13984,34835786,MONROE,Henrietta,3,252 43011097,N,43.0870461,-77.5819374,6/10/13,17:33,PROPERTY DAMAGE AND INJURY,1,0,2,COLLISION WITH MOTOR VEHICLE,RIGHT ANGLE,TRAFFIC SIGNAL,DAYLIGHT,CLOUDY,WET
13984,35224312,MONROE,Chili,3,,N,43.0454991,-77.7439774,4/13/14,14:13,PROPERTY DAMAGE AND INJURY,1,0,1,COLLISION WITH SIGN POST,OTHER,NONE,DAYLIGHT,CLEAR,DRY
13984,34792532,MONROE,Rochester,1,,N,43.1587080,-77.6157970,5/31/13,11:22,PROPERTY DAMAGE AND INJURY,2,0,2,COLLISION WITH MOTOR VEHICLE,RIGHT ANGLE,TRAFFIC SIGNAL,DAYLIGHT,CLEAR,DRY
13984,35381245,MONROE,Gates,3,940L43011023,N,43.1644747,-77.6911453,8/29/14,9:53,INJURY,1,0,1,COLLISION WITH PEDESTRIAN,OTHER,NONE,DAYLIGHT,CLEAR,DRY
13984,35059071,MONROE,Mendon,3, 15A43041014,N,42.9630803,-77.6189163,12/24/13,8:38,PROPERTY DAMAGE AND INJURY,1,0,1,COLL. W/LIGHT SUPPORT/UTILITY POLE,OTHER,NONE,DAYLIGHT,SNOW,SNOW/ICE
13984,35232126,MONROE,Rochester,1,,Y,43.1755820,-77.5853790,4/20/14,2:04,INJURY,1,0,2,COLLISION WITH MOTOR VEHICLE,REAR END,NO PASSING ZONE,DARK-ROAD LIGHTED,CLEAR,DRY
13984,35041993,MONROE,Sweden,3, 19 43041033,N,43.1801311,-77.9448036,12/10/13,18:00,PROPERTY DAMAGE AND INJURY,1,0,1,COLL. W/EARTH ELE./ROCK CUT/DITCH,OTHER,STOP SIGN,DARK-ROAD LIGHTED,CLOUDY,SNOW/ICE
13984,35467541,MONROE,Pittsford,3, 65 43031111,N,43.0876167,-77.5427502,11/4/14,15:36,INJURY,1,0,2,COLLISION WITH MOTOR VEHICLE,REAR END,TRAFFIC SIGNAL,DAYLIGHT,CLOUDY,DRY
13984,35136963,MONROE,Perinton,3, 31 43033066,Y,43.0775460,-77.4772940,2/13/14,20:27,PROPERTY DAMAGE AND INJURY,1,0,2,COLLISION WITH MOTOR VEHICLE,HEAD ON,TRAFFIC SIGNAL,DARK-ROAD LIGHTED,CLOUDY,SLUSH
13984,35417568,MONROE,Chili,3,251 43011076,Y,43.0542330,-77.7811960,9/25/14,17:22,PROPERTY DAMAGE AND INJURY,1,0,2,COLLISION WITH MOTOR VEHICLE,REAR END,NO PASSING ZONE,DAYLIGHT,CLEAR,DRY
13984,34916784,MONROE,Rush,3,251 43011160,Y,43.0030230,-77.6664890,8/29/13,5:45,INJURY,1,0,2,COLLISION WITH MOTOR VEHICLE,OTHER,STOP SIGN,DAWN,FOG/SMOG/SMOKE,DRY
13984,35015654,MONROE,Pittsford,4, 31 43033044,Y,43.0908280,-77.5152560,11/22/13,7:40,PROPERTY DAMAGE AND INJURY,1,0,2,COLLISION WITH MOTOR VEHICLE,LEFT TURN (AGAINST OTHER CAR),TRAFFIC SIGNAL,DAYLIGHT,RAIN,WET
13984,34733269,MONROE,Ogden,3,,Y,43.1658010,-77.8751540,4/10/13,15:08,PROPERTY DAMAGE AND INJURY,3,0,2,COLLISION WITH MOTOR VEHICLE,RIGHT ANGLE,STOP SIGN,DAYLIGHT,CLOUDY,WET
13984,35252058,MONROE,Rochester,1,,Y,43.1466150,-77.6290020,5/4/14,17:08,INJURY,1,0,2,COLLISION WITH MOTOR VEHICLE,SIDESWIPE,TRAFFIC SIGNAL,DAYLIGHT,CLEAR,DRY
13984,34828035,MONROE,Rochester,1,,N,43.1302036,-77.6004015,6/22/13,10:45,INJURY,1,0,1,COLLISION WITH CURBING,OTHER,NONE,DAYLIGHT,CLEAR,DRY
13984,34832360,MONROE,Rochester,1,,Y,43.1792120,-77.6590790,6/12/13,11:53,PROPERTY DAMAGE AND INJURY,2,0,3,COLLISION WITH MOTOR VEHICLE,OTHER,TRAFFIC SIGNAL,DAYLIGHT,CLEAR,DRY
13984,34913649,MONROE,Greece,3, 18 43031201,N,43.2529276,-77.6555564,9/5/13,14:27,PROPERTY DAMAGE AND INJURY,1,0,3,COLLISION WITH MOTOR VEHICLE,OTHER,NONE,DAYLIGHT,CLEAR,DRY
13984,35444711,MONROE,Greece,3,,Y,43.2135464,-77.7267690,10/21/14,20:46,PROPERTY DAMAGE AND INJURY,1,0,2,COLLISION WITH MOTOR VEHICLE,RIGHT ANGLE,NONE,DARK-ROAD LIGHTED,RAIN,WET
13984,35189882,MONROE,Rochester,1,490I43022066,N,43.1445792,-77.5532298,1/7/14,11:30,PROPERTY DAMAGE AND INJURY,1,0,1,COLLISION WITH OTHER BARRIER,OTHER,NONE,DAYLIGHT,CLOUDY,SNOW/ICE
13984,35189844,MONROE,Gates,3,390 43011005,N,43.1631771,-77.6824762,3/15/14,19:00,INJURY,1,0,2,COLLISION WITH MOTOR VEHICLE,OVERTAKING,NONE,DUSK,CLEAR,DRY
13984,35274043,MONROE,Brighton,3,490I43023004,N,43.1399707,-77.5405971,5/19/14,16:55,PROPERTY DAMAGE AND INJURY,2,0,2,COLLISION WITH MOTOR VEHICLE,REAR END,NONE,DAYLIGHT,CLEAR,DRY
13984,35384164,MONROE,Brighton,3,590 43011009,N,43.1550545,-77.5381816,9/2/14,8:00,PROPERTY DAMAGE AND INJURY,1,0,3,COLLISION WITH MOTOR VEHICLE,OTHER,NONE,DAYLIGHT,CLOUDY,DRY
13984,35241818,MONROE,Sweden,3,,N,43.1799230,-77.8891740,4/24/14,17:12,PROPERTY DAMAGE AND INJURY,1,0,1,COLL. W/EARTH ELE./ROCK CUT/DITCH,OTHER,NONE,DAYLIGHT,CLEAR,DRY
13984,35403414,MONROE,Rochester,1, 31 43032028,Y,43.1580869,-77.6251900,9/12/14,20:12,INJURY,1,0,1,COLLISION WITH PEDESTRIAN,OTHER,NONE,DAYLIGHT,CLEAR,DRY
13984,35389948,MONROE,Brockport,4, 19 43041056,Y,43.2126020,-77.9393761,8/22/14,16:07,PROPERTY DAMAGE AND INJURY,1,0,2,COLLISION WITH MOTOR VEHICLE,RIGHT ANGLE,STOP SIGN,DAYLIGHT,CLEAR,DRY
13984,35436914,MONROE,Chili,3,,N,43.0998545,-77.6899933,10/19/14,0:03,INJURY,1,0,1,COLLISION WITH TREE,OTHER,NONE,DARK-ROAD UNLIGHTED,RAIN,WET
13984,35119076,MONROE,Rochester,1,,N,43.1999679,-77.6260023,1/28/14,9:53,PROPERTY DAMAGE AND INJURY,1,0,1,COLLISION WITH CURBING,OTHER,NONE,DAYLIGHT,CLEAR,SNOW/ICE
13984,35078553,MONROE,Brighton,3,,N,43.1434262,-77.5447533,1/7/14,14:37,PROPERTY DAMAGE AND INJURY,1,0,2,COLLISION WITH MOTOR VEHICLE,RIGHT ANGLE,NONE,DAYLIGHT,CLEAR,SNOW/ICE
13984,34796490,MONROE,Parma,3,,N,43.3297327,-77.8140753,6/3/13,21:19,INJURY,1,0,1,COLLISION WITH DEER,OTHER,NONE,DARK-ROAD UNLIGHTED,CLEAR,DRY
13984,35076688,MONROE,Webster,3,,N,43.2214374,-77.3937518,1/8/14,14:45,PROPERTY DAMAGE AND INJURY,1,0,1,COLLISION WITH GUIDE RAIL,OTHER,NONE,DAYLIGHT,CLEAR,DRY
13984,35369258,MONROE,Webster,3,,Y,43.1988921,-77.5101733,8/15/14,16:40,INJURY,1,0,3,COLLISION WITH MOTOR VEHICLE,OTHER,NONE,DAYLIGHT,CLEAR,DRY
13984,35082772,MONROE,Gates,3,390 43011011,N,43.1731682,-77.6833952,1/8/14,9:25,PROPERTY DAMAGE AND INJURY,1,0,2,COLLISION WITH GUIDERAIL - END,OVERTAKING,NONE,DAYLIGHT,CLEAR,SNOW/ICE
13984,35364603,MONROE,Perinton,3,490I43023063,N,43.0730392,-77.4788152,6/22/14,14:06,FATAL,0,1,1,OVERTURNED,OTHER,NONE,DAYLIGHT,CLEAR,DRY
13984,35369622,MONROE,Penfield,3,441 43011034,N,43.1298219,-77.4767064,8/2/14,12:45,PROPERTY DAMAGE AND INJURY,1,0,2,COLLISION WITH MOTOR VEHICLE,RIGHT ANGLE,TRAFFIC SIGNAL,DAYLIGHT,CLEAR,DRY
13984,34731305,MONROE,Rochester,1, 31 43032053,N,43.1422780,-77.5862190,4/11/13,20:10,INJURY,1,0,1,COLLISION WITH PEDESTRIAN,OTHER,TRAFFIC SIGNAL,DARK-ROAD LIGHTED,UNKNOWN,WET
13984,35426894,MONROE,Penfield,3,441 43011044,N,43.1311313,-77.4575571,10/9/14,8:09,PROPERTY DAMAGE AND INJURY,2,0,2,COLLISION WITH MOTOR VEHICLE,REAR END,NONE,DAYLIGHT,CLEAR,DRY
13984,35411022,MONROE,Brockport,4, 19 43041060,Y,43.2178320,-77.9378039,9/17/14,16:59,INJURY,1,0,1,COLLISION WITH BICYCLIST,OTHER,NONE,DAYLIGHT,CLEAR,DRY
13984,35381711,MONROE,Sweden,3, 31 43031052,N,43.1983088,-77.9318957,8/27/14,12:20,PROPERTY DAMAGE AND INJURY,1,0,3,COLLISION WITH MOTOR VEHICLE,OTHER,TRAFFIC SIGNAL,DAYLIGHT,CLEAR,DRY
13984,34721258,MONROE,Brighton,3,490I43023015,N,43.1291285,-77.5248840,4/2/13,6:15,PROPERTY DAMAGE AND INJURY,1,0,1,COLLISION WITH GUIDE RAIL,OTHER,NONE,DARK-ROAD LIGHTED,SNOW,SNOW/ICE
13984,34846120,MONROE,Gates,3,940L43011013,N,43.1493474,-77.6909700,7/10/13,12:29,PROPERTY DAMAGE AND INJURY,1,0,1,OVERTURNED,OTHER,NONE,DAYLIGHT,CLEAR,DRY
13984,34916473,MONROE,Clarkson,3,260 43011019,N,43.2249227,-77.8903067,8/28/13,17:33,INJURY,2,0,2,COLLISION WITH MOTOR VEHICLE,REAR END,NONE,DAYLIGHT,CLEAR,DRY
13984,35428356,MONROE,Rochester,1,,Y,43.1715140,-77.5599020,10/9/14,18:17,INJURY,1,0,1,OTHER NON-COLLISION,OTHER,NONE,DUSK,CLEAR,DRY
13984,34701614,MONROE,Penfield,3,,N,43.1649643,-77.4750773,3/17/13,8:30,PROPERTY DAMAGE AND INJURY,1,0,1,COLLISION WITH OTHER FIXED OBJECT,OTHER,NO PASSING ZONE,DAYLIGHT,CLOUDY,SNOW/ICE
13984,34807576,MONROE,Greece,3,390 43011036,N,43.2081187,-77.6758506,5/29/13,7:21,PROPERTY DAMAGE AND INJURY,2,0,4,COLLISION WITH MOTOR VEHICLE,OTHER,NONE,DAYLIGHT,RAIN,WET
13984,35116034,MONROE,Rochester,1,,Y,43.1673660,-77.6072290,1/29/14,9:04,PROPERTY DAMAGE AND INJURY,1,0,2,COLLISION WITH MOTOR VEHICLE,HEAD ON,NONE,DAYLIGHT,CLEAR,WET
13984,35413500,MONROE,Penfield,3,,N,43.1824070,-77.4910025,9/24/14,21:30,PROPERTY DAMAGE AND INJURY,2,0,2,COLLISION WITH MOTOR VEHICLE,HEAD ON,NONE,DARK-ROAD LIGHTED,CLEAR,DRY
13984,35360117,MONROE,Rochester,1,,N,43.1505445,-77.5897927,8/10/14,15:36,PROPERTY DAMAGE AND INJURY,2,0,2,COLLISION WITH MOTOR VEHICLE,REAR END,NONE,DAYLIGHT,CLEAR,DRY
13984,35206695,MONROE,Chili,3,,N,43.0739173,-77.7960270,4/2/14,6:15,INJURY,1,0,1,COLLISION WITH DEER,OTHER,NONE,DAWN,CLEAR,DRY
13984,34900166,MONROE,East Rochester,4,,N,43.1085976,-77.4872854,8/20/13,14:14,INJURY,1,0,1,COLLISION WITH PEDESTRIAN,OTHER,NONE,DAYLIGHT,CLEAR,DRY
13984,35531605,MONROE,Rochester,1, 33A43022008,Y,43.1453010,-77.6510020,11/18/14,18:00,INJURY,2,0,2,COLLISION WITH MOTOR VEHICLE,OVERTAKING,TRAFFIC SIGNAL,DUSK,UNKNOWN,WET
13984,35434605,MONROE,Greece,3,,Y,43.2352540,-77.6967190,10/16/14,15:06,PROPERTY DAMAGE AND INJURY,1,0,2,COLLISION WITH MOTOR VEHICLE,SIDESWIPE,NONE,DAYLIGHT,CLEAR,DRY
13984,34985001,MONROE,Henrietta,3,252 43011070,N,43.0880380,-77.6363100,10/30/13,22:04,INJURY,1,0,2,COLLISION WITH MOTOR VEHICLE,RIGHT ANGLE,TRAFFIC SIGNAL,DARK-ROAD LIGHTED,CLEAR,DRY
13984,35037436,MONROE,Rochester,1,,Y,43.1573630,-77.5419230,12/7/13,15:25,PROPERTY DAMAGE AND INJURY,2,0,2,COLLISION WITH MOTOR VEHICLE,LEFT TURN (WITH OTHER CAR),NONE,DAYLIGHT,CLOUDY,DRY
13984,35189873,MONROE,Henrietta,3,,N,43.0297770,-77.6697330,3/17/14,7:51,PROPERTY DAMAGE AND INJURY,1,0,2,COLLISION WITH MOTOR VEHICLE,REAR END,NONE,DAYLIGHT,CLEAR,DRY
13984,34898430,MONROE,Rochester,1, 33A43022011,N,43.1471199,-77.6456452,8/20/13,13:15,INJURY,1,0,2,COLLISION WITH MOTOR VEHICLE,REAR END,NONE,DAYLIGHT,CLEAR,DRY
13984,35223806,MONROE,Rochester,1,,Y,43.1793120,-77.6394599,4/12/14,10:09,PROPERTY DAMAGE AND INJURY,1,0,2,COLLISION WITH MOTOR VEHICLE,RIGHT ANGLE,TRAFFIC SIGNAL,DAYLIGHT,CLEAR,DRY