QUERYID,CASE #,REGN_CNTY_CDE,Municipality,MUNITYPE,REF_MRKR,ATINTERSECTION_IND,Lat,Long,,Time,Crash Type,Injuries,Fatalities,Number of Vehicles,ACCD_TYP,COLLISION_TYP,TRAF_CNTL,Light Condition,Weather Condition,Road Surface Condition
13984,34920324,MONROE,Penfield,3,,Y,43.1331480,-77.4922770,9/10/13,10:17,PROPERTY DAMAGE AND INJURY,1,0,2,COLLISION WITH MOTOR VEHICLE,RIGHT ANGLE,TRAFFIC SIGNAL,DAYLIGHT,CLOUDY,DRY
13984,35424641,MONROE,Brighton,3,441 43011105,Y,43.1280560,-77.5214689,8/31/14,19:53,INJURY,1,0,1,COLLISION WITH BICYCLIST,OTHER,TRAFFIC SIGNAL,DUSK,CLEAR,DRY
13984,35015643,MONROE,Penfield,3,,N,43.1322490,-77.4907263,11/20/13,13:30,PROPERTY DAMAGE AND INJURY,1,0,2,COLLISION WITH MOTOR VEHICLE,RIGHT ANGLE,NONE,DAYLIGHT,CLEAR,DRY
13984,35258667,MONROE,Brighton,3,441 43011100,Y,43.1287650,-77.5282130,5/13/14,7:08,PROPERTY DAMAGE AND INJURY,1,0,2,COLLISION WITH MOTOR VEHICLE,LEFT TURN (AGAINST OTHER CAR),STOP SIGN,DAYLIGHT,CLOUDY,DRY
13984,34761224,MONROE,Rochester,1,,N,43.2035180,-77.5618440,4/27/13,10:00,PROPERTY DAMAGE AND INJURY,1,0,2,COLLISION WITH MOTOR VEHICLE,HEAD ON,TRAFFIC SIGNAL,DAYLIGHT,CLEAR,DRY
13984,34948852,MONROE,Greece,3,390 43011051,N,43.2289392,-77.6730332,9/30/13,17:23,PROPERTY DAMAGE AND INJURY,1,0,4,COLLISION WITH MOTOR VEHICLE,OTHER,NONE,DAYLIGHT,CLOUDY,DRY
13984,35555652,UNKNOWN COUNTY,,0,,N,43.1620485,-77.5836482,12/10/14,20:16,PROPERTY DAMAGE AND INJURY,1,0,2,COLLISION WITH MOTOR VEHICLE,RIGHT ANGLE,TRAFFIC SIGNAL,DARK-ROAD LIGHTED,SNOW,SNOW/ICE
13984,35391919,MONROE,Rochester,1,,Y,43.1598280,-77.5943320,8/31/14,2:55,PROPERTY DAMAGE AND INJURY,1,0,2,COLLISION WITH MOTOR VEHICLE,HEAD ON,TRAFFIC SIGNAL,DARK-ROAD LIGHTED,CLEAR,DRY
13984,35052116,MONROE,Rochester,1,,Y,43.1438760,-77.6421370,12/17/13,16:46,INJURY,1,0,2,COLLISION WITH MOTOR VEHICLE,SIDESWIPE,STOP SIGN,DARK-ROAD LIGHTED,CLEAR,SNOW/ICE
13984,35132078,MONROE,Rochester,1,,N,43.1358991,-77.6509570,2/9/14,2:02,PROPERTY DAMAGE AND INJURY,1,0,1,COLLISION WITH SNOW EMBANKMENT,OTHER,NONE,DARK-ROAD LIGHTED,CLEAR,SNOW/ICE
13984,35297717,MONROE,Rochester,1,,Y,43.1459300,-77.6360470,6/14/14,19:30,INJURY,4,0,2,COLLISION WITH MOTOR VEHICLE,RIGHT ANGLE,STOP SIGN,DAYLIGHT,CLEAR,DRY
13984,35380687,MONROE,Greece,3, 18 43031149,Y,43.2590900,-77.7508589,7/12/14,18:16,INJURY,2,0,3,COLLISION WITH MOTOR VEHICLE,OTHER,STOP SIGN,DAYLIGHT,CLEAR,DRY
13984,34902336,MONROE,Greece,3,,N,43.2174070,-77.7526830,8/22/13,9:26,PROPERTY DAMAGE AND INJURY,1,0,2,COLLISION WITH MOTOR VEHICLE,RIGHT ANGLE,TRAFFIC SIGNAL,DAYLIGHT,CLEAR,DRY
13984,34940280,MONROE,Webster,3,,N,43.2141950,-77.4750830,9/26/13,5:49,INJURY,1,0,2,COLLISION WITH MOTOR VEHICLE,REAR END,TRAFFIC SIGNAL,DARK-ROAD LIGHTED,CLEAR,DRY
13984,35137478,MONROE,Gates,3,,N,43.1561306,-77.7154984,2/14/14,22:36,PROPERTY DAMAGE AND INJURY,1,0,1,COLLISION WITH GUIDE RAIL,OTHER,NONE,DARK-ROAD LIGHTED,CLEAR,SNOW/ICE
13984,35040307,MONROE,Riga,3, 33A43021044,N,43.0695741,-77.8499405,12/12/13,11:19,PROPERTY DAMAGE AND INJURY,1,0,1,COLLISION WITH DEER,OTHER,NONE,DAYLIGHT,CLOUDY,WET
13984,35234376,MONROE,Rochester,1, 31 43032029,Y,43.1564710,-77.6240710,4/20/14,12:47,INJURY,3,0,2,COLLISION WITH MOTOR VEHICLE,RIGHT ANGLE,TRAFFIC SIGNAL,DAYLIGHT,CLEAR,DRY
13984,34975156,MONROE,Rochester,1, 96 43052008,Y,43.1470540,-77.5618120,10/23/13,14:09,PROPERTY DAMAGE AND INJURY,1,0,2,COLLISION WITH MOTOR VEHICLE,REAR END,NONE,DAYLIGHT,CLOUDY,DRY
13984,34790196,MONROE,Gates,3,940L43011013,Y,43.1498960,-77.6909640,5/29/13,11:00,INJURY,1,0,2,COLLISION WITH MOTOR VEHICLE,REAR END,TRAFFIC SIGNAL,DAYLIGHT,CLEAR,DRY
13984,34987627,MONROE,Brighton,3,,N,43.1574690,-77.5389770,10/24/13,9:33,PROPERTY DAMAGE AND INJURY,1,0,2,COLLISION WITH MOTOR VEHICLE,LEFT TURN (WITH OTHER CAR),TRAFFIC SIGNAL,DAYLIGHT,CLEAR,DRY
13984,35276272,MONROE,Brighton,3, 15A43041128,N,43.1080070,-77.6159370,5/19/14,11:14,INJURY,1,0,2,COLLISION WITH MOTOR VEHICLE,REAR END,TRAFFIC SIGNAL,DAYLIGHT,CLEAR,DRY
13984,35488441,MONROE,Sweden,3,,N,43.1727909,-77.9106987,11/24/14,18:24,PROPERTY DAMAGE AND INJURY,1,0,1,COLLISION WITH TREE,OTHER,NONE,DARK-ROAD UNLIGHTED,CLOUDY,WET
13984,35002116,MONROE,Gates,3,386 43011110,Y,43.1588090,-77.7323920,11/13/13,11:14,PROPERTY DAMAGE AND INJURY,1,0,2,COLLISION WITH MOTOR VEHICLE,RIGHT TURN (AGAINST OTHER CAR),TRAFFIC SIGNAL,DAYLIGHT,CLOUDY,DRY
13984,35178677,MONROE,East Rochester,4,940U43011007,N,43.1157743,-77.4953597,2/12/14,8:04,PROPERTY DAMAGE AND INJURY,1,0,1,COLLISION WITH PEDESTRIAN,OTHER,NONE,DAYLIGHT,CLEAR,WET
13984,35012437,MONROE,Rochester,1,,N,43.1753298,-77.5983785,9/30/13,7:39,PROPERTY DAMAGE AND INJURY,1,0,2,COLLISION WITH MOTOR VEHICLE,REAR END,NONE,DAYLIGHT,CLEAR,DRY
13984,35450963,MONROE,Greece,3,,Y,43.2174070,-77.7526830,10/29/14,7:53,PROPERTY DAMAGE AND INJURY,2,0,2,COLLISION WITH MOTOR VEHICLE,HEAD ON,TRAFFIC SIGNAL,DAYLIGHT,CLOUDY,DRY
13984,35384334,UNKNOWN COUNTY,,0,,N,43.1244063,-77.6233318,8/4/14,19:04,INJURY,1,0,3,COLLISION WITH MOTOR VEHICLE,OTHER,TRAFFIC SIGNAL,DAYLIGHT,CLEAR,DRY
13984,34971285,MONROE,Gates,3, 31 43031155,Y,43.1746820,-77.7376141,10/20/13,15:24,PROPERTY DAMAGE AND INJURY,1,0,2,COLLISION WITH MOTOR VEHICLE,RIGHT ANGLE,STOP SIGN,DAYLIGHT,CLOUDY,DRY
13984,35414445,MONROE,Webster,3,404 43035084,N,43.2087284,-77.4604343,9/27/14,10:15,PROPERTY DAMAGE AND INJURY,1,0,2,COLLISION WITH MOTOR VEHICLE,RIGHT ANGLE,NONE,DAYLIGHT,CLEAR,DRY
13984,34902376,MONROE,Rochester,1,,Y,43.2038230,-77.6569700,8/25/13,16:14,INJURY,1,0,1,COLLISION WITH BICYCLIST,OTHER,TRAFFIC SIGNAL,DAYLIGHT,CLOUDY,DRY
13984,35406379,MONROE,Parma,3,,N,43.2441675,-77.7715942,9/7/14,20:41,INJURY,1,0,1,COLLISION WITH PEDESTRIAN,OTHER,NONE,DARK-ROAD UNLIGHTED,CLEAR,DRY
13984,34885763,MONROE,Brighton,3, 96 43051086,Y,43.1272910,-77.5280590,8/12/13,17:18,PROPERTY DAMAGE AND INJURY,1,0,2,COLLISION WITH MOTOR VEHICLE,LEFT TURN (AGAINST OTHER CAR),TRAFFIC SIGNAL,DAYLIGHT,CLEAR,DRY
13984,34705080,MONROE,Rochester,1,,N,43.1575668,-77.5904547,3/5/13,8:10,PROPERTY DAMAGE AND INJURY,1,0,2,COLLISION WITH MOTOR VEHICLE,RIGHT ANGLE,NONE,DAYLIGHT,CLEAR,DRY
13984,34817702,MONROE,Rochester,1,,Y,43.1838400,-77.6081950,6/15/13,20:47,INJURY,1,0,2,COLLISION WITH MOTOR VEHICLE,LEFT TURN (WITH OTHER CAR),NONE,DUSK,CLEAR,DRY
13984,34739651,MONROE,Rochester,1,940M43011012,Y,43.1809370,-77.6317380,4/2/13,9:54,INJURY,2,0,2,COLLISION WITH MOTOR VEHICLE,RIGHT ANGLE,TRAFFIC SIGNAL,DAYLIGHT,SNOW,SNOW/ICE
13984,35535337,MONROE,Greece,3,,Y,43.2311780,-77.6508690,10/31/14,11:18,PROPERTY DAMAGE AND INJURY,1,0,2,COLLISION WITH MOTOR VEHICLE,UNKNOWN,STOP SIGN,DAYLIGHT,RAIN,WET
13984,34766862,MONROE,Rochester,1,,Y,43.1702260,-77.6118070,5/9/13,13:55,INJURY,1,0,1,COLLISION WITH PEDESTRIAN,OTHER,TRAFFIC SIGNAL,DAYLIGHT,CLEAR,DRY
13984,35441067,MONROE,Greece,3,,N,43.1899892,-77.6825819,10/21/14,13:15,PROPERTY DAMAGE AND INJURY,1,0,2,COLLISION WITH MOTOR VEHICLE,REAR END,NONE,DAYLIGHT,CLOUDY,WET
13984,35159407,MONROE,Greece,3, 18 43031180,Y,43.2530210,-77.6964430,2/24/14,15:12,INJURY,1,0,2,COLLISION WITH MOTOR VEHICLE,REAR END,TRAFFIC SIGNAL,DAYLIGHT,CLOUDY,WET
13984,35272278,MONROE,Brighton,3,,Y,43.1150880,-77.6047721,5/27/14,16:43,INJURY,1,0,1,COLLISION WITH BICYCLIST,OTHER,TRAFFIC SIGNAL,DAYLIGHT,CLOUDY,DRY
13984,35138681,MONROE,Brighton,3,,N,43.1140752,-77.6347319,2/17/14,13:30,PROPERTY DAMAGE AND INJURY,1,0,2,COLLISION WITH MOTOR VEHICLE,OVERTAKING,YIELD SIGN,DAYLIGHT,CLEAR,DRY
13984,35500213,MONROE,Rochester,1,,Y,43.1685580,-77.5846760,12/2/14,18:07,INJURY,1,0,1,COLLISION WITH BICYCLIST,OTHER,STOP SIGN,DARK-ROAD LIGHTED,SLEET/HAIL/FREEZING RAIN,WET
13984,35143748,MONROE,Rochester,1,,N,43.1600359,-77.5565769,2/12/14,16:08,INJURY,1,0,1,COLLISION WITH BICYCLIST,OTHER,NONE,DAYLIGHT,CLEAR,WET
13984,35507565,MONROE,Pittsford,3, 96 43051081,N,43.1215590,-77.5219206,12/10/14,15:38,PROPERTY DAMAGE AND INJURY,1,0,2,COLLISION WITH MOTOR VEHICLE,REAR END,NONE,DARK-ROAD LIGHTED,SNOW,SNOW/ICE
13984,35403438,MONROE,Rochester,1,940M43011005,Y,43.1717340,-77.6280679,9/13/14,17:51,PROPERTY DAMAGE AND INJURY,1,0,2,COLLISION WITH MOTOR VEHICLE,RIGHT ANGLE,TRAFFIC SIGNAL,DAYLIGHT,CLEAR,DRY
13984,35387108,MONROE,Brighton,3,390I43031131,N,43.1075823,-77.5998323,8/4/14,17:26,PROPERTY DAMAGE AND INJURY,1,0,2,COLLISION WITH MOTOR VEHICLE,REAR END,NONE,DAYLIGHT,CLEAR,DRY
13984,35449222,MONROE,Greece,3,390 43011046,N,43.2215175,-77.6746749,10/21/14,7:40,PROPERTY DAMAGE AND INJURY,1,0,4,COLLISION WITH MOTOR VEHICLE,OTHER,NONE,DAYLIGHT,RAIN,WET
13984,35168770,MONROE,Sweden,3, 19 43041036,N,43.1842632,-77.9445503,2/26/14,10:20,PROPERTY DAMAGE AND INJURY,1,0,1,COLL. W/EARTH ELE./ROCK CUT/DITCH,OTHER,NONE,DAYLIGHT,CLOUDY,SNOW/ICE
13984,34885625,MONROE,Rochester,1,104 43032022,N,43.1924048,-77.6203109,8/7/13,11:14,PROPERTY DAMAGE AND INJURY,1,0,3,COLLISION WITH MOTOR VEHICLE,OTHER,NONE,DAYLIGHT,CLOUDY,DRY
13984,35421350,MONROE,Rochester,1,,Y,43.1938741,-77.5922277,10/4/14,22:00,PROPERTY DAMAGE AND INJURY,1,0,2,COLLISION WITH MOTOR VEHICLE,LEFT TURN (AGAINST OTHER CAR),TRAFFIC SIGNAL,DARK-ROAD LIGHTED,CLEAR,DRY
13984,34969923,MONROE,Irondequoit,3,941B43011004,Y,43.1766250,-77.5500050,10/14/13,12:49,INJURY,1,0,2,COLLISION WITH MOTOR VEHICLE,REAR END,TRAFFIC SIGNAL,DAYLIGHT,CLOUDY,DRY
13984,34723553,MONROE,Sweden,3, 31 43031073,N,43.1946390,-77.8925862,4/2/13,18:08,PROPERTY DAMAGE AND INJURY,1,0,4,COLLISION WITH MOTOR VEHICLE,OTHER,NONE,DAYLIGHT,CLOUDY,DRY
13984,34930272,MONROE,Rochester,1,,Y,43.1263440,-77.6451201,9/18/13,8:14,PROPERTY DAMAGE AND INJURY,1,0,2,COLLISION WITH MOTOR VEHICLE,LEFT TURN (WITH OTHER CAR),STOP SIGN,DAYLIGHT,CLEAR,DRY
13984,34953221,MONROE,Henrietta,3, 15A43041113,Y,43.0872620,-77.6092490,9/25/13,9:13,PROPERTY DAMAGE AND INJURY,1,0,2,COLLISION WITH MOTOR VEHICLE,LEFT TURN (WITH OTHER CAR),TRAFFIC SIGNAL,DAYLIGHT,CLEAR,DRY
13984,34869223,MONROE,Rochester,1, 15 43032021,Y,43.1448690,-77.6102829,7/25/13,17:33,INJURY,1,0,2,COLLISION WITH MOTOR VEHICLE,LEFT TURN (AGAINST OTHER CAR),STOP SIGN,DAYLIGHT,CLEAR,DRY
13984,35385221,MONROE,Penfield,3,404 43035057,Y,43.1898660,-77.5039131,8/28/14,16:06,PROPERTY DAMAGE AND INJURY,1,0,2,COLLISION WITH MOTOR VEHICLE,RIGHT TURN (AGAINST OTHER CAR),TRAFFIC SIGNAL,DAYLIGHT,CLEAR,DRY
13984,35172571,MONROE,Henrietta,3, 15 43031103,N,43.0791594,-77.6410901,3/4/14,17:27,INJURY,1,0,2,COLLISION WITH MOTOR VEHICLE,SIDESWIPE,NONE,DAYLIGHT,CLEAR,WET
13984,34913998,MONROE,Brighton,3,,Y,43.1176370,-77.5704730,9/6/13,8:24,PROPERTY DAMAGE AND INJURY,2,0,3,COLLISION WITH MOTOR VEHICLE,OTHER,NONE,DAYLIGHT,CLEAR,DRY
13984,35159565,MONROE,Penfield,3,250 43011070,N,43.1360544,-77.4418615,2/27/14,7:49,PROPERTY DAMAGE AND INJURY,1,0,2,COLLISION WITH MOTOR VEHICLE,RIGHT TURN (WITH OTHER CAR),STOP SIGN,DAYLIGHT,CLEAR,DRY
13984,35425087,MONROE,Greece,3,104 43031163,Y,43.2081330,-77.6854671,10/5/14,16:00,PROPERTY DAMAGE AND INJURY,1,0,2,COLLISION WITH MOTOR VEHICLE,REAR END,TRAFFIC SIGNAL,DAYLIGHT,CLOUDY,DRY
13984,35234347,MONROE,Webster,3,,Y,43.2159769,-77.4466083,4/22/14,17:43,INJURY,1,0,2,COLLISION WITH MOTOR VEHICLE,REAR END,TRAFFIC SIGNAL,DAYLIGHT,CLOUDY,DRY
13984,35047782,MONROE,Greece,3,,Y,43.1866840,-77.7534310,12/18/13,14:16,PROPERTY DAMAGE AND INJURY,1,0,2,COLLISION WITH MOTOR VEHICLE,RIGHT TURN (WITH OTHER CAR),STOP SIGN,DAYLIGHT,CLOUDY,WET
13984,35406388,MONROE,Brighton,3,,Y,43.1097930,-77.5747300,9/22/14,16:31,INJURY,1,0,1,COLLISION WITH CURBING,OTHER,TRAFFIC SIGNAL,DAYLIGHT,CLOUDY,DRY
13984,35409538,MONROE,Wheatland,3,383 43011038,N,43.0127591,-77.7928513,9/13/14,0:48,PROPERTY DAMAGE AND INJURY,1,0,1,COLLISION WITH OTHER,OTHER,NONE,DARK-ROAD UNLIGHTED,CLEAR,DRY
13984,34770264,MONROE,Webster,3,,Y,43.2227305,-77.3872744,5/8/13,16:57,INJURY,1,0,2,COLLISION WITH MOTOR VEHICLE,REAR END,TRAFFIC SIGNAL,DAYLIGHT,CLOUDY,DRY
13984,34923884,MONROE,Greece,3,,N,43.1873255,-77.7015051,9/7/13,10:26,PROPERTY DAMAGE AND INJURY,1,0,2,COLLISION WITH MOTOR VEHICLE,REAR END,TRAFFIC SIGNAL,DAYLIGHT,CLOUDY,DRY
13984,35271140,MONROE,Gates,3, 33 43031113,Y,43.1443560,-77.7260640,5/25/14,18:48,PROPERTY DAMAGE AND INJURY,1,0,2,COLLISION WITH MOTOR VEHICLE,RIGHT ANGLE,NONE,DAYLIGHT,CLEAR,DRY
13984,34940431,MONROE,Gates,3,390I43037010,N,43.1422460,-77.6715042,9/18/13,7:21,INJURY,1,0,3,COLLISION WITH MOTOR VEHICLE,OTHER,NONE,DAYLIGHT,CLEAR,DRY
13984,35443179,MONROE,Rochester,1,,Y,43.1455850,-77.6017410,10/17/14,12:12,INJURY,1,0,1,COLLISION WITH PEDESTRIAN,OTHER,NONE,DAYLIGHT,RAIN,WET
13984,35437583,MONROE,Rochester,1,,N,43.1589090,-77.5475780,10/14/14,18:00,INJURY,1,0,1,COLLISION WITH BICYCLIST,OTHER,NONE,DUSK,CLOUDY,DRY
13984,35198857,MONROE,Perinton,3, 31 43033085,Y,43.0692880,-77.4423639,3/27/14,12:25,PROPERTY DAMAGE AND INJURY,1,0,3,COLLISION WITH MOTOR VEHICLE,OTHER,TRAFFIC SIGNAL,DAYLIGHT,CLOUDY,DRY
13984,34751582,MONROE,Rochester,1,,N,43.1618315,-77.6102247,4/26/13,8:40,PROPERTY DAMAGE AND INJURY,1,0,1,COLLISION WITH BICYCLIST,OTHER,YIELD SIGN,DAYLIGHT,CLEAR,DRY
13984,35394351,MONROE,Parma,3, 18 43031093,N,43.2874920,-77.8223952,9/11/14,0:35,PROPERTY DAMAGE AND INJURY,1,0,1,COLL. W/LIGHT SUPPORT/UTILITY POLE,OTHER,NONE,DARK-ROAD UNLIGHTED,CLOUDY,WET
13984,35464729,MONROE,Rochester,1,,Y,43.1608760,-77.5896660,11/1/14,20:06,INJURY,1,0,1,COLLISION WITH PEDESTRIAN,OTHER,TRAFFIC SIGNAL,DARK-ROAD LIGHTED,RAIN,WET
13984,34782604,MONROE,Brighton,3, 31 43033020,N,43.1137030,-77.5510172,5/18/13,15:54,PROPERTY DAMAGE AND INJURY,2,0,2,COLLISION WITH MOTOR VEHICLE,LEFT TURN (AGAINST OTHER CAR),NONE,DAYLIGHT,CLEAR,DRY
13984,35159490,MONROE,Rochester,1,,Y,43.1554950,-77.6031230,2/28/14,8:35,PROPERTY DAMAGE AND INJURY,1,0,2,COLLISION WITH MOTOR VEHICLE,RIGHT ANGLE,TRAFFIC SIGNAL,DAYLIGHT,CLEAR,SLUSH
13984,34779278,MONROE,Brockport,4, 19 43041051,Y,43.2060050,-77.9413620,5/20/13,15:07,PROPERTY DAMAGE AND INJURY,2,0,2,COLLISION WITH MOTOR VEHICLE,REAR END,NONE,DAYLIGHT,CLEAR,DRY
13984,35525804,MONROE,Webster,3,404 43035079,N,43.2064236,-77.4698811,12/23/14,13:18,INJURY,1,0,2,COLLISION WITH MOTOR VEHICLE,REAR END,TRAFFIC SIGNAL,DAYLIGHT,CLOUDY,DRY
13984,34873406,MONROE,Henrietta,3, 15A43041110,Y,43.0827310,-77.6074290,7/28/13,12:30,INJURY,1,0,2,COLLISION WITH MOTOR VEHICLE,REAR END,TRAFFIC SIGNAL,DAYLIGHT,CLEAR,DRY
13984,34861187,MONROE,Rochester,1,,Y,43.1487160,-77.5908640,7/16/13,20:03,PROPERTY DAMAGE AND INJURY,1,0,1,COLLISION WITH BICYCLIST,OTHER,NONE,DAYLIGHT,CLEAR,DRY
13984,35434234,MONROE,Rochester,1,,Y,43.1793586,-77.6199368,10/4/14,22:23,INJURY,2,0,1,COLLISION WITH TREE,OTHER,NONE,DARK-ROAD LIGHTED,CLEAR,DRY
13984,35099016,MONROE,Brighton,3,490I43023003,N,43.1409290,-77.5421874,1/16/14,7:55,PROPERTY DAMAGE AND INJURY,1,0,2,COLLISION WITH MOTOR VEHICLE,REAR END,NONE,DAYLIGHT,CLOUDY,DRY
13984,34979913,MONROE,Hamlin,3,260 43011079,N,43.3085913,-77.8587742,10/22/13,22:30,PROPERTY DAMAGE AND INJURY,1,0,1,COLLISION WITH GUIDE RAIL,OTHER,NONE,DARK-ROAD UNLIGHTED,CLEAR,DRY
13984,35016781,MONROE,Rochester,1, 15 43032019,Y,43.1411570,-77.6132710,11/22/13,14:45,PROPERTY DAMAGE AND INJURY,1,0,2,COLLISION WITH MOTOR VEHICLE,REAR END,TRAFFIC SIGNAL,DARK-ROAD LIGHTED,RAIN,WET
13984,34941333,MONROE,Brighton,3,490I43023015,N,43.1295727,-77.5250976,8/19/13,7:50,INJURY,1,0,2,COLLISION WITH MOTOR VEHICLE,REAR END,TRAFFIC SIGNAL,DAYLIGHT,CLEAR,DRY
13984,34986338,MONROE,Greece,3, 18 43031180,Y,43.2530210,-77.6964430,10/31/13,19:00,INJURY,2,0,3,COLLISION WITH MOTOR VEHICLE,OTHER,TRAFFIC SIGNAL,DARK-ROAD LIGHTED,RAIN,WET
13984,35128934,MONROE,Gates,3,,Y,43.1389130,-77.6802830,2/5/14,6:44,PROPERTY DAMAGE AND INJURY,1,0,2,COLLISION WITH MOTOR VEHICLE,RIGHT ANGLE,STOP SIGN,DAWN,SNOW,SNOW/ICE
13984,34906810,MONROE,Greece,3,104 43031136,N,43.2156533,-77.7374349,8/21/13,12:22,PROPERTY DAMAGE AND INJURY,1,0,3,COLLISION WITH MOTOR VEHICLE,OTHER,STOP SIGN,DAYLIGHT,CLEAR,DRY
13984,34817942,MONROE,Rochester,1,,Y,43.1675896,-77.5757698,6/10/13,12:40,INJURY,1,0,2,COLLISION WITH MOTOR VEHICLE,REAR END,STOP SIGN,DAYLIGHT,CLOUDY,DRY
13984,34731297,MONROE,Rochester,1, 33 43032018,Y,43.1499939,-77.6386037,4/14/13,0:25,PROPERTY DAMAGE AND INJURY,2,0,2,COLLISION WITH MOTOR VEHICLE,HEAD ON,NONE,DARK-ROAD LIGHTED,CLOUDY,DRY
13984,34861189,MONROE,Greece,3,386 43011019,Y,43.2023950,-77.7319830,7/18/13,12:25,INJURY,1,0,1,COLL. W/LIGHT SUPPORT/UTILITY POLE,OTHER,TRAFFIC SIGNAL,DAYLIGHT,CLEAR,DRY
13984,34788766,MONROE,Perinton,3,,N,43.0965598,-77.4845958,5/25/13,2:22,PROPERTY DAMAGE AND INJURY,1,0,1,COLLISION WITH FENCE,OTHER,STOP SIGN,DARK-ROAD UNLIGHTED,CLEAR,DRY
13984,35065784,MONROE,Rochester,1,,Y,43.1792850,-77.6437581,1/3/14,15:53,INJURY,1,0,2,COLLISION WITH MOTOR VEHICLE,REAR END,NONE,DAYLIGHT,CLEAR,SNOW/ICE
13984,35016763,MONROE,Gates,3,,N,43.1753074,-77.7063080,11/23/13,2:34,PROPERTY DAMAGE AND INJURY,1,0,2,COLLISION WITH MOTOR VEHICLE,REAR END,NONE,DARK-ROAD LIGHTED,CLEAR,DRY
13984,35439300,MONROE,Greece,3,,Y,43.2286620,-77.6967700,10/19/14,13:05,PROPERTY DAMAGE AND INJURY,1,0,2,COLLISION WITH MOTOR VEHICLE,LEFT TURN (AGAINST OTHER CAR),STOP SIGN,DAYLIGHT,CLOUDY,DRY
13984,34838065,MONROE,Perinton,3,,Y,43.0790430,-77.4622230,6/28/13,7:58,PROPERTY DAMAGE AND INJURY,1,0,2,COLLISION WITH MOTOR VEHICLE,LEFT TURN (AGAINST OTHER CAR),TRAFFIC SIGNAL,DAYLIGHT,RAIN,WET
13984,34741222,MONROE,Henrietta,3,253 43011067,N,43.0588869,-77.6393140,4/11/13,9:05,INJURY,1,0,1,COLLISION WITH PEDESTRIAN,OTHER,NONE,DAYLIGHT,RAIN,WET
13984,35279863,MONROE,Rochester,1,,Y,43.1711080,-77.6074840,5/27/14,9:40,INJURY,1,0,2,COLLISION WITH MOTOR VEHICLE,OVERTAKING,TRAFFIC SIGNAL,DAYLIGHT,CLEAR,DRY
13984,35324559,UNKNOWN COUNTY,,0,,N,43.1444387,-77.5963352,7/12/14,1:30,INJURY,1,0,1,COLLISION WITH PEDESTRIAN,OTHER,NONE,DARK-ROAD LIGHTED,CLEAR,DRY
13984,34979928,MONROE,Gates,3,,Y,43.1603220,-77.7000039,10/28/13,7:36,PROPERTY DAMAGE AND INJURY,1,0,2,COLLISION WITH MOTOR VEHICLE,RIGHT ANGLE,STOP SIGN,DAYLIGHT,CLOUDY,DRY
13984,35260487,MONROE,Rochester,1,,Y,43.1543800,-77.6031960,5/9/14,18:41,INJURY,1,0,2,COLLISION WITH MOTOR VEHICLE,RIGHT ANGLE,TRAFFIC SIGNAL,DAYLIGHT,RAIN,WET
13984,35494029,MONROE,Rochester,1,,Y,43.1876010,-77.6214430,11/28/14,18:41,INJURY,1,0,1,COLLISION WITH PEDESTRIAN,OTHER,NONE,DARK-ROAD LIGHTED,CLOUDY,DRY
13984,35499578,MONROE,Greece,3,,Y,43.2674360,-77.7187101,11/27/14,16:13,INJURY,1,0,2,COLLISION WITH MOTOR VEHICLE,RIGHT TURN (WITH OTHER CAR),NONE,DAYLIGHT,CLOUDY,WET
13984,34958634,MONROE,Greece,3,,N,43.2099910,-77.6959400,10/11/13,9:01,PROPERTY DAMAGE AND INJURY,1,0,2,COLLISION WITH MOTOR VEHICLE,HEAD ON,TRAFFIC SIGNAL,DAYLIGHT,CLEAR,DRY
13984,34933537,MONROE,Greece,3,386 43011027,Y,43.2142400,-77.7308580,8/15/13,17:00,PROPERTY DAMAGE AND INJURY,1,0,3,COLLISION WITH MOTOR VEHICLE,OTHER,TRAFFIC SIGNAL,DAYLIGHT,CLEAR,DRY
13984,35430267,MONROE,Henrietta,3, 15A43041115,Y,43.0908110,-77.6105760,10/9/14,12:02,INJURY,1,0,2,COLLISION WITH MOTOR VEHICLE,HEAD ON,TRAFFIC SIGNAL,DAYLIGHT,CLEAR,DRY
13984,34784818,MONROE,Rochester,1,383 43012018,Y,43.1426320,-77.6192739,5/16/13,17:40,PROPERTY DAMAGE AND INJURY,1,0,3,COLLISION WITH MOTOR VEHICLE,OTHER,TRAFFIC SIGNAL,DAYLIGHT,CLEAR,DRY
13984,35137471,MONROE,Parma,3,,Y,43.3111190,-77.7747300,2/6/14,15:43,PROPERTY DAMAGE AND INJURY,1,0,2,COLLISION WITH MOTOR VEHICLE,RIGHT ANGLE,STOP SIGN,DAYLIGHT,CLOUDY,DRY
13984,34803927,MONROE,Wheatland,3,,N,43.0147744,-77.8637899,6/4/13,21:19,PROPERTY DAMAGE AND INJURY,2,0,1,COLLISION WITH DEER,OTHER,NONE,DARK-ROAD UNLIGHTED,CLEAR,DRY