QUERYID,CASE #,REGN_CNTY_CDE,Municipality,MUNITYPE,REF_MRKR,ATINTERSECTION_IND,Lat,Long,,Time,Crash Type,Injuries,Fatalities,Number of Vehicles,ACCD_TYP,COLLISION_TYP,TRAF_CNTL,Light Condition,Weather Condition,Road Surface Condition
13984,34699929,MONROE,Riga,3, 33 43031049,N,43.1144412,-77.8423099,3/18/13,15:42,PROPERTY DAMAGE AND INJURY,1,0,1,COLL. W/LIGHT SUPPORT/UTILITY POLE,OTHER,NONE,DAYLIGHT,SNOW,WET
13984,34690617,MONROE,Rochester,1,,N,43.1757839,-77.5951597,3/9/13,0:05,PROPERTY DAMAGE AND INJURY,3,0,2,COLL. W/LIGHT SUPPORT/UTILITY POLE,OTHER,NONE,DARK-ROAD LIGHTED,CLEAR,WET
13984,35145076,MONROE,Penfield,3,404 43035061,Y,43.1955832,-77.5008879,2/20/14,18:40,INJURY,1,0,1,COLLISION WITH PEDESTRIAN,OTHER,NONE,DARK-ROAD LIGHTED,RAIN,WET
13984,34837113,MONROE,Pittsford,3,,N,43.0997669,-77.5518043,7/3/13,17:29,PROPERTY DAMAGE AND INJURY,1,0,1,COLLISION WITH TREE,OTHER,NONE,DAYLIGHT,RAIN,WET
13984,34712788,MONROE,Rochester,1, 96 43052005,Y,43.1454380,-77.5553219,3/28/13,21:30,INJURY,1,0,2,COLLISION WITH MOTOR VEHICLE,OVERTAKING,TRAFFIC SIGNAL,DARK-ROAD LIGHTED,CLEAR,DRY
13984,34894751,MONROE,Rochester,1, 33 43032006,Y,43.1519940,-77.6599099,8/18/13,17:51,PROPERTY DAMAGE AND INJURY,1,0,1,OVERTURNED,OTHER,NONE,DAYLIGHT,CLEAR,DRY
13984,35365742,MONROE,Ogden,3,259 43011030,Y,43.1363368,-77.8065911,8/4/14,8:21,FATAL,4,1,3,COLLISION WITH MOTOR VEHICLE,OTHER,STOP SIGN,DAYLIGHT,CLEAR,DRY
13984,34799857,MONROE,Brighton,3, 96 43051093,Y,43.1348880,-77.5360370,5/15/13,10:53,PROPERTY DAMAGE AND INJURY,1,0,2,COLLISION WITH MOTOR VEHICLE,RIGHT ANGLE,NONE,DAYLIGHT,CLEAR,DRY
13984,35509278,MONROE,Pittsford,3, 65 43031091,N,43.0607302,-77.5539791,12/10/14,10:38,PROPERTY DAMAGE AND INJURY,3,0,2,COLLISION WITH MOTOR VEHICLE,HEAD ON,NONE,DAYLIGHT,SNOW,SNOW/ICE
13984,35365142,MONROE,Rochester,1,,Y,43.1300860,-77.6012020,6/2/14,7:14,PROPERTY DAMAGE AND INJURY,1,0,2,COLLISION WITH MOTOR VEHICLE,REAR END,TRAFFIC SIGNAL,DAYLIGHT,CLEAR,DRY
13984,35421644,MONROE,Rochester,1,,Y,43.1864530,-77.6137910,9/20/14,18:03,PROPERTY DAMAGE AND INJURY,1,0,5,COLLISION WITH MOTOR VEHICLE,OTHER,TRAFFIC SIGNAL,DAYLIGHT,CLEAR,DRY
13984,35289475,MONROE,Rochester,1,,Y,43.1468050,-77.5731930,5/12/14,20:30,INJURY,2,0,2,COLLISION WITH MOTOR VEHICLE,REAR END,TRAFFIC SIGNAL,DUSK,CLEAR,DRY
13984,35068047,MONROE,Irondequoit,3,,N,43.2107327,-77.5963595,1/2/14,14:13,PROPERTY DAMAGE AND INJURY,1,0,2,COLLISION WITH MOTOR VEHICLE,RIGHT ANGLE,NONE,DAYLIGHT,SNOW,SNOW/ICE
13984,35349029,MONROE,Rochester,1,,Y,43.1753390,-77.5988280,8/2/14,21:30,INJURY,1,0,1,COLLISION WITH BICYCLIST,OTHER,TRAFFIC SIGNAL,DARK-ROAD LIGHTED,CLEAR,DRY
13984,34823501,MONROE,Rochester,1, 15 43032028,Y,43.1540890,-77.6050990,6/21/13,19:33,PROPERTY DAMAGE AND INJURY,1,0,2,COLLISION WITH MOTOR VEHICLE,RIGHT ANGLE,TRAFFIC SIGNAL,DAYLIGHT,CLEAR,DRY
13984,35527705,MONROE,Greece,3, 18 43031216,Y,43.2366080,-77.6468630,12/23/14,16:15,PROPERTY DAMAGE AND INJURY,1,0,2,COLLISION WITH MOTOR VEHICLE,RIGHT ANGLE,TRAFFIC SIGNAL,DUSK,CLEAR,DRY
13984,35447954,MONROE,Henrietta,3,,N,43.0425392,-77.6969757,10/24/14,23:53,PROPERTY DAMAGE AND INJURY,1,0,1,COLLISION WITH DEER,OTHER,NONE,DARK-ROAD UNLIGHTED,CLEAR,DRY
13984,34697857,MONROE,Chili,3,259 43011006,N,43.1010119,-77.8003815,3/12/13,16:57,INJURY,1,0,3,COLLISION WITH MOTOR VEHICLE,OTHER,NONE,DAYLIGHT,CLEAR,DRY
13984,34873419,MONROE,Honeoye Falls,4,,Y,42.9550590,-77.5719740,7/26/13,8:47,PROPERTY DAMAGE AND INJURY,2,0,2,COLLISION WITH MOTOR VEHICLE,RIGHT ANGLE,STOP SIGN,DAYLIGHT,CLEAR,DRY
13984,35428358,MONROE,Rochester,1,,Y,43.1667500,-77.5438250,10/10/14,18:47,INJURY,2,0,2,COLLISION WITH MOTOR VEHICLE,REAR END,NONE,DARK-ROAD LIGHTED,CLEAR,DRY
13984,35434602,MONROE,Irondequoit,3,,Y,43.1961370,-77.6001439,10/15/14,18:50,INJURY,1,0,2,COLLISION WITH MOTOR VEHICLE,LEFT TURN (AGAINST OTHER CAR),TRAFFIC SIGNAL,DARK-ROAD LIGHTED,CLOUDY,WET
13984,35006755,MONROE,Rochester,1,,Y,43.1978250,-77.6388130,11/16/13,13:45,INJURY,3,0,2,COLLISION WITH MOTOR VEHICLE,RIGHT ANGLE,NONE,DAYLIGHT,CLEAR,DRY
13984,35123450,MONROE,Perinton,3,250 43011012,N,43.0528153,-77.4432125,2/3/14,22:02,PROPERTY DAMAGE AND INJURY,2,0,2,COLLISION WITH MOTOR VEHICLE,RIGHT ANGLE,TRAFFIC SIGNAL,DARK-ROAD LIGHTED,CLEAR,DRY
13984,34948863,MONROE,Greece,3, 18 43031227,Y,43.2219820,-77.6412901,10/4/13,17:50,PROPERTY DAMAGE AND INJURY,1,0,2,COLLISION WITH MOTOR VEHICLE,REAR END,NONE,DUSK,CLEAR,DRY
13984,34688909,MONROE,Brighton,3,,N,43.1172871,-77.5706622,3/9/13,13:30,PROPERTY DAMAGE AND INJURY,1,0,2,COLLISION WITH MOTOR VEHICLE,REAR END,NONE,DAYLIGHT,CLEAR,DRY
13984,34856533,MONROE,Rochester,1,,N,43.1350157,-77.6411076,7/17/13,15:36,FATAL,0,1,2,COLLISION WITH MOTOR VEHICLE,RIGHT ANGLE,NONE,DAYLIGHT,CLEAR,DRY
13984,35121167,MONROE,Greece,3,,Y,43.2419500,-77.6384769,2/5/14,13:33,PROPERTY DAMAGE AND INJURY,1,0,2,COLLISION WITH MOTOR VEHICLE,RIGHT ANGLE,STOP SIGN,DAYLIGHT,SNOW,SNOW/ICE
13984,35013334,MONROE,East Rochester,4,,Y,43.1094250,-77.4911430,10/22/13,8:09,INJURY,2,0,1,COLLISION WITH PEDESTRIAN,OTHER,STOP SIGN,DAYLIGHT,CLOUDY,WET
13984,35406708,MONROE,Gates,3,390 43011006,Y,43.1645302,-77.6827658,9/19/14,15:15,PROPERTY DAMAGE AND INJURY,1,0,2,COLLISION WITH MOTOR VEHICLE,OVERTAKING,NONE,DAYLIGHT,CLEAR,DRY
13984,35388128,MONROE,Rochester,1,,Y,43.1868120,-77.5995710,9/7/14,15:42,INJURY,1,0,1,COLLISION WITH PEDESTRIAN,OTHER,TRAFFIC SIGNAL,DAYLIGHT,CLEAR,DRY
13984,35173189,UNKNOWN COUNTY,,0,,N,43.2409673,-77.5736800,1/23/14,23:05,PROPERTY DAMAGE AND INJURY,1,0,1,OVERTURNED,OTHER,NONE,DARK-ROAD LIGHTED,SNOW,SNOW/ICE
13984,35172578,MONROE,Brighton,3, 15 43031122,Y,43.1043222,-77.6277510,3/11/14,16:31,PROPERTY DAMAGE AND INJURY,1,0,2,COLLISION WITH MOTOR VEHICLE,REAR END,TRAFFIC SIGNAL,DAYLIGHT,CLOUDY,DRY
13984,34801385,MONROE,Gates,3,386 43011110,N,43.1583274,-77.7323894,6/4/13,19:15,INJURY,1,0,1,COLLISION WITH PEDESTRIAN,OTHER,NONE,DAYLIGHT,CLEAR,DRY
13984,34688864,MONROE,Penfield,3,104 43035042,N,43.1747660,-77.5201104,3/8/13,19:59,PROPERTY DAMAGE AND INJURY,2,0,2,COLLISION WITH MOTOR VEHICLE,REAR END,NONE,DARK-ROAD LIGHTED,CLEAR,DRY
13984,34894660,MONROE,Henrietta,3,252 43011100,Y,43.0872220,-77.5782800,8/20/13,17:54,PROPERTY DAMAGE AND INJURY,1,0,1,COLL. W/LIGHT SUPPORT/UTILITY POLE,OTHER,NONE,DAYLIGHT,CLEAR,DRY
13984,35307998,MONROE,Henrietta,3,253 43011062,N,43.0587408,-77.6481141,5/14/14,8:52,PROPERTY DAMAGE AND INJURY,2,0,2,COLLISION WITH MOTOR VEHICLE,REAR END,NONE,DAYLIGHT,CLOUDY,DRY
13984,35309470,MONROE,Rochester,1,,Y,43.1750980,-77.6076140,6/24/14,11:03,PROPERTY DAMAGE AND INJURY,1,0,2,COLLISION WITH MOTOR VEHICLE,RIGHT ANGLE,TRAFFIC SIGNAL,DAYLIGHT,CLOUDY,DRY
13984,35227671,MONROE,Ogden,3, 33 43031078,N,43.1265260,-77.7893057,4/20/14,20:51,PROPERTY DAMAGE AND INJURY,1,0,2,COLLISION WITH MOTOR VEHICLE,HEAD ON,NONE,DARK-ROAD LIGHTED,CLOUDY,DRY
13984,35468490,MONROE,Riga,3,,Y,43.0850178,-77.8598080,11/8/14,1:30,PROPERTY DAMAGE AND INJURY,1,0,1,COLL. W/LIGHT SUPPORT/UTILITY POLE,OTHER,STOP SIGN,DARK-ROAD LIGHTED,CLEAR,DRY
13984,34800643,MONROE,Rochester,1,,Y,43.1478910,-77.6204589,6/3/13,12:37,PROPERTY DAMAGE AND INJURY,3,0,2,COLLISION WITH MOTOR VEHICLE,HEAD ON,NONE,DAYLIGHT,CLEAR,DRY
13984,35467584,MONROE,Brighton,3, 65 43031139,Y,43.1270160,-77.5467921,11/13/14,10:08,PROPERTY DAMAGE AND INJURY,2,0,2,COLLISION WITH MOTOR VEHICLE,REAR END,TRAFFIC SIGNAL,DAYLIGHT,CLOUDY,DRY
13984,35016767,MONROE,Parma,3,,N,43.3264547,-77.7630799,11/21/13,16:55,INJURY,2,0,2,COLLISION WITH MOTOR VEHICLE,RIGHT ANGLE,STOP SIGN,DARK-ROAD LIGHTED,CLEAR,DRY
13984,34746708,MONROE,Brighton,3,,N,43.1015256,-77.5791088,4/23/13,16:20,PROPERTY DAMAGE AND INJURY,2,0,4,COLLISION WITH MOTOR VEHICLE,OTHER,NONE,DAYLIGHT,CLEAR,DRY
13984,34767178,MONROE,Pittsford,3, 65 43031120,N,43.0996728,-77.5468956,5/6/13,16:20,INJURY,1,0,3,COLLISION WITH MOTOR VEHICLE,OTHER,NONE,DAYLIGHT,CLEAR,DRY
13984,35197750,MONROE,Rochester,1,940M43011019,N,43.1924370,-77.6293442,3/13/14,14:12,PROPERTY DAMAGE AND INJURY,1,0,2,COLLISION WITH MOTOR VEHICLE,REAR END,NONE,DAYLIGHT,CLOUDY,SNOW/ICE
13984,35242873,MONROE,Brighton,3, 15 43031124,N,43.1073415,-77.6262112,5/1/14,12:18,PROPERTY DAMAGE AND INJURY,1,0,2,COLLISION WITH MOTOR VEHICLE,REAR END,NONE,DAYLIGHT,CLEAR,DRY
13984,35168717,MONROE,Pittsford,3,,N,43.0726413,-77.4884280,3/5/14,18:02,INJURY,1,0,1,RAN OFF ROAD ONLY,OTHER,NONE,DUSK,CLEAR,SLUSH
13984,35185662,MONROE,Rochester,1,,Y,43.1252030,-77.6043080,3/11/14,23:44,INJURY,1,0,1,COLLISION WITH MEDIAN/BARRIER - END,OTHER,NONE,DARK-ROAD LIGHTED,CLEAR,DRY
13984,34730590,MONROE,Rochester,1,490I43022039,N,43.1477893,-77.6021324,4/9/13,19:01,PROPERTY DAMAGE AND INJURY,1,0,1,COLLISION WITH OTHER BARRIER,OTHER,NONE,DUSK,RAIN,WET
13984,34786409,MONROE,Greece,3,,N,43.2655297,-77.6835246,5/17/13,16:01,INJURY,1,0,1,COLLISION WITH PEDESTRIAN,OTHER,NONE,DAYLIGHT,CLEAR,DRY
13984,35411019,MONROE,Perinton,3,,N,43.1083802,-77.4416198,9/23/14,6:35,INJURY,1,0,2,COLLISION WITH MOTOR VEHICLE,REAR END,TRAFFIC SIGNAL,DAWN,CLOUDY,DRY
13984,35283340,MONROE,Gates,3,490I43021162,N,43.1572772,-77.7114692,6/3/14,21:10,PROPERTY DAMAGE AND INJURY,1,0,1,COLLISION WITH DEER,OTHER,NONE,DARK-ROAD LIGHTED,CLOUDY,DRY
13984,34882014,MONROE,Rochester,1,383 43012019,Y,43.1437160,-77.6182450,8/1/13,11:30,INJURY,1,0,1,COLLISION WITH PEDESTRIAN,OTHER,YIELD SIGN,DAYLIGHT,CLEAR,WET
13984,35183884,MONROE,Rochester,1,,N,43.1785891,-77.6250885,3/13/14,13:46,INJURY,1,0,2,COLLISION WITH MOTOR VEHICLE,REAR END,NONE,DAYLIGHT,CLEAR,SNOW/ICE
13984,34818912,MONROE,Rochester,1,104 43032035,N,43.1923293,-77.5962203,6/17/13,6:45,PROPERTY DAMAGE AND INJURY,1,0,2,COLLISION WITH MOTOR VEHICLE,REAR END,NONE,DAYLIGHT,CLEAR,DRY
13984,34953101,MONROE,Rochester,1,,Y,43.1754140,-77.5925090,9/22/13,10:05,PROPERTY DAMAGE AND INJURY,2,0,2,COLLISION WITH MOTOR VEHICLE,RIGHT TURN (AGAINST OTHER CAR),STOP SIGN,DAYLIGHT,CLOUDY,WET
13984,34884366,MONROE,Greece,3, 18 43031215,Y,43.2382577,-77.6468474,8/8/13,18:00,PROPERTY DAMAGE AND INJURY,2,0,1,COLLISION WITH PEDESTRIAN,OTHER,NONE,DAYLIGHT,CLEAR,DRY
13984,34770755,MONROE,Rochester,1,,Y,43.1792040,-77.6676790,5/7/13,10:48,INJURY,1,0,1,OTHER NON-COLLISION,OTHER,NONE,DAYLIGHT,CLEAR,DRY
13984,35127804,MONROE,Webster,3,,N,43.2154140,-77.4465880,12/22/13,15:22,PROPERTY DAMAGE AND INJURY,1,0,2,COLLISION WITH MOTOR VEHICLE,REAR END,TRAFFIC SIGNAL,DAYLIGHT,RAIN,WET
13984,34847671,MONROE,Chili,3, 33A43021105,N,43.1069021,-77.7466577,7/4/13,23:35,INJURY,2,0,2,COLLISION WITH MOTOR VEHICLE,REAR END,STOP SIGN,DARK-ROAD LIGHTED,CLEAR,DRY
13984,35282694,MONROE,Rochester,1,,N,43.1387056,-77.6483696,6/4/14,18:10,INJURY,1,0,1,COLLISION WITH PEDESTRIAN,OTHER,NONE,DAYLIGHT,CLEAR,DRY
13984,35074273,MONROE,Chili,3,390I43033001,N,43.1224355,-77.6481650,1/7/14,10:49,INJURY,1,0,3,COLLISION WITH GUIDE RAIL,OTHER,NONE,DAYLIGHT,SNOW,SNOW/ICE
13984,34754068,MONROE,Rochester,1,,N,43.1924750,-77.6179480,4/25/13,18:31,INJURY,1,0,2,COLLISION WITH MOTOR VEHICLE,REAR END,TRAFFIC SIGNAL,DAYLIGHT,CLEAR,DRY
13984,34723506,MONROE,Penfield,3,,N,43.1305646,-77.4004680,4/3/13,11:28,PROPERTY DAMAGE AND INJURY,1,0,2,COLLISION WITH MOTOR VEHICLE,RIGHT ANGLE,TRAFFIC SIGNAL,DAYLIGHT,CLOUDY,DRY
13984,35525404,MONROE,Rochester,1,,N,43.1738524,-77.5994501,12/22/14,15:12,INJURY,1,0,1,COLLISION WITH CURBING,OTHER,NONE,DAYLIGHT,CLEAR,DRY
13984,34789007,MONROE,Rochester,1,,Y,43.1357525,-77.6453464,5/25/13,1:53,PROPERTY DAMAGE AND INJURY,3,0,1,COLLISION WITH TREE,OTHER,STOP SIGN,DARK-ROAD LIGHTED,CLOUDY,DRY
13984,35213880,MONROE,Rochester,1,,Y,43.1564080,-77.5866160,3/31/14,13:13,INJURY,1,0,1,COLLISION WITH BICYCLIST,OTHER,TRAFFIC SIGNAL,DAYLIGHT,CLEAR,DRY
13984,34918122,MONROE,Gates,3, 33A43021152,N,43.1395120,-77.6680260,9/9/13,19:02,PROPERTY DAMAGE AND INJURY,1,0,2,COLLISION WITH MOTOR VEHICLE,RIGHT ANGLE,TRAFFIC SIGNAL,DAYLIGHT,CLOUDY,DRY
13984,34969303,MONROE,Greece,3,390 43011038,N,43.2105336,-77.6749453,5/22/13,17:33,PROPERTY DAMAGE AND INJURY,1,0,2,COLLISION WITH MOTOR VEHICLE,REAR END,NONE,DAYLIGHT,CLOUDY,WET
13984,35409558,MONROE,Irondequoit,3,,Y,43.2110040,-77.5868249,9/23/14,7:55,PROPERTY DAMAGE AND INJURY,1,0,2,COLLISION WITH MOTOR VEHICLE,LEFT TURN (WITH OTHER CAR),NONE,DAYLIGHT,CLEAR,DRY
13984,35470676,MONROE,Greece,3,104 43031160,Y,43.2090418,-77.6900582,11/5/14,17:45,PROPERTY DAMAGE AND INJURY,2,0,2,COLLISION WITH MOTOR VEHICLE,REAR END,TRAFFIC SIGNAL,DARK-ROAD LIGHTED,CLEAR,DRY
13984,35041025,MONROE,Rochester,1, 31 43032008,Y,43.1646630,-77.6594000,12/15/13,4:20,INJURY,1,0,2,COLLISION WITH MOTOR VEHICLE,REAR END,TRAFFIC SIGNAL,DARK-ROAD LIGHTED,SNOW,SNOW/ICE
13984,35414943,MONROE,Rochester,1,,Y,43.1868120,-77.5995710,9/25/14,23:00,PROPERTY DAMAGE AND INJURY,1,0,2,COLLISION WITH MOTOR VEHICLE,RIGHT ANGLE,TRAFFIC SIGNAL,DARK-ROAD LIGHTED,CLEAR,DRY
13984,34971804,MONROE,Rochester,1, 33 43032012,N,43.1499624,-77.6518953,10/19/13,16:15,INJURY,1,0,1,COLLISION WITH CURBING,OTHER,NONE,DAYLIGHT,CLOUDY,DRY
13984,35287937,MONROE,Greece,3,261 43011029,N,43.2605378,-77.7508103,6/10/14,0:37,INJURY,2,0,1,COLLISION WITH DEER,OTHER,NONE,DARK-ROAD UNLIGHTED,CLEAR,DRY
13984,35567674,MONROE,Gates,3,940L43011004,Y,43.1364090,-77.6909110,12/10/14,17:00,PROPERTY DAMAGE AND INJURY,2,0,2,COLLISION WITH MOTOR VEHICLE,RIGHT ANGLE,NONE,DARK-ROAD LIGHTED,SNOW,SNOW/ICE
13984,35371525,MONROE,Pittsford,3, 31F43011008,N,43.1096571,-77.5044872,8/20/14,7:54,PROPERTY DAMAGE AND INJURY,1,0,2,COLLISION WITH MOTOR VEHICLE,REAR END,NONE,DAYLIGHT,CLOUDY,DRY
13984,34784836,MONROE,Rochester,1,,Y,43.1868120,-77.5995710,5/16/13,20:29,PROPERTY DAMAGE AND INJURY,1,0,2,COLLISION WITH MOTOR VEHICLE,REAR END,TRAFFIC SIGNAL,DARK-ROAD LIGHTED,CLEAR,DRY
13984,35432672,MONROE,Greece,3, 18 43031180,Y,43.2530210,-77.6964430,9/19/14,13:49,INJURY,1,0,2,COLLISION WITH MOTOR VEHICLE,UNKNOWN,STOP SIGN,DAYLIGHT,CLEAR,DRY
13984,34846007,MONROE,Rochester,1,,Y,43.1825270,-77.6136969,7/5/13,18:19,INJURY,1,0,1,COLLISION WITH BICYCLIST,OTHER,NONE,DAYLIGHT,CLEAR,DRY
13984,34929115,MONROE,Pittsford,3, 31F43011009,N,43.1091336,-77.5027960,9/9/13,16:05,INJURY,2,0,1,COLLISION WITH PEDESTRIAN,OTHER,STOP SIGN,DAYLIGHT,CLOUDY,DRY
13984,34812231,MONROE,Webster,3,,N,43.2149150,-77.4476987,5/30/13,16:20,PROPERTY DAMAGE AND INJURY,1,0,3,COLLISION WITH MOTOR VEHICLE,OTHER,TRAFFIC SIGNAL,DAYLIGHT,CLEAR,DRY
13984,35078590,MONROE,Chili,3,,Y,43.1128001,-77.8035449,1/8/14,17:32,PROPERTY DAMAGE AND INJURY,1,0,2,COLLISION WITH MOTOR VEHICLE,REAR END,NONE,DARK-ROAD LIGHTED,CLOUDY,WET
13984,34688892,MONROE,Penfield,3,104 43035057,Y,43.1898660,-77.5039131,3/8/13,12:00,PROPERTY DAMAGE AND INJURY,1,0,2,COLLISION WITH MOTOR VEHICLE,RIGHT TURN (WITH OTHER CAR),TRAFFIC SIGNAL,DAYLIGHT,CLEAR,DRY
13984,35444190,MONROE,Parma,3,104 43031098,N,43.2185806,-77.8124148,10/18/14,22:35,INJURY,2,0,2,COLLISION WITH MOTOR VEHICLE,REAR END,NONE,DARK-ROAD UNLIGHTED,RAIN,WET
13984,35422576,MONROE,Rochester,1,,N,43.1432890,-77.5751920,10/2/14,17:12,INJURY,2,0,2,COLLISION WITH MOTOR VEHICLE,RIGHT ANGLE,TRAFFIC SIGNAL,DAYLIGHT,CLEAR,DRY
13984,34869138,MONROE,Perinton,3,,N,43.0359941,-77.4369295,7/26/13,22:37,INJURY,1,0,1,RAN OFF ROAD ONLY,OTHER,NONE,DARK-ROAD UNLIGHTED,CLEAR,DRY
13984,35499542,MONROE,Penfield,3,441 43011034,N,43.1298219,-77.4767064,12/3/14,7:30,PROPERTY DAMAGE AND INJURY,1,0,2,COLLISION WITH MOTOR VEHICLE,RIGHT ANGLE,NONE,DAYLIGHT,RAIN,WET
13984,35533290,MONROE,Rochester,1,,Y,43.1745330,-77.6247150,12/29/14,9:50,PROPERTY DAMAGE AND INJURY,1,0,1,COLLISION WITH OTHER,OTHER,NONE,DAYLIGHT,CLOUDY,DRY
13984,35444704,MONROE,Perinton,3,490I43023060,N,43.0757471,-77.4825572,10/25/14,11:05,PROPERTY DAMAGE AND INJURY,1,0,2,COLLISION WITH MOTOR VEHICLE,OVERTAKING,NONE,DAYLIGHT,CLEAR,DRY
13984,34865344,MONROE,Henrietta,3,252 43011073,Y,43.0870220,-77.6296950,5/17/13,17:00,PROPERTY DAMAGE AND INJURY,1,0,2,COLLISION WITH MOTOR VEHICLE,RIGHT ANGLE,TRAFFIC SIGNAL,DAYLIGHT,CLEAR,DRY
13984,35255582,MONROE,Rochester,1, 31 43032057,N,43.1391890,-77.5807447,5/11/14,12:10,PROPERTY DAMAGE AND INJURY,1,0,2,COLLISION WITH MOTOR VEHICLE,OVERTAKING,NONE,DAYLIGHT,CLEAR,DRY
13984,34914007,MONROE,Brighton,3,390I43031146,Y,43.1122970,-77.6236169,9/4/13,16:39,PROPERTY DAMAGE AND INJURY,1,0,2,COLLISION WITH MOTOR VEHICLE,LEFT TURN (WITH OTHER CAR),TRAFFIC SIGNAL,DAYLIGHT,CLEAR,DRY
13984,35133710,MONROE,Irondequoit,3,,N,43.1964440,-77.5767859,2/12/14,6:41,PROPERTY DAMAGE AND INJURY,1,0,2,COLLISION WITH MOTOR VEHICLE,RIGHT ANGLE,TRAFFIC SIGNAL,DARK-ROAD LIGHTED,CLOUDY,WET
13984,35100970,MONROE,Henrietta,3,390I43031101,N,43.0741138,-77.6296901,1/20/14,7:04,INJURY,1,0,1,COLL. W/EARTH ELE./ROCK CUT/DITCH,OTHER,NONE,DAWN,CLOUDY,SNOW/ICE
13984,34958639,MONROE,Greece,3,941A43011000,N,43.2529532,-77.6464148,10/11/13,9:25,INJURY,1,0,2,COLLISION WITH MOTOR VEHICLE,REAR END,NONE,DAYLIGHT,CLEAR,DRY
13984,34884378,MONROE,Rochester,1,,Y,43.1600670,-77.6076169,8/3/13,18:37,PROPERTY DAMAGE AND INJURY,2,0,2,COLLISION WITH MOTOR VEHICLE,RIGHT ANGLE,TRAFFIC SIGNAL,DAYLIGHT,CLEAR,DRY
13984,35397520,MONROE,Rochester,1, 96 43052007,N,43.1466006,-77.5600054,9/4/14,17:44,INJURY,1,0,1,COLLISION WITH BICYCLIST,OTHER,NONE,DAYLIGHT,CLEAR,DRY
13984,35479954,MONROE,Brighton,3, 15 43031116,Y,43.0970476,-77.6314910,11/22/14,14:13,PROPERTY DAMAGE AND INJURY,2,0,2,COLLISION WITH MOTOR VEHICLE,LEFT TURN (AGAINST OTHER CAR),NONE,DAYLIGHT,CLOUDY,WET
13984,35236781,MONROE,Ogden,3, 31 43031115,Y,43.1860300,-77.8144960,4/25/14,17:40,PROPERTY DAMAGE AND INJURY,1,0,2,COLLISION WITH MOTOR VEHICLE,RIGHT ANGLE,STOP SIGN,DAYLIGHT,CLOUDY,DRY
13984,35382876,MONROE,Rochester,1, 96 43052013,Y,43.1495090,-77.5716970,8/22/14,8:25,INJURY,1,0,1,COLLISION WITH BICYCLIST,OTHER,TRAFFIC SIGNAL,DAYLIGHT,CLOUDY,DRY
13984,35353272,MONROE,Rochester,1,490I43022044,N,43.1422163,-77.5960000,7/28/14,6:05,PROPERTY DAMAGE AND INJURY,1,0,1,COLLISION WITH OTHER,OTHER,NONE,DARK-ROAD LIGHTED,RAIN,FLOODED WATER
13984,35309594,MONROE,Henrietta,3,252 43011079,Y,43.0872140,-77.6172699,6/7/14,12:45,PROPERTY DAMAGE AND INJURY,1,0,2,COLLISION WITH MOTOR VEHICLE,REAR END,TRAFFIC SIGNAL,DAYLIGHT,CLEAR,DRY
13984,35482752,MONROE,Irondequoit,3,,N,43.1956817,-77.6019120,11/22/14,18:46,INJURY,1,0,1,COLLISION WITH PEDESTRIAN,OTHER,NONE,DARK-ROAD LIGHTED,CLOUDY,WET
13984,35430545,MONROE,Brighton,3,590I43011037,N,43.1263534,-77.5533058,10/10/14,14:43,PROPERTY DAMAGE AND INJURY,1,0,1,OVERTURNED,OTHER,NONE,DAYLIGHT,CLEAR,DRY
13984,35381495,MONROE,Rochester,1,104 43032014,Y,43.1975160,-77.6332600,8/26/14,21:22,PROPERTY DAMAGE AND INJURY,1,0,3,COLLISION WITH MOTOR VEHICLE,OTHER,TRAFFIC SIGNAL,DARK-ROAD LIGHTED,CLEAR,DRY
13984,35466387,MONROE,Rochester,1,383 43012019,Y,43.1437160,-77.6182450,10/31/14,14:30,INJURY,1,0,2,COLLISION WITH MOTOR VEHICLE,OVERTAKING,YIELD SIGN,DAYLIGHT,RAIN,WET
13984,34766598,MONROE,Gates,3, 33 43031121,Y,43.1470730,-77.7112370,5/10/13,12:46,PROPERTY DAMAGE AND INJURY,1,0,3,COLLISION WITH MOTOR VEHICLE,OTHER,TRAFFIC SIGNAL,DAYLIGHT,RAIN,WET
13984,34941869,MONROE,Rochester,1, 33 43032020,Y,43.1502630,-77.6360960,9/23/13,19:14,INJURY,1,0,1,COLLISION WITH BICYCLIST,OTHER,TRAFFIC SIGNAL,DUSK,CLOUDY,DRY
13984,35015503,MONROE,Rochester,1,,N,43.1578210,-77.5436950,11/22/13,15:18,PROPERTY DAMAGE AND INJURY,1,0,1,OTHER NON-COLLISION,OTHER,NONE,DAYLIGHT,RAIN,WET