QUERYID,CASE #,REGN_CNTY_CDE,Municipality,MUNITYPE,REF_MRKR,ATINTERSECTION_IND,Lat,Long,,Time,Crash Type,Injuries,Fatalities,Number of Vehicles,ACCD_TYP,COLLISION_TYP,TRAF_CNTL,Light Condition,Weather Condition,Road Surface Condition
13984,35062385,MONROE,Rochester,1,940K43011004,N,43.1573730,-77.6594200,12/14/13,15:44,PROPERTY DAMAGE AND INJURY,1,0,2,COLLISION WITH MOTOR VEHICLE,RIGHT ANGLE,TRAFFIC SIGNAL,DUSK,SNOW,SNOW/ICE
13984,34949912,MONROE,Greece,3,386 43011008,Y,43.1869290,-77.7322120,10/3/13,9:48,INJURY,1,0,2,COLLISION WITH MOTOR VEHICLE,LEFT TURN (AGAINST OTHER CAR),STOP SIGN,DAYLIGHT,CLEAR,DRY
13984,35454006,MONROE,Rochester,1,,Y,43.1420070,-77.6043810,9/19/14,20:00,INJURY,1,0,2,COLLISION WITH MOTOR VEHICLE,REAR END,UNKNOWN,UNKNOWN,UNKNOWN,UNKNOWN
13984,34881319,MONROE,Rochester,1,,Y,43.1982910,-77.5615750,8/3/13,16:15,PROPERTY DAMAGE AND INJURY,3,0,3,COLLISION WITH MOTOR VEHICLE,OTHER,NONE,DAYLIGHT,CLEAR,DRY
13984,35321785,MONROE,Gates,3, 33 43031109,N,43.1434959,-77.7341038,7/10/14,15:02,PROPERTY DAMAGE AND INJURY,2,0,2,COLLISION WITH MOTOR VEHICLE,RIGHT ANGLE,NONE,DAYLIGHT,CLEAR,DRY
13984,34919019,MONROE,Rochester,1,,Y,43.1788230,-77.5757760,9/8/13,12:08,PROPERTY DAMAGE AND INJURY,2,0,5,COLLISION WITH MOTOR VEHICLE,OTHER,TRAFFIC SIGNAL,DAYLIGHT,CLEAR,DRY
13984,35412209,MONROE,Rochester,1,,Y,43.1467090,-77.6001611,9/19/14,11:40,INJURY,2,0,2,COLLISION WITH MOTOR VEHICLE,REAR END,TRAFFIC SIGNAL,DAYLIGHT,CLEAR,DRY
13984,34910095,MONROE,Irondequoit,3,590 43013014,N,43.1868582,-77.5438094,8/28/13,7:15,PROPERTY DAMAGE AND INJURY,1,0,2,COLLISION WITH MOTOR VEHICLE,OVERTAKING,NONE,DAYLIGHT,CLOUDY,WET
13984,35163788,MONROE,Penfield,3,441 43011124,N,43.1276138,-77.4945783,1/4/14,7:22,PROPERTY DAMAGE AND INJURY,1,0,2,COLLISION WITH GUIDE RAIL,RIGHT ANGLE,NONE,DAYLIGHT,CLEAR,SNOW/ICE
13984,34949939,MONROE,Rochester,1,,N,43.1483257,-77.5979561,10/3/13,14:44,PROPERTY DAMAGE AND INJURY,2,0,1,COLLISION WITH CURBING,OTHER,NONE,DAYLIGHT,CLEAR,DRY
13984,35041997,MONROE,Brighton,3, 15A43041128,N,43.1080070,-77.6159370,12/7/13,18:10,PROPERTY DAMAGE AND INJURY,1,0,2,COLLISION WITH MOTOR VEHICLE,REAR END,TRAFFIC SIGNAL,DARK-ROAD LIGHTED,CLEAR,DRY
13984,34915971,MONROE,Rochester,1,,N,43.1481170,-77.6233000,9/1/13,17:32,PROPERTY DAMAGE AND INJURY,1,0,1,COLL. W/LIGHT SUPPORT/UTILITY POLE,OTHER,NONE,DAYLIGHT,CLEAR,DRY
13984,35016812,MONROE,Rochester,1,,Y,43.1479160,-77.6203240,11/23/13,11:56,PROPERTY DAMAGE AND INJURY,1,0,2,COLLISION WITH MOTOR VEHICLE,LEFT TURN (WITH OTHER CAR),STOP SIGN,DAYLIGHT,CLOUDY,DRY
13984,35500686,MONROE,Gates,3,940L43011023,Y,43.1648860,-77.6911321,12/3/14,12:30,PROPERTY DAMAGE AND INJURY,1,0,2,COLLISION WITH MOTOR VEHICLE,LEFT TURN (WITH OTHER CAR),TRAFFIC SIGNAL,DAYLIGHT,RAIN,WET
13984,34998553,MONROE,Greece,3,,N,43.1921436,-77.6790758,10/24/13,22:52,PROPERTY DAMAGE AND INJURY,1,0,2,COLLISION WITH MOTOR VEHICLE,RIGHT ANGLE,NONE,DARK-ROAD LIGHTED,CLOUDY,WET
13984,35102005,MONROE,Webster,3,,N,43.2025635,-77.4622657,1/23/14,15:14,PROPERTY DAMAGE AND INJURY,2,0,2,COLLISION WITH MOTOR VEHICLE,RIGHT ANGLE,NONE,DAYLIGHT,CLOUDY,SNOW/ICE
13984,35161617,MONROE,Webster,3,,N,43.2693035,-77.3800868,2/28/14,17:42,INJURY,1,0,2,COLLISION WITH MOTOR VEHICLE,LEFT TURN (AGAINST OTHER CAR),NONE,DAYLIGHT,CLOUDY,DRY
13984,34910330,MONROE,Rochester,1,,Y,43.1713720,-77.5660540,8/30/13,15:31,INJURY,4,0,2,COLLISION WITH MOTOR VEHICLE,RIGHT ANGLE,NONE,DAYLIGHT,CLOUDY,DRY
13984,34965219,MONROE,Rochester,1,590 43012005,N,43.1650947,-77.5389274,10/18/13,10:43,PROPERTY DAMAGE AND INJURY,1,0,2,COLLISION WITH MOTOR VEHICLE,REAR END,NONE,DAYLIGHT,CLEAR,DRY
13984,35440554,MONROE,Penfield,3,,N,43.1830279,-77.4023692,10/17/14,17:45,INJURY,1,0,1,COLLISION WITH BICYCLIST,OTHER,NONE,DAYLIGHT,CLEAR,DRY
13984,34822340,MONROE,Rochester,1,940T43011007,N,43.1607202,-77.6126991,6/20/13,11:14,PROPERTY DAMAGE AND INJURY,5,0,2,COLLISION WITH MOTOR VEHICLE,REAR END,NONE,DAYLIGHT,CLEAR,DRY
13984,35466084,MONROE,Pittsford,3,,N,43.0456342,-77.5633901,11/9/14,7:00,INJURY,1,0,1,COLLISION WITH DEER,OTHER,NONE,DAYLIGHT,CLOUDY,DRY
13984,35429456,MONROE,Rochester,1,,N,43.1483740,-77.5543059,10/7/14,7:46,PROPERTY DAMAGE AND INJURY,1,0,2,COLLISION WITH MOTOR VEHICLE,LEFT TURN (AGAINST OTHER CAR),TRAFFIC SIGNAL,DAYLIGHT,CLEAR,DRY
13984,34977243,MONROE,Rochester,1, 15 43032025,Y,43.1486690,-77.6062100,10/21/13,20:08,PROPERTY DAMAGE AND INJURY,1,0,2,COLLISION WITH MOTOR VEHICLE,RIGHT ANGLE,TRAFFIC SIGNAL,DARK-ROAD LIGHTED,CLEAR,DRY
13984,35290041,MONROE,Rochester,1,,N,43.1737123,-77.5987595,6/4/14,12:50,INJURY,1,0,1,COLLISION WITH BICYCLIST,OTHER,NONE,DAYLIGHT,CLOUDY,DRY
13984,34776044,MONROE,Gates,3,490I43021169,N,43.1568947,-77.6972116,5/15/13,17:29,PROPERTY DAMAGE AND INJURY,3,0,3,COLLISION WITH MOTOR VEHICLE,OTHER,NONE,DAYLIGHT,CLEAR,DRY
13984,34852143,MONROE,East Rochester,4,,N,43.1109270,-77.4904283,7/15/13,12:48,INJURY,1,0,2,COLLISION WITH MOTOR VEHICLE,REAR END,NONE,DAYLIGHT,CLEAR,DRY
13984,35040310,MONROE,Gates,3,,Y,43.1586870,-77.6875270,12/11/13,15:27,PROPERTY DAMAGE AND INJURY,1,0,2,COLLISION WITH MOTOR VEHICLE,RIGHT ANGLE,STOP SIGN,DAYLIGHT,SNOW,WET
13984,35080527,MONROE,Gates,3,390 43011006,N,43.1651565,-77.6830617,1/8/14,21:30,PROPERTY DAMAGE AND INJURY,2,0,2,COLLISION WITH MOTOR VEHICLE,OVERTAKING,NONE,DARK-ROAD LIGHTED,CLEAR,DRY
13984,35426154,MONROE,Pittsford,3, 31 43033030,N,43.1020578,-77.5375442,10/6/14,13:10,PROPERTY DAMAGE AND INJURY,1,0,2,COLLISION WITH MOTOR VEHICLE,REAR END,NONE,DAYLIGHT,CLEAR,DRY
13984,35161594,MONROE,Greece,3,,N,43.2662737,-77.6371092,2/28/14,8:30,PROPERTY DAMAGE AND INJURY,3,0,2,COLLISION WITH MOTOR VEHICLE,HEAD ON,NONE,DAYLIGHT,CLEAR,SNOW/ICE
13984,34850572,MONROE,Gates,3,390 43011002,N,43.1585698,-77.6823922,7/15/13,7:55,INJURY,1,0,1,COLL. W/EARTH ELE./ROCK CUT/DITCH,OTHER,NONE,DAYLIGHT,CLEAR,DRY
13984,35078101,MONROE,Webster,3,,N,43.2118262,-77.5335741,1/7/14,13:24,PROPERTY DAMAGE AND INJURY,1,0,2,COLLISION WITH MOTOR VEHICLE,REAR END,NONE,DAYLIGHT,SNOW,SNOW/ICE
13984,34940331,MONROE,Penfield,3,250 43011061,Y,43.1232120,-77.4414670,9/26/13,15:45,PROPERTY DAMAGE AND INJURY,1,0,3,COLLISION WITH MOTOR VEHICLE,OTHER,NONE,DAYLIGHT,CLEAR,DRY
13984,34918448,MONROE,Greece,3,104 43031173,Y,43.2050840,-77.6663200,8/16/13,17:27,INJURY,1,0,4,COLLISION WITH MOTOR VEHICLE,OTHER,TRAFFIC SIGNAL,DAYLIGHT,CLEAR,DRY
13984,34758814,MONROE,Rochester,1,,Y,43.1618420,-77.6199991,5/3/13,8:13,INJURY,1,0,2,COLLISION WITH MOTOR VEHICLE,RIGHT TURN (WITH OTHER CAR),TRAFFIC SIGNAL,DAYLIGHT,CLEAR,DRY
13984,35179917,MONROE,Henrietta,3, 15 43031114,N,43.0937580,-77.6332141,3/6/14,11:56,PROPERTY DAMAGE AND INJURY,2,0,2,COLLISION WITH MOTOR VEHICLE,RIGHT ANGLE,NONE,DAYLIGHT,CLEAR,WET
13984,35403393,MONROE,Rochester,1,,Y,43.1629780,-77.5645030,9/15/14,16:27,PROPERTY DAMAGE AND INJURY,3,0,2,COLLISION WITH MOTOR VEHICLE,RIGHT ANGLE,NONE,DAYLIGHT,CLEAR,DRY
13984,35239833,MONROE,Perinton,3, 31F43011021,Y,43.1026090,-77.4809221,4/28/14,17:23,INJURY,3,0,2,COLLISION WITH MOTOR VEHICLE,LEFT TURN (WITH OTHER CAR),TRAFFIC SIGNAL,DAYLIGHT,CLEAR,DRY
13984,35493026,MONROE,Brighton,3, 31 43033005,N,43.1304486,-77.5690491,12/1/14,19:58,PROPERTY DAMAGE AND INJURY,1,0,1,COLLISION WITH PEDESTRIAN,OTHER,NONE,DARK-ROAD LIGHTED,CLOUDY,DRY
13984,34719815,MONROE,Henrietta,3,252 43011097,N,43.0871530,-77.5819419,4/3/13,15:55,PROPERTY DAMAGE AND INJURY,3,0,2,COLLISION WITH MOTOR VEHICLE,LEFT TURN (AGAINST OTHER CAR),NONE,DAYLIGHT,CLEAR,DRY
13984,35403624,MONROE,Greece,3,,Y,43.2165057,-77.6777479,9/16/14,8:51,PROPERTY DAMAGE AND INJURY,2,0,2,COLLISION WITH MOTOR VEHICLE,RIGHT ANGLE,NONE,DAYLIGHT,CLOUDY,DRY
13984,35309567,MONROE,Gates,3,386 43011100,Y,43.1438460,-77.7322930,6/30/14,17:37,PROPERTY DAMAGE AND INJURY,1,0,2,COLLISION WITH MOTOR VEHICLE,LEFT TURN (WITH OTHER CAR),TRAFFIC SIGNAL,DAYLIGHT,CLEAR,DRY
13984,35525843,MONROE,Greece,3,,Y,43.1847810,-77.7016120,12/16/14,15:11,INJURY,1,0,2,COLLISION WITH MOTOR VEHICLE,HEAD ON,NONE,DAYLIGHT,RAIN,WET
13984,34690593,MONROE,Rochester,1,,N,43.1611957,-77.5882055,3/9/13,9:37,PROPERTY DAMAGE AND INJURY,1,0,2,COLLISION WITH MOTOR VEHICLE,RIGHT ANGLE,NONE,DAYLIGHT,CLEAR,DRY
13984,34995651,WAYNE,Ontario,3,,Y,43.2696080,-77.3760780,11/7/13,17:30,INJURY,1,0,1,COLLISION WITH DEER,OTHER,NO PASSING ZONE,DARK-ROAD UNLIGHTED,CLOUDY,WET
13984,35220454,MONROE,Parma,3,104 43031098,N,43.2185806,-77.8124148,4/11/14,18:03,PROPERTY DAMAGE AND INJURY,3,0,2,COLLISION WITH MOTOR VEHICLE,REAR END,NONE,DAYLIGHT,CLEAR,DRY
13984,35041862,MONROE,Greece,3,,Y,43.2051890,-77.6662890,12/13/13,11:43,INJURY,1,0,1,COLLISION WITH TREE,OTHER,TRAFFIC SIGNAL,DAYLIGHT,SNOW,SNOW/ICE
13984,34923897,MONROE,Rochester,1,,Y,43.1767430,-77.6077200,8/16/13,22:56,PROPERTY DAMAGE AND INJURY,1,0,1,COLLISION WITH PEDESTRIAN,OTHER,NONE,DARK-ROAD LIGHTED,CLEAR,DRY
13984,35101839,MONROE,Rochester,1,940M43011012,Y,43.1809370,-77.6317380,1/10/14,11:53,PROPERTY DAMAGE AND INJURY,1,0,2,COLLISION WITH MOTOR VEHICLE,RIGHT ANGLE,TRAFFIC SIGNAL,DAYLIGHT,CLOUDY,WET
13984,34704142,MONROE,Chili,3,390I43033002,N,43.1234717,-77.6501170,3/22/13,10:30,PROPERTY DAMAGE AND INJURY,1,0,2,COLLISION WITH MOTOR VEHICLE,OVERTAKING,NONE,DAYLIGHT,SNOW,SNOW/ICE
13984,34750225,MONROE,Henrietta,3,,Y,43.0682550,-77.6324500,4/3/13,8:30,INJURY,1,0,2,COLLISION WITH MOTOR VEHICLE,REAR END,UNKNOWN,UNKNOWN,UNKNOWN,UNKNOWN
13984,34779279,MONROE,Ogden,3,531 43012053,N,43.1642246,-77.7610173,5/18/13,15:42,PROPERTY DAMAGE AND INJURY,2,0,1,COLL. W/EARTH ELE./ROCK CUT/DITCH,OTHER,NONE,DAYLIGHT,CLEAR,DRY
13984,34871907,MONROE,Rochester,1,,Y,43.1825270,-77.6136969,7/15/13,20:46,INJURY,1,0,1,COLLISION WITH PEDESTRIAN,OTHER,STOP SIGN,DAYLIGHT,CLEAR,DRY
13984,35012638,MONROE,Gates,3,390 43011006,N,43.1652484,-77.6830651,11/20/13,7:52,INJURY,1,0,2,COLLISION WITH MOTOR VEHICLE,REAR END,NONE,DAYLIGHT,CLOUDY,DRY
13984,34898159,MONROE,Greece,3,390 43011036,N,43.2075757,-77.6759781,8/21/13,19:30,PROPERTY DAMAGE AND INJURY,1,0,1,COLLISION WITH GUIDE RAIL,OTHER,NONE,DAYLIGHT,CLEAR,DRY
13984,35347514,MONROE,Chili,3, 33 43031072,N,43.1223351,-77.7994659,7/15/14,17:04,FATAL,0,1,1,COLLISION WITH BUILDING/WALL,OTHER,STOP SIGN,DAYLIGHT,CLEAR,DRY
13984,34960179,MONROE,Gates,3, 31 43031174,Y,43.1697700,-77.7026550,10/13/13,13:44,INJURY,1,0,2,COLLISION WITH MOTOR VEHICLE,REAR END,NONE,DAYLIGHT,CLEAR,DRY
13984,35342173,MONROE,Rochester,1,,N,43.1939089,-77.6584685,7/19/14,18:35,PROPERTY DAMAGE AND INJURY,1,0,1,COLL. W/LIGHT SUPPORT/UTILITY POLE,OTHER,TRAFFIC SIGNAL,DAYLIGHT,RAIN,WET
13984,34794818,MONROE,Rush,3, 15 43031045,N,43.0003163,-77.6670671,5/25/13,17:14,PROPERTY DAMAGE AND INJURY,1,0,2,COLLISION WITH MOTOR VEHICLE,OVERTAKING,NONE,DAYLIGHT,CLEAR,DRY
13984,35037457,MONROE,Rochester,1,,Y,43.1564080,-77.5866160,12/10/13,18:00,PROPERTY DAMAGE AND INJURY,1,0,2,COLLISION WITH MOTOR VEHICLE,REAR END,TRAFFIC SIGNAL,DARK-ROAD LIGHTED,SNOW,SNOW/ICE
13984,34994541,MONROE,Rochester,1,,Y,43.1756280,-77.5838510,10/25/13,14:19,PROPERTY DAMAGE AND INJURY,2,0,2,COLLISION WITH MOTOR VEHICLE,HEAD ON,STOP SIGN,DAYLIGHT,CLOUDY,DRY
13984,35204744,MONROE,Clarkson,3,260 43011028,N,43.2379602,-77.8856342,3/29/14,21:35,PROPERTY DAMAGE AND INJURY,4,0,2,COLLISION WITH MOTOR VEHICLE,HEAD ON,NONE,DARK-ROAD UNLIGHTED,SNOW,SNOW/ICE
13984,35218267,MONROE,Rochester,1,,Y,43.1800800,-77.6251520,3/28/14,17:21,PROPERTY DAMAGE AND INJURY,4,0,2,COLLISION WITH MOTOR VEHICLE,RIGHT ANGLE,STOP SIGN,DAYLIGHT,CLOUDY,WET
13984,35252069,MONROE,Rochester,1,,N,43.1973484,-77.6335452,5/4/14,21:17,INJURY,1,0,2,COLLISION WITH MOTOR VEHICLE,REAR END,NONE,DARK-ROAD LIGHTED,CLEAR,DRY
13984,34756493,MONROE,Henrietta,3,252 43011073,Y,43.0871380,-77.6296960,5/1/13,16:16,INJURY,1,0,2,COLLISION WITH MOTOR VEHICLE,REAR END,NONE,DAYLIGHT,CLEAR,DRY
13984,35250113,MONROE,Henrietta,3,253 43011018,N,43.0390882,-77.7171328,5/3/14,21:14,PROPERTY DAMAGE AND INJURY,2,0,2,COLLISION WITH MOTOR VEHICLE,HEAD ON,NONE,DARK-ROAD UNLIGHTED,CLOUDY,WET
13984,35425057,MONROE,Greece,3, 18 43031153,N,43.2539530,-77.7510610,10/5/14,16:48,PROPERTY DAMAGE AND INJURY,1,0,2,COLLISION WITH MOTOR VEHICLE,REAR END,NONE,DAYLIGHT,RAIN,WET
13984,35006960,MONROE,Brighton,3,590 43011001,N,43.1436278,-77.5456356,11/7/13,18:00,PROPERTY DAMAGE AND INJURY,1,0,2,COLLISION WITH MOTOR VEHICLE,OVERTAKING,NONE,DARK-ROAD LIGHTED,CLOUDY,DRY
13984,34975052,MONROE,Henrietta,3,,N,43.0679742,-77.6464611,10/17/13,12:33,PROPERTY DAMAGE AND INJURY,1,0,2,COLLISION WITH MOTOR VEHICLE,OVERTAKING,STOP SIGN,DAYLIGHT,CLOUDY,DRY
13984,35276375,MONROE,Rochester,1,,Y,43.1819910,-77.6080660,5/27/14,10:25,INJURY,1,0,2,COLLISION WITH MOTOR VEHICLE,RIGHT ANGLE,STOP SIGN,DAYLIGHT,CLEAR,DRY
13984,34828700,MONROE,Greece,3,,N,43.2390225,-77.6966348,6/17/13,20:05,PROPERTY DAMAGE AND INJURY,1,0,4,COLLISION WITH MOTOR VEHICLE,OTHER,TRAFFIC SIGNAL,DAYLIGHT,CLEAR,DRY
13984,35257261,MONROE,Brighton,3,,Y,43.1262390,-77.5711400,5/7/14,17:06,PROPERTY DAMAGE AND INJURY,1,0,1,COLLISION WITH PEDESTRIAN,OTHER,NONE,DAYLIGHT,CLEAR,DRY
13984,34949716,MONROE,Rochester,1,104 43032026,N,43.1913179,-77.6130481,10/6/13,11:49,PROPERTY DAMAGE AND INJURY,1,0,1,COLLISION WITH GUIDERAIL - END,OTHER,NONE,DAYLIGHT,RAIN,WET
13984,35434214,MONROE,Rochester,1,,Y,43.1712450,-77.6501230,10/9/14,14:09,INJURY,2,0,2,COLLISION WITH MOTOR VEHICLE,RIGHT ANGLE,STOP SIGN,DAYLIGHT,CLEAR,DRY
13984,35440555,MONROE,Pittsford,3, 65 43031121,N,43.1016674,-77.5471627,10/18/14,17:01,PROPERTY DAMAGE AND INJURY,1,0,1,COLL. W/LIGHT SUPPORT/UTILITY POLE,OTHER,NONE,DAYLIGHT,CLOUDY,DRY
13984,35232130,MONROE,Rochester,1,,N,43.1620570,-77.5881501,4/12/14,2:13,INJURY,1,0,1,COLLISION WITH PEDESTRIAN,OTHER,NONE,DARK-ROAD LIGHTED,CLEAR,DRY
13984,34983768,MONROE,Penfield,3,441 43011124,N,43.1276199,-77.4945058,10/18/13,13:49,PROPERTY DAMAGE AND INJURY,1,0,2,COLLISION WITH MOTOR VEHICLE,RIGHT ANGLE,TRAFFIC SIGNAL,DAYLIGHT,CLOUDY,DRY
13984,34896227,MONROE,Spencerport,4, 31 43031120,N,43.1817352,-77.8042281,8/21/13,13:32,INJURY,1,0,2,COLLISION WITH MOTOR VEHICLE,REAR END,TRAFFIC SIGNAL,DAYLIGHT,CLEAR,DRY
13984,35036457,MONROE,Rochester,1,490I43022068,N,43.1434883,-77.5492152,12/9/13,4:30,PROPERTY DAMAGE AND INJURY,1,0,1,COLLISION WITH OTHER BARRIER,OTHER,NONE,DARK-ROAD LIGHTED,SLEET/HAIL/FREEZING RAIN,WET
13984,35168705,MONROE,Ogden,3,,Y,43.1949370,-77.7846710,3/7/14,7:30,PROPERTY DAMAGE AND INJURY,1,0,2,COLLISION WITH MOTOR VEHICLE,RIGHT ANGLE,STOP SIGN,DAYLIGHT,CLEAR,DRY
13984,34773469,MONROE,Rochester,1,490I43022026,N,43.1566316,-77.6218156,4/28/13,3:30,PROPERTY DAMAGE AND INJURY,2,0,1,COLLISION WITH OTHER BARRIER,OTHER,NONE,DARK-ROAD LIGHTED,CLEAR,DRY
13984,35403662,MONROE,Gates,3, 33A43021152,N,43.1394130,-77.6683200,9/19/14,19:37,INJURY,2,0,2,COLLISION WITH MOTOR VEHICLE,OVERTAKING,NONE,DARK-ROAD LIGHTED,CLOUDY,DRY
13984,35444193,MONROE,Chili,3, 33A43021105,N,43.1061750,-77.7481198,10/24/14,11:52,INJURY,1,0,1,COLLISION WITH PEDESTRIAN,OTHER,NONE,DAYLIGHT,CLEAR,DRY
13984,34915362,MONROE,Rochester,1,490I43022032,N,43.1517160,-77.6141140,8/11/13,18:50,PROPERTY DAMAGE AND INJURY,1,0,1,COLLISION WITH MEDIAN/BARRIER - END,OTHER,NONE,DAYLIGHT,CLEAR,DRY
13984,34719817,MONROE,Henrietta,3, 15 43031114,Y,43.0940130,-77.6330760,4/2/13,7:11,PROPERTY DAMAGE AND INJURY,2,0,3,COLLISION WITH MOTOR VEHICLE,OTHER,TRAFFIC SIGNAL,DAYLIGHT,SNOW,SNOW/ICE
13984,35441677,MONROE,Greece,3,,Y,43.1869140,-77.7015110,9/1/14,12:59,PROPERTY DAMAGE AND INJURY,2,0,2,COLLISION WITH MOTOR VEHICLE,RIGHT ANGLE,TRAFFIC SIGNAL,DAYLIGHT,CLEAR,DRY
13984,35056491,MONROE,Perinton,3,,N,43.0791802,-77.4622242,12/13/13,11:58,PROPERTY DAMAGE AND INJURY,1,0,1,COLLISION WITH CURBING,OTHER,TRAFFIC SIGNAL,DAYLIGHT,SNOW,SNOW/ICE
13984,35497874,MONROE,Sweden,3, 31 43031046,Y,43.1983580,-77.9436551,11/29/14,14:45,INJURY,1,0,2,COLLISION WITH MOTOR VEHICLE,REAR END,TRAFFIC SIGNAL,DAYLIGHT,CLEAR,DRY
13984,34940332,MONROE,Perinton,3,,N,43.0637848,-77.4792488,9/26/13,17:34,PROPERTY DAMAGE AND INJURY,1,0,3,COLLISION WITH MOTOR VEHICLE,OTHER,NONE,DAYLIGHT,CLEAR,DRY
13984,34857448,MONROE,Wheatland,3,251 43011114,N,43.0125315,-77.7468326,7/17/13,21:30,INJURY,1,0,1,COLLISION WITH DEER,OTHER,NONE,DARK-ROAD UNLIGHTED,CLEAR,DRY
13984,35223797,MONROE,Rochester,1,,Y,43.1798170,-77.5605280,4/15/14,13:39,INJURY,2,0,2,COLLISION WITH MOTOR VEHICLE,REAR END,TRAFFIC SIGNAL,DAYLIGHT,RAIN,WET
13984,35244007,MONROE,Rochester,1,940K43011005,Y,43.1593900,-77.6595600,4/27/14,16:47,INJURY,1,0,1,COLLISION WITH PEDESTRIAN,OTHER,TRAFFIC SIGNAL,DAYLIGHT,CLEAR,DRY
13984,35138840,MONROE,Rochester,1,,Y,43.1565990,-77.6088960,2/14/14,18:46,INJURY,1,0,1,COLLISION WITH OTHER FIXED OBJECT,OTHER,NONE,DARK-ROAD LIGHTED,CLEAR,WET
13984,35101000,MONROE,Brighton,3,,Y,43.1309350,-77.5939240,1/22/14,12:17,PROPERTY DAMAGE AND INJURY,1,0,2,COLLISION WITH MOTOR VEHICLE,LEFT TURN (AGAINST OTHER CAR),NONE,DAYLIGHT,CLOUDY,SNOW/ICE
13984,35076452,MONROE,Rochester,1,490I43022068,N,43.1435104,-77.5485286,1/7/14,13:46,PROPERTY DAMAGE AND INJURY,2,0,3,COLLISION WITH MOTOR VEHICLE,OTHER,NONE,DAYLIGHT,SNOW,SNOW/ICE
13984,34890447,MONROE,Greece,3, 18 43031224,Y,43.2260590,-77.6438670,8/14/13,19:39,INJURY,1,0,1,COLLISION WITH BICYCLIST,OTHER,FLASHING LIGHT,DAYLIGHT,CLEAR,DRY
13984,35330430,MONROE,Hamlin,3,272 45011048,N,43.3244628,-77.9952351,7/13/14,10:56,PROPERTY DAMAGE AND INJURY,1,0,1,COLL. W/LIGHT SUPPORT/UTILITY POLE,OTHER,NONE,DAYLIGHT,CLOUDY,DRY
13984,35465765,MONROE,Chili,3,383 43011132,N,43.0993407,-77.6775266,11/1/14,22:57,PROPERTY DAMAGE AND INJURY,1,0,2,COLLISION WITH MOTOR VEHICLE,REAR END,OTHER,DARK-ROAD LIGHTED,CLOUDY,WET
13984,34795871,MONROE,Rochester,1, 96 43052015,Y,43.1500910,-77.5740890,5/30/13,17:39,INJURY,1,0,1,COLLISION WITH BICYCLIST,OTHER,NONE,DAYLIGHT,CLEAR,DRY
13984,35372057,MONROE,Brighton,3, 15 43031122,Y,43.1042450,-77.6277900,8/8/14,22:01,PROPERTY DAMAGE AND INJURY,1,0,2,COLLISION WITH MOTOR VEHICLE,OVERTAKING,NONE,DARK-ROAD LIGHTED,CLEAR,DRY
13984,35360094,MONROE,Rochester,1,,Y,43.1805850,-77.6079719,8/6/14,17:55,PROPERTY DAMAGE AND INJURY,2,0,2,COLLISION WITH MOTOR VEHICLE,REAR END,TRAFFIC SIGNAL,DAYLIGHT,CLEAR,DRY
13984,35281599,MONROE,Brighton,3,390I43031146,N,43.1120023,-77.6234067,5/25/14,4:50,PROPERTY DAMAGE AND INJURY,1,0,1,COLLISION WITH SIGN POST,OTHER,NONE,DARK-ROAD LIGHTED,CLEAR,DRY
13984,35462190,MONROE,Hamlin,3,260 43011099,N,43.3366681,-77.8557388,11/4/14,17:16,PROPERTY DAMAGE AND INJURY,1,0,1,COLLISION WITH TREE,OTHER,NONE,DARK-ROAD UNLIGHTED,CLEAR,DRY
13984,35434563,MONROE,Chili,3,259 43011014,Y,43.1128000,-77.8035511,10/17/14,9:05,PROPERTY DAMAGE AND INJURY,2,0,5,COLLISION WITH MOTOR VEHICLE,OTHER,NONE,DAYLIGHT,RAIN,WET
13984,35496641,MONROE,Rochester,1,490I43022007,N,43.1572250,-77.6595678,11/25/14,17:57,INJURY,1,0,2,COLLISION WITH MOTOR VEHICLE,REAR END,NONE,DARK-ROAD LIGHTED,RAIN,WET
13984,35336992,MONROE,Rochester,1,,Y,43.1799610,-77.6079310,7/23/14,11:58,PROPERTY DAMAGE AND INJURY,5,0,2,COLLISION WITH MOTOR VEHICLE,RIGHT ANGLE,STOP SIGN,DAYLIGHT,RAIN,WET
13984,35210960,MONROE,Brighton,3,,Y,43.1256120,-77.5928961,4/7/14,13:52,PROPERTY DAMAGE AND INJURY,1,0,2,COLLISION WITH MOTOR VEHICLE,REAR END,TRAFFIC SIGNAL,DAYLIGHT,RAIN,WET
13984,35259311,MONROE,Rochester,1,,Y,43.1937810,-77.6000010,4/27/14,22:40,INJURY,1,0,3,COLLISION WITH MOTOR VEHICLE,OTHER,TRAFFIC SIGNAL,DARK-ROAD LIGHTED,CLEAR,DRY
13984,35567360,MONROE,Rochester,1,,N,43.1659677,-77.6003701,10/30/14,10:45,INJURY,1,0,1,COLLISION WITH BICYCLIST,OTHER,NONE,DAYLIGHT,CLEAR,DRY