QUERYID,CASE #,REGN_CNTY_CDE,Municipality,MUNITYPE,REF_MRKR,ATINTERSECTION_IND,Lat,Long,,Time,Crash Type,Injuries,Fatalities,Number of Vehicles,ACCD_TYP,COLLISION_TYP,TRAF_CNTL,Light Condition,Weather Condition,Road Surface Condition
13984,35184139,MONROE,Rochester,1,,Y,43.1438650,-77.6446050,3/11/14,17:30,INJURY,3,0,3,COLLISION WITH MOTOR VEHICLE,OTHER,STOP SIGN,DAYLIGHT,CLEAR,DRY
13984,35535204,MONROE,Rochester,1,,N,43.1774630,-77.5985880,12/18/14,22:42,PROPERTY DAMAGE AND INJURY,4,0,2,COLLISION WITH MOTOR VEHICLE,OVERTAKING,POLICE/FIRE EMERGENCY,DARK-ROAD LIGHTED,SLEET/HAIL/FREEZING RAIN,SNOW/ICE
13984,35509291,MONROE,Perinton,3, 31F43011029,Y,43.1021920,-77.4655681,12/11/14,15:11,INJURY,1,0,2,COLLISION WITH MOTOR VEHICLE,REAR END,TRAFFIC SIGNAL,DAYLIGHT,CLEAR,WET
13984,34930289,MONROE,Rochester,1,,Y,43.2006830,-77.5617120,9/18/13,20:35,PROPERTY DAMAGE AND INJURY,3,0,2,COLLISION WITH MOTOR VEHICLE,RIGHT ANGLE,STOP SIGN,DARK-ROAD LIGHTED,CLEAR,DRY
13984,34936724,MONROE,Greece,3, 18 43031228,Y,43.2209580,-77.6412770,9/18/13,20:45,INJURY,1,0,1,OTHER NON-COLLISION,OTHER,STOP SIGN,DARK-ROAD LIGHTED,CLEAR,DRY
13984,34962805,MONROE,Irondequoit,3,,Y,43.2347660,-77.5405770,8/14/13,16:42,PROPERTY DAMAGE AND INJURY,1,0,2,COLLISION WITH MOTOR VEHICLE,REAR END,NONE,DAYLIGHT,CLEAR,DRY
13984,35125875,MONROE,Chili,3,390I43033002,N,43.1231374,-77.6490243,2/3/14,12:56,PROPERTY DAMAGE AND INJURY,1,0,3,COLLISION WITH MOTOR VEHICLE,OTHER,NONE,DAYLIGHT,CLOUDY,DRY
13984,35170803,MONROE,Sweden,3,,N,43.1983611,-77.9497427,3/10/14,7:44,PROPERTY DAMAGE AND INJURY,1,0,3,COLLISION WITH MOTOR VEHICLE,OTHER,NONE,DAYLIGHT,CLOUDY,DRY
13984,34788747,MONROE,Gates,3, 33 43031127,N,43.1498149,-77.6999930,5/21/13,16:30,INJURY,1,0,1,COLLISION WITH PEDESTRIAN,OTHER,NONE,DAYLIGHT,CLEAR,DRY
13984,34956094,MONROE,Rochester,1,,N,43.1781919,-77.5802817,9/19/13,0:00,INJURY,1,0,2,COLLISION WITH MOTOR VEHICLE,SIDESWIPE,UNKNOWN,UNKNOWN,UNKNOWN,UNKNOWN
13984,35309552,MONROE,Brighton,3, 31 43033017,Y,43.1165120,-77.5537340,6/30/14,13:18,PROPERTY DAMAGE AND INJURY,1,0,2,COLLISION WITH MOTOR VEHICLE,REAR END,TRAFFIC SIGNAL,DAYLIGHT,CLEAR,DRY
13984,34994531,MONROE,Perinton,3,490I43023065,N,43.0705192,-77.4754931,11/6/13,18:52,INJURY,1,0,2,COLLISION WITH MOTOR VEHICLE,REAR END,NONE,DARK-ROAD LIGHTED,CLOUDY,DRY
13984,35439275,MONROE,Rochester,1,490I43022035,Y,43.1509930,-77.6082868,10/18/14,18:54,PROPERTY DAMAGE AND INJURY,1,0,2,COLLISION WITH MOTOR VEHICLE,REAR END,NONE,DARK-ROAD LIGHTED,CLOUDY,WET
13984,35038414,MONROE,Rochester,1,,Y,43.1624783,-77.6367219,12/3/13,0:45,INJURY,1,0,1,COLLISION WITH PEDESTRIAN,OTHER,NONE,DARK-ROAD LIGHTED,CLEAR,WET
13984,34733378,MONROE,Rochester,1,,Y,43.1942130,-77.6123000,4/8/13,13:49,INJURY,1,0,2,COLLISION WITH MOTOR VEHICLE,LEFT TURN (AGAINST OTHER CAR),TRAFFIC SIGNAL,DAYLIGHT,CLEAR,DRY
13984,35074960,MONROE,Pittsford,3,490I43023022,N,43.1208667,-77.5184140,1/2/14,7:55,PROPERTY DAMAGE AND INJURY,1,0,1,COLLISION WITH OTHER BARRIER,OTHER,NONE,DAYLIGHT,SNOW,SNOW/ICE
13984,35215575,MONROE,Wheatland,3, 36 43031030,N,43.0259682,-77.8749890,3/12/14,8:15,PROPERTY DAMAGE AND INJURY,1,0,1,COLL. W/EARTH ELE./ROCK CUT/DITCH,OTHER,NONE,DAYLIGHT,SNOW,SNOW/ICE
13984,35313653,MONROE,Rochester,1,,N,43.1709458,-77.6371594,6/26/14,21:32,PROPERTY DAMAGE AND INJURY,3,0,1,COLLISION WITH CURBING,OTHER,NONE,DARK-ROAD LIGHTED,CLEAR,DRY
13984,34829064,MONROE,Rochester,1,940T43011008,N,43.1614995,-77.6075197,6/28/13,17:14,PROPERTY DAMAGE AND INJURY,1,0,3,COLLISION WITH MOTOR VEHICLE,OTHER,NONE,DAYLIGHT,CLOUDY,WET
13984,34941336,MONROE,Perinton,3, 31F43011067,Y,43.0939430,-77.4033600,8/18/13,10:00,INJURY,1,0,1,COLLISION WITH CURBING,OTHER,TRAFFIC SIGNAL,DAYLIGHT,CLEAR,DRY
13984,35425045,MONROE,Greece,3,,N,43.2099177,-77.6963064,10/1/14,17:44,INJURY,2,0,2,COLLISION WITH MOTOR VEHICLE,REAR END,TRAFFIC SIGNAL,DAYLIGHT,CLOUDY,DRY
13984,35213256,MONROE,Perinton,3,490I43023077,N,43.0541799,-77.4702826,3/1/14,21:35,PROPERTY DAMAGE AND INJURY,1,0,2,COLLISION WITH MOTOR VEHICLE,OVERTAKING,NONE,DARK-ROAD LIGHTED,SNOW,SNOW/ICE
13984,34915992,MONROE,Rochester,1,,Y,43.1559950,-77.6281210,9/4/13,14:30,PROPERTY DAMAGE AND INJURY,1,0,2,COLLISION WITH MOTOR VEHICLE,REAR END,TRAFFIC SIGNAL,DAYLIGHT,CLEAR,DRY
13984,35391446,MONROE,Brighton,3,,Y,43.1153220,-77.5969890,9/9/14,8:29,PROPERTY DAMAGE AND INJURY,1,0,3,COLLISION WITH MOTOR VEHICLE,OTHER,NONE,DAYLIGHT,CLEAR,DRY
13984,35347340,MONROE,Webster,3,,Y,43.2145311,-77.4751612,7/23/14,21:30,PROPERTY DAMAGE AND INJURY,1,0,2,COLLISION WITH MOTOR VEHICLE,LEFT TURN (AGAINST OTHER CAR),TRAFFIC SIGNAL,DARK-ROAD LIGHTED,CLEAR,DRY
13984,35394346,MONROE,Pittsford,3, 65 43031118,Y,43.0979210,-77.5464670,9/10/14,9:31,PROPERTY DAMAGE AND INJURY,1,0,2,COLLISION WITH MOTOR VEHICLE,REAR END,NONE,DAYLIGHT,CLOUDY,DRY
13984,34959926,MONROE,Greece,3,,N,43.2233425,-77.6590379,10/12/13,16:29,PROPERTY DAMAGE AND INJURY,1,0,2,COLLISION WITH MOTOR VEHICLE,RIGHT ANGLE,NONE,DAYLIGHT,CLEAR,DRY
13984,34721518,MONROE,Greece,3,390 43011023,N,43.1897219,-77.6828533,3/25/13,5:15,PROPERTY DAMAGE AND INJURY,2,0,1,COLL. W/LIGHT SUPPORT/UTILITY POLE,OTHER,NONE,DARK-ROAD LIGHTED,CLEAR,DRY
13984,35210950,MONROE,Perinton,3,490I43023088,N,43.0405304,-77.4623104,4/6/14,15:35,INJURY,1,0,1,COLLISION WITH DEER,OTHER,NONE,DAYLIGHT,CLEAR,DRY
13984,35499993,MONROE,Webster,3,,N,43.2120031,-77.5327090,11/19/14,16:33,PROPERTY DAMAGE AND INJURY,3,0,3,COLLISION WITH MOTOR VEHICLE,OTHER,NONE,DUSK,CLOUDY,DRY
13984,35359523,MONROE,Webster,3,,N,43.2156510,-77.4465970,8/3/14,10:15,INJURY,2,0,2,COLLISION WITH MOTOR VEHICLE,RIGHT ANGLE,TRAFFIC SIGNAL,DAYLIGHT,CLOUDY,DRY
13984,34968362,MONROE,Webster,4,250 43011124,Y,43.2122150,-77.4303170,9/26/13,2:29,INJURY,1,0,2,COLLISION WITH MOTOR VEHICLE,UNKNOWN,TRAFFIC SIGNAL,UNKNOWN,UNKNOWN,UNKNOWN
13984,35277703,MONROE,Rochester,1,,N,43.1507186,-77.5909144,5/31/14,15:59,PROPERTY DAMAGE AND INJURY,1,0,1,COLLISION WITH BICYCLIST,OTHER,NONE,DAYLIGHT,CLOUDY,DRY
13984,35143759,MONROE,Rochester,1,,Y,43.1792020,-77.6596120,2/17/14,13:10,PROPERTY DAMAGE AND INJURY,1,0,2,COLLISION WITH MOTOR VEHICLE,RIGHT ANGLE,TRAFFIC SIGNAL,DAYLIGHT,CLEAR,DRY
13984,35166001,MONROE,Chili,3,490I43021102,N,43.1020192,-77.7875703,2/25/14,8:54,PROPERTY DAMAGE AND INJURY,2,0,2,COLLISION WITH GUIDE RAIL,RIGHT ANGLE,NONE,DAYLIGHT,CLOUDY,WET
13984,34940002,MONROE,Rochester,1,390I43032004,N,43.1205632,-77.6429378,9/21/13,15:00,PROPERTY DAMAGE AND INJURY,1,0,2,COLLISION WITH MOTOR VEHICLE,REAR END,NONE,DAYLIGHT,RAIN,WET
13984,34702230,MONROE,Rochester,1,383 43012004,Y,43.1257850,-77.6393920,3/18/13,15:57,PROPERTY DAMAGE AND INJURY,1,0,2,COLLISION WITH MOTOR VEHICLE,RIGHT ANGLE,NONE,DAYLIGHT,SNOW,SNOW/ICE
13984,34707416,MONROE,Rochester,1, 15A43042002,Y,43.1130560,-77.6161210,3/15/13,14:17,PROPERTY DAMAGE AND INJURY,2,0,3,COLLISION WITH MOTOR VEHICLE,OTHER,TRAFFIC SIGNAL,DAYLIGHT,CLEAR,WET
13984,34772111,MONROE,Chili,3,490I43021118,N,43.1182436,-77.7632214,5/12/13,18:18,PROPERTY DAMAGE AND INJURY,3,0,1,COLLISION WITH TREE,OTHER,NONE,DAYLIGHT,CLOUDY,WET
13984,35231589,MONROE,Henrietta,3,,Y,43.0686404,-77.5986625,4/21/14,17:11,INJURY,1,0,1,COLLISION WITH BICYCLIST,OTHER,STOP SIGN,DAYLIGHT,CLEAR,DRY
13984,34728289,MONROE,Henrietta,3, 15A43041104,N,43.0743862,-77.6067634,4/11/13,1:15,PROPERTY DAMAGE AND INJURY,1,0,2,COLLISION WITH MOTOR VEHICLE,REAR END,NONE,DARK-ROAD LIGHTED,CLOUDY,WET
13984,35528474,MONROE,Rochester,1,,N,43.1791748,-77.6394578,12/15/14,10:15,INJURY,1,0,1,COLLISION WITH PEDESTRIAN,OTHER,NONE,DAYLIGHT,RAIN,WET
13984,34892922,MONROE,Penfield,3,404 43035057,Y,43.1898660,-77.5039131,8/17/13,14:53,PROPERTY DAMAGE AND INJURY,3,0,2,COLLISION WITH MOTOR VEHICLE,LEFT TURN (AGAINST OTHER CAR),TRAFFIC SIGNAL,DAYLIGHT,CLEAR,DRY
13984,34837185,MONROE,Rochester,1,,Y,43.1455160,-77.5992160,7/1/13,15:35,PROPERTY DAMAGE AND INJURY,4,0,2,COLLISION WITH MOTOR VEHICLE,RIGHT ANGLE,TRAFFIC SIGNAL,DAYLIGHT,RAIN,WET
13984,35470364,MONROE,Rochester,1,,N,43.1276850,-77.6634350,10/18/14,4:12,PROPERTY DAMAGE AND INJURY,1,0,2,COLLISION WITH MOTOR VEHICLE,RIGHT ANGLE,NONE,DARK-ROAD LIGHTED,RAIN,WET
13984,34918011,UNKNOWN COUNTY,,0,940M43011006,N,43.1723567,-77.6283854,9/2/13,23:23,PROPERTY DAMAGE AND INJURY,1,0,2,COLLISION WITH MOTOR VEHICLE,LEFT TURN (AGAINST OTHER CAR),NONE,DARK-ROAD LIGHTED,CLOUDY,DRY
13984,35457749,MONROE,Greece,3,,Y,43.2311780,-77.6508690,10/30/14,16:40,PROPERTY DAMAGE AND INJURY,1,0,2,COLLISION WITH MOTOR VEHICLE,RIGHT ANGLE,STOP SIGN,DAYLIGHT,CLEAR,DRY
13984,35372633,MONROE,Greece,3, 18 43031189,Y,43.2529410,-77.6776870,8/17/14,17:14,PROPERTY DAMAGE AND INJURY,2,0,3,COLLISION WITH MOTOR VEHICLE,OTHER,TRAFFIC SIGNAL,DAYLIGHT,CLEAR,DRY
13984,35081150,MONROE,Rochester,1,490I43022038,N,43.1494260,-77.6041440,11/13/13,8:30,PROPERTY DAMAGE AND INJURY,1,0,2,COLLISION WITH MOTOR VEHICLE,REAR END,NONE,DAYLIGHT,CLEAR,DRY
13984,35420195,MONROE,Perinton,3, 31F43011032,N,43.1005367,-77.4583878,10/1/14,13:15,PROPERTY DAMAGE AND INJURY,1,0,2,COLLISION WITH MOTOR VEHICLE,OVERTAKING,NONE,DAYLIGHT,CLEAR,DRY
13984,34889607,MONROE,Wheatland,3,251 43011119,N,43.0053699,-77.7454007,8/14/13,18:57,PROPERTY DAMAGE AND INJURY,4,0,2,COLLISION WITH MOTOR VEHICLE,RIGHT ANGLE,STOP SIGN,DAYLIGHT,CLEAR,DRY
13984,34923139,MONROE,Rochester,1,,N,43.1495674,-77.5530366,9/4/13,14:45,INJURY,1,0,1,COLLISION WITH BICYCLIST,OTHER,NONE,DAYLIGHT,CLEAR,DRY
13984,35267198,MONROE,Ogden,3,531 43012001,N,43.1861318,-77.8525349,5/20/14,17:32,PROPERTY DAMAGE AND INJURY,1,0,2,COLLISION WITH MOTOR VEHICLE,OVERTAKING,NONE,DAYLIGHT,CLEAR,DRY
13984,34985029,MONROE,Gates,3, 33 43031114,Y,43.1444740,-77.7240060,10/29/13,9:10,PROPERTY DAMAGE AND INJURY,1,0,2,COLLISION WITH MOTOR VEHICLE,RIGHT ANGLE,STOP SIGN,DAYLIGHT,CLEAR,DRY
13984,35352562,MONROE,Webster,3,,Y,43.2529419,-77.3879910,7/28/14,16:27,PROPERTY DAMAGE AND INJURY,1,0,2,COLLISION WITH MOTOR VEHICLE,RIGHT ANGLE,STOP SIGN,DAYLIGHT,CLOUDY,WET
13984,34736444,MONROE,Parma,3,,N,43.2223561,-77.8407233,4/2/13,15:32,PROPERTY DAMAGE AND INJURY,3,0,2,COLLISION WITH MOTOR VEHICLE,HEAD ON,NONE,DAYLIGHT,CLEAR,DRY
13984,34995612,MONROE,Pittsford,3,,N,43.0773296,-77.5462521,11/8/13,13:03,PROPERTY DAMAGE AND INJURY,1,0,2,COLLISION WITH MOTOR VEHICLE,REAR END,NONE,DAYLIGHT,CLOUDY,DRY
13984,34904653,MONROE,Rochester,1, 15A43042004,Y,43.1165100,-77.6168200,8/23/13,15:24,INJURY,1,0,2,COLLISION WITH MOTOR VEHICLE,RIGHT TURN (WITH OTHER CAR),STOP SIGN,DAYLIGHT,CLEAR,DRY
13984,35050843,MONROE,Rochester,1,,Y,43.1685320,-77.5615070,12/17/13,22:40,INJURY,2,0,2,COLLISION WITH MOTOR VEHICLE,HEAD ON,NONE,DARK-ROAD LIGHTED,SNOW,SNOW/ICE
13984,35500675,MONROE,Brighton,3,,N,43.1111398,-77.5740026,12/5/14,17:13,PROPERTY DAMAGE AND INJURY,1,0,4,COLLISION WITH MOTOR VEHICLE,OTHER,NONE,DARK-ROAD UNLIGHTED,CLOUDY,DRY
13984,35424250,MONROE,Rochester,1, 33A43022002,Y,43.1413850,-77.6625981,10/5/14,20:26,PROPERTY DAMAGE AND INJURY,1,0,2,COLLISION WITH MOTOR VEHICLE,REAR END,NONE,DARK-ROAD LIGHTED,CLEAR,DRY
13984,35012621,MONROE,Gates,3,390I43037000,N,43.1308449,-77.6607678,11/18/13,17:44,INJURY,1,0,2,COLLISION WITH MOTOR VEHICLE,REAR END,NONE,DARK-ROAD LIGHTED,CLEAR,DRY
13984,34859605,MONROE,Gates,3,940L43011016,Y,43.1550190,-77.6910330,7/19/13,12:00,PROPERTY DAMAGE AND INJURY,1,0,2,COLLISION WITH MOTOR VEHICLE,RIGHT ANGLE,NONE,DAYLIGHT,CLEAR,DRY
13984,34780710,MONROE,Penfield,3,441 43011052,Y,43.1308060,-77.4399830,5/20/13,7:45,PROPERTY DAMAGE AND INJURY,1,0,2,COLLISION WITH MOTOR VEHICLE,LEFT TURN (AGAINST OTHER CAR),TRAFFIC SIGNAL,DAYLIGHT,CLEAR,DRY
13984,35185698,MONROE,Brighton,3, 15 43031126,Y,43.1101900,-77.6247610,3/19/14,14:39,PROPERTY DAMAGE AND INJURY,1,0,2,COLLISION WITH MOTOR VEHICLE,REAR END,TRAFFIC SIGNAL,DAYLIGHT,CLOUDY,DRY
13984,34915225,MONROE,Greece,3,104 43031160,N,43.2091136,-77.6905306,8/13/13,22:54,INJURY,1,0,1,COLLISION WITH BICYCLIST,OTHER,NONE,DARK-ROAD LIGHTED,CLEAR,DRY
13984,35116104,MONROE,Rochester,1,,N,43.1460543,-77.6289942,1/30/14,16:59,INJURY,1,0,1,COLLISION WITH PEDESTRIAN,OTHER,NONE,DAYLIGHT,CLEAR,DRY
13984,35409517,MONROE,Greece,3, 18 43031204,N,43.2529570,-77.6469777,9/18/14,18:05,INJURY,1,0,1,COLLISION WITH BICYCLIST,OTHER,NONE,DAYLIGHT,CLEAR,DRY
13984,35412611,MONROE,Gates,3,490I43021167,N,43.1571108,-77.7018144,9/20/14,16:25,PROPERTY DAMAGE AND INJURY,5,0,2,COLLISION WITH MOTOR VEHICLE,OVERTAKING,NONE,DAYLIGHT,CLEAR,DRY
13984,35238347,MONROE,Rochester,1,,N,43.1475027,-77.5756436,4/27/14,0:30,INJURY,2,0,2,COLLISION WITH MOTOR VEHICLE,LEFT TURN (AGAINST OTHER CAR),NONE,DARK-ROAD LIGHTED,CLEAR,DRY
13984,35387081,MONROE,Gates,3,490I43021178,N,43.1564672,-77.6787413,6/26/14,1:18,PROPERTY DAMAGE AND INJURY,1,0,1,COLLISION WITH GUIDE RAIL,OTHER,NONE,DARK-ROAD LIGHTED,CLOUDY,WET
13984,35108282,MONROE,Greece,3, 18 43031204,N,43.2529570,-77.6469777,11/1/13,12:54,PROPERTY DAMAGE AND INJURY,1,0,2,COLLISION WITH MOTOR VEHICLE,UNKNOWN,NONE,DAYLIGHT,CLEAR,DRY
13984,34915936,MONROE,Henrietta,3, 15 43031105,N,43.0814798,-77.6398504,8/28/13,12:21,INJURY,1,0,1,COLLISION WITH BICYCLIST,OTHER,NONE,DAYLIGHT,CLOUDY,DRY
13984,35201223,MONROE,Rochester,1,,Y,43.1865440,-77.6083780,2/10/14,19:37,PROPERTY DAMAGE AND INJURY,1,0,1,COLLISION WITH OTHER FIXED OBJECT,OTHER,TRAFFIC SIGNAL,DARK-ROAD LIGHTED,SNOW,SNOW/ICE
13984,35156815,MONROE,Rochester,1,,Y,43.1771590,-77.5900600,2/26/14,19:31,PROPERTY DAMAGE AND INJURY,1,0,3,COLLISION WITH MOTOR VEHICLE,OTHER,NONE,DARK-ROAD LIGHTED,CLEAR,DRY
13984,34790191,MONROE,Perinton,3, 31F43011022,Y,43.1022640,-77.4779410,5/28/13,14:30,PROPERTY DAMAGE AND INJURY,2,0,3,COLLISION WITH MOTOR VEHICLE,OTHER,NO PASSING ZONE,DAYLIGHT,CLOUDY,DRY
13984,35467548,MONROE,Pittsford,4,252 43011127,N,43.0873512,-77.5244182,10/30/14,16:57,PROPERTY DAMAGE AND INJURY,1,0,3,COLLISION WITH MOTOR VEHICLE,OTHER,NONE,DAYLIGHT,CLEAR,DRY
13984,34877985,MONROE,Penfield,3,,Y,43.1351760,-77.5049950,8/2/13,17:09,PROPERTY DAMAGE AND INJURY,2,0,2,COLLISION WITH MOTOR VEHICLE,RIGHT ANGLE,STOP SIGN,DAYLIGHT,CLOUDY,DRY
13984,34913940,MONROE,Riga,3, 36 43031063,Y,43.0692900,-77.8840230,9/3/13,9:46,PROPERTY DAMAGE AND INJURY,1,0,2,COLLISION WITH MOTOR VEHICLE,LEFT TURN (AGAINST OTHER CAR),STOP SIGN,DAYLIGHT,CLOUDY,DRY
13984,34995387,MONROE,Rochester,1,940M43011000,Y,43.1646390,-77.6232511,10/19/13,0:05,PROPERTY DAMAGE AND INJURY,2,0,2,COLLISION WITH MOTOR VEHICLE,RIGHT ANGLE,TRAFFIC SIGNAL,DARK-ROAD LIGHTED,CLEAR,DRY
13984,35192511,MONROE,Parma,3,,Y,43.2926440,-77.7770700,3/19/14,15:15,INJURY,1,0,2,COLLISION WITH MOTOR VEHICLE,REAR END,STOP SIGN,DAYLIGHT,CLOUDY,DRY
13984,35279453,MONROE,Irondequoit,3,404 43035031,Y,43.1769020,-77.5406350,6/2/14,12:38,INJURY,1,0,2,COLLISION WITH MOTOR VEHICLE,RIGHT ANGLE,NONE,DAYLIGHT,CLEAR,DRY
13984,35254487,MONROE,Rochester,1,,Y,43.1754410,-77.5912330,5/9/14,22:24,PROPERTY DAMAGE AND INJURY,1,0,2,COLLISION WITH MOTOR VEHICLE,SIDESWIPE,TRAFFIC SIGNAL,DARK-ROAD LIGHTED,RAIN,WET
13984,35050845,MONROE,Rochester,1, 15 43032021,Y,43.1438280,-77.6112270,12/16/13,16:12,INJURY,1,0,2,COLLISION WITH MOTOR VEHICLE,REAR END,TRAFFIC SIGNAL,DAYLIGHT,CLEAR,WET
13984,34780711,MONROE,Brighton,3,590I43011030,N,43.1140753,-77.5521979,5/16/13,1:41,INJURY,1,0,1,OVERTURNED,OTHER,NONE,DARK-ROAD UNLIGHTED,CLEAR,DRY
13984,35264386,MONROE,Brighton,3, 15 43031125,N,43.1086627,-77.6255378,5/19/14,14:17,PROPERTY DAMAGE AND INJURY,2,0,2,COLLISION WITH MOTOR VEHICLE,LEFT TURN (WITH OTHER CAR),TRAFFIC SIGNAL,DAYLIGHT,CLEAR,DRY
13984,35161636,MONROE,Parma,3,261 43011014,N,43.2370749,-77.7518393,3/1/14,1:27,PROPERTY DAMAGE AND INJURY,2,0,2,COLLISION WITH MOTOR VEHICLE,REAR END,NONE,DARK-ROAD UNLIGHTED,CLEAR,DRY
13984,34713234,MONROE,Pittsford,3, 31 43033059,Y,43.0799500,-77.4913120,3/20/13,10:20,PROPERTY DAMAGE AND INJURY,2,0,2,COLLISION WITH MOTOR VEHICLE,OVERTAKING,NO PASSING ZONE,DAYLIGHT,CLEAR,DRY
13984,35518326,MONROE,Greece,3,390 43011035,N,43.2065600,-77.6759396,12/18/14,17:55,INJURY,1,0,3,COLLISION WITH MOTOR VEHICLE,OTHER,NONE,DARK-ROAD LIGHTED,RAIN,WET
13984,34865361,MONROE,Irondequoit,3,,N,43.1947877,-77.5766909,7/12/13,13:08,INJURY,1,0,2,COLLISION WITH MOTOR VEHICLE,REAR END,NONE,DAYLIGHT,CLOUDY,DRY
13984,35314084,MONROE,Henrietta,3,,Y,43.0958430,-77.5819010,7/5/14,11:20,PROPERTY DAMAGE AND INJURY,1,0,2,COLLISION WITH MOTOR VEHICLE,RIGHT ANGLE,TRAFFIC SIGNAL,DAYLIGHT,CLEAR,DRY
13984,35240531,MONROE,Gates,3,940L43011021,N,43.1614102,-77.6911176,4/25/14,23:29,INJURY,1,0,1,COLLISION WITH PEDESTRIAN,OTHER,NONE,DARK-ROAD LIGHTED,RAIN,WET
13984,34936490,MONROE,Gates,3,390 43011003,N,43.1614034,-77.6828691,9/10/13,9:57,PROPERTY DAMAGE AND INJURY,2,0,2,COLLISION WITH MOTOR VEHICLE,REAR END,NONE,DAYLIGHT,CLOUDY,DRY
13984,34766148,MONROE,Brighton,3,,Y,43.1015750,-77.5654059,5/7/13,17:00,INJURY,1,0,1,COLLISION WITH BICYCLIST,OTHER,NONE,DAYLIGHT,CLEAR,DRY
13984,35065262,MONROE,Webster,3,104 43035235,N,43.2141533,-77.5067723,1/2/14,16:55,PROPERTY DAMAGE AND INJURY,1,0,2,COLLISION WITH MOTOR VEHICLE,LEFT TURN (AGAINST OTHER CAR),NONE,DARK-ROAD LIGHTED,SNOW,SNOW/ICE
13984,35109680,MONROE,Rochester,1,,N,43.1666063,-77.5811402,1/28/14,15:12,INJURY,2,0,3,COLLISION WITH MOTOR VEHICLE,OTHER,NONE,DAYLIGHT,CLEAR,SNOW/ICE
13984,35493853,MONROE,Rochester,1,590I43012004,N,43.1429238,-77.5487401,11/20/14,8:15,PROPERTY DAMAGE AND INJURY,1,0,2,COLLISION WITH OTHER BARRIER,HEAD ON,NONE,DAYLIGHT,CLEAR,SLUSH
13984,35645471,MONROE,Rochester,1,,Y,43.1784960,-77.6135050,10/22/14,9:10,PROPERTY DAMAGE AND INJURY,2,0,2,COLLISION WITH MOTOR VEHICLE,RIGHT ANGLE,STOP SIGN,DAYLIGHT,CLEAR,DRY
13984,34894777,MONROE,Rochester,1,,N,43.1600670,-77.6076169,8/9/13,10:10,PROPERTY DAMAGE AND INJURY,1,0,2,COLLISION WITH MOTOR VEHICLE,RIGHT ANGLE,TRAFFIC SIGNAL,DAYLIGHT,RAIN,WET
13984,34960160,MONROE,Chili,3,,N,43.1264313,-77.7887587,10/10/13,9:17,INJURY,1,0,1,OVERTURNED,OTHER,NONE,DAYLIGHT,CLEAR,DRY
13984,34920081,MONROE,Rochester,1, 31 43032002,N,43.1644070,-77.6723340,9/8/13,21:29,INJURY,1,0,2,COLLISION WITH MOTOR VEHICLE,REAR END,NONE,DARK-ROAD LIGHTED,CLOUDY,WET
13984,34885759,MONROE,Webster,3,,N,43.2104822,-77.4466501,8/11/13,14:57,INJURY,1,0,2,COLLISION WITH MOTOR VEHICLE,REAR END,TRAFFIC SIGNAL,DAYLIGHT,CLEAR,DRY
13984,34963846,MONROE,Hamlin,3, 19 43041116,N,43.2953055,-77.9207751,10/12/13,17:09,INJURY,1,0,2,COLLISION WITH MOTOR VEHICLE,LEFT TURN (AGAINST OTHER CAR),TRAFFIC SIGNAL,DAYLIGHT,CLEAR,DRY
13984,35207921,MONROE,Gates,3,390I43037008,N,43.1407613,-77.6698168,4/6/14,5:15,PROPERTY DAMAGE AND INJURY,1,0,1,COLL. W/LIGHT SUPPORT/UTILITY POLE,OTHER,NONE,DARK-ROAD LIGHTED,CLEAR,DRY
13984,34975091,MONROE,Gates,3, 33 43031108,Y,43.1430980,-77.7360221,10/24/13,10:40,PROPERTY DAMAGE AND INJURY,1,0,2,COLLISION WITH MOTOR VEHICLE,REAR END,TRAFFIC SIGNAL,DAYLIGHT,CLEAR,DRY
13984,35027558,MONROE,Rochester,1,490I43022010,N,43.1571274,-77.6543295,11/19/13,14:55,PROPERTY DAMAGE AND INJURY,1,0,2,COLLISION WITH MOTOR VEHICLE,REAR END,NONE,DAYLIGHT,CLEAR,DRY
13984,34859586,MONROE,Irondequoit,3,104 43033004,N,43.1962440,-77.5767700,7/22/13,6:40,INJURY,1,0,1,OVERTURNED,OTHER,TRAFFIC SIGNAL,DAYLIGHT,CLOUDY,DRY
13984,35489132,MONROE,Mendon,3, 15A43041012,Y,42.9603576,-77.6201840,11/20/14,15:09,PROPERTY DAMAGE AND INJURY,4,0,2,COLLISION WITH MOTOR VEHICLE,RIGHT ANGLE,STOP SIGN,DAYLIGHT,SNOW,SNOW/ICE