QUERYID,CASE #,REGN_CNTY_CDE,Municipality,MUNITYPE,REF_MRKR,ATINTERSECTION_IND,Lat,Long,,Time,Crash Type,Injuries,Fatalities,Number of Vehicles,ACCD_TYP,COLLISION_TYP,TRAF_CNTL,Light Condition,Weather Condition,Road Surface Condition
13984,34971282,MONROE,Brighton,3,,Y,43.1034630,-77.6758850,10/22/13,9:52,INJURY,2,0,2,COLLISION WITH MOTOR VEHICLE,RIGHT ANGLE,STOP SIGN,DAYLIGHT,CLOUDY,DRY
13984,34800468,MONROE,Webster,3,404 43035071,N,43.2040111,-77.4856882,6/2/13,13:49,PROPERTY DAMAGE AND INJURY,1,0,2,COLLISION WITH MOTOR VEHICLE,REAR END,NONE,DAYLIGHT,CLEAR,DRY
13984,35566762,MONROE,Henrietta,3,,N,43.0682619,-77.6320760,11/11/14,17:17,INJURY,1,0,2,COLLISION WITH MOTOR VEHICLE,REAR END,NONE,DARK-ROAD UNLIGHTED,CLEAR,DRY
13984,35487128,MONROE,Greece,3,,N,43.2236785,-77.6964350,11/24/14,17:02,PROPERTY DAMAGE AND INJURY,1,0,2,COLLISION WITH MOTOR VEHICLE,REAR END,NONE,DUSK,CLOUDY,WET
13984,34750817,MONROE,Gates,3, 31 43031181,N,43.1647895,-77.6905863,4/28/13,20:35,PROPERTY DAMAGE AND INJURY,1,0,3,COLLISION WITH MOTOR VEHICLE,OTHER,NONE,DARK-ROAD LIGHTED,RAIN,WET
13984,34832205,MONROE,Parma,3,104 43031128,Y,43.2174070,-77.7526830,5/25/13,10:01,INJURY,1,0,3,COLLISION WITH MOTOR VEHICLE,OTHER,TRAFFIC SIGNAL,DAYLIGHT,CLEAR,DRY
13984,34983773,MONROE,Perinton,3,,N,43.0506363,-77.4195074,10/20/13,16:18,PROPERTY DAMAGE AND INJURY,1,0,1,COLLISION WITH OTHER FIXED OBJECT,OTHER,NONE,DAYLIGHT,CLOUDY,DRY
13984,35332983,MONROE,Irondequoit,3,,Y,43.1975775,-77.5847198,7/18/14,18:26,INJURY,2,0,2,COLLISION WITH MOTOR VEHICLE,REAR END,TRAFFIC SIGNAL,DAYLIGHT,CLEAR,DRY
13984,35446426,MONROE,Rochester,1,490I43022031,N,43.1523528,-77.6160040,10/27/14,7:59,PROPERTY DAMAGE AND INJURY,1,0,2,COLLISION WITH MOTOR VEHICLE,REAR END,NONE,DAYLIGHT,CLEAR,DRY
13984,35166177,MONROE,Rochester,1, 96 43052030,Y,43.1569180,-77.6018280,3/6/14,14:50,INJURY,1,0,1,COLLISION WITH PEDESTRIAN,OTHER,NONE,DAYLIGHT,CLEAR,DRY
13984,34995582,MONROE,Spencerport,4,259 43011067,N,43.1893086,-77.8017795,11/8/13,17:20,PROPERTY DAMAGE AND INJURY,2,0,3,COLLISION WITH MOTOR VEHICLE,OTHER,NONE,DARK-ROAD LIGHTED,CLOUDY,DRY
13984,34743470,MONROE,Rochester,1,383 43012019,Y,43.1436460,-77.6181250,4/19/13,16:00,INJURY,1,0,1,COLLISION WITH PEDESTRIAN,OTHER,NONE,DAYLIGHT,RAIN,WET
13984,34762515,MONROE,Greece,3,,Y,43.2236810,-77.6968100,3/27/13,18:12,PROPERTY DAMAGE AND INJURY,2,0,2,COLLISION WITH MOTOR VEHICLE,RIGHT ANGLE,TRAFFIC SIGNAL,DAYLIGHT,RAIN,WET
13984,35091435,MONROE,Chili,3,,N,43.1138056,-77.7456313,1/19/14,11:30,PROPERTY DAMAGE AND INJURY,2,0,2,COLLISION WITH MOTOR VEHICLE,REAR END,NONE,DAYLIGHT,CLOUDY,WET
13984,35512126,MONROE,Greece,3,,Y,43.2053910,-77.7163090,12/12/14,15:38,INJURY,1,0,2,COLLISION WITH MOTOR VEHICLE,OTHER,NONE,DAYLIGHT,CLOUDY,SNOW/ICE
13984,35065494,MONROE,Greece,3,,N,43.1893285,-77.7014883,1/2/14,12:08,INJURY,1,0,2,COLLISION WITH MOTOR VEHICLE,OVERTAKING,TRAFFIC SIGNAL,DAYLIGHT,SNOW,SNOW/ICE
13984,34927184,MONROE,Sweden,3,,N,43.2120154,-77.8947154,9/13/13,18:07,PROPERTY DAMAGE AND INJURY,1,0,1,COLL. W/EARTH ELE./ROCK CUT/DITCH,OTHER,NO PASSING ZONE,DAYLIGHT,CLOUDY,WET
13984,35447437,MONROE,Brighton,3,,N,43.1060146,-77.6168702,10/28/14,16:53,PROPERTY DAMAGE AND INJURY,1,0,2,COLLISION WITH MOTOR VEHICLE,LEFT TURN (AGAINST OTHER CAR),NONE,DAYLIGHT,CLOUDY,DRY
13984,34874326,MONROE,Gates,3,490I43021172,N,43.1571603,-77.6921844,8/1/13,8:39,PROPERTY DAMAGE AND INJURY,2,0,3,COLLISION WITH MOTOR VEHICLE,OTHER,NONE,DAYLIGHT,RAIN,WET
13984,34977289,MONROE,Irondequoit,3,,N,43.2034081,-77.6151793,10/25/13,19:00,PROPERTY DAMAGE AND INJURY,2,0,2,COLLISION WITH MOTOR VEHICLE,OTHER,NONE,DARK-ROAD UNLIGHTED,RAIN,WET
13984,35227429,MONROE,Greece,3,,Y,43.2384060,-77.6879240,4/17/14,15:28,INJURY,1,0,2,COLLISION WITH MOTOR VEHICLE,REAR END,NONE,DAYLIGHT,CLEAR,DRY
13984,34796540,MONROE,Rochester,1,104 43032028,N,43.1915056,-77.6104103,6/2/13,5:30,PROPERTY DAMAGE AND INJURY,1,0,1,COLLISION WITH OTHER,OTHER,HIGHWAY WORK AREA,DAWN,RAIN,WET
13984,34764320,MONROE,Brighton,3,390I43031142,N,43.1083576,-77.6177566,5/7/13,16:35,PROPERTY DAMAGE AND INJURY,1,0,2,COLLISION WITH MOTOR VEHICLE,REAR END,NONE,DAYLIGHT,CLEAR,DRY
13984,35010476,MONROE,Pittsford,3, 31F43011011,N,43.1079232,-77.4988322,11/15/13,22:15,PROPERTY DAMAGE AND INJURY,1,0,2,COLLISION WITH MOTOR VEHICLE,REAR END,TRAFFIC SIGNAL,DARK-ROAD LIGHTED,CLEAR,DRY
13984,34969292,MONROE,Rush,3, 15A43041038,N,42.9903284,-77.6365069,10/18/13,15:59,INJURY,1,0,1,COLLISION WITH BICYCLIST,OTHER,NONE,DAYLIGHT,CLEAR,DRY
13984,35478993,MONROE,Ogden,3, 31 43031084,N,43.1886855,-77.8735902,11/20/14,6:59,INJURY,1,0,1,COLLISION WITH GUIDE RAIL,OTHER,NONE,DAYLIGHT,CLOUDY,SLUSH
13984,35530538,MONROE,Rochester,1,,Y,43.1947550,-77.6388630,12/19/14,21:27,INJURY,1,0,3,COLLISION WITH MOTOR VEHICLE,OTHER,NONE,DARK-ROAD LIGHTED,CLEAR,WET
13984,35426895,MONROE,Brighton,3,441 43011105,Y,43.1280560,-77.5214689,10/6/14,12:06,INJURY,1,0,3,COLLISION WITH MOTOR VEHICLE,OTHER,TRAFFIC SIGNAL,DAYLIGHT,CLEAR,DRY
13984,35119133,MONROE,Penfield,3,,N,43.1312400,-77.4639639,1/29/14,17:20,INJURY,1,0,2,COLLISION WITH MOTOR VEHICLE,REAR END,TRAFFIC SIGNAL,DUSK,CLOUDY,DRY
13984,35359876,MONROE,Greece,3,947A43021200,N,43.2668309,-77.6596661,8/10/14,18:32,PROPERTY DAMAGE AND INJURY,1,0,1,COLL. W/EARTH ELE./ROCK CUT/DITCH,OTHER,NONE,DAYLIGHT,CLEAR,DRY
13984,35309549,MONROE,Irondequoit,3,,Y,43.2115780,-77.5690379,6/23/14,7:41,PROPERTY DAMAGE AND INJURY,2,0,4,COLLISION WITH MOTOR VEHICLE,OTHER,NO PASSING ZONE,DAYLIGHT,CLEAR,DRY
13984,34832206,MONROE,Perinton,3,,N,43.1033369,-77.4256242,6/18/13,16:14,PROPERTY DAMAGE AND INJURY,1,0,1,COLL. W/LIGHT SUPPORT/UTILITY POLE,OTHER,NONE,DAYLIGHT,CLEAR,DRY
13984,35014384,MONROE,Rochester,1,,N,43.1601023,-77.5956663,11/12/13,16:17,INJURY,1,0,2,COLLISION WITH MOTOR VEHICLE,REAR END,TRAFFIC SIGNAL,DAYLIGHT,CLOUDY,WET
13984,35164915,MONROE,Rochester,1,,N,43.1170873,-77.6205035,3/3/14,12:07,PROPERTY DAMAGE AND INJURY,1,0,2,COLLISION WITH MOTOR VEHICLE,LEFT TURN (WITH OTHER CAR),NONE,DAYLIGHT,SNOW,SNOW/ICE
13984,35334506,MONROE,Rochester,1,383 43012020,Y,43.1427380,-77.6161810,7/17/14,16:15,INJURY,1,0,2,COLLISION WITH MOTOR VEHICLE,LEFT TURN (AGAINST OTHER CAR),TRAFFIC SIGNAL,DAYLIGHT,CLEAR,DRY
13984,35475549,MONROE,Greece,3,,Y,43.2145191,-77.7317665,11/14/14,8:14,INJURY,1,0,2,COLLISION WITH MOTOR VEHICLE,REAR END,TRAFFIC SIGNAL,DAYLIGHT,SNOW,WET
13984,34892904,MONROE,Rochester,1,,Y,43.1809850,-77.5914520,7/31/13,19:28,PROPERTY DAMAGE AND INJURY,2,0,2,COLLISION WITH MOTOR VEHICLE,RIGHT ANGLE,TRAFFIC SIGNAL,DAYLIGHT,CLOUDY,DRY
13984,35507611,MONROE,Gates,3,,Y,43.1646600,-77.7015550,12/9/14,17:10,PROPERTY DAMAGE AND INJURY,1,0,2,COLLISION WITH MOTOR VEHICLE,REAR END,TRAFFIC SIGNAL,DARK-ROAD LIGHTED,CLOUDY,DRY
13984,35033277,MONROE,Brighton,3, 15 43031127,N,43.1113441,-77.6241219,12/5/13,13:32,INJURY,1,0,2,COLLISION WITH MOTOR VEHICLE,REAR END,NONE,DAYLIGHT,CLOUDY,DRY
13984,34878060,MONROE,Rochester,1,,Y,43.1646350,-77.6277700,8/4/13,11:52,PROPERTY DAMAGE AND INJURY,3,0,3,COLLISION WITH MOTOR VEHICLE,OTHER,NONE,DAYLIGHT,CLEAR,DRY
13984,34819297,MONROE,Wheatland,3,,Y,43.0240665,-77.7917069,6/16/13,14:15,PROPERTY DAMAGE AND INJURY,3,0,2,COLLISION WITH MOTOR VEHICLE,REAR END,STOP SIGN,DAYLIGHT,CLOUDY,WET
13984,34697931,MONROE,Rochester,1,,N,43.1537542,-77.5950724,3/16/13,15:56,INJURY,1,0,1,COLLISION WITH PEDESTRIAN,OTHER,NONE,DAYLIGHT,CLEAR,DRY
13984,34987648,MONROE,Rochester,1,,N,43.1468625,-77.5545207,11/1/13,23:00,PROPERTY DAMAGE AND INJURY,1,0,1,COLLISION WITH BRIDGE STRUCTURE,OTHER,OTHER,DARK-ROAD LIGHTED,RAIN,WET
13984,35406391,MONROE,Brighton,3, 31 43033001,N,43.1356162,-77.5748057,9/22/14,15:23,PROPERTY DAMAGE AND INJURY,1,0,3,COLLISION WITH MOTOR VEHICLE,OTHER,NONE,DAYLIGHT,CLOUDY,DRY
13984,34788488,MONROE,Irondequoit,3,590 43013000,N,43.1679988,-77.5387298,5/15/13,17:00,PROPERTY DAMAGE AND INJURY,1,0,3,COLLISION WITH MOTOR VEHICLE,OTHER,NONE,DAYLIGHT,CLEAR,DRY
13984,35075377,MONROE,Irondequoit,3,,Y,43.1990780,-77.5770220,1/7/14,18:00,PROPERTY DAMAGE AND INJURY,1,0,2,COLLISION WITH MOTOR VEHICLE,REAR END,TRAFFIC SIGNAL,DARK-ROAD LIGHTED,CLOUDY,WET
13984,35479045,MONROE,Brighton,3, 15A43041128,N,43.1080070,-77.6159370,11/20/14,21:39,PROPERTY DAMAGE AND INJURY,2,0,2,COLLISION WITH MOTOR VEHICLE,REAR END,TRAFFIC SIGNAL,DARK-ROAD LIGHTED,CLEAR,DRY
13984,34768831,MONROE,Gates,3,390I43037008,N,43.1406273,-77.6692876,5/6/13,7:59,INJURY,1,0,2,COLLISION WITH MOTOR VEHICLE,REAR END,NONE,DAYLIGHT,CLEAR,DRY
13984,34899471,MONROE,Rochester,1,,Y,43.1661870,-77.5627850,8/17/13,17:00,INJURY,1,0,1,COLLISION WITH BICYCLIST,OTHER,TRAFFIC SIGNAL,DAYLIGHT,CLEAR,DRY
13984,35507116,MONROE,Rochester,1,,Y,43.1427960,-77.6289690,11/20/14,12:00,INJURY,1,0,2,COLLISION WITH MOTOR VEHICLE,REAR END,TRAFFIC SIGNAL,DAYLIGHT,SNOW,SNOW/ICE
13984,35332973,MONROE,Perinton,3, 31F43011070,Y,43.0940380,-77.3974040,6/28/14,16:40,PROPERTY DAMAGE AND INJURY,2,0,2,COLLISION WITH MOTOR VEHICLE,REAR END,NONE,DAYLIGHT,CLEAR,DRY
13984,34770761,MONROE,Rochester,1,,Y,43.1864530,-77.6137910,5/12/13,10:14,PROPERTY DAMAGE AND INJURY,1,0,2,COLLISION WITH MOTOR VEHICLE,LEFT TURN (WITH OTHER CAR),TRAFFIC SIGNAL,DAYLIGHT,CLEAR,DRY
13984,34697878,MONROE,Honeoye Falls,4, 65 43031008,Y,42.9528430,-77.5909701,3/13/13,19:46,INJURY,1,0,1,COLLISION WITH PEDESTRIAN,OTHER,TRAFFIC SIGNAL,DARK-ROAD LIGHTED,CLOUDY,DRY
13984,35115924,MONROE,Ogden,3,,N,43.1604650,-77.7538411,2/1/14,14:43,PROPERTY DAMAGE AND INJURY,2,0,2,COLLISION WITH MOTOR VEHICLE,RIGHT ANGLE,TRAFFIC SIGNAL,DAYLIGHT,SNOW,WET
13984,35428092,MONROE,Greece,3,,N,43.1896568,-77.7014854,10/9/14,13:48,PROPERTY DAMAGE AND INJURY,4,0,2,COLLISION WITH MOTOR VEHICLE,RIGHT ANGLE,NONE,DAYLIGHT,CLEAR,DRY
13984,35156940,MONROE,Penfield,3,441 43011052,Y,43.1308270,-77.4413170,2/18/14,21:17,INJURY,1,0,3,COLLISION WITH MOTOR VEHICLE,OTHER,TRAFFIC SIGNAL,DARK-ROAD LIGHTED,CLOUDY,DRY
13984,35518779,MONROE,Pittsford,3, 31F43011007,Y,43.1102663,-77.5060450,12/18/14,10:35,PROPERTY DAMAGE AND INJURY,2,0,2,COLLISION WITH MOTOR VEHICLE,REAR END,TRAFFIC SIGNAL,DAYLIGHT,CLOUDY,DRY
13984,35500212,MONROE,Rochester,1, 15 43032028,Y,43.1551310,-77.6055170,11/24/14,18:40,INJURY,1,0,2,COLLISION WITH MOTOR VEHICLE,RIGHT ANGLE,TRAFFIC SIGNAL,DARK-ROAD LIGHTED,CLOUDY,DRY
13984,35332958,MONROE,Parma,3,,N,43.2730849,-77.8082727,7/14/14,18:10,INJURY,1,0,1,COLLISION WITH OTHER FIXED OBJECT,OTHER,NONE,DAYLIGHT,CLEAR,DRY
13984,35114867,MONROE,Greece,3,390 43011042,N,43.2159366,-77.6746078,1/23/14,21:26,INJURY,1,0,1,COLL. W/EARTH ELE./ROCK CUT/DITCH,OTHER,NONE,DARK-ROAD UNLIGHTED,SNOW,SNOW/ICE
13984,34955805,MONROE,Penfield,3,,Y,43.1677650,-77.4847290,10/9/13,7:04,PROPERTY DAMAGE AND INJURY,2,0,2,COLLISION WITH MOTOR VEHICLE,RIGHT ANGLE,STOP SIGN,DAYLIGHT,CLEAR,DRY
13984,35422117,MONROE,Sweden,3, 19 43041049,N,43.2028433,-77.9423113,10/3/14,19:20,INJURY,1,0,1,COLLISION WITH BICYCLIST,OTHER,NONE,DARK-ROAD LIGHTED,CLOUDY,WET
13984,35042043,MONROE,Penfield,3,441 43011124,N,43.1276829,-77.4937608,12/14/13,14:34,INJURY,1,0,1,COLLISION WITH GUIDE RAIL,OTHER,NONE,DAYLIGHT,SNOW,SNOW/ICE
13984,35221457,MONROE,Rochester,1,940M43011012,Y,43.1809370,-77.6317380,4/9/14,18:48,PROPERTY DAMAGE AND INJURY,1,0,2,COLLISION WITH MOTOR VEHICLE,OVERTAKING,TRAFFIC SIGNAL,DAYLIGHT,CLEAR,DRY
13984,34862688,MONROE,Rochester,1,490I43022007,N,43.1572533,-77.6599782,7/21/13,13:55,PROPERTY DAMAGE AND INJURY,1,0,1,COLLISION WITH GUIDE RAIL,OTHER,NONE,DAYLIGHT,CLEAR,DRY
13984,35175658,MONROE,Webster,3,404 43035064,N,43.1999965,-77.4985418,3/11/14,13:53,PROPERTY DAMAGE AND INJURY,3,0,2,COLLISION WITH MOTOR VEHICLE,LEFT TURN (WITH OTHER CAR),NONE,DAYLIGHT,CLEAR,DRY
13984,34740026,MONROE,Perinton,3, 31 43033089,N,43.0685506,-77.4331564,4/11/13,17:28,PROPERTY DAMAGE AND INJURY,1,0,4,COLLISION WITH MOTOR VEHICLE,OTHER,NONE,DAYLIGHT,RAIN,WET
13984,35344483,MONROE,Ogden,3,,N,43.1961290,-77.8168875,7/20/14,4:30,PROPERTY DAMAGE AND INJURY,1,0,1,COLLISION WITH TREE,OTHER,NO PASSING ZONE,DARK-ROAD UNLIGHTED,RAIN,WET
13984,34971069,MONROE,Rochester,1,,N,43.1754541,-77.5904836,10/12/13,3:40,INJURY,1,0,1,COLL. W/LIGHT SUPPORT/UTILITY POLE,OTHER,NONE,DARK-ROAD LIGHTED,CLEAR,DRY
13984,34854607,MONROE,Brighton,3,,Y,43.1266070,-77.5596520,7/17/13,17:34,INJURY,1,0,4,COLLISION WITH MOTOR VEHICLE,OTHER,NO PASSING ZONE,DAYLIGHT,CLEAR,DRY
13984,35053142,MONROE,Webster,3,,Y,43.2148482,-77.4466127,12/21/13,21:25,PROPERTY DAMAGE AND INJURY,3,0,2,COLLISION WITH MOTOR VEHICLE,RIGHT ANGLE,TRAFFIC SIGNAL,DARK-ROAD LIGHTED,RAIN,WET
13984,35426890,MONROE,Penfield,3,404 43035041,N,43.1755515,-77.5222182,10/1/14,21:01,INJURY,1,0,1,RAN OFF ROAD ONLY,OTHER,NONE,DARK-ROAD LIGHTED,CLEAR,DRY
13984,35274033,MONROE,Gates,3, 33 43031105,Y,43.1419460,-77.7415350,5/24/14,22:04,PROPERTY DAMAGE AND INJURY,2,0,2,COLLISION WITH MOTOR VEHICLE,RIGHT ANGLE,STOP SIGN,DARK-ROAD LIGHTED,CLEAR,DRY
13984,34839322,MONROE,Rochester,1,940M43011008,Y,43.1757100,-77.6301080,6/26/13,17:25,INJURY,1,0,1,COLLISION WITH PEDESTRIAN,OTHER,TRAFFIC SIGNAL,DAYLIGHT,CLEAR,DRY
13984,34760291,MONROE,Rochester,1,,Y,43.1864050,-77.6163340,4/30/13,20:58,PROPERTY DAMAGE AND INJURY,1,0,2,COLLISION WITH MOTOR VEHICLE,RIGHT ANGLE,NONE,DARK-ROAD LIGHTED,CLEAR,DRY
13984,35103972,MONROE,Pittsford,3,490I43023037,N,43.1038505,-77.5052245,1/25/14,11:33,PROPERTY DAMAGE AND INJURY,1,0,1,COLLISION WITH OTHER,OTHER,NONE,DAYLIGHT,CLOUDY,DRY
13984,34823427,MONROE,Brighton,3,490I43023004,N,43.1400154,-77.5403065,5/29/13,6:30,INJURY,1,0,1,COLLISION WITH GUIDE RAIL,OTHER,NONE,DAWN,RAIN,WET
13984,35305558,MONROE,Chili,3,490I43021087,N,43.0931269,-77.8126021,6/25/14,21:00,PROPERTY DAMAGE AND INJURY,1,0,1,COLLISION WITH DEER,OTHER,NONE,DUSK,CLEAR,DRY
13984,35106718,MONROE,Brighton,3,590 43011006,N,43.1504760,-77.5391643,1/23/14,23:30,PROPERTY DAMAGE AND INJURY,1,0,3,COLLISION WITH MOTOR VEHICLE,OTHER,NONE,DARK-ROAD LIGHTED,SNOW,SNOW/ICE
13984,34780760,MONROE,Webster,3,,N,43.2156440,-77.4460044,5/14/13,15:32,PROPERTY DAMAGE AND INJURY,2,0,3,COLLISION WITH MOTOR VEHICLE,OTHER,TRAFFIC SIGNAL,DAYLIGHT,CLEAR,DRY
13984,35201273,MONROE,Brighton,3,,Y,43.1266860,-77.5571790,4/1/14,15:45,PROPERTY DAMAGE AND INJURY,2,0,2,COLLISION WITH MOTOR VEHICLE,REAR END,NONE,DAYLIGHT,CLOUDY,DRY
13984,34849573,MONROE,Greece,3,,Y,43.2238088,-77.6590434,6/26/13,15:20,INJURY,1,0,1,COLLISION WITH BICYCLIST,OTHER,NONE,DAYLIGHT,RAIN,WET
13984,35202079,MONROE,Perinton,3,490I43023079,N,43.0521655,-77.4685416,3/29/14,19:56,PROPERTY DAMAGE AND INJURY,1,0,1,COLLISION WITH GUIDE RAIL,OTHER,NONE,DARK-ROAD LIGHTED,RAIN,WET
13984,35525077,MONROE,Henrietta,3,,N,43.0910203,-77.6799705,12/3/14,8:43,INJURY,1,0,1,COLLISION WITH BICYCLIST,OTHER,NONE,DAYLIGHT,CLOUDY,WET
13984,35094424,MONROE,Pittsford,3,,N,43.1166330,-77.5096070,1/20/14,8:55,PROPERTY DAMAGE AND INJURY,2,0,2,COLLISION WITH MOTOR VEHICLE,REAR END,NONE,DAYLIGHT,SNOW,SNOW/ICE
13984,35149816,MONROE,Rochester,1,,N,43.1794893,-77.6079003,2/10/14,17:31,PROPERTY DAMAGE AND INJURY,2,0,3,COLLISION WITH MOTOR VEHICLE,OTHER,NONE,DAYLIGHT,CLOUDY,WET
13984,35115882,MONROE,Brighton,3,252 43011054,Y,43.0926100,-77.6659621,1/29/14,13:59,INJURY,1,0,2,COLLISION WITH MOTOR VEHICLE,RIGHT ANGLE,TRAFFIC SIGNAL,DAYLIGHT,CLEAR,DRY
13984,35380210,MONROE,Greece,3,390 43011018,N,43.1822732,-77.6836986,8/28/14,11:39,PROPERTY DAMAGE AND INJURY,1,0,1,OTHER NON-COLLISION,OTHER,NONE,DAYLIGHT,CLOUDY,DRY
13984,34981824,MONROE,Rochester,1, 33A43022009,Y,43.1463210,-77.6480040,10/24/13,22:06,PROPERTY DAMAGE AND INJURY,1,0,3,COLLISION WITH MOTOR VEHICLE,OTHER,NONE,DARK-ROAD LIGHTED,CLOUDY,WET
13984,34828164,MONROE,Pittsford,4, 31 43033042,Y,43.0923328,-77.5194956,6/13/13,14:07,INJURY,1,0,2,COLLISION WITH MOTOR VEHICLE,REAR END,NO PASSING ZONE,DAYLIGHT,RAIN,WET
13984,35042008,MONROE,Perinton,3,,N,43.1105324,-77.4648331,12/12/13,8:10,INJURY,1,0,2,COLLISION WITH MOTOR VEHICLE,REAR END,NONE,DAYLIGHT,CLEAR,WET
13984,35142475,MONROE,Penfield,3,404 43035057,Y,43.1898660,-77.5039131,2/17/14,16:50,PROPERTY DAMAGE AND INJURY,1,0,2,COLLISION WITH MOTOR VEHICLE,RIGHT ANGLE,STOP SIGN,DAYLIGHT,CLEAR,DRY
13984,35137016,MONROE,Penfield,3,441 43011051,N,43.1294560,-77.4449440,2/7/14,15:21,PROPERTY DAMAGE AND INJURY,1,0,2,COLLISION WITH MOTOR VEHICLE,RIGHT ANGLE,STOP SIGN,DAYLIGHT,CLOUDY,DRY
13984,35445034,MONROE,Rochester,1,,Y,43.1792540,-77.6481980,10/26/14,9:19,PROPERTY DAMAGE AND INJURY,1,0,2,COLLISION WITH MOTOR VEHICLE,LEFT TURN (WITH OTHER CAR),TRAFFIC SIGNAL,DAYLIGHT,CLOUDY,DRY
13984,35068089,MONROE,Perinton,3,490I43023089,N,43.0385516,-77.4611458,1/3/14,9:39,PROPERTY DAMAGE AND INJURY,1,0,1,COLLISION WITH GUIDE RAIL,OTHER,NONE,DAYLIGHT,CLEAR,SNOW/ICE
13984,35185682,MONROE,Henrietta,3,,Y,43.0957480,-77.5860240,3/16/14,23:40,PROPERTY DAMAGE AND INJURY,1,0,2,COLLISION WITH MOTOR VEHICLE,REAR END,TRAFFIC SIGNAL,DARK-ROAD UNLIGHTED,CLEAR,DRY
13984,34743508,MONROE,Pittsford,4, 31 43033045,Y,43.0900860,-77.5130100,4/21/13,13:24,PROPERTY DAMAGE AND INJURY,2,0,3,COLLISION WITH MOTOR VEHICLE,OTHER,TRAFFIC SIGNAL,DAYLIGHT,CLEAR,DRY
13984,34927170,MONROE,Henrietta,3, 15A43041115,Y,43.0908110,-77.6105760,9/13/13,20:49,INJURY,1,0,1,COLLISION WITH BICYCLIST,OTHER,TRAFFIC SIGNAL,DARK-ROAD LIGHTED,RAIN,WET
13984,34953084,MONROE,Rochester,1,,N,43.1859097,-77.6388805,9/25/13,15:58,INJURY,1,0,1,COLLISION WITH BICYCLIST,OTHER,NONE,DAYLIGHT,CLEAR,DRY
13984,34723516,MONROE,Penfield,3,,Y,43.1436430,-77.4279770,4/2/13,17:12,PROPERTY DAMAGE AND INJURY,1,0,2,COLLISION WITH MOTOR VEHICLE,RIGHT ANGLE,STOP SIGN,DAYLIGHT,CLOUDY,WET
13984,34877052,MONROE,Rochester,1,,Y,43.1792120,-77.6590790,8/1/13,14:58,PROPERTY DAMAGE AND INJURY,1,0,2,COLLISION WITH MOTOR VEHICLE,REAR END,NONE,DAYLIGHT,CLOUDY,DRY
13984,35392974,MONROE,Chili,3, 33A43021076,Y,43.0930310,-77.7980740,9/7/14,12:41,PROPERTY DAMAGE AND INJURY,1,0,2,COLLISION WITH MOTOR VEHICLE,LEFT TURN (AGAINST OTHER CAR),TRAFFIC SIGNAL,DAYLIGHT,CLEAR,DRY
13984,35218272,MONROE,Rochester,1,,Y,43.1535290,-77.6315540,4/6/14,16:17,INJURY,2,0,2,COLLISION WITH MOTOR VEHICLE,HEAD ON,NONE,DAYLIGHT,CLEAR,DRY
13984,35449383,MONROE,Rochester,1,,Y,43.1811230,-77.6251860,10/25/14,9:55,INJURY,1,0,1,COLLISION WITH BICYCLIST,OTHER,TRAFFIC SIGNAL,DAYLIGHT,CLEAR,DRY
13984,34758037,MONROE,Brighton,3,286A43011002,N,43.1492740,-77.5401499,5/2/13,13:42,PROPERTY DAMAGE AND INJURY,1,0,2,COLLISION WITH MOTOR VEHICLE,LEFT TURN (AGAINST OTHER CAR),TRAFFIC SIGNAL,DAYLIGHT,CLEAR,DRY
13984,35403441,MONROE,Rochester,1,,Y,43.2496684,-77.6147813,9/8/14,16:47,INJURY,2,0,2,COLLISION WITH MOTOR VEHICLE,REAR END,NONE,DAYLIGHT,CLEAR,DRY
13984,35020118,MONROE,Chili,3, 33 43031068,N,43.1198571,-77.8053197,11/19/13,17:08,INJURY,1,0,1,COLLISION WITH BICYCLIST,OTHER,TRAFFIC SIGNAL,DARK-ROAD LIGHTED,CLEAR,DRY
13984,35046132,MONROE,Rochester,1,940M43011012,Y,43.1809370,-77.6317380,12/8/13,19:25,INJURY,1,0,2,COLLISION WITH MOTOR VEHICLE,RIGHT TURN (WITH OTHER CAR),TRAFFIC SIGNAL,DARK-ROAD LIGHTED,CLEAR,DRY
13984,35375775,MONROE,Greece,3,,N,43.2072250,-77.6790280,8/23/14,20:19,PROPERTY DAMAGE AND INJURY,6,0,2,COLLISION WITH MOTOR VEHICLE,RIGHT ANGLE,TRAFFIC SIGNAL,DARK-ROAD LIGHTED,CLOUDY,DRY
13984,35309555,MONROE,Brighton,3,,Y,43.1257320,-77.5880500,6/26/14,12:33,INJURY,1,0,1,COLLISION WITH BICYCLIST,OTHER,STOP SIGN,DAYLIGHT,CLEAR,DRY