QUERYID,CASE #,REGN_CNTY_CDE,Municipality,MUNITYPE,REF_MRKR,ATINTERSECTION_IND,Lat,Long,,Time,Crash Type,Injuries,Fatalities,Number of Vehicles,ACCD_TYP,COLLISION_TYP,TRAF_CNTL,Light Condition,Weather Condition,Road Surface Condition
13984,34990129,MONROE,Gates,3,204 43011022,N,43.1306550,-77.6840229,11/1/13,23:10,INJURY,1,0,1,COLLISION WITH PEDESTRIAN,OTHER,NONE,DARK-ROAD LIGHTED,RAIN,WET
13984,35227669,MONROE,Rochester,1, 18 43032012,Y,43.2004550,-77.6387230,4/18/14,14:05,PROPERTY DAMAGE AND INJURY,1,0,2,COLLISION WITH MOTOR VEHICLE,LEFT TURN (WITH OTHER CAR),TRAFFIC SIGNAL,DAYLIGHT,CLEAR,DRY
13984,35159505,MONROE,Spencerport,4,,Y,43.1906250,-77.7979300,2/28/14,17:29,PROPERTY DAMAGE AND INJURY,1,0,2,COLLISION WITH MOTOR VEHICLE,RIGHT ANGLE,STOP SIGN,DAYLIGHT,CLOUDY,DRY
13984,35352621,MONROE,Brighton,3,,Y,43.1257570,-77.5874530,8/6/14,13:05,PROPERTY DAMAGE AND INJURY,1,0,3,COLLISION WITH MOTOR VEHICLE,OTHER,NONE,DAYLIGHT,CLEAR,DRY
13984,34702233,MONROE,Rochester,1, 31 43032012,Y,43.1646410,-77.6514569,3/18/13,16:20,PROPERTY DAMAGE AND INJURY,1,0,2,COLLISION WITH MOTOR VEHICLE,RIGHT ANGLE,STOP SIGN,DAYLIGHT,SNOW,WET
13984,35409557,MONROE,Perinton,3, 31 43033085,N,43.0692738,-77.4422155,9/23/14,7:29,PROPERTY DAMAGE AND INJURY,1,0,4,COLLISION WITH MOTOR VEHICLE,OTHER,TRAFFIC SIGNAL,DAYLIGHT,CLEAR,DRY
13984,35514217,MONROE,Rochester,1,,N,43.1803894,-77.6394852,12/11/14,17:08,PROPERTY DAMAGE AND INJURY,1,0,2,COLLISION WITH MOTOR VEHICLE,LEFT TURN (WITH OTHER CAR),NONE,DARK-ROAD LIGHTED,SNOW,SNOW/ICE
13984,35065801,MONROE,Rochester,1,,Y,43.2416380,-77.6202390,1/3/14,13:35,INJURY,1,0,2,COLLISION WITH MOTOR VEHICLE,RIGHT ANGLE,TRAFFIC SIGNAL,DAYLIGHT,CLEAR,SNOW/ICE
13984,35324425,MONROE,Webster,3,104 43035282,N,43.2191222,-77.4142439,7/12/14,9:55,INJURY,1,0,1,COLLISION WITH DEER,OTHER,NONE,DAYLIGHT,CLEAR,DRY
13984,34819309,MONROE,Gates,3,,Y,43.1684610,-77.7240330,6/18/13,14:27,PROPERTY DAMAGE AND INJURY,1,0,1,COLLISION WITH BUILDING/WALL,OTHER,NONE,DAYLIGHT,CLEAR,DRY
13984,35276346,MONROE,Gates,3,940L43011015,Y,43.1526160,-77.6910100,5/31/14,20:52,PROPERTY DAMAGE AND INJURY,3,0,2,COLLISION WITH MOTOR VEHICLE,RIGHT ANGLE,STOP SIGN,DUSK,CLEAR,DRY
13984,34790192,MONROE,Brighton,3, 96 43051087,Y,43.1284510,-77.5289370,5/29/13,11:44,PROPERTY DAMAGE AND INJURY,1,0,2,COLLISION WITH MOTOR VEHICLE,REAR END,TRAFFIC SIGNAL,DAYLIGHT,CLOUDY,DRY
13984,35218201,MONROE,Henrietta,3,,N,43.0835172,-77.6296439,3/26/14,12:19,INJURY,1,0,1,COLLISION WITH PEDESTRIAN,OTHER,NONE,DAYLIGHT,CLOUDY,DRY
13984,35397448,MONROE,Rochester,1,,Y,43.1739250,-77.5748770,9/5/14,8:04,PROPERTY DAMAGE AND INJURY,1,0,2,COLLISION WITH MOTOR VEHICLE,RIGHT ANGLE,STOP SIGN,DAYLIGHT,CLEAR,DRY
13984,35263150,MONROE,Irondequoit,3,,N,43.2116200,-77.5498800,5/19/14,1:25,PROPERTY DAMAGE AND INJURY,1,0,1,COLLISION WITH SIGN POST,OTHER,OTHER,DARK-ROAD UNLIGHTED,CLEAR,DRY
13984,34754994,MONROE,,0,,N,43.0985240,-77.4399198,5/1/13,8:26,PROPERTY DAMAGE AND INJURY,1,0,3,COLLISION WITH MOTOR VEHICLE,OTHER,NONE,DAYLIGHT,CLEAR,DRY
13984,34776485,MONROE,Gates,3,390I43037016,N,43.1491360,-77.6777677,5/15/13,18:11,INJURY,1,0,1,COLLISION WITH MEDIAN/BARRIER,OTHER,NONE,DAYLIGHT,CLEAR,DRY
13984,35094342,MONROE,Rochester,1,940M43011012,Y,43.1809370,-77.6317380,1/16/14,15:14,PROPERTY DAMAGE AND INJURY,1,0,2,COLLISION WITH MOTOR VEHICLE,LEFT TURN (AGAINST OTHER CAR),TRAFFIC SIGNAL,DAYLIGHT,CLEAR,DRY
13984,34957803,MONROE,East Rochester,3, 31F43011016,Y,43.1049590,-77.4891440,10/10/13,16:16,PROPERTY DAMAGE AND INJURY,1,0,2,COLLISION WITH MOTOR VEHICLE,LEFT TURN (AGAINST OTHER CAR),TRAFFIC SIGNAL,DAYLIGHT,CLEAR,DRY
13984,35145827,MONROE,Greece,3,104 43031160,N,43.2094177,-77.6925052,2/9/14,22:26,PROPERTY DAMAGE AND INJURY,1,0,2,COLLISION WITH MOTOR VEHICLE,RIGHT ANGLE,NONE,DARK-ROAD LIGHTED,SNOW,SNOW/ICE
13984,34908425,MONROE,Rochester,1,,N,43.1691210,-77.6070780,8/10/13,16:56,INJURY,1,0,1,COLLISION WITH PEDESTRIAN,OTHER,NONE,DAYLIGHT,CLEAR,DRY
13984,35479756,MONROE,Rochester,1,,Y,43.1612260,-77.6102980,11/3/14,16:16,INJURY,1,0,1,COLLISION WITH BICYCLIST,OTHER,TRAFFIC SIGNAL,DUSK,CLOUDY,DRY
13984,35099345,MONROE,Greece,3,,Y,43.1943190,-77.7014280,1/11/14,16:29,PROPERTY DAMAGE AND INJURY,3,0,2,COLLISION WITH MOTOR VEHICLE,RIGHT ANGLE,TRAFFIC SIGNAL,DAYLIGHT,CLOUDY,WET
13984,35412273,MONROE,Rochester,1,,N,43.1658297,-77.5676478,9/24/14,12:06,PROPERTY DAMAGE AND INJURY,1,0,3,COLLISION WITH MOTOR VEHICLE,OTHER,NONE,DAYLIGHT,CLEAR,DRY
13984,34707312,MONROE,Greece,3,,N,43.2310976,-77.6566522,3/22/13,8:59,INJURY,1,0,2,COLLISION WITH MOTOR VEHICLE,REAR END,NONE,DAYLIGHT,SNOW,SNOW/ICE
13984,34691711,MONROE,Ogden,3,,N,43.1991598,-77.7850391,3/9/13,13:45,INJURY,1,0,1,OVERTURNED,OTHER,NONE,DAYLIGHT,CLEAR,DRY
13984,35258664,MONROE,Irondequoit,3,404 43035038,N,43.1761302,-77.5270528,5/10/14,11:30,PROPERTY DAMAGE AND INJURY,2,0,2,COLLISION WITH MOTOR VEHICLE,LEFT TURN (AGAINST OTHER CAR),NONE,DAYLIGHT,CLOUDY,DRY
13984,35022209,MONROE,Brighton,3,,Y,43.1256120,-77.5928961,11/28/13,9:04,PROPERTY DAMAGE AND INJURY,2,0,2,COLLISION WITH MOTOR VEHICLE,RIGHT ANGLE,TRAFFIC SIGNAL,DAYLIGHT,CLEAR,WET
13984,34833981,MONROE,Greece,3,,N,43.2294435,-77.6531849,6/20/13,0:41,PROPERTY DAMAGE AND INJURY,1,0,3,COLLISION WITH MOTOR VEHICLE,OTHER,NONE,DARK-ROAD LIGHTED,CLEAR,DRY
13984,35068756,MONROE,Irondequoit,3,,N,43.1979493,-77.5471771,12/30/13,9:10,PROPERTY DAMAGE AND INJURY,1,0,1,COLLISION WITH OTHER BARRIER,OTHER,NONE,DAYLIGHT,SNOW,SNOW/ICE
13984,35458938,MONROE,Henrietta,3, 15A43041081,N,43.0424570,-77.6214704,10/26/14,18:53,INJURY,1,0,2,COLLISION WITH MOTOR VEHICLE,REAR END,NONE,DARK-ROAD UNLIGHTED,CLOUDY,DRY
13984,35106673,MONROE,Rochester,1,,Y,43.1927300,-77.6388730,1/22/14,21:45,PROPERTY DAMAGE AND INJURY,1,0,2,COLLISION WITH MOTOR VEHICLE,REAR END,OTHER,DARK-ROAD LIGHTED,CLOUDY,SNOW/ICE
13984,35218279,MONROE,Rochester,1,,Y,43.1144870,-77.6225570,4/8/14,9:54,INJURY,1,0,2,COLLISION WITH MOTOR VEHICLE,LEFT TURN (WITH OTHER CAR),TRAFFIC SIGNAL,DAYLIGHT,CLOUDY,WET
13984,35330445,MONROE,Greece,3,386 43011010,Y,43.1899940,-77.7320180,7/16/14,13:44,PROPERTY DAMAGE AND INJURY,3,0,3,COLLISION WITH MOTOR VEHICLE,OTHER,NONE,DAYLIGHT,CLOUDY,DRY
13984,35272242,MONROE,Rochester,1,590I43012004,N,43.1431880,-77.5479460,5/27/14,7:45,INJURY,1,0,3,COLLISION WITH MOTOR VEHICLE,OTHER,NONE,DAYLIGHT,CLEAR,DRY
13984,35389315,MONROE,Rochester,1,,Y,43.1465020,-77.6360530,8/7/14,11:37,INJURY,1,0,2,COLLISION WITH MOTOR VEHICLE,REAR END,TRAFFIC SIGNAL,DAYLIGHT,CLEAR,DRY
13984,34926931,MONROE,Rochester,1,,N,43.1432864,-77.5751935,9/9/13,18:05,PROPERTY DAMAGE AND INJURY,1,0,2,COLLISION WITH MOTOR VEHICLE,LEFT TURN (AGAINST OTHER CAR),TRAFFIC SIGNAL,DAYLIGHT,CLOUDY,DRY
13984,35269688,MONROE,Rochester,1,,Y,43.1768620,-77.6469290,5/25/14,15:52,INJURY,1,0,2,COLLISION WITH OTHER PEDESTRIAN,OTHER,STOP SIGN,DAYLIGHT,CLEAR,DRY
13984,34803814,MONROE,Rochester,1,940K43011006,N,43.1602129,-77.6595571,6/3/13,21:10,INJURY,1,0,2,COLLISION WITH MOTOR VEHICLE,OVERTAKING,NONE,DARK-ROAD LIGHTED,CLEAR,DRY
13984,35346099,MONROE,Henrietta,3, 15 43031112,N,43.0908291,-77.6347920,7/24/14,13:00,PROPERTY DAMAGE AND INJURY,2,0,2,COLLISION WITH MOTOR VEHICLE,RIGHT ANGLE,NONE,DAYLIGHT,CLEAR,DRY
13984,35363561,MONROE,Rochester,1,490I43022007,N,43.1572240,-77.6595530,8/14/14,7:54,INJURY,1,0,2,COLLISION WITH MOTOR VEHICLE,REAR END,STOP SIGN,DAYLIGHT,CLEAR,DRY
13984,35206697,MONROE,East Rochester,4,,N,43.1013870,-77.4817723,4/4/14,12:19,PROPERTY DAMAGE AND INJURY,1,0,1,COLLISION WITH BRIDGE STRUCTURE,OTHER,NONE,DAYLIGHT,CLOUDY,DRY
13984,35430289,MONROE,Henrietta,3, 15 43031114,Y,43.0940130,-77.6330760,10/14/14,12:52,PROPERTY DAMAGE AND INJURY,3,0,3,COLLISION WITH MOTOR VEHICLE,OTHER,TRAFFIC SIGNAL,DAYLIGHT,CLEAR,DRY
13984,35431849,MONROE,Henrietta,3, 15 43031114,Y,43.0940130,-77.6330760,10/14/14,23:17,PROPERTY DAMAGE AND INJURY,2,0,3,COLLISION WITH MOTOR VEHICLE,OTHER,TRAFFIC SIGNAL,DARK-ROAD UNLIGHTED,CLOUDY,DRY
13984,35293251,MONROE,Rochester,1,104 43032030,N,43.1916606,-77.6055681,5/15/14,1:15,PROPERTY DAMAGE AND INJURY,1,0,1,COLL. W/LIGHT SUPPORT/UTILITY POLE,OTHER,NONE,DARK-ROAD LIGHTED,CLEAR,DRY
13984,35018637,MONROE,Rochester,1,,Y,43.1809080,-77.6445280,11/25/13,9:49,INJURY,1,0,1,COLLISION WITH BICYCLIST,OTHER,STOP SIGN,DAYLIGHT,CLEAR,WET
13984,34850671,MONROE,Rochester,1,,Y,43.1750980,-77.6076140,6/30/13,21:00,INJURY,1,0,2,COLLISION WITH MOTOR VEHICLE,REAR END,TRAFFIC SIGNAL,DARK-ROAD LIGHTED,CLEAR,DRY
13984,34830549,MONROE,Brighton,3,390I43031129,N,43.1023201,-77.6006683,6/23/13,2:31,PROPERTY DAMAGE AND INJURY,1,0,1,OTHER NON-COLLISION,OTHER,NONE,DARK-ROAD LIGHTED,RAIN,WET
13984,34898425,MONROE,Rochester,1,,Y,43.2351440,-77.6241519,8/18/13,14:32,PROPERTY DAMAGE AND INJURY,1,0,2,COLLISION WITH MOTOR VEHICLE,RIGHT ANGLE,TRAFFIC SIGNAL,DAYLIGHT,CLEAR,DRY
13984,35379989,MONROE,Chili,3,,N,43.0919644,-77.6818609,8/15/14,16:25,PROPERTY DAMAGE AND INJURY,1,0,2,COLLISION WITH MOTOR VEHICLE,LEFT TURN (AGAINST OTHER CAR),NONE,DAYLIGHT,CLEAR,DRY
13984,35306278,MONROE,Greece,3,,Y,43.1977870,-77.7124270,6/19/14,12:46,INJURY,1,0,2,COLLISION WITH MOTOR VEHICLE,RIGHT ANGLE,STOP SIGN,DAYLIGHT,CLEAR,DRY
13984,35018642,MONROE,Rochester,1,,Y,43.1583180,-77.6096019,11/21/13,8:57,INJURY,1,0,1,COLLISION WITH PEDESTRIAN,OTHER,TRAFFIC SIGNAL,DAYLIGHT,CLEAR,DRY
13984,35470678,MONROE,Greece,3,,N,43.2055560,-77.6962844,11/8/14,13:58,PROPERTY DAMAGE AND INJURY,3,0,2,COLLISION WITH MOTOR VEHICLE,REAR END,TRAFFIC SIGNAL,DAYLIGHT,CLOUDY,DRY
13984,35025322,MONROE,Greece,3,,Y,43.1869140,-77.7015110,10/25/13,13:21,INJURY,2,0,2,COLLISION WITH MOTOR VEHICLE,UNKNOWN,TRAFFIC SIGNAL,DAYLIGHT,CLOUDY,DRY
13984,34832342,MONROE,Rochester,1, 15 43032006,N,43.1218422,-77.6188053,6/24/13,19:26,INJURY,3,0,2,COLLISION WITH MOTOR VEHICLE,REAR END,NONE,DAYLIGHT,CLEAR,DRY
13984,34858087,MONROE,Henrietta,3,,Y,43.0830270,-77.6296340,7/8/13,17:25,PROPERTY DAMAGE AND INJURY,2,0,2,COLLISION WITH MOTOR VEHICLE,RIGHT ANGLE,TRAFFIC SIGNAL,DAYLIGHT,CLOUDY,DRY
13984,34874210,MONROE,Rochester,1,,N,43.1420070,-77.6043810,7/31/13,17:39,INJURY,2,0,4,COLLISION WITH MOTOR VEHICLE,OTHER,NONE,DAYLIGHT,CLEAR,DRY
13984,34853870,MONROE,Rochester,1,590I43012004,N,43.1429697,-77.5484965,6/16/13,13:50,PROPERTY DAMAGE AND INJURY,1,0,2,COLLISION WITH MOTOR VEHICLE,REAR END,NONE,DAYLIGHT,CLOUDY,WET
13984,35504468,MONROE,Ogden,3, 33 43031087,Y,43.1352690,-77.7754840,11/21/14,17:15,INJURY,2,0,2,COLLISION WITH MOTOR VEHICLE,REAR END,STOP SIGN,DUSK,CLEAR,DRY
13984,34969306,MONROE,Henrietta,3,253 43011076,N,43.0593073,-77.6200181,10/18/13,1:44,PROPERTY DAMAGE AND INJURY,1,0,1,COLL. W/EARTH ELE./ROCK CUT/DITCH,OTHER,NONE,DARK-ROAD UNLIGHTED,CLEAR,WET
13984,35359869,MONROE,Webster,3,104 43035227,N,43.2138946,-77.5227908,7/31/14,14:52,PROPERTY DAMAGE AND INJURY,1,0,2,COLLISION WITH MOTOR VEHICLE,REAR END,NONE,DAYLIGHT,RAIN,WET
13984,34995382,MONROE,Rochester,1,,Y,43.1694710,-77.5931071,11/7/13,17:50,INJURY,1,0,1,COLLISION WITH PEDESTRIAN,OTHER,STOP SIGN,DARK-ROAD LIGHTED,CLEAR,DRY
13984,35016824,MONROE,Rochester,1, 31 43032021,Y,43.1646260,-77.6345130,11/20/13,17:10,INJURY,1,0,4,COLLISION WITH MOTOR VEHICLE,OTHER,NONE,DARK-ROAD LIGHTED,CLEAR,DRY
13984,34719838,MONROE,Gates,3,,Y,43.1646920,-77.6952070,4/2/13,13:26,INJURY,1,0,1,OTHER NON-COLLISION,OTHER,STOP SIGN,DAYLIGHT,CLOUDY,DRY
13984,35018641,MONROE,Rochester,1,383 43012020,Y,43.1427380,-77.6161810,11/15/13,7:36,PROPERTY DAMAGE AND INJURY,2,0,2,COLLISION WITH MOTOR VEHICLE,LEFT TURN (AGAINST OTHER CAR),TRAFFIC SIGNAL,DAYLIGHT,CLOUDY,DRY
13984,34784833,MONROE,Rochester,1,940M43011010,Y,43.1777920,-77.6311540,5/7/13,18:30,INJURY,1,0,1,COLLISION WITH BICYCLIST,OTHER,NONE,DAYLIGHT,CLEAR,DRY
13984,34803845,MONROE,Rochester,1, 31 43032017,Y,43.1646310,-77.6422550,6/3/13,15:23,INJURY,2,0,2,COLLISION WITH MOTOR VEHICLE,RIGHT TURN (WITH OTHER CAR),TRAFFIC SIGNAL,DAYLIGHT,CLEAR,DRY
13984,35274057,MONROE,Chili,3,383 43011148,N,43.1165147,-77.6612723,5/27/14,17:45,PROPERTY DAMAGE AND INJURY,1,0,1,COLLISION WITH OTHER FIXED OBJECT,OTHER,NONE,DAYLIGHT,CLEAR,DRY
13984,35333059,MONROE,Rochester,1,942G43011003,Y,43.1559520,-77.6164280,7/18/14,11:46,INJURY,1,0,1,OTHER NON-COLLISION,OTHER,NONE,DAYLIGHT,CLEAR,DRY
13984,34896147,MONROE,Rochester,1,,N,43.1496299,-77.5643928,8/9/13,17:38,PROPERTY DAMAGE AND INJURY,1,0,2,COLLISION WITH MOTOR VEHICLE,RIGHT ANGLE,NONE,DAYLIGHT,CLOUDY,DRY
13984,34841908,MONROE,Rochester,1, 96 43052027,Y,43.1556310,-77.5967230,6/27/13,6:20,INJURY,1,0,1,COLLISION WITH BICYCLIST,OTHER,NONE,DAYLIGHT,CLEAR,DRY
13984,35444913,MONROE,Rochester,1,940T43011006,N,43.1604192,-77.6133148,10/24/14,17:24,PROPERTY DAMAGE AND INJURY,1,0,1,OVERTURNED,OTHER,NONE,DAYLIGHT,CLOUDY,DRY
13984,35380206,MONROE,Rochester,1,490I43022038,N,43.1494272,-77.6041467,8/28/14,10:19,PROPERTY DAMAGE AND INJURY,1,0,1,COLLISION WITH OTHER BARRIER,OTHER,NONE,DAYLIGHT,CLEAR,DRY
13984,34962214,MONROE,Henrietta,3, 15 43031113,Y,43.0928780,-77.6336910,10/14/13,14:00,PROPERTY DAMAGE AND INJURY,1,0,2,COLLISION WITH MOTOR VEHICLE,REAR END,TRAFFIC SIGNAL,DAYLIGHT,CLOUDY,DRY
13984,34681176,MONROE,Henrietta,3, 15 43031083,N,43.0519353,-77.6556988,3/1/13,15:48,INJURY,1,0,1,COLLISION WITH PEDESTRIAN,OTHER,NONE,DAYLIGHT,CLEAR,DRY
13984,34813250,MONROE,Henrietta,3, 15A43041107,N,43.0792149,-77.6061113,6/12/13,22:47,INJURY,1,0,1,COLLISION WITH ANIMAL,OTHER,NONE,DARK-ROAD LIGHTED,CLEAR,DRY
13984,35411796,MONROE,Brighton,3,490I43023015,N,43.1295640,-77.5248691,9/26/14,15:13,INJURY,1,0,2,COLLISION WITH MOTOR VEHICLE,REAR END,YIELD SIGN,DAYLIGHT,CLEAR,DRY
13984,35515942,MONROE,Greece,3,390 43011040,N,43.2135331,-77.6745778,12/15/14,9:08,PROPERTY DAMAGE AND INJURY,1,0,1,COLLISION WITH TREE,OTHER,NONE,DAYLIGHT,CLOUDY,WET
13984,34862855,MONROE,Greece,3,,N,43.2229311,-77.6590328,7/18/13,14:15,INJURY,1,0,2,COLLISION WITH MOTOR VEHICLE,RIGHT ANGLE,TRAFFIC SIGNAL,DAYLIGHT,RAIN,WET
13984,34898792,MONROE,Rochester,1,,N,43.1516191,-77.5707743,8/23/13,12:29,PROPERTY DAMAGE AND INJURY,1,0,2,COLLISION WITH MOTOR VEHICLE,REAR END,TRAFFIC SIGNAL,DAYLIGHT,CLEAR,DRY
13984,34685513,MONROE,Clarkson,3,104 43031043,N,43.2309176,-77.9188185,3/6/13,7:51,PROPERTY DAMAGE AND INJURY,2,0,2,COLLISION WITH MOTOR VEHICLE,HEAD ON,NONE,DAYLIGHT,CLOUDY,DRY
13984,34869116,MONROE,Perinton,3, 31F43011027,Y,43.1022600,-77.4685030,7/10/13,15:02,PROPERTY DAMAGE AND INJURY,1,0,3,COLLISION WITH MOTOR VEHICLE,OTHER,TRAFFIC SIGNAL,DAYLIGHT,CLOUDY,DRY
13984,35023568,MONROE,Rochester,1,,Y,43.1646390,-77.6232511,10/31/13,13:13,INJURY,2,0,2,COLLISION WITH MOTOR VEHICLE,REAR END,TRAFFIC SIGNAL,DAYLIGHT,CLOUDY,WET
13984,34823436,MONROE,Perinton,3,,N,43.1187754,-77.4615679,6/1/13,8:22,INJURY,1,0,1,COLL. W/EARTH ELE./ROCK CUT/DITCH,OTHER,NONE,DAYLIGHT,CLEAR,DRY
13984,35303921,MONROE,Greece,3,,N,43.2030156,-77.6970624,6/24/14,14:44,PROPERTY DAMAGE AND INJURY,1,0,2,COLLISION WITH MOTOR VEHICLE,RIGHT ANGLE,STOP SIGN,DAYLIGHT,CLEAR,DRY
13984,35054914,MONROE,Rochester,1,,N,43.1920690,-77.5998900,12/17/13,16:31,PROPERTY DAMAGE AND INJURY,2,0,2,COLLISION WITH MOTOR VEHICLE,OVERTAKING,TRAFFIC SIGNAL,DARK-ROAD LIGHTED,CLEAR,WET
13984,35090956,MONROE,Brighton,3,,Y,43.1259050,-77.5826059,1/18/14,13:55,PROPERTY DAMAGE AND INJURY,2,0,2,COLLISION WITH MOTOR VEHICLE,REAR END,TRAFFIC SIGNAL,DAYLIGHT,CLOUDY,WET
13984,34971134,MONROE,Rochester,1,,N,43.1498546,-77.6140909,10/9/13,9:00,PROPERTY DAMAGE AND INJURY,1,0,4,COLLISION WITH MOTOR VEHICLE,OTHER,NONE,DAYLIGHT,CLEAR,DRY
13984,35290003,UNKNOWN COUNTY,,0,,N,43.1804643,-77.5991566,6/5/14,8:19,PROPERTY DAMAGE AND INJURY,1,0,2,COLLISION WITH MOTOR VEHICLE,LEFT TURN (AGAINST OTHER CAR),NONE,DAYLIGHT,CLEAR,DRY
13984,35507134,MONROE,Rochester,1,,Y,43.1763670,-77.5573561,12/4/14,17:27,INJURY,4,0,2,COLLISION WITH MOTOR VEHICLE,RIGHT ANGLE,TRAFFIC SIGNAL,DUSK,CLEAR,DRY
13984,35184153,MONROE,Rochester,1, 31 43032042,Y,43.1530090,-77.6027930,3/14/14,16:48,PROPERTY DAMAGE AND INJURY,1,0,3,COLLISION WITH MOTOR VEHICLE,OTHER,NONE,DAYLIGHT,CLEAR,WET
13984,35430259,MONROE,Perinton,3, 31 43033090,Y,43.0685280,-77.4321410,10/6/14,21:27,PROPERTY DAMAGE AND INJURY,1,0,2,COLLISION WITH MOTOR VEHICLE,REAR END,TRAFFIC SIGNAL,DARK-ROAD LIGHTED,CLOUDY,WET
13984,35163365,MONROE,Irondequoit,3,,N,43.1955313,-77.6034644,3/1/14,12:24,PROPERTY DAMAGE AND INJURY,1,0,2,COLLISION WITH MOTOR VEHICLE,REAR END,NONE,DAYLIGHT,CLOUDY,WET
13984,34911374,MONROE,Rochester,1,940T43011005,N,43.1591912,-77.6150210,8/15/13,16:56,INJURY,2,0,4,COLLISION WITH MOTOR VEHICLE,OTHER,NONE,DAYLIGHT,CLEAR,DRY
13984,34744742,MONROE,Rochester,1,,Y,43.1804960,-77.6108120,4/19/13,15:00,PROPERTY DAMAGE AND INJURY,2,0,2,COLLISION WITH MOTOR VEHICLE,RIGHT ANGLE,TRAFFIC SIGNAL,DAYLIGHT,CLEAR,DRY
13984,34953087,MONROE,Rochester,1,,N,43.1379845,-77.5593709,9/24/13,8:59,INJURY,5,0,2,COLLISION WITH MOTOR VEHICLE,REAR END,NONE,DAYLIGHT,CLEAR,DRY
13984,35297711,MONROE,Rochester,1,,N,43.1374477,-77.6067468,6/16/14,23:14,INJURY,1,0,1,COLLISION WITH MOTOR VEHICLE,OTHER,NO PASSING ZONE,DARK-ROAD LIGHTED,CLEAR,DRY
13984,35385230,MONROE,Perinton,3, 31 43033088,Y,43.0688870,-77.4364529,8/22/14,14:32,PROPERTY DAMAGE AND INJURY,1,0,2,COLLISION WITH MOTOR VEHICLE,RIGHT ANGLE,STOP SIGN,DAYLIGHT,CLEAR,DRY
13984,35322571,MONROE,Gates,3,,Y,43.1750631,-77.7015729,6/6/14,14:41,INJURY,1,0,3,COLLISION WITH MOTOR VEHICLE,OTHER,TRAFFIC SIGNAL,DAYLIGHT,CLEAR,DRY
13984,35525074,MONROE,Gates,3,386 43011000,N,43.1748787,-77.7323606,12/19/14,11:45,PROPERTY DAMAGE AND INJURY,2,0,2,COLLISION WITH MOTOR VEHICLE,RIGHT ANGLE,NONE,DAYLIGHT,CLOUDY,WET
13984,35541856,MONROE,Chili,3,490I43021095,N,43.0969032,-77.7968478,12/23/14,4:30,PROPERTY DAMAGE AND INJURY,1,0,1,COLLISION WITH TREE,OTHER,NONE,DARK-ROAD LIGHTED,RAIN,WET
13984,35508327,MONROE,Rochester,1,,Y,43.1437720,-77.6260600,12/10/14,10:37,PROPERTY DAMAGE AND INJURY,1,0,1,COLLISION WITH BUILDING/WALL,OTHER,STOP SIGN,DAYLIGHT,SNOW,SNOW/ICE
13984,35223807,MONROE,Rochester,1,,Y,43.2147540,-77.6447040,4/7/14,12:56,PROPERTY DAMAGE AND INJURY,1,0,3,COLLISION WITH MOTOR VEHICLE,OTHER,STOP SIGN,DAYLIGHT,CLOUDY,DRY
13984,35074277,MONROE,Penfield,3,,Y,43.1860890,-77.4624420,12/31/13,19:01,PROPERTY DAMAGE AND INJURY,1,0,2,COLLISION WITH MOTOR VEHICLE,REAR END,STOP SIGN,DARK-ROAD LIGHTED,CLEAR,DRY
13984,34902403,UNKNOWN COUNTY,,0,,N,43.0825918,-77.8452258,8/13/13,5:25,PROPERTY DAMAGE AND INJURY,1,0,1,COLLISION WITH OTHER FIXED OBJECT,OTHER,NONE,DARK-ROAD UNLIGHTED,RAIN,WET
13984,35085210,MONROE,Rochester,1,,Y,43.1310180,-77.6429990,1/14/14,6:52,INJURY,1,0,2,COLLISION WITH MOTOR VEHICLE,RIGHT ANGLE,NONE,DUSK,RAIN,WET
13984,35086474,MONROE,Rochester,1,,Y,43.1720570,-77.5935651,12/20/13,13:44,PROPERTY DAMAGE AND INJURY,2,0,4,COLLISION WITH MOTOR VEHICLE,OTHER,NONE,DAYLIGHT,RAIN,WET
13984,34913973,MONROE,Henrietta,3,,N,43.0958309,-77.5815271,9/5/13,16:51,INJURY,1,0,1,COLL. W/LIGHT SUPPORT/UTILITY POLE,OTHER,NONE,DAYLIGHT,CLOUDY,DRY
13984,35236656,MONROE,Rochester,1,,Y,43.1690052,-77.6442370,4/21/14,16:46,INJURY,1,0,1,COLLISION WITH PEDESTRIAN,OTHER,NONE,DAYLIGHT,CLEAR,DRY
13984,34875152,MONROE,Chili,3,252 43011007,N,43.0956731,-77.7542304,7/13/13,12:26,PROPERTY DAMAGE AND INJURY,1,0,2,COLLISION WITH MOTOR VEHICLE,RIGHT ANGLE,TRAFFIC SIGNAL,DAYLIGHT,CLEAR,DRY
13984,35528286,MONROE,Greece,3, 18 43031214,Y,43.2410091,-77.6468385,12/21/14,7:11,INJURY,1,0,1,COLLISION WITH SIGN POST,OTHER,NONE,DUSK,CLOUDY,DRY