QUERYID,CASE #,REGN_CNTY_CDE,Municipality,MUNITYPE,REF_MRKR,ATINTERSECTION_IND,Lat,Long,,Time,Crash Type,Injuries,Fatalities,Number of Vehicles,ACCD_TYP,COLLISION_TYP,TRAF_CNTL,Light Condition,Weather Condition,Road Surface Condition
13984,34776733,MONROE,Parma,3,104 43031081,N,43.2232856,-77.8455449,5/7/13,21:23,PROPERTY DAMAGE AND INJURY,2,0,1,OVERTURNED,OTHER,NONE,DARK-ROAD LIGHTED,CLEAR,DRY
13984,34910092,MONROE,Webster,4,104 43035272,N,43.2154738,-77.4342529,8/29/13,7:39,PROPERTY DAMAGE AND INJURY,2,0,2,COLLISION WITH MOTOR VEHICLE,REAR END,NONE,DAYLIGHT,FOG/SMOG/SMOKE,DRY
13984,35041023,MONROE,Rochester,1,,N,43.1469934,-77.6003873,12/13/13,8:46,INJURY,7,0,1,COLLISION WITH CURBING,OTHER,NONE,DAYLIGHT,SNOW,SNOW/ICE
13984,34756496,MONROE,Pittsford,4,252 43011130,Y,43.0865150,-77.5181280,5/1/13,11:50,PROPERTY DAMAGE AND INJURY,2,0,2,COLLISION WITH MOTOR VEHICLE,RIGHT ANGLE,TRAFFIC SIGNAL,DAYLIGHT,CLEAR,DRY
13984,35368744,MONROE,Rochester,1,,N,43.2515800,-77.6134096,8/9/14,16:21,PROPERTY DAMAGE AND INJURY,1,0,2,COLLISION WITH MOTOR VEHICLE,REAR END,NONE,DAYLIGHT,CLEAR,DRY
13984,35454588,MONROE,Greece,3, 18 43031228,Y,43.2204180,-77.6412730,10/28/14,1:54,PROPERTY DAMAGE AND INJURY,4,0,1,COLLISION WITH TREE,OTHER,NONE,DARK-ROAD LIGHTED,CLOUDY,WET
13984,35133557,MONROE,Rochester,1,,N,43.1395345,-77.5881526,2/10/14,14:30,INJURY,2,0,2,COLLISION WITH MOTOR VEHICLE,REAR END,NONE,DAYLIGHT,SNOW,SNOW/ICE
13984,35273483,MONROE,Rochester,1,,Y,43.1605300,-77.6182609,5/22/14,15:16,INJURY,1,0,1,COLLISION WITH BICYCLIST,OTHER,TRAFFIC SIGNAL,DAYLIGHT,CLEAR,DRY
13984,34874325,MONROE,Chili,3,,N,43.1106168,-77.6999875,8/1/13,12:02,PROPERTY DAMAGE AND INJURY,1,0,1,COLLISION WITH TREE,OTHER,NONE,DAYLIGHT,CLOUDY,DRY
13984,34801368,MONROE,Ogden,3,259 43011030,Y,43.1363390,-77.8065910,6/6/13,18:23,PROPERTY DAMAGE AND INJURY,1,0,2,COLLISION WITH MOTOR VEHICLE,RIGHT ANGLE,STOP SIGN,DAYLIGHT,RAIN,WET
13984,34773417,MONROE,Spencerport,4,259 43011072,N,43.1952045,-77.7996771,5/15/13,11:52,PROPERTY DAMAGE AND INJURY,1,0,2,COLLISION WITH MOTOR VEHICLE,REAR END,TRAFFIC SIGNAL,DAYLIGHT,CLEAR,DRY
13984,34698585,MONROE,Rush,3,,N,43.0165766,-77.6158630,3/18/13,18:16,PROPERTY DAMAGE AND INJURY,2,0,2,COLLISION WITH MOTOR VEHICLE,HEAD ON,NONE,DAYLIGHT,SNOW,SNOW/ICE
13984,35051013,MONROE,Wheatland,3,251 43011096,Y,43.0279480,-77.7675610,12/20/13,14:53,PROPERTY DAMAGE AND INJURY,1,0,2,COLLISION WITH MOTOR VEHICLE,RIGHT ANGLE,STOP SIGN,DAYLIGHT,CLOUDY,WET
13984,35236798,MONROE,Pittsford,3, 31 43033031,N,43.1014633,-77.5369289,4/27/14,12:27,PROPERTY DAMAGE AND INJURY,1,0,2,COLLISION WITH MOTOR VEHICLE,REAR END,TRAFFIC SIGNAL,DAYLIGHT,CLEAR,DRY
13984,35486121,MONROE,Henrietta,3, 15A43041113,Y,43.0872620,-77.6092490,10/15/14,11:19,PROPERTY DAMAGE AND INJURY,1,0,2,COLLISION WITH MOTOR VEHICLE,REAR END,TRAFFIC SIGNAL,DAYLIGHT,RAIN,WET
13984,34873319,MONROE,Rochester,1, 31 43032028,Y,43.1581060,-77.6251630,8/1/13,19:41,PROPERTY DAMAGE AND INJURY,1,0,2,COLLISION WITH MOTOR VEHICLE,REAR END,NONE,DUSK,CLEAR,DRY
13984,35230130,MONROE,Rochester,1,,N,43.1759851,-77.5705813,4/14/14,3:09,PROPERTY DAMAGE AND INJURY,3,0,2,COLLISION WITH MOTOR VEHICLE,OVERTAKING,NONE,DARK-ROAD LIGHTED,CLEAR,DRY
13984,35387128,MONROE,Brighton,3,590I43011031,N,43.1158113,-77.5520086,9/4/14,14:16,PROPERTY DAMAGE AND INJURY,1,0,1,COLLISION WITH GUIDE RAIL,OTHER,NONE,DAYLIGHT,CLEAR,DRY
13984,34936432,MONROE,Greece,3,390 43011025,N,43.1927344,-77.6827921,9/18/13,8:00,PROPERTY DAMAGE AND INJURY,1,0,2,COLLISION WITH MOTOR VEHICLE,OVERTAKING,NO PASSING ZONE,DAYLIGHT,CLEAR,DRY
13984,34743516,MONROE,Perinton,3, 31F43011067,N,43.0939430,-77.4033600,4/19/13,17:18,PROPERTY DAMAGE AND INJURY,1,0,2,COLLISION WITH MOTOR VEHICLE,REAR END,TRAFFIC SIGNAL,DAYLIGHT,RAIN,WET
13984,34983752,MONROE,Perinton,3,,N,43.0790519,-77.4477589,10/24/13,14:50,PROPERTY DAMAGE AND INJURY,1,0,1,COLLISION WITH BICYCLIST,OTHER,STOP SIGN,DAYLIGHT,CLEAR,DRY
13984,34765818,WAYNE,Ontario,3,,Y,43.2408290,-77.3755740,5/5/13,15:35,PROPERTY DAMAGE AND INJURY,1,0,2,COLLISION WITH MOTOR VEHICLE,RIGHT ANGLE,STOP SIGN,DAYLIGHT,CLEAR,DRY
13984,35332970,MONROE,Parma,3, 18 43031129,Y,43.2587930,-77.7908590,7/18/14,11:50,PROPERTY DAMAGE AND INJURY,1,0,1,COLLISION WITH BUILDING/WALL,OTHER,FLASHING LIGHT,DAYLIGHT,CLEAR,DRY
13984,34884466,MONROE,Pittsford,3, 64 43021080,Y,43.0541850,-77.5189230,8/7/13,18:56,PROPERTY DAMAGE AND INJURY,1,0,2,COLLISION WITH MOTOR VEHICLE,RIGHT ANGLE,TRAFFIC SIGNAL,DAYLIGHT,CLEAR,DRY
13984,34869222,MONROE,Rochester,1,,N,43.1625901,-77.6086462,7/29/13,9:22,INJURY,1,0,2,COLLISION WITH MOTOR VEHICLE,REAR END,NONE,DAYLIGHT,CLEAR,DRY
13984,35051031,MONROE,Brighton,3, 15 43031115,Y,43.0949930,-77.6325800,12/17/13,16:43,PROPERTY DAMAGE AND INJURY,2,0,2,COLLISION WITH MOTOR VEHICLE,RIGHT ANGLE,NONE,DUSK,CLOUDY,WET
13984,35193811,MONROE,Rochester,1,940T43011015,Y,43.1595100,-77.5957350,3/19/14,21:57,PROPERTY DAMAGE AND INJURY,3,0,3,COLLISION WITH MOTOR VEHICLE,OTHER,NONE,DARK-ROAD LIGHTED,RAIN,WET
13984,35366758,MONROE,Clarkson,3, 19 43041069,N,43.2297122,-77.9301119,8/18/14,6:22,INJURY,1,0,1,COLLISION WITH BICYCLIST,OTHER,TRAFFIC SIGNAL,DAYLIGHT,CLEAR,DRY
13984,35290061,MONROE,Rochester,1, 31 43032019,Y,43.1646280,-77.6367220,6/12/14,23:17,PROPERTY DAMAGE AND INJURY,1,0,2,COLLISION WITH MOTOR VEHICLE,RIGHT TURN (WITH OTHER CAR),NONE,DARK-ROAD LIGHTED,CLEAR,DRY
13984,34878067,MONROE,Rochester,1,940M43011006,N,43.1725050,-77.6284610,7/22/13,13:44,PROPERTY DAMAGE AND INJURY,7,0,2,COLLISION WITH MOTOR VEHICLE,RIGHT ANGLE,NONE,DAYLIGHT,CLOUDY,DRY
13984,35395030,MONROE,Clarkson,3,104 43031032,N,43.2361551,-77.9384078,8/27/14,18:45,PROPERTY DAMAGE AND INJURY,1,0,1,COLL. W/LIGHT SUPPORT/UTILITY POLE,OTHER,NONE,DAYLIGHT,CLOUDY,DRY
13984,34913397,MONROE,Rochester,1,,Y,43.1716010,-77.6454560,9/4/13,19:37,INJURY,1,0,1,COLLISION WITH BICYCLIST,OTHER,STOP SIGN,DUSK,CLOUDY,DRY
13984,35140132,MONROE,Brighton,3,490I43023000,N,43.1430108,-77.5471195,2/14/14,8:40,PROPERTY DAMAGE AND INJURY,1,0,2,COLLISION WITH MOTOR VEHICLE,OVERTAKING,NONE,DAYLIGHT,CLOUDY,WET
13984,35380712,MONROE,Greece,3,,Y,43.2225970,-77.6339020,8/15/14,16:45,INJURY,1,0,1,COLLISION WITH BICYCLIST,OTHER,STOP SIGN,DAYLIGHT,CLEAR,DRY
13984,35252173,MONROE,Webster,3,,Y,43.2221160,-77.4293830,5/8/14,15:44,INJURY,2,0,2,COLLISION WITH MOTOR VEHICLE,REAR END,NONE,DAYLIGHT,CLOUDY,DRY
13984,34839312,MONROE,Rochester,1,490I43022035,N,43.1510858,-77.6077211,7/4/13,21:49,PROPERTY DAMAGE AND INJURY,1,0,4,COLLISION WITH MOTOR VEHICLE,OTHER,NONE,DARK-ROAD LIGHTED,CLEAR,DRY
13984,34900146,MONROE,Penfield,3,286 43011070,N,43.1597042,-77.4082216,8/8/13,16:34,PROPERTY DAMAGE AND INJURY,1,0,2,COLLISION WITH MOTOR VEHICLE,REAR END,NONE,DAYLIGHT,CLOUDY,DRY
13984,34726681,MONROE,Brighton,3,490I43023012,N,43.1327301,-77.5284569,4/9/13,7:30,PROPERTY DAMAGE AND INJURY,1,0,2,COLLISION WITH MOTOR VEHICLE,REAR END,NONE,DAWN,CLOUDY,DRY
13984,35359536,MONROE,Gates,3, 31 43031163,Y,43.1742938,-77.7229657,8/6/14,9:20,INJURY,1,0,1,COLLISION WITH BICYCLIST,OTHER,NONE,DAYLIGHT,CLEAR,DRY
13984,35486783,MONROE,Rochester,1,,N,43.1944807,-77.6388663,11/19/14,18:25,INJURY,1,0,1,COLLISION WITH PEDESTRIAN,OTHER,NONE,DARK-ROAD LIGHTED,CLOUDY,WET
13984,35061129,MONROE,Henrietta,3, 15 43031109,Y,43.0877378,-77.6364761,12/27/13,17:35,PROPERTY DAMAGE AND INJURY,1,0,2,COLLISION WITH MOTOR VEHICLE,RIGHT ANGLE,TRAFFIC SIGNAL,DARK-ROAD LIGHTED,CLOUDY,WET
13984,35083031,MONROE,Brighton,3, 96 43051096,Y,43.1382603,-77.5404963,1/13/14,14:16,PROPERTY DAMAGE AND INJURY,1,0,1,COLLISION WITH BUILDING/WALL,OTHER,NONE,DAYLIGHT,CLEAR,DRY
13984,34941091,MONROE,Parma,3,,N,43.3103727,-77.7943075,9/28/13,15:04,INJURY,2,0,2,COLLISION WITH MOTOR VEHICLE,RIGHT ANGLE,STOP SIGN,DAYLIGHT,CLEAR,DRY
13984,35368739,MONROE,Rochester,1,,Y,43.1300870,-77.6427510,8/18/14,16:55,INJURY,2,0,2,COLLISION WITH MOTOR VEHICLE,RIGHT ANGLE,STOP SIGN,DAYLIGHT,CLEAR,DRY
13984,34953055,MONROE,Rochester,1,,Y,43.1791975,-77.6135498,9/25/13,18:15,PROPERTY DAMAGE AND INJURY,1,0,2,COLLISION WITH MOTOR VEHICLE,REAR END,NONE,DAYLIGHT,CLEAR,DRY
13984,35332971,MONROE,Perinton,3, 31 43033070,Y,43.0757740,-77.4696470,7/15/14,9:00,PROPERTY DAMAGE AND INJURY,1,0,2,COLLISION WITH MOTOR VEHICLE,RIGHT ANGLE,NONE,DAYLIGHT,RAIN,WET
13984,35568473,MONROE,Rochester,1, 33A43022012,Y,43.1478310,-77.6435520,12/6/14,14:25,INJURY,1,0,2,COLLISION WITH MOTOR VEHICLE,LEFT TURN (AGAINST OTHER CAR),NONE,DAYLIGHT,CLEAR,DRY
13984,35167106,MONROE,Rochester,1,,N,43.1774356,-77.5868678,3/7/14,15:14,INJURY,2,0,2,COLLISION WITH MOTOR VEHICLE,HEAD ON,NONE,DAYLIGHT,CLEAR,DRY
13984,35378256,MONROE,Greece,3,,Y,43.2058530,-77.6702690,8/22/14,12:22,INJURY,1,0,1,COLLISION WITH PEDESTRIAN,OTHER,TRAFFIC SIGNAL,DAYLIGHT,CLEAR,DRY
13984,35337024,MONROE,Greece,3,,N,43.2068574,-77.6767167,7/22/14,17:16,INJURY,1,0,2,COLLISION WITH MOTOR VEHICLE,REAR END,TRAFFIC SIGNAL,DAYLIGHT,CLEAR,DRY
13984,34828165,MONROE,Perinton,3,250 43011013,Y,43.0544170,-77.4423600,5/16/13,11:10,PROPERTY DAMAGE AND INJURY,1,0,2,COLLISION WITH MOTOR VEHICLE,RIGHT ANGLE,TRAFFIC SIGNAL,DAYLIGHT,CLEAR,DRY
13984,35481121,MONROE,Rochester,1,,Y,43.1595990,-77.5953370,11/18/14,9:03,PROPERTY DAMAGE AND INJURY,3,0,3,COLLISION WITH MOTOR VEHICLE,OTHER,TRAFFIC SIGNAL,DAYLIGHT,SNOW,SNOW/ICE
13984,35100948,MONROE,Greece,3,,Y,43.2661100,-77.6638900,1/20/14,23:30,INJURY,1,0,2,COLLISION WITH BUILDING/WALL,HEAD ON,NONE,DARK-ROAD LIGHTED,CLOUDY,WET
13984,35298111,MONROE,Rochester,1,,Y,43.1349427,-77.6360026,5/25/14,17:39,INJURY,1,0,1,COLLISION WITH PEDESTRIAN,OTHER,TRAFFIC SIGNAL,DAYLIGHT,CLEAR,DRY
13984,35377138,MONROE,Rochester,1,,Y,43.1861840,-77.6388790,8/7/14,23:52,PROPERTY DAMAGE AND INJURY,1,0,2,COLLISION WITH MOTOR VEHICLE,REAR END,NONE,DARK-ROAD LIGHTED,CLEAR,DRY
13984,34834046,MONROE,Henrietta,3,,N,43.0955705,-77.5819440,6/27/13,12:44,PROPERTY DAMAGE AND INJURY,2,0,2,COLLISION WITH MOTOR VEHICLE,RIGHT ANGLE,NONE,DAYLIGHT,CLOUDY,DRY
13984,35290059,MONROE,Rochester,1,,N,43.2034997,-77.6531818,6/14/14,12:48,PROPERTY DAMAGE AND INJURY,1,0,1,OTHER NON-COLLISION,OTHER,NONE,DAYLIGHT,CLOUDY,DRY
13984,35383544,MONROE,Gates,3,,N,43.1472650,-77.7112426,9/1/14,14:56,PROPERTY DAMAGE AND INJURY,1,0,2,COLLISION WITH MOTOR VEHICLE,HEAD ON,NONE,DAYLIGHT,CLOUDY,DRY
13984,35023556,MONROE,Rochester,1,,Y,43.1716470,-77.6482290,11/24/13,15:37,PROPERTY DAMAGE AND INJURY,1,0,2,COLLISION WITH MOTOR VEHICLE,REAR END,NONE,DAYLIGHT,CLEAR,SNOW/ICE
13984,34902416,MONROE,Gates,3,390 43011006,N,43.1649742,-77.6830550,8/21/13,7:53,PROPERTY DAMAGE AND INJURY,1,0,3,COLLISION WITH MOTOR VEHICLE,OTHER,NONE,DAYLIGHT,CLEAR,DRY
13984,35083021,MONROE,Brighton,3,,Y,43.1161762,-77.5649246,1/10/14,13:23,PROPERTY DAMAGE AND INJURY,1,0,2,COLLISION WITH MOTOR VEHICLE,REAR END,NONE,DAYLIGHT,CLOUDY,WET
13984,35397148,MONROE,Brighton,3,252 43011054,Y,43.0926100,-77.6659621,9/3/14,16:19,PROPERTY DAMAGE AND INJURY,2,0,2,COLLISION WITH MOTOR VEHICLE,REAR END,TRAFFIC SIGNAL,DAYLIGHT,CLEAR,DRY
13984,35446080,MONROE,Gates,3,,Y,43.1646310,-77.7049690,10/27/14,14:23,PROPERTY DAMAGE AND INJURY,1,0,2,COLLISION WITH OTHER FIXED OBJECT,REAR END,NONE,DAYLIGHT,CLEAR,DRY
13984,35401533,MONROE,Greece,3,,N,43.2243889,-77.7249320,9/15/14,7:45,PROPERTY DAMAGE AND INJURY,1,0,2,COLLISION WITH MOTOR VEHICLE,OVERTAKING,NONE,DAYLIGHT,CLEAR,DRY
13984,35440567,MONROE,Irondequoit,3,941B43011002,Y,43.1765120,-77.5533010,10/18/14,22:39,INJURY,1,0,2,COLLISION WITH MOTOR VEHICLE,HEAD ON,NONE,DARK-ROAD LIGHTED,RAIN,WET
13984,34927145,MONROE,Chili,3,252 43011038,N,43.0938929,-77.6979390,9/9/13,17:55,INJURY,1,0,2,COLLISION WITH MOTOR VEHICLE,REAR END,NONE,DAYLIGHT,CLOUDY,DRY
13984,35313658,MONROE,Rochester,1,,N,43.2495205,-77.6142549,6/30/14,19:09,INJURY,1,0,1,COLLISION WITH PEDESTRIAN,OTHER,NONE,DAYLIGHT,CLEAR,DRY
13984,35212984,MONROE,Rochester,1,,Y,43.1584300,-77.6154310,3/17/14,9:20,PROPERTY DAMAGE AND INJURY,1,0,3,COLLISION WITH MOTOR VEHICLE,OTHER,TRAFFIC SIGNAL,DAYLIGHT,CLEAR,DRY
13984,34971785,MONROE,Rochester,1,,Y,43.1938380,-77.6372730,8/26/13,19:20,PROPERTY DAMAGE AND INJURY,1,0,2,COLLISION WITH MOTOR VEHICLE,RIGHT ANGLE,STOP SIGN,DUSK,RAIN,WET
13984,34975182,MONROE,Rochester,1,,Y,43.1662570,-77.6020450,10/18/13,14:00,INJURY,1,0,1,COLLISION WITH BICYCLIST,OTHER,STOP SIGN,DAYLIGHT,CLEAR,DRY
13984,34847682,MONROE,Irondequoit,3,,Y,43.2112060,-77.5802330,7/10/13,13:47,INJURY,1,0,2,COLLISION WITH MOTOR VEHICLE,REAR END,TRAFFIC SIGNAL,DAYLIGHT,CLEAR,DRY
13984,34941332,MONROE,Rochester,1,940M43011011,Y,43.1793290,-77.6317150,8/25/13,22:22,INJURY,2,0,2,COLLISION WITH MOTOR VEHICLE,LEFT TURN (AGAINST OTHER CAR),TRAFFIC SIGNAL,DARK-ROAD LIGHTED,CLOUDY,DRY
13984,35548773,MONROE,Webster,3,,N,43.2216195,-77.3932668,12/10/14,12:00,PROPERTY DAMAGE AND INJURY,1,0,1,COLLISION WITH GUIDE RAIL,OTHER,NONE,DAYLIGHT,SNOW,SNOW/ICE
13984,34882018,MONROE,Rochester,1, 31 43032005,Y,43.1646730,-77.6668740,8/5/13,9:59,PROPERTY DAMAGE AND INJURY,1,0,2,COLLISION WITH MOTOR VEHICLE,RIGHT ANGLE,TRAFFIC SIGNAL,DAYLIGHT,CLEAR,DRY
13984,34965224,MONROE,Rochester,1,490I43022012,N,43.1570520,-77.6492827,10/18/13,8:49,PROPERTY DAMAGE AND INJURY,4,0,5,COLLISION WITH MOTOR VEHICLE,OTHER,NONE,DAYLIGHT,CLOUDY,DRY
13984,34942063,MONROE,Brighton,3,,Y,43.0950380,-77.6060890,9/10/13,17:18,INJURY,1,0,2,COLLISION WITH MOTOR VEHICLE,LEFT TURN (AGAINST OTHER CAR),STOP SIGN,DAYLIGHT,CLEAR,DRY
13984,35378251,MONROE,Irondequoit,3,590 43013007,Y,43.1768410,-77.5425530,8/26/14,20:24,INJURY,2,0,3,COLLISION WITH MOTOR VEHICLE,OTHER,TRAFFIC SIGNAL,DARK-ROAD LIGHTED,CLEAR,DRY
13984,34756819,MONROE,Rochester,1,,N,43.1859770,-77.6392990,4/29/13,15:42,INJURY,1,0,2,COLLISION WITH MOTOR VEHICLE,REAR END,NONE,DAYLIGHT,CLOUDY,DRY
13984,35301958,MONROE,Webster,3,,Y,43.2161391,-77.5149164,6/20/14,14:42,INJURY,1,0,2,COLLISION WITH MOTOR VEHICLE,LEFT TURN (AGAINST OTHER CAR),NONE,DAYLIGHT,CLEAR,DRY
13984,34825785,MONROE,Rochester,1,,Y,43.1693470,-77.6073750,6/23/13,10:46,INJURY,1,0,2,COLLISION WITH MOTOR VEHICLE,SIDESWIPE,NONE,DAYLIGHT,CLEAR,DRY
13984,34687104,MONROE,Brighton,3,590I43011030,N,43.1148440,-77.5520960,3/5/13,12:30,PROPERTY DAMAGE AND INJURY,1,0,2,COLLISION WITH MOTOR VEHICLE,REAR END,NONE,DAYLIGHT,CLOUDY,DRY
13984,35290048,MONROE,Rochester,1,,N,43.1696226,-77.5952374,6/2/14,9:27,PROPERTY DAMAGE AND INJURY,1,0,1,COLLISION WITH GUIDE RAIL,OTHER,NONE,DAYLIGHT,CLEAR,DRY
13984,34878062,MONROE,Rochester,1,940M43011006,N,43.1727620,-77.6285921,8/1/13,18:33,INJURY,1,0,1,COLLISION WITH BICYCLIST,OTHER,NONE,DAYLIGHT,CLEAR,DRY
13984,35073567,MONROE,Sweden,3,,N,43.1947436,-77.9439207,1/3/14,9:31,INJURY,1,0,1,COLL. W/EARTH ELE./ROCK CUT/DITCH,OTHER,NONE,DAYLIGHT,CLOUDY,SNOW/ICE
13984,34739106,MONROE,Rochester,1, 31 43032051,Y,43.1442560,-77.5896970,3/27/13,20:15,INJURY,1,0,1,COLLISION WITH PEDESTRIAN,OTHER,NONE,DARK-ROAD LIGHTED,RAIN,WET
13984,35403858,MONROE,Rochester,1,490I43022024,N,43.1571987,-77.6266597,9/14/14,7:50,PROPERTY DAMAGE AND INJURY,1,0,1,COLLISION WITH OTHER,OTHER,MAINTENANCE WORK AREA,DAYLIGHT,CLEAR,DRY
13984,34998555,MONROE,Greece,3,,Y,43.2165070,-77.6777480,11/7/13,7:14,INJURY,1,0,3,COLLISION WITH MOTOR VEHICLE,OTHER,NONE,DAYLIGHT,CLOUDY,WET
13984,35214334,MONROE,Rochester,1,,Y,43.1618691,-77.5520669,4/7/14,1:55,PROPERTY DAMAGE AND INJURY,1,0,1,COLLISION WITH TREE,OTHER,NONE,DARK-ROAD LIGHTED,CLEAR,DRY
13984,35387860,MONROE,Scottsville,4,253 43011002,N,43.0282515,-77.7393560,9/6/14,6:58,PROPERTY DAMAGE AND INJURY,1,0,1,COLL. W/LIGHT SUPPORT/UTILITY POLE,OTHER,NONE,DAYLIGHT,CLOUDY,WET
13984,34851239,MONROE,Rochester,1,,Y,43.1476120,-77.6510400,6/23/13,18:20,INJURY,1,0,2,COLLISION WITH MOTOR VEHICLE,REAR END,STOP SIGN,DAYLIGHT,CLEAR,DRY
13984,35046133,MONROE,Rochester,1,,N,43.2036043,-77.6516992,12/17/13,11:20,INJURY,1,0,2,COLLISION WITH MOTOR VEHICLE,REAR END,NONE,DAYLIGHT,SNOW,SNOW/ICE
13984,35329855,MONROE,Greece,3,,Y,43.2878150,-77.7317649,5/22/14,11:00,PROPERTY DAMAGE AND INJURY,1,0,2,COLLISION WITH MOTOR VEHICLE,RIGHT ANGLE,STOP SIGN,UNKNOWN,UNKNOWN,UNKNOWN
13984,34934624,MONROE,Pittsford,3, 96 43051079,Y,43.1194420,-77.5193110,9/21/13,15:49,PROPERTY DAMAGE AND INJURY,1,0,2,COLLISION WITH MOTOR VEHICLE,REAR END,NONE,DAYLIGHT,RAIN,WET
13984,35316040,MONROE,Perinton,3, 31 43033085,N,43.0692108,-77.4415586,7/5/14,21:04,PROPERTY DAMAGE AND INJURY,1,0,1,COLL. W/LIGHT SUPPORT/UTILITY POLE,OTHER,NONE,DUSK,CLEAR,DRY
13984,35391926,MONROE,Rochester,1,,Y,43.1864980,-77.6112251,9/7/14,18:18,INJURY,4,0,2,COLLISION WITH MOTOR VEHICLE,RIGHT TURN (AGAINST OTHER CAR),NONE,DAYLIGHT,CLEAR,DRY
13984,34843217,MONROE,Rochester,1, 33 43032023,Y,43.1519350,-77.6289520,6/12/13,9:50,INJURY,1,0,2,COLLISION WITH MOTOR VEHICLE,RIGHT ANGLE,TRAFFIC SIGNAL,DAYLIGHT,CLEAR,DRY
13984,34712474,MONROE,Greece,3, 18 43031194,N,43.2528860,-77.6679250,3/29/13,16:38,INJURY,3,0,2,COLLISION WITH MOTOR VEHICLE,LEFT TURN (AGAINST OTHER CAR),TRAFFIC SIGNAL,DAYLIGHT,CLEAR,DRY
13984,34867777,MONROE,Brighton,3,,N,43.1103359,-77.6369276,7/28/13,2:12,PROPERTY DAMAGE AND INJURY,1,0,1,COLL. W/LIGHT SUPPORT/UTILITY POLE,OTHER,NONE,DARK-ROAD LIGHTED,CLOUDY,WET
13984,35005233,UNKNOWN COUNTY,,0, 31 43032054,N,43.1419244,-77.5855774,10/30/13,15:57,INJURY,1,0,2,COLLISION WITH MOTOR VEHICLE,LEFT TURN (AGAINST OTHER CAR),TRAFFIC SIGNAL,DAYLIGHT,CLEAR,DRY
13984,34927174,MONROE,Perinton,3,,Y,43.0791240,-77.4321141,8/29/13,17:10,INJURY,1,0,1,COLLISION WITH MOTOR VEHICLE,OTHER,TRAFFIC SIGNAL,DAYLIGHT,CLEAR,DRY
13984,34910368,MONROE,Gates,3, 33 43031134,N,43.1499326,-77.6858330,9/2/13,13:11,PROPERTY DAMAGE AND INJURY,1,0,2,COLLISION WITH MOTOR VEHICLE,REAR END,NONE,DAYLIGHT,CLEAR,DRY
13984,34879399,MONROE,Pittsford,4, 31 43033045,N,43.0907393,-77.5150023,8/5/13,9:46,PROPERTY DAMAGE AND INJURY,1,0,2,COLLISION WITH MOTOR VEHICLE,RIGHT ANGLE,NONE,DAYLIGHT,CLEAR,DRY
13984,34787107,MONROE,Riga,3,,N,43.0768770,-77.8263490,5/23/13,16:04,INJURY,1,0,1,COLLISION WITH SIGN POST,OTHER,NONE,DAYLIGHT,RAIN,WET
13984,35078536,MONROE,Webster,3,404 43035077,N,43.2050354,-77.4749863,1/8/14,19:00,PROPERTY DAMAGE AND INJURY,1,0,3,COLLISION WITH MOTOR VEHICLE,OTHER,NONE,DARK-ROAD LIGHTED,CLEAR,WET
13984,35536936,MONROE,Rochester,1, 31 43032017,Y,43.1646310,-77.6422550,12/29/14,17:41,INJURY,1,0,1,COLLISION WITH BICYCLIST,OTHER,TRAFFIC SIGNAL,DARK-ROAD LIGHTED,CLOUDY,DRY
13984,35417605,MONROE,Sweden,3, 31 43031054,N,43.1982848,-77.9272503,9/19/14,17:37,PROPERTY DAMAGE AND INJURY,2,0,2,COLLISION WITH MOTOR VEHICLE,REAR END,NONE,DAYLIGHT,CLEAR,DRY
13984,34883915,MONROE,Ogden,3,259 43011055,N,43.1725065,-77.8047339,8/8/13,7:37,PROPERTY DAMAGE AND INJURY,1,0,1,COLLISION WITH TREE,OTHER,NONE,DAYLIGHT,CLOUDY,WET
13984,34784841,MONROE,Rochester,1,383 43012011,Y,43.1337610,-77.6308290,3/2/13,0:31,INJURY,1,0,2,COLLISION WITH MOTOR VEHICLE,LEFT TURN (AGAINST OTHER CAR),NONE,DARK-ROAD LIGHTED,SNOW,SNOW/ICE
13984,35065689,MONROE,Rochester,1,,Y,43.1738490,-77.6541320,12/27/13,16:58,PROPERTY DAMAGE AND INJURY,2,0,2,COLLISION WITH MOTOR VEHICLE,RIGHT ANGLE,TRAFFIC SIGNAL,DUSK,CLEAR,WET
13984,34860887,MONROE,Chili,3,252 43011045,Y,43.0927494,-77.6815239,7/20/13,11:48,PROPERTY DAMAGE AND INJURY,1,0,2,COLLISION WITH MOTOR VEHICLE,OVERTAKING,TRAFFIC SIGNAL,DAYLIGHT,CLOUDY,WET