QUERYID,CASE #,REGN_CNTY_CDE,Municipality,MUNITYPE,REF_MRKR,ATINTERSECTION_IND,Lat,Long,,Time,Crash Type,Injuries,Fatalities,Number of Vehicles,ACCD_TYP,COLLISION_TYP,TRAF_CNTL,Light Condition,Weather Condition,Road Surface Condition
13984,34782609,MONROE,Brighton,3, 31 43033019,N,43.1148440,-77.5520960,5/22/13,13:28,PROPERTY DAMAGE AND INJURY,1,0,2,COLLISION WITH MOTOR VEHICLE,REAR END,TRAFFIC SIGNAL,DAYLIGHT,CLOUDY,DRY
13984,34766589,MONROE,Mendon,3,,N,42.9612153,-77.5348249,5/4/13,13:36,INJURY,3,0,1,COLL. W/EARTH ELE./ROCK CUT/DITCH,OTHER,NONE,DAYLIGHT,CLEAR,DRY
13984,35430241,MONROE,Henrietta,3,252 43011094,Y,43.0870540,-77.5893960,9/30/14,17:16,INJURY,1,0,2,COLLISION WITH MOTOR VEHICLE,REAR END,TRAFFIC SIGNAL,DAYLIGHT,CLEAR,DRY
13984,35459942,MONROE,Irondequoit,3,404 43035036,N,43.1770481,-77.5308067,11/7/14,6:50,PROPERTY DAMAGE AND INJURY,1,0,2,COLLISION WITH MOTOR VEHICLE,REAR END,NONE,DAWN,RAIN,WET
13984,34828240,MONROE,Rochester,1,,Y,43.1673620,-77.6169070,6/14/13,10:37,INJURY,1,0,2,COLLISION WITH MOTOR VEHICLE,REAR END,TRAFFIC SIGNAL,DAYLIGHT,CLEAR,DRY
13984,34887681,MONROE,Pittsford,3, 96 43051070,N,43.1072485,-77.5163509,8/7/13,20:10,PROPERTY DAMAGE AND INJURY,1,0,2,COLLISION WITH MOTOR VEHICLE,REAR END,NONE,DAYLIGHT,CLEAR,DRY
13984,34892921,MONROE,Ogden,3,531 43012016,N,43.1809692,-77.8239508,8/7/13,17:25,INJURY,1,0,1,COLLISION WITH GUIDE RAIL,OTHER,NONE,DAYLIGHT,CLEAR,DRY
13984,34919053,MONROE,Gates,3,940L43011016,Y,43.1550190,-77.6910330,9/10/13,8:15,PROPERTY DAMAGE AND INJURY,1,0,2,COLLISION WITH MOTOR VEHICLE,LEFT TURN (AGAINST OTHER CAR),STOP SIGN,DAYLIGHT,CLOUDY,WET
13984,35352628,MONROE,Greece,3,,N,43.2236620,-77.6843969,7/21/14,13:11,PROPERTY DAMAGE AND INJURY,1,0,2,COLLISION WITH MOTOR VEHICLE,REAR END,NONE,DAYLIGHT,CLEAR,DRY
13984,35047776,MONROE,Greece,3, 18 43031161,N,43.2536497,-77.7347235,12/12/13,3:50,INJURY,1,0,1,COLLISION WITH OTHER,OTHER,NONE,DARK-ROAD LIGHTED,SNOW,SNOW/ICE
13984,35031240,MONROE,Chili,3,252 43011044,N,43.0930789,-77.6852671,12/5/13,8:45,PROPERTY DAMAGE AND INJURY,1,0,2,COLLISION WITH MOTOR VEHICLE,LEFT TURN (WITH OTHER CAR),TRAFFIC SIGNAL,DAYLIGHT,CLOUDY,WET
13984,35308315,MONROE,Rochester,1,,Y,43.1584300,-77.6154310,6/10/14,21:25,INJURY,1,0,2,COLLISION WITH MOTOR VEHICLE,LEFT TURN (AGAINST OTHER CAR),TRAFFIC SIGNAL,DARK-ROAD LIGHTED,CLEAR,DRY
13984,35003875,MONROE,Perinton,3,250 43011032,N,43.0810157,-77.4421238,11/12/13,7:17,PROPERTY DAMAGE AND INJURY,2,0,2,COLLISION WITH MOTOR VEHICLE,RIGHT ANGLE,NONE,DAYLIGHT,CLOUDY,WET
13984,35352649,MONROE,Greece,3,,Y,43.2237520,-77.7074530,8/6/14,20:45,PROPERTY DAMAGE AND INJURY,2,0,1,OTHER NON-COLLISION,OTHER,STOP SIGN,DARK-ROAD LIGHTED,CLEAR,DRY
13984,35248263,MONROE,Rochester,1,,N,43.1377830,-77.6505950,4/18/14,18:05,INJURY,2,0,2,COLLISION WITH MOTOR VEHICLE,UNKNOWN,NONE,DAYLIGHT,CLEAR,DRY
13984,34994503,MONROE,Webster,3,,N,43.1979794,-77.4668975,11/5/13,22:10,PROPERTY DAMAGE AND INJURY,1,0,3,COLLISION WITH MOTOR VEHICLE,OTHER,NONE,DARK-ROAD UNLIGHTED,CLEAR,DRY
13984,35513156,MONROE,Rochester,1,,N,43.1754013,-77.5931063,12/11/14,1:18,INJURY,1,0,1,COLLISION WITH PEDESTRIAN,OTHER,NONE,DARK-ROAD LIGHTED,SNOW,SNOW/ICE
13984,34844295,MONROE,Rochester,1,,N,43.1918179,-77.6087130,7/5/13,17:34,PROPERTY DAMAGE AND INJURY,1,0,2,COLLISION WITH MOTOR VEHICLE,OTHER,TRAFFIC SIGNAL,DAYLIGHT,CLOUDY,DRY
13984,35116046,MONROE,Rochester,1,,N,43.1342194,-77.6119108,1/27/14,12:26,PROPERTY DAMAGE AND INJURY,1,0,1,COLLISION WITH TREE,OTHER,NONE,DAYLIGHT,CLOUDY,SNOW/ICE
13984,34874735,MONROE,Gates,3,,Y,43.1645840,-77.7115920,8/3/13,16:45,PROPERTY DAMAGE AND INJURY,3,0,2,COLLISION WITH MOTOR VEHICLE,RIGHT ANGLE,TRAFFIC SIGNAL,DAYLIGHT,CLEAR,DRY
13984,35120120,MONROE,Pittsford,3, 64 43021088,N,43.0659438,-77.5196115,1/3/14,15:30,PROPERTY DAMAGE AND INJURY,1,0,1,OTHER NON-COLLISION,OTHER,UNKNOWN,UNKNOWN,UNKNOWN,UNKNOWN
13984,35509268,MONROE,Pittsford,3, 65 43031125,Y,43.1078010,-77.5475070,12/2/14,16:35,PROPERTY DAMAGE AND INJURY,2,0,2,COLLISION WITH MOTOR VEHICLE,RIGHT ANGLE,STOP SIGN,DARK-ROAD UNLIGHTED,CLOUDY,WET
13984,35022081,MONROE,Rochester,1,,Y,43.1564800,-77.5680220,11/24/13,18:20,PROPERTY DAMAGE AND INJURY,1,0,3,COLLISION WITH MOTOR VEHICLE,OTHER,TRAFFIC SIGNAL,DARK-ROAD LIGHTED,CLOUDY,WET
13984,35425025,MONROE,Penfield,3,286 43011018,Y,43.1536660,-77.5060250,10/5/14,16:06,INJURY,1,0,2,COLLISION WITH MOTOR VEHICLE,REAR END,TRAFFIC SIGNAL,DAYLIGHT,CLOUDY,DRY
13984,35201234,MONROE,Webster,3,,N,43.2121856,-77.5047097,3/12/14,15:09,PROPERTY DAMAGE AND INJURY,1,0,2,COLLISION WITH MOTOR VEHICLE,RIGHT ANGLE,NONE,DAYLIGHT,SNOW,SNOW/ICE
13984,34960470,MONROE,Irondequoit,3,,Y,43.2479315,-77.6085162,10/6/13,19:13,INJURY,1,0,1,COLLISION WITH BICYCLIST,OTHER,NO PASSING ZONE,DARK-ROAD LIGHTED,CLEAR,DRY
13984,34885489,MONROE,Rochester,1,490I43022039,N,43.1482011,-77.6024448,8/9/13,7:15,PROPERTY DAMAGE AND INJURY,1,0,2,COLLISION WITH MOTOR VEHICLE,OVERTAKING,NONE,DAYLIGHT,RAIN,WET
13984,34694862,MONROE,Rochester,1, 18 43032005,N,43.2107315,-77.6385842,3/10/13,16:34,INJURY,1,0,2,COLLISION WITH MOTOR VEHICLE,RIGHT ANGLE,NONE,DAYLIGHT,CLOUDY,DRY
13984,35352597,MONROE,Pittsford,3, 31 43033057,N,43.0808505,-77.4938362,7/29/14,14:52,PROPERTY DAMAGE AND INJURY,1,0,2,COLLISION WITH MOTOR VEHICLE,RIGHT ANGLE,TRAFFIC SIGNAL,DAYLIGHT,CLEAR,DRY
13984,35322511,MONROE,Rochester,1,,N,43.1670370,-77.6416860,6/9/14,23:31,PROPERTY DAMAGE AND INJURY,1,0,2,COLLISION WITH MOTOR VEHICLE,RIGHT ANGLE,STOP SIGN,DARK-ROAD LIGHTED,CLEAR,DRY
13984,34834691,MONROE,Greece,3,,Y,43.2058530,-77.6702690,7/1/13,9:38,INJURY,1,0,2,COLLISION WITH MOTOR VEHICLE,REAR END,TRAFFIC SIGNAL,DAYLIGHT,CLOUDY,DRY
13984,35208064,MONROE,Brighton,3, 31 43033002,Y,43.1337850,-77.5727700,4/4/14,13:37,PROPERTY DAMAGE AND INJURY,1,0,2,COLLISION WITH MOTOR VEHICLE,LEFT TURN (AGAINST OTHER CAR),TRAFFIC SIGNAL,DAYLIGHT,RAIN,WET
13984,34941545,MONROE,Gates,3,490I43021181,N,43.1577560,-77.6740119,9/23/13,8:33,PROPERTY DAMAGE AND INJURY,1,0,2,COLLISION WITH MOTOR VEHICLE,REAR END,NONE,DAYLIGHT,CLOUDY,DRY
13984,35034763,MONROE,Rochester,1,,Y,43.2019420,-77.6279100,12/8/13,14:03,PROPERTY DAMAGE AND INJURY,1,0,1,COLLISION WITH GUIDE RAIL,OTHER,NONE,DAYLIGHT,CLOUDY,DRY
13984,35068941,MONROE,Gates,3,940L43011022,N,43.1635147,-77.6911412,1/2/14,11:15,PROPERTY DAMAGE AND INJURY,1,0,2,COLLISION WITH MOTOR VEHICLE,REAR END,NONE,DAYLIGHT,SNOW,SNOW/ICE
13984,34871917,MONROE,Rochester,1,,Y,43.1598280,-77.5943320,7/25/13,20:41,PROPERTY DAMAGE AND INJURY,2,0,2,COLLISION WITH MOTOR VEHICLE,RIGHT ANGLE,NONE,DARK-ROAD LIGHTED,CLEAR,DRY
13984,34681367,MONROE,Rochester,1,,N,43.2033300,-77.6517000,3/2/13,14:35,PROPERTY DAMAGE AND INJURY,3,0,2,COLLISION WITH MOTOR VEHICLE,OVERTAKING,TRAFFIC SIGNAL,DAYLIGHT,CLOUDY,WET
13984,35514215,MONROE,Rochester,1,,N,43.1282399,-77.6532569,12/10/14,12:47,PROPERTY DAMAGE AND INJURY,1,0,1,COLLISION WITH TREE,OTHER,NONE,DAYLIGHT,SNOW,SNOW/ICE
13984,34788750,MONROE,Brighton,3, 31 43033009,Y,43.1264530,-77.5646080,5/28/13,21:19,INJURY,1,0,2,COLLISION WITH MOTOR VEHICLE,RIGHT ANGLE,TRAFFIC SIGNAL,DARK-ROAD LIGHTED,RAIN,WET
13984,35470838,MONROE,Rochester,1,,N,43.1673620,-77.6169070,10/27/14,16:33,PROPERTY DAMAGE AND INJURY,3,0,2,COLLISION WITH MOTOR VEHICLE,REAR END,NONE,DAYLIGHT,CLEAR,DRY
13984,35459678,MONROE,Rochester,1,,Y,43.1672200,-77.6105530,11/5/14,8:13,PROPERTY DAMAGE AND INJURY,2,0,2,COLLISION WITH MOTOR VEHICLE,OVERTAKING,TRAFFIC SIGNAL,DAYLIGHT,CLEAR,DRY
13984,35078527,MONROE,Brighton,3,490I43023015,N,43.1296234,-77.5251263,1/7/14,7:47,INJURY,1,0,1,COLLISION WITH GUIDERAIL - END,OTHER,NONE,DAYLIGHT,SNOW,SNOW/ICE
13984,35314080,MONROE,Pittsford,4, 31 43033044,N,43.0910396,-77.5158595,7/5/14,16:39,INJURY,1,0,2,COLLISION WITH MOTOR VEHICLE,REAR END,TRAFFIC SIGNAL,DAYLIGHT,CLEAR,DRY
13984,35322508,MONROE,Rochester,1,940M43011008,Y,43.1757100,-77.6301080,7/4/14,23:49,PROPERTY DAMAGE AND INJURY,1,0,2,COLLISION WITH MOTOR VEHICLE,RIGHT ANGLE,TRAFFIC SIGNAL,DARK-ROAD LIGHTED,CLEAR,DRY
13984,34957184,MONROE,Brighton,3, 15 43031127,Y,43.1117270,-77.6239260,10/9/13,14:50,PROPERTY DAMAGE AND INJURY,2,0,2,COLLISION WITH MOTOR VEHICLE,REAR END,TRAFFIC SIGNAL,DAYLIGHT,CLEAR,DRY
13984,35227725,MONROE,Gates,3,,Y,43.1723420,-77.7015780,4/18/14,13:09,PROPERTY DAMAGE AND INJURY,2,0,2,COLLISION WITH MOTOR VEHICLE,LEFT TURN (AGAINST OTHER CAR),NONE,DAYLIGHT,CLEAR,DRY
13984,35234992,MONROE,Greece,3,,N,43.2197143,-77.6478277,4/25/14,16:19,INJURY,1,0,2,COLLISION WITH MOTOR VEHICLE,REAR END,NONE,DAYLIGHT,CLOUDY,DRY
13984,34919029,MONROE,Rochester,1, 96 43052026,Y,43.1550410,-77.5944240,9/9/13,8:03,INJURY,1,0,2,COLLISION WITH BICYCLIST,OTHER,TRAFFIC SIGNAL,DAYLIGHT,CLEAR,DRY
13984,35335731,MONROE,Rochester,1,,N,43.1905110,-77.5920447,5/29/14,21:39,PROPERTY DAMAGE AND INJURY,1,0,1,COLLISION WITH TREE,OTHER,NONE,DARK-ROAD LIGHTED,CLEAR,DRY
13984,34879310,MONROE,Rochester,1,,Y,43.1938500,-77.6242080,8/3/13,23:40,INJURY,1,0,1,COLLISION WITH PEDESTRIAN,OTHER,NONE,DARK-ROAD LIGHTED,CLEAR,DRY
13984,34838066,MONROE,Rochester,1, 15A43042002,N,43.1138891,-77.6161524,7/6/13,22:19,PROPERTY DAMAGE AND INJURY,1,0,1,COLLISION WITH TREE,OTHER,NONE,DARK-ROAD UNLIGHTED,CLEAR,DRY
13984,34975742,MONROE,Penfield,3,,Y,43.1424338,-77.4755639,10/24/13,11:10,PROPERTY DAMAGE AND INJURY,1,0,2,COLLISION WITH MOTOR VEHICLE,LEFT TURN (AGAINST OTHER CAR),TRAFFIC SIGNAL,DAYLIGHT,CLEAR,DRY
13984,35330455,MONROE,Hamlin,3,,Y,43.3092320,-77.8228621,7/12/14,2:31,PROPERTY DAMAGE AND INJURY,1,0,1,COLL. W/LIGHT SUPPORT/UTILITY POLE,OTHER,STOP SIGN,DARK-ROAD UNLIGHTED,CLEAR,DRY
13984,35436572,MONROE,Rochester,1,,N,43.1685781,-77.5837273,10/12/14,1:43,PROPERTY DAMAGE AND INJURY,1,0,2,COLLISION WITH MOTOR VEHICLE,OVERTAKING,NONE,DARK-ROAD LIGHTED,CLEAR,DRY
13984,35449390,MONROE,Rochester,1, 31 43032026,Y,43.1593880,-77.6269920,10/24/14,21:28,PROPERTY DAMAGE AND INJURY,9,0,3,COLLISION WITH MOTOR VEHICLE,OTHER,TRAFFIC SIGNAL,DARK-ROAD LIGHTED,CLEAR,DRY
13984,34947817,MONROE,Riga,3, 36 43031076,N,43.0884997,-77.8846425,9/25/13,18:32,PROPERTY DAMAGE AND INJURY,1,0,1,COLLISION WITH OTHER FIXED OBJECT,OTHER,NONE,DAYLIGHT,CLEAR,DRY
13984,35062364,MONROE,Rochester,1,,N,43.1480184,-77.5779579,12/28/13,11:52,PROPERTY DAMAGE AND INJURY,1,0,2,COLLISION WITH MOTOR VEHICLE,OVERTAKING,NONE,DAYLIGHT,CLOUDY,WET
13984,34770517,MONROE,Greece,3,104 43031137,Y,43.2145280,-77.7318020,5/10/13,15:24,PROPERTY DAMAGE AND INJURY,1,0,2,COLLISION WITH MOTOR VEHICLE,REAR END,TRAFFIC SIGNAL,DAYLIGHT,CLOUDY,DRY
13984,35388140,MONROE,Rochester,1,940K43011004,N,43.1575101,-77.6594171,9/7/14,7:47,PROPERTY DAMAGE AND INJURY,1,0,1,COLL. W/LIGHT SUPPORT/UTILITY POLE,OTHER,TRAFFIC SIGNAL,DAYLIGHT,CLEAR,DRY
13984,34792748,MONROE,Henrietta,3,,Y,43.0908120,-77.6152610,5/22/13,17:31,INJURY,1,0,2,COLLISION WITH MOTOR VEHICLE,REAR END,NONE,DAYLIGHT,CLEAR,DRY
13984,34740006,MONROE,Ogden,3, 33 43031092,N,43.1372941,-77.7652704,4/17/13,8:56,PROPERTY DAMAGE AND INJURY,1,0,2,COLLISION WITH MOTOR VEHICLE,REAR END,TRAFFIC SIGNAL,DAYLIGHT,CLEAR,DRY
13984,34698612,MONROE,Greece,3,,Y,43.2469340,-77.6965320,3/18/13,14:02,PROPERTY DAMAGE AND INJURY,1,0,4,COLLISION WITH MOTOR VEHICLE,OTHER,NONE,DAYLIGHT,CLOUDY,DRY
13984,34977247,MONROE,Rochester,1,,Y,43.1710500,-77.5787180,10/17/13,23:50,INJURY,1,0,1,COLLISION WITH BICYCLIST,OTHER,TRAFFIC SIGNAL,DARK-ROAD LIGHTED,RAIN,WET
13984,35260615,MONROE,Perinton,3,,N,43.1086482,-77.4601300,5/11/14,12:17,INJURY,1,0,1,COLLISION WITH BICYCLIST,OTHER,NONE,DAYLIGHT,CLEAR,DRY
13984,34945957,MONROE,Irondequoit,3,,Y,43.2312740,-77.5449421,9/27/13,16:20,INJURY,1,0,2,COLLISION WITH MOTOR VEHICLE,RIGHT ANGLE,NONE,DAYLIGHT,CLEAR,DRY
13984,35420367,MONROE,Brighton,3,490I43023015,N,43.1293025,-77.5247405,10/3/14,8:04,INJURY,1,0,2,COLLISION WITH MOTOR VEHICLE,REAR END,YIELD SIGN,DAYLIGHT,CLEAR,DRY
13984,35333031,MONROE,Greece,3, 18 43031207,Y,43.2502180,-77.6468060,5/28/14,13:51,INJURY,1,0,2,COLLISION WITH MOTOR VEHICLE,RIGHT ANGLE,STOP SIGN,DAYLIGHT,CLEAR,DRY
13984,35087113,MONROE,Greece,3,,N,43.2433421,-77.6561516,1/13/14,15:31,INJURY,1,0,1,COLLISION WITH BICYCLIST,OTHER,NONE,DAYLIGHT,CLOUDY,WET
13984,34750808,MONROE,Rush,3, 15A43041046,N,42.9958609,-77.6456828,4/27/13,13:44,PROPERTY DAMAGE AND INJURY,1,0,2,COLLISION WITH MOTOR VEHICLE,REAR END,TRAFFIC SIGNAL,DAYLIGHT,CLEAR,DRY
13984,34906314,MONROE,Rochester,1,,Y,43.1600670,-77.6076169,8/29/13,11:54,PROPERTY DAMAGE AND INJURY,1,0,2,COLLISION WITH BICYCLIST,OTHER,TRAFFIC SIGNAL,DAYLIGHT,CLEAR,DRY
13984,35348180,MONROE,Rochester,1,,Y,43.1756490,-77.5829030,7/24/14,0:31,PROPERTY DAMAGE AND INJURY,2,0,2,COLLISION WITH MOTOR VEHICLE,REAR END,NONE,DARK-ROAD LIGHTED,CLOUDY,DRY
13984,35156840,MONROE,Rochester,1,,Y,43.1708040,-77.6008060,2/26/14,13:36,PROPERTY DAMAGE AND INJURY,3,0,2,COLLISION WITH MOTOR VEHICLE,RIGHT ANGLE,TRAFFIC SIGNAL,DAYLIGHT,CLEAR,DRY
13984,34859600,MONROE,Brighton,3, 96 43051087,Y,43.1284510,-77.5289370,7/21/13,9:06,PROPERTY DAMAGE AND INJURY,1,0,1,COLLISION WITH TREE,OTHER,TRAFFIC SIGNAL,DAYLIGHT,CLEAR,DRY
13984,34788748,MONROE,Gates,3, 31 43031186,N,43.1646978,-77.6795810,5/25/13,18:46,INJURY,1,0,2,COLLISION WITH MOTOR VEHICLE,RIGHT ANGLE,NONE,DAYLIGHT,CLEAR,DRY
13984,35215368,MONROE,Rochester,1,,Y,43.1870920,-77.5918450,4/4/14,2:19,INJURY,1,0,3,COLLISION WITH MOTOR VEHICLE,OTHER,TRAFFIC SIGNAL,DARK-ROAD LIGHTED,CLEAR,DRY
13984,35517091,MONROE,Rochester,1, 33 43032017,Y,43.1499920,-77.6402140,12/13/14,7:25,PROPERTY DAMAGE AND INJURY,1,0,2,COLLISION WITH MOTOR VEHICLE,LEFT TURN (AGAINST OTHER CAR),NONE,DAYLIGHT,SNOW,SNOW/ICE
13984,35208027,MONROE,Greece,3,,N,43.2158009,-77.6588210,4/6/14,16:32,PROPERTY DAMAGE AND INJURY,2,0,3,COLLISION WITH BUILDING/WALL,OTHER,NONE,DAYLIGHT,CLEAR,DRY
13984,35507570,MONROE,Chili,3,,N,43.1097140,-77.8183398,12/10/14,10:54,INJURY,1,0,1,COLL. W/EARTH ELE./ROCK CUT/DITCH,OTHER,NONE,DAYLIGHT,SNOW,SNOW/ICE
13984,34755200,MONROE,Greece,3,,N,43.2237265,-77.6624463,4/29/13,15:39,PROPERTY DAMAGE AND INJURY,1,0,2,OVERTURNED,REAR END,TRAFFIC SIGNAL,DAYLIGHT,CLOUDY,DRY
13984,34975572,MONROE,Rochester,1,,N,43.1759374,-77.5761042,10/16/13,17:37,INJURY,1,0,2,COLLISION WITH MOTOR VEHICLE,REAR END,NONE,DAYLIGHT,CLOUDY,DRY
13984,35382424,MONROE,Pittsford,3,,Y,43.1232529,-77.5070609,8/3/14,13:59,PROPERTY DAMAGE AND INJURY,1,0,2,COLLISION WITH MOTOR VEHICLE,REAR END,TRAFFIC SIGNAL,DAYLIGHT,CLOUDY,DRY
13984,35458955,MONROE,Brighton,3,590I43011022,N,43.1082120,-77.5641107,11/5/14,19:45,PROPERTY DAMAGE AND INJURY,1,0,1,COLLISION WITH DEER,OTHER,NONE,DARK-ROAD UNLIGHTED,CLOUDY,DRY
13984,35392431,MONROE,Wheatland,3,383 43011025,Y,43.0134450,-77.8183061,7/16/14,15:19,FATAL,7,1,2,COLLISION WITH MOTOR VEHICLE,UNKNOWN,STOP SIGN,DAYLIGHT,CLEAR,DRY
13984,35322501,MONROE,Rochester,1,,Y,43.1418740,-77.6086690,6/30/14,20:25,INJURY,2,0,1,COLLISION WITH BICYCLIST,OTHER,NONE,DAYLIGHT,CLEAR,DRY
13984,35179902,MONROE,Brighton,3,590I43011008,N,43.1101940,-77.5998880,3/3/14,9:50,PROPERTY DAMAGE AND INJURY,1,0,1,COLLISION WITH OTHER BARRIER,OTHER,NONE,DAYLIGHT,CLOUDY,SNOW/ICE
13984,34832359,MONROE,Rochester,1,,Y,43.1600670,-77.6076169,6/11/13,6:57,INJURY,1,0,1,COLLISION WITH BICYCLIST,OTHER,TRAFFIC SIGNAL,DAYLIGHT,CLEAR,DRY
13984,34930296,MONROE,Gates,3,386 43011121,Y,43.1747690,-77.7323590,9/13/13,14:44,PROPERTY DAMAGE AND INJURY,1,0,2,COLLISION WITH MOTOR VEHICLE,RIGHT ANGLE,TRAFFIC SIGNAL,DAYLIGHT,CLOUDY,WET
13984,35394337,MONROE,Perinton,3,,Y,43.0790430,-77.4622230,9/7/14,6:00,PROPERTY DAMAGE AND INJURY,1,0,1,COLLISION WITH GUIDE RAIL,OTHER,TRAFFIC SIGNAL,DUSK,CLOUDY,DRY
13984,35428081,MONROE,Gates,3, 31 43031155,Y,43.1746820,-77.7376141,10/9/14,7:21,PROPERTY DAMAGE AND INJURY,4,0,3,COLLISION WITH MOTOR VEHICLE,OTHER,NONE,DAYLIGHT,CLEAR,DRY
13984,35161633,MONROE,Chili,3,383 43011142,Y,43.1125592,-77.6704447,2/27/14,9:37,PROPERTY DAMAGE AND INJURY,3,0,2,COLLISION WITH MOTOR VEHICLE,HEAD ON,NONE,DAYLIGHT,SNOW,SNOW/ICE
13984,35370086,MONROE,Rochester,1, 31 43032004,Y,43.1646760,-77.6687809,8/8/14,16:39,INJURY,1,0,1,COLLISION WITH CURBING,OTHER,NONE,DAYLIGHT,CLEAR,DRY
13984,35247297,MONROE,Rochester,1,,Y,43.1780780,-77.5811960,5/2/14,8:42,PROPERTY DAMAGE AND INJURY,2,0,2,COLLISION WITH MOTOR VEHICLE,RIGHT ANGLE,STOP SIGN,DAYLIGHT,CLOUDY,WET
13984,35364185,MONROE,Rochester,1,940M43011012,Y,43.1809370,-77.6317380,8/9/14,13:35,PROPERTY DAMAGE AND INJURY,1,0,2,COLLISION WITH MOTOR VEHICLE,RIGHT ANGLE,TRAFFIC SIGNAL,DAYLIGHT,CLEAR,DRY
13984,35500690,MONROE,Irondequoit,3,,N,43.2033722,-77.6005643,11/29/14,19:39,PROPERTY DAMAGE AND INJURY,4,0,2,COLLISION WITH MOTOR VEHICLE,OVERTAKING,NONE,DARK-ROAD LIGHTED,CLEAR,DRY
13984,34909299,MONROE,Gates,3,390 43011000,N,43.1567516,-77.6819180,8/10/13,23:56,PROPERTY DAMAGE AND INJURY,1,0,3,COLLISION WITH MOTOR VEHICLE,OTHER,NONE,DARK-ROAD LIGHTED,CLEAR,DRY
13984,34757985,MONROE,Perinton,3, 96 43051010,N,43.0416206,-77.4620039,4/26/13,15:29,PROPERTY DAMAGE AND INJURY,1,0,3,COLLISION WITH MOTOR VEHICLE,OTHER,NONE,DAYLIGHT,CLEAR,DRY
13984,35123439,MONROE,Sweden,3, 31 43031051,N,43.1983170,-77.9331425,1/30/14,20:37,PROPERTY DAMAGE AND INJURY,1,0,2,COLLISION WITH MOTOR VEHICLE,OVERTAKING,NONE,DARK-ROAD UNLIGHTED,CLOUDY,SNOW/ICE
13984,34828189,MONROE,Irondequoit,3,,Y,43.2303910,-77.5993290,6/23/13,15:00,PROPERTY DAMAGE AND INJURY,2,0,2,COLLISION WITH MOTOR VEHICLE,LEFT TURN (AGAINST OTHER CAR),TRAFFIC SIGNAL,DAYLIGHT,CLEAR,DRY
13984,34958785,MONROE,Churchville,4, 33 43031034,N,43.1083340,-77.8706101,10/11/13,17:30,PROPERTY DAMAGE AND INJURY,2,0,2,COLLISION WITH MOTOR VEHICLE,RIGHT ANGLE,STOP SIGN,DUSK,CLEAR,DRY
13984,35298218,MONROE,Brighton,3, 15 43031126,Y,43.1101900,-77.6247610,6/19/14,17:18,PROPERTY DAMAGE AND INJURY,1,0,2,COLLISION WITH MOTOR VEHICLE,LEFT TURN (WITH OTHER CAR),TRAFFIC SIGNAL,DAYLIGHT,CLEAR,DRY
13984,34786125,MONROE,Pittsford,3, 65 43031112,N,43.0886738,-77.5431268,5/17/13,15:31,PROPERTY DAMAGE AND INJURY,1,0,3,COLLISION WITH MOTOR VEHICLE,OTHER,NONE,DAYLIGHT,CLEAR,DRY
13984,35221448,MONROE,Irondequoit,3,,N,43.1961701,-77.5767656,4/11/14,16:36,INJURY,1,0,2,COLLISION WITH MOTOR VEHICLE,REAR END,NONE,DAYLIGHT,CLEAR,DRY
13984,35080334,MONROE,Rochester,1,,N,43.1954668,-77.6384812,1/5/14,19:45,PROPERTY DAMAGE AND INJURY,1,0,2,COLLISION WITH MOTOR VEHICLE,REAR END,NONE,DARK-ROAD LIGHTED,RAIN,SNOW/ICE
13984,35391469,MONROE,Greece,3,,N,43.2383713,-77.6655644,9/1/14,20:23,PROPERTY DAMAGE AND INJURY,2,0,2,COLLISION WITH MOTOR VEHICLE,REAR END,NONE,DAYLIGHT,CLEAR,DRY
13984,34784834,MONROE,Rochester,1,,Y,43.1769150,-77.6394610,5/16/13,16:00,PROPERTY DAMAGE AND INJURY,1,0,2,COLLISION WITH MOTOR VEHICLE,HEAD ON,STOP SIGN,DAYLIGHT,CLEAR,DRY
13984,35059034,MONROE,Brighton,3, 65 43031127,N,43.1104683,-77.5477108,12/22/13,20:09,PROPERTY DAMAGE AND INJURY,1,0,2,COLLISION WITH MOTOR VEHICLE,RIGHT ANGLE,NONE,DARK-ROAD LIGHTED,CLOUDY,WET
13984,35041319,MONROE,Rochester,1,,Y,43.1591770,-77.6072400,11/26/13,17:26,INJURY,1,0,1,COLLISION WITH PEDESTRIAN,OTHER,TRAFFIC SIGNAL,DARK-ROAD LIGHTED,SNOW,WET
13984,34969285,MONROE,Rush,3,390I43031038,N,42.9911437,-77.6794920,10/20/13,17:09,PROPERTY DAMAGE AND INJURY,3,0,3,COLLISION WITH MOTOR VEHICLE,OTHER,TRAFFIC SIGNAL,DUSK,CLOUDY,DRY
13984,35016724,MONROE,East Rochester,3, 31F43011016,Y,43.1049379,-77.4890748,11/16/13,18:21,PROPERTY DAMAGE AND INJURY,1,0,2,COLLISION WITH MOTOR VEHICLE,REAR END,TRAFFIC SIGNAL,DARK-ROAD LIGHTED,CLOUDY,DRY