QUERYID,CASE #,REGN_CNTY_CDE,Municipality,MUNITYPE,REF_MRKR,ATINTERSECTION_IND,Lat,Long,,Time,Crash Type,Injuries,Fatalities,Number of Vehicles,ACCD_TYP,COLLISION_TYP,TRAF_CNTL,Light Condition,Weather Condition,Road Surface Condition
13984,35541418,MONROE,Greece,3,,Y,43.1919630,-77.6801730,12/29/14,23:20,PROPERTY DAMAGE AND INJURY,1,0,2,COLLISION WITH MOTOR VEHICLE,RIGHT ANGLE,TRAFFIC SIGNAL,DARK-ROAD LIGHTED,CLOUDY,SNOW/ICE
13984,35412447,MONROE,Penfield,3,441 43011048,N,43.1308735,-77.4492920,9/26/14,11:19,INJURY,1,0,2,COLLISION WITH MOTOR VEHICLE,REAR END,TRAFFIC SIGNAL,DAYLIGHT,CLEAR,DRY
13984,34865354,MONROE,Henrietta,3,,Y,43.0865750,-77.6569950,7/3/13,2:25,INJURY,1,0,1,COLLISION WITH BICYCLIST,OTHER,TRAFFIC SIGNAL,DARK-ROAD LIGHTED,CLOUDY,WET
13984,35179907,MONROE,Penfield,3,404 43035057,Y,43.1898660,-77.5039131,2/27/14,12:12,INJURY,1,0,2,COLLISION WITH MOTOR VEHICLE,REAR END,TRAFFIC SIGNAL,DAYLIGHT,SNOW,SNOW/ICE
13984,34930605,MONROE,Rochester,1,590I43012003,N,43.1421545,-77.5512506,9/4/13,7:41,INJURY,1,0,2,COLLISION WITH MOTOR VEHICLE,REAR END,NONE,DAYLIGHT,CLOUDY,DRY
13984,34890477,MONROE,Rochester,1,940M43011005,Y,43.1717340,-77.6280679,8/16/13,17:24,PROPERTY DAMAGE AND INJURY,1,0,2,COLLISION WITH MOTOR VEHICLE,LEFT TURN (AGAINST OTHER CAR),TRAFFIC SIGNAL,DAYLIGHT,CLEAR,DRY
13984,35378226,MONROE,Brighton,3, 15A43041128,N,43.1080070,-77.6159370,8/11/14,12:45,PROPERTY DAMAGE AND INJURY,1,0,2,COLLISION WITH MOTOR VEHICLE,RIGHT ANGLE,TRAFFIC SIGNAL,DAYLIGHT,CLEAR,DRY
13984,34966701,MONROE,Henrietta,3,252 43011056,Y,43.0926379,-77.6627950,10/19/13,23:36,PROPERTY DAMAGE AND INJURY,1,0,2,COLLISION WITH MOTOR VEHICLE,RIGHT ANGLE,STOP SIGN,DARK-ROAD LIGHTED,CLOUDY,WET
13984,35372731,MONROE,Rochester,1,490I43022015,N,43.1571277,-77.6432096,8/21/14,17:36,PROPERTY DAMAGE AND INJURY,1,0,2,COLLISION WITH MOTOR VEHICLE,REAR END,NONE,DAYLIGHT,CLOUDY,DRY
13984,35302023,MONROE,Rochester,1,,Y,43.1769390,-77.6359581,6/21/14,23:17,PROPERTY DAMAGE AND INJURY,1,0,1,COLLISION WITH TREE,OTHER,STOP SIGN,DARK-ROAD LIGHTED,CLEAR,DRY
13984,35116080,MONROE,Rochester,1,,Y,43.1543990,-77.6030860,1/27/14,0:01,INJURY,1,0,2,COLLISION WITH MOTOR VEHICLE,LEFT TURN (AGAINST OTHER CAR),TRAFFIC SIGNAL,DARK-ROAD LIGHTED,CLOUDY,WET
13984,35515565,MONROE,Brighton,3, 31 43033000,Y,43.1362140,-77.5755050,12/4/14,13:47,PROPERTY DAMAGE AND INJURY,1,0,1,COLLISION WITH SIGN POST,OTHER,TRAFFIC SIGNAL,DAYLIGHT,CLEAR,DRY
13984,35053569,MONROE,Chili,3,383 43011156,N,43.1222290,-77.6477810,12/12/13,13:25,PROPERTY DAMAGE AND INJURY,2,0,2,COLLISION WITH MOTOR VEHICLE,RIGHT TURN (AGAINST OTHER CAR),TRAFFIC SIGNAL,DAYLIGHT,CLOUDY,WET
13984,35430234,MONROE,Henrietta,3,,N,43.0795524,-77.6873876,9/27/14,8:20,INJURY,1,0,2,COLLISION WITH MOTOR VEHICLE,RIGHT TURN (WITH OTHER CAR),NONE,DAYLIGHT,CLEAR,DRY
13984,34949964,MONROE,Rochester,1,,N,43.1938990,-77.6520060,9/18/13,7:20,PROPERTY DAMAGE AND INJURY,1,0,2,COLLISION WITH MOTOR VEHICLE,REAR END,NONE,DAYLIGHT,CLEAR,DRY
13984,34941085,MONROE,Henrietta,3,252 43011086,N,43.0871536,-77.6042658,9/27/13,17:36,PROPERTY DAMAGE AND INJURY,1,0,3,COLLISION WITH MOTOR VEHICLE,OTHER,NONE,DAYLIGHT,CLEAR,DRY
13984,35337052,MONROE,Greece,3, 18 43031189,Y,43.2529410,-77.6776870,7/18/14,17:40,PROPERTY DAMAGE AND INJURY,2,0,2,COLLISION WITH MOTOR VEHICLE,LEFT TURN (AGAINST OTHER CAR),TRAFFIC SIGNAL,DAYLIGHT,CLEAR,DRY
13984,35330454,MONROE,Penfield,3,,Y,43.1391890,-77.4926420,7/15/14,22:22,PROPERTY DAMAGE AND INJURY,1,0,2,COLLISION WITH MOTOR VEHICLE,REAR END,NONE,DARK-ROAD UNLIGHTED,CLOUDY,DRY
13984,35324603,MONROE,Brighton,3, 15 43031126,N,43.1100112,-77.6248569,7/13/14,13:58,INJURY,2,0,2,COLLISION WITH MOTOR VEHICLE,REAR END,TRAFFIC SIGNAL,DAYLIGHT,RAIN,WET
13984,35487744,MONROE,Rochester,1,,N,43.1419410,-77.5947160,11/25/14,17:09,INJURY,1,0,1,COLLISION WITH BICYCLIST,OTHER,TRAFFIC SIGNAL,DARK-ROAD LIGHTED,RAIN,WET
13984,35059956,MONROE,Irondequoit,3,,Y,43.1975090,-77.5847150,12/20/13,20:00,PROPERTY DAMAGE AND INJURY,2,0,2,COLLISION WITH MOTOR VEHICLE,REAR END,TRAFFIC SIGNAL,DARK-ROAD LIGHTED,RAIN,WET
13984,35029028,MONROE,Brighton,3,441 43011105,Y,43.1280560,-77.5214689,12/3/13,12:09,PROPERTY DAMAGE AND INJURY,2,0,3,COLLISION WITH MOTOR VEHICLE,OTHER,TRAFFIC SIGNAL,DAYLIGHT,CLEAR,DRY
13984,35525805,MONROE,Webster,3,,N,43.2156510,-77.4465970,12/23/14,13:32,PROPERTY DAMAGE AND INJURY,1,0,2,COLLISION WITH MOTOR VEHICLE,RIGHT ANGLE,TRAFFIC SIGNAL,DAYLIGHT,CLOUDY,DRY
13984,35131975,MONROE,Greece,3, 18 43031226,Y,43.2232330,-77.6413420,2/9/14,18:10,PROPERTY DAMAGE AND INJURY,1,0,2,COLLISION WITH MOTOR VEHICLE,RIGHT ANGLE,TRAFFIC SIGNAL,DARK-ROAD LIGHTED,SNOW,SNOW/ICE
13984,34687141,MONROE,Brighton,3, 65 43031136,Y,43.1240680,-77.5483301,3/8/13,15:57,PROPERTY DAMAGE AND INJURY,1,0,2,COLLISION WITH MOTOR VEHICLE,REAR END,NONE,DAYLIGHT,CLEAR,DRY
13984,34920321,MONROE,Brighton,3,490I43023010,N,43.1347698,-77.5311030,9/10/13,9:25,PROPERTY DAMAGE AND INJURY,1,0,2,COLLISION WITH MOTOR VEHICLE,REAR END,NONE,DAYLIGHT,CLOUDY,WET
13984,34752342,MONROE,Gates,3,940L43011019,Y,43.1590750,-77.6910880,4/25/13,14:20,INJURY,1,0,1,COLLISION WITH BICYCLIST,OTHER,STOP SIGN,DAYLIGHT,CLEAR,DRY
13984,35220302,MONROE,Greece,3,,N,43.2099607,-77.6957571,4/10/14,14:09,PROPERTY DAMAGE AND INJURY,2,0,3,COLLISION WITH MOTOR VEHICLE,OTHER,NONE,DAYLIGHT,CLEAR,DRY
13984,34923237,MONROE,Ogden,3,259 43011061,N,43.1805724,-77.8042898,9/13/13,17:23,PROPERTY DAMAGE AND INJURY,1,0,3,COLLISION WITH MOTOR VEHICLE,OTHER,NONE,DAYLIGHT,RAIN,WET
13984,35342198,MONROE,Webster,3,404 43035067,N,43.2031969,-77.4946321,7/25/14,2:28,PROPERTY DAMAGE AND INJURY,2,0,1,COLLISION WITH SIGN POST,OTHER,NONE,DARK-ROAD LIGHTED,CLEAR,DRY
13984,35156961,MONROE,Brighton,3, 96 43051087,Y,43.1284510,-77.5289370,2/27/14,16:45,PROPERTY DAMAGE AND INJURY,1,0,2,COLLISION WITH MOTOR VEHICLE,LEFT TURN (WITH OTHER CAR),TRAFFIC SIGNAL,DAYLIGHT,CLOUDY,SNOW/ICE
13984,35439299,MONROE,Greece,3,,Y,43.1869140,-77.7015110,10/20/14,7:59,PROPERTY DAMAGE AND INJURY,1,0,2,COLLISION WITH MOTOR VEHICLE,LEFT TURN (AGAINST OTHER CAR),TRAFFIC SIGNAL,DAYLIGHT,CLOUDY,DRY
13984,34783793,MONROE,Henrietta,3,390I43031092,N,43.0624419,-77.6397135,5/17/13,22:12,PROPERTY DAMAGE AND INJURY,3,0,2,COLLISION WITH MOTOR VEHICLE,OVERTAKING,NONE,DARK-ROAD UNLIGHTED,CLEAR,DRY
13984,35221463,MONROE,Rochester,1,,Y,43.1632150,-77.6216080,4/10/14,15:56,PROPERTY DAMAGE AND INJURY,1,0,2,COLLISION WITH MOTOR VEHICLE,OVERTAKING,TRAFFIC SIGNAL,DAYLIGHT,CLEAR,DRY
13984,35241792,MONROE,Riga,3,,Y,43.0880298,-77.8675198,3/26/14,17:33,PROPERTY DAMAGE AND INJURY,1,0,1,COLLISION WITH TREE,OTHER,NONE,DAYLIGHT,CLEAR,DRY
13984,34962219,MONROE,Brighton,3,390I43031129,N,43.1023201,-77.6006683,10/6/13,9:03,PROPERTY DAMAGE AND INJURY,1,0,1,COLLISION WITH GUIDE RAIL,OTHER,NONE,DAYLIGHT,CLEAR,WET
13984,35134659,MONROE,Greece,3,,Y,43.2311640,-77.6967500,2/7/14,16:56,INJURY,1,0,3,COLLISION WITH MOTOR VEHICLE,OTHER,TRAFFIC SIGNAL,DUSK,CLOUDY,DRY
13984,34759183,MONROE,Rochester,1,,Y,43.1731910,-77.6173550,4/25/13,17:58,INJURY,1,0,1,OTHER NON-COLLISION,OTHER,NONE,DAYLIGHT,CLEAR,DRY
13984,35297712,MONROE,Rochester,1,,Y,43.1872340,-77.5880750,6/2/14,22:54,INJURY,1,0,2,COLLISION WITH MOTOR VEHICLE,REAR END,NONE,DARK-ROAD LIGHTED,CLEAR,DRY
13984,35389931,MONROE,Penfield,3,441 43011038,Y,43.1313450,-77.4688690,9/8/14,7:30,PROPERTY DAMAGE AND INJURY,2,0,2,COLLISION WITH MOTOR VEHICLE,LEFT TURN (AGAINST OTHER CAR),TRAFFIC SIGNAL,DAYLIGHT,CLEAR,DRY
13984,34998742,MONROE,Greece,3,,Y,43.2157430,-77.6589910,10/29/13,16:23,PROPERTY DAMAGE AND INJURY,2,0,1,COLLISION WITH SIGN POST,OTHER,NONE,DAYLIGHT,CLEAR,DRY
13984,35159434,MONROE,Rochester,1,,Y,43.1811230,-77.6251860,2/27/14,15:02,PROPERTY DAMAGE AND INJURY,1,0,1,COLLISION WITH TREE,OTHER,NONE,DAYLIGHT,SNOW,SNOW/ICE
13984,35357170,MONROE,Pittsford,3,253 43011159,N,43.1081199,-77.4999379,8/1/14,17:28,PROPERTY DAMAGE AND INJURY,1,0,1,COLLISION WITH BICYCLIST,OTHER,NO PASSING ZONE,DAYLIGHT,CLOUDY,DRY
13984,34825636,MONROE,Gates,3, 33A43021145,Y,43.1353619,-77.6803043,6/25/13,18:58,INJURY,2,0,2,COLLISION WITH MOTOR VEHICLE,REAR END,NONE,DAYLIGHT,CLEAR,DRY
13984,35076744,MONROE,Rochester,1,390I43036001,N,43.1301178,-77.6606865,1/9/14,7:42,PROPERTY DAMAGE AND INJURY,1,0,3,COLLISION WITH MOTOR VEHICLE,OTHER,NONE,DAYLIGHT,CLEAR,DRY
13984,35403390,MONROE,Rochester,1,,Y,43.1646320,-77.6317410,9/15/14,12:23,PROPERTY DAMAGE AND INJURY,1,0,2,COLLISION WITH MOTOR VEHICLE,REAR END,NONE,DAYLIGHT,CLOUDY,DRY
13984,35125826,MONROE,Webster,3,,N,43.2001087,-77.4746264,2/6/14,17:14,PROPERTY DAMAGE AND INJURY,1,0,2,COLLISION WITH MOTOR VEHICLE,REAR END,NO PASSING ZONE,DUSK,CLOUDY,WET
13984,35387875,MONROE,Brighton,3,390I43031133,N,43.1104116,-77.6001160,9/1/14,16:31,PROPERTY DAMAGE AND INJURY,1,0,1,COLLISION WITH GUIDE RAIL,OTHER,NONE,DAYLIGHT,RAIN,WET
13984,35314830,MONROE,Greece,3,104 43031171,N,43.2055328,-77.6692564,7/3/14,16:09,PROPERTY DAMAGE AND INJURY,1,0,2,COLLISION WITH MOTOR VEHICLE,REAR END,TRAFFIC SIGNAL,DAYLIGHT,UNKNOWN,WET
13984,35184122,MONROE,Rochester,1,,N,43.1369940,-77.6067050,3/6/14,16:53,PROPERTY DAMAGE AND INJURY,1,0,3,COLLISION WITH MOTOR VEHICLE,OTHER,TRAFFIC SIGNAL,DAYLIGHT,CLEAR,DRY
13984,35282571,MONROE,Gates,3,390I43037000,N,43.1312444,-77.6610299,6/5/14,20:06,PROPERTY DAMAGE AND INJURY,1,0,2,COLLISION WITH MOTOR VEHICLE,REAR END,NONE,DAYLIGHT,CLOUDY,DRY
13984,34782596,MONROE,Pittsford,3, 65 43031111,Y,43.0872710,-77.5426350,5/21/13,12:46,INJURY,2,0,3,COLLISION WITH MOTOR VEHICLE,OTHER,TRAFFIC SIGNAL,DAYLIGHT,CLEAR,DRY
13984,34862843,MONROE,Greece,3,,N,43.2382946,-77.6420666,7/3/13,22:50,PROPERTY DAMAGE AND INJURY,1,0,1,COLL. W/LIGHT SUPPORT/UTILITY POLE,OTHER,NONE,DARK-ROAD LIGHTED,CLOUDY,WET
13984,35353252,MONROE,Irondequoit,3, 47 43013019,N,43.1951407,-77.5463278,7/28/14,12:54,PROPERTY DAMAGE AND INJURY,1,0,1,COLLISION WITH GUIDE RAIL,OTHER,NONE,DAYLIGHT,RAIN,WET
13984,35285317,MONROE,Penfield,3,286 43011021,Y,43.1536690,-77.5003540,6/8/14,9:30,INJURY,1,0,2,COLLISION WITH MOTOR VEHICLE,LEFT TURN (AGAINST OTHER CAR),TRAFFIC SIGNAL,DAYLIGHT,CLEAR,DRY
13984,34869239,MONROE,Rochester,1,490I43022015,N,43.1571900,-77.6439680,7/23/13,15:30,INJURY,1,0,2,COLLISION WITH MOTOR VEHICLE,REAR END,YIELD SIGN,DAYLIGHT,CLEAR,DRY
13984,35413468,MONROE,Penfield,3,,N,43.1832679,-77.4747569,9/23/14,16:54,PROPERTY DAMAGE AND INJURY,1,0,2,COLLISION WITH MOTOR VEHICLE,RIGHT TURN (WITH OTHER CAR),NONE,DAYLIGHT,CLEAR,DRY
13984,34828037,MONROE,Rochester,1,,Y,43.1865380,-77.5876860,6/17/13,15:58,PROPERTY DAMAGE AND INJURY,2,0,2,COLLISION WITH MOTOR VEHICLE,OTHER,STOP SIGN,DAYLIGHT,CLEAR,DRY
13984,35375302,MONROE,Rochester,1,,Y,43.1438040,-77.6360350,8/22/14,11:43,INJURY,1,0,2,COLLISION WITH MOTOR VEHICLE,REAR END,TRAFFIC SIGNAL,DAYLIGHT,CLEAR,DRY
13984,35159641,MONROE,Penfield,3,441 43011125,N,43.1277901,-77.4924843,2/28/14,5:44,PROPERTY DAMAGE AND INJURY,1,0,1,COLLISION WITH GUIDE RAIL,OTHER,NONE,DARK-ROAD UNLIGHTED,SNOW,SNOW/ICE
13984,35282633,MONROE,Henrietta,3,252 43011105,N,43.0873340,-77.5672193,5/27/14,15:23,INJURY,2,0,2,COLLISION WITH MOTOR VEHICLE,REAR END,NONE,DAYLIGHT,CLOUDY,DRY
13984,34930778,MONROE,Rochester,1, 18 43032007,N,43.2072588,-77.6386507,9/1/13,12:12,INJURY,1,0,2,COLLISION WITH MOTOR VEHICLE,OTHER,NONE,DAYLIGHT,CLEAR,DRY
13984,35206277,MONROE,Gates,3,,Y,43.1646920,-77.6952070,4/3/14,7:33,PROPERTY DAMAGE AND INJURY,2,0,2,COLLISION WITH MOTOR VEHICLE,LEFT TURN (AGAINST OTHER CAR),NONE,DAYLIGHT,CLEAR,DRY
13984,35282539,MONROE,Greece,3,,N,43.2370447,-77.6878218,5/25/14,11:59,PROPERTY DAMAGE AND INJURY,1,0,4,COLLISION WITH MOTOR VEHICLE,OTHER,NONE,DAYLIGHT,CLEAR,DRY
13984,35390285,MONROE,Rochester,1,,Y,43.1467543,-77.5732216,9/5/14,19:02,PROPERTY DAMAGE AND INJURY,1,0,3,COLLISION WITH MOTOR VEHICLE,OTHER,NONE,DAYLIGHT,CLEAR,DRY
13984,35030304,MONROE,Rochester,1,,N,43.1747134,-77.6131909,11/30/13,22:18,PROPERTY DAMAGE AND INJURY,1,0,2,COLLISION WITH MOTOR VEHICLE,REAR END,NONE,DARK-ROAD LIGHTED,CLOUDY,DRY
13984,35445821,MONROE,Rochester,1,,Y,43.1697450,-77.5951530,9/9/14,21:30,INJURY,1,0,1,OVERTURNED,OTHER,TRAFFIC SIGNAL,DARK-ROAD LIGHTED,CLEAR,DRY
13984,35230200,MONROE,Webster,3,,Y,43.1994620,-77.4622819,4/17/14,10:10,PROPERTY DAMAGE AND INJURY,1,0,2,COLLISION WITH MOTOR VEHICLE,RIGHT ANGLE,STOP SIGN,DAYLIGHT,CLEAR,DRY
13984,35365426,MONROE,Greece,3,104 43031151,N,43.2112660,-77.7122091,8/10/14,14:30,PROPERTY DAMAGE AND INJURY,3,0,3,COLLISION WITH MOTOR VEHICLE,OTHER,NONE,DAYLIGHT,CLEAR,DRY
13984,35298210,MONROE,Brighton,3,,N,43.1158244,-77.5768510,6/19/14,17:21,PROPERTY DAMAGE AND INJURY,1,0,2,COLLISION WITH MOTOR VEHICLE,REAR END,NONE,DAYLIGHT,CLEAR,DRY
13984,34987685,MONROE,Rochester,1,,N,43.1800360,-77.6010360,10/29/13,16:39,PROPERTY DAMAGE AND INJURY,2,0,3,COLLISION WITH MOTOR VEHICLE,OTHER,NONE,DAYLIGHT,CLEAR,DRY
13984,34963729,MONROE,Greece,3,,Y,43.2311130,-77.6778570,10/14/13,8:13,INJURY,1,0,1,COLLISION WITH PEDESTRIAN,OTHER,TRAFFIC SIGNAL,DAYLIGHT,CLOUDY,WET
13984,34702946,MONROE,Greece,3,,Y,43.2273410,-77.6347810,3/20/13,18:00,PROPERTY DAMAGE AND INJURY,1,0,1,COLLISION WITH FENCE,OTHER,NONE,DAYLIGHT,CLOUDY,DRY
13984,35430229,MONROE,Penfield,3,,Y,43.1561790,-77.4752771,10/13/14,9:15,PROPERTY DAMAGE AND INJURY,2,0,3,COLLISION WITH MOTOR VEHICLE,OTHER,NONE,DAYLIGHT,CLOUDY,DRY
13984,35308293,MONROE,Clarkson,3, 19 43041091,N,43.2604657,-77.9216319,6/24/14,5:15,INJURY,1,0,1,COLLISION WITH DEER,OTHER,NONE,DAWN,CLEAR,DRY
13984,35470852,MONROE,Rochester,1,,N,43.1594076,-77.6335772,11/10/14,18:26,PROPERTY DAMAGE AND INJURY,1,0,2,COLLISION WITH MOTOR VEHICLE,REAR END,NONE,DARK-ROAD LIGHTED,CLEAR,DRY
13984,34748923,MONROE,Penfield,3,441 43011051,Y,43.1306850,-77.4430040,4/25/13,17:32,PROPERTY DAMAGE AND INJURY,1,0,2,COLLISION WITH MOTOR VEHICLE,REAR END,NONE,DAYLIGHT,CLEAR,DRY
13984,34754039,MONROE,Brighton,3, 31 43033008,Y,43.1270970,-77.5653270,4/30/13,18:54,PROPERTY DAMAGE AND INJURY,1,0,2,COLLISION WITH MOTOR VEHICLE,LEFT TURN (AGAINST OTHER CAR),TRAFFIC SIGNAL,DAYLIGHT,CLEAR,DRY
13984,35466384,MONROE,Rochester,1,,N,43.1939120,-77.6605799,11/1/14,20:40,PROPERTY DAMAGE AND INJURY,2,0,4,COLLISION WITH MOTOR VEHICLE,OTHER,NONE,DARK-ROAD LIGHTED,RAIN,WET
13984,35156804,MONROE,Rochester,1, 18 43032012,Y,43.2004550,-77.6387230,2/16/14,13:31,PROPERTY DAMAGE AND INJURY,1,0,2,COLLISION WITH MOTOR VEHICLE,REAR END,TRAFFIC SIGNAL,DAYLIGHT,SNOW,SNOW/ICE
13984,35322506,MONROE,Rochester,1,,Y,43.1584300,-77.6154310,6/8/14,12:33,PROPERTY DAMAGE AND INJURY,3,0,2,COLLISION WITH MOTOR VEHICLE,RIGHT ANGLE,TRAFFIC SIGNAL,DAYLIGHT,CLEAR,DRY
13984,35424195,MONROE,Chili,3,,N,43.0442618,-77.7762104,10/2/14,18:27,PROPERTY DAMAGE AND INJURY,2,0,1,OVERTURNED,OTHER,NONE,DAYLIGHT,CLEAR,DRY
13984,34825630,MONROE,Henrietta,3,,Y,43.0687762,-77.5881047,6/25/13,15:56,PROPERTY DAMAGE AND INJURY,1,0,2,COLLISION WITH MOTOR VEHICLE,REAR END,TRAFFIC SIGNAL,DAYLIGHT,CLEAR,DRY
13984,35447431,MONROE,Irondequoit,3,404 43035036,N,43.1772299,-77.5317618,10/21/14,12:00,PROPERTY DAMAGE AND INJURY,1,0,2,COLLISION WITH MOTOR VEHICLE,REAR END,NONE,DAYLIGHT,CLOUDY,WET
13984,35047918,MONROE,Brighton,3,490I43023017,N,43.1257432,-77.5242910,12/16/13,19:44,INJURY,1,0,2,COLLISION WITH MOTOR VEHICLE,OVERTAKING,NONE,DARK-ROAD LIGHTED,CLEAR,SNOW/ICE
13984,35595391,MONROE,Sweden,3, 31 43031066,N,43.1980432,-77.9035883,12/31/14,23:37,FATAL,0,1,1,COLLISION WITH PEDESTRIAN,OTHER,NONE,DARK-ROAD UNLIGHTED,SNOW,SNOW/ICE
13984,35125773,MONROE,Greece,3,,N,43.2145280,-77.7318020,2/5/14,17:44,PROPERTY DAMAGE AND INJURY,1,0,2,COLLISION WITH MOTOR VEHICLE,OVERTAKING,NONE,DARK-ROAD UNLIGHTED,SNOW,SNOW/ICE
13984,34864715,MONROE,Chili,3,,N,43.1071919,-77.7424699,7/21/13,13:44,PROPERTY DAMAGE AND INJURY,1,0,2,COLLISION WITH MOTOR VEHICLE,REAR END,HIGHWAY WORK AREA,DAYLIGHT,CLEAR,DRY
13984,34961915,MONROE,Irondequoit,3,,N,43.2099799,-77.5425612,10/11/13,17:47,PROPERTY DAMAGE AND INJURY,1,0,2,COLLISION WITH MOTOR VEHICLE,REAR END,NONE,DAYLIGHT,CLEAR,DRY
13984,35441992,MONROE,Henrietta,3, 15A43041108,Y,43.0805460,-77.6065520,10/19/14,16:36,PROPERTY DAMAGE AND INJURY,2,0,2,COLLISION WITH MOTOR VEHICLE,LEFT TURN (AGAINST OTHER CAR),NONE,DAYLIGHT,CLOUDY,DRY
13984,35371559,MONROE,Perinton,3, 96 43051000,N,43.0349012,-77.4454678,8/18/14,16:59,PROPERTY DAMAGE AND INJURY,2,0,2,COLLISION WITH MOTOR VEHICLE,LEFT TURN (AGAINST OTHER CAR),TRAFFIC SIGNAL,DAYLIGHT,CLOUDY,DRY
13984,34821955,MONROE,Parma,3, 18 43031119,Y,43.2733480,-77.7910730,6/18/13,10:50,PROPERTY DAMAGE AND INJURY,2,0,2,COLLISION WITH MOTOR VEHICLE,LEFT TURN (AGAINST OTHER CAR),TRAFFIC SIGNAL,DAYLIGHT,CLOUDY,DRY
13984,34817846,MONROE,Brighton,3,390I43031136,N,43.1103382,-77.6068609,6/8/13,7:10,PROPERTY DAMAGE AND INJURY,1,0,1,COLLISION WITH OTHER BARRIER,OTHER,NONE,DAYLIGHT,RAIN,WET
13984,34730079,MONROE,Gates,3, 33A43021152,N,43.1395120,-77.6680260,4/11/13,14:57,INJURY,2,0,2,COLLISION WITH MOTOR VEHICLE,RIGHT ANGLE,TRAFFIC SIGNAL,DAYLIGHT,RAIN,WET
13984,35279849,MONROE,Henrietta,3,,Y,43.0782230,-77.6287070,5/23/14,12:27,PROPERTY DAMAGE AND INJURY,1,0,2,COLLISION WITH MOTOR VEHICLE,OVERTAKING,NONE,DAYLIGHT,CLOUDY,DRY
13984,34824275,MONROE,Greece,3, 18 43031216,N,43.2368823,-77.6468593,6/21/13,18:15,INJURY,1,0,2,COLLISION WITH MOTOR VEHICLE,REAR END,TRAFFIC SIGNAL,DAYLIGHT,CLEAR,DRY
13984,35197717,MONROE,Rochester,1,,Y,43.1793120,-77.6394599,3/16/14,11:07,INJURY,4,0,2,COLLISION WITH MOTOR VEHICLE,REAR END,TRAFFIC SIGNAL,DAYLIGHT,CLOUDY,DRY
13984,35164934,MONROE,Rochester,1,,Y,43.1853030,-77.6339420,3/2/14,17:44,INJURY,1,0,1,COLLISION WITH TREE,OTHER,NONE,DAYLIGHT,CLEAR,SNOW/ICE
13984,34789006,MONROE,Rochester,1,,Y,43.1763670,-77.5573561,5/25/13,21:05,PROPERTY DAMAGE AND INJURY,2,0,2,COLLISION WITH MOTOR VEHICLE,RIGHT ANGLE,TRAFFIC SIGNAL,DARK-ROAD LIGHTED,CLEAR,DRY
13984,35414448,MONROE,Webster,3,,Y,43.2408010,-77.4005010,9/28/14,13:35,PROPERTY DAMAGE AND INJURY,1,0,2,COLLISION WITH MOTOR VEHICLE,RIGHT ANGLE,STOP SIGN,DAYLIGHT,CLEAR,DRY
13984,35132023,MONROE,Rochester,1, 33A43022006,Y,43.1445593,-77.6534084,2/8/14,2:55,PROPERTY DAMAGE AND INJURY,1,0,2,COLLISION WITH MOTOR VEHICLE,HEAD ON,NONE,DARK-ROAD LIGHTED,CLEAR,SNOW/ICE
13984,35098370,MONROE,Brighton,3, 15A43041125,Y,43.1027870,-77.6152590,1/22/14,15:06,PROPERTY DAMAGE AND INJURY,1,0,2,COLLISION WITH MOTOR VEHICLE,LEFT TURN (WITH OTHER CAR),TRAFFIC SIGNAL,DAYLIGHT,CLOUDY,WET
13984,35497899,MONROE,Gates,3,386 43011114,Y,43.1645356,-77.7324207,12/2/14,9:59,PROPERTY DAMAGE AND INJURY,1,0,2,COLLISION WITH MOTOR VEHICLE,REAR END,NONE,DAYLIGHT,CLOUDY,DRY
13984,34716319,MONROE,Rochester,1,,Y,43.1325870,-77.6360000,3/9/13,11:37,PROPERTY DAMAGE AND INJURY,1,0,2,COLLISION WITH MOTOR VEHICLE,UNKNOWN,NONE,DAYLIGHT,CLEAR,DRY
13984,35252178,MONROE,Clarkson,3,260 43011056,N,43.2759343,-77.8706262,5/5/14,16:45,PROPERTY DAMAGE AND INJURY,1,0,1,COLL. W/LIGHT SUPPORT/UTILITY POLE,OTHER,NONE,DAYLIGHT,CLEAR,DRY
13984,34857446,MONROE,Sweden,3, 31 43031050,N,43.1983368,-77.9362772,7/17/13,13:08,INJURY,1,0,1,COLLISION WITH BICYCLIST,OTHER,NONE,DAYLIGHT,CLEAR,DRY
13984,34707420,MONROE,Rochester,1,,Y,43.1607210,-77.5979971,3/24/13,5:31,PROPERTY DAMAGE AND INJURY,1,0,1,COLLISION WITH GUIDE RAIL,OTHER,NONE,DARK-ROAD LIGHTED,CLEAR,DRY
13984,35040333,MONROE,Riga,3, 33 43031057,N,43.1170471,-77.8262078,12/13/13,11:11,PROPERTY DAMAGE AND INJURY,1,0,1,COLLISION WITH GUIDE RAIL,OTHER,NONE,DAYLIGHT,SNOW,SNOW/ICE