QUERYID,CASE #,REGN_CNTY_CDE,Municipality,MUNITYPE,REF_MRKR,ATINTERSECTION_IND,Lat,Long,,Time,Crash Type,Injuries,Fatalities,Number of Vehicles,ACCD_TYP,COLLISION_TYP,TRAF_CNTL,Light Condition,Weather Condition,Road Surface Condition
13984,35168745,MONROE,Brighton,3, 31 43033008,Y,43.1270970,-77.5653270,3/8/14,12:29,PROPERTY DAMAGE AND INJURY,1,0,4,COLLISION WITH MOTOR VEHICLE,OTHER,TRAFFIC SIGNAL,DAYLIGHT,CLOUDY,DRY
13984,34900043,MONROE,Rochester,1,,Y,43.1438040,-77.6360350,8/24/13,13:12,PROPERTY DAMAGE AND INJURY,2,0,2,COLLISION WITH MOTOR VEHICLE,REAR END,NONE,DAYLIGHT,CLEAR,DRY
13984,34936726,MONROE,Greece,3,,N,43.1872109,-77.7000719,9/18/13,16:45,PROPERTY DAMAGE AND INJURY,2,0,4,COLLISION WITH MOTOR VEHICLE,OTHER,TRAFFIC SIGNAL,DAYLIGHT,CLEAR,DRY
13984,35435623,MONROE,Rochester,1,,N,43.1464943,-77.5987477,10/7/14,22:01,FATAL,0,1,7,COLLISION WITH MOTOR VEHICLE,OTHER,NONE,DARK-ROAD LIGHTED,RAIN,WET
13984,35568490,UNKNOWN COUNTY,,0,,N,43.1808483,-77.5986451,11/6/14,21:23,INJURY,1,0,2,COLLISION WITH MOTOR VEHICLE,REAR END,TRAFFIC SIGNAL,DARK-ROAD LIGHTED,RAIN,WET
13984,35375768,MONROE,Brighton,3, 31 43033000,Y,43.1362140,-77.5755050,8/25/14,12:18,INJURY,1,0,2,COLLISION WITH MOTOR VEHICLE,REAR END,TRAFFIC SIGNAL,DAYLIGHT,CLEAR,DRY
13984,34930771,MONROE,Rochester,1,,N,43.1699486,-77.6537622,9/1/13,11:09,INJURY,2,0,2,COLLISION WITH MOTOR VEHICLE,REAR END,NONE,DAYLIGHT,CLOUDY,DRY
13984,34831844,MONROE,Irondequoit,3,590 43013006,N,43.1754105,-77.5423285,6/30/13,17:11,PROPERTY DAMAGE AND INJURY,1,0,1,COLLISION WITH GUIDE RAIL,OTHER,NONE,DAYLIGHT,CLEAR,DRY
13984,35377128,MONROE,Rochester,1,,Y,43.1757920,-77.5910130,7/20/14,1:27,PROPERTY DAMAGE AND INJURY,1,0,2,COLLISION WITH MOTOR VEHICLE,REAR END,NONE,DARK-ROAD LIGHTED,RAIN,WET
13984,35239813,MONROE,Penfield,3,404 43035041,Y,43.1750496,-77.5207478,4/21/14,15:20,PROPERTY DAMAGE AND INJURY,4,0,3,COLLISION WITH MOTOR VEHICLE,OTHER,NONE,DAYLIGHT,CLEAR,DRY
13984,34740603,MONROE,Brighton,3,,N,43.1167277,-77.5472970,4/19/13,16:41,PROPERTY DAMAGE AND INJURY,1,0,3,COLLISION WITH MOTOR VEHICLE,OTHER,NONE,DAYLIGHT,RAIN,WET
13984,35073046,MONROE,Rochester,1,490I43022068,N,43.1433603,-77.5486748,1/7/14,15:40,PROPERTY DAMAGE AND INJURY,1,0,2,COLLISION WITH MOTOR VEHICLE,REAR END,NONE,DAYLIGHT,SNOW,SNOW/ICE
13984,35145131,MONROE,Wheatland,3,383 43011070,N,43.0289651,-77.7427024,1/20/14,10:31,PROPERTY DAMAGE AND INJURY,1,0,1,COLL. W/LIGHT SUPPORT/UTILITY POLE,OTHER,NONE,DAYLIGHT,SNOW,SNOW/ICE
13984,35046144,MONROE,Rochester,1,,Y,43.1573570,-77.6290540,12/5/13,22:41,PROPERTY DAMAGE AND INJURY,3,0,2,COLLISION WITH MOTOR VEHICLE,RIGHT ANGLE,STOP SIGN,DARK-ROAD LIGHTED,SLEET/HAIL/FREEZING RAIN,WET
13984,35397485,MONROE,Rochester,1,,Y,43.1248230,-77.6153450,9/9/14,16:35,PROPERTY DAMAGE AND INJURY,2,0,2,COLLISION WITH MOTOR VEHICLE,RIGHT ANGLE,NONE,DAYLIGHT,CLEAR,DRY
13984,35479934,MONROE,Pittsford,3,490I43023048,N,43.0891724,-77.4988297,11/1/14,20:30,PROPERTY DAMAGE AND INJURY,1,0,1,COLLISION WITH GUIDE RAIL,OTHER,NONE,DARK-ROAD LIGHTED,CLEAR,DRY
13984,35239838,MONROE,Brighton,3, 31 43033020,N,43.1129959,-77.5503080,4/29/14,17:22,PROPERTY DAMAGE AND INJURY,1,0,2,COLLISION WITH MOTOR VEHICLE,RIGHT ANGLE,NONE,DAYLIGHT,CLOUDY,WET
13984,35525068,MONROE,Brighton,3,590I43011038,N,43.1287180,-77.5531924,12/21/14,15:53,PROPERTY DAMAGE AND INJURY,1,0,1,COLLISION WITH GUIDE RAIL,OTHER,NONE,DAYLIGHT,CLOUDY,DRY
13984,35133705,MONROE,Irondequoit,3,,N,43.1953800,-77.5845900,2/10/14,8:44,INJURY,2,0,2,COLLISION WITH MOTOR VEHICLE,RIGHT ANGLE,TRAFFIC SIGNAL,DAYLIGHT,CLOUDY,SLUSH
13984,35355320,MONROE,Brighton,3,390I43031138,N,43.1089838,-77.6094900,8/6/14,7:05,PROPERTY DAMAGE AND INJURY,2,0,2,COLLISION WITH MOTOR VEHICLE,REAR END,NONE,DAYLIGHT,CLOUDY,DRY
13984,35055657,MONROE,Greece,3,,Y,43.2212820,-77.6448310,12/1/13,17:20,PROPERTY DAMAGE AND INJURY,1,0,2,COLLISION WITH MOTOR VEHICLE,REAR END,UNKNOWN,UNKNOWN,RAIN,WET
13984,35083013,MONROE,Gates,3,531 43011012,N,43.1591733,-77.7341978,1/7/14,15:47,INJURY,1,0,1,COLL. W/EARTH ELE./ROCK CUT/DITCH,OTHER,NONE,DAYLIGHT,CLOUDY,SNOW/ICE
13984,34697853,MONROE,Webster,3,,N,43.2029507,-77.4541080,3/13/13,16:03,PROPERTY DAMAGE AND INJURY,1,0,2,COLLISION WITH MOTOR VEHICLE,SIDESWIPE,NONE,DAYLIGHT,CLOUDY,DRY
13984,35298196,MONROE,Ogden,3,,Y,43.1828960,-77.7738110,6/5/14,11:30,INJURY,1,0,2,COLLISION WITH MOTOR VEHICLE,OTHER,NONE,DAYLIGHT,CLOUDY,DRY
13984,34865357,MONROE,Irondequoit,3,,Y,43.2260490,-77.5994090,7/16/13,17:20,INJURY,1,0,2,COLLISION WITH MOTOR VEHICLE,RIGHT ANGLE,STOP SIGN,DAYLIGHT,CLEAR,DRY
13984,35379009,MONROE,Rochester,1,,Y,43.1780520,-77.5990001,8/23/14,21:48,INJURY,1,0,1,COLLISION WITH PEDESTRIAN,OTHER,NONE,DARK-ROAD LIGHTED,CLEAR,DRY
13984,35204746,MONROE,Rochester,1,590 43012002,N,43.1610637,-77.5390129,4/2/14,6:48,PROPERTY DAMAGE AND INJURY,1,0,1,COLLISION WITH GUIDE RAIL,OTHER,NONE,DAWN,CLOUDY,DRY
13984,35461660,MONROE,Rochester,1,,Y,43.1864530,-77.6137910,11/4/14,16:12,INJURY,1,0,1,COLLISION WITH PEDESTRIAN,OTHER,TRAFFIC SIGNAL,DAYLIGHT,CLOUDY,DRY
13984,34985018,MONROE,Brighton,3,,Y,43.1257570,-77.5874530,10/31/13,15:15,PROPERTY DAMAGE AND INJURY,3,0,2,COLLISION WITH MOTOR VEHICLE,LEFT TURN (WITH OTHER CAR),NONE,DAYLIGHT,CLOUDY,WET
13984,34993395,MONROE,Brighton,3,,Y,43.1264050,-77.5657140,11/6/13,19:08,INJURY,3,0,2,COLLISION WITH MOTOR VEHICLE,REAR END,TRAFFIC SIGNAL,DARK-ROAD LIGHTED,CLOUDY,DRY
13984,34915355,MONROE,Rochester,1,,N,43.1425500,-77.5939931,8/9/13,15:54,INJURY,1,0,1,COLLISION WITH BICYCLIST,OTHER,NONE,DAYLIGHT,CLEAR,DRY
13984,34849032,MONROE,Rochester,1,104 43032004,Y,43.2033300,-77.6517000,7/9/13,6:32,INJURY,1,0,2,COLLISION WITH MOTOR VEHICLE,REAR END,TRAFFIC SIGNAL,DAYLIGHT,CLOUDY,DRY
13984,35014773,MONROE,Henrietta,3,252 43011074,N,43.0871357,-77.6285732,11/15/13,13:16,PROPERTY DAMAGE AND INJURY,1,0,3,COLLISION WITH MOTOR VEHICLE,OTHER,NONE,DAYLIGHT,CLOUDY,DRY
13984,35440566,MONROE,Brighton,3, 15 43031126,N,43.1103803,-77.6246545,10/22/14,10:16,PROPERTY DAMAGE AND INJURY,1,0,2,COLLISION WITH MOTOR VEHICLE,REAR END,NONE,DAYLIGHT,CLOUDY,DRY
13984,35116094,MONROE,Rochester,1,940K43011008,N,43.1642518,-77.6594200,1/22/14,11:08,PROPERTY DAMAGE AND INJURY,2,0,2,COLLISION WITH MOTOR VEHICLE,REAR END,TRAFFIC SIGNAL,DAYLIGHT,CLEAR,WET
13984,34907781,MONROE,Sweden,3,,N,43.1983589,-77.9439629,8/27/13,17:23,INJURY,2,0,2,COLLISION WITH MOTOR VEHICLE,REAR END,TRAFFIC SIGNAL,DAYLIGHT,CLEAR,DRY
13984,34895479,MONROE,Brighton,3, 15A43041121,Y,43.0960256,-77.6124333,7/29/13,11:45,PROPERTY DAMAGE AND INJURY,1,0,2,COLLISION WITH MOTOR VEHICLE,RIGHT TURN (WITH OTHER CAR),TRAFFIC SIGNAL,DAYLIGHT,CLOUDY,DRY
13984,35457433,MONROE,Rochester,1,,N,43.1718120,-77.6107570,11/1/14,17:26,INJURY,1,0,2,COLLISION WITH MOTOR VEHICLE,RIGHT ANGLE,NONE,DUSK,RAIN,WET
13984,34812687,MONROE,Webster,4,250 43011126,N,43.2159440,-77.4302090,6/12/13,8:00,PROPERTY DAMAGE AND INJURY,1,0,2,COLLISION WITH MOTOR VEHICLE,RIGHT ANGLE,TRAFFIC SIGNAL,DAYLIGHT,CLEAR,DRY
13984,35156613,MONROE,Rochester,1,490I43022067,N,43.1442087,-77.5515700,2/26/14,7:18,PROPERTY DAMAGE AND INJURY,1,0,2,COLLISION WITH MOTOR VEHICLE,REAR END,NONE,DAYLIGHT,CLEAR,WET
13984,35523159,MONROE,Perinton,3,,Y,43.0794060,-77.4021520,12/21/14,9:29,INJURY,1,0,2,COLLISION WITH MOTOR VEHICLE,LEFT TURN (AGAINST OTHER CAR),NONE,DAYLIGHT,CLEAR,DRY
13984,34900052,MONROE,Rochester,1,,Y,43.1608350,-77.5979301,8/19/13,12:00,INJURY,1,0,1,COLLISION WITH BICYCLIST,OTHER,STOP SIGN,DAYLIGHT,CLEAR,DRY
13984,35401827,MONROE,Rochester,1,490I43022057,N,43.1433574,-77.5704248,9/16/14,13:18,INJURY,1,0,1,COLLISION WITH MEDIAN/BARRIER,OTHER,NONE,DAYLIGHT,CLEAR,DRY
13984,34907230,MONROE,Rochester,1,490I43022025,N,43.1576310,-77.6246870,8/29/13,16:00,INJURY,1,0,2,COLLISION WITH MOTOR VEHICLE,REAR END,NONE,DAYLIGHT,CLEAR,DRY
13984,35159417,MONROE,Greece,3,,Y,43.2578113,-77.6964146,2/20/14,14:00,PROPERTY DAMAGE AND INJURY,1,0,3,COLLISION WITH MOTOR VEHICLE,OTHER,TRAFFIC SIGNAL,DAYLIGHT,CLEAR,DRY
13984,35307354,MONROE,Greece,3,104 43031163,N,43.2079090,-77.6841759,6/27/14,15:17,PROPERTY DAMAGE AND INJURY,2,0,4,COLLISION WITH MOTOR VEHICLE,OTHER,NONE,DAYLIGHT,CLEAR,DRY
13984,35131964,MONROE,Greece,3,,Y,43.2314160,-77.7163400,2/8/14,11:12,PROPERTY DAMAGE AND INJURY,2,0,4,COLLISION WITH MOTOR VEHICLE,OTHER,TRAFFIC SIGNAL,DAYLIGHT,CLOUDY,DRY
13984,34825299,MONROE,Irondequoit,3,104 43033009,N,43.1962387,-77.5659990,6/16/13,13:11,PROPERTY DAMAGE AND INJURY,1,0,1,COLL. W/EARTH ELE./ROCK CUT/DITCH,OTHER,NONE,DAYLIGHT,RAIN,WET
13984,35412446,MONROE,Penfield,3,441 43011049,N,43.1308220,-77.4472559,9/25/14,7:39,PROPERTY DAMAGE AND INJURY,1,0,3,COLLISION WITH MOTOR VEHICLE,OTHER,TRAFFIC SIGNAL,DAYLIGHT,CLEAR,DRY
13984,35388131,MONROE,Rochester,1,104 43032018,Y,43.1941720,-77.6277340,9/7/14,9:59,PROPERTY DAMAGE AND INJURY,1,0,2,COLLISION WITH MOTOR VEHICLE,REAR END,TRAFFIC SIGNAL,DAYLIGHT,CLEAR,DRY
13984,34701623,MONROE,Henrietta,3, 15 43031112,N,43.0907006,-77.6348624,3/18/13,7:09,PROPERTY DAMAGE AND INJURY,2,0,2,COLLISION WITH MOTOR VEHICLE,RIGHT ANGLE,NONE,DAWN,CLEAR,DRY
13984,35091440,MONROE,Penfield,3,,Y,43.1727670,-77.5035400,1/19/14,10:48,PROPERTY DAMAGE AND INJURY,2,0,2,COLLISION WITH MOTOR VEHICLE,LEFT TURN (WITH OTHER CAR),NONE,DAYLIGHT,CLOUDY,DRY
13984,34785379,MONROE,Rochester,1,,N,43.1858564,-77.6163234,5/19/13,17:08,PROPERTY DAMAGE AND INJURY,1,0,1,COLLISION WITH CURBING,OTHER,NONE,DAYLIGHT,CLEAR,DRY
13984,34815951,MONROE,Perinton,3,490I43023072,N,43.0611979,-77.4713452,6/15/13,10:41,PROPERTY DAMAGE AND INJURY,1,0,2,COLLISION WITH MOTOR VEHICLE,REAR END,NONE,DAYLIGHT,CLEAR,DRY
13984,35496203,MONROE,Penfield,3,441 43011049,Y,43.1308060,-77.4468820,12/1/14,10:05,PROPERTY DAMAGE AND INJURY,2,0,2,COLLISION WITH MOTOR VEHICLE,LEFT TURN (WITH OTHER CAR),TRAFFIC SIGNAL,DAYLIGHT,CLOUDY,DRY
13984,35282617,MONROE,Henrietta,3, 15A43041113,Y,43.0872620,-77.6092490,6/3/14,19:18,INJURY,2,0,2,COLLISION WITH MOTOR VEHICLE,REAR END,TRAFFIC SIGNAL,DAYLIGHT,CLEAR,DRY
13984,35468222,MONROE,Rochester,1, 18 43032000,Y,43.2172040,-77.6412890,10/20/14,19:05,INJURY,1,0,1,COLLISION WITH PEDESTRIAN,OTHER,NONE,DARK-ROAD LIGHTED,RAIN,WET
13984,35324583,MONROE,Chili,3,251 43011053,N,43.0826750,-77.7643701,7/12/14,12:04,INJURY,1,0,1,OTHER NON-COLLISION,OTHER,NONE,DAYLIGHT,CLEAR,DRY
13984,34910650,MONROE,Rochester,1,,Y,43.1695380,-77.5997500,8/10/13,16:00,INJURY,1,0,1,COLLISION WITH BICYCLIST,OTHER,STOP SIGN,DAYLIGHT,CLEAR,DRY
13984,35299961,MONROE,Riga,3,,N,43.1092296,-77.8453014,6/21/14,0:58,INJURY,1,0,1,OTHER NON-COLLISION,OTHER,NONE,DARK-ROAD UNLIGHTED,CLEAR,DRY
13984,34750991,MONROE,Rochester,1,,Y,43.1699880,-77.6364280,4/21/13,19:46,PROPERTY DAMAGE AND INJURY,2,0,3,COLLISION WITH MOTOR VEHICLE,OTHER,TRAFFIC SIGNAL,DUSK,CLEAR,DRY
13984,35272706,MONROE,Greece,3,390 43011077,N,43.2662608,-77.6660264,5/25/14,11:46,PROPERTY DAMAGE AND INJURY,1,0,1,COLLISION WITH GUIDE RAIL,OTHER,NONE,DAYLIGHT,CLEAR,DRY
13984,35100974,MONROE,Pittsford,3,,N,43.0444071,-77.5082870,1/15/14,7:45,PROPERTY DAMAGE AND INJURY,1,0,1,COLL. W/LIGHT SUPPORT/UTILITY POLE,OTHER,NONE,DAYLIGHT,CLOUDY,SNOW/ICE
13984,34881143,MONROE,Rochester,1,,N,43.1580582,-77.6439842,8/2/13,4:00,PROPERTY DAMAGE AND INJURY,1,0,3,COLLISION WITH MOTOR VEHICLE,OTHER,NONE,DARK-ROAD LIGHTED,CLEAR,DRY
13984,35344509,MONROE,Gates,3, 31 43031169,N,43.1716620,-77.7112709,7/30/14,17:52,PROPERTY DAMAGE AND INJURY,2,0,2,COLLISION WITH MOTOR VEHICLE,REAR END,NONE,DAYLIGHT,CLOUDY,DRY
13984,35368714,MONROE,Rochester,1,,Y,43.1811230,-77.6251860,8/5/14,23:44,PROPERTY DAMAGE AND INJURY,1,0,2,COLLISION WITH MOTOR VEHICLE,RIGHT ANGLE,TRAFFIC SIGNAL,DARK-ROAD LIGHTED,CLEAR,DRY
13984,34817859,MONROE,Brighton,3,,Y,43.1264050,-77.5657140,6/18/13,10:39,PROPERTY DAMAGE AND INJURY,1,0,2,COLLISION WITH MOTOR VEHICLE,RIGHT ANGLE,TRAFFIC SIGNAL,DAYLIGHT,CLEAR,DRY
13984,34824272,MONROE,Greece,3, 18 43031209,N,43.2477317,-77.6468179,6/21/13,13:18,PROPERTY DAMAGE AND INJURY,1,0,2,COLLISION WITH MOTOR VEHICLE,OVERTAKING,NONE,DAYLIGHT,CLEAR,DRY
13984,35260030,MONROE,Pittsford,3,490I43023028,N,43.1167970,-77.5071001,5/13/14,14:07,PROPERTY DAMAGE AND INJURY,1,0,1,COLLISION WITH BRIDGE STRUCTURE,OTHER,NONE,DAYLIGHT,CLEAR,DRY
13984,34820467,MONROE,Brighton,3,,Y,43.1266860,-77.5571790,6/17/13,17:13,PROPERTY DAMAGE AND INJURY,2,0,3,COLLISION WITH MOTOR VEHICLE,OTHER,NO PASSING ZONE,DAYLIGHT,CLEAR,DRY
13984,35425498,MONROE,Irondequoit,3,104 43033001,Y,43.1954953,-77.5831366,10/7/14,8:30,PROPERTY DAMAGE AND INJURY,1,0,1,COLLISION WITH GUIDERAIL - END,OTHER,NONE,DAYLIGHT,CLEAR,DRY
13984,34892919,MONROE,Webster,3,,N,43.2074918,-77.5141713,8/16/13,14:45,PROPERTY DAMAGE AND INJURY,1,0,2,COLLISION WITH MOTOR VEHICLE,REAR END,NONE,DAYLIGHT,CLEAR,DRY
13984,34766134,MONROE,Perinton,3, 31 43033097,Y,43.0668940,-77.4192089,5/6/13,6:53,PROPERTY DAMAGE AND INJURY,2,0,2,COLLISION WITH MOTOR VEHICLE,REAR END,NONE,DAYLIGHT,CLEAR,DRY
13984,35368536,MONROE,Rochester,1,490I43022002,N,43.1575039,-77.6694738,8/12/14,15:15,PROPERTY DAMAGE AND INJURY,2,0,2,COLLISION WITH MOTOR VEHICLE,REAR END,NONE,DAYLIGHT,CLOUDY,DRY
13984,35377103,MONROE,Rochester,1,,Y,43.1798170,-77.5605280,8/4/14,14:55,PROPERTY DAMAGE AND INJURY,1,0,2,COLLISION WITH MOTOR VEHICLE,REAR END,TRAFFIC SIGNAL,DAYLIGHT,CLEAR,DRY
13984,34825787,MONROE,Rochester,1,,Y,43.2351440,-77.6241519,6/18/13,18:04,INJURY,1,0,1,OTHER NON-COLLISION,OTHER,TRAFFIC SIGNAL,DAYLIGHT,CLEAR,DRY
13984,35260457,MONROE,Rochester,1,,Y,43.1646380,-77.6293030,5/9/14,15:36,PROPERTY DAMAGE AND INJURY,1,0,2,COLLISION WITH MOTOR VEHICLE,OVERTAKING,NONE,DAYLIGHT,CLOUDY,DRY
13984,35159527,MONROE,Pittsford,3,253 43011150,N,43.0971597,-77.5111919,2/28/14,12:49,PROPERTY DAMAGE AND INJURY,2,0,2,COLLISION WITH MOTOR VEHICLE,RIGHT ANGLE,NONE,DAYLIGHT,CLOUDY,WET
13984,35239832,MONROE,Penfield,3,286 43011015,Y,43.1535641,-77.5116967,4/28/14,7:38,PROPERTY DAMAGE AND INJURY,1,0,2,COLLISION WITH MOTOR VEHICLE,LEFT TURN (AGAINST OTHER CAR),NONE,DAYLIGHT,CLEAR,DRY
13984,34977274,MONROE,Hilton,4, 18 43031109,N,43.2881400,-77.7916020,10/21/13,18:56,INJURY,1,0,0,COLLISION WITH PEDESTRIAN,OTHER,TRAFFIC SIGNAL,DARK-ROAD LIGHTED,CLOUDY,DRY
13984,34788987,MONROE,Rochester,1,,Y,43.1850290,-77.6111240,5/26/13,16:54,PROPERTY DAMAGE AND INJURY,1,0,2,COLLISION WITH MOTOR VEHICLE,LEFT TURN (WITH OTHER CAR),NONE,DAYLIGHT,CLEAR,DRY
13984,34953094,MONROE,Rochester,1, 31 43032020,Y,43.1646290,-77.6353780,9/19/13,11:54,PROPERTY DAMAGE AND INJURY,1,0,2,COLLISION WITH MOTOR VEHICLE,LEFT TURN (WITH OTHER CAR),TRAFFIC SIGNAL,DAYLIGHT,CLEAR,DRY
13984,34817849,MONROE,Rochester,1,,N,43.1956257,-77.5613821,6/17/13,9:10,PROPERTY DAMAGE AND INJURY,1,0,2,COLLISION WITH MOTOR VEHICLE,LEFT TURN (WITH OTHER CAR),NONE,DAYLIGHT,CLEAR,DRY
13984,34754031,MONROE,Brighton,3,390I43031146,Y,43.1122970,-77.6236169,4/30/13,15:13,PROPERTY DAMAGE AND INJURY,2,0,2,COLLISION WITH MOTOR VEHICLE,LEFT TURN (AGAINST OTHER CAR),TRAFFIC SIGNAL,DAYLIGHT,CLOUDY,DRY
13984,35134855,MONROE,Irondequoit,3,,Y,43.2126600,-77.5525490,2/10/14,14:10,INJURY,1,0,2,COLLISION WITH MOTOR VEHICLE,RIGHT ANGLE,STOP SIGN,DAYLIGHT,CLEAR,SNOW/ICE
13984,34873402,MONROE,Rochester,1,,Y,43.1303540,-77.5990600,7/31/13,16:46,PROPERTY DAMAGE AND INJURY,1,0,1,COLLISION WITH BICYCLIST,OTHER,NONE,DAYLIGHT,CLOUDY,DRY
13984,35435625,MONROE,Henrietta,3,,Y,43.0686550,-77.5975410,10/8/14,11:46,FATAL,0,1,2,COLLISION WITH MOTOR VEHICLE,RIGHT ANGLE,STOP SIGN,DAYLIGHT,CLOUDY,WET
13984,34832201,MONROE,Penfield,3,286 43011058,Y,43.1600010,-77.4315600,6/30/13,19:25,PROPERTY DAMAGE AND INJURY,2,0,2,COLLISION WITH MOTOR VEHICLE,RIGHT ANGLE,TRAFFIC SIGNAL,DAYLIGHT,CLEAR,DRY
13984,34751019,MONROE,Rochester,1,,N,43.1304950,-77.6362931,4/25/13,15:09,PROPERTY DAMAGE AND INJURY,1,0,3,COLLISION WITH MOTOR VEHICLE,OTHER,TRAFFIC SIGNAL,DAYLIGHT,CLEAR,DRY
13984,35287912,MONROE,Gates,3, 31 43031182,Y,43.1647020,-77.6880173,6/6/14,14:14,INJURY,2,0,2,COLLISION WITH MOTOR VEHICLE,SIDESWIPE,TRAFFIC SIGNAL,DAYLIGHT,CLEAR,DRY
13984,35446679,MONROE,Rochester,1,,N,43.1601972,-77.5927102,10/24/14,14:48,INJURY,1,0,1,COLLISION WITH PEDESTRIAN,OTHER,NONE,DAYLIGHT,CLEAR,DRY
13984,34770713,MONROE,Rochester,1,,N,43.1563376,-77.5730474,5/13/13,15:37,INJURY,1,0,1,COLLISION WITH BICYCLIST,OTHER,NONE,DAYLIGHT,CLEAR,DRY
13984,35252468,MONROE,Greece,3,,N,43.1899940,-77.7320180,5/8/14,9:47,PROPERTY DAMAGE AND INJURY,1,0,2,COLLISION WITH MOTOR VEHICLE,REAR END,NONE,DAYLIGHT,CLEAR,DRY
13984,34793662,MONROE,Rochester,1,,N,43.1436264,-77.5937631,5/23/13,7:45,PROPERTY DAMAGE AND INJURY,2,0,3,COLLISION WITH MOTOR VEHICLE,OTHER,TRAFFIC SIGNAL,DAYLIGHT,CLEAR,DRY
13984,35216555,MONROE,Penfield,3,250 43011067,N,43.1312383,-77.4413356,4/8/14,10:20,PROPERTY DAMAGE AND INJURY,1,0,2,COLLISION WITH MOTOR VEHICLE,RIGHT ANGLE,NONE,DAYLIGHT,CLOUDY,WET
13984,35252038,MONROE,Rochester,1,,Y,43.1750980,-77.6076140,5/4/14,16:39,PROPERTY DAMAGE AND INJURY,1,0,2,COLLISION WITH MOTOR VEHICLE,RIGHT ANGLE,TRAFFIC SIGNAL,DAYLIGHT,CLEAR,DRY
13984,35133550,MONROE,Rochester,1,,Y,43.1806920,-77.6041220,2/12/14,16:29,INJURY,1,0,2,COLLISION WITH MOTOR VEHICLE,LEFT TURN (WITH OTHER CAR),STOP SIGN,DAYLIGHT,CLEAR,SNOW/ICE
13984,34849003,MONROE,Rochester,1, 15 43032019,Y,43.1417290,-77.6128560,7/10/13,7:51,INJURY,1,0,2,COLLISION WITH MOTOR VEHICLE,RIGHT ANGLE,STOP SIGN,DAYLIGHT,CLOUDY,DRY
13984,34987550,MONROE,Penfield,3,441 43011052,Y,43.1308270,-77.4413170,10/29/13,15:54,PROPERTY DAMAGE AND INJURY,1,0,3,COLLISION WITH MOTOR VEHICLE,OTHER,TRAFFIC SIGNAL,DAYLIGHT,CLEAR,DRY
13984,35281138,MONROE,Rochester,1,490I43022054,N,43.1430808,-77.5759466,6/5/14,16:31,PROPERTY DAMAGE AND INJURY,2,0,3,COLLISION WITH MOTOR VEHICLE,OTHER,NONE,DAYLIGHT,CLOUDY,DRY
13984,34785591,MONROE,Henrietta,3,252 43011074,N,43.0871350,-77.6278438,5/22/13,12:57,PROPERTY DAMAGE AND INJURY,2,0,2,COLLISION WITH MOTOR VEHICLE,RIGHT ANGLE,NONE,DAYLIGHT,CLOUDY,DRY
13984,35440558,MONROE,Sweden,3, 19 43041000,N,43.1329039,-77.9393605,10/22/14,6:35,PROPERTY DAMAGE AND INJURY,2,0,2,COLLISION WITH MOTOR VEHICLE,REAR END,NONE,DARK-ROAD UNLIGHTED,CLOUDY,WET
13984,34834083,MONROE,Brighton,3,,Y,43.1263360,-77.5680200,7/2/13,20:01,PROPERTY DAMAGE AND INJURY,1,0,2,COLLISION WITH MOTOR VEHICLE,REAR END,TRAFFIC SIGNAL,DAYLIGHT,RAIN,WET
13984,35423694,MONROE,Gates,3, 33A43021141,N,43.1325092,-77.6856496,10/6/14,16:49,INJURY,1,0,2,COLLISION WITH MOTOR VEHICLE,REAR END,NONE,DAYLIGHT,CLOUDY,DRY
13984,35240544,MONROE,Irondequoit,3,,Y,43.2110460,-77.5855480,4/17/14,10:20,PROPERTY DAMAGE AND INJURY,1,0,2,COLLISION WITH MOTOR VEHICLE,LEFT TURN (AGAINST OTHER CAR),TRAFFIC SIGNAL,DAYLIGHT,CLEAR,DRY
13984,35371541,MONROE,Pittsford,4, 31 43033047,N,43.0890710,-77.5102059,8/13/14,8:55,PROPERTY DAMAGE AND INJURY,1,0,2,COLLISION WITH MOTOR VEHICLE,OVERTAKING,NO PASSING ZONE,DAYLIGHT,CLEAR,DRY
13984,34948845,MONROE,Greece,3,,Y,43.1989470,-77.7140990,9/30/13,14:52,INJURY,1,0,1,COLLISION WITH PEDESTRIAN,OTHER,NONE,DAYLIGHT,CLEAR,DRY
13984,34958202,MONROE,Rochester,1, 31 43032020,N,43.1646289,-77.6355654,10/9/13,15:39,INJURY,1,0,2,COLLISION WITH MOTOR VEHICLE,REAR END,NONE,DAYLIGHT,CLEAR,DRY
13984,35492992,MONROE,Ogden,3, 31 43031084,N,43.1886639,-77.8728207,11/28/14,16:56,PROPERTY DAMAGE AND INJURY,1,0,1,COLLISION WITH DEER,OTHER,NONE,DARK-ROAD UNLIGHTED,CLEAR,DRY