QUERYID,CASE #,REGN_CNTY_CDE,Municipality,MUNITYPE,REF_MRKR,ATINTERSECTION_IND,Lat,Long,,Time,Crash Type,Injuries,Fatalities,Number of Vehicles,ACCD_TYP,COLLISION_TYP,TRAF_CNTL,Light Condition,Weather Condition,Road Surface Condition
13984,34810584,MONROE,Rochester,1,,N,43.1765939,-77.5778636,6/5/13,19:33,INJURY,1,0,1,COLLISION WITH PEDESTRIAN,OTHER,NONE,DUSK,CLEAR,DRY
13984,34784846,MONROE,Rochester,1,940M43011007,Y,43.1739440,-77.6292000,5/19/13,23:08,INJURY,1,0,1,COLLISION WITH BICYCLIST,OTHER,NONE,DARK-ROAD LIGHTED,CLOUDY,DRY
13984,35387877,MONROE,Henrietta,3, 15A43041110,Y,43.0827313,-77.6074292,7/31/14,9:18,INJURY,1,0,1,COLLISION WITH BICYCLIST,OTHER,TRAFFIC SIGNAL,DAYLIGHT,CLOUDY,WET
13984,35040340,MONROE,Chili,3,,N,43.1071406,-77.7353286,12/6/13,17:09,INJURY,1,0,1,COLLISION WITH PEDESTRIAN,OTHER,NONE,DARK-ROAD LIGHTED,CLOUDY,DRY
13984,35397480,MONROE,Rochester,1,,N,43.1565759,-77.5636677,9/4/14,16:25,INJURY,1,0,1,COLLISION WITH BICYCLIST,OTHER,NONE,DAYLIGHT,CLEAR,DRY
13984,34801162,MONROE,Greece,3,,Y,43.2236690,-77.6940670,6/4/13,17:54,PROPERTY DAMAGE AND INJURY,1,0,2,COLLISION WITH MOTOR VEHICLE,REAR END,NONE,DAYLIGHT,CLEAR,DRY
13984,35517960,MONROE,Webster,3,,Y,43.2369478,-77.4681003,12/9/14,19:03,PROPERTY DAMAGE AND INJURY,5,0,2,COLLISION WITH MOTOR VEHICLE,RIGHT ANGLE,STOP SIGN,DARK-ROAD UNLIGHTED,RAIN,WET
13984,34792749,MONROE,Penfield,3,441 43011067,N,43.1292491,-77.4134778,5/29/13,17:38,PROPERTY DAMAGE AND INJURY,2,0,3,COLLISION WITH MOTOR VEHICLE,OTHER,NONE,DAYLIGHT,CLEAR,DRY
13984,34756841,MONROE,Rochester,1, 31 43032008,Y,43.1646610,-77.6606300,4/29/13,16:27,PROPERTY DAMAGE AND INJURY,1,0,2,COLLISION WITH MOTOR VEHICLE,LEFT TURN (AGAINST OTHER CAR),NONE,DAYLIGHT,CLEAR,DRY
13984,34838076,MONROE,Penfield,3,,N,43.1742183,-77.4118816,6/12/13,16:00,INJURY,1,0,1,COLL. W/EARTH ELE./ROCK CUT/DITCH,OTHER,NONE,DAYLIGHT,CLOUDY,DRY
13984,34975172,MONROE,Rochester,1,,Y,43.1550910,-77.5823470,10/14/13,10:26,PROPERTY DAMAGE AND INJURY,1,0,2,COLLISION WITH MOTOR VEHICLE,RIGHT ANGLE,STOP SIGN,DAYLIGHT,CLOUDY,WET
13984,35384371,MONROE,Rochester,1, 31 43032012,N,43.1646455,-77.6525833,8/12/14,15:24,INJURY,1,0,2,COLLISION WITH MOTOR VEHICLE,REAR END,NONE,DAYLIGHT,CLOUDY,DRY
13984,34913810,MONROE,Rochester,1,,Y,43.1369569,-77.6070170,9/6/13,16:30,PROPERTY DAMAGE AND INJURY,1,0,2,COLLISION WITH MOTOR VEHICLE,REAR END,NONE,DAYLIGHT,CLEAR,DRY
13984,35535713,MONROE,Rochester,1, 31 43032049,Y,43.1458620,-77.5924981,12/26/14,20:22,INJURY,2,0,2,COLLISION WITH MOTOR VEHICLE,RIGHT ANGLE,TRAFFIC SIGNAL,DARK-ROAD LIGHTED,CLEAR,DRY
13984,35322465,MONROE,Rochester,1,,Y,43.1646350,-77.6277700,6/30/14,7:20,PROPERTY DAMAGE AND INJURY,1,0,2,COLLISION WITH MOTOR VEHICLE,RIGHT ANGLE,NONE,DAYLIGHT,CLEAR,DRY
13984,35245573,MONROE,Penfield,3,441 43011051,N,43.1308088,-77.4431896,4/30/14,16:22,INJURY,1,0,2,COLLISION WITH MOTOR VEHICLE,REAR END,STOP SIGN,DAYLIGHT,CLOUDY,WET
13984,35320154,MONROE,Rochester,1,,Y,43.1927076,-77.5935055,7/3/14,12:31,PROPERTY DAMAGE AND INJURY,1,0,2,COLLISION WITH MOTOR VEHICLE,REAR END,TRAFFIC SIGNAL,DAYLIGHT,CLOUDY,WET
13984,34788764,MONROE,Penfield,3,441 43011043,N,43.1311690,-77.4593778,5/23/13,17:54,PROPERTY DAMAGE AND INJURY,1,0,3,COLLISION WITH MOTOR VEHICLE,OTHER,NONE,DAYLIGHT,CLOUDY,DRY
13984,34803997,MONROE,Irondequoit,3,,N,43.1914450,-77.5839269,6/5/13,17:34,INJURY,2,0,3,COLLISION WITH MOTOR VEHICLE,OTHER,NONE,DAYLIGHT,CLOUDY,DRY
13984,35056126,MONROE,Webster,3,,Y,43.2159738,-77.4466088,12/23/13,18:22,INJURY,1,0,2,COLLISION WITH MOTOR VEHICLE,REAR END,TRAFFIC SIGNAL,DARK-ROAD UNLIGHTED,SNOW,WET
13984,35241820,MONROE,Perinton,3,250 43011012,N,43.0528153,-77.4432125,4/26/14,13:52,PROPERTY DAMAGE AND INJURY,1,0,2,COLLISION WITH MOTOR VEHICLE,REAR END,NONE,DAYLIGHT,CLOUDY,WET
13984,34849059,MONROE,Rochester,1, 33A43022008,N,43.1454170,-77.6506626,7/8/13,15:36,PROPERTY DAMAGE AND INJURY,1,0,2,COLLISION WITH MOTOR VEHICLE,RIGHT ANGLE,NONE,DAYLIGHT,CLEAR,DRY
13984,35446394,MONROE,Irondequoit,3,590 43013013,Y,43.1856887,-77.5437894,10/22/14,8:02,PROPERTY DAMAGE AND INJURY,1,0,2,COLLISION WITH MOTOR VEHICLE,REAR END,NONE,DAYLIGHT,CLOUDY,DRY
13984,35179918,MONROE,Penfield,3,441 43011043,Y,43.1311690,-77.4593799,3/15/14,19:44,INJURY,1,0,3,COLLISION WITH MOTOR VEHICLE,OTHER,NONE,DARK-ROAD LIGHTED,CLOUDY,SNOW/ICE
13984,34873429,MONROE,Gates,3,390I43037017,N,43.1509017,-77.6787351,7/28/13,14:30,INJURY,1,0,1,OVERTURNED,OTHER,NONE,DAYLIGHT,CLEAR,DRY
13984,34927186,MONROE,Hamlin,3, 18 43031016,N,43.2965817,-77.9658610,9/13/13,16:09,PROPERTY DAMAGE AND INJURY,2,0,2,COLLISION WITH MOTOR VEHICLE,RIGHT ANGLE,STOP SIGN,DAYLIGHT,CLOUDY,DRY
13984,34971287,MONROE,Brighton,3,,Y,43.1034082,-77.6758871,10/22/13,9:59,PROPERTY DAMAGE AND INJURY,3,0,2,COLLISION WITH MOTOR VEHICLE,REAR END,NONE,DAYLIGHT,CLOUDY,WET
13984,35080391,MONROE,Rochester,1,,Y,43.1791970,-77.6805950,1/3/14,6:48,INJURY,1,0,2,COLLISION WITH MOTOR VEHICLE,REAR END,TRAFFIC SIGNAL,DAWN,SNOW,SNOW/ICE
13984,34948851,MONROE,Greece,3,,Y,43.2093130,-77.6569820,9/30/13,19:33,PROPERTY DAMAGE AND INJURY,1,0,1,COLL. W/LIGHT SUPPORT/UTILITY POLE,OTHER,STOP SIGN,DARK-ROAD LIGHTED,CLEAR,DRY
13984,35443604,MONROE,Rochester,1,,N,43.1728000,-77.5870094,10/18/14,18:45,INJURY,1,0,1,COLLISION WITH BICYCLIST,OTHER,NONE,DARK-ROAD LIGHTED,RAIN,WET
13984,34998573,MONROE,Penfield,3,441 43011042,N,43.1312127,-77.4619867,11/7/13,17:09,PROPERTY DAMAGE AND INJURY,3,0,3,COLLISION WITH MOTOR VEHICLE,OTHER,NONE,DARK-ROAD LIGHTED,CLEAR,DRY
13984,35322461,MONROE,Rochester,1,,Y,43.1393610,-77.6360090,6/21/14,13:39,INJURY,1,0,2,COLLISION WITH MOTOR VEHICLE,LEFT TURN (AGAINST OTHER CAR),STOP SIGN,DAYLIGHT,CLEAR,DRY
13984,34804005,MONROE,Rochester,1,,Y,43.1774400,-77.5912280,6/9/13,3:25,PROPERTY DAMAGE AND INJURY,3,0,2,COLLISION WITH MOTOR VEHICLE,RIGHT ANGLE,NONE,DARK-ROAD LIGHTED,CLEAR,DRY
13984,35346100,MONROE,Greece,3,,N,43.1869272,-77.7013244,7/28/14,9:55,INJURY,1,0,2,COLLISION WITH MOTOR VEHICLE,REAR END,TRAFFIC SIGNAL,DAYLIGHT,RAIN,WET
13984,34837195,MONROE,Rochester,1,,Y,43.1438040,-77.6360350,6/23/13,19:24,INJURY,1,0,2,COLLISION WITH MOTOR VEHICLE,RIGHT ANGLE,TRAFFIC SIGNAL,DAYLIGHT,CLEAR,DRY
13984,35329704,MONROE,Rochester,1,,Y,43.1694230,-77.6143560,7/11/14,17:31,INJURY,1,0,1,COLLISION WITH BICYCLIST,OTHER,NONE,DAYLIGHT,CLEAR,DRY
13984,35193826,MONROE,Riga,3, 33A43021032,N,43.0694117,-77.8737189,3/25/14,7:40,PROPERTY DAMAGE AND INJURY,1,0,2,COLLISION WITH MOTOR VEHICLE,REAR END,NONE,DAYLIGHT,CLEAR,DRY
13984,35465529,MONROE,Rochester,1,,Y,43.1792020,-77.6596120,11/10/14,15:36,INJURY,1,0,1,COLLISION WITH BICYCLIST,OTHER,TRAFFIC SIGNAL,DAYLIGHT,CLEAR,DRY
13984,34988785,MONROE,Chili,3,490I43021132,N,43.1219183,-77.7367640,11/3/13,13:26,PROPERTY DAMAGE AND INJURY,1,0,2,COLLISION WITH MOTOR VEHICLE,REAR END,NONE,DAYLIGHT,CLEAR,DRY
13984,34743525,MONROE,Gates,3, 33A43021152,N,43.1394130,-77.6683200,4/21/13,1:09,INJURY,1,0,2,COLLISION WITH MOTOR VEHICLE,LEFT TURN (AGAINST OTHER CAR),TRAFFIC SIGNAL,DARK-ROAD LIGHTED,CLEAR,DRY
13984,34904660,MONROE,Rochester,1, 31 43032017,Y,43.1646310,-77.6422550,8/28/13,11:45,INJURY,1,0,1,COLLISION WITH PEDESTRIAN,OTHER,TRAFFIC SIGNAL,DAYLIGHT,CLEAR,DRY
13984,34875936,MONROE,Brockport,4, 19 43041052,Y,43.2068770,-77.9411120,5/17/13,11:36,INJURY,1,0,1,COLLISION WITH BICYCLIST,OTHER,STOP SIGN,DAYLIGHT,CLEAR,DRY
13984,34777387,MONROE,Perinton,3,,N,43.0827452,-77.4321059,5/17/13,9:10,PROPERTY DAMAGE AND INJURY,1,0,3,COLLISION WITH MOTOR VEHICLE,OTHER,NONE,DAYLIGHT,CLEAR,DRY
13984,35459937,MONROE,Gates,3,390 43011005,N,43.1640737,-77.6830208,11/7/14,8:38,PROPERTY DAMAGE AND INJURY,1,0,2,COLLISION WITH MOTOR VEHICLE,REAR END,NONE,DAYLIGHT,RAIN,WET
13984,35090790,MONROE,Rochester,1,,N,43.1943940,-77.6266909,1/11/14,10:56,PROPERTY DAMAGE AND INJURY,1,0,2,COLLISION WITH MOTOR VEHICLE,REAR END,TRAFFIC SIGNAL,DAYLIGHT,RAIN,WET
13984,34928856,MONROE,Perinton,3,,N,43.0791454,-77.4270143,9/17/13,7:08,PROPERTY DAMAGE AND INJURY,1,0,2,COLLISION WITH MOTOR VEHICLE,REAR END,NONE,DAWN,CLEAR,DRY
13984,35378233,MONROE,Pittsford,4, 96 43051061,N,43.0944410,-77.5140030,8/25/14,13:43,INJURY,1,0,1,COLLISION WITH BICYCLIST,OTHER,STOP SIGN,DAYLIGHT,CLEAR,DRY
13984,35355199,MONROE,Gates,3,,Y,43.1784320,-77.7015680,8/9/14,21:54,INJURY,1,0,1,OTHER NON-COLLISION,OTHER,NONE,DARK-ROAD LIGHTED,CLEAR,DRY
13984,34805447,MONROE,Rochester,1,390I43032000,N,43.1174203,-77.6353043,6/9/13,10:59,PROPERTY DAMAGE AND INJURY,1,0,3,COLLISION WITH MOTOR VEHICLE,OTHER,HIGHWAY WORK AREA,DAYLIGHT,CLEAR,DRY
13984,34941331,MONROE,Henrietta,3,,N,43.0537685,-77.6150075,8/8/13,9:37,INJURY,1,0,1,COLLISION WITH BICYCLIST,OTHER,NONE,DAYLIGHT,CLEAR,DRY
13984,35087307,MONROE,Brighton,3,590I43011016,N,43.1078586,-77.5806860,1/12/14,22:33,INJURY,1,0,1,OTHER NON-COLLISION,OTHER,NONE,DARK-ROAD LIGHTED,CLEAR,DRY
13984,34800642,MONROE,Rochester,1, 31 43032041,N,43.1524760,-77.6050340,6/4/13,6:00,INJURY,1,0,1,OTHER NON-COLLISION,OTHER,TRAFFIC SIGNAL,DAYLIGHT,CLEAR,DRY
13984,35413471,MONROE,Brighton,3,,Y,43.1317030,-77.5902270,9/28/14,11:50,INJURY,1,0,2,COLLISION WITH MOTOR VEHICLE,REAR END,TRAFFIC SIGNAL,DAYLIGHT,CLEAR,DRY
13984,35305529,MONROE,Rochester,1,,Y,43.1689120,-77.5907390,6/20/14,16:52,PROPERTY DAMAGE AND INJURY,3,0,2,COLLISION WITH MOTOR VEHICLE,RIGHT ANGLE,STOP SIGN,DAYLIGHT,CLEAR,DRY
13984,35483202,MONROE,Ogden,3, 36 43031153,N,43.1878409,-77.8541882,11/21/14,17:59,PROPERTY DAMAGE AND INJURY,1,0,3,COLLISION WITH MOTOR VEHICLE,OTHER,TRAFFIC SIGNAL,DARK-ROAD UNLIGHTED,CLOUDY,DRY
13984,35313667,MONROE,Rochester,1,,Y,43.1593930,-77.6290470,6/23/14,16:34,PROPERTY DAMAGE AND INJURY,1,0,1,COLLISION WITH BUILDING/WALL,OTHER,NONE,DAYLIGHT,CLEAR,DRY
13984,35136050,MONROE,Webster,3,104 43035295,N,43.2224094,-77.3886536,2/13/14,22:28,PROPERTY DAMAGE AND INJURY,4,0,3,COLLISION WITH MOTOR VEHICLE,OTHER,TRAFFIC SIGNAL,DARK-ROAD UNLIGHTED,SNOW,SNOW/ICE
13984,34964946,MONROE,Greece,3,,N,43.2077026,-77.6821085,10/14/13,17:05,PROPERTY DAMAGE AND INJURY,1,0,2,COLLISION WITH MOTOR VEHICLE,OVERTAKING,NONE,DAYLIGHT,CLOUDY,DRY
13984,35503030,MONROE,Rochester,1,,Y,43.1779930,-77.5989960,11/30/14,16:28,INJURY,1,0,1,COLLISION WITH BICYCLIST,OTHER,NONE,DAYLIGHT,CLEAR,DRY
13984,34890468,MONROE,Rochester,1,,N,43.1607095,-77.6428334,8/14/13,20:08,INJURY,1,0,2,COLLISION WITH PEDESTRIAN,OTHER,NONE,DAYLIGHT,CLEAR,DRY
13984,35384328,MONROE,Rochester,1,,Y,43.1873610,-77.5841050,8/29/14,15:24,INJURY,2,0,2,COLLISION WITH MOTOR VEHICLE,OTHER,NONE,DAYLIGHT,CLOUDY,DRY
13984,35397462,MONROE,Rochester,1,,Y,43.1821170,-77.5954840,9/6/14,12:32,PROPERTY DAMAGE AND INJURY,1,0,2,COLLISION WITH MOTOR VEHICLE,RIGHT ANGLE,STOP SIGN,DAYLIGHT,RAIN,WET
13984,35412016,MONROE,Rochester,1,490I43022041,N,43.1451664,-77.6000784,9/18/14,7:24,PROPERTY DAMAGE AND INJURY,1,0,2,COLLISION WITH MOTOR VEHICLE,REAR END,NONE,DAYLIGHT,CLEAR,DRY
13984,35265875,MONROE,Rochester,1,,N,43.1777751,-77.6250547,5/14/14,17:40,PROPERTY DAMAGE AND INJURY,1,0,3,COLLISION WITH MOTOR VEHICLE,OTHER,NONE,DAYLIGHT,CLOUDY,DRY
13984,35000428,MONROE,Sweden,3, 31A43021009,N,43.1980850,-77.9794931,11/12/13,0:34,PROPERTY DAMAGE AND INJURY,1,0,1,COLL. W/LIGHT SUPPORT/UTILITY POLE,OTHER,NONE,DARK-ROAD LIGHTED,CLOUDY,SNOW/ICE
13984,35397105,MONROE,Perinton,3,,Y,43.1097030,-77.4633419,9/9/14,14:20,INJURY,1,0,2,COLLISION WITH MOTOR VEHICLE,RIGHT ANGLE,TRAFFIC SIGNAL,DAYLIGHT,CLOUDY,DRY
13984,34813470,MONROE,Rochester,1,,N,43.1333239,-77.6418825,6/9/13,22:06,INJURY,1,0,2,COLLISION WITH MOTOR VEHICLE,RIGHT ANGLE,NONE,DARK-ROAD LIGHTED,CLEAR,DRY
13984,34707315,MONROE,Rochester,1,,N,43.1609939,-77.5891274,3/21/13,9:24,PROPERTY DAMAGE AND INJURY,3,0,3,COLLISION WITH MOTOR VEHICLE,OTHER,TRAFFIC SIGNAL,DAYLIGHT,CLEAR,DRY
13984,35296859,MONROE,Irondequoit,3,,Y,43.2108460,-77.6121830,6/15/14,14:38,PROPERTY DAMAGE AND INJURY,1,0,2,COLLISION WITH MOTOR VEHICLE,REAR END,NONE,DAYLIGHT,CLEAR,DRY
13984,35395562,MONROE,Ogden,3, 33 43031086,N,43.1348710,-77.7764666,9/12/14,12:30,PROPERTY DAMAGE AND INJURY,1,0,2,COLLISION WITH MOTOR VEHICLE,LEFT TURN (WITH OTHER CAR),NONE,DAYLIGHT,CLOUDY,DRY
13984,35621972,MONROE,Rochester,1,,N,43.1865720,-77.6225501,10/18/14,0:40,PROPERTY DAMAGE AND INJURY,1,0,2,COLLISION WITH MOTOR VEHICLE,OVERTAKING,NO PASSING ZONE,DARK-ROAD LIGHTED,CLOUDY,DRY
13984,34743468,MONROE,Brighton,3,,N,43.1057616,-77.6753087,4/19/13,12:03,INJURY,1,0,2,COLLISION WITH MOTOR VEHICLE,RIGHT ANGLE,NONE,DAYLIGHT,CLEAR,WET
13984,34733288,MONROE,Sweden,3, 31 43031057,N,43.1982426,-77.9215404,4/12/13,13:07,PROPERTY DAMAGE AND INJURY,1,0,2,COLLISION WITH MOTOR VEHICLE,REAR END,TRAFFIC SIGNAL,DAYLIGHT,RAIN,WET
13984,35452128,MONROE,Rochester,1,,Y,43.1552300,-77.6388801,10/27/14,11:15,PROPERTY DAMAGE AND INJURY,2,0,2,COLLISION WITH MOTOR VEHICLE,RIGHT ANGLE,TRAFFIC SIGNAL,DAYLIGHT,CLEAR,DRY
13984,34800639,MONROE,Rochester,1,,N,43.1864124,-77.6227274,5/31/13,7:33,INJURY,1,0,1,COLLISION WITH BICYCLIST,OTHER,NONE,DAYLIGHT,CLEAR,DRY
13984,35227753,MONROE,Irondequoit,3,,N,43.1967749,-77.5924206,4/18/14,14:00,PROPERTY DAMAGE AND INJURY,1,0,2,COLLISION WITH MOTOR VEHICLE,LEFT TURN (AGAINST OTHER CAR),NONE,DAYLIGHT,CLOUDY,DRY
13984,35037996,MONROE,Greece,3, 18 43031226,Y,43.2232330,-77.6413420,11/25/13,17:40,PROPERTY DAMAGE AND INJURY,2,0,2,COLLISION WITH MOTOR VEHICLE,RIGHT ANGLE,TRAFFIC SIGNAL,DARK-ROAD LIGHTED,CLOUDY,DRY
13984,35192245,MONROE,Rochester,1,,Y,43.1715140,-77.5599020,3/19/14,22:16,INJURY,1,0,1,COLLISION WITH PEDESTRIAN,OTHER,TRAFFIC SIGNAL,DARK-ROAD LIGHTED,RAIN,WET
13984,34717548,MONROE,Rochester,1,104 43032019,N,43.1944076,-77.6264343,4/1/13,15:44,PROPERTY DAMAGE AND INJURY,3,0,2,COLLISION WITH MOTOR VEHICLE,REAR END,NONE,DAYLIGHT,CLOUDY,DRY
13984,35500678,MONROE,Henrietta,3, 15 43031114,Y,43.0940130,-77.6330760,12/4/14,9:03,PROPERTY DAMAGE AND INJURY,1,0,2,COLLISION WITH MOTOR VEHICLE,REAR END,TRAFFIC SIGNAL,DAYLIGHT,CLOUDY,DRY
13984,34723528,MONROE,Pittsford,3, 65 43031109,N,43.0849314,-77.5428792,4/5/13,16:05,INJURY,1,0,1,COLLISION WITH BICYCLIST,OTHER,TRAFFIC SIGNAL,DAYLIGHT,CLOUDY,DRY
13984,34971111,MONROE,Rochester,1,,Y,43.1737220,-77.5995080,8/25/13,17:08,INJURY,1,0,1,COLLISION WITH BICYCLIST,OTHER,NONE,DAYLIGHT,CLEAR,DRY
13984,34849055,MONROE,Rochester,1,,N,43.1421596,-77.5985172,7/10/13,14:20,INJURY,1,0,1,COLLISION WITH PEDESTRIAN,OTHER,NONE,DAYLIGHT,CLEAR,DRY
13984,35448858,MONROE,Greece,3,,N,43.2598985,-77.6963790,10/27/14,14:08,INJURY,2,0,2,COLLISION WITH MOTOR VEHICLE,REAR END,STOP SIGN,DAYLIGHT,CLOUDY,DRY
13984,35134633,MONROE,Greece,3,,N,43.2066621,-77.6755270,2/12/14,9:05,PROPERTY DAMAGE AND INJURY,1,0,3,COLLISION WITH MOTOR VEHICLE,OTHER,TRAFFIC SIGNAL,DAYLIGHT,CLEAR,DRY
13984,34778170,ERIE,Pittsford,3, 65 43031115,Y,43.0933690,-77.5448240,5/2/13,10:12,PROPERTY DAMAGE AND INJURY,3,0,2,COLLISION WITH MOTOR VEHICLE,RIGHT ANGLE,STOP SIGN,DAYLIGHT,CLEAR,DRY
13984,35397132,MONROE,Greece,3, 18 43031204,Y,43.2529566,-77.6469026,9/9/14,8:34,PROPERTY DAMAGE AND INJURY,1,0,2,COLLISION WITH MOTOR VEHICLE,SIDESWIPE,NONE,DAYLIGHT,CLEAR,DRY
13984,35460764,MONROE,Chili,3,490I43021094,N,43.0959345,-77.7993633,10/26/14,12:20,PROPERTY DAMAGE AND INJURY,1,0,1,COLL. W/EARTH ELE./ROCK CUT/DITCH,OTHER,NONE,DAYLIGHT,CLOUDY,DRY
13984,35450632,MONROE,Rochester,1,,N,43.1751971,-77.5914046,10/11/14,2:01,INJURY,1,0,2,COLLISION WITH MOTOR VEHICLE,REAR END,NO PASSING ZONE,DARK-ROAD LIGHTED,CLEAR,DRY
13984,34820561,MONROE,Henrietta,3,,Y,43.0723440,-77.6650380,6/3/13,8:00,INJURY,1,0,2,COLLISION WITH MOTOR VEHICLE,REAR END,TRAFFIC SIGNAL,DAYLIGHT,CLOUDY,DRY
13984,35390236,MONROE,Brighton,3,590 43011004,N,43.1478115,-77.5408753,9/5/14,7:50,PROPERTY DAMAGE AND INJURY,1,0,2,COLLISION WITH MOTOR VEHICLE,REAR END,NONE,DAYLIGHT,CLEAR,DRY
13984,35080522,MONROE,Parma,3, 18 43031119,N,43.2722739,-77.7910370,12/26/13,21:23,PROPERTY DAMAGE AND INJURY,4,0,2,COLLISION WITH MOTOR VEHICLE,LEFT TURN (AGAINST OTHER CAR),NONE,DARK-ROAD UNLIGHTED,CLOUDY,DRY
13984,35216581,MONROE,Gates,3,940L43011000,Y,43.1308570,-77.6898830,4/9/14,14:50,INJURY,1,0,3,COLLISION WITH MOTOR VEHICLE,OTHER,TRAFFIC SIGNAL,DAYLIGHT,CLEAR,DRY
13984,35409516,MONROE,Webster,4,404 43035099,N,43.2121412,-77.4309691,9/19/14,18:48,INJURY,2,0,2,COLLISION WITH MOTOR VEHICLE,REAR END,NONE,DAYLIGHT,CLEAR,DRY
13984,35385251,MONROE,Hamlin,3,,N,43.3001510,-77.9664698,8/28/14,18:57,INJURY,1,0,1,OTHER NON-COLLISION,OTHER,NONE,DAYLIGHT,CLEAR,DRY
13984,35271941,MONROE,Rochester,1,490I43022014,N,43.1570706,-77.6454466,5/27/14,7:40,PROPERTY DAMAGE AND INJURY,1,0,3,COLLISION WITH MOTOR VEHICLE,OTHER,NONE,DAYLIGHT,CLEAR,DRY
13984,34803962,MONROE,Rochester,1,,Y,43.1809400,-77.6386230,6/7/13,1:55,INJURY,1,0,1,COLLISION WITH TREE,OTHER,TRAFFIC SIGNAL,DARK-ROAD LIGHTED,RAIN,WET
13984,35306855,MONROE,Rochester,1,,Y,43.1727960,-77.6126310,6/11/14,18:10,INJURY,1,0,1,COLLISION WITH BICYCLIST,OTHER,NONE,DAYLIGHT,CLEAR,DRY
13984,35078347,MONROE,Greece,3, 18 43031199,Y,43.2529010,-77.6592330,1/9/14,11:10,INJURY,2,0,1,COLLISION WITH PEDESTRIAN,OTHER,TRAFFIC SIGNAL,DAYLIGHT,CLEAR,DRY
13984,34805446,MONROE,Churchville,4, 36 43031085,N,43.1009965,-77.8846801,5/23/13,8:15,PROPERTY DAMAGE AND INJURY,1,0,2,COLLISION WITH MOTOR VEHICLE,REAR END,RR CROSSING GATES,DAYLIGHT,CLOUDY,DRY
13984,35201219,MONROE,Greece,3,,N,43.2060690,-77.6718320,3/31/14,11:32,INJURY,1,0,2,COLLISION WITH MOTOR VEHICLE,REAR END,TRAFFIC SIGNAL,DAYLIGHT,CLEAR,DRY
13984,35498313,MONROE,Pittsford,3,,N,43.0387009,-77.5380557,12/1/14,18:10,PROPERTY DAMAGE AND INJURY,1,0,1,COLL. W/EARTH ELE./ROCK CUT/DITCH,OTHER,NONE,DARK-ROAD UNLIGHTED,CLOUDY,DRY
13984,34959942,MONROE,Rochester,1,,Y,43.1600830,-77.5553250,9/4/13,15:31,INJURY,1,0,1,COLLISION WITH BICYCLIST,OTHER,NONE,DAYLIGHT,CLEAR,DRY
13984,35430206,MONROE,Henrietta,3,,N,43.0805049,-77.6845593,9/30/14,13:56,INJURY,1,0,1,COLLISION WITH BICYCLIST,OTHER,OTHER,DAYLIGHT,CLEAR,DRY
13984,34729573,MONROE,Gates,3,390I43037007,N,43.1394130,-77.6683200,3/22/13,10:15,PROPERTY DAMAGE AND INJURY,1,0,1,COLLISION WITH OTHER,OTHER,NONE,DAYLIGHT,SNOW,SLUSH
13984,34971803,MONROE,Rochester,1,,N,43.1650820,-77.6218870,10/20/13,22:49,INJURY,1,0,1,COLLISION WITH BICYCLIST,OTHER,NONE,DARK-ROAD LIGHTED,CLOUDY,WET
13984,34848998,MONROE,Rochester,1,,Y,43.1726579,-77.6075318,7/10/13,12:07,INJURY,1,0,1,COLLISION WITH BICYCLIST,OTHER,NONE,DAYLIGHT,CLEAR,DRY
13984,35422064,MONROE,Parma,3,,Y,43.2883384,-77.7558598,10/1/14,18:56,INJURY,1,0,1,COLLISION WITH FIRE HYDRANT,OTHER,NONE,DAYLIGHT,CLEAR,DRY
13984,35367962,MONROE,Perinton,3,,Y,43.1085900,-77.3975200,7/7/14,19:47,INJURY,1,0,2,COLLISION WITH MOTOR VEHICLE,OVERTAKING,STOP SIGN,DAYLIGHT,CLEAR,DRY
13984,35567167,MONROE,Gates,3,390 43011006,N,43.1646917,-77.6827765,11/18/14,17:31,PROPERTY DAMAGE AND INJURY,1,0,3,COLLISION WITH MOTOR VEHICLE,OTHER,NONE,DARK-ROAD LIGHTED,CLOUDY,DRY
13984,35467925,MONROE,Brighton,3,590I43011020,N,43.1078895,-77.5685954,11/12/14,10:30,PROPERTY DAMAGE AND INJURY,1,0,2,COLLISION WITH MOTOR VEHICLE,REAR END,HIGHWAY WORK AREA,DAYLIGHT,CLOUDY,DRY
13984,35101883,MONROE,Rochester,1,,Y,43.1498610,-77.6138100,1/22/14,14:46,PROPERTY DAMAGE AND INJURY,1,0,2,COLLISION WITH MOTOR VEHICLE,RIGHT ANGLE,STOP SIGN,DAYLIGHT,CLOUDY,WET
13984,35050854,MONROE,Rochester,1, 96 43052001,N,43.1433240,-77.5485211,12/15/13,20:09,PROPERTY DAMAGE AND INJURY,3,0,2,COLLISION WITH MOTOR VEHICLE,RIGHT ANGLE,TRAFFIC SIGNAL,DARK-ROAD LIGHTED,CLOUDY,WET