QUERYID,CASE #,REGN_CNTY_CDE,Municipality,MUNITYPE,REF_MRKR,ATINTERSECTION_IND,Lat,Long,,Time,Crash Type,Injuries,Fatalities,Number of Vehicles,ACCD_TYP,COLLISION_TYP,TRAF_CNTL,Light Condition,Weather Condition,Road Surface Condition
13984,34885652,MONROE,Irondequoit,3,590 43013002,N,43.1707943,-77.5389945,8/9/13,16:10,PROPERTY DAMAGE AND INJURY,1,0,1,COLLISION WITH OTHER BARRIER,OTHER,NONE,DAYLIGHT,CLEAR,DRY
13984,35305548,MONROE,Webster,3,,N,43.2252030,-77.4860880,6/18/14,2:40,PROPERTY DAMAGE AND INJURY,1,0,1,COLL. W/EARTH ELE./ROCK CUT/DITCH,OTHER,NONE,DARK-ROAD UNLIGHTED,CLEAR,DRY
13984,34776736,MONROE,Pittsford,3, 65 43031111,Y,43.0872710,-77.5426350,5/10/13,2:08,PROPERTY DAMAGE AND INJURY,1,0,2,COLLISION WITH MOTOR VEHICLE,RIGHT ANGLE,TRAFFIC SIGNAL,DARK-ROAD UNLIGHTED,CLEAR,DRY
13984,35055039,MONROE,Brighton,3, 15A43041128,N,43.1080070,-77.6159370,12/24/13,11:34,PROPERTY DAMAGE AND INJURY,1,0,2,COLLISION WITH MOTOR VEHICLE,REAR END,TRAFFIC SIGNAL,DAYLIGHT,SNOW,SNOW/ICE
13984,34957194,MONROE,Brighton,3,,Y,43.1259050,-77.5826059,10/9/13,16:46,PROPERTY DAMAGE AND INJURY,1,0,2,COLLISION WITH MOTOR VEHICLE,RIGHT ANGLE,TRAFFIC SIGNAL,DAYLIGHT,CLEAR,DRY
13984,34899235,MONROE,Brighton,3,490I43023005,N,43.1392893,-77.5389364,8/14/13,7:55,PROPERTY DAMAGE AND INJURY,1,0,2,COLLISION WITH MOTOR VEHICLE,REAR END,NONE,DAYLIGHT,RAIN,WET
13984,35071360,MONROE,Webster,3,404 43035079,N,43.2063641,-77.4700785,1/3/14,15:35,INJURY,1,0,2,COLLISION WITH MOTOR VEHICLE,REAR END,NONE,DAYLIGHT,CLEAR,SNOW/ICE
13984,35430264,MONROE,Greece,3,,Y,43.2308770,-77.6300730,10/13/14,1:56,PROPERTY DAMAGE AND INJURY,1,0,1,COLLISION WITH CURBING,OTHER,NONE,DARK-ROAD LIGHTED,CLOUDY,DRY
13984,34915289,MONROE,Brighton,3,252 43011054,Y,43.0926100,-77.6659621,8/9/13,15:40,PROPERTY DAMAGE AND INJURY,2,0,2,COLLISION WITH MOTOR VEHICLE,RIGHT ANGLE,TRAFFIC SIGNAL,DAYLIGHT,CLOUDY,DRY
13984,35430224,MONROE,Henrietta,3,252 43011076,Y,43.0870440,-77.6247266,10/4/14,14:43,INJURY,1,0,2,COLLISION WITH MOTOR VEHICLE,RIGHT ANGLE,TRAFFIC SIGNAL,DAYLIGHT,CLEAR,DRY
13984,35467587,MONROE,Brighton,3, 31 43033022,N,43.1114046,-77.5482470,11/13/14,17:46,PROPERTY DAMAGE AND INJURY,1,0,2,COLLISION WITH MOTOR VEHICLE,REAR END,OTHER,DARK-ROAD LIGHTED,CLOUDY,OTHER
13984,35439755,MONROE,Rochester,1,,N,43.1494087,-77.5848737,10/19/14,2:11,PROPERTY DAMAGE AND INJURY,2,0,1,COLLISION WITH PEDESTRIAN,OTHER,NONE,DARK-ROAD LIGHTED,RAIN,WET
13984,35394338,MONROE,Henrietta,3,,Y,43.0814420,-77.6203600,9/8/14,11:35,PROPERTY DAMAGE AND INJURY,1,0,1,COLL. W/LIGHT SUPPORT/UTILITY POLE,OTHER,STOP SIGN,DAYLIGHT,CLEAR,DRY
13984,35280597,MONROE,Webster,3,,N,43.2138760,-77.5155450,6/4/14,16:00,INJURY,1,0,2,COLLISION WITH MOTOR VEHICLE,REAR END,TRAFFIC SIGNAL,DAYLIGHT,CLEAR,DRY
13984,35057131,MONROE,Rochester,1,,Y,43.1564800,-77.5680220,12/26/13,23:24,PROPERTY DAMAGE AND INJURY,2,0,2,COLLISION WITH MOTOR VEHICLE,RIGHT ANGLE,TRAFFIC SIGNAL,DARK-ROAD LIGHTED,CLEAR,DRY
13984,34795881,MONROE,Rochester,1,,Y,43.1656640,-77.6270261,5/10/13,12:16,PROPERTY DAMAGE AND INJURY,1,0,2,COLLISION WITH MOTOR VEHICLE,RIGHT ANGLE,STOP SIGN,DAYLIGHT,CLOUDY,WET
13984,34890584,MONROE,Henrietta,3,,N,43.0794658,-77.6294742,8/10/13,8:10,PROPERTY DAMAGE AND INJURY,1,0,2,COLLISION WITH MOTOR VEHICLE,RIGHT ANGLE,NONE,DAYLIGHT,CLEAR,DRY
13984,35068003,MONROE,Henrietta,3,252 43011084,N,43.0871540,-77.6092060,12/31/13,17:25,PROPERTY DAMAGE AND INJURY,2,0,2,COLLISION WITH MOTOR VEHICLE,RIGHT ANGLE,TRAFFIC SIGNAL,DARK-ROAD LIGHTED,CLEAR,DRY
13984,35390465,MONROE,Rochester,1, 31 43032039,Y,43.1536900,-77.6076060,8/22/14,11:10,PROPERTY DAMAGE AND INJURY,1,0,2,COLLISION WITH MOTOR VEHICLE,OVERTAKING,TRAFFIC SIGNAL,DAYLIGHT,CLEAR,DRY
13984,34794839,MONROE,Chili,3,,N,43.1256351,-77.7651875,5/27/13,21:11,PROPERTY DAMAGE AND INJURY,3,0,2,COLLISION WITH MOTOR VEHICLE,REAR END,NONE,DARK-ROAD LIGHTED,CLEAR,DRY
13984,35349034,MONROE,Rochester,1,,N,43.1866368,-77.5840586,8/1/14,19:05,INJURY,4,0,3,COLLISION WITH MOTOR VEHICLE,OTHER,NONE,DAYLIGHT,CLOUDY,WET
13984,35398660,MONROE,Brockport,4, 19 43041055,Y,43.2118380,-77.9396070,8/29/14,13:22,INJURY,1,0,1,COLLISION WITH BICYCLIST,OTHER,STOP SIGN,DAYLIGHT,CLEAR,DRY
13984,34889456,MONROE,Rochester,1,,N,43.1796407,-77.5803608,7/27/13,3:20,INJURY,1,0,3,COLLISION WITH MOTOR VEHICLE,OTHER,NONE,DARK-ROAD LIGHTED,CLEAR,DRY
13984,34882215,MONROE,Rochester,1, 31 43032017,Y,43.1646320,-77.6413559,8/4/13,0:35,INJURY,1,0,1,COLLISION WITH BICYCLIST,OTHER,NONE,DARK-ROAD LIGHTED,CLEAR,DRY
13984,35276398,MONROE,Rochester,1,,Y,43.1753390,-77.5988280,5/21/14,17:29,PROPERTY DAMAGE AND INJURY,2,0,3,COLLISION WITH MOTOR VEHICLE,OTHER,TRAFFIC SIGNAL,DAYLIGHT,CLEAR,DRY
13984,35146052,MONROE,Rochester,1,,Y,43.1791235,-77.6135447,1/24/14,11:29,PROPERTY DAMAGE AND INJURY,2,0,2,COLLISION WITH MOTOR VEHICLE,LEFT TURN (WITH OTHER CAR),NONE,DAYLIGHT,CLEAR,SNOW/ICE
13984,34963808,MONROE,Webster,3,,N,43.2122021,-77.4922531,10/11/13,8:33,PROPERTY DAMAGE AND INJURY,1,0,1,COLL. W/LIGHT SUPPORT/UTILITY POLE,OTHER,NONE,DAYLIGHT,CLOUDY,DRY
13984,34827015,MONROE,Rochester,1,,Y,43.1711750,-77.6029650,6/19/13,15:31,PROPERTY DAMAGE AND INJURY,2,0,2,COLLISION WITH MOTOR VEHICLE,REAR END,NONE,DAYLIGHT,CLEAR,DRY
13984,34938965,MONROE,Sweden,3,,Y,43.1983164,-77.9672070,9/25/13,16:33,PROPERTY DAMAGE AND INJURY,3,0,3,COLLISION WITH MOTOR VEHICLE,OTHER,NO PASSING ZONE,DAYLIGHT,CLEAR,DRY
13984,35382434,MONROE,Brighton,3,,Y,43.1317030,-77.5902270,9/1/14,16:07,INJURY,1,0,1,COLLISION WITH BICYCLIST,OTHER,TRAFFIC SIGNAL,DAYLIGHT,CLOUDY,DRY
13984,34770530,MONROE,Gates,3, 33 43031130,Y,43.1498750,-77.6933230,5/14/13,0:28,PROPERTY DAMAGE AND INJURY,1,0,2,COLLISION WITH MOTOR VEHICLE,REAR END,HIGHWAY WORK AREA,DARK-ROAD LIGHTED,CLOUDY,DRY
13984,34998567,MONROE,Pittsford,3, 31 43033028,Y,43.1052815,-77.5408844,11/8/13,13:18,PROPERTY DAMAGE AND INJURY,1,0,2,COLLISION WITH MOTOR VEHICLE,HEAD ON,TRAFFIC SIGNAL,DAYLIGHT,CLOUDY,DRY
13984,35263159,MONROE,Brighton,3, 15 43031127,Y,43.1118240,-77.6238730,5/18/14,19:18,PROPERTY DAMAGE AND INJURY,1,0,2,COLLISION WITH MOTOR VEHICLE,REAR END,TRAFFIC SIGNAL,DAYLIGHT,CLOUDY,DRY
13984,35361957,MONROE,Rochester,1,,N,43.1750688,-77.5856282,8/8/14,17:34,INJURY,1,0,2,COLLISION WITH MOTOR VEHICLE,OVERTAKING,NONE,DAYLIGHT,CLEAR,DRY
13984,35316072,MONROE,Rochester,1,,Y,43.1724450,-77.6125230,7/4/14,21:45,PROPERTY DAMAGE AND INJURY,1,0,3,COLLISION WITH MOTOR VEHICLE,OTHER,STOP SIGN,DARK-ROAD LIGHTED,CLEAR,DRY
13984,35265919,MONROE,Rochester,1,,N,43.1790194,-77.6135381,5/19/14,17:25,INJURY,1,0,2,COLLISION WITH MOTOR VEHICLE,REAR END,NONE,DAYLIGHT,CLEAR,DRY
13984,34975088,MONROE,Brighton,3, 15A43041128,N,43.1080070,-77.6159370,10/24/13,8:32,PROPERTY DAMAGE AND INJURY,1,0,2,COLLISION WITH MOTOR VEHICLE,REAR END,YIELD SIGN,DAYLIGHT,CLOUDY,DRY
13984,35475518,MONROE,Clarkson,3,,Y,43.2769769,-77.8701543,11/18/14,11:50,PROPERTY DAMAGE AND INJURY,2,0,2,COLLISION WITH MOTOR VEHICLE,RIGHT ANGLE,STOP SIGN,DAYLIGHT,CLEAR,DRY
13984,34846205,MONROE,Rochester,1,,N,43.1714790,-77.6045550,7/12/13,3:24,INJURY,1,0,1,COLL. W/LIGHT SUPPORT/UTILITY POLE,OTHER,NONE,DARK-ROAD LIGHTED,CLEAR,DRY
13984,34750804,MONROE,Henrietta,3,252 43011064,N,43.0910946,-77.6476213,4/24/13,21:36,INJURY,1,0,1,COLLISION WITH BICYCLIST,OTHER,NONE,DARK-ROAD LIGHTED,RAIN,WET
13984,34740015,MONROE,Brighton,3,490I43023007,N,43.1379031,-77.5366017,4/17/13,17:04,PROPERTY DAMAGE AND INJURY,1,0,2,COLLISION WITH MOTOR VEHICLE,REAR END,NONE,DAYLIGHT,CLEAR,DRY
13984,35085226,MONROE,Henrietta,3,390I43031081,N,43.0492958,-77.6474648,1/10/14,4:00,PROPERTY DAMAGE AND INJURY,1,0,1,COLLISION WITH BRIDGE STRUCTURE,OTHER,NONE,DARK-ROAD UNLIGHTED,SNOW,SNOW/ICE
13984,35482760,MONROE,Greece,3, 18 43031150,N,43.2575720,-77.7509184,11/20/14,21:41,PROPERTY DAMAGE AND INJURY,1,0,1,COLL. W/LIGHT SUPPORT/UTILITY POLE,OTHER,NONE,DARK-ROAD UNLIGHTED,CLOUDY,DRY
13984,34919011,MONROE,Greece,3,,N,43.2072939,-77.6794670,9/7/13,16:27,PROPERTY DAMAGE AND INJURY,2,0,2,COLLISION WITH MOTOR VEHICLE,REAR END,TRAFFIC SIGNAL,DAYLIGHT,RAIN,WET
13984,34982888,MONROE,Pittsford,3,490I43023037,N,43.1037488,-77.5049346,8/29/13,20:30,FATAL,1,1,2,COLLISION WITH PEDESTRIAN,OTHER,NONE,DARK-ROAD LIGHTED,CLEAR,DRY
13984,35039567,MONROE,Brighton,3, 31 43033022,N,43.1112109,-77.5479818,12/10/13,17:56,PROPERTY DAMAGE AND INJURY,1,0,2,COLLISION WITH MOTOR VEHICLE,LEFT TURN (AGAINST OTHER CAR),NONE,DARK-ROAD LIGHTED,SNOW,SNOW/ICE
13984,34879403,MONROE,Brighton,3, 15 43031116,N,43.0965752,-77.6317394,8/6/13,14:34,PROPERTY DAMAGE AND INJURY,1,0,2,COLLISION WITH MOTOR VEHICLE,REAR END,TRAFFIC SIGNAL,DAYLIGHT,CLEAR,DRY
13984,35135582,MONROE,Rochester,1,940M43011012,Y,43.1809370,-77.6317380,2/13/14,20:55,PROPERTY DAMAGE AND INJURY,1,0,2,COLLISION WITH MOTOR VEHICLE,RIGHT ANGLE,TRAFFIC SIGNAL,DARK-ROAD LIGHTED,SNOW,SNOW/ICE
13984,35238346,MONROE,Sweden,3,,N,43.1983389,-77.9645521,3/23/14,3:00,PROPERTY DAMAGE AND INJURY,1,0,1,COLLISION WITH OTHER FIXED OBJECT,OTHER,NONE,DARK-ROAD UNLIGHTED,CLEAR,SNOW/ICE
13984,34840902,MONROE,Brighton,3,,Y,43.1182340,-77.5959620,7/8/13,15:46,PROPERTY DAMAGE AND INJURY,2,0,2,COLLISION WITH MOTOR VEHICLE,RIGHT TURN (AGAINST OTHER CAR),STOP SIGN,DAYLIGHT,RAIN,WET
13984,35308317,MONROE,Rochester,1,,Y,43.1565990,-77.6088960,6/27/14,19:15,INJURY,1,0,1,COLLISION WITH PEDESTRIAN,OTHER,TRAFFIC SIGNAL,DAYLIGHT,CLEAR,DRY
13984,35371551,MONROE,Irondequoit,3,,Y,43.1953360,-77.5767180,8/20/14,18:07,INJURY,1,0,2,COLLISION WITH MOTOR VEHICLE,LEFT TURN (AGAINST OTHER CAR),NONE,DAYLIGHT,CLEAR,DRY
13984,35282702,UNKNOWN COUNTY,,0,,N,43.1396319,-77.5961124,6/2/14,6:58,INJURY,1,0,2,COLLISION WITH MOTOR VEHICLE,REAR END,NONE,DAYLIGHT,CLEAR,DRY
13984,34839354,MONROE,Rochester,1,,N,43.1244063,-77.6233324,6/27/13,18:55,INJURY,1,0,1,COLLISION WITH BICYCLIST,OTHER,TRAFFIC SIGNAL,DAYLIGHT,CLOUDY,DRY
13984,35051024,MONROE,Rochester,1,,Y,43.2140975,-77.5587940,12/19/13,14:41,PROPERTY DAMAGE AND INJURY,1,0,3,COLLISION WITH MOTOR VEHICLE,OTHER,NO PASSING ZONE,DAYLIGHT,CLOUDY,DRY
13984,34931230,MONROE,Greece,3,,Y,43.2236813,-77.6968663,9/15/13,13:18,PROPERTY DAMAGE AND INJURY,1,0,2,COLLISION WITH MOTOR VEHICLE,REAR END,TRAFFIC SIGNAL,DAYLIGHT,CLOUDY,DRY
13984,35033261,MONROE,Brighton,3, 15 43031127,N,43.1119513,-77.6238033,12/5/13,13:42,INJURY,4,0,3,COLLISION WITH MOTOR VEHICLE,OTHER,TRAFFIC SIGNAL,DAYLIGHT,CLOUDY,DRY
13984,35351939,MONROE,Rochester,1,,Y,43.1865720,-77.6225501,8/4/14,9:05,PROPERTY DAMAGE AND INJURY,1,0,2,COLLISION WITH MOTOR VEHICLE,REAR END,TRAFFIC SIGNAL,DAYLIGHT,CLEAR,DRY
13984,35277514,MONROE,Rochester,1,490I43022044,N,43.1422668,-77.5967125,5/30/14,23:52,PROPERTY DAMAGE AND INJURY,1,0,1,COLLISION WITH OTHER BARRIER,OTHER,NONE,DARK-ROAD LIGHTED,CLEAR,DRY
13984,35518806,MONROE,Henrietta,3,,Y,43.0724220,-77.6601261,12/14/14,16:34,PROPERTY DAMAGE AND INJURY,2,0,2,COLLISION WITH MOTOR VEHICLE,RIGHT TURN (AGAINST OTHER CAR),STOP SIGN,DUSK,RAIN,WET
13984,35527378,MONROE,Rochester,1,,Y,43.1553490,-77.6323121,12/18/14,18:30,INJURY,1,0,1,COLLISION WITH PEDESTRIAN,OTHER,TRAFFIC SIGNAL,DARK-ROAD LIGHTED,RAIN,WET
13984,35330464,MONROE,Rush,3,251 43011164,N,43.0029728,-77.6580914,7/17/14,16:39,INJURY,2,0,2,COLLISION WITH MOTOR VEHICLE,REAR END,NONE,DAYLIGHT,CLEAR,DRY
13984,34884459,MONROE,Pittsford,3,490I43023055,N,43.0818648,-77.4880800,8/9/13,11:36,PROPERTY DAMAGE AND INJURY,1,0,1,COLLISION WITH GUIDE RAIL,OTHER,NONE,DAYLIGHT,RAIN,WET
13984,34690494,MONROE,Brighton,3,,Y,43.0942010,-77.6282530,3/11/13,12:33,PROPERTY DAMAGE AND INJURY,1,0,2,COLLISION WITH MOTOR VEHICLE,RIGHT ANGLE,STOP SIGN,DAYLIGHT,CLEAR,DRY
13984,35298229,MONROE,Penfield,3,404 43035059,N,43.1932495,-77.5021203,6/20/14,20:06,PROPERTY DAMAGE AND INJURY,2,0,2,COLLISION WITH MOTOR VEHICLE,RIGHT TURN (AGAINST OTHER CAR),TRAFFIC SIGNAL,DAYLIGHT,CLOUDY,DRY
13984,34892915,MONROE,Webster,3,,Y,43.2020840,-77.4431490,8/16/13,10:47,PROPERTY DAMAGE AND INJURY,1,0,2,COLLISION WITH MOTOR VEHICLE,RIGHT ANGLE,STOP SIGN,DAYLIGHT,CLEAR,DRY
13984,35016761,MONROE,Henrietta,3,,N,43.0868003,-77.6597297,11/18/13,21:54,PROPERTY DAMAGE AND INJURY,1,0,2,COLLISION WITH MOTOR VEHICLE,HEAD ON,NONE,DARK-ROAD LIGHTED,CLEAR,DRY
13984,35422098,MONROE,Brighton,3,252 43011054,Y,43.0926100,-77.6659621,9/19/14,7:34,PROPERTY DAMAGE AND INJURY,2,0,2,COLLISION WITH MOTOR VEHICLE,REAR END,TRAFFIC SIGNAL,DAYLIGHT,CLEAR,DRY
13984,34712854,MONROE,Rochester,1,,N,43.1939069,-77.6582811,3/26/13,15:17,INJURY,1,0,2,COLLISION WITH MOTOR VEHICLE,REAR END,NONE,DAYLIGHT,CLEAR,DRY
13984,35289135,MONROE,Brighton,3,252 43011058,N,43.0929862,-77.6572376,6/13/14,19:30,PROPERTY DAMAGE AND INJURY,1,0,2,COLLISION WITH MOTOR VEHICLE,RIGHT ANGLE,NONE,DAYLIGHT,CLEAR,DRY
13984,35333029,MONROE,Greece,3,,N,43.2060451,-77.6716623,7/11/14,8:31,PROPERTY DAMAGE AND INJURY,1,0,2,COLLISION WITH MOTOR VEHICLE,REAR END,TRAFFIC SIGNAL,DAYLIGHT,CLEAR,DRY
13984,34719854,MONROE,Rochester,1,104 43032004,N,43.2033090,-77.6515147,4/1/13,18:26,PROPERTY DAMAGE AND INJURY,1,0,3,COLLISION WITH MOTOR VEHICLE,OTHER,TRAFFIC SIGNAL,DAYLIGHT,CLOUDY,DRY
13984,35037461,MONROE,Rochester,1,,Y,43.1571460,-77.6138609,12/10/13,18:25,INJURY,1,0,1,COLLISION WITH PEDESTRIAN,OTHER,TRAFFIC SIGNAL,DARK-ROAD LIGHTED,RAIN,SNOW/ICE
13984,34892434,MONROE,Pittsford,3, 31 43033037,N,43.0961136,-77.5279153,8/8/13,16:45,PROPERTY DAMAGE AND INJURY,1,0,2,COLLISION WITH MOTOR VEHICLE,REAR END,NO PASSING ZONE,DAYLIGHT,RAIN,WET
13984,35087108,MONROE,Greece,3,386 43011027,Y,43.2142400,-77.7308580,1/10/14,14:10,PROPERTY DAMAGE AND INJURY,2,0,2,COLLISION WITH MOTOR VEHICLE,RIGHT ANGLE,NONE,DAYLIGHT,CLOUDY,WET
13984,35137086,MONROE,Brighton,3,,Y,43.1059850,-77.6187400,2/14/14,17:17,PROPERTY DAMAGE AND INJURY,1,0,2,COLLISION WITH MOTOR VEHICLE,LEFT TURN (AGAINST OTHER CAR),NONE,DAYLIGHT,CLOUDY,WET
13984,35106735,MONROE,Gates,3, 33 43031109,N,43.1436786,-77.7332011,1/24/14,12:04,PROPERTY DAMAGE AND INJURY,1,0,2,COLLISION WITH MOTOR VEHICLE,REAR END,NONE,DAYLIGHT,CLOUDY,WET
13984,35387432,MONROE,Hamlin,3, 19 43041108,N,43.2845324,-77.9210641,9/5/14,6:30,PROPERTY DAMAGE AND INJURY,1,0,1,COLLISION WITH CULVERT/HEADWALL,OTHER,NONE,DAYLIGHT,CLEAR,DRY
13984,34779247,MONROE,Webster,3,,N,43.2305569,-77.4679290,5/18/13,16:41,INJURY,1,0,1,COLLISION WITH BICYCLIST,OTHER,NONE,DAYLIGHT,CLEAR,DRY
13984,34807590,MONROE,Greece,3, 18 43031185,Y,43.2529550,-77.6853720,6/9/13,6:56,INJURY,1,0,1,COLLISION WITH PEDESTRIAN,OTHER,NONE,DAYLIGHT,CLEAR,DRY
13984,35265843,MONROE,Greece,3, 18 43031215,Y,43.2383400,-77.6468470,5/1/14,17:12,INJURY,1,0,1,COLLISION WITH PEDESTRIAN,OTHER,TRAFFIC SIGNAL,DAYLIGHT,CLOUDY,DRY
13984,34767200,MONROE,Penfield,3,,Y,43.1424320,-77.4755640,5/8/13,14:17,PROPERTY DAMAGE AND INJURY,2,0,3,COLLISION WITH MOTOR VEHICLE,OTHER,TRAFFIC SIGNAL,DAYLIGHT,CLOUDY,DRY
13984,35008488,MONROE,Perinton,3,490I43023058,N,43.0788140,-77.4854470,11/14/13,17:30,INJURY,1,0,2,COLLISION WITH MOTOR VEHICLE,REAR END,NONE,DARK-ROAD LIGHTED,CLEAR,DRY
13984,34896228,MONROE,Perinton,3,,N,43.0353422,-77.4373252,8/14/13,18:33,PROPERTY DAMAGE AND INJURY,1,0,2,COLLISION WITH MOTOR VEHICLE,SIDESWIPE,NONE,DAYLIGHT,CLOUDY,DRY
13984,35216351,MONROE,Rochester,1,,N,43.1739901,-77.6139203,4/8/14,16:15,PROPERTY DAMAGE AND INJURY,1,0,2,COLLISION WITH MOTOR VEHICLE,REAR END,STOP SIGN,DAYLIGHT,CLOUDY,DRY
13984,34789054,MONROE,Rochester,1,,Y,43.1254690,-77.6426700,5/21/13,16:43,INJURY,1,0,2,COLLISION WITH MOTOR VEHICLE,RIGHT ANGLE,STOP SIGN,DAYLIGHT,CLEAR,DRY
13984,34770762,MONROE,Rochester,1,,N,43.1480855,-77.5776799,5/8/13,14:40,PROPERTY DAMAGE AND INJURY,1,0,1,COLLISION WITH PEDESTRIAN,OTHER,NONE,DAYLIGHT,RAIN,WET
13984,35368723,MONROE,Rochester,1,,Y,43.1780559,-77.5952945,8/19/14,18:11,PROPERTY DAMAGE AND INJURY,1,0,2,COLLISION WITH MOTOR VEHICLE,REAR END,NONE,DAYLIGHT,CLEAR,DRY
13984,35201663,MONROE,Chili,3,,N,43.0424096,-77.7931289,3/29/14,18:50,PROPERTY DAMAGE AND INJURY,1,0,2,COLLISION WITH MOTOR VEHICLE,OVERTAKING,NONE,DAYLIGHT,SLEET/HAIL/FREEZING RAIN,SNOW/ICE
13984,35233047,MONROE,Henrietta,3,252 43011070,N,43.0880380,-77.6363100,4/15/14,10:20,PROPERTY DAMAGE AND INJURY,2,0,2,COLLISION WITH MOTOR VEHICLE,RIGHT ANGLE,TRAFFIC SIGNAL,DAYLIGHT,RAIN,WET
13984,34810375,MONROE,Rochester,1,940T43011006,N,43.1605519,-77.6131265,6/13/13,8:20,PROPERTY DAMAGE AND INJURY,1,0,1,COLLISION WITH OTHER BARRIER,OTHER,NONE,DAYLIGHT,RAIN,WET
13984,35387079,MONROE,Pittsford,3,252 43011124,N,43.0872643,-77.5299196,9/3/14,7:35,PROPERTY DAMAGE AND INJURY,1,0,2,COLLISION WITH MOTOR VEHICLE,REAR END,NONE,DAYLIGHT,CLEAR,DRY
13984,34985007,MONROE,Henrietta,3,253 43011065,N,43.0588310,-77.6422729,10/25/13,13:47,INJURY,2,0,2,COLLISION WITH MOTOR VEHICLE,RIGHT ANGLE,TRAFFIC SIGNAL,DAYLIGHT,CLOUDY,DRY
13984,35335919,MONROE,Greece,3,,Y,43.2145280,-77.7318020,7/8/14,15:53,PROPERTY DAMAGE AND INJURY,1,0,2,COLLISION WITH MOTOR VEHICLE,LEFT TURN (AGAINST OTHER CAR),TRAFFIC SIGNAL,DAYLIGHT,RAIN,WET
13984,35283372,MONROE,Webster,3,,N,43.2195174,-77.4392022,5/30/14,21:46,PROPERTY DAMAGE AND INJURY,1,0,1,COLL. W/EARTH ELE./ROCK CUT/DITCH,OTHER,NONE,DARK-ROAD UNLIGHTED,CLEAR,DRY
13984,34963576,MONROE,Rochester,1,490I43022027,N,43.1566748,-77.6212479,10/16/13,9:20,INJURY,1,0,1,COLL. W/EARTH ELE./ROCK CUT/DITCH,OTHER,NONE,DAYLIGHT,RAIN,WET
13984,35180596,MONROE,Chili,3,383 43011142,Y,43.1125592,-77.6704447,3/9/14,18:40,PROPERTY DAMAGE AND INJURY,2,0,2,COLLISION WITH MOTOR VEHICLE,RIGHT ANGLE,NONE,DUSK,CLEAR,DRY
13984,35208068,MONROE,Perinton,3, 31 43033108,N,43.0644798,-77.3976078,4/5/14,15:43,INJURY,1,0,2,COLLISION WITH MOTOR VEHICLE,REAR END,TRAFFIC SIGNAL,DAYLIGHT,CLOUDY,DRY
13984,34748586,MONROE,Chili,3,383 43011154,N,43.1212065,-77.6501574,4/24/13,17:03,PROPERTY DAMAGE AND INJURY,2,0,2,COLLISION WITH MOTOR VEHICLE,RIGHT ANGLE,NONE,DAYLIGHT,CLOUDY,WET
13984,35073546,MONROE,Chili,3,,N,43.1226101,-77.6471239,1/7/14,8:00,INJURY,1,0,2,COLLISION WITH MOTOR VEHICLE,REAR END,STOP SIGN,DAYLIGHT,SNOW,SNOW/ICE
13984,35395697,MONROE,Irondequoit,3,590 43013004,N,43.1735196,-77.5411763,9/11/14,10:38,PROPERTY DAMAGE AND INJURY,1,0,2,COLLISION WITH MOTOR VEHICLE,REAR END,YIELD SIGN,DAYLIGHT,CLOUDY,DRY
13984,35094432,MONROE,Chili,3,252 43011024,N,43.0890757,-77.7226921,1/20/14,9:10,PROPERTY DAMAGE AND INJURY,1,0,1,COLLISION WITH TREE,OTHER,NONE,DAYLIGHT,SNOW,SNOW/ICE
13984,35294549,MONROE,Greece,3,,N,43.2086604,-77.6878718,6/16/14,14:47,INJURY,1,0,3,COLLISION WITH MOTOR VEHICLE,OTHER,NONE,DAYLIGHT,CLOUDY,DRY
13984,34957808,MONROE,Henrietta,3,,N,43.0958449,-77.5820490,10/8/13,14:37,PROPERTY DAMAGE AND INJURY,1,0,3,COLLISION WITH MOTOR VEHICLE,OTHER,TRAFFIC SIGNAL,DAYLIGHT,CLEAR,DRY
13984,34825805,MONROE,Rochester,1, 31 43032008,Y,43.1646630,-77.6594000,6/14/13,10:28,PROPERTY DAMAGE AND INJURY,1,0,2,COLLISION WITH MOTOR VEHICLE,RIGHT ANGLE,TRAFFIC SIGNAL,DAYLIGHT,CLEAR,DRY
13984,34795887,MONROE,Rochester,1,,Y,43.1865440,-77.6083780,5/11/13,12:12,PROPERTY DAMAGE AND INJURY,1,0,2,COLLISION WITH MOTOR VEHICLE,REAR END,TRAFFIC SIGNAL,DAYLIGHT,CLOUDY,DRY
13984,34931020,MONROE,Greece,3,,N,43.2079674,-77.6742478,9/19/13,22:06,INJURY,1,0,2,COLLISION WITH MOTOR VEHICLE,REAR END,YIELD SIGN,DARK-ROAD LIGHTED,CLEAR,DRY
13984,34951703,MONROE,Penfield,3,,N,43.1300786,-77.4412867,10/2/13,15:15,INJURY,1,0,3,COLLISION WITH MOTOR VEHICLE,OTHER,NONE,DAYLIGHT,CLOUDY,DRY