QUERYID,CASE #,REGN_CNTY_CDE,Municipality,MUNITYPE,REF_MRKR,ATINTERSECTION_IND,Lat,Long,,Time,Crash Type,Injuries,Fatalities,Number of Vehicles,ACCD_TYP,COLLISION_TYP,TRAF_CNTL,Light Condition,Weather Condition,Road Surface Condition
13984,35273890,MONROE,Rochester,1,940M43011015,Y,43.1855340,-77.6309771,5/30/14,17:36,INJURY,1,0,2,COLLISION WITH MOTOR VEHICLE,REAR END,NONE,DAYLIGHT,CLEAR,DRY
13984,34937522,MONROE,Rochester,1, 15 43032023,Y,43.1471940,-77.6079800,8/8/13,12:16,INJURY,1,0,1,COLLISION WITH BICYCLIST,OTHER,STOP SIGN,DAYLIGHT,CLEAR,DRY
13984,35514208,MONROE,Rochester,1, 31 43032006,Y,43.1646610,-77.6635711,12/3/14,20:14,PROPERTY DAMAGE AND INJURY,3,0,2,COLLISION WITH MOTOR VEHICLE,OVERTAKING,NONE,DARK-ROAD LIGHTED,CLEAR,DRY
13984,35528479,MONROE,Rochester,1,,N,43.1522250,-77.6391740,12/16/14,13:18,INJURY,1,0,2,COLLISION WITH MOTOR VEHICLE,RIGHT ANGLE,NONE,DAYLIGHT,RAIN,WET
13984,35285300,MONROE,Greece,3,,Y,43.2311130,-77.6778570,6/9/14,14:45,PROPERTY DAMAGE AND INJURY,1,0,2,COLLISION WITH MOTOR VEHICLE,REAR END,TRAFFIC SIGNAL,DAYLIGHT,CLOUDY,DRY
13984,34813294,MONROE,Rochester,1,,Y,43.1982910,-77.5615750,6/12/13,20:32,PROPERTY DAMAGE AND INJURY,1,0,2,COLLISION WITH MOTOR VEHICLE,LEFT TURN (AGAINST OTHER CAR),STOP SIGN,DAYLIGHT,CLEAR,DRY
13984,34950017,MONROE,Brighton,3,,Y,43.1015750,-77.5654059,10/6/13,10:04,PROPERTY DAMAGE AND INJURY,1,0,1,COLLISION WITH BICYCLIST,OTHER,NONE,DAYLIGHT,RAIN,WET
13984,34789028,MONROE,Rochester,1,,Y,43.1248990,-77.6142320,5/17/13,18:37,PROPERTY DAMAGE AND INJURY,1,0,3,COLLISION WITH MOTOR VEHICLE,OTHER,NONE,DAYLIGHT,CLEAR,DRY
13984,35293275,MONROE,Rochester,1, 31 43032058,Y,43.1377800,-77.5782600,6/7/14,4:01,PROPERTY DAMAGE AND INJURY,1,0,1,COLL. W/LIGHT SUPPORT/UTILITY POLE,OTHER,TRAFFIC SIGNAL,DARK-ROAD LIGHTED,CLEAR,DRY
13984,34940346,MONROE,Irondequoit,3,,N,43.1964440,-77.5767859,9/26/13,22:13,PROPERTY DAMAGE AND INJURY,1,0,2,COLLISION WITH MOTOR VEHICLE,RIGHT ANGLE,TRAFFIC SIGNAL,DARK-ROAD LIGHTED,CLOUDY,DRY
13984,35380022,MONROE,Rochester,1,,Y,43.2033930,-77.5618341,8/26/14,8:15,INJURY,1,0,1,COLLISION WITH BICYCLIST,OTHER,TRAFFIC SIGNAL,DAYLIGHT,CLEAR,DRY
13984,34800526,MONROE,Greece,3, 18 43031166,Y,43.2534210,-77.7241540,6/2/13,12:32,PROPERTY DAMAGE AND INJURY,3,0,3,COLLISION WITH MOTOR VEHICLE,OTHER,NONE,DAYLIGHT,CLOUDY,DRY
13984,35193822,MONROE,Gates,3,390 43011001,N,43.1580965,-77.6822828,3/23/14,10:15,PROPERTY DAMAGE AND INJURY,1,0,1,COLLISION WITH GUIDE RAIL,OTHER,NONE,DAYLIGHT,CLOUDY,DRY
13984,35314228,MONROE,Rochester,1,,N,43.1679000,-77.5807270,6/28/14,1:58,INJURY,2,0,2,COLLISION WITH MOTOR VEHICLE,RIGHT ANGLE,NONE,DARK-ROAD LIGHTED,CLEAR,DRY
13984,35018730,MONROE,Webster,4,,N,43.2113150,-77.4380060,11/23/13,17:25,PROPERTY DAMAGE AND INJURY,1,0,2,COLLISION WITH MOTOR VEHICLE,REAR END,TRAFFIC SIGNAL,DARK-ROAD LIGHTED,SNOW,SNOW/ICE
13984,35248756,MONROE,Rochester,1,,N,43.1761575,-77.5907547,4/20/14,21:22,PROPERTY DAMAGE AND INJURY,1,0,2,COLLISION WITH MOTOR VEHICLE,REAR END,NONE,DARK-ROAD LIGHTED,CLEAR,DRY
13984,35307217,MONROE,Greece,3,947A43021188,N,43.2716501,-77.6812028,6/21/14,19:31,PROPERTY DAMAGE AND INJURY,1,0,1,COLLISION WITH OTHER,OTHER,NONE,DUSK,CLEAR,DRY
13984,35056503,MONROE,Henrietta,3,253 43011101,Y,43.0598080,-77.5731020,12/24/13,8:15,PROPERTY DAMAGE AND INJURY,2,0,3,COLLISION WITH MOTOR VEHICLE,OTHER,STOP SIGN,DAYLIGHT,SNOW,SNOW/ICE
13984,34945950,MONROE,Rochester,1, 31 43032008,Y,43.1646630,-77.6594000,9/30/13,14:10,INJURY,2,0,2,COLLISION WITH MOTOR VEHICLE,REAR END,TRAFFIC SIGNAL,DAYLIGHT,CLEAR,DRY
13984,34931636,MONROE,Greece,3, 18 43031224,Y,43.2260590,-77.6438670,9/12/13,7:37,INJURY,1,0,1,COLLISION WITH BICYCLIST,OTHER,STOP SIGN,DAYLIGHT,CLOUDY,DRY
13984,35372055,MONROE,Pittsford,3,253 43011160,Y,43.1082310,-77.4998280,8/17/14,22:12,INJURY,1,0,1,COLLISION WITH BICYCLIST,OTHER,TRAFFIC SIGNAL,DARK-ROAD LIGHTED,CLEAR,DRY
13984,35421488,MONROE,Rochester,1,490I43022039,Y,43.1481623,-77.6024153,10/2/14,12:05,PROPERTY DAMAGE AND INJURY,1,0,2,COLLISION WITH MOTOR VEHICLE,OVERTAKING,NONE,DAYLIGHT,CLEAR,DRY
13984,34796484,MONROE,Wheatland,3, 36 43031001,N,42.9899107,-77.8592506,6/3/13,6:10,PROPERTY DAMAGE AND INJURY,1,0,2,COLLISION WITH MOTOR VEHICLE,REAR END,NONE,DAWN,CLOUDY,DRY
13984,35422110,MONROE,Henrietta,3,,N,43.0939400,-77.6135695,9/24/14,12:05,PROPERTY DAMAGE AND INJURY,1,0,3,COLLISION WITH MOTOR VEHICLE,OTHER,NONE,DAYLIGHT,CLEAR,DRY
13984,35005245,MONROE,Rochester,1,,N,43.1763548,-77.6249943,11/7/13,8:07,INJURY,1,0,2,COLLISION WITH MOTOR VEHICLE,REAR END,NONE,DAYLIGHT,CLOUDY,DRY
13984,34761220,MONROE,Clarkson,3, 19 43041071,N,43.2318529,-77.9285821,4/7/13,3:03,INJURY,1,0,1,COLLISION WITH PEDESTRIAN,OTHER,NONE,DARK-ROAD LIGHTED,CLOUDY,DRY
13984,35115823,MONROE,Brighton,3, 15A43041128,N,43.1080070,-77.6159370,1/28/14,16:17,PROPERTY DAMAGE AND INJURY,1,0,2,COLLISION WITH MOTOR VEHICLE,LEFT TURN (AGAINST OTHER CAR),TRAFFIC SIGNAL,DAYLIGHT,CLEAR,WET
13984,35450192,MONROE,Parma,3,947A43021107,N,43.3363263,-77.7914290,10/30/14,8:35,PROPERTY DAMAGE AND INJURY,2,0,2,COLLISION WITH MOTOR VEHICLE,RIGHT ANGLE,YIELD SIGN,DAYLIGHT,CLEAR,DRY
13984,34813160,MONROE,Greece,3,,N,43.2237157,-77.6671016,6/9/13,18:20,INJURY,2,0,3,COLLISION WITH MOTOR VEHICLE,OTHER,NONE,DAYLIGHT,CLEAR,DRY
13984,35068096,MONROE,Parma,3,259 43011089,N,43.2194755,-77.7924673,12/30/13,13:22,INJURY,2,0,2,COLLISION WITH MOTOR VEHICLE,RIGHT ANGLE,NONE,DAYLIGHT,CLOUDY,WET
13984,35102528,MONROE,Rochester,1,,Y,43.1657730,-77.5695200,1/20/14,10:57,PROPERTY DAMAGE AND INJURY,2,0,2,COLLISION WITH MOTOR VEHICLE,RIGHT ANGLE,NONE,DAYLIGHT,SNOW,SNOW/ICE
13984,34775994,MONROE,Brighton,3,441 43011103,N,43.1291440,-77.5248890,5/16/13,15:36,PROPERTY DAMAGE AND INJURY,1,0,2,COLLISION WITH MOTOR VEHICLE,REAR END,YIELD SIGN,DAYLIGHT,CLEAR,DRY
13984,35054951,MONROE,Rochester,1,,N,43.1864879,-77.6115997,12/22/13,2:12,PROPERTY DAMAGE AND INJURY,1,0,1,COLL. W/LIGHT SUPPORT/UTILITY POLE,OTHER,NONE,DARK-ROAD LIGHTED,RAIN,WET
13984,34990138,MONROE,Rochester,1,,Y,43.1763430,-77.5988840,10/31/13,6:24,INJURY,1,0,1,COLLISION WITH PEDESTRIAN,OTHER,STOP SIGN,DARK-ROAD LIGHTED,RAIN,WET
13984,35413819,MONROE,Rochester,1,,N,43.1914020,-77.6086770,9/27/14,11:53,PROPERTY DAMAGE AND INJURY,1,0,2,COLLISION WITH MOTOR VEHICLE,RIGHT ANGLE,TRAFFIC SIGNAL,DAYLIGHT,CLEAR,DRY
13984,35548933,MONROE,Greece,3,261 43011066,Y,43.3135830,-77.7471340,10/26/14,3:05,INJURY,1,0,2,COLLISION WITH MOTOR VEHICLE,UNKNOWN,POLICE/FIRE EMERGENCY,DARK-ROAD UNLIGHTED,CLOUDY,DRY
13984,35251945,MONROE,Irondequoit,3,590 43013003,N,43.1717315,-77.5394714,5/8/14,14:47,PROPERTY DAMAGE AND INJURY,3,0,2,COLLISION WITH MOTOR VEHICLE,REAR END,NONE,DAYLIGHT,CLOUDY,DRY
13984,35062321,MONROE,Gates,3,,N,43.1793567,-77.7048282,12/31/13,7:13,PROPERTY DAMAGE AND INJURY,1,0,1,COLLISION WITH PEDESTRIAN,OTHER,NONE,DARK-ROAD UNLIGHTED,CLOUDY,DRY
13984,35398999,MONROE,Rochester,1,,Y,43.2047500,-77.6287060,9/14/14,11:01,INJURY,1,0,2,COLLISION WITH MOTOR VEHICLE,REAR END,TRAFFIC SIGNAL,DAYLIGHT,CLEAR,DRY
13984,35134428,MONROE,Webster,3,,N,43.2148392,-77.4466090,2/11/14,7:25,INJURY,1,0,2,COLLISION WITH MOTOR VEHICLE,LEFT TURN (AGAINST OTHER CAR),TRAFFIC SIGNAL,DAYLIGHT,SNOW,SNOW/ICE
13984,34971119,MONROE,Rochester,1,,Y,43.1781940,-77.5802650,10/11/13,11:17,PROPERTY DAMAGE AND INJURY,1,0,2,COLLISION WITH MOTOR VEHICLE,RIGHT ANGLE,STOP SIGN,DAYLIGHT,CLEAR,DRY
13984,35252197,MONROE,Gates,3, 33A43021141,Y,43.1316850,-77.6871460,5/8/14,14:03,INJURY,1,0,2,COLLISION WITH MOTOR VEHICLE,REAR END,NONE,DAYLIGHT,CLOUDY,DRY
13984,35340501,MONROE,Rochester,1,,Y,43.1656360,-77.5791830,7/24/14,15:21,PROPERTY DAMAGE AND INJURY,1,0,1,COLLISION WITH BUILDING/WALL,OTHER,NONE,DAYLIGHT,CLEAR,DRY
13984,35384160,MONROE,Rochester,1,104 43032029,N,43.1914010,-77.6087199,9/1/14,22:19,INJURY,2,0,2,COLLISION WITH MOTOR VEHICLE,REAR END,NONE,DARK-ROAD LIGHTED,CLOUDY,WET
13984,35134438,MONROE,Webster,4,104 43035274,N,43.2157765,-77.4290947,2/11/14,5:57,PROPERTY DAMAGE AND INJURY,1,0,1,COLLISION WITH GUIDE RAIL,OTHER,NONE,DARK-ROAD UNLIGHTED,SNOW,SNOW/ICE
13984,35170731,MONROE,Rochester,1,104 43032028,N,43.1915007,-77.6106931,3/5/14,8:00,PROPERTY DAMAGE AND INJURY,2,0,3,COLLISION WITH MOTOR VEHICLE,OTHER,NONE,DAYLIGHT,SNOW,WET
13984,34770291,MONROE,Irondequoit,3,,Y,43.1961370,-77.6001439,5/12/13,11:21,INJURY,1,0,2,COLLISION WITH MOTOR VEHICLE,REAR END,TRAFFIC SIGNAL,DAYLIGHT,CLOUDY,DRY
13984,35050976,MONROE,Gates,3,940L43011021,N,43.1621432,-77.6911258,12/22/13,0:01,PROPERTY DAMAGE AND INJURY,1,0,1,COLL. W/LIGHT SUPPORT/UTILITY POLE,OTHER,NONE,DARK-ROAD LIGHTED,RAIN,WET
13984,35374176,MONROE,Rochester,1,,Y,43.1900650,-77.6388730,8/21/14,22:15,PROPERTY DAMAGE AND INJURY,1,0,2,COLLISION WITH MOTOR VEHICLE,REAR END,TRAFFIC SIGNAL,DARK-ROAD LIGHTED,CLEAR,DRY
13984,35058965,MONROE,Rochester,1, 15 43032008,Y,43.1247350,-77.6174570,12/27/13,16:50,INJURY,1,0,2,COLLISION WITH MOTOR VEHICLE,REAR END,TRAFFIC SIGNAL,DAYLIGHT,CLEAR,WET
13984,35220439,MONROE,Henrietta,3,,Y,43.0680542,-77.6423048,3/29/14,21:25,INJURY,2,0,2,COLLISION WITH MOTOR VEHICLE,SIDESWIPE,NONE,DARK-ROAD LIGHTED,SNOW,SNOW/ICE
13984,35387163,MONROE,Irondequoit,3,404 43035032,Y,43.1769879,-77.5388787,9/4/14,9:00,PROPERTY DAMAGE AND INJURY,1,0,4,COLLISION WITH MOTOR VEHICLE,OTHER,TRAFFIC SIGNAL,DAYLIGHT,CLEAR,DRY
13984,34745310,MONROE,Greece,3,,N,43.2304903,-77.6717851,4/22/13,15:09,INJURY,1,0,2,COLLISION WITH MOTOR VEHICLE,REAR END,NONE,DAYLIGHT,CLEAR,DRY
13984,35192353,MONROE,Rochester,1,383 43012016,Y,43.1391390,-77.6230020,9/13/13,21:50,PROPERTY DAMAGE AND INJURY,1,0,2,COLLISION WITH MOTOR VEHICLE,RIGHT ANGLE,STOP SIGN,DARK-ROAD LIGHTED,RAIN,WET
13984,35314075,MONROE,Penfield,3,404 43035056,N,43.1885164,-77.5046317,6/30/14,17:23,PROPERTY DAMAGE AND INJURY,1,0,2,COLLISION WITH MOTOR VEHICLE,REAR END,NONE,DAYLIGHT,CLEAR,DRY
13984,34957176,MONROE,Penfield,3,404 43035046,N,43.1758042,-77.5119050,10/10/13,7:10,PROPERTY DAMAGE AND INJURY,1,0,1,COLLISION WITH DEER,OTHER,NONE,DAWN,CLEAR,DRY
13984,35213834,MONROE,Rochester,1,383 43012027,N,43.1533422,-77.6115095,3/31/14,7:30,PROPERTY DAMAGE AND INJURY,1,0,2,COLLISION WITH MOTOR VEHICLE,REAR END,NONE,DAYLIGHT,CLEAR,WET
13984,35236672,MONROE,Rochester,1,,Y,43.1438040,-77.6360350,4/24/14,17:38,INJURY,2,0,2,COLLISION WITH MOTOR VEHICLE,LEFT TURN (WITH OTHER CAR),TRAFFIC SIGNAL,DAYLIGHT,CLEAR,DRY
13984,34755203,MONROE,Greece,3,,Y,43.2175740,-77.6537550,4/29/13,17:19,PROPERTY DAMAGE AND INJURY,1,0,2,COLLISION WITH MOTOR VEHICLE,LEFT TURN (AGAINST OTHER CAR),STOP SIGN,DAYLIGHT,CLOUDY,DRY
13984,34923138,MONROE,Rochester,1,,N,43.2324090,-77.5542707,9/9/13,16:46,PROPERTY DAMAGE AND INJURY,1,0,1,RAN OFF ROAD ONLY,OTHER,NONE,DAYLIGHT,CLOUDY,DRY
13984,35437591,MONROE,Rochester,1, 96 43052026,Y,43.1550410,-77.5944240,10/18/14,18:35,INJURY,1,0,1,COLLISION WITH PEDESTRIAN,OTHER,TRAFFIC SIGNAL,DARK-ROAD LIGHTED,RAIN,WET
13984,35198864,MONROE,Henrietta,3, 15 43031112,Y,43.0911597,-77.6346143,3/26/14,18:22,PROPERTY DAMAGE AND INJURY,1,0,2,COLLISION WITH MOTOR VEHICLE,LEFT TURN (AGAINST OTHER CAR),NONE,DAYLIGHT,CLEAR,DRY
13984,35016814,MONROE,Rochester,1,940M43011017,Y,43.1891330,-77.6301360,11/22/13,18:12,INJURY,2,0,2,COLLISION WITH MOTOR VEHICLE,REAR END,TRAFFIC SIGNAL,DARK-ROAD LIGHTED,RAIN,WET
13984,34681175,MONROE,Brighton,3,,Y,43.1263360,-77.5680200,3/2/13,12:21,PROPERTY DAMAGE AND INJURY,2,0,2,COLLISION WITH MOTOR VEHICLE,RIGHT ANGLE,TRAFFIC SIGNAL,DAYLIGHT,CLOUDY,WET
13984,34934590,MONROE,Irondequoit,3,,N,43.1953800,-77.5845900,9/19/13,11:05,PROPERTY DAMAGE AND INJURY,1,0,2,COLLISION WITH MOTOR VEHICLE,RIGHT ANGLE,TRAFFIC SIGNAL,DAYLIGHT,CLEAR,DRY
13984,34807789,MONROE,Rochester,1, 31 43032016,Y,43.1646330,-77.6433000,6/10/13,11:30,INJURY,1,0,2,COLLISION WITH MOTOR VEHICLE,OTHER,NONE,DAYLIGHT,CLOUDY,DRY
13984,35042022,MONROE,Penfield,3,404 43035061,Y,43.1961393,-77.5005919,12/14/13,15:25,PROPERTY DAMAGE AND INJURY,1,0,1,COLLISION WITH OTHER,OTHER,NONE,DAYLIGHT,SNOW,SNOW/ICE
13984,34805757,MONROE,Rochester,1,,Y,43.1749880,-77.6104410,5/23/13,14:01,INJURY,1,0,1,COLLISION WITH BICYCLIST,OTHER,NONE,DAYLIGHT,CLEAR,DRY
13984,35385246,MONROE,Penfield,3,441 43011052,Y,43.1308270,-77.4413170,8/30/14,15:09,PROPERTY DAMAGE AND INJURY,1,0,2,COLLISION WITH MOTOR VEHICLE,SIDESWIPE,TRAFFIC SIGNAL,DAYLIGHT,CLEAR,DRY
13984,35196686,MONROE,Gates,3,490I43021173,N,43.1572629,-77.6886578,3/17/14,14:25,INJURY,1,0,2,COLLISION WITH MOTOR VEHICLE,OVERTAKING,NONE,DAYLIGHT,CLEAR,DRY
13984,35159634,MONROE,Gates,3,490I43021166,N,43.1572679,-77.7036919,2/27/14,7:36,PROPERTY DAMAGE AND INJURY,1,0,2,COLLISION WITH MOTOR VEHICLE,OVERTAKING,NONE,DAYLIGHT,CLOUDY,WET
13984,34945956,MONROE,Sweden,3,,N,43.2040275,-77.9223728,9/25/13,22:33,INJURY,1,0,2,COLLISION WITH MOTOR VEHICLE,REAR END,NONE,DARK-ROAD UNLIGHTED,CLEAR,DRY
13984,34963829,MONROE,Henrietta,3, 15A43041087,N,43.0508322,-77.6169910,10/8/13,19:00,INJURY,1,0,1,COLLISION WITH DEER,OTHER,NONE,DARK-ROAD LIGHTED,CLEAR,DRY
13984,35147175,MONROE,Rochester,1, 31 43032011,Y,43.1646480,-77.6541430,2/19/14,14:25,PROPERTY DAMAGE AND INJURY,1,0,2,COLLISION WITH MOTOR VEHICLE,LEFT TURN (AGAINST OTHER CAR),TRAFFIC SIGNAL,DAYLIGHT,CLOUDY,DRY
13984,34876903,MONROE,Brighton,3, 15A43041128,N,43.1078220,-77.6159310,8/2/13,16:23,PROPERTY DAMAGE AND INJURY,1,0,2,COLLISION WITH MOTOR VEHICLE,RIGHT ANGLE,TRAFFIC SIGNAL,DAYLIGHT,CLEAR,DRY
13984,35273485,MONROE,Rochester,1,,Y,43.1468510,-77.6545950,5/12/14,14:15,PROPERTY DAMAGE AND INJURY,1,0,2,COLLISION WITH MOTOR VEHICLE,RIGHT ANGLE,STOP SIGN,DAYLIGHT,CLEAR,DRY
13984,35422537,MONROE,Rochester,1,,Y,43.1788642,-77.6078587,10/2/14,16:32,PROPERTY DAMAGE AND INJURY,1,0,2,COLLISION WITH MOTOR VEHICLE,REAR END,NONE,DAYLIGHT,CLEAR,DRY
13984,35282600,MONROE,East Rochester,4,,N,43.1196349,-77.4777559,5/28/14,12:45,INJURY,1,0,1,COLLISION WITH CURBING,OTHER,NONE,DAYLIGHT,CLOUDY,DRY
13984,35390286,MONROE,Rochester,1, 15 43032010,Y,43.1272640,-77.6161370,9/2/14,18:22,PROPERTY DAMAGE AND INJURY,1,0,3,COLLISION WITH MOTOR VEHICLE,OTHER,NONE,DAYLIGHT,RAIN,WET
13984,34811872,MONROE,East Rochester,4,,Y,43.1091390,-77.4870100,6/2/13,14:11,FATAL,1,1,1,COLLISION WITH TREE,OTHER,NONE,DAYLIGHT,CLEAR,DRY
13984,35316055,MONROE,Gates,3,390 43011006,N,43.1647000,-77.6830450,7/7/14,1:20,PROPERTY DAMAGE AND INJURY,1,0,1,COLLISION WITH GUIDE RAIL,OTHER,NONE,DARK-ROAD LIGHTED,CLEAR,DRY
13984,35339172,MONROE,Rochester,1,940M43011001,Y,43.1658480,-77.6241870,7/22/14,10:49,INJURY,1,0,2,COLLISION WITH MOTOR VEHICLE,RIGHT ANGLE,NONE,DAYLIGHT,CLEAR,DRY
13984,35447439,MONROE,Henrietta,3,,Y,43.0958430,-77.5819010,10/28/14,11:46,PROPERTY DAMAGE AND INJURY,2,0,3,COLLISION WITH MOTOR VEHICLE,OTHER,TRAFFIC SIGNAL,DAYLIGHT,CLEAR,DRY
13984,35298242,MONROE,Gates,3,,N,43.1476040,-77.7092870,6/19/14,18:35,INJURY,1,0,1,OVERTURNED,OTHER,NONE,DAYLIGHT,CLEAR,DRY
13984,35115195,MONROE,Sweden,3, 31 43031068,N,43.1979931,-77.8994669,1/28/14,18:26,PROPERTY DAMAGE AND INJURY,1,0,2,COLLISION WITH MOTOR VEHICLE,RIGHT ANGLE,TRAFFIC SIGNAL,DARK-ROAD LIGHTED,CLEAR,DRY
13984,34764684,MONROE,Gates,3,940L43011000,Y,43.1308570,-77.6898830,5/7/13,16:47,PROPERTY DAMAGE AND INJURY,1,0,2,COLLISION WITH MOTOR VEHICLE,RIGHT ANGLE,TRAFFIC SIGNAL,DAYLIGHT,CLEAR,DRY
13984,35159590,MONROE,Gates,3,,N,43.1751825,-77.6949838,3/2/14,11:40,INJURY,1,0,1,COLLISION WITH PEDESTRIAN,OTHER,NONE,DAYLIGHT,CLOUDY,SNOW/ICE
13984,35527686,MONROE,Chili,3,383 43011156,N,43.1223410,-77.6475000,12/19/14,15:25,PROPERTY DAMAGE AND INJURY,1,0,2,COLLISION WITH MOTOR VEHICLE,LEFT TURN (AGAINST OTHER CAR),TRAFFIC SIGNAL,DAYLIGHT,CLEAR,DRY
13984,34913383,MONROE,Greece,3,,N,43.2237520,-77.6594181,8/29/13,13:02,PROPERTY DAMAGE AND INJURY,1,0,2,COLLISION WITH MOTOR VEHICLE,RIGHT ANGLE,NONE,DAYLIGHT,CLEAR,DRY
13984,35406369,MONROE,Pittsford,3, 31 43033055,N,43.0829125,-77.4971825,9/22/14,10:04,PROPERTY DAMAGE AND INJURY,1,0,2,COLLISION WITH MOTOR VEHICLE,LEFT TURN (AGAINST OTHER CAR),TRAFFIC SIGNAL,DAYLIGHT,CLOUDY,DRY
13984,35296865,MONROE,Rochester,1,,Y,43.1715140,-77.5599020,6/19/14,16:46,INJURY,1,0,2,COLLISION WITH MOTOR VEHICLE,RIGHT ANGLE,TRAFFIC SIGNAL,DAYLIGHT,CLEAR,DRY
13984,34874868,MONROE,Greece,3,,N,43.2174070,-77.7526830,7/30/13,17:29,PROPERTY DAMAGE AND INJURY,1,0,2,COLLISION WITH MOTOR VEHICLE,RIGHT ANGLE,TRAFFIC SIGNAL,DAYLIGHT,CLOUDY,DRY
13984,35170776,MONROE,Rochester,1,940M43011006,N,43.1727620,-77.6285921,3/7/14,16:36,PROPERTY DAMAGE AND INJURY,1,0,2,COLLISION WITH MOTOR VEHICLE,RIGHT TURN (AGAINST OTHER CAR),NONE,DAYLIGHT,CLEAR,DRY
13984,34766999,MONROE,Rochester,1,940M43011012,Y,43.1809370,-77.6317380,5/8/13,19:02,PROPERTY DAMAGE AND INJURY,1,0,2,COLLISION WITH MOTOR VEHICLE,REAR END,TRAFFIC SIGNAL,DAYLIGHT,RAIN,WET
13984,35034742,MONROE,Greece,3,386 43011008,Y,43.1869290,-77.7322120,12/3/13,14:20,PROPERTY DAMAGE AND INJURY,1,0,2,COLLISION WITH MOTOR VEHICLE,RIGHT ANGLE,NONE,DAYLIGHT,CLEAR,DRY
13984,35039557,MONROE,Brighton,3,,Y,43.1059670,-77.5767990,12/10/13,18:17,INJURY,1,0,2,COLLISION WITH MOTOR VEHICLE,REAR END,TRAFFIC SIGNAL,DARK-ROAD LIGHTED,SNOW,SNOW/ICE
13984,35428099,MONROE,Parma,3,,N,43.2441653,-77.7720744,10/12/14,14:58,PROPERTY DAMAGE AND INJURY,1,0,1,COLL. W/LIGHT SUPPORT/UTILITY POLE,OTHER,NONE,DAYLIGHT,CLEAR,DRY
13984,35059940,MONROE,Rochester,1,,N,43.1575668,-77.5904547,12/20/13,13:49,PROPERTY DAMAGE AND INJURY,2,0,2,COLLISION WITH MOTOR VEHICLE,RIGHT ANGLE,NONE,DAYLIGHT,RAIN,WET
13984,34760919,MONROE,Rush,3,,N,42.9961188,-77.7041812,4/21/13,2:00,PROPERTY DAMAGE AND INJURY,1,0,1,COLLISION WITH SIGN POST,OTHER,NONE,DARK-ROAD UNLIGHTED,CLEAR,DRY
13984,35458284,MONROE,Rochester,1, 33 43032002,Y,43.1499610,-77.6676990,10/30/14,6:51,INJURY,1,0,1,COLLISION WITH PEDESTRIAN,OTHER,TRAFFIC SIGNAL,DAWN,CLOUDY,DRY
13984,35279858,MONROE,Rochester,1,,Y,43.1708250,-77.5870249,4/11/14,9:01,INJURY,1,0,1,COLLISION WITH PEDESTRIAN,OTHER,STOP SIGN,DAYLIGHT,CLEAR,DRY
13984,35364177,MONROE,Rochester,1,,Y,43.1301330,-77.6108911,8/13/14,8:40,PROPERTY DAMAGE AND INJURY,3,0,2,COLLISION WITH MOTOR VEHICLE,RIGHT ANGLE,TRAFFIC SIGNAL,DAYLIGHT,CLOUDY,DRY
13984,34747800,MONROE,Sweden,3, 31 43031057,Y,43.1982500,-77.9222901,3/12/13,13:07,PROPERTY DAMAGE AND INJURY,1,0,2,COLLISION WITH MOTOR VEHICLE,REAR END,TRAFFIC SIGNAL,DAYLIGHT,RAIN,WET
13984,35334540,MONROE,Brighton,3,,Y,43.1257570,-77.5874530,7/21/14,15:53,PROPERTY DAMAGE AND INJURY,2,0,2,COLLISION WITH MOTOR VEHICLE,REAR END,NONE,DAYLIGHT,CLEAR,DRY
13984,35352572,MONROE,Pittsford,3,,N,43.1198560,-77.5200572,8/2/14,12:24,PROPERTY DAMAGE AND INJURY,1,0,3,COLLISION WITH MOTOR VEHICLE,OTHER,NO PASSING ZONE,DAYLIGHT,CLEAR,DRY
13984,35508641,MONROE,Rochester,1, 33A43022008,Y,43.1453010,-77.6510020,10/7/14,16:07,INJURY,1,0,1,COLLISION WITH PEDESTRIAN,OTHER,TRAFFIC SIGNAL,DAYLIGHT,CLEAR,DRY
13984,35523487,MONROE,Rochester,1,,Y,43.1343520,-77.5914371,12/15/14,9:29,INJURY,1,0,2,COLLISION WITH MOTOR VEHICLE,REAR END,TRAFFIC SIGNAL,DAYLIGHT,CLEAR,WET
13984,34740029,MONROE,Pittsford,4, 96 43051058,Y,43.0908280,-77.5152560,4/17/13,8:17,PROPERTY DAMAGE AND INJURY,2,0,2,COLLISION WITH MOTOR VEHICLE,RIGHT ANGLE,TRAFFIC SIGNAL,DAYLIGHT,CLEAR,DRY
13984,34825612,MONROE,Henrietta,3,253 43011064,N,43.0588015,-77.6441120,6/25/13,16:42,INJURY,2,0,2,COLLISION WITH MOTOR VEHICLE,LEFT TURN (AGAINST OTHER CAR),TRAFFIC SIGNAL,DAYLIGHT,CLEAR,DRY