QUERYID,CASE #,REGN_CNTY_CDE,Municipality,MUNITYPE,REF_MRKR,ATINTERSECTION_IND,Lat,Long,,Time,Crash Type,Injuries,Fatalities,Number of Vehicles,ACCD_TYP,COLLISION_TYP,TRAF_CNTL,Light Condition,Weather Condition,Road Surface Condition
13984,35042058,MONROE,Henrietta,3,,N,43.0957068,-77.5819225,12/13/13,11:01,PROPERTY DAMAGE AND INJURY,1,0,2,COLLISION WITH MOTOR VEHICLE,HEAD ON,NONE,DAYLIGHT,SNOW,SNOW/ICE
13984,35085253,MONROE,Gates,3,531 43011017,N,43.1580364,-77.7275604,1/7/14,18:20,PROPERTY DAMAGE AND INJURY,1,0,2,COLLISION WITH MOTOR VEHICLE,REAR END,NONE,DAYLIGHT,SNOW,SNOW/ICE
13984,35324571,MONROE,Ogden,3,259 43011048,N,43.1615185,-77.8052278,7/12/14,15:30,PROPERTY DAMAGE AND INJURY,1,0,1,COLL. W/LIGHT SUPPORT/UTILITY POLE,OTHER,NONE,DAYLIGHT,CLEAR,DRY
13984,35397526,MONROE,Rochester,1,,Y,43.1458280,-77.6289910,8/29/14,23:47,PROPERTY DAMAGE AND INJURY,2,0,2,COLLISION WITH MOTOR VEHICLE,OVERTAKING,NONE,DARK-ROAD LIGHTED,CLEAR,DRY
13984,35348085,MONROE,Greece,3,,Y,43.2145280,-77.7318020,7/26/14,16:34,PROPERTY DAMAGE AND INJURY,1,0,2,COLLISION WITH MOTOR VEHICLE,LEFT TURN (AGAINST OTHER CAR),NONE,DAYLIGHT,CLOUDY,DRY
13984,35440530,MONROE,Brighton,3,,Y,43.1266070,-77.5596520,10/17/14,7:32,INJURY,1,0,2,COLLISION WITH MOTOR VEHICLE,REAR END,NONE,DAWN,CLOUDY,WET
13984,34842948,MONROE,Rochester,1,,Y,43.1580680,-77.6023430,7/9/13,10:19,INJURY,1,0,1,COLLISION WITH PEDESTRIAN,OTHER,TRAFFIC SIGNAL,DAYLIGHT,CLOUDY,DRY
13984,35446075,MONROE,Brighton,3,,N,43.1175563,-77.5525465,10/24/14,17:21,PROPERTY DAMAGE AND INJURY,1,0,2,COLLISION WITH MOTOR VEHICLE,REAR END,NONE,DUSK,CLOUDY,DRY
13984,34793627,MONROE,Irondequoit,3,,N,43.1974157,-77.5526476,5/20/13,9:13,PROPERTY DAMAGE AND INJURY,1,0,1,COLL. W/EARTH ELE./ROCK CUT/DITCH,OTHER,NONE,DAYLIGHT,CLEAR,DRY
13984,35459681,MONROE,Rochester,1, 96 43052023,N,43.1535779,-77.5886291,11/3/14,11:34,PROPERTY DAMAGE AND INJURY,1,0,2,COLLISION WITH MOTOR VEHICLE,RIGHT ANGLE,TRAFFIC SIGNAL,DAYLIGHT,CLOUDY,DRY
13984,34705846,MONROE,Perinton,3,,N,43.0764600,-77.4321230,3/18/13,17:11,PROPERTY DAMAGE AND INJURY,1,0,1,COLLISION WITH TREE,OTHER,NONE,DAYLIGHT,SNOW,SNOW/ICE
13984,34754007,MONROE,Chili,3,259 43011018,N,43.1191812,-77.8051626,4/17/13,17:41,INJURY,1,0,2,COLLISION WITH MOTOR VEHICLE,RIGHT ANGLE,NONE,DAYLIGHT,CLEAR,DRY
13984,34973236,MONROE,Brighton,3,,Y,43.1073680,-77.5622479,10/23/13,16:46,PROPERTY DAMAGE AND INJURY,1,0,2,COLLISION WITH MOTOR VEHICLE,LEFT TURN (WITH OTHER CAR),STOP SIGN,DAYLIGHT,CLOUDY,WET
13984,35428083,MONROE,Gates,3,386 43011114,Y,43.1644122,-77.7324209,10/9/14,8:51,PROPERTY DAMAGE AND INJURY,1,0,3,COLLISION WITH MOTOR VEHICLE,OTHER,TRAFFIC SIGNAL,DAYLIGHT,CLEAR,DRY
13984,34995590,MONROE,Webster,3,404 43035089,N,43.2099193,-77.4514506,11/7/13,6:00,PROPERTY DAMAGE AND INJURY,3,0,3,COLLISION WITH MOTOR VEHICLE,OTHER,NONE,DARK-ROAD UNLIGHTED,CLOUDY,WET
13984,35119064,MONROE,Rochester,1,,N,43.1852331,-77.5963729,1/31/14,17:01,PROPERTY DAMAGE AND INJURY,1,0,2,COLLISION WITH MOTOR VEHICLE,HEAD ON,NONE,DAYLIGHT,CLEAR,SNOW/ICE
13984,34792542,MONROE,Rochester,1,,Y,43.1574120,-77.6439740,5/20/13,12:50,INJURY,1,0,1,COLLISION WITH BICYCLIST,OTHER,TRAFFIC SIGNAL,DAYLIGHT,CLEAR,DRY
13984,35022187,MONROE,Henrietta,3, 15 43031074,N,43.0401179,-77.6621016,11/23/13,17:14,INJURY,1,0,3,COLLISION WITH MOTOR VEHICLE,OTHER,NONE,DARK-ROAD LIGHTED,SNOW,SNOW/ICE
13984,35422095,MONROE,Henrietta,3,252 43011097,N,43.0871450,-77.5825189,10/2/14,8:07,PROPERTY DAMAGE AND INJURY,2,0,2,COLLISION WITH MOTOR VEHICLE,RIGHT ANGLE,NONE,DAYLIGHT,CLEAR,DRY
13984,35073043,MONROE,Rochester,1,590 43012003,N,43.1627571,-77.5391477,1/7/14,11:00,PROPERTY DAMAGE AND INJURY,1,0,1,COLL. W/EARTH ELE./ROCK CUT/DITCH,OTHER,NONE,DAYLIGHT,CLOUDY,SNOW/ICE
13984,34862924,MONROE,Penfield,3,250 43011066,N,43.1305469,-77.4413042,7/23/13,18:01,PROPERTY DAMAGE AND INJURY,1,0,2,COLLISION WITH MOTOR VEHICLE,RIGHT ANGLE,NONE,DAYLIGHT,CLOUDY,DRY
13984,34869085,MONROE,Rochester,1,,Y,43.2035180,-77.5618440,7/28/13,11:44,PROPERTY DAMAGE AND INJURY,1,0,2,COLLISION WITH MOTOR VEHICLE,RIGHT ANGLE,TRAFFIC SIGNAL,DAYLIGHT,CLOUDY,DRY
13984,34876111,MONROE,Mendon,3, 64 43021015,N,42.9622781,-77.5012700,7/15/13,5:45,PROPERTY DAMAGE AND INJURY,1,0,1,COLLISION WITH DEER,OTHER,NONE,DAWN,CLEAR,DRY
13984,34832188,MONROE,Mendon,3, 64 43021049,N,43.0113411,-77.5104113,6/26/13,16:26,PROPERTY DAMAGE AND INJURY,1,0,1,COLL. W/EARTH ELE./ROCK CUT/DITCH,OTHER,NONE,DAYLIGHT,CLEAR,DRY
13984,34958477,MONROE,Webster,3,,N,43.2138799,-77.5153909,10/9/13,7:48,INJURY,1,0,2,COLLISION WITH MOTOR VEHICLE,REAR END,HIGHWAY WORK AREA,DAYLIGHT,CLEAR,DRY
13984,35304935,MONROE,Rochester,1,,N,43.1666009,-77.6160714,6/11/14,16:37,INJURY,1,0,2,COLLISION WITH MOTOR VEHICLE,REAR END,NONE,DAYLIGHT,CLEAR,DRY
13984,35059942,MONROE,Rochester,1, 18 43032012,Y,43.2004550,-77.6387230,12/23/13,12:10,PROPERTY DAMAGE AND INJURY,1,0,2,COLLISION WITH MOTOR VEHICLE,REAR END,TRAFFIC SIGNAL,DAYLIGHT,CLEAR,WET
13984,34701635,MONROE,Gates,3,,N,43.1535844,-77.7421885,3/20/13,20:07,INJURY,1,0,1,COLLISION WITH PEDESTRIAN,OTHER,NONE,DARK-ROAD LIGHTED,CLEAR,WET
13984,35273457,UNKNOWN COUNTY,,0,,N,43.1486227,-77.5909169,5/21/14,2:33,PROPERTY DAMAGE AND INJURY,1,0,1,COLLISION WITH BUILDING/WALL,OTHER,NONE,DARK-ROAD LIGHTED,CLEAR,DRY
13984,35316082,MONROE,Rochester,1,940M43011011,N,43.1791946,-77.6316777,7/5/14,19:59,INJURY,1,0,2,COLLISION WITH MOTOR VEHICLE,RIGHT ANGLE,NONE,DAYLIGHT,CLEAR,DRY
13984,35233044,MONROE,Parma,3,104 43031106,N,43.2181995,-77.7965048,4/22/14,8:35,PROPERTY DAMAGE AND INJURY,2,0,2,COLLISION WITH MOTOR VEHICLE,REAR END,NONE,DAYLIGHT,RAIN,WET
13984,34748932,MONROE,Fairport,4, 31F43011035,N,43.0993944,-77.4537688,4/24/13,16:01,PROPERTY DAMAGE AND INJURY,1,0,2,COLLISION WITH MOTOR VEHICLE,LEFT TURN (AGAINST OTHER CAR),NONE,DAYLIGHT,RAIN,WET
13984,35198875,MONROE,Gates,3,940L43011023,Y,43.1648860,-77.6911321,3/28/14,19:03,PROPERTY DAMAGE AND INJURY,3,0,2,COLLISION WITH MOTOR VEHICLE,RIGHT ANGLE,TRAFFIC SIGNAL,DAYLIGHT,CLEAR,DRY
13984,34865339,MONROE,Webster,3,104 43035250,N,43.2137823,-77.4767352,7/18/13,9:15,PROPERTY DAMAGE AND INJURY,1,0,2,COLLISION WITH MOTOR VEHICLE,REAR END,TRAFFIC SIGNAL,DAYLIGHT,CLEAR,DRY
13984,34681321,MONROE,Rochester,1,,Y,43.1310210,-77.6427630,3/2/13,14:24,PROPERTY DAMAGE AND INJURY,2,0,2,COLLISION WITH MOTOR VEHICLE,RIGHT ANGLE,STOP SIGN,DAYLIGHT,CLEAR,SNOW/ICE
13984,35457753,MONROE,Greece,3,,N,43.2633186,-77.7310391,11/2/14,18:54,PROPERTY DAMAGE AND INJURY,1,0,1,COLLISION WITH PEDESTRIAN,OTHER,NONE,DARK-ROAD LIGHTED,CLOUDY,DRY
13984,35383552,MONROE,Greece,3, 18 43031215,Y,43.2383400,-77.6468470,8/29/14,2:13,INJURY,2,0,2,COLLISION WITH MOTOR VEHICLE,REAR END,TRAFFIC SIGNAL,DARK-ROAD LIGHTED,CLEAR,DRY
13984,34885635,MONROE,Brighton,3,590I43011039,N,43.1302383,-77.5531218,8/8/13,17:16,PROPERTY DAMAGE AND INJURY,2,0,2,COLLISION WITH MOTOR VEHICLE,REAR END,NONE,DAYLIGHT,CLOUDY,WET
13984,35348054,MONROE,Chili,3,,Y,43.0547774,-77.7835869,7/31/14,14:13,PROPERTY DAMAGE AND INJURY,3,0,2,COLLISION WITH MOTOR VEHICLE,RIGHT ANGLE,STOP SIGN,DAYLIGHT,CLEAR,DRY
13984,35333014,MONROE,Perinton,3,250 43011001,N,43.0379226,-77.4507969,7/17/14,12:25,PROPERTY DAMAGE AND INJURY,1,0,2,COLLISION WITH MOTOR VEHICLE,REAR END,NO PASSING ZONE,DAYLIGHT,CLOUDY,WET
13984,35265920,MONROE,Rochester,1,,Y,43.1937580,-77.6088390,5/15/14,14:30,INJURY,1,0,2,COLLISION WITH MOTOR VEHICLE,REAR END,NONE,DAYLIGHT,CLEAR,DRY
13984,35137018,MONROE,Penfield,3,286 43011024,Y,43.1536649,-77.4945442,2/10/14,16:28,PROPERTY DAMAGE AND INJURY,1,0,2,COLLISION WITH MOTOR VEHICLE,RIGHT ANGLE,TRAFFIC SIGNAL,DAYLIGHT,CLEAR,WET
13984,35439764,MONROE,Rochester,1,,Y,43.1559950,-77.6281210,10/20/14,8:55,PROPERTY DAMAGE AND INJURY,1,0,2,COLLISION WITH MOTOR VEHICLE,LEFT TURN (AGAINST OTHER CAR),TRAFFIC SIGNAL,DAYLIGHT,CLOUDY,DRY
13984,34744730,MONROE,Rochester,1,,Y,43.1784520,-77.6250830,4/17/13,10:53,INJURY,1,0,1,COLLISION WITH BICYCLIST,OTHER,STOP SIGN,DAYLIGHT,CLEAR,DRY
13984,35236793,MONROE,Sweden,3,260 43011000,Y,43.1979930,-77.8994651,4/26/14,8:20,PROPERTY DAMAGE AND INJURY,4,0,2,COLLISION WITH MOTOR VEHICLE,REAR END,TRAFFIC SIGNAL,DAYLIGHT,CLOUDY,DRY
13984,35004949,MONROE,Rochester,1,490I43022019,N,43.1565345,-77.6351167,11/8/13,7:38,PROPERTY DAMAGE AND INJURY,1,0,3,COLLISION WITH MOTOR VEHICLE,OTHER,NONE,DAYLIGHT,CLOUDY,DRY
13984,35233022,MONROE,Gates,3,390I43037005,N,43.1366697,-77.6649654,4/21/14,7:54,INJURY,1,0,2,COLLISION WITH MOTOR VEHICLE,REAR END,NONE,DAYLIGHT,CLEAR,DRY
13984,35046264,MONROE,Rochester,1,,N,43.1881064,-77.6388760,12/13/13,22:02,FATAL,1,2,2,COLLISION WITH MOTOR VEHICLE,RIGHT ANGLE,NONE,DARK-ROAD LIGHTED,CLOUDY,SLUSH
13984,35016729,MONROE,Penfield,3,441 43011124,N,43.1276137,-77.4945794,11/23/13,16:02,PROPERTY DAMAGE AND INJURY,1,0,2,COLLISION WITH GUIDE RAIL,OVERTAKING,NONE,DAYLIGHT,CLEAR,SNOW/ICE
13984,35063548,MONROE,Greece,3,,Y,43.2621330,-77.6963541,12/20/13,19:04,PROPERTY DAMAGE AND INJURY,1,0,2,COLLISION WITH MOTOR VEHICLE,LEFT TURN (AGAINST OTHER CAR),STOP SIGN,DARK-ROAD LIGHTED,RAIN,WET
13984,34794786,MONROE,Pittsford,3, 31F43011008,N,43.1095977,-77.5042983,5/31/13,11:18,PROPERTY DAMAGE AND INJURY,1,0,1,COLLISION WITH DEER,OTHER,NONE,DAYLIGHT,CLEAR,DRY
13984,35218307,MONROE,Rochester,1, 33A43022014,Y,43.1492140,-77.6394930,4/4/14,21:50,PROPERTY DAMAGE AND INJURY,3,0,2,COLLISION WITH MOTOR VEHICLE,REAR END,NONE,DARK-ROAD LIGHTED,RAIN,WET
13984,34923256,MONROE,Henrietta,3,,N,43.0869783,-77.6173877,9/10/13,17:11,PROPERTY DAMAGE AND INJURY,1,0,2,COLLISION WITH MOTOR VEHICLE,REAR END,TRAFFIC SIGNAL,DAYLIGHT,CLEAR,DRY
13984,34911548,MONROE,Greece,3,,Y,43.2237682,-77.6655750,8/18/13,15:00,INJURY,1,0,2,COLLISION WITH MOTOR VEHICLE,REAR END,NONE,DAYLIGHT,CLEAR,DRY
13984,35043288,MONROE,Rochester,1,490I43022068,N,43.1436412,-77.5498628,12/12/13,21:00,PROPERTY DAMAGE AND INJURY,1,0,1,COLLISION WITH OTHER BARRIER,OTHER,NONE,DARK-ROAD LIGHTED,SNOW,SNOW/ICE
13984,34936047,MONROE,Gates,3, 31 43031186,N,43.1646972,-77.6799557,9/20/13,19:54,PROPERTY DAMAGE AND INJURY,1,0,2,COLLISION WITH MOTOR VEHICLE,SIDESWIPE,NONE,DARK-ROAD LIGHTED,CLOUDY,DRY
13984,34820027,MONROE,Brighton,3, 65 43031127,N,43.1107427,-77.5477139,6/14/13,17:39,PROPERTY DAMAGE AND INJURY,4,0,2,COLLISION WITH MOTOR VEHICLE,LEFT TURN (AGAINST OTHER CAR),TRAFFIC SIGNAL,DAYLIGHT,CLEAR,DRY
13984,35479010,MONROE,Penfield,3,,Y,43.1817070,-77.4116980,11/17/14,20:12,PROPERTY DAMAGE AND INJURY,1,0,2,COLLISION WITH MOTOR VEHICLE,RIGHT ANGLE,STOP SIGN,DARK-ROAD UNLIGHTED,SNOW,WET
13984,34883531,MONROE,Perinton,3,,Y,43.1201210,-77.4615249,8/9/13,7:48,PROPERTY DAMAGE AND INJURY,2,0,2,COLLISION WITH MOTOR VEHICLE,RIGHT ANGLE,STOP SIGN,DAYLIGHT,RAIN,WET
13984,34971277,MONROE,Hamlin,3, 18 43031038,N,43.2953202,-77.9226428,10/9/13,21:49,PROPERTY DAMAGE AND INJURY,1,0,2,COLLISION WITH MOTOR VEHICLE,REAR END,NONE,DARK-ROAD LIGHTED,CLEAR,DRY
13984,34698559,MONROE,Webster,3,,Y,43.2021230,-77.4185310,3/16/13,21:30,PROPERTY DAMAGE AND INJURY,1,0,3,COLLISION WITH MOTOR VEHICLE,OTHER,TRAFFIC SIGNAL,DARK-ROAD LIGHTED,CLEAR,DRY
13984,34880481,MONROE,Greece,3,,Y,43.3063040,-77.7006550,7/2/13,17:53,INJURY,1,0,1,OTHER NON-COLLISION,OTHER,NONE,DAYLIGHT,CLEAR,DRY
13984,35443223,MONROE,Rochester,1,,N,43.1633530,-77.6212700,10/13/14,17:16,INJURY,1,0,2,COLLISION WITH MOTOR VEHICLE,RIGHT ANGLE,TRAFFIC SIGNAL,DAYLIGHT,CLEAR,DRY
13984,34897721,MONROE,Rochester,1,,N,43.1868027,-77.5998519,8/10/13,18:30,PROPERTY DAMAGE AND INJURY,2,0,2,COLLISION WITH MOTOR VEHICLE,RIGHT ANGLE,NONE,DAYLIGHT,CLEAR,DRY
13984,35568485,MONROE,Rochester,1,,N,43.1643020,-77.5766140,12/11/14,14:43,PROPERTY DAMAGE AND INJURY,1,0,2,COLLISION WITH MOTOR VEHICLE,REAR END,NONE,DAYLIGHT,CLOUDY,SNOW/ICE
13984,35307372,MONROE,Greece,3,,N,43.2003735,-77.7210713,6/27/14,11:01,PROPERTY DAMAGE AND INJURY,1,0,1,COLLISION WITH TREE,OTHER,NONE,DAYLIGHT,CLEAR,DRY
13984,34926943,MONROE,Greece,3,390 43011025,N,43.1935613,-77.6830084,9/10/13,10:59,PROPERTY DAMAGE AND INJURY,2,0,3,COLLISION WITH MOTOR VEHICLE,OTHER,NONE,DAYLIGHT,CLOUDY,DRY
13984,34768434,MONROE,Greece,3,,N,43.2375000,-77.6489871,5/2/13,18:07,INJURY,1,0,1,COLLISION WITH PEDESTRIAN,OTHER,NONE,DAYLIGHT,CLEAR,DRY
13984,34998552,MONROE,Greece,3,,Y,43.2308790,-77.6303201,10/19/13,0:01,PROPERTY DAMAGE AND INJURY,1,0,1,COLL. W/LIGHT SUPPORT/UTILITY POLE,OTHER,NONE,DARK-ROAD LIGHTED,CLOUDY,DRY
13984,35355312,MONROE,Greece,3,947A43021219,Y,43.2550925,-77.6253180,8/2/14,16:05,INJURY,1,0,1,OTHER NON-COLLISION,OTHER,NONE,DAYLIGHT,CLEAR,DRY
13984,35277692,MONROE,Greece,3,,Y,43.2237430,-77.6524839,5/28/14,18:50,INJURY,1,0,1,COLLISION WITH BICYCLIST,OTHER,STOP SIGN,DAYLIGHT,CLEAR,DRY
13984,34695072,MONROE,Pittsford,3, 96 43051049,Y,43.0825490,-77.5077330,3/1/13,18:06,PROPERTY DAMAGE AND INJURY,1,0,2,COLLISION WITH MOTOR VEHICLE,RIGHT ANGLE,NONE,DARK-ROAD LIGHTED,CLEAR,DRY
13984,35132005,MONROE,Rochester,1,,Y,43.1460640,-77.6054879,2/9/14,10:41,PROPERTY DAMAGE AND INJURY,1,0,2,COLLISION WITH MOTOR VEHICLE,RIGHT ANGLE,TRAFFIC SIGNAL,DAYLIGHT,CLOUDY,WET
13984,34958776,MONROE,Henrietta,3,,N,43.0579004,-77.6132045,10/11/13,23:13,PROPERTY DAMAGE AND INJURY,1,0,1,COLL. W/LIGHT SUPPORT/UTILITY POLE,OTHER,NONE,DARK-ROAD LIGHTED,CLEAR,DRY
13984,35029031,MONROE,Henrietta,3, 15 43031095,N,43.0683545,-77.6468299,11/29/13,23:41,PROPERTY DAMAGE AND INJURY,1,0,2,COLLISION WITH MOTOR VEHICLE,RIGHT ANGLE,NONE,DARK-ROAD LIGHTED,CLEAR,DRY
13984,35119048,MONROE,Rochester,1,383 43012028,Y,43.1544750,-77.6120060,2/3/14,11:54,PROPERTY DAMAGE AND INJURY,2,0,2,COLLISION WITH MOTOR VEHICLE,RIGHT ANGLE,TRAFFIC SIGNAL,DAYLIGHT,CLOUDY,DRY
13984,35356720,MONROE,Rochester,1,,Y,43.2497150,-77.6147510,7/26/14,0:41,PROPERTY DAMAGE AND INJURY,1,0,2,COLLISION WITH MOTOR VEHICLE,RIGHT TURN (WITH OTHER CAR),TRAFFIC SIGNAL,DARK-ROAD LIGHTED,CLEAR,DRY
13984,35484466,MONROE,Webster,3,,N,43.2528303,-77.4784406,11/18/14,16:23,INJURY,1,0,2,COLLISION WITH MOTOR VEHICLE,OTHER,NONE,DAYLIGHT,CLOUDY,DRY
13984,35352567,MONROE,Webster,3,,N,43.2058084,-77.4746252,8/6/14,15:36,INJURY,1,0,1,OTHER NON-COLLISION,OTHER,NONE,DAYLIGHT,CLEAR,DRY
13984,35402401,MONROE,Ogden,3,531 43012058,N,43.1604723,-77.7543986,9/13/14,14:40,PROPERTY DAMAGE AND INJURY,2,0,2,COLLISION WITH MOTOR VEHICLE,RIGHT ANGLE,NONE,DAYLIGHT,CLOUDY,WET
13984,35381477,MONROE,Rochester,1,,Y,43.1535660,-77.5951690,8/27/14,11:29,PROPERTY DAMAGE AND INJURY,1,0,2,COLLISION WITH MOTOR VEHICLE,RIGHT TURN (WITH OTHER CAR),TRAFFIC SIGNAL,DAYLIGHT,CLOUDY,DRY
13984,35300180,MONROE,Greece,3,390 43011047,N,43.2240690,-77.6748294,3/3/14,7:45,INJURY,1,0,1,COLLISION WITH GUIDE RAIL,OTHER,UNKNOWN,UNKNOWN,UNKNOWN,UNKNOWN
13984,34941822,MONROE,East Rochester,3, 31F43011017,N,43.1048537,-77.4887983,9/16/13,16:19,INJURY,1,0,2,COLLISION WITH MOTOR VEHICLE,REAR END,NONE,DAYLIGHT,CLOUDY,DRY
13984,34903315,MONROE,Rochester,1, 31 43032014,N,43.1646352,-77.6472854,8/21/13,11:23,PROPERTY DAMAGE AND INJURY,1,0,2,COLLISION WITH MOTOR VEHICLE,REAR END,NONE,DAYLIGHT,CLEAR,DRY
13984,34958193,MONROE,Rochester,1,,Y,43.1871762,-77.5897643,10/11/13,1:15,PROPERTY DAMAGE AND INJURY,2,0,1,COLLISION WITH TREE,OTHER,NONE,DARK-ROAD LIGHTED,CLEAR,DRY
13984,35324917,MONROE,East Rochester,3, 31F43011017,N,43.1048537,-77.4887983,6/7/14,18:52,INJURY,1,0,2,COLLISION WITH MOTOR VEHICLE,OVERTAKING,NONE,DAYLIGHT,CLEAR,DRY
13984,35473060,MONROE,Rochester,1,,Y,43.1731508,-77.5928227,11/17/14,18:24,PROPERTY DAMAGE AND INJURY,1,0,2,COLLISION WITH PEDESTRIAN,OTHER,NONE,DARK-ROAD LIGHTED,RAIN,WET
13984,34869650,MONROE,Rochester,1,940M43011008,Y,43.1757100,-77.6301080,6/26/13,17:25,INJURY,1,0,1,COLLISION WITH PEDESTRIAN,OTHER,UNKNOWN,UNKNOWN,UNKNOWN,UNKNOWN
13984,35359851,MONROE,Rochester,1,490I43022004,N,43.1576584,-77.6645612,8/8/14,17:00,INJURY,1,0,3,COLLISION WITH MOTOR VEHICLE,OTHER,NONE,DAYLIGHT,CLEAR,DRY
13984,35465760,MONROE,Webster,3,,N,43.2504447,-77.4824692,11/11/14,16:48,INJURY,1,0,2,COLLISION WITH MOTOR VEHICLE,SIDESWIPE,NONE,DAYLIGHT,CLOUDY,DRY
13984,35134643,MONROE,Greece,3,,N,43.1912597,-77.6831613,2/11/14,8:03,INJURY,1,0,3,COLLISION WITH MOTOR VEHICLE,OTHER,TRAFFIC SIGNAL,DAYLIGHT,SNOW,SNOW/ICE
13984,34803910,MONROE,Pittsford,3,,N,43.0770728,-77.5257281,6/5/13,17:10,PROPERTY DAMAGE AND INJURY,2,0,2,COLLISION WITH MOTOR VEHICLE,REAR END,NONE,DAYLIGHT,CLEAR,DRY
13984,35435575,MONROE,Rochester,1,,Y,43.1488180,-77.6206060,10/18/14,12:31,INJURY,1,0,1,COLLISION WITH PEDESTRIAN,OTHER,TRAFFIC SIGNAL,DAYLIGHT,RAIN,WET
13984,34723589,MONROE,Brighton,3,,Y,43.1164220,-77.5573480,4/5/13,10:31,PROPERTY DAMAGE AND INJURY,2,0,2,COLLISION WITH MOTOR VEHICLE,RIGHT ANGLE,TRAFFIC SIGNAL,DAYLIGHT,CLEAR,DRY
13984,35226377,MONROE,Pittsford,3, 31 43033024,N,43.1090789,-77.5450672,4/17/14,16:10,INJURY,1,0,2,COLLISION WITH MOTOR VEHICLE,OTHER,NONE,DAYLIGHT,CLEAR,DRY
13984,35296873,MONROE,Rochester,1,,Y,43.1439690,-77.6049211,5/15/14,21:05,PROPERTY DAMAGE AND INJURY,1,0,1,COLLISION WITH BICYCLIST,OTHER,TRAFFIC SIGNAL,DARK-ROAD LIGHTED,CLOUDY,DRY
13984,35115838,MONROE,Perinton,3, 96 43051018,Y,43.0517000,-77.4701639,1/24/14,20:04,PROPERTY DAMAGE AND INJURY,1,0,2,COLLISION WITH MOTOR VEHICLE,OTHER,NONE,DARK-ROAD UNLIGHTED,CLOUDY,DRY
13984,35291507,MONROE,Rochester,1,,Y,43.1752370,-77.6027150,6/15/14,17:53,PROPERTY DAMAGE AND INJURY,1,0,2,COLLISION WITH MOTOR VEHICLE,REAR END,NONE,DAYLIGHT,CLEAR,DRY
13984,35028930,MONROE,Rochester,1,,N,43.1702859,-77.6074355,11/21/13,17:15,INJURY,3,0,2,COLLISION WITH MOTOR VEHICLE,REAR END,NONE,DARK-ROAD LIGHTED,CLEAR,DRY
13984,35098346,MONROE,Rochester,1, 96 43052026,N,43.1551330,-77.5947770,1/20/14,9:46,PROPERTY DAMAGE AND INJURY,1,0,2,COLLISION WITH MOTOR VEHICLE,OVERTAKING,NONE,DAYLIGHT,SNOW,SNOW/ICE
13984,35023586,MONROE,Rochester,1,,N,43.1586567,-77.6097354,11/23/13,18:38,PROPERTY DAMAGE AND INJURY,2,0,2,COLLISION WITH MOTOR VEHICLE,REAR END,NONE,DARK-ROAD LIGHTED,SNOW,SNOW/ICE
13984,35226371,MONROE,Irondequoit,3,,Y,43.2223995,-77.5431139,4/17/14,16:37,INJURY,1,0,2,COLLISION WITH MOTOR VEHICLE,REAR END,NONE,DAYLIGHT,CLEAR,DRY
13984,35133747,MONROE,Riga,3,490I43021070,N,43.0960438,-77.8462792,2/11/14,8:15,PROPERTY DAMAGE AND INJURY,2,0,3,COLLISION WITH MOTOR VEHICLE,OTHER,NONE,DAYLIGHT,SNOW,SNOW/ICE
13984,35469341,MONROE,Penfield,3,,Y,43.1538600,-77.4500300,11/5/14,17:51,PROPERTY DAMAGE AND INJURY,2,0,2,COLLISION WITH MOTOR VEHICLE,REAR END,NONE,DARK-ROAD LIGHTED,CLOUDY,DRY
13984,35486122,MONROE,Henrietta,3,252 43011075,N,43.0870418,-77.6251003,10/23/14,10:55,PROPERTY DAMAGE AND INJURY,1,0,2,COLLISION WITH MOTOR VEHICLE,RIGHT ANGLE,NONE,DAYLIGHT,CLOUDY,DRY
13984,34686885,MONROE,Greece,3,390 43011036,N,43.2080543,-77.6758657,3/7/13,6:24,PROPERTY DAMAGE AND INJURY,2,0,2,COLLISION WITH MOTOR VEHICLE,REAR END,YIELD SIGN,DAWN,CLOUDY,WET
13984,34907653,MONROE,Greece,3,,Y,43.2021500,-77.6980350,8/31/13,15:20,INJURY,1,0,2,COLLISION WITH MOTOR VEHICLE,RIGHT ANGLE,TRAFFIC SIGNAL,DAYLIGHT,CLEAR,DRY
13984,34760923,MONROE,Gates,3,390 43011003,N,43.1612517,-77.6814297,5/1/13,12:07,PROPERTY DAMAGE AND INJURY,1,0,2,COLLISION WITH MOTOR VEHICLE,OVERTAKING,NONE,DAYLIGHT,CLEAR,DRY
13984,35134835,MONROE,Brighton,3,,N,43.0948042,-77.6123977,2/7/14,13:00,PROPERTY DAMAGE AND INJURY,1,0,2,COLLISION WITH MOTOR VEHICLE,REAR END,NONE,DAYLIGHT,CLOUDY,DRY