QUERYID,CASE #,REGN_CNTY_CDE,Municipality,MUNITYPE,REF_MRKR,ATINTERSECTION_IND,Lat,Long,,Time,Crash Type,Injuries,Fatalities,Number of Vehicles,ACCD_TYP,COLLISION_TYP,TRAF_CNTL,Light Condition,Weather Condition,Road Surface Condition
13984,34726691,MONROE,Chili,3, 33A43021069,N,43.0876600,-77.8121329,3/22/13,10:13,INJURY,1,0,1,COLL. W/EARTH ELE./ROCK CUT/DITCH,OTHER,NONE,DAYLIGHT,SNOW,SLUSH
13984,35380341,MONROE,Rochester,1, 15 43032021,Y,43.1448690,-77.6102829,8/26/14,19:02,INJURY,1,0,2,COLLISION WITH MOTOR VEHICLE,RIGHT ANGLE,TRAFFIC SIGNAL,DAYLIGHT,CLEAR,DRY
13984,34768117,MONROE,Rochester,1,,N,43.1940903,-77.6253386,5/2/13,3:30,INJURY,1,0,1,COLLISION WITH BICYCLIST,OTHER,TRAFFIC SIGNAL,DARK-ROAD LIGHTED,CLEAR,DRY
13984,35381038,MONROE,Rochester,1,,N,43.1586123,-77.5939344,8/28/14,17:23,INJURY,1,0,2,COLLISION WITH MOTOR VEHICLE,REAR END,TRAFFIC SIGNAL,DAYLIGHT,CLEAR,DRY
13984,34844728,MONROE,Gates,3,,N,43.1308660,-77.6594340,7/9/13,13:50,INJURY,1,0,2,COLLISION WITH MOTOR VEHICLE,RIGHT ANGLE,STOP SIGN,DAYLIGHT,CLEAR,DRY
13984,35269036,MONROE,Greece,3,,Y,43.2236940,-77.6710010,5/19/14,17:23,PROPERTY DAMAGE AND INJURY,1,0,2,COLLISION WITH MOTOR VEHICLE,RIGHT ANGLE,NONE,DAYLIGHT,CLEAR,DRY
13984,35274838,MONROE,Gates,3,390I43037016,N,43.1497245,-77.6784652,5/31/14,16:58,INJURY,1,0,1,COLLISION WITH GUIDE RAIL,OTHER,NONE,DAYLIGHT,CLEAR,DRY
13984,35392970,MONROE,Sweden,3, 19 43041050,N,43.2041574,-77.9419092,9/3/14,11:40,PROPERTY DAMAGE AND INJURY,1,0,2,COLLISION WITH MOTOR VEHICLE,RIGHT ANGLE,TRAFFIC SIGNAL,DAYLIGHT,CLEAR,DRY
13984,34866201,MONROE,Rochester,1,,N,43.1618110,-77.5854000,7/24/13,17:35,INJURY,1,0,1,COLLISION WITH BICYCLIST,OTHER,NONE,DAYLIGHT,CLEAR,DRY
13984,35265887,MONROE,Henrietta,3,,Y,43.0958430,-77.5819010,5/20/14,9:27,PROPERTY DAMAGE AND INJURY,3,0,2,COLLISION WITH MOTOR VEHICLE,REAR END,TRAFFIC SIGNAL,DAYLIGHT,CLEAR,DRY
13984,35158120,MONROE,Gates,3,490I43021152,N,43.1456792,-77.7172792,2/28/14,9:00,PROPERTY DAMAGE AND INJURY,1,0,1,COLLISION WITH GUIDE RAIL,OTHER,NONE,DAYLIGHT,CLEAR,SNOW/ICE
13984,35078597,MONROE,Clarkson,3,104 43031010,N,43.2513194,-77.9773406,1/7/14,12:42,PROPERTY DAMAGE AND INJURY,1,0,1,COLL. W/EARTH ELE./ROCK CUT/DITCH,OTHER,NONE,DAYLIGHT,SNOW,SNOW/ICE
13984,35436926,MONROE,Perinton,3,,N,43.0793816,-77.4078383,10/13/14,11:45,PROPERTY DAMAGE AND INJURY,1,0,3,COLLISION WITH MOTOR VEHICLE,OTHER,NONE,DAYLIGHT,RAIN,WET
13984,35428521,MONROE,Rochester,1,,N,43.1812280,-77.5763020,10/7/14,12:34,INJURY,1,0,2,COLLISION WITH MOTOR VEHICLE,RIGHT ANGLE,TRAFFIC SIGNAL,DAYLIGHT,CLEAR,DRY
13984,35053144,MONROE,Webster,3,404 43035082,N,43.2074050,-77.4643140,12/21/13,10:49,INJURY,1,0,2,COLLISION WITH MOTOR VEHICLE,REAR END,TRAFFIC SIGNAL,DAYLIGHT,RAIN,WET
13984,35342169,MONROE,Rochester,1,,N,43.1759523,-77.6066087,7/26/14,15:52,INJURY,1,0,1,COLLISION WITH PEDESTRIAN,OTHER,NONE,DAYLIGHT,CLEAR,DRY
13984,34985789,MONROE,Webster,3,,N,43.2138744,-77.5155451,10/31/13,16:42,PROPERTY DAMAGE AND INJURY,2,0,2,COLLISION WITH MOTOR VEHICLE,RIGHT ANGLE,TRAFFIC SIGNAL,DAYLIGHT,RAIN,UNKNOWN
13984,35028940,MONROE,Rochester,1,,N,43.1746525,-77.6217222,11/28/13,21:21,PROPERTY DAMAGE AND INJURY,1,0,2,COLLISION WITH MOTOR VEHICLE,REAR END,NONE,DARK-ROAD LIGHTED,CLOUDY,WET
13984,34953051,MONROE,Rochester,1,,Y,43.1809400,-77.6386230,9/23/13,17:45,INJURY,1,0,1,COLLISION WITH PEDESTRIAN,OTHER,TRAFFIC SIGNAL,DAYLIGHT,CLEAR,DRY
13984,34919052,MONROE,Gates,3,204 43011024,N,43.1306670,-77.6797527,9/10/13,9:20,PROPERTY DAMAGE AND INJURY,2,0,2,COLLISION WITH MOTOR VEHICLE,REAR END,TRAFFIC SIGNAL,DAYLIGHT,CLOUDY,WET
13984,34945385,MONROE,Riga,3, 33A43021002,Y,43.0738610,-77.9304550,9/19/13,8:17,INJURY,2,0,2,COLLISION WITH MOTOR VEHICLE,LEFT TURN (AGAINST OTHER CAR),STOP SIGN,DAYLIGHT,CLEAR,DRY
13984,34793628,MONROE,Irondequoit,3,,N,43.1965882,-77.5487060,5/20/13,9:22,PROPERTY DAMAGE AND INJURY,1,0,1,COLLISION WITH GUIDE RAIL,OTHER,NONE,DAYLIGHT,CLEAR,DRY
13984,35252060,UNKNOWN COUNTY,,0,,N,43.1503534,-77.6310113,5/5/14,12:10,INJURY,1,0,1,COLLISION WITH PEDESTRIAN,OTHER,NONE,DAYLIGHT,CLEAR,DRY
13984,34683809,MONROE,Parma,3,,N,43.2731311,-77.8051572,3/4/13,21:07,PROPERTY DAMAGE AND INJURY,1,0,1,COLLISION WITH TREE,OTHER,NONE,DARK-ROAD UNLIGHTED,CLEAR,DRY
13984,35037992,MONROE,Greece,3,,N,43.2419347,-77.6373735,11/29/13,14:27,INJURY,1,0,2,COLL. W/LIGHT SUPPORT/UTILITY POLE,OTHER,NONE,DAYLIGHT,CLEAR,DRY
13984,35472188,MONROE,Perinton,3,,N,43.1024161,-77.4656966,11/17/14,17:51,PROPERTY DAMAGE AND INJURY,1,0,2,COLLISION WITH MOTOR VEHICLE,REAR END,NONE,DARK-ROAD LIGHTED,SNOW,WET
13984,34977285,MONROE,Penfield,3,441 43011068,N,43.1299912,-77.4110595,10/27/13,0:15,INJURY,1,0,1,COLL. W/LIGHT SUPPORT/UTILITY POLE,OTHER,NONE,DARK-ROAD UNLIGHTED,CLEAR,DRY
13984,34699896,MONROE,Ogden,3, 31 43031091,N,43.1883744,-77.8599563,3/19/13,6:35,PROPERTY DAMAGE AND INJURY,1,0,1,COLLISION WITH TREE,OTHER,NONE,DARK-ROAD UNLIGHTED,CLOUDY,SLUSH
13984,35201252,MONROE,Perinton,3, 96 43051003,N,43.0368430,-77.4505780,4/1/14,7:58,PROPERTY DAMAGE AND INJURY,2,0,2,COLLISION WITH MOTOR VEHICLE,RIGHT ANGLE,TRAFFIC SIGNAL,DAYLIGHT,CLEAR,DRY
13984,35115201,MONROE,Parma,3, 18 43031126,N,43.2624133,-77.7907988,1/23/14,18:38,PROPERTY DAMAGE AND INJURY,2,0,2,COLLISION WITH GUIDERAIL - END,HEAD ON,NONE,DARK-ROAD UNLIGHTED,SNOW,SNOW/ICE
13984,34892920,MONROE,Chili,3,383 43011149,N,43.1173557,-77.6592949,8/16/13,13:44,PROPERTY DAMAGE AND INJURY,1,0,2,COLLISION WITH MOTOR VEHICLE,REAR END,TRAFFIC SIGNAL,DAYLIGHT,CLEAR,DRY
13984,35453285,MONROE,Rochester,1,,Y,43.1808420,-77.5991820,10/30/14,9:30,PROPERTY DAMAGE AND INJURY,2,0,2,COLLISION WITH MOTOR VEHICLE,RIGHT ANGLE,TRAFFIC SIGNAL,DAYLIGHT,CLEAR,DRY
13984,35159577,MONROE,Chili,3, 33A43021076,Y,43.0930310,-77.7980740,2/25/14,8:15,INJURY,1,0,2,COLLISION WITH MOTOR VEHICLE,REAR END,TRAFFIC SIGNAL,DAYLIGHT,SNOW,SNOW/ICE
13984,35276404,MONROE,Rochester,1,,Y,43.1939120,-77.6598301,4/18/14,16:36,INJURY,2,0,3,COLLISION WITH MOTOR VEHICLE,OTHER,NONE,DAYLIGHT,CLEAR,DRY
13984,35334518,MONROE,Henrietta,3,,Y,43.0528160,-77.5965030,7/11/14,8:46,INJURY,1,0,2,COLLISION WITH MOTOR VEHICLE,SIDESWIPE,NONE,DAYLIGHT,CLEAR,DRY
13984,34971085,MONROE,Rochester,1,,Y,43.1515670,-77.5706010,10/8/13,22:26,PROPERTY DAMAGE AND INJURY,1,0,2,COLLISION WITH MOTOR VEHICLE,RIGHT ANGLE,TRAFFIC SIGNAL,DARK-ROAD LIGHTED,CLOUDY,DRY
13984,34877994,MONROE,Irondequoit,3,,Y,43.1908314,-77.5786053,8/3/13,21:36,INJURY,4,0,3,COLLISION WITH MOTOR VEHICLE,OTHER,STOP SIGN,DARK-ROAD UNLIGHTED,CLOUDY,DRY
13984,35280632,MONROE,Rochester,1,,N,43.1671126,-77.5879873,5/31/14,23:01,INJURY,1,0,2,COLLISION WITH MOTOR VEHICLE,REAR END,NONE,DARK-ROAD LIGHTED,CLEAR,DRY
13984,35217963,MONROE,Irondequoit,3,104 43033007,N,43.1961739,-77.5696107,4/6/14,23:54,PROPERTY DAMAGE AND INJURY,1,0,1,COLLISION WITH GUIDE RAIL,OTHER,NONE,DARK-ROAD LIGHTED,CLOUDY,DRY
13984,35323320,MONROE,Henrietta,3, 15 43031099,N,43.0731725,-77.6442930,6/28/14,10:34,PROPERTY DAMAGE AND INJURY,1,0,2,COLLISION WITH MOTOR VEHICLE,RIGHT ANGLE,NONE,DAYLIGHT,CLEAR,DRY
13984,34707362,MONROE,Irondequoit,3,,N,43.2106649,-77.5987874,3/24/13,12:08,PROPERTY DAMAGE AND INJURY,2,0,2,COLLISION WITH MOTOR VEHICLE,REAR END,TRAFFIC SIGNAL,DAYLIGHT,CLOUDY,DRY
13984,34929835,MONROE,Perinton,3, 31F43011033,N,43.1002570,-77.4572718,9/3/13,7:15,PROPERTY DAMAGE AND INJURY,1,0,2,COLLISION WITH MOTOR VEHICLE,HEAD ON,NONE,DAYLIGHT,CLOUDY,DRY
13984,34910321,MONROE,Rochester,1,,N,43.1778030,-77.5989835,9/3/13,16:52,INJURY,1,0,1,COLLISION WITH PEDESTRIAN,OTHER,NONE,DAYLIGHT,CLOUDY,DRY
13984,34828254,MONROE,Rochester,1,,Y,43.1835749,-77.5828897,6/26/13,11:03,INJURY,2,0,2,COLLISION WITH MOTOR VEHICLE,LEFT TURN (WITH OTHER CAR),NONE,DAYLIGHT,CLEAR,DRY
13984,35478973,MONROE,Brighton,3,490I43023006,N,43.1380238,-77.5368367,11/18/14,17:44,INJURY,1,0,2,COLLISION WITH MOTOR VEHICLE,REAR END,NONE,DARK-ROAD LIGHTED,CLEAR,DRY
13984,35371547,MONROE,Irondequoit,3,,Y,43.2102700,-77.6127040,8/12/14,11:00,INJURY,1,0,2,COLLISION WITH MOTOR VEHICLE,REAR END,TRAFFIC SIGNAL,DAYLIGHT,CLOUDY,DRY
13984,35068972,MONROE,Pittsford,3,,Y,43.0541850,-77.5230020,1/2/14,8:09,INJURY,1,0,2,COLLISION WITH MOTOR VEHICLE,REAR END,NONE,DAYLIGHT,SNOW,SNOW/ICE
13984,35052015,MONROE,Henrietta,3, 15A43041100,N,43.0685424,-77.6077638,12/21/13,12:00,INJURY,1,0,2,COLLISION WITH MOTOR VEHICLE,OVERTAKING,NONE,DAYLIGHT,RAIN,WET
13984,34968892,MONROE,Rochester,1,490I43022020,N,43.1565184,-77.6334552,10/20/13,10:00,PROPERTY DAMAGE AND INJURY,1,0,2,COLLISION WITH MOTOR VEHICLE,REAR END,NONE,DAYLIGHT,CLEAR,DRY
13984,35447414,MONROE,Penfield,3,,Y,43.1823170,-77.4747650,10/28/14,7:29,INJURY,2,0,2,COLLISION WITH MOTOR VEHICLE,REAR END,TRAFFIC SIGNAL,DAWN,CLEAR,WET
13984,35327388,MONROE,Rochester,1,,N,43.1495929,-77.5530227,7/9/14,14:30,INJURY,1,0,2,COLLISION WITH MOTOR VEHICLE,LEFT TURN (WITH OTHER CAR),NONE,DAYLIGHT,CLEAR,DRY
13984,34784838,MONROE,Rochester,1,,N,43.1844272,-77.5974386,5/18/13,20:03,INJURY,1,0,1,COLLISION WITH PEDESTRIAN,OTHER,NONE,DUSK,CLEAR,DRY
13984,35281758,MONROE,Rochester,1,,Y,43.2517020,-77.6133240,6/4/14,9:17,PROPERTY DAMAGE AND INJURY,1,0,2,COLLISION WITH MOTOR VEHICLE,SIDESWIPE,TRAFFIC SIGNAL,DAYLIGHT,CLEAR,DRY
13984,35386439,MONROE,Henrietta,3,252 43011086,N,43.0871470,-77.6049680,9/3/14,9:45,PROPERTY DAMAGE AND INJURY,2,0,2,COLLISION WITH MOTOR VEHICLE,REAR END,TRAFFIC SIGNAL,DAYLIGHT,CLEAR,DRY
13984,34746616,MONROE,Brighton,3, 31 43033019,N,43.1148440,-77.5520960,4/23/13,14:20,PROPERTY DAMAGE AND INJURY,1,0,3,COLLISION WITH MOTOR VEHICLE,OTHER,TRAFFIC SIGNAL,DAYLIGHT,CLEAR,DRY
13984,35008468,MONROE,Webster,3,,N,43.2047971,-77.4697577,11/16/13,15:35,INJURY,1,0,1,COLLISION WITH PEDESTRIAN,OTHER,NONE,DAYLIGHT,CLEAR,DRY
13984,35528457,MONROE,Rochester,1,,N,43.1800130,-77.5720220,12/22/14,16:57,PROPERTY DAMAGE AND INJURY,1,0,2,COLLISION WITH MOTOR VEHICLE,REAR END,NONE,DARK-ROAD LIGHTED,CLEAR,DRY
13984,35255573,MONROE,Rochester,1,,Y,43.1718520,-77.5937070,5/10/14,12:29,PROPERTY DAMAGE AND INJURY,2,0,2,COLLISION WITH MOTOR VEHICLE,RIGHT ANGLE,STOP SIGN,DAYLIGHT,CLEAR,DRY
13984,34949938,MONROE,Rochester,1,,Y,43.1530920,-77.6198600,10/4/13,10:22,INJURY,1,0,2,COLLISION WITH MOTOR VEHICLE,RIGHT ANGLE,TRAFFIC SIGNAL,DAYLIGHT,CLOUDY,WET
13984,35050992,MONROE,Penfield,3,441 43011041,N,43.1312249,-77.4632151,12/18/13,17:15,PROPERTY DAMAGE AND INJURY,1,0,2,COLLISION WITH MOTOR VEHICLE,REAR END,TRAFFIC SIGNAL,DAYLIGHT,CLOUDY,DRY
13984,35076735,MONROE,Pittsford,3, 65 43031112,N,43.0893959,-77.5433834,1/8/14,8:22,PROPERTY DAMAGE AND INJURY,1,0,2,COLLISION WITH MOTOR VEHICLE,RIGHT ANGLE,NO PASSING ZONE,DAYLIGHT,CLOUDY,SNOW/ICE
13984,35373913,MONROE,Greece,3,,N,43.2147206,-77.7527630,8/17/14,21:00,PROPERTY DAMAGE AND INJURY,1,0,1,COLLISION WITH DEER,OTHER,NONE,DARK-ROAD LIGHTED,CLEAR,DRY
13984,34697872,MONROE,Perinton,3, 31 43033085,N,43.0692881,-77.4423657,3/15/13,8:41,PROPERTY DAMAGE AND INJURY,2,0,2,COLLISION WITH MOTOR VEHICLE,LEFT TURN (AGAINST OTHER CAR),TRAFFIC SIGNAL,DAYLIGHT,CLOUDY,DRY
13984,34741210,MONROE,Greece,3,104 43031160,Y,43.2088978,-77.6900996,4/18/13,15:02,PROPERTY DAMAGE AND INJURY,1,0,2,COLLISION WITH MOTOR VEHICLE,HEAD ON,TRAFFIC SIGNAL,DAYLIGHT,CLEAR,DRY
13984,35260034,MONROE,Irondequoit,3,,N,43.1751902,-77.5551380,5/11/14,19:13,INJURY,1,0,2,COLLISION WITH OTHER PEDESTRIAN,OTHER,NONE,DARK-ROAD LIGHTED,CLEAR,DRY
13984,34971061,MONROE,Rochester,1,,Y,43.1864530,-77.6137910,10/14/13,7:23,PROPERTY DAMAGE AND INJURY,1,0,3,COLLISION WITH MOTOR VEHICLE,OTHER,TRAFFIC SIGNAL,DAWN,RAIN,WET
13984,34930274,MONROE,Rochester,1,383 43012000,N,43.1234100,-77.6449942,9/18/13,16:44,PROPERTY DAMAGE AND INJURY,3,0,3,COLLISION WITH MOTOR VEHICLE,OTHER,NONE,DAYLIGHT,CLEAR,DRY
13984,34863031,MONROE,Rochester,1,,N,43.1687756,-77.6386220,7/24/13,4:34,PROPERTY DAMAGE AND INJURY,1,0,1,COLLISION WITH BUILDING/WALL,OTHER,NONE,DARK-ROAD LIGHTED,CLEAR,DRY
13984,34784371,MONROE,Riga,3, 33A43021039,Y,43.0695290,-77.8598171,5/7/13,22:20,PROPERTY DAMAGE AND INJURY,1,0,3,COLLISION WITH TREE,OTHER,STOP SIGN,DARK-ROAD LIGHTED,CLEAR,DRY
13984,34985019,MONROE,Brighton,3, 15A43041128,N,43.1075932,-77.6159180,10/31/13,7:05,PROPERTY DAMAGE AND INJURY,1,0,2,COLLISION WITH MOTOR VEHICLE,REAR END,TRAFFIC SIGNAL,DARK-ROAD LIGHTED,RAIN,WET
13984,35290098,MONROE,Rochester,1, 31 43032008,Y,43.1646580,-77.6595560,6/10/14,16:07,PROPERTY DAMAGE AND INJURY,1,0,2,COLLISION WITH MOTOR VEHICLE,REAR END,TRAFFIC SIGNAL,DAYLIGHT,CLEAR,DRY
13984,35047795,MONROE,Greece,3,,N,43.1825974,-77.6949656,12/12/13,21:09,PROPERTY DAMAGE AND INJURY,1,0,1,COLLISION WITH TREE,OTHER,NONE,DARK-ROAD LIGHTED,SNOW,SNOW/ICE
13984,35523135,MONROE,Perinton,3,,N,43.0395965,-77.4584030,12/22/14,17:32,PROPERTY DAMAGE AND INJURY,1,0,3,COLLISION WITH MOTOR VEHICLE,OTHER,TRAFFIC SIGNAL,DARK-ROAD LIGHTED,CLEAR,DRY
13984,35355886,MONROE,Rochester,1,,N,43.1618690,-77.5927670,7/30/14,19:47,INJURY,1,0,1,COLLISION WITH BICYCLIST,OTHER,NONE,DAYLIGHT,CLEAR,DRY
13984,35248232,MONROE,Webster,3,404 43035084,Y,43.2086200,-77.4609770,3/29/14,22:30,INJURY,1,0,2,COLLISION WITH MOTOR VEHICLE,REAR END,UNKNOWN,UNKNOWN,UNKNOWN,UNKNOWN
13984,34805755,MONROE,Rochester,1,,Y,43.1753390,-77.5988280,4/23/13,9:33,INJURY,1,0,1,COLLISION WITH BICYCLIST,OTHER,TRAFFIC SIGNAL,DAYLIGHT,CLEAR,DRY
13984,34790635,MONROE,Rochester,1,,Y,43.1244720,-77.6215990,5/29/13,16:13,INJURY,1,0,1,COLL. W/LIGHT SUPPORT/UTILITY POLE,OTHER,TRAFFIC SIGNAL,DAYLIGHT,CLEAR,DRY
13984,35041871,MONROE,Greece,3, 18 43031220,Y,43.2311670,-77.6468900,11/13/13,10:56,INJURY,2,0,2,COLLISION WITH MOTOR VEHICLE,REAR END,TRAFFIC SIGNAL,DAYLIGHT,CLOUDY,DRY
13984,35282580,MONROE,Penfield,3,,N,43.1824127,-77.4949454,6/6/14,7:48,INJURY,1,0,1,COLLISION WITH PEDESTRIAN,OTHER,NONE,DAYLIGHT,CLEAR,DRY
13984,34937493,MONROE,Rochester,1,,Y,43.1420070,-77.6043810,9/22/13,14:56,INJURY,1,0,2,COLLISION WITH MOTOR VEHICLE,RIGHT ANGLE,TRAFFIC SIGNAL,DAYLIGHT,CLOUDY,DRY
13984,35051944,MONROE,Greece,3,386 43011027,N,43.2144240,-77.7318019,12/18/13,16:02,INJURY,1,0,2,COLLISION WITH MOTOR VEHICLE,REAR END,TRAFFIC SIGNAL,DAYLIGHT,CLOUDY,WET
13984,35457731,MONROE,Greece,3,,N,43.2100319,-77.6962156,10/28/14,19:10,INJURY,1,0,2,COLLISION WITH MOTOR VEHICLE,OVERTAKING,NONE,DARK-ROAD LIGHTED,RAIN,WET
13984,35265828,MONROE,Greece,3,,Y,43.2366770,-77.6508640,5/19/14,15:29,PROPERTY DAMAGE AND INJURY,1,0,2,COLLISION WITH MOTOR VEHICLE,RIGHT ANGLE,STOP SIGN,DAYLIGHT,CLOUDY,DRY
13984,35254732,MONROE,Greece,3,,Y,43.2113340,-77.6952410,3/14/14,18:30,PROPERTY DAMAGE AND INJURY,1,0,2,COLLISION WITH MOTOR VEHICLE,UNKNOWN,UNKNOWN,UNKNOWN,UNKNOWN,UNKNOWN
13984,35371524,MONROE,Gates,3,390I43037014,N,43.1467126,-77.6757553,8/12/14,17:21,PROPERTY DAMAGE AND INJURY,1,0,2,COLLISION WITH MOTOR VEHICLE,REAR END,NONE,DAYLIGHT,CLOUDY,DRY
13984,34867768,MONROE,Penfield,3,286 43011034,N,43.1535050,-77.4753274,7/25/13,12:07,INJURY,1,0,2,COLLISION WITH MOTOR VEHICLE,LEFT TURN (AGAINST OTHER CAR),TRAFFIC SIGNAL,DAYLIGHT,CLEAR,DRY
13984,34954060,MONROE,Rochester,1,383 43012027,Y,43.1530810,-77.6113950,9/23/13,12:42,PROPERTY DAMAGE AND INJURY,1,0,2,COLLISION WITH MOTOR VEHICLE,OVERTAKING,NONE,DAYLIGHT,CLOUDY,DRY
13984,34835665,MONROE,Greece,3,,Y,43.2417700,-77.6291180,5/20/13,17:03,PROPERTY DAMAGE AND INJURY,1,0,2,COLLISION WITH MOTOR VEHICLE,RIGHT ANGLE,STOP SIGN,DAYLIGHT,CLEAR,DRY
13984,35213809,MONROE,Rochester,1,,Y,43.1715140,-77.5599020,1/16/14,8:03,INJURY,1,0,1,COLLISION WITH PEDESTRIAN,OTHER,TRAFFIC SIGNAL,DAYLIGHT,CLEAR,DRY
13984,34950009,MONROE,Brighton,3, 15A43041128,N,43.1080070,-77.6159370,10/4/13,21:35,INJURY,1,0,2,COLLISION WITH MOTOR VEHICLE,LEFT TURN (AGAINST OTHER CAR),TRAFFIC SIGNAL,DARK-ROAD LIGHTED,CLOUDY,WET
13984,34728224,MONROE,Rochester,1,,Y,43.1876260,-77.5762890,4/9/13,17:00,INJURY,1,0,5,COLLISION WITH MOTOR VEHICLE,OTHER,TRAFFIC SIGNAL,DAYLIGHT,CLOUDY,DRY
13984,35263108,MONROE,Rochester,1,,Y,43.1565729,-77.6090025,5/18/14,10:58,PROPERTY DAMAGE AND INJURY,2,0,2,COLLISION WITH MOTOR VEHICLE,RIGHT ANGLE,NONE,DAYLIGHT,CLEAR,DRY
13984,34887691,MONROE,Rochester,1,,Y,43.2006830,-77.5617120,8/14/13,17:30,INJURY,1,0,1,COLLISION WITH BICYCLIST,OTHER,STOP SIGN,DAYLIGHT,CLEAR,DRY
13984,35515581,MONROE,Rochester,1,940M43011019,Y,43.1914329,-77.6295919,12/16/14,16:09,INJURY,1,0,2,COLLISION WITH MOTOR VEHICLE,REAR END,NONE,DUSK,RAIN,WET
13984,34837097,MONROE,Chili,3,383 43011150,N,43.1177913,-77.6582672,6/27/13,14:49,INJURY,1,0,2,COLLISION WITH MOTOR VEHICLE,REAR END,TRAFFIC SIGNAL,DAYLIGHT,CLOUDY,DRY
13984,35488465,MONROE,Greece,3,,N,43.2384553,-77.6955228,11/24/14,9:45,PROPERTY DAMAGE AND INJURY,1,0,2,COLLISION WITH MOTOR VEHICLE,REAR END,NONE,DAYLIGHT,CLEAR,WET
13984,34987623,MONROE,Rochester,1,,Y,43.1565990,-77.6088960,10/20/13,12:14,INJURY,1,0,2,COLLISION WITH MOTOR VEHICLE,REAR END,TRAFFIC SIGNAL,DAYLIGHT,CLEAR,DRY
13984,35352566,MONROE,Webster,3,,N,43.2142700,-77.4612459,8/3/14,13:18,INJURY,1,0,2,COLLISION WITH MOTOR VEHICLE,REAR END,YIELD SIGN,DAYLIGHT,CLEAR,DRY
13984,34883467,MONROE,Rochester,1, 15 43032019,Y,43.1411570,-77.6132710,8/7/13,21:08,INJURY,1,0,2,COLLISION WITH MOTOR VEHICLE,RIGHT ANGLE,TRAFFIC SIGNAL,DARK-ROAD LIGHTED,CLEAR,DRY
13984,35447418,MONROE,Pittsford,3, 31F43011007,Y,43.1104897,-77.5064548,10/25/14,22:19,INJURY,1,0,1,COLLISION WITH PEDESTRIAN,OTHER,TRAFFIC SIGNAL,DARK-ROAD UNLIGHTED,CLOUDY,DRY
13984,34824401,MONROE,Brighton,3, 15A43041128,N,43.1078220,-77.6159310,6/23/13,19:56,PROPERTY DAMAGE AND INJURY,1,0,2,COLLISION WITH MOTOR VEHICLE,LEFT TURN (AGAINST OTHER CAR),TRAFFIC SIGNAL,DAYLIGHT,CLEAR,DRY
13984,34770525,MONROE,Greece,3,,N,43.2022464,-77.6667868,5/11/13,15:40,PROPERTY DAMAGE AND INJURY,1,0,1,COLLISION WITH TREE,OTHER,NONE,DAYLIGHT,CLOUDY,OTHER
13984,35218286,MONROE,Rochester,1,,N,43.1370420,-77.5529980,4/3/14,11:37,PROPERTY DAMAGE AND INJURY,1,0,1,COLLISION WITH TREE,OTHER,NONE,DAYLIGHT,CLEAR,DRY
13984,34740037,MONROE,Brighton,3,,N,43.1166944,-77.5482320,4/18/13,9:55,INJURY,1,0,1,COLLISION WITH PEDESTRIAN,OTHER,NONE,DAYLIGHT,CLOUDY,DRY
13984,34946902,MONROE,Rochester,1,,Y,43.1386130,-77.6583580,9/18/13,20:39,PROPERTY DAMAGE AND INJURY,3,0,2,COLLISION WITH MOTOR VEHICLE,LEFT TURN (WITH OTHER CAR),STOP SIGN,DARK-ROAD LIGHTED,CLEAR,DRY
13984,34925560,MONROE,Brockport,4, 19 43041060,N,43.2177249,-77.9378364,9/7/13,12:01,INJURY,1,0,2,COLLISION WITH MOTOR VEHICLE,REAR END,NONE,DAYLIGHT,CLOUDY,DRY
13984,34898396,MONROE,Rochester,1,383 43012014,Y,43.1372020,-77.6256830,8/20/13,18:02,INJURY,1,0,3,COLLISION WITH MOTOR VEHICLE,OTHER,TRAFFIC SIGNAL,DAYLIGHT,CLEAR,DRY
13984,34930238,MONROE,Rochester,1,940M43011000,Y,43.1650870,-77.6236150,9/18/13,12:35,PROPERTY DAMAGE AND INJURY,1,0,2,COLLISION WITH MOTOR VEHICLE,RIGHT ANGLE,NONE,DAYLIGHT,CLEAR,DRY
13984,35307391,MONROE,Ogden,3,,N,43.1827305,-77.7535001,6/26/14,13:15,INJURY,1,0,2,COLLISION WITH MOTOR VEHICLE,OVERTAKING,NO PASSING ZONE,DAYLIGHT,CLEAR,DRY
13984,35147174,MONROE,Rochester,1, 31 43032004,Y,43.1646760,-77.6687809,2/20/14,14:00,PROPERTY DAMAGE AND INJURY,1,0,2,COLLISION WITH MOTOR VEHICLE,LEFT TURN (AGAINST OTHER CAR),NONE,DAYLIGHT,CLOUDY,DRY
13984,35091446,MONROE,Gates,3,386 43011121,Y,43.1747690,-77.7323590,1/17/14,18:46,INJURY,1,0,3,COLLISION WITH MOTOR VEHICLE,OTHER,TRAFFIC SIGNAL,DARK-ROAD LIGHTED,CLEAR,DRY