QUERYID,CASE #,REGN_CNTY_CDE,Municipality,MUNITYPE,REF_MRKR,ATINTERSECTION_IND,Lat,Long,,Time,Crash Type,Injuries,Fatalities,Number of Vehicles,ACCD_TYP,COLLISION_TYP,TRAF_CNTL,Light Condition,Weather Condition,Road Surface Condition
13984,35256955,MONROE,Rochester,1,,Y,43.1417629,-77.5948168,5/9/14,13:00,PROPERTY DAMAGE AND INJURY,1,0,2,COLLISION WITH MOTOR VEHICLE,LEFT TURN (WITH OTHER CAR),TRAFFIC SIGNAL,DAYLIGHT,CLEAR,DRY
13984,34907220,MONROE,Rochester,1,,N,43.1584290,-77.6138613,8/29/13,15:09,INJURY,1,0,2,COLLISION WITH BICYCLIST,OTHER,TRAFFIC SIGNAL,DAYLIGHT,CLEAR,DRY
13984,35454544,MONROE,Greece,3, 18 43031224,N,43.2264945,-77.6443232,11/2/14,13:01,INJURY,2,0,3,COLLISION WITH MOTOR VEHICLE,OTHER,NONE,DAYLIGHT,CLEAR,DRY
13984,35312767,MONROE,Rochester,1,,Y,43.1597290,-77.5662550,6/26/14,20:01,INJURY,1,0,2,COLLISION WITH MOTOR VEHICLE,REAR END,TRAFFIC SIGNAL,DAYLIGHT,CLEAR,DRY
13984,35215361,MONROE,Greece,3,,N,43.2056525,-77.6691780,3/28/14,13:22,PROPERTY DAMAGE AND INJURY,1,0,3,COLLISION WITH MOTOR VEHICLE,OTHER,NONE,DAYLIGHT,CLOUDY,WET
13984,35252193,MONROE,Hamlin,3,,Y,43.3397659,-77.8098820,5/8/14,16:18,PROPERTY DAMAGE AND INJURY,2,0,2,COLLISION WITH MOTOR VEHICLE,RIGHT ANGLE,YIELD SIGN,DAYLIGHT,CLEAR,DRY
13984,35101875,MONROE,Rochester,1,,N,43.1357420,-77.6091519,1/23/14,13:13,INJURY,1,0,2,COLLISION WITH MOTOR VEHICLE,OTHER,OTHER,DAYLIGHT,SNOW,SNOW/ICE
13984,34846099,MONROE,Ogden,3,,Y,43.1796030,-77.8746000,7/10/13,14:10,PROPERTY DAMAGE AND INJURY,1,0,1,COLL. W/LIGHT SUPPORT/UTILITY POLE,OTHER,STOP SIGN,DAYLIGHT,CLOUDY,DRY
13984,34892924,MONROE,Hamlin,3, 19 43041111,N,43.2878901,-77.9209783,8/18/13,18:21,PROPERTY DAMAGE AND INJURY,1,0,1,COLL. W/EARTH ELE./ROCK CUT/DITCH,OTHER,NONE,DAYLIGHT,CLOUDY,DRY
13984,34958770,MONROE,Henrietta,3,252 43011099,Y,43.0872220,-77.5782800,10/11/13,0:17,INJURY,1,0,1,COLLISION WITH PEDESTRIAN,OTHER,NONE,DARK-ROAD LIGHTED,CLEAR,DRY
13984,34872258,MONROE,Henrietta,3,,N,43.0514190,-77.6924348,7/16/13,8:00,PROPERTY DAMAGE AND INJURY,2,0,2,COLLISION WITH MOTOR VEHICLE,RIGHT ANGLE,STOP SIGN,DAYLIGHT,CLEAR,DRY
13984,35507608,MONROE,Gates,3,,Y,43.1709140,-77.7173640,12/2/14,14:58,PROPERTY DAMAGE AND INJURY,1,0,1,COLLISION WITH TREE,OTHER,NONE,DAYLIGHT,CLEAR,DRY
13984,34748596,MONROE,Gates,3,490I43021151,N,43.1446532,-77.7179733,4/19/13,15:35,INJURY,1,0,1,OVERTURNED,OTHER,NONE,DAYLIGHT,CLOUDY,DRY
13984,34996791,MONROE,Brighton,3, 96 43051099,N,43.1405342,-77.5442221,11/8/13,14:31,INJURY,1,0,2,COLLISION WITH OTHER PEDESTRIAN,OTHER,NONE,DAYLIGHT,CLOUDY,DRY
13984,34906284,MONROE,Greece,3,,N,43.2313012,-77.6967470,8/28/13,17:13,PROPERTY DAMAGE AND INJURY,1,0,3,COLLISION WITH MOTOR VEHICLE,OTHER,TRAFFIC SIGNAL,DAYLIGHT,CLEAR,DRY
13984,35090940,MONROE,Gates,3,390I43037007,N,43.1390385,-77.6679023,1/1/14,21:27,PROPERTY DAMAGE AND INJURY,1,0,1,COLLISION WITH GUIDE RAIL,OTHER,NONE,DARK-ROAD LIGHTED,SNOW,SNOW/ICE
13984,35226407,MONROE,Rochester,1,,N,43.1852600,-77.6451501,4/8/14,7:23,PROPERTY DAMAGE AND INJURY,1,0,2,COLLISION WITH MOTOR VEHICLE,OVERTAKING,NONE,DAYLIGHT,RAIN,WET
13984,35496644,MONROE,Rochester,1,490I43022022,N,43.1565613,-77.6300995,11/25/14,18:28,PROPERTY DAMAGE AND INJURY,1,0,2,COLLISION WITH MOTOR VEHICLE,OVERTAKING,NONE,DARK-ROAD LIGHTED,RAIN,WET
13984,34910341,MONROE,Penfield,3,250 43011067,N,43.1318230,-77.4413858,8/31/13,11:20,PROPERTY DAMAGE AND INJURY,2,0,2,COLLISION WITH MOTOR VEHICLE,RIGHT ANGLE,NONE,DAYLIGHT,CLOUDY,DRY
13984,35161613,MONROE,Ogden,3,,Y,43.1715530,-77.7741050,3/3/14,7:20,PROPERTY DAMAGE AND INJURY,1,0,3,COLLISION WITH MOTOR VEHICLE,OTHER,STOP SIGN,DAYLIGHT,SNOW,SNOW/ICE
13984,35344937,MONROE,Rochester,1,,Y,43.1776470,-77.5847991,7/25/14,16:20,INJURY,1,0,2,COLLISION WITH MOTOR VEHICLE,OTHER,STOP SIGN,DAYLIGHT,CLEAR,DRY
13984,35324610,MONROE,Gates,3, 33 43031117,N,43.1454790,-77.7172841,7/11/14,16:47,INJURY,1,0,1,RAN OFF ROAD ONLY,OTHER,NONE,DAYLIGHT,CLEAR,DRY
13984,34683791,MONROE,Wheatland,3,,N,42.9900150,-77.7778013,3/2/13,0:25,PROPERTY DAMAGE AND INJURY,1,0,1,COLL. W/EARTH ELE./ROCK CUT/DITCH,OTHER,NONE,DARK-ROAD UNLIGHTED,SNOW,SNOW/ICE
13984,34962233,MONROE,Henrietta,3, 15A43041100,Y,43.0686770,-77.6077280,10/11/13,15:52,PROPERTY DAMAGE AND INJURY,1,0,2,COLLISION WITH MOTOR VEHICLE,RIGHT ANGLE,TRAFFIC SIGNAL,DAYLIGHT,CLEAR,DRY
13984,35156927,MONROE,Gates,3, 31 43031174,Y,43.1695350,-77.7015490,2/27/14,21:08,PROPERTY DAMAGE AND INJURY,1,0,2,COLLISION WITH MOTOR VEHICLE,RIGHT TURN (WITH OTHER CAR),TRAFFIC SIGNAL,DARK-ROAD LIGHTED,SNOW,SNOW/ICE
13984,35571794,MONROE,Irondequoit,3,,Y,43.1908340,-77.5774490,10/24/14,7:41,FATAL,1,1,2,COLLISION WITH MOTOR VEHICLE,RIGHT ANGLE,STOP SIGN,DAYLIGHT,CLEAR,DRY
13984,34862999,MONROE,Rochester,1,,Y,43.1438760,-77.6421370,7/22/13,15:05,PROPERTY DAMAGE AND INJURY,3,0,2,COLLISION WITH MOTOR VEHICLE,RIGHT ANGLE,STOP SIGN,DAYLIGHT,CLOUDY,DRY
13984,34915231,MONROE,Greece,3,,Y,43.2197770,-77.6476610,8/11/13,16:55,INJURY,1,0,1,COLLISION WITH PEDESTRIAN,OTHER,NONE,DAYLIGHT,CLEAR,DRY
13984,35518784,MONROE,Rush,3,390I43031010,N,42.9539581,-77.6971679,11/30/14,17:53,INJURY,1,0,1,COLLISION WITH DEER,OTHER,NONE,DARK-ROAD UNLIGHTED,CLEAR,DRY
13984,35411791,MONROE,Pittsford,3, 64 43021073,N,43.0451523,-77.5175946,9/24/14,8:25,PROPERTY DAMAGE AND INJURY,2,0,3,COLLISION WITH MOTOR VEHICLE,OTHER,STOPPED SCHOOL BUS W/RED LIGHT FLSH,DAYLIGHT,CLEAR,DRY
13984,34743494,MONROE,Henrietta,3,,N,43.0804880,-77.6668004,4/20/13,17:13,INJURY,1,0,1,COLL. W/EARTH ELE./ROCK CUT/DITCH,OTHER,NONE,DAYLIGHT,CLEAR,DRY
13984,35290092,MONROE,Rochester,1,,N,43.1479563,-77.6436284,6/6/14,7:05,INJURY,1,0,1,COLLISION WITH PEDESTRIAN,OTHER,NONE,DAYLIGHT,CLOUDY,DRY
13984,34910323,MONROE,Rochester,1,,Y,43.1897850,-77.5842550,9/3/13,19:48,PROPERTY DAMAGE AND INJURY,1,0,2,COLLISION WITH MOTOR VEHICLE,RIGHT ANGLE,STOP SIGN,DAYLIGHT,CLEAR,DRY
13984,34792806,MONROE,Irondequoit,3,590 43013000,N,43.1675131,-77.5387079,5/26/13,21:26,PROPERTY DAMAGE AND INJURY,3,0,3,COLLISION WITH MOTOR VEHICLE,OTHER,NONE,DARK-ROAD LIGHTED,CLEAR,DRY
13984,34857574,MONROE,Rochester,1,,Y,43.1785970,-77.6106710,7/10/13,14:20,INJURY,1,0,1,COLLISION WITH BICYCLIST,OTHER,NONE,DAYLIGHT,CLEAR,DRY
13984,35147468,MONROE,Rochester,1,,Y,43.1714840,-77.6004949,12/30/13,21:30,INJURY,1,0,2,COLLISION WITH BICYCLIST,OTHER,NONE,DARK-ROAD LIGHTED,CLOUDY,UNKNOWN
13984,35263147,MONROE,Sweden,3,,N,43.1799603,-77.8952012,5/18/14,8:00,INJURY,1,0,1,COLLISION WITH DEER,OTHER,NONE,DAYLIGHT,CLEAR,DRY
13984,35245570,MONROE,Penfield,3,404 43035051,Y,43.1823990,-77.5078670,5/1/14,14:46,PROPERTY DAMAGE AND INJURY,2,0,2,COLLISION WITH MOTOR VEHICLE,LEFT TURN (WITH OTHER CAR),TRAFFIC SIGNAL,DAYLIGHT,CLOUDY,DRY
13984,35030848,MONROE,Rochester,1,940K43011003,N,43.1566020,-77.6594280,12/4/13,8:26,INJURY,1,0,2,COLLISION WITH MOTOR VEHICLE,REAR END,YIELD SIGN,DAYLIGHT,RAIN,WET
13984,35265909,MONROE,Rochester,1,,N,43.1873260,-77.5742860,5/17/14,9:25,PROPERTY DAMAGE AND INJURY,2,0,2,COLLISION WITH MOTOR VEHICLE,REAR END,NONE,DAYLIGHT,CLEAR,DRY
13984,34682969,MONROE,Rochester,1, 15 43032012,Y,43.1305120,-77.6143010,3/1/13,18:32,INJURY,2,0,2,COLLISION WITH MOTOR VEHICLE,REAR END,TRAFFIC SIGNAL,DARK-ROAD LIGHTED,CLOUDY,DRY
13984,34883472,MONROE,Rochester,1,,N,43.1768411,-77.5577334,7/30/13,14:07,PROPERTY DAMAGE AND INJURY,1,0,2,COLLISION WITH MOTOR VEHICLE,RIGHT ANGLE,NONE,DAYLIGHT,CLEAR,DRY
13984,35267202,MONROE,Parma,3,104 43031121,Y,43.2187610,-77.7668500,5/13/14,15:40,PROPERTY DAMAGE AND INJURY,1,0,2,COLLISION WITH MOTOR VEHICLE,RIGHT ANGLE,STOP SIGN,DAYLIGHT,CLEAR,DRY
13984,35195376,MONROE,Henrietta,3,,N,43.0848304,-77.6064599,3/26/14,15:05,INJURY,1,0,2,COLLISION WITH MOTOR VEHICLE,LEFT TURN (WITH OTHER CAR),TRAFFIC SIGNAL,DAYLIGHT,CLOUDY,DRY
13984,35423688,MONROE,Brighton,3,,N,43.1119740,-77.6245947,10/7/14,9:34,INJURY,1,0,2,COLLISION WITH MOTOR VEHICLE,REAR END,NONE,DAYLIGHT,CLEAR,DRY
13984,35509288,MONROE,Perinton,3,,N,43.0790581,-77.4520832,12/9/14,22:58,INJURY,1,0,1,COLLISION WITH DEER,OTHER,NONE,DARK-ROAD UNLIGHTED,CLEAR,DRY
13984,34852171,MONROE,Gates,3,,N,43.1780291,-77.6853664,7/15/13,19:32,INJURY,1,0,2,COLLISION WITH MOTOR VEHICLE,OVERTAKING,NONE,DAYLIGHT,CLEAR,DRY
13984,35004598,MONROE,Webster,3,,N,43.2073537,-77.4651956,11/14/13,15:30,INJURY,1,0,1,COLLISION WITH PEDESTRIAN,OTHER,NONE,DAYLIGHT,CLEAR,DRY
13984,35403411,MONROE,Rochester,1,,Y,43.1552690,-77.6540980,9/12/14,13:15,PROPERTY DAMAGE AND INJURY,1,0,2,COLLISION WITH MOTOR VEHICLE,LEFT TURN (AGAINST OTHER CAR),TRAFFIC SIGNAL,DAYLIGHT,CLOUDY,DRY
13984,35399000,MONROE,Rochester,1,,Y,43.2019420,-77.6279100,8/23/14,12:41,PROPERTY DAMAGE AND INJURY,2,0,2,COLLISION WITH MOTOR VEHICLE,HEAD ON,TRAFFIC SIGNAL,DAYLIGHT,CLEAR,DRY
13984,35569271,MONROE,Rochester,1,940T43011010,N,43.1618083,-77.6040063,11/20/14,22:20,PROPERTY DAMAGE AND INJURY,1,0,1,COLLISION WITH GUIDE RAIL,OTHER,NONE,DARK-ROAD LIGHTED,CLOUDY,DRY
13984,35119130,MONROE,Penfield,3,,N,43.1696813,-77.4749760,1/28/14,18:15,PROPERTY DAMAGE AND INJURY,1,0,1,COLLISION WITH DEER,OTHER,NONE,DARK-ROAD UNLIGHTED,CLEAR,SNOW/ICE
13984,34854587,MONROE,Spencerport,4,,N,43.1912122,-77.7987073,7/15/13,16:30,PROPERTY DAMAGE AND INJURY,1,0,2,COLLISION WITH MOTOR VEHICLE,RIGHT TURN (AGAINST OTHER CAR),STOP SIGN,DAYLIGHT,CLEAR,DRY
13984,34750057,MONROE,Rochester,1,,Y,43.1844360,-77.6388740,4/13/13,0:22,PROPERTY DAMAGE AND INJURY,1,0,2,COLLISION WITH MOTOR VEHICLE,LEFT TURN (WITH OTHER CAR),NONE,DARK-ROAD LIGHTED,CLOUDY,DRY
13984,34762926,MONROE,Irondequoit,3,,N,43.2061638,-77.5494022,5/5/13,20:12,INJURY,1,0,2,COLLISION WITH MOTOR VEHICLE,REAR END,NONE,DUSK,CLEAR,DRY
13984,35068098,MONROE,East Rochester,4,,N,43.1104525,-77.5021297,1/2/14,17:26,PROPERTY DAMAGE AND INJURY,1,0,1,COLL. W/LIGHT SUPPORT/UTILITY POLE,OTHER,NONE,DARK-ROAD LIGHTED,SNOW,SNOW/ICE
13984,35469329,MONROE,Brighton,3,441 43011103,N,43.1293060,-77.5247420,11/13/14,17:14,PROPERTY DAMAGE AND INJURY,1,0,2,COLLISION WITH MOTOR VEHICLE,SIDESWIPE,TRAFFIC SIGNAL,DARK-ROAD LIGHTED,SNOW,WET
13984,35402424,MONROE,Gates,3, 31 43031181,N,43.1647016,-77.6893332,9/17/14,11:13,PROPERTY DAMAGE AND INJURY,1,0,1,OVERTURNED,OTHER,NONE,DAYLIGHT,CLOUDY,DRY
13984,35494040,MONROE,Rochester,1, 31 43032017,Y,43.1646320,-77.6413559,11/25/14,10:15,INJURY,1,0,2,COLLISION WITH MOTOR VEHICLE,REAR END,NONE,DAYLIGHT,CLOUDY,DRY
13984,35468506,MONROE,Greece,3,104 43031155,Y,43.2101480,-77.7033860,11/10/14,13:13,INJURY,1,0,2,COLLISION WITH MOTOR VEHICLE,REAR END,TRAFFIC SIGNAL,DAYLIGHT,CLEAR,DRY
13984,35190587,MONROE,Brighton,3, 15A43041120,N,43.0957690,-77.6123007,3/20/14,13:07,INJURY,1,0,2,COLLISION WITH MOTOR VEHICLE,REAR END,NONE,DAYLIGHT,RAIN,WET
13984,34786323,MONROE,Rochester,1, 31 43032009,N,43.1646560,-77.6586506,5/16/13,19:47,INJURY,1,0,2,COLLISION WITH MOTOR VEHICLE,REAR END,TRAFFIC SIGNAL,DUSK,CLEAR,DRY
13984,35490403,MONROE,Rochester,1,,Y,43.1578410,-77.6146460,11/21/14,17:08,INJURY,1,0,1,COLLISION WITH PEDESTRIAN,OTHER,TRAFFIC SIGNAL,DUSK,CLEAR,DRY
13984,34834685,MONROE,Greece,3,,N,43.2051448,-77.6660143,7/1/13,13:16,PROPERTY DAMAGE AND INJURY,1,0,2,COLLISION WITH MOTOR VEHICLE,REAR END,TRAFFIC SIGNAL,DAYLIGHT,RAIN,WET
13984,34911574,MONROE,Brighton,3, 15 43031122,Y,43.1051860,-77.6273130,9/4/13,8:34,PROPERTY DAMAGE AND INJURY,3,0,3,COLLISION WITH MOTOR VEHICLE,OTHER,NONE,DAYLIGHT,CLEAR,DRY
13984,35510846,MONROE,Penfield,3,,N,43.1337103,-77.4932906,12/12/14,14:30,PROPERTY DAMAGE AND INJURY,3,0,3,COLLISION WITH MOTOR VEHICLE,OTHER,NO PASSING ZONE,DAYLIGHT,CLOUDY,WET
13984,35287899,MONROE,Penfield,3,286 43011043,N,43.1604960,-77.4621040,6/2/14,21:40,PROPERTY DAMAGE AND INJURY,2,0,1,COLLISION WITH PEDESTRIAN,OTHER,NONE,DARK-ROAD UNLIGHTED,CLEAR,DRY
13984,35066294,MONROE,Rochester,1, 31 43032017,Y,43.1646310,-77.6422550,1/1/14,3:11,PROPERTY DAMAGE AND INJURY,1,0,2,COLLISION WITH MOTOR VEHICLE,RIGHT ANGLE,TRAFFIC SIGNAL,DARK-ROAD LIGHTED,CLEAR,DRY
13984,34738579,MONROE,Rochester,1,,Y,43.1821170,-77.5954840,4/14/13,16:52,PROPERTY DAMAGE AND INJURY,2,0,2,COLLISION WITH MOTOR VEHICLE,RIGHT ANGLE,OTHER,DAYLIGHT,CLEAR,DRY
13984,35442267,MONROE,Rochester,1,490I43022002,N,43.1574774,-77.6703462,10/23/14,8:44,PROPERTY DAMAGE AND INJURY,1,0,2,COLLISION WITH MOTOR VEHICLE,REAR END,NONE,DAYLIGHT,CLOUDY,DRY
13984,35164901,MONROE,Rochester,1,,N,43.1600536,-77.5684688,2/26/14,16:10,INJURY,1,0,2,COLLISION WITH MOTOR VEHICLE,REAR END,NONE,DAYLIGHT,CLEAR,DRY
13984,35065738,MONROE,Rochester,1, 31 43032009,N,43.1646524,-77.6578033,1/3/14,10:13,PROPERTY DAMAGE AND INJURY,2,0,2,COLLISION WITH MOTOR VEHICLE,HEAD ON,NONE,DAYLIGHT,SNOW,SNOW/ICE
13984,35213673,MONROE,Brighton,3,441 43011101,N,43.1290492,-77.5273229,4/8/14,17:14,PROPERTY DAMAGE AND INJURY,1,0,2,COLLISION WITH MOTOR VEHICLE,LEFT TURN (WITH OTHER CAR),TRAFFIC SIGNAL,DAYLIGHT,CLOUDY,WET
13984,35041484,MONROE,Rochester,1,,N,43.1752381,-77.5951749,12/9/13,18:47,INJURY,1,0,2,COLLISION WITH MOTOR VEHICLE,REAR END,TRAFFIC SIGNAL,DARK-ROAD LIGHTED,CLOUDY,DRY
13984,35123405,MONROE,Rochester,1, 96 43052026,Y,43.1551780,-77.5949499,2/5/14,9:28,INJURY,1,0,2,COLLISION WITH MOTOR VEHICLE,REAR END,NONE,DAYLIGHT,SNOW,SNOW/ICE
13984,35299933,MONROE,Greece,3,,Y,43.2193270,-77.6817070,6/20/14,6:51,INJURY,2,0,2,COLLISION WITH MOTOR VEHICLE,RIGHT ANGLE,STOP SIGN,DAYLIGHT,CLEAR,DRY
13984,35062320,MONROE,Gates,3, 33 43031130,Y,43.1498750,-77.6933230,12/31/13,11:34,PROPERTY DAMAGE AND INJURY,1,0,2,COLLISION WITH MOTOR VEHICLE,REAR END,TRAFFIC SIGNAL,DAYLIGHT,CLOUDY,WET
13984,35282696,MONROE,Rochester,1,,N,43.1369224,-77.5997000,6/2/14,21:36,INJURY,1,0,1,COLLISION WITH PEDESTRIAN,OTHER,NONE,DARK-ROAD LIGHTED,CLEAR,DRY
13984,35523557,MONROE,Greece,3,947A43021131,N,43.3323851,-77.7464586,12/13/14,20:12,PROPERTY DAMAGE AND INJURY,1,0,1,COLLISION WITH DEER,OTHER,NONE,DARK-ROAD UNLIGHTED,CLOUDY,WET
13984,35274049,MONROE,Henrietta,3,,Y,43.0687890,-77.5880979,5/28/14,16:42,PROPERTY DAMAGE AND INJURY,5,0,3,COLLISION WITH MOTOR VEHICLE,OTHER,TRAFFIC SIGNAL,DAYLIGHT,CLEAR,DRY
13984,35203570,MONROE,Greece,3, 18 43031196,Y,43.2528810,-77.6654150,3/7/14,11:21,PROPERTY DAMAGE AND INJURY,2,0,2,COLLISION WITH MOTOR VEHICLE,RIGHT ANGLE,TRAFFIC SIGNAL,DAYLIGHT,CLEAR,DRY
13984,35267956,MONROE,Henrietta,3, 15A43041110,Y,43.0827313,-77.6074292,5/15/14,13:11,INJURY,1,0,2,COLLISION WITH MOTOR VEHICLE,RIGHT ANGLE,TRAFFIC SIGNAL,DAYLIGHT,CLOUDY,DRY
13984,35052020,MONROE,Henrietta,3,252 43011083,N,43.0872620,-77.6092490,12/21/13,10:35,PROPERTY DAMAGE AND INJURY,2,0,3,COLLISION WITH MOTOR VEHICLE,OTHER,TRAFFIC SIGNAL,DAYLIGHT,RAIN,WET
13984,35529882,MONROE,Rochester,1, 31 43032047,N,43.1478568,-77.5959761,12/22/14,15:13,INJURY,1,0,2,COLLISION WITH MOTOR VEHICLE,REAR END,TRAFFIC SIGNAL,DAYLIGHT,CLOUDY,DRY
13984,34857594,MONROE,Rochester,1,,Y,43.1595750,-77.5954445,7/18/13,9:11,PROPERTY DAMAGE AND INJURY,1,0,1,COLLISION WITH BICYCLIST,OTHER,NONE,DAYLIGHT,CLEAR,DRY
13984,35352643,MONROE,Rochester,1,104 43032019,Y,43.1943940,-77.6266909,7/17/14,16:30,INJURY,1,0,1,COLLISION WITH PEDESTRIAN,OTHER,NONE,DAYLIGHT,CLEAR,DRY
13984,34788984,MONROE,Rochester,1,940M43011000,Y,43.1646390,-77.6232511,5/21/13,15:31,INJURY,1,0,3,COLLISION WITH MOTOR VEHICLE,OTHER,TRAFFIC SIGNAL,DAYLIGHT,CLEAR,DRY
13984,34736138,MONROE,Rochester,1,590I43012003,N,43.1427126,-77.5498331,4/2/13,7:30,PROPERTY DAMAGE AND INJURY,1,0,1,COLLISION WITH OTHER BARRIER,OTHER,NONE,DAYLIGHT,CLOUDY,SNOW/ICE
13984,35005314,MONROE,Rochester,1,,N,43.2193118,-77.6289886,11/12/13,6:13,INJURY,1,0,1,COLLISION WITH BUILDING/WALL,OTHER,NONE,DARK-ROAD LIGHTED,CLEAR,SNOW/ICE
13984,34960653,MONROE,Rochester,1,,Y,43.1714150,-77.5973130,9/24/13,16:22,PROPERTY DAMAGE AND INJURY,2,0,2,COLLISION WITH MOTOR VEHICLE,RIGHT ANGLE,OTHER,DAYLIGHT,CLEAR,DRY
13984,34810378,MONROE,Rochester,1,940T43011011,N,43.1622711,-77.6020179,6/13/13,9:17,PROPERTY DAMAGE AND INJURY,2,0,2,COLLISION WITH MOTOR VEHICLE,RIGHT ANGLE,NONE,DAYLIGHT,RAIN,FLOODED WATER
13984,34883858,MONROE,Rochester,1,,N,43.1913210,-77.6128560,8/11/13,2:03,PROPERTY DAMAGE AND INJURY,1,0,1,COLLISION WITH OTHER BARRIER,OTHER,HIGHWAY WORK AREA,DARK-ROAD LIGHTED,CLEAR,DRY
13984,35137097,MONROE,Gates,3, 33 43031121,Y,43.1470730,-77.7112370,2/15/14,19:58,PROPERTY DAMAGE AND INJURY,1,0,2,COLLISION WITH MOTOR VEHICLE,LEFT TURN (WITH OTHER CAR),TRAFFIC SIGNAL,DARK-ROAD LIGHTED,SNOW,SNOW/ICE
13984,34768194,MONROE,Rochester,1,,N,43.1597465,-77.5946898,4/30/13,21:01,PROPERTY DAMAGE AND INJURY,2,0,2,COLLISION WITH MOTOR VEHICLE,OVERTAKING,TRAFFIC SIGNAL,DARK-ROAD LIGHTED,CLEAR,DRY
13984,35260620,MONROE,Brighton,3, 31 43033022,N,43.1113077,-77.5481144,5/17/14,12:03,PROPERTY DAMAGE AND INJURY,1,0,2,COLLISION WITH MOTOR VEHICLE,LEFT TURN (AGAINST OTHER CAR),NONE,DAYLIGHT,CLOUDY,DRY
13984,34883277,MONROE,Webster,3,,N,43.2159738,-77.4466088,8/5/13,10:10,INJURY,2,0,2,COLLISION WITH MOTOR VEHICLE,LEFT TURN (WITH OTHER CAR),TRAFFIC SIGNAL,DAYLIGHT,CLEAR,DRY
13984,35371520,MONROE,Penfield,3,,N,43.1720040,-77.5042749,8/6/14,1:55,PROPERTY DAMAGE AND INJURY,1,0,1,OVERTURNED,OTHER,NONE,DARK-ROAD UNLIGHTED,CLEAR,DRY
13984,34952892,MONROE,Rochester,1,,N,43.1579172,-77.5410133,9/30/13,10:32,INJURY,1,0,2,COLLISION WITH MOTOR VEHICLE,REAR END,YIELD SIGN,DAYLIGHT,CLOUDY,DRY
13984,34985030,MONROE,Gates,3, 31 43031158,N,43.1748081,-77.7319881,10/30/13,6:56,PROPERTY DAMAGE AND INJURY,1,0,2,COLLISION WITH MOTOR VEHICLE,REAR END,NONE,DARK-ROAD LIGHTED,CLOUDY,WET
13984,34913652,MONROE,Rochester,1,490I43022060,N,43.1442296,-77.5647621,9/5/13,17:31,INJURY,1,0,2,COLLISION WITH MOTOR VEHICLE,REAR END,NONE,DAYLIGHT,CLEAR,DRY
13984,35364154,MONROE,Rochester,1, 15 43032018,Y,43.1394980,-77.6140781,7/22/14,7:56,INJURY,1,0,1,COLLISION WITH BICYCLIST,OTHER,TRAFFIC SIGNAL,DAYLIGHT,CLEAR,DRY
13984,35385225,MONROE,Ogden,3, 36 43031152,Y,43.1866660,-77.8542610,9/2/14,6:30,PROPERTY DAMAGE AND INJURY,2,0,1,COLLISION WITH DEER,OTHER,NONE,DAWN,CLOUDY,DRY
13984,35210959,MONROE,East Rochester,4,253 43011165,Y,43.1132180,-77.4924229,4/4/14,22:25,PROPERTY DAMAGE AND INJURY,1,0,3,COLLISION WITH MOTOR VEHICLE,OTHER,STOP SIGN,DARK-ROAD LIGHTED,CLOUDY,WET
13984,34822598,MONROE,Rochester,1, 31 43032018,Y,43.1646280,-77.6396470,6/15/13,19:05,INJURY,1,0,1,COLLISION WITH BICYCLIST,OTHER,NONE,DAYLIGHT,CLOUDY,DRY
13984,35051004,MONROE,Henrietta,3,,N,43.0924944,-77.6537486,11/15/13,17:38,PROPERTY DAMAGE AND INJURY,1,0,3,COLLISION WITH MOTOR VEHICLE,OTHER,NONE,DARK-ROAD LIGHTED,CLEAR,DRY
13984,35368741,MONROE,Rochester,1,,N,43.1938391,-77.6381241,7/2/14,17:05,INJURY,1,0,3,COLLISION WITH MOTOR VEHICLE,OTHER,NONE,DAYLIGHT,CLOUDY,WET
13984,34789048,MONROE,Rochester,1, 31 43032046,Y,43.1488300,-77.5976610,5/22/13,15:51,PROPERTY DAMAGE AND INJURY,1,0,2,COLLISION WITH MOTOR VEHICLE,LEFT TURN (WITH OTHER CAR),NONE,DAYLIGHT,CLEAR,DRY
13984,35305550,MONROE,Webster,4,,Y,43.2112637,-77.4259430,6/22/14,18:37,PROPERTY DAMAGE AND INJURY,1,0,1,COLLISION WITH BICYCLIST,OTHER,NONE,DAYLIGHT,CLEAR,DRY
13984,34890624,MONROE,Irondequoit,3,,N,43.1951470,-77.5845740,8/16/13,10:31,INJURY,1,0,1,COLLISION WITH MOTOR VEHICLE,OTHER,TRAFFIC SIGNAL,DAYLIGHT,CLEAR,DRY
13984,35280598,MONROE,Webster,3,,N,43.2154160,-77.4465881,5/29/14,18:55,PROPERTY DAMAGE AND INJURY,2,0,2,COLLISION WITH MOTOR VEHICLE,RIGHT ANGLE,TRAFFIC SIGNAL,DAYLIGHT,CLOUDY,DRY
13984,34979791,MONROE,Rochester,1,,Y,43.1792120,-77.6590790,10/25/13,20:53,INJURY,1,0,3,COLLISION WITH MOTOR VEHICLE,OTHER,TRAFFIC SIGNAL,DARK-ROAD LIGHTED,CLOUDY,WET