QUERYID,CASE #,REGN_CNTY_CDE,Municipality,MUNITYPE,REF_MRKR,ATINTERSECTION_IND,Lat,Long,,Time,Crash Type,Injuries,Fatalities,Number of Vehicles,ACCD_TYP,COLLISION_TYP,TRAF_CNTL,Light Condition,Weather Condition,Road Surface Condition
13984,34813166,MONROE,Rochester,1,,N,43.1940885,-77.6265562,6/14/13,19:09,INJURY,1,0,2,COLLISION WITH MOTOR VEHICLE,OTHER,NONE,DAYLIGHT,CLEAR,DRY
13984,35076646,MONROE,Irondequoit,3,104 43035208,N,43.1990765,-77.5473514,1/7/14,12:12,PROPERTY DAMAGE AND INJURY,1,0,1,COLLISION WITH GUIDE RAIL,OTHER,NONE,DAYLIGHT,CLOUDY,SNOW/ICE
13984,35480494,MONROE,Rochester,1,,Y,43.1594190,-77.6367220,11/21/14,14:40,PROPERTY DAMAGE AND INJURY,1,0,2,COLLISION WITH MOTOR VEHICLE,RIGHT ANGLE,STOP SIGN,DAYLIGHT,CLEAR,DRY
13984,35401929,MONROE,Henrietta,3,,N,43.0483675,-77.6359425,9/12/14,5:00,PROPERTY DAMAGE AND INJURY,1,0,1,COLLISION WITH GUIDE RAIL,OTHER,NONE,DARK-ROAD UNLIGHTED,CLOUDY,DRY
13984,35378891,MONROE,Gates,3,204 43011005,N,43.1298222,-77.7105694,8/25/14,13:00,PROPERTY DAMAGE AND INJURY,2,0,1,COLLISION WITH OTHER BARRIER,OTHER,NONE,DAYLIGHT,CLOUDY,DRY
13984,35372642,MONROE,Greece,3,,N,43.2406133,-77.6591319,8/14/14,20:11,INJURY,1,0,1,COLL. W/LIGHT SUPPORT/UTILITY POLE,OTHER,NONE,DUSK,RAIN,WET
13984,35197275,MONROE,Greece,3,,Y,43.2236580,-77.6777730,3/21/14,15:31,PROPERTY DAMAGE AND INJURY,1,0,2,COLLISION WITH MOTOR VEHICLE,RIGHT ANGLE,TRAFFIC SIGNAL,DAYLIGHT,CLEAR,DRY
13984,35477707,MONROE,Brighton,3, 31 43033016,Y,43.1187390,-77.5560430,11/20/14,14:44,PROPERTY DAMAGE AND INJURY,1,0,2,COLLISION WITH MOTOR VEHICLE,REAR END,TRAFFIC SIGNAL,DAYLIGHT,CLOUDY,DRY
13984,35020121,MONROE,Rochester,1,590I43012004,N,43.1432506,-77.5475980,11/24/13,7:33,PROPERTY DAMAGE AND INJURY,1,0,1,COLLISION WITH OTHER BARRIER,OTHER,NONE,DAYLIGHT,CLOUDY,SNOW/ICE
13984,34712721,MONROE,Chili,3,383 43011095,N,43.0585769,-77.7151001,3/28/13,15:18,PROPERTY DAMAGE AND INJURY,1,0,2,COLLISION WITH MOTOR VEHICLE,REAR END,NONE,DAYLIGHT,CLOUDY,DRY
13984,35444701,MONROE,Penfield,3,,Y,43.1824050,-77.5021680,10/24/14,11:10,PROPERTY DAMAGE AND INJURY,1,0,2,COLLISION WITH MOTOR VEHICLE,RIGHT ANGLE,TRAFFIC SIGNAL,DAYLIGHT,CLEAR,DRY
13984,34975724,MONROE,Mendon,3, 65 43031025,N,42.9760255,-77.5903866,10/15/13,21:00,PROPERTY DAMAGE AND INJURY,1,0,1,COLLISION WITH GUIDE RAIL,OTHER,NONE,DARK-ROAD LIGHTED,CLEAR,DRY
13984,35403987,MONROE,Rochester,1,940K43011005,Y,43.1593900,-77.6595600,9/19/14,17:56,PROPERTY DAMAGE AND INJURY,2,0,2,COLLISION WITH MOTOR VEHICLE,RIGHT ANGLE,TRAFFIC SIGNAL,DAYLIGHT,CLEAR,DRY
13984,35115927,MONROE,Gates,3,390I43037014,N,43.1465475,-77.6755729,1/31/14,17:59,PROPERTY DAMAGE AND INJURY,2,0,3,COLLISION WITH MOTOR VEHICLE,OTHER,NONE,DARK-ROAD LIGHTED,CLEAR,DRY
13984,34987570,MONROE,Brighton,3, 15A43041121,Y,43.0981770,-77.6133800,11/2/13,18:27,PROPERTY DAMAGE AND INJURY,2,0,2,COLLISION WITH MOTOR VEHICLE,REAR END,TRAFFIC SIGNAL,DARK-ROAD LIGHTED,RAIN,WET
13984,34869206,MONROE,Rochester,1,940M43011012,N,43.1813481,-77.6317167,7/11/13,13:12,INJURY,1,0,2,COLLISION WITH MOTOR VEHICLE,RIGHT ANGLE,NONE,DAYLIGHT,CLEAR,DRY
13984,35235133,MONROE,Brighton,3, 15A43041128,N,43.1080070,-77.6159370,4/24/14,18:53,INJURY,1,0,2,COLLISION WITH MOTOR VEHICLE,REAR END,TRAFFIC SIGNAL,DAYLIGHT,CLEAR,DRY
13984,35277709,MONROE,Rochester,1,383 43012027,Y,43.1530810,-77.6113950,5/2/14,8:49,INJURY,1,0,2,COLLISION WITH MOTOR VEHICLE,OTHER,TRAFFIC SIGNAL,DAYLIGHT,CLOUDY,DRY
13984,35087298,MONROE,Ogden,3,531 43012056,N,43.1611995,-77.7587608,1/8/14,23:45,PROPERTY DAMAGE AND INJURY,1,0,1,OVERTURNED,OTHER,NONE,DARK-ROAD UNLIGHTED,SNOW,SNOW/ICE
13984,34862931,MONROE,Brighton,3,441 43011103,N,43.1291068,-77.5243894,7/17/13,15:39,PROPERTY DAMAGE AND INJURY,1,0,2,COLLISION WITH MOTOR VEHICLE,RIGHT ANGLE,TRAFFIC SIGNAL,DAYLIGHT,CLEAR,DRY
13984,35036841,MONROE,Pittsford,3, 65 43031109,Y,43.0849280,-77.5428810,12/10/13,17:37,PROPERTY DAMAGE AND INJURY,1,0,2,COLLISION WITH MOTOR VEHICLE,RIGHT ANGLE,TRAFFIC SIGNAL,DARK-ROAD LIGHTED,SNOW,SNOW/ICE
13984,34830529,MONROE,Brighton,3,390I43031146,Y,43.1122970,-77.6236169,6/28/13,14:30,PROPERTY DAMAGE AND INJURY,2,0,2,COLLISION WITH MOTOR VEHICLE,LEFT TURN (AGAINST OTHER CAR),TRAFFIC SIGNAL,DAYLIGHT,RAIN,WET
13984,35117881,MONROE,Webster,4,,Y,43.2161920,-77.4301981,2/1/14,20:12,PROPERTY DAMAGE AND INJURY,3,0,2,COLLISION WITH MOTOR VEHICLE,LEFT TURN (AGAINST OTHER CAR),TRAFFIC SIGNAL,DARK-ROAD LIGHTED,RAIN,WET
13984,35411030,MONROE,Greece,3,,N,43.2072470,-77.6791739,9/12/14,18:23,INJURY,1,0,2,COLLISION WITH MOTOR VEHICLE,REAR END,TRAFFIC SIGNAL,DAYLIGHT,CLEAR,DRY
13984,35305531,MONROE,Rochester,1,,N,43.1808411,-77.5993694,6/24/14,0:25,INJURY,2,0,2,COLLISION WITH MOTOR VEHICLE,OTHER,NONE,DARK-ROAD LIGHTED,CLEAR,DRY
13984,35493856,MONROE,Rochester,1,590I43012000,N,43.1374589,-77.5527651,11/19/14,8:29,PROPERTY DAMAGE AND INJURY,1,0,2,COLLISION WITH MOTOR VEHICLE,REAR END,NONE,DAYLIGHT,CLEAR,DRY
13984,35124219,MONROE,Webster,3,,N,43.2391384,-77.4467610,1/30/14,15:45,FATAL,0,1,1,COLLISION WITH PEDESTRIAN,OTHER,NO PASSING ZONE,DAYLIGHT,CLEAR,DRY
13984,35288567,MONROE,Greece,3,,N,43.2889809,-77.6772734,5/28/14,16:00,PROPERTY DAMAGE AND INJURY,1,0,2,COLLISION WITH MOTOR VEHICLE,REAR END,NONE,DAYLIGHT,CLEAR,DRY
13984,34694864,MONROE,Rochester,1,,Y,43.1808420,-77.5991820,3/14/13,11:23,PROPERTY DAMAGE AND INJURY,2,0,2,COLLISION WITH MOTOR VEHICLE,RIGHT ANGLE,TRAFFIC SIGNAL,DAYLIGHT,SNOW,WET
13984,34937605,MONROE,Penfield,3,250 43011069,N,43.1344924,-77.4418523,9/23/13,7:58,INJURY,1,0,2,COLLISION WITH MOTOR VEHICLE,RIGHT ANGLE,NONE,DAYLIGHT,CLEAR,DRY
13984,35338375,MONROE,Rochester,1,390I43032002,N,43.1191053,-77.6386904,7/23/14,12:28,PROPERTY DAMAGE AND INJURY,1,0,3,COLLISION WITH MOTOR VEHICLE,OTHER,HIGHWAY WORK AREA,DAYLIGHT,RAIN,WET
13984,34900531,MONROE,Brighton,3,,N,43.1406950,-77.5420602,8/8/13,6:43,PROPERTY DAMAGE AND INJURY,1,0,1,COLLISION WITH GUIDERAIL - END,OTHER,NONE,DAYLIGHT,CLOUDY,WET
13984,35360110,MONROE,Rochester,1, 31 43032053,N,43.1422780,-77.5862190,8/4/14,21:37,INJURY,1,0,1,COLLISION WITH BICYCLIST,OTHER,TRAFFIC SIGNAL,DARK-ROAD LIGHTED,CLEAR,DRY
13984,35031882,MONROE,Gates,3,390I43037005,N,43.1365120,-77.6648200,11/29/13,11:20,PROPERTY DAMAGE AND INJURY,2,0,2,COLLISION WITH MOTOR VEHICLE,OVERTAKING,NONE,DAYLIGHT,CLOUDY,SNOW/ICE
13984,34785041,MONROE,Henrietta,3, 15A43041106,N,43.0772643,-77.6062877,5/21/13,20:48,PROPERTY DAMAGE AND INJURY,2,0,1,COLLISION WITH TREE,OTHER,NONE,DARK-ROAD LIGHTED,RAIN,WET
13984,35087313,MONROE,Irondequoit,3,,N,43.1961370,-77.6001439,1/13/14,13:00,INJURY,1,0,2,COLLISION WITH MOTOR VEHICLE,REAR END,TRAFFIC SIGNAL,DAYLIGHT,CLOUDY,DRY
13984,34887596,MONROE,Rochester,1,,N,43.2193118,-77.6289886,8/13/13,2:30,INJURY,1,0,1,COLL. W/LIGHT SUPPORT/UTILITY POLE,OTHER,NONE,DARK-ROAD LIGHTED,RAIN,WET
13984,34920098,MONROE,Rochester,1,,Y,43.1615590,-77.6273540,9/6/13,18:08,PROPERTY DAMAGE AND INJURY,1,0,1,COLLISION WITH CURBING,OTHER,NONE,DAYLIGHT,CLEAR,DRY
13984,34943458,MONROE,Greece,3,,Y,43.2715580,-77.6373150,9/11/13,13:03,INJURY,1,0,2,COLLISION WITH MOTOR VEHICLE,RIGHT ANGLE,STOP SIGN,DAYLIGHT,CLEAR,DRY
13984,35389945,MONROE,Penfield,3,404 43035051,Y,43.1823990,-77.5078670,9/6/14,17:21,PROPERTY DAMAGE AND INJURY,1,0,2,COLLISION WITH MOTOR VEHICLE,RIGHT ANGLE,TRAFFIC SIGNAL,DAYLIGHT,CLEAR,DRY
13984,34873424,MONROE,Henrietta,3,252 43011099,Y,43.0872220,-77.5782800,7/24/13,8:06,PROPERTY DAMAGE AND INJURY,2,0,3,COLLISION WITH MOTOR VEHICLE,OTHER,NONE,DAYLIGHT,CLEAR,DRY
13984,35090979,MONROE,Brighton,3,,N,43.1272998,-77.5180584,1/16/14,10:58,PROPERTY DAMAGE AND INJURY,1,0,2,COLLISION WITH MOTOR VEHICLE,REAR END,NONE,DAYLIGHT,CLEAR,DRY
13984,35523491,MONROE,Rochester,1,,N,43.1592226,-77.6065012,12/8/14,13:22,INJURY,1,0,1,COLLISION WITH PEDESTRIAN,OTHER,NONE,DAYLIGHT,CLOUDY,DRY
13984,34766128,MONROE,Sweden,3, 31 43031046,N,43.1983580,-77.9436552,5/6/13,14:19,PROPERTY DAMAGE AND INJURY,1,0,2,COLLISION WITH MOTOR VEHICLE,RIGHT TURN (AGAINST OTHER CAR),TRAFFIC SIGNAL,DAYLIGHT,CLEAR,DRY
13984,34701642,MONROE,Penfield,3,,N,43.1449199,-77.4975310,3/18/13,17:43,PROPERTY DAMAGE AND INJURY,1,0,3,COLLISION WITH MOTOR VEHICLE,OTHER,NONE,DAYLIGHT,SNOW,SNOW/ICE
13984,35106715,MONROE,Webster,3,404 43035118,N,43.2194998,-77.3947727,1/25/14,6:46,PROPERTY DAMAGE AND INJURY,2,0,1,COLLISION WITH FENCE,OTHER,NONE,DAWN,CLEAR,SNOW/ICE
13984,35425061,MONROE,Greece,3,104 43031160,N,43.2095729,-77.6934184,10/6/14,17:59,PROPERTY DAMAGE AND INJURY,1,0,2,COLLISION WITH MOTOR VEHICLE,REAR END,NONE,DUSK,CLEAR,DRY
13984,35005327,MONROE,Rochester,1, 18 43032000,Y,43.2170210,-77.6412890,11/12/13,21:37,PROPERTY DAMAGE AND INJURY,2,0,1,COLL. W/LIGHT SUPPORT/UTILITY POLE,OTHER,NONE,DARK-ROAD LIGHTED,SNOW,SNOW/ICE
13984,35026779,MONROE,Brighton,3,590I43011038,N,43.1276214,-77.5532459,12/2/13,18:10,PROPERTY DAMAGE AND INJURY,1,0,2,COLLISION WITH MOTOR VEHICLE,REAR END,NONE,DARK-ROAD LIGHTED,CLOUDY,DRY
13984,34815045,MONROE,Irondequoit,3,,Y,43.2040930,-77.5965340,5/24/13,17:00,INJURY,1,0,2,COLLISION WITH MOTOR VEHICLE,REAR END,STOP SIGN,DAYLIGHT,CLEAR,DRY
13984,34971050,MONROE,Rochester,1, 15 43032025,N,43.1485071,-77.6043795,10/18/13,19:23,PROPERTY DAMAGE AND INJURY,1,0,1,COLLISION WITH CURBING,OTHER,NONE,DARK-ROAD LIGHTED,CLEAR,DRY
13984,35021507,MONROE,East Rochester,4,,Y,43.1074460,-77.4800440,11/22/13,15:30,PROPERTY DAMAGE AND INJURY,2,0,2,COLLISION WITH MOTOR VEHICLE,HEAD ON,STOP SIGN,DAWN,RAIN,WET
13984,35099087,MONROE,Irondequoit,3,590 43013005,Y,43.1742015,-77.5416840,1/20/14,11:17,PROPERTY DAMAGE AND INJURY,1,0,1,COLLISION WITH MEDIAN/BARRIER,OTHER,NONE,DAYLIGHT,SNOW,SNOW/ICE
13984,35409541,MONROE,Greece,3,,N,43.2258488,-77.6776211,9/22/14,20:49,PROPERTY DAMAGE AND INJURY,1,0,2,COLLISION WITH MOTOR VEHICLE,REAR END,NONE,DARK-ROAD UNLIGHTED,CLOUDY,DRY
13984,34863020,MONROE,Rochester,1, 18 43032012,Y,43.2004550,-77.6387230,7/19/13,18:35,PROPERTY DAMAGE AND INJURY,1,0,2,COLLISION WITH MOTOR VEHICLE,RIGHT ANGLE,TRAFFIC SIGNAL,DAYLIGHT,CLEAR,DRY
13984,35033504,MONROE,Rochester,1,,Y,43.2006830,-77.5617120,12/3/13,8:17,PROPERTY DAMAGE AND INJURY,1,0,2,COLLISION WITH MOTOR VEHICLE,RIGHT ANGLE,STOP SIGN,DAYLIGHT,CLEAR,DRY
13984,34978069,MONROE,Brighton,3,490I43023000,N,43.1431395,-77.5469728,10/15/13,7:50,INJURY,1,0,3,COLLISION WITH MOTOR VEHICLE,OTHER,NONE,DAYLIGHT,CLEAR,DRY
13984,34732318,MONROE,Greece,3,104 43031151,N,43.2106384,-77.7080976,4/10/13,16:05,PROPERTY DAMAGE AND INJURY,1,0,3,COLLISION WITH MOTOR VEHICLE,OTHER,NONE,DAYLIGHT,RAIN,WET
13984,35314835,MONROE,Greece,3,386 43011010,Y,43.1899940,-77.7320180,6/20/14,15:08,PROPERTY DAMAGE AND INJURY,1,0,2,COLLISION WITH MOTOR VEHICLE,RIGHT ANGLE,TRAFFIC SIGNAL,DAYLIGHT,CLEAR,DRY
13984,35014776,MONROE,Brighton,3,,Y,43.1377620,-77.5268290,11/21/13,16:34,PROPERTY DAMAGE AND INJURY,1,0,2,COLLISION WITH MOTOR VEHICLE,REAR END,NONE,DAYLIGHT,CLOUDY,DRY
13984,35322471,MONROE,Rochester,1,,Y,43.1468590,-77.6510330,7/6/14,11:14,PROPERTY DAMAGE AND INJURY,1,0,1,COLLISION WITH BICYCLIST,OTHER,NONE,DAYLIGHT,CLEAR,DRY
13984,35402403,MONROE,Penfield,3,286 43011019,N,43.1536730,-77.5050884,9/17/14,7:29,PROPERTY DAMAGE AND INJURY,3,0,2,COLLISION WITH MOTOR VEHICLE,REAR END,NONE,DAYLIGHT,CLEAR,DRY
13984,34813279,MONROE,Irondequoit,3,104 43035037,N,43.1765746,-77.5289364,6/8/13,13:35,PROPERTY DAMAGE AND INJURY,4,0,2,COLLISION WITH MOTOR VEHICLE,LEFT TURN (AGAINST OTHER CAR),NONE,DAYLIGHT,RAIN,WET
13984,35412221,MONROE,Rochester,1, 15 43032008,Y,43.1257340,-77.6169391,9/19/14,16:26,INJURY,1,0,1,OTHER NON-COLLISION,OTHER,STOP SIGN,DAYLIGHT,CLEAR,DRY
13984,34703891,MONROE,Rochester,1,,Y,43.1530920,-77.6198600,3/20/13,14:40,INJURY,1,0,2,COLLISION WITH MOTOR VEHICLE,RIGHT ANGLE,STOP SIGN,DAYLIGHT,CLEAR,DRY
13984,35496217,MONROE,Brockport,4, 19 43041054,N,43.2093637,-77.9403659,11/18/14,14:04,INJURY,1,0,2,COLLISION WITH MOTOR VEHICLE,REAR END,NONE,DAYLIGHT,CLEAR,DRY
13984,34721095,MONROE,Greece,3, 18 43031226,Y,43.2232330,-77.6413420,4/4/13,2:30,PROPERTY DAMAGE AND INJURY,2,0,1,COLLISION WITH CURBING,OTHER,TRAFFIC SIGNAL,DARK-ROAD LIGHTED,CLEAR,DRY
13984,34878050,MONROE,Rochester,1,,N,43.1705280,-77.6301730,8/1/13,16:02,INJURY,1,0,1,COLLISION WITH OTHER FIXED OBJECT,OTHER,STOP SIGN,DAYLIGHT,CLEAR,DRY
13984,35155121,MONROE,Henrietta,3,252 43011060,Y,43.0927450,-77.6535970,11/29/13,14:00,PROPERTY DAMAGE AND INJURY,1,0,2,COLLISION WITH MOTOR VEHICLE,UNKNOWN,UNKNOWN,UNKNOWN,UNKNOWN,UNKNOWN
13984,34971145,MONROE,Rochester,1,,Y,43.1422240,-77.6509900,10/13/13,20:54,PROPERTY DAMAGE AND INJURY,1,0,2,COLLISION WITH MOTOR VEHICLE,RIGHT ANGLE,TRAFFIC SIGNAL,DARK-ROAD LIGHTED,RAIN,WET
13984,35192496,MONROE,Webster,3,,Y,43.2027680,-77.4622660,3/21/14,14:34,PROPERTY DAMAGE AND INJURY,2,0,2,COLLISION WITH MOTOR VEHICLE,RIGHT ANGLE,STOP SIGN,DAYLIGHT,CLOUDY,DRY
13984,35475514,MONROE,Gates,3,390 43011006,N,43.1647000,-77.6830450,11/18/14,17:31,PROPERTY DAMAGE AND INJURY,1,0,2,COLLISION WITH MOTOR VEHICLE,REAR END,NONE,DARK-ROAD LIGHTED,CLOUDY,DRY
13984,35494048,MONROE,Rochester,1,,Y,43.1593520,-77.6454480,11/20/14,11:20,PROPERTY DAMAGE AND INJURY,1,0,2,COLLISION WITH MOTOR VEHICLE,REAR END,STOP SIGN,DAYLIGHT,CLOUDY,SNOW/ICE
13984,35396644,MONROE,Brighton,3, 31 43033023,N,43.1104349,-77.5469230,9/10/14,13:20,INJURY,1,0,1,COLLISION WITH PEDESTRIAN,OTHER,NONE,DAYLIGHT,CLEAR,DRY
13984,35016083,MONROE,Greece,3, 18 43031213,Y,43.2420404,-77.6468389,11/18/13,8:35,PROPERTY DAMAGE AND INJURY,1,0,2,COLLISION WITH MOTOR VEHICLE,RIGHT TURN (AGAINST OTHER CAR),TRAFFIC SIGNAL,DAYLIGHT,CLOUDY,DRY
13984,35436933,MONROE,Gates,3, 33A43021152,N,43.1395120,-77.6680260,10/19/14,13:37,PROPERTY DAMAGE AND INJURY,2,0,2,COLLISION WITH MOTOR VEHICLE,REAR END,TRAFFIC SIGNAL,DAYLIGHT,CLOUDY,DRY
13984,34996913,MONROE,Wheatland,3,,N,43.0296042,-77.8424027,10/25/13,23:07,FATAL,2,1,2,COLLISION WITH MOTOR VEHICLE,REAR END,NONE,DARK-ROAD UNLIGHTED,CLOUDY,DRY
13984,35443634,MONROE,Brighton,3, 15A43041124,Y,43.1003539,-77.6143532,10/17/14,11:47,PROPERTY DAMAGE AND INJURY,1,0,2,COLLISION WITH MOTOR VEHICLE,REAR END,NONE,DAYLIGHT,CLOUDY,WET
13984,34770270,MONROE,Henrietta,3, 15 43031078,Y,43.0457180,-77.6590510,5/4/13,10:23,INJURY,1,0,2,COLLISION WITH MOTOR VEHICLE,REAR END,NONE,DAYLIGHT,CLEAR,DRY
13984,35397474,MONROE,Rochester,1,,Y,43.1421330,-77.5946110,9/3/14,17:25,PROPERTY DAMAGE AND INJURY,1,0,2,COLLISION WITH MOTOR VEHICLE,RIGHT ANGLE,TRAFFIC SIGNAL,DAYLIGHT,CLEAR,DRY
13984,34748918,MONROE,Pittsford,3, 64 43021085,N,43.0620591,-77.5197524,4/25/13,14:28,PROPERTY DAMAGE AND INJURY,1,0,2,COLLISION WITH MOTOR VEHICLE,LEFT TURN (AGAINST OTHER CAR),NO PASSING ZONE,DAYLIGHT,CLEAR,DRY
13984,35331136,MONROE,Rochester,1,,Y,43.1476120,-77.6510400,6/29/14,16:28,INJURY,1,0,1,COLLISION WITH BICYCLIST,OTHER,STOP SIGN,DAYLIGHT,CLEAR,DRY
13984,35327435,MONROE,Rochester,1,,Y,43.1237880,-77.6314790,7/2/14,14:40,INJURY,3,0,3,COLLISION WITH MOTOR VEHICLE,OTHER,TRAFFIC SIGNAL,DAYLIGHT,CLEAR,DRY
13984,34741226,MONROE,Henrietta,3,,N,43.0680516,-77.6424170,4/15/13,12:20,PROPERTY DAMAGE AND INJURY,1,0,1,OVERTURNED,OTHER,NONE,DAYLIGHT,CLEAR,DRY
13984,34870521,MONROE,Sweden,3, 31 43031068,N,43.1979931,-77.8994669,7/29/13,18:01,PROPERTY DAMAGE AND INJURY,1,0,2,COLLISION WITH MOTOR VEHICLE,RIGHT ANGLE,NONE,DAYLIGHT,CLEAR,DRY
13984,35313738,MONROE,Rochester,1,,Y,43.1749154,-77.6132340,6/17/14,22:11,PROPERTY DAMAGE AND INJURY,4,0,2,COLLISION WITH MOTOR VEHICLE,RIGHT ANGLE,TRAFFIC SIGNAL,DARK-ROAD LIGHTED,RAIN,WET
13984,35456135,MONROE,Sweden,3, 31 43031052,N,43.1983105,-77.9321870,9/17/14,11:35,PROPERTY DAMAGE AND INJURY,1,0,2,COLLISION WITH MOTOR VEHICLE,REAR END,TRAFFIC SIGNAL,DAYLIGHT,CLEAR,DRY
13984,34822588,MONROE,Rochester,1, 31 43032015,Y,43.1646350,-77.6470981,6/3/13,16:26,INJURY,1,0,1,OTHER NON-COLLISION,OTHER,NONE,DAYLIGHT,CLEAR,DRY
13984,34828124,MONROE,Pittsford,3,,Y,43.0542770,-77.5025591,6/19/13,16:53,PROPERTY DAMAGE AND INJURY,1,0,2,COLLISION WITH MOTOR VEHICLE,REAR END,NONE,DAYLIGHT,CLEAR,DRY
13984,35161879,MONROE,Chili,3,490I43021129,N,43.1209663,-77.7427167,2/26/14,14:57,INJURY,1,0,1,COLL. W/EARTH ELE./ROCK CUT/DITCH,OTHER,NONE,DAYLIGHT,CLEAR,DRY
13984,35023309,MONROE,Irondequoit,3,104 43035216,N,43.2097992,-77.5428324,11/28/13,9:50,INJURY,1,0,1,COLLISION WITH MEDIAN/BARRIER,OTHER,NONE,DAYLIGHT,CLOUDY,DRY
13984,35335916,MONROE,Greece,3,,N,43.2026413,-77.6977012,7/6/14,10:00,INJURY,1,0,2,COLLISION WITH MOTOR VEHICLE,UNKNOWN,TRAFFIC SIGNAL,DAYLIGHT,CLEAR,DRY
13984,34937521,MONROE,Rochester,1,,Y,43.1707650,-77.5603039,9/12/13,11:46,INJURY,1,0,2,COLLISION WITH MOTOR VEHICLE,LEFT TURN (WITH OTHER CAR),NONE,DAYLIGHT,RAIN,WET
13984,35073176,MONROE,Irondequoit,3,104 43035207,N,43.1984030,-77.5477244,1/7/14,8:47,PROPERTY DAMAGE AND INJURY,1,0,5,COLLISION WITH MOTOR VEHICLE,OTHER,NONE,DAYLIGHT,CLEAR,SNOW/ICE
13984,35353257,MONROE,Rochester,1,490I43022054,N,43.1430787,-77.5759719,8/4/14,16:30,PROPERTY DAMAGE AND INJURY,1,0,4,COLLISION WITH MOTOR VEHICLE,OTHER,NONE,DAYLIGHT,RAIN,WET
13984,35215408,MONROE,Rochester,1,,N,43.1534340,-77.6248100,3/15/14,0:34,INJURY,2,0,1,COLLISION WITH PEDESTRIAN,OTHER,NONE,DARK-ROAD LIGHTED,RAIN,WET
13984,35029032,MONROE,Wheatland,3,940H43011011,N,43.0046929,-77.7452284,11/26/13,21:14,PROPERTY DAMAGE AND INJURY,1,0,1,COLLISION WITH SNOW EMBANKMENT,OTHER,NONE,DARK-ROAD UNLIGHTED,SNOW,SNOW/ICE
13984,34973212,MONROE,Webster,3,,N,43.2142700,-77.4612459,10/21/13,13:20,INJURY,1,0,2,COLLISION WITH MOTOR VEHICLE,REAR END,TRAFFIC SIGNAL,DAYLIGHT,CLOUDY,DRY
13984,35457741,MONROE,Greece,3, 18 43031180,Y,43.2530210,-77.6964430,10/25/14,15:23,PROPERTY DAMAGE AND INJURY,1,0,2,COLLISION WITH MOTOR VEHICLE,REAR END,TRAFFIC SIGNAL,DAYLIGHT,CLOUDY,DRY
13984,35340962,MONROE,Greece,3, 18 43031222,Y,43.2283600,-77.6460240,7/26/14,12:27,PROPERTY DAMAGE AND INJURY,1,0,2,COLLISION WITH MOTOR VEHICLE,RIGHT ANGLE,STOP SIGN,DAYLIGHT,CLOUDY,DRY
13984,35477687,MONROE,Parma,3,104 43031088,N,43.2212096,-77.8317875,11/20/14,6:42,PROPERTY DAMAGE AND INJURY,2,0,2,COLLISION WITH MOTOR VEHICLE,HEAD ON,NONE,DAWN,SNOW,SLUSH
13984,35427205,MONROE,Brighton,3,590 43011010,N,43.1556927,-77.5383752,10/1/14,7:06,PROPERTY DAMAGE AND INJURY,1,0,2,COLLISION WITH MOTOR VEHICLE,REAR END,NONE,DAWN,CLEAR,DRY
13984,35371768,MONROE,Rochester,1,,Y,43.1811090,-77.5873490,8/20/14,18:29,INJURY,1,0,1,COLL. W/LIGHT SUPPORT/UTILITY POLE,OTHER,TRAFFIC SIGNAL,DAYLIGHT,CLEAR,DRY
13984,35171835,MONROE,Webster,3,,N,43.2049179,-77.5129349,3/6/14,18:29,PROPERTY DAMAGE AND INJURY,2,0,3,COLLISION WITH MOTOR VEHICLE,OTHER,TRAFFIC SIGNAL,DARK-ROAD LIGHTED,CLEAR,DRY
13984,34840597,MONROE,Rochester,1,490I43022013,N,43.1570621,-77.6487181,7/3/13,7:55,PROPERTY DAMAGE AND INJURY,1,0,4,COLLISION WITH MOTOR VEHICLE,OTHER,NONE,DAYLIGHT,CLEAR,DRY
13984,35056466,MONROE,Webster,3,,N,43.2135696,-77.4466130,12/23/13,18:05,INJURY,1,0,2,COLLISION WITH MOTOR VEHICLE,REAR END,NONE,DARK-ROAD LIGHTED,CLOUDY,WET
13984,35109699,MONROE,Gates,3,204 43011022,Y,43.1310820,-77.6858630,1/28/14,15:45,INJURY,1,0,2,COLLISION WITH MOTOR VEHICLE,RIGHT ANGLE,STOP SIGN,DAYLIGHT,CLEAR,WET
13984,34840903,MONROE,Brighton,3, 31 43033012,Y,43.1228240,-77.5605660,7/8/13,17:11,PROPERTY DAMAGE AND INJURY,1,0,2,COLLISION WITH MOTOR VEHICLE,LEFT TURN (AGAINST OTHER CAR),STOP SIGN,DAYLIGHT,CLOUDY,DRY