QUERYID,CASE #,REGN_CNTY_CDE,Municipality,MUNITYPE,REF_MRKR,ATINTERSECTION_IND,Lat,Long,,Time,Crash Type,Injuries,Fatalities,Number of Vehicles,ACCD_TYP,COLLISION_TYP,TRAF_CNTL,Light Condition,Weather Condition,Road Surface Condition
13984,35063552,MONROE,Greece,3,,Y,43.2079170,-77.6492310,12/24/13,13:34,PROPERTY DAMAGE AND INJURY,2,0,2,COLLISION WITH MOTOR VEHICLE,OTHER,NONE,DAYLIGHT,SNOW,SNOW/ICE
13984,34746369,MONROE,Penfield,3,250 43011068,N,43.1324696,-77.4414908,4/11/13,19:17,PROPERTY DAMAGE AND INJURY,1,0,2,COLLISION WITH MOTOR VEHICLE,RIGHT ANGLE,NONE,DUSK,CLEAR,DRY
13984,34849050,MONROE,Rochester,1,,N,43.1935920,-77.5984861,7/4/13,14:15,INJURY,1,0,1,COLLISION WITH PEDESTRIAN,OTHER,NONE,DAYLIGHT,CLEAR,DRY
13984,34938279,MONROE,Mendon,3,,N,43.0080341,-77.5515441,9/20/13,12:55,INJURY,1,0,1,OVERTURNED,OTHER,NONE,DAYLIGHT,CLEAR,DRY
13984,35535712,MONROE,Rochester,1,,Y,43.1279440,-77.6123721,12/31/14,9:12,PROPERTY DAMAGE AND INJURY,1,0,2,COLLISION WITH MOTOR VEHICLE,SIDESWIPE,NONE,DAYLIGHT,CLEAR,DRY
13984,34756834,MONROE,Rochester,1, 31 43032027,N,43.1588776,-77.6262897,5/2/13,15:57,PROPERTY DAMAGE AND INJURY,2,0,3,COLLISION WITH MOTOR VEHICLE,OTHER,TRAFFIC SIGNAL,DAYLIGHT,CLEAR,DRY
13984,35395044,MONROE,East Rochester,4,,N,43.1137181,-77.4910243,8/29/14,19:00,INJURY,1,0,1,COLLISION WITH BICYCLIST,OTHER,NONE,DAYLIGHT,CLEAR,DRY
13984,34738508,MONROE,Irondequoit,3,104 43035031,Y,43.1769020,-77.5406350,4/15/13,15:23,PROPERTY DAMAGE AND INJURY,1,0,2,COLLISION WITH MOTOR VEHICLE,REAR END,NONE,DAYLIGHT,CLEAR,DRY
13984,34904641,MONROE,Greece,3,,N,43.2281135,-77.6967788,8/22/13,13:19,INJURY,2,0,3,COLLISION WITH MOTOR VEHICLE,OTHER,NONE,DAYLIGHT,CLOUDY,DRY
13984,35204729,MONROE,Ogden,3, 36 43031128,N,43.1524337,-77.8561514,3/30/14,13:50,PROPERTY DAMAGE AND INJURY,1,0,2,COLLISION WITH MOTOR VEHICLE,OVERTAKING,NO PASSING ZONE,DAYLIGHT,CLEAR,DRY
13984,34809417,MONROE,Rochester,1,,Y,43.1878060,-77.5710910,6/11/13,23:31,PROPERTY DAMAGE AND INJURY,1,0,1,COLL. W/LIGHT SUPPORT/UTILITY POLE,OTHER,TRAFFIC SIGNAL,DARK-ROAD LIGHTED,CLEAR,DRY
13984,35231587,MONROE,Sweden,3,,N,43.1983450,-77.9594203,4/11/14,17:04,PROPERTY DAMAGE AND INJURY,1,0,4,COLLISION WITH MOTOR VEHICLE,OTHER,TRAFFIC SIGNAL,DAYLIGHT,CLEAR,DRY
13984,35287900,MONROE,Mendon,3, 65 43031035,N,42.9876078,-77.5789845,6/10/14,15:40,PROPERTY DAMAGE AND INJURY,2,0,3,COLLISION WITH MOTOR VEHICLE,OTHER,NONE,DAYLIGHT,CLEAR,DRY
13984,34819293,MONROE,Webster,4,250 43011129,Y,43.2196470,-77.4299650,6/18/13,11:50,PROPERTY DAMAGE AND INJURY,1,0,2,COLLISION WITH MOTOR VEHICLE,RIGHT ANGLE,TRAFFIC SIGNAL,DAYLIGHT,CLEAR,DRY
13984,35290499,MONROE,Webster,3,,N,43.2112668,-77.4611909,6/12/14,17:18,PROPERTY DAMAGE AND INJURY,1,0,3,COLLISION WITH MOTOR VEHICLE,OTHER,TRAFFIC SIGNAL,DAYLIGHT,CLEAR,DRY
13984,35308915,MONROE,Rochester,1,,Y,43.2363150,-77.5577480,6/28/14,19:57,PROPERTY DAMAGE AND INJURY,2,0,2,COLLISION WITH MOTOR VEHICLE,LEFT TURN (AGAINST OTHER CAR),NONE,DAYLIGHT,CLEAR,DRY
13984,35431829,MONROE,Riga,3,,N,43.1091288,-77.8398235,10/14/14,7:20,INJURY,1,0,1,COLLISION WITH DEER,OTHER,NONE,DAWN,CLOUDY,DRY
13984,35324576,MONROE,Pittsford,3,,Y,43.0542220,-77.4972241,7/12/14,10:40,INJURY,1,0,2,COLLISION WITH MOTOR VEHICLE,RIGHT ANGLE,STOP SIGN,DAYLIGHT,CLEAR,DRY
13984,34837172,MONROE,Rochester,1, 31 43032049,Y,43.1463170,-77.5932940,6/19/13,17:23,INJURY,1,0,2,COLLISION WITH MOTOR VEHICLE,RIGHT ANGLE,NONE,DAYLIGHT,CLEAR,DRY
13984,34770749,MONROE,Rochester,1,,N,43.1891529,-77.6197975,5/9/13,15:52,INJURY,1,0,1,COLLISION WITH BICYCLIST,OTHER,NONE,DAYLIGHT,CLEAR,DRY
13984,34717551,MONROE,Rochester,1,,N,43.1926584,-77.5937303,4/1/13,16:55,INJURY,1,0,2,COLLISION WITH MOTOR VEHICLE,OVERTAKING,NONE,DAYLIGHT,CLOUDY,DRY
13984,34898788,MONROE,Rochester,1,,Y,43.1672380,-77.6020650,8/22/13,13:25,INJURY,1,0,1,COLL. W/LIGHT SUPPORT/UTILITY POLE,OTHER,NONE,DAYLIGHT,CLEAR,DRY
13984,35003843,MONROE,Chili,3,251 43011076,N,43.0541156,-77.7813651,11/11/13,16:23,PROPERTY DAMAGE AND INJURY,1,0,3,COLLISION WITH MOTOR VEHICLE,OTHER,STOP SIGN,DAYLIGHT,RAIN,WET
13984,34803836,MONROE,Rochester,1, 31 43032008,Y,43.1646630,-77.6594000,5/28/13,17:18,INJURY,1,0,2,COLLISION WITH MOTOR VEHICLE,REAR END,TRAFFIC SIGNAL,DAYLIGHT,RAIN,WET
13984,35134650,MONROE,Greece,3,,N,43.1955967,-77.6860504,2/11/14,15:26,PROPERTY DAMAGE AND INJURY,1,0,2,COLLISION WITH MOTOR VEHICLE,OTHER,NONE,DAYLIGHT,CLEAR,WET
13984,35368841,MONROE,Rochester,1,590I43012003,N,43.1421676,-77.5512308,7/19/14,18:38,FATAL,1,1,1,COLLISION WITH OTHER BARRIER,OTHER,NONE,DAYLIGHT,CLOUDY,WET
13984,35496188,MONROE,Greece,3, 18 43031171,N,43.2532300,-77.7137322,11/26/14,14:42,PROPERTY DAMAGE AND INJURY,7,0,4,COLLISION WITH MOTOR VEHICLE,OTHER,NONE,DAYLIGHT,SNOW,WET
13984,34745553,MONROE,Gates,3,490I43021141,N,43.1309396,-77.7233455,4/15/13,13:10,INJURY,1,0,2,COLLISION WITH MOTOR VEHICLE,REAR END,HIGHWAY WORK AREA,DAYLIGHT,CLOUDY,DRY
13984,35231608,MONROE,Brighton,3,,N,43.1574690,-77.5389770,4/22/14,16:52,INJURY,1,0,2,COLLISION WITH MOTOR VEHICLE,REAR END,TRAFFIC SIGNAL,DAYLIGHT,CLOUDY,WET
13984,34873416,MONROE,Chili,3,,N,43.1214559,-77.7456351,7/22/13,13:36,PROPERTY DAMAGE AND INJURY,2,0,2,COLLISION WITH MOTOR VEHICLE,RIGHT ANGLE,TRAFFIC SIGNAL,DAYLIGHT,CLEAR,DRY
13984,34738523,MONROE,Ogden,3, 31 43031094,Y,43.1882290,-77.8541650,4/16/13,15:09,PROPERTY DAMAGE AND INJURY,1,0,2,COLLISION WITH MOTOR VEHICLE,REAR END,TRAFFIC SIGNAL,DAYLIGHT,RAIN,WET
13984,34719707,MONROE,Greece,3, 18 43031194,N,43.2528860,-77.6679250,4/1/13,15:10,PROPERTY DAMAGE AND INJURY,2,0,2,COLLISION WITH MOTOR VEHICLE,RIGHT ANGLE,TRAFFIC SIGNAL,DAYLIGHT,CLEAR,DRY
13984,35406364,MONROE,Henrietta,3, 15A43041098,N,43.0660777,-77.6088944,9/15/14,10:45,INJURY,1,0,2,COLLISION WITH MOTOR VEHICLE,REAR END,NONE,DAYLIGHT,CLEAR,DRY
13984,35237850,MONROE,Rochester,1, 31 43032032,Y,43.1541480,-77.6192820,4/23/14,20:50,INJURY,1,0,1,COLLISION WITH BICYCLIST,OTHER,TRAFFIC SIGNAL,DARK-ROAD LIGHTED,CLEAR,DRY
13984,34951701,MONROE,Perinton,3, 31 43033109,N,43.0644881,-77.3959201,10/2/13,20:20,PROPERTY DAMAGE AND INJURY,2,0,2,COLLISION WITH MOTOR VEHICLE,REAR END,NONE,DARK-ROAD LIGHTED,CLEAR,DRY
13984,35371038,MONROE,Rochester,1,,N,43.1628992,-77.6035494,8/15/14,23:43,INJURY,1,0,1,COLLISION WITH PEDESTRIAN,OTHER,NONE,DARK-ROAD LIGHTED,CLEAR,DRY
13984,35042051,MONROE,Irondequoit,3,,N,43.1962005,-77.5998765,12/13/13,15:24,PROPERTY DAMAGE AND INJURY,3,0,2,COLLISION WITH MOTOR VEHICLE,LEFT TURN (AGAINST OTHER CAR),NONE,DAYLIGHT,SNOW,SNOW/ICE
13984,35282689,MONROE,Rochester,1,,N,43.1332088,-77.6081492,6/7/14,16:31,INJURY,1,0,2,COLLISION WITH MOTOR VEHICLE,REAR END,NONE,DAYLIGHT,CLEAR,DRY
13984,34887683,MONROE,Brighton,3,490I43023000,N,43.1430145,-77.5464374,8/13/13,5:09,PROPERTY DAMAGE AND INJURY,1,0,1,COLLISION WITH GUIDE RAIL,OTHER,NONE,DARK-ROAD LIGHTED,RAIN,WET
13984,35376808,MONROE,Penfield,3,441 43011052,Y,43.1308260,-77.4412550,8/7/14,14:38,PROPERTY DAMAGE AND INJURY,1,0,2,COLLISION WITH MOTOR VEHICLE,REAR END,TRAFFIC SIGNAL,DAYLIGHT,CLEAR,DRY
13984,35236815,MONROE,Henrietta,3,253 43011065,N,43.0588600,-77.6413269,4/22/14,14:44,INJURY,2,0,2,COLLISION WITH MOTOR VEHICLE,REAR END,TRAFFIC SIGNAL,DAYLIGHT,CLOUDY,DRY
13984,35210962,MONROE,Brighton,3, 31 43033019,N,43.1146176,-77.5518847,4/4/14,16:11,PROPERTY DAMAGE AND INJURY,1,0,3,COLLISION WITH MOTOR VEHICLE,OTHER,NONE,DAYLIGHT,RAIN,WET
13984,34930758,MONROE,Greece,3,,N,43.2418016,-77.6316278,8/27/13,6:15,PROPERTY DAMAGE AND INJURY,1,0,2,COLLISION WITH MOTOR VEHICLE,OVERTAKING,NO PASSING ZONE,DAYLIGHT,CLOUDY,DRY
13984,34716361,MONROE,Rochester,1,,Y,43.1646350,-77.6308610,3/7/13,14:00,PROPERTY DAMAGE AND INJURY,1,0,2,COLLISION WITH MOTOR VEHICLE,RIGHT ANGLE,STOP SIGN,DAYLIGHT,CLEAR,DRY
13984,34796581,MONROE,Rochester,1,,Y,43.1564080,-77.5866160,6/1/13,21:29,INJURY,1,0,2,COLLISION WITH MOTOR VEHICLE,RIGHT ANGLE,FLASHING LIGHT,DARK-ROAD LIGHTED,RAIN,WET
13984,35363398,MONROE,Brighton,3,590 43011005,N,43.1484184,-77.5405683,8/12/14,16:53,PROPERTY DAMAGE AND INJURY,2,0,2,COLLISION WITH MOTOR VEHICLE,REAR END,NONE,DAYLIGHT,CLOUDY,DRY
13984,34800493,MONROE,Irondequoit,3,,Y,43.1711010,-77.5445540,5/31/13,12:42,PROPERTY DAMAGE AND INJURY,2,0,2,COLLISION WITH MOTOR VEHICLE,RIGHT ANGLE,STOP SIGN,DAYLIGHT,CLEAR,DRY
13984,35042054,MONROE,Perinton,3,,N,43.1071845,-77.4590806,12/13/13,11:56,INJURY,1,0,2,COLLISION WITH MOTOR VEHICLE,REAR END,NONE,DAYLIGHT,SNOW,SNOW/ICE
13984,34681166,MONROE,Pittsford,3,252 43011114,N,43.0874101,-77.5500233,3/1/13,17:50,PROPERTY DAMAGE AND INJURY,1,0,2,COLLISION WITH MOTOR VEHICLE,REAR END,NONE,DUSK,CLOUDY,DRY
13984,35037480,MONROE,Rochester,1,942G43011002,Y,43.1540610,-77.6150771,12/10/13,17:14,PROPERTY DAMAGE AND INJURY,1,0,2,COLLISION WITH MOTOR VEHICLE,RIGHT ANGLE,TRAFFIC SIGNAL,DARK-ROAD LIGHTED,SNOW,SNOW/ICE
13984,35168707,MONROE,Pittsford,3,252 43011117,N,43.0872843,-77.5433834,3/8/14,11:58,PROPERTY DAMAGE AND INJURY,2,0,2,COLLISION WITH MOTOR VEHICLE,REAR END,NONE,DAYLIGHT,CLOUDY,DRY
13984,35443215,MONROE,Rochester,1, 31 43032022,N,43.1641036,-77.6337667,10/22/14,21:21,PROPERTY DAMAGE AND INJURY,2,0,2,COLLISION WITH CURBING,HEAD ON,NONE,DARK-ROAD LIGHTED,CLEAR,DRY
13984,35192321,MONROE,Rochester,1, 31 43032045,Y,43.1500700,-77.5998520,3/4/14,10:36,PROPERTY DAMAGE AND INJURY,1,0,2,COLLISION WITH MOTOR VEHICLE,LEFT TURN (WITH OTHER CAR),TRAFFIC SIGNAL,DAYLIGHT,CLEAR,DRY
13984,35445727,MONROE,Greece,3,,Y,43.1907000,-77.7014760,9/29/14,8:52,PROPERTY DAMAGE AND INJURY,1,0,3,COLLISION WITH MOTOR VEHICLE,OTHER,TRAFFIC SIGNAL,DAYLIGHT,CLEAR,DRY
13984,35386786,MONROE,Rochester,1,,Y,43.1547160,-77.6168820,9/3/14,8:08,PROPERTY DAMAGE AND INJURY,1,0,2,COLLISION WITH MOTOR VEHICLE,RIGHT ANGLE,TRAFFIC SIGNAL,DAYLIGHT,CLOUDY,DRY
13984,35336162,MONROE,East Rochester,4,940U43011005,Y,43.1166550,-77.4990310,7/16/14,12:30,INJURY,1,0,1,COLLISION WITH BICYCLIST,OTHER,TRAFFIC SIGNAL,DAYLIGHT,CLEAR,DRY
13984,34993341,MONROE,Rochester,1,,Y,43.1910160,-77.5998220,11/1/13,11:56,PROPERTY DAMAGE AND INJURY,1,0,2,COLLISION WITH MOTOR VEHICLE,REAR END,NONE,DAYLIGHT,CLEAR,DRY
13984,34825793,MONROE,Rochester,1, 31 43032020,N,43.1646287,-77.6357528,6/22/13,16:37,INJURY,1,0,2,COLLISION WITH MOTOR VEHICLE,REAR END,NONE,DAYLIGHT,RAIN,WET
13984,34925596,MONROE,Rush,3, 15 43031005,N,42.9475581,-77.6989563,9/14/13,10:54,PROPERTY DAMAGE AND INJURY,2,0,2,COLLISION WITH MOTOR VEHICLE,RIGHT ANGLE,TRAFFIC SIGNAL,DAYLIGHT,CLOUDY,DRY
13984,34791747,MONROE,Greece,3, 18 43031166,Y,43.2534210,-77.7241540,5/24/13,12:04,INJURY,1,0,2,COLLISION WITH MOTOR VEHICLE,REAR END,NONE,DAYLIGHT,RAIN,WET
13984,35166166,MONROE,Greece,3,,N,43.1913630,-77.6828140,3/3/14,16:25,PROPERTY DAMAGE AND INJURY,1,0,2,COLLISION WITH MOTOR VEHICLE,RIGHT ANGLE,TRAFFIC SIGNAL,DAYLIGHT,CLEAR,DRY
13984,35214114,MONROE,Rochester,1,,Y,43.1721460,-77.6124340,3/31/14,13:56,INJURY,1,0,2,COLLISION WITH MOTOR VEHICLE,LEFT TURN (AGAINST OTHER CAR),NONE,DAYLIGHT,CLEAR,DRY
13984,35332947,MONROE,Greece,3,,Y,43.2021500,-77.6980350,7/17/14,14:30,PROPERTY DAMAGE AND INJURY,1,0,2,COLLISION WITH MOTOR VEHICLE,RIGHT ANGLE,TRAFFIC SIGNAL,DAYLIGHT,CLEAR,DRY
13984,35062302,MONROE,Riga,3,490I43021068,N,43.0957784,-77.8505988,12/31/13,5:04,PROPERTY DAMAGE AND INJURY,2,0,2,COLLISION WITH MOTOR VEHICLE,REAR END,NONE,DARK-ROAD UNLIGHTED,CLOUDY,DRY
13984,35161641,MONROE,Henrietta,3,253 43011060,Y,43.0586740,-77.6520820,2/17/14,6:45,PROPERTY DAMAGE AND INJURY,1,0,2,COLLISION WITH MOTOR VEHICLE,REAR END,TRAFFIC SIGNAL,DAWN,CLEAR,WET
13984,35223535,MONROE,Rochester,1,490I43022045,N,43.1419418,-77.5947220,4/13/14,21:10,PROPERTY DAMAGE AND INJURY,1,0,1,COLLISION WITH OTHER BARRIER,OTHER,NONE,DARK-ROAD LIGHTED,CLEAR,DRY
13984,34740011,MONROE,Perinton,3,,N,43.1027353,-77.4213464,4/10/13,19:10,PROPERTY DAMAGE AND INJURY,1,0,1,COLL. W/LIGHT SUPPORT/UTILITY POLE,OTHER,NONE,DAYLIGHT,RAIN,WET
13984,35256960,MONROE,Irondequoit,3,590 43013007,N,43.1773490,-77.5426240,4/15/14,21:56,PROPERTY DAMAGE AND INJURY,3,0,10,COLLISION WITH GUIDE RAIL,OTHER,NONE,DARK-ROAD LIGHTED,SNOW,SNOW/ICE
13984,35235613,MONROE,Greece,3,,N,43.2802485,-77.6568631,4/8/14,20:26,PROPERTY DAMAGE AND INJURY,1,0,1,COLLISION WITH GUIDE RAIL,OTHER,NONE,DARK-ROAD LIGHTED,CLEAR,DRY
13984,35052034,MONROE,Wheatland,3,383 43011005,N,42.9996162,-77.8534487,12/14/13,11:05,PROPERTY DAMAGE AND INJURY,2,0,3,COLLISION WITH MOTOR VEHICLE,OTHER,NONE,DAYLIGHT,SNOW,SNOW/ICE
13984,34874723,MONROE,Hamlin,3, 18 43031034,N,43.2954210,-77.9306862,8/3/13,12:10,PROPERTY DAMAGE AND INJURY,1,0,2,COLLISION WITH MOTOR VEHICLE,OVERTAKING,NONE,DAYLIGHT,CLEAR,DRY
13984,34793705,MONROE,Rochester,1, 96 43052013,Y,43.1495090,-77.5716970,5/23/13,20:47,INJURY,1,0,2,COLLISION WITH MOTOR VEHICLE,REAR END,TRAFFIC SIGNAL,DARK-ROAD LIGHTED,RAIN,WET
13984,34792527,MONROE,Rochester,1,,Y,43.1792120,-77.6590790,5/29/13,17:50,PROPERTY DAMAGE AND INJURY,3,0,2,COLLISION WITH MOTOR VEHICLE,RIGHT ANGLE,TRAFFIC SIGNAL,DAYLIGHT,CLEAR,DRY
13984,35227745,MONROE,Rochester,1,,N,43.1681851,-77.6433074,4/17/14,19:51,INJURY,1,0,2,COLLISION WITH OTHER PEDESTRIAN,OTHER,NONE,DAYLIGHT,CLEAR,DRY
13984,35044029,MONROE,Pittsford,3, 65 43031074,N,43.0406293,-77.5742658,12/15/13,20:10,INJURY,1,0,1,COLLISION WITH DEER,OTHER,NONE,DARK-ROAD UNLIGHTED,SNOW,SNOW/ICE
13984,35290100,MONROE,Rochester,1,,Y,43.1508160,-77.6289880,6/13/14,2:54,INJURY,2,0,1,COLL. W/LIGHT SUPPORT/UTILITY POLE,OTHER,NONE,DARK-ROAD LIGHTED,RAIN,WET
13984,35403981,MONROE,Rochester,1,,Y,43.1612260,-77.6102980,8/20/14,13:08,INJURY,2,0,2,COLLISION WITH MOTOR VEHICLE,RIGHT ANGLE,TRAFFIC SIGNAL,DAYLIGHT,CLOUDY,DRY
13984,35522305,MONROE,Henrietta,3,,Y,43.0683630,-77.6274750,7/26/14,23:00,FATAL,2,1,2,COLLISION WITH MOTOR VEHICLE,RIGHT ANGLE,TRAFFIC SIGNAL,DARK-ROAD LIGHTED,CLEAR,DRY
13984,34890433,MONROE,Greece,3,,N,43.1874626,-77.7015040,8/16/13,14:10,INJURY,1,0,1,COLLISION WITH BICYCLIST,OTHER,STOP SIGN,DAYLIGHT,CLEAR,DRY
13984,35041976,MONROE,Henrietta,3,,N,43.0855193,-77.6181386,12/11/13,20:58,PROPERTY DAMAGE AND INJURY,1,0,1,COLL. W/LIGHT SUPPORT/UTILITY POLE,OTHER,NONE,DARK-ROAD LIGHTED,SNOW,SNOW/ICE
13984,35042020,MONROE,Hilton,4,,N,43.2951411,-77.7999663,12/12/13,8:45,PROPERTY DAMAGE AND INJURY,1,0,2,COLLISION WITH MOTOR VEHICLE,HEAD ON,NONE,DAYLIGHT,CLEAR,SNOW/ICE
13984,35455966,MONROE,Ogden,3,,Y,43.1408500,-77.7542939,11/2/14,14:17,PROPERTY DAMAGE AND INJURY,2,0,2,COLLISION WITH MOTOR VEHICLE,RIGHT ANGLE,NONE,DAYLIGHT,CLEAR,DRY
13984,35125847,MONROE,Perinton,3,250 43011023,N,43.0687393,-77.4423731,2/4/14,7:10,PROPERTY DAMAGE AND INJURY,1,0,2,COLLISION WITH MOTOR VEHICLE,OVERTAKING,NONE,DAWN,CLEAR,DRY
13984,35032095,MONROE,Greece,3,,Y,43.2419730,-77.6400270,12/1/13,13:16,INJURY,1,0,1,COLLISION WITH PEDESTRIAN,OTHER,STOP SIGN,DAYLIGHT,CLOUDY,DRY
13984,35164960,MONROE,Rochester,1,,Y,43.1810970,-77.6265470,2/25/14,20:45,PROPERTY DAMAGE AND INJURY,1,0,2,COLLISION WITH MOTOR VEHICLE,REAR END,TRAFFIC SIGNAL,DARK-ROAD LIGHTED,CLEAR,SNOW/ICE
13984,34964336,MONROE,Greece,3,,N,43.2072616,-77.6792655,10/4/13,19:25,FATAL,0,1,1,COLLISION WITH BICYCLIST,OTHER,NONE,DARK-ROAD LIGHTED,CLEAR,DRY
13984,34688923,MONROE,Hamlin,3, 18 43031028,N,43.2955270,-77.9434235,3/8/13,14:55,PROPERTY DAMAGE AND INJURY,2,0,2,COLLISION WITH MOTOR VEHICLE,RIGHT ANGLE,STOP SIGN,DAYLIGHT,CLEAR,DRY
13984,35387149,MONROE,Henrietta,3,252 43011102,Y,43.0872860,-77.5732830,8/12/14,17:05,INJURY,2,0,2,COLLISION WITH MOTOR VEHICLE,REAR END,STOP SIGN,DAYLIGHT,CLOUDY,DRY
13984,35269693,MONROE,Rochester,1,,Y,43.1646290,-77.6324260,5/24/14,15:51,INJURY,1,0,2,COLLISION WITH MOTOR VEHICLE,REAR END,TRAFFIC SIGNAL,DAYLIGHT,CLEAR,DRY
13984,34690583,MONROE,Rochester,1,,Y,43.1900650,-77.6388730,3/9/13,19:38,PROPERTY DAMAGE AND INJURY,1,0,2,COLLISION WITH MOTOR VEHICLE,REAR END,TRAFFIC SIGNAL,DARK-ROAD LIGHTED,CLEAR,DRY
13984,34743758,MONROE,Rochester,1,,N,43.1527800,-77.5516888,4/22/13,17:28,INJURY,1,0,1,COLLISION WITH BICYCLIST,OTHER,NONE,DAYLIGHT,CLEAR,DRY
13984,35146889,MONROE,Rochester,1,104 43032018,Y,43.1941733,-77.6277400,2/16/14,18:09,PROPERTY DAMAGE AND INJURY,1,0,2,COLLISION WITH MOTOR VEHICLE,HEAD ON,TRAFFIC SIGNAL,DARK-ROAD LIGHTED,SNOW,SNOW/ICE
13984,34828180,MONROE,Gates,3,490I43021180,N,43.1577620,-77.6748233,6/25/13,16:33,PROPERTY DAMAGE AND INJURY,2,0,3,COLLISION WITH MOTOR VEHICLE,OTHER,NONE,DAYLIGHT,CLEAR,DRY
13984,35408169,MONROE,Brighton,3, 31 43033009,Y,43.1264530,-77.5646080,9/21/14,21:35,PROPERTY DAMAGE AND INJURY,4,0,2,COLLISION WITH MOTOR VEHICLE,RIGHT ANGLE,TRAFFIC SIGNAL,DARK-ROAD LIGHTED,CLEAR,DRY
13984,34710295,MONROE,Henrietta,3, 15 43031112,N,43.0915206,-77.6344227,3/26/13,14:32,PROPERTY DAMAGE AND INJURY,2,0,2,COLLISION WITH MOTOR VEHICLE,REAR END,NONE,DAYLIGHT,CLEAR,DRY
13984,34694907,MONROE,Gates,3,,Y,43.1364260,-77.7081130,3/14/13,11:30,PROPERTY DAMAGE AND INJURY,1,0,2,COLLISION WITH MOTOR VEHICLE,REAR END,NONE,DAYLIGHT,CLEAR,DRY
13984,35468512,MONROE,Irondequoit,3,,Y,43.2108000,-77.5940090,11/12/14,22:05,PROPERTY DAMAGE AND INJURY,1,0,2,COLLISION WITH MOTOR VEHICLE,REAR END,NONE,DARK-ROAD LIGHTED,CLEAR,DRY
13984,34810374,MONROE,Irondequoit,3,590 43013017,N,43.1915879,-77.5449286,5/17/13,18:24,PROPERTY DAMAGE AND INJURY,3,0,6,COLLISION WITH MOTOR VEHICLE,OTHER,NONE,DAYLIGHT,CLEAR,DRY
13984,34975046,MONROE,Spencerport,4,259 43011062,Y,43.1817350,-77.8042270,10/19/13,17:24,PROPERTY DAMAGE AND INJURY,1,0,2,COLLISION WITH MOTOR VEHICLE,LEFT TURN (AGAINST OTHER CAR),TRAFFIC SIGNAL,DAYLIGHT,CLOUDY,DRY
13984,35290086,MONROE,Rochester,1,,Y,43.1490188,-77.5812758,6/15/14,18:52,PROPERTY DAMAGE AND INJURY,1,0,1,COLLISION WITH CURBING,OTHER,NONE,DAYLIGHT,CLEAR,DRY
13984,35106694,MONROE,Rochester,1,383 43012020,Y,43.1427380,-77.6161810,1/26/14,1:30,PROPERTY DAMAGE AND INJURY,1,0,2,COLLISION WITH MOTOR VEHICLE,RIGHT ANGLE,TRAFFIC SIGNAL,DARK-ROAD LIGHTED,CLEAR,SNOW/ICE
13984,34740001,MONROE,Greece,3,,Y,43.2311640,-77.6967500,4/16/13,20:00,PROPERTY DAMAGE AND INJURY,1,0,2,COLLISION WITH MOTOR VEHICLE,RIGHT ANGLE,TRAFFIC SIGNAL,DARK-ROAD LIGHTED,CLOUDY,WET
13984,35528247,MONROE,Greece,3,,N,43.1940447,-77.7014316,12/22/14,11:20,PROPERTY DAMAGE AND INJURY,2,0,2,COLLISION WITH MOTOR VEHICLE,RIGHT TURN (AGAINST OTHER CAR),NONE,DAYLIGHT,CLEAR,DRY
13984,35523696,MONROE,Mendon,3,,N,43.0334988,-77.5229026,12/17/14,9:45,INJURY,1,0,2,COLLISION WITH MOTOR VEHICLE,REAR END,NONE,DAYLIGHT,CLOUDY,WET
13984,34873427,MONROE,Rush,3,,N,42.9858283,-77.6649380,7/21/13,0:58,PROPERTY DAMAGE AND INJURY,2,0,1,COLLISION WITH GUIDE RAIL,OTHER,NONE,DARK-ROAD UNLIGHTED,CLEAR,DRY
13984,35267210,MONROE,Sweden,3, 31 43031068,Y,43.1979931,-77.8994669,5/16/14,21:30,PROPERTY DAMAGE AND INJURY,3,0,2,COLLISION WITH MOTOR VEHICLE,LEFT TURN (AGAINST OTHER CAR),TRAFFIC SIGNAL,DARK-ROAD LIGHTED,CLEAR,DRY
13984,35418228,MONROE,Rochester,1,,Y,43.1847400,-77.5994390,9/27/14,23:31,FATAL,0,1,1,COLLISION WITH PEDESTRIAN,OTHER,NONE,DARK-ROAD LIGHTED,CLEAR,DRY
13984,35068031,MONROE,Brighton,3,390I43031142,N,43.1084060,-77.6173271,1/3/14,13:45,PROPERTY DAMAGE AND INJURY,1,0,1,COLLISION WITH GUIDE RAIL,OTHER,NONE,DAYLIGHT,CLOUDY,SNOW/ICE
13984,34744737,MONROE,Rochester,1,,N,43.1791791,-77.6036644,4/15/13,19:20,INJURY,1,0,2,COLLISION WITH MOTOR VEHICLE,OTHER,NONE,DAYLIGHT,CLEAR,DRY
13984,35242759,MONROE,Rochester,1,,Y,43.1632150,-77.6216080,3/14/14,13:04,INJURY,1,0,1,COLLISION WITH BICYCLIST,OTHER,TRAFFIC SIGNAL,DAYLIGHT,CLEAR,SNOW/ICE