QUERYID,CASE #,REGN_CNTY_CDE,Municipality,MUNITYPE,REF_MRKR,ATINTERSECTION_IND,Lat,Long,,Time,Crash Type,Injuries,Fatalities,Number of Vehicles,ACCD_TYP,COLLISION_TYP,TRAF_CNTL,Light Condition,Weather Condition,Road Surface Condition
13984,35273484,MONROE,Rochester,1,,N,43.1447537,-77.6302982,5/26/14,16:33,INJURY,1,0,1,COLLISION WITH PEDESTRIAN,OTHER,NONE,DAYLIGHT,CLEAR,DRY
13984,34792810,MONROE,Rochester,1,490I43022066,N,43.1442708,-77.5525713,5/26/13,6:32,PROPERTY DAMAGE AND INJURY,1,0,2,COLLISION WITH MOTOR VEHICLE,OVERTAKING,NONE,DAYLIGHT,CLEAR,DRY
13984,34883510,MONROE,Spencerport,4,,Y,43.1917071,-77.8020021,8/6/13,16:30,INJURY,1,0,2,COLLISION WITH MOTOR VEHICLE,RIGHT ANGLE,NONE,DAYLIGHT,CLEAR,DRY
13984,35159659,MONROE,Brockport,4, 19 43041058,Y,43.2160312,-77.9383414,2/12/14,12:23,PROPERTY DAMAGE AND INJURY,1,0,2,COLLISION WITH MOTOR VEHICLE,REAR END,NONE,DAYLIGHT,CLEAR,WET
13984,34902413,MONROE,Chili,3, 33A43021104,N,43.1060041,-77.7484632,8/18/13,16:50,INJURY,1,0,1,COLLISION WITH BICYCLIST,OTHER,NONE,DAYLIGHT,CLEAR,DRY
13984,35356702,MONROE,Rochester,1,490I43022007,N,43.1574394,-77.6602962,6/19/14,15:51,INJURY,1,0,3,COLLISION WITH MOTOR VEHICLE,OTHER,NONE,DAYLIGHT,CLEAR,DRY
13984,35046037,MONROE,Rochester,1,,N,43.1498675,-77.5650990,12/16/13,11:54,PROPERTY DAMAGE AND INJURY,1,0,2,COLLISION WITH MOTOR VEHICLE,RIGHT TURN (WITH OTHER CAR),NONE,DAYLIGHT,CLOUDY,SLUSH
13984,35371536,MONROE,Perinton,3, 96 43051007,Y,43.0395850,-77.4581180,8/19/14,9:00,PROPERTY DAMAGE AND INJURY,1,0,2,COLLISION WITH MOTOR VEHICLE,REAR END,TRAFFIC SIGNAL,DAYLIGHT,CLOUDY,DRY
13984,34690597,MONROE,Rochester,1,,Y,43.1811090,-77.5873490,3/9/13,16:17,INJURY,1,0,1,COLLISION WITH BICYCLIST,OTHER,TRAFFIC SIGNAL,DAYLIGHT,CLEAR,DRY
13984,35500234,MONROE,Rochester,1,,Y,43.1419250,-77.6583230,11/29/14,17:08,PROPERTY DAMAGE AND INJURY,2,0,2,COLLISION WITH MOTOR VEHICLE,RIGHT ANGLE,STOP SIGN,DARK-ROAD LIGHTED,CLEAR,DRY
13984,35327368,MONROE,Sweden,3, 19 43041033,N,43.1799712,-77.9448151,7/2/14,15:16,PROPERTY DAMAGE AND INJURY,1,0,2,COLLISION WITH MOTOR VEHICLE,REAR END,NONE,DAYLIGHT,CLEAR,DRY
13984,34701624,MONROE,Mendon,3, 64 43021017,Y,42.9648260,-77.5024869,3/17/13,11:52,PROPERTY DAMAGE AND INJURY,1,0,2,COLLISION WITH MOTOR VEHICLE,RIGHT ANGLE,STOP SIGN,DAYLIGHT,SNOW,WET
13984,35282598,MONROE,Irondequoit,3,590 43013007,Y,43.1768410,-77.5425530,6/4/14,10:25,INJURY,1,0,2,COLLISION WITH MOTOR VEHICLE,REAR END,TRAFFIC SIGNAL,DAYLIGHT,CLEAR,DRY
13984,35325167,MONROE,Brighton,3,590I43011023,N,43.1082867,-77.5658778,6/3/14,17:20,PROPERTY DAMAGE AND INJURY,1,0,3,COLLISION WITH MOTOR VEHICLE,OTHER,NONE,DAYLIGHT,CLEAR,DRY
13984,34936795,MONROE,Pittsford,4,252 43011127,Y,43.0873550,-77.5231010,9/16/13,11:15,PROPERTY DAMAGE AND INJURY,1,0,1,COLL. W/LIGHT SUPPORT/UTILITY POLE,OTHER,TRAFFIC SIGNAL,DAYLIGHT,RAIN,WET
13984,35041873,MONROE,Greece,3, 18 43031226,Y,43.2239147,-77.6417600,12/13/13,11:14,INJURY,1,0,2,COLLISION WITH MOTOR VEHICLE,REAR END,TRAFFIC SIGNAL,DAYLIGHT,SNOW,SNOW/ICE
13984,35190559,MONROE,Webster,3,404 43035079,N,43.2062340,-77.4705191,3/15/14,12:38,INJURY,1,0,3,COLLISION WITH MOTOR VEHICLE,OTHER,TRAFFIC SIGNAL,DAYLIGHT,CLOUDY,DRY
13984,35133727,MONROE,Brighton,3,,N,43.1074610,-77.5759661,2/12/14,10:59,INJURY,1,0,2,COLLISION WITH MOTOR VEHICLE,REAR END,YIELD SIGN,DAYLIGHT,CLEAR,WET
13984,35012626,MONROE,Sweden,3, 31 43031068,Y,43.1979931,-77.8994669,11/15/13,17:52,PROPERTY DAMAGE AND INJURY,1,0,2,COLLISION WITH MOTOR VEHICLE,LEFT TURN (WITH OTHER CAR),TRAFFIC SIGNAL,DARK-ROAD LIGHTED,CLEAR,DRY
13984,34887666,MONROE,Penfield,3,250 43011067,N,43.1312322,-77.4413354,8/8/13,17:03,PROPERTY DAMAGE AND INJURY,2,0,2,COLLISION WITH MOTOR VEHICLE,RIGHT ANGLE,NONE,DAYLIGHT,RAIN,WET
13984,34920090,MONROE,Rochester,1,,N,43.1812994,-77.6473841,9/1/13,15:01,INJURY,1,0,1,COLLISION WITH BICYCLIST,OTHER,NONE,DAYLIGHT,CLEAR,DRY
13984,35434232,MONROE,Rochester,1,,N,43.1522135,-77.5987036,10/15/14,7:14,INJURY,1,0,2,COLLISION WITH CURBING,RIGHT ANGLE,NONE,DAYLIGHT,RAIN,WET
13984,35450941,MONROE,Perinton,3, 31 43033062,Y,43.0787380,-77.4845831,10/30/14,8:45,PROPERTY DAMAGE AND INJURY,2,0,2,COLLISION WITH MOTOR VEHICLE,LEFT TURN (WITH OTHER CAR),STOP SIGN,DAYLIGHT,CLEAR,DRY
13984,35051042,MONROE,Perinton,3, 31 43033089,N,43.0685443,-77.4328891,12/16/13,12:36,PROPERTY DAMAGE AND INJURY,1,0,3,COLLISION WITH MOTOR VEHICLE,OTHER,NONE,DAYLIGHT,CLEAR,WET
13984,35363556,MONROE,Rochester,1, 31 43032057,Y,43.1385932,-77.5796900,8/9/14,23:30,INJURY,1,0,2,COLLISION WITH MOTOR VEHICLE,OVERTAKING,NONE,DARK-ROAD LIGHTED,CLEAR,DRY
13984,34863017,MONROE,Rochester,1,,N,43.1956187,-77.6269887,7/25/13,0:21,INJURY,1,0,1,COLLISION WITH PEDESTRIAN,OTHER,NONE,DARK-ROAD LIGHTED,CLEAR,DRY
13984,34859595,MONROE,Irondequoit,3,,Y,43.1969667,-77.5924321,7/19/13,11:54,INJURY,2,0,3,COLLISION WITH MOTOR VEHICLE,OTHER,TRAFFIC SIGNAL,DAYLIGHT,CLEAR,DRY
13984,34949718,MONROE,Brighton,3,490I43023000,N,43.1430145,-77.5464374,10/6/13,6:00,PROPERTY DAMAGE AND INJURY,1,0,1,COLLISION WITH OTHER BARRIER,OTHER,NONE,DARK-ROAD LIGHTED,CLOUDY,WET
13984,34955560,MONROE,Henrietta,3,,N,43.0469936,-77.6036439,10/9/13,0:46,PROPERTY DAMAGE AND INJURY,1,0,2,COLLISION WITH MOTOR VEHICLE,REAR END,NONE,DARK-ROAD UNLIGHTED,CLEAR,DRY
13984,35380006,MONROE,Henrietta,3,390I43031122,N,43.0946991,-77.6018035,8/15/14,0:35,INJURY,1,0,2,COLLISION WITH MOTOR VEHICLE,REAR END,NONE,DARK-ROAD UNLIGHTED,CLOUDY,DRY
13984,34950023,MONROE,Pittsford,3,490I43023026,N,43.1187678,-77.5101223,9/26/13,21:15,PROPERTY DAMAGE AND INJURY,1,0,2,COLLISION WITH MOTOR VEHICLE,REAR END,HIGHWAY WORK AREA,DARK-ROAD LIGHTED,CLEAR,DRY
13984,34832210,MONROE,Henrietta,3,252 43011073,N,43.0871380,-77.6296938,6/29/13,15:30,INJURY,2,0,2,COLLISION WITH MOTOR VEHICLE,REAR END,TRAFFIC SIGNAL,DAYLIGHT,CLEAR,DRY
13984,34956107,MONROE,Rochester,1, 31 43032046,Y,43.1488300,-77.5976610,9/24/13,18:30,INJURY,1,0,1,OVERTURNED,OTHER,UNKNOWN,UNKNOWN,UNKNOWN,UNKNOWN
13984,34697880,MONROE,Penfield,3,250 43011074,N,43.1416608,-77.4406402,3/9/13,12:04,PROPERTY DAMAGE AND INJURY,2,0,2,COLLISION WITH MOTOR VEHICLE,RIGHT ANGLE,TRAFFIC SIGNAL,DAYLIGHT,CLEAR,DRY
13984,35390233,MONROE,Chili,3,390I43033001,N,43.1222996,-77.6474210,8/29/14,7:18,PROPERTY DAMAGE AND INJURY,1,0,2,COLLISION WITH MOTOR VEHICLE,REAR END,YIELD SIGN,DAYLIGHT,CLEAR,DRY
13984,35527240,MONROE,Perinton,3, 31F43011027,N,43.1022608,-77.4686991,12/24/14,12:40,PROPERTY DAMAGE AND INJURY,1,0,2,COLLISION WITH MOTOR VEHICLE,RIGHT ANGLE,TRAFFIC SIGNAL,DAYLIGHT,CLOUDY,WET
13984,35368731,MONROE,Rochester,1,,Y,43.1584300,-77.6154310,8/16/14,20:40,INJURY,1,0,2,COLLISION WITH MOTOR VEHICLE,RIGHT ANGLE,TRAFFIC SIGNAL,DARK-ROAD LIGHTED,RAIN,WET
13984,34902429,MONROE,Brighton,3, 31 43033008,Y,43.1270970,-77.5653270,8/26/13,11:33,PROPERTY DAMAGE AND INJURY,1,0,2,COLLISION WITH MOTOR VEHICLE,RIGHT ANGLE,TRAFFIC SIGNAL,DAYLIGHT,CLOUDY,WET
13984,34979174,MONROE,Greece,3,,N,43.2082582,-77.6745190,10/24/13,18:32,PROPERTY DAMAGE AND INJURY,1,0,2,COLLISION WITH MOTOR VEHICLE,REAR END,YIELD SIGN,DARK-ROAD LIGHTED,RAIN,WET
13984,34715349,MONROE,Henrietta,3, 15 43031114,N,43.0937580,-77.6332141,3/29/13,15:17,PROPERTY DAMAGE AND INJURY,3,0,3,COLLISION WITH MOTOR VEHICLE,OTHER,NONE,DAYLIGHT,CLEAR,DRY
13984,35103893,MONROE,Rochester,1, 31 43032055,N,43.1408520,-77.5836880,1/25/14,21:50,INJURY,1,0,2,COLLISION WITH MOTOR VEHICLE,REAR END,NO PASSING ZONE,DARK-ROAD LIGHTED,CLOUDY,SNOW/ICE
13984,35415860,MONROE,Greece,3,,Y,43.2058530,-77.6702690,9/23/14,11:29,PROPERTY DAMAGE AND INJURY,1,0,2,COLLISION WITH MOTOR VEHICLE,REAR END,TRAFFIC SIGNAL,DAYLIGHT,CLEAR,DRY
13984,34969274,MONROE,Rochester,1, 33 43032011,Y,43.1499590,-77.6522699,10/21/13,12:54,PROPERTY DAMAGE AND INJURY,1,0,1,COLLISION WITH PEDESTRIAN,OTHER,NONE,DAYLIGHT,CLOUDY,DRY
13984,35037459,MONROE,Rochester,1,,Y,43.1604420,-77.5916370,11/29/13,15:12,PROPERTY DAMAGE AND INJURY,1,0,2,COLLISION WITH MOTOR VEHICLE,REAR END,NONE,DAYLIGHT,CLEAR,WET
13984,35272849,MONROE,Parma,3,259 43011153,Y,43.3103720,-77.7943240,5/25/14,19:29,INJURY,2,0,2,COLLISION WITH MOTOR VEHICLE,RIGHT ANGLE,STOP SIGN,DAYLIGHT,CLEAR,DRY
13984,34745263,MONROE,Webster,3,,N,43.2339791,-77.5140479,4/22/13,21:48,PROPERTY DAMAGE AND INJURY,1,0,2,COLLISION WITH MOTOR VEHICLE,REAR END,NONE,DARK-ROAD LIGHTED,CLEAR,DRY
13984,34916471,MONROE,Pittsford,3, 31 43033028,N,43.1048328,-77.5404130,9/6/13,11:10,INJURY,1,0,3,COLLISION WITH MOTOR VEHICLE,OTHER,NONE,DAYLIGHT,CLEAR,DRY
13984,35024236,MONROE,Rochester,1,,Y,43.1808420,-77.5991820,11/24/13,2:46,INJURY,1,0,1,COLLISION WITH PEDESTRIAN,OTHER,TRAFFIC SIGNAL,DARK-ROAD LIGHTED,SNOW,SNOW/ICE
13984,35087319,MONROE,Gates,3, 31 43031166,Y,43.1729698,-77.7173500,1/15/14,16:26,INJURY,1,0,2,COLLISION WITH MOTOR VEHICLE,RIGHT ANGLE,NONE,DAYLIGHT,CLOUDY,DRY
13984,35515108,MONROE,Webster,3,,Y,43.2494745,-77.4197210,12/15/14,16:51,PROPERTY DAMAGE AND INJURY,1,0,2,COLLISION WITH MOTOR VEHICLE,REAR END,NONE,DARK-ROAD UNLIGHTED,CLOUDY,DRY
13984,34731310,MONROE,Rochester,1, 96 43052030,Y,43.1570580,-77.6023750,4/8/13,19:07,INJURY,1,0,1,COLLISION WITH PEDESTRIAN,OTHER,NONE,DUSK,CLEAR,DRY
13984,34704470,MONROE,Rochester,1, 33 43032002,N,43.1499606,-77.6663878,3/22/13,10:00,PROPERTY DAMAGE AND INJURY,2,0,2,COLLISION WITH MOTOR VEHICLE,SIDESWIPE,NONE,DAYLIGHT,SNOW,SNOW/ICE
13984,35364168,MONROE,Rochester,1,,N,43.1559283,-77.5854212,8/14/14,13:40,PROPERTY DAMAGE AND INJURY,1,0,2,COLLISION WITH MOTOR VEHICLE,HEAD ON,NONE,DAYLIGHT,CLOUDY,DRY
13984,34959017,MONROE,Henrietta,3,,Y,43.0685060,-77.6203620,9/28/13,8:32,PROPERTY DAMAGE AND INJURY,1,0,2,COLLISION WITH MOTOR VEHICLE,LEFT TURN (AGAINST OTHER CAR),TRAFFIC SIGNAL,DAYLIGHT,CLEAR,DRY
13984,34813232,MONROE,Hilton,4,,N,43.2917511,-77.7811286,6/12/13,7:32,INJURY,1,0,2,COLLISION WITH MOTOR VEHICLE,RIGHT ANGLE,STOP SIGN,DAYLIGHT,CLEAR,DRY
13984,34784857,MONROE,Rochester,1,,Y,43.1646350,-77.6310590,4/26/13,15:06,INJURY,2,0,3,COLLISION WITH MOTOR VEHICLE,OTHER,NONE,DAYLIGHT,CLEAR,DRY
13984,35267359,MONROE,Rochester,1,,Y,43.1461640,-77.6360491,5/21/14,12:33,PROPERTY DAMAGE AND INJURY,1,0,3,COLLISION WITH MOTOR VEHICLE,OTHER,NONE,DAYLIGHT,CLOUDY,DRY
13984,35132143,MONROE,Perinton,3,,N,43.1113659,-77.4663200,2/5/14,13:25,PROPERTY DAMAGE AND INJURY,1,0,1,OTHER NON-COLLISION,OTHER,NONE,DAYLIGHT,SNOW,SNOW/ICE
13984,34868837,MONROE,Rochester,1,490I43022039,N,43.1480428,-77.6021158,7/28/13,6:51,PROPERTY DAMAGE AND INJURY,1,0,1,COLLISION WITH OTHER BARRIER,OTHER,NONE,DAYLIGHT,CLOUDY,WET
13984,34929432,MONROE,Chili,3, 33 43031068,N,43.1198198,-77.8054609,8/15/13,9:45,PROPERTY DAMAGE AND INJURY,1,0,2,COLLISION WITH MOTOR VEHICLE,REAR END,NONE,DAYLIGHT,CLEAR,DRY
13984,35248764,MONROE,Gates,3, 33 43031110,Y,43.1438460,-77.7322930,5/5/14,11:59,PROPERTY DAMAGE AND INJURY,1,0,2,COLLISION WITH MOTOR VEHICLE,LEFT TURN (AGAINST OTHER CAR),TRAFFIC SIGNAL,DAYLIGHT,CLEAR,DRY
13984,35137079,MONROE,Perinton,3,,N,43.0952437,-77.4620695,2/14/14,8:52,PROPERTY DAMAGE AND INJURY,2,0,2,COLLISION WITH MOTOR VEHICLE,REAR END,NONE,DAYLIGHT,CLOUDY,SNOW/ICE
13984,34803810,MONROE,Rochester,1,,Y,43.1861840,-77.6388790,6/4/13,16:00,PROPERTY DAMAGE AND INJURY,2,0,3,COLLISION WITH MOTOR VEHICLE,OTHER,TRAFFIC SIGNAL,DAYLIGHT,CLEAR,DRY
13984,35213660,MONROE,Parma,3, 18 43031147,N,43.2590460,-77.7547016,4/4/14,17:24,PROPERTY DAMAGE AND INJURY,2,0,3,COLLISION WITH MOTOR VEHICLE,OTHER,NONE,DAYLIGHT,CLOUDY,WET
13984,35314828,MONROE,Greece,3,,Y,43.2100080,-77.6773990,7/1/14,17:42,INJURY,2,0,2,COLLISION WITH MOTOR VEHICLE,REAR END,NONE,DAYLIGHT,CLOUDY,DRY
13984,35046131,MONROE,Rochester,1, 31 43032017,Y,43.1646310,-77.6422550,12/11/13,15:35,INJURY,1,0,2,COLLISION WITH MOTOR VEHICLE,REAR END,TRAFFIC SIGNAL,DAYLIGHT,SNOW,SNOW/ICE
13984,35213851,MONROE,Rochester,1, 31 43032002,Y,43.1646900,-77.6725200,3/28/14,17:50,INJURY,1,0,2,COLLISION WITH MOTOR VEHICLE,RIGHT ANGLE,TRAFFIC SIGNAL,DAYLIGHT,RAIN,WET
13984,34790485,MONROE,Greece,3,,N,43.2072360,-77.6799975,5/20/13,7:00,PROPERTY DAMAGE AND INJURY,1,0,2,COLLISION WITH MOTOR VEHICLE,REAR END,NONE,DAYLIGHT,CLEAR,DRY
13984,35159521,MONROE,Perinton,3, 31 43033082,Y,43.0702900,-77.4476350,2/28/14,7:32,PROPERTY DAMAGE AND INJURY,2,0,2,COLLISION WITH MOTOR VEHICLE,RIGHT ANGLE,TRAFFIC SIGNAL,DAYLIGHT,CLEAR,WET
13984,34766119,MONROE,Perinton,3, 31F43011054,N,43.0982005,-77.4273645,5/8/13,20:19,PROPERTY DAMAGE AND INJURY,2,0,2,COLLISION WITH MOTOR VEHICLE,HEAD ON,NONE,DUSK,RAIN,WET
13984,34935275,MONROE,Rochester,1,490I43022058,N,43.1436532,-77.5680638,9/10/13,7:52,PROPERTY DAMAGE AND INJURY,1,0,2,COLLISION WITH MOTOR VEHICLE,OVERTAKING,NONE,DAYLIGHT,CLOUDY,WET
13984,35333008,MONROE,Chili,3,252 43011044,N,43.0930156,-77.6843251,7/14/14,17:29,PROPERTY DAMAGE AND INJURY,1,0,2,COLLISION WITH MOTOR VEHICLE,REAR END,OTHER,DAYLIGHT,CLEAR,DRY
13984,34869128,MONROE,Penfield,3,,Y,43.1955650,-77.4431711,7/19/13,14:11,PROPERTY DAMAGE AND INJURY,1,0,2,COLLISION WITH MOTOR VEHICLE,RIGHT ANGLE,STOP SIGN,DAYLIGHT,CLEAR,DRY
13984,34742013,MONROE,Greece,3,,N,43.2601406,-77.6653370,3/22/13,1:05,PROPERTY DAMAGE AND INJURY,1,0,1,COLL. W/LIGHT SUPPORT/UTILITY POLE,OTHER,NONE,DARK-ROAD LIGHTED,SNOW,SNOW/ICE
13984,35436341,MONROE,Brighton,3,441 43011103,N,43.1291139,-77.5244828,10/18/14,13:46,PROPERTY DAMAGE AND INJURY,2,0,3,COLLISION WITH MOTOR VEHICLE,OTHER,TRAFFIC SIGNAL,DAYLIGHT,CLOUDY,WET
13984,34733381,MONROE,Rochester,1,,Y,43.1801610,-77.5913960,4/13/13,22:27,PROPERTY DAMAGE AND INJURY,1,0,2,COLLISION WITH MOTOR VEHICLE,LEFT TURN (WITH OTHER CAR),NONE,DARK-ROAD LIGHTED,CLEAR,DRY
13984,35042029,MONROE,Wheatland,3,,N,43.0072899,-77.8927808,12/13/13,14:15,PROPERTY DAMAGE AND INJURY,1,0,1,OVERTURNED,OTHER,NONE,DAYLIGHT,SNOW,SNOW/ICE
13984,34789031,MONROE,Rochester,1,,Y,43.1517044,-77.6375204,5/27/13,15:20,PROPERTY DAMAGE AND INJURY,2,0,2,COLLISION WITH MOTOR VEHICLE,RIGHT ANGLE,STOP SIGN,DAYLIGHT,CLEAR,DRY
13984,35483395,MONROE,Greece,3,941A43011004,N,43.2529199,-77.6383398,10/31/14,21:42,FATAL,1,1,1,COLLISION WITH PEDESTRIAN,OTHER,NONE,DARK-ROAD LIGHTED,RAIN,WET
13984,34940319,MONROE,Penfield,3,441 43011052,Y,43.1308270,-77.4413170,9/24/13,19:17,PROPERTY DAMAGE AND INJURY,2,0,2,COLLISION WITH MOTOR VEHICLE,RIGHT ANGLE,TRAFFIC SIGNAL,DARK-ROAD LIGHTED,CLEAR,DRY
13984,35041019,MONROE,Rochester,1,,Y,43.1711080,-77.6074840,12/12/13,17:18,INJURY,1,0,2,COLLISION WITH CURBING,REAR END,TRAFFIC SIGNAL,DARK-ROAD LIGHTED,SNOW,SNOW/ICE
13984,35039384,MONROE,Rochester,1, 31 43032049,Y,43.1458873,-77.5925424,12/8/13,20:10,INJURY,1,0,2,COLLISION WITH MOTOR VEHICLE,REAR END,TRAFFIC SIGNAL,DARK-ROAD LIGHTED,CLOUDY,DRY
13984,35276356,MONROE,Rochester,1,,Y,43.1947990,-77.6287641,5/31/14,21:04,PROPERTY DAMAGE AND INJURY,1,0,2,COLLISION WITH MOTOR VEHICLE,LEFT TURN (AGAINST OTHER CAR),TRAFFIC SIGNAL,DUSK,CLEAR,DRY
13984,35344480,MONROE,Ogden,3,259 43011031,Y,43.1371895,-77.8065331,7/29/14,16:35,PROPERTY DAMAGE AND INJURY,1,0,1,COLLISION WITH BICYCLIST,OTHER,STOP SIGN,DAYLIGHT,CLOUDY,DRY
13984,35472195,MONROE,Brighton,3, 15 43031126,Y,43.1101900,-77.6247610,11/15/14,18:28,PROPERTY DAMAGE AND INJURY,1,0,4,COLLISION WITH MOTOR VEHICLE,OTHER,TRAFFIC SIGNAL,DARK-ROAD LIGHTED,CLOUDY,DRY
13984,35268635,MONROE,Rochester,1,,N,43.1597068,-77.5475370,5/10/14,11:21,PROPERTY DAMAGE AND INJURY,1,0,2,COLLISION WITH MOTOR VEHICLE,LEFT TURN (WITH OTHER CAR),NONE,DAYLIGHT,CLEAR,DRY
13984,35391448,MONROE,Brighton,3, 31 43033008,Y,43.1270970,-77.5653270,9/9/14,11:36,PROPERTY DAMAGE AND INJURY,2,0,2,COLLISION WITH MOTOR VEHICLE,LEFT TURN (AGAINST OTHER CAR),TRAFFIC SIGNAL,DAYLIGHT,CLEAR,DRY
13984,34904725,MONROE,Brighton,3,590 43011004,N,43.1479133,-77.5408269,8/23/13,12:40,INJURY,1,0,1,RAN OFF ROAD ONLY,OTHER,NONE,DAYLIGHT,CLEAR,DRY
13984,35415100,MONROE,Henrietta,3, 15 43031095,N,43.0686250,-77.6466897,9/23/14,19:43,PROPERTY DAMAGE AND INJURY,1,0,2,COLLISION WITH MOTOR VEHICLE,RIGHT ANGLE,NONE,DUSK,CLEAR,DRY
13984,35082744,MONROE,Gates,3,390 43011005,N,43.1633417,-77.6825332,1/7/14,17:12,PROPERTY DAMAGE AND INJURY,1,0,2,COLLISION WITH MOTOR VEHICLE,REAR END,NONE,DUSK,CLOUDY,SNOW/ICE
13984,35526090,MONROE,Greece,3,390 43011033,N,43.2031985,-77.6767529,12/23/14,17:00,PROPERTY DAMAGE AND INJURY,1,0,3,COLLISION WITH MOTOR VEHICLE,OTHER,NONE,DARK-ROAD LIGHTED,CLOUDY,DRY
13984,35332912,MONROE,Rochester,1, 96 43052022,Y,43.1534640,-77.5881780,7/14/14,18:50,PROPERTY DAMAGE AND INJURY,2,0,2,COLLISION WITH MOTOR VEHICLE,RIGHT TURN (AGAINST OTHER CAR),TRAFFIC SIGNAL,DAYLIGHT,CLEAR,DRY
13984,35213867,MONROE,Rochester,1, 33A43022008,N,43.1451874,-77.6513431,3/28/14,20:39,INJURY,1,0,1,COLLISION WITH PEDESTRIAN,OTHER,NONE,DARK-ROAD LIGHTED,CLEAR,DRY
13984,34726698,MONROE,Fairport,4,250 43011048,Y,43.1047910,-77.4418770,4/4/13,13:55,INJURY,1,0,3,COLLISION WITH MOTOR VEHICLE,OTHER,TRAFFIC SIGNAL,DAYLIGHT,CLEAR,DRY
13984,35487129,MONROE,Henrietta,3,390I43031123,N,43.0946525,-77.6022510,11/18/14,11:29,PROPERTY DAMAGE AND INJURY,1,0,2,COLLISION WITH MOTOR VEHICLE,REAR END,NONE,DAYLIGHT,CLOUDY,DRY
13984,34914025,MONROE,Wheatland,3,383 43011071,Y,43.0300320,-77.7420679,9/5/13,15:08,PROPERTY DAMAGE AND INJURY,1,0,2,COLLISION WITH MOTOR VEHICLE,LEFT TURN (AGAINST OTHER CAR),NONE,DAYLIGHT,CLEAR,DRY
13984,34883470,MONROE,Rochester,1,,Y,43.1570470,-77.5489610,7/24/13,10:00,PROPERTY DAMAGE AND INJURY,2,0,2,COLLISION WITH MOTOR VEHICLE,LEFT TURN (AGAINST OTHER CAR),TRAFFIC SIGNAL,DAYLIGHT,CLEAR,DRY
13984,35081367,MONROE,Rochester,1,,Y,43.1595760,-77.6196200,1/10/14,17:29,INJURY,1,0,1,COLLISION WITH PEDESTRIAN,OTHER,NONE,DARK-ROAD LIGHTED,CLEAR,DRY
13984,35424254,MONROE,Rochester,1,,Y,43.1646290,-77.6324260,10/3/14,11:53,INJURY,1,0,2,COLLISION WITH MOTOR VEHICLE,RIGHT ANGLE,TRAFFIC SIGNAL,DAYLIGHT,CLEAR,DRY
13984,34945949,MONROE,Rochester,1,940M43011001,Y,43.1658480,-77.6241870,9/23/13,14:05,INJURY,1,0,1,COLLISION WITH BICYCLIST,OTHER,STOP SIGN,DAYLIGHT,CLEAR,DRY
13984,35478988,MONROE,Brighton,3,490I43023001,N,43.1428075,-77.5456316,11/20/14,9:00,INJURY,2,0,2,COLLISION WITH MOTOR VEHICLE,REAR END,NONE,DAYLIGHT,CLEAR,WET
13984,35419373,MONROE,Rochester,1,,Y,43.1757210,-77.5801230,9/16/14,17:19,INJURY,1,0,1,COLLISION WITH BICYCLIST,OTHER,STOP SIGN,DAYLIGHT,CLEAR,DRY
13984,35305289,MONROE,Webster,4,104 43035274,N,43.2157278,-77.4299048,6/25/14,2:43,INJURY,1,0,2,COLLISION WITH MOTOR VEHICLE,REAR END,NONE,DARK-ROAD UNLIGHTED,CLOUDY,WET
13984,35279156,MONROE,Gates,3,390 43011012,N,43.1742925,-77.6834430,5/22/14,12:28,PROPERTY DAMAGE AND INJURY,2,0,2,COLLISION WITH MOTOR VEHICLE,REAR END,NONE,DAYLIGHT,CLEAR,DRY
13984,35039970,MONROE,Rochester,1,490I43022043,N,43.1431813,-77.5983702,12/13/13,12:05,PROPERTY DAMAGE AND INJURY,1,0,2,COLLISION WITH MOTOR VEHICLE,REAR END,NONE,DAYLIGHT,CLOUDY,SNOW/ICE
13984,34928859,MONROE,Brighton,3,390I43031146,Y,43.1122970,-77.6236169,9/18/13,15:34,PROPERTY DAMAGE AND INJURY,2,0,2,COLLISION WITH MOTOR VEHICLE,LEFT TURN (WITH OTHER CAR),TRAFFIC SIGNAL,DAYLIGHT,CLEAR,DRY
13984,34847666,MONROE,Pittsford,4, 96 43051058,Y,43.0901120,-77.5157520,7/9/13,8:20,INJURY,1,0,1,COLLISION WITH BICYCLIST,OTHER,NONE,DAYLIGHT,CLOUDY,DRY
13984,35133699,MONROE,Perinton,3,,N,43.0790784,-77.4417469,2/7/14,17:49,PROPERTY DAMAGE AND INJURY,1,0,2,COLLISION WITH MOTOR VEHICLE,RIGHT ANGLE,NONE,DARK-ROAD LIGHTED,CLEAR,DRY