QUERYID,CASE #,REGN_CNTY_CDE,Municipality,MUNITYPE,REF_MRKR,ATINTERSECTION_IND,Lat,Long,,Time,Crash Type,Injuries,Fatalities,Number of Vehicles,ACCD_TYP,COLLISION_TYP,TRAF_CNTL,Light Condition,Weather Condition,Road Surface Condition
13984,34839141,MONROE,Henrietta,3,252 43011081,N,43.0871294,-77.6135804,6/20/13,13:24,PROPERTY DAMAGE AND INJURY,1,0,1,COLLISION WITH SIGN POST,OTHER,NONE,DAYLIGHT,CLEAR,DRY
13984,35403634,MONROE,Penfield,3,,Y,43.1266250,-77.4640620,9/19/14,14:55,INJURY,1,0,1,COLLISION WITH BICYCLIST,OTHER,STOP SIGN,DAYLIGHT,CLEAR,DRY
13984,35289995,MONROE,Rochester,1,,Y,43.1243940,-77.6236920,6/8/14,14:48,PROPERTY DAMAGE AND INJURY,1,0,2,COLLISION WITH MOTOR VEHICLE,LEFT TURN (WITH OTHER CAR),TRAFFIC SIGNAL,DAYLIGHT,CLOUDY,DRY
13984,35427622,MONROE,Perinton,3, 31F43011028,N,43.1022590,-77.4664203,10/10/14,12:30,PROPERTY DAMAGE AND INJURY,2,0,2,COLLISION WITH MOTOR VEHICLE,RIGHT ANGLE,NONE,DAYLIGHT,CLEAR,DRY
13984,35106647,MONROE,Rochester,1,,N,43.1748128,-77.6394564,1/26/14,14:44,PROPERTY DAMAGE AND INJURY,2,0,3,COLLISION WITH MOTOR VEHICLE,OTHER,NONE,DAYLIGHT,CLOUDY,SLUSH
13984,35053824,MONROE,Greece,3,,Y,43.1919630,-77.6801730,12/17/13,7:27,PROPERTY DAMAGE AND INJURY,1,0,3,COLLISION WITH MOTOR VEHICLE,OTHER,TRAFFIC SIGNAL,DAYLIGHT,CLOUDY,SNOW/ICE
13984,34844718,MONROE,Webster,3,404 43035085,N,43.2089755,-77.4591660,7/8/13,12:03,PROPERTY DAMAGE AND INJURY,2,0,2,COLLISION WITH MOTOR VEHICLE,OVERTAKING,NONE,DAYLIGHT,CLEAR,DRY
13984,34745266,MONROE,Brighton,3,441 43011103,N,43.1291440,-77.5248890,4/23/13,17:34,PROPERTY DAMAGE AND INJURY,1,0,2,COLLISION WITH MOTOR VEHICLE,LEFT TURN (AGAINST OTHER CAR),TRAFFIC SIGNAL,DAYLIGHT,CLEAR,DRY
13984,35354985,MONROE,Rochester,1,,N,43.1616072,-77.6082456,8/6/14,10:46,INJURY,1,0,1,COLLISION WITH FENCE,OTHER,NONE,DAYLIGHT,CLEAR,DRY
13984,35346623,MONROE,Rochester,1,,Y,43.1664560,-77.6337820,7/12/14,2:13,PROPERTY DAMAGE AND INJURY,1,0,2,COLLISION WITH MOTOR VEHICLE,RIGHT ANGLE,STOP SIGN,DARK-ROAD LIGHTED,CLEAR,DRY
13984,35406636,MONROE,Irondequoit,3,590 43013015,N,43.1883359,-77.5440901,9/20/14,12:44,PROPERTY DAMAGE AND INJURY,1,0,2,COLLISION WITH MOTOR VEHICLE,REAR END,NONE,DAYLIGHT,CLEAR,DRY
13984,35316037,MONROE,Webster,3,,N,43.2513095,-77.4811017,7/4/14,14:08,INJURY,1,0,1,OVERTURNED,OTHER,NONE,DAYLIGHT,CLEAR,DRY
13984,34804016,MONROE,Rochester,1,,Y,43.1517160,-77.6439421,5/8/13,10:32,PROPERTY DAMAGE AND INJURY,1,0,2,COLLISION WITH MOTOR VEHICLE,RIGHT ANGLE,STOP SIGN,DAYLIGHT,CLEAR,DRY
13984,34792530,MONROE,Rochester,1,,N,43.1349871,-77.6487549,6/1/13,18:09,INJURY,1,0,1,COLLISION WITH PEDESTRIAN,OTHER,NONE,DAYLIGHT,CLEAR,DRY
13984,35301967,MONROE,Sweden,3,,Y,43.1983450,-77.9588663,6/20/14,23:02,INJURY,2,0,2,COLLISION WITH MOTOR VEHICLE,REAR END,TRAFFIC SIGNAL,DARK-ROAD LIGHTED,CLEAR,DRY
13984,34916972,MONROE,Rochester,1,,N,43.1370968,-77.6069400,9/4/13,13:17,INJURY,1,0,2,COLLISION WITH MOTOR VEHICLE,REAR END,NONE,DAYLIGHT,CLEAR,DRY
13984,35372640,MONROE,Greece,3,104 43031128,Y,43.2174070,-77.7526830,8/21/14,16:09,PROPERTY DAMAGE AND INJURY,1,0,2,COLLISION WITH MOTOR VEHICLE,RIGHT ANGLE,TRAFFIC SIGNAL,DAYLIGHT,RAIN,WET
13984,35068158,MONROE,Penfield,3,404 43035043,N,43.1744185,-77.5191459,1/4/14,9:00,PROPERTY DAMAGE AND INJURY,1,0,2,COLLISION WITH MOTOR VEHICLE,RIGHT ANGLE,NONE,DAYLIGHT,CLEAR,SNOW/ICE
13984,35435022,MONROE,Rochester,1,,Y,43.1947990,-77.6287641,10/14/14,17:40,PROPERTY DAMAGE AND INJURY,2,0,2,COLLISION WITH MOTOR VEHICLE,LEFT TURN (AGAINST OTHER CAR),TRAFFIC SIGNAL,DAYLIGHT,CLEAR,DRY
13984,34730171,MONROE,Rochester,1,,Y,43.1792020,-77.6596120,3/26/13,7:44,PROPERTY DAMAGE AND INJURY,2,0,2,COLLISION WITH MOTOR VEHICLE,RIGHT ANGLE,STOP SIGN,DAYLIGHT,CLOUDY,DRY
13984,34915348,MONROE,Rochester,1,,Y,43.1817590,-77.6136730,8/11/13,11:13,INJURY,1,0,2,COLLISION WITH MOTOR VEHICLE,OTHER,NONE,DAYLIGHT,CLEAR,DRY
13984,34947808,MONROE,Gates,3,390I43037006,N,43.1383901,-77.6667755,9/21/13,15:46,INJURY,2,0,2,COLLISION WITH MOTOR VEHICLE,REAR END,TRAFFIC SIGNAL,DAYLIGHT,RAIN,WET
13984,35337039,MONROE,Rochester,1,,Y,43.1561890,-77.5494270,7/16/14,14:40,PROPERTY DAMAGE AND INJURY,1,0,2,COLLISION WITH MOTOR VEHICLE,REAR END,NONE,DAYLIGHT,CLOUDY,DRY
13984,35265908,MONROE,Rochester,1,,Y,43.1871080,-77.6388760,5/16/14,11:20,PROPERTY DAMAGE AND INJURY,1,0,1,COLLISION WITH BICYCLIST,OTHER,TRAFFIC SIGNAL,DAYLIGHT,CLOUDY,WET
13984,35046041,MONROE,Rochester,1, 31 43032004,Y,43.1646760,-77.6687809,12/4/13,7:25,INJURY,1,0,2,COLLISION WITH MOTOR VEHICLE,REAR END,NONE,DAWN,RAIN,WET
13984,35535705,MONROE,Rochester,1,,N,43.1714540,-77.5632080,12/31/14,13:33,INJURY,1,0,1,COLLISION WITH PEDESTRIAN,OTHER,NONE,DAYLIGHT,CLOUDY,DRY
13984,35022177,MONROE,Mendon,3,,N,42.9643938,-77.5215357,11/22/13,11:21,PROPERTY DAMAGE AND INJURY,1,0,1,COLL. W/EARTH ELE./ROCK CUT/DITCH,OTHER,NONE,DAYLIGHT,RAIN,WET
13984,35448850,MONROE,Brighton,3,,N,43.1067088,-77.5763822,10/29/14,17:21,PROPERTY DAMAGE AND INJURY,5,0,4,COLLISION WITH MOTOR VEHICLE,OTHER,NONE,DAYLIGHT,CLOUDY,DRY
13984,35176762,MONROE,Rochester,1,,Y,43.1672550,-77.6167830,3/14/14,16:43,INJURY,1,0,2,COLLISION WITH MOTOR VEHICLE,REAR END,TRAFFIC SIGNAL,DAYLIGHT,CLEAR,WET
13984,35294544,MONROE,Greece,3,,Y,43.2419870,-77.6417240,6/15/14,14:04,PROPERTY DAMAGE AND INJURY,3,0,2,COLLISION WITH MOTOR VEHICLE,RIGHT ANGLE,STOP SIGN,DAYLIGHT,CLEAR,DRY
13984,35409521,MONROE,Webster,4,,N,43.2076097,-77.4173599,9/22/14,16:09,INJURY,1,0,2,COLLISION WITH OTHER PEDESTRIAN,OTHER,NONE,DAYLIGHT,CLEAR,DRY
13984,35192267,MONROE,Rochester,1, 33 43032027,N,43.1540410,-77.6219260,3/19/14,13:04,INJURY,1,0,2,COLLISION WITH MOTOR VEHICLE,OVERTAKING,NONE,DAYLIGHT,CLOUDY,DRY
13984,35281292,MONROE,Rochester,1, 31 43032042,Y,43.1530090,-77.6027930,6/2/14,15:44,PROPERTY DAMAGE AND INJURY,2,0,2,COLLISION WITH MOTOR VEHICLE,REAR END,NONE,DAYLIGHT,CLEAR,DRY
13984,35535480,MONROE,Brighton,3,490I43023014,N,43.1308098,-77.5261487,12/27/14,14:32,INJURY,1,0,1,COLLISION WITH OTHER BARRIER,OTHER,NONE,DAYLIGHT,CLOUDY,DRY
13984,35313163,MONROE,Rochester,1,490I43022035,Y,43.1509992,-77.6084015,6/21/14,23:30,PROPERTY DAMAGE AND INJURY,3,0,2,COLLISION WITH MOTOR VEHICLE,HEAD ON,NONE,DARK-ROAD LIGHTED,CLEAR,DRY
13984,34847689,MONROE,Brighton,3, 96 43051096,Y,43.1375060,-77.5394890,7/12/13,16:11,INJURY,1,0,2,COLLISION WITH MOTOR VEHICLE,RIGHT TURN (AGAINST OTHER CAR),TRAFFIC SIGNAL,DAYLIGHT,CLOUDY,DRY
13984,34987592,MONROE,Penfield,3,286 43011022,N,43.1536687,-77.4992299,10/18/13,17:36,PROPERTY DAMAGE AND INJURY,1,0,3,COLLISION WITH MOTOR VEHICLE,OTHER,NONE,DAYLIGHT,CLEAR,DRY
13984,35536673,MONROE,Brighton,3,590 43011004,N,43.1468468,-77.5414894,11/20/14,17:37,PROPERTY DAMAGE AND INJURY,1,0,2,COLLISION WITH MOTOR VEHICLE,REAR END,NONE,DARK-ROAD LIGHTED,CLOUDY,DRY
13984,35059065,MONROE,Parma,3,261 43011019,Y,43.2443330,-77.7515000,12/21/13,10:49,PROPERTY DAMAGE AND INJURY,2,0,2,COLLISION WITH MOTOR VEHICLE,RIGHT ANGLE,STOP SIGN,DAYLIGHT,RAIN,WET
13984,35459676,MONROE,Rochester,1,,Y,43.1597228,-77.5661995,11/4/14,14:07,INJURY,1,0,1,COLLISION WITH PEDESTRIAN,OTHER,NONE,DAYLIGHT,CLOUDY,DRY
13984,35386462,MONROE,Brighton,3, 15A43041128,N,43.1075932,-77.6159180,9/4/14,14:14,PROPERTY DAMAGE AND INJURY,1,0,4,COLLISION WITH MOTOR VEHICLE,OTHER,TRAFFIC SIGNAL,DAYLIGHT,CLEAR,DRY
13984,34860876,MONROE,Webster,3,,N,43.2156510,-77.4465970,7/19/13,20:40,PROPERTY DAMAGE AND INJURY,2,0,2,COLLISION WITH MOTOR VEHICLE,RIGHT ANGLE,TRAFFIC SIGNAL,DARK-ROAD LIGHTED,RAIN,WET
13984,35362808,MONROE,Greece,3,,Y,43.2157430,-77.6589910,5/30/14,17:00,PROPERTY DAMAGE AND INJURY,1,0,2,COLLISION WITH MOTOR VEHICLE,REAR END,UNKNOWN,UNKNOWN,UNKNOWN,UNKNOWN
13984,35097101,MONROE,Rochester,1,,Y,43.1450000,-77.6052019,11/25/13,17:45,PROPERTY DAMAGE AND INJURY,1,0,2,COLLISION WITH MOTOR VEHICLE,RIGHT ANGLE,NONE,DUSK,CLEAR,DRY
13984,34993350,MONROE,Rochester,1, 31 43032058,Y,43.1377800,-77.5782600,11/1/13,12:35,INJURY,1,0,2,COLLISION WITH MOTOR VEHICLE,REAR END,TRAFFIC SIGNAL,DAYLIGHT,CLEAR,DRY
13984,35006745,MONROE,Rochester,1,,Y,43.1739210,-77.6806750,11/5/13,7:06,PROPERTY DAMAGE AND INJURY,1,0,2,COLLISION WITH MOTOR VEHICLE,LEFT TURN (AGAINST OTHER CAR),TRAFFIC SIGNAL,DAYLIGHT,CLEAR,DRY
13984,35374042,MONROE,Chili,3,390I43033001,N,43.1225511,-77.6483806,8/23/14,7:20,PROPERTY DAMAGE AND INJURY,1,0,1,OVERTURNED,OTHER,HIGHWAY WORK AREA,DAYLIGHT,CLOUDY,DRY
13984,34892912,MONROE,Rochester,1,940M43011021,Y,43.1946910,-77.6287910,8/5/13,0:11,PROPERTY DAMAGE AND INJURY,1,0,2,COLLISION WITH MOTOR VEHICLE,RIGHT ANGLE,TRAFFIC SIGNAL,DARK-ROAD LIGHTED,CLEAR,DRY
13984,34910339,MONROE,Parma,3,947A43021098,N,43.3393018,-77.8088996,8/30/13,11:15,PROPERTY DAMAGE AND INJURY,2,0,2,COLLISION WITH MOTOR VEHICLE,RIGHT ANGLE,YIELD SIGN,DAYLIGHT,CLEAR,DRY
13984,35078538,MONROE,Pittsford,4, 31 43033044,N,43.0909788,-77.5156862,1/7/14,18:17,INJURY,1,0,3,COLLISION WITH MOTOR VEHICLE,OTHER,TRAFFIC SIGNAL,DARK-ROAD LIGHTED,CLOUDY,SNOW/ICE
13984,35469320,MONROE,Gates,3,,N,43.1563350,-77.7144743,11/13/14,22:51,INJURY,1,0,1,COLLISION WITH GUIDE RAIL,OTHER,NONE,DARK-ROAD LIGHTED,CLOUDY,SNOW/ICE
13984,35504472,MONROE,Henrietta,3, 15 43031081,Y,43.0491792,-77.6571401,12/8/14,1:41,PROPERTY DAMAGE AND INJURY,1,0,1,COLL. W/LIGHT SUPPORT/UTILITY POLE,OTHER,TRAFFIC SIGNAL,DARK-ROAD LIGHTED,CLEAR,DRY
13984,34884362,MONROE,Greece,3,104 43031171,Y,43.2056862,-77.6702098,8/7/13,21:17,PROPERTY DAMAGE AND INJURY,1,0,2,COLLISION WITH MOTOR VEHICLE,REAR END,NONE,DARK-ROAD LIGHTED,CLOUDY,DRY
13984,35419893,MONROE,Gates,3,390 43011010,N,43.1707304,-77.6832921,9/30/14,9:30,PROPERTY DAMAGE AND INJURY,2,0,2,COLLISION WITH MOTOR VEHICLE,REAR END,NONE,DAYLIGHT,CLEAR,DRY
13984,35168729,MONROE,Penfield,3,,Y,43.1823070,-77.4706590,3/5/14,0:28,PROPERTY DAMAGE AND INJURY,1,0,1,COLL. W/LIGHT SUPPORT/UTILITY POLE,OTHER,STOP SIGN,DARK-ROAD LIGHTED,SNOW,SNOW/ICE
13984,34849077,MONROE,Rochester,1,,Y,43.1792120,-77.6590790,7/8/13,15:53,PROPERTY DAMAGE AND INJURY,1,0,2,COLLISION WITH MOTOR VEHICLE,RIGHT ANGLE,TRAFFIC SIGNAL,DAYLIGHT,CLEAR,DRY
13984,35425050,MONROE,Greece,3,,N,43.2067670,-77.6761679,10/6/14,16:25,PROPERTY DAMAGE AND INJURY,1,0,2,COLLISION WITH MOTOR VEHICLE,REAR END,TRAFFIC SIGNAL,DAYLIGHT,CLOUDY,DRY
13984,35287891,MONROE,Penfield,3,404 43035057,Y,43.1898660,-77.5039131,6/7/14,21:00,PROPERTY DAMAGE AND INJURY,5,0,2,COLLISION WITH MOTOR VEHICLE,LEFT TURN (WITH OTHER CAR),TRAFFIC SIGNAL,DUSK,CLEAR,DRY
13984,35033151,MONROE,Greece,3,,N,43.2063484,-77.6735961,10/6/13,4:25,PROPERTY DAMAGE AND INJURY,1,0,1,COLLISION WITH CURBING,OTHER,TRAFFIC SIGNAL,DARK-ROAD LIGHTED,CLOUDY,WET
13984,34967534,MONROE,Perinton,3,490I43023066,N,43.0693743,-77.4746048,10/16/13,13:30,PROPERTY DAMAGE AND INJURY,2,0,2,COLLISION WITH MOTOR VEHICLE,REAR END,HIGHWAY WORK AREA,DAYLIGHT,CLOUDY,DRY
13984,35290577,MONROE,Rochester,1, 31 43032020,Y,43.1646290,-77.6353780,6/7/14,22:57,INJURY,1,0,1,COLLISION WITH PEDESTRIAN,OTHER,TRAFFIC SIGNAL,DARK-ROAD LIGHTED,CLEAR,DRY
13984,34862930,UNKNOWN COUNTY,,0,,N,43.1004656,-77.5354381,7/20/13,13:38,PROPERTY DAMAGE AND INJURY,1,0,2,COLLISION WITH MOTOR VEHICLE,RIGHT ANGLE,NONE,DAYLIGHT,CLOUDY,WET
13984,35431844,MONROE,Brighton,3,,N,43.1268604,-77.5171354,10/15/14,10:22,PROPERTY DAMAGE AND INJURY,1,0,1,COLLISION WITH BRIDGE STRUCTURE,OTHER,NONE,DAYLIGHT,RAIN,WET
13984,34790158,MONROE,Ogden,3,,N,43.1886509,-77.7572323,5/17/13,22:04,INJURY,1,0,1,OVERTURNED,OTHER,NO PASSING ZONE,DARK-ROAD UNLIGHTED,CLEAR,DRY
13984,35486120,MONROE,Henrietta,3,390I43031082,N,43.0488066,-77.6480881,10/11/14,11:25,PROPERTY DAMAGE AND INJURY,1,0,1,COLL. W/EARTH ELE./ROCK CUT/DITCH,OTHER,NONE,DAYLIGHT,CLOUDY,DRY
13984,35271930,MONROE,Rochester,1,,Y,43.1614405,-77.6081821,5/19/14,11:16,INJURY,1,0,2,COLLISION WITH MOTOR VEHICLE,REAR END,TRAFFIC SIGNAL,DAYLIGHT,CLOUDY,DRY
13984,35330462,MONROE,Pittsford,3,,Y,43.0776530,-77.5312381,7/16/14,22:14,PROPERTY DAMAGE AND INJURY,3,0,3,COLLISION WITH MOTOR VEHICLE,OTHER,NONE,DARK-ROAD UNLIGHTED,CLEAR,DRY
13984,35437582,MONROE,Rochester,1,,N,43.1599909,-77.5936164,9/15/14,7:46,INJURY,1,0,2,COLLISION WITH MOTOR VEHICLE,REAR END,NONE,DAYLIGHT,CLEAR,DRY
13984,34807581,MONROE,Greece,3,,Y,43.1869140,-77.7015110,6/5/13,10:28,PROPERTY DAMAGE AND INJURY,1,0,2,COLLISION WITH MOTOR VEHICLE,HEAD ON,TRAFFIC SIGNAL,DAYLIGHT,CLOUDY,DRY
13984,35376814,MONROE,Irondequoit,3,,Y,43.2104840,-77.6048210,8/22/14,14:40,PROPERTY DAMAGE AND INJURY,1,0,2,COLLISION WITH MOTOR VEHICLE,RIGHT ANGLE,STOP SIGN,DAYLIGHT,CLEAR,DRY
13984,34832181,MONROE,Henrietta,3,252 43011093,N,43.0869389,-77.5898221,6/26/13,14:49,PROPERTY DAMAGE AND INJURY,2,0,2,COLLISION WITH MOTOR VEHICLE,REAR END,NONE,DAYLIGHT,CLEAR,DRY
13984,35115764,MONROE,Perinton,3,,Y,43.1083190,-77.4321510,1/27/14,11:19,PROPERTY DAMAGE AND INJURY,2,0,2,COLLISION WITH MOTOR VEHICLE,RIGHT ANGLE,TRAFFIC SIGNAL,DAYLIGHT,CLEAR,DRY
13984,34973057,MONROE,Rochester,1,940M43011012,Y,43.1809370,-77.6317380,10/15/13,19:12,PROPERTY DAMAGE AND INJURY,1,0,2,COLLISION WITH MOTOR VEHICLE,LEFT TURN (AGAINST OTHER CAR),TRAFFIC SIGNAL,DARK-ROAD LIGHTED,CLEAR,DRY
13984,34824389,MONROE,Perinton,3, 96 43051010,N,43.0418564,-77.4623966,6/19/13,21:25,PROPERTY DAMAGE AND INJURY,1,0,3,COLLISION WITH MOTOR VEHICLE,OTHER,TRAFFIC SIGNAL,DARK-ROAD UNLIGHTED,CLEAR,DRY
13984,35299969,MONROE,Brighton,3,590I43011026,N,43.1088828,-77.5569072,6/19/14,17:44,PROPERTY DAMAGE AND INJURY,1,0,2,COLLISION WITH MOTOR VEHICLE,REAR END,NONE,DAYLIGHT,CLEAR,DRY
13984,34726613,MONROE,Rochester,1,,N,43.1134336,-77.6530072,3/22/13,19:25,INJURY,1,0,1,COLLISION WITH TREE,OTHER,NONE,DARK-ROAD UNLIGHTED,CLEAR,DRY
13984,34823433,MONROE,Penfield,3,286 43011038,N,43.1545960,-77.4679380,6/1/13,10:19,INJURY,1,0,2,COLLISION WITH MOTOR VEHICLE,REAR END,NONE,DAYLIGHT,CLEAR,DRY
13984,35021474,MONROE,Brighton,3,390I43031144,N,43.1100528,-77.6199151,11/26/13,20:50,PROPERTY DAMAGE AND INJURY,1,0,1,COLLISION WITH GUIDE RAIL,OTHER,NONE,DARK-ROAD LIGHTED,SNOW,SNOW/ICE
13984,35499577,MONROE,Greece,3,,N,43.2098942,-77.6961598,12/1/14,15:14,PROPERTY DAMAGE AND INJURY,3,0,3,COLLISION WITH MOTOR VEHICLE,OTHER,TRAFFIC SIGNAL,DAYLIGHT,CLOUDY,DRY
13984,34722099,MONROE,Greece,3,,Y,43.2206170,-77.6968210,4/4/13,16:00,PROPERTY DAMAGE AND INJURY,1,0,2,COLLISION WITH MOTOR VEHICLE,RIGHT ANGLE,NONE,DAYLIGHT,CLEAR,DRY
13984,34869220,MONROE,Rochester,1,,Y,43.1492233,-77.5838234,7/28/13,7:46,INJURY,1,0,1,COLLISION WITH PEDESTRIAN,OTHER,NONE,DAYLIGHT,CLEAR,DRY
13984,35393430,MONROE,Rochester,1,,Y,43.1580680,-77.6023430,9/7/14,16:15,INJURY,1,0,2,COLLISION WITH MOTOR VEHICLE,RIGHT ANGLE,TRAFFIC SIGNAL,DAYLIGHT,CLEAR,DRY
13984,35410560,MONROE,Rochester,1, 31 43032019,N,43.1646278,-77.6386776,9/21/14,21:34,INJURY,1,0,2,COLLISION WITH PEDESTRIAN,OTHER,NONE,DARK-ROAD LIGHTED,CLEAR,DRY
13984,35289965,MONROE,Greece,3,,Y,43.2483721,-77.6591907,6/12/14,8:10,INJURY,1,0,1,COLLISION WITH BICYCLIST,OTHER,STOP SIGN,DAYLIGHT,CLOUDY,DRY
13984,34882236,MONROE,Brighton,3,,Y,43.0992470,-77.5666930,8/7/13,8:42,INJURY,1,0,1,COLLISION WITH BICYCLIST,OTHER,TRAFFIC SIGNAL,DAYLIGHT,CLEAR,DRY
13984,34845153,MONROE,Greece,3,,Y,43.2201250,-77.6777630,4/30/13,14:33,INJURY,1,0,1,COLLISION WITH PEDESTRIAN,OTHER,NONE,DAYLIGHT,CLEAR,DRY
13984,34822521,MONROE,Sweden,3,,Y,43.1983190,-77.9672070,6/22/13,18:23,INJURY,1,0,2,COLLISION WITH MOTOR VEHICLE,LEFT TURN (AGAINST OTHER CAR),TRAFFIC SIGNAL,DAYLIGHT,CLEAR,DRY
13984,35103049,MONROE,Rochester,1,,Y,43.1148400,-77.6122259,1/16/14,16:37,PROPERTY DAMAGE AND INJURY,1,0,2,COLLISION WITH MOTOR VEHICLE,LEFT TURN (AGAINST OTHER CAR),NONE,DAYLIGHT,CLEAR,DRY
13984,35434578,MONROE,Brighton,3,441 43011105,Y,43.1280560,-77.5214689,10/17/14,8:19,INJURY,1,0,2,COLLISION WITH MOTOR VEHICLE,REAR END,TRAFFIC SIGNAL,DAYLIGHT,RAIN,WET
6836 ,33361481,MONROE,Gates,,,Y,43.164702,-77.688016,03/01/2010,6:14 PM,INJURY,1.,0 ,2 ,COLLISION WITH MOTOR VEHICLE,LEFT TURN (AGAINST OTHER CAR),TRAFFIC SIGNAL,DARK-ROAD LIGHTED,CLOUDY,DRY
6836 ,33368743,MONROE,Webster,,,N,43.2169362,-77.5145071,03/01/2010,7:45 AM,PROPERTY DAMAGE AND INJURY,1.,0 ,2 ,COLLISION WITH MOTOR VEHICLE,RIGHT ANGLE,NONE,DAYLIGHT,CLOUDY,WET
6836 ,33369444,MONROE,Irondequoit,,,Y,43.2161826,-77.5985248,03/02/2010,7:06 AM,PROPERTY DAMAGE AND INJURY,3.,0 ,3 ,COLLISION WITH MOTOR VEHICLE,OTHER,NONE,DAYLIGHT,CLOUDY,DRY
6836 ,33369613,MONROE,Gates,,,Y,43.132176,-77.7359199,03/02/2010,9:19 PM,INJURY,1.,0 ,1 ,COLLISION WITH GUIDE RAIL,OTHER,NONE,DARK-ROAD LIGHTED,CLEAR,DRY
6836 ,33369643,MONROE,Brighton,,15A43041128,N,43.108007,-77.615937,03/03/2010,10:35 PM,PROPERTY DAMAGE AND INJURY,4.,0 ,2 ,COLLISION WITH MOTOR VEHICLE,RIGHT ANGLE,TRAFFIC SIGNAL,DARK-ROAD LIGHTED,CLOUDY,DRY
6836 ,33369666,MONROE,Brighton,,,N,43.0940221,-77.6328892,03/03/2010,3:43 PM,PROPERTY DAMAGE AND INJURY,2.,0 ,2 ,COLLISION WITH MOTOR VEHICLE,REAR END,TRAFFIC SIGNAL,DAYLIGHT,CLEAR,DRY
6836 ,33369675,MONROE,Gates,,33A43021151,N,43.1390763,-77.6693111,03/02/2010,10:16 PM,PROPERTY DAMAGE AND INJURY,1.,0 ,2 ,COLLISION WITH MOTOR VEHICLE,REAR END,TRAFFIC SIGNAL,DARK-ROAD LIGHTED,CLEAR,DRY
6836 ,33369851,MONROE,Brighton,,,N,43.1158462,-77.6321879,03/03/2010,9:00 AM,PROPERTY DAMAGE AND INJURY,4.,0 ,3 ,COLLISION WITH MOTOR VEHICLE,OTHER,NONE,DAYLIGHT,CLEAR,DRY
6836 ,33369944,MONROE,Brighton,,,N,43.1115535,-77.5935643,03/03/2010,2:12 PM,PROPERTY DAMAGE AND INJURY,1.,0 ,4 ,COLLISION WITH MOTOR VEHICLE,OTHER,NONE,DAYLIGHT,CLEAR,DRY
6836 ,33369996,MONROE,Perinton,,250 43011009,N,43.0486209,-77.44698,03/01/2010,12:12 PM,PROPERTY DAMAGE AND INJURY,1.,0 ,2 ,COLLISION WITH MOTOR VEHICLE,REAR END,NONE,DAYLIGHT,CLOUDY,WET
6836 ,33370017,MONROE,Henrietta,,252 43011076,N,43.087044,-77.6247261,03/01/2010,10:15 PM,PROPERTY DAMAGE AND INJURY,2.,0 ,2 ,COLLISION WITH MOTOR VEHICLE,REAR END,TRAFFIC SIGNAL,DARK-ROAD LIGHTED,CLOUDY,WET
6836 ,33370045,MONROE,Brighton,,590I43011038,N,43.1279401,-77.5532304,03/03/2010,7:51 AM,PROPERTY DAMAGE AND INJURY,1.,0 ,2 ,COLLISION WITH MOTOR VEHICLE,REAR END,NONE,DAYLIGHT,CLOUDY,DRY
6836 ,33370048,MONROE,Irondequoit,,404 43035030,N,43.1769957,-77.5427693,03/03/2010,3:56 PM,PROPERTY DAMAGE AND INJURY,1.,0 ,3 ,COLLISION WITH MOTOR VEHICLE,OTHER,TRAFFIC SIGNAL,DAYLIGHT,CLEAR,DRY
6836 ,33370257,MONROE,Greece,,,Y,43.186929,-77.732212,03/02/2010,5:01 PM,PROPERTY DAMAGE AND INJURY,2.,0 ,2 ,COLLISION WITH MOTOR VEHICLE,RIGHT ANGLE,STOP SIGN,DAYLIGHT,CLEAR,WET
6836 ,33370279,MONROE,Greece,,,Y,43.20215,-77.698035,03/01/2010,10:00 AM,PROPERTY DAMAGE AND INJURY,1.,0 ,2 ,COLLISION WITH MOTOR VEHICLE,RIGHT ANGLE,TRAFFIC SIGNAL,DAYLIGHT,CLOUDY,WET
6836 ,33370282,MONROE,Greece,,,Y,43.252881,-77.665415,03/02/2010,2:32 PM,PROPERTY DAMAGE AND INJURY,1.,0 ,3 ,COLLISION WITH MOTOR VEHICLE,OTHER,TRAFFIC SIGNAL,DAYLIGHT,CLEAR,DRY
6836 ,33370321,MONROE,Greece,,,N,43.2538225,-77.6654079,03/02/2010,3:01 PM,PROPERTY DAMAGE AND INJURY,1.,0 ,2 ,COLLISION WITH MOTOR VEHICLE,REAR END,NONE,DAYLIGHT,CLEAR,DRY
6836 ,33370361,MONROE,Webster,,,N,43.2476251,-77.5015135,03/03/2010,2:02 PM,PROPERTY DAMAGE AND INJURY,1.,0 ,2 ,COLLISION WITH MOTOR VEHICLE,REAR END,NONE,DAYLIGHT,CLOUDY,DRY
6836 ,33370421,MONROE,Irondequoit,,,Y,43.188427,-77.545507,03/03/2010,3:45 PM,PROPERTY DAMAGE AND INJURY,1.,0 ,2 ,COLLISION WITH MOTOR VEHICLE,LEFT TURN (WITH OTHER CAR),STOP SIGN,DAYLIGHT,CLEAR,DRY
6836 ,33370430,MONROE,Greece,,,N,43.2310884,-77.6772954,03/02/2010,7:36 AM,PROPERTY DAMAGE AND INJURY,3.,0 ,3 ,COLLISION WITH MOTOR VEHICLE,OTHER,NONE,DAYLIGHT,CLOUDY,DRY