QUERYID,CASE #,REGN_CNTY_CDE,Municipality,MUNITYPE,REF_MRKR,ATINTERSECTION_IND,Lat,Long,,Time,Crash Type,Injuries,Fatalities,Number of Vehicles,ACCD_TYP,COLLISION_TYP,TRAF_CNTL,Light Condition,Weather Condition,Road Surface Condition
6836 ,33370458,MONROE,Greece,,,N,43.2388685,-77.7242043,03/03/2010,4:21 PM,PROPERTY DAMAGE AND INJURY,1.,0 ,2 ,COLLISION WITH MOTOR VEHICLE,REAR END,NONE,DAYLIGHT,CLEAR,DRY
6836 ,33370580,MONROE,Greece,,,Y,43.208133,-77.6854671,03/03/2010,7:28 PM,PROPERTY DAMAGE AND INJURY,2.,0 ,2 ,COLLISION WITH MOTOR VEHICLE,REAR END,TRAFFIC SIGNAL,DARK-ROAD LIGHTED,CLEAR,DRY
6836 ,33370938,MONROE,Brighton,,,N,43.0952191,-77.6007956,03/05/2010,1:50 PM,PROPERTY DAMAGE AND INJURY,2.,0 ,2 ,COLLISION WITH MOTOR VEHICLE,REAR END,NONE,DAYLIGHT,CLEAR,DRY
6836 ,33371124,MONROE,Greece,,,Y,43.252873,-77.635448,03/04/2010,4:29 PM,INJURY,1.,0 ,2 ,COLLISION WITH MOTOR VEHICLE,REAR END,NONE,DAYLIGHT,CLEAR,DRY
6836 ,33371201,MONROE,Perinton,,,N,43.0529675,-77.432071,03/02/2010,7:19 PM,INJURY,1.,0 ,2 ,COLLISION WITH MOTOR VEHICLE,REAR END,NO PASSING ZONE,DARK-ROAD LIGHTED,CLOUDY,DRY
6836 ,33371215,MONROE,Henrietta,,252 43011078,N,43.087108,-77.6171359,03/04/2010,10:58 AM,INJURY,1.,0 ,2 ,COLLISION WITH MOTOR VEHICLE,REAR END,NONE,DAYLIGHT,CLEAR,DRY
6836 ,33371242,MONROE,Brighton,,,N,43.1128263,-77.6259861,03/03/2010,9:08 AM,PROPERTY DAMAGE AND INJURY,1.,0 ,4 ,COLLISION WITH MOTOR VEHICLE,OTHER,NONE,DAYLIGHT,CLEAR,DRY
6836 ,33371278,MONROE,Brighton,,15 43031120,Y,43.104245,-77.62779,03/06/2010,6:24 PM,PROPERTY DAMAGE AND INJURY,2.,0 ,2 ,COLLISION WITH MOTOR VEHICLE,LEFT TURN (AGAINST OTHER CAR),TRAFFIC SIGNAL,DAYLIGHT,CLEAR,DRY
6836 ,33371300,MONROE,Henrietta,,15 43031102,N,43.0779002,-77.6417631,03/05/2010,11:10 PM,PROPERTY DAMAGE AND INJURY,1.,0 ,2 ,COLLISION WITH MOTOR VEHICLE,RIGHT ANGLE,TRAFFIC SIGNAL,DARK-ROAD LIGHTED,CLOUDY,DRY
6836 ,33371306,MONROE,Chili,,33A43021076,N,43.093028,-77.7980725,03/05/2010,6:00 PM,PROPERTY DAMAGE AND INJURY,1.,0 ,2 ,COLLISION WITH MOTOR VEHICLE,RIGHT ANGLE,TRAFFIC SIGNAL,DUSK,CLOUDY,DRY
6836 ,33371315,MONROE,Mendon,,940D43011000,N,42.94462,-77.611977,03/01/2010,4:35 PM,PROPERTY DAMAGE AND INJURY,1.,0 ,2 ,COLLISION WITH MOTOR VEHICLE,RIGHT ANGLE,TRAFFIC SIGNAL,DAYLIGHT,CLOUDY,WET
6836 ,33371316,MONROE,Pittsford,,31 43033041,Y,43.0923208,-77.5194624,03/02/2010,7:47 PM,PROPERTY DAMAGE AND INJURY,1.,0 ,1 ,COLL. W/LIGHT SUPPORT/UTILITY POLE,OTHER,NONE,DARK-ROAD LIGHTED,CLOUDY,DRY
6836 ,33371399,MONROE,Mendon,,65 43031058,N,43.0115704,-77.5823337,03/04/2010,7:25 PM,PROPERTY DAMAGE AND INJURY,1.,0 ,1 ,COLLISION WITH DEER,OTHER,NONE,DARK-ROAD LIGHTED,CLEAR,DRY
6836 ,33371517,MONROE,Greece,,,Y,43.253021,-77.696443,03/05/2010,1:33 PM,PROPERTY DAMAGE AND INJURY,1.,0 ,2 ,COLLISION WITH MOTOR VEHICLE,RIGHT ANGLE,TRAFFIC SIGNAL,DAYLIGHT,CLEAR,DRY
6836 ,33371540,MONROE,Greece,,,N,43.2384666,-77.696273,03/05/2010,3:27 PM,PROPERTY DAMAGE AND INJURY,1.,0 ,3 ,COLLISION WITH MOTOR VEHICLE,OTHER,TRAFFIC SIGNAL,DAYLIGHT,CLEAR,DRY
6836 ,33371774,MONROE,Gates,,,N,43.1317045,-77.6874162,03/07/2010,1:21 PM,PROPERTY DAMAGE AND INJURY,1.,0 ,3 ,COLLISION WITH MOTOR VEHICLE,OTHER,NONE,DAYLIGHT,CLEAR,DRY
6836 ,33371779,MONROE,Wheatland,,383 43011088,Y,43.01275,-77.7916961,03/06/2010,5:44 PM,PROPERTY DAMAGE AND INJURY,1.,0 ,3 ,COLLISION WITH MOTOR VEHICLE,OTHER,STOP SIGN,DUSK,CLEAR,DRY
6836 ,33371909,MONROE,Greece,,,N,43.2725524,-77.6705688,03/04/2010,7:18 AM,PROPERTY DAMAGE AND INJURY,1.,0 ,1 ,COLLISION WITH DEER,OTHER,NONE,DAYLIGHT,CLEAR,DRY
6836 ,33373721,MONROE,Rochester,,,Y,43.151301,-77.613989,03/01/2010,6:25 PM,PROPERTY DAMAGE AND INJURY,1.,0 ,2 ,COLLISION WITH MOTOR VEHICLE,LEFT TURN (AGAINST OTHER CAR),TRAFFIC SIGNAL,DARK-ROAD LIGHTED,CLOUDY,DRY
6836 ,33376085,MONROE,Rochester,,,N,43.2005206,-77.6388877,03/02/2010,1:37 PM,INJURY,3.,0 ,3 ,COLLISION WITH MOTOR VEHICLE,OTHER,NONE,DAYLIGHT,CLOUDY,DRY
6836 ,33376116,MONROE,Rochester,,,Y,43.18151,-77.575931,03/01/2010,12:00 AM,INJURY,1.,0 ,3 ,COLLISION WITH MOTOR VEHICLE,OTHER,TRAFFIC SIGNAL,DAYLIGHT,CLEAR,DRY
6836 ,33376268,MONROE,Rochester,,,N,43.1289183,-77.6152701,03/03/2010,12:41 PM,PROPERTY DAMAGE AND INJURY,1.,0 ,2 ,COLLISION WITH MOTOR VEHICLE,REAR END,NONE,DAYLIGHT,CLEAR,DRY
6836 ,33376368,MONROE,Rochester,,,Y,43.15843,-77.615431,03/01/2010,7:39 PM,PROPERTY DAMAGE AND INJURY,1.,0 ,2 ,COLLISION WITH MOTOR VEHICLE,LEFT TURN (AGAINST OTHER CAR),TRAFFIC SIGNAL,DARK-ROAD LIGHTED,CLOUDY,DRY
6836 ,33376496,MONROE,Webster,,,Y,43.208519,-77.425909,03/05/2010,7:56 AM,PROPERTY DAMAGE AND INJURY,1.,0 ,2 ,COLLISION WITH MOTOR VEHICLE,RIGHT ANGLE,STOP SIGN,DAYLIGHT,CLEAR,DRY
6836 ,33376523,MONROE,Brighton,,590 43011004,N,43.1447008,-77.5435685,03/03/2010,6:37 AM,PROPERTY DAMAGE AND INJURY,1.,0 ,1 ,COLLISION WITH GUIDE RAIL,OTHER,NONE,DAWN,CLOUDY,DRY
6836 ,33376533,MONROE,Webster,,,N,43.2138775,-77.511595,03/07/2010,12:53 AM,PROPERTY DAMAGE AND INJURY,1.,0 ,1 ,COLLISION WITH SNOW EMBANKMENT,OTHER,NONE,DARK-ROAD LIGHTED,CLEAR,DRY
6836 ,33376567,MONROE,Irondequoit,,,N,43.196444,-77.5767859,03/08/2010,9:17 AM,PROPERTY DAMAGE AND INJURY,3.,0 ,3 ,COLLISION WITH MOTOR VEHICLE,OTHER,TRAFFIC SIGNAL,DAYLIGHT,CLEAR,DRY
6836 ,33376629,MONROE,Gates,,,Y,43.147604,-77.709287,03/09/2010,8:01 PM,PROPERTY DAMAGE AND INJURY,1.,0 ,2 ,COLLISION WITH MOTOR VEHICLE,RIGHT ANGLE,TRAFFIC SIGNAL,DARK-ROAD LIGHTED,CLEAR,DRY
6836 ,33376686,MONROE,Fairport,,31F43011043,N,43.0985172,-77.4378648,03/08/2010,12:26 PM,PROPERTY DAMAGE AND INJURY,1.,0 ,2 ,COLLISION WITH MOTOR VEHICLE,REAR END,TRAFFIC SIGNAL,DAYLIGHT,CLEAR,DRY
6836 ,33376724,MONROE,Irondequoit,,,Y,43.197049,-77.592437,03/08/2010,7:55 AM,FATAL,0.,1 ,3 ,COLLISION WITH MOTOR VEHICLE,OTHER,TRAFFIC SIGNAL,DAYLIGHT,CLEAR,DRY
6836 ,33376774,MONROE,Henrietta,,252 43011096,Y,43.087046,-77.581938,03/07/2010,8:34 PM,PROPERTY DAMAGE AND INJURY,1.,0 ,2 ,COLLISION WITH MOTOR VEHICLE,RIGHT ANGLE,TRAFFIC SIGNAL,DARK-ROAD LIGHTED,CLOUDY,DRY
6836 ,33376776,MONROE,Henrietta,,252 43011038,N,43.0871381,-77.6123828,03/04/2010,5:13 PM,PROPERTY DAMAGE AND INJURY,2.,0 ,2 ,COLLISION WITH MOTOR VEHICLE,LEFT TURN (WITH OTHER CAR),NONE,DAYLIGHT,CLOUDY,DRY
6836 ,33376818,MONROE,Brighton,,15A43041128,N,43.1077322,-77.6159259,03/08/2010,7:05 PM,PROPERTY DAMAGE AND INJURY,2.,0 ,2 ,COLLISION WITH MOTOR VEHICLE,LEFT TURN (WITH OTHER CAR),TRAFFIC SIGNAL,DARK-ROAD LIGHTED,CLEAR,DRY
6836 ,33376859,MONROE,Henrietta,,252 43011067,N,43.0882933,-77.6373774,03/03/2010,12:25 PM,PROPERTY DAMAGE AND INJURY,1.,0 ,2 ,COLLISION WITH MOTOR VEHICLE,REAR END,NONE,DAYLIGHT,CLEAR,DRY
6836 ,33376860,MONROE,Irondequoit,,,N,43.196444,-77.5767859,03/07/2010,9:13 PM,PROPERTY DAMAGE AND INJURY,2.,0 ,3 ,COLLISION WITH MOTOR VEHICLE,OTHER,TRAFFIC SIGNAL,DARK-ROAD LIGHTED,CLOUDY,DRY
6836 ,33376875,MONROE,Ogden,,531 43012042,N,43.1753402,-77.7718669,03/04/2010,8:47 AM,PROPERTY DAMAGE AND INJURY,1.,0 ,1 ,COLLISION WITH SNOW EMBANKMENT,OTHER,NONE,DAYLIGHT,CLOUDY,DRY
6836 ,33376932,MONROE,Rochester,,,Y,43.167417,-77.625351,03/05/2010,2:13 AM,INJURY,1.,0 ,2 ,COLLISION WITH MOTOR VEHICLE,RIGHT TURN (WITH OTHER CAR),TRAFFIC SIGNAL,DARK-ROAD LIGHTED,CLEAR,DRY
6836 ,33377006,MONROE,Brighton,,31 43033021,N,43.1116009,-77.5485086,03/10/2010,3:04 PM,INJURY,1.,0 ,2 ,COLLISION WITH MOTOR VEHICLE,RIGHT ANGLE,NONE,DAYLIGHT,CLOUDY,DRY
6836 ,33377034,MONROE,Webster,,104 43035231,N,43.2138823,-77.5152926,03/08/2010,4:52 PM,PROPERTY DAMAGE AND INJURY,1.,0 ,2 ,COLLISION WITH MOTOR VEHICLE,REAR END,TRAFFIC SIGNAL,DAYLIGHT,CLEAR,DRY
6836 ,33377077,MONROE,Greece,,,N,43.2113247,-77.7132101,03/09/2010,12:38 PM,PROPERTY DAMAGE AND INJURY,1.,0 ,2 ,COLLISION WITH MOTOR VEHICLE,REAR END,TRAFFIC SIGNAL,DAYLIGHT,CLEAR,DRY
6836 ,33377105,MONROE,Parma,,,Y,43.244068,-77.791525,03/09/2010,6:06 PM,PROPERTY DAMAGE AND INJURY,1.,0 ,2 ,COLLISION WITH MOTOR VEHICLE,RIGHT ANGLE,STOP SIGN,DUSK,CLEAR,DRY
6836 ,33377193,MONROE,Greece,,,N,43.2396412,-77.6468361,03/08/2010,11:24 AM,PROPERTY DAMAGE AND INJURY,1.,0 ,1 ,COLLISION WITH OTHER FIXED OBJECT,OTHER,NONE,DAYLIGHT,CLEAR,DRY
6836 ,33377264,MONROE,Rochester,,490I43022006,N,43.1573076,-77.6606819,03/07/2010,1:59 AM,PROPERTY DAMAGE AND INJURY,1.,0 ,1 ,COLL. W/EARTH ELE./ROCK CUT/DITCH,OTHER,NONE,DARK-ROAD LIGHTED,CLEAR,DRY
6836 ,33377641,MONROE,Brockport,,,N,43.2136798,-77.9337461,03/05/2010,7:15 AM,PROPERTY DAMAGE AND INJURY,1.,0 ,2 ,COLLISION WITH MOTOR VEHICLE,REAR END,NONE,DAYLIGHT,CLEAR,DRY
6836 ,33377658,MONROE,Henrietta,,252 43011038,N,43.087147,-77.604968,03/10/2010,8:23 PM,PROPERTY DAMAGE AND INJURY,1.,0 ,2 ,COLLISION WITH MOTOR VEHICLE,LEFT TURN (AGAINST OTHER CAR),TRAFFIC SIGNAL,DARK-ROAD LIGHTED,CLOUDY,DRY
6836 ,33377798,MONROE,Gates,,,N,43.1647,-77.683045,03/11/2010,3:18 PM,PROPERTY DAMAGE AND INJURY,1.,0 ,2 ,COLLISION WITH MOTOR VEHICLE,OVERTAKING,TRAFFIC SIGNAL,DAYLIGHT,CLEAR,DRY
6836 ,33377985,MONROE,Irondequoit,,104 43035220,N,43.2113916,-77.535698,03/09/2010,8:37 AM,PROPERTY DAMAGE AND INJURY,1.,0 ,1 ,COLLISION WITH OTHER BARRIER,OTHER,NONE,DAYLIGHT,CLEAR,DRY
6836 ,33378174,MONROE,Greece,,,N,43.1887816,-77.6931254,03/11/2010,1:30 PM,PROPERTY DAMAGE AND INJURY,1.,0 ,2 ,COLLISION WITH MOTOR VEHICLE,REAR END,TRAFFIC SIGNAL,DAYLIGHT,CLEAR,DRY
6836 ,33378410,MONROE,Perinton,,96 43051025,N,43.0605461,-77.4754954,03/11/2010,3:23 PM,PROPERTY DAMAGE AND INJURY,1.,0 ,2 ,COLLISION WITH MOTOR VEHICLE,RIGHT ANGLE,TRAFFIC SIGNAL,DAYLIGHT,CLEAR,DRY
6836 ,33378412,MONROE,Rush,,15A43041059,N,43.013339,-77.6384977,03/11/2010,5:01 PM,PROPERTY DAMAGE AND INJURY,1.,0 ,1 ,COLLISION WITH TREE,OTHER,NONE,DAYLIGHT,CLEAR,DRY
6836 ,33378417,MONROE,Penfield,,,N,43.1499113,-77.4355506,03/08/2010,10:50 AM,INJURY,1.,0 ,1 ,COLLISION WITH PEDESTRIAN,OTHER,NONE,DAYLIGHT,CLEAR,DRY
6836 ,33378423,MONROE,Pittsford,,65 43031102,N,43.0750816,-77.5477183,03/11/2010,3:26 PM,PROPERTY DAMAGE AND INJURY,1.,0 ,1 ,COLL. W/LIGHT SUPPORT/UTILITY POLE,OTHER,NONE,DAYLIGHT,CLEAR,DRY
6836 ,33378431,MONROE,Gates,,,N,43.1647219,-77.6900324,03/12/2010,5:19 PM,PROPERTY DAMAGE AND INJURY,2.,0 ,2 ,COLLISION WITH MOTOR VEHICLE,RIGHT ANGLE,NONE,DAYLIGHT,CLOUDY,DRY
6836 ,33378515,MONROE,Henrietta,,,Y,43.068677,-77.607728,03/12/2010,10:20 AM,PROPERTY DAMAGE AND INJURY,1.,0 ,2 ,COLLISION WITH MOTOR VEHICLE,HEAD ON,TRAFFIC SIGNAL,DAYLIGHT,RAIN,WET
6836 ,33378626,MONROE,Henrietta,,,N,43.076163,-77.6267967,03/12/2010,5:00 PM,INJURY,1.,0 ,2 ,COLLISION WITH MOTOR VEHICLE,REAR END,TRAFFIC SIGNAL,DAYLIGHT,CLOUDY,DRY
6836 ,33378632,MONROE,Brighton,,590I43012002,N,43.143194,-77.547202,03/07/2010,12:53 PM,PROPERTY DAMAGE AND INJURY,1.,0 ,1 ,COLLISION WITH CRASH CUSHION,OTHER,NONE,DAYLIGHT,CLEAR,DRY
6836 ,33378705,MONROE,Henrietta,,,N,43.0781732,-77.661671,03/12/2010,7:53 AM,INJURY,1.,0 ,2 ,COLLISION WITH MOTOR VEHICLE,HEAD ON,NONE,DAYLIGHT,CLOUDY,WET
6836 ,33378776,MONROE,Irondequoit,,,N,43.2017144,-77.5677957,03/12/2010,1:26 PM,PROPERTY DAMAGE AND INJURY,2.,0 ,3 ,COLLISION WITH MOTOR VEHICLE,OTHER,NONE,DAYLIGHT,RAIN,WET
6836 ,33379097,MONROE,Rochester,,,N,43.1214274,-77.6190011,03/02/2010,9:38 AM,PROPERTY DAMAGE AND INJURY,1.,0 ,2 ,COLLISION WITH MOTOR VEHICLE,UNKNOWN,NONE,DAYLIGHT,CLEAR,DRY
6836 ,33379457,MONROE,Gates,,390 43011000,N,43.1595366,-77.6825896,03/10/2010,10:58 AM,PROPERTY DAMAGE AND INJURY,1.,0 ,2 ,COLLISION WITH MOTOR VEHICLE,OVERTAKING,NONE,DAYLIGHT,CLOUDY,DRY
6836 ,33379523,MONROE,Greece,,104 43031160,N,43.2088598,-77.6891315,03/13/2010,5:18 PM,PROPERTY DAMAGE AND INJURY,2.,0 ,3 ,COLLISION WITH MOTOR VEHICLE,OTHER,TRAFFIC SIGNAL,DAYLIGHT,RAIN,WET
6836 ,33379850,MONROE,Henrietta,,,N,43.0887082,-77.605534,03/15/2010,4:14 PM,INJURY,1.,0 ,1 ,COLLISION WITH PEDESTRIAN,OTHER,NONE,DAYLIGHT,CLOUDY,DRY
6836 ,33379879,MONROE,Henrietta,,,N,43.0844099,-77.6079279,03/09/2010,5:45 PM,INJURY,1.,0 ,2 ,COLLISION WITH MOTOR VEHICLE,REAR END,YIELD SIGN,DAYLIGHT,CLEAR,DRY
6836 ,33379911,MONROE,Webster,,,N,43.2039521,-77.4896971,03/14/2010,8:45 PM,PROPERTY DAMAGE AND INJURY,3.,0 ,2 ,COLLISION WITH MOTOR VEHICLE,LEFT TURN (WITH OTHER CAR),NONE,DARK-ROAD UNLIGHTED,CLOUDY,DRY
6836 ,33379980,MONROE,Brighton,,,N,43.1152612,-77.5989643,03/15/2010,4:07 PM,INJURY,1.,0 ,3 ,COLLISION WITH MOTOR VEHICLE,OTHER,NONE,DAYLIGHT,CLOUDY,DRY
6836 ,33380343,MONROE,Rochester,,,N,43.1560807,-77.6109292,03/07/2010,2:01 PM,INJURY,1.,0 ,1 ,COLLISION WITH TREE,OTHER,NONE,DAYLIGHT,CLEAR,DRY
6836 ,33380553,MONROE,Rochester,,,N,43.1677418,-77.5805244,03/01/2010,10:25 PM,INJURY,1.,0 ,1 ,COLLISION WITH TREE,OTHER,NONE,DARK-ROAD LIGHTED,CLOUDY,WET
6836 ,33380555,MONROE,Rochester,,,Y,43.136658,-77.640733,03/02/2010,12:37 PM,PROPERTY DAMAGE AND INJURY,3.,0 ,2 ,COLLISION WITH MOTOR VEHICLE,RIGHT ANGLE,STOP SIGN,DAYLIGHT,CLEAR,DRY
6836 ,33380556,MONROE,Rochester,,,Y,43.15246,-77.6266271,03/02/2010,11:57 PM,PROPERTY DAMAGE AND INJURY,1.,0 ,2 ,COLLISION WITH MOTOR VEHICLE,RIGHT ANGLE,TRAFFIC SIGNAL,DARK-ROAD LIGHTED,CLOUDY,DRY
6836 ,33380567,MONROE,Rochester,,,Y,43.180937,-77.631738,03/01/2010,2:44 PM,INJURY,1.,0 ,1 ,COLLISION WITH PEDESTRIAN,OTHER,TRAFFIC SIGNAL,DAYLIGHT,CLEAR,DRY
6836 ,33380603,MONROE,Rochester,,,N,43.1674888,-77.5995187,03/05/2010,5:25 PM,PROPERTY DAMAGE AND INJURY,1.,0 ,3 ,COLLISION WITH MOTOR VEHICLE,OTHER,NONE,DAYLIGHT,CLEAR,DRY
6836 ,33380845,MONROE,Rochester,,,N,43.1449465,-77.652066,03/06/2010,1:50 PM,INJURY,1.,0 ,2 ,COLLISION WITH MOTOR VEHICLE,OVERTAKING,NONE,DAYLIGHT,CLEAR,DRY
6836 ,33380851,MONROE,Rochester,,,N,43.21587,-77.6298454,03/06/2010,4:25 PM,PROPERTY DAMAGE AND INJURY,1.,0 ,2 ,COLLISION WITH MOTOR VEHICLE,RIGHT TURN (AGAINST OTHER CAR),NONE,DAYLIGHT,CLEAR,DRY
6836 ,33380894,MONROE,Rochester,,,Y,43.188432,-77.599677,03/05/2010,2:18 PM,PROPERTY DAMAGE AND INJURY,2.,0 ,3 ,COLLISION WITH MOTOR VEHICLE,OTHER,STOPPED SCHOOL BUS W/RED LIGHT FLSH,DAYLIGHT,CLEAR,DRY
6836 ,33381014,MONROE,Rochester,,,Y,43.152875,-77.60479,03/03/2010,9:47 AM,INJURY,2.,0 ,2 ,COLLISION WITH MOTOR VEHICLE,REAR END,TRAFFIC SIGNAL,DAYLIGHT,CLOUDY,DRY
6836 ,33381020,MONROE,Rochester,,,N,43.191321,-77.612856,03/02/2010,11:00 AM,PROPERTY DAMAGE AND INJURY,1.,0 ,2 ,COLLISION WITH MOTOR VEHICLE,RIGHT ANGLE,TRAFFIC SIGNAL,DAYLIGHT,CLEAR,DRY
6836 ,33381111,MONROE,Rochester,,,Y,43.1560459,-77.5854169,03/01/2010,8:48 AM,INJURY,1.,0 ,2 ,COLLISION WITH MOTOR VEHICLE,REAR END,NONE,DAYLIGHT,CLEAR,DRY
6836 ,33381112,MONROE,Rochester,,,N,43.159729,-77.566255,03/07/2010,9:27 AM,PROPERTY DAMAGE AND INJURY,2.,0 ,2 ,COLLISION WITH MOTOR VEHICLE,LEFT TURN (AGAINST OTHER CAR),TRAFFIC SIGNAL,DAYLIGHT,CLEAR,DRY
6836 ,33381113,MONROE,Rochester,,,Y,43.120999,-77.619223,03/07/2010,10:05 AM,PROPERTY DAMAGE AND INJURY,3.,0 ,2 ,COLLISION WITH MOTOR VEHICLE,LEFT TURN (AGAINST OTHER CAR),NONE,DAYLIGHT,CLEAR,DRY
6836 ,33381114,MONROE,Rochester,,,Y,43.143241,-77.592075,03/08/2010,11:30 AM,INJURY,1.,0 ,1 ,COLLISION WITH CURBING,OTHER,STOP SIGN,DAYLIGHT,CLEAR,DRY
6836 ,33381115,MONROE,Rochester,,,N,43.1937809,-77.6001884,03/08/2010,4:43 PM,INJURY,1.,0 ,1 ,OTHER NON-COLLISION,OTHER,NONE,DAYLIGHT,CLEAR,DRY
6836 ,33381117,MONROE,Rochester,,,Y,43.174563,-77.599134,03/07/2010,1:42 PM,INJURY,1.,0 ,2 ,COLLISION WITH MOTOR VEHICLE,REAR END,NONE,DAYLIGHT,CLEAR,DRY
6836 ,33381120,MONROE,Rochester,,,N,43.133807,-77.5994483,03/06/2010,1:34 PM,PROPERTY DAMAGE AND INJURY,4.,0 ,2 ,COLLISION WITH MOTOR VEHICLE,REAR END,NONE,DAYLIGHT,CLEAR,DRY
6836 ,33381331,MONROE,Rochester,,,Y,43.161226,-77.610298,03/09/2010,9:55 AM,PROPERTY DAMAGE AND INJURY,1.,0 ,2 ,COLLISION WITH MOTOR VEHICLE,LEFT TURN (WITH OTHER CAR),TRAFFIC SIGNAL,DAYLIGHT,CLEAR,DRY
6836 ,33381538,MONROE,Rochester,,,Y,43.161394,-77.577889,03/02/2010,2:02 PM,INJURY,1.,0 ,1 ,COLLISION WITH PEDESTRIAN,OTHER,NONE,DAYLIGHT,CLOUDY,WET
6836 ,33381962,MONROE,Rochester,,,Y,43.186946,-77.596289,03/02/2010,7:00 PM,INJURY,1.,0 ,2 ,COLLISION WITH MOTOR VEHICLE,REAR END,TRAFFIC SIGNAL,DARK-ROAD LIGHTED,CLEAR,DRY
6836 ,33381974,MONROE,Rochester,,,Y,43.157413,-77.654127,03/07/2010,10:30 AM,INJURY,1.,0 ,2 ,COLLISION WITH MOTOR VEHICLE,LEFT TURN (WITH OTHER CAR),STOP SIGN,DAYLIGHT,CLEAR,DRY
6836 ,33381975,MONROE,Rochester,,,Y,43.193901,-77.653291,03/07/2010,10:13 AM,INJURY,1.,0 ,2 ,COLLISION WITH MOTOR VEHICLE,RIGHT ANGLE,TRAFFIC SIGNAL,DAYLIGHT,CLEAR,DRY
6836 ,33381976,MONROE,Rochester,,,Y,43.150263,-77.636096,03/07/2010,11:40 AM,PROPERTY DAMAGE AND INJURY,5.,0 ,2 ,COLLISION WITH MOTOR VEHICLE,RIGHT ANGLE,TRAFFIC SIGNAL,DAYLIGHT,CLEAR,DRY
6836 ,33382687,MONROE,Clarkson,,,N,43.2714454,-77.9439224,03/15/2010,8:06 PM,PROPERTY DAMAGE AND INJURY,1.,0 ,1 ,COLLISION WITH OTHER FIXED OBJECT,OTHER,NONE,DARK-ROAD UNLIGHTED,CLEAR,DRY
6836 ,33382734,MONROE,Penfield,,,N,43.1596849,-77.4054845,03/10/2010,4:29 AM,PROPERTY DAMAGE AND INJURY,1.,0 ,1 ,COLL. W/LIGHT SUPPORT/UTILITY POLE,OTHER,NONE,DARK-ROAD UNLIGHTED,CLEAR,DRY
6836 ,33382854,MONROE,Perinton,,31F43011027,Y,43.10226,-77.468503,03/13/2010,10:03 PM,PROPERTY DAMAGE AND INJURY,1.,0 ,2 ,COLLISION WITH MOTOR VEHICLE,REAR END,TRAFFIC SIGNAL,DARK-ROAD LIGHTED,RAIN,WET
6836 ,33382997,MONROE,Pittsford,,64 43021082,N,43.0577111,-77.5193266,03/12/2010,1:10 AM,PROPERTY DAMAGE AND INJURY,1.,0 ,1 ,COLL. W/EARTH ELE./ROCK CUT/DITCH,OTHER,NONE,DARK-ROAD UNLIGHTED,CLEAR,DRY
6836 ,33383007,MONROE,Gates,,,N,43.160228,-77.753848,03/16/2010,10:46 AM,PROPERTY DAMAGE AND INJURY,1.,0 ,2 ,COLLISION WITH MOTOR VEHICLE,RIGHT ANGLE,TRAFFIC SIGNAL,DAYLIGHT,CLEAR,DRY
6836 ,33383160,MONROE,Penfield,,441 43011103,Y,43.13124,-77.4639639,03/13/2010,4:04 PM,PROPERTY DAMAGE AND INJURY,3.,0 ,3 ,COLLISION WITH MOTOR VEHICLE,OTHER,TRAFFIC SIGNAL,DAYLIGHT,RAIN,WET
6836 ,33383337,MONROE,Greece,,104 43031154,N,43.2100773,-77.7025417,03/15/2010,12:34 PM,PROPERTY DAMAGE AND INJURY,2.,0 ,2 ,COLLISION WITH MOTOR VEHICLE,RIGHT ANGLE,TRAFFIC SIGNAL,DAYLIGHT,CLOUDY,DRY
6836 ,33383374,MONROE,Rush,,,N,42.9907696,-77.6458296,03/03/2010,8:04 AM,PROPERTY DAMAGE AND INJURY,1.,0 ,2 ,COLLISION WITH MOTOR VEHICLE,REAR END,NONE,DAYLIGHT,CLOUDY,DRY
6836 ,33383519,MONROE,Henrietta,,,Y,43.058674,-77.652082,03/16/2010,6:51 AM,INJURY,1.,0 ,1 ,COLLISION WITH BICYCLIST,OTHER,TRAFFIC SIGNAL,DARK-ROAD UNLIGHTED,CLEAR,DRY
6836 ,33383688,MONROE,Brighton,,15A43041128,Y,43.102787,-77.615259,03/16/2010,4:01 PM,PROPERTY DAMAGE AND INJURY,1.,0 ,2 ,COLLISION WITH MOTOR VEHICLE,LEFT TURN (WITH OTHER CAR),TRAFFIC SIGNAL,DAYLIGHT,CLEAR,DRY
6836 ,33383975,MONROE,Rochester,,,Y,43.165848,-77.624187,03/05/2010,8:50 PM,PROPERTY DAMAGE AND INJURY,2.,0 ,3 ,COLLISION WITH MOTOR VEHICLE,OTHER,STOP SIGN,DARK-ROAD LIGHTED,CLEAR,DRY
6836 ,33384188,MONROE,Rochester,,,Y,43.193912,-77.6598301,03/04/2010,5:06 PM,PROPERTY DAMAGE AND INJURY,1.,0 ,2 ,COLLISION WITH MOTOR VEHICLE,REAR END,YIELD SIGN,DAYLIGHT,CLEAR,DRY
6836 ,33384275,MONROE,Rochester,,,N,43.1737032,-77.6392691,03/08/2010,3:00 PM,PROPERTY DAMAGE AND INJURY,1.,0 ,5 ,COLLISION WITH MOTOR VEHICLE,OTHER,TRAFFIC SIGNAL,DAYLIGHT,CLEAR,DRY
6836 ,33384276,MONROE,Rochester,,,Y,43.141157,-77.613271,03/11/2010,4:23 PM,PROPERTY DAMAGE AND INJURY,1.,0 ,3 ,COLLISION WITH MOTOR VEHICLE,OTHER,TRAFFIC SIGNAL,DAYLIGHT,CLEAR,DRY
6836 ,33384279,MONROE,Rochester,,104 43032041,N,43.1949045,-77.5855565,03/11/2010,6:54 PM,FATAL,0.,1 ,1 ,COLL. W/LIGHT SUPPORT/UTILITY POLE,OTHER,NONE,DARK-ROAD LIGHTED,CLOUDY,DRY