QUERYID,CASE #,REGN_CNTY_CDE,Municipality,MUNITYPE,REF_MRKR,ATINTERSECTION_IND,Lat,Long,,Time,Crash Type,Injuries,Fatalities,Number of Vehicles,ACCD_TYP,COLLISION_TYP,TRAF_CNTL,Light Condition,Weather Condition,Road Surface Condition
6836 ,33384292,MONROE,Rochester,,,Y,43.141385,-77.6625981,03/10/2010,7:47 PM,INJURY,1.,0 ,3 ,COLLISION WITH MOTOR VEHICLE,OTHER,NONE,DARK-ROAD LIGHTED,CLOUDY,DRY
6836 ,33384366,MONROE,Rochester,,,N,43.1605075,-77.663578,03/09/2010,11:25 AM,INJURY,1.,0 ,1 ,COLL. W/LIGHT SUPPORT/UTILITY POLE,OTHER,NONE,DAYLIGHT,CLEAR,DRY
6836 ,33384367,MONROE,Rochester,,,Y,43.161842,-77.636725,03/09/2010,3:26 PM,PROPERTY DAMAGE AND INJURY,1.,0 ,2 ,COLLISION WITH MOTOR VEHICLE,RIGHT ANGLE,STOP SIGN,DAYLIGHT,CLEAR,DRY
6836 ,33384368,MONROE,Rochester,,,Y,43.1517312,-77.6389431,03/10/2010,7:52 AM,INJURY,1.,0 ,2 ,COLLISION WITH MOTOR VEHICLE,OVERTAKING,NONE,DAYLIGHT,CLEAR,DRY
6836 ,33384377,MONROE,Rochester,,,Y,43.164638,-77.629303,03/08/2010,3:45 PM,INJURY,1.,0 ,2 ,COLLISION WITH MOTOR VEHICLE,REAR END,NONE,DAYLIGHT,CLEAR,DRY
6836 ,33384385,MONROE,Rochester,,,Y,43.147891,-77.6204589,03/09/2010,10:28 AM,INJURY,1.,0 ,2 ,COLLISION WITH FENCE,RIGHT ANGLE,STOP SIGN,DAYLIGHT,CLEAR,DRY
6836 ,33384386,MONROE,Rochester,,,N,43.1775987,-77.5852929,03/11/2010,1:14 PM,PROPERTY DAMAGE AND INJURY,1.,0 ,2 ,COLLISION WITH MOTOR VEHICLE,UNKNOWN,STOP SIGN,DAYLIGHT,CLEAR,DRY
6836 ,33384390,MONROE,Rochester,,,Y,43.173866,-77.6430369,03/11/2010,2:31 PM,INJURY,1.,0 ,1 ,COLLISION WITH PEDESTRIAN,OTHER,NONE,DAYLIGHT,CLEAR,DRY
6836 ,33384708,MONROE,Rochester,,,N,43.192069,-77.59989,03/02/2010,4:10 PM,INJURY,1.,0 ,2 ,COLLISION WITH MOTOR VEHICLE,REAR END,TRAFFIC SIGNAL,DAYLIGHT,CLEAR,DRY
6836 ,33385602,MONROE,Irondequoit,,,N,43.1974457,-77.5856688,03/04/2010,1:40 PM,PROPERTY DAMAGE AND INJURY,1.,0 ,3 ,COLLISION WITH MOTOR VEHICLE,OTHER,TRAFFIC SIGNAL,DAYLIGHT,CLEAR,DRY
6836 ,33385734,MONROE,Rochester,,,N,43.151301,-77.613989,03/15/2010,3:22 PM,PROPERTY DAMAGE AND INJURY,1.,0 ,2 ,COLLISION WITH MOTOR VEHICLE,OVERTAKING,NONE,DAYLIGHT,CLOUDY,DRY
6836 ,33385765,MONROE,Perinton,,31 43033063,N,43.078616,-77.4834749,03/08/2010,1:45 PM,PROPERTY DAMAGE AND INJURY,3.,0 ,2 ,COLLISION WITH MOTOR VEHICLE,REAR END,NONE,DAYLIGHT,CLEAR,DRY
6836 ,33386008,MONROE,Webster,,,N,43.2017237,-77.461427,03/13/2010,2:05 PM,INJURY,1.,0 ,2 ,COLLISION WITH MOTOR VEHICLE,REAR END,NONE,DAYLIGHT,RAIN,WET
6836 ,33386009,MONROE,Rochester,,,Y,43.143704,-77.655788,03/13/2010,9:37 PM,PROPERTY DAMAGE AND INJURY,1.,0 ,1 ,COLLISION WITH TREE,OTHER,NONE,DARK-ROAD LIGHTED,RAIN,WET
6836 ,33386010,MONROE,Rochester,,,Y,43.15221,-77.627705,03/12/2010,1:11 PM,PROPERTY DAMAGE AND INJURY,1.,0 ,2 ,COLLISION WITH MOTOR VEHICLE,OVERTAKING,NONE,DAYLIGHT,CLOUDY,DRY
6836 ,33386013,MONROE,Rochester,,,Y,43.168505,-77.580104,03/12/2010,10:01 AM,PROPERTY DAMAGE AND INJURY,1.,0 ,1 ,COLLISION WITH CURBING,OTHER,NONE,DAYLIGHT,RAIN,WET
6836 ,33386016,MONROE,Rochester,,,Y,43.1627558,-77.5787175,03/11/2010,11:52 AM,PROPERTY DAMAGE AND INJURY,1.,0 ,2 ,COLLISION WITH MOTOR VEHICLE,UNKNOWN,NONE,DAYLIGHT,CLEAR,DRY
6836 ,33386017,MONROE,Rochester,,,N,43.1526842,-77.6256552,03/10/2010,2:26 PM,PROPERTY DAMAGE AND INJURY,1.,0 ,2 ,COLLISION WITH MOTOR VEHICLE,UNKNOWN,NONE,DAYLIGHT,CLEAR,DRY
6836 ,33386019,MONROE,Rochester,,,Y,43.175339,-77.598828,03/12/2010,8:35 AM,INJURY,1.,0 ,2 ,COLLISION WITH MOTOR VEHICLE,REAR END,TRAFFIC SIGNAL,DAYLIGHT,RAIN,WET
6836 ,33386022,MONROE,Rochester,,,Y,43.164631,-77.642255,03/14/2010,6:45 AM,INJURY,1.,0 ,1 ,COLLISION WITH PEDESTRIAN,OTHER,TRAFFIC SIGNAL,DARK-ROAD LIGHTED,RAIN,WET
6836 ,33386195,MONROE,Rochester,,,Y,43.175098,-77.607614,03/14/2010,4:09 PM,PROPERTY DAMAGE AND INJURY,1.,0 ,2 ,COLLISION WITH MOTOR VEHICLE,UNKNOWN,TRAFFIC SIGNAL,DAYLIGHT,CLEAR,DRY
6836 ,33386196,MONROE,Rochester,,,Y,43.134352,-77.5914371,03/15/2010,12:22 PM,PROPERTY DAMAGE AND INJURY,2.,0 ,2 ,COLLISION WITH MOTOR VEHICLE,RIGHT ANGLE,STOP SIGN,DAYLIGHT,CLOUDY,DRY
6836 ,33386198,MONROE,Rochester,,,Y,43.155708,-77.612547,03/16/2010,7:58 PM,INJURY,2.,0 ,2 ,COLLISION WITH MOTOR VEHICLE,OVERTAKING,TRAFFIC SIGNAL,DARK-ROAD LIGHTED,CLEAR,DRY
6836 ,33386200,MONROE,Rochester,,,Y,43.164639,-77.6232511,03/12/2010,8:45 PM,INJURY,1.,0 ,2 ,COLLISION WITH MOTOR VEHICLE,RIGHT ANGLE,NONE,DARK-ROAD LIGHTED,RAIN,WET
6836 ,33386202,MONROE,Rochester,,,Y,43.148802,-77.568821,03/16/2010,12:45 PM,INJURY,1.,0 ,2 ,COLLISION WITH MOTOR VEHICLE,RIGHT ANGLE,STOP SIGN,DAYLIGHT,CLEAR,DRY
6836 ,33386447,MONROE,Rochester,,,Y,43.151235,-77.620632,03/02/2010,4:09 PM,PROPERTY DAMAGE AND INJURY,1.,0 ,1 ,COLL. W/LIGHT SUPPORT/UTILITY POLE,OTHER,TRAFFIC SIGNAL,DAYLIGHT,CLEAR,DRY
6836 ,33386703,MONROE,Rochester,,,Y,43.126365,-77.642696,03/12/2010,8:04 AM,PROPERTY DAMAGE AND INJURY,1.,0 ,3 ,COLLISION WITH MOTOR VEHICLE,OTHER,STOP SIGN,DAYLIGHT,CLOUDY,WET
6836 ,33386704,MONROE,Rochester,,,Y,43.119856,-77.6163671,03/12/2010,5:41 PM,INJURY,2.,0 ,1 ,COLL. W/LIGHT SUPPORT/UTILITY POLE,OTHER,NONE,DAYLIGHT,CLOUDY,DRY
6836 ,33386708,MONROE,Rochester,,,Y,43.158525,-77.609683,03/13/2010,2:44 PM,INJURY,1.,0 ,2 ,COLLISION WITH MOTOR VEHICLE,UNKNOWN,TRAFFIC SIGNAL,DAYLIGHT,RAIN,WET
6836 ,33386812,MONROE,Rochester,,,N,43.225405,-77.625679,03/15/2010,11:00 AM,PROPERTY DAMAGE AND INJURY,1.,0 ,1 ,COLLISION WITH TREE,OTHER,NONE,DAYLIGHT,CLEAR,DRY
6836 ,33386968,MONROE,Henrietta,,,N,43.0478806,-77.6526653,03/16/2010,6:47 PM,PROPERTY DAMAGE AND INJURY,1.,0 ,1 ,COLL. W/EARTH ELE./ROCK CUT/DITCH,OTHER,NONE,DUSK,CLEAR,DRY
6836 ,33387164,MONROE,Henrietta,,15 43031126,Y,43.087736,-77.636477,03/18/2010,5:04 PM,PROPERTY DAMAGE AND INJURY,1.,0 ,2 ,COLLISION WITH MOTOR VEHICLE,LEFT TURN (AGAINST OTHER CAR),TRAFFIC SIGNAL,DAYLIGHT,CLEAR,DRY
6836 ,33387227,MONROE,Henrietta,,,N,43.058833,-77.641785,03/18/2010,8:07 AM,PROPERTY DAMAGE AND INJURY,1.,0 ,2 ,COLLISION WITH MOTOR VEHICLE,REAR END,TRAFFIC SIGNAL,DAYLIGHT,CLEAR,DRY
6836 ,33387254,MONROE,Pittsford,,252 43011115,N,43.087368,-77.5474116,03/15/2010,7:25 AM,PROPERTY DAMAGE AND INJURY,1.,0 ,1 ,COLLISION WITH DEER,OTHER,NONE,DAWN,CLOUDY,WET
6836 ,33387269,MONROE,Irondequoit,,,Y,43.176771,-77.544927,03/17/2010,9:54 PM,PROPERTY DAMAGE AND INJURY,1.,0 ,2 ,COLLISION WITH MOTOR VEHICLE,RIGHT ANGLE,TRAFFIC SIGNAL,DARK-ROAD LIGHTED,CLEAR,DRY
6836 ,33387334,MONROE,Henrietta,,15A43041107,N,43.0785969,-77.6060844,03/18/2010,6:08 PM,PROPERTY DAMAGE AND INJURY,2.,0 ,2 ,COLLISION WITH MOTOR VEHICLE,RIGHT ANGLE,NONE,DAYLIGHT,CLEAR,DRY
6836 ,33387360,MONROE,Pittsford,,,N,43.1084581,-77.5442201,03/10/2010,12:15 PM,INJURY,1.,0 ,2 ,COLLISION WITH MOTOR VEHICLE,LEFT TURN (AGAINST OTHER CAR),NONE,DAYLIGHT,CLOUDY,DRY
6836 ,33387406,MONROE,Fairport,,,N,43.1070065,-77.4418311,03/15/2010,6:03 PM,PROPERTY DAMAGE AND INJURY,1.,0 ,2 ,COLLISION WITH MOTOR VEHICLE,REAR END,NONE,DAYLIGHT,CLOUDY,DRY
6836 ,33387414,MONROE,Pittsford,,,N,43.0497676,-77.5663366,03/14/2010,6:00 AM,PROPERTY DAMAGE AND INJURY,1.,0 ,1 ,COLLISION WITH SIGN POST,OTHER,NONE,DARK-ROAD LIGHTED,RAIN,WET
6836 ,33387460,MONROE,Pittsford,,,N,43.0873169,-77.5284543,03/17/2010,5:27 PM,PROPERTY DAMAGE AND INJURY,3.,0 ,3 ,COLLISION WITH MOTOR VEHICLE,OTHER,NONE,DAYLIGHT,CLEAR,DRY
6836 ,33387511,MONROE,Henrietta,,252 43011083,Y,43.087262,-77.609249,03/10/2010,6:54 PM,INJURY,1.,0 ,2 ,COLLISION WITH MOTOR VEHICLE,REAR END,TRAFFIC SIGNAL,DARK-ROAD LIGHTED,CLOUDY,DRY
6836 ,33387524,MONROE,Irondequoit,,,N,43.196444,-77.5767859,03/12/2010,1:48 PM,INJURY,1.,0 ,3 ,COLLISION WITH MOTOR VEHICLE,OTHER,TRAFFIC SIGNAL,DAYLIGHT,RAIN,WET
6836 ,33387615,MONROE,Henrietta,,,Y,43.026321,-77.68587,03/13/2010,2:32 PM,PROPERTY DAMAGE AND INJURY,1.,0 ,2 ,COLLISION WITH MOTOR VEHICLE,RIGHT ANGLE,STOP SIGN,DAYLIGHT,RAIN,WET
6836 ,33387633,MONROE,Penfield,,,N,43.188976,-77.5043885,03/17/2010,7:41 PM,INJURY,1.,0 ,2 ,COLLISION WITH MOTOR VEHICLE,RIGHT ANGLE,OTHER,DARK-ROAD LIGHTED,CLEAR,DRY
6836 ,33387739,MONROE,Pittsford,,252 43011123,N,43.0871783,-77.531348,03/17/2010,2:53 PM,PROPERTY DAMAGE AND INJURY,1.,0 ,1 ,COLLISION WITH TREE,OTHER,NONE,DAYLIGHT,CLEAR,DRY
6836 ,33387743,MONROE,Ogden,,,N,43.1498678,-77.8096725,03/19/2010,1:34 AM,PROPERTY DAMAGE AND INJURY,1.,0 ,1 ,COLLISION WITH CULVERT/HEADWALL,OTHER,NONE,DARK-ROAD UNLIGHTED,CLEAR,DRY
6836 ,33387890,MONROE,Wheatland,,,N,43.0330263,-77.8213252,03/18/2010,10:50 PM,PROPERTY DAMAGE AND INJURY,1.,0 ,1 ,COLLISION WITH DEER,OTHER,NONE,DARK-ROAD UNLIGHTED,CLEAR,DRY
6836 ,33388094,MONROE,Rochester,,104 43032025,N,43.1912879,-77.615028,03/19/2010,9:55 PM,PROPERTY DAMAGE AND INJURY,1.,0 ,2 ,COLLISION WITH MOTOR VEHICLE,REAR END,NONE,DARK-ROAD LIGHTED,CLEAR,DRY
6836 ,33388232,MONROE,Rochester,,,N,43.1439656,-77.5561241,03/19/2010,9:05 AM,PROPERTY DAMAGE AND INJURY,1.,0 ,2 ,COLLISION WITH MOTOR VEHICLE,REAR END,NONE,DAYLIGHT,CLEAR,DRY
6836 ,33388251,MONROE,Irondequoit,,,N,43.1976126,-77.5768944,03/19/2010,1:03 PM,PROPERTY DAMAGE AND INJURY,3.,0 ,3 ,COLLISION WITH MOTOR VEHICLE,OTHER,NONE,DAYLIGHT,CLEAR,DRY
6836 ,33388320,MONROE,Irondequoit,,,N,43.203494,-77.561489,03/20/2010,1:30 PM,PROPERTY DAMAGE AND INJURY,3.,0 ,2 ,COLLISION WITH MOTOR VEHICLE,RIGHT ANGLE,TRAFFIC SIGNAL,DAYLIGHT,CLEAR,DRY
6836 ,33388392,MONROE,Greece,,104 43031174,Y,43.205084,-77.66632,03/19/2010,1:07 PM,INJURY,1.,0 ,2 ,COLLISION WITH MOTOR VEHICLE,REAR END,TRAFFIC SIGNAL,DAYLIGHT,CLEAR,DRY
6836 ,33388562,MONROE,Brockport,,,N,43.2178878,-77.9382475,03/19/2010,1:34 PM,PROPERTY DAMAGE AND INJURY,2.,0 ,2 ,COLLISION WITH MOTOR VEHICLE,RIGHT ANGLE,NONE,DAYLIGHT,CLEAR,DRY
6836 ,33388590,MONROE,Gates,,,N,43.1256295,-77.7144115,03/13/2010,2:09 AM,PROPERTY DAMAGE AND INJURY,1.,0 ,1 ,COLLISION WITH OTHER FIXED OBJECT,OTHER,NONE,DARK-ROAD LIGHTED,CLOUDY,DRY
6836 ,33388598,MONROE,Greece,,,Y,43.181631,-77.732028,03/16/2010,7:34 AM,PROPERTY DAMAGE AND INJURY,1.,0 ,2 ,COLLISION WITH MOTOR VEHICLE,REAR END,STOP SIGN,DAYLIGHT,CLEAR,DRY
6836 ,33388616,MONROE,Greece,,,Y,43.184779,-77.701469,03/18/2010,4:18 PM,INJURY,3.,0 ,2 ,COLLISION WITH MOTOR VEHICLE,LEFT TURN (AGAINST OTHER CAR),NONE,DAYLIGHT,CLEAR,DRY
6836 ,33388786,MONROE,Webster,,,N,43.2076099,-77.4658526,03/18/2010,4:30 PM,INJURY,1.,0 ,2 ,COLLISION WITH MOTOR VEHICLE,REAR END,TRAFFIC SIGNAL,DAYLIGHT,CLEAR,DRY
6836 ,33388813,MONROE,Brighton,,,Y,43.115322,-77.596989,03/22/2010,3:39 PM,INJURY,1.,0 ,2 ,COLLISION WITH MOTOR VEHICLE,REAR END,TRAFFIC SIGNAL,DAYLIGHT,RAIN,WET
6836 ,33388915,MONROE,Hamlin,,18 43031039,N,43.295304,-77.9207807,03/20/2010,3:20 PM,PROPERTY DAMAGE AND INJURY,1.,0 ,2 ,COLLISION WITH MOTOR VEHICLE,HEAD ON,TRAFFIC SIGNAL,DAYLIGHT,CLOUDY,DRY
6836 ,33389246,MONROE,Henrietta,,252 43011083,N,43.0871509,-77.6073347,03/22/2010,3:58 PM,INJURY,1.,0 ,2 ,COLLISION WITH MOTOR VEHICLE,REAR END,TRAFFIC SIGNAL,DAYLIGHT,RAIN,WET
6836 ,33389324,MONROE,Sweden,,19 43041049,N,43.2025239,-77.9424073,03/22/2010,2:38 PM,INJURY,2.,0 ,3 ,COLLISION WITH MOTOR VEHICLE,OTHER,NONE,DAYLIGHT,RAIN,WET
6836 ,33389468,MONROE,Chili,,259 43011019,Y,43.1128,-77.8035511,03/22/2010,6:08 PM,INJURY,1.,0 ,2 ,COLLISION WITH MOTOR VEHICLE,REAR END,NONE,DAYLIGHT,RAIN,WET
6836 ,33389477,MONROE,Chili,,33A43021120,N,43.1172799,-77.7216542,03/18/2010,11:36 PM,PROPERTY DAMAGE AND INJURY,1.,0 ,1 ,COLLISION WITH CURBING,OTHER,TRAFFIC SIGNAL,DARK-ROAD LIGHTED,CLOUDY,DRY
6836 ,33389934,MONROE,Rochester,,,Y,43.186358,-77.618337,03/16/2010,6:32 PM,PROPERTY DAMAGE AND INJURY,1.,0 ,2 ,COLLISION WITH MOTOR VEHICLE,LEFT TURN (AGAINST OTHER CAR),NONE,DAYLIGHT,CLEAR,DRY
6836 ,33390008,MONROE,Rochester,,,Y,43.170975,-77.60748,03/17/2010,4:26 PM,PROPERTY DAMAGE AND INJURY,1.,0 ,3 ,COLLISION WITH MOTOR VEHICLE,OTHER,TRAFFIC SIGNAL,DAYLIGHT,CLEAR,DRY
6836 ,33390017,MONROE,Perinton,,31 43033075,Y,43.073916,-77.460934,03/26/2010,7:25 AM,PROPERTY DAMAGE AND INJURY,1.,0 ,2 ,COLLISION WITH MOTOR VEHICLE,RIGHT ANGLE,TRAFFIC SIGNAL,DAYLIGHT,CLEAR,DRY
6836 ,33390051,MONROE,Rochester,,,N,43.194033,-77.6014443,03/17/2010,6:26 PM,INJURY,1.,0 ,1 ,COLLISION WITH OTHER FIXED OBJECT,OTHER,NONE,DAYLIGHT,CLEAR,DRY
6836 ,33390327,MONROE,Rochester,,,Y,43.171095,-77.612112,03/08/2010,1:19 PM,PROPERTY DAMAGE AND INJURY,1.,0 ,2 ,COLLISION WITH MOTOR VEHICLE,UNKNOWN,UNKNOWN,UNKNOWN,UNKNOWN,UNKNOWN
6836 ,33390573,MONROE,Rochester,,,Y,43.181123,-77.625186,03/17/2010,10:35 AM,INJURY,1.,0 ,2 ,COLLISION WITH MOTOR VEHICLE,REAR END,TRAFFIC SIGNAL,DAYLIGHT,CLEAR,DRY
6836 ,33390575,MONROE,Rochester,,,N,43.155131,-77.605517,03/17/2010,8:27 PM,PROPERTY DAMAGE AND INJURY,2.,0 ,2 ,COLLISION WITH MOTOR VEHICLE,RIGHT ANGLE,TRAFFIC SIGNAL,DARK-ROAD LIGHTED,CLEAR,DRY
6836 ,33390576,MONROE,Rochester,,,N,43.1217475,-77.620754,03/17/2010,1:35 PM,INJURY,1.,0 ,1 ,COLLISION WITH PEDESTRIAN,OTHER,NONE,DAYLIGHT,CLEAR,DRY
6836 ,33390578,MONROE,Rochester,,,Y,43.15843,-77.615431,03/17/2010,11:49 AM,INJURY,1.,0 ,1 ,COLLISION WITH PEDESTRIAN,OTHER,TRAFFIC SIGNAL,DAYLIGHT,CLEAR,DRY
6836 ,33390579,MONROE,Rochester,,,Y,43.167362,-77.616907,03/17/2010,9:32 PM,PROPERTY DAMAGE AND INJURY,3.,0 ,2 ,COLLISION WITH MOTOR VEHICLE,RIGHT ANGLE,TRAFFIC SIGNAL,DARK-ROAD LIGHTED,CLEAR,DRY
6836 ,33390767,MONROE,Henrietta,,,Y,43.038097,-77.7184041,03/11/2010,12:15 PM,INJURY,1.,0 ,1 ,COLLISION WITH BICYCLIST,OTHER,STOP SIGN,DAYLIGHT,CLEAR,DRY
6836 ,33391011,MONROE,Parma,,259 43011078,N,43.2043133,-77.7968461,03/10/2010,9:06 PM,INJURY,1.,0 ,2 ,COLLISION WITH MOTOR VEHICLE,REAR END,STOP SIGN,DARK-ROAD LIGHTED,CLOUDY,DRY
6836 ,33391419,MONROE,Ogden,,,N,43.1869583,-77.7534275,03/24/2010,6:15 AM,PROPERTY DAMAGE AND INJURY,1.,0 ,1 ,COLLISION WITH GUIDE RAIL,OTHER,NONE,DARK-ROAD LIGHTED,CLEAR,SNOW/ICE
6836 ,33391546,MONROE,Chili,,252 43011036,N,43.0934789,-77.7009231,03/19/2010,3:11 PM,PROPERTY DAMAGE AND INJURY,3.,0 ,3 ,COLLISION WITH MOTOR VEHICLE,OTHER,NONE,DAYLIGHT,CLEAR,DRY
6836 ,33391620,MONROE,Henrietta,,15 43031114,N,43.0939705,-77.633099,03/23/2010,6:03 PM,INJURY,1.,0 ,2 ,COLLISION WITH MOTOR VEHICLE,REAR END,TRAFFIC SIGNAL,DAYLIGHT,RAIN,WET
6836 ,33391644,MONROE,Pittsford,,31 43033015,N,43.103199,-77.5387139,03/22/2010,11:55 AM,PROPERTY DAMAGE AND INJURY,1.,0 ,2 ,COLLISION WITH MOTOR VEHICLE,LEFT TURN (WITH OTHER CAR),TRAFFIC SIGNAL,DAYLIGHT,RAIN,WET
6836 ,33391686,MONROE,Pittsford,,31 43033029,N,43.1034898,-77.5390147,03/19/2010,4:12 PM,PROPERTY DAMAGE AND INJURY,1.,0 ,2 ,COLLISION WITH MOTOR VEHICLE,LEFT TURN (AGAINST OTHER CAR),NONE,DAYLIGHT,CLEAR,DRY
6836 ,33391755,MONROE,Webster,,,N,43.2267293,-77.4001944,03/23/2010,10:45 PM,INJURY,1.,0 ,1 ,COLL. W/LIGHT SUPPORT/UTILITY POLE,OTHER,NONE,DARK-ROAD UNLIGHTED,RAIN,WET
6836 ,33391950,MONROE,Greece,,,N,43.261635,-77.6467309,03/13/2010,8:18 PM,PROPERTY DAMAGE AND INJURY,2.,0 ,2 ,COLLISION WITH MOTOR VEHICLE,LEFT TURN (WITH OTHER CAR),NONE,DARK-ROAD UNLIGHTED,RAIN,WET
6836 ,33392005,MONROE,Pittsford,,31 43033044,N,43.0932085,-77.521601,03/09/2010,11:00 AM,PROPERTY DAMAGE AND INJURY,1.,0 ,3 ,COLLISION WITH MOTOR VEHICLE,OTHER,NONE,DAYLIGHT,CLEAR,DRY
6836 ,33392684,MONROE,Rochester,,,Y,43.18526,-77.595624,03/18/2010,5:49 PM,PROPERTY DAMAGE AND INJURY,1.,0 ,2 ,COLLISION WITH MOTOR VEHICLE,LEFT TURN (AGAINST OTHER CAR),NONE,DAYLIGHT,CLEAR,DRY
6836 ,33392686,MONROE,Rochester,,,Y,43.187358,-77.630551,03/18/2010,8:34 AM,PROPERTY DAMAGE AND INJURY,1.,0 ,2 ,COLLISION WITH MOTOR VEHICLE,REAR END,NONE,DAYLIGHT,CLEAR,DRY
6836 ,33392690,MONROE,Rochester,,,Y,43.196949,-77.61747,03/18/2010,12:28 PM,PROPERTY DAMAGE AND INJURY,1.,0 ,2 ,COLLISION WITH MOTOR VEHICLE,RIGHT TURN (AGAINST OTHER CAR),STOP SIGN,DAYLIGHT,CLEAR,DRY
6836 ,33392694,MONROE,Rochester,,,Y,43.149992,-77.640214,03/18/2010,6:23 PM,PROPERTY DAMAGE AND INJURY,1.,0 ,2 ,COLLISION WITH MOTOR VEHICLE,LEFT TURN (AGAINST OTHER CAR),NONE,DAYLIGHT,CLEAR,DRY
6836 ,33392897,MONROE,Rochester,,,Y,43.18207,-77.586681,03/19/2010,10:00 AM,INJURY,2.,0 ,3 ,COLLISION WITH MOTOR VEHICLE,OTHER,TRAFFIC SIGNAL,DAYLIGHT,CLEAR,DRY
6836 ,33392898,MONROE,Rochester,,,Y,43.143295,-77.628976,03/19/2010,8:20 AM,INJURY,1.,0 ,1 ,COLLISION WITH PEDESTRIAN,OTHER,NONE,DAYLIGHT,CLEAR,DRY
6836 ,33392947,MONROE,Rochester,,,Y,43.134615,-77.6509449,03/18/2010,12:00 PM,PROPERTY DAMAGE AND INJURY,2.,0 ,2 ,COLLISION WITH MOTOR VEHICLE,UNKNOWN,STOP SIGN,DAYLIGHT,CLEAR,DRY
6836 ,33393004,MONROE,Rochester,,,N,43.1747614,-77.6180665,03/19/2010,6:14 PM,INJURY,1.,0 ,1 ,COLLISION WITH BICYCLIST,OTHER,NONE,DAYLIGHT,CLEAR,DRY
6836 ,33393005,MONROE,Rochester,,,Y,43.120294,-77.619596,03/09/2010,12:30 PM,INJURY,1.,0 ,1 ,COLLISION WITH PEDESTRIAN,OTHER,NONE,DAYLIGHT,CLEAR,DRY
6836 ,33393007,MONROE,Rochester,,,N,43.1212105,-77.6191132,03/17/2010,2:55 PM,PROPERTY DAMAGE AND INJURY,2.,0 ,2 ,COLLISION WITH MOTOR VEHICLE,RIGHT ANGLE,NONE,DAYLIGHT,CLEAR,DRY
6836 ,33393008,MONROE,Rochester,,,N,43.142278,-77.586219,03/01/2010,12:31 PM,INJURY,1.,0 ,2 ,COLLISION WITH MOTOR VEHICLE,REAR END,TRAFFIC SIGNAL,DAYLIGHT,CLOUDY,DRY
6836 ,33393011,MONROE,Rochester,,,Y,43.148928,-77.6328249,03/19/2010,9:46 PM,INJURY,1.,0 ,1 ,COLLISION WITH PEDESTRIAN,OTHER,NONE,DARK-ROAD LIGHTED,CLEAR,DRY
6836 ,33393012,MONROE,Rochester,,,N,43.1507,-77.634267,03/18/2010,2:00 PM,PROPERTY DAMAGE AND INJURY,1.,0 ,2 ,COLLISION WITH MOTOR VEHICLE,RIGHT ANGLE,TRAFFIC SIGNAL,DAYLIGHT,CLEAR,DRY
6836 ,33393013,MONROE,Rochester,,,Y,43.158106,-77.625163,03/16/2010,2:20 PM,INJURY,1.,0 ,2 ,COLLISION WITH MOTOR VEHICLE,UNKNOWN,TRAFFIC SIGNAL,DAYLIGHT,CLEAR,DRY
6836 ,33393015,MONROE,Rochester,,,Y,43.145301,-77.651002,03/16/2010,4:41 PM,INJURY,1.,0 ,2 ,COLLISION WITH MOTOR VEHICLE,OVERTAKING,TRAFFIC SIGNAL,DAYLIGHT,CLEAR,DRY
6836 ,33393018,MONROE,Rochester,,,N,43.2003135,-77.6384019,03/07/2010,1:02 PM,INJURY,1.,0 ,2 ,COLLISION WITH MOTOR VEHICLE,RIGHT ANGLE,TRAFFIC SIGNAL,DAYLIGHT,CLEAR,DRY
6836 ,33393020,MONROE,Rochester,,,Y,43.145438,-77.5553219,03/17/2010,6:36 PM,INJURY,1.,0 ,1 ,COLLISION WITH PEDESTRIAN,OTHER,TRAFFIC SIGNAL,DAYLIGHT,CLEAR,DRY
6836 ,33393021,MONROE,Rochester,,,Y,43.18773,-77.573314,03/22/2010,2:53 PM,PROPERTY DAMAGE AND INJURY,2.,0 ,2 ,COLLISION WITH MOTOR VEHICLE,UNKNOWN,NONE,DAYLIGHT,RAIN,WET
6836 ,33393023,MONROE,Rochester,,,Y,43.164674,-77.665804,03/22/2010,3:30 PM,INJURY,1.,0 ,2 ,COLLISION WITH MOTOR VEHICLE,SIDESWIPE,STOP SIGN,DAYLIGHT,RAIN,WET
6836 ,33393024,MONROE,Rochester,,,N,43.171734,-77.6280679,03/22/2010,5:22 PM,PROPERTY DAMAGE AND INJURY,1.,0 ,2 ,COLLISION WITH MOTOR VEHICLE,LEFT TURN (WITH OTHER CAR),TRAFFIC SIGNAL,DAYLIGHT,RAIN,WET
6836 ,33393025,MONROE,Rochester,,,N,43.175783,-77.6133181,03/21/2010,1:23 PM,PROPERTY DAMAGE AND INJURY,1.,0 ,2 ,COLLISION WITH MOTOR VEHICLE,RIGHT ANGLE,NONE,DAYLIGHT,CLEAR,DRY
6836 ,33393176,MONROE,Rochester,,,Y,43.156599,-77.608896,03/20/2010,12:56 PM,PROPERTY DAMAGE AND INJURY,1.,0 ,2 ,COLLISION WITH MOTOR VEHICLE,OVERTAKING,NONE,DAYLIGHT,CLEAR,DRY
6836 ,33393281,MONROE,Webster,,104 43035243,N,43.2143511,-77.4905547,03/17/2010,10:27 PM,INJURY,1.,0 ,1 ,OTHER NON-COLLISION,OTHER,NONE,DARK-ROAD UNLIGHTED,CLEAR,DRY
6836 ,33393282,MONROE,Rochester,,490I43022045,N,43.1417779,-77.5945448,03/23/2010,6:00 PM,INJURY,1.,0 ,2 ,COLLISION WITH MOTOR VEHICLE,REAR END,NONE,DAYLIGHT,RAIN,WET
6836 ,33393289,MONROE,Rochester,,590 43012006,N,43.1670225,-77.538906,03/18/2010,6:00 PM,PROPERTY DAMAGE AND INJURY,1.,0 ,1 ,COLL. W/EARTH ELE./ROCK CUT/DITCH,OTHER,NONE,DAYLIGHT,CLEAR,DRY
6836 ,33393295,MONROE,Rochester,,490I43022041,N,43.1452072,-77.6001111,03/24/2010,8:52 AM,PROPERTY DAMAGE AND INJURY,1.,0 ,2 ,COLLISION WITH MOTOR VEHICLE,REAR END,NONE,DAYLIGHT,CLEAR,DRY