QUERYID,CASE #,REGN_CNTY_CDE,Municipality,MUNITYPE,REF_MRKR,ATINTERSECTION_IND,Lat,Long,,Time,Crash Type,Injuries,Fatalities,Number of Vehicles,ACCD_TYP,COLLISION_TYP,TRAF_CNTL,Light Condition,Weather Condition,Road Surface Condition
6836 ,33393747,MONROE,Honeoye Falls,,,Y,42.952843,-77.5909701,03/24/2010,9:59 AM,INJURY,1.,0 ,2 ,COLLISION WITH MOTOR VEHICLE,RIGHT ANGLE,TRAFFIC SIGNAL,DAYLIGHT,CLEAR,DRY
6836 ,33393750,MONROE,East Rochester,,,Y,43.110848,-77.496525,03/24/2010,7:45 AM,PROPERTY DAMAGE AND INJURY,1.,0 ,2 ,COLLISION WITH MOTOR VEHICLE,RIGHT TURN (AGAINST OTHER CAR),STOP SIGN,DAYLIGHT,CLEAR,WET
6836 ,33393751,MONROE,Henrietta,,252 43011113,N,43.0871548,-77.6088317,03/24/2010,9:38 AM,INJURY,1.,0 ,2 ,COLLISION WITH MOTOR VEHICLE,REAR END,TRAFFIC SIGNAL,DAYLIGHT,CLEAR,DRY
6836 ,33393758,MONROE,Fairport,,,N,43.1001057,-77.4425913,03/23/2010,1:40 PM,PROPERTY DAMAGE AND INJURY,1.,0 ,1 ,COLLISION WITH PEDESTRIAN,OTHER,NONE,DAYLIGHT,RAIN,WET
6836 ,33393764,MONROE,Fairport,,,Y,43.099017,-77.452239,03/24/2010,3:45 PM,INJURY,1.,0 ,3 ,COLLISION WITH MOTOR VEHICLE,OTHER,NONE,DAYLIGHT,CLEAR,DRY
6836 ,33393771,MONROE,Gates,,490I43021147,N,43.13787,-77.717507,03/24/2010,6:40 AM,PROPERTY DAMAGE AND INJURY,1.,0 ,1 ,COLLISION WITH GUIDE RAIL,OTHER,NONE,DAWN,CLEAR,SNOW/ICE
6836 ,33393775,MONROE,Rush,,15 43031007,N,42.9499485,-77.6971405,03/24/2010,7:03 AM,INJURY,1.,0 ,1 ,COLLISION WITH GUIDE RAIL,OTHER,NONE,DARK-ROAD UNLIGHTED,CLEAR,WET
6836 ,33393781,MONROE,Ogden,,,N,43.1709329,-77.7615772,03/24/2010,7:42 AM,PROPERTY DAMAGE AND INJURY,1.,0 ,1 ,COLLISION WITH GUIDE RAIL,OTHER,NONE,DAYLIGHT,CLEAR,SNOW/ICE
6836 ,33393782,MONROE,Henrietta,,15 43031080,N,43.0480297,-77.6577511,03/24/2010,7:09 AM,PROPERTY DAMAGE AND INJURY,1.,0 ,2 ,COLLISION WITH MOTOR VEHICLE,OVERTAKING,NONE,DAYLIGHT,CLEAR,SNOW/ICE
6836 ,33393783,MONROE,Gates,,390I43037005,N,43.1382935,-77.6670653,03/24/2010,6:55 AM,PROPERTY DAMAGE AND INJURY,1.,0 ,3 ,COLLISION WITH MOTOR VEHICLE,OTHER,NONE,DAWN,CLEAR,SNOW/ICE
6836 ,33393995,MONROE,Rush,,390I43031028,N,43.010615,-77.663427,03/24/2010,7:45 AM,PROPERTY DAMAGE AND INJURY,1.,0 ,2 ,COLLISION WITH MOTOR VEHICLE,OVERTAKING,NONE,DAYLIGHT,CLEAR,SNOW/ICE
6836 ,33393999,MONROE,Ogden,,531 43012025,N,43.1788288,-77.80526,03/24/2010,7:14 AM,PROPERTY DAMAGE AND INJURY,1.,0 ,1 ,COLLISION WITH GUIDE RAIL,OTHER,NONE,DAYLIGHT,CLEAR,SNOW/ICE
6836 ,33394006,MONROE,Greece,,,N,43.2037299,-77.6766102,03/18/2010,7:57 AM,PROPERTY DAMAGE AND INJURY,1.,0 ,1 ,COLLISION WITH SIGN POST,OTHER,NONE,DAYLIGHT,CLEAR,DRY
6836 ,33394012,MONROE,Ogden,,531 43012025,N,43.1788288,-77.80526,03/24/2010,7:55 AM,PROPERTY DAMAGE AND INJURY,1.,0 ,1 ,COLLISION WITH GUIDE RAIL,OTHER,NONE,DAYLIGHT,CLEAR,SNOW/ICE
6836 ,33394204,MONROE,Chili,,,N,43.125691,-77.7107332,03/24/2010,7:00 PM,PROPERTY DAMAGE AND INJURY,1.,0 ,2 ,COLLISION WITH MOTOR VEHICLE,RIGHT ANGLE,TRAFFIC SIGNAL,DUSK,CLOUDY,DRY
6836 ,33394212,MONROE,Chili,,33A43021076,Y,43.093031,-77.798074,03/25/2010,9:25 AM,INJURY,3.,0 ,2 ,COLLISION WITH MOTOR VEHICLE,REAR END,TRAFFIC SIGNAL,DAYLIGHT,CLOUDY,DRY
6836 ,33394219,MONROE,Sweden,,,N,43.1981152,-77.9771,03/21/2010,7:01 PM,PROPERTY DAMAGE AND INJURY,1.,0 ,1 ,COLL. W/LIGHT SUPPORT/UTILITY POLE,OTHER,NONE,DAYLIGHT,CLOUDY,DRY
6836 ,33394499,MONROE,Henrietta,,252 43011086,N,43.087147,-77.6047676,03/25/2010,10:10 PM,INJURY,1.,0 ,2 ,COLLISION WITH MOTOR VEHICLE,REAR END,NONE,DARK-ROAD LIGHTED,CLOUDY,WET
6836 ,33394504,MONROE,Irondequoit,,,N,43.1769554,-77.5362352,03/27/2010,12:35 PM,PROPERTY DAMAGE AND INJURY,1.,0 ,1 ,COLLISION WITH CURBING,OTHER,NONE,DAYLIGHT,CLOUDY,DRY
6836 ,33394505,MONROE,Brighton,,96 43051099,Y,43.138221,-77.5404441,03/27/2010,2:28 PM,INJURY,1.,0 ,2 ,COLLISION WITH MOTOR VEHICLE,REAR END,TRAFFIC SIGNAL,DAYLIGHT,CLEAR,DRY
6836 ,33394617,MONROE,Rochester,,,N,43.1617024,-77.610813,03/17/2010,9:40 PM,PROPERTY DAMAGE AND INJURY,2.,0 ,2 ,COLLISION WITH MOTOR VEHICLE,HEAD ON,TRAFFIC SIGNAL,DARK-ROAD LIGHTED,CLEAR,DRY
6836 ,33394772,MONROE,Greece,,,N,43.2322478,-77.6967353,03/28/2010,12:48 PM,INJURY,1.,0 ,2 ,COLLISION WITH MOTOR VEHICLE,REAR END,NONE,DAYLIGHT,CLOUDY,DRY
6836 ,33394787,MONROE,Greece,,,N,43.222725,-77.6968135,03/25/2010,1:55 PM,INJURY,2.,0 ,2 ,COLLISION WITH MOTOR VEHICLE,REAR END,NONE,DAYLIGHT,CLOUDY,DRY
6836 ,33394789,MONROE,Greece,,,N,43.2285281,-77.6590679,03/28/2010,12:43 PM,PROPERTY DAMAGE AND INJURY,3.,0 ,2 ,COLLISION WITH MOTOR VEHICLE,REAR END,RR CROSSING GATES,DAYLIGHT,CLOUDY,DRY
6836 ,33394796,MONROE,Greece,,,N,43.223233,-77.641342,03/27/2010,5:35 PM,PROPERTY DAMAGE AND INJURY,1.,0 ,2 ,COLLISION WITH MOTOR VEHICLE,HEAD ON,TRAFFIC SIGNAL,DAYLIGHT,CLEAR,DRY
6836 ,33394799,MONROE,Greece,,,N,43.2028922,-77.6975497,03/22/2010,7:13 PM,INJURY,1.,0 ,1 ,COLLISION WITH PEDESTRIAN,OTHER,NONE,DARK-ROAD LIGHTED,RAIN,WET
6836 ,33394867,MONROE,Penfield,,,Y,43.181909,-77.430732,03/18/2010,1:27 PM,PROPERTY DAMAGE AND INJURY,1.,0 ,2 ,COLLISION WITH MOTOR VEHICLE,REAR END,TRAFFIC SIGNAL,DAYLIGHT,CLEAR,DRY
6836 ,33394869,MONROE,Webster,,,N,43.2153873,-77.4443378,03/27/2010,4:36 PM,INJURY,1.,0 ,2 ,COLLISION WITH MOTOR VEHICLE,REAR END,NONE,DAYLIGHT,CLEAR,DRY
6836 ,33394872,MONROE,Penfield,,,Y,43.133148,-77.492277,03/24/2010,2:39 PM,PROPERTY DAMAGE AND INJURY,1.,0 ,2 ,COLLISION WITH MOTOR VEHICLE,LEFT TURN (AGAINST OTHER CAR),TRAFFIC SIGNAL,DAYLIGHT,CLEAR,DRY
6836 ,33394874,MONROE,Parma,,,N,43.244068,-77.7915304,03/26/2010,2:19 PM,PROPERTY DAMAGE AND INJURY,1.,0 ,2 ,COLLISION WITH MOTOR VEHICLE,RIGHT ANGLE,FLASHING LIGHT,DAYLIGHT,CLEAR,DRY
6836 ,33394877,MONROE,Perinton,,,N,43.1085455,-77.4522194,03/25/2010,3:37 PM,PROPERTY DAMAGE AND INJURY,1.,0 ,2 ,COLLISION WITH MOTOR VEHICLE,REAR END,NONE,DAYLIGHT,RAIN,WET
6836 ,33394885,MONROE,Perinton,,,Y,43.0621495,-77.4811509,03/19/2010,6:59 PM,PROPERTY DAMAGE AND INJURY,3.,0 ,2 ,COLLISION WITH MOTOR VEHICLE,REAR END,NONE,DAYLIGHT,CLEAR,DRY
6836 ,33394889,MONROE,Henrietta,,15 43031114,N,43.0939705,-77.633099,03/28/2010,10:27 AM,INJURY,1.,0 ,2 ,COLLISION WITH MOTOR VEHICLE,RIGHT ANGLE,TRAFFIC SIGNAL,DAYLIGHT,CLOUDY,DRY
6836 ,33394892,MONROE,Henrietta,,15A43041123,N,43.084052,-77.6079721,03/12/2010,1:30 PM,INJURY,1.,0 ,2 ,COLLISION WITH MOTOR VEHICLE,REAR END,TRAFFIC SIGNAL,DAYLIGHT,RAIN,WET
6836 ,33394906,MONROE,Penfield,,,N,43.1798465,-77.5092403,03/26/2010,6:37 PM,PROPERTY DAMAGE AND INJURY,3.,0 ,2 ,COLLISION WITH MOTOR VEHICLE,REAR END,NO PASSING ZONE,DAYLIGHT,CLEAR,DRY
6836 ,33395327,MONROE,Pittsford,,31F43011004,N,43.1130414,-77.5108307,03/17/2010,6:27 AM,FATAL,0.,1 ,1 ,COLLISION WITH PEDESTRIAN,OTHER,TRAFFIC SIGNAL,DARK-ROAD LIGHTED,CLEAR,DRY
6836 ,33395658,MONROE,Webster,,,N,43.2094399,-77.4610749,03/25/2010,5:21 PM,PROPERTY DAMAGE AND INJURY,1.,0 ,2 ,COLLISION WITH MOTOR VEHICLE,RIGHT TURN (WITH OTHER CAR),TRAFFIC SIGNAL,DAYLIGHT,RAIN,WET
6836 ,33395685,MONROE,Wheatland,,383 43011057,N,42.9996873,-77.8532028,03/23/2010,7:30 AM,PROPERTY DAMAGE AND INJURY,1.,0 ,1 ,COLLISION WITH DEER,OTHER,NONE,DAYLIGHT,RAIN,WET
6836 ,33395707,MONROE,Henrietta,,,N,43.0587599,-77.6418366,03/24/2010,7:35 AM,PROPERTY DAMAGE AND INJURY,1.,0 ,1 ,COLLISION WITH GUIDE RAIL,OTHER,NONE,DAYLIGHT,CLEAR,SNOW/ICE
6836 ,33395727,MONROE,Webster,,,N,43.2121686,-77.4466142,03/27/2010,4:10 PM,INJURY,1.,0 ,3 ,COLLISION WITH MOTOR VEHICLE,OTHER,TRAFFIC SIGNAL,DAYLIGHT,CLEAR,DRY
6836 ,33395806,MONROE,Brighton,,15A43041129,N,43.1069856,-77.6157958,03/29/2010,9:14 AM,INJURY,2.,0 ,4 ,COLLISION WITH MOTOR VEHICLE,OTHER,NONE,DAYLIGHT,RAIN,WET
6836 ,33395812,MONROE,Brighton,,,N,43.1250416,-77.5189818,03/23/2010,3:56 AM,PROPERTY DAMAGE AND INJURY,1.,0 ,1 ,COLLISION WITH GUIDE RAIL,OTHER,NONE,DARK-ROAD UNLIGHTED,RAIN,WET
6836 ,33395902,MONROE,Webster,,,N,43.218121,-77.4191501,03/26/2010,3:57 PM,PROPERTY DAMAGE AND INJURY,1.,0 ,1 ,COLL. W/LIGHT SUPPORT/UTILITY POLE,OTHER,TRAFFIC SIGNAL,DAYLIGHT,CLEAR,DRY
6836 ,33395916,MONROE,Gates,,,Y,43.130927,-77.685863,03/29/2010,7:56 PM,PROPERTY DAMAGE AND INJURY,1.,0 ,2 ,COLLISION WITH MOTOR VEHICLE,RIGHT ANGLE,STOP SIGN,DARK-ROAD LIGHTED,CLOUDY,DRY
6836 ,33395958,MONROE,Brighton,,,N,43.1094545,-77.6159975,03/24/2010,7:22 AM,PROPERTY DAMAGE AND INJURY,1.,0 ,2 ,COLLISION WITH MOTOR VEHICLE,RIGHT ANGLE,NONE,DAYLIGHT,CLEAR,SNOW/ICE
6836 ,33396015,MONROE,Greece,,390 43011051,N,43.2302982,-77.6723209,03/24/2010,5:48 PM,PROPERTY DAMAGE AND INJURY,1.,0 ,1 ,FIRE/EXPLOSION,OTHER,NONE,DAYLIGHT,CLEAR,DRY
6836 ,33396318,MONROE,Irondequoit,,,Y,43.239804,-77.596488,03/08/2010,12:05 PM,INJURY,1.,0 ,1 ,COLLISION WITH PEDESTRIAN,OTHER,NONE,DAYLIGHT,CLEAR,DRY
6836 ,33397740,MONROE,Rochester,,,Y,43.181097,-77.626547,03/16/2010,12:00 AM,PROPERTY DAMAGE AND INJURY,1.,0 ,2 ,COLLISION WITH MOTOR VEHICLE,REAR END,UNKNOWN,UNKNOWN,UNKNOWN,UNKNOWN
6836 ,33397867,MONROE,Rochester,,,Y,43.193901,-77.654807,03/22/2010,5:47 AM,INJURY,1.,0 ,1 ,COLLISION WITH ANIMAL,OTHER,NONE,DARK-ROAD LIGHTED,CLEAR,DRY
6836 ,33397868,MONROE,Rochester,,,N,43.1507,-77.634267,03/23/2010,2:50 PM,PROPERTY DAMAGE AND INJURY,2.,0 ,2 ,COLLISION WITH MOTOR VEHICLE,RIGHT ANGLE,NONE,DAYLIGHT,RAIN,WET
6836 ,33397987,MONROE,Rochester,,,Y,43.186453,-77.613791,03/29/2010,3:49 PM,PROPERTY DAMAGE AND INJURY,1.,0 ,2 ,COLLISION WITH MOTOR VEHICLE,RIGHT ANGLE,TRAFFIC SIGNAL,DAYLIGHT,RAIN,WET
6836 ,33397989,MONROE,Rochester,,,N,43.1553852,-77.6439517,03/24/2010,5:29 PM,INJURY,1.,0 ,1 ,COLLISION WITH PEDESTRIAN,OTHER,NONE,DAYLIGHT,CLEAR,DRY
6836 ,33397991,MONROE,Rochester,,,Y,43.193924,-77.6648659,03/20/2010,5:30 PM,INJURY,1.,0 ,2 ,COLLISION WITH MOTOR VEHICLE,REAR END,TRAFFIC SIGNAL,DAYLIGHT,CLEAR,DRY
6836 ,33397993,MONROE,Brighton,,,N,43.0999795,-77.614062,03/11/2010,8:50 PM,PROPERTY DAMAGE AND INJURY,1.,0 ,2 ,COLLISION WITH MOTOR VEHICLE,RIGHT ANGLE,STOP SIGN,DARK-ROAD LIGHTED,CLEAR,DRY
6836 ,33398050,MONROE,Greece,,,N,43.2384451,-77.6943973,03/26/2010,11:37 AM,PROPERTY DAMAGE AND INJURY,3.,0 ,3 ,COLLISION WITH MOTOR VEHICLE,OTHER,NONE,DAYLIGHT,CLEAR,DRY
6836 ,33398102,MONROE,Rochester,,,N,43.159357,-77.6466546,03/05/2010,12:40 AM,INJURY,1.,0 ,2 ,COLLISION WITH MOTOR VEHICLE,RIGHT ANGLE,STOP SIGN,DARK-ROAD LIGHTED,CLEAR,DRY
6836 ,33398398,MONROE,Rochester,,,N,43.1764243,-77.6076957,03/08/2010,12:25 PM,INJURY,1.,0 ,1 ,COLLISION WITH PEDESTRIAN,OTHER,NONE,DAYLIGHT,CLEAR,DRY
6836 ,33398620,MONROE,Rochester,,,N,43.161519,-77.610619,03/25/2010,8:35 AM,INJURY,1.,0 ,1 ,COLLISION WITH PEDESTRIAN,OTHER,TRAFFIC SIGNAL,DAYLIGHT,CLEAR,DRY
6836 ,33398621,MONROE,Rochester,,,N,43.1461137,-77.5580419,03/19/2010,1:26 PM,INJURY,1.,0 ,1 ,COLLISION WITH PEDESTRIAN,OTHER,NONE,DAYLIGHT,CLEAR,UNKNOWN
6836 ,33398701,MONROE,Irondequoit,,,Y,43.174181,-77.548336,03/24/2010,6:10 PM,PROPERTY DAMAGE AND INJURY,1.,0 ,2 ,COLLISION WITH MOTOR VEHICLE,RIGHT ANGLE,STOP SIGN,DAYLIGHT,CLEAR,DRY
6836 ,33398827,MONROE,Webster,,,Y,43.208415,-77.430326,03/29/2010,3:37 PM,INJURY,2.,0 ,3 ,COLLISION WITH MOTOR VEHICLE,OTHER,TRAFFIC SIGNAL,DAYLIGHT,CLOUDY,DRY
6836 ,33398976,MONROE,Rush,,,N,42.9477376,-77.6933571,03/27/2010,3:35 PM,PROPERTY DAMAGE AND INJURY,1.,0 ,1 ,COLL. W/EARTH ELE./ROCK CUT/DITCH,OTHER,NONE,DAYLIGHT,CLEAR,DRY
6836 ,33399051,MONROE,Riga,,36 43031104,N,43.1198058,-77.866353,03/18/2010,12:45 PM,PROPERTY DAMAGE AND INJURY,1.,0 ,2 ,COLLISION WITH MOTOR VEHICLE,RIGHT ANGLE,STOP SIGN,DAYLIGHT,CLEAR,DRY
6836 ,33399085,MONROE,Brighton,,31 43033020,N,43.11245,-77.5496386,03/30/2010,5:31 PM,PROPERTY DAMAGE AND INJURY,1.,0 ,2 ,COLLISION WITH MOTOR VEHICLE,LEFT TURN (AGAINST OTHER CAR),NONE,DAYLIGHT,CLOUDY,DRY
6836 ,33399272,MONROE,Penfield,,,Y,43.133148,-77.492277,03/26/2010,12:00 PM,INJURY,1.,0 ,2 ,COLLISION WITH MOTOR VEHICLE,OVERTAKING,TRAFFIC SIGNAL,DAYLIGHT,CLEAR,DRY
6836 ,33399397,MONROE,Henrietta,,,Y,43.078223,-77.628707,03/30/2010,12:00 PM,INJURY,1.,0 ,2 ,COLLISION WITH MOTOR VEHICLE,REAR END,TRAFFIC SIGNAL,DAYLIGHT,CLOUDY,DRY
6836 ,33399537,MONROE,Rochester,,15 43031128,N,43.1128155,-77.6233324,03/31/2010,3:31 PM,INJURY,1.,0 ,2 ,COLLISION WITH MOTOR VEHICLE,REAR END,YIELD SIGN,DAYLIGHT,CLOUDY,DRY
6836 ,33399578,MONROE,Pittsford,,31 43033016,N,43.1026222,-77.5381163,03/23/2010,1:13 PM,PROPERTY DAMAGE AND INJURY,1.,0 ,2 ,COLLISION WITH MOTOR VEHICLE,RIGHT ANGLE,NONE,DAYLIGHT,RAIN,WET
6836 ,33399585,MONROE,Pittsford,,252 43011117,Y,43.087271,-77.542635,03/20/2010,12:45 PM,PROPERTY DAMAGE AND INJURY,1.,0 ,2 ,COLLISION WITH MOTOR VEHICLE,REAR END,TRAFFIC SIGNAL,DAYLIGHT,CLEAR,DRY
6836 ,33399596,MONROE,Penfield,,,N,43.1306868,-77.4376772,03/22/2010,12:30 PM,INJURY,1.,0 ,1 ,COLLISION WITH PEDESTRIAN,OTHER,NONE,DAYLIGHT,RAIN,WET
6836 ,33399616,MONROE,Gates,,,Y,43.174769,-77.732359,03/31/2010,3:11 PM,PROPERTY DAMAGE AND INJURY,3.,0 ,4 ,COLLISION WITH MOTOR VEHICLE,OTHER,TRAFFIC SIGNAL,DAYLIGHT,CLEAR,DRY
6836 ,33399899,MONROE,Fairport,,,N,43.0985207,-77.4390801,03/31/2010,7:00 PM,INJURY,2.,0 ,2 ,COLLISION WITH MOTOR VEHICLE,REAR END,NO PASSING ZONE,DAYLIGHT,CLEAR,DRY
6836 ,33399991,MONROE,Pittsford,,31 43033058,Y,43.07995,-77.491312,03/31/2010,8:30 AM,PROPERTY DAMAGE AND INJURY,1.,0 ,2 ,COLLISION WITH MOTOR VEHICLE,REAR END,NONE,DAYLIGHT,CLOUDY,DRY
6836 ,33400027,MONROE,Penfield,,441 43011047,N,43.1309099,-77.450909,03/27/2010,2:15 PM,PROPERTY DAMAGE AND INJURY,1.,0 ,2 ,COLLISION WITH MOTOR VEHICLE,REAR END,TRAFFIC SIGNAL,DAYLIGHT,CLEAR,DRY
6836 ,33400104,MONROE,Henrietta,,252 43011060,N,43.0928103,-77.6540944,04/02/2010,4:21 PM,PROPERTY DAMAGE AND INJURY,1.,0 ,4 ,COLLISION WITH MOTOR VEHICLE,OTHER,TRAFFIC SIGNAL,DAYLIGHT,CLEAR,DRY
6836 ,33400137,MONROE,Henrietta,,,N,43.0871292,-77.6136156,04/01/2010,11:45 AM,PROPERTY DAMAGE AND INJURY,1.,0 ,2 ,COLLISION WITH MOTOR VEHICLE,REAR END,NONE,DAYLIGHT,CLEAR,DRY
6836 ,33400142,MONROE,Wheatland,,383 43011032,N,43.0129837,-77.8053973,03/30/2010,8:25 AM,PROPERTY DAMAGE AND INJURY,2.,0 ,2 ,COLLISION WITH MOTOR VEHICLE,REAR END,RR CROSSING FLASH LIGHT,DAYLIGHT,CLOUDY,DRY
6836 ,33400257,MONROE,Brighton,,,N,43.137958,-77.5268221,04/02/2010,3:52 AM,PROPERTY DAMAGE AND INJURY,1.,0 ,3 ,COLL. W/LIGHT SUPPORT/UTILITY POLE,OTHER,NONE,DARK-ROAD LIGHTED,CLEAR,DRY
6836 ,33400292,MONROE,Brighton,,,Y,43.106025,-77.6159059,04/02/2010,10:20 AM,PROPERTY DAMAGE AND INJURY,1.,0 ,3 ,COLLISION WITH MOTOR VEHICLE,OTHER,TRAFFIC SIGNAL,DAYLIGHT,CLEAR,DRY
6836 ,33400346,MONROE,Rochester,,,Y,43.170767,-77.599806,03/16/2010,6:02 PM,FATAL,4.,1 ,2 ,COLLISION WITH MOTOR VEHICLE,LEFT TURN (WITH OTHER CAR),NONE,DAYLIGHT,CLEAR,DRY
6836 ,33400358,MONROE,Rochester,,,Y,43.184084,-77.568381,03/19/2010,4:48 PM,PROPERTY DAMAGE AND INJURY,2.,0 ,2 ,COLLISION WITH MOTOR VEHICLE,UNKNOWN,STOP SIGN,DAYLIGHT,CLEAR,DRY
6836 ,33400359,MONROE,Rochester,,,Y,43.170975,-77.60748,03/23/2010,4:44 PM,INJURY,4.,0 ,3 ,COLLISION WITH MOTOR VEHICLE,OTHER,NONE,DAYLIGHT,RAIN,WET
6836 ,33400637,MONROE,Brighton,,,Y,43.111727,-77.623926,03/24/2010,7:24 AM,PROPERTY DAMAGE AND INJURY,5.,0 ,19 ,COLLISION WITH MOTOR VEHICLE,OTHER,NONE,DAWN,CLOUDY,SNOW/ICE
6836 ,33400638,MONROE,Rochester,,,Y,43.179197,-77.680595,03/24/2010,10:40 AM,PROPERTY DAMAGE AND INJURY,1.,0 ,2 ,COLLISION WITH MOTOR VEHICLE,RIGHT ANGLE,TRAFFIC SIGNAL,DAYLIGHT,CLEAR,DRY
6836 ,33400771,MONROE,Irondequoit,,,N,43.234523,-77.5372984,03/31/2010,10:15 AM,PROPERTY DAMAGE AND INJURY,1.,0 ,1 ,COLLISION WITH CURBING,OTHER,NONE,DAYLIGHT,CLOUDY,DRY
6836 ,33400852,MONROE,Gates,,,Y,43.130857,-77.689883,03/25/2010,12:30 PM,INJURY,1.,0 ,2 ,COLLISION WITH MOTOR VEHICLE,REAR END,UNKNOWN,UNKNOWN,UNKNOWN,UNKNOWN
6836 ,33401007,MONROE,Rochester,,,N,43.180932,-77.595442,03/17/2010,8:14 PM,PROPERTY DAMAGE AND INJURY,4.,0 ,2 ,COLLISION WITH MOTOR VEHICLE,RIGHT ANGLE,TRAFFIC SIGNAL,DARK-ROAD LIGHTED,CLEAR,DRY
6836 ,33401061,MONROE,Rochester,,,Y,43.183317,-77.599347,03/28/2010,6:05 PM,PROPERTY DAMAGE AND INJURY,5.,0 ,2 ,COLLISION WITH MOTOR VEHICLE,UNKNOWN,NONE,DAYLIGHT,RAIN,WET
6836 ,33401062,MONROE,Rochester,,,N,43.1823135,-77.6388434,03/25/2010,7:56 AM,PROPERTY DAMAGE AND INJURY,1.,0 ,3 ,COLLISION WITH MOTOR VEHICLE,OTHER,TRAFFIC SIGNAL,DAYLIGHT,CLOUDY,DRY
6836 ,33401063,MONROE,Rochester,,,N,43.1646308,-77.6320512,03/30/2010,12:42 PM,PROPERTY DAMAGE AND INJURY,1.,0 ,3 ,COLLISION WITH MOTOR VEHICLE,OTHER,TRAFFIC SIGNAL,DAYLIGHT,CLOUDY,DRY
6836 ,33401105,MONROE,Rochester,,,Y,43.177934,-77.61063,03/28/2010,12:12 PM,PROPERTY DAMAGE AND INJURY,4.,0 ,2 ,COLLISION WITH MOTOR VEHICLE,UNKNOWN,NONE,DAYLIGHT,CLEAR,DRY
6836 ,33401216,MONROE,Henrietta,,15A43041100,N,43.0686155,-77.6077444,03/26/2010,12:30 PM,PROPERTY DAMAGE AND INJURY,1.,0 ,2 ,COLLISION WITH MOTOR VEHICLE,RIGHT ANGLE,TRAFFIC SIGNAL,DAYLIGHT,CLEAR,DRY
6836 ,33401245,MONROE,Gates,,,Y,43.149859,-77.6949109,04/05/2010,3:20 PM,INJURY,1.,0 ,1 ,COLLISION WITH BICYCLIST,OTHER,TRAFFIC SIGNAL,DAYLIGHT,CLEAR,DRY
6836 ,33401263,MONROE,Greece,,390 43011034,N,43.2056192,-77.6761626,04/02/2010,2:28 PM,INJURY,1.,0 ,3 ,COLLISION WITH MOTOR VEHICLE,OTHER,TRAFFIC SIGNAL,DAYLIGHT,CLEAR,DRY
6836 ,33401418,MONROE,Perinton,,250 43011013,N,43.054417,-77.44236,04/01/2010,1:59 PM,PROPERTY DAMAGE AND INJURY,1.,0 ,3 ,COLLISION WITH MOTOR VEHICLE,OTHER,TRAFFIC SIGNAL,DAYLIGHT,CLEAR,DRY
6836 ,33401446,MONROE,Gates,,,Y,43.178035,-77.7323301,04/05/2010,4:45 PM,INJURY,1.,0 ,2 ,COLLISION WITH MOTOR VEHICLE,RIGHT ANGLE,NONE,DAYLIGHT,CLEAR,DRY
6836 ,33401575,MONROE,Brighton,,490I43023004,N,43.1400219,-77.5406912,04/01/2010,8:57 AM,PROPERTY DAMAGE AND INJURY,1.,0 ,2 ,COLLISION WITH MOTOR VEHICLE,REAR END,NONE,DAYLIGHT,CLEAR,DRY
6836 ,33401639,MONROE,Rochester,,,N,43.1619537,-77.6073109,03/29/2010,8:12 PM,INJURY,1.,0 ,2 ,COLLISION WITH MOTOR VEHICLE,REAR END,TRAFFIC SIGNAL,DARK-ROAD LIGHTED,CLEAR,DRY
6836 ,33401791,MONROE,Webster,,,N,43.2141679,-77.4750769,04/01/2010,4:10 PM,INJURY,1.,0 ,2 ,COLLISION WITH MOTOR VEHICLE,REAR END,TRAFFIC SIGNAL,DAYLIGHT,CLEAR,DRY
6836 ,33401838,MONROE,Rochester,,,N,43.158904,-77.601368,03/28/2010,7:55 PM,INJURY,1.,0 ,1 ,COLLISION WITH BICYCLIST,OTHER,NONE,DARK-ROAD LIGHTED,RAIN,WET
6836 ,33401852,MONROE,Rochester,,,N,43.141813,-77.594786,03/29/2010,2:38 PM,PROPERTY DAMAGE AND INJURY,1.,0 ,2 ,COLLISION WITH MOTOR VEHICLE,RIGHT ANGLE,TRAFFIC SIGNAL,DAYLIGHT,CLOUDY,DRY
6836 ,33401853,MONROE,Rochester,,,Y,43.220615,-77.628404,03/29/2010,3:23 PM,PROPERTY DAMAGE AND INJURY,1.,0 ,2 ,COLLISION WITH MOTOR VEHICLE,UNKNOWN,NONE,DAYLIGHT,CLOUDY,DRY
6836 ,33401855,MONROE,Rochester,,,Y,43.16291,-77.603175,03/30/2010,5:20 PM,PROPERTY DAMAGE AND INJURY,1.,0 ,2 ,COLLISION WITH MOTOR VEHICLE,REAR END,NONE,DAYLIGHT,CLEAR,DRY
6836 ,33401856,MONROE,Rochester,,,N,43.1415351,-77.6203984,03/30/2010,4:02 PM,PROPERTY DAMAGE AND INJURY,1.,0 ,2 ,COLLISION WITH MOTOR VEHICLE,REAR END,NONE,DAYLIGHT,CLEAR,DRY
6836 ,33401858,MONROE,Greece,,,N,43.231167,-77.64689,03/17/2010,10:58 PM,INJURY,1.,0 ,1 ,COLL. W/LIGHT SUPPORT/UTILITY POLE,OTHER,TRAFFIC SIGNAL,DARK-ROAD LIGHTED,CLEAR,DRY
6836 ,33401859,MONROE,Rochester,,,Y,43.137346,-77.6068029,03/26/2010,5:16 PM,INJURY,1.,0 ,1 ,COLLISION WITH PEDESTRIAN,OTHER,STOP SIGN,DAYLIGHT,CLEAR,DRY
6836 ,33401868,MONROE,Rochester,,,Y,43.175373,-77.595141,03/29/2010,11:30 AM,PROPERTY DAMAGE AND INJURY,1.,0 ,2 ,COLLISION WITH MOTOR VEHICLE,RIGHT ANGLE,TRAFFIC SIGNAL,DAYLIGHT,CLOUDY,WET