QUERYID,CASE #,REGN_CNTY_CDE,Municipality,MUNITYPE,REF_MRKR,ATINTERSECTION_IND,Lat,Long,,Time,Crash Type,Injuries,Fatalities,Number of Vehicles,ACCD_TYP,COLLISION_TYP,TRAF_CNTL,Light Condition,Weather Condition,Road Surface Condition
6836 ,33401870,MONROE,Rochester,,,Y,43.137202,-77.625683,03/29/2010,4:40 PM,INJURY,1.,0 ,1 ,COLLISION WITH PEDESTRIAN,OTHER,TRAFFIC SIGNAL,DAYLIGHT,CLEAR,DRY
6836 ,33401876,MONROE,Rochester,,,Y,43.164638,-77.629303,03/26/2010,5:39 PM,INJURY,1.,0 ,1 ,COLLISION WITH BICYCLIST,OTHER,NONE,DAYLIGHT,CLEAR,DRY
6836 ,33402678,MONROE,Greece,,,Y,43.209991,-77.69594,03/18/2010,12:00 AM,INJURY,1.,0 ,2 ,COLLISION WITH MOTOR VEHICLE,REAR END,UNKNOWN,UNKNOWN,UNKNOWN,UNKNOWN
6836 ,33403800,MONROE,Rochester,,,Y,43.170804,-77.600806,03/05/2010,10:00 PM,INJURY,1.,0 ,1 ,COLLISION WITH PEDESTRIAN,OTHER,UNKNOWN,DARK-ROAD LIGHTED,CLEAR,DRY
6836 ,33403801,MONROE,Rochester,,,Y,43.186132,-77.59566,03/30/2010,4:40 PM,PROPERTY DAMAGE AND INJURY,1.,0 ,2 ,COLLISION WITH MOTOR VEHICLE,UNKNOWN,NONE,DAYLIGHT,CLEAR,DRY
6836 ,33404184,MONROE,Sweden,,31 43031057,N,43.1982528,-77.9227279,04/03/2010,11:13 AM,PROPERTY DAMAGE AND INJURY,1.,0 ,2 ,COLLISION WITH MOTOR VEHICLE,REAR END,TRAFFIC SIGNAL,DAYLIGHT,CLEAR,DRY
6836 ,33404239,MONROE,Brighton,,15A43041128,N,43.1077322,-77.6159259,04/06/2010,11:57 AM,INJURY,1.,0 ,2 ,COLLISION WITH MOTOR VEHICLE,REAR END,TRAFFIC SIGNAL,DAYLIGHT,CLOUDY,DRY
6836 ,33404314,MONROE,Chili,,,N,43.119764,-77.8056723,03/31/2010,3:22 PM,INJURY,1.,0 ,3 ,COLLISION WITH MOTOR VEHICLE,OTHER,NONE,DAYLIGHT,CLEAR,DRY
6836 ,33404360,MONROE,Sweden,,,N,43.1983635,-77.9493925,04/02/2010,1:28 PM,INJURY,1.,0 ,2 ,COLLISION WITH MOTOR VEHICLE,LEFT TURN (AGAINST OTHER CAR),NONE,DAYLIGHT,CLEAR,DRY
6836 ,33404388,MONROE,Chili,,383 43011133,N,43.1006224,-77.6772149,04/05/2010,1:50 PM,PROPERTY DAMAGE AND INJURY,1.,0 ,3 ,COLLISION WITH MOTOR VEHICLE,OTHER,NONE,DAYLIGHT,CLEAR,DRY
6836 ,33404509,MONROE,Riga,,33A43021023,N,43.0691616,-77.8913059,04/06/2010,9:20 PM,PROPERTY DAMAGE AND INJURY,1.,0 ,2 ,COLLISION WITH MOTOR VEHICLE,RIGHT ANGLE,STOP SIGN,DARK-ROAD UNLIGHTED,FOG/SMOG/SMOKE,WET
6836 ,33404589,MONROE,Clarkson,,260 43011018,N,43.2636265,-77.8761982,04/03/2010,2:00 AM,PROPERTY DAMAGE AND INJURY,1.,0 ,1 ,COLL. W/EARTH ELE./ROCK CUT/DITCH,OTHER,NONE,DARK-ROAD UNLIGHTED,CLEAR,DRY
6836 ,33404617,MONROE,Chili,,33A43021106,N,43.1077121,-77.7450247,04/02/2010,5:20 PM,PROPERTY DAMAGE AND INJURY,2.,0 ,2 ,COLLISION WITH MOTOR VEHICLE,LEFT TURN (WITH OTHER CAR),TRAFFIC SIGNAL,DAYLIGHT,CLOUDY,DRY
6836 ,33404814,MONROE,Greece,,261 43011020,N,43.2457037,-77.7514373,04/04/2010,11:00 PM,PROPERTY DAMAGE AND INJURY,1.,0 ,3 ,COLLISION WITH MOTOR VEHICLE,OTHER,NO PASSING ZONE,DARK-ROAD LIGHTED,CLEAR,DRY
6836 ,33404817,MONROE,Greece,,,Y,43.191963,-77.680173,04/05/2010,6:30 AM,PROPERTY DAMAGE AND INJURY,3.,0 ,3 ,COLLISION WITH MOTOR VEHICLE,OTHER,TRAFFIC SIGNAL,DAWN,CLOUDY,DRY
6836 ,33404818,MONROE,Greece,,,Y,43.231071,-77.668982,03/30/2010,5:48 PM,PROPERTY DAMAGE AND INJURY,1.,0 ,2 ,COLLISION WITH MOTOR VEHICLE,REAR END,NONE,DAYLIGHT,CLOUDY,DRY
6836 ,33404826,MONROE,Greece,,,Y,43.217407,-77.752683,04/01/2010,4:57 PM,PROPERTY DAMAGE AND INJURY,2.,0 ,2 ,COLLISION WITH MOTOR VEHICLE,UNKNOWN,TRAFFIC SIGNAL,DAYLIGHT,CLEAR,DRY
6836 ,33404838,MONROE,Greece,,,N,43.252886,-77.667925,03/29/2010,8:09 AM,PROPERTY DAMAGE AND INJURY,1.,0 ,2 ,COLLISION WITH MOTOR VEHICLE,LEFT TURN (AGAINST OTHER CAR),TRAFFIC SIGNAL,DAWN,RAIN,WET
6836 ,33404841,MONROE,Greece,,,Y,43.197797,-77.701238,04/03/2010,4:43 PM,PROPERTY DAMAGE AND INJURY,1.,0 ,3 ,COLLISION WITH MOTOR VEHICLE,OTHER,TRAFFIC SIGNAL,DAYLIGHT,CLEAR,DRY
6836 ,33404843,MONROE,Greece,,,Y,43.2144505,-77.7319085,04/01/2010,5:44 AM,PROPERTY DAMAGE AND INJURY,1.,0 ,1 ,COLLISION WITH CURBING,OTHER,NONE,DARK-ROAD LIGHTED,CLEAR,DRY
6836 ,33404844,MONROE,Greece,,,N,43.2072883,-77.6959788,04/06/2010,12:40 PM,INJURY,1.,0 ,2 ,COLLISION WITH MOTOR VEHICLE,REAR END,FLASHING LIGHT,DAYLIGHT,CLOUDY,DRY
6836 ,33404848,MONROE,Greece,,,Y,43.205084,-77.66632,03/29/2010,1:40 PM,PROPERTY DAMAGE AND INJURY,2.,0 ,3 ,COLLISION WITH MOTOR VEHICLE,OTHER,TRAFFIC SIGNAL,DAYLIGHT,CLEAR,DRY
6836 ,33405140,MONROE,Webster,,,Y,43.2220959,-77.4466378,04/05/2010,5:35 PM,PROPERTY DAMAGE AND INJURY,1.,0 ,2 ,COLLISION WITH MOTOR VEHICLE,REAR END,NONE,DAYLIGHT,CLEAR,DRY
6836 ,33405142,MONROE,Brighton,,,Y,43.105967,-77.576799,04/07/2010,3:46 PM,PROPERTY DAMAGE AND INJURY,1.,0 ,2 ,COLLISION WITH MOTOR VEHICLE,REAR END,TRAFFIC SIGNAL,DAYLIGHT,RAIN,WET
6836 ,33405503,MONROE,Penfield,,441 43011033,N,43.1292439,-77.4787361,04/02/2010,5:03 PM,PROPERTY DAMAGE AND INJURY,1.,0 ,4 ,COLLISION WITH MOTOR VEHICLE,OTHER,NONE,DAYLIGHT,CLOUDY,DRY
6836 ,33405520,MONROE,Henrietta,,,N,43.0856896,-77.6296843,03/31/2010,9:28 AM,PROPERTY DAMAGE AND INJURY,3.,0 ,2 ,COLLISION WITH MOTOR VEHICLE,RIGHT ANGLE,TRAFFIC SIGNAL,DAYLIGHT,CLOUDY,DRY
6836 ,33405521,MONROE,Henrietta,,251 43011086,Y,43.087118,-77.601425,04/06/2010,6:37 PM,PROPERTY DAMAGE AND INJURY,2.,0 ,2 ,COLLISION WITH MOTOR VEHICLE,RIGHT ANGLE,TRAFFIC SIGNAL,DAYLIGHT,CLOUDY,WET
6836 ,33405524,MONROE,Pittsford,,31 43033032,Y,43.1004524,-77.5354159,04/02/2010,4:57 PM,INJURY,1.,0 ,2 ,COLLISION WITH MOTOR VEHICLE,REAR END,TRAFFIC SIGNAL,DAYLIGHT,CLOUDY,DRY
6836 ,33405606,MONROE,Chili,,,N,43.0425617,-77.7925105,04/01/2010,3:25 PM,PROPERTY DAMAGE AND INJURY,1.,0 ,2 ,COLLISION WITH MOTOR VEHICLE,REAR END,NONE,DAYLIGHT,CLEAR,DRY
6836 ,33405893,MONROE,Brighton,,,N,43.107461,-77.5759661,04/09/2010,12:53 PM,INJURY,1.,0 ,2 ,COLLISION WITH MOTOR VEHICLE,REAR END,YIELD SIGN,DAYLIGHT,CLOUDY,DRY
6836 ,33405896,MONROE,Gates,,,N,43.1647602,-77.6904032,04/09/2010,4:49 PM,PROPERTY DAMAGE AND INJURY,1.,0 ,2 ,COLLISION WITH MOTOR VEHICLE,LEFT TURN (AGAINST OTHER CAR),NONE,DAYLIGHT,CLOUDY,DRY
6836 ,33405907,MONROE,Gates,,,N,43.1744304,-77.7349951,04/10/2010,12:05 AM,INJURY,1.,0 ,2 ,COLLISION WITH MOTOR VEHICLE,REAR END,NONE,DARK-ROAD LIGHTED,CLOUDY,DRY
6836 ,33406193,MONROE,Irondequoit,,,N,43.2463961,-77.5979098,04/10/2010,2:15 AM,PROPERTY DAMAGE AND INJURY,1.,0 ,1 ,COLL. W/LIGHT SUPPORT/UTILITY POLE,OTHER,NONE,DARK-ROAD LIGHTED,CLOUDY,DRY
6836 ,33406195,MONROE,Pittsford,,,Y,43.099833,-77.551441,03/31/2010,2:56 PM,PROPERTY DAMAGE AND INJURY,1.,0 ,2 ,COLLISION WITH MOTOR VEHICLE,RIGHT ANGLE,STOP SIGN,DAYLIGHT,CLEAR,DRY
6836 ,33406197,MONROE,Gates,,,N,43.1585265,-77.6910809,04/10/2010,3:39 PM,PROPERTY DAMAGE AND INJURY,1.,0 ,2 ,COLLISION WITH MOTOR VEHICLE,REAR END,NONE,DAYLIGHT,CLEAR,DRY
6836 ,33406201,MONROE,Pittsford,,31 43033057,Y,43.081002,-77.494156,04/07/2010,8:24 PM,PROPERTY DAMAGE AND INJURY,1.,0 ,2 ,COLLISION WITH MOTOR VEHICLE,LEFT TURN (WITH OTHER CAR),TRAFFIC SIGNAL,DARK-ROAD LIGHTED,CLEAR,DRY
6836 ,33406208,MONROE,Irondequoit,,,N,43.2199006,-77.6006002,04/09/2010,5:26 PM,PROPERTY DAMAGE AND INJURY,1.,0 ,2 ,COLLISION WITH MOTOR VEHICLE,REAR END,NONE,DAYLIGHT,CLOUDY,DRY
6836 ,33406211,MONROE,Perinton,,,N,43.0612847,-77.4731251,04/05/2010,4:55 PM,PROPERTY DAMAGE AND INJURY,2.,0 ,3 ,COLLISION WITH MOTOR VEHICLE,OTHER,NONE,DAYLIGHT,CLEAR,DRY
6836 ,33406301,MONROE,Rochester,,941B43011012,N,43.1941127,-77.5912121,04/09/2010,1:35 PM,INJURY,1.,0 ,2 ,COLLISION WITH MOTOR VEHICLE,REAR END,NONE,DAYLIGHT,CLOUDY,DRY
6836 ,33406480,MONROE,Rochester,,,Y,43.189785,-77.584255,03/31/2010,3:50 PM,INJURY,1.,0 ,1 ,COLLISION WITH PEDESTRIAN,OTHER,STOP SIGN,DAYLIGHT,CLEAR,DRY
6836 ,33406657,MONROE,Pittsford,,65 43031102,Y,43.077331,-77.546586,03/18/2010,9:41 AM,PROPERTY DAMAGE AND INJURY,1.,0 ,2 ,COLLISION WITH MOTOR VEHICLE,REAR END,TRAFFIC SIGNAL,DAYLIGHT,CLEAR,DRY
6836 ,33407147,MONROE,Rochester,,,N,43.194691,-77.628791,04/05/2010,10:00 PM,PROPERTY DAMAGE AND INJURY,2.,0 ,2 ,COLLISION WITH MOTOR VEHICLE,RIGHT ANGLE,TRAFFIC SIGNAL,DARK-ROAD LIGHTED,CLEAR,DRY
6836 ,33407428,MONROE,Pittsford,,64 43021102,N,43.0853268,-77.5189163,04/07/2010,7:30 AM,PROPERTY DAMAGE AND INJURY,1.,0 ,1 ,COLLISION WITH BICYCLIST,OTHER,NONE,DAYLIGHT,CLOUDY,WET
6836 ,33407434,MONROE,Chili,,383 43011118,N,43.0802169,-77.6918393,04/08/2010,5:40 AM,PROPERTY DAMAGE AND INJURY,2.,0 ,2 ,COLLISION WITH MOTOR VEHICLE,HEAD ON,NO PASSING ZONE,DARK-ROAD UNLIGHTED,FOG/SMOG/SMOKE,WET
6836 ,33407437,MONROE,Henrietta,,,N,43.0229715,-77.7058182,04/09/2010,6:34 AM,PROPERTY DAMAGE AND INJURY,1.,0 ,1 ,COLL. W/LIGHT SUPPORT/UTILITY POLE,OTHER,NONE,DAWN,CLOUDY,DRY
6836 ,33407438,MONROE,Fairport,,31F43011037,N,43.0986764,-77.449739,04/08/2010,9:50 AM,PROPERTY DAMAGE AND INJURY,1.,0 ,2 ,COLLISION WITH MOTOR VEHICLE,RIGHT ANGLE,TRAFFIC SIGNAL,DAYLIGHT,CLOUDY,DRY
6836 ,33407440,MONROE,Sweden,,31 43031046,N,43.1983568,-77.9432802,04/07/2010,5:27 PM,PROPERTY DAMAGE AND INJURY,1.,0 ,3 ,COLLISION WITH MOTOR VEHICLE,OTHER,NONE,DAYLIGHT,RAIN,WET
6836 ,33407455,MONROE,Gates,,,N,43.1779357,-77.6855099,04/08/2010,6:12 PM,INJURY,1.,0 ,1 ,RAN OFF ROAD ONLY,OTHER,NONE,DAYLIGHT,CLOUDY,DRY
6836 ,33407459,MONROE,Penfield,,250 43011069,Y,43.130684,-77.4413089,04/07/2010,11:29 AM,PROPERTY DAMAGE AND INJURY,1.,0 ,2 ,COLLISION WITH MOTOR VEHICLE,REAR END,TRAFFIC SIGNAL,DAYLIGHT,CLOUDY,DRY
6836 ,33407463,MONROE,Brighton,,,N,43.130411,-77.5533384,04/06/2010,8:02 AM,PROPERTY DAMAGE AND INJURY,2.,0 ,3 ,COLLISION WITH MOTOR VEHICLE,OTHER,NONE,DAYLIGHT,RAIN,WET
6836 ,33407466,MONROE,Perinton,,,Y,43.041908,-77.432036,04/04/2010,9:36 AM,PROPERTY DAMAGE AND INJURY,1.,0 ,2 ,COLLISION WITH MOTOR VEHICLE,REAR END,NONE,DAYLIGHT,CLEAR,DRY
6836 ,33407468,MONROE,Henrietta,,252 43011073,N,43.0871398,-77.6300702,04/08/2010,2:37 AM,PROPERTY DAMAGE AND INJURY,1.,0 ,2 ,COLLISION WITH MOTOR VEHICLE,REAR END,NONE,DARK-ROAD LIGHTED,FOG/SMOG/SMOKE,WET
6836 ,33407932,MONROE,Webster,,,Y,43.198762,-77.499213,04/10/2010,1:03 PM,PROPERTY DAMAGE AND INJURY,2.,0 ,3 ,COLLISION WITH MOTOR VEHICLE,OTHER,NONE,DAYLIGHT,CLEAR,DRY
6836 ,33407933,MONROE,Chili,,33 43031072,N,43.1225986,-77.7988295,04/07/2010,7:50 AM,PROPERTY DAMAGE AND INJURY,2.,0 ,3 ,COLLISION WITH MOTOR VEHICLE,OTHER,NONE,DAYLIGHT,CLOUDY,DRY
6836 ,33407939,MONROE,Parma,,,Y,43.311119,-77.77473,04/03/2010,9:49 AM,PROPERTY DAMAGE AND INJURY,4.,0 ,3 ,COLLISION WITH MOTOR VEHICLE,OTHER,STOP SIGN,DAYLIGHT,CLEAR,DRY
6836 ,33407945,MONROE,Henrietta,,,N,43.0688812,-77.581383,04/11/2010,4:52 PM,INJURY,1.,0 ,2 ,COLLISION WITH MOTOR VEHICLE,REAR END,NONE,DAYLIGHT,CLEAR,DRY
6836 ,33407947,MONROE,Brighton,,252 43011047,N,43.0923472,-77.6792867,04/05/2010,9:51 AM,INJURY,1.,0 ,2 ,COLLISION WITH MOTOR VEHICLE,REAR END,TRAFFIC SIGNAL,DAYLIGHT,CLOUDY,DRY
6836 ,33407948,MONROE,Gates,,,Y,43.125691,-77.710737,04/11/2010,10:51 AM,INJURY,1.,0 ,2 ,COLLISION WITH MOTOR VEHICLE,REAR END,TRAFFIC SIGNAL,DAYLIGHT,CLEAR,DRY
6836 ,33408081,MONROE,Rochester,,,Y,43.130086,-77.601202,03/26/2010,5:20 PM,INJURY,2.,0 ,3 ,COLLISION WITH MOTOR VEHICLE,OTHER,TRAFFIC SIGNAL,DAYLIGHT,CLEAR,DRY
6836 ,33408171,MONROE,Rochester,,,N,43.192069,-77.59989,04/02/2010,2:32 PM,PROPERTY DAMAGE AND INJURY,1.,0 ,3 ,COLLISION WITH MOTOR VEHICLE,OTHER,TRAFFIC SIGNAL,DAYLIGHT,CLEAR,DRY
6836 ,33408194,MONROE,Rochester,,,N,43.1854928,-77.6388829,04/03/2010,3:25 PM,INJURY,1.,0 ,2 ,COLLISION WITH MOTOR VEHICLE,REAR END,TRAFFIC SIGNAL,DAYLIGHT,CLEAR,DRY
6836 ,33408195,MONROE,Rochester,,,N,43.1226285,-77.6184744,04/03/2010,11:28 AM,PROPERTY DAMAGE AND INJURY,1.,0 ,3 ,COLLISION WITH MOTOR VEHICLE,OTHER,NONE,DAYLIGHT,CLEAR,DRY
6836 ,33408596,MONROE,Henrietta,,,Y,43.089005,-77.667811,03/18/2010,2:27 AM,INJURY,2.,0 ,1 ,COLLISION WITH CURBING,OTHER,NONE,DARK-ROAD LIGHTED,CLEAR,DRY
6836 ,33408851,MONROE,Rochester,,,N,43.156461,-77.6262683,04/02/2010,11:42 PM,PROPERTY DAMAGE AND INJURY,1.,0 ,1 ,COLL. W/LIGHT SUPPORT/UTILITY POLE,OTHER,NONE,DARK-ROAD LIGHTED,CLOUDY,DRY
6836 ,33409077,MONROE,Rochester,,,N,43.1507,-77.634267,04/05/2010,8:45 AM,PROPERTY DAMAGE AND INJURY,1.,0 ,2 ,COLLISION WITH MOTOR VEHICLE,LEFT TURN (AGAINST OTHER CAR),NONE,DAYLIGHT,CLEAR,DRY
6836 ,33409238,MONROE,Rochester,,,N,43.1368652,-77.5937742,03/31/2010,6:16 PM,INJURY,4.,0 ,2 ,COLLISION WITH MOTOR VEHICLE,RIGHT ANGLE,NONE,DAYLIGHT,CLEAR,DRY
6836 ,33409537,MONROE,Greece,,,N,43.253021,-77.696443,04/11/2010,5:50 PM,PROPERTY DAMAGE AND INJURY,1.,0 ,2 ,COLLISION WITH MOTOR VEHICLE,RIGHT ANGLE,TRAFFIC SIGNAL,DAYLIGHT,CLEAR,DRY
6836 ,33409541,MONROE,Greece,,,Y,43.223681,-77.69681,04/11/2010,4:37 PM,INJURY,2.,0 ,3 ,COLLISION WITH MOTOR VEHICLE,OTHER,TRAFFIC SIGNAL,DAYLIGHT,CLEAR,DRY
6836 ,33409550,MONROE,Greece,,,N,43.231167,-77.64689,04/07/2010,6:08 PM,INJURY,1.,0 ,2 ,COLLISION WITH MOTOR VEHICLE,REAR END,TRAFFIC SIGNAL,DAYLIGHT,RAIN,WET
6836 ,33409708,MONROE,Rush,,15 43031008,N,42.950714,-77.6964501,04/13/2010,8:44 AM,PROPERTY DAMAGE AND INJURY,2.,0 ,2 ,COLLISION WITH MOTOR VEHICLE,REAR END,NONE,DAYLIGHT,CLEAR,DRY
6836 ,33409799,MONROE,Irondequoit,,,N,43.196444,-77.5767859,04/12/2010,9:56 AM,PROPERTY DAMAGE AND INJURY,1.,0 ,2 ,COLLISION WITH MOTOR VEHICLE,RIGHT ANGLE,TRAFFIC SIGNAL,DAYLIGHT,CLEAR,DRY
6836 ,33409801,MONROE,Gates,,,Y,43.147073,-77.711237,04/13/2010,2:09 PM,PROPERTY DAMAGE AND INJURY,1.,0 ,2 ,COLLISION WITH MOTOR VEHICLE,REAR END,TRAFFIC SIGNAL,DAYLIGHT,CLEAR,DRY
6836 ,33409804,MONROE,Irondequoit,,,N,43.233185,-77.6034595,04/12/2010,7:35 AM,INJURY,1.,0 ,1 ,COLLISION WITH OTHER FIXED OBJECT,OTHER,TRAFFIC SIGNAL,DAYLIGHT,CLEAR,DRY
6836 ,33409806,MONROE,Irondequoit,,590 43013010,N,43.1809381,-77.5431266,04/12/2010,8:15 AM,INJURY,1.,0 ,2 ,COLLISION WITH MOTOR VEHICLE,REAR END,NONE,DAYLIGHT,CLEAR,DRY
6836 ,33409807,MONROE,Brighton,,,N,43.126721,-77.55592,04/13/2010,7:39 AM,PROPERTY DAMAGE AND INJURY,1.,0 ,2 ,COLLISION WITH MOTOR VEHICLE,REAR END,NONE,DAYLIGHT,CLEAR,DRY
6836 ,33409809,MONROE,Brighton,,,Y,43.115322,-77.596989,04/13/2010,2:15 PM,INJURY,1.,0 ,2 ,COLLISION WITH MOTOR VEHICLE,REAR END,TRAFFIC SIGNAL,DAYLIGHT,CLEAR,DRY
6836 ,33409822,MONROE,Brighton,,,N,43.1263839,-77.5664205,04/13/2010,4:54 PM,PROPERTY DAMAGE AND INJURY,2.,0 ,2 ,COLLISION WITH MOTOR VEHICLE,REAR END,NONE,DAYLIGHT,CLEAR,DRY
6836 ,33409912,MONROE,Sweden,,,N,43.2129664,-77.9684413,04/06/2010,3:19 PM,INJURY,2.,0 ,2 ,COLLISION WITH MOTOR VEHICLE,RIGHT ANGLE,STOP SIGN,DAYLIGHT,CLOUDY,WET
6836 ,33410619,MONROE,Webster,,,N,43.20862,-77.460977,04/07/2010,12:59 PM,INJURY,1.,0 ,2 ,COLLISION WITH MOTOR VEHICLE,REAR END,TRAFFIC SIGNAL,DAYLIGHT,RAIN,WET
6836 ,33410623,MONROE,Rochester,,,Y,43.145438,-77.5553219,04/06/2010,6:25 AM,PROPERTY DAMAGE AND INJURY,1.,0 ,2 ,COLLISION WITH MOTOR VEHICLE,LEFT TURN (WITH OTHER CAR),TRAFFIC SIGNAL,DAWN,RAIN,WET
6836 ,33410662,MONROE,Rochester,,,Y,43.125203,-77.604308,04/06/2010,2:44 PM,PROPERTY DAMAGE AND INJURY,1.,0 ,2 ,COLLISION WITH MOTOR VEHICLE,UNKNOWN,STOP SIGN,DAYLIGHT,CLOUDY,DRY
6836 ,33410748,MONROE,Brighton,,,Y,43.126336,-77.56802,04/14/2010,7:35 AM,INJURY,1.,0 ,1 ,COLLISION WITH BICYCLIST,OTHER,TRAFFIC SIGNAL,DAYLIGHT,CLEAR,DRY
6836 ,33410799,MONROE,Henrietta,,,N,43.0355788,-77.6675201,04/11/2010,8:06 PM,PROPERTY DAMAGE AND INJURY,1.,0 ,1 ,COLLISION WITH TREE,OTHER,NONE,DARK-ROAD UNLIGHTED,CLEAR,DRY
6836 ,33410860,MONROE,Gates,,,Y,43.130054,-77.694051,04/14/2010,5:19 PM,PROPERTY DAMAGE AND INJURY,2.,0 ,3 ,COLLISION WITH MOTOR VEHICLE,OTHER,TRAFFIC SIGNAL,DAYLIGHT,CLEAR,DRY
6836 ,33410919,MONROE,Brighton,,15 43031119,N,43.1008532,-77.6295195,04/14/2010,3:51 PM,INJURY,1.,0 ,2 ,COLLISION WITH MOTOR VEHICLE,OVERTAKING,NONE,DAYLIGHT,CLEAR,DRY
6836 ,33411128,MONROE,Brighton,,,Y,43.117637,-77.570473,04/14/2010,2:56 PM,INJURY,1.,0 ,2 ,COLLISION WITH MOTOR VEHICLE,REAR END,NONE,DAYLIGHT,CLEAR,DRY
6836 ,33411142,MONROE,Brighton,,,Y,43.128451,-77.528937,04/14/2010,11:15 AM,PROPERTY DAMAGE AND INJURY,1.,0 ,2 ,COLLISION WITH MOTOR VEHICLE,REAR END,TRAFFIC SIGNAL,DAYLIGHT,CLEAR,DRY
6836 ,33411152,MONROE,Brighton,,,N,43.1190586,-77.5563968,04/14/2010,4:50 PM,PROPERTY DAMAGE AND INJURY,1.,0 ,2 ,COLLISION WITH MOTOR VEHICLE,REAR END,NONE,DAYLIGHT,CLEAR,DRY
6836 ,33411172,MONROE,Henrietta,,,N,43.0430051,-77.725429,04/05/2010,3:27 PM,PROPERTY DAMAGE AND INJURY,2.,0 ,2 ,COLLISION WITH MOTOR VEHICLE,OVERTAKING,NONE,DAYLIGHT,CLEAR,DRY
6836 ,33411252,MONROE,Pittsford,,64 43021103,Y,43.086515,-77.518128,04/02/2010,5:07 PM,INJURY,1.,0 ,1 ,COLLISION WITH BICYCLIST,OTHER,TRAFFIC SIGNAL,DAYLIGHT,CLEAR,DRY
6836 ,33411294,MONROE,Brighton,,15A43041128,Y,43.1005,-77.614407,04/15/2010,1:01 PM,INJURY,1.,0 ,1 ,COLLISION WITH PEDESTRIAN,OTHER,TRAFFIC SIGNAL,DAYLIGHT,CLEAR,DRY
6836 ,33411381,MONROE,Ogden,,,N,43.1951635,-77.8233909,04/13/2010,5:35 PM,PROPERTY DAMAGE AND INJURY,2.,0 ,2 ,COLLISION WITH MOTOR VEHICLE,HEAD ON,NONE,DAYLIGHT,CLEAR,DRY
6836 ,33411421,MONROE,Brighton,,,N,43.108007,-77.615937,04/15/2010,7:24 AM,INJURY,1.,0 ,2 ,COLLISION WITH MOTOR VEHICLE,REAR END,TRAFFIC SIGNAL,DAYLIGHT,CLOUDY,DRY
6836 ,33411528,MONROE,Henrietta,,253 43011010,N,43.0591379,-77.6279373,04/09/2010,3:10 PM,PROPERTY DAMAGE AND INJURY,1.,0 ,2 ,COLLISION WITH MOTOR VEHICLE,OVERTAKING,NONE,DAYLIGHT,CLOUDY,DRY
6836 ,33411537,MONROE,Scottsville,,383 43011069,Y,43.028223,-77.743186,04/12/2010,9:44 PM,PROPERTY DAMAGE AND INJURY,1.,0 ,2 ,COLLISION WITH MOTOR VEHICLE,LEFT TURN (AGAINST OTHER CAR),TRAFFIC SIGNAL,DARK-ROAD LIGHTED,CLEAR,DRY
6836 ,33411577,MONROE,Penfield,,,N,43.1233303,-77.400491,04/10/2010,8:50 PM,PROPERTY DAMAGE AND INJURY,1.,0 ,1 ,COLLISION WITH DEER,OTHER,NONE,DARK-ROAD UNLIGHTED,CLEAR,DRY
6836 ,33411582,MONROE,Rochester,,490I43022032,N,43.1520255,-77.6147287,03/29/2010,12:22 AM,PROPERTY DAMAGE AND INJURY,1.,0 ,1 ,COLLISION WITH OTHER BARRIER,OTHER,NONE,DARK-ROAD LIGHTED,CLOUDY,WET
6836 ,33411611,MONROE,Perinton,,,N,43.0645153,-77.3919691,04/08/2010,2:46 PM,PROPERTY DAMAGE AND INJURY,1.,0 ,2 ,COLLISION WITH MOTOR VEHICLE,RIGHT TURN (AGAINST OTHER CAR),STOP SIGN,DAYLIGHT,CLOUDY,DRY
6836 ,33411635,MONROE,Gates,,490I43021174,N,43.1578346,-77.6873499,04/09/2010,9:39 PM,PROPERTY DAMAGE AND INJURY,2.,0 ,2 ,COLLISION WITH MOTOR VEHICLE,REAR END,NONE,DARK-ROAD LIGHTED,CLEAR,DRY
6836 ,33411650,MONROE,Rochester,,18 43032012,N,43.2004552,-77.638723,04/16/2010,8:09 AM,PROPERTY DAMAGE AND INJURY,2.,0 ,2 ,COLLISION WITH MOTOR VEHICLE,REAR END,TRAFFIC SIGNAL,DAYLIGHT,CLOUDY,DRY
6836 ,33411657,MONROE,Brighton,,15 43031127,N,43.112116,-77.6237131,04/16/2010,11:57 PM,PROPERTY DAMAGE AND INJURY,1.,0 ,2 ,COLLISION WITH MOTOR VEHICLE,RIGHT ANGLE,TRAFFIC SIGNAL,DARK-ROAD LIGHTED,CLEAR,DRY
6836 ,33411804,MONROE,Gates,,,Y,43.130851,-77.661195,04/16/2010,6:50 AM,PROPERTY DAMAGE AND INJURY,1.,0 ,2 ,COLLISION WITH MOTOR VEHICLE,RIGHT ANGLE,STOP SIGN,DAYLIGHT,CLEAR,DRY
6836 ,33411895,MONROE,Penfield,,404 43035057,N,43.1906564,-77.5034975,04/14/2010,10:00 PM,PROPERTY DAMAGE AND INJURY,1.,0 ,2 ,COLLISION WITH MOTOR VEHICLE,LEFT TURN (AGAINST OTHER CAR),TRAFFIC SIGNAL,DARK-ROAD UNLIGHTED,CLEAR,DRY
6836 ,33411917,MONROE,Perinton,,,Y,43.093896,-77.407258,04/10/2010,3:48 PM,PROPERTY DAMAGE AND INJURY,1.,0 ,2 ,COLLISION WITH MOTOR VEHICLE,RIGHT ANGLE,STOP SIGN,DAYLIGHT,CLEAR,DRY
6836 ,33411946,MONROE,Pittsford,,,N,43.0466771,-77.5723125,04/16/2010,3:59 AM,PROPERTY DAMAGE AND INJURY,2.,0 ,2 ,COLLISION WITH MOTOR VEHICLE,REAR END,NONE,DARK-ROAD UNLIGHTED,CLOUDY,DRY
6836 ,33412008,MONROE,Brighton,,15A43041128,N,43.108007,-77.615937,04/16/2010,4:06 PM,PROPERTY DAMAGE AND INJURY,1.,0 ,2 ,COLLISION WITH MOTOR VEHICLE,RIGHT ANGLE,TRAFFIC SIGNAL,DAYLIGHT,CLOUDY,WET