QUERYID,CASE #,REGN_CNTY_CDE,Municipality,MUNITYPE,REF_MRKR,ATINTERSECTION_IND,Lat,Long,,Time,Crash Type,Injuries,Fatalities,Number of Vehicles,ACCD_TYP,COLLISION_TYP,TRAF_CNTL,Light Condition,Weather Condition,Road Surface Condition
6836 ,33412076,MONROE,Irondequoit,,,Y,43.197509,-77.584715,04/10/2010,12:17 PM,INJURY,1.,0 ,2 ,COLLISION WITH OTHER PEDESTRIAN,OTHER,TRAFFIC SIGNAL,DAYLIGHT,CLEAR,DRY
6836 ,33412135,MONROE,Henrietta,,,Y,43.083153,-77.665902,04/18/2010,4:10 AM,PROPERTY DAMAGE AND INJURY,1.,0 ,1 ,COLL. W/LIGHT SUPPORT/UTILITY POLE,OTHER,STOP SIGN,DARK-ROAD LIGHTED,CLOUDY,WET
6836 ,33412151,MONROE,Irondequoit,,,Y,43.197049,-77.592437,04/16/2010,11:07 AM,PROPERTY DAMAGE AND INJURY,1.,0 ,4 ,COLLISION WITH MOTOR VEHICLE,OTHER,TRAFFIC SIGNAL,DAYLIGHT,CLEAR,DRY
6836 ,33412361,MONROE,Churchville,,,N,43.0962599,-77.8846819,04/02/2010,9:00 AM,PROPERTY DAMAGE AND INJURY,1.,0 ,2 ,COLLISION WITH MOTOR VEHICLE,REAR END,NONE,DAYLIGHT,CLEAR,DRY
6836 ,33412452,MONROE,Rochester,,,Y,43.170977,-77.581402,04/05/2010,7:20 AM,PROPERTY DAMAGE AND INJURY,3.,0 ,2 ,COLLISION WITH MOTOR VEHICLE,UNKNOWN,STOP SIGN,DAYLIGHT,CLOUDY,DRY
6836 ,33412453,MONROE,Rochester,,,Y,43.160067,-77.6076169,04/09/2010,7:53 AM,PROPERTY DAMAGE AND INJURY,1.,0 ,2 ,COLLISION WITH MOTOR VEHICLE,RIGHT ANGLE,TRAFFIC SIGNAL,DAYLIGHT,CLEAR,DRY
6836 ,33412698,MONROE,Rochester,,,Y,43.120102,-77.618321,04/06/2010,11:50 AM,INJURY,2.,0 ,2 ,COLLISION WITH MOTOR VEHICLE,REAR END,UNKNOWN,UNKNOWN,UNKNOWN,UNKNOWN
6836 ,33412824,MONROE,Rochester,,,Y,43.162051,-77.5835919,04/03/2010,4:22 PM,INJURY,1.,0 ,2 ,COLLISION WITH MOTOR VEHICLE,REAR END,TRAFFIC SIGNAL,DAYLIGHT,CLEAR,DRY
6836 ,33412825,MONROE,Rochester,,,Y,43.170708,-77.594481,04/04/2010,2:04 PM,PROPERTY DAMAGE AND INJURY,1.,0 ,2 ,COLLISION WITH MOTOR VEHICLE,REAR END,NONE,DAYLIGHT,CLEAR,DRY
6836 ,33412826,MONROE,Rochester,,,Y,43.179129,-77.613545,04/04/2010,3:16 PM,INJURY,1.,0 ,2 ,COLLISION WITH MOTOR VEHICLE,UNKNOWN,NONE,DAYLIGHT,CLEAR,DRY
6836 ,33412828,MONROE,Rochester,,,N,43.2276685,-77.550579,04/03/2010,11:44 PM,PROPERTY DAMAGE AND INJURY,1.,0 ,1 ,COLLISION WITH TREE,OTHER,NONE,DARK-ROAD LIGHTED,CLEAR,DRY
6836 ,33412889,MONROE,Rochester,,,Y,43.169745,-77.595153,03/30/2010,10:27 PM,PROPERTY DAMAGE AND INJURY,5.,0 ,4 ,COLLISION WITH MOTOR VEHICLE,OTHER,TRAFFIC SIGNAL,DARK-ROAD LIGHTED,CLOUDY,DRY
6836 ,33412890,MONROE,Rochester,,,Y,43.173102,-77.592857,03/29/2010,2:20 PM,PROPERTY DAMAGE AND INJURY,1.,0 ,3 ,COLLISION WITH MOTOR VEHICLE,OTHER,NONE,DAYLIGHT,CLOUDY,DRY
6836 ,33412895,MONROE,Rochester,,,N,43.1692845,-77.6189888,04/07/2010,4:00 PM,PROPERTY DAMAGE AND INJURY,1.,0 ,4 ,COLLISION WITH MOTOR VEHICLE,OTHER,NONE,DAYLIGHT,RAIN,WET
6836 ,33412905,MONROE,Rochester,,,Y,43.137202,-77.625683,04/03/2010,1:43 PM,INJURY,1.,0 ,1 ,COLLISION WITH PEDESTRIAN,OTHER,TRAFFIC SIGNAL,DAYLIGHT,CLEAR,DRY
6836 ,33412924,MONROE,Rochester,,,N,43.1705856,-77.5945656,04/07/2010,5:59 PM,PROPERTY DAMAGE AND INJURY,2.,0 ,2 ,COLLISION WITH MOTOR VEHICLE,LEFT TURN (AGAINST OTHER CAR),NONE,DAYLIGHT,RAIN,WET
6836 ,33412925,MONROE,Rochester,,,N,43.157224,-77.659553,04/08/2010,3:45 PM,INJURY,1.,0 ,3 ,COLLISION WITH MOTOR VEHICLE,OTHER,TRAFFIC SIGNAL,DAYLIGHT,CLEAR,DRY
6836 ,33412934,MONROE,Rochester,,,Y,43.124448,-77.6425561,04/01/2010,5:27 PM,INJURY,1.,0 ,3 ,COLLISION WITH MOTOR VEHICLE,OTHER,NONE,DAYLIGHT,CLEAR,DRY
6836 ,33412988,MONROE,Rochester,,,N,43.1646473,-77.6533328,04/02/2010,8:02 PM,PROPERTY DAMAGE AND INJURY,4.,0 ,3 ,COLLISION WITH MOTOR VEHICLE,OTHER,NONE,DARK-ROAD LIGHTED,CLEAR,DRY
6836 ,33412989,MONROE,Rochester,,,Y,43.18094,-77.638623,04/04/2010,3:24 AM,INJURY,3.,0 ,1 ,COLLISION WITH CURBING,OTHER,NONE,DARK-ROAD LIGHTED,CLOUDY,DRY
6836 ,33413056,MONROE,Rochester,,,N,43.186654,-77.6043874,04/02/2010,10:16 PM,PROPERTY DAMAGE AND INJURY,1.,0 ,2 ,COLLISION WITH MOTOR VEHICLE,REAR END,NONE,DARK-ROAD LIGHTED,CLEAR,DRY
6836 ,33413059,MONROE,Rochester,,,N,43.2034323,-77.6535528,04/01/2010,12:35 PM,PROPERTY DAMAGE AND INJURY,1.,0 ,2 ,COLLISION WITH MOTOR VEHICLE,UNKNOWN,NONE,DAYLIGHT,CLEAR,DRY
6836 ,33413061,MONROE,Rochester,,,N,43.1437458,-77.6458358,04/03/2010,7:45 AM,INJURY,1.,0 ,1 ,COLL. W/LIGHT SUPPORT/UTILITY POLE,OTHER,NONE,DAYLIGHT,CLEAR,DRY
6836 ,33413264,MONROE,Rochester,,,N,43.1646371,-77.6294903,04/05/2010,12:52 PM,PROPERTY DAMAGE AND INJURY,1.,0 ,2 ,COLLISION WITH MOTOR VEHICLE,REAR END,NONE,DAYLIGHT,CLEAR,DRY
6836 ,33413265,MONROE,Rochester,,,Y,43.182689,-77.5993041,04/06/2010,8:00 AM,INJURY,3.,0 ,2 ,COLLISION WITH MOTOR VEHICLE,RIGHT ANGLE,STOP SIGN,DAYLIGHT,RAIN,DRY
6836 ,33413267,MONROE,Rochester,,,N,43.1652346,-77.6146032,04/07/2010,8:37 AM,PROPERTY DAMAGE AND INJURY,1.,0 ,2 ,COLLISION WITH MOTOR VEHICLE,UNKNOWN,NONE,DAYLIGHT,CLEAR,DRY
6836 ,33413268,MONROE,Rochester,,,Y,43.162917,-77.564536,04/07/2010,9:47 AM,INJURY,1.,0 ,2 ,COLLISION WITH MOTOR VEHICLE,RIGHT ANGLE,STOP SIGN,DAYLIGHT,CLOUDY,DRY
6836 ,33413269,MONROE,Rochester,,,N,43.164658,-77.6597433,04/07/2010,4:50 PM,INJURY,1.,0 ,2 ,COLLISION WITH MOTOR VEHICLE,REAR END,TRAFFIC SIGNAL,DAYLIGHT,RAIN,WET
6836 ,33413270,MONROE,Rochester,,,Y,43.162139,-77.623063,04/01/2010,6:05 PM,PROPERTY DAMAGE AND INJURY,2.,0 ,2 ,COLLISION WITH MOTOR VEHICLE,RIGHT ANGLE,TRAFFIC SIGNAL,DAYLIGHT,CLEAR,DRY
6836 ,33413271,MONROE,Rochester,,,N,43.154734,-77.608019,04/07/2010,9:11 AM,INJURY,1.,0 ,2 ,COLLISION WITH IN-LINE SKATER,OTHER,TRAFFIC SIGNAL,DAYLIGHT,CLOUDY,DRY
6836 ,33413272,MONROE,Rochester,,,N,43.185563,-77.5994896,04/01/2010,3:25 PM,INJURY,1.,0 ,1 ,COLLISION WITH PEDESTRIAN,OTHER,NONE,DAYLIGHT,CLEAR,DRY
6836 ,33413273,MONROE,Rochester,,,Y,43.180938,-77.6394981,04/05/2010,2:44 PM,PROPERTY DAMAGE AND INJURY,2.,0 ,2 ,COLLISION WITH MOTOR VEHICLE,UNKNOWN,TRAFFIC SIGNAL,DAYLIGHT,CLEAR,DRY
6836 ,33413275,MONROE,Rochester,,,Y,43.150667,-77.576594,04/06/2010,5:24 PM,INJURY,1.,0 ,2 ,COLLISION WITH MOTOR VEHICLE,UNKNOWN,TRAFFIC SIGNAL,DAYLIGHT,CLOUDY,WET
6836 ,33413279,MONROE,Rochester,,,Y,43.141385,-77.6625981,04/05/2010,12:00 PM,INJURY,1.,0 ,2 ,COLLISION WITH MOTOR VEHICLE,RIGHT ANGLE,NONE,DAYLIGHT,CLOUDY,DRY
6836 ,33413283,MONROE,Rochester,,,Y,43.230812,-77.626148,04/06/2010,5:47 AM,INJURY,1.,0 ,1 ,COLLISION WITH BICYCLIST,OTHER,TRAFFIC SIGNAL,DUSK,RAIN,WET
6836 ,33413284,MONROE,Rochester,,,Y,43.161842,-77.636725,04/03/2010,7:26 PM,INJURY,1.,0 ,1 ,COLLISION WITH MOTOR VEHICLE,OTHER,STOP SIGN,DAYLIGHT,CLEAR,DRY
6836 ,33413331,MONROE,Greece,,,Y,43.252944,-77.681908,04/16/2010,4:59 PM,PROPERTY DAMAGE AND INJURY,1.,0 ,2 ,COLLISION WITH MOTOR VEHICLE,REAR END,NONE,DAYLIGHT,CLOUDY,WET
6836 ,33413349,MONROE,Henrietta,,252 43011077,N,43.0870702,-77.6215827,04/10/2010,7:54 PM,PROPERTY DAMAGE AND INJURY,1.,0 ,2 ,COLLISION WITH MOTOR VEHICLE,REAR END,NONE,DARK-ROAD LIGHTED,CLEAR,DRY
6836 ,33413410,MONROE,Rochester,,104 43032037,N,43.1935764,-77.591941,04/13/2010,4:43 PM,PROPERTY DAMAGE AND INJURY,1.,0 ,2 ,COLLISION WITH MOTOR VEHICLE,REAR END,TRAFFIC SIGNAL,DAYLIGHT,CLEAR,DRY
6836 ,33413480,MONROE,Greece,,,Y,43.210064,-77.703397,04/15/2010,6:57 PM,INJURY,1.,0 ,1 ,COLLISION WITH PEDESTRIAN,OTHER,TRAFFIC SIGNAL,DAYLIGHT,CLEAR,DRY
6836 ,33413485,MONROE,Gates,,390I43037005,N,43.1370077,-77.6652942,04/14/2010,8:47 AM,PROPERTY DAMAGE AND INJURY,1.,0 ,1 ,COLLISION WITH GUIDE RAIL,OTHER,NONE,DAYLIGHT,CLEAR,DRY
6836 ,33413551,MONROE,Parma,,104 43031090,N,43.2210831,-77.8267024,04/16/2010,9:31 PM,PROPERTY DAMAGE AND INJURY,1.,0 ,1 ,COLLISION WITH PEDESTRIAN,OTHER,NONE,DARK-ROAD LIGHTED,CLOUDY,DRY
6836 ,33413597,MONROE,Chili,,252A43011001,N,43.1071817,-77.7431239,04/16/2010,4:35 PM,PROPERTY DAMAGE AND INJURY,2.,0 ,3 ,COLLISION WITH MOTOR VEHICLE,OTHER,STOP SIGN,DAYLIGHT,RAIN,WET
6836 ,33413607,MONROE,Irondequoit,,47 43013024,N,43.2015473,-77.5484585,04/17/2010,11:04 AM,PROPERTY DAMAGE AND INJURY,2.,0 ,2 ,COLLISION WITH MOTOR VEHICLE,REAR END,NONE,DAYLIGHT,CLEAR,DRY
6836 ,33413725,MONROE,Penfield,,,N,43.1898627,-77.5039119,04/12/2010,10:46 AM,PROPERTY DAMAGE AND INJURY,1.,0 ,2 ,COLLISION WITH MOTOR VEHICLE,HEAD ON,TRAFFIC SIGNAL,DAYLIGHT,CLEAR,DRY
6836 ,33413752,MONROE,Pittsford,,,Y,43.087327,-77.545782,04/13/2010,8:10 AM,PROPERTY DAMAGE AND INJURY,1.,0 ,2 ,COLLISION WITH MOTOR VEHICLE,LEFT TURN (AGAINST OTHER CAR),STOP SIGN,DAYLIGHT,CLEAR,DRY
6836 ,33413822,MONROE,Penfield,,,N,43.1860375,-77.5059415,04/14/2010,2:14 PM,PROPERTY DAMAGE AND INJURY,2.,0 ,4 ,COLLISION WITH MOTOR VEHICLE,OTHER,NONE,DAYLIGHT,CLEAR,DRY
6836 ,33413826,MONROE,Sweden,,31 43031051,N,43.1982602,-77.9238611,04/18/2010,6:40 PM,PROPERTY DAMAGE AND INJURY,1.,0 ,2 ,COLLISION WITH MOTOR VEHICLE,REAR END,NONE,DAYLIGHT,CLEAR,DRY
6836 ,33413838,MONROE,Rochester,,,Y,43.198474,-77.561586,04/18/2010,1:23 PM,INJURY,1.,0 ,2 ,COLLISION WITH MOTOR VEHICLE,REAR END,NONE,DAYLIGHT,CLEAR,DRY
6836 ,33413866,MONROE,Penfield,,286 43011050,Y,43.160297,-77.449822,04/12/2010,7:10 AM,PROPERTY DAMAGE AND INJURY,2.,0 ,2 ,COLLISION WITH MOTOR VEHICLE,REAR END,NONE,DAYLIGHT,CLEAR,DRY
6836 ,33413882,MONROE,Pittsford,,31 43033030,N,43.1026797,-77.5381759,04/11/2010,3:00 PM,PROPERTY DAMAGE AND INJURY,2.,0 ,2 ,COLLISION WITH MOTOR VEHICLE,REAR END,NONE,DAYLIGHT,CLEAR,DRY
6836 ,33413898,MONROE,Penfield,,286 43011022,Y,43.153664,-77.502074,04/11/2010,12:12 PM,PROPERTY DAMAGE AND INJURY,3.,0 ,2 ,COLLISION WITH MOTOR VEHICLE,LEFT TURN (AGAINST OTHER CAR),TRAFFIC SIGNAL,DAYLIGHT,CLEAR,DRY
6836 ,33413911,MONROE,Penfield,,286 43011048,N,43.1602947,-77.449822,04/14/2010,5:14 PM,PROPERTY DAMAGE AND INJURY,1.,0 ,3 ,COLLISION WITH MOTOR VEHICLE,OTHER,STOP SIGN,DAYLIGHT,CLEAR,DRY
6836 ,33414014,MONROE,Penfield,,441 43011119,N,43.1272002,-77.4971998,04/16/2010,4:31 PM,PROPERTY DAMAGE AND INJURY,1.,0 ,2 ,COLLISION WITH MOTOR VEHICLE,REAR END,NONE,DAYLIGHT,RAIN,WET
6836 ,33414304,MONROE,Brighton,,65 43031108,N,43.141057,-77.538836,04/19/2010,4:34 PM,INJURY,1.,0 ,1 ,COLLISION WITH BICYCLIST,OTHER,NONE,DAYLIGHT,CLOUDY,DRY
6836 ,33414397,MONROE,Irondequoit,,,Y,43.217376,-77.598583,04/16/2010,3:07 PM,INJURY,1.,0 ,2 ,COLLISION WITH MOTOR VEHICLE,REAR END,NONE,DAYLIGHT,CLOUDY,DRY
6836 ,33414527,MONROE,Henrietta,,252 43011075,N,43.0870713,-77.6212748,04/14/2010,1:09 PM,PROPERTY DAMAGE AND INJURY,2.,0 ,2 ,COLLISION WITH MOTOR VEHICLE,LEFT TURN (AGAINST OTHER CAR),STOP SIGN,DAYLIGHT,CLEAR,DRY
6836 ,33414574,MONROE,Gates,,,N,43.1746044,-77.7323598,04/20/2010,2:31 PM,PROPERTY DAMAGE AND INJURY,2.,0 ,2 ,COLLISION WITH MOTOR VEHICLE,RIGHT ANGLE,NONE,DAYLIGHT,CLEAR,DRY
6836 ,33414616,MONROE,Rochester,,,Y,43.186195,-77.634883,04/01/2010,12:00 AM,PROPERTY DAMAGE AND INJURY,1.,0 ,2 ,COLLISION WITH MOTOR VEHICLE,UNKNOWN,UNKNOWN,UNKNOWN,UNKNOWN,UNKNOWN
6836 ,33414632,MONROE,Ogden,,31 43031143,Y,43.180295,-77.760122,04/01/2010,12:14 PM,PROPERTY DAMAGE AND INJURY,2.,0 ,2 ,COLLISION WITH MOTOR VEHICLE,REAR END,NONE,DAYLIGHT,CLEAR,DRY
6836 ,33414704,MONROE,Rochester,,,N,43.1434454,-77.6529028,04/05/2010,11:10 PM,PROPERTY DAMAGE AND INJURY,1.,0 ,2 ,COLLISION WITH MOTOR VEHICLE,UNKNOWN,NONE,DARK-ROAD LIGHTED,CLEAR,DRY
6836 ,33414705,MONROE,Rochester,,,Y,43.177305,-77.589959,04/07/2010,2:51 PM,INJURY,1.,0 ,2 ,COLLISION WITH MOTOR VEHICLE,UNKNOWN,NONE,DAYLIGHT,RAIN,WET
6836 ,33414706,MONROE,Rochester,,,Y,43.170765,-77.589279,04/08/2010,12:01 PM,PROPERTY DAMAGE AND INJURY,2.,0 ,2 ,COLLISION WITH MOTOR VEHICLE,UNKNOWN,NONE,DAYLIGHT,CLEAR,DRY
6836 ,33414711,MONROE,Rochester,,,Y,43.142227,-77.646972,04/01/2010,7:10 AM,PROPERTY DAMAGE AND INJURY,2.,0 ,2 ,COLLISION WITH MOTOR VEHICLE,UNKNOWN,NONE,DAYLIGHT,CLEAR,DRY
6836 ,33414712,MONROE,Rochester,,,N,43.1751961,-77.6298456,04/01/2010,5:12 PM,INJURY,2.,0 ,2 ,COLLISION WITH MOTOR VEHICLE,REAR END,NONE,DAYLIGHT,CLEAR,DRY
6836 ,33414713,MONROE,Rochester,,,Y,43.14907,-77.5812489,04/01/2010,8:42 AM,PROPERTY DAMAGE AND INJURY,1.,0 ,2 ,COLLISION WITH MOTOR VEHICLE,RIGHT ANGLE,STOP SIGN,DAYLIGHT,CLEAR,DRY
6836 ,33414714,MONROE,Rochester,,,Y,43.173949,-77.639434,04/03/2010,11:18 PM,INJURY,1.,0 ,2 ,COLLISION WITH MOTOR VEHICLE,REAR END,NONE,DARK-ROAD LIGHTED,CLOUDY,DRY
6836 ,33414715,MONROE,Rochester,,,Y,43.174766,-77.591708,04/03/2010,12:55 PM,INJURY,2.,0 ,2 ,COLLISION WITH MOTOR VEHICLE,RIGHT ANGLE,NONE,DAYLIGHT,CLEAR,DRY
6836 ,33415178,MONROE,Rochester,,,Y,43.142843,-77.587232,03/24/2010,12:00 AM,PROPERTY DAMAGE AND INJURY,1.,0 ,2 ,COLLISION WITH MOTOR VEHICLE,UNKNOWN,NONE,DAYLIGHT,CLEAR,DRY
6836 ,33415250,MONROE,Greece,,,N,43.2573859,-77.6228991,03/30/2010,6:00 PM,INJURY,1.,0 ,1 ,COLLISION WITH PEDESTRIAN,OTHER,NONE,DAYLIGHT,CLOUDY,DRY
6836 ,33415271,MONROE,Rochester,,,Y,43.187626,-77.576289,04/11/2010,3:45 PM,PROPERTY DAMAGE AND INJURY,3.,0 ,3 ,COLLISION WITH MOTOR VEHICLE,OTHER,NONE,DAYLIGHT,CLEAR,DRY
6836 ,33415628,MONROE,Pittsford,,,N,43.0999018,-77.517414,03/25/2010,11:19 PM,INJURY,1.,0 ,1 ,COLLISION WITH PEDESTRIAN,OTHER,NONE,DARK-ROAD LIGHTED,CLOUDY,DRY
6836 ,33415890,MONROE,Perinton,,,N,43.0802213,-77.4321169,04/12/2010,3:29 PM,INJURY,1.,0 ,1 ,COLLISION WITH TREE,OTHER,NONE,DAYLIGHT,CLEAR,DRY
6836 ,33415940,MONROE,Irondequoit,,,Y,43.247281,-77.596754,04/17/2010,9:40 PM,PROPERTY DAMAGE AND INJURY,1.,0 ,1 ,COLLISION WITH BICYCLIST,OTHER,TRAFFIC SIGNAL,DARK-ROAD LIGHTED,RAIN,WET
6836 ,33416431,MONROE,Rochester,,,Y,43.143704,-77.655788,04/13/2010,2:40 PM,INJURY,4.,0 ,3 ,COLLISION WITH MOTOR VEHICLE,OTHER,STOPPED SCHOOL BUS W/RED LIGHT FLSH,DAYLIGHT,CLEAR,DRY
6836 ,33416456,MONROE,Rochester,,,Y,43.142639,-77.547828,04/09/2010,12:57 PM,PROPERTY DAMAGE AND INJURY,2.,0 ,2 ,COLLISION WITH MOTOR VEHICLE,LEFT TURN (AGAINST OTHER CAR),TRAFFIC SIGNAL,DAYLIGHT,CLOUDY,DRY
6836 ,33416545,MONROE,Rochester,,,N,43.1745118,-77.6131348,04/02/2010,11:55 AM,INJURY,1.,0 ,1 ,COLLISION WITH PEDESTRIAN,OTHER,NONE,DAYLIGHT,CLEAR,DRY
6836 ,33416715,MONROE,Brighton,,,N,43.1255987,-77.5932701,04/21/2010,12:41 PM,INJURY,1.,0 ,2 ,COLLISION WITH MOTOR VEHICLE,REAR END,TRAFFIC SIGNAL,DAYLIGHT,CLEAR,DRY
6836 ,33416779,MONROE,Perinton,,96 43051027,N,43.0619315,-77.4778844,04/20/2010,1:33 PM,PROPERTY DAMAGE AND INJURY,2.,0 ,2 ,COLLISION WITH MOTOR VEHICLE,REAR END,NONE,DAYLIGHT,CLEAR,DRY
6836 ,33416788,MONROE,Mendon,,,N,43.0151138,-77.5249837,04/14/2010,9:15 AM,PROPERTY DAMAGE AND INJURY,1.,0 ,2 ,COLLISION WITH MOTOR VEHICLE,OVERTAKING,NONE,DAYLIGHT,CLEAR,DRY
6836 ,33416845,MONROE,East Rochester,,,Y,43.114397,-77.487323,04/19/2010,11:00 PM,PROPERTY DAMAGE AND INJURY,1.,0 ,2 ,COLLISION WITH MOTOR VEHICLE,RIGHT ANGLE,STOP SIGN,DARK-ROAD LIGHTED,CLEAR,DRY
6836 ,33416866,MONROE,Chili,,,N,43.092478,-77.6906986,04/18/2010,5:07 AM,PROPERTY DAMAGE AND INJURY,1.,0 ,2 ,COLLISION WITH MOTOR VEHICLE,HEAD ON,NONE,DARK-ROAD UNLIGHTED,RAIN,WET
6836 ,33416875,MONROE,Brighton,,,Y,43.126607,-77.559652,04/21/2010,10:01 AM,INJURY,1.,0 ,1 ,COLLISION WITH PEDESTRIAN,OTHER,STOP SIGN,DAYLIGHT,CLEAR,DRY
6836 ,33416984,MONROE,Greece,,,N,43.1890232,-77.6920483,04/19/2010,2:00 PM,PROPERTY DAMAGE AND INJURY,1.,0 ,2 ,COLLISION WITH MOTOR VEHICLE,RIGHT ANGLE,NONE,DAYLIGHT,CLEAR,DRY
6836 ,33416998,MONROE,Ogden,,,N,43.1573723,-77.7745154,04/14/2010,4:10 PM,INJURY,1.,0 ,1 ,COLLISION WITH PEDESTRIAN,OTHER,NO PASSING ZONE,DAYLIGHT,CLEAR,DRY
6836 ,33417299,MONROE,Irondequoit,,,Y,43.210557,-77.602302,04/21/2010,3:10 PM,PROPERTY DAMAGE AND INJURY,1.,0 ,2 ,COLLISION WITH MOTOR VEHICLE,RIGHT ANGLE,TRAFFIC SIGNAL,DAYLIGHT,CLEAR,DRY
6836 ,33417932,MONROE,Mendon,,,N,42.9448849,-77.5073197,04/21/2010,9:11 PM,PROPERTY DAMAGE AND INJURY,1.,0 ,1 ,OVERTURNED,OTHER,NONE,DARK-ROAD UNLIGHTED,CLEAR,DRY
6836 ,33417934,MONROE,Gates,,,Y,43.164584,-77.711592,04/22/2010,2:38 PM,PROPERTY DAMAGE AND INJURY,1.,0 ,2 ,COLLISION WITH MOTOR VEHICLE,RIGHT TURN (WITH OTHER CAR),TRAFFIC SIGNAL,DAYLIGHT,CLEAR,DRY
6836 ,33417940,MONROE,Penfield,,441 43011073,N,43.130568,-77.4004654,04/21/2010,4:17 PM,INJURY,1.,0 ,3 ,COLLISION WITH MOTOR VEHICLE,OTHER,TRAFFIC SIGNAL,DAYLIGHT,CLEAR,DRY
6836 ,33417944,MONROE,Webster,,,Y,43.214013,-77.419065,04/22/2010,9:55 AM,PROPERTY DAMAGE AND INJURY,4.,0 ,2 ,COLLISION WITH MOTOR VEHICLE,REAR END,TRAFFIC SIGNAL,DAYLIGHT,CLOUDY,DRY
6836 ,33417948,MONROE,Webster,,,N,43.215414,-77.446588,04/22/2010,4:14 PM,PROPERTY DAMAGE AND INJURY,1.,0 ,2 ,COLLISION WITH MOTOR VEHICLE,REAR END,YIELD SIGN,DAYLIGHT,CLEAR,DRY
6836 ,33418015,MONROE,Clarkson,,260 43011045,N,43.2619606,-77.8768898,04/19/2010,11:50 AM,PROPERTY DAMAGE AND INJURY,1.,0 ,2 ,COLLISION WITH MOTOR VEHICLE,LEFT TURN (AGAINST OTHER CAR),NONE,DAYLIGHT,CLEAR,DRY
6836 ,33418058,MONROE,Clarkson,,,N,43.2323618,-77.8876111,04/23/2010,3:49 AM,PROPERTY DAMAGE AND INJURY,1.,0 ,1 ,COLLISION WITH CULVERT/HEADWALL,OTHER,NONE,DARK-ROAD UNLIGHTED,CLEAR,DRY
6836 ,33418106,MONROE,Churchville,,36 43031010,Y,43.103017,-77.884682,04/22/2010,2:25 PM,INJURY,1.,0 ,2 ,COLLISION WITH MOTOR VEHICLE,REAR END,NONE,DAYLIGHT,CLEAR,DRY
6836 ,33418123,MONROE,Gates,,390I43037006,Y,43.130851,-77.661195,04/20/2010,8:38 AM,PROPERTY DAMAGE AND INJURY,1.,0 ,1 ,COLL. W/EARTH ELE./ROCK CUT/DITCH,OTHER,NONE,DAYLIGHT,CLEAR,DRY
6836 ,33418125,MONROE,Hamlin,,,N,43.3221557,-77.9278803,04/11/2010,1:32 AM,PROPERTY DAMAGE AND INJURY,2.,0 ,1 ,COLLISION WITH SIGN POST,OTHER,NONE,DARK-ROAD UNLIGHTED,CLEAR,DRY
6836 ,33418179,MONROE,Pittsford,,,Y,43.123253,-77.5070609,04/20/2010,9:30 AM,PROPERTY DAMAGE AND INJURY,1.,0 ,2 ,COLLISION WITH MOTOR VEHICLE,REAR END,TRAFFIC SIGNAL,DAYLIGHT,CLEAR,DRY
6836 ,33418181,MONROE,Hamlin,,360 43011039,N,43.3197613,-77.9270819,04/17/2010,1:40 AM,PROPERTY DAMAGE AND INJURY,1.,0 ,1 ,COLL. W/LIGHT SUPPORT/UTILITY POLE,OTHER,NONE,DARK-ROAD UNLIGHTED,CLOUDY,DRY
6836 ,33418195,MONROE,Irondequoit,,,N,43.1767311,-77.5468441,04/22/2010,6:05 PM,INJURY,1.,0 ,1 ,COLLISION WITH PEDESTRIAN,OTHER,NONE,DAYLIGHT,CLEAR,DRY
6836 ,33418367,MONROE,Rochester,,,Y,43.149992,-77.640214,04/13/2010,2:01 PM,PROPERTY DAMAGE AND INJURY,3.,0 ,2 ,COLLISION WITH MOTOR VEHICLE,REAR END,NONE,DAYLIGHT,CLEAR,DRY
6836 ,33418886,MONROE,Rochester,,,Y,43.235144,-77.6241519,04/10/2010,7:53 PM,PROPERTY DAMAGE AND INJURY,1.,0 ,2 ,COLLISION WITH MOTOR VEHICLE,LEFT TURN (AGAINST OTHER CAR),TRAFFIC SIGNAL,DUSK,CLEAR,DRY
6836 ,33418895,MONROE,Penfield,,441 43011035,N,43.1300744,-77.4758822,04/12/2010,3:45 PM,INJURY,1.,0 ,2 ,COLLISION WITH MOTOR VEHICLE,REAR END,TRAFFIC SIGNAL,DAYLIGHT,CLEAR,DRY
6836 ,33418897,MONROE,Rochester,,,Y,43.161317,-77.607607,04/11/2010,2:20 PM,PROPERTY DAMAGE AND INJURY,2.,0 ,2 ,COLLISION WITH MOTOR VEHICLE,RIGHT ANGLE,TRAFFIC SIGNAL,DAYLIGHT,CLEAR,DRY
6836 ,33419275,MONROE,Rochester,,,Y,43.124425,-77.629428,04/13/2010,10:54 AM,INJURY,1.,0 ,1 ,COLLISION WITH PEDESTRIAN,OTHER,NONE,DAYLIGHT,CLEAR,DRY
6836 ,33419279,MONROE,Rochester,,,Y,43.251702,-77.613324,04/13/2010,7:15 AM,PROPERTY DAMAGE AND INJURY,1.,0 ,2 ,COLLISION WITH MOTOR VEHICLE,LEFT TURN (AGAINST OTHER CAR),TRAFFIC SIGNAL,DAYLIGHT,CLEAR,DRY
6836 ,33419281,MONROE,Rochester,,,Y,43.186812,-77.599571,04/13/2010,11:45 AM,PROPERTY DAMAGE AND INJURY,2.,0 ,2 ,COLLISION WITH MOTOR VEHICLE,LEFT TURN (AGAINST OTHER CAR),TRAFFIC SIGNAL,DAYLIGHT,CLEAR,DRY
6836 ,33419282,MONROE,Rochester,,,Y,43.159083,-77.6203119,04/13/2010,11:35 AM,INJURY,1.,0 ,2 ,COLLISION WITH MOTOR VEHICLE,OVERTAKING,NONE,DAYLIGHT,CLEAR,DRY
6836 ,33419409,MONROE,Rochester,,,N,43.161673,-77.6447055,04/09/2010,7:14 PM,INJURY,1.,0 ,2 ,COLLISION WITH MOTOR VEHICLE,OVERTAKING,NONE,DAYLIGHT,CLEAR,DRY