QUERYID,CASE #,REGN_CNTY_CDE,Municipality,MUNITYPE,REF_MRKR,ATINTERSECTION_IND,Lat,Long,,Time,Crash Type,Injuries,Fatalities,Number of Vehicles,ACCD_TYP,COLLISION_TYP,TRAF_CNTL,Light Condition,Weather Condition,Road Surface Condition
6836 ,33419410,MONROE,Rochester,,,Y,43.173925,-77.574877,04/11/2010,3:15 PM,PROPERTY DAMAGE AND INJURY,1.,0 ,2 ,COLLISION WITH MOTOR VEHICLE,RIGHT ANGLE,STOP SIGN,DAYLIGHT,CLEAR,DRY
6836 ,33419416,MONROE,Rochester,,,N,43.190925,-77.629713,04/09/2010,3:16 PM,INJURY,1.,0 ,2 ,COLLISION WITH MOTOR VEHICLE,REAR END,NONE,DAYLIGHT,CLOUDY,DRY
6836 ,33419418,MONROE,Rochester,,,N,43.1591194,-77.6388628,04/09/2010,8:15 PM,INJURY,1.,0 ,1 ,COLLISION WITH PEDESTRIAN,OTHER,UNKNOWN,DARK-ROAD LIGHTED,CLOUDY,DRY
6836 ,33419422,MONROE,Rochester,,,N,43.1687168,-77.6111757,04/09/2010,12:11 PM,PROPERTY DAMAGE AND INJURY,1.,0 ,2 ,COLLISION WITH MOTOR VEHICLE,RIGHT TURN (AGAINST OTHER CAR),NONE,DAYLIGHT,CLEAR,DRY
6836 ,33419425,MONROE,Rochester,,,N,43.148564,-77.5909502,04/10/2010,7:29 PM,PROPERTY DAMAGE AND INJURY,1.,0 ,2 ,COLLISION WITH MOTOR VEHICLE,RIGHT ANGLE,NONE,DUSK,CLOUDY,DRY
6836 ,33419426,MONROE,Rochester,,,Y,43.136466,-77.59346,04/10/2010,6:42 PM,PROPERTY DAMAGE AND INJURY,1.,0 ,2 ,COLLISION WITH MOTOR VEHICLE,REAR END,NONE,DAYLIGHT,CLEAR,DRY
6836 ,33419428,MONROE,Rochester,,,Y,43.200455,-77.638723,04/09/2010,4:11 PM,INJURY,2.,0 ,2 ,COLLISION WITH MOTOR VEHICLE,REAR END,TRAFFIC SIGNAL,DAYLIGHT,CLOUDY,DRY
6836 ,33419429,MONROE,Rochester,,,Y,43.1692334,-77.5971744,04/08/2010,8:31 PM,INJURY,2.,0 ,1 ,COLLISION WITH TREE,OTHER,NONE,DARK-ROAD LIGHTED,CLEAR,WET
6836 ,33419430,MONROE,Rochester,,,N,43.1657499,-77.5706851,04/06/2010,9:28 PM,INJURY,1.,0 ,2 ,COLLISION WITH MOTOR VEHICLE,UNKNOWN,NONE,DARK-ROAD LIGHTED,FOG/SMOG/SMOKE,WET
6836 ,33419432,MONROE,Rochester,,,Y,43.152571,-77.5739841,04/09/2010,2:36 PM,PROPERTY DAMAGE AND INJURY,1.,0 ,2 ,COLLISION WITH MOTOR VEHICLE,REAR END,NONE,DAYLIGHT,CLOUDY,DRY
6836 ,33419433,MONROE,Rochester,,,Y,43.181123,-77.625186,04/09/2010,6:38 AM,PROPERTY DAMAGE AND INJURY,2.,0 ,2 ,COLLISION WITH MOTOR VEHICLE,LEFT TURN (AGAINST OTHER CAR),TRAFFIC SIGNAL,DAWN,CLOUDY,WET
6836 ,33419525,MONROE,Rochester,,,Y,43.186453,-77.613791,04/12/2010,5:00 PM,PROPERTY DAMAGE AND INJURY,2.,0 ,2 ,COLLISION WITH MOTOR VEHICLE,RIGHT ANGLE,TRAFFIC SIGNAL,DAYLIGHT,CLEAR,DRY
6836 ,33419527,MONROE,Rochester,,,Y,43.179263,-77.6468689,04/10/2010,2:53 PM,INJURY,1.,0 ,2 ,COLLISION WITH MOTOR VEHICLE,LEFT TURN (AGAINST OTHER CAR),NONE,DAYLIGHT,CLEAR,DRY
6836 ,33419529,MONROE,Rochester,,,Y,43.181745,-77.6415209,04/12/2010,8:21 AM,PROPERTY DAMAGE AND INJURY,1.,0 ,2 ,COLLISION WITH MOTOR VEHICLE,RIGHT ANGLE,STOP SIGN,DAYLIGHT,CLEAR,DRY
6836 ,33419532,MONROE,Rochester,,,Y,43.147122,-77.594701,04/11/2010,3:07 AM,PROPERTY DAMAGE AND INJURY,1.,0 ,2 ,COLLISION WITH MOTOR VEHICLE,REAR END,TRAFFIC SIGNAL,DARK-ROAD LIGHTED,CLEAR,DRY
6836 ,33419664,MONROE,Rochester,,,Y,43.1558677,-77.611826,04/09/2010,7:38 AM,INJURY,2.,0 ,1 ,COLLISION WITH PEDESTRIAN,OTHER,NONE,DAYLIGHT,CLOUDY,WET
6836 ,33419712,MONROE,Rochester,,,Y,43.146421,-77.5547779,04/07/2010,6:18 PM,PROPERTY DAMAGE AND INJURY,1.,0 ,2 ,COLLISION WITH MOTOR VEHICLE,UNKNOWN,TRAFFIC SIGNAL,DUSK,CLEAR,DRY
6836 ,33419763,MONROE,Rochester,,,Y,43.221512,-77.627994,04/16/2010,9:05 PM,FATAL,0.,1 ,1 ,COLLISION WITH PEDESTRIAN,OTHER,NONE,DARK-ROAD LIGHTED,CLOUDY,DRY
6836 ,33419828,MONROE,Pittsford,,31 43033051,Y,43.084905,-77.499779,04/15/2010,3:00 PM,PROPERTY DAMAGE AND INJURY,1.,0 ,2 ,COLLISION WITH MOTOR VEHICLE,RIGHT ANGLE,STOP SIGN,DAYLIGHT,CLEAR,DRY
6836 ,33419974,MONROE,Rochester,,,Y,43.160442,-77.591637,04/07/2010,6:55 PM,INJURY,4.,0 ,2 ,COLLISION WITH MOTOR VEHICLE,UNKNOWN,TRAFFIC SIGNAL,DAYLIGHT,CLOUDY,DRY
6836 ,33420602,MONROE,Clarkson,,104 43031056,Y,43.225363,-77.89015,04/06/2010,3:07 PM,PROPERTY DAMAGE AND INJURY,1.,0 ,3 ,COLLISION WITH MOTOR VEHICLE,OTHER,TRAFFIC SIGNAL,DAYLIGHT,CLOUDY,DRY
6836 ,33420741,MONROE,Henrietta,,,N,43.0939652,-77.634197,04/07/2010,7:00 AM,PROPERTY DAMAGE AND INJURY,1.,0 ,2 ,COLLISION WITH MOTOR VEHICLE,REAR END,NONE,DAWN,CLOUDY,DRY
6836 ,33420790,MONROE,Henrietta,,252 43011089,Y,43.0871212,-77.6015184,04/15/2010,8:15 AM,INJURY,1.,0 ,3 ,COLLISION WITH MOTOR VEHICLE,OTHER,TRAFFIC SIGNAL,DAYLIGHT,CLOUDY,DRY
6836 ,33420797,MONROE,Perinton,,,N,43.0682537,-77.4321438,04/19/2010,4:41 PM,INJURY,1.,0 ,2 ,COLLISION WITH MOTOR VEHICLE,REAR END,TRAFFIC SIGNAL,DAYLIGHT,CLEAR,DRY
6836 ,33420809,MONROE,Mendon,,,N,42.945643,-77.6204845,04/21/2010,8:00 PM,PROPERTY DAMAGE AND INJURY,1.,0 ,1 ,COLLISION WITH ANIMAL,OTHER,NONE,DARK-ROAD UNLIGHTED,CLEAR,DRY
6836 ,33420874,MONROE,Greece,,,N,43.2782259,-77.6525197,04/21/2010,5:57 PM,PROPERTY DAMAGE AND INJURY,2.,0 ,2 ,COLLISION WITH MOTOR VEHICLE,LEFT TURN (AGAINST OTHER CAR),NONE,DAYLIGHT,CLEAR,DRY
6836 ,33420883,MONROE,Greece,,,N,43.2101442,-77.6977739,04/23/2010,6:58 PM,PROPERTY DAMAGE AND INJURY,2.,0 ,2 ,COLLISION WITH MOTOR VEHICLE,REAR END,NONE,DAYLIGHT,CLEAR,DRY
6836 ,33420893,MONROE,Wheatland,,383 43011071,Y,43.030032,-77.7420679,04/17/2010,8:38 PM,INJURY,1.,0 ,2 ,COLLISION WITH MOTOR VEHICLE,OVERTAKING,NONE,DARK-ROAD LIGHTED,RAIN,WET
6836 ,33420910,MONROE,Greece,,,Y,43.231416,-77.71634,04/22/2010,12:53 PM,INJURY,1.,0 ,1 ,COLLISION WITH PEDESTRIAN,OTHER,HIGHWAY WORK AREA,DAYLIGHT,CLOUDY,DRY
6836 ,33420933,MONROE,Greece,,,Y,43.213954,-77.677623,04/22/2010,2:01 PM,PROPERTY DAMAGE AND INJURY,1.,0 ,2 ,COLLISION WITH MOTOR VEHICLE,REAR END,NONE,DAYLIGHT,CLEAR,DRY
6836 ,33421082,MONROE,Gates,,,Y,43.1471017,-77.7111317,04/26/2010,2:13 PM,PROPERTY DAMAGE AND INJURY,1.,0 ,2 ,COLLISION WITH MOTOR VEHICLE,REAR END,NONE,DAYLIGHT,CLOUDY,DRY
6836 ,33421304,MONROE,Webster,,,Y,43.228442,-77.475932,04/23/2010,11:45 AM,PROPERTY DAMAGE AND INJURY,2.,0 ,2 ,COLLISION WITH MOTOR VEHICLE,REAR END,NONE,DAYLIGHT,CLEAR,DRY
6836 ,33421314,MONROE,Parma,,18 43031089,N,43.2872345,-77.8303779,04/22/2010,1:36 PM,INJURY,1.,0 ,1 ,COLL. W/EARTH ELE./ROCK CUT/DITCH,OTHER,NONE,DAYLIGHT,CLEAR,DRY
6836 ,33421428,MONROE,Brighton,,,N,43.1157491,-77.5797861,04/26/2010,1:31 PM,PROPERTY DAMAGE AND INJURY,1.,0 ,3 ,COLLISION WITH OTHER FIXED OBJECT,OTHER,NONE,DAYLIGHT,CLOUDY,DRY
6836 ,33421437,MONROE,Rochester,,,Y,43.203393,-77.5618341,04/26/2010,12:40 PM,INJURY,1.,0 ,2 ,COLLISION WITH MOTOR VEHICLE,REAR END,TRAFFIC SIGNAL,DAYLIGHT,CLOUDY,DRY
6836 ,33421445,MONROE,Sweden,,31A43021007,N,43.1980379,-77.9822969,04/21/2010,4:57 PM,INJURY,1.,0 ,2 ,COLLISION WITH MOTOR VEHICLE,REAR END,NONE,DAYLIGHT,CLEAR,DRY
6836 ,33421674,MONROE,Greece,,,Y,43.194319,-77.701428,04/27/2010,8:08 AM,INJURY,2.,0 ,2 ,COLLISION WITH MOTOR VEHICLE,RIGHT ANGLE,TRAFFIC SIGNAL,DAYLIGHT,CLOUDY,WET
6836 ,33421851,MONROE,Rochester,,490I43022057,N,43.143361,-77.570339,04/27/2010,8:07 AM,PROPERTY DAMAGE AND INJURY,2.,0 ,5 ,COLLISION WITH MOTOR VEHICLE,OTHER,NONE,DAYLIGHT,SNOW,WET
6836 ,33422429,MONROE,Rochester,,,Y,43.169423,-77.614356,04/16/2010,2:10 PM,INJURY,2.,0 ,3 ,COLLISION WITH MOTOR VEHICLE,OTHER,NONE,DAYLIGHT,CLOUDY,DRY
6836 ,33422607,MONROE,Rochester,,,Y,43.152434,-77.638889,04/10/2010,12:30 PM,PROPERTY DAMAGE AND INJURY,1.,0 ,2 ,COLLISION WITH MOTOR VEHICLE,UNKNOWN,UNKNOWN,DAYLIGHT,CLEAR,DRY
6836 ,33422808,MONROE,Henrietta,,,N,43.0405889,-77.6470807,04/18/2010,6:28 PM,PROPERTY DAMAGE AND INJURY,2.,0 ,2 ,COLLISION WITH MOTOR VEHICLE,RIGHT ANGLE,STOP SIGN,DAYLIGHT,CLEAR,DRY
6836 ,33422883,MONROE,East Rochester,,,Y,43.116887,-77.4883561,04/13/2010,4:12 PM,PROPERTY DAMAGE AND INJURY,2.,0 ,2 ,COLLISION WITH MOTOR VEHICLE,REAR END,TRAFFIC SIGNAL,DAYLIGHT,CLEAR,DRY
6836 ,33423290,MONROE,Penfield,,,Y,43.153505,-77.4753219,04/26/2010,7:25 AM,PROPERTY DAMAGE AND INJURY,2.,0 ,3 ,COLLISION WITH MOTOR VEHICLE,OTHER,TRAFFIC SIGNAL,DAYLIGHT,CLOUDY,DRY
6836 ,33424045,MONROE,Webster,,,N,43.2089755,-77.459166,04/26/2010,8:40 PM,PROPERTY DAMAGE AND INJURY,2.,0 ,2 ,COLLISION WITH MOTOR VEHICLE,REAR END,NONE,DARK-ROAD UNLIGHTED,CLOUDY,DRY
6836 ,33424048,MONROE,Henrietta,,,N,43.0561212,-77.5947658,04/28/2010,9:08 AM,PROPERTY DAMAGE AND INJURY,1.,0 ,2 ,COLLISION WITH MOTOR VEHICLE,RIGHT ANGLE,NONE,DAYLIGHT,CLOUDY,DRY
6836 ,33424124,MONROE,Sweden,,31 43031070,N,43.1961839,-77.8944082,04/26/2010,5:51 PM,PROPERTY DAMAGE AND INJURY,2.,0 ,2 ,COLLISION WITH MOTOR VEHICLE,REAR END,NONE,DAYLIGHT,CLEAR,DRY
6836 ,33424130,MONROE,Gates,,,N,43.1704981,-77.7323863,04/27/2010,6:13 PM,PROPERTY DAMAGE AND INJURY,2.,0 ,2 ,COLLISION WITH MOTOR VEHICLE,SIDESWIPE,NONE,DAYLIGHT,CLOUDY,DRY
6836 ,33424159,MONROE,Brighton,,,N,43.126792,-77.5535041,04/27/2010,3:06 PM,INJURY,2.,0 ,2 ,COLLISION WITH MOTOR VEHICLE,REAR END,TRAFFIC SIGNAL,DAYLIGHT,CLEAR,DRY
6836 ,33424218,MONROE,Henrietta,,,N,43.054613,-77.6097934,04/27/2010,2:10 AM,PROPERTY DAMAGE AND INJURY,1.,0 ,1 ,COLLISION WITH OTHER FIXED OBJECT,OTHER,NONE,DARK-ROAD UNLIGHTED,CLEAR,DRY
6836 ,33424316,MONROE,Greece,,,Y,43.237492,-77.646851,04/27/2010,1:36 PM,INJURY,1.,0 ,2 ,COLLISION WITH MOTOR VEHICLE,LEFT TURN (AGAINST OTHER CAR),NONE,DAYLIGHT,CLOUDY,DRY
6836 ,33424325,MONROE,Penfield,,,N,43.1925547,-77.5023187,04/24/2010,3:56 PM,PROPERTY DAMAGE AND INJURY,2.,0 ,2 ,COLLISION WITH MOTOR VEHICLE,REAR END,TRAFFIC SIGNAL,DAYLIGHT,CLEAR,DRY
6836 ,33424332,MONROE,Gates,,,Y,43.138667,-77.674684,04/27/2010,5:50 PM,INJURY,1.,0 ,1 ,COLLISION WITH BICYCLIST,OTHER,NONE,DAYLIGHT,CLEAR,DRY
6836 ,33424362,MONROE,Brighton,,,N,43.106026,-77.615867,04/28/2010,4:47 PM,PROPERTY DAMAGE AND INJURY,1.,0 ,2 ,COLLISION WITH MOTOR VEHICLE,RIGHT ANGLE,NONE,DAYLIGHT,CLEAR,DRY
6836 ,33424367,MONROE,Henrietta,,252 43011087,N,43.0871532,-77.6032778,04/27/2010,4:04 PM,PROPERTY DAMAGE AND INJURY,1.,0 ,2 ,COLLISION WITH MOTOR VEHICLE,RIGHT ANGLE,NONE,DAYLIGHT,CLOUDY,DRY
6836 ,33424374,MONROE,Brighton,,490I43023003,N,43.1427571,-77.5460579,04/22/2010,5:17 PM,INJURY,1.,0 ,2 ,COLLISION WITH MOTOR VEHICLE,REAR END,NONE,DAYLIGHT,CLEAR,DRY
6836 ,33424441,MONROE,Henrietta,,252 43011055,N,43.092591,-77.6638975,04/27/2010,12:47 PM,PROPERTY DAMAGE AND INJURY,1.,0 ,3 ,COLLISION WITH MOTOR VEHICLE,OTHER,TRAFFIC SIGNAL,DAYLIGHT,CLEAR,DRY
6836 ,33424470,MONROE,Perinton,,490I43023081,N,43.0496705,-77.4654801,04/23/2010,5:12 PM,PROPERTY DAMAGE AND INJURY,1.,0 ,1 ,COLL. W/EARTH ELE./ROCK CUT/DITCH,OTHER,NONE,DAYLIGHT,CLEAR,DRY
6836 ,33424498,MONROE,Parma,,104 43031083,N,43.2229821,-77.8438633,04/25/2010,2:48 PM,INJURY,1.,0 ,2 ,COLLISION WITH MOTOR VEHICLE,REAR END,NONE,DAYLIGHT,RAIN,WET
6836 ,33424546,MONROE,Brockport,,,N,43.2200759,-77.9425515,04/27/2010,9:27 AM,PROPERTY DAMAGE AND INJURY,1.,0 ,2 ,COLLISION WITH MOTOR VEHICLE,REAR END,NONE,DAYLIGHT,CLOUDY,DRY
6836 ,33424607,MONROE,Chili,,,N,43.1166101,-77.7040019,04/27/2010,7:22 PM,INJURY,1.,0 ,1 ,COLLISION WITH PEDESTRIAN,OTHER,NONE,DAYLIGHT,CLEAR,DRY
6836 ,33424624,MONROE,Webster,,,N,43.230711,-77.4548191,04/27/2010,2:49 PM,PROPERTY DAMAGE AND INJURY,1.,0 ,2 ,COLLISION WITH MOTOR VEHICLE,REAR END,STOPPED SCHOOL BUS W/RED LIGHT FLSH,DAYLIGHT,CLEAR,DRY
6836 ,33424629,MONROE,Pittsford,,253 43011021,N,43.1099563,-77.5053628,04/23/2010,6:49 PM,INJURY,1.,0 ,2 ,COLLISION WITH MOTOR VEHICLE,REAR END,NONE,DUSK,CLEAR,DRY
6836 ,33424786,MONROE,Rochester,,490I43022004,N,43.1574875,-77.6654514,04/23/2010,7:52 AM,PROPERTY DAMAGE AND INJURY,6.,0 ,4 ,COLLISION WITH MOTOR VEHICLE,OTHER,NONE,DAYLIGHT,CLEAR,DRY
6836 ,33424819,MONROE,Webster,,104 43035274,N,43.2157311,-77.4298461,04/28/2010,10:22 PM,PROPERTY DAMAGE AND INJURY,2.,0 ,1 ,COLLISION WITH OTHER,OTHER,NONE,DARK-ROAD UNLIGHTED,CLEAR,DRY
6836 ,33424837,MONROE,Irondequoit,,,N,43.2098413,-77.600897,04/29/2010,1:00 PM,PROPERTY DAMAGE AND INJURY,3.,0 ,2 ,COLLISION WITH MOTOR VEHICLE,RIGHT ANGLE,NONE,DAYLIGHT,CLEAR,DRY
6836 ,33424994,MONROE,Rochester,,590 43012005,N,43.1657486,-77.5386854,04/25/2010,6:07 PM,PROPERTY DAMAGE AND INJURY,1.,0 ,1 ,COLLISION WITH GUIDE RAIL,OTHER,NONE,DAYLIGHT,RAIN,WET
6836 ,33425082,MONROE,Ogden,,31 43031142,N,43.180492,-77.7608216,04/29/2010,5:58 PM,PROPERTY DAMAGE AND INJURY,1.,0 ,2 ,COLLISION WITH MOTOR VEHICLE,RIGHT ANGLE,NO PASSING ZONE,DAYLIGHT,CLEAR,DRY
6836 ,33425142,MONROE,Brighton,,,Y,43.1255727,-77.5945242,04/29/2010,8:35 AM,INJURY,1.,0 ,1 ,COLLISION WITH PEDESTRIAN,OTHER,STOP SIGN,DAYLIGHT,CLEAR,DRY
6836 ,33425264,MONROE,Greece,,,Y,43.252941,-77.677687,04/28/2010,9:07 PM,PROPERTY DAMAGE AND INJURY,1.,0 ,2 ,COLLISION WITH MOTOR VEHICLE,REAR END,NONE,DARK-ROAD LIGHTED,CLEAR,DRY
6836 ,33425265,MONROE,Greece,,,Y,43.217434,-77.67775,04/30/2010,7:09 AM,INJURY,1.,0 ,1 ,COLLISION WITH BICYCLIST,OTHER,STOP SIGN,DAYLIGHT,CLEAR,DRY
6836 ,33425270,MONROE,Greece,,,Y,43.186929,-77.732212,04/27/2010,2:57 PM,PROPERTY DAMAGE AND INJURY,2.,0 ,2 ,COLLISION WITH MOTOR VEHICLE,RIGHT ANGLE,STOP SIGN,DAYLIGHT,CLEAR,DRY
6836 ,33425272,MONROE,Greece,,,Y,43.181631,-77.732028,04/29/2010,7:56 AM,PROPERTY DAMAGE AND INJURY,1.,0 ,2 ,COLLISION WITH MOTOR VEHICLE,REAR END,NONE,DAYLIGHT,CLEAR,DRY
6836 ,33425484,MONROE,Wheatland,,,N,43.0301728,-77.8961015,04/23/2010,8:32 PM,PROPERTY DAMAGE AND INJURY,1.,0 ,1 ,COLLISION WITH SIGN POST,OTHER,NONE,DARK-ROAD UNLIGHTED,CLEAR,DRY
6836 ,33425488,MONROE,Chili,,,N,43.045488,-77.7435852,04/24/2010,9:38 AM,PROPERTY DAMAGE AND INJURY,1.,0 ,1 ,COLLISION WITH GUIDERAIL - END,OTHER,NO PASSING ZONE,DAYLIGHT,CLEAR,DRY
6836 ,33425542,MONROE,Ogden,,259 43011036,N,43.1440203,-77.806069,04/29/2010,9:15 AM,PROPERTY DAMAGE AND INJURY,1.,0 ,1 ,COLL. W/EARTH ELE./ROCK CUT/DITCH,OTHER,NONE,DAYLIGHT,CLEAR,DRY
6836 ,33425544,MONROE,Brighton,,15A43041128,N,43.108007,-77.615937,04/30/2010,5:14 PM,PROPERTY DAMAGE AND INJURY,2.,0 ,2 ,COLLISION WITH MOTOR VEHICLE,LEFT TURN (WITH OTHER CAR),TRAFFIC SIGNAL,DAYLIGHT,CLEAR,DRY
6836 ,33425547,MONROE,Henrietta,,,N,43.0713646,-77.6452529,04/25/2010,6:30 PM,INJURY,1.,0 ,2 ,COLLISION WITH MOTOR VEHICLE,REAR END,NONE,DAYLIGHT,CLEAR,DRY
6836 ,33425552,MONROE,Pittsford,,490I43023043,N,43.0961116,-77.5012496,04/25/2010,9:44 PM,PROPERTY DAMAGE AND INJURY,1.,0 ,1 ,COLLISION WITH GUIDE RAIL,OTHER,NONE,DARK-ROAD UNLIGHTED,RAIN,WET
6836 ,33425554,MONROE,Penfield,,,N,43.147617,-77.514223,04/24/2010,3:29 AM,PROPERTY DAMAGE AND INJURY,1.,0 ,1 ,COLL. W/LIGHT SUPPORT/UTILITY POLE,OTHER,TRAFFIC SIGNAL,DARK-ROAD LIGHTED,CLOUDY,DRY
6836 ,33425560,MONROE,Pittsford,,,Y,43.123253,-77.5070609,04/23/2010,9:21 PM,PROPERTY DAMAGE AND INJURY,2.,0 ,2 ,COLLISION WITH MOTOR VEHICLE,REAR END,TRAFFIC SIGNAL,DARK-ROAD LIGHTED,CLEAR,DRY
6836 ,33425562,MONROE,Penfield,,,Y,43.182405,-77.502168,04/29/2010,4:42 AM,PROPERTY DAMAGE AND INJURY,2.,0 ,2 ,COLLISION WITH MOTOR VEHICLE,RIGHT ANGLE,TRAFFIC SIGNAL,DARK-ROAD LIGHTED,CLOUDY,DRY
6836 ,33425564,MONROE,Ogden,,531 43012056,N,43.160228,-77.753848,04/30/2010,5:12 PM,INJURY,2.,0 ,3 ,COLLISION WITH MOTOR VEHICLE,OTHER,TRAFFIC SIGNAL,DAYLIGHT,CLEAR,DRY
6836 ,33425565,MONROE,Brighton,,,N,43.1060725,-77.5767397,04/30/2010,11:19 AM,PROPERTY DAMAGE AND INJURY,1.,0 ,2 ,COLLISION WITH MOTOR VEHICLE,REAR END,TRAFFIC SIGNAL,DAYLIGHT,CLEAR,DRY
6836 ,33425568,MONROE,Gates,,31 43031185,N,43.1647007,-77.682777,04/06/2010,3:58 PM,PROPERTY DAMAGE AND INJURY,1.,0 ,2 ,COLLISION WITH BRIDGE STRUCTURE,REAR END,NONE,DAYLIGHT,RAIN,WET
6836 ,33425592,MONROE,Gates,,,N,43.148858,-77.704648,05/01/2010,2:40 AM,PROPERTY DAMAGE AND INJURY,1.,0 ,1 ,COLL. W/LIGHT SUPPORT/UTILITY POLE,OTHER,NONE,DARK-ROAD LIGHTED,CLEAR,DRY
6836 ,33425727,MONROE,Irondequoit,,,N,43.2107482,-77.5957335,05/01/2010,3:20 AM,PROPERTY DAMAGE AND INJURY,1.,0 ,1 ,COLLISION WITH FENCE,OTHER,NONE,DARK-ROAD LIGHTED,CLOUDY,DRY
6836 ,33425762,MONROE,Greece,,,N,43.2189007,-77.6777583,04/30/2010,6:23 PM,PROPERTY DAMAGE AND INJURY,1.,0 ,2 ,COLLISION WITH MOTOR VEHICLE,OVERTAKING,NONE,DAYLIGHT,CLEAR,DRY
6836 ,33425781,MONROE,Rochester,,104 43032033,N,43.1920929,-77.5995686,04/23/2010,8:38 PM,INJURY,1.,0 ,1 ,COLLISION WITH OTHER BARRIER,OTHER,NONE,DARK-ROAD LIGHTED,CLEAR,DRY
6836 ,33425808,MONROE,Chili,,383 43011154,N,43.122229,-77.647781,04/30/2010,9:14 PM,PROPERTY DAMAGE AND INJURY,1.,0 ,2 ,COLLISION WITH MOTOR VEHICLE,REAR END,YIELD SIGN,DARK-ROAD LIGHTED,CLEAR,DRY
6836 ,33425811,MONROE,Pittsford,,,Y,43.068871,-77.568236,04/30/2010,4:50 PM,PROPERTY DAMAGE AND INJURY,1.,0 ,1 ,COLL. W/LIGHT SUPPORT/UTILITY POLE,OTHER,NONE,DAYLIGHT,CLEAR,DRY
6836 ,33425826,MONROE,Gates,,,N,43.1646995,-77.686517,05/01/2010,9:38 AM,PROPERTY DAMAGE AND INJURY,1.,0 ,2 ,COLLISION WITH MOTOR VEHICLE,RIGHT ANGLE,NONE,DAYLIGHT,CLEAR,DRY
6836 ,33425829,MONROE,Chili,,33A43021104,N,43.1053744,-77.749737,04/28/2010,1:17 PM,PROPERTY DAMAGE AND INJURY,1.,0 ,2 ,COLLISION WITH MOTOR VEHICLE,REAR END,NONE,DAYLIGHT,CLEAR,DRY
6836 ,33425836,MONROE,Pittsford,,,Y,43.060603,-77.5196581,04/30/2010,6:37 PM,PROPERTY DAMAGE AND INJURY,1.,0 ,2 ,COLLISION WITH MOTOR VEHICLE,LEFT TURN (AGAINST OTHER CAR),STOP SIGN,DAYLIGHT,CLEAR,DRY
6836 ,33425838,MONROE,Chili,,,N,43.1165227,-77.8041446,04/27/2010,8:19 PM,INJURY,1.,0 ,1 ,COLLISION WITH PEDESTRIAN,OTHER,NONE,DUSK,CLOUDY,DRY
6836 ,33425858,MONROE,Hilton,,,N,43.2853412,-77.7895984,04/30/2010,3:12 PM,PROPERTY DAMAGE AND INJURY,4.,0 ,1 ,COLLISION WITH TREE,OTHER,NONE,DAYLIGHT,CLEAR,DRY
6836 ,33425862,MONROE,Sweden,,,N,43.1983568,-77.9432802,05/01/2010,2:19 PM,PROPERTY DAMAGE AND INJURY,1.,0 ,2 ,COLLISION WITH MOTOR VEHICLE,RIGHT ANGLE,NONE,DAYLIGHT,CLOUDY,DRY
6836 ,33425882,MONROE,Pittsford,,,N,43.0581504,-77.5330819,04/30/2010,5:47 PM,PROPERTY DAMAGE AND INJURY,6.,0 ,2 ,COLLISION WITH MOTOR VEHICLE,RIGHT ANGLE,NONE,DAYLIGHT,CLEAR,DRY
6836 ,33425962,MONROE,Irondequoit,,,Y,43.243979,-77.595113,04/29/2010,5:22 PM,INJURY,1.,0 ,1 ,COLLISION WITH PEDESTRIAN,OTHER,NONE,DAYLIGHT,CLEAR,DRY
6836 ,33425984,MONROE,Penfield,,,N,43.175523,-77.5220996,04/30/2010,5:46 PM,PROPERTY DAMAGE AND INJURY,2.,0 ,3 ,COLLISION WITH MOTOR VEHICLE,OTHER,NO PASSING ZONE,DAYLIGHT,CLEAR,DRY
6836 ,33426073,MONROE,Rochester,,,Y,43.192189,-77.561221,04/30/2010,3:47 PM,PROPERTY DAMAGE AND INJURY,2.,0 ,2 ,COLLISION WITH MOTOR VEHICLE,REAR END,NONE,DAYLIGHT,CLEAR,DRY
6836 ,33426148,MONROE,Irondequoit,,,Y,43.177028,-77.5382749,05/01/2010,10:25 AM,PROPERTY DAMAGE AND INJURY,1.,0 ,2 ,COLLISION WITH MOTOR VEHICLE,LEFT TURN (AGAINST OTHER CAR),TRAFFIC SIGNAL,DAYLIGHT,CLOUDY,DRY
6836 ,33426211,MONROE,Clarkson,,,N,43.2530208,-77.9662405,04/30/2010,7:10 AM,PROPERTY DAMAGE AND INJURY,1.,0 ,1 ,COLLISION WITH TREE,OTHER,NONE,DAYLIGHT,CLEAR,DRY
6836 ,33426257,MONROE,Henrietta,,,N,43.0679755,-77.6466481,04/23/2010,5:16 PM,PROPERTY DAMAGE AND INJURY,1.,0 ,2 ,COLLISION WITH MOTOR VEHICLE,RIGHT ANGLE,NONE,DAYLIGHT,CLEAR,DRY
6836 ,33427115,MONROE,Rochester,,,Y,43.114684,-77.616216,04/16/2010,2:54 PM,PROPERTY DAMAGE AND INJURY,1.,0 ,2 ,COLLISION WITH MOTOR VEHICLE,REAR END,TRAFFIC SIGNAL,DAYLIGHT,CLOUDY,DRY
6836 ,33427122,MONROE,Rochester,,,N,43.149881,-77.621644,04/12/2010,5:52 PM,PROPERTY DAMAGE AND INJURY,2.,0 ,2 ,COLLISION WITH MOTOR VEHICLE,RIGHT ANGLE,NONE,DAYLIGHT,CLEAR,DRY
6836 ,33427211,MONROE,Rochester,,,Y,43.164863,-77.595562,04/17/2010,6:00 AM,INJURY,1.,0 ,2 ,COLLISION WITH MOTOR VEHICLE,REAR END,NONE,DARK-ROAD LIGHTED,CLOUDY,DRY
6836 ,33427212,MONROE,Rochester,,,Y,43.139879,-77.626033,04/16/2010,12:45 PM,INJURY,1.,0 ,2 ,COLLISION WITH MOTOR VEHICLE,RIGHT ANGLE,STOP SIGN,DAYLIGHT,CLOUDY,WET
6836 ,33427213,MONROE,Rochester,,,N,43.171734,-77.6280679,04/16/2010,10:00 AM,INJURY,1.,0 ,2 ,COLLISION WITH MOTOR VEHICLE,REAR END,TRAFFIC SIGNAL,DAYLIGHT,CLEAR,DRY