QUERYID,CASE #,REGN_CNTY_CDE,Municipality,MUNITYPE,REF_MRKR,ATINTERSECTION_IND,Lat,Long,,Time,Crash Type,Injuries,Fatalities,Number of Vehicles,ACCD_TYP,COLLISION_TYP,TRAF_CNTL,Light Condition,Weather Condition,Road Surface Condition
6836 ,33427214,MONROE,Rochester,,,Y,43.1778071,-77.6178486,04/16/2010,3:40 PM,INJURY,1.,0 ,2 ,COLLISION WITH MOTOR VEHICLE,REAR END,NONE,DAYLIGHT,CLOUDY,DRY
6836 ,33427215,MONROE,Rochester,,,N,43.1454082,-77.5552008,04/17/2010,11:22 AM,INJURY,1.,0 ,2 ,COLLISION WITH MOTOR VEHICLE,REAR END,NONE,DAYLIGHT,CLOUDY,DRY
6836 ,33427216,MONROE,Rochester,,,N,43.161757,-77.608303,04/17/2010,12:37 PM,PROPERTY DAMAGE AND INJURY,2.,0 ,2 ,COLLISION WITH MOTOR VEHICLE,LEFT TURN (AGAINST OTHER CAR),TRAFFIC SIGNAL,DAYLIGHT,CLOUDY,DRY
6836 ,33427217,MONROE,Rochester,,,Y,43.146609,-77.62609,04/10/2010,3:00 PM,INJURY,1.,0 ,2 ,COLLISION WITH MOTOR VEHICLE,UNKNOWN,STOP SIGN,DAYLIGHT,CLEAR,DRY
6836 ,33427218,MONROE,Rochester,,,N,43.14659,-77.63484,04/15/2010,7:23 AM,INJURY,1.,0 ,1 ,COLLISION WITH PEDESTRIAN,OTHER,NONE,DAYLIGHT,CLEAR,DRY
6836 ,33427220,MONROE,Rochester,,,N,43.1599637,-77.5937358,04/19/2010,1:59 PM,INJURY,1.,0 ,1 ,COLLISION WITH PEDESTRIAN,OTHER,NONE,DAYLIGHT,CLOUDY,DRY
6836 ,33427221,MONROE,Rochester,,,N,43.1754541,-77.5904836,04/16/2010,1:57 PM,INJURY,1.,0 ,2 ,COLLISION WITH MOTOR VEHICLE,REAR END,NONE,DAYLIGHT,CLOUDY,DRY
6836 ,33427222,MONROE,Rochester,,,N,43.1310946,-77.6139155,04/18/2010,6:10 PM,PROPERTY DAMAGE AND INJURY,1.,0 ,2 ,COLLISION WITH MOTOR VEHICLE,HEAD ON,NONE,DAYLIGHT,CLEAR,DRY
6836 ,33427225,MONROE,Rochester,,,Y,43.159024,-77.623911,04/13/2010,2:22 PM,PROPERTY DAMAGE AND INJURY,1.,0 ,2 ,COLLISION WITH MOTOR VEHICLE,UNKNOWN,STOP SIGN,DAYLIGHT,CLEAR,DRY
6836 ,33427227,MONROE,Irondequoit,,,N,43.206208,-77.616456,04/15/2010,11:41 AM,PROPERTY DAMAGE AND INJURY,1.,0 ,2 ,COLLISION WITH MOTOR VEHICLE,UNKNOWN,NO PASSING ZONE,DAYLIGHT,CLEAR,DRY
6836 ,33427241,MONROE,Rochester,,,N,43.1514921,-77.6308092,04/20/2010,6:30 PM,INJURY,1.,0 ,1 ,COLLISION WITH BICYCLIST,OTHER,NONE,DAYLIGHT,CLEAR,DRY
6836 ,33427243,MONROE,Rochester,,,Y,43.15646,-77.626643,04/19/2010,1:18 PM,PROPERTY DAMAGE AND INJURY,1.,0 ,2 ,COLLISION WITH MOTOR VEHICLE,UNKNOWN,NONE,DAYLIGHT,CLEAR,DRY
6836 ,33427244,MONROE,Rochester,,,Y,43.172146,-77.612434,04/15/2010,9:17 AM,PROPERTY DAMAGE AND INJURY,2.,0 ,2 ,COLLISION WITH MOTOR VEHICLE,RIGHT ANGLE,STOP SIGN,DAYLIGHT,CLEAR,DRY
6836 ,33427247,MONROE,Rochester,,,Y,43.16571,-77.572892,04/15/2010,12:23 PM,INJURY,1.,0 ,2 ,COLLISION WITH MOTOR VEHICLE,RIGHT ANGLE,STOP SIGN,DAYLIGHT,CLOUDY,DRY
6836 ,33427426,MONROE,Rochester,,,N,43.1726048,-77.6285119,04/24/2010,2:00 PM,PROPERTY DAMAGE AND INJURY,1.,0 ,2 ,COLLISION WITH MOTOR VEHICLE,UNKNOWN,NONE,DAYLIGHT,CLOUDY,DRY
6836 ,33427427,MONROE,Rochester,,,Y,43.180461,-77.5877981,04/23/2010,2:45 PM,PROPERTY DAMAGE AND INJURY,1.,0 ,2 ,COLLISION WITH MOTOR VEHICLE,RIGHT ANGLE,STOP SIGN,DAYLIGHT,CLEAR,DRY
6836 ,33427429,MONROE,Rochester,,,N,43.2513172,-77.6135942,04/23/2010,5:22 PM,PROPERTY DAMAGE AND INJURY,1.,0 ,2 ,COLLISION WITH MOTOR VEHICLE,RIGHT ANGLE,NONE,DAYLIGHT,CLEAR,DRY
6836 ,33427445,MONROE,Rochester,,,N,43.1873744,-77.5837306,04/16/2010,12:29 PM,PROPERTY DAMAGE AND INJURY,1.,0 ,2 ,COLLISION WITH MOTOR VEHICLE,RIGHT ANGLE,NONE,DAYLIGHT,RAIN,WET
6836 ,33427446,MONROE,Rochester,,,Y,43.170226,-77.611807,04/16/2010,3:09 PM,INJURY,1.,0 ,1 ,COLLISION WITH BICYCLIST,OTHER,TRAFFIC SIGNAL,DAYLIGHT,CLEAR,DRY
6836 ,33427450,MONROE,Rochester,,,Y,43.174915,-77.6132469,04/21/2010,12:45 PM,INJURY,1.,0 ,1 ,COLLISION WITH BICYCLIST,OTHER,TRAFFIC SIGNAL,DAYLIGHT,CLOUDY,DRY
6836 ,33427452,MONROE,Rochester,,,Y,43.147246,-77.605812,04/21/2010,4:50 PM,PROPERTY DAMAGE AND INJURY,2.,0 ,2 ,COLLISION WITH MOTOR VEHICLE,RIGHT ANGLE,STOP SIGN,DAYLIGHT,CLEAR,DRY
6836 ,33427454,MONROE,Rochester,,,Y,43.149976,-77.6438629,04/21/2010,12:35 PM,INJURY,1.,0 ,1 ,COLLISION WITH BICYCLIST,OTHER,TRAFFIC SIGNAL,DAYLIGHT,CLEAR,DRY
6836 ,33427455,MONROE,Rochester,,,N,43.1625489,-77.547918,04/21/2010,1:32 PM,INJURY,1.,0 ,2 ,COLLISION WITH MOTOR VEHICLE,UNKNOWN,NONE,DAYLIGHT,CLEAR,DRY
6836 ,33427456,MONROE,Rochester,,,Y,43.228449,-77.6265371,04/21/2010,10:48 AM,PROPERTY DAMAGE AND INJURY,1.,0 ,2 ,COLLISION WITH MOTOR VEHICLE,REAR END,NONE,DAYLIGHT,CLEAR,DRY
6836 ,33427458,MONROE,Rochester,,,N,43.1878178,-77.6212132,04/25/2010,2:07 AM,PROPERTY DAMAGE AND INJURY,3.,0 ,2 ,COLLISION WITH MOTOR VEHICLE,HEAD ON,NONE,DARK-ROAD LIGHTED,CLOUDY,DRY
6836 ,33427459,MONROE,Rochester,,,N,43.142278,-77.586219,04/25/2010,2:09 PM,INJURY,1.,0 ,1 ,COLLISION WITH CURBING,OTHER,TRAFFIC SIGNAL,DAYLIGHT,RAIN,WET
6836 ,33427462,MONROE,Rochester,,,N,43.144783,-77.65101,04/22/2010,6:00 PM,PROPERTY DAMAGE AND INJURY,1.,0 ,2 ,COLLISION WITH MOTOR VEHICLE,REAR END,NONE,DAYLIGHT,CLEAR,DRY
6836 ,33427518,MONROE,Rochester,,,Y,43.156628,-77.593594,04/24/2010,2:34 AM,INJURY,2.,0 ,2 ,COLLISION WITH MOTOR VEHICLE,REAR END,NONE,DARK-ROAD LIGHTED,CLEAR,DRY
6836 ,33427519,MONROE,Rochester,,,N,43.1430111,-77.587528,04/23/2010,7:18 PM,INJURY,1.,0 ,2 ,COLLISION WITH MOTOR VEHICLE,REAR END,NONE,DAYLIGHT,CLEAR,DRY
6836 ,33427520,MONROE,Rochester,,,Y,43.162051,-77.5835919,04/23/2010,9:55 AM,INJURY,1.,0 ,1 ,COLLISION WITH PEDESTRIAN,OTHER,TRAFFIC SIGNAL,DAYLIGHT,CLEAR,DRY
6836 ,33427632,MONROE,Rochester,,,Y,43.131001,-77.645366,04/15/2010,10:51 PM,PROPERTY DAMAGE AND INJURY,1.,0 ,1 ,COLLISION WITH BICYCLIST,OTHER,STOP SIGN,DAYLIGHT,CLEAR,DRY
6836 ,33427683,MONROE,Rochester,,,N,43.2025704,-77.5617989,04/13/2010,12:28 AM,INJURY,1.,0 ,1 ,COLLISION WITH PEDESTRIAN,OTHER,NONE,DARK-ROAD LIGHTED,CLOUDY,DRY
6836 ,33427685,MONROE,Rochester,,,Y,43.1646613,-77.6636273,04/13/2010,3:50 PM,PROPERTY DAMAGE AND INJURY,1.,0 ,3 ,COLLISION WITH MOTOR VEHICLE,OTHER,NONE,DAYLIGHT,CLEAR,DRY
6836 ,33428267,MONROE,Rochester,,,Y,43.156274,-77.632314,04/21/2010,8:39 PM,PROPERTY DAMAGE AND INJURY,1.,0 ,2 ,COLLISION WITH MOTOR VEHICLE,RIGHT ANGLE,STOP SIGN,DARK-ROAD LIGHTED,CLEAR,DRY
6836 ,33428339,MONROE,Henrietta,,,N,43.088038,-77.63631,04/10/2010,2:46 PM,PROPERTY DAMAGE AND INJURY,2.,0 ,2 ,COLLISION WITH MOTOR VEHICLE,REAR END,UNKNOWN,DAYLIGHT,CLEAR,DRY
6836 ,33428357,MONROE,Irondequoit,,,Y,43.210768,-77.594935,04/14/2010,1:24 PM,PROPERTY DAMAGE AND INJURY,1.,0 ,2 ,COLLISION WITH MOTOR VEHICLE,RIGHT ANGLE,STOP SIGN,DAYLIGHT,CLEAR,DRY
6836 ,33428634,MONROE,Henrietta,,15 43031094,N,43.0671628,-77.6474553,04/24/2010,2:23 PM,PROPERTY DAMAGE AND INJURY,3.,0 ,3 ,COLLISION WITH MOTOR VEHICLE,OTHER,TRAFFIC SIGNAL,DAYLIGHT,CLEAR,DRY
6836 ,33428794,MONROE,Rochester,,,N,43.1746699,-77.6482399,04/21/2010,6:24 PM,INJURY,1.,0 ,1 ,COLLISION WITH PEDESTRIAN,OTHER,UNKNOWN,DAYLIGHT,CLEAR,DRY
6836 ,33428851,MONROE,Rochester,,,Y,43.14997,-77.651058,04/04/2010,12:30 PM,INJURY,1.,0 ,1 ,COLLISION WITH PEDESTRIAN,OTHER,NONE,DAYLIGHT,CLEAR,DRY
6836 ,33428854,MONROE,Greece,,,Y,43.238399,-77.68596,04/24/2010,1:11 PM,PROPERTY DAMAGE AND INJURY,1.,0 ,2 ,COLLISION WITH MOTOR VEHICLE,RIGHT ANGLE,STOP SIGN,DAYLIGHT,CLEAR,DRY
6836 ,33428862,MONROE,Rochester,,,N,43.1219596,-77.6310351,04/24/2010,11:43 PM,PROPERTY DAMAGE AND INJURY,1.,0 ,1 ,COLLISION WITH CURBING,OTHER,NONE,DARK-ROAD LIGHTED,CLEAR,DRY
6836 ,33428865,MONROE,Rochester,,,Y,43.170975,-77.60748,04/25/2010,9:49 PM,PROPERTY DAMAGE AND INJURY,1.,0 ,2 ,COLLISION WITH MOTOR VEHICLE,REAR END,TRAFFIC SIGNAL,DARK-ROAD LIGHTED,RAIN,WET
6836 ,33428866,MONROE,Rochester,,,Y,43.163556,-77.582788,04/26/2010,12:20 PM,INJURY,1.,0 ,2 ,COLLISION WITH MOTOR VEHICLE,REAR END,TRAFFIC SIGNAL,DAYLIGHT,CLOUDY,DRY
6836 ,33428874,MONROE,Rochester,,,Y,43.135974,-77.6479611,04/20/2010,5:42 PM,PROPERTY DAMAGE AND INJURY,1.,0 ,2 ,COLLISION WITH MOTOR VEHICLE,RIGHT ANGLE,STOP SIGN,DAYLIGHT,CLEAR,DRY
6836 ,33428890,MONROE,Rochester,,,Y,43.153605,-77.654072,04/25/2010,5:55 PM,INJURY,1.,0 ,1 ,COLLISION WITH CURBING,OTHER,NONE,DAYLIGHT,CLEAR,DRY
6836 ,33429007,MONROE,Webster,,,N,43.2044025,-77.4453811,04/29/2010,4:02 PM,PROPERTY DAMAGE AND INJURY,1.,0 ,2 ,COLLISION WITH MOTOR VEHICLE,SIDESWIPE,NONE,DAYLIGHT,CLEAR,DRY
6836 ,33429050,MONROE,Rochester,,,N,43.1451232,-77.5741427,04/26/2010,10:28 PM,FATAL,1.,1 ,1 ,COLLISION WITH FENCE,OTHER,NONE,DARK-ROAD LIGHTED,CLEAR,DRY
6836 ,33429117,MONROE,Gates,,,Y,43.133018,-77.684819,05/03/2010,3:53 PM,INJURY,1.,0 ,2 ,COLLISION WITH MOTOR VEHICLE,REAR END,TRAFFIC SIGNAL,DAYLIGHT,CLOUDY,DRY
6836 ,33429210,MONROE,Pittsford,,,N,43.0949203,-77.5254995,04/27/2010,5:17 PM,PROPERTY DAMAGE AND INJURY,1.,0 ,2 ,COLLISION WITH MOTOR VEHICLE,REAR END,NONE,DAYLIGHT,CLOUDY,DRY
6836 ,33429223,MONROE,Brighton,,,Y,43.115322,-77.596989,05/03/2010,4:29 PM,INJURY,1.,0 ,4 ,COLLISION WITH MOTOR VEHICLE,OTHER,TRAFFIC SIGNAL,DAYLIGHT,CLEAR,DRY
6836 ,33429257,MONROE,Perinton,,250 43011024,N,43.069896,-77.4423511,04/30/2010,8:59 PM,PROPERTY DAMAGE AND INJURY,1.,0 ,2 ,COLLISION WITH MOTOR VEHICLE,RIGHT ANGLE,TRAFFIC SIGNAL,DARK-ROAD LIGHTED,CLEAR,DRY
6836 ,33429420,MONROE,Gates,,,Y,43.149827,-77.699244,05/03/2010,8:00 PM,INJURY,1.,0 ,1 ,COLLISION WITH BICYCLIST,OTHER,STOP SIGN,DUSK,CLEAR,DRY
6836 ,33429601,MONROE,Pittsford,,65 43031082,N,43.0506468,-77.5652946,04/26/2010,9:20 AM,PROPERTY DAMAGE AND INJURY,4.,0 ,1 ,COLLISION WITH TREE,OTHER,NONE,DAYLIGHT,RAIN,WET
6836 ,33429647,MONROE,Rochester,,104 43032020,N,43.1942371,-77.6241006,05/01/2010,5:27 PM,PROPERTY DAMAGE AND INJURY,1.,0 ,1 ,COLLISION WITH CURBING,OTHER,NONE,DAYLIGHT,CLOUDY,DRY
6836 ,33429738,MONROE,Henrietta,,,N,43.0686135,-77.6003051,04/30/2010,8:41 PM,PROPERTY DAMAGE AND INJURY,3.,0 ,2 ,COLLISION WITH MOTOR VEHICLE,REAR END,NONE,DARK-ROAD UNLIGHTED,CLOUDY,DRY
6836 ,33429848,MONROE,Irondequoit,,590 43013005,N,43.1741657,-77.5414491,05/03/2010,9:17 AM,PROPERTY DAMAGE AND INJURY,1.,0 ,1 ,COLLISION WITH GUIDE RAIL,OTHER,NONE,DAYLIGHT,CLEAR,WET
6836 ,33429905,MONROE,Brighton,,490I43023009,N,43.1356691,-77.5327404,04/28/2010,5:40 PM,PROPERTY DAMAGE AND INJURY,1.,0 ,2 ,COLLISION WITH MOTOR VEHICLE,REAR END,NONE,DAYLIGHT,CLEAR,DRY
6836 ,33429934,MONROE,Penfield,,441 43011040,N,43.1312587,-77.4647417,05/03/2010,8:04 PM,PROPERTY DAMAGE AND INJURY,1.,0 ,2 ,COLLISION WITH MOTOR VEHICLE,REAR END,NONE,DAYLIGHT,CLEAR,DRY
6836 ,33429961,MONROE,Henrietta,,252 43011087,N,43.087118,-77.601425,05/03/2010,9:05 PM,PROPERTY DAMAGE AND INJURY,1.,0 ,2 ,COLLISION WITH MOTOR VEHICLE,SIDESWIPE,TRAFFIC SIGNAL,DARK-ROAD LIGHTED,CLOUDY,DRY
6836 ,33430043,MONROE,Rochester,,490I43022005,N,43.1576201,-77.6630196,05/04/2010,5:25 PM,PROPERTY DAMAGE AND INJURY,1.,0 ,2 ,COLLISION WITH MOTOR VEHICLE,REAR END,NONE,DAYLIGHT,CLEAR,DRY
6836 ,33430053,MONROE,Rochester,,490I43022059,N,43.1438665,-77.5668117,04/30/2010,5:13 PM,PROPERTY DAMAGE AND INJURY,1.,0 ,2 ,COLLISION WITH MOTOR VEHICLE,REAR END,NONE,DAYLIGHT,CLEAR,DRY
6836 ,33430059,MONROE,Irondequoit,,,Y,43.211206,-77.580233,05/03/2010,4:00 PM,PROPERTY DAMAGE AND INJURY,1.,0 ,2 ,COLLISION WITH MOTOR VEHICLE,REAR END,NONE,DAYLIGHT,CLEAR,DRY
6836 ,33430069,MONROE,Rochester,,31 43032053,N,43.1422674,-77.5863267,04/30/2010,1:20 PM,INJURY,1.,0 ,2 ,COLLISION WITH MOTOR VEHICLE,REAR END,TRAFFIC SIGNAL,DAYLIGHT,CLEAR,DRY
6836 ,33430080,MONROE,Irondequoit,,,Y,43.196137,-77.6001439,05/03/2010,4:42 PM,PROPERTY DAMAGE AND INJURY,1.,0 ,2 ,COLLISION WITH MOTOR VEHICLE,RIGHT ANGLE,TRAFFIC SIGNAL,DAYLIGHT,CLEAR,DRY
6836 ,33430082,MONROE,Perinton,,,N,43.1020039,-77.4200502,05/02/2010,2:11 AM,PROPERTY DAMAGE AND INJURY,1.,0 ,1 ,COLL. W/LIGHT SUPPORT/UTILITY POLE,OTHER,NONE,DARK-ROAD UNLIGHTED,CLOUDY,DRY
6836 ,33430091,MONROE,Brighton,,,Y,43.10597,-77.618889,05/04/2010,4:39 PM,PROPERTY DAMAGE AND INJURY,1.,0 ,2 ,COLLISION WITH MOTOR VEHICLE,RIGHT ANGLE,NONE,DAYLIGHT,CLOUDY,DRY
6836 ,33430637,MONROE,Henrietta,,,N,43.076148,-77.626828,04/30/2010,12:30 PM,INJURY,1.,0 ,2 ,COLLISION WITH MOTOR VEHICLE,REAR END,NONE,DAYLIGHT,CLEAR,DRY
6836 ,33430638,MONROE,Henrietta,,,Y,43.068745,-77.591198,04/26/2010,8:03 AM,PROPERTY DAMAGE AND INJURY,1.,0 ,2 ,COLLISION WITH MOTOR VEHICLE,REAR END,NONE,DAYLIGHT,RAIN,WET
6836 ,33430644,MONROE,Brighton,,15A43041128,N,43.1077322,-77.6159259,05/05/2010,2:38 PM,INJURY,1.,0 ,2 ,COLLISION WITH MOTOR VEHICLE,REAR END,TRAFFIC SIGNAL,DAYLIGHT,CLEAR,DRY
6836 ,33430646,MONROE,Gates,,,Y,43.131614,-77.687307,05/04/2010,11:01 AM,PROPERTY DAMAGE AND INJURY,3.,0 ,2 ,COLLISION WITH MOTOR VEHICLE,LEFT TURN (AGAINST OTHER CAR),TRAFFIC SIGNAL,DAYLIGHT,CLOUDY,WET
6836 ,33430649,MONROE,Gates,,490I43021168,N,43.1569153,-77.6990169,05/03/2010,12:54 AM,PROPERTY DAMAGE AND INJURY,1.,0 ,1 ,COLL. W/EARTH ELE./ROCK CUT/DITCH,OTHER,NONE,DARK-ROAD LIGHTED,CLOUDY,DRY
6836 ,33430659,MONROE,Irondequoit,,,N,43.196444,-77.5767859,05/04/2010,12:33 PM,PROPERTY DAMAGE AND INJURY,2.,0 ,2 ,COLLISION WITH MOTOR VEHICLE,RIGHT ANGLE,TRAFFIC SIGNAL,DAYLIGHT,CLEAR,DRY
6836 ,33430665,MONROE,Chili,,33A43021000,N,43.1005442,-77.7595527,05/03/2010,12:06 AM,PROPERTY DAMAGE AND INJURY,1.,0 ,1 ,COLLISION WITH GUIDE RAIL,OTHER,NONE,DARK-ROAD LIGHTED,CLEAR,DRY
6836 ,33431225,MONROE,Pittsford,,31 43033028,N,43.1052816,-77.5408844,05/03/2010,12:04 PM,PROPERTY DAMAGE AND INJURY,1.,0 ,2 ,COLLISION WITH MOTOR VEHICLE,LEFT TURN (WITH OTHER CAR),TRAFFIC SIGNAL,DAYLIGHT,CLEAR,DRY
6836 ,33431234,MONROE,Henrietta,,252 43011087,N,43.0871509,-77.6044067,05/06/2010,7:46 PM,PROPERTY DAMAGE AND INJURY,2.,0 ,2 ,COLLISION WITH MOTOR VEHICLE,REAR END,NONE,DAYLIGHT,CLEAR,DRY
6836 ,33431238,MONROE,Henrietta,,15 43031114,Y,43.0929035,-77.6336772,05/05/2010,6:07 PM,PROPERTY DAMAGE AND INJURY,1.,0 ,2 ,COLLISION WITH MOTOR VEHICLE,REAR END,NONE,DAYLIGHT,CLOUDY,DRY
6836 ,33431240,MONROE,Pittsford,,96 43051039,N,43.0735073,-77.4937138,04/29/2010,11:26 AM,PROPERTY DAMAGE AND INJURY,2.,0 ,2 ,COLLISION WITH MOTOR VEHICLE,RIGHT TURN (WITH OTHER CAR),STOP SIGN,DAYLIGHT,CLEAR,DRY
6836 ,33431246,MONROE,Penfield,,441 43011032,N,43.1288997,-77.4806591,05/05/2010,8:30 AM,INJURY,1.,0 ,2 ,COLLISION WITH MOTOR VEHICLE,REAR END,NONE,DAYLIGHT,CLOUDY,DRY
6836 ,33431247,MONROE,Webster,,104 43035072,N,43.2040839,-77.4843593,05/04/2010,5:26 PM,PROPERTY DAMAGE AND INJURY,1.,0 ,2 ,COLLISION WITH MOTOR VEHICLE,REAR END,TRAFFIC SIGNAL,DAYLIGHT,CLOUDY,DRY
6836 ,33431252,MONROE,Pittsford,,96 43051069,Y,43.103554,-77.5149749,05/05/2010,10:59 AM,PROPERTY DAMAGE AND INJURY,3.,0 ,2 ,COLLISION WITH MOTOR VEHICLE,UNKNOWN,NONE,DAYLIGHT,CLEAR,DRY
6836 ,33431590,MONROE,Rochester,,,N,43.204209,-77.659304,04/20/2010,7:15 PM,PROPERTY DAMAGE AND INJURY,1.,0 ,2 ,COLLISION WITH MOTOR VEHICLE,REAR END,YIELD SIGN,DAYLIGHT,CLEAR,DRY
6836 ,33431591,MONROE,Rochester,,,Y,43.114487,-77.622557,04/15/2010,11:38 AM,PROPERTY DAMAGE AND INJURY,1.,0 ,2 ,COLLISION WITH MOTOR VEHICLE,REAR END,TRAFFIC SIGNAL,DAYLIGHT,CLEAR,DRY
6836 ,33431595,MONROE,Rochester,,,N,43.1192979,-77.6179867,04/09/2010,3:06 PM,INJURY,2.,0 ,2 ,COLLISION WITH MOTOR VEHICLE,REAR END,NONE,DAYLIGHT,CLEAR,DRY
6836 ,33431596,MONROE,Rochester,,,N,43.1756825,-77.5910816,04/14/2010,10:35 AM,PROPERTY DAMAGE AND INJURY,1.,0 ,2 ,COLLISION WITH MOTOR VEHICLE,UNKNOWN,NONE,DAYLIGHT,CLEAR,DRY
6836 ,33431634,MONROE,Rochester,,,N,43.149426,-77.604144,04/23/2010,4:30 PM,INJURY,1.,0 ,2 ,COLLISION WITH MOTOR VEHICLE,REAR END,OTHER,DAYLIGHT,CLEAR,DRY
6836 ,33431780,MONROE,Rochester,,,Y,43.17599,-77.570394,04/14/2010,6:35 PM,PROPERTY DAMAGE AND INJURY,2.,0 ,2 ,COLLISION WITH MOTOR VEHICLE,UNKNOWN,NONE,DAYLIGHT,CLEAR,DRY
6836 ,33431781,MONROE,Rochester,,,N,43.1646732,-77.667063,04/15/2010,10:24 AM,INJURY,1.,0 ,2 ,COLLISION WITH MOTOR VEHICLE,OTHER,NONE,DAYLIGHT,CLOUDY,DRY
6836 ,33431949,MONROE,Rochester,,,Y,43.164658,-77.659556,05/01/2010,10:24 PM,PROPERTY DAMAGE AND INJURY,2.,0 ,1 ,COLLISION WITH SIGN POST,OTHER,UNKNOWN,DARK-ROAD LIGHTED,CLEAR,DRY
6836 ,33432027,MONROE,Rochester,,,Y,43.162498,-77.596964,04/24/2010,9:05 PM,INJURY,1.,0 ,1 ,COLLISION WITH PEDESTRIAN,OTHER,NONE,DARK-ROAD LIGHTED,CLEAR,DRY
6836 ,33432028,MONROE,Rochester,,,Y,43.174915,-77.6132469,04/14/2010,3:50 PM,INJURY,1.,0 ,2 ,COLLISION WITH MOTOR VEHICLE,OTHER,NONE,DAYLIGHT,CLEAR,DRY
6836 ,33432088,MONROE,Rochester,,,N,43.1647016,-77.6742805,04/27/2010,4:47 PM,INJURY,1.,0 ,3 ,COLLISION WITH MOTOR VEHICLE,OTHER,NONE,DAYLIGHT,CLEAR,DRY
6836 ,33432093,MONROE,Rochester,,,Y,43.186405,-77.616334,04/10/2010,5:45 PM,INJURY,2.,0 ,3 ,COLLISION WITH MOTOR VEHICLE,OTHER,STOP SIGN,DAYLIGHT,CLEAR,DRY
6836 ,33432108,MONROE,Rochester,,,Y,43.164622,-77.609474,04/26/2010,3:32 PM,INJURY,1.,0 ,1 ,COLLISION WITH PEDESTRIAN,OTHER,NONE,DAYLIGHT,CLOUDY,DRY
6836 ,33432109,MONROE,Rochester,,,N,43.180294,-77.5991452,04/25/2010,2:21 AM,PROPERTY DAMAGE AND INJURY,2.,0 ,1 ,COLLISION WITH PEDESTRIAN,OTHER,NONE,DARK-ROAD LIGHTED,CLEAR,DRY
6836 ,33432160,MONROE,Rochester,,,Y,43.183207,-77.599339,04/30/2010,6:32 PM,INJURY,1.,0 ,1 ,COLL. W/LIGHT SUPPORT/UTILITY POLE,OTHER,NONE,DAYLIGHT,CLEAR,DRY
6836 ,33432161,MONROE,Rochester,,,N,43.1244063,-77.6233324,04/30/2010,10:20 AM,INJURY,1.,0 ,1 ,COLLISION WITH PEDESTRIAN,OTHER,NONE,DAYLIGHT,CLEAR,DRY
6836 ,33432183,MONROE,Rochester,,,Y,43.138889,-77.636008,04/25/2010,4:45 PM,INJURY,1.,0 ,3 ,COLLISION WITH MOTOR VEHICLE,OTHER,NONE,DAYLIGHT,CLOUDY,WET
6836 ,33432264,MONROE,Rochester,,,N,43.1634946,-77.6395902,04/22/2010,4:52 PM,PROPERTY DAMAGE AND INJURY,1.,0 ,2 ,COLLISION WITH MOTOR VEHICLE,OVERTAKING,NONE,DAYLIGHT,CLEAR,DRY
6836 ,33432279,MONROE,Rochester,,,Y,43.132879,-77.655094,04/02/2010,5:35 PM,INJURY,1.,0 ,2 ,COLLISION WITH MOTOR VEHICLE,UNKNOWN,STOP SIGN,UNKNOWN,UNKNOWN,UNKNOWN
6836 ,33432462,MONROE,Gates,,,Y,43.131614,-77.687307,05/05/2010,7:38 PM,INJURY,1.,0 ,1 ,COLLISION WITH PEDESTRIAN,OTHER,NONE,DAYLIGHT,CLEAR,DRY
6836 ,33432509,MONROE,Rochester,,,N,43.1805548,-77.5791939,04/30/2010,5:53 PM,FATAL,0.,1 ,1 ,COLLISION WITH TREE,OTHER,NONE,DAYLIGHT,CLEAR,DRY
6836 ,33432581,MONROE,Rochester,,,Y,43.226345,-77.626653,04/23/2010,12:00 AM,INJURY,1.,0 ,2 ,COLLISION WITH MOTOR VEHICLE,REAR END,TRAFFIC SIGNAL,DAYLIGHT,CLEAR,DRY
6836 ,33432594,MONROE,Rochester,,,N,43.1913027,-77.6247672,04/22/2010,10:35 PM,PROPERTY DAMAGE AND INJURY,2.,0 ,1 ,COLLISION WITH TREE,OTHER,NONE,DARK-ROAD LIGHTED,CLEAR,DRY
6836 ,33432597,MONROE,Rochester,,,Y,43.169745,-77.595153,04/23/2010,1:17 AM,INJURY,3.,0 ,2 ,COLLISION WITH MOTOR VEHICLE,RIGHT ANGLE,TRAFFIC SIGNAL,DARK-ROAD LIGHTED,CLEAR,DRY
6836 ,33432604,MONROE,Rochester,,,N,43.1932966,-77.5999698,04/27/2010,1:00 PM,PROPERTY DAMAGE AND INJURY,3.,0 ,3 ,COLLISION WITH MOTOR VEHICLE,OTHER,UNKNOWN,DAYLIGHT,CLEAR,DRY
6836 ,33433014,MONROE,Webster,,,N,43.2192977,-77.4466222,05/05/2010,9:39 PM,PROPERTY DAMAGE AND INJURY,1.,0 ,1 ,COLLISION WITH OTHER FIXED OBJECT,OTHER,NONE,DARK-ROAD UNLIGHTED,RAIN,WET
6836 ,33433027,MONROE,Henrietta,,15 43031111,N,43.0899709,-77.6352671,05/07/2010,5:23 PM,PROPERTY DAMAGE AND INJURY,3.,0 ,2 ,COLLISION WITH MOTOR VEHICLE,RIGHT ANGLE,NONE,DAYLIGHT,CLOUDY,DRY
6836 ,33433028,MONROE,Irondequoit,,,Y,43.197049,-77.592437,05/06/2010,12:04 PM,PROPERTY DAMAGE AND INJURY,3.,0 ,2 ,COLLISION WITH MOTOR VEHICLE,RIGHT ANGLE,TRAFFIC SIGNAL,DAYLIGHT,CLEAR,DRY
6836 ,33433029,MONROE,Irondequoit,,,Y,43.2105593,-77.6022271,05/06/2010,1:22 PM,INJURY,1.,0 ,1 ,COLLISION WITH BICYCLIST,OTHER,TRAFFIC SIGNAL,DAYLIGHT,CLEAR,DRY
6836 ,33433034,MONROE,Brighton,,15 43031127,N,43.1114766,-77.6240541,05/08/2010,12:38 AM,PROPERTY DAMAGE AND INJURY,1.,0 ,1 ,COLLISION WITH GUIDE RAIL,OTHER,TRAFFIC SIGNAL,DARK-ROAD LIGHTED,RAIN,WET