QUERYID,CASE #,REGN_CNTY_CDE,Municipality,MUNITYPE,REF_MRKR,ATINTERSECTION_IND,Lat,Long,,Time,Crash Type,Injuries,Fatalities,Number of Vehicles,ACCD_TYP,COLLISION_TYP,TRAF_CNTL,Light Condition,Weather Condition,Road Surface Condition
6836 ,33433120,MONROE,Penfield,,,N,43.127357,-77.4962889,05/05/2010,7:47 PM,PROPERTY DAMAGE AND INJURY,1.,0 ,1 ,COLLISION WITH DEER,OTHER,NONE,DUSK,CLOUDY,DRY
6836 ,33433133,MONROE,Gates,,,N,43.1750433,-77.732363,05/05/2010,5:42 PM,PROPERTY DAMAGE AND INJURY,1.,0 ,1 ,COLLISION WITH TREE,OTHER,NONE,DAYLIGHT,CLEAR,DRY
6836 ,33433134,MONROE,Webster,,,Y,43.219809,-77.419157,05/04/2010,4:55 PM,PROPERTY DAMAGE AND INJURY,1.,0 ,1 ,COLLISION WITH BICYCLIST,OTHER,TRAFFIC SIGNAL,DAYLIGHT,CLEAR,DRY
6836 ,33433141,MONROE,Henrietta,,,N,43.0689564,-77.6076675,05/05/2010,2:16 PM,PROPERTY DAMAGE AND INJURY,1.,0 ,2 ,COLLISION WITH MOTOR VEHICLE,RIGHT ANGLE,NONE,DAYLIGHT,CLEAR,DRY
6836 ,33433166,MONROE,Brighton,,,Y,43.105967,-77.576799,05/08/2010,2:51 PM,PROPERTY DAMAGE AND INJURY,2.,0 ,2 ,COLLISION WITH MOTOR VEHICLE,RIGHT ANGLE,TRAFFIC SIGNAL,DAYLIGHT,RAIN,WET
6836 ,33433215,MONROE,Mendon,,,N,42.9766432,-77.4840768,05/02/2010,8:40 PM,PROPERTY DAMAGE AND INJURY,1.,0 ,1 ,COLL. W/LIGHT SUPPORT/UTILITY POLE,OTHER,NONE,DARK-ROAD UNLIGHTED,CLEAR,DRY
6836 ,33433296,MONROE,Penfield,,250 43011036,N,43.1307925,-77.441317,05/08/2010,8:49 AM,PROPERTY DAMAGE AND INJURY,1.,0 ,2 ,COLLISION WITH MOTOR VEHICLE,RIGHT ANGLE,NONE,DAYLIGHT,CLOUDY,DRY
6836 ,33433303,MONROE,Rochester,,,N,43.2277662,-77.5526365,05/02/2010,10:25 PM,PROPERTY DAMAGE AND INJURY,2.,0 ,2 ,COLLISION WITH MOTOR VEHICLE,HEAD ON,NONE,DARK-ROAD UNLIGHTED,CLEAR,DRY
6836 ,33433407,MONROE,Rochester,,,Y,43.192995,-77.561265,05/07/2010,11:10 AM,PROPERTY DAMAGE AND INJURY,4.,0 ,2 ,COLLISION WITH MOTOR VEHICLE,LEFT TURN (WITH OTHER CAR),NONE,DAYLIGHT,CLEAR,DRY
6836 ,33433412,MONROE,Chili,,390I43033001,N,43.1225544,-77.6479081,05/05/2010,2:25 PM,PROPERTY DAMAGE AND INJURY,1.,0 ,1 ,COLLISION WITH GUIDE RAIL,OTHER,NONE,DAYLIGHT,CLEAR,DRY
6836 ,33433501,MONROE,Fairport,,,N,43.0948729,-77.4420249,05/08/2010,11:57 AM,PROPERTY DAMAGE AND INJURY,2.,0 ,3 ,COLLISION WITH MOTOR VEHICLE,OTHER,NONE,DAYLIGHT,CLOUDY,DRY
6836 ,33433543,MONROE,Brighton,,,N,43.1036645,-77.5757588,05/09/2010,6:54 PM,PROPERTY DAMAGE AND INJURY,1.,0 ,1 ,COLLISION WITH PEDESTRIAN,OTHER,NONE,DAYLIGHT,CLEAR,DRY
6836 ,33433567,MONROE,Irondequoit,,,Y,43.210768,-77.594935,05/08/2010,10:04 AM,PROPERTY DAMAGE AND INJURY,1.,0 ,2 ,COLLISION WITH MOTOR VEHICLE,REAR END,NONE,DAYLIGHT,CLOUDY,DRY
6836 ,33433585,MONROE,Honeoye Falls,,,Y,42.952843,-77.5909701,05/08/2010,10:23 PM,INJURY,1.,0 ,2 ,COLLISION WITH MOTOR VEHICLE,REAR END,TRAFFIC SIGNAL,DARK-ROAD LIGHTED,RAIN,WET
6836 ,33433677,MONROE,Penfield,,441 43011047,N,43.1309118,-77.4509684,05/06/2010,3:47 PM,PROPERTY DAMAGE AND INJURY,2.,0 ,2 ,COLLISION WITH MOTOR VEHICLE,REAR END,TRAFFIC SIGNAL,DAYLIGHT,CLOUDY,DRY
6836 ,33433681,MONROE,Brighton,,,Y,43.126405,-77.565714,05/09/2010,7:38 AM,PROPERTY DAMAGE AND INJURY,1.,0 ,2 ,COLLISION WITH MOTOR VEHICLE,RIGHT ANGLE,TRAFFIC SIGNAL,DAYLIGHT,SNOW,WET
6836 ,33433700,MONROE,Gates,,,Y,43.138298,-77.671613,05/07/2010,6:52 PM,PROPERTY DAMAGE AND INJURY,2.,0 ,3 ,COLLISION WITH MOTOR VEHICLE,OTHER,TRAFFIC SIGNAL,DAYLIGHT,CLEAR,DRY
6836 ,33433766,MONROE,Chili,,,Y,43.125428,-77.7456321,05/06/2010,8:23 AM,PROPERTY DAMAGE AND INJURY,2.,0 ,2 ,COLLISION WITH MOTOR VEHICLE,LEFT TURN (WITH OTHER CAR),STOP SIGN,DAYLIGHT,CLEAR,DRY
6836 ,33433790,MONROE,Sweden,,,N,43.2195519,-77.9946112,04/23/2010,11:07 PM,PROPERTY DAMAGE AND INJURY,1.,0 ,1 ,COLLISION WITH OTHER FIXED OBJECT,OTHER,NONE,DARK-ROAD UNLIGHTED,CLEAR,DRY
6836 ,33433807,MONROE,Brighton,,15 43031115,Y,43.094993,-77.63258,05/09/2010,4:22 PM,PROPERTY DAMAGE AND INJURY,1.,0 ,2 ,COLLISION WITH MOTOR VEHICLE,RIGHT ANGLE,STOP SIGN,DAYLIGHT,CLOUDY,DRY
6836 ,33433946,MONROE,Greece,,,N,43.210707,-77.6942826,05/04/2010,10:47 AM,INJURY,1.,0 ,2 ,COLLISION WITH MOTOR VEHICLE,REAR END,NONE,DAYLIGHT,CLOUDY,WET
6836 ,33434067,MONROE,Brighton,,15A43041128,N,43.1077322,-77.6159259,04/26/2010,1:51 PM,PROPERTY DAMAGE AND INJURY,2.,0 ,2 ,COLLISION WITH MOTOR VEHICLE,LEFT TURN (AGAINST OTHER CAR),TRAFFIC SIGNAL,DAYLIGHT,CLOUDY,DRY
6836 ,33434178,MONROE,Rochester,,,N,43.147483,-77.644582,04/29/2010,4:30 PM,INJURY,1.,0 ,2 ,COLLISION WITH MOTOR VEHICLE,REAR END,NONE,DAYLIGHT,CLEAR,DRY
6836 ,33434181,MONROE,Rochester,,,Y,43.126271,-77.638895,04/20/2010,6:09 PM,PROPERTY DAMAGE AND INJURY,1.,0 ,2 ,COLLISION WITH MOTOR VEHICLE,REAR END,NONE,DAYLIGHT,CLEAR,DRY
6836 ,33434438,MONROE,Perinton,,,N,43.0722117,-77.4422778,04/24/2010,4:27 PM,PROPERTY DAMAGE AND INJURY,1.,0 ,2 ,COLLISION WITH MOTOR VEHICLE,REAR END,NONE,DAYLIGHT,CLOUDY,DRY
6836 ,33434859,MONROE,Rochester,,,N,43.1611198,-77.5851501,05/02/2010,12:45 AM,INJURY,1.,0 ,1 ,COLLISION WITH CURBING,OTHER,NONE,DARK-ROAD LIGHTED,CLEAR,DRY
6836 ,33435222,MONROE,Greece,,,Y,43.2529553,-77.6466962,05/07/2010,11:00 AM,INJURY,1.,0 ,2 ,COLLISION WITH MOTOR VEHICLE,REAR END,TRAFFIC SIGNAL,DAYLIGHT,CLOUDY,DRY
6836 ,33435229,MONROE,Greece,,,N,43.2690337,-77.678986,05/06/2010,11:59 AM,INJURY,1.,0 ,1 ,COLLISION WITH PEDESTRIAN,OTHER,NONE,DAYLIGHT,CLOUDY,DRY
6836 ,33435275,MONROE,Greece,,,N,43.2101002,-77.696675,05/04/2010,2:20 PM,PROPERTY DAMAGE AND INJURY,1.,0 ,2 ,COLLISION WITH MOTOR VEHICLE,REAR END,NONE,DAYLIGHT,CLEAR,DRY
6836 ,33435295,MONROE,Greece,,,Y,43.238343,-77.6738041,05/06/2010,4:57 PM,PROPERTY DAMAGE AND INJURY,1.,0 ,2 ,COLLISION WITH MOTOR VEHICLE,REAR END,NONE,DAYLIGHT,CLEAR,DRY
6836 ,33435431,MONROE,Gates,,,N,43.157756,-77.6744169,05/11/2010,7:30 AM,PROPERTY DAMAGE AND INJURY,1.,0 ,1 ,COLLISION WITH GUIDERAIL - END,OTHER,NONE,DAYLIGHT,CLOUDY,DRY
6836 ,33435443,MONROE,Gates,,390I43037018,N,43.1523039,-77.6790713,05/11/2010,7:46 AM,PROPERTY DAMAGE AND INJURY,1.,0 ,3 ,COLLISION WITH MOTOR VEHICLE,OTHER,NONE,DAYLIGHT,CLEAR,DRY
6836 ,33435451,MONROE,Rochester,,590I43012002,N,43.1410112,-77.5523683,05/11/2010,8:28 AM,PROPERTY DAMAGE AND INJURY,1.,0 ,2 ,COLLISION WITH MOTOR VEHICLE,REAR END,NONE,DAYLIGHT,CLEAR,DRY
6836 ,33435488,MONROE,Henrietta,,,Y,43.026321,-77.68587,05/08/2010,3:00 PM,PROPERTY DAMAGE AND INJURY,1.,0 ,2 ,COLLISION WITH MOTOR VEHICLE,RIGHT ANGLE,STOP SIGN,DAYLIGHT,RAIN,WET
6836 ,33435499,MONROE,Chili,,,Y,43.093916,-77.73333,05/05/2010,7:44 AM,PROPERTY DAMAGE AND INJURY,1.,0 ,2 ,COLLISION WITH MOTOR VEHICLE,REAR END,TRAFFIC SIGNAL,DAYLIGHT,CLEAR,DRY
6836 ,33435510,MONROE,Webster,,,N,43.218121,-77.4191501,05/07/2010,9:01 AM,PROPERTY DAMAGE AND INJURY,1.,0 ,2 ,COLLISION WITH MOTOR VEHICLE,LEFT TURN (AGAINST OTHER CAR),TRAFFIC SIGNAL,DAYLIGHT,CLOUDY,DRY
6836 ,33435530,MONROE,Webster,,,Y,43.217511,-77.475795,05/06/2010,12:04 PM,PROPERTY DAMAGE AND INJURY,1.,0 ,2 ,COLLISION WITH MOTOR VEHICLE,REAR END,NONE,DAYLIGHT,CLOUDY,DRY
6836 ,33435562,MONROE,Chili,,383 43011154,N,43.1209373,-77.650804,05/07/2010,2:27 PM,PROPERTY DAMAGE AND INJURY,1.,0 ,3 ,COLLISION WITH MOTOR VEHICLE,OTHER,NONE,DAYLIGHT,RAIN,WET
6836 ,33435578,MONROE,Penfield,,,Y,43.130758,-77.4413171,05/06/2010,9:51 PM,PROPERTY DAMAGE AND INJURY,2.,0 ,2 ,COLLISION WITH MOTOR VEHICLE,RIGHT ANGLE,TRAFFIC SIGNAL,DARK-ROAD LIGHTED,CLEAR,DRY
6836 ,33435754,MONROE,Webster,,,N,43.2061165,-77.470917,05/07/2010,12:38 PM,PROPERTY DAMAGE AND INJURY,2.,0 ,2 ,COLLISION WITH MOTOR VEHICLE,REAR END,NONE,DAYLIGHT,CLOUDY,DRY
6836 ,33436004,MONROE,Penfield,,250 43011103,N,43.1819089,-77.4307277,05/08/2010,9:40 PM,INJURY,1.,0 ,1 ,COLLISION WITH TREE,OTHER,TRAFFIC SIGNAL,DARK-ROAD UNLIGHTED,RAIN,WET
6836 ,33436604,MONROE,Rochester,,,Y,43.231996,-77.625602,04/29/2010,5:35 PM,PROPERTY DAMAGE AND INJURY,1.,0 ,2 ,COLLISION WITH MOTOR VEHICLE,UNKNOWN,NONE,DAYLIGHT,CLEAR,DRY
6836 ,33436854,MONROE,Rochester,,,Y,43.17777,-77.619822,04/28/2010,5:46 PM,INJURY,1.,0 ,1 ,COLLISION WITH BICYCLIST,OTHER,STOP SIGN,DAYLIGHT,CLEAR,DRY
6836 ,33436860,MONROE,Rochester,,,Y,43.165087,-77.623615,04/30/2010,4:02 PM,INJURY,1.,0 ,1 ,COLLISION WITH OTHER,OTHER,NONE,DAYLIGHT,CLEAR,DRY
6836 ,33436861,MONROE,Rochester,,,Y,43.164626,-77.634513,04/30/2010,11:34 AM,INJURY,1.,0 ,2 ,COLLISION WITH MOTOR VEHICLE,LEFT TURN (AGAINST OTHER CAR),NONE,DAYLIGHT,CLEAR,DRY
6836 ,33436928,MONROE,Rochester,,,Y,43.156761,-77.643958,04/27/2010,5:18 AM,PROPERTY DAMAGE AND INJURY,1.,0 ,2 ,COLLISION WITH MOTOR VEHICLE,RIGHT ANGLE,TRAFFIC SIGNAL,DAWN,SNOW,WET
6836 ,33436968,MONROE,Greece,,,N,43.2310046,-77.7163464,05/07/2010,11:24 AM,PROPERTY DAMAGE AND INJURY,4.,0 ,3 ,COLLISION WITH MOTOR VEHICLE,OTHER,HIGHWAY WORK AREA,DAYLIGHT,CLEAR,DRY
6836 ,33436980,MONROE,Brighton,,,Y,43.125905,-77.5826059,05/10/2010,3:15 PM,INJURY,1.,0 ,1 ,COLLISION WITH PEDESTRIAN,OTHER,TRAFFIC SIGNAL,DAYLIGHT,CLEAR,DRY
6836 ,33437080,MONROE,Rochester,,,N,43.1389972,-77.5804055,05/04/2010,2:07 PM,PROPERTY DAMAGE AND INJURY,1.,0 ,2 ,COLLISION WITH MOTOR VEHICLE,REAR END,NONE,DAYLIGHT,CLEAR,DRY
6836 ,33437081,MONROE,Rochester,,,Y,43.15843,-77.615431,05/05/2010,5:58 PM,PROPERTY DAMAGE AND INJURY,3.,0 ,2 ,COLLISION WITH MOTOR VEHICLE,REAR END,TRAFFIC SIGNAL,DAYLIGHT,CLEAR,DRY
6836 ,33437538,MONROE,Rochester,,,N,43.161757,-77.608303,05/04/2010,2:22 PM,PROPERTY DAMAGE AND INJURY,13.,0 ,2 ,COLLISION WITH MOTOR VEHICLE,RIGHT ANGLE,TRAFFIC SIGNAL,DAYLIGHT,CLEAR,DRY
6836 ,33437569,MONROE,Rochester,,,Y,43.124425,-77.629428,05/04/2010,9:25 AM,INJURY,1.,0 ,1 ,COLLISION WITH PEDESTRIAN,OTHER,NONE,DAYLIGHT,CLEAR,DRY
6836 ,33437571,MONROE,Rochester,,,Y,43.15891,-77.59486,05/04/2010,12:22 PM,INJURY,2.,0 ,2 ,COLLISION WITH MOTOR VEHICLE,RIGHT ANGLE,TRAFFIC SIGNAL,DAYLIGHT,CLOUDY,DRY
6836 ,33437572,MONROE,Rochester,,,N,43.1611198,-77.5851501,05/02/2010,3:46 AM,INJURY,2.,0 ,1 ,COLLISION WITH CURBING,OTHER,NONE,DARK-ROAD LIGHTED,CLEAR,DRY
6836 ,33437573,MONROE,Rochester,,,N,43.1927102,-77.6341185,05/01/2010,9:15 PM,INJURY,1.,0 ,1 ,COLLISION WITH PEDESTRIAN,OTHER,NONE,DARK-ROAD LIGHTED,CLEAR,DRY
6836 ,33437576,MONROE,Rochester,,,Y,43.186702,-77.602989,05/02/2010,12:10 PM,PROPERTY DAMAGE AND INJURY,2.,0 ,2 ,COLLISION WITH MOTOR VEHICLE,LEFT TURN (AGAINST OTHER CAR),STOP SIGN,DAYLIGHT,CLOUDY,DRY
6836 ,33437577,MONROE,Rochester,,,Y,43.159419,-77.636722,05/02/2010,4:27 PM,PROPERTY DAMAGE AND INJURY,1.,0 ,2 ,COLLISION WITH MOTOR VEHICLE,RIGHT ANGLE,STOP SIGN,DAYLIGHT,CLOUDY,DRY
6836 ,33437581,MONROE,Rochester,,,N,43.1598845,-77.6101563,05/03/2010,4:30 PM,INJURY,1.,0 ,1 ,COLLISION WITH PEDESTRIAN,OTHER,NONE,DAYLIGHT,CLEAR,DRY
6836 ,33437602,MONROE,Rochester,,,Y,43.145301,-77.651002,05/03/2010,2:21 PM,INJURY,1.,0 ,2 ,COLLISION WITH MOTOR VEHICLE,REAR END,TRAFFIC SIGNAL,DAYLIGHT,CLEAR,DRY
6836 ,33437604,MONROE,Rochester,,,Y,43.185287,-77.638884,05/04/2010,9:27 AM,PROPERTY DAMAGE AND INJURY,2.,0 ,2 ,COLLISION WITH MOTOR VEHICLE,REAR END,TRAFFIC SIGNAL,DAYLIGHT,CLEAR,DRY
6836 ,33437605,MONROE,Rochester,,,N,43.1133141,-77.6161308,05/05/2010,1:19 PM,PROPERTY DAMAGE AND INJURY,1.,0 ,2 ,COLLISION WITH MOTOR VEHICLE,SIDESWIPE,NONE,DAYLIGHT,CLEAR,DRY
6836 ,33437609,MONROE,Rochester,,,Y,43.152875,-77.60479,05/04/2010,8:30 AM,INJURY,1.,0 ,2 ,COLLISION WITH MOTOR VEHICLE,REAR END,TRAFFIC SIGNAL,DAYLIGHT,CLEAR,DRY
6836 ,33437611,MONROE,Rochester,,,Y,43.200455,-77.638723,05/05/2010,12:10 PM,INJURY,1.,0 ,2 ,COLLISION WITH MOTOR VEHICLE,REAR END,TRAFFIC SIGNAL,DAYLIGHT,CLEAR,DRY
6836 ,33437622,MONROE,Greece,,104 43031138,Y,43.214716,-77.732804,05/05/2010,12:43 PM,PROPERTY DAMAGE AND INJURY,1.,0 ,2 ,COLLISION WITH MOTOR VEHICLE,RIGHT ANGLE,NONE,DAYLIGHT,CLEAR,DRY
6836 ,33437623,MONROE,Greece,,,N,43.2383464,-77.6708648,05/02/2010,12:19 AM,PROPERTY DAMAGE AND INJURY,2.,0 ,2 ,COLLISION WITH MOTOR VEHICLE,HEAD ON,UNKNOWN,DARK-ROAD LIGHTED,CLEAR,DRY
6836 ,33437645,MONROE,Rochester,,,Y,43.145301,-77.651002,05/04/2010,1:54 AM,INJURY,1.,0 ,1 ,COLL. W/LIGHT SUPPORT/UTILITY POLE,OTHER,TRAFFIC SIGNAL,DARK-ROAD LIGHTED,CLEAR,DRY
6836 ,33437690,MONROE,Rochester,,,N,43.1814209,-77.6200772,05/05/2010,5:54 PM,PROPERTY DAMAGE AND INJURY,1.,0 ,2 ,COLLISION WITH MOTOR VEHICLE,HEAD ON,NONE,DAYLIGHT,CLEAR,DRY
6836 ,33437691,MONROE,Rochester,,,Y,43.164639,-77.6232511,05/06/2010,6:13 PM,INJURY,2.,0 ,2 ,COLLISION WITH MOTOR VEHICLE,HEAD ON,TRAFFIC SIGNAL,DAYLIGHT,CLEAR,DRY
6836 ,33437692,MONROE,Rochester,,,N,43.1475337,-77.5954172,05/06/2010,4:55 PM,INJURY,1.,0 ,2 ,COLLISION WITH MOTOR VEHICLE,REAR END,NONE,DAYLIGHT,CLOUDY,DRY
6836 ,33437693,MONROE,Rochester,,,N,43.192069,-77.59989,05/06/2010,5:38 PM,INJURY,1.,0 ,2 ,COLLISION WITH MOTOR VEHICLE,UNKNOWN,TRAFFIC SIGNAL,DAYLIGHT,CLEAR,DRY
6836 ,33438975,MONROE,Wheatland,,,N,43.029958,-77.9010132,04/23/2010,4:03 PM,PROPERTY DAMAGE AND INJURY,1.,0 ,2 ,COLLISION WITH MOTOR VEHICLE,REAR END,HIGHWAY WORK AREA,DAYLIGHT,CLEAR,DRY
6836 ,33439064,MONROE,Pittsford,,31F43011007,N,43.1103376,-77.5061772,05/11/2010,5:00 PM,PROPERTY DAMAGE AND INJURY,1.,0 ,2 ,COLLISION WITH MOTOR VEHICLE,OVERTAKING,NONE,DAYLIGHT,CLEAR,DRY
6836 ,33439119,MONROE,Greece,,,N,43.2232809,-77.6590371,05/06/2010,8:46 PM,PROPERTY DAMAGE AND INJURY,1.,0 ,1 ,COLLISION WITH BICYCLIST,OTHER,NONE,DARK-ROAD LIGHTED,CLEAR,DRY
6836 ,33439158,MONROE,Ogden,,31 43031095,N,43.1881535,-77.8521155,05/10/2010,4:20 PM,PROPERTY DAMAGE AND INJURY,4.,0 ,2 ,COLLISION WITH MOTOR VEHICLE,HEAD ON,NONE,DAYLIGHT,CLEAR,DRY
6836 ,33439207,MONROE,Greece,,,Y,43.221282,-77.644831,05/10/2010,5:22 PM,PROPERTY DAMAGE AND INJURY,1.,0 ,2 ,COLLISION WITH MOTOR VEHICLE,RIGHT ANGLE,STOP SIGN,DAYLIGHT,CLEAR,DRY
6836 ,33439212,MONROE,Rochester,,,N,43.195838,-77.5613879,05/11/2010,3:41 PM,PROPERTY DAMAGE AND INJURY,1.,0 ,2 ,COLLISION WITH MOTOR VEHICLE,REAR END,TRAFFIC SIGNAL,DAYLIGHT,CLOUDY,DRY
6836 ,33439255,MONROE,Henrietta,,,N,43.087153,-77.602992,05/12/2010,8:20 AM,PROPERTY DAMAGE AND INJURY,1.,0 ,2 ,COLLISION WITH MOTOR VEHICLE,REAR END,HIGHWAY WORK AREA,DAYLIGHT,RAIN,WET
6836 ,33439281,MONROE,Henrietta,,253 43011073,N,43.0591584,-77.6270848,05/10/2010,5:14 PM,PROPERTY DAMAGE AND INJURY,1.,0 ,2 ,COLLISION WITH MOTOR VEHICLE,REAR END,NONE,DAYLIGHT,CLEAR,DRY
6836 ,33439377,MONROE,Penfield,,441 43011039,N,43.1313066,-77.4668703,05/12/2010,3:48 PM,PROPERTY DAMAGE AND INJURY,1.,0 ,3 ,COLLISION WITH MOTOR VEHICLE,OTHER,NONE,DAYLIGHT,CLOUDY,DRY
6836 ,33439394,MONROE,Rochester,,,Y,43.210397,-77.560599,05/08/2010,1:55 PM,PROPERTY DAMAGE AND INJURY,3.,0 ,2 ,COLLISION WITH MOTOR VEHICLE,REAR END,NONE,DAYLIGHT,CLOUDY,DRY
6836 ,33439412,MONROE,Pittsford,,490I43023049,N,43.0883812,-77.4980054,05/06/2010,7:44 AM,PROPERTY DAMAGE AND INJURY,1.,0 ,2 ,COLLISION WITH MOTOR VEHICLE,REAR END,NONE,DAYLIGHT,CLEAR,DRY
6836 ,33439422,MONROE,Hamlin,,,Y,43.303308,-77.921039,05/06/2010,5:08 PM,PROPERTY DAMAGE AND INJURY,1.,0 ,2 ,COLLISION WITH MOTOR VEHICLE,REAR END,STOP SIGN,DAYLIGHT,CLOUDY,DRY
6836 ,33439472,MONROE,Irondequoit,,,Y,43.195336,-77.576718,05/08/2010,4:00 PM,INJURY,1.,0 ,2 ,COLLISION WITH MOTOR VEHICLE,REAR END,NONE,DAYLIGHT,RAIN,WET
6836 ,33439490,MONROE,Penfield,,,Y,43.160297,-77.449822,05/11/2010,8:01 PM,PROPERTY DAMAGE AND INJURY,1.,0 ,3 ,COLLISION WITH MOTOR VEHICLE,OTHER,STOP SIGN,DUSK,RAIN,WET
6836 ,33439528,MONROE,Penfield,,,Y,43.182399,-77.507867,05/08/2010,2:31 PM,PROPERTY DAMAGE AND INJURY,1.,0 ,2 ,COLLISION WITH MOTOR VEHICLE,RIGHT ANGLE,TRAFFIC SIGNAL,DAYLIGHT,RAIN,WET
6836 ,33439542,MONROE,Greece,,,Y,43.252956,-77.64679,05/08/2010,2:55 PM,PROPERTY DAMAGE AND INJURY,1.,0 ,2 ,COLLISION WITH MOTOR VEHICLE,RIGHT ANGLE,NONE,DAYLIGHT,RAIN,WET
6836 ,33439572,MONROE,Greece,,,N,43.2067609,-77.6761314,05/10/2010,6:35 PM,PROPERTY DAMAGE AND INJURY,1.,0 ,2 ,COLLISION WITH MOTOR VEHICLE,REAR END,TRAFFIC SIGNAL,DAYLIGHT,CLEAR,DRY
6836 ,33439646,MONROE,Brighton,,,N,43.1257676,-77.5872106,05/14/2010,8:21 AM,PROPERTY DAMAGE AND INJURY,1.,0 ,3 ,COLLISION WITH MOTOR VEHICLE,OTHER,NONE,DAYLIGHT,CLOUDY,WET
6836 ,33439683,MONROE,Greece,,,N,43.197468,-77.6846736,05/13/2010,8:48 AM,PROPERTY DAMAGE AND INJURY,1.,0 ,2 ,COLLISION WITH MOTOR VEHICLE,RIGHT ANGLE,NONE,DAYLIGHT,CLEAR,DRY
6836 ,33439709,MONROE,Greece,,,N,43.217982,-77.710449,05/13/2010,9:13 PM,INJURY,1.,0 ,2 ,COLLISION WITH MOTOR VEHICLE,LEFT TURN (WITH OTHER CAR),STOP SIGN,DARK-ROAD LIGHTED,CLEAR,WET
6836 ,33439743,MONROE,Greece,,,Y,43.263846,-77.644943,03/07/2010,10:07 PM,INJURY,1.,0 ,1 ,COLLISION WITH PEDESTRIAN,OTHER,NONE,DARK-ROAD LIGHTED,CLEAR,DRY
6836 ,33439865,MONROE,Greece,,,N,43.207247,-77.6791739,05/08/2010,1:41 PM,INJURY,1.,0 ,2 ,COLLISION WITH MOTOR VEHICLE,REAR END,TRAFFIC SIGNAL,DAYLIGHT,CLOUDY,DRY
6836 ,33439868,MONROE,Greece,,,N,43.2095011,-77.6937722,05/10/2010,7:06 PM,INJURY,1.,0 ,1 ,COLLISION WITH BICYCLIST,OTHER,NONE,DAYLIGHT,CLEAR,DRY
6836 ,33439966,MONROE,Irondequoit,,104 43033000,N,43.1956544,-77.5834615,05/13/2010,9:09 AM,PROPERTY DAMAGE AND INJURY,2.,0 ,2 ,COLLISION WITH MOTOR VEHICLE,OVERTAKING,NONE,DAYLIGHT,CLEAR,DRY
6836 ,33439968,MONROE,Rochester,,490I43022047,N,43.141769,-77.5901057,05/12/2010,6:10 PM,PROPERTY DAMAGE AND INJURY,3.,0 ,3 ,COLLISION WITH MOTOR VEHICLE,OTHER,NONE,DAYLIGHT,CLEAR,DRY
6836 ,33439974,MONROE,Rochester,,390I43032003,N,43.1199682,-77.6409829,05/09/2010,3:22 PM,INJURY,1.,0 ,1 ,COLLISION WITH MEDIAN/BARRIER,OTHER,NONE,DAYLIGHT,CLOUDY,DRY
6836 ,33440044,MONROE,Greece,,390 43011027,N,43.1966121,-77.6814328,05/09/2010,5:06 AM,PROPERTY DAMAGE AND INJURY,1.,0 ,1 ,COLLISION WITH GUIDERAIL - END,OTHER,NONE,DARK-ROAD LIGHTED,CLOUDY,WET
6836 ,33440072,MONROE,Greece,,,Y,43.252944,-77.681908,05/14/2010,5:48 PM,PROPERTY DAMAGE AND INJURY,1.,0 ,2 ,COLLISION WITH MOTOR VEHICLE,REAR END,NONE,DAYLIGHT,CLEAR,DRY
6836 ,33440196,MONROE,Parma,,259 43011171,N,43.3363088,-77.7911065,05/08/2010,10:34 AM,PROPERTY DAMAGE AND INJURY,2.,0 ,2 ,COLLISION WITH MOTOR VEHICLE,RIGHT ANGLE,YIELD SIGN,DAYLIGHT,CLOUDY,DRY
6836 ,33440282,MONROE,Henrietta,,,N,43.0722697,-77.607114,05/13/2010,11:30 AM,INJURY,2.,0 ,3 ,COLLISION WITH MOTOR VEHICLE,OTHER,NONE,DAYLIGHT,CLEAR,DRY
6836 ,33440283,MONROE,Penfield,,441 43011053,N,43.1307937,-77.4392204,05/13/2010,3:17 PM,PROPERTY DAMAGE AND INJURY,2.,0 ,2 ,COLLISION WITH MOTOR VEHICLE,RIGHT ANGLE,NONE,DAYLIGHT,CLOUDY,DRY
6836 ,33440285,MONROE,Brighton,,15 43031114,N,43.0947801,-77.6326879,05/14/2010,6:13 PM,PROPERTY DAMAGE AND INJURY,4.,0 ,2 ,COLLISION WITH MOTOR VEHICLE,RIGHT ANGLE,OTHER,DAYLIGHT,CLEAR,DRY
6836 ,33440290,MONROE,Penfield,,,N,43.1962512,-77.5085131,05/14/2010,2:56 PM,PROPERTY DAMAGE AND INJURY,1.,0 ,3 ,COLLISION WITH MOTOR VEHICLE,OTHER,NONE,DAYLIGHT,CLEAR,DRY
6836 ,33440295,MONROE,Brighton,,490I43022066,N,43.1430976,-77.5467944,05/14/2010,3:42 PM,PROPERTY DAMAGE AND INJURY,3.,0 ,3 ,COLLISION WITH MOTOR VEHICLE,OTHER,NONE,DAYLIGHT,CLEAR,DRY
6836 ,33440303,MONROE,Chili,,33A43021105,N,43.1065667,-77.7473326,05/14/2010,4:42 PM,PROPERTY DAMAGE AND INJURY,2.,0 ,3 ,COLLISION WITH MOTOR VEHICLE,OTHER,NONE,DAYLIGHT,CLEAR,DRY
6836 ,33440665,MONROE,Penfield,,,N,43.12762,-77.4945049,05/15/2010,1:30 PM,PROPERTY DAMAGE AND INJURY,1.,0 ,2 ,COLLISION WITH MOTOR VEHICLE,LEFT TURN (AGAINST OTHER CAR),TRAFFIC SIGNAL,DAYLIGHT,CLOUDY,DRY
6836 ,33440668,MONROE,Irondequoit,,,N,43.21027,-77.612704,05/13/2010,9:34 AM,INJURY,1.,0 ,1 ,COLLISION WITH MOTOR VEHICLE,OTHER,TRAFFIC SIGNAL,DAYLIGHT,CLEAR,DRY