QUERYID,CASE #,REGN_CNTY_CDE,Municipality,MUNITYPE,REF_MRKR,ATINTERSECTION_IND,Lat,Long,,Time,Crash Type,Injuries,Fatalities,Number of Vehicles,ACCD_TYP,COLLISION_TYP,TRAF_CNTL,Light Condition,Weather Condition,Road Surface Condition
6836 ,33440747,MONROE,Rochester,,,Y,43.115216,-77.624393,04/24/2010,3:15 PM,PROPERTY DAMAGE AND INJURY,2.,0 ,3 ,COLLISION WITH MOTOR VEHICLE,OTHER,STOP SIGN,DAYLIGHT,CLEAR,DRY
6836 ,33441070,MONROE,Rochester,,,Y,43.179263,-77.6468689,05/03/2010,4:33 PM,PROPERTY DAMAGE AND INJURY,5.,0 ,2 ,COLLISION WITH MOTOR VEHICLE,REAR END,UNKNOWN,DAYLIGHT,CLEAR,DRY
6836 ,33441071,MONROE,Rochester,,,N,43.193901,-77.6542271,05/07/2010,7:10 PM,PROPERTY DAMAGE AND INJURY,1.,0 ,2 ,COLLISION WITH MOTOR VEHICLE,REAR END,NONE,DAYLIGHT,CLEAR,DRY
6836 ,33441072,MONROE,Rochester,,,Y,43.169074,-77.561217,05/07/2010,6:27 PM,INJURY,1.,0 ,1 ,COLLISION WITH BICYCLIST,OTHER,STOP SIGN,DAYLIGHT,CLOUDY,DRY
6836 ,33441207,MONROE,Rochester,,940M43011017,Y,43.188923,-77.630188,04/09/2010,4:15 PM,INJURY,2.,0 ,2 ,COLLISION WITH MOTOR VEHICLE,HEAD ON,NONE,DAYLIGHT,CLOUDY,DRY
6836 ,33441243,MONROE,Rochester,,,Y,43.17328,-77.607553,05/07/2010,1:20 PM,PROPERTY DAMAGE AND INJURY,2.,0 ,2 ,COLLISION WITH MOTOR VEHICLE,REAR END,NONE,DAYLIGHT,CLOUDY,DRY
6836 ,33441245,MONROE,Rochester,,,Y,43.205696,-77.6289619,05/07/2010,3:30 PM,INJURY,1.,0 ,2 ,COLLISION WITH MOTOR VEHICLE,REAR END,NONE,DAYLIGHT,CLOUDY,DRY
6836 ,33441247,MONROE,Rochester,,,Y,43.124735,-77.617457,05/09/2010,6:33 AM,PROPERTY DAMAGE AND INJURY,2.,0 ,2 ,COLLISION WITH MOTOR VEHICLE,REAR END,TRAFFIC SIGNAL,DAYLIGHT,SNOW,WET
6836 ,33441295,MONROE,Rochester,,,Y,43.138151,-77.596958,05/03/2010,3:40 PM,PROPERTY DAMAGE AND INJURY,1.,0 ,2 ,COLLISION WITH MOTOR VEHICLE,LEFT TURN (WITH OTHER CAR),STOP SIGN,DAYLIGHT,CLEAR,DRY
6836 ,33441470,MONROE,Rochester,,,Y,43.15369,-77.607606,05/04/2010,10:44 AM,PROPERTY DAMAGE AND INJURY,1.,0 ,2 ,COLLISION WITH MOTOR VEHICLE,OVERTAKING,TRAFFIC SIGNAL,DAYLIGHT,RAIN,WET
6836 ,33442433,MONROE,Rochester,,,Y,43.147381,-77.644879,05/06/2010,11:11 AM,INJURY,1.,0 ,1 ,COLLISION WITH BICYCLIST,OTHER,STOP SIGN,DAYLIGHT,CLEAR,DRY
6836 ,33442472,MONROE,Parma,,,N,43.332528,-77.748431,05/03/2010,10:23 PM,FATAL,0.,1 ,1 ,COLL. W/EARTH ELE./ROCK CUT/DITCH,OTHER,NONE,DARK-ROAD UNLIGHTED,CLEAR,DRY
6836 ,33442500,MONROE,Gates,,,Y,43.134759,-77.681623,05/11/2010,10:13 PM,INJURY,1.,0 ,1 ,COLLISION WITH BICYCLIST,OTHER,NONE,DARK-ROAD LIGHTED,RAIN,WET
6836 ,33442930,MONROE,Gates,,,N,43.1691014,-77.7005936,05/12/2010,1:48 PM,INJURY,1.,0 ,1 ,COLLISION WITH BICYCLIST,OTHER,NONE,DAYLIGHT,CLOUDY,DRY
6836 ,33442933,MONROE,Clarkson,,18 43031074,N,43.2841382,-77.8581466,05/16/2010,4:26 AM,PROPERTY DAMAGE AND INJURY,2.,0 ,1 ,COLL. W/LIGHT SUPPORT/UTILITY POLE,OTHER,NONE,DARK-ROAD UNLIGHTED,CLEAR,DRY
6836 ,33442937,MONROE,Brighton,,490I43023005,N,43.1390827,-77.5385339,05/14/2010,3:20 PM,PROPERTY DAMAGE AND INJURY,1.,0 ,2 ,COLLISION WITH MOTOR VEHICLE,REAR END,NONE,DAYLIGHT,CLOUDY,DRY
6836 ,33442939,MONROE,Brighton,,,N,43.1279948,-77.5285338,05/17/2010,8:00 AM,PROPERTY DAMAGE AND INJURY,4.,0 ,2 ,COLLISION WITH MOTOR VEHICLE,RIGHT ANGLE,TRAFFIC SIGNAL,DAYLIGHT,CLEAR,DRY
6836 ,33442943,MONROE,Riga,,33 43031001,N,43.0872347,-77.9271496,05/08/2010,2:39 AM,PROPERTY DAMAGE AND INJURY,1.,0 ,1 ,COLLISION WITH SIGN POST,OTHER,NONE,DARK-ROAD LIGHTED,CLEAR,WET
6836 ,33442944,MONROE,Wheatland,,,Y,43.030032,-77.7420679,05/15/2010,11:25 AM,INJURY,1.,0 ,1 ,COLLISION WITH BICYCLIST,OTHER,NONE,DAYLIGHT,CLEAR,DRY
6836 ,33442951,MONROE,Gates,,,Y,43.147073,-77.711237,05/16/2010,6:52 PM,INJURY,1.,0 ,1 ,COLLISION WITH OTHER FIXED OBJECT,OTHER,TRAFFIC SIGNAL,DAYLIGHT,CLEAR,DRY
6836 ,33443471,MONROE,Rush,,,N,42.94973,-77.6973391,05/17/2010,4:53 PM,PROPERTY DAMAGE AND INJURY,1.,0 ,2 ,COLLISION WITH MOTOR VEHICLE,OVERTAKING,TRAFFIC SIGNAL,DAYLIGHT,CLEAR,DRY
6836 ,33443475,MONROE,Perinton,,31 43033084,N,43.0694844,-77.4443204,05/13/2010,8:51 PM,INJURY,1.,0 ,1 ,COLLISION WITH BICYCLIST,OTHER,TRAFFIC SIGNAL,DARK-ROAD UNLIGHTED,CLOUDY,DRY
6836 ,33443482,MONROE,Perinton,,,Y,43.045048,-77.4666271,05/08/2010,11:43 AM,INJURY,2.,0 ,2 ,COLLISION WITH MOTOR VEHICLE,REAR END,TRAFFIC SIGNAL,DAYLIGHT,CLOUDY,DRY
6836 ,33443489,MONROE,Pittsford,,,N,43.1072234,-77.5069871,05/12/2010,10:04 AM,PROPERTY DAMAGE AND INJURY,1.,0 ,1 ,COLLISION WITH SNOW EMBANKMENT,OTHER,NONE,DAYLIGHT,RAIN,WET
6836 ,33443509,MONROE,Chili,,390I43033001,N,43.122229,-77.647781,05/10/2010,6:55 AM,PROPERTY DAMAGE AND INJURY,1.,0 ,3 ,COLLISION WITH GUIDE RAIL,OTHER,NONE,DAYLIGHT,CLEAR,DRY
6836 ,33443513,MONROE,Penfield,,441 43011000,Y,43.131345,-77.468869,05/07/2010,7:00 AM,PROPERTY DAMAGE AND INJURY,2.,0 ,2 ,COLLISION WITH MOTOR VEHICLE,RIGHT ANGLE,TRAFFIC SIGNAL,DAYLIGHT,CLEAR,DRY
6836 ,33443514,MONROE,Brighton,,390I43031113,N,43.1082726,-77.6120745,05/18/2010,5:40 PM,PROPERTY DAMAGE AND INJURY,1.,0 ,3 ,COLLISION WITH MOTOR VEHICLE,OTHER,NONE,DAYLIGHT,RAIN,WET
6836 ,33443515,MONROE,Brighton,,441 43011103,N,43.1287518,-77.524761,05/17/2010,8:57 PM,PROPERTY DAMAGE AND INJURY,1.,0 ,1 ,COLLISION WITH MEDIAN/BARRIER,OTHER,NONE,DARK-ROAD LIGHTED,CLEAR,DRY
6836 ,33443534,MONROE,Gates,,386 43011111,Y,43.161269,-77.732412,05/17/2010,8:30 AM,PROPERTY DAMAGE AND INJURY,2.,0 ,2 ,COLLISION WITH MOTOR VEHICLE,REAR END,NONE,DAYLIGHT,CLEAR,DRY
6836 ,33443536,MONROE,Brighton,,,Y,43.125612,-77.5928961,05/14/2010,6:35 PM,PROPERTY DAMAGE AND INJURY,1.,0 ,2 ,COLLISION WITH MOTOR VEHICLE,REAR END,TRAFFIC SIGNAL,DAYLIGHT,CLEAR,DRY
6836 ,33444113,MONROE,Irondequoit,,,Y,43.199078,-77.577022,05/18/2010,1:48 PM,PROPERTY DAMAGE AND INJURY,1.,0 ,2 ,COLLISION WITH MOTOR VEHICLE,REAR END,TRAFFIC SIGNAL,DAYLIGHT,RAIN,WET
6836 ,33444332,MONROE,Henrietta,,,N,43.0852221,-77.6577004,05/04/2010,7:55 AM,PROPERTY DAMAGE AND INJURY,1.,0 ,3 ,COLLISION WITH MOTOR VEHICLE,OTHER,NONE,DAYLIGHT,CLEAR,DRY
6836 ,33445191,MONROE,Scottsville,,253 43011001,Y,43.028223,-77.743186,04/30/2010,4:13 PM,PROPERTY DAMAGE AND INJURY,1.,0 ,2 ,COLLISION WITH MOTOR VEHICLE,HEAD ON,NONE,DAYLIGHT,CLEAR,DRY
6836 ,33445394,MONROE,Henrietta,,,N,43.0549892,-77.6147635,05/13/2010,11:39 AM,PROPERTY DAMAGE AND INJURY,1.,0 ,2 ,COLLISION WITH MOTOR VEHICLE,REAR END,NONE,DAYLIGHT,CLOUDY,DRY
6836 ,33445396,MONROE,Henrietta,,15 43031067,N,43.088138,-77.636254,05/17/2010,5:55 PM,PROPERTY DAMAGE AND INJURY,1.,0 ,2 ,COLLISION WITH MOTOR VEHICLE,RIGHT ANGLE,TRAFFIC SIGNAL,DAYLIGHT,CLEAR,DRY
6836 ,33445400,MONROE,Brighton,,31 43033023,N,43.1119557,-77.5489807,05/19/2010,4:14 PM,PROPERTY DAMAGE AND INJURY,1.,0 ,2 ,COLLISION WITH MOTOR VEHICLE,REAR END,TRAFFIC SIGNAL,DAYLIGHT,CLEAR,DRY
6836 ,33445401,MONROE,Brighton,,,Y,43.126405,-77.565714,05/19/2010,4:38 PM,PROPERTY DAMAGE AND INJURY,2.,0 ,2 ,COLLISION WITH MOTOR VEHICLE,RIGHT ANGLE,TRAFFIC SIGNAL,DAYLIGHT,CLEAR,DRY
6836 ,33445408,MONROE,Brighton,,15 43031121,N,43.1047222,-77.6275489,05/19/2010,5:42 PM,INJURY,3.,0 ,2 ,COLLISION WITH MOTOR VEHICLE,REAR END,TRAFFIC SIGNAL,DAYLIGHT,CLOUDY,DRY
6836 ,33445411,MONROE,Scottsville,,383 43011055,N,43.0157119,-77.7619727,05/13/2010,12:11 AM,PROPERTY DAMAGE AND INJURY,1.,0 ,1 ,COLLISION WITH GUIDE RAIL,OTHER,NONE,DARK-ROAD LIGHTED,CLEAR,DRY
6836 ,33445441,MONROE,Greece,,,N,43.1870512,-77.7015085,05/18/2010,1:35 PM,INJURY,1.,0 ,2 ,COLLISION WITH MOTOR VEHICLE,RIGHT ANGLE,NONE,DAYLIGHT,RAIN,WET
6836 ,33445443,MONROE,Greece,,,N,43.2308048,-77.6721851,05/18/2010,5:17 PM,PROPERTY DAMAGE AND INJURY,1.,0 ,1 ,COLLISION WITH GUIDE RAIL,OTHER,NONE,DAYLIGHT,RAIN,WET
6836 ,33445444,MONROE,Greece,,,N,43.2789887,-77.6543127,05/15/2010,7:18 AM,INJURY,2.,0 ,2 ,COLLISION WITH MOTOR VEHICLE,REAR END,NONE,DAYLIGHT,CLEAR,DRY
6836 ,33445446,MONROE,Greece,,,Y,43.223758,-77.710113,05/17/2010,4:43 PM,INJURY,1.,0 ,1 ,COLLISION WITH BICYCLIST,OTHER,STOP SIGN,DAYLIGHT,CLOUDY,DRY
6836 ,33445449,MONROE,Greece,,,N,43.2531033,-77.7046135,05/19/2010,7:33 PM,INJURY,1.,0 ,3 ,COLLISION WITH MOTOR VEHICLE,OTHER,NONE,DAYLIGHT,CLEAR,DRY
6836 ,33445457,MONROE,Greece,,,N,43.2311195,-77.7335857,05/16/2010,11:28 AM,PROPERTY DAMAGE AND INJURY,1.,0 ,2 ,COLLISION WITH MOTOR VEHICLE,REAR END,NONE,DAYLIGHT,CLEAR,DRY
6836 ,33445460,MONROE,Greece,,,N,43.2660914,-77.7162798,05/20/2010,7:29 AM,PROPERTY DAMAGE AND INJURY,1.,0 ,1 ,COLL. W/LIGHT SUPPORT/UTILITY POLE,OTHER,NONE,DAYLIGHT,CLEAR,DRY
6836 ,33445462,MONROE,Greece,,,Y,43.223681,-77.69681,05/19/2010,10:46 AM,PROPERTY DAMAGE AND INJURY,1.,0 ,2 ,COLLISION WITH MOTOR VEHICLE,REAR END,HIGHWAY WORK AREA,DAYLIGHT,CLEAR,DRY
6836 ,33445463,MONROE,Greece,,,Y,43.20215,-77.698035,05/18/2010,12:48 PM,PROPERTY DAMAGE AND INJURY,3.,0 ,2 ,COLLISION WITH MOTOR VEHICLE,LEFT TURN (AGAINST OTHER CAR),TRAFFIC SIGNAL,DAYLIGHT,CLOUDY,DRY
6836 ,33445770,MONROE,Henrietta,,,N,43.0477859,-77.6559295,05/16/2010,1:11 AM,PROPERTY DAMAGE AND INJURY,4.,0 ,2 ,COLLISION WITH MOTOR VEHICLE,REAR END,NONE,DARK-ROAD UNLIGHTED,CLOUDY,DRY
6836 ,33445814,MONROE,Webster,,,N,43.1988834,-77.4431554,05/19/2010,7:59 PM,PROPERTY DAMAGE AND INJURY,2.,0 ,2 ,COLLISION WITH MOTOR VEHICLE,HEAD ON,NO PASSING ZONE,DAYLIGHT,CLOUDY,DRY
6836 ,33445817,MONROE,Webster,,,N,43.2103816,-77.4460927,05/18/2010,12:08 PM,PROPERTY DAMAGE AND INJURY,1.,0 ,4 ,COLLISION WITH MOTOR VEHICLE,OTHER,OTHER,DAYLIGHT,CLOUDY,DRY
6836 ,33445818,MONROE,Chili,,,N,43.109461,-77.7134831,05/16/2010,5:29 PM,PROPERTY DAMAGE AND INJURY,1.,0 ,1 ,COLLISION WITH OTHER FIXED OBJECT,OTHER,NONE,DAYLIGHT,CLEAR,DRY
6836 ,33445860,MONROE,Gates,,,Y,43.130747,-77.689753,05/20/2010,10:25 AM,PROPERTY DAMAGE AND INJURY,1.,0 ,2 ,COLLISION WITH MOTOR VEHICLE,RIGHT ANGLE,TRAFFIC SIGNAL,DAYLIGHT,CLEAR,DRY
6836 ,33445863,MONROE,Brighton,,252 43011047,N,43.0923508,-77.6790901,05/19/2010,10:40 PM,PROPERTY DAMAGE AND INJURY,1.,0 ,2 ,COLLISION WITH MOTOR VEHICLE,LEFT TURN (AGAINST OTHER CAR),TRAFFIC SIGNAL,DARK-ROAD LIGHTED,CLOUDY,DRY
6836 ,33445946,MONROE,Irondequoit,,104 43035217,N,43.2102362,-77.5413174,05/18/2010,10:00 AM,PROPERTY DAMAGE AND INJURY,1.,0 ,1 ,COLLISION WITH MEDIAN/BARRIER,OTHER,NONE,DAYLIGHT,CLOUDY,DRY
6836 ,33446326,MONROE,Spencerport,,259 43011071,N,43.195437,-77.799596,05/18/2010,1:42 PM,PROPERTY DAMAGE AND INJURY,1.,0 ,2 ,COLLISION WITH MOTOR VEHICLE,REAR END,TRAFFIC SIGNAL,DAYLIGHT,RAIN,WET
6836 ,33446332,MONROE,Honeoye Falls,,,N,42.9549845,-77.5945048,05/20/2010,8:33 PM,PROPERTY DAMAGE AND INJURY,1.,0 ,2 ,COLLISION WITH MOTOR VEHICLE,REAR END,NONE,DUSK,CLEAR,DRY
6836 ,33446339,MONROE,Penfield,,441 43011031,N,43.1286216,-77.4828558,05/20/2010,4:14 PM,PROPERTY DAMAGE AND INJURY,2.,0 ,3 ,COLLISION WITH MOTOR VEHICLE,OTHER,NONE,DAYLIGHT,CLEAR,DRY
6836 ,33446341,MONROE,Spencerport,,,N,43.190786,-77.7987739,05/21/2010,10:00 AM,INJURY,1.,0 ,1 ,COLLISION WITH PEDESTRIAN,OTHER,OTHER,DAYLIGHT,CLEAR,DRY
6836 ,33446342,MONROE,Riga,,490I43021033,N,43.0863552,-77.9163914,05/20/2010,5:24 PM,PROPERTY DAMAGE AND INJURY,1.,0 ,3 ,COLLISION WITH MOTOR VEHICLE,OTHER,NONE,DAYLIGHT,CLEAR,DRY
6836 ,33446344,MONROE,Pittsford,,31 43033035,N,43.0980907,-77.5313958,05/10/2010,4:23 PM,PROPERTY DAMAGE AND INJURY,2.,0 ,2 ,COLLISION WITH MOTOR VEHICLE,LEFT TURN (AGAINST OTHER CAR),NONE,DAYLIGHT,CLEAR,DRY
6836 ,33446347,MONROE,Brighton,,,Y,43.137733,-77.5327801,05/21/2010,10:44 AM,PROPERTY DAMAGE AND INJURY,1.,0 ,2 ,COLLISION WITH MOTOR VEHICLE,RIGHT ANGLE,NONE,DAYLIGHT,CLEAR,DRY
6836 ,33446353,MONROE,Perinton,,,N,43.0382583,-77.4509373,05/14/2010,3:32 PM,PROPERTY DAMAGE AND INJURY,1.,0 ,2 ,COLLISION WITH MOTOR VEHICLE,REAR END,NONE,DAYLIGHT,CLEAR,DRY
6836 ,33446723,MONROE,Perinton,,,N,43.1031886,-77.4830436,05/21/2010,5:55 PM,PROPERTY DAMAGE AND INJURY,2.,0 ,2 ,COLLISION WITH MOTOR VEHICLE,LEFT TURN (WITH OTHER CAR),STOP SIGN,DAYLIGHT,CLOUDY,DRY
6836 ,33446724,MONROE,Irondequoit,,,Y,43.200821,-77.618517,05/21/2010,2:58 PM,PROPERTY DAMAGE AND INJURY,2.,0 ,2 ,COLLISION WITH MOTOR VEHICLE,RIGHT ANGLE,NONE,DAYLIGHT,CLEAR,DRY
6836 ,33446725,MONROE,Brighton,,15 43031126,Y,43.112297,-77.6236169,05/21/2010,7:02 PM,PROPERTY DAMAGE AND INJURY,1.,0 ,2 ,COLLISION WITH MOTOR VEHICLE,REAR END,TRAFFIC SIGNAL,DAYLIGHT,RAIN,WET
6836 ,33446738,MONROE,Brighton,,15 43031126,Y,43.112297,-77.6236169,05/21/2010,9:37 PM,INJURY,3.,0 ,3 ,COLLISION WITH MOTOR VEHICLE,OTHER,TRAFFIC SIGNAL,DARK-ROAD LIGHTED,CLOUDY,WET
6836 ,33447180,MONROE,Brighton,,,Y,43.111017,-77.547717,05/22/2010,12:04 PM,PROPERTY DAMAGE AND INJURY,1.,0 ,2 ,COLLISION WITH MOTOR VEHICLE,RIGHT ANGLE,NONE,DAYLIGHT,CLEAR,DRY
6836 ,33447184,MONROE,Mendon,,,N,42.9575927,-77.5558398,05/17/2010,9:24 AM,PROPERTY DAMAGE AND INJURY,1.,0 ,2 ,COLLISION WITH MOTOR VEHICLE,LEFT TURN (AGAINST OTHER CAR),NONE,DAYLIGHT,CLEAR,DRY
6836 ,33447186,MONROE,Wheatland,,,N,43.0216214,-77.8023051,05/20/2010,8:25 PM,PROPERTY DAMAGE AND INJURY,1.,0 ,1 ,COLLISION WITH SIGN POST,OTHER,NONE,DARK-ROAD UNLIGHTED,CLEAR,DRY
6836 ,33447189,MONROE,Irondequoit,,,Y,43.211809,-77.598319,05/22/2010,12:37 PM,PROPERTY DAMAGE AND INJURY,2.,0 ,3 ,COLLISION WITH MOTOR VEHICLE,OTHER,NO PASSING ZONE,DAYLIGHT,CLOUDY,DRY
6836 ,33447193,MONROE,Irondequoit,,,Y,43.207243,-77.59514,05/22/2010,12:08 PM,PROPERTY DAMAGE AND INJURY,1.,0 ,1 ,COLLISION WITH TREE,OTHER,TRAFFIC SIGNAL,DAYLIGHT,CLOUDY,DRY
6836 ,33447823,MONROE,Rochester,,,Y,43.14944,-77.553106,05/05/2010,2:40 PM,PROPERTY DAMAGE AND INJURY,2.,0 ,2 ,COLLISION WITH MOTOR VEHICLE,RIGHT ANGLE,TRAFFIC SIGNAL,DAYLIGHT,CLEAR,DRY
6836 ,33447873,MONROE,Rochester,,,Y,43.173949,-77.639434,05/06/2010,1:20 PM,INJURY,1.,0 ,2 ,COLLISION WITH MOTOR VEHICLE,UNKNOWN,TRAFFIC SIGNAL,DAYLIGHT,CLEAR,DRY
6836 ,33448034,MONROE,Parma,,,Y,43.289216,-77.771433,05/21/2010,4:44 PM,INJURY,1.,0 ,2 ,COLLISION WITH MOTOR VEHICLE,RIGHT TURN (AGAINST OTHER CAR),STOP SIGN,DAYLIGHT,CLOUDY,DRY
6836 ,33448120,MONROE,Rochester,,490I43022010,N,43.1569962,-77.6538703,05/10/2010,1:09 PM,INJURY,4.,0 ,2 ,COLLISION WITH MOTOR VEHICLE,REAR END,NONE,DAYLIGHT,CLEAR,DRY
6836 ,33448187,MONROE,Webster,,,N,43.2091304,-77.4582528,05/21/2010,5:27 PM,PROPERTY DAMAGE AND INJURY,1.,0 ,2 ,COLLISION WITH MOTOR VEHICLE,REAR END,NONE,DAYLIGHT,CLOUDY,DRY
6836 ,33448388,MONROE,Chili,,,N,43.1038569,-77.7566482,05/22/2010,5:00 AM,PROPERTY DAMAGE AND INJURY,1.,0 ,2 ,COLLISION WITH MOTOR VEHICLE,RIGHT ANGLE,NONE,DARK-ROAD UNLIGHTED,CLEAR,DRY
6836 ,33448416,MONROE,Ogden,,,N,43.186684,-77.753431,05/17/2010,5:35 PM,PROPERTY DAMAGE AND INJURY,1.,0 ,4 ,COLLISION WITH MOTOR VEHICLE,OTHER,NONE,DAYLIGHT,CLOUDY,DRY
6836 ,33448434,MONROE,Greece,,,N,43.206627,-77.676202,05/22/2010,7:16 PM,PROPERTY DAMAGE AND INJURY,1.,0 ,3 ,COLLISION WITH MOTOR VEHICLE,OTHER,TRAFFIC SIGNAL,DAYLIGHT,CLOUDY,DRY
6836 ,33448451,MONROE,Greece,,,N,43.206627,-77.676202,05/20/2010,7:39 PM,INJURY,1.,0 ,2 ,COLLISION WITH MOTOR VEHICLE,OVERTAKING,TRAFFIC SIGNAL,DAYLIGHT,CLEAR,DRY
6836 ,33448484,MONROE,Gates,,,Y,43.126205,-77.6922931,05/24/2010,11:20 AM,INJURY,1.,0 ,2 ,COLLISION WITH MOTOR VEHICLE,SIDESWIPE,NONE,DAYLIGHT,CLEAR,DRY
6836 ,33448534,MONROE,Chili,,33A43021124,Y,43.120013,-77.715081,05/22/2010,12:45 PM,PROPERTY DAMAGE AND INJURY,3.,0 ,2 ,COLLISION WITH MOTOR VEHICLE,RIGHT ANGLE,STOP SIGN,DAYLIGHT,CLOUDY,DRY
6836 ,33448536,MONROE,Perinton,,31F43011013,N,43.1027606,-77.4815255,05/24/2010,5:26 PM,PROPERTY DAMAGE AND INJURY,2.,0 ,2 ,COLLISION WITH MOTOR VEHICLE,REAR END,NONE,DAYLIGHT,CLEAR,DRY
6836 ,33448551,MONROE,Gates,,,N,43.1645825,-77.7121154,05/24/2010,2:41 PM,PROPERTY DAMAGE AND INJURY,1.,0 ,3 ,COLLISION WITH MOTOR VEHICLE,OTHER,TRAFFIC SIGNAL,DAYLIGHT,CLEAR,DRY
6836 ,33448584,MONROE,Webster,,104 43035083,N,43.208262,-77.4627872,05/24/2010,12:40 PM,PROPERTY DAMAGE AND INJURY,1.,0 ,2 ,COLLISION WITH MOTOR VEHICLE,REAR END,TRAFFIC SIGNAL,DAYLIGHT,CLEAR,DRY
6836 ,33448592,MONROE,Chili,,33A43021116,Y,43.115405,-77.729344,05/23/2010,11:04 AM,PROPERTY DAMAGE AND INJURY,2.,0 ,2 ,COLLISION WITH MOTOR VEHICLE,LEFT TURN (AGAINST OTHER CAR),NONE,DAYLIGHT,CLOUDY,DRY
6836 ,33448606,MONROE,Chili,,490I43021097,N,43.0975674,-77.7941332,05/20/2010,9:47 AM,PROPERTY DAMAGE AND INJURY,1.,0 ,2 ,COLLISION WITH MOTOR VEHICLE,OVERTAKING,NONE,DAYLIGHT,CLEAR,DRY
6836 ,33448608,MONROE,Brighton,,31 43033008,N,43.127097,-77.565327,05/24/2010,5:32 PM,PROPERTY DAMAGE AND INJURY,3.,0 ,2 ,COLLISION WITH MOTOR VEHICLE,LEFT TURN (AGAINST OTHER CAR),TRAFFIC SIGNAL,DAYLIGHT,CLEAR,DRY
6836 ,33448649,MONROE,Irondequoit,,,N,43.1970748,-77.5920639,05/24/2010,10:22 AM,INJURY,1.,0 ,1 ,COLLISION WITH BICYCLIST,OTHER,NONE,DAYLIGHT,CLEAR,DRY
6836 ,33448696,MONROE,Greece,,104 43031142,Y,43.21424,-77.730858,05/19/2010,11:44 AM,INJURY,1.,0 ,1 ,COLLISION WITH PEDESTRIAN,OTHER,NONE,DAYLIGHT,CLEAR,DRY
6836 ,33448706,MONROE,Sweden,,,Y,43.212973,-77.96844,05/24/2010,5:26 PM,PROPERTY DAMAGE AND INJURY,3.,0 ,2 ,COLLISION WITH MOTOR VEHICLE,RIGHT ANGLE,STOP SIGN,DAYLIGHT,CLEAR,DRY
6836 ,33448707,MONROE,Hamlin,,,N,43.2925834,-77.8301717,05/24/2010,3:47 PM,PROPERTY DAMAGE AND INJURY,1.,0 ,2 ,COLLISION WITH MOTOR VEHICLE,LEFT TURN (WITH OTHER CAR),NONE,DAYLIGHT,CLEAR,DRY
6836 ,33448729,MONROE,Brighton,,15A43041111,N,43.108007,-77.615937,05/22/2010,4:25 PM,PROPERTY DAMAGE AND INJURY,2.,0 ,2 ,COLLISION WITH MOTOR VEHICLE,RIGHT ANGLE,TRAFFIC SIGNAL,DAYLIGHT,CLOUDY,DRY
6836 ,33448759,MONROE,Riga,,490I43021060,N,43.0974929,-77.8654939,05/24/2010,6:58 PM,INJURY,2.,0 ,1 ,COLLISION WITH DEER,OTHER,NONE,DAYLIGHT,CLEAR,DRY
6836 ,33448790,MONROE,Brighton,,96 43051098,Y,43.137506,-77.539489,05/25/2010,11:54 AM,PROPERTY DAMAGE AND INJURY,1.,0 ,2 ,COLLISION WITH MOTOR VEHICLE,UNKNOWN,TRAFFIC SIGNAL,DAYLIGHT,CLEAR,DRY
6836 ,33448811,MONROE,Brockport,,360 43011,N,43.2199969,-77.9235591,05/17/2010,5:43 PM,PROPERTY DAMAGE AND INJURY,1.,0 ,1 ,COLLISION WITH GUIDERAIL - END,OTHER,NONE,DAYLIGHT,CLOUDY,DRY
6836 ,33448881,MONROE,Rochester,,,Y,43.162051,-77.5835919,05/07/2010,11:01 PM,PROPERTY DAMAGE AND INJURY,1.,0 ,3 ,COLLISION WITH MOTOR VEHICLE,OTHER,TRAFFIC SIGNAL,DARK-ROAD LIGHTED,RAIN,WET
6836 ,33448885,MONROE,Rochester,,,Y,43.174084,-77.607572,05/12/2010,9:28 AM,PROPERTY DAMAGE AND INJURY,2.,0 ,2 ,COLLISION WITH MOTOR VEHICLE,LEFT TURN (AGAINST OTHER CAR),STOP SIGN,DAYLIGHT,RAIN,WET
6836 ,33448888,MONROE,Rochester,,,Y,43.17571,-77.630108,05/11/2010,9:17 AM,PROPERTY DAMAGE AND INJURY,1.,0 ,2 ,COLLISION WITH MOTOR VEHICLE,RIGHT ANGLE,TRAFFIC SIGNAL,DAYLIGHT,CLEAR,DRY
6836 ,33448924,MONROE,Rochester,,,Y,43.188923,-77.630188,05/09/2010,3:33 PM,PROPERTY DAMAGE AND INJURY,1.,0 ,3 ,COLLISION WITH MOTOR VEHICLE,OTHER,TRAFFIC SIGNAL,DAYLIGHT,CLOUDY,DRY
6836 ,33448926,MONROE,Gates,,,Y,43.131614,-77.687307,05/05/2010,7:38 PM,INJURY,1.,0 ,1 ,COLLISION WITH PEDESTRIAN,OTHER,NONE,DAYLIGHT,CLEAR,DRY
6836 ,33448977,MONROE,Rochester,,,N,43.1637519,-77.5714976,05/05/2010,2:02 PM,PROPERTY DAMAGE AND INJURY,1.,0 ,2 ,COLLISION WITH MOTOR VEHICLE,UNKNOWN,NONE,DAYLIGHT,CLEAR,DRY
6836 ,33448978,MONROE,Rochester,,,Y,43.15939,-77.65956,05/11/2010,7:55 AM,PROPERTY DAMAGE AND INJURY,1.,0 ,3 ,COLLISION WITH MOTOR VEHICLE,OTHER,TRAFFIC SIGNAL,DAYLIGHT,CLEAR,DRY
6836 ,33448996,MONROE,Rochester,,,Y,43.14454,-77.596272,05/10/2010,4:16 PM,PROPERTY DAMAGE AND INJURY,1.,0 ,2 ,COLLISION WITH MOTOR VEHICLE,SIDESWIPE,NONE,DAYLIGHT,CLEAR,DRY
6836 ,33448998,MONROE,Rochester,,,Y,43.164648,-77.654143,05/07/2010,8:10 AM,INJURY,1.,0 ,2 ,COLLISION WITH MOTOR VEHICLE,UNKNOWN,TRAFFIC SIGNAL,DAYLIGHT,CLEAR,DRY