QUERYID,CASE #,REGN_CNTY_CDE,Municipality,MUNITYPE,REF_MRKR,ATINTERSECTION_IND,Lat,Long,,Time,Crash Type,Injuries,Fatalities,Number of Vehicles,ACCD_TYP,COLLISION_TYP,TRAF_CNTL,Light Condition,Weather Condition,Road Surface Condition
6836 ,33449032,MONROE,Rochester,,,Y,43.164633,-77.646619,05/09/2010,5:47 PM,PROPERTY DAMAGE AND INJURY,1.,0 ,1 ,COLLISION WITH OTHER FIXED OBJECT,OTHER,NONE,DAYLIGHT,CLEAR,DRY
6836 ,33449053,MONROE,Greece,,104 43031173,N,43.2049827,-77.6657304,05/09/2010,11:04 AM,PROPERTY DAMAGE AND INJURY,1.,0 ,2 ,COLLISION WITH MOTOR VEHICLE,REAR END,TRAFFIC SIGNAL,DAYLIGHT,CLOUDY,DRY
6836 ,33449072,MONROE,Greece,,,N,43.236608,-77.646863,05/06/2010,11:50 AM,PROPERTY DAMAGE AND INJURY,1.,0 ,2 ,COLLISION WITH MOTOR VEHICLE,UNKNOWN,TRAFFIC SIGNAL,DAYLIGHT,CLOUDY,DRY
6836 ,33449073,MONROE,Rochester,,,Y,43.174723,-77.619603,05/07/2010,6:08 PM,PROPERTY DAMAGE AND INJURY,1.,0 ,2 ,COLLISION WITH MOTOR VEHICLE,RIGHT ANGLE,STOP SIGN,DAYLIGHT,RAIN,WET
6836 ,33449074,MONROE,Rochester,,,N,43.1749568,-77.6115646,05/07/2010,4:37 AM,PROPERTY DAMAGE AND INJURY,1.,0 ,1 ,COLLISION WITH TREE,OTHER,NONE,DARK-ROAD LIGHTED,CLEAR,DRY
6836 ,33449080,MONROE,Rochester,,,Y,43.155344,-77.62902,05/03/2010,2:30 AM,PROPERTY DAMAGE AND INJURY,1.,0 ,2 ,COLLISION WITH MOTOR VEHICLE,RIGHT ANGLE,STOP SIGN,DARK-ROAD LIGHTED,CLOUDY,DRY
6836 ,33449081,MONROE,Rochester,,940M43011012,Y,43.180937,-77.631738,05/10/2010,7:41 AM,PROPERTY DAMAGE AND INJURY,2.,0 ,2 ,COLLISION WITH MOTOR VEHICLE,UNKNOWN,TRAFFIC SIGNAL,DAYLIGHT,CLEAR,DRY
6836 ,33449083,MONROE,Rochester,,,Y,43.130133,-77.6108911,05/11/2010,5:15 PM,INJURY,1.,0 ,2 ,COLLISION WITH MOTOR VEHICLE,LEFT TURN (AGAINST OTHER CAR),TRAFFIC SIGNAL,DAYLIGHT,CLOUDY,DRY
6836 ,33449084,MONROE,Rochester,,,N,43.1128641,-77.6161139,05/11/2010,1:00 PM,PROPERTY DAMAGE AND INJURY,1.,0 ,2 ,COLLISION WITH MOTOR VEHICLE,REAR END,TRAFFIC SIGNAL,DAYLIGHT,CLOUDY,DRY
6836 ,33449086,MONROE,Rochester,,,Y,43.145946,-77.609216,05/10/2010,2:14 PM,PROPERTY DAMAGE AND INJURY,2.,0 ,2 ,COLLISION WITH MOTOR VEHICLE,REAR END,TRAFFIC SIGNAL,DAYLIGHT,CLEAR,DRY
6836 ,33449087,MONROE,Rochester,,,N,43.1587145,-77.6097583,05/07/2010,5:00 PM,INJURY,1.,0 ,1 ,COLLISION WITH BICYCLIST,OTHER,NONE,DAYLIGHT,CLOUDY,DRY
6836 ,33449089,MONROE,Rochester,,,N,43.1517345,-77.6297848,05/11/2010,10:46 PM,INJURY,1.,0 ,1 ,COLLISION WITH PEDESTRIAN,OTHER,NONE,DARK-ROAD LIGHTED,RAIN,WET
6836 ,33449092,MONROE,Rochester,,,Y,43.160442,-77.591637,05/10/2010,3:41 PM,INJURY,1.,0 ,2 ,COLLISION WITH MOTOR VEHICLE,REAR END,NONE,DAYLIGHT,CLEAR,DRY
6836 ,33449096,MONROE,Rochester,,,Y,43.170699,-77.60951,05/14/2010,1:30 AM,PROPERTY DAMAGE AND INJURY,1.,0 ,2 ,COLLISION WITH MOTOR VEHICLE,REAR END,FLASHING LIGHT,DARK-ROAD LIGHTED,RAIN,WET
6836 ,33449111,MONROE,Rochester,,,Y,43.226345,-77.626653,05/09/2010,6:39 PM,INJURY,1.,0 ,2 ,COLLISION WITH MOTOR VEHICLE,REAR END,TRAFFIC SIGNAL,DAYLIGHT,CLEAR,DRY
6836 ,33449117,MONROE,Rochester,,,Y,43.146615,-77.629002,05/04/2010,3:20 PM,PROPERTY DAMAGE AND INJURY,1.,0 ,2 ,COLLISION WITH MOTOR VEHICLE,RIGHT ANGLE,TRAFFIC SIGNAL,DAYLIGHT,CLEAR,DRY
6836 ,33449118,MONROE,Rochester,,,Y,43.134615,-77.6509449,05/08/2010,9:30 AM,INJURY,2.,0 ,2 ,COLLISION WITH MOTOR VEHICLE,RIGHT TURN (AGAINST OTHER CAR),STOP SIGN,DAYLIGHT,CLOUDY,DRY
6836 ,33449143,MONROE,Rochester,,,N,43.1646277,-77.6386119,05/09/2010,12:53 PM,PROPERTY DAMAGE AND INJURY,1.,0 ,2 ,COLLISION WITH MOTOR VEHICLE,REAR END,TRAFFIC SIGNAL,DAYLIGHT,CLOUDY,DRY
6836 ,33449207,MONROE,Rochester,,,N,43.1765374,-77.5896887,05/06/2010,3:39 PM,PROPERTY DAMAGE AND INJURY,1.,0 ,2 ,COLLISION WITH MOTOR VEHICLE,UNKNOWN,NONE,DAYLIGHT,CLEAR,DRY
6836 ,33449215,MONROE,Rochester,,,N,43.1545247,-77.5946772,05/05/2010,11:45 PM,INJURY,2.,0 ,1 ,COLLISION WITH PEDESTRIAN,OTHER,NONE,DARK-ROAD LIGHTED,RAIN,WET
6836 ,33449216,MONROE,Rochester,,,Y,43.1408308,-77.6289547,05/06/2010,3:44 PM,INJURY,1.,0 ,1 ,COLLISION WITH PEDESTRIAN,OTHER,STOP SIGN,DAYLIGHT,CLEAR,DRY
6836 ,33449381,MONROE,Rochester,,,N,43.1484339,-77.6007415,04/29/2010,7:45 PM,PROPERTY DAMAGE AND INJURY,7.,0 ,3 ,COLLISION WITH MOTOR VEHICLE,OTHER,NONE,DAYLIGHT,CLEAR,DRY
6836 ,33449395,MONROE,Gates,,,Y,43.134759,-77.681623,05/11/2010,10:13 PM,INJURY,1.,0 ,1 ,COLLISION WITH BICYCLIST,OTHER,NONE,DARK-ROAD LIGHTED,RAIN,WET
6836 ,33449617,MONROE,Rochester,,,N,43.2275994,-77.5517754,04/30/2010,10:25 PM,PROPERTY DAMAGE AND INJURY,1.,0 ,2 ,COLLISION WITH MOTOR VEHICLE,UNKNOWN,NO PASSING ZONE,DARK-ROAD UNLIGHTED,UNKNOWN,DRY
6836 ,33449715,MONROE,Gates,,390 43011000,N,43.156574,-77.678936,04/08/2010,7:05 AM,INJURY,5.,0 ,6 ,COLLISION WITH MOTOR VEHICLE,OTHER,NONE,DAYLIGHT,CLOUDY,WET
6836 ,33450097,MONROE,Rochester,,,N,43.121583,-77.618928,05/07/2010,11:00 PM,INJURY,1.,0 ,2 ,COLLISION WITH MOTOR VEHICLE,REAR END,TRAFFIC SIGNAL,DARK-ROAD LIGHTED,RAIN,WET
6836 ,33450407,MONROE,Rochester,,,Y,43.155758,-77.59726,05/08/2010,12:00 AM,PROPERTY DAMAGE AND INJURY,1.,0 ,2 ,COLLISION WITH MOTOR VEHICLE,REAR END,TRAFFIC SIGNAL,DARK-ROAD UNLIGHTED,RAIN,FLOODED WATER
6836 ,33450474,MONROE,Ogden,,31 43031094,N,43.1882291,-77.854165,05/15/2010,3:28 AM,INJURY,1.,0 ,2 ,COLLISION WITH MOTOR VEHICLE,REAR END,TRAFFIC SIGNAL,DARK-ROAD UNLIGHTED,CLEAR,DRY
6836 ,33450506,MONROE,Rochester,,940M43011014,Y,43.18439,-77.631243,04/20/2010,5:00 PM,INJURY,2.,0 ,3 ,COLLISION WITH MOTOR VEHICLE,OTHER,NONE,DAYLIGHT,CLEAR,DRY
6836 ,33450569,MONROE,Greece,,947A43021144,N,43.3185834,-77.7282936,05/23/2010,9:17 AM,FATAL,0.,1 ,1 ,COLLISION WITH SIGN POST,OTHER,NONE,DAYLIGHT,CLEAR,DRY
6836 ,33450835,MONROE,Irondequoit,,,Y,43.204584,-77.612819,05/21/2010,3:40 PM,INJURY,1.,0 ,2 ,COLLISION WITH MOTOR VEHICLE,OVERTAKING,NONE,DAYLIGHT,CLEAR,DRY
6836 ,33450876,MONROE,Rochester,,,Y,43.148167,-77.636062,04/29/2010,4:10 PM,PROPERTY DAMAGE AND INJURY,1.,0 ,2 ,COLLISION WITH MOTOR VEHICLE,REAR END,TRAFFIC SIGNAL,DAYLIGHT,CLEAR,DRY
6836 ,33450941,MONROE,Webster,,,Y,43.218396,-77.475838,05/22/2010,11:40 AM,PROPERTY DAMAGE AND INJURY,1.,0 ,2 ,COLLISION WITH MOTOR VEHICLE,REAR END,TRAFFIC SIGNAL,DAYLIGHT,CLOUDY,DRY
6836 ,33451010,MONROE,Webster,,,N,43.2340877,-77.5120984,05/23/2010,1:44 AM,PROPERTY DAMAGE AND INJURY,2.,0 ,1 ,COLLISION WITH OTHER FIXED OBJECT,OTHER,NONE,DARK-ROAD LIGHTED,CLEAR,DRY
6836 ,33451201,MONROE,Wheatland,,383 43011041,N,43.0126935,-77.7867627,05/24/2010,9:43 PM,PROPERTY DAMAGE AND INJURY,4.,0 ,1 ,COLLISION WITH TREE,OTHER,NONE,DARK-ROAD UNLIGHTED,CLEAR,DRY
6836 ,33451249,MONROE,Webster,,104 43035228,N,43.214008,-77.5192987,05/24/2010,9:45 PM,PROPERTY DAMAGE AND INJURY,1.,0 ,1 ,OTHER NON-COLLISION,OTHER,NONE,DARK-ROAD LIGHTED,CLEAR,DRY
6836 ,33451351,MONROE,Pittsford,,96 43051042,N,43.0764987,-77.4978638,05/23/2010,5:40 PM,PROPERTY DAMAGE AND INJURY,3.,0 ,2 ,COLLISION WITH MOTOR VEHICLE,REAR END,TRAFFIC SIGNAL,DAYLIGHT,CLEAR,DRY
6836 ,33451367,MONROE,Sweden,,31 43031051,N,43.1983221,-77.9338454,05/25/2010,4:52 PM,INJURY,1.,0 ,1 ,COLLISION WITH BICYCLIST,OTHER,NONE,DAYLIGHT,CLEAR,DRY
6836 ,33451459,MONROE,Henrietta,,,Y,43.078223,-77.628707,05/25/2010,4:10 PM,PROPERTY DAMAGE AND INJURY,3.,0 ,3 ,COLLISION WITH MOTOR VEHICLE,OTHER,TRAFFIC SIGNAL,DAYLIGHT,CLEAR,DRY
6836 ,33451512,MONROE,Gates,,,N,43.1322815,-77.6860574,05/26/2010,5:59 PM,INJURY,1.,0 ,2 ,COLLISION WITH MOTOR VEHICLE,REAR END,NONE,DAYLIGHT,CLEAR,DRY
6836 ,33451633,MONROE,Brighton,,15 43031121,N,43.1039872,-77.6279177,05/26/2010,10:37 PM,PROPERTY DAMAGE AND INJURY,1.,0 ,2 ,COLLISION WITH MOTOR VEHICLE,REAR END,NONE,DARK-ROAD LIGHTED,CLOUDY,DRY
6836 ,33451835,MONROE,Chili,,383 43011139,Y,43.109021,-77.6746461,05/25/2010,10:01 PM,PROPERTY DAMAGE AND INJURY,1.,0 ,2 ,COLLISION WITH MOTOR VEHICLE,RIGHT ANGLE,TRAFFIC SIGNAL,DARK-ROAD LIGHTED,CLEAR,DRY
6836 ,33451855,MONROE,Brighton,,,Y,43.126336,-77.56802,05/26/2010,5:29 PM,INJURY,1.,0 ,2 ,COLLISION WITH MOTOR VEHICLE,REAR END,TRAFFIC SIGNAL,DAYLIGHT,CLEAR,DRY
6836 ,33452014,MONROE,Gates,,,N,43.1402014,-77.7360019,05/27/2010,4:40 PM,PROPERTY DAMAGE AND INJURY,2.,0 ,2 ,COLLISION WITH MOTOR VEHICLE,REAR END,NONE,DAYLIGHT,CLEAR,DRY
6836 ,33452105,MONROE,Penfield,,441 43011039,Y,43.131294,-77.466213,05/23/2010,6:18 PM,PROPERTY DAMAGE AND INJURY,1.,0 ,2 ,COLLISION WITH MOTOR VEHICLE,REAR END,NONE,DAYLIGHT,CLOUDY,DRY
6836 ,33452135,MONROE,Wheatland,,383 43011078,Y,43.032891,-77.7404391,05/26/2010,5:40 AM,PROPERTY DAMAGE AND INJURY,2.,0 ,2 ,COLLISION WITH MOTOR VEHICLE,OVERTAKING,NONE,DAWN,CLEAR,DRY
6836 ,33452192,MONROE,Perinton,,31 43033103,N,43.064483,-77.4073489,05/24/2010,4:47 PM,PROPERTY DAMAGE AND INJURY,1.,0 ,2 ,COLLISION WITH MOTOR VEHICLE,REAR END,NONE,DAYLIGHT,CLEAR,DRY
6836 ,33452236,MONROE,Chili,,,N,43.0877437,-77.8141006,05/25/2010,6:05 AM,INJURY,1.,0 ,1 ,COLLISION WITH BICYCLIST,OTHER,NO PASSING ZONE,DAYLIGHT,CLEAR,DRY
6836 ,33452341,MONROE,Spencerport,,,N,43.191674,-77.800669,05/27/2010,5:33 PM,PROPERTY DAMAGE AND INJURY,1.,0 ,2 ,COLLISION WITH MOTOR VEHICLE,RIGHT ANGLE,TRAFFIC SIGNAL,DAYLIGHT,CLEAR,DRY
6836 ,33452379,MONROE,Brighton,,,Y,43.116512,-77.553734,05/28/2010,12:37 PM,PROPERTY DAMAGE AND INJURY,1.,0 ,2 ,COLLISION WITH MOTOR VEHICLE,REAR END,TRAFFIC SIGNAL,DAYLIGHT,CLEAR,DRY
6836 ,33452391,MONROE,Rochester,,,N,43.2525117,-77.6195572,05/27/2010,9:03 PM,INJURY,1.,0 ,2 ,COLLISION WITH MOTOR VEHICLE,REAR END,STOP SIGN,DARK-ROAD LIGHTED,CLEAR,DRY
6836 ,33452403,MONROE,Greece,,,Y,43.2285935,-77.6967711,05/25/2010,3:11 PM,INJURY,3.,0 ,5 ,COLLISION WITH MOTOR VEHICLE,OTHER,NONE,DAYLIGHT,CLEAR,DRY
6836 ,33452468,MONROE,Rochester,,104 43032033,N,43.1920929,-77.5995686,05/26/2010,2:15 PM,PROPERTY DAMAGE AND INJURY,2.,0 ,1 ,COLLISION WITH BICYCLIST,OTHER,TRAFFIC SIGNAL,DAYLIGHT,CLEAR,DRY
6836 ,33452498,MONROE,Rochester,,490I43022042,N,43.1445251,-77.5995726,05/18/2010,5:41 PM,PROPERTY DAMAGE AND INJURY,1.,0 ,3 ,COLLISION WITH MOTOR VEHICLE,OTHER,NONE,DAYLIGHT,RAIN,WET
6836 ,33452505,MONROE,Rochester,,490I43022041,N,43.1454825,-77.6003314,05/21/2010,9:50 AM,PROPERTY DAMAGE AND INJURY,1.,0 ,1 ,COLLISION WITH OTHER BARRIER,OTHER,NONE,DAYLIGHT,CLEAR,DRY
6836 ,33452544,MONROE,Rochester,,490I43022043,N,43.1427676,-77.5977516,05/26/2010,6:40 PM,PROPERTY DAMAGE AND INJURY,1.,0 ,2 ,COLLISION WITH MOTOR VEHICLE,OVERTAKING,NONE,DAYLIGHT,CLEAR,DRY
6836 ,33452560,MONROE,Greece,,390 43011020,N,43.1859904,-77.6833461,05/21/2010,9:51 AM,PROPERTY DAMAGE AND INJURY,1.,0 ,2 ,COLLISION WITH MOTOR VEHICLE,OVERTAKING,NONE,DAYLIGHT,CLEAR,DRY
6836 ,33452609,MONROE,Henrietta,,252 43011069,N,43.0884858,-77.6381894,05/25/2010,2:35 PM,INJURY,1.,0 ,2 ,COLLISION WITH MOTOR VEHICLE,REAR END,NONE,DAYLIGHT,CLEAR,DRY
6836 ,33452736,MONROE,Perinton,,,N,43.0872859,-77.4015875,05/25/2010,10:54 PM,PROPERTY DAMAGE AND INJURY,3.,0 ,1 ,COLLISION WITH CURBING,OTHER,NONE,DARK-ROAD UNLIGHTED,CLEAR,DRY
6836 ,33452855,MONROE,Mendon,,,Y,42.978913,-77.607808,05/24/2010,6:24 AM,INJURY,2.,0 ,1 ,COLLISION WITH BICYCLIST,OTHER,NONE,DAYLIGHT,CLEAR,DRY
6836 ,33452877,MONROE,Scottsville,,383 43011063,Y,43.020172,-77.7483669,05/28/2010,2:27 PM,PROPERTY DAMAGE AND INJURY,2.,0 ,2 ,COLLISION WITH MOTOR VEHICLE,OVERTAKING,NONE,DAYLIGHT,CLEAR,DRY
6836 ,33452928,MONROE,Mendon,,,N,42.9742481,-77.5007942,05/27/2010,9:02 AM,INJURY,1.,0 ,1 ,COLLISION WITH SIGN POST,OTHER,NONE,DAYLIGHT,CLEAR,DRY
6836 ,33452933,MONROE,Perinton,,490I43023074,N,43.0589687,-77.47116,05/27/2010,10:54 PM,PROPERTY DAMAGE AND INJURY,1.,0 ,1 ,COLLISION WITH DEER,OTHER,NONE,DARK-ROAD LIGHTED,CLOUDY,DRY
6836 ,33453012,MONROE,Penfield,,,N,43.1865508,-77.5056716,05/25/2010,6:38 PM,PROPERTY DAMAGE AND INJURY,3.,0 ,2 ,COLLISION WITH MOTOR VEHICLE,OVERTAKING,NONE,DAYLIGHT,CLEAR,DRY
6836 ,33453038,MONROE,Chili,,,Y,43.036186,-77.74922,05/29/2010,7:02 AM,PROPERTY DAMAGE AND INJURY,1.,0 ,1 ,COLL. W/EARTH ELE./ROCK CUT/DITCH,OTHER,NONE,DAYLIGHT,CLEAR,DRY
6836 ,33453072,MONROE,Henrietta,,15 43031104,Y,43.080913,-77.6401531,05/29/2010,9:20 AM,PROPERTY DAMAGE AND INJURY,1.,0 ,2 ,COLLISION WITH MOTOR VEHICLE,RIGHT ANGLE,TRAFFIC SIGNAL,DAYLIGHT,CLEAR,DRY
6836 ,33453135,MONROE,Penfield,,441 43011074,Y,43.130568,-77.400468,05/24/2010,6:58 PM,PROPERTY DAMAGE AND INJURY,2.,0 ,2 ,COLLISION WITH MOTOR VEHICLE,LEFT TURN (AGAINST OTHER CAR),TRAFFIC SIGNAL,DAYLIGHT,CLEAR,DRY
6836 ,33453180,MONROE,Perinton,,31 43033088,Y,43.077546,-77.477294,05/26/2010,4:05 PM,PROPERTY DAMAGE AND INJURY,1.,0 ,3 ,COLLISION WITH MOTOR VEHICLE,OTHER,TRAFFIC SIGNAL,DAYLIGHT,CLEAR,DRY
6836 ,33453186,MONROE,Perinton,,31F43011030,N,43.1015992,-77.4626416,05/27/2010,4:47 PM,PROPERTY DAMAGE AND INJURY,1.,0 ,2 ,COLLISION WITH MOTOR VEHICLE,REAR END,NONE,DAYLIGHT,CLEAR,DRY
6836 ,33453196,MONROE,Chili,,,N,43.1225535,-77.648385,05/25/2010,8:10 AM,PROPERTY DAMAGE AND INJURY,1.,0 ,2 ,COLLISION WITH MOTOR VEHICLE,REAR END,NONE,DAYLIGHT,CLEAR,DRY
6836 ,33453349,MONROE,Chili,,,Y,43.106705,-77.713239,05/24/2010,7:20 AM,INJURY,3.,0 ,2 ,COLLISION WITH MOTOR VEHICLE,HEAD ON,NONE,DAYLIGHT,CLEAR,DRY
6836 ,33453774,MONROE,Rochester,,,Y,43.149875,-77.586273,05/13/2010,3:00 AM,PROPERTY DAMAGE AND INJURY,1.,0 ,1 ,COLLISION WITH CURBING,OTHER,NONE,DARK-ROAD LIGHTED,CLOUDY,DRY
6836 ,33453864,MONROE,Rochester,,,Y,43.176367,-77.5573561,05/16/2010,2:45 PM,PROPERTY DAMAGE AND INJURY,1.,0 ,3 ,COLLISION WITH MOTOR VEHICLE,OTHER,TRAFFIC SIGNAL,DAYLIGHT,CLEAR,DRY
6836 ,33453933,MONROE,Greece,,390 43011064,N,43.2484501,-77.6680777,05/21/2010,5:33 PM,INJURY,1.,0 ,2 ,COLLISION WITH MOTOR VEHICLE,REAR END,NONE,DAYLIGHT,CLEAR,DRY
6836 ,33453954,MONROE,Pittsford,,96 43051060,Y,43.093021,-77.514419,05/30/2010,12:15 PM,PROPERTY DAMAGE AND INJURY,2.,0 ,2 ,COLLISION WITH MOTOR VEHICLE,REAR END,NONE,DAYLIGHT,CLEAR,DRY
6836 ,33454025,MONROE,Pittsford,,64 43021102,N,43.081802,-77.520633,05/20/2010,9:15 AM,PROPERTY DAMAGE AND INJURY,1.,0 ,2 ,COLLISION WITH MOTOR VEHICLE,HEAD ON,STOP SIGN,DAYLIGHT,CLEAR,DRY
6836 ,33454069,MONROE,Webster,,104 43035243,N,43.214362,-77.4915648,05/30/2010,4:55 AM,PROPERTY DAMAGE AND INJURY,1.,0 ,1 ,COLLISION WITH GUIDERAIL - END,OTHER,NONE,DAWN,CLEAR,DRY
6836 ,33454147,MONROE,Rochester,,104 43032030,N,43.1915397,-77.6052551,05/30/2010,5:53 PM,PROPERTY DAMAGE AND INJURY,1.,0 ,1 ,COLLISION WITH OTHER BARRIER,OTHER,NONE,DAYLIGHT,CLEAR,DRY
6836 ,33454148,MONROE,Henrietta,,15 43031109,Y,43.091083,-77.6346551,05/15/2010,3:46 PM,PROPERTY DAMAGE AND INJURY,3.,0 ,2 ,COLLISION WITH MOTOR VEHICLE,RIGHT ANGLE,STOP SIGN,DAYLIGHT,CLOUDY,DRY
6836 ,33454160,MONROE,Spencerport,,31 43031120,Y,43.181735,-77.804227,05/30/2010,5:50 PM,INJURY,3.,0 ,2 ,COLLISION WITH MOTOR VEHICLE,HEAD ON,TRAFFIC SIGNAL,DAYLIGHT,CLEAR,DRY
6836 ,33454173,MONROE,Gates,,390 43011007,N,43.1682658,-77.6831829,05/30/2010,10:36 AM,PROPERTY DAMAGE AND INJURY,1.,0 ,1 ,COLL. W/EARTH ELE./ROCK CUT/DITCH,OTHER,NONE,DAYLIGHT,CLEAR,DRY
6836 ,33454202,MONROE,Pittsford,,96 43051065,Y,43.097504,-77.514135,05/21/2010,11:20 AM,PROPERTY DAMAGE AND INJURY,1.,0 ,2 ,COLLISION WITH MOTOR VEHICLE,REAR END,TRAFFIC SIGNAL,DAYLIGHT,CLEAR,DRY
6836 ,33454210,MONROE,Rochester,,490I43022005,N,43.157476,-77.6631511,05/06/2010,5:30 PM,PROPERTY DAMAGE AND INJURY,1.,0 ,2 ,COLLISION WITH MOTOR VEHICLE,REAR END,NONE,DAYLIGHT,CLEAR,DRY
6836 ,33454212,MONROE,Perinton,,31F43011024,N,43.1022379,-77.4758231,05/24/2010,7:48 AM,PROPERTY DAMAGE AND INJURY,1.,0 ,4 ,COLLISION WITH MOTOR VEHICLE,OTHER,NONE,DAYLIGHT,CLEAR,DRY
6836 ,33454213,MONROE,Henrietta,,,Y,43.031201,-77.627528,05/29/2010,9:35 PM,PROPERTY DAMAGE AND INJURY,1.,0 ,2 ,COLLISION WITH MOTOR VEHICLE,RIGHT ANGLE,NONE,DARK-ROAD LIGHTED,CLEAR,DRY
6836 ,33454290,MONROE,Rochester,,490I43022039,N,43.1482043,-77.6024472,05/30/2010,7:50 PM,PROPERTY DAMAGE AND INJURY,1.,0 ,1 ,COLLISION WITH OTHER BARRIER,OTHER,NONE,DAYLIGHT,CLEAR,DRY
6836 ,33454297,MONROE,Penfield,,441 43011049,N,43.1308037,-77.4468072,05/21/2010,10:03 AM,PROPERTY DAMAGE AND INJURY,2.,0 ,2 ,COLLISION WITH MOTOR VEHICLE,REAR END,TRAFFIC SIGNAL,DAYLIGHT,CLEAR,DRY
6836 ,33454302,MONROE,Perinton,,96 43051028,N,43.0621305,-77.4810283,05/21/2010,10:55 AM,INJURY,1.,0 ,2 ,COLLISION WITH MOTOR VEHICLE,REAR END,NONE,DAYLIGHT,CLEAR,DRY
6836 ,33454309,MONROE,Penfield,,286 43011018,Y,43.153666,-77.506025,05/25/2010,7:43 AM,PROPERTY DAMAGE AND INJURY,1.,0 ,2 ,COLLISION WITH MOTOR VEHICLE,RIGHT ANGLE,FLASHING LIGHT,DAYLIGHT,CLEAR,DRY
6836 ,33454639,MONROE,Penfield,,,Y,43.131338,-77.475846,05/01/2010,2:13 PM,PROPERTY DAMAGE AND INJURY,1.,0 ,2 ,COLLISION WITH MOTOR VEHICLE,RIGHT ANGLE,STOP SIGN,DAYLIGHT,CLOUDY,DRY
6836 ,33454640,MONROE,Pittsford,,31 43033056,N,43.0819352,-77.4957443,05/01/2010,3:07 PM,PROPERTY DAMAGE AND INJURY,1.,0 ,2 ,COLLISION WITH MOTOR VEHICLE,REAR END,NONE,DAYLIGHT,CLOUDY,DRY
6836 ,33454708,MONROE,Rochester,,,N,43.1781171,-77.6060815,04/30/2010,12:55 AM,INJURY,1.,0 ,1 ,COLLISION WITH FENCE,OTHER,NONE,DARK-ROAD LIGHTED,CLEAR,DRY
6836 ,33454818,MONROE,Rochester,,,Y,43.138151,-77.596958,05/15/2010,4:03 PM,INJURY,1.,0 ,2 ,COLLISION WITH MOTOR VEHICLE,RIGHT ANGLE,STOP SIGN,DAYLIGHT,CLEAR,DRY
6836 ,33454819,MONROE,Rochester,,,N,43.1144103,-77.6161901,05/15/2010,3:36 PM,PROPERTY DAMAGE AND INJURY,1.,0 ,2 ,COLLISION WITH MOTOR VEHICLE,REAR END,TRAFFIC SIGNAL,DAYLIGHT,CLEAR,DRY
6836 ,33454820,MONROE,Rochester,,,Y,43.169471,-77.5931071,05/15/2010,10:55 PM,INJURY,1.,0 ,2 ,COLLISION WITH MOTOR VEHICLE,REAR END,STOP SIGN,DARK-ROAD LIGHTED,CLEAR,DRY
6836 ,33454821,MONROE,Rochester,,,Y,43.1598361,-77.5942962,05/15/2010,7:48 PM,PROPERTY DAMAGE AND INJURY,1.,0 ,2 ,COLLISION WITH MOTOR VEHICLE,REAR END,TRAFFIC SIGNAL,DUSK,CLOUDY,DRY
6836 ,33454823,MONROE,Rochester,,,Y,43.125054,-77.6066009,05/16/2010,10:53 AM,PROPERTY DAMAGE AND INJURY,1.,0 ,2 ,COLLISION WITH MOTOR VEHICLE,UNKNOWN,TRAFFIC SIGNAL,DAYLIGHT,CLEAR,DRY
6836 ,33454824,MONROE,Rochester,,,N,43.1613471,-77.5532005,05/16/2010,4:10 PM,INJURY,1.,0 ,1 ,COLLISION WITH DEER,OTHER,NONE,DAYLIGHT,CLOUDY,DRY
6836 ,33454825,MONROE,Rochester,,,N,43.191321,-77.612856,05/16/2010,10:48 AM,PROPERTY DAMAGE AND INJURY,2.,0 ,2 ,COLLISION WITH MOTOR VEHICLE,RIGHT ANGLE,TRAFFIC SIGNAL,DAYLIGHT,CLEAR,DRY
6836 ,33454827,MONROE,Rochester,,,Y,43.175553,-77.586612,05/16/2010,3:55 PM,INJURY,1.,0 ,2 ,COLLISION WITH MOTOR VEHICLE,RIGHT ANGLE,STOP SIGN,DAYLIGHT,CLEAR,DRY
6836 ,33454955,MONROE,Wheatland,,383 43011072,Y,43.030032,-77.7420679,04/29/2010,3:15 PM,FATAL,0.,1 ,1 ,COLLISION WITH PEDESTRIAN,OTHER,NONE,DAYLIGHT,CLEAR,DRY
6836 ,33455640,MONROE,Brockport,,19 43041054,N,43.2099655,-77.9401791,05/25/2010,5:50 PM,PROPERTY DAMAGE AND INJURY,1.,0 ,2 ,COLLISION WITH MOTOR VEHICLE,REAR END,NONE,DAYLIGHT,CLEAR,DRY
6836 ,33455643,MONROE,Brighton,,31 43033022,Y,43.111017,-77.547717,06/01/2010,8:41 AM,INJURY,1.,0 ,2 ,COLLISION WITH MOTOR VEHICLE,REAR END,TRAFFIC SIGNAL,DAYLIGHT,RAIN,WET
6836 ,33455824,MONROE,Brighton,,15 43031127,Y,43.111824,-77.623873,06/01/2010,9:15 AM,INJURY,1.,0 ,2 ,COLLISION WITH MOTOR VEHICLE,REAR END,TRAFFIC SIGNAL,DAYLIGHT,CLOUDY,WET
6836 ,33456032,MONROE,Rochester,,490I43022057,N,43.1433256,-77.5714932,05/31/2010,6:49 AM,INJURY,1.,0 ,1 ,COLL. W/EARTH ELE./ROCK CUT/DITCH,OTHER,NONE,DAYLIGHT,CLEAR,DRY
6836 ,33456155,MONROE,Rochester,,490I43022012,N,43.1572095,-77.649069,06/01/2010,2:45 PM,PROPERTY DAMAGE AND INJURY,2.,0 ,3 ,COLLISION WITH MOTOR VEHICLE,OTHER,NONE,DAYLIGHT,CLEAR,DRY
6836 ,33456388,MONROE,Rochester,,,Y,43.160628,-77.628685,05/08/2010,4:45 PM,PROPERTY DAMAGE AND INJURY,1.,0 ,2 ,COLLISION WITH MOTOR VEHICLE,RIGHT ANGLE,TRAFFIC SIGNAL,DAYLIGHT,CLOUDY,DRY