QUERYID,CASE #,REGN_CNTY_CDE,Municipality,MUNITYPE,REF_MRKR,ATINTERSECTION_IND,Lat,Long,,Time,Crash Type,Injuries,Fatalities,Number of Vehicles,ACCD_TYP,COLLISION_TYP,TRAF_CNTL,Light Condition,Weather Condition,Road Surface Condition
6836 ,33456396,MONROE,Rochester,,,Y,43.200455,-77.638723,05/05/2010,9:54 PM,PROPERTY DAMAGE AND INJURY,1.,0 ,3 ,COLLISION WITH MOTOR VEHICLE,OTHER,TRAFFIC SIGNAL,DARK-ROAD LIGHTED,RAIN,WET
6836 ,33456586,MONROE,Henrietta,,,N,43.0681571,-77.6371482,05/26/2010,3:26 PM,PROPERTY DAMAGE AND INJURY,1.,0 ,2 ,COLLISION WITH PEDESTRIAN,OTHER,NONE,DAYLIGHT,CLEAR,DRY
6836 ,33456746,MONROE,Gates,,,Y,43.167587,-77.697351,06/02/2010,1:12 AM,PROPERTY DAMAGE AND INJURY,1.,0 ,1 ,COLL. W/LIGHT SUPPORT/UTILITY POLE,OTHER,NONE,DARK-ROAD LIGHTED,CLEAR,DRY
6836 ,33457137,MONROE,Greece,,,N,43.1873111,-77.6996319,06/01/2010,11:41 AM,PROPERTY DAMAGE AND INJURY,2.,0 ,2 ,COLLISION WITH MOTOR VEHICLE,RIGHT ANGLE,NONE,DAYLIGHT,CLOUDY,DRY
6836 ,33457261,MONROE,Brighton,,,N,43.1276061,-77.5361059,06/01/2010,3:16 PM,PROPERTY DAMAGE AND INJURY,1.,0 ,2 ,COLLISION WITH MOTOR VEHICLE,REAR END,NONE,DAYLIGHT,CLEAR,DRY
6836 ,33457272,MONROE,Irondequoit,,,Y,43.202546,-77.619028,05/25/2010,11:15 AM,PROPERTY DAMAGE AND INJURY,1.,0 ,2 ,COLLISION WITH MOTOR VEHICLE,RIGHT ANGLE,NONE,DAYLIGHT,CLEAR,DRY
6836 ,33457384,MONROE,Greece,,947A43021217,N,43.2557927,-77.6291337,06/02/2010,1:57 PM,INJURY,1.,0 ,1 ,OTHER NON-COLLISION,OTHER,NONE,DAYLIGHT,CLEAR,DRY
6836 ,33457746,MONROE,Rochester,,,N,43.1513439,-77.6069399,05/16/2010,2:52 PM,PROPERTY DAMAGE AND INJURY,1.,0 ,2 ,COLLISION WITH MOTOR VEHICLE,RIGHT ANGLE,NONE,DAYLIGHT,CLEAR,DRY
6836 ,33457748,MONROE,Rochester,,,Y,43.164635,-77.631059,05/17/2010,4:27 PM,PROPERTY DAMAGE AND INJURY,2.,0 ,2 ,COLLISION WITH MOTOR VEHICLE,REAR END,NONE,DAYLIGHT,CLOUDY,DRY
6836 ,33457750,MONROE,Rochester,,,N,43.1652242,-77.5818872,05/17/2010,1:01 PM,PROPERTY DAMAGE AND INJURY,2.,0 ,2 ,COLLISION WITH MOTOR VEHICLE,REAR END,UNKNOWN,DAYLIGHT,CLEAR,DRY
6836 ,33457752,MONROE,Rochester,,,Y,43.194394,-77.6266909,05/17/2010,12:00 AM,INJURY,1.,0 ,2 ,COLLISION WITH MOTOR VEHICLE,UNKNOWN,NONE,DAYLIGHT,CLEAR,DRY
6836 ,33457754,MONROE,Rochester,,,N,43.18712,-77.630608,05/14/2010,2:08 PM,PROPERTY DAMAGE AND INJURY,1.,0 ,2 ,COLLISION WITH MOTOR VEHICLE,REAR END,UNKNOWN,DAYLIGHT,CLEAR,DRY
6836 ,33457755,MONROE,Rochester,,,Y,43.149976,-77.6438629,05/14/2010,10:06 AM,PROPERTY DAMAGE AND INJURY,1.,0 ,2 ,COLLISION WITH MOTOR VEHICLE,RIGHT ANGLE,TRAFFIC SIGNAL,DAYLIGHT,CLOUDY,DRY
6836 ,33457757,MONROE,Rochester,,,Y,43.150263,-77.636096,05/14/2010,7:57 AM,INJURY,2.,0 ,2 ,COLLISION WITH MOTOR VEHICLE,RIGHT ANGLE,TRAFFIC SIGNAL,DAYLIGHT,CLEAR,DRY
6836 ,33457758,MONROE,Rochester,,,Y,43.203228,-77.651699,05/13/2010,3:15 PM,INJURY,1.,0 ,1 ,COLLISION WITH PEDESTRIAN,OTHER,NONE,DAYLIGHT,CLEAR,DRY
6836 ,33457759,MONROE,Rochester,,,Y,43.1149141,-77.6098415,05/14/2010,12:06 PM,PROPERTY DAMAGE AND INJURY,1.,0 ,2 ,COLLISION WITH MOTOR VEHICLE,REAR END,NONE,DAYLIGHT,CLEAR,DRY
6836 ,33457817,MONROE,Henrietta,,,Y,43.068363,-77.627475,04/27/2010,9:30 AM,INJURY,1.,0 ,2 ,COLLISION WITH MOTOR VEHICLE,REAR END,UNKNOWN,UNKNOWN,UNKNOWN,UNKNOWN
6836 ,33457855,MONROE,Rochester,,,Y,43.186812,-77.599571,05/13/2010,5:40 PM,PROPERTY DAMAGE AND INJURY,1.,0 ,4 ,COLLISION WITH MOTOR VEHICLE,OTHER,TRAFFIC SIGNAL,DAYLIGHT,CLEAR,DRY
6836 ,33457869,MONROE,Rochester,,,Y,43.179313,-77.637573,05/08/2010,5:45 PM,PROPERTY DAMAGE AND INJURY,1.,0 ,2 ,COLLISION WITH MOTOR VEHICLE,REAR END,UNKNOWN,UNKNOWN,UNKNOWN,UNKNOWN
6836 ,33458048,MONROE,Rochester,,,Y,43.161226,-77.610298,05/14/2010,3:24 PM,PROPERTY DAMAGE AND INJURY,1.,0 ,2 ,COLLISION WITH MOTOR VEHICLE,RIGHT ANGLE,TRAFFIC SIGNAL,DAYLIGHT,CLEAR,DRY
6836 ,33458183,MONROE,Brighton,,,N,43.1314295,-77.5902561,06/02/2010,4:24 PM,PROPERTY DAMAGE AND INJURY,2.,0 ,4 ,COLLISION WITH MOTOR VEHICLE,OTHER,HIGHWAY WORK AREA,DAYLIGHT,CLEAR,DRY
6836 ,33458270,MONROE,Rochester,,,N,43.196037,-77.561399,06/02/2010,10:50 AM,PROPERTY DAMAGE AND INJURY,1.,0 ,2 ,COLLISION WITH MOTOR VEHICLE,RIGHT ANGLE,TRAFFIC SIGNAL,DAYLIGHT,CLEAR,DRY
6836 ,33458435,MONROE,Chili,,,Y,43.1128,-77.8035511,05/29/2010,1:40 AM,INJURY,1.,0 ,1 ,OTHER NON-COLLISION,OTHER,STOP SIGN,DARK-ROAD LIGHTED,CLEAR,DRY
6836 ,33458453,MONROE,Rochester,,,Y,43.217206,-77.5562899,05/24/2010,7:40 PM,PROPERTY DAMAGE AND INJURY,1.,0 ,3 ,COLLISION WITH MOTOR VEHICLE,OTHER,NONE,DAYLIGHT,CLEAR,DRY
6836 ,33458515,MONROE,Perinton,,,N,43.0643948,-77.3787644,04/03/2010,2:51 PM,PROPERTY DAMAGE AND INJURY,1.,0 ,2 ,COLLISION WITH MOTOR VEHICLE,REAR END,NO PASSING ZONE,DAYLIGHT,CLEAR,DRY
6836 ,33458601,MONROE,Brighton,,15A43041121,N,43.0999543,-77.6142123,06/03/2010,8:20 AM,INJURY,2.,0 ,2 ,COLLISION WITH MOTOR VEHICLE,REAR END,TRAFFIC SIGNAL,DAYLIGHT,RAIN,WET
6836 ,33458698,MONROE,Greece,,,Y,43.223658,-77.677773,06/02/2010,9:33 PM,PROPERTY DAMAGE AND INJURY,3.,0 ,2 ,COLLISION WITH MOTOR VEHICLE,LEFT TURN (WITH OTHER CAR),TRAFFIC SIGNAL,DAYLIGHT,RAIN,WET
6836 ,33458763,MONROE,Irondequoit,,,N,43.1966084,-77.5966682,06/03/2010,5:30 PM,INJURY,1.,0 ,1 ,COLLISION WITH BICYCLIST,OTHER,NONE,DAYLIGHT,CLOUDY,DRY
6836 ,33458804,MONROE,Brighton,,390I43031137,N,43.1072246,-77.6012889,06/02/2010,10:09 AM,PROPERTY DAMAGE AND INJURY,1.,0 ,2 ,COLLISION WITH MOTOR VEHICLE,HEAD ON,NONE,DAYLIGHT,CLEAR,DRY
6836 ,33458815,MONROE,Irondequoit,,,Y,43.210642,-77.599488,06/02/2010,5:17 PM,PROPERTY DAMAGE AND INJURY,1.,0 ,2 ,COLLISION WITH MOTOR VEHICLE,RIGHT ANGLE,NONE,DAYLIGHT,CLOUDY,DRY
6836 ,33458895,MONROE,Greece,,,Y,43.243307,-77.659153,06/03/2010,2:02 PM,PROPERTY DAMAGE AND INJURY,1.,0 ,2 ,COLLISION WITH MOTOR VEHICLE,REAR END,STOP SIGN,DAYLIGHT,CLOUDY,DRY
6836 ,33458928,MONROE,Irondequoit,,,N,43.196244,-77.57677,06/03/2010,5:35 PM,PROPERTY DAMAGE AND INJURY,1.,0 ,2 ,COLLISION WITH MOTOR VEHICLE,REAR END,YIELD SIGN,DAYLIGHT,CLEAR,DRY
6836 ,33458980,MONROE,Gates,,,Y,43.164702,-77.688016,06/03/2010,10:44 AM,PROPERTY DAMAGE AND INJURY,1.,0 ,3 ,COLLISION WITH MOTOR VEHICLE,OTHER,TRAFFIC SIGNAL,DAYLIGHT,CLOUDY,DRY
6836 ,33459055,MONROE,Mendon,,,Y,43.023051,-77.584231,06/03/2010,3:19 PM,INJURY,2.,0 ,2 ,COLLISION WITH MOTOR VEHICLE,RIGHT ANGLE,STOP SIGN,DAYLIGHT,CLEAR,OTHER
6836 ,33459280,MONROE,Brighton,,590I43011037,N,43.1257676,-77.5533317,06/04/2010,2:29 PM,PROPERTY DAMAGE AND INJURY,1.,0 ,1 ,COLLISION WITH GUIDE RAIL,OTHER,NONE,DAYLIGHT,CLEAR,DRY
6836 ,33459290,MONROE,Brighton,,590 43011008,N,43.1531364,-77.5381992,06/04/2010,5:28 PM,INJURY,1.,0 ,1 ,COLLISION WITH DEER,OTHER,NONE,DAYLIGHT,CLEAR,DRY
6836 ,33459495,MONROE,Gates,,,N,43.145271,-77.717974,06/04/2010,4:08 PM,PROPERTY DAMAGE AND INJURY,2.,0 ,2 ,COLLISION WITH MOTOR VEHICLE,REAR END,NONE,DAYLIGHT,CLOUDY,DRY
6836 ,33459506,MONROE,Gates,,,Y,43.164584,-77.711592,06/04/2010,5:12 PM,INJURY,1.,0 ,2 ,COLLISION WITH MOTOR VEHICLE,REAR END,TRAFFIC SIGNAL,DAYLIGHT,CLEAR,DRY
6836 ,33459511,MONROE,Penfield,,,N,43.1274786,-77.4359942,05/29/2010,1:20 AM,PROPERTY DAMAGE AND INJURY,1.,0 ,1 ,COLLISION WITH TREE,OTHER,NONE,DARK-ROAD UNLIGHTED,CLEAR,DRY
6836 ,33459513,MONROE,Henrietta,,252 43011097,N,43.0870271,-77.5827531,06/03/2010,9:50 PM,PROPERTY DAMAGE AND INJURY,3.,0 ,2 ,COLLISION WITH MOTOR VEHICLE,LEFT TURN (AGAINST OTHER CAR),TRAFFIC SIGNAL,DARK-ROAD LIGHTED,CLEAR,DRY
6836 ,33459562,MONROE,Gates,,390 43011006,N,43.1643256,-77.6830306,06/03/2010,4:54 PM,PROPERTY DAMAGE AND INJURY,1.,0 ,3 ,COLLISION WITH MOTOR VEHICLE,OTHER,NONE,DAYLIGHT,CLEAR,DRY
6836 ,33459574,MONROE,Gates,,390I43037021,N,43.157153,-77.6790588,06/03/2010,9:03 AM,PROPERTY DAMAGE AND INJURY,1.,0 ,1 ,COLLISION WITH GUIDE RAIL,OTHER,NONE,DAYLIGHT,CLOUDY,WET
6836 ,33459981,MONROE,Henrietta,,252 43011083,N,43.0871538,-77.6101416,06/04/2010,4:50 PM,INJURY,1.,0 ,3 ,COLLISION WITH MOTOR VEHICLE,OTHER,TRAFFIC SIGNAL,DAYLIGHT,CLEAR,DRY
6836 ,33459985,MONROE,Perinton,,31 43033088,N,43.0687972,-77.4355717,06/04/2010,1:09 PM,PROPERTY DAMAGE AND INJURY,1.,0 ,2 ,COLLISION WITH MOTOR VEHICLE,LEFT TURN (WITH OTHER CAR),TRAFFIC SIGNAL,DAYLIGHT,CLEAR,DRY
6836 ,33459997,MONROE,Chili,,383 43011131,N,43.0979082,-77.678201,06/04/2010,4:10 PM,PROPERTY DAMAGE AND INJURY,1.,0 ,2 ,COLLISION WITH MOTOR VEHICLE,REAR END,RR CROSSING SIGN,DAYLIGHT,CLEAR,DRY
6836 ,33460000,MONROE,Brighton,,15 43031126,Y,43.11019,-77.624761,06/04/2010,3:12 PM,INJURY,1.,0 ,2 ,COLLISION WITH MOTOR VEHICLE,REAR END,TRAFFIC SIGNAL,DAYLIGHT,CLEAR,DRY
6836 ,33460005,MONROE,Hilton,,,N,43.2896078,-77.7873029,06/05/2010,7:18 PM,PROPERTY DAMAGE AND INJURY,1.,0 ,2 ,COLLISION WITH MOTOR VEHICLE,RIGHT ANGLE,STOP SIGN,DAYLIGHT,CLOUDY,DRY
6836 ,33460006,MONROE,Perinton,,31 43033062,N,43.0787208,-77.4844267,06/01/2010,4:39 PM,PROPERTY DAMAGE AND INJURY,1.,0 ,2 ,COLLISION WITH MOTOR VEHICLE,REAR END,STOP SIGN,DAYLIGHT,CLEAR,DRY
6836 ,33460011,MONROE,Gates,,390 43011001,N,43.1563738,-77.6817999,05/02/2010,2:05 AM,PROPERTY DAMAGE AND INJURY,1.,0 ,1 ,COLLISION WITH GUIDE RAIL,OTHER,NONE,DARK-ROAD LIGHTED,CLEAR,DRY
6836 ,33460469,MONROE,Irondequoit,,,N,43.2284791,-77.588043,05/10/2010,4:54 PM,INJURY,1.,0 ,2 ,COLLISION WITH MOTOR VEHICLE,UNKNOWN,UNKNOWN,UNKNOWN,UNKNOWN,UNKNOWN
6836 ,33461209,MONROE,Rochester,,,Y,43.180496,-77.610812,05/14/2010,11:30 AM,INJURY,1.,0 ,2 ,COLLISION WITH MOTOR VEHICLE,LEFT TURN (AGAINST OTHER CAR),TRAFFIC SIGNAL,DAYLIGHT,CLEAR,DRY
6836 ,33461463,MONROE,Rochester,,590I43012004,N,43.1431482,-77.5477604,06/06/2010,1:14 PM,PROPERTY DAMAGE AND INJURY,1.,0 ,2 ,COLLISION WITH MOTOR VEHICLE,HEAD ON,NONE,DAYLIGHT,RAIN,WET
6836 ,33461535,MONROE,Penfield,,,N,43.1749228,-77.5204627,06/02/2010,12:27 PM,PROPERTY DAMAGE AND INJURY,4.,0 ,2 ,COLLISION WITH MOTOR VEHICLE,REAR END,NONE,DAYLIGHT,CLEAR,DRY
6836 ,33461609,MONROE,Henrietta,,,N,43.0869069,-77.6247219,06/03/2010,8:22 PM,PROPERTY DAMAGE AND INJURY,1.,0 ,2 ,COLLISION WITH PEDESTRIAN,OTHER,NONE,DUSK,CLOUDY,WET
6836 ,33461631,MONROE,Irondequoit,,104 43035208,N,43.1994306,-77.5472445,06/07/2010,7:20 AM,INJURY,1.,0 ,1 ,COLLISION WITH DEER,OTHER,NONE,DAYLIGHT,CLEAR,DRY
6836 ,33461750,MONROE,Webster,,,Y,43.240801,-77.400501,06/05/2010,3:16 PM,PROPERTY DAMAGE AND INJURY,1.,0 ,2 ,COLLISION WITH MOTOR VEHICLE,RIGHT ANGLE,STOP SIGN,DAYLIGHT,CLOUDY,DRY
6836 ,33461850,MONROE,Sweden,,260 43011017,N,43.2155361,-77.8935519,06/03/2010,12:51 AM,PROPERTY DAMAGE AND INJURY,1.,0 ,2 ,COLLISION WITH MOTOR VEHICLE,REAR END,NONE,DARK-ROAD UNLIGHTED,CLOUDY,DRY
6836 ,33461927,MONROE,Rochester,,490I43022036,N,43.150553,-77.6064319,06/07/2010,8:07 AM,PROPERTY DAMAGE AND INJURY,1.,0 ,1 ,RAN OFF ROAD ONLY,OTHER,NONE,DAYLIGHT,CLEAR,DRY
6836 ,33462068,MONROE,Gates,,31 43031175,N,43.1688367,-77.7000215,06/05/2010,11:28 AM,PROPERTY DAMAGE AND INJURY,2.,0 ,3 ,COLLISION WITH MOTOR VEHICLE,OTHER,NONE,DAYLIGHT,CLOUDY,DRY
6836 ,33462279,MONROE,Chili,,251 43011072,N,43.0558272,-77.7784234,06/07/2010,5:43 PM,PROPERTY DAMAGE AND INJURY,1.,0 ,1 ,COLLISION WITH GUIDE RAIL,OTHER,NONE,DAYLIGHT,CLEAR,DRY
6836 ,33462364,MONROE,Irondequoit,,590 43013015,N,43.1887091,-77.5443621,06/08/2010,7:59 AM,INJURY,1.,0 ,3 ,COLLISION WITH MOTOR VEHICLE,OTHER,NONE,DAYLIGHT,CLEAR,DRY
6836 ,33462592,MONROE,Gates,,,N,43.1498154,-77.7113199,06/07/2010,3:06 PM,PROPERTY DAMAGE AND INJURY,1.,0 ,2 ,COLLISION WITH MOTOR VEHICLE,REAR END,NONE,DAYLIGHT,CLEAR,DRY
6836 ,33462655,MONROE,Sweden,,31 43032016,Y,43.212973,-77.96844,06/07/2010,2:21 PM,PROPERTY DAMAGE AND INJURY,2.,0 ,2 ,COLLISION WITH MOTOR VEHICLE,REAR END,NONE,DAYLIGHT,CLEAR,DRY
6836 ,33462687,MONROE,Henrietta,,15 43031038,Y,43.067984,-77.647022,05/31/2010,3:58 PM,INJURY,1.,0 ,3 ,COLLISION WITH MOTOR VEHICLE,OTHER,TRAFFIC SIGNAL,DAYLIGHT,CLOUDY,DRY
6836 ,33462722,MONROE,Chili,,,N,43.120725,-77.7456369,06/03/2010,6:18 AM,PROPERTY DAMAGE AND INJURY,1.,0 ,1 ,COLL. W/LIGHT SUPPORT/UTILITY POLE,OTHER,TRAFFIC SIGNAL,DAWN,CLOUDY,WET
6836 ,33462870,MONROE,Rochester,,,Y,43.164639,-77.6232511,05/13/2010,11:05 PM,PROPERTY DAMAGE AND INJURY,2.,0 ,3 ,COLLISION WITH MOTOR VEHICLE,OTHER,TRAFFIC SIGNAL,DARK-ROAD LIGHTED,RAIN,WET
6836 ,33462910,MONROE,Rochester,,,N,43.1333955,-77.6372537,05/03/2010,7:47 AM,INJURY,1.,0 ,1 ,COLLISION WITH PEDESTRIAN,OTHER,NONE,DAYLIGHT,CLEAR,DRY
6836 ,33462915,MONROE,Rochester,,,N,43.1938493,-77.6416099,05/16/2010,2:09 PM,INJURY,1.,0 ,1 ,COLLISION WITH BICYCLIST,OTHER,NONE,DAYLIGHT,CLEAR,DRY
6836 ,33462916,MONROE,Rochester,,,Y,43.18038,-77.616181,05/17/2010,4:45 PM,PROPERTY DAMAGE AND INJURY,1.,0 ,2 ,COLLISION WITH MOTOR VEHICLE,OVERTAKING,NONE,DAYLIGHT,CLEAR,UNKNOWN
6836 ,33462925,MONROE,Greece,,,N,43.2237536,-77.6588554,05/17/2010,10:30 AM,PROPERTY DAMAGE AND INJURY,2.,0 ,2 ,COLLISION WITH MOTOR VEHICLE,LEFT TURN (WITH OTHER CAR),NONE,DAYLIGHT,CLOUDY,DRY
6836 ,33463032,MONROE,Rochester,,,Y,43.166443,-77.600099,05/18/2010,1:01 PM,PROPERTY DAMAGE AND INJURY,1.,0 ,1 ,COLLISION WITH FENCE,OTHER,NONE,DAYLIGHT,RAIN,WET
6836 ,33463148,MONROE,Rochester,,,N,43.1247636,-77.6165441,05/21/2010,12:00 AM,INJURY,5.,0 ,2 ,COLLISION WITH MOTOR VEHICLE,UNKNOWN,NO PASSING ZONE,DAYLIGHT,CLEAR,DRY
6836 ,33463495,MONROE,Rochester,,,Y,43.161014,-77.555394,05/14/2010,4:06 PM,PROPERTY DAMAGE AND INJURY,1.,0 ,2 ,COLLISION WITH MOTOR VEHICLE,LEFT TURN (AGAINST OTHER CAR),NONE,DAYLIGHT,CLEAR,DRY
6836 ,33463498,MONROE,Rochester,,,Y,43.166094,-77.600297,05/20/2010,9:19 PM,INJURY,1.,0 ,1 ,COLLISION WITH PEDESTRIAN,OTHER,NONE,DARK-ROAD LIGHTED,CLEAR,DRY
6836 ,33463499,MONROE,Rochester,,,Y,43.139841,-77.602559,05/20/2010,6:16 PM,INJURY,1.,0 ,2 ,COLLISION WITH OTHER PEDESTRIAN,OTHER,NONE,DAYLIGHT,CLEAR,DRY
6836 ,33463501,MONROE,Rochester,,,Y,43.214532,-77.640001,05/19/2010,9:05 PM,INJURY,1.,0 ,1 ,OTHER NON-COLLISION,OTHER,TRAFFIC SIGNAL,DARK-ROAD LIGHTED,CLOUDY,DRY
6836 ,33463502,MONROE,Rochester,,104 43032004,Y,43.20334,-77.652786,05/20/2010,3:30 PM,PROPERTY DAMAGE AND INJURY,1.,0 ,2 ,COLLISION WITH MOTOR VEHICLE,REAR END,TRAFFIC SIGNAL,DAYLIGHT,CLEAR,DRY
6836 ,33463503,MONROE,Rochester,,,N,43.1390486,-77.5775479,05/20/2010,8:15 AM,INJURY,2.,0 ,2 ,COLLISION WITH MOTOR VEHICLE,REAR END,NONE,DAYLIGHT,CLEAR,DRY
6836 ,33463505,MONROE,Rochester,,,Y,43.142695,-77.658772,05/20/2010,1:36 AM,PROPERTY DAMAGE AND INJURY,3.,0 ,2 ,COLLISION WITH MOTOR VEHICLE,RIGHT ANGLE,FLASHING LIGHT,DARK-ROAD LIGHTED,CLEAR,DRY
6836 ,33463506,MONROE,Rochester,,,Y,43.140415,-77.66543,05/11/2010,11:57 PM,PROPERTY DAMAGE AND INJURY,1.,0 ,1 ,COLLISION WITH CURBING,OTHER,TRAFFIC SIGNAL,DARK-ROAD LIGHTED,RAIN,WET
6836 ,33463508,MONROE,Rochester,,,Y,43.153024,-77.619762,05/21/2010,6:40 PM,PROPERTY DAMAGE AND INJURY,1.,0 ,1 ,COLLISION WITH MEDIAN/BARRIER,OTHER,NONE,DAYLIGHT,CLOUDY,DRY
6836 ,33463510,MONROE,Rochester,,,N,43.1646313,-77.6410537,05/21/2010,8:50 AM,PROPERTY DAMAGE AND INJURY,1.,0 ,2 ,COLLISION WITH MOTOR VEHICLE,REAR END,NONE,DAYLIGHT,CLEAR,DRY
6836 ,33463511,MONROE,Rochester,,,Y,43.154475,-77.612006,05/10/2010,12:21 PM,INJURY,1.,0 ,1 ,COLLISION WITH PEDESTRIAN,OTHER,TRAFFIC SIGNAL,DAYLIGHT,CLOUDY,DRY
6836 ,33463514,MONROE,Rochester,,,N,43.1310469,-77.6400973,05/22/2010,8:44 AM,PROPERTY DAMAGE AND INJURY,1.,0 ,2 ,COLLISION WITH MOTOR VEHICLE,REAR END,NONE,DAYLIGHT,CLEAR,DRY
6836 ,33463516,MONROE,Rochester,,,Y,43.175098,-77.607614,05/02/2010,1:44 PM,INJURY,1.,0 ,2 ,COLLISION WITH MOTOR VEHICLE,HEAD ON,TRAFFIC SIGNAL,DAYLIGHT,CLEAR,DRY
6836 ,33463517,MONROE,Rochester,,,N,43.156019,-77.5810009,05/22/2010,3:04 AM,PROPERTY DAMAGE AND INJURY,1.,0 ,1 ,COLLISION WITH FIRE HYDRANT,OTHER,NONE,DARK-ROAD LIGHTED,CLEAR,DRY
6836 ,33463519,MONROE,Rochester,,,Y,43.182266,-77.599277,05/21/2010,4:36 PM,INJURY,1.,0 ,1 ,COLLISION WITH BICYCLIST,OTHER,STOP SIGN,DAYLIGHT,CLOUDY,DRY
6836 ,33463521,MONROE,Rochester,,,N,43.1496948,-77.5529672,05/21/2010,2:54 PM,INJURY,1.,0 ,1 ,COLLISION WITH PEDESTRIAN,OTHER,NONE,DAYLIGHT,CLEAR,DRY
6836 ,33463522,MONROE,Rochester,,15 43032005,N,43.1201015,-77.619695,05/21/2010,1:26 PM,PROPERTY DAMAGE AND INJURY,1.,0 ,2 ,COLLISION WITH MOTOR VEHICLE,OVERTAKING,NONE,DAYLIGHT,CLEAR,DRY
6836 ,33464374,MONROE,Irondequoit,,,N,43.19538,-77.58459,05/24/2010,5:47 PM,PROPERTY DAMAGE AND INJURY,2.,0 ,2 ,COLLISION WITH MOTOR VEHICLE,RIGHT ANGLE,TRAFFIC SIGNAL,DAYLIGHT,CLEAR,DRY
6836 ,33464409,MONROE,Ogden,,,N,43.1800002,-77.7591094,06/04/2010,3:12 AM,PROPERTY DAMAGE AND INJURY,1.,0 ,1 ,COLLISION WITH CULVERT/HEADWALL,OTHER,NONE,DARK-ROAD LIGHTED,CLOUDY,DRY
6836 ,33464553,MONROE,Chili,,383 43011139,Y,43.109021,-77.6746461,06/07/2010,9:34 AM,PROPERTY DAMAGE AND INJURY,1.,0 ,2 ,COLLISION WITH MOTOR VEHICLE,REAR END,TRAFFIC SIGNAL,DAYLIGHT,CLEAR,DRY
6836 ,33464612,MONROE,Rochester,,,N,43.176049,-77.568427,05/18/2010,5:50 AM,PROPERTY DAMAGE AND INJURY,1.,0 ,2 ,COLLISION WITH MOTOR VEHICLE,OVERTAKING,NONE,DAWN,CLOUDY,DRY
6836 ,33464735,MONROE,Henrietta,,252 43011066,N,43.0896345,-77.6426998,06/03/2010,3:55 PM,PROPERTY DAMAGE AND INJURY,3.,0 ,2 ,COLLISION WITH MOTOR VEHICLE,RIGHT ANGLE,TRAFFIC SIGNAL,DAYLIGHT,CLOUDY,DRY
6836 ,33464783,MONROE,Penfield,,441 43011064,N,43.1276945,-77.4187259,06/05/2010,11:15 AM,PROPERTY DAMAGE AND INJURY,3.,0 ,2 ,COLLISION WITH MOTOR VEHICLE,LEFT TURN (AGAINST OTHER CAR),TRAFFIC SIGNAL,DAYLIGHT,CLOUDY,DRY
6836 ,33464785,MONROE,Greece,,,N,43.2384054,-77.6877739,06/07/2010,7:22 AM,PROPERTY DAMAGE AND INJURY,1.,0 ,3 ,COLLISION WITH MOTOR VEHICLE,OTHER,NONE,DAYLIGHT,CLEAR,DRY
6836 ,33464947,MONROE,Perinton,,490I43023057,N,43.0798392,-77.4861855,06/06/2010,7:25 AM,PROPERTY DAMAGE AND INJURY,1.,0 ,2 ,COLLISION WITH MOTOR VEHICLE,OVERTAKING,NONE,DAYLIGHT,RAIN,WET
6836 ,33464959,MONROE,Irondequoit,,,Y,43.210599,-77.6009239,06/08/2010,3:15 PM,INJURY,1.,0 ,1 ,COLLISION WITH PEDESTRIAN,OTHER,TRAFFIC SIGNAL,DAYLIGHT,CLEAR,DRY
6836 ,33465071,MONROE,Penfield,,441 43011036,N,43.1309297,-77.4731978,06/01/2010,1:51 PM,INJURY,1.,0 ,2 ,COLLISION WITH MOTOR VEHICLE,REAR END,TRAFFIC SIGNAL,DAYLIGHT,CLEAR,DRY
6836 ,33465157,MONROE,Greece,,,N,43.238474,-77.696648,06/04/2010,2:37 PM,PROPERTY DAMAGE AND INJURY,4.,0 ,2 ,COLLISION WITH MOTOR VEHICLE,LEFT TURN (AGAINST OTHER CAR),TRAFFIC SIGNAL,DAYLIGHT,CLOUDY,DRY
6836 ,33465190,MONROE,Greece,,,N,43.2364877,-77.6435995,06/07/2010,5:35 PM,INJURY,1.,0 ,2 ,COLLISION WITH MOTOR VEHICLE,REAR END,NONE,DAYLIGHT,CLEAR,DRY
6836 ,33465250,MONROE,Penfield,,441 43011042,Y,43.131212,-77.461876,05/28/2010,1:59 PM,PROPERTY DAMAGE AND INJURY,1.,0 ,3 ,COLLISION WITH MOTOR VEHICLE,OTHER,NONE,DAYLIGHT,CLEAR,DRY
6836 ,33465251,MONROE,Greece,,,N,43.2389918,-77.7318544,06/07/2010,6:18 PM,INJURY,1.,0 ,2 ,COLLISION WITH MOTOR VEHICLE,REAR END,NONE,DAYLIGHT,CLEAR,DRY
6836 ,33465254,MONROE,Hilton,,,N,43.2906565,-77.7842795,06/02/2010,2:40 PM,PROPERTY DAMAGE AND INJURY,1.,0 ,2 ,COLLISION WITH MOTOR VEHICLE,REAR END,NONE,DAYLIGHT,CLEAR,DRY
6836 ,33465337,MONROE,Webster,,,N,43.213876,-77.515545,06/08/2010,9:20 AM,PROPERTY DAMAGE AND INJURY,1.,0 ,2 ,COLLISION WITH MOTOR VEHICLE,RIGHT ANGLE,TRAFFIC SIGNAL,DAYLIGHT,CLEAR,DRY
6836 ,33465411,MONROE,Webster,,,Y,43.239142,-77.446761,06/09/2010,11:17 AM,PROPERTY DAMAGE AND INJURY,1.,0 ,2 ,COLLISION WITH MOTOR VEHICLE,RIGHT ANGLE,STOP SIGN,DAYLIGHT,RAIN,WET
6836 ,33465781,MONROE,Greece,,104 43031171,N,43.205589,-77.6696055,06/05/2010,12:45 AM,INJURY,1.,0 ,1 ,COLLISION WITH PEDESTRIAN,OTHER,TRAFFIC SIGNAL,DARK-ROAD LIGHTED,RAIN,WET