QUERYID,CASE #,REGN_CNTY_CDE,Municipality,MUNITYPE,REF_MRKR,ATINTERSECTION_IND,Lat,Long,,Time,Crash Type,Injuries,Fatalities,Number of Vehicles,ACCD_TYP,COLLISION_TYP,TRAF_CNTL,Light Condition,Weather Condition,Road Surface Condition
6836 ,33466026,MONROE,Rochester,,,N,43.156551,-77.638881,06/10/2010,5:03 PM,PROPERTY DAMAGE AND INJURY,1.,0 ,2 ,COLLISION WITH MOTOR VEHICLE,REAR END,NONE,DAYLIGHT,CLEAR,DRY
6836 ,33466342,MONROE,Rush,,,N,42.9419093,-77.7330286,06/11/2010,2:02 AM,PROPERTY DAMAGE AND INJURY,1.,0 ,1 ,COLL. W/LIGHT SUPPORT/UTILITY POLE,OTHER,NONE,DARK-ROAD UNLIGHTED,CLEAR,DRY
6836 ,33466538,MONROE,Rochester,,490I43022041,N,43.1452072,-77.6001111,06/10/2010,11:50 PM,PROPERTY DAMAGE AND INJURY,3.,0 ,1 ,COLLISION WITH OTHER BARRIER,OTHER,NONE,DARK-ROAD LIGHTED,CLEAR,DRY
6836 ,33467406,MONROE,Penfield,,,N,43.181909,-77.430732,06/11/2010,10:21 AM,INJURY,1.,0 ,2 ,COLLISION WITH MOTOR VEHICLE,REAR END,TRAFFIC SIGNAL,DAYLIGHT,CLEAR,DRY
6836 ,33467478,MONROE,Henrietta,,,N,43.076148,-77.626828,06/11/2010,1:41 PM,PROPERTY DAMAGE AND INJURY,3.,0 ,2 ,COLLISION WITH MOTOR VEHICLE,RIGHT ANGLE,TRAFFIC SIGNAL,DAYLIGHT,CLEAR,DRY
6836 ,33467539,MONROE,Parma,,261 43011055,N,43.2975467,-77.7491001,06/11/2010,4:58 PM,PROPERTY DAMAGE AND INJURY,2.,0 ,2 ,COLLISION WITH MOTOR VEHICLE,RIGHT ANGLE,STOP SIGN,DAYLIGHT,CLOUDY,DRY
6836 ,33467561,MONROE,Brighton,,31 43033016,N,43.117591,-77.554804,06/12/2010,4:05 PM,PROPERTY DAMAGE AND INJURY,2.,0 ,2 ,COLLISION WITH MOTOR VEHICLE,RIGHT ANGLE,TRAFFIC SIGNAL,DAYLIGHT,CLEAR,DRY
6836 ,33467605,MONROE,Henrietta,,252 43011080,N,43.0871134,-77.6161526,06/12/2010,1:42 PM,PROPERTY DAMAGE AND INJURY,1.,0 ,3 ,COLLISION WITH MOTOR VEHICLE,OTHER,NONE,DAYLIGHT,CLOUDY,DRY
6836 ,33467629,MONROE,Perinton,,31 43033074,Y,43.073916,-77.460934,06/09/2010,2:43 PM,PROPERTY DAMAGE AND INJURY,1.,0 ,2 ,COLLISION WITH MOTOR VEHICLE,REAR END,TRAFFIC SIGNAL,DAYLIGHT,CLOUDY,WET
6836 ,33467725,MONROE,Henrietta,,,N,43.0586905,-77.6510026,06/11/2010,5:25 PM,PROPERTY DAMAGE AND INJURY,1.,0 ,2 ,COLLISION WITH MOTOR VEHICLE,RIGHT ANGLE,NONE,DAYLIGHT,CLEAR,DRY
6836 ,33467770,MONROE,Henrietta,,,N,43.0870513,-77.617351,06/11/2010,11:05 PM,INJURY,1.,0 ,2 ,COLLISION WITH MOTOR VEHICLE,REAR END,TRAFFIC SIGNAL,DARK-ROAD LIGHTED,CLEAR,DRY
6836 ,33467782,MONROE,Pittsford,,31F43011011,N,43.1082314,-77.4998277,06/07/2010,9:38 PM,PROPERTY DAMAGE AND INJURY,1.,0 ,2 ,COLLISION WITH MOTOR VEHICLE,LEFT TURN (AGAINST OTHER CAR),TRAFFIC SIGNAL,DARK-ROAD LIGHTED,CLOUDY,DRY
6836 ,33467820,MONROE,Greece,,,N,43.2171648,-77.7508375,06/10/2010,2:50 PM,PROPERTY DAMAGE AND INJURY,4.,0 ,2 ,COLLISION WITH MOTOR VEHICLE,LEFT TURN (AGAINST OTHER CAR),NONE,DAYLIGHT,CLOUDY,DRY
6836 ,33467857,MONROE,Brighton,,,N,43.1236424,-77.5614754,06/10/2010,9:04 PM,PROPERTY DAMAGE AND INJURY,1.,0 ,1 ,COLLISION WITH CURBING,OTHER,NONE,DARK-ROAD LIGHTED,CLEAR,DRY
6836 ,33467949,MONROE,Clarkson,,104 43031058,Y,43.225363,-77.89015,06/13/2010,6:11 PM,INJURY,2.,0 ,2 ,COLLISION WITH MOTOR VEHICLE,LEFT TURN (WITH OTHER CAR),TRAFFIC SIGNAL,DAYLIGHT,CLOUDY,DRY
6836 ,33467995,MONROE,Webster,,104 43035084,N,43.2086264,-77.4609447,06/13/2010,2:50 PM,PROPERTY DAMAGE AND INJURY,2.,0 ,2 ,COLLISION WITH MOTOR VEHICLE,REAR END,TRAFFIC SIGNAL,DAYLIGHT,CLOUDY,DRY
6836 ,33468002,MONROE,Webster,,,Y,43.231123,-77.496434,06/13/2010,12:36 PM,PROPERTY DAMAGE AND INJURY,1.,0 ,2 ,COLLISION WITH MOTOR VEHICLE,REAR END,NONE,DAYLIGHT,CLOUDY,DRY
6836 ,33468028,MONROE,Henrietta,,15 43031114,N,43.0939705,-77.633099,06/13/2010,2:30 PM,PROPERTY DAMAGE AND INJURY,1.,0 ,2 ,COLLISION WITH MOTOR VEHICLE,REAR END,TRAFFIC SIGNAL,DAYLIGHT,CLOUDY,DRY
6836 ,33468108,MONROE,Irondequoit,,,N,43.196444,-77.5767859,06/13/2010,1:35 PM,PROPERTY DAMAGE AND INJURY,1.,0 ,2 ,COLLISION WITH MOTOR VEHICLE,LEFT TURN (AGAINST OTHER CAR),TRAFFIC SIGNAL,DAYLIGHT,CLOUDY,DRY
6836 ,33468200,MONROE,Gates,,390 43011011,N,43.172158,-77.6830883,05/30/2010,8:00 PM,INJURY,1.,0 ,2 ,COLLISION WITH MOTOR VEHICLE,REAR END,NONE,DAYLIGHT,CLEAR,DRY
6836 ,33468225,MONROE,Perinton,,31F43011059,N,43.0944661,-77.420849,06/07/2010,1:55 AM,PROPERTY DAMAGE AND INJURY,1.,0 ,1 ,COLL. W/EARTH ELE./ROCK CUT/DITCH,OTHER,NONE,DARK-ROAD UNLIGHTED,CLOUDY,WET
6836 ,33468305,MONROE,Webster,,,Y,43.2051,-77.474622,06/13/2010,1:39 PM,INJURY,1.,0 ,2 ,COLLISION WITH MOTOR VEHICLE,REAR END,TRAFFIC SIGNAL,DAYLIGHT,CLOUDY,DRY
6836 ,33468331,MONROE,Rochester,,,Y,43.198291,-77.561575,06/12/2010,3:25 PM,PROPERTY DAMAGE AND INJURY,1.,0 ,2 ,COLLISION WITH MOTOR VEHICLE,RIGHT ANGLE,STOP SIGN,DAYLIGHT,CLOUDY,DRY
6836 ,33468340,MONROE,Brighton,,,N,43.1066226,-77.5764306,06/12/2010,11:21 PM,PROPERTY DAMAGE AND INJURY,2.,0 ,2 ,COLLISION WITH MOTOR VEHICLE,LEFT TURN (AGAINST OTHER CAR),TRAFFIC SIGNAL,DARK-ROAD LIGHTED,CLOUDY,WET
6836 ,33468489,MONROE,Rochester,,,Y,43.146321,-77.648004,05/23/2010,2:16 AM,PROPERTY DAMAGE AND INJURY,1.,0 ,1 ,COLL. W/LIGHT SUPPORT/UTILITY POLE,OTHER,NONE,DARK-ROAD LIGHTED,CLOUDY,WET
6836 ,33468796,MONROE,Henrietta,,,N,43.0621904,-77.6376877,05/22/2010,1:30 PM,PROPERTY DAMAGE AND INJURY,1.,0 ,1 ,FIRE/EXPLOSION,OTHER,UNKNOWN,UNKNOWN,UNKNOWN,UNKNOWN
6836 ,33469700,MONROE,East Rochester,,,Y,43.116887,-77.4883561,05/20/2010,5:10 PM,PROPERTY DAMAGE AND INJURY,1.,0 ,2 ,COLLISION WITH MOTOR VEHICLE,REAR END,TRAFFIC SIGNAL,DAYLIGHT,CLEAR,DRY
6836 ,33469757,MONROE,Rochester,,,Y,43.174279,-77.576992,05/17/2010,4:49 PM,PROPERTY DAMAGE AND INJURY,7.,0 ,4 ,COLLISION WITH MOTOR VEHICLE,OTHER,STOP SIGN,DAYLIGHT,CLEAR,DRY
6836 ,33469885,MONROE,Rochester,,,Y,43.194394,-77.6266909,05/23/2010,8:15 PM,INJURY,4.,0 ,2 ,COLLISION WITH MOTOR VEHICLE,RIGHT ANGLE,TRAFFIC SIGNAL,DUSK,CLEAR,DRY
6836 ,33469886,MONROE,Rochester,,,Y,43.135025,-77.636003,05/23/2010,12:48 PM,PROPERTY DAMAGE AND INJURY,1.,0 ,1 ,COLLISION WITH BICYCLIST,OTHER,TRAFFIC SIGNAL,DAYLIGHT,CLEAR,DRY
6836 ,33469887,MONROE,Rochester,,,Y,43.251702,-77.613324,05/23/2010,3:00 PM,PROPERTY DAMAGE AND INJURY,1.,0 ,3 ,COLLISION WITH MOTOR VEHICLE,OTHER,TRAFFIC SIGNAL,DAYLIGHT,CLEAR,DRY
6836 ,33469948,MONROE,Rochester,,,Y,43.235144,-77.6241519,05/24/2010,7:07 AM,PROPERTY DAMAGE AND INJURY,2.,0 ,3 ,COLLISION WITH MOTOR VEHICLE,OTHER,TRAFFIC SIGNAL,DAYLIGHT,CLEAR,DRY
6836 ,33470117,MONROE,Webster,,,N,43.206388,-77.4699991,06/11/2010,2:40 PM,PROPERTY DAMAGE AND INJURY,1.,0 ,3 ,COLLISION WITH MOTOR VEHICLE,OTHER,TRAFFIC SIGNAL,DAYLIGHT,CLEAR,DRY
6836 ,33470152,MONROE,Irondequoit,,,Y,43.206417,-77.608656,06/15/2010,8:55 AM,PROPERTY DAMAGE AND INJURY,2.,0 ,2 ,COLLISION WITH MOTOR VEHICLE,RIGHT ANGLE,STOP SIGN,DAYLIGHT,CLEAR,DRY
6836 ,33470371,MONROE,Henrietta,,252 43011105,N,43.0873344,-77.5670605,06/14/2010,1:25 PM,PROPERTY DAMAGE AND INJURY,3.,0 ,4 ,COLLISION WITH MOTOR VEHICLE,OTHER,NONE,DAYLIGHT,CLOUDY,DRY
6836 ,33470432,MONROE,Brighton,,15 43031124,Y,43.107599,-77.6260821,06/14/2010,1:46 PM,PROPERTY DAMAGE AND INJURY,1.,0 ,1 ,COLL. W/LIGHT SUPPORT/UTILITY POLE,OTHER,NONE,DAYLIGHT,CLOUDY,DRY
6836 ,33470482,MONROE,Greece,,,N,43.2682146,-77.662642,06/15/2010,1:26 AM,PROPERTY DAMAGE AND INJURY,2.,0 ,1 ,COLL. W/EARTH ELE./ROCK CUT/DITCH,OTHER,NONE,DARK-ROAD UNLIGHTED,CLEAR,DRY
6836 ,33470590,MONROE,Brighton,,,Y,43.12759,-77.536386,06/14/2010,2:02 PM,PROPERTY DAMAGE AND INJURY,1.,0 ,2 ,COLLISION WITH MOTOR VEHICLE,REAR END,NONE,DAYLIGHT,CLEAR,DRY
6836 ,33470701,MONROE,Henrietta,,252 43011051,N,43.0922564,-77.6717447,06/15/2010,9:15 AM,INJURY,1.,0 ,1 ,COLLISION WITH DEER,OTHER,NONE,DAYLIGHT,CLEAR,DRY
6836 ,33470706,MONROE,Brighton,,,N,43.1150269,-77.6065092,06/15/2010,1:37 PM,INJURY,1.,0 ,2 ,COLLISION WITH MOTOR VEHICLE,REAR END,TRAFFIC SIGNAL,DAYLIGHT,CLEAR,DRY
6836 ,33470711,MONROE,Ogden,,,Y,43.186507,-77.8542729,06/14/2010,3:50 PM,INJURY,1.,0 ,2 ,COLLISION WITH MOTOR VEHICLE,REAR END,TRAFFIC SIGNAL,DAYLIGHT,CLEAR,DRY
6836 ,33470712,MONROE,Ogden,,31 43031125,N,43.1813961,-77.7948719,06/15/2010,12:05 PM,PROPERTY DAMAGE AND INJURY,2.,0 ,2 ,COLLISION WITH MOTOR VEHICLE,REAR END,NONE,DAYLIGHT,CLEAR,DRY
6836 ,33470770,WAYNE,Walworth,,,N,43.1256736,-77.3733668,06/15/2010,4:36 AM,INJURY,1.,0 ,2 ,COLLISION WITH IN-LINE SKATER,OTHER,NO PASSING ZONE,DAYLIGHT,CLOUDY,DRY
6836 ,33471083,MONROE,Greece,,390 43011047,N,43.2237138,-77.6746204,06/15/2010,12:38 PM,PROPERTY DAMAGE AND INJURY,1.,0 ,2 ,COLLISION WITH MOTOR VEHICLE,OVERTAKING,NONE,DAYLIGHT,CLEAR,DRY
6836 ,33471196,MONROE,Brighton,,31 43033008,N,43.1276455,-77.5659344,06/16/2010,11:23 AM,PROPERTY DAMAGE AND INJURY,1.,0 ,3 ,COLLISION WITH MOTOR VEHICLE,OTHER,TRAFFIC SIGNAL,DAYLIGHT,CLEAR,DRY
6836 ,33471203,MONROE,Irondequoit,,,N,43.2002458,-77.5727827,06/15/2010,3:25 PM,INJURY,1.,0 ,1 ,COLLISION WITH BICYCLIST,OTHER,NONE,DAYLIGHT,CLOUDY,DRY
6836 ,33471282,MONROE,Irondequoit,,,N,43.1974786,-77.5850874,06/16/2010,11:58 AM,INJURY,1.,0 ,2 ,COLLISION WITH MOTOR VEHICLE,REAR END,NONE,DAYLIGHT,CLEAR,DRY
6836 ,33471283,MONROE,Henrietta,,,N,43.0618943,-77.6111461,06/16/2010,12:46 PM,PROPERTY DAMAGE AND INJURY,2.,0 ,2 ,COLLISION WITH MOTOR VEHICLE,REAR END,NONE,DAYLIGHT,RAIN,WET
6836 ,33471284,MONROE,Brighton,,15A43041126,N,43.1048814,-77.6156603,06/16/2010,4:58 PM,PROPERTY DAMAGE AND INJURY,2.,0 ,2 ,COLLISION WITH MOTOR VEHICLE,REAR END,NONE,DAYLIGHT,CLEAR,DRY
6836 ,33471289,MONROE,Irondequoit,,,N,43.1959473,-77.6008474,06/16/2010,1:01 PM,PROPERTY DAMAGE AND INJURY,2.,0 ,2 ,COLLISION WITH MOTOR VEHICLE,RIGHT ANGLE,NONE,DAYLIGHT,RAIN,WET
6836 ,33471291,MONROE,Brighton,,31 43033021,N,43.1124717,-77.5496674,06/16/2010,2:31 PM,INJURY,1.,0 ,2 ,COLLISION WITH MOTOR VEHICLE,REAR END,NONE,DAYLIGHT,CLOUDY,DRY
6836 ,33471297,MONROE,Ogden,,,Y,43.185572,-77.7836549,06/16/2010,2:16 AM,INJURY,1.,0 ,1 ,COLLISION WITH PEDESTRIAN,OTHER,NONE,DAYLIGHT,CLEAR,DRY
6836 ,33471305,MONROE,Rochester,,,N,43.1536724,-77.6077174,05/25/2010,2:25 PM,INJURY,1.,0 ,1 ,COLLISION WITH BICYCLIST,OTHER,NONE,DAYLIGHT,CLEAR,DRY
6836 ,33471309,MONROE,Rochester,,,Y,43.16683,-77.6179729,05/26/2010,11:07 AM,INJURY,1.,0 ,1 ,COLLISION WITH BICYCLIST,OTHER,TRAFFIC SIGNAL,DAYLIGHT,CLEAR,DRY
6836 ,33471313,MONROE,Rochester,,,N,43.1862042,-77.5763962,05/24/2010,5:52 PM,INJURY,1.,0 ,2 ,COLLISION WITH MOTOR VEHICLE,OTHER,NONE,DAYLIGHT,CLEAR,DRY
6836 ,33471315,MONROE,Rochester,,,Y,43.178052,-77.5990001,05/25/2010,12:30 PM,INJURY,1.,0 ,1 ,COLLISION WITH PEDESTRIAN,OTHER,NONE,DAYLIGHT,CLEAR,DRY
6836 ,33471316,MONROE,Rochester,,,Y,43.193901,-77.653291,05/24/2010,4:45 PM,PROPERTY DAMAGE AND INJURY,1.,0 ,2 ,COLLISION WITH MOTOR VEHICLE,REAR END,TRAFFIC SIGNAL,DAYLIGHT,CLEAR,DRY
6836 ,33471317,MONROE,Rochester,,,Y,43.179212,-77.659079,05/25/2010,4:54 PM,INJURY,1.,0 ,2 ,COLLISION WITH MOTOR VEHICLE,RIGHT ANGLE,STOP SIGN,DAYLIGHT,CLEAR,DRY
6836 ,33471319,MONROE,Rochester,,,Y,43.190274,-77.629868,05/25/2010,3:50 PM,INJURY,1.,0 ,2 ,COLLISION WITH MOTOR VEHICLE,RIGHT ANGLE,STOP SIGN,DAYLIGHT,CLEAR,DRY
6836 ,33471320,MONROE,Rochester,,,N,43.1618134,-77.5979746,05/25/2010,7:54 PM,INJURY,1.,0 ,1 ,COLLISION WITH PEDESTRIAN,OTHER,NONE,DUSK,CLEAR,DRY
6836 ,33471322,MONROE,Rochester,,,N,43.1216348,-77.6189032,05/22/2010,7:43 PM,INJURY,2.,0 ,2 ,COLLISION WITH MOTOR VEHICLE,UNKNOWN,NONE,DAYLIGHT,CLEAR,DRY
6836 ,33471324,MONROE,Rochester,,,N,43.1477151,-77.6033609,05/24/2010,2:44 PM,INJURY,1.,0 ,1 ,COLLISION WITH PEDESTRIAN,OTHER,NONE,DAYLIGHT,CLEAR,DRY
6836 ,33471328,MONROE,Rochester,,,Y,43.15695,-77.594664,05/24/2010,11:06 AM,INJURY,1.,0 ,2 ,COLLISION WITH MOTOR VEHICLE,UNKNOWN,UNKNOWN,DAYLIGHT,CLEAR,DRY
6836 ,33471335,MONROE,Rochester,,,N,43.1441065,-77.643346,05/24/2010,8:28 AM,PROPERTY DAMAGE AND INJURY,1.,0 ,2 ,COLLISION WITH OTHER PEDESTRIAN,OTHER,NONE,DAYLIGHT,CLEAR,DRY
6836 ,33471337,MONROE,Rochester,,,Y,43.158736,-77.613211,05/24/2010,1:03 PM,PROPERTY DAMAGE AND INJURY,1.,0 ,1 ,COLLISION WITH BICYCLIST,OTHER,TRAFFIC SIGNAL,DAYLIGHT,CLEAR,DRY
6836 ,33471339,MONROE,Rochester,,,Y,43.186812,-77.599571,05/23/2010,4:28 PM,INJURY,1.,0 ,2 ,COLLISION WITH MOTOR VEHICLE,RIGHT ANGLE,TRAFFIC SIGNAL,DAYLIGHT,CLEAR,DRY
6836 ,33471400,MONROE,Rochester,,,Y,43.181674,-77.631684,05/10/2010,12:00 AM,PROPERTY DAMAGE AND INJURY,2.,0 ,2 ,COLLISION WITH MOTOR VEHICLE,REAR END,UNKNOWN,UNKNOWN,UNKNOWN,UNKNOWN
6836 ,33471435,MONROE,Rochester,,,Y,43.192707,-77.629278,05/15/2010,1:58 PM,PROPERTY DAMAGE AND INJURY,1.,0 ,2 ,COLLISION WITH MOTOR VEHICLE,UNKNOWN,TRAFFIC SIGNAL,DAYLIGHT,CLEAR,DRY
6836 ,33471436,MONROE,Rochester,,,Y,43.186148,-77.578133,05/27/2010,3:13 PM,PROPERTY DAMAGE AND INJURY,2.,0 ,2 ,COLLISION WITH MOTOR VEHICLE,UNKNOWN,STOP SIGN,DAYLIGHT,CLEAR,DRY
6836 ,33471437,MONROE,Rochester,,,Y,43.175667,-77.582117,05/25/2010,4:50 PM,INJURY,1.,0 ,1 ,COLLISION WITH BICYCLIST,OTHER,NONE,DAYLIGHT,CLEAR,DRY
6836 ,33471648,MONROE,Brighton,,,N,43.157685,-77.5288407,05/29/2010,11:38 PM,INJURY,1.,0 ,2 ,COLLISION WITH MOTOR VEHICLE,OVERTAKING,OFFICER/FLAGMAN/GUARD,DARK-ROAD UNLIGHTED,CLEAR,DRY
6836 ,33471771,MONROE,Gates,,,N,43.139413,-77.66832,05/15/2010,3:30 PM,PROPERTY DAMAGE AND INJURY,1.,0 ,1 ,COLLISION WITH OTHER FIXED OBJECT,OTHER,UNKNOWN,UNKNOWN,UNKNOWN,UNKNOWN
6836 ,33471819,MONROE,Rochester,,33 43032020,N,43.1504563,-77.635283,05/26/2010,3:07 PM,PROPERTY DAMAGE AND INJURY,1.,0 ,2 ,COLLISION WITH MOTOR VEHICLE,REAR END,NONE,DAYLIGHT,CLEAR,DRY
6836 ,33471956,MONROE,Rochester,,,N,43.1646668,-77.6645025,05/28/2010,1:29 PM,PROPERTY DAMAGE AND INJURY,1.,0 ,2 ,COLLISION WITH MOTOR VEHICLE,RIGHT ANGLE,NONE,DAYLIGHT,CLEAR,DRY
6836 ,33472384,MONROE,Rochester,,,Y,43.176263,-77.561471,05/06/2010,11:52 AM,INJURY,1.,0 ,2 ,COLLISION WITH MOTOR VEHICLE,UNKNOWN,NONE,DAYLIGHT,CLEAR,DRY
6836 ,33472386,MONROE,Rochester,,,Y,43.151994,-77.6599099,05/30/2010,4:51 PM,PROPERTY DAMAGE AND INJURY,1.,0 ,1 ,COLLISION WITH GUIDE RAIL,OTHER,NONE,DAYLIGHT,CLEAR,DRY
6836 ,33472387,MONROE,Rochester,,,N,43.187633,-77.5761018,05/27/2010,12:39 PM,INJURY,1.,0 ,1 ,COLLISION WITH BICYCLIST,OTHER,NONE,DAYLIGHT,CLEAR,DRY
6836 ,33472388,MONROE,Rochester,,,Y,43.139879,-77.626033,05/28/2010,10:12 PM,INJURY,1.,0 ,1 ,COLLISION WITH PEDESTRIAN,OTHER,STOP SIGN,DARK-ROAD LIGHTED,CLEAR,DRY
6836 ,33472389,MONROE,Rochester,,,Y,43.143782,-77.6289791,05/29/2010,7:07 PM,PROPERTY DAMAGE AND INJURY,2.,0 ,2 ,COLLISION WITH MOTOR VEHICLE,RIGHT ANGLE,STOP SIGN,DAYLIGHT,CLEAR,DRY
6836 ,33472390,MONROE,Rochester,,,N,43.173949,-77.639434,05/29/2010,6:40 PM,INJURY,1.,0 ,2 ,COLLISION WITH MOTOR VEHICLE,OVERTAKING,NONE,DAYLIGHT,CLEAR,DRY
6836 ,33472392,MONROE,Rochester,,,Y,43.176893,-77.613391,03/29/2010,12:23 PM,INJURY,1.,0 ,1 ,COLLISION WITH BICYCLIST,OTHER,STOP SIGN,DAYLIGHT,CLEAR,DRY
6836 ,33472393,MONROE,Rochester,,,Y,43.150916,-77.555478,05/28/2010,7:46 PM,INJURY,1.,0 ,1 ,COLLISION WITH PEDESTRIAN,OTHER,NONE,DAYLIGHT,CLEAR,DRY
6836 ,33472395,MONROE,Rochester,,,Y,43.142639,-77.547828,05/29/2010,11:10 AM,INJURY,1.,0 ,2 ,COLLISION WITH MOTOR VEHICLE,REAR END,TRAFFIC SIGNAL,DAYLIGHT,CLEAR,DRY
6836 ,33472396,MONROE,Rochester,,,N,43.1539129,-77.6062524,05/27/2010,8:50 AM,PROPERTY DAMAGE AND INJURY,1.,0 ,2 ,COLLISION WITH MOTOR VEHICLE,REAR END,NONE,DAYLIGHT,CLEAR,DRY
6836 ,33472397,MONROE,Rochester,,,Y,43.179212,-77.659079,05/28/2010,3:50 PM,INJURY,1.,0 ,2 ,COLLISION WITH MOTOR VEHICLE,REAR END,TRAFFIC SIGNAL,DAYLIGHT,CLEAR,DRY
6836 ,33472399,MONROE,Rochester,,,Y,43.188923,-77.630188,05/28/2010,8:17 AM,INJURY,2.,0 ,2 ,COLLISION WITH MOTOR VEHICLE,REAR END,TRAFFIC SIGNAL,DAYLIGHT,CLOUDY,DRY
6836 ,33472403,MONROE,Greece,,,N,43.205948,-77.6718329,05/29/2010,11:50 AM,PROPERTY DAMAGE AND INJURY,1.,0 ,2 ,COLLISION WITH MOTOR VEHICLE,REAR END,TRAFFIC SIGNAL,DAYLIGHT,CLEAR,DRY
6836 ,33472509,MONROE,Rochester,,,Y,43.146064,-77.6054879,06/03/2010,4:18 PM,PROPERTY DAMAGE AND INJURY,2.,0 ,2 ,COLLISION WITH MOTOR VEHICLE,RIGHT ANGLE,TRAFFIC SIGNAL,DAYLIGHT,CLEAR,DRY
6836 ,33472702,MONROE,Rochester,,,Y,43.178351,-77.607828,06/02/2010,1:31 PM,INJURY,1.,0 ,1 ,COLLISION WITH PEDESTRIAN,OTHER,STOP SIGN,DAYLIGHT,CLEAR,DRY
6836 ,33472703,MONROE,Rochester,,,Y,43.143753,-77.593691,06/02/2010,9:36 AM,PROPERTY DAMAGE AND INJURY,1.,0 ,1 ,COLLISION WITH OTHER,OTHER,TRAFFIC SIGNAL,DAYLIGHT,CLEAR,DRY
6836 ,33472707,MONROE,Rochester,,,Y,43.145209,-77.5913579,06/01/2010,10:47 PM,INJURY,1.,0 ,1 ,COLLISION WITH PEDESTRIAN,OTHER,NONE,DARK-ROAD LIGHTED,CLEAR,DRY
6836 ,33472708,MONROE,Rochester,,,Y,43.187356,-77.659433,06/02/2010,6:42 PM,PROPERTY DAMAGE AND INJURY,3.,0 ,2 ,COLLISION WITH MOTOR VEHICLE,REAR END,TRAFFIC SIGNAL,DAYLIGHT,CLOUDY,DRY
6836 ,33472711,MONROE,Rochester,,,Y,43.162139,-77.623063,06/02/2010,3:33 PM,PROPERTY DAMAGE AND INJURY,1.,0 ,2 ,COLLISION WITH MOTOR VEHICLE,RIGHT ANGLE,TRAFFIC SIGNAL,DAYLIGHT,CLEAR,DRY
6836 ,33472714,MONROE,Rochester,,,N,43.1611267,-77.5760035,06/02/2010,6:52 AM,INJURY,1.,0 ,2 ,COLLISION WITH MOTOR VEHICLE,REAR END,NONE,DAYLIGHT,CLEAR,DRY
6836 ,33472715,MONROE,Rochester,,,N,43.1353638,-77.6453384,06/03/2010,12:00 AM,INJURY,1.,0 ,2 ,COLLISION WITH MOTOR VEHICLE,REAR END,NONE,DAYLIGHT,CLOUDY,DRY
6836 ,33472717,MONROE,Rochester,,,Y,43.182618,-77.5704369,06/03/2010,5:52 PM,PROPERTY DAMAGE AND INJURY,1.,0 ,2 ,COLLISION WITH MOTOR VEHICLE,UNKNOWN,STOP SIGN,DAYLIGHT,CLOUDY,DRY
6836 ,33473487,MONROE,Brighton,,15A43041126,N,43.1106196,-77.6245186,06/16/2010,10:00 AM,INJURY,2.,0 ,2 ,COLLISION WITH MOTOR VEHICLE,REAR END,TRAFFIC SIGNAL,DAYLIGHT,RAIN,WET
6836 ,33473488,MONROE,Henrietta,,15 43031107,N,43.0847911,-77.6380775,06/16/2010,5:13 PM,PROPERTY DAMAGE AND INJURY,1.,0 ,2 ,COLLISION WITH MOTOR VEHICLE,LEFT TURN (AGAINST OTHER CAR),TRAFFIC SIGNAL,DAYLIGHT,CLOUDY,DRY
6836 ,33473489,MONROE,Brighton,,15 43031121,N,43.1040258,-77.6278986,06/17/2010,11:24 AM,INJURY,1.,0 ,2 ,COLLISION WITH MOTOR VEHICLE,RIGHT ANGLE,NONE,DAYLIGHT,CLOUDY,DRY
6836 ,33473564,MONROE,Sweden,,31 43031069,N,43.1979796,-77.8985332,06/10/2010,7:45 AM,PROPERTY DAMAGE AND INJURY,1.,0 ,2 ,COLLISION WITH MOTOR VEHICLE,REAR END,NONE,DAYLIGHT,CLOUDY,DRY
6836 ,33473565,MONROE,Irondequoit,,104 43033000,N,43.1950875,-77.5848153,06/12/2010,9:51 AM,PROPERTY DAMAGE AND INJURY,1.,0 ,3 ,COLLISION WITH MOTOR VEHICLE,OTHER,STOP SIGN,DAYLIGHT,CLOUDY,DRY
6836 ,33473570,MONROE,Webster,,,N,43.221585,-77.475871,06/15/2010,6:32 PM,PROPERTY DAMAGE AND INJURY,2.,0 ,2 ,COLLISION WITH MOTOR VEHICLE,REAR END,NONE,DAYLIGHT,CLEAR,DRY
6836 ,33473571,MONROE,Wheatland,,,Y,43.018736,-77.875025,06/15/2010,11:35 AM,PROPERTY DAMAGE AND INJURY,1.,0 ,2 ,COLLISION WITH MOTOR VEHICLE,RIGHT ANGLE,STOP SIGN,DAYLIGHT,CLEAR,DRY
6836 ,33474044,MONROE,Rochester,,,N,43.195838,-77.5613879,06/17/2010,2:32 PM,PROPERTY DAMAGE AND INJURY,3.,0 ,2 ,COLLISION WITH MOTOR VEHICLE,RIGHT ANGLE,TRAFFIC SIGNAL,DAYLIGHT,CLOUDY,DRY
6836 ,33474048,MONROE,Chili,,259 43011018,N,43.1185753,-77.805035,06/15/2010,1:18 PM,INJURY,1.,0 ,2 ,COLLISION WITH MOTOR VEHICLE,REAR END,RR CROSSING GATES,DAYLIGHT,CLOUDY,DRY
6836 ,33474054,MONROE,Gates,,,Y,43.149827,-77.699244,06/18/2010,8:29 AM,PROPERTY DAMAGE AND INJURY,1.,0 ,2 ,COLLISION WITH MOTOR VEHICLE,LEFT TURN (AGAINST OTHER CAR),NONE,DAYLIGHT,CLEAR,DRY
6836 ,33474055,MONROE,Brighton,,,N,43.1159223,-77.5722848,06/18/2010,11:49 AM,PROPERTY DAMAGE AND INJURY,2.,0 ,2 ,COLLISION WITH MOTOR VEHICLE,RIGHT ANGLE,TRAFFIC SIGNAL,DAYLIGHT,CLEAR,DRY
6836 ,33474056,MONROE,Chili,,490I43021134,N,43.1233011,-77.7329028,06/17/2010,4:13 AM,PROPERTY DAMAGE AND INJURY,1.,0 ,1 ,COLLISION WITH GUIDE RAIL,OTHER,NONE,DARK-ROAD LIGHTED,CLOUDY,DRY