QUERYID,CASE #,REGN_CNTY_CDE,Municipality,MUNITYPE,REF_MRKR,ATINTERSECTION_IND,Lat,Long,,Time,Crash Type,Injuries,Fatalities,Number of Vehicles,ACCD_TYP,COLLISION_TYP,TRAF_CNTL,Light Condition,Weather Condition,Road Surface Condition
6836 ,33474062,MONROE,Hamlin,,19 43041114,N,43.2928325,-77.920841,06/05/2010,4:49 PM,INJURY,1.,0 ,1 ,COLLISION WITH BICYCLIST,OTHER,NONE,DAYLIGHT,CLOUDY,DRY
6836 ,33474064,MONROE,Brighton,,,N,43.1378061,-77.5290293,06/18/2010,11:21 AM,INJURY,1.,0 ,2 ,COLLISION WITH MOTOR VEHICLE,REAR END,NONE,DAYLIGHT,CLEAR,DRY
6836 ,33474070,MONROE,Irondequoit,,,Y,43.175777,-77.538919,06/16/2010,4:09 PM,PROPERTY DAMAGE AND INJURY,2.,0 ,2 ,COLLISION WITH MOTOR VEHICLE,RIGHT ANGLE,NONE,DAYLIGHT,CLEAR,DRY
6836 ,33474076,MONROE,Henrietta,,252 43011069,N,43.0883273,-77.6375209,06/04/2010,9:16 PM,PROPERTY DAMAGE AND INJURY,2.,0 ,2 ,COLLISION WITH MOTOR VEHICLE,REAR END,TRAFFIC SIGNAL,DARK-ROAD LIGHTED,CLEAR,DRY
6836 ,33474232,MONROE,Greece,,,Y,43.247022,-77.6524561,06/12/2010,3:37 AM,PROPERTY DAMAGE AND INJURY,1.,0 ,1 ,COLLISION WITH TREE,OTHER,STOP SIGN,DARK-ROAD LIGHTED,CLOUDY,DRY
6836 ,33474234,MONROE,Greece,,,Y,43.290296,-77.6742811,06/12/2010,2:24 AM,PROPERTY DAMAGE AND INJURY,1.,0 ,1 ,OVERTURNED,OTHER,STOP SIGN,DARK-ROAD LIGHTED,CLOUDY,DRY
6836 ,33474362,MONROE,Irondequoit,,104 43033009,N,43.1960805,-77.5668041,06/17/2010,2:34 PM,PROPERTY DAMAGE AND INJURY,1.,0 ,2 ,COLLISION WITH MOTOR VEHICLE,REAR END,NONE,DAYLIGHT,CLEAR,DRY
6836 ,33474377,MONROE,Rochester,,490I43022057,N,43.1433359,-77.5709403,06/16/2010,4:49 PM,PROPERTY DAMAGE AND INJURY,1.,0 ,3 ,COLLISION WITH MOTOR VEHICLE,OTHER,NONE,DAYLIGHT,CLEAR,DRY
6836 ,33474798,MONROE,Chili,,,Y,43.1153454,-77.7146294,06/18/2010,6:20 PM,PROPERTY DAMAGE AND INJURY,1.,0 ,2 ,COLLISION WITH MOTOR VEHICLE,REAR END,NONE,DAYLIGHT,CLEAR,DRY
6836 ,33474801,MONROE,Penfield,,286 43011027,N,43.1535273,-77.4888965,06/05/2010,4:33 PM,PROPERTY DAMAGE AND INJURY,2.,0 ,3 ,COLLISION WITH MOTOR VEHICLE,OTHER,NONE,DAYLIGHT,CLEAR,DRY
6836 ,33474802,MONROE,Ogden,,531 43012000,N,43.1865059,-77.8542684,06/13/2010,7:00 PM,INJURY,3.,0 ,2 ,COLLISION WITH MOTOR VEHICLE,LEFT TURN (WITH OTHER CAR),TRAFFIC SIGNAL,DAYLIGHT,CLOUDY,DRY
6836 ,33474805,MONROE,Ogden,,,Y,43.194937,-77.784671,06/17/2010,8:10 PM,INJURY,1.,0 ,1 ,COLLISION WITH BICYCLIST,OTHER,NONE,DUSK,CLEAR,DRY
6836 ,33474809,MONROE,Perinton,,250 43011053,N,43.1113305,-77.441757,06/14/2010,6:52 PM,PROPERTY DAMAGE AND INJURY,1.,0 ,2 ,COLLISION WITH MOTOR VEHICLE,REAR END,NONE,DAYLIGHT,CLOUDY,DRY
6836 ,33474811,MONROE,Henrietta,,253 43011087,N,43.0594111,-77.5987787,06/20/2010,3:16 AM,PROPERTY DAMAGE AND INJURY,1.,0 ,1 ,COLL. W/EARTH ELE./ROCK CUT/DITCH,OTHER,NONE,DARK-ROAD LIGHTED,CLEAR,DRY
6836 ,33474812,MONROE,Sweden,,31 43031069,N,43.1979747,-77.89821,06/16/2010,4:06 PM,PROPERTY DAMAGE AND INJURY,2.,0 ,2 ,COLLISION WITH MOTOR VEHICLE,RIGHT ANGLE,NONE,DAYLIGHT,CLEAR,DRY
6836 ,33474819,MONROE,Irondequoit,,,N,43.2477295,-77.5971785,06/20/2010,12:15 AM,PROPERTY DAMAGE AND INJURY,2.,0 ,1 ,COLLISION WITH DEER,OTHER,NONE,DARK-ROAD LIGHTED,CLEAR,DRY
6836 ,33474821,MONROE,Perinton,,,N,43.0694845,-77.4443208,06/19/2010,1:54 PM,PROPERTY DAMAGE AND INJURY,1.,0 ,2 ,COLLISION WITH MOTOR VEHICLE,RIGHT ANGLE,NONE,DAYLIGHT,CLOUDY,DRY
6836 ,33474822,MONROE,Chili,,259 43011004,N,43.099081,-77.7998599,06/19/2010,4:20 PM,PROPERTY DAMAGE AND INJURY,1.,0 ,2 ,COLLISION WITH MOTOR VEHICLE,RIGHT ANGLE,STOP SIGN,DAYLIGHT,CLEAR,DRY
6836 ,33474827,MONROE,Spencerport,,259 43011062,N,43.1820284,-77.80421,06/19/2010,6:32 AM,PROPERTY DAMAGE AND INJURY,1.,0 ,1 ,COLLISION WITH DEER,OTHER,NONE,DAYLIGHT,CLEAR,DRY
6836 ,33474831,MONROE,Penfield,,286 43011049,Y,43.160297,-77.449822,05/27/2010,5:55 PM,PROPERTY DAMAGE AND INJURY,1.,0 ,3 ,COLLISION WITH MOTOR VEHICLE,OTHER,STOP SIGN,DAYLIGHT,CLEAR,DRY
6836 ,33474832,MONROE,Gates,,490I43021117,N,43.1572182,-77.6913174,06/18/2010,5:39 PM,PROPERTY DAMAGE AND INJURY,1.,0 ,1 ,COLLISION WITH GUIDE RAIL,OTHER,NONE,DAYLIGHT,CLEAR,DRY
6836 ,33474834,MONROE,Pittsford,,31 43033045,N,43.0901948,-77.5133551,06/15/2010,4:49 PM,INJURY,1.,0 ,2 ,COLLISION WITH MOTOR VEHICLE,REAR END,NONE,DAYLIGHT,CLEAR,DRY
6836 ,33474835,MONROE,East Rochester,,,Y,43.116655,-77.499031,06/18/2010,4:30 PM,INJURY,1.,0 ,2 ,COLLISION WITH MOTOR VEHICLE,REAR END,TRAFFIC SIGNAL,DAYLIGHT,CLEAR,DRY
6836 ,33474839,MONROE,Gates,,31 43031168,Y,43.172139,-77.713417,06/17/2010,5:13 PM,PROPERTY DAMAGE AND INJURY,1.,0 ,2 ,COLLISION WITH MOTOR VEHICLE,OVERTAKING,NONE,DAYLIGHT,CLEAR,DRY
6836 ,33476036,MONROE,Rochester,,,Y,43.167153,-77.57169,05/29/2010,2:32 PM,PROPERTY DAMAGE AND INJURY,1.,0 ,2 ,COLLISION WITH MOTOR VEHICLE,RIGHT ANGLE,STOP SIGN,DAYLIGHT,CLEAR,DRY
6836 ,33476246,MONROE,Greece,,,Y,43.252941,-77.677687,05/29/2010,8:52 AM,PROPERTY DAMAGE AND INJURY,1.,0 ,2 ,COLLISION WITH MOTOR VEHICLE,UNKNOWN,TRAFFIC SIGNAL,DAYLIGHT,CLEAR,DRY
6836 ,33476248,MONROE,Fairport,,,N,43.0976595,-77.434501,05/27/2010,11:10 PM,PROPERTY DAMAGE AND INJURY,3.,0 ,2 ,COLLISION WITH MOTOR VEHICLE,SIDESWIPE,NONE,DARK-ROAD LIGHTED,CLEAR,DRY
6836 ,33476411,MONROE,Rochester,,,Y,43.19115,-77.59656,05/07/2010,5:10 PM,PROPERTY DAMAGE AND INJURY,1.,0 ,2 ,COLLISION WITH MOTOR VEHICLE,UNKNOWN,UNKNOWN,UNKNOWN,UNKNOWN,UNKNOWN
6836 ,33476570,MONROE,Rochester,,,Y,43.147771,-77.59583,05/25/2010,2:54 PM,PROPERTY DAMAGE AND INJURY,1.,0 ,5 ,COLLISION WITH MOTOR VEHICLE,OTHER,TRAFFIC SIGNAL,DAYLIGHT,CLEAR,DRY
6836 ,33477219,MONROE,Gates,,,N,43.1691014,-77.7005936,06/11/2010,4:22 PM,INJURY,1.,0 ,4 ,COLLISION WITH MOTOR VEHICLE,OTHER,NONE,DAYLIGHT,CLEAR,DRY
6836 ,33477247,MONROE,Irondequoit,,,N,43.1887705,-77.5501476,05/25/2010,5:00 PM,INJURY,1.,0 ,1 ,COLLISION WITH PEDESTRIAN,OTHER,NONE,DAYLIGHT,CLEAR,DRY
6836 ,33477471,MONROE,Rochester,,,Y,43.142796,-77.628969,05/26/2010,10:01 AM,INJURY,1.,0 ,1 ,COLLISION WITH BICYCLIST,OTHER,NONE,DAYLIGHT,CLEAR,DRY
6836 ,33477549,MONROE,Hamlin,,,N,43.2981994,-77.9208674,05/23/2010,11:50 AM,INJURY,1.,0 ,2 ,COLLISION WITH MOTOR VEHICLE,OVERTAKING,NONE,DAYLIGHT,CLEAR,DRY
6836 ,33477632,MONROE,Irondequoit,,,Y,43.196137,-77.6001439,06/19/2010,1:35 PM,INJURY,3.,0 ,2 ,COLLISION WITH MOTOR VEHICLE,REAR END,TRAFFIC SIGNAL,DAYLIGHT,CLOUDY,DRY
6836 ,33477699,MONROE,Rochester,,,Y,43.175373,-77.595141,06/06/2010,10:22 AM,PROPERTY DAMAGE AND INJURY,2.,0 ,2 ,COLLISION WITH MOTOR VEHICLE,RIGHT ANGLE,TRAFFIC SIGNAL,DAYLIGHT,RAIN,WET
6836 ,33477789,MONROE,Brighton,,,N,43.1142976,-77.5521592,06/17/2010,12:29 AM,PROPERTY DAMAGE AND INJURY,1.,0 ,1 ,COLLISION WITH GUIDE RAIL,OTHER,NONE,DARK-ROAD LIGHTED,CLOUDY,DRY
6836 ,33477792,MONROE,Pittsford,,490I43023050,N,43.0867078,-77.4963616,06/16/2010,1:25 PM,PROPERTY DAMAGE AND INJURY,1.,0 ,1 ,COLLISION WITH OTHER BARRIER,OTHER,NONE,DAYLIGHT,RAIN,FLOODED WATER
6836 ,33477839,MONROE,Brighton,,15 43031120,N,43.1020446,-77.6289037,06/20/2010,4:50 AM,INJURY,1.,0 ,1 ,OTHER NON-COLLISION,OTHER,NONE,DAWN,CLEAR,DRY
6836 ,33477885,MONROE,Rochester,,390I43037000,N,43.1307376,-77.6606944,06/16/2010,8:29 AM,PROPERTY DAMAGE AND INJURY,1.,0 ,2 ,COLLISION WITH MOTOR VEHICLE,REAR END,NONE,DAYLIGHT,RAIN,WET
6836 ,33477904,MONROE,Webster,,,N,43.2115291,-77.4303202,06/20/2010,4:36 PM,PROPERTY DAMAGE AND INJURY,1.,0 ,1 ,OTHER NON-COLLISION,OTHER,NONE,DAYLIGHT,CLEAR,DRY
6836 ,33478010,MONROE,Greece,,,N,43.217501,-77.717466,06/20/2010,5:43 PM,INJURY,1.,0 ,3 ,COLLISION WITH MOTOR VEHICLE,OTHER,NONE,DAYLIGHT,CLEAR,DRY
6836 ,33478026,MONROE,Rochester,,,Y,43.161226,-77.610298,06/21/2010,8:21 AM,PROPERTY DAMAGE AND INJURY,1.,0 ,2 ,COLLISION WITH MOTOR VEHICLE,LEFT TURN (WITH OTHER CAR),TRAFFIC SIGNAL,DAYLIGHT,CLEAR,DRY
6836 ,33478129,MONROE,Chili,,259 43011014,Y,43.1128,-77.8035511,06/20/2010,1:13 PM,INJURY,1.,0 ,2 ,COLLISION WITH MOTOR VEHICLE,REAR END,NONE,DAYLIGHT,CLEAR,DRY
6836 ,33478229,MONROE,Wheatland,,253 43011005,N,43.0293094,-77.7332447,06/17/2010,4:27 PM,PROPERTY DAMAGE AND INJURY,2.,0 ,2 ,COLLISION WITH MOTOR VEHICLE,RIGHT ANGLE,STOP SIGN,DAYLIGHT,CLEAR,DRY
6836 ,33478234,MONROE,Gates,,,Y,43.164886,-77.6911321,06/17/2010,1:47 PM,PROPERTY DAMAGE AND INJURY,1.,0 ,2 ,COLLISION WITH MOTOR VEHICLE,HEAD ON,TRAFFIC SIGNAL,DAYLIGHT,CLOUDY,DRY
6836 ,33478245,MONROE,Webster,,,Y,43.222703,-77.387273,06/18/2010,7:09 PM,PROPERTY DAMAGE AND INJURY,2.,0 ,2 ,COLLISION WITH MOTOR VEHICLE,RIGHT ANGLE,TRAFFIC SIGNAL,DAYLIGHT,CLEAR,DRY
6836 ,33478317,MONROE,Henrietta,,490I43021172,N,43.0685318,-77.6783182,06/16/2010,1:20 PM,PROPERTY DAMAGE AND INJURY,1.,0 ,1 ,COLLISION WITH GUIDE RAIL,OTHER,NONE,DAYLIGHT,CLOUDY,WET
6836 ,33478322,MONROE,Parma,,,N,43.3291014,-77.7484167,06/20/2010,2:42 PM,PROPERTY DAMAGE AND INJURY,1.,0 ,1 ,COLLISION WITH SIGN POST,OTHER,NONE,DAYLIGHT,CLEAR,DRY
6836 ,33478355,MONROE,Penfield,,,Y,43.172767,-77.50354,06/19/2010,10:25 PM,PROPERTY DAMAGE AND INJURY,4.,0 ,2 ,COLLISION WITH MOTOR VEHICLE,HEAD ON,NONE,DARK-ROAD LIGHTED,CLEAR,DRY
6836 ,33478436,MONROE,Perinton,,31 43033080,N,43.0713703,-77.4508366,06/19/2010,11:47 PM,PROPERTY DAMAGE AND INJURY,1.,0 ,1 ,COLL. W/EARTH ELE./ROCK CUT/DITCH,OTHER,NONE,DARK-ROAD UNLIGHTED,CLEAR,DRY
6836 ,33478467,MONROE,Chili,,33A43021104,N,43.1055438,-77.7493941,06/10/2010,2:15 PM,PROPERTY DAMAGE AND INJURY,1.,0 ,2 ,COLLISION WITH MOTOR VEHICLE,HEAD ON,TRAFFIC SIGNAL,DAYLIGHT,CLEAR,DRY
6836 ,33478558,MONROE,Henrietta,,,N,43.0826715,-77.6053699,06/21/2010,2:14 PM,INJURY,1.,0 ,1 ,COLLISION WITH BICYCLIST,OTHER,NONE,DAYLIGHT,CLEAR,DRY
6836 ,33478693,MONROE,Gates,,,Y,43.169535,-77.701549,06/21/2010,1:53 PM,PROPERTY DAMAGE AND INJURY,1.,0 ,2 ,COLLISION WITH MOTOR VEHICLE,LEFT TURN (AGAINST OTHER CAR),TRAFFIC SIGNAL,DAYLIGHT,CLEAR,DRY
6836 ,33478721,MONROE,Henrietta,,253 43011063,N,43.0587532,-77.6471453,06/21/2010,5:12 PM,PROPERTY DAMAGE AND INJURY,1.,0 ,2 ,COLLISION WITH MOTOR VEHICLE,REAR END,NONE,DAYLIGHT,CLEAR,DRY
6836 ,33478871,MONROE,Brighton,,,Y,43.126453,-77.564608,06/22/2010,8:16 AM,INJURY,1.,0 ,2 ,COLLISION WITH MOTOR VEHICLE,RIGHT TURN (WITH OTHER CAR),TRAFFIC SIGNAL,DAYLIGHT,CLOUDY,DRY
6836 ,33478904,MONROE,Chili,,33A43021128,N,43.1228381,-77.7092182,06/19/2010,2:15 AM,PROPERTY DAMAGE AND INJURY,1.,0 ,1 ,COLLISION WITH TREE,OTHER,NONE,DARK-ROAD LIGHTED,CLEAR,DRY
6836 ,33478909,MONROE,Brighton,,31 43033012,Y,43.121749,-77.559374,06/22/2010,2:11 PM,INJURY,3.,0 ,3 ,COLLISION WITH MOTOR VEHICLE,OTHER,NONE,DAYLIGHT,CLOUDY,DRY
6836 ,33478916,MONROE,Gates,,,Y,43.130851,-77.661195,06/22/2010,5:23 PM,PROPERTY DAMAGE AND INJURY,1.,0 ,2 ,COLLISION WITH MOTOR VEHICLE,RIGHT ANGLE,NONE,DAYLIGHT,CLOUDY,WET
6836 ,33479121,MONROE,Greece,,947A43021207,N,43.2619232,-77.648248,06/21/2010,6:02 PM,PROPERTY DAMAGE AND INJURY,1.,0 ,1 ,COLLISION WITH SIGN POST,OTHER,NONE,DAYLIGHT,CLEAR,DRY
6836 ,33480185,MONROE,Rochester,,,N,43.1770522,-77.6394604,06/13/2010,11:54 PM,INJURY,1.,0 ,1 ,COLLISION WITH BICYCLIST,OTHER,NONE,DARK-ROAD LIGHTED,CLEAR,DRY
6836 ,33480338,MONROE,Mendon,,,Y,42.990692,-77.5745239,06/08/2010,8:20 AM,INJURY,1.,0 ,2 ,COLLISION WITH MOTOR VEHICLE,REAR END,UNKNOWN,UNKNOWN,UNKNOWN,UNKNOWN
6836 ,33480798,MONROE,Rochester,,,N,43.188161,-77.560977,06/11/2010,6:24 PM,INJURY,1.,0 ,2 ,COLLISION WITH MOTOR VEHICLE,REAR END,TRAFFIC SIGNAL,DAYLIGHT,CLEAR,DRY
6836 ,33480800,MONROE,Rochester,,,Y,43.156408,-77.586616,06/13/2010,8:56 AM,PROPERTY DAMAGE AND INJURY,1.,0 ,2 ,COLLISION WITH MOTOR VEHICLE,LEFT TURN (AGAINST OTHER CAR),TRAFFIC SIGNAL,DAYLIGHT,CLOUDY,DRY
6836 ,33481081,MONROE,Henrietta,,15 43031113,N,43.0929121,-77.6336726,06/22/2010,12:35 PM,PROPERTY DAMAGE AND INJURY,2.,0 ,3 ,COLLISION WITH MOTOR VEHICLE,OTHER,NONE,DAYLIGHT,CLOUDY,DRY
6836 ,33481098,MONROE,Brighton,,65 43031127,Y,43.111017,-77.547717,06/23/2010,2:21 PM,INJURY,1.,0 ,2 ,COLLISION WITH MOTOR VEHICLE,REAR END,TRAFFIC SIGNAL,DAYLIGHT,CLEAR,DRY
6836 ,33481125,MONROE,Gates,,,N,43.1645234,-77.7228093,06/24/2010,3:30 PM,PROPERTY DAMAGE AND INJURY,1.,0 ,2 ,COLLISION WITH MOTOR VEHICLE,REAR END,NONE,DAYLIGHT,CLEAR,DRY
6836 ,33481146,MONROE,Riga,,,N,43.1095107,-77.8594713,06/20/2010,5:00 PM,PROPERTY DAMAGE AND INJURY,1.,0 ,1 ,OTHER NON-COLLISION,OTHER,NONE,DAYLIGHT,CLOUDY,DRY
6836 ,33481170,MONROE,Greece,,,Y,43.214424,-77.7318019,06/23/2010,12:02 PM,PROPERTY DAMAGE AND INJURY,2.,0 ,2 ,COLLISION WITH MOTOR VEHICLE,LEFT TURN (AGAINST OTHER CAR),TRAFFIC SIGNAL,DAYLIGHT,CLEAR,DRY
6836 ,33481219,MONROE,Irondequoit,,590 43013012,N,43.1866785,-77.5437749,06/12/2010,1:48 PM,PROPERTY DAMAGE AND INJURY,1.,0 ,1 ,COLLISION WITH DEER,OTHER,NONE,DAYLIGHT,CLOUDY,DRY
6836 ,33481240,MONROE,Brighton,,31 43033006,Y,43.129596,-77.568106,06/24/2010,11:20 AM,PROPERTY DAMAGE AND INJURY,1.,0 ,2 ,COLLISION WITH MOTOR VEHICLE,LEFT TURN (AGAINST OTHER CAR),TRAFFIC SIGNAL,DAYLIGHT,CLEAR,DRY
6836 ,33481269,MONROE,Brighton,,390I43031132,N,43.1097689,-77.5996187,06/23/2010,5:58 PM,INJURY,1.,0 ,1 ,COLLISION WITH GUIDE RAIL,OTHER,NONE,DAYLIGHT,CLOUDY,DRY
6836 ,33481279,MONROE,Greece,,,N,43.2147336,-77.731797,06/13/2010,12:45 PM,INJURY,1.,0 ,2 ,COLLISION WITH MOTOR VEHICLE,REAR END,TRAFFIC SIGNAL,DAYLIGHT,CLOUDY,DRY
6836 ,33481281,MONROE,Greece,,,Y,43.241824,-77.632454,06/21/2010,2:29 PM,PROPERTY DAMAGE AND INJURY,2.,0 ,3 ,COLLISION WITH MOTOR VEHICLE,OTHER,NONE,DAYLIGHT,CLEAR,DRY
6836 ,33481322,MONROE,Mendon,,,N,43.0191226,-77.4903149,06/21/2010,5:53 PM,PROPERTY DAMAGE AND INJURY,1.,0 ,1 ,COLLISION WITH ANIMAL,OTHER,NONE,DAYLIGHT,CLEAR,DRY
6836 ,33481423,MONROE,Brighton,,,Y,43.116512,-77.553734,06/23/2010,12:30 PM,PROPERTY DAMAGE AND INJURY,2.,0 ,2 ,COLLISION WITH MOTOR VEHICLE,LEFT TURN (AGAINST OTHER CAR),TRAFFIC SIGNAL,DAYLIGHT,CLOUDY,DRY
6836 ,33481435,MONROE,Brighton,,15 43031126,N,43.1101516,-77.6247816,06/23/2010,3:12 PM,PROPERTY DAMAGE AND INJURY,1.,0 ,2 ,COLLISION WITH MOTOR VEHICLE,LEFT TURN (AGAINST OTHER CAR),TRAFFIC SIGNAL,DAYLIGHT,CLOUDY,DRY
6836 ,33481544,MONROE,Gates,,940L43011023,Y,43.164886,-77.6911321,06/24/2010,7:42 AM,PROPERTY DAMAGE AND INJURY,3.,0 ,3 ,COLLISION WITH MOTOR VEHICLE,OTHER,TRAFFIC SIGNAL,DAYLIGHT,CLOUDY,DRY
6836 ,33481557,MONROE,Brighton,,,N,43.1281544,-77.5295904,06/24/2010,4:28 PM,INJURY,1.,0 ,2 ,COLLISION WITH MOTOR VEHICLE,REAR END,NONE,DAYLIGHT,CLEAR,DRY
6836 ,33481594,MONROE,Brighton,,441 43011102,N,43.1292788,-77.5262203,06/25/2010,7:48 PM,PROPERTY DAMAGE AND INJURY,2.,0 ,2 ,COLLISION WITH MOTOR VEHICLE,REAR END,TRAFFIC SIGNAL,DAYLIGHT,CLEAR,DRY
6836 ,33481657,MONROE,Greece,,,N,43.21563,-77.7312636,06/21/2010,5:22 PM,INJURY,1.,0 ,2 ,COLLISION WITH MOTOR VEHICLE,REAR END,STOP SIGN,DAYLIGHT,CLEAR,DRY
6836 ,33481682,MONROE,Sweden,,,Y,43.176621,-77.962401,06/24/2010,8:53 PM,INJURY,5.,0 ,2 ,COLLISION WITH MOTOR VEHICLE,RIGHT ANGLE,STOP SIGN,DUSK,CLOUDY,DRY
6836 ,33481697,MONROE,Rochester,,,N,43.164628,-77.6393082,06/19/2010,11:18 PM,INJURY,1.,0 ,1 ,COLLISION WITH BICYCLIST,OTHER,NONE,DARK-ROAD LIGHTED,CLEAR,DRY
6836 ,33481715,MONROE,Sweden,,31 43031058,N,43.198249,-77.9219152,06/23/2010,4:48 PM,PROPERTY DAMAGE AND INJURY,2.,0 ,2 ,COLLISION WITH MOTOR VEHICLE,OVERTAKING,NONE,DAYLIGHT,CLOUDY,DRY
6836 ,33481718,MONROE,Greece,,,Y,43.2384085,-77.6468463,06/21/2010,2:06 PM,INJURY,1.,0 ,4 ,COLLISION WITH MOTOR VEHICLE,OTHER,NONE,DAYLIGHT,CLEAR,DRY
6836 ,33481734,MONROE,Henrietta,,,N,43.088038,-77.63631,06/24/2010,2:58 PM,INJURY,1.,0 ,3 ,COLLISION WITH MOTOR VEHICLE,OTHER,TRAFFIC SIGNAL,DAYLIGHT,CLOUDY,DRY
6836 ,33481858,MONROE,Wheatland,,,N,43.035065,-77.8153056,06/18/2010,7:30 AM,PROPERTY DAMAGE AND INJURY,1.,0 ,1 ,COLLISION WITH GUIDE RAIL,OTHER,NONE,DAYLIGHT,CLOUDY,DRY
6836 ,33481930,MONROE,Henrietta,,,N,43.0631039,-77.6105532,06/25/2010,7:56 AM,PROPERTY DAMAGE AND INJURY,2.,0 ,2 ,COLLISION WITH MOTOR VEHICLE,HEAD ON,NONE,DAYLIGHT,CLEAR,DRY
6836 ,33482050,MONROE,Pittsford,,96 43051046,N,43.0798324,-77.5030302,06/24/2010,1:28 PM,PROPERTY DAMAGE AND INJURY,1.,0 ,1 ,COLLISION WITH TREE,OTHER,NONE,DAYLIGHT,CLOUDY,DRY
6836 ,33482106,MONROE,Greece,,,N,43.225349,-77.6308614,06/05/2010,9:16 PM,PROPERTY DAMAGE AND INJURY,1.,0 ,1 ,COLLISION WITH TREE,OTHER,NONE,DARK-ROAD LIGHTED,CLEAR,DRY
6836 ,33482108,MONROE,Penfield,,250 43011096,N,43.172715,-77.4310765,06/22/2010,2:11 PM,PROPERTY DAMAGE AND INJURY,1.,0 ,2 ,COLLISION WITH MOTOR VEHICLE,RIGHT ANGLE,STOP SIGN,DAYLIGHT,CLOUDY,DRY
6836 ,33482240,MONROE,Greece,,,N,43.2704055,-77.66041,06/22/2010,2:53 AM,PROPERTY DAMAGE AND INJURY,1.,0 ,1 ,OVERTURNED,OTHER,NONE,DARK-ROAD UNLIGHTED,CLOUDY,DRY
6836 ,33482242,MONROE,Clarkson,,104 43031067,N,43.2238433,-77.8725957,06/21/2010,3:07 AM,PROPERTY DAMAGE AND INJURY,3.,0 ,1 ,COLLISION WITH CURBING,OTHER,TRAFFIC SIGNAL,DARK-ROAD LIGHTED,CLOUDY,DRY
6836 ,33482489,MONROE,Gates,,31 43031182,N,43.1647008,-77.6874539,06/26/2010,3:37 PM,PROPERTY DAMAGE AND INJURY,1.,0 ,2 ,COLLISION WITH MOTOR VEHICLE,LEFT TURN (WITH OTHER CAR),NONE,DAYLIGHT,CLOUDY,DRY
6836 ,33482717,MONROE,Penfield,,,N,43.1424258,-77.4740655,06/22/2010,5:25 PM,PROPERTY DAMAGE AND INJURY,1.,0 ,1 ,COLLISION WITH TREE,OTHER,NONE,DAYLIGHT,RAIN,WET
6836 ,33482718,MONROE,Henrietta,,252 43011104,N,43.0873219,-77.5690254,06/21/2010,12:50 PM,PROPERTY DAMAGE AND INJURY,5.,0 ,3 ,COLLISION WITH MOTOR VEHICLE,OTHER,NONE,DAYLIGHT,CLEAR,DRY
6836 ,33482724,MONROE,Penfield,,441 43011073,N,43.1305676,-77.4005143,06/22/2010,3:20 PM,INJURY,1.,0 ,2 ,COLLISION WITH MOTOR VEHICLE,REAR END,TRAFFIC SIGNAL,DAYLIGHT,CLOUDY,DRY
6836 ,33482725,MONROE,East Rochester,,,Y,43.120692,-77.4781779,06/26/2010,3:40 PM,INJURY,1.,0 ,1 ,COLLISION WITH PEDESTRIAN,OTHER,TRAFFIC SIGNAL,DAYLIGHT,RAIN,WET
6836 ,33482726,MONROE,Chili,,33A43021083,N,43.0937708,-77.7863854,06/25/2010,7:35 PM,PROPERTY DAMAGE AND INJURY,3.,0 ,2 ,COLLISION WITH MOTOR VEHICLE,REAR END,NONE,DAYLIGHT,CLEAR,DRY
6836 ,33482727,MONROE,Perinton,,490I43023062,N,43.0739731,-77.4801257,06/22/2010,5:45 PM,PROPERTY DAMAGE AND INJURY,1.,0 ,2 ,COLLISION WITH MOTOR VEHICLE,REAR END,NONE,DAYLIGHT,RAIN,WET
6836 ,33482729,MONROE,Penfield,,,N,43.1816334,-77.5082797,06/24/2010,2:44 PM,PROPERTY DAMAGE AND INJURY,1.,0 ,2 ,COLLISION WITH MOTOR VEHICLE,RIGHT ANGLE,NO PASSING ZONE,DAYLIGHT,CLOUDY,DRY
6836 ,33482730,MONROE,Henrietta,,252 43011076,Y,43.087044,-77.6247261,06/24/2010,12:36 PM,PROPERTY DAMAGE AND INJURY,1.,0 ,3 ,COLLISION WITH MOTOR VEHICLE,OTHER,NONE,DAYLIGHT,CLOUDY,DRY
6836 ,33482737,MONROE,Penfield,,286 43011049,Y,43.160297,-77.449822,06/26/2010,1:33 PM,PROPERTY DAMAGE AND INJURY,3.,0 ,2 ,COLLISION WITH MOTOR VEHICLE,RIGHT ANGLE,STOP SIGN,DAYLIGHT,RAIN,WET
6836 ,33482738,MONROE,Irondequoit,,,N,43.2425653,-77.5797524,06/28/2010,12:40 AM,PROPERTY DAMAGE AND INJURY,1.,0 ,1 ,COLL. W/EARTH ELE./ROCK CUT/DITCH,OTHER,NONE,DARK-ROAD LIGHTED,RAIN,WET
6836 ,33482744,MONROE,Penfield,,,N,43.1806223,-77.4846188,06/24/2010,4:20 PM,PROPERTY DAMAGE AND INJURY,2.,0 ,2 ,COLLISION WITH MOTOR VEHICLE,HEAD ON,NONE,DAYLIGHT,CLEAR,DRY
6836 ,33482745,MONROE,Perinton,,31 43033081,N,43.0707636,-77.4490385,06/22/2010,4:03 PM,PROPERTY DAMAGE AND INJURY,3.,0 ,2 ,COLLISION WITH MOTOR VEHICLE,LEFT TURN (AGAINST OTHER CAR),TRAFFIC SIGNAL,DAYLIGHT,RAIN,WET
6836 ,33482748,MONROE,Gates,,33A43021131,N,43.126545,-77.70153,06/24/2010,5:45 AM,PROPERTY DAMAGE AND INJURY,1.,0 ,2 ,COLLISION WITH MOTOR VEHICLE,REAR END,TRAFFIC SIGNAL,DARK-ROAD LIGHTED,CLOUDY,WET