QUERYID,CASE #,REGN_CNTY_CDE,Municipality,MUNITYPE,REF_MRKR,ATINTERSECTION_IND,Lat,Long,,Time,Crash Type,Injuries,Fatalities,Number of Vehicles,ACCD_TYP,COLLISION_TYP,TRAF_CNTL,Light Condition,Weather Condition,Road Surface Condition
6836 ,33482750,MONROE,Ogden,,259 43011052,N,43.1675427,-77.804977,06/24/2010,2:41 PM,PROPERTY DAMAGE AND INJURY,1.,0 ,2 ,COLLISION WITH MOTOR VEHICLE,REAR END,NONE,DAYLIGHT,CLOUDY,DRY
6836 ,33482754,MONROE,Clarkson,,104 43031021,N,43.2435115,-77.9585718,06/22/2010,10:32 AM,INJURY,1.,0 ,3 ,COLLISION WITH MOTOR VEHICLE,OTHER,TRAFFIC SIGNAL,DAYLIGHT,RAIN,WET
6836 ,33482756,MONROE,Brighton,,31 43033009,Y,43.126453,-77.564608,06/27/2010,1:36 PM,PROPERTY DAMAGE AND INJURY,1.,0 ,2 ,COLLISION WITH MOTOR VEHICLE,RIGHT ANGLE,TRAFFIC SIGNAL,DAYLIGHT,CLOUDY,DRY
6836 ,33482902,MONROE,Rochester,,,Y,43.251702,-77.613324,05/29/2010,3:31 PM,PROPERTY DAMAGE AND INJURY,1.,0 ,3 ,COLLISION WITH MOTOR VEHICLE,OTHER,NONE,DAYLIGHT,CLEAR,DRY
6836 ,33483604,MONROE,Rochester,,,N,43.1549172,-77.6388829,06/01/2010,4:10 PM,INJURY,1.,0 ,2 ,COLLISION WITH MOTOR VEHICLE,REAR END,TRAFFIC SIGNAL,DAYLIGHT,CLEAR,DRY
6836 ,33483605,MONROE,Rochester,,,Y,43.185329,-77.573177,06/01/2010,8:24 AM,PROPERTY DAMAGE AND INJURY,1.,0 ,2 ,COLLISION WITH MOTOR VEHICLE,RIGHT ANGLE,STOP SIGN,DAYLIGHT,CLOUDY,WET
6836 ,33483607,MONROE,Brighton,,,Y,43.136214,-77.575505,06/01/2010,5:36 PM,INJURY,1.,0 ,1 ,COLLISION WITH BICYCLIST,OTHER,TRAFFIC SIGNAL,DAYLIGHT,CLEAR,DRY
6836 ,33483608,MONROE,Rochester,,,Y,43.171726,-77.612306,06/01/2010,3:17 PM,PROPERTY DAMAGE AND INJURY,2.,0 ,2 ,COLLISION WITH MOTOR VEHICLE,REAR END,NONE,DAYLIGHT,CLEAR,DRY
6836 ,33483612,MONROE,Rochester,,,Y,43.177132,-77.557965,06/05/2010,10:30 AM,INJURY,1.,0 ,1 ,COLLISION WITH BICYCLIST,OTHER,STOP SIGN,DAYLIGHT,CLEAR,DRY
6836 ,33483614,MONROE,Rochester,,,Y,43.1908966,-77.603095,06/03/2010,7:55 PM,PROPERTY DAMAGE AND INJURY,1.,0 ,1 ,COLL. W/LIGHT SUPPORT/UTILITY POLE,OTHER,NONE,DAYLIGHT,CLOUDY,WET
6836 ,33483616,MONROE,Rochester,,,N,43.1563413,-77.6087677,06/01/2010,8:34 PM,PROPERTY DAMAGE AND INJURY,1.,0 ,2 ,COLLISION WITH MOTOR VEHICLE,REAR END,NONE,DARK-ROAD LIGHTED,CLEAR,DRY
6836 ,33483618,MONROE,Rochester,,,Y,43.153975,-77.605829,06/04/2010,5:05 PM,INJURY,1.,0 ,2 ,COLLISION WITH MOTOR VEHICLE,LEFT TURN (AGAINST OTHER CAR),TRAFFIC SIGNAL,DAYLIGHT,CLEAR,DRY
6836 ,33483619,MONROE,Rochester,,,N,43.1393654,-77.6480009,06/05/2010,1:32 PM,INJURY,1.,0 ,1 ,COLLISION WITH PEDESTRIAN,OTHER,NONE,DAYLIGHT,CLEAR,DRY
6836 ,33483682,MONROE,Rochester,,,Y,43.150263,-77.636096,06/11/2010,2:03 PM,INJURY,2.,0 ,2 ,COLLISION WITH MOTOR VEHICLE,REAR END,TRAFFIC SIGNAL,DAYLIGHT,CLEAR,DRY
6836 ,33483687,MONROE,Rochester,,,Y,43.187554,-77.578438,06/08/2010,3:20 PM,INJURY,1.,0 ,1 ,COLLISION WITH BICYCLIST,OTHER,STOP SIGN,DAYLIGHT,CLEAR,DRY
6836 ,33483691,MONROE,Rochester,,,Y,43.171095,-77.612112,06/15/2010,5:58 PM,PROPERTY DAMAGE AND INJURY,1.,0 ,2 ,COLLISION WITH MOTOR VEHICLE,RIGHT ANGLE,NONE,DAYLIGHT,CLEAR,DRY
6836 ,33484210,MONROE,Riga,,490I43021045,N,43.0910628,-77.8939968,06/05/2010,4:55 PM,INJURY,1.,0 ,2 ,COLLISION WITH MOTOR VEHICLE,OVERTAKING,NONE,DAYLIGHT,CLEAR,DRY
6836 ,33484585,MONROE,Henrietta,,,Y,43.025816,-77.705397,06/17/2010,4:13 PM,PROPERTY DAMAGE AND INJURY,1.,0 ,1 ,COLLISION WITH BICYCLIST,OTHER,STOP SIGN,DAYLIGHT,CLEAR,DRY
6836 ,33484605,MONROE,Gates,,33 43031130,Y,43.149859,-77.6949109,06/25/2010,12:05 PM,PROPERTY DAMAGE AND INJURY,2.,0 ,2 ,COLLISION WITH MOTOR VEHICLE,RIGHT ANGLE,TRAFFIC SIGNAL,DAYLIGHT,CLOUDY,DRY
6836 ,33484615,MONROE,Irondequoit,,590 43013012,N,43.1842617,-77.5435244,06/23/2010,4:00 PM,PROPERTY DAMAGE AND INJURY,1.,0 ,1 ,COLLISION WITH GUIDE RAIL,OTHER,NONE,DAYLIGHT,CLEAR,DRY
6836 ,33484644,MONROE,Penfield,,104 43035061,N,43.1958684,-77.5007361,06/26/2010,2:17 PM,PROPERTY DAMAGE AND INJURY,2.,0 ,2 ,COLLISION WITH MOTOR VEHICLE,REAR END,NONE,DAYLIGHT,RAIN,WET
6836 ,33484675,MONROE,Irondequoit,,104 43033008,N,43.1961535,-77.5686044,06/17/2010,3:48 PM,PROPERTY DAMAGE AND INJURY,1.,0 ,2 ,COLLISION WITH MOTOR VEHICLE,REAR END,NONE,DAYLIGHT,CLOUDY,DRY
6836 ,33484811,MONROE,Webster,,,N,43.2063975,-77.4699678,06/25/2010,12:34 PM,INJURY,1.,0 ,2 ,COLLISION WITH MOTOR VEHICLE,REAR END,NONE,DAYLIGHT,CLOUDY,DRY
6836 ,33484861,MONROE,Penfield,,,Y,43.194232,-77.507304,06/10/2010,5:03 PM,PROPERTY DAMAGE AND INJURY,1.,0 ,2 ,COLLISION WITH MOTOR VEHICLE,RIGHT ANGLE,STOP SIGN,DAYLIGHT,CLEAR,DRY
6836 ,33484898,MONROE,Irondequoit,,,N,43.1967783,-77.551432,06/24/2010,9:14 PM,INJURY,1.,0 ,2 ,COLLISION WITH MOTOR VEHICLE,OVERTAKING,NONE,DUSK,CLEAR,DRY
6836 ,33484971,MONROE,Penfield,,,Y,43.160297,-77.449822,06/18/2010,10:30 PM,PROPERTY DAMAGE AND INJURY,1.,0 ,2 ,COLLISION WITH MOTOR VEHICLE,RIGHT ANGLE,STOP SIGN,DARK-ROAD LIGHTED,CLEAR,DRY
6836 ,33484982,MONROE,Brighton,,490I43023007,N,43.1375103,-77.5358458,06/22/2010,6:21 PM,INJURY,2.,0 ,2 ,COLLISION WITH MOTOR VEHICLE,REAR END,NONE,DAYLIGHT,RAIN,WET
6836 ,33485034,MONROE,Brighton,,490I43023013,N,43.1318047,-77.5272419,06/24/2010,12:04 PM,PROPERTY DAMAGE AND INJURY,1.,0 ,2 ,COLLISION WITH MOTOR VEHICLE,REAR END,NONE,DAYLIGHT,CLOUDY,DRY
6836 ,33485075,MONROE,Chili,,,Y,43.095418,-77.757653,06/26/2010,2:52 PM,INJURY,1.,0 ,2 ,COLLISION WITH MOTOR VEHICLE,RIGHT ANGLE,STOP SIGN,DAYLIGHT,RAIN,WET
6836 ,33485098,MONROE,Penfield,,,N,43.181662,-77.381171,06/25/2010,11:33 PM,PROPERTY DAMAGE AND INJURY,1.,0 ,2 ,COLLISION WITH MOTOR VEHICLE,LEFT TURN (AGAINST OTHER CAR),STOP SIGN,DARK-ROAD UNLIGHTED,CLOUDY,DRY
6836 ,33485106,MONROE,Rochester,,104 43032026,N,43.1913082,-77.613645,06/22/2010,5:22 PM,PROPERTY DAMAGE AND INJURY,3.,0 ,4 ,COLLISION WITH MOTOR VEHICLE,OTHER,NONE,DAYLIGHT,RAIN,WET
6836 ,33485233,MONROE,Webster,,,N,43.2045811,-77.4176048,06/26/2010,12:30 PM,PROPERTY DAMAGE AND INJURY,1.,0 ,1 ,COLLISION WITH TREE,OTHER,NONE,DAYLIGHT,CLOUDY,DRY
6836 ,33485258,MONROE,Webster,,,N,43.2054703,-77.4431238,06/25/2010,9:18 AM,PROPERTY DAMAGE AND INJURY,3.,0 ,2 ,COLLISION WITH MOTOR VEHICLE,HEAD ON,NONE,DAYLIGHT,CLOUDY,DRY
6836 ,33485575,MONROE,Greece,,941A43011009,Y,43.25273,-77.628506,06/27/2010,9:28 PM,INJURY,2.,0 ,2 ,COLLISION WITH MOTOR VEHICLE,LEFT TURN (WITH OTHER CAR),TRAFFIC SIGNAL,DARK-ROAD LIGHTED,RAIN,WET
6836 ,33485578,MONROE,Greece,,,Y,43.23834,-77.646847,06/28/2010,12:15 PM,PROPERTY DAMAGE AND INJURY,1.,0 ,3 ,COLLISION WITH MOTOR VEHICLE,OTHER,TRAFFIC SIGNAL,DAYLIGHT,CLOUDY,DRY
6836 ,33485580,MONROE,Greece,,,Y,43.2383101,-77.6591189,06/26/2010,1:12 PM,PROPERTY DAMAGE AND INJURY,1.,0 ,2 ,COLLISION WITH MOTOR VEHICLE,LEFT TURN (AGAINST OTHER CAR),NONE,DAYLIGHT,RAIN,WET
6836 ,33485583,MONROE,Greece,,,N,43.2237185,-77.6667597,06/26/2010,12:29 PM,PROPERTY DAMAGE AND INJURY,1.,0 ,2 ,COLLISION WITH MOTOR VEHICLE,REAR END,TRAFFIC SIGNAL,DAYLIGHT,RAIN,WET
6836 ,33485584,MONROE,Greece,,,N,43.211342,-77.7133201,06/27/2010,10:51 AM,PROPERTY DAMAGE AND INJURY,1.,0 ,2 ,COLLISION WITH MOTOR VEHICLE,REAR END,TRAFFIC SIGNAL,DAYLIGHT,CLEAR,DRY
6836 ,33485586,MONROE,Greece,,,N,43.2768478,-77.645978,06/27/2010,8:11 PM,PROPERTY DAMAGE AND INJURY,1.,0 ,2 ,COLLISION WITH MOTOR VEHICLE,LEFT TURN (AGAINST OTHER CAR),NONE,DUSK,RAIN,WET
6836 ,33485588,MONROE,Greece,,,N,43.2101442,-77.6977739,06/26/2010,4:04 PM,PROPERTY DAMAGE AND INJURY,1.,0 ,2 ,COLLISION WITH MOTOR VEHICLE,REAR END,TRAFFIC SIGNAL,DAYLIGHT,CLOUDY,WET
6836 ,33485930,MONROE,Webster,,,N,43.2144637,-77.4151551,06/23/2010,11:19 PM,PROPERTY DAMAGE AND INJURY,1.,0 ,2 ,COLLISION WITH MOTOR VEHICLE,RIGHT ANGLE,NONE,DARK-ROAD UNLIGHTED,CLEAR,DRY
6836 ,33485931,MONROE,Fairport,,250 43011047,N,43.1026766,-77.4419041,06/27/2010,1:33 AM,PROPERTY DAMAGE AND INJURY,1.,0 ,1 ,COLLISION WITH PEDESTRIAN,OTHER,NONE,DARK-ROAD LIGHTED,CLOUDY,DRY
6836 ,33485939,MONROE,Rochester,,,N,43.1980169,-77.5615589,06/26/2010,3:57 PM,PROPERTY DAMAGE AND INJURY,2.,0 ,2 ,COLLISION WITH MOTOR VEHICLE,RIGHT ANGLE,NONE,DAYLIGHT,CLOUDY,WET
6836 ,33485940,MONROE,Henrietta,,15A43041103,Y,43.072461,-77.607083,06/26/2010,3:36 PM,PROPERTY DAMAGE AND INJURY,2.,0 ,2 ,COLLISION WITH MOTOR VEHICLE,REAR END,NONE,DAYLIGHT,CLOUDY,WET
6836 ,33486056,MONROE,Rochester,,,N,43.1944521,-77.6116251,05/27/2010,3:47 PM,INJURY,1.,0 ,2 ,COLLISION WITH MOTOR VEHICLE,LEFT TURN (WITH OTHER CAR),NONE,DAYLIGHT,CLEAR,DRY
6836 ,33486233,MONROE,Rochester,,,Y,43.167362,-77.616907,06/09/2010,6:45 PM,PROPERTY DAMAGE AND INJURY,1.,0 ,2 ,COLLISION WITH MOTOR VEHICLE,RIGHT ANGLE,TRAFFIC SIGNAL,DAYLIGHT,CLEAR,DRY
6836 ,33486920,MONROE,Greece,,,N,43.1877456,-77.6977239,06/01/2010,12:51 PM,INJURY,2.,0 ,2 ,COLLISION WITH MOTOR VEHICLE,SIDESWIPE,NONE,DAYLIGHT,CLEAR,DRY
6836 ,33487312,MONROE,Rochester,,,N,43.1691488,-77.5740437,05/26/2010,7:36 PM,INJURY,1.,0 ,1 ,COLLISION WITH PEDESTRIAN,OTHER,NONE,DAYLIGHT,CLEAR,DRY
6836 ,33487313,MONROE,Rochester,,,Y,43.163411,-77.624787,05/27/2010,4:58 PM,INJURY,1.,0 ,1 ,COLLISION WITH BICYCLIST,OTHER,TRAFFIC SIGNAL,DAYLIGHT,CLEAR,DRY
6836 ,33487562,MONROE,Rochester,,,N,43.193835,-77.629001,06/05/2010,12:55 PM,INJURY,1.,0 ,1 ,COLLISION WITH BICYCLIST,OTHER,TRAFFIC SIGNAL,DAYLIGHT,CLEAR,DRY
6836 ,33487563,MONROE,Rochester,,,Y,43.164628,-77.638865,06/07/2010,6:34 PM,INJURY,1.,0 ,1 ,COLLISION WITH PEDESTRIAN,OTHER,TRAFFIC SIGNAL,DAYLIGHT,CLEAR,DRY
6836 ,33487564,MONROE,Rochester,,,N,43.162,-77.584384,06/06/2010,9:19 AM,PROPERTY DAMAGE AND INJURY,1.,0 ,2 ,COLLISION WITH MOTOR VEHICLE,OVERTAKING,NONE,DAYLIGHT,RAIN,WET
6836 ,33487575,MONROE,Rochester,,,Y,43.164633,-77.644537,06/09/2010,6:00 PM,INJURY,2.,0 ,2 ,COLLISION WITH MOTOR VEHICLE,REAR END,NONE,DAYLIGHT,CLOUDY,DRY
6836 ,33487576,MONROE,Rochester,,,Y,43.141157,-77.613271,06/08/2010,10:20 PM,PROPERTY DAMAGE AND INJURY,1.,0 ,2 ,COLLISION WITH MOTOR VEHICLE,REAR END,TRAFFIC SIGNAL,DARK-ROAD LIGHTED,CLEAR,DRY
6836 ,33487577,MONROE,Rochester,,,Y,43.167362,-77.616907,06/10/2010,12:06 AM,PROPERTY DAMAGE AND INJURY,1.,0 ,1 ,COLLISION WITH CURBING,OTHER,NONE,DARK-ROAD LIGHTED,CLOUDY,DRY
6836 ,33487579,MONROE,Rochester,,,Y,43.193884,-77.648757,06/08/2010,3:03 PM,PROPERTY DAMAGE AND INJURY,1.,0 ,2 ,COLLISION WITH MOTOR VEHICLE,UNKNOWN,OTHER,DAYLIGHT,CLEAR,DRY
6836 ,33487581,MONROE,Rochester,,,Y,43.174915,-77.6132469,06/09/2010,1:35 PM,INJURY,1.,0 ,1 ,COLLISION WITH PEDESTRIAN,OTHER,NONE,DAYLIGHT,RAIN,WET
6836 ,33487582,MONROE,Rochester,,,Y,43.159514,-77.610074,06/09/2010,12:00 AM,INJURY,1.,0 ,2 ,COLLISION WITH MOTOR VEHICLE,UNKNOWN,TRAFFIC SIGNAL,DAYLIGHT,CLEAR,DRY
6836 ,33487601,MONROE,Rochester,,31 43032051,Y,43.143952,-77.58917,06/10/2010,12:32 AM,INJURY,1.,0 ,1 ,COLLISION WITH PEDESTRIAN,OTHER,NONE,DARK-ROAD LIGHTED,CLEAR,DRY
6836 ,33487603,MONROE,Rochester,,,Y,43.167882,-77.615861,06/09/2010,5:57 PM,PROPERTY DAMAGE AND INJURY,1.,0 ,2 ,COLLISION WITH MOTOR VEHICLE,OVERTAKING,NONE,DAYLIGHT,CLEAR,DRY
6836 ,33487692,MONROE,Rochester,,,Y,43.120199,-77.622532,06/09/2010,3:55 PM,PROPERTY DAMAGE AND INJURY,2.,0 ,2 ,COLLISION WITH MOTOR VEHICLE,RIGHT ANGLE,STOP SIGN,DAYLIGHT,CLEAR,DRY
6836 ,33487695,MONROE,Rochester,,,N,43.1600729,-77.5932562,06/04/2010,9:23 PM,INJURY,2.,0 ,1 ,COLLISION WITH PEDESTRIAN,OTHER,NONE,DARK-ROAD LIGHTED,CLEAR,DRY
6836 ,33487696,MONROE,Rochester,,,Y,43.170762,-77.589403,06/08/2010,9:50 AM,PROPERTY DAMAGE AND INJURY,1.,0 ,1 ,COLLISION WITH CURBING,OTHER,NONE,DAYLIGHT,CLOUDY,DRY
6836 ,33487697,MONROE,Rochester,,,N,43.144321,-77.555926,06/08/2010,4:00 PM,INJURY,1.,0 ,2 ,COLLISION WITH MOTOR VEHICLE,REAR END,POLICE/FIRE EMERGENCY,DAYLIGHT,CLEAR,DRY
6836 ,33487809,MONROE,Wheatland,,,N,43.029848,-77.8331973,06/22/2010,6:00 AM,FATAL,0.,1 ,1 ,COLLISION WITH TREE,OTHER,NONE,DAYLIGHT,CLEAR,DRY
6836 ,33487839,MONROE,Gates,,,Y,43.164692,-77.695207,06/23/2010,9:50 AM,PROPERTY DAMAGE AND INJURY,1.,0 ,2 ,COLLISION WITH MOTOR VEHICLE,RIGHT ANGLE,STOP SIGN,DAYLIGHT,CLEAR,DRY
6836 ,33487863,MONROE,Greece,,,Y,43.215678,-77.6591709,06/24/2010,12:09 PM,PROPERTY DAMAGE AND INJURY,1.,0 ,2 ,COLLISION WITH MOTOR VEHICLE,OVERTAKING,YIELD SIGN,DAYLIGHT,CLEAR,DRY
6836 ,33487891,MONROE,Henrietta,,15A43041093,N,43.0591969,-77.6125081,06/28/2010,7:14 PM,INJURY,1.,0 ,1 ,COLLISION WITH BICYCLIST,OTHER,NONE,DAYLIGHT,CLEAR,DRY
6836 ,33487938,MONROE,Rochester,,,N,43.149223,-77.6510517,06/07/2010,8:20 PM,INJURY,1.,0 ,1 ,COLLISION WITH PEDESTRIAN,OTHER,NONE,DAYLIGHT,CLEAR,DRY
6836 ,33488609,MONROE,Rochester,,,N,43.1209682,-77.6442697,06/29/2010,7:57 AM,PROPERTY DAMAGE AND INJURY,1.,0 ,1 ,COLLISION WITH BRIDGE STRUCTURE,OTHER,RR CROSSING GATES,DAYLIGHT,CLOUDY,DRY
6836 ,33488706,MONROE,Greece,,,N,43.1977712,-77.719793,06/25/2010,1:27 PM,PROPERTY DAMAGE AND INJURY,1.,0 ,2 ,COLLISION WITH MOTOR VEHICLE,REAR END,NONE,DAYLIGHT,CLEAR,DRY
6836 ,33488708,MONROE,Greece,,,N,43.2094203,-77.6469502,06/27/2010,4:00 AM,INJURY,3.,0 ,1 ,COLLISION WITH PEDESTRIAN,OTHER,NONE,DARK-ROAD LIGHTED,CLEAR,DRY
6836 ,33489073,MONROE,Chili,,33A43021102,N,43.1044183,-77.7516905,06/18/2010,5:56 PM,INJURY,1.,0 ,1 ,COLLISION WITH BICYCLIST,OTHER,NONE,DAYLIGHT,CLEAR,DRY
6836 ,33489074,MONROE,Gates,,,N,43.166327,-77.753746,07/01/2010,12:51 PM,INJURY,1.,0 ,2 ,COLLISION WITH MOTOR VEHICLE,REAR END,YIELD SIGN,DAYLIGHT,CLEAR,DRY
6836 ,33489082,MONROE,Hamlin,,,N,43.3119392,-77.9518366,06/15/2010,9:17 PM,INJURY,2.,0 ,1 ,OTHER NON-COLLISION,OTHER,NONE,DUSK,CLEAR,DRY
6836 ,33489084,MONROE,Brighton,,,N,43.1110049,-77.5477007,07/01/2010,3:44 PM,INJURY,1.,0 ,2 ,COLLISION WITH MOTOR VEHICLE,REAR END,TRAFFIC SIGNAL,DAYLIGHT,CLEAR,DRY
6836 ,33489088,MONROE,Pittsford,,31 43033061,N,43.0788935,-77.4863105,06/25/2010,4:29 PM,PROPERTY DAMAGE AND INJURY,1.,0 ,2 ,COLLISION WITH MOTOR VEHICLE,LEFT TURN (AGAINST OTHER CAR),STOP SIGN,DAYLIGHT,CLOUDY,DRY
6836 ,33489089,MONROE,Brighton,,490I43023004,N,43.1400504,-77.5407434,06/28/2010,5:44 PM,PROPERTY DAMAGE AND INJURY,3.,0 ,3 ,COLLISION WITH MOTOR VEHICLE,OTHER,NONE,DAYLIGHT,RAIN,WET
6836 ,33489094,MONROE,Chili,,383 43011132,Y,43.0927494,-77.6815239,06/28/2010,11:30 PM,INJURY,1.,0 ,2 ,COLLISION WITH MOTOR VEHICLE,REAR END,NONE,DARK-ROAD LIGHTED,CLOUDY,DRY
6836 ,33489105,MONROE,Hamlin,,,Y,43.320785,-77.9278441,06/29/2010,2:39 AM,PROPERTY DAMAGE AND INJURY,1.,0 ,1 ,COLL. W/EARTH ELE./ROCK CUT/DITCH,OTHER,OTHER,DARK-ROAD LIGHTED,CLOUDY,DRY
6836 ,33489203,MONROE,Gates,,490I43021110,N,43.158253,-77.679459,06/23/2010,8:10 AM,PROPERTY DAMAGE AND INJURY,1.,0 ,4 ,COLLISION WITH MOTOR VEHICLE,OTHER,NONE,DAYLIGHT,CLEAR,DRY
6836 ,33489322,MONROE,Perinton,,31 43033075,N,43.0737594,-77.4601681,06/30/2010,1:47 PM,PROPERTY DAMAGE AND INJURY,1.,0 ,1 ,COLLISION WITH BICYCLIST,OTHER,TRAFFIC SIGNAL,DAYLIGHT,CLOUDY,DRY
6836 ,33489324,MONROE,Mendon,,64 43021054,N,43.017897,-77.5150664,06/25/2010,10:41 PM,PROPERTY DAMAGE AND INJURY,3.,0 ,1 ,COLLISION WITH TREE,OTHER,NONE,DARK-ROAD UNLIGHTED,CLEAR,DRY
6836 ,33489330,MONROE,Penfield,,441 43011038,N,43.1314303,-77.469748,06/29/2010,3:45 PM,INJURY,1.,0 ,1 ,COLLISION WITH BICYCLIST,OTHER,STOP SIGN,DAYLIGHT,CLEAR,DRY
6836 ,33489340,MONROE,Henrietta,,,Y,43.087222,-77.57828,06/29/2010,8:33 PM,PROPERTY DAMAGE AND INJURY,2.,0 ,3 ,COLLISION WITH MOTOR VEHICLE,OTHER,NONE,DAYLIGHT,CLEAR,DRY
6836 ,33489460,MONROE,Irondequoit,,,N,43.2040478,-77.5591863,07/02/2010,1:45 PM,PROPERTY DAMAGE AND INJURY,1.,0 ,2 ,COLLISION WITH MOTOR VEHICLE,RIGHT ANGLE,NONE,DAYLIGHT,CLEAR,DRY
6836 ,33489533,MONROE,Henrietta,,15 43031097,N,43.0729172,-77.64443,06/28/2010,6:54 PM,INJURY,1.,0 ,2 ,COLLISION WITH MOTOR VEHICLE,REAR END,NONE,DAYLIGHT,CLEAR,DRY
6836 ,33489576,MONROE,Penfield,,441 43011044,Y,43.131125,-77.4572511,06/23/2010,6:22 PM,PROPERTY DAMAGE AND INJURY,1.,0 ,2 ,COLLISION WITH MOTOR VEHICLE,RIGHT ANGLE,STOP SIGN,DAYLIGHT,CLOUDY,DRY
6836 ,33489797,MONROE,Greece,,104 43031160,N,43.209071,-77.6908495,06/29/2010,7:13 PM,INJURY,1.,0 ,1 ,COLLISION WITH PEDESTRIAN,OTHER,TRAFFIC SIGNAL,DAYLIGHT,CLEAR,DRY
6836 ,33490015,MONROE,Irondequoit,,,N,43.1769262,-77.5400893,07/02/2010,5:48 PM,INJURY,2.,0 ,2 ,COLLISION WITH MOTOR VEHICLE,REAR END,NONE,DAYLIGHT,CLEAR,DRY
6836 ,33490018,MONROE,Gates,,,N,43.1492103,-77.6909715,07/02/2010,7:36 PM,PROPERTY DAMAGE AND INJURY,1.,0 ,1 ,COLL. W/LIGHT SUPPORT/UTILITY POLE,OTHER,NONE,DAYLIGHT,CLEAR,DRY
6836 ,33490153,MONROE,Greece,,,N,43.2535008,-77.7278966,06/24/2010,6:01 PM,PROPERTY DAMAGE AND INJURY,1.,0 ,2 ,COLLISION WITH MOTOR VEHICLE,REAR END,NONE,DAYLIGHT,CLOUDY,DRY
6836 ,33490154,MONROE,Greece,,,N,43.2034561,-77.712331,06/26/2010,7:58 PM,INJURY,1.,0 ,1 ,COLLISION WITH PEDESTRIAN,OTHER,NONE,DAYLIGHT,CLOUDY,DRY
6836 ,33490421,MONROE,Brighton,,490I43023015,N,43.1292681,-77.5247253,06/30/2010,6:18 PM,PROPERTY DAMAGE AND INJURY,1.,0 ,3 ,COLLISION WITH MOTOR VEHICLE,OTHER,NONE,DAYLIGHT,CLEAR,DRY
6836 ,33490608,MONROE,Rochester,,,N,43.1607969,-77.5900248,06/04/2010,4:37 PM,PROPERTY DAMAGE AND INJURY,2.,0 ,3 ,COLLISION WITH MOTOR VEHICLE,OTHER,NONE,DAYLIGHT,CLEAR,DRY
6836 ,33490633,MONROE,Perinton,,490I43023073,N,43.0599213,-77.4713175,06/14/2010,5:29 PM,PROPERTY DAMAGE AND INJURY,1.,0 ,2 ,COLLISION WITH MOTOR VEHICLE,REAR END,NONE,DAYLIGHT,CLOUDY,DRY
6836 ,33490663,MONROE,Perinton,,250 43011007,N,43.0467036,-77.4478002,06/25/2010,12:22 PM,PROPERTY DAMAGE AND INJURY,1.,0 ,2 ,COLLISION WITH MOTOR VEHICLE,LEFT TURN (AGAINST OTHER CAR),STOP SIGN,DAYLIGHT,CLEAR,DRY
6836 ,33490697,MONROE,Penfield,,250 43011066,N,43.1298612,-77.4412862,06/09/2010,12:27 PM,PROPERTY DAMAGE AND INJURY,2.,0 ,2 ,COLLISION WITH MOTOR VEHICLE,RIGHT ANGLE,NONE,DAYLIGHT,RAIN,WET
6836 ,33490736,MONROE,Rochester,,490I43022052,N,43.1428748,-77.5799221,07/04/2010,5:48 PM,INJURY,1.,0 ,3 ,COLLISION WITH MOTOR VEHICLE,OTHER,NONE,DAYLIGHT,CLEAR,DRY
6836 ,33490791,MONROE,Penfield,,441 43011431,N,43.1313721,-77.4699473,06/07/2010,1:34 PM,PROPERTY DAMAGE AND INJURY,1.,0 ,3 ,COLLISION WITH MOTOR VEHICLE,OTHER,NONE,DAYLIGHT,CLEAR,DRY
6836 ,33490820,MONROE,Penfield,,,N,43.1546304,-77.5205391,06/16/2010,8:29 AM,PROPERTY DAMAGE AND INJURY,1.,0 ,1 ,COLLISION WITH GUIDE RAIL,OTHER,NONE,DAYLIGHT,RAIN,WET
6836 ,33490882,MONROE,Penfield,,441 43011040,Y,43.13124,-77.4639639,06/14/2010,7:20 AM,PROPERTY DAMAGE AND INJURY,1.,0 ,2 ,COLLISION WITH MOTOR VEHICLE,OVERTAKING,TRAFFIC SIGNAL,DAYLIGHT,CLOUDY,DRY
6836 ,33490952,MONROE,Gates,,390 43011004,N,43.1638774,-77.6830132,07/02/2010,7:49 PM,PROPERTY DAMAGE AND INJURY,1.,0 ,1 ,COLLISION WITH DEER,OTHER,NONE,DAYLIGHT,CLEAR,DRY
6836 ,33490960,MONROE,Brighton,,490I43023014,N,43.1304423,-77.5257466,06/28/2010,10:30 AM,PROPERTY DAMAGE AND INJURY,2.,0 ,2 ,COLLISION WITH MOTOR VEHICLE,REAR END,NONE,DAYLIGHT,CLOUDY,DRY
6836 ,33490964,MONROE,Penfield,,286 43011058,Y,43.160001,-77.43156,06/15/2010,7:50 AM,INJURY,1.,0 ,4 ,COLLISION WITH MOTOR VEHICLE,OTHER,TRAFFIC SIGNAL,DAYLIGHT,CLEAR,DRY
6836 ,33490987,MONROE,Perinton,,,N,43.1085556,-77.4527808,06/16/2010,12:00 PM,PROPERTY DAMAGE AND INJURY,1.,0 ,2 ,COLLISION WITH MOTOR VEHICLE,REAR END,NONE,DAYLIGHT,CLOUDY,WET
6836 ,33491038,MONROE,Gates,,,N,43.1394703,-77.6681498,07/05/2010,11:15 AM,INJURY,1.,0 ,1 ,COLLISION WITH BICYCLIST,OTHER,NONE,DAYLIGHT,CLEAR,DRY
6836 ,33491069,MONROE,Perinton,,,Y,43.116376,-77.4321939,06/28/2010,10:28 AM,PROPERTY DAMAGE AND INJURY,1.,0 ,2 ,COLLISION WITH MOTOR VEHICLE,RIGHT ANGLE,STOP SIGN,DAYLIGHT,CLEAR,DRY
6836 ,33491089,MONROE,Penfield,,,N,43.12762,-77.4945049,06/27/2010,12:07 PM,PROPERTY DAMAGE AND INJURY,1.,0 ,2 ,COLLISION WITH MOTOR VEHICLE,LEFT TURN (AGAINST OTHER CAR),TRAFFIC SIGNAL,DAYLIGHT,CLEAR,DRY