QUERYID,CASE #,REGN_CNTY_CDE,Municipality,MUNITYPE,REF_MRKR,ATINTERSECTION_IND,Lat,Long,,Time,Crash Type,Injuries,Fatalities,Number of Vehicles,ACCD_TYP,COLLISION_TYP,TRAF_CNTL,Light Condition,Weather Condition,Road Surface Condition
6836 ,33491111,MONROE,Sweden,,260 43011010,N,43.2119507,-77.8947438,07/02/2010,6:07 PM,INJURY,1.,0 ,2 ,COLLISION WITH MOTOR VEHICLE,RIGHT ANGLE,STOP SIGN,DAYLIGHT,CLEAR,DRY
6836 ,33491120,MONROE,Brockport,,,N,43.2140391,-77.9361977,06/27/2010,3:01 PM,PROPERTY DAMAGE AND INJURY,1.,0 ,1 ,COLL. W/LIGHT SUPPORT/UTILITY POLE,OTHER,TRAFFIC SIGNAL,DAYLIGHT,CLOUDY,DRY
6836 ,33491281,MONROE,Spencerport,,,N,43.1818374,-77.8047714,07/06/2010,9:36 PM,PROPERTY DAMAGE AND INJURY,1.,0 ,2 ,COLLISION WITH MOTOR VEHICLE,LEFT TURN (AGAINST OTHER CAR),NONE,DARK-ROAD LIGHTED,CLEAR,DRY
6836 ,33491326,MONROE,Gates,,,N,43.139413,-77.66832,07/06/2010,2:24 PM,INJURY,1.,0 ,1 ,COLLISION WITH BICYCLIST,OTHER,TRAFFIC SIGNAL,DAYLIGHT,CLEAR,DRY
6836 ,33491360,MONROE,East Rochester,,,N,43.1018761,-77.4814331,06/30/2010,1:16 PM,PROPERTY DAMAGE AND INJURY,1.,0 ,2 ,COLLISION WITH MOTOR VEHICLE,LEFT TURN (WITH OTHER CAR),NONE,DAYLIGHT,CLOUDY,DRY
6836 ,33491563,MONROE,Brighton,,15 43031115,N,43.0943218,-77.6329204,07/06/2010,11:13 AM,INJURY,1.,0 ,3 ,COLLISION WITH MOTOR VEHICLE,OTHER,NONE,DAYLIGHT,CLEAR,DRY
6836 ,33491571,MONROE,Brighton,,,Y,43.105528,-77.563249,07/06/2010,8:34 PM,PROPERTY DAMAGE AND INJURY,1.,0 ,2 ,COLLISION WITH MOTOR VEHICLE,REAR END,NONE,DUSK,CLEAR,DRY
6836 ,33491572,MONROE,Gates,,390I43037012,N,43.1443549,-77.6730911,06/23/2010,10:19 PM,PROPERTY DAMAGE AND INJURY,3.,0 ,3 ,COLLISION WITH MOTOR VEHICLE,OTHER,HIGHWAY WORK AREA,DARK-ROAD LIGHTED,CLOUDY,DRY
6836 ,33492743,MONROE,Rochester,,,Y,43.158068,-77.602343,06/06/2010,5:10 PM,PROPERTY DAMAGE AND INJURY,2.,0 ,2 ,COLLISION WITH MOTOR VEHICLE,RIGHT ANGLE,TRAFFIC SIGNAL,DAYLIGHT,CLEAR,DRY
6836 ,33492913,MONROE,Irondequoit,,104 43035033,N,43.177055,-77.5374829,06/08/2010,7:06 AM,PROPERTY DAMAGE AND INJURY,4.,0 ,3 ,COLLISION WITH MOTOR VEHICLE,OTHER,TRAFFIC SIGNAL,DAYLIGHT,CLEAR,DRY
6836 ,33493043,MONROE,Rochester,,,Y,43.174771,-77.6176919,06/08/2010,12:13 PM,PROPERTY DAMAGE AND INJURY,2.,0 ,3 ,COLLISION WITH MOTOR VEHICLE,OTHER,STOP SIGN,DAYLIGHT,CLEAR,DRY
6836 ,33493045,MONROE,Perinton,,250 43011054,N,43.113898,-77.441708,06/16/2010,11:05 AM,FATAL,1.,1 ,2 ,COLLISION WITH MOTOR VEHICLE,HEAD ON,NONE,DAYLIGHT,CLOUDY,WET
6836 ,33493061,MONROE,Rochester,,,N,43.159356,-77.6475399,06/30/2010,5:57 PM,FATAL,0.,1 ,1 ,COLLISION WITH PEDESTRIAN,OTHER,NONE,DAYLIGHT,CLEAR,DRY
6836 ,33493450,MONROE,Rochester,,,Y,43.235144,-77.6241519,05/27/2010,8:16 PM,INJURY,1.,0 ,1 ,OVERTURNED,OTHER,TRAFFIC SIGNAL,DUSK,CLEAR,DRY
6836 ,33493541,MONROE,Rochester,,,Y,43.177638,-77.625049,06/16/2010,4:01 PM,INJURY,1.,0 ,2 ,COLLISION WITH MOTOR VEHICLE,LEFT TURN (AGAINST OTHER CAR),NONE,DAYLIGHT,CLEAR,DRY
6836 ,33493543,MONROE,Rochester,,,Y,43.167225,-77.628218,06/15/2010,11:13 AM,PROPERTY DAMAGE AND INJURY,1.,0 ,2 ,COLLISION WITH MOTOR VEHICLE,RIGHT TURN (AGAINST OTHER CAR),STOP SIGN,DAYLIGHT,CLEAR,DRY
6836 ,33493545,MONROE,Rochester,,,Y,43.145403,-77.5916959,06/14/2010,10:38 PM,INJURY,1.,0 ,1 ,COLLISION WITH BICYCLIST,OTHER,NONE,DARK-ROAD LIGHTED,CLOUDY,DRY
6836 ,33493546,MONROE,Rochester,,,N,43.1753513,-77.5866531,06/15/2010,7:54 PM,INJURY,1.,0 ,1 ,COLLISION WITH PEDESTRIAN,OTHER,NONE,DAYLIGHT,CLEAR,DRY
6836 ,33493676,MONROE,Rochester,,,Y,43.114917,-77.609748,06/07/2010,2:41 PM,PROPERTY DAMAGE AND INJURY,1.,0 ,3 ,COLLISION WITH MOTOR VEHICLE,OTHER,NONE,DAYLIGHT,CLEAR,DRY
6836 ,33493680,MONROE,Rochester,,,Y,43.181745,-77.6415209,06/08/2010,4:05 PM,PROPERTY DAMAGE AND INJURY,1.,0 ,2 ,COLLISION WITH MOTOR VEHICLE,RIGHT ANGLE,STOP SIGN,DAYLIGHT,CLEAR,DRY
6836 ,33493813,MONROE,Rochester,,,Y,43.179314,-77.637088,06/15/2010,2:15 PM,INJURY,1.,0 ,1 ,COLLISION WITH BICYCLIST,OTHER,STOP SIGN,DAYLIGHT,CLEAR,DRY
6836 ,33493814,MONROE,Rochester,,,N,43.1572775,-77.5415523,06/16/2010,9:32 PM,PROPERTY DAMAGE AND INJURY,1.,0 ,2 ,COLLISION WITH MOTOR VEHICLE,LEFT TURN (AGAINST OTHER CAR),TRAFFIC SIGNAL,DARK-ROAD LIGHTED,CLEAR,WET
6836 ,33493815,MONROE,Rochester,,,N,43.1198135,-77.6198432,06/17/2010,11:33 AM,PROPERTY DAMAGE AND INJURY,1.,0 ,2 ,COLLISION WITH MOTOR VEHICLE,UNKNOWN,NONE,DAYLIGHT,CLOUDY,DRY
6836 ,33493913,MONROE,Rochester,,,Y,43.20573,-77.638666,06/18/2010,8:34 AM,PROPERTY DAMAGE AND INJURY,3.,0 ,2 ,COLLISION WITH MOTOR VEHICLE,RIGHT ANGLE,NONE,DAYLIGHT,CLEAR,DRY
6836 ,33493915,MONROE,Rochester,,,N,43.2029758,-77.6485625,06/18/2010,2:44 PM,INJURY,1.,0 ,2 ,COLLISION WITH MOTOR VEHICLE,REAR END,NONE,DAYLIGHT,CLOUDY,DRY
6836 ,33493916,MONROE,Rochester,,,N,43.1734513,-77.5806187,06/18/2010,4:25 PM,INJURY,1.,0 ,1 ,COLLISION WITH PEDESTRIAN,OTHER,NONE,DAYLIGHT,CLEAR,DRY
6836 ,33493918,MONROE,Irondequoit,,,Y,43.195298,-77.607791,06/18/2010,4:05 PM,INJURY,1.,0 ,1 ,COLLISION WITH MOTOR VEHICLE,OTHER,STOP SIGN,DAYLIGHT,CLEAR,DRY
6836 ,33493919,MONROE,Rochester,,,Y,43.143782,-77.6289791,06/20/2010,11:00 AM,INJURY,1.,0 ,1 ,COLLISION WITH PEDESTRIAN,OTHER,NONE,DAYLIGHT,CLEAR,DRY
6836 ,33493920,MONROE,Rochester,,,Y,43.146615,-77.629002,06/18/2010,7:26 AM,PROPERTY DAMAGE AND INJURY,1.,0 ,1 ,COLLISION WITH BICYCLIST,OTHER,TRAFFIC SIGNAL,DAYLIGHT,CLEAR,DRY
6836 ,33493924,MONROE,Rochester,,,Y,43.159338,-77.596512,06/15/2010,8:05 AM,INJURY,1.,0 ,2 ,COLLISION WITH MOTOR VEHICLE,OVERTAKING,TRAFFIC SIGNAL,DAYLIGHT,CLEAR,DRY
6836 ,33493925,MONROE,Rochester,,,Y,43.1577565,-77.6066728,06/17/2010,7:45 AM,INJURY,1.,0 ,1 ,COLLISION WITH BICYCLIST,OTHER,NONE,DAYLIGHT,CLEAR,DRY
6836 ,33493933,MONROE,Rochester,,,Y,43.230812,-77.626148,06/17/2010,6:17 PM,INJURY,1.,0 ,1 ,COLLISION WITH PEDESTRIAN,OTHER,TRAFFIC SIGNAL,DAYLIGHT,CLEAR,DRY
6836 ,33493934,MONROE,Rochester,,,N,43.1397121,-77.6289465,06/14/2010,4:20 PM,INJURY,1.,0 ,1 ,COLLISION WITH BICYCLIST,OTHER,STOP SIGN,DAYLIGHT,CLEAR,DRY
6836 ,33493935,MONROE,Rochester,,,N,43.143136,-77.575276,06/16/2010,5:29 PM,PROPERTY DAMAGE AND INJURY,2.,0 ,2 ,COLLISION WITH MOTOR VEHICLE,RIGHT ANGLE,TRAFFIC SIGNAL,DAYLIGHT,CLEAR,DRY
6836 ,33493936,MONROE,Rochester,,,Y,43.159338,-77.596512,06/17/2010,4:50 PM,PROPERTY DAMAGE AND INJURY,4.,0 ,2 ,COLLISION WITH MOTOR VEHICLE,RIGHT ANGLE,TRAFFIC SIGNAL,DAYLIGHT,CLEAR,DRY
6836 ,33493952,MONROE,Rochester,,,Y,43.156316,-77.638882,06/17/2010,6:00 PM,INJURY,2.,0 ,1 ,COLLISION WITH BICYCLIST,OTHER,TRAFFIC SIGNAL,DAYLIGHT,CLEAR,DRY
6836 ,33493956,MONROE,Rochester,,,Y,43.142993,-77.604652,06/19/2010,12:02 AM,INJURY,1.,0 ,1 ,COLLISION WITH BICYCLIST,OTHER,TRAFFIC SIGNAL,DARK-ROAD LIGHTED,CLOUDY,DRY
6836 ,33493958,MONROE,Rochester,,,Y,43.241638,-77.620239,06/19/2010,12:50 PM,PROPERTY DAMAGE AND INJURY,2.,0 ,2 ,COLLISION WITH MOTOR VEHICLE,UNKNOWN,TRAFFIC SIGNAL,DAYLIGHT,CLOUDY,DRY
6836 ,33493959,MONROE,Rochester,,,N,43.1775984,-77.6310589,06/18/2010,11:26 AM,PROPERTY DAMAGE AND INJURY,1.,0 ,2 ,COLLISION WITH MOTOR VEHICLE,REAR END,NONE,DAYLIGHT,CLEAR,DRY
6836 ,33494799,MONROE,Rochester,,,Y,43.175373,-77.595141,06/18/2010,1:04 PM,PROPERTY DAMAGE AND INJURY,4.,0 ,2 ,COLLISION WITH MOTOR VEHICLE,RIGHT ANGLE,TRAFFIC SIGNAL,DAYLIGHT,CLEAR,DRY
6836 ,33495458,MONROE,Henrietta,,,N,43.0441469,-77.6832217,06/29/2010,7:25 PM,PROPERTY DAMAGE AND INJURY,1.,0 ,2 ,COLLISION WITH MOTOR VEHICLE,REAR END,HIGHWAY WORK AREA,DAYLIGHT,CLEAR,DRY
6836 ,33495492,MONROE,Sweden,,19 43041120,N,43.1743278,-77.9440364,07/03/2010,12:17 PM,INJURY,2.,0 ,1 ,OVERTURNED,OTHER,NONE,DAYLIGHT,CLEAR,DRY
6836 ,33495495,MONROE,Brighton,,,N,43.0992532,-77.5662225,07/07/2010,5:27 PM,PROPERTY DAMAGE AND INJURY,2.,0 ,2 ,COLLISION WITH MOTOR VEHICLE,LEFT TURN (AGAINST OTHER CAR),TRAFFIC SIGNAL,DAYLIGHT,CLEAR,DRY
6836 ,33495513,MONROE,Irondequoit,,,N,43.250187,-77.596875,07/05/2010,6:00 PM,INJURY,1.,0 ,2 ,COLLISION WITH MOTOR VEHICLE,RIGHT ANGLE,STOP SIGN,DAYLIGHT,CLEAR,DRY
6836 ,33495519,MONROE,Gates,,,Y,43.130857,-77.689883,07/02/2010,4:04 PM,PROPERTY DAMAGE AND INJURY,2.,0 ,2 ,COLLISION WITH MOTOR VEHICLE,RIGHT ANGLE,TRAFFIC SIGNAL,DAYLIGHT,CLEAR,DRY
6836 ,33495691,WAYNE,Ontario,,,N,43.222632,-77.375264,06/29/2010,6:59 PM,PROPERTY DAMAGE AND INJURY,1.,0 ,2 ,COLLISION WITH MOTOR VEHICLE,HEAD ON,NO PASSING ZONE,DAYLIGHT,CLEAR,DRY
6836 ,33495783,MONROE,Greece,,,N,43.1877,-77.6979243,07/07/2010,3:33 PM,PROPERTY DAMAGE AND INJURY,1.,0 ,3 ,COLLISION WITH MOTOR VEHICLE,OTHER,NONE,DAYLIGHT,CLEAR,DRY
6836 ,33495784,MONROE,Greece,,,Y,43.2308724,-77.6298855,07/07/2010,4:52 PM,INJURY,1.,0 ,3 ,COLLISION WITH MOTOR VEHICLE,OTHER,NONE,DAYLIGHT,CLEAR,DRY
6836 ,33495785,MONROE,Greece,,,Y,43.257729,-77.696415,06/21/2010,8:40 PM,PROPERTY DAMAGE AND INJURY,1.,0 ,1 ,COLLISION WITH BICYCLIST,OTHER,TRAFFIC SIGNAL,DUSK,CLEAR,DRY
6836 ,33496055,MONROE,Wheatland,,,N,43.0368764,-77.8099659,07/03/2010,3:58 PM,PROPERTY DAMAGE AND INJURY,1.,0 ,2 ,COLLISION WITH MOTOR VEHICLE,OVERTAKING,NONE,DAYLIGHT,CLEAR,DRY
6836 ,33496095,MONROE,Pittsford,,31 43033027,N,43.1060544,-77.5416667,06/21/2010,1:51 PM,PROPERTY DAMAGE AND INJURY,1.,0 ,2 ,COLLISION WITH MOTOR VEHICLE,RIGHT ANGLE,TRAFFIC SIGNAL,DAYLIGHT,CLEAR,DRY
6836 ,33496101,MONROE,Riga,,,N,43.0586926,-77.8303018,07/06/2010,10:46 PM,INJURY,1.,0 ,1 ,RAN OFF ROAD ONLY,OTHER,NONE,DARK-ROAD UNLIGHTED,CLEAR,DRY
6836 ,33496102,MONROE,Brockport,,,N,43.2136216,-77.9333337,06/25/2010,4:06 AM,PROPERTY DAMAGE AND INJURY,1.,0 ,1 ,COLLISION WITH TREE,OTHER,NONE,DARK-ROAD LIGHTED,CLEAR,DRY
6836 ,33496111,MONROE,Webster,,,Y,43.209895,-77.451711,07/07/2010,4:33 PM,PROPERTY DAMAGE AND INJURY,1.,0 ,2 ,COLLISION WITH MOTOR VEHICLE,LEFT TURN (WITH OTHER CAR),TRAFFIC SIGNAL,DAYLIGHT,CLEAR,DRY
6836 ,33496120,MONROE,Irondequoit,,,N,43.2345218,-77.5372114,07/08/2010,11:10 AM,PROPERTY DAMAGE AND INJURY,1.,0 ,1 ,COLLISION WITH BUILDING/WALL,OTHER,NONE,DAYLIGHT,CLEAR,DRY
6836 ,33496124,MONROE,Parma,,18 43031087,N,43.2857052,-77.83326,07/07/2010,3:48 PM,PROPERTY DAMAGE AND INJURY,4.,0 ,2 ,COLLISION WITH MOTOR VEHICLE,RIGHT ANGLE,STOP SIGN,DAYLIGHT,CLEAR,DRY
6836 ,33496319,MONROE,Greece,,,N,43.206341,-77.6649612,07/07/2010,12:57 AM,INJURY,2.,0 ,1 ,COLLISION WITH BICYCLIST,OTHER,NONE,DARK-ROAD LIGHTED,CLOUDY,DRY
6836 ,33496321,MONROE,Greece,,18 43031196,N,43.252886,-77.667925,07/04/2010,11:08 PM,INJURY,1.,0 ,2 ,COLLISION WITH MOTOR VEHICLE,RIGHT ANGLE,TRAFFIC SIGNAL,DARK-ROAD LIGHTED,CLEAR,DRY
6836 ,33496322,MONROE,Greece,,,N,43.2099177,-77.6963064,07/03/2010,12:20 PM,PROPERTY DAMAGE AND INJURY,2.,0 ,4 ,COLLISION WITH MOTOR VEHICLE,OTHER,TRAFFIC SIGNAL,DAYLIGHT,CLEAR,DRY
6836 ,33496323,MONROE,Greece,,,N,43.2078539,-77.6928007,07/08/2010,1:46 PM,PROPERTY DAMAGE AND INJURY,3.,0 ,2 ,COLLISION WITH MOTOR VEHICLE,RIGHT ANGLE,NONE,DAYLIGHT,CLEAR,DRY
6836 ,33496464,MONROE,Perinton,,,N,43.0470988,-77.4802394,06/30/2010,6:28 PM,INJURY,1.,0 ,1 ,COLLISION WITH BICYCLIST,OTHER,NO PASSING ZONE,DAYLIGHT,CLOUDY,DRY
6836 ,33496529,MONROE,Rochester,,490I43022004,N,43.157489,-77.6651807,07/07/2010,4:30 PM,PROPERTY DAMAGE AND INJURY,1.,0 ,1 ,COLLISION WITH OTHER BARRIER,OTHER,NONE,DAYLIGHT,CLEAR,DRY
6836 ,33496552,MONROE,Henrietta,,252 43011074,N,43.0870418,-77.6251003,07/07/2010,3:48 PM,PROPERTY DAMAGE AND INJURY,1.,0 ,2 ,COLLISION WITH MOTOR VEHICLE,LEFT TURN (AGAINST OTHER CAR),NONE,DAYLIGHT,CLEAR,DRY
6836 ,33496670,MONROE,Penfield,,250 43011095,N,43.1713439,-77.431126,07/10/2010,1:18 AM,PROPERTY DAMAGE AND INJURY,1.,0 ,1 ,COLLISION WITH TREE,OTHER,NONE,DARK-ROAD UNLIGHTED,CLOUDY,WET
6836 ,33496793,MONROE,Greece,,390 43011035,N,43.2077359,-77.6756491,07/11/2010,2:13 AM,PROPERTY DAMAGE AND INJURY,1.,0 ,1 ,COLLISION WITH GUIDE RAIL,OTHER,NONE,DARK-ROAD UNLIGHTED,CLEAR,DRY
6836 ,33496814,MONROE,Greece,,,N,43.2101782,-77.6971996,07/09/2010,2:37 PM,PROPERTY DAMAGE AND INJURY,2.,0 ,2 ,COLLISION WITH MOTOR VEHICLE,REAR END,NONE,DAYLIGHT,RAIN,WET
6836 ,33496822,MONROE,Irondequoit,,,N,43.1964482,-77.5762267,07/06/2010,2:21 PM,INJURY,1.,0 ,2 ,COLLISION WITH MOTOR VEHICLE,REAR END,TRAFFIC SIGNAL,DAYLIGHT,CLEAR,DRY
6836 ,33496936,MONROE,Greece,,,N,43.2238056,-77.6590433,07/08/2010,11:11 AM,INJURY,2.,0 ,2 ,COLLISION WITH MOTOR VEHICLE,REAR END,TRAFFIC SIGNAL,DAYLIGHT,CLEAR,DRY
6836 ,33497190,MONROE,Ogden,,31 43031085,N,43.1886099,-77.8705729,07/09/2010,5:15 PM,PROPERTY DAMAGE AND INJURY,1.,0 ,1 ,COLLISION WITH FIRE HYDRANT,OTHER,NONE,DAYLIGHT,RAIN,WET
6836 ,33497201,MONROE,Greece,,386 43011012,N,43.1922933,-77.7319882,07/11/2010,4:49 PM,PROPERTY DAMAGE AND INJURY,2.,0 ,2 ,COLLISION WITH MOTOR VEHICLE,REAR END,NONE,DAYLIGHT,CLOUDY,DRY
6836 ,33497275,MONROE,Perinton,,,N,43.0658069,-77.4661528,07/11/2010,5:40 PM,INJURY,2.,0 ,2 ,COLLISION WITH MOTOR VEHICLE,REAR END,NONE,DAYLIGHT,CLEAR,DRY
6836 ,33497665,MONROE,Brighton,,590 43012000,N,43.157469,-77.538977,07/09/2010,11:43 PM,PROPERTY DAMAGE AND INJURY,1.,0 ,3 ,COLLISION WITH MOTOR VEHICLE,OTHER,TRAFFIC SIGNAL,DARK-ROAD LIGHTED,CLOUDY,DRY
6836 ,33497693,MONROE,Mendon,,,N,42.997269,-77.524232,07/09/2010,5:54 PM,INJURY,1.,0 ,2 ,COLLISION WITH MOTOR VEHICLE,LEFT TURN (AGAINST OTHER CAR),STOP SIGN,DAYLIGHT,RAIN,WET
6836 ,33497814,MONROE,Hamlin,,18 43031016,Y,43.296582,-77.965866,07/07/2010,9:24 PM,PROPERTY DAMAGE AND INJURY,4.,0 ,2 ,COLLISION WITH MOTOR VEHICLE,RIGHT ANGLE,STOP SIGN,DARK-ROAD UNLIGHTED,CLEAR,DRY
6836 ,33497824,MONROE,Chili,,383 43011153,N,43.1203356,-77.6522441,07/02/2010,1:49 PM,PROPERTY DAMAGE AND INJURY,1.,0 ,2 ,COLLISION WITH MOTOR VEHICLE,LEFT TURN (AGAINST OTHER CAR),TRAFFIC SIGNAL,DAYLIGHT,CLEAR,DRY
6836 ,33497868,MONROE,Webster,,104 43035274,N,43.2157078,-77.4302564,07/09/2010,5:52 PM,INJURY,1.,0 ,1 ,COLLISION WITH BICYCLIST,OTHER,STOP SIGN,DAYLIGHT,RAIN,WET
6836 ,33497882,MONROE,Irondequoit,,590 43013015,N,43.1883245,-77.5442863,07/06/2010,2:50 PM,PROPERTY DAMAGE AND INJURY,2.,0 ,2 ,COLLISION WITH GUIDE RAIL,RIGHT ANGLE,NONE,DAYLIGHT,CLOUDY,DRY
6836 ,33497896,MONROE,Irondequoit,,,Y,43.2025734,-77.6190296,07/11/2010,11:44 PM,PROPERTY DAMAGE AND INJURY,1.,0 ,1 ,COLLISION WITH OTHER,OTHER,NONE,DARK-ROAD LIGHTED,CLEAR,DRY
6836 ,33498200,MONROE,Pittsford,,,N,43.0983089,-77.5185188,06/16/2010,3:14 PM,INJURY,1.,0 ,3 ,COLLISION WITH MOTOR VEHICLE,OTHER,NONE,DAYLIGHT,CLEAR,DRY
6836 ,33498246,MONROE,Rochester,,,N,43.175381,-77.5946269,06/20/2010,8:43 PM,PROPERTY DAMAGE AND INJURY,1.,0 ,1 ,COLLISION WITH OTHER FIXED OBJECT,OTHER,NONE,DAYLIGHT,CLEAR,DRY
6836 ,33498252,MONROE,Rochester,,,N,43.1845989,-77.5904138,06/17/2010,3:22 PM,INJURY,1.,0 ,1 ,COLLISION WITH PEDESTRIAN,OTHER,UNKNOWN,DAYLIGHT,CLEAR,DRY
6836 ,33498256,MONROE,Rochester,,,Y,43.197516,-77.63326,06/18/2010,1:15 PM,INJURY,1.,0 ,1 ,COLLISION WITH PEDESTRIAN,OTHER,NONE,DAYLIGHT,CLEAR,DRY
6836 ,33498306,MONROE,Rochester,,,Y,43.169988,-77.636428,06/16/2010,10:15 AM,PROPERTY DAMAGE AND INJURY,3.,0 ,3 ,COLLISION WITH MOTOR VEHICLE,OTHER,TRAFFIC SIGNAL,DAYLIGHT,CLOUDY,DRY
6836 ,33498307,MONROE,Rochester,,,N,43.1495449,-77.5640373,06/18/2010,2:06 PM,PROPERTY DAMAGE AND INJURY,2.,0 ,2 ,COLLISION WITH MOTOR VEHICLE,HEAD ON,NO PASSING ZONE,DAYLIGHT,CLEAR,DRY
6836 ,33498310,MONROE,Rochester,,,Y,43.176343,-77.598884,06/18/2010,5:45 PM,PROPERTY DAMAGE AND INJURY,2.,0 ,3 ,COLLISION WITH MOTOR VEHICLE,OTHER,TRAFFIC SIGNAL,DAYLIGHT,CLEAR,DRY
6836 ,33498365,MONROE,Rochester,,,N,43.2135106,-77.629838,06/14/2010,7:10 AM,PROPERTY DAMAGE AND INJURY,1.,0 ,3 ,COLLISION WITH MOTOR VEHICLE,OTHER,NONE,DAYLIGHT,CLEAR,DRY
6836 ,33498374,MONROE,Rochester,,,N,43.2241902,-77.6269838,06/15/2010,7:16 AM,PROPERTY DAMAGE AND INJURY,1.,0 ,3 ,COLLISION WITH MOTOR VEHICLE,OTHER,NONE,DAYLIGHT,CLEAR,DRY
6836 ,33498382,MONROE,Rochester,,,Y,43.142216,-77.636025,05/27/2010,4:44 PM,PROPERTY DAMAGE AND INJURY,1.,0 ,2 ,COLLISION WITH MOTOR VEHICLE,UNKNOWN,TRAFFIC SIGNAL,DAYLIGHT,CLEAR,DRY
6836 ,33498427,MONROE,Rochester,,,N,43.1433476,-77.6289763,06/09/2010,8:10 PM,PROPERTY DAMAGE AND INJURY,2.,0 ,2 ,COLLISION WITH MOTOR VEHICLE,HEAD ON,NONE,DAYLIGHT,CLEAR,DRY
6836 ,33498428,MONROE,Rochester,,,Y,43.164828,-77.566463,06/20/2010,4:05 PM,INJURY,2.,0 ,1 ,COLLISION WITH BICYCLIST,OTHER,STOP SIGN,DAYLIGHT,CLEAR,DRY
6836 ,33498435,MONROE,Rochester,,,N,43.164635,-77.6470837,06/20/2010,11:08 PM,INJURY,1.,0 ,1 ,COLLISION WITH BICYCLIST,OTHER,NONE,DARK-ROAD LIGHTED,CLEAR,DRY
6836 ,33498789,MONROE,Rochester,,,Y,43.188923,-77.630188,06/18/2010,1:13 PM,PROPERTY DAMAGE AND INJURY,2.,0 ,4 ,COLLISION WITH MOTOR VEHICLE,OTHER,TRAFFIC SIGNAL,DAYLIGHT,CLEAR,DRY
6836 ,33498816,MONROE,Rochester,,,N,43.1351621,-77.6360034,06/23/2010,12:47 PM,INJURY,2.,0 ,2 ,COLLISION WITH MOTOR VEHICLE,REAR END,NONE,DAYLIGHT,CLOUDY,DRY
6836 ,33498849,MONROE,Rochester,,,N,43.1557708,-77.6595978,06/19/2010,1:22 AM,PROPERTY DAMAGE AND INJURY,2.,0 ,2 ,COLLISION WITH MOTOR VEHICLE,RIGHT ANGLE,NONE,DARK-ROAD LIGHTED,CLEAR,DRY
6836 ,33498950,MONROE,Rochester,,,N,43.1559835,-77.5682896,06/04/2010,5:56 PM,INJURY,1.,0 ,3 ,COLLISION WITH MOTOR VEHICLE,OTHER,NONE,DAYLIGHT,CLOUDY,DRY
6836 ,33499003,MONROE,Rochester,,,N,43.1793047,-77.5972058,06/11/2010,6:00 PM,INJURY,1.,0 ,1 ,COLLISION WITH PEDESTRIAN,OTHER,NONE,DAYLIGHT,CLEAR,DRY
6836 ,33499012,MONROE,Rochester,,,Y,43.258391,-77.608544,06/14/2010,12:23 AM,PROPERTY DAMAGE AND INJURY,1.,0 ,2 ,COLLISION WITH MOTOR VEHICLE,UNKNOWN,NONE,DARK-ROAD LIGHTED,CLOUDY,DRY
6836 ,33499015,MONROE,Rochester,,,N,43.1939287,-77.6286487,06/12/2010,6:51 PM,PROPERTY DAMAGE AND INJURY,3.,0 ,3 ,COLLISION WITH MOTOR VEHICLE,OTHER,TRAFFIC SIGNAL,DAYLIGHT,CLOUDY,DRY
6836 ,33499740,MONROE,Rochester,,31 43032019,N,43.1646275,-77.6383672,06/22/2010,12:40 PM,PROPERTY DAMAGE AND INJURY,2.,0 ,2 ,COLLISION WITH MOTOR VEHICLE,RIGHT ANGLE,TRAFFIC SIGNAL,DAYLIGHT,RAIN,WET
6836 ,33499741,MONROE,Rochester,,,Y,43.15843,-77.615431,06/23/2010,9:08 AM,PROPERTY DAMAGE AND INJURY,1.,0 ,2 ,COLLISION WITH MOTOR VEHICLE,RIGHT ANGLE,TRAFFIC SIGNAL,DAYLIGHT,CLEAR,DRY
6836 ,33499770,MONROE,Rochester,,,N,43.1527773,-77.6326074,06/21/2010,10:09 AM,INJURY,1.,0 ,1 ,COLLISION WITH BICYCLIST,OTHER,NONE,DAYLIGHT,CLEAR,DRY
6836 ,33499771,MONROE,Rochester,,,Y,43.164895,-77.626456,06/22/2010,6:15 PM,INJURY,1.,0 ,2 ,COLLISION WITH MOTOR VEHICLE,RIGHT ANGLE,NONE,DAYLIGHT,CLOUDY,DRY
6836 ,33499773,MONROE,Rochester,,,N,43.1907252,-77.6388705,06/19/2010,10:30 PM,INJURY,1.,0 ,1 ,COLLISION WITH PEDESTRIAN,OTHER,NONE,DARK-ROAD LIGHTED,CLEAR,DRY
6836 ,33499823,MONROE,Rochester,,,Y,43.157153,-77.606417,06/19/2010,4:48 AM,PROPERTY DAMAGE AND INJURY,1.,0 ,2 ,COLLISION WITH MOTOR VEHICLE,RIGHT ANGLE,TRAFFIC SIGNAL,DAWN,CLEAR,DRY
6836 ,33499824,MONROE,Rochester,,,Y,43.124472,-77.621599,06/19/2010,2:44 PM,INJURY,3.,0 ,2 ,COLLISION WITH MOTOR VEHICLE,RIGHT ANGLE,STOP SIGN,DAYLIGHT,CLEAR,DRY
6836 ,33499957,MONROE,Brighton,,,Y,43.125905,-77.5826059,07/01/2010,1:21 PM,INJURY,1.,0 ,1 ,COLLISION WITH PEDESTRIAN,OTHER,TRAFFIC SIGNAL,DAYLIGHT,CLEAR,DRY
6836 ,33500479,MONROE,Rochester,,,Y,43.140375,-77.657994,06/01/2010,11:02 AM,PROPERTY DAMAGE AND INJURY,2.,0 ,3 ,COLLISION WITH MOTOR VEHICLE,OTHER,STOP SIGN,DAYLIGHT,CLOUDY,DRY
6836 ,33500490,MONROE,Rochester,,,Y,43.1498867,-77.6464077,06/07/2010,3:45 PM,INJURY,1.,0 ,2 ,COLLISION WITH MOTOR VEHICLE,REAR END,NONE,DAYLIGHT,CLEAR,DRY
6836 ,33500496,MONROE,Rochester,,31 43032041,N,43.1529125,-77.604445,06/03/2010,1:16 AM,PROPERTY DAMAGE AND INJURY,2.,0 ,2 ,COLLISION WITH MOTOR VEHICLE,LEFT TURN (WITH OTHER CAR),FLASHING LIGHT,DARK-ROAD LIGHTED,CLEAR,DRY