QUERYID,CASE #,REGN_CNTY_CDE,Municipality,MUNITYPE,REF_MRKR,ATINTERSECTION_IND,Lat,Long,,Time,Crash Type,Injuries,Fatalities,Number of Vehicles,ACCD_TYP,COLLISION_TYP,TRAF_CNTL,Light Condition,Weather Condition,Road Surface Condition
6836 ,33500588,MONROE,Rochester,,,Y,43.184981,-77.6137641,06/24/2010,1:03 PM,PROPERTY DAMAGE AND INJURY,1.,0 ,2 ,COLLISION WITH MOTOR VEHICLE,REAR END,NONE,DAYLIGHT,CLOUDY,DRY
6836 ,33500589,MONROE,Rochester,,,Y,43.157841,-77.614646,06/01/2010,2:01 PM,INJURY,1.,0 ,1 ,COLLISION WITH BICYCLIST,OTHER,TRAFFIC SIGNAL,DAYLIGHT,CLEAR,DRY
6836 ,33500590,MONROE,Rochester,,,Y,43.171599,-77.643015,06/24/2010,5:53 PM,INJURY,1.,0 ,1 ,COLLISION WITH BICYCLIST,OTHER,NONE,DAYLIGHT,CLEAR,DRY
6836 ,33501013,MONROE,Greece,,,N,43.2237253,-77.6660095,06/15/2010,10:51 AM,PROPERTY DAMAGE AND INJURY,1.,0 ,2 ,COLLISION WITH MOTOR VEHICLE,HEAD ON,NONE,DAYLIGHT,CLEAR,DRY
6836 ,33501367,MONROE,Rochester,,,Y,43.13692,-77.6360029,06/05/2010,11:55 AM,PROPERTY DAMAGE AND INJURY,2.,0 ,2 ,COLLISION WITH MOTOR VEHICLE,REAR END,STOP SIGN,DAYLIGHT,CLEAR,DRY
6836 ,33502277,MONROE,Irondequoit,,,N,43.1766494,-77.5492561,07/12/2010,10:45 PM,PROPERTY DAMAGE AND INJURY,1.,0 ,1 ,COLLISION WITH BUILDING/WALL,OTHER,NONE,DARK-ROAD LIGHTED,CLEAR,DRY
6836 ,33502279,MONROE,Brighton,,,N,43.1153115,-77.5973631,07/13/2010,3:02 PM,PROPERTY DAMAGE AND INJURY,2.,0 ,3 ,COLLISION WITH MOTOR VEHICLE,OTHER,TRAFFIC SIGNAL,DAYLIGHT,RAIN,WET
6836 ,33502280,MONROE,Pittsford,,31 43033037,N,43.0950955,-77.5258922,07/08/2010,1:41 PM,PROPERTY DAMAGE AND INJURY,1.,0 ,1 ,COLLISION WITH CURBING,OTHER,TRAFFIC SIGNAL,DAYLIGHT,CLEAR,DRY
6836 ,33502289,MONROE,Ogden,,,Y,43.125645,-77.765689,07/11/2010,8:38 AM,INJURY,1.,0 ,1 ,COLLISION WITH BICYCLIST,OTHER,NO PASSING ZONE,DAYLIGHT,CLEAR,DRY
6836 ,33502291,MONROE,Brockport,,19 43041053,Y,43.209163,-77.9404281,06/29/2010,4:20 PM,PROPERTY DAMAGE AND INJURY,1.,0 ,2 ,COLLISION WITH MOTOR VEHICLE,REAR END,TRAFFIC SIGNAL,DAYLIGHT,CLEAR,DRY
6836 ,33502509,MONROE,Greece,,104 43031153,N,43.2100272,-77.7031212,07/12/2010,2:28 PM,INJURY,1.,0 ,1 ,COLLISION WITH BUILDING/WALL,OTHER,NONE,DAYLIGHT,CLEAR,DRY
6836 ,33502889,MONROE,Brighton,,31 43033007,N,43.1273149,-77.5655683,07/14/2010,4:47 PM,PROPERTY DAMAGE AND INJURY,2.,0 ,2 ,COLLISION WITH MOTOR VEHICLE,LEFT TURN (AGAINST OTHER CAR),TRAFFIC SIGNAL,DAYLIGHT,CLEAR,DRY
6836 ,33502894,MONROE,Chili,,33A43021097,N,43.100188,-77.760278,07/13/2010,3:40 PM,PROPERTY DAMAGE AND INJURY,1.,0 ,2 ,COLLISION WITH MOTOR VEHICLE,REAR END,NONE,DAYLIGHT,CLOUDY,DRY
6836 ,33502899,MONROE,Irondequoit,,,Y,43.193603,-77.576632,07/14/2010,1:16 PM,INJURY,1.,0 ,1 ,COLLISION WITH BICYCLIST,OTHER,STOP SIGN,DAYLIGHT,CLOUDY,DRY
6836 ,33502908,MONROE,Brighton,,,Y,43.126239,-77.57114,07/14/2010,12:08 PM,PROPERTY DAMAGE AND INJURY,1.,0 ,2 ,COLLISION WITH MOTOR VEHICLE,RIGHT ANGLE,STOP SIGN,DAYLIGHT,CLOUDY,DRY
6836 ,33503642,MONROE,Henrietta,,,N,43.0419129,-77.7161482,07/09/2010,11:20 PM,PROPERTY DAMAGE AND INJURY,2.,0 ,2 ,COLLISION WITH MOTOR VEHICLE,OVERTAKING,NONE,DARK-ROAD UNLIGHTED,CLOUDY,DRY
6836 ,33503696,MONROE,Brighton,,15 43031124,N,43.1069553,-77.626405,07/14/2010,5:24 PM,PROPERTY DAMAGE AND INJURY,2.,0 ,4 ,COLLISION WITH MOTOR VEHICLE,OTHER,NONE,DAYLIGHT,CLEAR,DRY
6836 ,33503836,MONROE,Webster,,250 43011126,N,43.21571,-77.430219,07/11/2010,7:34 PM,PROPERTY DAMAGE AND INJURY,2.,0 ,3 ,COLLISION WITH MOTOR VEHICLE,OTHER,TRAFFIC SIGNAL,DAYLIGHT,CLEAR,DRY
6836 ,33503860,MONROE,Greece,,,N,43.2171193,-77.7504677,07/14/2010,7:38 AM,PROPERTY DAMAGE AND INJURY,1.,0 ,2 ,COLLISION WITH MOTOR VEHICLE,REAR END,NONE,DAYLIGHT,CLOUDY,DRY
6836 ,33503983,MONROE,Brighton,,31 43033022,N,43.1118509,-77.5488413,07/15/2010,1:23 PM,PROPERTY DAMAGE AND INJURY,1.,0 ,2 ,COLLISION WITH MOTOR VEHICLE,LEFT TURN (AGAINST OTHER CAR),NONE,DAYLIGHT,CLEAR,DRY
6836 ,33504044,MONROE,Rochester,,,N,43.1535744,-77.6083385,06/11/2010,2:30 PM,PROPERTY DAMAGE AND INJURY,1.,0 ,1 ,COLLISION WITH BICYCLIST,OTHER,NONE,DAYLIGHT,CLEAR,DRY
6836 ,33504045,MONROE,Rochester,,,Y,43.154716,-77.616882,06/09/2010,12:00 AM,PROPERTY DAMAGE AND INJURY,1.,0 ,2 ,COLLISION WITH MOTOR VEHICLE,LEFT TURN (WITH OTHER CAR),UNKNOWN,UNKNOWN,UNKNOWN,UNKNOWN
6836 ,33504166,MONROE,Perinton,,31 43033111,Y,43.064512,-77.391969,07/07/2010,1:05 PM,PROPERTY DAMAGE AND INJURY,1.,0 ,2 ,COLLISION WITH MOTOR VEHICLE,RIGHT ANGLE,STOP SIGN,DAYLIGHT,CLEAR,DRY
6836 ,33504183,MONROE,Penfield,,,N,43.1831662,-77.5074599,07/13/2010,6:54 AM,PROPERTY DAMAGE AND INJURY,1.,0 ,2 ,COLLISION WITH MOTOR VEHICLE,REAR END,NONE,DAYLIGHT,CLEAR,DRY
6836 ,33504254,MONROE,Penfield,,441 43011063,N,43.1280822,-77.4212451,07/08/2010,9:14 AM,PROPERTY DAMAGE AND INJURY,2.,0 ,2 ,COLLISION WITH MOTOR VEHICLE,HEAD ON,MAINTENANCE WORK AREA,DAYLIGHT,CLEAR,DRY
6836 ,33504270,MONROE,Sweden,,19 43041033,N,43.2016379,-77.9426734,07/06/2010,12:44 PM,INJURY,1.,0 ,2 ,COLLISION WITH MOTOR VEHICLE,REAR END,NONE,DAYLIGHT,CLEAR,DRY
6836 ,33504307,MONROE,Pittsford,,252 43011125,N,43.0873262,-77.5277788,07/02/2010,9:25 AM,PROPERTY DAMAGE AND INJURY,1.,0 ,2 ,COLLISION WITH MOTOR VEHICLE,REAR END,NONE,DAYLIGHT,CLEAR,DRY
6836 ,33504310,MONROE,Ogden,,,N,43.1512752,-77.8478399,07/15/2010,5:19 PM,PROPERTY DAMAGE AND INJURY,1.,0 ,2 ,COLLISION WITH MOTOR VEHICLE,RIGHT TURN (WITH OTHER CAR),NONE,DAYLIGHT,CLEAR,DRY
6836 ,33504333,MONROE,Pittsford,,96 43051042,Y,43.076724,-77.498204,06/30/2010,12:25 PM,PROPERTY DAMAGE AND INJURY,1.,0 ,2 ,COLLISION WITH MOTOR VEHICLE,RIGHT ANGLE,STOP SIGN,DAYLIGHT,CLEAR,DRY
6836 ,33504367,MONROE,Penfield,,,N,43.1824062,-77.5001886,07/14/2010,5:16 PM,PROPERTY DAMAGE AND INJURY,2.,0 ,3 ,COLLISION WITH MOTOR VEHICLE,OTHER,NONE,DAYLIGHT,CLEAR,DRY
6836 ,33504376,MONROE,Penfield,,,N,43.1398609,-77.4931063,07/13/2010,10:19 AM,PROPERTY DAMAGE AND INJURY,1.,0 ,2 ,COLLISION WITH MOTOR VEHICLE,SIDESWIPE,NO PASSING ZONE,DAYLIGHT,CLEAR,DRY
6836 ,33504403,MONROE,Penfield,,286 43011022,N,43.153669,-77.5000957,07/14/2010,10:30 AM,INJURY,1.,0 ,2 ,COLLISION WITH MOTOR VEHICLE,OVERTAKING,NONE,DAYLIGHT,CLOUDY,DRY
6836 ,33504408,MONROE,Irondequoit,,,N,43.196444,-77.5767859,07/14/2010,11:01 AM,PROPERTY DAMAGE AND INJURY,3.,0 ,2 ,COLLISION WITH MOTOR VEHICLE,RIGHT ANGLE,TRAFFIC SIGNAL,DAYLIGHT,CLOUDY,DRY
6836 ,33504410,MONROE,Penfield,,104 43035049,N,43.1798465,-77.5092403,07/13/2010,2:19 PM,PROPERTY DAMAGE AND INJURY,1.,0 ,2 ,COLLISION WITH MOTOR VEHICLE,SIDESWIPE,NONE,DAYLIGHT,RAIN,WET
6836 ,33504424,MONROE,Perinton,,250 43011051,N,43.10852,-77.4418009,07/06/2010,12:24 PM,PROPERTY DAMAGE AND INJURY,1.,0 ,3 ,COLLISION WITH MOTOR VEHICLE,OTHER,TRAFFIC SIGNAL,DAYLIGHT,CLEAR,DRY
6836 ,33504459,MONROE,Pittsford,,31 43033029,N,43.103498,-77.539023,07/07/2010,6:00 PM,PROPERTY DAMAGE AND INJURY,1.,0 ,3 ,COLLISION WITH MOTOR VEHICLE,OTHER,TRAFFIC SIGNAL,DAYLIGHT,CLEAR,DRY
6836 ,33504515,MONROE,Chili,,252 43011034,N,43.0926595,-77.7048362,07/07/2010,8:41 AM,PROPERTY DAMAGE AND INJURY,2.,0 ,2 ,COLLISION WITH MOTOR VEHICLE,REAR END,NONE,DAYLIGHT,CLEAR,DRY
6836 ,33504606,MONROE,Pittsford,,31F43011010,N,43.1082867,-77.4999991,07/02/2010,12:25 PM,INJURY,1.,0 ,3 ,COLLISION WITH MOTOR VEHICLE,OTHER,TRAFFIC SIGNAL,DAYLIGHT,CLEAR,DRY
6836 ,33504627,MONROE,Rochester,,383 43012021,N,43.1434042,-77.6150312,07/15/2010,3:15 AM,PROPERTY DAMAGE AND INJURY,1.,0 ,1 ,COLLISION WITH DEER,OTHER,NONE,DARK-ROAD UNLIGHTED,CLEAR,DRY
6836 ,33504639,MONROE,Pittsford,,31F43011011,Y,43.108231,-77.499828,07/12/2010,8:18 AM,PROPERTY DAMAGE AND INJURY,2.,0 ,3 ,COLLISION WITH MOTOR VEHICLE,OTHER,TRAFFIC SIGNAL,DAYLIGHT,CLEAR,DRY
6836 ,33504644,MONROE,Perinton,,250 43011051,Y,43.108378,-77.441807,07/11/2010,11:35 AM,PROPERTY DAMAGE AND INJURY,1.,0 ,2 ,COLLISION WITH MOTOR VEHICLE,RIGHT ANGLE,TRAFFIC SIGNAL,DAYLIGHT,CLEAR,DRY
6836 ,33504664,MONROE,Henrietta,,15A43041021,N,43.0321642,-77.627009,07/16/2010,4:20 AM,PROPERTY DAMAGE AND INJURY,1.,0 ,1 ,COLLISION WITH FIRE HYDRANT,OTHER,NONE,DARK-ROAD LIGHTED,CLOUDY,DRY
6836 ,33504953,MONROE,Rochester,,,Y,43.155091,-77.582347,06/18/2010,5:00 PM,PROPERTY DAMAGE AND INJURY,2.,0 ,2 ,COLLISION WITH MOTOR VEHICLE,RIGHT ANGLE,TRAFFIC SIGNAL,DAYLIGHT,CLOUDY,DRY
6836 ,33505183,MONROE,Rochester,,,N,43.1481319,-77.6060575,07/06/2010,6:15 PM,PROPERTY DAMAGE AND INJURY,1.,0 ,1 ,COLLISION WITH CURBING,OTHER,NONE,DAYLIGHT,CLEAR,DRY
6836 ,33505568,MONROE,Henrietta,,,Y,43.068255,-77.63245,07/15/2010,11:37 AM,INJURY,1.,0 ,1 ,COLLISION WITH PEDESTRIAN,OTHER,TRAFFIC SIGNAL,DAYLIGHT,CLEAR,DRY
6836 ,33505570,MONROE,Henrietta,,252 43011081,N,43.087262,-77.6092509,07/16/2010,8:59 AM,PROPERTY DAMAGE AND INJURY,1.,0 ,3 ,COLLISION WITH MOTOR VEHICLE,OTHER,NONE,DAYLIGHT,CLOUDY,DRY
6836 ,33505571,MONROE,Rochester,,390I43034001,N,43.1259289,-77.6558287,07/17/2010,6:15 AM,PROPERTY DAMAGE AND INJURY,2.,0 ,2 ,COLLISION WITH MOTOR VEHICLE,OVERTAKING,NONE,DAYLIGHT,CLEAR,DRY
6836 ,33505575,MONROE,East Rochester,,,Y,43.104027,-77.486014,07/16/2010,11:55 AM,PROPERTY DAMAGE AND INJURY,2.,0 ,2 ,COLLISION WITH MOTOR VEHICLE,RIGHT ANGLE,OTHER,DAYLIGHT,CLOUDY,DRY
6836 ,33505878,MONROE,Clarkson,,104 43031037,N,43.2337955,-77.9300199,07/15/2010,4:27 PM,INJURY,1.,0 ,1 ,COLLISION WITH OTHER FIXED OBJECT,OTHER,NONE,DAYLIGHT,CLEAR,DRY
6836 ,33505879,MONROE,Riga,,33 43031014,N,43.0995895,-77.9083014,07/17/2010,6:56 PM,PROPERTY DAMAGE AND INJURY,1.,0 ,1 ,COLL. W/EARTH ELE./ROCK CUT/DITCH,OTHER,NONE,DAYLIGHT,CLEAR,DRY
6836 ,33505881,MONROE,Henrietta,,,N,43.049321,-77.6669883,06/24/2010,9:35 PM,INJURY,2.,0 ,2 ,COLLISION WITH MOTOR VEHICLE,HEAD ON,NONE,DARK-ROAD UNLIGHTED,CLEAR,DRY
6836 ,33505883,MONROE,Henrietta,,252 43011097,Y,43.087046,-77.581938,07/17/2010,12:50 PM,PROPERTY DAMAGE AND INJURY,1.,0 ,2 ,COLLISION WITH MOTOR VEHICLE,LEFT TURN (AGAINST OTHER CAR),TRAFFIC SIGNAL,DAYLIGHT,CLEAR,DRY
6836 ,33505892,MONROE,Henrietta,,,N,43.0877886,-77.6094592,07/02/2010,3:17 PM,INJURY,1.,0 ,2 ,COLLISION WITH MOTOR VEHICLE,REAR END,NONE,DAYLIGHT,CLEAR,DRY
6836 ,33505893,MONROE,Hamlin,,947A43021059,N,43.3409476,-77.814892,07/16/2010,8:24 PM,PROPERTY DAMAGE AND INJURY,3.,0 ,2 ,COLLISION WITH MOTOR VEHICLE,REAR END,NONE,DAYLIGHT,CLOUDY,DRY
6836 ,33506183,MONROE,Rochester,,,N,43.187092,-77.591845,06/21/2010,8:53 AM,PROPERTY DAMAGE AND INJURY,2.,0 ,2 ,COLLISION WITH MOTOR VEHICLE,RIGHT ANGLE,TRAFFIC SIGNAL,DAYLIGHT,CLEAR,DRY
6836 ,33506282,MONROE,Rochester,,,N,43.1359455,-77.6075595,06/23/2010,10:30 AM,PROPERTY DAMAGE AND INJURY,2.,0 ,1 ,COLLISION WITH OTHER,OTHER,NONE,DAYLIGHT,CLEAR,DRY
6836 ,33506428,MONROE,Rochester,,,Y,43.156584,-77.615059,06/24/2010,9:00 AM,PROPERTY DAMAGE AND INJURY,1.,0 ,2 ,COLLISION WITH MOTOR VEHICLE,RIGHT ANGLE,STOP SIGN,DAYLIGHT,CLEAR,DRY
6836 ,33506489,MONROE,Rochester,,,Y,43.148814,-77.6261381,06/26/2010,1:38 AM,PROPERTY DAMAGE AND INJURY,2.,0 ,2 ,COLLISION WITH MOTOR VEHICLE,HEAD ON,STOP SIGN,DARK-ROAD LIGHTED,CLEAR,DRY
6836 ,33506667,MONROE,Rochester,,,Y,43.161662,-77.597452,06/04/2010,9:30 AM,PROPERTY DAMAGE AND INJURY,2.,0 ,2 ,COLLISION WITH MOTOR VEHICLE,REAR END,UNKNOWN,UNKNOWN,UNKNOWN,UNKNOWN
6836 ,33507065,MONROE,Rochester,,,Y,43.225467,-77.626777,07/01/2010,8:04 AM,PROPERTY DAMAGE AND INJURY,1.,0 ,2 ,COLLISION WITH MOTOR VEHICLE,REAR END,NONE,DAYLIGHT,CLEAR,DRY
6836 ,33507092,MONROE,Rochester,,,Y,43.162188,-77.5527531,06/29/2010,6:42 PM,PROPERTY DAMAGE AND INJURY,4.,0 ,2 ,COLLISION WITH MOTOR VEHICLE,LEFT TURN (AGAINST OTHER CAR),NONE,DAYLIGHT,CLOUDY,DRY
6836 ,33507093,MONROE,Rochester,,,N,43.1863863,-77.6170833,06/29/2010,2:58 PM,PROPERTY DAMAGE AND INJURY,1.,0 ,2 ,COLLISION WITH MOTOR VEHICLE,REAR END,NONE,DAYLIGHT,CLEAR,DRY
6836 ,33507095,MONROE,Rochester,,,Y,43.150263,-77.636096,06/29/2010,11:56 AM,INJURY,3.,0 ,2 ,COLLISION WITH MOTOR VEHICLE,REAR END,TRAFFIC SIGNAL,DAYLIGHT,CLEAR,DRY
6836 ,33507170,MONROE,Chili,,252A43011043,N,43.1081816,-77.6773047,05/17/2010,4:05 PM,INJURY,1.,0 ,2 ,COLLISION WITH MOTOR VEHICLE,REAR END,NONE,DAYLIGHT,CLOUDY,DRY
6836 ,33507200,MONROE,Webster,,250 43011115,Y,43.199222,-77.430333,07/01/2010,7:29 PM,PROPERTY DAMAGE AND INJURY,1.,0 ,2 ,COLLISION WITH MOTOR VEHICLE,REAR END,TRAFFIC SIGNAL,DAYLIGHT,CLOUDY,DRY
6836 ,33507247,MONROE,Gates,,,N,43.1585256,-77.6795834,07/13/2010,5:51 PM,INJURY,1.,0 ,2 ,COLLISION WITH MOTOR VEHICLE,REAR END,NONE,DAYLIGHT,CLOUDY,DRY
6836 ,33507335,MONROE,Chili,,,N,43.103416,-77.75375,07/15/2010,5:50 AM,INJURY,1.,0 ,1 ,COLLISION WITH BICYCLIST,OTHER,NONE,DAWN,CLEAR,DRY
6836 ,33507410,MONROE,Rochester,,,Y,43.15523,-77.6388801,06/15/2010,5:30 PM,PROPERTY DAMAGE AND INJURY,2.,0 ,2 ,COLLISION WITH MOTOR VEHICLE,LEFT TURN (WITH OTHER CAR),TRAFFIC SIGNAL,DAYLIGHT,CLEAR,DRY
6836 ,33507445,MONROE,Rochester,,,N,43.1517649,-77.6296643,06/29/2010,12:00 AM,INJURY,1.,0 ,1 ,COLLISION WITH BICYCLIST,OTHER,NONE,DAYLIGHT,CLEAR,DRY
6836 ,33507446,MONROE,Henrietta,,,N,43.0743173,-77.6293915,07/11/2010,3:45 PM,PROPERTY DAMAGE AND INJURY,1.,0 ,1 ,COLLISION WITH GUIDE RAIL,OTHER,NONE,DAYLIGHT,CLEAR,DRY
6836 ,33507487,MONROE,Rush,,15 43031049,N,43.0053371,-77.6665468,07/12/2010,3:45 PM,PROPERTY DAMAGE AND INJURY,1.,0 ,3 ,COLLISION WITH MOTOR VEHICLE,OTHER,STOP SIGN,DAYLIGHT,CLOUDY,DRY
6836 ,33507740,MONROE,Rochester,,490I43022038,N,43.15107,-77.6073471,07/16/2010,11:07 PM,PROPERTY DAMAGE AND INJURY,1.,0 ,1 ,OVERTURNED,OTHER,NONE,DARK-ROAD LIGHTED,CLEAR,DRY
6836 ,33507998,MONROE,Clarkson,,260 43011011,N,43.2457768,-77.8828282,07/13/2010,2:30 AM,PROPERTY DAMAGE AND INJURY,2.,0 ,1 ,COLL. W/EARTH ELE./ROCK CUT/DITCH,OTHER,NONE,DARK-ROAD UNLIGHTED,CLEAR,DRY
6836 ,33508110,MONROE,Webster,,,N,43.213737,-77.5155469,07/11/2010,1:02 PM,PROPERTY DAMAGE AND INJURY,2.,0 ,2 ,COLLISION WITH MOTOR VEHICLE,HEAD ON,TRAFFIC SIGNAL,DAYLIGHT,CLEAR,DRY
6836 ,33508157,MONROE,Brighton,,15 43031128,Y,43.11019,-77.624761,07/20/2010,4:35 PM,PROPERTY DAMAGE AND INJURY,1.,0 ,2 ,COLLISION WITH MOTOR VEHICLE,REAR END,TRAFFIC SIGNAL,DAYLIGHT,CLOUDY,DRY
6836 ,33508158,MONROE,Brighton,,,N,43.0959244,-77.5818841,07/20/2010,3:52 PM,INJURY,1.,0 ,2 ,COLLISION WITH MOTOR VEHICLE,REAR END,NONE,DAYLIGHT,CLEAR,DRY
6836 ,33508226,MONROE,Greece,,,N,43.2103899,-77.7053203,07/17/2010,3:43 PM,PROPERTY DAMAGE AND INJURY,1.,0 ,2 ,COLLISION WITH MOTOR VEHICLE,REAR END,NONE,DAYLIGHT,CLOUDY,DRY
6836 ,33508385,MONROE,Ogden,,,Y,43.165801,-77.875154,07/19/2010,9:05 PM,PROPERTY DAMAGE AND INJURY,1.,0 ,2 ,COLLISION WITH MOTOR VEHICLE,RIGHT ANGLE,STOP SIGN,DUSK,CLEAR,DRY
6836 ,33508390,MONROE,Parma,,,N,43.287248,-77.8325621,07/19/2010,4:52 PM,INJURY,1.,0 ,2 ,COLLISION WITH MOTOR VEHICLE,REAR END,STOP SIGN,DAYLIGHT,CLEAR,DRY
6836 ,33508583,MONROE,Rochester,,,Y,43.161842,-77.636725,06/30/2010,1:39 PM,PROPERTY DAMAGE AND INJURY,3.,0 ,2 ,COLLISION WITH MOTOR VEHICLE,RIGHT ANGLE,STOP SIGN,DAYLIGHT,CLEAR,DRY
6836 ,33508590,MONROE,Rochester,,,Y,43.139883,-77.595958,06/30/2010,12:50 PM,INJURY,1.,0 ,2 ,COLLISION WITH OTHER PEDESTRIAN,OTHER,TRAFFIC SIGNAL,DAYLIGHT,CLEAR,DRY
6836 ,33508982,MONROE,Rochester,,,Y,43.157946,-77.5846341,06/26/2010,4:24 PM,INJURY,1.,0 ,2 ,COLLISION WITH MOTOR VEHICLE,UNKNOWN,NONE,DAYLIGHT,CLOUDY,DRY
6836 ,33509047,MONROE,Rochester,,,Y,43.137017,-77.55391,06/26/2010,5:53 PM,PROPERTY DAMAGE AND INJURY,2.,0 ,2 ,COLLISION WITH MOTOR VEHICLE,RIGHT ANGLE,STOP SIGN,DAYLIGHT,CLOUDY,DRY
6836 ,33509048,MONROE,Rochester,,,Y,43.15007,-77.599852,06/25/2010,4:38 PM,INJURY,1.,0 ,2 ,COLLISION WITH MOTOR VEHICLE,REAR END,TRAFFIC SIGNAL,DAYLIGHT,CLEAR,DRY
6836 ,33509049,MONROE,Rochester,,,Y,43.145862,-77.5924981,06/25/2010,5:57 PM,INJURY,1.,0 ,1 ,COLLISION WITH BICYCLIST,OTHER,NONE,DAYLIGHT,CLEAR,DRY
6836 ,33509050,MONROE,Rochester,,,N,43.2086979,-77.6386284,06/26/2010,1:04 AM,INJURY,1.,0 ,1 ,COLLISION WITH OTHER,OTHER,NONE,DARK-ROAD LIGHTED,CLEAR,DRY
6836 ,33509051,MONROE,Rochester,,,Y,43.179212,-77.659079,06/25/2010,11:30 AM,PROPERTY DAMAGE AND INJURY,1.,0 ,2 ,COLLISION WITH MOTOR VEHICLE,REAR END,TRAFFIC SIGNAL,DAYLIGHT,CLEAR,DRY
6836 ,33509053,MONROE,Rochester,,,Y,43.115527,-77.622043,06/15/2010,11:32 AM,PROPERTY DAMAGE AND INJURY,1.,0 ,2 ,COLLISION WITH MOTOR VEHICLE,RIGHT ANGLE,STOP SIGN,DAYLIGHT,CLEAR,DRY
6836 ,33509056,MONROE,Rochester,,,Y,43.1731441,-77.5820579,06/27/2010,5:55 PM,INJURY,1.,0 ,1 ,COLLISION WITH PEDESTRIAN,OTHER,NONE,DAYLIGHT,CLEAR,DRY
6836 ,33509059,MONROE,Rochester,,,N,43.1823709,-77.6065553,06/26/2010,3:17 AM,PROPERTY DAMAGE AND INJURY,2.,0 ,2 ,COLLISION WITH MOTOR VEHICLE,SIDESWIPE,NONE,DARK-ROAD LIGHTED,CLEAR,DRY
6836 ,33509060,MONROE,Rochester,,,Y,43.13591,-77.636005,06/26/2010,6:53 PM,INJURY,1.,0 ,1 ,COLLISION WITH BICYCLIST,OTHER,STOP SIGN,DAYLIGHT,CLOUDY,DRY
6836 ,33509063,MONROE,Rochester,,,Y,43.1292784,-77.636819,06/24/2010,12:16 PM,INJURY,1.,0 ,2 ,COLLISION WITH MOTOR VEHICLE,SIDESWIPE,NONE,DAYLIGHT,CLOUDY,DRY
6836 ,33509064,MONROE,Rochester,,,N,43.1372253,-77.6509697,06/14/2010,4:50 PM,INJURY,1.,0 ,2 ,COLLISION WITH MOTOR VEHICLE,REAR END,NONE,DAYLIGHT,CLEAR,DRY
6836 ,33509074,MONROE,Greece,,,N,43.214528,-77.731802,06/25/2010,12:32 PM,PROPERTY DAMAGE AND INJURY,1.,0 ,2 ,COLLISION WITH MOTOR VEHICLE,RIGHT ANGLE,STOP SIGN,DAYLIGHT,CLEAR,DRY
6836 ,33509077,MONROE,Greece,,,N,43.2127184,-77.6627383,06/10/2010,12:52 PM,PROPERTY DAMAGE AND INJURY,1.,0 ,1 ,COLLISION WITH TREE,OTHER,NONE,DAYLIGHT,CLOUDY,DRY
6836 ,33509351,MONROE,Rochester,,,Y,43.1490773,-77.5813609,07/11/2010,1:41 AM,FATAL,0.,1 ,2 ,COLLISION WITH OTHER FIXED OBJECT,OVERTAKING,NONE,DARK-ROAD LIGHTED,CLEAR,DRY
6836 ,33509707,MONROE,Rochester,,490I43022016,N,43.1569392,-77.6427468,07/20/2010,6:10 PM,PROPERTY DAMAGE AND INJURY,1.,0 ,1 ,COLLISION WITH OTHER,OTHER,NONE,DAYLIGHT,CLEAR,DRY
6836 ,33510316,MONROE,Brighton,,,Y,43.116701,-77.548045,07/21/2010,5:12 PM,PROPERTY DAMAGE AND INJURY,1.,0 ,2 ,COLLISION WITH MOTOR VEHICLE,RIGHT ANGLE,TRAFFIC SIGNAL,DAYLIGHT,RAIN,WET
6836 ,33510318,MONROE,East Rochester,,,Y,43.120692,-77.4781779,07/20/2010,1:10 PM,INJURY,1.,0 ,2 ,COLLISION WITH MOTOR VEHICLE,REAR END,TRAFFIC SIGNAL,DAYLIGHT,CLEAR,DRY
6836 ,33510321,MONROE,Penfield,,104 43035042,N,43.1744569,-77.5192838,07/21/2010,10:13 AM,PROPERTY DAMAGE AND INJURY,1.,0 ,2 ,COLLISION WITH MOTOR VEHICLE,LEFT TURN (AGAINST OTHER CAR),NONE,DAYLIGHT,CLOUDY,DRY
6836 ,33510326,MONROE,Brighton,,,N,43.1156592,-77.5968718,07/21/2010,3:50 PM,PROPERTY DAMAGE AND INJURY,1.,0 ,3 ,COLLISION WITH MOTOR VEHICLE,OTHER,TRAFFIC SIGNAL,DAYLIGHT,RAIN,WET
6836 ,33510332,MONROE,Pittsford,,65 43031111,Y,43.087271,-77.542635,07/14/2010,3:49 PM,PROPERTY DAMAGE AND INJURY,1.,0 ,2 ,COLLISION WITH MOTOR VEHICLE,REAR END,TRAFFIC SIGNAL,DAYLIGHT,CLEAR,DRY
6836 ,33510333,MONROE,Penfield,,286 43011018,Y,43.153666,-77.506025,07/07/2010,3:06 AM,PROPERTY DAMAGE AND INJURY,1.,0 ,1 ,COLLISION WITH TREE,OTHER,NONE,DARK-ROAD LIGHTED,CLEAR,DRY
6836 ,33510737,MONROE,Greece,,104 43031170,N,43.205948,-77.6718329,07/21/2010,1:12 PM,PROPERTY DAMAGE AND INJURY,2.,0 ,2 ,COLLISION WITH MOTOR VEHICLE,REAR END,TRAFFIC SIGNAL,DAYLIGHT,RAIN,WET
6836 ,33510970,MONROE,Henrietta,,,N,43.0473756,-77.6658318,07/13/2010,1:45 PM,INJURY,3.,0 ,2 ,COLLISION WITH MOTOR VEHICLE,REAR END,NONE,DAYLIGHT,CLOUDY,DRY
6836 ,33511018,MONROE,Irondequoit,,,Y,43.188399,-77.5533,07/20/2010,3:37 PM,PROPERTY DAMAGE AND INJURY,2.,0 ,2 ,COLLISION WITH MOTOR VEHICLE,RIGHT ANGLE,TRAFFIC SIGNAL,DAYLIGHT,CLEAR,DRY