QUERYID,CASE #,REGN_CNTY_CDE,Municipality,MUNITYPE,REF_MRKR,ATINTERSECTION_IND,Lat,Long,,Time,Crash Type,Injuries,Fatalities,Number of Vehicles,ACCD_TYP,COLLISION_TYP,TRAF_CNTL,Light Condition,Weather Condition,Road Surface Condition
6836 ,33511020,MONROE,Webster,,,N,43.2151397,-77.4465946,07/18/2010,12:55 AM,PROPERTY DAMAGE AND INJURY,1.,0 ,3 ,COLLISION WITH MOTOR VEHICLE,OTHER,NONE,DARK-ROAD LIGHTED,CLEAR,DRY
6836 ,33511022,MONROE,Penfield,,,Y,43.189866,-77.5039131,07/18/2010,8:58 PM,INJURY,1.,0 ,2 ,COLLISION WITH MOTOR VEHICLE,REAR END,TRAFFIC SIGNAL,DARK-ROAD LIGHTED,CLOUDY,DRY
6836 ,33511033,MONROE,Irondequoit,,,N,43.20386,-77.600599,07/18/2010,2:00 PM,PROPERTY DAMAGE AND INJURY,2.,0 ,2 ,COLLISION WITH MOTOR VEHICLE,RIGHT ANGLE,TRAFFIC SIGNAL,DAYLIGHT,CLEAR,DRY
6836 ,33511034,MONROE,Brighton,,286 43011006,Y,43.157651,-77.528469,07/21/2010,10:05 AM,PROPERTY DAMAGE AND INJURY,2.,0 ,2 ,COLLISION WITH MOTOR VEHICLE,REAR END,NONE,DAYLIGHT,CLEAR,DRY
6836 ,33511036,MONROE,Webster,,,N,43.2037708,-77.3984679,07/18/2010,8:45 AM,PROPERTY DAMAGE AND INJURY,1.,0 ,1 ,COLLISION WITH SIGN POST,OTHER,NONE,DAYLIGHT,CLEAR,DRY
6836 ,33511038,MONROE,Webster,,,Y,43.253469,-77.477135,07/22/2010,8:25 PM,PROPERTY DAMAGE AND INJURY,1.,0 ,1 ,COLL. W/LIGHT SUPPORT/UTILITY POLE,OTHER,NONE,DUSK,CLOUDY,DRY
6836 ,33511041,MONROE,Henrietta,,252 43011081,N,43.0870381,-77.5975647,07/17/2010,2:05 PM,PROPERTY DAMAGE AND INJURY,1.,0 ,2 ,COLLISION WITH MOTOR VEHICLE,RIGHT ANGLE,NONE,DAYLIGHT,CLEAR,DRY
6836 ,33511042,MONROE,Brighton,,31 43033020,N,43.114844,-77.552096,07/22/2010,2:23 PM,PROPERTY DAMAGE AND INJURY,1.,0 ,2 ,COLLISION WITH MOTOR VEHICLE,RIGHT ANGLE,TRAFFIC SIGNAL,DAYLIGHT,CLOUDY,DRY
6836 ,33511043,MONROE,Henrietta,,252 43011097,N,43.087153,-77.5819408,07/21/2010,2:56 PM,PROPERTY DAMAGE AND INJURY,1.,0 ,2 ,COLLISION WITH MOTOR VEHICLE,RIGHT ANGLE,TRAFFIC SIGNAL,DAYLIGHT,RAIN,WET
6836 ,33511045,MONROE,Brighton,,31 43033022,N,43.1112497,-77.5480348,07/22/2010,11:30 AM,PROPERTY DAMAGE AND INJURY,1.,0 ,2 ,COLLISION WITH MOTOR VEHICLE,LEFT TURN (AGAINST OTHER CAR),NONE,DAYLIGHT,CLEAR,DRY
6836 ,33511938,MONROE,Rochester,,,N,43.1505024,-77.6224792,06/27/2010,5:00 AM,PROPERTY DAMAGE AND INJURY,1.,0 ,2 ,COLLISION WITH MOTOR VEHICLE,SIDESWIPE,UNKNOWN,UNKNOWN,UNKNOWN,UNKNOWN
6836 ,33512146,MONROE,Rochester,,,N,43.136787,-77.560031,06/16/2010,1:49 PM,INJURY,1.,0 ,3 ,COLLISION WITH MOTOR VEHICLE,OTHER,TRAFFIC SIGNAL,UNKNOWN,UNKNOWN,UNKNOWN
6836 ,33512279,MONROE,Rochester,,490I43022018,N,43.1565466,-77.6381043,07/17/2010,1:00 PM,PROPERTY DAMAGE AND INJURY,1.,0 ,2 ,COLLISION WITH MOTOR VEHICLE,REAR END,NONE,DAYLIGHT,CLEAR,DRY
6836 ,33512561,MONROE,Brighton,,,N,43.1086477,-77.5609103,07/15/2010,11:21 AM,INJURY,1.,0 ,2 ,COLLISION WITH MOTOR VEHICLE,REAR END,NONE,DAYLIGHT,CLEAR,DRY
6836 ,33512573,MONROE,Henrietta,,,N,43.0802343,-77.6295962,07/09/2010,12:49 PM,INJURY,1.,0 ,1 ,COLLISION WITH PEDESTRIAN,OTHER,NONE,DAYLIGHT,CLEAR,DRY
6836 ,33512578,MONROE,Chili,,251 43011049,Y,43.060453,-77.772242,07/18/2010,11:00 PM,PROPERTY DAMAGE AND INJURY,1.,0 ,1 ,COLL. W/EARTH ELE./ROCK CUT/DITCH,OTHER,STOP SIGN,DARK-ROAD UNLIGHTED,CLOUDY,DRY
6836 ,33512605,MONROE,Pittsford,,31 43033059,N,43.0800312,-77.4915449,07/20/2010,7:52 AM,PROPERTY DAMAGE AND INJURY,1.,0 ,2 ,COLLISION WITH MOTOR VEHICLE,REAR END,NONE,DAYLIGHT,CLEAR,DRY
6836 ,33512607,MONROE,Brighton,,390I43031139,N,43.1082726,-77.6120745,07/23/2010,7:30 AM,PROPERTY DAMAGE AND INJURY,2.,0 ,1 ,OVERTURNED,OTHER,NONE,DAYLIGHT,RAIN,WET
6836 ,33512614,MONROE,Henrietta,,252 43011087,N,43.087137,-77.6019788,07/22/2010,2:21 PM,PROPERTY DAMAGE AND INJURY,1.,0 ,4 ,COLLISION WITH MOTOR VEHICLE,OTHER,NONE,DAYLIGHT,CLOUDY,DRY
6836 ,33512616,MONROE,Henrietta,,15 43031110,N,43.0886151,-77.6359917,07/17/2010,10:00 AM,PROPERTY DAMAGE AND INJURY,6.,0 ,2 ,COLLISION WITH MOTOR VEHICLE,LEFT TURN (WITH OTHER CAR),TRAFFIC SIGNAL,DAYLIGHT,CLEAR,DRY
6836 ,33512617,MONROE,Pittsford,,65 43031111,Y,43.087271,-77.542635,07/19/2010,2:21 PM,PROPERTY DAMAGE AND INJURY,1.,0 ,2 ,COLLISION WITH MOTOR VEHICLE,REAR END,TRAFFIC SIGNAL,DAYLIGHT,CLOUDY,DRY
6836 ,33512620,MONROE,Mendon,,15A43041016,N,42.9657055,-77.6185544,07/18/2010,5:45 PM,PROPERTY DAMAGE AND INJURY,1.,0 ,2 ,COLLISION WITH MOTOR VEHICLE,REAR END,NONE,DAYLIGHT,CLOUDY,DRY
6836 ,33512632,MONROE,Henrietta,,,N,43.058833,-77.641785,07/21/2010,11:15 AM,INJURY,1.,0 ,1 ,COLLISION WITH BICYCLIST,OTHER,TRAFFIC SIGNAL,DAYLIGHT,CLEAR,DRY
6836 ,33512945,MONROE,Greece,,,Y,43.244577,-77.660587,07/20/2010,9:40 PM,PROPERTY DAMAGE AND INJURY,1.,0 ,2 ,COLLISION WITH MOTOR VEHICLE,REAR END,NONE,DARK-ROAD LIGHTED,CLEAR,DRY
6836 ,33513102,MONROE,Rochester,,490I43022068,N,43.1434568,-77.5490823,07/23/2010,2:02 PM,PROPERTY DAMAGE AND INJURY,1.,0 ,1 ,COLLISION WITH OTHER BARRIER,OTHER,NONE,DAYLIGHT,RAIN,WET
6836 ,33513103,MONROE,Irondequoit,,104 43032041,N,43.1950875,-77.5848153,07/23/2010,6:55 AM,PROPERTY DAMAGE AND INJURY,2.,0 ,1 ,COLL. W/EARTH ELE./ROCK CUT/DITCH,OTHER,NONE,DAYLIGHT,RAIN,WET
6836 ,33513250,MONROE,Mendon,,15A43041017,N,42.9648147,-77.6185967,07/23/2010,12:43 PM,INJURY,1.,0 ,2 ,COLLISION WITH MOTOR VEHICLE,REAR END,NONE,DAYLIGHT,RAIN,WET
6836 ,33513251,MONROE,Chili,,252A43011041,N,43.1059079,-77.6802953,07/22/2010,4:28 PM,PROPERTY DAMAGE AND INJURY,1.,0 ,2 ,COLLISION WITH MOTOR VEHICLE,REAR END,NONE,DAYLIGHT,CLOUDY,DRY
6836 ,33513254,MONROE,Sweden,,,N,43.1983065,-77.9314933,07/22/2010,11:00 AM,INJURY,1.,0 ,1 ,COLLISION WITH PEDESTRIAN,OTHER,NONE,DAYLIGHT,CLEAR,DRY
6836 ,33513255,MONROE,Sweden,,31A43021026,N,43.1983629,-77.9453291,07/17/2010,4:29 PM,PROPERTY DAMAGE AND INJURY,1.,0 ,2 ,COLLISION WITH MOTOR VEHICLE,RIGHT ANGLE,NONE,DAYLIGHT,CLEAR,DRY
6836 ,33513257,MONROE,Henrietta,,,Y,43.058674,-77.652082,07/19/2010,10:35 AM,PROPERTY DAMAGE AND INJURY,1.,0 ,2 ,COLLISION WITH MOTOR VEHICLE,LEFT TURN (AGAINST OTHER CAR),TRAFFIC SIGNAL,DAYLIGHT,RAIN,WET
6836 ,33513258,MONROE,Brighton,,31 43033021,N,43.1119937,-77.5490313,07/23/2010,4:37 PM,PROPERTY DAMAGE AND INJURY,1.,0 ,2 ,COLLISION WITH MOTOR VEHICLE,RIGHT ANGLE,TRAFFIC SIGNAL,DAYLIGHT,CLOUDY,DRY
6836 ,33513260,MONROE,Henrietta,,15 43031078,Y,43.0727385,-77.6445259,07/24/2010,12:40 PM,INJURY,1.,0 ,1 ,COLLISION WITH PEDESTRIAN,OTHER,NONE,DAYLIGHT,CLOUDY,DRY
6836 ,33513261,MONROE,Brighton,,,Y,43.115972,-77.596763,07/23/2010,3:19 PM,INJURY,1.,0 ,2 ,COLLISION WITH MOTOR VEHICLE,REAR END,TRAFFIC SIGNAL,DAYLIGHT,CLOUDY,DRY
6836 ,33513264,MONROE,Perinton,,,Y,43.062161,-77.481224,07/23/2010,4:44 PM,INJURY,1.,0 ,2 ,COLLISION WITH MOTOR VEHICLE,REAR END,STOP SIGN,DAYLIGHT,CLOUDY,DRY
6836 ,33513268,MONROE,Hamlin,,19 43041141,N,43.3299907,-77.9054305,07/13/2010,4:32 PM,PROPERTY DAMAGE AND INJURY,1.,0 ,1 ,COLLISION WITH TREE,OTHER,NONE,DAYLIGHT,CLOUDY,WET
6836 ,33513269,MONROE,Brighton,,,N,43.1213073,-77.5947739,07/24/2010,1:21 PM,INJURY,1.,0 ,1 ,COLLISION WITH BICYCLIST,OTHER,NONE,DAYLIGHT,CLOUDY,DRY
6836 ,33513439,MONROE,Greece,,18 43031195,N,43.252881,-77.6661656,07/20/2010,4:43 PM,PROPERTY DAMAGE AND INJURY,2.,0 ,3 ,COLLISION WITH MOTOR VEHICLE,OTHER,NONE,DAYLIGHT,CLEAR,DRY
6836 ,33513705,MONROE,Chili,,490I43021124,N,43.1201274,-77.7523783,07/24/2010,5:55 PM,PROPERTY DAMAGE AND INJURY,1.,0 ,1 ,COLL. W/EARTH ELE./ROCK CUT/DITCH,OTHER,NONE,DAYLIGHT,RAIN,WET
6836 ,33513706,MONROE,Gates,,,N,43.1567918,-77.7198815,07/24/2010,8:48 PM,PROPERTY DAMAGE AND INJURY,3.,0 ,1 ,COLL. W/EARTH ELE./ROCK CUT/DITCH,OTHER,NONE,DUSK,CLOUDY,WET
6836 ,33513709,MONROE,Mendon,,,N,43.0253666,-77.5465933,07/16/2010,8:05 PM,INJURY,1.,0 ,1 ,COLL. W/LIGHT SUPPORT/UTILITY POLE,OTHER,NONE,DAYLIGHT,CLEAR,DRY
6836 ,33513710,MONROE,Irondequoit,,,N,43.1767671,-77.5452081,07/23/2010,8:09 PM,PROPERTY DAMAGE AND INJURY,1.,0 ,2 ,COLLISION WITH MOTOR VEHICLE,RIGHT ANGLE,NONE,DAYLIGHT,CLOUDY,DRY
6836 ,33513715,MONROE,Gates,,,Y,43.1542,-77.691025,07/22/2010,2:40 PM,PROPERTY DAMAGE AND INJURY,1.,0 ,2 ,COLLISION WITH MOTOR VEHICLE,SIDESWIPE,NO PASSING ZONE,DAYLIGHT,CLEAR,DRY
6836 ,33513964,MONROE,Rochester,,,Y,43.124852,-77.634708,07/06/2010,11:47 AM,PROPERTY DAMAGE AND INJURY,1.,0 ,2 ,COLLISION WITH MOTOR VEHICLE,REAR END,TRAFFIC SIGNAL,DAYLIGHT,CLEAR,DRY
6836 ,33514829,MONROE,Rochester,,,N,43.143136,-77.575276,07/02/2010,9:41 PM,PROPERTY DAMAGE AND INJURY,1.,0 ,3 ,COLLISION WITH MOTOR VEHICLE,OTHER,TRAFFIC SIGNAL,DARK-ROAD LIGHTED,CLOUDY,DRY
6836 ,33514856,MONROE,Greece,,947A43021209,N,43.2614611,-77.6443265,07/12/2010,1:34 AM,FATAL,1.,1 ,1 ,COLLISION WITH TREE,OTHER,NONE,DARK-ROAD UNLIGHTED,CLEAR,DRY
6836 ,33514965,MONROE,Greece,,,N,43.2231324,-77.696812,07/22/2010,3:03 PM,PROPERTY DAMAGE AND INJURY,1.,0 ,2 ,COLLISION WITH MOTOR VEHICLE,RIGHT ANGLE,NONE,DAYLIGHT,CLEAR,DRY
6836 ,33515306,MONROE,Webster,,250 43011151,Y,43.252263,-77.428826,07/21/2010,2:45 PM,PROPERTY DAMAGE AND INJURY,5.,0 ,2 ,COLLISION WITH MOTOR VEHICLE,RIGHT ANGLE,STOP SIGN,DAYLIGHT,CLOUDY,DRY
6836 ,33515310,MONROE,Hamlin,,19 43041129,N,43.3135129,-77.9168444,07/21/2010,7:33 PM,INJURY,1.,0 ,2 ,COLLISION WITH SIGN POST,LEFT TURN (AGAINST OTHER CAR),STOP SIGN,DAYLIGHT,CLEAR,DRY
6836 ,33515318,MONROE,Irondequoit,,,N,43.2062331,-77.6150872,07/24/2010,11:58 PM,PROPERTY DAMAGE AND INJURY,2.,0 ,2 ,COLLISION WITH MOTOR VEHICLE,REAR END,NO PASSING ZONE,DARK-ROAD UNLIGHTED,CLEAR,DRY
6836 ,33515327,MONROE,Honeoye Falls,,940J43011013,Y,42.955762,-77.595822,07/26/2010,2:43 PM,PROPERTY DAMAGE AND INJURY,1.,0 ,2 ,COLLISION WITH SIGN POST,RIGHT ANGLE,STOP SIGN,DAYLIGHT,CLEAR,DRY
6836 ,33515759,MONROE,Brighton,,490I43023007,N,43.1374182,-77.5353033,07/26/2010,11:40 AM,PROPERTY DAMAGE AND INJURY,1.,0 ,1 ,OVERTURNED,OTHER,NONE,DAYLIGHT,CLEAR,DRY
6836 ,33515942,MONROE,Henrietta,,15 43031110,N,43.088801,-77.6358891,07/27/2010,4:12 PM,PROPERTY DAMAGE AND INJURY,1.,0 ,3 ,COLLISION WITH MOTOR VEHICLE,OTHER,NONE,DAYLIGHT,CLEAR,DRY
6836 ,33515945,MONROE,Perinton,,,N,43.0506188,-77.4320301,07/22/2010,10:16 PM,PROPERTY DAMAGE AND INJURY,2.,0 ,1 ,COLLISION WITH SIGN POST,OTHER,NONE,DARK-ROAD LIGHTED,CLEAR,DRY
6836 ,33515946,MONROE,Gates,,31 43031178,Y,43.16661,-77.695206,07/26/2010,7:59 PM,PROPERTY DAMAGE AND INJURY,1.,0 ,2 ,COLLISION WITH MOTOR VEHICLE,REAR END,TRAFFIC SIGNAL,DAYLIGHT,CLEAR,DRY
6836 ,33515947,MONROE,Brighton,,,N,43.1256307,-77.591979,07/27/2010,8:31 AM,PROPERTY DAMAGE AND INJURY,2.,0 ,2 ,COLLISION WITH MOTOR VEHICLE,REAR END,NONE,DAYLIGHT,CLEAR,DRY
6836 ,33515948,MONROE,Brighton,,65 43031125,N,43.1198021,-77.5481825,07/27/2010,11:58 AM,PROPERTY DAMAGE AND INJURY,1.,0 ,2 ,COLLISION WITH MOTOR VEHICLE,REAR END,NONE,DAYLIGHT,CLEAR,DRY
6836 ,33515952,MONROE,Chili,,252 43011038,N,43.0938388,-77.6970757,07/19/2010,5:55 PM,INJURY,1.,0 ,3 ,COLLISION WITH MOTOR VEHICLE,OTHER,TRAFFIC SIGNAL,DAYLIGHT,CLEAR,DRY
6836 ,33515961,MONROE,Gates,,390 43011012,N,43.173795,-77.6831559,07/21/2010,3:24 PM,PROPERTY DAMAGE AND INJURY,1.,0 ,2 ,COLLISION WITH MOTOR VEHICLE,OVERTAKING,NONE,DAYLIGHT,RAIN,WET
6836 ,33515962,MONROE,Henrietta,,252 43011066,N,43.0896345,-77.6426998,07/26/2010,6:42 PM,PROPERTY DAMAGE AND INJURY,2.,0 ,2 ,COLLISION WITH MOTOR VEHICLE,RIGHT ANGLE,TRAFFIC SIGNAL,DAYLIGHT,CLEAR,DRY
6836 ,33515963,MONROE,Gates,,33 43031114,N,43.1445031,-77.7234862,07/26/2010,5:24 PM,PROPERTY DAMAGE AND INJURY,1.,0 ,2 ,COLLISION WITH MOTOR VEHICLE,REAR END,NONE,DAYLIGHT,CLEAR,DRY
6836 ,33516429,MONROE,Rochester,,31 43032005,Y,43.164673,-77.666874,06/25/2010,1:43 PM,PROPERTY DAMAGE AND INJURY,2.,0 ,2 ,COLLISION WITH MOTOR VEHICLE,LEFT TURN (AGAINST OTHER CAR),TRAFFIC SIGNAL,DAYLIGHT,CLEAR,DRY
6836 ,33516577,MONROE,Rochester,,,Y,43.1454892,-77.5552951,07/07/2010,4:42 PM,INJURY,1.,0 ,3 ,COLLISION WITH MOTOR VEHICLE,OTHER,TRAFFIC SIGNAL,DAYLIGHT,CLEAR,DRY
6836 ,33516770,MONROE,Chili,,33A43021096,N,43.099272,-77.762114,07/23/2010,2:22 AM,INJURY,1.,0 ,1 ,COLLISION WITH PEDESTRIAN,OTHER,NONE,DARK-ROAD LIGHTED,CLOUDY,DRY
6836 ,33516781,MONROE,Greece,,,Y,43.223737,-77.650871,07/27/2010,10:58 PM,PROPERTY DAMAGE AND INJURY,1.,0 ,1 ,COLL. W/LIGHT SUPPORT/UTILITY POLE,OTHER,NONE,DARK-ROAD LIGHTED,CLOUDY,DRY
6836 ,33516971,MONROE,Parma,,104 43031110,Y,43.218409,-77.7925,07/23/2010,11:15 PM,PROPERTY DAMAGE AND INJURY,1.,0 ,2 ,COLLISION WITH MOTOR VEHICLE,RIGHT ANGLE,TRAFFIC SIGNAL,DARK-ROAD LIGHTED,CLEAR,DRY
6836 ,33516974,MONROE,Greece,,,N,43.2244482,-77.6350686,07/27/2010,10:46 PM,INJURY,3.,0 ,2 ,COLLISION WITH MOTOR VEHICLE,REAR END,NONE,DARK-ROAD LIGHTED,CLEAR,DRY
6836 ,33517021,MONROE,Greece,,,Y,43.231093,-77.659072,07/25/2010,6:53 PM,INJURY,1.,0 ,2 ,COLLISION WITH MOTOR VEHICLE,REAR END,TRAFFIC SIGNAL,DAYLIGHT,CLEAR,DRY
6836 ,33517047,MONROE,Perinton,,31 43033088,N,43.0687972,-77.4355717,07/26/2010,8:39 PM,PROPERTY DAMAGE AND INJURY,4.,0 ,2 ,COLLISION WITH MOTOR VEHICLE,RIGHT ANGLE,TRAFFIC SIGNAL,DAYLIGHT,CLEAR,DRY
6836 ,33517062,MONROE,Irondequoit,,,N,43.2023416,-77.6189971,07/27/2010,8:15 PM,INJURY,1.,0 ,1 ,COLLISION WITH CURBING,OTHER,NONE,DAWN,CLEAR,DRY
6836 ,33517152,MONROE,Brighton,,,Y,43.125703,-77.589688,07/28/2010,4:41 PM,PROPERTY DAMAGE AND INJURY,3.,0 ,2 ,COLLISION WITH MOTOR VEHICLE,LEFT TURN (WITH OTHER CAR),NONE,DAYLIGHT,CLOUDY,DRY
6836 ,33517498,MONROE,Greece,,,Y,43.202395,-77.731983,06/20/2010,12:56 PM,PROPERTY DAMAGE AND INJURY,2.,0 ,2 ,COLLISION WITH MOTOR VEHICLE,LEFT TURN (AGAINST OTHER CAR),TRAFFIC SIGNAL,DAYLIGHT,CLEAR,DRY
6836 ,33517499,MONROE,Rochester,,,N,43.1417927,-77.6289647,06/24/2010,2:35 PM,PROPERTY DAMAGE AND INJURY,1.,0 ,2 ,COLLISION WITH MOTOR VEHICLE,LEFT TURN (AGAINST OTHER CAR),TRAFFIC SIGNAL,DAYLIGHT,CLEAR,DRY
6836 ,33517500,MONROE,Rochester,,,N,43.164629,-77.635378,06/07/2010,5:15 PM,INJURY,1.,0 ,3 ,COLLISION WITH MOTOR VEHICLE,OTHER,TRAFFIC SIGNAL,DAYLIGHT,CLEAR,DRY
6836 ,33517502,MONROE,Rochester,,,Y,43.179312,-77.6394599,06/21/2010,3:27 PM,PROPERTY DAMAGE AND INJURY,1.,0 ,3 ,COLLISION WITH MOTOR VEHICLE,OTHER,TRAFFIC SIGNAL,DAYLIGHT,CLEAR,DRY
6836 ,33518044,MONROE,Gates,,,N,43.1601292,-77.7439571,07/10/2010,11:28 PM,PROPERTY DAMAGE AND INJURY,1.,0 ,1 ,RAN OFF ROAD ONLY,OTHER,NONE,DARK-ROAD UNLIGHTED,CLEAR,DRY
6836 ,33518056,MONROE,Henrietta,,15 43031031,N,43.0465277,-77.6585896,07/22/2010,2:39 PM,PROPERTY DAMAGE AND INJURY,1.,0 ,1 ,COLLISION WITH BICYCLIST,OTHER,TRAFFIC SIGNAL,DAYLIGHT,CLEAR,DRY
6836 ,33518069,MONROE,Brighton,,286 43011002,N,43.1575331,-77.537729,07/29/2010,5:26 PM,PROPERTY DAMAGE AND INJURY,1.,0 ,2 ,COLLISION WITH MOTOR VEHICLE,LEFT TURN (AGAINST OTHER CAR),NONE,DAYLIGHT,CLEAR,DRY
6836 ,33518214,MONROE,Henrietta,,252 43011063,N,43.09232,-77.6513871,07/28/2010,7:54 PM,PROPERTY DAMAGE AND INJURY,2.,0 ,2 ,COLLISION WITH MOTOR VEHICLE,RIGHT ANGLE,NONE,DAYLIGHT,RAIN,WET
6836 ,33518226,MONROE,Penfield,,,Y,43.182317,-77.474765,07/19/2010,11:05 AM,PROPERTY DAMAGE AND INJURY,1.,0 ,2 ,COLLISION WITH MOTOR VEHICLE,LEFT TURN (AGAINST OTHER CAR),TRAFFIC SIGNAL,DAYLIGHT,CLOUDY,DRY
6836 ,33518283,MONROE,Perinton,,,N,43.0939461,-77.4033601,07/21/2010,7:25 AM,INJURY,1.,0 ,1 ,COLLISION WITH BICYCLIST,OTHER,TRAFFIC SIGNAL,DAYLIGHT,CLEAR,DRY
6836 ,33518569,MONROE,Henrietta,,15A43041069,Y,43.027014,-77.629762,07/27/2010,10:55 PM,INJURY,2.,0 ,2 ,COLLISION WITH MOTOR VEHICLE,RIGHT ANGLE,STOP SIGN,DARK-ROAD LIGHTED,CLEAR,DRY
6836 ,33518580,MONROE,Penfield,,,N,43.1842884,-77.5068663,07/22/2010,11:24 AM,PROPERTY DAMAGE AND INJURY,1.,0 ,2 ,COLLISION WITH MOTOR VEHICLE,RIGHT ANGLE,NONE,DAYLIGHT,CLEAR,DRY
6836 ,33518854,MONROE,Gates,,490I43021174,N,43.1583571,-77.6827194,07/29/2010,10:34 AM,FATAL,0.,1 ,1 ,COLLISION WITH GUIDE RAIL,OTHER,NONE,DAYLIGHT,CLOUDY,DRY
6836 ,33518938,MONROE,Greece,,,Y,43.228662,-77.69677,07/29/2010,8:52 AM,PROPERTY DAMAGE AND INJURY,1.,0 ,2 ,COLLISION WITH MOTOR VEHICLE,REAR END,NONE,DAYLIGHT,CLEAR,DRY
6836 ,33518974,MONROE,Greece,,,N,43.2337873,-77.7162672,07/25/2010,8:59 PM,INJURY,1.,0 ,1 ,COLL. W/EARTH ELE./ROCK CUT/DITCH,OTHER,NONE,DARK-ROAD UNLIGHTED,CLEAR,DRY
6836 ,33519090,MONROE,Greece,,,Y,43.252956,-77.64679,07/22/2010,2:44 PM,INJURY,1.,0 ,1 ,COLLISION WITH BICYCLIST,OTHER,TRAFFIC SIGNAL,DAYLIGHT,CLEAR,DRY
6836 ,33519130,MONROE,Greece,,,N,43.1856276,-77.7038589,07/20/2010,9:10 AM,PROPERTY DAMAGE AND INJURY,2.,0 ,1 ,COLLISION WITH BUILDING/WALL,OTHER,NONE,DAYLIGHT,CLEAR,DRY
6836 ,33519220,MONROE,Irondequoit,,104 43035030,N,43.1768291,-77.5428135,07/29/2010,1:14 PM,PROPERTY DAMAGE AND INJURY,1.,0 ,3 ,COLLISION WITH MOTOR VEHICLE,OTHER,NONE,DAYLIGHT,CLEAR,DRY
6836 ,33519241,MONROE,Greece,,,Y,43.189994,-77.732018,07/27/2010,5:58 PM,PROPERTY DAMAGE AND INJURY,1.,0 ,2 ,COLLISION WITH MOTOR VEHICLE,LEFT TURN (AGAINST OTHER CAR),STOP SIGN,DAYLIGHT,CLEAR,DRY
6836 ,33519252,MONROE,Greece,,,N,43.2404493,-77.6468331,07/27/2010,9:21 PM,INJURY,1.,0 ,1 ,COLLISION WITH MOTOR VEHICLE,OTHER,NONE,DARK-ROAD LIGHTED,CLEAR,DRY
6836 ,33519281,MONROE,Greece,,,N,43.2108733,-77.7099698,07/25/2010,4:20 PM,PROPERTY DAMAGE AND INJURY,2.,0 ,2 ,COLLISION WITH MOTOR VEHICLE,REAR END,NONE,DAYLIGHT,CLOUDY,DRY
6836 ,33519403,MONROE,Henrietta,,,N,43.0473677,-77.6176563,07/29/2010,5:42 AM,PROPERTY DAMAGE AND INJURY,1.,0 ,1 ,COLL. W/EARTH ELE./ROCK CUT/DITCH,OTHER,NONE,DAWN,CLEAR,DRY
6836 ,33519465,MONROE,Greece,,,N,43.2880495,-77.6793722,07/23/2010,3:35 AM,PROPERTY DAMAGE AND INJURY,1.,0 ,1 ,COLLISION WITH OTHER FIXED OBJECT,OTHER,NONE,DARK-ROAD UNLIGHTED,CLOUDY,DRY
6836 ,33519717,MONROE,Gates,,390 43011001,N,43.1632672,-77.6825074,07/29/2010,3:25 PM,INJURY,1.,0 ,2 ,COLLISION WITH MOTOR VEHICLE,REAR END,TRAFFIC SIGNAL,DAYLIGHT,CLEAR,DRY
6836 ,33519722,MONROE,Chili,,,Y,43.119857,-77.80532,07/30/2010,4:59 PM,INJURY,1.,0 ,3 ,COLLISION WITH MOTOR VEHICLE,OTHER,TRAFFIC SIGNAL,DAYLIGHT,CLEAR,DRY
6836 ,33519726,MONROE,Perinton,,96 43051003,N,43.0366477,-77.4503881,07/30/2010,5:26 PM,PROPERTY DAMAGE AND INJURY,2.,0 ,4 ,COLLISION WITH MOTOR VEHICLE,OTHER,NONE,DAYLIGHT,CLEAR,DRY
6836 ,33519729,MONROE,Ogden,,,Y,43.127074,-77.807185,07/29/2010,6:12 PM,PROPERTY DAMAGE AND INJURY,1.,0 ,1 ,COLLISION WITH BICYCLIST,OTHER,TRAFFIC SIGNAL,DAYLIGHT,CLEAR,DRY
6836 ,33519738,MONROE,Henrietta,,252 43011097,Y,43.087046,-77.581938,07/29/2010,9:05 PM,INJURY,1.,0 ,3 ,COLLISION WITH MOTOR VEHICLE,OTHER,TRAFFIC SIGNAL,DARK-ROAD LIGHTED,CLEAR,DRY
6836 ,33519743,MONROE,Penfield,,441 43011035,N,43.130184,-77.4755328,07/25/2010,6:31 PM,PROPERTY DAMAGE AND INJURY,2.,0 ,2 ,COLLISION WITH MOTOR VEHICLE,REAR END,NONE,DAYLIGHT,CLEAR,DRY
6836 ,33519748,MONROE,Penfield,,,N,43.1809555,-77.5023987,07/26/2010,8:13 PM,PROPERTY DAMAGE AND INJURY,2.,0 ,2 ,COLLISION WITH MOTOR VEHICLE,HEAD ON,NONE,DUSK,CLEAR,DRY
6836 ,33519752,MONROE,Penfield,,,Y,43.142229,-77.463628,07/26/2010,6:49 PM,PROPERTY DAMAGE AND INJURY,1.,0 ,2 ,COLLISION WITH MOTOR VEHICLE,RIGHT ANGLE,STOP SIGN,DAYLIGHT,CLEAR,DRY
6836 ,33519955,MONROE,Webster,,,N,43.214154,-77.511072,06/14/2010,2:30 PM,INJURY,1.,0 ,2 ,COLLISION WITH MOTOR VEHICLE,UNKNOWN,UNKNOWN,UNKNOWN,UNKNOWN,UNKNOWN
6836 ,33520415,MONROE,Henrietta,,,Y,43.068745,-77.591198,07/22/2010,1:00 PM,INJURY,1.,0 ,1 ,COLLISION WITH BICYCLIST,OTHER,STOP SIGN,DAYLIGHT,CLEAR,DRY
6836 ,33520437,MONROE,Rochester,,,Y,43.170804,-77.600806,07/06/2010,7:40 AM,INJURY,1.,0 ,2 ,COLLISION WITH MOTOR VEHICLE,REAR END,TRAFFIC SIGNAL,DAYLIGHT,CLEAR,DRY
6836 ,33520479,MONROE,Gates,,,N,43.1465146,-77.7133627,07/22/2010,12:12 PM,INJURY,1.,0 ,2 ,COLLISION WITH MOTOR VEHICLE,REAR END,TRAFFIC SIGNAL,DAYLIGHT,CLEAR,DRY