QUERYID,CASE #,REGN_CNTY_CDE,Municipality,MUNITYPE,REF_MRKR,ATINTERSECTION_IND,Lat,Long,,Time,Crash Type,Injuries,Fatalities,Number of Vehicles,ACCD_TYP,COLLISION_TYP,TRAF_CNTL,Light Condition,Weather Condition,Road Surface Condition
6836 ,33520595,MONROE,Rochester,,,N,43.1335477,-77.636001,06/18/2010,2:42 PM,INJURY,1.,0 ,2 ,COLLISION WITH MOTOR VEHICLE,REAR END,NONE,DAYLIGHT,CLEAR,DRY
6836 ,33520723,MONROE,East Rochester,,,N,43.1104918,-77.5021093,07/28/2010,3:33 PM,PROPERTY DAMAGE AND INJURY,1.,0 ,1 ,COLL. W/LIGHT SUPPORT/UTILITY POLE,OTHER,NONE,DAYLIGHT,CLOUDY,WET
6836 ,33520824,MONROE,Rochester,,,N,43.186572,-77.6225501,07/03/2010,5:36 PM,INJURY,1.,0 ,1 ,COLLISION WITH BICYCLIST,OTHER,TRAFFIC SIGNAL,DAYLIGHT,CLEAR,DRY
6836 ,33520825,MONROE,Rochester,,,N,43.1586422,-77.592548,07/03/2010,12:44 PM,PROPERTY DAMAGE AND INJURY,1.,0 ,2 ,COLLISION WITH MOTOR VEHICLE,UNKNOWN,NONE,DAYLIGHT,CLEAR,DRY
6836 ,33520859,MONROE,Rochester,,,N,43.1778115,-77.6176988,07/03/2010,10:29 PM,PROPERTY DAMAGE AND INJURY,1.,0 ,2 ,COLLISION WITH MOTOR VEHICLE,REAR END,NONE,DARK-ROAD LIGHTED,CLOUDY,DRY
6836 ,33520860,MONROE,Rochester,,,Y,43.179312,-77.6394599,07/03/2010,8:25 AM,PROPERTY DAMAGE AND INJURY,1.,0 ,2 ,COLLISION WITH MOTOR VEHICLE,RIGHT ANGLE,TRAFFIC SIGNAL,DAYLIGHT,CLEAR,DRY
6836 ,33521279,MONROE,Rochester,,,Y,43.157607,-77.604332,07/09/2010,12:18 PM,INJURY,1.,0 ,2 ,COLLISION WITH OTHER PEDESTRIAN,OTHER,TRAFFIC SIGNAL,DAYLIGHT,CLEAR,DRY
6836 ,33521280,MONROE,Rochester,,,Y,43.180937,-77.631738,07/07/2010,11:26 AM,INJURY,1.,0 ,2 ,COLLISION WITH MOTOR VEHICLE,REAR END,TRAFFIC SIGNAL,DAYLIGHT,CLOUDY,DRY
6836 ,33521281,MONROE,Rochester,,,Y,43.193901,-77.654807,07/09/2010,3:56 PM,INJURY,2.,0 ,2 ,COLLISION WITH MOTOR VEHICLE,REAR END,NONE,DAYLIGHT,RAIN,WET
6836 ,33521282,MONROE,Rochester,,,Y,43.161226,-77.610298,07/08/2010,7:14 PM,INJURY,1.,0 ,2 ,COLLISION WITH MOTOR VEHICLE,REAR END,TRAFFIC SIGNAL,DAYLIGHT,CLOUDY,DRY
6836 ,33521285,MONROE,Rochester,,,Y,43.121561,-77.622617,07/08/2010,1:43 PM,PROPERTY DAMAGE AND INJURY,1.,0 ,2 ,COLLISION WITH MOTOR VEHICLE,RIGHT ANGLE,STOP SIGN,DAYLIGHT,CLEAR,DRY
6836 ,33521286,MONROE,Rochester,,,Y,43.187361,-77.584105,07/09/2010,3:11 PM,PROPERTY DAMAGE AND INJURY,4.,0 ,2 ,COLLISION WITH MOTOR VEHICLE,UNKNOWN,NONE,DAYLIGHT,RAIN,WET
6836 ,33521287,MONROE,Rochester,,,Y,43.15523,-77.6388801,07/11/2010,1:04 PM,PROPERTY DAMAGE AND INJURY,1.,0 ,2 ,COLLISION WITH MOTOR VEHICLE,RIGHT ANGLE,TRAFFIC SIGNAL,DAYLIGHT,CLEAR,DRY
6836 ,33521288,MONROE,Rochester,,,N,43.1592024,-77.6114138,07/05/2010,9:43 AM,PROPERTY DAMAGE AND INJURY,1.,0 ,2 ,COLLISION WITH MOTOR VEHICLE,OVERTAKING,UNKNOWN,DAYLIGHT,CLEAR,DRY
6836 ,33521294,MONROE,Rochester,,,Y,43.114684,-77.616216,07/11/2010,5:44 AM,INJURY,1.,0 ,1 ,COLL. W/LIGHT SUPPORT/UTILITY POLE,OTHER,NONE,DAYLIGHT,CLEAR,DRY
6836 ,33521295,MONROE,Rochester,,31 43032046,Y,43.14883,-77.597661,07/11/2010,9:30 AM,PROPERTY DAMAGE AND INJURY,1.,0 ,2 ,COLLISION WITH MOTOR VEHICLE,RIGHT ANGLE,TRAFFIC SIGNAL,DAYLIGHT,CLEAR,DRY
6836 ,33521338,MONROE,Chili,,,N,43.1228632,-77.7166892,05/20/2010,5:05 PM,PROPERTY DAMAGE AND INJURY,1.,0 ,2 ,COLLISION WITH MOTOR VEHICLE,UNKNOWN,NONE,DAYLIGHT,CLEAR,DRY
6836 ,33521368,MONROE,Rochester,,,N,43.1749236,-77.6129661,07/05/2010,8:52 PM,INJURY,1.,0 ,2 ,COLLISION WITH MOTOR VEHICLE,REAR END,NONE,DUSK,CLEAR,DRY
6836 ,33521373,MONROE,Rochester,,,Y,43.154475,-77.612006,07/07/2010,2:08 PM,PROPERTY DAMAGE AND INJURY,1.,0 ,2 ,COLLISION WITH MOTOR VEHICLE,LEFT TURN (AGAINST OTHER CAR),TRAFFIC SIGNAL,DAYLIGHT,CLEAR,DRY
6836 ,33521377,MONROE,Rochester,,,N,43.1840436,-77.5997714,07/06/2010,2:04 PM,PROPERTY DAMAGE AND INJURY,1.,0 ,1 ,COLLISION WITH PEDESTRIAN,OTHER,NONE,DAYLIGHT,CLEAR,WET
6836 ,33521378,MONROE,Rochester,,,Y,43.1938404,-77.6389864,07/03/2010,3:00 AM,INJURY,1.,0 ,1 ,COLLISION WITH PEDESTRIAN,OTHER,TRAFFIC SIGNAL,DARK-ROAD LIGHTED,CLEAR,DRY
6836 ,33521414,MONROE,Rochester,,,Y,43.145862,-77.5924981,07/02/2010,7:52 PM,INJURY,1.,0 ,1 ,COLLISION WITH PEDESTRIAN,OTHER,TRAFFIC SIGNAL,DAYLIGHT,CLEAR,DRY
6836 ,33521415,MONROE,Rochester,,,Y,43.181123,-77.625186,07/05/2010,8:32 AM,INJURY,1.,0 ,1 ,COLLISION WITH PEDESTRIAN,OTHER,TRAFFIC SIGNAL,DAYLIGHT,CLEAR,DRY
6836 ,33521417,MONROE,Rochester,,,N,43.144757,-77.6011121,07/08/2010,11:36 AM,PROPERTY DAMAGE AND INJURY,1.,0 ,2 ,COLLISION WITH MOTOR VEHICLE,RIGHT ANGLE,TRAFFIC SIGNAL,DAYLIGHT,CLEAR,DRY
6836 ,33521419,MONROE,Rochester,,,N,43.1266608,-77.6385586,07/07/2010,7:05 PM,PROPERTY DAMAGE AND INJURY,2.,0 ,2 ,COLLISION WITH MOTOR VEHICLE,RIGHT ANGLE,NONE,DAYLIGHT,CLEAR,DRY
6836 ,33521423,MONROE,Rochester,,,Y,43.1583244,-77.6069005,07/02/2010,8:35 AM,PROPERTY DAMAGE AND INJURY,1.,0 ,2 ,COLLISION WITH MOTOR VEHICLE,OVERTAKING,NONE,DAYLIGHT,CLEAR,DRY
6836 ,33521424,MONROE,Rochester,,,Y,43.15843,-77.615431,07/01/2010,1:30 PM,PROPERTY DAMAGE AND INJURY,1.,0 ,2 ,COLLISION WITH MOTOR VEHICLE,LEFT TURN (AGAINST OTHER CAR),TRAFFIC SIGNAL,DAYLIGHT,CLEAR,DRY
6836 ,33521427,MONROE,Rochester,,,Y,43.186255,-77.6308089,07/05/2010,3:40 PM,INJURY,1.,0 ,2 ,COLLISION WITH MOTOR VEHICLE,RIGHT ANGLE,NONE,DAYLIGHT,CLEAR,DRY
6836 ,33521693,MONROE,Gates,,,N,43.1393013,-77.6677862,06/03/2010,5:15 PM,PROPERTY DAMAGE AND INJURY,2.,0 ,2 ,COLLISION WITH MOTOR VEHICLE,REAR END,NONE,DAYLIGHT,CLOUDY,DRY
6836 ,33521924,MONROE,Rochester,,,Y,43.137346,-77.6068029,07/13/2010,5:58 PM,INJURY,1.,0 ,1 ,COLLISION WITH BICYCLIST,OTHER,NONE,DAYLIGHT,CLEAR,DRY
6836 ,33521928,MONROE,Rochester,,,Y,43.146615,-77.629002,07/12/2010,3:14 PM,PROPERTY DAMAGE AND INJURY,1.,0 ,2 ,COLLISION WITH MOTOR VEHICLE,RIGHT ANGLE,TRAFFIC SIGNAL,DAYLIGHT,CLOUDY,DRY
6836 ,33521930,MONROE,Rochester,,,Y,43.179328,-77.632844,07/13/2010,6:41 AM,INJURY,1.,0 ,1 ,COLLISION WITH CURBING,OTHER,STOP SIGN,DAYLIGHT,CLOUDY,DRY
6836 ,33521956,MONROE,Rochester,,,N,43.1638041,-77.5692503,07/11/2010,6:07 PM,INJURY,1.,0 ,1 ,OTHER NON-COLLISION,OTHER,NONE,DAYLIGHT,CLEAR,DRY
6836 ,33521958,MONROE,Rochester,,,N,43.15599,-77.581982,07/12/2010,7:53 AM,PROPERTY DAMAGE AND INJURY,1.,0 ,2 ,COLLISION WITH MOTOR VEHICLE,RIGHT ANGLE,STOP SIGN,DAYLIGHT,CLEAR,DRY
6836 ,33521962,MONROE,Rochester,,,Y,43.175373,-77.595141,07/12/2010,2:29 AM,PROPERTY DAMAGE AND INJURY,1.,0 ,1 ,COLL. W/LIGHT SUPPORT/UTILITY POLE,OTHER,FLASHING LIGHT,DARK-ROAD LIGHTED,CLEAR,DRY
6836 ,33522172,MONROE,Greece,,947A43021177,N,43.2808399,-77.6955938,07/25/2010,5:23 PM,FATAL,1.,1 ,1 ,COLLISION WITH SIGN POST,OTHER,NONE,DAYLIGHT,CLEAR,DRY
6836 ,33522326,MONROE,Penfield,,441 43011043,N,43.131169,-77.4593778,07/30/2010,3:40 PM,PROPERTY DAMAGE AND INJURY,1.,0 ,3 ,COLLISION WITH MOTOR VEHICLE,OTHER,NONE,DAYLIGHT,CLEAR,DRY
6836 ,33522336,MONROE,Greece,,390 43011034,N,43.206627,-77.676202,07/30/2010,7:10 PM,PROPERTY DAMAGE AND INJURY,1.,0 ,1 ,COLLISION WITH GUIDE RAIL,OTHER,NONE,DAYLIGHT,CLEAR,DRY
6836 ,33522339,MONROE,Perinton,,,Y,43.061727,-77.477089,07/30/2010,9:39 PM,PROPERTY DAMAGE AND INJURY,1.,0 ,1 ,COLLISION WITH TREE,OTHER,NONE,DARK-ROAD LIGHTED,CLOUDY,DRY
6836 ,33522356,MONROE,Penfield,,,Y,43.126625,-77.464062,07/16/2010,4:16 PM,PROPERTY DAMAGE AND INJURY,2.,0 ,3 ,COLLISION WITH MOTOR VEHICLE,OTHER,NONE,DAYLIGHT,CLOUDY,DRY
6836 ,33522384,MONROE,Gates,,490I43021178,N,43.158367,-77.682345,07/29/2010,6:54 AM,PROPERTY DAMAGE AND INJURY,1.,0 ,2 ,COLLISION WITH MOTOR VEHICLE,OVERTAKING,NONE,DAYLIGHT,CLEAR,DRY
6836 ,33522438,MONROE,Henrietta,,390I43031120,N,43.0924542,-77.6025827,07/30/2010,5:11 PM,PROPERTY DAMAGE AND INJURY,2.,0 ,2 ,COLLISION WITH MOTOR VEHICLE,OVERTAKING,NONE,DAYLIGHT,CLEAR,DRY
6836 ,33522470,MONROE,Irondequoit,,,Y,43.196137,-77.6001439,07/31/2010,8:44 PM,PROPERTY DAMAGE AND INJURY,1.,0 ,2 ,COLLISION WITH MOTOR VEHICLE,RIGHT ANGLE,TRAFFIC SIGNAL,DAYLIGHT,CLEAR,DRY
6836 ,33522474,MONROE,Penfield,,,N,43.1823193,-77.5079097,07/27/2010,2:01 PM,PROPERTY DAMAGE AND INJURY,1.,0 ,2 ,COLLISION WITH MOTOR VEHICLE,RIGHT ANGLE,TRAFFIC SIGNAL,DAYLIGHT,CLEAR,DRY
6836 ,33522479,MONROE,Penfield,,,N,43.1244395,-77.4414118,07/29/2010,3:31 PM,INJURY,1.,0 ,2 ,COLLISION WITH MOTOR VEHICLE,REAR END,NONE,DAYLIGHT,CLEAR,DRY
6836 ,33522502,MONROE,Pittsford,,,N,43.0978512,-77.5160536,07/29/2010,6:12 PM,PROPERTY DAMAGE AND INJURY,2.,0 ,4 ,COLLISION WITH MOTOR VEHICLE,OTHER,NONE,DAYLIGHT,CLEAR,DRY
6836 ,33522574,MONROE,Henrietta,,253 43011064,Y,43.05888,-77.639688,08/01/2010,1:45 PM,PROPERTY DAMAGE AND INJURY,5.,0 ,4 ,COLLISION WITH MOTOR VEHICLE,OTHER,TRAFFIC SIGNAL,DAYLIGHT,CLEAR,DRY
6836 ,33522625,MONROE,Webster,,,N,43.2407218,-77.5133803,07/25/2010,5:11 PM,INJURY,1.,0 ,1 ,COLL. W/EARTH ELE./ROCK CUT/DITCH,OTHER,NONE,DAYLIGHT,CLEAR,DRY
6836 ,33522678,MONROE,Hamlin,,19 43041114,N,43.295304,-77.9207751,07/28/2010,7:28 AM,PROPERTY DAMAGE AND INJURY,1.,0 ,2 ,COLLISION WITH MOTOR VEHICLE,RIGHT ANGLE,TRAFFIC SIGNAL,DAYLIGHT,CLEAR,DRY
6836 ,33522683,MONROE,Sweden,,,N,43.2054904,-77.9224014,06/26/2010,9:42 PM,PROPERTY DAMAGE AND INJURY,1.,0 ,2 ,COLLISION WITH MOTOR VEHICLE,REAR END,NO PASSING ZONE,DAYLIGHT,CLEAR,DRY
6836 ,33522837,MONROE,Chili,,33 43031069,N,43.1201223,-77.8046647,07/22/2010,6:00 PM,INJURY,1.,0 ,3 ,COLLISION WITH MOTOR VEHICLE,OTHER,STOP SIGN,DAYLIGHT,CLOUDY,DRY
6836 ,33522856,MONROE,Brighton,,441 43011104,N,43.1288267,-77.5226593,08/02/2010,2:30 PM,PROPERTY DAMAGE AND INJURY,1.,0 ,3 ,COLLISION WITH MOTOR VEHICLE,OTHER,TRAFFIC SIGNAL,DAYLIGHT,CLEAR,DRY
6836 ,33522869,MONROE,Webster,,,N,43.2408427,-77.5130737,07/24/2010,12:30 PM,PROPERTY DAMAGE AND INJURY,1.,0 ,2 ,COLLISION WITH MOTOR VEHICLE,REAR END,NONE,DAYLIGHT,CLOUDY,DRY
6836 ,33522916,MONROE,Irondequoit,,,Y,43.176512,-77.553301,07/28/2010,8:54 AM,INJURY,1.,0 ,1 ,COLLISION WITH BICYCLIST,OTHER,STOP SIGN,DAYLIGHT,CLEAR,DRY
6836 ,33522928,MONROE,Greece,,,N,43.223233,-77.641342,08/01/2010,12:11 PM,INJURY,1.,0 ,2 ,COLLISION WITH MOTOR VEHICLE,REAR END,TRAFFIC SIGNAL,DAYLIGHT,CLEAR,DRY
6836 ,33522937,MONROE,Ogden,,31 43031141,N,43.1807917,-77.7639789,07/21/2010,9:00 AM,PROPERTY DAMAGE AND INJURY,1.,0 ,2 ,COLLISION WITH MOTOR VEHICLE,REAR END,NO PASSING ZONE,DAYLIGHT,CLEAR,DRY
6836 ,33523025,MONROE,Brighton,,,N,43.1155613,-77.5868475,08/02/2010,5:55 PM,INJURY,1.,0 ,2 ,COLLISION WITH MOTOR VEHICLE,REAR END,NONE,DAYLIGHT,RAIN,WET
6836 ,33523057,MONROE,Brockport,,,N,43.2200926,-77.9354541,07/19/2010,3:40 PM,PROPERTY DAMAGE AND INJURY,1.,0 ,2 ,COLLISION WITH MOTOR VEHICLE,OVERTAKING,NONE,DAYLIGHT,CLEAR,DRY
6836 ,33523146,MONROE,Rochester,,490I43022018,N,43.1566912,-77.6388809,08/01/2010,10:27 PM,PROPERTY DAMAGE AND INJURY,2.,0 ,2 ,COLLISION WITH MOTOR VEHICLE,REAR END,NONE,DARK-ROAD LIGHTED,CLEAR,DRY
6836 ,33523206,MONROE,Henrietta,,,Y,43.068363,-77.627475,07/27/2010,2:14 PM,PROPERTY DAMAGE AND INJURY,1.,0 ,2 ,COLLISION WITH MOTOR VEHICLE,LEFT TURN (AGAINST OTHER CAR),TRAFFIC SIGNAL,DAYLIGHT,CLEAR,DRY
6836 ,33523210,MONROE,Sweden,,31 43031024,N,43.1983635,-77.9493925,08/01/2010,2:51 PM,INJURY,1.,0 ,2 ,COLLISION WITH MOTOR VEHICLE,LEFT TURN (WITH OTHER CAR),NONE,DAYLIGHT,CLEAR,DRY
6836 ,33523708,MONROE,Greece,,,Y,43.239753,-77.6792779,07/31/2010,6:55 PM,INJURY,1.,0 ,2 ,COLLISION WITH BICYCLIST,OTHER,NONE,DAYLIGHT,CLOUDY,DRY
6836 ,33524021,MONROE,Brighton,,15 43031123,N,43.1066696,-77.6265484,08/03/2010,5:25 PM,PROPERTY DAMAGE AND INJURY,1.,0 ,3 ,COLLISION WITH MOTOR VEHICLE,OTHER,NONE,DAYLIGHT,CLOUDY,WET
6836 ,33524026,MONROE,Perinton,,,Y,43.0791645,-77.4231878,07/29/2010,7:15 PM,PROPERTY DAMAGE AND INJURY,1.,0 ,2 ,COLLISION WITH MOTOR VEHICLE,REAR END,NONE,DAYLIGHT,CLEAR,DRY
6836 ,33524038,MONROE,Irondequoit,,,N,43.2126909,-77.5515172,07/31/2010,8:10 AM,PROPERTY DAMAGE AND INJURY,1.,0 ,1 ,COLLISION WITH BUILDING/WALL,OTHER,NONE,DAYLIGHT,CLEAR,DRY
6836 ,33524044,MONROE,Henrietta,,,Y,43.072627,-77.648417,07/27/2010,12:37 PM,PROPERTY DAMAGE AND INJURY,1.,0 ,2 ,COLLISION WITH MOTOR VEHICLE,REAR END,NONE,DAYLIGHT,CLEAR,DRY
6836 ,33524045,MONROE,Henrietta,,,Y,43.068255,-77.63245,07/27/2010,7:38 AM,INJURY,1.,0 ,1 ,COLLISION WITH BICYCLIST,OTHER,TRAFFIC SIGNAL,DAYLIGHT,CLEAR,DRY
6836 ,33524048,MONROE,Perinton,,31F43011011,N,43.1021916,-77.4655658,08/02/2010,3:50 PM,INJURY,1.,0 ,1 ,COLLISION WITH PEDESTRIAN,OTHER,NONE,DAYLIGHT,CLEAR,DRY
6836 ,33524052,MONROE,Penfield,,,Y,43.1931667,-77.4746747,08/01/2010,2:30 PM,PROPERTY DAMAGE AND INJURY,2.,0 ,2 ,COLLISION WITH MOTOR VEHICLE,REAR END,NONE,DAYLIGHT,CLEAR,DRY
6836 ,33524055,MONROE,Penfield,,,N,43.182369,-77.4846025,08/02/2010,4:09 PM,PROPERTY DAMAGE AND INJURY,1.,0 ,2 ,COLLISION WITH MOTOR VEHICLE,RIGHT ANGLE,TRAFFIC SIGNAL,DAYLIGHT,CLEAR,DRY
6836 ,33524057,MONROE,Brighton,,,N,43.1155472,-77.5874608,08/03/2010,3:29 PM,PROPERTY DAMAGE AND INJURY,4.,0 ,2 ,COLLISION WITH MOTOR VEHICLE,REAR END,NONE,DAYLIGHT,CLOUDY,DRY
6836 ,33524658,MONROE,Rochester,,,Y,43.141925,-77.658323,07/09/2010,5:56 PM,PROPERTY DAMAGE AND INJURY,1.,0 ,2 ,COLLISION WITH MOTOR VEHICLE,RIGHT ANGLE,NONE,DAYLIGHT,RAIN,WET
6836 ,33524751,MONROE,Rochester,,,N,43.1349153,-77.6360025,07/04/2010,2:15 PM,PROPERTY DAMAGE AND INJURY,1.,0 ,2 ,COLLISION WITH MOTOR VEHICLE,LEFT TURN (AGAINST OTHER CAR),UNKNOWN,DAYLIGHT,CLEAR,DRY
6836 ,33524815,MONROE,Rochester,,,N,43.21587,-77.6298454,07/14/2010,11:10 AM,PROPERTY DAMAGE AND INJURY,3.,0 ,4 ,COLLISION WITH MOTOR VEHICLE,OTHER,NONE,DAYLIGHT,CLOUDY,DRY
6836 ,33524818,MONROE,Rochester,,,N,43.202306,-77.6440227,07/12/2010,9:05 PM,PROPERTY DAMAGE AND INJURY,1.,0 ,2 ,COLLISION WITH MOTOR VEHICLE,UNKNOWN,NONE,DUSK,CLEAR,DRY
6836 ,33524830,MONROE,Brighton,,,Y,43.132497,-77.5868991,08/04/2010,11:50 AM,INJURY,1.,0 ,1 ,COLLISION WITH BICYCLIST,OTHER,NONE,DAYLIGHT,CLEAR,DRY
6836 ,33525208,MONROE,Rochester,,,Y,43.159576,-77.61962,07/12/2010,2:01 PM,PROPERTY DAMAGE AND INJURY,1.,0 ,2 ,COLLISION WITH MOTOR VEHICLE,RIGHT ANGLE,TRAFFIC SIGNAL,DAYLIGHT,CLEAR,DRY
6836 ,33525221,MONROE,Rochester,,31 43032050,Y,43.1451752,-77.5912989,07/02/2010,7:25 PM,PROPERTY DAMAGE AND INJURY,1.,0 ,2 ,COLLISION WITH MOTOR VEHICLE,LEFT TURN (AGAINST OTHER CAR),NONE,DUSK,CLEAR,DRY
6836 ,33525464,MONROE,Irondequoit,,47 43013025,N,43.2033746,-77.5485322,07/26/2010,3:00 AM,FATAL,0.,1 ,1 ,COLLISION WITH PEDESTRIAN,OTHER,HIGHWAY WORK AREA,DARK-ROAD LIGHTED,CLEAR,DRY
6836 ,33525522,MONROE,Irondequoit,,47 43013019,N,43.2032801,-77.548725,08/03/2010,5:07 PM,PROPERTY DAMAGE AND INJURY,1.,0 ,3 ,COLLISION WITH MOTOR VEHICLE,OTHER,NONE,DAYLIGHT,CLEAR,DRY
6836 ,33525541,MONROE,Ogden,,259 43011039,Y,43.149746,-77.80572,08/04/2010,12:58 PM,PROPERTY DAMAGE AND INJURY,2.,0 ,2 ,COLLISION WITH MOTOR VEHICLE,RIGHT ANGLE,STOP SIGN,DAYLIGHT,CLEAR,DRY
6836 ,33525570,MONROE,Rochester,,590I43012004,N,43.1393656,-77.552679,08/03/2010,5:30 PM,PROPERTY DAMAGE AND INJURY,2.,0 ,2 ,COLLISION WITH MOTOR VEHICLE,REAR END,NONE,DAYLIGHT,CLEAR,DRY
6836 ,33525585,MONROE,Irondequoit,,47 43013019,N,43.1950428,-77.5462881,08/02/2010,5:10 PM,PROPERTY DAMAGE AND INJURY,1.,0 ,2 ,COLLISION WITH MOTOR VEHICLE,REAR END,NONE,DAYLIGHT,CLEAR,DRY
6836 ,33525663,MONROE,Ogden,,,N,43.1811287,-77.7535233,08/04/2010,5:24 PM,PROPERTY DAMAGE AND INJURY,1.,0 ,1 ,COLLISION WITH DEER,OTHER,NONE,DAYLIGHT,CLEAR,DRY
6836 ,33525837,MONROE,Ogden,,,N,43.1811287,-77.7535233,08/04/2010,5:39 PM,PROPERTY DAMAGE AND INJURY,1.,0 ,4 ,COLLISION WITH MOTOR VEHICLE,OTHER,NONE,DAYLIGHT,CLEAR,DRY
6836 ,33525892,MONROE,Irondequoit,,590 43013011,N,43.1827049,-77.5430803,08/02/2010,5:16 PM,PROPERTY DAMAGE AND INJURY,1.,0 ,3 ,COLLISION WITH MOTOR VEHICLE,OTHER,NONE,DAYLIGHT,CLOUDY,DRY
6836 ,33525893,MONROE,Gates,,,Y,43.174682,-77.7376141,08/04/2010,9:49 AM,PROPERTY DAMAGE AND INJURY,1.,0 ,2 ,COLLISION WITH MOTOR VEHICLE,RIGHT ANGLE,STOP SIGN,DAYLIGHT,CLEAR,DRY
6836 ,33526007,MONROE,Brighton,,31 43033009,Y,43.126453,-77.564608,08/04/2010,8:14 PM,PROPERTY DAMAGE AND INJURY,3.,0 ,2 ,COLLISION WITH MOTOR VEHICLE,REAR END,TRAFFIC SIGNAL,DUSK,CLEAR,DRY
6836 ,33526352,MONROE,Irondequoit,,590 43013013,N,43.1850645,-77.5434687,08/04/2010,5:06 PM,INJURY,2.,0 ,3 ,COLLISION WITH MOTOR VEHICLE,OTHER,NONE,DAYLIGHT,CLEAR,DRY
6836 ,33526414,MONROE,Rochester,,,Y,43.154475,-77.612006,08/04/2010,7:51 AM,INJURY,1.,0 ,2 ,COLLISION WITH MOTOR VEHICLE,LEFT TURN (WITH OTHER CAR),TRAFFIC SIGNAL,DAYLIGHT,CLEAR,DRY
6836 ,33526512,MONROE,Brighton,,,Y,43.125612,-77.5928961,08/05/2010,8:54 AM,PROPERTY DAMAGE AND INJURY,2.,0 ,2 ,COLLISION WITH MOTOR VEHICLE,LEFT TURN (AGAINST OTHER CAR),TRAFFIC SIGNAL,DAYLIGHT,CLEAR,DRY
6836 ,33526597,MONROE,Gates,,,N,43.1498928,-77.6913386,08/04/2010,3:58 PM,INJURY,1.,0 ,2 ,COLLISION WITH MOTOR VEHICLE,REAR END,NONE,DAYLIGHT,CLEAR,DRY
6836 ,33526897,MONROE,Greece,,,Y,43.194319,-77.701428,08/05/2010,3:15 PM,INJURY,1.,0 ,1 ,COLLISION WITH BICYCLIST,OTHER,TRAFFIC SIGNAL,DAYLIGHT,CLOUDY,WET
6836 ,33526903,MONROE,Greece,,,N,43.251101,-77.6964697,08/05/2010,12:14 PM,PROPERTY DAMAGE AND INJURY,1.,0 ,4 ,COLLISION WITH MOTOR VEHICLE,OTHER,TRAFFIC SIGNAL,DAYLIGHT,CLOUDY,DRY
6836 ,33526905,MONROE,Greece,,,Y,43.186914,-77.701511,08/05/2010,8:38 PM,PROPERTY DAMAGE AND INJURY,1.,0 ,2 ,COLLISION WITH MOTOR VEHICLE,RIGHT ANGLE,TRAFFIC SIGNAL,DUSK,CLEAR,DRY
6836 ,33527184,MONROE,Webster,,104 43035089,N,43.2099702,-77.4509064,08/05/2010,7:19 PM,INJURY,1.,0 ,2 ,COLLISION WITH MOTOR VEHICLE,RIGHT ANGLE,STOP SIGN,DAYLIGHT,CLEAR,DRY
6836 ,33527189,MONROE,Webster,,,N,43.200045,-77.4303359,07/23/2010,1:53 PM,PROPERTY DAMAGE AND INJURY,1.,0 ,2 ,COLLISION WITH MOTOR VEHICLE,REAR END,NONE,DAYLIGHT,RAIN,WET
6836 ,33527191,MONROE,Gates,,,N,43.1498974,-77.6907767,08/06/2010,7:55 AM,PROPERTY DAMAGE AND INJURY,1.,0 ,2 ,COLLISION WITH MOTOR VEHICLE,REAR END,NONE,DAYLIGHT,CLOUDY,DRY
6836 ,33527195,MONROE,Gates,,,N,43.1620897,-77.7242758,07/26/2010,2:01 PM,INJURY,1.,0 ,1 ,COLLISION WITH PEDESTRIAN,OTHER,NONE,DAYLIGHT,CLEAR,DRY
6836 ,33527286,MONROE,Brighton,,590I43011027,N,43.108775,-77.5573622,08/06/2010,10:50 AM,PROPERTY DAMAGE AND INJURY,2.,0 ,2 ,COLL. W/EARTH ELE./ROCK CUT/DITCH,HEAD ON,NONE,DAYLIGHT,CLEAR,DRY
6836 ,33527308,MONROE,Rochester,,490I43022069,N,43.143188,-77.547946,08/06/2010,3:52 PM,PROPERTY DAMAGE AND INJURY,1.,0 ,1 ,COLLISION WITH OTHER BARRIER,OTHER,NONE,DAYLIGHT,CLEAR,DRY
6836 ,33527641,MONROE,Perinton,,,Y,43.109703,-77.4633419,08/03/2010,1:59 PM,PROPERTY DAMAGE AND INJURY,2.,0 ,2 ,COLLISION WITH MOTOR VEHICLE,LEFT TURN (WITH OTHER CAR),TRAFFIC SIGNAL,DAYLIGHT,CLEAR,DRY
6836 ,33527642,MONROE,Pittsford,,,N,43.1104164,-77.5068788,08/06/2010,2:23 PM,PROPERTY DAMAGE AND INJURY,1.,0 ,1 ,COLLISION WITH OTHER BARRIER,OTHER,NONE,DAYLIGHT,CLOUDY,DRY
6836 ,33527643,MONROE,Parma,,104 43031092,N,43.2207093,-77.8235321,08/05/2010,2:30 AM,PROPERTY DAMAGE AND INJURY,1.,0 ,1 ,COLLISION WITH TREE,OTHER,NONE,DARK-ROAD UNLIGHTED,CLOUDY,DRY
6836 ,33527648,MONROE,Perinton,,96 43051016,N,43.0481677,-77.4688527,08/05/2010,5:52 PM,PROPERTY DAMAGE AND INJURY,1.,0 ,2 ,COLLISION WITH MOTOR VEHICLE,RIGHT ANGLE,STOP SIGN,DAYLIGHT,CLOUDY,DRY
6836 ,33528026,MONROE,Rochester,,490I43022023,N,43.1570046,-77.6276103,08/06/2010,4:21 PM,PROPERTY DAMAGE AND INJURY,1.,0 ,2 ,COLLISION WITH MOTOR VEHICLE,REAR END,NONE,DAYLIGHT,CLEAR,DRY
6836 ,33528038,MONROE,Irondequoit,,47 43013019,N,43.1937303,-77.5457573,08/07/2010,3:00 PM,PROPERTY DAMAGE AND INJURY,1.,0 ,1 ,COLLISION WITH GUIDE RAIL,OTHER,NONE,DAYLIGHT,CLEAR,DRY
6836 ,33528098,MONROE,Rush,,15A43041055,N,43.0088742,-77.6407398,08/06/2010,12:37 PM,INJURY,1.,0 ,2 ,COLLISION WITH MOTOR VEHICLE,REAR END,NONE,DAYLIGHT,CLOUDY,DRY