QUERYID,CASE #,REGN_CNTY_CDE,Municipality,MUNITYPE,REF_MRKR,ATINTERSECTION_IND,Lat,Long,,Time,Crash Type,Injuries,Fatalities,Number of Vehicles,ACCD_TYP,COLLISION_TYP,TRAF_CNTL,Light Condition,Weather Condition,Road Surface Condition
6836 ,33528099,MONROE,East Rochester,,,Y,43.1152752,-77.4996609,08/08/2010,4:49 PM,PROPERTY DAMAGE AND INJURY,1.,0 ,3 ,COLLISION WITH MOTOR VEHICLE,OTHER,NONE,DAYLIGHT,CLOUDY,DRY
6836 ,33528103,MONROE,Irondequoit,,,N,43.202217,-77.5660668,08/08/2010,11:15 AM,PROPERTY DAMAGE AND INJURY,2.,0 ,3 ,COLLISION WITH MOTOR VEHICLE,OTHER,NONE,DAYLIGHT,CLOUDY,DRY
6836 ,33528327,MONROE,Rochester,,,Y,43.171095,-77.612112,04/16/2010,12:00 AM,INJURY,1.,0 ,2 ,COLLISION WITH MOTOR VEHICLE,RIGHT TURN (AGAINST OTHER CAR),TRAFFIC SIGNAL,UNKNOWN,UNKNOWN,UNKNOWN
6836 ,33528518,MONROE,Chili,,,Y,43.106674,-77.732338,06/17/2010,5:15 PM,PROPERTY DAMAGE AND INJURY,1.,0 ,1 ,OTHER NON-COLLISION,OTHER,UNKNOWN,DAYLIGHT,CLEAR,UNKNOWN
6836 ,33528692,MONROE,Rochester,,,Y,43.187128,-77.59087,07/19/2010,12:00 AM,PROPERTY DAMAGE AND INJURY,1.,0 ,2 ,COLLISION WITH MOTOR VEHICLE,LEFT TURN (AGAINST OTHER CAR),NONE,DAYLIGHT,CLOUDY,DRY
6836 ,33529068,MONROE,Greece,,,N,43.2310715,-77.6693572,08/03/2010,5:00 PM,PROPERTY DAMAGE AND INJURY,2.,0 ,2 ,COLLISION WITH MOTOR VEHICLE,REAR END,NONE,DAYLIGHT,CLEAR,DRY
6836 ,33529072,MONROE,Greece,,,N,43.1869132,-77.7158605,08/07/2010,5:35 PM,PROPERTY DAMAGE AND INJURY,1.,0 ,1 ,COLLISION WITH TREE,OTHER,NONE,DAYLIGHT,CLEAR,DRY
6836 ,33529076,MONROE,Greece,,,Y,43.205698,-77.670283,08/07/2010,9:18 PM,INJURY,1.,0 ,1 ,COLLISION WITH BICYCLIST,OTHER,TRAFFIC SIGNAL,DARK-ROAD LIGHTED,CLEAR,DRY
6836 ,33529305,MONROE,Rochester,,490I43022048,N,43.1418858,-77.5888809,08/06/2010,11:10 PM,PROPERTY DAMAGE AND INJURY,4.,0 ,3 ,COLLISION WITH MOTOR VEHICLE,OTHER,HIGHWAY WORK AREA,DARK-ROAD LIGHTED,CLEAR,DRY
6836 ,33529457,MONROE,Pittsford,,65 43031103,N,43.077331,-77.5465833,07/21/2010,6:58 PM,PROPERTY DAMAGE AND INJURY,1.,0 ,2 ,COLLISION WITH MOTOR VEHICLE,RIGHT ANGLE,TRAFFIC SIGNAL,DAYLIGHT,CLOUDY,WET
6836 ,33529459,MONROE,Fairport,,,Y,43.099017,-77.452239,08/06/2010,6:25 AM,PROPERTY DAMAGE AND INJURY,1.,0 ,1 ,COLLISION WITH FIRE HYDRANT,OTHER,NONE,DAYLIGHT,CLEAR,DRY
6836 ,33529461,MONROE,Penfield,,441 43011062,N,43.1286635,-77.422289,08/02/2010,10:04 PM,PROPERTY DAMAGE AND INJURY,2.,0 ,2 ,COLLISION WITH MOTOR VEHICLE,RIGHT ANGLE,TRAFFIC SIGNAL,DARK-ROAD LIGHTED,CLEAR,DRY
6836 ,33529462,MONROE,Gates,,,N,43.1646979,-77.6801431,08/09/2010,12:15 PM,INJURY,1.,0 ,2 ,COLLISION WITH MOTOR VEHICLE,REAR END,NONE,DAYLIGHT,CLOUDY,DRY
6836 ,33529471,MONROE,Penfield,,,Y,43.133148,-77.492277,08/05/2010,5:15 PM,INJURY,1.,0 ,1 ,COLLISION WITH PEDESTRIAN,OTHER,TRAFFIC SIGNAL,DAYLIGHT,CLOUDY,DRY
6836 ,33529473,MONROE,Pittsford,,31 43033029,N,43.1036597,-77.5391883,07/29/2010,5:39 PM,PROPERTY DAMAGE AND INJURY,1.,0 ,1 ,COLLISION WITH BICYCLIST,OTHER,NONE,DAYLIGHT,CLEAR,DRY
6836 ,33529475,MONROE,Gates,,,N,43.1777822,-77.7390222,08/09/2010,4:15 PM,INJURY,1.,0 ,1 ,COLLISION WITH PEDESTRIAN,OTHER,NONE,DAYLIGHT,CLOUDY,DRY
6836 ,33529481,MONROE,Henrietta,,,N,43.0260293,-77.6811036,08/09/2010,9:42 PM,PROPERTY DAMAGE AND INJURY,2.,0 ,1 ,COLLISION WITH TREE,OTHER,NONE,DARK-ROAD UNLIGHTED,RAIN,WET
6836 ,33529606,MONROE,Henrietta,,390I43031093,N,43.06494,-77.6379916,08/04/2010,9:31 PM,PROPERTY DAMAGE AND INJURY,1.,0 ,2 ,COLLISION WITH MOTOR VEHICLE,REAR END,HIGHWAY WORK AREA,DARK-ROAD UNLIGHTED,CLEAR,DRY
6836 ,33529785,MONROE,Perinton,,,Y,43.079165,-77.4231129,08/05/2010,12:24 PM,PROPERTY DAMAGE AND INJURY,3.,0 ,2 ,COLLISION WITH MOTOR VEHICLE,REAR END,NONE,DAYLIGHT,CLOUDY,DRY
6836 ,33529803,MONROE,Penfield,,441 43011033,N,43.1290751,-77.4794174,08/10/2010,7:01 AM,PROPERTY DAMAGE AND INJURY,1.,0 ,2 ,COLLISION WITH MOTOR VEHICLE,REAR END,NONE,DAYLIGHT,CLOUDY,WET
6836 ,33529859,MONROE,Perinton,,,N,43.0785726,-77.4852692,08/02/2010,6:39 PM,PROPERTY DAMAGE AND INJURY,2.,0 ,2 ,COLLISION WITH MOTOR VEHICLE,REAR END,NONE,DAYLIGHT,RAIN,FLOODED WATER
6836 ,33529925,MONROE,Ogden,,,Y,43.178411,-77.7536473,08/10/2010,5:41 PM,PROPERTY DAMAGE AND INJURY,1.,0 ,2 ,COLLISION WITH MOTOR VEHICLE,OVERTAKING,NONE,DAYLIGHT,CLEAR,DRY
6836 ,33530212,MONROE,Rochester,,,N,43.144757,-77.6011121,07/19/2010,10:34 AM,PROPERTY DAMAGE AND INJURY,2.,0 ,2 ,COLLISION WITH MOTOR VEHICLE,RIGHT ANGLE,TRAFFIC SIGNAL,DAYLIGHT,CLOUDY,DRY
6836 ,33530215,MONROE,Rochester,,,N,43.164633,-77.6433015,07/18/2010,7:49 PM,INJURY,1.,0 ,1 ,COLLISION WITH PEDESTRIAN,OTHER,NONE,DAYLIGHT,CLEAR,DRY
6836 ,33530219,MONROE,Rochester,,,Y,43.186453,-77.613791,06/22/2010,10:30 PM,INJURY,1.,0 ,1 ,COLLISION WITH PEDESTRIAN,OTHER,NONE,DARK-ROAD LIGHTED,CLEAR,DRY
6836 ,33530220,MONROE,Rochester,,,N,43.1499611,-77.6534431,07/17/2010,12:30 AM,PROPERTY DAMAGE AND INJURY,1.,0 ,2 ,COLLISION WITH FENCE,OTHER,STOP SIGN,DARK-ROAD LIGHTED,CLOUDY,DRY
6836 ,33530221,MONROE,Rochester,,,Y,43.157153,-77.606417,07/09/2010,11:57 PM,INJURY,1.,0 ,2 ,COLLISION WITH MOTOR VEHICLE,REAR END,TRAFFIC SIGNAL,DARK-ROAD LIGHTED,CLOUDY,DRY
6836 ,33530222,MONROE,Rochester,,,Y,43.125467,-77.646344,07/17/2010,10:41 PM,INJURY,1.,0 ,2 ,COLLISION WITH MOTOR VEHICLE,RIGHT ANGLE,STOP SIGN,DARK-ROAD LIGHTED,CLEAR,DRY
6836 ,33530224,MONROE,Rochester,,,Y,43.158068,-77.602343,07/15/2010,5:48 PM,INJURY,1.,0 ,1 ,OTHER NON-COLLISION,OTHER,TRAFFIC SIGNAL,DAYLIGHT,CLEAR,DRY
6836 ,33530226,MONROE,Rochester,,,N,43.1538235,-77.6207174,07/16/2010,8:22 PM,PROPERTY DAMAGE AND INJURY,2.,0 ,1 ,COLL. W/LIGHT SUPPORT/UTILITY POLE,OTHER,NONE,DUSK,CLEAR,DRY
6836 ,33530325,MONROE,Brighton,,,N,43.157384,-77.53895,07/17/2010,9:27 PM,INJURY,1.,0 ,2 ,COLLISION WITH MOTOR VEHICLE,REAR END,TRAFFIC SIGNAL,DARK-ROAD LIGHTED,CLOUDY,DRY
6836 ,33530471,MONROE,Greece,,,N,43.1877456,-77.6977239,07/20/2010,7:12 AM,PROPERTY DAMAGE AND INJURY,1.,0 ,2 ,COLLISION WITH MOTOR VEHICLE,REAR END,TRAFFIC SIGNAL,DAYLIGHT,CLEAR,DRY
6836 ,33530487,MONROE,Rochester,,,N,43.1938344,-77.6359238,07/16/2010,8:05 AM,INJURY,1.,0 ,1 ,COLLISION WITH PEDESTRIAN,OTHER,NONE,DAYLIGHT,CLEAR,DRY
6836 ,33530623,MONROE,Irondequoit,,,Y,43.197049,-77.592437,06/23/2010,8:13 AM,PROPERTY DAMAGE AND INJURY,1.,0 ,2 ,COLLISION WITH MOTOR VEHICLE,RIGHT ANGLE,TRAFFIC SIGNAL,DAYLIGHT,CLEAR,DRY
6836 ,33530805,MONROE,Rochester,,,N,43.1709037,-77.627638,07/02/2010,10:10 AM,PROPERTY DAMAGE AND INJURY,1.,0 ,2 ,COLLISION WITH MOTOR VEHICLE,UNKNOWN,TRAFFIC SIGNAL,DAYLIGHT,CLEAR,DRY
6836 ,33530957,MONROE,Rochester,,,Y,43.196192,-77.6388371,07/20/2010,1:50 PM,PROPERTY DAMAGE AND INJURY,1.,0 ,2 ,COLLISION WITH MOTOR VEHICLE,REAR END,NONE,DAYLIGHT,CLEAR,DRY
6836 ,33530958,MONROE,Rochester,,,Y,43.179329,-77.631715,07/20/2010,9:32 PM,INJURY,1.,0 ,1 ,COLLISION WITH BICYCLIST,OTHER,TRAFFIC SIGNAL,DARK-ROAD LIGHTED,CLEAR,DRY
6836 ,33530959,MONROE,Rochester,,,Y,43.149965,-77.6498459,07/22/2010,8:02 PM,INJURY,1.,0 ,1 ,OVERTURNED,OTHER,NONE,DAYLIGHT,CLEAR,DRY
6836 ,33530960,MONROE,Rochester,,,N,43.147191,-77.5882822,07/21/2010,10:43 PM,INJURY,1.,0 ,1 ,COLLISION WITH BICYCLIST,OTHER,NONE,DARK-ROAD LIGHTED,CLOUDY,DRY
6836 ,33530973,MONROE,Rochester,,,Y,43.15725,-77.543379,07/22/2010,5:42 PM,INJURY,1.,0 ,2 ,COLLISION WITH MOTOR VEHICLE,UNKNOWN,TRAFFIC SIGNAL,DAYLIGHT,CLEAR,DRY
6836 ,33530974,MONROE,Rochester,,,Y,43.172445,-77.612523,07/22/2010,6:54 PM,INJURY,2.,0 ,2 ,COLLISION WITH MOTOR VEHICLE,REAR END,UNKNOWN,DAYLIGHT,CLEAR,DRY
6836 ,33530988,MONROE,Rochester,,,Y,43.140415,-77.66543,07/15/2010,7:55 AM,PROPERTY DAMAGE AND INJURY,1.,0 ,1 ,COLLISION WITH CURBING,OTHER,TRAFFIC SIGNAL,DAYLIGHT,CLEAR,DRY
6836 ,33530991,MONROE,Rochester,,,Y,43.1748068,-77.6164915,07/20/2010,12:45 PM,INJURY,1.,0 ,1 ,COLLISION WITH BICYCLIST,OTHER,NONE,DAYLIGHT,CLEAR,DRY
6836 ,33530992,MONROE,Rochester,,,Y,43.114487,-77.622557,07/20/2010,3:57 PM,INJURY,1.,0 ,2 ,COLLISION WITH MOTOR VEHICLE,RIGHT ANGLE,NONE,DAYLIGHT,CLEAR,DRY
6836 ,33530995,MONROE,Rochester,,,Y,43.146064,-77.6054879,07/19/2010,6:50 PM,PROPERTY DAMAGE AND INJURY,2.,0 ,2 ,COLLISION WITH MOTOR VEHICLE,RIGHT ANGLE,TRAFFIC SIGNAL,DAYLIGHT,CLEAR,DRY
6836 ,33531005,MONROE,Rochester,,,N,43.1318981,-77.6360029,07/09/2010,1:42 PM,INJURY,1.,0 ,3 ,COLLISION WITH MOTOR VEHICLE,OTHER,NONE,DAYLIGHT,RAIN,WET
6836 ,33531080,MONROE,Rochester,,,Y,43.230812,-77.626148,07/11/2010,1:14 PM,PROPERTY DAMAGE AND INJURY,1.,0 ,3 ,COLLISION WITH MOTOR VEHICLE,OTHER,TRAFFIC SIGNAL,DAYLIGHT,CLEAR,DRY
6836 ,33531262,MONROE,Greece,,,N,43.2255323,-77.6433157,08/03/2010,5:30 PM,PROPERTY DAMAGE AND INJURY,1.,0 ,4 ,COLLISION WITH MOTOR VEHICLE,OTHER,NONE,DAYLIGHT,CLOUDY,DRY
6836 ,33531274,MONROE,Greece,,,N,43.2167375,-77.7470108,08/04/2010,4:39 PM,PROPERTY DAMAGE AND INJURY,2.,0 ,2 ,COLLISION WITH MOTOR VEHICLE,REAR END,NONE,DAYLIGHT,CLEAR,DRY
6836 ,33531457,MONROE,Hamlin,,19 43041116,N,43.294972,-77.9207839,08/01/2010,3:51 PM,PROPERTY DAMAGE AND INJURY,1.,0 ,1 ,COLL. W/EARTH ELE./ROCK CUT/DITCH,OTHER,NONE,DAYLIGHT,CLOUDY,DRY
6836 ,33531513,MONROE,Webster,,,Y,43.205534,-77.472902,08/10/2010,4:13 PM,PROPERTY DAMAGE AND INJURY,2.,0 ,6 ,COLLISION WITH MOTOR VEHICLE,OTHER,NONE,DAYLIGHT,CLEAR,DRY
6836 ,33531566,MONROE,Greece,,,Y,43.209009,-77.69001,08/10/2010,12:18 PM,INJURY,1.,0 ,2 ,COLLISION WITH MOTOR VEHICLE,REAR END,TRAFFIC SIGNAL,DAYLIGHT,CLEAR,DRY
6836 ,33531615,MONROE,Greece,,18 43031171,Y,43.253263,-77.715608,08/10/2010,12:45 PM,INJURY,1.,0 ,1 ,COLLISION WITH BICYCLIST,OTHER,TRAFFIC SIGNAL,DAYLIGHT,CLEAR,DRY
6836 ,33531638,MONROE,Brighton,,390I43031145,N,43.1115455,-77.6219315,08/10/2010,11:53 PM,PROPERTY DAMAGE AND INJURY,1.,0 ,1 ,COLLISION WITH GUIDE RAIL,OTHER,NONE,DARK-ROAD LIGHTED,CLEAR,DRY
6836 ,33531690,MONROE,Brockport,,19 43041059,Y,43.218129,-77.937709,08/02/2010,4:04 PM,PROPERTY DAMAGE AND INJURY,1.,0 ,2 ,COLLISION WITH MOTOR VEHICLE,RIGHT ANGLE,NONE,DAYLIGHT,CLOUDY,DRY
6836 ,33532030,MONROE,Greece,,,N,43.2638695,-77.6462987,08/11/2010,11:33 PM,PROPERTY DAMAGE AND INJURY,2.,0 ,1 ,COLL. W/LIGHT SUPPORT/UTILITY POLE,OTHER,NONE,DARK-ROAD LIGHTED,CLEAR,DRY
6836 ,33532031,MONROE,Greece,,18 43031176,N,43.2530971,-77.7040561,07/30/2010,8:06 AM,PROPERTY DAMAGE AND INJURY,3.,0 ,2 ,COLLISION WITH MOTOR VEHICLE,RIGHT ANGLE,NONE,DAYLIGHT,CLOUDY,DRY
6836 ,33532301,MONROE,Gates,,,N,43.169248,-77.7009103,08/12/2010,4:33 PM,PROPERTY DAMAGE AND INJURY,1.,0 ,2 ,COLLISION WITH MOTOR VEHICLE,REAR END,NONE,DAYLIGHT,CLEAR,DRY
6836 ,33532302,MONROE,Irondequoit,,,N,43.2093467,-77.6008794,08/10/2010,4:10 AM,INJURY,1.,0 ,1 ,COLLISION WITH PEDESTRIAN,OTHER,NONE,DARK-ROAD LIGHTED,CLOUDY,DRY
6836 ,33532304,MONROE,Webster,,250 43011126,N,43.21571,-77.430219,08/11/2010,5:55 PM,PROPERTY DAMAGE AND INJURY,1.,0 ,2 ,COLLISION WITH MOTOR VEHICLE,REAR END,STOP SIGN,DAYLIGHT,CLEAR,DRY
6836 ,33532306,MONROE,Gates,,386 43011110,N,43.158446,-77.73239,08/11/2010,10:30 PM,PROPERTY DAMAGE AND INJURY,2.,0 ,2 ,COLLISION WITH MOTOR VEHICLE,LEFT TURN (AGAINST OTHER CAR),TRAFFIC SIGNAL,DARK-ROAD LIGHTED,CLEAR,DRY
6836 ,33532307,MONROE,Irondequoit,,,Y,43.21263,-77.598355,08/09/2010,3:50 PM,PROPERTY DAMAGE AND INJURY,1.,0 ,2 ,COLLISION WITH MOTOR VEHICLE,REAR END,NONE,DAYLIGHT,CLOUDY,DRY
6836 ,33532308,MONROE,Rochester,,,N,43.1954886,-77.5613787,08/11/2010,3:53 PM,PROPERTY DAMAGE AND INJURY,1.,0 ,1 ,COLLISION WITH BICYCLIST,OTHER,NONE,DAYLIGHT,CLEAR,DRY
6836 ,33532313,MONROE,Irondequoit,,,Y,43.225454,-77.5989991,08/11/2010,3:20 PM,PROPERTY DAMAGE AND INJURY,1.,0 ,2 ,COLLISION WITH MOTOR VEHICLE,RIGHT ANGLE,NONE,DAYLIGHT,CLEAR,DRY
6836 ,33532317,MONROE,Parma,,259 43011099,N,43.2334522,-77.7919934,08/04/2010,2:22 AM,PROPERTY DAMAGE AND INJURY,1.,0 ,1 ,COLLISION WITH GUIDERAIL - END,OTHER,NONE,DARK-ROAD LIGHTED,CLOUDY,DRY
6836 ,33532601,MONROE,Rochester,,,Y,43.202541,-77.644711,07/23/2010,3:51 PM,PROPERTY DAMAGE AND INJURY,2.,0 ,2 ,COLLISION WITH MOTOR VEHICLE,REAR END,TRAFFIC SIGNAL,DAYLIGHT,CLOUDY,DRY
6836 ,33532621,MONROE,Penfield,,,Y,43.182317,-77.474765,07/13/2010,9:05 AM,INJURY,1.,0 ,2 ,COLLISION WITH MOTOR VEHICLE,REAR END,TRAFFIC SIGNAL,DAYLIGHT,CLEAR,DRY
6836 ,33532959,MONROE,Rochester,,,Y,43.159514,-77.610074,07/16/2010,10:40 AM,PROPERTY DAMAGE AND INJURY,2.,0 ,2 ,COLLISION WITH MOTOR VEHICLE,RIGHT ANGLE,TRAFFIC SIGNAL,DAYLIGHT,RAIN,WET
6836 ,33533227,MONROE,Rochester,,,Y,43.247415,-77.616357,07/14/2010,9:38 PM,PROPERTY DAMAGE AND INJURY,2.,0 ,3 ,COLLISION WITH MOTOR VEHICLE,OTHER,NONE,DARK-ROAD LIGHTED,CLEAR,DRY
6836 ,33533237,MONROE,Rochester,,,Y,43.164638,-77.626276,07/17/2010,9:28 PM,PROPERTY DAMAGE AND INJURY,5.,0 ,3 ,COLLISION WITH MOTOR VEHICLE,OTHER,TRAFFIC SIGNAL,DARK-ROAD LIGHTED,CLEAR,DRY
6836 ,33533462,MONROE,Rochester,,,Y,43.193924,-77.6648659,07/01/2010,12:30 PM,PROPERTY DAMAGE AND INJURY,1.,0 ,2 ,COLLISION WITH MOTOR VEHICLE,REAR END,TRAFFIC SIGNAL,DAYLIGHT,CLEAR,DRY
6836 ,33533606,MONROE,Greece,,,Y,43.208177,-77.685446,06/30/2010,2:19 AM,PROPERTY DAMAGE AND INJURY,1.,0 ,2 ,COLLISION WITH MOTOR VEHICLE,REAR END,NONE,DARK-ROAD LIGHTED,CLEAR,DRY
6836 ,33533767,MONROE,Rochester,,,Y,43.163936,-77.582583,06/23/2010,4:45 PM,INJURY,1.,0 ,3 ,COLLISION WITH MOTOR VEHICLE,OTHER,TRAFFIC SIGNAL,DAYLIGHT,CLEAR,DRY
6836 ,33533770,MONROE,Chili,,383 43011132,N,43.0992678,-77.6775503,05/04/2010,2:50 PM,PROPERTY DAMAGE AND INJURY,1.,0 ,2 ,COLLISION WITH MOTOR VEHICLE,REAR END,NONE,DAYLIGHT,CLEAR,DRY
6836 ,33534134,MONROE,Gates,,490I43021002,N,43.1570659,-77.7012598,08/12/2010,6:00 PM,PROPERTY DAMAGE AND INJURY,1.,0 ,1 ,COLL. W/EARTH ELE./ROCK CUT/DITCH,OTHER,NONE,DAYLIGHT,CLEAR,DRY
6836 ,33534240,MONROE,Brighton,,,Y,43.111727,-77.623926,08/13/2010,1:26 PM,INJURY,1.,0 ,2 ,COLLISION WITH MOTOR VEHICLE,REAR END,TRAFFIC SIGNAL,DAYLIGHT,CLOUDY,OTHER
6836 ,33534243,MONROE,Brighton,,490I43023011,N,43.1336381,-77.5298591,08/12/2010,5:35 PM,PROPERTY DAMAGE AND INJURY,1.,0 ,2 ,COLLISION WITH MOTOR VEHICLE,REAR END,NONE,DAYLIGHT,CLEAR,DRY
6836 ,33534253,MONROE,Perinton,,490I43023059,N,43.077599,-77.484546,08/11/2010,6:01 PM,PROPERTY DAMAGE AND INJURY,1.,0 ,1 ,COLL. W/LIGHT SUPPORT/UTILITY POLE,OTHER,NONE,DAYLIGHT,CLEAR,DRY
6836 ,33534265,MONROE,Ogden,,,Y,43.178386,-77.75356,08/11/2010,2:24 PM,PROPERTY DAMAGE AND INJURY,1.,0 ,1 ,COLLISION WITH CURBING,OTHER,TRAFFIC SIGNAL,DAYLIGHT,CLEAR,DRY
6836 ,33534369,MONROE,Rochester,,,Y,43.144933,-77.57425,07/01/2010,2:18 PM,PROPERTY DAMAGE AND INJURY,2.,0 ,3 ,COLLISION WITH MOTOR VEHICLE,OTHER,NONE,DAYLIGHT,CLEAR,DRY
6836 ,33534370,MONROE,Rochester,,,N,43.1619385,-77.5817283,07/03/2010,11:50 PM,PROPERTY DAMAGE AND INJURY,1.,0 ,2 ,COLLISION WITH MOTOR VEHICLE,LEFT TURN (AGAINST OTHER CAR),NONE,DARK-ROAD LIGHTED,CLEAR,DRY
6836 ,33534533,MONROE,Greece,,,N,43.2192877,-77.6412732,08/12/2010,1:29 PM,PROPERTY DAMAGE AND INJURY,4.,0 ,2 ,COLLISION WITH MOTOR VEHICLE,LEFT TURN (AGAINST OTHER CAR),NONE,DAYLIGHT,CLOUDY,DRY
6836 ,33534737,MONROE,Rush,,15 43031031,N,42.9804824,-77.6756289,08/13/2010,10:11 PM,PROPERTY DAMAGE AND INJURY,1.,0 ,2 ,COLLISION WITH MOTOR VEHICLE,RIGHT ANGLE,STOP SIGN,DARK-ROAD LIGHTED,CLEAR,DRY
6836 ,33534738,MONROE,Riga,,490I43021051,N,43.0936306,-77.8823627,08/13/2010,6:02 PM,INJURY,1.,0 ,1 ,COLL. W/EARTH ELE./ROCK CUT/DITCH,OTHER,NONE,DAYLIGHT,CLEAR,DRY
6836 ,33534742,MONROE,Brighton,,,Y,43.125703,-77.589688,08/14/2010,12:27 PM,PROPERTY DAMAGE AND INJURY,1.,0 ,2 ,COLLISION WITH MOTOR VEHICLE,LEFT TURN (AGAINST OTHER CAR),STOP SIGN,DAYLIGHT,CLEAR,DRY
6836 ,33534743,MONROE,Chili,,,N,43.1259161,-77.7737934,08/12/2010,7:28 PM,PROPERTY DAMAGE AND INJURY,2.,0 ,2 ,COLLISION WITH MOTOR VEHICLE,RIGHT ANGLE,NONE,DAYLIGHT,CLOUDY,DRY
6836 ,33534746,MONROE,Chili,,383 43011081,N,43.075714,-77.7065553,08/12/2010,1:29 AM,PROPERTY DAMAGE AND INJURY,1.,0 ,1 ,COLLISION WITH GUIDE RAIL,OTHER,NONE,DARK-ROAD UNLIGHTED,CLEAR,DRY
6836 ,33534748,MONROE,Hilton,,18 43031109,N,43.2868662,-77.7915332,08/11/2010,5:41 PM,INJURY,1.,0 ,2 ,COLLISION WITH MOTOR VEHICLE,REAR END,NONE,DAYLIGHT,CLEAR,DRY
6836 ,33534750,MONROE,Ogden,,,Y,43.140847,-77.754294,08/13/2010,7:07 AM,PROPERTY DAMAGE AND INJURY,1.,0 ,2 ,COLLISION WITH MOTOR VEHICLE,RIGHT ANGLE,STOP SIGN,DAYLIGHT,CLEAR,DRY
6836 ,33534753,MONROE,Brighton,,,N,43.131703,-77.590227,08/14/2010,3:37 PM,PROPERTY DAMAGE AND INJURY,1.,0 ,2 ,COLLISION WITH MOTOR VEHICLE,RIGHT ANGLE,TRAFFIC SIGNAL,DAYLIGHT,CLEAR,DRY
6836 ,33534762,MONROE,Fairport,,,N,43.0985818,-77.4509958,08/14/2010,8:47 AM,PROPERTY DAMAGE AND INJURY,1.,0 ,1 ,COLLISION WITH TREE,OTHER,NONE,DAYLIGHT,CLEAR,DRY
6836 ,33534768,MONROE,Irondequoit,,,N,43.1988447,-77.5781006,08/13/2010,1:20 PM,PROPERTY DAMAGE AND INJURY,3.,0 ,1 ,COLLISION WITH CURBING,OTHER,NONE,DAYLIGHT,CLOUDY,DRY
6836 ,33534770,MONROE,Gates,,,N,43.1539042,-77.6808666,08/13/2010,10:30 PM,PROPERTY DAMAGE AND INJURY,1.,0 ,2 ,COLLISION WITH MOTOR VEHICLE,REAR END,NONE,DARK-ROAD LIGHTED,CLEAR,DRY
6836 ,33534772,MONROE,Pittsford,,490I43023045,N,43.095592,-77.5011076,08/13/2010,9:13 PM,PROPERTY DAMAGE AND INJURY,2.,0 ,2 ,COLLISION WITH MOTOR VEHICLE,REAR END,NONE,DARK-ROAD UNLIGHTED,CLEAR,DRY
6836 ,33534773,MONROE,Wheatland,,,N,43.0206145,-77.8066915,08/12/2010,10:02 AM,PROPERTY DAMAGE AND INJURY,1.,0 ,1 ,COLLISION WITH TREE,OTHER,NONE,DAYLIGHT,CLOUDY,WET
6836 ,33535032,MONROE,Rochester,,,Y,43.155708,-77.612547,07/02/2010,9:55 PM,INJURY,1.,0 ,1 ,COLLISION WITH PEDESTRIAN,OTHER,TRAFFIC SIGNAL,DARK-ROAD LIGHTED,CLEAR,DRY
6836 ,33535067,MONROE,Rochester,,,N,43.2364352,-77.5583193,07/02/2010,2:53 PM,PROPERTY DAMAGE AND INJURY,3.,0 ,3 ,COLLISION WITH MOTOR VEHICLE,OTHER,NONE,DAYLIGHT,CLEAR,DRY
6836 ,33536861,MONROE,Rochester,,,Y,43.156599,-77.608896,07/02/2010,4:50 PM,PROPERTY DAMAGE AND INJURY,1.,0 ,2 ,COLLISION WITH MOTOR VEHICLE,REAR END,TRAFFIC SIGNAL,DAYLIGHT,CLEAR,DRY
6836 ,33537026,MONROE,Brighton,,,Y,43.125559,-77.594522,08/09/2010,10:12 PM,INJURY,1.,0 ,1 ,COLLISION WITH BICYCLIST,OTHER,STOP SIGN,DARK-ROAD LIGHTED,RAIN,WET
6836 ,33537327,MONROE,Chili,,259 43011018,Y,43.116474,-77.804513,08/13/2010,6:00 PM,PROPERTY DAMAGE AND INJURY,1.,0 ,2 ,COLLISION WITH MOTOR VEHICLE,REAR END,NONE,DAYLIGHT,CLEAR,DRY
6836 ,33537579,MONROE,Rochester,,,Y,43.151567,-77.570601,07/25/2010,6:54 AM,PROPERTY DAMAGE AND INJURY,2.,0 ,2 ,COLLISION WITH MOTOR VEHICLE,LEFT TURN (AGAINST OTHER CAR),TRAFFIC SIGNAL,DAYLIGHT,RAIN,WET
6836 ,33537740,MONROE,Rochester,,,Y,43.161226,-77.610298,07/16/2010,8:48 AM,PROPERTY DAMAGE AND INJURY,2.,0 ,2 ,COLLISION WITH MOTOR VEHICLE,RIGHT ANGLE,TRAFFIC SIGNAL,DAYLIGHT,CLOUDY,DRY
6836 ,33538088,MONROE,Penfield,,,Y,43.130076,-77.4758771,06/18/2010,7:15 AM,PROPERTY DAMAGE AND INJURY,1.,0 ,2 ,COLLISION WITH MOTOR VEHICLE,REAR END,UNKNOWN,UNKNOWN,UNKNOWN,UNKNOWN
6836 ,33538729,MONROE,Rochester,,,Y,43.195471,-77.6388561,06/02/2010,2:06 PM,PROPERTY DAMAGE AND INJURY,1.,0 ,2 ,COLLISION WITH MOTOR VEHICLE,RIGHT ANGLE,STOP SIGN,DAYLIGHT,CLEAR,DRY
6836 ,33538857,MONROE,Rochester,,,Y,43.173259,-77.615266,06/29/2010,7:45 PM,INJURY,1.,0 ,1 ,COLLISION WITH PEDESTRIAN,OTHER,NONE,DAYLIGHT,CLEAR,DRY
6836 ,33539295,MONROE,Rochester,,,Y,43.148474,-77.611754,07/14/2010,9:20 PM,PROPERTY DAMAGE AND INJURY,1.,0 ,2 ,COLLISION WITH MOTOR VEHICLE,UNKNOWN,STOP SIGN,DARK-ROAD LIGHTED,CLEAR,DRY
6836 ,33539588,MONROE,Rochester,,,Y,43.141962,-77.66091,08/02/2010,6:19 PM,INJURY,1.,0 ,1 ,COLLISION WITH BICYCLIST,OTHER,NONE,DAYLIGHT,RAIN,WET