QUERYID,CASE #,REGN_CNTY_CDE,Municipality,MUNITYPE,REF_MRKR,ATINTERSECTION_IND,Lat,Long,,Time,Crash Type,Injuries,Fatalities,Number of Vehicles,ACCD_TYP,COLLISION_TYP,TRAF_CNTL,Light Condition,Weather Condition,Road Surface Condition
6836 ,33539602,MONROE,Rochester,,,N,43.177667,-77.581169,07/27/2010,11:53 PM,INJURY,1.,0 ,1 ,COLLISION WITH TREE,OTHER,NONE,DARK-ROAD LIGHTED,CLEAR,DRY
6836 ,33539807,MONROE,Rochester,,,Y,43.175811,-77.576177,07/29/2010,10:39 AM,PROPERTY DAMAGE AND INJURY,2.,0 ,2 ,COLLISION WITH MOTOR VEHICLE,RIGHT ANGLE,TRAFFIC SIGNAL,DAYLIGHT,CLOUDY,DRY
6836 ,33539905,MONROE,Rochester,,,Y,43.153101,-77.602883,08/01/2010,4:47 PM,INJURY,1.,0 ,2 ,COLLISION WITH MOTOR VEHICLE,LEFT TURN (AGAINST OTHER CAR),TRAFFIC SIGNAL,DAYLIGHT,CLEAR,DRY
6836 ,33539906,MONROE,Rochester,,,Y,43.138627,-77.579749,08/04/2010,6:06 PM,INJURY,1.,0 ,2 ,COLLISION WITH MOTOR VEHICLE,REAR END,NONE,DAYLIGHT,CLEAR,DRY
6836 ,33539931,MONROE,Rochester,,,N,43.137042,-77.552998,06/06/2010,3:45 PM,PROPERTY DAMAGE AND INJURY,1.,0 ,1 ,COLLISION WITH DEER,OTHER,NONE,DAYLIGHT,CLEAR,DRY
6836 ,33539932,MONROE,Rochester,,,Y,43.1830953,-77.5649195,08/04/2010,2:39 PM,INJURY,1.,0 ,2 ,COLLISION WITH MOTOR VEHICLE,UNKNOWN,NONE,DAYLIGHT,CLEAR,DRY
6836 ,33539961,MONROE,Rochester,,,Y,43.162051,-77.5835919,08/01/2010,12:25 PM,PROPERTY DAMAGE AND INJURY,2.,0 ,2 ,COLLISION WITH MOTOR VEHICLE,REAR END,TRAFFIC SIGNAL,DAYLIGHT,CLEAR,DRY
6836 ,33539962,MONROE,Rochester,,,N,43.15329,-77.6114866,08/01/2010,6:30 PM,INJURY,1.,0 ,2 ,COLLISION WITH MOTOR VEHICLE,REAR END,NONE,DAYLIGHT,CLEAR,DRY
6836 ,33539964,MONROE,Rochester,,,N,43.1472761,-77.6451869,08/02/2010,11:17 AM,PROPERTY DAMAGE AND INJURY,1.,0 ,2 ,COLLISION WITH MOTOR VEHICLE,REAR END,NONE,DAYLIGHT,CLEAR,DRY
6836 ,33539967,MONROE,Rochester,,,N,43.1522102,-77.5987055,08/02/2010,1:00 AM,PROPERTY DAMAGE AND INJURY,1.,0 ,1 ,COLL. W/LIGHT SUPPORT/UTILITY POLE,OTHER,OTHER,DARK-ROAD LIGHTED,CLEAR,DRY
6836 ,33539969,MONROE,Rochester,,,Y,43.185122,-77.599461,08/01/2010,7:03 PM,PROPERTY DAMAGE AND INJURY,2.,0 ,2 ,COLLISION WITH MOTOR VEHICLE,LEFT TURN (AGAINST OTHER CAR),NONE,DAYLIGHT,CLEAR,DRY
6836 ,33539970,MONROE,Rochester,,,N,43.1249782,-77.6352486,08/03/2010,5:36 PM,INJURY,2.,0 ,2 ,COLLISION WITH MOTOR VEHICLE,REAR END,TRAFFIC SIGNAL,DAYLIGHT,CLEAR,DRY
6836 ,33539972,MONROE,Rochester,,,N,43.1809349,-77.6402477,08/03/2010,12:14 PM,PROPERTY DAMAGE AND INJURY,1.,0 ,2 ,COLLISION WITH MOTOR VEHICLE,REAR END,NONE,DAYLIGHT,CLEAR,DRY
6836 ,33539975,MONROE,Rochester,,,Y,43.175721,-77.580123,08/01/2010,7:58 PM,INJURY,2.,0 ,2 ,COLLISION WITH MOTOR VEHICLE,REAR END,NONE,DAYLIGHT,CLEAR,DRY
6836 ,33539977,MONROE,Rochester,,,Y,43.144757,-77.6011121,08/04/2010,12:36 PM,PROPERTY DAMAGE AND INJURY,1.,0 ,2 ,COLLISION WITH MOTOR VEHICLE,RIGHT ANGLE,TRAFFIC SIGNAL,DAYLIGHT,CLEAR,DRY
6836 ,33539978,MONROE,Rochester,,,N,43.1244063,-77.6233324,08/04/2010,11:06 AM,PROPERTY DAMAGE AND INJURY,1.,0 ,2 ,COLLISION WITH MOTOR VEHICLE,RIGHT ANGLE,TRAFFIC SIGNAL,DAYLIGHT,CLEAR,DRY
6836 ,33539979,MONROE,Rochester,,,Y,43.16053,-77.6182609,08/04/2010,8:15 AM,INJURY,1.,0 ,2 ,COLLISION WITH MOTOR VEHICLE,REAR END,TRAFFIC SIGNAL,DAYLIGHT,CLEAR,DRY
6836 ,33539980,MONROE,Rochester,,,Y,43.186544,-77.608378,08/03/2010,9:55 AM,INJURY,1.,0 ,2 ,COLLISION WITH MOTOR VEHICLE,UNKNOWN,TRAFFIC SIGNAL,DAYLIGHT,CLOUDY,DRY
6836 ,33539982,MONROE,Rochester,,,N,43.153529,-77.631554,08/04/2010,3:51 PM,INJURY,1.,0 ,2 ,COLLISION WITH MOTOR VEHICLE,RIGHT ANGLE,STOP SIGN,DAYLIGHT,CLEAR,DRY
6836 ,33540081,MONROE,Greece,,,N,43.2385288,-77.6966462,07/10/2010,12:18 PM,INJURY,1.,0 ,2 ,COLLISION WITH MOTOR VEHICLE,REAR END,NONE,DAYLIGHT,CLEAR,DRY
6836 ,33540082,MONROE,Rochester,,,N,43.1874142,-77.6136162,07/14/2010,4:06 PM,INJURY,1.,0 ,2 ,COLLISION WITH MOTOR VEHICLE,REAR END,NONE,DAYLIGHT,CLEAR,DRY
6836 ,33540084,MONROE,Rochester,,940K43011036,N,43.2047025,-77.659091,07/15/2010,12:32 PM,PROPERTY DAMAGE AND INJURY,1.,0 ,2 ,COLLISION WITH GUIDE RAIL,OVERTAKING,NONE,DAYLIGHT,CLEAR,DRY
6836 ,33540097,MONROE,Sweden,,,Y,43.197993,-77.8994651,03/16/2010,7:03 AM,INJURY,1.,0 ,2 ,COLLISION WITH MOTOR VEHICLE,REAR END,UNKNOWN,UNKNOWN,UNKNOWN,UNKNOWN
6836 ,33540134,MONROE,Rochester,,,N,43.1743422,-77.6361322,08/04/2010,3:46 PM,INJURY,1.,0 ,1 ,COLLISION WITH BICYCLIST,OTHER,NONE,DAYLIGHT,CLEAR,DRY
6836 ,33540327,MONROE,Rochester,,,Y,43.176073,-77.6076689,07/24/2010,12:00 AM,PROPERTY DAMAGE AND INJURY,3.,0 ,2 ,COLLISION WITH MOTOR VEHICLE,REAR END,NONE,DAYLIGHT,CLOUDY,DRY
6836 ,33540542,MONROE,Rochester,,,Y,43.159024,-77.623911,07/31/2010,9:15 PM,INJURY,1.,0 ,2 ,COLLISION WITH MOTOR VEHICLE,RIGHT ANGLE,STOP SIGN,DARK-ROAD LIGHTED,CLEAR,DRY
6836 ,33540543,MONROE,Rochester,,,Y,43.160876,-77.589666,07/31/2010,10:59 AM,PROPERTY DAMAGE AND INJURY,1.,0 ,2 ,COLLISION WITH MOTOR VEHICLE,RIGHT ANGLE,TRAFFIC SIGNAL,DAYLIGHT,CLEAR,DRY
6836 ,33540591,MONROE,Rochester,,,Y,43.175373,-77.595141,07/30/2010,5:17 PM,PROPERTY DAMAGE AND INJURY,2.,0 ,2 ,COLLISION WITH MOTOR VEHICLE,UNKNOWN,TRAFFIC SIGNAL,DAYLIGHT,CLEAR,DRY
6836 ,33540594,MONROE,Rochester,,,Y,43.1975334,-77.6332889,07/31/2010,11:37 PM,PROPERTY DAMAGE AND INJURY,1.,0 ,2 ,COLLISION WITH MOTOR VEHICLE,REAR END,TRAFFIC SIGNAL,DARK-ROAD LIGHTED,CLOUDY,DRY
6836 ,33540595,MONROE,Rochester,,,N,43.1646376,-77.6285535,07/31/2010,8:40 AM,INJURY,1.,0 ,2 ,COLLISION WITH MOTOR VEHICLE,UNKNOWN,NONE,DAYLIGHT,CLEAR,DRY
6836 ,33540596,MONROE,Rochester,,,Y,43.13094,-77.65091,07/30/2010,3:14 PM,INJURY,1.,0 ,2 ,COLLISION WITH MOTOR VEHICLE,UNKNOWN,TRAFFIC SIGNAL,DAYLIGHT,CLEAR,DRY
6836 ,33540597,MONROE,Rochester,,,Y,43.149976,-77.6438629,07/30/2010,11:28 AM,INJURY,1.,0 ,2 ,COLLISION WITH MOTOR VEHICLE,REAR END,TRAFFIC SIGNAL,DAYLIGHT,CLOUDY,DRY
6836 ,33540598,MONROE,Rochester,,,N,43.1485047,-77.6475294,07/31/2010,10:52 PM,INJURY,1.,0 ,2 ,COLLISION WITH MOTOR VEHICLE,OVERTAKING,NONE,DARK-ROAD UNLIGHTED,CLOUDY,DRY
6836 ,33540605,MONROE,Rochester,,,N,43.158453,-77.6447374,07/24/2010,9:33 PM,PROPERTY DAMAGE AND INJURY,2.,0 ,2 ,COLLISION WITH MOTOR VEHICLE,RIGHT ANGLE,NONE,DARK-ROAD LIGHTED,CLOUDY,WET
6836 ,33540639,MONROE,Rochester,,,N,43.1748903,-77.6132401,07/31/2010,4:50 PM,INJURY,1.,0 ,1 ,COLLISION WITH PEDESTRIAN,OTHER,TRAFFIC SIGNAL,DAYLIGHT,CLEAR,DRY
6836 ,33540640,MONROE,Rochester,,,Y,43.1838126,-77.6081932,07/16/2010,4:30 PM,PROPERTY DAMAGE AND INJURY,1.,0 ,2 ,COLLISION WITH MOTOR VEHICLE,REAR END,TRAFFIC SIGNAL,DAYLIGHT,CLEAR,DRY
6836 ,33540641,MONROE,Rochester,,,N,43.1827018,-77.6223947,07/31/2010,7:56 PM,INJURY,2.,0 ,1 ,COLLISION WITH BICYCLIST,OTHER,NONE,DAYLIGHT,CLEAR,DRY
6836 ,33540642,MONROE,Rochester,,31 43032046,Y,43.14883,-77.597661,07/27/2010,12:49 AM,PROPERTY DAMAGE AND INJURY,2.,0 ,2 ,COLLISION WITH MOTOR VEHICLE,RIGHT ANGLE,TRAFFIC SIGNAL,DARK-ROAD LIGHTED,CLEAR,DRY
6836 ,33540644,MONROE,Rochester,,,Y,43.1575772,-77.6042691,07/27/2010,5:57 PM,INJURY,1.,0 ,3 ,COLLISION WITH MOTOR VEHICLE,OTHER,NONE,DAYLIGHT,CLEAR,DRY
6836 ,33540645,MONROE,Rochester,,,Y,43.157058,-77.602375,07/30/2010,1:50 PM,INJURY,1.,0 ,1 ,COLLISION WITH PEDESTRIAN,OTHER,TRAFFIC SIGNAL,DAYLIGHT,CLEAR,DRY
6836 ,33540974,MONROE,Rochester,,,Y,43.186544,-77.608378,07/19/2010,5:02 PM,PROPERTY DAMAGE AND INJURY,2.,0 ,3 ,COLLISION WITH MOTOR VEHICLE,OTHER,TRAFFIC SIGNAL,DAYLIGHT,CLEAR,DRY
6836 ,33541404,MONROE,Rochester,,,N,43.1489236,-77.6328439,07/25/2010,9:20 PM,INJURY,1.,0 ,2 ,COLLISION WITH MOTOR VEHICLE,SIDESWIPE,NONE,DARK-ROAD LIGHTED,CLEAR,DRY
6836 ,33541406,MONROE,Rochester,,31 43032053,N,43.142278,-77.586219,07/26/2010,9:35 PM,INJURY,1.,0 ,1 ,COLLISION WITH BICYCLIST,OTHER,TRAFFIC SIGNAL,DARK-ROAD LIGHTED,CLOUDY,DRY
6836 ,33541408,MONROE,Rochester,,96 43052000,Y,43.142639,-77.547828,07/26/2010,2:09 PM,PROPERTY DAMAGE AND INJURY,2.,0 ,2 ,COLLISION WITH MOTOR VEHICLE,LEFT TURN (AGAINST OTHER CAR),TRAFFIC SIGNAL,DAYLIGHT,CLEAR,DRY
6836 ,33541410,MONROE,Rochester,,,Y,43.249715,-77.614751,07/24/2010,5:45 PM,INJURY,2.,0 ,2 ,COLLISION WITH MOTOR VEHICLE,REAR END,TRAFFIC SIGNAL,DAYLIGHT,RAIN,WET
6836 ,33541412,MONROE,Rochester,,,N,43.187352,-77.659592,07/28/2010,12:28 AM,INJURY,1.,0 ,2 ,COLLISION WITH MOTOR VEHICLE,REAR END,TRAFFIC SIGNAL,DARK-ROAD LIGHTED,CLEAR,DRY
6836 ,33541415,MONROE,Rochester,,,N,43.1582303,-77.6151742,07/22/2010,11:36 AM,INJURY,1.,0 ,2 ,COLLISION WITH MOTOR VEHICLE,REAR END,TRAFFIC SIGNAL,DAYLIGHT,CLEAR,DRY
6836 ,33541417,MONROE,Rochester,,,Y,43.146594,-77.632868,07/23/2010,2:15 PM,INJURY,1.,0 ,1 ,COLLISION WITH BICYCLIST,OTHER,NONE,DAYLIGHT,CLOUDY,WET
6836 ,33541420,MONROE,Rochester,,,N,43.164649,-77.65561,07/26/2010,12:55 PM,INJURY,1.,0 ,2 ,COLLISION WITH MOTOR VEHICLE,RIGHT ANGLE,NONE,DAYLIGHT,CLEAR,DRY
6836 ,33541421,MONROE,Rochester,,,N,43.1787203,-77.5765124,07/25/2010,5:03 PM,INJURY,1.,0 ,1 ,COLLISION WITH PEDESTRIAN,OTHER,NONE,DAYLIGHT,CLEAR,DRY
6836 ,33541422,MONROE,Rochester,,,Y,43.137186,-77.597513,07/26/2010,7:50 AM,PROPERTY DAMAGE AND INJURY,1.,0 ,2 ,COLLISION WITH MOTOR VEHICLE,REAR END,NONE,DAYLIGHT,CLOUDY,DRY
6836 ,33541424,MONROE,Rochester,,,Y,43.155041,-77.594424,07/26/2010,2:20 AM,INJURY,1.,0 ,1 ,OTHER NON-COLLISION,OTHER,NONE,DARK-ROAD LIGHTED,CLEAR,DRY
6836 ,33541425,MONROE,Rochester,,,N,43.175783,-77.6133181,07/24/2010,10:10 PM,INJURY,1.,0 ,1 ,COLLISION WITH BICYCLIST,OTHER,NONE,DARK-ROAD LIGHTED,UNKNOWN,UNKNOWN
6836 ,33541426,MONROE,Rochester,,,N,43.193306,-77.592204,07/13/2010,9:30 PM,INJURY,1.,0 ,1 ,COLLISION WITH BICYCLIST,OTHER,TRAFFIC SIGNAL,DARK-ROAD LIGHTED,CLEAR,DRY
6836 ,33541440,MONROE,Rochester,,,Y,43.147772,-77.5765961,07/16/2010,8:03 PM,INJURY,1.,0 ,1 ,COLLISION WITH BICYCLIST,OTHER,NONE,DAYLIGHT,CLEAR,DRY
6836 ,33541443,MONROE,Rochester,,,N,43.1518643,-77.6338819,07/14/2010,7:42 AM,INJURY,2.,0 ,2 ,COLLISION WITH MOTOR VEHICLE,RIGHT ANGLE,STOP SIGN,DAYLIGHT,CLEAR,DRY
6836 ,33541528,MONROE,Rochester,,,Y,43.201942,-77.62791,08/03/2010,1:00 PM,INJURY,2.,0 ,3 ,COLLISION WITH MOTOR VEHICLE,OTHER,TRAFFIC SIGNAL,DAYLIGHT,CLEAR,DRY
6836 ,33541558,MONROE,Rochester,,,Y,43.154475,-77.612006,08/05/2010,4:51 PM,INJURY,1.,0 ,2 ,COLLISION WITH MOTOR VEHICLE,REAR END,TRAFFIC SIGNAL,DAYLIGHT,CLEAR,DRY
6836 ,33541561,MONROE,Rochester,,,Y,43.184084,-77.568381,08/06/2010,9:55 AM,INJURY,2.,0 ,2 ,COLLISION WITH MOTOR VEHICLE,RIGHT ANGLE,STOP SIGN,DAYLIGHT,CLEAR,DRY
6836 ,33541562,MONROE,Rochester,,,N,43.1779885,-77.5802517,08/05/2010,8:07 PM,INJURY,1.,0 ,2 ,COLLISION WITH MOTOR VEHICLE,UNKNOWN,NONE,DAYLIGHT,CLEAR,DRY
6836 ,33541563,MONROE,Rochester,,,N,43.1416735,-77.661754,08/06/2010,8:19 AM,PROPERTY DAMAGE AND INJURY,1.,0 ,2 ,COLLISION WITH MOTOR VEHICLE,RIGHT ANGLE,NONE,DAYLIGHT,CLEAR,DRY
6836 ,33541566,MONROE,Rochester,,,Y,43.160067,-77.6076169,08/05/2010,8:45 AM,PROPERTY DAMAGE AND INJURY,2.,0 ,2 ,COLLISION WITH MOTOR VEHICLE,RIGHT ANGLE,TRAFFIC SIGNAL,DAYLIGHT,CLOUDY,WET
6836 ,33541588,MONROE,Rochester,,,Y,43.186958,-77.59569,07/09/2010,2:30 PM,INJURY,2.,0 ,2 ,COLLISION WITH MOTOR VEHICLE,REAR END,TRAFFIC SIGNAL,DAYLIGHT,CLEAR,DRY
6836 ,33541590,MONROE,Rochester,,,N,43.1877061,-77.5740729,07/27/2010,1:23 PM,PROPERTY DAMAGE AND INJURY,1.,0 ,2 ,COLLISION WITH MOTOR VEHICLE,UNKNOWN,NONE,DAYLIGHT,CLEAR,DRY
6836 ,33541591,MONROE,Rochester,,,N,43.187708,-77.5762979,07/28/2010,4:40 PM,INJURY,1.,0 ,2 ,COLLISION WITH MOTOR VEHICLE,REAR END,NONE,DAYLIGHT,CLOUDY,DRY
6836 ,33541652,MONROE,Rochester,,,N,43.1822186,-77.6388423,07/23/2010,1:32 AM,INJURY,1.,0 ,2 ,COLLISION WITH MOTOR VEHICLE,OVERTAKING,NONE,DARK-ROAD LIGHTED,CLEAR,DRY
6836 ,33541653,MONROE,Rochester,,,N,43.1648957,-77.6223393,07/11/2010,5:20 AM,PROPERTY DAMAGE AND INJURY,1.,0 ,1 ,COLL. W/LIGHT SUPPORT/UTILITY POLE,OTHER,NONE,DAWN,CLEAR,DRY
6836 ,33541654,MONROE,Rochester,,,N,43.1680463,-77.5715724,07/16/2010,7:30 PM,INJURY,1.,0 ,1 ,COLLISION WITH PEDESTRIAN,OTHER,NONE,DUSK,CLOUDY,DRY
6836 ,33541677,MONROE,Rochester,,,N,43.1636094,-77.579981,07/28/2010,12:36 PM,INJURY,1.,0 ,1 ,COLLISION WITH PEDESTRIAN,OTHER,NONE,DAYLIGHT,CLEAR,DRY
6836 ,33541678,MONROE,Rochester,,,Y,43.172421,-77.6000779,07/29/2010,1:30 PM,PROPERTY DAMAGE AND INJURY,1.,0 ,2 ,COLLISION WITH MOTOR VEHICLE,REAR END,NONE,DAYLIGHT,CLEAR,DRY
6836 ,33541679,MONROE,Rochester,,,N,43.1888623,-77.561034,07/28/2010,5:33 PM,INJURY,1.,0 ,2 ,COLLISION WITH MOTOR VEHICLE,REAR END,NONE,DAYLIGHT,CLOUDY,DRY
6836 ,33541681,MONROE,Rochester,,,N,43.177494,-77.6134303,07/29/2010,4:54 PM,INJURY,3.,0 ,2 ,COLLISION WITH MOTOR VEHICLE,SIDESWIPE,NONE,DAYLIGHT,CLEAR,DRY
6836 ,33541683,MONROE,Rochester,,,Y,43.164629,-77.632426,07/29/2010,3:40 PM,PROPERTY DAMAGE AND INJURY,1.,0 ,2 ,COLLISION WITH MOTOR VEHICLE,REAR END,TRAFFIC SIGNAL,DAYLIGHT,CLEAR,DRY
6836 ,33541684,MONROE,Rochester,,,Y,43.142218,-77.640741,07/28/2010,12:08 PM,PROPERTY DAMAGE AND INJURY,1.,0 ,2 ,COLLISION WITH MOTOR VEHICLE,UNKNOWN,STOP SIGN,DAYLIGHT,CLOUDY,DRY
6836 ,33542304,MONROE,Rochester,,,Y,43.153101,-77.602883,07/31/2010,9:57 PM,INJURY,1.,0 ,1 ,COLLISION WITH BICYCLIST,OTHER,TRAFFIC SIGNAL,DARK-ROAD LIGHTED,CLEAR,DRY
6836 ,33542488,MONROE,Rochester,,,Y,43.180985,-77.591452,06/28/2010,2:42 PM,INJURY,1.,0 ,1 ,COLLISION WITH PEDESTRIAN,OTHER,TRAFFIC SIGNAL,DAYLIGHT,CLEAR,DRY
6836 ,33542712,MONROE,Rochester,,,Y,43.171322,-77.568608,08/07/2010,1:30 PM,PROPERTY DAMAGE AND INJURY,1.,0 ,3 ,COLLISION WITH MOTOR VEHICLE,OTHER,NONE,DAYLIGHT,CLEAR,DRY
6836 ,33542737,MONROE,Rochester,,,Y,43.145301,-77.651002,06/18/2010,12:10 PM,INJURY,1.,0 ,2 ,COLLISION WITH MOTOR VEHICLE,REAR END,TRAFFIC SIGNAL,DAYLIGHT,CLEAR,DRY
6836 ,33542981,MONROE,Rochester,,,Y,43.156189,-77.549427,07/28/2010,5:08 PM,INJURY,1.,0 ,1 ,COLLISION WITH PEDESTRIAN,OTHER,NONE,DAYLIGHT,CLOUDY,DRY
6836 ,33543019,MONROE,Rochester,,,Y,43.157153,-77.606417,08/05/2010,2:37 PM,INJURY,1.,0 ,1 ,COLLISION WITH PEDESTRIAN,OTHER,TRAFFIC SIGNAL,DAYLIGHT,CLEAR,DRY
6836 ,33543135,MONROE,Rochester,,,Y,43.148141,-77.642641,08/04/2010,7:40 AM,PROPERTY DAMAGE AND INJURY,3.,0 ,3 ,COLLISION WITH MOTOR VEHICLE,OTHER,NONE,DAYLIGHT,CLEAR,DRY
6836 ,33543325,MONROE,Rochester,,,N,43.1693776,-77.5954061,07/17/2010,11:29 PM,FATAL,0.,1 ,1 ,COLLISION WITH CURBING,OTHER,NONE,DARK-ROAD LIGHTED,CLOUDY,DRY
6836 ,33543327,MONROE,Rochester,,,N,43.1714775,-77.6279351,07/16/2010,11:35 AM,PROPERTY DAMAGE AND INJURY,7.,0 ,3 ,COLLISION WITH MOTOR VEHICLE,OTHER,TRAFFIC SIGNAL,DAYLIGHT,CLEAR,DRY
6836 ,33543367,MONROE,Rochester,,,Y,43.185122,-77.599461,07/17/2010,7:45 PM,PROPERTY DAMAGE AND INJURY,2.,0 ,3 ,COLLISION WITH MOTOR VEHICLE,OTHER,NONE,DAYLIGHT,CLEAR,DRY
6836 ,33543373,MONROE,Rochester,,,N,43.1433646,-77.5881465,07/13/2010,7:32 PM,PROPERTY DAMAGE AND INJURY,1.,0 ,3 ,COLLISION WITH MOTOR VEHICLE,OTHER,NONE,DAYLIGHT,CLEAR,DRY
6836 ,33543390,MONROE,Rochester,,,Y,43.164676,-77.572922,07/23/2010,5:05 PM,INJURY,1.,0 ,3 ,COLLISION WITH MOTOR VEHICLE,OTHER,STOP SIGN,DAYLIGHT,CLEAR,DRY
6836 ,33543410,MONROE,Rochester,,,N,43.180932,-77.595442,07/24/2010,10:21 PM,INJURY,1.,0 ,2 ,COLLISION WITH MOTOR VEHICLE,REAR END,TRAFFIC SIGNAL,DAYLIGHT,RAIN,WET
6836 ,33543411,MONROE,Rochester,,,Y,43.153874,-77.5565375,07/22/2010,2:56 PM,INJURY,1.,0 ,1 ,COLLISION WITH BICYCLIST,OTHER,NONE,DAYLIGHT,CLEAR,DRY
6836 ,33543435,MONROE,Rochester,,,N,43.1814394,-77.6029458,07/22/2010,1:24 PM,PROPERTY DAMAGE AND INJURY,1.,0 ,3 ,COLLISION WITH MOTOR VEHICLE,OTHER,NONE,DAYLIGHT,CLEAR,DRY
6836 ,33543436,MONROE,Rochester,,,N,43.1423844,-77.6421478,07/11/2010,5:58 PM,INJURY,1.,0 ,1 ,COLLISION WITH PEDESTRIAN,OTHER,NONE,DAYLIGHT,CLEAR,DRY
6836 ,33543442,MONROE,Rochester,,,Y,43.164647,-77.652958,07/23/2010,7:56 PM,INJURY,1.,0 ,3 ,COLLISION WITH MOTOR VEHICLE,OTHER,NONE,DAYLIGHT,CLEAR,DRY
6836 ,33543444,MONROE,Rochester,,,Y,43.160362,-77.622055,07/02/2010,4:40 PM,INJURY,2.,0 ,2 ,COLLISION WITH MOTOR VEHICLE,OVERTAKING,STOP SIGN,DAYLIGHT,CLEAR,DRY
6836 ,33543466,MONROE,Rochester,,,Y,43.154112,-77.590747,07/12/2010,4:02 PM,INJURY,1.,0 ,1 ,COLLISION WITH BICYCLIST,OTHER,NONE,DAYLIGHT,CLOUDY,DRY
6836 ,33543502,MONROE,Greece,,,N,43.206627,-77.676202,07/21/2010,10:58 PM,PROPERTY DAMAGE AND INJURY,2.,0 ,2 ,COLLISION WITH MOTOR VEHICLE,REAR END,TRAFFIC SIGNAL,DARK-ROAD LIGHTED,CLOUDY,DRY
6836 ,33543512,MONROE,Rochester,,,Y,43.175956,-77.571564,07/17/2010,4:54 AM,PROPERTY DAMAGE AND INJURY,2.,0 ,2 ,COLLISION WITH MOTOR VEHICLE,UNKNOWN,STOP SIGN,DAWN,CLEAR,DRY
6836 ,33543516,MONROE,Rochester,,,N,43.1614469,-77.6075468,07/20/2010,5:00 PM,PROPERTY DAMAGE AND INJURY,1.,0 ,4 ,COLLISION WITH FENCE,OTHER,NONE,DAYLIGHT,CLEAR,DRY
6836 ,33543517,MONROE,Rochester,,,Y,43.171872,-77.605577,07/21/2010,6:39 PM,PROPERTY DAMAGE AND INJURY,2.,0 ,2 ,COLLISION WITH BUILDING/WALL,OTHER,NONE,DAYLIGHT,CLOUDY,DRY
6836 ,33543533,MONROE,Rochester,,,N,43.1864555,-77.6136036,07/21/2010,8:04 AM,PROPERTY DAMAGE AND INJURY,1.,0 ,2 ,COLLISION WITH MOTOR VEHICLE,REAR END,NONE,DAYLIGHT,CLEAR,DRY
6836 ,33543534,MONROE,Rochester,,,Y,43.181677,-77.586954,07/20/2010,4:27 PM,PROPERTY DAMAGE AND INJURY,1.,0 ,3 ,COLLISION WITH MOTOR VEHICLE,OTHER,NONE,DAYLIGHT,CLOUDY,DRY
6836 ,33543925,MONROE,Rochester,,,N,43.1460053,-77.6421159,07/11/2010,5:58 PM,FATAL,0.,1 ,1 ,COLLISION WITH PEDESTRIAN,OTHER,NONE,DAYLIGHT,CLEAR,DRY
6836 ,33544518,MONROE,Rochester,,,N,43.141813,-77.594786,07/23/2010,6:54 PM,PROPERTY DAMAGE AND INJURY,1.,0 ,1 ,COLLISION WITH BICYCLIST,OTHER,TRAFFIC SIGNAL,DAYLIGHT,CLEAR,DRY
6836 ,33544678,MONROE,Irondequoit,,,N,43.1967545,-77.595276,08/12/2010,7:05 AM,FATAL,0.,1 ,1 ,COLLISION WITH PEDESTRIAN,OTHER,NONE,DAYLIGHT,CLOUDY,DRY
6836 ,33544700,MONROE,Rochester,,,Y,43.152039,-77.6598411,08/04/2010,8:56 AM,INJURY,1.,0 ,2 ,COLLISION WITH MOTOR VEHICLE,OVERTAKING,TRAFFIC SIGNAL,DAYLIGHT,CLEAR,DRY
6836 ,33544701,MONROE,Rochester,,,N,43.159341,-77.64399,07/30/2010,12:00 PM,PROPERTY DAMAGE AND INJURY,3.,0 ,2 ,COLLISION WITH MOTOR VEHICLE,RIGHT ANGLE,TRAFFIC SIGNAL,DAYLIGHT,CLEAR,DRY
6836 ,33544990,MONROE,Rochester,,490I43022032,N,43.1517167,-77.6134269,08/11/2010,9:47 AM,PROPERTY DAMAGE AND INJURY,1.,0 ,1 ,COLLISION WITH GUIDE RAIL,OTHER,NONE,DAYLIGHT,CLEAR,DRY
6836 ,33545012,MONROE,Gates,,490I43021181,N,43.1571415,-77.6737505,08/15/2010,11:01 AM,PROPERTY DAMAGE AND INJURY,2.,0 ,2 ,COLLISION WITH OTHER BARRIER,RIGHT ANGLE,NONE,DAYLIGHT,RAIN,WET
6836 ,33545143,MONROE,Henrietta,,15A43041109,Y,43.082731,-77.607429,08/12/2010,1:53 PM,INJURY,1.,0 ,2 ,COLLISION WITH MOTOR VEHICLE,REAR END,TRAFFIC SIGNAL,DAYLIGHT,RAIN,WET
6836 ,33545145,MONROE,Rush,,15 43031054,N,43.0135405,-77.6673174,08/15/2010,2:20 PM,PROPERTY DAMAGE AND INJURY,1.,0 ,2 ,COLLISION WITH MOTOR VEHICLE,REAR END,NONE,DAYLIGHT,RAIN,WET
6836 ,33545152,MONROE,Henrietta,,15A43041100,Y,43.068677,-77.607728,08/14/2010,2:59 PM,PROPERTY DAMAGE AND INJURY,3.,0 ,3 ,COLLISION WITH MOTOR VEHICLE,OTHER,TRAFFIC SIGNAL,DAYLIGHT,CLEAR,DRY
6836 ,33545156,MONROE,Sweden,,,Y,43.188853,-77.879452,07/21/2010,5:54 AM,PROPERTY DAMAGE AND INJURY,2.,0 ,3 ,COLLISION WITH MOTOR VEHICLE,OTHER,NONE,DAWN,CLEAR,DRY
6836 ,33545157,MONROE,Sweden,,260 43011011,N,43.2135281,-77.8942184,07/31/2010,12:23 PM,PROPERTY DAMAGE AND INJURY,1.,0 ,2 ,COLLISION WITH MOTOR VEHICLE,REAR END,NONE,DAYLIGHT,CLEAR,DRY
6836 ,33545461,MONROE,Rochester,,,N,43.180496,-77.610812,07/15/2010,2:52 PM,PROPERTY DAMAGE AND INJURY,1.,0 ,2 ,COLLISION WITH MOTOR VEHICLE,RIGHT ANGLE,TRAFFIC SIGNAL,DAYLIGHT,CLEAR,DRY
6836 ,33545502,MONROE,Rochester,,,Y,43.146659,-77.64701,08/06/2010,9:09 PM,INJURY,1.,0 ,2 ,COLLISION WITH MOTOR VEHICLE,REAR END,UNKNOWN,DAYLIGHT,CLEAR,DRY