QUERYID,CASE #,REGN_CNTY_CDE,Municipality,MUNITYPE,REF_MRKR,ATINTERSECTION_IND,Lat,Long,,Time,Crash Type,Injuries,Fatalities,Number of Vehicles,ACCD_TYP,COLLISION_TYP,TRAF_CNTL,Light Condition,Weather Condition,Road Surface Condition
6836 ,33545518,MONROE,Rochester,,,Y,43.175373,-77.595141,07/04/2010,1:53 AM,PROPERTY DAMAGE AND INJURY,2.,0 ,2 ,COLLISION WITH MOTOR VEHICLE,RIGHT ANGLE,FLASHING LIGHT,DARK-ROAD LIGHTED,CLEAR,DRY
6836 ,33545565,MONROE,Rochester,,,N,43.1244063,-77.6233324,05/16/2010,6:43 AM,INJURY,1.,0 ,1 ,COLLISION WITH PEDESTRIAN,OTHER,NONE,DAWN,CLEAR,DRY
6836 ,33545624,MONROE,Rochester,,,N,43.1412172,-77.6631111,07/21/2010,12:38 PM,INJURY,1.,0 ,2 ,COLLISION WITH PEDESTRIAN,OTHER,NONE,DAYLIGHT,CLOUDY,DRY
6836 ,33545772,MONROE,Rochester,,490I43021181,N,43.1571608,-77.6735843,08/16/2010,4:47 PM,PROPERTY DAMAGE AND INJURY,1.,0 ,2 ,COLLISION WITH MOTOR VEHICLE,REAR END,NONE,DAYLIGHT,CLOUDY,DRY
6836 ,33545800,MONROE,Gates,,,Y,43.169535,-77.701549,08/17/2010,2:32 PM,INJURY,1.,0 ,2 ,COLLISION WITH MOTOR VEHICLE,REAR END,TRAFFIC SIGNAL,DAYLIGHT,CLEAR,DRY
6836 ,33545953,MONROE,Gates,,,N,43.1286404,-77.6971983,08/17/2010,5:13 PM,PROPERTY DAMAGE AND INJURY,1.,0 ,1 ,OTHER NON-COLLISION,OTHER,NONE,DAYLIGHT,CLEAR,DRY
6836 ,33546071,MONROE,Greece,,,N,43.2824857,-77.6936803,08/17/2010,10:36 AM,INJURY,1.,0 ,1 ,COLLISION WITH CURBING,OTHER,NONE,DAYLIGHT,CLEAR,DRY
6836 ,33546112,MONROE,Clarkson,,104 43031017,N,43.2466205,-77.9652613,08/15/2010,8:18 PM,PROPERTY DAMAGE AND INJURY,3.,0 ,2 ,COLLISION WITH MOTOR VEHICLE,RIGHT ANGLE,NONE,DAWN,CLOUDY,DRY
6836 ,33546392,MONROE,Rochester,,,Y,43.173856,-77.6697341,07/20/2010,4:04 PM,INJURY,1.,0 ,1 ,COLLISION WITH BICYCLIST,OTHER,TRAFFIC SIGNAL,DAYLIGHT,CLEAR,DRY
6836 ,33546395,MONROE,Rochester,,,Y,43.263161,-77.615866,08/04/2010,7:52 PM,PROPERTY DAMAGE AND INJURY,2.,0 ,2 ,COLLISION WITH MOTOR VEHICLE,OVERTAKING,NONE,DAYLIGHT,CLEAR,DRY
6836 ,33546758,MONROE,Pittsford,,,Y,43.054185,-77.518923,08/17/2010,2:10 PM,INJURY,2.,0 ,2 ,COLLISION WITH MOTOR VEHICLE,HEAD ON,TRAFFIC SIGNAL,DAYLIGHT,CLOUDY,DRY
6836 ,33546765,MONROE,Ogden,,,N,43.1652673,-77.8050877,08/17/2010,1:16 PM,PROPERTY DAMAGE AND INJURY,1.,0 ,1 ,OVERTURNED,OTHER,MAINTENANCE WORK AREA,DAYLIGHT,CLEAR,DRY
6836 ,33546766,MONROE,Penfield,,441 43011053,N,43.1307961,-77.4393714,08/13/2010,1:28 PM,INJURY,2.,0 ,1 ,OVERTURNED,OTHER,NONE,DAYLIGHT,CLOUDY,DRY
6836 ,33546767,MONROE,Brighton,,590 43011000,N,43.1502968,-77.5396073,08/16/2010,5:41 PM,INJURY,1.,0 ,2 ,COLLISION WITH MOTOR VEHICLE,REAR END,NONE,DAYLIGHT,CLEAR,DRY
6836 ,33546769,MONROE,Webster,,,Y,43.202768,-77.462266,08/17/2010,7:48 PM,PROPERTY DAMAGE AND INJURY,1.,0 ,2 ,COLLISION WITH MOTOR VEHICLE,RIGHT ANGLE,STOP SIGN,DUSK,CLOUDY,DRY
6836 ,33546771,MONROE,Brighton,,15A43041128,N,43.108007,-77.615937,08/18/2010,10:02 PM,INJURY,1.,0 ,2 ,COLLISION WITH MOTOR VEHICLE,RIGHT ANGLE,TRAFFIC SIGNAL,DARK-ROAD LIGHTED,CLEAR,DRY
6836 ,33546773,MONROE,Penfield,,,N,43.1530326,-77.4336096,08/09/2010,8:29 PM,INJURY,1.,0 ,1 ,COLLISION WITH PEDESTRIAN,OTHER,NONE,DARK-ROAD LIGHTED,RAIN,WET
6836 ,33546779,MONROE,Pittsford,,31 43033029,N,43.103199,-77.5387139,08/17/2010,5:30 PM,INJURY,1.,0 ,2 ,COLLISION WITH MOTOR VEHICLE,REAR END,NONE,DAYLIGHT,CLEAR,DRY
6836 ,33546963,MONROE,Greece,,,N,43.2442649,-77.6965556,08/18/2010,4:57 PM,INJURY,1.,0 ,1 ,COLL. W/LIGHT SUPPORT/UTILITY POLE,OTHER,NONE,DAYLIGHT,CLOUDY,DRY
6836 ,33547202,MONROE,Chili,,,N,43.0450112,-77.7542934,08/08/2010,11:35 AM,INJURY,1.,0 ,1 ,COLLISION WITH OTHER,OTHER,NONE,DAYLIGHT,CLOUDY,DRY
6836 ,33547257,MONROE,Brockport,,19 43041058,N,43.2152788,-77.9385639,08/16/2010,2:41 PM,INJURY,1.,0 ,2 ,COLLISION WITH MOTOR VEHICLE,REAR END,NONE,DAYLIGHT,CLEAR,DRY
6836 ,33547258,MONROE,Penfield,,,N,43.1424145,-77.4735147,08/13/2010,8:52 AM,PROPERTY DAMAGE AND INJURY,2.,0 ,2 ,COLLISION WITH MOTOR VEHICLE,REAR END,NONE,DAYLIGHT,CLEAR,DRY
6836 ,33547259,MONROE,Parma,,104 43031088,N,43.2211948,-77.8314092,06/20/2010,12:14 AM,PROPERTY DAMAGE AND INJURY,2.,0 ,2 ,COLLISION WITH MOTOR VEHICLE,RIGHT ANGLE,NONE,DARK-ROAD UNLIGHTED,CLEAR,DRY
6836 ,33547264,MONROE,Penfield,,,Y,43.186109,-77.502858,08/08/2010,1:02 PM,PROPERTY DAMAGE AND INJURY,1.,0 ,3 ,COLLISION WITH MOTOR VEHICLE,OTHER,NONE,DAYLIGHT,CLOUDY,DRY
6836 ,33547269,MONROE,Henrietta,,,Y,43.057807,-77.6568481,08/19/2010,8:25 AM,INJURY,3.,0 ,2 ,COLLISION WITH MOTOR VEHICLE,HEAD ON,NONE,DAYLIGHT,CLEAR,DRY
6836 ,33547272,MONROE,Ogden,,259 43011054,N,43.1704402,-77.8048352,08/14/2010,12:37 PM,PROPERTY DAMAGE AND INJURY,1.,0 ,1 ,COLL. W/EARTH ELE./ROCK CUT/DITCH,OTHER,NONE,DAYLIGHT,CLOUDY,DRY
6836 ,33547273,MONROE,Pittsford,,,N,43.0808788,-77.4942383,08/07/2010,11:05 AM,PROPERTY DAMAGE AND INJURY,1.,0 ,2 ,COLLISION WITH MOTOR VEHICLE,RIGHT ANGLE,NONE,DAYLIGHT,CLEAR,DRY
6836 ,33547280,MONROE,Penfield,,,N,43.1597336,-77.412259,08/15/2010,11:35 AM,PROPERTY DAMAGE AND INJURY,2.,0 ,2 ,COLLISION WITH MOTOR VEHICLE,RIGHT ANGLE,STOP SIGN,DAYLIGHT,RAIN,WET
6836 ,33547287,MONROE,Brighton,,252 43011047,Y,43.0923175,-77.679104,08/16/2010,6:00 PM,PROPERTY DAMAGE AND INJURY,4.,0 ,2 ,COLLISION WITH MOTOR VEHICLE,HEAD ON,TRAFFIC SIGNAL,DAYLIGHT,CLEAR,DRY
6836 ,33547290,MONROE,Penfield,,250 43011088,N,43.1602752,-77.431549,08/11/2010,9:30 AM,PROPERTY DAMAGE AND INJURY,2.,0 ,2 ,COLLISION WITH MOTOR VEHICLE,REAR END,TRAFFIC SIGNAL,DAYLIGHT,CLEAR,DRY
6836 ,33547291,MONROE,Brighton,,,N,43.1253564,-77.6001548,08/19/2010,10:51 AM,INJURY,1.,0 ,1 ,COLLISION WITH CURBING,OTHER,NONE,DAYLIGHT,CLEAR,DRY
6836 ,33547292,MONROE,Brighton,,,Y,43.126035,-77.5781134,08/19/2010,8:08 AM,INJURY,1.,0 ,3 ,COLLISION WITH MOTOR VEHICLE,OTHER,NONE,DAYLIGHT,CLEAR,DRY
6836 ,33547599,MONROE,Gates,,,N,43.1313854,-77.6881577,06/25/2010,6:00 PM,INJURY,1.,0 ,1 ,COLLISION WITH PEDESTRIAN,OTHER,NONE,DAYLIGHT,CLEAR,DRY
6836 ,33547601,MONROE,Sweden,,31 43031060,N,43.1981685,-77.9161891,08/13/2010,3:30 PM,PROPERTY DAMAGE AND INJURY,1.,0 ,2 ,COLLISION WITH MOTOR VEHICLE,UNKNOWN,NONE,DAYLIGHT,CLEAR,DRY
6836 ,33547605,MONROE,Henrietta,,,N,43.0798164,-77.6247752,07/12/2010,2:30 PM,INJURY,1.,0 ,1 ,COLLISION WITH PEDESTRIAN,OTHER,NONE,DAYLIGHT,CLEAR,DRY
6836 ,33547630,MONROE,Penfield,,,Y,43.189866,-77.5039131,08/18/2010,10:12 AM,PROPERTY DAMAGE AND INJURY,1.,0 ,3 ,COLLISION WITH MOTOR VEHICLE,OTHER,TRAFFIC SIGNAL,DAYLIGHT,CLEAR,DRY
6836 ,33547959,MONROE,Gates,,,Y,43.172342,-77.701578,08/19/2010,5:17 PM,PROPERTY DAMAGE AND INJURY,1.,0 ,3 ,COLLISION WITH MOTOR VEHICLE,OTHER,NONE,DAYLIGHT,CLOUDY,DRY
6836 ,33548033,MONROE,Gates,,,Y,43.164584,-77.711592,08/20/2010,2:00 PM,INJURY,1.,0 ,2 ,COLLISION WITH MOTOR VEHICLE,REAR END,TRAFFIC SIGNAL,DAYLIGHT,CLEAR,DRY
6836 ,33548037,MONROE,Chili,,33A43021104,N,43.1060426,-77.7483858,08/01/2010,3:16 PM,PROPERTY DAMAGE AND INJURY,3.,0 ,2 ,COLLISION WITH MOTOR VEHICLE,REAR END,NONE,DAYLIGHT,CLEAR,DRY
6836 ,33548166,MONROE,Webster,,,N,43.213737,-77.5155469,08/13/2010,11:00 PM,PROPERTY DAMAGE AND INJURY,1.,0 ,2 ,COLLISION WITH MOTOR VEHICLE,LEFT TURN (AGAINST OTHER CAR),TRAFFIC SIGNAL,DARK-ROAD LIGHTED,CLEAR,DRY
6836 ,33548654,MONROE,Rochester,,,N,43.1417725,-77.6171467,08/02/2010,5:40 PM,INJURY,1.,0 ,1 ,COLLISION WITH MOTOR VEHICLE,OTHER,TRAFFIC SIGNAL,DAYLIGHT,RAIN,WET
6836 ,33548655,MONROE,Rochester,,,N,43.1353948,-77.650953,08/07/2010,9:17 PM,INJURY,1.,0 ,1 ,COLLISION WITH PEDESTRIAN,OTHER,NONE,DUSK,CLEAR,DRY
6836 ,33549046,MONROE,East Rochester,,,Y,43.113218,-77.4924229,08/15/2010,7:15 PM,INJURY,1.,0 ,2 ,COLLISION WITH MOTOR VEHICLE,RIGHT TURN (WITH OTHER CAR),STOP SIGN,DAYLIGHT,CLEAR,DRY
6836 ,33549174,MONROE,Henrietta,,,Y,43.087262,-77.609249,08/16/2010,4:39 PM,PROPERTY DAMAGE AND INJURY,1.,0 ,2 ,COLLISION WITH MOTOR VEHICLE,RIGHT ANGLE,TRAFFIC SIGNAL,DAYLIGHT,CLEAR,DRY
6836 ,33549389,MONROE,Brighton,,590 43011000,N,43.1081003,-77.5833884,08/17/2010,1:13 PM,PROPERTY DAMAGE AND INJURY,1.,0 ,2 ,COLLISION WITH MOTOR VEHICLE,REAR END,NONE,DAYLIGHT,CLOUDY,DRY
6836 ,33549392,MONROE,Rochester,,490I43022062,N,43.1445885,-77.5615731,08/16/2010,5:07 PM,PROPERTY DAMAGE AND INJURY,1.,0 ,3 ,COLLISION WITH MOTOR VEHICLE,OTHER,NONE,DAYLIGHT,CLEAR,DRY
6836 ,33549464,MONROE,Greece,,,N,43.2071316,-77.6784407,08/20/2010,5:48 PM,INJURY,1.,0 ,2 ,COLLISION WITH MOTOR VEHICLE,REAR END,TRAFFIC SIGNAL,DAYLIGHT,CLOUDY,DRY
6836 ,33549467,MONROE,Greece,,,Y,43.186929,-77.732212,08/20/2010,4:26 PM,PROPERTY DAMAGE AND INJURY,2.,0 ,3 ,COLLISION WITH MOTOR VEHICLE,OTHER,NONE,DAYLIGHT,CLEAR,DRY
6836 ,33549470,MONROE,Greece,,,Y,43.245197,-77.64163,08/20/2010,12:40 PM,PROPERTY DAMAGE AND INJURY,1.,0 ,2 ,COLLISION WITH MOTOR VEHICLE,RIGHT ANGLE,STOP SIGN,DAYLIGHT,CLOUDY,DRY
6836 ,33549732,MONROE,Henrietta,,15 43031088,N,43.0586763,-77.6520808,08/18/2010,9:08 PM,PROPERTY DAMAGE AND INJURY,2.,0 ,2 ,COLLISION WITH MOTOR VEHICLE,LEFT TURN (AGAINST OTHER CAR),TRAFFIC SIGNAL,DARK-ROAD LIGHTED,CLOUDY,DRY
6836 ,33549736,MONROE,Penfield,,,N,43.1284134,-77.4218423,08/17/2010,4:40 PM,PROPERTY DAMAGE AND INJURY,2.,0 ,2 ,COLLISION WITH MOTOR VEHICLE,REAR END,NONE,DAYLIGHT,CLOUDY,DRY
6836 ,33549799,MONROE,Webster,,,N,43.2133031,-77.4748905,08/19/2010,2:03 PM,PROPERTY DAMAGE AND INJURY,1.,0 ,2 ,COLLISION WITH MOTOR VEHICLE,REAR END,YIELD SIGN,DAYLIGHT,CLEAR,DRY
6836 ,33550000,MONROE,Rochester,,590I43012003,N,43.1425787,-77.550337,08/22/2010,1:20 AM,PROPERTY DAMAGE AND INJURY,1.,0 ,1 ,COLLISION WITH OTHER BARRIER,OTHER,NONE,DARK-ROAD LIGHTED,RAIN,WET
6836 ,33550059,MONROE,Sweden,,,N,43.2080857,-77.9573278,08/20/2010,11:14 PM,PROPERTY DAMAGE AND INJURY,2.,0 ,2 ,COLLISION WITH MOTOR VEHICLE,HEAD ON,NONE,DARK-ROAD LIGHTED,CLEAR,DRY
6836 ,33550062,MONROE,Gates,,,Y,43.174682,-77.7376141,08/22/2010,5:36 PM,PROPERTY DAMAGE AND INJURY,1.,0 ,2 ,COLLISION WITH MOTOR VEHICLE,REAR END,NONE,DAYLIGHT,CLOUDY,DRY
6836 ,33550064,MONROE,Henrietta,,,Y,43.087046,-77.581938,08/20/2010,9:32 AM,INJURY,1.,0 ,2 ,COLLISION WITH MOTOR VEHICLE,RIGHT ANGLE,TRAFFIC SIGNAL,DAYLIGHT,CLEAR,DRY
6836 ,33550150,MONROE,Rochester,,,N,43.183724,-77.599374,06/18/2010,7:42 PM,INJURY,1.,0 ,1 ,COLLISION WITH PEDESTRIAN,OTHER,NONE,DAYLIGHT,CLEAR,DRY
6836 ,33550600,MONROE,Penfield,,,N,43.1823995,-77.5075268,08/20/2010,3:01 PM,INJURY,1.,0 ,1 ,COLLISION WITH PEDESTRIAN,OTHER,NONE,DAYLIGHT,CLEAR,DRY
6836 ,33550723,MONROE,Henrietta,,15 43031113,N,43.0926345,-77.6338246,08/23/2010,3:15 PM,PROPERTY DAMAGE AND INJURY,2.,0 ,2 ,COLLISION WITH MOTOR VEHICLE,HEAD ON,NONE,DAYLIGHT,CLOUDY,DRY
6836 ,33550990,MONROE,Brighton,,,Y,43.105104,-77.627356,08/23/2010,1:11 PM,INJURY,1.,0 ,2 ,COLLISION WITH MOTOR VEHICLE,REAR END,TRAFFIC SIGNAL,DAYLIGHT,CLOUDY,DRY
6836 ,33551002,MONROE,Brighton,,590I43011013,N,43.108365,-77.5852307,08/23/2010,4:18 PM,PROPERTY DAMAGE AND INJURY,1.,0 ,1 ,COLL. W/EARTH ELE./ROCK CUT/DITCH,OTHER,NONE,DAYLIGHT,CLOUDY,DRY
6836 ,33551012,MONROE,Greece,,,N,43.2450958,-77.6591583,08/21/2010,12:22 PM,PROPERTY DAMAGE AND INJURY,1.,0 ,2 ,COLLISION WITH MOTOR VEHICLE,RIGHT ANGLE,NONE,DAYLIGHT,CLOUDY,DRY
6836 ,33551034,MONROE,Brighton,,15 43031121,Y,43.104245,-77.62779,08/23/2010,10:56 PM,PROPERTY DAMAGE AND INJURY,1.,0 ,2 ,COLLISION WITH MOTOR VEHICLE,REAR END,TRAFFIC SIGNAL,DARK-ROAD LIGHTED,RAIN,WET
6836 ,33551110,MONROE,Henrietta,,252 43011107,N,43.0873627,-77.5633754,08/20/2010,3:32 AM,PROPERTY DAMAGE AND INJURY,1.,0 ,1 ,COLLISION WITH TREE,OTHER,NONE,DARK-ROAD UNLIGHTED,CLOUDY,DRY
6836 ,33551146,MONROE,Gates,,390 43011000,N,43.1593391,-77.6825576,08/22/2010,8:24 AM,PROPERTY DAMAGE AND INJURY,1.,0 ,2 ,COLLISION WITH MOTOR VEHICLE,REAR END,NONE,DAYLIGHT,RAIN,WET
6836 ,33551188,MONROE,Hamlin,,,Y,43.313512,-77.916845,08/20/2010,6:15 PM,PROPERTY DAMAGE AND INJURY,5.,0 ,2 ,COLLISION WITH MOTOR VEHICLE,REAR END,STOP SIGN,DAYLIGHT,CLEAR,DRY
6836 ,33551996,MONROE,Henrietta,,15 43031070,N,43.030298,-77.667425,08/08/2010,10:26 AM,PROPERTY DAMAGE AND INJURY,2.,0 ,2 ,COLLISION WITH MOTOR VEHICLE,REAR END,NONE,DAYLIGHT,CLOUDY,DRY
6836 ,33552018,MONROE,Rochester,,,Y,43.135025,-77.636003,08/10/2010,9:37 PM,INJURY,1.,0 ,2 ,COLLISION WITH MOTOR VEHICLE,REAR END,TRAFFIC SIGNAL,DARK-ROAD LIGHTED,CLEAR,DRY
6836 ,33552032,MONROE,Greece,,,N,43.1812998,-77.7281648,08/06/2010,12:19 PM,PROPERTY DAMAGE AND INJURY,1.,0 ,2 ,COLLISION WITH MOTOR VEHICLE,RIGHT ANGLE,NONE,DAYLIGHT,CLEAR,DRY
6836 ,33552033,MONROE,Greece,,,Y,43.208886,-77.69004,08/09/2010,11:19 PM,PROPERTY DAMAGE AND INJURY,3.,0 ,2 ,COLLISION WITH MOTOR VEHICLE,REAR END,TRAFFIC SIGNAL,DARK-ROAD LIGHTED,CLOUDY,WET
6836 ,33552041,MONROE,Rochester,,,N,43.143877,-77.6393477,08/11/2010,8:30 PM,INJURY,1.,0 ,1 ,COLLISION WITH PEDESTRIAN,OTHER,NONE,DAYLIGHT,CLEAR,DRY
6836 ,33552042,MONROE,Rochester,,,Y,43.152734,-77.6254409,08/12/2010,3:49 PM,PROPERTY DAMAGE AND INJURY,1.,0 ,2 ,COLLISION WITH MOTOR VEHICLE,UNKNOWN,NONE,DAYLIGHT,CLOUDY,DRY
6836 ,33552043,MONROE,Rochester,,,N,43.1698666,-77.5950663,08/12/2010,8:00 AM,INJURY,1.,0 ,2 ,COLLISION WITH MOTOR VEHICLE,REAR END,UNKNOWN,DAYLIGHT,CLEAR,DRY
6836 ,33552044,MONROE,Rochester,,,Y,43.178351,-77.607828,08/11/2010,6:29 PM,INJURY,1.,0 ,2 ,COLLISION WITH MOTOR VEHICLE,SIDESWIPE,NONE,DAYLIGHT,CLEAR,DRY
6836 ,33552045,MONROE,Rochester,,,Y,43.145438,-77.5553219,08/11/2010,7:40 PM,INJURY,1.,0 ,2 ,COLLISION WITH MOTOR VEHICLE,REAR END,TRAFFIC SIGNAL,DAYLIGHT,CLEAR,DRY
6836 ,33552046,MONROE,Rochester,,,Y,43.147771,-77.59583,08/10/2010,5:10 PM,PROPERTY DAMAGE AND INJURY,3.,0 ,2 ,COLLISION WITH MOTOR VEHICLE,HEAD ON,NONE,DAYLIGHT,CLEAR,DRY
6836 ,33552047,MONROE,Rochester,,,Y,43.1534506,-77.5881249,08/07/2010,5:08 PM,PROPERTY DAMAGE AND INJURY,1.,0 ,2 ,COLLISION WITH MOTOR VEHICLE,OVERTAKING,TRAFFIC SIGNAL,DAYLIGHT,CLEAR,DRY
6836 ,33552049,MONROE,Rochester,,,Y,43.178823,-77.575776,08/12/2010,7:40 AM,INJURY,1.,0 ,2 ,COLLISION WITH MOTOR VEHICLE,REAR END,TRAFFIC SIGNAL,DAYLIGHT,CLOUDY,DRY
6836 ,33552052,MONROE,Rochester,,,N,43.2036609,-77.6593339,08/11/2010,7:00 PM,PROPERTY DAMAGE AND INJURY,3.,0 ,2 ,COLLISION WITH MOTOR VEHICLE,REAR END,NONE,DAYLIGHT,CLEAR,DRY
6836 ,33552053,MONROE,Rochester,,,N,43.2019129,-77.6386956,08/11/2010,5:24 PM,INJURY,1.,0 ,2 ,COLLISION WITH MOTOR VEHICLE,REAR END,TRAFFIC SIGNAL,DAYLIGHT,CLEAR,DRY
6836 ,33552055,MONROE,Rochester,,,Y,43.159024,-77.623911,08/10/2010,9:10 AM,PROPERTY DAMAGE AND INJURY,1.,0 ,2 ,COLLISION WITH MOTOR VEHICLE,RIGHT ANGLE,STOP SIGN,DAYLIGHT,CLEAR,DRY
6836 ,33552056,MONROE,Rochester,,,N,43.141043,-77.5952632,08/11/2010,9:49 AM,INJURY,2.,0 ,2 ,COLLISION WITH MOTOR VEHICLE,REAR END,TRAFFIC SIGNAL,DAYLIGHT,CLEAR,DRY
6836 ,33552062,MONROE,Rochester,,,Y,43.161595,-77.607478,08/10/2010,10:52 AM,PROPERTY DAMAGE AND INJURY,2.,0 ,2 ,COLLISION WITH MOTOR VEHICLE,RIGHT ANGLE,TRAFFIC SIGNAL,DAYLIGHT,CLOUDY,DRY
6836 ,33552066,MONROE,Rochester,,,N,43.1357428,-77.6389607,08/05/2010,6:14 PM,INJURY,1.,0 ,1 ,COLLISION WITH BICYCLIST,OTHER,NONE,DAYLIGHT,CLEAR,DRY
6836 ,33552067,MONROE,Rochester,,,Y,43.185287,-77.638884,08/08/2010,12:17 PM,PROPERTY DAMAGE AND INJURY,1.,0 ,2 ,COLLISION WITH MOTOR VEHICLE,LEFT TURN (WITH OTHER CAR),TRAFFIC SIGNAL,DAYLIGHT,CLOUDY,DRY
6836 ,33552068,MONROE,Rochester,,,Y,43.173944,-77.6292,08/09/2010,5:32 PM,PROPERTY DAMAGE AND INJURY,1.,0 ,2 ,COLLISION WITH MOTOR VEHICLE,REAR END,NONE,DAYLIGHT,RAIN,WET
6836 ,33552070,MONROE,Rochester,,,Y,43.154089,-77.605099,08/13/2010,11:07 PM,PROPERTY DAMAGE AND INJURY,2.,0 ,2 ,COLLISION WITH MOTOR VEHICLE,RIGHT ANGLE,TRAFFIC SIGNAL,DARK-ROAD LIGHTED,CLEAR,DRY
6836 ,33552362,MONROE,Rochester,,,Y,43.173199,-77.582057,08/13/2010,5:28 PM,INJURY,1.,0 ,1 ,COLLISION WITH BICYCLIST,OTHER,STOP SIGN,DAYLIGHT,CLEAR,DRY
6836 ,33552363,MONROE,Rochester,,,N,43.1742367,-77.5770144,08/13/2010,7:05 PM,INJURY,1.,0 ,1 ,COLLISION WITH PEDESTRIAN,OTHER,NONE,DAYLIGHT,CLEAR,DRY
6836 ,33552364,MONROE,Rochester,,,N,43.1692247,-77.5847041,08/07/2010,4:51 AM,PROPERTY DAMAGE AND INJURY,1.,0 ,2 ,COLLISION WITH FIRE HYDRANT,RIGHT ANGLE,NONE,DARK-ROAD LIGHTED,CLEAR,DRY
6836 ,33552365,MONROE,Rochester,,,Y,43.167362,-77.616907,08/09/2010,4:08 PM,INJURY,1.,0 ,3 ,COLLISION WITH MOTOR VEHICLE,OTHER,TRAFFIC SIGNAL,DAYLIGHT,CLEAR,DRY
6836 ,33552366,MONROE,Rochester,,,N,43.1793495,-77.6224811,08/04/2010,4:30 PM,INJURY,1.,0 ,1 ,COLLISION WITH PEDESTRIAN,OTHER,NONE,DAYLIGHT,CLEAR,DRY
6836 ,33552449,MONROE,Rochester,,,Y,43.152039,-77.6598411,08/13/2010,5:40 PM,INJURY,1.,0 ,3 ,COLLISION WITH MOTOR VEHICLE,OTHER,TRAFFIC SIGNAL,DAYLIGHT,CLEAR,DRY
6836 ,33552450,MONROE,Rochester,,,Y,43.180938,-77.6394981,08/13/2010,4:50 PM,INJURY,1.,0 ,1 ,COLLISION WITH PEDESTRIAN,OTHER,TRAFFIC SIGNAL,DAYLIGHT,CLEAR,DRY
6836 ,33552810,MONROE,Penfield,,286 43011048,N,43.1602862,-77.4498222,08/16/2010,9:38 AM,PROPERTY DAMAGE AND INJURY,1.,0 ,3 ,COLLISION WITH MOTOR VEHICLE,OTHER,STOP SIGN,DAYLIGHT,CLEAR,DRY
6836 ,33552965,MONROE,Penfield,,441 43011121,N,43.1263313,-77.4993595,08/19/2010,12:22 PM,PROPERTY DAMAGE AND INJURY,1.,0 ,2 ,COLLISION WITH MOTOR VEHICLE,REAR END,NONE,DAYLIGHT,CLEAR,DRY
6836 ,33552976,MONROE,Irondequoit,,,Y,43.177028,-77.5382749,08/22/2010,3:03 PM,PROPERTY DAMAGE AND INJURY,3.,0 ,2 ,COLLISION WITH MOTOR VEHICLE,RIGHT ANGLE,TRAFFIC SIGNAL,DAYLIGHT,CLOUDY,DRY
6836 ,33553078,MONROE,Sweden,,,Y,43.212973,-77.96844,08/12/2010,9:34 AM,PROPERTY DAMAGE AND INJURY,1.,0 ,2 ,COLLISION WITH MOTOR VEHICLE,REAR END,NONE,DAYLIGHT,CLOUDY,DRY
6836 ,33553152,MONROE,Greece,,,Y,43.191963,-77.680173,08/23/2010,8:11 AM,PROPERTY DAMAGE AND INJURY,1.,0 ,2 ,COLLISION WITH MOTOR VEHICLE,LEFT TURN (AGAINST OTHER CAR),TRAFFIC SIGNAL,DAYLIGHT,RAIN,WET
6836 ,33553381,MONROE,Greece,,,N,43.1944562,-77.7014262,08/24/2010,12:00 PM,PROPERTY DAMAGE AND INJURY,1.,0 ,2 ,COLLISION WITH MOTOR VEHICLE,REAR END,TRAFFIC SIGNAL,DAYLIGHT,CLEAR,DRY
6836 ,33553496,MONROE,Greece,,,N,43.2421017,-77.6468387,08/20/2010,3:41 PM,INJURY,1.,0 ,1 ,COLLISION WITH PEDESTRIAN,OTHER,NONE,DAYLIGHT,CLEAR,DRY
6836 ,33553576,MONROE,Greece,,,N,43.2503232,-77.646805,08/20/2010,11:41 AM,INJURY,1.,0 ,2 ,COLLISION WITH MOTOR VEHICLE,LEFT TURN (AGAINST OTHER CAR),NONE,DAYLIGHT,CLEAR,DRY
6836 ,33553660,MONROE,Greece,,,N,43.2530488,-77.6997223,08/24/2010,1:14 PM,PROPERTY DAMAGE AND INJURY,1.,0 ,1 ,COLLISION WITH OTHER FIXED OBJECT,OTHER,NONE,DAYLIGHT,CLEAR,DRY
6836 ,33553697,MONROE,Greece,,,N,43.1869004,-77.7016598,08/23/2010,3:35 PM,PROPERTY DAMAGE AND INJURY,1.,0 ,2 ,COLLISION WITH MOTOR VEHICLE,REAR END,TRAFFIC SIGNAL,DAYLIGHT,CLOUDY,WET
6836 ,33554005,MONROE,Rochester,,,Y,43.18581,-77.5684351,08/13/2010,9:54 AM,PROPERTY DAMAGE AND INJURY,1.,0 ,1 ,COLLISION WITH CURBING,OTHER,NONE,DAYLIGHT,CLEAR,DRY
6836 ,33554362,MONROE,Perinton,,96 43051001,N,43.0355863,-77.4471552,08/24/2010,4:02 PM,PROPERTY DAMAGE AND INJURY,1.,0 ,2 ,COLLISION WITH MOTOR VEHICLE,REAR END,NONE,DAYLIGHT,CLOUDY,DRY
6836 ,33554374,MONROE,Pittsford,,252 43011127,N,43.087355,-77.5231037,07/06/2010,2:15 PM,INJURY,1.,0 ,1 ,COLLISION WITH PEDESTRIAN,OTHER,TRAFFIC SIGNAL,DAYLIGHT,CLEAR,DRY
6836 ,33554382,MONROE,Irondequoit,,,Y,43.199078,-77.577022,08/26/2010,9:20 AM,INJURY,2.,0 ,3 ,COLLISION WITH MOTOR VEHICLE,OTHER,TRAFFIC SIGNAL,DAYLIGHT,CLOUDY,DRY
6836 ,33554385,MONROE,Sweden,,,N,43.198203,-77.9185846,08/25/2010,6:03 AM,PROPERTY DAMAGE AND INJURY,2.,0 ,1 ,COLL. W/LIGHT SUPPORT/UTILITY POLE,OTHER,NONE,DARK-ROAD UNLIGHTED,CLOUDY,DRY