QUERYID,CASE #,REGN_CNTY_CDE,Municipality,MUNITYPE,REF_MRKR,ATINTERSECTION_IND,Lat,Long,,Time,Crash Type,Injuries,Fatalities,Number of Vehicles,ACCD_TYP,COLLISION_TYP,TRAF_CNTL,Light Condition,Weather Condition,Road Surface Condition
6836 ,33554389,MONROE,Spencerport,,259 43011069,Y,43.190008,-77.8012359,08/24/2010,8:45 AM,PROPERTY DAMAGE AND INJURY,1.,0 ,2 ,COLLISION WITH MOTOR VEHICLE,HEAD ON,NO PASSING ZONE,DAYLIGHT,CLEAR,DRY
6836 ,33554393,MONROE,Penfield,,,N,43.1457183,-77.4383675,08/23/2010,12:41 PM,PROPERTY DAMAGE AND INJURY,2.,0 ,3 ,COLLISION WITH MOTOR VEHICLE,OTHER,NONE,DAYLIGHT,CLOUDY,DRY
6836 ,33554404,MONROE,Brighton,,15 43031126,Y,43.11019,-77.624761,08/26/2010,1:55 PM,INJURY,1.,0 ,2 ,COLLISION WITH MOTOR VEHICLE,REAR END,TRAFFIC SIGNAL,DAYLIGHT,CLOUDY,DRY
6836 ,33554409,MONROE,Brighton,,,N,43.094013,-77.633076,08/26/2010,4:57 PM,INJURY,1.,0 ,2 ,COLLISION WITH MOTOR VEHICLE,LEFT TURN (AGAINST OTHER CAR),TRAFFIC SIGNAL,DAYLIGHT,CLOUDY,DRY
6836 ,33554583,MONROE,Rochester,,104 43032029,N,43.191536,-77.6086887,08/26/2010,3:56 PM,PROPERTY DAMAGE AND INJURY,2.,0 ,1 ,COLLISION WITH BICYCLIST,OTHER,TRAFFIC SIGNAL,DAYLIGHT,CLOUDY,DRY
6836 ,33554706,MONROE,Chili,,,N,43.045043,-77.7533741,08/25/2010,6:52 AM,PROPERTY DAMAGE AND INJURY,1.,0 ,1 ,COLLISION WITH OTHER,OTHER,NONE,DAYLIGHT,CLOUDY,DRY
6836 ,33554985,MONROE,Rochester,,,Y,43.192995,-77.561265,08/26/2010,11:13 AM,PROPERTY DAMAGE AND INJURY,1.,0 ,2 ,COLLISION WITH MOTOR VEHICLE,RIGHT ANGLE,NONE,DAYLIGHT,CLOUDY,DRY
6836 ,33554993,MONROE,Brighton,,,N,43.1154299,-77.5925034,08/27/2010,7:53 AM,PROPERTY DAMAGE AND INJURY,2.,0 ,2 ,COLLISION WITH MOTOR VEHICLE,RIGHT ANGLE,TRAFFIC SIGNAL,DAYLIGHT,CLEAR,DRY
6836 ,33554995,MONROE,Henrietta,,,N,43.0686646,-77.6121718,08/27/2010,1:40 PM,INJURY,1.,0 ,2 ,COLLISION WITH MOTOR VEHICLE,REAR END,TRAFFIC SIGNAL,DAYLIGHT,CLEAR,DRY
6836 ,33554996,MONROE,Webster,,,N,43.2230124,-77.5113809,08/26/2010,9:25 PM,PROPERTY DAMAGE AND INJURY,1.,0 ,1 ,COLLISION WITH DEER,OTHER,NO PASSING ZONE,DARK-ROAD UNLIGHTED,CLEAR,DRY
6836 ,33554997,MONROE,Wheatland,,,Y,43.013445,-77.8183061,08/21/2010,12:30 PM,PROPERTY DAMAGE AND INJURY,2.,0 ,2 ,COLLISION WITH MOTOR VEHICLE,RIGHT ANGLE,FLASHING LIGHT,DAYLIGHT,CLEAR,DRY
6836 ,33555094,MONROE,Parma,,259 43011345,N,43.3299486,-77.7939924,08/21/2010,11:10 PM,PROPERTY DAMAGE AND INJURY,1.,0 ,2 ,COLLISION WITH MOTOR VEHICLE,REAR END,NONE,DARK-ROAD UNLIGHTED,CLOUDY,DRY
6836 ,33555129,MONROE,Parma,,,Y,43.218409,-77.7925,08/27/2010,11:55 AM,PROPERTY DAMAGE AND INJURY,1.,0 ,2 ,COLLISION WITH MOTOR VEHICLE,REAR END,NONE,DAYLIGHT,CLEAR,DRY
6836 ,33555250,MONROE,Ogden,,33 43031094,N,43.1376545,-77.7617803,08/27/2010,4:06 PM,PROPERTY DAMAGE AND INJURY,2.,0 ,2 ,COLLISION WITH MOTOR VEHICLE,OVERTAKING,NONE,DAYLIGHT,CLEAR,DRY
6836 ,33555408,MONROE,Rochester,,,N,43.1919441,-77.6246147,08/10/2010,4:24 PM,PROPERTY DAMAGE AND INJURY,1.,0 ,3 ,COLLISION WITH MOTOR VEHICLE,OTHER,TRAFFIC SIGNAL,DAYLIGHT,CLEAR,DRY
6836 ,33555410,MONROE,Rochester,,,N,43.1657499,-77.5706851,08/07/2010,4:20 PM,INJURY,1.,0 ,1 ,COLLISION WITH PEDESTRIAN,OTHER,NONE,DAYLIGHT,CLEAR,DRY
6836 ,33555466,MONROE,Rochester,,,N,43.1598026,-77.6087741,08/11/2010,12:46 PM,INJURY,1.,0 ,3 ,COLLISION WITH MOTOR VEHICLE,OTHER,NONE,DAYLIGHT,CLEAR,DRY
6836 ,33555564,MONROE,Rochester,,,N,43.1978611,-77.6388126,08/10/2010,12:30 PM,INJURY,1.,0 ,1 ,COLLISION WITH BICYCLIST,OTHER,NONE,DAYLIGHT,CLEAR,DRY
6836 ,33555573,MONROE,Rochester,,,Y,43.180891,-77.646922,08/13/2010,2:45 PM,INJURY,1.,0 ,2 ,COLLISION WITH MOTOR VEHICLE,REAR END,NONE,DAYLIGHT,CLEAR,DRY
6836 ,33555574,MONROE,Rochester,,,Y,43.187626,-77.576289,08/13/2010,3:18 PM,INJURY,1.,0 ,2 ,COLLISION WITH MOTOR VEHICLE,RIGHT ANGLE,TRAFFIC SIGNAL,DAYLIGHT,CLEAR,DRY
6836 ,33555577,MONROE,Rochester,,,Y,43.183022,-77.608139,08/13/2010,11:39 AM,PROPERTY DAMAGE AND INJURY,1.,0 ,2 ,COLLISION WITH MOTOR VEHICLE,UNKNOWN,STOP SIGN,DAYLIGHT,CLEAR,DRY
6836 ,33555582,MONROE,Rochester,,,Y,43.154997,-77.615634,08/14/2010,1:08 AM,INJURY,1.,0 ,2 ,COLLISION WITH MOTOR VEHICLE,REAR END,TRAFFIC SIGNAL,DARK-ROAD LIGHTED,CLEAR,DRY
6836 ,33555584,MONROE,Rochester,,,N,43.1678324,-77.6256635,08/10/2010,10:39 AM,PROPERTY DAMAGE AND INJURY,1.,0 ,2 ,COLLISION WITH MOTOR VEHICLE,RIGHT ANGLE,NONE,DAYLIGHT,CLEAR,DRY
6836 ,33555586,MONROE,Rochester,,,Y,43.188168,-77.613466,08/15/2010,12:38 PM,PROPERTY DAMAGE AND INJURY,1.,0 ,2 ,COLLISION WITH MOTOR VEHICLE,RIGHT TURN (AGAINST OTHER CAR),NONE,DAYLIGHT,RAIN,WET
6836 ,33556121,MONROE,Rochester,,,N,43.1201625,-77.6162429,08/24/2010,12:09 AM,PROPERTY DAMAGE AND INJURY,1.,0 ,1 ,COLLISION WITH CURBING,OTHER,NONE,DARK-ROAD LIGHTED,CLEAR,DRY
6836 ,33556239,MONROE,Rochester,,490I43022031,N,43.1522251,-77.6160674,08/21/2010,7:54 AM,PROPERTY DAMAGE AND INJURY,1.,0 ,2 ,COLLISION WITH MOTOR VEHICLE,OVERTAKING,NONE,DAYLIGHT,CLOUDY,DRY
6836 ,33556492,MONROE,Clarkson,,19 43041069,N,43.229496,-77.9302679,08/20/2010,7:36 PM,INJURY,1.,0 ,1 ,COLLISION WITH PEDESTRIAN,OTHER,STOP SIGN,DAYLIGHT,CLEAR,DRY
6836 ,33556845,MONROE,Rochester,,,Y,43.155545,-77.568526,08/06/2010,4:20 PM,INJURY,1.,0 ,3 ,COLLISION WITH MOTOR VEHICLE,OTHER,NONE,DAYLIGHT,CLEAR,DRY
6836 ,33556984,MONROE,Greece,,,Y,43.196305,-77.671177,08/25/2010,5:43 PM,PROPERTY DAMAGE AND INJURY,1.,0 ,2 ,COLLISION WITH MOTOR VEHICLE,LEFT TURN (AGAINST OTHER CAR),STOP SIGN,DAYLIGHT,CLEAR,DRY
6836 ,33557130,MONROE,Rochester,,490I43022051,N,43.1426414,-77.5823472,08/27/2010,8:00 AM,PROPERTY DAMAGE AND INJURY,2.,0 ,2 ,COLLISION WITH MOTOR VEHICLE,REAR END,NONE,DAYLIGHT,CLEAR,DRY
6836 ,33557133,MONROE,Irondequoit,,104 43035205,N,43.1967442,-77.552015,08/27/2010,5:17 PM,INJURY,1.,0 ,3 ,COLLISION WITH MOTOR VEHICLE,OTHER,NONE,DAYLIGHT,CLEAR,DRY
6836 ,33557136,MONROE,Greece,,947A43021221,N,43.2542345,-77.6230581,08/29/2010,8:10 PM,PROPERTY DAMAGE AND INJURY,2.,0 ,1 ,COLLISION WITH DEER,OTHER,NONE,DARK-ROAD UNLIGHTED,CLEAR,DRY
6836 ,33557149,MONROE,Rochester,,490I43022054,N,43.143024,-77.5766069,08/27/2010,9:56 PM,PROPERTY DAMAGE AND INJURY,1.,0 ,2 ,COLLISION WITH MOTOR VEHICLE,REAR END,HIGHWAY WORK AREA,DARK-ROAD LIGHTED,CLEAR,DRY
6836 ,33557154,MONROE,Rochester,,,N,43.1751309,-77.6065134,08/18/2010,9:35 PM,PROPERTY DAMAGE AND INJURY,1.,0 ,1 ,COLLISION WITH BICYCLIST,OTHER,STOP SIGN,DARK-ROAD LIGHTED,CLEAR,DRY
6836 ,33557157,MONROE,Rochester,,490I43022066,N,43.1443922,-77.5531181,08/27/2010,3:35 PM,PROPERTY DAMAGE AND INJURY,1.,0 ,2 ,COLLISION WITH MOTOR VEHICLE,OVERTAKING,NONE,DAYLIGHT,CLEAR,DRY
6836 ,33557213,MONROE,Gates,,390I43037008,N,43.1412401,-77.6699204,08/27/2010,5:33 PM,INJURY,1.,0 ,2 ,COLLISION WITH MOTOR VEHICLE,REAR END,NONE,DAYLIGHT,CLEAR,DRY
6836 ,33557218,MONROE,Parma,,18 43031091,N,43.2874063,-77.8257314,08/28/2010,6:25 PM,PROPERTY DAMAGE AND INJURY,1.,0 ,3 ,COLLISION WITH MOTOR VEHICLE,OTHER,NONE,DAYLIGHT,CLEAR,DRY
6836 ,33557222,MONROE,Parma,,18 43031093,N,43.2874542,-77.8239168,08/28/2010,1:31 PM,INJURY,1.,0 ,1 ,COLL. W/LIGHT SUPPORT/UTILITY POLE,OTHER,NONE,DAYLIGHT,CLEAR,DRY
6836 ,33557227,MONROE,Brighton,,,Y,43.157597,-77.536197,08/29/2010,1:45 PM,PROPERTY DAMAGE AND INJURY,5.,0 ,2 ,COLLISION WITH MOTOR VEHICLE,LEFT TURN (AGAINST OTHER CAR),NONE,DAYLIGHT,CLEAR,DRY
6836 ,33557493,MONROE,Greece,,,N,43.2093104,-77.6959459,08/26/2010,10:54 AM,PROPERTY DAMAGE AND INJURY,1.,0 ,2 ,COLLISION WITH MOTOR VEHICLE,LEFT TURN (AGAINST OTHER CAR),NONE,DAYLIGHT,CLEAR,DRY
6836 ,33557810,MONROE,Brighton,,590 43011010,N,43.156793,-77.5385306,08/30/2010,7:50 AM,PROPERTY DAMAGE AND INJURY,1.,0 ,3 ,COLLISION WITH MOTOR VEHICLE,OTHER,NONE,DAYLIGHT,CLEAR,DRY
6836 ,33557902,MONROE,Brighton,,31 43033018,Y,43.116512,-77.553734,08/30/2010,8:49 PM,PROPERTY DAMAGE AND INJURY,1.,0 ,2 ,COLLISION WITH MOTOR VEHICLE,LEFT TURN (AGAINST OTHER CAR),TRAFFIC SIGNAL,DARK-ROAD LIGHTED,CLEAR,DRY
6836 ,33557912,MONROE,Penfield,,,N,43.1473325,-77.5122023,08/20/2010,4:32 PM,PROPERTY DAMAGE AND INJURY,1.,0 ,2 ,COLLISION WITH MOTOR VEHICLE,RIGHT ANGLE,NONE,DAYLIGHT,CLEAR,DRY
6836 ,33558041,MONROE,Honeoye Falls,,,Y,42.967447,-77.59188,08/29/2010,9:01 PM,PROPERTY DAMAGE AND INJURY,1.,0 ,1 ,COLLISION WITH TREE,OTHER,NONE,DARK-ROAD UNLIGHTED,CLEAR,DRY
6836 ,33558077,MONROE,Brighton,,,Y,43.098147,-77.613524,08/31/2010,6:35 PM,PROPERTY DAMAGE AND INJURY,1.,0 ,2 ,COLLISION WITH MOTOR VEHICLE,REAR END,TRAFFIC SIGNAL,DAYLIGHT,CLEAR,DRY
6836 ,33558199,MONROE,East Rochester,,,N,43.1152894,-77.4936083,08/30/2010,2:51 PM,INJURY,1.,0 ,1 ,COLLISION WITH BICYCLIST,OTHER,STOP SIGN,DAYLIGHT,CLEAR,DRY
6836 ,33558270,MONROE,Ogden,,31 43031095,Y,43.188229,-77.854165,08/30/2010,7:30 AM,PROPERTY DAMAGE AND INJURY,1.,0 ,2 ,COLLISION WITH MOTOR VEHICLE,RIGHT ANGLE,TRAFFIC SIGNAL,DAYLIGHT,CLEAR,DRY
6836 ,33558271,MONROE,Gates,,,Y,43.1644533,-77.732421,08/31/2010,4:41 PM,PROPERTY DAMAGE AND INJURY,1.,0 ,2 ,COLLISION WITH MOTOR VEHICLE,HEAD ON,TRAFFIC SIGNAL,DAYLIGHT,CLEAR,DRY
6836 ,33558288,MONROE,Irondequoit,,,Y,43.193649,-77.574735,08/30/2010,7:50 PM,INJURY,1.,0 ,1 ,COLLISION WITH BICYCLIST,OTHER,STOP SIGN,DUSK,CLEAR,DRY
6836 ,33558350,MONROE,Irondequoit,,,N,43.203926,-77.618518,08/28/2010,5:19 PM,INJURY,1.,0 ,1 ,COLLISION WITH CURBING,OTHER,NONE,DAYLIGHT,CLEAR,DRY
6836 ,33558714,MONROE,Rochester,,,N,43.1906593,-77.6388708,08/20/2010,2:44 PM,INJURY,2.,0 ,2 ,COLLISION WITH MOTOR VEHICLE,RIGHT ANGLE,NONE,DAYLIGHT,CLEAR,DRY
6836 ,33558715,MONROE,Rochester,,,N,43.1915558,-77.6079397,08/19/2010,5:03 PM,INJURY,1.,0 ,3 ,COLLISION WITH MOTOR VEHICLE,OTHER,TRAFFIC SIGNAL,DAYLIGHT,CLOUDY,DRY
6836 ,33558717,MONROE,Rochester,,,Y,43.1434829,-77.588353,08/22/2010,8:39 PM,PROPERTY DAMAGE AND INJURY,1.,0 ,4 ,COLLISION WITH MOTOR VEHICLE,OTHER,NONE,DARK-ROAD LIGHTED,CLOUDY,WET
6836 ,33559043,MONROE,Rochester,,,Y,43.148716,-77.590864,08/16/2010,9:30 PM,INJURY,2.,0 ,2 ,COLLISION WITH MOTOR VEHICLE,RIGHT ANGLE,STOP SIGN,DARK-ROAD LIGHTED,CLEAR,DRY
6836 ,33559044,MONROE,Rochester,,,N,43.16464,-77.6511152,08/19/2010,1:13 PM,PROPERTY DAMAGE AND INJURY,2.,0 ,3 ,COLLISION WITH MOTOR VEHICLE,OTHER,NONE,DAYLIGHT,CLEAR,DRY
6836 ,33559075,MONROE,Rochester,,,Y,43.147246,-77.605812,08/12/2010,1:41 PM,PROPERTY DAMAGE AND INJURY,1.,0 ,3 ,COLLISION WITH MOTOR VEHICLE,OTHER,STOP SIGN,DAYLIGHT,RAIN,WET
6836 ,33559084,MONROE,Rochester,,,Y,43.187806,-77.571091,08/26/2010,6:38 PM,PROPERTY DAMAGE AND INJURY,2.,0 ,2 ,COLLISION WITH MOTOR VEHICLE,UNKNOWN,TRAFFIC SIGNAL,DAYLIGHT,CLEAR,DRY
6836 ,33559085,MONROE,Rochester,,,N,43.147209,-77.591722,08/23/2010,10:47 PM,INJURY,1.,0 ,5 ,COLLISION WITH MOTOR VEHICLE,OTHER,NONE,DARK-ROAD LIGHTED,CLOUDY,DRY
6836 ,33559092,MONROE,Rochester,,,N,43.1660025,-77.6422679,08/15/2010,8:46 PM,INJURY,1.,0 ,1 ,COLLISION WITH BICYCLIST,OTHER,NONE,DARK-ROAD LIGHTED,CLEAR,DRY
6836 ,33559095,MONROE,Rochester,,,Y,43.146709,-77.6001611,08/17/2010,1:44 AM,PROPERTY DAMAGE AND INJURY,1.,0 ,2 ,COLLISION WITH MOTOR VEHICLE,RIGHT ANGLE,TRAFFIC SIGNAL,DARK-ROAD LIGHTED,CLOUDY,DRY
6836 ,33559096,MONROE,Rochester,,,Y,43.171153,-77.57518,08/16/2010,2:13 PM,PROPERTY DAMAGE AND INJURY,1.,0 ,2 ,COLLISION WITH MOTOR VEHICLE,LEFT TURN (WITH OTHER CAR),STOP SIGN,DAYLIGHT,CLEAR,DRY
6836 ,33559168,MONROE,Rochester,,,N,43.1589299,-77.5852392,08/19/2010,7:10 PM,PROPERTY DAMAGE AND INJURY,2.,0 ,3 ,COLLISION WITH MOTOR VEHICLE,OTHER,NONE,DAYLIGHT,CLOUDY,DRY
6836 ,33559215,MONROE,Rochester,,,N,43.1701762,-77.5791999,07/09/2010,9:33 PM,INJURY,1.,0 ,1 ,COLLISION WITH BICYCLIST,OTHER,NONE,DARK-ROAD LIGHTED,CLEAR,DRY
6836 ,33559279,MONROE,Rochester,,,Y,43.205696,-77.6289619,08/21/2010,3:38 AM,INJURY,1.,0 ,1 ,OVERTURNED,OTHER,NONE,DARK-ROAD LIGHTED,CLEAR,DRY
6836 ,33559280,MONROE,Rochester,,,N,43.1536818,-77.6213445,08/24/2010,3:46 PM,INJURY,1.,0 ,2 ,COLLISION WITH MOTOR VEHICLE,REAR END,NONE,DAYLIGHT,CLOUDY,DRY
6836 ,33559281,MONROE,Rochester,,,N,43.15425,-77.618893,08/24/2010,3:58 PM,INJURY,1.,0 ,2 ,COLLISION WITH MOTOR VEHICLE,RIGHT ANGLE,STOP SIGN,DAYLIGHT,CLEAR,DRY
6836 ,33559291,MONROE,Rochester,,,N,43.1437747,-77.6251437,08/21/2010,7:49 PM,PROPERTY DAMAGE AND INJURY,1.,0 ,1 ,COLLISION WITH OTHER,OTHER,NONE,DAYLIGHT,CLEAR,DRY
6836 ,33559296,MONROE,Rochester,,,Y,43.179312,-77.6394599,08/25/2010,9:43 PM,INJURY,2.,0 ,2 ,COLLISION WITH MOTOR VEHICLE,RIGHT ANGLE,NONE,DARK-ROAD LIGHTED,CLEAR,DRY
6836 ,33559300,MONROE,Rochester,,,N,43.167442,-77.6514714,08/25/2010,10:43 PM,INJURY,2.,0 ,2 ,COLLISION WITH MOTOR VEHICLE,UNKNOWN,NONE,DARK-ROAD LIGHTED,RAIN,WET
6836 ,33559302,MONROE,Rochester,,,N,43.1165986,-77.6168563,08/25/2010,6:52 AM,PROPERTY DAMAGE AND INJURY,2.,0 ,2 ,COLLISION WITH MOTOR VEHICLE,REAR END,TRAFFIC SIGNAL,DAYLIGHT,CLOUDY,DRY
6836 ,33559303,MONROE,Rochester,,,N,43.1656619,-77.5950833,08/25/2010,4:09 PM,INJURY,1.,0 ,1 ,COLLISION WITH BRIDGE STRUCTURE,OTHER,NONE,DAYLIGHT,CLEAR,DRY
6836 ,33559304,MONROE,Rochester,,,Y,43.194213,-77.6123,08/26/2010,2:25 PM,PROPERTY DAMAGE AND INJURY,2.,0 ,2 ,COLLISION WITH MOTOR VEHICLE,RIGHT ANGLE,TRAFFIC SIGNAL,DAYLIGHT,CLOUDY,DRY
6836 ,33559570,MONROE,Rochester,,,N,43.1937675,-77.6290176,08/08/2010,5:04 PM,INJURY,1.,0 ,1 ,COLLISION WITH PEDESTRIAN,OTHER,NONE,DAYLIGHT,RAIN,WET
6836 ,33559572,MONROE,Perinton,,96 43051013,N,43.0450468,-77.4666258,08/30/2010,3:47 PM,PROPERTY DAMAGE AND INJURY,1.,0 ,2 ,COLLISION WITH MOTOR VEHICLE,LEFT TURN (AGAINST OTHER CAR),TRAFFIC SIGNAL,DAYLIGHT,CLEAR,DRY
6836 ,33559612,MONROE,Brockport,,,N,43.2201001,-77.9389561,08/31/2010,11:45 AM,PROPERTY DAMAGE AND INJURY,1.,0 ,2 ,COLLISION WITH MOTOR VEHICLE,REAR END,NO PASSING ZONE,DAYLIGHT,CLEAR,DRY
6836 ,33559617,MONROE,Penfield,,286 43011019,N,43.153664,-77.5020822,08/25/2010,2:20 PM,INJURY,1.,0 ,1 ,COLLISION WITH BICYCLIST,OTHER,TRAFFIC SIGNAL,DAYLIGHT,CLOUDY,DRY
6836 ,33559659,MONROE,Penfield,,250 43011065,N,43.1287733,-77.4412776,08/29/2010,6:10 PM,PROPERTY DAMAGE AND INJURY,1.,0 ,2 ,COLLISION WITH MOTOR VEHICLE,LEFT TURN (AGAINST OTHER CAR),TRAFFIC SIGNAL,DAYLIGHT,CLEAR,DRY
6836 ,33559862,MONROE,Irondequoit,,,N,43.2042929,-77.558263,08/31/2010,12:00 PM,INJURY,1.,0 ,2 ,COLLISION WITH MOTOR VEHICLE,REAR END,NONE,DAYLIGHT,CLEAR,DRY
6836 ,33559873,MONROE,Brighton,,,Y,43.126036,-77.578076,09/01/2010,7:33 AM,INJURY,1.,0 ,1 ,COLLISION WITH PEDESTRIAN,OTHER,TRAFFIC SIGNAL,DAYLIGHT,CLEAR,DRY
6836 ,33559919,MONROE,Brighton,,,N,43.149274,-77.5401499,08/27/2010,2:14 AM,INJURY,1.,0 ,2 ,COLLISION WITH MOTOR VEHICLE,LEFT TURN (AGAINST OTHER CAR),TRAFFIC SIGNAL,DARK-ROAD LIGHTED,CLOUDY,DRY
6836 ,33559943,MONROE,Brighton,,441 43011103,N,43.1291246,-77.5246678,08/21/2010,4:06 PM,PROPERTY DAMAGE AND INJURY,1.,0 ,1 ,COLLISION WITH GUIDE RAIL,OTHER,NONE,DAYLIGHT,CLOUDY,DRY
6836 ,33559967,MONROE,Perinton,,,N,43.078814,-77.485447,08/24/2010,10:56 AM,PROPERTY DAMAGE AND INJURY,1.,0 ,2 ,COLLISION WITH MOTOR VEHICLE,LEFT TURN (AGAINST OTHER CAR),STOP SIGN,DAYLIGHT,CLEAR,DRY
6836 ,33559996,MONROE,Chili,,,N,43.0452281,-77.7421492,08/27/2010,7:55 PM,PROPERTY DAMAGE AND INJURY,1.,0 ,1 ,COLLISION WITH GUIDE RAIL,OTHER,NONE,DUSK,CLEAR,DRY
6836 ,33560311,MONROE,Greece,,,Y,43.236237,-77.6298671,08/30/2010,4:28 PM,INJURY,1.,0 ,2 ,COLLISION WITH MOTOR VEHICLE,SIDESWIPE,NONE,DAYLIGHT,CLEAR,DRY
6836 ,33560609,MONROE,Greece,,,Y,43.186929,-77.732212,08/30/2010,7:24 PM,INJURY,1.,0 ,2 ,COLLISION WITH MOTOR VEHICLE,REAR END,TRAFFIC SIGNAL,DUSK,CLEAR,DRY
6836 ,33560845,MONROE,Henrietta,,15 43031109,N,43.0872805,-77.6367295,09/01/2010,1:14 PM,PROPERTY DAMAGE AND INJURY,5.,0 ,2 ,COLLISION WITH MOTOR VEHICLE,LEFT TURN (AGAINST OTHER CAR),TRAFFIC SIGNAL,DAYLIGHT,CLEAR,DRY
6836 ,33560850,MONROE,East Rochester,,,N,43.119654,-77.4825732,08/17/2010,5:41 PM,PROPERTY DAMAGE AND INJURY,1.,0 ,3 ,COLLISION WITH MOTOR VEHICLE,OTHER,NONE,DAYLIGHT,CLEAR,DRY
6836 ,33560856,MONROE,Pittsford,,,N,43.1065895,-77.4944821,08/06/2010,12:20 PM,PROPERTY DAMAGE AND INJURY,1.,0 ,2 ,COLLISION WITH MOTOR VEHICLE,REAR END,NONE,DAYLIGHT,CLEAR,DRY
6836 ,33560860,MONROE,Spencerport,,,Y,43.193699,-77.800199,08/31/2010,11:07 AM,PROPERTY DAMAGE AND INJURY,1.,0 ,2 ,COLLISION WITH OTHER FIXED OBJECT,HEAD ON,NO PASSING ZONE,DAYLIGHT,CLEAR,DRY
6836 ,33560861,MONROE,Pittsford,,,N,43.1193562,-77.493726,08/31/2010,10:40 AM,PROPERTY DAMAGE AND INJURY,1.,0 ,2 ,COLLISION WITH MOTOR VEHICLE,REAR END,NONE,DAYLIGHT,CLEAR,DRY
6836 ,33560866,MONROE,Mendon,,15A43041002,N,42.9469112,-77.6130185,09/02/2010,7:21 PM,INJURY,1.,0 ,2 ,COLLISION WITH MOTOR VEHICLE,REAR END,TRAFFIC SIGNAL,DUSK,CLEAR,DRY
6836 ,33560869,MONROE,Irondequoit,,,N,43.2040478,-77.5591863,09/01/2010,12:04 PM,INJURY,1.,0 ,1 ,COLLISION WITH PEDESTRIAN,OTHER,STOP SIGN,DAYLIGHT,CLEAR,DRY
6836 ,33560873,MONROE,East Rochester,,,N,43.1204064,-77.4793241,09/01/2010,5:45 AM,INJURY,1.,0 ,2 ,COLLISION WITH MOTOR VEHICLE,REAR END,NONE,DAYLIGHT,CLEAR,DRY
6836 ,33561100,MONROE,Greece,,,N,43.1889346,-77.6924436,09/03/2010,10:40 AM,PROPERTY DAMAGE AND INJURY,1.,0 ,3 ,COLLISION WITH MOTOR VEHICLE,OTHER,NONE,DAYLIGHT,CLEAR,DRY
6836 ,33561104,MONROE,Greece,,,N,43.2384553,-77.6955228,09/03/2010,10:00 AM,PROPERTY DAMAGE AND INJURY,3.,0 ,3 ,COLLISION WITH MOTOR VEHICLE,OTHER,NONE,DAYLIGHT,CLEAR,DRY
6836 ,33561234,MONROE,Irondequoit,,104 43035212,N,43.2057616,-77.5476759,09/02/2010,12:20 PM,INJURY,2.,0 ,2 ,COLLISION WITH MOTOR VEHICLE,REAR END,NONE,DAYLIGHT,CLEAR,DRY
6836 ,33561337,MONROE,Gates,,,Y,43.149896,-77.690964,09/04/2010,10:28 AM,PROPERTY DAMAGE AND INJURY,2.,0 ,2 ,COLLISION WITH MOTOR VEHICLE,RIGHT ANGLE,TRAFFIC SIGNAL,DAYLIGHT,CLEAR,DRY
6836 ,33561403,MONROE,Greece,,947A43021155,N,43.2912999,-77.7134514,09/03/2010,8:21 PM,INJURY,1.,0 ,1 ,OVERTURNED,OTHER,NONE,DARK-ROAD UNLIGHTED,CLOUDY,WET
6836 ,33561413,MONROE,Irondequoit,,47 43013026,N,43.2043061,-77.5487491,09/04/2010,3:49 PM,INJURY,1.,0 ,2 ,COLLISION WITH MOTOR VEHICLE,REAR END,STOP SIGN,DAYLIGHT,CLOUDY,DRY
6836 ,33561416,MONROE,Rochester,,104 43032029,N,43.191549,-77.6082215,08/19/2010,4:15 PM,PROPERTY DAMAGE AND INJURY,1.,0 ,2 ,COLLISION WITH MOTOR VEHICLE,REAR END,NONE,DAYLIGHT,CLEAR,DRY
6836 ,33561794,MONROE,Irondequoit,,,Y,43.223903,-77.545003,09/04/2010,2:44 PM,INJURY,1.,0 ,1 ,COLLISION WITH BICYCLIST,OTHER,NONE,DAYLIGHT,CLEAR,DRY
6836 ,33561796,MONROE,Chili,,,N,43.1070153,-77.7464247,09/01/2010,3:05 PM,PROPERTY DAMAGE AND INJURY,1.,0 ,2 ,COLLISION WITH MOTOR VEHICLE,RIGHT ANGLE,NONE,DAYLIGHT,CLEAR,DRY
6836 ,33561798,MONROE,Brighton,,15A43041128,N,43.108007,-77.615937,09/05/2010,11:28 AM,PROPERTY DAMAGE AND INJURY,1.,0 ,2 ,COLLISION WITH MOTOR VEHICLE,RIGHT ANGLE,TRAFFIC SIGNAL,DAYLIGHT,CLOUDY,DRY
6836 ,33561804,MONROE,Gates,,490I43021176,N,43.1578495,-77.6872354,09/01/2010,5:10 PM,INJURY,1.,0 ,2 ,COLLISION WITH MOTOR VEHICLE,REAR END,NONE,DAYLIGHT,CLEAR,DRY
6836 ,33561806,MONROE,Henrietta,,252 43011105,Y,43.0873219,-77.5682672,09/04/2010,2:20 AM,PROPERTY DAMAGE AND INJURY,1.,0 ,1 ,COLLISION WITH TREE,OTHER,NONE,DARK-ROAD LIGHTED,CLEAR,DRY
6836 ,33562084,MONROE,Webster,,104 43035237,N,43.2144559,-77.5027222,08/25/2010,9:24 PM,PROPERTY DAMAGE AND INJURY,2.,0 ,3 ,COLLISION WITH MOTOR VEHICLE,OTHER,HIGHWAY WORK AREA,DARK-ROAD UNLIGHTED,CLEAR,DRY
6836 ,33562103,MONROE,Greece,,,N,43.1915876,-77.7014636,09/01/2010,2:06 PM,PROPERTY DAMAGE AND INJURY,1.,0 ,2 ,COLLISION WITH MOTOR VEHICLE,RIGHT ANGLE,OTHER,DAYLIGHT,CLEAR,DRY
6836 ,33562404,MONROE,Parma,,261 43011019,Y,43.244333,-77.7515,09/01/2010,6:40 PM,PROPERTY DAMAGE AND INJURY,2.,0 ,2 ,COLLISION WITH MOTOR VEHICLE,RIGHT ANGLE,STOP SIGN,DAYLIGHT,CLEAR,DRY