QUERYID,CASE #,REGN_CNTY_CDE,Municipality,MUNITYPE,REF_MRKR,ATINTERSECTION_IND,Lat,Long,,Time,Crash Type,Injuries,Fatalities,Number of Vehicles,ACCD_TYP,COLLISION_TYP,TRAF_CNTL,Light Condition,Weather Condition,Road Surface Condition
6836 ,33562405,MONROE,Irondequoit,,,N,43.2114913,-77.5607913,09/02/2010,5:23 PM,PROPERTY DAMAGE AND INJURY,1.,0 ,2 ,COLLISION WITH MOTOR VEHICLE,REAR END,NONE,DAYLIGHT,CLEAR,DRY
6836 ,33562409,MONROE,Brighton,,441 43011102,N,43.1280468,-77.5216787,09/03/2010,5:45 AM,PROPERTY DAMAGE AND INJURY,1.,0 ,1 ,COLLISION WITH DEER,OTHER,TRAFFIC SIGNAL,DARK-ROAD LIGHTED,CLEAR,DRY
6836 ,33562412,MONROE,Gates,,31 43031185,N,43.1649707,-77.6827832,09/02/2010,6:16 PM,INJURY,1.,0 ,2 ,COLLISION WITH MOTOR VEHICLE,REAR END,NONE,DAYLIGHT,CLEAR,DRY
6836 ,33562426,MONROE,Gates,,490I43021137,N,43.1260738,-77.7283664,09/01/2010,10:05 PM,PROPERTY DAMAGE AND INJURY,1.,0 ,1 ,COLLISION WITH DEER,OTHER,NONE,DARK-ROAD UNLIGHTED,CLEAR,DRY
6836 ,33562427,MONROE,Perinton,,,Y,43.102211,-77.465675,08/27/2010,6:39 PM,INJURY,1.,0 ,2 ,COLLISION WITH MOTOR VEHICLE,REAR END,TRAFFIC SIGNAL,DAYLIGHT,CLEAR,DRY
6836 ,33562429,MONROE,Penfield,,,Y,43.182317,-77.474765,08/26/2010,4:40 PM,PROPERTY DAMAGE AND INJURY,1.,0 ,2 ,COLLISION WITH MOTOR VEHICLE,LEFT TURN (WITH OTHER CAR),TRAFFIC SIGNAL,DAYLIGHT,CLOUDY,DRY
6836 ,33562434,MONROE,Mendon,,,Y,42.990018,-77.503488,09/02/2010,5:00 AM,PROPERTY DAMAGE AND INJURY,1.,0 ,1 ,COLLISION WITH TREE,OTHER,NONE,DARK-ROAD UNLIGHTED,CLEAR,DRY
6836 ,33562442,MONROE,Pittsford,,,N,43.0933714,-77.544825,08/30/2010,5:44 PM,PROPERTY DAMAGE AND INJURY,1.,0 ,2 ,COLLISION WITH MOTOR VEHICLE,REAR END,NONE,DAYLIGHT,CLEAR,DRY
6836 ,33562444,MONROE,Clarkson,,,N,43.2602442,-77.966539,08/31/2010,3:22 PM,PROPERTY DAMAGE AND INJURY,1.,0 ,1 ,COLL. W/EARTH ELE./ROCK CUT/DITCH,OTHER,NONE,DAYLIGHT,CLEAR,DRY
6836 ,33562447,MONROE,Henrietta,,,N,43.0948613,-77.5711082,09/03/2010,4:00 PM,PROPERTY DAMAGE AND INJURY,1.,0 ,2 ,COLLISION WITH MOTOR VEHICLE,RIGHT ANGLE,NONE,DAYLIGHT,CLOUDY,DRY
6836 ,33562448,MONROE,Gates,,,N,43.160228,-77.753848,09/02/2010,3:22 PM,PROPERTY DAMAGE AND INJURY,2.,0 ,2 ,COLLISION WITH MOTOR VEHICLE,RIGHT ANGLE,TRAFFIC SIGNAL,DAYLIGHT,CLOUDY,DRY
6836 ,33562654,MONROE,Riga,,33 43031011,N,43.072748,-77.9151734,07/27/2010,6:08 AM,FATAL,0.,1 ,1 ,COLLISION WITH TREE,OTHER,NONE,DAWN,CLEAR,DRY
6836 ,33562666,MONROE,Greece,,390 43011031,N,43.2017034,-77.6775931,08/26/2010,8:43 PM,INJURY,1.,0 ,3 ,COLLISION WITH MOTOR VEHICLE,OTHER,HIGHWAY WORK AREA,DARK-ROAD LIGHTED,CLEAR,DRY
6836 ,33562853,MONROE,Rochester,,,Y,43.139294,-77.592372,08/13/2010,8:35 PM,PROPERTY DAMAGE AND INJURY,1.,0 ,2 ,COLLISION WITH MOTOR VEHICLE,RIGHT ANGLE,STOP SIGN,DAYLIGHT,CLOUDY,DRY
6836 ,33562930,MONROE,Rochester,,,Y,43.162051,-77.5835919,07/28/2010,11:50 AM,INJURY,1.,0 ,2 ,COLLISION WITH MOTOR VEHICLE,REAR END,TRAFFIC SIGNAL,DAYLIGHT,CLOUDY,DRY
6836 ,33563008,MONROE,Rochester,,,Y,43.163872,-77.6241531,08/05/2010,11:35 AM,PROPERTY DAMAGE AND INJURY,2.,0 ,2 ,COLLISION WITH MOTOR VEHICLE,RIGHT ANGLE,STOP SIGN,DAYLIGHT,CLEAR,DRY
6836 ,33563145,MONROE,Rochester,,,N,43.1646273,-77.6375353,08/19/2010,7:50 AM,INJURY,1.,0 ,2 ,COLLISION WITH MOTOR VEHICLE,REAR END,NONE,DAYLIGHT,CLEAR,DRY
6836 ,33563146,MONROE,Rochester,,,Y,43.180937,-77.631738,08/19/2010,2:45 PM,INJURY,1.,0 ,1 ,COLLISION WITH BICYCLIST,OTHER,TRAFFIC SIGNAL,DAYLIGHT,CLEAR,DRY
6836 ,33563147,MONROE,Rochester,,,N,43.1499738,-77.6445728,08/18/2010,6:20 PM,INJURY,2.,0 ,2 ,COLLISION WITH MOTOR VEHICLE,SIDESWIPE,TRAFFIC SIGNAL,DAYLIGHT,CLEAR,DRY
6836 ,33563148,MONROE,Rochester,,,Y,43.157153,-77.606417,08/19/2010,8:10 PM,INJURY,1.,0 ,1 ,COLLISION WITH PEDESTRIAN,OTHER,TRAFFIC SIGNAL,DARK-ROAD LIGHTED,RAIN,WET
6836 ,33563151,MONROE,Rochester,,,Y,43.172311,-77.59339,08/07/2010,4:24 PM,INJURY,1.,0 ,2 ,COLLISION WITH MOTOR VEHICLE,REAR END,NONE,DAYLIGHT,CLEAR,DRY
6836 ,33563186,MONROE,Rochester,,,Y,43.141335,-77.613786,08/15/2010,10:32 AM,INJURY,1.,0 ,2 ,COLLISION WITH MOTOR VEHICLE,REAR END,TRAFFIC SIGNAL,DAYLIGHT,RAIN,WET
6836 ,33563189,MONROE,Rochester,,,Y,43.164631,-77.642255,08/17/2010,5:55 PM,PROPERTY DAMAGE AND INJURY,1.,0 ,2 ,COLLISION WITH MOTOR VEHICLE,RIGHT ANGLE,TRAFFIC SIGNAL,DAYLIGHT,CLEAR,DRY
6836 ,33563190,MONROE,Rochester,,,Y,43.144757,-77.6011121,08/17/2010,7:35 AM,INJURY,2.,0 ,2 ,COLLISION WITH MOTOR VEHICLE,RIGHT ANGLE,TRAFFIC SIGNAL,DAYLIGHT,CLEAR,DRY
6836 ,33563405,MONROE,Rochester,,,Y,43.169988,-77.636428,08/19/2010,8:53 PM,PROPERTY DAMAGE AND INJURY,6.,0 ,3 ,COLLISION WITH MOTOR VEHICLE,OTHER,TRAFFIC SIGNAL,DARK-ROAD LIGHTED,CLOUDY,WET
6836 ,33563406,MONROE,Rochester,,,Y,43.180585,-77.6079719,08/19/2010,12:07 PM,PROPERTY DAMAGE AND INJURY,4.,0 ,3 ,COLLISION WITH MOTOR VEHICLE,OTHER,TRAFFIC SIGNAL,DAYLIGHT,CLEAR,DRY
6836 ,33563407,MONROE,Rochester,,,Y,43.159743,-77.56475,08/19/2010,4:07 PM,INJURY,2.,0 ,1 ,COLLISION WITH PEDESTRIAN,OTHER,TRAFFIC SIGNAL,DAYLIGHT,CLEAR,DRY
6836 ,33563465,MONROE,Rochester,,,Y,43.162721,-77.608702,08/13/2010,2:12 AM,PROPERTY DAMAGE AND INJURY,1.,0 ,2 ,COLLISION WITH MOTOR VEHICLE,RIGHT ANGLE,FLASHING LIGHT,DARK-ROAD LIGHTED,CLEAR,DRY
6836 ,33563467,MONROE,Rochester,,,Y,43.137017,-77.55391,08/24/2010,3:19 PM,INJURY,1.,0 ,1 ,COLLISION WITH BICYCLIST,OTHER,STOP SIGN,DAYLIGHT,CLEAR,DRY
6836 ,33563484,MONROE,Rochester,,,N,43.2198339,-77.6287582,08/23/2010,10:31 PM,INJURY,1.,0 ,2 ,COLLISION WITH OTHER PEDESTRIAN,OTHER,NONE,DARK-ROAD LIGHTED,CLOUDY,DRY
6836 ,33563752,MONROE,Perinton,,,N,43.068528,-77.432141,08/23/2010,3:56 PM,PROPERTY DAMAGE AND INJURY,1.,0 ,2 ,COLLISION WITH MOTOR VEHICLE,REAR END,TRAFFIC SIGNAL,DAYLIGHT,CLOUDY,DRY
6836 ,33564100,MONROE,Rochester,,,N,43.194799,-77.6287641,07/29/2010,4:32 PM,PROPERTY DAMAGE AND INJURY,1.,0 ,2 ,COLLISION WITH MOTOR VEHICLE,REAR END,TRAFFIC SIGNAL,DAYLIGHT,CLEAR,DRY
6836 ,33564235,MONROE,Rochester,,,Y,43.164623,-77.633951,08/11/2010,12:00 AM,PROPERTY DAMAGE AND INJURY,1.,0 ,2 ,COLLISION WITH MOTOR VEHICLE,REAR END,UNKNOWN,UNKNOWN,UNKNOWN,UNKNOWN
6836 ,33564734,MONROE,Rochester,,,N,43.1591198,-77.6237769,08/16/2010,12:28 PM,INJURY,1.,0 ,2 ,COLLISION WITH MOTOR VEHICLE,OVERTAKING,NONE,DAYLIGHT,CLEAR,DRY
6836 ,33564841,MONROE,Rochester,,,N,43.1508245,-77.5773118,08/21/2010,2:45 PM,PROPERTY DAMAGE AND INJURY,2.,0 ,2 ,COLLISION WITH MOTOR VEHICLE,REAR END,NONE,DAYLIGHT,CLEAR,DRY
6836 ,33564842,MONROE,Rochester,,,N,43.1938281,-77.6335809,08/20/2010,1:15 PM,INJURY,1.,0 ,2 ,COLLISION WITH MOTOR VEHICLE,REAR END,TRAFFIC SIGNAL,DAYLIGHT,CLEAR,DRY
6836 ,33564844,MONROE,Rochester,,,N,43.18008,-77.625152,08/20/2010,4:18 PM,PROPERTY DAMAGE AND INJURY,1.,0 ,2 ,COLLISION WITH MOTOR VEHICLE,UNKNOWN,STOP SIGN,DAYLIGHT,CLEAR,DRY
6836 ,33564845,MONROE,Rochester,,,Y,43.154475,-77.612006,08/19/2010,10:25 PM,PROPERTY DAMAGE AND INJURY,1.,0 ,2 ,COLLISION WITH MOTOR VEHICLE,RIGHT ANGLE,TRAFFIC SIGNAL,DARK-ROAD LIGHTED,CLEAR,DRY
6836 ,33564846,MONROE,Rochester,,,N,43.1646359,-77.6297122,08/20/2010,4:15 PM,INJURY,2.,0 ,2 ,COLLISION WITH MOTOR VEHICLE,REAR END,NONE,DAYLIGHT,CLEAR,DRY
6836 ,33564849,MONROE,Rochester,,,N,43.1557133,-77.6125232,08/20/2010,3:51 PM,INJURY,1.,0 ,2 ,COLLISION WITH MOTOR VEHICLE,UNKNOWN,NONE,DAYLIGHT,CLEAR,DRY
6836 ,33564850,MONROE,Rochester,,,Y,43.1937694,-77.6372728,08/20/2010,12:03 AM,INJURY,1.,0 ,1 ,COLLISION WITH PEDESTRIAN,OTHER,NONE,DARK-ROAD LIGHTED,CLEAR,DRY
6836 ,33564852,MONROE,Greece,,,Y,43.179444,-77.7015631,08/16/2010,4:27 PM,PROPERTY DAMAGE AND INJURY,2.,0 ,2 ,COLLISION WITH MOTOR VEHICLE,REAR END,TRAFFIC SIGNAL,DAYLIGHT,CLEAR,DRY
6836 ,33565054,MONROE,Ogden,,,Y,43.193546,-77.773358,09/08/2010,7:54 PM,PROPERTY DAMAGE AND INJURY,1.,0 ,1 ,COLL. W/LIGHT SUPPORT/UTILITY POLE,OTHER,NONE,DARK-ROAD UNLIGHTED,RAIN,WET
6836 ,33565070,MONROE,Perinton,,96 43051004,N,43.0367981,-77.4504415,09/01/2010,12:30 PM,PROPERTY DAMAGE AND INJURY,1.,0 ,2 ,COLLISION WITH MOTOR VEHICLE,REAR END,TRAFFIC SIGNAL,DAYLIGHT,CLEAR,DRY
6836 ,33565088,MONROE,Irondequoit,,,N,43.1970206,-77.5927155,09/07/2010,12:20 PM,PROPERTY DAMAGE AND INJURY,1.,0 ,1 ,COLLISION WITH TREE,OTHER,NONE,DAYLIGHT,CLEAR,DRY
6836 ,33565116,MONROE,Penfield,,253 43011278,N,43.1270534,-77.4939747,08/26/2010,4:00 PM,PROPERTY DAMAGE AND INJURY,1.,0 ,2 ,COLLISION WITH MOTOR VEHICLE,RIGHT ANGLE,NONE,DAYLIGHT,CLEAR,DRY
6836 ,33565141,MONROE,Perinton,,,N,43.0376055,-77.4506834,09/06/2010,12:48 PM,PROPERTY DAMAGE AND INJURY,1.,0 ,2 ,COLLISION WITH MOTOR VEHICLE,RIGHT ANGLE,NONE,DAYLIGHT,CLOUDY,DRY
6836 ,33565167,MONROE,Gates,,490I43021164,N,43.1578604,-77.7080347,09/03/2010,3:01 PM,INJURY,1.,0 ,2 ,COLLISION WITH MOTOR VEHICLE,REAR END,NONE,DAYLIGHT,CLOUDY,DRY
6836 ,33565260,MONROE,Ogden,,31 43031135,N,43.1809937,-77.7755136,09/06/2010,9:55 PM,PROPERTY DAMAGE AND INJURY,1.,0 ,1 ,COLLISION WITH PEDESTRIAN,OTHER,NONE,DARK-ROAD UNLIGHTED,CLOUDY,DRY
6836 ,33565267,MONROE,Rochester,,390I43033004,N,43.125186,-77.653843,09/08/2010,8:00 AM,INJURY,1.,0 ,2 ,COLLISION WITH MOTOR VEHICLE,REAR END,NONE,DAYLIGHT,CLOUDY,DRY
6836 ,33565295,MONROE,Brighton,,31 43032003,Y,43.126453,-77.564608,09/08/2010,7:58 AM,INJURY,1.,0 ,2 ,COLLISION WITH MOTOR VEHICLE,REAR END,TRAFFIC SIGNAL,DAYLIGHT,CLEAR,DRY
6836 ,33565297,MONROE,Penfield,,441 43011035,N,43.130343,-77.4750259,09/06/2010,1:49 PM,PROPERTY DAMAGE AND INJURY,2.,0 ,3 ,COLLISION WITH MOTOR VEHICLE,OTHER,TRAFFIC SIGNAL,DAYLIGHT,CLOUDY,DRY
6836 ,33565427,MONROE,Penfield,,286 43011048,N,43.1602947,-77.449822,09/03/2010,9:13 AM,PROPERTY DAMAGE AND INJURY,1.,0 ,2 ,COLLISION WITH MOTOR VEHICLE,RIGHT ANGLE,STOP SIGN,DAYLIGHT,CLEAR,DRY
6836 ,33565553,MONROE,Perinton,,31F43011022,Y,43.102264,-77.477941,09/01/2010,3:59 PM,PROPERTY DAMAGE AND INJURY,1.,0 ,2 ,COLLISION WITH MOTOR VEHICLE,REAR END,NONE,DAYLIGHT,CLEAR,DRY
6836 ,33565598,MONROE,Gates,,,Y,43.131614,-77.687307,09/03/2010,11:40 PM,PROPERTY DAMAGE AND INJURY,1.,0 ,1 ,COLLISION WITH PEDESTRIAN,OTHER,NONE,DARK-ROAD LIGHTED,CLOUDY,WET
6836 ,33565666,MONROE,Ogden,,33 43031097,N,43.1384226,-77.755934,09/07/2010,3:30 PM,PROPERTY DAMAGE AND INJURY,2.,0 ,2 ,COLLISION WITH MOTOR VEHICLE,OVERTAKING,NONE,DAYLIGHT,CLEAR,DRY
6836 ,33565959,MONROE,Greece,,,N,43.2351011,-77.6480234,09/05/2010,1:12 AM,PROPERTY DAMAGE AND INJURY,1.,0 ,1 ,COLLISION WITH BUILDING/WALL,OTHER,NONE,DARK-ROAD LIGHTED,RAIN,WET
6836 ,33566212,MONROE,Irondequoit,,,N,43.247239,-77.597107,09/06/2010,6:04 AM,PROPERTY DAMAGE AND INJURY,3.,0 ,1 ,COLL. W/LIGHT SUPPORT/UTILITY POLE,OTHER,TRAFFIC SIGNAL,DARK-ROAD LIGHTED,CLEAR,DRY
6836 ,33566301,MONROE,Webster,,,N,43.21571,-77.430219,09/04/2010,2:09 PM,PROPERTY DAMAGE AND INJURY,1.,0 ,2 ,COLLISION WITH MOTOR VEHICLE,RIGHT ANGLE,TRAFFIC SIGNAL,DAYLIGHT,CLEAR,DRY
6836 ,33566616,MONROE,Gates,,,Y,43.149896,-77.690964,09/07/2010,3:32 PM,PROPERTY DAMAGE AND INJURY,1.,0 ,2 ,COLLISION WITH MOTOR VEHICLE,REAR END,TRAFFIC SIGNAL,DAYLIGHT,CLEAR,DRY
6836 ,33566633,MONROE,Chili,,383 43011100,N,43.0640617,-77.7091111,08/31/2010,1:22 PM,PROPERTY DAMAGE AND INJURY,3.,0 ,2 ,COLLISION WITH MOTOR VEHICLE,SIDESWIPE,NONE,DAYLIGHT,CLEAR,DRY
6836 ,33566919,MONROE,Brighton,,15A43041121,N,43.0979235,-77.6132745,09/09/2010,1:27 PM,INJURY,1.,0 ,1 ,COLLISION WITH BICYCLIST,OTHER,TRAFFIC SIGNAL,DAYLIGHT,CLOUDY,DRY
6836 ,33567008,MONROE,Penfield,,,Y,43.141031,-77.452001,09/07/2010,7:45 PM,INJURY,1.,0 ,1 ,COLLISION WITH BICYCLIST,OTHER,NONE,DAYLIGHT,CLOUDY,DRY
6836 ,33567098,MONROE,Webster,,,N,43.214195,-77.475083,09/07/2010,12:39 AM,PROPERTY DAMAGE AND INJURY,1.,0 ,2 ,COLLISION WITH MOTOR VEHICLE,REAR END,TRAFFIC SIGNAL,DARK-ROAD LIGHTED,CLOUDY,DRY
6836 ,33567216,MONROE,Brighton,,590 43011003,N,43.1083953,-77.5616235,09/07/2010,5:20 PM,INJURY,2.,0 ,3 ,COLLISION WITH MOTOR VEHICLE,OTHER,NONE,DAYLIGHT,CLEAR,DRY
6836 ,33567225,MONROE,Gates,,390 43011009,N,43.1714293,-77.6830539,09/08/2010,2:44 PM,PROPERTY DAMAGE AND INJURY,1.,0 ,1 ,COLLISION WITH GUIDE RAIL,OTHER,NONE,DAYLIGHT,CLOUDY,DRY
6836 ,33567230,MONROE,Gates,,,Y,43.140051,-77.666453,09/04/2010,4:20 PM,PROPERTY DAMAGE AND INJURY,1.,0 ,2 ,COLLISION WITH MOTOR VEHICLE,RIGHT ANGLE,NONE,DAYLIGHT,RAIN,WET
6836 ,33567311,MONROE,Rochester,,490I43022032,N,43.1517133,-77.6141036,09/09/2010,7:22 AM,PROPERTY DAMAGE AND INJURY,1.,0 ,2 ,COLLISION WITH MOTOR VEHICLE,REAR END,NONE,DAYLIGHT,CLOUDY,DRY
6836 ,33567334,MONROE,Gates,,,Y,43.16466,-77.701555,09/10/2010,5:19 PM,PROPERTY DAMAGE AND INJURY,1.,0 ,2 ,COLLISION WITH MOTOR VEHICLE,REAR END,TRAFFIC SIGNAL,DAYLIGHT,CLEAR,DRY
6836 ,33567361,MONROE,Rush,,15 43031038,N,42.9898815,-77.6706693,08/31/2010,5:27 PM,PROPERTY DAMAGE AND INJURY,1.,0 ,2 ,COLLISION WITH MOTOR VEHICLE,LEFT TURN (AGAINST OTHER CAR),TRAFFIC SIGNAL,DAYLIGHT,CLEAR,DRY
6836 ,33567402,MONROE,Gates,,,Y,43.143098,-77.7360221,09/07/2010,8:11 PM,PROPERTY DAMAGE AND INJURY,2.,0 ,2 ,COLLISION WITH MOTOR VEHICLE,RIGHT ANGLE,TRAFFIC SIGNAL,DARK-ROAD LIGHTED,CLOUDY,WET
6836 ,33567462,MONROE,Rochester,,,Y,43.211523,-77.560043,09/08/2010,12:35 PM,PROPERTY DAMAGE AND INJURY,1.,0 ,2 ,COLLISION WITH MOTOR VEHICLE,RIGHT ANGLE,TRAFFIC SIGNAL,DAYLIGHT,CLOUDY,DRY
6836 ,33567484,MONROE,Rochester,,490I43022064,N,43.1445884,-77.5561137,09/09/2010,3:01 PM,PROPERTY DAMAGE AND INJURY,1.,0 ,1 ,COLLISION WITH OTHER BARRIER,OTHER,NONE,DAYLIGHT,CLOUDY,DRY
6836 ,33567662,MONROE,Irondequoit,,,Y,43.195336,-77.576718,09/10/2010,2:36 PM,PROPERTY DAMAGE AND INJURY,2.,0 ,4 ,COLLISION WITH MOTOR VEHICLE,OTHER,TRAFFIC SIGNAL,DAYLIGHT,CLEAR,DRY
6836 ,33567671,MONROE,Irondequoit,,,N,43.2345218,-77.5372114,09/04/2010,7:14 PM,PROPERTY DAMAGE AND INJURY,1.,0 ,2 ,COLLISION WITH MOTOR VEHICLE,REAR END,NO PASSING ZONE,DAYLIGHT,CLOUDY,DRY
6836 ,33567681,MONROE,Irondequoit,,104 43033009,N,43.196244,-77.57677,09/10/2010,3:19 PM,PROPERTY DAMAGE AND INJURY,1.,0 ,1 ,COLLISION WITH BRIDGE STRUCTURE,OTHER,NONE,DAYLIGHT,CLEAR,DRY
6836 ,33567693,MONROE,Clarkson,,19 43041098,N,43.2698936,-77.9214423,09/02/2010,11:55 AM,INJURY,1.,0 ,2 ,COLLISION WITH OTHER PEDESTRIAN,OTHER,TRAFFIC SIGNAL,DAYLIGHT,CLEAR,DRY
6836 ,33567738,MONROE,Sweden,,,Y,43.132838,-77.987306,09/04/2010,4:30 AM,PROPERTY DAMAGE AND INJURY,1.,0 ,1 ,COLL. W/EARTH ELE./ROCK CUT/DITCH,OTHER,NONE,DARK-ROAD UNLIGHTED,CLOUDY,DRY
6836 ,33567792,MONROE,Henrietta,,,Y,43.072495,-77.655961,09/11/2010,3:54 PM,PROPERTY DAMAGE AND INJURY,1.,0 ,2 ,COLLISION WITH MOTOR VEHICLE,REAR END,NONE,DAYLIGHT,CLEAR,DRY
6836 ,33567811,MONROE,Greece,,,N,43.2493353,-77.6468091,09/08/2010,12:52 PM,INJURY,1.,0 ,1 ,COLLISION WITH BICYCLIST,OTHER,NONE,DAYLIGHT,CLOUDY,DRY
6836 ,33567828,MONROE,Perinton,,31 43033066,N,43.0775452,-77.4772907,09/10/2010,5:24 PM,PROPERTY DAMAGE AND INJURY,1.,0 ,2 ,COLLISION WITH MOTOR VEHICLE,LEFT TURN (AGAINST OTHER CAR),TRAFFIC SIGNAL,DAYLIGHT,CLEAR,DRY
6836 ,33567887,MONROE,Greece,,,N,43.1870512,-77.7015085,09/10/2010,12:50 PM,INJURY,1.,0 ,2 ,COLLISION WITH MOTOR VEHICLE,REAR END,TRAFFIC SIGNAL,DAYLIGHT,CLEAR,DRY
6836 ,33567915,MONROE,Greece,,,N,43.2114645,-77.7134645,09/06/2010,11:42 AM,INJURY,1.,0 ,2 ,COLLISION WITH MOTOR VEHICLE,REAR END,TRAFFIC SIGNAL,DAYLIGHT,CLOUDY,DRY
6836 ,33567917,MONROE,Pittsford,,96 43051080,N,43.1201532,-77.5201778,09/07/2010,7:00 AM,PROPERTY DAMAGE AND INJURY,1.,0 ,2 ,COLLISION WITH MOTOR VEHICLE,HEAD ON,TRAFFIC SIGNAL,DAYLIGHT,CLEAR,DRY
6836 ,33567920,MONROE,Henrietta,,,N,43.095843,-77.581901,09/10/2010,6:00 PM,PROPERTY DAMAGE AND INJURY,2.,0 ,2 ,COLLISION WITH MOTOR VEHICLE,LEFT TURN (AGAINST OTHER CAR),TRAFFIC SIGNAL,DAYLIGHT,CLEAR,DRY
6836 ,33568590,MONROE,Brighton,,,Y,43.127722,-77.564997,09/08/2010,3:07 PM,INJURY,1.,0 ,1 ,COLLISION WITH BICYCLIST,OTHER,NONE,DAYLIGHT,CLOUDY,DRY
6836 ,33568812,MONROE,Rochester,,,N,43.1308163,-77.6361553,08/26/2010,12:10 PM,PROPERTY DAMAGE AND INJURY,1.,0 ,4 ,COLLISION WITH MOTOR VEHICLE,OTHER,NONE,DAYLIGHT,CLEAR,DRY
6836 ,33568816,MONROE,Rochester,,,N,43.1376154,-77.6272242,08/25/2010,9:44 PM,INJURY,1.,0 ,1 ,COLLISION WITH PEDESTRIAN,OTHER,NONE,DARK-ROAD LIGHTED,CLOUDY,DRY
6836 ,33568961,MONROE,Webster,,,Y,43.240801,-77.400501,09/08/2010,10:59 AM,PROPERTY DAMAGE AND INJURY,2.,0 ,2 ,COLLISION WITH MOTOR VEHICLE,RIGHT ANGLE,STOP SIGN,DAYLIGHT,CLOUDY,DRY
6836 ,33569062,MONROE,Rochester,,,Y,43.158317,-77.601276,08/07/2010,2:43 PM,INJURY,1.,0 ,1 ,COLLISION WITH PEDESTRIAN,OTHER,TRAFFIC SIGNAL,DAYLIGHT,CLEAR,DRY
6836 ,33569291,MONROE,Rochester,,,N,43.1663285,-77.6366951,06/12/2010,2:50 AM,INJURY,1.,0 ,2 ,COLLISION WITH MOTOR VEHICLE,OVERTAKING,NONE,DARK-ROAD LIGHTED,CLEAR,DRY
6836 ,33569830,MONROE,Scottsville,,383 43011055,Y,43.015548,-77.762271,08/30/2010,12:30 AM,FATAL,0.,1 ,1 ,OVERTURNED,OTHER,NONE,DARK-ROAD LIGHTED,CLEAR,DRY
6836 ,33569896,MONROE,Rochester,,,Y,43.167362,-77.616907,09/04/2010,7:13 AM,PROPERTY DAMAGE AND INJURY,2.,0 ,2 ,COLLISION WITH MOTOR VEHICLE,RIGHT ANGLE,TRAFFIC SIGNAL,DAYLIGHT,CLEAR,DRY
6836 ,33569898,MONROE,Rochester,,,N,43.179403,-77.5990858,09/02/2010,5:56 PM,INJURY,1.,0 ,1 ,COLLISION WITH PEDESTRIAN,OTHER,NONE,DAYLIGHT,CLEAR,DRY
6836 ,33569899,MONROE,Rochester,,,Y,43.176416,-77.595191,09/06/2010,8:10 PM,INJURY,2.,0 ,1 ,COLLISION WITH BICYCLIST,OTHER,STOP SIGN,DARK-ROAD LIGHTED,CLOUDY,WET
6836 ,33569900,MONROE,Rochester,,,Y,43.160868,-77.621345,09/07/2010,9:16 AM,PROPERTY DAMAGE AND INJURY,5.,0 ,2 ,COLLISION WITH MOTOR VEHICLE,UNKNOWN,TRAFFIC SIGNAL,DAYLIGHT,CLOUDY,DRY
6836 ,33570185,MONROE,Brighton,,,N,43.128025,-77.521656,08/02/2010,2:00 PM,INJURY,4.,0 ,4 ,COLLISION WITH MOTOR VEHICLE,OTHER,TRAFFIC SIGNAL,DAYLIGHT,CLEAR,DRY
6836 ,33570298,MONROE,Rochester,,,Y,43.154515,-77.603156,08/17/2010,9:40 AM,PROPERTY DAMAGE AND INJURY,1.,0 ,2 ,COLLISION WITH MOTOR VEHICLE,OVERTAKING,NONE,DAYLIGHT,CLEAR,DRY
6836 ,33570522,MONROE,Rush,,15 43031038,N,42.9898815,-77.6706693,09/01/2010,3:48 PM,PROPERTY DAMAGE AND INJURY,1.,0 ,2 ,COLLISION WITH MOTOR VEHICLE,REAR END,TRAFFIC SIGNAL,DAYLIGHT,CLEAR,DRY
6836 ,33570538,MONROE,Irondequoit,,,Y,43.210701,-77.59758,09/11/2010,10:09 PM,PROPERTY DAMAGE AND INJURY,1.,0 ,2 ,COLLISION WITH MOTOR VEHICLE,LEFT TURN (AGAINST OTHER CAR),STOP SIGN,DARK-ROAD LIGHTED,CLEAR,DRY
6836 ,33570550,MONROE,Chili,,,N,43.0889109,-77.7250382,09/04/2010,11:30 AM,PROPERTY DAMAGE AND INJURY,1.,0 ,1 ,COLLISION WITH GUIDE RAIL,OTHER,NONE,DAYLIGHT,CLEAR,DRY
6836 ,33570564,MONROE,Rochester,,31 43032011,N,43.1646475,-77.6542445,09/03/2010,10:55 AM,PROPERTY DAMAGE AND INJURY,3.,0 ,2 ,COLLISION WITH MOTOR VEHICLE,REAR END,TRAFFIC SIGNAL,DAYLIGHT,CLEAR,DRY
6836 ,33570590,MONROE,Ogden,,259 43011031,N,43.1371223,-77.8065376,09/11/2010,4:10 PM,PROPERTY DAMAGE AND INJURY,3.,0 ,2 ,COLLISION WITH MOTOR VEHICLE,RIGHT ANGLE,STOP SIGN,DAYLIGHT,CLEAR,DRY
6836 ,33570625,MONROE,Chili,,252 43011024,N,43.088909,-77.7239171,09/11/2010,5:59 PM,PROPERTY DAMAGE AND INJURY,1.,0 ,2 ,COLLISION WITH MOTOR VEHICLE,LEFT TURN (AGAINST OTHER CAR),NONE,DAYLIGHT,CLEAR,DRY
6836 ,33570773,MONROE,Henrietta,,,Y,43.087044,-77.6247261,09/10/2010,9:55 PM,INJURY,1.,0 ,2 ,COLLISION WITH MOTOR VEHICLE,REAR END,TRAFFIC SIGNAL,DARK-ROAD LIGHTED,CLEAR,DRY
6836 ,33570947,MONROE,Greece,,,Y,43.218046,-77.641283,09/13/2010,6:19 PM,INJURY,1.,0 ,1 ,COLLISION WITH BICYCLIST,OTHER,NONE,DAYLIGHT,CLEAR,DRY
6836 ,33571040,MONROE,Gates,,490I43021002,N,43.1590587,-77.6817606,09/09/2010,1:29 PM,PROPERTY DAMAGE AND INJURY,1.,0 ,1 ,COLLISION WITH GUIDE RAIL,OTHER,NONE,DAYLIGHT,CLOUDY,DRY