QUERYID,CASE #,REGN_CNTY_CDE,Municipality,MUNITYPE,REF_MRKR,ATINTERSECTION_IND,Lat,Long,,Time,Crash Type,Injuries,Fatalities,Number of Vehicles,ACCD_TYP,COLLISION_TYP,TRAF_CNTL,Light Condition,Weather Condition,Road Surface Condition
6836 ,33571057,MONROE,Irondequoit,,,N,43.2074166,-77.5482784,09/13/2010,9:38 PM,PROPERTY DAMAGE AND INJURY,1.,0 ,1 ,COLLISION WITH GUIDE RAIL,OTHER,NONE,DARK-ROAD LIGHTED,CLEAR,DRY
6836 ,33571135,MONROE,Rochester,,,N,43.130922,-77.6536992,09/13/2010,7:45 AM,PROPERTY DAMAGE AND INJURY,1.,0 ,2 ,COLLISION WITH MOTOR VEHICLE,LEFT TURN (AGAINST OTHER CAR),TRAFFIC SIGNAL,DAWN,RAIN,WET
6836 ,33571432,MONROE,Greece,,,N,43.206627,-77.676202,09/09/2010,7:40 PM,PROPERTY DAMAGE AND INJURY,2.,0 ,3 ,COLLISION WITH MOTOR VEHICLE,OTHER,TRAFFIC SIGNAL,DARK-ROAD LIGHTED,CLOUDY,DRY
6836 ,33571562,MONROE,Greece,,390 43011031,N,43.2019472,-77.6771585,09/13/2010,2:12 PM,PROPERTY DAMAGE AND INJURY,2.,0 ,2 ,COLLISION WITH MOTOR VEHICLE,OVERTAKING,NONE,DAYLIGHT,RAIN,WET
6836 ,33571571,MONROE,Rochester,,,N,43.1646342,-77.6469,08/25/2010,7:36 AM,INJURY,2.,0 ,2 ,COLLISION WITH MOTOR VEHICLE,REAR END,NONE,DAYLIGHT,CLEAR,DRY
6836 ,33571606,MONROE,Greece,,390 43011026,N,43.1956904,-77.6820373,09/13/2010,2:33 PM,PROPERTY DAMAGE AND INJURY,1.,0 ,2 ,COLLISION WITH MOTOR VEHICLE,REAR END,NONE,DAYLIGHT,CLOUDY,WET
6836 ,33571815,MONROE,Pittsford,,252 43011129,N,43.0873324,-77.522353,09/09/2010,4:00 PM,INJURY,1.,0 ,1 ,COLLISION WITH BICYCLIST,OTHER,NONE,DAYLIGHT,CLOUDY,DRY
6836 ,33571821,MONROE,Brockport,,,Y,43.220104,-77.937081,09/07/2010,11:02 AM,INJURY,1.,0 ,1 ,COLLISION WITH PEDESTRIAN,OTHER,TRAFFIC SIGNAL,DAYLIGHT,CLEAR,DRY
6836 ,33571822,MONROE,Hamlin,,,N,43.3135358,-77.9263066,09/15/2010,8:00 AM,INJURY,1.,0 ,2 ,COLLISION WITH MOTOR VEHICLE,REAR END,NONE,DAYLIGHT,CLEAR,DRY
6836 ,33571823,MONROE,Wheatland,,,N,42.9892682,-77.7474124,09/11/2010,8:25 AM,PROPERTY DAMAGE AND INJURY,1.,0 ,1 ,COLLISION WITH TREE,OTHER,NONE,DAYLIGHT,CLEAR,DRY
6836 ,33571828,MONROE,Sweden,,,N,43.2133971,-77.9780052,09/14/2010,7:14 AM,PROPERTY DAMAGE AND INJURY,2.,0 ,3 ,COLLISION WITH MOTOR VEHICLE,OTHER,NONE,DAYLIGHT,CLEAR,DRY
6836 ,33571832,MONROE,Henrietta,,,N,43.0794838,-77.5899167,09/10/2010,6:57 PM,INJURY,1.,0 ,1 ,COLLISION WITH PEDESTRIAN,OTHER,NONE,DUSK,CLOUDY,DRY
6836 ,33571833,MONROE,Penfield,,441 43011040,Y,43.13124,-77.4639639,09/14/2010,7:20 AM,PROPERTY DAMAGE AND INJURY,3.,0 ,2 ,COLLISION WITH MOTOR VEHICLE,RIGHT ANGLE,TRAFFIC SIGNAL,DAYLIGHT,CLEAR,DRY
6836 ,33571838,MONROE,Brockport,,,N,43.2109892,-77.9458738,09/15/2010,7:09 PM,PROPERTY DAMAGE AND INJURY,1.,0 ,1 ,COLLISION WITH PEDESTRIAN,OTHER,NONE,DUSK,CLEAR,DRY
6836 ,33571841,MONROE,Perinton,,,Y,43.049922,-77.4320259,09/13/2010,6:08 PM,PROPERTY DAMAGE AND INJURY,1.,0 ,2 ,COLLISION WITH MOTOR VEHICLE,REAR END,NONE,DAYLIGHT,CLOUDY,DRY
6836 ,33571849,MONROE,Brighton,,252 43011049,N,43.0923507,-77.679308,09/15/2010,9:26 PM,PROPERTY DAMAGE AND INJURY,1.,0 ,2 ,COLLISION WITH MOTOR VEHICLE,REAR END,TRAFFIC SIGNAL,DARK-ROAD LIGHTED,CLEAR,DRY
6836 ,33571853,MONROE,Perinton,,,N,43.0394953,-77.4581931,09/13/2010,1:27 PM,PROPERTY DAMAGE AND INJURY,2.,0 ,3 ,COLLISION WITH MOTOR VEHICLE,OTHER,TRAFFIC SIGNAL,DAYLIGHT,CLOUDY,DRY
6836 ,33571858,MONROE,Mendon,,251 43011217,N,42.9938556,-77.5650163,09/11/2010,6:50 PM,PROPERTY DAMAGE AND INJURY,1.,0 ,1 ,COLLISION WITH DEER,OTHER,NONE,DUSK,CLEAR,DRY
6836 ,33571861,MONROE,Henrietta,,252 43011102,Y,43.087286,-77.573283,09/15/2010,1:56 PM,PROPERTY DAMAGE AND INJURY,1.,0 ,2 ,COLLISION WITH MOTOR VEHICLE,REAR END,NONE,DAYLIGHT,CLEAR,DRY
6836 ,33571869,MONROE,Brighton,,441 43011102,N,43.1292487,-77.5264746,09/16/2010,4:39 PM,INJURY,3.,0 ,4 ,COLLISION WITH MOTOR VEHICLE,OTHER,TRAFFIC SIGNAL,DAYLIGHT,RAIN,WET
6836 ,33571870,MONROE,Hamlin,,18 43031043,N,43.2947546,-77.9129899,09/14/2010,2:55 PM,INJURY,1.,0 ,1 ,COLL. W/LIGHT SUPPORT/UTILITY POLE,OTHER,NONE,DAYLIGHT,CLEAR,DRY
6836 ,33571885,MONROE,Fairport,,,N,43.0985303,-77.4410821,09/15/2010,5:18 PM,INJURY,1.,0 ,3 ,COLLISION WITH MOTOR VEHICLE,OTHER,NONE,DAYLIGHT,CLEAR,DRY
6836 ,33571886,MONROE,Henrietta,,,N,43.076125,-77.595017,08/26/2010,12:00 PM,PROPERTY DAMAGE AND INJURY,1.,0 ,2 ,COLLISION WITH MOTOR VEHICLE,REAR END,NONE,DAYLIGHT,CLOUDY,DRY
6836 ,33571905,MONROE,Brighton,,,Y,43.105967,-77.576799,09/15/2010,3:20 PM,PROPERTY DAMAGE AND INJURY,1.,0 ,2 ,COLLISION WITH MOTOR VEHICLE,LEFT TURN (WITH OTHER CAR),TRAFFIC SIGNAL,DAYLIGHT,CLOUDY,DRY
6836 ,33571907,MONROE,Gates,,,N,43.1732655,-77.718401,09/15/2010,12:58 PM,PROPERTY DAMAGE AND INJURY,1.,0 ,2 ,COLLISION WITH MOTOR VEHICLE,HEAD ON,NONE,DAYLIGHT,CLOUDY,DRY
6836 ,33571908,MONROE,Gates,,,Y,43.139152,-77.708589,09/13/2010,3:00 PM,PROPERTY DAMAGE AND INJURY,1.,0 ,3 ,COLLISION WITH MOTOR VEHICLE,OTHER,TRAFFIC SIGNAL,DAYLIGHT,CLEAR,DRY
6836 ,33572408,MONROE,Clarkson,,104 43031040,N,43.2321675,-77.9245062,09/16/2010,4:31 PM,INJURY,1.,0 ,2 ,COLLISION WITH MOTOR VEHICLE,REAR END,NONE,DAYLIGHT,CLOUDY,WET
6836 ,33572415,MONROE,Brighton,,,N,43.129144,-77.524889,08/27/2010,6:50 AM,INJURY,1.,0 ,2 ,COLLISION WITH MOTOR VEHICLE,REAR END,YIELD SIGN,DAWN,CLEAR,DRY
6836 ,33572422,MONROE,Clarkson,,104 43031050,N,43.2288879,-77.9052482,09/16/2010,6:15 PM,PROPERTY DAMAGE AND INJURY,1.,0 ,2 ,COLLISION WITH MOTOR VEHICLE,REAR END,TRAFFIC SIGNAL,DAYLIGHT,RAIN,WET
6836 ,33572626,MONROE,Rochester,,,N,43.2344867,-77.5538842,08/29/2010,7:12 PM,INJURY,2.,0 ,2 ,COLLISION WITH MOTOR VEHICLE,SIDESWIPE,NONE,DAYLIGHT,CLEAR,DRY
6836 ,33572630,MONROE,Rochester,,,Y,43.153907,-77.597689,09/02/2010,4:06 PM,INJURY,1.,0 ,1 ,COLLISION WITH BICYCLIST,OTHER,STOP SIGN,DAYLIGHT,CLEAR,DRY
6836 ,33572631,MONROE,Rochester,,,Y,43.141363,-77.576263,09/01/2010,4:07 PM,PROPERTY DAMAGE AND INJURY,2.,0 ,2 ,COLLISION WITH MOTOR VEHICLE,REAR END,TRAFFIC SIGNAL,DAYLIGHT,CLEAR,DRY
6836 ,33572695,MONROE,Greece,,,N,43.2099765,-77.6966727,08/24/2010,10:26 AM,INJURY,1.,0 ,2 ,COLLISION WITH MOTOR VEHICLE,REAR END,NONE,DAYLIGHT,CLEAR,DRY
6836 ,33572793,MONROE,Brighton,,15 43031124,Y,43.107599,-77.6260821,09/14/2010,6:28 AM,FATAL,0.,1 ,1 ,COLLISION WITH PEDESTRIAN,OTHER,NONE,DAWN,CLEAR,DRY
6836 ,33572840,MONROE,Ogden,,36 43031136,Y,43.165316,-77.8554389,09/10/2010,4:15 PM,PROPERTY DAMAGE AND INJURY,2.,0 ,1 ,COLLISION WITH CULVERT/HEADWALL,OTHER,STOP SIGN,DAYLIGHT,CLEAR,DRY
6836 ,33573200,MONROE,Irondequoit,,104 43033008,N,43.1963106,-77.567514,09/16/2010,11:59 AM,INJURY,1.,0 ,2 ,COLLISION WITH MOTOR VEHICLE,REAR END,NONE,DAYLIGHT,RAIN,WET
6836 ,33573687,MONROE,Greece,,,Y,43.236608,-77.646863,09/09/2010,8:30 PM,INJURY,1.,0 ,1 ,COLLISION WITH BICYCLIST,OTHER,TRAFFIC SIGNAL,DARK-ROAD LIGHTED,CLOUDY,DRY
6836 ,33573891,MONROE,Clarkson,,19 43041074,N,43.235401,-77.9260915,09/13/2010,6:44 PM,PROPERTY DAMAGE AND INJURY,2.,0 ,1 ,COLL. W/EARTH ELE./ROCK CUT/DITCH,OTHER,NONE,DAYLIGHT,CLEAR,DRY
6836 ,33573911,MONROE,Greece,,,N,43.2236791,-77.6965287,09/10/2010,4:34 PM,INJURY,1.,0 ,2 ,COLLISION WITH MOTOR VEHICLE,REAR END,TRAFFIC SIGNAL,DAYLIGHT,CLEAR,DRY
6836 ,33573931,MONROE,Brighton,,,Y,43.126889,-77.550628,09/13/2010,3:07 PM,PROPERTY DAMAGE AND INJURY,1.,0 ,3 ,COLLISION WITH MOTOR VEHICLE,OTHER,NONE,DAYLIGHT,CLOUDY,WET
6836 ,33573953,MONROE,Brighton,,15 43031114,N,43.0945939,-77.6327823,09/12/2010,7:45 PM,PROPERTY DAMAGE AND INJURY,1.,0 ,3 ,COLLISION WITH MOTOR VEHICLE,OTHER,NONE,DARK-ROAD LIGHTED,CLOUDY,DRY
6836 ,33574016,MONROE,Gates,,,N,43.1658385,-77.7324136,09/13/2010,7:35 AM,INJURY,1.,0 ,2 ,COLLISION WITH MOTOR VEHICLE,REAR END,NONE,DAYLIGHT,RAIN,WET
6836 ,33574038,MONROE,Rochester,,,N,43.1960581,-77.6236028,09/03/2010,4:35 PM,PROPERTY DAMAGE AND INJURY,3.,0 ,3 ,COLLISION WITH MOTOR VEHICLE,OTHER,TRAFFIC SIGNAL,DAYLIGHT,RAIN,WET
6836 ,33574192,MONROE,Brighton,,,N,43.1152645,-77.5988596,09/13/2010,10:28 AM,PROPERTY DAMAGE AND INJURY,1.,0 ,3 ,COLLISION WITH MOTOR VEHICLE,OTHER,NONE,DAYLIGHT,RAIN,WET
6836 ,33574245,MONROE,Greece,,,N,43.2238213,-77.640302,09/10/2010,4:43 PM,INJURY,1.,0 ,2 ,COLLISION WITH MOTOR VEHICLE,REAR END,NONE,DAYLIGHT,CLOUDY,DRY
6836 ,33574425,MONROE,Gates,,,N,43.1744124,-77.7323607,09/13/2010,8:17 AM,PROPERTY DAMAGE AND INJURY,1.,0 ,2 ,COLLISION WITH MOTOR VEHICLE,RIGHT ANGLE,NONE,DAYLIGHT,RAIN,WET
6836 ,33574815,MONROE,Henrietta,,,Y,43.078223,-77.628707,09/09/2010,8:38 PM,PROPERTY DAMAGE AND INJURY,2.,0 ,3 ,COLLISION WITH MOTOR VEHICLE,OTHER,TRAFFIC SIGNAL,DARK-ROAD LIGHTED,CLOUDY,DRY
6836 ,33575019,MONROE,Brighton,,,N,43.095185,-77.602071,09/14/2010,7:00 AM,PROPERTY DAMAGE AND INJURY,1.,0 ,2 ,COLLISION WITH MOTOR VEHICLE,REAR END,TRAFFIC SIGNAL,DAYLIGHT,CLEAR,DRY
6836 ,33575250,MONROE,Rochester,,,Y,43.170884,-77.584774,08/21/2010,2:05 AM,PROPERTY DAMAGE AND INJURY,2.,0 ,2 ,COLLISION WITH MOTOR VEHICLE,LEFT TURN (WITH OTHER CAR),STOP SIGN,DARK-ROAD LIGHTED,CLEAR,DRY
6836 ,33575437,MONROE,Rochester,,,N,43.1217126,-77.6188665,09/09/2010,11:13 AM,PROPERTY DAMAGE AND INJURY,1.,0 ,2 ,COLLISION WITH MOTOR VEHICLE,RIGHT ANGLE,UNKNOWN,DAYLIGHT,CLOUDY,DRY
6836 ,33575478,MONROE,Brighton,,590I43011027,N,43.1120132,-77.5528546,07/22/2010,7:22 PM,PROPERTY DAMAGE AND INJURY,3.,0 ,2 ,COLLISION WITH MOTOR VEHICLE,REAR END,NONE,DAYLIGHT,CLEAR,DRY
6836 ,33575533,MONROE,Rochester,,,Y,43.1939,-77.656541,08/31/2010,5:24 PM,PROPERTY DAMAGE AND INJURY,5.,0 ,4 ,COLLISION WITH MOTOR VEHICLE,OTHER,TRAFFIC SIGNAL,DAYLIGHT,CLEAR,DRY
6836 ,33575535,MONROE,Rochester,,,N,43.1369182,-77.6358157,08/29/2010,9:01 PM,INJURY,1.,0 ,1 ,COLLISION WITH BICYCLIST,OTHER,NONE,DUSK,CLEAR,DRY
6836 ,33575759,MONROE,Rochester,,,Y,43.130922,-77.653697,08/16/2010,4:09 PM,FATAL,0.,1 ,2 ,COLLISION WITH MOTOR VEHICLE,SIDESWIPE,TRAFFIC SIGNAL,DAYLIGHT,CLEAR,DRY
6836 ,33575800,MONROE,Greece,,,N,43.2966317,-77.7183307,08/13/2010,9:14 PM,INJURY,1.,0 ,1 ,COLLISION WITH TREE,OTHER,NONE,DARK-ROAD UNLIGHTED,CLOUDY,DRY
6836 ,33576280,MONROE,Rochester,,,Y,43.187092,-77.591845,09/10/2010,8:32 AM,PROPERTY DAMAGE AND INJURY,2.,0 ,5 ,COLLISION WITH MOTOR VEHICLE,OTHER,TRAFFIC SIGNAL,DAYLIGHT,CLOUDY,DRY
6836 ,33576292,MONROE,Greece,,,N,43.1890232,-77.6920483,09/16/2010,3:49 PM,INJURY,1.,0 ,2 ,COLLISION WITH MOTOR VEHICLE,REAR END,NONE,DAYLIGHT,RAIN,WET
6836 ,33576511,MONROE,Greece,,,Y,43.186914,-77.701511,09/17/2010,7:00 PM,PROPERTY DAMAGE AND INJURY,4.,0 ,2 ,COLLISION WITH MOTOR VEHICLE,RIGHT ANGLE,TRAFFIC SIGNAL,DUSK,CLOUDY,DRY
6836 ,33576827,MONROE,Brighton,,31 43033021,Y,43.111017,-77.547717,09/18/2010,12:38 PM,INJURY,1.,0 ,2 ,COLLISION WITH MOTOR VEHICLE,RIGHT ANGLE,TRAFFIC SIGNAL,DAYLIGHT,CLEAR,DRY
6836 ,33576833,MONROE,Brighton,,,N,43.1172449,-77.5963066,09/20/2010,5:43 PM,PROPERTY DAMAGE AND INJURY,1.,0 ,3 ,COLLISION WITH MOTOR VEHICLE,OTHER,NONE,DAYLIGHT,CLEAR,DRY
6836 ,33576959,MONROE,Gates,,,N,43.1696115,-77.7019089,09/19/2010,8:17 PM,INJURY,1.,0 ,1 ,COLLISION WITH PEDESTRIAN,OTHER,NONE,DARK-ROAD LIGHTED,CLEAR,DRY
6836 ,33576976,MONROE,Webster,,,N,43.2140407,-77.4188814,09/20/2010,4:33 PM,INJURY,4.,0 ,1 ,COLLISION WITH PEDESTRIAN,OTHER,TRAFFIC SIGNAL,DAYLIGHT,CLEAR,DRY
6836 ,33576991,MONROE,Perinton,,,N,43.1023515,-77.479086,09/15/2010,9:56 AM,PROPERTY DAMAGE AND INJURY,1.,0 ,2 ,COLLISION WITH MOTOR VEHICLE,REAR END,NONE,DAYLIGHT,CLEAR,DRY
6836 ,33577023,MONROE,Irondequoit,,,Y,43.188399,-77.5533,09/21/2010,12:07 AM,PROPERTY DAMAGE AND INJURY,1.,0 ,2 ,COLLISION WITH MOTOR VEHICLE,REAR END,TRAFFIC SIGNAL,DARK-ROAD UNLIGHTED,CLEAR,DRY
6836 ,33577103,MONROE,Penfield,,,N,43.1802265,-77.5025286,09/15/2010,2:56 PM,PROPERTY DAMAGE AND INJURY,1.,0 ,2 ,COLLISION WITH MOTOR VEHICLE,LEFT TURN (AGAINST OTHER CAR),NO PASSING ZONE,DAYLIGHT,CLEAR,DRY
6836 ,33577111,MONROE,Mendon,,251 43011239,N,42.9972689,-77.5242337,09/20/2010,8:30 AM,PROPERTY DAMAGE AND INJURY,1.,0 ,2 ,COLLISION WITH MOTOR VEHICLE,RIGHT ANGLE,STOP SIGN,DAYLIGHT,CLEAR,DRY
6836 ,33577180,MONROE,Pittsford,,441 43011115,N,43.123253,-77.5070628,09/17/2010,4:40 PM,INJURY,1.,0 ,2 ,COLLISION WITH MOTOR VEHICLE,REAR END,TRAFFIC SIGNAL,DAYLIGHT,CLEAR,DRY
6836 ,33577219,MONROE,Rush,,15A43041046,N,42.9964901,-77.6456166,09/20/2010,3:26 PM,PROPERTY DAMAGE AND INJURY,1.,0 ,2 ,COLLISION WITH MOTOR VEHICLE,LEFT TURN (AGAINST OTHER CAR),TRAFFIC SIGNAL,DAYLIGHT,CLEAR,DRY
6836 ,33577262,MONROE,Webster,,104 43035289,N,43.2199032,-77.4002994,09/20/2010,12:04 PM,PROPERTY DAMAGE AND INJURY,1.,0 ,2 ,COLLISION WITH MOTOR VEHICLE,REAR END,NONE,DAYLIGHT,CLEAR,DRY
6836 ,33577283,MONROE,Webster,,,N,43.209078,-77.5150121,09/19/2010,8:37 PM,PROPERTY DAMAGE AND INJURY,1.,0 ,2 ,COLLISION WITH MOTOR VEHICLE,OVERTAKING,NONE,DARK-ROAD UNLIGHTED,CLEAR,DRY
6836 ,33577310,MONROE,Ogden,,33 43031086,N,43.1350277,-77.7761041,09/21/2010,9:36 AM,INJURY,1.,0 ,2 ,COLLISION WITH MOTOR VEHICLE,REAR END,NONE,DAYLIGHT,CLOUDY,DRY
6836 ,33577404,MONROE,Honeoye Falls,,,Y,42.952277,-77.592024,09/21/2010,4:02 PM,INJURY,2.,0 ,2 ,COLLISION WITH MOTOR VEHICLE,REAR END,NONE,DAYLIGHT,CLEAR,DRY
6836 ,33577406,MONROE,Brighton,,,N,43.1278375,-77.5321355,09/20/2010,10:20 PM,PROPERTY DAMAGE AND INJURY,1.,0 ,1 ,COLL. W/LIGHT SUPPORT/UTILITY POLE,OTHER,NONE,DARK-ROAD UNLIGHTED,CLEAR,DRY
6836 ,33577428,MONROE,Penfield,,104 43035057,N,43.1898655,-77.5039133,09/10/2010,11:04 AM,PROPERTY DAMAGE AND INJURY,1.,0 ,3 ,COLLISION WITH MOTOR VEHICLE,OTHER,TRAFFIC SIGNAL,DAYLIGHT,CLEAR,DRY
6836 ,33577439,MONROE,Pittsford,,441 43011113,N,43.1232582,-77.5067802,09/16/2010,2:11 PM,PROPERTY DAMAGE AND INJURY,1.,0 ,2 ,COLLISION WITH MOTOR VEHICLE,REAR END,NONE,DAYLIGHT,CLOUDY,WET
6836 ,33577461,MONROE,Brighton,,15 43031119,N,43.1009874,-77.6294516,09/18/2010,3:09 PM,PROPERTY DAMAGE AND INJURY,1.,0 ,2 ,COLLISION WITH MOTOR VEHICLE,OTHER,NONE,DAYLIGHT,CLOUDY,DRY
6836 ,33577818,MONROE,Rochester,,,Y,43.124472,-77.621599,09/08/2010,8:02 AM,PROPERTY DAMAGE AND INJURY,1.,0 ,2 ,COLLISION WITH MOTOR VEHICLE,RIGHT ANGLE,STOP SIGN,DAYLIGHT,CLEAR,DRY
6836 ,33578296,MONROE,Greece,,,N,43.2433089,-77.6590029,09/12/2010,4:37 PM,INJURY,1.,0 ,3 ,COLLISION WITH MOTOR VEHICLE,OTHER,STOP SIGN,DAYLIGHT,CLOUDY,DRY
6836 ,33578327,MONROE,Irondequoit,,,N,43.2110337,-77.5859226,09/14/2010,12:00 PM,INJURY,1.,0 ,2 ,COLLISION WITH MOTOR VEHICLE,REAR END,TRAFFIC SIGNAL,DAYLIGHT,CLEAR,DRY
6836 ,33578491,MONROE,Henrietta,,252 43011054,N,43.088038,-77.63631,09/07/2010,7:49 PM,INJURY,1.,0 ,2 ,COLLISION WITH MOTOR VEHICLE,REAR END,TRAFFIC SIGNAL,DARK-ROAD LIGHTED,CLOUDY,DRY
6836 ,33578529,MONROE,Chili,,,Y,43.1218362,-77.8063069,07/12/2010,11:30 AM,INJURY,1.,0 ,2 ,COLLISION WITH MOTOR VEHICLE,REAR END,NONE,DAYLIGHT,CLOUDY,DRY
6836 ,33578629,MONROE,Irondequoit,,,N,43.196444,-77.5767859,09/13/2010,4:45 PM,INJURY,1.,0 ,1 ,COLLISION WITH BICYCLIST,OTHER,TRAFFIC SIGNAL,DAYLIGHT,CLEAR,DRY
6836 ,33579021,MONROE,Rochester,,33 43032024,Y,43.152234,-77.627599,09/15/2010,3:00 PM,PROPERTY DAMAGE AND INJURY,14.,0 ,2 ,COLLISION WITH MOTOR VEHICLE,RIGHT ANGLE,NONE,DAYLIGHT,CLEAR,DRY
6836 ,33579319,MONROE,Rochester,,,Y,43.167593,-77.5939411,08/25/2010,12:00 AM,INJURY,1.,0 ,1 ,COLLISION WITH BRIDGE STRUCTURE,OTHER,NONE,UNKNOWN,CLEAR,DRY
6836 ,33579790,MONROE,Webster,,104 43035258,N,43.2143363,-77.4606753,09/21/2010,7:35 AM,PROPERTY DAMAGE AND INJURY,2.,0 ,5 ,COLLISION WITH MOTOR VEHICLE,OTHER,NONE,DAYLIGHT,CLEAR,DRY
6836 ,33579878,MONROE,Rochester,,490I43022001,N,43.1572915,-77.6724538,09/13/2010,9:10 AM,PROPERTY DAMAGE AND INJURY,1.,0 ,3 ,COLLISION WITH MOTOR VEHICLE,OTHER,NONE,DAYLIGHT,RAIN,WET
6836 ,33579938,MONROE,Greece,,,N,43.222334,-77.6590255,09/14/2010,1:47 PM,PROPERTY DAMAGE AND INJURY,1.,0 ,2 ,COLLISION WITH MOTOR VEHICLE,RIGHT TURN (WITH OTHER CAR),TRAFFIC SIGNAL,DAYLIGHT,CLEAR,DRY
6836 ,33580354,MONROE,Brighton,,441 43011103,N,43.129144,-77.524889,09/22/2010,12:48 PM,PROPERTY DAMAGE AND INJURY,1.,0 ,2 ,COLLISION WITH MOTOR VEHICLE,REAR END,TRAFFIC SIGNAL,DAYLIGHT,CLOUDY,WET
6836 ,33580359,MONROE,Hilton,,18 43031109,N,43.2871348,-77.7915438,09/20/2010,2:30 PM,PROPERTY DAMAGE AND INJURY,1.,0 ,3 ,COLLISION WITH MOTOR VEHICLE,OTHER,NONE,DAYLIGHT,CLEAR,DRY
6836 ,33580361,MONROE,Henrietta,,15 43031088,N,43.0591391,-77.6518253,09/22/2010,7:43 AM,PROPERTY DAMAGE AND INJURY,1.,0 ,2 ,COLLISION WITH MOTOR VEHICLE,LEFT TURN (AGAINST OTHER CAR),TRAFFIC SIGNAL,DAYLIGHT,RAIN,WET
6836 ,33580364,MONROE,Rush,,390 43011044,N,43.0017805,-77.670268,09/20/2010,11:42 AM,PROPERTY DAMAGE AND INJURY,1.,0 ,1 ,COLL. W/EARTH ELE./ROCK CUT/DITCH,OTHER,NONE,DAYLIGHT,CLEAR,DRY
6836 ,33580367,MONROE,Penfield,,,Y,43.182317,-77.474765,09/07/2010,10:20 PM,PROPERTY DAMAGE AND INJURY,2.,0 ,2 ,COLLISION WITH MOTOR VEHICLE,RIGHT ANGLE,TRAFFIC SIGNAL,DARK-ROAD LIGHTED,RAIN,WET
6836 ,33580370,MONROE,Henrietta,,15A43041021,N,43.087262,-77.609249,09/20/2010,5:11 PM,PROPERTY DAMAGE AND INJURY,1.,0 ,2 ,COLLISION WITH MOTOR VEHICLE,RIGHT ANGLE,STOP SIGN,DAYLIGHT,CLEAR,DRY
6836 ,33580380,MONROE,Gates,,,N,43.126545,-77.70153,09/20/2010,8:00 AM,PROPERTY DAMAGE AND INJURY,4.,0 ,5 ,COLLISION WITH MOTOR VEHICLE,OTHER,TRAFFIC SIGNAL,DAYLIGHT,CLEAR,DRY
6836 ,33580382,MONROE,Perinton,,,Y,43.048172,-77.4688549,09/01/2010,6:05 PM,INJURY,1.,0 ,2 ,COLLISION WITH MOTOR VEHICLE,REAR END,STOP SIGN,DAYLIGHT,CLEAR,DRY
6836 ,33580604,MONROE,Greece,,,N,43.2325381,-77.6469238,09/20/2010,2:47 PM,INJURY,1.,0 ,3 ,COLLISION WITH MOTOR VEHICLE,OTHER,NONE,DAYLIGHT,CLEAR,DRY
6836 ,33580611,MONROE,Greece,,,N,43.2065202,-77.6492494,09/19/2010,3:28 PM,PROPERTY DAMAGE AND INJURY,1.,0 ,1 ,COLLISION WITH TREE,OTHER,NONE,DAYLIGHT,CLOUDY,DRY
6836 ,33580613,MONROE,Greece,,104 43031136,Y,43.214716,-77.732804,09/22/2010,5:16 PM,PROPERTY DAMAGE AND INJURY,1.,0 ,2 ,COLLISION WITH MOTOR VEHICLE,LEFT TURN (AGAINST OTHER CAR),NONE,DAYLIGHT,CLEAR,DRY
6836 ,33580951,MONROE,Brighton,,,Y,43.095748,-77.586024,09/23/2010,8:00 AM,PROPERTY DAMAGE AND INJURY,1.,0 ,2 ,COLLISION WITH MOTOR VEHICLE,LEFT TURN (AGAINST OTHER CAR),TRAFFIC SIGNAL,DAYLIGHT,CLEAR,DRY
6836 ,33580955,MONROE,Henrietta,,,N,43.0871368,-77.6291346,09/10/2010,6:55 AM,INJURY,1.,0 ,2 ,COLLISION WITH MOTOR VEHICLE,REAR END,NONE,DAWN,RAIN,WET
6836 ,33580961,MONROE,Penfield,,441 43011051,N,43.130685,-77.4433968,09/22/2010,3:15 PM,PROPERTY DAMAGE AND INJURY,3.,0 ,2 ,COLLISION WITH MOTOR VEHICLE,RIGHT TURN (AGAINST OTHER CAR),NONE,DAYLIGHT,CLOUDY,WET
6836 ,33580967,MONROE,Perinton,,31 43033090,N,43.0685534,-77.4316379,09/21/2010,7:15 AM,PROPERTY DAMAGE AND INJURY,1.,0 ,2 ,COLLISION WITH MOTOR VEHICLE,RIGHT ANGLE,TRAFFIC SIGNAL,DAYLIGHT,CLEAR,DRY
6836 ,33580968,MONROE,Penfield,,,N,43.1744062,-77.5191018,09/16/2010,12:50 PM,PROPERTY DAMAGE AND INJURY,1.,0 ,2 ,COLLISION WITH MOTOR VEHICLE,SIDESWIPE,NONE,DAYLIGHT,RAIN,WET
6836 ,33580970,MONROE,Perinton,,96 43051011,N,43.0426813,-77.4637843,09/15/2010,6:55 AM,PROPERTY DAMAGE AND INJURY,1.,0 ,2 ,COLLISION WITH MOTOR VEHICLE,REAR END,TRAFFIC SIGNAL,DAYLIGHT,CLEAR,DRY
6836 ,33580971,MONROE,Henrietta,,,N,43.0592103,-77.6247809,09/17/2010,12:05 PM,INJURY,1.,0 ,2 ,COLLISION WITH MOTOR VEHICLE,RIGHT ANGLE,NONE,DAYLIGHT,CLOUDY,DRY
6836 ,33581062,MONROE,Henrietta,,,N,43.0954343,-77.5819655,09/17/2010,3:02 PM,PROPERTY DAMAGE AND INJURY,1.,0 ,2 ,COLLISION WITH MOTOR VEHICLE,RIGHT ANGLE,NONE,DAYLIGHT,CLOUDY,DRY
6836 ,33581445,MONROE,Perinton,,31 43034011,N,43.0647773,-77.4129757,09/21/2010,8:09 PM,PROPERTY DAMAGE AND INJURY,1.,0 ,2 ,COLLISION WITH MOTOR VEHICLE,HEAD ON,NONE,DARK-ROAD LIGHTED,CLEAR,DRY