QUERYID,CASE #,REGN_CNTY_CDE,Municipality,MUNITYPE,REF_MRKR,ATINTERSECTION_IND,Lat,Long,,Time,Crash Type,Injuries,Fatalities,Number of Vehicles,ACCD_TYP,COLLISION_TYP,TRAF_CNTL,Light Condition,Weather Condition,Road Surface Condition
6836 ,33581483,MONROE,Perinton,,250 43011023,N,43.0686636,-77.4423741,09/21/2010,6:02 PM,INJURY,1.,0 ,2 ,COLLISION WITH MOTOR VEHICLE,RIGHT ANGLE,NONE,DAYLIGHT,CLEAR,DRY
6836 ,33581557,MONROE,Rochester,,,Y,43.15843,-77.615431,09/20/2010,6:00 PM,PROPERTY DAMAGE AND INJURY,3.,0 ,2 ,COLLISION WITH MOTOR VEHICLE,LEFT TURN (WITH OTHER CAR),TRAFFIC SIGNAL,DAYLIGHT,CLEAR,DRY
6836 ,33582245,MONROE,Rochester,,,N,43.1434322,-77.5751134,09/26/2010,12:47 PM,PROPERTY DAMAGE AND INJURY,1.,0 ,2 ,COLLISION WITH MOTOR VEHICLE,RIGHT ANGLE,TRAFFIC SIGNAL,DAYLIGHT,CLEAR,DRY
6836 ,33582251,MONROE,Rochester,,490I43022055,N,43.1431524,-77.5750794,09/20/2010,4:43 PM,PROPERTY DAMAGE AND INJURY,1.,0 ,3 ,COLLISION WITH MOTOR VEHICLE,OTHER,NONE,DAYLIGHT,CLEAR,DRY
6836 ,33582259,MONROE,Rochester,,490I43022025,N,43.1574602,-77.6244166,09/16/2010,4:15 PM,PROPERTY DAMAGE AND INJURY,2.,0 ,1 ,COLLISION WITH BUILDING/WALL,OTHER,NONE,DAYLIGHT,RAIN,WET
6836 ,33582261,MONROE,Rochester,,,N,43.1434322,-77.5751134,09/25/2010,3:14 PM,PROPERTY DAMAGE AND INJURY,2.,0 ,2 ,COLLISION WITH MOTOR VEHICLE,RIGHT ANGLE,TRAFFIC SIGNAL,DAYLIGHT,CLOUDY,DRY
6836 ,33582537,MONROE,Rochester,,,N,43.1957629,-77.5613859,09/24/2010,3:40 PM,PROPERTY DAMAGE AND INJURY,1.,0 ,2 ,COLLISION WITH MOTOR VEHICLE,RIGHT ANGLE,NONE,DAYLIGHT,CLEAR,DRY
6836 ,33582539,MONROE,Ogden,,,Y,43.179116,-77.854642,09/24/2010,8:43 AM,PROPERTY DAMAGE AND INJURY,1.,0 ,2 ,COLLISION WITH MOTOR VEHICLE,LEFT TURN (AGAINST OTHER CAR),STOP SIGN,DAYLIGHT,CLEAR,DRY
6836 ,33582653,MONROE,Pittsford,,252 43011127,N,43.0873525,-77.5242955,09/24/2010,3:41 PM,PROPERTY DAMAGE AND INJURY,3.,0 ,3 ,COLLISION WITH MOTOR VEHICLE,OTHER,NONE,DAYLIGHT,CLEAR,DRY
6836 ,33582722,MONROE,Greece,,,Y,43.207118,-77.679265,09/22/2010,8:18 AM,PROPERTY DAMAGE AND INJURY,1.,0 ,3 ,COLLISION WITH MOTOR VEHICLE,OTHER,TRAFFIC SIGNAL,DAYLIGHT,RAIN,WET
6836 ,33582737,MONROE,Webster,,,N,43.2121982,-77.4304653,09/25/2010,2:00 PM,PROPERTY DAMAGE AND INJURY,1.,0 ,2 ,COLLISION WITH MOTOR VEHICLE,REAR END,TRAFFIC SIGNAL,DAYLIGHT,CLOUDY,DRY
6836 ,33582743,MONROE,Irondequoit,,,Y,43.199857,-77.618207,09/24/2010,10:52 AM,PROPERTY DAMAGE AND INJURY,1.,0 ,2 ,COLLISION WITH MOTOR VEHICLE,HEAD ON,NONE,DAYLIGHT,CLEAR,DRY
6836 ,33582751,MONROE,Gates,,,Y,43.164886,-77.6911321,09/23/2010,4:02 PM,PROPERTY DAMAGE AND INJURY,1.,0 ,3 ,COLLISION WITH MOTOR VEHICLE,OTHER,TRAFFIC SIGNAL,DAYLIGHT,CLEAR,DRY
6836 ,33582765,MONROE,Greece,,,N,43.2031807,-77.6973759,09/22/2010,11:10 AM,PROPERTY DAMAGE AND INJURY,2.,0 ,2 ,COLLISION WITH MOTOR VEHICLE,RIGHT TURN (AGAINST OTHER CAR),TRAFFIC SIGNAL,DAYLIGHT,CLOUDY,WET
6836 ,33582785,MONROE,Brighton,,31 43033022,N,43.1114326,-77.5482848,09/27/2010,8:06 PM,INJURY,2.,0 ,4 ,COLLISION WITH MOTOR VEHICLE,OTHER,TRAFFIC SIGNAL,DARK-ROAD LIGHTED,RAIN,WET
6836 ,33582793,MONROE,Webster,,,Y,43.217193,-77.514375,09/22/2010,1:46 PM,PROPERTY DAMAGE AND INJURY,1.,0 ,2 ,COLLISION WITH MOTOR VEHICLE,REAR END,NONE,DAYLIGHT,CLOUDY,WET
6836 ,33582845,MONROE,Irondequoit,,,Y,43.188399,-77.5533,09/20/2010,6:50 PM,INJURY,1.,0 ,1 ,COLLISION WITH PEDESTRIAN,OTHER,TRAFFIC SIGNAL,DAYLIGHT,CLEAR,DRY
6836 ,33582874,MONROE,Irondequoit,,,Y,43.247964,-77.608334,09/23/2010,6:20 PM,INJURY,2.,0 ,2 ,COLLISION WITH MOTOR VEHICLE,REAR END,TRAFFIC SIGNAL,DAYLIGHT,CLOUDY,DRY
6836 ,33582886,MONROE,Rochester,,490I43022043,N,43.1428616,-77.5975902,09/26/2010,6:15 AM,PROPERTY DAMAGE AND INJURY,1.,0 ,1 ,COLLISION WITH OTHER BARRIER,OTHER,NONE,DARK-ROAD LIGHTED,CLEAR,DRY
6836 ,33582986,MONROE,Spencerport,,259 43011067,N,43.188951,-77.8020298,09/24/2010,4:00 PM,PROPERTY DAMAGE AND INJURY,1.,0 ,3 ,COLLISION WITH MOTOR VEHICLE,OTHER,NONE,DAYLIGHT,CLEAR,DRY
6836 ,33583011,MONROE,Brighton,,286 43011001,N,43.1573813,-77.5391388,09/25/2010,12:10 PM,PROPERTY DAMAGE AND INJURY,1.,0 ,1 ,COLLISION WITH GUIDERAIL - END,OTHER,NONE,DAYLIGHT,CLOUDY,DRY
6836 ,33583012,MONROE,Pittsford,,,Y,43.123253,-77.5070609,09/27/2010,1:12 PM,INJURY,1.,0 ,3 ,COLLISION WITH MOTOR VEHICLE,OTHER,TRAFFIC SIGNAL,DAYLIGHT,RAIN,WET
6836 ,33583050,MONROE,Henrietta,,252 43011091,N,43.0869912,-77.5945414,09/27/2010,1:26 PM,PROPERTY DAMAGE AND INJURY,1.,0 ,2 ,COLLISION WITH MOTOR VEHICLE,RIGHT ANGLE,NONE,DAYLIGHT,CLOUDY,WET
6836 ,33583055,MONROE,Webster,,104 43035077,N,43.2051732,-77.4742605,09/24/2010,7:54 PM,PROPERTY DAMAGE AND INJURY,1.,0 ,2 ,COLLISION WITH MOTOR VEHICLE,RIGHT ANGLE,NONE,DARK-ROAD LIGHTED,CLOUDY,DRY
6836 ,33583845,MONROE,Rochester,,,N,43.1809352,-77.6374812,09/13/2010,2:35 PM,INJURY,3.,0 ,2 ,COLLISION WITH MOTOR VEHICLE,REAR END,NONE,DAYLIGHT,RAIN,WET
6836 ,33584260,MONROE,Rochester,,,Y,43.182117,-77.595484,09/15/2010,12:29 PM,PROPERTY DAMAGE AND INJURY,1.,0 ,2 ,COLLISION WITH MOTOR VEHICLE,LEFT TURN (AGAINST OTHER CAR),NONE,DAYLIGHT,CLEAR,DRY
6836 ,33584369,MONROE,Gates,,,N,43.1647,-77.683045,09/02/2010,5:43 PM,PROPERTY DAMAGE AND INJURY,1.,0 ,2 ,COLLISION WITH MOTOR VEHICLE,REAR END,UNKNOWN,UNKNOWN,UNKNOWN,UNKNOWN
6836 ,33584542,MONROE,Rochester,,,N,43.196037,-77.561399,08/13/2010,11:14 AM,INJURY,1.,0 ,2 ,COLLISION WITH IN-LINE SKATER,OTHER,TRAFFIC SIGNAL,DAYLIGHT,CLEAR,DRY
6836 ,33584544,MONROE,Rochester,,31 43032043,N,43.151455,-77.6022075,09/10/2010,4:49 PM,PROPERTY DAMAGE AND INJURY,2.,0 ,2 ,COLLISION WITH MOTOR VEHICLE,LEFT TURN (AGAINST OTHER CAR),TRAFFIC SIGNAL,DAYLIGHT,CLOUDY,DRY
6836 ,33585202,MONROE,Rochester,,,N,43.1179471,-77.6167677,09/20/2010,7:08 AM,FATAL,0.,1 ,1 ,COLLISION WITH TREE,OTHER,NONE,DAWN,CLEAR,DRY
6836 ,33585350,MONROE,Rochester,,,Y,43.14222,-77.643346,08/27/2010,6:36 PM,INJURY,1.,0 ,1 ,COLLISION WITH PEDESTRIAN,OTHER,NONE,DAYLIGHT,CLEAR,DRY
6836 ,33585353,MONROE,Rochester,,,Y,43.149961,-77.667699,08/27/2010,4:03 PM,PROPERTY DAMAGE AND INJURY,1.,0 ,1 ,OVERTURNED,OTHER,NONE,DAYLIGHT,CLEAR,DRY
6836 ,33585354,MONROE,Rochester,,,Y,43.13094,-77.65091,08/27/2010,1:40 AM,PROPERTY DAMAGE AND INJURY,1.,0 ,2 ,COLLISION WITH MOTOR VEHICLE,HEAD ON,NONE,DARK-ROAD LIGHTED,CLEAR,DRY
6836 ,33585355,MONROE,Rochester,,,Y,43.160876,-77.589666,08/27/2010,5:22 PM,PROPERTY DAMAGE AND INJURY,1.,0 ,2 ,COLLISION WITH MOTOR VEHICLE,RIGHT ANGLE,TRAFFIC SIGNAL,DAYLIGHT,CLOUDY,DRY
6836 ,33585356,MONROE,Rochester,,,Y,43.182266,-77.599277,08/27/2010,11:57 AM,INJURY,1.,0 ,1 ,COLLISION WITH BICYCLIST,OTHER,STOP SIGN,DAYLIGHT,CLEAR,DRY
6836 ,33585357,MONROE,Rochester,,,N,43.147844,-77.629008,08/27/2010,10:55 AM,PROPERTY DAMAGE AND INJURY,3.,0 ,2 ,COLLISION WITH MOTOR VEHICLE,RIGHT ANGLE,STOP SIGN,DAYLIGHT,CLEAR,DRY
6836 ,33585358,MONROE,Rochester,,,N,43.1893698,-77.619568,08/20/2010,8:37 PM,INJURY,1.,0 ,2 ,COLLISION WITH MOTOR VEHICLE,UNKNOWN,NONE,DARK-ROAD LIGHTED,CLEAR,DRY
6836 ,33585361,MONROE,Rochester,,,Y,43.1525843,-77.6075103,08/27/2010,12:05 PM,PROPERTY DAMAGE AND INJURY,1.,0 ,1 ,COLLISION WITH MEDIAN/BARRIER,OTHER,NONE,DAYLIGHT,CLEAR,DRY
6836 ,33585362,MONROE,Rochester,,,N,43.1466231,-77.5600965,08/29/2010,9:20 PM,INJURY,1.,0 ,1 ,COLLISION WITH BICYCLIST,OTHER,NONE,DARK-ROAD LIGHTED,CLEAR,DRY
6836 ,33585386,MONROE,Rochester,,,Y,43.148569,-77.604015,08/30/2010,11:37 AM,PROPERTY DAMAGE AND INJURY,1.,0 ,2 ,COLLISION WITH CURBING,SIDESWIPE,TRAFFIC SIGNAL,DAYLIGHT,CLEAR,DRY
6836 ,33585387,MONROE,Rochester,,,Y,43.173792,-77.599477,08/31/2010,8:00 PM,PROPERTY DAMAGE AND INJURY,2.,0 ,2 ,COLLISION WITH MOTOR VEHICLE,LEFT TURN (WITH OTHER CAR),STOP SIGN,DUSK,CLEAR,DRY
6836 ,33585388,MONROE,Rochester,,,Y,43.162721,-77.608702,08/31/2010,2:37 PM,INJURY,1.,0 ,1 ,COLLISION WITH BICYCLIST,OTHER,TRAFFIC SIGNAL,DAYLIGHT,CLEAR,DRY
6836 ,33585629,MONROE,Rochester,,,N,43.1394777,-77.5962077,08/06/2010,8:05 PM,INJURY,1.,0 ,1 ,COLLISION WITH BICYCLIST,OTHER,NONE,DAYLIGHT,CLEAR,DRY
6836 ,33585668,MONROE,Henrietta,,,Y,43.062035,-77.656687,08/17/2010,2:51 PM,INJURY,1.,0 ,1 ,COLLISION WITH BICYCLIST,OTHER,STOP SIGN,DAYLIGHT,CLEAR,DRY
6836 ,33585669,MONROE,Penfield,,441 43011041,N,43.1312272,-77.4633272,08/19/2010,12:24 PM,INJURY,1.,0 ,2 ,COLLISION WITH MOTOR VEHICLE,REAR END,NONE,DAYLIGHT,CLEAR,DRY
6836 ,33585672,MONROE,Penfield,,,Y,43.152513,-77.4500851,08/05/2010,4:35 PM,INJURY,1.,0 ,1 ,COLLISION WITH BICYCLIST,OTHER,NONE,DAYLIGHT,CLEAR,DRY
6836 ,33585747,MONROE,Rochester,,,Y,43.164623,-77.633951,09/03/2010,6:21 PM,INJURY,1.,0 ,1 ,COLLISION WITH BICYCLIST,OTHER,NONE,DAYLIGHT,RAIN,WET
6836 ,33585749,MONROE,Rochester,,,N,43.16053,-77.6182609,09/05/2010,2:30 AM,PROPERTY DAMAGE AND INJURY,1.,0 ,2 ,COLLISION WITH MOTOR VEHICLE,RIGHT ANGLE,TRAFFIC SIGNAL,DARK-ROAD LIGHTED,CLOUDY,DRY
6836 ,33585786,MONROE,Greece,,947A43021185,N,43.2714089,-77.6864767,08/30/2010,8:50 AM,PROPERTY DAMAGE AND INJURY,2.,0 ,2 ,COLLISION WITH MOTOR VEHICLE,REAR END,HIGHWAY WORK AREA,DAYLIGHT,CLEAR,DRY
6836 ,33585799,MONROE,Rochester,,,Y,43.158259,-77.592753,09/05/2010,8:03 AM,PROPERTY DAMAGE AND INJURY,1.,0 ,2 ,COLLISION WITH MOTOR VEHICLE,RIGHT ANGLE,TRAFFIC SIGNAL,DAYLIGHT,CLEAR,DRY
6836 ,33585800,MONROE,Rochester,,,Y,43.1708239,-77.5870624,09/05/2010,9:45 AM,PROPERTY DAMAGE AND INJURY,1.,0 ,2 ,COLLISION WITH MOTOR VEHICLE,OVERTAKING,UNKNOWN,DAYLIGHT,CLEAR,DRY
6836 ,33585802,MONROE,Rochester,,,Y,43.164973,-77.622158,09/03/2010,7:39 AM,INJURY,1.,0 ,1 ,COLLISION WITH BICYCLIST,OTHER,STOP SIGN,DAYLIGHT,CLEAR,DRY
6836 ,33585803,MONROE,Rochester,,,N,43.1586285,-77.659416,09/02/2010,3:52 PM,INJURY,1.,0 ,2 ,COLLISION WITH MOTOR VEHICLE,REAR END,NONE,DAYLIGHT,CLEAR,DRY
6836 ,33585804,MONROE,Rochester,,,N,43.1682034,-77.6541502,09/02/2010,6:53 PM,INJURY,1.,0 ,2 ,COLLISION WITH MOTOR VEHICLE,UNKNOWN,NONE,DAYLIGHT,CLEAR,DRY
6836 ,33585805,MONROE,Rochester,,,N,43.1518942,-77.6291309,09/02/2010,3:13 PM,INJURY,1.,0 ,1 ,COLLISION WITH BICYCLIST,OTHER,NONE,DAYLIGHT,CLEAR,DRY
6836 ,33585806,MONROE,Rochester,,,N,43.1593921,-77.6609465,09/03/2010,3:14 PM,INJURY,1.,0 ,2 ,COLLISION WITH MOTOR VEHICLE,OVERTAKING,NONE,DAYLIGHT,CLOUDY,DRY
6836 ,33585810,MONROE,Rochester,,,Y,43.141606,-77.6360211,09/06/2010,4:35 PM,PROPERTY DAMAGE AND INJURY,2.,0 ,2 ,COLLISION WITH MOTOR VEHICLE,REAR END,NONE,DAYLIGHT,CLOUDY,DRY
6836 ,33585812,MONROE,Rochester,,,Y,43.15246,-77.6266271,09/02/2010,6:03 PM,PROPERTY DAMAGE AND INJURY,3.,0 ,2 ,COLLISION WITH MOTOR VEHICLE,RIGHT ANGLE,TRAFFIC SIGNAL,DAYLIGHT,CLEAR,DRY
6836 ,33585813,MONROE,Rochester,,,Y,43.181677,-77.586954,09/05/2010,7:39 PM,PROPERTY DAMAGE AND INJURY,2.,0 ,2 ,COLLISION WITH MOTOR VEHICLE,LEFT TURN (WITH OTHER CAR),NONE,DUSK,CLEAR,DRY
6836 ,33585814,MONROE,Rochester,,,Y,43.175811,-77.576177,09/03/2010,11:46 PM,PROPERTY DAMAGE AND INJURY,1.,0 ,2 ,COLLISION WITH MOTOR VEHICLE,LEFT TURN (AGAINST OTHER CAR),TRAFFIC SIGNAL,DARK-ROAD LIGHTED,CLEAR,DRY
6836 ,33585817,MONROE,Rochester,,,N,43.144757,-77.6011121,09/07/2010,4:57 PM,PROPERTY DAMAGE AND INJURY,1.,0 ,2 ,COLLISION WITH MOTOR VEHICLE,RIGHT ANGLE,TRAFFIC SIGNAL,DAYLIGHT,CLEAR,DRY
6836 ,33585819,MONROE,Rochester,,,N,43.1646305,-77.6321121,09/01/2010,1:58 PM,INJURY,4.,0 ,1 ,COLL. W/LIGHT SUPPORT/UTILITY POLE,OTHER,NONE,DAYLIGHT,CLEAR,DRY
6836 ,33585820,MONROE,Rochester,,,Y,43.138385,-77.594968,09/02/2010,10:48 AM,INJURY,1.,0 ,2 ,COLLISION WITH MOTOR VEHICLE,RIGHT ANGLE,STOP SIGN,DAYLIGHT,CLEAR,DRY
6836 ,33585822,MONROE,Rochester,,,N,43.1700549,-77.6362644,09/01/2010,4:29 PM,PROPERTY DAMAGE AND INJURY,1.,0 ,1 ,COLLISION WITH CURBING,OTHER,NONE,DAYLIGHT,CLEAR,DRY
6836 ,33585824,MONROE,Rochester,,,Y,43.195482,-77.642325,09/01/2010,8:30 PM,INJURY,1.,0 ,2 ,COLLISION WITH MOTOR VEHICLE,UNKNOWN,STOP SIGN,DARK-ROAD LIGHTED,CLEAR,DRY
6836 ,33585825,MONROE,Rochester,,,N,43.1479285,-77.5927876,09/01/2010,12:50 PM,INJURY,1.,0 ,2 ,COLLISION WITH MOTOR VEHICLE,UNKNOWN,NONE,DAYLIGHT,CLEAR,DRY
6836 ,33585828,MONROE,Rochester,,,N,43.143136,-77.575276,09/01/2010,3:52 PM,PROPERTY DAMAGE AND INJURY,2.,0 ,2 ,COLLISION WITH MOTOR VEHICLE,LEFT TURN (AGAINST OTHER CAR),TRAFFIC SIGNAL,DAYLIGHT,CLEAR,DRY
6836 ,33585830,MONROE,Rochester,,,Y,43.18384,-77.608195,09/01/2010,11:09 PM,INJURY,1.,0 ,2 ,COLLISION WITH MOTOR VEHICLE,RIGHT ANGLE,YIELD SIGN,DARK-ROAD LIGHTED,CLEAR,DRY
6836 ,33585880,MONROE,Rochester,,,Y,43.167417,-77.625351,09/07/2010,9:59 AM,PROPERTY DAMAGE AND INJURY,4.,0 ,2 ,COLLISION WITH MOTOR VEHICLE,LEFT TURN (AGAINST OTHER CAR),TRAFFIC SIGNAL,DAYLIGHT,CLOUDY,DRY
6836 ,33585882,MONROE,Rochester,,,Y,43.230812,-77.626148,09/08/2010,7:40 AM,PROPERTY DAMAGE AND INJURY,2.,0 ,2 ,COLLISION WITH MOTOR VEHICLE,LEFT TURN (AGAINST OTHER CAR),TRAFFIC SIGNAL,DAYLIGHT,CLEAR,DRY
6836 ,33585886,MONROE,Rochester,,,Y,43.171095,-77.612112,09/08/2010,3:01 PM,INJURY,1.,0 ,1 ,COLLISION WITH BICYCLIST,OTHER,NONE,DAYLIGHT,CLEAR,DRY
6836 ,33585891,MONROE,Greece,,,Y,43.253607,-77.7328481,09/06/2010,4:53 AM,PROPERTY DAMAGE AND INJURY,2.,0 ,2 ,COLLISION WITH MOTOR VEHICLE,RIGHT ANGLE,TRAFFIC SIGNAL,DARK-ROAD LIGHTED,CLEAR,DRY
6836 ,33585892,MONROE,Rochester,,,Y,43.155041,-77.594424,09/08/2010,8:01 AM,INJURY,1.,0 ,1 ,COLLISION WITH BICYCLIST,OTHER,TRAFFIC SIGNAL,DAYLIGHT,CLEAR,DRY
6836 ,33585893,MONROE,Rochester,,,Y,43.171467,-77.6044439,09/07/2010,2:19 PM,INJURY,1.,0 ,1 ,COLLISION WITH PEDESTRIAN,OTHER,NONE,DAYLIGHT,CLEAR,DRY
6836 ,33585894,MONROE,Rochester,,,Y,43.175339,-77.598828,09/08/2010,8:05 PM,PROPERTY DAMAGE AND INJURY,1.,0 ,2 ,COLLISION WITH MOTOR VEHICLE,REAR END,NONE,DARK-ROAD LIGHTED,RAIN,WET
6836 ,33585895,MONROE,Rochester,,,Y,43.149509,-77.571697,09/07/2010,8:08 PM,PROPERTY DAMAGE AND INJURY,3.,0 ,2 ,COLLISION WITH MOTOR VEHICLE,LEFT TURN (AGAINST OTHER CAR),TRAFFIC SIGNAL,DARK-ROAD LIGHTED,CLOUDY,DRY
6836 ,33585896,MONROE,Rochester,,,N,43.1243788,-77.6176484,09/08/2010,12:49 PM,INJURY,1.,0 ,2 ,COLLISION WITH MOTOR VEHICLE,REAR END,NONE,DAYLIGHT,CLEAR,DRY
6836 ,33585976,MONROE,Rochester,,,N,43.1442902,-77.5531651,09/10/2010,8:13 PM,PROPERTY DAMAGE AND INJURY,1.,0 ,1 ,OVERTURNED,OTHER,NONE,DARK-ROAD LIGHTED,CLEAR,DRY
6836 ,33586087,MONROE,Rochester,,104 43032021,N,43.1934928,-77.6226869,09/24/2010,8:48 AM,PROPERTY DAMAGE AND INJURY,1.,0 ,2 ,COLLISION WITH MOTOR VEHICLE,OVERTAKING,NONE,DAYLIGHT,CLEAR,DRY
6836 ,33586201,MONROE,Greece,,104 43031155,N,43.2101501,-77.7005825,09/28/2010,11:55 AM,PROPERTY DAMAGE AND INJURY,1.,0 ,3 ,COLLISION WITH MOTOR VEHICLE,OTHER,TRAFFIC SIGNAL,DAYLIGHT,CLEAR,DRY
6836 ,33586258,MONROE,Rochester,,31 43032053,N,43.1422467,-77.586538,09/22/2010,2:54 PM,PROPERTY DAMAGE AND INJURY,1.,0 ,1 ,COLLISION WITH GUIDE RAIL,OTHER,NONE,DAYLIGHT,CLOUDY,DRY
6836 ,33586361,MONROE,Greece,,18 43031226,N,43.223233,-77.641342,09/28/2010,7:52 AM,PROPERTY DAMAGE AND INJURY,1.,0 ,2 ,COLLISION WITH MOTOR VEHICLE,RIGHT ANGLE,TRAFFIC SIGNAL,DAYLIGHT,CLOUDY,WET
6836 ,33586580,MONROE,Rochester,,31 43032021,N,43.1646254,-77.6343979,09/24/2010,5:38 PM,PROPERTY DAMAGE AND INJURY,1.,0 ,3 ,COLLISION WITH MOTOR VEHICLE,OTHER,NO PASSING ZONE,DAYLIGHT,CLEAR,DRY
6836 ,33586665,MONROE,Rochester,,940T43011015,N,43.1600612,-77.5960002,09/22/2010,5:08 PM,PROPERTY DAMAGE AND INJURY,1.,0 ,2 ,COLLISION WITH MOTOR VEHICLE,REAR END,NONE,DAYLIGHT,CLOUDY,DRY
6836 ,33586679,MONROE,Rush,,15A43041038,N,42.990319,-77.6364268,09/16/2010,8:20 PM,PROPERTY DAMAGE AND INJURY,4.,0 ,2 ,COLLISION WITH MOTOR VEHICLE,LEFT TURN (AGAINST OTHER CAR),TRAFFIC SIGNAL,DARK-ROAD LIGHTED,CLEAR,DRY
6836 ,33586807,MONROE,Rochester,,490I43022039,N,43.1477191,-77.6020791,09/22/2010,10:46 AM,PROPERTY DAMAGE AND INJURY,2.,0 ,1 ,COLLISION WITH OTHER BARRIER,OTHER,NONE,DAYLIGHT,CLOUDY,WET
6836 ,33586829,MONROE,Greece,,104 43031160,Y,43.209474,-77.693608,09/23/2010,12:16 PM,FATAL,4.,1 ,6 ,COLLISION WITH MOTOR VEHICLE,OTHER,TRAFFIC SIGNAL,DAYLIGHT,CLEAR,DRY
6836 ,33586905,MONROE,Ogden,,531 43012056,N,43.1605833,-77.7581061,09/23/2010,7:01 PM,INJURY,1.,0 ,1 ,COLLISION WITH DEER,OTHER,NONE,DARK-ROAD UNLIGHTED,CLEAR,DRY
6836 ,33586973,MONROE,Greece,,,Y,43.1903883,-77.6861679,09/27/2010,10:13 AM,INJURY,2.,0 ,2 ,COLLISION WITH MOTOR VEHICLE,REAR END,TRAFFIC SIGNAL,DAYLIGHT,CLOUDY,WET
6836 ,33587184,MONROE,Rochester,,,N,43.1590528,-77.595876,09/28/2010,8:05 AM,PROPERTY DAMAGE AND INJURY,1.,0 ,1 ,COLL. W/LIGHT SUPPORT/UTILITY POLE,OTHER,NONE,DAYLIGHT,CLOUDY,WET
6836 ,33587199,MONROE,Brighton,,96 43051095,Y,43.137506,-77.539489,09/28/2010,7:59 AM,PROPERTY DAMAGE AND INJURY,1.,0 ,3 ,COLLISION WITH MOTOR VEHICLE,OTHER,TRAFFIC SIGNAL,DAYLIGHT,CLOUDY,WET
6836 ,33587231,MONROE,Greece,,390 43011036,N,43.2076419,-77.6756727,09/27/2010,5:46 PM,PROPERTY DAMAGE AND INJURY,1.,0 ,2 ,COLLISION WITH MOTOR VEHICLE,OVERTAKING,NONE,DAYLIGHT,RAIN,WET
6836 ,33587235,MONROE,Gates,,390I43037005,N,43.1325352,-77.6624151,09/22/2010,8:00 AM,PROPERTY DAMAGE AND INJURY,1.,0 ,2 ,COLLISION WITH MOTOR VEHICLE,REAR END,NONE,DAYLIGHT,RAIN,WET
6836 ,33587288,MONROE,Brighton,,,Y,43.1156,-77.585485,09/29/2010,8:06 AM,PROPERTY DAMAGE AND INJURY,1.,0 ,3 ,COLLISION WITH MOTOR VEHICLE,OTHER,TRAFFIC SIGNAL,DAYLIGHT,CLEAR,DRY
6836 ,33587323,MONROE,Perinton,,,N,43.061874,-77.472066,09/22/2010,8:30 AM,PROPERTY DAMAGE AND INJURY,1.,0 ,3 ,COLLISION WITH MOTOR VEHICLE,OTHER,NO PASSING ZONE,DAYLIGHT,RAIN,WET
6836 ,33587376,MONROE,Brighton,,,N,43.157384,-77.53895,09/29/2010,9:18 AM,PROPERTY DAMAGE AND INJURY,1.,0 ,2 ,COLLISION WITH MOTOR VEHICLE,LEFT TURN (AGAINST OTHER CAR),TRAFFIC SIGNAL,DAYLIGHT,CLEAR,DRY
6836 ,33587539,MONROE,Gates,,490I43021176,N,43.1564716,-77.6833434,09/24/2010,7:45 AM,INJURY,1.,0 ,2 ,COLLISION WITH MOTOR VEHICLE,REAR END,NONE,DAYLIGHT,CLEAR,DRY
6836 ,33587583,MONROE,Sweden,,31 43031078,N,43.1901342,-77.8851848,09/24/2010,6:33 AM,INJURY,2.,0 ,2 ,COLLISION WITH MOTOR VEHICLE,REAR END,NONE,DAWN,CLOUDY,DRY
6836 ,33587752,MONROE,Ogden,,,N,43.1837381,-77.8451326,09/29/2010,4:19 PM,INJURY,1.,0 ,3 ,COLLISION WITH MOTOR VEHICLE,OTHER,NONE,DAYLIGHT,CLOUDY,DRY
6836 ,33587768,MONROE,East Rochester,,253 43011162,Y,43.110326,-77.497408,09/29/2010,9:20 AM,PROPERTY DAMAGE AND INJURY,1.,0 ,2 ,COLLISION WITH MOTOR VEHICLE,RIGHT ANGLE,STOP SIGN,DAYLIGHT,CLEAR,DRY
6836 ,33587874,MONROE,Rochester,,490I43022009,N,43.156982,-77.6552823,09/30/2010,3:36 PM,PROPERTY DAMAGE AND INJURY,1.,0 ,2 ,COLLISION WITH MOTOR VEHICLE,OVERTAKING,NONE,DAYLIGHT,RAIN,WET
6836 ,33587878,MONROE,Rochester,,490I43022015,N,43.1570486,-77.6439827,09/30/2010,2:38 PM,PROPERTY DAMAGE AND INJURY,1.,0 ,1 ,COLLISION WITH GUIDE RAIL,OTHER,NONE,DAYLIGHT,RAIN,WET
6836 ,33587950,MONROE,Rochester,,590I43012004,N,43.1431567,-77.5474166,09/26/2010,6:04 PM,INJURY,2.,0 ,1 ,COLL. W/EARTH ELE./ROCK CUT/DITCH,OTHER,NONE,DAYLIGHT,CLEAR,DRY
6836 ,33588000,MONROE,Greece,,,Y,43.230877,-77.630073,09/29/2010,11:12 AM,PROPERTY DAMAGE AND INJURY,1.,0 ,2 ,COLLISION WITH MOTOR VEHICLE,REAR END,NO PASSING ZONE,DAYLIGHT,CLEAR,DRY
6836 ,33588597,MONROE,Rochester,,,N,43.1809333,-77.6406226,09/19/2010,5:36 PM,INJURY,1.,0 ,1 ,COLLISION WITH PEDESTRIAN,OTHER,NONE,DAYLIGHT,CLEAR,DRY
6836 ,33588795,MONROE,Mendon,,,N,43.0295849,-77.5120236,10/01/2010,5:40 PM,PROPERTY DAMAGE AND INJURY,2.,0 ,1 ,COLLISION WITH GUIDERAIL - END,OTHER,NONE,DAYLIGHT,CLOUDY,DRY
6836 ,33588976,MONROE,Greece,,,N,43.2532303,-77.6467984,10/01/2010,9:10 AM,PROPERTY DAMAGE AND INJURY,1.,0 ,2 ,COLLISION WITH MOTOR VEHICLE,REAR END,NONE,DAYLIGHT,CLOUDY,DRY