QUERYID,CASE #,REGN_CNTY_CDE,Municipality,MUNITYPE,REF_MRKR,ATINTERSECTION_IND,Lat,Long,,Time,Crash Type,Injuries,Fatalities,Number of Vehicles,ACCD_TYP,COLLISION_TYP,TRAF_CNTL,Light Condition,Weather Condition,Road Surface Condition
6836 ,33589126,MONROE,Greece,,947A43021196,N,43.2701851,-77.664554,10/02/2010,5:30 PM,PROPERTY DAMAGE AND INJURY,1.,0 ,1 ,OVERTURNED,OTHER,NONE,DAYLIGHT,CLOUDY,DRY
6836 ,33589129,MONROE,Greece,,104 43031168,N,43.2066144,-77.6752444,10/03/2010,1:06 PM,INJURY,2.,0 ,2 ,COLLISION WITH MOTOR VEHICLE,REAR END,NONE,DAYLIGHT,CLOUDY,DRY
6836 ,33589136,MONROE,Webster,,104 43035254,N,43.2139819,-77.4690448,10/02/2010,1:09 PM,PROPERTY DAMAGE AND INJURY,1.,0 ,3 ,COLLISION WITH MOTOR VEHICLE,OTHER,NONE,DAYLIGHT,CLEAR,DRY
6836 ,33589142,MONROE,Rochester,,490I43022039,N,43.1471982,-77.601684,10/02/2010,2:30 PM,PROPERTY DAMAGE AND INJURY,1.,0 ,2 ,COLLISION WITH MOTOR VEHICLE,OVERTAKING,NONE,DAYLIGHT,CLOUDY,DRY
6836 ,33589246,MONROE,Wheatland,,,N,43.0185103,-77.8619931,10/02/2010,5:35 PM,PROPERTY DAMAGE AND INJURY,1.,0 ,1 ,COLLISION WITH TREE,OTHER,NONE,DAYLIGHT,CLOUDY,DRY
6836 ,33589256,MONROE,Brighton,,15A43041128,N,43.1080075,-77.6159396,09/30/2010,4:15 PM,PROPERTY DAMAGE AND INJURY,1.,0 ,2 ,COLLISION WITH MOTOR VEHICLE,RIGHT ANGLE,TRAFFIC SIGNAL,DAYLIGHT,RAIN,WET
6836 ,33589258,MONROE,Penfield,,,N,43.1496689,-77.4754094,09/22/2010,9:44 PM,PROPERTY DAMAGE AND INJURY,1.,0 ,1 ,COLL. W/EARTH ELE./ROCK CUT/DITCH,OTHER,NONE,DARK-ROAD UNLIGHTED,CLEAR,DRY
6836 ,33589261,MONROE,Sweden,,19 43041047,N,43.1993022,-77.9433841,09/30/2010,6:23 PM,INJURY,1.,0 ,3 ,COLLISION WITH MOTOR VEHICLE,OTHER,TRAFFIC SIGNAL,DAYLIGHT,CLOUDY,WET
6836 ,33589263,MONROE,Henrietta,,,N,43.0870456,-77.5819508,09/22/2010,4:10 PM,INJURY,1.,0 ,2 ,COLLISION WITH MOTOR VEHICLE,REAR END,TRAFFIC SIGNAL,DAYLIGHT,CLOUDY,DRY
6836 ,33589267,MONROE,Ogden,,31 43031102,N,43.1876624,-77.8384002,09/17/2010,8:00 PM,PROPERTY DAMAGE AND INJURY,1.,0 ,1 ,COLLISION WITH OTHER,OTHER,NONE,DARK-ROAD UNLIGHTED,CLOUDY,OTHER
6836 ,33589273,MONROE,Greece,,104 43031128,N,43.2174062,-77.7526772,09/30/2010,1:59 PM,PROPERTY DAMAGE AND INJURY,2.,0 ,2 ,COLLISION WITH MOTOR VEHICLE,LEFT TURN (WITH OTHER CAR),TRAFFIC SIGNAL,DAYLIGHT,RAIN,WET
6836 ,33589274,MONROE,Pittsford,,,N,43.0918388,-77.5181264,09/30/2010,3:18 PM,PROPERTY DAMAGE AND INJURY,2.,0 ,3 ,COLLISION WITH MOTOR VEHICLE,OTHER,NONE,DAYLIGHT,RAIN,WET
6836 ,33589284,MONROE,Henrietta,,252 43011065,Y,43.091611,-77.649355,09/30/2010,4:55 PM,INJURY,1.,0 ,1 ,COLLISION WITH BICYCLIST,OTHER,NONE,DAYLIGHT,RAIN,WET
6836 ,33589298,MONROE,Penfield,,250 43011071,N,43.13744,-77.4418216,09/25/2010,3:38 AM,PROPERTY DAMAGE AND INJURY,2.,0 ,1 ,COLLISION WITH TREE,OTHER,NONE,DARK-ROAD UNLIGHTED,CLEAR,DRY
6836 ,33589299,MONROE,Ogden,,31 43031136,Y,43.1809699,-77.7739272,09/30/2010,7:52 AM,PROPERTY DAMAGE AND INJURY,1.,0 ,1 ,COLLISION WITH SIGN POST,OTHER,NO PASSING ZONE,DAYLIGHT,RAIN,WET
6836 ,33589306,MONROE,Irondequoit,,,Y,43.211809,-77.598319,09/29/2010,8:57 AM,PROPERTY DAMAGE AND INJURY,1.,0 ,2 ,COLLISION WITH MOTOR VEHICLE,REAR END,NO PASSING ZONE,DAYLIGHT,CLEAR,DRY
6836 ,33589307,MONROE,Brighton,,390I43031140,N,43.1079629,-77.61338,09/30/2010,4:03 PM,INJURY,1.,0 ,2 ,COLLISION WITH MOTOR VEHICLE,REAR END,NONE,DAYLIGHT,RAIN,WET
6836 ,33589308,MONROE,Riga,,490I43021081,N,43.0933449,-77.8244565,09/30/2010,12:41 AM,PROPERTY DAMAGE AND INJURY,1.,0 ,1 ,COLLISION WITH DEER,OTHER,NONE,DARK-ROAD UNLIGHTED,CLOUDY,DRY
6836 ,33589313,MONROE,Henrietta,,,N,43.0549013,-77.6420696,09/30/2010,6:23 PM,INJURY,2.,0 ,1 ,COLLISION WITH DEER,OTHER,NO PASSING ZONE,DAYLIGHT,RAIN,WET
6836 ,33589314,MONROE,Irondequoit,,,N,43.1966516,-77.5962558,10/01/2010,12:23 PM,PROPERTY DAMAGE AND INJURY,1.,0 ,2 ,COLLISION WITH MOTOR VEHICLE,RIGHT ANGLE,NONE,DAYLIGHT,CLEAR,DRY
6836 ,33589317,MONROE,Rochester,,,N,43.2034227,-77.5617123,09/30/2010,5:24 PM,PROPERTY DAMAGE AND INJURY,1.,0 ,3 ,COLLISION WITH MOTOR VEHICLE,OTHER,NONE,DAYLIGHT,RAIN,WET
6836 ,33589318,MONROE,Chili,,,N,43.1232518,-77.807037,09/23/2010,5:50 PM,INJURY,1.,0 ,1 ,COLLISION WITH BICYCLIST,OTHER,NONE,DAYLIGHT,CLEAR,DRY
6836 ,33589319,MONROE,Fairport,,31F43011046,Y,43.096768,-77.433087,09/28/2010,8:15 AM,PROPERTY DAMAGE AND INJURY,1.,0 ,2 ,COLLISION WITH MOTOR VEHICLE,HEAD ON,TRAFFIC SIGNAL,DAYLIGHT,RAIN,WET
6836 ,33589725,MONROE,Rochester,,,Y,43.186572,-77.6225501,08/28/2010,1:41 PM,PROPERTY DAMAGE AND INJURY,1.,0 ,2 ,COLLISION WITH MOTOR VEHICLE,LEFT TURN (AGAINST OTHER CAR),TRAFFIC SIGNAL,DAYLIGHT,CLEAR,DRY
6836 ,33589726,MONROE,Rochester,,,Y,43.159729,-77.566255,09/01/2010,12:15 AM,INJURY,1.,0 ,2 ,COLLISION WITH MOTOR VEHICLE,OVERTAKING,TRAFFIC SIGNAL,DARK-ROAD LIGHTED,CLEAR,DRY
6836 ,33589744,MONROE,Rochester,,,N,43.143136,-77.575276,08/30/2010,6:18 PM,INJURY,1.,0 ,2 ,COLLISION WITH MOTOR VEHICLE,UNKNOWN,TRAFFIC SIGNAL,DAYLIGHT,CLEAR,DRY
6836 ,33589748,MONROE,Rochester,,,Y,43.18386,-77.5770479,08/30/2010,6:42 PM,PROPERTY DAMAGE AND INJURY,3.,0 ,2 ,COLLISION WITH MOTOR VEHICLE,RIGHT ANGLE,STOP SIGN,DAYLIGHT,CLEAR,DRY
6836 ,33589749,MONROE,Rochester,,,Y,43.231996,-77.625602,08/30/2010,12:05 PM,PROPERTY DAMAGE AND INJURY,1.,0 ,2 ,COLLISION WITH MOTOR VEHICLE,LEFT TURN (AGAINST OTHER CAR),NONE,DAYLIGHT,CLEAR,DRY
6836 ,33589750,MONROE,Rochester,,,Y,43.249715,-77.614751,08/30/2010,9:05 AM,PROPERTY DAMAGE AND INJURY,2.,0 ,2 ,COLLISION WITH MOTOR VEHICLE,RIGHT ANGLE,TRAFFIC SIGNAL,DAYLIGHT,CLEAR,DRY
6836 ,33589751,MONROE,Rochester,,,N,43.1809854,-77.5944497,08/28/2010,2:06 AM,PROPERTY DAMAGE AND INJURY,5.,0 ,1 ,COLLISION WITH TREE,OTHER,NONE,DARK-ROAD LIGHTED,CLEAR,DRY
6836 ,33589753,MONROE,Rochester,,,Y,43.187993,-77.63489,08/28/2010,9:58 PM,PROPERTY DAMAGE AND INJURY,3.,0 ,2 ,COLLISION WITH MOTOR VEHICLE,RIGHT ANGLE,STOP SIGN,DARK-ROAD LIGHTED,CLEAR,DRY
6836 ,33589901,MONROE,Rochester,,,Y,43.171365,-77.566413,09/03/2010,9:14 PM,INJURY,1.,0 ,2 ,COLLISION WITH MOTOR VEHICLE,LEFT TURN (AGAINST OTHER CAR),NONE,DARK-ROAD LIGHTED,CLEAR,DRY
6836 ,33589903,MONROE,Rochester,,,N,43.2403465,-77.6211358,09/07/2010,9:17 PM,PROPERTY DAMAGE AND INJURY,2.,0 ,2 ,COLLISION WITH MOTOR VEHICLE,REAR END,NONE,DARK-ROAD LIGHTED,RAIN,WET
6836 ,33590989,MONROE,Irondequoit,,590 43013007,N,43.1765192,-77.5426814,09/30/2010,1:10 PM,PROPERTY DAMAGE AND INJURY,1.,0 ,1 ,RAN OFF ROAD ONLY,OTHER,NONE,DAYLIGHT,RAIN,WET
6836 ,33591031,MONROE,Greece,,,Y,43.218315,-77.696775,10/01/2010,6:35 PM,PROPERTY DAMAGE AND INJURY,2.,0 ,2 ,COLLISION WITH MOTOR VEHICLE,RIGHT ANGLE,NONE,DAYLIGHT,CLOUDY,DRY
6836 ,33591500,MONROE,Webster,,,N,43.2191441,-77.4466214,09/22/2010,1:09 PM,PROPERTY DAMAGE AND INJURY,2.,0 ,2 ,COLLISION WITH MOTOR VEHICLE,HEAD ON,NONE,DAYLIGHT,CLOUDY,WET
6836 ,33591857,MONROE,Irondequoit,,,N,43.2033442,-77.5621904,09/30/2010,7:45 PM,INJURY,1.,0 ,1 ,COLLISION WITH PEDESTRIAN,OTHER,NONE,DARK-ROAD LIGHTED,RAIN,WET
6836 ,33591898,MONROE,Brighton,,441 43011102,N,43.1292788,-77.5262203,10/05/2010,5:14 PM,INJURY,1.,0 ,2 ,COLLISION WITH MOTOR VEHICLE,REAR END,TRAFFIC SIGNAL,DAYLIGHT,RAIN,WET
6836 ,33591914,MONROE,Brighton,,15A43041128,N,43.1062486,-77.6157594,10/05/2010,3:46 PM,INJURY,1.,0 ,2 ,COLLISION WITH MOTOR VEHICLE,REAR END,TRAFFIC SIGNAL,DAYLIGHT,RAIN,WET
6836 ,33591968,MONROE,Brighton,,31 43033011,Y,43.123795,-77.561645,10/05/2010,2:01 PM,INJURY,1.,0 ,2 ,COLLISION WITH MOTOR VEHICLE,REAR END,TRAFFIC SIGNAL,DAYLIGHT,RAIN,WET
6836 ,33592009,MONROE,Gates,,,Y,43.1443527,-77.72612,10/05/2010,4:09 PM,PROPERTY DAMAGE AND INJURY,1.,0 ,2 ,COLLISION WITH MOTOR VEHICLE,REAR END,TRAFFIC SIGNAL,DAYLIGHT,CLOUDY,WET
6836 ,33592095,MONROE,Irondequoit,,,Y,43.204584,-77.612819,09/29/2010,3:00 PM,INJURY,1.,0 ,1 ,COLLISION WITH BICYCLIST,OTHER,STOP SIGN,DAYLIGHT,CLOUDY,DRY
6836 ,33592174,MONROE,Brighton,,,Y,43.119478,-77.569466,10/05/2010,7:38 AM,INJURY,1.,0 ,1 ,COLLISION WITH BICYCLIST,OTHER,STOP SIGN,DAYLIGHT,RAIN,WET
6836 ,33592180,MONROE,Parma,,104 43031083,N,43.2234155,-77.8474171,10/04/2010,5:41 PM,INJURY,1.,0 ,1 ,COLLISION WITH OTHER FIXED OBJECT,OTHER,NONE,DAYLIGHT,RAIN,WET
6836 ,33592303,MONROE,Irondequoit,,,Y,43.196137,-77.6001439,09/26/2010,4:14 PM,INJURY,1.,0 ,2 ,COLLISION WITH MOTOR VEHICLE,REAR END,TRAFFIC SIGNAL,DAYLIGHT,CLOUDY,DRY
6836 ,33592381,MONROE,Brighton,,,N,43.1104349,-77.546923,10/05/2010,4:27 PM,PROPERTY DAMAGE AND INJURY,1.,0 ,2 ,COLLISION WITH MOTOR VEHICLE,RIGHT ANGLE,NONE,DAYLIGHT,RAIN,WET
6836 ,33592541,MONROE,Hilton,,18 43031103,N,43.2879019,-77.8020402,10/05/2010,5:05 PM,INJURY,1.,0 ,1 ,COLLISION WITH BICYCLIST,OTHER,NONE,DAYLIGHT,CLOUDY,WET
6836 ,33592605,MONROE,Brighton,,31 43033019,N,43.1143907,-77.5516742,10/06/2010,5:30 PM,PROPERTY DAMAGE AND INJURY,1.,0 ,2 ,COLLISION WITH MOTOR VEHICLE,LEFT TURN (AGAINST OTHER CAR),NONE,DAYLIGHT,CLOUDY,DRY
6836 ,33592723,MONROE,Greece,,390 43011016,N,43.1795142,-77.6834743,09/23/2010,5:05 PM,PROPERTY DAMAGE AND INJURY,3.,0 ,3 ,COLLISION WITH MOTOR VEHICLE,OTHER,NONE,DAYLIGHT,CLEAR,DRY
6836 ,33592742,MONROE,Pittsford,,441 43011108,N,43.123281,-77.5120042,10/01/2010,11:55 PM,INJURY,1.,0 ,1 ,COLLISION WITH DEER,OTHER,NONE,DARK-ROAD LIGHTED,CLEAR,DRY
6836 ,33592781,MONROE,Clarkson,,19 43041101,N,43.2741946,-77.9213249,10/04/2010,7:20 AM,PROPERTY DAMAGE AND INJURY,2.,0 ,2 ,COLLISION WITH MOTOR VEHICLE,SIDESWIPE,NONE,DAWN,CLEAR,DRY
6836 ,33592962,MONROE,Rochester,,,N,43.151394,-77.63124,10/04/2010,2:37 PM,PROPERTY DAMAGE AND INJURY,1.,0 ,2 ,COLLISION WITH MOTOR VEHICLE,REAR END,NONE,DAYLIGHT,CLOUDY,WET
6836 ,33593081,MONROE,Henrietta,,,Y,43.067984,-77.647022,10/02/2010,10:46 AM,PROPERTY DAMAGE AND INJURY,2.,0 ,2 ,COLLISION WITH MOTOR VEHICLE,LEFT TURN (AGAINST OTHER CAR),TRAFFIC SIGNAL,DAYLIGHT,CLEAR,DRY
6836 ,33593246,MONROE,Perinton,,,N,43.068528,-77.432141,08/02/2010,6:30 PM,INJURY,1.,0 ,2 ,COLLISION WITH MOTOR VEHICLE,UNKNOWN,TRAFFIC SIGNAL,DAYLIGHT,RAIN,WET
6836 ,33593319,MONROE,Rochester,,,Y,43.141157,-77.613271,08/07/2010,4:30 PM,PROPERTY DAMAGE AND INJURY,1.,0 ,2 ,COLLISION WITH MOTOR VEHICLE,LEFT TURN (WITH OTHER CAR),UNKNOWN,UNKNOWN,UNKNOWN,UNKNOWN
6836 ,33593523,MONROE,Rochester,,,N,43.1842806,-77.6198628,08/20/2010,6:22 PM,FATAL,0.,1 ,1 ,OTHER NON-COLLISION,OTHER,NONE,DAYLIGHT,CLEAR,DRY
6836 ,33593548,MONROE,Greece,,,N,43.2165548,-77.6525455,09/26/2010,8:16 PM,PROPERTY DAMAGE AND INJURY,1.,0 ,2 ,COLLISION WITH MOTOR VEHICLE,HEAD ON,NONE,DARK-ROAD UNLIGHTED,CLEAR,DRY
6836 ,33593551,MONROE,Rochester,,,Y,43.203228,-77.651699,09/26/2010,5:11 PM,INJURY,1.,0 ,2 ,COLLISION WITH MOTOR VEHICLE,REAR END,TRAFFIC SIGNAL,DAYLIGHT,CLEAR,DRY
6836 ,33593762,MONROE,Perinton,,,Y,43.045048,-77.4666271,08/20/2010,3:47 PM,PROPERTY DAMAGE AND INJURY,1.,0 ,2 ,COLLISION WITH MOTOR VEHICLE,LEFT TURN (WITH OTHER CAR),TRAFFIC SIGNAL,DAYLIGHT,CLEAR,DRY
6836 ,33595493,MONROE,Rochester,,,Y,43.160442,-77.591637,09/08/2010,8:43 PM,PROPERTY DAMAGE AND INJURY,1.,0 ,2 ,COLLISION WITH MOTOR VEHICLE,LEFT TURN (WITH OTHER CAR),TRAFFIC SIGNAL,DARK-ROAD LIGHTED,RAIN,WET
6836 ,33595618,MONROE,Rochester,,,Y,43.162721,-77.608702,06/20/2010,2:10 AM,INJURY,1.,0 ,2 ,COLLISION WITH MOTOR VEHICLE,REAR END,FLASHING LIGHT,DARK-ROAD LIGHTED,CLEAR,DRY
6836 ,33595626,MONROE,Rochester,,,Y,43.143716,-77.618245,09/10/2010,4:23 PM,INJURY,1.,0 ,2 ,COLLISION WITH MOTOR VEHICLE,REAR END,NONE,DAYLIGHT,CLEAR,DRY
6836 ,33595628,MONROE,Rochester,,,N,43.1594944,-77.5849396,09/11/2010,2:12 PM,INJURY,2.,0 ,2 ,COLLISION WITH MOTOR VEHICLE,REAR END,NONE,DAYLIGHT,CLEAR,DRY
6836 ,33595638,MONROE,Rochester,,,N,43.175441,-77.591233,09/10/2010,11:32 AM,INJURY,1.,0 ,1 ,COLLISION WITH PEDESTRIAN,OTHER,TRAFFIC SIGNAL,DAYLIGHT,CLEAR,DRY
6836 ,33595639,MONROE,Rochester,,,Y,43.158106,-77.625163,09/11/2010,12:10 AM,INJURY,1.,0 ,1 ,COLLISION WITH BICYCLIST,OTHER,TRAFFIC SIGNAL,DARK-ROAD LIGHTED,CLEAR,DRY
6836 ,33595644,MONROE,Rochester,,,Y,43.154716,-77.616882,09/10/2010,1:00 PM,PROPERTY DAMAGE AND INJURY,1.,0 ,2 ,COLLISION WITH MOTOR VEHICLE,LEFT TURN (AGAINST OTHER CAR),TRAFFIC SIGNAL,DAYLIGHT,CLEAR,DRY
6836 ,33595647,MONROE,Rochester,,,N,43.1692833,-77.6430069,09/09/2010,5:55 PM,PROPERTY DAMAGE AND INJURY,3.,0 ,2 ,COLLISION WITH MOTOR VEHICLE,REAR END,NONE,DAYLIGHT,CLEAR,DRY
6836 ,33595649,MONROE,Rochester,,,N,43.193912,-77.659275,09/09/2010,1:15 PM,INJURY,1.,0 ,2 ,COLLISION WITH MOTOR VEHICLE,REAR END,TRAFFIC SIGNAL,DAYLIGHT,CLEAR,DRY
6836 ,33595869,MONROE,Gates,,,N,43.1531021,-77.7114003,10/03/2010,7:35 PM,INJURY,2.,0 ,2 ,COLLISION WITH MOTOR VEHICLE,REAR END,NONE,DARK-ROAD LIGHTED,CLOUDY,DRY
6836 ,33595919,MONROE,Greece,,,Y,43.1869689,-77.7015098,09/28/2010,3:18 PM,PROPERTY DAMAGE AND INJURY,1.,0 ,3 ,COLLISION WITH MOTOR VEHICLE,OTHER,TRAFFIC SIGNAL,DAYLIGHT,CLEAR,DRY
6836 ,33595993,MONROE,Irondequoit,,,Y,43.197509,-77.584715,09/29/2010,6:45 PM,INJURY,1.,0 ,2 ,COLLISION WITH MOTOR VEHICLE,HEAD ON,TRAFFIC SIGNAL,DAWN,CLOUDY,DRY
6836 ,33596201,MONROE,Rochester,,,N,43.1778378,-77.6311724,09/08/2010,7:55 AM,PROPERTY DAMAGE AND INJURY,1.,0 ,2 ,COLLISION WITH MOTOR VEHICLE,LEFT TURN (AGAINST OTHER CAR),TRAFFIC SIGNAL,DAYLIGHT,CLEAR,DRY
6836 ,33596203,MONROE,Henrietta,,,N,43.091501,-77.5819818,09/30/2010,11:54 AM,PROPERTY DAMAGE AND INJURY,1.,0 ,2 ,COLLISION WITH MOTOR VEHICLE,REAR END,RR CROSSING SIGN,DAYLIGHT,RAIN,WET
6836 ,33596286,MONROE,Henrietta,,,N,43.067352,-77.6082048,10/07/2010,3:41 PM,PROPERTY DAMAGE AND INJURY,3.,0 ,2 ,COLLISION WITH MOTOR VEHICLE,REAR END,NONE,DAYLIGHT,CLEAR,DRY
6836 ,33596301,MONROE,Gates,,390 43011009,N,43.1701008,-77.6832642,10/04/2010,8:40 AM,PROPERTY DAMAGE AND INJURY,3.,0 ,3 ,COLLISION WITH MOTOR VEHICLE,OTHER,NONE,DAYLIGHT,CLOUDY,DRY
6836 ,33596393,MONROE,Gates,,,N,43.178668,-77.683734,10/07/2010,12:27 PM,PROPERTY DAMAGE AND INJURY,1.,0 ,2 ,COLLISION WITH MOTOR VEHICLE,OVERTAKING,TRAFFIC SIGNAL,DAYLIGHT,CLEAR,DRY
6836 ,33596407,MONROE,Brighton,,390 43011048,Y,43.106951,-77.601261,09/30/2010,7:34 PM,PROPERTY DAMAGE AND INJURY,2.,0 ,1 ,COLLISION WITH GUIDE RAIL,OTHER,NONE,DARK-ROAD LIGHTED,RAIN,WET
6836 ,33596409,MONROE,Brighton,,,N,43.1267544,-77.554765,10/08/2010,12:27 PM,PROPERTY DAMAGE AND INJURY,1.,0 ,2 ,COLLISION WITH MOTOR VEHICLE,REAR END,TRAFFIC SIGNAL,DAYLIGHT,CLEAR,DRY
6836 ,33596422,MONROE,Brighton,,,Y,43.115446,-77.591874,10/07/2010,11:07 AM,PROPERTY DAMAGE AND INJURY,1.,0 ,2 ,COLLISION WITH MOTOR VEHICLE,RIGHT ANGLE,TRAFFIC SIGNAL,DAYLIGHT,CLEAR,DRY
6836 ,33596544,MONROE,Henrietta,,252 43011038,N,43.087147,-77.604968,10/06/2010,2:57 PM,INJURY,1.,0 ,2 ,COLLISION WITH MOTOR VEHICLE,REAR END,TRAFFIC SIGNAL,DAYLIGHT,CLOUDY,DRY
6836 ,33596555,MONROE,Brighton,,,N,43.1058138,-77.6196155,10/07/2010,5:03 PM,INJURY,1.,0 ,1 ,OTHER NON-COLLISION,OTHER,TRAFFIC SIGNAL,DAYLIGHT,CLEAR,DRY
6836 ,33596596,MONROE,Wheatland,,383 43011025,N,43.013445,-77.8183069,10/07/2010,5:02 PM,PROPERTY DAMAGE AND INJURY,1.,0 ,2 ,COLLISION WITH MOTOR VEHICLE,RIGHT ANGLE,FLASHING LIGHT,DAYLIGHT,CLEAR,DRY
6836 ,33596605,MONROE,Brighton,,390I43031134,N,43.1113452,-77.602501,10/05/2010,1:40 PM,PROPERTY DAMAGE AND INJURY,1.,0 ,1 ,COLLISION WITH OTHER BARRIER,OTHER,NONE,DAYLIGHT,RAIN,WET
6836 ,33596648,MONROE,Penfield,,,Y,43.135176,-77.504995,09/26/2010,1:47 PM,PROPERTY DAMAGE AND INJURY,1.,0 ,2 ,COLLISION WITH MOTOR VEHICLE,RIGHT ANGLE,STOP SIGN,DAYLIGHT,CLEAR,DRY
6836 ,33596676,MONROE,Henrietta,,15A43041086,N,43.050063,-77.61739,09/24/2010,9:38 AM,PROPERTY DAMAGE AND INJURY,1.,0 ,2 ,COLLISION WITH MOTOR VEHICLE,REAR END,NONE,DAYLIGHT,CLEAR,DRY
6836 ,33596687,MONROE,Brighton,,,N,43.1154163,-77.5930369,10/07/2010,2:15 PM,PROPERTY DAMAGE AND INJURY,3.,0 ,3 ,COLLISION WITH MOTOR VEHICLE,OTHER,NONE,DAYLIGHT,CLEAR,DRY
6836 ,33596699,MONROE,Gates,,,N,43.1696722,-77.7015476,10/07/2010,1:25 PM,PROPERTY DAMAGE AND INJURY,1.,0 ,3 ,COLLISION WITH MOTOR VEHICLE,OTHER,NONE,DAYLIGHT,CLEAR,DRY
6836 ,33596767,MONROE,Penfield,,,Y,43.125194,-77.442114,09/30/2010,3:28 PM,PROPERTY DAMAGE AND INJURY,1.,0 ,2 ,COLLISION WITH MOTOR VEHICLE,RIGHT ANGLE,NONE,DAYLIGHT,RAIN,WET
6836 ,33596792,MONROE,Penfield,,,N,43.1898655,-77.5039133,10/04/2010,3:37 PM,PROPERTY DAMAGE AND INJURY,2.,0 ,2 ,COLLISION WITH MOTOR VEHICLE,RIGHT ANGLE,TRAFFIC SIGNAL,DAYLIGHT,CLOUDY,WET
6836 ,33596795,MONROE,Henrietta,,15A43041095,Y,43.065484,-77.609243,10/07/2010,5:42 PM,INJURY,1.,0 ,1 ,COLLISION WITH BICYCLIST,OTHER,STOP SIGN,DAYLIGHT,CLEAR,DRY
6836 ,33596832,MONROE,Henrietta,,,Y,43.08769,-77.674698,10/06/2010,2:18 PM,INJURY,1.,0 ,1 ,COLLISION WITH BICYCLIST,OTHER,NONE,DAYLIGHT,CLEAR,DRY
6836 ,33597169,MONROE,Irondequoit,,590 43013002,N,43.1707805,-77.539204,10/05/2010,5:47 PM,PROPERTY DAMAGE AND INJURY,1.,0 ,2 ,COLLISION WITH MEDIAN/BARRIER,OVERTAKING,NONE,DAYLIGHT,RAIN,WET
6836 ,33597717,MONROE,Gates,,390 43011002,N,43.1574394,-77.6821207,10/05/2010,9:45 AM,PROPERTY DAMAGE AND INJURY,1.,0 ,1 ,COLL. W/LIGHT SUPPORT/UTILITY POLE,OTHER,NONE,DAYLIGHT,RAIN,WET
6836 ,33597724,MONROE,Gates,,,N,43.1571278,-77.6980409,10/09/2010,11:38 AM,INJURY,1.,0 ,3 ,COLLISION WITH MOTOR VEHICLE,OTHER,NONE,DAYLIGHT,CLEAR,DRY
6836 ,33597757,MONROE,Gates,,390I43037015,N,43.148675,-77.6777215,10/07/2010,7:09 AM,PROPERTY DAMAGE AND INJURY,1.,0 ,3 ,COLLISION WITH MOTOR VEHICLE,OTHER,NONE,DAWN,CLOUDY,DRY
6836 ,33597836,MONROE,Chili,,390I43033001,N,43.1223668,-77.6475495,10/07/2010,3:30 PM,INJURY,1.,0 ,2 ,COLLISION WITH MOTOR VEHICLE,REAR END,YIELD SIGN,DAYLIGHT,CLEAR,DRY
6836 ,33598026,MONROE,Irondequoit,,,N,43.196444,-77.5767859,08/29/2010,3:00 PM,PROPERTY DAMAGE AND INJURY,3.,0 ,2 ,COLLISION WITH MOTOR VEHICLE,UNKNOWN,TRAFFIC SIGNAL,DAYLIGHT,CLEAR,DRY
6836 ,33598053,MONROE,Rochester,,,Y,43.1525608,-77.5739493,09/11/2010,12:10 PM,PROPERTY DAMAGE AND INJURY,2.,0 ,2 ,COLLISION WITH MOTOR VEHICLE,REAR END,NONE,DAYLIGHT,CLEAR,DRY
6836 ,33598711,MONROE,Rochester,,,N,43.1630128,-77.5830867,09/13/2010,3:03 PM,PROPERTY DAMAGE AND INJURY,2.,0 ,2 ,COLLISION WITH MOTOR VEHICLE,LEFT TURN (AGAINST OTHER CAR),NONE,DAYLIGHT,CLOUDY,DRY
6836 ,33598715,MONROE,Rochester,,,Y,43.164626,-77.634513,09/12/2010,10:40 PM,INJURY,1.,0 ,1 ,COLLISION WITH BICYCLIST,OTHER,NONE,DARK-ROAD LIGHTED,CLOUDY,DRY
6836 ,33598718,MONROE,Rochester,,,N,43.193306,-77.592204,09/14/2010,8:00 AM,PROPERTY DAMAGE AND INJURY,1.,0 ,2 ,COLLISION WITH MOTOR VEHICLE,REAR END,TRAFFIC SIGNAL,DAYLIGHT,CLOUDY,DRY
6836 ,33598723,MONROE,Rochester,,,Y,43.157619,-77.590628,09/14/2010,5:28 PM,INJURY,2.,0 ,2 ,COLLISION WITH MOTOR VEHICLE,REAR END,TRAFFIC SIGNAL,DAYLIGHT,CLEAR,DRY
6836 ,33598724,MONROE,Rochester,,,N,43.174646,-77.6219093,09/15/2010,6:39 PM,PROPERTY DAMAGE AND INJURY,3.,0 ,2 ,COLLISION WITH MOTOR VEHICLE,REAR END,NONE,DAYLIGHT,CLEAR,DRY
6836 ,33598728,MONROE,Rochester,,,Y,43.199938,-77.63755,09/13/2010,12:20 PM,PROPERTY DAMAGE AND INJURY,1.,0 ,2 ,COLLISION WITH MOTOR VEHICLE,LEFT TURN (AGAINST OTHER CAR),NONE,DAYLIGHT,CLOUDY,DRY
6836 ,33598838,MONROE,Rochester,,,Y,43.173959,-77.619547,08/21/2010,12:51 AM,PROPERTY DAMAGE AND INJURY,1.,0 ,1 ,COLLISION WITH CURBING,OTHER,NONE,DARK-ROAD LIGHTED,CLEAR,DRY
6836 ,33599335,MONROE,Rochester,,,Y,43.135025,-77.636003,08/25/2010,7:47 PM,PROPERTY DAMAGE AND INJURY,1.,0 ,2 ,COLLISION WITH MOTOR VEHICLE,RIGHT ANGLE,TRAFFIC SIGNAL,DAYLIGHT,CLEAR,DRY
6836 ,33599547,MONROE,Rochester,,,N,43.2110711,-77.6385778,09/19/2010,3:50 PM,PROPERTY DAMAGE AND INJURY,3.,0 ,3 ,COLLISION WITH MOTOR VEHICLE,OTHER,NONE,DAYLIGHT,CLEAR,DRY