QUERYID,CASE #,REGN_CNTY_CDE,Municipality,MUNITYPE,REF_MRKR,ATINTERSECTION_IND,Lat,Long,,Time,Crash Type,Injuries,Fatalities,Number of Vehicles,ACCD_TYP,COLLISION_TYP,TRAF_CNTL,Light Condition,Weather Condition,Road Surface Condition
6836 ,33599580,MONROE,Rochester,,,Y,43.113056,-77.616121,09/16/2010,7:50 AM,INJURY,1.,0 ,2 ,COLLISION WITH MOTOR VEHICLE,RIGHT ANGLE,TRAFFIC SIGNAL,DAYLIGHT,CLOUDY,DRY
6836 ,33599581,MONROE,Rochester,,,N,43.1783616,-77.6073701,09/16/2010,12:22 PM,INJURY,1.,0 ,2 ,COLLISION WITH MOTOR VEHICLE,REAR END,NONE,DAYLIGHT,RAIN,WET
6836 ,33599582,MONROE,Rochester,,,N,43.1522132,-77.5832711,09/16/2010,8:47 PM,PROPERTY DAMAGE AND INJURY,3.,0 ,1 ,COLLISION WITH TREE,OTHER,NONE,DARK-ROAD LIGHTED,RAIN,WET
6836 ,33599583,MONROE,Rochester,,,N,43.1869552,-77.5958279,09/16/2010,4:50 PM,PROPERTY DAMAGE AND INJURY,1.,0 ,2 ,COLLISION WITH MOTOR VEHICLE,REAR END,TRAFFIC SIGNAL,DAYLIGHT,RAIN,WET
6836 ,33599588,MONROE,Rochester,,,N,43.1560662,-77.6109832,09/15/2010,4:04 PM,INJURY,1.,0 ,2 ,COLLISION WITH MOTOR VEHICLE,LEFT TURN (WITH OTHER CAR),TRAFFIC SIGNAL,DAYLIGHT,CLEAR,DRY
6836 ,33599617,MONROE,Rochester,,,Y,43.179329,-77.631715,09/17/2010,6:59 PM,PROPERTY DAMAGE AND INJURY,6.,0 ,2 ,COLLISION WITH MOTOR VEHICLE,UNKNOWN,TRAFFIC SIGNAL,DAYLIGHT,CLEAR,DRY
6836 ,33599618,MONROE,Rochester,,,N,43.1248259,-77.6174098,09/17/2010,7:20 AM,INJURY,1.,0 ,2 ,COLLISION WITH MOTOR VEHICLE,REAR END,NONE,DAYLIGHT,CLOUDY,DRY
6836 ,33599621,MONROE,Rochester,,,N,43.1990248,-77.6357377,09/17/2010,7:40 PM,PROPERTY DAMAGE AND INJURY,1.,0 ,2 ,COLLISION WITH MOTOR VEHICLE,REAR END,NONE,DUSK,CLOUDY,DRY
6836 ,33599781,MONROE,Rochester,,33 43032016,N,43.1499791,-77.6429683,09/20/2010,3:44 PM,INJURY,1.,0 ,2 ,COLLISION WITH MOTOR VEHICLE,UNKNOWN,TRAFFIC SIGNAL,DAYLIGHT,CLEAR,DRY
6836 ,33599782,MONROE,Rochester,,,N,43.1507,-77.634267,09/18/2010,1:20 PM,PROPERTY DAMAGE AND INJURY,3.,0 ,2 ,COLLISION WITH MOTOR VEHICLE,UNKNOWN,NONE,DAYLIGHT,CLEAR,DRY
6836 ,33599783,MONROE,Rochester,,33A43022010,N,43.1467663,-77.6466914,09/20/2010,4:58 PM,INJURY,1.,0 ,2 ,COLLISION WITH MOTOR VEHICLE,REAR END,NONE,DAYLIGHT,CLEAR,DRY
6836 ,33599784,MONROE,Rochester,,,Y,43.162721,-77.608702,09/20/2010,9:25 AM,PROPERTY DAMAGE AND INJURY,1.,0 ,2 ,COLLISION WITH MOTOR VEHICLE,OVERTAKING,TRAFFIC SIGNAL,DAYLIGHT,CLEAR,DRY
6836 ,33599785,MONROE,Rochester,,,Y,43.14883,-77.597661,09/18/2010,11:15 PM,PROPERTY DAMAGE AND INJURY,1.,0 ,2 ,COLLISION WITH MOTOR VEHICLE,SIDESWIPE,TRAFFIC SIGNAL,DARK-ROAD LIGHTED,CLEAR,DRY
6836 ,33599787,MONROE,Rochester,,,Y,43.15357,-77.597892,09/20/2010,11:30 AM,PROPERTY DAMAGE AND INJURY,1.,0 ,1 ,COLLISION WITH BICYCLIST,OTHER,NONE,DAYLIGHT,CLEAR,DRY
6836 ,33599790,MONROE,Rochester,,,Y,43.136765,-77.560672,09/20/2010,4:53 PM,INJURY,1.,0 ,2 ,COLLISION WITH MOTOR VEHICLE,LEFT TURN (AGAINST OTHER CAR),NONE,DAYLIGHT,CLEAR,DRY
6836 ,33599794,MONROE,Rochester,,,Y,43.144754,-77.628987,09/15/2010,7:00 PM,INJURY,1.,0 ,1 ,COLLISION WITH PEDESTRIAN,OTHER,NONE,DAYLIGHT,CLEAR,DRY
6836 ,33599795,MONROE,Rochester,,,Y,43.135184,-77.607745,09/20/2010,8:34 AM,INJURY,1.,0 ,1 ,COLLISION WITH PEDESTRIAN,OTHER,TRAFFIC SIGNAL,DAYLIGHT,CLEAR,DRY
6836 ,33599848,MONROE,Greece,,,Y,43.205084,-77.66632,09/11/2010,8:58 AM,INJURY,1.,0 ,2 ,COLLISION WITH MOTOR VEHICLE,REAR END,TRAFFIC SIGNAL,DAYLIGHT,CLEAR,DRY
6836 ,33601255,MONROE,Greece,,,Y,43.201442,-77.680194,09/25/2010,5:55 PM,PROPERTY DAMAGE AND INJURY,1.,0 ,2 ,COLLISION WITH MOTOR VEHICLE,UNKNOWN,TRAFFIC SIGNAL,DAYLIGHT,CLOUDY,DRY
6836 ,33601341,MONROE,Webster,,,Y,43.263527,-77.4342469,09/02/2010,2:50 AM,INJURY,1.,0 ,1 ,COLLISION WITH DEER,OTHER,UNKNOWN,UNKNOWN,UNKNOWN,UNKNOWN
6836 ,33601579,MONROE,Greece,,,N,43.237517,-77.6468509,08/30/2010,8:37 AM,INJURY,1.,0 ,1 ,COLLISION WITH BICYCLIST,OTHER,STOP SIGN,DAYLIGHT,CLEAR,DRY
6836 ,33601712,MONROE,Rochester,,,Y,43.176201,-77.563365,09/15/2010,5:38 PM,INJURY,1.,0 ,2 ,COLLISION WITH MOTOR VEHICLE,LEFT TURN (AGAINST OTHER CAR),NONE,DAYLIGHT,CLEAR,DRY
6836 ,33601738,MONROE,Rochester,,,Y,43.207221,-77.562031,09/04/2010,11:58 AM,INJURY,2.,0 ,4 ,COLLISION WITH MOTOR VEHICLE,OTHER,TRAFFIC SIGNAL,DAYLIGHT,CLEAR,DRY
6836 ,33602551,MONROE,Rochester,,,Y,43.15944,-77.6052851,09/15/2010,1:54 PM,PROPERTY DAMAGE AND INJURY,4.,0 ,3 ,COLLISION WITH MOTOR VEHICLE,OTHER,STOP SIGN,DAYLIGHT,CLEAR,DRY
6836 ,33603023,MONROE,Brighton,,,N,43.1163259,-77.5601838,10/09/2010,7:04 AM,FATAL,0.,1 ,1 ,COLLISION WITH TREE,OTHER,NONE,DAYLIGHT,CLEAR,DRY
6836 ,33603032,MONROE,Irondequoit,,,N,43.1883447,-77.5547978,10/08/2010,8:28 PM,FATAL,0.,1 ,2 ,COLLISION WITH OTHER PEDESTRIAN,OTHER,NONE,DARK-ROAD UNLIGHTED,CLEAR,DRY
6836 ,33603058,MONROE,Perinton,,,N,43.041964,-77.4625871,08/16/2010,7:30 PM,INJURY,1.,0 ,2 ,COLLISION WITH MOTOR VEHICLE,REAR END,TRAFFIC SIGNAL,DAYLIGHT,CLEAR,DRY
6836 ,33603130,MONROE,Ogden,,,N,43.1368869,-77.8065537,04/17/2010,5:00 PM,PROPERTY DAMAGE AND INJURY,1.,0 ,2 ,COLLISION WITH MOTOR VEHICLE,REAR END,NONE,DAYLIGHT,CLEAR,DRY
6836 ,33603177,MONROE,Rochester,,,Y,43.156967,-77.62678,08/14/2010,6:00 AM,PROPERTY DAMAGE AND INJURY,1.,0 ,1 ,OTHER NON-COLLISION,OTHER,UNKNOWN,UNKNOWN,UNKNOWN,UNKNOWN
6836 ,33603843,MONROE,Penfield,,,N,43.12762,-77.4945049,10/01/2010,12:25 PM,PROPERTY DAMAGE AND INJURY,1.,0 ,2 ,COLLISION WITH MOTOR VEHICLE,LEFT TURN (AGAINST OTHER CAR),TRAFFIC SIGNAL,DAYLIGHT,CLEAR,DRY
6836 ,33603848,MONROE,Pittsford,,31 43033024,N,43.108566,-77.5443665,09/29/2010,12:20 PM,INJURY,1.,0 ,1 ,COLLISION WITH PEDESTRIAN,OTHER,NONE,DAYLIGHT,CLOUDY,DRY
6836 ,33603858,MONROE,Ogden,,31 43031103,N,43.1875841,-77.8364414,10/11/2010,4:37 PM,PROPERTY DAMAGE AND INJURY,2.,0 ,2 ,COLLISION WITH MOTOR VEHICLE,LEFT TURN (AGAINST OTHER CAR),NONE,DAYLIGHT,CLEAR,DRY
6836 ,33603862,MONROE,Chili,,33A43021129,N,43.1237939,-77.7072099,10/09/2010,2:15 PM,INJURY,1.,0 ,2 ,COLLISION WITH MOTOR VEHICLE,REAR END,NONE,DAYLIGHT,CLEAR,DRY
6836 ,33603864,MONROE,Pittsford,,,Y,43.123253,-77.5070609,10/05/2010,8:05 AM,PROPERTY DAMAGE AND INJURY,1.,0 ,2 ,COLLISION WITH MOTOR VEHICLE,LEFT TURN (AGAINST OTHER CAR),TRAFFIC SIGNAL,DAYLIGHT,RAIN,WET
6836 ,33603865,MONROE,Penfield,,,N,43.1264628,-77.5158895,09/28/2010,11:50 AM,INJURY,1.,0 ,1 ,COLL. W/LIGHT SUPPORT/UTILITY POLE,OTHER,NONE,DAYLIGHT,CLOUDY,DRY
6836 ,33603867,MONROE,Irondequoit,,,Y,43.196137,-77.6001439,10/09/2010,9:12 AM,PROPERTY DAMAGE AND INJURY,1.,0 ,4 ,COLLISION WITH CURBING,OTHER,TRAFFIC SIGNAL,DAYLIGHT,CLEAR,DRY
6836 ,33603887,MONROE,Brighton,,,Y,43.126405,-77.565714,10/12/2010,11:43 AM,PROPERTY DAMAGE AND INJURY,2.,0 ,2 ,COLLISION WITH MOTOR VEHICLE,RIGHT ANGLE,TRAFFIC SIGNAL,DAYLIGHT,CLEAR,DRY
6836 ,33603893,MONROE,Gates,,,N,43.166327,-77.753746,10/08/2010,9:44 AM,PROPERTY DAMAGE AND INJURY,1.,0 ,3 ,COLLISION WITH MOTOR VEHICLE,OTHER,TRAFFIC SIGNAL,DAYLIGHT,CLEAR,DRY
6836 ,33603894,MONROE,Gates,,,Y,43.147604,-77.709287,10/12/2010,3:00 PM,PROPERTY DAMAGE AND INJURY,1.,0 ,2 ,COLLISION WITH MOTOR VEHICLE,REAR END,TRAFFIC SIGNAL,DAYLIGHT,CLEAR,DRY
6836 ,33603895,MONROE,Brighton,,,Y,43.115446,-77.591874,10/11/2010,8:43 AM,PROPERTY DAMAGE AND INJURY,1.,0 ,3 ,COLLISION WITH MOTOR VEHICLE,OTHER,TRAFFIC SIGNAL,DAYLIGHT,CLEAR,DRY
6836 ,33604061,MONROE,Henrietta,,,N,43.0876863,-77.6297215,10/09/2010,9:50 PM,INJURY,2.,0 ,2 ,COLLISION WITH MOTOR VEHICLE,REAR END,NONE,DARK-ROAD UNLIGHTED,CLEAR,DRY
6836 ,33604193,MONROE,Greece,,390 43011031,N,43.2017024,-77.6772749,10/07/2010,7:50 AM,INJURY,1.,0 ,2 ,COLLISION WITH MOTOR VEHICLE,REAR END,NONE,DAYLIGHT,CLOUDY,DRY
6836 ,33604232,MONROE,Ogden,,31 43031082,N,43.188241,-77.8545378,10/10/2010,10:17 PM,PROPERTY DAMAGE AND INJURY,1.,0 ,1 ,COLLISION WITH OTHER FIXED OBJECT,OTHER,NONE,DARK-ROAD UNLIGHTED,CLEAR,DRY
6836 ,33604374,MONROE,Irondequoit,,590 43013001,N,43.1854869,-77.5437511,10/13/2010,8:05 AM,PROPERTY DAMAGE AND INJURY,1.,0 ,2 ,COLLISION WITH MOTOR VEHICLE,REAR END,NONE,DAYLIGHT,CLEAR,DRY
6836 ,33604384,MONROE,Henrietta,,,N,43.0867651,-77.6370067,10/11/2010,1:57 PM,INJURY,1.,0 ,1 ,COLLISION WITH PEDESTRIAN,OTHER,NONE,DAYLIGHT,CLOUDY,DRY
6836 ,33604527,MONROE,Rochester,,15 43032026,N,43.1495424,-77.6043972,10/13/2010,11:46 AM,INJURY,1.,0 ,2 ,COLLISION WITH MOTOR VEHICLE,OVERTAKING,NONE,DAYLIGHT,CLEAR,DRY
6836 ,33604700,MONROE,Parma,,104 43031111,N,43.2182296,-77.786817,10/02/2010,2:20 PM,PROPERTY DAMAGE AND INJURY,1.,0 ,2 ,COLLISION WITH MOTOR VEHICLE,SIDESWIPE,NONE,DAYLIGHT,CLEAR,DRY
6836 ,33604781,MONROE,Perinton,,31 43033103,N,43.0644831,-77.4066771,10/07/2010,3:28 PM,PROPERTY DAMAGE AND INJURY,1.,0 ,2 ,COLLISION WITH MOTOR VEHICLE,REAR END,NONE,DAYLIGHT,CLEAR,DRY
6836 ,33604823,MONROE,Brighton,,,N,43.1051981,-77.5771994,10/13/2010,5:26 PM,INJURY,1.,0 ,2 ,COLLISION WITH MOTOR VEHICLE,REAR END,NONE,DAYLIGHT,CLOUDY,DRY
6836 ,33604827,MONROE,Pittsford,,31 43033045,N,43.0904222,-77.5140648,10/12/2010,4:40 PM,INJURY,1.,0 ,2 ,COLLISION WITH MOTOR VEHICLE,OVERTAKING,NONE,DAYLIGHT,CLEAR,DRY
6836 ,33604833,MONROE,Webster,,,N,43.2121686,-77.4466142,10/09/2010,1:22 PM,INJURY,2.,0 ,2 ,COLLISION WITH MOTOR VEHICLE,REAR END,NONE,DAYLIGHT,CLEAR,DRY
6836 ,33604834,MONROE,Wheatland,,,Y,43.005367,-77.7454,10/13/2010,7:18 AM,PROPERTY DAMAGE AND INJURY,1.,0 ,2 ,COLLISION WITH MOTOR VEHICLE,LEFT TURN (AGAINST OTHER CAR),STOP SIGN,DAYLIGHT,CLEAR,DRY
6836 ,33604840,MONROE,Gates,,390 43011003,N,43.1606658,-77.6810283,10/10/2010,10:39 PM,PROPERTY DAMAGE AND INJURY,1.,0 ,1 ,COLLISION WITH GUIDE RAIL,OTHER,NONE,DARK-ROAD LIGHTED,CLEAR,DRY
6836 ,33604841,MONROE,Webster,,,N,43.2069968,-77.453033,10/11/2010,6:57 PM,PROPERTY DAMAGE AND INJURY,1.,0 ,2 ,COLLISION WITH MOTOR VEHICLE,RIGHT TURN (AGAINST OTHER CAR),NONE,DARK-ROAD UNLIGHTED,RAIN,WET
6836 ,33604844,MONROE,Perinton,,490I43023091,N,43.0364506,-77.4586761,10/12/2010,1:20 AM,PROPERTY DAMAGE AND INJURY,2.,0 ,1 ,COLLISION WITH GUIDERAIL - END,OTHER,NONE,DARK-ROAD UNLIGHTED,FOG/SMOG/SMOKE,WET
6836 ,33604848,MONROE,Brighton,,,N,43.1053138,-77.6272451,10/13/2010,11:56 AM,PROPERTY DAMAGE AND INJURY,1.,0 ,2 ,COLLISION WITH MOTOR VEHICLE,REAR END,NONE,DAYLIGHT,CLEAR,DRY
6836 ,33604849,MONROE,Brighton,,15 43031126,N,43.112116,-77.6237131,10/13/2010,3:02 PM,PROPERTY DAMAGE AND INJURY,1.,0 ,2 ,COLLISION WITH MOTOR VEHICLE,OVERTAKING,TRAFFIC SIGNAL,DAYLIGHT,CLEAR,DRY
6836 ,33604852,MONROE,Webster,,,N,43.213876,-77.515545,10/06/2010,7:39 AM,INJURY,1.,0 ,2 ,COLLISION WITH MOTOR VEHICLE,REAR END,TRAFFIC SIGNAL,DAYLIGHT,CLOUDY,WET
6836 ,33604855,MONROE,Webster,,104 43035243,N,43.2145787,-77.4901274,10/12/2010,7:23 AM,INJURY,2.,0 ,2 ,COLLISION WITH MOTOR VEHICLE,REAR END,NONE,DAWN,CLOUDY,DRY
6836 ,33604856,MONROE,Brighton,,390I43031140,N,43.1079629,-77.61338,10/08/2010,8:40 AM,PROPERTY DAMAGE AND INJURY,1.,0 ,2 ,COLLISION WITH MOTOR VEHICLE,REAR END,NONE,DAYLIGHT,CLEAR,DRY
6836 ,33604857,MONROE,Gates,,,N,43.1694292,-77.701308,10/13/2010,4:05 PM,PROPERTY DAMAGE AND INJURY,1.,0 ,2 ,COLLISION WITH MOTOR VEHICLE,RIGHT ANGLE,NONE,DAYLIGHT,CLEAR,DRY
6836 ,33604859,MONROE,Henrietta,,,N,43.0855957,-77.6247121,09/13/2010,11:13 AM,PROPERTY DAMAGE AND INJURY,1.,0 ,2 ,COLLISION WITH MOTOR VEHICLE,RIGHT ANGLE,NONE,DAYLIGHT,CLOUDY,WET
6836 ,33604900,MONROE,Rochester,,104 43032040,N,43.1947441,-77.5871153,10/12/2010,10:05 PM,PROPERTY DAMAGE AND INJURY,1.,0 ,1 ,COLL. W/LIGHT SUPPORT/UTILITY POLE,OTHER,NONE,DARK-ROAD LIGHTED,CLEAR,DRY
6836 ,33605020,MONROE,Greece,,104 43031139,N,43.214301,-77.7312651,10/06/2010,3:40 PM,PROPERTY DAMAGE AND INJURY,2.,0 ,3 ,COLLISION WITH MOTOR VEHICLE,OTHER,TRAFFIC SIGNAL,DAYLIGHT,CLOUDY,DRY
6836 ,33605022,MONROE,Greece,,104 43031170,N,43.2060627,-77.6725663,10/08/2010,8:57 PM,PROPERTY DAMAGE AND INJURY,3.,0 ,3 ,COLLISION WITH MOTOR VEHICLE,OTHER,NONE,DARK-ROAD LIGHTED,CLOUDY,DRY
6836 ,33605025,MONROE,Greece,,,N,43.2059669,-77.6710951,10/06/2010,6:07 PM,PROPERTY DAMAGE AND INJURY,1.,0 ,2 ,COLLISION WITH MOTOR VEHICLE,REAR END,TRAFFIC SIGNAL,DAYLIGHT,CLOUDY,DRY
6836 ,33605027,MONROE,Greece,,,Y,43.186929,-77.732212,10/11/2010,4:23 PM,PROPERTY DAMAGE AND INJURY,1.,0 ,2 ,COLLISION WITH MOTOR VEHICLE,LEFT TURN (AGAINST OTHER CAR),TRAFFIC SIGNAL,DAYLIGHT,CLOUDY,DRY
6836 ,33605057,MONROE,Rochester,,,Y,43.159514,-77.610074,10/12/2010,6:32 PM,PROPERTY DAMAGE AND INJURY,1.,0 ,1 ,COLLISION WITH BICYCLIST,OTHER,TRAFFIC SIGNAL,DAYLIGHT,CLEAR,DRY
6836 ,33605279,MONROE,Gates,,390 43011005,N,43.1633709,-77.6825419,10/13/2010,8:13 AM,PROPERTY DAMAGE AND INJURY,1.,0 ,3 ,COLLISION WITH MOTOR VEHICLE,OTHER,NONE,DAYLIGHT,CLEAR,DRY
6836 ,33605377,MONROE,Pittsford,,,N,43.0447795,-77.557622,10/10/2010,7:02 PM,PROPERTY DAMAGE AND INJURY,1.,0 ,1 ,COLLISION WITH DEER,OTHER,NONE,DARK-ROAD UNLIGHTED,CLEAR,DRY
6836 ,33605410,MONROE,Henrietta,,,N,43.0778923,-77.6293042,10/13/2010,3:44 PM,PROPERTY DAMAGE AND INJURY,4.,0 ,2 ,COLLISION WITH MOTOR VEHICLE,RIGHT ANGLE,NONE,DAYLIGHT,CLEAR,DRY
6836 ,33605415,MONROE,Gates,,490I43021176,N,43.1564716,-77.6833434,09/30/2010,6:51 AM,PROPERTY DAMAGE AND INJURY,1.,0 ,3 ,COLLISION WITH MOTOR VEHICLE,OTHER,NONE,DAWN,RAIN,WET
6836 ,33605416,MONROE,Mendon,,,N,42.9630067,-77.5274445,10/11/2010,7:14 AM,PROPERTY DAMAGE AND INJURY,1.,0 ,1 ,COLLISION WITH DEER,OTHER,NONE,DAYLIGHT,FOG/SMOG/SMOKE,DRY
6836 ,33605421,MONROE,Hamlin,,18 43031101,N,43.2977273,-77.9827168,10/10/2010,4:35 PM,INJURY,1.,0 ,1 ,COLLISION WITH GUIDE RAIL,OTHER,NONE,DAYLIGHT,CLEAR,DRY
6836 ,33605425,MONROE,Brighton,,,N,43.095051,-77.605733,10/14/2010,5:47 PM,PROPERTY DAMAGE AND INJURY,1.,0 ,2 ,COLLISION WITH MOTOR VEHICLE,LEFT TURN (AGAINST OTHER CAR),TRAFFIC SIGNAL,DAYLIGHT,RAIN,WET
6836 ,33605441,MONROE,Irondequoit,,,N,43.2106753,-77.5984623,10/06/2010,4:41 PM,INJURY,1.,0 ,1 ,COLLISION WITH PEDESTRIAN,OTHER,TRAFFIC SIGNAL,DAYLIGHT,CLOUDY,DRY
6836 ,33605444,MONROE,Penfield,,,N,43.1890169,-77.5043668,10/13/2010,4:30 PM,PROPERTY DAMAGE AND INJURY,1.,0 ,2 ,COLLISION WITH MOTOR VEHICLE,REAR END,TRAFFIC SIGNAL,DAYLIGHT,CLEAR,DRY
6836 ,33605974,MONROE,Henrietta,,252 43011079,N,43.0871014,-77.6181176,10/13/2010,7:45 AM,INJURY,1.,0 ,2 ,COLLISION WITH MOTOR VEHICLE,REAR END,NONE,DAYLIGHT,CLEAR,DRY
6836 ,33605986,MONROE,Henrietta,,,Y,43.0364,-77.6986659,10/11/2010,12:27 PM,PROPERTY DAMAGE AND INJURY,1.,0 ,2 ,COLLISION WITH MOTOR VEHICLE,RIGHT ANGLE,STOP SIGN,DAYLIGHT,CLEAR,DRY
6836 ,33605995,MONROE,Webster,,,N,43.210318,-77.4470262,10/14/2010,10:07 AM,PROPERTY DAMAGE AND INJURY,1.,0 ,1 ,COLLISION WITH TREE,OTHER,NONE,DAYLIGHT,CLOUDY,DRY
6836 ,33605997,MONROE,Brighton,,,N,43.0947875,-77.6127743,10/13/2010,8:35 AM,PROPERTY DAMAGE AND INJURY,1.,0 ,2 ,COLLISION WITH MOTOR VEHICLE,REAR END,TRAFFIC SIGNAL,DAYLIGHT,CLEAR,DRY
6836 ,33606038,MONROE,Rochester,,490I43022049,N,43.1421189,-77.5864163,10/08/2010,5:25 PM,PROPERTY DAMAGE AND INJURY,2.,0 ,5 ,COLLISION WITH MOTOR VEHICLE,OTHER,NONE,DAYLIGHT,CLEAR,DRY
6836 ,33606327,MONROE,Rochester,,,N,43.156111,-77.6059475,09/16/2010,3:52 PM,INJURY,1.,0 ,1 ,COLLISION WITH BICYCLIST,OTHER,NONE,DAYLIGHT,CLOUDY,WET
6836 ,33606355,MONROE,Rochester,,,N,43.171734,-77.6280679,09/16/2010,4:40 PM,PROPERTY DAMAGE AND INJURY,3.,0 ,3 ,COLLISION WITH MOTOR VEHICLE,OTHER,TRAFFIC SIGNAL,DAYLIGHT,RAIN,WET
6836 ,33606383,MONROE,Rochester,,,Y,43.144933,-77.57425,09/17/2010,10:31 PM,PROPERTY DAMAGE AND INJURY,1.,0 ,2 ,COLLISION WITH MOTOR VEHICLE,UNKNOWN,UNKNOWN,UNKNOWN,UNKNOWN,UNKNOWN
6836 ,33606936,MONROE,Rochester,,,Y,43.121583,-77.618928,09/20/2010,1:10 PM,INJURY,1.,0 ,2 ,COLLISION WITH MOTOR VEHICLE,REAR END,UNKNOWN,UNKNOWN,UNKNOWN,UNKNOWN
6836 ,33606996,MONROE,Rochester,,,Y,43.144321,-77.555926,09/27/2010,10:07 AM,PROPERTY DAMAGE AND INJURY,1.,0 ,2 ,COLLISION WITH MOTOR VEHICLE,UNKNOWN,UNKNOWN,DAWN,CLEAR,DRY
6836 ,33607659,MONROE,Irondequoit,,,N,43.1970042,-77.5768396,10/15/2010,5:40 PM,INJURY,1.,0 ,2 ,COLLISION WITH MOTOR VEHICLE,RIGHT ANGLE,TRAFFIC SIGNAL,DAYLIGHT,RAIN,WET
6836 ,33607771,MONROE,Greece,,,N,43.2973167,-77.736638,10/16/2010,4:07 AM,PROPERTY DAMAGE AND INJURY,1.,0 ,2 ,COLLISION WITH MOTOR VEHICLE,REAR END,NONE,DARK-ROAD UNLIGHTED,CLOUDY,DRY
6836 ,33608561,MONROE,Gates,,,N,43.1321579,-77.6865343,10/17/2010,5:35 PM,PROPERTY DAMAGE AND INJURY,1.,0 ,2 ,COLLISION WITH MOTOR VEHICLE,RIGHT ANGLE,NONE,DAYLIGHT,CLEAR,DRY
6836 ,33608562,MONROE,Henrietta,,,N,43.0463508,-77.6586905,10/15/2010,5:35 PM,INJURY,1.,0 ,1 ,COLLISION WITH PEDESTRIAN,OTHER,NONE,DAYLIGHT,RAIN,WET
6836 ,33608569,MONROE,Penfield,,,N,43.1950178,-77.471158,10/15/2010,8:55 PM,INJURY,1.,0 ,1 ,COLLISION WITH PEDESTRIAN,OTHER,NONE,DARK-ROAD UNLIGHTED,CLEAR,DRY
6836 ,33608575,MONROE,Gates,,,N,43.1646953,-77.6825783,10/17/2010,10:45 AM,PROPERTY DAMAGE AND INJURY,1.,0 ,1 ,COLLISION WITH PEDESTRIAN,OTHER,NONE,DAYLIGHT,CLEAR,DRY
6836 ,33608576,MONROE,Brighton,,31 43033022,N,43.1117973,-77.54877,10/16/2010,2:09 PM,PROPERTY DAMAGE AND INJURY,3.,0 ,5 ,COLLISION WITH MOTOR VEHICLE,OTHER,NONE,DAYLIGHT,CLEAR,DRY
6836 ,33608581,MONROE,Brighton,,,N,43.1117973,-77.54877,10/16/2010,12:47 PM,PROPERTY DAMAGE AND INJURY,2.,0 ,3 ,COLLISION WITH MOTOR VEHICLE,OTHER,NONE,DAYLIGHT,CLEAR,DRY
6836 ,33608589,MONROE,Webster,,,N,43.2100196,-77.4503766,10/12/2010,4:21 PM,PROPERTY DAMAGE AND INJURY,2.,0 ,2 ,COLLISION WITH MOTOR VEHICLE,RIGHT ANGLE,NONE,DAYLIGHT,CLEAR,DRY
6836 ,33608592,MONROE,Brighton,,31 43033020,N,43.1120487,-77.5491045,10/16/2010,10:54 AM,PROPERTY DAMAGE AND INJURY,2.,0 ,2 ,COLLISION WITH MOTOR VEHICLE,LEFT TURN (AGAINST OTHER CAR),NONE,DAYLIGHT,CLOUDY,DRY
6836 ,33608597,MONROE,Gates,,,N,43.16451,-77.7445698,10/16/2010,5:41 PM,INJURY,1.,0 ,1 ,RAN OFF ROAD ONLY,OTHER,NONE,DAYLIGHT,CLEAR,DRY
6836 ,33608712,MONROE,Gates,,390I43037011,N,43.1437642,-77.6724582,10/08/2010,7:21 AM,PROPERTY DAMAGE AND INJURY,1.,0 ,1 ,COLLISION WITH SIGN POST,OTHER,NONE,DAYLIGHT,CLEAR,DRY
6836 ,33608715,MONROE,Brighton,,490I43023006,N,43.1383546,-77.5374808,10/14/2010,4:30 PM,PROPERTY DAMAGE AND INJURY,1.,0 ,2 ,COLLISION WITH MOTOR VEHICLE,REAR END,NONE,DAYLIGHT,RAIN,WET
6836 ,33608796,MONROE,Greece,,,N,43.2515845,-77.6467929,10/16/2010,5:05 PM,PROPERTY DAMAGE AND INJURY,1.,0 ,2 ,COLLISION WITH MOTOR VEHICLE,RIGHT ANGLE,NONE,DAYLIGHT,CLEAR,DRY
6836 ,33608797,MONROE,Greece,,,Y,43.252928,-77.639273,10/17/2010,5:17 PM,PROPERTY DAMAGE AND INJURY,1.,0 ,2 ,COLLISION WITH MOTOR VEHICLE,REAR END,NONE,DAYLIGHT,CLEAR,DRY
6836 ,33608799,MONROE,Greece,,,Y,43.231113,-77.677857,10/01/2010,4:25 PM,PROPERTY DAMAGE AND INJURY,1.,0 ,2 ,COLLISION WITH MOTOR VEHICLE,RIGHT ANGLE,TRAFFIC SIGNAL,DAYLIGHT,CLEAR,DRY
6836 ,33609209,MONROE,Brighton,,,Y,43.1324779,-77.5869693,10/18/2010,7:04 PM,INJURY,1.,0 ,1 ,COLLISION WITH PEDESTRIAN,OTHER,NONE,DARK-ROAD UNLIGHTED,CLEAR,DRY
6836 ,33609211,MONROE,Webster,,,N,43.20862,-77.460977,10/16/2010,1:51 PM,PROPERTY DAMAGE AND INJURY,1.,0 ,2 ,COLLISION WITH MOTOR VEHICLE,REAR END,TRAFFIC SIGNAL,DAYLIGHT,CLOUDY,DRY
6836 ,33609332,MONROE,Clarkson,,18 43031055,N,43.284455,-77.8958692,10/13/2010,8:45 PM,PROPERTY DAMAGE AND INJURY,2.,0 ,2 ,COLLISION WITH MOTOR VEHICLE,REAR END,NONE,DARK-ROAD LIGHTED,RAIN,WET
6836 ,33609369,MONROE,Greece,,,N,43.2165974,-77.6565216,10/17/2010,12:50 PM,INJURY,1.,0 ,1 ,OVERTURNED,OTHER,NONE,DAYLIGHT,CLEAR,DRY
6836 ,33609514,MONROE,Greece,,,Y,43.223754,-77.659043,10/06/2010,4:06 PM,PROPERTY DAMAGE AND INJURY,2.,0 ,2 ,COLLISION WITH MOTOR VEHICLE,RIGHT TURN (WITH OTHER CAR),TRAFFIC SIGNAL,DAYLIGHT,CLEAR,DRY
6836 ,33609519,MONROE,Gates,,390 43011010,N,43.1714293,-77.6830539,09/30/2010,5:50 PM,PROPERTY DAMAGE AND INJURY,1.,0 ,1 ,RAN OFF ROAD ONLY,OTHER,NONE,DAYLIGHT,RAIN,WET