QUERYID,CASE #,REGN_CNTY_CDE,Municipality,MUNITYPE,REF_MRKR,ATINTERSECTION_IND,Lat,Long,,Time,Crash Type,Injuries,Fatalities,Number of Vehicles,ACCD_TYP,COLLISION_TYP,TRAF_CNTL,Light Condition,Weather Condition,Road Surface Condition
6836 ,33609521,MONROE,Henrietta,,,N,43.0844821,-77.608138,10/08/2010,7:47 AM,PROPERTY DAMAGE AND INJURY,1.,0 ,2 ,COLLISION WITH MOTOR VEHICLE,LEFT TURN (WITH OTHER CAR),NONE,DAYLIGHT,CLEAR,DRY
6836 ,33609587,MONROE,Gates,,,Y,43.164699,-77.686624,10/15/2010,7:19 PM,PROPERTY DAMAGE AND INJURY,1.,0 ,3 ,COLLISION WITH MOTOR VEHICLE,OTHER,NONE,DARK-ROAD LIGHTED,RAIN,WET
6836 ,33609614,MONROE,Perinton,,,N,43.1085155,-77.4510911,10/17/2010,12:47 AM,PROPERTY DAMAGE AND INJURY,1.,0 ,2 ,COLLISION WITH MOTOR VEHICLE,REAR END,NONE,DARK-ROAD LIGHTED,CLEAR,DRY
6836 ,33609715,MONROE,Henrietta,,,Y,43.092503,-77.665964,10/14/2010,6:21 AM,PROPERTY DAMAGE AND INJURY,1.,0 ,2 ,COLLISION WITH MOTOR VEHICLE,LEFT TURN (AGAINST OTHER CAR),TRAFFIC SIGNAL,DARK-ROAD LIGHTED,CLEAR,DRY
6836 ,33609719,MONROE,Gates,,,N,43.1310428,-77.6891782,10/19/2010,1:14 PM,INJURY,1.,0 ,1 ,COLLISION WITH PEDESTRIAN,OTHER,NONE,DAYLIGHT,CLOUDY,DRY
6836 ,33609722,MONROE,Henrietta,,15 43031056,N,43.0620305,-77.6502294,10/17/2010,11:05 AM,PROPERTY DAMAGE AND INJURY,1.,0 ,2 ,COLLISION WITH MOTOR VEHICLE,REAR END,NONE,DAYLIGHT,CLOUDY,DRY
6836 ,33609780,MONROE,Henrietta,,252 43011065,N,43.0902851,-77.6449095,10/15/2010,6:07 PM,PROPERTY DAMAGE AND INJURY,1.,0 ,2 ,COLLISION WITH MOTOR VEHICLE,RIGHT TURN (AGAINST OTHER CAR),TRAFFIC SIGNAL,DARK-ROAD LIGHTED,RAIN,WET
6836 ,33609787,MONROE,Rochester,,490I43022019,N,43.156684,-77.636907,10/18/2010,5:45 PM,INJURY,2.,0 ,2 ,COLLISION WITH MOTOR VEHICLE,REAR END,NONE,DAYLIGHT,CLEAR,DRY
6836 ,33609915,MONROE,Wheatland,,383 43011023,N,43.0130907,-77.823038,10/18/2010,2:43 PM,PROPERTY DAMAGE AND INJURY,1.,0 ,2 ,COLLISION WITH MOTOR VEHICLE,REAR END,RR CROSSING GATES,DAYLIGHT,CLOUDY,DRY
6836 ,33609951,MONROE,Henrietta,,,N,43.026321,-77.68587,10/19/2010,4:08 PM,PROPERTY DAMAGE AND INJURY,2.,0 ,2 ,COLLISION WITH MOTOR VEHICLE,RIGHT ANGLE,STOP SIGN,DAYLIGHT,CLOUDY,DRY
6836 ,33610000,MONROE,Henrietta,,15A43041093,N,43.0594865,-77.6123556,10/12/2010,8:41 AM,PROPERTY DAMAGE AND INJURY,1.,0 ,2 ,COLLISION WITH MOTOR VEHICLE,SIDESWIPE,NONE,DAYLIGHT,CLOUDY,DRY
6836 ,33610004,MONROE,Chili,,383 43011151,N,43.1188822,-77.6556928,10/18/2010,3:15 PM,PROPERTY DAMAGE AND INJURY,2.,0 ,3 ,COLLISION WITH MOTOR VEHICLE,OTHER,NONE,DAYLIGHT,CLOUDY,DRY
6836 ,33610040,MONROE,Brighton,,,N,43.13763,-77.53607,10/19/2010,8:04 AM,PROPERTY DAMAGE AND INJURY,2.,0 ,2 ,COLLISION WITH MOTOR VEHICLE,RIGHT ANGLE,TRAFFIC SIGNAL,DAYLIGHT,CLEAR,DRY
6836 ,33610253,MONROE,Rochester,,,N,43.191914,-77.599883,08/20/2010,3:39 PM,INJURY,2.,0 ,2 ,COLLISION WITH MOTOR VEHICLE,REAR END,TRAFFIC SIGNAL,DAYLIGHT,CLEAR,DRY
6836 ,33610672,MONROE,Rochester,,,Y,43.167362,-77.616907,10/01/2010,2:43 PM,INJURY,2.,0 ,2 ,COLLISION WITH MOTOR VEHICLE,REAR END,TRAFFIC SIGNAL,DAYLIGHT,CLEAR,DRY
6836 ,33610675,MONROE,Rochester,,,Y,43.195471,-77.6388561,10/02/2010,3:10 PM,PROPERTY DAMAGE AND INJURY,3.,0 ,2 ,COLLISION WITH MOTOR VEHICLE,REAR END,NONE,DAYLIGHT,CLEAR,DRY
6836 ,33610676,MONROE,Rochester,,,N,43.143136,-77.575276,10/03/2010,12:42 AM,PROPERTY DAMAGE AND INJURY,1.,0 ,2 ,COLLISION WITH MOTOR VEHICLE,LEFT TURN (AGAINST OTHER CAR),TRAFFIC SIGNAL,DARK-ROAD LIGHTED,RAIN,WET
6836 ,33610678,MONROE,Rochester,,,Y,43.175811,-77.576177,10/02/2010,3:52 PM,INJURY,1.,0 ,2 ,COLLISION WITH MOTOR VEHICLE,REAR END,NONE,DAYLIGHT,CLOUDY,DRY
6836 ,33610681,MONROE,Rochester,,,N,43.1734313,-77.6289333,10/01/2010,2:10 PM,INJURY,1.,0 ,1 ,COLLISION WITH PEDESTRIAN,OTHER,NONE,DAYLIGHT,CLEAR,DRY
6836 ,33610683,MONROE,Rochester,,,Y,43.173324,-77.612791,10/01/2010,4:34 PM,INJURY,1.,0 ,1 ,COLLISION WITH PEDESTRIAN,OTHER,NONE,DAYLIGHT,CLEAR,DRY
6836 ,33610684,MONROE,Rochester,,,Y,43.147577,-77.5541321,10/04/2010,9:43 AM,PROPERTY DAMAGE AND INJURY,1.,0 ,2 ,COLLISION WITH MOTOR VEHICLE,RIGHT ANGLE,STOP SIGN,DAYLIGHT,RAIN,WET
6836 ,33610685,MONROE,Rochester,,,Y,43.138038,-77.58909,10/04/2010,9:20 AM,INJURY,1.,0 ,2 ,COLLISION WITH MOTOR VEHICLE,LEFT TURN (AGAINST OTHER CAR),STOP SIGN,DAYLIGHT,CLOUDY,DRY
6836 ,33610687,MONROE,Rochester,,,Y,43.187361,-77.584105,10/04/2010,5:32 PM,PROPERTY DAMAGE AND INJURY,2.,0 ,2 ,COLLISION WITH MOTOR VEHICLE,RIGHT ANGLE,TRAFFIC SIGNAL,DAYLIGHT,CLOUDY,WET
6836 ,33610825,MONROE,Rochester,,,Y,43.140415,-77.66543,09/26/2010,5:36 PM,PROPERTY DAMAGE AND INJURY,1.,0 ,2 ,COLLISION WITH MOTOR VEHICLE,REAR END,TRAFFIC SIGNAL,DAYLIGHT,CLEAR,DRY
6836 ,33610832,MONROE,Rochester,,,Y,43.186184,-77.638879,09/28/2010,2:34 PM,INJURY,1.,0 ,1 ,COLLISION WITH PEDESTRIAN,OTHER,NONE,DAYLIGHT,CLEAR,DRY
6836 ,33610833,MONROE,Rochester,,,Y,43.1939,-77.6522309,09/28/2010,7:15 AM,PROPERTY DAMAGE AND INJURY,1.,0 ,2 ,COLLISION WITH MOTOR VEHICLE,REAR END,NONE,DAYLIGHT,RAIN,WET
6836 ,33610834,MONROE,Rochester,,,Y,43.1657696,-77.5696424,09/29/2010,3:13 PM,INJURY,1.,0 ,1 ,COLLISION WITH PEDESTRIAN,OTHER,NONE,DAYLIGHT,CLEAR,DRY
6836 ,33610835,MONROE,Rochester,,,Y,43.121723,-77.6214051,09/07/2010,9:48 AM,INJURY,1.,0 ,1 ,COLLISION WITH BICYCLIST,OTHER,TRAFFIC SIGNAL,DAYLIGHT,CLEAR,DRY
6836 ,33610836,MONROE,Rochester,,383 43012024,N,43.1479051,-77.6118924,09/29/2010,9:01 AM,PROPERTY DAMAGE AND INJURY,1.,0 ,2 ,COLLISION WITH MOTOR VEHICLE,UNKNOWN,NONE,DAYLIGHT,CLEAR,DRY
6836 ,33610841,MONROE,Rochester,,,N,43.1408707,-77.6348932,09/28/2010,10:47 AM,PROPERTY DAMAGE AND INJURY,1.,0 ,2 ,COLLISION WITH MOTOR VEHICLE,UNKNOWN,NONE,DAYLIGHT,CLEAR,DRY
6836 ,33610843,MONROE,Rochester,,,N,43.1610305,-77.6541347,09/14/2010,5:45 PM,INJURY,1.,0 ,1 ,COLLISION WITH PEDESTRIAN,OTHER,NONE,DAYLIGHT,UNKNOWN,UNKNOWN
6836 ,33611031,MONROE,Rochester,,,N,43.155041,-77.594424,09/19/2010,12:22 AM,PROPERTY DAMAGE AND INJURY,1.,0 ,2 ,COLLISION WITH MOTOR VEHICLE,LEFT TURN (WITH OTHER CAR),STOP SIGN,DARK-ROAD LIGHTED,CLEAR,DRY
6836 ,33611040,MONROE,Rochester,,,Y,43.12647,-77.613359,09/21/2010,5:32 PM,PROPERTY DAMAGE AND INJURY,1.,0 ,2 ,COLLISION WITH MOTOR VEHICLE,RIGHT ANGLE,STOP SIGN,DAYLIGHT,CLEAR,DRY
6836 ,33611492,MONROE,Webster,,,N,43.2370429,-77.46717,10/07/2010,11:00 AM,PROPERTY DAMAGE AND INJURY,1.,0 ,1 ,COLL. W/LIGHT SUPPORT/UTILITY POLE,OTHER,NONE,DAYLIGHT,CLEAR,DRY
6836 ,33611569,MONROE,Brighton,,,Y,43.124798,-77.5665819,10/20/2010,4:05 PM,PROPERTY DAMAGE AND INJURY,1.,0 ,2 ,COLLISION WITH MOTOR VEHICLE,LEFT TURN (WITH OTHER CAR),TRAFFIC SIGNAL,DAYLIGHT,CLEAR,DRY
6836 ,33611602,MONROE,Penfield,,286 43011038,N,43.1552171,-77.4680122,10/16/2010,2:12 PM,PROPERTY DAMAGE AND INJURY,1.,0 ,1 ,OTHER NON-COLLISION,OTHER,NONE,DAYLIGHT,CLEAR,DRY
6836 ,33611614,MONROE,Rochester,,590 43012002,N,43.1609958,-77.5390188,10/20/2010,7:47 AM,PROPERTY DAMAGE AND INJURY,1.,0 ,2 ,COLLISION WITH MOTOR VEHICLE,REAR END,NONE,DAYLIGHT,CLEAR,DRY
6836 ,33611707,MONROE,Greece,,,Y,43.218368,-77.677756,10/18/2010,4:25 PM,PROPERTY DAMAGE AND INJURY,1.,0 ,2 ,COLLISION WITH MOTOR VEHICLE,REAR END,NONE,DAYLIGHT,CLEAR,DRY
6836 ,33611742,MONROE,Henrietta,,,N,43.0865474,-77.6589707,10/20/2010,11:56 AM,INJURY,1.,0 ,1 ,COLLISION WITH BICYCLIST,OTHER,NONE,DAYLIGHT,CLEAR,DRY
6836 ,33611856,MONROE,Penfield,,,N,43.1328068,-77.4916903,10/11/2010,12:00 PM,INJURY,1.,0 ,1 ,COLLISION WITH CURBING,OTHER,NONE,DAYLIGHT,CLOUDY,DRY
6836 ,33612060,MONROE,Penfield,,286 43011231,Y,43.160297,-77.449822,10/16/2010,10:30 AM,INJURY,1.,0 ,2 ,COLLISION WITH MOTOR VEHICLE,RIGHT ANGLE,STOP SIGN,DAYLIGHT,CLOUDY,DRY
6836 ,33612066,MONROE,Perinton,,,N,43.1020124,-77.4645851,09/28/2010,7:58 AM,PROPERTY DAMAGE AND INJURY,2.,0 ,2 ,COLLISION WITH MOTOR VEHICLE,REAR END,NONE,DAYLIGHT,RAIN,WET
6836 ,33612073,MONROE,Pittsford,,,N,43.110827,-77.507042,10/13/2010,11:08 AM,PROPERTY DAMAGE AND INJURY,3.,0 ,2 ,COLLISION WITH MOTOR VEHICLE,RIGHT ANGLE,TRAFFIC SIGNAL,DAYLIGHT,CLEAR,DRY
6836 ,33612141,MONROE,Pittsford,,490I43023032,N,43.1108543,-77.507038,10/13/2010,10:15 AM,PROPERTY DAMAGE AND INJURY,1.,0 ,2 ,COLLISION WITH OTHER,REAR END,HIGHWAY WORK AREA,DAYLIGHT,CLEAR,DRY
6836 ,33612151,MONROE,Perinton,,,N,43.0689588,-77.44237,10/17/2010,9:36 AM,PROPERTY DAMAGE AND INJURY,1.,0 ,2 ,COLLISION WITH MOTOR VEHICLE,REAR END,NONE,DAYLIGHT,CLEAR,DRY
6836 ,33612275,MONROE,Greece,,,N,43.2529776,-77.6916473,10/13/2010,6:53 PM,PROPERTY DAMAGE AND INJURY,4.,0 ,3 ,COLLISION WITH MOTOR VEHICLE,OTHER,NONE,DARK-ROAD LIGHTED,CLEAR,DRY
6836 ,33612344,MONROE,Ogden,,,N,43.1623292,-77.805199,10/19/2010,6:25 AM,PROPERTY DAMAGE AND INJURY,1.,0 ,1 ,COLLISION WITH BUILDING/WALL,OTHER,NO PASSING ZONE,DARK-ROAD UNLIGHTED,CLOUDY,DRY
6836 ,33612371,MONROE,Henrietta,,252 43011055,N,43.092591,-77.6638975,10/20/2010,7:45 AM,INJURY,1.,0 ,2 ,COLLISION WITH MOTOR VEHICLE,REAR END,TRAFFIC SIGNAL,DAYLIGHT,CLEAR,DRY
6836 ,33612469,MONROE,Greece,,,Y,43.252881,-77.665415,10/13/2010,5:02 PM,INJURY,1.,0 ,3 ,COLLISION WITH MOTOR VEHICLE,OTHER,TRAFFIC SIGNAL,DAYLIGHT,CLEAR,DRY
6836 ,33612558,MONROE,Rochester,,590 43012006,N,43.1670225,-77.538906,10/15/2010,7:41 AM,INJURY,1.,0 ,2 ,COLLISION WITH MOTOR VEHICLE,REAR END,NONE,DAYLIGHT,CLOUDY,WET
6836 ,33612646,MONROE,Rochester,,,N,43.154408,-77.6586922,10/19/2010,7:15 PM,INJURY,1.,0 ,1 ,COLLISION WITH PEDESTRIAN,OTHER,NONE,DARK-ROAD LIGHTED,CLEAR,DRY
6836 ,33612680,MONROE,Clarkson,,104 43031037,N,43.2337955,-77.9300199,10/19/2010,4:22 PM,PROPERTY DAMAGE AND INJURY,4.,0 ,2 ,COLLISION WITH MOTOR VEHICLE,REAR END,NONE,DAYLIGHT,CLEAR,DRY
6836 ,33612738,MONROE,Sweden,,,N,43.1983365,-77.9652278,10/19/2010,2:01 PM,PROPERTY DAMAGE AND INJURY,1.,0 ,3 ,COLLISION WITH MOTOR VEHICLE,OTHER,TRAFFIC SIGNAL,DAYLIGHT,CLOUDY,DRY
6836 ,33613171,MONROE,Irondequoit,,,N,43.205219,-77.585195,10/13/2010,3:37 PM,INJURY,2.,0 ,2 ,COLLISION WITH MOTOR VEHICLE,LEFT TURN (WITH OTHER CAR),NONE,DAYLIGHT,CLEAR,DRY
6836 ,33613244,MONROE,Henrietta,,,N,43.0473517,-77.6613125,10/17/2010,9:47 AM,PROPERTY DAMAGE AND INJURY,2.,0 ,1 ,COLLISION WITH OTHER BARRIER,OTHER,HIGHWAY WORK AREA,DAYLIGHT,CLOUDY,DRY
6836 ,33613249,MONROE,Gates,,,Y,43.148689,-77.70526,10/22/2010,4:10 PM,INJURY,1.,0 ,2 ,COLLISION WITH MOTOR VEHICLE,REAR END,TRAFFIC SIGNAL,DAYLIGHT,CLOUDY,DRY
6836 ,33613256,MONROE,Pittsford,,65 43031125,N,43.1075434,-77.547493,10/22/2010,3:40 PM,PROPERTY DAMAGE AND INJURY,1.,0 ,3 ,COLLISION WITH MOTOR VEHICLE,OTHER,NONE,DAYLIGHT,CLOUDY,DRY
6836 ,33613907,MONROE,Rochester,,,Y,43.145403,-77.5916959,09/22/2010,2:51 PM,PROPERTY DAMAGE AND INJURY,1.,0 ,2 ,COLLISION WITH MOTOR VEHICLE,UNKNOWN,NONE,DAYLIGHT,CLEAR,DRY
6836 ,33613922,MONROE,Rochester,,,Y,43.147804,-77.5913809,09/23/2010,2:50 PM,PROPERTY DAMAGE AND INJURY,1.,0 ,3 ,COLLISION WITH MOTOR VEHICLE,OTHER,UNKNOWN,UNKNOWN,UNKNOWN,UNKNOWN
6836 ,33614225,MONROE,Rochester,,,Y,43.141962,-77.66091,08/02/2010,6:18 PM,PROPERTY DAMAGE AND INJURY,1.,0 ,1 ,COLLISION WITH BICYCLIST,OTHER,UNKNOWN,UNKNOWN,UNKNOWN,UNKNOWN
6836 ,33614258,MONROE,Rochester,,,N,43.151351,-77.5699121,09/21/2010,8:54 PM,PROPERTY DAMAGE AND INJURY,1.,0 ,1 ,COLLISION WITH BICYCLIST,OTHER,NONE,DARK-ROAD LIGHTED,CLOUDY,DRY
6836 ,33614415,MONROE,Greece,,,N,43.2351139,-77.6572312,10/15/2010,1:53 PM,INJURY,1.,0 ,2 ,COLLISION WITH MOTOR VEHICLE,REAR END,NONE,DAYLIGHT,RAIN,WET
6836 ,33614801,MONROE,Greece,,,N,43.1815979,-77.7300512,09/26/2010,12:34 PM,INJURY,1.,0 ,2 ,COLLISION WITH PEDESTRIAN,OTHER,NONE,DAYLIGHT,CLOUDY,DRY
6836 ,33614806,MONROE,Rochester,,942G43011000,N,43.151301,-77.613989,09/30/2010,4:20 PM,PROPERTY DAMAGE AND INJURY,1.,0 ,2 ,COLLISION WITH MOTOR VEHICLE,HEAD ON,TRAFFIC SIGNAL,DAYLIGHT,RAIN,WET
6836 ,33614807,MONROE,Rochester,,,Y,43.203228,-77.651699,09/30/2010,3:47 PM,INJURY,1.,0 ,2 ,COLLISION WITH MOTOR VEHICLE,UNKNOWN,TRAFFIC SIGNAL,DAYLIGHT,RAIN,WET
6836 ,33614808,MONROE,Rochester,,,Y,43.16629,-77.5879541,09/30/2010,8:00 AM,PROPERTY DAMAGE AND INJURY,2.,0 ,2 ,COLLISION WITH MOTOR VEHICLE,RIGHT ANGLE,STOP SIGN,DAYLIGHT,RAIN,WET
6836 ,33615047,MONROE,Rochester,,104 43032004,Y,43.203228,-77.651699,09/21/2010,3:09 PM,PROPERTY DAMAGE AND INJURY,2.,0 ,2 ,COLLISION WITH MOTOR VEHICLE,RIGHT ANGLE,TRAFFIC SIGNAL,DAYLIGHT,CLEAR,DRY
6836 ,33615087,MONROE,Rochester,,,Y,43.191016,-77.599822,09/26/2010,3:43 PM,PROPERTY DAMAGE AND INJURY,1.,0 ,2 ,COLLISION WITH MOTOR VEHICLE,RIGHT ANGLE,STOP SIGN,DAYLIGHT,CLEAR,DRY
6836 ,33615088,MONROE,Rochester,,,N,43.1939159,-77.6628864,09/24/2010,5:36 PM,INJURY,1.,0 ,2 ,COLLISION WITH MOTOR VEHICLE,REAR END,NONE,DAYLIGHT,CLOUDY,DRY
6836 ,33615089,MONROE,Rochester,,,Y,43.176915,-77.639461,09/25/2010,12:12 PM,PROPERTY DAMAGE AND INJURY,1.,0 ,2 ,COLLISION WITH MOTOR VEHICLE,RIGHT ANGLE,STOP SIGN,DAYLIGHT,CLOUDY,DRY
6836 ,33615132,MONROE,Rochester,,,Y,43.153497,-77.6221739,09/23/2010,11:53 AM,PROPERTY DAMAGE AND INJURY,1.,0 ,2 ,COLLISION WITH MOTOR VEHICLE,RIGHT ANGLE,STOP SIGN,DAYLIGHT,CLEAR,DRY
6836 ,33615133,MONROE,Rochester,,,Y,43.1294767,-77.6149515,09/20/2010,12:47 PM,PROPERTY DAMAGE AND INJURY,2.,0 ,3 ,COLLISION WITH MOTOR VEHICLE,OTHER,NONE,DAYLIGHT,CLEAR,DRY
6836 ,33615210,MONROE,Rochester,,,Y,43.173852,-77.6590451,09/24/2010,5:38 AM,PROPERTY DAMAGE AND INJURY,1.,0 ,2 ,COLLISION WITH MOTOR VEHICLE,RIGHT ANGLE,TRAFFIC SIGNAL,DAWN,CLEAR,DRY
6836 ,33615274,MONROE,Rochester,,,Y,43.172322,-77.64824,09/25/2010,6:58 PM,INJURY,1.,0 ,2 ,COLLISION WITH MOTOR VEHICLE,OVERTAKING,NONE,DAYLIGHT,CLOUDY,DRY
6836 ,33615952,MONROE,Rochester,,,Y,43.155361,-77.6140979,09/27/2010,1:59 PM,INJURY,1.,0 ,2 ,COLLISION WITH MOTOR VEHICLE,REAR END,TRAFFIC SIGNAL,DAYLIGHT,RAIN,WET
6836 ,33616436,MONROE,Greece,,,Y,43.205032,-77.7319661,09/23/2010,3:57 PM,INJURY,1.,0 ,1 ,OVERTURNED,OTHER,NONE,DAYLIGHT,CLEAR,DRY
6836 ,33616464,MONROE,Rochester,,,N,43.171601,-77.6458307,09/21/2010,6:10 PM,INJURY,1.,0 ,1 ,COLLISION WITH BICYCLIST,OTHER,NONE,DAYLIGHT,CLEAR,DRY
6836 ,33616469,MONROE,Rochester,,,N,43.1646543,-77.6230648,09/22/2010,10:35 AM,PROPERTY DAMAGE AND INJURY,1.,0 ,2 ,COLLISION WITH MOTOR VEHICLE,LEFT TURN (AGAINST OTHER CAR),NONE,DAYLIGHT,RAIN,WET
6836 ,33616471,MONROE,Rochester,,,N,43.1509894,-77.6067141,09/21/2010,11:52 PM,INJURY,1.,0 ,1 ,COLLISION WITH BICYCLIST,OTHER,NONE,DARK-ROAD LIGHTED,CLEAR,DRY
6836 ,33616562,MONROE,Rochester,,,N,43.188161,-77.560977,09/30/2010,8:37 AM,INJURY,1.,0 ,2 ,COLLISION WITH BUILDING/WALL,UNKNOWN,NONE,DAYLIGHT,RAIN,WET
6836 ,33616565,MONROE,Rochester,,,Y,43.164864,-77.563485,09/09/2010,4:01 PM,PROPERTY DAMAGE AND INJURY,3.,0 ,2 ,COLLISION WITH MOTOR VEHICLE,LEFT TURN (WITH OTHER CAR),STOP SIGN,DAYLIGHT,CLEAR,WET
6836 ,33616605,MONROE,Rochester,,,Y,43.144739,-77.5905381,09/26/2010,1:52 AM,INJURY,1.,0 ,2 ,COLLISION WITH MOTOR VEHICLE,REAR END,NONE,DARK-ROAD LIGHTED,CLEAR,DRY
6836 ,33616606,MONROE,Rochester,,,N,43.1821198,-77.5808905,09/27/2010,11:29 PM,INJURY,2.,0 ,1 ,COLLISION WITH TREE,OTHER,NONE,DARK-ROAD LIGHTED,RAIN,WET
6836 ,33616608,MONROE,Rochester,,,Y,43.145862,-77.5924981,09/26/2010,11:00 AM,INJURY,1.,0 ,2 ,COLLISION WITH MOTOR VEHICLE,LEFT TURN (AGAINST OTHER CAR),NO PASSING ZONE,DAYLIGHT,CLEAR,DRY
6836 ,33616612,MONROE,Rochester,,,N,43.1392572,-77.5956597,09/25/2010,7:47 PM,INJURY,1.,0 ,2 ,COLLISION WITH MOTOR VEHICLE,UNKNOWN,UNKNOWN,DARK-ROAD LIGHTED,CLEAR,DRY
6836 ,33616613,MONROE,Rochester,,,N,43.1757502,-77.5988413,09/26/2010,3:38 PM,PROPERTY DAMAGE AND INJURY,1.,0 ,2 ,COLLISION WITH MOTOR VEHICLE,REAR END,TRAFFIC SIGNAL,DAYLIGHT,CLOUDY,DRY
6836 ,33616614,MONROE,Rochester,,,Y,43.175998,-77.5700499,09/25/2010,11:01 PM,PROPERTY DAMAGE AND INJURY,4.,0 ,2 ,COLLISION WITH MOTOR VEHICLE,LEFT TURN (AGAINST OTHER CAR),NONE,DARK-ROAD LIGHTED,CLEAR,DRY
6836 ,33616615,MONROE,Rochester,,,Y,43.152571,-77.5739841,09/24/2010,5:20 PM,PROPERTY DAMAGE AND INJURY,1.,0 ,1 ,COLLISION WITH CURBING,OTHER,NONE,DAYLIGHT,CLEAR,DRY
6836 ,33616616,MONROE,Rochester,,,N,43.1764218,-77.6152364,09/25/2010,4:37 PM,INJURY,1.,0 ,1 ,OTHER NON-COLLISION,OTHER,NONE,DAYLIGHT,CLOUDY,DRY
6836 ,33616619,MONROE,Rochester,,,Y,43.146421,-77.5547779,09/23/2010,5:10 PM,PROPERTY DAMAGE AND INJURY,1.,0 ,2 ,COLLISION WITH MOTOR VEHICLE,LEFT TURN (AGAINST OTHER CAR),TRAFFIC SIGNAL,DAYLIGHT,CLEAR,DRY
6836 ,33616620,MONROE,Rochester,,,N,43.1660295,-77.6595336,09/24/2010,8:14 AM,PROPERTY DAMAGE AND INJURY,2.,0 ,2 ,COLLISION WITH MOTOR VEHICLE,REAR END,NONE,DAYLIGHT,CLEAR,DRY
6836 ,33616621,MONROE,Rochester,,,Y,43.175792,-77.591013,09/23/2010,7:36 PM,PROPERTY DAMAGE AND INJURY,2.,0 ,2 ,COLLISION WITH MOTOR VEHICLE,UNKNOWN,NONE,DARK-ROAD LIGHTED,CLEAR,DRY
6836 ,33616622,MONROE,Rochester,,,Y,43.138627,-77.579749,09/24/2010,1:42 PM,PROPERTY DAMAGE AND INJURY,2.,0 ,2 ,COLLISION WITH MOTOR VEHICLE,LEFT TURN (WITH OTHER CAR),NONE,DAYLIGHT,CLEAR,DRY
6836 ,33616719,MONROE,Rochester,,,Y,43.155631,-77.596723,09/19/2010,2:32 AM,INJURY,1.,0 ,2 ,COLLISION WITH MOTOR VEHICLE,REAR END,NONE,DARK-ROAD LIGHTED,UNKNOWN,UNKNOWN
6836 ,33616720,MONROE,Rochester,,,Y,43.186972,-77.59535,09/15/2010,8:44 PM,PROPERTY DAMAGE AND INJURY,1.,0 ,1 ,COLLISION WITH CURBING,OTHER,TRAFFIC SIGNAL,DARK-ROAD LIGHTED,CLEAR,DRY
6836 ,33616723,MONROE,Rochester,,,Y,43.166094,-77.600297,09/21/2010,11:14 AM,PROPERTY DAMAGE AND INJURY,1.,0 ,1 ,COLLISION WITH BICYCLIST,OTHER,NONE,DAYLIGHT,CLEAR,DRY
6836 ,33616725,MONROE,Rochester,,,Y,43.173849,-77.654132,09/21/2010,10:30 AM,INJURY,1.,0 ,2 ,COLLISION WITH MOTOR VEHICLE,RIGHT ANGLE,TRAFFIC SIGNAL,DAYLIGHT,CLOUDY,DRY
6836 ,33616974,MONROE,Rochester,,,Y,43.186453,-77.613791,09/30/2010,3:53 PM,INJURY,1.,0 ,2 ,COLLISION WITH MOTOR VEHICLE,LEFT TURN (AGAINST OTHER CAR),TRAFFIC SIGNAL,DAYLIGHT,RAIN,WET
6836 ,33616989,MONROE,Rochester,,,Y,43.163936,-77.582583,09/14/2010,2:18 PM,INJURY,1.,0 ,2 ,COLLISION WITH MOTOR VEHICLE,REAR END,UNKNOWN,UNKNOWN,UNKNOWN,UNKNOWN
6836 ,33617015,MONROE,Rochester,,,Y,43.16392,-77.564005,10/01/2010,3:47 PM,INJURY,2.,0 ,2 ,COLLISION WITH MOTOR VEHICLE,RIGHT ANGLE,TRAFFIC SIGNAL,DAYLIGHT,CLEAR,DRY
6836 ,33617016,MONROE,Rochester,,,Y,43.158259,-77.592753,10/01/2010,5:58 PM,PROPERTY DAMAGE AND INJURY,1.,0 ,3 ,COLLISION WITH MOTOR VEHICLE,OTHER,TRAFFIC SIGNAL,DUSK,CLEAR,DRY
6836 ,33617019,MONROE,Rochester,,,Y,43.1646463,-77.6544537,10/01/2010,5:37 PM,PROPERTY DAMAGE AND INJURY,6.,0 ,2 ,COLLISION WITH MOTOR VEHICLE,LEFT TURN (AGAINST OTHER CAR),NONE,DAYLIGHT,CLOUDY,DRY
6836 ,33618473,MONROE,Greece,,,N,43.207247,-77.6791739,10/01/2010,7:31 PM,INJURY,4.,0 ,2 ,COLLISION WITH MOTOR VEHICLE,REAR END,TRAFFIC SIGNAL,DARK-ROAD LIGHTED,CLOUDY,DRY
6836 ,33618821,MONROE,Greece,,,Y,43.214424,-77.7318019,10/02/2010,7:10 PM,PROPERTY DAMAGE AND INJURY,1.,0 ,2 ,COLLISION WITH MOTOR VEHICLE,UNKNOWN,NONE,DARK-ROAD LIGHTED,CLOUDY,DRY
6836 ,33618822,MONROE,Greece,,,N,43.2615844,-77.6963641,10/07/2010,3:54 PM,INJURY,1.,0 ,2 ,COLLISION WITH MOTOR VEHICLE,REAR END,STOPPED SCHOOL BUS W/RED LIGHT FLSH,DAYLIGHT,CLEAR,DRY
6836 ,33619259,MONROE,Rochester,,,N,43.142278,-77.586219,09/15/2010,12:00 AM,INJURY,1.,0 ,2 ,COLLISION WITH MOTOR VEHICLE,REAR END,UNKNOWN,UNKNOWN,UNKNOWN,UNKNOWN
6836 ,33619302,MONROE,Rochester,,,Y,43.1459832,-77.6054662,09/29/2010,7:18 AM,PROPERTY DAMAGE AND INJURY,1.,0 ,4 ,COLLISION WITH MOTOR VEHICLE,OTHER,NONE,DAYLIGHT,CLEAR,DRY
6836 ,33619524,MONROE,Brighton,,,N,43.1156098,-77.5851108,10/21/2010,8:46 AM,PROPERTY DAMAGE AND INJURY,2.,0 ,5 ,COLLISION WITH MOTOR VEHICLE,OTHER,NONE,DAYLIGHT,CLOUDY,DRY