QUERYID,CASE #,REGN_CNTY_CDE,Municipality,MUNITYPE,REF_MRKR,ATINTERSECTION_IND,Lat,Long,,Time,Crash Type,Injuries,Fatalities,Number of Vehicles,ACCD_TYP,COLLISION_TYP,TRAF_CNTL,Light Condition,Weather Condition,Road Surface Condition
6836 ,33619570,MONROE,Henrietta,,,N,43.0679798,-77.646835,10/21/2010,5:13 PM,INJURY,1.,0 ,2 ,COLLISION WITH MOTOR VEHICLE,RIGHT ANGLE,NONE,DUSK,RAIN,WET
6836 ,33619864,MONROE,Rochester,,,Y,43.173097,-77.6127221,10/18/2010,4:17 PM,FATAL,0.,1 ,1 ,COLLISION WITH BICYCLIST,OTHER,POLICE/FIRE EMERGENCY,DAYLIGHT,CLOUDY,DRY
6836 ,33620431,MONROE,Rochester,,,Y,43.126365,-77.642696,09/25/2010,12:00 AM,PROPERTY DAMAGE AND INJURY,1.,0 ,2 ,COLLISION WITH MOTOR VEHICLE,REAR END,STOP SIGN,DAYLIGHT,CLEAR,DRY
6836 ,33620491,MONROE,Irondequoit,,,N,43.196444,-77.5767859,09/25/2010,1:23 PM,INJURY,1.,0 ,2 ,COLLISION WITH MOTOR VEHICLE,LEFT TURN (AGAINST OTHER CAR),TRAFFIC SIGNAL,DAYLIGHT,CLEAR,DRY
6836 ,33620541,MONROE,Perinton,,,Y,43.077546,-77.477294,09/21/2010,6:45 AM,INJURY,1.,0 ,2 ,COLLISION WITH MOTOR VEHICLE,REAR END,TRAFFIC SIGNAL,DAWN,CLEAR,DRY
6836 ,33620543,MONROE,Rochester,,,N,43.15599,-77.581982,09/28/2010,12:00 AM,PROPERTY DAMAGE AND INJURY,1.,0 ,2 ,COLLISION WITH MOTOR VEHICLE,RIGHT ANGLE,STOP SIGN,DAYLIGHT,CLEAR,DRY
6836 ,33620546,MONROE,Greece,,,Y,43.252901,-77.659233,09/20/2010,6:15 PM,INJURY,1.,0 ,2 ,COLLISION WITH MOTOR VEHICLE,REAR END,TRAFFIC SIGNAL,DAYLIGHT,CLEAR,DRY
6836 ,33620985,MONROE,Greece,,,N,43.2367452,-77.6468611,10/14/2010,4:35 PM,INJURY,1.,0 ,2 ,COLLISION WITH MOTOR VEHICLE,REAR END,NONE,DAYLIGHT,RAIN,WET
6836 ,33621421,MONROE,Greece,,,N,43.2355282,-77.6967116,10/22/2010,5:59 PM,PROPERTY DAMAGE AND INJURY,1.,0 ,1 ,COLLISION WITH DEER,OTHER,NONE,DAYLIGHT,CLOUDY,DRY
6836 ,33621422,MONROE,Greece,,,N,43.2071959,-77.6788448,10/23/2010,11:58 AM,INJURY,2.,0 ,2 ,COLLISION WITH MOTOR VEHICLE,REAR END,TRAFFIC SIGNAL,DAYLIGHT,CLOUDY,DRY
6836 ,33621430,MONROE,Rochester,,,N,43.204209,-77.659304,10/21/2010,3:34 PM,INJURY,1.,0 ,2 ,COLLISION WITH MOTOR VEHICLE,REAR END,YIELD SIGN,DAYLIGHT,CLEAR,DRY
6836 ,33621572,MONROE,Rochester,,490I43022037,N,43.149616,-77.604545,10/16/2010,5:07 AM,PROPERTY DAMAGE AND INJURY,1.,0 ,1 ,COLLISION WITH OTHER BARRIER,OTHER,NONE,DARK-ROAD LIGHTED,CLEAR,DRY
6836 ,33621575,MONROE,Rochester,,490I43022019,N,43.1566774,-77.6358492,10/19/2010,4:59 PM,PROPERTY DAMAGE AND INJURY,1.,0 ,2 ,COLLISION WITH MOTOR VEHICLE,REAR END,NONE,DAYLIGHT,CLOUDY,DRY
6836 ,33621582,MONROE,Irondequoit,,104 43033004,N,43.1964482,-77.5762228,10/17/2010,10:20 PM,PROPERTY DAMAGE AND INJURY,1.,0 ,1 ,COLLISION WITH GUIDE RAIL,OTHER,NONE,DARK-ROAD LIGHTED,CLEAR,DRY
6836 ,33621590,MONROE,Rochester,,,N,43.1600158,-77.6136415,10/22/2010,5:50 PM,PROPERTY DAMAGE AND INJURY,3.,0 ,3 ,COLLISION WITH MOTOR VEHICLE,OTHER,YIELD SIGN,DAYLIGHT,CLEAR,DRY
6836 ,33622025,MONROE,Rochester,,,N,43.1575454,-77.6046218,10/25/2010,7:00 AM,PROPERTY DAMAGE AND INJURY,1.,0 ,2 ,COLLISION WITH MOTOR VEHICLE,OVERTAKING,NONE,DAYLIGHT,CLEAR,DRY
6836 ,33622028,MONROE,Rochester,,,Y,43.157058,-77.602375,10/22/2010,7:48 AM,PROPERTY DAMAGE AND INJURY,1.,0 ,2 ,COLLISION WITH MOTOR VEHICLE,LEFT TURN (WITH OTHER CAR),TRAFFIC SIGNAL,DAYLIGHT,CLEAR,WET
6836 ,33622360,MONROE,Webster,,104 43035248,N,43.2137886,-77.4807121,10/23/2010,1:13 PM,PROPERTY DAMAGE AND INJURY,1.,0 ,1 ,COLL. W/LIGHT SUPPORT/UTILITY POLE,OTHER,NONE,DAYLIGHT,CLOUDY,DRY
6836 ,33622374,MONROE,Irondequoit,,,N,43.198397,-77.5489195,10/24/2010,10:01 AM,PROPERTY DAMAGE AND INJURY,2.,0 ,1 ,COLLISION WITH BUILDING/WALL,OTHER,NONE,DAYLIGHT,CLOUDY,WET
6836 ,33622620,MONROE,Webster,,,N,43.2063483,-77.4701318,10/19/2010,6:56 PM,INJURY,1.,0 ,3 ,COLLISION WITH MOTOR VEHICLE,OTHER,TRAFFIC SIGNAL,DARK-ROAD UNLIGHTED,CLOUDY,DRY
6836 ,33622679,MONROE,Rochester,,,N,43.2031188,-77.5618223,10/23/2010,6:16 PM,INJURY,1.,0 ,2 ,COLLISION WITH MOTOR VEHICLE,RIGHT ANGLE,NONE,DUSK,RAIN,WET
6836 ,33622698,MONROE,Brighton,,441 43011102,N,43.1292788,-77.5262203,10/26/2010,12:49 PM,INJURY,1.,0 ,2 ,COLLISION WITH MOTOR VEHICLE,REAR END,TRAFFIC SIGNAL,DAYLIGHT,CLOUDY,DRY
6836 ,33622704,MONROE,Perinton,,,N,43.057864,-77.4713217,10/21/2010,5:28 PM,PROPERTY DAMAGE AND INJURY,1.,0 ,2 ,COLLISION WITH MOTOR VEHICLE,REAR END,NONE,DARK-ROAD LIGHTED,RAIN,WET
6836 ,33622741,MONROE,Webster,,,Y,43.2051,-77.474622,10/22/2010,2:11 PM,PROPERTY DAMAGE AND INJURY,2.,0 ,3 ,COLLISION WITH MOTOR VEHICLE,OTHER,TRAFFIC SIGNAL,DAYLIGHT,CLOUDY,DRY
6836 ,33622761,MONROE,Henrietta,,,Y,43.040878,-77.680705,10/22/2010,4:14 PM,PROPERTY DAMAGE AND INJURY,1.,0 ,2 ,COLLISION WITH MOTOR VEHICLE,RIGHT ANGLE,FLASHING LIGHT,DAYLIGHT,CLEAR,DRY
6836 ,33622799,MONROE,Penfield,,441 43011041,N,43.1312272,-77.4633272,10/19/2010,10:57 AM,PROPERTY DAMAGE AND INJURY,1.,0 ,2 ,COLLISION WITH MOTOR VEHICLE,LEFT TURN (AGAINST OTHER CAR),TRAFFIC SIGNAL,DAYLIGHT,CLEAR,DRY
6836 ,33622801,MONROE,Pittsford,,,Y,43.11686,-77.5167761,10/16/2010,3:40 PM,INJURY,1.,0 ,2 ,COLLISION WITH MOTOR VEHICLE,LEFT TURN (AGAINST OTHER CAR),TRAFFIC SIGNAL,DAYLIGHT,CLEAR,DRY
6836 ,33622936,MONROE,Henrietta,,252 43011072,N,43.0871668,-77.6311447,10/20/2010,2:50 PM,PROPERTY DAMAGE AND INJURY,1.,0 ,2 ,COLLISION WITH MOTOR VEHICLE,LEFT TURN (AGAINST OTHER CAR),TRAFFIC SIGNAL,DAYLIGHT,CLOUDY,DRY
6836 ,33622963,MONROE,Rochester,,,Y,43.243504,-77.618774,10/26/2010,1:24 PM,INJURY,1.,0 ,2 ,COLLISION WITH MOTOR VEHICLE,REAR END,TRAFFIC SIGNAL,DAYLIGHT,CLOUDY,DRY
6836 ,33622987,MONROE,Henrietta,,,Y,43.072384,-77.662799,10/21/2010,7:43 AM,PROPERTY DAMAGE AND INJURY,1.,0 ,1 ,COLLISION WITH BICYCLIST,OTHER,NONE,DARK-ROAD UNLIGHTED,RAIN,WET
6836 ,33622993,MONROE,Clarkson,,,N,43.2814994,-77.9659631,10/14/2010,6:52 AM,INJURY,2.,0 ,1 ,COLLISION WITH OTHER FIXED OBJECT,OTHER,NONE,DAWN,CLOUDY,WET
6836 ,33622998,MONROE,Henrietta,,,N,43.0946926,-77.6118161,10/22/2010,2:43 PM,INJURY,1.,0 ,3 ,COLLISION WITH MOTOR VEHICLE,OTHER,NONE,DAYLIGHT,CLEAR,DRY
6836 ,33623057,MONROE,Gates,,,Y,43.171781,-77.711809,10/24/2010,1:34 PM,INJURY,1.,0 ,1 ,COLLISION WITH MOTOR VEHICLE,OTHER,NONE,DAYLIGHT,CLOUDY,DRY
6836 ,33623116,MONROE,Brighton,,65 43031126,N,43.1089887,-77.5475847,10/24/2010,2:09 AM,PROPERTY DAMAGE AND INJURY,1.,0 ,1 ,COLLISION WITH CURBING,OTHER,NONE,DARK-ROAD LIGHTED,CLOUDY,WET
6836 ,33623119,MONROE,Brighton,,,Y,43.1081753,-77.5763252,10/22/2010,4:32 PM,PROPERTY DAMAGE AND INJURY,1.,0 ,2 ,COLLISION WITH MOTOR VEHICLE,REAR END,YIELD SIGN,DAYLIGHT,CLEAR,DRY
6836 ,33623146,MONROE,Henrietta,,,N,43.0864734,-77.6296908,10/23/2010,6:02 PM,INJURY,1.,0 ,2 ,COLLISION WITH MOTOR VEHICLE,REAR END,TRAFFIC SIGNAL,DUSK,CLOUDY,DRY
6836 ,33623211,MONROE,Webster,,,N,43.2241922,-77.4758898,10/24/2010,1:12 PM,PROPERTY DAMAGE AND INJURY,1.,0 ,2 ,COLLISION WITH MOTOR VEHICLE,REAR END,NONE,DAYLIGHT,CLOUDY,DRY
6836 ,33623220,MONROE,Pittsford,,64 43021089,N,43.0678359,-77.5191834,10/20/2010,7:29 PM,INJURY,1.,0 ,1 ,COLLISION WITH DEER,OTHER,NO PASSING ZONE,DARK-ROAD LIGHTED,CLOUDY,DRY
6836 ,33623247,MONROE,Hamlin,,,N,43.3478472,-77.8797439,10/23/2010,2:50 AM,PROPERTY DAMAGE AND INJURY,2.,0 ,1 ,COLLISION WITH TREE,OTHER,NONE,DARK-ROAD UNLIGHTED,CLOUDY,DRY
6836 ,33623307,MONROE,Rochester,,,N,43.1259097,-77.6562602,10/24/2010,6:45 AM,PROPERTY DAMAGE AND INJURY,1.,0 ,1 ,COLLISION WITH TREE,OTHER,NONE,DARK-ROAD LIGHTED,RAIN,WET
6836 ,33623348,MONROE,Rush,,251 43011164,N,43.0029713,-77.658015,10/19/2010,7:31 AM,PROPERTY DAMAGE AND INJURY,1.,0 ,1 ,COLLISION WITH ANIMAL,OTHER,NONE,DAWN,CLOUDY,DRY
6836 ,33623355,MONROE,Clarkson,,104 43031068,N,43.2235634,-77.8706511,10/14/2010,10:59 AM,PROPERTY DAMAGE AND INJURY,2.,0 ,1 ,COLLISION WITH GUIDE RAIL,OTHER,NONE,DAYLIGHT,RAIN,WET
6836 ,33623368,MONROE,Perinton,,250 43011010,Y,43.0467,-77.447802,10/15/2010,3:40 PM,PROPERTY DAMAGE AND INJURY,1.,0 ,1 ,COLLISION WITH OTHER FIXED OBJECT,OTHER,NONE,DAYLIGHT,RAIN,WET
6836 ,33623374,MONROE,Pittsford,,,Y,43.084129,-77.534533,10/11/2010,5:24 PM,PROPERTY DAMAGE AND INJURY,1.,0 ,2 ,COLLISION WITH MOTOR VEHICLE,HEAD ON,NONE,DAYLIGHT,CLOUDY,DRY
6836 ,33623410,MONROE,Perinton,,,N,43.1027313,-77.4213394,10/17/2010,2:28 AM,PROPERTY DAMAGE AND INJURY,2.,0 ,1 ,COLLISION WITH TREE,OTHER,NONE,DARK-ROAD UNLIGHTED,CLOUDY,DRY
6836 ,33623725,MONROE,Greece,,,N,43.2386393,-77.6591206,10/25/2010,1:09 PM,PROPERTY DAMAGE AND INJURY,1.,0 ,3 ,COLLISION WITH MOTOR VEHICLE,OTHER,NONE,DAYLIGHT,CLOUDY,WET
6836 ,33623726,MONROE,Henrietta,,,N,43.0418799,-77.7152995,10/23/2010,3:51 AM,PROPERTY DAMAGE AND INJURY,2.,0 ,2 ,COLLISION WITH MOTOR VEHICLE,REAR END,NONE,DARK-ROAD UNLIGHTED,CLEAR,DRY
6836 ,33623914,MONROE,Chili,,,N,43.0454936,-77.7437817,10/23/2010,5:13 AM,PROPERTY DAMAGE AND INJURY,1.,0 ,1 ,COLLISION WITH GUIDE RAIL,OTHER,HIGHWAY WORK AREA,DARK-ROAD UNLIGHTED,CLOUDY,DRY
6836 ,33623924,MONROE,Greece,,,N,43.2115111,-77.6774859,10/26/2010,8:21 AM,PROPERTY DAMAGE AND INJURY,1.,0 ,3 ,COLLISION WITH MOTOR VEHICLE,OTHER,NONE,DAYLIGHT,CLOUDY,WET
6836 ,33624099,MONROE,Brighton,,590I43012003,N,43.1458534,-77.5414514,10/25/2010,3:01 PM,PROPERTY DAMAGE AND INJURY,1.,0 ,1 ,COLLISION WITH OTHER BARRIER,OTHER,NONE,DAYLIGHT,RAIN,WET
6836 ,33624242,MONROE,Henrietta,,15A43041113,N,43.0872628,-77.6092493,10/28/2010,9:00 PM,PROPERTY DAMAGE AND INJURY,1.,0 ,2 ,COLLISION WITH MOTOR VEHICLE,RIGHT ANGLE,TRAFFIC SIGNAL,DARK-ROAD LIGHTED,CLOUDY,DRY
6836 ,33624250,MONROE,Greece,,,N,43.191363,-77.682814,10/27/2010,4:17 PM,PROPERTY DAMAGE AND INJURY,2.,0 ,2 ,COLLISION WITH MOTOR VEHICLE,RIGHT ANGLE,TRAFFIC SIGNAL,DAYLIGHT,CLEAR,DRY
6836 ,33624347,MONROE,Irondequoit,,,Y,43.213657,-77.5950691,10/22/2010,3:24 PM,PROPERTY DAMAGE AND INJURY,1.,0 ,2 ,COLLISION WITH MOTOR VEHICLE,RIGHT ANGLE,STOP SIGN,DAYLIGHT,CLOUDY,DRY
6836 ,33624407,MONROE,Sweden,,,N,43.1983613,-77.9447797,10/25/2010,2:46 PM,PROPERTY DAMAGE AND INJURY,1.,0 ,3 ,COLLISION WITH MOTOR VEHICLE,OTHER,STOP SIGN,DAYLIGHT,RAIN,WET
6836 ,33624463,MONROE,Chili,,,N,43.1111325,-77.6973907,10/26/2010,7:25 PM,PROPERTY DAMAGE AND INJURY,1.,0 ,1 ,COLLISION WITH BUILDING/WALL,OTHER,NONE,DARK-ROAD UNLIGHTED,RAIN,WET
6836 ,33624529,MONROE,Rush,,,N,42.9465431,-77.7297751,10/24/2010,1:21 AM,PROPERTY DAMAGE AND INJURY,1.,0 ,1 ,COLLISION WITH GUIDE RAIL,OTHER,NONE,DARK-ROAD UNLIGHTED,CLOUDY,WET
6836 ,33624540,MONROE,Penfield,,404 43035050,Y,43.182399,-77.507867,10/25/2010,8:50 PM,PROPERTY DAMAGE AND INJURY,2.,0 ,2 ,COLLISION WITH MOTOR VEHICLE,RIGHT ANGLE,TRAFFIC SIGNAL,DARK-ROAD LIGHTED,CLOUDY,WET
6836 ,33624554,MONROE,Pittsford,,65 43031112,N,43.0890881,-77.5432744,10/25/2010,7:20 AM,PROPERTY DAMAGE AND INJURY,1.,0 ,2 ,COLLISION WITH MOTOR VEHICLE,OVERTAKING,NONE,DAYLIGHT,CLOUDY,DRY
6836 ,33624573,MONROE,Gates,,,N,43.164704,-77.6812721,10/27/2010,7:56 AM,PROPERTY DAMAGE AND INJURY,1.,0 ,2 ,COLLISION WITH MOTOR VEHICLE,RIGHT ANGLE,TRAFFIC SIGNAL,DAYLIGHT,CLEAR,DRY
6836 ,33624642,MONROE,Gates,,390I43037011,N,43.1437642,-77.6724582,10/26/2010,11:50 AM,PROPERTY DAMAGE AND INJURY,2.,0 ,2 ,COLLISION WITH MOTOR VEHICLE,OVERTAKING,NONE,DAYLIGHT,CLEAR,DRY
6836 ,33624651,MONROE,Chili,,,N,43.0453609,-77.7413316,10/23/2010,2:52 AM,PROPERTY DAMAGE AND INJURY,1.,0 ,1 ,OTHER NON-COLLISION,OTHER,HIGHWAY WORK AREA,DARK-ROAD UNLIGHTED,CLEAR,DRY
6836 ,33624701,MONROE,Chili,,,Y,43.10734,-77.697273,10/22/2010,10:13 AM,PROPERTY DAMAGE AND INJURY,1.,0 ,2 ,COLLISION WITH MOTOR VEHICLE,LEFT TURN (AGAINST OTHER CAR),NONE,DAYLIGHT,CLEAR,WET
6836 ,33624755,MONROE,Rochester,,490I43022040,N,43.1464565,-77.601111,10/27/2010,11:57 AM,PROPERTY DAMAGE AND INJURY,2.,0 ,3 ,COLLISION WITH MOTOR VEHICLE,OTHER,MAINTENANCE WORK AREA,DAYLIGHT,CLEAR,DRY
6836 ,33624925,MONROE,Brighton,,,N,43.114844,-77.552096,10/21/2010,7:23 AM,INJURY,1.,0 ,1 ,COLL. W/EARTH ELE./ROCK CUT/DITCH,OTHER,NONE,DAWN,CLOUDY,WET
6836 ,33624981,MONROE,Gates,,,Y,43.174274,-77.722876,10/27/2010,5:25 PM,PROPERTY DAMAGE AND INJURY,2.,0 ,3 ,COLLISION WITH MOTOR VEHICLE,OTHER,NONE,DAYLIGHT,CLEAR,DRY
6836 ,33625021,MONROE,Gates,,,N,43.158446,-77.73239,09/10/2010,5:59 PM,PROPERTY DAMAGE AND INJURY,1.,0 ,2 ,COLLISION WITH MOTOR VEHICLE,REAR END,NONE,DAYLIGHT,CLOUDY,DRY
6836 ,33625077,MONROE,Rochester,,,N,43.143136,-77.575276,10/06/2010,7:44 AM,PROPERTY DAMAGE AND INJURY,1.,0 ,2 ,COLLISION WITH MOTOR VEHICLE,RIGHT ANGLE,TRAFFIC SIGNAL,DAYLIGHT,CLOUDY,WET
6836 ,33625078,MONROE,Rochester,,,N,43.1494366,-77.5528812,10/05/2010,8:40 AM,INJURY,1.,0 ,2 ,COLLISION WITH MOTOR VEHICLE,RIGHT ANGLE,NONE,DAYLIGHT,RAIN,WET
6836 ,33625083,MONROE,Greece,,,Y,43.223664,-77.685382,10/05/2010,5:56 PM,PROPERTY DAMAGE AND INJURY,1.,0 ,2 ,COLLISION WITH MOTOR VEHICLE,REAR END,NONE,DAYLIGHT,RAIN,WET
6836 ,33625086,MONROE,Rochester,,,Y,43.185534,-77.6309771,10/07/2010,9:49 PM,INJURY,2.,0 ,2 ,COLLISION WITH MOTOR VEHICLE,REAR END,UNKNOWN,DARK-ROAD LIGHTED,CLEAR,DRY
6836 ,33625087,MONROE,Rochester,,,N,43.1490443,-77.6004098,10/07/2010,12:00 PM,INJURY,1.,0 ,1 ,COLLISION WITH BICYCLIST,OTHER,NONE,DAYLIGHT,CLEAR,DRY
6836 ,33625088,MONROE,Rochester,,,N,43.1425798,-77.5485724,10/06/2010,5:04 PM,INJURY,2.,0 ,2 ,COLLISION WITH MOTOR VEHICLE,LEFT TURN (WITH OTHER CAR),NONE,DAYLIGHT,CLEAR,DRY
6836 ,33625089,MONROE,Rochester,,,N,43.1738462,-77.6485251,10/06/2010,3:04 PM,INJURY,1.,0 ,2 ,COLLISION WITH MOTOR VEHICLE,REAR END,NONE,DAYLIGHT,CLOUDY,DRY
6836 ,33625090,MONROE,Rochester,,,Y,43.165664,-77.6270261,10/06/2010,9:15 AM,PROPERTY DAMAGE AND INJURY,1.,0 ,2 ,COLLISION WITH MOTOR VEHICLE,RIGHT ANGLE,TRAFFIC SIGNAL,DAYLIGHT,CLOUDY,DRY
6836 ,33625092,MONROE,Rochester,,,Y,43.186741,-77.601713,10/07/2010,7:07 AM,PROPERTY DAMAGE AND INJURY,1.,0 ,2 ,COLLISION WITH MOTOR VEHICLE,REAR END,NONE,DAYLIGHT,CLEAR,DRY
6836 ,33625093,MONROE,Rochester,,,N,43.161427,-77.607556,10/05/2010,7:13 PM,PROPERTY DAMAGE AND INJURY,2.,0 ,2 ,COLLISION WITH MOTOR VEHICLE,RIGHT ANGLE,TRAFFIC SIGNAL,DARK-ROAD LIGHTED,RAIN,WET
6836 ,33625095,MONROE,Rochester,,,Y,43.125785,-77.639392,10/05/2010,5:29 AM,PROPERTY DAMAGE AND INJURY,1.,0 ,2 ,COLLISION WITH MOTOR VEHICLE,REAR END,TRAFFIC SIGNAL,DARK-ROAD LIGHTED,RAIN,WET
6836 ,33625138,MONROE,Greece,,,N,43.2237411,-77.6610234,10/01/2010,4:30 PM,PROPERTY DAMAGE AND INJURY,2.,0 ,3 ,COLLISION WITH MOTOR VEHICLE,OTHER,TRAFFIC SIGNAL,DAYLIGHT,CLEAR,UNKNOWN
6836 ,33625303,MONROE,Rochester,,,Y,43.131704,-77.613528,10/13/2010,11:57 AM,INJURY,1.,0 ,2 ,COLLISION WITH MOTOR VEHICLE,REAR END,NONE,DAYLIGHT,CLEAR,DRY
6836 ,33625304,MONROE,Brighton,,,N,43.112297,-77.6236169,10/13/2010,8:14 AM,INJURY,1.,0 ,1 ,COLLISION WITH BICYCLIST,OTHER,TRAFFIC SIGNAL,DAYLIGHT,CLEAR,DRY
6836 ,33625305,MONROE,Rochester,,,Y,43.178078,-77.581196,10/13/2010,11:07 AM,PROPERTY DAMAGE AND INJURY,1.,0 ,2 ,COLLISION WITH MOTOR VEHICLE,RIGHT ANGLE,STOP SIGN,DAYLIGHT,CLEAR,DRY
6836 ,33625308,MONROE,Rochester,,,Y,43.191016,-77.599822,10/02/2010,5:55 PM,PROPERTY DAMAGE AND INJURY,1.,0 ,2 ,COLLISION WITH MOTOR VEHICLE,REAR END,NONE,DAYLIGHT,CLEAR,DRY
6836 ,33625309,MONROE,Rochester,,,Y,43.151877,-77.654033,10/11/2010,3:30 PM,INJURY,1.,0 ,1 ,COLLISION WITH PEDESTRIAN,OTHER,NONE,DAYLIGHT,CLEAR,DRY
6836 ,33625311,MONROE,Rochester,,,N,43.1424871,-77.5944121,10/03/2010,2:20 AM,PROPERTY DAMAGE AND INJURY,1.,0 ,2 ,COLLISION WITH MOTOR VEHICLE,OVERTAKING,NONE,DARK-ROAD LIGHTED,RAIN,WET
6836 ,33625314,MONROE,Rochester,,,Y,43.15523,-77.6388801,10/13/2010,9:31 AM,PROPERTY DAMAGE AND INJURY,2.,0 ,2 ,COLLISION WITH MOTOR VEHICLE,RIGHT ANGLE,TRAFFIC SIGNAL,DAYLIGHT,CLEAR,DRY
6836 ,33625317,MONROE,Rochester,,,Y,43.16633,-77.607166,10/14/2010,1:47 AM,PROPERTY DAMAGE AND INJURY,3.,0 ,1 ,COLLISION WITH BUILDING/WALL,OTHER,NONE,DARK-ROAD LIGHTED,CLOUDY,DRY
6836 ,33625318,MONROE,Rochester,,,Y,43.160283,-77.625633,10/13/2010,1:45 PM,INJURY,1.,0 ,2 ,COLLISION WITH MOTOR VEHICLE,REAR END,STOP SIGN,DAYLIGHT,CLEAR,DRY
6836 ,33625430,MONROE,Greece,,,Y,43.2410624,-77.6467452,10/08/2010,6:32 PM,INJURY,1.,0 ,1 ,COLL. W/LIGHT SUPPORT/UTILITY POLE,OTHER,NONE,DAYLIGHT,CLEAR,DRY
6836 ,33625435,MONROE,Greece,,,Y,43.252956,-77.64679,10/11/2010,5:34 PM,INJURY,1.,0 ,2 ,COLLISION WITH MOTOR VEHICLE,REAR END,TRAFFIC SIGNAL,DAYLIGHT,CLEAR,DRY
6836 ,33625445,MONROE,Rochester,,,Y,43.143952,-77.58917,10/09/2010,9:36 AM,INJURY,2.,0 ,2 ,COLLISION WITH MOTOR VEHICLE,REAR END,STOP SIGN,DAYLIGHT,CLEAR,DRY
6836 ,33625446,MONROE,Rochester,,,N,43.1822119,-77.5992743,10/09/2010,12:30 PM,INJURY,1.,0 ,1 ,COLLISION WITH BICYCLIST,OTHER,NONE,DAYLIGHT,CLEAR,DRY
6836 ,33625447,MONROE,Rochester,,,N,43.174092,-77.6130181,10/12/2010,12:56 PM,INJURY,1.,0 ,2 ,COLLISION WITH MOTOR VEHICLE,UNKNOWN,STOP SIGN,DAYLIGHT,CLEAR,DRY
6836 ,33625449,MONROE,Rochester,,,Y,43.178707,-77.6163421,10/12/2010,7:58 PM,INJURY,1.,0 ,1 ,COLLISION WITH BICYCLIST,OTHER,NONE,DARK-ROAD UNLIGHTED,CLOUDY,DRY
6836 ,33625458,MONROE,Chili,,,Y,43.095347,-77.7584931,10/07/2010,4:03 PM,INJURY,1.,0 ,1 ,COLLISION WITH BICYCLIST,OTHER,UNKNOWN,DAYLIGHT,CLEAR,DRY
6836 ,33625462,MONROE,Rochester,,,N,43.141813,-77.594786,10/07/2010,3:40 PM,PROPERTY DAMAGE AND INJURY,1.,0 ,2 ,COLLISION WITH MOTOR VEHICLE,LEFT TURN (AGAINST OTHER CAR),TRAFFIC SIGNAL,DAYLIGHT,CLEAR,DRY
6836 ,33625463,MONROE,Rochester,,,Y,43.150816,-77.635343,10/08/2010,7:40 AM,INJURY,1.,0 ,1 ,COLLISION WITH PEDESTRIAN,OTHER,OTHER,DAYLIGHT,CLEAR,DRY
6836 ,33625464,MONROE,Rochester,,,N,43.1754475,-77.5908583,10/11/2010,5:09 PM,INJURY,1.,0 ,1 ,COLLISION WITH PEDESTRIAN,OTHER,NONE,DAYLIGHT,CLOUDY,DRY
6836 ,33625466,MONROE,Rochester,,,Y,43.150263,-77.636096,10/10/2010,7:34 AM,PROPERTY DAMAGE AND INJURY,1.,0 ,2 ,COLLISION WITH MOTOR VEHICLE,RIGHT ANGLE,TRAFFIC SIGNAL,DAYLIGHT,CLEAR,DRY
6836 ,33625468,MONROE,Rochester,,,Y,43.164631,-77.642255,10/09/2010,1:29 PM,PROPERTY DAMAGE AND INJURY,1.,0 ,2 ,COLLISION WITH MOTOR VEHICLE,LEFT TURN (AGAINST OTHER CAR),TRAFFIC SIGNAL,DAYLIGHT,CLEAR,DRY
6836 ,33625469,MONROE,Rochester,,,Y,43.189023,-77.5842049,10/08/2010,8:44 AM,PROPERTY DAMAGE AND INJURY,2.,0 ,2 ,COLLISION WITH MOTOR VEHICLE,UNKNOWN,STOP SIGN,DAYLIGHT,CLOUDY,DRY
6836 ,33625470,MONROE,Rochester,,,Y,43.173856,-77.6697341,10/09/2010,1:40 AM,PROPERTY DAMAGE AND INJURY,1.,0 ,1 ,OVERTURNED,OTHER,TRAFFIC SIGNAL,DARK-ROAD LIGHTED,CLEAR,DRY
6836 ,33625471,MONROE,Rochester,,96 43052005,N,43.145504,-77.5555881,10/07/2010,12:00 PM,PROPERTY DAMAGE AND INJURY,2.,0 ,2 ,COLLISION WITH MOTOR VEHICLE,UNKNOWN,TRAFFIC SIGNAL,DAYLIGHT,CLEAR,DRY
6836 ,33625472,MONROE,Rochester,,,Y,43.15007,-77.599852,10/08/2010,9:26 AM,INJURY,1.,0 ,2 ,COLLISION WITH MOTOR VEHICLE,REAR END,TRAFFIC SIGNAL,DAYLIGHT,CLEAR,DRY
6836 ,33625737,MONROE,Henrietta,,253 43011038,N,43.058795,-77.644424,10/29/2010,2:35 PM,PROPERTY DAMAGE AND INJURY,1.,0 ,2 ,COLLISION WITH MOTOR VEHICLE,REAR END,TRAFFIC SIGNAL,DAYLIGHT,CLOUDY,DRY
6836 ,33625787,MONROE,Brighton,,31 43033020,N,43.1125865,-77.5498201,10/29/2010,2:02 PM,INJURY,1.,0 ,2 ,COLLISION WITH MOTOR VEHICLE,REAR END,TRAFFIC SIGNAL,DAYLIGHT,CLOUDY,WET
6836 ,33625892,MONROE,Fairport,,,Y,43.0985353,-77.4420439,10/28/2010,3:40 PM,PROPERTY DAMAGE AND INJURY,1.,0 ,3 ,COLLISION WITH MOTOR VEHICLE,OTHER,NONE,DAYLIGHT,CLEAR,DRY
6836 ,33626135,MONROE,Brighton,,286 43011001,N,43.157384,-77.53895,10/29/2010,12:19 PM,INJURY,1.,0 ,2 ,COLLISION WITH MOTOR VEHICLE,RIGHT ANGLE,TRAFFIC SIGNAL,DAYLIGHT,RAIN,WET