QUERYID,CASE #,REGN_CNTY_CDE,Municipality,MUNITYPE,REF_MRKR,ATINTERSECTION_IND,Lat,Long,,Time,Crash Type,Injuries,Fatalities,Number of Vehicles,ACCD_TYP,COLLISION_TYP,TRAF_CNTL,Light Condition,Weather Condition,Road Surface Condition
6836 ,33626309,MONROE,Mendon,,65 43031055,N,43.0150776,-77.5848843,10/27/2010,3:59 PM,PROPERTY DAMAGE AND INJURY,1.,0 ,2 ,COLLISION WITH MOTOR VEHICLE,REAR END,NONE,DAYLIGHT,CLEAR,DRY
6836 ,33626477,MONROE,Greece,,,Y,43.205698,-77.670283,10/27/2010,10:41 AM,PROPERTY DAMAGE AND INJURY,1.,0 ,2 ,COLLISION WITH MOTOR VEHICLE,REAR END,TRAFFIC SIGNAL,DAYLIGHT,CLEAR,DRY
6836 ,33626483,MONROE,Greece,,261 43011029,N,43.2605199,-77.750811,10/29/2010,7:24 AM,PROPERTY DAMAGE AND INJURY,2.,0 ,1 ,COLLISION WITH DEER,OTHER,NONE,DAWN,RAIN,WET
6836 ,33626866,MONROE,Irondequoit,,,Y,43.176701,-77.547736,09/24/2010,10:02 AM,PROPERTY DAMAGE AND INJURY,1.,0 ,2 ,COLLISION WITH MOTOR VEHICLE,OTHER,STOP SIGN,DAYLIGHT,CLEAR,DRY
6836 ,33626897,MONROE,Rochester,,,Y,43.176915,-77.639461,10/12/2010,12:28 PM,PROPERTY DAMAGE AND INJURY,3.,0 ,2 ,COLLISION WITH MOTOR VEHICLE,UNKNOWN,STOP SIGN,DAYLIGHT,CLEAR,DRY
6836 ,33626900,MONROE,Rochester,,,N,43.1453694,-77.5938313,10/13/2010,11:32 AM,INJURY,1.,0 ,1 ,COLLISION WITH BICYCLIST,OTHER,NONE,DAYLIGHT,CLEAR,DRY
6836 ,33626902,MONROE,Rochester,,,Y,43.1937262,-77.5999975,10/12/2010,5:16 PM,PROPERTY DAMAGE AND INJURY,3.,0 ,3 ,COLLISION WITH MOTOR VEHICLE,OTHER,NONE,DAYLIGHT,CLEAR,DRY
6836 ,33626934,MONROE,Rochester,,,Y,43.195449,-77.630025,10/09/2010,8:49 PM,PROPERTY DAMAGE AND INJURY,1.,0 ,3 ,COLLISION WITH MOTOR VEHICLE,OTHER,NONE,DARK-ROAD LIGHTED,CLEAR,DRY
6836 ,33626954,MONROE,Brighton,,,N,43.157384,-77.53895,10/11/2010,7:18 PM,INJURY,3.,0 ,3 ,COLLISION WITH MOTOR VEHICLE,OTHER,TRAFFIC SIGNAL,DARK-ROAD LIGHTED,RAIN,WET
6836 ,33626956,MONROE,Rochester,,,Y,43.149509,-77.571697,10/12/2010,5:42 PM,INJURY,1.,0 ,3 ,COLLISION WITH MOTOR VEHICLE,OTHER,TRAFFIC SIGNAL,DAYLIGHT,CLEAR,DRY
6836 ,33626957,MONROE,Rochester,,,N,43.1646317,-77.6426297,10/06/2010,7:05 PM,PROPERTY DAMAGE AND INJURY,2.,0 ,4 ,COLLISION WITH MOTOR VEHICLE,OTHER,NONE,DARK-ROAD LIGHTED,RAIN,WET
6836 ,33626967,MONROE,Rochester,,,Y,43.173852,-77.6590451,10/04/2010,11:50 AM,PROPERTY DAMAGE AND INJURY,2.,0 ,3 ,COLLISION WITH MOTOR VEHICLE,OTHER,TRAFFIC SIGNAL,DAYLIGHT,CLOUDY,DRY
6836 ,33627031,MONROE,Rochester,,,N,43.1711293,-77.5761489,10/08/2010,3:15 AM,PROPERTY DAMAGE AND INJURY,1.,0 ,3 ,COLLISION WITH MOTOR VEHICLE,OTHER,NONE,DARK-ROAD LIGHTED,CLEAR,DRY
6836 ,33627032,MONROE,Rochester,,,Y,43.1451668,-77.5912842,10/05/2010,2:28 PM,PROPERTY DAMAGE AND INJURY,1.,0 ,3 ,COLLISION WITH MOTOR VEHICLE,OTHER,NONE,DAYLIGHT,RAIN,WET
6836 ,33628363,MONROE,Irondequoit,,,Y,43.2126848,-77.598358,10/23/2010,4:50 PM,PROPERTY DAMAGE AND INJURY,2.,0 ,3 ,COLLISION WITH MOTOR VEHICLE,OTHER,NONE,DAYLIGHT,CLOUDY,DRY
6836 ,33628511,MONROE,Irondequoit,,,N,43.1971744,-77.5905707,10/15/2010,4:06 PM,PROPERTY DAMAGE AND INJURY,1.,0 ,2 ,COLLISION WITH MOTOR VEHICLE,RIGHT ANGLE,NONE,DAYLIGHT,RAIN,WET
6836 ,33628528,MONROE,Rochester,,,Y,43.179329,-77.631715,10/06/2010,12:33 PM,INJURY,1.,0 ,2 ,COLLISION WITH MOTOR VEHICLE,REAR END,TRAFFIC SIGNAL,DAYLIGHT,CLOUDY,WET
6836 ,33628658,MONROE,Ogden,,,Y,43.149746,-77.80572,10/08/2010,3:36 PM,PROPERTY DAMAGE AND INJURY,4.,0 ,2 ,COLLISION WITH MOTOR VEHICLE,REAR END,NO PASSING ZONE,DAYLIGHT,CLEAR,DRY
6836 ,33628699,MONROE,Rochester,,,Y,43.190244,-77.5955529,10/19/2010,1:59 PM,FATAL,0.,1 ,1 ,COLLISION WITH BICYCLIST,OTHER,STOP SIGN,DAYLIGHT,CLOUDY,DRY
6836 ,33629671,MONROE,Rochester,,,Y,43.151224,-77.622008,09/30/2010,1:20 PM,INJURY,1.,0 ,2 ,COLLISION WITH MOTOR VEHICLE,RIGHT ANGLE,STOP SIGN,DAYLIGHT,RAIN,WET
6836 ,33629914,MONROE,Rochester,,,Y,43.145516,-77.599216,09/28/2010,8:05 AM,PROPERTY DAMAGE AND INJURY,1.,0 ,2 ,COLLISION WITH MOTOR VEHICLE,UNKNOWN,TRAFFIC SIGNAL,DAYLIGHT,CLEAR,DRY
6836 ,33630181,MONROE,Rochester,,,Y,43.186453,-77.613791,10/12/2010,6:07 PM,PROPERTY DAMAGE AND INJURY,1.,0 ,2 ,COLLISION WITH MOTOR VEHICLE,UNKNOWN,NONE,DAYLIGHT,CLEAR,DRY
6836 ,33631455,MONROE,Rochester,,,Y,43.153464,-77.588178,10/08/2010,12:00 AM,PROPERTY DAMAGE AND INJURY,2.,0 ,2 ,COLLISION WITH MOTOR VEHICLE,LEFT TURN (AGAINST OTHER CAR),TRAFFIC SIGNAL,DAYLIGHT,CLEAR,DRY
6836 ,33631864,MONROE,Greece,,,N,43.226528,-77.659061,10/31/2010,10:06 AM,PROPERTY DAMAGE AND INJURY,1.,0 ,2 ,COLLISION WITH MOTOR VEHICLE,RIGHT ANGLE,NONE,DAYLIGHT,CLOUDY,DRY
6836 ,33632638,MONROE,Brighton,,,Y,43.0923175,-77.679104,10/26/2010,8:29 AM,PROPERTY DAMAGE AND INJURY,1.,0 ,2 ,COLLISION WITH MOTOR VEHICLE,RIGHT TURN (WITH OTHER CAR),TRAFFIC SIGNAL,DAYLIGHT,CLEAR,WET
6836 ,33632646,MONROE,Riga,,490I43021023,N,43.0779963,-77.9316525,10/30/2010,8:29 PM,PROPERTY DAMAGE AND INJURY,1.,0 ,1 ,COLLISION WITH DEER,OTHER,NONE,DARK-ROAD LIGHTED,CLOUDY,DRY
6836 ,33632711,MONROE,Mendon,,,N,42.9862872,-77.5247426,11/01/2010,6:06 AM,PROPERTY DAMAGE AND INJURY,1.,0 ,2 ,COLLISION WITH MOTOR VEHICLE,REAR END,NONE,DARK-ROAD UNLIGHTED,CLOUDY,WET
6836 ,33632756,MONROE,Brockport,,,Y,43.212602,-77.9393761,10/24/2010,12:35 PM,PROPERTY DAMAGE AND INJURY,1.,0 ,2 ,COLLISION WITH MOTOR VEHICLE,REAR END,NONE,DAYLIGHT,CLOUDY,WET
6836 ,33632777,MONROE,Webster,,,N,43.215414,-77.446588,10/29/2010,4:46 PM,INJURY,1.,0 ,2 ,COLLISION WITH MOTOR VEHICLE,REAR END,YIELD SIGN,DAYLIGHT,CLOUDY,WET
6836 ,33632810,MONROE,Pittsford,,490I43023054,N,43.0837598,-77.4905503,10/24/2010,6:52 PM,PROPERTY DAMAGE AND INJURY,1.,0 ,1 ,COLLISION WITH GUIDE RAIL,OTHER,NONE,DARK-ROAD UNLIGHTED,CLOUDY,DRY
6836 ,33632811,MONROE,Brighton,,15A43041128,N,43.1070871,-77.6159522,11/01/2010,3:13 PM,INJURY,1.,0 ,2 ,COLLISION WITH MOTOR VEHICLE,REAR END,YIELD SIGN,DAYLIGHT,CLOUDY,DRY
6836 ,33632819,MONROE,Penfield,,,N,43.1823128,-77.4727857,10/24/2010,1:40 AM,PROPERTY DAMAGE AND INJURY,1.,0 ,1 ,COLL. W/EARTH ELE./ROCK CUT/DITCH,OTHER,NONE,DARK-ROAD UNLIGHTED,RAIN,WET
6836 ,33632837,MONROE,Sweden,,31 43031048,N,43.1983511,-77.9404918,11/01/2010,6:50 PM,PROPERTY DAMAGE AND INJURY,1.,0 ,2 ,COLLISION WITH MOTOR VEHICLE,RIGHT ANGLE,NONE,DARK-ROAD UNLIGHTED,CLEAR,DRY
6836 ,33632840,MONROE,Penfield,,286 43011041,N,43.1593048,-77.4641898,10/25/2010,5:20 PM,PROPERTY DAMAGE AND INJURY,1.,0 ,2 ,COLLISION WITH MOTOR VEHICLE,LEFT TURN (AGAINST OTHER CAR),NONE,DAYLIGHT,RAIN,WET
6836 ,33632883,MONROE,Irondequoit,,,N,43.196444,-77.5767859,10/14/2010,11:27 AM,PROPERTY DAMAGE AND INJURY,1.,0 ,2 ,COLLISION WITH MOTOR VEHICLE,RIGHT ANGLE,TRAFFIC SIGNAL,DAYLIGHT,CLOUDY,WET
6836 ,33632926,MONROE,Brighton,,,N,43.108007,-77.615937,11/02/2010,3:07 PM,INJURY,1.,0 ,2 ,COLLISION WITH MOTOR VEHICLE,REAR END,TRAFFIC SIGNAL,DAYLIGHT,CLEAR,DRY
6836 ,33632927,MONROE,Brighton,,31 43033020,N,43.1135961,-77.5509143,10/30/2010,3:59 PM,PROPERTY DAMAGE AND INJURY,1.,0 ,2 ,COLLISION WITH MOTOR VEHICLE,LEFT TURN (WITH OTHER CAR),NONE,DAYLIGHT,CLOUDY,DRY
6836 ,33632932,MONROE,Penfield,,104 43035047,N,43.1766438,-77.5111999,10/27/2010,1:48 PM,PROPERTY DAMAGE AND INJURY,2.,0 ,4 ,COLLISION WITH MOTOR VEHICLE,OTHER,NONE,DAYLIGHT,CLEAR,DRY
6836 ,33632966,MONROE,Ontario,,,N,43.2430234,-77.3756256,10/30/2010,9:15 PM,PROPERTY DAMAGE AND INJURY,1.,0 ,1 ,COLLISION WITH OTHER FIXED OBJECT,OTHER,NONE,DARK-ROAD UNLIGHTED,CLOUDY,DRY
6836 ,33633003,MONROE,Rochester,,490I43022022,N,43.1566541,-77.6294041,10/27/2010,5:18 PM,PROPERTY DAMAGE AND INJURY,1.,0 ,3 ,COLLISION WITH MOTOR VEHICLE,OTHER,NONE,DAYLIGHT,CLEAR,DRY
6836 ,33633029,MONROE,Brighton,,15 43031114,N,43.0947801,-77.6326879,11/01/2010,1:57 PM,INJURY,3.,0 ,3 ,COLLISION WITH MOTOR VEHICLE,OTHER,TRAFFIC SIGNAL,DAYLIGHT,CLOUDY,DRY
6836 ,33633054,MONROE,Webster,,,N,43.2119811,-77.4323699,10/27/2010,10:00 AM,INJURY,1.,0 ,1 ,COLLISION WITH PEDESTRIAN,OTHER,NONE,DAYLIGHT,CLEAR,DRY
6836 ,33633099,MONROE,Perinton,,31F43011055,N,43.0973729,-77.4261624,10/26/2010,9:35 PM,PROPERTY DAMAGE AND INJURY,1.,0 ,2 ,COLLISION WITH MOTOR VEHICLE,HEAD ON,NONE,DARK-ROAD UNLIGHTED,RAIN,WET
6836 ,33633111,MONROE,Henrietta,,252 43011077,N,43.0870685,-77.6220471,11/01/2010,2:07 PM,PROPERTY DAMAGE AND INJURY,1.,0 ,2 ,COLLISION WITH MOTOR VEHICLE,REAR END,NONE,DAYLIGHT,CLOUDY,DRY
6836 ,33633171,MONROE,Sweden,,31A43021020,N,43.1981152,-77.9771,10/29/2010,5:01 PM,PROPERTY DAMAGE AND INJURY,2.,0 ,4 ,COLLISION WITH MOTOR VEHICLE,OTHER,NONE,DAYLIGHT,CLOUDY,DRY
6836 ,33633190,MONROE,East Rochester,,,N,43.1162145,-77.496954,11/01/2010,3:19 PM,PROPERTY DAMAGE AND INJURY,1.,0 ,2 ,COLLISION WITH MOTOR VEHICLE,REAR END,NONE,DAYLIGHT,CLEAR,DRY
6836 ,33633235,MONROE,Pittsford,,31 43033029,N,43.1026222,-77.5381163,10/23/2010,7:18 PM,PROPERTY DAMAGE AND INJURY,1.,0 ,2 ,COLLISION WITH MOTOR VEHICLE,RIGHT ANGLE,NONE,DARK-ROAD LIGHTED,RAIN,WET
6836 ,33633303,MONROE,Pittsford,,31 43033061,N,43.0789464,-77.4868764,10/28/2010,9:09 PM,PROPERTY DAMAGE AND INJURY,1.,0 ,2 ,COLLISION WITH MOTOR VEHICLE,SIDESWIPE,NONE,DARK-ROAD LIGHTED,CLOUDY,DRY
6836 ,33633326,MONROE,Irondequoit,,,N,43.1965124,-77.5767926,11/01/2010,12:58 PM,INJURY,1.,0 ,2 ,COLLISION WITH MOTOR VEHICLE,REAR END,TRAFFIC SIGNAL,DAYLIGHT,CLOUDY,DRY
6836 ,33633339,MONROE,Brighton,,490I43023005,N,43.1391957,-77.5391187,10/25/2010,5:06 PM,PROPERTY DAMAGE AND INJURY,1.,0 ,2 ,COLLISION WITH MOTOR VEHICLE,REAR END,NONE,DAYLIGHT,RAIN,WET
6836 ,33633376,MONROE,East Rochester,,,N,43.1155801,-77.4946593,11/01/2010,5:08 PM,PROPERTY DAMAGE AND INJURY,1.,0 ,2 ,COLLISION WITH MOTOR VEHICLE,RIGHT ANGLE,NONE,DAYLIGHT,CLEAR,DRY
6836 ,33633405,MONROE,Clarkson,,104 43031037,N,43.2337955,-77.9300199,10/29/2010,3:11 PM,INJURY,1.,0 ,2 ,COLLISION WITH MOTOR VEHICLE,RIGHT TURN (WITH OTHER CAR),NONE,DAYLIGHT,CLOUDY,DRY
6836 ,33633445,MONROE,Rochester,,,Y,43.220615,-77.628404,10/14/2010,4:00 PM,PROPERTY DAMAGE AND INJURY,1.,0 ,2 ,COLLISION WITH MOTOR VEHICLE,REAR END,NONE,DAYLIGHT,RAIN,WET
6836 ,33633482,MONROE,Scottsville,,,Y,43.028223,-77.743186,10/08/2010,12:00 AM,PROPERTY DAMAGE AND INJURY,1.,0 ,2 ,COLLISION WITH MOTOR VEHICLE,UNKNOWN,UNKNOWN,UNKNOWN,UNKNOWN,UNKNOWN
6836 ,33634184,MONROE,Rochester,,,N,43.1649651,-77.6143122,10/25/2010,6:44 AM,INJURY,1.,0 ,1 ,COLLISION WITH BUILDING/WALL,OTHER,TRAFFIC SIGNAL,DAWN,CLEAR,DRY
6836 ,33634399,MONROE,Gates,,33 43031120,Y,43.147073,-77.711237,11/02/2010,4:12 PM,INJURY,1.,0 ,3 ,COLLISION WITH MOTOR VEHICLE,OTHER,TRAFFIC SIGNAL,DAYLIGHT,CLEAR,DRY
6836 ,33634440,MONROE,Perinton,,490I43023058,N,43.078814,-77.485447,10/27/2010,8:45 AM,PROPERTY DAMAGE AND INJURY,1.,0 ,2 ,COLLISION WITH MOTOR VEHICLE,REAR END,NONE,DAYLIGHT,CLEAR,DRY
6836 ,33634541,MONROE,Greece,,,N,43.252915,-77.673078,11/01/2010,7:52 AM,PROPERTY DAMAGE AND INJURY,1.,0 ,2 ,COLLISION WITH MOTOR VEHICLE,LEFT TURN (AGAINST OTHER CAR),STOP SIGN,DAYLIGHT,CLOUDY,DRY
6836 ,33634556,MONROE,Gates,,31 43031178,Y,43.16661,-77.695206,11/02/2010,7:39 AM,PROPERTY DAMAGE AND INJURY,1.,0 ,2 ,COLLISION WITH MOTOR VEHICLE,REAR END,TRAFFIC SIGNAL,DAWN,CLOUDY,DRY
6836 ,33634581,MONROE,Gates,,,N,43.1307465,-77.6659887,11/03/2010,6:10 AM,FATAL,0.,1 ,1 ,COLLISION WITH PEDESTRIAN,OTHER,NONE,DARK-ROAD LIGHTED,CLOUDY,DRY
6836 ,33634682,MONROE,Pittsford,,490I43023033,N,43.1096625,-77.5071964,10/26/2010,8:10 AM,PROPERTY DAMAGE AND INJURY,2.,0 ,2 ,COLLISION WITH MOTOR VEHICLE,REAR END,NONE,DAYLIGHT,CLEAR,DRY
6836 ,33634700,MONROE,Greece,,,N,43.2445529,-77.6289705,11/01/2010,2:12 AM,PROPERTY DAMAGE AND INJURY,1.,0 ,1 ,COLLISION WITH TREE,OTHER,NONE,DARK-ROAD LIGHTED,CLEAR,DRY
6836 ,33634722,MONROE,Pittsford,,,N,43.096668,-77.5014016,10/27/2010,7:10 AM,PROPERTY DAMAGE AND INJURY,1.,0 ,4 ,COLLISION WITH MOTOR VEHICLE,OTHER,NONE,DAWN,CLEAR,DRY
6836 ,33634885,MONROE,Greece,,,N,43.2515295,-77.6592126,10/31/2010,2:36 AM,PROPERTY DAMAGE AND INJURY,1.,0 ,1 ,COLL. W/LIGHT SUPPORT/UTILITY POLE,OTHER,NONE,DARK-ROAD LIGHTED,CLEAR,DRY
6836 ,33634943,MONROE,Rochester,,104 43032038,N,43.1937168,-77.5913567,10/30/2010,3:05 AM,INJURY,1.,0 ,2 ,COLLISION WITH MOTOR VEHICLE,REAR END,NONE,DARK-ROAD LIGHTED,CLEAR,DRY
6836 ,33635148,MONROE,Greece,,,Y,43.236358,-77.634677,10/28/2010,4:11 PM,PROPERTY DAMAGE AND INJURY,2.,0 ,3 ,COLLISION WITH MOTOR VEHICLE,OTHER,NONE,DAYLIGHT,CLEAR,DRY
6836 ,33635211,MONROE,Chili,,252 43011046,N,43.0927346,-77.6814341,11/03/2010,4:19 PM,PROPERTY DAMAGE AND INJURY,1.,0 ,3 ,COLLISION WITH MOTOR VEHICLE,OTHER,TRAFFIC SIGNAL,DAYLIGHT,CLEAR,DRY
6836 ,33635212,MONROE,Greece,,,Y,43.223754,-77.659043,11/03/2010,11:58 AM,PROPERTY DAMAGE AND INJURY,2.,0 ,2 ,COLLISION WITH MOTOR VEHICLE,REAR END,TRAFFIC SIGNAL,DAYLIGHT,CLEAR,DRY
6836 ,33635213,MONROE,Greece,,,N,43.252892,-77.669458,10/26/2010,2:59 PM,PROPERTY DAMAGE AND INJURY,1.,0 ,2 ,COLLISION WITH MOTOR VEHICLE,REAR END,NONE,DAYLIGHT,CLEAR,DRY
6836 ,33635231,MONROE,Henrietta,,253 43011064,N,43.058833,-77.641785,10/28/2010,6:23 PM,PROPERTY DAMAGE AND INJURY,1.,0 ,2 ,COLLISION WITH MOTOR VEHICLE,LEFT TURN (AGAINST OTHER CAR),TRAFFIC SIGNAL,DARK-ROAD UNLIGHTED,CLEAR,DRY
6836 ,33635301,MONROE,Greece,,,N,43.1857153,-77.7015195,10/30/2010,7:03 PM,INJURY,2.,0 ,2 ,COLLISION WITH MOTOR VEHICLE,RIGHT ANGLE,NONE,DARK-ROAD LIGHTED,CLEAR,DRY
6836 ,33635307,MONROE,Riga,,33A43021011,N,43.0709063,-77.9130288,10/29/2010,1:25 PM,PROPERTY DAMAGE AND INJURY,1.,0 ,3 ,COLLISION WITH MOTOR VEHICLE,OTHER,NONE,DAYLIGHT,CLOUDY,DRY
6836 ,33635360,MONROE,Henrietta,,,Y,43.05888,-77.639688,11/04/2010,7:59 AM,PROPERTY DAMAGE AND INJURY,1.,0 ,2 ,COLLISION WITH MOTOR VEHICLE,LEFT TURN (AGAINST OTHER CAR),TRAFFIC SIGNAL,DAWN,RAIN,WET
6836 ,33635582,MONROE,Brighton,,31 43033014,Y,43.120844,-77.558374,11/04/2010,2:17 PM,INJURY,1.,0 ,1 ,COLLISION WITH PEDESTRIAN,OTHER,STOP SIGN,DAYLIGHT,CLOUDY,WET
6836 ,33635677,MONROE,Sweden,,,Y,43.212973,-77.96844,11/01/2010,12:10 PM,PROPERTY DAMAGE AND INJURY,1.,0 ,2 ,COLLISION WITH MOTOR VEHICLE,RIGHT ANGLE,STOP SIGN,DAYLIGHT,CLEAR,DRY
6836 ,33635784,MONROE,Rush,,15 43031038,N,42.9898815,-77.6706693,11/04/2010,6:52 PM,PROPERTY DAMAGE AND INJURY,1.,0 ,2 ,COLLISION WITH MOTOR VEHICLE,LEFT TURN (AGAINST OTHER CAR),TRAFFIC SIGNAL,DARK-ROAD LIGHTED,RAIN,WET
6836 ,33635804,MONROE,Brighton,,,N,43.1257827,-77.5868135,11/04/2010,11:01 AM,PROPERTY DAMAGE AND INJURY,1.,0 ,2 ,COLLISION WITH MOTOR VEHICLE,REAR END,NONE,DAYLIGHT,RAIN,WET
6836 ,33636057,MONROE,Gates,,,Y,43.169535,-77.701549,11/05/2010,6:54 AM,PROPERTY DAMAGE AND INJURY,1.,0 ,2 ,COLLISION WITH MOTOR VEHICLE,LEFT TURN (AGAINST OTHER CAR),TRAFFIC SIGNAL,DARK-ROAD LIGHTED,RAIN,WET
6836 ,33636063,MONROE,Rochester,,,Y,43.1646351,-77.6471917,11/04/2010,10:39 AM,INJURY,1.,0 ,1 ,COLLISION WITH PEDESTRIAN,OTHER,NONE,DAYLIGHT,RAIN,WET
6836 ,33636528,MONROE,East Rochester,,,N,43.1157743,-77.4953597,11/05/2010,4:06 PM,PROPERTY DAMAGE AND INJURY,1.,0 ,2 ,COLLISION WITH MOTOR VEHICLE,REAR END,NONE,DAYLIGHT,RAIN,WET
6836 ,33636649,MONROE,Brighton,,65 43031127,Y,43.111017,-77.547717,11/05/2010,5:25 PM,PROPERTY DAMAGE AND INJURY,1.,0 ,3 ,COLLISION WITH MOTOR VEHICLE,OTHER,TRAFFIC SIGNAL,DUSK,RAIN,WET
6836 ,33636862,MONROE,Rochester,,,N,43.1753247,-77.6299112,11/05/2010,10:44 PM,PROPERTY DAMAGE AND INJURY,4.,0 ,2 ,COLLISION WITH MOTOR VEHICLE,REAR END,NONE,DARK-ROAD LIGHTED,RAIN,WET
6836 ,33637199,MONROE,Pittsford,,,N,43.0472565,-77.5744222,11/05/2010,11:16 PM,PROPERTY DAMAGE AND INJURY,1.,0 ,1 ,COLLISION WITH TREE,OTHER,NONE,DARK-ROAD UNLIGHTED,RAIN,WET
6836 ,33637884,MONROE,Rochester,,,N,43.1619279,-77.5521936,10/21/2010,9:40 AM,PROPERTY DAMAGE AND INJURY,2.,0 ,3 ,COLLISION WITH MOTOR VEHICLE,OTHER,STOP SIGN,DAYLIGHT,CLOUDY,DRY
6836 ,33638214,MONROE,Rochester,,940T43011006,N,43.1604563,-77.613076,11/04/2010,5:37 PM,PROPERTY DAMAGE AND INJURY,1.,0 ,3 ,COLLISION WITH MOTOR VEHICLE,OTHER,NONE,DUSK,RAIN,WET
6836 ,33638216,MONROE,Gates,,390I43037005,Y,43.1308522,-77.6611958,11/03/2010,8:36 AM,PROPERTY DAMAGE AND INJURY,2.,0 ,3 ,COLLISION WITH MOTOR VEHICLE,OTHER,NONE,DAYLIGHT,CLEAR,DRY
6836 ,33638788,MONROE,Greece,,,Y,43.242013,-77.646839,10/20/2010,11:17 AM,PROPERTY DAMAGE AND INJURY,2.,0 ,2 ,COLLISION WITH MOTOR VEHICLE,RIGHT TURN (AGAINST OTHER CAR),TRAFFIC SIGNAL,DAYLIGHT,CLEAR,DRY
6836 ,33638790,MONROE,Greece,,,Y,43.273454,-77.696188,10/21/2010,9:59 AM,PROPERTY DAMAGE AND INJURY,2.,0 ,2 ,COLLISION WITH MOTOR VEHICLE,UNKNOWN,NONE,DAYLIGHT,CLOUDY,WET
6836 ,33638798,MONROE,Rochester,,,N,43.1489958,-77.5979594,10/20/2010,1:10 PM,INJURY,1.,0 ,1 ,COLLISION WITH PEDESTRIAN,OTHER,NONE,DAYLIGHT,CLEAR,DRY
6836 ,33638801,MONROE,Greece,,,Y,43.249785,-77.628671,10/15/2010,11:18 AM,INJURY,2.,0 ,2 ,COLLISION WITH MOTOR VEHICLE,UNKNOWN,STOP SIGN,DAYLIGHT,CLOUDY,WET
6836 ,33638861,MONROE,Rochester,,,Y,43.121659,-77.619028,10/21/2010,1:39 PM,PROPERTY DAMAGE AND INJURY,1.,0 ,2 ,COLLISION WITH MOTOR VEHICLE,REAR END,TRAFFIC SIGNAL,DAYLIGHT,CLOUDY,DRY
6836 ,33638864,MONROE,Rochester,,,Y,43.152234,-77.627599,10/20/2010,3:07 PM,PROPERTY DAMAGE AND INJURY,2.,0 ,2 ,COLLISION WITH MOTOR VEHICLE,RIGHT ANGLE,NONE,DAYLIGHT,CLEAR,DRY
6836 ,33638866,MONROE,Rochester,,,Y,43.136672,-77.636002,10/20/2010,11:40 AM,INJURY,1.,0 ,2 ,COLLISION WITH MOTOR VEHICLE,RIGHT ANGLE,STOP SIGN,DAYLIGHT,CLEAR,DRY
6836 ,33638871,MONROE,Rochester,,,Y,43.142224,-77.65099,10/21/2010,8:24 PM,INJURY,1.,0 ,1 ,COLLISION WITH PEDESTRIAN,OTHER,TRAFFIC SIGNAL,DARK-ROAD LIGHTED,CLEAR,DRY
6836 ,33638879,MONROE,Rochester,,,Y,43.153801,-77.589513,10/20/2010,11:50 AM,INJURY,2.,0 ,2 ,COLLISION WITH MOTOR VEHICLE,REAR END,TRAFFIC SIGNAL,DAYLIGHT,CLEAR,DRY
6836 ,33639123,MONROE,Rochester,,,Y,43.149984,-77.641149,10/15/2010,11:59 PM,INJURY,3.,0 ,2 ,COLLISION WITH MOTOR VEHICLE,RIGHT ANGLE,NONE,DARK-ROAD LIGHTED,CLOUDY,DRY
6836 ,33639125,MONROE,Rochester,,,N,43.1714331,-77.5785129,10/01/2010,8:00 AM,INJURY,1.,0 ,2 ,COLLISION WITH MOTOR VEHICLE,REAR END,NONE,DAYLIGHT,CLOUDY,DRY
6836 ,33639128,MONROE,Rochester,,,Y,43.159973,-77.598429,10/15/2010,12:47 PM,INJURY,1.,0 ,2 ,COLLISION WITH MOTOR VEHICLE,RIGHT ANGLE,TRAFFIC SIGNAL,DAYLIGHT,RAIN,WET
6836 ,33639131,MONROE,Rochester,,,Y,43.146182,-77.602189,10/17/2010,10:05 PM,PROPERTY DAMAGE AND INJURY,2.,0 ,2 ,COLLISION WITH MOTOR VEHICLE,RIGHT ANGLE,NONE,DARK-ROAD LIGHTED,CLEAR,DRY
6836 ,33639133,MONROE,Rochester,,,Y,43.142639,-77.547828,10/14/2010,4:29 PM,INJURY,1.,0 ,2 ,COLLISION WITH MOTOR VEHICLE,RIGHT ANGLE,TRAFFIC SIGNAL,DAYLIGHT,RAIN,WET
6836 ,33639134,MONROE,Rochester,,,Y,43.164639,-77.6232511,10/15/2010,1:25 PM,PROPERTY DAMAGE AND INJURY,1.,0 ,2 ,COLLISION WITH MOTOR VEHICLE,REAR END,TRAFFIC SIGNAL,DAYLIGHT,RAIN,WET
6836 ,33639136,MONROE,Rochester,,,Y,43.1460909,-77.6054953,10/15/2010,8:08 AM,PROPERTY DAMAGE AND INJURY,1.,0 ,2 ,COLLISION WITH MOTOR VEHICLE,REAR END,TRAFFIC SIGNAL,DAYLIGHT,CLOUDY,DRY
6836 ,33639137,MONROE,Rochester,,,Y,43.1295763,-77.6148889,10/15/2010,12:19 PM,PROPERTY DAMAGE AND INJURY,1.,0 ,2 ,COLLISION WITH MOTOR VEHICLE,REAR END,NONE,DAYLIGHT,CLOUDY,DRY
6836 ,33639289,MONROE,Rochester,,,Y,43.167366,-77.607229,10/19/2010,7:46 AM,INJURY,1.,0 ,2 ,COLLISION WITH MOTOR VEHICLE,RIGHT ANGLE,STOP SIGN,DAYLIGHT,CLOUDY,DRY
6836 ,33639292,MONROE,Rochester,,,N,43.1216737,-77.6188848,10/19/2010,2:22 PM,INJURY,1.,0 ,2 ,COLLISION WITH MOTOR VEHICLE,REAR END,NONE,DAYLIGHT,CLEAR,DRY
6836 ,33640140,MONROE,Gates,,,Y,43.1308381,-77.689973,11/03/2010,5:39 PM,INJURY,1.,0 ,2 ,COLLISION WITH MOTOR VEHICLE,REAR END,TRAFFIC SIGNAL,DAYLIGHT,CLEAR,DRY
6836 ,33640154,MONROE,Henrietta,,253 43011075,N,43.0592467,-77.6228086,10/23/2010,1:44 PM,PROPERTY DAMAGE AND INJURY,1.,0 ,2 ,COLLISION WITH MOTOR VEHICLE,LEFT TURN (AGAINST OTHER CAR),STOP SIGN,DAYLIGHT,CLEAR,DRY