QUERYID,CASE #,REGN_CNTY_CDE,Municipality,MUNITYPE,REF_MRKR,ATINTERSECTION_IND,Lat,Long,,Time,Crash Type,Injuries,Fatalities,Number of Vehicles,ACCD_TYP,COLLISION_TYP,TRAF_CNTL,Light Condition,Weather Condition,Road Surface Condition
6836 ,33640167,MONROE,Greece,,,N,43.2071475,-77.6794482,10/29/2010,1:59 PM,PROPERTY DAMAGE AND INJURY,1.,0 ,2 ,COLLISION WITH MOTOR VEHICLE,REAR END,TRAFFIC SIGNAL,DAYLIGHT,CLOUDY,WET
6836 ,33640196,MONROE,Brighton,,390I43031129,N,43.1014256,-77.6006388,11/01/2010,7:50 AM,PROPERTY DAMAGE AND INJURY,1.,0 ,3 ,COLLISION WITH MOTOR VEHICLE,OTHER,NONE,DAYLIGHT,CLOUDY,DRY
6836 ,33640300,MONROE,Rochester,,,Y,43.124791,-77.61428,10/21/2010,10:01 AM,PROPERTY DAMAGE AND INJURY,1.,0 ,2 ,COLLISION WITH MOTOR VEHICLE,REAR END,TRAFFIC SIGNAL,DAYLIGHT,RAIN,WET
6836 ,33640337,MONROE,Rochester,,,Y,43.164639,-77.6232511,09/27/2010,3:45 PM,INJURY,2.,0 ,2 ,COLLISION WITH MOTOR VEHICLE,REAR END,TRAFFIC SIGNAL,DAYLIGHT,RAIN,WET
6836 ,33640423,MONROE,Rochester,,,Y,43.14404,-77.589323,10/26/2010,8:37 PM,INJURY,1.,0 ,1 ,COLLISION WITH BICYCLIST,OTHER,NONE,DARK-ROAD LIGHTED,RAIN,WET
6836 ,33640424,MONROE,Greece,,,N,43.252957,-77.6469777,10/27/2010,1:15 PM,INJURY,1.,0 ,2 ,COLLISION WITH MOTOR VEHICLE,REAR END,NONE,DAYLIGHT,CLEAR,DRY
6836 ,33640425,MONROE,Greece,,,Y,43.265157,-77.715185,10/26/2010,7:11 AM,PROPERTY DAMAGE AND INJURY,3.,0 ,2 ,COLLISION WITH MOTOR VEHICLE,UNKNOWN,STOP SIGN,DAYLIGHT,CLOUDY,DRY
6836 ,33640429,MONROE,Rochester,,,N,43.1498086,-77.6464083,10/27/2010,4:43 PM,INJURY,1.,0 ,1 ,COLLISION WITH PEDESTRIAN,OTHER,NONE,DAYLIGHT,CLEAR,DRY
6836 ,33640455,MONROE,Rochester,,,Y,43.1408091,-77.6360167,10/22/2010,2:14 PM,INJURY,1.,0 ,2 ,COLLISION WITH MOTOR VEHICLE,REAR END,NONE,DAYLIGHT,CLEAR,DRY
6836 ,33640456,MONROE,Rochester,,,Y,43.1939,-77.6522309,10/28/2010,7:48 AM,PROPERTY DAMAGE AND INJURY,1.,0 ,2 ,COLLISION WITH MOTOR VEHICLE,REAR END,NONE,DAYLIGHT,CLOUDY,DRY
6836 ,33640459,MONROE,Rochester,,,Y,43.152647,-77.584977,10/26/2010,11:43 AM,PROPERTY DAMAGE AND INJURY,1.,0 ,2 ,COLLISION WITH MOTOR VEHICLE,REAR END,TRAFFIC SIGNAL,DAYLIGHT,CLEAR,DRY
6836 ,33640461,MONROE,Rochester,,,N,43.1708273,-77.6082018,10/25/2010,5:19 PM,INJURY,1.,0 ,2 ,COLLISION WITH MOTOR VEHICLE,REAR END,NONE,DAYLIGHT,CLOUDY,WET
6836 ,33640462,MONROE,Rochester,,,N,43.1675755,-77.6171424,10/26/2010,2:20 PM,PROPERTY DAMAGE AND INJURY,2.,0 ,2 ,COLLISION WITH MOTOR VEHICLE,LEFT TURN (AGAINST OTHER CAR),TRAFFIC SIGNAL,DAYLIGHT,CLEAR,DRY
6836 ,33640466,MONROE,Rochester,,,Y,43.159576,-77.61962,10/26/2010,4:45 PM,PROPERTY DAMAGE AND INJURY,1.,0 ,2 ,COLLISION WITH MOTOR VEHICLE,RIGHT ANGLE,TRAFFIC SIGNAL,DAYLIGHT,CLEAR,DRY
6836 ,33640470,MONROE,Rochester,,,Y,43.127944,-77.6123721,10/27/2010,3:50 PM,PROPERTY DAMAGE AND INJURY,2.,0 ,2 ,COLLISION WITH MOTOR VEHICLE,REAR END,UNKNOWN,DAYLIGHT,CLEAR,DRY
6836 ,33640602,MONROE,Brighton,,,Y,43.126285,-77.569597,11/04/2010,2:31 PM,PROPERTY DAMAGE AND INJURY,1.,0 ,2 ,COLLISION WITH MOTOR VEHICLE,REAR END,NONE,DAYLIGHT,CLOUDY,WET
6836 ,33640854,MONROE,Perinton,,,N,43.1007149,-77.459096,11/03/2010,8:55 AM,PROPERTY DAMAGE AND INJURY,1.,0 ,2 ,COLLISION WITH MOTOR VEHICLE,REAR END,NO PASSING ZONE,DAYLIGHT,CLEAR,DRY
6836 ,33640857,MONROE,Sweden,,390I43031054,N,43.1983099,-77.9320831,11/05/2010,10:38 PM,PROPERTY DAMAGE AND INJURY,1.,0 ,2 ,COLLISION WITH MOTOR VEHICLE,LEFT TURN (WITH OTHER CAR),NONE,DARK-ROAD LIGHTED,RAIN,WET
6836 ,33640866,MONROE,Rochester,,,N,43.204214,-77.5619091,11/03/2010,9:28 AM,PROPERTY DAMAGE AND INJURY,1.,0 ,3 ,COLLISION WITH MOTOR VEHICLE,OTHER,NO PASSING ZONE,DAYLIGHT,CLEAR,DRY
6836 ,33640876,MONROE,Henrietta,,253 43011064,N,43.0587981,-77.6442747,10/26/2010,7:53 AM,PROPERTY DAMAGE AND INJURY,1.,0 ,3 ,COLLISION WITH MOTOR VEHICLE,OTHER,TRAFFIC SIGNAL,DAYLIGHT,CLEAR,WET
6836 ,33640879,MONROE,Webster,,,N,43.2120031,-77.4321848,11/04/2010,3:05 PM,PROPERTY DAMAGE AND INJURY,1.,0 ,2 ,COLLISION WITH MOTOR VEHICLE,REAR END,NONE,DAYLIGHT,CLOUDY,WET
6836 ,33640888,MONROE,Irondequoit,,,Y,43.210972,-77.5880091,10/29/2010,4:05 PM,PROPERTY DAMAGE AND INJURY,1.,0 ,2 ,COLLISION WITH MOTOR VEHICLE,REAR END,NONE,DAYLIGHT,CLOUDY,WET
6836 ,33640899,MONROE,Irondequoit,,,N,43.196444,-77.5767859,10/27/2010,7:59 PM,PROPERTY DAMAGE AND INJURY,1.,0 ,2 ,COLLISION WITH MOTOR VEHICLE,RIGHT ANGLE,TRAFFIC SIGNAL,DARK-ROAD LIGHTED,CLOUDY,DRY
6836 ,33640902,MONROE,Webster,,,N,43.2093331,-77.4259199,11/04/2010,8:15 PM,INJURY,1.,0 ,2 ,COLLISION WITH MOTOR VEHICLE,HEAD ON,NONE,DARK-ROAD LIGHTED,RAIN,WET
6836 ,33640904,MONROE,Brighton,,15A43041128,Y,43.1073165,-77.6158875,11/08/2010,1:50 PM,PROPERTY DAMAGE AND INJURY,2.,0 ,2 ,COLLISION WITH MOTOR VEHICLE,LEFT TURN (AGAINST OTHER CAR),TRAFFIC SIGNAL,DAYLIGHT,CLOUDY,DRY
6836 ,33640912,MONROE,Brighton,,15A43041127,N,43.1069856,-77.6157958,11/08/2010,11:40 AM,PROPERTY DAMAGE AND INJURY,3.,0 ,2 ,COLLISION WITH MOTOR VEHICLE,RIGHT ANGLE,TRAFFIC SIGNAL,DAYLIGHT,CLOUDY,DRY
6836 ,33641464,MONROE,Webster,,104 43035293,N,43.2214151,-77.3938105,11/08/2010,3:07 PM,INJURY,1.,0 ,2 ,COLLISION WITH MOTOR VEHICLE,REAR END,NONE,DAYLIGHT,CLEAR,DRY
6836 ,33641640,MONROE,Henrietta,,,Y,43.068056,-77.64223,11/07/2010,3:49 PM,INJURY,1.,0 ,2 ,COLLISION WITH MOTOR VEHICLE,LEFT TURN (WITH OTHER CAR),NONE,DAYLIGHT,CLOUDY,DRY
6836 ,33641652,MONROE,Henrietta,,15 43031109,N,43.0872805,-77.6367295,11/07/2010,3:00 PM,INJURY,1.,0 ,2 ,COLLISION WITH MOTOR VEHICLE,REAR END,TRAFFIC SIGNAL,DAYLIGHT,CLOUDY,DRY
6836 ,33641654,MONROE,Gates,,204 43011003,N,43.1336141,-77.7185542,10/31/2010,4:43 AM,PROPERTY DAMAGE AND INJURY,3.,0 ,1 ,COLLISION WITH GUIDE RAIL,OTHER,OTHER,DARK-ROAD LIGHTED,CLOUDY,DRY
6836 ,33641665,MONROE,Brighton,,15A43041127,Y,43.102787,-77.615259,11/09/2010,9:57 AM,PROPERTY DAMAGE AND INJURY,2.,0 ,2 ,COLLISION WITH MOTOR VEHICLE,REAR END,TRAFFIC SIGNAL,DAYLIGHT,CLOUDY,DRY
6836 ,33641666,MONROE,Webster,,,N,43.2064236,-77.4698811,11/08/2010,4:23 PM,INJURY,1.,0 ,2 ,COLLISION WITH MOTOR VEHICLE,REAR END,TRAFFIC SIGNAL,DAYLIGHT,CLEAR,DRY
6836 ,33641751,MONROE,Perinton,,250 43011031,N,43.0794805,-77.4421,11/05/2010,2:27 PM,PROPERTY DAMAGE AND INJURY,1.,0 ,2 ,COLLISION WITH MOTOR VEHICLE,LEFT TURN (WITH OTHER CAR),TRAFFIC SIGNAL,DAYLIGHT,RAIN,WET
6836 ,33641761,MONROE,Parma,,259 43011106,Y,43.244068,-77.791525,11/05/2010,11:49 AM,PROPERTY DAMAGE AND INJURY,3.,0 ,2 ,COLLISION WITH MOTOR VEHICLE,RIGHT ANGLE,FLASHING LIGHT,DAYLIGHT,RAIN,WET
6836 ,33641770,MONROE,Henrietta,,390I43033073,N,43.0529258,-77.649068,11/02/2010,3:05 PM,PROPERTY DAMAGE AND INJURY,1.,0 ,1 ,COLLISION WITH GUIDE RAIL,OTHER,NONE,DAYLIGHT,CLOUDY,DRY
6836 ,33641773,MONROE,Gates,,390 43011004,N,43.156437,-77.678924,11/05/2010,6:47 PM,PROPERTY DAMAGE AND INJURY,3.,0 ,2 ,COLLISION WITH GUIDE RAIL,RIGHT ANGLE,NONE,DARK-ROAD LIGHTED,RAIN,WET
6836 ,33641779,MONROE,Henrietta,,15 43031110,N,43.088801,-77.6358891,11/04/2010,2:21 PM,PROPERTY DAMAGE AND INJURY,1.,0 ,2 ,COLLISION WITH MOTOR VEHICLE,LEFT TURN (AGAINST OTHER CAR),NONE,DAYLIGHT,CLOUDY,WET
6836 ,33641780,MONROE,Henrietta,,,N,43.0585271,-77.6666452,11/05/2010,3:20 PM,INJURY,1.,0 ,2 ,COLLISION WITH MOTOR VEHICLE,REAR END,RR CROSSING SIGN,DAYLIGHT,RAIN,WET
6836 ,33641788,MONROE,Perinton,,250 43011029,N,43.0769117,-77.4404112,11/04/2010,5:58 PM,PROPERTY DAMAGE AND INJURY,1.,0 ,2 ,COLLISION WITH MOTOR VEHICLE,LEFT TURN (AGAINST OTHER CAR),TRAFFIC SIGNAL,DARK-ROAD LIGHTED,RAIN,WET
6836 ,33641790,MONROE,Pittsford,,31 43033052,N,43.0859536,-77.5014422,11/05/2010,3:10 PM,PROPERTY DAMAGE AND INJURY,1.,0 ,3 ,COLLISION WITH MOTOR VEHICLE,OTHER,NONE,DAYLIGHT,RAIN,WET
6836 ,33641794,MONROE,Pittsford,,31 43033032,N,43.1004871,-77.5354741,11/04/2010,1:03 PM,INJURY,2.,0 ,2 ,COLLISION WITH MOTOR VEHICLE,RIGHT TURN (WITH OTHER CAR),TRAFFIC SIGNAL,DAYLIGHT,CLOUDY,DRY
6836 ,33641797,MONROE,Rush,,,N,43.004882,-77.6563619,11/06/2010,12:43 AM,PROPERTY DAMAGE AND INJURY,1.,0 ,1 ,COLL. W/LIGHT SUPPORT/UTILITY POLE,OTHER,NONE,DARK-ROAD UNLIGHTED,SLEET/HAIL/FREEZING RAIN,WET
6836 ,33641809,MONROE,Brighton,,,Y,43.12549,-77.596504,11/05/2010,2:59 PM,PROPERTY DAMAGE AND INJURY,5.,0 ,2 ,COLLISION WITH MOTOR VEHICLE,RIGHT ANGLE,STOP SIGN,DAYLIGHT,RAIN,WET
6836 ,33641969,MONROE,Rochester,,,Y,43.191809,-77.624647,11/07/2010,12:51 PM,INJURY,1.,0 ,1 ,COLLISION WITH TREE,OTHER,NONE,DAYLIGHT,CLOUDY,DRY
6836 ,33642807,MONROE,Greece,,,N,43.2066035,-77.6760554,11/08/2010,5:58 PM,PROPERTY DAMAGE AND INJURY,1.,0 ,2 ,COLLISION WITH MOTOR VEHICLE,REAR END,NONE,DARK-ROAD LIGHTED,CLEAR,DRY
6836 ,33642889,MONROE,Rochester,,,Y,43.159229,-77.616514,11/09/2010,4:50 PM,PROPERTY DAMAGE AND INJURY,1.,0 ,2 ,COLLISION WITH MOTOR VEHICLE,REAR END,TRAFFIC SIGNAL,DUSK,CLEAR,DRY
6836 ,33643153,MONROE,Webster,,104 43035222,N,43.2120384,-77.5325365,11/07/2010,6:10 AM,PROPERTY DAMAGE AND INJURY,1.,0 ,1 ,COLLISION WITH OTHER BARRIER,OTHER,NONE,DAWN,CLOUDY,WET
6836 ,33643167,MONROE,Rochester,,490I43022055,N,43.1432376,-77.5740715,11/10/2010,5:27 PM,INJURY,1.,0 ,3 ,COLLISION WITH MOTOR VEHICLE,OTHER,NONE,DARK-ROAD LIGHTED,CLEAR,DRY
6836 ,33643306,MONROE,Rush,,390I43031058,N,43.016066,-77.6605419,11/06/2010,8:43 PM,PROPERTY DAMAGE AND INJURY,1.,0 ,1 ,COLLISION WITH DEER,OTHER,NONE,DARK-ROAD UNLIGHTED,CLOUDY,DRY
6836 ,33643311,MONROE,Henrietta,,15A43041041,N,43.0689479,-77.607669,11/04/2010,7:00 PM,PROPERTY DAMAGE AND INJURY,1.,0 ,2 ,COLLISION WITH MOTOR VEHICLE,RIGHT ANGLE,TRAFFIC SIGNAL,DARK-ROAD LIGHTED,RAIN,WET
6836 ,33643312,MONROE,Brighton,,,N,43.108007,-77.615937,11/09/2010,5:00 PM,PROPERTY DAMAGE AND INJURY,2.,0 ,2 ,COLLISION WITH MOTOR VEHICLE,REAR END,YIELD SIGN,DARK-ROAD LIGHTED,CLEAR,DRY
6836 ,33643313,MONROE,Ogden,,31 43031143,N,43.1806728,-77.7615651,11/10/2010,3:01 PM,PROPERTY DAMAGE AND INJURY,1.,0 ,2 ,COLLISION WITH MOTOR VEHICLE,REAR END,NO PASSING ZONE,DAYLIGHT,CLEAR,DRY
6836 ,33643315,MONROE,Rush,,15A43041056,N,43.0102213,-77.6400601,11/05/2010,7:44 AM,PROPERTY DAMAGE AND INJURY,1.,0 ,2 ,COLLISION WITH MOTOR VEHICLE,RIGHT ANGLE,TRAFFIC SIGNAL,DARK-ROAD LIGHTED,RAIN,WET
6836 ,33643322,MONROE,Brighton,,,N,43.1153115,-77.5973631,11/10/2010,2:37 PM,INJURY,1.,0 ,1 ,COLLISION WITH PEDESTRIAN,OTHER,NONE,DAYLIGHT,CLEAR,DRY
6836 ,33643330,MONROE,Gates,,390 43011002,N,43.1647,-77.683045,11/06/2010,11:25 AM,PROPERTY DAMAGE AND INJURY,1.,0 ,1 ,COLLISION WITH GUIDE RAIL,OTHER,NONE,DAYLIGHT,RAIN,WET
6836 ,33643333,MONROE,Mendon,,15A43041003,N,42.9481803,-77.6139347,11/09/2010,3:12 PM,PROPERTY DAMAGE AND INJURY,1.,0 ,2 ,COLLISION WITH MOTOR VEHICLE,HEAD ON,TRAFFIC SIGNAL,DAYLIGHT,CLOUDY,DRY
6836 ,33643335,MONROE,Webster,,,Y,43.212215,-77.430317,11/05/2010,6:40 PM,PROPERTY DAMAGE AND INJURY,1.,0 ,2 ,COLLISION WITH MOTOR VEHICLE,REAR END,TRAFFIC SIGNAL,DARK-ROAD LIGHTED,RAIN,WET
6836 ,33643447,MONROE,Rochester,,,Y,43.164648,-77.654143,10/08/2010,2:15 PM,PROPERTY DAMAGE AND INJURY,1.,0 ,2 ,COLLISION WITH MOTOR VEHICLE,REAR END,UNKNOWN,UNKNOWN,UNKNOWN,UNKNOWN
6836 ,33643474,MONROE,Rochester,,,N,43.162401,-77.602368,10/14/2010,9:32 AM,PROPERTY DAMAGE AND INJURY,1.,0 ,2 ,COLLISION WITH MOTOR VEHICLE,LEFT TURN (WITH OTHER CAR),STOP SIGN,DAYLIGHT,RAIN,WET
6836 ,33643639,MONROE,Rochester,,,Y,43.145301,-77.651002,09/20/2010,10:29 AM,INJURY,1.,0 ,1 ,COLLISION WITH PEDESTRIAN,OTHER,TRAFFIC SIGNAL,DAYLIGHT,CLEAR,DRY
6836 ,33643786,MONROE,Webster,,104 43035243,N,43.2143514,-77.4906017,10/28/2010,9:30 PM,PROPERTY DAMAGE AND INJURY,1.,0 ,2 ,COLLISION WITH MOTOR VEHICLE,REAR END,NONE,DARK-ROAD UNLIGHTED,CLEAR,DRY
6836 ,33644035,MONROE,Webster,,104 43035227,N,43.2139238,-77.5220166,11/04/2010,8:35 PM,PROPERTY DAMAGE AND INJURY,4.,0 ,3 ,COLLISION WITH MOTOR VEHICLE,OTHER,NONE,DARK-ROAD LIGHTED,RAIN,WET
6836 ,33644404,MONROE,Brighton,,,Y,43.111727,-77.623926,11/05/2010,3:05 PM,INJURY,1.,0 ,2 ,COLLISION WITH MOTOR VEHICLE,REAR END,TRAFFIC SIGNAL,DAYLIGHT,CLOUDY,WET
6836 ,33644634,MONROE,Perinton,,31 43033108,N,43.0644803,-77.3974526,10/13/2010,3:00 PM,PROPERTY DAMAGE AND INJURY,2.,0 ,2 ,COLLISION WITH MOTOR VEHICLE,REAR END,TRAFFIC SIGNAL,DAYLIGHT,CLEAR,DRY
6836 ,33644662,MONROE,Chili,,383 43011122,N,43.0864008,-77.6861976,11/08/2010,3:04 PM,PROPERTY DAMAGE AND INJURY,3.,0 ,3 ,COLLISION WITH MOTOR VEHICLE,OTHER,NONE,DAYLIGHT,CLEAR,DRY
6836 ,33644664,MONROE,Gates,,,Y,43.1354207,-77.6801351,11/11/2010,12:28 PM,INJURY,1.,0 ,2 ,COLLISION WITH MOTOR VEHICLE,REAR END,NONE,DAYLIGHT,CLEAR,DRY
6836 ,33644676,MONROE,Perinton,,96 43051007,N,43.0395856,-77.4581193,11/10/2010,1:34 PM,PROPERTY DAMAGE AND INJURY,1.,0 ,2 ,COLLISION WITH MOTOR VEHICLE,OVERTAKING,TRAFFIC SIGNAL,DAYLIGHT,CLEAR,DRY
6836 ,33644769,MONROE,Chili,,390I43033000,N,43.1215957,-77.6459936,11/10/2010,6:30 PM,PROPERTY DAMAGE AND INJURY,2.,0 ,2 ,COLLISION WITH MOTOR VEHICLE,REAR END,NONE,DARK-ROAD LIGHTED,CLEAR,DRY
6836 ,33644920,MONROE,Penfield,,,N,43.1740562,-77.3966847,11/08/2010,8:51 PM,PROPERTY DAMAGE AND INJURY,1.,0 ,1 ,COLL. W/EARTH ELE./ROCK CUT/DITCH,OTHER,NO PASSING ZONE,DARK-ROAD UNLIGHTED,CLEAR,DRY
6836 ,33644943,MONROE,Perinton,,31F43011073,N,43.094108,-77.392565,10/30/2010,9:01 AM,PROPERTY DAMAGE AND INJURY,1.,0 ,2 ,COLLISION WITH MOTOR VEHICLE,RIGHT ANGLE,NONE,DAYLIGHT,CLEAR,DRY
6836 ,33644946,MONROE,Scottsville,,,N,43.0148994,-77.7651275,11/10/2010,4:52 PM,PROPERTY DAMAGE AND INJURY,1.,0 ,2 ,COLLISION WITH MOTOR VEHICLE,LEFT TURN (AGAINST OTHER CAR),NONE,DAYLIGHT,CLOUDY,DRY
6836 ,33644965,MONROE,Chili,,259 43011123,N,43.0675599,-77.7959644,11/01/2010,7:14 PM,PROPERTY DAMAGE AND INJURY,1.,0 ,1 ,COLLISION WITH TREE,OTHER,NONE,DARK-ROAD UNLIGHTED,CLEAR,DRY
6836 ,33645018,MONROE,Gates,,33A43021148,N,43.1372329,-77.6747842,11/10/2010,2:10 PM,PROPERTY DAMAGE AND INJURY,1.,0 ,1 ,COLLISION WITH CURBING,OTHER,NONE,DAYLIGHT,CLEAR,DRY
6836 ,33645082,MONROE,Brighton,,,N,43.1577329,-77.5340621,11/10/2010,9:50 PM,PROPERTY DAMAGE AND INJURY,1.,0 ,1 ,COLLISION WITH MEDIAN/BARRIER,OTHER,NONE,DARK-ROAD UNLIGHTED,CLEAR,DRY
6836 ,33645262,MONROE,Brighton,,,Y,43.126239,-77.57114,11/11/2010,9:32 AM,PROPERTY DAMAGE AND INJURY,1.,0 ,2 ,COLLISION WITH MOTOR VEHICLE,LEFT TURN (WITH OTHER CAR),NONE,DAYLIGHT,CLEAR,DRY
6836 ,33645504,MONROE,Rochester,,,Y,43.126329,-77.646357,11/10/2010,3:57 PM,PROPERTY DAMAGE AND INJURY,1.,0 ,2 ,COLLISION WITH MOTOR VEHICLE,RIGHT ANGLE,STOP SIGN,DUSK,CLEAR,DRY
6836 ,33646456,MONROE,Rochester,,,N,43.1613085,-77.5876959,10/24/2010,6:03 PM,INJURY,1.,0 ,1 ,COLLISION WITH BICYCLIST,OTHER,NONE,DAYLIGHT,CLEAR,DRY
6836 ,33646457,MONROE,Rochester,,,N,43.1935368,-77.6124084,10/22/2010,2:44 PM,INJURY,1.,0 ,1 ,COLLISION WITH PEDESTRIAN,OTHER,NONE,DAYLIGHT,CLOUDY,DRY
6836 ,33646458,MONROE,Rochester,,,N,43.145566,-77.5552548,10/24/2010,2:15 PM,PROPERTY DAMAGE AND INJURY,2.,0 ,2 ,COLLISION WITH MOTOR VEHICLE,REAR END,TRAFFIC SIGNAL,DAYLIGHT,CLOUDY,DRY
6836 ,33646461,MONROE,Rochester,,,N,43.164633,-77.6466333,10/25/2010,2:15 PM,PROPERTY DAMAGE AND INJURY,1.,0 ,2 ,COLLISION WITH MOTOR VEHICLE,RIGHT ANGLE,TRAFFIC SIGNAL,DAYLIGHT,RAIN,WET
6836 ,33646462,MONROE,Rochester,,,N,43.2316133,-77.6257785,10/25/2010,3:12 PM,INJURY,1.,0 ,2 ,COLLISION WITH MOTOR VEHICLE,RIGHT TURN (AGAINST OTHER CAR),NONE,DAYLIGHT,RAIN,WET
6836 ,33646467,MONROE,Rochester,,,N,43.137573,-77.6363765,10/16/2010,1:12 AM,PROPERTY DAMAGE AND INJURY,1.,0 ,1 ,COLLISION WITH FIRE HYDRANT,OTHER,NONE,DARK-ROAD LIGHTED,CLOUDY,DRY
6836 ,33646966,MONROE,Greece,,,Y,43.231113,-77.677857,10/13/2010,4:35 PM,PROPERTY DAMAGE AND INJURY,1.,0 ,2 ,COLLISION WITH MOTOR VEHICLE,REAR END,TRAFFIC SIGNAL,DAYLIGHT,CLEAR,DRY
6836 ,33647186,MONROE,Greece,,,Y,43.2389,-77.726393,09/18/2010,3:30 AM,INJURY,1.,0 ,1 ,OTHER NON-COLLISION,OTHER,NONE,DARK-ROAD LIGHTED,CLEAR,DRY
6836 ,33647528,MONROE,Rochester,,,Y,43.144256,-77.589697,10/26/2010,12:35 AM,PROPERTY DAMAGE AND INJURY,2.,0 ,3 ,COLLISION WITH MOTOR VEHICLE,OTHER,STOP SIGN,DARK-ROAD LIGHTED,CLOUDY,WET
6836 ,33647565,MONROE,Rochester,,,Y,43.177967,-77.582119,10/18/2010,7:30 AM,INJURY,1.,0 ,1 ,COLLISION WITH PEDESTRIAN,OTHER,STOP SIGN,DAYLIGHT,CLEAR,DRY
6836 ,33647566,MONROE,Rochester,,,N,43.2038019,-77.6567847,10/16/2010,4:00 PM,PROPERTY DAMAGE AND INJURY,3.,0 ,3 ,COLLISION WITH MOTOR VEHICLE,OTHER,TRAFFIC SIGNAL,DAYLIGHT,CLEAR,DRY
6836 ,33647569,MONROE,Rochester,,,Y,43.127264,-77.616137,10/11/2010,9:40 PM,PROPERTY DAMAGE AND INJURY,1.,0 ,2 ,COLLISION WITH MOTOR VEHICLE,REAR END,NONE,DARK-ROAD LIGHTED,CLOUDY,DRY
6836 ,33647596,MONROE,Rochester,,,N,43.1521708,-77.5959029,10/16/2010,5:00 PM,PROPERTY DAMAGE AND INJURY,1.,0 ,3 ,COLLISION WITH MOTOR VEHICLE,OTHER,NONE,DAYLIGHT,CLEAR,DRY
6836 ,33647954,MONROE,Rochester,,,Y,43.1569181,-77.6136331,11/13/2010,6:35 PM,PROPERTY DAMAGE AND INJURY,3.,0 ,2 ,COLLISION WITH MOTOR VEHICLE,RIGHT ANGLE,NONE,DARK-ROAD LIGHTED,CLEAR,DRY
6836 ,33648313,MONROE,Henrietta,,252 43011077,N,43.0871019,-77.6180715,11/12/2010,7:15 PM,PROPERTY DAMAGE AND INJURY,1.,0 ,3 ,COLLISION WITH MOTOR VEHICLE,OTHER,TRAFFIC SIGNAL,DARK-ROAD LIGHTED,CLEAR,DRY
6836 ,33648314,MONROE,Webster,,,N,43.215414,-77.446588,11/10/2010,5:17 PM,INJURY,1.,0 ,2 ,COLLISION WITH MOTOR VEHICLE,REAR END,TRAFFIC SIGNAL,DARK-ROAD LIGHTED,CLEAR,DRY
6836 ,33648316,MONROE,Penfield,,286 43011024,Y,43.153665,-77.494549,11/05/2010,10:01 PM,INJURY,1.,0 ,2 ,COLLISION WITH MOTOR VEHICLE,REAR END,TRAFFIC SIGNAL,DARK-ROAD LIGHTED,RAIN,WET
6836 ,33648318,MONROE,Henrietta,,,N,43.0802059,-77.6064205,11/09/2010,11:31 AM,PROPERTY DAMAGE AND INJURY,1.,0 ,2 ,COLLISION WITH MOTOR VEHICLE,LEFT TURN (AGAINST OTHER CAR),NONE,DAYLIGHT,CLOUDY,DRY
6836 ,33648320,MONROE,Irondequoit,,,N,43.1870285,-77.5532258,10/29/2010,3:09 PM,PROPERTY DAMAGE AND INJURY,1.,0 ,2 ,COLLISION WITH MOTOR VEHICLE,REAR END,NO PASSING ZONE,DAYLIGHT,RAIN,WET
6836 ,33648333,MONROE,Gates,,,N,43.1498339,-77.6982315,11/14/2010,1:39 PM,PROPERTY DAMAGE AND INJURY,2.,0 ,1 ,COLL. W/LIGHT SUPPORT/UTILITY POLE,OTHER,NONE,DAYLIGHT,RAIN,WET
6836 ,33648335,MONROE,Perinton,,31 43033085,N,43.0692853,-77.4423641,11/01/2010,9:40 PM,PROPERTY DAMAGE AND INJURY,4.,0 ,2 ,COLLISION WITH MOTOR VEHICLE,RIGHT ANGLE,TRAFFIC SIGNAL,DARK-ROAD LIGHTED,CLOUDY,DRY
6836 ,33648340,MONROE,Irondequoit,,,Y,43.204477,-77.55144,11/13/2010,2:15 PM,PROPERTY DAMAGE AND INJURY,1.,0 ,2 ,COLLISION WITH MOTOR VEHICLE,RIGHT ANGLE,NONE,DAYLIGHT,CLEAR,DRY
6836 ,33648346,MONROE,Henrietta,,,N,43.0828002,-77.5819106,11/13/2010,1:36 PM,PROPERTY DAMAGE AND INJURY,1.,0 ,2 ,COLLISION WITH MOTOR VEHICLE,REAR END,NONE,DAYLIGHT,CLEAR,DRY
6836 ,33648352,MONROE,Henrietta,,252 43011060,Y,43.092837,-77.6535161,11/12/2010,9:11 PM,PROPERTY DAMAGE AND INJURY,2.,0 ,3 ,COLLISION WITH MOTOR VEHICLE,OTHER,TRAFFIC SIGNAL,DARK-ROAD LIGHTED,CLEAR,DRY
6836 ,33648360,MONROE,Gates,,,N,43.1698095,-77.7028344,11/13/2010,5:22 PM,PROPERTY DAMAGE AND INJURY,1.,0 ,2 ,COLLISION WITH MOTOR VEHICLE,LEFT TURN (AGAINST OTHER CAR),NONE,DARK-ROAD LIGHTED,CLOUDY,DRY
6836 ,33649088,MONROE,Rochester,,,Y,43.15843,-77.615431,10/30/2010,11:53 PM,FATAL,0.,1 ,2 ,COLLISION WITH MOTOR VEHICLE,LEFT TURN (AGAINST OTHER CAR),TRAFFIC SIGNAL,DARK-ROAD LIGHTED,CLOUDY,DRY
6836 ,33649209,MONROE,Webster,,104 43035233,N,43.213966,-77.5104526,11/11/2010,10:28 AM,PROPERTY DAMAGE AND INJURY,1.,0 ,2 ,COLLISION WITH MOTOR VEHICLE,REAR END,HIGHWAY WORK AREA,DAYLIGHT,CLEAR,DRY