QUERYID,CASE #,REGN_CNTY_CDE,Municipality,MUNITYPE,REF_MRKR,ATINTERSECTION_IND,Lat,Long,,Time,Crash Type,Injuries,Fatalities,Number of Vehicles,ACCD_TYP,COLLISION_TYP,TRAF_CNTL,Light Condition,Weather Condition,Road Surface Condition
6836 ,33649305,MONROE,Greece,,18 43032000,Y,43.218046,-77.641283,11/10/2010,8:11 PM,PROPERTY DAMAGE AND INJURY,2.,0 ,2 ,COLLISION WITH MOTOR VEHICLE,RIGHT ANGLE,STOP SIGN,DARK-ROAD LIGHTED,CLEAR,DRY
6836 ,33649344,MONROE,Rochester,,,Y,43.20573,-77.638666,11/14/2010,10:57 AM,PROPERTY DAMAGE AND INJURY,1.,0 ,2 ,COLLISION WITH MOTOR VEHICLE,OVERTAKING,NONE,DAYLIGHT,CLOUDY,DRY
6836 ,33649826,MONROE,Parma,,,N,43.2111771,-77.792941,11/14/2010,9:16 AM,PROPERTY DAMAGE AND INJURY,3.,0 ,3 ,COLLISION WITH MOTOR VEHICLE,OTHER,NONE,DAYLIGHT,CLOUDY,DRY
6836 ,33650219,MONROE,Brighton,,,Y,43.125757,-77.587453,11/16/2010,3:44 PM,INJURY,1.,0 ,2 ,COLLISION WITH MOTOR VEHICLE,REAR END,NONE,DAYLIGHT,RAIN,WET
6836 ,33650221,MONROE,Chili,,383 43011151,N,43.1188822,-77.6556928,11/09/2010,3:47 PM,PROPERTY DAMAGE AND INJURY,2.,0 ,2 ,COLLISION WITH MOTOR VEHICLE,REAR END,NONE,DAYLIGHT,CLOUDY,DRY
6836 ,33650316,MONROE,Greece,,,N,43.2237769,-77.6370678,11/10/2010,2:30 PM,INJURY,1.,0 ,1 ,COLLISION WITH PEDESTRIAN,OTHER,NONE,DAYLIGHT,CLEAR,DRY
6836 ,33650520,MONROE,Brighton,,,N,43.118234,-77.595962,11/16/2010,8:41 AM,PROPERTY DAMAGE AND INJURY,1.,0 ,2 ,COLLISION WITH MOTOR VEHICLE,REAR END,NONE,DAYLIGHT,CLEAR,DRY
6836 ,33650800,MONROE,Greece,,,N,43.2073337,-77.6797161,10/06/2010,4:20 PM,PROPERTY DAMAGE AND INJURY,1.,0 ,3 ,COLLISION WITH MOTOR VEHICLE,OTHER,NONE,DAYLIGHT,CLEAR,DRY
6836 ,33651358,MONROE,Fairport,,,Y,43.103516,-77.44189,11/16/2010,11:50 AM,PROPERTY DAMAGE AND INJURY,1.,0 ,1 ,COLLISION WITH FIRE HYDRANT,OTHER,NO PASSING ZONE,DARK-ROAD LIGHTED,CLOUDY,WET
6836 ,33651413,MONROE,Henrietta,,15 43031078,N,43.0457187,-77.6590506,11/17/2010,2:42 PM,PROPERTY DAMAGE AND INJURY,1.,0 ,2 ,COLLISION WITH MOTOR VEHICLE,RIGHT ANGLE,TRAFFIC SIGNAL,DAYLIGHT,RAIN,WET
6836 ,33651609,MONROE,Pittsford,,490I43023022,N,43.1210857,-77.5187757,11/09/2010,6:26 PM,PROPERTY DAMAGE AND INJURY,1.,0 ,1 ,COLLISION WITH GUIDE RAIL,OTHER,NONE,DARK-ROAD LIGHTED,CLOUDY,DRY
6836 ,33651737,MONROE,Irondequoit,,,Y,43.199611,-77.60035,11/05/2010,5:33 PM,PROPERTY DAMAGE AND INJURY,1.,0 ,3 ,COLLISION WITH MOTOR VEHICLE,OTHER,TRAFFIC SIGNAL,DUSK,RAIN,WET
6836 ,33651773,MONROE,Pittsford,,96 43051063,N,43.0975074,-77.5141348,11/11/2010,3:43 PM,INJURY,1.,0 ,2 ,COLLISION WITH MOTOR VEHICLE,REAR END,TRAFFIC SIGNAL,DAYLIGHT,CLEAR,DRY
6836 ,33651806,MONROE,Rochester,,,Y,43.154997,-77.615634,11/16/2010,4:02 PM,INJURY,1.,0 ,1 ,COLLISION WITH PEDESTRIAN,OTHER,TRAFFIC SIGNAL,DAYLIGHT,RAIN,WET
6836 ,33651861,MONROE,Gates,,,N,43.1446845,-77.691019,11/14/2010,3:12 PM,INJURY,1.,0 ,3 ,COLLISION WITH MOTOR VEHICLE,OTHER,TRAFFIC SIGNAL,DAYLIGHT,CLOUDY,WET
6836 ,33651884,MONROE,Penfield,,,N,43.1809804,-77.474776,11/16/2010,12:50 PM,PROPERTY DAMAGE AND INJURY,1.,0 ,2 ,COLLISION WITH MOTOR VEHICLE,LEFT TURN (AGAINST OTHER CAR),NONE,DAYLIGHT,CLOUDY,DRY
6836 ,33651981,MONROE,Penfield,,,N,43.1353716,-77.5088015,11/16/2010,2:23 PM,PROPERTY DAMAGE AND INJURY,1.,0 ,1 ,COLLISION WITH CURBING,OTHER,NONE,DAYLIGHT,CLOUDY,DRY
6836 ,33652171,MONROE,Rochester,,,N,43.1714857,-77.6279394,11/10/2010,9:36 PM,PROPERTY DAMAGE AND INJURY,2.,0 ,2 ,COLLISION WITH MOTOR VEHICLE,HEAD ON,TRAFFIC SIGNAL,DARK-ROAD LIGHTED,CLEAR,DRY
6836 ,33652185,MONROE,Penfield,,,Y,43.186295,-77.505807,11/12/2010,5:53 PM,PROPERTY DAMAGE AND INJURY,1.,0 ,3 ,COLLISION WITH MOTOR VEHICLE,OTHER,NONE,DARK-ROAD LIGHTED,CLEAR,DRY
6836 ,33652248,MONROE,Rochester,,,Y,43.1279298,-77.6269692,10/29/2010,10:05 PM,INJURY,1.,0 ,1 ,OTHER NON-COLLISION,OTHER,UNKNOWN,DARK-ROAD LIGHTED,CLEAR,DRY
6836 ,33652825,MONROE,Pittsford,,31F43011014,N,43.1063791,-77.4937905,11/10/2010,5:46 PM,PROPERTY DAMAGE AND INJURY,1.,0 ,3 ,COLLISION WITH MOTOR VEHICLE,OTHER,NONE,DAYLIGHT,CLEAR,DRY
6836 ,33652832,MONROE,Brighton,,,N,43.1360475,-77.5215014,11/12/2010,2:57 PM,INJURY,1.,0 ,1 ,COLLISION WITH PEDESTRIAN,OTHER,NONE,DAYLIGHT,CLEAR,DRY
6836 ,33652993,MONROE,Greece,,,N,43.2101611,-77.6996435,11/04/2010,5:33 PM,PROPERTY DAMAGE AND INJURY,1.,0 ,2 ,COLLISION WITH MOTOR VEHICLE,OVERTAKING,NONE,DUSK,RAIN,WET
6836 ,33653644,MONROE,Rochester,,,Y,43.186377,-77.617459,10/30/2010,4:00 PM,INJURY,1.,0 ,1 ,COLLISION WITH BICYCLIST,OTHER,STOP SIGN,DAYLIGHT,CLEAR,DRY
6836 ,33653645,MONROE,Rochester,,,Y,43.170717,-77.591422,10/30/2010,2:15 PM,INJURY,1.,0 ,2 ,COLLISION WITH MOTOR VEHICLE,RIGHT TURN (AGAINST OTHER CAR),STOP SIGN,DAYLIGHT,CLEAR,DRY
6836 ,33653854,MONROE,Rochester,,,N,43.159267,-77.611147,11/18/2010,5:59 PM,INJURY,2.,0 ,2 ,COLLISION WITH MOTOR VEHICLE,LEFT TURN (WITH OTHER CAR),NONE,DARK-ROAD LIGHTED,CLOUDY,DRY
6836 ,33653977,MONROE,Greece,,,N,43.2017899,-77.6983071,11/11/2010,11:45 AM,INJURY,1.,0 ,3 ,COLLISION WITH MOTOR VEHICLE,OTHER,TRAFFIC SIGNAL,DAYLIGHT,CLEAR,DRY
6836 ,33654013,MONROE,Sweden,,19 43041012,N,43.1996991,-77.9432666,11/15/2010,10:54 AM,INJURY,1.,0 ,2 ,COLLISION WITH MOTOR VEHICLE,RIGHT ANGLE,NONE,DAYLIGHT,CLEAR,DRY
6836 ,33654073,MONROE,Brighton,,,Y,43.126405,-77.565714,11/18/2010,8:58 PM,PROPERTY DAMAGE AND INJURY,2.,0 ,2 ,COLLISION WITH MOTOR VEHICLE,RIGHT ANGLE,TRAFFIC SIGNAL,DARK-ROAD LIGHTED,CLOUDY,WET
6836 ,33654157,MONROE,Hamlin,,18 43031087,N,43.285439,-77.8336982,11/15/2010,4:13 PM,PROPERTY DAMAGE AND INJURY,2.,0 ,3 ,COLLISION WITH MOTOR VEHICLE,OTHER,NONE,DAYLIGHT,CLEAR,DRY
6836 ,33654201,MONROE,Henrietta,,15 43031094,Y,43.067984,-77.647022,11/15/2010,3:18 PM,PROPERTY DAMAGE AND INJURY,1.,0 ,2 ,COLLISION WITH MOTOR VEHICLE,LEFT TURN (AGAINST OTHER CAR),TRAFFIC SIGNAL,DAYLIGHT,CLEAR,DRY
6836 ,33654211,MONROE,Ogden,,,N,43.1490756,-77.7803355,11/17/2010,9:01 AM,PROPERTY DAMAGE AND INJURY,1.,0 ,1 ,COLL. W/EARTH ELE./ROCK CUT/DITCH,OTHER,NONE,DAYLIGHT,CLOUDY,WET
6836 ,33654344,MONROE,Irondequoit,,,Y,43.177028,-77.5382749,11/18/2010,8:13 AM,PROPERTY DAMAGE AND INJURY,2.,0 ,3 ,COLLISION WITH MOTOR VEHICLE,OTHER,TRAFFIC SIGNAL,DAYLIGHT,RAIN,WET
6836 ,33654348,MONROE,Brighton,,,N,43.1218824,-77.5537483,11/10/2010,6:34 PM,PROPERTY DAMAGE AND INJURY,1.,0 ,2 ,COLLISION WITH MOTOR VEHICLE,REAR END,NONE,DARK-ROAD LIGHTED,CLEAR,DRY
6836 ,33654375,MONROE,Brighton,,31 43033030,N,43.1116009,-77.5485086,11/18/2010,6:05 PM,PROPERTY DAMAGE AND INJURY,4.,0 ,3 ,COLLISION WITH MOTOR VEHICLE,OTHER,NONE,DARK-ROAD LIGHTED,CLEAR,DRY
6836 ,33654655,MONROE,Chili,,390I43033002,N,43.1230684,-77.649354,11/19/2010,7:50 AM,PROPERTY DAMAGE AND INJURY,1.,0 ,2 ,COLLISION WITH MOTOR VEHICLE,REAR END,NONE,DAYLIGHT,CLOUDY,WET
6836 ,33655052,MONROE,Webster,,,Y,43.206502,-77.469621,11/18/2010,2:45 PM,PROPERTY DAMAGE AND INJURY,1.,0 ,2 ,COLLISION WITH MOTOR VEHICLE,REAR END,TRAFFIC SIGNAL,DAYLIGHT,CLOUDY,WET
6836 ,33655280,MONROE,Rochester,,940T43011005,N,43.1584498,-77.6160708,11/17/2010,5:50 PM,INJURY,1.,0 ,2 ,COLLISION WITH MOTOR VEHICLE,REAR END,NONE,DARK-ROAD LIGHTED,CLOUDY,WET
6836 ,33655327,MONROE,Rochester,,490I43022005,N,43.1576591,-77.6646103,11/17/2010,5:48 PM,PROPERTY DAMAGE AND INJURY,1.,0 ,3 ,COLLISION WITH MOTOR VEHICLE,OTHER,NONE,DARK-ROAD LIGHTED,CLOUDY,DRY
6836 ,33656114,MONROE,Rochester,,490I43022037,N,43.1495886,-77.6049613,11/15/2010,5:55 PM,PROPERTY DAMAGE AND INJURY,1.,0 ,3 ,COLLISION WITH MOTOR VEHICLE,OTHER,NONE,DARK-ROAD LIGHTED,CLEAR,DRY
6836 ,33656763,MONROE,Rochester,,,Y,43.15843,-77.615431,10/23/2010,12:18 AM,PROPERTY DAMAGE AND INJURY,1.,0 ,2 ,COLLISION WITH MOTOR VEHICLE,LEFT TURN (AGAINST OTHER CAR),TRAFFIC SIGNAL,DARK-ROAD LIGHTED,CLOUDY,DRY
6836 ,33657182,MONROE,Webster,,,Y,43.263527,-77.4342469,10/20/2010,12:00 AM,PROPERTY DAMAGE AND INJURY,1.,0 ,1 ,COLLISION WITH DEER,OTHER,NONE,DARK-ROAD UNLIGHTED,CLEAR,DRY
6836 ,33657909,MONROE,Gates,,33A43021132,N,43.1266128,-77.7013794,11/18/2010,3:45 PM,INJURY,2.,0 ,2 ,COLLISION WITH MOTOR VEHICLE,REAR END,NONE,DAYLIGHT,CLOUDY,WET
6836 ,33657913,MONROE,Perinton,,,N,43.0793386,-77.4136713,11/17/2010,1:50 PM,PROPERTY DAMAGE AND INJURY,1.,0 ,1 ,COLLISION WITH CURBING,OTHER,TRAFFIC SIGNAL,DAYLIGHT,CLOUDY,DRY
6836 ,33657960,MONROE,Brighton,,,N,43.108007,-77.615937,11/22/2010,12:32 PM,PROPERTY DAMAGE AND INJURY,1.,0 ,2 ,COLLISION WITH MOTOR VEHICLE,LEFT TURN (AGAINST OTHER CAR),TRAFFIC SIGNAL,DAYLIGHT,CLOUDY,WET
6836 ,33657989,MONROE,Rochester,,390I43034000,N,43.1253535,-77.6543589,11/17/2010,5:15 PM,PROPERTY DAMAGE AND INJURY,1.,0 ,3 ,COLLISION WITH MOTOR VEHICLE,OTHER,NONE,DARK-ROAD LIGHTED,CLOUDY,WET
6836 ,33657995,MONROE,Irondequoit,,,Y,43.195336,-77.576718,11/17/2010,2:40 PM,INJURY,1.,0 ,1 ,RAN OFF ROAD ONLY,OTHER,NONE,DAYLIGHT,CLOUDY,WET
6836 ,33658100,MONROE,Pittsford,,96 43051061,N,43.095262,-77.514036,11/05/2010,12:05 PM,PROPERTY DAMAGE AND INJURY,1.,0 ,3 ,COLLISION WITH MOTOR VEHICLE,OTHER,TRAFFIC SIGNAL,DAYLIGHT,RAIN,WET
6836 ,33658203,MONROE,Webster,,,N,43.2531135,-77.4367482,11/16/2010,7:58 AM,INJURY,1.,0 ,1 ,COLLISION WITH PEDESTRIAN,OTHER,NONE,DAYLIGHT,CLEAR,DRY
6836 ,33658372,MONROE,Henrietta,,,N,43.0732296,-77.6079115,11/21/2010,6:26 PM,INJURY,2.,0 ,1 ,COLL. W/LIGHT SUPPORT/UTILITY POLE,OTHER,NONE,DARK-ROAD UNLIGHTED,CLOUDY,DRY
6836 ,33658428,MONROE,Greece,,,N,43.207177,-77.6796313,11/18/2010,5:38 PM,PROPERTY DAMAGE AND INJURY,1.,0 ,2 ,COLLISION WITH MOTOR VEHICLE,REAR END,NONE,DARK-ROAD LIGHTED,CLOUDY,WET
6836 ,33658442,MONROE,Wheatland,,,N,43.0171812,-77.8405962,11/19/2010,2:53 PM,PROPERTY DAMAGE AND INJURY,2.,0 ,1 ,COLL. W/EARTH ELE./ROCK CUT/DITCH,OTHER,NONE,DAYLIGHT,CLOUDY,DRY
6836 ,33658470,MONROE,Gates,,,N,43.1663161,-77.6945732,11/21/2010,11:22 AM,INJURY,1.,0 ,1 ,COLLISION WITH PEDESTRIAN,OTHER,NONE,DAYLIGHT,CLEAR,DRY
6836 ,33658478,MONROE,Irondequoit,,47 43013022,N,43.2071738,-77.5488563,11/18/2010,5:30 PM,PROPERTY DAMAGE AND INJURY,2.,0 ,2 ,COLLISION WITH MOTOR VEHICLE,REAR END,NONE,DARK-ROAD LIGHTED,CLOUDY,DRY
6836 ,33658509,MONROE,Irondequoit,,,N,43.176832,-77.542741,11/18/2010,6:44 PM,PROPERTY DAMAGE AND INJURY,3.,0 ,3 ,COLLISION WITH MOTOR VEHICLE,OTHER,NONE,DARK-ROAD LIGHTED,CLEAR,DRY
6836 ,33658515,MONROE,Webster,,,N,43.2078952,-77.4645941,11/19/2010,7:50 PM,PROPERTY DAMAGE AND INJURY,1.,0 ,2 ,COLLISION WITH MOTOR VEHICLE,REAR END,NONE,DARK-ROAD UNLIGHTED,CLOUDY,DRY
6836 ,33658570,MONROE,Fairport,,31F43011036,N,43.0988775,-77.4516823,11/14/2010,9:20 AM,INJURY,1.,0 ,2 ,COLLISION WITH MOTOR VEHICLE,REAR END,TRAFFIC SIGNAL,DAYLIGHT,CLOUDY,DRY
6836 ,33658583,MONROE,Penfield,,404 43035057,N,43.1904835,-77.5035897,11/11/2010,2:18 PM,PROPERTY DAMAGE AND INJURY,1.,0 ,3 ,COLLISION WITH MOTOR VEHICLE,OTHER,TRAFFIC SIGNAL,DAYLIGHT,CLEAR,DRY
6836 ,33658601,MONROE,Rochester,,590I43012004,N,43.1430548,-77.5486728,11/17/2010,8:05 AM,PROPERTY DAMAGE AND INJURY,1.,0 ,2 ,COLLISION WITH MOTOR VEHICLE,UNKNOWN,NONE,DAYLIGHT,CLOUDY,WET
6836 ,33658641,MONROE,Chili,,252 43011012,N,43.0954856,-77.7440512,11/13/2010,8:00 AM,PROPERTY DAMAGE AND INJURY,1.,0 ,2 ,COLLISION WITH MOTOR VEHICLE,RIGHT ANGLE,TRAFFIC SIGNAL,DAYLIGHT,CLEAR,DRY
6836 ,33658656,MONROE,Chili,,33 43031068,Y,43.119857,-77.80532,11/18/2010,10:00 PM,PROPERTY DAMAGE AND INJURY,1.,0 ,2 ,COLLISION WITH MOTOR VEHICLE,RIGHT ANGLE,TRAFFIC SIGNAL,DARK-ROAD LIGHTED,RAIN,WET
6836 ,33658859,MONROE,Rochester,,,Y,43.164648,-77.654143,10/31/2010,2:40 AM,PROPERTY DAMAGE AND INJURY,1.,0 ,2 ,COLLISION WITH MOTOR VEHICLE,RIGHT ANGLE,TRAFFIC SIGNAL,DARK-ROAD LIGHTED,CLEAR,DRY
6836 ,33658865,MONROE,Rochester,,,N,43.1643838,-77.6595573,10/29/2010,4:20 PM,INJURY,1.,0 ,2 ,COLLISION WITH MOTOR VEHICLE,REAR END,TRAFFIC SIGNAL,DAYLIGHT,CLEAR,DRY
6836 ,33659119,MONROE,Rochester,,,N,43.1964896,-77.6317146,10/21/2010,5:38 PM,INJURY,1.,0 ,2 ,COLLISION WITH MOTOR VEHICLE,REAR END,NONE,DAYLIGHT,RAIN,WET
6836 ,33659122,MONROE,Rochester,,,Y,43.166465,-77.5923069,10/19/2010,7:49 PM,INJURY,2.,0 ,2 ,COLLISION WITH MOTOR VEHICLE,HEAD ON,NONE,DARK-ROAD LIGHTED,CLOUDY,DRY
6836 ,33659123,MONROE,Rochester,,,N,43.1538216,-77.5895949,10/22/2010,2:28 PM,INJURY,1.,0 ,2 ,COLLISION WITH MOTOR VEHICLE,REAR END,TRAFFIC SIGNAL,DAYLIGHT,CLEAR,DRY
6836 ,33659124,MONROE,Rochester,,,Y,43.186498,-77.6112251,10/23/2010,1:05 PM,INJURY,1.,0 ,1 ,COLLISION WITH BICYCLIST,OTHER,STOP SIGN,DAYLIGHT,CLEAR,DRY
6836 ,33659125,MONROE,Rochester,,,Y,43.181097,-77.626547,10/22/2010,5:08 PM,INJURY,2.,0 ,2 ,COLLISION WITH MOTOR VEHICLE,REAR END,TRAFFIC SIGNAL,DAYLIGHT,CLEAR,DRY
6836 ,33659126,MONROE,Rochester,,,N,43.1196273,-77.619939,11/01/2010,8:10 AM,PROPERTY DAMAGE AND INJURY,1.,0 ,2 ,COLLISION WITH MOTOR VEHICLE,REAR END,NONE,DAYLIGHT,CLEAR,DRY
6836 ,33659264,MONROE,Rochester,,,Y,43.158259,-77.592753,10/26/2010,8:02 AM,PROPERTY DAMAGE AND INJURY,2.,0 ,4 ,COLLISION WITH MOTOR VEHICLE,OTHER,TRAFFIC SIGNAL,DAYLIGHT,CLEAR,DRY
6836 ,33659408,MONROE,Rochester,,,N,43.149993,-77.639362,10/31/2010,9:09 PM,INJURY,2.,0 ,2 ,COLLISION WITH MOTOR VEHICLE,UNKNOWN,NONE,DARK-ROAD LIGHTED,RAIN,WET
6836 ,33659412,MONROE,Rochester,,,Y,43.175163,-77.605223,10/29/2010,10:04 PM,PROPERTY DAMAGE AND INJURY,2.,0 ,2 ,COLLISION WITH MOTOR VEHICLE,OVERTAKING,NONE,DARK-ROAD LIGHTED,CLEAR,DRY
6836 ,33659415,MONROE,Rochester,,,Y,43.136486,-77.628917,10/29/2010,10:00 PM,INJURY,2.,0 ,1 ,COLLISION WITH BICYCLIST,OTHER,TRAFFIC SIGNAL,DARK-ROAD LIGHTED,CLEAR,DRY
6836 ,33659461,MONROE,Rochester,,,Y,43.150263,-77.636096,10/23/2010,10:51 PM,INJURY,1.,0 ,1 ,COLLISION WITH PEDESTRIAN,OTHER,TRAFFIC SIGNAL,DARK-ROAD LIGHTED,RAIN,WET
6836 ,33659477,MONROE,Rochester,,,N,43.142278,-77.586219,11/02/2010,8:36 AM,PROPERTY DAMAGE AND INJURY,1.,0 ,2 ,COLLISION WITH MOTOR VEHICLE,LEFT TURN (AGAINST OTHER CAR),TRAFFIC SIGNAL,DAYLIGHT,CLEAR,DRY
6836 ,33659479,MONROE,Rochester,,,Y,43.172445,-77.612523,11/02/2010,12:08 PM,INJURY,1.,0 ,1 ,COLLISION WITH PEDESTRIAN,OTHER,STOP SIGN,DAYLIGHT,CLEAR,DRY
6836 ,33659809,MONROE,Fairport,,,Y,43.098719,-77.450994,11/20/2010,11:19 PM,PROPERTY DAMAGE AND INJURY,1.,0 ,2 ,COLLISION WITH MOTOR VEHICLE,HEAD ON,NO PASSING ZONE,DARK-ROAD LIGHTED,CLEAR,DRY
6836 ,33659834,MONROE,Perinton,,31 43033085,N,43.0692853,-77.4423641,11/22/2010,3:52 PM,PROPERTY DAMAGE AND INJURY,1.,0 ,4 ,COLLISION WITH MOTOR VEHICLE,OTHER,TRAFFIC SIGNAL,DAYLIGHT,RAIN,WET
6836 ,33659844,MONROE,Greece,,,N,43.2663284,-77.7505805,11/19/2010,10:25 AM,PROPERTY DAMAGE AND INJURY,1.,0 ,1 ,COLLISION WITH TREE,OTHER,NONE,DAYLIGHT,CLOUDY,DRY
6836 ,33659853,MONROE,Perinton,,96 43051007,N,43.0391579,-77.4574731,11/22/2010,2:15 PM,PROPERTY DAMAGE AND INJURY,1.,0 ,2 ,COLLISION WITH MOTOR VEHICLE,REAR END,NONE,DAYLIGHT,RAIN,WET
6836 ,33659864,MONROE,Greece,,,N,43.2239553,-77.6968047,11/18/2010,6:08 AM,PROPERTY DAMAGE AND INJURY,1.,0 ,2 ,COLLISION WITH MOTOR VEHICLE,RIGHT ANGLE,NONE,DARK-ROAD LIGHTED,CLOUDY,WET
6836 ,33659933,MONROE,Perinton,,,N,43.1033613,-77.4836558,11/23/2010,11:05 AM,INJURY,1.,0 ,2 ,COLLISION WITH MOTOR VEHICLE,REAR END,TRAFFIC SIGNAL,DAYLIGHT,CLOUDY,DRY
6836 ,33659934,MONROE,Henrietta,,,N,43.0867697,-77.6247178,11/22/2010,7:00 PM,PROPERTY DAMAGE AND INJURY,1.,0 ,2 ,COLLISION WITH MOTOR VEHICLE,RIGHT ANGLE,NONE,DARK-ROAD LIGHTED,RAIN,WET
6836 ,33660116,MONROE,Henrietta,,15 43031109,N,43.087737,-77.6364765,11/23/2010,6:29 PM,INJURY,1.,0 ,2 ,COLLISION WITH MOTOR VEHICLE,REAR END,TRAFFIC SIGNAL,DARK-ROAD LIGHTED,CLOUDY,DRY
6836 ,33660146,MONROE,Perinton,,,N,43.0652346,-77.414336,11/21/2010,11:50 AM,PROPERTY DAMAGE AND INJURY,1.,0 ,1 ,COLLISION WITH DEER,OTHER,NONE,DAYLIGHT,CLEAR,DRY
6836 ,33660325,MONROE,Brighton,,,N,43.1086215,-77.6112089,11/19/2010,1:43 AM,INJURY,1.,0 ,1 ,COLLISION WITH OTHER BARRIER,OTHER,NONE,DARK-ROAD LIGHTED,CLOUDY,WET
6836 ,33660370,MONROE,Brighton,,,N,43.1057107,-77.5769325,11/23/2010,4:57 PM,PROPERTY DAMAGE AND INJURY,2.,0 ,2 ,COLLISION WITH MOTOR VEHICLE,REAR END,TRAFFIC SIGNAL,DARK-ROAD UNLIGHTED,CLOUDY,DRY
6836 ,33660374,MONROE,Gates,,,N,43.1649512,-77.6913787,11/22/2010,6:06 PM,PROPERTY DAMAGE AND INJURY,2.,0 ,2 ,COLLISION WITH MOTOR VEHICLE,RIGHT ANGLE,NONE,DARK-ROAD LIGHTED,RAIN,WET
6836 ,33660377,MONROE,Pittsford,,,Y,43.076528,-77.5223089,11/19/2010,11:20 AM,PROPERTY DAMAGE AND INJURY,1.,0 ,1 ,COLLISION WITH SIGN POST,OTHER,TRAFFIC SIGNAL,DAYLIGHT,CLEAR,DRY
6836 ,33660668,MONROE,Rochester,,490I43022006,N,43.1573911,-77.6617544,11/20/2010,12:21 AM,PROPERTY DAMAGE AND INJURY,1.,0 ,1 ,COLLISION WITH CRASH CUSHION,OTHER,NONE,DARK-ROAD LIGHTED,CLEAR,DRY
6836 ,33660871,MONROE,Greece,,386 43011100,N,43.1831879,-77.7320238,11/23/2010,12:30 PM,PROPERTY DAMAGE AND INJURY,1.,0 ,3 ,COLLISION WITH MOTOR VEHICLE,OTHER,NO PASSING ZONE,DAYLIGHT,CLOUDY,DRY
6836 ,33661136,MONROE,Pittsford,,31 43033028,N,43.1048976,-77.5404722,11/23/2010,3:43 PM,PROPERTY DAMAGE AND INJURY,1.,0 ,2 ,COLLISION WITH MOTOR VEHICLE,REAR END,NONE,DAYLIGHT,CLOUDY,DRY
6836 ,33661140,MONROE,Henrietta,,,Y,43.087107,-77.617323,11/20/2010,6:11 PM,PROPERTY DAMAGE AND INJURY,1.,0 ,2 ,COLLISION WITH MOTOR VEHICLE,RIGHT ANGLE,TRAFFIC SIGNAL,DARK-ROAD LIGHTED,CLEAR,DRY
6836 ,33661163,MONROE,Irondequoit,,,N,43.1971172,-77.5915046,11/18/2010,8:15 PM,INJURY,1.,0 ,1 ,COLLISION WITH PEDESTRIAN,OTHER,TRAFFIC SIGNAL,DARK-ROAD LIGHTED,CLOUDY,WET
6836 ,33661167,MONROE,Henrietta,,15 43031114,N,43.0939705,-77.633099,11/24/2010,1:25 PM,INJURY,1.,0 ,3 ,COLLISION WITH MOTOR VEHICLE,OTHER,NONE,DAYLIGHT,CLEAR,DRY
6836 ,33661171,MONROE,Pittsford,,252 43011129,N,43.0871944,-77.5208118,11/19/2010,3:01 PM,PROPERTY DAMAGE AND INJURY,1.,0 ,2 ,COLLISION WITH MOTOR VEHICLE,REAR END,NONE,DAYLIGHT,CLOUDY,DRY
6836 ,33661544,MONROE,Rochester,,,Y,43.154061,-77.6150771,10/27/2010,10:00 PM,INJURY,1.,0 ,1 ,COLLISION WITH BICYCLIST,OTHER,TRAFFIC SIGNAL,DARK-ROAD LIGHTED,CLEAR,DRY
6836 ,33661545,MONROE,Rochester,,,N,43.149217,-77.5983575,10/24/2010,11:00 AM,INJURY,1.,0 ,1 ,COLLISION WITH BICYCLIST,OTHER,NONE,DAYLIGHT,CLOUDY,DRY
6836 ,33661699,MONROE,Rochester,,,Y,43.172796,-77.612631,06/10/2010,7:26 PM,INJURY,1.,0 ,1 ,COLLISION WITH PEDESTRIAN,OTHER,NONE,DAYLIGHT,CLEAR,DRY
6836 ,33661817,MONROE,Rochester,,,N,43.1355737,-77.6139186,10/25/2010,4:19 PM,PROPERTY DAMAGE AND INJURY,1.,0 ,2 ,COLLISION WITH MOTOR VEHICLE,OVERTAKING,NONE,DAYLIGHT,RAIN,WET
6836 ,33661957,MONROE,Rochester,,,Y,43.129514,-77.614928,11/05/2010,5:18 PM,INJURY,2.,0 ,2 ,COLLISION WITH MOTOR VEHICLE,REAR END,NONE,DAYLIGHT,RAIN,WET
6836 ,33661958,MONROE,Rochester,,,Y,43.124472,-77.621599,11/05/2010,3:34 PM,INJURY,1.,0 ,2 ,COLLISION WITH MOTOR VEHICLE,REAR END,NONE,DAYLIGHT,RAIN,WET
6836 ,33661959,MONROE,Rochester,,,N,43.118323,-77.6206018,11/05/2010,7:38 AM,INJURY,1.,0 ,1 ,COLLISION WITH BICYCLIST,OTHER,NONE,DAWN,RAIN,WET
6836 ,33661964,MONROE,Rochester,,15 43032022,N,43.145835,-77.609326,11/08/2010,6:42 AM,PROPERTY DAMAGE AND INJURY,1.,0 ,2 ,COLLISION WITH MOTOR VEHICLE,RIGHT ANGLE,NONE,DAWN,CLEAR,DRY
6836 ,33661965,MONROE,Rochester,,,N,43.180489,-77.6109991,11/07/2010,11:42 AM,INJURY,1.,0 ,2 ,COLLISION WITH MOTOR VEHICLE,OVERTAKING,NONE,DAYLIGHT,CLEAR,DRY
6836 ,33661966,MONROE,Rochester,,,Y,43.164648,-77.654143,11/07/2010,1:50 PM,INJURY,1.,0 ,2 ,COLLISION WITH MOTOR VEHICLE,REAR END,TRAFFIC SIGNAL,DAYLIGHT,CLOUDY,DRY
6836 ,33661969,MONROE,Rochester,,,N,43.1817569,-77.6164085,11/06/2010,1:36 PM,INJURY,1.,0 ,2 ,COLLISION WITH MOTOR VEHICLE,REAR END,NONE,DAYLIGHT,CLOUDY,DRY
6836 ,33661970,MONROE,Rochester,,,Y,43.15843,-77.615431,11/06/2010,10:17 AM,INJURY,1.,0 ,2 ,COLLISION WITH MOTOR VEHICLE,RIGHT ANGLE,TRAFFIC SIGNAL,DAYLIGHT,RAIN,WET