QUERYID,CASE #,REGN_CNTY_CDE,Municipality,MUNITYPE,REF_MRKR,ATINTERSECTION_IND,Lat,Long,,Time,Crash Type,Injuries,Fatalities,Number of Vehicles,ACCD_TYP,COLLISION_TYP,TRAF_CNTL,Light Condition,Weather Condition,Road Surface Condition
6836 ,33661971,MONROE,Rochester,,,Y,43.159388,-77.626992,11/05/2010,11:12 PM,INJURY,1.,0 ,1 ,COLLISION WITH PEDESTRIAN,OTHER,TRAFFIC SIGNAL,DARK-ROAD LIGHTED,RAIN,DRY
6836 ,33661974,MONROE,Rochester,,,Y,43.193912,-77.6598301,11/04/2010,4:50 PM,INJURY,1.,0 ,2 ,COLLISION WITH MOTOR VEHICLE,REAR END,TRAFFIC SIGNAL,DAYLIGHT,RAIN,WET
6836 ,33661975,MONROE,Rochester,,,N,43.1861859,-77.6384437,11/04/2010,3:05 PM,INJURY,1.,0 ,1 ,COLLISION WITH PEDESTRIAN,OTHER,NONE,DAYLIGHT,RAIN,WET
6836 ,33661976,MONROE,Rochester,,,N,43.193901,-77.6538324,11/04/2010,5:26 PM,INJURY,1.,0 ,2 ,COLLISION WITH MOTOR VEHICLE,REAR END,UNKNOWN,DAWN,RAIN,WET
6836 ,33661977,MONROE,Rochester,,,Y,43.141729,-77.612856,11/03/2010,7:02 PM,INJURY,1.,0 ,2 ,COLLISION WITH MOTOR VEHICLE,REAR END,NONE,DARK-ROAD LIGHTED,CLEAR,DRY
6836 ,33661979,MONROE,Rochester,,,Y,43.148321,-77.642113,11/02/2010,12:09 AM,PROPERTY DAMAGE AND INJURY,1.,0 ,2 ,COLLISION WITH MOTOR VEHICLE,HEAD ON,UNKNOWN,DARK-ROAD LIGHTED,CLEAR,DRY
6836 ,33661980,MONROE,Rochester,,,Y,43.193912,-77.6598301,11/04/2010,4:16 PM,PROPERTY DAMAGE AND INJURY,1.,0 ,2 ,COLLISION WITH MOTOR VEHICLE,RIGHT ANGLE,TRAFFIC SIGNAL,DAYLIGHT,RAIN,WET
6836 ,33662065,MONROE,Rochester,,,Y,43.161707,-77.585903,11/10/2010,5:49 PM,INJURY,1.,0 ,1 ,COLLISION WITH BICYCLIST,OTHER,TRAFFIC SIGNAL,DARK-ROAD LIGHTED,CLEAR,DRY
6836 ,33662067,MONROE,Rochester,,,Y,43.150263,-77.636096,11/08/2010,11:20 AM,INJURY,3.,0 ,2 ,COLLISION WITH MOTOR VEHICLE,RIGHT ANGLE,TRAFFIC SIGNAL,DAYLIGHT,CLOUDY,DRY
6836 ,33662070,MONROE,Rochester,,31 43032004,N,43.1646746,-77.6681365,11/10/2010,6:24 AM,PROPERTY DAMAGE AND INJURY,2.,0 ,2 ,COLLISION WITH MOTOR VEHICLE,RIGHT ANGLE,UNKNOWN,DAWN,CLOUDY,DRY
6836 ,33662071,MONROE,Rochester,,,Y,43.157856,-77.603179,11/10/2010,8:38 AM,INJURY,1.,0 ,1 ,COLLISION WITH PEDESTRIAN,OTHER,TRAFFIC SIGNAL,DAYLIGHT,CLEAR,DRY
6836 ,33662075,MONROE,Rochester,,,N,43.1508506,-77.5913531,11/10/2010,11:54 AM,INJURY,1.,0 ,1 ,COLLISION WITH PEDESTRIAN,OTHER,NONE,DAYLIGHT,CLEAR,DRY
6836 ,33662078,MONROE,Rochester,,,Y,43.174771,-77.6176919,11/07/2010,4:28 PM,PROPERTY DAMAGE AND INJURY,1.,0 ,2 ,COLLISION WITH MOTOR VEHICLE,RIGHT ANGLE,STOP SIGN,DAYLIGHT,CLEAR,DRY
6836 ,33662079,MONROE,Rochester,,,Y,43.132879,-77.655094,11/09/2010,2:29 PM,PROPERTY DAMAGE AND INJURY,1.,0 ,2 ,COLLISION WITH MOTOR VEHICLE,RIGHT ANGLE,STOP SIGN,DAYLIGHT,CLOUDY,DRY
6836 ,33662081,MONROE,Rochester,,,Y,43.200455,-77.638723,11/05/2010,2:15 PM,PROPERTY DAMAGE AND INJURY,1.,0 ,2 ,COLLISION WITH MOTOR VEHICLE,UNKNOWN,TRAFFIC SIGNAL,DAYLIGHT,RAIN,DRY
6836 ,33662327,MONROE,Brighton,,590I43012004,N,43.1431786,-77.5472907,11/24/2010,4:36 PM,PROPERTY DAMAGE AND INJURY,1.,0 ,1 ,COLLISION WITH OTHER BARRIER,OTHER,NONE,DAYLIGHT,CLEAR,DRY
6836 ,33662418,MONROE,Rochester,,,Y,43.143295,-77.628976,11/24/2010,5:54 PM,INJURY,1.,0 ,1 ,COLLISION WITH PEDESTRIAN,OTHER,NONE,DARK-ROAD LIGHTED,CLEAR,DRY
6836 ,33662421,MONROE,Rochester,,,Y,43.164633,-77.646619,11/17/2010,6:15 AM,INJURY,1.,0 ,2 ,COLLISION WITH MOTOR VEHICLE,REAR END,TRAFFIC SIGNAL,DARK-ROAD LIGHTED,RAIN,WET
6836 ,33662425,MONROE,Rochester,,,N,43.1767338,-77.6596578,11/17/2010,4:15 AM,INJURY,1.,0 ,1 ,COLLISION WITH CRASH CUSHION,OTHER,NONE,DARK-ROAD LIGHTED,RAIN,WET
6836 ,33664116,MONROE,Rochester,,,Y,43.170226,-77.611807,10/03/2010,1:20 PM,INJURY,1.,0 ,2 ,COLLISION WITH MOTOR VEHICLE,OVERTAKING,NONE,DAYLIGHT,CLEAR,DRY
6836 ,33664769,MONROE,Rochester,,,Y,43.145438,-77.5553219,11/01/2010,9:31 AM,PROPERTY DAMAGE AND INJURY,1.,0 ,2 ,COLLISION WITH MOTOR VEHICLE,RIGHT ANGLE,TRAFFIC SIGNAL,DAYLIGHT,CLEAR,DRY
6836 ,33665127,MONROE,Rochester,,,N,43.2034235,-77.65348,11/11/2010,5:59 PM,INJURY,1.,0 ,2 ,COLLISION WITH MOTOR VEHICLE,REAR END,NONE,DARK-ROAD LIGHTED,CLEAR,WET
6836 ,33665140,MONROE,Rochester,,,N,43.1491617,-77.5982579,10/29/2010,4:45 PM,INJURY,1.,0 ,1 ,COLLISION WITH PEDESTRIAN,OTHER,NO PASSING ZONE,DAYLIGHT,CLEAR,DRY
6836 ,33665207,MONROE,Brighton,,,Y,43.137506,-77.539489,10/27/2010,4:35 PM,PROPERTY DAMAGE AND INJURY,1.,0 ,2 ,COLLISION WITH MOTOR VEHICLE,OVERTAKING,NONE,DAYLIGHT,CLEAR,DRY
6836 ,33665575,MONROE,Rochester,,,N,43.1878178,-77.6212132,11/14/2010,1:22 PM,INJURY,1.,0 ,2 ,COLLISION WITH MOTOR VEHICLE,UNKNOWN,NONE,DAYLIGHT,CLOUDY,DRY
6836 ,33665576,MONROE,Rochester,,,Y,43.170126,-77.576226,11/14/2010,3:15 AM,PROPERTY DAMAGE AND INJURY,2.,0 ,1 ,COLL. W/LIGHT SUPPORT/UTILITY POLE,OTHER,STOP SIGN,DARK-ROAD LIGHTED,CLEAR,DRY
6836 ,33665580,MONROE,Rochester,,,Y,43.141363,-77.576263,11/13/2010,11:38 AM,PROPERTY DAMAGE AND INJURY,1.,0 ,2 ,COLLISION WITH MOTOR VEHICLE,RIGHT ANGLE,TRAFFIC SIGNAL,DAYLIGHT,CLEAR,DRY
6836 ,33665581,MONROE,Rochester,,,Y,43.14404,-77.589323,11/13/2010,5:39 PM,INJURY,1.,0 ,2 ,COLLISION WITH MOTOR VEHICLE,LEFT TURN (AGAINST OTHER CAR),TRAFFIC SIGNAL,DARK-ROAD LIGHTED,CLEAR,DRY
6836 ,33665582,MONROE,Rochester,,,Y,43.235999,-77.628193,11/12/2010,7:24 PM,PROPERTY DAMAGE AND INJURY,2.,0 ,2 ,COLLISION WITH MOTOR VEHICLE,RIGHT ANGLE,STOP SIGN,DARK-ROAD LIGHTED,CLEAR,DRY
6836 ,33665583,MONROE,Rochester,,,Y,43.196757,-77.6321421,11/12/2010,8:05 PM,PROPERTY DAMAGE AND INJURY,1.,0 ,2 ,COLLISION WITH MOTOR VEHICLE,REAR END,TRAFFIC SIGNAL,DARK-ROAD LIGHTED,CLEAR,DRY
6836 ,33665584,MONROE,Rochester,,,N,43.1939001,-77.6576656,11/12/2010,12:15 PM,PROPERTY DAMAGE AND INJURY,2.,0 ,2 ,COLLISION WITH MOTOR VEHICLE,REAR END,NONE,DAYLIGHT,CLEAR,DRY
6836 ,33666112,MONROE,Greece,,,N,43.1860911,-77.7015138,10/30/2010,7:03 PM,INJURY,1.,0 ,2 ,COLLISION WITH MOTOR VEHICLE,REAR END,POLICE/FIRE EMERGENCY,DARK-ROAD LIGHTED,CLOUDY,DRY
6836 ,33666246,MONROE,Greece,,,N,43.252886,-77.667925,11/22/2010,2:15 PM,PROPERTY DAMAGE AND INJURY,1.,0 ,4 ,COLLISION WITH MOTOR VEHICLE,OTHER,TRAFFIC SIGNAL,DAYLIGHT,RAIN,WET
6836 ,33666591,MONROE,Rush,,15 43031031,N,42.9804824,-77.6756289,11/23/2010,4:06 PM,PROPERTY DAMAGE AND INJURY,1.,0 ,2 ,COLLISION WITH MOTOR VEHICLE,LEFT TURN (AGAINST OTHER CAR),TRAFFIC SIGNAL,DAYLIGHT,CLOUDY,DRY
6836 ,33666594,MONROE,Ogden,,31 43031141,N,43.180787,-77.763445,11/25/2010,1:05 AM,INJURY,1.,0 ,1 ,COLLISION WITH DEER,OTHER,NONE,DARK-ROAD UNLIGHTED,CLEAR,DRY
6836 ,33666605,MONROE,Webster,,,N,43.2304433,-77.4740758,11/27/2010,12:42 PM,PROPERTY DAMAGE AND INJURY,1.,0 ,3 ,COLLISION WITH MOTOR VEHICLE,OTHER,NONE,DAYLIGHT,CLOUDY,DRY
6836 ,33666611,MONROE,Henrietta,,15A43041113,N,43.0871543,-77.6092061,11/26/2010,10:25 PM,PROPERTY DAMAGE AND INJURY,2.,0 ,2 ,COLLISION WITH MOTOR VEHICLE,REAR END,TRAFFIC SIGNAL,DARK-ROAD LIGHTED,CLOUDY,DRY
6836 ,33666623,MONROE,Gates,,490I43021142,N,43.1315167,-77.7218526,11/22/2010,1:12 AM,PROPERTY DAMAGE AND INJURY,1.,0 ,1 ,OVERTURNED,OTHER,NONE,DARK-ROAD LIGHTED,CLOUDY,DRY
6836 ,33666636,MONROE,Brighton,,590I43011015,N,43.1075272,-77.5809326,11/11/2010,6:56 AM,PROPERTY DAMAGE AND INJURY,1.,0 ,1 ,COLLISION WITH GUIDE RAIL,OTHER,NONE,DAWN,CLEAR,DRY
6836 ,33666654,MONROE,Pittsford,,490I43023022,N,43.1207394,-77.5182013,11/05/2010,3:35 PM,PROPERTY DAMAGE AND INJURY,1.,0 ,1 ,COLLISION WITH GUIDE RAIL,OTHER,NONE,DAYLIGHT,RAIN,WET
6836 ,33666661,MONROE,Henrietta,,390I43031095,N,43.0678853,-77.6363976,11/27/2010,3:13 AM,PROPERTY DAMAGE AND INJURY,1.,0 ,1 ,COLLISION WITH GUIDE RAIL,OTHER,NONE,DARK-ROAD UNLIGHTED,SNOW,SNOW/ICE
6836 ,33666664,MONROE,Brighton,,,N,43.1057372,-77.5769187,11/26/2010,2:13 PM,INJURY,1.,0 ,2 ,COLLISION WITH MOTOR VEHICLE,REAR END,TRAFFIC SIGNAL,DAYLIGHT,CLOUDY,DRY
6836 ,33666671,MONROE,Brighton,,31 43033023,N,43.1104067,-77.546884,11/27/2010,8:32 PM,PROPERTY DAMAGE AND INJURY,3.,0 ,2 ,COLLISION WITH MOTOR VEHICLE,REAR END,TRAFFIC SIGNAL,DARK-ROAD LIGHTED,CLOUDY,DRY
6836 ,33666673,MONROE,Irondequoit,,,N,43.19538,-77.58459,11/23/2010,3:32 PM,PROPERTY DAMAGE AND INJURY,2.,0 ,2 ,COLLISION WITH MOTOR VEHICLE,LEFT TURN (WITH OTHER CAR),TRAFFIC SIGNAL,DAYLIGHT,CLOUDY,DRY
6836 ,33666687,MONROE,Irondequoit,,,Y,43.189316,-77.5764111,11/22/2010,7:28 PM,INJURY,2.,0 ,2 ,COLLISION WITH MOTOR VEHICLE,REAR END,TRAFFIC SIGNAL,DARK-ROAD LIGHTED,RAIN,WET
6836 ,33666688,MONROE,East Rochester,,31F43011018,Y,43.104027,-77.486014,11/27/2010,2:00 PM,INJURY,1.,0 ,2 ,COLLISION WITH MOTOR VEHICLE,REAR END,TRAFFIC SIGNAL,DAYLIGHT,CLEAR,DRY
6836 ,33666689,MONROE,Irondequoit,,,N,43.1964111,-77.600156,11/22/2010,3:35 PM,INJURY,1.,0 ,2 ,COLLISION WITH MOTOR VEHICLE,RIGHT ANGLE,NONE,DAYLIGHT,RAIN,WET
6836 ,33666927,MONROE,Greece,,104 43031139,Y,43.214716,-77.732804,11/26/2010,8:35 AM,PROPERTY DAMAGE AND INJURY,1.,0 ,3 ,COLLISION WITH MOTOR VEHICLE,OTHER,NONE,DAYLIGHT,CLEAR,DRY
6836 ,33666928,MONROE,Greece,,104 43031148,N,43.211592,-77.714833,11/27/2010,5:46 PM,PROPERTY DAMAGE AND INJURY,4.,0 ,3 ,COLLISION WITH MOTOR VEHICLE,OTHER,NONE,DARK-ROAD LIGHTED,CLEAR,DRY
6836 ,33666932,MONROE,Greece,,,Y,43.221049,-77.677763,11/23/2010,5:24 PM,INJURY,1.,0 ,1 ,COLL. W/LIGHT SUPPORT/UTILITY POLE,OTHER,NONE,DARK-ROAD LIGHTED,CLEAR,DRY
6836 ,33667423,MONROE,Webster,,,Y,43.210345,-77.446653,11/28/2010,4:14 PM,INJURY,2.,0 ,2 ,COLLISION WITH MOTOR VEHICLE,RIGHT ANGLE,TRAFFIC SIGNAL,DAYLIGHT,CLOUDY,DRY
6836 ,33667425,MONROE,Brighton,,,Y,43.115088,-77.6047721,11/29/2010,10:32 AM,INJURY,1.,0 ,1 ,COLLISION WITH SIGN POST,OTHER,NONE,DAYLIGHT,CLEAR,DRY
6836 ,33667426,MONROE,Brighton,,490I43023018,N,43.124835,-77.5238289,11/28/2010,2:58 AM,PROPERTY DAMAGE AND INJURY,1.,0 ,1 ,COLLISION WITH MEDIAN/BARRIER,OTHER,NONE,DARK-ROAD LIGHTED,CLOUDY,DRY
6836 ,33667430,MONROE,Henrietta,,252 43011099,N,43.0872619,-77.6103718,11/29/2010,12:00 PM,PROPERTY DAMAGE AND INJURY,1.,0 ,2 ,COLLISION WITH MOTOR VEHICLE,REAR END,HIGHWAY WORK AREA,DAYLIGHT,CLEAR,DRY
6836 ,33667436,MONROE,Brighton,,,N,43.1153263,-77.5968018,11/29/2010,9:34 AM,PROPERTY DAMAGE AND INJURY,1.,0 ,2 ,COLLISION WITH MOTOR VEHICLE,REAR END,TRAFFIC SIGNAL,DAYLIGHT,CLEAR,DRY
6836 ,33667437,MONROE,Pittsford,,,N,43.1003726,-77.5358142,11/23/2010,10:45 AM,PROPERTY DAMAGE AND INJURY,1.,0 ,2 ,COLLISION WITH MOTOR VEHICLE,REAR END,NONE,DAYLIGHT,CLOUDY,DRY
6836 ,33667442,MONROE,Webster,,104 43035080,N,43.2067635,-77.4687543,11/28/2010,6:51 PM,PROPERTY DAMAGE AND INJURY,1.,0 ,2 ,COLLISION WITH MOTOR VEHICLE,REAR END,NONE,DARK-ROAD LIGHTED,CLOUDY,DRY
6836 ,33667443,MONROE,Perinton,,31 43031432,N,43.068528,-77.432141,11/12/2010,10:35 AM,PROPERTY DAMAGE AND INJURY,1.,0 ,2 ,COLLISION WITH MOTOR VEHICLE,HEAD ON,TRAFFIC SIGNAL,DAYLIGHT,CLEAR,DRY
6836 ,33667444,MONROE,Brighton,,15A43041127,N,43.1047795,-77.6158058,11/29/2010,2:02 PM,INJURY,1.,0 ,2 ,COLLISION WITH MOTOR VEHICLE,REAR END,TRAFFIC SIGNAL,DAYLIGHT,CLEAR,DRY
6836 ,33667448,MONROE,Brighton,,,Y,43.157597,-77.536197,11/29/2010,5:09 PM,PROPERTY DAMAGE AND INJURY,2.,0 ,3 ,COLLISION WITH MOTOR VEHICLE,OTHER,NONE,DARK-ROAD LIGHTED,CLOUDY,WET
6836 ,33667452,MONROE,Pittsford,,31 43033049,N,43.0879656,-77.506612,11/27/2010,10:15 AM,PROPERTY DAMAGE AND INJURY,2.,0 ,2 ,COLLISION WITH MOTOR VEHICLE,RIGHT TURN (AGAINST OTHER CAR),STOP SIGN,DAYLIGHT,CLOUDY,DRY
6836 ,33667453,MONROE,Webster,,,Y,43.252263,-77.428826,11/21/2010,1:34 PM,INJURY,1.,0 ,2 ,COLLISION WITH MOTOR VEHICLE,RIGHT ANGLE,STOP SIGN,DAYLIGHT,CLOUDY,DRY
6836 ,33667589,MONROE,Rochester,,,Y,43.140739,-77.595448,10/28/2010,5:55 AM,INJURY,1.,0 ,3 ,COLLISION WITH MOTOR VEHICLE,OTHER,UNKNOWN,UNKNOWN,UNKNOWN,UNKNOWN
6836 ,33667637,MONROE,Greece,,,Y,43.209859,-77.6959401,11/04/2010,6:40 AM,INJURY,1.,0 ,1 ,COLLISION WITH DEER,OTHER,UNKNOWN,UNKNOWN,UNKNOWN,UNKNOWN
6836 ,33668186,MONROE,Brighton,,,Y,43.103463,-77.675885,10/07/2010,1:30 PM,INJURY,1.,0 ,1 ,OVERTURNED,OTHER,STOP SIGN,UNKNOWN,UNKNOWN,UNKNOWN
6836 ,33668809,MONROE,Rochester,,,Y,43.139361,-77.636009,11/10/2010,5:00 AM,INJURY,1.,0 ,2 ,COLLISION WITH MOTOR VEHICLE,SIDESWIPE,NONE,DARK-ROAD LIGHTED,CLEAR,DRY
6836 ,33668899,MONROE,Rochester,,,Y,43.176743,-77.60772,11/02/2010,2:30 PM,PROPERTY DAMAGE AND INJURY,2.,0 ,2 ,COLLISION WITH MOTOR VEHICLE,UNKNOWN,UNKNOWN,UNKNOWN,UNKNOWN,UNKNOWN
6836 ,33669264,MONROE,Greece,,,N,43.2337129,-77.6393561,11/16/2010,7:07 PM,INJURY,1.,0 ,1 ,COLLISION WITH PEDESTRIAN,OTHER,NONE,DARK-ROAD LIGHTED,RAIN,WET
6836 ,33669272,MONROE,Greece,,,N,43.2073056,-77.6795403,11/17/2010,5:14 PM,INJURY,1.,0 ,3 ,COLLISION WITH MOTOR VEHICLE,OTHER,TRAFFIC SIGNAL,DARK-ROAD LIGHTED,CLOUDY,WET
6836 ,33669301,MONROE,Perinton,,490I43023058,N,43.077229,-77.4842537,11/13/2010,10:30 AM,PROPERTY DAMAGE AND INJURY,1.,0 ,2 ,COLLISION WITH MOTOR VEHICLE,REAR END,NONE,DAYLIGHT,CLEAR,DRY
6836 ,33669315,MONROE,Rochester,,,Y,43.180937,-77.631738,10/22/2010,9:32 AM,INJURY,1.,0 ,2 ,COLLISION WITH MOTOR VEHICLE,REAR END,TRAFFIC SIGNAL,DAYLIGHT,CLOUDY,WET
6836 ,33669374,MONROE,Irondequoit,,47 43013021,N,43.1972847,-77.5474576,11/18/2010,5:23 PM,INJURY,1.,0 ,2 ,COLLISION WITH MOTOR VEHICLE,REAR END,NONE,DARK-ROAD LIGHTED,CLOUDY,DRY
6836 ,33669423,MONROE,Penfield,,286 43011045,N,43.1604241,-77.4574068,11/14/2010,11:05 PM,PROPERTY DAMAGE AND INJURY,1.,0 ,1 ,COLLISION WITH TREE,OTHER,NONE,DARK-ROAD UNLIGHTED,CLOUDY,WET
6836 ,33669570,MONROE,Rochester,,,Y,43.1816071,-77.5992331,11/05/2010,6:50 PM,INJURY,1.,0 ,2 ,COLLISION WITH MOTOR VEHICLE,REAR END,NONE,DARK-ROAD LIGHTED,RAIN,WET
6836 ,33669747,MONROE,Henrietta,,,N,43.087044,-77.6247261,11/24/2010,6:25 PM,INJURY,1.,0 ,2 ,COLLISION WITH MOTOR VEHICLE,LEFT TURN (AGAINST OTHER CAR),NONE,DARK-ROAD LIGHTED,CLOUDY,DRY
6836 ,33669876,MONROE,Henrietta,,,Y,43.087214,-77.6172699,11/24/2010,4:13 PM,PROPERTY DAMAGE AND INJURY,1.,0 ,2 ,COLLISION WITH MOTOR VEHICLE,LEFT TURN (AGAINST OTHER CAR),TRAFFIC SIGNAL,DAYLIGHT,CLOUDY,DRY
6836 ,33670008,MONROE,Gates,,,N,43.1703638,-77.705341,11/29/2010,12:59 PM,PROPERTY DAMAGE AND INJURY,1.,0 ,2 ,COLLISION WITH MOTOR VEHICLE,REAR END,NONE,DAYLIGHT,CLEAR,DRY
6836 ,33670173,MONROE,Henrietta,,15 43031062,N,43.0254617,-77.6684022,11/29/2010,6:27 PM,PROPERTY DAMAGE AND INJURY,1.,0 ,2 ,COLLISION WITH MOTOR VEHICLE,SIDESWIPE,NONE,DARK-ROAD LIGHTED,CLOUDY,DRY
6836 ,33670252,MONROE,Chili,,33A43021079,N,43.0938026,-77.7940393,11/30/2010,4:42 PM,PROPERTY DAMAGE AND INJURY,2.,0 ,2 ,COLLISION WITH MOTOR VEHICLE,REAR END,NONE,DARK-ROAD LIGHTED,RAIN,WET
6836 ,33670374,MONROE,Brighton,,,N,43.1152878,-77.5981113,11/30/2010,3:45 PM,PROPERTY DAMAGE AND INJURY,2.,0 ,4 ,COLLISION WITH MOTOR VEHICLE,OTHER,NONE,DUSK,RAIN,WET
6836 ,33670664,MONROE,Rochester,,,N,43.1307255,-77.6611195,11/30/2010,4:38 PM,PROPERTY DAMAGE AND INJURY,1.,0 ,2 ,COLLISION WITH MOTOR VEHICLE,REAR END,YIELD SIGN,DARK-ROAD LIGHTED,RAIN,WET
6836 ,33670701,WAYNE,Macedon,,,Y,43.10894,-77.372973,11/20/2010,9:53 PM,PROPERTY DAMAGE AND INJURY,1.,0 ,1 ,COLLISION WITH SIGN POST,OTHER,STOP SIGN,DARK-ROAD UNLIGHTED,CLEAR,DRY
6836 ,33670746,MONROE,Chili,,33A43021116,N,43.1154067,-77.7293406,11/28/2010,4:10 PM,PROPERTY DAMAGE AND INJURY,1.,0 ,2 ,COLLISION WITH MOTOR VEHICLE,RIGHT ANGLE,STOP SIGN,DAYLIGHT,CLOUDY,DRY
6836 ,33670760,MONROE,Brighton,,,N,43.1495061,-77.5278857,12/01/2010,1:38 PM,PROPERTY DAMAGE AND INJURY,1.,0 ,2 ,COLLISION WITH MOTOR VEHICLE,REAR END,NONE,DAYLIGHT,SNOW,SNOW/ICE
6836 ,33670821,MONROE,Riga,,490I43021077,N,43.0935179,-77.8310844,11/22/2010,7:26 AM,PROPERTY DAMAGE AND INJURY,1.,0 ,1 ,COLL. W/EARTH ELE./ROCK CUT/DITCH,OTHER,NONE,DAYLIGHT,CLOUDY,DRY
6836 ,33670864,MONROE,Gates,,390I43037013,N,43.1459693,-77.6749295,11/29/2010,5:30 PM,PROPERTY DAMAGE AND INJURY,1.,0 ,5 ,COLLISION WITH MOTOR VEHICLE,OTHER,NONE,DARK-ROAD LIGHTED,CLEAR,DRY
6836 ,33670925,MONROE,Pittsford,,,N,43.1038751,-77.5151365,11/16/2010,4:05 PM,INJURY,1.,0 ,2 ,COLLISION WITH MOTOR VEHICLE,REAR END,NONE,DAYLIGHT,RAIN,WET
6836 ,33671004,MONROE,Churchville,,33 43031027,N,43.1043663,-77.884436,11/26/2010,1:27 PM,INJURY,1.,0 ,2 ,COLLISION WITH MOTOR VEHICLE,RIGHT ANGLE,NONE,DAYLIGHT,CLOUDY,DRY
6836 ,33671043,MONROE,Penfield,,,N,43.1818883,-77.5081409,11/24/2010,5:51 PM,PROPERTY DAMAGE AND INJURY,2.,0 ,4 ,COLLISION WITH MOTOR VEHICLE,OTHER,NONE,DARK-ROAD LIGHTED,CLOUDY,DRY
6836 ,33671100,MONROE,Rochester,,,Y,43.118166,-77.617509,12/01/2010,3:26 PM,PROPERTY DAMAGE AND INJURY,3.,0 ,2 ,COLLISION WITH MOTOR VEHICLE,REAR END,NONE,DAYLIGHT,CLOUDY,WET
6836 ,33671111,MONROE,Hamlin,,947A43021057,N,43.3484016,-77.8888802,11/27/2010,3:19 PM,PROPERTY DAMAGE AND INJURY,5.,0 ,2 ,COLLISION WITH MOTOR VEHICLE,RIGHT ANGLE,NONE,DAYLIGHT,CLEAR,DRY
6836 ,33671162,MONROE,Pittsford,,,Y,43.096912,-77.511473,11/16/2010,5:17 PM,INJURY,1.,0 ,2 ,COLLISION WITH MOTOR VEHICLE,LEFT TURN (WITH OTHER CAR),STOP SIGN,DARK-ROAD UNLIGHTED,RAIN,WET
6836 ,33671169,MONROE,Brighton,,,N,43.1161526,-77.5480224,12/01/2010,10:10 AM,INJURY,1.,0 ,1 ,COLLISION WITH BICYCLIST,OTHER,NONE,DAYLIGHT,SNOW,WET
6836 ,33671322,MONROE,Rochester,,,Y,43.158068,-77.602343,11/30/2010,9:10 PM,PROPERTY DAMAGE AND INJURY,2.,0 ,2 ,COLLISION WITH MOTOR VEHICLE,LEFT TURN (WITH OTHER CAR),TRAFFIC SIGNAL,DARK-ROAD LIGHTED,RAIN,WET
6836 ,33671638,MONROE,Parma,,,N,43.2172699,-77.7526879,09/25/2010,5:50 PM,PROPERTY DAMAGE AND INJURY,2.,0 ,2 ,COLLISION WITH MOTOR VEHICLE,OVERTAKING,NONE,DAYLIGHT,CLOUDY,DRY
6836 ,33671649,MONROE,Rochester,,,Y,43.193781,-77.600001,11/08/2010,2:46 PM,INJURY,1.,0 ,1 ,COLLISION WITH PEDESTRIAN,OTHER,TRAFFIC SIGNAL,DAYLIGHT,CLOUDY,DRY
6836 ,33671873,MONROE,Rochester,,,N,43.1819224,-77.6105424,10/25/2010,11:47 PM,PROPERTY DAMAGE AND INJURY,1.,0 ,3 ,COLLISION WITH MOTOR VEHICLE,OTHER,NONE,DARK-ROAD LIGHTED,CLEAR,DRY
6836 ,33672014,MONROE,Rochester,,,Y,43.113056,-77.616121,10/22/2010,12:58 PM,INJURY,1.,0 ,3 ,COLLISION WITH MOTOR VEHICLE,OTHER,TRAFFIC SIGNAL,DAYLIGHT,CLOUDY,DRY
6836 ,33672839,MONROE,Greece,,390 43011023,N,43.1810331,-77.6839737,12/01/2010,10:36 AM,PROPERTY DAMAGE AND INJURY,1.,0 ,1 ,COLL. W/LIGHT SUPPORT/UTILITY POLE,OTHER,NONE,DAYLIGHT,SNOW,SLUSH
6836 ,33672892,MONROE,Rochester,,,Y,43.1566109,-77.6088422,10/19/2010,9:27 PM,INJURY,2.,0 ,2 ,COLLISION WITH MOTOR VEHICLE,REAR END,TRAFFIC SIGNAL,DARK-ROAD LIGHTED,CLEAR,DRY
6836 ,33673113,MONROE,Rochester,,,Y,43.177305,-77.589959,11/05/2010,3:40 PM,PROPERTY DAMAGE AND INJURY,1.,0 ,2 ,COLLISION WITH OTHER,RIGHT TURN (AGAINST OTHER CAR),UNKNOWN,UNKNOWN,UNKNOWN,UNKNOWN
6836 ,33673122,MONROE,Rochester,,,N,43.1693383,-77.6190469,10/20/2010,2:23 PM,PROPERTY DAMAGE AND INJURY,2.,0 ,2 ,COLLISION WITH MOTOR VEHICLE,REAR END,NONE,DAYLIGHT,CLEAR,DRY
6836 ,33673287,MONROE,Rochester,,,Y,43.126515,-77.616532,11/04/2010,6:48 AM,PROPERTY DAMAGE AND INJURY,2.,0 ,3 ,COLLISION WITH MOTOR VEHICLE,OTHER,NONE,DARK-ROAD LIGHTED,RAIN,WET
6836 ,33673312,MONROE,Rochester,,,N,43.190909,-77.603022,10/24/2010,2:40 PM,INJURY,1.,0 ,1 ,COLLISION WITH OTHER FIXED OBJECT,OTHER,NONE,DAYLIGHT,CLOUDY,DRY
6836 ,33673313,MONROE,Rochester,,,N,43.1794657,-77.6317297,10/21/2010,9:47 AM,INJURY,1.,0 ,2 ,COLLISION WITH MOTOR VEHICLE,REAR END,TRAFFIC SIGNAL,DAYLIGHT,RAIN,WET
6836 ,33673314,MONROE,Rochester,,,Y,43.170977,-77.581402,10/07/2010,2:25 PM,INJURY,1.,0 ,1 ,COLLISION WITH PEDESTRIAN,OTHER,NONE,DAYLIGHT,CLEAR,DRY
6836 ,33673343,MONROE,Rochester,,,Y,43.142738,-77.616181,10/21/2010,7:32 PM,PROPERTY DAMAGE AND INJURY,1.,0 ,2 ,COLLISION WITH MOTOR VEHICLE,UNKNOWN,TRAFFIC SIGNAL,DARK-ROAD LIGHTED,CLEAR,WET