QUERYID,CASE #,REGN_CNTY_CDE,Municipality,MUNITYPE,REF_MRKR,ATINTERSECTION_IND,Lat,Long,,Time,Crash Type,Injuries,Fatalities,Number of Vehicles,ACCD_TYP,COLLISION_TYP,TRAF_CNTL,Light Condition,Weather Condition,Road Surface Condition
6836 ,33673344,MONROE,Rochester,,,N,43.1494147,-77.5514586,10/26/2010,7:59 AM,PROPERTY DAMAGE AND INJURY,1.,0 ,3 ,COLLISION WITH MOTOR VEHICLE,OTHER,NONE,DAYLIGHT,CLEAR,WET
6836 ,33673346,MONROE,Rochester,,,N,43.180936,-77.637021,10/23/2010,2:28 AM,PROPERTY DAMAGE AND INJURY,1.,0 ,2 ,COLLISION WITH MOTOR VEHICLE,RIGHT ANGLE,NONE,DARK-ROAD LIGHTED,CLOUDY,DRY
6836 ,33673347,MONROE,Rochester,,,Y,43.223132,-77.627285,10/25/2010,6:23 PM,INJURY,2.,0 ,2 ,COLLISION WITH MOTOR VEHICLE,REAR END,NONE,DARK-ROAD LIGHTED,CLOUDY,WET
6836 ,33673361,MONROE,Rochester,,,Y,43.15843,-77.615431,04/15/2010,8:15 AM,INJURY,1.,0 ,2 ,COLLISION WITH MOTOR VEHICLE,UNKNOWN,UNKNOWN,UNKNOWN,UNKNOWN,UNKNOWN
6836 ,33673930,MONROE,Penfield,,286 43011018,N,43.1536719,-77.5052444,11/23/2010,10:42 AM,PROPERTY DAMAGE AND INJURY,1.,0 ,2 ,COLLISION WITH MOTOR VEHICLE,LEFT TURN (WITH OTHER CAR),NONE,DAYLIGHT,CLOUDY,WET
6836 ,33673997,MONROE,Rochester,,,N,43.174351,-77.639457,10/24/2010,12:35 AM,PROPERTY DAMAGE AND INJURY,1.,0 ,2 ,COLLISION WITH MOTOR VEHICLE,HEAD ON,NONE,DARK-ROAD LIGHTED,CLOUDY,WET
6836 ,33674367,MONROE,Rochester,,,Y,43.179817,-77.560528,10/21/2010,8:15 PM,PROPERTY DAMAGE AND INJURY,1.,0 ,2 ,COLLISION WITH MOTOR VEHICLE,REAR END,TRAFFIC SIGNAL,DARK-ROAD LIGHTED,RAIN,WET
6836 ,33674456,MONROE,Rochester,,,Y,43.1646591,-77.6594624,10/28/2010,3:00 PM,INJURY,1.,0 ,2 ,COLLISION WITH MOTOR VEHICLE,UNKNOWN,UNKNOWN,UNKNOWN,UNKNOWN,UNKNOWN
6836 ,33674799,MONROE,Gates,,,N,43.1694715,-77.7014044,12/01/2010,8:16 PM,FATAL,0.,1 ,1 ,COLLISION WITH PEDESTRIAN,OTHER,NONE,DARK-ROAD LIGHTED,CLOUDY,WET
6836 ,33674938,MONROE,Brighton,,,N,43.1213073,-77.5947739,12/03/2010,1:50 PM,INJURY,1.,0 ,1 ,COLLISION WITH PEDESTRIAN,OTHER,NONE,DAYLIGHT,CLOUDY,DRY
6836 ,33674944,MONROE,Henrietta,,,Y,43.089005,-77.667811,12/02/2010,7:41 PM,PROPERTY DAMAGE AND INJURY,1.,0 ,2 ,COLLISION WITH MOTOR VEHICLE,RIGHT ANGLE,STOP SIGN,DARK-ROAD LIGHTED,CLOUDY,DRY
6836 ,33674989,MONROE,Gates,,,N,43.12939,-77.695683,12/03/2010,9:15 AM,PROPERTY DAMAGE AND INJURY,2.,0 ,2 ,COLLISION WITH MOTOR VEHICLE,REAR END,TRAFFIC SIGNAL,DAYLIGHT,CLEAR,DRY
6836 ,33675024,MONROE,Ogden,,259 43011119,Y,43.136339,-77.806591,12/01/2010,10:58 AM,PROPERTY DAMAGE AND INJURY,3.,0 ,2 ,COLLISION WITH MOTOR VEHICLE,RIGHT ANGLE,STOP SIGN,DAYLIGHT,SNOW,SNOW/ICE
6836 ,33675333,MONROE,Brighton,,,Y,43.094771,-77.613148,12/03/2010,2:45 PM,INJURY,1.,0 ,2 ,COLLISION WITH MOTOR VEHICLE,REAR END,TRAFFIC SIGNAL,DAYLIGHT,CLEAR,DRY
6836 ,33676268,MONROE,Rochester,,,Y,43.164633,-77.6465066,12/05/2010,3:09 PM,INJURY,2.,0 ,2 ,COLLISION WITH MOTOR VEHICLE,REAR END,NONE,DAYLIGHT,SNOW,SNOW/ICE
6836 ,33676691,MONROE,Perinton,,,Y,43.054278,-77.4599081,12/01/2010,1:42 PM,PROPERTY DAMAGE AND INJURY,1.,0 ,1 ,COLLISION WITH TREE,OTHER,NONE,DAYLIGHT,RAIN,SNOW/ICE
6836 ,33676692,MONROE,Wheatland,,,Y,43.005367,-77.7454,12/04/2010,12:31 PM,PROPERTY DAMAGE AND INJURY,3.,0 ,3 ,COLLISION WITH MOTOR VEHICLE,OTHER,STOP SIGN,DAYLIGHT,CLOUDY,WET
6836 ,33676700,MONROE,Webster,,,N,43.205568,-77.5131779,11/30/2010,7:02 PM,PROPERTY DAMAGE AND INJURY,1.,0 ,2 ,COLLISION WITH MOTOR VEHICLE,LEFT TURN (WITH OTHER CAR),TRAFFIC SIGNAL,DARK-ROAD LIGHTED,RAIN,WET
6836 ,33676708,MONROE,Brighton,,,N,43.1296585,-77.5251473,12/01/2010,2:01 PM,PROPERTY DAMAGE AND INJURY,1.,0 ,2 ,COLLISION WITH MOTOR VEHICLE,OTHER,NONE,DAYLIGHT,SNOW,SNOW/ICE
6836 ,33676721,MONROE,Sweden,,31 43031046,N,43.198358,-77.943655,12/03/2010,8:02 PM,PROPERTY DAMAGE AND INJURY,1.,0 ,2 ,COLLISION WITH MOTOR VEHICLE,LEFT TURN (AGAINST OTHER CAR),TRAFFIC SIGNAL,DARK-ROAD LIGHTED,CLOUDY,DRY
6836 ,33676725,MONROE,Henrietta,,,N,43.0733257,-77.625015,12/03/2010,9:48 PM,PROPERTY DAMAGE AND INJURY,1.,0 ,2 ,COLLISION WITH MOTOR VEHICLE,RIGHT ANGLE,NONE,DARK-ROAD LIGHTED,CLOUDY,WET
6836 ,33676726,MONROE,Clarkson,,,N,43.2309816,-77.9669669,12/01/2010,11:42 AM,PROPERTY DAMAGE AND INJURY,2.,0 ,2 ,COLLISION WITH MOTOR VEHICLE,RIGHT ANGLE,NONE,DAYLIGHT,SNOW,SLUSH
6836 ,33676732,MONROE,Ogden,,,N,43.142955,-77.7854057,11/29/2010,5:50 PM,PROPERTY DAMAGE AND INJURY,1.,0 ,2 ,COLLISION WITH MOTOR VEHICLE,HEAD ON,NO PASSING ZONE,DARK-ROAD UNLIGHTED,CLEAR,DRY
6836 ,33676733,MONROE,Gates,,,N,43.1409041,-77.6699721,11/29/2010,8:00 AM,INJURY,1.,0 ,2 ,COLLISION WITH MOTOR VEHICLE,REAR END,NONE,DAYLIGHT,CLEAR,DRY
6836 ,33676742,MONROE,Rochester,,,N,43.196037,-77.561399,12/05/2010,9:00 AM,PROPERTY DAMAGE AND INJURY,1.,0 ,2 ,COLLISION WITH MOTOR VEHICLE,RIGHT ANGLE,TRAFFIC SIGNAL,DAYLIGHT,SNOW,SNOW/ICE
6836 ,33676747,MONROE,Sweden,,,N,43.198312,-77.9324534,12/04/2010,2:58 PM,PROPERTY DAMAGE AND INJURY,1.,0 ,2 ,COLLISION WITH MOTOR VEHICLE,RIGHT ANGLE,STOP SIGN,DAYLIGHT,SNOW,WET
6836 ,33676760,MONROE,Brockport,,19 43041056,Y,43.213296,-77.939163,12/02/2010,4:30 PM,INJURY,1.,0 ,2 ,COLLISION WITH MOTOR VEHICLE,REAR END,NONE,DUSK,CLEAR,DRY
6836 ,33676764,MONROE,Pittsford,,31 43033053,N,43.0849049,-77.4997788,12/02/2010,6:55 AM,PROPERTY DAMAGE AND INJURY,1.,0 ,1 ,COLLISION WITH DEER,OTHER,NONE,DAWN,CLEAR,DRY
6836 ,33676765,MONROE,East Rochester,,253 43011165,Y,43.113818,-77.491373,12/03/2010,2:22 PM,PROPERTY DAMAGE AND INJURY,1.,0 ,3 ,COLLISION WITH MOTOR VEHICLE,OTHER,TRAFFIC SIGNAL,DAYLIGHT,CLOUDY,DRY
6836 ,33676771,MONROE,Pittsford,,,N,43.1001971,-77.547003,12/02/2010,12:49 PM,INJURY,1.,0 ,2 ,COLLISION WITH MOTOR VEHICLE,REAR END,TRAFFIC SIGNAL,DAYLIGHT,CLOUDY,DRY
6836 ,33676773,MONROE,Brighton,,31 43033020,N,43.1146176,-77.5518847,12/04/2010,2:31 PM,PROPERTY DAMAGE AND INJURY,1.,0 ,2 ,COLLISION WITH MOTOR VEHICLE,LEFT TURN (WITH OTHER CAR),NONE,DAYLIGHT,CLOUDY,DRY
6836 ,33676781,MONROE,Brighton,,,N,43.1399617,-77.543102,12/04/2010,12:50 AM,PROPERTY DAMAGE AND INJURY,1.,0 ,1 ,COLLISION WITH GUIDE RAIL,OTHER,NONE,DARK-ROAD LIGHTED,CLOUDY,SNOW/ICE
6836 ,33676786,MONROE,Brighton,,,N,43.1377736,-77.5284876,12/05/2010,1:09 PM,PROPERTY DAMAGE AND INJURY,1.,0 ,1 ,COLLISION WITH CURBING,OTHER,NONE,DAYLIGHT,SNOW,SNOW/ICE
6836 ,33676789,MONROE,Brighton,,,N,43.1295404,-77.5531523,12/03/2010,6:31 PM,PROPERTY DAMAGE AND INJURY,1.,0 ,2 ,COLLISION WITH MOTOR VEHICLE,REAR END,NONE,DARK-ROAD LIGHTED,SNOW,WET
6836 ,33676794,MONROE,Perinton,,,N,43.0644783,-77.4054733,12/02/2010,5:12 PM,PROPERTY DAMAGE AND INJURY,3.,0 ,3 ,COLLISION WITH MOTOR VEHICLE,OTHER,TRAFFIC SIGNAL,DARK-ROAD LIGHTED,CLOUDY,DRY
6836 ,33676811,MONROE,Gates,,,N,43.1647015,-77.6892839,12/04/2010,1:59 PM,PROPERTY DAMAGE AND INJURY,1.,0 ,2 ,COLLISION WITH MOTOR VEHICLE,RIGHT ANGLE,NONE,DAYLIGHT,CLOUDY,WET
6836 ,33676908,MONROE,Rochester,,490I43022048,N,43.1420192,-77.5874728,12/01/2010,10:50 AM,PROPERTY DAMAGE AND INJURY,1.,0 ,1 ,COLLISION WITH GUIDE RAIL,OTHER,NONE,DAYLIGHT,SNOW,WET
6836 ,33676922,MONROE,Riga,,490I43021062,N,43.0970763,-77.861239,12/01/2010,11:30 AM,PROPERTY DAMAGE AND INJURY,1.,0 ,1 ,COLL. W/EARTH ELE./ROCK CUT/DITCH,OTHER,NONE,DAYLIGHT,SNOW,SNOW/ICE
6836 ,33676993,MONROE,Greece,,,Y,43.286848,-77.714586,12/05/2010,1:37 PM,PROPERTY DAMAGE AND INJURY,2.,0 ,2 ,COLLISION WITH MOTOR VEHICLE,RIGHT ANGLE,STOP SIGN,DAYLIGHT,CLEAR,SNOW/ICE
6836 ,33677005,MONROE,Greece,,,N,43.2881364,-77.7477054,12/05/2010,1:09 PM,PROPERTY DAMAGE AND INJURY,2.,0 ,1 ,COLL. W/LIGHT SUPPORT/UTILITY POLE,OTHER,NONE,DAYLIGHT,SNOW,SNOW/ICE
6836 ,33677093,MONROE,Rochester,,,Y,43.164623,-77.633951,12/06/2010,5:56 PM,PROPERTY DAMAGE AND INJURY,2.,0 ,2 ,COLLISION WITH MOTOR VEHICLE,LEFT TURN (WITH OTHER CAR),TRAFFIC SIGNAL,DARK-ROAD LIGHTED,SNOW,SNOW/ICE
6836 ,33677563,MONROE,Pittsford,,490I43023040,N,43.1003766,-77.5028206,12/01/2010,5:00 AM,PROPERTY DAMAGE AND INJURY,1.,0 ,1 ,COLLISION WITH GUIDE RAIL,OTHER,NONE,DARK-ROAD UNLIGHTED,RAIN,WET
6836 ,33677571,MONROE,Perinton,,,N,43.1022111,-77.4656762,12/02/2010,9:30 AM,PROPERTY DAMAGE AND INJURY,3.,0 ,2 ,COLLISION WITH MOTOR VEHICLE,LEFT TURN (AGAINST OTHER CAR),TRAFFIC SIGNAL,DAYLIGHT,CLOUDY,DRY
6836 ,33677572,MONROE,Penfield,,,N,43.1604543,-77.4592801,11/25/2010,12:30 PM,PROPERTY DAMAGE AND INJURY,1.,0 ,1 ,COLLISION WITH GUIDE RAIL,OTHER,NONE,DAYLIGHT,RAIN,WET
6836 ,33677574,MONROE,Pittsford,,490I43023048,N,43.0892037,-77.4986658,11/29/2010,8:15 AM,PROPERTY DAMAGE AND INJURY,1.,0 ,2 ,COLLISION WITH MOTOR VEHICLE,REAR END,NONE,DAYLIGHT,CLEAR,DRY
6836 ,33677593,MONROE,Penfield,,,Y,43.160297,-77.449822,12/02/2010,11:00 AM,PROPERTY DAMAGE AND INJURY,3.,0 ,2 ,COLLISION WITH MOTOR VEHICLE,RIGHT ANGLE,STOP SIGN,DAYLIGHT,CLOUDY,DRY
6836 ,33677598,MONROE,Rochester,,,N,43.1431301,-77.5476763,12/05/2010,7:40 AM,INJURY,1.,0 ,1 ,COLLISION WITH OTHER BARRIER,OTHER,NONE,DAYLIGHT,SNOW,SNOW/ICE
6836 ,33677608,MONROE,Pittsford,,,N,43.1034543,-77.5047471,12/05/2010,10:02 AM,PROPERTY DAMAGE AND INJURY,4.,0 ,1 ,RAN OFF ROAD ONLY,OTHER,NONE,DAYLIGHT,SNOW,SNOW/ICE
6836 ,33677609,MONROE,Perinton,,,N,43.072751,-77.4557133,11/20/2010,11:58 AM,INJURY,1.,0 ,1 ,COLL. W/LIGHT SUPPORT/UTILITY POLE,OTHER,NONE,DAYLIGHT,CLOUDY,DRY
6836 ,33677613,MONROE,Wheatland,,,N,43.0257159,-77.8749222,12/05/2010,11:56 AM,PROPERTY DAMAGE AND INJURY,1.,0 ,1 ,COLL. W/EARTH ELE./ROCK CUT/DITCH,OTHER,NONE,DAYLIGHT,CLOUDY,WET
6836 ,33677623,MONROE,East Rochester,,,N,43.1186015,-77.4783364,12/05/2010,4:06 PM,PROPERTY DAMAGE AND INJURY,1.,0 ,2 ,COLLISION WITH MOTOR VEHICLE,RIGHT ANGLE,NONE,DAYLIGHT,SNOW,SNOW/ICE
6836 ,33677630,MONROE,Chili,,,Y,43.125727,-77.7031791,12/06/2010,8:05 AM,PROPERTY DAMAGE AND INJURY,1.,0 ,1 ,COLL. W/LIGHT SUPPORT/UTILITY POLE,OTHER,TRAFFIC SIGNAL,DAYLIGHT,SNOW,SNOW/ICE
6836 ,33677636,MONROE,Perinton,,96 43051028,N,43.0619769,-77.4785217,12/01/2010,9:05 AM,PROPERTY DAMAGE AND INJURY,2.,0 ,2 ,COLLISION WITH MOTOR VEHICLE,RIGHT TURN (AGAINST OTHER CAR),NONE,DAYLIGHT,RAIN,WET
6836 ,33677645,MONROE,Pittsford,,,Y,43.090828,-77.515256,12/04/2010,1:38 PM,PROPERTY DAMAGE AND INJURY,1.,0 ,2 ,COLLISION WITH MOTOR VEHICLE,REAR END,TRAFFIC SIGNAL,DAYLIGHT,CLOUDY,DRY
6836 ,33677648,MONROE,Perinton,,31F43011067,N,43.093943,-77.40336,12/02/2010,7:00 AM,PROPERTY DAMAGE AND INJURY,1.,0 ,2 ,COLLISION WITH MOTOR VEHICLE,REAR END,TRAFFIC SIGNAL,DAYLIGHT,CLOUDY,DRY
6836 ,33677808,MONROE,East Rochester,,,Y,43.110326,-77.497408,11/09/2010,8:35 AM,PROPERTY DAMAGE AND INJURY,1.,0 ,2 ,COLLISION WITH MOTOR VEHICLE,RIGHT ANGLE,STOP SIGN,DAYLIGHT,CLOUDY,DRY
6836 ,33678016,MONROE,Greece,,261 43011035,N,43.2684294,-77.7504904,11/19/2010,10:07 AM,PROPERTY DAMAGE AND INJURY,1.,0 ,2 ,COLLISION WITH MOTOR VEHICLE,UNKNOWN,NONE,DAYLIGHT,CLOUDY,DRY
6836 ,33678031,MONROE,Rochester,,,N,43.204358,-77.659296,11/16/2010,8:20 AM,PROPERTY DAMAGE AND INJURY,2.,0 ,2 ,COLLISION WITH MOTOR VEHICLE,UNKNOWN,NONE,DAYLIGHT,CLEAR,DRY
6836 ,33678138,MONROE,Rochester,,,Y,43.196126,-77.6124019,11/16/2010,9:42 AM,INJURY,1.,0 ,1 ,COLLISION WITH PEDESTRIAN,OTHER,NONE,DAYLIGHT,CLEAR,DRY
6836 ,33678140,MONROE,Rochester,,,Y,43.161707,-77.585903,11/18/2010,12:32 PM,INJURY,1.,0 ,1 ,COLLISION WITH BICYCLIST,OTHER,TRAFFIC SIGNAL,DAYLIGHT,CLOUDY,WET
6836 ,33678142,MONROE,Rochester,,,N,43.1152029,-77.6149542,11/17/2010,5:24 PM,INJURY,1.,0 ,1 ,COLLISION WITH BICYCLIST,OTHER,NONE,DARK-ROAD LIGHTED,CLEAR,DRY
6836 ,33678143,MONROE,Rochester,,,N,43.1418235,-77.6127798,11/18/2010,6:54 PM,INJURY,1.,0 ,1 ,COLLISION WITH BICYCLIST,OTHER,NONE,DARK-ROAD LIGHTED,RAIN,WET
6836 ,33678780,MONROE,Rochester,,,Y,43.151935,-77.628952,11/15/2010,12:21 PM,INJURY,1.,0 ,1 ,COLLISION WITH PEDESTRIAN,OTHER,TRAFFIC SIGNAL,DAYLIGHT,CLEAR,DRY
6836 ,33678781,MONROE,Rochester,,,Y,43.1407281,-77.596876,11/16/2010,5:42 PM,PROPERTY DAMAGE AND INJURY,1.,0 ,2 ,COLLISION WITH MOTOR VEHICLE,REAR END,NONE,DARK-ROAD LIGHTED,RAIN,WET
6836 ,33678852,MONROE,Rochester,,,Y,43.154924,-77.600816,11/16/2010,4:40 PM,INJURY,1.,0 ,1 ,COLLISION WITH PEDESTRIAN,OTHER,TRAFFIC SIGNAL,DUSK,RAIN,WET
6836 ,33678881,MONROE,Rochester,,,Y,43.180842,-77.599182,11/11/2010,6:20 PM,INJURY,1.,0 ,2 ,COLLISION WITH MOTOR VEHICLE,REAR END,TRAFFIC SIGNAL,DARK-ROAD LIGHTED,CLEAR,DRY
6836 ,33678907,MONROE,Rochester,,,N,43.145694,-77.5551873,11/04/2010,6:22 PM,INJURY,1.,0 ,1 ,COLLISION WITH PEDESTRIAN,OTHER,NONE,DARK-ROAD UNLIGHTED,RAIN,WET
6836 ,33678915,MONROE,Rochester,,,N,43.137075,-77.650969,11/13/2010,12:12 PM,PROPERTY DAMAGE AND INJURY,1.,0 ,2 ,COLLISION WITH MOTOR VEHICLE,RIGHT TURN (WITH OTHER CAR),TRAFFIC SIGNAL,DAYLIGHT,CLEAR,DRY
6836 ,33678916,MONROE,Perinton,,,N,43.0682537,-77.4321438,10/11/2010,2:05 PM,INJURY,1.,0 ,2 ,COLLISION WITH MOTOR VEHICLE,REAR END,TRAFFIC SIGNAL,DAYLIGHT,CLOUDY,DRY
6836 ,33679620,MONROE,Rochester,,,N,43.1513115,-77.5923236,11/15/2010,7:55 PM,PROPERTY DAMAGE AND INJURY,1.,0 ,2 ,COLLISION WITH MOTOR VEHICLE,RIGHT ANGLE,NONE,DARK-ROAD UNLIGHTED,CLEAR,DRY
6836 ,33679758,MONROE,Webster,,,N,43.214195,-77.475083,11/23/2010,3:15 PM,PROPERTY DAMAGE AND INJURY,1.,0 ,3 ,COLLISION WITH MOTOR VEHICLE,OTHER,TRAFFIC SIGNAL,DAYLIGHT,CLOUDY,DRY
6836 ,33679808,MONROE,Rochester,,,N,43.1758457,-77.5575863,11/15/2010,5:24 PM,PROPERTY DAMAGE AND INJURY,1.,0 ,2 ,COLLISION WITH MOTOR VEHICLE,REAR END,TRAFFIC SIGNAL,DARK-ROAD LIGHTED,CLEAR,DRY
6836 ,33679915,MONROE,Rochester,,96 43052021,N,43.1527378,-77.5853306,11/16/2010,7:08 PM,PROPERTY DAMAGE AND INJURY,2.,0 ,2 ,COLLISION WITH MOTOR VEHICLE,SIDESWIPE,NONE,DARK-ROAD LIGHTED,RAIN,WET
6836 ,33679917,MONROE,Rochester,,,N,43.1646471,-77.6531172,11/15/2010,1:22 PM,INJURY,1.,0 ,2 ,COLLISION WITH MOTOR VEHICLE,REAR END,NONE,DAYLIGHT,CLEAR,DRY
6836 ,33679990,MONROE,Rochester,,,Y,43.162721,-77.608702,11/15/2010,11:39 AM,PROPERTY DAMAGE AND INJURY,3.,0 ,2 ,COLLISION WITH MOTOR VEHICLE,LEFT TURN (AGAINST OTHER CAR),TRAFFIC SIGNAL,DAYLIGHT,CLEAR,DRY
6836 ,33679992,MONROE,Rochester,,,Y,43.169949,-77.6540995,11/13/2010,10:44 AM,PROPERTY DAMAGE AND INJURY,2.,0 ,2 ,COLLISION WITH MOTOR VEHICLE,REAR END,NONE,DAYLIGHT,CLEAR,DRY
6836 ,33679993,MONROE,Rochester,,,Y,43.159229,-77.616514,11/15/2010,8:49 AM,INJURY,1.,0 ,2 ,COLLISION WITH MOTOR VEHICLE,REAR END,TRAFFIC SIGNAL,DAYLIGHT,CLEAR,DRY
6836 ,33679995,MONROE,Rochester,,,Y,43.170708,-77.594481,11/15/2010,5:20 PM,INJURY,1.,0 ,2 ,COLLISION WITH MOTOR VEHICLE,REAR END,TRAFFIC SIGNAL,DAYLIGHT,CLEAR,DRY
6836 ,33679996,MONROE,Rochester,,,N,43.2002547,-77.6261075,11/14/2010,2:42 PM,INJURY,1.,0 ,1 ,COLLISION WITH CURBING,OTHER,NONE,DAYLIGHT,RAIN,WET
6836 ,33680022,MONROE,Rochester,,,N,43.1268989,-77.6163296,11/17/2010,11:54 AM,INJURY,1.,0 ,2 ,COLLISION WITH MOTOR VEHICLE,REAR END,NONE,DAYLIGHT,RAIN,WET
6836 ,33680023,MONROE,Rochester,,,Y,43.146313,-77.597183,11/17/2010,10:51 AM,INJURY,1.,0 ,2 ,COLLISION WITH MOTOR VEHICLE,RIGHT ANGLE,STOP SIGN,DAYLIGHT,RAIN,WET
6836 ,33680024,MONROE,Rochester,,,Y,43.185306,-77.583977,11/17/2010,3:48 PM,INJURY,1.,0 ,1 ,COLLISION WITH PEDESTRIAN,OTHER,STOP SIGN,DAYLIGHT,RAIN,WET
6836 ,33680025,MONROE,Rochester,,,Y,43.16291,-77.603175,11/16/2010,6:45 PM,INJURY,1.,0 ,1 ,COLLISION WITH BICYCLIST,OTHER,NONE,DARK-ROAD LIGHTED,RAIN,WET
6836 ,33680026,MONROE,Rochester,,,N,43.1687765,-77.618441,11/17/2010,11:58 AM,INJURY,2.,0 ,2 ,COLLISION WITH MOTOR VEHICLE,RIGHT ANGLE,NONE,DAYLIGHT,CLOUDY,WET
6836 ,33680029,MONROE,Rochester,,,Y,43.15843,-77.615431,11/17/2010,5:26 PM,PROPERTY DAMAGE AND INJURY,1.,0 ,2 ,COLLISION WITH MOTOR VEHICLE,LEFT TURN (AGAINST OTHER CAR),TRAFFIC SIGNAL,DARK-ROAD LIGHTED,CLOUDY,WET
6836 ,33680141,MONROE,Rochester,,,Y,43.182117,-77.595484,11/21/2010,10:52 AM,INJURY,2.,0 ,2 ,COLLISION WITH MOTOR VEHICLE,RIGHT ANGLE,NONE,DAYLIGHT,CLEAR,DRY
6836 ,33680144,MONROE,Rochester,,,Y,43.164633,-77.646619,11/19/2010,7:43 AM,INJURY,1.,0 ,2 ,COLLISION WITH MOTOR VEHICLE,REAR END,TRAFFIC SIGNAL,DAYLIGHT,CLEAR,DRY
6836 ,33680145,MONROE,Rochester,,,N,43.137042,-77.552998,11/19/2010,3:27 PM,PROPERTY DAMAGE AND INJURY,1.,0 ,2 ,COLLISION WITH MOTOR VEHICLE,LEFT TURN (WITH OTHER CAR),NONE,DAYLIGHT,CLEAR,DRY
6836 ,33680222,MONROE,Rochester,,,Y,43.142007,-77.604381,11/19/2010,8:15 AM,PROPERTY DAMAGE AND INJURY,1.,0 ,2 ,COLLISION WITH MOTOR VEHICLE,LEFT TURN (AGAINST OTHER CAR),TRAFFIC SIGNAL,DAYLIGHT,CLOUDY,DRY
6836 ,33680225,MONROE,Rochester,,,N,43.1765901,-77.6508613,11/22/2010,6:01 PM,INJURY,1.,0 ,2 ,COLLISION WITH MOTOR VEHICLE,LEFT TURN (AGAINST OTHER CAR),NONE,DARK-ROAD LIGHTED,RAIN,WET
6836 ,33680227,MONROE,Rochester,,,Y,43.18151,-77.575931,11/22/2010,3:45 PM,PROPERTY DAMAGE AND INJURY,2.,0 ,2 ,COLLISION WITH MOTOR VEHICLE,REAR END,TRAFFIC SIGNAL,DAYLIGHT,RAIN,WET
6836 ,33680228,MONROE,Rochester,,,Y,43.177334,-77.595251,11/22/2010,5:27 PM,INJURY,1.,0 ,1 ,COLLISION WITH BICYCLIST,OTHER,STOP SIGN,DARK-ROAD LIGHTED,RAIN,WET
6836 ,33680229,MONROE,Rochester,,,N,43.1246787,-77.616406,11/15/2010,6:54 AM,INJURY,1.,0 ,1 ,COLLISION WITH PEDESTRIAN,OTHER,TRAFFIC SIGNAL,DAYLIGHT,CLEAR,DRY
6836 ,33680236,MONROE,Rochester,,,Y,43.164639,-77.6232511,11/20/2010,2:36 AM,PROPERTY DAMAGE AND INJURY,3.,0 ,2 ,COLLISION WITH MOTOR VEHICLE,LEFT TURN (AGAINST OTHER CAR),TRAFFIC SIGNAL,DARK-ROAD LIGHTED,CLEAR,DRY
6836 ,33680237,MONROE,Rochester,,,Y,43.154973,-77.606717,11/19/2010,5:19 PM,INJURY,1.,0 ,1 ,COLLISION WITH CURBING,OTHER,TRAFFIC SIGNAL,DARK-ROAD LIGHTED,CLOUDY,DRY
6836 ,33681610,MONROE,Henrietta,,15 43031109,N,43.088038,-77.63631,11/30/2010,5:25 PM,INJURY,1.,0 ,1 ,COLLISION WITH PEDESTRIAN,OTHER,TRAFFIC SIGNAL,DAYLIGHT,RAIN,WET
6836 ,33681630,MONROE,Rochester,,,N,43.1677896,-77.6173767,10/22/2010,10:21 AM,INJURY,1.,0 ,3 ,COLLISION WITH MOTOR VEHICLE,OTHER,NONE,DAYLIGHT,CLEAR,DRY
6836 ,33681886,MONROE,Perinton,,31F43011050,N,43.1027471,-77.432129,12/05/2010,3:23 PM,PROPERTY DAMAGE AND INJURY,2.,0 ,3 ,COLLISION WITH MOTOR VEHICLE,OTHER,NONE,DAYLIGHT,SNOW,SNOW/ICE
6836 ,33681887,MONROE,Perinton,,,N,43.0782115,-77.4321171,12/01/2010,11:50 AM,PROPERTY DAMAGE AND INJURY,2.,0 ,2 ,COLLISION WITH MOTOR VEHICLE,RIGHT TURN (WITH OTHER CAR),NONE,DAYLIGHT,SNOW,SLUSH
6836 ,33681975,MONROE,Rochester,,,Y,43.143782,-77.6289791,11/16/2010,6:56 PM,INJURY,1.,0 ,2 ,COLLISION WITH MOTOR VEHICLE,UNKNOWN,NONE,DARK-ROAD LIGHTED,RAIN,WET
6836 ,33681989,MONROE,Rochester,,,Y,43.154089,-77.605099,11/19/2010,10:42 AM,INJURY,1.,0 ,2 ,COLLISION WITH MOTOR VEHICLE,REAR END,TRAFFIC SIGNAL,DAYLIGHT,CLEAR,DRY
6836 ,33682620,MONROE,Clarkson,,,Y,43.225363,-77.89015,11/18/2010,2:00 PM,INJURY,1.,0 ,2 ,COLLISION WITH MOTOR VEHICLE,UNKNOWN,TRAFFIC SIGNAL,DAYLIGHT,RAIN,WET
6836 ,33683293,MONROE,Rochester,,,Y,43.157047,-77.548961,11/23/2010,8:05 AM,PROPERTY DAMAGE AND INJURY,3.,0 ,2 ,COLLISION WITH MOTOR VEHICLE,UNKNOWN,TRAFFIC SIGNAL,DAYLIGHT,CLOUDY,WET
6836 ,33683295,MONROE,Rochester,,31 43032054,Y,43.141527,-77.5848779,11/23/2010,5:49 PM,INJURY,1.,0 ,1 ,COLLISION WITH PEDESTRIAN,OTHER,NONE,DARK-ROAD LIGHTED,CLOUDY,DRY
6836 ,33683296,MONROE,Rochester,,,Y,43.180585,-77.6079719,11/22/2010,6:45 AM,PROPERTY DAMAGE AND INJURY,2.,0 ,2 ,COLLISION WITH MOTOR VEHICLE,RIGHT ANGLE,TRAFFIC SIGNAL,DAWN,CLOUDY,DRY
6836 ,33683297,MONROE,Rochester,,,N,43.1309721,-77.6479559,11/22/2010,1:12 PM,INJURY,1.,0 ,2 ,COLLISION WITH MOTOR VEHICLE,HEAD ON,NONE,DAYLIGHT,CLOUDY,WET
6836 ,33683298,MONROE,Rochester,,,N,43.1939018,-77.6578192,11/22/2010,2:06 PM,INJURY,1.,0 ,2 ,COLLISION WITH MOTOR VEHICLE,REAR END,NONE,DAYLIGHT,RAIN,WET