QUERYID,CASE #,REGN_CNTY_CDE,Municipality,MUNITYPE,REF_MRKR,ATINTERSECTION_IND,Lat,Long,,Time,Crash Type,Injuries,Fatalities,Number of Vehicles,ACCD_TYP,COLLISION_TYP,TRAF_CNTL,Light Condition,Weather Condition,Road Surface Condition
6836 ,33683396,MONROE,Henrietta,,252 43011062,N,43.0929174,-77.6540666,10/11/2010,12:40 AM,FATAL,1.,1 ,4 ,COLLISION WITH MOTOR VEHICLE,OTHER,TRAFFIC SIGNAL,DARK-ROAD LIGHTED,CLOUDY,DRY
6836 ,33684318,MONROE,Rochester,,,Y,43.14883,-77.597661,11/20/2010,12:14 AM,PROPERTY DAMAGE AND INJURY,1.,0 ,2 ,COLLISION WITH MOTOR VEHICLE,REAR END,UNKNOWN,UNKNOWN,UNKNOWN,UNKNOWN
6836 ,33684579,MONROE,Brighton,,490I43023000,N,43.1429856,-77.547003,12/01/2010,5:07 PM,INJURY,1.,0 ,2 ,COLLISION WITH MOTOR VEHICLE,REAR END,NONE,DARK-ROAD LIGHTED,CLOUDY,WET
6836 ,33685190,MONROE,Perinton,,,N,43.0454623,-77.4319641,12/07/2010,8:48 AM,PROPERTY DAMAGE AND INJURY,1.,0 ,1 ,COLL. W/LIGHT SUPPORT/UTILITY POLE,OTHER,NO PASSING ZONE,DAYLIGHT,SNOW,SNOW/ICE
6836 ,33685257,MONROE,Rochester,,,Y,43.146709,-77.6001611,11/25/2010,8:25 PM,PROPERTY DAMAGE AND INJURY,2.,0 ,2 ,COLLISION WITH MOTOR VEHICLE,UNKNOWN,TRAFFIC SIGNAL,DARK-ROAD LIGHTED,CLEAR,DRY
6836 ,33685269,MONROE,Parma,,,N,43.2799047,-77.7499749,12/01/2010,12:09 PM,PROPERTY DAMAGE AND INJURY,1.,0 ,1 ,COLL. W/LIGHT SUPPORT/UTILITY POLE,OTHER,NONE,DAYLIGHT,SNOW,SNOW/ICE
6836 ,33685293,MONROE,Webster,,,Y,43.2084163,-77.4302697,12/03/2010,8:18 AM,PROPERTY DAMAGE AND INJURY,1.,0 ,1 ,COLLISION WITH PEDESTRIAN,OTHER,NONE,DAYLIGHT,CLEAR,DRY
6836 ,33685445,MONROE,Brighton,,,Y,43.137762,-77.526829,12/08/2010,4:47 PM,PROPERTY DAMAGE AND INJURY,1.,0 ,2 ,COLLISION WITH MOTOR VEHICLE,RIGHT ANGLE,NONE,DAYLIGHT,CLOUDY,WET
6836 ,33685463,MONROE,Gates,,,N,43.1446639,-77.691019,12/07/2010,8:34 AM,PROPERTY DAMAGE AND INJURY,1.,0 ,1 ,COLL. W/LIGHT SUPPORT/UTILITY POLE,OTHER,NONE,DAYLIGHT,SNOW,SNOW/ICE
6836 ,33685509,MONROE,Rochester,,,N,43.143009,-77.5767676,12/01/2010,2:46 AM,PROPERTY DAMAGE AND INJURY,1.,0 ,1 ,COLLISION WITH PEDESTRIAN,OTHER,NONE,DARK-ROAD LIGHTED,RAIN,WET
6836 ,33685612,MONROE,Henrietta,,,N,43.0405272,-77.6520168,11/27/2010,4:01 PM,PROPERTY DAMAGE AND INJURY,1.,0 ,1 ,COLLISION WITH OTHER FIXED OBJECT,OTHER,NONE,DAYLIGHT,CLEAR,DRY
6836 ,33685651,MONROE,Rochester,,,N,43.1426564,-77.580565,12/01/2010,2:46 AM,PROPERTY DAMAGE AND INJURY,1.,0 ,1 ,COLLISION WITH GUIDE RAIL,OTHER,NONE,DARK-ROAD LIGHTED,RAIN,WET
6836 ,33685705,MONROE,Rochester,,,N,43.142601,-77.5495138,12/05/2010,2:00 PM,PROPERTY DAMAGE AND INJURY,1.,0 ,1 ,COLLISION WITH GUIDE RAIL,OTHER,NONE,DAYLIGHT,SNOW,SNOW/ICE
6836 ,33685728,MONROE,Brighton,,,N,43.1062992,-77.6159157,12/07/2010,5:29 PM,INJURY,2.,0 ,2 ,COLLISION WITH MOTOR VEHICLE,REAR END,TRAFFIC SIGNAL,DARK-ROAD LIGHTED,SNOW,SNOW/ICE
6836 ,33685791,MONROE,Greece,,390 43011033,N,43.2041793,-77.6765037,12/05/2010,10:15 PM,PROPERTY DAMAGE AND INJURY,1.,0 ,1 ,COLL. W/LIGHT SUPPORT/UTILITY POLE,OTHER,NONE,DARK-ROAD LIGHTED,SNOW,SNOW/ICE
6836 ,33685799,MONROE,Chili,,,N,43.0804485,-77.6916083,12/06/2010,10:50 AM,PROPERTY DAMAGE AND INJURY,1.,0 ,1 ,COLL. W/EARTH ELE./ROCK CUT/DITCH,OTHER,NONE,DAYLIGHT,SNOW,WET
6836 ,33685817,MONROE,Ogden,,36 43031151,Y,43.186507,-77.8542729,12/04/2010,7:33 PM,PROPERTY DAMAGE AND INJURY,3.,0 ,2 ,COLLISION WITH MOTOR VEHICLE,RIGHT ANGLE,TRAFFIC SIGNAL,DARK-ROAD LIGHTED,CLOUDY,WET
6836 ,33685886,MONROE,Irondequoit,,,Y,43.2338255,-77.5439314,12/07/2010,4:02 PM,INJURY,1.,0 ,1 ,COLLISION WITH TREE,OTHER,NONE,DAYLIGHT,SNOW,WET
6836 ,33685914,MONROE,Sweden,,,Y,43.211014,-77.895061,12/04/2010,10:33 AM,PROPERTY DAMAGE AND INJURY,1.,0 ,2 ,COLLISION WITH MOTOR VEHICLE,LEFT TURN (AGAINST OTHER CAR),STOP SIGN,DAYLIGHT,SNOW,WET
6836 ,33686012,MONROE,Rush,,,Y,43.003023,-77.666489,12/05/2010,3:46 PM,PROPERTY DAMAGE AND INJURY,1.,0 ,2 ,COLLISION WITH MOTOR VEHICLE,RIGHT ANGLE,TRAFFIC SIGNAL,DAYLIGHT,SNOW,SNOW/ICE
6836 ,33686026,MONROE,Webster,,,Y,43.204635,-77.496202,11/30/2010,9:01 AM,PROPERTY DAMAGE AND INJURY,1.,0 ,3 ,COLLISION WITH MOTOR VEHICLE,OTHER,TRAFFIC SIGNAL,DAYLIGHT,RAIN,WET
6836 ,33686106,MONROE,Rochester,,,N,43.1417198,-77.5906569,12/07/2010,8:50 AM,PROPERTY DAMAGE AND INJURY,1.,0 ,2 ,COLLISION WITH MOTOR VEHICLE,RIGHT ANGLE,NONE,DAYLIGHT,SNOW,SNOW/ICE
6836 ,33686115,MONROE,Chili,,383 43011154,N,43.1210243,-77.6505789,11/29/2010,7:50 AM,INJURY,1.,0 ,1 ,COLLISION WITH BICYCLIST,OTHER,NONE,DAYLIGHT,CLEAR,DRY
6836 ,33686203,MONROE,Riga,,,N,43.0566391,-77.94207,12/05/2010,4:15 PM,PROPERTY DAMAGE AND INJURY,1.,0 ,1 ,COLLISION WITH TREE,OTHER,NONE,DUSK,SNOW,SNOW/ICE
6836 ,33686207,MONROE,Brighton,,,N,43.1260995,-77.5757889,12/07/2010,6:40 AM,PROPERTY DAMAGE AND INJURY,1.,0 ,2 ,COLLISION WITH MOTOR VEHICLE,REAR END,NONE,DARK-ROAD UNLIGHTED,SNOW,SNOW/ICE
6836 ,33686214,MONROE,Sweden,,,N,43.2070645,-77.922401,12/05/2010,5:22 PM,INJURY,1.,0 ,1 ,COLL. W/EARTH ELE./ROCK CUT/DITCH,OTHER,NONE,DARK-ROAD UNLIGHTED,SNOW,SNOW/ICE
6836 ,33686222,MONROE,Henrietta,,,N,43.0479709,-77.5990492,12/06/2010,4:03 PM,INJURY,1.,0 ,1 ,COLL. W/LIGHT SUPPORT/UTILITY POLE,OTHER,NONE,DAYLIGHT,SNOW,SNOW/ICE
6836 ,33686279,MONROE,Greece,,,N,43.231167,-77.64689,12/05/2010,4:07 PM,PROPERTY DAMAGE AND INJURY,1.,0 ,2 ,COLLISION WITH MOTOR VEHICLE,REAR END,TRAFFIC SIGNAL,DAYLIGHT,SNOW,SNOW/ICE
6836 ,33686346,MONROE,Brighton,,,N,43.1308467,-77.5533211,12/05/2010,4:20 PM,PROPERTY DAMAGE AND INJURY,1.,0 ,2 ,COLLISION WITH MOTOR VEHICLE,REAR END,NONE,DAYLIGHT,SNOW,SNOW/ICE
6836 ,33686427,MONROE,Rush,,15A43041046,N,42.9910659,-77.6440143,12/05/2010,5:12 PM,INJURY,1.,0 ,2 ,COLLISION WITH MOTOR VEHICLE,HEAD ON,NONE,DARK-ROAD LIGHTED,SNOW,SNOW/ICE
6836 ,33686484,MONROE,Rochester,,96 43052007,N,43.146482,-77.5595259,12/08/2010,8:10 AM,INJURY,1.,0 ,2 ,COLLISION WITH MOTOR VEHICLE,REAR END,NONE,DAYLIGHT,CLOUDY,SLUSH
6836 ,33686496,MONROE,Greece,,,Y,43.186914,-77.701511,11/29/2010,5:42 PM,PROPERTY DAMAGE AND INJURY,2.,0 ,2 ,COLLISION WITH MOTOR VEHICLE,LEFT TURN (WITH OTHER CAR),TRAFFIC SIGNAL,DARK-ROAD LIGHTED,CLOUDY,DRY
6836 ,33686509,MONROE,Greece,,,Y,43.223681,-77.69681,12/04/2010,2:31 PM,INJURY,1.,0 ,2 ,COLLISION WITH MOTOR VEHICLE,LEFT TURN (WITH OTHER CAR),TRAFFIC SIGNAL,DAYLIGHT,SNOW,WET
6836 ,33686577,MONROE,Gates,,490I43021152,N,43.1449675,-77.7172981,12/07/2010,8:20 AM,INJURY,1.,0 ,2 ,COLLISION WITH MOTOR VEHICLE,REAR END,NONE,DAYLIGHT,SNOW,SNOW/ICE
6836 ,33686877,MONROE,Brighton,,490I43023001,N,43.1429636,-77.5462266,12/05/2010,7:43 AM,PROPERTY DAMAGE AND INJURY,1.,0 ,1 ,COLLISION WITH GUIDE RAIL,OTHER,NONE,DAYLIGHT,SNOW,SNOW/ICE
6836 ,33686879,MONROE,Rochester,,490I43022038,N,43.1490954,-77.6034369,11/25/2010,2:01 PM,PROPERTY DAMAGE AND INJURY,1.,0 ,1 ,OVERTURNED,OTHER,NONE,DAYLIGHT,RAIN,WET
6836 ,33686950,MONROE,Perinton,,490I43023077,N,43.0538054,-77.4700372,12/06/2010,9:10 AM,PROPERTY DAMAGE AND INJURY,2.,0 ,1 ,COLLISION WITH GUIDE RAIL,OTHER,NONE,DAYLIGHT,SNOW,SNOW/ICE
6836 ,33686978,MONROE,Irondequoit,,590 43013007,N,43.1762503,-77.5426116,12/07/2010,6:16 AM,PROPERTY DAMAGE AND INJURY,1.,0 ,1 ,COLLISION WITH OTHER BARRIER,OTHER,NONE,DARK-ROAD LIGHTED,SNOW,SNOW/ICE
6836 ,33687064,MONROE,Rochester,,590 43012003,N,43.1422881,-77.5512993,12/05/2010,12:15 PM,PROPERTY DAMAGE AND INJURY,1.,0 ,3 ,COLLISION WITH MOTOR VEHICLE,OTHER,NONE,DAYLIGHT,SNOW,SNOW/ICE
6836 ,33687098,MONROE,Greece,,,Y,43.207662,-77.681855,12/04/2010,5:21 PM,INJURY,2.,0 ,2 ,COLLISION WITH MOTOR VEHICLE,OVERTAKING,NONE,DARK-ROAD LIGHTED,CLOUDY,WET
6836 ,33687576,MONROE,Rochester,,,Y,43.158259,-77.592753,11/16/2010,5:30 PM,INJURY,2.,0 ,2 ,COLLISION WITH MOTOR VEHICLE,REAR END,TRAFFIC SIGNAL,DUSK,RAIN,WET
6836 ,33687681,MONROE,Rochester,,490I43022044,N,43.1422966,-77.5968027,12/09/2010,3:26 PM,PROPERTY DAMAGE AND INJURY,1.,0 ,2 ,COLLISION WITH MOTOR VEHICLE,REAR END,NONE,DAYLIGHT,CLOUDY,WET
6836 ,33687861,MONROE,Rush,,390I43031028,N,42.9783253,-77.6829695,12/05/2010,9:17 PM,PROPERTY DAMAGE AND INJURY,1.,0 ,3 ,COLLISION WITH MOTOR VEHICLE,OTHER,NONE,DARK-ROAD UNLIGHTED,SNOW,SNOW/ICE
6836 ,33688087,MONROE,Rochester,,,Y,43.151666,-77.659804,12/05/2010,1:15 AM,PROPERTY DAMAGE AND INJURY,1.,0 ,1 ,COLLISION WITH OTHER FIXED OBJECT,OTHER,NONE,DARK-ROAD LIGHTED,SNOW,SNOW/ICE
6836 ,33688319,MONROE,Greece,,,N,43.223233,-77.641342,12/09/2010,12:38 PM,PROPERTY DAMAGE AND INJURY,1.,0 ,2 ,COLLISION WITH MOTOR VEHICLE,LEFT TURN (AGAINST OTHER CAR),TRAFFIC SIGNAL,DAYLIGHT,CLEAR,WET
6836 ,33688336,MONROE,Greece,,,N,43.238474,-77.696648,12/05/2010,8:30 PM,PROPERTY DAMAGE AND INJURY,2.,0 ,2 ,COLLISION WITH MOTOR VEHICLE,HEAD ON,TRAFFIC SIGNAL,DARK-ROAD LIGHTED,SNOW,SNOW/ICE
6836 ,33688366,MONROE,Henrietta,,,N,43.0480228,-77.6405071,12/04/2010,3:32 PM,PROPERTY DAMAGE AND INJURY,1.,0 ,1 ,COLLISION WITH GUIDERAIL - END,OTHER,NONE,DAYLIGHT,CLOUDY,WET
6836 ,33688516,MONROE,Rochester,,,N,43.142278,-77.586219,12/02/2010,8:50 AM,PROPERTY DAMAGE AND INJURY,1.,0 ,2 ,COLLISION WITH MOTOR VEHICLE,REAR END,TRAFFIC SIGNAL,DAYLIGHT,CLEAR,DRY
6836 ,33688517,MONROE,Rochester,,,N,43.1542033,-77.5911003,12/02/2010,8:07 PM,INJURY,1.,0 ,1 ,COLLISION WITH BICYCLIST,OTHER,NONE,DARK-ROAD LIGHTED,CLOUDY,DRY
6836 ,33688657,MONROE,Rochester,,,N,43.194691,-77.628791,11/29/2010,6:35 PM,INJURY,1.,0 ,2 ,COLLISION WITH MOTOR VEHICLE,REAR END,TRAFFIC SIGNAL,DARK-ROAD LIGHTED,CLEAR,DRY
6836 ,33688781,MONROE,Rochester,,,Y,43.14176,-77.598004,11/26/2010,1:42 PM,PROPERTY DAMAGE AND INJURY,1.,0 ,2 ,COLLISION WITH MOTOR VEHICLE,RIGHT ANGLE,TRAFFIC SIGNAL,DAYLIGHT,CLOUDY,DRY
6836 ,33688783,MONROE,Rochester,,,Y,43.19384,-77.638874,04/26/2010,2:20 PM,PROPERTY DAMAGE AND INJURY,2.,0 ,2 ,COLLISION WITH MOTOR VEHICLE,RIGHT ANGLE,TRAFFIC SIGNAL,DAYLIGHT,CLOUDY,DRY
6836 ,33688785,MONROE,Rochester,,,N,43.1336477,-77.6554803,11/28/2010,2:06 AM,PROPERTY DAMAGE AND INJURY,1.,0 ,1 ,COLLISION WITH CURBING,OTHER,NONE,DARK-ROAD LIGHTED,CLEAR,DRY
6836 ,33688786,MONROE,Rochester,,,N,43.161842,-77.6388489,11/20/2010,9:17 AM,INJURY,1.,0 ,1 ,COLLISION WITH TREE,OTHER,NONE,DARK-ROAD UNLIGHTED,CLEAR,DRY
6836 ,33688787,MONROE,Rochester,,31 43032058,Y,43.13778,-77.57826,11/25/2010,11:09 PM,PROPERTY DAMAGE AND INJURY,1.,0 ,2 ,COLLISION WITH MOTOR VEHICLE,LEFT TURN (AGAINST OTHER CAR),TRAFFIC SIGNAL,DARK-ROAD LIGHTED,RAIN,WET
6836 ,33688789,MONROE,Rochester,,,Y,43.141729,-77.612856,11/24/2010,1:53 PM,PROPERTY DAMAGE AND INJURY,1.,0 ,2 ,COLLISION WITH MOTOR VEHICLE,UNKNOWN,STOP SIGN,DAYLIGHT,CLEAR,DRY
6836 ,33688790,MONROE,Rochester,,,Y,43.174915,-77.6132469,11/26/2010,10:24 AM,INJURY,1.,0 ,2 ,COLLISION WITH MOTOR VEHICLE,RIGHT ANGLE,TRAFFIC SIGNAL,DAYLIGHT,CLOUDY,DRY
6836 ,33689520,MONROE,Rochester,,,N,43.1282399,-77.6532569,12/07/2010,6:10 AM,PROPERTY DAMAGE AND INJURY,1.,0 ,2 ,COLLISION WITH MOTOR VEHICLE,HEAD ON,NONE,DARK-ROAD LIGHTED,SNOW,SNOW/ICE
6836 ,33689522,MONROE,Rochester,,,N,43.1477665,-77.6534115,12/11/2010,2:25 AM,PROPERTY DAMAGE AND INJURY,2.,0 ,2 ,COLLISION WITH CURBING,SIDESWIPE,NONE,DARK-ROAD LIGHTED,CLOUDY,SNOW/ICE
6836 ,33689526,MONROE,Rochester,,,Y,43.179212,-77.659079,12/10/2010,7:40 PM,INJURY,1.,0 ,2 ,COLLISION WITH MOTOR VEHICLE,LEFT TURN (AGAINST OTHER CAR),TRAFFIC SIGNAL,DARK-ROAD LIGHTED,CLEAR,WET
6836 ,33690429,MONROE,Brighton,,,N,43.095721,-77.6019109,12/07/2010,8:03 AM,INJURY,1.,0 ,3 ,COLLISION WITH MOTOR VEHICLE,OTHER,NONE,DAYLIGHT,SNOW,SNOW/ICE
6836 ,33690438,MONROE,Chili,,,N,43.107714,-77.745021,12/04/2010,2:23 PM,PROPERTY DAMAGE AND INJURY,1.,0 ,2 ,COLLISION WITH MOTOR VEHICLE,LEFT TURN (AGAINST OTHER CAR),TRAFFIC SIGNAL,DAYLIGHT,CLOUDY,DRY
6836 ,33690440,MONROE,Ogden,,33 43031087,Y,43.135108,-77.775908,11/26/2010,7:16 AM,PROPERTY DAMAGE AND INJURY,2.,0 ,2 ,COLLISION WITH MOTOR VEHICLE,HEAD ON,NO PASSING ZONE,DAWN,CLOUDY,DRY
6836 ,33690447,MONROE,Henrietta,,,N,43.0687863,-77.588285,12/07/2010,6:00 PM,INJURY,1.,0 ,2 ,COLLISION WITH MOTOR VEHICLE,REAR END,TRAFFIC SIGNAL,DARK-ROAD LIGHTED,SNOW,SNOW/ICE
6836 ,33690450,MONROE,Wheatland,,,N,42.9906322,-77.7431591,12/06/2010,6:38 AM,INJURY,1.,0 ,1 ,COLL. W/LIGHT SUPPORT/UTILITY POLE,OTHER,NONE,DARK-ROAD UNLIGHTED,SNOW,SNOW/ICE
6836 ,33690459,MONROE,Brighton,,490I43023005,N,43.1394113,-77.5391739,12/07/2010,5:08 PM,PROPERTY DAMAGE AND INJURY,3.,0 ,2 ,COLLISION WITH MOTOR VEHICLE,REAR END,NONE,DARK-ROAD LIGHTED,SNOW,WET
6836 ,33690471,MONROE,Perinton,,,N,43.053624,-77.4616548,12/01/2010,2:41 PM,PROPERTY DAMAGE AND INJURY,1.,0 ,1 ,COLL. W/EARTH ELE./ROCK CUT/DITCH,OTHER,NONE,DAYLIGHT,SLEET/HAIL/FREEZING RAIN,SNOW/ICE
6836 ,33690474,MONROE,Perinton,,96 43051004,N,43.0373159,-77.4520313,12/10/2010,12:47 PM,PROPERTY DAMAGE AND INJURY,2.,0 ,3 ,COLLISION WITH MOTOR VEHICLE,OTHER,NONE,DAYLIGHT,CLOUDY,DRY
6836 ,33690476,MONROE,Henrietta,,,N,43.087138,-77.629696,12/07/2010,8:21 PM,PROPERTY DAMAGE AND INJURY,1.,0 ,2 ,COLLISION WITH MOTOR VEHICLE,REAR END,TRAFFIC SIGNAL,DARK-ROAD LIGHTED,SNOW,SNOW/ICE
6836 ,33690484,MONROE,Perinton,,,N,43.0369799,-77.4505889,12/08/2010,10:45 AM,INJURY,1.,0 ,2 ,COLLISION WITH MOTOR VEHICLE,REAR END,TRAFFIC SIGNAL,DAYLIGHT,SNOW,SNOW/ICE
6836 ,33690487,MONROE,Gates,,,N,43.169696,-77.6832463,12/07/2010,6:30 PM,INJURY,1.,0 ,1 ,COLLISION WITH GUIDE RAIL,OTHER,NONE,DARK-ROAD LIGHTED,SNOW,SNOW/ICE
6836 ,33690488,MONROE,Penfield,,441 43011052,N,43.1307579,-77.4413141,12/10/2010,2:16 PM,PROPERTY DAMAGE AND INJURY,1.,0 ,2 ,COLLISION WITH MOTOR VEHICLE,REAR END,TRAFFIC SIGNAL,DAYLIGHT,SNOW,WET
6836 ,33690500,MONROE,Perinton,,490I43023084,N,43.0456032,-77.4633591,12/07/2010,1:21 PM,PROPERTY DAMAGE AND INJURY,1.,0 ,1 ,COLLISION WITH GUIDE RAIL,OTHER,NONE,DAYLIGHT,SNOW,SNOW/ICE
6836 ,33690503,MONROE,Perinton,,31 43033111,N,43.0645134,-77.3917078,12/05/2010,4:37 PM,PROPERTY DAMAGE AND INJURY,2.,0 ,2 ,COLLISION WITH MOTOR VEHICLE,HEAD ON,NONE,DARK-ROAD UNLIGHTED,SNOW,SNOW/ICE
6836 ,33690506,MONROE,Chili,,,N,43.116216,-77.745647,12/05/2010,3:43 PM,INJURY,1.,0 ,2 ,COLLISION WITH MOTOR VEHICLE,REAR END,TRAFFIC SIGNAL,DAYLIGHT,SNOW,SNOW/ICE
6836 ,33690507,MONROE,Perinton,,31 43033108,N,43.064483,-77.3967542,12/10/2010,6:02 PM,PROPERTY DAMAGE AND INJURY,1.,0 ,2 ,COLLISION WITH MOTOR VEHICLE,LEFT TURN (AGAINST OTHER CAR),TRAFFIC SIGNAL,DARK-ROAD LIGHTED,CLOUDY,WET
6836 ,33690512,MONROE,Henrietta,,,N,43.05886,-77.6413269,12/07/2010,7:30 AM,INJURY,1.,0 ,2 ,COLLISION WITH MOTOR VEHICLE,REAR END,TRAFFIC SIGNAL,DAYLIGHT,SNOW,SNOW/ICE
6836 ,33690524,MONROE,Clarkson,,,N,43.2344592,-77.9669637,12/06/2010,4:29 PM,PROPERTY DAMAGE AND INJURY,1.,0 ,1 ,COLL. W/EARTH ELE./ROCK CUT/DITCH,OTHER,NONE,DAYLIGHT,SNOW,SNOW/ICE
6836 ,33690529,MONROE,Chili,,,N,43.0928079,-77.7813888,12/05/2010,8:00 PM,PROPERTY DAMAGE AND INJURY,1.,0 ,1 ,COLL. W/LIGHT SUPPORT/UTILITY POLE,OTHER,NONE,DARK-ROAD LIGHTED,SNOW,SNOW/ICE
6836 ,33690537,MONROE,Henrietta,,,N,43.0870466,-77.6243518,12/11/2010,3:15 PM,PROPERTY DAMAGE AND INJURY,2.,0 ,2 ,COLLISION WITH MOTOR VEHICLE,RIGHT ANGLE,NONE,DAYLIGHT,CLOUDY,DRY
6836 ,33690540,MONROE,Henrietta,,,N,43.059615,-77.6122901,12/02/2010,5:33 PM,PROPERTY DAMAGE AND INJURY,1.,0 ,2 ,COLLISION WITH MOTOR VEHICLE,REAR END,TRAFFIC SIGNAL,DARK-ROAD LIGHTED,CLOUDY,DRY
6836 ,33690546,MONROE,Brighton,,590 43011000,N,43.1434378,-77.5457481,12/03/2010,5:15 PM,PROPERTY DAMAGE AND INJURY,1.,0 ,3 ,COLLISION WITH MOTOR VEHICLE,OTHER,NONE,DARK-ROAD LIGHTED,CLEAR,DRY
6836 ,33690551,MONROE,Gates,,,N,43.1470308,-77.7190551,12/05/2010,3:33 PM,INJURY,1.,0 ,1 ,COLL. W/LIGHT SUPPORT/UTILITY POLE,OTHER,NONE,DAYLIGHT,SNOW,SNOW/ICE
6836 ,33690558,MONROE,Brighton,,,N,43.107461,-77.5759661,12/09/2010,1:08 PM,PROPERTY DAMAGE AND INJURY,1.,0 ,2 ,COLLISION WITH MOTOR VEHICLE,RIGHT ANGLE,TRAFFIC SIGNAL,DAYLIGHT,CLEAR,WET
6836 ,33690560,MONROE,Fairport,,,Y,43.104791,-77.441877,12/07/2010,5:25 PM,INJURY,1.,0 ,1 ,COLLISION WITH BICYCLIST,OTHER,TRAFFIC SIGNAL,DARK-ROAD LIGHTED,SNOW,SNOW/ICE
6836 ,33690566,MONROE,Penfield,,,N,43.1773324,-77.5107363,12/08/2010,8:05 PM,PROPERTY DAMAGE AND INJURY,1.,0 ,1 ,COLLISION WITH SNOW EMBANKMENT,OTHER,NONE,DARK-ROAD LIGHTED,SNOW,SNOW/ICE
6836 ,33690572,MONROE,Brighton,,441 43011102,N,43.129128,-77.524669,12/09/2010,7:30 AM,PROPERTY DAMAGE AND INJURY,1.,0 ,2 ,COLLISION WITH MOTOR VEHICLE,REAR END,TRAFFIC SIGNAL,DAYLIGHT,CLOUDY,WET
6836 ,33690578,MONROE,Chili,,490I43021126,N,43.1206334,-77.7467533,11/30/2010,5:55 PM,INJURY,1.,0 ,1 ,RAN OFF ROAD ONLY,OTHER,NONE,DARK-ROAD LIGHTED,RAIN,WET
6836 ,33690580,MONROE,Henrietta,,,Y,43.078223,-77.628707,12/08/2010,5:55 PM,PROPERTY DAMAGE AND INJURY,1.,0 ,2 ,COLLISION WITH MOTOR VEHICLE,LEFT TURN (WITH OTHER CAR),TRAFFIC SIGNAL,DARK-ROAD LIGHTED,SNOW,WET
6836 ,33690586,MONROE,Henrietta,,15A43041113,N,43.0871871,-77.6092196,12/12/2010,12:25 AM,INJURY,4.,0 ,2 ,COLLISION WITH MOTOR VEHICLE,RIGHT ANGLE,TRAFFIC SIGNAL,DARK-ROAD LIGHTED,CLOUDY,WET
6836 ,33690589,MONROE,Gates,,,Y,43.13764,-77.6909411,12/05/2010,4:30 PM,PROPERTY DAMAGE AND INJURY,2.,0 ,1 ,COLL. W/LIGHT SUPPORT/UTILITY POLE,OTHER,NONE,DARK-ROAD LIGHTED,SNOW,SNOW/ICE
6836 ,33690590,MONROE,Brighton,,,N,43.114575,-77.5518451,12/09/2010,9:00 AM,PROPERTY DAMAGE AND INJURY,1.,0 ,2 ,COLLISION WITH MOTOR VEHICLE,REAR END,TRAFFIC SIGNAL,DAYLIGHT,CLEAR,WET
6836 ,33690591,MONROE,Gates,,,N,43.1389486,-77.6978032,12/05/2010,8:32 PM,PROPERTY DAMAGE AND INJURY,1.,0 ,1 ,COLL. W/LIGHT SUPPORT/UTILITY POLE,OTHER,NONE,DARK-ROAD LIGHTED,SNOW,SNOW/ICE
6836 ,33690597,MONROE,Brighton,,,N,43.0967877,-77.5792343,12/10/2010,7:14 PM,INJURY,2.,0 ,1 ,COLLISION WITH PEDESTRIAN,OTHER,NONE,DARK-ROAD LIGHTED,CLEAR,SNOW/ICE
6836 ,33690606,MONROE,Brighton,,,N,43.108007,-77.615937,12/09/2010,8:47 PM,PROPERTY DAMAGE AND INJURY,2.,0 ,2 ,COLLISION WITH MOTOR VEHICLE,RIGHT ANGLE,TRAFFIC SIGNAL,DARK-ROAD LIGHTED,CLOUDY,WET
6836 ,33690609,MONROE,Brighton,,31 43031022,Y,43.133785,-77.57277,12/11/2010,9:54 PM,PROPERTY DAMAGE AND INJURY,1.,0 ,2 ,COLLISION WITH MOTOR VEHICLE,RIGHT ANGLE,TRAFFIC SIGNAL,DARK-ROAD LIGHTED,CLOUDY,WET
6836 ,33691410,MONROE,Irondequoit,,104 43033010,N,43.1959562,-77.5643497,12/13/2010,2:10 PM,PROPERTY DAMAGE AND INJURY,1.,0 ,2 ,COLLISION WITH MOTOR VEHICLE,REAR END,HIGHWAY WORK AREA,DAYLIGHT,SNOW,SNOW/ICE
6836 ,33691591,MONROE,Ogden,,36 43031152,Y,43.186507,-77.8542729,12/07/2010,10:41 AM,INJURY,1.,0 ,2 ,COLLISION WITH MOTOR VEHICLE,REAR END,TRAFFIC SIGNAL,DAYLIGHT,SNOW,SNOW/ICE
6836 ,33691599,MONROE,Wheatland,,251 43011119,N,43.0053699,-77.7454007,12/08/2010,2:56 PM,PROPERTY DAMAGE AND INJURY,1.,0 ,2 ,COLLISION WITH MOTOR VEHICLE,RIGHT ANGLE,STOP SIGN,DAYLIGHT,CLOUDY,DRY
6836 ,33691602,MONROE,Webster,,,Y,43.230319,-77.509132,12/12/2010,5:27 PM,PROPERTY DAMAGE AND INJURY,2.,0 ,2 ,COLLISION WITH MOTOR VEHICLE,RIGHT ANGLE,STOP SIGN,DARK-ROAD LIGHTED,CLOUDY,WET
6836 ,33691604,MONROE,Webster,,,N,43.2447342,-77.4287127,12/07/2010,3:47 PM,PROPERTY DAMAGE AND INJURY,1.,0 ,1 ,COLLISION WITH SIGN POST,OTHER,NONE,DAYLIGHT,CLOUDY,SNOW/ICE
6836 ,33691615,MONROE,Henrietta,,,Y,43.06862,-77.599931,12/12/2010,12:07 PM,PROPERTY DAMAGE AND INJURY,2.,0 ,3 ,COLLISION WITH MOTOR VEHICLE,OTHER,NONE,DAYLIGHT,CLOUDY,WET
6836 ,33691620,MONROE,Brighton,,,N,43.13763,-77.53607,12/13/2010,9:21 AM,PROPERTY DAMAGE AND INJURY,1.,0 ,3 ,COLLISION WITH MOTOR VEHICLE,OTHER,TRAFFIC SIGNAL,DAYLIGHT,CLOUDY,WET
6836 ,33691625,MONROE,Webster,,,Y,43.212215,-77.430317,12/09/2010,2:38 PM,INJURY,1.,0 ,1 ,COLLISION WITH PEDESTRIAN,OTHER,TRAFFIC SIGNAL,DAYLIGHT,CLOUDY,WET