QUERYID,CASE #,REGN_CNTY_CDE,Municipality,MUNITYPE,REF_MRKR,ATINTERSECTION_IND,Lat,Long,,Time,Crash Type,Injuries,Fatalities,Number of Vehicles,ACCD_TYP,COLLISION_TYP,TRAF_CNTL,Light Condition,Weather Condition,Road Surface Condition
6836 ,33691820,MONROE,Irondequoit,,,N,43.1857638,-77.5435985,12/13/2010,9:57 PM,INJURY,1.,0 ,1 ,COLLISION WITH OTHER BARRIER,OTHER,NONE,DARK-ROAD LIGHTED,SNOW,SNOW/ICE
6836 ,33691894,MONROE,Webster,,104 43035250,N,43.2137823,-77.4767391,12/14/2010,10:34 AM,PROPERTY DAMAGE AND INJURY,1.,0 ,1 ,COLL. W/EARTH ELE./ROCK CUT/DITCH,OTHER,NONE,DAYLIGHT,SNOW,SNOW/ICE
6836 ,33691901,MONROE,Greece,,104 43031167,N,43.2068227,-77.6773254,12/10/2010,6:10 PM,INJURY,2.,0 ,2 ,COLLISION WITH MOTOR VEHICLE,REAR END,NONE,DARK-ROAD LIGHTED,CLOUDY,WET
6836 ,33691985,MONROE,Irondequoit,,,N,43.1824805,-77.5430615,12/03/2010,5:29 PM,PROPERTY DAMAGE AND INJURY,1.,0 ,3 ,COLLISION WITH MOTOR VEHICLE,OTHER,NONE,DARK-ROAD UNLIGHTED,CLOUDY,DRY
6836 ,33692037,MONROE,Gates,,390 43011011,N,43.1726526,-77.6831081,12/14/2010,2:05 PM,PROPERTY DAMAGE AND INJURY,1.,0 ,3 ,COLLISION WITH MOTOR VEHICLE,OTHER,NONE,DAYLIGHT,SNOW,SNOW/ICE
6836 ,33692089,MONROE,Webster,,104 43035222,N,43.2119066,-77.5325694,12/13/2010,9:24 PM,PROPERTY DAMAGE AND INJURY,1.,0 ,1 ,COLLISION WITH OTHER BARRIER,OTHER,NONE,DARK-ROAD LIGHTED,SNOW,SNOW/ICE
6836 ,33692095,MONROE,Greece,,,Y,43.238632,-77.707676,12/09/2010,7:11 PM,PROPERTY DAMAGE AND INJURY,3.,0 ,3 ,COLLISION WITH MOTOR VEHICLE,OTHER,NONE,DARK-ROAD LIGHTED,CLOUDY,WET
6836 ,33692231,MONROE,Greece,,,Y,43.207843,-77.6829849,12/04/2010,5:46 PM,INJURY,3.,0 ,2 ,COLLISION WITH MOTOR VEHICLE,REAR END,NONE,DARK-ROAD LIGHTED,CLEAR,DRY
6836 ,33692253,MONROE,Greece,,,Y,43.202395,-77.731983,12/05/2010,5:05 PM,PROPERTY DAMAGE AND INJURY,1.,0 ,2 ,COLLISION WITH MOTOR VEHICLE,REAR END,TRAFFIC SIGNAL,DARK-ROAD LIGHTED,SNOW,SNOW/ICE
6836 ,33692274,MONROE,Gates,,390 43011008,N,43.1677579,-77.6829076,12/10/2010,7:38 AM,PROPERTY DAMAGE AND INJURY,1.,0 ,2 ,COLLISION WITH MOTOR VEHICLE,REAR END,NONE,DAYLIGHT,CLOUDY,WET
6836 ,33692639,MONROE,Webster,,104 43035247,N,43.2138033,-77.4823086,12/14/2010,12:40 PM,PROPERTY DAMAGE AND INJURY,1.,0 ,1 ,COLL. W/EARTH ELE./ROCK CUT/DITCH,OTHER,NONE,DAYLIGHT,SNOW,SNOW/ICE
6836 ,33692793,MONROE,Rush,,,N,42.9935523,-77.6769374,12/14/2010,6:00 AM,PROPERTY DAMAGE AND INJURY,1.,0 ,1 ,COLL. W/EARTH ELE./ROCK CUT/DITCH,OTHER,NONE,DARK-ROAD UNLIGHTED,SNOW,SNOW/ICE
6836 ,33692833,MONROE,Rochester,,590I43012004,N,43.1429124,-77.5488008,12/12/2010,6:40 AM,PROPERTY DAMAGE AND INJURY,1.,0 ,1 ,COLLISION WITH OTHER BARRIER,OTHER,NONE,DARK-ROAD LIGHTED,RAIN,WET
6836 ,33692859,MONROE,Sweden,,,N,43.1598064,-77.941413,12/13/2010,3:08 PM,PROPERTY DAMAGE AND INJURY,1.,0 ,1 ,COLL. W/EARTH ELE./ROCK CUT/DITCH,OTHER,NONE,DAYLIGHT,SNOW,SNOW/ICE
6836 ,33692957,MONROE,Irondequoit,,,N,43.1992671,-77.5763111,12/05/2010,1:48 PM,PROPERTY DAMAGE AND INJURY,1.,0 ,2 ,COLLISION WITH MOTOR VEHICLE,SIDESWIPE,NONE,DAYLIGHT,SNOW,SNOW/ICE
6836 ,33693006,MONROE,Pittsford,,,N,43.0989171,-77.5218009,12/11/2010,1:00 AM,PROPERTY DAMAGE AND INJURY,1.,0 ,2 ,COLLISION WITH SIGN POST,SIDESWIPE,NONE,DARK-ROAD UNLIGHTED,CLOUDY,WET
6836 ,33693033,MONROE,Webster,,104 43035221,N,43.2116358,-77.5338892,12/14/2010,8:20 PM,PROPERTY DAMAGE AND INJURY,1.,0 ,1 ,COLLISION WITH OTHER BARRIER,OTHER,NONE,DARK-ROAD LIGHTED,SNOW,SNOW/ICE
6836 ,33693036,MONROE,Gates,,,N,43.1565208,-77.6784098,12/13/2010,1:04 PM,INJURY,1.,0 ,2 ,COLLISION WITH MOTOR VEHICLE,OVERTAKING,NONE,DAYLIGHT,SNOW,SNOW/ICE
6836 ,33693124,MONROE,Irondequoit,,,N,43.1970748,-77.5920639,12/01/2010,11:50 AM,PROPERTY DAMAGE AND INJURY,3.,0 ,2 ,COLLISION WITH MOTOR VEHICLE,RIGHT ANGLE,NONE,DAYLIGHT,SNOW,SLUSH
6836 ,33693127,MONROE,Brighton,,,Y,43.149495,-77.52826,12/14/2010,8:25 AM,PROPERTY DAMAGE AND INJURY,1.,0 ,3 ,COLLISION WITH MOTOR VEHICLE,OTHER,STOP SIGN,DAYLIGHT,SNOW,SNOW/ICE
6836 ,33693165,MONROE,Riga,,33A43021059,N,43.078061,-77.8242386,12/12/2010,9:53 AM,PROPERTY DAMAGE AND INJURY,2.,0 ,1 ,COLL. W/LIGHT SUPPORT/UTILITY POLE,OTHER,NONE,DAYLIGHT,CLOUDY,WET
6836 ,33693224,MONROE,Irondequoit,,590 43013011,N,43.1824221,-77.5432573,12/15/2010,8:12 AM,INJURY,1.,0 ,2 ,COLLISION WITH MOTOR VEHICLE,REAR END,NONE,DAYLIGHT,SNOW,SNOW/ICE
6836 ,33693242,MONROE,Ogden,,,N,43.1634688,-77.8071369,12/13/2010,10:50 PM,INJURY,1.,0 ,1 ,COLLISION WITH CULVERT/HEADWALL,OTHER,NONE,DARK-ROAD UNLIGHTED,SNOW,SNOW/ICE
6836 ,33693272,MONROE,Irondequoit,,,N,43.1953355,-77.6071734,12/13/2010,11:35 AM,PROPERTY DAMAGE AND INJURY,2.,0 ,2 ,COLLISION WITH MOTOR VEHICLE,RIGHT ANGLE,NONE,DAYLIGHT,SNOW,WET
6836 ,33693349,MONROE,Rochester,,,N,43.1565451,-77.6369026,12/14/2010,11:10 AM,INJURY,1.,0 ,1 ,COLLISION WITH MEDIAN/BARRIER,OTHER,NONE,DAYLIGHT,SNOW,SNOW/ICE
6836 ,33693363,MONROE,Webster,,104 43035243,N,43.2143623,-77.4915883,12/14/2010,1:17 PM,PROPERTY DAMAGE AND INJURY,2.,0 ,5 ,COLLISION WITH MOTOR VEHICLE,OTHER,NONE,DAYLIGHT,SNOW,SNOW/ICE
6836 ,33693545,MONROE,Sweden,,,N,43.1983362,-77.9653328,12/14/2010,12:50 PM,PROPERTY DAMAGE AND INJURY,1.,0 ,1 ,COLL. W/EARTH ELE./ROCK CUT/DITCH,OTHER,NONE,DAYLIGHT,SNOW,SNOW/ICE
6836 ,33693740,MONROE,Gates,,,Y,43.161273,-77.691116,12/14/2010,3:29 PM,INJURY,2.,0 ,2 ,COLLISION WITH MOTOR VEHICLE,REAR END,NONE,DAYLIGHT,SNOW,SNOW/ICE
6836 ,33693745,MONROE,Irondequoit,,,N,43.1845425,-77.5435754,12/05/2010,2:26 PM,PROPERTY DAMAGE AND INJURY,2.,0 ,2 ,COLLISION WITH MOTOR VEHICLE,REAR END,NONE,DAYLIGHT,SNOW,SNOW/ICE
6836 ,33693811,MONROE,Henrietta,,,N,43.083215,-77.658802,12/09/2010,5:33 PM,PROPERTY DAMAGE AND INJURY,1.,0 ,2 ,COLLISION WITH MOTOR VEHICLE,LEFT TURN (AGAINST OTHER CAR),TRAFFIC SIGNAL,DARK-ROAD LIGHTED,CLOUDY,WET
6836 ,33693910,MONROE,Webster,,,N,43.2121686,-77.4466142,12/03/2010,11:27 AM,PROPERTY DAMAGE AND INJURY,1.,0 ,2 ,COLLISION WITH MOTOR VEHICLE,RIGHT TURN (AGAINST OTHER CAR),TRAFFIC SIGNAL,DAYLIGHT,CLOUDY,DRY
6836 ,33694080,MONROE,Webster,,104 43035221,N,43.2116358,-77.5338892,12/14/2010,1:21 PM,PROPERTY DAMAGE AND INJURY,1.,0 ,1 ,COLLISION WITH OTHER BARRIER,OTHER,NONE,DAYLIGHT,SNOW,SNOW/ICE
6836 ,33694113,MONROE,Penfield,,,N,43.1308215,-77.4418788,12/03/2010,5:25 PM,PROPERTY DAMAGE AND INJURY,1.,0 ,2 ,COLLISION WITH MOTOR VEHICLE,LEFT TURN (WITH OTHER CAR),STOP SIGN,DARK-ROAD LIGHTED,CLOUDY,DRY
6836 ,33694122,MONROE,Perinton,,,N,43.068562,-77.4321404,12/14/2010,6:55 PM,INJURY,1.,0 ,2 ,COLLISION WITH MOTOR VEHICLE,REAR END,TRAFFIC SIGNAL,DARK-ROAD LIGHTED,SNOW,SNOW/ICE
6836 ,33694140,MONROE,Rochester,,590I43012004,N,43.1431567,-77.5474166,12/14/2010,12:35 PM,PROPERTY DAMAGE AND INJURY,1.,0 ,2 ,COLLISION WITH MOTOR VEHICLE,REAR END,NONE,DAYLIGHT,SNOW,SNOW/ICE
6836 ,33694143,MONROE,Brighton,,390I43032000,N,43.1173303,-77.6351245,12/14/2010,10:50 AM,PROPERTY DAMAGE AND INJURY,1.,0 ,2 ,COLLISION WITH MOTOR VEHICLE,REAR END,NONE,DAYLIGHT,SNOW,SNOW/ICE
6836 ,33694148,MONROE,Gates,,,N,43.174353,-77.7232349,12/15/2010,11:56 AM,PROPERTY DAMAGE AND INJURY,1.,0 ,2 ,COLLISION WITH MOTOR VEHICLE,LEFT TURN (WITH OTHER CAR),NONE,DAYLIGHT,CLOUDY,WET
6836 ,33694202,MONROE,Penfield,,441 43011052,Y,43.130827,-77.441317,12/11/2010,7:14 PM,PROPERTY DAMAGE AND INJURY,1.,0 ,3 ,COLLISION WITH MOTOR VEHICLE,OTHER,NONE,DARK-ROAD LIGHTED,CLOUDY,WET
6836 ,33694355,MONROE,Wheatland,,,N,42.9904269,-77.803834,12/15/2010,2:38 PM,PROPERTY DAMAGE AND INJURY,1.,0 ,1 ,RAN OFF ROAD ONLY,OTHER,NONE,DAYLIGHT,CLOUDY,SNOW/ICE
6836 ,33694520,MONROE,Brighton,,,Y,43.094993,-77.63258,12/16/2010,1:50 PM,PROPERTY DAMAGE AND INJURY,1.,0 ,2 ,COLLISION WITH MOTOR VEHICLE,REAR END,NONE,DAYLIGHT,CLOUDY,WET
6836 ,33694532,MONROE,Gates,,490I43021137,N,43.126361,-77.728021,12/15/2010,7:55 AM,PROPERTY DAMAGE AND INJURY,1.,0 ,2 ,COLLISION WITH MOTOR VEHICLE,OVERTAKING,NONE,DAYLIGHT,SNOW,SNOW/ICE
6836 ,33694733,MONROE,Gates,,,N,43.1384166,-77.6909626,12/16/2010,5:01 PM,INJURY,1.,0 ,2 ,COLLISION WITH MOTOR VEHICLE,REAR END,NONE,DARK-ROAD LIGHTED,CLOUDY,WET
6836 ,33694806,MONROE,Rochester,,,Y,43.157146,-77.6138609,12/14/2010,11:10 AM,INJURY,1.,0 ,1 ,COLLISION WITH PEDESTRIAN,OTHER,TRAFFIC SIGNAL,DAYLIGHT,SNOW,SNOW/ICE
6836 ,33694849,MONROE,Penfield,,250 43011100,N,43.1773837,-77.4308972,12/13/2010,5:57 PM,INJURY,1.,0 ,2 ,COLLISION WITH MOTOR VEHICLE,SIDESWIPE,NONE,DARK-ROAD UNLIGHTED,SNOW,SNOW/ICE
6836 ,33694866,MONROE,Perinton,,490I43023088,N,43.0404168,-77.4622776,12/14/2010,3:56 PM,PROPERTY DAMAGE AND INJURY,1.,0 ,2 ,COLLISION WITH GUIDE RAIL,RIGHT ANGLE,NONE,DAYLIGHT,SNOW,SNOW/ICE
6836 ,33694891,MONROE,Gates,,,N,43.1707187,-77.6830241,12/14/2010,11:29 AM,PROPERTY DAMAGE AND INJURY,2.,0 ,2 ,COLLISION WITH MOTOR VEHICLE,RIGHT ANGLE,NONE,DAYLIGHT,SNOW,SNOW/ICE
6836 ,33694960,MONROE,Chili,,,Y,43.115279,-77.664193,12/16/2010,4:27 PM,PROPERTY DAMAGE AND INJURY,1.,0 ,2 ,COLLISION WITH MOTOR VEHICLE,REAR END,NONE,DAYLIGHT,CLOUDY,DRY
6836 ,33694974,MONROE,Penfield,,441 43011056,N,43.130609,-77.432329,12/15/2010,4:10 PM,PROPERTY DAMAGE AND INJURY,1.,0 ,2 ,COLLISION WITH MOTOR VEHICLE,LEFT TURN (AGAINST OTHER CAR),TRAFFIC SIGNAL,DAYLIGHT,SNOW,SNOW/ICE
6836 ,33695032,MONROE,Perinton,,,Y,43.077546,-77.477294,12/16/2010,4:21 PM,INJURY,1.,0 ,2 ,COLLISION WITH MOTOR VEHICLE,REAR END,TRAFFIC SIGNAL,DAYLIGHT,CLOUDY,WET
6836 ,33695061,MONROE,Brighton,,,N,43.1056094,-77.600136,12/15/2010,6:11 PM,PROPERTY DAMAGE AND INJURY,3.,0 ,4 ,COLLISION WITH MOTOR VEHICLE,OTHER,NONE,DARK-ROAD LIGHTED,CLOUDY,WET
6836 ,33695123,MONROE,Brighton,,,Y,43.119346,-77.548155,12/17/2010,8:16 AM,PROPERTY DAMAGE AND INJURY,1.,0 ,2 ,COLLISION WITH MOTOR VEHICLE,SIDESWIPE,NONE,DAYLIGHT,SNOW,SNOW/ICE
6836 ,33695210,MONROE,Penfield,,,N,43.1799369,-77.5091917,12/14/2010,6:20 PM,INJURY,1.,0 ,1 ,COLLISION WITH PEDESTRIAN,OTHER,NONE,DARK-ROAD LIGHTED,SNOW,SNOW/ICE
6836 ,33695224,MONROE,Parma,,104 43031108,N,43.218409,-77.7925008,12/16/2010,5:46 PM,INJURY,2.,0 ,2 ,COLLISION WITH MOTOR VEHICLE,LEFT TURN (AGAINST OTHER CAR),TRAFFIC SIGNAL,DARK-ROAD LIGHTED,CLOUDY,DRY
6836 ,33695250,MONROE,Pittsford,,31F43011007,N,43.1103376,-77.5061772,12/13/2010,3:27 PM,PROPERTY DAMAGE AND INJURY,1.,0 ,2 ,COLLISION WITH MOTOR VEHICLE,REAR END,NONE,DAYLIGHT,SNOW,SNOW/ICE
6836 ,33695304,MONROE,Chili,,,N,43.0937534,-77.7330285,12/13/2010,10:41 PM,PROPERTY DAMAGE AND INJURY,1.,0 ,2 ,COLLISION WITH MOTOR VEHICLE,HEAD ON,NONE,DARK-ROAD UNLIGHTED,SNOW,SNOW/ICE
6836 ,33695308,MONROE,Sweden,,31A43021002,N,43.1978586,-77.9927861,11/30/2010,3:39 PM,INJURY,1.,0 ,1 ,COLLISION WITH PEDESTRIAN,OTHER,NONE,DAYLIGHT,RAIN,WET
6836 ,33695321,MONROE,Perinton,,,N,43.0369393,-77.451276,12/10/2010,1:28 PM,PROPERTY DAMAGE AND INJURY,1.,0 ,2 ,COLLISION WITH MOTOR VEHICLE,REAR END,NONE,DAYLIGHT,CLOUDY,WET
6836 ,33695548,MONROE,Penfield,,250 43011077,N,43.145527,-77.438501,12/14/2010,4:03 PM,PROPERTY DAMAGE AND INJURY,2.,0 ,2 ,COLLISION WITH MOTOR VEHICLE,REAR END,NO PASSING ZONE,DAYLIGHT,SNOW,SNOW/ICE
6836 ,33695586,MONROE,Greece,,,Y,43.220617,-77.696821,12/16/2010,3:14 PM,PROPERTY DAMAGE AND INJURY,2.,0 ,2 ,COLLISION WITH MOTOR VEHICLE,LEFT TURN (AGAINST OTHER CAR),NONE,DAYLIGHT,CLOUDY,WET
6836 ,33695601,MONROE,Chili,,,N,43.1263922,-77.7876442,12/14/2010,3:28 PM,PROPERTY DAMAGE AND INJURY,1.,0 ,2 ,COLLISION WITH MOTOR VEHICLE,REAR END,NONE,DAYLIGHT,SNOW,SNOW/ICE
6836 ,33695744,MONROE,Brighton,,,N,43.1297253,-77.5251872,12/16/2010,8:45 AM,PROPERTY DAMAGE AND INJURY,1.,0 ,2 ,COLLISION WITH MOTOR VEHICLE,OVERTAKING,NONE,DAYLIGHT,CLEAR,WET
6836 ,33695902,MONROE,Greece,,,Y,43.228662,-77.69677,12/12/2010,1:40 PM,PROPERTY DAMAGE AND INJURY,2.,0 ,2 ,COLLISION WITH MOTOR VEHICLE,RIGHT ANGLE,STOP SIGN,DAYLIGHT,CLOUDY,WET
6836 ,33696169,MONROE,Henrietta,,,N,43.0870151,-77.6289465,12/18/2010,1:59 PM,INJURY,1.,0 ,2 ,COLLISION WITH MOTOR VEHICLE,LEFT TURN (AGAINST OTHER CAR),NONE,DAYLIGHT,CLEAR,DRY
6836 ,33696176,MONROE,Henrietta,,,Y,43.083153,-77.665902,12/17/2010,5:52 PM,INJURY,1.,0 ,1 ,COLLISION WITH PEDESTRIAN,OTHER,STOP SIGN,DARK-ROAD LIGHTED,CLOUDY,WET
6836 ,33696177,MONROE,Henrietta,,,N,43.0622092,-77.6394546,12/13/2010,11:12 PM,PROPERTY DAMAGE AND INJURY,1.,0 ,2 ,COLLISION WITH MOTOR VEHICLE,OVERTAKING,NONE,DARK-ROAD UNLIGHTED,SNOW,SNOW/ICE
6836 ,33696184,MONROE,Henrietta,,,N,43.0797558,-77.5822567,12/17/2010,7:19 PM,PROPERTY DAMAGE AND INJURY,3.,0 ,3 ,COLLISION WITH MOTOR VEHICLE,OTHER,TRAFFIC SIGNAL,DARK-ROAD LIGHTED,CLOUDY,DRY
6836 ,33696188,MONROE,Penfield,,,N,43.1285101,-77.483736,12/17/2010,5:03 PM,PROPERTY DAMAGE AND INJURY,2.,0 ,2 ,COLLISION WITH MOTOR VEHICLE,RIGHT ANGLE,STOP SIGN,DARK-ROAD LIGHTED,CLOUDY,WET
6836 ,33696196,MONROE,Penfield,,,N,43.130554,-77.4023408,12/11/2010,12:59 PM,PROPERTY DAMAGE AND INJURY,1.,0 ,2 ,COLLISION WITH MOTOR VEHICLE,REAR END,NONE,DAYLIGHT,CLOUDY,WET
6836 ,33696594,MONROE,Greece,,,Y,43.223681,-77.69681,12/01/2010,3:08 PM,PROPERTY DAMAGE AND INJURY,1.,0 ,2 ,COLLISION WITH MOTOR VEHICLE,RIGHT ANGLE,NONE,DAYLIGHT,CLEAR,SLUSH
6836 ,33696595,MONROE,Greece,,,Y,43.182245,-77.694391,12/17/2010,11:21 AM,PROPERTY DAMAGE AND INJURY,1.,0 ,2 ,COLLISION WITH MOTOR VEHICLE,RIGHT ANGLE,STOP SIGN,DAYLIGHT,CLOUDY,WET
6836 ,33696596,MONROE,Greece,,,N,43.1939261,-77.6667405,12/17/2010,2:49 AM,PROPERTY DAMAGE AND INJURY,1.,0 ,1 ,COLLISION WITH CURBING,OTHER,NONE,DARK-ROAD UNLIGHTED,SNOW,SNOW/ICE
6836 ,33696607,MONROE,Greece,,,N,43.206722,-77.675904,12/18/2010,6:48 PM,PROPERTY DAMAGE AND INJURY,1.,0 ,3 ,COLLISION WITH MOTOR VEHICLE,OTHER,TRAFFIC SIGNAL,DARK-ROAD LIGHTED,CLOUDY,DRY
6836 ,33697392,MONROE,Rochester,,,Y,43.152674,-77.551344,11/24/2010,12:00 AM,PROPERTY DAMAGE AND INJURY,1.,0 ,2 ,COLLISION WITH MOTOR VEHICLE,UNKNOWN,TRAFFIC SIGNAL,DAYLIGHT,CLEAR,DRY
6836 ,33697697,MONROE,Greece,,,N,43.2101087,-77.703767,12/18/2010,12:55 PM,INJURY,1.,0 ,2 ,COLLISION WITH MOTOR VEHICLE,REAR END,TRAFFIC SIGNAL,DAYLIGHT,CLEAR,DRY
6836 ,33697699,MONROE,Greece,,261 43011009,Y,43.231947,-77.752103,12/18/2010,1:31 PM,PROPERTY DAMAGE AND INJURY,2.,0 ,3 ,COLLISION WITH MOTOR VEHICLE,OTHER,STOP SIGN,DAYLIGHT,CLEAR,DRY
6836 ,33698340,MONROE,Penfield,,,N,43.1276985,-77.5166071,12/17/2010,12:14 PM,PROPERTY DAMAGE AND INJURY,3.,0 ,2 ,COLLISION WITH MOTOR VEHICLE,HEAD ON,NONE,DAYLIGHT,CLOUDY,WET
6836 ,33698344,MONROE,Chili,,33A43021065,N,43.0837309,-77.8154941,12/14/2010,8:30 AM,PROPERTY DAMAGE AND INJURY,1.,0 ,1 ,COLL. W/EARTH ELE./ROCK CUT/DITCH,OTHER,NONE,DAYLIGHT,SNOW,SNOW/ICE
6836 ,33698355,MONROE,Penfield,,286 43011048,N,43.1602947,-77.449822,12/18/2010,3:50 PM,PROPERTY DAMAGE AND INJURY,3.,0 ,2 ,COLLISION WITH MOTOR VEHICLE,LEFT TURN (AGAINST OTHER CAR),NONE,DAYLIGHT,CLOUDY,DRY
6836 ,33698371,MONROE,Pittsford,,,N,43.0833858,-77.489924,12/14/2010,6:40 AM,PROPERTY DAMAGE AND INJURY,1.,0 ,1 ,COLLISION WITH GUIDE RAIL,OTHER,NONE,DARK-ROAD UNLIGHTED,SNOW,SNOW/ICE
6836 ,33698383,MONROE,Chili,,251 43011044,N,43.0943865,-77.7578772,12/17/2010,8:30 AM,PROPERTY DAMAGE AND INJURY,1.,0 ,1 ,COLLISION WITH GUIDE RAIL,OTHER,NO PASSING ZONE,DAYLIGHT,SNOW,SLUSH
6836 ,33698385,MONROE,Pittsford,,,Y,43.081002,-77.494156,12/09/2010,9:40 AM,PROPERTY DAMAGE AND INJURY,1.,0 ,2 ,COLLISION WITH MOTOR VEHICLE,REAR END,TRAFFIC SIGNAL,DAYLIGHT,CLOUDY,WET
6836 ,33698386,MONROE,Penfield,,,Y,43.156179,-77.4752771,12/15/2010,7:55 AM,PROPERTY DAMAGE AND INJURY,1.,0 ,2 ,COLLISION WITH MOTOR VEHICLE,REAR END,NONE,DAYLIGHT,SNOW,SNOW/ICE
6836 ,33698387,MONROE,Penfield,,,N,43.1304097,-77.4412995,12/10/2010,12:34 PM,PROPERTY DAMAGE AND INJURY,2.,0 ,2 ,COLLISION WITH MOTOR VEHICLE,RIGHT ANGLE,NONE,DAYLIGHT,CLOUDY,WET
6836 ,33698388,MONROE,Pittsford,,,Y,43.082549,-77.507733,12/01/2010,12:15 PM,PROPERTY DAMAGE AND INJURY,1.,0 ,2 ,COLLISION WITH MOTOR VEHICLE,LEFT TURN (AGAINST OTHER CAR),STOP SIGN,DAYLIGHT,SNOW,WET
6836 ,33698391,MONROE,Chili,,490I43021137,N,43.1221421,-77.7359882,12/15/2010,7:34 AM,PROPERTY DAMAGE AND INJURY,1.,0 ,1 ,COLL. W/EARTH ELE./ROCK CUT/DITCH,OTHER,NONE,DAYLIGHT,CLOUDY,SNOW/ICE
6836 ,33698403,MONROE,Perinton,,,Y,43.106679,-77.4589089,12/14/2010,7:44 AM,PROPERTY DAMAGE AND INJURY,3.,0 ,2 ,COLLISION WITH MOTOR VEHICLE,RIGHT ANGLE,NONE,DAYLIGHT,SNOW,SNOW/ICE
6836 ,33698434,MONROE,Brighton,,490I43023019,N,43.1255688,-77.5242245,12/16/2010,9:16 AM,PROPERTY DAMAGE AND INJURY,1.,0 ,1 ,COLLISION WITH MEDIAN/BARRIER,OTHER,NONE,DAYLIGHT,CLOUDY,DRY
6836 ,33699495,MONROE,Henrietta,,,Y,43.053844,-77.615367,12/21/2010,3:53 AM,PROPERTY DAMAGE AND INJURY,1.,0 ,1 ,OVERTURNED,OTHER,NONE,DARK-ROAD UNLIGHTED,CLOUDY,SNOW/ICE
6836 ,33699534,MONROE,Ogden,,259 43011030,Y,43.136339,-77.806591,12/19/2010,12:55 PM,PROPERTY DAMAGE AND INJURY,3.,1 ,3 ,COLLISION WITH MOTOR VEHICLE,OTHER,STOP SIGN,DAYLIGHT,CLOUDY,DRY
6836 ,33699565,MONROE,Fairport,,,Y,43.101796,-77.441917,12/19/2010,5:58 PM,FATAL,0.,1 ,1 ,COLLISION WITH PEDESTRIAN,OTHER,NONE,DARK-ROAD LIGHTED,CLOUDY,DRY
6836 ,33699676,MONROE,Gates,,,Y,43.144302,-77.7270001,12/21/2010,4:09 PM,PROPERTY DAMAGE AND INJURY,2.,0 ,2 ,COLLISION WITH MOTOR VEHICLE,LEFT TURN (WITH OTHER CAR),NONE,DAYLIGHT,CLOUDY,DRY
6836 ,33699707,MONROE,Rochester,,,N,43.1530803,-77.6189793,12/19/2010,3:35 PM,PROPERTY DAMAGE AND INJURY,3.,0 ,2 ,COLLISION WITH MOTOR VEHICLE,REAR END,NONE,DAYLIGHT,CLOUDY,DRY
6836 ,33699735,MONROE,Brighton,,,N,43.115311,-77.5973803,12/21/2010,10:55 AM,PROPERTY DAMAGE AND INJURY,2.,0 ,2 ,COLLISION WITH MOTOR VEHICLE,LEFT TURN (WITH OTHER CAR),NONE,DAYLIGHT,CLOUDY,DRY
6836 ,33699767,MONROE,Riga,,33A43021056,N,43.0750063,-77.8296191,12/17/2010,1:35 PM,PROPERTY DAMAGE AND INJURY,1.,0 ,1 ,COLL. W/LIGHT SUPPORT/UTILITY POLE,OTHER,NONE,DAYLIGHT,CLOUDY,WET
6836 ,33700074,MONROE,Sweden,,,N,43.1982592,-77.9237125,12/18/2010,3:56 PM,PROPERTY DAMAGE AND INJURY,1.,0 ,2 ,COLLISION WITH MOTOR VEHICLE,REAR END,TRAFFIC SIGNAL,DAYLIGHT,CLEAR,DRY
6836 ,33700178,MONROE,Henrietta,,,N,43.0867477,-77.6296929,12/18/2010,4:51 PM,INJURY,1.,0 ,2 ,COLLISION WITH MOTOR VEHICLE,REAR END,TRAFFIC SIGNAL,DUSK,CLEAR,DRY
6836 ,33700179,MONROE,Rochester,,,Y,43.152875,-77.60479,12/21/2010,4:48 PM,PROPERTY DAMAGE AND INJURY,2.,0 ,2 ,COLLISION WITH MOTOR VEHICLE,RIGHT ANGLE,TRAFFIC SIGNAL,DUSK,CLOUDY,DRY
6836 ,33700188,MONROE,Sweden,,31A43021016,N,43.1983343,-77.9658687,12/13/2010,3:52 PM,PROPERTY DAMAGE AND INJURY,1.,0 ,3 ,COLLISION WITH MOTOR VEHICLE,OTHER,NONE,DAYLIGHT,SNOW,SNOW/ICE
6836 ,33700240,MONROE,Henrietta,,,N,43.0871367,-77.6368092,12/18/2010,2:11 PM,PROPERTY DAMAGE AND INJURY,1.,0 ,2 ,COLLISION WITH MOTOR VEHICLE,LEFT TURN (AGAINST OTHER CAR),NONE,DAYLIGHT,CLEAR,DRY
6836 ,33700258,MONROE,Gates,,490I43021172,N,43.1572484,-77.6908025,12/14/2010,2:40 PM,INJURY,1.,0 ,2 ,COLLISION WITH MOTOR VEHICLE,REAR END,NONE,DAYLIGHT,SNOW,SNOW/ICE
6836 ,33700273,MONROE,Ogden,,259 43011031,Y,43.136339,-77.806591,12/13/2010,8:10 PM,PROPERTY DAMAGE AND INJURY,2.,0 ,3 ,COLLISION WITH MOTOR VEHICLE,OTHER,STOP SIGN,DARK-ROAD LIGHTED,SNOW,SNOW/ICE
6836 ,33700297,MONROE,Chili,,,N,43.123386,-77.7339829,12/17/2010,7:20 AM,INJURY,1.,0 ,1 ,COLLISION WITH PEDESTRIAN,OTHER,NONE,DAYLIGHT,CLOUDY,SNOW/ICE
6836 ,33700470,MONROE,Rochester,,,Y,43.15246,-77.6266271,11/23/2010,1:05 PM,INJURY,1.,0 ,2 ,COLLISION WITH MOTOR VEHICLE,UNKNOWN,UNKNOWN,UNKNOWN,UNKNOWN,UNKNOWN
6836 ,33700471,MONROE,Rochester,,,Y,43.183207,-77.599339,11/27/2010,12:00 AM,PROPERTY DAMAGE AND INJURY,1.,0 ,2 ,COLLISION WITH MOTOR VEHICLE,REAR END,NO PASSING ZONE,DUSK,CLOUDY,DRY