QUERYID,CASE #,REGN_CNTY_CDE,Municipality,MUNITYPE,REF_MRKR,ATINTERSECTION_IND,Lat,Long,,Time,Crash Type,Injuries,Fatalities,Number of Vehicles,ACCD_TYP,COLLISION_TYP,TRAF_CNTL,Light Condition,Weather Condition,Road Surface Condition
6836 ,33700495,MONROE,Henrietta,,,N,43.0775556,-77.6236166,12/17/2010,5:19 PM,INJURY,1.,0 ,2 ,COLLISION WITH MOTOR VEHICLE,OVERTAKING,NONE,DARK-ROAD LIGHTED,CLOUDY,DRY
6836 ,33700736,MONROE,Brighton,,,Y,43.126286,-77.519972,12/22/2010,4:09 PM,INJURY,1.,0 ,2 ,COLLISION WITH MOTOR VEHICLE,RIGHT TURN (AGAINST OTHER CAR),TRAFFIC SIGNAL,DAYLIGHT,SNOW,WET
6836 ,33700887,MONROE,Chili,,,N,43.1232965,-77.6493295,12/16/2010,6:17 PM,INJURY,1.,0 ,2 ,COLLISION WITH MOTOR VEHICLE,REAR END,NONE,DARK-ROAD LIGHTED,CLOUDY,DRY
6836 ,33700902,MONROE,Gates,,,N,43.134101,-77.6908496,12/21/2010,1:05 PM,INJURY,1.,0 ,2 ,COLLISION WITH MOTOR VEHICLE,REAR END,NONE,DAYLIGHT,CLEAR,DRY
6836 ,33701095,MONROE,Greece,,,N,43.2534325,-77.6964418,12/21/2010,10:56 AM,PROPERTY DAMAGE AND INJURY,2.,0 ,2 ,COLLISION WITH MOTOR VEHICLE,RIGHT ANGLE,NONE,DAYLIGHT,CLEAR,DRY
6836 ,33701293,MONROE,Wheatland,,,N,43.0297251,-77.8343201,12/19/2010,2:11 AM,PROPERTY DAMAGE AND INJURY,1.,0 ,1 ,COLLISION WITH SIGN POST,OTHER,NONE,DARK-ROAD UNLIGHTED,CLOUDY,DRY
6836 ,33701596,MONROE,Pittsford,,,N,43.1099939,-77.5463176,12/22/2010,2:59 PM,INJURY,1.,0 ,2 ,COLLISION WITH MOTOR VEHICLE,REAR END,NONE,DAYLIGHT,CLOUDY,DRY
6836 ,33701624,MONROE,Webster,,,N,43.2107258,-77.4303239,12/21/2010,5:28 PM,INJURY,2.,0 ,2 ,COLLISION WITH MOTOR VEHICLE,REAR END,NONE,DARK-ROAD LIGHTED,CLOUDY,DRY
6836 ,33701962,MONROE,Rochester,,,Y,43.251702,-77.613324,12/05/2010,12:02 PM,PROPERTY DAMAGE AND INJURY,1.,0 ,2 ,COLLISION WITH MOTOR VEHICLE,REAR END,TRAFFIC SIGNAL,DAYLIGHT,SNOW,SNOW/ICE
6836 ,33702198,MONROE,Rochester,,,Y,43.141157,-77.613271,12/13/2010,2:54 PM,INJURY,1.,0 ,2 ,COLLISION WITH MOTOR VEHICLE,REAR END,TRAFFIC SIGNAL,DAYLIGHT,SNOW,SNOW/ICE
6836 ,33702242,MONROE,Greece,,,N,43.1890232,-77.6920483,12/22/2010,7:58 AM,PROPERTY DAMAGE AND INJURY,1.,0 ,2 ,COLLISION WITH MOTOR VEHICLE,REAR END,NONE,DAYLIGHT,CLOUDY,WET
6836 ,33702256,MONROE,Rochester,,,Y,43.152502,-77.60751,12/23/2010,6:36 PM,PROPERTY DAMAGE AND INJURY,1.,0 ,2 ,COLLISION WITH MOTOR VEHICLE,RIGHT ANGLE,TRAFFIC SIGNAL,DARK-ROAD LIGHTED,CLOUDY,WET
6836 ,33702263,MONROE,Penfield,,,Y,43.181709,-77.411698,12/22/2010,5:38 PM,PROPERTY DAMAGE AND INJURY,4.,0 ,2 ,COLLISION WITH MOTOR VEHICLE,RIGHT ANGLE,TRAFFIC SIGNAL,DARK-ROAD LIGHTED,CLOUDY,SNOW/ICE
6836 ,33702338,MONROE,Webster,,,N,43.218121,-77.4191501,12/22/2010,3:50 PM,PROPERTY DAMAGE AND INJURY,1.,0 ,1 ,COLLISION WITH GUIDE RAIL,OTHER,NONE,DAYLIGHT,CLOUDY,SNOW/ICE
6836 ,33702381,MONROE,Irondequoit,,,N,43.1976442,-77.5485784,12/23/2010,1:53 PM,PROPERTY DAMAGE AND INJURY,1.,0 ,2 ,COLLISION WITH MOTOR VEHICLE,RIGHT ANGLE,NONE,DAYLIGHT,CLOUDY,DRY
6836 ,33702511,MONROE,Rochester,,,Y,43.164648,-77.654143,12/18/2010,9:15 PM,PROPERTY DAMAGE AND INJURY,1.,0 ,2 ,COLLISION WITH MOTOR VEHICLE,LEFT TURN (WITH OTHER CAR),TRAFFIC SIGNAL,DARK-ROAD LIGHTED,CLEAR,WET
6836 ,33702524,MONROE,Brighton,,,N,43.1116009,-77.5485086,12/23/2010,11:17 AM,PROPERTY DAMAGE AND INJURY,1.,0 ,2 ,COLLISION WITH MOTOR VEHICLE,RIGHT ANGLE,NONE,DAYLIGHT,CLOUDY,WET
6836 ,33702772,MONROE,Webster,,,N,43.204451,-77.4794834,12/22/2010,2:27 PM,PROPERTY DAMAGE AND INJURY,1.,0 ,2 ,COLLISION WITH MOTOR VEHICLE,RIGHT ANGLE,NONE,DAYLIGHT,CLOUDY,WET
6836 ,33702915,MONROE,Gates,,,N,43.1649813,-77.6914833,12/23/2010,12:55 PM,PROPERTY DAMAGE AND INJURY,1.,0 ,2 ,COLLISION WITH MOTOR VEHICLE,LEFT TURN (WITH OTHER CAR),NONE,DAYLIGHT,CLOUDY,DRY
6836 ,33703161,MONROE,Greece,,,N,43.2082513,-77.6861994,12/23/2010,2:07 PM,PROPERTY DAMAGE AND INJURY,1.,0 ,2 ,COLLISION WITH MOTOR VEHICLE,REAR END,NONE,DAYLIGHT,CLOUDY,DRY
6836 ,33703406,MONROE,Rochester,,490I43022064,N,43.1448431,-77.5579812,12/22/2010,10:50 PM,PROPERTY DAMAGE AND INJURY,1.,0 ,4 ,COLLISION WITH MOTOR VEHICLE,OTHER,NONE,DARK-ROAD LIGHTED,RAIN,SNOW/ICE
6836 ,33703421,MONROE,Greece,,,N,43.2088464,-77.6701808,12/20/2010,9:07 AM,PROPERTY DAMAGE AND INJURY,1.,0 ,2 ,COLLISION WITH MOTOR VEHICLE,RIGHT ANGLE,NONE,DAYLIGHT,SNOW,WET
6836 ,33703721,MONROE,Greece,,,N,43.2005825,-77.677895,12/07/2010,4:58 AM,INJURY,1.,0 ,2 ,COLLISION WITH MOTOR VEHICLE,OVERTAKING,NONE,DARK-ROAD LIGHTED,SNOW,SNOW/ICE
6836 ,33703729,MONROE,Rochester,,,N,43.1552025,-77.5973539,12/22/2010,11:11 PM,PROPERTY DAMAGE AND INJURY,1.,0 ,1 ,COLLISION WITH GUIDE RAIL,OTHER,NONE,DARK-ROAD LIGHTED,RAIN,SNOW/ICE
6836 ,33703804,MONROE,Henrietta,,,N,43.084328,-77.608078,12/23/2010,12:30 PM,PROPERTY DAMAGE AND INJURY,1.,0 ,2 ,COLLISION WITH MOTOR VEHICLE,RIGHT ANGLE,TRAFFIC SIGNAL,DAYLIGHT,CLOUDY,WET
6836 ,33703809,MONROE,Henrietta,,,N,43.0799186,-77.6247256,12/22/2010,7:30 AM,PROPERTY DAMAGE AND INJURY,1.,0 ,1 ,COLLISION WITH OTHER FIXED OBJECT,OTHER,NONE,DAYLIGHT,CLOUDY,DRY
6836 ,33703825,MONROE,Parma,,261 43011008,N,43.2281212,-77.7522825,12/23/2010,12:10 AM,PROPERTY DAMAGE AND INJURY,1.,0 ,1 ,COLLISION WITH OTHER FIXED OBJECT,OTHER,NONE,DARK-ROAD UNLIGHTED,SLEET/HAIL/FREEZING RAIN,SNOW/ICE
6836 ,33703829,MONROE,Henrietta,,15 43031108,N,43.0859419,-77.6374533,12/24/2010,2:20 PM,INJURY,2.,0 ,2 ,COLLISION WITH MOTOR VEHICLE,LEFT TURN (AGAINST OTHER CAR),TRAFFIC SIGNAL,DAYLIGHT,CLOUDY,DRY
6836 ,33703840,MONROE,Honeoye Falls,,65 43031010,N,42.9551565,-77.5893202,12/14/2010,7:06 AM,PROPERTY DAMAGE AND INJURY,1.,0 ,2 ,COLLISION WITH MOTOR VEHICLE,SIDESWIPE,NONE,DAWN,SNOW,SNOW/ICE
6836 ,33703843,MONROE,Henrietta,,,Y,43.0595,-77.59299,12/14/2010,7:39 AM,PROPERTY DAMAGE AND INJURY,1.,0 ,3 ,COLLISION WITH MOTOR VEHICLE,OTHER,TRAFFIC SIGNAL,DAYLIGHT,SNOW,SNOW/ICE
6836 ,33703844,MONROE,Irondequoit,,,Y,43.223826,-77.549585,12/18/2010,12:23 PM,PROPERTY DAMAGE AND INJURY,2.,0 ,4 ,COLLISION WITH MOTOR VEHICLE,OTHER,NO PASSING ZONE,DAYLIGHT,CLEAR,WET
6836 ,33703851,MONROE,Chili,,,N,43.122117,-77.7596564,12/22/2010,10:50 PM,INJURY,1.,0 ,1 ,COLLISION WITH OTHER FIXED OBJECT,OTHER,NONE,DARK-ROAD UNLIGHTED,SNOW,SNOW/ICE
6836 ,33703855,MONROE,Henrietta,,,N,43.071978,-77.68898,12/09/2010,10:50 AM,INJURY,1.,0 ,2 ,COLLISION WITH MOTOR VEHICLE,REAR END,NONE,DAYLIGHT,CLEAR,WET
6836 ,33703857,MONROE,Brighton,,31 43033011,Y,43.123855,-77.561712,12/25/2010,8:40 PM,INJURY,1.,0 ,2 ,COLLISION WITH MOTOR VEHICLE,LEFT TURN (WITH OTHER CAR),TRAFFIC SIGNAL,DARK-ROAD LIGHTED,CLOUDY,WET
6836 ,33703866,MONROE,Brighton,,,Y,43.105186,-77.627313,12/24/2010,11:48 AM,PROPERTY DAMAGE AND INJURY,2.,0 ,2 ,COLLISION WITH MOTOR VEHICLE,LEFT TURN (AGAINST OTHER CAR),NONE,DAYLIGHT,SNOW,WET
6836 ,33704052,MONROE,Greece,,,N,43.2530179,-77.6968182,12/19/2010,11:30 AM,PROPERTY DAMAGE AND INJURY,1.,0 ,2 ,COLLISION WITH MOTOR VEHICLE,RIGHT ANGLE,STOP SIGN,DAYLIGHT,CLOUDY,DRY
6836 ,33704245,MONROE,Rochester,,,N,43.142931,-77.5481339,12/16/2010,8:05 PM,PROPERTY DAMAGE AND INJURY,1.,0 ,1 ,COLLISION WITH OTHER BARRIER,OTHER,NONE,DARK-ROAD LIGHTED,CLOUDY,WET
6836 ,33704257,MONROE,Rochester,,490I43022038,N,43.148603,-77.602838,12/26/2010,1:05 PM,PROPERTY DAMAGE AND INJURY,2.,0 ,1 ,COLLISION WITH OTHER BARRIER,OTHER,NONE,DAYLIGHT,SNOW,WET
6836 ,33704266,MONROE,Irondequoit,,,N,43.1993698,-77.5472543,12/24/2010,3:49 PM,PROPERTY DAMAGE AND INJURY,1.,0 ,1 ,COLLISION WITH GUIDE RAIL,OTHER,NONE,DAYLIGHT,CLOUDY,SNOW/ICE
6836 ,33704277,MONROE,Irondequoit,,,N,43.1959566,-77.5806203,12/06/2010,9:51 PM,PROPERTY DAMAGE AND INJURY,1.,0 ,1 ,COLLISION WITH GUIDE RAIL,OTHER,NONE,DARK-ROAD LIGHTED,SNOW,SNOW/ICE
6836 ,33704278,MONROE,Gates,,490I43021004,N,43.1580169,-77.7102935,12/16/2010,3:51 PM,PROPERTY DAMAGE AND INJURY,1.,0 ,1 ,COLLISION WITH GUIDERAIL - END,OTHER,NONE,DAYLIGHT,CLOUDY,DRY
6836 ,33704280,MONROE,Rochester,,104 43032034,N,43.1921511,-77.5988805,12/17/2010,1:49 AM,PROPERTY DAMAGE AND INJURY,1.,0 ,2 ,COLLISION WITH MOTOR VEHICLE,OVERTAKING,NONE,DARK-ROAD LIGHTED,SNOW,SNOW/ICE
6836 ,33704389,MONROE,Penfield,,,N,43.1320442,-77.4932301,12/21/2010,5:20 PM,PROPERTY DAMAGE AND INJURY,1.,0 ,2 ,COLLISION WITH MOTOR VEHICLE,REAR END,TRAFFIC SIGNAL,DARK-ROAD LIGHTED,CLOUDY,DRY
6836 ,33704411,MONROE,Gates,,31 43031177,Y,43.167587,-77.697351,12/26/2010,2:30 PM,PROPERTY DAMAGE AND INJURY,3.,0 ,2 ,COLLISION WITH MOTOR VEHICLE,RIGHT ANGLE,NONE,DAYLIGHT,CLOUDY,DRY
6836 ,33704459,MONROE,Rush,,390I43031078,N,42.9499989,-77.6974129,12/22/2010,11:30 PM,INJURY,1.,0 ,1 ,COLL. W/EARTH ELE./ROCK CUT/DITCH,OTHER,NONE,DARK-ROAD UNLIGHTED,SNOW,SNOW/ICE
6836 ,33704682,MONROE,Perinton,,,Y,43.079124,-77.4321141,12/01/2010,5:15 PM,PROPERTY DAMAGE AND INJURY,1.,0 ,3 ,COLLISION WITH MOTOR VEHICLE,OTHER,TRAFFIC SIGNAL,DUSK,CLEAR,DRY
6836 ,33704990,MONROE,Rochester,,,N,43.2314983,-77.6258316,11/30/2010,5:00 PM,INJURY,1.,0 ,3 ,COLLISION WITH MOTOR VEHICLE,OTHER,NONE,DARK-ROAD LIGHTED,RAIN,WET
6836 ,33705012,MONROE,Rochester,,,Y,43.175506,-77.588459,12/06/2010,8:34 PM,INJURY,1.,0 ,3 ,COLLISION WITH MOTOR VEHICLE,OTHER,NONE,DARK-ROAD LIGHTED,SNOW,SNOW/ICE
6836 ,33705188,MONROE,Gates,,390I43037016,N,43.1508653,-77.6787214,12/02/2010,8:10 AM,INJURY,1.,0 ,2 ,COLLISION WITH MOTOR VEHICLE,REAR END,NONE,DAYLIGHT,SNOW,WET
6836 ,33705192,MONROE,Henrietta,,15 43031105,N,43.0819228,-77.6396143,12/09/2010,3:45 PM,INJURY,1.,0 ,2 ,COLLISION WITH MOTOR VEHICLE,REAR END,TRAFFIC SIGNAL,DAYLIGHT,CLOUDY,DRY
6836 ,33705195,MONROE,Penfield,,,Y,43.1495,-77.499751,12/07/2010,11:05 AM,PROPERTY DAMAGE AND INJURY,1.,0 ,1 ,COLLISION WITH TREE,OTHER,NONE,DAYLIGHT,SNOW,WET
6836 ,33705274,MONROE,Webster,,,Y,43.21816,-77.400001,12/10/2010,5:41 PM,PROPERTY DAMAGE AND INJURY,1.,0 ,2 ,COLLISION WITH MOTOR VEHICLE,SIDESWIPE,TRAFFIC SIGNAL,DARK-ROAD UNLIGHTED,CLOUDY,WET
6836 ,33705310,MONROE,Greece,,,N,43.2230669,-77.6416405,12/10/2010,6:17 PM,INJURY,1.,0 ,2 ,COLLISION WITH MOTOR VEHICLE,REAR END,TRAFFIC SIGNAL,DARK-ROAD LIGHTED,CLEAR,WET
6836 ,33705351,MONROE,Henrietta,,15 43031074,N,43.0403979,-77.6619509,12/08/2010,10:52 PM,PROPERTY DAMAGE AND INJURY,1.,0 ,2 ,COLLISION WITH MOTOR VEHICLE,HEAD ON,NONE,DARK-ROAD UNLIGHTED,SNOW,SNOW/ICE
6836 ,33705405,MONROE,Chili,,383 43011153,N,43.120409,-77.6520674,12/14/2010,5:34 PM,PROPERTY DAMAGE AND INJURY,1.,0 ,3 ,COLLISION WITH MOTOR VEHICLE,OTHER,TRAFFIC SIGNAL,DARK-ROAD LIGHTED,SNOW,SNOW/ICE
6836 ,33705533,MONROE,Penfield,,,N,43.1757736,-77.5243159,12/14/2010,1:29 PM,INJURY,1.,0 ,2 ,COLL. W/LIGHT SUPPORT/UTILITY POLE,OTHER,NONE,DAYLIGHT,SNOW,SNOW/ICE
6836 ,33706091,MONROE,Henrietta,,,Y,43.049183,-77.657138,11/30/2010,7:57 AM,INJURY,1.,0 ,2 ,COLLISION WITH MOTOR VEHICLE,LEFT TURN (AGAINST OTHER CAR),TRAFFIC SIGNAL,DAYLIGHT,RAIN,WET
6836 ,33706143,MONROE,Pittsford,,490I43023054,N,43.0829385,-77.4894709,12/22/2010,9:50 PM,PROPERTY DAMAGE AND INJURY,1.,0 ,2 ,COLLISION WITH MOTOR VEHICLE,REAR END,NONE,DARK-ROAD LIGHTED,SLEET/HAIL/FREEZING RAIN,SNOW/ICE
6836 ,33706191,MONROE,Rochester,,,Y,43.173848,-77.659414,11/27/2010,12:55 PM,PROPERTY DAMAGE AND INJURY,2.,0 ,2 ,COLLISION WITH MOTOR VEHICLE,RIGHT ANGLE,TRAFFIC SIGNAL,DAYLIGHT,CLOUDY,DRY
6836 ,33706455,MONROE,Henrietta,,252 43011053,N,43.0924219,-77.667821,09/26/2010,1:35 AM,INJURY,2.,0 ,2 ,COLLISION WITH MOTOR VEHICLE,LEFT TURN (AGAINST OTHER CAR),TRAFFIC SIGNAL,DARK-ROAD LIGHTED,CLOUDY,DRY
6836 ,33706472,MONROE,Wheatland,,,N,42.990039,-77.8228214,12/27/2010,8:30 AM,PROPERTY DAMAGE AND INJURY,1.,0 ,1 ,COLLISION WITH TREE,OTHER,NONE,DAYLIGHT,CLOUDY,SNOW/ICE
6836 ,33706487,MONROE,Brighton,,31 43033018,N,43.114844,-77.552096,12/27/2010,5:16 PM,PROPERTY DAMAGE AND INJURY,2.,0 ,2 ,COLLISION WITH MOTOR VEHICLE,REAR END,NONE,DARK-ROAD LIGHTED,CLOUDY,DRY
6836 ,33706498,MONROE,Brockport,,,Y,43.214471,-77.9388049,12/15/2010,1:16 PM,INJURY,1.,0 ,3 ,COLLISION WITH MOTOR VEHICLE,OTHER,TRAFFIC SIGNAL,DAYLIGHT,CLOUDY,WET
6836 ,33706579,MONROE,Chili,,383 43011125,N,43.0897987,-77.6827543,12/26/2010,1:56 PM,INJURY,1.,0 ,2 ,COLLISION WITH MOTOR VEHICLE,REAR END,NONE,DAYLIGHT,CLOUDY,DRY
6836 ,33706612,MONROE,Sweden,,,Y,43.198319,-77.967207,12/22/2010,6:19 PM,PROPERTY DAMAGE AND INJURY,1.,0 ,2 ,COLLISION WITH MOTOR VEHICLE,REAR END,TRAFFIC SIGNAL,DARK-ROAD LIGHTED,SLEET/HAIL/FREEZING RAIN,SNOW/ICE
6836 ,33706625,MONROE,Henrietta,,,N,43.0679828,-77.6459,12/23/2010,3:56 PM,PROPERTY DAMAGE AND INJURY,2.,0 ,2 ,COLLISION WITH MOTOR VEHICLE,REAR END,NONE,DAYLIGHT,CLOUDY,WET
6836 ,33706646,MONROE,Penfield,,,Y,43.167416,-77.446957,12/22/2010,2:10 PM,PROPERTY DAMAGE AND INJURY,1.,0 ,2 ,COLLISION WITH MOTOR VEHICLE,OVERTAKING,NONE,DAYLIGHT,CLOUDY,DRY
6836 ,33706738,MONROE,Clarkson,,31 43031009,N,43.2197768,-77.9796904,12/22/2010,1:40 PM,INJURY,4.,0 ,2 ,COLLISION WITH MOTOR VEHICLE,LEFT TURN (WITH OTHER CAR),STOP SIGN,DAYLIGHT,CLOUDY,DRY
6836 ,33706766,MONROE,Ogden,,,N,43.1785206,-77.8025481,12/22/2010,11:25 PM,PROPERTY DAMAGE AND INJURY,1.,0 ,1 ,OVERTURNED,OTHER,NONE,DARK-ROAD UNLIGHTED,SLEET/HAIL/FREEZING RAIN,SNOW/ICE
6836 ,33706779,MONROE,Pittsford,,,N,43.0974743,-77.5016265,12/23/2010,8:30 AM,PROPERTY DAMAGE AND INJURY,1.,0 ,1 ,COLLISION WITH GUIDE RAIL,OTHER,NONE,DAYLIGHT,CLOUDY,WET
6836 ,33706783,MONROE,Perinton,,,N,43.0783218,-77.4765584,12/25/2010,8:04 PM,PROPERTY DAMAGE AND INJURY,1.,0 ,1 ,COLL. W/EARTH ELE./ROCK CUT/DITCH,OTHER,NONE,DARK-ROAD UNLIGHTED,CLOUDY,WET
6836 ,33706803,MONROE,Webster,,,N,43.2050604,-77.4748451,12/21/2010,4:29 PM,PROPERTY DAMAGE AND INJURY,1.,0 ,3 ,COLLISION WITH MOTOR VEHICLE,OTHER,NONE,DAYLIGHT,CLOUDY,DRY
6836 ,33706862,MONROE,Riga,,490I43021031,N,43.0861436,-77.9208928,12/22/2010,10:10 PM,PROPERTY DAMAGE AND INJURY,1.,0 ,2 ,COLLISION WITH MOTOR VEHICLE,RIGHT ANGLE,NONE,DARK-ROAD LIGHTED,SNOW,SNOW/ICE
6836 ,33706907,MONROE,Riga,,,N,43.0935557,-77.8850135,10/30/2010,9:00 AM,INJURY,1.,0 ,1 ,COLLISION WITH GUIDE RAIL,OTHER,NONE,DAYLIGHT,CLOUDY,DRY
6836 ,33706914,MONROE,Perinton,,31 43033062,N,43.0786786,-77.4840424,12/17/2010,12:15 PM,PROPERTY DAMAGE AND INJURY,1.,0 ,2 ,COLLISION WITH MOTOR VEHICLE,RIGHT ANGLE,STOP SIGN,DAYLIGHT,CLOUDY,WET
6836 ,33706945,MONROE,Hamlin,,,Y,43.31376,-77.9656241,12/11/2010,4:12 PM,INJURY,1.,0 ,1 ,RAN OFF ROAD ONLY,OTHER,STOP SIGN,DAYLIGHT,CLEAR,DRY
6836 ,33706952,MONROE,Webster,,,N,43.2123658,-77.4303131,12/23/2010,3:21 PM,PROPERTY DAMAGE AND INJURY,1.,0 ,2 ,COLLISION WITH MOTOR VEHICLE,REAR END,NONE,DAYLIGHT,CLOUDY,DRY
6836 ,33706964,MONROE,Sweden,,,N,43.1982978,-77.9683313,12/22/2010,8:30 PM,PROPERTY DAMAGE AND INJURY,2.,0 ,3 ,COLLISION WITH MOTOR VEHICLE,OTHER,NONE,DARK-ROAD UNLIGHTED,CLOUDY,WET
6836 ,33706975,MONROE,Chili,,251 43011018,N,43.1238247,-77.7456423,12/23/2010,5:52 PM,PROPERTY DAMAGE AND INJURY,1.,0 ,3 ,COLLISION WITH MOTOR VEHICLE,OTHER,NONE,DARK-ROAD LIGHTED,CLOUDY,DRY
6836 ,33707172,MONROE,Parma,,,Y,43.28831,-77.749578,12/25/2010,11:09 AM,PROPERTY DAMAGE AND INJURY,5.,0 ,2 ,COLLISION WITH MOTOR VEHICLE,REAR END,TRAFFIC SIGNAL,DAYLIGHT,CLOUDY,DRY
6836 ,33707255,MONROE,Pittsford,,441 43011115,N,43.1232548,-77.5076577,12/28/2010,12:50 PM,PROPERTY DAMAGE AND INJURY,1.,0 ,2 ,COLLISION WITH MOTOR VEHICLE,RIGHT ANGLE,TRAFFIC SIGNAL,DAYLIGHT,CLOUDY,DRY
6836 ,33707272,MONROE,Greece,,947A43021211,N,43.2598089,-77.6408599,12/28/2010,12:24 AM,PROPERTY DAMAGE AND INJURY,1.,0 ,1 ,COLL. W/EARTH ELE./ROCK CUT/DITCH,OTHER,NONE,DARK-ROAD UNLIGHTED,CLEAR,DRY
6836 ,33707450,MONROE,Greece,,,Y,43.241973,-77.640027,12/20/2010,7:52 PM,PROPERTY DAMAGE AND INJURY,1.,0 ,2 ,COLLISION WITH MOTOR VEHICLE,REAR END,NONE,DARK-ROAD LIGHTED,CLOUDY,WET
6836 ,33707570,MONROE,Greece,,,Y,43.202395,-77.731983,12/23/2010,4:36 PM,PROPERTY DAMAGE AND INJURY,3.,0 ,3 ,COLLISION WITH MOTOR VEHICLE,OTHER,TRAFFIC SIGNAL,DUSK,CLEAR,DRY
6836 ,33707651,MONROE,Greece,,,Y,43.253021,-77.696443,12/21/2010,4:44 PM,PROPERTY DAMAGE AND INJURY,3.,0 ,3 ,COLLISION WITH MOTOR VEHICLE,OTHER,TRAFFIC SIGNAL,DARK-ROAD LIGHTED,CLOUDY,DRY
6836 ,33707703,MONROE,Greece,,,N,43.209092,-77.6912961,12/22/2010,7:56 PM,INJURY,2.,0 ,3 ,COLLISION WITH MOTOR VEHICLE,OTHER,NONE,DARK-ROAD LIGHTED,CLOUDY,WET
6836 ,33707713,MONROE,Greece,,,Y,43.238474,-77.696648,12/25/2010,4:35 PM,PROPERTY DAMAGE AND INJURY,3.,0 ,2 ,COLLISION WITH MOTOR VEHICLE,REAR END,TRAFFIC SIGNAL,DARK-ROAD LIGHTED,CLOUDY,DRY
6836 ,33707734,MONROE,Perinton,,,Y,43.108378,-77.441807,12/24/2010,10:00 AM,INJURY,1.,0 ,2 ,COLLISION WITH MOTOR VEHICLE,REAR END,TRAFFIC SIGNAL,DAYLIGHT,CLOUDY,DRY
6836 ,33707896,MONROE,Greece,,,N,43.253021,-77.696443,12/22/2010,5:38 PM,PROPERTY DAMAGE AND INJURY,2.,0 ,2 ,COLLISION WITH MOTOR VEHICLE,LEFT TURN (WITH OTHER CAR),TRAFFIC SIGNAL,DARK-ROAD LIGHTED,CLOUDY,WET
6836 ,33708032,MONROE,Greece,,,N,43.255344,-77.6335231,12/26/2010,1:10 PM,PROPERTY DAMAGE AND INJURY,1.,0 ,2 ,COLLISION WITH MOTOR VEHICLE,RIGHT ANGLE,NONE,DAYLIGHT,CLOUDY,SNOW/ICE
6836 ,33708114,MONROE,Rochester,,,Y,43.187983,-77.6388759,11/30/2010,9:40 PM,PROPERTY DAMAGE AND INJURY,1.,0 ,2 ,COLLISION WITH MOTOR VEHICLE,LEFT TURN (AGAINST OTHER CAR),NONE,DARK-ROAD LIGHTED,RAIN,WET
6836 ,33708141,MONROE,Rochester,,,Y,43.14883,-77.597661,11/12/2010,1:37 AM,PROPERTY DAMAGE AND INJURY,1.,0 ,2 ,COLLISION WITH MOTOR VEHICLE,UNKNOWN,TRAFFIC SIGNAL,DARK-ROAD LIGHTED,CLEAR,DRY
6836 ,33708183,MONROE,Rochester,,,Y,43.138151,-77.596958,12/13/2010,1:56 PM,PROPERTY DAMAGE AND INJURY,1.,0 ,3 ,COLLISION WITH MOTOR VEHICLE,OTHER,NONE,DAYLIGHT,SNOW,SNOW/ICE
6836 ,33708184,MONROE,Rochester,,96 43052013,Y,43.149509,-77.571697,12/12/2010,11:54 PM,PROPERTY DAMAGE AND INJURY,1.,0 ,2 ,COLLISION WITH MOTOR VEHICLE,REAR END,TRAFFIC SIGNAL,DARK-ROAD LIGHTED,CLOUDY,WET
6836 ,33708234,MONROE,Rochester,,,N,43.1921238,-77.5998937,12/06/2010,5:10 PM,INJURY,1.,0 ,1 ,COLLISION WITH PEDESTRIAN,OTHER,NONE,DARK-ROAD LIGHTED,SNOW,SNOW/ICE
6836 ,33708235,MONROE,Rochester,,,Y,43.167366,-77.607229,12/12/2010,11:01 PM,PROPERTY DAMAGE AND INJURY,2.,0 ,2 ,COLLISION WITH MOTOR VEHICLE,UNKNOWN,STOP SIGN,DARK-ROAD LIGHTED,CLEAR,WET
6836 ,33708236,MONROE,Rochester,,,N,43.1621984,-77.5527755,12/05/2010,4:42 PM,PROPERTY DAMAGE AND INJURY,2.,0 ,3 ,COLLISION WITH MOTOR VEHICLE,OTHER,NONE,DAYLIGHT,SNOW,SNOW/ICE
6836 ,33708246,MONROE,Rochester,,,Y,43.180938,-77.6394981,12/06/2010,7:46 AM,INJURY,1.,0 ,2 ,COLLISION WITH MOTOR VEHICLE,REAR END,NONE,DAYLIGHT,SNOW,SNOW/ICE
6836 ,33708481,MONROE,Rochester,,,Y,43.157258,-77.541926,11/24/2010,6:32 PM,PROPERTY DAMAGE AND INJURY,1.,0 ,2 ,COLLISION WITH MOTOR VEHICLE,LEFT TURN (WITH OTHER CAR),NONE,DARK-ROAD LIGHTED,CLEAR,DRY
6836 ,33708644,MONROE,Rochester,,,Y,43.155497,-77.583619,11/30/2010,6:20 PM,INJURY,1.,0 ,1 ,COLLISION WITH BICYCLIST,OTHER,TRAFFIC SIGNAL,DARK-ROAD LIGHTED,CLOUDY,DRY
6836 ,33708684,MONROE,Rochester,,,Y,43.160442,-77.591637,12/04/2010,2:16 PM,PROPERTY DAMAGE AND INJURY,1.,0 ,2 ,COLLISION WITH MOTOR VEHICLE,LEFT TURN (AGAINST OTHER CAR),TRAFFIC SIGNAL,DAYLIGHT,CLOUDY,DRY
6836 ,33708685,MONROE,Rochester,,,Y,43.158068,-77.602343,12/02/2010,4:35 PM,INJURY,2.,0 ,2 ,COLLISION WITH MOTOR VEHICLE,REAR END,TRAFFIC SIGNAL,DARK-ROAD LIGHTED,CLEAR,DRY
6836 ,33708690,MONROE,Rochester,,,N,43.141813,-77.594786,12/06/2010,3:29 PM,INJURY,1.,0 ,2 ,COLLISION WITH MOTOR VEHICLE,OVERTAKING,TRAFFIC SIGNAL,DAYLIGHT,SNOW,SLUSH
6836 ,33708692,MONROE,Rochester,,,Y,43.161662,-77.597452,12/05/2010,5:03 PM,INJURY,1.,0 ,2 ,COLLISION WITH MOTOR VEHICLE,REAR END,NONE,DARK-ROAD LIGHTED,SNOW,SNOW/ICE