QUERYID,CASE #,REGN_CNTY_CDE,Municipality,MUNITYPE,REF_MRKR,ATINTERSECTION_IND,Lat,Long,,Time,Crash Type,Injuries,Fatalities,Number of Vehicles,ACCD_TYP,COLLISION_TYP,TRAF_CNTL,Light Condition,Weather Condition,Road Surface Condition
6836 ,33708696,MONROE,Rochester,,,Y,43.178452,-77.625083,12/05/2010,5:11 PM,INJURY,1.,0 ,2 ,COLLISION WITH MOTOR VEHICLE,RIGHT ANGLE,TRAFFIC SIGNAL,DARK-ROAD LIGHTED,SNOW,SNOW/ICE
6836 ,33708697,MONROE,Rochester,,,Y,43.143449,-77.588294,12/05/2010,4:19 PM,INJURY,1.,0 ,2 ,COLLISION WITH MOTOR VEHICLE,REAR END,NONE,DAYLIGHT,SNOW,SNOW/ICE
6836 ,33708786,MONROE,Rochester,,,Y,43.129124,-77.6061079,12/01/2010,1:08 PM,PROPERTY DAMAGE AND INJURY,1.,0 ,1 ,COLL. W/LIGHT SUPPORT/UTILITY POLE,OTHER,NONE,DAYLIGHT,SNOW,SNOW/ICE
6836 ,33708788,MONROE,Rochester,,,Y,43.150798,-77.59118,12/01/2010,11:21 AM,PROPERTY DAMAGE AND INJURY,2.,0 ,2 ,COLLISION WITH MOTOR VEHICLE,UNKNOWN,STOP SIGN,DAYLIGHT,SNOW,WET
6836 ,33708789,MONROE,Rochester,,,Y,43.1777018,-77.5848028,12/01/2010,3:53 PM,PROPERTY DAMAGE AND INJURY,1.,0 ,1 ,COLLISION WITH TREE,OTHER,NONE,DAYLIGHT,CLOUDY,SLUSH
6836 ,33708792,MONROE,Rochester,,,N,43.1434573,-77.5670026,12/01/2010,6:46 AM,INJURY,1.,0 ,1 ,COLLISION WITH PEDESTRIAN,OTHER,NONE,DAWN,RAIN,WET
6836 ,33709168,MONROE,Rochester,,,N,43.2179917,-77.629496,12/29/2010,4:03 PM,INJURY,1.,0 ,2 ,COLLISION WITH MOTOR VEHICLE,SIDESWIPE,NONE,DAYLIGHT,CLOUDY,DRY
6836 ,33709172,MONROE,Rochester,,,Y,43.173866,-77.6430369,12/23/2010,7:19 PM,PROPERTY DAMAGE AND INJURY,2.,0 ,2 ,COLLISION WITH MOTOR VEHICLE,RIGHT ANGLE,STOP SIGN,DARK-ROAD LIGHTED,CLOUDY,WET
6836 ,33709618,MONROE,Mendon,,,N,43.0176153,-77.487639,12/28/2010,8:58 AM,PROPERTY DAMAGE AND INJURY,4.,0 ,3 ,COLLISION WITH MOTOR VEHICLE,OTHER,NONE,DAYLIGHT,CLOUDY,DRY
6836 ,33709670,MONROE,Brighton,,31 43033020,N,43.1137164,-77.5510301,12/29/2010,12:19 PM,PROPERTY DAMAGE AND INJURY,2.,0 ,2 ,COLLISION WITH MOTOR VEHICLE,RIGHT ANGLE,NONE,DAYLIGHT,CLOUDY,DRY
6836 ,33709675,MONROE,Riga,,490I43021036,N,43.0981475,-77.8659641,12/22/2010,11:30 PM,PROPERTY DAMAGE AND INJURY,1.,0 ,1 ,COLLISION WITH TREE,OTHER,NONE,DARK-ROAD LIGHTED,SLEET/HAIL/FREEZING RAIN,SNOW/ICE
6836 ,33709681,MONROE,Pittsford,,,N,43.1226884,-77.5213666,12/22/2010,10:26 PM,PROPERTY DAMAGE AND INJURY,3.,0 ,3 ,COLLISION WITH MOTOR VEHICLE,OTHER,NONE,DARK-ROAD LIGHTED,SLEET/HAIL/FREEZING RAIN,SNOW/ICE
6836 ,33709687,MONROE,Pittsford,,31 43033028,N,43.1060845,-77.541698,12/27/2010,12:05 PM,PROPERTY DAMAGE AND INJURY,1.,0 ,2 ,COLLISION WITH MOTOR VEHICLE,REAR END,TRAFFIC SIGNAL,DAYLIGHT,SNOW,SNOW/ICE
6836 ,33710109,MONROE,Rochester,,,Y,43.162139,-77.623063,12/20/2010,8:30 AM,PROPERTY DAMAGE AND INJURY,3.,0 ,3 ,COLLISION WITH MOTOR VEHICLE,OTHER,TRAFFIC SIGNAL,DAYLIGHT,CLEAR,WET
6836 ,33710131,MONROE,Rochester,,,N,43.1759063,-77.6133262,12/19/2010,10:30 AM,INJURY,1.,0 ,2 ,COLLISION WITH MOTOR VEHICLE,REAR END,NONE,DAYLIGHT,CLOUDY,DRY
6836 ,33710213,MONROE,Brighton,,,N,43.0999795,-77.614062,11/08/2010,7:54 AM,PROPERTY DAMAGE AND INJURY,1.,0 ,2 ,COLLISION WITH MOTOR VEHICLE,RIGHT ANGLE,STOP SIGN,DAYLIGHT,CLOUDY,DRY
6836 ,33710473,MONROE,Rochester,,940M43011010,N,43.1786265,-77.6314785,12/31/2010,4:18 PM,PROPERTY DAMAGE AND INJURY,1.,0 ,2 ,COLLISION WITH MOTOR VEHICLE,REAR END,NONE,DAYLIGHT,CLOUDY,WET
6836 ,33710474,MONROE,Rochester,,,N,43.187092,-77.591845,12/31/2010,2:33 PM,PROPERTY DAMAGE AND INJURY,1.,0 ,2 ,COLLISION WITH MOTOR VEHICLE,OTHER,TRAFFIC SIGNAL,DAYLIGHT,CLOUDY,WET
6836 ,33710802,MONROE,Brighton,,,Y,43.125324,-77.60109,12/31/2010,8:05 PM,PROPERTY DAMAGE AND INJURY,1.,0 ,3 ,COLLISION WITH MOTOR VEHICLE,OTHER,NONE,DARK-ROAD UNLIGHTED,RAIN,WET
6836 ,33710803,MONROE,Brighton,,15 43031116,N,43.0951672,-77.6324865,12/31/2010,12:41 PM,INJURY,1.,0 ,3 ,COLLISION WITH MOTOR VEHICLE,OTHER,TRAFFIC SIGNAL,DAYLIGHT,CLOUDY,WET
6836 ,33710860,MONROE,Greece,,,N,43.209859,-77.6959401,12/20/2010,10:31 PM,PROPERTY DAMAGE AND INJURY,1.,0 ,2 ,COLLISION WITH MOTOR VEHICLE,OVERTAKING,NONE,DARK-ROAD LIGHTED,CLEAR,DRY
6836 ,33711307,MONROE,Brighton,,,N,43.0999795,-77.614062,11/18/2010,1:50 PM,PROPERTY DAMAGE AND INJURY,1.,0 ,2 ,COLLISION WITH MOTOR VEHICLE,REAR END,STOP SIGN,DAYLIGHT,CLOUDY,WET
6836 ,33711309,MONROE,Brighton,,,N,43.0999795,-77.614062,11/04/2010,9:36 AM,INJURY,1.,0 ,2 ,COLLISION WITH MOTOR VEHICLE,UNKNOWN,STOP SIGN,DAYLIGHT,RAIN,WET
6836 ,33711335,MONROE,Rochester,,,Y,43.146064,-77.6054879,11/25/2010,2:00 AM,INJURY,1.,0 ,1 ,COLLISION WITH PEDESTRIAN,OTHER,TRAFFIC SIGNAL,DARK-ROAD LIGHTED,CLEAR,DRY
6836 ,33711336,MONROE,Rochester,,,N,43.1780044,-77.6312392,11/24/2010,7:01 AM,INJURY,1.,0 ,2 ,COLLISION WITH MOTOR VEHICLE,REAR END,TRAFFIC SIGNAL,DAYLIGHT,CLEAR,DRY
6836 ,33711340,MONROE,Rochester,,,Y,43.179736,-77.588293,11/24/2010,11:07 AM,PROPERTY DAMAGE AND INJURY,2.,0 ,2 ,COLLISION WITH MOTOR VEHICLE,RIGHT ANGLE,STOP SIGN,DAYLIGHT,CLEAR,DRY
6836 ,33711465,MONROE,Rochester,,,N,43.1804545,-77.6119239,11/30/2010,6:28 PM,INJURY,1.,0 ,2 ,COLLISION WITH MOTOR VEHICLE,OVERTAKING,NONE,DARK-ROAD UNLIGHTED,RAIN,WET
6836 ,33711466,MONROE,Rochester,,,Y,43.154831,-77.625432,11/16/2010,11:24 PM,PROPERTY DAMAGE AND INJURY,1.,0 ,1 ,COLLISION WITH BUILDING/WALL,OTHER,NONE,DARK-ROAD LIGHTED,RAIN,WET
6836 ,33711471,MONROE,Rochester,,,N,43.1776068,-77.5852155,11/27/2010,2:19 AM,INJURY,2.,0 ,1 ,COLLISION WITH OTHER FIXED OBJECT,OTHER,UNKNOWN,DARK-ROAD UNLIGHTED,CLOUDY,DRY
6836 ,33711472,MONROE,Rochester,,,N,43.1388841,-77.6336287,11/30/2010,12:29 AM,INJURY,1.,0 ,1 ,COLLISION WITH PEDESTRIAN,OTHER,NONE,DARK-ROAD LIGHTED,CLEAR,DRY
6836 ,33711473,MONROE,Rochester,,,N,43.184002,-77.5875316,11/30/2010,2:08 PM,PROPERTY DAMAGE AND INJURY,1.,0 ,2 ,COLLISION WITH MOTOR VEHICLE,UNKNOWN,STOP SIGN,DAYLIGHT,RAIN,WET
6836 ,33711474,MONROE,Rochester,,,Y,43.156483,-77.600068,11/30/2010,3:19 PM,INJURY,1.,0 ,2 ,COLLISION WITH MOTOR VEHICLE,RIGHT ANGLE,TRAFFIC SIGNAL,DAYLIGHT,RAIN,WET
6836 ,33711475,MONROE,Rochester,,,Y,43.1466,-77.619839,11/30/2010,5:30 PM,INJURY,1.,0 ,1 ,COLLISION WITH PEDESTRIAN,OTHER,NONE,DARK-ROAD LIGHTED,RAIN,WET
6836 ,33711476,MONROE,Rochester,,,N,43.2475875,-77.6162353,11/30/2010,6:49 PM,INJURY,1.,0 ,2 ,COLLISION WITH MOTOR VEHICLE,OVERTAKING,NONE,DARK-ROAD LIGHTED,RAIN,WET
6836 ,33711477,MONROE,Rochester,,,Y,43.200455,-77.638723,11/25/2010,6:35 PM,INJURY,1.,0 ,2 ,COLLISION WITH MOTOR VEHICLE,REAR END,NONE,DARK-ROAD LIGHTED,CLOUDY,WET
6836 ,33711478,MONROE,Rochester,,,Y,43.159024,-77.623911,11/30/2010,9:45 AM,PROPERTY DAMAGE AND INJURY,3.,0 ,2 ,COLLISION WITH MOTOR VEHICLE,OVERTAKING,NONE,DAYLIGHT,CLOUDY,WET
6836 ,33711480,MONROE,Rochester,,,Y,43.186702,-77.602989,11/28/2010,9:00 PM,PROPERTY DAMAGE AND INJURY,1.,0 ,2 ,COLLISION WITH MOTOR VEHICLE,REAR END,NONE,DARK-ROAD LIGHTED,CLEAR,DRY
6836 ,33711561,MONROE,Rochester,,,Y,43.167235,-77.599661,11/26/2010,9:05 PM,INJURY,1.,0 ,1 ,COLLISION WITH BICYCLIST,OTHER,TRAFFIC SIGNAL,DARK-ROAD LIGHTED,SNOW,DRY
6836 ,33711562,MONROE,Rochester,,,N,43.161586,-77.5858149,11/23/2010,8:15 AM,INJURY,1.,0 ,2 ,COLLISION WITH MOTOR VEHICLE,REAR END,NONE,DAYLIGHT,CLOUDY,DRY
6836 ,33711563,MONROE,Rochester,,,N,43.170427,-77.6074446,11/30/2010,6:55 PM,INJURY,1.,0 ,2 ,COLLISION WITH MOTOR VEHICLE,REAR END,NONE,DARK-ROAD LIGHTED,RAIN,WET
6836 ,33711564,MONROE,Rochester,,,Y,43.180842,-77.599182,11/25/2010,3:35 PM,PROPERTY DAMAGE AND INJURY,1.,0 ,2 ,COLLISION WITH MOTOR VEHICLE,SIDESWIPE,TRAFFIC SIGNAL,DAYLIGHT,RAIN,WET
6836 ,33711565,MONROE,Rochester,,,N,43.1718149,-77.5809358,11/25/2010,5:46 AM,INJURY,1.,0 ,1 ,COLLISION WITH PEDESTRIAN,OTHER,NONE,DARK-ROAD LIGHTED,CLOUDY,DRY
6836 ,33711666,MONROE,Gates,,33 43031131,Y,43.1499509,-77.690965,12/26/2010,7:10 AM,FATAL,0.,1 ,1 ,COLLISION WITH PEDESTRIAN,OTHER,TRAFFIC SIGNAL,DARK-ROAD LIGHTED,CLOUDY,DRY
6836 ,33712118,MONROE,Rochester,,,N,43.1878995,-77.5763178,12/30/2010,11:55 AM,PROPERTY DAMAGE AND INJURY,1.,0 ,2 ,COLLISION WITH MOTOR VEHICLE,LEFT TURN (AGAINST OTHER CAR),NONE,DAYLIGHT,CLEAR,DRY
6836 ,33712779,MONROE,Henrietta,,,N,43.0908279,-77.6347927,12/24/2010,12:45 PM,PROPERTY DAMAGE AND INJURY,3.,0 ,2 ,COLLISION WITH MOTOR VEHICLE,LEFT TURN (AGAINST OTHER CAR),NONE,DAYLIGHT,CLOUDY,WET
6836 ,33712789,MONROE,Penfield,,,Y,43.182405,-77.502168,12/28/2010,7:08 PM,PROPERTY DAMAGE AND INJURY,1.,0 ,2 ,COLLISION WITH MOTOR VEHICLE,RIGHT ANGLE,TRAFFIC SIGNAL,DARK-ROAD LIGHTED,CLOUDY,DRY
6836 ,33712795,MONROE,Perinton,,96 43051013,N,43.0448947,-77.4664646,12/27/2010,5:21 PM,PROPERTY DAMAGE AND INJURY,2.,0 ,2 ,COLLISION WITH MOTOR VEHICLE,REAR END,TRAFFIC SIGNAL,DARK-ROAD LIGHTED,CLOUDY,WET
6836 ,33712797,MONROE,Henrietta,,,N,43.0866951,-77.5928614,12/24/2010,11:42 AM,INJURY,1.,0 ,2 ,COLLISION WITH BUILDING/WALL,REAR END,NONE,DAYLIGHT,CLOUDY,WET
6836 ,33712801,MONROE,Webster,,,N,43.234123,-77.5093504,12/29/2010,6:59 PM,PROPERTY DAMAGE AND INJURY,1.,0 ,2 ,COLLISION WITH MOTOR VEHICLE,REAR END,NONE,DARK-ROAD UNLIGHTED,CLEAR,DRY
6836 ,33712802,MONROE,Chili,,,N,43.1213192,-77.7437944,12/17/2010,4:12 PM,PROPERTY DAMAGE AND INJURY,1.,0 ,3 ,COLLISION WITH MOTOR VEHICLE,OTHER,NONE,DAYLIGHT,CLOUDY,DRY
6836 ,33712814,MONROE,Chili,,251 43011026,N,43.1114167,-77.745617,12/21/2010,3:36 PM,INJURY,1.,0 ,2 ,COLLISION WITH MOTOR VEHICLE,REAR END,NONE,DAYLIGHT,CLEAR,DRY
6836 ,33712822,MONROE,Henrietta,,,N,43.0586351,-77.6561199,12/30/2010,7:26 AM,PROPERTY DAMAGE AND INJURY,1.,0 ,1 ,COLLISION WITH TREE,OTHER,NONE,DAWN,CLEAR,DRY
6836 ,33712826,MONROE,Perinton,,96 43051025,Y,43.060571,-77.475518,12/26/2010,5:31 PM,PROPERTY DAMAGE AND INJURY,1.,0 ,2 ,COLLISION WITH MOTOR VEHICLE,HEAD ON,TRAFFIC SIGNAL,DARK-ROAD LIGHTED,CLOUDY,DRY
6836 ,33712830,MONROE,Gates,,,Y,43.173132,-77.701573,12/29/2010,6:40 PM,PROPERTY DAMAGE AND INJURY,1.,0 ,2 ,COLLISION WITH MOTOR VEHICLE,REAR END,NONE,DARK-ROAD LIGHTED,CLEAR,DRY
6836 ,33712831,MONROE,Pittsford,,,N,43.0765997,-77.5226689,12/24/2010,5:22 PM,PROPERTY DAMAGE AND INJURY,5.,0 ,2 ,COLLISION WITH MOTOR VEHICLE,REAR END,NONE,DARK-ROAD UNLIGHTED,CLOUDY,DRY
6836 ,33713361,MONROE,Penfield,,,N,43.1311632,-77.4590991,12/27/2010,1:15 PM,PROPERTY DAMAGE AND INJURY,1.,0 ,2 ,COLLISION WITH MOTOR VEHICLE,REAR END,NONE,DAYLIGHT,SNOW,WET
6836 ,33714285,MONROE,Rochester,,940T43011001,N,43.1572344,-77.6222468,12/24/2010,5:30 AM,PROPERTY DAMAGE AND INJURY,3.,0 ,2 ,COLLISION WITH MOTOR VEHICLE,OVERTAKING,NONE,DARK-ROAD LIGHTED,CLOUDY,WET
6836 ,33714413,MONROE,Greece,,,N,43.2073456,-77.6797902,01/01/2011,12:04 AM,PROPERTY DAMAGE AND INJURY,1.,0 ,1 ,COLLISION WITH SIGN POST,OTHER,NONE,DARK-ROAD LIGHTED,CLOUDY,WET
6836 ,33714849,MONROE,Greece,,18 43031194,N,43.252889,-77.6685628,12/29/2010,7:48 AM,PROPERTY DAMAGE AND INJURY,1.,0 ,2 ,COLLISION WITH MOTOR VEHICLE,LEFT TURN (AGAINST OTHER CAR),TRAFFIC SIGNAL,DAYLIGHT,CLOUDY,DRY
6836 ,33714952,MONROE,Gates,,,N,43.1604698,-77.7115207,01/02/2011,4:24 PM,PROPERTY DAMAGE AND INJURY,3.,0 ,2 ,COLLISION WITH MOTOR VEHICLE,SIDESWIPE,NONE,DUSK,SNOW,SNOW/ICE
6836 ,33714953,MONROE,Perinton,,490I43023083,N,43.0475208,-77.4640119,12/22/2010,10:31 PM,INJURY,1.,0 ,1 ,COLL. W/LIGHT SUPPORT/UTILITY POLE,OTHER,NONE,DARK-ROAD LIGHTED,SLEET/HAIL/FREEZING RAIN,SNOW/ICE
6836 ,33714956,MONROE,Sweden,,,N,43.1978764,-77.8975015,01/02/2011,5:10 PM,PROPERTY DAMAGE AND INJURY,1.,0 ,1 ,COLLISION WITH TREE,OTHER,NO PASSING ZONE,DARK-ROAD UNLIGHTED,CLEAR,SNOW/ICE
6836 ,33714967,MONROE,Irondequoit,,,N,43.2113594,-77.5752412,01/02/2011,5:56 PM,PROPERTY DAMAGE AND INJURY,1.,0 ,2 ,COLLISION WITH MOTOR VEHICLE,RIGHT ANGLE,NONE,DARK-ROAD LIGHTED,CLOUDY,WET
6836 ,33714978,MONROE,Pittsford,,,N,43.086515,-77.518128,01/01/2011,1:40 AM,INJURY,1.,0 ,2 ,COLLISION WITH MOTOR VEHICLE,REAR END,TRAFFIC SIGNAL,DARK-ROAD LIGHTED,CLOUDY,WET
6836 ,33715288,MONROE,Perinton,,,Y,43.106679,-77.4589089,10/14/2010,7:44 AM,PROPERTY DAMAGE AND INJURY,3.,0 ,2 ,COLLISION WITH MOTOR VEHICLE,RIGHT ANGLE,NONE,DAYLIGHT,SNOW,SNOW/ICE
6836 ,33715913,MONROE,Riga,,,N,43.086635,-77.8447605,12/24/2010,4:54 AM,PROPERTY DAMAGE AND INJURY,1.,0 ,1 ,RAN OFF ROAD ONLY,OTHER,NONE,DARK-ROAD UNLIGHTED,SNOW,WET
6836 ,33716011,MONROE,Rochester,,,N,43.176193,-77.563631,12/10/2010,8:48 AM,INJURY,1.,0 ,2 ,COLLISION WITH MOTOR VEHICLE,UNKNOWN,NONE,DAYLIGHT,CLOUDY,SNOW/ICE
6836 ,33716087,MONROE,Greece,,,Y,43.263876,-77.646674,12/11/2010,3:18 PM,INJURY,6.,0 ,2 ,COLLISION WITH MOTOR VEHICLE,RIGHT ANGLE,STOP SIGN,DAYLIGHT,CLOUDY,WET
6836 ,33716229,MONROE,Rochester,,,N,43.174988,-77.610441,12/30/2010,1:49 PM,PROPERTY DAMAGE AND INJURY,1.,0 ,3 ,COLLISION WITH MOTOR VEHICLE,OTHER,NONE,DAYLIGHT,CLOUDY,DRY
6836 ,33716967,MONROE,Rochester,,,Y,43.142223,-77.642149,12/07/2010,6:45 PM,INJURY,1.,0 ,2 ,COLLISION WITH MOTOR VEHICLE,UNKNOWN,UNKNOWN,UNKNOWN,SNOW,UNKNOWN
6836 ,33717236,MONROE,Rochester,,940T43011022,N,43.1511412,-77.6035005,01/03/2011,5:13 PM,PROPERTY DAMAGE AND INJURY,1.,0 ,2 ,COLLISION WITH MOTOR VEHICLE,REAR END,NONE,DARK-ROAD LIGHTED,CLOUDY,DRY
6836 ,33717383,MONROE,Greece,,,N,43.1986131,-77.6844404,01/03/2011,3:26 PM,PROPERTY DAMAGE AND INJURY,1.,0 ,1 ,COLLISION WITH PEDESTRIAN,OTHER,NONE,DAYLIGHT,CLEAR,DRY
6836 ,33717817,MONROE,Henrietta,,,Y,43.0680481,-77.6469888,12/29/2010,11:16 PM,INJURY,1.,0 ,2 ,COLLISION WITH MOTOR VEHICLE,LEFT TURN (WITH OTHER CAR),NONE,DARK-ROAD LIGHTED,CLOUDY,DRY
6836 ,33717824,MONROE,Chili,,,N,43.093443,-77.7790609,01/03/2011,12:22 AM,INJURY,2.,0 ,1 ,COLLISION WITH OTHER FIXED OBJECT,OTHER,NONE,DARK-ROAD LIGHTED,CLOUDY,WET
6836 ,33717833,MONROE,Brighton,,31 43033014,Y,43.1208121,-77.5583385,01/04/2011,5:40 PM,PROPERTY DAMAGE AND INJURY,1.,0 ,3 ,COLLISION WITH MOTOR VEHICLE,OTHER,NONE,DARK-ROAD LIGHTED,CLOUDY,WET
6836 ,33718729,MONROE,Rochester,,,N,43.1805913,-77.6076722,12/23/2010,11:25 AM,PROPERTY DAMAGE AND INJURY,1.,0 ,1 ,COLLISION WITH OTHER,OTHER,NONE,DAYLIGHT,SNOW,SNOW/ICE
6836 ,33719543,MONROE,Webster,,,N,43.20862,-77.460977,01/02/2011,12:41 PM,PROPERTY DAMAGE AND INJURY,2.,0 ,3 ,COLLISION WITH MOTOR VEHICLE,OTHER,TRAFFIC SIGNAL,DAYLIGHT,CLOUDY,WET
6836 ,33719549,MONROE,Henrietta,,,Y,43.068655,-77.597541,01/03/2011,10:05 AM,PROPERTY DAMAGE AND INJURY,1.,0 ,2 ,COLLISION WITH MOTOR VEHICLE,RIGHT ANGLE,STOP SIGN,DAYLIGHT,CLEAR,DRY
6836 ,33719550,MONROE,Gates,,490I43021170,N,43.1571492,-77.695508,12/30/2010,4:36 PM,PROPERTY DAMAGE AND INJURY,1.,0 ,1 ,COLL. W/EARTH ELE./ROCK CUT/DITCH,OTHER,NONE,DUSK,CLOUDY,DRY
6836 ,33719553,MONROE,Penfield,,250 43011088,N,43.1602752,-77.431549,01/02/2011,2:21 PM,PROPERTY DAMAGE AND INJURY,4.,0 ,3 ,COLLISION WITH MOTOR VEHICLE,OTHER,NONE,DAYLIGHT,SNOW,WET
6836 ,33719556,MONROE,Penfield,,404 43035058,N,43.1901221,-77.5037789,12/31/2010,12:31 PM,INJURY,1.,0 ,2 ,COLLISION WITH MOTOR VEHICLE,REAR END,NONE,DAYLIGHT,CLEAR,DRY
6836 ,33719581,MONROE,Sweden,,,N,43.1618874,-77.9614521,12/30/2010,1:52 AM,PROPERTY DAMAGE AND INJURY,1.,0 ,1 ,COLLISION WITH TREE,OTHER,NONE,DARK-ROAD UNLIGHTED,CLOUDY,DRY
6836 ,33719587,MONROE,Henrietta,,,N,43.0871548,-77.609337,12/22/2010,11:25 PM,PROPERTY DAMAGE AND INJURY,1.,0 ,2 ,COLLISION WITH MOTOR VEHICLE,REAR END,TRAFFIC SIGNAL,DARK-ROAD LIGHTED,SLEET/HAIL/FREEZING RAIN,SNOW/ICE
6836 ,33719599,MONROE,Brighton,,15 43031116,N,43.096843,-77.6315991,01/05/2011,6:22 AM,PROPERTY DAMAGE AND INJURY,1.,0 ,1 ,COLLISION WITH CURBING,OTHER,NONE,DARK-ROAD LIGHTED,CLOUDY,SNOW/ICE
6836 ,33719873,MONROE,Greece,,,Y,43.1907,-77.701476,12/31/2010,1:50 PM,PROPERTY DAMAGE AND INJURY,1.,0 ,2 ,COLLISION WITH MOTOR VEHICLE,REAR END,TRAFFIC SIGNAL,DAYLIGHT,CLEAR,WET
6836 ,33719880,MONROE,Greece,,,N,43.205948,-77.6718329,12/31/2010,3:06 PM,INJURY,2.,0 ,2 ,COLLISION WITH MOTOR VEHICLE,REAR END,TRAFFIC SIGNAL,DAYLIGHT,CLEAR,WET
6836 ,33719954,MONROE,Rochester,,,Y,43.11707,-77.621252,01/05/2011,5:48 PM,INJURY,1.,0 ,1 ,COLLISION WITH BICYCLIST,OTHER,STOP SIGN,DARK-ROAD LIGHTED,CLEAR,DRY
6836 ,33719955,MONROE,Rochester,,,Y,43.149214,-77.639493,01/04/2011,3:42 PM,INJURY,1.,0 ,2 ,COLLISION WITH MOTOR VEHICLE,LEFT TURN (AGAINST OTHER CAR),NONE,DAYLIGHT,SNOW,WET
6836 ,33719958,MONROE,Rochester,,,Y,43.1778578,-77.6311804,01/04/2011,2:52 PM,INJURY,1.,0 ,1 ,COLLISION WITH PEDESTRIAN,OTHER,NONE,DAYLIGHT,SNOW,WET
6836 ,33719961,MONROE,Rochester,,,N,43.2036445,-77.6554051,01/06/2011,10:00 AM,PROPERTY DAMAGE AND INJURY,1.,0 ,1 ,COLLISION WITH FENCE,OTHER,NONE,DAYLIGHT,CLEAR,SNOW/ICE
6836 ,33720280,MONROE,Ogden,,,N,43.1644754,-77.8332011,01/03/2011,5:25 AM,PROPERTY DAMAGE AND INJURY,2.,0 ,1 ,COLLISION WITH CULVERT/HEADWALL,OTHER,NONE,DARK-ROAD UNLIGHTED,CLOUDY,DRY
6836 ,33720284,MONROE,Webster,,,Y,43.204307,-77.418996,01/05/2011,2:06 PM,PROPERTY DAMAGE AND INJURY,1.,0 ,2 ,COLLISION WITH MOTOR VEHICLE,LEFT TURN (WITH OTHER CAR),STOP SIGN,DAYLIGHT,CLOUDY,WET
6836 ,33720352,MONROE,Perinton,,,N,43.0788497,-77.432115,01/02/2011,6:43 PM,INJURY,1.,0 ,2 ,COLLISION WITH MOTOR VEHICLE,REAR END,TRAFFIC SIGNAL,DARK-ROAD UNLIGHTED,CLOUDY,DRY
6836 ,33720396,MONROE,Brighton,,15 43031127,N,43.1114766,-77.6240541,01/07/2011,12:50 PM,PROPERTY DAMAGE AND INJURY,3.,0 ,2 ,COLLISION WITH MOTOR VEHICLE,RIGHT ANGLE,TRAFFIC SIGNAL,DAYLIGHT,CLEAR,WET
6836 ,33720476,MONROE,Irondequoit,,,N,43.1993123,-77.576141,01/06/2011,6:25 PM,INJURY,1.,0 ,2 ,COLLISION WITH MOTOR VEHICLE,RIGHT ANGLE,NONE,DARK-ROAD LIGHTED,CLOUDY,DRY
6836 ,33720548,MONROE,Greece,,,Y,43.253607,-77.7328481,01/05/2011,2:58 PM,PROPERTY DAMAGE AND INJURY,1.,0 ,2 ,COLLISION WITH MOTOR VEHICLE,LEFT TURN (AGAINST OTHER CAR),TRAFFIC SIGNAL,DAYLIGHT,CLOUDY,WET
6836 ,33720555,MONROE,Penfield,,,N,43.1304097,-77.4412995,12/31/2010,8:58 AM,PROPERTY DAMAGE AND INJURY,1.,0 ,2 ,COLLISION WITH MOTOR VEHICLE,LEFT TURN (WITH OTHER CAR),NONE,DAYLIGHT,CLEAR,WET
6836 ,33720590,MONROE,Irondequoit,,,N,43.196444,-77.5767859,01/06/2011,5:23 PM,INJURY,1.,0 ,4 ,COLLISION WITH MOTOR VEHICLE,OTHER,TRAFFIC SIGNAL,DARK-ROAD LIGHTED,CLOUDY,DRY
6836 ,33720612,MONROE,Henrietta,,,N,43.0725809,-77.650922,01/07/2011,7:45 AM,INJURY,1.,0 ,2 ,COLLISION WITH MOTOR VEHICLE,REAR END,NONE,DAYLIGHT,CLOUDY,WET
6836 ,33720616,MONROE,Greece,,,Y,43.231416,-77.71634,12/29/2010,2:32 PM,PROPERTY DAMAGE AND INJURY,1.,0 ,2 ,COLLISION WITH MOTOR VEHICLE,RIGHT ANGLE,TRAFFIC SIGNAL,DAYLIGHT,CLEAR,DRY
6836 ,33720691,MONROE,Greece,,,N,43.2869553,-77.7211467,01/05/2011,3:00 PM,PROPERTY DAMAGE AND INJURY,3.,0 ,2 ,COLLISION WITH MOTOR VEHICLE,HEAD ON,NONE,DAYLIGHT,CLEAR,WET
6836 ,33720741,MONROE,Greece,,,Y,43.194319,-77.701428,01/06/2011,7:25 AM,INJURY,1.,0 ,2 ,COLLISION WITH MOTOR VEHICLE,REAR END,TRAFFIC SIGNAL,DAYLIGHT,CLOUDY,DRY
6836 ,33720810,MONROE,Greece,,,N,43.2465489,-77.6468262,01/05/2011,6:35 PM,PROPERTY DAMAGE AND INJURY,1.,0 ,2 ,COLLISION WITH MOTOR VEHICLE,RIGHT ANGLE,NONE,DARK-ROAD LIGHTED,CLEAR,WET
6836 ,33720820,MONROE,Greece,,,N,43.1990062,-77.7004892,12/23/2010,11:19 PM,PROPERTY DAMAGE AND INJURY,1.,0 ,1 ,COLLISION WITH SIGN POST,OTHER,NONE,DARK-ROAD LIGHTED,CLOUDY,DRY
6836 ,33721004,MONROE,Perinton,,,Y,43.061727,-77.477089,12/30/2010,10:30 AM,INJURY,1.,0 ,2 ,COLLISION WITH MOTOR VEHICLE,OVERTAKING,TRAFFIC SIGNAL,DAYLIGHT,CLEAR,DRY
6836 ,33721450,MONROE,Greece,,,N,43.2238554,-77.6417129,01/07/2011,3:08 AM,PROPERTY DAMAGE AND INJURY,1.,0 ,1 ,COLL. W/LIGHT SUPPORT/UTILITY POLE,OTHER,NONE,DARK-ROAD LIGHTED,SNOW,SNOW/ICE
6836 ,33721454,MONROE,Greece,,,Y,43.223754,-77.659043,12/18/2010,1:08 PM,INJURY,1.,0 ,2 ,COLLISION WITH MOTOR VEHICLE,REAR END,NONE,DAYLIGHT,CLEAR,DRY