QUERYID,CASE #,REGN_CNTY_CDE,Municipality,MUNITYPE,REF_MRKR,ATINTERSECTION_IND,Lat,Long,,Time,Crash Type,Injuries,Fatalities,Number of Vehicles,ACCD_TYP,COLLISION_TYP,TRAF_CNTL,Light Condition,Weather Condition,Road Surface Condition
6836 ,33721715,MONROE,Rochester,,490I43022039,N,43.1482043,-77.6024472,01/05/2011,5:55 PM,PROPERTY DAMAGE AND INJURY,2.,0 ,2 ,COLLISION WITH MOTOR VEHICLE,OVERTAKING,NONE,DARK-ROAD LIGHTED,CLOUDY,DRY
6836 ,33721733,MONROE,Webster,,104 43035262,N,43.2150388,-77.4532806,01/08/2011,2:57 PM,PROPERTY DAMAGE AND INJURY,1.,0 ,2 ,COLLISION WITH MOTOR VEHICLE,HEAD ON,NONE,DAYLIGHT,SNOW,SNOW/ICE
6836 ,33721877,MONROE,Irondequoit,,,N,43.1979346,-77.6002472,01/08/2011,3:37 PM,INJURY,1.,0 ,1 ,COLLISION WITH PEDESTRIAN,OTHER,NONE,DAYLIGHT,SNOW,SNOW/ICE
6836 ,33721878,MONROE,Rochester,,,Y,43.198291,-77.561575,01/07/2011,4:50 PM,PROPERTY DAMAGE AND INJURY,1.,0 ,2 ,COLLISION WITH MOTOR VEHICLE,RIGHT ANGLE,STOP SIGN,DUSK,CLOUDY,WET
6836 ,33721887,MONROE,Irondequoit,,,Y,43.174103,-77.550708,01/05/2011,8:23 PM,PROPERTY DAMAGE AND INJURY,1.,0 ,2 ,COLLISION WITH MOTOR VEHICLE,RIGHT ANGLE,STOP SIGN,DARK-ROAD LIGHTED,CLOUDY,DRY
6836 ,33721890,MONROE,Irondequoit,,,Y,43.201116,-77.569812,01/08/2011,4:50 PM,INJURY,1.,0 ,3 ,COLLISION WITH MOTOR VEHICLE,OTHER,TRAFFIC SIGNAL,DAYLIGHT,SNOW,SNOW/ICE
6836 ,33721898,MONROE,Henrietta,,,N,43.0854091,-77.629682,01/07/2011,7:00 PM,INJURY,1.,0 ,2 ,COLLISION WITH MOTOR VEHICLE,REAR END,TRAFFIC SIGNAL,DARK-ROAD LIGHTED,CLOUDY,DRY
6836 ,33721910,MONROE,Sweden,,31A43021026,N,43.1983637,-77.9456334,01/06/2011,2:21 PM,PROPERTY DAMAGE AND INJURY,1.,0 ,2 ,COLLISION WITH MOTOR VEHICLE,RIGHT ANGLE,TRAFFIC SIGNAL,DAYLIGHT,CLEAR,DRY
6836 ,33721919,MONROE,Gates,,390I43037017,N,43.1517651,-77.6797252,01/07/2011,1:27 PM,INJURY,1.,0 ,2 ,COLLISION WITH MOTOR VEHICLE,OVERTAKING,NONE,DAYLIGHT,CLEAR,DRY
6836 ,33721920,MONROE,Webster,,,Y,43.198257,-77.434356,01/07/2011,2:25 PM,PROPERTY DAMAGE AND INJURY,2.,0 ,2 ,COLLISION WITH MOTOR VEHICLE,RIGHT ANGLE,NONE,DAYLIGHT,CLEAR,DRY
6836 ,33721928,MONROE,Gates,,,Y,43.147604,-77.709287,01/08/2011,12:40 PM,PROPERTY DAMAGE AND INJURY,1.,0 ,2 ,COLLISION WITH MOTOR VEHICLE,RIGHT ANGLE,TRAFFIC SIGNAL,DAYLIGHT,CLOUDY,DRY
6836 ,33722036,MONROE,Greece,,,Y,43.201442,-77.680194,12/04/2010,9:08 AM,PROPERTY DAMAGE AND INJURY,1.,0 ,2 ,COLLISION WITH MOTOR VEHICLE,RIGHT ANGLE,TRAFFIC SIGNAL,DAYLIGHT,SNOW,SNOW/ICE
6836 ,33722038,MONROE,Greece,,,N,43.1890728,-77.6803877,12/06/2010,10:06 AM,PROPERTY DAMAGE AND INJURY,2.,0 ,2 ,COLLISION WITH MOTOR VEHICLE,REAR END,NONE,DAYLIGHT,SNOW,SNOW/ICE
6836 ,33722043,MONROE,Rochester,,,N,43.187092,-77.591845,12/08/2010,7:03 PM,INJURY,2.,0 ,2 ,COLLISION WITH MOTOR VEHICLE,UNKNOWN,TRAFFIC SIGNAL,DARK-ROAD LIGHTED,CLOUDY,SNOW/ICE
6836 ,33722048,MONROE,Rochester,,,Y,43.124791,-77.61428,12/07/2010,6:36 AM,PROPERTY DAMAGE AND INJURY,1.,0 ,2 ,COLLISION WITH MOTOR VEHICLE,REAR END,TRAFFIC SIGNAL,DAYLIGHT,SNOW,SNOW/ICE
6836 ,33722049,MONROE,Rochester,,,Y,43.173943,-77.5737291,12/07/2010,2:42 PM,INJURY,1.,0 ,2 ,COLLISION WITH MOTOR VEHICLE,RIGHT ANGLE,STOP SIGN,DAYLIGHT,CLOUDY,SNOW/ICE
6836 ,33722050,MONROE,Rochester,,,N,43.1553269,-77.605603,12/07/2010,10:06 PM,PROPERTY DAMAGE AND INJURY,1.,0 ,1 ,COLLISION WITH OTHER BARRIER,OTHER,NONE,DARK-ROAD LIGHTED,SNOW,SNOW/ICE
6836 ,33722051,MONROE,Rochester,,,N,43.1906278,-77.6532316,12/06/2010,10:57 AM,PROPERTY DAMAGE AND INJURY,1.,0 ,1 ,COLLISION WITH OTHER FIXED OBJECT,OTHER,NONE,DAYLIGHT,SNOW,SNOW/ICE
6836 ,33722053,MONROE,Rochester,,,Y,43.151247,-77.637527,12/09/2010,11:26 AM,INJURY,2.,0 ,2 ,COLLISION WITH MOTOR VEHICLE,UNKNOWN,NONE,DAYLIGHT,CLEAR,SNOW/ICE
6836 ,33722063,MONROE,Rochester,,,Y,43.230812,-77.626148,12/09/2010,7:54 AM,PROPERTY DAMAGE AND INJURY,1.,0 ,2 ,COLLISION WITH MOTOR VEHICLE,REAR END,TRAFFIC SIGNAL,DAWN,SNOW,SNOW/ICE
6836 ,33722065,MONROE,Rochester,,,Y,43.203228,-77.651699,12/10/2010,1:43 PM,INJURY,1.,0 ,2 ,COLLISION WITH MOTOR VEHICLE,REAR END,TRAFFIC SIGNAL,DAYLIGHT,CLOUDY,WET
6836 ,33722066,MONROE,Rochester,,,Y,43.186453,-77.613791,12/10/2010,11:52 AM,PROPERTY DAMAGE AND INJURY,2.,0 ,2 ,COLLISION WITH MOTOR VEHICLE,RIGHT ANGLE,TRAFFIC SIGNAL,DAYLIGHT,CLOUDY,SLUSH
6836 ,33722070,MONROE,Rochester,,,Y,43.149984,-77.641149,12/09/2010,6:53 AM,PROPERTY DAMAGE AND INJURY,2.,0 ,2 ,COLLISION WITH MOTOR VEHICLE,LEFT TURN (AGAINST OTHER CAR),NONE,DAWN,CLEAR,SNOW/ICE
6836 ,33722074,MONROE,Rochester,,,N,43.1900555,-77.6437775,12/09/2010,12:31 PM,INJURY,1.,0 ,2 ,COLLISION WITH MOTOR VEHICLE,UNKNOWN,NONE,DAYLIGHT,CLEAR,SNOW/ICE
6836 ,33722077,MONROE,Rochester,,,N,43.162933,-77.602072,12/11/2010,11:58 PM,PROPERTY DAMAGE AND INJURY,1.,0 ,2 ,COLLISION WITH MOTOR VEHICLE,LEFT TURN (AGAINST OTHER CAR),TRAFFIC SIGNAL,DARK-ROAD LIGHTED,CLOUDY,WET
6836 ,33722078,MONROE,Rochester,,,Y,43.145438,-77.5553219,12/12/2010,6:23 PM,INJURY,1.,0 ,2 ,COLLISION WITH MOTOR VEHICLE,REAR END,NONE,DARK-ROAD LIGHTED,RAIN,WET
6836 ,33722195,MONROE,Rochester,,,N,43.2384428,-77.5661959,12/14/2010,11:10 PM,INJURY,1.,0 ,1 ,COLLISION WITH PEDESTRIAN,OTHER,NONE,DARK-ROAD UNLIGHTED,CLOUDY,SNOW/ICE
6836 ,33722198,MONROE,Rochester,,,N,43.1852409,-77.6082884,12/12/2010,1:29 PM,PROPERTY DAMAGE AND INJURY,1.,0 ,2 ,COLLISION WITH MOTOR VEHICLE,RIGHT ANGLE,NONE,DAYLIGHT,SNOW,WET
6836 ,33722200,MONROE,Rochester,,,Y,43.115216,-77.624393,12/12/2010,10:30 AM,PROPERTY DAMAGE AND INJURY,1.,0 ,2 ,COLLISION WITH MOTOR VEHICLE,RIGHT ANGLE,STOP SIGN,DAYLIGHT,CLOUDY,WET
6836 ,33722207,MONROE,Rochester,,,Y,43.163173,-77.601939,12/09/2010,2:08 PM,PROPERTY DAMAGE AND INJURY,3.,0 ,2 ,COLLISION WITH MOTOR VEHICLE,UNKNOWN,TRAFFIC SIGNAL,DAYLIGHT,CLOUDY,WET
6836 ,33722208,MONROE,Rochester,,,Y,43.147577,-77.5541321,12/13/2010,4:42 PM,PROPERTY DAMAGE AND INJURY,1.,0 ,2 ,COLLISION WITH MOTOR VEHICLE,LEFT TURN (AGAINST OTHER CAR),NONE,DUSK,SNOW,SNOW/ICE
6836 ,33722209,MONROE,Rochester,,,Y,43.174915,-77.6132469,12/09/2010,5:02 PM,INJURY,1.,0 ,1 ,COLLISION WITH PEDESTRIAN,OTHER,TRAFFIC SIGNAL,DARK-ROAD LIGHTED,CLOUDY,WET
6836 ,33722211,MONROE,Rochester,,,N,43.1673513,-77.6106075,12/03/2010,3:24 PM,INJURY,1.,0 ,2 ,COLLISION WITH MOTOR VEHICLE,RIGHT ANGLE,NONE,DAYLIGHT,CLEAR,WET
6836 ,33722212,MONROE,Rochester,,,N,43.168696,-77.650119,12/13/2010,4:00 PM,INJURY,1.,0 ,2 ,COLLISION WITH MOTOR VEHICLE,REAR END,STOP SIGN,DAYLIGHT,SNOW,SNOW/ICE
6836 ,33722232,MONROE,Greece,,,Y,43.186929,-77.732212,12/13/2010,11:30 AM,PROPERTY DAMAGE AND INJURY,2.,0 ,2 ,COLLISION WITH MOTOR VEHICLE,REAR END,TRAFFIC SIGNAL,DAYLIGHT,SNOW,WET
6836 ,33722442,MONROE,Rochester,,,Y,43.143077,-77.556613,12/05/2010,12:00 AM,PROPERTY DAMAGE AND INJURY,1.,0 ,2 ,COLLISION WITH MOTOR VEHICLE,REAR END,TRAFFIC SIGNAL,DAYLIGHT,SNOW,SNOW/ICE
6836 ,33722601,MONROE,Greece,,,Y,43.202395,-77.731983,12/09/2010,3:01 PM,INJURY,1.,0 ,2 ,COLLISION WITH MOTOR VEHICLE,REAR END,TRAFFIC SIGNAL,DAYLIGHT,CLEAR,WET
6836 ,33722603,MONROE,Greece,,,N,43.2049767,-77.6663517,12/09/2010,1:25 PM,INJURY,1.,0 ,2 ,COLLISION WITH MOTOR VEHICLE,UNKNOWN,NONE,DAYLIGHT,CLEAR,WET
6836 ,33722689,MONROE,Rochester,,,N,43.1887193,-77.6202569,12/09/2010,11:18 AM,PROPERTY DAMAGE AND INJURY,1.,0 ,2 ,COLLISION WITH MOTOR VEHICLE,OVERTAKING,NONE,DAYLIGHT,CLEAR,WET
6836 ,33722948,MONROE,Greece,,18 43031226,N,43.223233,-77.641342,01/08/2011,3:30 PM,PROPERTY DAMAGE AND INJURY,1.,0 ,2 ,COLLISION WITH MOTOR VEHICLE,REAR END,TRAFFIC SIGNAL,DAYLIGHT,SNOW,SNOW/ICE
6836 ,33722952,MONROE,Greece,,,Y,43.236608,-77.646863,01/08/2011,3:13 PM,INJURY,1.,0 ,2 ,COLLISION WITH MOTOR VEHICLE,RIGHT ANGLE,TRAFFIC SIGNAL,DAYLIGHT,SNOW,SNOW/ICE
6836 ,33722954,MONROE,Greece,,,Y,43.2022237,-77.697985,01/08/2011,6:44 AM,PROPERTY DAMAGE AND INJURY,1.,0 ,2 ,COLLISION WITH MOTOR VEHICLE,REAR END,TRAFFIC SIGNAL,DARK-ROAD LIGHTED,CLOUDY,WET
6836 ,33722957,MONROE,Greece,,,Y,43.214424,-77.7318019,01/08/2011,3:15 PM,INJURY,1.,0 ,2 ,COLLISION WITH MOTOR VEHICLE,REAR END,TRAFFIC SIGNAL,DAYLIGHT,SNOW,SNOW/ICE
6836 ,33723232,MONROE,Gates,,390 43011011,N,43.1731654,-77.6831287,01/08/2011,10:26 AM,PROPERTY DAMAGE AND INJURY,1.,0 ,1 ,COLLISION WITH GUIDE RAIL,OTHER,NONE,DAYLIGHT,CLOUDY,WET
6836 ,33723239,MONROE,Greece,,,N,43.2543936,-77.628399,01/08/2011,2:45 PM,PROPERTY DAMAGE AND INJURY,1.,0 ,2 ,COLLISION WITH MOTOR VEHICLE,RIGHT ANGLE,NONE,DAYLIGHT,SNOW,SNOW/ICE
6836 ,33723253,MONROE,Rochester,,490I43022048,N,43.1419237,-77.5884769,01/07/2011,5:49 PM,INJURY,1.,0 ,2 ,COLLISION WITH MOTOR VEHICLE,OVERTAKING,NONE,DARK-ROAD LIGHTED,CLEAR,DRY
6836 ,33723410,MONROE,Henrietta,,15 43031069,N,43.0878682,-77.6355982,01/08/2011,5:01 PM,INJURY,1.,0 ,2 ,COLLISION WITH MOTOR VEHICLE,REAR END,NONE,DARK-ROAD LIGHTED,SNOW,SNOW/ICE
6836 ,33723411,MONROE,Brighton,,,Y,43.126453,-77.564608,01/09/2011,2:50 PM,PROPERTY DAMAGE AND INJURY,1.,0 ,3 ,COLLISION WITH MOTOR VEHICLE,OTHER,TRAFFIC SIGNAL,DAYLIGHT,CLOUDY,DRY
6836 ,33723412,MONROE,Henrietta,,253 43011030,N,43.0592251,-77.6104584,01/08/2011,11:36 PM,PROPERTY DAMAGE AND INJURY,1.,0 ,1 ,COLL. W/LIGHT SUPPORT/UTILITY POLE,OTHER,NONE,DARK-ROAD LIGHTED,CLOUDY,SNOW/ICE
6836 ,33723414,MONROE,Henrietta,,15 43031114,N,43.0935031,-77.6333523,01/06/2011,6:56 PM,PROPERTY DAMAGE AND INJURY,2.,0 ,2 ,COLLISION WITH MOTOR VEHICLE,LEFT TURN (AGAINST OTHER CAR),NONE,DARK-ROAD LIGHTED,SNOW,WET
6836 ,33723424,MONROE,Irondequoit,,,Y,43.2485561,-77.5973434,01/08/2011,9:29 PM,PROPERTY DAMAGE AND INJURY,2.,0 ,2 ,COLLISION WITH MOTOR VEHICLE,REAR END,NO PASSING ZONE,DARK-ROAD LIGHTED,SNOW,WET
6836 ,33723427,MONROE,Perinton,,96 43051012,N,43.0421249,-77.46289,01/04/2011,8:53 PM,INJURY,1.,0 ,1 ,COLL. W/LIGHT SUPPORT/UTILITY POLE,OTHER,NONE,DARK-ROAD LIGHTED,SNOW,SNOW/ICE
6836 ,33723437,MONROE,Mendon,,,N,42.9721983,-77.5291938,01/07/2011,3:11 PM,PROPERTY DAMAGE AND INJURY,1.,0 ,2 ,COLLISION WITH MOTOR VEHICLE,LEFT TURN (AGAINST OTHER CAR),NONE,DAYLIGHT,CLOUDY,DRY
6836 ,33723762,MONROE,Rochester,,,Y,43.17571,-77.630108,12/03/2010,11:44 AM,INJURY,1.,0 ,3 ,COLLISION WITH MOTOR VEHICLE,OTHER,NONE,DAYLIGHT,UNKNOWN,DRY
6836 ,33724260,MONROE,Rochester,,,N,43.1459173,-77.5691494,12/24/2010,9:42 AM,PROPERTY DAMAGE AND INJURY,1.,0 ,4 ,COLLISION WITH MOTOR VEHICLE,OTHER,NO PASSING ZONE,DAYLIGHT,CLOUDY,WET
6836 ,33724262,MONROE,Rochester,,,N,43.1739915,-77.6241195,12/26/2010,1:30 PM,INJURY,1.,0 ,1 ,COLLISION WITH CURBING,OTHER,NONE,DAYLIGHT,CLEAR,DRY
6836 ,33724264,MONROE,Rochester,,,Y,43.163215,-77.621608,12/17/2010,11:25 AM,PROPERTY DAMAGE AND INJURY,3.,0 ,4 ,COLLISION WITH MOTOR VEHICLE,OTHER,TRAFFIC SIGNAL,DAYLIGHT,CLOUDY,WET
6836 ,33724301,MONROE,Rochester,,,N,43.1565119,-77.6092512,12/23/2010,1:35 PM,INJURY,2.,0 ,3 ,COLLISION WITH MOTOR VEHICLE,OTHER,TRAFFIC SIGNAL,DAYLIGHT,SNOW,WET
6836 ,33724303,MONROE,Rochester,,,Y,43.187361,-77.584105,12/24/2010,12:30 PM,PROPERTY DAMAGE AND INJURY,1.,0 ,3 ,COLLISION WITH MOTOR VEHICLE,OTHER,TRAFFIC SIGNAL,DAYLIGHT,CLOUDY,WET
6836 ,33724305,MONROE,Rochester,,,Y,43.17722,-77.613411,12/22/2010,1:07 PM,PROPERTY DAMAGE AND INJURY,4.,0 ,3 ,COLLISION WITH MOTOR VEHICLE,OTHER,TRAFFIC SIGNAL,DAYLIGHT,CLOUDY,DRY
6836 ,33724309,MONROE,Rochester,,,Y,43.14883,-77.597661,12/23/2010,6:31 PM,INJURY,1.,0 ,3 ,COLLISION WITH MOTOR VEHICLE,OTHER,TRAFFIC SIGNAL,DARK-ROAD LIGHTED,CLOUDY,DRY
6836 ,33724319,MONROE,Rochester,,,Y,43.14176,-77.598004,12/25/2010,1:31 AM,INJURY,2.,0 ,2 ,COLLISION WITH MOTOR VEHICLE,RIGHT ANGLE,TRAFFIC SIGNAL,DARK-ROAD LIGHTED,CLEAR,SNOW/ICE
6836 ,33724320,MONROE,Rochester,,,Y,43.147081,-77.6360541,12/25/2010,11:34 AM,PROPERTY DAMAGE AND INJURY,3.,0 ,2 ,COLLISION WITH MOTOR VEHICLE,UNKNOWN,NONE,DAYLIGHT,CLEAR,DRY
6836 ,33724523,MONROE,Rochester,,,Y,43.139498,-77.6140781,12/08/2010,4:51 PM,INJURY,1.,0 ,1 ,COLLISION WITH PEDESTRIAN,OTHER,TRAFFIC SIGNAL,DARK-ROAD LIGHTED,SNOW,SNOW/ICE
6836 ,33724578,MONROE,Rochester,,590I43012003,N,43.1424327,-77.5507266,01/08/2011,8:39 PM,PROPERTY DAMAGE AND INJURY,1.,0 ,1 ,COLLISION WITH GUIDE RAIL,OTHER,NONE,DARK-ROAD LIGHTED,SNOW,SNOW/ICE
6836 ,33724817,MONROE,Rochester,,,Y,43.186812,-77.599571,01/07/2011,4:40 PM,PROPERTY DAMAGE AND INJURY,2.,0 ,3 ,COLLISION WITH MOTOR VEHICLE,OTHER,STOPPED SCHOOL BUS W/RED LIGHT FLSH,DUSK,CLOUDY,DRY
6836 ,33725380,MONROE,Rochester,,,N,43.196037,-77.561399,01/07/2011,6:14 PM,PROPERTY DAMAGE AND INJURY,1.,0 ,2 ,COLLISION WITH MOTOR VEHICLE,LEFT TURN (WITH OTHER CAR),TRAFFIC SIGNAL,DARK-ROAD LIGHTED,CLEAR,WET
6836 ,33725827,MONROE,Rochester,,,Y,43.177792,-77.631154,12/04/2010,12:12 PM,PROPERTY DAMAGE AND INJURY,1.,0 ,2 ,COLLISION WITH MOTOR VEHICLE,UNKNOWN,NONE,DAYLIGHT,CLEAR,DRY
6836 ,33726105,MONROE,Sweden,,31A43021015,N,43.1981152,-77.9771,12/11/2010,2:07 PM,FATAL,3.,1 ,3 ,COLLISION WITH MOTOR VEHICLE,OTHER,NONE,DAYLIGHT,CLOUDY,DRY
6836 ,33726963,MONROE,Henrietta,,,N,43.0944105,-77.6228014,03/26/2010,12:21 PM,PROPERTY DAMAGE AND INJURY,4.,0 ,3 ,COLLISION WITH MOTOR VEHICLE,OTHER,NONE,DAYLIGHT,CLOUDY,DRY
6836 ,33727102,MONROE,Chili,,252A43011045,N,43.1090181,-77.6746493,12/17/2010,6:23 PM,PROPERTY DAMAGE AND INJURY,2.,0 ,2 ,COLLISION WITH MOTOR VEHICLE,LEFT TURN (WITH OTHER CAR),TRAFFIC SIGNAL,DARK-ROAD LIGHTED,CLOUDY,WET
6836 ,33727168,MONROE,Penfield,,,N,43.1448545,-77.4845791,01/10/2011,12:26 AM,PROPERTY DAMAGE AND INJURY,3.,0 ,1 ,COLLISION WITH TREE,OTHER,NONE,DARK-ROAD UNLIGHTED,CLEAR,WET
6836 ,33727179,MONROE,Irondequoit,,47 43013022,N,43.2069,-77.548833,01/10/2011,8:05 AM,PROPERTY DAMAGE AND INJURY,1.,0 ,3 ,COLLISION WITH MOTOR VEHICLE,OTHER,NONE,DAYLIGHT,CLEAR,DRY
6836 ,33727219,MONROE,Rochester,,,Y,43.175601,-77.5846889,01/08/2011,2:43 PM,INJURY,1.,0 ,2 ,COLLISION WITH MOTOR VEHICLE,REAR END,TRAFFIC SIGNAL,DAYLIGHT,UNKNOWN,UNKNOWN
6836 ,33727225,MONROE,Rochester,,940K43011003,N,43.1569717,-77.65942,01/11/2011,5:17 PM,PROPERTY DAMAGE AND INJURY,1.,0 ,2 ,COLLISION WITH MOTOR VEHICLE,REAR END,YIELD SIGN,DUSK,CLEAR,DRY
6836 ,33727319,MONROE,Webster,,,N,43.2228144,-77.3863911,01/10/2011,12:28 PM,PROPERTY DAMAGE AND INJURY,1.,0 ,2 ,COLLISION WITH MOTOR VEHICLE,REAR END,TRAFFIC SIGNAL,DAYLIGHT,CLOUDY,WET
6836 ,33727335,MONROE,Brighton,,,N,43.1435801,-77.5467233,01/07/2011,12:48 AM,PROPERTY DAMAGE AND INJURY,2.,0 ,4 ,COLLISION WITH MEDIAN/BARRIER,OTHER,NONE,DARK-ROAD LIGHTED,SNOW,SNOW/ICE
6836 ,33727348,MONROE,Webster,,,N,43.2378811,-77.3759313,12/28/2010,12:03 PM,PROPERTY DAMAGE AND INJURY,1.,0 ,1 ,COLLISION WITH TREE,OTHER,NONE,DAYLIGHT,CLOUDY,SNOW/ICE
6836 ,33727508,MONROE,Brighton,,,Y,43.142485,-77.538059,01/07/2011,9:02 PM,PROPERTY DAMAGE AND INJURY,2.,0 ,1 ,COLLISION WITH OTHER BARRIER,OTHER,NONE,DARK-ROAD LIGHTED,CLOUDY,DRY
6836 ,33727577,MONROE,Brighton,,,N,43.0974103,-77.5812529,01/11/2011,7:06 PM,INJURY,1.,0 ,1 ,COLLISION WITH PEDESTRIAN,OTHER,NONE,DARK-ROAD UNLIGHTED,CLOUDY,WET
6836 ,33727667,MONROE,Greece,,,N,43.2134775,-77.6626512,01/09/2011,10:00 PM,PROPERTY DAMAGE AND INJURY,1.,0 ,1 ,COLLISION WITH SIGN POST,OTHER,OTHER,DARK-ROAD LIGHTED,CLOUDY,WET
6836 ,33727692,MONROE,Ogden,,36 43031152,N,43.1866122,-77.8540871,01/05/2011,5:10 PM,PROPERTY DAMAGE AND INJURY,1.,0 ,3 ,COLLISION WITH MOTOR VEHICLE,OTHER,TRAFFIC SIGNAL,DARK-ROAD UNLIGHTED,CLEAR,WET
6836 ,33727716,MONROE,Rochester,,490I43022047,N,43.1419193,-77.5900389,12/22/2010,11:05 PM,INJURY,1.,0 ,2 ,COLLISION WITH MOTOR VEHICLE,OVERTAKING,NONE,DARK-ROAD LIGHTED,SLEET/HAIL/FREEZING RAIN,SNOW/ICE
6836 ,33727756,MONROE,Henrietta,,252 43011056,N,43.058833,-77.641785,01/11/2011,10:50 AM,PROPERTY DAMAGE AND INJURY,1.,0 ,2 ,COLLISION WITH MOTOR VEHICLE,LEFT TURN (AGAINST OTHER CAR),TRAFFIC SIGNAL,DAYLIGHT,CLOUDY,DRY
6836 ,33727908,MONROE,Rochester,,,N,43.1872956,-77.6588527,01/11/2011,4:49 PM,INJURY,1.,0 ,2 ,COLLISION WITH MOTOR VEHICLE,OVERTAKING,NONE,DUSK,CLOUDY,DRY
6836 ,33727967,MONROE,Henrietta,,,N,43.0543023,-77.6022108,01/12/2011,6:48 AM,PROPERTY DAMAGE AND INJURY,1.,0 ,1 ,COLL. W/EARTH ELE./ROCK CUT/DITCH,OTHER,NONE,DARK-ROAD UNLIGHTED,SNOW,SNOW/ICE
6836 ,33728073,MONROE,Henrietta,,15A43041100,N,43.0681416,-77.6078894,01/11/2011,2:26 PM,PROPERTY DAMAGE AND INJURY,1.,0 ,2 ,COLLISION WITH MOTOR VEHICLE,UNKNOWN,NONE,DAYLIGHT,CLOUDY,DRY
6836 ,33728086,MONROE,Brighton,,,N,43.1034973,-77.5780844,01/12/2011,9:30 AM,PROPERTY DAMAGE AND INJURY,1.,0 ,2 ,COLLISION WITH MOTOR VEHICLE,REAR END,NONE,DAYLIGHT,SNOW,SNOW/ICE
6836 ,33728194,MONROE,Greece,,390 43011058,N,43.2394741,-77.6703694,01/12/2011,1:18 AM,PROPERTY DAMAGE AND INJURY,2.,0 ,2 ,COLLISION WITH MOTOR VEHICLE,REAR END,NONE,DARK-ROAD UNLIGHTED,SNOW,SNOW/ICE
6836 ,33728200,MONROE,Brighton,,390I43031133,Y,43.106951,-77.601261,01/11/2011,10:14 PM,PROPERTY DAMAGE AND INJURY,1.,0 ,1 ,COLLISION WITH GUIDERAIL - END,OTHER,NONE,DARK-ROAD LIGHTED,SNOW,SNOW/ICE
6836 ,33728324,MONROE,Brighton,,,N,43.132032,-77.5887711,01/12/2011,6:45 PM,PROPERTY DAMAGE AND INJURY,2.,0 ,2 ,COLLISION WITH MOTOR VEHICLE,HEAD ON,NONE,DARK-ROAD LIGHTED,SNOW,SNOW/ICE
6836 ,33728339,MONROE,Chili,,251 43011078,N,43.051112,-77.782479,01/12/2011,10:40 AM,PROPERTY DAMAGE AND INJURY,1.,0 ,1 ,COLL. W/EARTH ELE./ROCK CUT/DITCH,OTHER,NONE,DAYLIGHT,SNOW,SNOW/ICE
6836 ,33728407,MONROE,Henrietta,,,N,43.0501064,-77.6506029,01/05/2011,6:49 AM,PROPERTY DAMAGE AND INJURY,1.,0 ,2 ,COLLISION WITH MOTOR VEHICLE,OVERTAKING,NONE,DAWN,CLOUDY,WET
6836 ,33728514,MONROE,Greece,,390 43011079,N,43.2713744,-77.6634452,01/12/2011,9:30 AM,PROPERTY DAMAGE AND INJURY,1.,0 ,1 ,COLLISION WITH GUIDE RAIL,OTHER,NONE,DAYLIGHT,SNOW,SNOW/ICE
6836 ,33728525,MONROE,Ogden,,31 43031143,N,43.1802421,-77.7599404,01/12/2011,10:10 AM,PROPERTY DAMAGE AND INJURY,2.,0 ,1 ,COLL. W/LIGHT SUPPORT/UTILITY POLE,OTHER,NO PASSING ZONE,DAYLIGHT,SNOW,SNOW/ICE
6836 ,33728797,MONROE,Perinton,,,Y,43.07029,-77.447635,01/05/2011,12:37 PM,INJURY,1.,0 ,2 ,COLLISION WITH MOTOR VEHICLE,REAR END,TRAFFIC SIGNAL,DAYLIGHT,CLOUDY,WET
6836 ,33728903,MONROE,Perinton,,,N,43.085651,-77.4021448,01/09/2011,6:30 PM,PROPERTY DAMAGE AND INJURY,3.,0 ,2 ,COLLISION WITH MOTOR VEHICLE,REAR END,NONE,DARK-ROAD LIGHTED,CLOUDY,WET
6836 ,33728919,MONROE,Perinton,,96 43051025,N,43.0600718,-77.475077,01/11/2011,5:51 PM,PROPERTY DAMAGE AND INJURY,1.,0 ,2 ,COLLISION WITH MOTOR VEHICLE,REAR END,NONE,DARK-ROAD LIGHTED,CLOUDY,DRY
6836 ,33729009,MONROE,Gates,,390I43037020,N,43.1565449,-77.6805481,01/11/2011,8:10 PM,PROPERTY DAMAGE AND INJURY,1.,0 ,2 ,COLLISION WITH MOTOR VEHICLE,REAR END,NONE,DARK-ROAD LIGHTED,SNOW,SNOW/ICE
6836 ,33729056,MONROE,Pittsford,,31 43033032,N,43.1004546,-77.5354196,01/11/2011,8:59 PM,PROPERTY DAMAGE AND INJURY,1.,0 ,2 ,COLLISION WITH MOTOR VEHICLE,LEFT TURN (AGAINST OTHER CAR),TRAFFIC SIGNAL,DARK-ROAD LIGHTED,SNOW,SNOW/ICE
6836 ,33729079,MONROE,East Rochester,,,N,43.1131341,-77.4925712,01/10/2011,5:28 PM,PROPERTY DAMAGE AND INJURY,1.,0 ,2 ,COLLISION WITH MOTOR VEHICLE,REAR END,NONE,DARK-ROAD LIGHTED,CLEAR,DRY
6836 ,33729172,MONROE,Wheatland,,,N,43.0302234,-77.7439797,01/12/2011,8:53 AM,PROPERTY DAMAGE AND INJURY,1.,0 ,2 ,COLLISION WITH MOTOR VEHICLE,RIGHT ANGLE,NONE,DAYLIGHT,SNOW,SNOW/ICE
6836 ,33729207,MONROE,Pittsford,,490I43023033,N,43.1099321,-77.5071636,01/08/2011,3:36 PM,PROPERTY DAMAGE AND INJURY,1.,0 ,2 ,COLLISION WITH MOTOR VEHICLE,OVERTAKING,NONE,DAYLIGHT,SNOW,SNOW/ICE
6836 ,33729336,MONROE,Penfield,,286 43011069,N,43.1597167,-77.4100866,01/12/2011,10:15 AM,PROPERTY DAMAGE AND INJURY,2.,0 ,2 ,COLLISION WITH MOTOR VEHICLE,UNKNOWN,NONE,DAYLIGHT,SNOW,SNOW/ICE