QUERYID,CASE #,REGN_CNTY_CDE,Municipality,MUNITYPE,REF_MRKR,ATINTERSECTION_IND,Lat,Long,,Time,Crash Type,Injuries,Fatalities,Number of Vehicles,ACCD_TYP,COLLISION_TYP,TRAF_CNTL,Light Condition,Weather Condition,Road Surface Condition
6836 ,33729535,MONROE,Irondequoit,,,N,43.1989194,-77.5777398,01/12/2011,8:04 PM,INJURY,2.,0 ,1 ,COLLISION WITH OTHER FIXED OBJECT,OTHER,NONE,DARK-ROAD LIGHTED,CLOUDY,SNOW/ICE
6836 ,33729540,MONROE,Perinton,,,N,43.1091998,-77.4386497,01/04/2011,12:20 PM,INJURY,2.,0 ,1 ,OTHER NON-COLLISION,OTHER,NONE,DAYLIGHT,CLOUDY,DRY
6836 ,33729566,MONROE,Perinton,,250 43011051,N,43.1091237,-77.4417892,01/04/2011,12:20 PM,PROPERTY DAMAGE AND INJURY,2.,0 ,2 ,COLLISION WITH MOTOR VEHICLE,RIGHT ANGLE,NONE,DAYLIGHT,CLOUDY,DRY
6836 ,33729568,MONROE,Pittsford,,,Y,43.108231,-77.499828,12/31/2010,10:00 AM,PROPERTY DAMAGE AND INJURY,1.,0 ,2 ,COLLISION WITH MOTOR VEHICLE,RIGHT ANGLE,TRAFFIC SIGNAL,DAYLIGHT,CLOUDY,WET
6836 ,33729603,MONROE,Pittsford,,490I43023033,N,43.1100224,-77.5069431,01/08/2011,3:36 PM,INJURY,1.,0 ,1 ,COLLISION WITH GUIDE RAIL,OTHER,NONE,DAYLIGHT,SNOW,SNOW/ICE
6836 ,33730064,MONROE,Gates,,390I43037012,N,43.1448738,-77.673682,01/05/2011,5:30 PM,PROPERTY DAMAGE AND INJURY,1.,0 ,2 ,COLLISION WITH MOTOR VEHICLE,REAR END,NONE,DARK-ROAD LIGHTED,CLOUDY,DRY
6836 ,33730233,MONROE,Gates,,,N,43.1702924,-77.7323875,01/14/2011,4:04 PM,PROPERTY DAMAGE AND INJURY,1.,0 ,2 ,COLLISION WITH MOTOR VEHICLE,SIDESWIPE,NONE,DAYLIGHT,CLEAR,DRY
6836 ,33730236,MONROE,Gates,,390 43011015,N,43.1778479,-77.6836421,01/05/2011,4:28 PM,PROPERTY DAMAGE AND INJURY,1.,0 ,3 ,COLLISION WITH MOTOR VEHICLE,OTHER,NONE,DAYLIGHT,CLOUDY,DRY
6836 ,33730248,MONROE,Henrietta,,390I43031115,N,43.0851742,-77.6063033,01/08/2011,11:16 PM,PROPERTY DAMAGE AND INJURY,1.,0 ,2 ,COLLISION WITH MOTOR VEHICLE,RIGHT ANGLE,NONE,DARK-ROAD LIGHTED,CLOUDY,SNOW/ICE
6836 ,33730252,MONROE,Henrietta,,253 43011070,N,43.05903,-77.6325659,01/13/2011,4:33 PM,PROPERTY DAMAGE AND INJURY,1.,0 ,2 ,COLLISION WITH MOTOR VEHICLE,REAR END,NONE,DUSK,CLOUDY,WET
6836 ,33730253,MONROE,Brighton,,,N,43.0942198,-77.6278795,01/14/2011,4:16 PM,PROPERTY DAMAGE AND INJURY,1.,0 ,2 ,COLLISION WITH MOTOR VEHICLE,RIGHT ANGLE,NONE,DAYLIGHT,CLOUDY,WET
6836 ,33730260,MONROE,Brighton,,,N,43.1245919,-77.5933696,01/14/2011,6:57 AM,INJURY,1.,0 ,1 ,COLLISION WITH BICYCLIST,OTHER,NONE,DARK-ROAD LIGHTED,SNOW,WET
6836 ,33730271,MONROE,Perinton,,31F43011067,N,43.093943,-77.40336,01/11/2011,11:35 PM,PROPERTY DAMAGE AND INJURY,1.,0 ,2 ,COLLISION WITH MOTOR VEHICLE,RIGHT TURN (WITH OTHER CAR),TRAFFIC SIGNAL,DARK-ROAD LIGHTED,SNOW,SNOW/ICE
6836 ,33730275,MONROE,Henrietta,,15 43031082,N,43.0511021,-77.6561491,01/14/2011,5:45 PM,PROPERTY DAMAGE AND INJURY,1.,0 ,2 ,COLLISION WITH MOTOR VEHICLE,REAR END,NONE,DARK-ROAD LIGHTED,CLOUDY,DRY
6836 ,33730461,MONROE,Greece,,,N,43.231164,-77.69675,01/14/2011,7:01 PM,INJURY,1.,0 ,2 ,COLLISION WITH MOTOR VEHICLE,REAR END,TRAFFIC SIGNAL,DARK-ROAD UNLIGHTED,CLEAR,DRY
6836 ,33731151,MONROE,Rochester,,,N,43.2155481,-77.640801,01/12/2011,8:22 PM,INJURY,1.,0 ,1 ,COLLISION WITH CURBING,OTHER,NONE,DARK-ROAD LIGHTED,SNOW,SNOW/ICE
6836 ,33731154,MONROE,Rochester,,,Y,43.159341,-77.64399,01/12/2011,1:25 PM,PROPERTY DAMAGE AND INJURY,1.,0 ,2 ,COLLISION WITH MOTOR VEHICLE,RIGHT ANGLE,TRAFFIC SIGNAL,DAYLIGHT,SNOW,SNOW/ICE
6836 ,33731391,MONROE,Gates,,390 43011012,N,43.1749225,-77.6834568,01/15/2011,11:40 AM,PROPERTY DAMAGE AND INJURY,1.,0 ,2 ,COLLISION WITH MOTOR VEHICLE,RIGHT ANGLE,NONE,DAYLIGHT,SNOW,SNOW/ICE
6836 ,33731629,MONROE,Brighton,,,N,43.1263839,-77.5664205,01/12/2011,9:45 AM,INJURY,1.,0 ,2 ,COLLISION WITH MOTOR VEHICLE,REAR END,TRAFFIC SIGNAL,DAYLIGHT,SNOW,SNOW/ICE
6836 ,33731743,MONROE,Rochester,,390I43034001,N,43.1256936,-77.6552949,01/05/2011,5:45 PM,PROPERTY DAMAGE AND INJURY,1.,0 ,4 ,COLLISION WITH MOTOR VEHICLE,OTHER,NONE,DARK-ROAD LIGHTED,CLEAR,DRY
6836 ,33731767,MONROE,Mendon,,251 43011078,Y,42.985787,-77.589204,01/12/2011,10:47 AM,INJURY,1.,0 ,2 ,COLLISION WITH PEDESTRIAN,OTHER,NONE,DAYLIGHT,SNOW,SNOW/ICE
6836 ,33731814,MONROE,Rochester,,,Y,43.179736,-77.588293,01/06/2011,1:33 AM,FATAL,0.,1 ,1 ,COLLISION WITH FIRE HYDRANT,OTHER,NONE,DARK-ROAD LIGHTED,CLEAR,DRY
6836 ,33731817,MONROE,Parma,,104 43031121,Y,43.218761,-77.76685,11/28/2010,2:42 PM,FATAL,1.,1 ,4 ,COLLISION WITH MOTOR VEHICLE,OTHER,NONE,DAYLIGHT,CLOUDY,DRY
6836 ,33731865,MONROE,Irondequoit,,,Y,43.196137,-77.6001439,01/15/2011,12:11 PM,PROPERTY DAMAGE AND INJURY,2.,0 ,2 ,COLLISION WITH MOTOR VEHICLE,REAR END,TRAFFIC SIGNAL,DAYLIGHT,SNOW,SLUSH
6836 ,33731873,MONROE,Perinton,,31F43011057,N,43.095849,-77.4239099,01/14/2011,3:11 PM,PROPERTY DAMAGE AND INJURY,1.,0 ,2 ,COLLISION WITH MOTOR VEHICLE,RIGHT ANGLE,NONE,DAYLIGHT,CLOUDY,WET
6836 ,33731881,MONROE,Pittsford,,96 43051044,N,43.111389,-77.517282,01/12/2011,2:49 PM,PROPERTY DAMAGE AND INJURY,1.,0 ,1 ,COLLISION WITH TREE,OTHER,NONE,DAYLIGHT,SNOW,SNOW/ICE
6836 ,33731884,MONROE,Perinton,,,N,43.07912,-77.4324883,01/15/2011,6:44 PM,PROPERTY DAMAGE AND INJURY,2.,0 ,2 ,COLLISION WITH MOTOR VEHICLE,REAR END,TRAFFIC SIGNAL,DARK-ROAD LIGHTED,CLOUDY,WET
6836 ,33731886,MONROE,Penfield,,,N,43.1561953,-77.5056151,01/12/2011,3:50 PM,PROPERTY DAMAGE AND INJURY,1.,0 ,2 ,COLLISION WITH MOTOR VEHICLE,REAR END,NONE,DAYLIGHT,SNOW,SNOW/ICE
6836 ,33732059,MONROE,Greece,,,Y,43.238368,-77.679339,01/15/2011,11:16 AM,PROPERTY DAMAGE AND INJURY,1.,0 ,2 ,COLLISION WITH MOTOR VEHICLE,LEFT TURN (AGAINST OTHER CAR),TRAFFIC SIGNAL,DAYLIGHT,SNOW,WET
6836 ,33732064,MONROE,Greece,,,N,43.2108747,-77.7099803,01/16/2011,12:25 PM,PROPERTY DAMAGE AND INJURY,1.,0 ,2 ,COLLISION WITH MOTOR VEHICLE,REAR END,TRAFFIC SIGNAL,DAYLIGHT,CLOUDY,WET
6836 ,33732158,MONROE,Rochester,,,Y,43.15843,-77.615431,01/17/2011,11:19 AM,INJURY,1.,0 ,2 ,COLLISION WITH MOTOR VEHICLE,RIGHT ANGLE,TRAFFIC SIGNAL,DAYLIGHT,CLEAR,WET
6836 ,33732161,MONROE,Rochester,,,Y,43.173849,-77.654132,01/16/2011,6:24 PM,INJURY,1.,0 ,2 ,COLLISION WITH MOTOR VEHICLE,REAR END,TRAFFIC SIGNAL,DAYLIGHT,CLOUDY,SLUSH
6836 ,33732453,MONROE,Rochester,,490I43022027,N,43.1550496,-77.6201757,01/02/2011,3:48 PM,PROPERTY DAMAGE AND INJURY,1.,0 ,1 ,COLLISION WITH OTHER BARRIER,OTHER,NONE,DAYLIGHT,SNOW,SNOW/ICE
6836 ,33732618,MONROE,Webster,,,N,43.2110377,-77.4395559,01/14/2011,6:47 PM,PROPERTY DAMAGE AND INJURY,4.,0 ,2 ,COLLISION WITH MOTOR VEHICLE,REAR END,NONE,DARK-ROAD LIGHTED,CLOUDY,DRY
6836 ,33732619,MONROE,Chili,,,N,43.1202456,-77.7224354,01/11/2011,9:09 PM,PROPERTY DAMAGE AND INJURY,1.,0 ,1 ,COLLISION WITH TREE,OTHER,NONE,DARK-ROAD UNLIGHTED,SNOW,SNOW/ICE
6836 ,33732624,MONROE,Chili,,,N,43.0558546,-77.7181421,01/16/2011,5:00 AM,PROPERTY DAMAGE AND INJURY,1.,0 ,1 ,COLL. W/LIGHT SUPPORT/UTILITY POLE,OTHER,NONE,DARK-ROAD UNLIGHTED,SNOW,SNOW/ICE
6836 ,33732629,MONROE,Penfield,,,N,43.1548155,-77.5211632,01/17/2011,12:30 AM,PROPERTY DAMAGE AND INJURY,1.,0 ,1 ,COLLISION WITH GUIDE RAIL,OTHER,NONE,DARK-ROAD UNLIGHTED,SNOW,SNOW/ICE
6836 ,33732636,MONROE,Webster,,,N,43.2047587,-77.4765463,01/11/2011,7:08 PM,INJURY,1.,0 ,5 ,COLLISION WITH MOTOR VEHICLE,OTHER,NONE,DARK-ROAD UNLIGHTED,CLOUDY,WET
6836 ,33732646,MONROE,Brighton,,96 43051088,Y,43.127291,-77.528059,01/17/2011,7:30 PM,INJURY,1.,0 ,2 ,COLLISION WITH MOTOR VEHICLE,REAR END,TRAFFIC SIGNAL,DARK-ROAD LIGHTED,CLEAR,DRY
6836 ,33732648,MONROE,Clarkson,,104 43031020,N,43.2443363,-77.9602015,01/11/2011,11:39 PM,PROPERTY DAMAGE AND INJURY,1.,0 ,1 ,COLLISION WITH SNOW EMBANKMENT,OTHER,NONE,DARK-ROAD UNLIGHTED,SNOW,SNOW/ICE
6836 ,33732653,MONROE,Henrietta,,,N,43.026321,-77.68587,01/14/2011,8:10 AM,INJURY,1.,0 ,2 ,COLLISION WITH MOTOR VEHICLE,RIGHT ANGLE,STOP SIGN,DAYLIGHT,CLOUDY,SNOW/ICE
6836 ,33732904,MONROE,Greece,,104 43031168,N,43.2066325,-77.6753517,01/17/2011,8:30 AM,PROPERTY DAMAGE AND INJURY,1.,0 ,2 ,COLLISION WITH MOTOR VEHICLE,LEFT TURN (AGAINST OTHER CAR),TRAFFIC SIGNAL,DAYLIGHT,CLEAR,WET
6836 ,33732948,MONROE,Rochester,,,Y,43.142218,-77.640741,01/15/2011,2:18 AM,PROPERTY DAMAGE AND INJURY,2.,0 ,1 ,COLL. W/LIGHT SUPPORT/UTILITY POLE,OTHER,NONE,DARK-ROAD LIGHTED,CLOUDY,SNOW/ICE
6836 ,33733431,MONROE,Brighton,,,N,43.1074534,-77.5763403,01/17/2011,7:20 AM,PROPERTY DAMAGE AND INJURY,1.,0 ,2 ,COLLISION WITH MOTOR VEHICLE,REAR END,NONE,DAYLIGHT,CLOUDY,DRY
6836 ,33733444,MONROE,Henrietta,,252 43011073,N,43.0870254,-77.6299064,01/16/2011,7:15 PM,PROPERTY DAMAGE AND INJURY,3.,0 ,2 ,COLLISION WITH MOTOR VEHICLE,LEFT TURN (AGAINST OTHER CAR),TRAFFIC SIGNAL,DARK-ROAD LIGHTED,CLOUDY,WET
6836 ,33733446,MONROE,Henrietta,,,Y,43.092878,-77.633691,01/13/2011,11:18 AM,PROPERTY DAMAGE AND INJURY,2.,0 ,2 ,COLLISION WITH MOTOR VEHICLE,RIGHT ANGLE,NONE,DAYLIGHT,CLOUDY,WET
6836 ,33733820,MONROE,Brighton,,,N,43.1504798,-77.5395061,11/27/2010,2:25 AM,PROPERTY DAMAGE AND INJURY,1.,0 ,1 ,COLL. W/LIGHT SUPPORT/UTILITY POLE,OTHER,NONE,DARK-ROAD LIGHTED,SNOW,SNOW/ICE
6836 ,33733911,MONROE,Rochester,,,Y,43.14883,-77.597661,12/03/2010,3:11 PM,INJURY,1.,0 ,1 ,COLLISION WITH PEDESTRIAN,OTHER,TRAFFIC SIGNAL,DAYLIGHT,CLEAR,DRY
6836 ,33734042,MONROE,Greece,,,N,43.2113722,-77.713503,12/18/2010,5:37 PM,INJURY,1.,0 ,2 ,COLLISION WITH MOTOR VEHICLE,REAR END,TRAFFIC SIGNAL,DARK-ROAD LIGHTED,CLEAR,DRY
6836 ,33734048,MONROE,Gates,,,N,43.1455452,-77.71797,12/07/2010,12:15 PM,PROPERTY DAMAGE AND INJURY,1.,0 ,2 ,COLLISION WITH MOTOR VEHICLE,UNKNOWN,NONE,DAYLIGHT,SNOW,SNOW/ICE
6836 ,33734049,MONROE,Chili,,,N,43.1223914,-77.6480829,12/07/2010,7:15 AM,INJURY,2.,0 ,2 ,COLLISION WITH MOTOR VEHICLE,REAR END,NONE,DAYLIGHT,SNOW,SNOW/ICE
6836 ,33734052,MONROE,Rochester,,,Y,43.145385,-77.613507,12/14/2010,5:30 PM,INJURY,1.,0 ,2 ,COLLISION WITH MOTOR VEHICLE,REAR END,NONE,DAYLIGHT,SNOW,SNOW/ICE
6836 ,33734075,MONROE,Greece,,,Y,43.236358,-77.634677,12/10/2010,2:10 PM,PROPERTY DAMAGE AND INJURY,1.,0 ,2 ,COLLISION WITH MOTOR VEHICLE,REAR END,NONE,DAYLIGHT,SNOW,WET
6836 ,33734255,MONROE,Rochester,,,Y,43.164169,-77.595976,12/04/2010,2:50 PM,PROPERTY DAMAGE AND INJURY,1.,0 ,2 ,COLLISION WITH MOTOR VEHICLE,UNKNOWN,STOP SIGN,UNKNOWN,UNKNOWN,UNKNOWN
6836 ,33734343,MONROE,Gates,,,N,43.1474606,-77.7098137,01/14/2011,6:31 PM,PROPERTY DAMAGE AND INJURY,2.,0 ,2 ,COLLISION WITH MOTOR VEHICLE,REAR END,NONE,DARK-ROAD LIGHTED,CLEAR,WET
6836 ,33734464,MONROE,Rochester,,490I43022013,N,43.1570659,-77.6479378,01/15/2011,10:37 AM,PROPERTY DAMAGE AND INJURY,1.,0 ,2 ,COLLISION WITH MOTOR VEHICLE,REAR END,NONE,DAYLIGHT,SNOW,WET
6836 ,33734475,MONROE,Riga,,490I43021006,N,43.054829,-77.9429396,01/15/2011,3:25 PM,PROPERTY DAMAGE AND INJURY,1.,0 ,1 ,COLLISION WITH TREE,OTHER,NONE,DAYLIGHT,SNOW,SNOW/ICE
6836 ,33734490,MONROE,Greece,,390 43011063,N,43.2465134,-77.6680693,01/11/2011,11:21 PM,PROPERTY DAMAGE AND INJURY,2.,0 ,2 ,COLLISION WITH MOTOR VEHICLE,REAR END,NONE,DARK-ROAD UNLIGHTED,CLEAR,SNOW/ICE
6836 ,33735349,MONROE,Brighton,,,N,43.1090872,-77.5570146,01/14/2011,4:42 PM,PROPERTY DAMAGE AND INJURY,4.,0 ,1 ,COLLISION WITH GUIDERAIL - END,OTHER,NONE,DAYLIGHT,CLEAR,WET
6836 ,33735350,MONROE,Penfield,,,N,43.1962608,-77.441435,01/13/2011,6:46 PM,PROPERTY DAMAGE AND INJURY,1.,0 ,1 ,COLL. W/LIGHT SUPPORT/UTILITY POLE,OTHER,NONE,DARK-ROAD UNLIGHTED,CLOUDY,DRY
6836 ,33735354,MONROE,Webster,,,N,43.2084074,-77.4620639,01/17/2011,1:31 AM,PROPERTY DAMAGE AND INJURY,2.,0 ,2 ,COLLISION WITH MOTOR VEHICLE,SIDESWIPE,NONE,DARK-ROAD LIGHTED,CLOUDY,SNOW/ICE
6836 ,33735364,MONROE,Mendon,,,Y,42.974076,-77.502665,01/12/2011,5:17 PM,PROPERTY DAMAGE AND INJURY,1.,0 ,2 ,COLLISION WITH MOTOR VEHICLE,HEAD ON,NONE,DARK-ROAD LIGHTED,SNOW,SNOW/ICE
6836 ,33735365,MONROE,Perinton,,,N,43.0438359,-77.4631972,01/17/2011,3:36 PM,PROPERTY DAMAGE AND INJURY,1.,0 ,2 ,COLLISION WITH MOTOR VEHICLE,REAR END,NONE,DAYLIGHT,CLOUDY,DRY
6836 ,33735369,MONROE,Perinton,,,N,43.051527,-77.4179867,01/15/2011,7:43 PM,PROPERTY DAMAGE AND INJURY,2.,0 ,1 ,COLLISION WITH TREE,OTHER,NONE,DARK-ROAD UNLIGHTED,CLOUDY,SNOW/ICE
6836 ,33735495,MONROE,Rochester,,,Y,43.190244,-77.5955529,12/19/2010,11:44 AM,PROPERTY DAMAGE AND INJURY,1.,0 ,2 ,COLLISION WITH MOTOR VEHICLE,UNKNOWN,STOP SIGN,DAYLIGHT,CLEAR,SNOW/ICE
6836 ,33735621,MONROE,Rochester,,,N,43.1449671,-77.6520046,12/17/2010,4:30 PM,INJURY,1.,0 ,2 ,COLLISION WITH MOTOR VEHICLE,REAR END,NONE,DUSK,CLOUDY,WET
6836 ,33735627,MONROE,Rochester,,,Y,43.155497,-77.583619,12/17/2010,12:51 PM,INJURY,1.,0 ,2 ,COLLISION WITH MOTOR VEHICLE,REAR END,TRAFFIC SIGNAL,DAYLIGHT,CLEAR,WET
6836 ,33735628,MONROE,Rochester,,,N,43.1819254,-77.5701162,12/19/2010,6:52 PM,INJURY,1.,0 ,2 ,COLLISION WITH MOTOR VEHICLE,RIGHT ANGLE,NONE,DARK-ROAD LIGHTED,CLOUDY,DRY
6836 ,33735630,MONROE,Rochester,,,N,43.143876,-77.639535,12/17/2010,3:14 PM,INJURY,1.,0 ,2 ,COLLISION WITH MOTOR VEHICLE,REAR END,STOP SIGN,DAYLIGHT,CLEAR,SLUSH
6836 ,33735632,MONROE,Rochester,,,N,43.1707846,-77.5884991,12/17/2010,6:19 PM,PROPERTY DAMAGE AND INJURY,1.,0 ,2 ,COLLISION WITH MOTOR VEHICLE,REAR END,NONE,DARK-ROAD LIGHTED,CLOUDY,WET
6836 ,33737263,MONROE,Greece,,18 43031199,Y,43.252901,-77.659233,12/17/2010,11:50 AM,INJURY,1.,0 ,2 ,COLLISION WITH MOTOR VEHICLE,REAR END,TRAFFIC SIGNAL,DAYLIGHT,CLOUDY,WET
6836 ,33738014,MONROE,Greece,,,Y,43.231113,-77.677857,01/18/2011,8:31 PM,INJURY,1.,0 ,2 ,COLLISION WITH MOTOR VEHICLE,REAR END,TRAFFIC SIGNAL,DARK-ROAD LIGHTED,RAIN,WET
6836 ,33738017,MONROE,Greece,,,Y,43.223658,-77.677773,01/18/2011,5:34 PM,INJURY,1.,0 ,2 ,COLLISION WITH MOTOR VEHICLE,REAR END,TRAFFIC SIGNAL,DARK-ROAD LIGHTED,CLEAR,WET
6836 ,33738028,MONROE,Greece,,,N,43.205948,-77.6718329,01/16/2011,9:27 PM,PROPERTY DAMAGE AND INJURY,2.,0 ,2 ,COLLISION WITH MOTOR VEHICLE,REAR END,TRAFFIC SIGNAL,DARK-ROAD LIGHTED,SLEET/HAIL/FREEZING RAIN,SNOW/ICE
6836 ,33738466,MONROE,Brighton,,441 43011102,N,43.129177,-77.525859,01/20/2011,5:43 PM,INJURY,1.,0 ,2 ,COLLISION WITH MOTOR VEHICLE,LEFT TURN (WITH OTHER CAR),TRAFFIC SIGNAL,DARK-ROAD LIGHTED,CLOUDY,DRY
6836 ,33738470,MONROE,Gates,,,N,43.1495848,-77.6949016,01/19/2011,1:58 PM,INJURY,1.,0 ,2 ,COLLISION WITH MOTOR VEHICLE,RIGHT ANGLE,NONE,DAYLIGHT,RAIN,WET
6836 ,33738474,MONROE,Perinton,,,N,43.0790586,-77.4567142,01/18/2011,6:57 AM,PROPERTY DAMAGE AND INJURY,1.,0 ,1 ,COLLISION WITH PEDESTRIAN,OTHER,NO PASSING ZONE,DARK-ROAD LIGHTED,SLEET/HAIL/FREEZING RAIN,WET
6836 ,33738475,MONROE,Webster,,,N,43.2156551,-77.4302203,01/18/2011,7:00 AM,PROPERTY DAMAGE AND INJURY,1.,0 ,2 ,COLLISION WITH MOTOR VEHICLE,REAR END,NONE,DAWN,CLOUDY,WET
6836 ,33738485,MONROE,Brighton,,,N,43.1346229,-77.5312119,01/19/2011,6:25 AM,PROPERTY DAMAGE AND INJURY,1.,0 ,1 ,COLLISION WITH GUIDE RAIL,OTHER,NONE,DARK-ROAD LIGHTED,SNOW,WET
6836 ,33738488,MONROE,Brighton,,,Y,43.137204,-77.548243,01/20/2011,5:45 PM,PROPERTY DAMAGE AND INJURY,1.,0 ,2 ,COLLISION WITH MOTOR VEHICLE,RIGHT ANGLE,NONE,DARK-ROAD LIGHTED,CLOUDY,WET
6836 ,33738503,MONROE,Webster,,,N,43.1983617,-77.4338931,01/13/2011,10:40 AM,PROPERTY DAMAGE AND INJURY,1.,0 ,2 ,COLLISION WITH MOTOR VEHICLE,SIDESWIPE,NONE,DAYLIGHT,CLOUDY,WET
6836 ,33738505,MONROE,Pittsford,,,N,43.0841602,-77.5433252,01/10/2011,7:21 AM,PROPERTY DAMAGE AND INJURY,1.,0 ,3 ,COLLISION WITH MOTOR VEHICLE,OTHER,STOPPED SCHOOL BUS W/RED LIGHT FLSH,DAYLIGHT,CLEAR,DRY
6836 ,33738506,MONROE,Brighton,,31 43033010,Y,43.123855,-77.561712,01/20/2011,5:45 PM,PROPERTY DAMAGE AND INJURY,1.,0 ,2 ,COLLISION WITH MOTOR VEHICLE,LEFT TURN (WITH OTHER CAR),TRAFFIC SIGNAL,DARK-ROAD LIGHTED,CLOUDY,DRY
6836 ,33738513,MONROE,Rochester,,,N,43.203393,-77.5618341,01/13/2011,4:45 PM,INJURY,2.,0 ,2 ,COLLISION WITH MOTOR VEHICLE,REAR END,TRAFFIC SIGNAL,DAYLIGHT,SNOW,SNOW/ICE
6836 ,33738518,MONROE,Gates,,,Y,43.1694997,-77.7014687,01/20/2011,2:02 PM,INJURY,1.,0 ,2 ,COLLISION WITH MOTOR VEHICLE,OVERTAKING,NONE,DAYLIGHT,CLOUDY,DRY
6836 ,33738605,MONROE,Rochester,,,N,43.1865899,-77.61378,01/20/2011,3:29 PM,INJURY,1.,0 ,2 ,COLLISION WITH MOTOR VEHICLE,REAR END,NONE,DAYLIGHT,CLOUDY,WET
6836 ,33738714,MONROE,Irondequoit,,,N,43.1985361,-77.600283,01/20/2011,11:00 PM,PROPERTY DAMAGE AND INJURY,1.,0 ,2 ,COLLISION WITH MOTOR VEHICLE,SIDESWIPE,NONE,DARK-ROAD LIGHTED,SNOW,SNOW/ICE
6836 ,33738785,MONROE,Irondequoit,,104 43035216,N,43.209506,-77.5439901,01/21/2011,4:52 AM,PROPERTY DAMAGE AND INJURY,1.,0 ,1 ,COLLISION WITH OTHER BARRIER,OTHER,NONE,DARK-ROAD LIGHTED,SNOW,SNOW/ICE
6836 ,33738870,MONROE,Greece,,,Y,43.214716,-77.732804,01/15/2011,1:04 PM,PROPERTY DAMAGE AND INJURY,4.,0 ,3 ,COLLISION WITH MOTOR VEHICLE,OTHER,NONE,DAYLIGHT,CLOUDY,WET
6836 ,33738898,MONROE,Hamlin,,272 45011029,N,43.2941524,-77.9955393,01/16/2011,5:50 AM,PROPERTY DAMAGE AND INJURY,1.,0 ,1 ,COLLISION WITH OTHER FIXED OBJECT,OTHER,NONE,DARK-ROAD UNLIGHTED,SNOW,SNOW/ICE
6836 ,33739069,MONROE,Gates,,,Y,43.164886,-77.6911321,01/21/2011,7:05 PM,INJURY,2.,0 ,2 ,COLLISION WITH MOTOR VEHICLE,LEFT TURN (AGAINST OTHER CAR),TRAFFIC SIGNAL,DARK-ROAD LIGHTED,SNOW,SNOW/ICE
6836 ,33739081,MONROE,Greece,,390 43011035,N,43.2061976,-77.6760255,01/11/2011,9:44 PM,PROPERTY DAMAGE AND INJURY,1.,0 ,1 ,COLLISION WITH GUIDE RAIL,OTHER,NONE,DARK-ROAD LIGHTED,SNOW,SNOW/ICE
6836 ,33739295,MONROE,Irondequoit,,,N,43.1740383,-77.5526448,01/20/2011,7:54 PM,PROPERTY DAMAGE AND INJURY,1.,0 ,4 ,COLLISION WITH MOTOR VEHICLE,OTHER,NONE,DARK-ROAD LIGHTED,CLOUDY,WET
6836 ,33739896,MONROE,Brighton,,15A43041128,N,43.1077322,-77.6159259,01/22/2011,2:45 PM,PROPERTY DAMAGE AND INJURY,2.,0 ,2 ,COLLISION WITH MOTOR VEHICLE,RIGHT ANGLE,TRAFFIC SIGNAL,DAYLIGHT,CLEAR,WET
6836 ,33739899,MONROE,Chili,,,N,43.06829,-77.7572461,01/22/2011,1:32 AM,PROPERTY DAMAGE AND INJURY,1.,0 ,1 ,COLLISION WITH OTHER FIXED OBJECT,OTHER,NONE,DARK-ROAD UNLIGHTED,CLOUDY,SNOW/ICE
6836 ,33739903,MONROE,Mendon,,65 43031031,N,42.9825341,-77.5827859,01/21/2011,10:12 PM,PROPERTY DAMAGE AND INJURY,1.,0 ,1 ,COLL. W/EARTH ELE./ROCK CUT/DITCH,OTHER,NONE,DARK-ROAD UNLIGHTED,CLOUDY,WET
6836 ,33740417,MONROE,Rochester,,96 43052005,Y,43.145438,-77.5553219,12/29/2010,1:04 PM,INJURY,1.,0 ,2 ,COLLISION WITH MOTOR VEHICLE,REAR END,TRAFFIC SIGNAL,DAYLIGHT,CLOUDY,DRY
6836 ,33740418,MONROE,Rochester,,,N,43.2033623,-77.652971,12/29/2010,11:35 AM,PROPERTY DAMAGE AND INJURY,1.,0 ,2 ,COLLISION WITH MOTOR VEHICLE,REAR END,NONE,DAYLIGHT,CLOUDY,DRY
6836 ,33740651,MONROE,Rochester,,,N,43.148928,-77.6328249,12/24/2010,2:25 PM,PROPERTY DAMAGE AND INJURY,1.,0 ,1 ,COLLISION WITH BUILDING/WALL,OTHER,NONE,DAYLIGHT,CLEAR,DRY
6836 ,33740652,MONROE,Rochester,,,N,43.1463221,-77.6289979,12/24/2010,2:25 PM,INJURY,1.,0 ,2 ,COLLISION WITH MOTOR VEHICLE,OVERTAKING,NONE,DAYLIGHT,CLEAR,DRY
6836 ,33740653,MONROE,Rochester,,,Y,43.153092,-77.61986,12/27/2010,5:00 PM,INJURY,1.,0 ,2 ,COLLISION WITH MOTOR VEHICLE,LEFT TURN (AGAINST OTHER CAR),TRAFFIC SIGNAL,DARK-ROAD LIGHTED,CLEAR,DRY
6836 ,33740735,MONROE,Rochester,,,Y,43.151185,-77.5923961,12/18/2010,4:22 AM,PROPERTY DAMAGE AND INJURY,1.,0 ,1 ,COLL. W/LIGHT SUPPORT/UTILITY POLE,OTHER,TRAFFIC SIGNAL,DARK-ROAD LIGHTED,CLEAR,SNOW/ICE
6836 ,33740738,MONROE,Rochester,,,Y,43.175414,-77.592509,12/26/2010,12:09 AM,PROPERTY DAMAGE AND INJURY,2.,0 ,2 ,COLLISION WITH MOTOR VEHICLE,LEFT TURN (AGAINST OTHER CAR),NONE,DARK-ROAD LIGHTED,CLOUDY,SNOW/ICE
6836 ,33740739,MONROE,Rochester,,,Y,43.141157,-77.613271,12/23/2010,5:05 PM,INJURY,1.,0 ,2 ,COLLISION WITH MOTOR VEHICLE,LEFT TURN (AGAINST OTHER CAR),TRAFFIC SIGNAL,DARK-ROAD LIGHTED,CLOUDY,WET