QUERYID,CASE #,REGN_CNTY_CDE,Municipality,MUNITYPE,REF_MRKR,ATINTERSECTION_IND,Lat,Long,,Time,Crash Type,Injuries,Fatalities,Number of Vehicles,ACCD_TYP,COLLISION_TYP,TRAF_CNTL,Light Condition,Weather Condition,Road Surface Condition
6836 ,33740745,MONROE,Rochester,,,Y,43.139726,-77.5960489,12/23/2010,3:24 PM,INJURY,1.,0 ,2 ,COLLISION WITH MOTOR VEHICLE,REAR END,TRAFFIC SIGNAL,DAYLIGHT,CLOUDY,DRY
6836 ,33740747,MONROE,Rochester,,,N,43.188183,-77.5841584,12/23/2010,12:19 PM,INJURY,1.,0 ,1 ,COLLISION WITH PEDESTRIAN,OTHER,NONE,DAYLIGHT,CLOUDY,WET
6836 ,33740749,MONROE,Rochester,,,Y,43.149509,-77.571697,12/22/2010,2:33 PM,INJURY,2.,0 ,2 ,COLLISION WITH MOTOR VEHICLE,REAR END,TRAFFIC SIGNAL,DAYLIGHT,CLEAR,WET
6836 ,33740754,MONROE,Rochester,,,N,43.1627742,-77.5832179,12/24/2010,5:41 PM,INJURY,1.,0 ,2 ,COLLISION WITH MOTOR VEHICLE,REAR END,NONE,DARK-ROAD LIGHTED,CLOUDY,DRY
6836 ,33740755,MONROE,Rochester,,,Y,43.144807,-77.588941,12/23/2010,10:12 PM,PROPERTY DAMAGE AND INJURY,2.,0 ,2 ,COLLISION WITH MOTOR VEHICLE,LEFT TURN (AGAINST OTHER CAR),NONE,DARK-ROAD LIGHTED,CLEAR,SNOW/ICE
6836 ,33740759,MONROE,Rochester,,,Y,43.175912,-77.572729,12/22/2010,9:33 AM,INJURY,1.,0 ,2 ,COLLISION WITH MOTOR VEHICLE,REAR END,NONE,DAYLIGHT,CLOUDY,WET
6836 ,33740760,MONROE,Rochester,,,Y,43.165579,-77.5778951,12/22/2010,4:12 PM,PROPERTY DAMAGE AND INJURY,1.,0 ,2 ,COLLISION WITH MOTOR VEHICLE,RIGHT ANGLE,NONE,DAYLIGHT,CLOUDY,DRY
6836 ,33740761,MONROE,Rochester,,,Y,43.176343,-77.598884,12/22/2010,5:00 PM,PROPERTY DAMAGE AND INJURY,1.,0 ,2 ,COLLISION WITH MOTOR VEHICLE,REAR END,NONE,DUSK,SLEET/HAIL/FREEZING RAIN,WET
6836 ,33740763,MONROE,Rochester,,,Y,43.165127,-77.6144871,12/22/2010,8:28 AM,INJURY,1.,0 ,2 ,COLLISION WITH MOTOR VEHICLE,OVERTAKING,TRAFFIC SIGNAL,DAYLIGHT,CLOUDY,DRY
6836 ,33740764,MONROE,Rochester,,,Y,43.164648,-77.654143,12/22/2010,7:07 PM,INJURY,1.,0 ,1 ,COLLISION WITH PEDESTRIAN,OTHER,TRAFFIC SIGNAL,DARK-ROAD LIGHTED,CLEAR,WET
6836 ,33740768,MONROE,Rochester,,,Y,43.1872962,-77.5862283,12/28/2010,2:17 AM,PROPERTY DAMAGE AND INJURY,1.,0 ,1 ,COLLISION WITH CURBING,OTHER,NONE,DARK-ROAD LIGHTED,CLEAR,SNOW/ICE
6836 ,33740916,MONROE,Greece,,,N,43.206627,-77.676202,01/22/2011,1:13 PM,PROPERTY DAMAGE AND INJURY,1.,0 ,2 ,COLLISION WITH MOTOR VEHICLE,RIGHT ANGLE,TRAFFIC SIGNAL,DAYLIGHT,CLEAR,WET
6836 ,33741136,MONROE,Webster,,,N,43.2158899,-77.4311793,01/21/2011,7:21 AM,INJURY,1.,0 ,1 ,COLLISION WITH SNOW EMBANKMENT,OTHER,NONE,DAYLIGHT,CLOUDY,SNOW/ICE
6836 ,33741148,MONROE,Gates,,390 43011002,N,43.1593627,-77.6801076,01/23/2011,6:40 AM,PROPERTY DAMAGE AND INJURY,1.,0 ,1 ,COLL. W/EARTH ELE./ROCK CUT/DITCH,OTHER,NONE,DARK-ROAD LIGHTED,SNOW,SNOW/ICE
6836 ,33741152,MONROE,Rochester,,104 43032035,N,43.1925947,-77.5960202,01/22/2011,12:04 AM,INJURY,1.,0 ,1 ,COLL. W/LIGHT SUPPORT/UTILITY POLE,OTHER,NONE,DARK-ROAD LIGHTED,SNOW,SNOW/ICE
6836 ,33741153,MONROE,Rochester,,940T43011045,N,43.1600378,-77.6138137,01/21/2011,4:03 PM,PROPERTY DAMAGE AND INJURY,1.,0 ,2 ,COLLISION WITH MOTOR VEHICLE,REAR END,NONE,DAYLIGHT,CLEAR,SNOW/ICE
6836 ,33741300,MONROE,Gates,,,Y,43.1646992,-77.6867364,01/23/2011,2:32 AM,PROPERTY DAMAGE AND INJURY,1.,0 ,2 ,COLLISION WITH MOTOR VEHICLE,OVERTAKING,NONE,DARK-ROAD LIGHTED,SNOW,SNOW/ICE
6836 ,33741306,MONROE,Brighton,,31 43033011,N,43.1239316,-77.5617966,01/23/2011,8:55 PM,PROPERTY DAMAGE AND INJURY,1.,0 ,2 ,COLLISION WITH MOTOR VEHICLE,REAR END,TRAFFIC SIGNAL,DARK-ROAD LIGHTED,CLOUDY,SNOW/ICE
6836 ,33741310,MONROE,Henrietta,,252 43011096,N,43.0870048,-77.5847178,01/20/2011,7:19 PM,PROPERTY DAMAGE AND INJURY,2.,0 ,2 ,COLLISION WITH MOTOR VEHICLE,LEFT TURN (AGAINST OTHER CAR),TRAFFIC SIGNAL,DARK-ROAD LIGHTED,CLOUDY,WET
6836 ,33741313,MONROE,Ogden,,,N,43.1490828,-77.7806501,01/22/2011,7:45 PM,PROPERTY DAMAGE AND INJURY,1.,0 ,2 ,COLLISION WITH MOTOR VEHICLE,REAR END,NONE,DARK-ROAD UNLIGHTED,RAIN,WET
6836 ,33741323,MONROE,Ogden,,33 43031079,N,43.1276262,-77.7868103,01/22/2011,10:39 AM,PROPERTY DAMAGE AND INJURY,1.,0 ,2 ,COLLISION WITH MOTOR VEHICLE,REAR END,NONE,DAYLIGHT,CLOUDY,WET
6836 ,33741331,MONROE,Pittsford,,31 43033024,N,43.1093821,-77.5454815,01/20/2011,3:56 PM,INJURY,4.,0 ,2 ,COLLISION WITH MOTOR VEHICLE,REAR END,TRAFFIC SIGNAL,DAYLIGHT,CLOUDY,DRY
6836 ,33741640,MONROE,Rochester,,,Y,43.156429,-77.5680495,01/24/2011,2:57 PM,INJURY,1.,0 ,2 ,COLLISION WITH MOTOR VEHICLE,REAR END,TRAFFIC SIGNAL,DAYLIGHT,CLEAR,WET
6836 ,33741971,MONROE,Henrietta,,390I43031122,N,43.0937558,-77.6025554,01/07/2011,3:49 PM,PROPERTY DAMAGE AND INJURY,1.,0 ,3 ,COLLISION WITH MOTOR VEHICLE,OTHER,NONE,DAYLIGHT,CLOUDY,DRY
6836 ,33742058,MONROE,Wheatland,,,N,43.030156,-77.894272,01/20/2011,4:01 PM,PROPERTY DAMAGE AND INJURY,1.,0 ,1 ,COLLISION WITH GUIDE RAIL,OTHER,NONE,DAYLIGHT,CLOUDY,DRY
6836 ,33742181,MONROE,Brighton,,,Y,43.1324683,-77.5870044,01/24/2011,7:55 AM,PROPERTY DAMAGE AND INJURY,1.,0 ,1 ,COLLISION WITH TREE,OTHER,NONE,DAYLIGHT,CLOUDY,SNOW/ICE
6836 ,33742183,MONROE,Webster,,,N,43.2092565,-77.4573314,01/22/2011,1:04 PM,PROPERTY DAMAGE AND INJURY,1.,0 ,2 ,COLLISION WITH MOTOR VEHICLE,RIGHT ANGLE,NONE,DAYLIGHT,CLOUDY,WET
6836 ,33742184,MONROE,East Rochester,,,Y,43.116119,-77.496603,01/22/2011,11:08 PM,PROPERTY DAMAGE AND INJURY,2.,0 ,2 ,COLLISION WITH MOTOR VEHICLE,RIGHT ANGLE,STOP SIGN,DARK-ROAD LIGHTED,SNOW,SNOW/ICE
6836 ,33742189,MONROE,Irondequoit,,104 43033006,N,43.1961994,-77.5722261,01/23/2011,10:55 AM,PROPERTY DAMAGE AND INJURY,1.,0 ,1 ,COLLISION WITH GUIDE RAIL,OTHER,NONE,DAYLIGHT,SNOW,SNOW/ICE
6836 ,33742195,MONROE,Pittsford,,31 43033026,N,43.1073491,-77.5430241,01/08/2011,12:56 PM,PROPERTY DAMAGE AND INJURY,3.,0 ,4 ,COLLISION WITH MOTOR VEHICLE,OTHER,NONE,DAYLIGHT,CLOUDY,DRY
6836 ,33742198,MONROE,Brockport,,31 43031022,N,43.2200277,-77.9533143,01/23/2011,9:52 PM,PROPERTY DAMAGE AND INJURY,1.,0 ,2 ,COLLISION WITH MOTOR VEHICLE,REAR END,TRAFFIC SIGNAL,DARK-ROAD LIGHTED,CLOUDY,SNOW/ICE
6836 ,33742200,MONROE,Brighton,,,N,43.1092892,-77.6025851,01/24/2011,7:53 AM,PROPERTY DAMAGE AND INJURY,1.,0 ,1 ,COLLISION WITH GUIDE RAIL,OTHER,NONE,DAYLIGHT,CLEAR,SNOW/ICE
6836 ,33742201,MONROE,Irondequoit,,,N,43.1995846,-77.6025032,01/24/2011,12:45 PM,INJURY,1.,0 ,2 ,COLLISION WITH MOTOR VEHICLE,RIGHT ANGLE,NONE,DAYLIGHT,CLOUDY,SNOW/ICE
6836 ,33742206,MONROE,Brighton,,,Y,43.118234,-77.595962,01/24/2011,8:40 AM,PROPERTY DAMAGE AND INJURY,1.,0 ,2 ,COLLISION WITH MOTOR VEHICLE,RIGHT ANGLE,NO PASSING ZONE,DAYLIGHT,CLEAR,SNOW/ICE
6836 ,33742212,MONROE,Pittsford,,,N,43.1233463,-77.51466,01/21/2011,6:21 AM,PROPERTY DAMAGE AND INJURY,1.,0 ,1 ,COLLISION WITH GUIDE RAIL,OTHER,NONE,DARK-ROAD UNLIGHTED,CLOUDY,SNOW/ICE
6836 ,33742214,MONROE,Brighton,,,N,43.1165725,-77.5517655,01/12/2011,12:10 PM,INJURY,1.,0 ,1 ,COLLISION WITH FENCE,OTHER,NONE,DAYLIGHT,SNOW,SNOW/ICE
6836 ,33742218,MONROE,Webster,,250 43011151,N,43.2517969,-77.4288193,01/21/2011,3:55 PM,PROPERTY DAMAGE AND INJURY,2.,0 ,2 ,COLLISION WITH MOTOR VEHICLE,RIGHT ANGLE,NONE,DAYLIGHT,CLEAR,SNOW/ICE
6836 ,33742224,MONROE,Irondequoit,,,N,43.176832,-77.542741,01/23/2011,11:54 AM,PROPERTY DAMAGE AND INJURY,2.,0 ,2 ,COLLISION WITH MOTOR VEHICLE,RIGHT ANGLE,TRAFFIC SIGNAL,DAYLIGHT,SNOW,SNOW/ICE
6836 ,33742228,MONROE,Webster,,,N,43.2140581,-77.4711267,01/18/2011,1:28 PM,PROPERTY DAMAGE AND INJURY,1.,0 ,2 ,COLLISION WITH MOTOR VEHICLE,OVERTAKING,NONE,DAYLIGHT,CLOUDY,WET
6836 ,33743251,MONROE,Sweden,,31 43031058,N,43.1982199,-77.9201124,01/18/2011,4:15 PM,PROPERTY DAMAGE AND INJURY,1.,0 ,2 ,COLLISION WITH MOTOR VEHICLE,REAR END,NONE,DUSK,CLEAR,WET
6836 ,33744128,MONROE,Gates,,,Y,43.130054,-77.694051,12/11/2010,5:50 PM,INJURY,2.,0 ,2 ,COLLISION WITH MOTOR VEHICLE,REAR END,TRAFFIC SIGNAL,UNKNOWN,UNKNOWN,UNKNOWN
6836 ,33744179,MONROE,Sweden,,,N,43.1983568,-77.9432802,01/24/2011,2:54 PM,PROPERTY DAMAGE AND INJURY,1.,0 ,2 ,COLLISION WITH MOTOR VEHICLE,REAR END,TRAFFIC SIGNAL,DAYLIGHT,CLOUDY,DRY
6836 ,33744504,MONROE,Webster,,,N,43.2165692,-77.4899751,01/24/2011,6:15 PM,PROPERTY DAMAGE AND INJURY,1.,0 ,1 ,COLLISION WITH DEER,OTHER,NONE,DARK-ROAD UNLIGHTED,CLOUDY,WET
6836 ,33744526,MONROE,Ogden,,,Y,43.193546,-77.773358,01/25/2011,2:49 PM,PROPERTY DAMAGE AND INJURY,1.,0 ,2 ,COLLISION WITH MOTOR VEHICLE,RIGHT ANGLE,STOP SIGN,DAYLIGHT,CLOUDY,WET
6836 ,33744543,MONROE,Rochester,,,N,43.1807734,-77.6015573,01/08/2011,12:15 AM,PROPERTY DAMAGE AND INJURY,1.,0 ,1 ,COLLISION WITH PEDESTRIAN,OTHER,NONE,DARK-ROAD LIGHTED,CLOUDY,WET
6836 ,33744675,MONROE,Greece,,,Y,43.200018,-77.732008,01/25/2011,1:12 PM,PROPERTY DAMAGE AND INJURY,2.,0 ,2 ,COLLISION WITH MOTOR VEHICLE,RIGHT ANGLE,STOP SIGN,DAYLIGHT,SNOW,WET
6836 ,33744692,MONROE,Webster,,,N,43.2175157,-77.4761692,01/25/2011,5:26 PM,PROPERTY DAMAGE AND INJURY,1.,0 ,2 ,COLLISION WITH MOTOR VEHICLE,SIDESWIPE,NONE,DARK-ROAD UNLIGHTED,CLOUDY,SLUSH
6836 ,33744708,MONROE,Penfield,,,N,43.1797035,-77.5093171,01/22/2011,10:35 PM,PROPERTY DAMAGE AND INJURY,1.,0 ,1 ,COLL. W/EARTH ELE./ROCK CUT/DITCH,OTHER,NONE,DARK-ROAD LIGHTED,SNOW,SNOW/ICE
6836 ,33744786,MONROE,Brighton,,15 43031128,Y,43.0960018,-77.6320398,01/26/2011,12:49 PM,PROPERTY DAMAGE AND INJURY,2.,0 ,2 ,COLLISION WITH MOTOR VEHICLE,HEAD ON,NONE,DAYLIGHT,CLOUDY,DRY
6836 ,33744917,MONROE,Ogden,,,Y,43.197438,-77.853752,01/25/2011,4:27 PM,INJURY,1.,0 ,2 ,COLLISION WITH MOTOR VEHICLE,REAR END,STOP SIGN,DUSK,CLOUDY,WET
6836 ,33745702,MONROE,Rochester,,,Y,43.116124,-77.61667,12/22/2010,9:07 AM,PROPERTY DAMAGE AND INJURY,2.,0 ,3 ,COLLISION WITH MOTOR VEHICLE,OTHER,NONE,DAYLIGHT,CLOUDY,WET
6836 ,33747235,MONROE,Rochester,,,Y,43.17328,-77.607553,01/05/2011,9:56 AM,PROPERTY DAMAGE AND INJURY,2.,0 ,3 ,COLLISION WITH MOTOR VEHICLE,OTHER,NONE,DAYLIGHT,CLOUDY,WET
6836 ,33747236,MONROE,Rochester,,,N,43.1756077,-77.5844819,01/03/2011,11:15 AM,PROPERTY DAMAGE AND INJURY,1.,0 ,3 ,COLLISION WITH MOTOR VEHICLE,OTHER,TRAFFIC SIGNAL,DAYLIGHT,CLEAR,DRY
6836 ,33747238,MONROE,Rochester,,,Y,43.175098,-77.607614,01/01/2011,7:08 PM,PROPERTY DAMAGE AND INJURY,2.,0 ,2 ,COLLISION WITH MOTOR VEHICLE,RIGHT ANGLE,TRAFFIC SIGNAL,DARK-ROAD LIGHTED,RAIN,WET
6836 ,33747324,MONROE,Irondequoit,,,N,43.19633,-77.5992452,11/05/2010,12:39 PM,PROPERTY DAMAGE AND INJURY,1.,0 ,2 ,COLLISION WITH MOTOR VEHICLE,REAR END,NO PASSING ZONE,DAYLIGHT,RAIN,WET
6836 ,33747325,MONROE,Irondequoit,,,N,43.2164841,-77.5985394,11/05/2010,8:25 AM,INJURY,1.,0 ,2 ,COLLISION WITH MOTOR VEHICLE,REAR END,TRAFFIC SIGNAL,DAYLIGHT,RAIN,WET
6836 ,33747342,MONROE,Rochester,,,N,43.1583868,-77.5926847,01/04/2011,5:10 PM,INJURY,1.,0 ,3 ,COLLISION WITH MOTOR VEHICLE,OTHER,TRAFFIC SIGNAL,DARK-ROAD LIGHTED,SLEET/HAIL/FREEZING RAIN,WET
6836 ,33747407,MONROE,Rochester,,,Y,43.19344,-77.6077059,01/01/2011,1:12 PM,PROPERTY DAMAGE AND INJURY,1.,0 ,2 ,COLLISION WITH MOTOR VEHICLE,RIGHT ANGLE,STOP SIGN,DAYLIGHT,RAIN,WET
6836 ,33747431,MONROE,Rochester,,,Y,43.187531,-77.579116,01/07/2011,5:05 PM,INJURY,1.,0 ,2 ,COLLISION WITH MOTOR VEHICLE,REAR END,NONE,DAYLIGHT,CLOUDY,DRY
6836 ,33747432,MONROE,Rochester,,,Y,43.162051,-77.5835919,12/26/2010,11:04 AM,INJURY,1.,0 ,2 ,COLLISION WITH MOTOR VEHICLE,REAR END,TRAFFIC SIGNAL,DAYLIGHT,CLOUDY,WET
6836 ,33747436,MONROE,Rochester,,,Y,43.152674,-77.551344,01/06/2011,1:12 PM,PROPERTY DAMAGE AND INJURY,1.,0 ,2 ,COLLISION WITH MOTOR VEHICLE,RIGHT ANGLE,TRAFFIC SIGNAL,DAYLIGHT,CLEAR,DRY
6836 ,33747515,MONROE,Greece,,,N,43.252886,-77.667925,01/25/2011,7:00 PM,PROPERTY DAMAGE AND INJURY,1.,0 ,2 ,COLLISION WITH MOTOR VEHICLE,LEFT TURN (WITH OTHER CAR),TRAFFIC SIGNAL,DARK-ROAD LIGHTED,CLEAR,WET
6836 ,33747743,MONROE,Gates,,490I43021166,N,43.1572629,-77.6886578,01/26/2011,4:57 PM,INJURY,2.,0 ,2 ,COLLISION WITH MOTOR VEHICLE,REAR END,NONE,DAYLIGHT,CLOUDY,DRY
6836 ,33747767,MONROE,Ogden,,,Y,43.189331,-77.753401,01/27/2011,4:22 PM,PROPERTY DAMAGE AND INJURY,1.,0 ,2 ,COLLISION WITH MOTOR VEHICLE,REAR END,NO PASSING ZONE,DAYLIGHT,CLOUDY,WET
6836 ,33748077,MONROE,Greece,,,N,43.2240283,-77.6590449,01/26/2011,3:36 PM,INJURY,3.,0 ,3 ,COLLISION WITH MOTOR VEHICLE,OTHER,NONE,DAYLIGHT,CLOUDY,WET
6836 ,33748332,MONROE,Penfield,,286A43011014,N,43.1479001,-77.5163076,01/26/2011,1:00 PM,PROPERTY DAMAGE AND INJURY,1.,0 ,1 ,COLLISION WITH TREE,OTHER,NONE,DAYLIGHT,CLOUDY,DRY
6836 ,33748368,MONROE,Brighton,,,Y,43.12549,-77.596504,01/28/2011,8:25 AM,PROPERTY DAMAGE AND INJURY,1.,0 ,2 ,COLLISION WITH MOTOR VEHICLE,LEFT TURN (AGAINST OTHER CAR),STOP SIGN,DAYLIGHT,SNOW,WET
6836 ,33748447,MONROE,Gates,,,N,43.1438995,-77.7179721,01/24/2011,9:49 AM,INJURY,1.,0 ,1 ,COLL. W/LIGHT SUPPORT/UTILITY POLE,OTHER,NONE,DAYLIGHT,CLEAR,DRY
6836 ,33748496,MONROE,Greece,,,Y,43.263846,-77.644943,01/27/2011,9:59 AM,PROPERTY DAMAGE AND INJURY,1.,0 ,2 ,COLLISION WITH MOTOR VEHICLE,OTHER,NONE,DAYLIGHT,SNOW,SNOW/ICE
6836 ,33748563,MONROE,Perinton,,96 43051003,Y,43.069288,-77.4423639,01/23/2011,7:08 PM,PROPERTY DAMAGE AND INJURY,1.,0 ,2 ,COLLISION WITH MOTOR VEHICLE,HEAD ON,TRAFFIC SIGNAL,DARK-ROAD LIGHTED,CLOUDY,WET
6836 ,33748634,MONROE,Clarkson,,260 43011046,N,43.2622072,-77.876795,01/26/2011,1:19 PM,INJURY,1.,0 ,1 ,COLLISION WITH SIGN POST,OTHER,NONE,DAYLIGHT,CLOUDY,DRY
6836 ,33748651,MONROE,Rochester,,490I43022032,N,43.1515482,-77.6134672,01/27/2011,8:35 AM,PROPERTY DAMAGE AND INJURY,2.,0 ,3 ,COLLISION WITH MOTOR VEHICLE,OTHER,NONE,DAYLIGHT,SNOW,WET
6836 ,33748660,MONROE,Perinton,,31F43011050,Y,43.102912,-77.432128,01/24/2011,1:59 PM,PROPERTY DAMAGE AND INJURY,1.,0 ,2 ,COLLISION WITH MOTOR VEHICLE,LEFT TURN (AGAINST OTHER CAR),TRAFFIC SIGNAL,DAYLIGHT,CLOUDY,DRY
6836 ,33748684,MONROE,Perinton,,,N,43.1223398,-77.4758339,01/27/2011,2:10 PM,PROPERTY DAMAGE AND INJURY,1.,0 ,3 ,COLLISION WITH MOTOR VEHICLE,OTHER,NONE,DAYLIGHT,CLOUDY,WET
6836 ,33748834,MONROE,Rochester,,,N,43.1851773,-77.6388827,01/26/2011,1:00 PM,INJURY,1.,0 ,2 ,COLLISION WITH MOTOR VEHICLE,LEFT TURN (WITH OTHER CAR),NO PASSING ZONE,DAYLIGHT,CLOUDY,WET
6836 ,33748854,MONROE,Brighton,,31 43033015,Y,43.118739,-77.556043,01/28/2011,4:43 PM,PROPERTY DAMAGE AND INJURY,1.,0 ,3 ,COLLISION WITH MOTOR VEHICLE,OTHER,TRAFFIC SIGNAL,DUSK,CLOUDY,WET
6836 ,33748880,MONROE,Chili,,,Y,43.105927,-77.748618,01/24/2011,8:12 AM,INJURY,2.,0 ,2 ,COLLISION WITH MOTOR VEHICLE,LEFT TURN (AGAINST OTHER CAR),TRAFFIC SIGNAL,DAYLIGHT,CLEAR,WET
6836 ,33748881,MONROE,Pittsford,,,Y,43.081002,-77.494156,01/20/2011,6:15 PM,PROPERTY DAMAGE AND INJURY,1.,0 ,3 ,COLLISION WITH MOTOR VEHICLE,OTHER,TRAFFIC SIGNAL,DARK-ROAD LIGHTED,CLOUDY,DRY
6836 ,33748891,MONROE,Penfield,,253 43011278,N,43.1273054,-77.4942478,01/26/2011,6:45 PM,PROPERTY DAMAGE AND INJURY,1.,0 ,2 ,COLLISION WITH MOTOR VEHICLE,LEFT TURN (AGAINST OTHER CAR),TRAFFIC SIGNAL,DARK-ROAD LIGHTED,CLOUDY,WET
6836 ,33748909,MONROE,Chili,,,N,43.0749264,-77.7068669,01/22/2011,11:15 AM,PROPERTY DAMAGE AND INJURY,1.,0 ,1 ,COLL. W/LIGHT SUPPORT/UTILITY POLE,OTHER,NO PASSING ZONE,DAYLIGHT,CLOUDY,SNOW/ICE
6836 ,33749139,MONROE,Greece,,,N,43.1870512,-77.7015085,01/27/2011,1:50 PM,PROPERTY DAMAGE AND INJURY,4.,0 ,2 ,COLLISION WITH MOTOR VEHICLE,RIGHT ANGLE,NONE,DAYLIGHT,CLOUDY,DRY
6836 ,33749140,MONROE,Greece,,18 43032000,Y,43.218046,-77.641283,01/27/2011,5:21 PM,PROPERTY DAMAGE AND INJURY,2.,0 ,3 ,COLLISION WITH MOTOR VEHICLE,OTHER,NONE,DUSK,CLOUDY,WET
6836 ,33749143,MONROE,Greece,,,N,43.2081014,-77.6852846,01/28/2011,6:08 PM,PROPERTY DAMAGE AND INJURY,1.,0 ,2 ,COLLISION WITH MOTOR VEHICLE,OVERTAKING,TRAFFIC SIGNAL,DARK-ROAD LIGHTED,SNOW,WET
6836 ,33749170,MONROE,Rochester,,383 43012013,N,43.1356508,-77.6280032,01/29/2011,4:07 PM,PROPERTY DAMAGE AND INJURY,3.,0 ,2 ,COLLISION WITH MOTOR VEHICLE,OVERTAKING,NONE,DAYLIGHT,CLOUDY,WET
6836 ,33749171,MONROE,Rochester,,,Y,43.173964,-77.572583,01/29/2011,2:56 PM,INJURY,1.,0 ,1 ,COLLISION WITH PEDESTRIAN,OTHER,STOP SIGN,DAYLIGHT,SNOW,WET
6836 ,33749304,MONROE,Brighton,,490I43023004,N,43.1400504,-77.5407434,01/25/2011,6:49 AM,PROPERTY DAMAGE AND INJURY,1.,0 ,2 ,COLLISION WITH MOTOR VEHICLE,REAR END,NONE,DARK-ROAD LIGHTED,RAIN,WET
6836 ,33749417,MONROE,Henrietta,,,N,43.0585271,-77.6666452,01/27/2011,7:52 AM,INJURY,1.,0 ,2 ,COLLISION WITH MOTOR VEHICLE,REAR END,STOPPED SCHOOL BUS W/RED LIGHT FLSH,DAYLIGHT,CLOUDY,WET
6836 ,33749421,MONROE,Gates,,31 43031181,Y,43.164886,-77.6911321,01/29/2011,11:55 AM,PROPERTY DAMAGE AND INJURY,1.,0 ,3 ,COLLISION WITH MOTOR VEHICLE,OTHER,TRAFFIC SIGNAL,DAYLIGHT,CLOUDY,WET
6836 ,33749422,MONROE,Pittsford,,31 43033031,N,43.1017527,-77.5372276,01/27/2011,12:20 PM,PROPERTY DAMAGE AND INJURY,1.,0 ,2 ,COLLISION WITH MOTOR VEHICLE,LEFT TURN (AGAINST OTHER CAR),STOP SIGN,DAYLIGHT,CLOUDY,DRY
6836 ,33749427,MONROE,Pittsford,,441 43011110,N,43.1232576,-77.508559,01/28/2011,8:58 AM,PROPERTY DAMAGE AND INJURY,1.,0 ,2 ,COLLISION WITH MOTOR VEHICLE,REAR END,TRAFFIC SIGNAL,DAYLIGHT,CLOUDY,WET
6836 ,33749429,MONROE,Penfield,,441 43011031,N,43.1308215,-77.4418788,01/24/2011,8:10 AM,PROPERTY DAMAGE AND INJURY,1.,0 ,2 ,COLLISION WITH MOTOR VEHICLE,REAR END,NONE,DAYLIGHT,CLEAR,WET
6836 ,33749430,MONROE,Irondequoit,,,N,43.1740746,-77.541596,01/23/2011,11:26 AM,PROPERTY DAMAGE AND INJURY,2.,0 ,2 ,COLLISION WITH MOTOR VEHICLE,HEAD ON,NONE,DAYLIGHT,SNOW,SNOW/ICE
6836 ,33749431,MONROE,Spencerport,,259 43011072,Y,43.195437,-77.799596,01/29/2011,2:16 PM,PROPERTY DAMAGE AND INJURY,3.,0 ,3 ,COLLISION WITH MOTOR VEHICLE,OTHER,TRAFFIC SIGNAL,DAYLIGHT,SNOW,WET
6836 ,33749442,MONROE,Riga,,490I43021074,N,43.0942604,-77.8382022,01/24/2011,7:50 AM,PROPERTY DAMAGE AND INJURY,1.,0 ,3 ,COLLISION WITH MOTOR VEHICLE,OTHER,NONE,DAYLIGHT,CLEAR,WET
6836 ,33749444,MONROE,Pittsford,,65 43031126,N,43.1066771,-77.5474452,01/25/2011,8:35 AM,PROPERTY DAMAGE AND INJURY,3.,0 ,3 ,COLLISION WITH MOTOR VEHICLE,OTHER,NONE,DAYLIGHT,CLOUDY,WET
6836 ,33749449,MONROE,Gates,,,N,43.1745552,-77.7536039,01/29/2011,11:09 AM,PROPERTY DAMAGE AND INJURY,1.,0 ,2 ,COLLISION WITH MOTOR VEHICLE,REAR END,NONE,DAYLIGHT,CLOUDY,DRY
6836 ,33749451,MONROE,Ogden,,31 43031088,N,43.1885083,-77.8657221,01/29/2011,5:39 AM,PROPERTY DAMAGE AND INJURY,1.,0 ,1 ,COLLISION WITH DEER,OTHER,NONE,DARK-ROAD UNLIGHTED,CLOUDY,DRY
6836 ,33749455,MONROE,Penfield,,441 43011080,N,43.1307312,-77.3875375,01/24/2011,7:00 AM,PROPERTY DAMAGE AND INJURY,1.,0 ,2 ,COLLISION WITH MOTOR VEHICLE,LEFT TURN (AGAINST OTHER CAR),TRAFFIC SIGNAL,DAWN,CLEAR,DRY
6836 ,33749714,MONROE,Rochester,,,N,43.1915154,-77.6388732,01/28/2011,1:52 PM,PROPERTY DAMAGE AND INJURY,1.,0 ,2 ,COLLISION WITH MOTOR VEHICLE,SIDESWIPE,NONE,DAYLIGHT,CLOUDY,WET
6836 ,33749883,MONROE,Brighton,,390I43031146,N,43.1119779,-77.6227928,01/26/2011,5:10 PM,INJURY,1.,0 ,2 ,COLLISION WITH MOTOR VEHICLE,REAR END,NONE,DUSK,CLOUDY,DRY
6836 ,33749889,MONROE,Brighton,,15A43041127,N,43.1070103,-77.6159477,01/27/2011,5:07 PM,INJURY,2.,0 ,2 ,COLLISION WITH MOTOR VEHICLE,REAR END,TRAFFIC SIGNAL,DUSK,SNOW,WET
6836 ,33749891,MONROE,Gates,,390I43037015,N,43.148675,-77.6777215,01/26/2011,12:00 PM,PROPERTY DAMAGE AND INJURY,3.,0 ,2 ,COLLISION WITH MOTOR VEHICLE,RIGHT ANGLE,NONE,DAYLIGHT,CLOUDY,DRY
6836 ,33750009,MONROE,Henrietta,,252 43011085,Y,43.087118,-77.601425,01/28/2011,5:13 PM,PROPERTY DAMAGE AND INJURY,1.,0 ,2 ,COLLISION WITH MOTOR VEHICLE,RIGHT ANGLE,TRAFFIC SIGNAL,DARK-ROAD LIGHTED,CLOUDY,WET
6836 ,33750018,MONROE,Penfield,,250 43011070,N,43.1358641,-77.4418612,01/19/2011,4:00 PM,PROPERTY DAMAGE AND INJURY,2.,0 ,2 ,COLLISION WITH MOTOR VEHICLE,RIGHT ANGLE,STOP SIGN,DAYLIGHT,SNOW,SNOW/ICE