QUERYID,CASE #,REGN_CNTY_CDE,Municipality,MUNITYPE,REF_MRKR,ATINTERSECTION_IND,Lat,Long,,Time,Crash Type,Injuries,Fatalities,Number of Vehicles,ACCD_TYP,COLLISION_TYP,TRAF_CNTL,Light Condition,Weather Condition,Road Surface Condition
6836 ,33750024,MONROE,Henrietta,,,Y,43.080148,-77.629592,01/24/2011,7:07 PM,PROPERTY DAMAGE AND INJURY,1.,0 ,2 ,COLLISION WITH MOTOR VEHICLE,RIGHT ANGLE,TRAFFIC SIGNAL,DARK-ROAD LIGHTED,CLEAR,DRY
6836 ,33750031,MONROE,Irondequoit,,,N,43.2241945,-77.5416768,01/29/2011,10:42 PM,INJURY,1.,0 ,1 ,COLLISION WITH PEDESTRIAN,OTHER,NONE,DARK-ROAD UNLIGHTED,CLOUDY,SNOW/ICE
6836 ,33750033,MONROE,Penfield,,,N,43.1676126,-77.4750168,01/28/2011,2:57 PM,PROPERTY DAMAGE AND INJURY,3.,0 ,2 ,COLLISION WITH MOTOR VEHICLE,REAR END,NONE,DAYLIGHT,SNOW,WET
6836 ,33750034,MONROE,Pittsford,,31 43033058,N,43.0803341,-77.4924131,01/20/2011,6:11 PM,PROPERTY DAMAGE AND INJURY,1.,0 ,2 ,COLLISION WITH MOTOR VEHICLE,REAR END,NO PASSING ZONE,DARK-ROAD LIGHTED,SNOW,WET
6836 ,33750042,MONROE,Penfield,,441 43011085,Y,43.130934,-77.376994,01/29/2011,2:04 PM,PROPERTY DAMAGE AND INJURY,1.,0 ,1 ,OVERTURNED,OTHER,NONE,DAYLIGHT,SNOW,WET
6836 ,33750278,MONROE,Brighton,,590 43011010,N,43.1566361,-77.5386971,01/12/2011,10:40 AM,PROPERTY DAMAGE AND INJURY,1.,0 ,1 ,COLLISION WITH GUIDE RAIL,OTHER,NONE,DAYLIGHT,SNOW,SNOW/ICE
6836 ,33750737,MONROE,Rochester,,490I43022037,N,43.1498026,-77.6048305,01/30/2011,4:02 AM,PROPERTY DAMAGE AND INJURY,1.,0 ,1 ,COLLISION WITH OTHER BARRIER,OTHER,NONE,DARK-ROAD LIGHTED,CLOUDY,WET
6836 ,33750774,MONROE,Brighton,,31 43033022,Y,43.1110267,-77.5477302,01/31/2011,11:51 AM,PROPERTY DAMAGE AND INJURY,1.,0 ,3 ,COLLISION WITH MOTOR VEHICLE,OTHER,TRAFFIC SIGNAL,DAYLIGHT,CLEAR,DRY
6836 ,33750781,MONROE,Henrietta,,15A43041110,Y,43.082731,-77.607429,01/31/2011,10:00 AM,PROPERTY DAMAGE AND INJURY,1.,0 ,2 ,COLLISION WITH MOTOR VEHICLE,RIGHT ANGLE,TRAFFIC SIGNAL,DAYLIGHT,CLEAR,DRY
6836 ,33750784,MONROE,Perinton,,,Y,43.068887,-77.4364529,01/25/2011,5:09 PM,INJURY,1.,0 ,1 ,COLLISION WITH PEDESTRIAN,OTHER,STOP SIGN,DUSK,RAIN,WET
6836 ,33750786,MONROE,Perinton,,31 43033090,N,43.0685283,-77.4321353,01/29/2011,6:18 PM,PROPERTY DAMAGE AND INJURY,1.,0 ,2 ,COLLISION WITH MOTOR VEHICLE,LEFT TURN (AGAINST OTHER CAR),TRAFFIC SIGNAL,DARK-ROAD LIGHTED,CLOUDY,WET
6836 ,33750797,MONROE,Henrietta,,,N,43.0958605,-77.5830237,01/26/2011,3:05 PM,PROPERTY DAMAGE AND INJURY,1.,0 ,2 ,COLLISION WITH MOTOR VEHICLE,LEFT TURN (AGAINST OTHER CAR),NONE,DAYLIGHT,CLOUDY,DRY
6836 ,33750814,MONROE,Scottsville,,,N,43.028308,-77.753374,01/26/2011,6:19 PM,PROPERTY DAMAGE AND INJURY,1.,0 ,2 ,COLLISION WITH MOTOR VEHICLE,REAR END,NONE,DARK-ROAD LIGHTED,CLOUDY,DRY
6836 ,33751257,MONROE,Rochester,,,Y,43.167366,-77.607229,01/04/2011,2:45 PM,PROPERTY DAMAGE AND INJURY,1.,0 ,2 ,COLLISION WITH MOTOR VEHICLE,UNKNOWN,STOP SIGN,DAYLIGHT,CLEAR,DRY
6836 ,33751261,MONROE,Rochester,,,Y,43.154501,-77.5973251,01/04/2011,9:29 PM,INJURY,1.,0 ,1 ,COLLISION WITH CURBING,OTHER,TRAFFIC SIGNAL,DARK-ROAD LIGHTED,CLOUDY,WET
6836 ,33751262,MONROE,Rochester,,,N,43.1547836,-77.5813643,01/05/2011,4:49 PM,INJURY,2.,0 ,2 ,COLLISION WITH MOTOR VEHICLE,UNKNOWN,NONE,DARK-ROAD LIGHTED,CLOUDY,WET
6836 ,33751266,MONROE,Rochester,,,Y,43.159729,-77.566255,01/01/2011,11:11 AM,PROPERTY DAMAGE AND INJURY,1.,0 ,2 ,COLLISION WITH MOTOR VEHICLE,RIGHT ANGLE,TRAFFIC SIGNAL,DAYLIGHT,CLEAR,MUDDY
6836 ,33751272,MONROE,Rochester,,,Y,43.185534,-77.6309771,01/03/2011,2:50 PM,INJURY,1.,0 ,2 ,COLLISION WITH MOTOR VEHICLE,REAR END,NONE,DAYLIGHT,CLEAR,DRY
6836 ,33751277,MONROE,Rochester,,,Y,43.145862,-77.5924981,01/02/2011,2:30 AM,INJURY,1.,0 ,1 ,COLLISION WITH BICYCLIST,OTHER,TRAFFIC SIGNAL,DARK-ROAD LIGHTED,CLEAR,DRY
6836 ,33751919,MONROE,Rochester,,,N,43.1252596,-77.6346329,12/20/2010,2:41 AM,PROPERTY DAMAGE AND INJURY,2.,0 ,1 ,COLLISION WITH TREE,OTHER,NONE,DARK-ROAD LIGHTED,CLOUDY,DRY
6836 ,33751920,MONROE,Rochester,,,Y,43.143804,-77.636035,12/30/2010,10:20 PM,INJURY,1.,0 ,2 ,COLLISION WITH MOTOR VEHICLE,SIDESWIPE,TRAFFIC SIGNAL,DARK-ROAD LIGHTED,CLOUDY,WET
6836 ,33751922,MONROE,Rochester,,,N,43.1475579,-77.6443603,12/31/2010,2:07 PM,PROPERTY DAMAGE AND INJURY,1.,0 ,2 ,COLLISION WITH MOTOR VEHICLE,REAR END,NONE,DAYLIGHT,CLEAR,DRY
6836 ,33751960,MONROE,Rochester,,,Y,43.193781,-77.600001,12/29/2010,3:55 PM,PROPERTY DAMAGE AND INJURY,1.,0 ,2 ,COLLISION WITH MOTOR VEHICLE,UNKNOWN,TRAFFIC SIGNAL,DAYLIGHT,CLOUDY,WET
6836 ,33752043,MONROE,Rochester,,,N,43.15599,-77.581982,12/30/2010,3:59 PM,PROPERTY DAMAGE AND INJURY,1.,0 ,2 ,COLLISION WITH MOTOR VEHICLE,RIGHT ANGLE,STOP SIGN,DAYLIGHT,CLOUDY,WET
6836 ,33752046,MONROE,Rochester,,,Y,43.167417,-77.625351,12/30/2010,11:24 PM,PROPERTY DAMAGE AND INJURY,2.,0 ,2 ,COLLISION WITH MOTOR VEHICLE,LEFT TURN (AGAINST OTHER CAR),TRAFFIC SIGNAL,DARK-ROAD LIGHTED,CLEAR,WET
6836 ,33752048,MONROE,Rochester,,,Y,43.135096,-77.628833,12/30/2010,8:28 AM,PROPERTY DAMAGE AND INJURY,1.,0 ,2 ,COLLISION WITH MOTOR VEHICLE,RIGHT ANGLE,TRAFFIC SIGNAL,DAYLIGHT,CLEAR,DRY
6836 ,33752049,MONROE,Rochester,,,Y,43.159699,-77.584831,12/30/2010,3:04 AM,INJURY,1.,0 ,1 ,COLLISION WITH BICYCLIST,OTHER,NONE,DARK-ROAD LIGHTED,CLEAR,WET
6836 ,33752051,MONROE,Rochester,,,Y,43.164628,-77.636722,12/31/2010,11:31 PM,INJURY,1.,0 ,2 ,COLLISION WITH MOTOR VEHICLE,LEFT TURN (WITH OTHER CAR),STOP SIGN,DARK-ROAD LIGHTED,CLOUDY,DRY
6836 ,33752054,MONROE,Rochester,,,Y,43.170717,-77.591422,12/31/2010,11:45 AM,INJURY,1.,0 ,2 ,COLLISION WITH MOTOR VEHICLE,REAR END,STOP SIGN,DAYLIGHT,CLEAR,WET
6836 ,33753242,MONROE,Gates,,,N,43.1645347,-77.7209709,02/01/2011,10:08 AM,PROPERTY DAMAGE AND INJURY,1.,0 ,2 ,COLLISION WITH MOTOR VEHICLE,REAR END,NONE,DAYLIGHT,SNOW,SLUSH
6836 ,33753335,MONROE,Greece,,104 43031174,Y,43.205084,-77.66632,01/23/2011,10:44 PM,PROPERTY DAMAGE AND INJURY,2.,0 ,2 ,COLLISION WITH MOTOR VEHICLE,RIGHT ANGLE,TRAFFIC SIGNAL,DARK-ROAD LIGHTED,CLOUDY,WET
6836 ,33753576,MONROE,Brighton,,31 43033011,N,43.1241551,-77.5620435,02/01/2011,9:15 AM,PROPERTY DAMAGE AND INJURY,1.,0 ,2 ,COLLISION WITH MOTOR VEHICLE,REAR END,NONE,DAYLIGHT,SNOW,SNOW/ICE
6836 ,33753588,MONROE,Rochester,,,Y,43.183892,-77.5760709,01/31/2011,2:28 PM,INJURY,1.,0 ,2 ,COLLISION WITH MOTOR VEHICLE,REAR END,NONE,DAYLIGHT,CLOUDY,DRY
6836 ,33753820,MONROE,Perinton,,,N,43.0976675,-77.4255607,01/20/2011,6:35 AM,PROPERTY DAMAGE AND INJURY,1.,0 ,2 ,COLLISION WITH MOTOR VEHICLE,REAR END,NO PASSING ZONE,DARK-ROAD UNLIGHTED,CLEAR,SLUSH
6836 ,33753846,MONROE,Brighton,,31 43033021,N,43.1112109,-77.5479818,02/01/2011,6:12 PM,PROPERTY DAMAGE AND INJURY,2.,0 ,2 ,COLLISION WITH MOTOR VEHICLE,LEFT TURN (AGAINST OTHER CAR),NONE,DARK-ROAD LIGHTED,CLOUDY,WET
6836 ,33753951,MONROE,Greece,,18 43031195,N,43.252881,-77.6656965,01/31/2011,7:24 AM,PROPERTY DAMAGE AND INJURY,1.,0 ,2 ,COLLISION WITH MOTOR VEHICLE,REAR END,TRAFFIC SIGNAL,DAWN,CLOUDY,DRY
6836 ,33753999,MONROE,Pittsford,,,Y,43.077125,-77.529614,02/01/2011,7:13 AM,PROPERTY DAMAGE AND INJURY,1.,0 ,2 ,COLLISION WITH MOTOR VEHICLE,REAR END,TRAFFIC SIGNAL,DAWN,SNOW,SNOW/ICE
6836 ,33754015,MONROE,Gates,,,Y,43.1499211,-77.6876311,02/02/2011,4:17 PM,INJURY,1.,0 ,1 ,COLL. W/LIGHT SUPPORT/UTILITY POLE,OTHER,NONE,DAYLIGHT,RAIN,SNOW/ICE
6836 ,33754042,MONROE,Ogden,,33 43031087,N,43.135391,-77.7751438,02/01/2011,11:01 PM,PROPERTY DAMAGE AND INJURY,1.,0 ,1 ,COLLISION WITH TREE,OTHER,NONE,DARK-ROAD LIGHTED,SNOW,SNOW/ICE
6836 ,33754177,MONROE,Rochester,,940T43011006,N,43.1600528,-77.6136454,01/19/2011,3:49 PM,PROPERTY DAMAGE AND INJURY,1.,0 ,3 ,COLLISION WITH MOTOR VEHICLE,OTHER,NONE,DAYLIGHT,SNOW,WET
6836 ,33754257,MONROE,Irondequoit,,,N,43.1993123,-77.576141,02/01/2011,2:42 PM,INJURY,1.,0 ,2 ,COLLISION WITH MOTOR VEHICLE,REAR END,NONE,DAYLIGHT,SNOW,SLUSH
6836 ,33754361,MONROE,Pittsford,,490I43023038,N,43.1031861,-77.5048072,02/01/2011,9:46 AM,PROPERTY DAMAGE AND INJURY,1.,0 ,1 ,COLLISION WITH GUIDE RAIL,OTHER,NONE,DAYLIGHT,SNOW,SNOW/ICE
6836 ,33754429,MONROE,Rochester,,104 43032030,N,43.1915304,-77.6053904,02/02/2011,12:20 PM,INJURY,2.,0 ,1 ,COLLISION WITH SNOW EMBANKMENT,OTHER,NONE,DAYLIGHT,CLOUDY,SNOW/ICE
6836 ,33754729,MONROE,Brighton,,,N,43.1428704,-77.5465118,01/29/2011,6:58 AM,PROPERTY DAMAGE AND INJURY,2.,0 ,2 ,COLLISION WITH MOTOR VEHICLE,REAR END,NONE,DARK-ROAD LIGHTED,CLOUDY,DRY
6836 ,33755022,MONROE,Rochester,,104 43032015,N,43.1971742,-77.6325726,01/14/2011,10:25 AM,PROPERTY DAMAGE AND INJURY,1.,0 ,3 ,COLLISION WITH MOTOR VEHICLE,OTHER,NONE,DAYLIGHT,CLOUDY,WET
6836 ,33755461,MONROE,Rochester,,940M43011020,Y,43.193835,-77.629001,01/28/2011,5:17 AM,PROPERTY DAMAGE AND INJURY,1.,0 ,2 ,COLLISION WITH MOTOR VEHICLE,RIGHT ANGLE,TRAFFIC SIGNAL,DARK-ROAD LIGHTED,CLOUDY,WET
6836 ,33755531,MONROE,Rochester,,,N,43.1763853,-77.5567944,01/28/2011,7:27 AM,PROPERTY DAMAGE AND INJURY,1.,0 ,3 ,COLLISION WITH MOTOR VEHICLE,OTHER,NONE,DAYLIGHT,SNOW,WET
6836 ,33756361,MONROE,Webster,,104 43035260,N,43.2146683,-77.4578203,02/01/2011,8:45 AM,PROPERTY DAMAGE AND INJURY,1.,0 ,1 ,COLLISION WITH GUIDERAIL - END,OTHER,NONE,DAYLIGHT,SNOW,SNOW/ICE
6836 ,33756364,MONROE,Irondequoit,,590 43013001,N,43.1687323,-77.5389491,02/01/2011,10:35 AM,PROPERTY DAMAGE AND INJURY,1.,0 ,1 ,COLLISION WITH OTHER BARRIER,OTHER,NONE,DAYLIGHT,SNOW,SNOW/ICE
6836 ,33756368,MONROE,Webster,,,N,43.2156461,-77.4462016,02/01/2011,9:20 AM,INJURY,2.,0 ,2 ,COLLISION WITH MOTOR VEHICLE,REAR END,NONE,DAYLIGHT,SNOW,SNOW/ICE
6836 ,33756373,MONROE,Rochester,,31 43032032,N,43.153895,-77.619601,02/01/2011,10:40 AM,PROPERTY DAMAGE AND INJURY,1.,0 ,2 ,COLLISION WITH OTHER BARRIER,RIGHT ANGLE,NONE,DAYLIGHT,SNOW,SNOW/ICE
6836 ,33756381,MONROE,Rochester,,490I43022039,N,43.1477191,-77.6020791,01/11/2011,10:59 PM,PROPERTY DAMAGE AND INJURY,1.,0 ,2 ,COLLISION WITH MOTOR VEHICLE,OVERTAKING,NONE,DARK-ROAD LIGHTED,SNOW,SNOW/ICE
6836 ,33756959,MONROE,Brighton,,15A43041122,N,43.098675,-77.6137276,02/03/2011,5:11 PM,INJURY,1.,0 ,3 ,COLLISION WITH MOTOR VEHICLE,OTHER,NONE,DUSK,CLEAR,SNOW/ICE
6836 ,33756963,MONROE,Irondequoit,,,N,43.2465609,-77.5911621,02/03/2011,7:47 AM,PROPERTY DAMAGE AND INJURY,1.,0 ,2 ,COLLISION WITH MOTOR VEHICLE,REAR END,NO PASSING ZONE,DAYLIGHT,CLEAR,WET
6836 ,33756969,MONROE,Perinton,,31 43033066,N,43.0776341,-77.4776604,02/02/2011,1:28 PM,INJURY,1.,0 ,2 ,COLLISION WITH MOTOR VEHICLE,REAR END,NONE,DAYLIGHT,SNOW,SNOW/ICE
6836 ,33756976,MONROE,Brighton,,,N,43.1013027,-77.5792245,02/03/2011,5:33 PM,PROPERTY DAMAGE AND INJURY,2.,0 ,3 ,COLLISION WITH MOTOR VEHICLE,OTHER,NONE,DARK-ROAD LIGHTED,CLOUDY,DRY
6836 ,33756977,MONROE,Irondequoit,,,Y,43.188427,-77.545507,02/03/2011,4:36 AM,PROPERTY DAMAGE AND INJURY,1.,0 ,2 ,COLLISION WITH MOTOR VEHICLE,HEAD ON,NONE,DARK-ROAD LIGHTED,CLEAR,SNOW/ICE
6836 ,33757034,MONROE,Rochester,,,N,43.249715,-77.614751,02/02/2011,8:44 PM,INJURY,1.,0 ,3 ,COLLISION WITH MOTOR VEHICLE,OTHER,TRAFFIC SIGNAL,DARK-ROAD LIGHTED,SNOW,SNOW/ICE
6836 ,33757721,MONROE,Greece,,,Y,43.186914,-77.701511,01/26/2011,8:45 PM,PROPERTY DAMAGE AND INJURY,2.,0 ,2 ,COLLISION WITH MOTOR VEHICLE,RIGHT ANGLE,TRAFFIC SIGNAL,DARK-ROAD LIGHTED,CLOUDY,WET
6836 ,33758543,MONROE,Rochester,,,Y,43.203823,-77.65697,01/10/2011,7:25 AM,PROPERTY DAMAGE AND INJURY,1.,0 ,3 ,COLLISION WITH MOTOR VEHICLE,OTHER,TRAFFIC SIGNAL,DAYLIGHT,CLEAR,WET
6836 ,33758617,MONROE,Rochester,,,Y,43.187626,-77.576289,01/08/2011,3:28 PM,PROPERTY DAMAGE AND INJURY,1.,0 ,1 ,COLLISION WITH OTHER BARRIER,OTHER,TRAFFIC SIGNAL,DAYLIGHT,SNOW,SNOW/ICE
6836 ,33758618,MONROE,Rochester,,,Y,43.141962,-77.66091,01/08/2011,10:38 AM,PROPERTY DAMAGE AND INJURY,2.,0 ,4 ,COLLISION WITH MOTOR VEHICLE,OTHER,NONE,DAYLIGHT,CLEAR,WET
6836 ,33758621,MONROE,Rochester,,,Y,43.179202,-77.659612,01/06/2011,10:59 AM,INJURY,1.,0 ,2 ,COLLISION WITH MOTOR VEHICLE,UNKNOWN,TRAFFIC SIGNAL,DAYLIGHT,CLOUDY,WET
6836 ,33758631,MONROE,Rochester,,,N,43.1516812,-77.5705369,01/17/2011,12:49 PM,INJURY,1.,0 ,2 ,COLLISION WITH MOTOR VEHICLE,REAR END,TRAFFIC SIGNAL,DAYLIGHT,CLEAR,WET
6836 ,33758632,MONROE,Rochester,,,Y,43.179372,-77.6217321,01/21/2011,11:05 AM,INJURY,1.,0 ,1 ,COLLISION WITH PEDESTRIAN,OTHER,STOP SIGN,DAYLIGHT,SNOW,SNOW/ICE
6836 ,33759603,MONROE,Greece,,390 43011067,N,43.2523708,-77.6677853,01/31/2011,7:39 AM,PROPERTY DAMAGE AND INJURY,1.,0 ,3 ,COLLISION WITH MOTOR VEHICLE,OTHER,NONE,DAYLIGHT,CLOUDY,DRY
6836 ,33759610,MONROE,Gates,,390 43011001,N,43.1586374,-77.6824083,01/31/2011,8:10 AM,PROPERTY DAMAGE AND INJURY,1.,0 ,2 ,COLLISION WITH MOTOR VEHICLE,REAR END,NONE,DAYLIGHT,CLOUDY,DRY
6836 ,33759625,MONROE,Penfield,,,N,43.1406558,-77.4944106,02/02/2011,5:24 PM,PROPERTY DAMAGE AND INJURY,1.,0 ,1 ,COLL. W/LIGHT SUPPORT/UTILITY POLE,OTHER,STOP SIGN,DARK-ROAD LIGHTED,SNOW,SNOW/ICE
6836 ,33759627,MONROE,Brighton,,590I43011641,N,43.1102007,-77.5998742,02/01/2011,10:51 AM,INJURY,1.,0 ,2 ,COLLISION WITH MOTOR VEHICLE,REAR END,NONE,DAYLIGHT,SNOW,SNOW/ICE
6836 ,33759630,MONROE,Gates,,490I43021154,N,43.1488911,-77.7178923,02/01/2011,10:42 AM,PROPERTY DAMAGE AND INJURY,1.,0 ,2 ,COLLISION WITH MOTOR VEHICLE,OVERTAKING,NONE,DAYLIGHT,CLOUDY,SLUSH
6836 ,33759631,MONROE,Parma,,104 43031043,N,43.2182094,-77.7875599,02/02/2011,12:30 PM,INJURY,1.,0 ,1 ,COLLISION WITH SIGN POST,OTHER,NONE,DAYLIGHT,SNOW,SNOW/ICE
6836 ,33759645,MONROE,Mendon,,,N,42.9652464,-77.5331348,02/01/2011,7:25 AM,INJURY,1.,0 ,1 ,OVERTURNED,OTHER,NONE,DARK-ROAD UNLIGHTED,SNOW,SNOW/ICE
6836 ,33759649,MONROE,Mendon,,,N,42.9832673,-77.5759414,01/29/2011,12:31 PM,PROPERTY DAMAGE AND INJURY,1.,0 ,1 ,COLLISION WITH TREE,OTHER,NONE,DAYLIGHT,SNOW,WET
6836 ,33759687,MONROE,Brighton,,15 43031127,Y,43.111727,-77.623926,02/04/2011,11:30 PM,PROPERTY DAMAGE AND INJURY,1.,0 ,2 ,COLLISION WITH MOTOR VEHICLE,LEFT TURN (WITH OTHER CAR),TRAFFIC SIGNAL,DARK-ROAD LIGHTED,CLEAR,DRY
6836 ,33759689,MONROE,Irondequoit,,,N,43.196444,-77.5767859,02/03/2011,5:22 PM,PROPERTY DAMAGE AND INJURY,1.,0 ,3 ,COLLISION WITH MOTOR VEHICLE,OTHER,TRAFFIC SIGNAL,DUSK,CLEAR,DRY
6836 ,33759864,MONROE,Greece,,,N,43.2339499,-77.6719113,02/02/2011,10:36 PM,INJURY,1.,0 ,1 ,COLLISION WITH SNOW EMBANKMENT,OTHER,NONE,DARK-ROAD UNLIGHTED,SNOW,SNOW/ICE
6836 ,33759893,MONROE,Rochester,,,Y,43.152715,-77.616772,02/05/2011,3:17 AM,INJURY,1.,0 ,2 ,COLLISION WITH MOTOR VEHICLE,OTHER,NONE,DARK-ROAD LIGHTED,CLEAR,SLUSH
6836 ,33759895,MONROE,Rochester,,,Y,43.146594,-77.632868,02/04/2011,8:02 PM,PROPERTY DAMAGE AND INJURY,1.,0 ,2 ,COLLISION WITH MOTOR VEHICLE,RIGHT ANGLE,NONE,DARK-ROAD UNLIGHTED,CLEAR,DRY
6836 ,33759902,MONROE,Rochester,,,Y,43.1771652,-77.6134077,02/05/2011,4:44 PM,PROPERTY DAMAGE AND INJURY,3.,0 ,2 ,COLLISION WITH MOTOR VEHICLE,REAR END,NONE,DAYLIGHT,SLEET/HAIL/FREEZING RAIN,SNOW/ICE
6836 ,33760229,MONROE,Rochester,,590I43012002,N,43.1419468,-77.5517856,02/04/2011,4:00 PM,PROPERTY DAMAGE AND INJURY,1.,0 ,2 ,COLLISION WITH MOTOR VEHICLE,REAR END,NONE,DAYLIGHT,CLEAR,DRY
6836 ,33760267,MONROE,Riga,,490I43021026,N,43.0815497,-77.9282816,01/23/2011,12:43 AM,PROPERTY DAMAGE AND INJURY,1.,0 ,2 ,COLLISION WITH MOTOR VEHICLE,REAR END,NONE,DARK-ROAD UNLIGHTED,SNOW,SNOW/ICE
6836 ,33760268,MONROE,Henrietta,,390 43011065,N,43.0430955,-77.6501819,02/05/2011,4:48 PM,PROPERTY DAMAGE AND INJURY,2.,0 ,2 ,COLLISION WITH MOTOR VEHICLE,RIGHT ANGLE,NONE,DAYLIGHT,SNOW,SNOW/ICE
6836 ,33760270,MONROE,Rush,,390I43031019,N,42.9665549,-77.6913365,02/03/2011,10:35 PM,PROPERTY DAMAGE AND INJURY,2.,0 ,1 ,OVERTURNED,OTHER,NONE,DARK-ROAD UNLIGHTED,CLEAR,DRY
6836 ,33760273,MONROE,Henrietta,,15 43031106,N,43.0831718,-77.6389442,02/04/2011,8:46 PM,PROPERTY DAMAGE AND INJURY,1.,0 ,2 ,COLLISION WITH MOTOR VEHICLE,RIGHT ANGLE,NONE,DARK-ROAD LIGHTED,CLEAR,DRY
6836 ,33760276,MONROE,Brighton,,,Y,43.116482,-77.555062,02/06/2011,3:50 AM,PROPERTY DAMAGE AND INJURY,1.,0 ,2 ,COLLISION WITH MOTOR VEHICLE,SIDESWIPE,NONE,DARK-ROAD LIGHTED,CLOUDY,SNOW/ICE
6836 ,33760277,MONROE,Henrietta,,15 43031114,N,43.0939705,-77.633099,01/18/2011,5:30 PM,INJURY,1.,0 ,2 ,COLLISION WITH MOTOR VEHICLE,REAR END,NONE,DAYLIGHT,CLOUDY,DRY
6836 ,33760280,MONROE,Henrietta,,,N,43.083123,-77.629636,02/02/2011,6:44 PM,PROPERTY DAMAGE AND INJURY,1.,0 ,2 ,COLLISION WITH MOTOR VEHICLE,RIGHT ANGLE,TRAFFIC SIGNAL,DARK-ROAD LIGHTED,SNOW,SNOW/ICE
6836 ,33760282,MONROE,Mendon,,,N,42.9674577,-77.5820185,02/04/2011,11:40 PM,PROPERTY DAMAGE AND INJURY,2.,0 ,1 ,COLL. W/LIGHT SUPPORT/UTILITY POLE,OTHER,NONE,DARK-ROAD UNLIGHTED,CLEAR,DRY
6836 ,33760285,MONROE,Perinton,,31F43011032,N,43.1008043,-77.4594512,02/02/2011,5:21 PM,PROPERTY DAMAGE AND INJURY,2.,0 ,2 ,COLLISION WITH MOTOR VEHICLE,SIDESWIPE,NONE,DAYLIGHT,SNOW,SNOW/ICE
6836 ,33760395,MONROE,Greece,,390 43011063,N,43.2464332,-77.6680688,02/02/2011,10:17 PM,PROPERTY DAMAGE AND INJURY,1.,0 ,1 ,COLL. W/EARTH ELE./ROCK CUT/DITCH,OTHER,NONE,DARK-ROAD UNLIGHTED,SNOW,SNOW/ICE
6836 ,33760397,MONROE,Rochester,,490I43022033,N,43.1512347,-77.611806,02/02/2011,6:07 PM,PROPERTY DAMAGE AND INJURY,1.,0 ,1 ,COLLISION WITH GUIDE RAIL,OTHER,NONE,DARK-ROAD LIGHTED,SNOW,SNOW/ICE
6836 ,33760399,MONROE,Rochester,,490I43022039,N,43.1481215,-77.6021824,02/02/2011,7:28 PM,PROPERTY DAMAGE AND INJURY,1.,0 ,2 ,COLLISION WITH MOTOR VEHICLE,RIGHT ANGLE,NONE,DARK-ROAD LIGHTED,SNOW,SNOW/ICE
6836 ,33760560,MONROE,Rochester,,31 43032049,Y,43.145837,-77.5925133,02/05/2011,2:47 PM,PROPERTY DAMAGE AND INJURY,1.,0 ,2 ,COLLISION WITH MOTOR VEHICLE,REAR END,TRAFFIC SIGNAL,DAYLIGHT,RAIN,WET
6836 ,33760561,MONROE,Rochester,,,N,43.1562643,-77.5745423,02/06/2011,8:38 PM,INJURY,1.,0 ,1 ,COLLISION WITH GUIDE RAIL,OTHER,NONE,DARK-ROAD LIGHTED,SNOW,SNOW/ICE
6836 ,33760562,MONROE,Rochester,,,N,43.1700027,-77.6128891,02/06/2011,2:41 PM,INJURY,1.,0 ,1 ,COLLISION WITH MOTOR VEHICLE,OTHER,NONE,DAYLIGHT,CLOUDY,WET
6836 ,33760563,MONROE,Rochester,,,N,43.1832502,-77.6201125,02/05/2011,3:44 PM,PROPERTY DAMAGE AND INJURY,1.,0 ,2 ,COLLISION WITH MOTOR VEHICLE,HEAD ON,NONE,DAYLIGHT,SNOW,SLUSH
6836 ,33760904,MONROE,Irondequoit,,,N,43.2116937,-77.554807,02/06/2011,6:00 PM,PROPERTY DAMAGE AND INJURY,1.,0 ,2 ,COLLISION WITH MOTOR VEHICLE,REAR END,NONE,DARK-ROAD LIGHTED,CLOUDY,WET
6836 ,33760905,MONROE,Parma,,259 43011163,Y,43.324892,-77.795611,02/05/2011,4:50 PM,PROPERTY DAMAGE AND INJURY,1.,0 ,1 ,COLL. W/LIGHT SUPPORT/UTILITY POLE,OTHER,STOP SIGN,DAYLIGHT,SNOW,SNOW/ICE
6836 ,33760906,MONROE,Pittsford,,490I43023030,N,43.1144003,-77.5062899,02/02/2011,12:30 PM,PROPERTY DAMAGE AND INJURY,1.,0 ,1 ,COLLISION WITH MEDIAN/BARRIER,OTHER,NONE,DAYLIGHT,SNOW,SLUSH
6836 ,33760910,MONROE,Penfield,,,Y,43.1536667,-77.5061,02/01/2011,8:50 AM,PROPERTY DAMAGE AND INJURY,1.,0 ,2 ,COLLISION WITH MOTOR VEHICLE,REAR END,TRAFFIC SIGNAL,DAYLIGHT,SNOW,SNOW/ICE
6836 ,33760912,MONROE,Penfield,,,Y,43.135785,-77.514443,01/28/2011,3:19 AM,PROPERTY DAMAGE AND INJURY,1.,0 ,1 ,COLLISION WITH DEER,OTHER,NONE,DARK-ROAD LIGHTED,CLOUDY,DRY
6836 ,33760925,MONROE,Clarkson,,,N,43.2740391,-77.9661717,02/01/2011,3:30 AM,PROPERTY DAMAGE AND INJURY,1.,0 ,1 ,COLLISION WITH DEER,OTHER,NONE,DARK-ROAD UNLIGHTED,CLOUDY,DRY
6836 ,33760927,MONROE,Henrietta,,,Y,43.040072,-77.6971061,02/05/2011,5:36 PM,INJURY,1.,0 ,2 ,COLLISION WITH MOTOR VEHICLE,RIGHT ANGLE,TRAFFIC SIGNAL,DARK-ROAD LIGHTED,SNOW,SNOW/ICE
6836 ,33760931,MONROE,Clarkson,,,Y,43.235927,-77.925723,02/03/2011,8:45 AM,PROPERTY DAMAGE AND INJURY,4.,0 ,2 ,COLLISION WITH MOTOR VEHICLE,HEAD ON,NONE,DAYLIGHT,CLOUDY,SLUSH