QUERYID,CASE #,REGN_CNTY_CDE,Municipality,MUNITYPE,REF_MRKR,ATINTERSECTION_IND,Lat,Long,,Time,Crash Type,Injuries,Fatalities,Number of Vehicles,ACCD_TYP,COLLISION_TYP,TRAF_CNTL,Light Condition,Weather Condition,Road Surface Condition
6836 ,33760989,MONROE,Greece,,,N,43.2027835,-77.6976153,02/04/2011,6:42 PM,PROPERTY DAMAGE AND INJURY,1.,0 ,2 ,COLLISION WITH MOTOR VEHICLE,REAR END,NONE,DARK-ROAD LIGHTED,CLOUDY,DRY
6836 ,33760990,MONROE,Greece,,,N,43.1865026,-77.7015133,02/03/2011,3:26 PM,PROPERTY DAMAGE AND INJURY,1.,0 ,3 ,COLLISION WITH MOTOR VEHICLE,OTHER,TRAFFIC SIGNAL,DAYLIGHT,CLOUDY,WET
6836 ,33760999,MONROE,Greece,,,N,43.1874626,-77.701504,02/04/2011,2:40 PM,PROPERTY DAMAGE AND INJURY,3.,0 ,3 ,COLLISION WITH MOTOR VEHICLE,OTHER,NONE,DAYLIGHT,CLEAR,DRY
6836 ,33761002,MONROE,Greece,,,N,43.231073,-77.672338,02/04/2011,5:18 PM,PROPERTY DAMAGE AND INJURY,1.,0 ,3 ,COLLISION WITH MOTOR VEHICLE,OTHER,TRAFFIC SIGNAL,DAYLIGHT,CLOUDY,DRY
6836 ,33761045,MONROE,Irondequoit,,590 43013004,N,43.1726057,-77.5401667,02/02/2011,11:12 AM,INJURY,1.,0 ,1 ,COLLISION WITH SNOW EMBANKMENT,OTHER,NONE,DAYLIGHT,SNOW,SNOW/ICE
6836 ,33761291,MONROE,Rochester,,,Y,43.145301,-77.651002,02/06/2011,8:46 AM,INJURY,1.,0 ,2 ,COLLISION WITH MOTOR VEHICLE,RIGHT ANGLE,TRAFFIC SIGNAL,DAYLIGHT,CLEAR,WET
6836 ,33761292,MONROE,Rochester,,,N,43.1222982,-77.6186042,02/03/2011,6:24 PM,INJURY,1.,0 ,2 ,COLLISION WITH MOTOR VEHICLE,REAR END,NONE,DARK-ROAD LIGHTED,CLEAR,SNOW/ICE
6836 ,33761631,MONROE,Rochester,,31 43032053,N,43.1421396,-77.5861992,02/03/2011,4:15 PM,PROPERTY DAMAGE AND INJURY,1.,0 ,2 ,COLLISION WITH MOTOR VEHICLE,OVERTAKING,NONE,DAYLIGHT,CLEAR,DRY
6836 ,33761634,MONROE,Irondequoit,,104 43033001,N,43.1953717,-77.5836467,02/02/2011,6:31 AM,INJURY,1.,0 ,1 ,COLL. W/EARTH ELE./ROCK CUT/DITCH,OTHER,NONE,DARK-ROAD LIGHTED,SLEET/HAIL/FREEZING RAIN,SNOW/ICE
6836 ,33761643,MONROE,Irondequoit,,590 43013011,N,43.1823635,-77.5430518,02/06/2011,12:53 AM,PROPERTY DAMAGE AND INJURY,3.,0 ,2 ,COLLISION WITH MOTOR VEHICLE,OVERTAKING,NONE,DARK-ROAD LIGHTED,SNOW,SLUSH
6836 ,33761777,MONROE,Webster,,,Y,43.230408,-77.475951,02/05/2011,4:54 PM,PROPERTY DAMAGE AND INJURY,1.,0 ,2 ,COLLISION WITH MOTOR VEHICLE,RIGHT ANGLE,STOP SIGN,DAYLIGHT,SNOW,SNOW/ICE
6836 ,33761784,MONROE,Rochester,,,Y,43.203393,-77.5618341,02/04/2011,5:40 PM,PROPERTY DAMAGE AND INJURY,2.,0 ,2 ,COLLISION WITH MOTOR VEHICLE,RIGHT ANGLE,NO PASSING ZONE,DARK-ROAD LIGHTED,CLEAR,DRY
6836 ,33761790,MONROE,Brighton,,390I43031142,N,43.1085813,-77.6177423,02/05/2011,5:20 PM,INJURY,1.,0 ,2 ,COLLISION WITH MOTOR VEHICLE,OVERTAKING,NONE,DARK-ROAD LIGHTED,SNOW,SNOW/ICE
6836 ,33761820,MONROE,Greece,,,N,43.225715,-77.659056,02/03/2011,8:44 AM,INJURY,1.,0 ,2 ,COLLISION WITH MOTOR VEHICLE,OVERTAKING,NONE,DAYLIGHT,CLEAR,SLUSH
6836 ,33763133,MONROE,Rochester,,,Y,43.186184,-77.638879,01/31/2011,11:09 AM,PROPERTY DAMAGE AND INJURY,3.,0 ,2 ,COLLISION WITH MOTOR VEHICLE,RIGHT ANGLE,NONE,DAYLIGHT,CLEAR,DRY
6836 ,33763134,MONROE,Rochester,,,N,43.1724877,-77.5779493,01/29/2011,10:00 PM,INJURY,1.,0 ,1 ,COLLISION WITH PEDESTRIAN,OTHER,NONE,DARK-ROAD LIGHTED,CLEAR,SNOW/ICE
6836 ,33763135,MONROE,Rochester,,,Y,43.173925,-77.574877,01/31/2011,2:48 PM,PROPERTY DAMAGE AND INJURY,1.,0 ,2 ,COLLISION WITH MOTOR VEHICLE,RIGHT ANGLE,STOP SIGN,DAYLIGHT,CLEAR,DRY
6836 ,33763136,MONROE,Rochester,,,N,43.124634,-77.6175109,01/31/2011,10:17 AM,INJURY,1.,0 ,1 ,COLLISION WITH PEDESTRIAN,OTHER,TRAFFIC SIGNAL,DAYLIGHT,CLEAR,DRY
6836 ,33763140,MONROE,Rochester,,,N,43.1597693,-77.5665306,01/31/2011,9:04 AM,INJURY,1.,0 ,2 ,COLLISION WITH MOTOR VEHICLE,REAR END,TRAFFIC SIGNAL,DAYLIGHT,CLEAR,DRY
6836 ,33763142,MONROE,Rochester,,,Y,43.156599,-77.608896,01/30/2011,11:44 PM,INJURY,2.,0 ,1 ,COLLISION WITH OTHER FIXED OBJECT,OTHER,TRAFFIC SIGNAL,DARK-ROAD LIGHTED,CLOUDY,WET
6836 ,33763143,MONROE,Rochester,,,N,43.163683,-77.5826024,01/25/2011,2:45 PM,PROPERTY DAMAGE AND INJURY,2.,0 ,2 ,COLLISION WITH MOTOR VEHICLE,REAR END,TRAFFIC SIGNAL,DAYLIGHT,CLEAR,DRY
6836 ,33763144,MONROE,Rochester,,,N,43.234701,-77.5541179,01/29/2011,7:40 AM,PROPERTY DAMAGE AND INJURY,1.,0 ,1 ,COLLISION WITH GUIDE RAIL,OTHER,NONE,DAYLIGHT,CLOUDY,WET
6836 ,33763145,MONROE,Rochester,,15 43032006,N,43.1213247,-77.6190539,01/29/2011,8:17 AM,PROPERTY DAMAGE AND INJURY,1.,0 ,2 ,COLLISION WITH MOTOR VEHICLE,REAR END,NONE,DAYLIGHT,CLOUDY,WET
6836 ,33763146,MONROE,Rochester,,,N,43.1767614,-77.56258,01/29/2011,3:48 PM,INJURY,2.,0 ,2 ,COLLISION WITH MOTOR VEHICLE,UNKNOWN,NONE,DAYLIGHT,CLOUDY,SNOW/ICE
6836 ,33763148,MONROE,Rochester,,,Y,43.154475,-77.612006,01/27/2011,12:10 PM,PROPERTY DAMAGE AND INJURY,2.,0 ,2 ,COLLISION WITH MOTOR VEHICLE,LEFT TURN (AGAINST OTHER CAR),NONE,DAYLIGHT,CLOUDY,WET
6836 ,33763149,MONROE,Rochester,,,Y,43.171734,-77.6280679,01/29/2011,12:51 PM,PROPERTY DAMAGE AND INJURY,1.,0 ,2 ,COLLISION WITH MOTOR VEHICLE,RIGHT ANGLE,TRAFFIC SIGNAL,DAYLIGHT,SNOW,WET
6836 ,33763150,MONROE,Rochester,,,Y,43.124634,-77.6175109,01/27/2011,6:09 PM,INJURY,3.,0 ,2 ,COLLISION WITH MOTOR VEHICLE,LEFT TURN (AGAINST OTHER CAR),TRAFFIC SIGNAL,DARK-ROAD LIGHTED,SNOW,WET
6836 ,33763243,MONROE,Rochester,,,Y,43.149976,-77.6438629,12/22/2010,3:50 PM,PROPERTY DAMAGE AND INJURY,1.,0 ,1 ,COLLISION WITH BICYCLIST,OTHER,UNKNOWN,UNKNOWN,UNKNOWN,UNKNOWN
6836 ,33763300,MONROE,Rochester,,,N,43.1499922,-77.6400267,01/18/2011,2:43 PM,PROPERTY DAMAGE AND INJURY,3.,0 ,1 ,COLL. W/LIGHT SUPPORT/UTILITY POLE,OTHER,NONE,DAYLIGHT,CLOUDY,WET
6836 ,33763591,MONROE,Webster,,,N,43.2138778,-77.5231095,02/05/2011,2:29 PM,PROPERTY DAMAGE AND INJURY,1.,0 ,2 ,COLLISION WITH MOTOR VEHICLE,REAR END,NONE,DAYLIGHT,SNOW,SNOW/ICE
6836 ,33763618,MONROE,Greece,,,Y,43.238428,-77.6913159,02/02/2011,2:00 PM,INJURY,1.,0 ,2 ,COLLISION WITH MOTOR VEHICLE,RIGHT ANGLE,NONE,DAYLIGHT,SNOW,SNOW/ICE
6836 ,33764572,MONROE,Rush,,,Y,42.980251,-77.675749,01/06/2011,6:10 PM,PROPERTY DAMAGE AND INJURY,1.,0 ,1 ,COLLISION WITH DEER,OTHER,UNKNOWN,DARK-ROAD UNLIGHTED,CLOUDY,WET
6836 ,33765539,MONROE,Greece,,,Y,43.225985,-77.630539,02/05/2011,12:37 PM,PROPERTY DAMAGE AND INJURY,1.,0 ,1 ,COLLISION WITH SNOW EMBANKMENT,OTHER,NONE,DAYLIGHT,CLOUDY,DRY
6836 ,33765638,MONROE,Rochester,,,N,43.157224,-77.659553,02/08/2011,4:08 PM,INJURY,1.,0 ,1 ,COLLISION WITH SNOW EMBANKMENT,OTHER,NONE,DAYLIGHT,CLEAR,WET
6836 ,33765786,MONROE,Rochester,,,Y,43.159377,-77.654125,02/07/2011,6:15 AM,INJURY,1.,0 ,1 ,COLLISION WITH PEDESTRIAN,OTHER,TRAFFIC SIGNAL,DARK-ROAD LIGHTED,CLOUDY,WET
6836 ,33765789,MONROE,Greece,,,N,43.2902061,-77.7105129,02/06/2011,7:31 PM,PROPERTY DAMAGE AND INJURY,1.,0 ,5 ,COLLISION WITH MOTOR VEHICLE,OTHER,NONE,DARK-ROAD LIGHTED,SNOW,WET
6836 ,33765919,MONROE,Greece,,,N,43.3193104,-77.7239429,02/06/2011,7:43 PM,PROPERTY DAMAGE AND INJURY,1.,0 ,1 ,COLL. W/LIGHT SUPPORT/UTILITY POLE,OTHER,NONE,DARK-ROAD UNLIGHTED,SNOW,WET
6836 ,33766018,MONROE,Gates,,531 43011001,N,43.1568619,-77.7203397,02/07/2011,2:18 PM,PROPERTY DAMAGE AND INJURY,1.,0 ,2 ,COLLISION WITH MOTOR VEHICLE,OVERTAKING,NONE,DAYLIGHT,RAIN,WET
6836 ,33766109,MONROE,Pittsford,,,N,43.0983089,-77.5185187,02/05/2011,7:05 PM,PROPERTY DAMAGE AND INJURY,1.,0 ,2 ,COLLISION WITH MOTOR VEHICLE,HEAD ON,NONE,DARK-ROAD UNLIGHTED,SNOW,SNOW/ICE
6836 ,33766122,MONROE,Chili,,252 43011027,N,43.0890519,-77.7228132,02/06/2011,6:35 AM,PROPERTY DAMAGE AND INJURY,1.,0 ,1 ,COLL. W/LIGHT SUPPORT/UTILITY POLE,OTHER,NONE,DARK-ROAD UNLIGHTED,CLOUDY,SLUSH
6836 ,33766157,MONROE,Pittsford,,253 43011159,N,43.108231,-77.499828,02/02/2011,3:54 PM,PROPERTY DAMAGE AND INJURY,1.,0 ,2 ,COLLISION WITH MOTOR VEHICLE,RIGHT ANGLE,TRAFFIC SIGNAL,DAYLIGHT,SNOW,WET
6836 ,33766170,MONROE,Brockport,,19 43041055,N,43.2114364,-77.9397289,02/05/2011,1:16 AM,PROPERTY DAMAGE AND INJURY,3.,0 ,2 ,COLLISION WITH MOTOR VEHICLE,REAR END,NO PASSING ZONE,DARK-ROAD LIGHTED,CLEAR,SLUSH
6836 ,33766177,MONROE,Hamlin,,,N,43.309751,-77.9657754,02/04/2011,7:06 PM,PROPERTY DAMAGE AND INJURY,1.,0 ,1 ,OVERTURNED,OTHER,NONE,DARK-ROAD UNLIGHTED,CLOUDY,SNOW/ICE
6836 ,33766208,MONROE,Chili,,383 43011089,N,43.0489467,-77.725275,02/08/2011,10:41 AM,PROPERTY DAMAGE AND INJURY,1.,0 ,1 ,COLLISION WITH TREE,OTHER,NO PASSING ZONE,DAYLIGHT,CLOUDY,SNOW/ICE
6836 ,33766291,MONROE,Irondequoit,,,Y,43.2339497,-77.543853,02/07/2011,9:34 PM,PROPERTY DAMAGE AND INJURY,1.,0 ,2 ,COLLISION WITH MOTOR VEHICLE,SIDESWIPE,NONE,DARK-ROAD LIGHTED,SNOW,SNOW/ICE
6836 ,33766347,MONROE,Henrietta,,252 43011097,Y,43.087118,-77.601425,02/09/2011,6:13 PM,INJURY,1.,0 ,2 ,COLLISION WITH MOTOR VEHICLE,REAR END,NONE,DARK-ROAD LIGHTED,CLEAR,DRY
6836 ,33766524,MONROE,Irondequoit,,,N,43.199582,-77.5751662,02/09/2011,12:35 PM,PROPERTY DAMAGE AND INJURY,3.,0 ,3 ,COLLISION WITH MOTOR VEHICLE,OTHER,NONE,DAYLIGHT,CLEAR,WET
6836 ,33766565,MONROE,Greece,,,N,43.191282,-77.6830881,02/08/2011,9:48 AM,INJURY,1.,0 ,2 ,COLLISION WITH MOTOR VEHICLE,REAR END,TRAFFIC SIGNAL,DAYLIGHT,CLOUDY,WET
6836 ,33766606,MONROE,Gates,,390I43037003,N,43.139413,-77.66832,02/08/2011,6:21 AM,PROPERTY DAMAGE AND INJURY,1.,0 ,1 ,COLLISION WITH GUIDERAIL - END,OTHER,NONE,DARK-ROAD UNLIGHTED,SNOW,SNOW/ICE
6836 ,33766635,MONROE,Gates,,490I43021141,N,43.1282161,-77.7257893,02/07/2011,12:53 AM,PROPERTY DAMAGE AND INJURY,2.,0 ,1 ,OVERTURNED,OTHER,NONE,DARK-ROAD LIGHTED,CLOUDY,DRY
6836 ,33766679,MONROE,Perinton,,31F43011033,Y,43.102912,-77.432128,02/06/2011,5:42 PM,INJURY,1.,0 ,2 ,COLLISION WITH MOTOR VEHICLE,REAR END,YIELD SIGN,DARK-ROAD LIGHTED,CLOUDY,DRY
6836 ,33766786,MONROE,Gates,,531 43011015,N,43.1579658,-77.7299774,02/08/2011,8:35 PM,PROPERTY DAMAGE AND INJURY,1.,0 ,1 ,COLLISION WITH TREE,OTHER,NONE,DARK-ROAD UNLIGHTED,CLOUDY,WET
6836 ,33766900,MONROE,Rochester,,,Y,43.192995,-77.561265,02/07/2011,1:05 PM,PROPERTY DAMAGE AND INJURY,1.,0 ,2 ,COLLISION WITH MOTOR VEHICLE,LEFT TURN (AGAINST OTHER CAR),NONE,DAYLIGHT,CLOUDY,WET
6836 ,33767121,MONROE,Rochester,,,Y,43.150332,-77.626787,02/09/2011,5:21 PM,INJURY,1.,0 ,2 ,COLLISION WITH MOTOR VEHICLE,REAR END,STOP SIGN,DUSK,CLEAR,SNOW/ICE
6836 ,33767388,MONROE,Rochester,,104 43032034,N,43.1923754,-77.5970324,02/09/2011,5:05 PM,PROPERTY DAMAGE AND INJURY,1.,0 ,2 ,COLLISION WITH OTHER,HEAD ON,NONE,DAYLIGHT,CLEAR,DRY
6836 ,33767539,MONROE,Henrietta,,15 43031099,N,43.0739383,-77.6438821,02/10/2011,4:17 PM,PROPERTY DAMAGE AND INJURY,1.,0 ,2 ,COLLISION WITH MOTOR VEHICLE,REAR END,NONE,DAYLIGHT,CLEAR,DRY
6836 ,33767545,MONROE,Webster,,104 43035071,Y,43.203997,-77.48595,02/09/2011,12:00 PM,PROPERTY DAMAGE AND INJURY,2.,0 ,2 ,COLLISION WITH MOTOR VEHICLE,RIGHT ANGLE,STOP SIGN,DAYLIGHT,CLEAR,DRY
6836 ,33767547,MONROE,Clarkson,,104 43031062,N,43.2252392,-77.8814755,02/04/2011,4:48 AM,PROPERTY DAMAGE AND INJURY,1.,0 ,1 ,COLLISION WITH GUIDE RAIL,OTHER,NONE,DARK-ROAD UNLIGHTED,CLOUDY,SNOW/ICE
6836 ,33767552,MONROE,Webster,,,N,43.2483097,-77.4907082,02/06/2011,10:58 AM,PROPERTY DAMAGE AND INJURY,3.,0 ,2 ,COLLISION WITH MOTOR VEHICLE,SIDESWIPE,NONE,DAYLIGHT,CLOUDY,WET
6836 ,33767556,MONROE,Gates,,31 43031170,N,43.1712135,-77.7092411,02/06/2011,6:19 PM,PROPERTY DAMAGE AND INJURY,1.,0 ,2 ,COLLISION WITH MOTOR VEHICLE,REAR END,NONE,DARK-ROAD LIGHTED,SNOW,WET
6836 ,33767565,MONROE,Clarkson,,260 43011044,N,43.2592976,-77.8779092,02/08/2011,1:58 PM,INJURY,2.,0 ,2 ,COLLISION WITH MOTOR VEHICLE,HEAD ON,NONE,DAYLIGHT,CLOUDY,SNOW/ICE
6836 ,33767570,MONROE,Gates,,531 43011015,N,43.1579658,-77.7299774,02/08/2011,8:30 PM,INJURY,1.,0 ,2 ,COLLISION WITH MOTOR VEHICLE,REAR END,NONE,DARK-ROAD UNLIGHTED,CLOUDY,WET
6836 ,33767576,MONROE,Penfield,,286 43011017,N,43.1536565,-77.5082729,02/09/2011,2:27 PM,PROPERTY DAMAGE AND INJURY,1.,0 ,2 ,COLLISION WITH MOTOR VEHICLE,REAR END,NONE,DAYLIGHT,CLEAR,DRY
6836 ,33767579,MONROE,Ogden,,31 43031086,N,43.1886057,-77.870363,02/10/2011,7:41 AM,PROPERTY DAMAGE AND INJURY,1.,0 ,2 ,COLLISION WITH MOTOR VEHICLE,REAR END,NONE,DAYLIGHT,CLEAR,DRY
6836 ,33767588,MONROE,Penfield,,,N,43.1279866,-77.4176586,02/08/2011,1:03 PM,PROPERTY DAMAGE AND INJURY,1.,0 ,1 ,COLL. W/LIGHT SUPPORT/UTILITY POLE,OTHER,NO PASSING ZONE,DAYLIGHT,CLOUDY,SNOW/ICE
6836 ,33767596,MONROE,Gates,,386 43011114,N,43.1643299,-77.7324207,02/06/2011,7:18 PM,PROPERTY DAMAGE AND INJURY,1.,0 ,2 ,COLLISION WITH MOTOR VEHICLE,RIGHT TURN (WITH OTHER CAR),NONE,DARK-ROAD LIGHTED,CLOUDY,WET
6836 ,33767606,MONROE,Gates,,,N,43.1310232,-77.7090295,02/04/2011,4:29 PM,PROPERTY DAMAGE AND INJURY,1.,0 ,1 ,COLL. W/LIGHT SUPPORT/UTILITY POLE,OTHER,NONE,DAYLIGHT,CLEAR,DRY
6836 ,33767688,MONROE,Irondequoit,,941B43011003,N,43.1765942,-77.5509417,02/09/2011,7:45 PM,PROPERTY DAMAGE AND INJURY,1.,0 ,2 ,COLLISION WITH MOTOR VEHICLE,REAR END,TRAFFIC SIGNAL,DARK-ROAD LIGHTED,CLEAR,DRY
6836 ,33767756,MONROE,Greece,,,Y,43.251622,-77.72421,02/10/2011,10:09 AM,PROPERTY DAMAGE AND INJURY,1.,0 ,2 ,COLLISION WITH MOTOR VEHICLE,RIGHT ANGLE,STOP SIGN,DAYLIGHT,CLEAR,SNOW/ICE
6836 ,33767804,MONROE,Rochester,,,Y,43.14882,-77.618746,02/11/2011,2:55 PM,PROPERTY DAMAGE AND INJURY,1.,0 ,2 ,COLLISION WITH MOTOR VEHICLE,RIGHT ANGLE,STOP SIGN,DAYLIGHT,CLEAR,DRY
6836 ,33768454,MONROE,Rochester,,,Y,43.173858,-77.657415,01/24/2011,8:56 PM,INJURY,2.,0 ,1 ,COLLISION WITH CURBING,OTHER,NONE,DARK-ROAD LIGHTED,CLEAR,SNOW/ICE
6836 ,33768459,MONROE,Greece,,104 43031141,Y,43.2136184,-77.7278213,01/12/2011,12:44 PM,INJURY,1.,0 ,2 ,COLLISION WITH MOTOR VEHICLE,REAR END,NONE,DAYLIGHT,SNOW,SNOW/ICE
6836 ,33768596,MONROE,Rochester,,,N,43.1380914,-77.5788097,01/14/2011,2:36 AM,PROPERTY DAMAGE AND INJURY,1.,0 ,1 ,COLLISION WITH TREE,OTHER,NONE,DARK-ROAD LIGHTED,SNOW,WET
6836 ,33768597,MONROE,Rochester,,,Y,43.114742,-77.614932,01/24/2011,9:48 AM,PROPERTY DAMAGE AND INJURY,5.,0 ,3 ,COLLISION WITH MOTOR VEHICLE,OTHER,NONE,DAYLIGHT,CLOUDY,WET
6836 ,33768736,MONROE,Rochester,,,Y,43.161394,-77.577889,01/22/2011,9:15 PM,PROPERTY DAMAGE AND INJURY,1.,0 ,2 ,COLLISION WITH MOTOR VEHICLE,RIGHT ANGLE,STOP SIGN,DARK-ROAD LIGHTED,SNOW,SLUSH
6836 ,33768737,MONROE,Rochester,,,Y,43.185487,-77.623755,01/21/2011,10:06 AM,PROPERTY DAMAGE AND INJURY,1.,0 ,2 ,COLLISION WITH MOTOR VEHICLE,RIGHT ANGLE,STOP SIGN,DAYLIGHT,CLOUDY,SNOW/ICE
6836 ,33768738,MONROE,Rochester,,,Y,43.193835,-77.629001,01/23/2011,1:00 PM,PROPERTY DAMAGE AND INJURY,1.,0 ,2 ,COLLISION WITH MOTOR VEHICLE,RIGHT ANGLE,TRAFFIC SIGNAL,DAYLIGHT,CLOUDY,SLUSH
6836 ,33768743,MONROE,Rochester,,,Y,43.145834,-77.626081,01/20/2011,4:30 PM,INJURY,1.,0 ,1 ,COLLISION WITH PEDESTRIAN,OTHER,NONE,DAYLIGHT,CLEAR,WET
6836 ,33768744,MONROE,Rochester,,,N,43.1811165,-77.625467,01/24/2011,10:00 AM,PROPERTY DAMAGE AND INJURY,1.,0 ,2 ,COLLISION WITH MOTOR VEHICLE,REAR END,TRAFFIC SIGNAL,DAYLIGHT,CLEAR,WET
6836 ,33768782,MONROE,Rochester,,,N,43.1416171,-77.6619192,12/23/2010,6:58 PM,INJURY,1.,0 ,2 ,COLLISION WITH MOTOR VEHICLE,REAR END,NONE,DARK-ROAD LIGHTED,CLEAR,DRY
6836 ,33769243,MONROE,Greece,,,N,43.2529599,-77.6475406,01/14/2011,5:32 PM,PROPERTY DAMAGE AND INJURY,1.,0 ,2 ,COLLISION WITH MOTOR VEHICLE,RIGHT ANGLE,NONE,DARK-ROAD LIGHTED,CLOUDY,WET
6836 ,33769246,MONROE,Greece,,,N,43.2483054,-77.6965134,01/21/2011,1:20 PM,PROPERTY DAMAGE AND INJURY,1.,0 ,2 ,COLLISION WITH MOTOR VEHICLE,SIDESWIPE,TRAFFIC SIGNAL,DAYLIGHT,SNOW,SNOW/ICE
6836 ,33769370,MONROE,Rochester,,,Y,43.146246,-77.558574,01/11/2011,3:05 PM,INJURY,1.,0 ,2 ,COLLISION WITH MOTOR VEHICLE,REAR END,NONE,DAYLIGHT,CLEAR,WET
6836 ,33769382,MONROE,Rochester,,,Y,43.169423,-77.626842,01/10/2011,6:10 PM,INJURY,1.,0 ,2 ,COLLISION WITH MOTOR VEHICLE,REAR END,NONE,DARK-ROAD LIGHTED,CLEAR,WET
6836 ,33769383,MONROE,Rochester,,,N,43.1491853,-77.6317411,01/11/2011,11:40 AM,INJURY,2.,0 ,2 ,COLLISION WITH MOTOR VEHICLE,UNKNOWN,NONE,DAYLIGHT,CLOUDY,DRY
6836 ,33769386,MONROE,Rochester,,,N,43.1778813,-77.6127076,01/07/2011,1:45 AM,INJURY,1.,0 ,1 ,COLLISION WITH OTHER,OTHER,NONE,DARK-ROAD LIGHTED,CLOUDY,SNOW/ICE
6836 ,33769639,MONROE,Rochester,,,N,43.1787055,-77.6482137,01/17/2011,12:07 PM,PROPERTY DAMAGE AND INJURY,2.,0 ,2 ,COLLISION WITH MOTOR VEHICLE,REAR END,NONE,DAYLIGHT,CLEAR,SLUSH
6836 ,33769982,MONROE,Brighton,,31 43033008,N,43.1266123,-77.5647858,02/09/2011,3:04 PM,PROPERTY DAMAGE AND INJURY,2.,0 ,1 ,COLLISION WITH BUILDING/WALL,OTHER,NONE,DAYLIGHT,CLEAR,DRY
6836 ,33770089,MONROE,Pittsford,,64 43021069,Y,43.085096,-77.519065,02/06/2011,1:32 PM,INJURY,1.,0 ,2 ,COLLISION WITH MOTOR VEHICLE,REAR END,NONE,DAYLIGHT,CLOUDY,WET
6836 ,33770148,MONROE,Rochester,,,N,43.1560168,-77.6111668,01/10/2011,2:22 PM,INJURY,1.,0 ,2 ,COLLISION WITH MOTOR VEHICLE,OVERTAKING,NONE,DAYLIGHT,CLOUDY,UNKNOWN
6836 ,33770287,MONROE,Rochester,,,N,43.1518533,-77.6293097,01/18/2011,6:16 PM,INJURY,5.,0 ,2 ,COLLISION WITH MOTOR VEHICLE,SIDESWIPE,OTHER,DARK-ROAD LIGHTED,RAIN,WET
6836 ,33770295,MONROE,Rochester,,,Y,43.241724,-77.625507,01/13/2011,6:30 PM,INJURY,1.,0 ,1 ,COLLISION WITH PEDESTRIAN,OTHER,STOP SIGN,DAYLIGHT,SNOW,SNOW/ICE
6836 ,33770296,MONROE,Rochester,,,Y,43.142216,-77.636025,01/09/2011,1:45 PM,INJURY,1.,0 ,2 ,COLLISION WITH MOTOR VEHICLE,UNKNOWN,TRAFFIC SIGNAL,DAYLIGHT,CLEAR,SNOW/ICE
6836 ,33770302,MONROE,Rochester,,,N,43.1168267,-77.6309916,01/19/2011,7:53 AM,INJURY,1.,0 ,1 ,COLLISION WITH FIRE HYDRANT,OTHER,NONE,DAYLIGHT,CLOUDY,SNOW/ICE
6836 ,33770304,MONROE,Rochester,,,N,43.1813744,-77.6388338,01/19/2011,12:40 PM,PROPERTY DAMAGE AND INJURY,1.,0 ,2 ,COLLISION WITH MOTOR VEHICLE,REAR END,NONE,DAYLIGHT,CLOUDY,WET
6836 ,33770305,MONROE,Rochester,,,N,43.1927344,-77.6398103,01/19/2011,2:19 PM,PROPERTY DAMAGE AND INJURY,2.,0 ,2 ,COLLISION WITH MOTOR VEHICLE,REAR END,NONE,DAYLIGHT,SNOW,SNOW/ICE
6836 ,33770306,MONROE,Rochester,,,N,43.1581547,-77.5924064,01/19/2011,8:15 AM,PROPERTY DAMAGE AND INJURY,1.,0 ,2 ,COLLISION WITH MOTOR VEHICLE,UNKNOWN,NONE,DAYLIGHT,CLOUDY,WET
6836 ,33770437,MONROE,Rochester,,,Y,43.141385,-77.6625981,01/07/2011,4:35 PM,PROPERTY DAMAGE AND INJURY,2.,0 ,2 ,COLLISION WITH MOTOR VEHICLE,REAR END,NONE,DARK-ROAD LIGHTED,CLEAR,DRY
6836 ,33770438,MONROE,Rochester,,,N,43.2461577,-77.6172532,01/06/2011,8:11 AM,INJURY,2.,0 ,1 ,COLLISION WITH PEDESTRIAN,OTHER,TRAFFIC SIGNAL,DAYLIGHT,CLEAR,DRY
6836 ,33770439,MONROE,Rochester,,,N,43.146132,-77.5838957,01/08/2011,8:15 AM,INJURY,1.,0 ,1 ,COLLISION WITH TREE,OTHER,NONE,DAYLIGHT,CLEAR,SNOW/ICE
6836 ,33770441,MONROE,Rochester,,,Y,43.176297,-77.56032,01/09/2011,4:11 AM,INJURY,1.,0 ,1 ,COLL. W/LIGHT SUPPORT/UTILITY POLE,OTHER,NONE,DARK-ROAD LIGHTED,SNOW,SNOW/ICE
6836 ,33770444,MONROE,Rochester,,,Y,43.174408,-77.623105,01/08/2011,3:28 PM,PROPERTY DAMAGE AND INJURY,1.,0 ,2 ,COLLISION WITH MOTOR VEHICLE,RIGHT ANGLE,STOP SIGN,DAYLIGHT,SNOW,SNOW/ICE
6836 ,33770445,MONROE,Rochester,,,Y,43.14944,-77.553106,01/03/2011,7:10 AM,INJURY,1.,0 ,1 ,COLLISION WITH PEDESTRIAN,OTHER,NONE,DAWN,CLEAR,WET
6836 ,33770466,MONROE,Rochester,,,Y,43.162933,-77.602072,01/18/2011,11:55 AM,PROPERTY DAMAGE AND INJURY,1.,0 ,2 ,COLLISION WITH MOTOR VEHICLE,UNKNOWN,TRAFFIC SIGNAL,DAYLIGHT,CLEAR,WET
6836 ,33770471,MONROE,Rochester,,,N,43.1844298,-77.6409457,01/15/2011,10:00 AM,INJURY,1.,0 ,1 ,COLLISION WITH PEDESTRIAN,OTHER,NONE,DAYLIGHT,SNOW,SNOW/ICE
6836 ,33770477,MONROE,Rochester,,,Y,43.151567,-77.570601,01/13/2011,12:38 PM,PROPERTY DAMAGE AND INJURY,1.,0 ,2 ,COLLISION WITH MOTOR VEHICLE,RIGHT ANGLE,NONE,DAYLIGHT,CLEAR,SLUSH
6836 ,33770482,MONROE,Rochester,,,N,43.129809,-77.6147427,01/11/2011,10:43 PM,PROPERTY DAMAGE AND INJURY,2.,0 ,2 ,COLLISION WITH MOTOR VEHICLE,UNKNOWN,NONE,DARK-ROAD LIGHTED,SNOW,SNOW/ICE