QUERYID,CASE #,REGN_CNTY_CDE,Municipality,MUNITYPE,REF_MRKR,ATINTERSECTION_IND,Lat,Long,,Time,Crash Type,Injuries,Fatalities,Number of Vehicles,ACCD_TYP,COLLISION_TYP,TRAF_CNTL,Light Condition,Weather Condition,Road Surface Condition
6836 ,33770485,MONROE,Rochester,,,Y,43.146064,-77.6054879,01/15/2011,2:12 PM,INJURY,1.,0 ,2 ,COLLISION WITH MOTOR VEHICLE,REAR END,TRAFFIC SIGNAL,DAYLIGHT,SNOW,WET
6836 ,33770486,MONROE,Rochester,,,Y,43.185287,-77.638884,01/14/2011,12:51 PM,INJURY,1.,0 ,2 ,COLLISION WITH MOTOR VEHICLE,REAR END,NONE,DAYLIGHT,CLEAR,WET
6836 ,33770487,MONROE,Rochester,,,Y,43.15737,-77.632314,01/16/2011,1:25 PM,INJURY,1.,0 ,2 ,COLLISION WITH MOTOR VEHICLE,RIGHT ANGLE,STOP SIGN,DAYLIGHT,CLEAR,DRY
6836 ,33770488,MONROE,Rochester,,,N,43.1553484,-77.5678264,01/11/2011,8:24 PM,INJURY,1.,0 ,2 ,COLLISION WITH MOTOR VEHICLE,UNKNOWN,NONE,DARK-ROAD LIGHTED,SNOW,SNOW/ICE
6836 ,33770489,MONROE,Rochester,,,N,43.1574981,-77.54872,01/07/2011,3:18 PM,PROPERTY DAMAGE AND INJURY,1.,0 ,2 ,COLLISION WITH MOTOR VEHICLE,UNKNOWN,NONE,DARK-ROAD LIGHTED,CLOUDY,WET
6836 ,33770498,MONROE,Rochester,,,Y,43.149875,-77.586273,01/20/2011,12:38 PM,PROPERTY DAMAGE AND INJURY,1.,0 ,2 ,COLLISION WITH MOTOR VEHICLE,REAR END,TRAFFIC SIGNAL,DAYLIGHT,CLOUDY,SNOW/ICE
6836 ,33770500,MONROE,Rochester,,,Y,43.139361,-77.636009,01/20/2011,10:46 AM,PROPERTY DAMAGE AND INJURY,1.,0 ,2 ,COLLISION WITH MOTOR VEHICLE,REAR END,NONE,DAYLIGHT,CLEAR,WET
6836 ,33770548,MONROE,Rochester,,,Y,43.1335412,-77.6453578,01/13/2011,9:58 AM,PROPERTY DAMAGE AND INJURY,1.,0 ,2 ,COLLISION WITH MOTOR VEHICLE,SIDESWIPE,NONE,DAYLIGHT,SNOW,SNOW/ICE
6836 ,33770555,MONROE,Rochester,,,Y,43.139879,-77.626033,01/12/2011,9:12 AM,PROPERTY DAMAGE AND INJURY,2.,0 ,2 ,COLLISION WITH MOTOR VEHICLE,REAR END,UNKNOWN,DAYLIGHT,SNOW,SNOW/ICE
6836 ,33770614,MONROE,Rochester,,,Y,43.165937,-77.590807,01/25/2011,11:55 AM,PROPERTY DAMAGE AND INJURY,1.,0 ,2 ,COLLISION WITH MOTOR VEHICLE,RIGHT ANGLE,TRAFFIC SIGNAL,DAYLIGHT,CLEAR,WET
6836 ,33770623,MONROE,Rochester,,,Y,43.146801,-77.5941409,01/22/2011,1:58 AM,PROPERTY DAMAGE AND INJURY,1.,0 ,2 ,COLLISION WITH MOTOR VEHICLE,REAR END,NONE,DARK-ROAD LIGHTED,CLOUDY,WET
6836 ,33770631,MONROE,Rochester,,,Y,43.142223,-77.6458689,01/26/2011,2:40 PM,INJURY,1.,0 ,2 ,COLLISION WITH MOTOR VEHICLE,UNKNOWN,STOP SIGN,DAYLIGHT,SNOW,WET
6836 ,33770633,MONROE,Rochester,,15 43032006,N,43.121583,-77.618928,01/25/2011,5:10 PM,INJURY,2.,0 ,2 ,COLLISION WITH MOTOR VEHICLE,OVERTAKING,TRAFFIC SIGNAL,DARK-ROAD LIGHTED,SNOW,WET
6836 ,33770740,MONROE,Brighton,,390I43031133,N,43.1099319,-77.6066176,01/02/2011,4:56 PM,PROPERTY DAMAGE AND INJURY,1.,0 ,2 ,COLLISION WITH MOTOR VEHICLE,RIGHT ANGLE,NONE,DARK-ROAD LIGHTED,CLOUDY,SNOW/ICE
6836 ,33771284,MONROE,Henrietta,,252 43011038,Y,43.087138,-77.629696,02/05/2011,9:00 PM,PROPERTY DAMAGE AND INJURY,2.,0 ,2 ,COLLISION WITH MOTOR VEHICLE,REAR END,TRAFFIC SIGNAL,DARK-ROAD LIGHTED,UNKNOWN,UNKNOWN
6836 ,33771290,MONROE,Henrietta,,15 43031083,N,43.0519353,-77.6556988,02/08/2011,7:39 AM,PROPERTY DAMAGE AND INJURY,1.,0 ,2 ,COLLISION WITH MOTOR VEHICLE,RIGHT ANGLE,NONE,DAWN,SNOW,SNOW/ICE
6836 ,33771293,MONROE,Wheatland,,,N,43.0234065,-77.7968069,02/09/2011,9:38 PM,PROPERTY DAMAGE AND INJURY,2.,0 ,1 ,COLLISION WITH SNOW EMBANKMENT,OTHER,NONE,DARK-ROAD UNLIGHTED,CLEAR,SNOW/ICE
6836 ,33771299,MONROE,Gates,,,N,43.147153,-77.6909938,02/10/2011,5:09 PM,PROPERTY DAMAGE AND INJURY,2.,0 ,3 ,COLLISION WITH MOTOR VEHICLE,OTHER,NONE,DAYLIGHT,CLEAR,DRY
6836 ,33771300,MONROE,Gates,,31 43031183,Y,43.164699,-77.686624,02/10/2011,4:04 PM,PROPERTY DAMAGE AND INJURY,2.,0 ,2 ,COLLISION WITH MOTOR VEHICLE,LEFT TURN (WITH OTHER CAR),STOP SIGN,DAYLIGHT,CLEAR,DRY
6836 ,33771312,MONROE,Webster,,,Y,43.213005,-77.491835,02/07/2011,6:48 PM,INJURY,1.,0 ,2 ,COLLISION WITH MOTOR VEHICLE,REAR END,STOP SIGN,DARK-ROAD UNLIGHTED,SLEET/HAIL/FREEZING RAIN,SNOW/ICE
6836 ,33771945,MONROE,Greece,,390 43011043,N,43.2178466,-77.6746311,02/11/2011,7:25 AM,PROPERTY DAMAGE AND INJURY,1.,0 ,2 ,COLLISION WITH MOTOR VEHICLE,REAR END,TRAFFIC SIGNAL,DAYLIGHT,CLOUDY,DRY
6836 ,33771946,MONROE,Henrietta,,,N,43.087262,-77.6090619,02/11/2011,6:36 PM,INJURY,3.,0 ,2 ,COLLISION WITH MOTOR VEHICLE,REAR END,NONE,DARK-ROAD LIGHTED,CLEAR,DRY
6836 ,33771948,MONROE,Rush,,15 43031047,Y,43.003023,-77.666489,02/05/2011,12:39 PM,PROPERTY DAMAGE AND INJURY,2.,0 ,2 ,COLLISION WITH MOTOR VEHICLE,RIGHT ANGLE,TRAFFIC SIGNAL,DAYLIGHT,SNOW,WET
6836 ,33771957,MONROE,Brighton,,15 43031114,Y,43.094993,-77.63258,02/12/2011,2:42 PM,PROPERTY DAMAGE AND INJURY,1.,0 ,2 ,COLLISION WITH MOTOR VEHICLE,LEFT TURN (WITH OTHER CAR),NONE,DAYLIGHT,CLOUDY,WET
6836 ,33772335,MONROE,Rochester,,,N,43.1583329,-77.6164133,02/11/2011,4:40 PM,PROPERTY DAMAGE AND INJURY,3.,0 ,2 ,COLLISION WITH MOTOR VEHICLE,OVERTAKING,NONE,DAYLIGHT,CLOUDY,DRY
6836 ,33772365,MONROE,Greece,,390 43011048,N,43.226222,-77.6740968,02/12/2011,3:17 PM,PROPERTY DAMAGE AND INJURY,2.,0 ,1 ,COLLISION WITH GUIDE RAIL,OTHER,NONE,DAYLIGHT,CLOUDY,WET
6836 ,33772515,MONROE,Sweden,,260 43011006,N,43.2060676,-77.896726,02/05/2011,3:25 PM,PROPERTY DAMAGE AND INJURY,3.,0 ,2 ,COLLISION WITH MOTOR VEHICLE,RIGHT ANGLE,NONE,DAYLIGHT,SNOW,SLUSH
6836 ,33772519,MONROE,Brighton,,15 43031114,Y,43.094993,-77.63258,02/13/2011,2:10 PM,PROPERTY DAMAGE AND INJURY,1.,0 ,2 ,COLLISION WITH MOTOR VEHICLE,LEFT TURN (AGAINST OTHER CAR),NONE,DAYLIGHT,CLOUDY,WET
6836 ,33772521,MONROE,Brighton,,390 43011056,N,43.1078976,-77.61408,01/28/2011,8:12 AM,PROPERTY DAMAGE AND INJURY,1.,0 ,3 ,COLLISION WITH MOTOR VEHICLE,OTHER,NONE,DAYLIGHT,SNOW,WET
6836 ,33772536,MONROE,Brighton,,31 43033003,N,43.1317569,-77.5705041,02/13/2011,7:31 PM,PROPERTY DAMAGE AND INJURY,1.,0 ,1 ,COLL. W/LIGHT SUPPORT/UTILITY POLE,OTHER,NONE,DARK-ROAD LIGHTED,CLOUDY,WET
6836 ,33772538,MONROE,Ogden,,531 43012058,N,43.1609919,-77.7582962,02/11/2011,1:10 PM,PROPERTY DAMAGE AND INJURY,1.,0 ,1 ,OVERTURNED,OTHER,NONE,DAYLIGHT,CLEAR,DRY
6836 ,33772841,MONROE,Greece,,,N,43.2047161,-77.6641271,02/11/2011,6:39 PM,PROPERTY DAMAGE AND INJURY,1.,0 ,3 ,COLLISION WITH MOTOR VEHICLE,OTHER,TRAFFIC SIGNAL,DARK-ROAD LIGHTED,CLOUDY,DRY
6836 ,33772846,MONROE,Greece,,,Y,43.212214,-77.7181801,02/10/2011,5:49 PM,INJURY,1.,0 ,2 ,COLLISION WITH MOTOR VEHICLE,REAR END,TRAFFIC SIGNAL,DARK-ROAD LIGHTED,CLOUDY,DRY
6836 ,33772914,MONROE,Rochester,,,Y,43.149976,-77.6438629,02/14/2011,4:14 PM,PROPERTY DAMAGE AND INJURY,1.,0 ,2 ,COLLISION WITH MOTOR VEHICLE,RIGHT ANGLE,TRAFFIC SIGNAL,DAYLIGHT,CLEAR,DRY
6836 ,33773223,MONROE,Rush,,390I43031010,N,42.9532187,-77.6972212,02/12/2011,8:00 AM,INJURY,1.,0 ,1 ,COLLISION WITH SNOW EMBANKMENT,OTHER,NONE,DAYLIGHT,SNOW,SNOW/ICE
6836 ,33773345,MONROE,Chili,,251 43011017,N,43.1249769,-77.745632,02/11/2011,5:26 PM,INJURY,1.,0 ,2 ,COLLISION WITH MOTOR VEHICLE,REAR END,NONE,DAYLIGHT,CLOUDY,WET
6836 ,33773351,MONROE,Gates,,,Y,43.167587,-77.697351,02/11/2011,6:30 PM,PROPERTY DAMAGE AND INJURY,1.,0 ,3 ,COLLISION WITH MOTOR VEHICLE,OTHER,NONE,DARK-ROAD LIGHTED,CLOUDY,DRY
6836 ,33773374,MONROE,Ogden,,531 43012000,Y,43.186507,-77.8542729,02/10/2011,7:47 AM,PROPERTY DAMAGE AND INJURY,1.,0 ,3 ,COLLISION WITH MOTOR VEHICLE,OTHER,TRAFFIC SIGNAL,DAYLIGHT,CLEAR,DRY
6836 ,33773375,MONROE,Penfield,,,Y,43.140573,-77.4942401,02/11/2011,5:39 PM,PROPERTY DAMAGE AND INJURY,1.,0 ,2 ,COLLISION WITH MOTOR VEHICLE,RIGHT ANGLE,STOP SIGN,DUSK,CLEAR,DRY
6836 ,33773383,MONROE,Perinton,,31 43033120,N,43.0643062,-77.3737124,02/04/2011,3:26 PM,PROPERTY DAMAGE AND INJURY,1.,0 ,1 ,COLLISION WITH SNOW EMBANKMENT,OTHER,NONE,DAYLIGHT,CLEAR,SNOW/ICE
6836 ,33773384,MONROE,Perinton,,31 43033062,N,43.078814,-77.485447,02/11/2011,6:50 PM,PROPERTY DAMAGE AND INJURY,2.,0 ,2 ,COLLISION WITH MOTOR VEHICLE,RIGHT ANGLE,NONE,DARK-ROAD LIGHTED,CLOUDY,DRY
6836 ,33774536,MONROE,Henrietta,,15A43041113,N,43.0875253,-77.6093541,02/15/2011,4:17 PM,PROPERTY DAMAGE AND INJURY,1.,0 ,2 ,COLLISION WITH MOTOR VEHICLE,RIGHT ANGLE,TRAFFIC SIGNAL,DAYLIGHT,CLEAR,DRY
6836 ,33774546,MONROE,Brockport,,,N,43.2148687,-77.9250967,02/09/2011,7:17 AM,PROPERTY DAMAGE AND INJURY,2.,0 ,1 ,COLL. W/LIGHT SUPPORT/UTILITY POLE,OTHER,NONE,DAYLIGHT,CLOUDY,SLUSH
6836 ,33774559,MONROE,Pittsford,,,N,43.0482778,-77.5379172,02/14/2011,4:46 PM,PROPERTY DAMAGE AND INJURY,1.,0 ,2 ,COLLISION WITH MOTOR VEHICLE,REAR END,NONE,DAYLIGHT,CLOUDY,DRY
6836 ,33774695,MONROE,Rochester,,,Y,43.175237,-77.602715,01/28/2011,9:27 PM,INJURY,1.,0 ,1 ,COLLISION WITH PEDESTRIAN,OTHER,NONE,DARK-ROAD LIGHTED,CLOUDY,WET
6836 ,33774704,MONROE,Perinton,,31F43011021,N,43.1023515,-77.479086,02/07/2011,3:00 AM,PROPERTY DAMAGE AND INJURY,1.,0 ,1 ,COLL. W/LIGHT SUPPORT/UTILITY POLE,OTHER,NONE,DARK-ROAD LIGHTED,SNOW,SNOW/ICE
6836 ,33774790,MONROE,Sweden,,260 43011009,N,43.2110161,-77.8950603,02/11/2011,4:05 PM,PROPERTY DAMAGE AND INJURY,1.,0 ,2 ,COLLISION WITH MOTOR VEHICLE,REAR END,STOP SIGN,DAYLIGHT,CLEAR,DRY
6836 ,33774945,MONROE,Penfield,,,N,43.1231258,-77.4323066,01/17/2011,12:27 AM,PROPERTY DAMAGE AND INJURY,1.,0 ,1 ,COLL. W/LIGHT SUPPORT/UTILITY POLE,OTHER,NONE,DARK-ROAD UNLIGHTED,SNOW,SNOW/ICE
6836 ,33775101,MONROE,Henrietta,,,N,43.0941015,-77.6312083,02/16/2011,8:04 PM,INJURY,2.,0 ,2 ,COLLISION WITH MOTOR VEHICLE,RIGHT ANGLE,NONE,DARK-ROAD UNLIGHTED,CLOUDY,WET
6836 ,33775113,MONROE,Rochester,,,Y,43.190244,-77.5955529,01/28/2011,3:22 PM,INJURY,1.,0 ,2 ,COLLISION WITH MOTOR VEHICLE,RIGHT ANGLE,STOP SIGN,DAYLIGHT,SNOW,WET
6836 ,33775143,MONROE,Pittsford,,,N,43.1177932,-77.5076141,02/11/2011,2:30 AM,INJURY,1.,0 ,1 ,OVERTURNED,OTHER,NONE,DARK-ROAD UNLIGHTED,CLOUDY,DRY
6836 ,33775183,MONROE,Hilton,,259 43011142,N,43.294614,-77.7933071,02/09/2011,7:20 PM,PROPERTY DAMAGE AND INJURY,1.,0 ,2 ,COLLISION WITH MOTOR VEHICLE,RIGHT ANGLE,STOP SIGN,DARK-ROAD LIGHTED,CLEAR,SLUSH
6836 ,33775240,MONROE,Webster,,,N,43.2139988,-77.4302642,02/13/2011,3:04 PM,INJURY,1.,0 ,2 ,COLLISION WITH MOTOR VEHICLE,OVERTAKING,NONE,DAYLIGHT,CLOUDY,WET
6836 ,33775285,MONROE,Henrietta,,,N,43.0747495,-77.5849204,02/15/2011,3:14 PM,PROPERTY DAMAGE AND INJURY,1.,0 ,3 ,COLLISION WITH MOTOR VEHICLE,OTHER,STOPPED SCHOOL BUS W/RED LIGHT FLSH,DAYLIGHT,CLEAR,DRY
6836 ,33775292,MONROE,Riga,,,N,43.12897,-77.878838,02/12/2011,6:47 PM,INJURY,1.,0 ,1 ,RAN OFF ROAD ONLY,OTHER,NONE,DARK-ROAD UNLIGHTED,CLOUDY,SLUSH
6836 ,33775299,MONROE,Penfield,,104 43035053,Y,43.1846841,-77.5066604,02/14/2011,10:30 PM,PROPERTY DAMAGE AND INJURY,2.,0 ,2 ,COLLISION WITH MOTOR VEHICLE,OVERTAKING,NO PASSING ZONE,DARK-ROAD LIGHTED,CLEAR,DRY
6836 ,33775321,MONROE,Rochester,,490I43022018,N,43.1566878,-77.6377314,02/05/2011,10:15 PM,PROPERTY DAMAGE AND INJURY,1.,0 ,3 ,COLLISION WITH MOTOR VEHICLE,OTHER,NONE,DARK-ROAD LIGHTED,SNOW,SNOW/ICE
6836 ,33775331,MONROE,Gates,,,Y,43.138828,-77.690973,02/15/2011,2:40 PM,PROPERTY DAMAGE AND INJURY,1.,0 ,3 ,COLLISION WITH MOTOR VEHICLE,OTHER,TRAFFIC SIGNAL,DAYLIGHT,CLEAR,DRY
6836 ,33775351,MONROE,Gates,,490I43021172,N,43.1571788,-77.6919076,02/14/2011,7:45 AM,PROPERTY DAMAGE AND INJURY,1.,0 ,2 ,COLLISION WITH MOTOR VEHICLE,REAR END,NONE,DAYLIGHT,CLOUDY,WET
6836 ,33775397,MONROE,Rochester,,,Y,43.159828,-77.594332,01/29/2011,3:00 PM,INJURY,1.,0 ,2 ,COLLISION WITH MOTOR VEHICLE,REAR END,TRAFFIC SIGNAL,DAYLIGHT,CLEAR,WET
6836 ,33775399,MONROE,Rochester,,,Y,43.165537,-77.544488,01/31/2011,6:32 PM,INJURY,2.,0 ,2 ,COLLISION WITH MOTOR VEHICLE,RIGHT ANGLE,STOP SIGN,DARK-ROAD LIGHTED,CLEAR,DRY
6836 ,33776061,MONROE,Brighton,,96 43051090,N,43.1315426,-77.5321866,02/17/2011,5:45 PM,PROPERTY DAMAGE AND INJURY,1.,0 ,1 ,COLL. W/LIGHT SUPPORT/UTILITY POLE,OTHER,NONE,DAYLIGHT,CLOUDY,WET
6836 ,33776083,MONROE,Gates,,390 43011002,N,43.1593627,-77.6801076,02/15/2011,9:40 PM,PROPERTY DAMAGE AND INJURY,1.,0 ,2 ,COLLISION WITH MOTOR VEHICLE,RIGHT ANGLE,NONE,DARK-ROAD LIGHTED,CLOUDY,DRY
6836 ,33776097,MONROE,Mendon,,64 43021064,N,43.0307042,-77.5156094,02/08/2011,2:58 PM,PROPERTY DAMAGE AND INJURY,2.,0 ,2 ,COLLISION WITH MOTOR VEHICLE,HEAD ON,NONE,DAYLIGHT,SNOW,SNOW/ICE
6836 ,33776762,MONROE,Rochester,,,N,43.1938565,-77.6436785,01/18/2011,5:26 PM,INJURY,2.,0 ,3 ,COLLISION WITH MOTOR VEHICLE,OTHER,NONE,DUSK,CLOUDY,WET
6836 ,33777115,MONROE,Brighton,,,Y,43.095748,-77.586024,02/18/2011,2:09 PM,PROPERTY DAMAGE AND INJURY,1.,0 ,2 ,COLLISION WITH MOTOR VEHICLE,RIGHT ANGLE,TRAFFIC SIGNAL,DAYLIGHT,CLOUDY,DRY
6836 ,33777263,MONROE,Sweden,,19 43041046,N,43.1983571,-77.9433843,02/17/2011,6:30 PM,PROPERTY DAMAGE AND INJURY,3.,0 ,3 ,COLLISION WITH MOTOR VEHICLE,OTHER,NONE,DARK-ROAD LIGHTED,CLEAR,DRY
6836 ,33777671,MONROE,Irondequoit,,,N,43.196444,-77.5767859,02/09/2011,6:12 PM,PROPERTY DAMAGE AND INJURY,1.,0 ,2 ,COLLISION WITH MOTOR VEHICLE,LEFT TURN (AGAINST OTHER CAR),TRAFFIC SIGNAL,DARK-ROAD LIGHTED,CLEAR,DRY
6836 ,33777875,MONROE,Rochester,,,N,43.164661,-77.6628216,02/16/2011,8:35 AM,INJURY,1.,0 ,1 ,COLLISION WITH PEDESTRIAN,OTHER,NONE,DAYLIGHT,CLOUDY,DRY
6836 ,33778198,MONROE,Brighton,,15 43031127,N,43.112116,-77.6237131,02/19/2011,9:26 AM,PROPERTY DAMAGE AND INJURY,2.,0 ,2 ,COLLISION WITH MOTOR VEHICLE,REAR END,TRAFFIC SIGNAL,DAYLIGHT,SNOW,SNOW/ICE
6836 ,33778200,MONROE,Brighton,,15A43041128,N,43.1077322,-77.6159259,02/19/2011,7:35 PM,PROPERTY DAMAGE AND INJURY,2.,0 ,2 ,COLLISION WITH MOTOR VEHICLE,UNKNOWN,TRAFFIC SIGNAL,DARK-ROAD LIGHTED,CLOUDY,SNOW/ICE
6836 ,33778406,MONROE,Greece,,,Y,43.218392,-77.68172,02/19/2011,12:58 PM,PROPERTY DAMAGE AND INJURY,2.,0 ,2 ,COLLISION WITH MOTOR VEHICLE,RIGHT ANGLE,STOP SIGN,DAYLIGHT,CLOUDY,SNOW/ICE
6836 ,33778761,MONROE,Penfield,,250 43011090,N,43.1636207,-77.43142,02/19/2011,5:22 PM,PROPERTY DAMAGE AND INJURY,6.,0 ,2 ,COLLISION WITH MOTOR VEHICLE,RIGHT ANGLE,NONE,DAYLIGHT,SNOW,SNOW/ICE
6836 ,33778771,MONROE,Sweden,,31A43021010,N,43.1981152,-77.9771,02/19/2011,5:59 PM,PROPERTY DAMAGE AND INJURY,2.,0 ,2 ,COLLISION WITH MOTOR VEHICLE,REAR END,NONE,DARK-ROAD UNLIGHTED,CLOUDY,SNOW/ICE
6836 ,33778773,MONROE,Chili,,252 43011026,N,43.0897886,-77.7191304,02/19/2011,9:58 PM,PROPERTY DAMAGE AND INJURY,1.,0 ,1 ,COLLISION WITH OTHER FIXED OBJECT,OTHER,NONE,DARK-ROAD LIGHTED,CLOUDY,SNOW/ICE
6836 ,33778787,MONROE,Riga,,490I41011010,N,43.0728107,-77.9343262,02/06/2011,7:05 AM,PROPERTY DAMAGE AND INJURY,1.,0 ,1 ,OVERTURNED,OTHER,NONE,DAYLIGHT,CLEAR,SNOW/ICE
6836 ,33778814,MONROE,Penfield,,441 43011121,Y,43.127516,-77.494429,02/05/2011,9:00 PM,PROPERTY DAMAGE AND INJURY,1.,0 ,1 ,COLLISION WITH GUIDE RAIL,OTHER,NONE,DARK-ROAD UNLIGHTED,SNOW,SNOW/ICE
6836 ,33778821,MONROE,Rochester,,,N,43.2034235,-77.65348,02/21/2011,2:05 PM,INJURY,1.,0 ,2 ,COLLISION WITH MOTOR VEHICLE,REAR END,NONE,DAYLIGHT,CLEAR,SNOW/ICE
6836 ,33778833,MONROE,Gates,,,N,43.1695733,-77.701729,02/20/2011,6:14 PM,INJURY,1.,0 ,1 ,COLLISION WITH PEDESTRIAN,OTHER,NONE,DARK-ROAD LIGHTED,CLEAR,DRY
6836 ,33778854,MONROE,Greece,,,N,43.2880797,-77.7446275,02/05/2011,8:02 PM,INJURY,1.,0 ,1 ,COLL. W/LIGHT SUPPORT/UTILITY POLE,OTHER,NONE,DARK-ROAD UNLIGHTED,SNOW,SNOW/ICE
6836 ,33778921,MONROE,Rochester,,490I43022036,N,43.1504614,-77.606251,02/20/2011,10:50 PM,PROPERTY DAMAGE AND INJURY,1.,0 ,1 ,COLLISION WITH OTHER BARRIER,OTHER,NONE,DARK-ROAD LIGHTED,SNOW,SNOW/ICE
6836 ,33778972,MONROE,Henrietta,,252 43011077,Y,43.087107,-77.617323,02/20/2011,4:00 PM,INJURY,2.,0 ,2 ,COLLISION WITH MOTOR VEHICLE,REAR END,TRAFFIC SIGNAL,DAYLIGHT,CLEAR,DRY
6836 ,33779006,MONROE,Rochester,,,N,43.157576,-77.617658,02/19/2011,5:00 PM,INJURY,2.,0 ,2 ,COLLISION WITH MOTOR VEHICLE,RIGHT ANGLE,TRAFFIC SIGNAL,DAYLIGHT,SNOW,SNOW/ICE
6836 ,33779037,MONROE,Greece,,,N,43.206569,-77.6758354,02/14/2011,6:39 PM,PROPERTY DAMAGE AND INJURY,1.,0 ,2 ,COLLISION WITH CURBING,OTHER,NONE,DARK-ROAD LIGHTED,CLOUDY,DRY
6836 ,33779069,MONROE,Rochester,,,Y,43.151935,-77.628952,02/21/2011,4:18 AM,INJURY,1.,0 ,1 ,COLLISION WITH CURBING,OTHER,TRAFFIC SIGNAL,DARK-ROAD LIGHTED,SNOW,SNOW/ICE
6836 ,33779150,MONROE,Chili,,33 43031074,N,43.1234621,-77.7967473,02/19/2011,5:47 PM,PROPERTY DAMAGE AND INJURY,3.,0 ,2 ,COLLISION WITH MOTOR VEHICLE,HEAD ON,NONE,DARK-ROAD LIGHTED,SNOW,SNOW/ICE
6836 ,33779158,MONROE,Mendon,,64 43021066,N,43.0340487,-77.5157716,02/21/2011,6:32 PM,PROPERTY DAMAGE AND INJURY,1.,0 ,1 ,COLLISION WITH DEER,OTHER,NONE,DARK-ROAD UNLIGHTED,CLOUDY,DRY
6836 ,33779208,MONROE,Perinton,,490I43023080,N,43.062205,-77.471459,02/20/2011,9:20 PM,PROPERTY DAMAGE AND INJURY,1.,0 ,1 ,COLLISION WITH GUIDE RAIL,OTHER,NONE,DARK-ROAD UNLIGHTED,SNOW,SNOW/ICE
6836 ,33779270,MONROE,Pittsford,,,N,43.0872605,-77.5128856,01/28/2011,12:05 AM,PROPERTY DAMAGE AND INJURY,1.,0 ,1 ,COLL. W/LIGHT SUPPORT/UTILITY POLE,OTHER,NO PASSING ZONE,DARK-ROAD LIGHTED,SNOW,SNOW/ICE
6836 ,33779289,MONROE,Rochester,,,Y,43.191783,-77.615184,02/20/2011,10:50 PM,INJURY,1.,0 ,1 ,COLLISION WITH CURBING,OTHER,STOP SIGN,DARK-ROAD LIGHTED,SNOW,SNOW/ICE
6836 ,33779299,MONROE,Rochester,,490I43022032,N,43.1518486,-77.6146223,02/19/2011,6:35 AM,INJURY,1.,0 ,1 ,COLLISION WITH OTHER BARRIER,OTHER,NONE,DAYLIGHT,SNOW,SNOW/ICE
6836 ,33779360,MONROE,Chili,,,N,43.0804485,-77.6916083,02/19/2011,4:10 PM,PROPERTY DAMAGE AND INJURY,1.,0 ,1 ,COLLISION WITH GUIDE RAIL,OTHER,NONE,DAYLIGHT,SNOW,SNOW/ICE
6836 ,33779375,MONROE,Irondequoit,,,N,43.1984642,-77.5499718,02/21/2011,1:49 PM,PROPERTY DAMAGE AND INJURY,2.,0 ,2 ,COLLISION WITH MOTOR VEHICLE,OVERTAKING,NONE,DAYLIGHT,CLOUDY,WET
6836 ,33779400,MONROE,Gates,,390 43011000,N,43.1585581,-77.6821462,02/19/2011,4:20 PM,PROPERTY DAMAGE AND INJURY,1.,0 ,1 ,COLLISION WITH GUIDE RAIL,OTHER,OTHER,DAYLIGHT,SNOW,SNOW/ICE
6836 ,33779401,MONROE,Greece,,104 43031136,N,43.2158126,-77.738741,02/14/2011,4:55 PM,PROPERTY DAMAGE AND INJURY,1.,0 ,2 ,COLLISION WITH MOTOR VEHICLE,UNKNOWN,NONE,DAYLIGHT,CLOUDY,DRY
6836 ,33779407,MONROE,Rochester,,,N,43.1909064,-77.5998161,02/19/2011,8:35 AM,PROPERTY DAMAGE AND INJURY,1.,0 ,4 ,COLLISION WITH MOTOR VEHICLE,OTHER,NONE,DAYLIGHT,SNOW,SNOW/ICE
6836 ,33779416,MONROE,Webster,,104 43035232,N,43.2137911,-77.5129007,02/21/2011,12:11 PM,INJURY,1.,0 ,2 ,COLLISION WITH MOTOR VEHICLE,REAR END,TRAFFIC SIGNAL,DAYLIGHT,CLOUDY,WET
6836 ,33779427,MONROE,Rochester,,490I43022026,N,43.1493908,-77.6040687,02/20/2011,9:30 AM,PROPERTY DAMAGE AND INJURY,2.,0 ,1 ,COLLISION WITH OTHER BARRIER,OTHER,NONE,DAYLIGHT,CLEAR,DRY
6836 ,33779445,MONROE,Gates,,390 43011003,N,43.1622162,-77.6819794,02/20/2011,6:48 AM,PROPERTY DAMAGE AND INJURY,1.,0 ,1 ,COLL. W/LIGHT SUPPORT/UTILITY POLE,OTHER,NONE,DAWN,CLOUDY,DRY
6836 ,33779504,MONROE,Rochester,,940M43011011,Y,43.179329,-77.631715,02/20/2011,2:37 AM,FATAL,1.,1 ,2 ,COLLISION WITH MOTOR VEHICLE,RIGHT ANGLE,TRAFFIC SIGNAL,DARK-ROAD LIGHTED,CLOUDY,WET
6836 ,33779507,MONROE,Rochester,,,N,43.181644,-77.5630038,12/30/2010,1:05 AM,INJURY,1.,0 ,1 ,COLLISION WITH SNOW EMBANKMENT,OTHER,NONE,DARK-ROAD LIGHTED,CLOUDY,DRY
6836 ,33779520,MONROE,Rochester,,,Y,43.25572,-77.610485,01/05/2011,12:35 PM,INJURY,1.,0 ,1 ,COLLISION WITH CURBING,OTHER,TRAFFIC SIGNAL,DAYLIGHT,SNOW,WET
6836 ,33779532,MONROE,Brighton,,,N,43.107461,-77.5759661,02/06/2011,2:19 PM,FATAL,4.,1 ,2 ,COLLISION WITH MOTOR VEHICLE,LEFT TURN (AGAINST OTHER CAR),TRAFFIC SIGNAL,DAYLIGHT,CLOUDY,DRY
6836 ,33780075,MONROE,Gates,,,Y,43.140051,-77.666453,02/21/2011,2:20 PM,PROPERTY DAMAGE AND INJURY,1.,0 ,2 ,COLLISION WITH MOTOR VEHICLE,RIGHT ANGLE,TRAFFIC SIGNAL,DAYLIGHT,CLOUDY,DRY