QUERYID,CASE #,REGN_CNTY_CDE,Municipality,MUNITYPE,REF_MRKR,ATINTERSECTION_IND,Lat,Long,,Time,Crash Type,Injuries,Fatalities,Number of Vehicles,ACCD_TYP,COLLISION_TYP,TRAF_CNTL,Light Condition,Weather Condition,Road Surface Condition
6836 ,33780076,MONROE,Hamlin,,18 43031086,N,43.2845803,-77.8351178,02/16/2011,2:20 PM,PROPERTY DAMAGE AND INJURY,1.,0 ,1 ,COLLISION WITH SNOW EMBANKMENT,OTHER,NONE,DAYLIGHT,CLOUDY,DRY
6836 ,33780180,MONROE,Penfield,,,Y,43.160297,-77.449822,02/17/2011,10:48 PM,PROPERTY DAMAGE AND INJURY,1.,0 ,3 ,COLLISION WITH MOTOR VEHICLE,OTHER,STOP SIGN,DARK-ROAD LIGHTED,CLOUDY,DRY
6836 ,33780254,MONROE,Webster,,,Y,43.217108,-77.520865,02/10/2011,7:00 PM,PROPERTY DAMAGE AND INJURY,1.,0 ,2 ,COLLISION WITH MOTOR VEHICLE,RIGHT ANGLE,STOP SIGN,DARK-ROAD LIGHTED,CLEAR,DRY
6836 ,33780527,MONROE,Irondequoit,,,N,43.204607,-77.5487561,02/22/2011,4:40 PM,PROPERTY DAMAGE AND INJURY,1.,0 ,2 ,COLLISION WITH MOTOR VEHICLE,RIGHT ANGLE,STOP SIGN,DAYLIGHT,CLEAR,DRY
6836 ,33780615,MONROE,Penfield,,286 43011058,N,43.1600182,-77.4323091,02/20/2011,2:16 AM,PROPERTY DAMAGE AND INJURY,3.,0 ,2 ,COLLISION WITH MOTOR VEHICLE,HEAD ON,NONE,DARK-ROAD LIGHTED,CLEAR,SNOW/ICE
6836 ,33781314,MONROE,Chili,,33 43031062,N,43.1184284,-77.817425,02/12/2011,8:19 AM,FATAL,2.,1 ,2 ,COLLISION WITH MOTOR VEHICLE,HEAD ON,NONE,DAYLIGHT,SNOW,SNOW/ICE
6836 ,33781319,MONROE,Rochester,,18 43032005,Y,43.210934,-77.638578,02/04/2011,12:42 PM,PROPERTY DAMAGE AND INJURY,1.,0 ,2 ,COLLISION WITH MOTOR VEHICLE,HEAD ON,TRAFFIC SIGNAL,DAYLIGHT,CLOUDY,WET
6836 ,33781674,MONROE,Rochester,,,N,43.1576827,-77.6039719,02/20/2011,11:02 AM,PROPERTY DAMAGE AND INJURY,1.,0 ,3 ,COLLISION WITH MOTOR VEHICLE,OTHER,NONE,DAYLIGHT,CLEAR,DRY
6836 ,33781688,MONROE,Irondequoit,,,N,43.1925678,-77.5844256,02/21/2011,10:00 PM,INJURY,2.,0 ,1 ,COLLISION WITH CURBING,OTHER,NONE,DARK-ROAD LIGHTED,SNOW,SNOW/ICE
6836 ,33781833,MONROE,Greece,,104 43031146,Y,43.212214,-77.7181801,02/15/2011,3:15 PM,PROPERTY DAMAGE AND INJURY,2.,0 ,2 ,COLLISION WITH MOTOR VEHICLE,RIGHT ANGLE,TRAFFIC SIGNAL,DAYLIGHT,CLEAR,DRY
6836 ,33782106,MONROE,Brighton,,390I43031140,N,43.107707,-77.6141548,02/23/2011,2:00 PM,PROPERTY DAMAGE AND INJURY,1.,0 ,2 ,COLLISION WITH MOTOR VEHICLE,REAR END,NONE,DAYLIGHT,CLEAR,DRY
6836 ,33782269,MONROE,Brockport,,,N,43.2106359,-77.9555269,02/19/2011,2:18 AM,PROPERTY DAMAGE AND INJURY,1.,0 ,1 ,COLL. W/LIGHT SUPPORT/UTILITY POLE,OTHER,NONE,DARK-ROAD LIGHTED,SNOW,WET
6836 ,33782275,MONROE,Ogden,,31 43031089,N,43.1884613,-77.8638778,02/10/2011,10:39 AM,INJURY,1.,0 ,2 ,COLLISION WITH MOTOR VEHICLE,REAR END,NONE,DAYLIGHT,CLEAR,DRY
6836 ,33782285,MONROE,Henrietta,,,N,43.076148,-77.626828,02/05/2011,9:46 AM,PROPERTY DAMAGE AND INJURY,2.,0 ,2 ,COLLISION WITH MOTOR VEHICLE,RIGHT ANGLE,TRAFFIC SIGNAL,DAYLIGHT,CLOUDY,DRY
6836 ,33782291,MONROE,Perinton,,,Y,43.108319,-77.432151,02/11/2011,11:20 AM,PROPERTY DAMAGE AND INJURY,1.,0 ,2 ,COLLISION WITH MOTOR VEHICLE,REAR END,TRAFFIC SIGNAL,DAYLIGHT,CLOUDY,DRY
6836 ,33782294,MONROE,Brighton,,490I43023001,N,43.1294039,-77.5250081,02/20/2011,7:07 AM,PROPERTY DAMAGE AND INJURY,1.,0 ,1 ,COLLISION WITH GUIDE RAIL,OTHER,NONE,DAYLIGHT,CLOUDY,DRY
6836 ,33782305,MONROE,Rush,,390I43031029,N,42.9792044,-77.6832471,02/19/2011,10:30 AM,PROPERTY DAMAGE AND INJURY,2.,0 ,1 ,COLLISION WITH GUIDE RAIL,OTHER,NONE,DAYLIGHT,SNOW,SNOW/ICE
6836 ,33782306,MONROE,Brighton,,490I43023015,N,43.129144,-77.524889,02/19/2011,12:24 PM,PROPERTY DAMAGE AND INJURY,1.,0 ,1 ,COLLISION WITH MEDIAN/BARRIER,OTHER,NONE,DAYLIGHT,SNOW,SNOW/ICE
6836 ,33782318,MONROE,Henrietta,,,Y,43.068677,-77.607728,02/17/2011,11:24 AM,PROPERTY DAMAGE AND INJURY,1.,0 ,2 ,COLLISION WITH MOTOR VEHICLE,HEAD ON,TRAFFIC SIGNAL,DAYLIGHT,CLOUDY,WET
6836 ,33782319,MONROE,Henrietta,,,N,43.0633121,-77.6891646,02/20/2011,6:09 AM,PROPERTY DAMAGE AND INJURY,1.,0 ,2 ,COLLISION WITH MOTOR VEHICLE,HEAD ON,STOP SIGN,DARK-ROAD UNLIGHTED,CLEAR,DRY
6836 ,33782344,MONROE,Perinton,,490I43023082,N,43.0488265,-77.4642448,02/19/2011,2:04 PM,PROPERTY DAMAGE AND INJURY,1.,0 ,1 ,COLLISION WITH GUIDE RAIL,OTHER,NONE,DAYLIGHT,SNOW,SNOW/ICE
6836 ,33782347,MONROE,Henrietta,,,N,43.0807547,-77.6333891,02/22/2011,4:43 PM,PROPERTY DAMAGE AND INJURY,2.,0 ,2 ,COLLISION WITH MOTOR VEHICLE,LEFT TURN (AGAINST OTHER CAR),NONE,DAYLIGHT,CLEAR,DRY
6836 ,33782353,MONROE,Henrietta,,,Y,43.092837,-77.6535161,02/10/2011,9:49 AM,PROPERTY DAMAGE AND INJURY,2.,0 ,2 ,COLLISION WITH MOTOR VEHICLE,RIGHT ANGLE,TRAFFIC SIGNAL,DAYLIGHT,CLEAR,DRY
6836 ,33782354,MONROE,Gates,,,N,43.1576251,-77.7137703,02/19/2011,3:54 PM,PROPERTY DAMAGE AND INJURY,1.,0 ,1 ,COLL. W/EARTH ELE./ROCK CUT/DITCH,OTHER,NONE,DAYLIGHT,SNOW,SNOW/ICE
6836 ,33782357,MONROE,Pittsford,,31F43011000,N,43.1113123,-77.5078723,02/08/2011,9:16 AM,PROPERTY DAMAGE AND INJURY,2.,0 ,3 ,COLLISION WITH MOTOR VEHICLE,OTHER,YIELD SIGN,DAYLIGHT,SNOW,SNOW/ICE
6836 ,33782387,MONROE,Rochester,,,Y,43.136787,-77.560031,02/21/2011,5:49 AM,PROPERTY DAMAGE AND INJURY,1.,0 ,2 ,COLLISION WITH MOTOR VEHICLE,RIGHT ANGLE,TRAFFIC SIGNAL,DARK-ROAD LIGHTED,CLEAR,SNOW/ICE
6836 ,33782392,MONROE,Rochester,,,Y,43.1243898,-77.621592,02/23/2011,2:59 PM,INJURY,1.,0 ,2 ,COLLISION WITH MOTOR VEHICLE,SIDESWIPE,NONE,DAYLIGHT,CLEAR,DRY
6836 ,33782394,MONROE,Rochester,,,N,43.2040719,-77.6593093,02/23/2011,4:09 PM,INJURY,1.,0 ,2 ,COLLISION WITH MOTOR VEHICLE,OVERTAKING,NONE,DAYLIGHT,CLEAR,DRY
6836 ,33782662,MONROE,Greece,,104 43031154,N,43.2116926,-77.7154602,02/17/2011,6:21 PM,INJURY,2.,0 ,2 ,COLLISION WITH MOTOR VEHICLE,REAR END,TRAFFIC SIGNAL,DARK-ROAD LIGHTED,CLOUDY,DRY
6836 ,33782665,MONROE,Greece,,,N,43.209242,-77.6632653,02/15/2011,6:10 PM,INJURY,1.,0 ,2 ,COLLISION WITH MOTOR VEHICLE,REAR END,NONE,DARK-ROAD LIGHTED,CLOUDY,DRY
6836 ,33782672,MONROE,Greece,,,Y,43.22236,-77.6429111,02/22/2011,3:52 PM,PROPERTY DAMAGE AND INJURY,1.,0 ,3 ,COLLISION WITH MOTOR VEHICLE,OTHER,NONE,DAYLIGHT,CLEAR,DRY
6836 ,33782705,MONROE,Rochester,,,Y,43.176367,-77.5573561,02/23/2011,6:44 PM,INJURY,1.,0 ,2 ,COLLISION WITH MOTOR VEHICLE,LEFT TURN (AGAINST OTHER CAR),TRAFFIC SIGNAL,DARK-ROAD LIGHTED,CLEAR,DRY
6836 ,33782713,MONROE,Rochester,,,Y,43.1871844,-77.5702795,02/23/2011,3:35 PM,INJURY,1.,0 ,1 ,COLLISION WITH PEDESTRIAN,OTHER,NONE,DAYLIGHT,CLEAR,DRY
6836 ,33783020,MONROE,Chili,,252 43011024,Y,43.088909,-77.7239171,02/23/2011,2:16 PM,PROPERTY DAMAGE AND INJURY,1.,0 ,2 ,COLLISION WITH MOTOR VEHICLE,SIDESWIPE,NONE,DAYLIGHT,CLEAR,DRY
6836 ,33783021,MONROE,Gates,,33 43031130,Y,43.149875,-77.693323,02/12/2011,3:04 PM,PROPERTY DAMAGE AND INJURY,1.,0 ,2 ,COLLISION WITH MOTOR VEHICLE,LEFT TURN (AGAINST OTHER CAR),FLASHING LIGHT,DAYLIGHT,CLEAR,WET
6836 ,33783029,MONROE,Brighton,,,Y,43.126405,-77.565714,02/24/2011,9:15 AM,PROPERTY DAMAGE AND INJURY,2.,0 ,2 ,COLLISION WITH MOTOR VEHICLE,RIGHT ANGLE,TRAFFIC SIGNAL,DAYLIGHT,CLOUDY,DRY
6836 ,33783808,MONROE,Rochester,,490I43022023,N,43.1569295,-77.6287127,02/24/2011,5:07 PM,PROPERTY DAMAGE AND INJURY,1.,0 ,3 ,COLLISION WITH MOTOR VEHICLE,OTHER,NONE,DUSK,RAIN,WET
6836 ,33783881,MONROE,Rochester,,490I43022038,N,43.1490954,-77.6034369,02/17/2011,6:28 AM,PROPERTY DAMAGE AND INJURY,1.,0 ,1 ,OVERTURNED,OTHER,NONE,DAWN,CLOUDY,WET
6836 ,33783882,MONROE,Penfield,,441 43011051,N,43.130685,-77.4433968,02/11/2011,1:57 PM,PROPERTY DAMAGE AND INJURY,1.,0 ,2 ,COLLISION WITH MOTOR VEHICLE,REAR END,NONE,DAYLIGHT,CLEAR,DRY
6836 ,33783916,MONROE,Greece,,,Y,43.186914,-77.701511,02/19/2011,11:19 AM,PROPERTY DAMAGE AND INJURY,1.,0 ,3 ,COLLISION WITH MOTOR VEHICLE,OTHER,TRAFFIC SIGNAL,DAYLIGHT,SNOW,SNOW/ICE
6836 ,33783946,MONROE,Rochester,,,Y,43.200455,-77.638723,02/24/2011,6:25 PM,PROPERTY DAMAGE AND INJURY,1.,0 ,2 ,COLLISION WITH MOTOR VEHICLE,REAR END,TRAFFIC SIGNAL,DARK-ROAD LIGHTED,RAIN,WET
6836 ,33784317,MONROE,Webster,,104 43035077,Y,43.2051,-77.474622,02/23/2011,12:46 PM,PROPERTY DAMAGE AND INJURY,1.,0 ,2 ,COLLISION WITH MOTOR VEHICLE,REAR END,TRAFFIC SIGNAL,DAYLIGHT,CLEAR,DRY
6836 ,33784318,MONROE,Gates,,31 43031166,N,43.1727849,-77.7162824,02/25/2011,10:59 AM,PROPERTY DAMAGE AND INJURY,1.,0 ,1 ,COLLISION WITH OTHER FIXED OBJECT,OTHER,NONE,DAYLIGHT,SNOW,SNOW/ICE
6836 ,33784344,MONROE,Webster,,,Y,43.208415,-77.430326,02/25/2011,11:51 AM,INJURY,1.,0 ,2 ,COLLISION WITH MOTOR VEHICLE,REAR END,NONE,DAYLIGHT,SNOW,SNOW/ICE
6836 ,33784680,MONROE,Rochester,,,N,43.1994149,-77.6257552,02/22/2011,9:25 AM,PROPERTY DAMAGE AND INJURY,1.,0 ,1 ,COLLISION WITH CURBING,OTHER,NONE,DAYLIGHT,CLOUDY,DRY
6836 ,33784683,MONROE,Rochester,,,N,43.2166055,-77.6297796,02/25/2011,7:30 AM,PROPERTY DAMAGE AND INJURY,1.,0 ,2 ,COLLISION WITH MOTOR VEHICLE,SIDESWIPE,NONE,DAYLIGHT,SNOW,SNOW/ICE
6836 ,33784687,MONROE,Rochester,,,Y,43.167238,-77.602065,02/24/2011,11:04 AM,PROPERTY DAMAGE AND INJURY,2.,0 ,2 ,COLLISION WITH MOTOR VEHICLE,RIGHT ANGLE,NONE,DAYLIGHT,SNOW,WET
6836 ,33784703,MONROE,Rochester,,,Y,43.154997,-77.615634,01/12/2011,9:35 AM,PROPERTY DAMAGE AND INJURY,1.,0 ,4 ,COLLISION WITH MOTOR VEHICLE,OTHER,TRAFFIC SIGNAL,DAYLIGHT,SNOW,SNOW/ICE
6836 ,33785083,MONROE,Gates,,,N,43.1561022,-77.7539374,02/26/2011,10:23 PM,PROPERTY DAMAGE AND INJURY,1.,0 ,1 ,COLLISION WITH DEER,OTHER,NONE,DARK-ROAD LIGHTED,SNOW,SNOW/ICE
6836 ,33785091,MONROE,Irondequoit,,,N,43.2013013,-77.5691853,02/13/2011,2:36 PM,PROPERTY DAMAGE AND INJURY,2.,0 ,3 ,COLLISION WITH MOTOR VEHICLE,OTHER,NONE,DAYLIGHT,CLOUDY,WET
6836 ,33785097,MONROE,Henrietta,,252 43011074,N,43.0871357,-77.6285732,02/26/2011,4:30 PM,PROPERTY DAMAGE AND INJURY,1.,0 ,3 ,COLLISION WITH MOTOR VEHICLE,OTHER,NONE,DAYLIGHT,CLOUDY,WET
6836 ,33785099,MONROE,Clarkson,,260 43011012,N,43.2268072,-77.889609,02/19/2011,11:10 AM,PROPERTY DAMAGE AND INJURY,1.,0 ,1 ,COLLISION WITH CULVERT/HEADWALL,OTHER,NONE,DAYLIGHT,SNOW,SNOW/ICE
6836 ,33785102,MONROE,Clarkson,,,N,43.2758451,-77.9212866,02/21/2011,5:55 AM,PROPERTY DAMAGE AND INJURY,1.,0 ,2 ,COLLISION WITH MOTOR VEHICLE,RIGHT ANGLE,NONE,DARK-ROAD UNLIGHTED,CLEAR,SNOW/ICE
6836 ,33785103,MONROE,Parma,,,N,43.2233342,-77.8459227,02/10/2011,7:55 AM,PROPERTY DAMAGE AND INJURY,1.,0 ,2 ,COLLISION WITH MOTOR VEHICLE,REAR END,NONE,DAYLIGHT,CLEAR,DRY
6836 ,33785104,MONROE,Brighton,,15 43031127,Y,43.111727,-77.623926,02/26/2011,4:06 PM,PROPERTY DAMAGE AND INJURY,1.,0 ,2 ,COLLISION WITH MOTOR VEHICLE,REAR END,TRAFFIC SIGNAL,DAYLIGHT,CLOUDY,DRY
6836 ,33785238,MONROE,Pittsford,,490I43023041,N,43.0989067,-77.5021535,02/25/2011,4:25 PM,PROPERTY DAMAGE AND INJURY,1.,0 ,2 ,COLLISION WITH MOTOR VEHICLE,OVERTAKING,NONE,DAYLIGHT,CLOUDY,WET
6836 ,33785252,MONROE,Rochester,,490I43022052,N,43.1426485,-77.5806511,02/25/2011,7:06 AM,PROPERTY DAMAGE AND INJURY,1.,0 ,2 ,COLLISION WITH MOTOR VEHICLE,RIGHT ANGLE,NONE,DAYLIGHT,SNOW,SNOW/ICE
6836 ,33785270,MONROE,Rochester,,96 43052001,N,43.1434842,-77.5484176,02/21/2011,5:56 AM,PROPERTY DAMAGE AND INJURY,1.,0 ,2 ,COLLISION WITH MOTOR VEHICLE,OVERTAKING,NONE,DARK-ROAD LIGHTED,SNOW,SNOW/ICE
6836 ,33785457,MONROE,Rochester,,,Y,43.170945,-77.582527,02/25/2011,1:30 PM,PROPERTY DAMAGE AND INJURY,1.,0 ,2 ,COLLISION WITH MOTOR VEHICLE,REAR END,STOP SIGN,DAYLIGHT,SLEET/HAIL/FREEZING RAIN,SNOW/ICE
6836 ,33785465,MONROE,Rochester,,,N,43.2070713,-77.6293348,02/27/2011,7:15 AM,PROPERTY DAMAGE AND INJURY,2.,0 ,2 ,COLLISION WITH MOTOR VEHICLE,RIGHT ANGLE,NONE,DAYLIGHT,CLEAR,SLUSH
6836 ,33785679,MONROE,Rochester,,104 43032029,N,43.191402,-77.6084121,02/26/2011,10:42 PM,PROPERTY DAMAGE AND INJURY,1.,0 ,1 ,COLLISION WITH GUIDE RAIL,OTHER,NONE,DARK-ROAD LIGHTED,SNOW,SNOW/ICE
6836 ,33785839,MONROE,Perinton,,,Y,43.079406,-77.402152,02/16/2011,2:24 PM,PROPERTY DAMAGE AND INJURY,1.,0 ,2 ,COLLISION WITH MOTOR VEHICLE,RIGHT ANGLE,STOP SIGN,DAYLIGHT,CLOUDY,DRY
6836 ,33785842,MONROE,Brighton,,96 43051087,Y,43.128451,-77.528937,02/27/2011,2:29 PM,PROPERTY DAMAGE AND INJURY,1.,0 ,2 ,COLLISION WITH MOTOR VEHICLE,LEFT TURN (AGAINST OTHER CAR),TRAFFIC SIGNAL,DAYLIGHT,CLOUDY,DRY
6836 ,33785851,MONROE,Ogden,,,Y,43.156925,-77.7539199,02/27/2011,3:02 AM,INJURY,1.,0 ,1 ,COLLISION WITH CURBING,OTHER,NONE,DARK-ROAD LIGHTED,SNOW,SNOW/ICE
6836 ,33785857,MONROE,Perinton,,,Y,43.109703,-77.4633419,02/26/2011,2:34 PM,INJURY,2.,0 ,2 ,COLLISION WITH MOTOR VEHICLE,REAR END,TRAFFIC SIGNAL,DAYLIGHT,CLOUDY,WET
6836 ,33785977,MONROE,Rochester,,,Y,43.143241,-77.592075,01/22/2011,1:45 PM,PROPERTY DAMAGE AND INJURY,1.,0 ,2 ,COLLISION WITH MOTOR VEHICLE,UNKNOWN,STOP SIGN,DAYLIGHT,UNKNOWN,UNKNOWN
6836 ,33785981,MONROE,Henrietta,,,N,43.058833,-77.641785,01/21/2011,2:15 AM,PROPERTY DAMAGE AND INJURY,1.,0 ,1 ,COLLISION WITH GUIDERAIL - END,OTHER,NONE,DARK-ROAD LIGHTED,CLOUDY,SNOW/ICE
6836 ,33786225,MONROE,Rochester,,,Y,43.159322,-77.638863,01/19/2011,9:15 AM,PROPERTY DAMAGE AND INJURY,1.,0 ,2 ,COLLISION WITH MOTOR VEHICLE,REAR END,TRAFFIC SIGNAL,DAYLIGHT,SLEET/HAIL/FREEZING RAIN,SNOW/ICE
6836 ,33786245,MONROE,Penfield,,,Y,43.128511,-77.483729,01/16/2011,6:00 AM,PROPERTY DAMAGE AND INJURY,1.,0 ,1 ,OTHER NON-COLLISION,OTHER,UNKNOWN,UNKNOWN,UNKNOWN,UNKNOWN
6836 ,33786331,MONROE,Brighton,,,Y,43.137204,-77.548243,01/03/2011,12:00 AM,PROPERTY DAMAGE AND INJURY,1.,0 ,2 ,COLLISION WITH MOTOR VEHICLE,RIGHT ANGLE,NONE,DUSK,CLEAR,DRY
6836 ,33786496,MONROE,Henrietta,,,N,43.0841474,-77.6246907,02/12/2011,9:55 PM,PROPERTY DAMAGE AND INJURY,2.,0 ,2 ,COLLISION WITH MOTOR VEHICLE,LEFT TURN (AGAINST OTHER CAR),STOP SIGN,DARK-ROAD UNLIGHTED,CLOUDY,DRY
6836 ,33786843,MONROE,Rochester,,,Y,43.142639,-77.547828,01/31/2011,10:49 AM,PROPERTY DAMAGE AND INJURY,2.,0 ,2 ,COLLISION WITH MOTOR VEHICLE,HEAD ON,TRAFFIC SIGNAL,DAYLIGHT,CLOUDY,DRY
6836 ,33786845,MONROE,Rochester,,,Y,43.142738,-77.616181,01/29/2011,7:51 PM,INJURY,1.,0 ,2 ,COLLISION WITH MOTOR VEHICLE,REAR END,TRAFFIC SIGNAL,DARK-ROAD LIGHTED,CLOUDY,WET
6836 ,33786916,MONROE,Greece,,,Y,43.186914,-77.701511,02/26/2011,5:38 PM,PROPERTY DAMAGE AND INJURY,2.,0 ,3 ,COLLISION WITH MOTOR VEHICLE,OTHER,STOP SIGN,DUSK,CLOUDY,WET
6836 ,33786920,MONROE,Greece,,,N,43.193926,-77.6667236,02/26/2011,11:30 PM,INJURY,1.,0 ,2 ,COLLISION WITH MOTOR VEHICLE,LEFT TURN (AGAINST OTHER CAR),NONE,DARK-ROAD UNLIGHTED,SNOW,SNOW/ICE
6836 ,33787504,MONROE,Hamlin,,18 43031067,N,43.2842988,-77.8723227,02/25/2011,2:25 PM,PROPERTY DAMAGE AND INJURY,4.,0 ,2 ,COLLISION WITH MOTOR VEHICLE,HEAD ON,NONE,DAYLIGHT,SNOW,SNOW/ICE
6836 ,33787511,MONROE,Perinton,,96 43051022,N,43.0569714,-77.4727411,02/27/2011,1:35 AM,INJURY,2.,0 ,1 ,COLLISION WITH OTHER FIXED OBJECT,OTHER,NONE,DARK-ROAD UNLIGHTED,SNOW,SNOW/ICE
6836 ,33787524,MONROE,Henrietta,,,N,43.0831739,-77.6637367,02/19/2011,12:59 PM,PROPERTY DAMAGE AND INJURY,2.,0 ,2 ,COLLISION WITH MOTOR VEHICLE,REAR END,NONE,DAYLIGHT,SNOW,SNOW/ICE
6836 ,33787526,MONROE,Riga,,490I43021023,N,43.0779963,-77.9316525,02/25/2011,7:44 AM,INJURY,1.,0 ,1 ,COLLISION WITH GUIDE RAIL,OTHER,NONE,DAYLIGHT,SNOW,SNOW/ICE
6836 ,33787532,MONROE,Penfield,,,N,43.1758042,-77.511905,02/25/2011,6:42 AM,PROPERTY DAMAGE AND INJURY,1.,0 ,2 ,COLLISION WITH MOTOR VEHICLE,RIGHT ANGLE,NONE,DAYLIGHT,SNOW,SNOW/ICE
6836 ,33787536,MONROE,Chili,,33A43021106,Y,43.1077511,-77.7449423,02/10/2011,4:45 PM,INJURY,1.,0 ,2 ,COLLISION WITH MOTOR VEHICLE,REAR END,NONE,DAYLIGHT,CLOUDY,DRY
6836 ,33787538,MONROE,Henrietta,,252 43011099,Y,43.087222,-77.57828,02/21/2011,11:52 AM,PROPERTY DAMAGE AND INJURY,3.,0 ,2 ,COLLISION WITH MOTOR VEHICLE,REAR END,NONE,DAYLIGHT,SNOW,WET
6836 ,33787541,MONROE,Henrietta,,253 43011072,Y,43.059111,-77.629059,02/25/2011,1:56 PM,PROPERTY DAMAGE AND INJURY,1.,0 ,3 ,COLLISION WITH MOTOR VEHICLE,OTHER,NONE,DAYLIGHT,SNOW,SNOW/ICE
6836 ,33787551,MONROE,Gates,,,N,43.1667549,-77.6955242,02/22/2011,8:57 AM,PROPERTY DAMAGE AND INJURY,1.,0 ,2 ,COLLISION WITH MOTOR VEHICLE,REAR END,NONE,DAYLIGHT,CLOUDY,DRY
6836 ,33787552,MONROE,Gates,,390I43037006,N,43.1499665,-77.6786334,02/21/2011,7:27 PM,INJURY,1.,0 ,1 ,COLLISION WITH GUIDE RAIL,OTHER,NONE,DARK-ROAD LIGHTED,CLOUDY,DRY
6836 ,33787558,MONROE,Brighton,,,Y,43.11019,-77.624761,02/28/2011,4:03 PM,INJURY,1.,0 ,2 ,COLLISION WITH MOTOR VEHICLE,REAR END,TRAFFIC SIGNAL,DAYLIGHT,CLEAR,DRY
6836 ,33787566,MONROE,Irondequoit,,,Y,43.205801,-77.5783939,02/27/2011,10:54 PM,PROPERTY DAMAGE AND INJURY,2.,0 ,2 ,COLLISION WITH MOTOR VEHICLE,REAR END,NONE,DARK-ROAD LIGHTED,CLOUDY,DRY
6836 ,33787840,MONROE,Brighton,,,N,43.1250069,-77.5189388,01/12/2011,12:00 AM,PROPERTY DAMAGE AND INJURY,1.,0 ,1 ,COLLISION WITH GUIDE RAIL,OTHER,NONE,DAYLIGHT,SNOW,SNOW/ICE
6836 ,33788011,MONROE,Rochester,,,Y,43.215139,-77.558217,01/12/2011,7:05 PM,PROPERTY DAMAGE AND INJURY,1.,0 ,1 ,COLLISION WITH DEER,OTHER,NONE,DARK-ROAD LIGHTED,CLOUDY,WET
6836 ,33788197,MONROE,Rochester,,,Y,43.121583,-77.618928,02/01/2011,5:36 PM,INJURY,1.,0 ,2 ,COLLISION WITH MOTOR VEHICLE,REAR END,TRAFFIC SIGNAL,DARK-ROAD LIGHTED,CLOUDY,SNOW/ICE
6836 ,33788199,MONROE,Rochester,,104 43032018,Y,43.194691,-77.628791,02/01/2011,5:43 AM,PROPERTY DAMAGE AND INJURY,2.,0 ,2 ,COLLISION WITH MOTOR VEHICLE,HEAD ON,TRAFFIC SIGNAL,DAWN,SNOW,SNOW/ICE
6836 ,33788200,MONROE,Rochester,,,Y,43.120294,-77.619596,02/01/2011,8:34 AM,PROPERTY DAMAGE AND INJURY,1.,0 ,2 ,COLLISION WITH MOTOR VEHICLE,REAR END,NONE,DAYLIGHT,CLOUDY,SNOW/ICE
6836 ,33788204,MONROE,Rochester,,,Y,43.134107,-77.6324759,02/01/2011,10:24 AM,PROPERTY DAMAGE AND INJURY,2.,0 ,2 ,COLLISION WITH MOTOR VEHICLE,RIGHT ANGLE,STOP SIGN,DAYLIGHT,SNOW,SNOW/ICE
6836 ,33788207,MONROE,Rochester,,,N,43.1753888,-77.629944,02/03/2011,8:34 PM,PROPERTY DAMAGE AND INJURY,6.,0 ,2 ,COLLISION WITH MOTOR VEHICLE,REAR END,NONE,DARK-ROAD LIGHTED,CLEAR,SLUSH
6836 ,33788332,MONROE,Greece,,,Y,43.252934,-77.653756,02/02/2011,12:30 PM,INJURY,1.,0 ,2 ,COLLISION WITH MOTOR VEHICLE,LEFT TURN (AGAINST OTHER CAR),NONE,DAYLIGHT,CLOUDY,WET
6836 ,33788336,MONROE,Rochester,,,N,43.1515029,-77.5934328,02/05/2011,5:40 PM,PROPERTY DAMAGE AND INJURY,1.,0 ,2 ,COLLISION WITH MOTOR VEHICLE,UNKNOWN,NONE,DARK-ROAD LIGHTED,SNOW,SNOW/ICE
6836 ,33788337,MONROE,Rochester,,,Y,43.164629,-77.635378,02/04/2011,12:25 PM,PROPERTY DAMAGE AND INJURY,1.,0 ,2 ,COLLISION WITH MOTOR VEHICLE,REAR END,TRAFFIC SIGNAL,DAYLIGHT,CLOUDY,DRY
6836 ,33788338,MONROE,Irondequoit,,,Y,43.190778,-77.584314,02/04/2011,2:47 AM,PROPERTY DAMAGE AND INJURY,1.,0 ,2 ,COLLISION WITH MOTOR VEHICLE,UNKNOWN,STOP SIGN,DAYLIGHT,CLOUDY,DRY
6836 ,33788370,MONROE,Rochester,,,Y,43.146709,-77.6001611,02/04/2011,4:21 PM,PROPERTY DAMAGE AND INJURY,2.,0 ,2 ,COLLISION WITH MOTOR VEHICLE,RIGHT ANGLE,TRAFFIC SIGNAL,DAYLIGHT,CLEAR,DRY
6836 ,33788372,MONROE,Rochester,,,N,43.1191713,-77.6284607,02/03/2011,8:21 AM,PROPERTY DAMAGE AND INJURY,1.,0 ,2 ,COLLISION WITH MOTOR VEHICLE,REAR END,NONE,DAYLIGHT,UNKNOWN,WET
6836 ,33788374,MONROE,Rochester,,,Y,43.146002,-77.565998,02/07/2011,11:50 AM,PROPERTY DAMAGE AND INJURY,1.,0 ,2 ,COLLISION WITH MOTOR VEHICLE,LEFT TURN (AGAINST OTHER CAR),UNKNOWN,DAYLIGHT,CLOUDY,WET
6836 ,33788375,MONROE,Rochester,,,Y,43.130922,-77.653697,02/05/2011,4:34 PM,INJURY,1.,0 ,1 ,COLL. W/LIGHT SUPPORT/UTILITY POLE,OTHER,TRAFFIC SIGNAL,DAYLIGHT,SNOW,SNOW/ICE
6836 ,33788483,MONROE,Rochester,,33 43032013,Y,43.1499632,-77.6485566,02/25/2011,4:05 PM,PROPERTY DAMAGE AND INJURY,1.,0 ,1 ,COLLISION WITH TREE,OTHER,NONE,DAYLIGHT,SNOW,SLUSH
6836 ,33788485,MONROE,Rochester,,,N,43.2085367,-77.629737,02/27/2011,6:15 AM,PROPERTY DAMAGE AND INJURY,1.,0 ,1 ,COLL. W/LIGHT SUPPORT/UTILITY POLE,OTHER,NONE,DARK-ROAD LIGHTED,CLOUDY,SLUSH