QUERYID,CASE #,REGN_CNTY_CDE,Municipality,MUNITYPE,REF_MRKR,ATINTERSECTION_IND,Lat,Long,,Time,Crash Type,Injuries,Fatalities,Number of Vehicles,ACCD_TYP,COLLISION_TYP,TRAF_CNTL,Light Condition,Weather Condition,Road Surface Condition
6836 ,33788493,MONROE,Rochester,,,Y,43.157047,-77.548961,02/26/2011,11:42 PM,PROPERTY DAMAGE AND INJURY,1.,0 ,2 ,COLLISION WITH MOTOR VEHICLE,REAR END,TRAFFIC SIGNAL,DARK-ROAD LIGHTED,SNOW,SNOW/ICE
6836 ,33788646,MONROE,Greece,,,Y,43.2871,-77.7288379,02/28/2011,5:30 AM,PROPERTY DAMAGE AND INJURY,1.,0 ,1 ,COLLISION WITH DEER,OTHER,NONE,DARK-ROAD UNLIGHTED,RAIN,WET
6836 ,33788647,MONROE,Greece,,104 43031174,N,43.204621,-77.6635239,02/23/2011,5:31 AM,PROPERTY DAMAGE AND INJURY,2.,0 ,2 ,COLLISION WITH MOTOR VEHICLE,HEAD ON,TRAFFIC SIGNAL,DARK-ROAD LIGHTED,CLOUDY,DRY
6836 ,33788648,MONROE,Greece,,,N,43.1933297,-77.6800239,02/27/2011,3:11 AM,INJURY,3.,0 ,1 ,COLLISION WITH GUIDE RAIL,OTHER,NONE,DARK-ROAD UNLIGHTED,CLOUDY,SNOW/ICE
6836 ,33789087,MONROE,Brighton,,15 43031114,Y,43.094013,-77.633076,03/01/2011,1:48 PM,PROPERTY DAMAGE AND INJURY,1.,0 ,2 ,COLLISION WITH MOTOR VEHICLE,UNKNOWN,TRAFFIC SIGNAL,DAYLIGHT,CLOUDY,DRY
6836 ,33789088,MONROE,Gates,,,N,43.157893,-77.6989033,03/01/2011,4:34 PM,PROPERTY DAMAGE AND INJURY,1.,0 ,2 ,COLLISION WITH MOTOR VEHICLE,SIDESWIPE,NONE,DAYLIGHT,CLOUDY,DRY
6836 ,33789091,MONROE,Brighton,,,Y,43.095748,-77.586024,02/28/2011,3:08 PM,PROPERTY DAMAGE AND INJURY,1.,0 ,2 ,COLLISION WITH MOTOR VEHICLE,RIGHT ANGLE,TRAFFIC SIGNAL,DAYLIGHT,CLOUDY,WET
6836 ,33789099,MONROE,Henrietta,,,N,43.0784565,-77.6876202,02/25/2011,2:04 PM,PROPERTY DAMAGE AND INJURY,1.,0 ,2 ,COLLISION WITH MOTOR VEHICLE,REAR END,NONE,DAYLIGHT,SNOW,SNOW/ICE
6836 ,33789110,MONROE,Chili,,,N,43.0720988,-77.796015,02/26/2011,7:19 AM,PROPERTY DAMAGE AND INJURY,1.,0 ,2 ,COLLISION WITH MOTOR VEHICLE,REAR END,NONE,DAYLIGHT,CLEAR,WET
6836 ,33789217,MONROE,Rochester,,,N,43.1384038,-77.5968126,02/25/2011,5:36 PM,PROPERTY DAMAGE AND INJURY,1.,0 ,2 ,COLLISION WITH MOTOR VEHICLE,REAR END,NONE,DAYLIGHT,SNOW,SNOW/ICE
6836 ,33789232,MONROE,Rochester,,,N,43.1807621,-77.6018887,02/08/2011,9:59 AM,INJURY,1.,0 ,2 ,COLLISION WITH MOTOR VEHICLE,OVERTAKING,NONE,DAYLIGHT,SNOW,SNOW/ICE
6836 ,33789233,MONROE,Rochester,,,Y,43.156461,-77.569006,03/01/2011,3:58 PM,INJURY,1.,0 ,1 ,COLLISION WITH BICYCLIST,OTHER,STOP SIGN,DAYLIGHT,CLEAR,DRY
6836 ,33789426,MONROE,Rochester,,,N,43.1722234,-77.5931566,02/14/2011,6:07 PM,INJURY,1.,0 ,1 ,COLLISION WITH OTHER FIXED OBJECT,OTHER,NONE,DARK-ROAD LIGHTED,CLEAR,SNOW/ICE
6836 ,33789525,MONROE,Rochester,,,Y,43.180721,-77.6031,01/30/2011,12:12 AM,PROPERTY DAMAGE AND INJURY,1.,0 ,2 ,COLLISION WITH MOTOR VEHICLE,UNKNOWN,NONE,DARK-ROAD LIGHTED,CLOUDY,UNKNOWN
6836 ,33790067,MONROE,Irondequoit,,,N,43.2232192,-77.5768792,03/02/2011,1:35 AM,PROPERTY DAMAGE AND INJURY,2.,0 ,1 ,COLLISION WITH TREE,OTHER,NONE,DARK-ROAD UNLIGHTED,CLEAR,DRY
6836 ,33790130,MONROE,Gates,,490I43021169,N,43.1569011,-77.6969485,02/28/2011,7:49 AM,INJURY,1.,0 ,2 ,COLLISION WITH MOTOR VEHICLE,REAR END,NONE,DAWN,RAIN,WET
6836 ,33790185,MONROE,Henrietta,,252 43011095,N,43.0869822,-77.5866826,03/01/2011,1:30 PM,PROPERTY DAMAGE AND INJURY,1.,0 ,2 ,COLLISION WITH MOTOR VEHICLE,LEFT TURN (AGAINST OTHER CAR),NONE,DAYLIGHT,CLEAR,DRY
6836 ,33790398,MONROE,Chili,,,N,43.0972424,-77.7501851,02/25/2011,1:07 PM,INJURY,1.,0 ,2 ,COLLISION WITH MOTOR VEHICLE,RIGHT ANGLE,NONE,DAYLIGHT,SNOW,SNOW/ICE
6836 ,33790518,MONROE,Mendon,,,Y,42.996516,-77.577847,03/02/2011,9:23 AM,INJURY,1.,0 ,2 ,COLLISION WITH MOTOR VEHICLE,REAR END,STOP SIGN,DAYLIGHT,SNOW,SNOW/ICE
6836 ,33790735,MONROE,Pittsford,,,Y,43.054222,-77.4972241,02/28/2011,12:28 PM,PROPERTY DAMAGE AND INJURY,1.,0 ,2 ,COLLISION WITH MOTOR VEHICLE,RIGHT ANGLE,STOP SIGN,DAYLIGHT,RAIN,WET
6836 ,33790823,MONROE,Greece,,,Y,43.238365,-77.659119,02/23/2011,11:00 AM,INJURY,1.,0 ,3 ,COLLISION WITH MOTOR VEHICLE,OTHER,TRAFFIC SIGNAL,DAYLIGHT,CLEAR,DRY
6836 ,33790869,MONROE,Rochester,,940K43011005,Y,43.15939,-77.65956,02/08/2011,11:23 AM,PROPERTY DAMAGE AND INJURY,2.,0 ,2 ,COLLISION WITH MOTOR VEHICLE,RIGHT ANGLE,TRAFFIC SIGNAL,DAYLIGHT,CLOUDY,WET
6836 ,33790870,MONROE,Rochester,,,Y,43.152674,-77.551344,02/08/2011,8:06 AM,PROPERTY DAMAGE AND INJURY,1.,0 ,2 ,COLLISION WITH MOTOR VEHICLE,REAR END,TRAFFIC SIGNAL,DAYLIGHT,CLEAR,DRY
6836 ,33790875,MONROE,Rochester,,,Y,43.1434913,-77.5883678,02/08/2011,4:00 PM,INJURY,1.,0 ,1 ,COLLISION WITH PEDESTRIAN,OTHER,TRAFFIC SIGNAL,DAYLIGHT,SNOW,SNOW/ICE
6836 ,33790879,MONROE,Rochester,,,Y,43.18262,-77.631596,02/04/2011,8:07 AM,INJURY,1.,0 ,2 ,COLLISION WITH MOTOR VEHICLE,REAR END,NONE,DAYLIGHT,CLEAR,UNKNOWN
6836 ,33790880,MONROE,Rochester,,,N,43.1522022,-77.6277426,02/09/2011,9:10 AM,INJURY,1.,0 ,2 ,COLLISION WITH MOTOR VEHICLE,UNKNOWN,NONE,UNKNOWN,CLEAR,SNOW/ICE
6836 ,33790881,MONROE,Rochester,,,Y,43.15843,-77.615431,02/09/2011,11:38 AM,PROPERTY DAMAGE AND INJURY,2.,0 ,2 ,COLLISION WITH MOTOR VEHICLE,RIGHT ANGLE,TRAFFIC SIGNAL,DAYLIGHT,CLEAR,WET
6836 ,33790883,MONROE,Rochester,,,Y,43.18309,-77.653375,02/09/2011,7:48 AM,INJURY,1.,0 ,2 ,COLLISION WITH MOTOR VEHICLE,REAR END,TRAFFIC SIGNAL,DAYLIGHT,CLEAR,SNOW/ICE
6836 ,33790885,MONROE,Rochester,,,Y,43.1570796,-77.6137945,02/09/2011,9:55 AM,INJURY,1.,0 ,1 ,COLLISION WITH TREE,OTHER,NONE,DAYLIGHT,CLEAR,SNOW/ICE
6836 ,33790952,MONROE,Rochester,,,Y,43.181267,-77.608017,02/06/2011,11:43 AM,PROPERTY DAMAGE AND INJURY,2.,0 ,2 ,COLLISION WITH MOTOR VEHICLE,LEFT TURN (WITH OTHER CAR),NONE,DAYLIGHT,CLOUDY,WET
6836 ,33791066,MONROE,Rochester,,,Y,43.182769,-77.586063,01/30/2011,6:44 PM,PROPERTY DAMAGE AND INJURY,2.,0 ,2 ,COLLISION WITH MOTOR VEHICLE,UNKNOWN,STOP SIGN,DARK-ROAD LIGHTED,SNOW,WET
6836 ,33791214,MONROE,Rochester,,490I43022012,N,43.15719,-77.6505194,02/14/2011,6:20 PM,PROPERTY DAMAGE AND INJURY,1.,0 ,2 ,COLLISION WITH MOTOR VEHICLE,OVERTAKING,NONE,DARK-ROAD LIGHTED,CLEAR,DRY
6836 ,33791340,MONROE,Rochester,,,Y,43.168327,-77.586909,02/18/2011,2:30 PM,INJURY,1.,0 ,1 ,COLLISION WITH PEDESTRIAN,OTHER,NONE,DAYLIGHT,CLEAR,DRY
6836 ,33791407,MONROE,Henrietta,,390I43031104,N,43.0762934,-77.6265107,02/22/2011,10:51 AM,PROPERTY DAMAGE AND INJURY,2.,0 ,3 ,COLLISION WITH MOTOR VEHICLE,OTHER,TRAFFIC SIGNAL,DAYLIGHT,CLOUDY,DRY
6836 ,33791460,MONROE,Perinton,,31 43033075,N,43.073914,-77.4609356,02/21/2011,5:43 PM,INJURY,1.,0 ,3 ,COLLISION WITH MOTOR VEHICLE,OTHER,TRAFFIC SIGNAL,DUSK,CLOUDY,DRY
6836 ,33791663,MONROE,Gates,,,N,43.1703198,-77.7051399,02/10/2011,4:03 PM,PROPERTY DAMAGE AND INJURY,1.,0 ,2 ,COLLISION WITH MOTOR VEHICLE,REAR END,NONE,DAYLIGHT,CLOUDY,SNOW/ICE
6836 ,33791759,MONROE,Sweden,,,Y,43.179943,-77.894077,02/27/2011,4:44 PM,PROPERTY DAMAGE AND INJURY,3.,0 ,2 ,COLLISION WITH MOTOR VEHICLE,RIGHT ANGLE,STOP SIGN,DAYLIGHT,CLOUDY,DRY
6836 ,33791791,MONROE,Rochester,,,Y,43.153567,-77.659626,02/27/2011,3:09 PM,PROPERTY DAMAGE AND INJURY,1.,0 ,1 ,COLL. W/LIGHT SUPPORT/UTILITY POLE,OTHER,NONE,DAYLIGHT,CLOUDY,WET
6836 ,33791992,MONROE,Rochester,,,Y,43.180842,-77.599182,02/13/2011,5:18 PM,INJURY,1.,0 ,1 ,COLLISION WITH BICYCLIST,OTHER,TRAFFIC SIGNAL,DAYLIGHT,CLOUDY,WET
6836 ,33791994,MONROE,Rochester,,,Y,43.171124,-77.57636,02/08/2011,4:20 PM,PROPERTY DAMAGE AND INJURY,3.,0 ,2 ,COLLISION WITH MOTOR VEHICLE,RIGHT ANGLE,STOP SIGN,DAYLIGHT,CLEAR,SLUSH
6836 ,33792329,MONROE,Perinton,,,N,43.1023515,-77.479086,01/20/2011,12:00 AM,PROPERTY DAMAGE AND INJURY,1.,0 ,1 ,COLLISION WITH DEER,OTHER,UNKNOWN,DARK-ROAD UNLIGHTED,SNOW,SNOW/ICE
6836 ,33792835,MONROE,Riga,,490I41011020,N,43.0755422,-77.9330121,02/25/2011,8:16 PM,PROPERTY DAMAGE AND INJURY,1.,0 ,1 ,COLLISION WITH TREE,OTHER,NONE,DARK-ROAD UNLIGHTED,CLOUDY,SNOW/ICE
6836 ,33793391,MONROE,Penfield,,250 43011025,Y,43.16711,-77.4312889,02/05/2011,4:31 AM,PROPERTY DAMAGE AND INJURY,1.,0 ,1 ,COLLISION WITH TREE,OTHER,NONE,DARK-ROAD UNLIGHTED,CLEAR,DRY
6836 ,33793564,MONROE,Rochester,,,Y,43.130354,-77.59906,01/23/2011,9:15 AM,PROPERTY DAMAGE AND INJURY,1.,0 ,1 ,COLL. W/LIGHT SUPPORT/UTILITY POLE,OTHER,UNKNOWN,DAYLIGHT,SNOW,SNOW/ICE
6836 ,33793690,MONROE,Rochester,,,Y,43.139518,-77.650985,01/06/2011,5:15 PM,PROPERTY DAMAGE AND INJURY,1.,0 ,2 ,COLLISION WITH MOTOR VEHICLE,OVERTAKING,NONE,DARK-ROAD LIGHTED,CLEAR,DRY
6836 ,33794440,MONROE,Rochester,,,Y,43.18871,-77.628697,02/26/2011,5:58 PM,INJURY,1.,0 ,2 ,COLLISION WITH MOTOR VEHICLE,RIGHT ANGLE,STOP SIGN,DUSK,CLOUDY,SNOW/ICE
6836 ,33794443,MONROE,Rochester,,,N,43.1939771,-77.6388723,02/26/2011,9:01 PM,INJURY,3.,0 ,2 ,COLLISION WITH MOTOR VEHICLE,REAR END,NONE,DARK-ROAD LIGHTED,SNOW,SNOW/ICE
6836 ,33794662,MONROE,Rochester,,490I43022021,N,43.1565119,-77.6325704,02/25/2011,12:11 PM,PROPERTY DAMAGE AND INJURY,1.,0 ,3 ,COLLISION WITH MOTOR VEHICLE,OTHER,NONE,DAYLIGHT,SNOW,SNOW/ICE
6836 ,33794689,MONROE,Irondequoit,,,N,43.204694,-77.548755,02/28/2011,4:30 PM,INJURY,1.,0 ,2 ,COLLISION WITH MOTOR VEHICLE,LEFT TURN (AGAINST OTHER CAR),NONE,DAYLIGHT,CLOUDY,DRY
6836 ,33794691,MONROE,Brighton,,590I43011030,N,43.114844,-77.552096,02/25/2011,7:05 AM,PROPERTY DAMAGE AND INJURY,1.,0 ,1 ,COLLISION WITH GUIDE RAIL,OTHER,NONE,DAWN,SNOW,SNOW/ICE
6836 ,33794794,MONROE,Irondequoit,,590 43013005,N,43.1742131,-77.541481,03/04/2011,1:10 PM,PROPERTY DAMAGE AND INJURY,1.,0 ,1 ,COLLISION WITH GUIDE RAIL,OTHER,NONE,DAYLIGHT,CLOUDY,DRY
6836 ,33794922,MONROE,Greece,,18 43031194,N,43.252886,-77.667925,02/27/2011,9:41 AM,PROPERTY DAMAGE AND INJURY,2.,0 ,2 ,COLLISION WITH MOTOR VEHICLE,LEFT TURN (AGAINST OTHER CAR),TRAFFIC SIGNAL,DAYLIGHT,CLOUDY,WET
6836 ,33794923,MONROE,Greece,,,Y,43.210592,-77.707728,03/03/2011,7:00 AM,PROPERTY DAMAGE AND INJURY,1.,0 ,2 ,COLLISION WITH MOTOR VEHICLE,REAR END,TRAFFIC SIGNAL,DAWN,CLEAR,DRY
6836 ,33795172,MONROE,Ogden,,,N,43.178735,-77.804399,03/04/2011,8:15 PM,INJURY,2.,0 ,2 ,COLLISION WITH MOTOR VEHICLE,REAR END,TRAFFIC SIGNAL,DARK-ROAD LIGHTED,RAIN,WET
6836 ,33795176,MONROE,Riga,,33 43031014,N,43.0997014,-77.9080111,03/01/2011,1:59 AM,PROPERTY DAMAGE AND INJURY,1.,0 ,1 ,COLLISION WITH SNOW EMBANKMENT,OTHER,NONE,DARK-ROAD UNLIGHTED,CLEAR,DRY
6836 ,33795180,MONROE,Parma,,259 43011085,N,43.2138749,-77.7927141,03/05/2011,2:25 AM,PROPERTY DAMAGE AND INJURY,1.,0 ,1 ,COLL. W/EARTH ELE./ROCK CUT/DITCH,OTHER,NONE,DARK-ROAD UNLIGHTED,CLOUDY,DRY
6836 ,33795242,MONROE,Rochester,,,Y,43.179297,-77.641865,03/04/2011,5:38 PM,PROPERTY DAMAGE AND INJURY,1.,0 ,2 ,COLLISION WITH MOTOR VEHICLE,RIGHT ANGLE,STOP SIGN,DUSK,RAIN,WET
6836 ,33795275,MONROE,Rochester,,490I43022022,N,43.1566346,-77.6295117,02/25/2011,12:05 PM,PROPERTY DAMAGE AND INJURY,1.,0 ,3 ,COLLISION WITH MOTOR VEHICLE,OTHER,NONE,DAYLIGHT,SNOW,SNOW/ICE
6836 ,33795612,MONROE,Irondequoit,,,N,43.212429,-77.6107073,03/05/2011,5:00 PM,PROPERTY DAMAGE AND INJURY,1.,0 ,1 ,COLLISION WITH TREE,OTHER,NONE,DAYLIGHT,RAIN,WET
6836 ,33795613,MONROE,Chili,,383 43011155,N,43.122222,-77.6477972,03/05/2011,6:27 PM,INJURY,1.,0 ,2 ,COLLISION WITH MOTOR VEHICLE,REAR END,TRAFFIC SIGNAL,DARK-ROAD LIGHTED,CLOUDY,DRY
6836 ,33795622,MONROE,Gates,,31 43031178,Y,43.16661,-77.695206,03/06/2011,4:14 PM,PROPERTY DAMAGE AND INJURY,1.,0 ,2 ,COLLISION WITH MOTOR VEHICLE,RIGHT ANGLE,TRAFFIC SIGNAL,DAYLIGHT,CLOUDY,WET
6836 ,33795923,MONROE,Rochester,,,N,43.193823,-77.6000049,03/04/2011,8:29 AM,INJURY,1.,0 ,2 ,COLLISION WITH MOTOR VEHICLE,SIDESWIPE,NONE,DAYLIGHT,CLEAR,DRY
6836 ,33796158,MONROE,Rochester,,940T43011018,N,43.1553996,-77.5970458,03/06/2011,11:45 AM,PROPERTY DAMAGE AND INJURY,1.,0 ,1 ,COLLISION WITH BUILDING/WALL,OTHER,NONE,DAYLIGHT,SNOW,SNOW/ICE
6836 ,33796162,MONROE,Perinton,,490I43023088,N,43.0395306,-77.4613416,02/25/2011,5:15 PM,PROPERTY DAMAGE AND INJURY,1.,0 ,3 ,COLLISION WITH MOTOR VEHICLE,OTHER,NONE,DAYLIGHT,CLOUDY,WET
6836 ,33796172,MONROE,Irondequoit,,104 43035219,N,43.2107201,-77.538366,02/27/2011,8:03 AM,PROPERTY DAMAGE AND INJURY,1.,0 ,1 ,COLLISION WITH GUIDE RAIL,OTHER,NONE,DAYLIGHT,CLOUDY,WET
6836 ,33796193,MONROE,Rochester,,490I43022026,N,43.1570228,-77.6224589,03/06/2011,7:43 AM,INJURY,1.,0 ,1 ,COLLISION WITH CRASH CUSHION,OTHER,NONE,DAYLIGHT,SNOW,SNOW/ICE
6836 ,33796203,MONROE,Gates,,390 43011007,N,43.1678162,-77.6831595,03/06/2011,9:07 AM,PROPERTY DAMAGE AND INJURY,2.,0 ,2 ,COLLISION WITH MOTOR VEHICLE,REAR END,NONE,DAYLIGHT,SNOW,SNOW/ICE
6836 ,33796212,MONROE,Greece,,390 43011067,N,43.2523866,-77.6677827,03/03/2011,3:01 PM,PROPERTY DAMAGE AND INJURY,1.,0 ,3 ,COLLISION WITH MOTOR VEHICLE,OTHER,TRAFFIC SIGNAL,DAYLIGHT,CLEAR,DRY
6836 ,33796421,MONROE,Pittsford,,64 43021095,N,43.0764482,-77.5221577,03/02/2011,2:13 PM,PROPERTY DAMAGE AND INJURY,2.,0 ,2 ,COLLISION WITH MOTOR VEHICLE,REAR END,TRAFFIC SIGNAL,DAYLIGHT,CLOUDY,DRY
6836 ,33796429,MONROE,Perinton,,31F43011028,N,43.1022594,-77.4671145,03/03/2011,1:29 PM,PROPERTY DAMAGE AND INJURY,1.,0 ,2 ,COLLISION WITH MOTOR VEHICLE,REAR END,NONE,DAYLIGHT,CLEAR,DRY
6836 ,33796431,MONROE,Gates,,,N,43.164645,-77.7033881,03/07/2011,1:39 PM,PROPERTY DAMAGE AND INJURY,2.,0 ,2 ,COLLISION WITH MOTOR VEHICLE,HEAD ON,NONE,DAYLIGHT,CLEAR,DRY
6836 ,33796435,MONROE,Wheatland,,,Y,42.9924641,-77.8664755,03/06/2011,9:20 AM,INJURY,1.,0 ,1 ,SUBMERSION,OTHER,NONE,DAYLIGHT,SNOW,SNOW/ICE
6836 ,33796439,MONROE,Rochester,,590 43012002,N,43.1588095,-77.5393701,03/06/2011,2:40 PM,PROPERTY DAMAGE AND INJURY,1.,0 ,2 ,COLLISION WITH MOTOR VEHICLE,OVERTAKING,NONE,DAYLIGHT,CLOUDY,WET
6836 ,33796448,MONROE,Perinton,,31F43011025,N,43.1022869,-77.470613,03/02/2011,7:31 PM,INJURY,1.,0 ,1 ,COLLISION WITH DEER,OTHER,NONE,DARK-ROAD LIGHTED,CLOUDY,DRY
6836 ,33796530,MONROE,Riga,,33 43031008,Y,43.090845,-77.922392,02/10/2011,10:00 PM,FATAL,1.,1 ,3 ,COLLISION WITH MOTOR VEHICLE,OTHER,NONE,DARK-ROAD UNLIGHTED,CLEAR,DRY
6836 ,33797038,MONROE,Rochester,,,N,43.21587,-77.6298454,01/19/2011,4:32 PM,PROPERTY DAMAGE AND INJURY,2.,0 ,1 ,OVERTURNED,OTHER,NONE,DAYLIGHT,SNOW,SNOW/ICE
6836 ,33797071,MONROE,Rochester,,,N,43.158318,-77.6096019,01/04/2011,10:22 PM,PROPERTY DAMAGE AND INJURY,1.,0 ,2 ,COLLISION WITH MOTOR VEHICLE,RIGHT TURN (AGAINST OTHER CAR),TRAFFIC SIGNAL,DARK-ROAD LIGHTED,CLOUDY,WET
6836 ,33797332,MONROE,Henrietta,,,Y,43.058674,-77.652082,12/22/2010,10:29 PM,INJURY,1.,0 ,2 ,COLLISION WITH MOTOR VEHICLE,REAR END,TRAFFIC SIGNAL,DARK-ROAD LIGHTED,SLEET/HAIL/FREEZING RAIN,SNOW/ICE
6836 ,33797462,MONROE,Rochester,,,N,43.1831496,-77.6370219,01/11/2011,5:30 PM,INJURY,1.,0 ,1 ,COLLISION WITH PEDESTRIAN,OTHER,NONE,DARK-ROAD LIGHTED,CLEAR,SNOW/ICE
6836 ,33797770,MONROE,Irondequoit,,,Y,43.197509,-77.584715,12/24/2010,4:30 PM,PROPERTY DAMAGE AND INJURY,1.,0 ,1 ,OTHER NON-COLLISION,OTHER,UNKNOWN,UNKNOWN,UNKNOWN,UNKNOWN
6836 ,33797794,MONROE,Rochester,,,Y,43.154089,-77.605099,12/29/2010,11:38 PM,PROPERTY DAMAGE AND INJURY,3.,0 ,2 ,COLLISION WITH MOTOR VEHICLE,RIGHT ANGLE,TRAFFIC SIGNAL,DARK-ROAD LIGHTED,CLEAR,DRY
6836 ,33797905,MONROE,Rochester,,,Y,43.140415,-77.66543,10/29/2010,8:57 PM,FATAL,0.,4 ,1 ,COLLISION WITH BRIDGE STRUCTURE,OTHER,NONE,DARK-ROAD LIGHTED,CLEAR,DRY
6836 ,33797925,MONROE,Rochester,,,Y,43.14879,-77.60055,02/07/2011,11:10 AM,INJURY,1.,0 ,1 ,COLLISION WITH PEDESTRIAN,OTHER,NONE,DAYLIGHT,CLOUDY,SNOW/ICE
6836 ,33798108,MONROE,Webster,,,N,43.2137544,-77.5180222,12/14/2010,1:30 AM,PROPERTY DAMAGE AND INJURY,1.,0 ,1 ,COLLISION WITH OTHER BARRIER,OTHER,NONE,DAYLIGHT,SNOW,SNOW/ICE
6836 ,33798144,MONROE,Irondequoit,,,Y,43.176887,-77.5415229,11/11/2010,4:11 PM,INJURY,1.,0 ,2 ,COLLISION WITH MOTOR VEHICLE,REAR END,MAINTENANCE WORK AREA,DAYLIGHT,CLEAR,DRY
6836 ,33798440,MONROE,Brighton,,,N,43.1060226,-77.6161306,03/07/2011,5:12 PM,PROPERTY DAMAGE AND INJURY,2.,0 ,3 ,COLLISION WITH MOTOR VEHICLE,OTHER,NONE,DAYLIGHT,CLEAR,DRY
6836 ,33798441,MONROE,Rush,,15A43041031,N,42.9860378,-77.6243638,03/08/2011,7:40 AM,PROPERTY DAMAGE AND INJURY,1.,0 ,1 ,COLLISION WITH GUIDERAIL - END,OTHER,NONE,DAYLIGHT,CLEAR,DRY
6836 ,33798445,MONROE,Chili,,,N,43.1071284,-77.7536249,03/06/2011,9:50 AM,PROPERTY DAMAGE AND INJURY,2.,0 ,1 ,COLL. W/LIGHT SUPPORT/UTILITY POLE,OTHER,NONE,DAYLIGHT,SNOW,SNOW/ICE
6836 ,33798457,MONROE,Brighton,,,Y,43.126405,-77.565714,03/07/2011,6:44 PM,PROPERTY DAMAGE AND INJURY,2.,0 ,2 ,COLLISION WITH MOTOR VEHICLE,RIGHT ANGLE,TRAFFIC SIGNAL,DARK-ROAD LIGHTED,CLOUDY,DRY
6836 ,33798458,MONROE,Brighton,,96 43051089,Y,43.128451,-77.528937,03/08/2011,7:46 PM,PROPERTY DAMAGE AND INJURY,2.,0 ,2 ,COLLISION WITH MOTOR VEHICLE,RIGHT ANGLE,TRAFFIC SIGNAL,DARK-ROAD LIGHTED,CLOUDY,DRY
6836 ,33798461,MONROE,Henrietta,,15 43031009,N,43.0687532,-77.6466233,03/07/2011,4:05 PM,PROPERTY DAMAGE AND INJURY,1.,0 ,2 ,COLLISION WITH MOTOR VEHICLE,REAR END,NONE,DAYLIGHT,CLEAR,DRY
6836 ,33798462,MONROE,Henrietta,,,N,43.0726689,-77.6447538,03/07/2011,3:40 PM,PROPERTY DAMAGE AND INJURY,1.,0 ,2 ,COLLISION WITH MOTOR VEHICLE,LEFT TURN (AGAINST OTHER CAR),NONE,DAYLIGHT,CLEAR,DRY
6836 ,33798465,MONROE,Ogden,,,N,43.1260107,-77.776593,03/06/2011,6:35 AM,INJURY,1.,0 ,1 ,COLLISION WITH TREE,OTHER,NONE,DARK-ROAD LIGHTED,SNOW,SNOW/ICE
6836 ,33798466,MONROE,Penfield,,,N,43.174955,-77.520535,03/01/2011,5:37 PM,PROPERTY DAMAGE AND INJURY,2.,0 ,2 ,COLLISION WITH MOTOR VEHICLE,REAR END,NONE,DAYLIGHT,CLEAR,DRY
6836 ,33798472,MONROE,Chili,,,N,43.0889396,-77.7235451,03/06/2011,9:06 AM,PROPERTY DAMAGE AND INJURY,1.,0 ,1 ,COLLISION WITH TREE,OTHER,NO PASSING ZONE,DAYLIGHT,SNOW,SNOW/ICE
6836 ,33798473,MONROE,Sweden,,19 43041026,N,43.169196,-77.9424756,03/06/2011,10:05 AM,PROPERTY DAMAGE AND INJURY,3.,0 ,2 ,COLLISION WITH MOTOR VEHICLE,HEAD ON,NONE,DAYLIGHT,SNOW,SNOW/ICE
6836 ,33798474,MONROE,Brighton,,31 43033020,N,43.1142778,-77.5515678,03/05/2011,12:05 PM,PROPERTY DAMAGE AND INJURY,3.,0 ,2 ,COLLISION WITH MOTOR VEHICLE,LEFT TURN (AGAINST OTHER CAR),NONE,DAYLIGHT,RAIN,WET
6836 ,33798475,MONROE,Henrietta,,,Y,43.068316,-77.629598,03/03/2011,5:28 PM,INJURY,1.,0 ,2 ,COLLISION WITH MOTOR VEHICLE,REAR END,STOP SIGN,DAYLIGHT,CLEAR,DRY
6836 ,33798517,MONROE,Rochester,,,Y,43.243504,-77.618774,02/25/2011,11:40 AM,PROPERTY DAMAGE AND INJURY,1.,0 ,2 ,COLLISION WITH MOTOR VEHICLE,REAR END,TRAFFIC SIGNAL,DAYLIGHT,SNOW,SNOW/ICE
6836 ,33798519,MONROE,Rochester,,,N,43.1668264,-77.563169,03/08/2011,5:49 PM,INJURY,1.,0 ,1 ,COLLISION WITH BUILDING/WALL,OTHER,NONE,DARK-ROAD LIGHTED,CLEAR,WET
6836 ,33798536,MONROE,Rochester,,,N,43.1815533,-77.6136681,03/06/2011,9:33 AM,INJURY,1.,0 ,3 ,COLLISION WITH MOTOR VEHICLE,OTHER,NONE,DAYLIGHT,SNOW,SNOW/ICE
6836 ,33798668,MONROE,Greece,,,N,43.2198269,-77.6968214,03/05/2011,8:38 PM,INJURY,1.,0 ,1 ,COLLISION WITH PEDESTRIAN,OTHER,NONE,DARK-ROAD LIGHTED,RAIN,WET
6836 ,33798674,MONROE,Greece,,,N,43.28072,-77.6954669,02/05/2011,3:13 PM,PROPERTY DAMAGE AND INJURY,1.,0 ,1 ,COLLISION WITH GUIDERAIL - END,OTHER,NONE,DAYLIGHT,SNOW,SNOW/ICE
6836 ,33798680,MONROE,Greece,,18 43031216,Y,43.236608,-77.646863,03/08/2011,3:44 PM,PROPERTY DAMAGE AND INJURY,1.,0 ,2 ,COLLISION WITH MOTOR VEHICLE,LEFT TURN (WITH OTHER CAR),TRAFFIC SIGNAL,DAYLIGHT,CLEAR,DRY
6836 ,33798682,MONROE,Greece,,,Y,43.231416,-77.71634,03/08/2011,4:09 PM,PROPERTY DAMAGE AND INJURY,1.,0 ,3 ,COLLISION WITH MOTOR VEHICLE,OTHER,TRAFFIC SIGNAL,DAYLIGHT,CLEAR,DRY
6836 ,33799282,MONROE,Gates,,,N,43.1647081,-77.6913294,03/01/2011,8:27 PM,PROPERTY DAMAGE AND INJURY,1.,0 ,2 ,COLLISION WITH MOTOR VEHICLE,LEFT TURN (AGAINST OTHER CAR),NONE,DARK-ROAD LIGHTED,CLEAR,DRY