QUERYID,CASE #,REGN_CNTY_CDE,Municipality,MUNITYPE,REF_MRKR,ATINTERSECTION_IND,Lat,Long,,Time,Crash Type,Injuries,Fatalities,Number of Vehicles,ACCD_TYP,COLLISION_TYP,TRAF_CNTL,Light Condition,Weather Condition,Road Surface Condition
6836 ,33799285,MONROE,Chili,,33A43021109,N,43.1097149,-77.740827,03/06/2011,11:08 AM,PROPERTY DAMAGE AND INJURY,1.,0 ,1 ,COLL. W/LIGHT SUPPORT/UTILITY POLE,OTHER,NONE,DAYLIGHT,SNOW,SNOW/ICE
6836 ,33799291,MONROE,Brighton,,15 43031115,N,43.0943989,-77.6328813,03/09/2011,11:26 PM,INJURY,1.,0 ,1 ,COLLISION WITH PEDESTRIAN,OTHER,NONE,DARK-ROAD LIGHTED,RAIN,WET
6836 ,33799292,MONROE,Brighton,,,N,43.0951188,-77.6040077,03/09/2011,8:29 PM,PROPERTY DAMAGE AND INJURY,2.,0 ,2 ,COLLISION WITH MOTOR VEHICLE,LEFT TURN (WITH OTHER CAR),TRAFFIC SIGNAL,DARK-ROAD LIGHTED,RAIN,WET
6836 ,33799293,MONROE,Parma,,18 43032102,N,43.2589566,-77.7625135,03/04/2011,9:03 PM,PROPERTY DAMAGE AND INJURY,1.,0 ,1 ,COLLISION WITH SIGN POST,OTHER,NONE,DARK-ROAD UNLIGHTED,CLOUDY,WET
6836 ,33799301,MONROE,Spencerport,,,Y,43.195573,-77.802537,03/06/2011,11:22 AM,PROPERTY DAMAGE AND INJURY,1.,0 ,2 ,COLLISION WITH MOTOR VEHICLE,RIGHT ANGLE,NONE,DAYLIGHT,SNOW,SNOW/ICE
6836 ,33799303,MONROE,Gates,,,N,43.1308577,-77.6603995,03/08/2011,5:01 PM,INJURY,1.,0 ,2 ,COLLISION WITH MOTOR VEHICLE,REAR END,NONE,DAYLIGHT,CLEAR,DRY
6836 ,33799307,MONROE,Irondequoit,,,N,43.1769382,-77.5303746,03/07/2011,1:05 AM,PROPERTY DAMAGE AND INJURY,2.,0 ,1 ,COLL. W/LIGHT SUPPORT/UTILITY POLE,OTHER,NONE,DARK-ROAD LIGHTED,CLOUDY,DRY
6836 ,33799308,MONROE,Brighton,,15 43031125,N,43.1090707,-77.6253323,03/09/2011,2:17 PM,INJURY,1.,0 ,2 ,COLLISION WITH MOTOR VEHICLE,REAR END,NONE,DAYLIGHT,SNOW,WET
6836 ,33799347,MONROE,Rochester,,31 43032008,Y,43.164658,-77.659556,03/05/2011,10:08 PM,PROPERTY DAMAGE AND INJURY,6.,0 ,2 ,COLLISION WITH MOTOR VEHICLE,RIGHT ANGLE,TRAFFIC SIGNAL,DARK-ROAD LIGHTED,RAIN,WET
6836 ,33799350,MONROE,Rochester,,,Y,43.186572,-77.6225501,03/08/2011,7:45 PM,INJURY,1.,0 ,2 ,COLLISION WITH MOTOR VEHICLE,REAR END,TRAFFIC SIGNAL,DARK-ROAD LIGHTED,CLEAR,DRY
6836 ,33799354,MONROE,Rochester,,,Y,43.162051,-77.5835919,02/25/2011,10:00 PM,INJURY,1.,0 ,2 ,COLLISION WITH MOTOR VEHICLE,REAR END,TRAFFIC SIGNAL,DARK-ROAD LIGHTED,SNOW,WET
6836 ,33799727,MONROE,Rochester,,,Y,43.179212,-77.659079,01/24/2011,4:42 PM,INJURY,2.,0 ,2 ,COLLISION WITH MOTOR VEHICLE,REAR END,TRAFFIC SIGNAL,DAYLIGHT,CLOUDY,WET
6836 ,33799836,MONROE,Rochester,,,Y,43.162051,-77.5835919,01/30/2011,12:00 AM,PROPERTY DAMAGE AND INJURY,1.,0 ,4 ,COLLISION WITH MOTOR VEHICLE,OTHER,TRAFFIC SIGNAL,DAYLIGHT,CLOUDY,DRY
6836 ,33800138,MONROE,Rochester,,,Y,43.180932,-77.595442,02/20/2011,12:20 PM,PROPERTY DAMAGE AND INJURY,3.,0 ,3 ,COLLISION WITH MOTOR VEHICLE,OTHER,TRAFFIC SIGNAL,DAYLIGHT,CLEAR,WET
6836 ,33800144,MONROE,Rochester,,,Y,43.156967,-77.62678,02/11/2011,2:42 PM,PROPERTY DAMAGE AND INJURY,2.,0 ,2 ,COLLISION WITH MOTOR VEHICLE,REAR END,NONE,DAYLIGHT,CLEAR,DRY
6836 ,33800165,MONROE,Rochester,,,Y,43.157153,-77.606417,02/13/2011,10:37 AM,PROPERTY DAMAGE AND INJURY,1.,0 ,2 ,COLLISION WITH MOTOR VEHICLE,RIGHT ANGLE,TRAFFIC SIGNAL,DAYLIGHT,CLEAR,WET
6836 ,33800173,MONROE,Greece,,104 43031123,N,43.2052227,-77.6672381,02/17/2011,9:45 AM,PROPERTY DAMAGE AND INJURY,2.,0 ,4 ,COLLISION WITH MOTOR VEHICLE,OTHER,TRAFFIC SIGNAL,DAYLIGHT,RAIN,WET
6836 ,33800406,MONROE,Rochester,,33 43032012,Y,43.14997,-77.651058,02/19/2011,12:35 PM,PROPERTY DAMAGE AND INJURY,1.,0 ,2 ,COLLISION WITH MOTOR VEHICLE,LEFT TURN (AGAINST OTHER CAR),TRAFFIC SIGNAL,DAYLIGHT,SNOW,SNOW/ICE
6836 ,33800410,MONROE,Rochester,,,N,43.1586114,-77.5610867,02/11/2011,2:18 PM,PROPERTY DAMAGE AND INJURY,1.,0 ,2 ,COLLISION WITH MOTOR VEHICLE,RIGHT ANGLE,NONE,DAYLIGHT,CLOUDY,SNOW/ICE
6836 ,33800412,MONROE,Rochester,,,Y,43.147903,-77.6433401,02/02/2011,3:58 PM,INJURY,1.,0 ,2 ,COLLISION WITH MOTOR VEHICLE,REAR END,TRAFFIC SIGNAL,DAYLIGHT,SNOW,SLUSH
6836 ,33800416,MONROE,Rochester,,,Y,43.154211,-77.6135353,02/16/2011,9:30 AM,INJURY,2.,0 ,2 ,COLLISION WITH MOTOR VEHICLE,UNKNOWN,TRAFFIC SIGNAL,DAYLIGHT,CLOUDY,DRY
6836 ,33800478,MONROE,Rochester,,,N,43.177738,-77.6394576,02/13/2011,1:40 AM,INJURY,1.,0 ,2 ,COLLISION WITH MOTOR VEHICLE,OVERTAKING,NONE,DARK-ROAD LIGHTED,CLEAR,DRY
6836 ,33800479,MONROE,Rochester,,,Y,43.176416,-77.595191,02/11/2011,10:15 PM,INJURY,1.,0 ,2 ,COLLISION WITH MOTOR VEHICLE,UNKNOWN,NONE,DARK-ROAD LIGHTED,CLEAR,SNOW/ICE
6836 ,33800488,MONROE,Rochester,,,N,43.1493749,-77.5865791,02/11/2011,10:51 AM,PROPERTY DAMAGE AND INJURY,1.,0 ,3 ,COLLISION WITH MOTOR VEHICLE,OTHER,NONE,DAYLIGHT,CLEAR,SNOW/ICE
6836 ,33800489,MONROE,Rochester,,,Y,43.156628,-77.593594,02/11/2011,4:52 PM,INJURY,2.,0 ,3 ,COLLISION WITH MOTOR VEHICLE,OTHER,STOP SIGN,DAYLIGHT,CLEAR,SNOW/ICE
6836 ,33800880,MONROE,Riga,,490I43021006,N,43.0544244,-77.9431327,03/06/2011,11:55 AM,PROPERTY DAMAGE AND INJURY,1.,0 ,1 ,COLLISION WITH TREE,OTHER,NONE,DAYLIGHT,SNOW,SLUSH
6836 ,33801009,MONROE,Greece,,,Y,43.186914,-77.701511,03/08/2011,6:56 AM,PROPERTY DAMAGE AND INJURY,1.,0 ,2 ,COLLISION WITH MOTOR VEHICLE,LEFT TURN (AGAINST OTHER CAR),TRAFFIC SIGNAL,DAYLIGHT,CLEAR,DRY
6836 ,33801011,MONROE,Greece,,,N,43.2384553,-77.6955228,03/08/2011,11:45 AM,PROPERTY DAMAGE AND INJURY,1.,0 ,2 ,COLLISION WITH MOTOR VEHICLE,REAR END,TRAFFIC SIGNAL,DAYLIGHT,CLEAR,DRY
6836 ,33801059,MONROE,Rochester,,,Y,43.192475,-77.617948,03/05/2011,7:45 PM,PROPERTY DAMAGE AND INJURY,1.,0 ,2 ,COLLISION WITH MOTOR VEHICLE,RIGHT ANGLE,TRAFFIC SIGNAL,DARK-ROAD LIGHTED,RAIN,WET
6836 ,33801064,MONROE,Rochester,,,Y,43.186118,-77.579035,03/10/2011,3:26 PM,INJURY,1.,0 ,1 ,COLLISION WITH PEDESTRIAN,OTHER,NONE,DAYLIGHT,CLOUDY,DRY
6836 ,33801359,MONROE,Gates,,386 43011114,N,43.1647413,-77.7324196,03/10/2011,10:23 AM,PROPERTY DAMAGE AND INJURY,2.,0 ,2 ,COLLISION WITH MOTOR VEHICLE,RIGHT ANGLE,NONE,DAYLIGHT,RAIN,WET
6836 ,33801361,MONROE,Webster,,,Y,43.208371,-77.46225,03/05/2011,6:27 PM,INJURY,1.,0 ,2 ,COLLISION WITH MOTOR VEHICLE,LEFT TURN (WITH OTHER CAR),TRAFFIC SIGNAL,DARK-ROAD LIGHTED,RAIN,WET
6836 ,33801363,MONROE,Pittsford,,253 43011160,Y,43.108231,-77.499828,03/09/2011,9:48 AM,INJURY,1.,0 ,2 ,COLLISION WITH MOTOR VEHICLE,REAR END,TRAFFIC SIGNAL,DAYLIGHT,CLOUDY,DRY
6836 ,33801364,MONROE,Webster,,,N,43.2173341,-77.4466131,03/09/2011,11:38 AM,PROPERTY DAMAGE AND INJURY,1.,0 ,2 ,COLLISION WITH MOTOR VEHICLE,HEAD ON,STOP SIGN,DAYLIGHT,CLOUDY,DRY
6836 ,33801376,MONROE,Hamlin,,18 43031016,N,43.2965624,-77.966884,03/04/2011,7:02 PM,PROPERTY DAMAGE AND INJURY,1.,0 ,1 ,COLL. W/EARTH ELE./ROCK CUT/DITCH,OTHER,NONE,DARK-ROAD UNLIGHTED,RAIN,WET
6836 ,33801380,MONROE,Ogden,,,N,43.178532,-77.804411,03/06/2011,1:19 PM,PROPERTY DAMAGE AND INJURY,3.,0 ,2 ,COLLISION WITH MOTOR VEHICLE,REAR END,NONE,DAYLIGHT,SNOW,SNOW/ICE
6836 ,33802585,MONROE,Rochester,,96 43052000,N,43.143058,-77.5480081,03/06/2011,4:25 PM,PROPERTY DAMAGE AND INJURY,1.,0 ,1 ,COLLISION WITH MEDIAN/BARRIER,OTHER,NONE,DAYLIGHT,CLOUDY,SNOW/ICE
6836 ,33803046,MONROE,Rochester,,,Y,43.2115259,-77.5599494,03/10/2011,1:25 PM,INJURY,1.,0 ,2 ,COLLISION WITH MOTOR VEHICLE,REAR END,TRAFFIC SIGNAL,DAYLIGHT,CLOUDY,WET
6836 ,33803047,MONROE,Brighton,,,N,43.107822,-77.615931,03/11/2011,10:38 AM,PROPERTY DAMAGE AND INJURY,2.,0 ,2 ,COLLISION WITH MOTOR VEHICLE,LEFT TURN (AGAINST OTHER CAR),TRAFFIC SIGNAL,DAYLIGHT,CLOUDY,DRY
6836 ,33803050,MONROE,Brighton,,,N,43.107822,-77.615931,03/11/2011,3:22 PM,PROPERTY DAMAGE AND INJURY,1.,0 ,2 ,COLLISION WITH MOTOR VEHICLE,LEFT TURN (AGAINST OTHER CAR),TRAFFIC SIGNAL,DAYLIGHT,CLOUDY,DRY
6836 ,33803051,MONROE,Pittsford,,31 43033042,N,43.0919079,-77.5183212,03/03/2011,5:33 PM,PROPERTY DAMAGE AND INJURY,1.,0 ,2 ,COLLISION WITH MOTOR VEHICLE,REAR END,NONE,DAYLIGHT,CLEAR,DRY
6836 ,33803053,MONROE,Clarkson,,,N,43.2373769,-77.8858384,03/02/2011,5:25 PM,PROPERTY DAMAGE AND INJURY,1.,0 ,1 ,COLL. W/EARTH ELE./ROCK CUT/DITCH,OTHER,NONE,DAYLIGHT,CLOUDY,DRY
6836 ,33803058,MONROE,Irondequoit,,,N,43.2138762,-77.5449833,03/11/2011,6:55 AM,INJURY,1.,0 ,2 ,COLLISION WITH BUILDING/WALL,RIGHT ANGLE,NONE,DAYLIGHT,CLOUDY,WET
6836 ,33803059,MONROE,Brockport,,19 43041052,Y,43.20862,-77.940587,03/08/2011,6:15 PM,PROPERTY DAMAGE AND INJURY,1.,0 ,2 ,COLLISION WITH MOTOR VEHICLE,RIGHT ANGLE,NONE,DARK-ROAD LIGHTED,CLEAR,DRY
6836 ,33803063,MONROE,Chili,,,Y,43.093031,-77.798074,03/09/2011,2:03 PM,PROPERTY DAMAGE AND INJURY,1.,0 ,2 ,COLLISION WITH MOTOR VEHICLE,RIGHT ANGLE,TRAFFIC SIGNAL,DAYLIGHT,RAIN,WET
6836 ,33803064,MONROE,Brighton,,,N,43.1260876,-77.5762162,03/11/2011,5:41 PM,PROPERTY DAMAGE AND INJURY,2.,0 ,2 ,COLLISION WITH MOTOR VEHICLE,LEFT TURN (AGAINST OTHER CAR),NONE,DAYLIGHT,SNOW,WET
6836 ,33803139,MONROE,Rochester,,,N,43.1583687,-77.6153521,03/11/2011,1:31 AM,PROPERTY DAMAGE AND INJURY,1.,0 ,1 ,COLLISION WITH OTHER FIXED OBJECT,OTHER,TRAFFIC SIGNAL,DARK-ROAD LIGHTED,CLEAR,WET
6836 ,33803141,MONROE,Rochester,,,N,43.141813,-77.594786,03/09/2011,2:34 PM,PROPERTY DAMAGE AND INJURY,2.,0 ,2 ,COLLISION WITH MOTOR VEHICLE,LEFT TURN (WITH OTHER CAR),TRAFFIC SIGNAL,DAYLIGHT,SLEET/HAIL/FREEZING RAIN,WET
6836 ,33803155,MONROE,Rochester,,,N,43.1825993,-77.625026,03/10/2011,5:43 AM,INJURY,1.,0 ,1 ,COLLISION WITH PEDESTRIAN,OTHER,TRAFFIC SIGNAL,DAWN,RAIN,WET
6836 ,33803158,MONROE,Rochester,,104 43032004,Y,43.203228,-77.651699,03/10/2011,5:25 PM,PROPERTY DAMAGE AND INJURY,1.,0 ,3 ,COLLISION WITH MOTOR VEHICLE,OTHER,TRAFFIC SIGNAL,DARK-ROAD LIGHTED,CLEAR,DRY
6836 ,33803692,MONROE,Brighton,,,Y,43.107053,-77.600028,03/11/2011,5:34 PM,INJURY,1.,0 ,3 ,COLLISION WITH MOTOR VEHICLE,OTHER,NONE,DAYLIGHT,SNOW,WET
6836 ,33803700,MONROE,Pittsford,,,N,43.090769,-77.5150871,03/12/2011,11:54 AM,INJURY,1.,0 ,2 ,COLLISION WITH MOTOR VEHICLE,REAR END,NONE,DAYLIGHT,CLOUDY,DRY
6836 ,33803702,MONROE,Mendon,,15A43041012,N,42.9600633,-77.6202175,03/11/2011,9:00 AM,PROPERTY DAMAGE AND INJURY,2.,0 ,2 ,COLLISION WITH MOTOR VEHICLE,RIGHT ANGLE,STOP SIGN,DAYLIGHT,CLOUDY,DRY
6836 ,33803777,MONROE,Rochester,,,Y,43.152875,-77.60479,03/10/2011,10:45 AM,PROPERTY DAMAGE AND INJURY,2.,0 ,2 ,COLLISION WITH MOTOR VEHICLE,RIGHT ANGLE,TRAFFIC SIGNAL,DAYLIGHT,RAIN,WET
6836 ,33803780,MONROE,Rochester,,,N,43.1447576,-77.6268212,03/12/2011,3:31 PM,INJURY,1.,0 ,4 ,COLLISION WITH MOTOR VEHICLE,OTHER,NONE,DAYLIGHT,CLEAR,WET
6836 ,33803781,MONROE,Rochester,,,N,43.188161,-77.560977,03/11/2011,5:16 PM,INJURY,1.,0 ,1 ,COLLISION WITH BICYCLIST,OTHER,TRAFFIC SIGNAL,DAYLIGHT,SNOW,WET
6836 ,33803783,MONROE,Rochester,,,N,43.1475785,-77.5590405,03/06/2011,6:52 AM,INJURY,1.,0 ,1 ,COLLISION WITH CURBING,OTHER,NONE,DAYLIGHT,SNOW,SNOW/ICE
6836 ,33803789,MONROE,Rochester,,,Y,43.171339,-77.567848,03/11/2011,3:22 PM,INJURY,1.,0 ,2 ,COLLISION WITH MOTOR VEHICLE,REAR END,NONE,DAYLIGHT,RAIN,WET
6836 ,33803790,MONROE,Rochester,,,N,43.1553922,-77.6056316,03/09/2011,1:32 PM,INJURY,1.,0 ,1 ,COLLISION WITH PEDESTRIAN,OTHER,NONE,DAYLIGHT,SLEET/HAIL/FREEZING RAIN,WET
6836 ,33803807,MONROE,Rochester,,590I43012001,N,43.1380304,-77.5527322,03/04/2011,5:55 PM,PROPERTY DAMAGE AND INJURY,2.,0 ,2 ,COLLISION WITH MOTOR VEHICLE,REAR END,NONE,DARK-ROAD LIGHTED,RAIN,WET
6836 ,33803929,MONROE,Greece,,,Y,43.238365,-77.659119,03/11/2011,7:43 PM,PROPERTY DAMAGE AND INJURY,2.,0 ,2 ,COLLISION WITH MOTOR VEHICLE,HEAD ON,TRAFFIC SIGNAL,DARK-ROAD LIGHTED,RAIN,WET
6836 ,33804442,MONROE,Rochester,,,N,43.1602397,-77.5659814,12/31/2010,8:37 PM,INJURY,1.,0 ,1 ,COLLISION WITH PEDESTRIAN,OTHER,NONE,DARK-ROAD LIGHTED,RAIN,WET
6836 ,33804569,MONROE,Rochester,,,Y,43.179212,-77.659079,02/24/2011,9:27 PM,INJURY,1.,0 ,2 ,COLLISION WITH MOTOR VEHICLE,RIGHT ANGLE,TRAFFIC SIGNAL,DARK-ROAD LIGHTED,CLOUDY,WET
6836 ,33804691,MONROE,Rochester,,,Y,43.158082,-77.604826,02/10/2011,8:54 AM,INJURY,1.,0 ,1 ,COLLISION WITH PEDESTRIAN,OTHER,TRAFFIC SIGNAL,DAYLIGHT,CLEAR,WET
6836 ,33804730,MONROE,Greece,,,Y,43.236685,-77.655101,03/07/2011,11:22 AM,PROPERTY DAMAGE AND INJURY,2.,0 ,2 ,COLLISION WITH MOTOR VEHICLE,RIGHT ANGLE,STOP SIGN,DAYLIGHT,CLEAR,DRY
6836 ,33805946,MONROE,Irondequoit,,,N,43.196444,-77.5767859,02/24/2011,4:15 PM,PROPERTY DAMAGE AND INJURY,1.,0 ,3 ,COLLISION WITH MOTOR VEHICLE,OTHER,TRAFFIC SIGNAL,DAYLIGHT,CLOUDY,WET
6836 ,33805947,MONROE,Rochester,,,N,43.193511,-77.592213,02/25/2011,3:05 PM,PROPERTY DAMAGE AND INJURY,1.,0 ,3 ,COLLISION WITH MOTOR VEHICLE,OTHER,TRAFFIC SIGNAL,DAYLIGHT,SNOW,SNOW/ICE
6836 ,33806305,MONROE,Rochester,,,N,43.1430506,-77.5940911,01/20/2011,3:00 PM,PROPERTY DAMAGE AND INJURY,1.,0 ,2 ,COLLISION WITH MOTOR VEHICLE,REAR END,TRAFFIC SIGNAL,DAYLIGHT,CLOUDY,WET
6836 ,33806872,MONROE,Rochester,,,Y,43.158068,-77.602343,03/13/2011,2:48 PM,INJURY,1.,0 ,2 ,COLLISION WITH MOTOR VEHICLE,RIGHT ANGLE,TRAFFIC SIGNAL,DAYLIGHT,CLOUDY,DRY
6836 ,33807463,MONROE,Gates,,,Y,43.130857,-77.689883,03/14/2011,1:50 PM,PROPERTY DAMAGE AND INJURY,2.,0 ,3 ,COLLISION WITH MOTOR VEHICLE,OTHER,TRAFFIC SIGNAL,DAYLIGHT,CLOUDY,DRY
6836 ,33807466,MONROE,Chili,,,N,43.1098636,-77.7016973,03/14/2011,7:50 AM,PROPERTY DAMAGE AND INJURY,2.,0 ,3 ,COLLISION WITH MOTOR VEHICLE,OTHER,NONE,DAYLIGHT,SNOW,SNOW/ICE
6836 ,33807550,MONROE,Rochester,,,Y,43.171432,-77.563957,03/10/2011,11:06 AM,PROPERTY DAMAGE AND INJURY,2.,0 ,2 ,COLLISION WITH MOTOR VEHICLE,HEAD ON,NONE,DAYLIGHT,RAIN,WET
6836 ,33807665,MONROE,Rochester,,,N,43.1494343,-77.5527314,02/10/2011,7:55 AM,PROPERTY DAMAGE AND INJURY,1.,0 ,4 ,COLLISION WITH MOTOR VEHICLE,OTHER,NONE,DAWN,CLEAR,WET
6836 ,33807675,MONROE,Greece,,,N,43.2143352,-77.6958778,03/09/2011,6:50 PM,PROPERTY DAMAGE AND INJURY,1.,0 ,2 ,COLLISION WITH MOTOR VEHICLE,SIDESWIPE,NONE,DARK-ROAD LIGHTED,RAIN,WET
6836 ,33807736,MONROE,Rochester,,,N,43.1309582,-77.6495927,02/23/2011,7:38 PM,INJURY,1.,0 ,2 ,COLLISION WITH MOTOR VEHICLE,REAR END,NONE,DARK-ROAD LIGHTED,CLEAR,DRY
6836 ,33807738,MONROE,Rochester,,,Y,43.192708,-77.633781,03/03/2011,6:15 AM,PROPERTY DAMAGE AND INJURY,1.,0 ,2 ,COLLISION WITH MOTOR VEHICLE,LEFT TURN (WITH OTHER CAR),NONE,DAWN,CLOUDY,DRY
6836 ,33808074,MONROE,Gates,,204 43011034,Y,43.1308754,-77.6583508,03/11/2011,5:32 PM,PROPERTY DAMAGE AND INJURY,1.,0 ,2 ,COLLISION WITH MOTOR VEHICLE,REAR END,NONE,DUSK,SNOW,WET
6836 ,33808075,MONROE,Rochester,,,N,43.196037,-77.561399,02/24/2011,1:48 PM,INJURY,1.,0 ,1 ,COLLISION WITH BICYCLIST,OTHER,TRAFFIC SIGNAL,DAYLIGHT,CLOUDY,WET
6836 ,33808077,MONROE,Brighton,,441 43011101,N,43.1292487,-77.5264746,03/15/2011,3:42 PM,INJURY,1.,0 ,2 ,COLLISION WITH MOTOR VEHICLE,REAR END,TRAFFIC SIGNAL,DAYLIGHT,CLEAR,DRY
6836 ,33808079,MONROE,Irondequoit,,,N,43.203467,-77.5615752,03/09/2011,11:22 AM,INJURY,1.,0 ,2 ,COLLISION WITH MOTOR VEHICLE,REAR END,TRAFFIC SIGNAL,DAYLIGHT,CLOUDY,DRY
6836 ,33808093,MONROE,Gates,,,Y,43.126437,-77.685802,03/14/2011,7:40 AM,PROPERTY DAMAGE AND INJURY,2.,0 ,3 ,COLLISION WITH MOTOR VEHICLE,OTHER,STOP SIGN,DAYLIGHT,CLOUDY,SNOW/ICE
6836 ,33810288,MONROE,Rochester,,,Y,43.214754,-77.644704,01/24/2011,9:15 AM,INJURY,1.,0 ,2 ,COLLISION WITH MOTOR VEHICLE,RIGHT ANGLE,STOP SIGN,DAYLIGHT,SLEET/HAIL/FREEZING RAIN,WET
6836 ,33810289,MONROE,Rochester,,,Y,43.152875,-77.60479,02/22/2011,10:09 AM,PROPERTY DAMAGE AND INJURY,1.,0 ,2 ,COLLISION WITH MOTOR VEHICLE,RIGHT ANGLE,TRAFFIC SIGNAL,DAYLIGHT,CLOUDY,WET
6836 ,33810290,MONROE,Rochester,,96 43052008,Y,43.147054,-77.561812,02/23/2011,8:49 AM,PROPERTY DAMAGE AND INJURY,2.,0 ,2 ,COLLISION WITH MOTOR VEHICLE,UNKNOWN,TRAFFIC SIGNAL,DAYLIGHT,CLEAR,DRY
6836 ,33810435,MONROE,Rochester,,,Y,43.146801,-77.5941409,02/19/2011,2:45 AM,INJURY,1.,0 ,2 ,COLLISION WITH MOTOR VEHICLE,REAR END,NONE,DARK-ROAD LIGHTED,SNOW,SNOW/ICE
6836 ,33810437,MONROE,Rochester,,,Y,43.130922,-77.653697,02/19/2011,4:12 PM,INJURY,1.,0 ,2 ,COLLISION WITH MOTOR VEHICLE,HEAD ON,TRAFFIC SIGNAL,DAYLIGHT,SNOW,SLUSH
6836 ,33810438,MONROE,Rochester,,,Y,43.197516,-77.63326,02/12/2011,2:40 PM,PROPERTY DAMAGE AND INJURY,1.,0 ,2 ,COLLISION WITH MOTOR VEHICLE,RIGHT ANGLE,TRAFFIC SIGNAL,DAYLIGHT,SNOW,SNOW/ICE
6836 ,33810439,MONROE,Rochester,,,Y,43.131052,-77.639666,02/18/2011,1:31 PM,INJURY,1.,0 ,2 ,COLLISION WITH MOTOR VEHICLE,REAR END,NONE,DAYLIGHT,CLEAR,DRY
6836 ,33810440,MONROE,Rochester,,,Y,43.161662,-77.597452,02/20/2011,4:00 PM,INJURY,1.,0 ,2 ,COLLISION WITH MOTOR VEHICLE,REAR END,TRAFFIC SIGNAL,DAYLIGHT,CLEAR,DRY
6836 ,33810449,MONROE,Rochester,,,Y,43.147122,-77.594701,02/16/2011,1:59 PM,INJURY,1.,0 ,1 ,COLLISION WITH PEDESTRIAN,OTHER,TRAFFIC SIGNAL,DAYLIGHT,CLOUDY,DRY
6836 ,33810454,MONROE,Rochester,,,Y,43.171837,-77.621775,02/14/2011,9:46 AM,INJURY,1.,0 ,2 ,COLLISION WITH MOTOR VEHICLE,LEFT TURN (WITH OTHER CAR),TRAFFIC SIGNAL,DAYLIGHT,RAIN,WET
6836 ,33810458,MONROE,Rochester,,,Y,43.168505,-77.580104,02/12/2011,11:30 PM,INJURY,1.,0 ,1 ,COLLISION WITH PEDESTRIAN,OTHER,NONE,DAYLIGHT,UNKNOWN,DRY
6836 ,33810463,MONROE,Rochester,,,Y,43.120102,-77.618321,02/15/2011,1:37 PM,PROPERTY DAMAGE AND INJURY,1.,0 ,2 ,COLLISION WITH MOTOR VEHICLE,UNKNOWN,NONE,DAYLIGHT,CLEAR,DRY
6836 ,33810473,MONROE,Rochester,,,Y,43.164973,-77.622158,02/14/2011,7:30 AM,INJURY,1.,0 ,2 ,COLLISION WITH MOTOR VEHICLE,OTHER,NONE,DAYLIGHT,CLOUDY,WET
6836 ,33810478,MONROE,Rochester,,,Y,43.161064,-77.575566,02/12/2011,10:48 AM,INJURY,4.,0 ,2 ,COLLISION WITH MOTOR VEHICLE,REAR END,NONE,DAYLIGHT,CLEAR,WET
6836 ,33810480,MONROE,Rochester,,,Y,43.166187,-77.562785,02/12/2011,7:41 AM,INJURY,1.,0 ,1 ,COLLISION WITH BICYCLIST,OTHER,STOP SIGN,DAYLIGHT,SNOW,UNKNOWN
6836 ,33810483,MONROE,Rochester,,,N,43.1726328,-77.6285262,02/11/2011,8:55 AM,INJURY,1.,0 ,2 ,COLLISION WITH OTHER PEDESTRIAN,OTHER,NONE,DAYLIGHT,CLEAR,DRY
6836 ,33810574,MONROE,Greece,,,N,43.2166855,-77.7337862,02/10/2011,8:12 AM,PROPERTY DAMAGE AND INJURY,2.,0 ,2 ,COLLISION WITH MOTOR VEHICLE,HEAD ON,NONE,DAYLIGHT,CLEAR,SNOW/ICE
6836 ,33810582,MONROE,Sweden,,,N,43.1688017,-77.9872448,03/11/2011,10:55 PM,PROPERTY DAMAGE AND INJURY,1.,0 ,1 ,COLLISION WITH TREE,OTHER,NONE,DARK-ROAD UNLIGHTED,SNOW,SNOW/ICE
6836 ,33810583,MONROE,Webster,,,N,43.213737,-77.5155469,03/15/2011,12:35 PM,PROPERTY DAMAGE AND INJURY,1.,0 ,2 ,COLLISION WITH MOTOR VEHICLE,RIGHT ANGLE,TRAFFIC SIGNAL,DAYLIGHT,CLEAR,DRY
6836 ,33810587,MONROE,Henrietta,,252 43011069,N,43.0884858,-77.6381894,03/16/2011,9:50 AM,INJURY,1.,0 ,2 ,COLLISION WITH MOTOR VEHICLE,OVERTAKING,NONE,DAYLIGHT,CLOUDY,WET
6836 ,33810590,MONROE,Webster,,,N,43.199655,-77.4004305,03/14/2011,12:56 PM,PROPERTY DAMAGE AND INJURY,1.,0 ,1 ,COLLISION WITH OTHER FIXED OBJECT,OTHER,NONE,DAYLIGHT,CLEAR,DRY
6836 ,33810595,MONROE,Perinton,,,N,43.0873553,-77.3857743,03/07/2011,4:01 PM,PROPERTY DAMAGE AND INJURY,3.,0 ,2 ,COLLISION WITH MOTOR VEHICLE,REAR END,NONE,DAYLIGHT,CLEAR,DRY
6836 ,33810609,MONROE,Penfield,,,Y,43.189866,-77.5039131,03/14/2011,6:03 PM,INJURY,1.,0 ,2 ,COLLISION WITH MOTOR VEHICLE,REAR END,TRAFFIC SIGNAL,DAYLIGHT,CLOUDY,DRY
6836 ,33810731,MONROE,Greece,,104 43031162,Y,43.2090418,-77.6900582,03/15/2011,12:01 PM,PROPERTY DAMAGE AND INJURY,4.,0 ,2 ,COLLISION WITH MOTOR VEHICLE,LEFT TURN (WITH OTHER CAR),TRAFFIC SIGNAL,DARK-ROAD LIGHTED,CLOUDY,DRY
6836 ,33810919,MONROE,Rochester,,,N,43.156692,-77.6386654,03/15/2011,5:38 AM,PROPERTY DAMAGE AND INJURY,1.,0 ,2 ,COLLISION WITH MOTOR VEHICLE,REAR END,NONE,DAYLIGHT,CLEAR,DRY
6836 ,33810937,MONROE,Rochester,,,N,43.14944,-77.5531061,03/16/2011,7:58 PM,PROPERTY DAMAGE AND INJURY,1.,0 ,2 ,COLLISION WITH MOTOR VEHICLE,HEAD ON,TRAFFIC SIGNAL,DARK-ROAD LIGHTED,CLEAR,DRY