QUERYID,CASE #,REGN_CNTY_CDE,Municipality,MUNITYPE,REF_MRKR,ATINTERSECTION_IND,Lat,Long,,Time,Crash Type,Injuries,Fatalities,Number of Vehicles,ACCD_TYP,COLLISION_TYP,TRAF_CNTL,Light Condition,Weather Condition,Road Surface Condition
6836 ,33810938,MONROE,Rochester,,104 43032021,N,43.1937156,-77.6231533,03/14/2011,5:05 PM,PROPERTY DAMAGE AND INJURY,1.,0 ,2 ,COLLISION WITH MOTOR VEHICLE,REAR END,NONE,DAYLIGHT,CLOUDY,DRY
6836 ,33811016,MONROE,Brighton,,,Y,43.105967,-77.576799,03/17/2011,5:44 PM,PROPERTY DAMAGE AND INJURY,1.,0 ,1 ,COLLISION WITH BICYCLIST,OTHER,TRAFFIC SIGNAL,DAYLIGHT,CLOUDY,DRY
6836 ,33811158,MONROE,Greece,,,Y,43.186914,-77.701511,03/15/2011,10:13 AM,PROPERTY DAMAGE AND INJURY,1.,0 ,2 ,COLLISION WITH MOTOR VEHICLE,RIGHT TURN (AGAINST OTHER CAR),TRAFFIC SIGNAL,DAYLIGHT,CLEAR,DRY
6836 ,33811488,MONROE,Gates,,490I43021168,N,43.15708,-77.6866017,03/16/2011,9:54 PM,PROPERTY DAMAGE AND INJURY,1.,0 ,1 ,COLL. W/EARTH ELE./ROCK CUT/DITCH,OTHER,NONE,DARK-ROAD LIGHTED,CLEAR,DRY
6836 ,33811490,MONROE,Henrietta,,,Y,43.090811,-77.610576,03/16/2011,11:40 PM,PROPERTY DAMAGE AND INJURY,1.,0 ,2 ,COLLISION WITH MOTOR VEHICLE,OVERTAKING,TRAFFIC SIGNAL,DARK-ROAD LIGHTED,CLOUDY,DRY
6836 ,33811493,MONROE,Parma,,,N,43.3119411,-77.7747777,03/18/2011,2:40 AM,PROPERTY DAMAGE AND INJURY,3.,0 ,1 ,COLL. W/LIGHT SUPPORT/UTILITY POLE,OTHER,NONE,DARK-ROAD UNLIGHTED,CLOUDY,DRY
6836 ,33811550,MONROE,Rochester,,,Y,43.144757,-77.6011121,03/07/2011,11:20 AM,PROPERTY DAMAGE AND INJURY,1.,0 ,2 ,COLLISION WITH MOTOR VEHICLE,REAR END,TRAFFIC SIGNAL,DAYLIGHT,CLEAR,SNOW/ICE
6836 ,33811557,MONROE,Rochester,,,Y,43.1672594,-77.6105694,03/15/2011,9:42 AM,INJURY,1.,0 ,2 ,COLLISION WITH MOTOR VEHICLE,SIDESWIPE,POLICE/FIRE EMERGENCY,DAYLIGHT,CLEAR,DRY
6836 ,33811560,MONROE,Rochester,,,Y,43.170575,-77.59779,03/11/2011,10:53 AM,PROPERTY DAMAGE AND INJURY,1.,0 ,2 ,COLLISION WITH MOTOR VEHICLE,RIGHT ANGLE,TRAFFIC SIGNAL,DAYLIGHT,CLOUDY,DRY
6836 ,33811562,MONROE,Rochester,,,N,43.1495956,-77.5720525,03/16/2011,7:44 AM,PROPERTY DAMAGE AND INJURY,3.,0 ,3 ,COLLISION WITH MOTOR VEHICLE,OTHER,TRAFFIC SIGNAL,DAYLIGHT,RAIN,WET
6836 ,33811563,MONROE,Rochester,,,N,43.1571379,-77.6064823,03/07/2011,12:09 PM,PROPERTY DAMAGE AND INJURY,1.,0 ,2 ,COLLISION WITH MOTOR VEHICLE,REAR END,TRAFFIC SIGNAL,DAYLIGHT,CLEAR,WET
6836 ,33811601,MONROE,Irondequoit,,590 43013009,N,43.1804942,-77.5428961,03/09/2011,11:39 AM,INJURY,1.,0 ,1 ,COLLISION WITH OTHER BARRIER,OTHER,NONE,DAYLIGHT,CLOUDY,DRY
6836 ,33811791,MONROE,Rochester,,490I43022013,N,43.1570652,-77.6480809,03/16/2011,8:24 AM,PROPERTY DAMAGE AND INJURY,1.,0 ,5 ,COLLISION WITH MOTOR VEHICLE,OTHER,NONE,DAYLIGHT,RAIN,WET
6836 ,33811891,MONROE,Penfield,,,N,43.1303617,-77.450938,03/12/2011,4:05 AM,PROPERTY DAMAGE AND INJURY,1.,0 ,1 ,COLLISION WITH SIGN POST,OTHER,STOP SIGN,DARK-ROAD LIGHTED,CLOUDY,DRY
6836 ,33811902,MONROE,Pittsford,,96 43051058,N,43.090116,-77.5157495,03/03/2011,7:38 AM,PROPERTY DAMAGE AND INJURY,1.,0 ,2 ,COLLISION WITH MOTOR VEHICLE,OVERTAKING,NONE,DAYLIGHT,CLEAR,DRY
6836 ,33811924,MONROE,Brighton,,441 43011110,N,43.129148,-77.5249395,02/25/2011,11:00 AM,PROPERTY DAMAGE AND INJURY,1.,0 ,1 ,COLLISION WITH PEDESTRIAN,OTHER,NONE,DAYLIGHT,SNOW,SNOW/ICE
6836 ,33811925,MONROE,Sweden,,,N,43.1990183,-77.9494837,03/16/2011,2:21 PM,PROPERTY DAMAGE AND INJURY,2.,0 ,3 ,COLLISION WITH MOTOR VEHICLE,OTHER,STOP SIGN,DAYLIGHT,CLOUDY,DRY
6836 ,33811928,MONROE,Pittsford,,490I43021047,N,43.1144276,-77.5065238,03/06/2011,12:20 PM,PROPERTY DAMAGE AND INJURY,1.,0 ,1 ,COLLISION WITH BUILDING/WALL,OTHER,NONE,DAYLIGHT,SNOW,SNOW/ICE
6836 ,33811932,MONROE,Pittsford,,,N,43.110827,-77.507042,02/12/2011,8:30 AM,PROPERTY DAMAGE AND INJURY,1.,0 ,2 ,COLLISION WITH MOTOR VEHICLE,RIGHT ANGLE,YIELD SIGN,DAYLIGHT,SNOW,SNOW/ICE
6836 ,33811935,MONROE,Perinton,,,N,43.1077334,-77.4638994,03/03/2011,7:35 AM,PROPERTY DAMAGE AND INJURY,1.,0 ,2 ,COLLISION WITH MOTOR VEHICLE,REAR END,NO PASSING ZONE,DAYLIGHT,CLEAR,DRY
6836 ,33811938,MONROE,Penfield,,286 43011068,Y,43.159736,-77.412259,03/08/2011,6:18 AM,PROPERTY DAMAGE AND INJURY,1.,0 ,2 ,COLLISION WITH MOTOR VEHICLE,RIGHT ANGLE,STOP SIGN,DAWN,CLEAR,DRY
6836 ,33811939,MONROE,Pittsford,,96 43051055,N,43.0864166,-77.5177786,03/05/2011,12:05 PM,PROPERTY DAMAGE AND INJURY,1.,0 ,2 ,COLLISION WITH MOTOR VEHICLE,REAR END,NONE,DAYLIGHT,RAIN,WET
6836 ,33812079,MONROE,Rochester,,940K43011007,N,43.1622867,-77.6595544,03/18/2011,8:17 AM,PROPERTY DAMAGE AND INJURY,1.,0 ,2 ,COLLISION WITH MOTOR VEHICLE,REAR END,NONE,DAYLIGHT,CLEAR,DRY
6836 ,33812087,MONROE,Rochester,,,N,43.1701888,-77.6119873,03/18/2011,6:59 AM,INJURY,1.,0 ,2 ,COLLISION WITH MOTOR VEHICLE,REAR END,TRAFFIC SIGNAL,DUSK,CLOUDY,DRY
6836 ,33812109,MONROE,Greece,,,Y,43.186914,-77.701511,03/16/2011,3:01 PM,PROPERTY DAMAGE AND INJURY,1.,0 ,2 ,COLLISION WITH MOTOR VEHICLE,LEFT TURN (AGAINST OTHER CAR),TRAFFIC SIGNAL,DAYLIGHT,CLOUDY,DRY
6836 ,33812111,MONROE,Greece,,104 43031168,N,43.2066325,-77.6753517,03/14/2011,4:19 PM,INJURY,1.,0 ,2 ,COLLISION WITH MOTOR VEHICLE,REAR END,TRAFFIC SIGNAL,DAYLIGHT,CLEAR,DRY
6836 ,33812119,MONROE,Greece,,,N,43.252886,-77.667925,03/01/2011,7:36 PM,INJURY,1.,0 ,2 ,COLLISION WITH MOTOR VEHICLE,RIGHT ANGLE,TRAFFIC SIGNAL,DARK-ROAD LIGHTED,CLEAR,DRY
6836 ,33812300,MONROE,Mendon,,15A43041012,Y,42.960358,-77.620184,03/11/2011,4:20 PM,PROPERTY DAMAGE AND INJURY,2.,0 ,2 ,COLLISION WITH MOTOR VEHICLE,RIGHT ANGLE,STOP SIGN,DAYLIGHT,CLOUDY,WET
6836 ,33812302,MONROE,Gates,,,Y,43.164707,-77.680705,03/19/2011,5:07 PM,INJURY,1.,0 ,2 ,COLLISION WITH MOTOR VEHICLE,REAR END,TRAFFIC SIGNAL,DAYLIGHT,CLEAR,DRY
6836 ,33812303,MONROE,Brighton,,65 43031127,Y,43.111017,-77.547717,03/20/2011,10:38 AM,PROPERTY DAMAGE AND INJURY,2.,0 ,2 ,COLLISION WITH MOTOR VEHICLE,RIGHT ANGLE,TRAFFIC SIGNAL,DAYLIGHT,CLEAR,DRY
6836 ,33812305,MONROE,Chili,,259 43011009,N,43.1056821,-77.8019384,03/14/2011,8:10 AM,PROPERTY DAMAGE AND INJURY,2.,0 ,2 ,COLLISION WITH MOTOR VEHICLE,HEAD ON,NONE,DAYLIGHT,SNOW,WET
6836 ,33812318,MONROE,Gates,,33 43031138,Y,43.149974,-77.677332,03/20/2011,2:02 PM,PROPERTY DAMAGE AND INJURY,1.,0 ,1 ,COLL. W/LIGHT SUPPORT/UTILITY POLE,OTHER,NONE,DAYLIGHT,CLOUDY,DRY
6836 ,33812326,MONROE,Brighton,,,N,43.0995092,-77.5584509,03/20/2011,11:30 AM,PROPERTY DAMAGE AND INJURY,1.,0 ,2 ,COLLISION WITH MOTOR VEHICLE,REAR END,NONE,DAYLIGHT,CLEAR,DRY
6836 ,33812330,MONROE,Rochester,,18 43032011,N,43.2019327,-77.6386952,03/09/2011,9:04 AM,PROPERTY DAMAGE AND INJURY,1.,0 ,2 ,COLLISION WITH MOTOR VEHICLE,SIDESWIPE,NONE,DAYLIGHT,CLOUDY,DRY
6836 ,33812335,MONROE,Mendon,,251 43011217,N,42.9932574,-77.5657323,03/17/2011,3:37 PM,PROPERTY DAMAGE AND INJURY,1.,0 ,1 ,OVERTURNED,OTHER,NONE,DAYLIGHT,CLEAR,DRY
6836 ,33812336,MONROE,Henrietta,,,N,43.076036,-77.62672,03/11/2011,2:30 PM,PROPERTY DAMAGE AND INJURY,1.,0 ,3 ,COLLISION WITH MOTOR VEHICLE,OTHER,TRAFFIC SIGNAL,DAYLIGHT,CLOUDY,DRY
6836 ,33812337,MONROE,Brighton,,31 43033021,N,43.1118509,-77.5488413,03/19/2011,2:23 PM,PROPERTY DAMAGE AND INJURY,2.,0 ,2 ,COLLISION WITH MOTOR VEHICLE,RIGHT ANGLE,NONE,DAYLIGHT,CLOUDY,DRY
6836 ,33812340,MONROE,Henrietta,,,N,43.0953487,-77.5971278,03/11/2011,4:50 PM,PROPERTY DAMAGE AND INJURY,2.,0 ,2 ,COLLISION WITH MOTOR VEHICLE,REAR END,NONE,DAYLIGHT,SNOW,WET
6836 ,33812366,MONROE,Rochester,,,N,43.1406221,-77.5779535,03/19/2011,1:43 AM,PROPERTY DAMAGE AND INJURY,1.,0 ,3 ,COLLISION WITH MOTOR VEHICLE,OTHER,NONE,DARK-ROAD LIGHTED,CLEAR,DRY
6836 ,33812369,MONROE,Rochester,,33A43022004,Y,43.1427242,-77.6586873,03/19/2011,6:04 AM,PROPERTY DAMAGE AND INJURY,1.,0 ,2 ,COLLISION WITH CURBING,HEAD ON,NONE,DAWN,CLEAR,DRY
6836 ,33812375,MONROE,Rochester,,,N,43.136155,-77.59811,03/18/2011,2:40 AM,PROPERTY DAMAGE AND INJURY,1.,0 ,2 ,COLLISION WITH MOTOR VEHICLE,RIGHT ANGLE,STOP SIGN,DARK-ROAD LIGHTED,CLEAR,DRY
6836 ,33812378,MONROE,Rochester,,,N,43.1522022,-77.6277426,03/20/2011,2:24 AM,PROPERTY DAMAGE AND INJURY,1.,0 ,2 ,COLLISION WITH MOTOR VEHICLE,LEFT TURN (WITH OTHER CAR),NONE,DARK-ROAD LIGHTED,CLEAR,DRY
6836 ,33812590,MONROE,Rochester,,,Y,43.186812,-77.599571,03/11/2011,5:43 PM,INJURY,1.,0 ,3 ,COLLISION WITH MOTOR VEHICLE,OTHER,TRAFFIC SIGNAL,DUSK,SNOW,WET
6836 ,33813302,MONROE,Rochester,,,N,43.196037,-77.561399,03/11/2011,10:00 PM,PROPERTY DAMAGE AND INJURY,1.,0 ,2 ,COLLISION WITH MOTOR VEHICLE,OVERTAKING,TRAFFIC SIGNAL,DARK-ROAD LIGHTED,SLEET/HAIL/FREEZING RAIN,SNOW/ICE
6836 ,33813348,MONROE,Rochester,,,Y,43.1500362,-77.5997931,03/18/2011,2:05 AM,INJURY,1.,0 ,1 ,COLLISION WITH PEDESTRIAN,OTHER,NONE,DARK-ROAD LIGHTED,CLEAR,DRY
6836 ,33813399,MONROE,Webster,,,N,43.2349469,-77.5333331,02/05/2011,7:58 PM,PROPERTY DAMAGE AND INJURY,1.,0 ,2 ,COLLISION WITH MOTOR VEHICLE,HEAD ON,NONE,DARK-ROAD UNLIGHTED,SNOW,WET
6836 ,33814576,MONROE,Scottsville,,383 43011062,N,43.0199559,-77.7484553,03/20/2011,7:40 PM,INJURY,1.,0 ,1 ,COLLISION WITH CURBING,OTHER,NONE,DARK-ROAD LIGHTED,CLOUDY,DRY
6836 ,33814888,MONROE,Rochester,,,Y,43.173792,-77.599477,01/05/2011,4:00 PM,PROPERTY DAMAGE AND INJURY,3.,0 ,2 ,COLLISION WITH MOTOR VEHICLE,LEFT TURN (WITH OTHER CAR),STOP SIGN,DAYLIGHT,CLOUDY,SNOW/ICE
6836 ,33815289,MONROE,Greece,,104 43031167,Y,43.207118,-77.679265,03/21/2011,3:07 PM,PROPERTY DAMAGE AND INJURY,1.,0 ,2 ,COLLISION WITH MOTOR VEHICLE,REAR END,TRAFFIC SIGNAL,DAYLIGHT,CLOUDY,DRY
6836 ,33815292,MONROE,Greece,,104 43031173,Y,43.205084,-77.66632,03/20/2011,4:15 PM,PROPERTY DAMAGE AND INJURY,1.,0 ,2 ,COLLISION WITH MOTOR VEHICLE,OVERTAKING,TRAFFIC SIGNAL,DAYLIGHT,CLEAR,DRY
6836 ,33815726,MONROE,Penfield,,,Y,43.195581,-77.5008891,02/03/2011,6:10 PM,PROPERTY DAMAGE AND INJURY,1.,0 ,2 ,COLLISION WITH MOTOR VEHICLE,REAR END,UNKNOWN,UNKNOWN,UNKNOWN,UNKNOWN
6836 ,33815791,MONROE,Rochester,,,Y,43.14176,-77.598004,01/20/2011,9:15 AM,INJURY,1.,0 ,2 ,COLLISION WITH MOTOR VEHICLE,REAR END,TRAFFIC SIGNAL,DAYLIGHT,CLOUDY,SNOW/ICE
6836 ,33815907,MONROE,Irondequoit,,,Y,43.200362,-77.596411,03/02/2011,7:53 PM,INJURY,2.,0 ,1 ,COLLISION WITH PEDESTRIAN,OTHER,NONE,DARK-ROAD UNLIGHTED,CLOUDY,DRY
6836 ,33816123,MONROE,Rochester,,,N,43.2085367,-77.629737,03/21/2011,5:41 PM,PROPERTY DAMAGE AND INJURY,4.,0 ,2 ,COLLISION WITH MOTOR VEHICLE,HEAD ON,NONE,DAYLIGHT,CLOUDY,DRY
6836 ,33816124,MONROE,Rochester,,,Y,43.167235,-77.599661,03/14/2011,2:39 PM,PROPERTY DAMAGE AND INJURY,1.,0 ,2 ,COLLISION WITH MOTOR VEHICLE,REAR END,TRAFFIC SIGNAL,DAYLIGHT,CLEAR,DRY
6836 ,33816126,MONROE,Rochester,,,Y,43.179197,-77.680595,03/11/2011,12:37 PM,INJURY,1.,0 ,2 ,COLLISION WITH MOTOR VEHICLE,REAR END,TRAFFIC SIGNAL,DAYLIGHT,CLOUDY,DRY
6836 ,33816129,MONROE,Rochester,,,N,43.159341,-77.64399,03/21/2011,8:53 PM,INJURY,1.,0 ,2 ,COLLISION WITH MOTOR VEHICLE,REAR END,TRAFFIC SIGNAL,DARK-ROAD LIGHTED,CLEAR,DRY
6836 ,33816131,MONROE,Rochester,,,N,43.1497642,-77.5715594,03/20/2011,1:27 AM,PROPERTY DAMAGE AND INJURY,1.,0 ,1 ,COLLISION WITH TREE,OTHER,NONE,DARK-ROAD LIGHTED,CLEAR,DRY
6836 ,33816176,MONROE,Greece,,,Y,43.245416,-77.696531,03/22/2011,7:08 AM,PROPERTY DAMAGE AND INJURY,1.,0 ,2 ,COLLISION WITH MOTOR VEHICLE,RIGHT ANGLE,TRAFFIC SIGNAL,DUSK,CLOUDY,DRY
6836 ,33816452,MONROE,Rochester,,,N,43.1566956,-77.6392554,03/23/2011,9:30 AM,PROPERTY DAMAGE AND INJURY,3.,0 ,1 ,COLL. W/EARTH ELE./ROCK CUT/DITCH,OTHER,NONE,DAYLIGHT,SNOW,SNOW/ICE
6836 ,33816683,MONROE,Irondequoit,,,Y,43.197049,-77.592437,03/17/2011,7:54 PM,PROPERTY DAMAGE AND INJURY,2.,0 ,2 ,COLLISION WITH MOTOR VEHICLE,UNKNOWN,TRAFFIC SIGNAL,DARK-ROAD LIGHTED,CLEAR,DRY
6836 ,33816692,MONROE,Pittsford,,65 43031111,Y,43.087271,-77.542635,02/25/2011,2:41 PM,PROPERTY DAMAGE AND INJURY,1.,0 ,2 ,COLLISION WITH MOTOR VEHICLE,RIGHT ANGLE,TRAFFIC SIGNAL,DAYLIGHT,SNOW,SNOW/ICE
6836 ,33816705,MONROE,Brighton,,,Y,43.136214,-77.575505,03/23/2011,3:14 PM,PROPERTY DAMAGE AND INJURY,2.,0 ,3 ,COLLISION WITH MOTOR VEHICLE,OTHER,TRAFFIC SIGNAL,DAYLIGHT,SNOW,SNOW/ICE
6836 ,33816706,MONROE,Perinton,,31 43033108,N,43.06448,-77.3975154,03/10/2011,12:35 PM,PROPERTY DAMAGE AND INJURY,1.,0 ,2 ,COLLISION WITH MOTOR VEHICLE,REAR END,TRAFFIC SIGNAL,DAYLIGHT,CLOUDY,DRY
6836 ,33816708,MONROE,Brockport,,,N,43.2138688,-77.9450697,03/20/2011,2:46 PM,PROPERTY DAMAGE AND INJURY,1.,0 ,1 ,COLLISION WITH TREE,OTHER,NONE,DAYLIGHT,CLOUDY,DRY
6836 ,33816719,MONROE,Perinton,,,N,43.0805656,-77.4124193,03/17/2011,3:25 PM,PROPERTY DAMAGE AND INJURY,1.,0 ,2 ,COLLISION WITH MOTOR VEHICLE,RIGHT ANGLE,NONE,DAYLIGHT,CLEAR,DRY
6836 ,33816725,MONROE,Gates,,31 43031169,Y,43.171781,-77.711809,03/23/2011,3:14 PM,PROPERTY DAMAGE AND INJURY,5.,0 ,2 ,COLLISION WITH MOTOR VEHICLE,LEFT TURN (WITH OTHER CAR),NONE,DAYLIGHT,SNOW,SNOW/ICE
6836 ,33816736,MONROE,Gates,,,N,43.145271,-77.717974,03/23/2011,3:21 PM,PROPERTY DAMAGE AND INJURY,1.,0 ,2 ,COLLISION WITH MOTOR VEHICLE,RIGHT TURN (AGAINST OTHER CAR),NONE,DAYLIGHT,SNOW,SNOW/ICE
6836 ,33816804,MONROE,Rochester,,,Y,43.151935,-77.628952,03/23/2011,3:16 PM,INJURY,2.,0 ,3 ,COLLISION WITH MOTOR VEHICLE,OTHER,TRAFFIC SIGNAL,DAYLIGHT,SNOW,SNOW/ICE
6836 ,33816819,MONROE,Rochester,,,N,43.1613422,-77.5467027,03/18/2011,3:20 PM,INJURY,1.,0 ,2 ,COLLISION WITH MOTOR VEHICLE,SIDESWIPE,NONE,DAYLIGHT,CLEAR,DRY
6836 ,33816830,MONROE,Rochester,,,Y,43.153002,-77.632294,03/22/2011,7:47 PM,PROPERTY DAMAGE AND INJURY,1.,0 ,1 ,COLLISION WITH PEDESTRIAN,OTHER,NONE,DARK-ROAD LIGHTED,CLOUDY,DRY
6836 ,33816834,MONROE,Rochester,,33 43032011,Y,43.149959,-77.6522699,03/23/2011,4:01 PM,PROPERTY DAMAGE AND INJURY,1.,0 ,2 ,COLLISION WITH MOTOR VEHICLE,REAR END,TRAFFIC SIGNAL,DAYLIGHT,SNOW,SNOW/ICE
6836 ,33816997,MONROE,Rochester,,,N,43.178077,-77.6078107,03/15/2011,6:10 PM,PROPERTY DAMAGE AND INJURY,1.,0 ,1 ,COLLISION WITH BICYCLIST,OTHER,NONE,DAYLIGHT,CLEAR,DRY
6836 ,33816998,MONROE,Rochester,,,N,43.1717232,-77.6282548,03/19/2011,5:13 PM,INJURY,1.,0 ,1 ,COLLISION WITH BICYCLIST,OTHER,NONE,DAYLIGHT,CLEAR,DRY
6836 ,33817407,MONROE,Chili,,259 43011006,N,43.1015361,-77.8005231,01/25/2011,3:55 PM,PROPERTY DAMAGE AND INJURY,2.,0 ,2 ,COLLISION WITH MOTOR VEHICLE,REAR END,NONE,DAYLIGHT,CLOUDY,DRY
6836 ,33817613,MONROE,Rochester,,,Y,43.181109,-77.587349,02/17/2011,12:44 PM,INJURY,1.,0 ,2 ,COLLISION WITH MOTOR VEHICLE,REAR END,TRAFFIC SIGNAL,DAYLIGHT,CLOUDY,DRY
6836 ,33817621,MONROE,Greece,,,N,43.192264,-77.6783442,02/21/2011,12:48 PM,PROPERTY DAMAGE AND INJURY,2.,0 ,2 ,COLLISION WITH MOTOR VEHICLE,UNKNOWN,NONE,DAYLIGHT,CLEAR,WET
6836 ,33817660,MONROE,Rochester,,,Y,43.130512,-77.614301,02/27/2011,9:06 AM,INJURY,1.,0 ,1 ,COLLISION WITH CURBING,OTHER,TRAFFIC SIGNAL,DAYLIGHT,CLEAR,WET
6836 ,33817668,MONROE,Rochester,,490I43022028,N,43.1550749,-77.6207322,03/23/2011,11:50 AM,PROPERTY DAMAGE AND INJURY,1.,0 ,1 ,COLLISION WITH GUIDE RAIL,OTHER,NONE,DAYLIGHT,SNOW,WET
6836 ,33817676,MONROE,Irondequoit,,,N,43.1972377,-77.5531919,03/23/2011,2:25 PM,INJURY,1.,0 ,2 ,COLLISION WITH MOTOR VEHICLE,REAR END,NONE,DAYLIGHT,SNOW,WET
6836 ,33817685,MONROE,Rochester,,104 43032026,N,43.191441,-77.614284,03/23/2011,3:30 PM,PROPERTY DAMAGE AND INJURY,1.,0 ,1 ,COLLISION WITH MEDIAN/BARRIER,OTHER,NONE,DAYLIGHT,SNOW,SNOW/ICE
6836 ,33817689,MONROE,Rochester,,104 43032039,N,43.1945098,-77.5880543,03/23/2011,3:30 PM,INJURY,1.,0 ,1 ,COLL. W/LIGHT SUPPORT/UTILITY POLE,OTHER,NONE,DAYLIGHT,SNOW,SNOW/ICE
6836 ,33817974,MONROE,Greece,,,N,43.223722,-77.6636987,03/23/2011,10:37 AM,PROPERTY DAMAGE AND INJURY,2.,0 ,2 ,COLLISION WITH MOTOR VEHICLE,REAR END,TRAFFIC SIGNAL,DAYLIGHT,CLOUDY,SNOW/ICE
6836 ,33818323,MONROE,Rochester,,490I43022006,N,43.1573613,-77.661362,03/19/2011,1:54 PM,PROPERTY DAMAGE AND INJURY,3.,0 ,2 ,COLLISION WITH MOTOR VEHICLE,OVERTAKING,NONE,DAYLIGHT,CLOUDY,DRY
6836 ,33818336,MONROE,Rochester,,940T43011009,N,43.1614354,-77.6075521,03/23/2011,4:37 PM,PROPERTY DAMAGE AND INJURY,1.,0 ,2 ,COLLISION WITH MOTOR VEHICLE,RIGHT ANGLE,NONE,DAYLIGHT,SNOW,SNOW/ICE
6836 ,33818339,MONROE,Brighton,,590I43011009,N,43.1103363,-77.6007374,03/23/2011,1:23 PM,PROPERTY DAMAGE AND INJURY,1.,0 ,1 ,COLLISION WITH OTHER BARRIER,OTHER,NONE,DAYLIGHT,SNOW,SNOW/ICE
6836 ,33818340,MONROE,Gates,,390I43037018,N,43.1534777,-77.6791021,03/23/2011,10:59 AM,PROPERTY DAMAGE AND INJURY,1.,0 ,1 ,COLL. W/LIGHT SUPPORT/UTILITY POLE,OTHER,NONE,DAYLIGHT,SNOW,WET
6836 ,33818482,MONROE,Webster,,,N,43.2617704,-77.4397365,03/23/2011,4:28 PM,INJURY,1.,0 ,1 ,COLLISION WITH TREE,OTHER,NONE,DAYLIGHT,SNOW,SNOW/ICE
6836 ,33818490,MONROE,Henrietta,,,Y,43.083153,-77.665902,03/23/2011,4:09 PM,PROPERTY DAMAGE AND INJURY,3.,0 ,2 ,COLLISION WITH MOTOR VEHICLE,HEAD ON,NONE,DAYLIGHT,SNOW,SNOW/ICE
6836 ,33818495,MONROE,Mendon,,65 43031045,N,43.0023072,-77.5777366,03/23/2011,4:24 PM,PROPERTY DAMAGE AND INJURY,1.,0 ,1 ,COLLISION WITH OTHER FIXED OBJECT,OTHER,NONE,DAYLIGHT,SNOW,SNOW/ICE
6836 ,33818501,MONROE,Henrietta,,,N,43.0911409,-77.6326841,03/23/2011,5:06 PM,PROPERTY DAMAGE AND INJURY,1.,0 ,2 ,COLLISION WITH MOTOR VEHICLE,SIDESWIPE,NONE,DAYLIGHT,SNOW,SNOW/ICE
6836 ,33818509,MONROE,Henrietta,,253 43011061,N,43.058833,-77.641785,03/22/2011,7:28 AM,PROPERTY DAMAGE AND INJURY,1.,0 ,2 ,COLLISION WITH MOTOR VEHICLE,RIGHT ANGLE,TRAFFIC SIGNAL,DAWN,RAIN,WET
6836 ,33818514,MONROE,Henrietta,,,Y,43.092503,-77.665964,03/21/2011,4:11 PM,PROPERTY DAMAGE AND INJURY,2.,0 ,2 ,COLLISION WITH MOTOR VEHICLE,RIGHT ANGLE,TRAFFIC SIGNAL,DAYLIGHT,CLOUDY,DRY
6836 ,33818515,MONROE,Perinton,,31 43033118,N,43.064327,-77.3771971,03/12/2011,2:52 AM,INJURY,1.,0 ,1 ,COLL. W/EARTH ELE./ROCK CUT/DITCH,OTHER,NONE,DARK-ROAD UNLIGHTED,CLEAR,WET
6836 ,33818516,MONROE,Henrietta,,,N,43.0741536,-77.6281189,03/23/2011,9:30 PM,PROPERTY DAMAGE AND INJURY,1.,0 ,1 ,COLLISION WITH PEDESTRIAN,OTHER,NONE,DARK-ROAD LIGHTED,CLOUDY,SNOW/ICE
6836 ,33818530,MONROE,Webster,,104 43035070,N,43.2039387,-77.4883348,03/23/2011,1:55 PM,PROPERTY DAMAGE AND INJURY,1.,0 ,2 ,COLLISION WITH MOTOR VEHICLE,RIGHT ANGLE,NONE,DAYLIGHT,CLOUDY,WET
6836 ,33818535,MONROE,Brighton,,,Y,43.099247,-77.566693,03/24/2011,10:35 AM,PROPERTY DAMAGE AND INJURY,1.,0 ,2 ,COLLISION WITH MOTOR VEHICLE,REAR END,TRAFFIC SIGNAL,DARK-ROAD LIGHTED,CLEAR,DRY
6836 ,33818536,MONROE,Rochester,,,N,43.196311,-77.5614164,03/24/2011,10:02 AM,PROPERTY DAMAGE AND INJURY,1.,0 ,2 ,COLLISION WITH MOTOR VEHICLE,RIGHT TURN (AGAINST OTHER CAR),NO PASSING ZONE,DAYLIGHT,CLOUDY,WET
6836 ,33818538,MONROE,Brighton,,,Y,43.115446,-77.591874,03/24/2011,8:35 AM,PROPERTY DAMAGE AND INJURY,1.,0 ,2 ,COLLISION WITH MOTOR VEHICLE,LEFT TURN (AGAINST OTHER CAR),TRAFFIC SIGNAL,DAYLIGHT,CLEAR,WET
6836 ,33818629,MONROE,Rochester,,15A43042003,Y,43.114684,-77.616216,03/23/2011,3:30 PM,INJURY,1.,0 ,2 ,COLLISION WITH MOTOR VEHICLE,REAR END,TRAFFIC SIGNAL,DAYLIGHT,SNOW,SNOW/ICE
6836 ,33818631,MONROE,Rochester,,,Y,43.215942,-77.6410769,03/23/2011,4:58 PM,PROPERTY DAMAGE AND INJURY,1.,0 ,2 ,COLLISION WITH MOTOR VEHICLE,RIGHT ANGLE,STOP SIGN,DAYLIGHT,SNOW,SNOW/ICE
6836 ,33818636,MONROE,Rochester,,,Y,43.180585,-77.6079719,03/23/2011,3:30 PM,PROPERTY DAMAGE AND INJURY,1.,0 ,2 ,COLLISION WITH MOTOR VEHICLE,REAR END,TRAFFIC SIGNAL,DAYLIGHT,SNOW,SNOW/ICE
6836 ,33818637,MONROE,Rochester,,,Y,43.170804,-77.600806,03/23/2011,9:21 AM,INJURY,1.,0 ,2 ,COLLISION WITH MOTOR VEHICLE,RIGHT ANGLE,TRAFFIC SIGNAL,DAYLIGHT,SNOW,WET
6836 ,33818639,MONROE,Rochester,,,Y,43.144312,-77.602207,03/23/2011,3:40 PM,PROPERTY DAMAGE AND INJURY,3.,0 ,2 ,COLLISION WITH MOTOR VEHICLE,RIGHT ANGLE,STOP SIGN,DAYLIGHT,SNOW,SNOW/ICE