QUERYID,CASE #,REGN_CNTY_CDE,Municipality,MUNITYPE,REF_MRKR,ATINTERSECTION_IND,Lat,Long,,Time,Crash Type,Injuries,Fatalities,Number of Vehicles,ACCD_TYP,COLLISION_TYP,TRAF_CNTL,Light Condition,Weather Condition,Road Surface Condition
6836 ,33818640,MONROE,Rochester,,,N,43.1939113,-77.6587053,03/23/2011,5:34 PM,PROPERTY DAMAGE AND INJURY,1.,0 ,2 ,COLLISION WITH MOTOR VEHICLE,RIGHT ANGLE,NONE,DAYLIGHT,SNOW,SNOW/ICE
6836 ,33818805,MONROE,Rochester,,590I43012003,N,43.1429823,-77.549063,03/23/2011,11:27 AM,INJURY,1.,0 ,2 ,COLLISION WITH MOTOR VEHICLE,REAR END,NONE,DAYLIGHT,SNOW,SNOW/ICE
6836 ,33818820,MONROE,Rochester,,104 43032039,N,43.1945574,-77.5878586,03/24/2011,7:04 AM,PROPERTY DAMAGE AND INJURY,1.,0 ,1 ,COLL. W/LIGHT SUPPORT/UTILITY POLE,OTHER,NONE,DAYLIGHT,CLEAR,SNOW/ICE
6836 ,33818910,MONROE,Rochester,,,Y,43.135184,-77.607745,03/24/2011,2:55 PM,PROPERTY DAMAGE AND INJURY,1.,0 ,2 ,COLLISION WITH MOTOR VEHICLE,RIGHT TURN (WITH OTHER CAR),TRAFFIC SIGNAL,DAYLIGHT,CLOUDY,DRY
6836 ,33819262,MONROE,Ogden,,,N,43.1330844,-77.8995016,03/23/2011,2:50 PM,PROPERTY DAMAGE AND INJURY,2.,0 ,1 ,COLL. W/EARTH ELE./ROCK CUT/DITCH,OTHER,NO PASSING ZONE,DAYLIGHT,SNOW,SNOW/ICE
6836 ,33819273,MONROE,Perinton,,31F43011033,N,43.1004167,-77.4579107,03/14/2011,6:33 PM,PROPERTY DAMAGE AND INJURY,1.,0 ,2 ,COLLISION WITH MOTOR VEHICLE,LEFT TURN (AGAINST OTHER CAR),NONE,DAYLIGHT,CLOUDY,DRY
6836 ,33819291,MONROE,Spencerport,,259 43011066,N,43.1876514,-77.8029077,03/23/2011,4:00 PM,INJURY,1.,0 ,2 ,COLLISION WITH MOTOR VEHICLE,REAR END,NONE,DAYLIGHT,SNOW,SNOW/ICE
6836 ,33819295,MONROE,Ogden,,31 43031094,Y,43.188229,-77.854165,03/24/2011,1:45 PM,PROPERTY DAMAGE AND INJURY,1.,0 ,3 ,COLLISION WITH MOTOR VEHICLE,OTHER,TRAFFIC SIGNAL,DAYLIGHT,CLEAR,DRY
6836 ,33819307,MONROE,Gates,,204 43011024,N,43.1306723,-77.6792398,03/24/2011,7:20 AM,PROPERTY DAMAGE AND INJURY,1.,0 ,2 ,COLLISION WITH MOTOR VEHICLE,REAR END,NONE,DAYLIGHT,CLEAR,SNOW/ICE
6836 ,33819312,MONROE,Riga,,490I43021026,N,43.0815497,-77.9282816,03/23/2011,4:58 PM,PROPERTY DAMAGE AND INJURY,2.,0 ,1 ,COLL. W/LIGHT SUPPORT/UTILITY POLE,OTHER,NONE,DAYLIGHT,SNOW,SNOW/ICE
6836 ,33819405,MONROE,Rochester,,490I43022066,N,43.1441479,-77.5528245,03/23/2011,7:00 PM,INJURY,1.,0 ,2 ,COLLISION WITH MOTOR VEHICLE,OVERTAKING,NONE,DAYLIGHT,SNOW,SNOW/ICE
6836 ,33819547,MONROE,Greece,,,N,43.2412168,-77.6966123,03/23/2011,5:57 PM,PROPERTY DAMAGE AND INJURY,1.,0 ,1 ,COLL. W/LIGHT SUPPORT/UTILITY POLE,OTHER,NONE,DAYLIGHT,SNOW,SLUSH
6836 ,33819553,MONROE,Greece,,,N,43.1996335,-77.7138038,03/23/2011,3:21 PM,PROPERTY DAMAGE AND INJURY,1.,0 ,2 ,COLLISION WITH MOTOR VEHICLE,HEAD ON,NONE,DAYLIGHT,SNOW,SNOW/ICE
6836 ,33819890,MONROE,Brockport,,31 43031019,N,43.2200127,-77.9594019,03/26/2011,12:09 PM,PROPERTY DAMAGE AND INJURY,1.,0 ,2 ,COLLISION WITH MOTOR VEHICLE,LEFT TURN (AGAINST OTHER CAR),NONE,DAYLIGHT,CLEAR,DRY
6836 ,33819893,MONROE,Chili,,,N,43.0670037,-77.7959549,03/25/2011,3:12 PM,PROPERTY DAMAGE AND INJURY,1.,0 ,1 ,COLLISION WITH TREE,OTHER,NONE,DAYLIGHT,CLEAR,DRY
6836 ,33819894,MONROE,Henrietta,,,Y,43.0928927,-77.6534614,03/26/2011,4:16 PM,INJURY,1.,0 ,2 ,COLLISION WITH MOTOR VEHICLE,REAR END,NONE,DAYLIGHT,CLEAR,DRY
6836 ,33819896,MONROE,Irondequoit,,,Y,43.196812,-77.594728,03/25/2011,2:42 PM,PROPERTY DAMAGE AND INJURY,1.,0 ,2 ,COLLISION WITH MOTOR VEHICLE,HEAD ON,STOP SIGN,DAYLIGHT,CLEAR,DRY
6836 ,33820509,MONROE,Rochester,,,Y,43.169471,-77.5931071,02/18/2011,1:47 PM,INJURY,1.,0 ,1 ,COLLISION WITH PEDESTRIAN,OTHER,STOP SIGN,DAYLIGHT,CLEAR,DRY
6836 ,33820513,MONROE,Rochester,,,Y,43.1646407,-77.6513445,02/22/2011,11:16 AM,PROPERTY DAMAGE AND INJURY,1.,0 ,2 ,COLLISION WITH MOTOR VEHICLE,OTHER,NONE,DAYLIGHT,CLOUDY,WET
6836 ,33820515,MONROE,Rochester,,,Y,43.163215,-77.621608,02/20/2011,10:20 AM,PROPERTY DAMAGE AND INJURY,3.,0 ,2 ,COLLISION WITH MOTOR VEHICLE,RIGHT ANGLE,TRAFFIC SIGNAL,DAYLIGHT,CLEAR,DRY
6836 ,33820516,MONROE,Rochester,,,Y,43.155708,-77.612547,02/20/2011,7:50 AM,PROPERTY DAMAGE AND INJURY,3.,0 ,2 ,COLLISION WITH MOTOR VEHICLE,RIGHT ANGLE,TRAFFIC SIGNAL,DAYLIGHT,CLEAR,DRY
6836 ,33820600,MONROE,Rochester,,,N,43.1308805,-77.6575315,02/22/2011,1:14 PM,PROPERTY DAMAGE AND INJURY,1.,0 ,2 ,COLLISION WITH MOTOR VEHICLE,REAR END,NONE,DAYLIGHT,CLEAR,WET
6836 ,33820845,MONROE,Rochester,,,N,43.1146033,-77.6184599,03/25/2011,1:00 PM,PROPERTY DAMAGE AND INJURY,1.,0 ,2 ,COLLISION WITH MOTOR VEHICLE,REAR END,NONE,DAYLIGHT,CLOUDY,DRY
6836 ,33820847,MONROE,Rochester,,,Y,43.181097,-77.626547,03/26/2011,8:00 AM,PROPERTY DAMAGE AND INJURY,1.,0 ,2 ,COLLISION WITH MOTOR VEHICLE,REAR END,TRAFFIC SIGNAL,DAYLIGHT,CLEAR,SNOW/ICE
6836 ,33820850,MONROE,Rochester,,,Y,43.135025,-77.636003,03/22/2011,3:40 PM,PROPERTY DAMAGE AND INJURY,1.,0 ,2 ,COLLISION WITH MOTOR VEHICLE,LEFT TURN (AGAINST OTHER CAR),TRAFFIC SIGNAL,DAYLIGHT,CLOUDY,DRY
6836 ,33820853,MONROE,Rochester,,,Y,43.161317,-77.607607,03/25/2011,6:31 PM,PROPERTY DAMAGE AND INJURY,1.,0 ,2 ,COLLISION WITH MOTOR VEHICLE,RIGHT ANGLE,TRAFFIC SIGNAL,DAYLIGHT,CLEAR,DRY
6836 ,33820867,MONROE,Rochester,,940M43011021,Y,43.194691,-77.628791,03/26/2011,7:45 AM,PROPERTY DAMAGE AND INJURY,1.,0 ,2 ,COLLISION WITH MOTOR VEHICLE,HEAD ON,TRAFFIC SIGNAL,DAYLIGHT,CLEAR,DRY
6836 ,33820870,MONROE,Rochester,,940M43011020,Y,43.193835,-77.629001,03/09/2011,12:11 PM,PROPERTY DAMAGE AND INJURY,3.,0 ,2 ,COLLISION WITH MOTOR VEHICLE,RIGHT ANGLE,TRAFFIC SIGNAL,DAYLIGHT,CLOUDY,DRY
6836 ,33820956,MONROE,Greece,,,Y,43.236608,-77.646863,03/23/2011,5:24 PM,PROPERTY DAMAGE AND INJURY,3.,0 ,3 ,COLLISION WITH MOTOR VEHICLE,OTHER,TRAFFIC SIGNAL,DAYLIGHT,SNOW,SNOW/ICE
6836 ,33820962,MONROE,Greece,,,Y,43.267694,-77.677567,03/26/2011,6:53 PM,PROPERTY DAMAGE AND INJURY,1.,0 ,2 ,COLLISION WITH MOTOR VEHICLE,OTHER,STOP SIGN,DAYLIGHT,CLEAR,DRY
6836 ,33821197,MONROE,Parma,,104 43031098,N,43.2185515,-77.8122238,03/15/2011,11:59 AM,PROPERTY DAMAGE AND INJURY,1.,0 ,2 ,COLLISION WITH MOTOR VEHICLE,REAR END,NONE,DAYLIGHT,CLEAR,DRY
6836 ,33821199,MONROE,Chili,,,N,43.11622,-77.7463958,03/14/2011,7:27 AM,PROPERTY DAMAGE AND INJURY,1.,0 ,2 ,COLLISION WITH MOTOR VEHICLE,REAR END,TRAFFIC SIGNAL,DAYLIGHT,SNOW,SNOW/ICE
6836 ,33821245,MONROE,Rochester,,,Y,43.175601,-77.5846889,03/26/2011,9:45 AM,PROPERTY DAMAGE AND INJURY,1.,0 ,2 ,COLLISION WITH MOTOR VEHICLE,REAR END,TRAFFIC SIGNAL,DAYLIGHT,CLEAR,DRY
6836 ,33821376,MONROE,Brighton,,590I43011011,N,43.1432476,-77.546905,03/15/2011,4:22 PM,INJURY,1.,0 ,2 ,COLLISION WITH MOTOR VEHICLE,REAR END,NONE,DAYLIGHT,CLEAR,DRY
6836 ,33821473,MONROE,Henrietta,,,N,43.075923,-77.626611,03/23/2011,6:40 PM,PROPERTY DAMAGE AND INJURY,1.,0 ,2 ,COLLISION WITH MOTOR VEHICLE,OVERTAKING,NONE,DAYLIGHT,SNOW,SNOW/ICE
6836 ,33821860,MONROE,Rochester,,,Y,43.168361,-77.585789,02/07/2011,1:00 PM,PROPERTY DAMAGE AND INJURY,1.,0 ,2 ,COLLISION WITH MOTOR VEHICLE,UNKNOWN,UNKNOWN,UNKNOWN,UNKNOWN,UNKNOWN
6836 ,33822659,MONROE,Rochester,,490I43022068,N,43.1434409,-77.5490154,03/23/2011,10:10 PM,PROPERTY DAMAGE AND INJURY,2.,0 ,3 ,COLLISION WITH MOTOR VEHICLE,OTHER,NONE,DARK-ROAD LIGHTED,CLOUDY,WET
6836 ,33822750,MONROE,Rochester,,,Y,43.157412,-77.643974,03/11/2011,11:22 AM,PROPERTY DAMAGE AND INJURY,2.,0 ,3 ,COLLISION WITH MOTOR VEHICLE,OTHER,TRAFFIC SIGNAL,DAYLIGHT,CLEAR,DRY
6836 ,33823015,MONROE,Greece,,390 43011026,N,43.1958569,-77.6819399,03/27/2011,10:33 AM,PROPERTY DAMAGE AND INJURY,1.,0 ,1 ,COLLISION WITH GUIDE RAIL,OTHER,NONE,DAYLIGHT,CLEAR,DRY
6836 ,33823087,MONROE,Pittsford,,31 43033031,N,43.1017456,-77.5372205,03/12/2011,1:29 PM,INJURY,1.,0 ,3 ,COLLISION WITH MOTOR VEHICLE,OTHER,TRAFFIC SIGNAL,DAYLIGHT,CLOUDY,DRY
6836 ,33823092,MONROE,Pittsford,,96 43051054,N,43.0858666,-77.5158197,03/23/2011,12:49 PM,PROPERTY DAMAGE AND INJURY,2.,0 ,2 ,COLLISION WITH MOTOR VEHICLE,OVERTAKING,NO PASSING ZONE,DAYLIGHT,SNOW,WET
6836 ,33823096,MONROE,Penfield,,441 43011040,Y,43.13124,-77.4639639,03/19/2011,1:38 PM,PROPERTY DAMAGE AND INJURY,2.,0 ,2 ,COLLISION WITH MOTOR VEHICLE,LEFT TURN (AGAINST OTHER CAR),TRAFFIC SIGNAL,DAYLIGHT,CLOUDY,DRY
6836 ,33823100,MONROE,Penfield,,,N,43.1822635,-77.4606356,03/24/2011,2:26 PM,PROPERTY DAMAGE AND INJURY,1.,0 ,2 ,COLLISION WITH MOTOR VEHICLE,HEAD ON,NONE,DAYLIGHT,CLOUDY,DRY
6836 ,33823102,MONROE,Penfield,,,N,43.1313416,-77.4688691,03/16/2011,3:45 PM,INJURY,1.,0 ,1 ,COLLISION WITH PEDESTRIAN,OTHER,TRAFFIC SIGNAL,DAYLIGHT,CLOUDY,DRY
6836 ,33823114,MONROE,Penfield,,,Y,43.152875,-77.433705,03/19/2011,7:43 PM,PROPERTY DAMAGE AND INJURY,2.,0 ,2 ,COLLISION WITH MOTOR VEHICLE,RIGHT ANGLE,STOP SIGN,DARK-ROAD LIGHTED,CLEAR,DRY
6836 ,33823118,MONROE,Henrietta,,,Y,43.0908694,-77.6747077,03/15/2011,4:53 PM,INJURY,1.,0 ,1 ,COLLISION WITH BICYCLIST,OTHER,NONE,DAYLIGHT,CLEAR,DRY
6836 ,33823124,MONROE,Perinton,,31 43033103,N,43.0644843,-77.406967,03/02/2011,6:29 PM,PROPERTY DAMAGE AND INJURY,1.,0 ,2 ,COLLISION WITH MOTOR VEHICLE,OVERTAKING,TRAFFIC SIGNAL,DARK-ROAD LIGHTED,CLOUDY,DRY
6836 ,33823130,MONROE,Penfield,,,N,43.1937239,-77.5069926,03/23/2011,5:02 PM,INJURY,1.,0 ,2 ,COLLISION WITH MOTOR VEHICLE,REAR END,NONE,DAYLIGHT,SNOW,SNOW/ICE
6836 ,33823136,MONROE,Brighton,,,N,43.125125,-77.598925,03/28/2011,3:40 PM,FATAL,0.,1 ,1 ,COLLISION WITH PEDESTRIAN,OTHER,NONE,DAYLIGHT,CLEAR,DRY
6836 ,33823139,MONROE,Penfield,,,N,43.1823132,-77.474765,03/24/2011,6:47 PM,PROPERTY DAMAGE AND INJURY,1.,0 ,2 ,COLLISION WITH MOTOR VEHICLE,RIGHT ANGLE,TRAFFIC SIGNAL,DAYLIGHT,CLEAR,DRY
6836 ,33823142,MONROE,Fairport,,,Y,43.098652,-77.448296,03/24/2011,8:40 PM,PROPERTY DAMAGE AND INJURY,1.,0 ,2 ,COLLISION WITH MOTOR VEHICLE,OVERTAKING,NONE,DARK-ROAD LIGHTED,CLEAR,WET
6836 ,33823153,MONROE,Penfield,,,N,43.1350542,-77.4970201,03/24/2011,5:34 PM,PROPERTY DAMAGE AND INJURY,1.,0 ,2 ,COLLISION WITH MOTOR VEHICLE,RIGHT ANGLE,NONE,DAYLIGHT,CLEAR,DRY
6836 ,33824093,MONROE,Greece,,,Y,43.231174,-77.652036,03/27/2011,12:40 PM,PROPERTY DAMAGE AND INJURY,1.,0 ,1 ,COLLISION WITH TREE,OTHER,NONE,DAYLIGHT,CLEAR,DRY
6836 ,33824124,MONROE,Rochester,,,Y,43.193835,-77.629001,03/29/2011,4:15 PM,INJURY,1.,0 ,2 ,COLLISION WITH MOTOR VEHICLE,REAR END,TRAFFIC SIGNAL,DAYLIGHT,CLEAR,DRY
6836 ,33824429,MONROE,Henrietta,,390I43031120,N,43.0885072,-77.6042972,03/23/2011,9:13 PM,PROPERTY DAMAGE AND INJURY,1.,0 ,2 ,COLLISION WITH MOTOR VEHICLE,HEAD ON,NONE,DARK-ROAD UNLIGHTED,SNOW,SLUSH
6836 ,33824436,MONROE,Chili,,383 43011156,N,43.1226912,-77.6466605,03/27/2011,6:51 PM,PROPERTY DAMAGE AND INJURY,3.,0 ,2 ,COLLISION WITH MOTOR VEHICLE,LEFT TURN (WITH OTHER CAR),TRAFFIC SIGNAL,DUSK,CLEAR,DRY
6836 ,33824664,MONROE,Penfield,,,Y,43.19302,-77.506528,02/12/2011,1:00 PM,INJURY,1.,0 ,2 ,COLLISION WITH MOTOR VEHICLE,REAR END,TRAFFIC SIGNAL,DAYLIGHT,CLEAR,SNOW/ICE
6836 ,33824748,MONROE,Rochester,,,N,43.168249,-77.5935648,03/03/2011,10:45 AM,INJURY,1.,0 ,1 ,COLLISION WITH TREE,OTHER,SCHOOL ZONE,DAYLIGHT,CLEAR,DRY
6836 ,33824750,MONROE,Rochester,,,N,43.1507844,-77.5680314,03/06/2011,2:05 AM,PROPERTY DAMAGE AND INJURY,1.,0 ,4 ,COLLISION WITH MOTOR VEHICLE,OTHER,NONE,DARK-ROAD LIGHTED,RAIN,WET
6836 ,33825218,MONROE,Greece,,,Y,43.236322,-77.633299,03/05/2011,8:23 PM,PROPERTY DAMAGE AND INJURY,1.,0 ,2 ,COLLISION WITH MOTOR VEHICLE,RIGHT ANGLE,STOP SIGN,DARK-ROAD LIGHTED,RAIN,WET
6836 ,33825245,MONROE,Gates,,31 43031173,N,43.1699778,-77.7035823,02/23/2011,11:30 AM,PROPERTY DAMAGE AND INJURY,1.,0 ,2 ,COLLISION WITH MOTOR VEHICLE,RIGHT ANGLE,STOP SIGN,DAYLIGHT,CLEAR,DRY
6836 ,33825510,MONROE,Irondequoit,,,N,43.2055862,-77.6184163,02/11/2011,5:24 PM,PROPERTY DAMAGE AND INJURY,2.,0 ,2 ,COLLISION WITH MOTOR VEHICLE,LEFT TURN (AGAINST OTHER CAR),NONE,DAYLIGHT,CLOUDY,SNOW/ICE
6836 ,33825517,MONROE,Rochester,,,Y,43.159578,-77.5476011,03/03/2011,8:50 AM,PROPERTY DAMAGE AND INJURY,1.,0 ,3 ,COLLISION WITH MOTOR VEHICLE,OTHER,TRAFFIC SIGNAL,DAYLIGHT,CLEAR,DRY
6836 ,33825657,MONROE,Rochester,,,Y,43.183182,-77.585574,03/24/2011,12:42 PM,PROPERTY DAMAGE AND INJURY,1.,0 ,2 ,COLLISION WITH MOTOR VEHICLE,LEFT TURN (AGAINST OTHER CAR),NONE,DAYLIGHT,CLEAR,WET
6836 ,33825730,MONROE,Henrietta,,,N,43.0305527,-77.667286,03/23/2011,9:45 PM,PROPERTY DAMAGE AND INJURY,1.,0 ,1 ,COLL. W/LIGHT SUPPORT/UTILITY POLE,OTHER,NONE,DARK-ROAD LIGHTED,SNOW,SNOW/ICE
6836 ,33825775,MONROE,Penfield,,,Y,43.1305989,-77.4878908,03/29/2011,7:00 PM,INJURY,1.,0 ,1 ,COLLISION WITH BICYCLIST,OTHER,NONE,DUSK,CLEAR,DRY
6836 ,33825830,MONROE,Greece,,947A43021165,N,43.2912999,-77.7134514,03/23/2011,5:49 PM,PROPERTY DAMAGE AND INJURY,4.,0 ,2 ,COLLISION WITH MOTOR VEHICLE,UNKNOWN,NONE,DAYLIGHT,SNOW,SNOW/ICE
6836 ,33825929,MONROE,Brighton,,15 43031126,N,43.1101408,-77.6247874,03/30/2011,1:07 PM,INJURY,1.,0 ,2 ,COLLISION WITH MOTOR VEHICLE,REAR END,TRAFFIC SIGNAL,DAYLIGHT,CLEAR,DRY
6836 ,33826049,MONROE,Churchville,,33 43031026,Y,43.104368,-77.8846969,03/28/2011,7:33 AM,PROPERTY DAMAGE AND INJURY,1.,0 ,2 ,COLLISION WITH MOTOR VEHICLE,REAR END,TRAFFIC SIGNAL,DAYLIGHT,CLEAR,DRY
6836 ,33826092,MONROE,Brighton,,,N,43.1112109,-77.5479818,03/30/2011,5:44 PM,PROPERTY DAMAGE AND INJURY,1.,0 ,2 ,COLLISION WITH MOTOR VEHICLE,RIGHT ANGLE,NONE,DAYLIGHT,CLEAR,DRY
6836 ,33826095,MONROE,East Rochester,,,Y,43.104959,-77.489144,02/26/2011,6:37 PM,PROPERTY DAMAGE AND INJURY,2.,0 ,2 ,COLLISION WITH MOTOR VEHICLE,REAR END,TRAFFIC SIGNAL,DARK-ROAD LIGHTED,CLEAR,WET
6836 ,33826132,MONROE,Rochester,,,Y,43.162051,-77.5835919,03/29/2011,8:30 AM,INJURY,1.,0 ,2 ,COLLISION WITH MOTOR VEHICLE,REAR END,TRAFFIC SIGNAL,DAWN,CLEAR,DRY
6836 ,33826146,MONROE,Greece,,,Y,43.238365,-77.659119,03/24/2011,3:05 PM,INJURY,1.,0 ,2 ,COLLISION WITH MOTOR VEHICLE,REAR END,TRAFFIC SIGNAL,DAYLIGHT,CLEAR,DRY
6836 ,33826282,MONROE,Rochester,,,Y,43.138385,-77.594968,03/07/2011,3:56 PM,INJURY,2.,0 ,2 ,COLLISION WITH MOTOR VEHICLE,SIDESWIPE,NONE,DAYLIGHT,CLEAR,DRY
6836 ,33826523,MONROE,Rochester,,,Y,43.157153,-77.606417,03/27/2011,8:47 AM,PROPERTY DAMAGE AND INJURY,2.,0 ,2 ,COLLISION WITH MOTOR VEHICLE,RIGHT ANGLE,TRAFFIC SIGNAL,DAYLIGHT,CLEAR,DRY
6836 ,33826547,MONROE,Penfield,,441 43011070,N,43.1305149,-77.4074942,03/23/2011,3:48 PM,INJURY,1.,0 ,3 ,COLLISION WITH MOTOR VEHICLE,OTHER,TRAFFIC SIGNAL,DAYLIGHT,SNOW,SNOW/ICE
6836 ,33826763,MONROE,Rochester,,,Y,43.179129,-77.613545,01/16/2011,2:40 AM,PROPERTY DAMAGE AND INJURY,1.,0 ,2 ,COLLISION WITH MOTOR VEHICLE,UNKNOWN,UNKNOWN,UNKNOWN,UNKNOWN,UNKNOWN
6836 ,33827163,MONROE,Rochester,,,N,43.142278,-77.586219,02/08/2011,12:00 AM,PROPERTY DAMAGE AND INJURY,1.,0 ,2 ,COLLISION WITH MOTOR VEHICLE,REAR END,NONE,DAYLIGHT,CLEAR,SNOW/ICE
6836 ,33827623,MONROE,Hamlin,,18 43031015,N,43.2964347,-77.9678292,03/11/2011,4:33 AM,PROPERTY DAMAGE AND INJURY,1.,0 ,1 ,COLLISION WITH CULVERT/HEADWALL,OTHER,NONE,DARK-ROAD UNLIGHTED,CLOUDY,WET
6836 ,33827674,MONROE,Perinton,,,N,43.0421764,-77.4319588,03/26/2011,8:50 PM,PROPERTY DAMAGE AND INJURY,1.,0 ,1 ,COLLISION WITH DEER,OTHER,NONE,DARK-ROAD UNLIGHTED,CLEAR,DRY
6836 ,33827678,MONROE,Gates,,,N,43.134827,-77.6815054,03/31/2011,3:47 PM,INJURY,3.,0 ,2 ,COLLISION WITH MOTOR VEHICLE,RIGHT ANGLE,NONE,DAYLIGHT,CLOUDY,DRY
6836 ,33827727,MONROE,Greece,,104 43031129,Y,43.217407,-77.752683,03/28/2011,6:35 PM,PROPERTY DAMAGE AND INJURY,1.,0 ,2 ,COLLISION WITH MOTOR VEHICLE,RIGHT ANGLE,TRAFFIC SIGNAL,DAYLIGHT,CLEAR,DRY
6836 ,33827767,MONROE,Rochester,,18 43032008,Y,43.20573,-77.638666,03/30/2011,8:00 AM,PROPERTY DAMAGE AND INJURY,3.,0 ,2 ,COLLISION WITH MOTOR VEHICLE,LEFT TURN (WITH OTHER CAR),NONE,DAYLIGHT,CLEAR,DRY
6836 ,33827814,MONROE,Rochester,,,N,43.1887877,-77.6302194,03/30/2011,3:40 PM,INJURY,1.,0 ,1 ,COLLISION WITH PEDESTRIAN,OTHER,TRAFFIC SIGNAL,DAYLIGHT,CLEAR,DRY
6836 ,33827937,MONROE,Pittsford,,490I43023048,N,43.0898869,-77.4992733,03/26/2011,4:00 AM,INJURY,1.,0 ,1 ,COLLISION WITH GUIDE RAIL,OTHER,NONE,DARK-ROAD UNLIGHTED,CLEAR,DRY
6836 ,33827963,MONROE,Rochester,,,N,43.1860081,-77.5989986,03/30/2011,4:03 PM,PROPERTY DAMAGE AND INJURY,2.,0 ,1 ,COLLISION WITH BUILDING/WALL,OTHER,NONE,DAYLIGHT,CLEAR,DRY
6836 ,33828033,MONROE,Irondequoit,,,Y,43.171783,-77.548172,03/30/2011,8:04 PM,INJURY,1.,0 ,2 ,COLLISION WITH MOTOR VEHICLE,RIGHT ANGLE,STOP SIGN,DARK-ROAD LIGHTED,CLEAR,DRY
6836 ,33828090,MONROE,Rochester,,,N,43.1873535,-77.5843506,03/13/2011,2:36 PM,INJURY,1.,0 ,2 ,COLLISION WITH MOTOR VEHICLE,OTHER,NONE,DAYLIGHT,CLEAR,WET
6836 ,33828148,MONROE,Rochester,,,Y,43.135025,-77.636003,03/07/2011,1:46 PM,INJURY,1.,0 ,2 ,COLLISION WITH MOTOR VEHICLE,UNKNOWN,NONE,DAYLIGHT,CLEAR,DRY
6836 ,33828692,MONROE,Hilton,,18 43031112,N,43.2822336,-77.7913528,04/01/2011,3:29 PM,PROPERTY DAMAGE AND INJURY,2.,0 ,3 ,COLLISION WITH MOTOR VEHICLE,OTHER,NONE,DAYLIGHT,CLOUDY,DRY
6836 ,33828693,MONROE,Henrietta,,252 43011077,Y,43.0871075,-77.6172294,04/01/2011,12:08 PM,INJURY,1.,0 ,2 ,COLLISION WITH MOTOR VEHICLE,REAR END,TRAFFIC SIGNAL,DAYLIGHT,RAIN,WET
6836 ,33828694,MONROE,Henrietta,,252 43011076,Y,43.087044,-77.6247261,04/01/2011,1:43 PM,PROPERTY DAMAGE AND INJURY,3.,0 ,3 ,COLLISION WITH MOTOR VEHICLE,OTHER,TRAFFIC SIGNAL,DAYLIGHT,CLOUDY,WET
6836 ,33828695,MONROE,Fairport,,250 43011047,N,43.1025497,-77.4419064,03/31/2011,9:40 AM,PROPERTY DAMAGE AND INJURY,1.,0 ,2 ,COLLISION WITH MOTOR VEHICLE,SIDESWIPE,NONE,DAYLIGHT,RAIN,WET
6836 ,33828769,MONROE,Rochester,,,Y,43.183337,-77.595542,03/30/2011,7:34 AM,PROPERTY DAMAGE AND INJURY,1.,0 ,2 ,COLLISION WITH MOTOR VEHICLE,RIGHT ANGLE,STOP SIGN,DAYLIGHT,CLEAR,DRY
6836 ,33828787,MONROE,Rochester,,,Y,43.170804,-77.600806,03/31/2011,10:47 AM,PROPERTY DAMAGE AND INJURY,1.,0 ,1 ,COLLISION WITH CURBING,OTHER,TRAFFIC SIGNAL,DAYLIGHT,RAIN,WET
6836 ,33828909,MONROE,Greece,,,N,43.2310716,-77.6729007,03/30/2011,7:54 AM,PROPERTY DAMAGE AND INJURY,1.,0 ,2 ,COLLISION WITH MOTOR VEHICLE,REAR END,NONE,DAYLIGHT,CLEAR,DRY
6836 ,33828938,MONROE,Rochester,,,Y,43.187626,-77.576289,04/02/2011,3:18 PM,PROPERTY DAMAGE AND INJURY,3.,0 ,2 ,COLLISION WITH MOTOR VEHICLE,LEFT TURN (AGAINST OTHER CAR),TRAFFIC SIGNAL,DAYLIGHT,CLOUDY,DRY
6836 ,33828945,MONROE,Rochester,,,N,43.1309312,-77.6525405,04/01/2011,4:11 PM,INJURY,1.,0 ,2 ,COLLISION WITH MOTOR VEHICLE,OTHER,NONE,DAYLIGHT,CLOUDY,DRY
6836 ,33828947,MONROE,Rochester,,,N,43.1935657,-77.6388737,03/31/2011,3:04 PM,PROPERTY DAMAGE AND INJURY,1.,0 ,2 ,COLLISION WITH MOTOR VEHICLE,LEFT TURN (AGAINST OTHER CAR),NONE,DAYLIGHT,CLOUDY,DRY
6836 ,33829197,MONROE,Chili,,33 43031069,N,43.1196294,-77.8063975,03/31/2011,7:03 AM,PROPERTY DAMAGE AND INJURY,2.,0 ,2 ,COLLISION WITH MOTOR VEHICLE,LEFT TURN (AGAINST OTHER CAR),NONE,DAWN,SNOW,WET
6836 ,33829203,MONROE,Henrietta,,252 43011088,N,43.0870589,-77.5816578,03/29/2011,9:42 AM,PROPERTY DAMAGE AND INJURY,2.,0 ,2 ,COLLISION WITH MOTOR VEHICLE,REAR END,TRAFFIC SIGNAL,DAYLIGHT,CLOUDY,DRY
6836 ,33829210,MONROE,Spencerport,,259 43011072,Y,43.195437,-77.799596,03/31/2011,3:16 PM,PROPERTY DAMAGE AND INJURY,1.,0 ,2 ,COLLISION WITH MOTOR VEHICLE,REAR END,TRAFFIC SIGNAL,DAYLIGHT,CLOUDY,DRY
6836 ,33829212,MONROE,Riga,,33A43021010,N,43.0710718,-77.9131668,03/21/2011,11:46 AM,PROPERTY DAMAGE AND INJURY,1.,0 ,1 ,COLLISION WITH TREE,OTHER,NONE,DAYLIGHT,CLOUDY,WET
6836 ,33829217,MONROE,Sweden,,31 43031057,N,43.19825,-77.9220739,04/01/2011,1:21 PM,PROPERTY DAMAGE AND INJURY,2.,0 ,2 ,COLLISION WITH MOTOR VEHICLE,REAR END,TRAFFIC SIGNAL,DAYLIGHT,CLOUDY,DRY
6836 ,33829333,MONROE,Irondequoit,,,N,43.2034491,-77.6005698,02/05/2011,12:32 PM,PROPERTY DAMAGE AND INJURY,2.,0 ,2 ,COLLISION WITH MOTOR VEHICLE,LEFT TURN (AGAINST OTHER CAR),NONE,DAYLIGHT,CLOUDY,WET