QUERYID,CASE #,REGN_CNTY_CDE,Municipality,MUNITYPE,REF_MRKR,ATINTERSECTION_IND,Lat,Long,,Time,Crash Type,Injuries,Fatalities,Number of Vehicles,ACCD_TYP,COLLISION_TYP,TRAF_CNTL,Light Condition,Weather Condition,Road Surface Condition
6836 ,33829400,MONROE,Rochester,,,Y,43.15843,-77.615431,03/04/2011,2:25 PM,INJURY,1.,0 ,2 ,COLLISION WITH MOTOR VEHICLE,LEFT TURN (AGAINST OTHER CAR),TRAFFIC SIGNAL,DAYLIGHT,CLEAR,DRY
6836 ,33829401,MONROE,Rochester,,940M43011012,Y,43.180937,-77.631738,03/04/2011,11:18 AM,INJURY,1.,0 ,2 ,COLLISION WITH MOTOR VEHICLE,REAR END,TRAFFIC SIGNAL,DAYLIGHT,CLEAR,DRY
6836 ,33829402,MONROE,Rochester,,31 43032022,N,43.1641036,-77.6337667,03/05/2011,1:44 PM,INJURY,1.,0 ,2 ,COLLISION WITH MOTOR VEHICLE,RIGHT ANGLE,NONE,DAYLIGHT,CLEAR,WET
6836 ,33829407,MONROE,Greece,,,Y,43.231113,-77.677857,03/04/2011,10:55 AM,INJURY,1.,0 ,2 ,COLLISION WITH MOTOR VEHICLE,REAR END,TRAFFIC SIGNAL,DAYLIGHT,CLEAR,DRY
6836 ,33829506,MONROE,Rochester,,,Y,43.171174,-77.574149,03/04/2011,10:49 AM,PROPERTY DAMAGE AND INJURY,1.,0 ,2 ,COLLISION WITH MOTOR VEHICLE,RIGHT ANGLE,STOP SIGN,DAYLIGHT,CLOUDY,DRY
6836 ,33829507,MONROE,Rochester,,,Y,43.14403,-77.5945841,03/03/2011,7:19 AM,INJURY,1.,0 ,2 ,COLLISION WITH MOTOR VEHICLE,RIGHT ANGLE,STOP SIGN,DAYLIGHT,CLEAR,DRY
6836 ,33829509,MONROE,Rochester,,,Y,43.137853,-77.587756,03/09/2011,2:05 PM,INJURY,1.,0 ,2 ,COLLISION WITH MOTOR VEHICLE,RIGHT ANGLE,STOP SIGN,DAYLIGHT,SLEET/HAIL/FREEZING RAIN,WET
6836 ,33829510,MONROE,Rochester,,15 43032008,Y,43.124634,-77.6175109,03/09/2011,8:06 PM,INJURY,1.,0 ,1 ,COLLISION WITH PEDESTRIAN,OTHER,TRAFFIC SIGNAL,DARK-ROAD LIGHTED,RAIN,WET
6836 ,33829511,MONROE,Rochester,,,N,43.1516712,-77.5709475,03/09/2011,5:31 PM,PROPERTY DAMAGE AND INJURY,1.,0 ,2 ,COLLISION WITH MOTOR VEHICLE,UNKNOWN,NONE,DUSK,CLOUDY,DRY
6836 ,33829561,MONROE,Brighton,,,N,43.0999795,-77.614062,01/24/2011,1:54 PM,PROPERTY DAMAGE AND INJURY,1.,0 ,2 ,COLLISION WITH MOTOR VEHICLE,LEFT TURN (AGAINST OTHER CAR),NONE,DAYLIGHT,CLEAR,WET
6836 ,33830004,MONROE,Rochester,,,Y,43.130922,-77.653697,02/18/2011,10:07 AM,INJURY,1.,0 ,2 ,COLLISION WITH MOTOR VEHICLE,REAR END,NONE,DAYLIGHT,CLEAR,WET
6836 ,33830312,MONROE,Rochester,,,N,43.1844243,-77.631235,04/02/2011,11:53 AM,INJURY,1.,0 ,1 ,COLLISION WITH PEDESTRIAN,OTHER,NONE,DAYLIGHT,CLEAR,DRY
6836 ,33830316,MONROE,Rochester,,,Y,43.200455,-77.638723,04/01/2011,7:42 PM,INJURY,1.,0 ,2 ,COLLISION WITH MOTOR VEHICLE,LEFT TURN (WITH OTHER CAR),TRAFFIC SIGNAL,DARK-ROAD LIGHTED,CLEAR,DRY
6836 ,33830478,MONROE,Gates,,,N,43.1764594,-77.7454504,04/03/2011,4:54 AM,PROPERTY DAMAGE AND INJURY,1.,0 ,1 ,COLL. W/EARTH ELE./ROCK CUT/DITCH,OTHER,NONE,DARK-ROAD LIGHTED,CLEAR,DRY
6836 ,33830480,MONROE,Chili,,,Y,43.103416,-77.75375,04/02/2011,12:49 PM,PROPERTY DAMAGE AND INJURY,1.,0 ,2 ,COLLISION WITH MOTOR VEHICLE,RIGHT TURN (AGAINST OTHER CAR),STOP SIGN,DAYLIGHT,CLEAR,DRY
6836 ,33830573,MONROE,Rochester,,490I43023035,N,43.1567936,-77.6294887,02/25/2011,12:05 PM,PROPERTY DAMAGE AND INJURY,2.,0 ,2 ,COLLISION WITH MOTOR VEHICLE,REAR END,NONE,DAYLIGHT,SNOW,SNOW/ICE
6836 ,33830574,MONROE,Brighton,,,N,43.1277911,-77.5246109,02/08/2011,3:37 AM,PROPERTY DAMAGE AND INJURY,1.,0 ,2 ,COLLISION WITH MOTOR VEHICLE,REAR END,POLICE/FIRE EMERGENCY,DARK-ROAD LIGHTED,SNOW,SNOW/ICE
6836 ,33830659,MONROE,Webster,,,Y,43.241854,-77.428657,02/05/2011,4:15 PM,PROPERTY DAMAGE AND INJURY,2.,0 ,2 ,COLLISION WITH MOTOR VEHICLE,REAR END,NONE,DAYLIGHT,SNOW,SNOW/ICE
6836 ,33830783,MONROE,Rochester,,,Y,43.152571,-77.5739841,02/15/2011,4:00 PM,PROPERTY DAMAGE AND INJURY,1.,0 ,2 ,COLLISION WITH MOTOR VEHICLE,REAR END,NONE,DAYLIGHT,CLOUDY,WET
6836 ,33831053,MONROE,Brighton,,,Y,43.131703,-77.590227,02/02/2011,8:40 AM,PROPERTY DAMAGE AND INJURY,1.,0 ,1 ,COLLISION WITH OTHER,OTHER,NONE,DAYLIGHT,CLOUDY,SNOW/ICE
6836 ,33832637,MONROE,Perinton,,31 43033070,N,43.078814,-77.485447,04/01/2011,1:57 PM,PROPERTY DAMAGE AND INJURY,2.,0 ,2 ,COLLISION WITH MOTOR VEHICLE,RIGHT ANGLE,STOP SIGN,DAYLIGHT,CLOUDY,WET
6836 ,33832639,MONROE,Webster,,,Y,43.240801,-77.400501,04/01/2011,3:01 PM,PROPERTY DAMAGE AND INJURY,2.,0 ,3 ,COLLISION WITH MOTOR VEHICLE,OTHER,STOP SIGN,DAYLIGHT,CLOUDY,DRY
6836 ,33832640,MONROE,Brighton,,590I43011030,N,43.1137541,-77.5522604,04/04/2011,6:58 PM,PROPERTY DAMAGE AND INJURY,1.,0 ,1 ,COLLISION WITH GUIDE RAIL,OTHER,NONE,DAYLIGHT,CLOUDY,DRY
6836 ,33832646,MONROE,Webster,,,N,43.2350758,-77.4467225,04/01/2011,12:15 AM,PROPERTY DAMAGE AND INJURY,1.,0 ,1 ,COLL. W/LIGHT SUPPORT/UTILITY POLE,OTHER,NONE,DARK-ROAD UNLIGHTED,CLEAR,DRY
6836 ,33832650,MONROE,Irondequoit,,,Y,43.197049,-77.592437,04/02/2011,4:55 PM,PROPERTY DAMAGE AND INJURY,1.,0 ,2 ,COLLISION WITH MOTOR VEHICLE,RIGHT ANGLE,TRAFFIC SIGNAL,DAYLIGHT,CLEAR,DRY
6836 ,33832654,MONROE,Perinton,,96 43051013,Y,43.045048,-77.4666271,04/01/2011,2:54 PM,PROPERTY DAMAGE AND INJURY,2.,0 ,3 ,COLLISION WITH MOTOR VEHICLE,OTHER,TRAFFIC SIGNAL,DAYLIGHT,CLOUDY,WET
6836 ,33832882,MONROE,Greece,,,N,43.2031303,-77.6695021,03/07/2011,3:15 PM,PROPERTY DAMAGE AND INJURY,1.,0 ,2 ,COLLISION WITH MOTOR VEHICLE,UNKNOWN,NONE,DAYLIGHT,CLOUDY,DRY
6836 ,33832884,MONROE,Greece,,,Y,43.194319,-77.701428,03/31/2011,3:44 PM,PROPERTY DAMAGE AND INJURY,2.,0 ,2 ,COLLISION WITH MOTOR VEHICLE,RIGHT ANGLE,TRAFFIC SIGNAL,DAYLIGHT,CLOUDY,DRY
6836 ,33832966,MONROE,Rochester,,,N,43.1771199,-77.5989381,04/03/2011,9:39 AM,PROPERTY DAMAGE AND INJURY,1.,0 ,2 ,COLLISION WITH MOTOR VEHICLE,REAR END,NONE,DAYLIGHT,CLEAR,DRY
6836 ,33832971,MONROE,Rochester,,15 43032008,Y,43.124634,-77.6175109,04/02/2011,9:28 PM,INJURY,1.,0 ,2 ,COLLISION WITH MOTOR VEHICLE,RIGHT ANGLE,TRAFFIC SIGNAL,DARK-ROAD LIGHTED,CLEAR,DRY
6836 ,33832975,MONROE,Rochester,,,Y,43.1392545,-77.5956576,04/02/2011,6:24 PM,INJURY,1.,0 ,1 ,COLLISION WITH PEDESTRIAN,OTHER,NONE,DAYLIGHT,CLEAR,DRY
6836 ,33832977,MONROE,Rochester,,,Y,43.203823,-77.65697,04/04/2011,11:34 AM,PROPERTY DAMAGE AND INJURY,1.,0 ,2 ,COLLISION WITH MOTOR VEHICLE,REAR END,TRAFFIC SIGNAL,DAYLIGHT,CLOUDY,WET
6836 ,33832983,MONROE,Rochester,,,N,43.1571747,-77.5488928,04/02/2011,10:22 PM,INJURY,1.,0 ,2 ,COLLISION WITH MOTOR VEHICLE,RIGHT ANGLE,NONE,DARK-ROAD LIGHTED,CLOUDY,DRY
6836 ,33833225,MONROE,Rochester,,490I43022041,N,43.1453573,-77.6002312,04/05/2011,5:25 PM,PROPERTY DAMAGE AND INJURY,1.,0 ,3 ,COLLISION WITH MOTOR VEHICLE,OTHER,NONE,DAYLIGHT,CLOUDY,DRY
6836 ,33833300,MONROE,Penfield,,,N,43.1717749,-77.5047999,04/04/2011,9:41 PM,PROPERTY DAMAGE AND INJURY,2.,0 ,1 ,COLLISION WITH OTHER,OTHER,NO PASSING ZONE,DARK-ROAD UNLIGHTED,RAIN,WET
6836 ,33833304,MONROE,Henrietta,,252 43011085,N,43.087153,-77.602992,04/04/2011,8:55 AM,PROPERTY DAMAGE AND INJURY,2.,0 ,3 ,COLLISION WITH MOTOR VEHICLE,OTHER,TRAFFIC SIGNAL,DAYLIGHT,RAIN,WET
6836 ,33833308,MONROE,Pittsford,,,N,43.0754588,-77.5225371,04/02/2011,12:21 AM,PROPERTY DAMAGE AND INJURY,1.,0 ,2 ,COLLISION WITH MOTOR VEHICLE,HEAD ON,NONE,DARK-ROAD UNLIGHTED,CLOUDY,DRY
6836 ,33833310,MONROE,Brighton,,31 43033005,Y,43.129596,-77.568106,04/05/2011,12:17 PM,PROPERTY DAMAGE AND INJURY,2.,0 ,2 ,COLLISION WITH MOTOR VEHICLE,LEFT TURN (AGAINST OTHER CAR),TRAFFIC SIGNAL,DAYLIGHT,CLOUDY,DRY
6836 ,33833312,MONROE,Brighton,,,Y,43.127291,-77.528059,04/04/2011,12:22 PM,PROPERTY DAMAGE AND INJURY,1.,0 ,2 ,COLLISION WITH MOTOR VEHICLE,REAR END,TRAFFIC SIGNAL,DAYLIGHT,CLOUDY,WET
6836 ,33833400,MONROE,Chili,,,Y,43.094199,-77.791999,02/10/2011,7:49 PM,INJURY,1.,0 ,2 ,COLLISION WITH MOTOR VEHICLE,UNKNOWN,UNKNOWN,UNKNOWN,UNKNOWN,UNKNOWN
6836 ,33833749,MONROE,Rochester,,,Y,43.160442,-77.591637,03/12/2011,10:50 PM,FATAL,0.,1 ,1 ,COLLISION WITH PEDESTRIAN,OTHER,TRAFFIC SIGNAL,DARK-ROAD LIGHTED,CLEAR,WET
6836 ,33833767,MONROE,Greece,,,Y,43.210064,-77.703397,03/26/2011,11:35 AM,INJURY,1.,0 ,3 ,COLLISION WITH MOTOR VEHICLE,OTHER,TRAFFIC SIGNAL,DAYLIGHT,CLEAR,DRY
6836 ,33834559,MONROE,Greece,,,N,43.2310749,-77.6715877,03/25/2011,4:30 PM,INJURY,1.,0 ,2 ,COLLISION WITH MOTOR VEHICLE,REAR END,TRAFFIC SIGNAL,DAYLIGHT,CLEAR,DRY
6836 ,33834562,MONROE,Greece,,,Y,43.223658,-77.677773,03/31/2011,4:14 PM,PROPERTY DAMAGE AND INJURY,2.,0 ,2 ,COLLISION WITH MOTOR VEHICLE,LEFT TURN (WITH OTHER CAR),TRAFFIC SIGNAL,DAYLIGHT,CLOUDY,DRY
6836 ,33834566,MONROE,Greece,,,Y,43.231071,-77.668982,04/02/2011,8:34 PM,INJURY,4.,0 ,2 ,COLLISION WITH MOTOR VEHICLE,REAR END,NONE,DARK-ROAD LIGHTED,CLEAR,DRY
6836 ,33834567,MONROE,Greece,,18 43031215,Y,43.23834,-77.646847,04/04/2011,10:15 PM,PROPERTY DAMAGE AND INJURY,1.,0 ,2 ,COLLISION WITH MOTOR VEHICLE,LEFT TURN (WITH OTHER CAR),TRAFFIC SIGNAL,DARK-ROAD LIGHTED,RAIN,WET
6836 ,33834570,MONROE,Greece,,,N,43.2235961,-77.6407013,03/17/2011,8:16 PM,INJURY,1.,0 ,1 ,COLLISION WITH PEDESTRIAN,OTHER,NONE,DARK-ROAD UNLIGHTED,CLEAR,DRY
6836 ,33834609,MONROE,Rochester,,,Y,43.168063,-77.616058,03/29/2011,6:19 PM,PROPERTY DAMAGE AND INJURY,1.,0 ,2 ,COLLISION WITH MOTOR VEHICLE,RIGHT ANGLE,STOP SIGN,DAYLIGHT,CLEAR,DRY
6836 ,33834610,MONROE,Rochester,,,N,43.1513128,-77.570742,04/06/2011,5:26 PM,PROPERTY DAMAGE AND INJURY,1.,0 ,4 ,COLLISION WITH MOTOR VEHICLE,OTHER,NONE,DAYLIGHT,CLOUDY,DRY
6836 ,33834872,MONROE,Hamlin,,360 43011006,N,43.328419,-77.9829838,03/12/2011,12:40 PM,PROPERTY DAMAGE AND INJURY,1.,0 ,1 ,COLLISION WITH CULVERT/HEADWALL,OTHER,NONE,DAYLIGHT,RAIN,WET
6836 ,33834876,MONROE,Spencerport,,259 43011072,Y,43.195437,-77.799596,04/04/2011,4:50 PM,PROPERTY DAMAGE AND INJURY,1.,0 ,2 ,COLLISION WITH MOTOR VEHICLE,REAR END,TRAFFIC SIGNAL,DAYLIGHT,CLOUDY,DRY
6836 ,33834953,MONROE,Rush,,,N,42.9482225,-77.7257874,03/23/2011,8:16 AM,FATAL,0.,1 ,2 ,COLLISION WITH MOTOR VEHICLE,HEAD ON,NONE,DAYLIGHT,SNOW,SNOW/ICE
6836 ,33834999,MONROE,Webster,,,N,43.1978577,-77.4746225,02/17/2011,12:00 AM,PROPERTY DAMAGE AND INJURY,1.,0 ,2 ,COLLISION WITH MOTOR VEHICLE,REAR END,TRAFFIC SIGNAL,DAYLIGHT,RAIN,WET
6836 ,33835173,MONROE,Rochester,,,Y,43.188923,-77.630188,02/25/2011,2:02 PM,PROPERTY DAMAGE AND INJURY,1.,0 ,2 ,COLLISION WITH MOTOR VEHICLE,REAR END,TRAFFIC SIGNAL,DAYLIGHT,SNOW,SNOW/ICE
6836 ,33835174,MONROE,Brighton,,,N,43.0999795,-77.614062,02/10/2011,8:45 AM,INJURY,1.,0 ,2 ,COLLISION WITH MOTOR VEHICLE,REAR END,STOP SIGN,DAYLIGHT,CLEAR,DRY
6836 ,33835413,MONROE,Rochester,,,Y,43.175667,-77.582117,03/11/2011,5:50 PM,INJURY,1.,0 ,2 ,COLLISION WITH MOTOR VEHICLE,OVERTAKING,TRAFFIC SIGNAL,DUSK,SNOW,WET
6836 ,33835415,MONROE,Rochester,,,Y,43.164638,-77.629303,03/11/2011,5:37 PM,INJURY,1.,0 ,2 ,COLLISION WITH MOTOR VEHICLE,REAR END,TRAFFIC SIGNAL,DUSK,SNOW,WET
6836 ,33835416,MONROE,Rochester,,,Y,43.143876,-77.642137,03/12/2011,7:45 AM,INJURY,1.,0 ,1 ,COLLISION WITH FENCE,OTHER,TRAFFIC SIGNAL,DAYLIGHT,SNOW,SNOW/ICE
6836 ,33835417,MONROE,Rochester,,,N,43.1565494,-77.6386936,03/06/2011,9:20 AM,PROPERTY DAMAGE AND INJURY,1.,0 ,1 ,COLLISION WITH MEDIAN/BARRIER,OTHER,NONE,DAYLIGHT,SNOW,SNOW/ICE
6836 ,33835429,MONROE,Rochester,,,N,43.1482052,-77.6424526,03/14/2011,7:24 AM,PROPERTY DAMAGE AND INJURY,1.,0 ,1 ,COLLISION WITH TREE,OTHER,NONE,DAYLIGHT,CLEAR,WET
6836 ,33835960,MONROE,Irondequoit,,,N,43.1940339,-77.5458799,03/07/2011,5:13 PM,PROPERTY DAMAGE AND INJURY,1.,0 ,3 ,COLLISION WITH GUIDE RAIL,OTHER,NONE,DAYLIGHT,CLEAR,DRY
6836 ,33836290,MONROE,Rochester,,,N,43.1454082,-77.5552008,04/06/2011,7:56 AM,PROPERTY DAMAGE AND INJURY,1.,0 ,2 ,COLLISION WITH MOTOR VEHICLE,LEFT TURN (AGAINST OTHER CAR),NONE,DAYLIGHT,CLEAR,DRY
6836 ,33836294,MONROE,Rochester,,,Y,43.176367,-77.5573561,04/06/2011,11:06 AM,INJURY,1.,0 ,2 ,COLLISION WITH MOTOR VEHICLE,REAR END,NONE,DAYLIGHT,CLOUDY,DRY
6836 ,33836466,MONROE,Webster,,104 43035297,N,43.2227934,-77.3856267,04/06/2011,8:10 AM,PROPERTY DAMAGE AND INJURY,1.,0 ,2 ,COLLISION WITH MOTOR VEHICLE,REAR END,TRAFFIC SIGNAL,DAYLIGHT,CLEAR,DRY
6836 ,33836524,MONROE,Brighton,,,N,43.107461,-77.5759661,04/06/2011,3:50 PM,PROPERTY DAMAGE AND INJURY,3.,0 ,2 ,COLLISION WITH MOTOR VEHICLE,LEFT TURN (AGAINST OTHER CAR),TRAFFIC SIGNAL,DAYLIGHT,CLOUDY,WET
6836 ,33836995,MONROE,Fairport,,250 43011049,Y,43.105674,-77.441864,03/30/2011,11:22 AM,INJURY,1.,0 ,2 ,COLLISION WITH MOTOR VEHICLE,REAR END,NONE,DAYLIGHT,CLEAR,DRY
6836 ,33837136,MONROE,Fairport,,31F43011042,Y,43.098522,-77.439543,04/07/2011,9:30 AM,PROPERTY DAMAGE AND INJURY,1.,0 ,2 ,COLLISION WITH MOTOR VEHICLE,RIGHT ANGLE,STOP SIGN,DAYLIGHT,CLEAR,DRY
6836 ,33837173,MONROE,Henrietta,,252 43011097,N,43.0870271,-77.5827531,04/08/2011,4:19 PM,PROPERTY DAMAGE AND INJURY,2.,0 ,3 ,COLLISION WITH MOTOR VEHICLE,OTHER,NONE,DAYLIGHT,CLOUDY,DRY
6836 ,33837192,MONROE,Gates,,,N,43.1387801,-77.6701861,04/08/2011,5:37 PM,INJURY,1.,0 ,2 ,COLLISION WITH MOTOR VEHICLE,OVERTAKING,NONE,DAYLIGHT,CLOUDY,DRY
6836 ,33837255,MONROE,Rush,,15 43031006,N,42.9487406,-77.6982074,04/07/2011,12:35 PM,PROPERTY DAMAGE AND INJURY,3.,0 ,2 ,COLLISION WITH MOTOR VEHICLE,LEFT TURN (AGAINST OTHER CAR),NONE,DAYLIGHT,CLEAR,DRY
6836 ,33837333,MONROE,Gates,,,N,43.1520639,-77.7321667,04/07/2011,4:55 PM,PROPERTY DAMAGE AND INJURY,1.,0 ,2 ,COLLISION WITH MOTOR VEHICLE,RIGHT ANGLE,NONE,DAYLIGHT,CLEAR,DRY
6836 ,33837429,MONROE,Rochester,,,Y,43.131858,-77.622111,04/07/2011,8:41 AM,INJURY,1.,0 ,1 ,COLLISION WITH BICYCLIST,OTHER,STOP SIGN,DAYLIGHT,CLEAR,DRY
6836 ,33837432,MONROE,Gates,,,N,43.1479597,-77.7323941,04/08/2011,1:54 PM,PROPERTY DAMAGE AND INJURY,1.,0 ,2 ,COLLISION WITH MOTOR VEHICLE,OVERTAKING,NONE,DAYLIGHT,CLOUDY,DRY
6836 ,33837655,MONROE,Rochester,,,Y,43.124791,-77.61428,04/01/2011,7:30 PM,PROPERTY DAMAGE AND INJURY,2.,0 ,3 ,COLLISION WITH MOTOR VEHICLE,OTHER,TRAFFIC SIGNAL,DARK-ROAD LIGHTED,CLEAR,DRY
6836 ,33837656,MONROE,Rochester,,,N,43.1806627,-77.6317423,04/08/2011,7:20 PM,PROPERTY DAMAGE AND INJURY,2.,0 ,1 ,COLL. W/LIGHT SUPPORT/UTILITY POLE,OTHER,NONE,DAYLIGHT,CLEAR,DRY
6836 ,33837657,MONROE,Rochester,,,Y,43.170804,-77.600806,04/08/2011,11:47 AM,INJURY,2.,0 ,2 ,COLLISION WITH MOTOR VEHICLE,REAR END,TRAFFIC SIGNAL,DAYLIGHT,CLOUDY,DRY
6836 ,33837659,MONROE,Rochester,,,N,43.1804314,-77.6150294,04/08/2011,4:23 AM,PROPERTY DAMAGE AND INJURY,1.,0 ,1 ,COLLISION WITH CURBING,OTHER,NONE,DARK-ROAD LIGHTED,CLEAR,DRY
6836 ,33837776,MONROE,Irondequoit,,590 43013005,N,43.1736029,-77.5410461,04/08/2011,8:44 AM,INJURY,1.,0 ,1 ,COLL. W/EARTH ELE./ROCK CUT/DITCH,OTHER,NONE,DAYLIGHT,CLOUDY,DRY
6836 ,33837814,MONROE,Parma,,104 43031108,Y,43.218409,-77.7925,04/05/2011,1:57 PM,PROPERTY DAMAGE AND INJURY,1.,0 ,2 ,COLLISION WITH MOTOR VEHICLE,RIGHT ANGLE,TRAFFIC SIGNAL,DAYLIGHT,CLOUDY,DRY
6836 ,33837817,MONROE,Parma,,261 43011048,Y,43.28831,-77.749578,04/07/2011,7:41 AM,PROPERTY DAMAGE AND INJURY,1.,0 ,2 ,COLLISION WITH MOTOR VEHICLE,RIGHT ANGLE,STOP SIGN,DAYLIGHT,FOG/SMOG/SMOKE,DRY
6836 ,33837820,MONROE,Brighton,,31 43033004,N,43.1319814,-77.5707532,04/09/2011,3:32 PM,INJURY,2.,0 ,2 ,COLLISION WITH MOTOR VEHICLE,OVERTAKING,NONE,DAYLIGHT,CLEAR,DRY
6836 ,33837946,MONROE,Greece,,,N,43.2236657,-77.6908687,04/07/2011,9:57 AM,PROPERTY DAMAGE AND INJURY,3.,0 ,2 ,COLLISION WITH MOTOR VEHICLE,RIGHT ANGLE,STOP SIGN,DAYLIGHT,CLEAR,DRY
6836 ,33837950,MONROE,Greece,,104 43031139,Y,43.214424,-77.7318019,04/09/2011,1:25 PM,PROPERTY DAMAGE AND INJURY,1.,0 ,2 ,COLLISION WITH MOTOR VEHICLE,RIGHT ANGLE,STOP SIGN,DAYLIGHT,CLEAR,DRY
6836 ,33838071,MONROE,Webster,,,N,43.2145331,-77.446609,04/10/2011,12:20 PM,INJURY,2.,0 ,2 ,COLLISION WITH MOTOR VEHICLE,REAR END,YIELD SIGN,DAYLIGHT,CLOUDY,DRY
6836 ,33838165,MONROE,Sweden,,,Y,43.176621,-77.962401,04/06/2011,6:30 AM,PROPERTY DAMAGE AND INJURY,1.,0 ,2 ,COLLISION WITH MOTOR VEHICLE,RIGHT ANGLE,STOP SIGN,DAWN,CLEAR,DRY
6836 ,33838167,MONROE,Henrietta,,15 43031108,Y,43.085782,-77.6375409,04/09/2011,2:58 PM,PROPERTY DAMAGE AND INJURY,1.,0 ,2 ,COLLISION WITH MOTOR VEHICLE,REAR END,NONE,DAYLIGHT,CLEAR,DRY
6836 ,33838169,MONROE,Henrietta,,252 43011060,Y,43.092837,-77.6535161,04/05/2011,12:21 AM,PROPERTY DAMAGE AND INJURY,3.,0 ,2 ,COLLISION WITH MOTOR VEHICLE,RIGHT ANGLE,TRAFFIC SIGNAL,DARK-ROAD LIGHTED,RAIN,WET
6836 ,33838176,MONROE,Ogden,,,N,43.1880674,-77.7863768,04/08/2011,10:32 AM,INJURY,1.,0 ,1 ,COLLISION WITH CURBING,OTHER,NONE,DAYLIGHT,CLOUDY,DRY
6836 ,33838218,MONROE,Rochester,,,N,43.1654549,-77.6413657,04/09/2011,5:42 PM,INJURY,1.,0 ,1 ,OTHER NON-COLLISION,OTHER,NONE,DAYLIGHT,CLEAR,DRY
6836 ,33838309,MONROE,Rochester,,,Y,43.15468,-77.5978489,03/12/2011,2:35 PM,INJURY,1.,0 ,1 ,COLLISION WITH PEDESTRIAN,OTHER,OFFICER/FLAGMAN/GUARD,DAYLIGHT,CLOUDY,WET
6836 ,33838661,MONROE,Greece,,18 43031186,N,43.252956,-77.6861226,03/16/2011,4:02 PM,PROPERTY DAMAGE AND INJURY,1.,0 ,2 ,COLLISION WITH MOTOR VEHICLE,REAR END,STOPPED SCHOOL BUS W/RED LIGHT FLSH,DAYLIGHT,CLOUDY,DRY
6836 ,33838662,MONROE,Greece,,104 43031168,N,43.206627,-77.676202,03/08/2011,1:44 AM,PROPERTY DAMAGE AND INJURY,1.,0 ,1 ,COLLISION WITH MEDIAN/BARRIER,OTHER,OTHER,DARK-ROAD LIGHTED,CLEAR,DRY
6836 ,33838664,MONROE,Rochester,,15 43032018,N,43.1409033,-77.6134129,03/16/2011,9:51 AM,PROPERTY DAMAGE AND INJURY,3.,0 ,2 ,COLLISION WITH MOTOR VEHICLE,REAR END,NONE,DAYLIGHT,CLOUDY,WET
6836 ,33838704,MONROE,Rochester,,,N,43.142278,-77.586219,03/17/2011,7:12 PM,INJURY,1.,0 ,1 ,COLLISION WITH BICYCLIST,OTHER,TRAFFIC SIGNAL,DAYLIGHT,CLEAR,DRY
6836 ,33839035,MONROE,Rochester,,,N,43.1654188,-77.580183,04/07/2011,2:21 PM,INJURY,1.,0 ,1 ,OTHER NON-COLLISION,OTHER,NONE,DAYLIGHT,CLEAR,DRY
6836 ,33839101,MONROE,Henrietta,,,Y,43.087044,-77.6247261,04/10/2011,5:51 PM,PROPERTY DAMAGE AND INJURY,1.,0 ,2 ,COLLISION WITH MOTOR VEHICLE,LEFT TURN (AGAINST OTHER CAR),TRAFFIC SIGNAL,DAYLIGHT,CLEAR,DRY
6836 ,33839162,MONROE,Webster,,,Y,43.206502,-77.469621,04/08/2011,2:52 PM,INJURY,3.,0 ,4 ,COLLISION WITH MOTOR VEHICLE,OTHER,TRAFFIC SIGNAL,DAYLIGHT,CLOUDY,DRY
6836 ,33839373,MONROE,Webster,,,N,43.2099702,-77.4509064,04/04/2011,6:12 PM,INJURY,1.,0 ,2 ,COLLISION WITH MOTOR VEHICLE,REAR END,STOP SIGN,DAYLIGHT,CLOUDY,DRY
6836 ,33839381,MONROE,Irondequoit,,,N,43.2027021,-77.5378608,04/10/2011,4:42 PM,INJURY,1.,0 ,1 ,RAN OFF ROAD ONLY,OTHER,NONE,DAYLIGHT,CLEAR,DRY
6836 ,33839402,MONROE,Rochester,,,Y,43.193912,-77.6598301,04/09/2011,12:30 PM,PROPERTY DAMAGE AND INJURY,2.,0 ,2 ,COLLISION WITH MOTOR VEHICLE,RIGHT TURN (WITH OTHER CAR),TRAFFIC SIGNAL,DAYLIGHT,CLEAR,DRY
6836 ,33839503,MONROE,Rochester,,15 43032008,N,43.1245064,-77.6175797,04/11/2011,5:24 PM,INJURY,1.,0 ,2 ,COLLISION WITH MOTOR VEHICLE,RIGHT TURN (WITH OTHER CAR),NONE,DAYLIGHT,CLEAR,DRY
6836 ,33839901,MONROE,Greece,,390 43011052,N,43.2308239,-77.67218,03/11/2011,4:41 AM,PROPERTY DAMAGE AND INJURY,1.,0 ,1 ,COLLISION WITH DEER,OTHER,NONE,DARK-ROAD UNLIGHTED,RAIN,WET
6836 ,33839998,MONROE,Wheatland,,,N,43.0171134,-77.8627551,04/07/2011,12:47 PM,INJURY,1.,0 ,1 ,OVERTURNED,OTHER,TRAFFIC SIGNAL,DAYLIGHT,CLEAR,DRY
6836 ,33840102,MONROE,Greece,,,Y,43.223658,-77.677773,04/05/2011,2:37 PM,PROPERTY DAMAGE AND INJURY,2.,0 ,2 ,COLLISION WITH MOTOR VEHICLE,RIGHT ANGLE,TRAFFIC SIGNAL,DAYLIGHT,CLOUDY,DRY
6836 ,33840148,MONROE,Rochester,,,Y,43.142223,-77.6458689,04/10/2011,10:43 PM,INJURY,3.,0 ,2 ,COLLISION WITH MOTOR VEHICLE,RIGHT ANGLE,FLASHING LIGHT,DARK-ROAD LIGHTED,CLEAR,DRY
6836 ,33840150,MONROE,Rochester,,,Y,43.14454,-77.596272,04/11/2011,2:31 PM,INJURY,1.,0 ,1 ,OTHER NON-COLLISION,OTHER,STOP SIGN,DAYLIGHT,CLOUDY,DRY