QUERYID,CASE #,REGN_CNTY_CDE,Municipality,MUNITYPE,REF_MRKR,ATINTERSECTION_IND,Lat,Long,,Time,Crash Type,Injuries,Fatalities,Number of Vehicles,ACCD_TYP,COLLISION_TYP,TRAF_CNTL,Light Condition,Weather Condition,Road Surface Condition
6836 ,33840405,MONROE,Hamlin,,,N,43.2891834,-77.8316956,04/05/2011,6:00 PM,INJURY,1.,0 ,2 ,COLLISION WITH MOTOR VEHICLE,LEFT TURN (AGAINST OTHER CAR),NONE,DAYLIGHT,CLEAR,DRY
6836 ,33840416,MONROE,Hamlin,,18 43031028,Y,43.295527,-77.943425,04/07/2011,5:13 PM,PROPERTY DAMAGE AND INJURY,2.,0 ,2 ,COLLISION WITH MOTOR VEHICLE,RIGHT ANGLE,STOP SIGN,DAYLIGHT,CLEAR,DRY
6836 ,33840517,MONROE,Rochester,,,N,43.1714244,-77.6059309,03/23/2011,4:48 PM,INJURY,1.,0 ,2 ,COLLISION WITH MOTOR VEHICLE,RIGHT ANGLE,STOP SIGN,DAYLIGHT,SNOW,SNOW/ICE
6836 ,33841116,MONROE,Webster,,,Y,43.230598,-77.487366,02/21/2011,6:00 AM,PROPERTY DAMAGE AND INJURY,1.,0 ,1 ,COLLISION WITH GUIDE RAIL,OTHER,UNKNOWN,UNKNOWN,UNKNOWN,SNOW/ICE
6836 ,33841387,MONROE,Brighton,,,Y,43.126223,-77.520117,02/23/2011,12:00 AM,PROPERTY DAMAGE AND INJURY,1.,0 ,2 ,COLLISION WITH MOTOR VEHICLE,REAR END,TRAFFIC SIGNAL,DARK-ROAD LIGHTED,CLEAR,WET
6836 ,33841997,MONROE,Rochester,,,N,43.1433054,-77.5725737,04/11/2011,5:50 PM,PROPERTY DAMAGE AND INJURY,1.,0 ,2 ,COLLISION WITH MOTOR VEHICLE,REAR END,NONE,DAYLIGHT,CLEAR,DRY
6836 ,33842009,MONROE,Rochester,,490I43022056,N,43.1434693,-77.5732089,04/11/2011,5:45 PM,PROPERTY DAMAGE AND INJURY,1.,0 ,2 ,COLLISION WITH MOTOR VEHICLE,REAR END,NONE,DAYLIGHT,CLOUDY,DRY
6836 ,33842022,MONROE,Rochester,,490I43022023,N,43.1569782,-77.6284595,04/11/2011,5:17 PM,INJURY,1.,0 ,3 ,COLLISION WITH MOTOR VEHICLE,OTHER,NONE,DAYLIGHT,CLOUDY,DRY
6836 ,33842456,MONROE,Rochester,,,N,43.17118,-77.602989,04/08/2011,9:15 PM,INJURY,1.,0 ,1 ,COLLISION WITH PEDESTRIAN,OTHER,NONE,DARK-ROAD LIGHTED,CLOUDY,DRY
6836 ,33842564,MONROE,Rochester,,96 43052000,N,43.143212,-77.5480503,02/25/2011,6:30 PM,PROPERTY DAMAGE AND INJURY,1.,0 ,2 ,COLLISION WITH MOTOR VEHICLE,REAR END,POLICE/FIRE EMERGENCY,DARK-ROAD LIGHTED,SNOW,SLUSH
6836 ,33843538,MONROE,Rochester,,,Y,43.142639,-77.547828,02/08/2011,7:50 AM,INJURY,1.,0 ,2 ,COLLISION WITH MOTOR VEHICLE,REAR END,NONE,DAYLIGHT,UNKNOWN,UNKNOWN
6836 ,33843758,MONROE,Rochester,,,N,43.1542678,-77.594809,04/03/2011,2:34 AM,INJURY,2.,0 ,1 ,COLLISION WITH PEDESTRIAN,OTHER,NONE,DARK-ROAD LIGHTED,CLOUDY,DRY
6836 ,33843766,MONROE,Rochester,,,Y,43.153976,-77.6165311,04/12/2011,9:35 AM,INJURY,1.,0 ,2 ,COLLISION WITH MOTOR VEHICLE,REAR END,TRAFFIC SIGNAL,DAYLIGHT,CLEAR,DRY
6836 ,33844322,MONROE,Gates,,490I43021145,N,43.1357644,-77.7188768,04/11/2011,3:28 PM,PROPERTY DAMAGE AND INJURY,1.,0 ,2 ,COLLISION WITH MOTOR VEHICLE,REAR END,NONE,DAYLIGHT,CLOUDY,DRY
6836 ,33844907,MONROE,Irondequoit,,,N,43.2105878,-77.6012987,04/07/2011,10:34 AM,PROPERTY DAMAGE AND INJURY,1.,0 ,2 ,COLLISION WITH MOTOR VEHICLE,RIGHT ANGLE,OTHER,DAYLIGHT,CLEAR,DRY
6836 ,33844909,MONROE,Brockport,,,Y,43.206877,-77.941112,04/13/2011,5:15 PM,INJURY,1.,0 ,1 ,COLLISION WITH PEDESTRIAN,OTHER,NONE,DAYLIGHT,SNOW,WET
6836 ,33844911,MONROE,Gates,,,N,43.1647386,-77.6902183,04/14/2011,12:08 AM,PROPERTY DAMAGE AND INJURY,1.,0 ,1 ,COLL. W/LIGHT SUPPORT/UTILITY POLE,OTHER,NONE,DARK-ROAD LIGHTED,CLOUDY,WET
6836 ,33844916,MONROE,Brighton,,96 43051088,N,43.126029,-77.5270918,04/13/2011,4:00 PM,PROPERTY DAMAGE AND INJURY,1.,0 ,2 ,COLLISION WITH MOTOR VEHICLE,LEFT TURN (AGAINST OTHER CAR),NONE,DAYLIGHT,RAIN,WET
6836 ,33844917,MONROE,Brighton,,15A43041125,Y,43.102787,-77.615259,04/13/2011,3:06 PM,INJURY,2.,0 ,3 ,COLLISION WITH MOTOR VEHICLE,OTHER,TRAFFIC SIGNAL,DAYLIGHT,RAIN,WET
6836 ,33844921,MONROE,Webster,,,N,43.214195,-77.475083,04/12/2011,5:03 PM,PROPERTY DAMAGE AND INJURY,1.,0 ,2 ,COLLISION WITH MOTOR VEHICLE,RIGHT ANGLE,TRAFFIC SIGNAL,DAYLIGHT,CLEAR,DRY
6836 ,33844927,MONROE,Webster,,,Y,43.205131,-77.499667,04/13/2011,9:05 AM,PROPERTY DAMAGE AND INJURY,1.,0 ,2 ,COLLISION WITH MOTOR VEHICLE,RIGHT ANGLE,NONE,DAYLIGHT,RAIN,WET
6836 ,33845023,MONROE,Greece,,,Y,43.186914,-77.701511,04/05/2011,7:13 PM,PROPERTY DAMAGE AND INJURY,1.,0 ,2 ,COLLISION WITH MOTOR VEHICLE,LEFT TURN (AGAINST OTHER CAR),TRAFFIC SIGNAL,DAYLIGHT,CLOUDY,DRY
6836 ,33845060,MONROE,Greece,,104 43031160,Y,43.2090418,-77.6900582,04/11/2011,2:00 PM,PROPERTY DAMAGE AND INJURY,1.,0 ,2 ,COLLISION WITH MOTOR VEHICLE,LEFT TURN (AGAINST OTHER CAR),TRAFFIC SIGNAL,DAYLIGHT,CLOUDY,DRY
6836 ,33845061,MONROE,Greece,,104 43031173,Y,43.2050714,-77.666247,04/04/2011,8:56 PM,PROPERTY DAMAGE AND INJURY,1.,0 ,2 ,COLLISION WITH MOTOR VEHICLE,REAR END,TRAFFIC SIGNAL,DARK-ROAD LIGHTED,RAIN,WET
6836 ,33845064,MONROE,Greece,,,Y,43.1907,-77.701476,04/07/2011,4:59 PM,PROPERTY DAMAGE AND INJURY,7.,0 ,3 ,COLLISION WITH MOTOR VEHICLE,OTHER,TRAFFIC SIGNAL,DAYLIGHT,CLEAR,DRY
6836 ,33845097,MONROE,Rochester,,,Y,43.174338,-77.631185,04/14/2011,4:14 PM,PROPERTY DAMAGE AND INJURY,1.,0 ,2 ,COLLISION WITH TREE,UNKNOWN,NONE,DAYLIGHT,CLEAR,DRY
6836 ,33845103,MONROE,Rochester,,,Y,43.164637,-77.65011,04/01/2011,12:27 PM,INJURY,1.,0 ,2 ,COLLISION WITH MOTOR VEHICLE,REAR END,NONE,DAYLIGHT,RAIN,WET
6836 ,33845131,MONROE,Rochester,,,Y,43.159367,-77.6516449,04/11/2011,8:00 AM,INJURY,1.,0 ,1 ,COLLISION WITH PEDESTRIAN,OTHER,NONE,DAYLIGHT,CLEAR,DRY
6836 ,33845335,MONROE,Gates,,33 43031120,Y,43.147073,-77.711237,04/14/2011,2:01 PM,PROPERTY DAMAGE AND INJURY,1.,0 ,2 ,COLLISION WITH MOTOR VEHICLE,RIGHT ANGLE,TRAFFIC SIGNAL,DAYLIGHT,CLOUDY,DRY
6836 ,33845341,MONROE,Brighton,,31 43033007,N,43.1262408,-77.5643706,04/09/2011,12:43 PM,INJURY,1.,0 ,1 ,COLLISION WITH BICYCLIST,OTHER,NONE,DAYLIGHT,CLEAR,DRY
6836 ,33845416,MONROE,Rochester,,,Y,43.186453,-77.613791,04/14/2011,10:26 PM,PROPERTY DAMAGE AND INJURY,2.,0 ,3 ,COLLISION WITH MOTOR VEHICLE,OTHER,TRAFFIC SIGNAL,DARK-ROAD LIGHTED,CLEAR,DRY
6836 ,33845419,MONROE,Rochester,,,Y,43.1752623,-77.6045485,04/15/2011,8:50 PM,PROPERTY DAMAGE AND INJURY,1.,0 ,1 ,COLLISION WITH BICYCLIST,OTHER,NONE,DARK-ROAD LIGHTED,CLEAR,DRY
6836 ,33845424,MONROE,Rochester,,,N,43.14216,-77.585984,04/14/2011,6:46 PM,INJURY,1.,0 ,2 ,COLLISION WITH MOTOR VEHICLE,RIGHT ANGLE,TRAFFIC SIGNAL,DAYLIGHT,CLEAR,DRY
6836 ,33845434,MONROE,Rochester,,,N,43.1935005,-77.6598313,04/09/2011,2:29 AM,PROPERTY DAMAGE AND INJURY,1.,0 ,1 ,COLLISION WITH BUILDING/WALL,OTHER,NONE,DARK-ROAD LIGHTED,CLEAR,DRY
6836 ,33845494,MONROE,Greece,,261 43011019,Y,43.244333,-77.7515,04/15/2011,7:22 AM,PROPERTY DAMAGE AND INJURY,1.,0 ,2 ,COLLISION WITH MOTOR VEHICLE,RIGHT ANGLE,STOP SIGN,DAYLIGHT,CLEAR,DRY
6836 ,33845641,MONROE,Rochester,,104 43032041,N,43.1949459,-77.5853889,04/13/2011,10:56 AM,INJURY,1.,0 ,2 ,COLLISION WITH MOTOR VEHICLE,OVERTAKING,NONE,DAYLIGHT,RAIN,WET
6836 ,33845647,MONROE,Rochester,,490I43022065,N,43.144744,-77.5546079,04/13/2011,4:14 PM,PROPERTY DAMAGE AND INJURY,1.,0 ,1 ,COLLISION WITH OTHER BARRIER,OTHER,NONE,DAYLIGHT,CLOUDY,WET
6836 ,33845776,MONROE,Rochester,,,Y,43.187626,-77.576289,04/14/2011,5:31 PM,INJURY,1.,0 ,1 ,COLLISION WITH PEDESTRIAN,OTHER,TRAFFIC SIGNAL,DAYLIGHT,CLEAR,DRY
6836 ,33845777,MONROE,Rochester,,33 43032024,N,43.1520173,-77.6285946,04/15/2011,10:30 PM,PROPERTY DAMAGE AND INJURY,3.,0 ,2 ,COLLISION WITH MOTOR VEHICLE,REAR END,NONE,DARK-ROAD LIGHTED,CLEAR,DRY
6836 ,33846221,MONROE,Gates,,,Y,43.139152,-77.708589,04/01/2011,5:30 PM,PROPERTY DAMAGE AND INJURY,2.,0 ,2 ,COLLISION WITH MOTOR VEHICLE,REAR END,TRAFFIC SIGNAL,DAYLIGHT,CLOUDY,DRY
6836 ,33846516,MONROE,Pittsford,,,N,43.0992484,-77.5228721,01/22/2011,11:35 PM,FATAL,5.,1 ,2 ,COLLISION WITH MOTOR VEHICLE,HEAD ON,NONE,DARK-ROAD UNLIGHTED,SNOW,SNOW/ICE
6836 ,33846598,MONROE,Greece,,,N,43.1822597,-77.6943756,02/25/2011,2:00 PM,INJURY,1.,0 ,1 ,COLLISION WITH PEDESTRIAN,OTHER,NONE,DAYLIGHT,SNOW,SNOW/ICE
6836 ,33846790,MONROE,Rochester,,,Y,43.161757,-77.608303,03/28/2011,7:40 AM,PROPERTY DAMAGE AND INJURY,5.,0 ,2 ,COLLISION WITH MOTOR VEHICLE,LEFT TURN (AGAINST OTHER CAR),TRAFFIC SIGNAL,DAYLIGHT,CLEAR,DRY
6836 ,33847085,MONROE,Greece,,,N,43.252881,-77.6655652,04/02/2011,3:40 PM,PROPERTY DAMAGE AND INJURY,1.,0 ,3 ,COLLISION WITH MOTOR VEHICLE,OTHER,NONE,DAYLIGHT,CLEAR,DRY
6836 ,33847145,MONROE,Rochester,,,Y,43.190865,-77.63887,04/05/2011,6:29 AM,INJURY,1.,0 ,1 ,COLLISION WITH PEDESTRIAN,OTHER,STOP SIGN,DARK-ROAD LIGHTED,RAIN,WET
6836 ,33847151,MONROE,Rochester,,940M43011021,Y,43.194691,-77.628791,04/17/2011,12:56 AM,PROPERTY DAMAGE AND INJURY,1.,0 ,2 ,COLLISION WITH MOTOR VEHICLE,RIGHT ANGLE,TRAFFIC SIGNAL,DARK-ROAD LIGHTED,CLOUDY,WET
6836 ,33847489,MONROE,Brighton,,590I43011037,N,43.127273,-77.5532629,04/17/2011,8:41 AM,PROPERTY DAMAGE AND INJURY,1.,0 ,2 ,COLLISION WITH MOTOR VEHICLE,REAR END,NONE,DAYLIGHT,CLOUDY,DRY
6836 ,33847654,MONROE,Rochester,,,Y,43.151339,-77.602061,04/19/2011,6:13 PM,INJURY,1.,0 ,1 ,COLLISION WITH BICYCLIST,OTHER,TRAFFIC SIGNAL,DAYLIGHT,CLOUDY,WET
6836 ,33847657,MONROE,Rochester,,,N,43.1666485,-77.642274,04/02/2011,2:51 AM,PROPERTY DAMAGE AND INJURY,1.,0 ,1 ,COLLISION WITH FIRE HYDRANT,OTHER,OTHER,DARK-ROAD LIGHTED,CLEAR,DRY
6836 ,33847778,MONROE,Rochester,,590 43012005,N,43.1652173,-77.5386951,04/20/2011,4:40 AM,PROPERTY DAMAGE AND INJURY,1.,0 ,1 ,COLLISION WITH GUIDE RAIL,OTHER,NONE,DARK-ROAD LIGHTED,RAIN,WET
6836 ,33848840,MONROE,Rochester,,31 43032020,N,43.1646278,-77.6369093,04/20/2011,1:37 PM,PROPERTY DAMAGE AND INJURY,1.,0 ,2 ,COLLISION WITH MOTOR VEHICLE,RIGHT ANGLE,NONE,DAYLIGHT,CLOUDY,DRY
6836 ,33848945,MONROE,Greece,,,Y,43.231093,-77.659072,04/18/2011,10:08 PM,PROPERTY DAMAGE AND INJURY,3.,0 ,2 ,COLLISION WITH MOTOR VEHICLE,RIGHT ANGLE,TRAFFIC SIGNAL,DARK-ROAD LIGHTED,CLOUDY,DRY
6836 ,33849297,MONROE,Greece,,,Y,43.215172,-77.695873,04/20/2011,12:49 PM,PROPERTY DAMAGE AND INJURY,3.,0 ,2 ,COLLISION WITH MOTOR VEHICLE,RIGHT ANGLE,STOP SIGN,DAYLIGHT,RAIN,WET
6836 ,33849340,MONROE,Greece,,,N,43.2062417,-77.6729142,04/22/2011,3:40 AM,PROPERTY DAMAGE AND INJURY,1.,0 ,1 ,COLLISION WITH CURBING,OTHER,NONE,DARK-ROAD LIGHTED,CLOUDY,DRY
6836 ,33849372,MONROE,Rochester,,,N,43.1585965,-77.5481317,04/13/2011,7:50 PM,PROPERTY DAMAGE AND INJURY,1.,0 ,3 ,COLLISION WITH MOTOR VEHICLE,OTHER,TRAFFIC SIGNAL,DARK-ROAD LIGHTED,RAIN,WET
6836 ,33849610,MONROE,Greece,,,N,43.2839062,-77.691321,04/09/2011,6:10 PM,PROPERTY DAMAGE AND INJURY,3.,0 ,2 ,COLLISION WITH MOTOR VEHICLE,REAR END,NONE,DAYLIGHT,CLEAR,DRY
6836 ,33849616,MONROE,Greece,,,Y,43.186914,-77.701511,04/12/2011,4:18 PM,PROPERTY DAMAGE AND INJURY,3.,0 ,2 ,COLLISION WITH MOTOR VEHICLE,LEFT TURN (WITH OTHER CAR),TRAFFIC SIGNAL,DAYLIGHT,CLEAR,DRY
6836 ,33849621,MONROE,Greece,,,Y,43.223658,-77.677773,04/19/2011,5:10 PM,PROPERTY DAMAGE AND INJURY,3.,0 ,3 ,COLLISION WITH MOTOR VEHICLE,OTHER,TRAFFIC SIGNAL,DAYLIGHT,CLOUDY,DRY
6836 ,33849638,MONROE,Rochester,,,N,43.2036117,-77.6551175,04/23/2011,8:08 PM,PROPERTY DAMAGE AND INJURY,1.,0 ,1 ,OVERTURNED,OTHER,NONE,DARK-ROAD LIGHTED,CLOUDY,WET
6836 ,33849640,MONROE,Rochester,,,Y,43.149875,-77.586273,04/16/2011,1:40 PM,PROPERTY DAMAGE AND INJURY,1.,0 ,2 ,COLLISION WITH MOTOR VEHICLE,RIGHT ANGLE,TRAFFIC SIGNAL,DAYLIGHT,CLOUDY,WET
6836 ,33849648,MONROE,Rochester,,,N,43.1374996,-77.6509709,04/22/2011,7:54 PM,INJURY,1.,0 ,1 ,COLLISION WITH PEDESTRIAN,OTHER,NONE,DARK-ROAD LIGHTED,CLEAR,DRY
6836 ,33849651,MONROE,Rochester,,,Y,43.1595652,-77.547608,04/21/2011,8:05 AM,PROPERTY DAMAGE AND INJURY,1.,0 ,2 ,COLLISION WITH MOTOR VEHICLE,REAR END,TRAFFIC SIGNAL,DAYLIGHT,CLOUDY,DRY
6836 ,33849762,MONROE,Rochester,,490I43022038,N,43.1488198,-77.6028776,04/22/2011,6:30 PM,PROPERTY DAMAGE AND INJURY,1.,0 ,1 ,COLLISION WITH TREE,OTHER,NONE,DAYLIGHT,CLOUDY,DRY
6836 ,33849920,MONROE,Irondequoit,,104 43035201,N,43.195881,-77.5592768,04/22/2011,4:59 PM,PROPERTY DAMAGE AND INJURY,1.,0 ,1 ,COLL. W/LIGHT SUPPORT/UTILITY POLE,OTHER,NONE,DAYLIGHT,CLOUDY,DRY
6836 ,33850039,MONROE,Rochester,,,Y,43.188168,-77.613466,04/23/2011,2:33 PM,PROPERTY DAMAGE AND INJURY,2.,0 ,2 ,COLLISION WITH MOTOR VEHICLE,LEFT TURN (WITH OTHER CAR),STOP SIGN,DAYLIGHT,CLOUDY,DRY
6836 ,33850112,MONROE,Webster,,250 43011126,N,43.2154383,-77.4305134,04/24/2011,10:36 AM,PROPERTY DAMAGE AND INJURY,1.,0 ,2 ,COLLISION WITH MOTOR VEHICLE,REAR END,STOP SIGN,DAYLIGHT,RAIN,WET
6836 ,33850125,MONROE,Webster,,,N,43.2145635,-77.446609,04/23/2011,4:51 PM,PROPERTY DAMAGE AND INJURY,3.,0 ,2 ,COLLISION WITH MOTOR VEHICLE,REAR END,YIELD SIGN,DAYLIGHT,CLOUDY,DRY
6836 ,33850782,MONROE,Rochester,,,N,43.1819647,-77.613678,03/06/2011,9:00 AM,INJURY,1.,0 ,3 ,COLLISION WITH MOTOR VEHICLE,OTHER,UNKNOWN,UNKNOWN,UNKNOWN,UNKNOWN
6836 ,33850953,MONROE,Rochester,,,Y,43.187361,-77.584105,04/09/2011,3:13 PM,INJURY,1.,0 ,2 ,COLLISION WITH MOTOR VEHICLE,LEFT TURN (WITH OTHER CAR),NONE,DAYLIGHT,CLEAR,DRY
6836 ,33851242,MONROE,Greece,,,N,43.252886,-77.667925,04/23/2011,9:31 PM,PROPERTY DAMAGE AND INJURY,2.,0 ,2 ,COLLISION WITH MOTOR VEHICLE,RIGHT ANGLE,TRAFFIC SIGNAL,DARK-ROAD LIGHTED,RAIN,WET
6836 ,33851314,MONROE,Rochester,,,Y,43.145438,-77.5553219,04/24/2011,5:14 PM,PROPERTY DAMAGE AND INJURY,1.,0 ,2 ,COLLISION WITH MOTOR VEHICLE,RIGHT ANGLE,TRAFFIC SIGNAL,DAYLIGHT,CLEAR,DRY
6836 ,33851332,MONROE,Brighton,,590I43011042,N,43.1354114,-77.5530989,04/20/2011,5:46 AM,INJURY,1.,0 ,2 ,COLLISION WITH MOTOR VEHICLE,REAR END,NONE,DAWN,RAIN,WET
6836 ,33851366,MONROE,Rochester,,942G43011005,N,43.157576,-77.617658,04/22/2011,12:42 PM,INJURY,1.,0 ,2 ,COLLISION WITH MOTOR VEHICLE,RIGHT ANGLE,TRAFFIC SIGNAL,DAYLIGHT,CLEAR,DRY
6836 ,33851419,MONROE,Greece,,,Y,43.286848,-77.714586,04/22/2011,10:04 PM,PROPERTY DAMAGE AND INJURY,1.,0 ,1 ,COLLISION WITH TREE,OTHER,STOP SIGN,DARK-ROAD LIGHTED,RAIN,WET
6836 ,33851478,MONROE,Rochester,,,Y,43.120113,-77.625653,04/03/2011,1:58 AM,FATAL,0.,1 ,2 ,COLLISION WITH MOTOR VEHICLE,RIGHT ANGLE,STOP SIGN,DARK-ROAD LIGHTED,CLEAR,DRY
6836 ,33851508,MONROE,Rochester,,,Y,43.180937,-77.631738,03/20/2011,5:59 PM,PROPERTY DAMAGE AND INJURY,1.,0 ,1 ,COLLISION WITH CURBING,OTHER,TRAFFIC SIGNAL,DAYLIGHT,CLEAR,DRY
6836 ,33851513,MONROE,Rochester,,,N,43.121583,-77.618928,03/21/2011,8:53 PM,INJURY,3.,0 ,1 ,COLLISION WITH SIGN POST,OTHER,TRAFFIC SIGNAL,DARK-ROAD LIGHTED,CLEAR,DRY
6836 ,33851518,MONROE,Rochester,,,Y,43.169423,-77.626842,03/23/2011,4:00 PM,INJURY,1.,0 ,2 ,COLLISION WITH MOTOR VEHICLE,UNKNOWN,UNKNOWN,DARK-ROAD LIGHTED,SNOW,SNOW/ICE
6836 ,33851520,MONROE,Rochester,,,Y,43.173884,-77.624003,03/23/2011,5:46 PM,INJURY,1.,0 ,2 ,COLLISION WITH MOTOR VEHICLE,REAR END,TRAFFIC SIGNAL,DAYLIGHT,SNOW,SNOW/ICE
6836 ,33851521,MONROE,Brighton,,,Y,43.136214,-77.575505,03/23/2011,3:36 PM,INJURY,1.,0 ,2 ,COLLISION WITH MOTOR VEHICLE,REAR END,TRAFFIC SIGNAL,DAYLIGHT,SNOW,SNOW/ICE
6836 ,33851534,MONROE,Greece,,,Y,43.213812,-77.677614,03/22/2011,4:41 PM,PROPERTY DAMAGE AND INJURY,1.,0 ,2 ,COLLISION WITH MOTOR VEHICLE,OVERTAKING,NONE,DAYLIGHT,CLOUDY,DRY
6836 ,33851958,MONROE,Rush,,,N,42.9636573,-77.6940122,04/15/2011,8:00 AM,INJURY,1.,0 ,1 ,COLLISION WITH ANIMAL,OTHER,NONE,DAYLIGHT,CLEAR,DRY
6836 ,33852252,MONROE,Rochester,,,N,43.1379023,-77.6222513,04/26/2011,4:27 PM,PROPERTY DAMAGE AND INJURY,1.,0 ,2 ,COLLISION WITH MOTOR VEHICLE,OVERTAKING,NONE,DAYLIGHT,CLEAR,DRY
6836 ,33852281,MONROE,Rochester,,,Y,43.176237,-77.562311,04/23/2011,11:18 AM,PROPERTY DAMAGE AND INJURY,1.,0 ,2 ,COLLISION WITH MOTOR VEHICLE,HEAD ON,NONE,DAYLIGHT,CLOUDY,DRY
6836 ,33853157,MONROE,Greece,,,Y,43.223798,-77.716497,04/22/2011,12:14 AM,PROPERTY DAMAGE AND INJURY,1.,0 ,1 ,COLL. W/LIGHT SUPPORT/UTILITY POLE,OTHER,STOP SIGN,DARK-ROAD LIGHTED,CLOUDY,DRY
6836 ,33853190,MONROE,Rochester,,,Y,43.167362,-77.616907,04/26/2011,6:50 PM,INJURY,1.,0 ,2 ,COLLISION WITH MOTOR VEHICLE,REAR END,NONE,DAYLIGHT,CLOUDY,WET
6836 ,33853327,MONROE,Gates,,390 43011009,N,43.1569492,-77.6819797,04/25/2011,3:59 PM,PROPERTY DAMAGE AND INJURY,2.,0 ,1 ,COLL. W/LIGHT SUPPORT/UTILITY POLE,OTHER,NONE,DAYLIGHT,RAIN,WET
6836 ,33853337,MONROE,Greece,,390 43011036,N,43.2083688,-77.6757919,04/25/2011,9:25 AM,PROPERTY DAMAGE AND INJURY,1.,0 ,1 ,COLLISION WITH ANIMAL,OTHER,NONE,DAYLIGHT,CLOUDY,DRY
6836 ,33853338,MONROE,Rochester,,104 43032021,N,43.1936748,-77.6227827,04/25/2011,7:49 AM,PROPERTY DAMAGE AND INJURY,1.,0 ,3 ,COLLISION WITH MOTOR VEHICLE,OTHER,NONE,DAYLIGHT,CLOUDY,DRY
6836 ,33853339,MONROE,Rochester,,104 43032026,N,43.1914459,-77.6140134,04/25/2011,8:26 AM,INJURY,3.,0 ,2 ,COLLISION WITH MOTOR VEHICLE,REAR END,NONE,DAYLIGHT,CLEAR,DRY
6836 ,33853865,MONROE,Greece,,104 43031155,Y,43.209859,-77.6959401,04/20/2011,12:37 PM,PROPERTY DAMAGE AND INJURY,3.,0 ,2 ,COLLISION WITH MOTOR VEHICLE,LEFT TURN (WITH OTHER CAR),TRAFFIC SIGNAL,DAYLIGHT,RAIN,WET
6836 ,33854405,MONROE,Perinton,,31 43033111,N,43.064512,-77.3919653,04/08/2011,5:10 PM,PROPERTY DAMAGE AND INJURY,1.,0 ,2 ,COLLISION WITH MOTOR VEHICLE,LEFT TURN (WITH OTHER CAR),STOP SIGN,DAYLIGHT,CLOUDY,DRY
6836 ,33854420,MONROE,Henrietta,,,Y,43.0926835,-77.6536385,04/08/2011,5:48 PM,INJURY,1.,0 ,2 ,COLLISION WITH MOTOR VEHICLE,REAR END,TRAFFIC SIGNAL,DAYLIGHT,CLEAR,DRY
6836 ,33854433,MONROE,Brighton,,490I43021070,N,43.1373068,-77.5354646,04/07/2011,2:44 PM,INJURY,1.,0 ,1 ,COLLISION WITH MEDIAN/BARRIER,OTHER,NONE,DAYLIGHT,CLEAR,DRY
6836 ,33854447,MONROE,Rochester,,,Y,43.167362,-77.616907,04/23/2011,9:58 PM,PROPERTY DAMAGE AND INJURY,1.,0 ,2 ,COLLISION WITH MOTOR VEHICLE,LEFT TURN (AGAINST OTHER CAR),TRAFFIC SIGNAL,DARK-ROAD LIGHTED,UNKNOWN,DRY
6836 ,33854510,MONROE,Penfield,,,N,43.132052,-77.4414229,04/12/2011,4:16 PM,PROPERTY DAMAGE AND INJURY,2.,0 ,2 ,COLLISION WITH MOTOR VEHICLE,RIGHT ANGLE,NONE,DAYLIGHT,CLEAR,DRY
6836 ,33854578,MONROE,Clarkson,,260 43011039,N,43.2517743,-77.8806708,04/05/2011,10:18 PM,PROPERTY DAMAGE AND INJURY,1.,0 ,1 ,COLL. W/EARTH ELE./ROCK CUT/DITCH,OTHER,NONE,DARK-ROAD UNLIGHTED,CLEAR,DRY
6836 ,33854623,MONROE,Chili,,33 43031014,N,43.0959684,-77.7701582,04/09/2011,3:05 AM,PROPERTY DAMAGE AND INJURY,2.,0 ,1 ,COLL. W/LIGHT SUPPORT/UTILITY POLE,OTHER,NONE,DARK-ROAD LIGHTED,CLEAR,DRY
6836 ,33854733,MONROE,Perinton,,31F43011032,N,43.1008072,-77.4594491,04/09/2011,3:08 PM,INJURY,1.,0 ,2 ,COLLISION WITH MOTOR VEHICLE,REAR END,NONE,DAYLIGHT,CLEAR,DRY
6836 ,33854771,MONROE,Rochester,,,N,43.192069,-77.59989,04/29/2011,4:35 PM,PROPERTY DAMAGE AND INJURY,1.,0 ,2 ,COLLISION WITH MOTOR VEHICLE,LEFT TURN (AGAINST OTHER CAR),TRAFFIC SIGNAL,DAYLIGHT,CLOUDY,DRY
6836 ,33854804,MONROE,Rochester,,,Y,43.178741,-77.5990441,04/28/2011,9:52 AM,PROPERTY DAMAGE AND INJURY,1.,0 ,1 ,COLL. W/LIGHT SUPPORT/UTILITY POLE,OTHER,STOP SIGN,DAYLIGHT,CLEAR,DRY
6836 ,33856527,MONROE,Rochester,,,Y,43.124634,-77.6175109,04/26/2011,3:41 PM,PROPERTY DAMAGE AND INJURY,1.,0 ,2 ,COLLISION WITH MOTOR VEHICLE,OVERTAKING,NONE,DAYLIGHT,CLEAR,DRY
6836 ,33856993,MONROE,Rochester,,104 43032037,N,43.1931397,-77.592882,04/28/2011,11:27 AM,PROPERTY DAMAGE AND INJURY,2.,0 ,4 ,COLLISION WITH MOTOR VEHICLE,OTHER,TRAFFIC SIGNAL,DAYLIGHT,CLEAR,DRY
6836 ,33857043,MONROE,Greece,,,Y,43.22438,-77.724055,04/09/2011,8:45 PM,PROPERTY DAMAGE AND INJURY,1.,0 ,2 ,COLLISION WITH MOTOR VEHICLE,HEAD ON,NONE,DARK-ROAD UNLIGHTED,CLEAR,DRY
6836 ,33857074,MONROE,Greece,,,N,43.2383752,-77.6804645,04/28/2011,3:38 PM,PROPERTY DAMAGE AND INJURY,1.,0 ,3 ,COLLISION WITH MOTOR VEHICLE,OTHER,TRAFFIC SIGNAL,DAYLIGHT,CLEAR,DRY
6836 ,33857135,MONROE,Greece,,,Y,43.2090418,-77.6900582,04/22/2011,4:56 PM,PROPERTY DAMAGE AND INJURY,1.,0 ,3 ,COLLISION WITH MOTOR VEHICLE,OTHER,TRAFFIC SIGNAL,DAYLIGHT,CLOUDY,DRY