QUERYID,CASE #,REGN_CNTY_CDE,Municipality,MUNITYPE,REF_MRKR,ATINTERSECTION_IND,Lat,Long,,Time,Crash Type,Injuries,Fatalities,Number of Vehicles,ACCD_TYP,COLLISION_TYP,TRAF_CNTL,Light Condition,Weather Condition,Road Surface Condition
6836 ,33857160,MONROE,Rochester,,,N,43.1792643,-77.6466815,04/30/2011,2:23 PM,INJURY,1.,0 ,1 ,COLLISION WITH PEDESTRIAN,OTHER,NONE,DAYLIGHT,CLEAR,DRY
6836 ,33857494,MONROE,Rochester,,,Y,43.138151,-77.596958,05/01/2011,8:17 PM,PROPERTY DAMAGE AND INJURY,1.,0 ,2 ,COLLISION WITH MOTOR VEHICLE,RIGHT ANGLE,STOP SIGN,DARK-ROAD LIGHTED,RAIN,WET
6836 ,33857721,MONROE,Rochester,,,Y,43.169949,-77.654137,05/01/2011,10:55 PM,PROPERTY DAMAGE AND INJURY,3.,0 ,2 ,COLLISION WITH MOTOR VEHICLE,RIGHT ANGLE,STOP SIGN,DARK-ROAD LIGHTED,RAIN,WET
6836 ,33857878,MONROE,Rochester,,15 43032018,N,43.1409033,-77.6134129,05/01/2011,8:21 PM,PROPERTY DAMAGE AND INJURY,1.,0 ,3 ,COLLISION WITH MOTOR VEHICLE,OTHER,NONE,DUSK,CLOUDY,WET
6836 ,33857941,MONROE,Rochester,,,Y,43.164629,-77.632426,04/27/2011,10:15 PM,PROPERTY DAMAGE AND INJURY,2.,0 ,3 ,COLLISION WITH MOTOR VEHICLE,OTHER,TRAFFIC SIGNAL,DARK-ROAD LIGHTED,CLOUDY,WET
6836 ,33857989,WAYNE,Macedon,,,Y,43.10894,-77.372973,04/17/2011,1:30 AM,PROPERTY DAMAGE AND INJURY,1.,0 ,1 ,COLLISION WITH TREE,OTHER,STOP SIGN,DARK-ROAD UNLIGHTED,CLOUDY,DRY
6836 ,33858000,MONROE,Greece,,,N,43.2238181,-77.6968074,05/01/2011,1:34 PM,INJURY,1.,0 ,2 ,COLLISION WITH MOTOR VEHICLE,REAR END,TRAFFIC SIGNAL,DAYLIGHT,CLOUDY,DRY
6836 ,33858169,MONROE,Rochester,,,Y,43.131052,-77.639666,03/02/2011,11:40 AM,PROPERTY DAMAGE AND INJURY,1.,0 ,2 ,COLLISION WITH MOTOR VEHICLE,UNKNOWN,NONE,DAYLIGHT,CLEAR,DRY
6836 ,33858170,MONROE,Rochester,,,Y,43.177367,-77.6327179,03/09/2011,3:04 PM,INJURY,1.,0 ,2 ,COLLISION WITH MOTOR VEHICLE,REAR END,STOP SIGN,DAYLIGHT,SLEET/HAIL/FREEZING RAIN,WET
6836 ,33858173,MONROE,Penfield,,,Y,43.192374,-77.4304401,03/14/2011,8:27 AM,PROPERTY DAMAGE AND INJURY,1.,0 ,1 ,COLL. W/LIGHT SUPPORT/UTILITY POLE,OTHER,NONE,DAYLIGHT,CLOUDY,SNOW/ICE
6836 ,33859090,MONROE,Rochester,,,Y,43.178097,-77.595297,04/08/2011,3:50 PM,INJURY,1.,0 ,2 ,COLLISION WITH MOTOR VEHICLE,RIGHT ANGLE,STOP SIGN,DAYLIGHT,CLOUDY,DRY
6836 ,33859337,MONROE,Rochester,,,Y,43.164658,-77.659556,04/13/2011,12:11 AM,INJURY,1.,0 ,2 ,COLLISION WITH MOTOR VEHICLE,REAR END,TRAFFIC SIGNAL,DARK-ROAD LIGHTED,CLOUDY,DRY
6836 ,33859926,MONROE,Brockport,,,Y,43.212883,-77.954895,03/07/2011,5:00 PM,PROPERTY DAMAGE AND INJURY,1.,0 ,2 ,COLLISION WITH MOTOR VEHICLE,UNKNOWN,STOP SIGN,DAYLIGHT,CLEAR,DRY
6836 ,33860331,MONROE,Rochester,,33 43032012,Y,43.14997,-77.651058,04/11/2011,12:05 PM,PROPERTY DAMAGE AND INJURY,1.,0 ,2 ,COLLISION WITH MOTOR VEHICLE,LEFT TURN (AGAINST OTHER CAR),TRAFFIC SIGNAL,DAYLIGHT,CLOUDY,DRY
6836 ,33860465,MONROE,Rochester,,,Y,43.154361,-77.64395,04/27/2011,7:00 PM,INJURY,1.,0 ,1 ,COLLISION WITH BICYCLIST,OTHER,NONE,DUSK,RAIN,WET
6836 ,33861288,MONROE,Rochester,,490I43022031,N,43.1521179,-77.6156568,05/04/2011,10:06 AM,PROPERTY DAMAGE AND INJURY,1.,0 ,2 ,COLLISION WITH MOTOR VEHICLE,OVERTAKING,NONE,DAYLIGHT,CLOUDY,DRY
6836 ,33861692,MONROE,Rochester,,,Y,43.158317,-77.601276,03/17/2011,3:40 PM,INJURY,1.,0 ,2 ,COLLISION WITH MOTOR VEHICLE,REAR END,STOPPED SCHOOL BUS W/RED LIGHT FLSH,DAYLIGHT,CLEAR,DRY
6836 ,33861693,MONROE,Rochester,,,Y,43.15843,-77.615431,03/31/2011,8:04 AM,PROPERTY DAMAGE AND INJURY,1.,0 ,2 ,COLLISION WITH MOTOR VEHICLE,UNKNOWN,TRAFFIC SIGNAL,DAYLIGHT,RAIN,WET
6836 ,33861694,MONROE,Rochester,,,Y,43.149976,-77.6438629,03/30/2011,12:54 PM,PROPERTY DAMAGE AND INJURY,1.,0 ,2 ,COLLISION WITH MOTOR VEHICLE,RIGHT ANGLE,UNKNOWN,DAYLIGHT,CLEAR,DRY
6836 ,33861699,MONROE,Rochester,,,Y,43.171126,-77.57628,03/28/2011,10:00 AM,PROPERTY DAMAGE AND INJURY,1.,0 ,2 ,COLLISION WITH MOTOR VEHICLE,UNKNOWN,NONE,DAYLIGHT,CLEAR,DRY
6836 ,33861701,MONROE,Rochester,,,Y,43.150263,-77.636096,03/23/2011,1:40 PM,INJURY,1.,0 ,2 ,COLLISION WITH MOTOR VEHICLE,REAR END,TRAFFIC SIGNAL,DAYLIGHT,SNOW,SNOW/ICE
6836 ,33861704,MONROE,Rochester,,,N,43.1657946,-77.5472678,03/23/2011,7:57 PM,INJURY,1.,0 ,1 ,COLLISION WITH PEDESTRIAN,OTHER,NONE,DARK-ROAD LIGHTED,SNOW,SNOW/ICE
6836 ,33861709,MONROE,Rochester,,,Y,43.179312,-77.6394599,03/25/2011,1:13 PM,PROPERTY DAMAGE AND INJURY,1.,0 ,2 ,COLLISION WITH MOTOR VEHICLE,RIGHT ANGLE,TRAFFIC SIGNAL,DAYLIGHT,CLOUDY,DRY
6836 ,33862031,MONROE,Rochester,,,Y,43.142228,-77.648016,04/04/2011,12:29 PM,INJURY,2.,0 ,2 ,COLLISION WITH MOTOR VEHICLE,RIGHT ANGLE,STOP SIGN,DAYLIGHT,RAIN,WET
6836 ,33862291,MONROE,Rochester,,,Y,43.154475,-77.612006,04/09/2011,2:41 PM,INJURY,1.,0 ,1 ,COLLISION WITH BICYCLIST,OTHER,TRAFFIC SIGNAL,DAYLIGHT,CLEAR,DRY
6836 ,33862320,MONROE,Greece,,,N,43.2172045,-77.7511595,05/04/2011,10:25 AM,PROPERTY DAMAGE AND INJURY,1.,0 ,2 ,COLLISION WITH MOTOR VEHICLE,OTHER,NONE,DAYLIGHT,CLOUDY,DRY
6836 ,33862489,MONROE,Rochester,,,N,43.2032663,-77.6446947,05/05/2011,7:30 PM,PROPERTY DAMAGE AND INJURY,1.,0 ,2 ,COLLISION WITH MOTOR VEHICLE,RIGHT TURN (AGAINST OTHER CAR),NONE,DUSK,CLEAR,DRY
6836 ,33862492,MONROE,Rochester,,,Y,43.187092,-77.591845,05/02/2011,1:17 PM,PROPERTY DAMAGE AND INJURY,1.,0 ,2 ,COLLISION WITH MOTOR VEHICLE,RIGHT ANGLE,TRAFFIC SIGNAL,DAYLIGHT,RAIN,WET
6836 ,33862496,MONROE,Rochester,,15A43042002,N,43.1133302,-77.6161314,05/04/2011,2:59 PM,PROPERTY DAMAGE AND INJURY,2.,0 ,2 ,COLLISION WITH MOTOR VEHICLE,REAR END,NONE,DAYLIGHT,CLOUDY,DRY
6836 ,33862503,MONROE,Rochester,,,N,43.1466783,-77.5732646,05/05/2011,11:59 AM,PROPERTY DAMAGE AND INJURY,1.,0 ,2 ,COLLISION WITH MOTOR VEHICLE,REAR END,TRAFFIC SIGNAL,DAYLIGHT,CLEAR,DRY
6836 ,33863291,MONROE,Pittsford,,65 43031103,Y,43.077331,-77.546586,03/17/2011,3:47 PM,PROPERTY DAMAGE AND INJURY,2.,0 ,2 ,COLLISION WITH MOTOR VEHICLE,RIGHT ANGLE,TRAFFIC SIGNAL,DAYLIGHT,CLEAR,DRY
6836 ,33863803,MONROE,Rochester,,,Y,43.249715,-77.614751,04/04/2011,7:12 PM,INJURY,1.,0 ,2 ,COLLISION WITH MOTOR VEHICLE,REAR END,TRAFFIC SIGNAL,DAYLIGHT,CLOUDY,DRY
6836 ,33863804,MONROE,Rochester,,,Y,43.148141,-77.642641,04/03/2011,10:43 AM,PROPERTY DAMAGE AND INJURY,4.,0 ,2 ,COLLISION WITH MOTOR VEHICLE,RIGHT ANGLE,STOP SIGN,DAYLIGHT,CLEAR,DRY
6836 ,33863805,MONROE,Rochester,,,N,43.1751561,-77.5914335,04/01/2011,8:38 AM,PROPERTY DAMAGE AND INJURY,2.,0 ,2 ,COLLISION WITH MOTOR VEHICLE,REAR END,NONE,DAYLIGHT,CLOUDY,WET
6836 ,33863833,MONROE,Greece,,18 43031197,N,43.2528832,-77.6675498,04/11/2011,12:46 PM,PROPERTY DAMAGE AND INJURY,3.,0 ,3 ,COLLISION WITH MOTOR VEHICLE,OTHER,TRAFFIC SIGNAL,DAYLIGHT,CLOUDY,DRY
6836 ,33863852,MONROE,Rochester,,,Y,43.134486,-77.59906,04/12/2011,2:51 PM,PROPERTY DAMAGE AND INJURY,1.,0 ,2 ,COLLISION WITH MOTOR VEHICLE,LEFT TURN (AGAINST OTHER CAR),STOP SIGN,DAYLIGHT,CLEAR,DRY
6836 ,33864090,MONROE,Rochester,,490I43022003,N,43.1576925,-77.6676248,05/05/2011,5:30 PM,PROPERTY DAMAGE AND INJURY,1.,0 ,2 ,COLLISION WITH MOTOR VEHICLE,REAR END,NONE,DAYLIGHT,CLEAR,DRY
6836 ,33864644,MONROE,Rochester,,,Y,43.141157,-77.613271,03/28/2011,7:00 AM,PROPERTY DAMAGE AND INJURY,1.,0 ,2 ,COLLISION WITH MOTOR VEHICLE,LEFT TURN (AGAINST OTHER CAR),TRAFFIC SIGNAL,DAYLIGHT,CLEAR,DRY
6836 ,33864734,MONROE,Rochester,,,N,43.1572528,-77.6222992,03/23/2011,8:40 PM,PROPERTY DAMAGE AND INJURY,1.,0 ,1 ,COLLISION WITH MEDIAN/BARRIER,OTHER,NONE,DARK-ROAD LIGHTED,SNOW,SNOW/ICE
6836 ,33865118,MONROE,Rochester,,,Y,43.170975,-77.60748,04/13/2011,11:50 AM,INJURY,1.,0 ,1 ,COLLISION WITH PEDESTRIAN,OTHER,TRAFFIC SIGNAL,DAYLIGHT,RAIN,WET
6836 ,33865754,MONROE,Rochester,,,N,43.2192827,-77.6290008,04/29/2011,12:30 PM,PROPERTY DAMAGE AND INJURY,2.,0 ,2 ,COLLISION WITH MOTOR VEHICLE,LEFT TURN (AGAINST OTHER CAR),TRAFFIC SIGNAL,DAYLIGHT,CLOUDY,DRY
6836 ,33865835,MONROE,Rochester,,,Y,43.231996,-77.625602,05/06/2011,3:17 PM,INJURY,1.,0 ,2 ,COLLISION WITH MOTOR VEHICLE,RIGHT TURN (AGAINST OTHER CAR),STOP SIGN,DAYLIGHT,CLEAR,DRY
6836 ,33865844,MONROE,Rochester,,,Y,43.19168,-77.638874,05/06/2011,6:45 PM,PROPERTY DAMAGE AND INJURY,1.,0 ,2 ,COLLISION WITH MOTOR VEHICLE,RIGHT ANGLE,STOP SIGN,DAYLIGHT,CLEAR,DRY
6836 ,33865847,MONROE,Rochester,,,N,43.1684137,-77.6487237,05/07/2011,7:17 PM,INJURY,1.,0 ,1 ,COLLISION WITH PEDESTRIAN,OTHER,NONE,DAYLIGHT,CLEAR,DRY
6836 ,33865848,MONROE,Rochester,,,Y,43.18151,-77.575931,05/07/2011,3:46 PM,PROPERTY DAMAGE AND INJURY,1.,0 ,1 ,COLL. W/LIGHT SUPPORT/UTILITY POLE,OTHER,TRAFFIC SIGNAL,DAYLIGHT,CLEAR,DRY
6836 ,33865850,MONROE,Rochester,,,Y,43.1697613,-77.5982407,05/06/2011,10:58 PM,INJURY,1.,0 ,1 ,COLLISION WITH PEDESTRIAN,OTHER,NONE,DARK-ROAD LIGHTED,CLEAR,DRY
6836 ,33865904,MONROE,Rochester,,,Y,43.151935,-77.628952,05/08/2011,6:18 AM,PROPERTY DAMAGE AND INJURY,1.,0 ,2 ,COLLISION WITH MOTOR VEHICLE,RIGHT ANGLE,TRAFFIC SIGNAL,DAWN,CLEAR,DRY
6836 ,33866304,MONROE,Gates,,490I43021166,N,43.1572187,-77.7031117,05/05/2011,8:01 AM,PROPERTY DAMAGE AND INJURY,1.,0 ,2 ,COLLISION WITH MOTOR VEHICLE,REAR END,NONE,DAYLIGHT,CLEAR,DRY
6836 ,33866560,MONROE,East Rochester,,,Y,43.116655,-77.499031,03/14/2011,9:26 AM,PROPERTY DAMAGE AND INJURY,1.,0 ,2 ,COLLISION WITH MOTOR VEHICLE,REAR END,TRAFFIC SIGNAL,DAYLIGHT,CLOUDY,WET
6836 ,33866638,MONROE,Rochester,,,N,43.1809619,-77.6295231,04/14/2011,7:33 AM,PROPERTY DAMAGE AND INJURY,2.,0 ,2 ,COLLISION WITH MOTOR VEHICLE,OTHER,NONE,DAYLIGHT,CLEAR,DRY
6836 ,33866895,MONROE,Chili,,,N,43.0691073,-77.7061154,03/14/2011,7:21 AM,PROPERTY DAMAGE AND INJURY,1.,0 ,1 ,COLL. W/LIGHT SUPPORT/UTILITY POLE,OTHER,NONE,DAYLIGHT,SLEET/HAIL/FREEZING RAIN,SNOW/ICE
6836 ,33867103,MONROE,Greece,,390 43011042,N,43.2174579,-77.6746265,05/06/2011,4:54 PM,PROPERTY DAMAGE AND INJURY,1.,0 ,2 ,COLLISION WITH MOTOR VEHICLE,OTHER,NONE,DAYLIGHT,CLEAR,DRY
6836 ,33867210,MONROE,Greece,,,Y,43.25296,-77.687914,05/09/2011,5:46 PM,INJURY,1.,0 ,2 ,COLLISION WITH MOTOR VEHICLE,OVERTAKING,TRAFFIC SIGNAL,DAYLIGHT,CLEAR,DRY
6836 ,33867213,MONROE,Greece,,,N,43.2324951,-77.7520716,04/24/2011,7:49 PM,INJURY,4.,0 ,1 ,COLLISION WITH SIGN POST,OTHER,NONE,DUSK,CLOUDY,DRY
6836 ,33867252,MONROE,Rochester,,,N,43.1652995,-77.6020195,05/09/2011,10:18 AM,INJURY,1.,0 ,2 ,COLLISION WITH MOTOR VEHICLE,REAR END,TRAFFIC SIGNAL,DAYLIGHT,CLEAR,DRY
6836 ,33867253,MONROE,Rochester,,383 43012020,Y,43.142684,-77.61608,05/05/2011,4:55 PM,PROPERTY DAMAGE AND INJURY,1.,0 ,2 ,COLLISION WITH MOTOR VEHICLE,REAR END,YIELD SIGN,DAYLIGHT,CLEAR,DRY
6836 ,33867254,MONROE,Rochester,,,N,43.1451215,-77.6395208,05/08/2011,5:00 PM,INJURY,1.,0 ,2 ,COLLISION WITH MOTOR VEHICLE,RIGHT ANGLE,NONE,DAYLIGHT,CLEAR,DRY
6836 ,33867460,MONROE,Rochester,,940T43011005,N,43.1588476,-77.615562,05/09/2011,5:00 PM,PROPERTY DAMAGE AND INJURY,2.,0 ,3 ,COLLISION WITH MOTOR VEHICLE,OTHER,NONE,DAYLIGHT,CLEAR,DRY
6836 ,33867767,MONROE,Rochester,,33 43032014,N,43.149966,-77.6473377,03/28/2011,7:35 AM,PROPERTY DAMAGE AND INJURY,3.,0 ,3 ,COLLISION WITH MOTOR VEHICLE,OTHER,NONE,DAYLIGHT,CLEAR,SNOW/ICE
6836 ,33867819,MONROE,Rochester,,,Y,43.143804,-77.636035,03/25/2011,4:55 PM,INJURY,1.,0 ,1 ,COLLISION WITH PEDESTRIAN,OTHER,NONE,DAYLIGHT,CLEAR,DRY
6836 ,33867895,MONROE,Rochester,,,N,43.1867136,-77.5609054,03/01/2011,3:10 PM,INJURY,2.,0 ,2 ,COLLISION WITH MOTOR VEHICLE,REAR END,TRAFFIC SIGNAL,DAYLIGHT,CLEAR,DRY
6836 ,33868080,MONROE,Rochester,,,Y,43.159985,-77.607965,05/06/2011,2:25 AM,INJURY,1.,0 ,1 ,COLLISION WITH PEDESTRIAN,OTHER,NONE,DARK-ROAD LIGHTED,CLEAR,DRY
6836 ,33868330,MONROE,Rochester,,,Y,43.16469,-77.67252,04/07/2011,11:38 AM,PROPERTY DAMAGE AND INJURY,5.,0 ,3 ,COLLISION WITH MOTOR VEHICLE,OTHER,TRAFFIC SIGNAL,DAYLIGHT,CLEAR,DRY
6836 ,33868593,MONROE,Rochester,,,Y,43.17571,-77.630108,04/06/2011,11:23 AM,INJURY,2.,0 ,3 ,COLLISION WITH MOTOR VEHICLE,OTHER,TRAFFIC SIGNAL,DAYLIGHT,RAIN,WET
6836 ,33868746,MONROE,Perinton,,250 43011000,N,43.036843,-77.450578,03/17/2011,12:42 PM,PROPERTY DAMAGE AND INJURY,1.,0 ,2 ,COLLISION WITH MOTOR VEHICLE,REAR END,TRAFFIC SIGNAL,DAYLIGHT,CLEAR,DRY
6836 ,33869033,MONROE,Rochester,,,Y,43.149098,-77.582603,04/20/2011,12:50 PM,INJURY,1.,0 ,1 ,COLLISION WITH CURBING,OTHER,STOP SIGN,DAYLIGHT,RAIN,WET
6836 ,33869215,MONROE,Greece,,,Y,43.196293,-77.7320179,03/22/2011,3:46 PM,INJURY,2.,0 ,1 ,COLLISION WITH OTHER FIXED OBJECT,OTHER,NONE,DAYLIGHT,SNOW,SNOW/ICE
6836 ,33869386,MONROE,Greece,,104 43031151,N,43.2109185,-77.709607,04/10/2011,2:21 PM,PROPERTY DAMAGE AND INJURY,1.,0 ,1 ,COLLISION WITH DEER,OTHER,NONE,DAYLIGHT,CLEAR,DRY
6836 ,33870128,MONROE,Greece,,18 43031214,N,43.2395297,-77.6468364,05/05/2011,3:27 PM,PROPERTY DAMAGE AND INJURY,1.,0 ,2 ,COLLISION WITH MOTOR VEHICLE,LEFT TURN (WITH OTHER CAR),NONE,DAYLIGHT,CLEAR,DRY
6836 ,33870131,MONROE,Greece,,,N,43.2543194,-77.6399783,05/06/2011,2:59 PM,PROPERTY DAMAGE AND INJURY,1.,0 ,1 ,COLLISION WITH TREE,OTHER,NONE,DAYLIGHT,CLEAR,DRY
6836 ,33870136,MONROE,Greece,,,N,43.2101442,-77.6977739,05/04/2011,5:38 PM,PROPERTY DAMAGE AND INJURY,2.,0 ,3 ,COLLISION WITH MOTOR VEHICLE,OTHER,TRAFFIC SIGNAL,DAYLIGHT,CLOUDY,DRY
6836 ,33870155,MONROE,Greece,,,N,43.2244482,-77.6350686,05/07/2011,10:56 PM,INJURY,1.,0 ,1 ,COLLISION WITH PEDESTRIAN,OTHER,NONE,DARK-ROAD LIGHTED,CLOUDY,DRY
6836 ,33870156,MONROE,Greece,,,Y,43.225721,-77.7337091,04/29/2011,11:19 AM,PROPERTY DAMAGE AND INJURY,1.,0 ,3 ,COLLISION WITH MOTOR VEHICLE,OTHER,NONE,DAYLIGHT,CLOUDY,DRY
6836 ,33870157,MONROE,Greece,,104 43031173,Y,43.205084,-77.66632,05/05/2011,9:22 PM,PROPERTY DAMAGE AND INJURY,1.,0 ,2 ,COLLISION WITH MOTOR VEHICLE,REAR END,TRAFFIC SIGNAL,DARK-ROAD LIGHTED,CLEAR,DRY
6836 ,33870424,MONROE,Perinton,,96 44041283,Y,43.034988,-77.4456509,05/11/2011,1:55 PM,PROPERTY DAMAGE AND INJURY,1.,0 ,2 ,COLLISION WITH MOTOR VEHICLE,REAR END,TRAFFIC SIGNAL,DAYLIGHT,CLEAR,DRY
6836 ,33870609,MONROE,Rochester,,,Y,43.180937,-77.631738,05/09/2011,3:35 PM,PROPERTY DAMAGE AND INJURY,2.,0 ,3 ,COLLISION WITH MOTOR VEHICLE,OTHER,TRAFFIC SIGNAL,DAYLIGHT,CLEAR,DRY
6836 ,33870612,MONROE,Rochester,,,N,43.1417543,-77.612483,05/11/2011,4:00 PM,INJURY,1.,0 ,1 ,COLLISION WITH BICYCLIST,OTHER,NONE,DAYLIGHT,CLEAR,DRY
6836 ,33870614,MONROE,Rochester,,,N,43.1532336,-77.5953445,05/10/2011,5:46 PM,INJURY,1.,0 ,1 ,COLLISION WITH BICYCLIST,OTHER,STOP SIGN,DAYLIGHT,CLEAR,DRY
6836 ,33871057,MONROE,Greece,,,N,43.252886,-77.667925,05/11/2011,5:41 PM,PROPERTY DAMAGE AND INJURY,1.,0 ,5 ,COLLISION WITH MOTOR VEHICLE,OTHER,TRAFFIC SIGNAL,DAYLIGHT,CLEAR,DRY
6836 ,33871262,MONROE,Perinton,,490I43023070,N,43.0648048,-77.4722519,05/12/2011,5:15 PM,PROPERTY DAMAGE AND INJURY,1.,0 ,2 ,COLLISION WITH MOTOR VEHICLE,REAR END,NONE,DAYLIGHT,CLEAR,DRY
6836 ,33871554,MONROE,Greece,,104 43031173,N,43.2049827,-77.6657304,05/06/2011,4:18 PM,PROPERTY DAMAGE AND INJURY,1.,0 ,2 ,COLLISION WITH MOTOR VEHICLE,RIGHT TURN (WITH OTHER CAR),TRAFFIC SIGNAL,DAYLIGHT,CLEAR,DRY
6836 ,33871555,MONROE,Greece,,104 43031174,Y,43.205084,-77.66632,05/10/2011,10:49 PM,PROPERTY DAMAGE AND INJURY,2.,0 ,4 ,COLLISION WITH MOTOR VEHICLE,OTHER,TRAFFIC SIGNAL,DARK-ROAD LIGHTED,CLOUDY,DRY
6836 ,33871590,MONROE,Rochester,,,Y,43.1332,-77.608151,04/21/2011,5:23 PM,PROPERTY DAMAGE AND INJURY,2.,0 ,3 ,COLLISION WITH MOTOR VEHICLE,OTHER,NONE,DAYLIGHT,CLOUDY,DRY
6836 ,33871593,MONROE,Rochester,,,Y,43.1147471,-77.6148199,05/03/2011,4:08 PM,PROPERTY DAMAGE AND INJURY,1.,0 ,2 ,COLLISION WITH MOTOR VEHICLE,REAR END,TRAFFIC SIGNAL,DAYLIGHT,RAIN,WET
6836 ,33871598,MONROE,Rochester,,,Y,43.148716,-77.590864,04/16/2011,4:35 PM,PROPERTY DAMAGE AND INJURY,2.,0 ,2 ,COLLISION WITH MOTOR VEHICLE,RIGHT ANGLE,STOP SIGN,DAYLIGHT,RAIN,WET
6836 ,33871604,MONROE,Rochester,,,Y,43.179315,-77.638604,05/11/2011,4:08 PM,PROPERTY DAMAGE AND INJURY,1.,0 ,2 ,COLLISION WITH MOTOR VEHICLE,LEFT TURN (WITH OTHER CAR),STOP SIGN,DAYLIGHT,CLEAR,DRY
6836 ,33871609,MONROE,Rochester,,,N,43.1663228,-77.6279134,05/12/2011,5:54 PM,INJURY,1.,0 ,1 ,COLLISION WITH PEDESTRIAN,OTHER,NONE,DAYLIGHT,CLEAR,DRY
6836 ,33871612,MONROE,Rochester,,,N,43.189533,-77.5997346,05/09/2011,5:15 PM,INJURY,1.,0 ,2 ,COLLISION WITH MOTOR VEHICLE,OVERTAKING,NONE,DAYLIGHT,CLEAR,DRY
6836 ,33871615,MONROE,Rochester,,,Y,43.145862,-77.5924981,05/09/2011,10:04 PM,PROPERTY DAMAGE AND INJURY,1.,0 ,3 ,COLLISION WITH MOTOR VEHICLE,OTHER,TRAFFIC SIGNAL,DARK-ROAD LIGHTED,CLEAR,DRY
6836 ,33871616,MONROE,Rochester,,,N,43.1477736,-77.6437221,05/07/2011,10:00 PM,PROPERTY DAMAGE AND INJURY,1.,0 ,3 ,COLLISION WITH MOTOR VEHICLE,OTHER,NONE,DARK-ROAD LIGHTED,CLEAR,DRY
6836 ,33871619,MONROE,Rochester,,,Y,43.157619,-77.590628,05/03/2011,6:26 PM,INJURY,1.,0 ,2 ,COLLISION WITH MOTOR VEHICLE,REAR END,TRAFFIC SIGNAL,DAYLIGHT,RAIN,WET
6836 ,33871621,MONROE,Rochester,,,N,43.195626,-77.6303313,05/12/2011,5:15 PM,PROPERTY DAMAGE AND INJURY,2.,0 ,2 ,COLLISION WITH MOTOR VEHICLE,LEFT TURN (AGAINST OTHER CAR),NONE,DAYLIGHT,CLEAR,DRY
6836 ,33871624,MONROE,Rochester,,,Y,43.142639,-77.547828,05/05/2011,2:04 PM,INJURY,1.,0 ,2 ,COLLISION WITH MOTOR VEHICLE,REAR END,TRAFFIC SIGNAL,DAYLIGHT,CLEAR,DRY
6836 ,33871625,MONROE,Rochester,,,Y,43.17976,-77.613589,05/12/2011,3:36 PM,PROPERTY DAMAGE AND INJURY,1.,0 ,2 ,COLLISION WITH MOTOR VEHICLE,REAR END,NONE,DAYLIGHT,CLEAR,DRY
6836 ,33871955,MONROE,Rochester,,,Y,43.15843,-77.615431,05/13/2011,8:10 PM,INJURY,1.,0 ,2 ,COLLISION WITH MOTOR VEHICLE,RIGHT ANGLE,TRAFFIC SIGNAL,DUSK,CLOUDY,DRY
6836 ,33872303,MONROE,Greece,,,N,43.2078537,-77.6928001,05/12/2011,5:49 PM,INJURY,1.,0 ,2 ,COLLISION WITH MOTOR VEHICLE,RIGHT ANGLE,NONE,DAYLIGHT,CLOUDY,DRY
6836 ,33872361,MONROE,Greece,,,N,43.2078243,-77.7122458,05/14/2011,3:16 PM,PROPERTY DAMAGE AND INJURY,2.,0 ,1 ,COLLISION WITH TREE,OTHER,NONE,DAYLIGHT,RAIN,WET
6836 ,33872493,MONROE,Rochester,,,N,43.1925519,-77.592168,05/12/2011,10:52 PM,PROPERTY DAMAGE AND INJURY,1.,0 ,2 ,COLLISION WITH MOTOR VEHICLE,RIGHT TURN (AGAINST OTHER CAR),TRAFFIC SIGNAL,DARK-ROAD LIGHTED,CLEAR,DRY
6836 ,33872713,MONROE,Greece,,18 43031192,Y,43.252904,-77.671849,05/10/2011,9:15 PM,PROPERTY DAMAGE AND INJURY,1.,0 ,2 ,COLLISION WITH MOTOR VEHICLE,REAR END,NONE,DARK-ROAD LIGHTED,CLEAR,DRY
6836 ,33873000,MONROE,Rochester,,,N,43.1518942,-77.6291309,05/14/2011,11:49 PM,PROPERTY DAMAGE AND INJURY,1.,0 ,2 ,COLLISION WITH MOTOR VEHICLE,REAR END,NONE,DARK-ROAD LIGHTED,RAIN,WET
6836 ,33873043,MONROE,Rochester,,,Y,43.187234,-77.588075,05/09/2011,6:36 PM,INJURY,1.,0 ,2 ,COLLISION WITH MOTOR VEHICLE,REAR END,NONE,DAYLIGHT,CLEAR,DRY
6836 ,33873135,MONROE,Rochester,,,Y,43.175339,-77.598828,05/14/2011,8:09 PM,INJURY,1.,0 ,2 ,COLLISION WITH MOTOR VEHICLE,LEFT TURN (WITH OTHER CAR),TRAFFIC SIGNAL,DUSK,CLOUDY,WET
6836 ,33873243,MONROE,Rochester,,,Y,43.160868,-77.621345,05/13/2011,11:16 PM,PROPERTY DAMAGE AND INJURY,2.,0 ,2 ,COLLISION WITH MOTOR VEHICLE,RIGHT ANGLE,TRAFFIC SIGNAL,DARK-ROAD LIGHTED,RAIN,WET
6836 ,33873479,MONROE,Rochester,,,N,43.1963444,-77.6597738,05/14/2011,5:20 AM,PROPERTY DAMAGE AND INJURY,1.,0 ,1 ,COLLISION WITH GUIDE RAIL,OTHER,NONE,DAWN,CLOUDY,DRY
6836 ,33874218,MONROE,Irondequoit,,,Y,43.196137,-77.6001439,03/14/2011,10:25 AM,PROPERTY DAMAGE AND INJURY,2.,0 ,2 ,COLLISION WITH MOTOR VEHICLE,REAR END,TRAFFIC SIGNAL,DAYLIGHT,CLOUDY,DRY
6836 ,33874595,MONROE,Greece,,,N,43.223974,-77.6418071,05/10/2011,1:00 AM,PROPERTY DAMAGE AND INJURY,1.,0 ,1 ,COLLISION WITH BUILDING/WALL,OTHER,NONE,DARK-ROAD LIGHTED,CLEAR,DRY
6836 ,33874644,MONROE,Brighton,,,Y,43.136214,-77.575505,05/17/2011,2:50 PM,PROPERTY DAMAGE AND INJURY,1.,0 ,2 ,COLLISION WITH MOTOR VEHICLE,LEFT TURN (AGAINST OTHER CAR),TRAFFIC SIGNAL,DAYLIGHT,RAIN,WET