QUERYID,CASE #,REGN_CNTY_CDE,Municipality,MUNITYPE,REF_MRKR,ATINTERSECTION_IND,Lat,Long,,Time,Crash Type,Injuries,Fatalities,Number of Vehicles,ACCD_TYP,COLLISION_TYP,TRAF_CNTL,Light Condition,Weather Condition,Road Surface Condition
6836 ,33874645,MONROE,Rochester,,,Y,43.126344,-77.6451201,05/17/2011,2:52 PM,PROPERTY DAMAGE AND INJURY,4.,0 ,2 ,COLLISION WITH MOTOR VEHICLE,RIGHT ANGLE,STOP SIGN,DAYLIGHT,RAIN,WET
6836 ,33874652,MONROE,Rochester,,,Y,43.153081,-77.611395,05/18/2011,3:48 PM,INJURY,1.,0 ,2 ,COLLISION WITH MOTOR VEHICLE,RIGHT TURN (AGAINST OTHER CAR),TRAFFIC SIGNAL,DAYLIGHT,CLEAR,DRY
6836 ,33875011,MONROE,Webster,,,N,43.1996442,-77.4746255,05/11/2011,2:14 PM,PROPERTY DAMAGE AND INJURY,1.,0 ,2 ,COLLISION WITH MOTOR VEHICLE,REAR END,NONE,DAYLIGHT,CLEAR,DRY
6836 ,33875013,MONROE,Sweden,,,Y,43.2062085,-77.8711428,05/17/2011,2:26 PM,PROPERTY DAMAGE AND INJURY,1.,0 ,2 ,COLLISION WITH MOTOR VEHICLE,SIDESWIPE,NONE,DAYLIGHT,RAIN,WET
6836 ,33875015,MONROE,Chili,,252 43011018,N,43.0935909,-77.7327271,05/14/2011,7:34 PM,PROPERTY DAMAGE AND INJURY,2.,0 ,3 ,COLLISION WITH MOTOR VEHICLE,OTHER,NONE,DAYLIGHT,CLOUDY,DRY
6836 ,33875018,MONROE,Brighton,,,N,43.1153675,-77.5950129,05/18/2011,3:41 PM,PROPERTY DAMAGE AND INJURY,2.,0 ,2 ,COLLISION WITH MOTOR VEHICLE,LEFT TURN (WITH OTHER CAR),NONE,DAYLIGHT,CLOUDY,DRY
6836 ,33875020,MONROE,Henrietta,,,Y,43.085312,-77.68467,05/16/2011,10:12 AM,INJURY,1.,0 ,1 ,COLLISION WITH BICYCLIST,OTHER,OTHER,DAYLIGHT,RAIN,WET
6836 ,33875022,MONROE,Chili,,383 43011153,N,43.1200555,-77.652912,05/16/2011,4:02 PM,PROPERTY DAMAGE AND INJURY,1.,0 ,2 ,COLLISION WITH MOTOR VEHICLE,REAR END,NONE,DAYLIGHT,RAIN,WET
6836 ,33875023,MONROE,Clarkson,,104 43031055,N,43.2263237,-77.8949872,05/17/2011,7:02 PM,PROPERTY DAMAGE AND INJURY,1.,0 ,2 ,COLLISION WITH MOTOR VEHICLE,REAR END,NONE,DAYLIGHT,RAIN,WET
6836 ,33875024,MONROE,Henrietta,,,N,43.076148,-77.626828,05/16/2011,8:04 AM,PROPERTY DAMAGE AND INJURY,1.,0 ,2 ,COLLISION WITH MOTOR VEHICLE,RIGHT ANGLE,TRAFFIC SIGNAL,DAYLIGHT,RAIN,WET
6836 ,33875033,MONROE,Gates,,,Y,43.147073,-77.711237,05/17/2011,5:41 PM,INJURY,1.,0 ,2 ,COLLISION WITH MOTOR VEHICLE,REAR END,TRAFFIC SIGNAL,DAYLIGHT,CLOUDY,WET
6836 ,33875371,MONROE,Rochester,,,Y,43.142228,-77.648016,05/06/2011,6:25 PM,INJURY,1.,0 ,1 ,COLLISION WITH PEDESTRIAN,OTHER,STOP SIGN,DAYLIGHT,CLEAR,DRY
6836 ,33875457,MONROE,Rochester,,,Y,43.182826,-77.631574,05/12/2011,10:44 PM,PROPERTY DAMAGE AND INJURY,2.,0 ,2 ,COLLISION WITH MOTOR VEHICLE,REAR END,NONE,DARK-ROAD LIGHTED,CLEAR,DRY
6836 ,33875480,MONROE,Rochester,,,Y,43.180237,-77.620003,05/16/2011,4:05 PM,INJURY,1.,0 ,2 ,COLLISION WITH MOTOR VEHICLE,REAR END,STOP SIGN,DAYLIGHT,RAIN,WET
6836 ,33875523,MONROE,Greece,,,N,43.2892015,-77.6730049,05/15/2011,1:36 PM,PROPERTY DAMAGE AND INJURY,2.,0 ,2 ,COLLISION WITH MOTOR VEHICLE,REAR END,NONE,DAYLIGHT,RAIN,WET
6836 ,33876158,MONROE,Rochester,,,Y,43.153801,-77.589513,03/17/2011,11:56 PM,PROPERTY DAMAGE AND INJURY,1.,0 ,2 ,COLLISION WITH MOTOR VEHICLE,REAR END,NONE,DARK-ROAD LIGHTED,CLEAR,DRY
6836 ,33876501,MONROE,Rochester,,,N,43.1602725,-77.6102156,04/13/2011,8:57 AM,PROPERTY DAMAGE AND INJURY,1.,0 ,2 ,COLLISION WITH MOTOR VEHICLE,LEFT TURN (WITH OTHER CAR),NONE,DAYLIGHT,RAIN,WET
6836 ,33876503,MONROE,Greece,,386 43011017,N,43.1997617,-77.7320095,04/15/2011,3:53 PM,INJURY,2.,0 ,2 ,COLLISION WITH MOTOR VEHICLE,REAR END,NONE,DAYLIGHT,CLOUDY,DRY
6836 ,33876505,MONROE,Rochester,,,Y,43.20268,-77.645887,04/12/2011,8:00 AM,PROPERTY DAMAGE AND INJURY,3.,0 ,2 ,COLLISION WITH MOTOR VEHICLE,REAR END,NONE,DAYLIGHT,CLEAR,DRY
6836 ,33876506,MONROE,Rochester,,,N,43.1646405,-77.6512963,04/18/2011,9:56 AM,PROPERTY DAMAGE AND INJURY,1.,0 ,2 ,COLLISION WITH MOTOR VEHICLE,REAR END,NONE,DAYLIGHT,CLOUDY,DRY
6836 ,33876508,MONROE,Rochester,,,Y,43.179312,-77.6394599,04/19/2011,8:07 AM,INJURY,1.,0 ,1 ,COLLISION WITH BUILDING/WALL,OTHER,TRAFFIC SIGNAL,DAYLIGHT,CLEAR,DRY
6836 ,33878274,MONROE,Rochester,,,Y,43.114742,-77.614932,04/26/2011,5:16 PM,INJURY,1.,0 ,2 ,COLLISION WITH MOTOR VEHICLE,RIGHT ANGLE,STOP SIGN,DAYLIGHT,CLOUDY,WET
6836 ,33878275,MONROE,Rochester,,,Y,43.159377,-77.654125,04/27/2011,12:38 PM,PROPERTY DAMAGE AND INJURY,2.,0 ,2 ,COLLISION WITH MOTOR VEHICLE,RIGHT ANGLE,TRAFFIC SIGNAL,DAYLIGHT,CLEAR,DRY
6836 ,33878286,MONROE,Rochester,,,Y,43.180109,-77.624318,04/27/2011,9:51 AM,PROPERTY DAMAGE AND INJURY,1.,0 ,2 ,COLLISION WITH MOTOR VEHICLE,UNKNOWN,NONE,DAYLIGHT,CLEAR,DRY
6836 ,33878293,MONROE,Rochester,,,N,43.1728424,-77.590136,04/22/2011,11:25 PM,INJURY,1.,0 ,2 ,COLLISION WITH TREE,REAR END,NONE,DARK-ROAD LIGHTED,RAIN,WET
6836 ,33878295,MONROE,Rochester,,,Y,43.124634,-77.6175109,04/23/2011,6:35 PM,INJURY,2.,0 ,2 ,COLLISION WITH MOTOR VEHICLE,REAR END,TRAFFIC SIGNAL,DAYLIGHT,CLEAR,DRY
6836 ,33878296,MONROE,Rochester,,,Y,43.175989,-77.639456,04/22/2011,9:45 AM,PROPERTY DAMAGE AND INJURY,2.,0 ,2 ,COLLISION WITH MOTOR VEHICLE,REAR END,TRAFFIC SIGNAL,DAYLIGHT,CLOUDY,DRY
6836 ,33878297,MONROE,Rochester,,,Y,43.160876,-77.589666,04/19/2011,3:48 PM,INJURY,1.,0 ,1 ,COLLISION WITH BICYCLIST,OTHER,TRAFFIC SIGNAL,DAYLIGHT,CLOUDY,DRY
6836 ,33878733,MONROE,Henrietta,,,N,43.058833,-77.641785,05/13/2011,3:30 PM,INJURY,1.,0 ,2 ,COLLISION WITH MOTOR VEHICLE,REAR END,TRAFFIC SIGNAL,DAYLIGHT,CLEAR,DRY
6836 ,33879054,MONROE,Brockport,,,Y,43.215059,-77.9355181,05/05/2011,7:47 PM,PROPERTY DAMAGE AND INJURY,1.,0 ,1 ,COLLISION WITH BUILDING/WALL,OTHER,STOP SIGN,DAYLIGHT,CLEAR,DRY
6836 ,33879211,MONROE,Rochester,,104 43032040,N,43.1944884,-77.587252,05/16/2011,1:26 AM,PROPERTY DAMAGE AND INJURY,1.,0 ,1 ,COLL. W/LIGHT SUPPORT/UTILITY POLE,OTHER,NONE,DARK-ROAD LIGHTED,RAIN,WET
6836 ,33879214,MONROE,Rochester,,104 43032022,N,43.1927473,-77.6207147,05/12/2011,5:20 PM,INJURY,1.,0 ,2 ,COLLISION WITH MOTOR VEHICLE,REAR END,NONE,DAYLIGHT,CLEAR,DRY
6836 ,33879557,MONROE,East Rochester,,,Y,43.119899,-77.477855,01/08/2011,4:30 PM,INJURY,1.,0 ,2 ,COLLISION WITH MOTOR VEHICLE,REAR END,NONE,DAYLIGHT,SNOW,SNOW/ICE
6836 ,33879698,MONROE,Henrietta,,253 43011099,N,43.0597501,-77.5769469,05/20/2011,9:53 PM,PROPERTY DAMAGE AND INJURY,1.,0 ,1 ,COLL. W/EARTH ELE./ROCK CUT/DITCH,OTHER,NONE,DARK-ROAD UNLIGHTED,CLEAR,DRY
6836 ,33879700,MONROE,Henrietta,,,N,43.0690445,-77.5879618,05/13/2011,12:13 PM,PROPERTY DAMAGE AND INJURY,1.,0 ,3 ,COLLISION WITH MOTOR VEHICLE,OTHER,TRAFFIC SIGNAL,DAYLIGHT,CLEAR,DRY
6836 ,33879701,MONROE,Henrietta,,15 43031110,N,43.088801,-77.6358891,05/17/2011,2:09 PM,PROPERTY DAMAGE AND INJURY,1.,0 ,2 ,COLLISION WITH MOTOR VEHICLE,REAR END,NONE,DAYLIGHT,RAIN,WET
6836 ,33879703,MONROE,Gates,,,Y,43.143846,-77.732293,05/20/2011,2:18 PM,INJURY,1.,0 ,2 ,COLLISION WITH MOTOR VEHICLE,REAR END,TRAFFIC SIGNAL,DAYLIGHT,CLEAR,DRY
6836 ,33880243,MONROE,Irondequoit,,,Y,43.197509,-77.584715,04/14/2011,11:35 AM,PROPERTY DAMAGE AND INJURY,1.,0 ,2 ,COLLISION WITH MOTOR VEHICLE,RIGHT ANGLE,TRAFFIC SIGNAL,DAYLIGHT,CLOUDY,DRY
6836 ,33880653,MONROE,Greece,,,N,43.1883487,-77.6804034,05/20/2011,8:55 AM,INJURY,1.,0 ,1 ,COLLISION WITH BICYCLIST,OTHER,NONE,DAYLIGHT,RAIN,WET
6836 ,33880924,MONROE,Henrietta,,252 43011078,Y,43.087184,-77.579401,04/25/2011,8:46 PM,PROPERTY DAMAGE AND INJURY,1.,0 ,3 ,COLLISION WITH MOTOR VEHICLE,OTHER,STOP SIGN,DARK-ROAD LIGHTED,RAIN,WET
6836 ,33880930,MONROE,Irondequoit,,,Y,43.200341,-77.5724311,05/20/2011,4:30 PM,INJURY,1.,0 ,1 ,COLLISION WITH BICYCLIST,OTHER,STOP SIGN,DAYLIGHT,CLEAR,DRY
6836 ,33880934,MONROE,Honeoye Falls,,,Y,42.952843,-77.5909701,05/21/2011,10:10 PM,PROPERTY DAMAGE AND INJURY,1.,0 ,2 ,COLLISION WITH MOTOR VEHICLE,LEFT TURN (WITH OTHER CAR),TRAFFIC SIGNAL,DARK-ROAD LIGHTED,CLEAR,DRY
6836 ,33880935,MONROE,Irondequoit,,,Y,43.1990967,-77.5769516,05/20/2011,2:52 PM,INJURY,1.,0 ,2 ,COLLISION WITH MOTOR VEHICLE,REAR END,TRAFFIC SIGNAL,DAYLIGHT,CLOUDY,DRY
6836 ,33880936,MONROE,Chili,,252 43011038,N,43.0938388,-77.6970757,05/20/2011,6:08 PM,PROPERTY DAMAGE AND INJURY,1.,0 ,2 ,COLLISION WITH MOTOR VEHICLE,REAR END,NONE,DAYLIGHT,CLEAR,DRY
6836 ,33880937,MONROE,Gates,,,N,43.1307066,-77.6765023,05/21/2011,3:00 AM,PROPERTY DAMAGE AND INJURY,2.,0 ,1 ,COLL. W/LIGHT SUPPORT/UTILITY POLE,OTHER,NONE,DARK-ROAD LIGHTED,RAIN,WET
6836 ,33880940,MONROE,Brighton,,,N,43.126792,-77.5535041,05/20/2011,11:29 AM,PROPERTY DAMAGE AND INJURY,1.,0 ,2 ,COLLISION WITH MOTOR VEHICLE,REAR END,TRAFFIC SIGNAL,DAYLIGHT,CLOUDY,DRY
6836 ,33880941,MONROE,Chili,,252A43011001,N,43.107185,-77.7433,05/17/2011,7:13 AM,INJURY,1.,0 ,1 ,COLLISION WITH TREE,OTHER,NONE,DAWN,RAIN,WET
6836 ,33880947,MONROE,Brighton,,,Y,43.095209,-77.601076,05/21/2011,5:19 PM,INJURY,1.,0 ,2 ,COLLISION WITH MOTOR VEHICLE,LEFT TURN (WITH OTHER CAR),TRAFFIC SIGNAL,DAYLIGHT,CLEAR,DRY
6836 ,33881066,MONROE,Greece,,390 43011048,N,43.2257026,-77.674302,05/20/2011,3:40 PM,PROPERTY DAMAGE AND INJURY,1.,0 ,1 ,COLLISION WITH GUIDE RAIL,OTHER,NONE,DAYLIGHT,CLEAR,DRY
6836 ,33881310,MONROE,Greece,,390 43011017,N,43.1829939,-77.6837131,05/21/2011,11:30 PM,PROPERTY DAMAGE AND INJURY,1.,0 ,1 ,COLLISION WITH TREE,OTHER,NONE,DARK-ROAD LIGHTED,CLEAR,DRY
6836 ,33881418,MONROE,Irondequoit,,,Y,43.199611,-77.60035,05/21/2011,1:59 PM,PROPERTY DAMAGE AND INJURY,4.,0 ,2 ,COLLISION WITH MOTOR VEHICLE,RIGHT ANGLE,NONE,DAYLIGHT,CLEAR,DRY
6836 ,33881438,MONROE,Gates,,,N,43.1612056,-77.7115314,05/21/2011,11:28 AM,PROPERTY DAMAGE AND INJURY,2.,0 ,2 ,COLLISION WITH MOTOR VEHICLE,RIGHT ANGLE,NONE,DAYLIGHT,CLEAR,DRY
6836 ,33881650,MONROE,Brighton,,,N,43.1126827,-77.6255324,04/20/2011,5:45 AM,PROPERTY DAMAGE AND INJURY,3.,0 ,5 ,COLLISION WITH MOTOR VEHICLE,OTHER,NONE,DAWN,RAIN,WET
6836 ,33882317,MONROE,Rochester,,490I43022063,N,43.1447353,-77.5590125,04/13/2011,3:15 PM,PROPERTY DAMAGE AND INJURY,2.,0 ,2 ,COLLISION WITH MOTOR VEHICLE,REAR END,NONE,DAYLIGHT,RAIN,WET
6836 ,33882432,MONROE,Pittsford,,,N,43.0977422,-77.501707,04/13/2011,6:48 AM,PROPERTY DAMAGE AND INJURY,1.,0 ,3 ,COLLISION WITH MOTOR VEHICLE,OTHER,NONE,DAYLIGHT,RAIN,WET
6836 ,33882459,MONROE,Gates,,31 43031178,N,43.1664629,-77.6948897,05/04/2011,5:18 PM,INJURY,5.,0 ,3 ,COLLISION WITH MOTOR VEHICLE,OTHER,NONE,DAYLIGHT,CLOUDY,DRY
6836 ,33882481,MONROE,Penfield,,286 43011033,N,43.1534313,-77.4753238,04/26/2011,4:00 PM,PROPERTY DAMAGE AND INJURY,2.,0 ,2 ,COLLISION WITH MOTOR VEHICLE,REAR END,TRAFFIC SIGNAL,DAYLIGHT,CLOUDY,DRY
6836 ,33882490,MONROE,Hilton,,18 43031110,N,43.28531,-77.7914751,05/02/2011,2:51 PM,PROPERTY DAMAGE AND INJURY,2.,0 ,2 ,COLLISION WITH MOTOR VEHICLE,RIGHT ANGLE,STOP SIGN,DAYLIGHT,CLOUDY,WET
6836 ,33882493,MONROE,Webster,,,Y,43.23416,-77.51031,05/11/2011,4:49 PM,PROPERTY DAMAGE AND INJURY,1.,0 ,2 ,COLLISION WITH MOTOR VEHICLE,LEFT TURN (AGAINST OTHER CAR),STOP SIGN,DAYLIGHT,CLEAR,DRY
6836 ,33882494,MONROE,Chili,,33A43021062,N,43.0807188,-77.8195727,05/08/2011,3:45 AM,PROPERTY DAMAGE AND INJURY,1.,0 ,1 ,COLLISION WITH TREE,OTHER,NONE,DARK-ROAD UNLIGHTED,UNKNOWN,DRY
6836 ,33882505,MONROE,Perinton,,31F43011032,N,43.1005813,-77.4585648,04/07/2011,12:48 PM,PROPERTY DAMAGE AND INJURY,1.,0 ,2 ,COLLISION WITH MOTOR VEHICLE,REAR END,NONE,DAYLIGHT,CLEAR,DRY
6836 ,33882513,MONROE,Brighton,,,N,43.1116703,-77.5976337,05/16/2011,10:25 AM,INJURY,1.,0 ,2 ,COLLISION WITH MOTOR VEHICLE,OVERTAKING,NONE,DAYLIGHT,CLOUDY,WET
6836 ,33882521,MONROE,Ogden,,,Y,43.126713,-77.796214,05/07/2011,4:13 PM,INJURY,1.,0 ,1 ,COLLISION WITH PEDESTRIAN,OTHER,NONE,DAYLIGHT,CLOUDY,DRY
6836 ,33882529,MONROE,Gates,,,N,43.1613716,-77.6815125,05/13/2011,10:07 PM,PROPERTY DAMAGE AND INJURY,2.,0 ,1 ,COLLISION WITH GUIDERAIL - END,OTHER,NONE,DARK-ROAD LIGHTED,RAIN,WET
6836 ,33882545,MONROE,Gates,,,Y,43.175067,-77.701573,04/29/2011,1:50 PM,PROPERTY DAMAGE AND INJURY,1.,0 ,2 ,COLLISION WITH MOTOR VEHICLE,OVERTAKING,TRAFFIC SIGNAL,DAYLIGHT,CLOUDY,DRY
6836 ,33882557,MONROE,Brighton,,,N,43.1294355,-77.5248037,05/02/2011,11:12 AM,PROPERTY DAMAGE AND INJURY,1.,0 ,2 ,COLLISION WITH MOTOR VEHICLE,OVERTAKING,NONE,DAYLIGHT,CLOUDY,WET
6836 ,33882570,MONROE,Hamlin,,18 43031064,N,43.2843639,-77.8780183,04/30/2011,9:20 AM,PROPERTY DAMAGE AND INJURY,2.,0 ,2 ,COLLISION WITH MOTOR VEHICLE,HEAD ON,NO PASSING ZONE,DAYLIGHT,CLEAR,DRY
6836 ,33882572,MONROE,Henrietta,,,Y,43.090811,-77.610576,04/13/2011,4:45 PM,PROPERTY DAMAGE AND INJURY,2.,0 ,3 ,COLLISION WITH MOTOR VEHICLE,OTHER,TRAFFIC SIGNAL,DAYLIGHT,RAIN,WET
6836 ,33882574,MONROE,Penfield,,286 43011028,N,43.153518,-77.4848949,04/27/2011,5:10 PM,PROPERTY DAMAGE AND INJURY,1.,0 ,3 ,COLLISION WITH MOTOR VEHICLE,OTHER,TRAFFIC SIGNAL,DAYLIGHT,CLOUDY,DRY
6836 ,33882576,MONROE,Brighton,,31 43033022,N,43.1114046,-77.548247,05/16/2011,4:21 PM,PROPERTY DAMAGE AND INJURY,1.,0 ,2 ,COLLISION WITH MOTOR VEHICLE,RIGHT ANGLE,NONE,DAYLIGHT,RAIN,WET
6836 ,33882582,MONROE,Rochester,,,N,43.2035183,-77.561844,05/16/2011,1:43 AM,INJURY,1.,0 ,2 ,COLLISION WITH MOTOR VEHICLE,REAR END,TRAFFIC SIGNAL,DARK-ROAD LIGHTED,RAIN,WET
6836 ,33882583,MONROE,Brighton,,,N,43.108007,-77.615937,05/06/2011,11:45 AM,INJURY,1.,0 ,1 ,COLLISION WITH BICYCLIST,OTHER,TRAFFIC SIGNAL,DAYLIGHT,CLEAR,DRY
6836 ,33882586,MONROE,Webster,,104 43035265,N,43.215414,-77.446588,05/03/2011,12:55 PM,PROPERTY DAMAGE AND INJURY,1.,0 ,2 ,COLLISION WITH MOTOR VEHICLE,REAR END,YIELD SIGN,DAYLIGHT,RAIN,WET
6836 ,33882593,MONROE,Hilton,,18 43031110,N,43.28531,-77.7914751,04/23/2011,11:43 PM,INJURY,1.,0 ,1 ,COLLISION WITH SIGN POST,OTHER,NONE,DARK-ROAD LIGHTED,CLOUDY,DRY
6836 ,33882606,MONROE,Henrietta,,252 43011097,N,43.0870314,-77.5819378,04/15/2011,4:00 PM,PROPERTY DAMAGE AND INJURY,1.,0 ,2 ,COLLISION WITH MOTOR VEHICLE,REAR END,NONE,DAYLIGHT,CLEAR,DRY
6836 ,33882615,MONROE,Rochester,,,Y,43.164661,-77.6635711,05/16/2011,3:23 PM,PROPERTY DAMAGE AND INJURY,1.,0 ,2 ,COLLISION WITH MOTOR VEHICLE,LEFT TURN (AGAINST OTHER CAR),NONE,DAYLIGHT,RAIN,WET
6836 ,33882621,MONROE,Brockport,,31 43031026,N,43.2200565,-77.9451976,04/13/2011,5:48 PM,PROPERTY DAMAGE AND INJURY,3.,0 ,3 ,COLLISION WITH MOTOR VEHICLE,OTHER,NONE,DAYLIGHT,RAIN,WET
6836 ,33882639,MONROE,Rochester,,,Y,43.2015496,-77.5617547,05/13/2011,6:25 PM,PROPERTY DAMAGE AND INJURY,1.,0 ,2 ,COLLISION WITH MOTOR VEHICLE,REAR END,NONE,DAYLIGHT,CLEAR,DRY
6836 ,33882643,MONROE,Henrietta,,,N,43.0876189,-77.6170539,04/15/2011,5:29 PM,PROPERTY DAMAGE AND INJURY,1.,0 ,2 ,COLLISION WITH MOTOR VEHICLE,UNKNOWN,STOP SIGN,DAYLIGHT,CLEAR,DRY
6836 ,33882644,MONROE,Pittsford,,,N,43.102388,-77.5312543,05/04/2011,2:41 PM,PROPERTY DAMAGE AND INJURY,4.,0 ,1 ,COLLISION WITH CURBING,OTHER,NONE,DAYLIGHT,CLOUDY,DRY
6836 ,33882652,MONROE,Perinton,,31 43033090,N,43.0685283,-77.4321353,05/03/2011,11:26 AM,PROPERTY DAMAGE AND INJURY,1.,0 ,2 ,COLLISION WITH MOTOR VEHICLE,LEFT TURN (AGAINST OTHER CAR),TRAFFIC SIGNAL,DAYLIGHT,RAIN,WET
6836 ,33882657,MONROE,Rush,,15A43041056,Y,43.009911,-77.6402191,05/06/2011,5:20 PM,PROPERTY DAMAGE AND INJURY,2.,0 ,2 ,COLLISION WITH MOTOR VEHICLE,RIGHT ANGLE,STOP SIGN,DAYLIGHT,CLEAR,DRY
6836 ,33882659,MONROE,Perinton,,,N,43.1027898,-77.4816289,04/14/2011,8:21 PM,INJURY,1.,0 ,2 ,COLLISION WITH MOTOR VEHICLE,RIGHT ANGLE,NONE,DARK-ROAD LIGHTED,CLOUDY,DRY
6836 ,33882662,MONROE,Chili,,383 43011109,Y,43.076199,-77.706207,04/29/2011,12:15 PM,PROPERTY DAMAGE AND INJURY,2.,0 ,2 ,COLLISION WITH MOTOR VEHICLE,LEFT TURN (AGAINST OTHER CAR),NO PASSING ZONE,DAYLIGHT,CLOUDY,DRY
6836 ,33882667,MONROE,Irondequoit,,,N,43.2328488,-77.6029649,05/02/2011,6:40 PM,INJURY,1.,0 ,2 ,COLLISION WITH MOTOR VEHICLE,RIGHT ANGLE,NONE,DAYLIGHT,CLOUDY,DRY
6836 ,33882668,MONROE,Gates,,,Y,43.1383268,-77.671528,05/16/2011,3:15 PM,PROPERTY DAMAGE AND INJURY,1.,0 ,2 ,COLLISION WITH MOTOR VEHICLE,REAR END,NONE,DAYLIGHT,RAIN,WET
6836 ,33882678,MONROE,Penfield,,441 43011034,N,43.1297742,-77.4768644,04/21/2011,11:30 AM,INJURY,1.,0 ,2 ,COLLISION WITH MOTOR VEHICLE,REAR END,TRAFFIC SIGNAL,DAYLIGHT,CLOUDY,DRY
6836 ,33882699,MONROE,Pittsford,,,N,43.0942457,-77.5239582,04/20/2011,4:40 PM,INJURY,1.,0 ,2 ,COLLISION WITH MOTOR VEHICLE,REAR END,NONE,DAYLIGHT,CLEAR,DRY
6836 ,33882705,MONROE,Brighton,,15 43031126,N,43.1101516,-77.6247816,05/14/2011,1:46 PM,INJURY,2.,0 ,2 ,COLLISION WITH MOTOR VEHICLE,REAR END,TRAFFIC SIGNAL,DAYLIGHT,RAIN,WET
6836 ,33882712,MONROE,Penfield,,404 43035057,N,43.1899333,-77.5038778,05/05/2011,3:30 PM,INJURY,1.,0 ,1 ,COLLISION WITH BICYCLIST,OTHER,TRAFFIC SIGNAL,DAYLIGHT,CLOUDY,DRY
6836 ,33882732,MONROE,Chili,,,N,43.1264937,-77.7906202,04/27/2011,4:02 PM,INJURY,1.,0 ,1 ,COLLISION WITH PEDESTRIAN,OTHER,NONE,DAYLIGHT,CLEAR,DRY
6836 ,33882733,MONROE,Henrietta,,,N,43.0846928,-77.63814,04/29/2011,11:29 PM,INJURY,1.,0 ,2 ,COLLISION WITH MOTOR VEHICLE,HEAD ON,TRAFFIC SIGNAL,DARK-ROAD LIGHTED,CLOUDY,DRY
6836 ,33882737,MONROE,Irondequoit,,590I43011017,N,43.1710018,-77.5390756,05/11/2011,6:05 PM,PROPERTY DAMAGE AND INJURY,1.,0 ,1 ,COLLISION WITH TREE,OTHER,NONE,DAYLIGHT,CLEAR,DRY
6836 ,33882746,MONROE,East Rochester,,253 43011270,Y,43.118841,-77.486611,05/11/2011,4:33 PM,PROPERTY DAMAGE AND INJURY,1.,0 ,2 ,COLLISION WITH MOTOR VEHICLE,REAR END,TRAFFIC SIGNAL,DAYLIGHT,CLEAR,DRY
6836 ,33882748,MONROE,Brighton,,96 43051088,Y,43.127291,-77.528059,05/14/2011,5:03 PM,PROPERTY DAMAGE AND INJURY,1.,0 ,1 ,COLLISION WITH BRIDGE STRUCTURE,OTHER,TRAFFIC SIGNAL,DAYLIGHT,CLOUDY,WET
6836 ,33882752,MONROE,Penfield,,,N,43.1379182,-77.3929531,03/24/2011,10:50 AM,PROPERTY DAMAGE AND INJURY,1.,0 ,1 ,COLL. W/EARTH ELE./ROCK CUT/DITCH,OTHER,NONE,DAYLIGHT,CLOUDY,SLUSH
6836 ,33882763,MONROE,Ogden,,36 43031115,N,43.1340465,-77.8584711,04/30/2011,10:50 PM,PROPERTY DAMAGE AND INJURY,2.,0 ,1 ,COLLISION WITH DEER,OTHER,NONE,DARK-ROAD UNLIGHTED,CLEAR,DRY
6836 ,33882776,MONROE,Chili,,,N,43.0942,-77.7919932,05/03/2011,10:37 AM,PROPERTY DAMAGE AND INJURY,2.,0 ,3 ,COLLISION WITH MOTOR VEHICLE,OTHER,NONE,DAYLIGHT,RAIN,WET
6836 ,33882780,MONROE,Pittsford,,490I43023030,N,43.1144279,-77.5062881,04/27/2011,7:20 PM,PROPERTY DAMAGE AND INJURY,1.,0 ,2 ,COLLISION WITH MOTOR VEHICLE,RIGHT ANGLE,NONE,DAYLIGHT,RAIN,FLOODED WATER
6836 ,33882802,MONROE,Clarkson,,104 43031003,N,43.253193,-77.9917289,05/02/2011,11:16 PM,INJURY,1.,0 ,1 ,COLLISION WITH FENCE,OTHER,NONE,DARK-ROAD UNLIGHTED,CLOUDY,DRY
6836 ,33882829,MONROE,Henrietta,,15 43031062,Y,43.025667,-77.668421,05/06/2011,4:06 PM,PROPERTY DAMAGE AND INJURY,1.,0 ,2 ,COLLISION WITH MOTOR VEHICLE,REAR END,NONE,DAYLIGHT,CLEAR,DRY
6836 ,33882837,MONROE,Gates,,490I43021176,N,43.1582736,-77.6838374,04/18/2011,7:30 AM,PROPERTY DAMAGE AND INJURY,1.,0 ,1 ,COLLISION WITH SIGN POST,OTHER,NONE,DAYLIGHT,CLEAR,DRY
6836 ,33882849,MONROE,Greece,,390 43011060,N,43.2423087,-77.6690769,05/08/2011,7:05 PM,PROPERTY DAMAGE AND INJURY,1.,0 ,1 ,COLLISION WITH TREE,OTHER,NONE,DAYLIGHT,CLEAR,DRY
6836 ,33882850,MONROE,Hilton,,,N,43.2896689,-77.7871279,04/17/2011,4:09 AM,PROPERTY DAMAGE AND INJURY,1.,0 ,1 ,COLLISION WITH TREE,OTHER,NONE,DARK-ROAD LIGHTED,CLOUDY,DRY
6836 ,33882853,MONROE,Penfield,,,Y,43.160297,-77.449822,05/04/2011,8:00 AM,PROPERTY DAMAGE AND INJURY,1.,0 ,3 ,COLLISION WITH MOTOR VEHICLE,OTHER,STOP SIGN,DAYLIGHT,CLOUDY,WET
6836 ,33882865,MONROE,Webster,,,N,43.2407612,-77.4167073,04/30/2011,12:30 PM,PROPERTY DAMAGE AND INJURY,2.,0 ,2 ,COLLISION WITH MOTOR VEHICLE,REAR END,NONE,DAYLIGHT,CLEAR,DRY
6836 ,33882879,MONROE,Pittsford,,,N,43.0770997,-77.5292762,05/04/2011,3:22 PM,PROPERTY DAMAGE AND INJURY,2.,0 ,2 ,COLLISION WITH MOTOR VEHICLE,REAR END,NONE,DAYLIGHT,CLEAR,DRY