QUERYID,CASE #,REGN_CNTY_CDE,Municipality,MUNITYPE,REF_MRKR,ATINTERSECTION_IND,Lat,Long,,Time,Crash Type,Injuries,Fatalities,Number of Vehicles,ACCD_TYP,COLLISION_TYP,TRAF_CNTL,Light Condition,Weather Condition,Road Surface Condition
6836 ,33882887,MONROE,Riga,,490I43021034,N,43.0866477,-77.9144573,05/13/2011,1:15 PM,PROPERTY DAMAGE AND INJURY,3.,0 ,2 ,COLLISION WITH MOTOR VEHICLE,REAR END,NONE,DAYLIGHT,CLEAR,DRY
6836 ,33882889,MONROE,Perinton,,,Y,43.10226,-77.468503,04/03/2011,11:45 AM,PROPERTY DAMAGE AND INJURY,1.,0 ,2 ,COLLISION WITH MOTOR VEHICLE,RIGHT ANGLE,TRAFFIC SIGNAL,DAYLIGHT,CLEAR,DRY
6836 ,33882897,MONROE,Brighton,,,Y,43.0923175,-77.679104,04/14/2011,1:45 PM,PROPERTY DAMAGE AND INJURY,1.,0 ,2 ,COLLISION WITH MOTOR VEHICLE,LEFT TURN (AGAINST OTHER CAR),TRAFFIC SIGNAL,DAYLIGHT,CLEAR,DRY
6836 ,33882907,MONROE,Wheatland,,383 43011071,N,43.0300252,-77.742072,04/21/2011,10:42 PM,PROPERTY DAMAGE AND INJURY,2.,0 ,2 ,COLLISION WITH MOTOR VEHICLE,HEAD ON,NONE,DARK-ROAD LIGHTED,CLOUDY,DRY
6836 ,33882909,MONROE,Brighton,,,Y,43.104985,-77.621463,05/03/2011,12:15 PM,PROPERTY DAMAGE AND INJURY,3.,0 ,2 ,COLLISION WITH MOTOR VEHICLE,LEFT TURN (AGAINST OTHER CAR),STOP SIGN,DAYLIGHT,RAIN,WET
6836 ,33882917,MONROE,Chili,,,N,43.0889221,-77.7252539,04/26/2011,5:25 PM,PROPERTY DAMAGE AND INJURY,1.,0 ,3 ,COLLISION WITH MOTOR VEHICLE,OTHER,NONE,DAYLIGHT,CLOUDY,WET
6836 ,33882928,MONROE,Brockport,,,N,43.2085234,-77.9356397,05/02/2011,1:18 PM,PROPERTY DAMAGE AND INJURY,1.,0 ,1 ,COLLISION WITH TREE,OTHER,NONE,DAYLIGHT,CLOUDY,DRY
6836 ,33882936,MONROE,Rochester,,,Y,43.1616444,-77.6404701,04/21/2011,5:41 PM,INJURY,1.,0 ,1 ,COLLISION WITH PEDESTRIAN,OTHER,NONE,DAYLIGHT,CLEAR,DRY
6836 ,33882938,MONROE,Rochester,,,Y,43.141543,-77.62039,05/01/2011,9:24 PM,INJURY,1.,0 ,2 ,COLLISION WITH MOTOR VEHICLE,LEFT TURN (AGAINST OTHER CAR),STOP SIGN,DARK-ROAD LIGHTED,RAIN,WET
6836 ,33882947,MONROE,Brockport,,,Y,43.21098,-77.9454991,04/27/2011,3:29 PM,PROPERTY DAMAGE AND INJURY,1.,0 ,2 ,COLLISION WITH MOTOR VEHICLE,RIGHT ANGLE,STOP SIGN,DAYLIGHT,CLOUDY,DRY
6836 ,33882949,MONROE,Henrietta,,,N,43.0871508,-77.6057165,04/26/2011,6:25 PM,INJURY,1.,0 ,2 ,COLLISION WITH MOTOR VEHICLE,REAR END,TRAFFIC SIGNAL,DAYLIGHT,CLOUDY,WET
6836 ,33882957,MONROE,Perinton,,96 43051007,N,43.0393141,-77.4575205,05/14/2011,6:18 PM,PROPERTY DAMAGE AND INJURY,2.,0 ,4 ,COLLISION WITH MOTOR VEHICLE,OTHER,TRAFFIC SIGNAL,DAYLIGHT,CLOUDY,DRY
6836 ,33882963,MONROE,Pittsford,,65 43031089,N,43.0579077,-77.5567839,05/10/2011,4:15 PM,PROPERTY DAMAGE AND INJURY,2.,0 ,1 ,COLLISION WITH SIGN POST,OTHER,NONE,DAYLIGHT,CLOUDY,DRY
6836 ,33882979,MONROE,Chili,,,Y,43.1128,-77.8035511,05/11/2011,5:25 PM,INJURY,1.,0 ,2 ,COLLISION WITH MOTOR VEHICLE,REAR END,STOP SIGN,DAYLIGHT,CLEAR,DRY
6836 ,33882982,MONROE,Webster,,,N,43.215414,-77.446588,05/07/2011,4:49 PM,INJURY,1.,0 ,2 ,COLLISION WITH MOTOR VEHICLE,REAR END,YIELD SIGN,DAYLIGHT,CLEAR,DRY
6836 ,33882992,MONROE,Chili,,33A43021118,N,43.1162379,-77.7258288,04/29/2011,5:54 PM,PROPERTY DAMAGE AND INJURY,1.,0 ,2 ,COLLISION WITH MOTOR VEHICLE,RIGHT TURN (WITH OTHER CAR),NONE,DAYLIGHT,CLOUDY,DRY
6836 ,33882996,MONROE,Brighton,,15A43041128,N,43.108007,-77.615937,04/30/2011,6:55 PM,PROPERTY DAMAGE AND INJURY,2.,0 ,2 ,COLLISION WITH MOTOR VEHICLE,RIGHT ANGLE,TRAFFIC SIGNAL,DAYLIGHT,CLEAR,DRY
6836 ,33883006,MONROE,Chili,,,N,43.1153779,-77.7456445,05/03/2011,6:05 PM,PROPERTY DAMAGE AND INJURY,1.,0 ,2 ,COLLISION WITH MOTOR VEHICLE,REAR END,NONE,DAYLIGHT,RAIN,WET
6836 ,33883011,MONROE,Perinton,,,N,43.0775127,-77.484277,04/23/2011,6:49 AM,PROPERTY DAMAGE AND INJURY,1.,0 ,1 ,COLLISION WITH TREE,OTHER,NONE,DAWN,RAIN,WET
6836 ,33883021,MONROE,Gates,,490I43021118,N,43.1380321,-77.7181372,04/29/2011,8:45 AM,PROPERTY DAMAGE AND INJURY,1.,0 ,1 ,COLLISION WITH MEDIAN/BARRIER,OTHER,NONE,DAYLIGHT,CLOUDY,DRY
6836 ,33883023,MONROE,Sweden,,19 43041048,N,43.2007632,-77.9429361,05/11/2011,3:06 PM,INJURY,1.,0 ,1 ,COLLISION WITH BICYCLIST,OTHER,NONE,DAYLIGHT,CLEAR,DRY
6836 ,33883025,MONROE,Hamlin,,260 43011081,N,43.3118612,-77.8592938,03/25/2011,5:14 PM,PROPERTY DAMAGE AND INJURY,1.,0 ,2 ,COLLISION WITH MOTOR VEHICLE,LEFT TURN (AGAINST OTHER CAR),NONE,DAYLIGHT,CLOUDY,DRY
6836 ,33883043,MONROE,Chili,,383 43011076,N,43.0373805,-77.736835,05/13/2011,2:10 AM,PROPERTY DAMAGE AND INJURY,2.,0 ,1 ,COLL. W/EARTH ELE./ROCK CUT/DITCH,OTHER,NONE,DARK-ROAD UNLIGHTED,CLOUDY,DRY
6836 ,33883049,MONROE,Henrietta,,,N,43.0940838,-77.6315819,05/06/2011,5:02 PM,PROPERTY DAMAGE AND INJURY,1.,0 ,2 ,COLLISION WITH MOTOR VEHICLE,RIGHT ANGLE,NONE,DAYLIGHT,CLEAR,DRY
6836 ,33883055,MONROE,Gates,,,N,43.1404764,-77.6695029,04/23/2011,9:45 PM,PROPERTY DAMAGE AND INJURY,2.,0 ,1 ,RAN OFF ROAD ONLY,OTHER,NONE,DARK-ROAD LIGHTED,CLEAR,DRY
6836 ,33883061,MONROE,Gates,,,Y,43.171154,-77.708972,04/28/2011,2:48 PM,INJURY,1.,0 ,2 ,COLLISION WITH MOTOR VEHICLE,REAR END,NONE,DAYLIGHT,CLEAR,DRY
6836 ,33883063,MONROE,Henrietta,,,Y,43.092503,-77.665964,05/13/2011,5:09 PM,PROPERTY DAMAGE AND INJURY,1.,0 ,3 ,COLLISION WITH MOTOR VEHICLE,OTHER,TRAFFIC SIGNAL,DAYLIGHT,CLEAR,DRY
6836 ,33883087,MONROE,Gates,,,N,43.1558889,-77.6788976,05/15/2011,5:27 AM,PROPERTY DAMAGE AND INJURY,1.,0 ,1 ,COLLISION WITH GUIDERAIL - END,OTHER,NONE,DARK-ROAD LIGHTED,RAIN,WET
6836 ,33883100,MONROE,Sweden,,,Y,43.198358,-77.9436551,04/25/2011,9:07 PM,PROPERTY DAMAGE AND INJURY,1.,0 ,2 ,COLLISION WITH MOTOR VEHICLE,LEFT TURN (AGAINST OTHER CAR),TRAFFIC SIGNAL,DARK-ROAD LIGHTED,RAIN,WET
6836 ,33883101,MONROE,Mendon,,65 43031038,Y,42.990485,-77.57786,05/07/2011,2:28 PM,INJURY,1.,0 ,1 ,COLLISION WITH SIGN POST,OTHER,YIELD SIGN,DAYLIGHT,CLEAR,DRY
6836 ,33883104,MONROE,Irondequoit,,,N,43.196244,-77.57677,05/15/2011,8:36 PM,PROPERTY DAMAGE AND INJURY,1.,0 ,1 ,COLL. W/LIGHT SUPPORT/UTILITY POLE,OTHER,NONE,DARK-ROAD LIGHTED,RAIN,WET
6836 ,33883110,MONROE,Webster,,404 43035085,N,43.2089755,-77.459166,04/14/2011,7:12 PM,INJURY,2.,0 ,2 ,COLLISION WITH MOTOR VEHICLE,REAR END,NONE,DAYLIGHT,CLOUDY,DRY
6836 ,33883124,MONROE,Chili,,,N,43.0977547,-77.6782993,05/14/2011,9:58 PM,PROPERTY DAMAGE AND INJURY,1.,0 ,2 ,COLLISION WITH MOTOR VEHICLE,REAR END,NONE,DARK-ROAD LIGHTED,FOG/SMOG/SMOKE,WET
6836 ,33883131,MONROE,Brighton,,65 43031129,Y,43.11282,-77.54784,04/21/2011,8:46 AM,PROPERTY DAMAGE AND INJURY,1.,0 ,2 ,COLLISION WITH MOTOR VEHICLE,RIGHT ANGLE,STOP SIGN,DAYLIGHT,CLOUDY,DRY
6836 ,33883138,MONROE,Gates,,,Y,43.178386,-77.75356,04/27/2011,5:06 PM,INJURY,1.,0 ,2 ,COLLISION WITH MOTOR VEHICLE,REAR END,TRAFFIC SIGNAL,DAYLIGHT,CLOUDY,DRY
6836 ,33883147,MONROE,Rochester,,,Y,43.217206,-77.5562899,05/03/2011,3:52 PM,PROPERTY DAMAGE AND INJURY,1.,0 ,1 ,COLLISION WITH CURBING,OTHER,NONE,DAYLIGHT,RAIN,WET
6836 ,33883176,MONROE,Penfield,,250 43011066,N,43.1304097,-77.4412995,05/12/2011,4:40 PM,PROPERTY DAMAGE AND INJURY,1.,0 ,2 ,COLLISION WITH MOTOR VEHICLE,LEFT TURN (AGAINST OTHER CAR),NONE,DAYLIGHT,CLEAR,DRY
6836 ,33883183,MONROE,Ogden,,259 43011030,N,43.1356743,-77.8066325,05/11/2011,5:10 PM,PROPERTY DAMAGE AND INJURY,1.,0 ,3 ,COLLISION WITH MOTOR VEHICLE,OTHER,STOP SIGN,DAYLIGHT,CLEAR,DRY
6836 ,33883187,MONROE,Penfield,,,N,43.1912112,-77.474691,04/21/2011,11:49 PM,PROPERTY DAMAGE AND INJURY,1.,0 ,1 ,COLL. W/LIGHT SUPPORT/UTILITY POLE,OTHER,NONE,DARK-ROAD UNLIGHTED,CLOUDY,DRY
6836 ,33883191,MONROE,Sweden,,31 43031071,N,43.1967662,-77.8951133,05/11/2011,3:44 PM,PROPERTY DAMAGE AND INJURY,2.,0 ,3 ,COLLISION WITH MOTOR VEHICLE,OTHER,NO PASSING ZONE,DAYLIGHT,CLEAR,DRY
6836 ,33883193,MONROE,Hamlin,,,N,43.3137473,-77.963641,05/08/2011,9:20 PM,INJURY,1.,0 ,1 ,COLL. W/LIGHT SUPPORT/UTILITY POLE,OTHER,NONE,DARK-ROAD UNLIGHTED,CLOUDY,DRY
6836 ,33883200,MONROE,Sweden,,31A43021026,N,43.1983611,-77.9447126,04/29/2011,3:55 PM,PROPERTY DAMAGE AND INJURY,1.,0 ,2 ,COLLISION WITH MOTOR VEHICLE,RIGHT ANGLE,TRAFFIC SIGNAL,DAYLIGHT,CLOUDY,DRY
6836 ,33883208,MONROE,Chili,,383 43011140,N,43.110045,-77.6734653,04/23/2011,8:18 AM,INJURY,1.,0 ,2 ,COLLISION WITH MOTOR VEHICLE,REAR END,TRAFFIC SIGNAL,DAYLIGHT,RAIN,WET
6836 ,33883210,MONROE,Gates,,,Y,43.165263,-77.680707,04/29/2011,12:19 PM,PROPERTY DAMAGE AND INJURY,2.,0 ,3 ,COLLISION WITH MOTOR VEHICLE,OTHER,STOP SIGN,DAYLIGHT,CLOUDY,DRY
6836 ,33883218,MONROE,Brockport,,,N,43.2093235,-77.9403784,05/03/2011,11:41 AM,PROPERTY DAMAGE AND INJURY,1.,0 ,2 ,COLLISION WITH MOTOR VEHICLE,REAR END,NONE,DAYLIGHT,RAIN,WET
6836 ,33883232,MONROE,Gates,,33 43031120,Y,43.147073,-77.711237,04/29/2011,3:15 PM,PROPERTY DAMAGE AND INJURY,1.,0 ,2 ,COLLISION WITH MOTOR VEHICLE,REAR END,TRAFFIC SIGNAL,DAYLIGHT,CLOUDY,WET
6836 ,33883237,MONROE,Brighton,,31 43032060,Y,43.136214,-77.575505,05/14/2011,11:34 AM,PROPERTY DAMAGE AND INJURY,1.,0 ,2 ,COLLISION WITH MOTOR VEHICLE,REAR END,NONE,DAYLIGHT,CLOUDY,DRY
6836 ,33883241,MONROE,Ogden,,,N,43.1365443,-77.8122021,04/26/2011,7:39 PM,PROPERTY DAMAGE AND INJURY,1.,0 ,1 ,COLLISION WITH OTHER FIXED OBJECT,OTHER,NONE,DUSK,CLOUDY,WET
6836 ,33883272,MONROE,Irondequoit,,,N,43.2210089,-77.5451728,04/18/2011,9:22 AM,PROPERTY DAMAGE AND INJURY,1.,0 ,1 ,COLLISION WITH FENCE,OTHER,NONE,DAYLIGHT,CLEAR,DRY
6836 ,33883291,MONROE,Chili,,252 43011011,N,43.0955371,-77.7460151,05/06/2011,9:45 PM,INJURY,1.,0 ,3 ,COLLISION WITH MOTOR VEHICLE,OTHER,TRAFFIC SIGNAL,DARK-ROAD LIGHTED,CLEAR,DRY
6836 ,33883344,MONROE,Irondequoit,,,N,43.1966951,-77.5958415,04/14/2011,6:15 PM,PROPERTY DAMAGE AND INJURY,1.,0 ,2 ,COLLISION WITH MOTOR VEHICLE,RIGHT ANGLE,NONE,DAYLIGHT,CLEAR,DRY
6836 ,33883351,MONROE,Irondequoit,,,N,43.196244,-77.57677,05/05/2011,2:30 PM,PROPERTY DAMAGE AND INJURY,1.,0 ,1 ,COLLISION WITH SIGN POST,OTHER,YIELD SIGN,DAYLIGHT,CLEAR,DRY
6836 ,33883357,MONROE,Ogden,,259 43011040,N,43.1501547,-77.805697,05/09/2011,8:54 PM,INJURY,1.,0 ,2 ,COLLISION WITH MOTOR VEHICLE,LEFT TURN (WITH OTHER CAR),STOP SIGN,DARK-ROAD LIGHTED,CLEAR,DRY
6836 ,33883363,MONROE,Chili,,,Y,43.093031,-77.798074,04/16/2011,5:53 PM,PROPERTY DAMAGE AND INJURY,1.,0 ,2 ,COLLISION WITH MOTOR VEHICLE,RIGHT ANGLE,NONE,DAYLIGHT,CLOUDY,WET
6836 ,33883378,MONROE,Webster,,,N,43.2010492,-77.4229155,05/15/2011,5:27 PM,PROPERTY DAMAGE AND INJURY,1.,0 ,2 ,COLLISION WITH MOTOR VEHICLE,HEAD ON,NONE,DAYLIGHT,RAIN,WET
6836 ,33883380,MONROE,Fairport,,,Y,43.1057288,-77.4418627,05/06/2011,6:07 PM,PROPERTY DAMAGE AND INJURY,1.,0 ,3 ,COLLISION WITH MOTOR VEHICLE,OTHER,NONE,DAYLIGHT,CLEAR,DRY
6836 ,33883381,MONROE,Perinton,,,Y,43.064483,-77.4073441,05/13/2011,6:06 PM,PROPERTY DAMAGE AND INJURY,1.,0 ,2 ,COLLISION WITH MOTOR VEHICLE,REAR END,TRAFFIC SIGNAL,DAYLIGHT,CLEAR,DRY
6836 ,33883389,MONROE,Penfield,,441 43011035,N,43.130343,-77.4750259,05/07/2011,1:59 PM,PROPERTY DAMAGE AND INJURY,2.,0 ,2 ,COLLISION WITH MOTOR VEHICLE,REAR END,NONE,DAYLIGHT,CLEAR,DRY
6836 ,33883393,MONROE,Rochester,,,Y,43.142224,-77.65099,04/13/2011,8:53 PM,PROPERTY DAMAGE AND INJURY,3.,0 ,2 ,COLLISION WITH MOTOR VEHICLE,RIGHT ANGLE,TRAFFIC SIGNAL,DARK-ROAD LIGHTED,CLEAR,WET
6836 ,33883400,MONROE,Perinton,,490I43023057,N,43.079299,-77.4857968,04/27/2011,8:27 PM,INJURY,1.,0 ,2 ,COLLISION WITH MOTOR VEHICLE,REAR END,NONE,DARK-ROAD LIGHTED,RAIN,FLOODED WATER
6836 ,33883412,MONROE,Pittsford,,,N,43.096955,-77.501294,04/14/2011,9:05 AM,PROPERTY DAMAGE AND INJURY,1.,0 ,2 ,COLLISION WITH MOTOR VEHICLE,REAR END,MAINTENANCE WORK AREA,DAYLIGHT,CLEAR,DRY
6836 ,33883430,MONROE,Gates,,,N,43.1292365,-77.6959934,05/12/2011,5:25 PM,PROPERTY DAMAGE AND INJURY,2.,0 ,3 ,COLLISION WITH MOTOR VEHICLE,OTHER,TRAFFIC SIGNAL,DAYLIGHT,CLOUDY,DRY
6836 ,33883437,MONROE,Rush,,,N,43.0135405,-77.6673174,05/11/2011,1:17 PM,INJURY,1.,0 ,1 ,COLL. W/EARTH ELE./ROCK CUT/DITCH,OTHER,NONE,DAYLIGHT,CLEAR,DRY
6836 ,33883450,MONROE,Penfield,,,Y,43.130551,-77.4266951,03/29/2011,6:25 PM,PROPERTY DAMAGE AND INJURY,1.,0 ,2 ,COLLISION WITH MOTOR VEHICLE,REAR END,NONE,DAYLIGHT,CLEAR,DRY
6836 ,33883454,MONROE,Penfield,,,N,43.1912168,-77.5031986,04/11/2011,5:40 AM,PROPERTY DAMAGE AND INJURY,2.,0 ,2 ,COLLISION WITH MOTOR VEHICLE,REAR END,TRAFFIC SIGNAL,DARK-ROAD LIGHTED,CLOUDY,DRY
6836 ,33883461,MONROE,Pittsford,,,Y,43.11686,-77.5167761,04/16/2011,1:26 PM,PROPERTY DAMAGE AND INJURY,1.,0 ,2 ,COLLISION WITH MOTOR VEHICLE,LEFT TURN (AGAINST OTHER CAR),TRAFFIC SIGNAL,DAYLIGHT,CLOUDY,DRY
6836 ,33883477,MONROE,Chili,,490I43021090,N,43.0941625,-77.8034979,05/03/2011,5:22 PM,INJURY,1.,0 ,1 ,COLLISION WITH DEER,OTHER,NONE,DAYLIGHT,RAIN,WET
6836 ,33883487,MONROE,Perinton,,31 43033108,N,43.0644842,-77.3965649,04/18/2011,4:14 PM,INJURY,1.,0 ,2 ,COLLISION WITH MOTOR VEHICLE,REAR END,TRAFFIC SIGNAL,DAYLIGHT,CLOUDY,WET
6836 ,33883496,MONROE,Henrietta,,,N,43.0870915,-77.6368333,05/11/2011,12:32 PM,PROPERTY DAMAGE AND INJURY,1.,0 ,2 ,COLLISION WITH MOTOR VEHICLE,RIGHT ANGLE,STOP SIGN,DAYLIGHT,CLEAR,DRY
6836 ,33883515,MONROE,Henrietta,,,N,43.0724243,-77.6599899,05/16/2011,1:55 PM,INJURY,1.,0 ,2 ,COLLISION WITH MOTOR VEHICLE,REAR END,NONE,DAYLIGHT,RAIN,WET
6836 ,33883528,MONROE,Irondequoit,,,N,43.1959473,-77.6008474,04/21/2011,12:41 PM,PROPERTY DAMAGE AND INJURY,1.,0 ,2 ,COLLISION WITH MOTOR VEHICLE,LEFT TURN (AGAINST OTHER CAR),NONE,DAYLIGHT,CLOUDY,DRY
6836 ,33883562,MONROE,Ogden,,531 43012023,N,43.1799822,-77.8153177,05/07/2011,5:09 PM,PROPERTY DAMAGE AND INJURY,1.,0 ,1 ,OVERTURNED,OTHER,NONE,DAYLIGHT,CLEAR,DRY
6836 ,33883568,MONROE,Rush,,15A43041053,N,43.0065171,-77.6419386,05/11/2011,7:50 PM,INJURY,1.,0 ,1 ,COLLISION WITH DEER,OTHER,NONE,DUSK,CLEAR,DRY
6836 ,33883575,MONROE,Henrietta,,,N,43.0921162,-77.6752327,04/25/2011,8:40 PM,INJURY,1.,0 ,1 ,COLLISION WITH PEDESTRIAN,OTHER,NONE,DARK-ROAD LIGHTED,RAIN,WET
6836 ,33883587,MONROE,Gates,,,Y,43.149896,-77.690964,05/09/2011,6:04 PM,INJURY,1.,0 ,1 ,COLLISION WITH BICYCLIST,OTHER,NONE,DAYLIGHT,CLEAR,DRY
6836 ,33883597,MONROE,Perinton,,,Y,43.079057,-77.457182,05/12/2011,4:48 PM,PROPERTY DAMAGE AND INJURY,2.,0 ,2 ,COLLISION WITH MOTOR VEHICLE,RIGHT ANGLE,NONE,DAYLIGHT,CLOUDY,DRY
6836 ,33883604,MONROE,Irondequoit,,104 43035030,N,43.176832,-77.542741,05/08/2011,10:28 PM,PROPERTY DAMAGE AND INJURY,2.,0 ,2 ,COLLISION WITH MOTOR VEHICLE,LEFT TURN (AGAINST OTHER CAR),TRAFFIC SIGNAL,DARK-ROAD LIGHTED,CLEAR,DRY
6836 ,33883605,MONROE,Gates,,,Y,43.130857,-77.689883,04/26/2011,7:45 AM,PROPERTY DAMAGE AND INJURY,2.,0 ,2 ,COLLISION WITH MOTOR VEHICLE,RIGHT ANGLE,TRAFFIC SIGNAL,DAYLIGHT,FOG/SMOG/SMOKE,WET
6836 ,33883606,MONROE,Webster,,250 43011126,N,43.21571,-77.430219,05/16/2011,3:40 PM,PROPERTY DAMAGE AND INJURY,2.,0 ,2 ,COLLISION WITH MOTOR VEHICLE,LEFT TURN (AGAINST OTHER CAR),TRAFFIC SIGNAL,DAYLIGHT,RAIN,WET
6836 ,33883614,MONROE,Pittsford,,,N,43.1052551,-77.540856,04/17/2011,3:56 PM,INJURY,1.,0 ,2 ,COLLISION WITH MOTOR VEHICLE,REAR END,TRAFFIC SIGNAL,DAYLIGHT,CLOUDY,DRY
6836 ,33883623,MONROE,Henrietta,,,Y,43.0781901,-77.6287669,05/06/2011,6:35 PM,INJURY,1.,0 ,2 ,COLLISION WITH MOTOR VEHICLE,REAR END,NONE,DAYLIGHT,CLOUDY,DRY
6836 ,33883632,MONROE,Webster,,,Y,43.210345,-77.446653,05/05/2011,5:10 PM,PROPERTY DAMAGE AND INJURY,1.,0 ,2 ,COLLISION WITH MOTOR VEHICLE,REAR END,TRAFFIC SIGNAL,DAYLIGHT,CLEAR,DRY
6836 ,33883635,MONROE,Pittsford,,441 43011115,N,43.1232572,-77.5084152,05/04/2011,3:25 PM,PROPERTY DAMAGE AND INJURY,1.,0 ,2 ,COLLISION WITH MOTOR VEHICLE,REAR END,TRAFFIC SIGNAL,DAYLIGHT,CLOUDY,DRY
6836 ,33883671,MONROE,Pittsford,,96 43051055,N,43.0865327,-77.5181163,04/23/2011,8:35 PM,PROPERTY DAMAGE AND INJURY,1.,0 ,2 ,COLLISION WITH MOTOR VEHICLE,LEFT TURN (AGAINST OTHER CAR),TRAFFIC SIGNAL,DARK-ROAD LIGHTED,CLOUDY,DRY
6836 ,33883699,MONROE,Henrietta,,252 43011075,N,43.0870418,-77.6251003,05/13/2011,4:34 PM,PROPERTY DAMAGE AND INJURY,1.,0 ,2 ,COLLISION WITH MOTOR VEHICLE,RIGHT ANGLE,STOP SIGN,DAYLIGHT,CLEAR,DRY
6836 ,33883700,MONROE,Spencerport,,259 43011063,N,43.1834501,-77.8041295,04/25/2011,11:23 AM,INJURY,1.,0 ,2 ,COLLISION WITH MOTOR VEHICLE,REAR END,NO PASSING ZONE,DAYLIGHT,CLOUDY,DRY
6836 ,33883725,MONROE,Gates,,,N,43.1679879,-77.6982035,04/27/2011,3:52 PM,INJURY,1.,0 ,1 ,OVERTURNED,OTHER,NONE,DAYLIGHT,CLEAR,DRY
6836 ,33883727,MONROE,Brockport,,19 43041056,N,43.2137929,-77.9390113,05/06/2011,1:47 PM,PROPERTY DAMAGE AND INJURY,2.,0 ,3 ,COLLISION WITH MOTOR VEHICLE,OTHER,TRAFFIC SIGNAL,DAYLIGHT,CLOUDY,DRY
6836 ,33883739,MONROE,Parma,,104 43031108,N,43.218409,-77.7925008,04/18/2011,2:11 PM,PROPERTY DAMAGE AND INJURY,1.,0 ,2 ,COLLISION WITH MOTOR VEHICLE,RIGHT ANGLE,TRAFFIC SIGNAL,DAYLIGHT,SNOW,WET
6836 ,33883757,MONROE,Perinton,,,N,43.0743798,-77.432131,05/09/2011,5:48 PM,PROPERTY DAMAGE AND INJURY,2.,0 ,5 ,COLLISION WITH MOTOR VEHICLE,OTHER,NONE,DAYLIGHT,CLEAR,DRY
6836 ,33883762,MONROE,Rochester,,,Y,43.164629,-77.632426,04/28/2011,8:15 PM,INJURY,2.,0 ,1 ,COLLISION WITH BICYCLIST,OTHER,TRAFFIC SIGNAL,DAYLIGHT,CLEAR,DRY
6836 ,33883763,MONROE,Gates,,,Y,43.164509,-77.725518,05/05/2011,12:16 PM,PROPERTY DAMAGE AND INJURY,1.,0 ,2 ,COLLISION WITH MOTOR VEHICLE,REAR END,NONE,DAYLIGHT,CLEAR,DRY
6836 ,33883797,MONROE,Penfield,,,N,43.1599874,-77.4308107,04/15/2011,8:17 AM,PROPERTY DAMAGE AND INJURY,1.,0 ,2 ,COLLISION WITH TREE,UNKNOWN,NONE,DAYLIGHT,CLEAR,DRY
6836 ,33883799,MONROE,Brighton,,15 43031124,Y,43.107599,-77.6260821,04/20/2011,6:09 AM,PROPERTY DAMAGE AND INJURY,4.,0 ,2 ,COLLISION WITH MOTOR VEHICLE,HEAD ON,NONE,DARK-ROAD LIGHTED,CLOUDY,WET
6836 ,33883810,MONROE,Brighton,,,Y,43.131703,-77.590227,04/26/2011,5:03 PM,PROPERTY DAMAGE AND INJURY,1.,0 ,1 ,COLL. W/LIGHT SUPPORT/UTILITY POLE,OTHER,TRAFFIC SIGNAL,DAYLIGHT,RAIN,WET
6836 ,33883816,MONROE,Sweden,,,N,43.1724811,-77.9433185,04/22/2011,9:33 PM,PROPERTY DAMAGE AND INJURY,1.,0 ,1 ,COLL. W/EARTH ELE./ROCK CUT/DITCH,OTHER,NONE,DARK-ROAD UNLIGHTED,RAIN,WET
6836 ,33883830,MONROE,Perinton,,,Y,43.100372,-77.416226,05/14/2011,2:39 PM,INJURY,1.,0 ,1 ,COLLISION WITH BICYCLIST,OTHER,STOP SIGN,DAYLIGHT,RAIN,WET
6836 ,33883853,MONROE,Irondequoit,,104 43035030,N,43.176832,-77.542741,04/20/2011,2:46 PM,INJURY,3.,0 ,2 ,COLLISION WITH MOTOR VEHICLE,REAR END,TRAFFIC SIGNAL,DAYLIGHT,CLEAR,DRY
6836 ,33883856,MONROE,Henrietta,,,N,43.0921012,-77.6746827,05/12/2011,6:55 PM,PROPERTY DAMAGE AND INJURY,1.,0 ,1 ,COLLISION WITH PEDESTRIAN,OTHER,NONE,DAYLIGHT,CLOUDY,DRY
6836 ,33883860,MONROE,Brighton,,,Y,43.120372,-77.577815,05/02/2011,8:25 AM,PROPERTY DAMAGE AND INJURY,1.,0 ,2 ,COLLISION WITH MOTOR VEHICLE,REAR END,NONE,DAYLIGHT,CLOUDY,WET
6836 ,33883864,MONROE,Brighton,,,Y,43.126405,-77.565714,04/17/2011,5:59 PM,PROPERTY DAMAGE AND INJURY,4.,0 ,2 ,COLLISION WITH MOTOR VEHICLE,RIGHT ANGLE,TRAFFIC SIGNAL,DAYLIGHT,RAIN,WET
6836 ,33883875,MONROE,Henrietta,,253 43011064,N,43.0587981,-77.6442747,05/06/2011,8:07 AM,PROPERTY DAMAGE AND INJURY,2.,0 ,2 ,COLLISION WITH MOTOR VEHICLE,HEAD ON,TRAFFIC SIGNAL,DAYLIGHT,CLEAR,DRY
6836 ,33883877,MONROE,Chili,,,N,43.077548,-77.75699,04/23/2011,12:46 AM,PROPERTY DAMAGE AND INJURY,2.,0 ,1 ,COLL. W/EARTH ELE./ROCK CUT/DITCH,OTHER,NONE,DARK-ROAD LIGHTED,RAIN,WET
6836 ,33883878,MONROE,Pittsford,,,Y,43.097504,-77.514135,04/04/2011,12:03 PM,PROPERTY DAMAGE AND INJURY,1.,0 ,2 ,COLLISION WITH MOTOR VEHICLE,REAR END,TRAFFIC SIGNAL,DAYLIGHT,CLOUDY,WET
6836 ,33883883,MONROE,Perinton,,,N,43.102114,-77.4651293,05/05/2011,6:38 PM,PROPERTY DAMAGE AND INJURY,2.,0 ,2 ,COLLISION WITH MOTOR VEHICLE,REAR END,NONE,DAYLIGHT,CLEAR,DRY