QUERYID,CASE #,REGN_CNTY_CDE,Municipality,MUNITYPE,REF_MRKR,ATINTERSECTION_IND,Lat,Long,,Time,Crash Type,Injuries,Fatalities,Number of Vehicles,ACCD_TYP,COLLISION_TYP,TRAF_CNTL,Light Condition,Weather Condition,Road Surface Condition
6836 ,33883911,MONROE,Rochester,,,Y,43.171734,-77.6280679,05/16/2011,3:34 PM,INJURY,2.,0 ,2 ,COLLISION WITH MOTOR VEHICLE,LEFT TURN (WITH OTHER CAR),TRAFFIC SIGNAL,DAYLIGHT,RAIN,WET
6836 ,33883913,MONROE,Sweden,,,N,43.1983214,-77.933758,04/27/2011,2:50 PM,INJURY,1.,0 ,4 ,COLLISION WITH MOTOR VEHICLE,OTHER,NONE,DAYLIGHT,CLEAR,DRY
6836 ,33883918,MONROE,Brighton,,,N,43.1110769,-77.5602324,04/17/2011,5:52 AM,PROPERTY DAMAGE AND INJURY,1.,0 ,1 ,COLL. W/LIGHT SUPPORT/UTILITY POLE,OTHER,NONE,DARK-ROAD LIGHTED,CLOUDY,DRY
6836 ,33883919,MONROE,Rochester,,,N,43.1432667,-77.5475089,04/20/2011,10:03 AM,PROPERTY DAMAGE AND INJURY,1.,0 ,1 ,COLLISION WITH GUIDE RAIL,OTHER,NONE,DAYLIGHT,RAIN,WET
6836 ,33883929,MONROE,Brighton,,15A43041128,Y,43.102787,-77.615259,05/10/2011,3:42 PM,PROPERTY DAMAGE AND INJURY,1.,0 ,2 ,COLLISION WITH MOTOR VEHICLE,REAR END,TRAFFIC SIGNAL,DAYLIGHT,CLOUDY,DRY
6836 ,33883932,MONROE,Hamlin,,,N,43.3135195,-77.9390767,04/16/2011,6:14 PM,PROPERTY DAMAGE AND INJURY,1.,0 ,2 ,COLLISION WITH MOTOR VEHICLE,REAR END,NONE,DAYLIGHT,CLOUDY,WET
6836 ,33883941,MONROE,Brighton,,15A43041128,Y,43.1005,-77.614407,04/18/2011,9:03 PM,PROPERTY DAMAGE AND INJURY,1.,0 ,2 ,COLLISION WITH MOTOR VEHICLE,RIGHT ANGLE,TRAFFIC SIGNAL,DARK-ROAD LIGHTED,CLOUDY,WET
6836 ,33883947,MONROE,Webster,,,N,43.2532419,-77.4776045,04/26/2011,2:03 PM,PROPERTY DAMAGE AND INJURY,1.,0 ,1 ,COLLISION WITH GUIDERAIL - END,OTHER,NONE,DAYLIGHT,CLOUDY,DRY
6836 ,33883958,MONROE,East Rochester,,,N,43.1148793,-77.4898097,04/25/2011,6:15 AM,INJURY,1.,0 ,1 ,COLLISION WITH FIRE HYDRANT,OTHER,NONE,DARK-ROAD LIGHTED,CLOUDY,DRY
6836 ,33883965,MONROE,Brighton,,,Y,43.104245,-77.62779,04/28/2011,12:24 PM,PROPERTY DAMAGE AND INJURY,1.,0 ,2 ,COLLISION WITH MOTOR VEHICLE,HEAD ON,TRAFFIC SIGNAL,DAYLIGHT,CLEAR,DRY
6836 ,33883978,MONROE,Webster,,,N,43.2094807,-77.4554184,05/07/2011,12:20 PM,PROPERTY DAMAGE AND INJURY,1.,0 ,2 ,COLLISION WITH MOTOR VEHICLE,REAR END,NONE,DAYLIGHT,CLEAR,DRY
6836 ,33883987,MONROE,Clarkson,,,Y,43.284461,-77.897768,05/07/2011,12:15 AM,PROPERTY DAMAGE AND INJURY,1.,0 ,1 ,OVERTURNED,OTHER,NONE,DARK-ROAD LIGHTED,CLOUDY,DRY
6836 ,33883988,MONROE,Rochester,,,N,43.1305375,-77.6605613,04/25/2011,5:19 PM,INJURY,1.,0 ,6 ,COLLISION WITH MOTOR VEHICLE,OTHER,NONE,DAYLIGHT,RAIN,WET
6836 ,33883989,MONROE,Webster,,,Y,43.222703,-77.387273,04/30/2011,4:24 PM,PROPERTY DAMAGE AND INJURY,3.,0 ,3 ,COLLISION WITH MOTOR VEHICLE,OTHER,TRAFFIC SIGNAL,DAYLIGHT,CLEAR,DRY
6836 ,33884002,MONROE,Sweden,,,N,43.2055586,-77.9671598,04/29/2011,6:36 PM,PROPERTY DAMAGE AND INJURY,9.,0 ,3 ,COLLISION WITH MOTOR VEHICLE,OTHER,NONE,DAYLIGHT,CLOUDY,WET
6836 ,33884007,MONROE,Brighton,,,Y,43.126405,-77.565714,05/14/2011,3:54 PM,INJURY,3.,0 ,2 ,COLLISION WITH MOTOR VEHICLE,REAR END,TRAFFIC SIGNAL,DAYLIGHT,CLOUDY,WET
6836 ,33884010,MONROE,Penfield,,104 43035042,Y,43.175051,-77.520751,05/15/2011,2:58 PM,PROPERTY DAMAGE AND INJURY,1.,0 ,2 ,COLLISION WITH MOTOR VEHICLE,REAR END,NONE,DAYLIGHT,RAIN,WET
6836 ,33884011,MONROE,Brockport,,19 43041059,N,43.2172965,-77.9379661,05/05/2011,2:50 PM,INJURY,1.,0 ,2 ,COLLISION WITH MOTOR VEHICLE,REAR END,NONE,DAYLIGHT,CLEAR,DRY
6836 ,33884013,MONROE,Brighton,,31 43033021,N,43.1110946,-77.5478228,04/22/2011,1:38 PM,INJURY,1.,0 ,2 ,COLLISION WITH MOTOR VEHICLE,REAR END,NONE,DAYLIGHT,CLEAR,DRY
6836 ,33884030,MONROE,Chili,,383 43011121,N,43.0851569,-77.6872101,05/16/2011,7:53 AM,PROPERTY DAMAGE AND INJURY,1.,0 ,2 ,COLLISION WITH MOTOR VEHICLE,REAR END,NONE,DAYLIGHT,RAIN,WET
6836 ,33884276,MONROE,Pittsford,,65 43031111,Y,43.087271,-77.542635,05/21/2011,10:40 PM,PROPERTY DAMAGE AND INJURY,1.,0 ,2 ,COLLISION WITH MOTOR VEHICLE,LEFT TURN (AGAINST OTHER CAR),TRAFFIC SIGNAL,DARK-ROAD UNLIGHTED,CLEAR,DRY
6836 ,33884317,MONROE,Irondequoit,,,Y,43.1767732,-77.5448146,05/19/2011,7:20 AM,PROPERTY DAMAGE AND INJURY,1.,0 ,3 ,COLLISION WITH MOTOR VEHICLE,OTHER,TRAFFIC SIGNAL,DAYLIGHT,CLEAR,DRY
6836 ,33884320,MONROE,Penfield,,441 43011034,N,43.1297742,-77.4768644,05/19/2011,9:05 PM,PROPERTY DAMAGE AND INJURY,2.,0 ,2 ,COLLISION WITH MOTOR VEHICLE,RIGHT TURN (AGAINST OTHER CAR),TRAFFIC SIGNAL,DARK-ROAD LIGHTED,RAIN,WET
6836 ,33884338,MONROE,Rochester,,,Y,43.162401,-77.602368,05/10/2011,6:08 PM,INJURY,1.,0 ,2 ,COLLISION WITH MOTOR VEHICLE,OTHER,STOP SIGN,DAYLIGHT,CLEAR,DRY
6836 ,33884343,MONROE,Brighton,,,Y,43.116512,-77.553734,05/24/2011,9:25 PM,PROPERTY DAMAGE AND INJURY,1.,0 ,2 ,COLLISION WITH MOTOR VEHICLE,RIGHT ANGLE,TRAFFIC SIGNAL,DARK-ROAD LIGHTED,CLEAR,DRY
6836 ,33884510,MONROE,Brighton,,,Y,43.137496,-77.521497,05/24/2011,5:08 PM,PROPERTY DAMAGE AND INJURY,1.,0 ,2 ,COLLISION WITH MOTOR VEHICLE,REAR END,NONE,DAYLIGHT,CLEAR,DRY
6836 ,33884526,MONROE,Henrietta,,15 43031104,N,43.0807087,-77.6402623,05/18/2011,5:59 PM,PROPERTY DAMAGE AND INJURY,1.,0 ,3 ,COLLISION WITH MOTOR VEHICLE,OTHER,NONE,DAYLIGHT,CLOUDY,DRY
6836 ,33884530,MONROE,Greece,,18 43031186,N,43.2529519,-77.6843922,05/11/2011,3:24 PM,PROPERTY DAMAGE AND INJURY,1.,0 ,1 ,COLLISION WITH OTHER FIXED OBJECT,OTHER,NONE,DAYLIGHT,CLEAR,DRY
6836 ,33884557,MONROE,Henrietta,,15 43031114,N,43.0929121,-77.6336726,05/22/2011,3:02 PM,INJURY,1.,0 ,2 ,COLLISION WITH MOTOR VEHICLE,LEFT TURN (AGAINST OTHER CAR),NONE,DAYLIGHT,RAIN,WET
6836 ,33884562,MONROE,Webster,,,N,43.214195,-77.475083,05/13/2011,3:17 PM,PROPERTY DAMAGE AND INJURY,2.,0 ,2 ,COLLISION WITH MOTOR VEHICLE,LEFT TURN (AGAINST OTHER CAR),TRAFFIC SIGNAL,DAYLIGHT,CLEAR,DRY
6836 ,33884573,MONROE,Rochester,,,Y,43.146421,-77.5547779,05/19/2011,7:36 PM,PROPERTY DAMAGE AND INJURY,1.,0 ,2 ,COLLISION WITH MOTOR VEHICLE,RIGHT ANGLE,TRAFFIC SIGNAL,DAYLIGHT,RAIN,WET
6836 ,33884589,MONROE,Rochester,,,Y,43.170985,-77.629462,05/20/2011,8:23 PM,PROPERTY DAMAGE AND INJURY,1.,0 ,1 ,COLLISION WITH BICYCLIST,OTHER,NONE,DAYLIGHT,CLEAR,DRY
6836 ,33884627,MONROE,Parma,,,Y,43.2174194,-77.7527561,05/22/2011,10:14 AM,PROPERTY DAMAGE AND INJURY,1.,0 ,2 ,COLLISION WITH MOTOR VEHICLE,LEFT TURN (AGAINST OTHER CAR),TRAFFIC SIGNAL,DAYLIGHT,CLOUDY,DRY
6836 ,33884657,MONROE,Irondequoit,,,N,43.1905023,-77.5764715,05/12/2011,8:20 AM,PROPERTY DAMAGE AND INJURY,1.,0 ,3 ,COLLISION WITH MOTOR VEHICLE,OTHER,NONE,DAYLIGHT,CLOUDY,DRY
6836 ,33884713,MONROE,Sweden,,,Y,43.212973,-77.96844,05/22/2011,4:56 PM,PROPERTY DAMAGE AND INJURY,2.,0 ,2 ,COLLISION WITH MOTOR VEHICLE,RIGHT ANGLE,STOP SIGN,DAYLIGHT,CLEAR,DRY
6836 ,33884737,MONROE,Gates,,390I43037021,N,43.156307,-77.681779,05/22/2011,11:27 AM,PROPERTY DAMAGE AND INJURY,3.,0 ,2 ,COLLISION WITH MOTOR VEHICLE,REAR END,NONE,DAYLIGHT,CLOUDY,DRY
6836 ,33884796,MONROE,Rush,,15 43031056,N,43.0070006,-77.6667048,05/20/2011,8:40 AM,PROPERTY DAMAGE AND INJURY,2.,0 ,4 ,COLLISION WITH MOTOR VEHICLE,OTHER,NONE,DAYLIGHT,CLOUDY,WET
6836 ,33884800,MONROE,Henrietta,,,Y,43.095064,-77.605377,05/23/2011,4:45 PM,PROPERTY DAMAGE AND INJURY,3.,0 ,2 ,COLLISION WITH MOTOR VEHICLE,LEFT TURN (AGAINST OTHER CAR),NONE,DAYLIGHT,CLOUDY,DRY
6836 ,33884877,MONROE,Rochester,,,Y,43.170975,-77.60748,05/20/2011,9:41 PM,INJURY,2.,0 ,2 ,COLLISION WITH MOTOR VEHICLE,REAR END,TRAFFIC SIGNAL,DARK-ROAD LIGHTED,CLOUDY,DRY
6836 ,33884916,MONROE,Rochester,,,Y,43.159363,-77.650565,05/13/2011,10:14 PM,INJURY,1.,0 ,2 ,COLLISION WITH MOTOR VEHICLE,REAR END,STOP SIGN,DARK-ROAD LIGHTED,RAIN,WET
6836 ,33884937,MONROE,Brighton,,31 43033008,Y,43.126453,-77.564608,05/24/2011,10:15 PM,INJURY,1.,0 ,2 ,COLLISION WITH MOTOR VEHICLE,RIGHT ANGLE,TRAFFIC SIGNAL,DARK-ROAD LIGHTED,CLEAR,DRY
6836 ,33884944,MONROE,Gates,,386 43011100,Y,43.143846,-77.732293,05/23/2011,5:34 PM,INJURY,1.,0 ,2 ,COLLISION WITH MOTOR VEHICLE,REAR END,TRAFFIC SIGNAL,DAYLIGHT,CLEAR,DRY
6836 ,33884976,MONROE,Rochester,,,Y,43.178078,-77.581196,05/16/2011,6:38 AM,PROPERTY DAMAGE AND INJURY,1.,0 ,2 ,COLLISION WITH MOTOR VEHICLE,RIGHT ANGLE,STOP SIGN,DAWN,CLOUDY,WET
6836 ,33884990,MONROE,Brighton,,,Y,43.127291,-77.528059,05/23/2011,5:52 PM,PROPERTY DAMAGE AND INJURY,3.,0 ,3 ,COLLISION WITH MOTOR VEHICLE,OTHER,TRAFFIC SIGNAL,DAYLIGHT,CLEAR,DRY
6836 ,33885145,MONROE,Rochester,,,N,43.1780221,-77.5894747,04/25/2011,12:48 PM,PROPERTY DAMAGE AND INJURY,1.,0 ,2 ,COLLISION WITH MOTOR VEHICLE,LEFT TURN (AGAINST OTHER CAR),NONE,DAYLIGHT,CLOUDY,DRY
6836 ,33885154,MONROE,Henrietta,,,N,43.0868277,-77.6568492,05/19/2011,4:55 PM,PROPERTY DAMAGE AND INJURY,1.,0 ,2 ,COLLISION WITH MOTOR VEHICLE,REAR END,NONE,DAYLIGHT,RAIN,WET
6836 ,33885190,MONROE,Greece,,,Y,43.205698,-77.670283,05/21/2011,3:10 PM,INJURY,1.,0 ,2 ,COLLISION WITH MOTOR VEHICLE,LEFT TURN (AGAINST OTHER CAR),TRAFFIC SIGNAL,DAYLIGHT,CLEAR,DRY
6836 ,33885218,MONROE,Henrietta,,253 43011028,Y,43.040072,-77.6971061,05/24/2011,10:00 AM,PROPERTY DAMAGE AND INJURY,2.,0 ,2 ,COLLISION WITH MOTOR VEHICLE,RIGHT ANGLE,TRAFFIC SIGNAL,DAYLIGHT,CLOUDY,DRY
6836 ,33885224,MONROE,Rochester,,,Y,43.19384,-77.638874,05/16/2011,12:26 PM,PROPERTY DAMAGE AND INJURY,1.,0 ,2 ,COLLISION WITH MOTOR VEHICLE,LEFT TURN (AGAINST OTHER CAR),TRAFFIC SIGNAL,DAYLIGHT,RAIN,WET
6836 ,33885272,MONROE,Rochester,,,N,43.1244063,-77.6233324,05/19/2011,7:04 AM,INJURY,1.,0 ,1 ,COLLISION WITH PEDESTRIAN,OTHER,NONE,DAYLIGHT,CLEAR,DRY
6836 ,33885555,MONROE,Irondequoit,,,N,43.176832,-77.542741,05/20/2011,12:15 AM,INJURY,1.,0 ,2 ,COLLISION WITH MOTOR VEHICLE,REAR END,TRAFFIC SIGNAL,DARK-ROAD LIGHTED,CLEAR,DRY
6836 ,33885556,MONROE,Rochester,,,N,43.190081,-77.5997688,05/20/2011,6:40 PM,INJURY,1.,0 ,1 ,COLLISION WITH BICYCLIST,OTHER,NONE,DAYLIGHT,CLEAR,DRY
6836 ,33885666,MONROE,Webster,,,Y,43.209895,-77.451711,05/19/2011,11:26 AM,PROPERTY DAMAGE AND INJURY,1.,0 ,2 ,COLLISION WITH MOTOR VEHICLE,RIGHT ANGLE,TRAFFIC SIGNAL,DAYLIGHT,RAIN,WET
6836 ,33885704,MONROE,Rochester,,,Y,43.1823441,-77.5864893,05/22/2011,10:38 PM,INJURY,1.,0 ,1 ,COLLISION WITH PEDESTRIAN,OTHER,NONE,DARK-ROAD LIGHTED,CLEAR,DRY
6836 ,33885717,MONROE,Henrietta,,,N,43.0761779,-77.6267653,05/24/2011,6:19 PM,INJURY,1.,0 ,2 ,COLLISION WITH MOTOR VEHICLE,REAR END,NONE,DAYLIGHT,CLEAR,DRY
6836 ,33885783,MONROE,Rochester,,,Y,43.176016,-77.569406,05/24/2011,10:58 PM,PROPERTY DAMAGE AND INJURY,2.,0 ,2 ,COLLISION WITH MOTOR VEHICLE,OTHER,NONE,DARK-ROAD LIGHTED,CLEAR,DRY
6836 ,33885854,MONROE,Brighton,,490I43023009,N,43.1353654,-77.532296,05/24/2011,4:40 PM,PROPERTY DAMAGE AND INJURY,1.,0 ,2 ,COLLISION WITH MOTOR VEHICLE,OVERTAKING,NONE,DAYLIGHT,CLEAR,DRY
6836 ,33885893,MONROE,Rush,,,N,42.9471254,-77.7291956,05/21/2011,1:47 PM,PROPERTY DAMAGE AND INJURY,1.,0 ,1 ,COLLISION WITH GUIDERAIL - END,OTHER,NONE,DAYLIGHT,CLEAR,DRY
6836 ,33886405,MONROE,Rochester,,,N,43.1772507,-77.5996979,04/28/2011,6:52 PM,INJURY,2.,0 ,2 ,COLLISION WITH MOTOR VEHICLE,OVERTAKING,NONE,DAYLIGHT,CLOUDY,DRY
6836 ,33886556,MONROE,Gates,,31 43031182,N,43.1647014,-77.6877349,05/25/2011,12:03 PM,PROPERTY DAMAGE AND INJURY,1.,0 ,2 ,COLLISION WITH MOTOR VEHICLE,RIGHT ANGLE,NONE,DAYLIGHT,CLEAR,DRY
6836 ,33886559,MONROE,Chili,,33A43021107,N,43.1078759,-77.7446776,05/24/2011,6:26 PM,INJURY,2.,0 ,2 ,COLLISION WITH MOTOR VEHICLE,RIGHT ANGLE,TRAFFIC SIGNAL,DAYLIGHT,CLEAR,DRY
6836 ,33886563,MONROE,Penfield,,,Y,43.182407,-77.4989754,05/23/2011,11:44 PM,PROPERTY DAMAGE AND INJURY,1.,0 ,1 ,COLL. W/LIGHT SUPPORT/UTILITY POLE,OTHER,NONE,DARK-ROAD LIGHTED,RAIN,WET
6836 ,33886613,MONROE,Rush,,390I43031005,N,42.9476364,-77.6964633,05/25/2011,5:20 AM,PROPERTY DAMAGE AND INJURY,1.,0 ,1 ,COLLISION WITH DEER,OTHER,NONE,DAWN,CLOUDY,DRY
6836 ,33886675,MONROE,Henrietta,,,Y,43.087107,-77.617323,05/25/2011,12:40 PM,INJURY,1.,0 ,2 ,COLLISION WITH MOTOR VEHICLE,REAR END,TRAFFIC SIGNAL,DAYLIGHT,CLEAR,DRY
6836 ,33886697,MONROE,Webster,,,N,43.2041912,-77.4826633,05/24/2011,5:18 PM,PROPERTY DAMAGE AND INJURY,1.,0 ,3 ,COLLISION WITH MOTOR VEHICLE,OTHER,NONE,DAYLIGHT,CLEAR,DRY
6836 ,33886726,MONROE,Brighton,,590 43011008,N,43.1530514,-77.5379175,05/23/2011,1:52 PM,PROPERTY DAMAGE AND INJURY,1.,0 ,1 ,COLL. W/EARTH ELE./ROCK CUT/DITCH,OTHER,NONE,DAYLIGHT,RAIN,WET
6836 ,33886728,MONROE,Rochester,,,Y,43.142223,-77.6458689,05/25/2011,9:36 PM,INJURY,1.,0 ,2 ,COLLISION WITH MOTOR VEHICLE,REAR END,FLASHING LIGHT,DARK-ROAD LIGHTED,CLEAR,DRY
6836 ,33886779,MONROE,Chili,,251 43011055,N,43.0702762,-77.7671421,05/22/2011,7:58 AM,PROPERTY DAMAGE AND INJURY,1.,0 ,1 ,COLLISION WITH TREE,OTHER,NONE,DAYLIGHT,CLEAR,DRY
6836 ,33886863,MONROE,Rochester,,,N,43.1747806,-77.6132096,05/26/2011,1:02 PM,INJURY,1.,0 ,2 ,COLLISION WITH MOTOR VEHICLE,REAR END,TRAFFIC SIGNAL,DAYLIGHT,CLOUDY,DRY
6836 ,33887067,MONROE,Pittsford,,,Y,43.039465,-77.5753311,04/10/2011,4:22 PM,FATAL,0.,1 ,2 ,COLLISION WITH MOTOR VEHICLE,LEFT TURN (AGAINST OTHER CAR),NONE,DAYLIGHT,CLOUDY,DRY
6836 ,33887405,MONROE,Greece,,104 43031161,N,43.208331,-77.686693,05/27/2011,1:32 AM,PROPERTY DAMAGE AND INJURY,1.,0 ,2 ,COLLISION WITH MOTOR VEHICLE,OVERTAKING,NONE,DARK-ROAD LIGHTED,CLOUDY,DRY
6836 ,33887437,MONROE,Greece,,,N,43.2337129,-77.6393561,05/20/2011,3:04 AM,PROPERTY DAMAGE AND INJURY,1.,0 ,1 ,COLL. W/LIGHT SUPPORT/UTILITY POLE,OTHER,NONE,DARK-ROAD LIGHTED,CLOUDY,WET
6836 ,33887619,MONROE,Webster,,104 43035265,N,43.215414,-77.446588,05/26/2011,6:19 PM,PROPERTY DAMAGE AND INJURY,1.,0 ,2 ,COLLISION WITH MOTOR VEHICLE,REAR END,YIELD SIGN,DAYLIGHT,CLOUDY,DRY
6836 ,33887717,MONROE,Rochester,,,N,43.126643,-77.6164646,05/25/2011,7:11 PM,INJURY,1.,0 ,2 ,COLLISION WITH MOTOR VEHICLE,REAR END,NONE,DAYLIGHT,CLEAR,DRY
6836 ,33887769,MONROE,Rochester,,,Y,43.142695,-77.658772,05/26/2011,1:22 AM,PROPERTY DAMAGE AND INJURY,2.,0 ,2 ,COLLISION WITH MOTOR VEHICLE,RIGHT ANGLE,FLASHING LIGHT,DARK-ROAD LIGHTED,RAIN,WET
6836 ,33887897,MONROE,Greece,,18 43031194,N,43.252885,-77.6678125,05/26/2011,8:53 AM,INJURY,1.,0 ,2 ,COLLISION WITH MOTOR VEHICLE,REAR END,TRAFFIC SIGNAL,DAYLIGHT,CLOUDY,WET
6836 ,33887910,MONROE,Irondequoit,,,Y,43.176887,-77.5415229,05/27/2011,7:05 PM,PROPERTY DAMAGE AND INJURY,2.,0 ,2 ,COLLISION WITH MOTOR VEHICLE,RIGHT ANGLE,TRAFFIC SIGNAL,DAYLIGHT,RAIN,WET
6836 ,33887915,MONROE,Webster,,,N,43.2087211,-77.4746381,05/24/2011,5:31 PM,INJURY,1.,0 ,2 ,COLLISION WITH MOTOR VEHICLE,REAR END,NONE,DAYLIGHT,CLEAR,DRY
6836 ,33887941,MONROE,Rochester,,,N,43.1310089,-77.6438845,05/27/2011,4:31 PM,PROPERTY DAMAGE AND INJURY,1.,0 ,2 ,COLLISION WITH MOTOR VEHICLE,LEFT TURN (AGAINST OTHER CAR),NONE,DAYLIGHT,RAIN,WET
6836 ,33888125,MONROE,Rochester,,,Y,43.154535,-77.592391,05/21/2011,12:20 AM,PROPERTY DAMAGE AND INJURY,1.,0 ,2 ,COLLISION WITH MOTOR VEHICLE,SIDESWIPE,NONE,DARK-ROAD LIGHTED,CLEAR,DRY
6836 ,33888132,MONROE,Rochester,,,Y,43.187361,-77.584105,05/27/2011,7:30 PM,PROPERTY DAMAGE AND INJURY,1.,0 ,2 ,COLLISION WITH MOTOR VEHICLE,RIGHT ANGLE,TRAFFIC SIGNAL,DUSK,RAIN,WET
6836 ,33888135,MONROE,Rochester,,,Y,43.1710096,-77.6142426,05/27/2011,2:54 PM,INJURY,1.,0 ,1 ,COLLISION WITH PEDESTRIAN,OTHER,NONE,DAYLIGHT,RAIN,WET
6836 ,33888141,MONROE,Rochester,,,Y,43.161649,-77.558628,05/21/2011,8:22 AM,PROPERTY DAMAGE AND INJURY,1.,0 ,1 ,COLLISION WITH TREE,OTHER,NONE,DAYLIGHT,CLEAR,DRY
6836 ,33888317,MONROE,Greece,,390 43011029,N,43.1985751,-77.679607,05/25/2011,9:32 PM,PROPERTY DAMAGE AND INJURY,1.,0 ,3 ,COLLISION WITH MOTOR VEHICLE,OTHER,HIGHWAY WORK AREA,DARK-ROAD LIGHTED,CLEAR,DRY
6836 ,33888435,MONROE,Wheatland,,,N,43.0086229,-77.791674,05/23/2011,4:38 PM,INJURY,1.,0 ,1 ,COLL. W/EARTH ELE./ROCK CUT/DITCH,OTHER,NONE,DAYLIGHT,CLEAR,DRY
6836 ,33888440,MONROE,Ogden,,36 43031151,Y,43.186507,-77.8542729,05/26/2011,10:15 AM,PROPERTY DAMAGE AND INJURY,2.,0 ,2 ,COLLISION WITH MOTOR VEHICLE,RIGHT ANGLE,TRAFFIC SIGNAL,DAYLIGHT,CLOUDY,DRY
6836 ,33888442,MONROE,Perinton,,31 43033118,N,43.0644107,-77.3791298,05/20/2011,4:55 PM,PROPERTY DAMAGE AND INJURY,1.,0 ,2 ,COLLISION WITH MOTOR VEHICLE,RIGHT TURN (AGAINST OTHER CAR),STOP SIGN,DAYLIGHT,CLEAR,DRY
6836 ,33888443,MONROE,Penfield,,104 43035051,Y,43.182399,-77.507867,05/19/2011,8:07 PM,PROPERTY DAMAGE AND INJURY,3.,0 ,2 ,COLLISION WITH MOTOR VEHICLE,REAR END,NONE,DAYLIGHT,CLOUDY,WET
6836 ,33888461,MONROE,Henrietta,,252 43011061,N,43.0924419,-77.6521982,05/25/2011,9:40 PM,PROPERTY DAMAGE AND INJURY,3.,0 ,2 ,COLLISION WITH MOTOR VEHICLE,LEFT TURN (AGAINST OTHER CAR),TRAFFIC SIGNAL,DARK-ROAD LIGHTED,CLEAR,DRY
6836 ,33888462,MONROE,Pittsford,,31 43033027,N,43.1055276,-77.5411423,05/16/2011,6:00 PM,INJURY,2.,0 ,2 ,COLLISION WITH MOTOR VEHICLE,REAR END,NONE,DAYLIGHT,RAIN,WET
6836 ,33888473,MONROE,Gates,,31 43031183,Y,43.164699,-77.686624,05/28/2011,4:38 PM,PROPERTY DAMAGE AND INJURY,1.,0 ,3 ,COLLISION WITH MOTOR VEHICLE,OTHER,NONE,DAYLIGHT,CLEAR,DRY
6836 ,33888475,MONROE,Brighton,,490I43023000,N,43.1391619,-77.5390529,05/24/2011,5:12 PM,PROPERTY DAMAGE AND INJURY,1.,0 ,2 ,COLLISION WITH MOTOR VEHICLE,REAR END,NONE,DAYLIGHT,CLEAR,DRY
6836 ,33888485,MONROE,Penfield,,104 43035051,Y,43.182399,-77.507867,05/20/2011,3:58 PM,PROPERTY DAMAGE AND INJURY,1.,0 ,2 ,COLLISION WITH MOTOR VEHICLE,RIGHT ANGLE,TRAFFIC SIGNAL,DAYLIGHT,CLEAR,DRY
6836 ,33888486,MONROE,Penfield,,,N,43.1338082,-77.4934733,05/27/2011,2:27 PM,PROPERTY DAMAGE AND INJURY,1.,0 ,2 ,COLLISION WITH MOTOR VEHICLE,LEFT TURN (AGAINST OTHER CAR),OTHER,DAYLIGHT,RAIN,WET
6836 ,33888700,MONROE,Rochester,,33 43032023,Y,43.151935,-77.628952,05/27/2011,2:47 PM,INJURY,2.,0 ,2 ,COLLISION WITH MOTOR VEHICLE,LEFT TURN (WITH OTHER CAR),TRAFFIC SIGNAL,DAYLIGHT,CLOUDY,WET
6836 ,33888838,MONROE,Pittsford,,441 43011115,N,43.1232549,-77.5077005,05/24/2011,2:09 PM,INJURY,1.,0 ,2 ,COLLISION WITH MOTOR VEHICLE,REAR END,TRAFFIC SIGNAL,DAYLIGHT,CLEAR,DRY
6836 ,33888846,MONROE,Penfield,,,Y,43.182399,-77.507867,05/19/2011,7:10 PM,PROPERTY DAMAGE AND INJURY,1.,0 ,2 ,COLLISION WITH MOTOR VEHICLE,REAR END,TRAFFIC SIGNAL,DAYLIGHT,RAIN,WET
6836 ,33888852,MONROE,Spencerport,,,N,43.1898971,-77.8009358,05/28/2011,3:35 PM,INJURY,1.,0 ,1 ,OVERTURNED,OTHER,NO PASSING ZONE,DAYLIGHT,CLEAR,DRY
6836 ,33888860,MONROE,Henrietta,,252 43011069,N,43.0883355,-77.6375555,05/21/2011,7:57 AM,PROPERTY DAMAGE AND INJURY,2.,0 ,2 ,COLLISION WITH MOTOR VEHICLE,REAR END,TRAFFIC SIGNAL,DAYLIGHT,CLEAR,WET
6836 ,33888862,MONROE,Chili,,383 43011111,N,43.0778152,-77.7030033,05/23/2011,11:14 AM,PROPERTY DAMAGE AND INJURY,1.,0 ,2 ,COLLISION WITH MOTOR VEHICLE,SIDESWIPE,NONE,DAYLIGHT,CLOUDY,DRY
6836 ,33888864,MONROE,Henrietta,,,Y,43.092837,-77.6535161,05/20/2011,9:06 AM,INJURY,1.,0 ,2 ,COLLISION WITH MOTOR VEHICLE,REAR END,TRAFFIC SIGNAL,DAYLIGHT,RAIN,WET
6836 ,33889827,MONROE,Rochester,,,N,43.1421125,-77.656471,05/02/2011,8:01 AM,PROPERTY DAMAGE AND INJURY,1.,0 ,2 ,COLLISION WITH MOTOR VEHICLE,REAR END,NONE,DAYLIGHT,CLOUDY,WET
6836 ,33890779,MONROE,Greece,,,N,43.2462101,-77.6468286,05/28/2011,2:53 PM,INJURY,1.,0 ,1 ,COLLISION WITH BICYCLIST,OTHER,NONE,DAYLIGHT,CLEAR,DRY
6836 ,33890780,MONROE,Greece,,,N,43.2154851,-77.6596679,05/26/2011,3:58 PM,PROPERTY DAMAGE AND INJURY,1.,0 ,2 ,COLLISION WITH MOTOR VEHICLE,OVERTAKING,TRAFFIC SIGNAL,DAYLIGHT,CLOUDY,DRY
6836 ,33890783,MONROE,Greece,,,Y,43.220711,-77.6458659,04/10/2011,3:53 PM,INJURY,4.,0 ,2 ,COLLISION WITH MOTOR VEHICLE,REAR END,NONE,DAYLIGHT,CLOUDY,DRY
6836 ,33890786,MONROE,Greece,,,N,43.2291293,-77.6370494,05/29/2011,2:29 AM,INJURY,1.,0 ,2 ,COLLISION WITH MOTOR VEHICLE,OTHER,NONE,DARK-ROAD LIGHTED,CLOUDY,DRY