QUERYID,CASE #,REGN_CNTY_CDE,Municipality,MUNITYPE,REF_MRKR,ATINTERSECTION_IND,Lat,Long,,Time,Crash Type,Injuries,Fatalities,Number of Vehicles,ACCD_TYP,COLLISION_TYP,TRAF_CNTL,Light Condition,Weather Condition,Road Surface Condition
6836 ,33890790,MONROE,Greece,,104 43031129,Y,43.217407,-77.752683,05/25/2011,4:23 PM,PROPERTY DAMAGE AND INJURY,1.,0 ,2 ,COLLISION WITH MOTOR VEHICLE,RIGHT ANGLE,TRAFFIC SIGNAL,DAYLIGHT,CLEAR,DRY
6836 ,33890792,MONROE,Greece,,104 43033167,Y,43.207118,-77.679265,05/20/2011,7:37 PM,INJURY,1.,0 ,2 ,COLLISION WITH MOTOR VEHICLE,OVERTAKING,TRAFFIC SIGNAL,DAYLIGHT,CLEAR,DRY
6836 ,33890818,MONROE,Rochester,,,Y,43.151716,-77.6439421,05/28/2011,11:41 AM,PROPERTY DAMAGE AND INJURY,1.,0 ,1 ,COLLISION WITH CURBING,OTHER,STOP SIGN,DAYLIGHT,CLEAR,DRY
6836 ,33890822,MONROE,Rochester,,,Y,43.198015,-77.6124931,05/30/2011,2:58 PM,PROPERTY DAMAGE AND INJURY,3.,0 ,2 ,COLLISION WITH MOTOR VEHICLE,RIGHT ANGLE,STOP SIGN,DAYLIGHT,CLEAR,DRY
6836 ,33890823,MONROE,Rochester,,,Y,43.183885,-77.584734,05/29/2011,9:20 PM,PROPERTY DAMAGE AND INJURY,1.,0 ,2 ,COLLISION WITH MOTOR VEHICLE,HEAD ON,NONE,DARK-ROAD LIGHTED,CLEAR,DRY
6836 ,33890825,MONROE,Rochester,,,Y,43.186255,-77.6308089,05/28/2011,3:50 AM,INJURY,1.,0 ,2 ,COLLISION WITH MOTOR VEHICLE,REAR END,TRAFFIC SIGNAL,DARK-ROAD LIGHTED,FOG/SMOG/SMOKE,WET
6836 ,33891097,MONROE,Riga,,33A43021035,N,43.0694984,-77.8647553,05/25/2011,9:44 PM,PROPERTY DAMAGE AND INJURY,1.,0 ,1 ,COLLISION WITH DEER,OTHER,NONE,DARK-ROAD UNLIGHTED,CLEAR,DRY
6836 ,33891099,MONROE,Wheatland,,36 43031002,N,42.99075,-77.8596579,05/28/2011,10:30 PM,PROPERTY DAMAGE AND INJURY,1.,0 ,1 ,OVERTURNED,OTHER,NONE,DARK-ROAD LIGHTED,CLEAR,DRY
6836 ,33891104,MONROE,Gates,,490I43021142,N,43.1333018,-77.7198549,05/29/2011,9:09 PM,PROPERTY DAMAGE AND INJURY,2.,0 ,1 ,COLL. W/EARTH ELE./ROCK CUT/DITCH,OTHER,NONE,DUSK,CLEAR,DRY
6836 ,33891109,MONROE,Brighton,,490I43023011,N,43.1327301,-77.5284569,05/29/2011,11:15 PM,PROPERTY DAMAGE AND INJURY,1.,0 ,1 ,COLLISION WITH OTHER BARRIER,OTHER,NONE,DARK-ROAD LIGHTED,RAIN,WET
6836 ,33891110,MONROE,Gates,,940L43011023,Y,43.164886,-77.6911321,05/29/2011,12:30 AM,PROPERTY DAMAGE AND INJURY,1.,0 ,2 ,COLLISION WITH MOTOR VEHICLE,LEFT TURN (WITH OTHER CAR),TRAFFIC SIGNAL,DARK-ROAD LIGHTED,CLEAR,DRY
6836 ,33891113,MONROE,Gates,,,Y,43.13878,-77.72596,05/28/2011,3:24 PM,INJURY,1.,0 ,1 ,COLLISION WITH BICYCLIST,OTHER,STOP SIGN,DAYLIGHT,CLEAR,DRY
6836 ,33891114,MONROE,Chili,,,Y,43.1068863,-77.6910233,05/30/2011,11:41 PM,INJURY,1.,0 ,1 ,OVERTURNED,OTHER,NONE,DARK-ROAD LIGHTED,CLEAR,DRY
6836 ,33891845,MONROE,Rochester,,,Y,43.170575,-77.59779,05/30/2011,1:50 PM,PROPERTY DAMAGE AND INJURY,2.,0 ,2 ,COLLISION WITH MOTOR VEHICLE,RIGHT ANGLE,TRAFFIC SIGNAL,DAYLIGHT,CLEAR,DRY
6836 ,33891849,MONROE,Henrietta,,15A43041015,Y,43.059358,-77.612421,05/30/2011,6:55 PM,INJURY,1.,0 ,2 ,COLLISION WITH MOTOR VEHICLE,LEFT TURN (AGAINST OTHER CAR),TRAFFIC SIGNAL,DAYLIGHT,CLEAR,DRY
6836 ,33891879,MONROE,Wheatland,,383 43011026,N,43.0134369,-77.8181571,05/30/2011,3:01 PM,PROPERTY DAMAGE AND INJURY,1.,0 ,2 ,COLLISION WITH MOTOR VEHICLE,RIGHT ANGLE,FLASHING LIGHT,DAYLIGHT,CLEAR,DRY
6836 ,33891890,MONROE,Henrietta,,252 43011096,Y,43.087046,-77.581938,05/26/2011,6:37 PM,INJURY,1.,0 ,1 ,COLLISION WITH CURBING,OTHER,TRAFFIC SIGNAL,DAYLIGHT,CLOUDY,DRY
6836 ,33891944,MONROE,Brighton,,441 43011105,Y,43.128025,-77.521656,05/31/2011,1:21 PM,PROPERTY DAMAGE AND INJURY,1.,0 ,2 ,COLLISION WITH MOTOR VEHICLE,REAR END,TRAFFIC SIGNAL,DAYLIGHT,CLOUDY,DRY
6836 ,33891975,MONROE,Chili,,33A43021065,N,43.0838935,-77.8154364,05/30/2011,6:39 PM,PROPERTY DAMAGE AND INJURY,1.,0 ,1 ,COLL. W/EARTH ELE./ROCK CUT/DITCH,OTHER,NONE,DAYLIGHT,CLEAR,DRY
6836 ,33892035,MONROE,Perinton,,490I43023069,N,43.0656844,-77.4725544,05/13/2011,11:20 AM,PROPERTY DAMAGE AND INJURY,2.,0 ,2 ,COLLISION WITH MOTOR VEHICLE,REAR END,HIGHWAY WORK AREA,DAYLIGHT,CLEAR,DRY
6836 ,33892046,MONROE,Rochester,,490I43022068,N,43.1435068,-77.549293,05/29/2011,9:28 PM,PROPERTY DAMAGE AND INJURY,1.,0 ,1 ,RAN OFF ROAD ONLY,OTHER,NONE,DARK-ROAD LIGHTED,CLEAR,DRY
6836 ,33892120,MONROE,Henrietta,,252 43011086,N,43.087147,-77.604968,05/30/2011,5:50 PM,PROPERTY DAMAGE AND INJURY,2.,0 ,2 ,COLLISION WITH MOTOR VEHICLE,RIGHT ANGLE,TRAFFIC SIGNAL,DAYLIGHT,CLEAR,DRY
6836 ,33892124,MONROE,East Rochester,,,Y,43.116655,-77.499031,05/10/2011,7:53 AM,PROPERTY DAMAGE AND INJURY,2.,0 ,2 ,COLLISION WITH MOTOR VEHICLE,LEFT TURN (AGAINST OTHER CAR),TRAFFIC SIGNAL,DAYLIGHT,CLEAR,DRY
6836 ,33892145,MONROE,Henrietta,,,N,43.0940417,-77.632474,05/31/2011,11:44 AM,PROPERTY DAMAGE AND INJURY,3.,0 ,3 ,COLLISION WITH MOTOR VEHICLE,OTHER,TRAFFIC SIGNAL,DAYLIGHT,CLEAR,DRY
6836 ,33892211,MONROE,East Rochester,,,Y,43.108392,-77.48739,05/12/2011,11:15 AM,PROPERTY DAMAGE AND INJURY,2.,0 ,2 ,COLLISION WITH MOTOR VEHICLE,RIGHT ANGLE,STOP SIGN,DAYLIGHT,CLEAR,DRY
6836 ,33892214,MONROE,Irondequoit,,590 43013009,N,43.1801754,-77.5430637,05/29/2011,11:46 AM,INJURY,1.,0 ,1 ,COLLISION WITH OTHER BARRIER,OTHER,NONE,DAYLIGHT,CLEAR,DRY
6836 ,33892220,MONROE,Chili,,252 43011005,N,43.0953471,-77.758491,05/29/2011,4:10 PM,PROPERTY DAMAGE AND INJURY,1.,0 ,2 ,COLLISION WITH MOTOR VEHICLE,RIGHT ANGLE,STOP SIGN,DAYLIGHT,CLOUDY,DRY
6836 ,33892403,MONROE,Gates,,,Y,43.164604,-77.708696,05/28/2011,11:25 AM,INJURY,1.,0 ,1 ,COLLISION WITH BICYCLIST,OTHER,STOP SIGN,DAYLIGHT,CLEAR,DRY
6836 ,33892437,MONROE,Greece,,390 43011066,N,43.2508416,-77.6682455,05/29/2011,10:15 PM,PROPERTY DAMAGE AND INJURY,1.,0 ,2 ,COLLISION WITH MOTOR VEHICLE,REAR END,YIELD SIGN,DARK-ROAD UNLIGHTED,CLEAR,DRY
6836 ,33892439,MONROE,Webster,,104 43035223,N,43.2123727,-77.5309011,05/28/2011,9:01 PM,PROPERTY DAMAGE AND INJURY,1.,0 ,1 ,COLLISION WITH DEER,OTHER,NONE,DARK-ROAD LIGHTED,CLEAR,DRY
6836 ,33892662,MONROE,Chili,,252A43011005,N,43.1071827,-77.7355997,04/15/2011,3:00 PM,INJURY,1.,0 ,1 ,COLLISION WITH PEDESTRIAN,OTHER,NONE,DAYLIGHT,CLEAR,DRY
6836 ,33892678,MONROE,Rochester,,,Y,43.190865,-77.63887,05/03/2011,11:17 AM,PROPERTY DAMAGE AND INJURY,1.,0 ,2 ,COLLISION WITH MOTOR VEHICLE,RIGHT TURN (WITH OTHER CAR),NONE,DAYLIGHT,RAIN,WET
6836 ,33892683,MONROE,East Rochester,,,N,43.1149474,-77.4923707,05/09/2011,3:11 PM,INJURY,1.,0 ,1 ,COLLISION WITH PEDESTRIAN,OTHER,STOP SIGN,DAYLIGHT,CLEAR,DRY
6836 ,33892994,MONROE,Greece,,,N,43.2470766,-77.7017443,05/24/2011,11:13 AM,INJURY,1.,0 ,1 ,COLLISION WITH PEDESTRIAN,OTHER,NONE,DAYLIGHT,CLOUDY,DRY
6836 ,33893112,MONROE,Greece,,,Y,43.231164,-77.69675,05/27/2011,9:50 AM,PROPERTY DAMAGE AND INJURY,1.,0 ,2 ,COLLISION WITH MOTOR VEHICLE,LEFT TURN (AGAINST OTHER CAR),TRAFFIC SIGNAL,DAYLIGHT,RAIN,WET
6836 ,33893117,MONROE,Rochester,,,Y,43.146246,-77.558574,05/29/2011,5:15 PM,INJURY,1.,0 ,1 ,COLLISION WITH PEDESTRIAN,OTHER,TRAFFIC SIGNAL,DAYLIGHT,CLOUDY,DRY
6836 ,33893902,MONROE,Rochester,,,N,43.1597948,-77.5944774,04/25/2011,8:37 PM,PROPERTY DAMAGE AND INJURY,1.,0 ,2 ,COLLISION WITH MOTOR VEHICLE,RIGHT ANGLE,TRAFFIC SIGNAL,DARK-ROAD LIGHTED,RAIN,WET
6836 ,33893956,MONROE,Brighton,,,N,43.108007,-77.615937,04/12/2011,9:00 AM,PROPERTY DAMAGE AND INJURY,2.,0 ,2 ,COLLISION WITH MOTOR VEHICLE,REAR END,UNKNOWN,UNKNOWN,UNKNOWN,UNKNOWN
6836 ,33894338,MONROE,Rochester,,,N,43.1774323,-77.5989593,05/31/2011,4:49 PM,PROPERTY DAMAGE AND INJURY,1.,0 ,2 ,COLLISION WITH MOTOR VEHICLE,RIGHT ANGLE,STOP SIGN,DAYLIGHT,CLEAR,DRY
6836 ,33894370,MONROE,Gates,,,Y,43.166327,-77.753746,06/01/2011,1:29 PM,PROPERTY DAMAGE AND INJURY,1.,0 ,2 ,COLLISION WITH MOTOR VEHICLE,RIGHT ANGLE,TRAFFIC SIGNAL,DAYLIGHT,CLEAR,DRY
6836 ,33894373,MONROE,Rochester,,940T43011005,N,43.1593679,-77.6147449,05/25/2011,4:10 PM,INJURY,4.,0 ,2 ,COLLISION WITH MOTOR VEHICLE,REAR END,NONE,DAYLIGHT,CLEAR,DRY
6836 ,33894397,MONROE,Irondequoit,,590 43013007,N,43.1765192,-77.5426814,05/26/2011,7:42 PM,FATAL,0.,1 ,1 ,COLL. W/EARTH ELE./ROCK CUT/DITCH,OTHER,NONE,DAYLIGHT,RAIN,WET
6836 ,33894489,MONROE,Greece,,,N,43.2078836,-77.6592897,05/26/2011,12:49 PM,PROPERTY DAMAGE AND INJURY,2.,0 ,2 ,COLLISION WITH MOTOR VEHICLE,RIGHT ANGLE,STOP SIGN,DAYLIGHT,CLOUDY,DRY
6836 ,33894572,MONROE,Webster,,,N,43.2103222,-77.4430989,05/29/2011,5:56 PM,PROPERTY DAMAGE AND INJURY,2.,0 ,2 ,COLLISION WITH MOTOR VEHICLE,REAR END,NONE,DAYLIGHT,CLOUDY,DRY
6836 ,33894627,MONROE,Brighton,,,N,43.1254996,-77.5962234,06/01/2011,5:23 PM,PROPERTY DAMAGE AND INJURY,3.,0 ,2 ,COLLISION WITH MOTOR VEHICLE,REAR END,NONE,DAYLIGHT,CLEAR,DRY
6836 ,33894745,MONROE,Penfield,,441 43011031,Y,43.131345,-77.468869,05/17/2011,9:40 AM,INJURY,1.,0 ,2 ,COLLISION WITH MOTOR VEHICLE,REAR END,TRAFFIC SIGNAL,DAYLIGHT,RAIN,WET
6836 ,33894779,MONROE,Pittsford,,31 43033027,N,43.1058269,-77.5414306,03/26/2011,12:38 PM,PROPERTY DAMAGE AND INJURY,1.,0 ,2 ,COLLISION WITH MOTOR VEHICLE,REAR END,NONE,DAYLIGHT,CLEAR,DRY
6836 ,33894855,MONROE,Rochester,,104 43032020,N,43.1940378,-77.6236149,06/01/2011,12:20 PM,PROPERTY DAMAGE AND INJURY,1.,0 ,2 ,COLLISION WITH MOTOR VEHICLE,REAR END,TRAFFIC SIGNAL,DAYLIGHT,CLOUDY,DRY
6836 ,33894891,MONROE,Greece,,,Y,43.252904,-77.671849,05/31/2011,2:56 PM,INJURY,1.,0 ,1 ,COLLISION WITH BICYCLIST,OTHER,STOP SIGN,DAYLIGHT,CLEAR,DRY
6836 ,33894928,MONROE,Pittsford,,31 43033042,N,43.09226,-77.5192946,03/28/2011,11:06 AM,PROPERTY DAMAGE AND INJURY,1.,0 ,3 ,COLLISION WITH MOTOR VEHICLE,OTHER,NONE,DAYLIGHT,CLEAR,DRY
6836 ,33894951,MONROE,Rochester,,940T43011001,N,43.1567794,-77.6213881,05/25/2011,6:45 AM,INJURY,1.,0 ,1 ,COLLISION WITH OTHER BARRIER,OTHER,NONE,DAYLIGHT,CLOUDY,DRY
6836 ,33894999,MONROE,Rochester,,,Y,43.158974,-77.626423,05/03/2011,11:20 AM,INJURY,1.,0 ,2 ,COLLISION WITH MOTOR VEHICLE,UNKNOWN,NONE,DAYLIGHT,RAIN,WET
6836 ,33895873,MONROE,Rochester,,,N,43.203393,-77.5618341,05/28/2011,1:15 PM,PROPERTY DAMAGE AND INJURY,1.,0 ,2 ,COLLISION WITH MOTOR VEHICLE,REAR END,TRAFFIC SIGNAL,DAYLIGHT,CLOUDY,DRY
6836 ,33895964,MONROE,Brighton,,96 43051098,N,43.1374074,-77.5393588,06/02/2011,5:32 PM,PROPERTY DAMAGE AND INJURY,1.,0 ,2 ,COLLISION WITH MOTOR VEHICLE,LEFT TURN (AGAINST OTHER CAR),NONE,DAYLIGHT,CLEAR,DRY
6836 ,33895999,MONROE,Henrietta,,252 43011091,N,43.0869632,-77.5926299,06/02/2011,4:15 PM,INJURY,1.,0 ,2 ,COLLISION WITH MOTOR VEHICLE,REAR END,TRAFFIC SIGNAL,DAYLIGHT,CLEAR,DRY
6836 ,33896028,MONROE,Greece,,104 43031154,Y,43.210064,-77.703397,06/01/2011,9:49 AM,INJURY,1.,0 ,2 ,COLLISION WITH MOTOR VEHICLE,REAR END,TRAFFIC SIGNAL,DAYLIGHT,CLEAR,DRY
6836 ,33896099,MONROE,Rochester,,,Y,43.163796,-77.569656,05/31/2011,6:26 PM,INJURY,1.,0 ,1 ,COLLISION WITH BICYCLIST,OTHER,STOP SIGN,DAYLIGHT,CLEAR,DRY
6836 ,33896187,MONROE,Rush,,15A43041038,N,42.990319,-77.6364268,06/01/2011,5:56 PM,PROPERTY DAMAGE AND INJURY,1.,0 ,3 ,COLLISION WITH MOTOR VEHICLE,OTHER,NONE,DAYLIGHT,CLEAR,DRY
6836 ,33896211,MONROE,Henrietta,,,N,43.0807547,-77.6333891,06/02/2011,6:02 PM,INJURY,1.,0 ,2 ,COLLISION WITH MOTOR VEHICLE,RIGHT ANGLE,NONE,DAYLIGHT,CLEAR,DRY
6836 ,33896278,MONROE,Greece,,,N,43.1993227,-77.6802179,05/30/2011,11:05 PM,PROPERTY DAMAGE AND INJURY,1.,0 ,1 ,COLLISION WITH OTHER FIXED OBJECT,OTHER,NONE,DARK-ROAD LIGHTED,CLEAR,DRY
6836 ,33896340,MONROE,Penfield,,,Y,43.182317,-77.474765,06/02/2011,6:43 PM,PROPERTY DAMAGE AND INJURY,3.,0 ,2 ,COLLISION WITH MOTOR VEHICLE,RIGHT ANGLE,TRAFFIC SIGNAL,DAYLIGHT,CLEAR,DRY
6836 ,33896415,MONROE,Webster,,,Y,43.25689,-77.446739,05/29/2011,2:58 PM,INJURY,1.,0 ,2 ,COLLISION WITH MOTOR VEHICLE,OVERTAKING,NONE,DAYLIGHT,CLOUDY,DRY
6836 ,33896527,MONROE,Gates,,,Y,43.164886,-77.6911321,05/29/2011,4:33 PM,INJURY,1.,0 ,2 ,COLLISION WITH MOTOR VEHICLE,REAR END,TRAFFIC SIGNAL,DAYLIGHT,CLEAR,DRY
6836 ,33896758,MONROE,Rochester,,,Y,43.151218,-77.6238201,05/30/2011,8:08 PM,INJURY,1.,0 ,1 ,COLLISION WITH PEDESTRIAN,OTHER,STOP SIGN,DAYLIGHT,CLEAR,DRY
6836 ,33897006,MONROE,Pittsford,,31 43031103,Y,43.090828,-77.515256,04/20/2011,4:43 PM,INJURY,1.,0 ,3 ,COLLISION WITH MOTOR VEHICLE,OTHER,TRAFFIC SIGNAL,DAYLIGHT,CLEAR,DRY
6836 ,33897290,MONROE,Gates,,33A43021132,N,43.1262995,-77.7020243,06/02/2011,12:12 PM,PROPERTY DAMAGE AND INJURY,2.,0 ,2 ,COLLISION WITH MOTOR VEHICLE,RIGHT ANGLE,TRAFFIC SIGNAL,DAYLIGHT,CLEAR,DRY
6836 ,33897359,MONROE,Ogden,,36 43031152,N,43.1867981,-77.8542511,05/30/2011,8:10 PM,PROPERTY DAMAGE AND INJURY,1.,0 ,2 ,COLLISION WITH MOTOR VEHICLE,LEFT TURN (AGAINST OTHER CAR),TRAFFIC SIGNAL,DUSK,CLEAR,DRY
6836 ,33897507,MONROE,Webster,,250 43011125,N,43.2135863,-77.4302781,05/29/2011,1:50 PM,INJURY,1.,0 ,1 ,COLLISION WITH PEDESTRIAN,OTHER,NONE,DAYLIGHT,CLOUDY,DRY
6836 ,33897517,MONROE,Irondequoit,,,Y,43.211723,-77.565315,05/31/2011,3:35 PM,PROPERTY DAMAGE AND INJURY,2.,0 ,2 ,COLLISION WITH MOTOR VEHICLE,LEFT TURN (AGAINST OTHER CAR),NONE,DAYLIGHT,CLEAR,DRY
6836 ,33897533,MONROE,Gates,,390I43035000,N,43.1261082,-77.6566483,06/02/2011,7:25 AM,PROPERTY DAMAGE AND INJURY,2.,0 ,3 ,COLLISION WITH MOTOR VEHICLE,OTHER,NONE,DAYLIGHT,CLEAR,DRY
6836 ,33897542,MONROE,Ogden,,531 43012049,N,43.1708842,-77.7611978,06/02/2011,12:20 PM,PROPERTY DAMAGE AND INJURY,1.,0 ,1 ,COLLISION WITH TREE,OTHER,NONE,DAYLIGHT,CLEAR,DRY
6836 ,33897726,MONROE,Brighton,,31 43033021,N,43.1120487,-77.5491045,06/03/2011,12:34 PM,PROPERTY DAMAGE AND INJURY,1.,0 ,2 ,COLLISION WITH MOTOR VEHICLE,LEFT TURN (AGAINST OTHER CAR),NONE,DAYLIGHT,CLEAR,DRY
6836 ,33897795,MONROE,Brighton,,31 43033022,N,43.1114046,-77.548247,06/03/2011,6:31 PM,PROPERTY DAMAGE AND INJURY,1.,0 ,2 ,COLLISION WITH MOTOR VEHICLE,RIGHT ANGLE,NONE,DAYLIGHT,CLEAR,DRY
6836 ,33898243,MONROE,Chili,,33A43021117,Y,43.116141,-77.727477,06/03/2011,9:46 AM,INJURY,1.,0 ,1 ,OVERTURNED,OTHER,TRAFFIC SIGNAL,DAYLIGHT,CLEAR,DRY
6836 ,33898245,MONROE,Sweden,,31A43021023,N,43.1983508,-77.9522085,06/03/2011,5:56 PM,PROPERTY DAMAGE AND INJURY,4.,0 ,3 ,COLLISION WITH MOTOR VEHICLE,OTHER,NONE,DAYLIGHT,CLEAR,DRY
6836 ,33898248,MONROE,Penfield,,441 43011052,N,43.130827,-77.4413164,05/29/2011,8:25 PM,PROPERTY DAMAGE AND INJURY,1.,0 ,2 ,COLLISION WITH MOTOR VEHICLE,LEFT TURN (AGAINST OTHER CAR),TRAFFIC SIGNAL,DARK-ROAD LIGHTED,CLOUDY,DRY
6836 ,33898249,MONROE,Mendon,,,N,43.0193825,-77.5850975,06/03/2011,5:50 AM,INJURY,1.,0 ,1 ,COLLISION WITH DEER,OTHER,NONE,DAYLIGHT,CLEAR,DRY
6836 ,33898253,MONROE,Penfield,,286 43011014,N,43.1565783,-77.5250584,06/03/2011,5:45 PM,PROPERTY DAMAGE AND INJURY,1.,0 ,3 ,COLLISION WITH MOTOR VEHICLE,OTHER,NONE,DAYLIGHT,CLEAR,DRY
6836 ,33898260,MONROE,Perinton,,,N,43.110686,-77.441764,06/02/2011,3:25 PM,PROPERTY DAMAGE AND INJURY,1.,0 ,2 ,COLLISION WITH MOTOR VEHICLE,REAR END,NONE,DAYLIGHT,CLEAR,DRY
6836 ,33898261,MONROE,Chili,,33 43031069,Y,43.119857,-77.80532,06/03/2011,1:02 PM,INJURY,1.,0 ,1 ,COLLISION WITH BICYCLIST,OTHER,TRAFFIC SIGNAL,DAYLIGHT,CLEAR,DRY
6836 ,33898266,MONROE,Sweden,,31 43031056,N,43.1982635,-77.9243766,06/03/2011,4:03 PM,PROPERTY DAMAGE AND INJURY,2.,0 ,2 ,COLLISION WITH MOTOR VEHICLE,REAR END,TRAFFIC SIGNAL,DAYLIGHT,CLEAR,OTHER
6836 ,33898270,MONROE,Henrietta,,,N,43.082867,-77.6866953,05/28/2011,10:05 AM,PROPERTY DAMAGE AND INJURY,2.,0 ,3 ,COLLISION WITH MOTOR VEHICLE,OTHER,NONE,DAYLIGHT,CLEAR,DRY
6836 ,33898271,MONROE,Henrietta,,,N,43.090811,-77.610576,06/02/2011,12:51 PM,PROPERTY DAMAGE AND INJURY,1.,0 ,3 ,COLLISION WITH MOTOR VEHICLE,OTHER,TRAFFIC SIGNAL,DAYLIGHT,CLEAR,DRY
6836 ,33898276,MONROE,Hamlin,,18 43031041,N,43.2952768,-77.9181243,06/01/2011,7:19 PM,INJURY,1.,0 ,1 ,COLLISION WITH PEDESTRIAN,OTHER,NONE,DAYLIGHT,CLEAR,DRY
6836 ,33898279,MONROE,Brighton,,,Y,43.157597,-77.536197,06/04/2011,3:46 PM,FATAL,4.,1 ,2 ,COLLISION WITH MOTOR VEHICLE,LEFT TURN (AGAINST OTHER CAR),NONE,DAYLIGHT,CLOUDY,DRY
6836 ,33898283,MONROE,Gates,,,N,43.1700104,-77.7037302,06/03/2011,11:41 PM,INJURY,1.,0 ,1 ,OTHER NON-COLLISION,OTHER,NONE,DARK-ROAD UNLIGHTED,CLEAR,DRY
6836 ,33898754,MONROE,Greece,,,Y,43.209859,-77.6959401,03/01/2011,3:00 PM,INJURY,1.,0 ,2 ,COLLISION WITH MOTOR VEHICLE,REAR END,UNKNOWN,UNKNOWN,UNKNOWN,UNKNOWN
6836 ,33898966,MONROE,Greece,,,Y,43.216528,-77.681753,05/22/2011,2:22 PM,PROPERTY DAMAGE AND INJURY,2.,0 ,2 ,COLLISION WITH MOTOR VEHICLE,RIGHT ANGLE,STOP SIGN,DAYLIGHT,CLOUDY,DRY
6836 ,33899050,MONROE,Rochester,,104 43032028,N,43.1915191,-77.6096478,06/04/2011,1:09 PM,PROPERTY DAMAGE AND INJURY,1.,0 ,1 ,OVERTURNED,OTHER,NONE,DAYLIGHT,RAIN,WET
6836 ,33899280,MONROE,Greece,,,Y,43.238474,-77.696648,05/31/2011,6:32 PM,PROPERTY DAMAGE AND INJURY,1.,0 ,3 ,COLLISION WITH MOTOR VEHICLE,OTHER,TRAFFIC SIGNAL,DAYLIGHT,CLEAR,DRY
6836 ,33899284,MONROE,Greece,,18 43031181,Y,43.252944,-77.681908,06/05/2011,2:23 PM,PROPERTY DAMAGE AND INJURY,2.,0 ,2 ,COLLISION WITH MOTOR VEHICLE,REAR END,NONE,DAYLIGHT,CLEAR,DRY
6836 ,33899485,MONROE,Rochester,,490I43022029,Y,43.154281,-77.619861,05/31/2011,5:13 PM,PROPERTY DAMAGE AND INJURY,2.,0 ,2 ,COLLISION WITH MOTOR VEHICLE,REAR END,NONE,DAYLIGHT,CLEAR,DRY
6836 ,33899579,MONROE,Webster,,104 43035259,N,43.2143763,-77.4589404,06/05/2011,10:26 PM,PROPERTY DAMAGE AND INJURY,2.,0 ,1 ,COLL. W/EARTH ELE./ROCK CUT/DITCH,OTHER,NONE,DARK-ROAD UNLIGHTED,CLEAR,DRY
6836 ,33899596,MONROE,Clarkson,,104 43031067,N,43.2238448,-77.8726061,06/03/2011,12:18 PM,PROPERTY DAMAGE AND INJURY,1.,0 ,1 ,COLLISION WITH OTHER BARRIER,OTHER,NONE,DAYLIGHT,CLEAR,DRY
6836 ,33900120,MONROE,Honeoye Falls,,,Y,42.950627,-77.595354,05/24/2011,2:57 PM,PROPERTY DAMAGE AND INJURY,2.,0 ,3 ,COLLISION WITH MOTOR VEHICLE,OTHER,NONE,DAYLIGHT,CLEAR,DRY
6836 ,33900280,MONROE,Brighton,,,N,43.107822,-77.615931,06/01/2011,9:40 PM,PROPERTY DAMAGE AND INJURY,5.,0 ,2 ,COLLISION WITH MOTOR VEHICLE,REAR END,TRAFFIC SIGNAL,DARK-ROAD LIGHTED,CLOUDY,DRY
6836 ,33900761,MONROE,Rochester,,,Y,43.163259,-77.556499,06/04/2011,1:30 PM,PROPERTY DAMAGE AND INJURY,3.,0 ,2 ,COLLISION WITH MOTOR VEHICLE,RIGHT ANGLE,STOP SIGN,DAYLIGHT,CLOUDY,WET
6836 ,33900768,MONROE,Rochester,,,Y,43.130133,-77.6108911,05/23/2011,9:55 AM,INJURY,1.,0 ,1 ,COLLISION WITH BICYCLIST,OTHER,TRAFFIC SIGNAL,DAYLIGHT,CLEAR,DRY
6836 ,33900787,MONROE,Rochester,,,Y,43.177638,-77.625049,05/23/2011,7:55 AM,INJURY,1.,0 ,1 ,COLLISION WITH BICYCLIST,OTHER,TRAFFIC SIGNAL,DAYLIGHT,CLEAR,DRY
6836 ,33900791,MONROE,Rochester,,,N,43.1508199,-77.6375285,05/31/2011,1:10 PM,INJURY,1.,0 ,1 ,COLLISION WITH PEDESTRIAN,OTHER,NONE,DAYLIGHT,CLEAR,DRY
6836 ,33900792,MONROE,Rochester,,,Y,43.170102,-77.611754,05/22/2011,12:00 AM,PROPERTY DAMAGE AND INJURY,1.,0 ,2 ,COLLISION WITH MOTOR VEHICLE,RIGHT ANGLE,TRAFFIC SIGNAL,DARK-ROAD LIGHTED,CLEAR,DRY
6836 ,33900794,MONROE,Rochester,,,Y,43.168998,-77.641625,06/01/2011,7:12 PM,INJURY,1.,0 ,1 ,COLLISION WITH PEDESTRIAN,OTHER,NONE,DAYLIGHT,CLEAR,DRY
6836 ,33900795,MONROE,Rochester,,,Y,43.1492458,-77.5984086,05/31/2011,5:15 PM,PROPERTY DAMAGE AND INJURY,1.,0 ,1 ,COLLISION WITH BICYCLIST,OTHER,NONE,DAYLIGHT,CLEAR,DRY
6836 ,33900797,MONROE,Rochester,,,Y,43.174338,-77.631185,06/01/2011,3:11 PM,INJURY,1.,0 ,1 ,COLLISION WITH PEDESTRIAN,OTHER,NONE,DAYLIGHT,CLEAR,DRY
6836 ,33900801,MONROE,Rochester,,,Y,43.183815,-77.576066,06/04/2011,4:12 PM,INJURY,3.,0 ,2 ,COLLISION WITH MOTOR VEHICLE,REAR END,NONE,DAYLIGHT,CLOUDY,DRY
6836 ,33900802,MONROE,Rochester,,,N,43.1749825,-77.6106282,06/01/2011,12:54 PM,INJURY,1.,0 ,1 ,COLLISION WITH PEDESTRIAN,OTHER,NONE,DAYLIGHT,CLEAR,DRY
6836 ,33900803,MONROE,Rochester,,,Y,43.141527,-77.5848779,06/04/2011,9:46 PM,INJURY,1.,0 ,1 ,COLLISION WITH PEDESTRIAN,OTHER,TRAFFIC SIGNAL,DARK-ROAD LIGHTED,CLEAR,DRY