QUERYID,CASE #,REGN_CNTY_CDE,Municipality,MUNITYPE,REF_MRKR,ATINTERSECTION_IND,Lat,Long,,Time,Crash Type,Injuries,Fatalities,Number of Vehicles,ACCD_TYP,COLLISION_TYP,TRAF_CNTL,Light Condition,Weather Condition,Road Surface Condition
6836 ,33900804,MONROE,Rochester,,104 43032008,Y,43.202447,-77.644747,06/04/2011,9:22 PM,INJURY,1.,0 ,2 ,COLLISION WITH MOTOR VEHICLE,REAR END,TRAFFIC SIGNAL,DARK-ROAD LIGHTED,CLEAR,DRY
6836 ,33900805,MONROE,Rochester,,,Y,43.143867,-77.643347,06/02/2011,6:51 PM,INJURY,1.,0 ,2 ,COLLISION WITH OTHER PEDESTRIAN,OTHER,STOP SIGN,DAYLIGHT,CLEAR,DRY
6836 ,33900807,MONROE,Rochester,,,N,43.1615522,-77.5933257,06/03/2011,5:41 PM,INJURY,1.,0 ,1 ,COLLISION WITH PEDESTRIAN,OTHER,NONE,DAYLIGHT,CLEAR,DRY
6836 ,33900811,MONROE,Rochester,,,N,43.1422206,-77.6437206,05/30/2011,8:15 PM,INJURY,1.,0 ,2 ,COLLISION WITH MOTOR VEHICLE,HEAD ON,NONE,DUSK,CLEAR,DRY
6836 ,33900813,MONROE,Rochester,,,N,43.1787134,-77.5757692,06/02/2011,7:03 PM,PROPERTY DAMAGE AND INJURY,1.,0 ,1 ,COLLISION WITH BICYCLIST,OTHER,NONE,DAYLIGHT,CLEAR,DRY
6836 ,33900821,MONROE,Rochester,,31 43032053,Y,43.142843,-77.587232,06/01/2011,3:24 PM,PROPERTY DAMAGE AND INJURY,1.,0 ,2 ,COLLISION WITH MOTOR VEHICLE,REAR END,TRAFFIC SIGNAL,DAYLIGHT,CLEAR,DRY
6836 ,33900831,MONROE,Rochester,,,Y,43.1846887,-77.6188056,06/03/2011,12:17 AM,PROPERTY DAMAGE AND INJURY,1.,0 ,2 ,COLLISION WITH MOTOR VEHICLE,OTHER,NONE,DARK-ROAD LIGHTED,CLOUDY,DRY
6836 ,33900842,MONROE,Greece,,,N,43.2232809,-77.6590371,06/05/2011,3:21 PM,PROPERTY DAMAGE AND INJURY,1.,0 ,1 ,OTHER NON-COLLISION,OTHER,NONE,DAYLIGHT,CLEAR,DRY
6836 ,33900893,MONROE,Rochester,,,N,43.1955009,-77.6465809,06/05/2011,5:19 PM,INJURY,1.,0 ,1 ,COLLISION WITH MOTOR VEHICLE,OTHER,NONE,DAYLIGHT,CLEAR,DRY
6836 ,33900896,MONROE,Rochester,,,Y,43.146064,-77.6054879,06/02/2011,3:53 PM,INJURY,1.,0 ,2 ,COLLISION WITH MOTOR VEHICLE,REAR END,TRAFFIC SIGNAL,DAYLIGHT,CLEAR,DRY
6836 ,33900900,MONROE,Rochester,,,Y,43.147903,-77.6433401,06/06/2011,3:13 PM,INJURY,3.,0 ,2 ,COLLISION WITH MOTOR VEHICLE,REAR END,TRAFFIC SIGNAL,DAYLIGHT,CLEAR,DRY
6836 ,33900902,MONROE,Rochester,,,Y,43.193337,-77.62432,06/03/2011,9:52 PM,INJURY,1.,0 ,1 ,OTHER NON-COLLISION,OTHER,NONE,DAYLIGHT,CLEAR,DRY
6836 ,33901230,MONROE,Brighton,,,Y,43.111017,-77.547717,06/06/2011,3:02 PM,PROPERTY DAMAGE AND INJURY,1.,0 ,2 ,COLLISION WITH MOTOR VEHICLE,REAR END,TRAFFIC SIGNAL,DAYLIGHT,CLEAR,DRY
6836 ,33901231,MONROE,Henrietta,,15A43041079,N,43.0404374,-77.622565,06/03/2011,3:39 PM,INJURY,1.,0 ,1 ,COLLISION WITH PEDESTRIAN,OTHER,TRAFFIC SIGNAL,DAYLIGHT,CLEAR,DRY
6836 ,33901238,MONROE,Brighton,,,Y,43.116422,-77.557348,06/06/2011,10:00 AM,INJURY,1.,0 ,2 ,COLLISION WITH MOTOR VEHICLE,REAR END,TRAFFIC SIGNAL,DAYLIGHT,CLEAR,DRY
6836 ,33901241,MONROE,Brockport,,,N,43.2131652,-77.9439159,06/04/2011,10:54 AM,PROPERTY DAMAGE AND INJURY,1.,0 ,2 ,COLLISION WITH MOTOR VEHICLE,RIGHT ANGLE,NONE,DAYLIGHT,RAIN,WET
6836 ,33901364,MONROE,Pittsford,,,N,43.0883354,-77.5131568,05/25/2011,6:25 PM,PROPERTY DAMAGE AND INJURY,1.,0 ,2 ,COLLISION WITH MOTOR VEHICLE,RIGHT ANGLE,STOP SIGN,DAYLIGHT,CLEAR,DRY
6836 ,33901383,MONROE,Rush,,,N,42.94973,-77.6973391,05/30/2011,10:05 AM,INJURY,1.,0 ,2 ,COLLISION WITH MOTOR VEHICLE,OVERTAKING,TRAFFIC SIGNAL,DAYLIGHT,CLEAR,DRY
6836 ,33901389,MONROE,Gates,,,N,43.1464843,-77.7134777,06/01/2011,8:19 PM,INJURY,1.,0 ,2 ,COLLISION WITH MOTOR VEHICLE,HEAD ON,NONE,DUSK,CLEAR,DRY
6836 ,33901416,MONROE,Webster,,,N,43.2043349,-77.4809042,06/03/2011,4:42 PM,INJURY,1.,0 ,2 ,COLLISION WITH MOTOR VEHICLE,REAR END,NONE,DAYLIGHT,CLEAR,DRY
6836 ,33901417,MONROE,Rochester,,,Y,43.137891,-77.636005,06/06/2011,3:38 PM,INJURY,2.,0 ,2 ,COLLISION WITH MOTOR VEHICLE,OVERTAKING,NONE,DAYLIGHT,CLEAR,DRY
6836 ,33901431,MONROE,Clarkson,,19 43041096,N,43.2670264,-77.9215244,06/05/2011,5:55 PM,PROPERTY DAMAGE AND INJURY,4.,0 ,2 ,COLLISION WITH MOTOR VEHICLE,RIGHT ANGLE,NONE,DAYLIGHT,CLEAR,DRY
6836 ,33901432,MONROE,Brighton,,,N,43.1273403,-77.5534776,05/18/2011,9:50 AM,INJURY,1.,0 ,2 ,COLLISION WITH MOTOR VEHICLE,REAR END,NONE,DAYLIGHT,CLOUDY,WET
6836 ,33901438,MONROE,Rochester,,,Y,43.193901,-77.653291,06/01/2011,2:25 PM,INJURY,1.,0 ,2 ,COLLISION WITH MOTOR VEHICLE,RIGHT TURN (WITH OTHER CAR),TRAFFIC SIGNAL,DAYLIGHT,CLEAR,DRY
6836 ,33901577,MONROE,Henrietta,,253 43011100,Y,43.059808,-77.573102,05/19/2011,7:10 AM,PROPERTY DAMAGE AND INJURY,2.,0 ,2 ,COLLISION WITH MOTOR VEHICLE,LEFT TURN (AGAINST OTHER CAR),STOP SIGN,DAYLIGHT,CLEAR,DRY
6836 ,33901643,MONROE,Clarkson,,19 43041069,N,43.229496,-77.9302679,05/30/2011,3:35 PM,PROPERTY DAMAGE AND INJURY,1.,0 ,2 ,COLLISION WITH MOTOR VEHICLE,REAR END,NONE,DAYLIGHT,CLEAR,DRY
6836 ,33901660,MONROE,Irondequoit,,,N,43.2285711,-77.5463215,06/04/2011,8:51 AM,PROPERTY DAMAGE AND INJURY,2.,0 ,1 ,COLLISION WITH TREE,OTHER,NONE,DAYLIGHT,CLOUDY,WET
6836 ,33901678,MONROE,Penfield,,286 43011017,N,43.1536676,-77.5060235,06/04/2011,10:37 AM,PROPERTY DAMAGE AND INJURY,1.,0 ,1 ,OVERTURNED,OTHER,TRAFFIC SIGNAL,DAYLIGHT,CLOUDY,DRY
6836 ,33901773,MONROE,Rochester,,,Y,43.171339,-77.567848,05/09/2011,4:29 PM,FATAL,2.,1 ,5 ,COLLISION WITH PEDESTRIAN,OTHER,NONE,DAYLIGHT,CLEAR,DRY
6836 ,33901780,MONROE,Rochester,,,N,43.1646619,-77.6637215,03/24/2011,7:30 AM,PROPERTY DAMAGE AND INJURY,1.,0 ,2 ,COLLISION WITH MOTOR VEHICLE,REAR END,UNKNOWN,DAYLIGHT,CLEAR,SNOW/ICE
6836 ,33901881,MONROE,Perinton,,96 43051016,N,43.048659,-77.4690663,06/01/2011,9:51 AM,INJURY,1.,0 ,1 ,COLLISION WITH DEER,OTHER,NONE,DAYLIGHT,CLEAR,DRY
6836 ,33902015,MONROE,Honeoye Falls,,65 43031014,N,42.9606507,-77.5894,06/01/2011,3:50 AM,PROPERTY DAMAGE AND INJURY,1.,0 ,1 ,COLLISION WITH OTHER FIXED OBJECT,OTHER,NONE,DARK-ROAD LIGHTED,CLEAR,DRY
6836 ,33902082,MONROE,Penfield,,,Y,43.160297,-77.449822,05/21/2011,11:10 AM,PROPERTY DAMAGE AND INJURY,2.,0 ,2 ,COLLISION WITH MOTOR VEHICLE,RIGHT ANGLE,STOP SIGN,DAYLIGHT,CLEAR,DRY
6836 ,33902206,MONROE,Rochester,,,Y,43.16629,-77.5879541,05/26/2011,11:36 AM,PROPERTY DAMAGE AND INJURY,2.,0 ,2 ,COLLISION WITH MOTOR VEHICLE,RIGHT ANGLE,STOP SIGN,DAYLIGHT,CLEAR,DRY
6836 ,33902288,MONROE,Rochester,,,N,43.1802734,-77.6189708,06/08/2011,3:19 AM,INJURY,1.,0 ,1 ,OTHER NON-COLLISION,OTHER,NONE,DARK-ROAD LIGHTED,CLEAR,DRY
6836 ,33902313,MONROE,Mendon,,,N,42.9782225,-77.5729087,05/31/2011,12:40 PM,PROPERTY DAMAGE AND INJURY,1.,0 ,2 ,COLLISION WITH MOTOR VEHICLE,RIGHT ANGLE,NONE,DAYLIGHT,CLEAR,DRY
6836 ,33902359,MONROE,Rochester,,940M43011004,N,43.1697998,-77.6270664,06/07/2011,2:07 PM,PROPERTY DAMAGE AND INJURY,1.,0 ,2 ,COLLISION WITH MOTOR VEHICLE,LEFT TURN (AGAINST OTHER CAR),NONE,DAYLIGHT,CLEAR,DRY
6836 ,33902363,MONROE,Brighton,,15 43031127,Y,43.111727,-77.623926,06/08/2011,9:50 AM,PROPERTY DAMAGE AND INJURY,2.,0 ,2 ,COLLISION WITH MOTOR VEHICLE,RIGHT ANGLE,TRAFFIC SIGNAL,DAYLIGHT,CLEAR,DRY
6836 ,33902375,MONROE,Rochester,,,Y,43.198291,-77.561575,06/07/2011,3:37 PM,INJURY,2.,0 ,2 ,COLLISION WITH MOTOR VEHICLE,LEFT TURN (AGAINST OTHER CAR),STOP SIGN,DAYLIGHT,CLEAR,DRY
6836 ,33902444,MONROE,Irondequoit,,,N,43.196444,-77.5767859,06/07/2011,5:09 PM,INJURY,1.,0 ,2 ,COLLISION WITH MOTOR VEHICLE,REAR END,TRAFFIC SIGNAL,DAYLIGHT,CLEAR,DRY
6836 ,33902528,MONROE,Rochester,,,N,43.187086,-77.5995898,05/21/2011,10:36 AM,PROPERTY DAMAGE AND INJURY,1.,0 ,2 ,COLLISION WITH MOTOR VEHICLE,LEFT TURN (AGAINST OTHER CAR),NONE,DAYLIGHT,CLEAR,DRY
6836 ,33902626,MONROE,Clarkson,,,N,43.2845697,-77.9326035,06/02/2011,12:49 PM,PROPERTY DAMAGE AND INJURY,1.,0 ,2 ,COLLISION WITH MOTOR VEHICLE,REAR END,NONE,DAYLIGHT,CLEAR,DRY
6836 ,33902636,MONROE,Hamlin,,,N,43.2843829,-77.8797092,06/01/2011,1:18 PM,INJURY,1.,0 ,1 ,COLLISION WITH TREE,OTHER,NONE,DAYLIGHT,CLEAR,DRY
6836 ,33903040,MONROE,Rochester,,,Y,43.234222,-77.624577,06/02/2011,4:15 PM,PROPERTY DAMAGE AND INJURY,1.,0 ,3 ,COLLISION WITH MOTOR VEHICLE,OTHER,NONE,DAYLIGHT,CLEAR,DRY
6836 ,33903167,MONROE,Henrietta,,,N,43.0804797,-77.633442,06/06/2011,6:18 PM,PROPERTY DAMAGE AND INJURY,1.,0 ,2 ,COLLISION WITH MOTOR VEHICLE,HEAD ON,NONE,DAYLIGHT,CLEAR,DRY
6836 ,33903422,MONROE,Henrietta,,,N,43.0751555,-77.6883156,03/23/2011,4:27 PM,PROPERTY DAMAGE AND INJURY,2.,0 ,2 ,COLLISION WITH MOTOR VEHICLE,UNKNOWN,NO PASSING ZONE,DAYLIGHT,SNOW,SNOW/ICE
6836 ,33903423,MONROE,Rochester,,,N,43.1301729,-77.6705177,03/31/2011,3:45 PM,INJURY,2.,0 ,2 ,COLLISION WITH MOTOR VEHICLE,OTHER,NONE,DAYLIGHT,CLOUDY,DRY
6836 ,33903515,MONROE,Rochester,,,Y,43.155248,-77.643951,05/25/2011,4:05 PM,PROPERTY DAMAGE AND INJURY,2.,0 ,2 ,COLLISION WITH MOTOR VEHICLE,RIGHT ANGLE,TRAFFIC SIGNAL,DAYLIGHT,CLEAR,DRY
6836 ,33903739,MONROE,Webster,,,N,43.2271179,-77.4466533,06/07/2011,1:22 PM,PROPERTY DAMAGE AND INJURY,1.,0 ,3 ,COLLISION WITH MOTOR VEHICLE,OTHER,NONE,DAYLIGHT,CLEAR,DRY
6836 ,33903896,MONROE,Irondequoit,,590 43013001,N,43.1689442,-77.5387342,06/06/2011,8:43 AM,INJURY,1.,0 ,2 ,COLLISION WITH MOTOR VEHICLE,REAR END,NONE,DAYLIGHT,CLEAR,DRY
6836 ,33904062,MONROE,Henrietta,,252 43011060,Y,43.092837,-77.6535161,06/09/2011,12:19 PM,PROPERTY DAMAGE AND INJURY,1.,0 ,2 ,COLLISION WITH MOTOR VEHICLE,OVERTAKING,TRAFFIC SIGNAL,DAYLIGHT,CLEAR,DRY
6836 ,33904083,MONROE,Rochester,,,Y,43.20021,-77.5616841,06/06/2011,11:30 AM,PROPERTY DAMAGE AND INJURY,1.,0 ,2 ,COLLISION WITH MOTOR VEHICLE,RIGHT ANGLE,NONE,DAYLIGHT,CLEAR,DRY
6836 ,33904108,MONROE,Chili,,,Y,43.099081,-77.7998599,06/08/2011,12:20 PM,PROPERTY DAMAGE AND INJURY,2.,0 ,2 ,COLLISION WITH MOTOR VEHICLE,REAR END,NONE,DAYLIGHT,CLEAR,DRY
6836 ,33904138,MONROE,Parma,,18 43031119,N,43.2732996,-77.7910714,06/08/2011,2:54 PM,PROPERTY DAMAGE AND INJURY,2.,0 ,2 ,COLLISION WITH MOTOR VEHICLE,RIGHT ANGLE,TRAFFIC SIGNAL,DAYLIGHT,CLEAR,DRY
6836 ,33904179,MONROE,Rochester,,590I43012001,N,43.139321,-77.55286,06/06/2011,4:23 PM,PROPERTY DAMAGE AND INJURY,1.,0 ,2 ,COLLISION WITH MOTOR VEHICLE,REAR END,NONE,DAYLIGHT,CLOUDY,DRY
6836 ,33904190,MONROE,Irondequoit,,590 43013016,N,43.1905054,-77.5445481,06/07/2011,3:58 PM,INJURY,1.,0 ,2 ,COLLISION WITH MOTOR VEHICLE,REAR END,NONE,DAYLIGHT,CLEAR,DRY
6836 ,33904347,MONROE,Rochester,,104 43032008,Y,43.202447,-77.644747,06/01/2011,4:25 PM,PROPERTY DAMAGE AND INJURY,3.,0 ,3 ,COLLISION WITH MOTOR VEHICLE,OTHER,TRAFFIC SIGNAL,DAYLIGHT,CLEAR,DRY
6836 ,33904355,MONROE,Rochester,,,Y,43.16629,-77.5879541,05/24/2011,11:49 AM,PROPERTY DAMAGE AND INJURY,1.,0 ,2 ,COLLISION WITH MOTOR VEHICLE,RIGHT ANGLE,STOP SIGN,DAYLIGHT,CLEAR,DRY
6836 ,33904501,MONROE,Webster,,,N,43.2043214,-77.4182471,06/09/2011,5:45 PM,INJURY,1.,0 ,1 ,COLLISION WITH PEDESTRIAN,OTHER,NONE,DAYLIGHT,CLEAR,DRY
6836 ,33904511,MONROE,Rochester,,,Y,43.18008,-77.625152,06/10/2011,3:20 PM,PROPERTY DAMAGE AND INJURY,2.,0 ,2 ,COLLISION WITH MOTOR VEHICLE,LEFT TURN (AGAINST OTHER CAR),NONE,DAYLIGHT,CLEAR,DRY
6836 ,33904521,MONROE,Rochester,,,Y,43.190607,-77.6129961,06/08/2011,8:08 PM,PROPERTY DAMAGE AND INJURY,1.,0 ,2 ,COLLISION WITH MOTOR VEHICLE,RIGHT ANGLE,STOP SIGN,DUSK,CLEAR,DRY
6836 ,33904531,MONROE,Webster,,,Y,43.21149,-77.515381,06/09/2011,4:30 PM,INJURY,1.,0 ,1 ,COLLISION WITH BICYCLIST,OTHER,NONE,DAYLIGHT,CLEAR,DRY
6836 ,33904590,MONROE,Rochester,,,N,43.164658,-77.659119,06/08/2011,12:35 PM,PROPERTY DAMAGE AND INJURY,4.,0 ,2 ,COLLISION WITH MOTOR VEHICLE,LEFT TURN (AGAINST OTHER CAR),NONE,DAYLIGHT,CLEAR,DRY
6836 ,33904678,MONROE,Rochester,,,Y,43.159576,-77.61962,06/09/2011,7:06 PM,PROPERTY DAMAGE AND INJURY,5.,0 ,2 ,COLLISION WITH MOTOR VEHICLE,LEFT TURN (AGAINST OTHER CAR),TRAFFIC SIGNAL,DAYLIGHT,CLEAR,DRY
6836 ,33904710,MONROE,Rochester,,,Y,43.247131,-77.616559,05/22/2011,7:21 PM,INJURY,3.,0 ,2 ,COLLISION WITH MOTOR VEHICLE,LEFT TURN (AGAINST OTHER CAR),STOP SIGN,DAYLIGHT,CLEAR,DRY
6836 ,33904719,MONROE,Irondequoit,,,N,43.2010125,-77.5701592,06/08/2011,6:30 PM,PROPERTY DAMAGE AND INJURY,1.,0 ,2 ,COLLISION WITH MOTOR VEHICLE,RIGHT ANGLE,NONE,DAYLIGHT,CLEAR,DRY
6836 ,33904758,MONROE,Perinton,,31 43033075,Y,43.073916,-77.460934,06/01/2011,4:22 PM,PROPERTY DAMAGE AND INJURY,2.,0 ,2 ,COLLISION WITH MOTOR VEHICLE,RIGHT ANGLE,TRAFFIC SIGNAL,DAYLIGHT,CLEAR,DRY
6836 ,33904809,MONROE,Rochester,,,N,43.183844,-77.5959366,05/11/2011,11:53 AM,PROPERTY DAMAGE AND INJURY,1.,0 ,2 ,COLLISION WITH MOTOR VEHICLE,LEFT TURN (WITH OTHER CAR),NONE,DAYLIGHT,CLEAR,DRY
6836 ,33904816,MONROE,Rochester,,,Y,43.15843,-77.615431,06/09/2011,1:18 PM,INJURY,2.,0 ,2 ,COLLISION WITH MOTOR VEHICLE,RIGHT ANGLE,TRAFFIC SIGNAL,DAYLIGHT,CLOUDY,DRY
6836 ,33904875,MONROE,Rochester,,,N,43.1842469,-77.5843021,05/15/2011,2:30 AM,PROPERTY DAMAGE AND INJURY,1.,0 ,2 ,COLLISION WITH MOTOR VEHICLE,HEAD ON,NONE,DARK-ROAD LIGHTED,RAIN,WET
6836 ,33904917,MONROE,Rochester,,,N,43.1578736,-77.5929499,05/20/2011,11:40 AM,PROPERTY DAMAGE AND INJURY,1.,0 ,2 ,COLLISION WITH MOTOR VEHICLE,REAR END,TRAFFIC SIGNAL,DAYLIGHT,CLOUDY,DRY
6836 ,33905030,MONROE,Gates,,204 43011026,N,43.1307166,-77.6754754,04/26/2011,1:45 PM,PROPERTY DAMAGE AND INJURY,2.,0 ,2 ,COLLISION WITH MOTOR VEHICLE,REAR END,NONE,DAYLIGHT,CLOUDY,WET
6836 ,33905160,MONROE,Greece,,,Y,43.191963,-77.680173,05/05/2011,4:15 PM,INJURY,1.,0 ,2 ,COLLISION WITH MOTOR VEHICLE,REAR END,TRAFFIC SIGNAL,DAYLIGHT,CLEAR,DRY
6836 ,33905161,MONROE,Brighton,,,N,43.0999795,-77.614062,05/03/2011,12:31 PM,PROPERTY DAMAGE AND INJURY,1.,0 ,2 ,COLLISION WITH MOTOR VEHICLE,UNKNOWN,STOP SIGN,DAYLIGHT,RAIN,WET
6836 ,33905227,MONROE,Rochester,,,Y,43.147081,-77.6360541,05/16/2011,4:10 PM,INJURY,2.,0 ,2 ,COLLISION WITH MOTOR VEHICLE,REAR END,NONE,DAYLIGHT,RAIN,WET
6836 ,33905228,MONROE,Rochester,,,N,43.1502286,-77.5969176,05/16/2011,10:02 AM,INJURY,1.,0 ,2 ,COLLISION WITH MOTOR VEHICLE,UNKNOWN,NONE,DAYLIGHT,RAIN,WET
6836 ,33905260,MONROE,Rochester,,,Y,43.145301,-77.651002,05/20/2011,11:30 AM,INJURY,1.,0 ,3 ,COLLISION WITH MOTOR VEHICLE,OTHER,NONE,DAYLIGHT,CLEAR,DRY
6836 ,33905446,MONROE,Rochester,,940T43011012,N,43.1622636,-77.6020918,06/10/2011,2:24 AM,PROPERTY DAMAGE AND INJURY,1.,0 ,1 ,COLLISION WITH OTHER BARRIER,OTHER,NONE,DARK-ROAD LIGHTED,CLOUDY,DRY
6836 ,33905845,MONROE,Brighton,,,Y,43.131703,-77.590227,06/11/2011,12:30 PM,PROPERTY DAMAGE AND INJURY,1.,0 ,2 ,COLLISION WITH MOTOR VEHICLE,RIGHT ANGLE,TRAFFIC SIGNAL,DAYLIGHT,CLOUDY,DRY
6836 ,33905846,MONROE,Perinton,,,N,43.1002427,-77.4572149,06/09/2011,4:03 PM,PROPERTY DAMAGE AND INJURY,1.,0 ,2 ,COLLISION WITH MOTOR VEHICLE,REAR END,NONE,DAYLIGHT,CLEAR,DRY
6836 ,33905849,MONROE,Sweden,,31 43031069,N,43.197989,-77.8991838,06/10/2011,2:10 PM,PROPERTY DAMAGE AND INJURY,3.,0 ,2 ,COLLISION WITH MOTOR VEHICLE,REAR END,TRAFFIC SIGNAL,DAYLIGHT,CLEAR,DRY
6836 ,33905854,MONROE,Wheatland,,,N,43.0230585,-77.7965242,06/08/2011,8:30 PM,INJURY,1.,0 ,1 ,RAN OFF ROAD ONLY,OTHER,NONE,DAYLIGHT,CLEAR,DRY
6836 ,33906077,MONROE,Rochester,,490I43022031,N,43.1521543,-77.6157965,05/31/2011,5:26 PM,PROPERTY DAMAGE AND INJURY,1.,0 ,3 ,COLLISION WITH MOTOR VEHICLE,OTHER,NONE,DAYLIGHT,CLEAR,DRY
6836 ,33906179,MONROE,Greece,,,Y,43.209859,-77.6959401,06/05/2011,2:06 PM,PROPERTY DAMAGE AND INJURY,1.,0 ,2 ,COLLISION WITH MOTOR VEHICLE,REAR END,TRAFFIC SIGNAL,DAYLIGHT,CLEAR,DRY
6836 ,33906182,MONROE,Greece,,,N,43.2221862,-77.6412933,06/08/2011,4:31 PM,INJURY,1.,0 ,1 ,COLLISION WITH BICYCLIST,OTHER,NONE,DAYLIGHT,CLEAR,DRY
6836 ,33906532,MONROE,Mendon,,65 43031055,N,43.0148516,-77.5847216,06/10/2011,4:25 PM,PROPERTY DAMAGE AND INJURY,2.,0 ,2 ,COLLISION WITH MOTOR VEHICLE,SIDESWIPE,NONE,DAYLIGHT,CLEAR,DRY
6836 ,33906535,MONROE,Clarkson,,,N,43.2602442,-77.966539,06/11/2011,2:00 AM,PROPERTY DAMAGE AND INJURY,1.,0 ,1 ,COLLISION WITH DEER,OTHER,NONE,DARK-ROAD UNLIGHTED,CLOUDY,DRY
6836 ,33906541,MONROE,Gates,,,Y,43.1646596,-77.7016112,06/12/2011,2:30 PM,PROPERTY DAMAGE AND INJURY,1.,0 ,2 ,COLLISION WITH MOTOR VEHICLE,REAR END,TRAFFIC SIGNAL,DAYLIGHT,CLEAR,DRY
6836 ,33906559,MONROE,Rochester,,,N,43.152677,-77.5743296,06/11/2011,3:20 PM,PROPERTY DAMAGE AND INJURY,1.,0 ,1 ,COLLISION WITH BICYCLIST,OTHER,NONE,DAYLIGHT,CLOUDY,DRY
6836 ,33906799,MONROE,Rochester,,,Y,43.177367,-77.6327179,03/29/2011,10:00 PM,INJURY,1.,0 ,1 ,COLLISION WITH BICYCLIST,OTHER,STOP SIGN,DARK-ROAD LIGHTED,CLEAR,DRY
6836 ,33906816,MONROE,Rochester,,,N,43.1395504,-77.5959026,05/17/2011,10:00 AM,PROPERTY DAMAGE AND INJURY,2.,0 ,2 ,COLLISION WITH MOTOR VEHICLE,RIGHT ANGLE,NONE,DAYLIGHT,CLOUDY,WET
6836 ,33906860,MONROE,Chili,,,N,43.0573816,-77.7938795,06/09/2011,5:31 AM,INJURY,1.,0 ,2 ,COLLISION WITH MOTOR VEHICLE,SIDESWIPE,NONE,DAYLIGHT,CLEAR,DRY
6836 ,33906906,MONROE,Henrietta,,15A43041114,Y,43.087262,-77.609249,06/10/2011,9:10 PM,PROPERTY DAMAGE AND INJURY,1.,0 ,1 ,COLLISION WITH CURBING,OTHER,TRAFFIC SIGNAL,DARK-ROAD LIGHTED,CLOUDY,DRY
6836 ,33906913,MONROE,Rochester,,,Y,43.188113,-77.562324,06/09/2011,7:40 AM,INJURY,1.,0 ,1 ,COLLISION WITH PEDESTRIAN,OTHER,NONE,DAYLIGHT,CLEAR,DRY
6836 ,33908050,MONROE,Pittsford,,31 43033053,N,43.0848962,-77.4997675,06/09/2011,1:38 PM,PROPERTY DAMAGE AND INJURY,1.,0 ,2 ,COLLISION WITH MOTOR VEHICLE,RIGHT ANGLE,STOP SIGN,DAYLIGHT,CLOUDY,DRY
6836 ,33908058,MONROE,Penfield,,441 43011034,N,43.1295471,-77.4776803,06/04/2011,12:16 PM,INJURY,1.,0 ,2 ,COLLISION WITH MOTOR VEHICLE,REAR END,NONE,DAYLIGHT,RAIN,WET
6836 ,33908059,MONROE,Spencerport,,,Y,43.195437,-77.799596,06/12/2011,5:05 PM,PROPERTY DAMAGE AND INJURY,1.,0 ,2 ,COLLISION WITH MOTOR VEHICLE,RIGHT ANGLE,TRAFFIC SIGNAL,DAYLIGHT,CLEAR,DRY
6836 ,33908067,MONROE,Parma,,104 43031077,N,43.2230331,-77.8536335,06/09/2011,2:13 PM,PROPERTY DAMAGE AND INJURY,1.,0 ,1 ,COLLISION WITH GUIDERAIL - END,OTHER,NONE,DAYLIGHT,CLEAR,DRY
6836 ,33908072,MONROE,Perinton,,31F43011019,N,43.1035119,-77.4841894,06/10/2011,1:43 PM,PROPERTY DAMAGE AND INJURY,3.,0 ,2 ,COLLISION WITH MOTOR VEHICLE,RIGHT TURN (WITH OTHER CAR),NONE,DAYLIGHT,CLOUDY,DRY
6836 ,33908084,MONROE,Irondequoit,,,Y,43.23003,-77.545571,06/11/2011,11:46 AM,PROPERTY DAMAGE AND INJURY,4.,0 ,2 ,COLLISION WITH MOTOR VEHICLE,HEAD ON,STOP SIGN,DAYLIGHT,CLOUDY,DRY
6836 ,33908091,MONROE,Irondequoit,,,N,43.1955152,-77.6037686,06/01/2011,9:30 AM,INJURY,2.,0 ,2 ,COLLISION WITH MOTOR VEHICLE,REAR END,NONE,DAYLIGHT,CLEAR,DRY
6836 ,33908151,MONROE,Rochester,,490I43022021,N,43.1565135,-77.632792,06/09/2011,10:15 AM,PROPERTY DAMAGE AND INJURY,1.,0 ,2 ,COLLISION WITH MOTOR VEHICLE,REAR END,NONE,DAYLIGHT,CLOUDY,DRY
6836 ,33908348,MONROE,Rochester,,,Y,43.153002,-77.632294,06/12/2011,8:11 PM,PROPERTY DAMAGE AND INJURY,1.,0 ,2 ,COLLISION WITH MOTOR VEHICLE,RIGHT ANGLE,STOP SIGN,DAYLIGHT,CLEAR,DRY
6836 ,33908350,MONROE,Rochester,,,Y,43.124899,-77.614232,06/10/2011,2:53 PM,PROPERTY DAMAGE AND INJURY,1.,0 ,2 ,COLLISION WITH MOTOR VEHICLE,LEFT TURN (AGAINST OTHER CAR),TRAFFIC SIGNAL,DAYLIGHT,CLEAR,DRY
6836 ,33908352,MONROE,Rochester,,,N,43.1408716,-77.6293296,06/12/2011,7:30 PM,INJURY,2.,0 ,2 ,COLLISION WITH MOTOR VEHICLE,REAR END,NONE,DAYLIGHT,CLEAR,DRY
6836 ,33908868,MONROE,Rochester,,,Y,43.114684,-77.616216,05/02/2011,3:30 PM,PROPERTY DAMAGE AND INJURY,1.,0 ,2 ,COLLISION WITH MOTOR VEHICLE,REAR END,TRAFFIC SIGNAL,DAYLIGHT,OTHER,WET
6836 ,33909204,MONROE,Rochester,,,N,43.205695,-77.6297119,06/12/2011,7:30 PM,INJURY,1.,0 ,2 ,COLLISION WITH OTHER PEDESTRIAN,OTHER,NONE,DAYLIGHT,CLEAR,DRY
6836 ,33909436,MONROE,Irondequoit,,,Y,43.247964,-77.608334,01/05/2011,12:00 AM,INJURY,1.,0 ,1 ,COLLISION WITH TREE,OTHER,NONE,DAYLIGHT,SNOW,SNOW/ICE