QUERYID,CASE #,REGN_CNTY_CDE,Municipality,MUNITYPE,REF_MRKR,ATINTERSECTION_IND,Lat,Long,,Time,Crash Type,Injuries,Fatalities,Number of Vehicles,ACCD_TYP,COLLISION_TYP,TRAF_CNTL,Light Condition,Weather Condition,Road Surface Condition
6836 ,33909579,MONROE,Greece,,,Y,43.212421,-77.720802,05/09/2011,3:10 PM,INJURY,1.,0 ,1 ,COLLISION WITH BICYCLIST,OTHER,STOP SIGN,DAYLIGHT,CLEAR,DRY
6836 ,33909586,MONROE,Rochester,,,N,43.1561713,-77.6129278,05/20/2011,8:10 AM,INJURY,1.,0 ,2 ,COLLISION WITH MOTOR VEHICLE,REAR END,TRAFFIC SIGNAL,DAYLIGHT,RAIN,WET
6836 ,33909592,MONROE,Rochester,,,Y,43.173852,-77.6590451,05/18/2011,7:45 AM,PROPERTY DAMAGE AND INJURY,1.,0 ,2 ,COLLISION WITH MOTOR VEHICLE,REAR END,TRAFFIC SIGNAL,DAYLIGHT,RAIN,WET
6836 ,33909727,MONROE,Rochester,,,N,43.1504531,-77.6352967,04/16/2011,9:23 AM,PROPERTY DAMAGE AND INJURY,3.,0 ,2 ,COLLISION WITH MOTOR VEHICLE,RIGHT ANGLE,NONE,DAYLIGHT,RAIN,WET
6836 ,33909744,MONROE,Brighton,,15A43041122,N,43.0999795,-77.614062,04/27/2011,2:06 PM,PROPERTY DAMAGE AND INJURY,2.,0 ,2 ,COLLISION WITH MOTOR VEHICLE,RIGHT ANGLE,STOP SIGN,DAYLIGHT,CLEAR,DRY
6836 ,33910367,MONROE,Greece,,,Y,43.267256,-77.623963,06/08/2011,11:40 PM,PROPERTY DAMAGE AND INJURY,1.,0 ,1 ,OVERTURNED,OTHER,STOP SIGN,DARK-ROAD LIGHTED,CLOUDY,DRY
6836 ,33910625,MONROE,Greece,,390 43011041,N,43.2146315,-77.6745915,06/09/2011,3:58 PM,PROPERTY DAMAGE AND INJURY,1.,0 ,1 ,COLLISION WITH OTHER,OTHER,NONE,DAYLIGHT,CLEAR,DRY
6836 ,33910631,MONROE,Webster,,,N,43.2124696,-77.5304269,06/13/2011,9:10 PM,PROPERTY DAMAGE AND INJURY,1.,0 ,2 ,COLLISION WITH MOTOR VEHICLE,REAR END,HIGHWAY WORK AREA,DARK-ROAD LIGHTED,CLOUDY,DRY
6836 ,33910639,MONROE,Rochester,,390I43032001,N,43.1180072,-77.6369389,06/13/2011,11:37 AM,INJURY,1.,0 ,2 ,COLLISION WITH MOTOR VEHICLE,OVERTAKING,OTHER,DAYLIGHT,CLEAR,DRY
6836 ,33910649,MONROE,Webster,,104 43035223,N,43.2127171,-77.5292293,06/13/2011,9:10 PM,PROPERTY DAMAGE AND INJURY,3.,0 ,3 ,COLLISION WITH MOTOR VEHICLE,OTHER,HIGHWAY WORK AREA,DARK-ROAD LIGHTED,CLOUDY,DRY
6836 ,33910739,MONROE,Webster,,104 43035063,Y,43.198762,-77.499213,06/11/2011,3:23 PM,INJURY,2.,0 ,2 ,COLLISION WITH MOTOR VEHICLE,LEFT TURN (AGAINST OTHER CAR),NONE,DAYLIGHT,CLOUDY,DRY
6836 ,33910740,MONROE,Irondequoit,,,N,43.1773191,-77.544958,06/11/2011,4:56 PM,INJURY,1.,0 ,2 ,COLLISION WITH MOTOR VEHICLE,HEAD ON,NONE,DAYLIGHT,CLOUDY,DRY
6836 ,33910742,MONROE,Brighton,,15A43041127,N,43.108007,-77.615937,06/14/2011,12:50 PM,INJURY,1.,0 ,2 ,COLLISION WITH MOTOR VEHICLE,REAR END,YIELD SIGN,DAYLIGHT,CLOUDY,DRY
6836 ,33910749,MONROE,Irondequoit,,,N,43.196444,-77.5767859,06/13/2011,4:36 PM,PROPERTY DAMAGE AND INJURY,2.,0 ,2 ,COLLISION WITH MOTOR VEHICLE,HEAD ON,TRAFFIC SIGNAL,DAYLIGHT,CLEAR,DRY
6836 ,33910993,MONROE,Rochester,,383 43012027,N,43.152557,-77.611173,06/09/2011,2:45 PM,PROPERTY DAMAGE AND INJURY,2.,0 ,1 ,COLLISION WITH PEDESTRIAN,OTHER,NONE,DAYLIGHT,CLEAR,DRY
6836 ,33911120,MONROE,Rochester,,,N,43.1482504,-77.640702,06/14/2011,5:54 PM,INJURY,1.,0 ,1 ,COLLISION WITH PEDESTRIAN,OTHER,NONE,DAYLIGHT,CLEAR,DRY
6836 ,33911366,MONROE,Pittsford,,,N,43.047655,-77.5771153,06/13/2011,5:48 PM,PROPERTY DAMAGE AND INJURY,1.,0 ,1 ,OVERTURNED,OTHER,NONE,DAYLIGHT,CLOUDY,DRY
6836 ,33912180,MONROE,Rochester,,,N,43.2056936,-77.6307308,06/12/2011,7:30 PM,INJURY,1.,0 ,2 ,COLLISION WITH OTHER PEDESTRIAN,OTHER,NONE,DAYLIGHT,CLEAR,DRY
6836 ,33912261,MONROE,Parma,,947A43021107,N,43.3365046,-77.7906908,06/10/2011,12:45 PM,PROPERTY DAMAGE AND INJURY,6.,0 ,2 ,COLLISION WITH MOTOR VEHICLE,RIGHT ANGLE,YIELD SIGN,DAYLIGHT,CLEAR,DRY
6836 ,33912315,MONROE,Rochester,,,N,43.142312,-77.5570271,06/15/2011,11:27 AM,PROPERTY DAMAGE AND INJURY,1.,0 ,2 ,COLLISION WITH MOTOR VEHICLE,HEAD ON,NONE,DAYLIGHT,CLEAR,DRY
6836 ,33912351,MONROE,Gates,,,Y,43.164707,-77.680705,06/15/2011,10:18 PM,INJURY,1.,0 ,3 ,COLLISION WITH MOTOR VEHICLE,OTHER,TRAFFIC SIGNAL,DARK-ROAD LIGHTED,CLEAR,DRY
6836 ,33912430,MONROE,Rochester,,490I43022027,N,43.1549337,-77.6201324,06/15/2011,4:45 PM,INJURY,1.,0 ,2 ,COLLISION WITH MOTOR VEHICLE,REAR END,NONE,DAYLIGHT,CLEAR,DRY
6836 ,33912474,MONROE,Rochester,,,Y,43.16639,-77.584565,06/14/2011,4:36 PM,INJURY,1.,0 ,1 ,COLLISION WITH PEDESTRIAN,OTHER,STOP SIGN,DAYLIGHT,CLEAR,DRY
6836 ,33912478,MONROE,Brighton,,490I43023010,N,43.1350158,-77.5314685,06/15/2011,5:18 PM,PROPERTY DAMAGE AND INJURY,1.,0 ,2 ,COLLISION WITH MOTOR VEHICLE,REAR END,NONE,DAYLIGHT,CLEAR,DRY
6836 ,33912540,MONROE,Gates,,390 43011026,N,43.1313369,-77.6615429,05/31/2011,1:18 PM,INJURY,1.,0 ,2 ,COLLISION WITH MOTOR VEHICLE,REAR END,NONE,DAYLIGHT,CLEAR,DRY
6836 ,33912554,MONROE,Parma,,,N,43.2440107,-77.8014299,06/13/2011,8:40 PM,INJURY,1.,0 ,1 ,COLL. W/EARTH ELE./ROCK CUT/DITCH,OTHER,NONE,DUSK,CLOUDY,DRY
6836 ,33912556,MONROE,Rochester,,,Y,43.166441,-77.582326,06/10/2011,12:59 PM,INJURY,1.,0 ,1 ,COLLISION WITH BICYCLIST,OTHER,NONE,DAYLIGHT,CLEAR,DRY
6836 ,33912576,MONROE,Fairport,,,Y,43.1039353,-77.4357817,06/12/2011,1:00 PM,PROPERTY DAMAGE AND INJURY,1.,0 ,2 ,COLLISION WITH MOTOR VEHICLE,REAR END,NONE,DAYLIGHT,CLEAR,DRY
6836 ,33912650,MONROE,Brighton,,,N,43.1273166,-77.5385903,06/15/2011,5:54 PM,PROPERTY DAMAGE AND INJURY,3.,0 ,2 ,COLLISION WITH MOTOR VEHICLE,REAR END,OTHER,DAYLIGHT,CLEAR,DRY
6836 ,33912654,MONROE,Rochester,,,N,43.161427,-77.607556,06/12/2011,2:01 PM,PROPERTY DAMAGE AND INJURY,4.,0 ,2 ,COLLISION WITH MOTOR VEHICLE,RIGHT ANGLE,TRAFFIC SIGNAL,DAYLIGHT,CLEAR,DRY
6836 ,33912666,MONROE,Brighton,,,N,43.1119124,-77.6244274,06/16/2011,7:31 AM,PROPERTY DAMAGE AND INJURY,1.,0 ,3 ,COLLISION WITH MOTOR VEHICLE,OTHER,NONE,DAYLIGHT,CLEAR,DRY
6836 ,33912681,MONROE,Riga,,,Y,43.069529,-77.8598171,06/09/2011,6:10 PM,INJURY,1.,0 ,2 ,COLLISION WITH MOTOR VEHICLE,RIGHT ANGLE,STOP SIGN,DAYLIGHT,CLOUDY,DRY
6836 ,33912723,MONROE,Sweden,,31 43031078,N,43.1901677,-77.8853332,06/15/2011,5:14 PM,PROPERTY DAMAGE AND INJURY,2.,0 ,2 ,COLLISION WITH MOTOR VEHICLE,HEAD ON,NONE,DAYLIGHT,CLEAR,DRY
6836 ,33912795,MONROE,Perinton,,31F43011023,N,43.1022174,-77.4769455,06/14/2011,12:34 AM,PROPERTY DAMAGE AND INJURY,4.,0 ,2 ,COLLISION WITH MOTOR VEHICLE,HEAD ON,NONE,DARK-ROAD LIGHTED,RAIN,WET
6836 ,33912834,MONROE,Brighton,,441 43011106,N,43.1268052,-77.5206095,06/16/2011,5:26 PM,INJURY,1.,0 ,2 ,COLLISION WITH MOTOR VEHICLE,REAR END,TRAFFIC SIGNAL,DAYLIGHT,CLOUDY,WET
6836 ,33912846,MONROE,Parma,,,N,43.2395169,-77.8229491,06/13/2011,7:27 PM,INJURY,1.,0 ,1 ,COLL. W/EARTH ELE./ROCK CUT/DITCH,OTHER,NONE,DAYLIGHT,CLEAR,DRY
6836 ,33912882,MONROE,Henrietta,,,N,43.0801471,-77.6299662,05/22/2011,2:26 PM,PROPERTY DAMAGE AND INJURY,2.,0 ,2 ,COLLISION WITH MOTOR VEHICLE,HEAD ON,NONE,DAYLIGHT,CLOUDY,DRY
6836 ,33912995,MONROE,Rush,,390I43031012,N,42.9573164,-77.6964497,06/16/2011,9:00 AM,PROPERTY DAMAGE AND INJURY,1.,0 ,1 ,COLLISION WITH DEER,OTHER,NONE,DAYLIGHT,CLEAR,DRY
6836 ,33913056,MONROE,Rochester,,104 43032040,N,43.19496,-77.5862871,06/09/2011,9:28 PM,PROPERTY DAMAGE AND INJURY,2.,0 ,4 ,COLLISION WITH MOTOR VEHICLE,OTHER,NONE,DARK-ROAD UNLIGHTED,CLEAR,DRY
6836 ,33913160,MONROE,Greece,,,Y,43.223727,-77.665822,06/13/2011,1:54 PM,PROPERTY DAMAGE AND INJURY,1.,0 ,3 ,COLLISION WITH MOTOR VEHICLE,OTHER,TRAFFIC SIGNAL,DAYLIGHT,CLEAR,DRY
6836 ,33913365,MONROE,Irondequoit,,,N,43.196274,-77.60015,06/15/2011,12:17 PM,PROPERTY DAMAGE AND INJURY,1.,0 ,2 ,COLLISION WITH MOTOR VEHICLE,RIGHT ANGLE,NONE,DAYLIGHT,CLEAR,DRY
6836 ,33913366,MONROE,Ogden,,31 43031083,N,43.1887425,-77.8756415,06/15/2011,8:34 AM,PROPERTY DAMAGE AND INJURY,1.,0 ,1 ,OTHER NON-COLLISION,OTHER,NONE,DAYLIGHT,CLEAR,DRY
6836 ,33913367,MONROE,Pittsford,,31 43033053,Y,43.084905,-77.499779,05/28/2011,11:50 AM,PROPERTY DAMAGE AND INJURY,1.,0 ,2 ,COLLISION WITH MOTOR VEHICLE,LEFT TURN (AGAINST OTHER CAR),NONE,DAYLIGHT,CLOUDY,DRY
6836 ,33913368,MONROE,Pittsford,,,N,43.0851044,-77.500036,06/03/2011,11:20 AM,PROPERTY DAMAGE AND INJURY,1.,0 ,1 ,COLLISION WITH BICYCLIST,OTHER,NONE,DAYLIGHT,CLEAR,DRY
6836 ,33913394,MONROE,Henrietta,,,Y,43.080148,-77.629592,06/13/2011,12:34 PM,PROPERTY DAMAGE AND INJURY,2.,0 ,2 ,COLLISION WITH MOTOR VEHICLE,RIGHT ANGLE,TRAFFIC SIGNAL,DAYLIGHT,CLEAR,DRY
6836 ,33913400,MONROE,Pittsford,,,N,43.0910804,-77.5151093,06/08/2011,11:20 AM,PROPERTY DAMAGE AND INJURY,1.,0 ,2 ,COLLISION WITH MOTOR VEHICLE,LEFT TURN (AGAINST OTHER CAR),NONE,DAYLIGHT,CLEAR,DRY
6836 ,33913468,MONROE,Rochester,,15 43032006,Y,43.121583,-77.618928,06/17/2011,7:41 PM,PROPERTY DAMAGE AND INJURY,1.,0 ,3 ,COLLISION WITH MOTOR VEHICLE,OTHER,TRAFFIC SIGNAL,DAYLIGHT,CLEAR,DRY
6836 ,33913469,MONROE,Rochester,,,N,43.1579235,-77.644545,06/16/2011,11:43 PM,PROPERTY DAMAGE AND INJURY,1.,0 ,2 ,COLLISION WITH MOTOR VEHICLE,RIGHT ANGLE,NONE,DARK-ROAD LIGHTED,CLOUDY,DRY
6836 ,33913474,MONROE,Rochester,,940M43011020,Y,43.193346,-77.6291211,06/17/2011,3:43 PM,PROPERTY DAMAGE AND INJURY,3.,0 ,2 ,COLLISION WITH MOTOR VEHICLE,LEFT TURN (WITH OTHER CAR),NONE,DAYLIGHT,CLEAR,DRY
6836 ,33913476,MONROE,Rochester,,,N,43.1654092,-77.544556,06/16/2011,5:57 PM,PROPERTY DAMAGE AND INJURY,1.,0 ,4 ,COLLISION WITH MOTOR VEHICLE,OTHER,NONE,DAYLIGHT,CLOUDY,DRY
6836 ,33913478,MONROE,Rochester,,,Y,43.174915,-77.6132469,06/14/2011,2:25 PM,INJURY,1.,0 ,2 ,COLLISION WITH MOTOR VEHICLE,REAR END,TRAFFIC SIGNAL,DAYLIGHT,CLOUDY,DRY
6836 ,33913482,MONROE,Rochester,,,Y,43.142796,-77.628969,06/17/2011,6:34 PM,PROPERTY DAMAGE AND INJURY,1.,0 ,2 ,COLLISION WITH MOTOR VEHICLE,LEFT TURN (AGAINST OTHER CAR),TRAFFIC SIGNAL,DAYLIGHT,CLEAR,DRY
6836 ,33913484,MONROE,Rochester,,,N,43.152819,-77.611284,06/09/2011,10:12 AM,INJURY,1.,0 ,2 ,COLLISION WITH PEDESTRIAN,OTHER,NONE,DAYLIGHT,CLEAR,DRY
6836 ,33914057,MONROE,Brighton,,250 43011047,Y,43.0923175,-77.679104,06/16/2011,8:00 PM,INJURY,1.,0 ,1 ,COLLISION WITH BICYCLIST,OTHER,TRAFFIC SIGNAL,DAYLIGHT,CLOUDY,DRY
6836 ,33914064,MONROE,Ogden,,31 43031094,Y,43.188229,-77.854165,06/18/2011,12:48 PM,INJURY,1.,0 ,1 ,COLLISION WITH CURBING,OTHER,TRAFFIC SIGNAL,DAYLIGHT,CLEAR,DRY
6836 ,33914065,MONROE,Brighton,,,Y,43.0923175,-77.679104,06/16/2011,1:50 PM,INJURY,1.,0 ,2 ,COLLISION WITH MOTOR VEHICLE,LEFT TURN (AGAINST OTHER CAR),TRAFFIC SIGNAL,DAYLIGHT,CLEAR,DRY
6836 ,33914072,MONROE,Penfield,,,N,43.1425896,-77.4817892,06/10/2011,12:45 AM,PROPERTY DAMAGE AND INJURY,1.,0 ,1 ,COLL. W/LIGHT SUPPORT/UTILITY POLE,OTHER,NO PASSING ZONE,DARK-ROAD UNLIGHTED,CLEAR,DRY
6836 ,33914140,MONROE,Rochester,,,N,43.1496948,-77.5529672,05/20/2011,9:01 AM,INJURY,1.,0 ,1 ,COLLISION WITH BICYCLIST,OTHER,NONE,DAYLIGHT,RAIN,WET
6836 ,33914143,MONROE,Rochester,,,N,43.1757513,-77.5787167,06/18/2011,4:17 PM,PROPERTY DAMAGE AND INJURY,1.,0 ,2 ,COLLISION WITH MOTOR VEHICLE,REAR END,NONE,DAYLIGHT,CLEAR,DRY
6836 ,33914296,MONROE,Rochester,,15 43032020,Y,43.143828,-77.611227,04/20/2011,6:45 AM,PROPERTY DAMAGE AND INJURY,5.,0 ,3 ,COLLISION WITH MOTOR VEHICLE,OTHER,NONE,DAYLIGHT,RAIN,WET
6836 ,33914356,MONROE,Rochester,,96 43052026,Y,43.155041,-77.594424,05/13/2011,4:53 PM,INJURY,2.,0 ,2 ,COLLISION WITH MOTOR VEHICLE,REAR END,NONE,DAYLIGHT,CLEAR,DRY
6836 ,33914365,MONROE,Brighton,,,Y,43.0923175,-77.679104,04/15/2011,3:58 PM,FATAL,0.,1 ,2 ,COLLISION WITH MOTOR VEHICLE,OTHER,NONE,DAYLIGHT,CLOUDY,DRY
6836 ,33914366,MONROE,Rush,,,N,42.9885218,-77.7014291,05/11/2011,7:49 PM,FATAL,4.,1 ,1 ,COLLISION WITH OTHER FIXED OBJECT,OTHER,NONE,DAYLIGHT,CLEAR,DRY
6836 ,33914512,MONROE,Rochester,,,N,43.1494514,-77.5538551,04/26/2011,12:00 AM,PROPERTY DAMAGE AND INJURY,1.,0 ,2 ,COLLISION WITH MOTOR VEHICLE,RIGHT TURN (AGAINST OTHER CAR),UNKNOWN,UNKNOWN,UNKNOWN,UNKNOWN
6836 ,33914952,MONROE,Rochester,,,Y,43.18262,-77.631596,01/22/2011,2:14 PM,INJURY,3.,0 ,4 ,COLLISION WITH MOTOR VEHICLE,OTHER,NONE,DAYLIGHT,CLOUDY,WET
6836 ,33915276,MONROE,Greece,,,Y,43.215678,-77.6591709,03/26/2011,12:00 AM,PROPERTY DAMAGE AND INJURY,1.,0 ,2 ,COLLISION WITH MOTOR VEHICLE,UNKNOWN,TRAFFIC SIGNAL,DAYLIGHT,CLEAR,DRY
6836 ,33915795,MONROE,Irondequoit,,,Y,43.210681,-77.598275,05/19/2011,6:22 PM,PROPERTY DAMAGE AND INJURY,2.,0 ,2 ,COLLISION WITH MOTOR VEHICLE,REAR END,TRAFFIC SIGNAL,DAYLIGHT,RAIN,WET
6836 ,33916016,MONROE,Rochester,,,N,43.141443,-77.6624283,05/23/2011,5:44 PM,INJURY,1.,0 ,2 ,COLLISION WITH MOTOR VEHICLE,REAR END,NONE,DAYLIGHT,CLEAR,DRY
6836 ,33916283,MONROE,Parma,,18 43031094,N,43.2875651,-77.8193789,06/09/2011,10:26 PM,PROPERTY DAMAGE AND INJURY,3.,0 ,2 ,COLLISION WITH MOTOR VEHICLE,REAR END,NONE,DARK-ROAD UNLIGHTED,CLOUDY,DRY
6836 ,33916288,MONROE,Riga,,490I43021060,N,43.0974963,-77.8659692,06/15/2011,6:15 AM,PROPERTY DAMAGE AND INJURY,1.,0 ,1 ,COLL. W/EARTH ELE./ROCK CUT/DITCH,OTHER,NONE,DAYLIGHT,CLEAR,DRY
6836 ,33916292,MONROE,Gates,,31 43031173,N,43.1699244,-77.7033457,06/19/2011,12:26 PM,PROPERTY DAMAGE AND INJURY,1.,0 ,1 ,COLLISION WITH PEDESTRIAN,OTHER,NONE,DAYLIGHT,CLEAR,DRY
6836 ,33916295,MONROE,Henrietta,,252 43011072,N,43.087183,-77.6322582,06/09/2011,6:30 PM,PROPERTY DAMAGE AND INJURY,1.,0 ,2 ,COLLISION WITH MOTOR VEHICLE,REAR END,TRAFFIC SIGNAL,DAYLIGHT,CLEAR,DRY
6836 ,33916492,MONROE,Rochester,,,Y,43.14944,-77.553106,06/17/2011,11:30 PM,PROPERTY DAMAGE AND INJURY,2.,0 ,2 ,COLLISION WITH MOTOR VEHICLE,RIGHT ANGLE,TRAFFIC SIGNAL,DARK-ROAD LIGHTED,CLEAR,OTHER
6836 ,33916549,MONROE,Webster,,,N,43.2241904,-77.5156523,06/19/2011,3:44 PM,PROPERTY DAMAGE AND INJURY,1.,0 ,1 ,OTHER NON-COLLISION,OTHER,NONE,DAYLIGHT,CLEAR,DRY
6836 ,33916580,MONROE,Brighton,,15 43031126,Y,43.111727,-77.623926,06/20/2011,2:51 PM,PROPERTY DAMAGE AND INJURY,4.,0 ,3 ,COLLISION WITH MOTOR VEHICLE,OTHER,TRAFFIC SIGNAL,DAYLIGHT,CLEAR,DRY
6836 ,33916731,MONROE,Irondequoit,,,Y,43.211952,-77.549887,06/13/2011,7:35 PM,PROPERTY DAMAGE AND INJURY,1.,0 ,1 ,COLLISION WITH CURBING,OTHER,NONE,DAYLIGHT,CLEAR,DRY
6836 ,33916749,MONROE,Brockport,,,N,43.2111913,-77.9375165,06/18/2011,2:13 AM,FATAL,0.,1 ,1 ,COLLISION WITH TREE,OTHER,NONE,DARK-ROAD LIGHTED,CLEAR,DRY
6836 ,33916769,MONROE,Brighton,,,N,43.1001644,-77.5798159,06/20/2011,4:45 AM,PROPERTY DAMAGE AND INJURY,1.,0 ,1 ,COLLISION WITH DEER,OTHER,NONE,DARK-ROAD UNLIGHTED,CLOUDY,DRY
6836 ,33916811,MONROE,Perinton,,31F43011021,Y,43.102609,-77.4809221,06/18/2011,7:45 PM,INJURY,1.,0 ,2 ,COLLISION WITH MOTOR VEHICLE,LEFT TURN (AGAINST OTHER CAR),TRAFFIC SIGNAL,DAYLIGHT,CLEAR,DRY
6836 ,33916865,MONROE,Irondequoit,,,N,43.1757391,-77.5495782,06/17/2011,6:33 PM,INJURY,1.,0 ,1 ,COLLISION WITH FENCE,OTHER,NONE,DAYLIGHT,CLEAR,DRY
6836 ,33916958,MONROE,Rochester,,940T43011006,N,43.1606804,-77.6129329,06/19/2011,11:22 PM,PROPERTY DAMAGE AND INJURY,3.,0 ,2 ,COLLISION WITH MOTOR VEHICLE,SIDESWIPE,NONE,DARK-ROAD LIGHTED,CLEAR,DRY
6836 ,33916972,MONROE,Rochester,,,Y,43.146805,-77.573193,06/16/2011,5:27 PM,INJURY,1.,0 ,1 ,COLLISION WITH FIRE HYDRANT,OTHER,TRAFFIC SIGNAL,DAYLIGHT,CLOUDY,WET
6836 ,33917096,MONROE,Rochester,,940T43011007,N,43.1607202,-77.6126991,06/16/2011,5:00 PM,INJURY,1.,0 ,2 ,COLLISION WITH MOTOR VEHICLE,REAR END,NONE,DAYLIGHT,RAIN,WET
6836 ,33917166,MONROE,Henrietta,,,N,43.0948355,-77.6115453,06/20/2011,3:16 PM,INJURY,1.,0 ,2 ,COLLISION WITH MOTOR VEHICLE,REAR END,NONE,DAYLIGHT,CLOUDY,DRY
6836 ,33917301,MONROE,Rochester,,,Y,43.169376,-77.567765,06/16/2011,5:25 AM,PROPERTY DAMAGE AND INJURY,1.,0 ,2 ,COLLISION WITH MOTOR VEHICLE,RIGHT ANGLE,STOP SIGN,DAYLIGHT,CLOUDY,DRY
6836 ,33917346,MONROE,Rochester,,,Y,43.158068,-77.602343,05/14/2011,12:09 AM,INJURY,1.,0 ,2 ,COLLISION WITH MOTOR VEHICLE,OVERTAKING,TRAFFIC SIGNAL,DARK-ROAD LIGHTED,RAIN,WET
6836 ,33917445,MONROE,Rochester,,,Y,43.193835,-77.629001,05/27/2011,4:55 PM,PROPERTY DAMAGE AND INJURY,1.,0 ,4 ,COLLISION WITH MOTOR VEHICLE,OTHER,TRAFFIC SIGNAL,DAYLIGHT,FOG/SMOG/SMOKE,WET
6836 ,33917746,MONROE,Rochester,,,N,43.1736011,-77.6373171,06/06/2011,10:57 AM,PROPERTY DAMAGE AND INJURY,3.,0 ,2 ,COLLISION WITH MOTOR VEHICLE,UNKNOWN,NONE,DAYLIGHT,CLEAR,DRY
6836 ,33917787,MONROE,Rochester,,,Y,43.164628,-77.638865,06/03/2011,10:28 AM,PROPERTY DAMAGE AND INJURY,2.,0 ,3 ,COLLISION WITH MOTOR VEHICLE,OTHER,TRAFFIC SIGNAL,DAYLIGHT,CLEAR,DRY
6836 ,33917884,MONROE,Rochester,,,N,43.175319,-77.5913188,05/16/2011,8:27 PM,INJURY,4.,0 ,8 ,COLLISION WITH MOTOR VEHICLE,OTHER,TRAFFIC SIGNAL,DAYLIGHT,CLEAR,DRY
6836 ,33917887,MONROE,Rochester,,,Y,43.176311,-77.613353,05/08/2011,10:12 AM,INJURY,3.,0 ,3 ,COLLISION WITH MOTOR VEHICLE,OTHER,NONE,DAYLIGHT,CLEAR,DRY
6836 ,33917969,MONROE,Rochester,,,N,43.1640265,-77.6099955,06/21/2011,6:50 PM,INJURY,1.,0 ,1 ,COLLISION WITH PEDESTRIAN,OTHER,NONE,DAYLIGHT,CLEAR,DRY
6836 ,33917999,MONROE,Rochester,,,Y,43.149963,-77.648669,06/20/2011,4:00 PM,PROPERTY DAMAGE AND INJURY,1.,0 ,1 ,COLLISION WITH PEDESTRIAN,OTHER,NONE,DAYLIGHT,CLEAR,DRY
6836 ,33918075,MONROE,Rochester,,,N,43.1623906,-77.636722,06/21/2011,7:17 PM,PROPERTY DAMAGE AND INJURY,1.,0 ,1 ,COLL. W/LIGHT SUPPORT/UTILITY POLE,OTHER,NONE,DAYLIGHT,CLEAR,DRY
6836 ,33918191,MONROE,Rochester,,,Y,43.180932,-77.595442,06/20/2011,1:33 PM,PROPERTY DAMAGE AND INJURY,1.,0 ,2 ,COLLISION WITH MOTOR VEHICLE,REAR END,TRAFFIC SIGNAL,DAYLIGHT,CLEAR,DRY
6836 ,33918262,MONROE,Penfield,,441 43011052,Y,43.130684,-77.4413089,06/11/2011,10:21 PM,PROPERTY DAMAGE AND INJURY,1.,0 ,2 ,COLLISION WITH MOTOR VEHICLE,LEFT TURN (AGAINST OTHER CAR),TRAFFIC SIGNAL,DARK-ROAD LIGHTED,CLEAR,DRY
6836 ,33918336,MONROE,Webster,,,Y,43.209895,-77.451711,06/18/2011,10:42 AM,PROPERTY DAMAGE AND INJURY,1.,0 ,2 ,COLLISION WITH MOTOR VEHICLE,RIGHT ANGLE,NONE,DAYLIGHT,CLEAR,DRY
6836 ,33918347,MONROE,Webster,,,N,43.2040579,-77.484823,06/17/2011,1:08 PM,PROPERTY DAMAGE AND INJURY,1.,0 ,3 ,COLLISION WITH MOTOR VEHICLE,OTHER,NONE,DAYLIGHT,CLEAR,DRY
6836 ,33918395,MONROE,Penfield,,286 43011049,Y,43.160297,-77.449822,06/08/2011,3:27 PM,PROPERTY DAMAGE AND INJURY,1.,0 ,2 ,COLLISION WITH MOTOR VEHICLE,HEAD ON,STOP SIGN,DAYLIGHT,CLEAR,DRY
6836 ,33918414,MONROE,Brighton,,15A43041128,N,43.108007,-77.615937,06/16/2011,1:56 PM,PROPERTY DAMAGE AND INJURY,1.,0 ,2 ,COLLISION WITH MOTOR VEHICLE,RIGHT ANGLE,TRAFFIC SIGNAL,DAYLIGHT,CLEAR,DRY
6836 ,33918422,MONROE,Rochester,,,Y,43.180842,-77.599182,06/19/2011,1:38 PM,INJURY,1.,0 ,1 ,COLLISION WITH BICYCLIST,OTHER,TRAFFIC SIGNAL,DAYLIGHT,CLEAR,DRY
6836 ,33918515,MONROE,Gates,,,Y,43.16454,-77.7200611,06/21/2011,2:40 PM,PROPERTY DAMAGE AND INJURY,4.,0 ,2 ,COLLISION WITH MOTOR VEHICLE,REAR END,NONE,DAYLIGHT,CLEAR,DRY
6836 ,33918547,MONROE,Rochester,,,N,43.2478619,-77.6160416,06/20/2011,3:24 PM,PROPERTY DAMAGE AND INJURY,2.,0 ,2 ,COLLISION WITH MOTOR VEHICLE,REAR END,NONE,DAYLIGHT,CLEAR,DRY
6836 ,33918574,MONROE,Brighton,,286 43011001,N,43.157384,-77.53895,06/21/2011,7:43 AM,PROPERTY DAMAGE AND INJURY,1.,0 ,3 ,COLLISION WITH MOTOR VEHICLE,OTHER,TRAFFIC SIGNAL,DAYLIGHT,CLEAR,DRY
6836 ,33918576,MONROE,Perinton,,31 43033102,N,43.0644877,-77.4098826,06/13/2011,4:04 PM,PROPERTY DAMAGE AND INJURY,1.,0 ,3 ,COLLISION WITH MOTOR VEHICLE,OTHER,NONE,DAYLIGHT,CLOUDY,DRY
6836 ,33918673,MONROE,Brighton,,15A43041128,N,43.108007,-77.615937,06/16/2011,4:45 PM,PROPERTY DAMAGE AND INJURY,2.,0 ,2 ,COLLISION WITH MOTOR VEHICLE,RIGHT ANGLE,TRAFFIC SIGNAL,DAYLIGHT,RAIN,WET
6836 ,33918680,MONROE,Webster,,,N,43.2339352,-77.3874925,06/14/2011,10:10 AM,PROPERTY DAMAGE AND INJURY,2.,0 ,2 ,COLLISION WITH MOTOR VEHICLE,REAR END,NONE,DAYLIGHT,CLOUDY,DRY
6836 ,33918830,MONROE,Rochester,,,N,43.1460256,-77.5576871,06/20/2011,5:24 PM,INJURY,1.,0 ,2 ,COLLISION WITH MOTOR VEHICLE,OVERTAKING,NONE,DAYLIGHT,CLEAR,DRY