QUERYID,CASE #,REGN_CNTY_CDE,Municipality,MUNITYPE,REF_MRKR,ATINTERSECTION_IND,Lat,Long,,Time,Crash Type,Injuries,Fatalities,Number of Vehicles,ACCD_TYP,COLLISION_TYP,TRAF_CNTL,Light Condition,Weather Condition,Road Surface Condition
6836 ,33918950,MONROE,Rochester,,,Y,43.173944,-77.6292,06/22/2011,6:02 PM,INJURY,1.,0 ,1 ,COLLISION WITH PEDESTRIAN,OTHER,NONE,DAYLIGHT,CLEAR,DRY
6836 ,33919018,MONROE,Rochester,,,Y,43.1386345,-77.6144646,06/16/2011,2:25 PM,PROPERTY DAMAGE AND INJURY,11.,0 ,4 ,COLLISION WITH MOTOR VEHICLE,OTHER,NONE,DAYLIGHT,CLOUDY,DRY
6836 ,33919084,MONROE,Rochester,,590I43012003,N,43.1428961,-77.5488873,06/22/2011,2:55 AM,PROPERTY DAMAGE AND INJURY,1.,0 ,1 ,COLLISION WITH OTHER BARRIER,OTHER,NONE,DARK-ROAD UNLIGHTED,RAIN,WET
6836 ,33919151,MONROE,Hamlin,,,N,43.2844609,-77.8919359,06/16/2011,6:15 AM,PROPERTY DAMAGE AND INJURY,1.,0 ,1 ,COLLISION WITH OTHER FIXED OBJECT,OTHER,NONE,DAWN,CLEAR,DRY
6836 ,33919156,MONROE,Rush,,390I43031006,N,42.9481043,-77.6967079,06/12/2011,5:14 PM,PROPERTY DAMAGE AND INJURY,1.,0 ,1 ,COLLISION WITH DEER,OTHER,NONE,DAYLIGHT,CLEAR,DRY
6836 ,33919289,MONROE,Rochester,,,N,43.1318822,-77.6005795,06/21/2011,6:54 PM,PROPERTY DAMAGE AND INJURY,1.,0 ,1 ,OTHER NON-COLLISION,OTHER,NONE,DAYLIGHT,CLEAR,DRY
6836 ,33919330,MONROE,Sweden,,31 43031069,N,43.1979205,-77.8976914,06/16/2011,10:29 PM,PROPERTY DAMAGE AND INJURY,1.,0 ,1 ,COLLISION WITH GUIDE RAIL,OTHER,NONE,DARK-ROAD UNLIGHTED,CLEAR,DRY
6836 ,33920130,MONROE,Greece,,,N,43.2050526,-77.6661375,04/14/2011,11:26 PM,INJURY,1.,0 ,1 ,COLLISION WITH PEDESTRIAN,OTHER,NONE,DARK-ROAD LIGHTED,CLOUDY,DRY
6836 ,33920256,MONROE,Perinton,,,Y,43.114848,-77.461686,04/30/2011,1:21 PM,PROPERTY DAMAGE AND INJURY,2.,0 ,2 ,COLLISION WITH MOTOR VEHICLE,REAR END,NONE,DAYLIGHT,CLEAR,DRY
6836 ,33920466,MONROE,Rochester,,,Y,43.177792,-77.631154,05/31/2011,9:08 PM,INJURY,2.,0 ,2 ,COLLISION WITH MOTOR VEHICLE,RIGHT ANGLE,STOP SIGN,DARK-ROAD LIGHTED,CLEAR,DRY
6836 ,33921298,MONROE,Rochester,,,Y,43.154475,-77.612006,05/28/2011,9:28 AM,PROPERTY DAMAGE AND INJURY,2.,0 ,2 ,COLLISION WITH MOTOR VEHICLE,RIGHT ANGLE,TRAFFIC SIGNAL,DAYLIGHT,CLOUDY,DRY
6836 ,33921299,MONROE,Rochester,,,Y,43.151935,-77.628952,05/28/2011,10:38 AM,INJURY,1.,0 ,1 ,COLLISION WITH BICYCLIST,OTHER,TRAFFIC SIGNAL,DAYLIGHT,CLEAR,DRY
6836 ,33921726,MONROE,Rochester,,,Y,43.143804,-77.636035,05/02/2011,7:50 AM,INJURY,1.,0 ,3 ,COLLISION WITH MOTOR VEHICLE,OTHER,TRAFFIC SIGNAL,DAYLIGHT,RAIN,DRY
6836 ,33922056,MONROE,Greece,,,N,43.2367452,-77.6468611,06/08/2011,5:46 AM,PROPERTY DAMAGE AND INJURY,1.,0 ,2 ,COLLISION WITH MOTOR VEHICLE,RIGHT ANGLE,NONE,DAYLIGHT,CLOUDY,DRY
6836 ,33922086,MONROE,Rochester,,,Y,43.162841,-77.575291,06/22/2011,1:32 PM,PROPERTY DAMAGE AND INJURY,1.,0 ,1 ,COLLISION WITH TREE,OTHER,NONE,DAYLIGHT,RAIN,WET
6836 ,33922088,MONROE,Rochester,,,Y,43.164658,-77.659556,06/22/2011,3:10 PM,PROPERTY DAMAGE AND INJURY,2.,0 ,2 ,COLLISION WITH MOTOR VEHICLE,RIGHT TURN (WITH OTHER CAR),TRAFFIC SIGNAL,DAYLIGHT,CLOUDY,DRY
6836 ,33922095,MONROE,Rochester,,,Y,43.151682,-77.5811771,06/22/2011,9:56 AM,PROPERTY DAMAGE AND INJURY,1.,0 ,2 ,COLLISION WITH MOTOR VEHICLE,REAR END,NONE,DAYLIGHT,RAIN,WET
6836 ,33922096,MONROE,Rochester,,,Y,43.2349,-77.554376,06/23/2011,8:40 PM,INJURY,1.,0 ,2 ,COLLISION WITH MOTOR VEHICLE,REAR END,NONE,DUSK,CLEAR,DRY
6836 ,33922405,MONROE,Penfield,,,N,43.1496689,-77.4754094,06/20/2011,1:45 PM,INJURY,1.,0 ,2 ,COLLISION WITH OTHER PEDESTRIAN,OTHER,NONE,DAYLIGHT,CLOUDY,DRY
6836 ,33922408,MONROE,Henrietta,,,Y,43.049183,-77.657138,06/15/2011,3:10 PM,PROPERTY DAMAGE AND INJURY,1.,0 ,1 ,COLLISION WITH TREE,OTHER,NONE,DAYLIGHT,CLEAR,DRY
6836 ,33922416,MONROE,Henrietta,,252 43011100,N,43.087243,-77.5768848,06/20/2011,4:38 PM,PROPERTY DAMAGE AND INJURY,2.,0 ,2 ,COLLISION WITH MOTOR VEHICLE,REAR END,NONE,DAYLIGHT,CLEAR,DRY
6836 ,33922421,MONROE,Henrietta,,,N,43.0505859,-77.6474615,06/20/2011,4:02 PM,INJURY,1.,0 ,1 ,COLLISION WITH GUIDE RAIL,OTHER,NONE,DAYLIGHT,CLEAR,DRY
6836 ,33922430,MONROE,Riga,,33A43021029,N,43.0693649,-77.8793169,06/17/2011,2:23 AM,PROPERTY DAMAGE AND INJURY,1.,0 ,1 ,COLLISION WITH SIGN POST,OTHER,STOP SIGN,DARK-ROAD LIGHTED,CLOUDY,DRY
6836 ,33922431,MONROE,Brighton,,590 43011008,N,43.1530322,-77.5379237,06/19/2011,1:45 PM,PROPERTY DAMAGE AND INJURY,1.,0 ,2 ,COLLISION WITH MOTOR VEHICLE,REAR END,NONE,DAYLIGHT,CLOUDY,DRY
6836 ,33922446,MONROE,Henrietta,,252 43011058,Y,43.0928054,-77.6588779,06/23/2011,2:59 PM,PROPERTY DAMAGE AND INJURY,1.,0 ,2 ,COLLISION WITH MOTOR VEHICLE,LEFT TURN (WITH OTHER CAR),NONE,DAYLIGHT,CLEAR,DRY
6836 ,33922447,MONROE,Brighton,,31 43033011,N,43.1235823,-77.5614086,06/23/2011,1:30 PM,PROPERTY DAMAGE AND INJURY,1.,0 ,2 ,COLLISION WITH MOTOR VEHICLE,LEFT TURN (AGAINST OTHER CAR),NONE,DAYLIGHT,CLEAR,DRY
6836 ,33922449,MONROE,Gates,,,N,43.1715286,-77.6826406,06/24/2011,12:56 AM,PROPERTY DAMAGE AND INJURY,2.,0 ,2 ,COLLISION WITH MOTOR VEHICLE,HEAD ON,NONE,DARK-ROAD UNLIGHTED,CLEAR,DRY
6836 ,33922450,MONROE,Brighton,,31 43033007,Y,43.127097,-77.565327,06/23/2011,5:10 PM,PROPERTY DAMAGE AND INJURY,1.,0 ,2 ,COLLISION WITH MOTOR VEHICLE,RIGHT ANGLE,TRAFFIC SIGNAL,DAYLIGHT,CLOUDY,DRY
6836 ,33922704,MONROE,Rochester,,,N,43.1503901,-77.6355615,06/24/2011,5:50 PM,INJURY,1.,0 ,1 ,COLLISION WITH BICYCLIST,OTHER,NONE,DAYLIGHT,CLOUDY,DRY
6836 ,33922709,MONROE,Rochester,,,Y,43.154061,-77.6150771,06/23/2011,1:46 PM,PROPERTY DAMAGE AND INJURY,2.,0 ,2 ,COLLISION WITH MOTOR VEHICLE,RIGHT ANGLE,TRAFFIC SIGNAL,DAYLIGHT,CLEAR,DRY
6836 ,33922717,MONROE,Rochester,,,N,43.1758529,-77.5745484,06/23/2011,8:01 PM,INJURY,1.,0 ,2 ,COLLISION WITH MOTOR VEHICLE,REAR END,NONE,DAYLIGHT,CLOUDY,DRY
6836 ,33922905,MONROE,Irondequoit,,104 43035218,N,43.2105894,-77.5390009,06/24/2011,7:00 AM,PROPERTY DAMAGE AND INJURY,1.,0 ,1 ,COLLISION WITH MEDIAN/BARRIER,OTHER,NONE,DAYLIGHT,CLEAR,DRY
6836 ,33923024,MONROE,Penfield,,104 43035053,N,43.1843636,-77.5068272,06/22/2011,1:44 PM,PROPERTY DAMAGE AND INJURY,2.,0 ,2 ,COLLISION WITH MOTOR VEHICLE,RIGHT ANGLE,NONE,DAYLIGHT,RAIN,WET
6836 ,33923033,MONROE,Webster,,,N,43.214098,-77.461243,06/20/2011,9:51 AM,PROPERTY DAMAGE AND INJURY,1.,0 ,2 ,COLLISION WITH MOTOR VEHICLE,REAR END,TRAFFIC SIGNAL,DAYLIGHT,CLEAR,DRY
6836 ,33923037,MONROE,Henrietta,,252 43011067,N,43.0891642,-77.6410054,06/23/2011,7:03 PM,PROPERTY DAMAGE AND INJURY,1.,0 ,2 ,COLLISION WITH MOTOR VEHICLE,REAR END,NONE,DAYLIGHT,RAIN,WET
6836 ,33923038,MONROE,Pittsford,,,N,43.0823495,-77.5092985,06/17/2011,6:06 PM,PROPERTY DAMAGE AND INJURY,1.,0 ,1 ,COLLISION WITH FENCE,OTHER,NONE,DAYLIGHT,CLEAR,DRY
6836 ,33923039,MONROE,Webster,,,N,43.2157312,-77.4298451,06/20/2011,11:25 AM,PROPERTY DAMAGE AND INJURY,1.,0 ,1 ,COLLISION WITH FENCE,OTHER,NONE,DAYLIGHT,CLEAR,DRY
6836 ,33923041,MONROE,Penfield,,,N,43.1498774,-77.4546875,06/21/2011,5:15 PM,INJURY,1.,0 ,1 ,COLLISION WITH PEDESTRIAN,OTHER,NONE,DAYLIGHT,CLEAR,DRY
6836 ,33923043,MONROE,Gates,,390 43011001,N,43.1577233,-77.6821908,06/13/2011,5:53 PM,PROPERTY DAMAGE AND INJURY,2.,0 ,2 ,COLLISION WITH MOTOR VEHICLE,REAR END,NONE,DAYLIGHT,CLOUDY,DRY
6836 ,33923048,MONROE,Pittsford,,31 43033058,Y,43.0799736,-77.4913796,06/16/2011,5:21 PM,PROPERTY DAMAGE AND INJURY,3.,0 ,4 ,COLLISION WITH MOTOR VEHICLE,OTHER,NONE,DAYLIGHT,RAIN,WET
6836 ,33923051,MONROE,Brighton,,490I43023009,N,43.1357895,-77.5326222,06/22/2011,5:42 PM,PROPERTY DAMAGE AND INJURY,1.,0 ,3 ,COLLISION WITH MOTOR VEHICLE,OTHER,NONE,DAYLIGHT,CLOUDY,DRY
6836 ,33923053,MONROE,Henrietta,,,N,43.0872601,-77.6073776,06/16/2011,7:50 PM,INJURY,1.,0 ,2 ,COLLISION WITH MOTOR VEHICLE,OVERTAKING,NONE,DAYLIGHT,CLOUDY,DRY
6836 ,33923056,MONROE,Chili,,33A43021088,N,43.0866385,-77.8139387,06/23/2011,9:29 PM,PROPERTY DAMAGE AND INJURY,2.,0 ,1 ,COLLISION WITH TREE,OTHER,NONE,DARK-ROAD UNLIGHTED,CLEAR,DRY
6836 ,33923058,MONROE,Henrietta,,252 43011105,N,43.0873344,-77.5670605,06/23/2011,5:50 PM,PROPERTY DAMAGE AND INJURY,1.,0 ,2 ,COLLISION WITH MOTOR VEHICLE,REAR END,NONE,DAYLIGHT,RAIN,WET
6836 ,33923067,MONROE,Perinton,,250 43011012,N,43.0530492,-77.4428829,06/17/2011,10:10 PM,INJURY,1.,0 ,1 ,OVERTURNED,OTHER,NONE,DARK-ROAD UNLIGHTED,CLOUDY,WET
6836 ,33923078,MONROE,Pittsford,,65 43031111,N,43.0883341,-77.5430058,06/20/2011,4:28 PM,PROPERTY DAMAGE AND INJURY,2.,0 ,4 ,COLLISION WITH MOTOR VEHICLE,OTHER,NONE,DAYLIGHT,CLEAR,DRY
6836 ,33923079,MONROE,Henrietta,,,N,43.049108,-77.647975,06/23/2011,6:40 PM,INJURY,1.,0 ,1 ,COLLISION WITH GUIDE RAIL,OTHER,NONE,DAYLIGHT,RAIN,WET
6836 ,33923087,MONROE,Parma,,,Y,43.204299,-77.796852,06/23/2011,7:16 PM,PROPERTY DAMAGE AND INJURY,1.,0 ,3 ,COLLISION WITH MOTOR VEHICLE,OTHER,NONE,DAYLIGHT,CLOUDY,WET
6836 ,33923298,MONROE,Rochester,,33 43032023,Y,43.151935,-77.628952,06/24/2011,12:25 PM,INJURY,1.,0 ,2 ,COLLISION WITH MOTOR VEHICLE,REAR END,TRAFFIC SIGNAL,DAYLIGHT,RAIN,WET
6836 ,33923519,MONROE,Penfield,,404 43035060,N,43.1958783,-77.5007308,06/24/2011,2:09 PM,INJURY,2.,0 ,1 ,COLLISION WITH BICYCLIST,OTHER,NONE,DAYLIGHT,CLOUDY,WET
6836 ,33923520,MONROE,Penfield,,,Y,43.182414,-77.4958309,06/20/2011,6:55 AM,INJURY,1.,0 ,1 ,COLLISION WITH BICYCLIST,OTHER,NONE,DAYLIGHT,CLOUDY,DRY
6836 ,33923528,MONROE,Penfield,,,N,43.1897204,-77.5038651,06/11/2011,9:39 AM,PROPERTY DAMAGE AND INJURY,1.,0 ,2 ,COLLISION WITH MOTOR VEHICLE,RIGHT ANGLE,STOP SIGN,DAYLIGHT,CLOUDY,DRY
6836 ,33923536,MONROE,Pittsford,,31 43033026,N,43.1072148,-77.5428792,06/10/2011,12:16 PM,PROPERTY DAMAGE AND INJURY,4.,0 ,4 ,COLLISION WITH MOTOR VEHICLE,OTHER,NONE,DAYLIGHT,CLEAR,DRY
6836 ,33923543,MONROE,Penfield,,286 43011053,Y,43.160297,-77.449822,06/21/2011,7:50 AM,INJURY,1.,0 ,1 ,OTHER NON-COLLISION,OTHER,STOP SIGN,DAYLIGHT,CLEAR,DRY
6836 ,33923545,MONROE,Pittsford,,,Y,43.088119,-77.507464,06/16/2011,12:20 PM,PROPERTY DAMAGE AND INJURY,4.,0 ,3 ,COLLISION WITH MOTOR VEHICLE,OTHER,NONE,DAYLIGHT,CLEAR,DRY
6836 ,33923549,MONROE,Henrietta,,253 43011065,N,43.058833,-77.641785,06/24/2011,4:50 PM,PROPERTY DAMAGE AND INJURY,2.,0 ,2 ,COLLISION WITH MOTOR VEHICLE,RIGHT ANGLE,TRAFFIC SIGNAL,DAYLIGHT,CLOUDY,DRY
6836 ,33923550,MONROE,Penfield,,250 43011084,Y,43.152875,-77.433705,06/17/2011,8:10 AM,INJURY,1.,0 ,1 ,COLLISION WITH BICYCLIST,OTHER,STOP SIGN,DAYLIGHT,CLEAR,DRY
6836 ,33923551,MONROE,Henrietta,,253 43011065,N,43.058833,-77.641785,06/24/2011,2:50 PM,PROPERTY DAMAGE AND INJURY,2.,0 ,2 ,COLLISION WITH MOTOR VEHICLE,RIGHT ANGLE,TRAFFIC SIGNAL,DAYLIGHT,RAIN,WET
6836 ,33923562,MONROE,Irondequoit,,,N,43.1771811,-77.5329525,06/23/2011,3:26 AM,PROPERTY DAMAGE AND INJURY,2.,0 ,1 ,COLLISION WITH CURBING,OTHER,NONE,DARK-ROAD LIGHTED,CLEAR,DRY
6836 ,33923564,MONROE,Rochester,,,N,43.1895303,-77.5610863,06/24/2011,5:25 PM,INJURY,1.,0 ,2 ,COLLISION WITH MOTOR VEHICLE,RIGHT ANGLE,NONE,DAYLIGHT,CLEAR,DRY
6836 ,33923570,MONROE,Penfield,,250 43011067,Y,43.130684,-77.4413089,06/15/2011,11:15 AM,PROPERTY DAMAGE AND INJURY,1.,0 ,2 ,COLLISION WITH MOTOR VEHICLE,REAR END,TRAFFIC SIGNAL,DAYLIGHT,CLEAR,DRY
6836 ,33923574,MONROE,Pittsford,,64 43021096,N,43.0765383,-77.5223412,06/13/2011,9:05 AM,INJURY,1.,0 ,2 ,COLLISION WITH MOTOR VEHICLE,REAR END,TRAFFIC SIGNAL,DAYLIGHT,CLEAR,DRY
6836 ,33923743,MONROE,Greece,,,N,43.212034,-77.7012738,06/24/2011,7:56 AM,INJURY,1.,0 ,2 ,COLLISION WITH OTHER PEDESTRIAN,OTHER,NONE,DAYLIGHT,CLOUDY,DRY
6836 ,33923746,MONROE,Greece,,,N,43.2383522,-77.655157,06/25/2011,11:15 AM,PROPERTY DAMAGE AND INJURY,1.,0 ,2 ,COLLISION WITH MOTOR VEHICLE,REAR END,NONE,DAYLIGHT,CLOUDY,DRY
6836 ,33923747,MONROE,Greece,,18 43031191,N,43.25292,-77.6746129,06/21/2011,10:55 AM,PROPERTY DAMAGE AND INJURY,2.,0 ,3 ,COLLISION WITH MOTOR VEHICLE,OTHER,NONE,DAYLIGHT,CLEAR,DRY
6836 ,33923794,MONROE,Rochester,,,Y,43.187996,-77.565739,06/24/2011,6:05 PM,PROPERTY DAMAGE AND INJURY,1.,0 ,2 ,COLLISION WITH MOTOR VEHICLE,RIGHT ANGLE,STOP SIGN,DAYLIGHT,CLEAR,DRY
6836 ,33923795,MONROE,Rochester,,31 43032008,Y,43.164661,-77.66063,06/26/2011,3:33 PM,PROPERTY DAMAGE AND INJURY,2.,0 ,2 ,COLLISION WITH MOTOR VEHICLE,LEFT TURN (WITH OTHER CAR),NONE,DAYLIGHT,CLOUDY,DRY
6836 ,33923927,MONROE,Brighton,,,N,43.13763,-77.53607,06/26/2011,12:14 PM,PROPERTY DAMAGE AND INJURY,1.,0 ,2 ,COLLISION WITH MOTOR VEHICLE,RIGHT ANGLE,TRAFFIC SIGNAL,DAYLIGHT,CLOUDY,DRY
6836 ,33923928,MONROE,Rochester,,490I43022032,N,43.151877,-77.6141082,06/25/2011,2:31 PM,PROPERTY DAMAGE AND INJURY,1.,0 ,1 ,COLLISION WITH OTHER BARRIER,OTHER,NONE,DAYLIGHT,CLOUDY,DRY
6836 ,33923932,MONROE,Scottsville,,,Y,43.028223,-77.743186,06/25/2011,12:56 PM,PROPERTY DAMAGE AND INJURY,1.,0 ,2 ,COLLISION WITH MOTOR VEHICLE,REAR END,NONE,DAYLIGHT,CLOUDY,DRY
6836 ,33923933,MONROE,Henrietta,,15A43041098,Y,43.065484,-77.609243,06/25/2011,9:20 AM,PROPERTY DAMAGE AND INJURY,2.,0 ,2 ,COLLISION WITH MOTOR VEHICLE,LEFT TURN (AGAINST OTHER CAR),STOP SIGN,DAYLIGHT,CLOUDY,WET
6836 ,33923936,MONROE,Gates,,,N,43.16755,-77.7298589,06/26/2011,12:23 AM,INJURY,1.,0 ,2 ,COLLISION WITH MOTOR VEHICLE,REAR END,NONE,DARK-ROAD UNLIGHTED,CLEAR,DRY
6836 ,33923938,MONROE,Wheatland,,383 43011078,N,43.0127318,-77.7897226,06/25/2011,2:00 AM,PROPERTY DAMAGE AND INJURY,1.,0 ,1 ,COLLISION WITH TREE,OTHER,NONE,DARK-ROAD UNLIGHTED,CLOUDY,WET
6836 ,33923954,MONROE,Rochester,,,N,43.1434409,-77.5490154,06/23/2011,6:45 PM,PROPERTY DAMAGE AND INJURY,1.,0 ,1 ,COLLISION WITH OTHER BARRIER,OTHER,NONE,DAYLIGHT,CLEAR,DRY
6836 ,33923958,MONROE,Rochester,,490I43022051,N,43.1424135,-77.5831857,06/23/2011,4:41 PM,PROPERTY DAMAGE AND INJURY,1.,0 ,3 ,COLLISION WITH MOTOR VEHICLE,OTHER,NONE,DAYLIGHT,CLOUDY,WET
6836 ,33923962,MONROE,Rochester,,,N,43.1477788,-77.6018972,06/20/2011,2:06 PM,PROPERTY DAMAGE AND INJURY,1.,0 ,2 ,COLL. W/LIGHT SUPPORT/UTILITY POLE,OTHER,NONE,DAYLIGHT,CLEAR,DRY
6836 ,33924160,MONROE,Rochester,,,Y,43.121466,-77.6249491,06/20/2011,3:40 PM,PROPERTY DAMAGE AND INJURY,2.,0 ,2 ,COLLISION WITH MOTOR VEHICLE,REAR END,NONE,DAYLIGHT,CLEAR,DRY
6836 ,33924165,MONROE,Rush,,,Y,42.974375,-77.7005991,06/27/2011,7:45 AM,PROPERTY DAMAGE AND INJURY,2.,0 ,2 ,COLLISION WITH MOTOR VEHICLE,REAR END,STOP SIGN,DAYLIGHT,CLEAR,DRY
6836 ,33924225,MONROE,Rochester,,,Y,43.173102,-77.592857,06/23/2011,5:46 PM,INJURY,1.,0 ,1 ,COLLISION WITH BICYCLIST,OTHER,STOP SIGN,DAYLIGHT,CLOUDY,DRY
6836 ,33924228,MONROE,Greece,,,Y,43.2384,-77.684746,06/25/2011,3:38 PM,PROPERTY DAMAGE AND INJURY,1.,0 ,2 ,COLLISION WITH MOTOR VEHICLE,REAR END,NONE,DAYLIGHT,CLOUDY,DRY
6836 ,33924361,MONROE,Webster,,,Y,43.208702,-77.4609868,06/24/2011,2:15 PM,PROPERTY DAMAGE AND INJURY,1.,0 ,2 ,COLLISION WITH MOTOR VEHICLE,REAR END,TRAFFIC SIGNAL,DAYLIGHT,CLOUDY,DRY
6836 ,33924408,MONROE,Greece,,,N,43.2065976,-77.6760188,06/26/2011,2:08 PM,INJURY,1.,0 ,2 ,COLLISION WITH MOTOR VEHICLE,REAR END,NONE,DAYLIGHT,CLEAR,DRY
6836 ,33924436,MONROE,Greece,,104 43031166,N,43.2073056,-77.6795403,06/25/2011,3:00 AM,PROPERTY DAMAGE AND INJURY,2.,0 ,4 ,COLLISION WITH MOTOR VEHICLE,OTHER,NONE,DAYLIGHT,CLOUDY,DRY
6836 ,33924471,MONROE,Brighton,,31 43033009,Y,43.126453,-77.564608,06/27/2011,8:05 AM,INJURY,2.,0 ,2 ,COLLISION WITH MOTOR VEHICLE,REAR END,TRAFFIC SIGNAL,DAYLIGHT,CLEAR,DRY
6836 ,33924478,MONROE,Webster,,,Y,43.204635,-77.496202,06/22/2011,6:52 PM,PROPERTY DAMAGE AND INJURY,1.,0 ,2 ,COLLISION WITH MOTOR VEHICLE,LEFT TURN (WITH OTHER CAR),TRAFFIC SIGNAL,DAYLIGHT,CLOUDY,DRY
6836 ,33924583,MONROE,Webster,,,N,43.2423034,-77.446784,06/26/2011,2:24 PM,INJURY,1.,0 ,2 ,COLLISION WITH MOTOR VEHICLE,REAR END,NONE,DAYLIGHT,CLEAR,DRY
6836 ,33924712,MONROE,Rochester,,,N,43.1569141,-77.5536228,06/21/2011,3:35 PM,PROPERTY DAMAGE AND INJURY,2.,0 ,2 ,COLLISION WITH MOTOR VEHICLE,HEAD ON,NONE,DAYLIGHT,CLEAR,DRY
6836 ,33924715,MONROE,Sweden,,19 43041025,N,43.169261,-77.9424895,06/25/2011,12:36 PM,PROPERTY DAMAGE AND INJURY,3.,0 ,2 ,COLLISION WITH MOTOR VEHICLE,HEAD ON,NONE,DAYLIGHT,CLOUDY,DRY
6836 ,33925050,MONROE,Rochester,,,Y,43.1646355,-77.625086,05/23/2011,12:25 PM,INJURY,1.,0 ,2 ,COLLISION WITH MOTOR VEHICLE,RIGHT ANGLE,NONE,DAYLIGHT,CLOUDY,DRY
6836 ,33925053,MONROE,Rochester,,,Y,43.155131,-77.605517,05/23/2011,6:55 AM,INJURY,1.,0 ,2 ,COLLISION WITH MOTOR VEHICLE,RIGHT ANGLE,TRAFFIC SIGNAL,DAYLIGHT,CLEAR,DRY
6836 ,33925055,MONROE,Rochester,,18 43032012,Y,43.200455,-77.638723,05/25/2011,7:11 AM,PROPERTY DAMAGE AND INJURY,3.,0 ,2 ,COLLISION WITH MOTOR VEHICLE,RIGHT ANGLE,TRAFFIC SIGNAL,DAYLIGHT,CLOUDY,DRY
6836 ,33925057,MONROE,Greece,,,N,43.2034714,-77.6972292,05/22/2011,3:30 PM,PROPERTY DAMAGE AND INJURY,1.,0 ,2 ,COLLISION WITH MOTOR VEHICLE,LEFT TURN (AGAINST OTHER CAR),TRAFFIC SIGNAL,DAYLIGHT,CLOUDY,DRY
6836 ,33926775,MONROE,Greece,,18 43031198,N,43.252872,-77.6604409,06/22/2011,5:49 PM,PROPERTY DAMAGE AND INJURY,1.,0 ,3 ,COLLISION WITH MOTOR VEHICLE,OTHER,NONE,DAYLIGHT,CLOUDY,DRY
6836 ,33927097,MONROE,Rochester,,104 43032018,N,43.1946827,-77.6285755,06/26/2011,7:15 PM,INJURY,1.,0 ,2 ,COLLISION WITH MOTOR VEHICLE,REAR END,NONE,DAYLIGHT,CLEAR,DRY
6836 ,33927263,MONROE,Henrietta,,,N,43.0407993,-77.6235713,06/21/2011,4:25 PM,PROPERTY DAMAGE AND INJURY,1.,0 ,2 ,COLLISION WITH MOTOR VEHICLE,REAR END,NONE,DAYLIGHT,CLEAR,DRY
6836 ,33927278,MONROE,Irondequoit,,,Y,43.190778,-77.584314,06/22/2011,11:01 AM,PROPERTY DAMAGE AND INJURY,2.,0 ,2 ,COLLISION WITH MOTOR VEHICLE,RIGHT ANGLE,STOP SIGN,DAYLIGHT,RAIN,WET
6836 ,33927288,MONROE,Gates,,940L43011000,Y,43.130747,-77.689753,06/28/2011,6:15 PM,PROPERTY DAMAGE AND INJURY,1.,0 ,2 ,COLLISION WITH MOTOR VEHICLE,LEFT TURN (AGAINST OTHER CAR),TRAFFIC SIGNAL,DAYLIGHT,CLEAR,DRY
6836 ,33928020,MONROE,Perinton,,,Y,43.036843,-77.450578,06/22/2011,2:52 PM,PROPERTY DAMAGE AND INJURY,2.,0 ,2 ,COLLISION WITH MOTOR VEHICLE,HEAD ON,TRAFFIC SIGNAL,DAYLIGHT,CLEAR,DRY
6836 ,33928021,MONROE,Brighton,,,N,43.1261436,-77.5742602,06/29/2011,2:27 PM,INJURY,1.,0 ,2 ,COLLISION WITH MOTOR VEHICLE,REAR END,NONE,DAYLIGHT,CLOUDY,DRY
6836 ,33928023,MONROE,Pittsford,,31 43033033,N,43.0995371,-77.5338853,06/26/2011,2:33 PM,PROPERTY DAMAGE AND INJURY,1.,0 ,2 ,COLLISION WITH MOTOR VEHICLE,RIGHT ANGLE,TRAFFIC SIGNAL,DAYLIGHT,CLOUDY,DRY
6836 ,33928026,MONROE,Sweden,,31 43031058,N,43.1982349,-77.92109,06/28/2011,5:31 PM,PROPERTY DAMAGE AND INJURY,1.,0 ,3 ,COLLISION WITH MOTOR VEHICLE,OTHER,NONE,DAYLIGHT,CLEAR,DRY
6836 ,33928031,MONROE,Sweden,,31 43031069,Y,43.197993,-77.8994651,06/29/2011,4:24 PM,INJURY,2.,0 ,2 ,COLLISION WITH MOTOR VEHICLE,LEFT TURN (WITH OTHER CAR),TRAFFIC SIGNAL,DAYLIGHT,CLOUDY,DRY
6836 ,33928032,MONROE,Gates,,,N,43.1387427,-77.6955853,06/30/2011,3:50 AM,PROPERTY DAMAGE AND INJURY,1.,0 ,1 ,COLLISION WITH BUILDING/WALL,OTHER,NONE,DARK-ROAD LIGHTED,CLEAR,DRY
6836 ,33928070,MONROE,Rochester,,,Y,43.174915,-77.6132469,06/24/2011,9:19 PM,PROPERTY DAMAGE AND INJURY,1.,0 ,2 ,COLLISION WITH MOTOR VEHICLE,RIGHT ANGLE,TRAFFIC SIGNAL,DARK-ROAD LIGHTED,CLOUDY,DRY
6836 ,33928072,MONROE,Rochester,,,Y,43.160988,-77.575025,06/28/2011,11:05 AM,PROPERTY DAMAGE AND INJURY,1.,0 ,2 ,COLLISION WITH MOTOR VEHICLE,RIGHT ANGLE,TRAFFIC SIGNAL,DAYLIGHT,CLEAR,DRY
6836 ,33928073,MONROE,Rochester,,,Y,43.181007,-77.6136549,06/24/2011,1:31 PM,INJURY,1.,0 ,2 ,COLLISION WITH MOTOR VEHICLE,REAR END,NONE,DAYLIGHT,RAIN,WET
6836 ,33928080,MONROE,Rochester,,,Y,43.173852,-77.6590451,06/22/2011,9:39 AM,PROPERTY DAMAGE AND INJURY,6.,0 ,2 ,COLLISION WITH MOTOR VEHICLE,RIGHT ANGLE,TRAFFIC SIGNAL,DAYLIGHT,RAIN,WET