QUERYID,CASE #,REGN_CNTY_CDE,Municipality,MUNITYPE,REF_MRKR,ATINTERSECTION_IND,Lat,Long,,Time,Crash Type,Injuries,Fatalities,Number of Vehicles,ACCD_TYP,COLLISION_TYP,TRAF_CNTL,Light Condition,Weather Condition,Road Surface Condition
6836 ,33928090,MONROE,Rochester,,,N,43.140368,-77.6480057,06/11/2011,10:10 PM,PROPERTY DAMAGE AND INJURY,1.,0 ,2 ,COLLISION WITH MOTOR VEHICLE,SIDESWIPE,NONE,DARK-ROAD LIGHTED,CLEAR,DRY
6836 ,33928093,MONROE,Rochester,,,Y,43.194667,-77.592288,06/28/2011,6:06 PM,INJURY,1.,0 ,1 ,COLLISION WITH BICYCLIST,OTHER,STOP SIGN,DAYLIGHT,CLEAR,DRY
6836 ,33928095,MONROE,Rochester,,,N,43.1651116,-77.6327679,06/15/2011,2:41 PM,PROPERTY DAMAGE AND INJURY,3.,0 ,2 ,COLLISION WITH MOTOR VEHICLE,OVERTAKING,NONE,DAYLIGHT,CLEAR,DRY
6836 ,33928582,MONROE,Pittsford,,,Y,43.068773,-77.5491489,05/03/2011,5:15 PM,PROPERTY DAMAGE AND INJURY,2.,0 ,2 ,COLLISION WITH MOTOR VEHICLE,REAR END,TRAFFIC SIGNAL,DAYLIGHT,CLEAR,DRY
6836 ,33928611,MONROE,Brighton,,441 43011102,N,43.126271,-77.5200055,06/30/2011,5:09 PM,PROPERTY DAMAGE AND INJURY,2.,0 ,4 ,COLLISION WITH MOTOR VEHICLE,OTHER,TRAFFIC SIGNAL,DAYLIGHT,CLEAR,DRY
6836 ,33928734,MONROE,Ogden,,,Y,43.165316,-77.8554389,06/29/2011,12:15 PM,PROPERTY DAMAGE AND INJURY,2.,0 ,2 ,COLLISION WITH MOTOR VEHICLE,RIGHT ANGLE,STOP SIGN,DAYLIGHT,CLOUDY,DRY
6836 ,33928738,MONROE,Henrietta,,253 43011045,N,43.0459444,-77.6616571,06/28/2011,3:40 PM,PROPERTY DAMAGE AND INJURY,1.,0 ,4 ,COLLISION WITH MOTOR VEHICLE,OTHER,NONE,DAYLIGHT,CLEAR,DRY
6836 ,33928980,MONROE,Brighton,,65 43031139,Y,43.127016,-77.5467921,06/30/2011,4:23 PM,PROPERTY DAMAGE AND INJURY,1.,0 ,2 ,COLLISION WITH MOTOR VEHICLE,REAR END,TRAFFIC SIGNAL,DAYLIGHT,CLEAR,DRY
6836 ,33929012,MONROE,Rochester,,,N,43.1495398,-77.5716804,06/21/2011,1:55 PM,INJURY,1.,0 ,1 ,COLLISION WITH BICYCLIST,OTHER,STOP SIGN,DAYLIGHT,CLEAR,DRY
6836 ,33929039,MONROE,Brighton,,,Y,43.1156,-77.585485,06/30/2011,2:39 PM,PROPERTY DAMAGE AND INJURY,2.,0 ,3 ,COLLISION WITH MOTOR VEHICLE,OTHER,TRAFFIC SIGNAL,DAYLIGHT,CLEAR,DRY
6836 ,33929072,MONROE,Henrietta,,390I43031087,N,43.0557839,-77.644439,06/28/2011,4:24 PM,PROPERTY DAMAGE AND INJURY,3.,0 ,2 ,COLLISION WITH MOTOR VEHICLE,REAR END,NONE,DAYLIGHT,CLOUDY,DRY
6836 ,33929075,MONROE,Rochester,,,N,43.1575463,-77.5576966,06/29/2011,5:12 AM,PROPERTY DAMAGE AND INJURY,1.,0 ,2 ,COLLISION WITH MOTOR VEHICLE,HEAD ON,NONE,DAWN,CLEAR,DRY
6836 ,33929147,MONROE,Henrietta,,253 43011068,N,43.0589608,-77.6359487,06/30/2011,11:27 AM,PROPERTY DAMAGE AND INJURY,1.,0 ,2 ,COLLISION WITH MOTOR VEHICLE,REAR END,NONE,DAYLIGHT,CLEAR,DRY
6836 ,33930301,MONROE,Greece,,,Y,43.23834,-77.646847,05/31/2011,11:35 AM,PROPERTY DAMAGE AND INJURY,1.,0 ,2 ,COLLISION WITH MOTOR VEHICLE,UNKNOWN,NONE,DAYLIGHT,CLEAR,DRY
6836 ,33930704,MONROE,Brighton,,31 43033022,Y,43.094993,-77.63258,06/28/2011,3:27 PM,INJURY,1.,0 ,3 ,COLLISION WITH MOTOR VEHICLE,OTHER,NONE,DAYLIGHT,CLEAR,DRY
6836 ,33930760,MONROE,Parma,,,N,43.3332388,-77.7737095,06/09/2011,12:00 AM,FATAL,0.,1 ,1 ,COLLISION WITH TREE,OTHER,NONE,DARK-ROAD LIGHTED,CLEAR,DRY
6836 ,33930874,MONROE,Rochester,,,N,43.1802523,-77.639482,05/31/2011,3:43 PM,INJURY,1.,0 ,1 ,COLLISION WITH PEDESTRIAN,OTHER,NONE,DAYLIGHT,CLEAR,DRY
6836 ,33930876,MONROE,Greece,,,N,43.205948,-77.6718329,05/31/2011,4:24 PM,INJURY,1.,0 ,2 ,COLLISION WITH MOTOR VEHICLE,REAR END,NONE,DAYLIGHT,CLEAR,DRY
6836 ,33931074,MONROE,Greece,,104 43031168,N,43.2066325,-77.6753517,05/30/2011,4:00 PM,INJURY,1.,0 ,2 ,COLLISION WITH MOTOR VEHICLE,REAR END,TRAFFIC SIGNAL,DAYLIGHT,CLEAR,DRY
6836 ,33931075,MONROE,Greece,,,N,43.2430328,-77.659146,05/29/2011,9:40 AM,PROPERTY DAMAGE AND INJURY,1.,0 ,1 ,COLLISION WITH OTHER FIXED OBJECT,OTHER,NONE,DAYLIGHT,CLEAR,DRY
6836 ,33931076,MONROE,Greece,,,Y,43.238753,-77.716126,05/21/2011,10:40 AM,PROPERTY DAMAGE AND INJURY,2.,0 ,2 ,COLLISION WITH MOTOR VEHICLE,RIGHT ANGLE,STOP SIGN,DAYLIGHT,CLEAR,DRY
6836 ,33931077,MONROE,Greece,,390 43011051,N,43.231073,-77.672338,05/21/2011,1:33 PM,INJURY,1.,0 ,1 ,COLLISION WITH BICYCLIST,OTHER,TRAFFIC SIGNAL,DAYLIGHT,CLEAR,DRY
6836 ,33931268,MONROE,Rochester,,,Y,43.180721,-77.6031,05/07/2011,3:33 AM,PROPERTY DAMAGE AND INJURY,1.,0 ,1 ,COLLISION WITH OTHER,OTHER,NONE,DARK-ROAD LIGHTED,CLEAR,DRY
6836 ,33931632,MONROE,Greece,,390 43011039,N,43.2127036,-77.674604,07/01/2011,5:54 PM,INJURY,1.,0 ,1 ,COLL. W/EARTH ELE./ROCK CUT/DITCH,OTHER,NONE,DAYLIGHT,CLEAR,DRY
6836 ,33932113,MONROE,Rochester,,490I43022024,N,43.1574771,-77.6260231,07/02/2011,11:30 AM,PROPERTY DAMAGE AND INJURY,1.,0 ,1 ,COLLISION WITH GUIDE RAIL,OTHER,NONE,DAYLIGHT,CLEAR,DRY
6836 ,33932325,MONROE,Greece,,,Y,43.20215,-77.698035,07/01/2011,9:45 AM,PROPERTY DAMAGE AND INJURY,2.,0 ,2 ,COLLISION WITH MOTOR VEHICLE,RIGHT ANGLE,TRAFFIC SIGNAL,DAYLIGHT,CLEAR,DRY
6836 ,33932396,MONROE,Rochester,,,N,43.1876143,-77.5767184,07/04/2011,6:20 PM,INJURY,3.,0 ,2 ,COLLISION WITH MOTOR VEHICLE,REAR END,TRAFFIC SIGNAL,DAYLIGHT,CLEAR,DRY
6836 ,33932467,MONROE,Rochester,,,Y,43.1518744,-77.6541453,06/26/2011,6:29 PM,INJURY,1.,0 ,2 ,COLLISION WITH MOTOR VEHICLE,RIGHT TURN (WITH OTHER CAR),NONE,DAYLIGHT,CLEAR,DRY
6836 ,33932508,MONROE,Rochester,,,N,43.1427958,-77.6253058,07/04/2011,7:00 PM,INJURY,1.,0 ,1 ,COLLISION WITH PEDESTRIAN,OTHER,NONE,DAYLIGHT,CLEAR,DRY
6836 ,33932530,MONROE,Rochester,,,N,43.1851359,-77.5817817,07/02/2011,12:32 PM,INJURY,1.,0 ,1 ,COLLISION WITH BICYCLIST,OTHER,NONE,DAYLIGHT,CLEAR,DRY
6836 ,33932555,MONROE,Brighton,,,Y,43.105186,-77.627313,07/06/2011,5:21 PM,PROPERTY DAMAGE AND INJURY,1.,0 ,2 ,COLLISION WITH MOTOR VEHICLE,REAR END,NONE,DAYLIGHT,CLOUDY,WET
6836 ,33932585,MONROE,Rochester,,,N,43.1668324,-77.657015,07/06/2011,1:05 PM,INJURY,1.,0 ,1 ,COLLISION WITH BICYCLIST,OTHER,NONE,DAYLIGHT,CLOUDY,DRY
6836 ,33932589,MONROE,Perinton,,,Y,43.062218,-77.467675,06/24/2011,4:57 PM,INJURY,1.,0 ,1 ,COLLISION WITH PEDESTRIAN,OTHER,STOP SIGN,DAYLIGHT,CLOUDY,DRY
6836 ,33932625,MONROE,Rochester,,,Y,43.16463,-77.6322459,06/25/2011,2:01 AM,PROPERTY DAMAGE AND INJURY,1.,0 ,1 ,COLLISION WITH BUILDING/WALL,OTHER,TRAFFIC SIGNAL,DUSK,CLOUDY,DRY
6836 ,33932640,MONROE,Brighton,,15 43031122,Y,43.105186,-77.627313,07/06/2011,4:56 PM,PROPERTY DAMAGE AND INJURY,1.,0 ,2 ,COLLISION WITH MOTOR VEHICLE,RIGHT ANGLE,NONE,DAYLIGHT,CLOUDY,WET
6836 ,33932719,MONROE,Penfield,,,N,43.181707,-77.411698,07/01/2011,2:13 PM,PROPERTY DAMAGE AND INJURY,2.,0 ,2 ,COLLISION WITH MOTOR VEHICLE,RIGHT ANGLE,STOP SIGN,DAYLIGHT,CLEAR,DRY
6836 ,33932772,MONROE,Greece,,,N,43.2183971,-77.6824701,06/02/2011,4:52 PM,INJURY,1.,0 ,1 ,COLLISION WITH PEDESTRIAN,OTHER,NONE,DAYLIGHT,CLEAR,DRY
6836 ,33932774,MONROE,Greece,,,N,43.27051,-77.732232,06/30/2011,5:41 PM,PROPERTY DAMAGE AND INJURY,2.,0 ,2 ,COLLISION WITH MOTOR VEHICLE,LEFT TURN (WITH OTHER CAR),NONE,DAYLIGHT,CLEAR,DRY
6836 ,33932814,MONROE,Webster,,,N,43.2154985,-77.4893375,06/25/2011,5:02 PM,INJURY,1.,0 ,1 ,COLLISION WITH BUILDING/WALL,OTHER,NONE,DAYLIGHT,CLOUDY,DRY
6836 ,33932860,MONROE,Rochester,,,Y,43.16053,-77.6182609,07/04/2011,2:12 AM,INJURY,1.,0 ,2 ,COLLISION WITH MOTOR VEHICLE,REAR END,TRAFFIC SIGNAL,DARK-ROAD LIGHTED,CLEAR,DRY
6836 ,33932868,MONROE,Rochester,,,N,43.1986085,-77.6125219,06/26/2011,2:17 PM,INJURY,1.,0 ,1 ,COLLISION WITH BICYCLIST,OTHER,NONE,DAYLIGHT,CLOUDY,DRY
6836 ,33932875,MONROE,Rochester,,390I43031153,N,43.1306137,-77.6610513,06/30/2011,8:48 PM,INJURY,1.,0 ,1 ,COLL. W/EARTH ELE./ROCK CUT/DITCH,OTHER,NONE,DUSK,CLEAR,DRY
6836 ,33932886,MONROE,Rochester,,,N,43.146422,-77.5592837,05/04/2011,11:10 PM,PROPERTY DAMAGE AND INJURY,1.,0 ,1 ,COLLISION WITH TREE,OTHER,NONE,DARK-ROAD LIGHTED,CLOUDY,WET
6836 ,33932898,MONROE,Rochester,,,Y,43.186582,-77.584055,06/22/2011,10:13 AM,PROPERTY DAMAGE AND INJURY,1.,0 ,2 ,COLLISION WITH MOTOR VEHICLE,REAR END,NONE,DAYLIGHT,RAIN,WET
6836 ,33932945,MONROE,Penfield,,,N,43.1898627,-77.5039119,07/01/2011,7:53 PM,PROPERTY DAMAGE AND INJURY,2.,0 ,2 ,COLLISION WITH MOTOR VEHICLE,RIGHT ANGLE,TRAFFIC SIGNAL,DAYLIGHT,CLEAR,DRY
6836 ,33932946,MONROE,Brighton,,,Y,43.125946,-77.581296,07/01/2011,9:00 AM,PROPERTY DAMAGE AND INJURY,1.,0 ,3 ,COLLISION WITH MOTOR VEHICLE,OTHER,NONE,DAYLIGHT,CLEAR,DRY
6836 ,33932970,MONROE,Rochester,,,Y,43.164622,-77.609474,07/01/2011,2:16 PM,INJURY,1.,0 ,1 ,COLLISION WITH BICYCLIST,OTHER,TRAFFIC SIGNAL,DAYLIGHT,CLEAR,DRY
6836 ,33932980,MONROE,Henrietta,,252 43011103,N,43.0873055,-77.5709903,07/01/2011,4:46 PM,INJURY,1.,0 ,2 ,COLLISION WITH MOTOR VEHICLE,REAR END,NONE,DAYLIGHT,CLOUDY,DRY
6836 ,33933033,MONROE,Irondequoit,,,N,43.233294,-77.5441558,07/03/2011,4:17 PM,INJURY,1.,0 ,1 ,COLLISION WITH PEDESTRIAN,OTHER,NONE,DAYLIGHT,CLEAR,DRY
6836 ,33933034,MONROE,Gates,,31 43031181,N,43.164702,-77.6896587,07/01/2011,12:37 PM,INJURY,1.,0 ,1 ,COLLISION WITH PEDESTRIAN,OTHER,NONE,DAYLIGHT,CLEAR,DRY
6836 ,33933065,MONROE,Chili,,386 43011078,N,43.1079277,-77.7452549,07/03/2011,11:39 AM,INJURY,3.,0 ,2 ,COLLISION WITH MOTOR VEHICLE,OVERTAKING,NONE,DAYLIGHT,CLEAR,DRY
6836 ,33933097,MONROE,Pittsford,,31 43033029,N,43.1037428,-77.5392732,06/30/2011,4:09 PM,INJURY,1.,0 ,3 ,COLLISION WITH MOTOR VEHICLE,OTHER,TRAFFIC SIGNAL,DAYLIGHT,CLEAR,DRY
6836 ,33933147,MONROE,Rochester,,,Y,43.193851,-77.64215,05/21/2011,1:54 PM,PROPERTY DAMAGE AND INJURY,1.,0 ,2 ,COLLISION WITH MOTOR VEHICLE,REAR END,NONE,DAYLIGHT,CLEAR,DRY
6836 ,33933148,MONROE,Gates,,940L43011012,N,43.1485245,-77.6909789,07/01/2011,5:05 PM,INJURY,1.,0 ,2 ,COLLISION WITH MOTOR VEHICLE,REAR END,NONE,DAYLIGHT,CLEAR,DRY
6836 ,33933208,MONROE,Rochester,,,Y,43.172146,-77.612434,07/05/2011,3:40 PM,PROPERTY DAMAGE AND INJURY,2.,0 ,2 ,COLLISION WITH MOTOR VEHICLE,RIGHT TURN (AGAINST OTHER CAR),STOP SIGN,DAYLIGHT,CLEAR,DRY
6836 ,33933248,MONROE,Greece,,,Y,43.179444,-77.7015631,06/28/2011,5:34 PM,PROPERTY DAMAGE AND INJURY,2.,0 ,3 ,COLLISION WITH MOTOR VEHICLE,OTHER,TRAFFIC SIGNAL,DAYLIGHT,CLEAR,DRY
6836 ,33933261,MONROE,Rochester,,,Y,43.210449,-77.5605751,06/29/2011,9:20 PM,INJURY,1.,0 ,1 ,COLLISION WITH BICYCLIST,OTHER,STOP SIGN,DARK-ROAD LIGHTED,CLEAR,DRY
6836 ,33933283,MONROE,Perinton,,96 43051011,N,43.0426813,-77.4637843,07/01/2011,3:29 PM,INJURY,2.,0 ,2 ,COLLISION WITH MOTOR VEHICLE,REAR END,NONE,DAYLIGHT,CLEAR,DRY
6836 ,33933285,MONROE,Chili,,252 43011015,N,43.0952957,-77.7381622,07/05/2011,2:23 PM,PROPERTY DAMAGE AND INJURY,1.,0 ,2 ,COLLISION WITH MOTOR VEHICLE,REAR END,NONE,DAYLIGHT,CLEAR,DRY
6836 ,33933325,MONROE,Rochester,,,Y,43.173792,-77.599477,07/03/2011,10:13 PM,INJURY,1.,0 ,3 ,COLLISION WITH MOTOR VEHICLE,OTHER,NONE,DARK-ROAD LIGHTED,CLEAR,DRY
6836 ,33933346,MONROE,Gates,,,Y,43.125421,-77.738396,07/01/2011,4:47 PM,PROPERTY DAMAGE AND INJURY,1.,0 ,4 ,COLLISION WITH MOTOR VEHICLE,OTHER,NONE,DAYLIGHT,CLEAR,DRY
6836 ,33933372,MONROE,Rochester,,,Y,43.175098,-77.607614,06/27/2011,1:55 PM,PROPERTY DAMAGE AND INJURY,1.,0 ,2 ,COLLISION WITH MOTOR VEHICLE,RIGHT ANGLE,TRAFFIC SIGNAL,DAYLIGHT,CLEAR,DRY
6836 ,33933397,MONROE,Brockport,,19 43041058,Y,43.215881,-77.938383,07/01/2011,2:43 PM,INJURY,1.,0 ,1 ,COLLISION WITH PEDESTRIAN,OTHER,NONE,DAYLIGHT,CLEAR,DRY
6836 ,33933407,MONROE,Sweden,,,Y,43.197993,-77.8994651,06/30/2011,8:44 AM,PROPERTY DAMAGE AND INJURY,1.,0 ,2 ,COLLISION WITH MOTOR VEHICLE,RIGHT ANGLE,TRAFFIC SIGNAL,DAYLIGHT,CLEAR,DRY
6836 ,33933540,MONROE,Rochester,,,Y,43.170226,-77.611807,07/06/2011,12:52 PM,INJURY,1.,0 ,1 ,COLLISION WITH BICYCLIST,OTHER,TRAFFIC SIGNAL,DAYLIGHT,CLOUDY,DRY
6836 ,33933638,MONROE,Rochester,,,N,43.1947667,-77.6419457,07/04/2011,7:05 PM,PROPERTY DAMAGE AND INJURY,3.,0 ,1 ,COLLISION WITH TREE,OTHER,NONE,DAYLIGHT,CLEAR,DRY
6836 ,33933679,MONROE,Rochester,,,Y,43.159407,-77.632308,06/24/2011,9:07 PM,INJURY,1.,0 ,1 ,COLLISION WITH PEDESTRIAN,OTHER,STOP SIGN,DARK-ROAD LIGHTED,CLOUDY,WET
6836 ,33933712,MONROE,Brighton,,65 43031127,Y,43.111017,-77.547717,07/04/2011,10:42 AM,PROPERTY DAMAGE AND INJURY,2.,0 ,3 ,COLLISION WITH MOTOR VEHICLE,OTHER,TRAFFIC SIGNAL,DAYLIGHT,CLEAR,DRY
6836 ,33933744,MONROE,Henrietta,,,N,43.0401935,-77.6827353,07/05/2011,10:40 AM,PROPERTY DAMAGE AND INJURY,1.,0 ,1 ,COLLISION WITH TREE,OTHER,NONE,DAYLIGHT,CLEAR,DRY
6836 ,33933751,MONROE,Rochester,,,Y,43.171174,-77.574149,07/03/2011,6:04 PM,INJURY,1.,0 ,1 ,COLLISION WITH PEDESTRIAN,OTHER,NONE,DAYLIGHT,CLEAR,DRY
6836 ,33933781,MONROE,Pittsford,,31 43033042,N,43.0920897,-77.5188249,06/26/2011,1:20 PM,PROPERTY DAMAGE AND INJURY,1.,0 ,2 ,COLLISION WITH MOTOR VEHICLE,REAR END,NONE,DAYLIGHT,CLOUDY,DRY
6836 ,33933791,MONROE,Webster,,,N,43.2352733,-77.5317471,07/04/2011,7:37 PM,PROPERTY DAMAGE AND INJURY,1.,0 ,2 ,COLLISION WITH MOTOR VEHICLE,LEFT TURN (AGAINST OTHER CAR),NONE,DAWN,CLEAR,DRY
6836 ,33933804,MONROE,Webster,,,N,43.2179878,-77.4365969,06/30/2011,7:38 PM,INJURY,2.,0 ,1 ,OTHER NON-COLLISION,OTHER,NONE,DAYLIGHT,CLEAR,DRY
6836 ,33933808,MONROE,Pittsford,,,N,43.1001982,-77.5445294,06/27/2011,12:59 PM,INJURY,1.,0 ,1 ,COLL. W/LIGHT SUPPORT/UTILITY POLE,OTHER,NONE,DAYLIGHT,CLEAR,DRY
6836 ,33933811,MONROE,Brighton,,65 43031126,Y,43.111017,-77.547717,07/05/2011,10:59 AM,PROPERTY DAMAGE AND INJURY,1.,0 ,2 ,COLLISION WITH MOTOR VEHICLE,REAR END,TRAFFIC SIGNAL,DAYLIGHT,CLEAR,DRY
6836 ,33933824,MONROE,Rochester,,,Y,43.176952,-77.634823,07/02/2011,6:51 PM,INJURY,1.,0 ,1 ,COLLISION WITH BICYCLIST,OTHER,STOP SIGN,DAYLIGHT,CLOUDY,DRY
6836 ,33933857,MONROE,Rochester,,,N,43.1190525,-77.6288352,07/05/2011,7:50 AM,PROPERTY DAMAGE AND INJURY,1.,0 ,2 ,COLLISION WITH MOTOR VEHICLE,RIGHT ANGLE,NONE,DAYLIGHT,CLEAR,DRY
6836 ,33933861,MONROE,Pittsford,,96 43051049,N,43.0825354,-77.5077146,06/21/2011,3:46 PM,PROPERTY DAMAGE AND INJURY,1.,0 ,3 ,COLLISION WITH MOTOR VEHICLE,OTHER,STOP SIGN,DAYLIGHT,CLEAR,DRY
6836 ,33933873,MONROE,Brighton,,,Y,43.1059414,-77.5768123,07/03/2011,3:05 PM,PROPERTY DAMAGE AND INJURY,3.,0 ,3 ,COLLISION WITH MOTOR VEHICLE,OTHER,TRAFFIC SIGNAL,DAYLIGHT,CLEAR,DRY
6836 ,33933900,MONROE,Gates,,,N,43.139413,-77.66832,07/01/2011,4:23 PM,INJURY,1.,0 ,2 ,COLLISION WITH MOTOR VEHICLE,REAR END,TRAFFIC SIGNAL,DAYLIGHT,CLEAR,DRY
6836 ,33934039,MONROE,Henrietta,,252 43011065,N,43.0882933,-77.6373774,02/21/2011,4:53 PM,PROPERTY DAMAGE AND INJURY,2.,0 ,4 ,COLLISION WITH MOTOR VEHICLE,OTHER,NONE,DAYLIGHT,CLOUDY,WET
6836 ,33934275,MONROE,Rochester,,,Y,43.158788,-77.548029,06/24/2011,5:22 PM,INJURY,2.,0 ,2 ,COLLISION WITH MOTOR VEHICLE,REAR END,TRAFFIC SIGNAL,DAYLIGHT,CLEAR,DRY
6836 ,33934352,MONROE,Brighton,,,Y,43.114089,-77.634358,07/01/2011,1:18 AM,INJURY,1.,0 ,1 ,COLLISION WITH BICYCLIST,OTHER,TRAFFIC SIGNAL,DARK-ROAD UNLIGHTED,CLEAR,DRY
6836 ,33934365,MONROE,Wheatland,,,N,43.0106246,-77.8192047,06/29/2011,3:05 PM,PROPERTY DAMAGE AND INJURY,1.,0 ,1 ,COLL. W/LIGHT SUPPORT/UTILITY POLE,OTHER,NONE,DAYLIGHT,CLEAR,DRY
6836 ,33934592,MONROE,Rochester,,33A43022007,Y,43.14491,-77.652175,07/04/2011,7:55 PM,PROPERTY DAMAGE AND INJURY,1.,0 ,2 ,COLLISION WITH MOTOR VEHICLE,RIGHT ANGLE,NONE,DUSK,CLEAR,DRY
6836 ,33934620,MONROE,Rochester,,,N,43.141813,-77.594786,07/03/2011,7:40 PM,INJURY,1.,0 ,1 ,COLLISION WITH BICYCLIST,OTHER,TRAFFIC SIGNAL,DAYLIGHT,CLEAR,DRY
6836 ,33934642,MONROE,Rochester,,,N,43.2312019,-77.6259682,07/06/2011,7:47 AM,PROPERTY DAMAGE AND INJURY,1.,0 ,2 ,COLLISION WITH MOTOR VEHICLE,LEFT TURN (AGAINST OTHER CAR),NONE,DAYLIGHT,CLEAR,DRY
6836 ,33934647,MONROE,Rochester,,,N,43.1938177,-77.6320813,07/02/2011,8:50 PM,INJURY,1.,0 ,2 ,COLLISION WITH MOTOR VEHICLE,OVERTAKING,NONE,DUSK,CLEAR,DRY
6836 ,33934648,MONROE,Rochester,,,Y,43.17571,-77.630108,06/30/2011,8:51 PM,INJURY,1.,0 ,1 ,COLLISION WITH PEDESTRIAN,OTHER,TRAFFIC SIGNAL,DAYLIGHT,CLEAR,DRY
6836 ,33934651,MONROE,Rochester,,,Y,43.167362,-77.616907,07/03/2011,5:26 PM,INJURY,1.,0 ,2 ,COLLISION WITH MOTOR VEHICLE,REAR END,TRAFFIC SIGNAL,DAYLIGHT,CLEAR,DRY
6836 ,33934684,MONROE,Brighton,,,Y,43.126286,-77.519972,07/01/2011,10:30 AM,PROPERTY DAMAGE AND INJURY,1.,0 ,2 ,COLLISION WITH MOTOR VEHICLE,OVERTAKING,NONE,DAYLIGHT,CLEAR,DRY
6836 ,33934745,MONROE,Brighton,,441 43011102,N,43.1291587,-77.5250752,03/31/2011,7:55 PM,PROPERTY DAMAGE AND INJURY,1.,0 ,1 ,COLLISION WITH MEDIAN/BARRIER,OTHER,UNKNOWN,DARK-ROAD LIGHTED,CLOUDY,DRY
6836 ,33935313,MONROE,Greece,,,N,43.2758184,-77.7148655,07/04/2011,9:50 PM,INJURY,1.,0 ,1 ,COLLISION WITH DEER,OTHER,NONE,DARK-ROAD LIGHTED,CLEAR,DRY
6836 ,33935595,MONROE,Henrietta,,390I43031103,N,43.0762213,-77.6266699,07/03/2011,10:44 PM,INJURY,2.,0 ,1 ,COLL. W/EARTH ELE./ROCK CUT/DITCH,OTHER,NONE,DARK-ROAD UNLIGHTED,CLEAR,DRY
6836 ,33935596,MONROE,Ogden,,259 43011049,Y,43.163426,-77.80516,07/05/2011,4:46 PM,PROPERTY DAMAGE AND INJURY,2.,0 ,2 ,COLLISION WITH MOTOR VEHICLE,RIGHT ANGLE,STOP SIGN,DAYLIGHT,CLEAR,DRY
6836 ,33935598,MONROE,Ogden,,33 43031092,N,43.1372924,-77.7652899,07/04/2011,12:25 PM,PROPERTY DAMAGE AND INJURY,5.,0 ,3 ,COLLISION WITH MOTOR VEHICLE,OTHER,TRAFFIC SIGNAL,DAYLIGHT,CLEAR,DRY
6836 ,33935600,MONROE,Henrietta,,,Y,43.068316,-77.629598,07/01/2011,1:58 PM,INJURY,1.,0 ,1 ,COLLISION WITH BICYCLIST,OTHER,STOP SIGN,DAYLIGHT,CLEAR,DRY
6836 ,33935605,MONROE,Henrietta,,,Y,43.072422,-77.6601261,07/06/2011,5:25 PM,PROPERTY DAMAGE AND INJURY,1.,0 ,3 ,COLLISION WITH MOTOR VEHICLE,OTHER,NONE,DAYLIGHT,CLOUDY,DRY
6836 ,33935613,MONROE,Penfield,,250 43011067,N,43.131904,-77.441399,06/30/2011,12:33 PM,PROPERTY DAMAGE AND INJURY,1.,0 ,2 ,COLLISION WITH MOTOR VEHICLE,RIGHT ANGLE,NONE,DAYLIGHT,CLEAR,DRY
6836 ,33935616,MONROE,Perinton,,,Y,43.094245,-77.462091,06/29/2011,10:55 AM,PROPERTY DAMAGE AND INJURY,1.,0 ,2 ,COLLISION WITH MOTOR VEHICLE,LEFT TURN (AGAINST OTHER CAR),STOP SIGN,DAYLIGHT,CLOUDY,DRY
6836 ,33935617,MONROE,Perinton,,,Y,43.109703,-77.4633419,07/06/2011,7:55 AM,PROPERTY DAMAGE AND INJURY,3.,0 ,3 ,COLLISION WITH MOTOR VEHICLE,OTHER,TRAFFIC SIGNAL,DAYLIGHT,CLEAR,DRY
6836 ,33935621,MONROE,Henrietta,,252 43011069,N,43.0870408,-77.630443,07/05/2011,11:40 AM,INJURY,1.,0 ,2 ,COLLISION WITH MOTOR VEHICLE,REAR END,NONE,DAYLIGHT,CLEAR,DRY
6836 ,33935626,MONROE,Ogden,,,Y,43.125531,-77.759268,07/05/2011,3:10 PM,INJURY,1.,0 ,1 ,COLLISION WITH BICYCLIST,OTHER,STOP SIGN,DAYLIGHT,CLEAR,DRY
6836 ,33935627,MONROE,Parma,,104 43031087,N,43.221281,-77.8328922,07/06/2011,4:02 PM,INJURY,1.,0 ,2 ,COLLISION WITH MOTOR VEHICLE,RIGHT ANGLE,NONE,DAYLIGHT,CLOUDY,DRY
6836 ,33935637,MONROE,Brighton,,,N,43.107461,-77.5759661,07/07/2011,5:36 PM,INJURY,1.,0 ,2 ,COLLISION WITH MOTOR VEHICLE,REAR END,TRAFFIC SIGNAL,DAYLIGHT,CLOUDY,DRY
6836 ,33935638,MONROE,Irondequoit,,,Y,43.225454,-77.5989991,07/07/2011,2:52 PM,PROPERTY DAMAGE AND INJURY,1.,0 ,2 ,COLLISION WITH MOTOR VEHICLE,REAR END,NONE,DAYLIGHT,CLEAR,DRY
6836 ,33936816,MONROE,Rochester,,,Y,43.141606,-77.6360211,06/30/2011,4:45 PM,PROPERTY DAMAGE AND INJURY,1.,0 ,2 ,COLLISION WITH MOTOR VEHICLE,REAR END,NONE,DAYLIGHT,CLEAR,DRY
6836 ,33937163,MONROE,Brighton,,31 43033021,N,43.1112109,-77.5479818,07/08/2011,7:45 PM,PROPERTY DAMAGE AND INJURY,2.,0 ,4 ,COLLISION WITH MOTOR VEHICLE,OTHER,NONE,DAYLIGHT,CLEAR,DRY
6836 ,33937165,MONROE,Brighton,,,N,43.0957907,-77.5860289,07/08/2011,11:35 AM,PROPERTY DAMAGE AND INJURY,1.,0 ,3 ,COLLISION WITH MOTOR VEHICLE,OTHER,NONE,DAYLIGHT,CLEAR,DRY
6836 ,33937167,MONROE,Brighton,,441 43011102,N,43.1292788,-77.5262203,07/08/2011,2:58 PM,INJURY,1.,0 ,1 ,COLLISION WITH PEDESTRIAN,OTHER,NONE,DAYLIGHT,CLEAR,DRY
6836 ,33937168,MONROE,Gates,,251 43011011,N,43.1269093,-77.735827,07/08/2011,12:36 AM,PROPERTY DAMAGE AND INJURY,1.,0 ,2 ,COLLISION WITH MOTOR VEHICLE,REAR END,TRAFFIC SIGNAL,DARK-ROAD LIGHTED,CLEAR,DRY