QUERYID,CASE #,REGN_CNTY_CDE,Municipality,MUNITYPE,REF_MRKR,ATINTERSECTION_IND,Lat,Long,,Time,Crash Type,Injuries,Fatalities,Number of Vehicles,ACCD_TYP,COLLISION_TYP,TRAF_CNTL,Light Condition,Weather Condition,Road Surface Condition
6836 ,33937169,MONROE,Brighton,,,N,43.1077207,-77.5758457,07/08/2011,9:33 AM,PROPERTY DAMAGE AND INJURY,1.,0 ,2 ,COLLISION WITH MOTOR VEHICLE,OVERTAKING,NONE,DAYLIGHT,CLEAR,DRY
6836 ,33937175,MONROE,Rochester,,,N,43.196037,-77.561399,07/06/2011,10:55 PM,INJURY,1.,0 ,2 ,COLLISION WITH MOTOR VEHICLE,LEFT TURN (AGAINST OTHER CAR),TRAFFIC SIGNAL,DARK-ROAD LIGHTED,CLEAR,DRY
6836 ,33937178,MONROE,Brighton,,65 43031128,N,43.1115652,-77.5477461,07/08/2011,12:02 PM,PROPERTY DAMAGE AND INJURY,2.,0 ,2 ,COLLISION WITH MOTOR VEHICLE,RIGHT ANGLE,NONE,DAYLIGHT,CLOUDY,DRY
6836 ,33937507,MONROE,Rochester,,,Y,43.1939,-77.656541,04/28/2011,8:49 AM,INJURY,1.,0 ,3 ,COLLISION WITH MOTOR VEHICLE,OTHER,NONE,DAYLIGHT,CLEAR,DRY
6836 ,33937550,MONROE,Irondequoit,,,Y,43.248336,-77.605916,06/26/2011,5:20 PM,FATAL,0.,1 ,1 ,COLLISION WITH BICYCLIST,OTHER,TRAFFIC SIGNAL,DAYLIGHT,CLOUDY,DRY
6836 ,33937864,MONROE,Brighton,,590 43011005,N,43.1482706,-77.5403014,07/08/2011,2:20 PM,PROPERTY DAMAGE AND INJURY,1.,0 ,1 ,COLLISION WITH GUIDE RAIL,OTHER,NONE,DAYLIGHT,CLOUDY,DRY
6836 ,33937938,MONROE,Henrietta,,,N,43.0506774,-77.6504434,07/08/2011,9:30 PM,PROPERTY DAMAGE AND INJURY,4.,0 ,1 ,COLLISION WITH MEDIAN/BARRIER,OTHER,OTHER,DARK-ROAD LIGHTED,CLEAR,DRY
6836 ,33937952,MONROE,Webster,,104 43035274,N,43.21571,-77.430219,07/07/2011,7:36 AM,PROPERTY DAMAGE AND INJURY,1.,0 ,2 ,COLLISION WITH MOTOR VEHICLE,REAR END,STOP SIGN,DAYLIGHT,CLEAR,DRY
6836 ,33937959,MONROE,Irondequoit,,,N,43.2387084,-77.5880204,06/29/2011,11:35 PM,INJURY,2.,0 ,1 ,COLLISION WITH OTHER FIXED OBJECT,OTHER,NONE,DARK-ROAD UNLIGHTED,CLEAR,DRY
6836 ,33937964,MONROE,Irondequoit,,,Y,43.204513,-77.5504949,07/09/2011,4:15 PM,PROPERTY DAMAGE AND INJURY,1.,0 ,2 ,COLLISION WITH MOTOR VEHICLE,RIGHT ANGLE,NONE,DAYLIGHT,CLEAR,DRY
6836 ,33938149,MONROE,Rochester,,,N,43.1904941,-77.5842958,07/08/2011,4:17 PM,PROPERTY DAMAGE AND INJURY,1.,0 ,2 ,COLLISION WITH MOTOR VEHICLE,LEFT TURN (AGAINST OTHER CAR),NONE,DAYLIGHT,CLEAR,DRY
6836 ,33938150,MONROE,Rochester,,,Y,43.1792618,-77.6316964,07/08/2011,5:18 PM,INJURY,1.,0 ,1 ,COLLISION WITH PEDESTRIAN,OTHER,NONE,DAYLIGHT,CLEAR,DRY
6836 ,33938161,MONROE,Rochester,,,Y,43.158819,-77.5989741,07/05/2011,11:45 AM,INJURY,1.,0 ,2 ,COLLISION WITH MOTOR VEHICLE,LEFT TURN (WITH OTHER CAR),TRAFFIC SIGNAL,DAYLIGHT,CLEAR,DRY
6836 ,33938176,MONROE,Rochester,,,N,43.1806007,-77.5991658,07/08/2011,6:47 PM,INJURY,1.,0 ,2 ,COLLISION WITH MOTOR VEHICLE,REAR END,TRAFFIC SIGNAL,DAYLIGHT,CLEAR,DRY
6836 ,33938177,MONROE,Rochester,,,Y,43.183885,-77.584734,07/06/2011,9:49 PM,PROPERTY DAMAGE AND INJURY,2.,0 ,1 ,COLLISION WITH PEDESTRIAN,OTHER,NONE,DARK-ROAD LIGHTED,CLEAR,DRY
6836 ,33938420,MONROE,Pittsford,,65 43031077,Y,43.087271,-77.542635,07/08/2011,3:04 PM,INJURY,2.,0 ,2 ,COLLISION WITH MOTOR VEHICLE,REAR END,TRAFFIC SIGNAL,DAYLIGHT,CLOUDY,DRY
6836 ,33938424,MONROE,Brighton,,15A43041123,N,43.1006323,-77.6144563,06/27/2011,10:09 AM,PROPERTY DAMAGE AND INJURY,1.,0 ,2 ,COLLISION WITH MOTOR VEHICLE,REAR END,TRAFFIC SIGNAL,DAYLIGHT,CLEAR,DRY
6836 ,33938427,MONROE,Sweden,,,N,43.2008657,-77.9354299,07/09/2011,12:15 AM,PROPERTY DAMAGE AND INJURY,2.,0 ,1 ,COLLISION WITH TREE,OTHER,NONE,DARK-ROAD LIGHTED,CLEAR,DRY
6836 ,33938433,MONROE,Henrietta,,,N,43.0856505,-77.629684,07/10/2011,12:29 PM,PROPERTY DAMAGE AND INJURY,1.,0 ,2 ,COLLISION WITH MOTOR VEHICLE,REAR END,TRAFFIC SIGNAL,DAYLIGHT,CLEAR,DRY
6836 ,33938435,MONROE,Brighton,,31 43033019,N,43.114844,-77.552096,07/10/2011,5:19 PM,INJURY,2.,0 ,2 ,COLLISION WITH MOTOR VEHICLE,REAR END,TRAFFIC SIGNAL,DAYLIGHT,CLEAR,DRY
6836 ,33938437,MONROE,Riga,,33A43021008,N,43.0735456,-77.9185325,07/09/2011,9:19 AM,PROPERTY DAMAGE AND INJURY,1.,0 ,1 ,COLLISION WITH TREE,OTHER,NONE,DAYLIGHT,CLOUDY,DRY
6836 ,33938438,MONROE,Chili,,33A43021113,Y,43.107714,-77.745021,07/08/2011,12:03 PM,PROPERTY DAMAGE AND INJURY,2.,0 ,2 ,COLLISION WITH MOTOR VEHICLE,UNKNOWN,TRAFFIC SIGNAL,DAYLIGHT,CLOUDY,DRY
6836 ,33938627,MONROE,Pittsford,,31 43033031,N,43.1014127,-77.5368494,07/09/2011,1:53 PM,INJURY,1.,0 ,1 ,COLLISION WITH PEDESTRIAN,OTHER,NONE,DAYLIGHT,CLEAR,DRY
6836 ,33938662,MONROE,Rochester,,,N,43.1758184,-77.5758651,07/08/2011,10:34 AM,INJURY,1.,0 ,1 ,COLLISION WITH PEDESTRIAN,OTHER,NONE,DAYLIGHT,CLEAR,DRY
6836 ,33938710,MONROE,Rochester,,,N,43.1726696,-77.5795405,06/23/2011,7:40 PM,INJURY,1.,0 ,1 ,COLLISION WITH BICYCLIST,OTHER,NONE,DAYLIGHT,CLEAR,WET
6836 ,33938840,MONROE,Perinton,,,N,43.0506188,-77.4320301,07/09/2011,2:43 PM,INJURY,1.,0 ,2 ,COLLISION WITH MOTOR VEHICLE,REAR END,NONE,DAYLIGHT,CLEAR,DRY
6836 ,33938898,MONROE,Rochester,,,N,43.1969449,-77.6167211,07/10/2011,2:35 PM,PROPERTY DAMAGE AND INJURY,1.,0 ,1 ,COLLISION WITH TREE,OTHER,NONE,DAYLIGHT,CLEAR,DRY
6836 ,33939008,MONROE,Webster,,,N,43.2237958,-77.5211838,07/08/2011,11:15 AM,PROPERTY DAMAGE AND INJURY,2.,0 ,1 ,COLLISION WITH TREE,OTHER,NONE,DAYLIGHT,CLEAR,DRY
6836 ,33939049,MONROE,Perinton,,31 43033090,N,43.0685534,-77.4316379,07/06/2011,6:49 PM,PROPERTY DAMAGE AND INJURY,1.,0 ,2 ,COLLISION WITH MOTOR VEHICLE,RIGHT ANGLE,TRAFFIC SIGNAL,DAYLIGHT,CLEAR,DRY
6836 ,33939080,MONROE,Irondequoit,,,Y,43.244569,-77.598718,07/10/2011,7:10 PM,INJURY,1.,0 ,2 ,COLLISION WITH MOTOR VEHICLE,RIGHT TURN (WITH OTHER CAR),NONE,DAYLIGHT,CLEAR,DRY
6836 ,33939129,MONROE,Henrietta,,,Y,43.092745,-77.653597,06/20/2011,6:06 PM,INJURY,1.,0 ,2 ,COLLISION WITH MOTOR VEHICLE,REAR END,TRAFFIC SIGNAL,DAYLIGHT,CLEAR,DRY
6836 ,33939212,MONROE,Penfield,,,N,43.1535121,-77.4773003,07/08/2011,1:35 PM,PROPERTY DAMAGE AND INJURY,2.,0 ,4 ,COLLISION WITH MOTOR VEHICLE,OTHER,NONE,DAYLIGHT,CLOUDY,DRY
6836 ,33939226,MONROE,Rochester,,,Y,43.1559905,-77.5819633,07/10/2011,1:12 AM,INJURY,1.,0 ,2 ,COLLISION WITH MOTOR VEHICLE,OVERTAKING,NONE,DARK-ROAD LIGHTED,CLEAR,DRY
6836 ,33939800,MONROE,Rochester,,,Y,43.185122,-77.599461,06/04/2011,10:44 AM,PROPERTY DAMAGE AND INJURY,1.,0 ,2 ,COLLISION WITH MOTOR VEHICLE,UNKNOWN,NONE,DAYLIGHT,RAIN,WET
6836 ,33939801,MONROE,Rochester,,,Y,43.183555,-77.585125,06/02/2011,8:58 AM,INJURY,4.,0 ,2 ,COLLISION WITH MOTOR VEHICLE,REAR END,NONE,DAYLIGHT,CLEAR,DRY
6836 ,33939829,MONROE,Rochester,,,Y,43.158819,-77.5989741,04/19/2011,5:46 PM,INJURY,2.,0 ,2 ,COLLISION WITH MOTOR VEHICLE,RIGHT ANGLE,TRAFFIC SIGNAL,DAYLIGHT,RAIN,WET
6836 ,33939954,MONROE,Rochester,,,Y,43.146594,-77.632868,06/11/2011,5:46 PM,PROPERTY DAMAGE AND INJURY,2.,0 ,2 ,COLLISION WITH MOTOR VEHICLE,RIGHT ANGLE,STOP SIGN,DAYLIGHT,CLOUDY,DRY
6836 ,33940003,MONROE,Rochester,,,Y,43.193835,-77.629001,06/09/2011,9:05 AM,PROPERTY DAMAGE AND INJURY,3.,0 ,3 ,COLLISION WITH MOTOR VEHICLE,OTHER,TRAFFIC SIGNAL,DAYLIGHT,CLEAR,DRY
6836 ,33940068,MONROE,Rochester,,,Y,43.185287,-77.638884,06/16/2011,6:57 AM,INJURY,1.,0 ,1 ,COLLISION WITH PEDESTRIAN,OTHER,UNKNOWN,UNKNOWN,UNKNOWN,UNKNOWN
6836 ,33940146,MONROE,Henrietta,,15 43031038,Y,43.040373,-77.661964,07/01/2011,7:47 PM,PROPERTY DAMAGE AND INJURY,1.,0 ,2 ,COLLISION WITH MOTOR VEHICLE,RIGHT ANGLE,TRAFFIC SIGNAL,DAYLIGHT,CLEAR,DRY
6836 ,33940453,MONROE,Rochester,,,Y,43.186544,-77.608378,07/10/2011,12:30 AM,INJURY,1.,0 ,1 ,COLLISION WITH BICYCLIST,OTHER,NONE,DARK-ROAD LIGHTED,CLEAR,DRY
6836 ,33940533,MONROE,Henrietta,,,N,43.0599454,-77.6513803,07/08/2011,2:15 PM,INJURY,1.,0 ,3 ,COLLISION WITH MOTOR VEHICLE,OTHER,NONE,DAYLIGHT,CLOUDY,DRY
6836 ,33940570,MONROE,Greece,,,N,43.205408,-77.6684505,07/10/2011,12:47 PM,PROPERTY DAMAGE AND INJURY,1.,0 ,2 ,COLLISION WITH MOTOR VEHICLE,REAR END,TRAFFIC SIGNAL,DAYLIGHT,CLEAR,DRY
6836 ,33940624,MONROE,Brighton,,31 43033016,Y,43.116512,-77.553734,07/11/2011,10:29 AM,PROPERTY DAMAGE AND INJURY,2.,0 ,2 ,COLLISION WITH MOTOR VEHICLE,RIGHT ANGLE,TRAFFIC SIGNAL,DAYLIGHT,CLOUDY,DRY
6836 ,33940760,MONROE,Sweden,,31 43031054,N,43.1982889,-77.9280955,07/11/2011,3:55 PM,INJURY,1.,0 ,2 ,COLLISION WITH MOTOR VEHICLE,REAR END,TRAFFIC SIGNAL,DAYLIGHT,CLOUDY,DRY
6836 ,33940955,MONROE,Rochester,,,N,43.157263,-77.5997097,07/11/2011,11:32 AM,PROPERTY DAMAGE AND INJURY,1.,0 ,2 ,COLLISION WITH MOTOR VEHICLE,REAR END,NONE,DAYLIGHT,CLEAR,DRY
6836 ,33940977,MONROE,Rochester,,,Y,43.185287,-77.638884,07/11/2011,8:30 PM,PROPERTY DAMAGE AND INJURY,1.,0 ,2 ,COLLISION WITH MOTOR VEHICLE,LEFT TURN (WITH OTHER CAR),TRAFFIC SIGNAL,DUSK,CLEAR,DRY
6836 ,33941022,MONROE,Greece,,,Y,43.27844,-77.651461,07/05/2011,1:20 AM,INJURY,1.,0 ,1 ,OVERTURNED,OTHER,NONE,DARK-ROAD LIGHTED,CLEAR,DRY
6836 ,33941073,MONROE,Rochester,,31 43032039,Y,43.152502,-77.60751,07/11/2011,5:59 PM,PROPERTY DAMAGE AND INJURY,4.,0 ,2 ,COLLISION WITH MOTOR VEHICLE,RIGHT ANGLE,TRAFFIC SIGNAL,DAYLIGHT,CLEAR,DRY
6836 ,33941082,MONROE,Webster,,,N,43.2093995,-77.418811,07/08/2011,4:10 PM,INJURY,1.,0 ,2 ,COLLISION WITH MOTOR VEHICLE,OTHER,NONE,DAYLIGHT,CLEAR,DRY
6836 ,33941126,MONROE,Perinton,,250 43011058,N,43.1180505,-77.4416358,07/02/2011,10:58 PM,PROPERTY DAMAGE AND INJURY,1.,0 ,2 ,COLLISION WITH MOTOR VEHICLE,REAR END,NONE,DARK-ROAD UNLIGHTED,CLOUDY,DRY
6836 ,33941138,MONROE,Rochester,,,Y,43.186741,-77.601713,07/11/2011,3:08 PM,PROPERTY DAMAGE AND INJURY,2.,0 ,2 ,COLLISION WITH MOTOR VEHICLE,REAR END,NONE,DAYLIGHT,CLOUDY,DRY
6836 ,33941242,MONROE,Greece,,390 43011051,N,43.2306688,-77.6722215,07/11/2011,6:54 PM,INJURY,1.,0 ,2 ,COLLISION WITH MOTOR VEHICLE,REAR END,TRAFFIC SIGNAL,DAYLIGHT,CLOUDY,DRY
6836 ,33941261,MONROE,Greece,,,Y,43.23834,-77.646847,07/09/2011,9:55 PM,PROPERTY DAMAGE AND INJURY,2.,0 ,2 ,COLLISION WITH MOTOR VEHICLE,LEFT TURN (WITH OTHER CAR),TRAFFIC SIGNAL,DARK-ROAD LIGHTED,CLOUDY,DRY
6836 ,33941263,MONROE,Rochester,,,Y,43.162401,-77.602368,07/12/2011,12:34 PM,INJURY,1.,0 ,2 ,COLLISION WITH MOTOR VEHICLE,REAR END,NONE,DAYLIGHT,CLOUDY,DRY
6836 ,33941482,MONROE,Rochester,,,Y,43.191809,-77.624647,06/03/2011,5:20 PM,PROPERTY DAMAGE AND INJURY,1.,0 ,2 ,OTHER NON-COLLISION,OTHER,UNKNOWN,DAYLIGHT,CLEAR,OTHER
6836 ,33941752,MONROE,Brighton,,31 43033017,Y,43.116512,-77.553734,05/18/2011,2:35 PM,PROPERTY DAMAGE AND INJURY,2.,0 ,2 ,COLLISION WITH MOTOR VEHICLE,RIGHT TURN (WITH OTHER CAR),TRAFFIC SIGNAL,DAYLIGHT,CLOUDY,DRY
6836 ,33942430,MONROE,Greece,,,N,43.1915778,-77.68208,07/12/2011,1:13 PM,INJURY,2.,0 ,3 ,COLLISION WITH MOTOR VEHICLE,OTHER,NONE,DAYLIGHT,CLEAR,DRY
6836 ,33942442,MONROE,Greece,,,Y,43.2212407,-77.6449058,07/11/2011,4:48 PM,INJURY,1.,0 ,2 ,COLLISION WITH MOTOR VEHICLE,REAR END,NONE,DAYLIGHT,CLOUDY,DRY
6836 ,33942443,MONROE,Greece,,,N,43.2050212,-77.6659549,07/06/2011,1:18 PM,INJURY,1.,0 ,2 ,COLLISION WITH MOTOR VEHICLE,REAR END,NONE,DAYLIGHT,CLEAR,DRY
6836 ,33942449,MONROE,Greece,,,Y,43.209859,-77.6959401,07/11/2011,6:38 PM,PROPERTY DAMAGE AND INJURY,1.,0 ,2 ,COLLISION WITH MOTOR VEHICLE,REAR END,TRAFFIC SIGNAL,DAYLIGHT,CLEAR,DRY
6836 ,33942453,MONROE,Greece,,,N,43.1915876,-77.7014636,07/07/2011,8:58 PM,PROPERTY DAMAGE AND INJURY,1.,0 ,1 ,COLLISION WITH PEDESTRIAN,OTHER,NONE,DUSK,CLEAR,DRY
6836 ,33942457,MONROE,Greece,,104 43031141,Y,43.2136184,-77.7278213,06/02/2011,4:40 PM,PROPERTY DAMAGE AND INJURY,1.,0 ,2 ,COLLISION WITH MOTOR VEHICLE,REAR END,NONE,DAYLIGHT,CLEAR,DRY
6836 ,33942458,MONROE,Greece,,,Y,43.253021,-77.696443,07/11/2011,6:21 AM,PROPERTY DAMAGE AND INJURY,1.,0 ,2 ,COLLISION WITH MOTOR VEHICLE,REAR END,TRAFFIC SIGNAL,DAYLIGHT,CLOUDY,DRY
6836 ,33942460,MONROE,Greece,,104 43031167,Y,43.207118,-77.679265,07/07/2011,1:28 PM,INJURY,1.,0 ,2 ,COLLISION WITH MOTOR VEHICLE,REAR END,TRAFFIC SIGNAL,DAYLIGHT,CLEAR,DRY
6836 ,33942461,MONROE,Greece,,104 43031167,Y,43.207118,-77.679265,07/12/2011,7:25 AM,INJURY,1.,0 ,2 ,COLLISION WITH MOTOR VEHICLE,REAR END,TRAFFIC SIGNAL,DAYLIGHT,CLEAR,DRY
6836 ,33942462,MONROE,Greece,,,N,43.2539151,-77.7490803,07/12/2011,5:07 AM,INJURY,1.,0 ,1 ,OTHER NON-COLLISION,OTHER,NONE,DARK-ROAD LIGHTED,CLOUDY,DRY
6836 ,33942788,MONROE,Rochester,,,N,43.216005,-77.5574679,07/13/2011,2:15 AM,PROPERTY DAMAGE AND INJURY,1.,0 ,2 ,COLLISION WITH MOTOR VEHICLE,REAR END,NONE,DARK-ROAD LIGHTED,CLEAR,DRY
6836 ,33942789,MONROE,Henrietta,,,N,43.0587191,-77.6495835,07/12/2011,4:48 PM,PROPERTY DAMAGE AND INJURY,1.,0 ,1 ,COLLISION WITH TREE,OTHER,NONE,DAYLIGHT,CLOUDY,DRY
6836 ,33942796,MONROE,Irondequoit,,,N,43.2345599,-77.5361783,07/11/2011,8:15 PM,INJURY,1.,0 ,3 ,COLLISION WITH PEDESTRIAN,OTHER,NONE,DAYLIGHT,CLEAR,DRY
6836 ,33943119,MONROE,Rochester,,,N,43.1861463,-77.6230229,07/12/2011,8:11 AM,PROPERTY DAMAGE AND INJURY,1.,0 ,2 ,COLLISION WITH MOTOR VEHICLE,REAR END,NONE,DAYLIGHT,CLEAR,DRY
6836 ,33943388,MONROE,Webster,,,N,43.215414,-77.446588,07/13/2011,12:54 PM,INJURY,1.,0 ,2 ,COLLISION WITH MOTOR VEHICLE,REAR END,NONE,DAYLIGHT,CLEAR,DRY
6836 ,33943392,MONROE,Penfield,,250 43011069,N,43.1352346,-77.441867,07/05/2011,10:23 AM,PROPERTY DAMAGE AND INJURY,1.,0 ,2 ,COLLISION WITH MOTOR VEHICLE,RIGHT TURN (WITH OTHER CAR),STOP SIGN,DAYLIGHT,CLEAR,DRY
6836 ,33943394,MONROE,Henrietta,,,Y,43.072662,-77.644567,04/16/2011,11:26 PM,PROPERTY DAMAGE AND INJURY,1.,0 ,2 ,COLLISION WITH MOTOR VEHICLE,RIGHT ANGLE,NONE,DARK-ROAD LIGHTED,RAIN,WET
6836 ,33943395,MONROE,Brighton,,490I43023012,N,43.132764,-77.5287792,07/05/2011,8:00 AM,PROPERTY DAMAGE AND INJURY,1.,0 ,3 ,COLLISION WITH MOTOR VEHICLE,OTHER,NONE,DAYLIGHT,CLEAR,DRY
6836 ,33943399,MONROE,Parma,,18 43031126,N,43.2625643,-77.7907965,07/10/2011,1:52 PM,INJURY,1.,0 ,1 ,COLLISION WITH CULVERT/HEADWALL,OTHER,NONE,DAYLIGHT,CLEAR,DRY
6836 ,33943407,MONROE,Brighton,,,Y,43.116512,-77.553734,07/14/2011,10:19 AM,INJURY,1.,0 ,1 ,COLLISION WITH BICYCLIST,OTHER,TRAFFIC SIGNAL,DAYLIGHT,CLEAR,DRY
6836 ,33943408,MONROE,Brighton,,,N,43.1042453,-77.6266686,07/14/2011,5:27 PM,INJURY,1.,0 ,2 ,COLLISION WITH MOTOR VEHICLE,RIGHT ANGLE,NONE,DAYLIGHT,CLEAR,DRY
6836 ,33943634,MONROE,Rochester,,490I43022006,N,43.1575239,-77.6613304,07/14/2011,5:45 PM,INJURY,1.,0 ,2 ,COLLISION WITH MOTOR VEHICLE,REAR END,NONE,DAYLIGHT,CLEAR,DRY
6836 ,33944141,MONROE,Penfield,,441 43011041,Y,43.13124,-77.4639639,06/30/2011,5:49 PM,PROPERTY DAMAGE AND INJURY,2.,0 ,2 ,COLLISION WITH MOTOR VEHICLE,HEAD ON,TRAFFIC SIGNAL,DAYLIGHT,CLEAR,DRY
6836 ,33944150,MONROE,Parma,,390I43031122,Y,43.218761,-77.76685,07/14/2011,3:45 PM,INJURY,1.,0 ,2 ,COLLISION WITH MOTOR VEHICLE,LEFT TURN (WITH OTHER CAR),NONE,DAYLIGHT,CLEAR,DRY
6836 ,33944153,MONROE,Irondequoit,,,Y,43.247964,-77.608334,05/31/2011,6:05 PM,INJURY,1.,0 ,1 ,COLLISION WITH BICYCLIST,OTHER,TRAFFIC SIGNAL,DAYLIGHT,CLEAR,DRY
6836 ,33944154,MONROE,Irondequoit,,18 43035012,Y,43.212022,-77.549704,07/13/2011,7:45 PM,PROPERTY DAMAGE AND INJURY,1.,0 ,2 ,COLLISION WITH MOTOR VEHICLE,LEFT TURN (AGAINST OTHER CAR),YIELD SIGN,DAYLIGHT,CLEAR,DRY
6836 ,33944413,MONROE,Rochester,,,Y,43.230812,-77.626148,07/10/2011,1:24 PM,INJURY,1.,0 ,2 ,COLLISION WITH MOTOR VEHICLE,REAR END,NONE,DAYLIGHT,CLEAR,DRY
6836 ,33944415,MONROE,Rochester,,31 43032056,Y,43.139975,-77.582135,07/13/2011,5:35 PM,INJURY,1.,0 ,2 ,COLLISION WITH MOTOR VEHICLE,OVERTAKING,TRAFFIC SIGNAL,DAYLIGHT,CLEAR,DRY
6836 ,33944417,MONROE,Rochester,,,N,43.1474619,-77.591577,07/13/2011,4:39 PM,INJURY,1.,0 ,2 ,COLLISION WITH MOTOR VEHICLE,REAR END,NONE,DAYLIGHT,CLEAR,DRY
6836 ,33944418,MONROE,Rochester,,,Y,43.157047,-77.548961,07/13/2011,7:35 PM,PROPERTY DAMAGE AND INJURY,1.,0 ,2 ,COLLISION WITH MOTOR VEHICLE,RIGHT TURN (AGAINST OTHER CAR),TRAFFIC SIGNAL,DAYLIGHT,CLEAR,DRY
6836 ,33944431,MONROE,Rochester,,,N,43.1792041,-77.6693251,07/14/2011,12:27 PM,PROPERTY DAMAGE AND INJURY,1.,0 ,1 ,COLLISION WITH SIGN POST,OTHER,NONE,DAYLIGHT,CLEAR,DRY
6836 ,33944434,MONROE,Rochester,,31 43032039,Y,43.152502,-77.60751,07/15/2011,5:36 PM,PROPERTY DAMAGE AND INJURY,4.,0 ,2 ,COLLISION WITH MOTOR VEHICLE,RIGHT ANGLE,TRAFFIC SIGNAL,DAYLIGHT,CLEAR,DRY
6836 ,33944437,MONROE,Rochester,,,N,43.1656852,-77.5909557,07/15/2011,6:14 PM,INJURY,1.,0 ,1 ,COLLISION WITH PEDESTRIAN,OTHER,NONE,DAYLIGHT,CLEAR,DRY
6836 ,33944531,MONROE,Sweden,,,Y,43.205035,-77.967196,07/16/2011,10:40 AM,PROPERTY DAMAGE AND INJURY,1.,0 ,3 ,COLLISION WITH MOTOR VEHICLE,OTHER,NONE,DAYLIGHT,CLEAR,DRY
6836 ,33944542,MONROE,Hamlin,,18 43031017,N,43.2965817,-77.965861,07/14/2011,8:00 PM,PROPERTY DAMAGE AND INJURY,6.,0 ,2 ,COLLISION WITH MOTOR VEHICLE,RIGHT ANGLE,STOP SIGN,DUSK,CLEAR,DRY
6836 ,33945325,MONROE,Rochester,,,Y,43.155131,-77.605517,06/29/2011,8:10 AM,PROPERTY DAMAGE AND INJURY,3.,0 ,3 ,COLLISION WITH MOTOR VEHICLE,OTHER,TRAFFIC SIGNAL,DAYLIGHT,CLOUDY,DRY
6836 ,33945619,MONROE,Rochester,,,N,43.1876209,-77.5764763,07/13/2011,2:30 PM,PROPERTY DAMAGE AND INJURY,1.,0 ,1 ,COLLISION WITH BICYCLIST,OTHER,NONE,DAYLIGHT,CLOUDY,DRY
6836 ,33945622,MONROE,Rochester,,,Y,43.121583,-77.618928,07/09/2011,4:29 PM,INJURY,1.,0 ,2 ,COLLISION WITH MOTOR VEHICLE,REAR END,TRAFFIC SIGNAL,DAYLIGHT,CLEAR,DRY
6836 ,33945624,MONROE,Rochester,,,N,43.230333,-77.554115,07/16/2011,4:06 PM,PROPERTY DAMAGE AND INJURY,2.,0 ,1 ,COLL. W/LIGHT SUPPORT/UTILITY POLE,OTHER,NONE,DAYLIGHT,CLEAR,DRY
6836 ,33945628,MONROE,Rochester,,,Y,43.18008,-77.625152,07/15/2011,1:07 PM,INJURY,1.,0 ,1 ,COLLISION WITH BICYCLIST,OTHER,STOP SIGN,DAYLIGHT,CLEAR,DRY
6836 ,33945632,MONROE,Rochester,,,Y,43.146709,-77.6001611,07/17/2011,3:55 PM,INJURY,1.,0 ,2 ,COLLISION WITH MOTOR VEHICLE,REAR END,TRAFFIC SIGNAL,DAYLIGHT,CLEAR,DRY
6836 ,33945761,MONROE,Irondequoit,,,N,43.204681,-77.5480701,07/08/2011,3:45 AM,PROPERTY DAMAGE AND INJURY,2.,0 ,2 ,COLLISION WITH MOTOR VEHICLE,RIGHT ANGLE,STOP SIGN,DARK-ROAD LIGHTED,CLEAR,DRY
6836 ,33945771,MONROE,Rochester,,490I43022041,N,43.1460016,-77.6004877,07/11/2011,7:50 PM,PROPERTY DAMAGE AND INJURY,1.,0 ,1 ,COLLISION WITH OTHER BARRIER,OTHER,NONE,DAYLIGHT,CLEAR,DRY
6836 ,33945830,MONROE,Henrietta,,,N,43.045817,-77.652073,07/12/2011,7:10 AM,PROPERTY DAMAGE AND INJURY,1.,0 ,1 ,OVERTURNED,OTHER,NONE,DAYLIGHT,CLOUDY,DRY
6836 ,33945832,MONROE,Wheatland,,,N,43.029676,-77.8558336,07/10/2011,4:17 PM,PROPERTY DAMAGE AND INJURY,2.,0 ,3 ,COLLISION WITH MOTOR VEHICLE,OTHER,NONE,DAYLIGHT,CLOUDY,DRY
6836 ,33945859,MONROE,Henrietta,,390I43031078,N,43.0436127,-77.6499343,07/16/2011,3:00 PM,PROPERTY DAMAGE AND INJURY,1.,0 ,3 ,COLLISION WITH MOTOR VEHICLE,OTHER,NONE,DAYLIGHT,CLOUDY,DRY
6836 ,33945867,MONROE,Gates,,,Y,43.14992,-77.6877061,07/15/2011,12:59 PM,PROPERTY DAMAGE AND INJURY,2.,0 ,2 ,COLLISION WITH MOTOR VEHICLE,REAR END,NONE,DAYLIGHT,CLEAR,DRY
6836 ,33945878,MONROE,Irondequoit,,,Y,43.168897,-77.542653,07/16/2011,3:10 PM,PROPERTY DAMAGE AND INJURY,3.,0 ,2 ,COLLISION WITH MOTOR VEHICLE,LEFT TURN (AGAINST OTHER CAR),NONE,DAYLIGHT,CLEAR,DRY
6836 ,33945889,MONROE,Rush,,,N,43.003041,-77.6692961,07/15/2011,3:20 PM,PROPERTY DAMAGE AND INJURY,5.,0 ,2 ,COLLISION WITH MOTOR VEHICLE,RIGHT ANGLE,STOP SIGN,DAYLIGHT,CLEAR,DRY
6836 ,33946026,MONROE,Gates,,,N,43.1382246,-77.6909577,06/03/2011,2:29 PM,INJURY,1.,0 ,1 ,COLLISION WITH PEDESTRIAN,OTHER,NONE,DAYLIGHT,CLEAR,DRY
6836 ,33946179,MONROE,Penfield,,,N,43.1416818,-77.4574201,05/25/2011,7:20 AM,PROPERTY DAMAGE AND INJURY,1.,0 ,2 ,COLLISION WITH MOTOR VEHICLE,REAR END,STOPPED SCHOOL BUS W/RED LIGHT FLSH,DAYLIGHT,CLOUDY,DRY
6836 ,33946290,MONROE,Greece,,,Y,43.253021,-77.696443,07/11/2011,10:27 AM,PROPERTY DAMAGE AND INJURY,2.,0 ,2 ,COLLISION WITH MOTOR VEHICLE,LEFT TURN (WITH OTHER CAR),TRAFFIC SIGNAL,DAYLIGHT,CLOUDY,DRY