QUERYID,CASE #,REGN_CNTY_CDE,Municipality,MUNITYPE,REF_MRKR,ATINTERSECTION_IND,Lat,Long,,Time,Crash Type,Injuries,Fatalities,Number of Vehicles,ACCD_TYP,COLLISION_TYP,TRAF_CNTL,Light Condition,Weather Condition,Road Surface Condition
6836 ,33946632,MONROE,Irondequoit,,,Y,43.199078,-77.577022,06/10/2011,12:45 PM,PROPERTY DAMAGE AND INJURY,1.,0 ,2 ,COLLISION WITH MOTOR VEHICLE,SIDESWIPE,TRAFFIC SIGNAL,DAYLIGHT,CLOUDY,DRY
6836 ,33947113,MONROE,Gates,,,Y,43.140051,-77.666453,07/15/2011,9:55 AM,PROPERTY DAMAGE AND INJURY,1.,0 ,2 ,COLLISION WITH MOTOR VEHICLE,RIGHT ANGLE,TRAFFIC SIGNAL,DAYLIGHT,CLEAR,DRY
6836 ,33947125,MONROE,Gates,,,N,43.1347683,-77.7258241,07/16/2011,12:37 PM,PROPERTY DAMAGE AND INJURY,1.,0 ,2 ,COLLISION WITH MOTOR VEHICLE,RIGHT ANGLE,NONE,DAYLIGHT,CLEAR,DRY
6836 ,33947151,MONROE,Gates,,390 43011011,N,43.17375,-77.6831538,07/17/2011,4:42 PM,INJURY,1.,0 ,1 ,COLLISION WITH GUIDE RAIL,OTHER,NONE,DAYLIGHT,CLEAR,DRY
6836 ,33947177,MONROE,Webster,,104 43035096,N,43.2113701,-77.4375861,07/15/2011,7:01 PM,PROPERTY DAMAGE AND INJURY,1.,0 ,1 ,COLLISION WITH PEDESTRIAN,OTHER,NONE,DAYLIGHT,CLEAR,DRY
6836 ,33947182,MONROE,Gates,,,Y,43.147073,-77.711237,07/18/2011,1:25 PM,INJURY,1.,0 ,1 ,COLLISION WITH PEDESTRIAN,OTHER,TRAFFIC SIGNAL,DAYLIGHT,CLEAR,DRY
6836 ,33947203,MONROE,Webster,,,N,43.2282627,-77.4466631,07/17/2011,2:27 PM,INJURY,1.,0 ,1 ,COLLISION WITH GUIDERAIL - END,OTHER,NONE,DAYLIGHT,CLEAR,DRY
6836 ,33947253,MONROE,Rochester,,490I43022032,N,43.1517324,-77.6141767,07/16/2011,5:56 PM,PROPERTY DAMAGE AND INJURY,1.,0 ,1 ,COLLISION WITH CURBING,OTHER,NONE,DAYLIGHT,CLEAR,DRY
6836 ,33947308,MONROE,Wheatland,,383 43011071,Y,43.030032,-77.7420679,07/10/2011,11:06 AM,PROPERTY DAMAGE AND INJURY,1.,0 ,2 ,COLLISION WITH MOTOR VEHICLE,RIGHT ANGLE,STOP SIGN,DAYLIGHT,CLEAR,DRY
6836 ,33947424,MONROE,Rochester,,,Y,43.249715,-77.614751,07/17/2011,7:23 PM,INJURY,1.,0 ,1 ,COLLISION WITH CURBING,OTHER,TRAFFIC SIGNAL,DAYLIGHT,CLEAR,DRY
6836 ,33947466,MONROE,Henrietta,,15 43031097,Y,43.072662,-77.644567,07/15/2011,8:39 AM,PROPERTY DAMAGE AND INJURY,2.,0 ,2 ,COLLISION WITH MOTOR VEHICLE,HEAD ON,TRAFFIC SIGNAL,DAYLIGHT,CLEAR,DRY
6836 ,33947527,MONROE,Brighton,,,N,43.0950297,-77.6063117,07/18/2011,7:09 PM,PROPERTY DAMAGE AND INJURY,1.,0 ,2 ,COLLISION WITH MOTOR VEHICLE,RIGHT ANGLE,TRAFFIC SIGNAL,DAYLIGHT,CLOUDY,DRY
6836 ,33947664,MONROE,Gates,,31 43031182,Y,43.164702,-77.688016,07/17/2011,10:39 PM,INJURY,1.,0 ,2 ,COLLISION WITH MOTOR VEHICLE,REAR END,TRAFFIC SIGNAL,DARK-ROAD LIGHTED,CLEAR,DRY
6836 ,33947669,MONROE,Hamlin,,19 43041135,Y,43.320648,-77.911945,07/17/2011,3:23 PM,PROPERTY DAMAGE AND INJURY,2.,0 ,2 ,COLLISION WITH MOTOR VEHICLE,RIGHT ANGLE,STOP SIGN,DAYLIGHT,CLEAR,DRY
6836 ,33947747,MONROE,Rochester,,,Y,43.156599,-77.608896,06/18/2011,9:35 AM,INJURY,1.,0 ,2 ,COLLISION WITH MOTOR VEHICLE,RIGHT ANGLE,TRAFFIC SIGNAL,DAYLIGHT,CLEAR,DRY
6836 ,33947748,MONROE,Rochester,,,N,43.1543944,-77.5918393,06/17/2011,9:02 PM,INJURY,1.,0 ,1 ,COLLISION WITH BICYCLIST,OTHER,STOP SIGN,DARK-ROAD LIGHTED,CLEAR,DRY
6836 ,33947749,MONROE,Rochester,,,Y,43.179212,-77.659079,06/17/2011,11:16 PM,INJURY,1.,0 ,2 ,COLLISION WITH MOTOR VEHICLE,REAR END,TRAFFIC SIGNAL,DARK-ROAD LIGHTED,CLEAR,DRY
6836 ,33947772,MONROE,Greece,,,Y,43.186914,-77.701511,06/11/2011,2:08 PM,INJURY,1.,0 ,2 ,COLLISION WITH MOTOR VEHICLE,REAR END,TRAFFIC SIGNAL,DAYLIGHT,CLEAR,DRY
6836 ,33947773,MONROE,Greece,,18 43031216,Y,43.23834,-77.646847,06/10/2011,9:47 AM,PROPERTY DAMAGE AND INJURY,2.,0 ,2 ,COLLISION WITH MOTOR VEHICLE,RIGHT ANGLE,TRAFFIC SIGNAL,DAYLIGHT,CLEAR,DRY
6836 ,33947800,MONROE,Greece,,,Y,43.252881,-77.665415,06/07/2011,10:30 AM,PROPERTY DAMAGE AND INJURY,1.,0 ,2 ,COLLISION WITH MOTOR VEHICLE,REAR END,UNKNOWN,UNKNOWN,UNKNOWN,UNKNOWN
6836 ,33949195,MONROE,Brighton,,,Y,43.115322,-77.596989,07/19/2011,3:20 PM,PROPERTY DAMAGE AND INJURY,1.,0 ,3 ,COLLISION WITH MOTOR VEHICLE,OTHER,TRAFFIC SIGNAL,DAYLIGHT,CLEAR,DRY
6836 ,33949250,MONROE,Rochester,,,N,43.1618816,-77.6200454,07/18/2011,5:35 PM,INJURY,1.,0 ,1 ,COLLISION WITH BICYCLIST,OTHER,NONE,DAYLIGHT,CLEAR,DRY
6836 ,33949265,MONROE,Henrietta,,,N,43.0869937,-77.594688,07/19/2011,2:30 PM,PROPERTY DAMAGE AND INJURY,2.,0 ,2 ,COLLISION WITH MOTOR VEHICLE,REAR END,NONE,DAYLIGHT,CLEAR,DRY
6836 ,33949358,MONROE,Rochester,,,Y,43.164639,-77.6232511,07/18/2011,3:19 PM,INJURY,1.,0 ,3 ,COLLISION WITH MOTOR VEHICLE,OTHER,TRAFFIC SIGNAL,DAYLIGHT,CLEAR,DRY
6836 ,33949368,MONROE,Rochester,,,N,43.1601134,-77.5679255,07/17/2011,12:10 AM,INJURY,1.,0 ,1 ,COLLISION WITH PEDESTRIAN,OTHER,NONE,DARK-ROAD LIGHTED,CLEAR,DRY
6836 ,33949393,MONROE,Henrietta,,15 43031111,N,43.0893146,-77.6356263,07/11/2011,3:01 PM,PROPERTY DAMAGE AND INJURY,2.,0 ,2 ,COLLISION WITH MOTOR VEHICLE,LEFT TURN (AGAINST OTHER CAR),NONE,DAYLIGHT,CLEAR,DRY
6836 ,33949435,MONROE,Brighton,,590I43011042,N,43.1355951,-77.5530859,07/13/2011,5:45 PM,PROPERTY DAMAGE AND INJURY,2.,0 ,2 ,COLLISION WITH MOTOR VEHICLE,REAR END,NONE,DAYLIGHT,CLOUDY,DRY
6836 ,33949533,MONROE,Rochester,,,Y,43.1354934,-77.5984829,06/29/2011,3:10 PM,INJURY,1.,0 ,2 ,COLLISION WITH MOTOR VEHICLE,SIDESWIPE,NONE,DAYLIGHT,CLOUDY,DRY
6836 ,33949552,MONROE,Rochester,,,N,43.171103,-77.6026293,07/19/2011,4:14 PM,PROPERTY DAMAGE AND INJURY,1.,0 ,2 ,COLLISION WITH MOTOR VEHICLE,REAR END,NONE,DAYLIGHT,CLEAR,DRY
6836 ,33949673,MONROE,Irondequoit,,,N,43.2320345,-77.5992912,07/17/2011,3:30 PM,INJURY,1.,0 ,1 ,COLLISION WITH BICYCLIST,OTHER,NONE,DAYLIGHT,CLEAR,DRY
6836 ,33949800,MONROE,Pittsford,,31 43033031,Y,43.100487,-77.535474,07/11/2011,3:00 PM,PROPERTY DAMAGE AND INJURY,2.,0 ,2 ,COLLISION WITH MOTOR VEHICLE,LEFT TURN (AGAINST OTHER CAR),TRAFFIC SIGNAL,DAYLIGHT,CLOUDY,DRY
6836 ,33949863,MONROE,Penfield,,104 43035043,N,43.1743163,-77.5187481,07/18/2011,3:05 PM,PROPERTY DAMAGE AND INJURY,1.,0 ,1 ,COLLISION WITH OTHER,OTHER,NONE,DAYLIGHT,CLEAR,DRY
6836 ,33949880,MONROE,Gates,,31 43031181,Y,43.164886,-77.6911321,07/19/2011,9:48 PM,PROPERTY DAMAGE AND INJURY,1.,0 ,2 ,COLLISION WITH MOTOR VEHICLE,LEFT TURN (AGAINST OTHER CAR),TRAFFIC SIGNAL,DARK-ROAD LIGHTED,CLEAR,DRY
6836 ,33950153,MONROE,Penfield,,286 43011022,N,43.1536686,-77.4988202,07/11/2011,2:54 PM,PROPERTY DAMAGE AND INJURY,1.,0 ,2 ,COLLISION WITH MOTOR VEHICLE,OVERTAKING,NONE,DAYLIGHT,CLEAR,DRY
6836 ,33950167,MONROE,Penfield,,286 43011048,N,43.160305,-77.4502394,07/18/2011,3:15 PM,PROPERTY DAMAGE AND INJURY,1.,0 ,2 ,COLLISION WITH MOTOR VEHICLE,RIGHT ANGLE,STOP SIGN,DAYLIGHT,CLOUDY,DRY
6836 ,33950738,MONROE,Rochester,,,Y,43.13094,-77.65091,06/09/2011,1:41 PM,INJURY,2.,0 ,2 ,COLLISION WITH MOTOR VEHICLE,REAR END,TRAFFIC SIGNAL,DAYLIGHT,CLOUDY,DRY
6836 ,33950760,MONROE,Rochester,,,Y,43.180938,-77.6394981,06/08/2011,4:24 PM,INJURY,1.,0 ,2 ,COLLISION WITH MOTOR VEHICLE,OVERTAKING,TRAFFIC SIGNAL,DAYLIGHT,CLEAR,DRY
6836 ,33950761,MONROE,Rochester,,,N,43.1467913,-77.6360534,06/11/2011,3:34 AM,INJURY,1.,0 ,1 ,COLLISION WITH CURBING,OTHER,NONE,DARK-ROAD LIGHTED,CLOUDY,DRY
6836 ,33950762,MONROE,Rochester,,,Y,43.147831,-77.643552,06/11/2011,8:38 AM,INJURY,1.,0 ,1 ,COLLISION WITH CURBING,OTHER,TRAFFIC SIGNAL,DAYLIGHT,CLOUDY,DRY
6836 ,33950789,MONROE,Rochester,,,N,43.177413,-77.598958,06/01/2011,3:12 PM,PROPERTY DAMAGE AND INJURY,1.,0 ,2 ,COLLISION WITH MOTOR VEHICLE,REAR END,NONE,DAYLIGHT,CLEAR,DRY
6836 ,33950790,MONROE,Rochester,,,Y,43.14404,-77.589323,06/03/2011,11:50 AM,INJURY,1.,0 ,1 ,COLLISION WITH OTHER FIXED OBJECT,OTHER,TRAFFIC SIGNAL,DAYLIGHT,CLEAR,DRY
6836 ,33951664,MONROE,Greece,,,Y,43.231113,-77.677857,07/14/2011,1:12 PM,INJURY,1.,0 ,1 ,COLLISION WITH BICYCLIST,OTHER,TRAFFIC SIGNAL,DAYLIGHT,CLEAR,DRY
6836 ,33951667,MONROE,Greece,,,Y,43.236471,-77.641591,07/20/2011,1:40 PM,PROPERTY DAMAGE AND INJURY,2.,0 ,2 ,COLLISION WITH MOTOR VEHICLE,REAR END,NONE,DAYLIGHT,CLEAR,DRY
6836 ,33951693,MONROE,Rochester,,,Y,43.164641,-77.6514569,07/20/2011,2:59 PM,INJURY,1.,0 ,3 ,COLLISION WITH MOTOR VEHICLE,OTHER,NONE,DAYLIGHT,CLEAR,DRY
6836 ,33951696,MONROE,Rochester,,,Y,43.151567,-77.570601,06/21/2011,7:45 AM,PROPERTY DAMAGE AND INJURY,1.,0 ,2 ,COLLISION WITH MOTOR VEHICLE,LEFT TURN (WITH OTHER CAR),TRAFFIC SIGNAL,DAYLIGHT,CLEAR,DRY
6836 ,33951700,MONROE,Rochester,,,Y,43.167362,-77.616907,07/19/2011,7:56 PM,PROPERTY DAMAGE AND INJURY,1.,0 ,4 ,COLLISION WITH MOTOR VEHICLE,OTHER,TRAFFIC SIGNAL,DAYLIGHT,CLEAR,DRY
6836 ,33951977,MONROE,Gates,,,N,43.1615473,-77.6911191,07/21/2011,10:56 AM,PROPERTY DAMAGE AND INJURY,2.,0 ,4 ,COLLISION WITH MOTOR VEHICLE,OTHER,NONE,DAYLIGHT,CLEAR,DRY
6836 ,33951983,MONROE,Gates,,,N,43.1647012,-77.6876412,07/21/2011,11:10 AM,INJURY,2.,0 ,2 ,COLLISION WITH MOTOR VEHICLE,REAR END,TRAFFIC SIGNAL,DAYLIGHT,CLEAR,DRY
6836 ,33951986,MONROE,Henrietta,,,Y,43.072422,-77.6601261,07/17/2011,9:05 PM,PROPERTY DAMAGE AND INJURY,1.,0 ,1 ,COLLISION WITH OTHER FIXED OBJECT,OTHER,NONE,DARK-ROAD LIGHTED,CLEAR,DRY
6836 ,33951988,MONROE,Riga,,,N,43.07335,-77.916847,07/08/2011,11:00 PM,PROPERTY DAMAGE AND INJURY,1.,0 ,1 ,COLLISION WITH TREE,OTHER,NONE,DARK-ROAD UNLIGHTED,CLOUDY,DRY
6836 ,33951993,MONROE,Chili,,33A43021101,Y,43.103416,-77.75375,07/19/2011,5:13 PM,INJURY,1.,0 ,2 ,COLLISION WITH MOTOR VEHICLE,RIGHT ANGLE,STOP SIGN,DAYLIGHT,CLEAR,DRY
6836 ,33951996,MONROE,Gates,,,Y,43.141033,-77.708876,07/21/2011,8:42 PM,PROPERTY DAMAGE AND INJURY,1.,0 ,2 ,COLLISION WITH MOTOR VEHICLE,OTHER,STOP SIGN,DAYLIGHT,CLEAR,DRY
6836 ,33952180,MONROE,Pittsford,,65 43031112,N,43.0892631,-77.5433368,07/19/2011,3:31 PM,PROPERTY DAMAGE AND INJURY,1.,0 ,2 ,COLLISION WITH MOTOR VEHICLE,RIGHT ANGLE,NONE,DAYLIGHT,CLEAR,DRY
6836 ,33952257,MONROE,Brighton,,441 43011103,N,43.129144,-77.524889,07/21/2011,3:37 PM,PROPERTY DAMAGE AND INJURY,1.,0 ,3 ,COLLISION WITH MOTOR VEHICLE,OTHER,TRAFFIC SIGNAL,DAYLIGHT,CLEAR,DRY
6836 ,33952290,MONROE,Brighton,,490I43023011,N,43.1336002,-77.5298135,07/21/2011,3:50 PM,PROPERTY DAMAGE AND INJURY,2.,0 ,3 ,COLLISION WITH MOTOR VEHICLE,OTHER,NONE,DAYLIGHT,CLEAR,DRY
6836 ,33952350,MONROE,Rochester,,,Y,43.15599,-77.581982,07/06/2011,12:35 PM,PROPERTY DAMAGE AND INJURY,1.,0 ,1 ,COLLISION WITH FIRE HYDRANT,OTHER,STOP SIGN,DAYLIGHT,CLEAR,DRY
6836 ,33952559,MONROE,Greece,,,N,43.2340606,-77.6967323,07/19/2011,11:53 PM,PROPERTY DAMAGE AND INJURY,2.,0 ,1 ,COLLISION WITH CURBING,OTHER,NONE,DARK-ROAD LIGHTED,CLOUDY,DRY
6836 ,33952583,MONROE,Perinton,,96 43051027,N,43.0619302,-77.4778705,07/22/2011,11:22 AM,PROPERTY DAMAGE AND INJURY,1.,0 ,2 ,COLLISION WITH MOTOR VEHICLE,LEFT TURN (AGAINST OTHER CAR),NONE,DAYLIGHT,CLEAR,DRY
6836 ,33952601,MONROE,Brighton,,15 43031114,Y,43.094013,-77.633076,07/22/2011,5:04 PM,PROPERTY DAMAGE AND INJURY,1.,0 ,2 ,COLLISION WITH MOTOR VEHICLE,OVERTAKING,TRAFFIC SIGNAL,DAYLIGHT,CLEAR,DRY
6836 ,33952617,MONROE,Rochester,,31 43032008,Y,43.164658,-77.659556,07/21/2011,1:00 PM,PROPERTY DAMAGE AND INJURY,2.,0 ,3 ,COLLISION WITH MOTOR VEHICLE,OTHER,TRAFFIC SIGNAL,DAYLIGHT,CLEAR,DRY
6836 ,33952625,MONROE,Penfield,,441 43011034,N,43.129849,-77.476618,07/21/2011,7:17 PM,PROPERTY DAMAGE AND INJURY,1.,0 ,2 ,COLLISION WITH MOTOR VEHICLE,RIGHT ANGLE,NONE,DAYLIGHT,CLEAR,DRY
6836 ,33952654,MONROE,Rochester,,,N,43.1375387,-77.5894006,07/09/2011,8:56 AM,INJURY,1.,0 ,1 ,COLLISION WITH PEDESTRIAN,OTHER,NONE,DAYLIGHT,CLEAR,DRY
6836 ,33952658,MONROE,Rochester,,104 43032026,N,43.191458,-77.6131772,07/22/2011,5:05 PM,INJURY,2.,0 ,2 ,COLLISION WITH MOTOR VEHICLE,REAR END,NONE,DAYLIGHT,CLEAR,DRY
6836 ,33952707,MONROE,Rochester,,,Y,43.149815,-77.60253,07/12/2011,11:01 AM,INJURY,1.,0 ,1 ,COLLISION WITH BICYCLIST,OTHER,STOP SIGN,DAYLIGHT,CLEAR,DRY
6836 ,33953042,MONROE,Greece,,390 43011034,N,43.20514,-77.6765616,07/23/2011,7:45 AM,PROPERTY DAMAGE AND INJURY,1.,0 ,1 ,COLLISION WITH CURBING,OTHER,NONE,DAYLIGHT,CLEAR,DRY
6836 ,33953146,MONROE,Brighton,,,N,43.1406544,-77.544722,07/23/2011,2:31 PM,PROPERTY DAMAGE AND INJURY,1.,0 ,1 ,COLLISION WITH BUILDING/WALL,OTHER,NONE,DAYLIGHT,CLEAR,DRY
6836 ,33953151,MONROE,Brighton,,490I43023002,N,43.1358296,-77.5329774,07/12/2011,6:13 PM,PROPERTY DAMAGE AND INJURY,1.,0 ,2 ,COLLISION WITH MOTOR VEHICLE,REAR END,NONE,DAYLIGHT,CLEAR,DRY
6836 ,33953153,MONROE,Brighton,,,Y,43.115873,-77.5918891,07/23/2011,11:48 AM,INJURY,1.,0 ,1 ,OVERTURNED,OTHER,NONE,DAYLIGHT,CLEAR,DRY
6836 ,33953159,MONROE,Penfield,,,N,43.1817613,-77.4166539,06/19/2011,12:42 AM,PROPERTY DAMAGE AND INJURY,1.,0 ,2 ,COLLISION WITH MOTOR VEHICLE,OVERTAKING,NONE,DARK-ROAD UNLIGHTED,CLEAR,DRY
6836 ,33953563,MONROE,Rochester,,,Y,43.141729,-77.612856,06/16/2011,4:37 PM,INJURY,1.,0 ,1 ,COLLISION WITH BICYCLIST,OTHER,NONE,DAYLIGHT,RAIN,WET
6836 ,33953565,MONROE,Rochester,,,N,43.1522022,-77.6277426,06/13/2011,10:54 AM,INJURY,1.,0 ,2 ,COLLISION WITH MOTOR VEHICLE,RIGHT ANGLE,NONE,DAYLIGHT,CLOUDY,DRY
6836 ,33954523,MONROE,Brighton,,490I43022345,N,43.1294039,-77.5250081,07/22/2011,1:30 AM,PROPERTY DAMAGE AND INJURY,1.,0 ,2 ,COLLISION WITH MOTOR VEHICLE,OVERTAKING,NONE,DARK-ROAD LIGHTED,CLEAR,DRY
6836 ,33954528,MONROE,Penfield,,441 43011070,N,43.1305149,-77.4074942,07/02/2011,11:45 PM,INJURY,1.,0 ,2 ,COLLISION WITH MOTOR VEHICLE,REAR END,NONE,DARK-ROAD LIGHTED,CLEAR,DRY
6836 ,33954539,MONROE,Rush,,,N,42.9892583,-77.7017345,07/22/2011,11:31 AM,PROPERTY DAMAGE AND INJURY,1.,0 ,2 ,COLLISION WITH MOTOR VEHICLE,HEAD ON,NONE,DAYLIGHT,CLEAR,DRY
6836 ,33954540,MONROE,Penfield,,286 43011024,N,43.1536579,-77.493918,07/22/2011,1:11 PM,INJURY,1.,0 ,2 ,COLLISION WITH MOTOR VEHICLE,REAR END,NONE,DAYLIGHT,CLEAR,DRY
6836 ,33954541,MONROE,Gates,,,Y,43.171358,-77.732382,07/23/2011,9:15 PM,INJURY,1.,0 ,1 ,COLLISION WITH BICYCLIST,OTHER,NONE,DARK-ROAD LIGHTED,CLEAR,DRY
6836 ,33954542,MONROE,Gates,,,N,43.1416376,-77.6765189,07/16/2011,9:15 PM,INJURY,1.,0 ,1 ,COLLISION WITH PEDESTRIAN,OTHER,NONE,DARK-ROAD UNLIGHTED,CLOUDY,DRY
6836 ,33954718,MONROE,Rochester,,,N,43.176964,-77.5952268,07/16/2011,11:58 PM,INJURY,1.,0 ,2 ,COLLISION WITH MOTOR VEHICLE,REAR END,NONE,DARK-ROAD LIGHTED,CLEAR,DRY
6836 ,33954786,MONROE,Rochester,,,N,43.1809396,-77.6385403,07/14/2011,2:54 PM,INJURY,1.,0 ,1 ,COLLISION WITH PEDESTRIAN,OTHER,TRAFFIC SIGNAL,DAYLIGHT,CLEAR,DRY
6836 ,33954972,MONROE,Chili,,,N,43.120725,-77.7456369,07/15/2011,7:00 AM,INJURY,1.,0 ,2 ,COLLISION WITH MOTOR VEHICLE,RIGHT ANGLE,TRAFFIC SIGNAL,DAYLIGHT,CLEAR,DRY
6836 ,33954990,MONROE,Greece,,,N,43.224972,-77.7337285,07/15/2011,3:00 AM,INJURY,1.,0 ,1 ,COLLISION WITH PEDESTRIAN,OTHER,NONE,DARK-ROAD LIGHTED,CLOUDY,DRY
6836 ,33955005,MONROE,Clarkson,,260 43011101,N,43.2250976,-77.8902445,07/21/2011,3:46 PM,INJURY,1.,0 ,2 ,COLLISION WITH MOTOR VEHICLE,REAR END,NONE,DAYLIGHT,CLEAR,DRY
6836 ,33955013,MONROE,Perinton,,490I43023069,N,43.0654606,-77.4723059,07/16/2011,1:02 PM,PROPERTY DAMAGE AND INJURY,1.,0 ,2 ,COLLISION WITH MOTOR VEHICLE,REAR END,NONE,DAYLIGHT,CLEAR,DRY
6836 ,33955021,MONROE,Rochester,,,Y,43.124791,-77.61428,07/16/2011,10:06 AM,PROPERTY DAMAGE AND INJURY,1.,0 ,2 ,COLLISION WITH MOTOR VEHICLE,RIGHT ANGLE,TRAFFIC SIGNAL,DAYLIGHT,CLEAR,DRY
6836 ,33955030,MONROE,Rochester,,,Y,43.1738777,-77.6402183,07/22/2011,6:20 PM,INJURY,1.,0 ,1 ,COLLISION WITH BICYCLIST,OTHER,NONE,DAYLIGHT,CLEAR,DRY
6836 ,33956109,MONROE,Rochester,,,N,43.1254037,-77.6374431,06/29/2011,1:21 PM,PROPERTY DAMAGE AND INJURY,1.,0 ,1 ,COLLISION WITH CURBING,OTHER,NONE,DAYLIGHT,CLOUDY,DRY
6836 ,33957030,MONROE,Rochester,,,N,43.1567755,-77.6062463,06/23/2011,11:35 AM,INJURY,2.,0 ,2 ,COLLISION WITH MOTOR VEHICLE,REAR END,HIGHWAY WORK AREA,DAYLIGHT,CLEAR,DRY
6836 ,33957143,MONROE,Webster,,,Y,43.219647,-77.429965,06/12/2011,2:25 PM,PROPERTY DAMAGE AND INJURY,2.,0 ,2 ,COLLISION WITH MOTOR VEHICLE,RIGHT ANGLE,TRAFFIC SIGNAL,DAYLIGHT,CLEAR,DRY
6836 ,33957320,MONROE,Rochester,,,N,43.1476921,-77.5983382,07/22/2011,11:40 PM,FATAL,0.,1 ,1 ,COLLISION WITH CURBING,OTHER,NONE,DARK-ROAD LIGHTED,CLEAR,DRY
6836 ,33957489,MONROE,Perinton,,,N,43.041964,-77.4625871,07/13/2011,7:45 AM,PROPERTY DAMAGE AND INJURY,1.,0 ,3 ,COLLISION WITH MOTOR VEHICLE,OTHER,TRAFFIC SIGNAL,DAYLIGHT,CLEAR,DRY
6836 ,33957512,MONROE,Perinton,,,Y,43.079077,-77.441934,07/09/2011,10:45 AM,PROPERTY DAMAGE AND INJURY,1.,0 ,2 ,COLLISION WITH MOTOR VEHICLE,REAR END,TRAFFIC SIGNAL,DAYLIGHT,CLEAR,DRY
6836 ,33957539,MONROE,Rochester,,,Y,43.225467,-77.626777,07/22/2011,5:32 PM,PROPERTY DAMAGE AND INJURY,1.,0 ,2 ,COLLISION WITH MOTOR VEHICLE,LEFT TURN (AGAINST OTHER CAR),STOP SIGN,DAYLIGHT,CLEAR,DRY
6836 ,33957541,MONROE,Greece,,,N,43.2459026,-77.659162,07/14/2011,5:13 PM,INJURY,2.,0 ,2 ,COLLISION WITH MOTOR VEHICLE,REAR END,NONE,DAYLIGHT,CLEAR,DRY
6836 ,33957567,MONROE,Rochester,,,Y,43.121583,-77.618928,07/22/2011,3:05 PM,INJURY,1.,0 ,2 ,COLLISION WITH MOTOR VEHICLE,REAR END,TRAFFIC SIGNAL,DAYLIGHT,CLEAR,DRY
6836 ,33957610,MONROE,Penfield,,286 43011049,N,43.1602966,-77.449796,07/23/2011,5:08 PM,PROPERTY DAMAGE AND INJURY,1.,0 ,3 ,COLLISION WITH MOTOR VEHICLE,OTHER,STOP SIGN,DAYLIGHT,CLEAR,DRY
6836 ,33957613,MONROE,Rochester,,,N,43.1419591,-77.5982616,07/22/2011,11:01 AM,PROPERTY DAMAGE AND INJURY,1.,0 ,2 ,COLLISION WITH MOTOR VEHICLE,REAR END,NONE,DAYLIGHT,CLEAR,DRY
6836 ,33957625,MONROE,Chili,,,N,43.1071275,-77.7573034,07/21/2011,8:07 AM,PROPERTY DAMAGE AND INJURY,1.,0 ,2 ,COLLISION WITH MOTOR VEHICLE,LEFT TURN (AGAINST OTHER CAR),NONE,DAYLIGHT,CLOUDY,DRY
6836 ,33957653,MONROE,Brighton,,15A43041108,N,43.108007,-77.615937,07/25/2011,1:28 AM,PROPERTY DAMAGE AND INJURY,1.,0 ,1 ,COLLISION WITH CURBING,OTHER,TRAFFIC SIGNAL,DARK-ROAD LIGHTED,CLEAR,DRY
6836 ,33957672,MONROE,Rochester,,,Y,43.168505,-77.580104,07/13/2011,12:52 PM,PROPERTY DAMAGE AND INJURY,1.,0 ,2 ,COLLISION WITH MOTOR VEHICLE,LEFT TURN (AGAINST OTHER CAR),TRAFFIC SIGNAL,DAYLIGHT,CLEAR,DRY
6836 ,33957736,MONROE,Rochester,,,N,43.204209,-77.659304,07/24/2011,9:49 PM,PROPERTY DAMAGE AND INJURY,1.,0 ,1 ,COLLISION WITH CURBING,OTHER,NONE,DARK-ROAD LIGHTED,CLEAR,DRY
6836 ,33957773,MONROE,Rochester,,,N,43.164685,-77.6709304,07/24/2011,6:00 PM,PROPERTY DAMAGE AND INJURY,1.,0 ,1 ,OVERTURNED,OTHER,NONE,DAYLIGHT,CLEAR,DRY
6836 ,33957878,MONROE,Pittsford,,31 43033032,N,43.1004546,-77.5354196,07/01/2011,9:30 AM,PROPERTY DAMAGE AND INJURY,1.,0 ,3 ,COLLISION WITH MOTOR VEHICLE,OTHER,TRAFFIC SIGNAL,DAYLIGHT,CLEAR,DRY
6836 ,33957892,MONROE,Rochester,,,Y,43.157295,-77.595765,07/23/2011,2:30 AM,PROPERTY DAMAGE AND INJURY,2.,0 ,2 ,COLLISION WITH MOTOR VEHICLE,RIGHT TURN (AGAINST OTHER CAR),NONE,DARK-ROAD LIGHTED,CLEAR,DRY
6836 ,33957920,MONROE,Perinton,,,Y,43.079178,-77.4212329,07/12/2011,6:08 AM,INJURY,1.,0 ,1 ,COLLISION WITH DEER,OTHER,NONE,DAWN,CLOUDY,DRY
6836 ,33957955,MONROE,Webster,,,Y,43.222703,-77.387273,07/22/2011,2:13 PM,INJURY,1.,0 ,2 ,COLLISION WITH MOTOR VEHICLE,REAR END,TRAFFIC SIGNAL,DAYLIGHT,CLEAR,DRY
6836 ,33957958,MONROE,Pittsford,,441 43011115,N,43.1233631,-77.507055,07/15/2011,9:23 AM,PROPERTY DAMAGE AND INJURY,1.,0 ,3 ,COLLISION WITH MOTOR VEHICLE,OTHER,NONE,DAYLIGHT,CLEAR,DRY
6836 ,33958066,MONROE,Rochester,,,Y,43.143772,-77.62606,07/22/2011,4:50 PM,INJURY,2.,0 ,2 ,COLLISION WITH MOTOR VEHICLE,REAR END,STOP SIGN,DAYLIGHT,CLEAR,DRY
6836 ,33958067,MONROE,Perinton,,96 43051025,N,43.0610086,-77.4759237,07/23/2011,4:06 PM,PROPERTY DAMAGE AND INJURY,2.,0 ,2 ,COLLISION WITH MOTOR VEHICLE,RIGHT ANGLE,NONE,DAYLIGHT,CLOUDY,DRY