QUERYID,CASE #,REGN_CNTY_CDE,Municipality,MUNITYPE,REF_MRKR,ATINTERSECTION_IND,Lat,Long,,Time,Crash Type,Injuries,Fatalities,Number of Vehicles,ACCD_TYP,COLLISION_TYP,TRAF_CNTL,Light Condition,Weather Condition,Road Surface Condition
6836 ,33958075,MONROE,Greece,,104 43031129,Y,43.217407,-77.752683,07/19/2011,4:47 PM,PROPERTY DAMAGE AND INJURY,1.,0 ,2 ,COLLISION WITH MOTOR VEHICLE,REAR END,TRAFFIC SIGNAL,DAYLIGHT,CLEAR,DRY
6836 ,33958099,MONROE,Irondequoit,,590 43013016,N,43.1895048,-77.5443122,07/22/2011,10:00 PM,PROPERTY DAMAGE AND INJURY,2.,0 ,2 ,COLLISION WITH MOTOR VEHICLE,REAR END,HIGHWAY WORK AREA,DARK-ROAD LIGHTED,CLEAR,DRY
6836 ,33958101,MONROE,Brighton,,,Y,43.125905,-77.5826059,07/21/2011,8:54 AM,INJURY,1.,0 ,2 ,COLLISION WITH MOTOR VEHICLE,REAR END,TRAFFIC SIGNAL,DAYLIGHT,CLEAR,DRY
6836 ,33958170,MONROE,Clarkson,,260 43011345,Y,43.250855,-77.881,07/23/2011,10:50 AM,PROPERTY DAMAGE AND INJURY,1.,0 ,2 ,COLLISION WITH MOTOR VEHICLE,RIGHT ANGLE,STOP SIGN,DAYLIGHT,CLEAR,DRY
6836 ,33958363,MONROE,Greece,,,N,43.1880112,-77.701504,07/22/2011,2:46 PM,PROPERTY DAMAGE AND INJURY,1.,0 ,1 ,COLLISION WITH PEDESTRIAN,OTHER,NONE,DAYLIGHT,CLEAR,DRY
6836 ,33958737,MONROE,Webster,,,N,43.2319632,-77.509636,06/21/2011,12:54 PM,PROPERTY DAMAGE AND INJURY,1.,0 ,1 ,COLLISION WITH CURBING,OTHER,NONE,DAYLIGHT,CLEAR,DRY
6836 ,33959457,MONROE,Greece,,,N,43.2044442,-77.6611191,07/19/2011,2:15 PM,INJURY,1.,0 ,4 ,COLLISION WITH OTHER,OTHER,NONE,DAYLIGHT,CLEAR,DRY
6836 ,33959461,MONROE,Rochester,,,Y,43.1448987,-77.6522091,07/13/2011,5:54 PM,INJURY,1.,0 ,1 ,COLLISION WITH PEDESTRIAN,OTHER,NONE,DAYLIGHT,CLOUDY,DRY
6836 ,33959489,MONROE,Rochester,,33A43022010,Y,43.146853,-77.646434,07/19/2011,6:06 PM,PROPERTY DAMAGE AND INJURY,1.,0 ,2 ,COLLISION WITH MOTOR VEHICLE,RIGHT ANGLE,STOP SIGN,DAYLIGHT,CLEAR,DRY
6836 ,33959654,MONROE,Pittsford,,,N,43.0910648,-77.5159313,06/16/2011,2:31 PM,INJURY,1.,0 ,2 ,COLLISION WITH MOTOR VEHICLE,RIGHT ANGLE,NONE,DAYLIGHT,CLOUDY,DRY
6836 ,33959961,MONROE,Webster,,,N,43.214195,-77.475083,07/13/2011,4:40 PM,PROPERTY DAMAGE AND INJURY,1.,0 ,2 ,COLLISION WITH MOTOR VEHICLE,RIGHT ANGLE,TRAFFIC SIGNAL,DAYLIGHT,CLEAR,DRY
6836 ,33959964,MONROE,Webster,,104 43035258,N,43.214098,-77.461243,07/25/2011,3:45 PM,INJURY,2.,0 ,2 ,COLLISION WITH MOTOR VEHICLE,REAR END,TRAFFIC SIGNAL,DAYLIGHT,CLEAR,DRY
6836 ,33959966,MONROE,Webster,,250 43011138,Y,43.232364,-77.428546,07/25/2011,4:42 PM,INJURY,1.,0 ,1 ,COLLISION WITH BICYCLIST,OTHER,TRAFFIC SIGNAL,DAYLIGHT,CLOUDY,DRY
6836 ,33959967,MONROE,Rush,,15 43031033,N,42.9836293,-77.6739741,07/25/2011,4:27 PM,PROPERTY DAMAGE AND INJURY,1.,0 ,1 ,COLLISION WITH TREE,OTHER,NONE,DAYLIGHT,CLEAR,DRY
6836 ,33959968,MONROE,Brighton,,15 43031119,N,43.1015308,-77.6291709,07/26/2011,1:16 PM,INJURY,1.,0 ,1 ,COLLISION WITH BICYCLIST,OTHER,NONE,DAYLIGHT,CLOUDY,DRY
6836 ,33959970,MONROE,Irondequoit,,001,N,43.19538,-77.58459,07/25/2011,5:48 PM,INJURY,4.,0 ,2 ,COLLISION WITH MOTOR VEHICLE,RIGHT ANGLE,TRAFFIC SIGNAL,DAYLIGHT,CLEAR,DRY
6836 ,33960577,MONROE,Hamlin,,260 43011076,N,43.3043711,-77.8581472,07/18/2011,8:40 PM,PROPERTY DAMAGE AND INJURY,1.,0 ,1 ,COLLISION WITH DEER,OTHER,NONE,DARK-ROAD LIGHTED,RAIN,WET
6836 ,33960580,MONROE,Webster,,,N,43.2154342,-77.4305984,07/26/2011,1:04 PM,PROPERTY DAMAGE AND INJURY,1.,0 ,2 ,COLLISION WITH MOTOR VEHICLE,REAR END,TRAFFIC SIGNAL,DAYLIGHT,CLEAR,DRY
6836 ,33960583,MONROE,Penfield,,441 43011052,N,43.130684,-77.4413107,07/25/2011,8:00 PM,PROPERTY DAMAGE AND INJURY,1.,0 ,2 ,COLLISION WITH MOTOR VEHICLE,LEFT TURN (AGAINST OTHER CAR),TRAFFIC SIGNAL,DAYLIGHT,CLOUDY,DRY
6836 ,33960588,MONROE,Gates,,,Y,43.1430788,-77.7361119,07/27/2011,8:16 AM,PROPERTY DAMAGE AND INJURY,1.,0 ,1 ,OVERTURNED,OTHER,TRAFFIC SIGNAL,DAYLIGHT,CLEAR,DRY
6836 ,33960589,MONROE,Rochester,,286 43011001,Y,43.157379,-77.539303,07/27/2011,5:41 PM,PROPERTY DAMAGE AND INJURY,1.,0 ,2 ,COLLISION WITH MOTOR VEHICLE,LEFT TURN (AGAINST OTHER CAR),NONE,DAYLIGHT,CLEAR,DRY
6836 ,33960591,MONROE,Clarkson,,104 43031345,N,43.2357476,-77.936918,07/18/2011,10:25 PM,PROPERTY DAMAGE AND INJURY,1.,0 ,1 ,COLL. W/LIGHT SUPPORT/UTILITY POLE,OTHER,NONE,DARK-ROAD UNLIGHTED,CLOUDY,DRY
6836 ,33960592,MONROE,Gates,,490I43021172,N,43.1572043,-77.691526,07/24/2011,12:02 AM,PROPERTY DAMAGE AND INJURY,1.,0 ,2 ,COLLISION WITH MOTOR VEHICLE,OVERTAKING,NONE,DARK-ROAD LIGHTED,RAIN,WET
6836 ,33960594,MONROE,Riga,,,N,43.0628988,-77.8294454,07/20/2011,11:09 PM,INJURY,2.,0 ,1 ,COLLISION WITH DEER,OTHER,NONE,DARK-ROAD UNLIGHTED,CLOUDY,DRY
6836 ,33960600,MONROE,Brighton,,,N,43.125096,-77.5931502,07/27/2011,3:56 PM,INJURY,1.,0 ,1 ,COLLISION WITH BICYCLIST,OTHER,STOP SIGN,DAYLIGHT,CLOUDY,DRY
6836 ,33960601,MONROE,Perinton,,,N,43.0791781,-77.4212313,07/23/2011,10:06 PM,PROPERTY DAMAGE AND INJURY,1.,0 ,2 ,COLLISION WITH MOTOR VEHICLE,REAR END,NONE,DARK-ROAD UNLIGHTED,CLOUDY,DRY
6836 ,33961635,MONROE,Mendon,,,N,43.0300551,-77.5131477,07/23/2011,12:44 PM,PROPERTY DAMAGE AND INJURY,1.,0 ,1 ,OVERTURNED,OTHER,NONE,DAYLIGHT,CLOUDY,DRY
6836 ,33961738,MONROE,Greece,,,Y,43.219893,-77.635407,07/03/2011,4:39 PM,PROPERTY DAMAGE AND INJURY,1.,0 ,1 ,OVERTURNED,OTHER,NONE,DAYLIGHT,CLEAR,DRY
6836 ,33961741,MONROE,Greece,,,N,43.2089417,-77.6937719,07/21/2011,2:09 PM,PROPERTY DAMAGE AND INJURY,1.,0 ,2 ,COLLISION WITH MOTOR VEHICLE,LEFT TURN (AGAINST OTHER CAR),TRAFFIC SIGNAL,DAYLIGHT,CLEAR,DRY
6836 ,33961742,MONROE,Greece,,,N,43.2024824,-77.7270428,07/26/2011,6:22 PM,INJURY,1.,0 ,1 ,COLLISION WITH BICYCLIST,OTHER,NONE,DAYLIGHT,CLEAR,DRY
6836 ,33961745,MONROE,Greece,,18 43031214,N,43.2400929,-77.6468341,07/25/2011,5:55 PM,PROPERTY DAMAGE AND INJURY,2.,0 ,2 ,COLLISION WITH MOTOR VEHICLE,RIGHT ANGLE,NONE,DAYLIGHT,CLEAR,DRY
6836 ,33961797,MONROE,Rochester,,,N,43.2553542,-77.6107429,07/22/2011,9:15 PM,INJURY,2.,0 ,1 ,OTHER NON-COLLISION,OTHER,TRAFFIC SIGNAL,DARK-ROAD LIGHTED,CLEAR,DRY
6836 ,33961820,MONROE,Rochester,,,N,43.1815633,-77.5753734,06/18/2011,1:29 AM,PROPERTY DAMAGE AND INJURY,1.,0 ,2 ,COLLISION WITH MOTOR VEHICLE,REAR END,NONE,DARK-ROAD LIGHTED,CLEAR,DRY
6836 ,33961821,MONROE,Rochester,,,Y,43.159229,-77.616514,07/19/2011,6:57 PM,PROPERTY DAMAGE AND INJURY,2.,0 ,2 ,COLLISION WITH MOTOR VEHICLE,REAR END,TRAFFIC SIGNAL,DAYLIGHT,CLEAR,DRY
6836 ,33961823,MONROE,Rochester,,,Y,43.19384,-77.638874,07/26/2011,4:01 PM,INJURY,1.,0 ,2 ,COLLISION WITH MOTOR VEHICLE,REAR END,TRAFFIC SIGNAL,DAYLIGHT,CLEAR,DRY
6836 ,33961824,MONROE,Rochester,,,Y,43.16487,-77.5563001,07/25/2011,5:58 AM,PROPERTY DAMAGE AND INJURY,1.,0 ,1 ,COLLISION WITH TREE,OTHER,NONE,DAWN,CLEAR,DRY
6836 ,33961825,MONROE,Rochester,,,Y,43.138688,-77.6144481,07/17/2011,7:23 PM,PROPERTY DAMAGE AND INJURY,1.,0 ,2 ,COLLISION WITH MOTOR VEHICLE,SIDESWIPE,STOP SIGN,DAYLIGHT,CLEAR,DRY
6836 ,33961832,MONROE,Rochester,,,Y,43.1504114,-77.552577,07/27/2011,8:04 PM,INJURY,2.,0 ,2 ,COLLISION WITH MOTOR VEHICLE,REAR END,NONE,DAYLIGHT,CLEAR,DRY
6836 ,33961839,MONROE,Rochester,,,Y,43.173852,-77.6590451,07/25/2011,10:46 AM,PROPERTY DAMAGE AND INJURY,1.,0 ,2 ,COLLISION WITH MOTOR VEHICLE,RIGHT ANGLE,TRAFFIC SIGNAL,DAYLIGHT,RAIN,WET
6836 ,33961840,MONROE,Rochester,,,Y,43.142223,-77.6458689,07/14/2011,10:17 PM,PROPERTY DAMAGE AND INJURY,1.,0 ,2 ,COLLISION WITH MOTOR VEHICLE,RIGHT ANGLE,STOP SIGN,DARK-ROAD LIGHTED,CLEAR,DRY
6836 ,33961853,MONROE,Rochester,,,Y,43.143753,-77.593691,07/23/2011,12:48 PM,PROPERTY DAMAGE AND INJURY,1.,0 ,2 ,COLLISION WITH MOTOR VEHICLE,REAR END,TRAFFIC SIGNAL,DAYLIGHT,CLEAR,DRY
6836 ,33961856,MONROE,Rochester,,,Y,43.16131,-77.6029121,07/22/2011,9:12 AM,PROPERTY DAMAGE AND INJURY,1.,0 ,2 ,COLLISION WITH MOTOR VEHICLE,LEFT TURN (WITH OTHER CAR),TRAFFIC SIGNAL,DAYLIGHT,CLEAR,DRY
6836 ,33961857,MONROE,Rochester,,31 43032028,Y,43.158106,-77.625163,07/28/2011,8:46 AM,PROPERTY DAMAGE AND INJURY,3.,0 ,2 ,COLLISION WITH MOTOR VEHICLE,RIGHT ANGLE,TRAFFIC SIGNAL,DAYLIGHT,CLOUDY,DRY
6836 ,33961860,MONROE,Rochester,,,Y,43.180937,-77.631738,07/14/2011,5:36 PM,INJURY,2.,0 ,2 ,COLLISION WITH MOTOR VEHICLE,LEFT TURN (WITH OTHER CAR),TRAFFIC SIGNAL,DAYLIGHT,CLEAR,DRY
6836 ,33962044,MONROE,Rochester,,490I43022004,N,43.1574897,-77.6650701,07/27/2011,8:00 AM,PROPERTY DAMAGE AND INJURY,1.,0 ,2 ,COLLISION WITH MOTOR VEHICLE,OVERTAKING,NONE,DAYLIGHT,CLEAR,DRY
6836 ,33962155,MONROE,Clarkson,,104 43031058,N,43.2253633,-77.8901522,07/18/2011,6:43 PM,PROPERTY DAMAGE AND INJURY,3.,0 ,2 ,COLLISION WITH MOTOR VEHICLE,RIGHT ANGLE,TRAFFIC SIGNAL,DAYLIGHT,CLEAR,DRY
6836 ,33962411,MONROE,Brighton,,96 43051092,Y,43.131691,-77.5323361,07/26/2011,6:02 PM,FATAL,0.,1 ,1 ,COLLISION WITH TREE,OTHER,NONE,DAYLIGHT,CLEAR,DRY
6836 ,33962567,MONROE,Greece,,104 43031153,Y,43.210064,-77.703397,07/21/2011,5:51 PM,PROPERTY DAMAGE AND INJURY,1.,0 ,2 ,COLLISION WITH MOTOR VEHICLE,LEFT TURN (AGAINST OTHER CAR),TRAFFIC SIGNAL,DAYLIGHT,CLEAR,DRY
6836 ,33962568,MONROE,Greece,,18 43031177,N,43.2530674,-77.7013957,07/28/2011,6:39 PM,INJURY,1.,0 ,1 ,COLLISION WITH BICYCLIST,OTHER,STOP SIGN,DAYLIGHT,CLEAR,DRY
6836 ,33962572,MONROE,Greece,,,Y,43.253263,-77.715608,07/21/2011,1:07 PM,PROPERTY DAMAGE AND INJURY,1.,0 ,2 ,COLLISION WITH MOTOR VEHICLE,REAR END,TRAFFIC SIGNAL,DAYLIGHT,CLEAR,DRY
6836 ,33962573,MONROE,Greece,,,N,43.2237519,-77.6579177,07/28/2011,11:09 AM,PROPERTY DAMAGE AND INJURY,2.,0 ,2 ,COLLISION WITH MOTOR VEHICLE,OVERTAKING,OTHER,DAYLIGHT,CLOUDY,DRY
6836 ,33962745,MONROE,Perinton,,250 43011003,N,43.041086,-77.4503824,07/21/2011,10:43 AM,PROPERTY DAMAGE AND INJURY,5.,0 ,4 ,COLLISION WITH MOTOR VEHICLE,OTHER,NONE,DAYLIGHT,CLEAR,DRY
6836 ,33962746,MONROE,Gates,,490I43021168,N,43.1569153,-77.6990169,07/27/2011,3:12 PM,INJURY,1.,0 ,1 ,COLL. W/EARTH ELE./ROCK CUT/DITCH,OTHER,NONE,DAYLIGHT,CLOUDY,DRY
6836 ,33962747,MONROE,Pittsford,,96 43051053,N,43.0856808,-77.5141883,07/16/2011,3:06 PM,PROPERTY DAMAGE AND INJURY,1.,0 ,1 ,COLLISION WITH TREE,OTHER,NONE,DAYLIGHT,CLEAR,DRY
6836 ,33962754,MONROE,Gates,,,N,43.156437,-77.678924,07/28/2011,4:06 PM,PROPERTY DAMAGE AND INJURY,2.,0 ,3 ,COLLISION WITH MOTOR VEHICLE,OTHER,NONE,DAYLIGHT,CLOUDY,DRY
6836 ,33962755,MONROE,Irondequoit,,,Y,43.199611,-77.60035,07/23/2011,7:07 PM,INJURY,2.,0 ,1 ,COLLISION WITH PEDESTRIAN,OTHER,NONE,DAYLIGHT,CLEAR,DRY
6836 ,33962771,MONROE,East Rochester,,,Y,43.112146,-77.48226,07/28/2011,6:37 PM,PROPERTY DAMAGE AND INJURY,1.,0 ,2 ,COLLISION WITH MOTOR VEHICLE,RIGHT ANGLE,STOP SIGN,DAYLIGHT,CLOUDY,DRY
6836 ,33963050,MONROE,Rochester,,,Y,43.170975,-77.60748,07/07/2011,3:28 PM,INJURY,1.,0 ,1 ,COLLISION WITH PEDESTRIAN,OTHER,TRAFFIC SIGNAL,DAYLIGHT,CLEAR,DRY
6836 ,33963054,MONROE,Rochester,,,Y,43.180184,-77.621769,07/28/2011,5:27 PM,INJURY,1.,0 ,2 ,COLLISION WITH MOTOR VEHICLE,HEAD ON,NONE,DAYLIGHT,CLEAR,DRY
6836 ,33963066,MONROE,Rochester,,,N,43.1837654,-77.6102934,07/29/2011,5:47 PM,INJURY,1.,0 ,1 ,COLLISION WITH BICYCLIST,OTHER,NONE,DAYLIGHT,CLEAR,DRY
6836 ,33963068,MONROE,Rochester,,,N,43.2034575,-77.6527801,07/28/2011,4:22 PM,PROPERTY DAMAGE AND INJURY,1.,0 ,2 ,COLLISION WITH OTHER FIXED OBJECT,RIGHT TURN (WITH OTHER CAR),NONE,DAYLIGHT,CLOUDY,WET
6836 ,33963073,MONROE,Rochester,,,Y,43.203058,-77.649304,07/29/2011,2:49 PM,INJURY,1.,0 ,1 ,COLLISION WITH BICYCLIST,OTHER,STOP SIGN,DAYLIGHT,CLOUDY,WET
6836 ,33963189,MONROE,Rochester,,,N,43.159599,-77.5953373,07/14/2011,9:07 AM,PROPERTY DAMAGE AND INJURY,1.,0 ,2 ,COLLISION WITH MOTOR VEHICLE,OVERTAKING,TRAFFIC SIGNAL,DAYLIGHT,CLEAR,DRY
6836 ,33963258,MONROE,Brighton,,,Y,43.126453,-77.564608,07/30/2011,6:18 PM,INJURY,2.,0 ,2 ,COLLISION WITH MOTOR VEHICLE,REAR END,TRAFFIC SIGNAL,DAYLIGHT,CLEAR,DRY
6836 ,33963263,MONROE,Irondequoit,,,N,43.1767658,-77.5453017,07/29/2011,11:51 AM,INJURY,1.,0 ,1 ,COLL. W/LIGHT SUPPORT/UTILITY POLE,OTHER,NONE,DAYLIGHT,RAIN,WET
6836 ,33963266,MONROE,Parma,,18 43031097,N,43.287695,-77.814011,07/24/2011,2:15 PM,INJURY,1.,0 ,1 ,OTHER NON-COLLISION,OTHER,NONE,DAYLIGHT,CLEAR,DRY
6836 ,33963267,MONROE,Mendon,,64 43021032,N,42.9872768,-77.5033428,07/29/2011,1:00 PM,PROPERTY DAMAGE AND INJURY,2.,0 ,3 ,COLLISION WITH MOTOR VEHICLE,OTHER,OTHER,DAYLIGHT,CLEAR,DRY
6836 ,33963268,MONROE,Henrietta,,252 43011083,Y,43.0872615,-77.6093239,07/28/2011,3:18 PM,PROPERTY DAMAGE AND INJURY,3.,0 ,4 ,COLLISION WITH MOTOR VEHICLE,OTHER,TRAFFIC SIGNAL,DAYLIGHT,CLOUDY,DRY
6836 ,33963463,MONROE,Greece,,,Y,43.253021,-77.696443,05/17/2011,10:10 AM,PROPERTY DAMAGE AND INJURY,1.,0 ,2 ,COLLISION WITH MOTOR VEHICLE,REAR END,UNKNOWN,UNKNOWN,UNKNOWN,UNKNOWN
6836 ,33963523,MONROE,Rochester,,,Y,43.150263,-77.636096,06/25/2011,11:55 AM,INJURY,4.,0 ,2 ,COLLISION WITH MOTOR VEHICLE,UNKNOWN,TRAFFIC SIGNAL,DAYLIGHT,CLOUDY,DRY
6836 ,33963526,MONROE,Greece,,,Y,43.238474,-77.696648,06/17/2011,7:55 AM,INJURY,1.,0 ,1 ,COLLISION WITH BICYCLIST,OTHER,TRAFFIC SIGNAL,DAYLIGHT,CLEAR,DRY
6836 ,33963640,MONROE,Greece,,,N,43.2392377,-77.6966336,06/27/2011,11:10 AM,PROPERTY DAMAGE AND INJURY,1.,0 ,2 ,COLLISION WITH MOTOR VEHICLE,RIGHT ANGLE,NONE,DAYLIGHT,CLEAR,DRY
6836 ,33963641,MONROE,Greece,,,N,43.22375,-77.6597932,06/27/2011,10:45 AM,INJURY,1.,0 ,1 ,COLLISION WITH BICYCLIST,OTHER,STOP SIGN,DAYLIGHT,CLEAR,DRY
6836 ,33963749,MONROE,Chili,,,N,43.1162784,-77.7350292,06/20/2011,3:17 PM,PROPERTY DAMAGE AND INJURY,1.,0 ,2 ,COLLISION WITH MOTOR VEHICLE,UNKNOWN,NONE,DAYLIGHT,CLEAR,DRY
6836 ,33964635,MONROE,Rochester,,,Y,43.18474,-77.599439,07/02/2011,9:37 AM,PROPERTY DAMAGE AND INJURY,1.,0 ,2 ,COLLISION WITH MOTOR VEHICLE,LEFT TURN (AGAINST OTHER CAR),NONE,DAYLIGHT,CLEAR,DRY
6836 ,33964637,MONROE,Rochester,,,Y,43.149965,-77.647525,07/02/2011,8:57 AM,INJURY,1.,0 ,1 ,OTHER NON-COLLISION,OTHER,NONE,DAYLIGHT,CLEAR,DRY
6836 ,33964638,MONROE,Rochester,,,Y,43.154924,-77.600816,07/06/2011,1:30 PM,INJURY,1.,0 ,2 ,COLLISION WITH MOTOR VEHICLE,REAR END,TRAFFIC SIGNAL,DAYLIGHT,CLOUDY,DRY
6836 ,33964952,MONROE,Henrietta,,,N,43.0931157,-77.5700744,06/21/2011,4:00 PM,PROPERTY DAMAGE AND INJURY,1.,0 ,2 ,COLLISION WITH MOTOR VEHICLE,REAR END,RR CROSSING GATES,DAYLIGHT,CLEAR,DRY
6836 ,33965188,MONROE,Rochester,,,Y,43.132053,-77.650929,07/03/2011,10:13 AM,PROPERTY DAMAGE AND INJURY,2.,0 ,2 ,COLLISION WITH MOTOR VEHICLE,HEAD ON,NONE,DAYLIGHT,CLEAR,DRY
6836 ,33965608,MONROE,Rochester,,,N,43.151731,-77.6388869,07/26/2011,5:15 AM,INJURY,1.,0 ,1 ,COLLISION WITH BICYCLIST,OTHER,NONE,DAWN,CLEAR,DRY
6836 ,33965616,MONROE,Rochester,,,Y,43.186184,-77.638879,07/13/2011,12:37 PM,INJURY,1.,0 ,1 ,COLLISION WITH BICYCLIST,OTHER,NONE,DAYLIGHT,CLEAR,DRY
6836 ,33965621,MONROE,Rochester,,,Y,43.15939,-77.65956,07/10/2011,9:14 PM,INJURY,1.,0 ,2 ,COLLISION WITH MOTOR VEHICLE,LEFT TURN (WITH OTHER CAR),TRAFFIC SIGNAL,DARK-ROAD LIGHTED,CLEAR,DRY
6836 ,33965875,MONROE,Gates,,,N,43.1723395,-77.7009484,07/10/2011,11:53 AM,INJURY,1.,0 ,1 ,COLLISION WITH PEDESTRIAN,OTHER,NONE,DAYLIGHT,CLEAR,DRY
6836 ,33965936,MONROE,Rochester,,104 43032020,N,43.1939595,-77.6236698,07/27/2011,7:25 PM,PROPERTY DAMAGE AND INJURY,1.,0 ,1 ,COLLISION WITH CURBING,OTHER,NONE,DAYLIGHT,CLOUDY,DRY
6836 ,33966032,MONROE,Greece,,,Y,43.252956,-77.64679,07/18/2011,3:35 PM,INJURY,1.,0 ,1 ,COLLISION WITH BICYCLIST,OTHER,TRAFFIC SIGNAL,DAYLIGHT,CLEAR,DRY
6836 ,33966033,MONROE,Greece,,,Y,43.223681,-77.69681,07/30/2011,5:49 PM,INJURY,1.,0 ,2 ,COLLISION WITH MOTOR VEHICLE,REAR END,TRAFFIC SIGNAL,DAYLIGHT,CLEAR,DRY
6836 ,33966038,MONROE,Greece,,,Y,43.223681,-77.69681,07/29/2011,6:00 PM,INJURY,1.,0 ,2 ,COLLISION WITH MOTOR VEHICLE,REAR END,TRAFFIC SIGNAL,DAYLIGHT,CLEAR,DRY
6836 ,33966041,MONROE,Greece,,,Y,43.223694,-77.671001,07/24/2011,9:15 PM,INJURY,1.,0 ,1 ,COLLISION WITH BICYCLIST,OTHER,STOP SIGN,DARK-ROAD LIGHTED,CLEAR,DRY
6836 ,33966274,MONROE,Parma,,,Y,43.244333,-77.7515,07/18/2011,8:13 PM,PROPERTY DAMAGE AND INJURY,2.,0 ,2 ,COLLISION WITH MOTOR VEHICLE,RIGHT ANGLE,STOP SIGN,DUSK,CLOUDY,DRY
6836 ,33966277,MONROE,Riga,,33A43021059,N,43.0777112,-77.8248641,07/30/2011,5:29 PM,PROPERTY DAMAGE AND INJURY,1.,0 ,2 ,COLLISION WITH MOTOR VEHICLE,REAR END,NONE,DAYLIGHT,CLEAR,DRY
6836 ,33966278,MONROE,Riga,,,N,43.0726181,-77.8275206,07/21/2011,3:40 PM,INJURY,1.,0 ,2 ,COLLISION WITH MOTOR VEHICLE,RIGHT ANGLE,NONE,DAYLIGHT,CLEAR,DRY
6836 ,33966281,MONROE,Sweden,,19 43041026,N,43.1700553,-77.942656,07/09/2011,8:07 PM,PROPERTY DAMAGE AND INJURY,1.,0 ,1 ,COLLISION WITH CULVERT/HEADWALL,OTHER,NONE,DUSK,CLEAR,DRY
6836 ,33966282,MONROE,Mendon,,,N,43.0081366,-77.5266773,07/30/2011,7:50 AM,PROPERTY DAMAGE AND INJURY,1.,0 ,1 ,COLLISION WITH TREE,OTHER,NONE,DAYLIGHT,CLEAR,DRY
6836 ,33966292,MONROE,Chili,,259 43011026,N,43.1216437,-77.8062078,07/16/2011,8:39 PM,PROPERTY DAMAGE AND INJURY,1.,0 ,1 ,COLLISION WITH BICYCLIST,OTHER,NONE,DUSK,CLEAR,DRY
6836 ,33966295,MONROE,Clarkson,,,Y,43.246031,-77.963911,07/01/2011,4:28 PM,PROPERTY DAMAGE AND INJURY,1.,0 ,2 ,COLLISION WITH MOTOR VEHICLE,LEFT TURN (AGAINST OTHER CAR),TRAFFIC SIGNAL,DAYLIGHT,CLEAR,DRY
6836 ,33966298,MONROE,Gates,,,N,43.1736749,-77.7202147,07/31/2011,2:14 AM,PROPERTY DAMAGE AND INJURY,1.,0 ,1 ,COLLISION WITH OTHER FIXED OBJECT,OTHER,NONE,DARK-ROAD LIGHTED,CLEAR,DRY
6836 ,33966303,MONROE,East Rochester,,,N,43.1121627,-77.4886234,07/30/2011,11:30 AM,INJURY,1.,0 ,1 ,COLLISION WITH MOTOR VEHICLE,OTHER,NONE,DAYLIGHT,CLOUDY,DRY
6836 ,33966370,MONROE,Rochester,,,Y,43.175835,-77.575052,07/28/2011,7:19 PM,PROPERTY DAMAGE AND INJURY,3.,0 ,4 ,COLLISION WITH MOTOR VEHICLE,OTHER,STOP SIGN,DAYLIGHT,CLEAR,DRY
6836 ,33966373,MONROE,Rochester,,,Y,43.154089,-77.605099,07/30/2011,5:30 PM,PROPERTY DAMAGE AND INJURY,2.,0 ,2 ,COLLISION WITH MOTOR VEHICLE,RIGHT ANGLE,TRAFFIC SIGNAL,DAYLIGHT,CLEAR,DRY
6836 ,33966385,MONROE,Rochester,,,N,43.1758828,-77.5736818,07/31/2011,4:05 AM,PROPERTY DAMAGE AND INJURY,1.,0 ,2 ,COLLISION WITH MOTOR VEHICLE,OVERTAKING,NONE,DARK-ROAD LIGHTED,CLEAR,DRY
6836 ,33966386,MONROE,Rochester,,,Y,43.163936,-77.582583,07/30/2011,12:30 PM,PROPERTY DAMAGE AND INJURY,1.,0 ,2 ,COLLISION WITH MOTOR VEHICLE,RIGHT TURN (AGAINST OTHER CAR),TRAFFIC SIGNAL,DAYLIGHT,CLEAR,DRY
6836 ,33966574,MONROE,Rochester,,,Y,43.130133,-77.6108911,08/01/2011,3:47 PM,INJURY,1.,0 ,2 ,COLLISION WITH MOTOR VEHICLE,REAR END,TRAFFIC SIGNAL,DAYLIGHT,CLEAR,DRY
6836 ,33966575,MONROE,Rochester,,,N,43.1392671,-77.6249026,07/29/2011,5:28 PM,PROPERTY DAMAGE AND INJURY,1.,0 ,2 ,COLLISION WITH MOTOR VEHICLE,OVERTAKING,NONE,DAYLIGHT,CLEAR,DRY
6836 ,33966576,MONROE,Rochester,,,Y,43.156599,-77.608896,07/31/2011,3:25 PM,PROPERTY DAMAGE AND INJURY,4.,0 ,3 ,COLLISION WITH MOTOR VEHICLE,OTHER,TRAFFIC SIGNAL,DAYLIGHT,CLEAR,WET
6836 ,33966579,MONROE,Rochester,,,Y,43.121723,-77.6214051,07/29/2011,6:46 PM,INJURY,2.,0 ,2 ,COLLISION WITH MOTOR VEHICLE,RIGHT ANGLE,TRAFFIC SIGNAL,DAYLIGHT,CLEAR,DRY
6836 ,33966919,MONROE,Brighton,,,Y,43.111727,-77.623926,08/01/2011,9:43 AM,PROPERTY DAMAGE AND INJURY,1.,0 ,2 ,COLLISION WITH MOTOR VEHICLE,REAR END,TRAFFIC SIGNAL,DAYLIGHT,CLEAR,DRY
6836 ,33966920,MONROE,Hamlin,,,N,43.3133857,-77.9108619,07/30/2011,7:24 PM,PROPERTY DAMAGE AND INJURY,1.,0 ,2 ,COLLISION WITH MOTOR VEHICLE,REAR END,NONE,DAYLIGHT,CLEAR,DRY
6836 ,33966921,MONROE,Henrietta,,,Y,43.062035,-77.656687,08/01/2011,7:39 PM,INJURY,1.,0 ,1 ,COLLISION WITH PEDESTRIAN,OTHER,STOP SIGN,DAYLIGHT,CLEAR,DRY
6836 ,33966930,MONROE,Irondequoit,,,N,43.1716872,-77.5508103,07/31/2011,11:15 AM,PROPERTY DAMAGE AND INJURY,1.,0 ,1 ,COLLISION WITH TREE,OTHER,NONE,DAYLIGHT,CLEAR,DRY