QUERYID,CASE #,REGN_CNTY_CDE,Municipality,MUNITYPE,REF_MRKR,ATINTERSECTION_IND,Lat,Long,,Time,Crash Type,Injuries,Fatalities,Number of Vehicles,ACCD_TYP,COLLISION_TYP,TRAF_CNTL,Light Condition,Weather Condition,Road Surface Condition
6836 ,33966935,MONROE,Gates,,,Y,43.174769,-77.732359,07/31/2011,11:33 AM,PROPERTY DAMAGE AND INJURY,2.,0 ,3 ,COLLISION WITH MOTOR VEHICLE,OTHER,TRAFFIC SIGNAL,DAYLIGHT,CLOUDY,DRY
6836 ,33966936,MONROE,Honeoye Falls,,65 43031013,N,42.9593314,-77.5886135,07/30/2011,10:03 PM,PROPERTY DAMAGE AND INJURY,1.,0 ,1 ,COLL. W/LIGHT SUPPORT/UTILITY POLE,OTHER,NONE,DARK-ROAD LIGHTED,CLEAR,DRY
6836 ,33966939,MONROE,Penfield,,441 43011057,Y,43.130609,-77.432329,07/28/2011,3:50 PM,PROPERTY DAMAGE AND INJURY,1.,0 ,2 ,COLLISION WITH MOTOR VEHICLE,REAR END,TRAFFIC SIGNAL,DAYLIGHT,CLOUDY,DRY
6836 ,33966940,MONROE,Brighton,,31 43033007,Y,43.127097,-77.565327,08/01/2011,11:00 AM,PROPERTY DAMAGE AND INJURY,2.,0 ,2 ,COLLISION WITH MOTOR VEHICLE,RIGHT ANGLE,NONE,DAYLIGHT,CLEAR,DRY
6836 ,33967089,MONROE,Rochester,,,Y,43.156599,-77.608896,07/05/2011,3:50 PM,INJURY,1.,0 ,1 ,COLLISION WITH PEDESTRIAN,OTHER,NONE,DAYLIGHT,CLEAR,DRY
6836 ,33967096,MONROE,Chili,,,N,43.1162175,-77.7459278,07/14/2011,4:51 PM,PROPERTY DAMAGE AND INJURY,1.,0 ,3 ,COLLISION WITH MOTOR VEHICLE,OTHER,NONE,DAYLIGHT,CLEAR,DRY
6836 ,33967433,MONROE,Rochester,,,N,43.158708,-77.615797,07/10/2011,2:12 PM,PROPERTY DAMAGE AND INJURY,4.,0 ,2 ,COLLISION WITH MOTOR VEHICLE,RIGHT ANGLE,TRAFFIC SIGNAL,DAYLIGHT,CLOUDY,DRY
6836 ,33967607,MONROE,Greece,,,N,43.2030345,-77.6974642,08/01/2011,1:47 PM,PROPERTY DAMAGE AND INJURY,1.,0 ,2 ,COLLISION WITH MOTOR VEHICLE,LEFT TURN (WITH OTHER CAR),TRAFFIC SIGNAL,DAYLIGHT,CLEAR,DRY
6836 ,33967644,MONROE,Rochester,,,Y,43.196757,-77.6321421,07/26/2011,1:05 PM,INJURY,2.,0 ,1 ,COLLISION WITH PEDESTRIAN,OTHER,TRAFFIC SIGNAL,DAYLIGHT,CLEAR,DRY
6836 ,33967647,MONROE,Rochester,,,N,43.1646368,-77.6268826,07/31/2011,11:30 AM,INJURY,1.,0 ,2 ,COLLISION WITH MOTOR VEHICLE,OVERTAKING,NONE,DAYLIGHT,CLEAR,DRY
6836 ,33967649,MONROE,Rochester,,,Y,43.1732538,-77.5820562,07/17/2011,2:55 PM,INJURY,1.,0 ,1 ,COLLISION WITH BICYCLIST,OTHER,NONE,DAYLIGHT,CLEAR,DRY
6836 ,33967658,MONROE,Rochester,,,N,43.1244598,-77.6463299,06/03/2011,1:47 PM,INJURY,1.,0 ,1 ,COLLISION WITH MOTOR VEHICLE,OTHER,STOP SIGN,DAYLIGHT,CLEAR,DRY
6836 ,33967661,MONROE,Rochester,,,N,43.1833445,-77.5652414,08/01/2011,9:05 AM,PROPERTY DAMAGE AND INJURY,5.,0 ,1 ,COLLISION WITH BUILDING/WALL,OTHER,NONE,DAYLIGHT,CLEAR,DRY
6836 ,33968006,MONROE,Webster,,,Y,43.237619,-77.4615269,07/31/2011,10:28 PM,PROPERTY DAMAGE AND INJURY,1.,0 ,1 ,COLLISION WITH TREE,OTHER,STOP SIGN,DARK-ROAD UNLIGHTED,CLEAR,DRY
6836 ,33968007,MONROE,Brighton,,15A43041128,N,43.108007,-77.615937,08/02/2011,1:28 PM,INJURY,1.,0 ,2 ,COLLISION WITH MOTOR VEHICLE,REAR END,TRAFFIC SIGNAL,DAYLIGHT,CLEAR,DRY
6836 ,33968010,MONROE,Perinton,,,Y,43.074517,-77.432131,07/08/2011,5:07 PM,PROPERTY DAMAGE AND INJURY,1.,0 ,2 ,COLLISION WITH MOTOR VEHICLE,REAR END,NONE,DAYLIGHT,CLEAR,DRY
6836 ,33968012,MONROE,Henrietta,,,N,43.083027,-77.629634,08/01/2011,10:06 PM,INJURY,1.,0 ,2 ,COLLISION WITH MOTOR VEHICLE,REAR END,TRAFFIC SIGNAL,DARK-ROAD LIGHTED,CLEAR,DRY
6836 ,33968015,MONROE,Webster,,250 43011147,N,43.2459977,-77.4287364,07/30/2011,2:56 PM,PROPERTY DAMAGE AND INJURY,1.,0 ,2 ,COLLISION WITH MOTOR VEHICLE,RIGHT TURN (WITH OTHER CAR),STOP SIGN,DAYLIGHT,CLEAR,DRY
6836 ,33968016,MONROE,Webster,,404 43035085,N,43.208262,-77.4627872,07/27/2011,3:59 PM,INJURY,1.,0 ,1 ,COLLISION WITH PEDESTRIAN,OTHER,NONE,DAYLIGHT,CLOUDY,DRY
6836 ,33968336,MONROE,Rochester,,,Y,43.180585,-77.6079719,07/31/2011,9:18 PM,INJURY,1.,0 ,1 ,COLLISION WITH PEDESTRIAN,OTHER,TRAFFIC SIGNAL,DARK-ROAD LIGHTED,CLEAR,DRY
6836 ,33968562,MONROE,Rochester,,,Y,43.173852,-77.6590451,06/18/2011,7:00 PM,PROPERTY DAMAGE AND INJURY,1.,0 ,2 ,COLLISION WITH MOTOR VEHICLE,RIGHT TURN (AGAINST OTHER CAR),TRAFFIC SIGNAL,DAYLIGHT,CLEAR,DRY
6836 ,33968997,MONROE,Greece,,,N,43.2209902,-77.7036313,06/16/2011,10:22 PM,PROPERTY DAMAGE AND INJURY,1.,0 ,2 ,COLLISION WITH MOTOR VEHICLE,REAR END,NONE,DARK-ROAD UNLIGHTED,CLEAR,DRY
6836 ,33969516,MONROE,Rochester,,,Y,43.1828,-77.582952,07/29/2011,7:23 PM,INJURY,1.,0 ,1 ,COLLISION WITH BICYCLIST,OTHER,STOP SIGN,DAYLIGHT,CLEAR,DRY
6836 ,33969732,MONROE,Clarkson,,104 43031014,N,43.2496596,-77.9724792,07/31/2011,5:52 AM,PROPERTY DAMAGE AND INJURY,1.,0 ,1 ,OTHER NON-COLLISION,OTHER,NONE,DAWN,CLOUDY,DRY
6836 ,33969748,MONROE,Greece,,390 43011027,N,43.1971412,-77.6809898,08/02/2011,9:28 PM,PROPERTY DAMAGE AND INJURY,1.,0 ,3 ,COLLISION WITH MOTOR VEHICLE,OTHER,HIGHWAY WORK AREA,DARK-ROAD LIGHTED,CLOUDY,DRY
6836 ,33969763,MONROE,Brighton,,,N,43.1333923,-77.5287729,08/03/2011,11:44 AM,PROPERTY DAMAGE AND INJURY,1.,0 ,1 ,COLLISION WITH SIGN POST,OTHER,NONE,DAYLIGHT,RAIN,WET
6836 ,33969767,MONROE,Rochester,,,Y,43.1636655,-77.5779237,07/31/2011,10:03 PM,INJURY,1.,0 ,1 ,COLLISION WITH TREE,OTHER,NONE,DARK-ROAD LIGHTED,CLEAR,DRY
6836 ,33969786,MONROE,Parma,,947A43021123,N,43.3348103,-77.7603385,08/01/2011,6:00 AM,PROPERTY DAMAGE AND INJURY,1.,0 ,1 ,COLL. W/EARTH ELE./ROCK CUT/DITCH,OTHER,NONE,DAWN,CLOUDY,DRY
6836 ,33969799,MONROE,Fairport,,31F43011040,N,43.0985364,-77.4423434,07/26/2011,10:31 AM,PROPERTY DAMAGE AND INJURY,2.,0 ,3 ,COLLISION WITH MOTOR VEHICLE,OTHER,TRAFFIC SIGNAL,DAYLIGHT,CLEAR,DRY
6836 ,33969940,MONROE,Brighton,,441 43011107,N,43.12676,-77.51768,08/03/2011,3:27 PM,PROPERTY DAMAGE AND INJURY,1.,0 ,2 ,COLLISION WITH MOTOR VEHICLE,LEFT TURN (WITH OTHER CAR),TRAFFIC SIGNAL,DAYLIGHT,RAIN,WET
6836 ,33969996,MONROE,Brighton,,,Y,43.115322,-77.596989,08/03/2011,1:46 PM,PROPERTY DAMAGE AND INJURY,2.,0 ,2 ,COLLISION WITH MOTOR VEHICLE,RIGHT ANGLE,TRAFFIC SIGNAL,DAYLIGHT,RAIN,WET
6836 ,33970008,MONROE,Gates,,390I43031001,N,43.137714,-77.6664244,08/01/2011,5:43 PM,INJURY,1.,0 ,2 ,COLLISION WITH MOTOR VEHICLE,REAR END,NONE,DAYLIGHT,CLOUDY,DRY
6836 ,33970141,MONROE,Gates,,386 43011116,Y,43.167237,-77.732406,08/03/2011,12:21 PM,PROPERTY DAMAGE AND INJURY,1.,0 ,2 ,COLLISION WITH MOTOR VEHICLE,REAR END,NONE,DAYLIGHT,RAIN,WET
6836 ,33970148,MONROE,Irondequoit,,,N,43.2001741,-77.5770904,07/26/2011,11:21 AM,PROPERTY DAMAGE AND INJURY,1.,0 ,1 ,OVERTURNED,OTHER,NONE,DAYLIGHT,CLOUDY,DRY
6836 ,33970162,MONROE,Rochester,,590 43012004,N,43.1638876,-77.5390073,08/02/2011,7:52 AM,PROPERTY DAMAGE AND INJURY,1.,0 ,3 ,COLLISION WITH MOTOR VEHICLE,OTHER,NONE,DAYLIGHT,CLEAR,DRY
6836 ,33970975,MONROE,Rochester,,,Y,43.19168,-77.638874,07/15/2011,11:31 AM,PROPERTY DAMAGE AND INJURY,2.,0 ,2 ,COLLISION WITH MOTOR VEHICLE,LEFT TURN (AGAINST OTHER CAR),NONE,DAYLIGHT,CLEAR,DRY
6836 ,33971166,MONROE,Greece,,18 43031161,N,43.2536284,-77.7337873,08/01/2011,3:02 AM,PROPERTY DAMAGE AND INJURY,1.,0 ,1 ,COLLISION WITH SIGN POST,OTHER,NONE,DARK-ROAD LIGHTED,CLOUDY,DRY
6836 ,33971204,MONROE,Henrietta,,,Y,43.068363,-77.627475,07/31/2011,2:24 PM,INJURY,1.,0 ,2 ,COLLISION WITH MOTOR VEHICLE,REAR END,TRAFFIC SIGNAL,DAYLIGHT,CLEAR,DRY
6836 ,33971248,MONROE,Wheatland,,,N,43.0297571,-77.7294924,07/31/2011,3:57 PM,PROPERTY DAMAGE AND INJURY,1.,0 ,1 ,COLLISION WITH TREE,OTHER,NONE,DAYLIGHT,CLEAR,DRY
6836 ,33971350,MONROE,Rochester,,,N,43.205695,-77.6297119,07/31/2011,4:20 PM,INJURY,1.,0 ,1 ,COLLISION WITH BICYCLIST,OTHER,NONE,DAYLIGHT,CLEAR,DRY
6836 ,33971394,MONROE,Rochester,,,Y,43.148802,-77.568821,08/04/2011,6:58 PM,INJURY,1.,0 ,1 ,COLLISION WITH BICYCLIST,OTHER,NONE,DAYLIGHT,CLEAR,DRY
6836 ,33971510,MONROE,Webster,,104 43035089,N,43.2099702,-77.4509064,08/04/2011,5:20 PM,INJURY,1.,0 ,1 ,COLLISION WITH PEDESTRIAN,OTHER,STOP SIGN,DAYLIGHT,CLEAR,DRY
6836 ,33971552,MONROE,Henrietta,,,N,43.09477,-77.6131769,08/04/2011,11:10 AM,PROPERTY DAMAGE AND INJURY,2.,0 ,3 ,COLLISION WITH MOTOR VEHICLE,OTHER,TRAFFIC SIGNAL,DAYLIGHT,CLEAR,DRY
6836 ,33971696,MONROE,Mendon,,,N,42.9795459,-77.5273642,07/30/2011,10:10 AM,PROPERTY DAMAGE AND INJURY,1.,0 ,1 ,COLLISION WITH TREE,OTHER,NONE,DAYLIGHT,CLEAR,DRY
6836 ,33971717,MONROE,Henrietta,,253 43011058,Y,43.058674,-77.652082,08/02/2011,3:37 PM,INJURY,1.,0 ,2 ,COLLISION WITH MOTOR VEHICLE,LEFT TURN (AGAINST OTHER CAR),TRAFFIC SIGNAL,DAYLIGHT,CLEAR,DRY
6836 ,33971728,MONROE,Greece,,104 43031140,N,43.214009,-77.7297295,08/01/2011,8:45 PM,PROPERTY DAMAGE AND INJURY,2.,0 ,3 ,COLLISION WITH MOTOR VEHICLE,OTHER,NONE,DUSK,CLEAR,DRY
6836 ,33972056,MONROE,Rochester,,,Y,43.187827,-77.5705351,07/21/2011,10:42 PM,INJURY,1.,0 ,1 ,COLLISION WITH PEDESTRIAN,OTHER,NONE,DARK-ROAD LIGHTED,CLEAR,DRY
6836 ,33972140,MONROE,Pittsford,,,Y,43.081002,-77.494156,06/19/2011,12:00 AM,INJURY,1.,0 ,2 ,COLLISION WITH MOTOR VEHICLE,REAR END,TRAFFIC SIGNAL,DAYLIGHT,CLEAR,DRY
6836 ,33972170,MONROE,Rochester,,,N,43.173846,-77.6486188,07/19/2011,12:38 PM,INJURY,3.,0 ,3 ,COLLISION WITH MOTOR VEHICLE,OTHER,RR CROSSING SIGN,DAYLIGHT,CLEAR,DRY
6836 ,33972454,MONROE,Rochester,,,Y,43.148669,-77.60621,07/04/2011,9:30 PM,PROPERTY DAMAGE AND INJURY,4.,0 ,2 ,COLLISION WITH MOTOR VEHICLE,UNKNOWN,TRAFFIC SIGNAL,UNKNOWN,UNKNOWN,UNKNOWN
6836 ,33973409,MONROE,Rochester,,590 43012001,N,43.1588855,-77.5393857,07/29/2011,2:27 AM,PROPERTY DAMAGE AND INJURY,1.,0 ,1 ,COLL. W/LIGHT SUPPORT/UTILITY POLE,OTHER,NONE,DARK-ROAD LIGHTED,CLEAR,DRY
6836 ,33973410,MONROE,Brighton,,590 43012000,N,43.1578412,-77.5388891,08/01/2011,10:07 PM,PROPERTY DAMAGE AND INJURY,1.,0 ,3 ,COLLISION WITH MOTOR VEHICLE,OTHER,NONE,DARK-ROAD LIGHTED,CLEAR,DRY
6836 ,33973418,MONROE,Irondequoit,,,Y,43.221975,-77.551475,07/30/2011,4:09 AM,PROPERTY DAMAGE AND INJURY,2.,0 ,2 ,COLLISION WITH MOTOR VEHICLE,REAR END,STOP SIGN,DARK-ROAD LIGHTED,CLEAR,DRY
6836 ,33973425,MONROE,Honeoye Falls,,,Y,42.952843,-77.5909701,07/29/2011,5:13 PM,INJURY,1.,0 ,1 ,COLLISION WITH BICYCLIST,OTHER,TRAFFIC SIGNAL,DAYLIGHT,CLEAR,DRY
6836 ,33973561,MONROE,Rochester,,940T43011006,N,43.1599068,-77.6137376,08/04/2011,5:49 PM,PROPERTY DAMAGE AND INJURY,1.,0 ,3 ,COLLISION WITH MOTOR VEHICLE,OTHER,YIELD SIGN,DAYLIGHT,CLEAR,DRY
6836 ,33973670,MONROE,Henrietta,,,N,43.0422479,-77.6951582,07/28/2011,12:33 PM,INJURY,1.,0 ,1 ,COLLISION WITH OTHER,OTHER,HIGHWAY WORK AREA,DAYLIGHT,CLOUDY,DRY
6836 ,33973676,MONROE,Mendon,,,N,43.0273875,-77.5068502,08/01/2011,11:50 PM,PROPERTY DAMAGE AND INJURY,1.,0 ,3 ,COLLISION WITH MOTOR VEHICLE,OTHER,NONE,DARK-ROAD UNLIGHTED,CLEAR,DRY
6836 ,33973870,MONROE,Rochester,,490I43022021,N,43.1565158,-77.6330995,07/29/2011,3:07 AM,PROPERTY DAMAGE AND INJURY,1.,0 ,1 ,COLLISION WITH OTHER BARRIER,OTHER,NONE,DARK-ROAD LIGHTED,CLOUDY,DRY
6836 ,33973894,MONROE,Rush,,251 43011166,N,43.0028238,-77.6523852,08/04/2011,4:00 PM,PROPERTY DAMAGE AND INJURY,1.,0 ,1 ,COLL. W/EARTH ELE./ROCK CUT/DITCH,OTHER,NONE,DAYLIGHT,CLEAR,DRY
6836 ,33973903,MONROE,Irondequoit,,,Y,43.211046,-77.585548,08/04/2011,9:50 PM,PROPERTY DAMAGE AND INJURY,2.,0 ,2 ,COLLISION WITH MOTOR VEHICLE,RIGHT ANGLE,TRAFFIC SIGNAL,DARK-ROAD LIGHTED,CLEAR,DRY
6836 ,33973913,MONROE,Henrietta,,,N,43.0742113,-77.6116153,07/01/2011,4:33 PM,INJURY,1.,0 ,1 ,COLLISION WITH MOTOR VEHICLE,OTHER,STOP SIGN,DAYLIGHT,CLEAR,DRY
6836 ,33973953,MONROE,Irondequoit,,590 43013010,N,43.1813481,-77.5429672,08/03/2011,8:35 AM,PROPERTY DAMAGE AND INJURY,1.,0 ,1 ,COLLISION WITH SIGN POST,OTHER,NONE,DAYLIGHT,RAIN,WET
6836 ,33974023,MONROE,Greece,,104 43031167,N,43.2070733,-77.6780743,08/03/2011,4:06 PM,PROPERTY DAMAGE AND INJURY,1.,0 ,2 ,COLLISION WITH MOTOR VEHICLE,REAR END,TRAFFIC SIGNAL,DAYLIGHT,RAIN,WET
6836 ,33974232,MONROE,Rush,,,Y,42.961496,-77.664045,08/06/2011,2:15 PM,PROPERTY DAMAGE AND INJURY,1.,0 ,2 ,COLLISION WITH MOTOR VEHICLE,RIGHT ANGLE,STOP SIGN,DAYLIGHT,CLEAR,DRY
6836 ,33974239,MONROE,Penfield,,441 43011041,N,43.13124,-77.4639629,08/06/2011,4:15 PM,INJURY,1.,0 ,1 ,OTHER NON-COLLISION,OTHER,TRAFFIC SIGNAL,DAYLIGHT,CLOUDY,DRY
6836 ,33974240,MONROE,Perinton,,,N,43.0788143,-77.4854499,07/28/2011,10:28 AM,INJURY,1.,0 ,2 ,COLLISION WITH MOTOR VEHICLE,REAR END,NONE,DAYLIGHT,CLOUDY,DRY
6836 ,33974245,MONROE,Mendon,,64 43021008,N,42.9533093,-77.4944936,08/05/2011,4:50 AM,PROPERTY DAMAGE AND INJURY,1.,0 ,1 ,COLLISION WITH ANIMAL,OTHER,NONE,DARK-ROAD UNLIGHTED,CLEAR,DRY
6836 ,33974250,MONROE,Rush,,,Y,43.01772,-77.6677101,08/04/2011,11:05 AM,INJURY,1.,0 ,2 ,COLLISION WITH MOTOR VEHICLE,LEFT TURN (AGAINST OTHER CAR),NO PASSING ZONE,DAYLIGHT,CLEAR,DRY
6836 ,33974251,MONROE,Penfield,,,Y,43.12847,-77.4323561,08/04/2011,4:44 PM,INJURY,1.,0 ,2 ,COLLISION WITH MOTOR VEHICLE,REAR END,NO PASSING ZONE,DAYLIGHT,CLEAR,DRY
6836 ,33974397,MONROE,Brighton,,,Y,43.096566,-77.606188,07/25/2011,3:35 PM,PROPERTY DAMAGE AND INJURY,1.,0 ,1 ,COLLISION WITH SIGN POST,OTHER,NONE,DAYLIGHT,CLEAR,DRY
6836 ,33975012,MONROE,Gates,,33 43031114,Y,43.144474,-77.724006,04/12/2011,3:26 PM,PROPERTY DAMAGE AND INJURY,2.,0 ,2 ,COLLISION WITH MOTOR VEHICLE,REAR END,NONE,DAYLIGHT,CLEAR,DRY
6836 ,33975916,MONROE,Perinton,,,N,43.0882072,-77.4280363,07/09/2011,3:33 PM,INJURY,1.,0 ,1 ,COLLISION WITH BICYCLIST,OTHER,NONE,DAYLIGHT,CLEAR,DRY
6836 ,33975936,MONROE,Greece,,104 43031166,N,43.207247,-77.6791739,07/01/2011,2:00 PM,INJURY,1.,0 ,2 ,COLLISION WITH MOTOR VEHICLE,REAR END,TRAFFIC SIGNAL,DAYLIGHT,CLEAR,DRY
6836 ,33975940,MONROE,Greece,,,Y,43.237503,-77.650863,07/04/2011,12:04 PM,PROPERTY DAMAGE AND INJURY,1.,0 ,1 ,COLLISION WITH TREE,OTHER,STOP SIGN,DAYLIGHT,CLEAR,DRY
6836 ,33975941,MONROE,Rochester,,,N,43.1847114,-77.645536,07/02/2011,6:45 PM,INJURY,1.,0 ,1 ,COLLISION WITH PEDESTRIAN,OTHER,NONE,DAYLIGHT,CLEAR,DRY
6836 ,33975942,MONROE,Rochester,,,N,43.2008725,-77.6397716,07/02/2011,7:10 PM,PROPERTY DAMAGE AND INJURY,1.,0 ,2 ,COLLISION WITH MOTOR VEHICLE,REAR END,NONE,DAYLIGHT,CLEAR,DRY
6836 ,33975943,MONROE,Rochester,,,Y,43.139361,-77.636009,07/02/2011,11:30 AM,INJURY,2.,0 ,2 ,COLLISION WITH MOTOR VEHICLE,OVERTAKING,NONE,DAYLIGHT,CLEAR,DRY
6836 ,33975944,MONROE,Rochester,,,N,43.1649913,-77.6235408,07/05/2011,7:26 AM,PROPERTY DAMAGE AND INJURY,1.,0 ,2 ,COLLISION WITH MOTOR VEHICLE,REAR END,TRAFFIC SIGNAL,DAYLIGHT,CLEAR,DRY
6836 ,33976047,MONROE,Webster,,,Y,43.211315,-77.438006,07/02/2011,12:40 PM,PROPERTY DAMAGE AND INJURY,1.,0 ,2 ,COLLISION WITH MOTOR VEHICLE,REAR END,TRAFFIC SIGNAL,DAYLIGHT,CLEAR,DRY
6836 ,33976070,MONROE,Rochester,,,Y,43.165848,-77.624187,07/14/2011,8:03 AM,PROPERTY DAMAGE AND INJURY,1.,0 ,2 ,COLLISION WITH MOTOR VEHICLE,REAR END,NONE,DAYLIGHT,CLEAR,DRY
6836 ,33976075,MONROE,Rochester,,,Y,43.170708,-77.594481,07/07/2011,2:14 AM,INJURY,1.,0 ,2 ,COLLISION WITH MOTOR VEHICLE,REAR END,TRAFFIC SIGNAL,DARK-ROAD LIGHTED,CLEAR,DRY
6836 ,33976078,MONROE,Rochester,,,N,43.1646285,-77.6360197,07/08/2011,3:19 PM,INJURY,1.,0 ,2 ,COLLISION WITH MOTOR VEHICLE,OVERTAKING,NONE,DAYLIGHT,CLEAR,DRY
6836 ,33976544,MONROE,Rochester,,,Y,43.124791,-77.61428,05/28/2011,5:08 AM,INJURY,2.,0 ,2 ,COLLISION WITH MOTOR VEHICLE,REAR END,TRAFFIC SIGNAL,DAWN,RAIN,WET
6836 ,33976771,MONROE,Rochester,,,Y,43.181557,-77.5954659,07/15/2011,8:44 PM,PROPERTY DAMAGE AND INJURY,1.,0 ,2 ,COLLISION WITH MOTOR VEHICLE,RIGHT ANGLE,STOP SIGN,DARK-ROAD LIGHTED,CLEAR,DRY
6836 ,33976772,MONROE,Rochester,,,Y,43.154112,-77.590747,07/16/2011,7:51 PM,INJURY,1.,0 ,1 ,COLLISION WITH BICYCLIST,OTHER,NONE,DAYLIGHT,CLEAR,DRY
6836 ,33976847,MONROE,Rochester,,,Y,43.146421,-77.5547779,07/21/2011,6:49 PM,PROPERTY DAMAGE AND INJURY,1.,0 ,2 ,COLLISION WITH MOTOR VEHICLE,LEFT TURN (WITH OTHER CAR),TRAFFIC SIGNAL,DAYLIGHT,CLEAR,DRY
6836 ,33976849,MONROE,Rochester,,,N,43.1270081,-77.616272,07/19/2011,3:19 PM,INJURY,1.,0 ,2 ,COLLISION WITH MOTOR VEHICLE,REAR END,NONE,DAYLIGHT,CLEAR,DRY
6836 ,33976851,MONROE,Rochester,,,N,43.1762631,-77.5988782,07/10/2011,4:02 PM,INJURY,1.,0 ,1 ,COLLISION WITH BICYCLIST,OTHER,NONE,DAYLIGHT,CLEAR,DRY
6836 ,33976852,MONROE,Rochester,,,Y,43.167141,-77.580847,07/20/2011,6:26 PM,INJURY,1.,0 ,1 ,COLLISION WITH BICYCLIST,OTHER,NONE,DAYLIGHT,CLEAR,DRY
6836 ,33976939,MONROE,Rochester,,,N,43.1250765,-77.6357745,08/05/2011,6:42 PM,PROPERTY DAMAGE AND INJURY,1.,0 ,2 ,COLLISION WITH MOTOR VEHICLE,REAR END,NONE,DAYLIGHT,CLEAR,DRY
6836 ,33976948,MONROE,Rochester,,,N,43.1780676,-77.6106386,08/05/2011,4:00 PM,INJURY,1.,0 ,1 ,COLLISION WITH BICYCLIST,OTHER,STOP SIGN,DAYLIGHT,CLEAR,DRY
6836 ,33976963,MONROE,Rochester,,,N,43.1809917,-77.5916767,07/30/2011,12:15 PM,PROPERTY DAMAGE AND INJURY,1.,0 ,2 ,COLLISION WITH MOTOR VEHICLE,REAR END,NONE,DAYLIGHT,CLEAR,DRY
6836 ,33976983,MONROE,Rochester,,,Y,43.187092,-77.591845,07/30/2011,1:14 PM,PROPERTY DAMAGE AND INJURY,1.,0 ,2 ,COLLISION WITH MOTOR VEHICLE,RIGHT ANGLE,TRAFFIC SIGNAL,DAYLIGHT,CLEAR,DRY
6836 ,33976985,MONROE,Rochester,,,Y,43.179048,-77.6078711,08/02/2011,4:38 PM,INJURY,1.,0 ,1 ,COLLISION WITH BICYCLIST,OTHER,STOP SIGN,DAYLIGHT,CLEAR,DRY
6836 ,33977016,MONROE,Henrietta,,,N,43.0420466,-77.6988693,07/27/2011,3:19 PM,PROPERTY DAMAGE AND INJURY,1.,0 ,2 ,COLLISION WITH MOTOR VEHICLE,REAR END,NONE,DAYLIGHT,CLEAR,DRY
6836 ,33977017,MONROE,Webster,,104 43035224,N,43.2127554,-77.5290456,08/04/2011,7:31 PM,PROPERTY DAMAGE AND INJURY,1.,0 ,2 ,COLLISION WITH MOTOR VEHICLE,REAR END,NONE,DAYLIGHT,CLEAR,DRY
6836 ,33977115,MONROE,Greece,,,N,43.1876981,-77.6979328,07/19/2011,3:00 PM,PROPERTY DAMAGE AND INJURY,2.,0 ,3 ,COLLISION WITH MOTOR VEHICLE,OTHER,TRAFFIC SIGNAL,DAYLIGHT,CLEAR,DRY
6836 ,33977506,MONROE,Penfield,,286 43011065,N,43.159785,-77.416712,08/07/2011,6:35 PM,PROPERTY DAMAGE AND INJURY,1.,0 ,1 ,COLLISION WITH TREE,OTHER,NONE,DAYLIGHT,CLOUDY,DRY
6836 ,33977510,MONROE,Parma,,104 43031124,Y,43.2188878,-77.7622705,08/05/2011,1:18 PM,PROPERTY DAMAGE AND INJURY,3.,0 ,2 ,COLLISION WITH MOTOR VEHICLE,REAR END,NONE,DAYLIGHT,CLOUDY,DRY
6836 ,33977519,MONROE,Brighton,,490I43023008,N,43.1366432,-77.5342336,08/01/2011,4:48 PM,PROPERTY DAMAGE AND INJURY,1.,0 ,2 ,COLLISION WITH MOTOR VEHICLE,REAR END,NONE,DAYLIGHT,CLEAR,DRY
6836 ,33977522,MONROE,Mendon,,,N,42.975422,-77.5273556,08/04/2011,4:30 PM,PROPERTY DAMAGE AND INJURY,2.,0 ,2 ,COLLISION WITH MOTOR VEHICLE,RIGHT ANGLE,STOP SIGN,DAYLIGHT,CLEAR,DRY
6836 ,33977525,MONROE,Hamlin,,18 43031016,Y,43.296582,-77.965866,07/31/2011,2:09 PM,PROPERTY DAMAGE AND INJURY,2.,0 ,2 ,COLLISION WITH MOTOR VEHICLE,RIGHT ANGLE,STOP SIGN,DAYLIGHT,CLOUDY,DRY
6836 ,33977526,MONROE,Riga,,,Y,43.114588,-77.869084,08/05/2011,2:56 AM,INJURY,1.,0 ,1 ,COLLISION WITH DEER,OTHER,NONE,DARK-ROAD UNLIGHTED,CLEAR,DRY
6836 ,33977527,MONROE,Irondequoit,,,N,43.195638,-77.6001318,08/05/2011,4:15 PM,INJURY,1.,0 ,1 ,COLLISION WITH BICYCLIST,OTHER,NONE,DAYLIGHT,CLOUDY,DRY
6836 ,33977528,MONROE,Pittsford,,65 43031118,N,43.0979175,-77.5464661,07/26/2011,7:36 AM,PROPERTY DAMAGE AND INJURY,1.,0 ,2 ,COLLISION WITH MOTOR VEHICLE,RIGHT ANGLE,STOP SIGN,DAYLIGHT,CLEAR,DRY
6836 ,33977679,MONROE,Parma,,18 43031138,N,43.258884,-77.7721491,08/08/2011,8:10 AM,INJURY,1.,0 ,1 ,COLLISION WITH PEDESTRIAN,OTHER,TRAFFIC SIGNAL,DAYLIGHT,CLOUDY,DRY
6836 ,33977703,MONROE,Brighton,,441 43011105,N,43.1278555,-77.5214968,08/09/2011,5:10 PM,PROPERTY DAMAGE AND INJURY,1.,0 ,2 ,COLLISION WITH MOTOR VEHICLE,REAR END,TRAFFIC SIGNAL,DAYLIGHT,CLOUDY,DRY
6836 ,33977761,MONROE,Rochester,,,Y,43.14404,-77.589323,08/06/2011,8:27 PM,INJURY,1.,0 ,2 ,COLLISION WITH MOTOR VEHICLE,OVERTAKING,TRAFFIC SIGNAL,DUSK,CLEAR,DRY
6836 ,33977779,MONROE,Rochester,,,Y,43.165848,-77.624187,08/07/2011,1:33 PM,INJURY,1.,0 ,1 ,COLLISION WITH BICYCLIST,OTHER,NONE,DAYLIGHT,CLOUDY,DRY