QUERYID,CASE #,REGN_CNTY_CDE,Municipality,MUNITYPE,REF_MRKR,ATINTERSECTION_IND,Lat,Long,,Time,Crash Type,Injuries,Fatalities,Number of Vehicles,ACCD_TYP,COLLISION_TYP,TRAF_CNTL,Light Condition,Weather Condition,Road Surface Condition
6836 ,33977784,MONROE,Rochester,,,Y,43.193781,-77.600001,08/01/2011,12:29 PM,PROPERTY DAMAGE AND INJURY,1.,0 ,2 ,COLLISION WITH MOTOR VEHICLE,REAR END,TRAFFIC SIGNAL,DAYLIGHT,CLEAR,DRY
6836 ,33977817,MONROE,Rochester,,,Y,43.184084,-77.568381,08/08/2011,3:46 PM,PROPERTY DAMAGE AND INJURY,1.,0 ,2 ,COLLISION WITH MOTOR VEHICLE,RIGHT ANGLE,STOP SIGN,DAYLIGHT,CLEAR,DRY
6836 ,33977866,MONROE,Rochester,,,Y,43.153081,-77.611395,07/25/2011,9:54 AM,INJURY,1.,0 ,3 ,COLLISION WITH MOTOR VEHICLE,OTHER,TRAFFIC SIGNAL,DAYLIGHT,CLOUDY,DRY
6836 ,33978108,MONROE,Rochester,,,Y,43.161835,-77.634515,08/08/2011,5:34 PM,INJURY,2.,0 ,1 ,COLLISION WITH BICYCLIST,OTHER,STOP SIGN,DAYLIGHT,CLEAR,DRY
6836 ,33978138,MONROE,Rochester,,,N,43.1808953,-77.5960551,08/06/2011,12:47 PM,INJURY,1.,0 ,2 ,COLLISION WITH MOTOR VEHICLE,OVERTAKING,NONE,DAYLIGHT,CLEAR,DRY
6836 ,33978188,MONROE,Rochester,,,Y,43.132587,-77.636,07/28/2011,2:33 PM,PROPERTY DAMAGE AND INJURY,1.,0 ,2 ,COLLISION WITH MOTOR VEHICLE,RIGHT ANGLE,STOP SIGN,DAYLIGHT,CLOUDY,WET
6836 ,33978197,MONROE,Rochester,,,N,43.1806515,-77.6200233,08/01/2011,11:49 AM,INJURY,1.,0 ,1 ,COLLISION WITH PEDESTRIAN,OTHER,NONE,DAYLIGHT,CLEAR,DRY
6836 ,33978203,MONROE,Henrietta,,,Y,43.087046,-77.581938,08/03/2011,8:56 AM,PROPERTY DAMAGE AND INJURY,2.,0 ,2 ,COLLISION WITH MOTOR VEHICLE,HEAD ON,TRAFFIC SIGNAL,DAYLIGHT,CLOUDY,WET
6836 ,33978215,MONROE,Brighton,,,N,43.1050629,-77.6187816,08/09/2011,3:00 PM,INJURY,1.,0 ,1 ,COLLISION WITH PEDESTRIAN,OTHER,NONE,DAYLIGHT,RAIN,WET
6836 ,33978233,MONROE,Rochester,,,N,43.152651,-77.6257981,08/06/2011,3:59 PM,PROPERTY DAMAGE AND INJURY,1.,0 ,3 ,COLLISION WITH MOTOR VEHICLE,OTHER,NONE,DAYLIGHT,CLOUDY,DRY
6836 ,33978250,MONROE,Ogden,,,N,43.2025384,-77.853457,08/04/2011,5:17 PM,PROPERTY DAMAGE AND INJURY,1.,0 ,1 ,OVERTURNED,OTHER,NO PASSING ZONE,DAYLIGHT,CLOUDY,DRY
6836 ,33978278,MONROE,Mendon,,251 43011231,Y,42.996941,-77.539908,08/08/2011,7:30 AM,PROPERTY DAMAGE AND INJURY,2.,0 ,2 ,COLLISION WITH MOTOR VEHICLE,REAR END,NONE,DAYLIGHT,CLEAR,DRY
6836 ,33978333,MONROE,Rochester,,,Y,43.180464,-77.613642,08/05/2011,10:43 PM,INJURY,1.,0 ,1 ,COLLISION WITH BICYCLIST,OTHER,TRAFFIC SIGNAL,DARK-ROAD LIGHTED,CLOUDY,DRY
6836 ,33979326,MONROE,Rochester,,,N,43.153143,-77.6027774,07/05/2011,2:24 PM,INJURY,1.,0 ,1 ,COLLISION WITH BICYCLIST,OTHER,STOP SIGN,DAYLIGHT,CLEAR,DRY
6836 ,33979468,MONROE,Greece,,104 43031138,N,43.2148849,-77.7335058,08/08/2011,1:54 PM,INJURY,1.,0 ,2 ,COLLISION WITH MOTOR VEHICLE,REAR END,NONE,DAYLIGHT,CLOUDY,DRY
6836 ,33979470,MONROE,Greece,,104 43031161,N,43.2087,-77.6889326,08/04/2011,6:13 PM,INJURY,1.,0 ,2 ,COLLISION WITH MOTOR VEHICLE,OVERTAKING,TRAFFIC SIGNAL,DAYLIGHT,CLEAR,DRY
6836 ,33979675,MONROE,Rochester,,,N,43.1681909,-77.6289456,08/09/2011,12:11 PM,PROPERTY DAMAGE AND INJURY,2.,0 ,3 ,COLLISION WITH MOTOR VEHICLE,OTHER,NONE,DAYLIGHT,RAIN,WET
6836 ,33979856,MONROE,Greece,,,Y,43.18693,-77.724777,08/05/2011,4:57 PM,INJURY,1.,0 ,2 ,COLLISION WITH MOTOR VEHICLE,REAR END,NONE,DAYLIGHT,CLOUDY,DRY
6836 ,33980138,MONROE,Rochester,,,Y,43.187806,-77.571091,07/02/2011,5:35 PM,PROPERTY DAMAGE AND INJURY,1.,0 ,2 ,COLLISION WITH MOTOR VEHICLE,UNKNOWN,TRAFFIC SIGNAL,DAYLIGHT,CLEAR,DRY
6836 ,33980141,MONROE,Rochester,,,Y,43.173847,-77.659577,07/03/2011,3:55 AM,PROPERTY DAMAGE AND INJURY,2.,0 ,1 ,COLLISION WITH CURBING,OTHER,TRAFFIC SIGNAL,DARK-ROAD LIGHTED,CLEAR,DRY
6836 ,33980217,MONROE,Rochester,,,Y,43.146659,-77.64701,07/23/2011,1:45 PM,INJURY,1.,0 ,3 ,COLLISION WITH MOTOR VEHICLE,OTHER,NONE,DAYLIGHT,CLEAR,DRY
6836 ,33980250,MONROE,Rochester,,,Y,43.175441,-77.591233,07/22/2011,9:12 AM,PROPERTY DAMAGE AND INJURY,2.,0 ,2 ,COLLISION WITH MOTOR VEHICLE,RIGHT ANGLE,TRAFFIC SIGNAL,DAYLIGHT,CLEAR,DRY
6836 ,33980251,MONROE,Rochester,,,Y,43.139978,-77.622071,07/15/2011,11:37 AM,INJURY,1.,0 ,2 ,COLLISION WITH MOTOR VEHICLE,OVERTAKING,NONE,DAYLIGHT,CLEAR,DRY
6836 ,33980413,MONROE,Rochester,,,N,43.203393,-77.5618341,07/18/2011,11:37 AM,INJURY,1.,0 ,1 ,COLLISION WITH BICYCLIST,OTHER,TRAFFIC SIGNAL,DAYLIGHT,CLEAR,DRY
6836 ,33981007,MONROE,Perinton,,,N,43.0675279,-77.4651106,07/02/2011,3:43 AM,PROPERTY DAMAGE AND INJURY,1.,0 ,1 ,COLLISION WITH DEER,OTHER,NONE,DARK-ROAD UNLIGHTED,CLEAR,DRY
6836 ,33981789,MONROE,Pittsford,,96 43051060,Y,43.093021,-77.514419,08/04/2011,12:22 PM,PROPERTY DAMAGE AND INJURY,1.,0 ,2 ,COLLISION WITH MOTOR VEHICLE,REAR END,YIELD SIGN,DAYLIGHT,CLEAR,DRY
6836 ,33981792,MONROE,Penfield,,,N,43.1300993,-77.4870456,07/30/2011,6:30 AM,PROPERTY DAMAGE AND INJURY,1.,0 ,1 ,OTHER NON-COLLISION,OTHER,NONE,DAYLIGHT,CLEAR,DRY
6836 ,33981801,MONROE,Chili,,259 43011022,N,43.1240911,-77.8073732,08/09/2011,3:44 PM,INJURY,1.,0 ,1 ,RAN OFF ROAD ONLY,OTHER,NONE,DAYLIGHT,CLOUDY,WET
6836 ,33981805,MONROE,Irondequoit,,,N,43.2010125,-77.5701592,08/09/2011,2:44 PM,PROPERTY DAMAGE AND INJURY,1.,0 ,2 ,COLLISION WITH MOTOR VEHICLE,LEFT TURN (WITH OTHER CAR),NONE,DAYLIGHT,RAIN,WET
6836 ,33981806,MONROE,Riga,,,N,43.0964513,-77.8562024,08/08/2011,6:35 PM,PROPERTY DAMAGE AND INJURY,1.,0 ,1 ,COLL. W/EARTH ELE./ROCK CUT/DITCH,OTHER,NONE,DAYLIGHT,CLEAR,DRY
6836 ,33981810,MONROE,Webster,,404 43035079,N,43.2064498,-77.4697944,08/09/2011,4:28 PM,PROPERTY DAMAGE AND INJURY,1.,0 ,2 ,COLLISION WITH MOTOR VEHICLE,REAR END,NO PASSING ZONE,DAYLIGHT,CLOUDY,WET
6836 ,33981811,MONROE,Webster,,104 43035064,N,43.2003792,-77.4983353,08/08/2011,11:16 AM,PROPERTY DAMAGE AND INJURY,2.,0 ,2 ,COLLISION WITH MOTOR VEHICLE,RIGHT ANGLE,NONE,DAYLIGHT,CLOUDY,DRY
6836 ,33981820,MONROE,Perinton,,31 43033107,N,43.0644764,-77.3994319,08/05/2011,8:15 AM,PROPERTY DAMAGE AND INJURY,2.,0 ,2 ,COLLISION WITH MOTOR VEHICLE,RIGHT ANGLE,TRAFFIC SIGNAL,DAYLIGHT,CLEAR,DRY
6836 ,33981823,MONROE,Penfield,,,Y,43.189866,-77.5039131,07/14/2011,7:15 AM,PROPERTY DAMAGE AND INJURY,2.,0 ,2 ,COLLISION WITH MOTOR VEHICLE,LEFT TURN (WITH OTHER CAR),TRAFFIC SIGNAL,DAYLIGHT,CLEAR,DRY
6836 ,33981826,MONROE,Brighton,,490I43023018,N,43.1251883,-77.5238094,07/29/2011,7:33 AM,PROPERTY DAMAGE AND INJURY,1.,0 ,2 ,COLLISION WITH MOTOR VEHICLE,RIGHT ANGLE,NONE,DAYLIGHT,CLOUDY,DRY
6836 ,33981829,MONROE,Penfield,,441 43011035,N,43.1304048,-77.474829,07/28/2011,11:20 AM,PROPERTY DAMAGE AND INJURY,1.,0 ,3 ,COLLISION WITH MOTOR VEHICLE,OTHER,NONE,DAYLIGHT,CLEAR,DRY
6836 ,33981830,MONROE,Pittsford,,,N,43.1029335,-77.5046503,07/23/2011,10:20 AM,INJURY,2.,0 ,2 ,COLLISION WITH MOTOR VEHICLE,REAR END,NONE,DAYLIGHT,CLEAR,DRY
6836 ,33981831,MONROE,Perinton,,,N,43.0694334,-77.443847,08/11/2011,7:45 AM,PROPERTY DAMAGE AND INJURY,1.,0 ,2 ,COLLISION WITH MOTOR VEHICLE,REAR END,TRAFFIC SIGNAL,DAYLIGHT,CLEAR,DRY
6836 ,33981832,MONROE,Brighton,,31 43033020,N,43.114844,-77.552096,08/11/2011,1:21 PM,PROPERTY DAMAGE AND INJURY,1.,0 ,2 ,COLLISION WITH MOTOR VEHICLE,REAR END,TRAFFIC SIGNAL,DAYLIGHT,CLOUDY,DRY
6836 ,33981833,MONROE,Parma,,104 43031108,N,43.218409,-77.7925008,08/10/2011,10:43 PM,PROPERTY DAMAGE AND INJURY,2.,0 ,2 ,COLLISION WITH MOTOR VEHICLE,RIGHT ANGLE,TRAFFIC SIGNAL,DARK-ROAD LIGHTED,CLEAR,DRY
6836 ,33981837,MONROE,Perinton,,250 43011023,N,43.0691508,-77.4423673,08/02/2011,12:25 PM,PROPERTY DAMAGE AND INJURY,1.,0 ,2 ,COLLISION WITH MOTOR VEHICLE,LEFT TURN (AGAINST OTHER CAR),NONE,DAYLIGHT,CLEAR,DRY
6836 ,33981841,MONROE,Henrietta,,253 43011055,N,43.058833,-77.641785,08/11/2011,7:55 AM,PROPERTY DAMAGE AND INJURY,3.,0 ,4 ,COLLISION WITH MOTOR VEHICLE,OTHER,TRAFFIC SIGNAL,DAYLIGHT,CLEAR,DRY
6836 ,33981849,MONROE,Webster,,,N,43.2407908,-77.3795359,08/06/2011,8:37 AM,PROPERTY DAMAGE AND INJURY,1.,0 ,1 ,COLLISION WITH DEER,OTHER,NONE,DAYLIGHT,CLOUDY,DRY
6836 ,33981853,MONROE,Perinton,,31 43033084,Y,43.069288,-77.4423639,07/29/2011,8:35 AM,PROPERTY DAMAGE AND INJURY,1.,0 ,2 ,COLLISION WITH MOTOR VEHICLE,REAR END,TRAFFIC SIGNAL,DAYLIGHT,RAIN,WET
6836 ,33982384,MONROE,Henrietta,,252 43011097,Y,43.087046,-77.581938,08/12/2011,7:55 AM,INJURY,1.,0 ,3 ,COLLISION WITH MOTOR VEHICLE,OTHER,TRAFFIC SIGNAL,DAYLIGHT,CLEAR,DRY
6836 ,33982386,MONROE,Henrietta,,,N,43.0658901,-77.6974977,08/11/2011,1:09 AM,INJURY,1.,0 ,1 ,COLLISION WITH PEDESTRIAN,OTHER,NONE,DARK-ROAD UNLIGHTED,CLOUDY,DRY
6836 ,33982387,MONROE,Brighton,,,N,43.107461,-77.5759661,08/12/2011,8:23 AM,PROPERTY DAMAGE AND INJURY,1.,0 ,2 ,COLLISION WITH MOTOR VEHICLE,LEFT TURN (AGAINST OTHER CAR),TRAFFIC SIGNAL,DAYLIGHT,CLEAR,DRY
6836 ,33982389,MONROE,Pittsford,,253 43011070,N,43.0586067,-77.5665409,08/04/2011,5:46 PM,PROPERTY DAMAGE AND INJURY,1.,0 ,2 ,COLLISION WITH MOTOR VEHICLE,HEAD ON,NONE,DAYLIGHT,CLEAR,DRY
6836 ,33982415,MONROE,Rochester,,390I43033004,N,43.1250217,-77.6540353,08/10/2011,4:03 PM,INJURY,1.,0 ,1 ,COLLISION WITH SIGN POST,OTHER,NONE,DAYLIGHT,CLOUDY,WET
6836 ,33982417,MONROE,Brighton,,,Y,43.115322,-77.596989,08/12/2011,10:21 PM,PROPERTY DAMAGE AND INJURY,2.,0 ,2 ,COLLISION WITH MOTOR VEHICLE,UNKNOWN,TRAFFIC SIGNAL,DARK-ROAD LIGHTED,CLEAR,DRY
6836 ,33982568,MONROE,Brighton,,,Y,43.111727,-77.623926,08/13/2011,3:47 PM,INJURY,1.,0 ,2 ,COLLISION WITH MOTOR VEHICLE,REAR END,TRAFFIC SIGNAL,DAYLIGHT,CLOUDY,DRY
6836 ,33982570,MONROE,Ogden,,,N,43.1467813,-77.8986341,08/13/2011,11:33 AM,PROPERTY DAMAGE AND INJURY,1.,0 ,1 ,COLL. W/EARTH ELE./ROCK CUT/DITCH,OTHER,NONE,DAYLIGHT,CLEAR,OTHER
6836 ,33982643,MONROE,Webster,,250 43011125,Y,43.212215,-77.430317,07/24/2011,3:54 PM,INJURY,1.,0 ,4 ,COLLISION WITH MOTOR VEHICLE,OTHER,TRAFFIC SIGNAL,DAYLIGHT,CLEAR,DRY
6836 ,33982663,MONROE,Pittsford,,31 43033028,N,43.1054157,-77.5410332,07/27/2011,9:39 PM,PROPERTY DAMAGE AND INJURY,1.,0 ,4 ,COLLISION WITH MOTOR VEHICLE,OTHER,TRAFFIC SIGNAL,DARK-ROAD LIGHTED,CLEAR,DRY
6836 ,33982705,MONROE,Ogden,,,N,43.1948945,-77.7831734,08/12/2011,2:44 AM,PROPERTY DAMAGE AND INJURY,1.,0 ,1 ,COLLISION WITH DEER,OTHER,NONE,DARK-ROAD UNLIGHTED,CLEAR,DRY
6836 ,33982759,MONROE,Irondequoit,,,N,43.2392258,-77.599281,08/12/2011,12:51 PM,PROPERTY DAMAGE AND INJURY,2.,0 ,1 ,COLLISION WITH DEER,OTHER,NONE,DAYLIGHT,CLEAR,DRY
6836 ,33982791,MONROE,Pittsford,,31 43033049,N,43.0879217,-77.5062874,08/05/2011,11:11 PM,PROPERTY DAMAGE AND INJURY,1.,0 ,1 ,COLL. W/EARTH ELE./ROCK CUT/DITCH,OTHER,NONE,DARK-ROAD UNLIGHTED,CLOUDY,DRY
6836 ,33983489,MONROE,Perinton,,,Y,43.102609,-77.4809221,06/30/2011,10:58 AM,PROPERTY DAMAGE AND INJURY,1.,0 ,2 ,COLLISION WITH MOTOR VEHICLE,UNKNOWN,TRAFFIC SIGNAL,DAYLIGHT,CLEAR,DRY
6836 ,33983610,MONROE,Greece,,,Y,43.214424,-77.7318019,07/26/2011,10:56 AM,PROPERTY DAMAGE AND INJURY,5.,0 ,2 ,COLLISION WITH MOTOR VEHICLE,RIGHT ANGLE,TRAFFIC SIGNAL,DAYLIGHT,CLEAR,DRY
6836 ,33983727,MONROE,Sweden,,,N,43.206628,-77.9671151,08/07/2011,11:02 AM,INJURY,1.,0 ,1 ,COLLISION WITH CURBING,OTHER,NONE,DAYLIGHT,CLOUDY,DRY
6836 ,33983843,MONROE,Rochester,,590I43012004,N,43.1429763,-77.5484614,08/12/2011,6:00 PM,PROPERTY DAMAGE AND INJURY,1.,0 ,2 ,COLLISION WITH MOTOR VEHICLE,REAR END,NONE,DAYLIGHT,CLOUDY,DRY
6836 ,33983872,MONROE,Gates,,,N,43.1661478,-77.6830983,08/05/2011,7:52 AM,INJURY,2.,0 ,3 ,COLLISION WITH MOTOR VEHICLE,OTHER,NONE,DAYLIGHT,CLEAR,DRY
6836 ,33983884,MONROE,Riga,,33 43031042,N,43.1118861,-77.8576569,08/11/2011,11:23 AM,PROPERTY DAMAGE AND INJURY,1.,0 ,2 ,COLLISION WITH MOTOR VEHICLE,LEFT TURN (AGAINST OTHER CAR),NONE,DAYLIGHT,CLEAR,DRY
6836 ,33984185,MONROE,Gates,,,N,43.1312608,-77.6884913,08/12/2011,3:55 PM,INJURY,1.,0 ,1 ,COLLISION WITH PEDESTRIAN,OTHER,NONE,DAYLIGHT,CLEAR,DRY
6836 ,33984937,MONROE,Greece,,,Y,43.223754,-77.659043,07/17/2011,5:30 PM,PROPERTY DAMAGE AND INJURY,1.,0 ,2 ,COLLISION WITH MOTOR VEHICLE,UNKNOWN,TRAFFIC SIGNAL,DAYLIGHT,CLEAR,DRY
6836 ,33985212,MONROE,Chili,,33 43031069,Y,43.119857,-77.80532,08/06/2011,10:40 AM,INJURY,1.,0 ,2 ,COLLISION WITH MOTOR VEHICLE,REAR END,TRAFFIC SIGNAL,DAYLIGHT,CLOUDY,DRY
6836 ,33985312,MONROE,Rochester,,,Y,43.149509,-77.571697,08/10/2011,9:20 AM,PROPERTY DAMAGE AND INJURY,2.,0 ,2 ,COLLISION WITH MOTOR VEHICLE,LEFT TURN (WITH OTHER CAR),TRAFFIC SIGNAL,DAYLIGHT,CLEAR,DRY
6836 ,33985366,MONROE,Rochester,,,N,43.1657891,-77.5689871,08/13/2011,12:45 PM,PROPERTY DAMAGE AND INJURY,1.,0 ,2 ,COLLISION WITH MOTOR VEHICLE,REAR END,NONE,DAYLIGHT,CLEAR,DRY
6836 ,33985372,MONROE,Penfield,,,Y,43.19262,-77.484563,08/13/2011,4:09 PM,PROPERTY DAMAGE AND INJURY,2.,0 ,2 ,COLLISION WITH MOTOR VEHICLE,RIGHT ANGLE,STOP SIGN,DAYLIGHT,CLOUDY,DRY
6836 ,33985392,MONROE,Rochester,,,Y,43.135025,-77.636003,08/14/2011,8:54 PM,PROPERTY DAMAGE AND INJURY,1.,0 ,2 ,COLLISION WITH MOTOR VEHICLE,LEFT TURN (AGAINST OTHER CAR),TRAFFIC SIGNAL,DARK-ROAD LIGHTED,RAIN,WET
6836 ,33985410,MONROE,Greece,,,N,43.2079256,-77.6940253,08/12/2011,11:32 AM,PROPERTY DAMAGE AND INJURY,1.,0 ,2 ,COLLISION WITH MOTOR VEHICLE,RIGHT ANGLE,STOP SIGN,DAYLIGHT,CLEAR,DRY
6836 ,33985449,MONROE,Perinton,,,Y,43.079063,-77.455432,08/04/2011,3:36 PM,PROPERTY DAMAGE AND INJURY,1.,0 ,2 ,COLLISION WITH MOTOR VEHICLE,LEFT TURN (WITH OTHER CAR),NONE,DAYLIGHT,CLEAR,DRY
6836 ,33985454,MONROE,Gates,,,Y,43.164467,-77.7324211,08/14/2011,3:43 PM,PROPERTY DAMAGE AND INJURY,3.,0 ,2 ,COLLISION WITH MOTOR VEHICLE,REAR END,TRAFFIC SIGNAL,DAYLIGHT,RAIN,WET
6836 ,33985483,MONROE,Rochester,,,Y,43.19384,-77.638874,08/11/2011,3:48 PM,PROPERTY DAMAGE AND INJURY,2.,0 ,4 ,COLLISION WITH MOTOR VEHICLE,OTHER,NONE,DAYLIGHT,CLEAR,DRY
6836 ,33985491,MONROE,Rochester,,,Y,43.148016,-77.583187,08/14/2011,1:32 AM,INJURY,1.,0 ,1 ,OTHER NON-COLLISION,OTHER,NONE,DARK-ROAD LIGHTED,CLEAR,DRY
6836 ,33985497,MONROE,Brighton,,,Y,43.094846,-77.611259,08/15/2011,10:12 AM,PROPERTY DAMAGE AND INJURY,2.,0 ,2 ,COLLISION WITH MOTOR VEHICLE,REAR END,TRAFFIC SIGNAL,DAYLIGHT,CLEAR,DRY
6836 ,33985512,MONROE,Parma,,,N,43.2883328,-77.7622553,08/12/2011,4:09 PM,PROPERTY DAMAGE AND INJURY,1.,0 ,2 ,COLLISION WITH MOTOR VEHICLE,LEFT TURN (AGAINST OTHER CAR),NONE,DAYLIGHT,CLEAR,DRY
6836 ,33985560,MONROE,Pittsford,,,N,43.0895312,-77.5161349,08/12/2011,3:39 PM,PROPERTY DAMAGE AND INJURY,2.,0 ,3 ,COLLISION WITH MOTOR VEHICLE,OTHER,NONE,DAYLIGHT,CLEAR,DRY
6836 ,33985562,MONROE,Greece,,,Y,43.213393,-77.662665,08/10/2011,2:16 PM,PROPERTY DAMAGE AND INJURY,2.,0 ,3 ,COLLISION WITH MOTOR VEHICLE,OTHER,NONE,DAYLIGHT,CLOUDY,WET
6836 ,33985570,MONROE,Pittsford,,96 43051062,Y,43.096747,-77.514151,08/10/2011,4:13 PM,PROPERTY DAMAGE AND INJURY,1.,0 ,2 ,COLLISION WITH MOTOR VEHICLE,REAR END,TRAFFIC SIGNAL,DAYLIGHT,RAIN,WET
6836 ,33985600,MONROE,Rochester,,,Y,43.167235,-77.599661,08/13/2011,6:32 PM,INJURY,2.,0 ,2 ,COLLISION WITH MOTOR VEHICLE,REAR END,TRAFFIC SIGNAL,DAYLIGHT,CLEAR,DRY
6836 ,33985615,MONROE,Rochester,,,Y,43.149813,-77.6290191,08/13/2011,7:10 PM,PROPERTY DAMAGE AND INJURY,2.,0 ,2 ,COLLISION WITH MOTOR VEHICLE,RIGHT ANGLE,STOP SIGN,DAYLIGHT,RAIN,WET
6836 ,33985714,MONROE,Hilton,,,Y,43.281523,-77.794374,08/07/2011,11:11 PM,PROPERTY DAMAGE AND INJURY,1.,0 ,2 ,COLLISION WITH MOTOR VEHICLE,LEFT TURN (AGAINST OTHER CAR),NONE,DARK-ROAD LIGHTED,RAIN,WET
6836 ,33985730,MONROE,Rush,,15 43031050,N,43.0067734,-77.6666841,08/14/2011,8:15 AM,PROPERTY DAMAGE AND INJURY,1.,0 ,2 ,COLLISION WITH MOTOR VEHICLE,RIGHT ANGLE,TRAFFIC SIGNAL,DAYLIGHT,CLEAR,DRY
6836 ,33985736,MONROE,Rochester,,490I43022038,N,43.1483548,-77.6025756,08/13/2011,6:38 PM,PROPERTY DAMAGE AND INJURY,1.,0 ,1 ,COLLISION WITH OTHER BARRIER,OTHER,NONE,DAYLIGHT,CLEAR,DRY
6836 ,33985753,MONROE,Rochester,,383 43012020,Y,43.142738,-77.616181,08/11/2011,8:08 PM,INJURY,1.,0 ,2 ,COLLISION WITH MOTOR VEHICLE,LEFT TURN (AGAINST OTHER CAR),TRAFFIC SIGNAL,DUSK,CLEAR,DRY
6836 ,33985773,MONROE,Rochester,,,Y,43.180937,-77.631738,08/14/2011,3:56 PM,PROPERTY DAMAGE AND INJURY,1.,0 ,1 ,COLLISION WITH SIGN POST,OTHER,NONE,DAYLIGHT,RAIN,WET
6836 ,33985787,MONROE,Penfield,,,N,43.1414067,-77.4550976,08/12/2011,5:21 PM,PROPERTY DAMAGE AND INJURY,2.,0 ,2 ,COLLISION WITH MOTOR VEHICLE,REAR END,NONE,DAYLIGHT,CLEAR,DRY
6836 ,33985804,MONROE,Rochester,,,Y,43.187352,-77.659592,08/12/2011,8:00 AM,INJURY,1.,0 ,1 ,OTHER NON-COLLISION,OTHER,TRAFFIC SIGNAL,DAYLIGHT,CLEAR,DRY
6836 ,33985810,MONROE,Henrietta,,15 43031113,N,43.0921701,-77.6340768,08/11/2011,1:50 PM,INJURY,1.,0 ,2 ,COLLISION WITH MOTOR VEHICLE,REAR END,NONE,DAYLIGHT,CLEAR,DRY
6836 ,33985816,MONROE,Rochester,,,N,43.1914057,-77.6388726,08/14/2011,4:55 PM,PROPERTY DAMAGE AND INJURY,1.,0 ,2 ,COLLISION WITH MOTOR VEHICLE,REAR END,NONE,DAYLIGHT,RAIN,WET
6836 ,33985865,MONROE,Rochester,,,Y,43.176016,-77.569406,08/10/2011,8:37 AM,INJURY,1.,0 ,2 ,COLLISION WITH MOTOR VEHICLE,REAR END,NONE,DAYLIGHT,CLEAR,DRY
6836 ,33985875,MONROE,Gates,,,Y,43.172139,-77.713417,08/12/2011,3:24 PM,INJURY,1.,0 ,2 ,COLLISION WITH MOTOR VEHICLE,RIGHT ANGLE,NONE,DAYLIGHT,CLEAR,DRY
6836 ,33985945,MONROE,Rochester,,,Y,43.168175,-77.566624,08/10/2011,8:52 PM,INJURY,1.,0 ,1 ,COLLISION WITH BICYCLIST,OTHER,STOP SIGN,DARK-ROAD LIGHTED,CLEAR,DRY
6836 ,33985960,MONROE,Greece,,,N,43.2493854,-77.6550282,08/12/2011,11:27 AM,PROPERTY DAMAGE AND INJURY,1.,0 ,2 ,COLLISION WITH MOTOR VEHICLE,SIDESWIPE,NONE,DAYLIGHT,CLEAR,DRY
6836 ,33985971,MONROE,Greece,,,N,43.231073,-77.672338,08/08/2011,2:54 PM,PROPERTY DAMAGE AND INJURY,1.,0 ,2 ,COLLISION WITH MOTOR VEHICLE,RIGHT ANGLE,TRAFFIC SIGNAL,DAYLIGHT,CLEAR,DRY
6836 ,33986014,MONROE,Rochester,,,Y,43.18755,-77.6017469,08/13/2011,1:16 PM,INJURY,1.,0 ,2 ,COLLISION WITH MOTOR VEHICLE,LEFT TURN (AGAINST OTHER CAR),NONE,DAYLIGHT,CLEAR,DRY
6836 ,33986021,MONROE,Greece,,18 43031185,Y,43.252955,-77.685372,08/11/2011,8:11 PM,PROPERTY DAMAGE AND INJURY,1.,0 ,2 ,COLLISION WITH MOTOR VEHICLE,REAR END,NONE,DARK-ROAD LIGHTED,CLOUDY,DRY
6836 ,33986022,MONROE,Rochester,,,N,43.2386915,-77.6223059,08/06/2011,2:25 PM,INJURY,1.,0 ,1 ,COLLISION WITH BICYCLIST,OTHER,NONE,DAYLIGHT,CLOUDY,DRY
6836 ,33986043,MONROE,Rochester,,,Y,43.170804,-77.600806,08/06/2011,8:16 PM,PROPERTY DAMAGE AND INJURY,2.,0 ,2 ,COLLISION WITH MOTOR VEHICLE,UNKNOWN,TRAFFIC SIGNAL,DUSK,CLEAR,DRY
6836 ,33986101,MONROE,Perinton,,,N,43.059653,-77.474693,08/11/2011,1:11 PM,INJURY,1.,0 ,2 ,COLLISION WITH MOTOR VEHICLE,RIGHT ANGLE,NONE,DAYLIGHT,CLOUDY,DRY
6836 ,33986122,MONROE,Rochester,,,Y,43.186812,-77.599571,08/13/2011,12:49 PM,PROPERTY DAMAGE AND INJURY,1.,0 ,2 ,COLLISION WITH MOTOR VEHICLE,RIGHT ANGLE,TRAFFIC SIGNAL,DAYLIGHT,CLEAR,DRY
6836 ,33986419,MONROE,Rochester,,,Y,43.130922,-77.653697,07/30/2011,11:32 AM,PROPERTY DAMAGE AND INJURY,1.,0 ,2 ,COLLISION WITH MOTOR VEHICLE,LEFT TURN (AGAINST OTHER CAR),TRAFFIC SIGNAL,DAYLIGHT,CLEAR,DRY
6836 ,33986677,MONROE,Penfield,,,N,43.1322206,-77.4930778,07/26/2011,3:47 PM,PROPERTY DAMAGE AND INJURY,3.,0 ,2 ,COLLISION WITH MOTOR VEHICLE,LEFT TURN (AGAINST OTHER CAR),TRAFFIC SIGNAL,DAYLIGHT,CLEAR,DRY
6836 ,33986678,MONROE,Chili,,,N,43.0779965,-77.7020475,07/19/2011,4:58 PM,PROPERTY DAMAGE AND INJURY,1.,0 ,2 ,COLLISION WITH MOTOR VEHICLE,LEFT TURN (AGAINST OTHER CAR),NONE,DAYLIGHT,CLEAR,DRY
6836 ,33986718,MONROE,Rochester,,,Y,43.160774,-77.601067,07/22/2011,2:41 PM,INJURY,1.,0 ,1 ,COLLISION WITH BICYCLIST,OTHER,STOP SIGN,DAYLIGHT,CLEAR,DRY
6836 ,33986976,MONROE,Rochester,,,Y,43.164973,-77.622158,07/23/2011,10:30 PM,INJURY,1.,0 ,2 ,COLLISION WITH MOTOR VEHICLE,OVERTAKING,NONE,DARK-ROAD LIGHTED,RAIN,WET