QUERYID,CASE #,REGN_CNTY_CDE,Municipality,MUNITYPE,REF_MRKR,ATINTERSECTION_IND,Lat,Long,,Time,Crash Type,Injuries,Fatalities,Number of Vehicles,ACCD_TYP,COLLISION_TYP,TRAF_CNTL,Light Condition,Weather Condition,Road Surface Condition
6836 ,33987349,MONROE,Hamlin,,947A43021057,N,43.3484016,-77.8888802,08/12/2011,11:45 AM,PROPERTY DAMAGE AND INJURY,3.,0 ,2 ,COLLISION WITH MOTOR VEHICLE,LEFT TURN (AGAINST OTHER CAR),YIELD SIGN,DAYLIGHT,CLEAR,DRY
6836 ,33987431,MONROE,Gates,,33 43031136,N,43.1499628,-77.681074,08/16/2011,12:50 PM,PROPERTY DAMAGE AND INJURY,1.,0 ,1 ,COLLISION WITH BUILDING/WALL,OTHER,UTILITY WORK AREA,DAYLIGHT,CLEAR,DRY
6836 ,33987502,MONROE,Brighton,,,N,43.1074721,-77.575592,08/15/2011,1:29 PM,INJURY,1.,0 ,2 ,COLLISION WITH MOTOR VEHICLE,REAR END,NONE,DAYLIGHT,CLOUDY,DRY
6836 ,33987511,MONROE,Irondequoit,,104 43035211,N,43.2031731,-77.5474693,08/12/2011,12:11 PM,PROPERTY DAMAGE AND INJURY,2.,0 ,3 ,COLLISION WITH MOTOR VEHICLE,OTHER,HIGHWAY WORK AREA,DAYLIGHT,CLEAR,DRY
6836 ,33987798,MONROE,Henrietta,,,Y,43.068255,-77.63245,08/15/2011,4:58 PM,PROPERTY DAMAGE AND INJURY,1.,0 ,2 ,COLLISION WITH MOTOR VEHICLE,REAR END,TRAFFIC SIGNAL,DAYLIGHT,CLOUDY,DRY
6836 ,33989756,MONROE,Sweden,,31 43031051,N,43.1983221,-77.9338454,07/01/2011,3:25 PM,FATAL,4.,2 ,6 ,COLLISION WITH MOTOR VEHICLE,OTHER,TRAFFIC SIGNAL,DAYLIGHT,CLEAR,DRY
6836 ,33990241,MONROE,Rochester,,,Y,43.155131,-77.605517,07/30/2011,10:09 PM,PROPERTY DAMAGE AND INJURY,1.,0 ,2 ,COLLISION WITH MOTOR VEHICLE,RIGHT ANGLE,TRAFFIC SIGNAL,DARK-ROAD LIGHTED,CLEAR,DRY
6836 ,33990550,MONROE,Rochester,,,Y,43.120999,-77.619223,07/08/2011,10:51 AM,PROPERTY DAMAGE AND INJURY,1.,0 ,2 ,COLLISION WITH MOTOR VEHICLE,LEFT TURN (WITH OTHER CAR),UNKNOWN,UNKNOWN,UNKNOWN,UNKNOWN
6836 ,33991132,MONROE,Rochester,,,N,43.1805157,-77.6102998,08/13/2011,2:18 PM,INJURY,2.,0 ,2 ,COLLISION WITH MOTOR VEHICLE,REAR END,NONE,DAYLIGHT,CLEAR,DRY
6836 ,33991436,MONROE,Gates,,,N,43.1471905,-77.7179131,08/13/2011,5:12 PM,PROPERTY DAMAGE AND INJURY,1.,0 ,1 ,COLL. W/LIGHT SUPPORT/UTILITY POLE,OTHER,NONE,DAYLIGHT,CLEAR,DRY
6836 ,33991442,MONROE,Webster,,,N,43.2600213,-77.4486474,08/16/2011,12:00 PM,PROPERTY DAMAGE AND INJURY,1.,0 ,2 ,COLLISION WITH MOTOR VEHICLE,RIGHT ANGLE,NONE,DAYLIGHT,CLEAR,DRY
6836 ,33991443,MONROE,Brighton,,,N,43.1153285,-77.5967083,08/17/2011,3:27 PM,PROPERTY DAMAGE AND INJURY,1.,0 ,2 ,COLLISION WITH MOTOR VEHICLE,REAR END,TRAFFIC SIGNAL,DAYLIGHT,CLOUDY,DRY
6836 ,33991445,MONROE,Parma,,18 43031125,Y,43.263894,-77.790776,08/16/2011,1:46 PM,PROPERTY DAMAGE AND INJURY,1.,0 ,2 ,COLLISION WITH MOTOR VEHICLE,REAR END,NONE,DAYLIGHT,CLEAR,DRY
6836 ,33991446,MONROE,Brighton,,,Y,43.125612,-77.5928961,08/16/2011,3:11 PM,PROPERTY DAMAGE AND INJURY,1.,0 ,2 ,COLLISION WITH MOTOR VEHICLE,RIGHT ANGLE,NONE,DAYLIGHT,CLEAR,DRY
6836 ,33991449,MONROE,Henrietta,,,N,43.0824493,-77.5984577,08/15/2011,3:00 AM,PROPERTY DAMAGE AND INJURY,2.,0 ,1 ,COLLISION WITH TREE,OTHER,NONE,DARK-ROAD UNLIGHTED,CLOUDY,WET
6836 ,33991451,MONROE,Brighton,,31 43033006,Y,43.129596,-77.568106,08/17/2011,4:45 PM,PROPERTY DAMAGE AND INJURY,1.,0 ,2 ,COLLISION WITH MOTOR VEHICLE,OVERTAKING,TRAFFIC SIGNAL,DAYLIGHT,CLOUDY,DRY
6836 ,33992082,MONROE,Brighton,,,N,43.1080014,-77.6159003,08/10/2011,3:35 PM,PROPERTY DAMAGE AND INJURY,1.,0 ,2 ,COLLISION WITH MOTOR VEHICLE,REAR END,YIELD SIGN,DAYLIGHT,RAIN,WET
6836 ,33992088,MONROE,Irondequoit,,,N,43.2101008,-77.5835052,08/15/2011,4:51 PM,PROPERTY DAMAGE AND INJURY,1.,0 ,1 ,COLLISION WITH PEDESTRIAN,OTHER,NONE,DAYLIGHT,CLOUDY,DRY
6836 ,33992095,MONROE,Brighton,,441 43011103,N,43.1291409,-77.5248464,08/08/2011,3:49 PM,PROPERTY DAMAGE AND INJURY,3.,0 ,3 ,COLLISION WITH MOTOR VEHICLE,OTHER,TRAFFIC SIGNAL,DAYLIGHT,CLEAR,DRY
6836 ,33992096,MONROE,Pittsford,,,Y,43.088964,-77.504393,08/09/2011,4:04 PM,INJURY,1.,0 ,2 ,COLLISION WITH OTHER FIXED OBJECT,OTHER,NONE,DAYLIGHT,CLOUDY,WET
6836 ,33992100,MONROE,Pittsford,,,N,43.1018081,-77.514131,08/16/2011,4:33 PM,PROPERTY DAMAGE AND INJURY,1.,0 ,1 ,COLL. W/LIGHT SUPPORT/UTILITY POLE,OTHER,NONE,DAYLIGHT,CLEAR,DRY
6836 ,33992104,MONROE,Brighton,,490I43023014,N,43.1305789,-77.5256096,08/09/2011,10:26 AM,INJURY,1.,0 ,1 ,COLLISION WITH OTHER BARRIER,OTHER,NONE,DAYLIGHT,RAIN,WET
6836 ,33992105,MONROE,Henrietta,,252 43011081,N,43.0872353,-77.6141892,08/15/2011,11:55 AM,PROPERTY DAMAGE AND INJURY,1.,0 ,2 ,COLLISION WITH MOTOR VEHICLE,REAR END,TRAFFIC SIGNAL,DAYLIGHT,CLOUDY,DRY
6836 ,33992107,MONROE,Penfield,,,N,43.128397,-77.4786799,08/16/2011,4:44 PM,PROPERTY DAMAGE AND INJURY,1.,0 ,1 ,COLLISION WITH OTHER,OTHER,NONE,DAYLIGHT,CLEAR,DRY
6836 ,33992121,MONROE,Brighton,,96 43051086,N,43.124411,-77.5253546,08/18/2011,5:35 PM,PROPERTY DAMAGE AND INJURY,1.,0 ,2 ,COLLISION WITH MOTOR VEHICLE,LEFT TURN (AGAINST OTHER CAR),TRAFFIC SIGNAL,DAYLIGHT,CLOUDY,DRY
6836 ,33992122,MONROE,Rochester,,,Y,43.198474,-77.561586,08/17/2011,5:37 PM,INJURY,1.,0 ,2 ,COLLISION WITH MOTOR VEHICLE,REAR END,NONE,DAYLIGHT,CLOUDY,DRY
6836 ,33992236,MONROE,Rochester,,,N,43.204209,-77.659304,08/17/2011,2:39 PM,INJURY,1.,0 ,2 ,COLLISION WITH MOTOR VEHICLE,REAR END,YIELD SIGN,DAYLIGHT,CLEAR,DRY
6836 ,33992238,MONROE,Rochester,,,N,43.1408487,-77.596757,08/16/2011,6:58 PM,INJURY,1.,0 ,1 ,COLLISION WITH PEDESTRIAN,OTHER,NONE,DAYLIGHT,CLEAR,DRY
6836 ,33992240,MONROE,Rochester,,,N,43.1439553,-77.5891757,08/16/2011,12:19 PM,INJURY,1.,0 ,1 ,COLLISION WITH BICYCLIST,OTHER,NONE,DAYLIGHT,CLEAR,DRY
6836 ,33992248,MONROE,Rochester,,,Y,43.160362,-77.622055,08/05/2011,6:02 PM,PROPERTY DAMAGE AND INJURY,3.,0 ,3 ,COLLISION WITH MOTOR VEHICLE,OTHER,NONE,DAYLIGHT,CLOUDY,DRY
6836 ,33992414,MONROE,Rochester,,31 43032019,Y,43.164627,-77.63791,08/18/2011,10:19 AM,PROPERTY DAMAGE AND INJURY,1.,0 ,2 ,COLLISION WITH MOTOR VEHICLE,REAR END,NONE,DAYLIGHT,CLEAR,DRY
6836 ,33992563,MONROE,Brighton,,,Y,43.0958445,-77.5820133,08/19/2011,9:44 AM,PROPERTY DAMAGE AND INJURY,1.,0 ,2 ,COLLISION WITH MOTOR VEHICLE,REAR END,NONE,DAYLIGHT,CLEAR,DRY
6836 ,33992565,MONROE,Irondequoit,,,Y,43.1969667,-77.5924321,08/18/2011,2:59 PM,INJURY,2.,0 ,2 ,COLLISION WITH MOTOR VEHICLE,RIGHT ANGLE,NONE,DAYLIGHT,CLOUDY,DRY
6836 ,33992571,MONROE,Brighton,,252 43011059,N,43.0930221,-77.6553679,08/19/2011,5:15 PM,PROPERTY DAMAGE AND INJURY,4.,0 ,2 ,COLLISION WITH MOTOR VEHICLE,RIGHT ANGLE,NONE,DAYLIGHT,CLEAR,DRY
6836 ,33992579,MONROE,Perinton,,,Y,43.054257,-77.4599772,08/18/2011,1:23 PM,PROPERTY DAMAGE AND INJURY,1.,0 ,1 ,COLLISION WITH SIGN POST,OTHER,NONE,DAYLIGHT,CLOUDY,DRY
6836 ,33992888,MONROE,Rochester,,31 43032052,Y,43.143449,-77.588294,08/20/2011,5:56 PM,PROPERTY DAMAGE AND INJURY,2.,0 ,2 ,COLLISION WITH MOTOR VEHICLE,REAR END,NONE,DAYLIGHT,CLEAR,DRY
6836 ,33992892,MONROE,Rochester,,,Y,43.256613,-77.609844,08/18/2011,5:39 PM,PROPERTY DAMAGE AND INJURY,1.,0 ,3 ,COLLISION WITH MOTOR VEHICLE,OTHER,STOP SIGN,DAYLIGHT,CLEAR,DRY
6836 ,33992895,MONROE,Rochester,,,Y,43.180938,-77.6368337,08/19/2011,2:47 PM,PROPERTY DAMAGE AND INJURY,1.,0 ,4 ,COLLISION WITH MOTOR VEHICLE,OTHER,NONE,DAYLIGHT,CLEAR,DRY
6836 ,33992896,MONROE,Rochester,,,Y,43.137346,-77.6068029,08/19/2011,5:08 PM,INJURY,2.,0 ,1 ,COLLISION WITH MOTOR VEHICLE,OTHER,STOP SIGN,DAYLIGHT,CLEAR,DRY
6836 ,33992899,MONROE,Rochester,,,N,43.1655742,-77.5780823,08/16/2011,6:32 PM,PROPERTY DAMAGE AND INJURY,1.,0 ,1 ,COLLISION WITH PEDESTRIAN,OTHER,NONE,DAYLIGHT,CLEAR,DRY
6836 ,33992900,MONROE,Rochester,,,Y,43.154535,-77.592391,08/19/2011,1:04 AM,PROPERTY DAMAGE AND INJURY,3.,0 ,5 ,COLLISION WITH MOTOR VEHICLE,OTHER,NONE,DARK-ROAD LIGHTED,CLEAR,DRY
6836 ,33993023,MONROE,Henrietta,,390I43031085,N,43.0547596,-77.6447979,08/18/2011,5:15 PM,PROPERTY DAMAGE AND INJURY,1.,0 ,2 ,COLLISION WITH MOTOR VEHICLE,REAR END,NONE,DAYLIGHT,CLOUDY,DRY
6836 ,33993031,MONROE,Gates,,,Y,43.137922,-77.69095,08/20/2011,8:33 PM,INJURY,1.,0 ,1 ,COLLISION WITH BICYCLIST,OTHER,NONE,DARK-ROAD LIGHTED,CLEAR,DRY
6836 ,33993035,MONROE,Spencerport,,259 43011069,Y,43.191674,-77.800669,08/20/2011,2:05 PM,INJURY,1.,0 ,2 ,COLLISION WITH MOTOR VEHICLE,RIGHT ANGLE,TRAFFIC SIGNAL,DAYLIGHT,CLEAR,DRY
6836 ,33993047,MONROE,Rochester,,104 43031034,N,43.2040312,-77.6577052,08/20/2011,10:09 AM,PROPERTY DAMAGE AND INJURY,1.,0 ,2 ,COLLISION WITH MOTOR VEHICLE,REAR END,TRAFFIC SIGNAL,DAYLIGHT,CLEAR,DRY
6836 ,33993053,MONROE,Rochester,,590 43012005,N,43.166082,-77.5386817,08/19/2011,8:05 AM,PROPERTY DAMAGE AND INJURY,1.,0 ,1 ,COLL. W/EARTH ELE./ROCK CUT/DITCH,OTHER,NONE,DAYLIGHT,CLEAR,DRY
6836 ,33993287,MONROE,Greece,,,Y,43.252881,-77.665415,08/18/2011,12:44 PM,PROPERTY DAMAGE AND INJURY,2.,0 ,2 ,COLLISION WITH MOTOR VEHICLE,RIGHT ANGLE,TRAFFIC SIGNAL,DAYLIGHT,CLOUDY,DRY
6836 ,33993289,MONROE,Greece,,104 43031170,N,43.2055801,-77.6695506,08/17/2011,7:54 AM,PROPERTY DAMAGE AND INJURY,1.,0 ,2 ,COLLISION WITH MOTOR VEHICLE,REAR END,NONE,DAYLIGHT,CLEAR,DRY
6836 ,33993301,MONROE,Rochester,,,Y,43.193781,-77.600001,08/18/2011,8:52 PM,INJURY,1.,0 ,1 ,COLLISION WITH PEDESTRIAN,OTHER,TRAFFIC SIGNAL,DARK-ROAD LIGHTED,CLOUDY,DRY
6836 ,33993303,MONROE,Rochester,,,Y,43.187062,-77.592875,08/02/2011,4:00 PM,INJURY,1.,0 ,1 ,COLLISION WITH BICYCLIST,OTHER,NONE,DAYLIGHT,CLOUDY,DRY
6836 ,33993304,MONROE,Rochester,,,N,43.168555,-77.607319,08/12/2011,7:49 PM,PROPERTY DAMAGE AND INJURY,1.,0 ,1 ,COLLISION WITH SIGN POST,OTHER,NONE,DAYLIGHT,CLEAR,DRY
6836 ,33993541,MONROE,Chili,,,Y,43.106674,-77.732338,08/17/2011,9:02 AM,PROPERTY DAMAGE AND INJURY,1.,0 ,2 ,COLLISION WITH MOTOR VEHICLE,RIGHT ANGLE,TRAFFIC SIGNAL,DAYLIGHT,CLEAR,DRY
6836 ,33993548,MONROE,Chili,,33A43021123,Y,43.120013,-77.715081,08/17/2011,10:25 AM,PROPERTY DAMAGE AND INJURY,1.,0 ,1 ,COLLISION WITH BICYCLIST,OTHER,NONE,DAYLIGHT,CLEAR,DRY
6836 ,33993549,MONROE,Henrietta,,,N,43.0872382,-77.6133179,08/19/2011,2:29 PM,PROPERTY DAMAGE AND INJURY,1.,0 ,3 ,COLLISION WITH MOTOR VEHICLE,OTHER,NONE,DAYLIGHT,CLEAR,DRY
6836 ,33993550,MONROE,Clarkson,,104 43031015,N,43.2481161,-77.9686578,08/13/2011,12:34 PM,INJURY,4.,0 ,1 ,COLL. W/EARTH ELE./ROCK CUT/DITCH,OTHER,NONE,DAYLIGHT,CLOUDY,DRY
6836 ,33993553,MONROE,Henrietta,,,N,43.08075,-77.6338221,08/20/2011,2:02 PM,INJURY,1.,0 ,2 ,COLLISION WITH MOTOR VEHICLE,REAR END,NONE,DAYLIGHT,CLEAR,DRY
6836 ,33993554,MONROE,Henrietta,,252 43011103,N,43.0873055,-77.5709903,08/19/2011,4:08 PM,PROPERTY DAMAGE AND INJURY,1.,0 ,2 ,COLLISION WITH MOTOR VEHICLE,RIGHT ANGLE,STOP SIGN,DAYLIGHT,CLEAR,DRY
6836 ,33993557,MONROE,Clarkson,,19 43041084,N,43.2492477,-77.9219238,08/20/2011,9:06 PM,PROPERTY DAMAGE AND INJURY,1.,0 ,2 ,COLLISION WITH MOTOR VEHICLE,REAR END,NONE,DARK-ROAD UNLIGHTED,CLEAR,DRY
6836 ,33993561,MONROE,Parma,,104 43031111,N,43.2182136,-77.7873702,07/22/2011,10:00 PM,PROPERTY DAMAGE AND INJURY,2.,0 ,2 ,COLLISION WITH PEDESTRIAN,OTHER,NONE,DARK-ROAD LIGHTED,CLOUDY,DRY
6836 ,33993563,MONROE,Rochester,,,N,43.2104917,-77.5605547,08/20/2011,9:40 AM,PROPERTY DAMAGE AND INJURY,1.,0 ,2 ,COLLISION WITH MOTOR VEHICLE,OVERTAKING,NONE,DAYLIGHT,CLEAR,DRY
6836 ,33993564,MONROE,Chili,,,N,43.0945458,-77.7554735,08/18/2011,5:55 AM,INJURY,1.,0 ,1 ,COLLISION WITH PEDESTRIAN,OTHER,NO PASSING ZONE,DARK-ROAD UNLIGHTED,CLEAR,DRY
6836 ,33994066,MONROE,Greece,,,Y,43.2157144,-77.6590701,08/02/2011,1:02 PM,PROPERTY DAMAGE AND INJURY,1.,0 ,2 ,COLLISION WITH MOTOR VEHICLE,REAR END,NONE,DAYLIGHT,CLEAR,DRY
6836 ,33994067,MONROE,Greece,,,Y,43.236237,-77.6298671,08/01/2011,3:17 PM,INJURY,1.,0 ,1 ,COLLISION WITH BICYCLIST,OTHER,STOP SIGN,DAYLIGHT,CLEAR,DRY
6836 ,33994068,MONROE,Rochester,,,Y,43.249715,-77.614751,08/04/2011,2:42 PM,PROPERTY DAMAGE AND INJURY,1.,0 ,2 ,COLLISION WITH MOTOR VEHICLE,RIGHT ANGLE,TRAFFIC SIGNAL,DAYLIGHT,CLEAR,DRY
6836 ,33994107,MONROE,Rochester,,,Y,43.147483,-77.644582,08/09/2011,2:57 PM,PROPERTY DAMAGE AND INJURY,2.,0 ,2 ,COLLISION WITH MOTOR VEHICLE,UNKNOWN,UNKNOWN,DAYLIGHT,CLOUDY,WET
6836 ,33994134,MONROE,Rochester,,,Y,43.187626,-77.576289,08/06/2011,8:20 PM,PROPERTY DAMAGE AND INJURY,1.,0 ,2 ,COLLISION WITH MOTOR VEHICLE,RIGHT ANGLE,TRAFFIC SIGNAL,DUSK,CLOUDY,DRY
6836 ,33994138,MONROE,Rochester,,,N,43.1458841,-77.6131963,08/01/2011,12:36 AM,INJURY,1.,0 ,1 ,COLLISION WITH BICYCLIST,OTHER,OTHER,DARK-ROAD LIGHTED,CLOUDY,DRY
6836 ,33994139,MONROE,Rochester,,,N,43.1691973,-77.593093,08/02/2011,11:30 AM,INJURY,1.,0 ,1 ,COLLISION WITH PEDESTRIAN,OTHER,NONE,DAYLIGHT,CLEAR,DRY
6836 ,33994140,MONROE,Rochester,,,Y,43.150419,-77.589868,08/01/2011,7:16 PM,INJURY,1.,0 ,2 ,COLLISION WITH MOTOR VEHICLE,RIGHT ANGLE,TRAFFIC SIGNAL,DAYLIGHT,CLEAR,DRY
6836 ,33994141,MONROE,Rochester,,,Y,43.139726,-77.5960489,08/02/2011,5:09 PM,INJURY,1.,0 ,1 ,COLLISION WITH BICYCLIST,OTHER,TRAFFIC SIGNAL,DAYLIGHT,CLEAR,DRY
6836 ,33994736,MONROE,Henrietta,,,N,43.0243193,-77.6312108,08/06/2011,2:10 PM,PROPERTY DAMAGE AND INJURY,1.,0 ,1 ,COLLISION WITH TREE,OTHER,NONE,DAYLIGHT,CLEAR,DRY
6836 ,33994738,MONROE,Henrietta,,252 43011096,Y,43.087046,-77.581938,08/19/2011,6:46 PM,PROPERTY DAMAGE AND INJURY,2.,0 ,3 ,COLLISION WITH SIGN POST,OTHER,TRAFFIC SIGNAL,DAYLIGHT,CLEAR,DRY
6836 ,33994740,MONROE,Webster,,,N,43.21571,-77.430219,08/19/2011,10:48 AM,PROPERTY DAMAGE AND INJURY,1.,0 ,2 ,COLLISION WITH MOTOR VEHICLE,REAR END,TRAFFIC SIGNAL,DAYLIGHT,CLEAR,DRY
6836 ,33995163,MONROE,Chili,,252A43011020,N,43.1069581,-77.7070423,08/15/2011,2:10 PM,PROPERTY DAMAGE AND INJURY,1.,0 ,2 ,COLLISION WITH MOTOR VEHICLE,REAR END,NONE,DAYLIGHT,CLOUDY,DRY
6836 ,33995165,MONROE,Clarkson,,19 43041089,N,43.2571726,-77.9217087,08/17/2011,3:29 PM,PROPERTY DAMAGE AND INJURY,1.,0 ,1 ,COLLISION WITH OTHER,OTHER,NONE,DAYLIGHT,CLOUDY,DRY
6836 ,33995170,MONROE,Riga,,,N,43.0602402,-77.84431,08/06/2011,3:46 PM,PROPERTY DAMAGE AND INJURY,1.,0 ,1 ,COLL. W/EARTH ELE./ROCK CUT/DITCH,OTHER,NONE,DAYLIGHT,CLOUDY,DRY
6836 ,33995175,MONROE,Parma,,18 43031131,N,43.2588131,-77.7859052,08/19/2011,2:03 PM,PROPERTY DAMAGE AND INJURY,1.,0 ,1 ,COLLISION WITH OTHER FIXED OBJECT,OTHER,NONE,DAYLIGHT,CLEAR,DRY
6836 ,33996019,MONROE,Greece,,18 43031180,Y,43.253021,-77.696443,07/29/2011,8:06 AM,PROPERTY DAMAGE AND INJURY,1.,0 ,3 ,COLLISION WITH MOTOR VEHICLE,OTHER,STOP SIGN,DAYLIGHT,RAIN,WET
6836 ,33996026,MONROE,East Rochester,,,Y,43.118841,-77.486611,07/20/2011,8:00 AM,INJURY,1.,0 ,2 ,COLLISION WITH MOTOR VEHICLE,REAR END,TRAFFIC SIGNAL,UNKNOWN,UNKNOWN,UNKNOWN
6836 ,33996248,MONROE,Rochester,,104 43032035,N,43.1922507,-77.5965596,08/19/2011,9:50 PM,PROPERTY DAMAGE AND INJURY,3.,0 ,3 ,COLLISION WITH MOTOR VEHICLE,OTHER,NONE,DARK-ROAD LIGHTED,CLEAR,DRY
6836 ,33996315,MONROE,Rochester,,,Y,43.187361,-77.584105,08/09/2011,10:32 AM,PROPERTY DAMAGE AND INJURY,1.,0 ,2 ,COLLISION WITH MOTOR VEHICLE,RIGHT ANGLE,TRAFFIC SIGNAL,DAYLIGHT,RAIN,WET
6836 ,33997339,MONROE,Rochester,,,Y,43.150419,-77.589868,08/22/2011,8:37 PM,INJURY,1.,0 ,1 ,COLLISION WITH PEDESTRIAN,OTHER,TRAFFIC SIGNAL,DARK-ROAD LIGHTED,CLEAR,DRY
6836 ,33997342,MONROE,Rochester,,,N,43.1639948,-77.6255885,08/22/2011,9:50 AM,INJURY,3.,0 ,2 ,COLLISION WITH MOTOR VEHICLE,SIDESWIPE,NONE,DAYLIGHT,CLEAR,DRY
6836 ,33997767,MONROE,Sweden,,19 43041020,N,43.1614907,-77.9416068,08/08/2011,9:55 AM,INJURY,1.,0 ,1 ,COLLISION WITH SIGN POST,OTHER,NONE,DAYLIGHT,CLOUDY,DRY
6836 ,33997769,MONROE,Henrietta,,15A43041063,N,43.0188672,-77.6342557,08/14/2011,3:46 AM,PROPERTY DAMAGE AND INJURY,1.,0 ,1 ,COLLISION WITH TREE,OTHER,NONE,DARK-ROAD UNLIGHTED,FOG/SMOG/SMOKE,WET
6836 ,33997771,MONROE,Pittsford,,,N,43.1002637,-77.5361932,08/13/2011,9:20 PM,INJURY,1.,0 ,1 ,COLLISION WITH TREE,OTHER,NONE,DARK-ROAD UNLIGHTED,RAIN,WET
6836 ,33997787,MONROE,Penfield,,,N,43.1740562,-77.4004331,08/21/2011,9:59 PM,PROPERTY DAMAGE AND INJURY,3.,0 ,1 ,COLL. W/LIGHT SUPPORT/UTILITY POLE,OTHER,NONE,DARK-ROAD UNLIGHTED,CLEAR,WET
6836 ,33997788,MONROE,Penfield,,,Y,43.1308209,-77.441317,08/14/2011,3:35 PM,PROPERTY DAMAGE AND INJURY,1.,0 ,2 ,COLLISION WITH MOTOR VEHICLE,REAR END,NONE,DAYLIGHT,RAIN,WET
6836 ,33997793,MONROE,Chili,,,N,43.1070153,-77.7464247,08/18/2011,12:26 PM,INJURY,1.,0 ,1 ,COLLISION WITH PEDESTRIAN,OTHER,NONE,DAYLIGHT,CLEAR,DRY
6836 ,33997808,MONROE,Brighton,,,N,43.107461,-77.5759661,08/23/2011,5:25 PM,PROPERTY DAMAGE AND INJURY,1.,0 ,2 ,COLLISION WITH MOTOR VEHICLE,LEFT TURN (AGAINST OTHER CAR),TRAFFIC SIGNAL,DAYLIGHT,CLEAR,DRY
6836 ,33997810,MONROE,Brighton,,31 43033012,Y,43.121749,-77.559374,08/23/2011,2:34 PM,PROPERTY DAMAGE AND INJURY,1.,0 ,2 ,COLLISION WITH MOTOR VEHICLE,LEFT TURN (AGAINST OTHER CAR),NONE,DAYLIGHT,CLEAR,DRY
6836 ,33997895,MONROE,Rochester,,,Y,43.201942,-77.62791,08/21/2011,4:33 PM,INJURY,1.,0 ,1 ,COLLISION WITH BICYCLIST,OTHER,TRAFFIC SIGNAL,DAYLIGHT,CLOUDY,WET
6836 ,33997965,MONROE,Rochester,,,Y,43.17513,-77.6065671,08/23/2011,5:53 PM,INJURY,1.,0 ,1 ,COLLISION WITH BICYCLIST,OTHER,NONE,DAYLIGHT,CLEAR,DRY
6836 ,33997968,MONROE,Chili,,390I43033003,N,43.1246181,-77.6528735,08/21/2011,2:12 PM,PROPERTY DAMAGE AND INJURY,1.,0 ,2 ,COLLISION WITH GUIDE RAIL,REAR END,NONE,DAYLIGHT,RAIN,WET
6836 ,33998088,MONROE,Greece,,18 43031210,N,43.2457596,-77.6468318,08/19/2011,9:09 PM,PROPERTY DAMAGE AND INJURY,4.,0 ,2 ,COLLISION WITH MOTOR VEHICLE,REAR END,NONE,DARK-ROAD LIGHTED,CLOUDY,DRY
6836 ,33998170,MONROE,Chili,,,N,43.11622,-77.7463958,08/23/2011,2:33 AM,PROPERTY DAMAGE AND INJURY,2.,0 ,1 ,COLLISION WITH TREE,OTHER,NONE,DARK-ROAD UNLIGHTED,CLEAR,DRY
6836 ,33998206,MONROE,Perinton,,31F43011023,N,43.1022252,-77.4772279,08/19/2011,2:40 PM,PROPERTY DAMAGE AND INJURY,2.,0 ,2 ,COLLISION WITH MOTOR VEHICLE,REAR END,NONE,DAYLIGHT,CLEAR,DRY
6836 ,33998211,MONROE,Rochester,,,Y,43.14997,-77.651058,08/23/2011,8:52 PM,INJURY,1.,0 ,2 ,COLLISION WITH MOTOR VEHICLE,LEFT TURN (WITH OTHER CAR),TRAFFIC SIGNAL,DARK-ROAD LIGHTED,CLEAR,DRY
6836 ,33998221,MONROE,Rochester,,,N,43.1530362,-77.6241574,08/24/2011,9:34 AM,INJURY,1.,0 ,2 ,COLLISION WITH MOTOR VEHICLE,REAR END,NONE,DAYLIGHT,CLOUDY,DRY
6836 ,33998325,MONROE,Brighton,,,Y,43.10981,-77.5476661,08/24/2011,12:04 PM,INJURY,2.,0 ,2 ,COLLISION WITH MOTOR VEHICLE,REAR END,NONE,DAYLIGHT,CLOUDY,DRY
6836 ,33998409,MONROE,Brighton,,15A43041119,N,43.0957178,-77.612274,08/24/2011,10:52 AM,INJURY,1.,0 ,2 ,COLLISION WITH MOTOR VEHICLE,REAR END,TRAFFIC SIGNAL,DAYLIGHT,CLOUDY,DRY
6836 ,33998411,MONROE,Rochester,,,Y,43.173116,-77.63998,08/23/2011,2:42 PM,INJURY,1.,0 ,2 ,COLLISION WITH MOTOR VEHICLE,RIGHT TURN (AGAINST OTHER CAR),STOP SIGN,DAYLIGHT,CLEAR,DRY
6836 ,33998427,MONROE,Greece,,,Y,43.238368,-77.679339,08/23/2011,7:59 PM,INJURY,1.,0 ,2 ,COLLISION WITH MOTOR VEHICLE,LEFT TURN (AGAINST OTHER CAR),TRAFFIC SIGNAL,DUSK,CLEAR,DRY
6836 ,33998439,MONROE,Gates,,,N,43.158446,-77.73239,08/23/2011,1:33 PM,PROPERTY DAMAGE AND INJURY,1.,0 ,2 ,COLLISION WITH MOTOR VEHICLE,LEFT TURN (WITH OTHER CAR),TRAFFIC SIGNAL,DAYLIGHT,CLEAR,DRY
6836 ,33998473,MONROE,Rochester,,104 43032022,N,43.1928856,-77.6210149,08/24/2011,5:20 PM,PROPERTY DAMAGE AND INJURY,1.,0 ,2 ,COLLISION WITH MOTOR VEHICLE,REAR END,NONE,DAYLIGHT,CLEAR,DRY
6836 ,33998722,MONROE,Rochester,,,Y,43.157153,-77.606417,08/13/2011,1:44 AM,INJURY,5.,0 ,2 ,COLLISION WITH MOTOR VEHICLE,RIGHT ANGLE,TRAFFIC SIGNAL,DARK-ROAD LIGHTED,CLEAR,DRY
6836 ,33999813,MONROE,Rochester,,,Y,43.171153,-77.57518,08/13/2011,1:05 PM,INJURY,1.,0 ,1 ,COLLISION WITH PEDESTRIAN,OTHER,NONE,DAYLIGHT,CLEAR,DRY
6836 ,33999825,MONROE,Greece,,,N,43.2515728,-77.6964622,08/09/2011,12:43 PM,INJURY,1.,0 ,2 ,COLLISION WITH MOTOR VEHICLE,REAR END,NONE,DAYLIGHT,RAIN,WET