QUERYID,CASE #,REGN_CNTY_CDE,Municipality,MUNITYPE,REF_MRKR,ATINTERSECTION_IND,Lat,Long,,Time,Crash Type,Injuries,Fatalities,Number of Vehicles,ACCD_TYP,COLLISION_TYP,TRAF_CNTL,Light Condition,Weather Condition,Road Surface Condition
6836 ,33999832,MONROE,Rochester,,,Y,43.15438,-77.603196,08/05/2011,1:20 PM,INJURY,1.,0 ,1 ,COLLISION WITH PEDESTRIAN,OTHER,HIGHWAY WORK AREA,DAYLIGHT,CLEAR,DRY
6836 ,33999853,MONROE,Rochester,,,Y,43.193912,-77.6598301,08/17/2011,6:54 AM,PROPERTY DAMAGE AND INJURY,2.,0 ,3 ,COLLISION WITH MOTOR VEHICLE,OTHER,TRAFFIC SIGNAL,DAYLIGHT,CLEAR,DRY
6836 ,33999854,MONROE,Penfield,,,N,43.1299702,-77.4762226,08/01/2011,4:34 PM,PROPERTY DAMAGE AND INJURY,3.,0 ,2 ,COLLISION WITH MOTOR VEHICLE,LEFT TURN (AGAINST OTHER CAR),NONE,DAYLIGHT,CLEAR,DRY
6836 ,33999859,MONROE,Rochester,,,N,43.160391,-77.5577193,08/16/2011,7:46 AM,PROPERTY DAMAGE AND INJURY,1.,0 ,1 ,COLLISION WITH TREE,OTHER,NONE,DAYLIGHT,UNKNOWN,DRY
6836 ,33999909,MONROE,Rochester,,,Y,43.237484,-77.6230589,08/24/2011,5:31 PM,PROPERTY DAMAGE AND INJURY,1.,0 ,1 ,COLLISION WITH CURBING,OTHER,NONE,DAYLIGHT,CLEAR,DRY
6836 ,34000014,MONROE,Rochester,,104 43032015,Y,43.197516,-77.63326,08/15/2011,5:54 AM,PROPERTY DAMAGE AND INJURY,1.,0 ,2 ,COLLISION WITH MOTOR VEHICLE,REAR END,TRAFFIC SIGNAL,DAYLIGHT,CLEAR,DRY
6836 ,34000055,MONROE,Webster,,104 43035091,Y,43.210345,-77.446653,08/25/2011,2:29 PM,PROPERTY DAMAGE AND INJURY,1.,0 ,2 ,COLLISION WITH MOTOR VEHICLE,REAR END,TRAFFIC SIGNAL,DAYLIGHT,CLEAR,DRY
6836 ,34000237,MONROE,Irondequoit,,104 43035215,N,43.2092962,-77.5445852,08/16/2011,8:30 PM,PROPERTY DAMAGE AND INJURY,1.,0 ,1 ,COLLISION WITH GUIDE RAIL,OTHER,NONE,DUSK,CLEAR,DRY
6836 ,34000267,MONROE,Rochester,,,N,43.1509317,-77.5685273,08/11/2011,12:19 PM,INJURY,1.,0 ,2 ,COLLISION WITH MOTOR VEHICLE,OTHER,NONE,DAYLIGHT,CLEAR,DRY
6836 ,34000296,MONROE,Mendon,,,Y,42.996929,-77.556705,08/17/2011,4:11 PM,PROPERTY DAMAGE AND INJURY,2.,0 ,2 ,COLLISION WITH MOTOR VEHICLE,RIGHT ANGLE,STOP SIGN,DAYLIGHT,CLEAR,DRY
6836 ,34000350,MONROE,Rochester,,33A43022011,Y,43.147381,-77.644879,08/24/2011,3:45 PM,INJURY,2.,0 ,2 ,COLLISION WITH MOTOR VEHICLE,REAR END,NONE,DAYLIGHT,CLEAR,DRY
6836 ,34000372,MONROE,Greece,,,N,43.2528899,-77.6686506,08/18/2011,5:08 PM,INJURY,1.,0 ,1 ,COLLISION WITH BICYCLIST,OTHER,TRAFFIC SIGNAL,DAYLIGHT,CLOUDY,DRY
6836 ,34000446,MONROE,Greece,,,N,43.2302286,-77.6723446,08/25/2011,6:02 AM,PROPERTY DAMAGE AND INJURY,1.,0 ,1 ,COLLISION WITH TREE,OTHER,NONE,DAWN,CLEAR,WET
6836 ,34000452,MONROE,Rochester,,490I43022047,N,43.141818,-77.5895915,08/23/2011,7:00 PM,PROPERTY DAMAGE AND INJURY,1.,0 ,3 ,COLLISION WITH MOTOR VEHICLE,OTHER,NONE,DAYLIGHT,CLEAR,DRY
6836 ,34000558,MONROE,Gates,,490I43021160,N,43.1569201,-77.7150998,08/24/2011,11:10 AM,PROPERTY DAMAGE AND INJURY,1.,0 ,2 ,COLLISION WITH MOTOR VEHICLE,OVERTAKING,MAINTENANCE WORK AREA,DAYLIGHT,CLOUDY,DRY
6836 ,34000559,MONROE,Wheatland,,,N,43.0346292,-77.8165873,08/19/2011,6:21 PM,PROPERTY DAMAGE AND INJURY,1.,0 ,1 ,COLLISION WITH SIGN POST,OTHER,NONE,DAYLIGHT,CLEAR,DRY
6836 ,34000642,MONROE,Rochester,,,Y,43.201942,-77.62791,08/26/2011,5:12 PM,PROPERTY DAMAGE AND INJURY,2.,0 ,3 ,COLLISION WITH MOTOR VEHICLE,OTHER,TRAFFIC SIGNAL,DAYLIGHT,CLEAR,DRY
6836 ,34000763,MONROE,Rochester,,,Y,43.139361,-77.636009,08/25/2011,3:55 PM,INJURY,1.,0 ,4 ,COLLISION WITH MOTOR VEHICLE,OTHER,NONE,DAYLIGHT,CLEAR,DRY
6836 ,34001103,MONROE,Greece,,,N,43.223658,-77.6781481,08/24/2011,8:42 AM,INJURY,1.,0 ,2 ,COLLISION WITH MOTOR VEHICLE,RIGHT ANGLE,NONE,DAYLIGHT,CLEAR,DRY
6836 ,34001104,MONROE,Greece,,,Y,43.223754,-77.659043,08/16/2011,10:24 AM,INJURY,1.,0 ,1 ,COLLISION WITH PEDESTRIAN,OTHER,TRAFFIC SIGNAL,DAYLIGHT,CLEAR,DRY
6836 ,34001109,MONROE,Greece,,,N,43.2448675,-77.6965426,08/20/2011,4:13 PM,PROPERTY DAMAGE AND INJURY,1.,0 ,2 ,COLLISION WITH MOTOR VEHICLE,REAR END,NONE,DAYLIGHT,CLEAR,DRY
6836 ,34001114,MONROE,Greece,,,Y,43.210086,-77.701277,08/24/2011,10:30 AM,INJURY,1.,0 ,1 ,COLLISION WITH BICYCLIST,OTHER,NONE,DAYLIGHT,CLOUDY,DRY
6836 ,34001115,MONROE,Greece,,,Y,43.244333,-77.7515,08/25/2011,12:21 PM,PROPERTY DAMAGE AND INJURY,1.,0 ,2 ,COLLISION WITH MOTOR VEHICLE,REAR END,NO PASSING ZONE,DAYLIGHT,CLOUDY,DRY
6836 ,34001695,MONROE,Henrietta,,,N,43.088138,-77.636254,08/27/2011,1:13 PM,PROPERTY DAMAGE AND INJURY,2.,0 ,2 ,COLLISION WITH MOTOR VEHICLE,REAR END,TRAFFIC SIGNAL,DAYLIGHT,CLOUDY,DRY
6836 ,34001706,MONROE,Gates,,33A43021152,N,43.1399645,-77.6667029,08/25/2011,3:34 PM,INJURY,1.,0 ,2 ,COLLISION WITH MOTOR VEHICLE,REAR END,TRAFFIC SIGNAL,DAYLIGHT,CLEAR,DRY
6836 ,34001707,MONROE,Clarkson,,104 43031040,N,43.2334206,-77.9287378,08/24/2011,3:24 PM,PROPERTY DAMAGE AND INJURY,2.,0 ,2 ,COLLISION WITH MOTOR VEHICLE,SIDESWIPE,NONE,DAYLIGHT,CLOUDY,DRY
6836 ,34001708,MONROE,Chili,,33A43021078,N,43.0934439,-77.7958425,08/19/2011,9:45 AM,PROPERTY DAMAGE AND INJURY,1.,0 ,1 ,COLLISION WITH TREE,OTHER,NONE,DAYLIGHT,CLEAR,DRY
6836 ,34001710,MONROE,Ogden,,33 43031094,N,43.137815,-77.7603796,08/24/2011,3:05 AM,PROPERTY DAMAGE AND INJURY,1.,0 ,2 ,COLLISION WITH MOTOR VEHICLE,REAR END,NONE,DARK-ROAD UNLIGHTED,CLOUDY,DRY
6836 ,34001721,MONROE,Henrietta,,,N,43.0919349,-77.6793107,08/25/2011,8:40 AM,PROPERTY DAMAGE AND INJURY,1.,0 ,2 ,COLLISION WITH MOTOR VEHICLE,REAR END,YIELD SIGN,DAYLIGHT,CLEAR,WET
6836 ,34001731,MONROE,Irondequoit,,,Y,43.2321092,-77.544558,08/23/2011,10:33 AM,INJURY,1.,0 ,1 ,COLLISION WITH CURBING,OTHER,OTHER,DAYLIGHT,CLEAR,DRY
6836 ,34001734,MONROE,Brighton,,,N,43.108007,-77.615937,08/27/2011,9:24 AM,PROPERTY DAMAGE AND INJURY,1.,0 ,2 ,COLLISION WITH MOTOR VEHICLE,REAR END,TRAFFIC SIGNAL,DAYLIGHT,CLEAR,DRY
6836 ,34001740,MONROE,Rochester,,104 43033011,N,43.195838,-77.5613879,08/24/2011,5:11 PM,PROPERTY DAMAGE AND INJURY,1.,0 ,2 ,COLLISION WITH MOTOR VEHICLE,OVERTAKING,NONE,DAYLIGHT,CLEAR,DRY
6836 ,34001750,MONROE,Gates,,31 43031174,Y,43.169535,-77.701549,08/28/2011,12:44 PM,PROPERTY DAMAGE AND INJURY,1.,0 ,2 ,COLLISION WITH MOTOR VEHICLE,LEFT TURN (AGAINST OTHER CAR),TRAFFIC SIGNAL,DAYLIGHT,CLOUDY,DRY
6836 ,34001752,MONROE,Gates,,,N,43.1651259,-77.6807065,08/26/2011,6:17 AM,PROPERTY DAMAGE AND INJURY,1.,0 ,2 ,COLLISION WITH MOTOR VEHICLE,HEAD ON,NONE,DAYLIGHT,CLOUDY,DRY
6836 ,34002196,MONROE,Rochester,,,Y,43.170935,-77.6120639,08/12/2011,4:00 PM,INJURY,1.,0 ,2 ,COLLISION WITH MOTOR VEHICLE,REAR END,TRAFFIC SIGNAL,DAYLIGHT,CLEAR,DRY
6836 ,34002197,MONROE,Rochester,,,Y,43.168293,-77.588035,08/14/2011,1:01 PM,PROPERTY DAMAGE AND INJURY,1.,0 ,2 ,COLLISION WITH MOTOR VEHICLE,UNKNOWN,STOP SIGN,DAYLIGHT,CLEAR,DRY
6836 ,34002578,MONROE,Mendon,,251 43011254,Y,42.998173,-77.493817,08/28/2011,2:32 PM,PROPERTY DAMAGE AND INJURY,2.,0 ,2 ,COLLISION WITH MOTOR VEHICLE,RIGHT ANGLE,STOP SIGN,DAYLIGHT,CLOUDY,DRY
6836 ,34002637,MONROE,Penfield,,,N,43.1346849,-77.495368,08/22/2011,8:12 PM,PROPERTY DAMAGE AND INJURY,1.,0 ,2 ,COLLISION WITH MOTOR VEHICLE,REAR END,TRAFFIC SIGNAL,DUSK,CLEAR,DRY
6836 ,34002677,MONROE,Pittsford,,,N,43.0949885,-77.5140078,08/17/2011,9:45 AM,INJURY,1.,0 ,2 ,COLLISION WITH MOTOR VEHICLE,REAR END,NONE,DAYLIGHT,CLEAR,DRY
6836 ,34002703,MONROE,Rochester,,,N,43.1499621,-77.6680737,08/22/2011,11:39 AM,PROPERTY DAMAGE AND INJURY,1.,0 ,2 ,COLLISION WITH MOTOR VEHICLE,OVERTAKING,NONE,DAYLIGHT,CLEAR,DRY
6836 ,34002739,MONROE,Rochester,,,N,43.231072,-77.6260281,08/25/2011,10:52 AM,PROPERTY DAMAGE AND INJURY,1.,0 ,3 ,COLLISION WITH MOTOR VEHICLE,OTHER,NONE,DAYLIGHT,CLEAR,WET
6836 ,34002784,MONROE,Pittsford,,65 43031097,Y,43.068773,-77.5491489,08/15/2011,6:25 AM,PROPERTY DAMAGE AND INJURY,4.,0 ,2 ,COLLISION WITH MOTOR VEHICLE,RIGHT ANGLE,FLASHING LIGHT,DAYLIGHT,CLOUDY,DRY
6836 ,34002796,MONROE,Rochester,,,N,43.2426317,-77.619421,08/28/2011,8:45 PM,INJURY,2.,0 ,2 ,COLLISION WITH MOTOR VEHICLE,RIGHT ANGLE,NONE,DARK-ROAD LIGHTED,CLEAR,DRY
6836 ,34002804,MONROE,Chili,,,N,43.0375734,-77.7365788,08/24/2011,5:32 PM,PROPERTY DAMAGE AND INJURY,1.,0 ,2 ,COLLISION WITH MOTOR VEHICLE,REAR END,NONE,DAYLIGHT,CLOUDY,DRY
6836 ,34002831,MONROE,Irondequoit,,,N,43.1973457,-77.5874207,08/27/2011,1:07 PM,INJURY,1.,0 ,1 ,COLLISION WITH PEDESTRIAN,OTHER,NONE,DAYLIGHT,CLEAR,DRY
6836 ,34002869,MONROE,Perinton,,,Y,43.073916,-77.460934,08/19/2011,3:43 PM,INJURY,1.,0 ,2 ,COLLISION WITH MOTOR VEHICLE,REAR END,TRAFFIC SIGNAL,DAYLIGHT,CLEAR,DRY
6836 ,34002905,MONROE,Perinton,,,N,43.0908264,-77.4320973,08/23/2011,2:39 PM,INJURY,1.,0 ,2 ,COLLISION WITH MOTOR VEHICLE,REAR END,NONE,DAYLIGHT,CLEAR,DRY
6836 ,34002952,MONROE,Rochester,,,N,43.1873496,-77.5844796,08/28/2011,10:49 AM,PROPERTY DAMAGE AND INJURY,1.,0 ,2 ,COLLISION WITH MOTOR VEHICLE,OVERTAKING,NONE,DAYLIGHT,CLOUDY,DRY
6836 ,34002958,MONROE,Perinton,,31F43011071,Y,43.094038,-77.397404,08/17/2011,5:17 PM,PROPERTY DAMAGE AND INJURY,1.,0 ,2 ,COLLISION WITH MOTOR VEHICLE,REAR END,NONE,DAYLIGHT,CLEAR,DRY
6836 ,34002959,MONROE,Rochester,,,Y,43.16123,-77.619204,07/27/2011,3:40 PM,INJURY,1.,0 ,1 ,COLLISION WITH BICYCLIST,OTHER,TRAFFIC SIGNAL,DAYLIGHT,CLEAR,DRY
6836 ,34002981,MONROE,Penfield,,,N,43.1751039,-77.5208714,08/15/2011,12:30 PM,PROPERTY DAMAGE AND INJURY,1.,0 ,2 ,COLLISION WITH MOTOR VEHICLE,REAR END,NONE,DAYLIGHT,CLOUDY,DRY
6836 ,34003043,MONROE,Rochester,,,Y,43.159358,-77.646836,08/25/2011,1:57 PM,INJURY,1.,0 ,1 ,COLLISION WITH PEDESTRIAN,OTHER,NONE,DAYLIGHT,CLOUDY,DRY
6836 ,34003073,MONROE,Rochester,,,Y,43.155131,-77.605517,08/19/2011,3:19 AM,INJURY,1.,0 ,2 ,COLLISION WITH MOTOR VEHICLE,RIGHT ANGLE,TRAFFIC SIGNAL,DARK-ROAD LIGHTED,CLEAR,DRY
6836 ,34003082,MONROE,Rochester,,,Y,43.179129,-77.613545,08/29/2011,2:06 PM,PROPERTY DAMAGE AND INJURY,1.,0 ,2 ,COLLISION WITH MOTOR VEHICLE,REAR END,NONE,DAYLIGHT,CLEAR,DRY
6836 ,34003083,MONROE,Rochester,,,N,43.1904983,-77.6130166,08/28/2011,11:17 PM,PROPERTY DAMAGE AND INJURY,2.,0 ,2 ,COLLISION WITH MOTOR VEHICLE,OTHER,NONE,DARK-ROAD UNLIGHTED,CLEAR,DRY
6836 ,34003084,MONROE,Brighton,,,N,43.1104197,-77.5477102,08/29/2011,3:05 PM,PROPERTY DAMAGE AND INJURY,1.,0 ,2 ,COLLISION WITH MOTOR VEHICLE,RIGHT ANGLE,NONE,DAYLIGHT,CLOUDY,DRY
6836 ,34003121,MONROE,Brighton,,,Y,43.126686,-77.557179,08/29/2011,4:30 PM,INJURY,1.,0 ,1 ,COLLISION WITH BICYCLIST,OTHER,NONE,DAYLIGHT,CLEAR,DRY
6836 ,34003127,MONROE,Rochester,,,Y,43.159729,-77.566255,08/28/2011,8:44 PM,PROPERTY DAMAGE AND INJURY,2.,0 ,2 ,COLLISION WITH MOTOR VEHICLE,REAR END,TRAFFIC SIGNAL,DARK-ROAD LIGHTED,CLEAR,DRY
6836 ,34003613,MONROE,Irondequoit,,,Y,43.204774,-77.545587,08/29/2011,4:07 PM,PROPERTY DAMAGE AND INJURY,1.,0 ,2 ,COLLISION WITH MOTOR VEHICLE,REAR END,NONE,DAYLIGHT,CLEAR,DRY
6836 ,34003794,MONROE,Chili,,33A43021123,N,43.1056204,-77.7492389,08/12/2011,2:15 PM,PROPERTY DAMAGE AND INJURY,1.,0 ,3 ,COLLISION WITH MOTOR VEHICLE,OTHER,TRAFFIC SIGNAL,DAYLIGHT,CLEAR,DRY
6836 ,34003829,MONROE,Hamlin,,18 43031123,Y,43.284049,-77.834022,08/28/2011,3:58 PM,INJURY,2.,0 ,2 ,COLLISION WITH MOTOR VEHICLE,RIGHT ANGLE,STOP SIGN,DAYLIGHT,CLOUDY,DRY
6836 ,34003911,MONROE,Brockport,,,Y,43.219978,-77.967,08/29/2011,7:35 PM,PROPERTY DAMAGE AND INJURY,1.,0 ,2 ,COLLISION WITH MOTOR VEHICLE,LEFT TURN (AGAINST OTHER CAR),TRAFFIC SIGNAL,DAYLIGHT,CLEAR,DRY
6836 ,34003985,MONROE,Henrietta,,15A43042090,Y,43.031201,-77.627528,07/22/2011,4:07 PM,PROPERTY DAMAGE AND INJURY,1.,0 ,2 ,COLLISION WITH MOTOR VEHICLE,REAR END,NONE,DAYLIGHT,CLEAR,DRY
6836 ,34004121,MONROE,Brighton,,,N,43.128451,-77.528937,08/30/2011,12:45 PM,INJURY,1.,0 ,1 ,COLLISION WITH BICYCLIST,OTHER,NONE,DAYLIGHT,CLEAR,DRY
6836 ,34004189,MONROE,Rochester,,,Y,43.184491,-77.595589,08/20/2011,3:02 AM,INJURY,1.,0 ,1 ,COLLISION WITH BICYCLIST,OTHER,NONE,DARK-ROAD LIGHTED,CLOUDY,DRY
6836 ,34004222,MONROE,Rochester,,383 43012027,N,43.1520901,-77.610999,07/01/2011,3:20 PM,PROPERTY DAMAGE AND INJURY,1.,0 ,2 ,COLLISION WITH MOTOR VEHICLE,HEAD ON,NO PASSING ZONE,DAYLIGHT,CLEAR,DRY
6836 ,34004241,MONROE,Greece,,,Y,43.209474,-77.693608,08/24/2011,7:50 PM,PROPERTY DAMAGE AND INJURY,1.,0 ,2 ,COLLISION WITH MOTOR VEHICLE,RIGHT ANGLE,TRAFFIC SIGNAL,DUSK,CLEAR,DRY
6836 ,34004338,MONROE,Rochester,,,N,43.1553119,-77.6223108,08/26/2011,12:45 PM,INJURY,1.,0 ,1 ,COLLISION WITH PEDESTRIAN,OTHER,NONE,DAYLIGHT,CLEAR,DRY
6836 ,34004662,MONROE,Rochester,,15 43032006,N,43.1223644,-77.6185756,08/27/2011,1:39 PM,INJURY,1.,0 ,1 ,COLLISION WITH BICYCLIST,OTHER,NONE,DAYLIGHT,CLEAR,DRY
6836 ,34004664,MONROE,Rochester,,,Y,43.126903,-77.650861,08/30/2011,6:30 PM,INJURY,1.,0 ,1 ,COLLISION WITH BICYCLIST,OTHER,STOP SIGN,DAYLIGHT,CLEAR,DRY
6836 ,34004666,MONROE,Rochester,,,Y,43.180496,-77.610812,08/29/2011,12:10 PM,PROPERTY DAMAGE AND INJURY,1.,0 ,2 ,COLLISION WITH MOTOR VEHICLE,RIGHT ANGLE,TRAFFIC SIGNAL,DAYLIGHT,CLEAR,DRY
6836 ,34004671,MONROE,Rochester,,,N,43.252535,-77.6207229,08/29/2011,2:28 PM,INJURY,1.,0 ,1 ,OTHER NON-COLLISION,OTHER,STOP SIGN,DAYLIGHT,CLEAR,DRY
6836 ,34004752,MONROE,Brighton,,,N,43.145102,-77.5419197,08/30/2011,6:25 PM,PROPERTY DAMAGE AND INJURY,1.,0 ,2 ,COLLISION WITH MOTOR VEHICLE,REAR END,NONE,DAYLIGHT,CLEAR,DRY
6836 ,34005097,MONROE,Rochester,,,Y,43.156599,-77.608896,08/26/2011,12:55 PM,PROPERTY DAMAGE AND INJURY,1.,0 ,2 ,COLLISION WITH MOTOR VEHICLE,REAR END,TRAFFIC SIGNAL,DAYLIGHT,CLOUDY,DRY
6836 ,34005361,MONROE,Rochester,,490I43022055,N,43.1431708,-77.5748583,08/30/2011,5:26 PM,PROPERTY DAMAGE AND INJURY,1.,0 ,3 ,COLLISION WITH MOTOR VEHICLE,OTHER,NONE,DAYLIGHT,CLEAR,DRY
6836 ,34005451,MONROE,Penfield,,,N,43.1307488,-77.4408856,08/21/2011,6:04 PM,PROPERTY DAMAGE AND INJURY,1.,0 ,2 ,COLLISION WITH MOTOR VEHICLE,REAR END,TRAFFIC SIGNAL,DAYLIGHT,CLOUDY,DRY
6836 ,34005452,MONROE,Brighton,,,N,43.1293279,-77.5235159,08/29/2011,6:20 PM,PROPERTY DAMAGE AND INJURY,1.,0 ,2 ,COLLISION WITH MOTOR VEHICLE,REAR END,YIELD SIGN,DAYLIGHT,CLEAR,DRY
6836 ,34005455,MONROE,Penfield,,441 43011030,Y,43.1285013,-77.4838044,08/25/2011,5:03 PM,PROPERTY DAMAGE AND INJURY,1.,0 ,1 ,COLLISION WITH CURBING,OTHER,NONE,DAYLIGHT,CLOUDY,DRY
6836 ,34005461,MONROE,Spencerport,,259 43011069,N,43.1916126,-77.8006751,08/30/2011,6:45 AM,PROPERTY DAMAGE AND INJURY,1.,0 ,3 ,COLLISION WITH MOTOR VEHICLE,OTHER,TRAFFIC SIGNAL,DAYLIGHT,CLEAR,DRY
6836 ,34005466,MONROE,Pittsford,,,Y,43.11686,-77.5167761,08/30/2011,5:10 PM,PROPERTY DAMAGE AND INJURY,1.,0 ,2 ,COLLISION WITH MOTOR VEHICLE,RIGHT ANGLE,TRAFFIC SIGNAL,DAYLIGHT,CLEAR,DRY
6836 ,34005476,MONROE,Irondequoit,,,Y,43.210681,-77.598275,08/30/2011,7:12 AM,PROPERTY DAMAGE AND INJURY,1.,0 ,2 ,COLLISION WITH MOTOR VEHICLE,LEFT TURN (AGAINST OTHER CAR),TRAFFIC SIGNAL,DAYLIGHT,CLEAR,DRY
6836 ,34005479,MONROE,Brighton,,,N,43.1121548,-77.552774,08/31/2011,7:16 AM,PROPERTY DAMAGE AND INJURY,1.,0 ,2 ,COLLISION WITH MOTOR VEHICLE,OVERTAKING,NONE,DAYLIGHT,CLEAR,DRY
6836 ,34005483,MONROE,Irondequoit,,,N,43.1986753,-77.5789236,08/29/2011,1:50 PM,INJURY,1.,0 ,1 ,COLLISION WITH BICYCLIST,OTHER,TRAFFIC SIGNAL,DAYLIGHT,CLEAR,DRY
6836 ,34005492,MONROE,Gates,,,N,43.1612517,-77.6814297,08/30/2011,4:33 PM,PROPERTY DAMAGE AND INJURY,1.,0 ,1 ,OTHER NON-COLLISION,OTHER,NONE,DAYLIGHT,CLEAR,DRY
6836 ,34006229,MONROE,Irondequoit,,,N,43.2016116,-77.568144,08/30/2011,5:00 PM,INJURY,1.,0 ,1 ,COLLISION WITH BICYCLIST,OTHER,NONE,DAYLIGHT,CLEAR,DRY
6836 ,34006233,MONROE,Pittsford,,31 43033024,N,43.1090789,-77.5450672,08/31/2011,11:40 AM,PROPERTY DAMAGE AND INJURY,2.,0 ,3 ,COLLISION WITH MOTOR VEHICLE,OTHER,NONE,DAYLIGHT,CLEAR,DRY
6836 ,34007034,MONROE,Brighton,,15 43031120,Y,43.104245,-77.62779,09/02/2011,5:16 PM,PROPERTY DAMAGE AND INJURY,2.,0 ,2 ,COLLISION WITH MOTOR VEHICLE,REAR END,TRAFFIC SIGNAL,DAYLIGHT,CLOUDY,DRY
6836 ,34007036,MONROE,Brighton,,490I43023012,N,43.1325521,-77.5285164,08/30/2011,4:55 PM,INJURY,1.,0 ,4 ,COLLISION WITH MOTOR VEHICLE,OTHER,NONE,DAYLIGHT,CLEAR,DRY
6836 ,34007056,MONROE,Brighton,,15 43031126,N,43.112116,-77.6237131,09/02/2011,5:24 PM,INJURY,1.,0 ,2 ,COLLISION WITH MOTOR VEHICLE,REAR END,TRAFFIC SIGNAL,DAYLIGHT,CLEAR,DRY
6836 ,34007062,MONROE,Henrietta,,253 43011064,N,43.058833,-77.641785,08/31/2011,6:45 PM,INJURY,1.,0 ,2 ,COLLISION WITH MOTOR VEHICLE,REAR END,YIELD SIGN,DAYLIGHT,CLEAR,DRY
6836 ,34007217,MONROE,Greece,,,Y,43.247476,-77.700717,08/30/2011,7:03 PM,PROPERTY DAMAGE AND INJURY,2.,0 ,1 ,COLLISION WITH OTHER,OTHER,NONE,DAYLIGHT,CLEAR,DRY
6836 ,34007336,MONROE,Greece,,390 43011032,N,43.2032091,-77.6767501,08/28/2011,6:54 PM,PROPERTY DAMAGE AND INJURY,1.,0 ,1 ,COLLISION WITH SIGN POST,OTHER,NONE,DAYLIGHT,CLEAR,DRY
6836 ,34007440,MONROE,Wheatland,,,N,43.0294679,-77.7424034,09/01/2011,8:42 PM,PROPERTY DAMAGE AND INJURY,1.,0 ,2 ,COLLISION WITH MOTOR VEHICLE,REAR END,NONE,DARK-ROAD LIGHTED,CLEAR,DRY
6836 ,34007441,MONROE,Chili,,252 43011009,N,43.0956581,-77.7502851,09/01/2011,4:31 PM,PROPERTY DAMAGE AND INJURY,3.,0 ,2 ,COLLISION WITH MOTOR VEHICLE,RIGHT ANGLE,NONE,DAYLIGHT,CLOUDY,DRY
6836 ,34007448,MONROE,Henrietta,,253 43011038,N,43.0401031,-77.6783099,08/26/2011,5:16 PM,PROPERTY DAMAGE AND INJURY,2.,0 ,2 ,COLLISION WITH MOTOR VEHICLE,RIGHT ANGLE,STOP SIGN,DAYLIGHT,CLOUDY,DRY
6836 ,34007452,MONROE,Sweden,,,N,43.1799846,-77.9016286,09/01/2011,11:50 AM,PROPERTY DAMAGE AND INJURY,1.,0 ,1 ,COLLISION WITH DEER,OTHER,NONE,DAYLIGHT,CLOUDY,DRY
6836 ,34007455,MONROE,East Rochester,,,N,43.1113122,-77.4823125,07/13/2011,4:35 PM,INJURY,1.,0 ,1 ,COLLISION WITH PEDESTRIAN,OTHER,NONE,DAYLIGHT,CLEAR,DRY
6836 ,34007466,MONROE,Sweden,,31 43031057,N,43.19825,-77.9222502,08/19/2011,4:33 PM,PROPERTY DAMAGE AND INJURY,1.,0 ,3 ,COLLISION WITH MOTOR VEHICLE,OTHER,TRAFFIC SIGNAL,DAYLIGHT,CLEAR,DRY
6836 ,34007480,MONROE,East Rochester,,,Y,43.104959,-77.489144,06/03/2011,7:15 AM,PROPERTY DAMAGE AND INJURY,1.,0 ,2 ,COLLISION WITH MOTOR VEHICLE,REAR END,TRAFFIC SIGNAL,DAYLIGHT,CLEAR,DRY
6836 ,34007481,MONROE,Gates,,,N,43.1648481,-77.6909524,09/03/2011,4:06 AM,PROPERTY DAMAGE AND INJURY,1.,0 ,1 ,COLLISION WITH BICYCLIST,OTHER,NONE,DARK-ROAD LIGHTED,CLEAR,DRY
6836 ,34007633,MONROE,Greece,,,Y,43.286938,-77.720772,09/03/2011,1:58 PM,INJURY,1.,0 ,1 ,COLLISION WITH TREE,OTHER,STOP SIGN,DAYLIGHT,CLEAR,DRY
6836 ,34007759,MONROE,Rochester,,,N,43.143188,-77.547946,08/30/2011,5:34 PM,PROPERTY DAMAGE AND INJURY,1.,0 ,3 ,COLLISION WITH MOTOR VEHICLE,OTHER,NONE,DAYLIGHT,CLEAR,DRY
6836 ,34007879,MONROE,Henrietta,,,N,43.0865532,-77.6570063,09/01/2011,10:22 AM,INJURY,1.,0 ,2 ,COLLISION WITH MOTOR VEHICLE,REAR END,TRAFFIC SIGNAL,DAYLIGHT,CLEAR,DRY
6836 ,34008036,MONROE,Henrietta,,,N,43.076036,-77.62672,09/02/2011,2:59 PM,PROPERTY DAMAGE AND INJURY,1.,0 ,2 ,COLLISION WITH MOTOR VEHICLE,REAR END,NONE,DAYLIGHT,CLEAR,DRY
6836 ,34008242,MONROE,Brighton,,590I43011029,N,43.114179,-77.5521799,09/02/2011,11:55 AM,PROPERTY DAMAGE AND INJURY,1.,0 ,1 ,COLLISION WITH GUIDE RAIL,OTHER,NONE,DAYLIGHT,CLEAR,DRY
6836 ,34008249,MONROE,Irondequoit,,,N,43.1964351,-77.5983194,08/31/2011,11:02 PM,PROPERTY DAMAGE AND INJURY,1.,0 ,1 ,COLLISION WITH CURBING,OTHER,NONE,DARK-ROAD LIGHTED,CLEAR,DRY
6836 ,34008268,MONROE,Brighton,,441 43011000,Y,43.128025,-77.521656,08/19/2011,12:30 PM,INJURY,1.,0 ,1 ,COLLISION WITH CURBING,OTHER,TRAFFIC SIGNAL,DAYLIGHT,CLEAR,DRY
6836 ,34008287,MONROE,Brighton,,,N,43.129144,-77.524889,08/29/2011,7:45 PM,PROPERTY DAMAGE AND INJURY,1.,0 ,1 ,COLLISION WITH GUIDE RAIL,OTHER,NONE,DARK-ROAD LIGHTED,CLEAR,DRY
6836 ,34008454,MONROE,Pittsford,,,N,43.079751,-77.5028635,09/01/2011,7:40 AM,PROPERTY DAMAGE AND INJURY,1.,0 ,1 ,COLLISION WITH TREE,OTHER,NONE,DAYLIGHT,RAIN,WET