QUERYID,CASE #,REGN_CNTY_CDE,Municipality,MUNITYPE,REF_MRKR,ATINTERSECTION_IND,Lat,Long,,Time,Crash Type,Injuries,Fatalities,Number of Vehicles,ACCD_TYP,COLLISION_TYP,TRAF_CNTL,Light Condition,Weather Condition,Road Surface Condition
6836 ,34008524,MONROE,Penfield,,,N,43.1338082,-77.4934733,09/03/2011,6:07 PM,PROPERTY DAMAGE AND INJURY,2.,0 ,2 ,COLLISION WITH MOTOR VEHICLE,HEAD ON,NONE,DAYLIGHT,CLEAR,DRY
6836 ,34008757,MONROE,Brighton,,,N,43.1262948,-77.5692947,09/02/2011,6:03 PM,INJURY,1.,0 ,1 ,COLLISION WITH BICYCLIST,OTHER,TRAFFIC SIGNAL,DAYLIGHT,CLEAR,DRY
6836 ,34008836,MONROE,Brighton,,,Y,43.111727,-77.623926,09/05/2011,4:58 PM,INJURY,1.,0 ,2 ,COLLISION WITH MOTOR VEHICLE,REAR END,TRAFFIC SIGNAL,DAYLIGHT,RAIN,WET
6836 ,34010454,MONROE,Rochester,,,N,43.1774858,-77.6073982,08/23/2011,9:30 PM,INJURY,1.,0 ,2 ,COLLISION WITH MOTOR VEHICLE,REAR END,NONE,DAYLIGHT,CLEAR,DRY
6836 ,34010464,MONROE,Rochester,,,Y,43.182905,-77.5646721,08/26/2011,12:10 AM,INJURY,1.,0 ,1 ,COLLISION WITH BICYCLIST,OTHER,STOP SIGN,DARK-ROAD LIGHTED,CLEAR,DRY
6836 ,34010466,MONROE,Rochester,,,Y,43.20333,-77.6517,08/27/2011,5:17 PM,PROPERTY DAMAGE AND INJURY,1.,0 ,2 ,COLLISION WITH MOTOR VEHICLE,RIGHT TURN (WITH OTHER CAR),TRAFFIC SIGNAL,DAYLIGHT,CLEAR,DRY
6836 ,34010472,MONROE,Rochester,,,Y,43.178496,-77.613505,09/01/2011,4:45 PM,PROPERTY DAMAGE AND INJURY,3.,0 ,2 ,COLLISION WITH MOTOR VEHICLE,REAR END,NONE,DAYLIGHT,CLEAR,DRY
6836 ,34010474,MONROE,Rochester,,,Y,43.175339,-77.598828,08/24/2011,4:56 PM,INJURY,1.,0 ,1 ,COLLISION WITH PEDESTRIAN,OTHER,NONE,DAYLIGHT,CLEAR,DRY
6836 ,34010480,MONROE,Rochester,,,N,43.1470588,-77.5730507,08/30/2011,3:10 PM,INJURY,1.,0 ,3 ,COLLISION WITH MOTOR VEHICLE,OTHER,TRAFFIC SIGNAL,DAYLIGHT,CLEAR,DRY
6836 ,34010507,MONROE,Rochester,,,N,43.193901,-77.6534784,08/27/2011,6:58 PM,PROPERTY DAMAGE AND INJURY,1.,0 ,2 ,COLLISION WITH MOTOR VEHICLE,REAR END,TRAFFIC SIGNAL,DAYLIGHT,CLEAR,DRY
6836 ,34010509,MONROE,Rochester,,,Y,43.177837,-77.583059,09/04/2011,9:05 PM,INJURY,2.,0 ,2 ,COLLISION WITH MOTOR VEHICLE,OTHER,STOP SIGN,DARK-ROAD LIGHTED,CLEAR,DRY
6836 ,34010510,MONROE,Rochester,,,Y,43.170575,-77.59779,08/22/2011,11:16 AM,INJURY,1.,0 ,1 ,COLLISION WITH BICYCLIST,OTHER,TRAFFIC SIGNAL,DAYLIGHT,CLEAR,DRY
6836 ,34010515,MONROE,Rochester,,,Y,43.136155,-77.59811,08/28/2011,2:43 PM,INJURY,1.,0 ,2 ,COLLISION WITH MOTOR VEHICLE,UNKNOWN,STOP SIGN,DAYLIGHT,CLOUDY,DRY
6836 ,34010517,MONROE,Rochester,,,Y,43.178097,-77.595297,08/25/2011,6:37 PM,PROPERTY DAMAGE AND INJURY,10.,0 ,2 ,COLLISION WITH MOTOR VEHICLE,RIGHT ANGLE,STOP SIGN,DAYLIGHT,CLEAR,DRY
6836 ,34010518,MONROE,Rochester,,,N,43.1499958,-77.6379037,08/26/2011,12:22 AM,INJURY,1.,0 ,1 ,COLLISION WITH PEDESTRIAN,OTHER,NONE,DARK-ROAD LIGHTED,CLEAR,DRY
6836 ,34010519,MONROE,Rochester,,,Y,43.151877,-77.654033,09/04/2011,10:23 PM,PROPERTY DAMAGE AND INJURY,1.,0 ,3 ,COLLISION WITH MOTOR VEHICLE,OTHER,TRAFFIC SIGNAL,DARK-ROAD LIGHTED,RAIN,WET
6836 ,34010521,MONROE,Rochester,,,Y,43.177276,-77.598949,09/02/2011,3:52 PM,PROPERTY DAMAGE AND INJURY,1.,0 ,2 ,COLLISION WITH MOTOR VEHICLE,RIGHT ANGLE,STOP SIGN,DAYLIGHT,CLEAR,DRY
6836 ,34010522,MONROE,Rochester,,,N,43.1646633,-77.6639458,09/02/2011,10:36 AM,PROPERTY DAMAGE AND INJURY,1.,0 ,4 ,COLLISION WITH BUILDING/WALL,OTHER,NONE,DAYLIGHT,CLEAR,DRY
6836 ,34010526,MONROE,Rochester,,33A43022004,Y,43.142695,-77.658772,09/06/2011,5:25 PM,PROPERTY DAMAGE AND INJURY,4.,0 ,3 ,COLLISION WITH MOTOR VEHICLE,OTHER,TRAFFIC SIGNAL,DAYLIGHT,CLOUDY,DRY
6836 ,34010529,MONROE,Rochester,,,N,43.1602715,-77.6040161,08/26/2011,2:46 AM,INJURY,1.,0 ,1 ,COLLISION WITH PEDESTRIAN,OTHER,NONE,DARK-ROAD UNLIGHTED,CLEAR,DRY
6836 ,34010599,MONROE,Greece,,,Y,43.242943,-77.69659,09/06/2011,12:35 PM,PROPERTY DAMAGE AND INJURY,1.,0 ,2 ,COLLISION WITH MOTOR VEHICLE,REAR END,NONE,DAYLIGHT,CLOUDY,DRY
6836 ,34010600,MONROE,Greece,,18 43031193,Y,43.252915,-77.673078,08/29/2011,2:33 PM,PROPERTY DAMAGE AND INJURY,2.,0 ,2 ,COLLISION WITH MOTOR VEHICLE,REAR END,NONE,DAYLIGHT,CLOUDY,DRY
6836 ,34010605,MONROE,Greece,,,N,43.2236607,-77.677398,09/06/2011,6:23 PM,PROPERTY DAMAGE AND INJURY,1.,0 ,3 ,COLLISION WITH MOTOR VEHICLE,OTHER,TRAFFIC SIGNAL,DAYLIGHT,CLEAR,DRY
6836 ,34010607,MONROE,Greece,,,N,43.2237533,-77.6586679,09/05/2011,11:24 AM,INJURY,1.,0 ,2 ,COLLISION WITH MOTOR VEHICLE,RIGHT ANGLE,NONE,DAYLIGHT,CLOUDY,DRY
6836 ,34010820,MONROE,Chili,,383 43011155,N,43.1217607,-77.6488612,09/01/2011,4:29 PM,INJURY,1.,0 ,1 ,OTHER NON-COLLISION,OTHER,TRAFFIC SIGNAL,DAYLIGHT,CLOUDY,DRY
6836 ,34010821,MONROE,Rochester,,104 43032033,N,43.1919469,-77.5993904,08/28/2011,4:30 PM,PROPERTY DAMAGE AND INJURY,2.,0 ,1 ,COLLISION WITH OTHER BARRIER,OTHER,NONE,DAYLIGHT,CLOUDY,DRY
6836 ,34010822,MONROE,Rochester,,490I43022038,N,43.1490954,-77.6034369,09/05/2011,4:00 PM,PROPERTY DAMAGE AND INJURY,1.,0 ,1 ,COLLISION WITH OTHER BARRIER,OTHER,NONE,DAYLIGHT,CLOUDY,WET
6836 ,34010823,MONROE,Webster,,104 43035224,N,43.2130247,-77.5277541,09/06/2011,1:59 PM,PROPERTY DAMAGE AND INJURY,1.,0 ,1 ,COLLISION WITH OTHER BARRIER,OTHER,NONE,DAYLIGHT,CLOUDY,DRY
6836 ,34011147,MONROE,Greece,,104 43031150,N,43.2109245,-77.7103778,09/03/2011,5:40 PM,INJURY,1.,0 ,3 ,COLLISION WITH MOTOR VEHICLE,OTHER,TRAFFIC SIGNAL,DAYLIGHT,OTHER,DRY
6836 ,34011367,MONROE,Ogden,,,Y,43.177813,-77.8242399,09/03/2011,10:00 PM,INJURY,2.,0 ,1 ,RAN OFF ROAD ONLY,OTHER,STOP SIGN,DARK-ROAD UNLIGHTED,CLEAR,DRY
6836 ,34011372,MONROE,Henrietta,,252 43011067,N,43.0894142,-77.6419327,09/06/2011,1:40 PM,PROPERTY DAMAGE AND INJURY,2.,0 ,2 ,COLLISION WITH MOTOR VEHICLE,RIGHT ANGLE,STOP SIGN,DAYLIGHT,CLOUDY,DRY
6836 ,34011373,MONROE,Wheatland,,,N,43.0323889,-77.8960338,09/05/2011,2:30 AM,PROPERTY DAMAGE AND INJURY,2.,0 ,1 ,COLLISION WITH TREE,OTHER,NONE,DARK-ROAD UNLIGHTED,RAIN,WET
6836 ,34011377,MONROE,Sweden,,,N,43.1983249,-77.9342757,09/02/2011,5:43 PM,PROPERTY DAMAGE AND INJURY,1.,0 ,2 ,COLLISION WITH MOTOR VEHICLE,REAR END,NONE,DAYLIGHT,CLEAR,DRY
6836 ,34011378,MONROE,Spencerport,,259 43011068,N,43.1902089,-77.8010509,09/03/2011,10:45 AM,INJURY,1.,0 ,3 ,COLLISION WITH MOTOR VEHICLE,OTHER,NO PASSING ZONE,DAYLIGHT,CLOUDY,DRY
6836 ,34011381,MONROE,Penfield,,,Y,43.135785,-77.514443,09/06/2011,9:36 PM,PROPERTY DAMAGE AND INJURY,1.,0 ,1 ,COLLISION WITH CURBING,OTHER,NONE,DARK-ROAD LIGHTED,CLEAR,DRY
6836 ,34011383,MONROE,Penfield,,,N,43.1939755,-77.4457525,09/03/2011,9:06 PM,PROPERTY DAMAGE AND INJURY,1.,0 ,1 ,COLL. W/LIGHT SUPPORT/UTILITY POLE,OTHER,NONE,DARK-ROAD UNLIGHTED,CLEAR,DRY
6836 ,34011384,MONROE,Penfield,,,Y,43.172767,-77.50354,08/30/2011,7:03 PM,PROPERTY DAMAGE AND INJURY,2.,0 ,2 ,COLLISION WITH MOTOR VEHICLE,LEFT TURN (AGAINST OTHER CAR),NONE,DAYLIGHT,CLEAR,DRY
6836 ,34011385,MONROE,Penfield,,,N,43.1422262,-77.4635639,09/06/2011,5:00 PM,PROPERTY DAMAGE AND INJURY,1.,0 ,2 ,COLLISION WITH MOTOR VEHICLE,RIGHT ANGLE,STOP SIGN,DAYLIGHT,CLOUDY,DRY
6836 ,34011386,MONROE,Penfield,,,N,43.1758042,-77.511905,08/31/2011,3:27 PM,INJURY,1.,0 ,1 ,COLLISION WITH GUIDE RAIL,OTHER,NONE,DAYLIGHT,CLOUDY,DRY
6836 ,34011389,MONROE,Brighton,,,N,43.1304417,-77.525746,09/04/2011,11:09 PM,PROPERTY DAMAGE AND INJURY,1.,0 ,1 ,COLLISION WITH MEDIAN/BARRIER,OTHER,NONE,DARK-ROAD LIGHTED,RAIN,FLOODED WATER
6836 ,34011392,MONROE,Chili,,390I43033003,N,43.1244507,-77.6517523,09/02/2011,9:58 PM,INJURY,1.,0 ,1 ,COLL. W/LIGHT SUPPORT/UTILITY POLE,OTHER,NONE,DARK-ROAD LIGHTED,RAIN,WET
6836 ,34011393,MONROE,Brighton,,,Y,43.128025,-77.521656,09/06/2011,1:51 AM,PROPERTY DAMAGE AND INJURY,1.,0 ,1 ,COLLISION WITH CURBING,OTHER,TRAFFIC SIGNAL,DARK-ROAD LIGHTED,CLOUDY,WET
6836 ,34011400,MONROE,Pittsford,,490I43023037,N,43.1048088,-77.5055946,08/27/2011,1:23 AM,PROPERTY DAMAGE AND INJURY,1.,0 ,2 ,COLLISION WITH MOTOR VEHICLE,RIGHT ANGLE,NONE,DARK-ROAD UNLIGHTED,CLEAR,DRY
6836 ,34011401,MONROE,Gates,,,N,43.1552457,-77.6813989,08/25/2011,5:18 PM,INJURY,1.,0 ,4 ,COLLISION WITH MOTOR VEHICLE,OTHER,NONE,DAYLIGHT,CLOUDY,DRY
6836 ,34011404,MONROE,Perinton,,96 43051005,N,43.0379923,-77.4540816,09/05/2011,1:52 PM,PROPERTY DAMAGE AND INJURY,1.,0 ,3 ,COLLISION WITH MOTOR VEHICLE,OTHER,TRAFFIC SIGNAL,DAYLIGHT,RAIN,WET
6836 ,34011405,MONROE,Brighton,,31 43033023,N,43.1108227,-77.5474526,09/07/2011,1:30 PM,INJURY,1.,0 ,2 ,COLLISION WITH MOTOR VEHICLE,REAR END,NONE,DAYLIGHT,CLOUDY,DRY
6836 ,34011407,MONROE,Irondequoit,,,N,43.1884947,-77.5503499,09/06/2011,6:00 PM,INJURY,1.,0 ,2 ,COLLISION WITH MOTOR VEHICLE,RIGHT ANGLE,NONE,DAYLIGHT,CLOUDY,DRY
6836 ,34011416,MONROE,Brighton,,31 43033005,Y,43.129596,-77.568106,09/07/2011,12:43 PM,PROPERTY DAMAGE AND INJURY,1.,0 ,2 ,COLLISION WITH MOTOR VEHICLE,REAR END,TRAFFIC SIGNAL,DAYLIGHT,CLOUDY,WET
6836 ,34011421,MONROE,Gates,,,N,43.1376537,-77.678863,09/04/2011,9:45 AM,PROPERTY DAMAGE AND INJURY,1.,0 ,2 ,COLLISION WITH MOTOR VEHICLE,HEAD ON,NONE,DAYLIGHT,CLOUDY,DRY
6836 ,34011468,MONROE,Rochester,,,Y,43.164629,-77.632426,08/31/2011,7:41 PM,INJURY,1.,0 ,1 ,COLLISION WITH BICYCLIST,OTHER,TRAFFIC SIGNAL,DAYLIGHT,CLOUDY,DRY
6836 ,34011517,MONROE,Wheatland,,,Y,43.019579,-77.816455,07/11/2011,11:20 AM,FATAL,1.,1 ,2 ,COLLISION WITH MOTOR VEHICLE,RIGHT ANGLE,STOP SIGN,DAYLIGHT,CLEAR,DRY
6836 ,34011670,MONROE,Henrietta,,,Y,43.087107,-77.617323,07/21/2011,4:20 PM,INJURY,1.,0 ,2 ,COLLISION WITH MOTOR VEHICLE,REAR END,TRAFFIC SIGNAL,DAYLIGHT,CLEAR,DRY
6836 ,34012265,MONROE,Brighton,,,N,43.1577227,-77.5388495,09/08/2011,8:51 AM,PROPERTY DAMAGE AND INJURY,2.,0 ,3 ,COLLISION WITH MOTOR VEHICLE,OTHER,NONE,DAYLIGHT,CLOUDY,DRY
6836 ,34012405,MONROE,Brighton,,,Y,43.101575,-77.5654059,09/08/2011,5:47 PM,PROPERTY DAMAGE AND INJURY,1.,0 ,2 ,COLLISION WITH MOTOR VEHICLE,RIGHT ANGLE,STOP SIGN,DAYLIGHT,CLOUDY,DRY
6836 ,34012407,MONROE,Gates,,,N,43.1647006,-77.6873735,09/08/2011,11:46 AM,INJURY,1.,0 ,2 ,COLLISION WITH MOTOR VEHICLE,REAR END,NONE,DAYLIGHT,CLOUDY,WET
6836 ,34012408,MONROE,Sweden,,31 43031046,N,43.1983591,-77.9440299,09/03/2011,9:32 AM,PROPERTY DAMAGE AND INJURY,2.,0 ,2 ,COLLISION WITH MOTOR VEHICLE,REAR END,NONE,DAYLIGHT,CLEAR,DRY
6836 ,34012413,MONROE,Parma,,104 43031004,N,43.2184823,-77.7818726,08/21/2011,7:15 AM,PROPERTY DAMAGE AND INJURY,1.,0 ,1 ,COLLISION WITH TREE,OTHER,NO PASSING ZONE,DAWN,RAIN,WET
6836 ,34012416,MONROE,Brighton,,,Y,43.126189,-77.5726221,09/08/2011,2:42 PM,PROPERTY DAMAGE AND INJURY,1.,0 ,2 ,COLLISION WITH MOTOR VEHICLE,LEFT TURN (AGAINST OTHER CAR),TRAFFIC SIGNAL,DAYLIGHT,CLOUDY,DRY
6836 ,34013093,MONROE,Webster,,,N,43.2220081,-77.4466377,09/08/2011,4:16 PM,PROPERTY DAMAGE AND INJURY,2.,0 ,2 ,COLLISION WITH MOTOR VEHICLE,RIGHT ANGLE,STOP SIGN,DAYLIGHT,CLOUDY,DRY
6836 ,34013097,MONROE,Ogden,,,N,43.186313,-77.8535721,09/07/2011,4:58 PM,INJURY,1.,0 ,2 ,COLLISION WITH MOTOR VEHICLE,REAR END,NONE,DAYLIGHT,CLOUDY,DRY
6836 ,34013098,MONROE,Gates,,390 43011005,N,43.1633709,-77.6825419,09/08/2011,5:11 PM,PROPERTY DAMAGE AND INJURY,1.,0 ,1 ,COLL. W/EARTH ELE./ROCK CUT/DITCH,OTHER,NONE,DAYLIGHT,CLOUDY,DRY
6836 ,34013105,MONROE,Gates,,,Y,43.175621,-77.701578,09/05/2011,12:43 PM,INJURY,1.,0 ,1 ,COLLISION WITH BICYCLIST,OTHER,STOP SIGN,DAYLIGHT,RAIN,WET
6836 ,34013139,MONROE,Hamlin,,360 43011038,Y,43.320785,-77.9278441,06/05/2011,6:53 PM,FATAL,4.,1 ,2 ,COLLISION WITH MOTOR VEHICLE,RIGHT ANGLE,STOP SIGN,DAYLIGHT,CLEAR,DRY
6836 ,34013140,MONROE,Perinton,,96 43051008,Y,43.039585,-77.458118,05/18/2011,7:34 AM,FATAL,0.,1 ,2 ,COLLISION WITH MOTOR VEHICLE,LEFT TURN (WITH OTHER CAR),TRAFFIC SIGNAL,DAYLIGHT,RAIN,WET
6836 ,34013324,MONROE,Brighton,,31 43033021,N,43.1124717,-77.5496674,09/09/2011,11:59 AM,PROPERTY DAMAGE AND INJURY,1.,0 ,2 ,COLLISION WITH MOTOR VEHICLE,LEFT TURN (AGAINST OTHER CAR),NONE,DAYLIGHT,CLEAR,DRY
6836 ,34013469,MONROE,Chili,,,N,43.0440062,-77.7318443,08/20/2011,12:14 PM,PROPERTY DAMAGE AND INJURY,2.,0 ,2 ,COLLISION WITH MOTOR VEHICLE,REAR END,HIGHWAY WORK AREA,DAYLIGHT,CLEAR,DRY
6836 ,34013533,MONROE,Gates,,,N,43.139413,-77.66832,09/10/2011,4:14 PM,PROPERTY DAMAGE AND INJURY,1.,0 ,2 ,COLLISION WITH MOTOR VEHICLE,REAR END,TRAFFIC SIGNAL,DAYLIGHT,CLEAR,DRY
6836 ,34013596,MONROE,Brighton,,,N,43.0974672,-77.63127,09/10/2011,9:35 PM,PROPERTY DAMAGE AND INJURY,2.,0 ,2 ,COLLISION WITH MOTOR VEHICLE,RIGHT TURN (WITH OTHER CAR),NONE,DARK-ROAD LIGHTED,CLEAR,DRY
6836 ,34013719,MONROE,Gates,,,Y,43.159691,-77.691096,09/09/2011,4:11 PM,PROPERTY DAMAGE AND INJURY,3.,0 ,4 ,COLLISION WITH MOTOR VEHICLE,OTHER,NONE,DAYLIGHT,CLEAR,DRY
6836 ,34013766,MONROE,Irondequoit,,47 43013026,N,43.204607,-77.5487561,09/09/2011,11:00 AM,PROPERTY DAMAGE AND INJURY,2.,0 ,2 ,COLLISION WITH MOTOR VEHICLE,REAR END,STOP SIGN,DAYLIGHT,CLEAR,DRY
6836 ,34013879,MONROE,Wheatland,,,N,43.0191927,-77.8201558,09/07/2011,5:40 PM,PROPERTY DAMAGE AND INJURY,2.,0 ,2 ,COLLISION WITH MOTOR VEHICLE,SIDESWIPE,NONE,DAYLIGHT,CLOUDY,WET
6836 ,34013990,MONROE,Perinton,,,Y,43.062161,-77.481224,09/10/2011,9:58 PM,PROPERTY DAMAGE AND INJURY,1.,0 ,2 ,COLLISION WITH MOTOR VEHICLE,REAR END,NONE,DARK-ROAD LIGHTED,CLEAR,DRY
6836 ,34013998,MONROE,Gates,,,N,43.1647413,-77.7324196,09/08/2011,7:14 AM,PROPERTY DAMAGE AND INJURY,1.,0 ,2 ,COLLISION WITH MOTOR VEHICLE,LEFT TURN (AGAINST OTHER CAR),TRAFFIC SIGNAL,DAYLIGHT,CLOUDY,WET
6836 ,34014077,MONROE,Pittsford,,65 43031120,N,43.1003181,-77.5470231,09/09/2011,9:10 PM,PROPERTY DAMAGE AND INJURY,2.,0 ,2 ,COLLISION WITH MOTOR VEHICLE,REAR END,NONE,DARK-ROAD UNLIGHTED,CLEAR,DRY
6836 ,34014138,MONROE,Perinton,,31F43011021,Y,43.102609,-77.4809221,09/11/2011,9:50 AM,PROPERTY DAMAGE AND INJURY,1.,0 ,3 ,COLLISION WITH MOTOR VEHICLE,OTHER,TRAFFIC SIGNAL,DAYLIGHT,CLEAR,DRY
6836 ,34014165,MONROE,Rochester,,,Y,43.155349,-77.6323121,09/11/2011,3:44 PM,INJURY,1.,0 ,1 ,COLLISION WITH BICYCLIST,OTHER,TRAFFIC SIGNAL,DAYLIGHT,RAIN,WET
6836 ,34014232,MONROE,Rochester,,,Y,43.191783,-77.615184,09/10/2011,10:46 AM,INJURY,1.,0 ,1 ,COLLISION WITH BICYCLIST,OTHER,NONE,DAYLIGHT,CLEAR,DRY
6836 ,34014244,MONROE,Pittsford,,,Y,43.090112,-77.515752,09/11/2011,6:22 PM,PROPERTY DAMAGE AND INJURY,1.,0 ,2 ,COLLISION WITH MOTOR VEHICLE,OVERTAKING,NONE,DAYLIGHT,CLEAR,DRY
6836 ,34014320,MONROE,Rochester,,,Y,43.176343,-77.598884,09/06/2011,7:48 AM,PROPERTY DAMAGE AND INJURY,2.,0 ,2 ,COLLISION WITH MOTOR VEHICLE,RIGHT ANGLE,STOP SIGN,DAYLIGHT,CLOUDY,DRY
6836 ,34014331,MONROE,Rochester,,,Y,43.114684,-77.616216,08/06/2011,7:26 AM,PROPERTY DAMAGE AND INJURY,1.,0 ,2 ,COLLISION WITH MOTOR VEHICLE,RIGHT ANGLE,TRAFFIC SIGNAL,DAYLIGHT,CLOUDY,DRY
6836 ,34014338,MONROE,Rochester,,,Y,43.177162,-77.633494,08/25/2011,6:30 PM,INJURY,1.,0 ,1 ,COLLISION WITH BICYCLIST,OTHER,NONE,DAYLIGHT,CLEAR,DRY
6836 ,34014372,MONROE,Rochester,,,Y,43.145295,-77.628993,09/12/2011,4:28 PM,INJURY,1.,0 ,1 ,COLLISION WITH MOTOR VEHICLE,OTHER,STOP SIGN,DAYLIGHT,CLEAR,DRY
6836 ,34014571,MONROE,Rochester,,,Y,43.15007,-77.599852,08/27/2011,10:32 AM,PROPERTY DAMAGE AND INJURY,1.,0 ,1 ,COLLISION WITH BICYCLIST,OTHER,TRAFFIC SIGNAL,DAYLIGHT,CLEAR,DRY
6836 ,34014597,MONROE,Rochester,,,Y,43.195863,-77.623651,09/09/2011,4:17 PM,INJURY,1.,0 ,2 ,COLLISION WITH MOTOR VEHICLE,OVERTAKING,NONE,DAYLIGHT,CLEAR,DRY
6836 ,34014643,MONROE,Irondequoit,,104 43032041,N,43.1947862,-77.5845542,09/08/2011,4:45 PM,INJURY,2.,0 ,2 ,COLLISION WITH MOTOR VEHICLE,RIGHT ANGLE,TRAFFIC SIGNAL,DAYLIGHT,CLOUDY,DRY
6836 ,34014645,MONROE,Rochester,,,Y,43.157153,-77.606417,09/07/2011,12:01 AM,INJURY,2.,0 ,2 ,COLLISION WITH MOTOR VEHICLE,LEFT TURN (WITH OTHER CAR),TRAFFIC SIGNAL,DARK-ROAD LIGHTED,CLOUDY,DRY
6836 ,34014766,MONROE,Rochester,,,Y,43.161707,-77.585903,09/07/2011,2:29 PM,PROPERTY DAMAGE AND INJURY,1.,0 ,2 ,COLLISION WITH MOTOR VEHICLE,REAR END,TRAFFIC SIGNAL,DAYLIGHT,CLOUDY,DRY
6836 ,34014777,MONROE,Pittsford,,31F43011006,N,43.110827,-77.507042,09/08/2011,6:07 PM,PROPERTY DAMAGE AND INJURY,1.,0 ,2 ,COLLISION WITH MOTOR VEHICLE,RIGHT ANGLE,TRAFFIC SIGNAL,DAYLIGHT,CLEAR,DRY
6836 ,34014790,MONROE,Rochester,,,Y,43.167366,-77.607229,09/02/2011,12:16 PM,PROPERTY DAMAGE AND INJURY,1.,0 ,2 ,COLLISION WITH MOTOR VEHICLE,RIGHT ANGLE,STOP SIGN,DAYLIGHT,CLEAR,DRY
6836 ,34014845,MONROE,Penfield,,404 43035051,N,43.182399,-77.507867,09/09/2011,2:55 PM,INJURY,1.,0 ,1 ,COLLISION WITH PEDESTRIAN,OTHER,TRAFFIC SIGNAL,DAYLIGHT,OTHER,DRY
6836 ,34014912,MONROE,Rochester,,,Y,43.195105,-77.608971,09/10/2011,12:22 AM,PROPERTY DAMAGE AND INJURY,3.,0 ,2 ,COLLISION WITH MOTOR VEHICLE,RIGHT ANGLE,TRAFFIC SIGNAL,DARK-ROAD LIGHTED,CLEAR,DRY
6836 ,34014914,MONROE,Chili,,,N,43.1243309,-77.6489032,09/10/2011,11:33 PM,PROPERTY DAMAGE AND INJURY,1.,0 ,1 ,COLL. W/LIGHT SUPPORT/UTILITY POLE,OTHER,NONE,DARK-ROAD LIGHTED,CLEAR,DRY
6836 ,34014928,MONROE,Rochester,,,Y,43.1593579,-77.5964224,09/10/2011,5:01 PM,INJURY,2.,0 ,2 ,COLLISION WITH MOTOR VEHICLE,REAR END,TRAFFIC SIGNAL,DAYLIGHT,CLEAR,DRY
6836 ,34014999,MONROE,Chili,,383 43011075,N,43.0359509,-77.738627,09/11/2011,9:22 PM,PROPERTY DAMAGE AND INJURY,1.,0 ,1 ,COLL. W/EARTH ELE./ROCK CUT/DITCH,OTHER,NONE,DARK-ROAD LIGHTED,CLEAR,DRY
6836 ,34015008,MONROE,Pittsford,,490I43023021,N,43.1217074,-77.5194559,09/09/2011,6:49 PM,PROPERTY DAMAGE AND INJURY,1.,0 ,2 ,COLLISION WITH MOTOR VEHICLE,REAR END,NONE,DAYLIGHT,CLEAR,DRY
6836 ,34015034,MONROE,Rochester,,,N,43.1642149,-77.6227756,09/02/2011,5:20 PM,INJURY,2.,0 ,3 ,COLLISION WITH MOTOR VEHICLE,OTHER,NONE,DAYLIGHT,CLEAR,DRY
6836 ,34015046,MONROE,Pittsford,,490I43023044,N,43.0946772,-77.5008436,09/09/2011,7:27 PM,PROPERTY DAMAGE AND INJURY,2.,0 ,1 ,OTHER NON-COLLISION,OTHER,NONE,DUSK,CLEAR,DRY
6836 ,34015103,MONROE,Henrietta,,390I43031082,N,43.047781,-77.648447,08/23/2011,4:37 PM,PROPERTY DAMAGE AND INJURY,1.,0 ,1 ,OVERTURNED,OTHER,NONE,DAYLIGHT,CLEAR,DRY
6836 ,34015133,MONROE,Rush,,,Y,42.967815,-77.6824689,07/23/2011,12:30 AM,PROPERTY DAMAGE AND INJURY,1.,0 ,1 ,OTHER NON-COLLISION,OTHER,NONE,DARK-ROAD UNLIGHTED,CLEAR,DRY
6836 ,34015321,MONROE,Clarkson,,,N,43.2445304,-77.9068336,09/07/2011,9:04 AM,PROPERTY DAMAGE AND INJURY,1.,0 ,1 ,COLL. W/EARTH ELE./ROCK CUT/DITCH,OTHER,NONE,DAYLIGHT,CLOUDY,WET
6836 ,34015351,MONROE,Rochester,,,N,43.1657168,-77.5725173,09/11/2011,4:24 PM,INJURY,3.,0 ,3 ,COLLISION WITH MOTOR VEHICLE,OTHER,NONE,DAYLIGHT,CLEAR,DRY
6836 ,34015357,MONROE,Greece,,390 43011020,N,43.1853428,-77.6834518,09/12/2011,5:33 PM,PROPERTY DAMAGE AND INJURY,1.,0 ,2 ,COLLISION WITH MOTOR VEHICLE,REAR END,NONE,DAYLIGHT,CLEAR,DRY
6836 ,34015368,MONROE,Greece,,390 43011044,N,43.2193139,-77.6746504,09/10/2011,8:00 PM,INJURY,1.,0 ,1 ,COLLISION WITH PEDESTRIAN,OTHER,HIGHWAY WORK AREA,DARK-ROAD LIGHTED,CLEAR,DRY
6836 ,34015459,MONROE,Rochester,,,Y,43.164714,-77.582163,09/12/2011,6:04 PM,INJURY,1.,0 ,1 ,COLLISION WITH BICYCLIST,OTHER,STOP SIGN,DAYLIGHT,CLEAR,DRY
6836 ,34015473,MONROE,Brighton,,,Y,43.116701,-77.548045,09/13/2011,8:55 AM,PROPERTY DAMAGE AND INJURY,1.,0 ,2 ,COLLISION WITH MOTOR VEHICLE,REAR END,TRAFFIC SIGNAL,DAYLIGHT,CLEAR,DRY
6836 ,34015484,MONROE,Greece,,261 43011065,Y,43.312414,-77.748528,09/10/2011,3:15 PM,PROPERTY DAMAGE AND INJURY,1.,0 ,1 ,COLLISION WITH OTHER FIXED OBJECT,OTHER,STOP SIGN,DAYLIGHT,CLEAR,DRY
6836 ,34015701,MONROE,Brockport,,,N,43.2200309,-77.9506873,09/12/2011,4:49 PM,INJURY,4.,0 ,2 ,COLLISION WITH MOTOR VEHICLE,REAR END,NONE,DAYLIGHT,CLEAR,DRY
6836 ,34015748,MONROE,Henrietta,,,N,43.0958545,-77.5826495,09/06/2011,8:23 AM,PROPERTY DAMAGE AND INJURY,2.,0 ,2 ,COLLISION WITH MOTOR VEHICLE,RIGHT ANGLE,NONE,DAYLIGHT,CLOUDY,DRY