QUERYID,CASE #,REGN_CNTY_CDE,Municipality,MUNITYPE,REF_MRKR,ATINTERSECTION_IND,Lat,Long,,Time,Crash Type,Injuries,Fatalities,Number of Vehicles,ACCD_TYP,COLLISION_TYP,TRAF_CNTL,Light Condition,Weather Condition,Road Surface Condition
6836 ,34015773,MONROE,Brighton,,,Y,43.106035,-77.615748,09/13/2011,1:15 PM,PROPERTY DAMAGE AND INJURY,1.,0 ,3 ,COLLISION WITH MOTOR VEHICLE,OTHER,TRAFFIC SIGNAL,DAYLIGHT,CLEAR,DRY
6836 ,34015921,MONROE,Greece,,104 43031171,Y,43.205698,-77.670283,09/12/2011,9:17 PM,PROPERTY DAMAGE AND INJURY,2.,0 ,4 ,COLLISION WITH MOTOR VEHICLE,OTHER,TRAFFIC SIGNAL,DARK-ROAD LIGHTED,CLEAR,DRY
6836 ,34015964,MONROE,Pittsford,,96 43051049,Y,43.082549,-77.507733,09/12/2011,6:25 PM,PROPERTY DAMAGE AND INJURY,1.,0 ,1 ,COLLISION WITH BICYCLIST,OTHER,STOP SIGN,DAYLIGHT,CLEAR,DRY
6836 ,34015966,MONROE,Pittsford,,64 43021097,N,43.078365,-77.5221797,09/12/2011,3:25 PM,PROPERTY DAMAGE AND INJURY,1.,0 ,2 ,COLLISION WITH MOTOR VEHICLE,SIDESWIPE,NONE,DAYLIGHT,CLEAR,DRY
6836 ,34016041,MONROE,Greece,,,N,43.2101611,-77.6996435,09/09/2011,6:33 PM,INJURY,1.,0 ,2 ,COLLISION WITH MOTOR VEHICLE,REAR END,TRAFFIC SIGNAL,DAYLIGHT,CLEAR,DRY
6836 ,34016134,MONROE,Chili,,251 43011025,N,43.1133523,-77.7456277,09/11/2011,12:50 PM,PROPERTY DAMAGE AND INJURY,2.,0 ,2 ,COLLISION WITH MOTOR VEHICLE,REAR END,NONE,DAYLIGHT,CLEAR,DRY
6836 ,34016149,MONROE,Wheatland,,383 43011034,N,43.0129594,-77.8015585,09/12/2011,10:08 PM,INJURY,1.,0 ,1 ,COLLISION WITH DEER,OTHER,NONE,DARK-ROAD UNLIGHTED,CLEAR,DRY
6836 ,34016197,MONROE,Ogden,,,N,43.1712787,-77.7741127,09/13/2011,8:12 PM,PROPERTY DAMAGE AND INJURY,1.,0 ,2 ,COLLISION WITH MOTOR VEHICLE,REAR END,NONE,DARK-ROAD UNLIGHTED,CLOUDY,WET
6836 ,34016203,MONROE,Irondequoit,,,N,43.188681,-77.5456528,09/14/2011,2:29 AM,PROPERTY DAMAGE AND INJURY,1.,0 ,2 ,COLLISION WITH CURBING,RIGHT ANGLE,NONE,DARK-ROAD LIGHTED,CLOUDY,DRY
6836 ,34016254,MONROE,Perinton,,250 43011056,Y,43.116447,-77.441666,09/13/2011,6:52 PM,PROPERTY DAMAGE AND INJURY,2.,0 ,2 ,COLLISION WITH MOTOR VEHICLE,REAR END,NONE,DAYLIGHT,CLOUDY,DRY
6836 ,34016264,MONROE,Perinton,,,N,43.078968,-77.4736231,09/11/2011,3:03 PM,PROPERTY DAMAGE AND INJURY,1.,0 ,2 ,COLLISION WITH MOTOR VEHICLE,REAR END,NONE,DAYLIGHT,CLOUDY,DRY
6836 ,34016273,MONROE,Greece,,,N,43.2363367,-77.6338614,09/04/2011,1:36 AM,PROPERTY DAMAGE AND INJURY,1.,0 ,2 ,COLLISION WITH MOTOR VEHICLE,RIGHT ANGLE,NONE,DARK-ROAD LIGHTED,CLEAR,DRY
6836 ,34016292,MONROE,Brighton,,,N,43.1224335,-77.5942731,09/14/2011,1:05 PM,INJURY,2.,0 ,1 ,COLLISION WITH BICYCLIST,OTHER,STOP SIGN,DAYLIGHT,CLEAR,DRY
6836 ,34016300,MONROE,Brighton,,,N,43.129306,-77.524742,09/14/2011,3:14 PM,PROPERTY DAMAGE AND INJURY,1.,0 ,4 ,COLLISION WITH MOTOR VEHICLE,OTHER,TRAFFIC SIGNAL,DAYLIGHT,CLEAR,DRY
6836 ,34016342,MONROE,Penfield,,441 43011079,N,43.1307183,-77.3887806,09/13/2011,5:56 PM,PROPERTY DAMAGE AND INJURY,1.,0 ,1 ,COLLISION WITH DEER,OTHER,NONE,DAYLIGHT,CLEAR,DRY
6836 ,34016380,MONROE,Rochester,,,Y,43.184436,-77.638874,09/13/2011,9:08 PM,PROPERTY DAMAGE AND INJURY,1.,0 ,2 ,COLLISION WITH MOTOR VEHICLE,RIGHT ANGLE,STOP SIGN,DARK-ROAD LIGHTED,CLOUDY,DRY
6836 ,34016409,MONROE,Fairport,,250 43011045,N,43.1003503,-77.4419363,09/12/2011,10:17 AM,PROPERTY DAMAGE AND INJURY,3.,0 ,2 ,COLLISION WITH MOTOR VEHICLE,REAR END,TRAFFIC SIGNAL,DAYLIGHT,CLEAR,DRY
6836 ,34016425,MONROE,Chili,,,N,43.125522,-77.7287348,09/01/2011,5:43 PM,PROPERTY DAMAGE AND INJURY,1.,0 ,1 ,COLLISION WITH DEER,OTHER,NONE,DAYLIGHT,CLEAR,DRY
6836 ,34016427,MONROE,Greece,,,Y,43.225718,-77.637104,09/08/2011,5:56 PM,PROPERTY DAMAGE AND INJURY,2.,0 ,2 ,COLLISION WITH MOTOR VEHICLE,SIDESWIPE,NONE,DAYLIGHT,CLOUDY,DRY
6836 ,34016521,MONROE,Greece,,,N,43.2072883,-77.6959788,09/08/2011,12:16 AM,PROPERTY DAMAGE AND INJURY,2.,0 ,1 ,COLL. W/LIGHT SUPPORT/UTILITY POLE,OTHER,NONE,DARK-ROAD LIGHTED,CLOUDY,DRY
6836 ,34016580,MONROE,Rochester,,,Y,43.164638,-77.629303,09/13/2011,12:23 AM,INJURY,1.,0 ,2 ,COLLISION WITH MOTOR VEHICLE,REAR END,TRAFFIC SIGNAL,DARK-ROAD LIGHTED,CLEAR,DRY
6836 ,34016666,MONROE,Rochester,,,N,43.1743322,-77.6323093,08/21/2011,1:49 AM,INJURY,1.,0 ,1 ,COLLISION WITH TREE,OTHER,UNKNOWN,DARK-ROAD LIGHTED,CLOUDY,DRY
6836 ,34017030,MONROE,Greece,,,N,43.2056686,-77.6700999,08/24/2011,4:50 PM,INJURY,1.,0 ,1 ,COLLISION WITH BICYCLIST,OTHER,NONE,DAYLIGHT,CLEAR,DRY
6836 ,34017073,MONROE,Rochester,,,Y,43.195105,-77.608971,08/31/2011,2:53 PM,PROPERTY DAMAGE AND INJURY,2.,0 ,2 ,COLLISION WITH MOTOR VEHICLE,RIGHT ANGLE,TRAFFIC SIGNAL,DAYLIGHT,CLEAR,DRY
6836 ,34017078,MONROE,Rochester,,,Y,43.171175,-77.602965,09/13/2011,7:38 PM,INJURY,1.,0 ,1 ,COLLISION WITH BICYCLIST,OTHER,STOP SIGN,DUSK,CLOUDY,WET
6836 ,34017079,MONROE,Rochester,,,N,43.1654875,-77.6239161,09/14/2011,6:44 PM,PROPERTY DAMAGE AND INJURY,1.,0 ,2 ,COLLISION WITH MOTOR VEHICLE,REAR END,NONE,DAYLIGHT,CLEAR,DRY
6836 ,34017281,MONROE,Brighton,,490I43023005,N,43.1389607,-77.5382964,09/09/2011,5:18 PM,PROPERTY DAMAGE AND INJURY,1.,0 ,4 ,COLLISION WITH MOTOR VEHICLE,OTHER,NONE,DAYLIGHT,CLEAR,DRY
6836 ,34017285,MONROE,Brighton,,490I43023014,N,43.1302988,-77.5253563,09/09/2011,6:35 PM,PROPERTY DAMAGE AND INJURY,1.,0 ,3 ,COLLISION WITH MOTOR VEHICLE,OTHER,NONE,DAYLIGHT,CLEAR,DRY
6836 ,34017401,MONROE,Irondequoit,,590 43013002,N,43.1707805,-77.539204,09/13/2011,7:24 AM,PROPERTY DAMAGE AND INJURY,1.,0 ,2 ,COLLISION WITH MOTOR VEHICLE,REAR END,NONE,DAYLIGHT,CLEAR,DRY
6836 ,34017426,MONROE,Greece,,390 43011024,N,43.1930489,-77.6830378,09/12/2011,7:23 AM,PROPERTY DAMAGE AND INJURY,1.,0 ,2 ,COLLISION WITH MOTOR VEHICLE,REAR END,NONE,DAYLIGHT,CLEAR,DRY
6836 ,34017457,MONROE,Gates,,,Y,43.175621,-77.701578,09/15/2011,6:00 PM,PROPERTY DAMAGE AND INJURY,1.,0 ,3 ,COLLISION WITH MOTOR VEHICLE,OTHER,NONE,DAYLIGHT,CLOUDY,DRY
6836 ,34017458,MONROE,Brighton,,441 43011102,N,43.1292788,-77.5262203,09/15/2011,3:40 PM,INJURY,1.,0 ,2 ,COLLISION WITH MOTOR VEHICLE,REAR END,TRAFFIC SIGNAL,DAYLIGHT,CLOUDY,DRY
6836 ,34017464,MONROE,Hamlin,,,N,43.3378896,-77.8148002,09/12/2011,8:29 PM,INJURY,1.,0 ,1 ,COLLISION WITH TREE,OTHER,NONE,DARK-ROAD UNLIGHTED,CLEAR,DRY
6836 ,34017468,MONROE,Mendon,,,N,42.9753162,-77.5369067,09/13/2011,3:14 PM,PROPERTY DAMAGE AND INJURY,2.,0 ,1 ,COLLISION WITH TREE,OTHER,NONE,DAYLIGHT,CLEAR,DRY
6836 ,34017476,MONROE,Gates,,33A43021148,Y,43.137273,-77.674665,09/15/2011,8:00 PM,PROPERTY DAMAGE AND INJURY,1.,0 ,2 ,COLLISION WITH MOTOR VEHICLE,REAR END,NONE,DARK-ROAD LIGHTED,CLEAR,DRY
6836 ,34017549,MONROE,Gates,,,Y,43.175621,-77.701578,09/05/2011,12:43 PM,INJURY,1.,0 ,1 ,COLLISION WITH BICYCLIST,OTHER,STOP SIGN,DAYLIGHT,RAIN,WET
6836 ,34017808,MONROE,Rochester,,,N,43.1256813,-77.6169664,09/08/2011,12:55 PM,INJURY,1.,0 ,2 ,COLLISION WITH MOTOR VEHICLE,REAR END,NONE,DAYLIGHT,CLOUDY,DRY
6836 ,34018312,MONROE,Henrietta,,15 43031068,Y,43.03177,-77.66662,09/13/2011,5:38 PM,PROPERTY DAMAGE AND INJURY,1.,0 ,2 ,COLLISION WITH MOTOR VEHICLE,OVERTAKING,NONE,DAYLIGHT,CLOUDY,DRY
6836 ,34018316,MONROE,Henrietta,,,Y,43.068677,-77.607728,09/11/2011,2:26 PM,PROPERTY DAMAGE AND INJURY,2.,0 ,2 ,COLLISION WITH MOTOR VEHICLE,RIGHT ANGLE,NONE,DAYLIGHT,CLOUDY,DRY
6836 ,34018540,MONROE,Greece,,104 43031161,Y,43.2088978,-77.6900996,09/15/2011,11:31 AM,PROPERTY DAMAGE AND INJURY,2.,0 ,2 ,COLLISION WITH MOTOR VEHICLE,RIGHT ANGLE,TRAFFIC SIGNAL,DAYLIGHT,CLOUDY,DRY
6836 ,34018563,MONROE,Rochester,,15A43042003,Y,43.114684,-77.616216,09/01/2011,3:49 PM,PROPERTY DAMAGE AND INJURY,1.,0 ,2 ,COLLISION WITH MOTOR VEHICLE,RIGHT ANGLE,NONE,DAYLIGHT,CLEAR,DRY
6836 ,34018567,MONROE,Rochester,,,Y,43.170825,-77.5870249,09/07/2011,1:00 PM,FATAL,2.,1 ,3 ,COLLISION WITH MOTOR VEHICLE,OTHER,STOP SIGN,DAYLIGHT,RAIN,WET
6836 ,34018571,MONROE,Rochester,,,N,43.170257,-77.631516,09/16/2011,6:30 PM,PROPERTY DAMAGE AND INJURY,1.,0 ,1 ,COLL. W/LIGHT SUPPORT/UTILITY POLE,OTHER,STOP SIGN,DAYLIGHT,CLEAR,DRY
6836 ,34018839,MONROE,Chili,,252 43011046,N,43.092631,-77.6808114,09/13/2011,8:30 PM,INJURY,1.,0 ,1 ,COLLISION WITH BICYCLIST,OTHER,TRAFFIC SIGNAL,DARK-ROAD LIGHTED,CLEAR,DRY
6836 ,34018845,MONROE,Ogden,,,N,43.1787805,-77.8746311,09/14/2011,2:50 PM,PROPERTY DAMAGE AND INJURY,1.,0 ,1 ,COLLISION WITH CULVERT/HEADWALL,OTHER,NONE,DAYLIGHT,CLEAR,DRY
6836 ,34018855,MONROE,Gates,,,N,43.165224,-77.6921548,09/16/2011,6:46 PM,PROPERTY DAMAGE AND INJURY,2.,0 ,3 ,COLLISION WITH MOTOR VEHICLE,OTHER,NONE,DAYLIGHT,CLOUDY,DRY
6836 ,34018857,MONROE,Ogden,,31 43031135,Y,43.180969,-77.773871,09/15/2011,5:05 PM,PROPERTY DAMAGE AND INJURY,2.,0 ,2 ,COLLISION WITH MOTOR VEHICLE,HEAD ON,TRAFFIC SIGNAL,DAYLIGHT,CLEAR,DRY
6836 ,34018861,MONROE,Gates,,,N,43.145271,-77.717974,09/16/2011,8:37 AM,PROPERTY DAMAGE AND INJURY,1.,0 ,2 ,COLLISION WITH MOTOR VEHICLE,LEFT TURN (WITH OTHER CAR),NONE,DAYLIGHT,CLOUDY,DRY
6836 ,34018862,MONROE,Perinton,,,Y,43.079124,-77.4321141,09/13/2011,6:56 PM,PROPERTY DAMAGE AND INJURY,1.,0 ,2 ,COLLISION WITH MOTOR VEHICLE,LEFT TURN (AGAINST OTHER CAR),TRAFFIC SIGNAL,DAYLIGHT,CLEAR,DRY
6836 ,34019266,MONROE,Scottsville,,251 43011109,Y,43.020172,-77.7483669,09/16/2011,6:47 AM,INJURY,1.,0 ,2 ,COLLISION WITH MOTOR VEHICLE,HEAD ON,NONE,DAYLIGHT,CLOUDY,WET
6836 ,34019274,MONROE,Chili,,252 43011005,N,43.0953471,-77.758491,09/16/2011,2:42 PM,INJURY,1.,0 ,2 ,COLLISION WITH MOTOR VEHICLE,RIGHT ANGLE,FLASHING LIGHT,DAYLIGHT,CLEAR,DRY
6836 ,34019275,MONROE,Perinton,,,Y,43.117937,-77.4720619,09/15/2011,7:53 PM,INJURY,2.,0 ,1 ,COLL. W/LIGHT SUPPORT/UTILITY POLE,OTHER,NONE,DARK-ROAD UNLIGHTED,CLOUDY,DRY
6836 ,34019276,MONROE,Chili,,383 43011113,N,43.078408,-77.6985393,09/12/2011,3:27 PM,PROPERTY DAMAGE AND INJURY,1.,0 ,2 ,COLLISION WITH MOTOR VEHICLE,REAR END,NONE,DAYLIGHT,CLOUDY,DRY
6836 ,34019278,MONROE,Chili,,252A43011011,N,43.1062442,-77.7236379,09/16/2011,4:33 PM,INJURY,2.,0 ,2 ,COLLISION WITH MOTOR VEHICLE,RIGHT ANGLE,STOP SIGN,DAYLIGHT,CLEAR,DRY
6836 ,34019284,MONROE,Henrietta,,15 43031084,N,43.0535593,-77.6548366,09/03/2011,9:23 AM,PROPERTY DAMAGE AND INJURY,1.,0 ,2 ,COLLISION WITH MOTOR VEHICLE,RIGHT TURN (WITH OTHER CAR),NONE,DAYLIGHT,CLEAR,DRY
6836 ,34019288,MONROE,Henrietta,,,Y,43.094013,-77.633076,09/14/2011,7:52 AM,PROPERTY DAMAGE AND INJURY,1.,0 ,2 ,COLLISION WITH MOTOR VEHICLE,RIGHT ANGLE,TRAFFIC SIGNAL,DAYLIGHT,CLEAR,DRY
6836 ,34019292,MONROE,Rush,,,N,43.0076738,-77.7032882,09/10/2011,10:48 PM,INJURY,1.,0 ,1 ,COLL. W/EARTH ELE./ROCK CUT/DITCH,OTHER,NONE,DARK-ROAD UNLIGHTED,CLEAR,DRY
6836 ,34019294,MONROE,Parma,,104 43031109,N,43.218404,-77.7921251,09/16/2011,10:04 AM,PROPERTY DAMAGE AND INJURY,1.,0 ,2 ,COLLISION WITH MOTOR VEHICLE,REAR END,NO PASSING ZONE,DAYLIGHT,CLOUDY,DRY
6836 ,34019300,MONROE,Brighton,,,N,43.1257827,-77.5868135,09/17/2011,12:15 PM,INJURY,1.,0 ,2 ,COLLISION WITH MOTOR VEHICLE,RIGHT ANGLE,NONE,DAYLIGHT,CLOUDY,DRY
6836 ,34019302,MONROE,Brighton,,15A43041123,Y,43.100374,-77.614908,09/17/2011,10:52 PM,PROPERTY DAMAGE AND INJURY,3.,0 ,2 ,COLLISION WITH MOTOR VEHICLE,HEAD ON,NONE,DARK-ROAD LIGHTED,CLEAR,DRY
6836 ,34019304,MONROE,Penfield,,286 43011029,N,43.1535179,-77.4849254,09/17/2011,12:56 PM,PROPERTY DAMAGE AND INJURY,2.,0 ,1 ,COLLISION WITH TREE,OTHER,NONE,DAYLIGHT,CLEAR,DRY
6836 ,34019412,MONROE,Rochester,,490I43022052,N,43.1426017,-77.5811646,09/13/2011,5:46 PM,PROPERTY DAMAGE AND INJURY,1.,0 ,3 ,COLLISION WITH MOTOR VEHICLE,OTHER,NONE,DAYLIGHT,CLOUDY,DRY
6836 ,34019561,MONROE,Greece,,18 43031163,Y,43.253421,-77.724154,08/27/2011,3:00 PM,PROPERTY DAMAGE AND INJURY,1.,0 ,3 ,COLLISION WITH MOTOR VEHICLE,OTHER,NONE,DAYLIGHT,CLOUDY,DRY
6836 ,34019580,MONROE,Rochester,,,N,43.2543688,-77.6114444,09/17/2011,5:30 PM,PROPERTY DAMAGE AND INJURY,3.,0 ,2 ,COLLISION WITH MOTOR VEHICLE,LEFT TURN (AGAINST OTHER CAR),TRAFFIC SIGNAL,DAYLIGHT,CLEAR,DRY
6836 ,34019785,MONROE,Gates,,,Y,43.164671,-77.6987641,09/18/2011,7:56 AM,PROPERTY DAMAGE AND INJURY,2.,0 ,2 ,COLLISION WITH MOTOR VEHICLE,LEFT TURN (AGAINST OTHER CAR),STOP SIGN,DARK-ROAD LIGHTED,CLEAR,DRY
6836 ,34019790,MONROE,Penfield,,,N,43.1958238,-77.4431711,09/13/2011,5:06 PM,INJURY,1.,0 ,2 ,COLLISION WITH MOTOR VEHICLE,RIGHT ANGLE,NONE,DAYLIGHT,CLEAR,DRY
6836 ,34019791,MONROE,Riga,,490I43021032,N,43.0866238,-77.9187366,09/17/2011,9:58 AM,PROPERTY DAMAGE AND INJURY,1.,0 ,1 ,COLLISION WITH GUIDE RAIL,OTHER,NONE,DAYLIGHT,CLOUDY,DRY
6836 ,34019794,MONROE,Henrietta,,253 43011070,N,43.058833,-77.641785,09/17/2011,5:32 PM,PROPERTY DAMAGE AND INJURY,1.,0 ,2 ,COLLISION WITH MOTOR VEHICLE,REAR END,YIELD SIGN,DAYLIGHT,CLEAR,DRY
6836 ,34019795,MONROE,Brighton,,,N,43.1257339,-77.5882372,09/18/2011,8:18 PM,PROPERTY DAMAGE AND INJURY,1.,0 ,1 ,COLL. W/LIGHT SUPPORT/UTILITY POLE,OTHER,NONE,DARK-ROAD LIGHTED,CLOUDY,DRY
6836 ,34019796,MONROE,Henrietta,,390I43031075,N,43.040404,-77.6515803,09/13/2011,1:18 PM,PROPERTY DAMAGE AND INJURY,2.,0 ,2 ,COLLISION WITH MOTOR VEHICLE,REAR END,HIGHWAY WORK AREA,DAYLIGHT,CLEAR,DRY
6836 ,34019800,MONROE,Henrietta,,,N,43.0743216,-77.6242189,09/17/2011,8:46 PM,INJURY,1.,0 ,3 ,COLLISION WITH MOTOR VEHICLE,OTHER,NO PASSING ZONE,DARK-ROAD UNLIGHTED,CLEAR,DRY
6836 ,34019918,MONROE,Rochester,,,N,43.1778762,-77.6418595,09/17/2011,3:46 PM,FATAL,0.,1 ,1 ,COLLISION WITH OTHER FIXED OBJECT,OTHER,NONE,DAYLIGHT,CLOUDY,WET
6836 ,34019923,MONROE,Sweden,,31 43031068,N,43.198031,-77.9024263,08/17/2011,3:37 AM,FATAL,0.,1 ,1 ,COLLISION WITH DEER,OTHER,NONE,DARK-ROAD UNLIGHTED,CLEAR,DRY
6836 ,34020633,MONROE,Rochester,,,Y,43.165056,-77.6070779,08/17/2011,3:00 PM,INJURY,1.,0 ,2 ,COLLISION WITH MOTOR VEHICLE,REAR END,TRAFFIC SIGNAL,DAYLIGHT,CLEAR,DRY
6836 ,34020635,MONROE,Greece,,,N,43.1912951,-77.7014677,08/16/2011,11:46 AM,PROPERTY DAMAGE AND INJURY,1.,0 ,2 ,COLLISION WITH MOTOR VEHICLE,RIGHT ANGLE,STOP SIGN,DAYLIGHT,CLEAR,DRY
6836 ,34020636,MONROE,Greece,,,N,43.2153602,-77.7281841,08/12/2011,11:52 AM,INJURY,1.,0 ,1 ,COLLISION WITH PEDESTRIAN,OTHER,NONE,DAYLIGHT,CLEAR,DRY
6836 ,34020788,MONROE,Henrietta,,,N,43.087262,-77.609249,09/16/2011,12:20 PM,PROPERTY DAMAGE AND INJURY,1.,0 ,2 ,COLLISION WITH MOTOR VEHICLE,REAR END,TRAFFIC SIGNAL,DAYLIGHT,CLOUDY,DRY
6836 ,34020796,MONROE,Rochester,,104 43032027,N,43.191355,-77.6112899,09/16/2011,10:30 AM,PROPERTY DAMAGE AND INJURY,1.,0 ,2 ,COLLISION WITH MOTOR VEHICLE,OVERTAKING,NONE,DAYLIGHT,CLOUDY,DRY
6836 ,34020822,MONROE,Perinton,,31 43033111,N,43.0645148,-77.3914378,09/18/2011,7:09 AM,PROPERTY DAMAGE AND INJURY,1.,0 ,1 ,COLLISION WITH OTHER,OTHER,NONE,DAYLIGHT,CLEAR,DRY
6836 ,34021005,MONROE,Greece,,386 43011027,Y,43.2143554,-77.7318045,09/18/2011,10:58 AM,PROPERTY DAMAGE AND INJURY,1.,0 ,2 ,COLLISION WITH MOTOR VEHICLE,LEFT TURN (AGAINST OTHER CAR),TRAFFIC SIGNAL,DAYLIGHT,CLEAR,DRY
6836 ,34021057,MONROE,Rochester,,,Y,43.179129,-77.613545,09/13/2011,11:02 PM,PROPERTY DAMAGE AND INJURY,2.,0 ,2 ,COLLISION WITH MOTOR VEHICLE,RIGHT ANGLE,NONE,DARK-ROAD LIGHTED,CLEAR,DRY
6836 ,34021090,MONROE,Rochester,,,N,43.143136,-77.575276,09/18/2011,5:11 PM,INJURY,1.,0 ,1 ,COLLISION WITH BICYCLIST,OTHER,TRAFFIC SIGNAL,DAYLIGHT,CLEAR,DRY
6836 ,34021096,MONROE,Rochester,,,Y,43.187245,-77.5877289,09/17/2011,5:45 PM,INJURY,1.,0 ,1 ,COLLISION WITH BICYCLIST,OTHER,STOP SIGN,DAYLIGHT,CLEAR,DRY
6836 ,34021560,MONROE,Henrietta,,,Y,43.092837,-77.6535161,09/19/2011,9:26 PM,PROPERTY DAMAGE AND INJURY,2.,0 ,2 ,COLLISION WITH MOTOR VEHICLE,LEFT TURN (WITH OTHER CAR),TRAFFIC SIGNAL,DARK-ROAD UNLIGHTED,RAIN,WET
6836 ,34021561,MONROE,Riga,,490I43021070,N,43.0952142,-77.8459949,09/18/2011,5:59 PM,PROPERTY DAMAGE AND INJURY,1.,0 ,2 ,COLLISION WITH MOTOR VEHICLE,OVERTAKING,NONE,DAYLIGHT,CLEAR,DRY
6836 ,34021572,MONROE,Penfield,,,N,43.1861669,-77.5058739,09/12/2011,7:40 AM,INJURY,1.,0 ,1 ,COLL. W/LIGHT SUPPORT/UTILITY POLE,OTHER,NONE,DAYLIGHT,CLEAR,DRY
6836 ,34021579,MONROE,Penfield,,250 43011074,N,43.1419092,-77.4405174,09/19/2011,3:39 PM,PROPERTY DAMAGE AND INJURY,1.,0 ,3 ,COLLISION WITH MOTOR VEHICLE,OTHER,NONE,DAYLIGHT,CLOUDY,DRY
6836 ,34021582,MONROE,Brighton,,390 43011140,N,43.1077598,-77.6155286,09/13/2011,4:03 PM,INJURY,1.,0 ,2 ,COLLISION WITH MOTOR VEHICLE,REAR END,YIELD SIGN,DAYLIGHT,CLEAR,DRY
6836 ,34021583,MONROE,Pittsford,,65 43031092,Y,43.06132,-77.553406,09/18/2011,6:29 PM,INJURY,1.,0 ,1 ,COLLISION WITH BICYCLIST,OTHER,STOP SIGN,DAYLIGHT,CLEAR,DRY
6836 ,34021585,MONROE,Gates,,,N,43.1699303,-77.7033718,09/18/2011,1:35 AM,INJURY,1.,0 ,2 ,COLLISION WITH MOTOR VEHICLE,SIDESWIPE,NONE,DARK-ROAD LIGHTED,CLEAR,DRY
6836 ,34021594,MONROE,Perinton,,96 43051016,Y,43.047739,-77.471771,09/12/2011,5:30 AM,INJURY,1.,0 ,1 ,COLLISION WITH DEER,OTHER,NO PASSING ZONE,DARK-ROAD UNLIGHTED,CLEAR,WET
6836 ,34021599,MONROE,Penfield,,,N,43.1912112,-77.474691,09/04/2011,8:00 AM,PROPERTY DAMAGE AND INJURY,1.,0 ,1 ,COLL. W/LIGHT SUPPORT/UTILITY POLE,OTHER,NONE,DAYLIGHT,CLOUDY,WET
6836 ,34021601,MONROE,Perinton,,,N,43.0771223,-77.4755143,09/15/2011,7:58 AM,PROPERTY DAMAGE AND INJURY,1.,0 ,3 ,COLLISION WITH MOTOR VEHICLE,OTHER,TRAFFIC SIGNAL,DAYLIGHT,RAIN,WET
6836 ,34021605,MONROE,Penfield,,,Y,43.182405,-77.502168,09/06/2011,12:10 PM,INJURY,1.,0 ,2 ,COLLISION WITH MOTOR VEHICLE,REAR END,TRAFFIC SIGNAL,DAYLIGHT,CLOUDY,DRY
6836 ,34021619,MONROE,Penfield,,,N,43.1799369,-77.5091917,09/17/2011,10:43 AM,INJURY,1.,0 ,2 ,COLLISION WITH MOTOR VEHICLE,OVERTAKING,NO PASSING ZONE,DAYLIGHT,CLOUDY,DRY
6836 ,34021658,MONROE,Penfield,,,N,43.1929567,-77.5064737,09/19/2011,3:05 PM,PROPERTY DAMAGE AND INJURY,1.,0 ,2 ,COLLISION WITH MOTOR VEHICLE,REAR END,NONE,DAYLIGHT,CLOUDY,DRY
6836 ,34021759,MONROE,Brighton,,,N,43.1575789,-77.5366647,09/20/2011,8:31 AM,INJURY,1.,0 ,2 ,COLLISION WITH MOTOR VEHICLE,RIGHT ANGLE,NONE,DAYLIGHT,CLOUDY,WET
6836 ,34021808,MONROE,Rochester,,15 43032014,Y,43.134562,-77.613632,09/19/2011,4:21 PM,PROPERTY DAMAGE AND INJURY,2.,0 ,2 ,COLLISION WITH MOTOR VEHICLE,REAR END,NONE,DAYLIGHT,CLEAR,DRY
6836 ,34021882,MONROE,Riga,,36 43031100,N,43.1138278,-77.8692531,09/17/2011,7:15 PM,PROPERTY DAMAGE AND INJURY,1.,0 ,1 ,COLLISION WITH TREE,OTHER,NONE,DARK-ROAD UNLIGHTED,CLEAR,DRY
6836 ,34021892,MONROE,Rochester,,,Y,43.132565,-77.638488,09/19/2011,3:58 PM,INJURY,2.,0 ,2 ,COLLISION WITH MOTOR VEHICLE,RIGHT ANGLE,STOP SIGN,DAYLIGHT,CLEAR,DRY
6836 ,34021949,MONROE,Webster,,,N,43.2179948,-77.4196171,09/18/2011,3:00 AM,PROPERTY DAMAGE AND INJURY,1.,0 ,1 ,RAN OFF ROAD ONLY,OTHER,NONE,DARK-ROAD UNLIGHTED,CLEAR,DRY
6836 ,34021961,MONROE,Rochester,,,Y,43.193758,-77.608839,09/18/2011,9:15 PM,PROPERTY DAMAGE AND INJURY,1.,0 ,2 ,COLLISION WITH MOTOR VEHICLE,REAR END,NONE,DARK-ROAD LIGHTED,CLEAR,DRY
6836 ,34022071,MONROE,Rochester,,,Y,43.158317,-77.601276,09/07/2011,7:46 AM,INJURY,1.,0 ,1 ,COLLISION WITH PEDESTRIAN,OTHER,TRAFFIC SIGNAL,DAYLIGHT,RAIN,WET
6836 ,34022214,MONROE,Rochester,,,N,43.167997,-77.580387,09/16/2011,4:54 PM,INJURY,1.,0 ,2 ,COLLISION WITH MOTOR VEHICLE,REAR END,NONE,DAYLIGHT,CLEAR,DRY
6836 ,34022236,MONROE,Rochester,,940M43011015,Y,43.186255,-77.6308089,09/19/2011,7:14 AM,PROPERTY DAMAGE AND INJURY,1.,0 ,3 ,COLLISION WITH MOTOR VEHICLE,OTHER,TRAFFIC SIGNAL,DAYLIGHT,CLEAR,DRY
6836 ,34022306,MONROE,Henrietta,,15A43041115,Y,43.090811,-77.610576,09/13/2011,5:45 AM,INJURY,1.,0 ,1 ,COLLISION WITH BICYCLIST,OTHER,TRAFFIC SIGNAL,DARK-ROAD LIGHTED,CLEAR,DRY
6836 ,34022332,MONROE,Rochester,,,Y,43.182618,-77.634875,09/19/2011,2:33 PM,INJURY,2.,0 ,2 ,COLLISION WITH MOTOR VEHICLE,RIGHT ANGLE,STOP SIGN,DAYLIGHT,CLOUDY,DRY