QUERYID,CASE #,REGN_CNTY_CDE,Municipality,MUNITYPE,REF_MRKR,ATINTERSECTION_IND,Lat,Long,,Time,Crash Type,Injuries,Fatalities,Number of Vehicles,ACCD_TYP,COLLISION_TYP,TRAF_CNTL,Light Condition,Weather Condition,Road Surface Condition
6836 ,34022478,MONROE,Gates,,,N,43.158446,-77.73239,09/21/2011,3:38 PM,PROPERTY DAMAGE AND INJURY,2.,0 ,2 ,COLLISION WITH MOTOR VEHICLE,LEFT TURN (WITH OTHER CAR),TRAFFIC SIGNAL,DAYLIGHT,CLEAR,DRY
6836 ,34022518,MONROE,Irondequoit,,,Y,43.230391,-77.599329,09/19/2011,7:59 AM,PROPERTY DAMAGE AND INJURY,2.,0 ,2 ,COLLISION WITH MOTOR VEHICLE,LEFT TURN (WITH OTHER CAR),TRAFFIC SIGNAL,DAYLIGHT,CLEAR,DRY
6836 ,34022699,MONROE,Mendon,,65 43031054,N,43.0142458,-77.5842836,09/19/2011,7:13 PM,INJURY,1.,0 ,1 ,COLLISION WITH DEER,OTHER,NONE,DARK-ROAD UNLIGHTED,RAIN,WET
6836 ,34022873,MONROE,Gates,,390I43037012,N,43.1454776,-77.6743696,09/09/2011,12:12 PM,PROPERTY DAMAGE AND INJURY,2.,0 ,2 ,COLLISION WITH MOTOR VEHICLE,REAR END,NONE,DAYLIGHT,CLEAR,DRY
6836 ,34022892,MONROE,Rochester,,,N,43.1750757,-77.5776777,09/17/2011,2:55 PM,INJURY,1.,0 ,2 ,COLLISION WITH MOTOR VEHICLE,OTHER,NONE,DAYLIGHT,CLOUDY,DRY
6836 ,34022932,MONROE,Penfield,,104 43035051,N,43.1821455,-77.5080029,09/12/2011,3:18 PM,PROPERTY DAMAGE AND INJURY,2.,0 ,3 ,COLLISION WITH MOTOR VEHICLE,OTHER,TRAFFIC SIGNAL,DAYLIGHT,CLEAR,DRY
6836 ,34022950,MONROE,Rochester,,,N,43.1551421,-77.5873367,09/10/2011,9:56 AM,PROPERTY DAMAGE AND INJURY,1.,0 ,1 ,COLLISION WITH BICYCLIST,OTHER,NONE,DAYLIGHT,CLEAR,DRY
6836 ,34023044,MONROE,Rochester,,,N,43.1798506,-77.6109483,09/12/2011,8:18 PM,INJURY,1.,0 ,1 ,COLLISION WITH BICYCLIST,OTHER,NONE,DARK-ROAD LIGHTED,CLEAR,DRY
6836 ,34023122,MONROE,Brighton,,15 43031124,N,43.1074423,-77.6261607,09/21/2011,5:07 PM,PROPERTY DAMAGE AND INJURY,1.,0 ,4 ,COLLISION WITH MOTOR VEHICLE,OTHER,NONE,DAYLIGHT,CLOUDY,DRY
6836 ,34023202,MONROE,Wheatland,,,N,42.9904139,-77.8012462,09/10/2011,11:50 PM,INJURY,1.,0 ,1 ,COLLISION WITH DEER,OTHER,NO PASSING ZONE,DARK-ROAD UNLIGHTED,CLEAR,DRY
6836 ,34023230,MONROE,Rochester,,490I43022038,N,43.1487054,-77.6029937,09/20/2011,5:00 PM,PROPERTY DAMAGE AND INJURY,1.,0 ,2 ,COLLISION WITH MOTOR VEHICLE,REAR END,NONE,DAYLIGHT,CLEAR,DRY
6836 ,34023264,MONROE,Rochester,,,N,43.152427,-77.5957689,09/19/2011,12:21 PM,PROPERTY DAMAGE AND INJURY,1.,0 ,1 ,COLLISION WITH BICYCLIST,OTHER,TRAFFIC SIGNAL,DAYLIGHT,CLEAR,DRY
6836 ,34023366,MONROE,Rochester,,,Y,43.16392,-77.564005,09/15/2011,12:14 PM,INJURY,1.,0 ,2 ,COLLISION WITH MOTOR VEHICLE,REAR END,TRAFFIC SIGNAL,DAYLIGHT,CLOUDY,DRY
6836 ,34023849,MONROE,Henrietta,,390I43031113,N,43.0849819,-77.6083393,09/21/2011,5:55 PM,INJURY,1.,0 ,2 ,COLLISION WITH MOTOR VEHICLE,REAR END,YIELD SIGN,DAYLIGHT,CLOUDY,DRY
6836 ,34024078,MONROE,Pittsford,,31F43011016,N,43.1051703,-77.4898318,09/21/2011,3:33 PM,PROPERTY DAMAGE AND INJURY,1.,0 ,2 ,COLLISION WITH MOTOR VEHICLE,REAR END,NONE,DAYLIGHT,CLOUDY,DRY
6836 ,34024121,MONROE,Perinton,,,N,43.1030853,-77.4826771,09/12/2011,3:54 PM,INJURY,2.,0 ,2 ,COLLISION WITH MOTOR VEHICLE,REAR END,NONE,DAYLIGHT,CLEAR,DRY
6836 ,34024131,MONROE,East Rochester,,,Y,43.115483,-77.494309,08/06/2011,10:33 AM,INJURY,1.,0 ,1 ,COLLISION WITH PEDESTRIAN,OTHER,STOP SIGN,DAYLIGHT,CLOUDY,DRY
6836 ,34024141,MONROE,Chili,,,N,43.1164019,-77.7147224,09/22/2011,8:09 PM,INJURY,1.,0 ,1 ,COLLISION WITH DEER,OTHER,NONE,DARK-ROAD UNLIGHTED,CLEAR,DRY
6836 ,34024236,MONROE,Churchville,,,N,43.1043668,-77.8845098,09/22/2011,5:19 PM,INJURY,1.,0 ,2 ,COLLISION WITH MOTOR VEHICLE,REAR END,NONE,DAYLIGHT,CLEAR,DRY
6836 ,34024288,MONROE,Henrietta,,15 43031110,N,43.088038,-77.63631,09/21/2011,6:24 PM,PROPERTY DAMAGE AND INJURY,1.,0 ,2 ,COLLISION WITH MOTOR VEHICLE,RIGHT ANGLE,TRAFFIC SIGNAL,DAYLIGHT,CLEAR,DRY
6836 ,34024295,MONROE,Greece,,,Y,43.223688,-77.672592,09/20/2011,5:59 PM,PROPERTY DAMAGE AND INJURY,1.,0 ,2 ,COLLISION WITH MOTOR VEHICLE,REAR END,TRAFFIC SIGNAL,DAYLIGHT,CLEAR,DRY
6836 ,34024317,MONROE,Webster,,,N,43.215414,-77.446588,09/20/2011,7:20 AM,PROPERTY DAMAGE AND INJURY,1.,0 ,2 ,COLLISION WITH MOTOR VEHICLE,REAR END,TRAFFIC SIGNAL,DAYLIGHT,RAIN,WET
6836 ,34024355,MONROE,Rochester,,,Y,43.179212,-77.659079,09/20/2011,4:50 PM,INJURY,1.,0 ,2 ,COLLISION WITH MOTOR VEHICLE,REAR END,TRAFFIC SIGNAL,DAYLIGHT,CLEAR,DRY
6836 ,34024589,MONROE,Brighton,,,Y,43.115088,-77.6047721,09/23/2011,5:26 PM,INJURY,1.,0 ,2 ,COLLISION WITH MOTOR VEHICLE,RIGHT ANGLE,TRAFFIC SIGNAL,DAYLIGHT,RAIN,WET
6836 ,34024632,MONROE,Greece,,104 43031167,N,43.206656,-77.6763684,09/18/2011,3:23 PM,PROPERTY DAMAGE AND INJURY,2.,0 ,3 ,COLLISION WITH MOTOR VEHICLE,OTHER,TRAFFIC SIGNAL,DAYLIGHT,CLEAR,DRY
6836 ,34024650,MONROE,Honeoye Falls,,,Y,42.950627,-77.595354,09/16/2011,3:58 PM,PROPERTY DAMAGE AND INJURY,1.,0 ,2 ,COLLISION WITH MOTOR VEHICLE,REAR END,NONE,DAYLIGHT,CLEAR,DRY
6836 ,34024786,MONROE,Rochester,,,Y,43.139978,-77.622071,09/23/2011,3:37 AM,PROPERTY DAMAGE AND INJURY,1.,0 ,3 ,COLLISION WITH MOTOR VEHICLE,OTHER,NONE,DARK-ROAD LIGHTED,CLEAR,DRY
6836 ,34024808,MONROE,Brighton,,390I43031139,N,43.1084824,-77.6115356,09/22/2011,4:02 PM,PROPERTY DAMAGE AND INJURY,1.,0 ,2 ,COLLISION WITH MOTOR VEHICLE,REAR END,NONE,DAYLIGHT,CLOUDY,DRY
6836 ,34024817,MONROE,Rochester,,,Y,43.161317,-77.607607,09/19/2011,4:31 PM,PROPERTY DAMAGE AND INJURY,1.,0 ,2 ,COLLISION WITH MOTOR VEHICLE,HEAD ON,TRAFFIC SIGNAL,DAYLIGHT,CLEAR,DRY
6836 ,34024842,MONROE,Rochester,,,N,43.1411325,-77.6225064,09/22/2011,1:10 AM,INJURY,1.,0 ,1 ,COLLISION WITH PEDESTRIAN,OTHER,NONE,DARK-ROAD LIGHTED,CLEAR,DRY
6836 ,34024862,MONROE,Gates,,390 43011078,N,43.1757777,-77.6834831,09/20/2011,8:00 AM,PROPERTY DAMAGE AND INJURY,1.,0 ,2 ,COLLISION WITH MOTOR VEHICLE,REAR END,NONE,DAYLIGHT,CLOUDY,WET
6836 ,34024863,MONROE,Brighton,,31 43033008,Y,43.126453,-77.564608,09/23/2011,3:16 PM,INJURY,1.,0 ,1 ,COLLISION WITH PEDESTRIAN,OTHER,TRAFFIC SIGNAL,DAYLIGHT,CLOUDY,DRY
6836 ,34024880,MONROE,Penfield,,441 43011057,N,43.1305883,-77.4312383,09/21/2011,3:53 PM,PROPERTY DAMAGE AND INJURY,1.,0 ,3 ,COLLISION WITH MOTOR VEHICLE,OTHER,NO PASSING ZONE,DAYLIGHT,CLOUDY,DRY
6836 ,34024886,MONROE,Brighton,,490I43021001,N,43.1314935,-77.5271004,09/19/2011,6:13 PM,PROPERTY DAMAGE AND INJURY,1.,0 ,3 ,COLLISION WITH MOTOR VEHICLE,OTHER,NONE,DAYLIGHT,CLOUDY,DRY
6836 ,34024904,MONROE,Rochester,,31 43032055,N,43.1414438,-77.584729,09/23/2011,4:21 PM,INJURY,1.,0 ,1 ,COLLISION WITH PEDESTRIAN,OTHER,NONE,DAYLIGHT,RAIN,WET
6836 ,34024920,MONROE,Perinton,,96 43051025,Y,43.060571,-77.475518,09/06/2011,9:01 PM,INJURY,1.,0 ,1 ,COLLISION WITH PEDESTRIAN,OTHER,NONE,DARK-ROAD UNLIGHTED,CLEAR,DRY
6836 ,34024930,MONROE,Webster,,,Y,43.222703,-77.387273,09/22/2011,5:56 PM,PROPERTY DAMAGE AND INJURY,2.,0 ,2 ,COLLISION WITH MOTOR VEHICLE,RIGHT ANGLE,TRAFFIC SIGNAL,DAYLIGHT,CLEAR,DRY
6836 ,34024934,MONROE,Brighton,,,Y,43.094013,-77.633076,09/23/2011,11:58 AM,PROPERTY DAMAGE AND INJURY,1.,0 ,2 ,COLLISION WITH MOTOR VEHICLE,LEFT TURN (WITH OTHER CAR),TRAFFIC SIGNAL,DAYLIGHT,CLEAR,DRY
6836 ,34025000,MONROE,Brighton,,,Y,43.105528,-77.563249,09/22/2011,11:49 AM,PROPERTY DAMAGE AND INJURY,1.,0 ,2 ,COLLISION WITH MOTOR VEHICLE,REAR END,NONE,DAYLIGHT,CLOUDY,DRY
6836 ,34025029,MONROE,Rochester,,,Y,43.164629,-77.635378,09/23/2011,7:38 PM,INJURY,1.,0 ,2 ,COLLISION WITH MOTOR VEHICLE,LEFT TURN (WITH OTHER CAR),TRAFFIC SIGNAL,DARK-ROAD LIGHTED,RAIN,WET
6836 ,34025050,MONROE,Rochester,,15 43032008,Y,43.124634,-77.6175109,09/23/2011,4:34 PM,PROPERTY DAMAGE AND INJURY,1.,0 ,2 ,COLLISION WITH MOTOR VEHICLE,REAR END,TRAFFIC SIGNAL,DAYLIGHT,RAIN,WET
6836 ,34025059,MONROE,Gates,,33 43031115,N,43.1446747,-77.7208477,09/23/2011,4:35 PM,PROPERTY DAMAGE AND INJURY,1.,0 ,2 ,COLLISION WITH MOTOR VEHICLE,REAR END,NONE,DAYLIGHT,RAIN,WET
6836 ,34025060,MONROE,Rush,,,Y,43.017521,-77.693867,09/13/2011,9:12 AM,PROPERTY DAMAGE AND INJURY,1.,0 ,2 ,COLLISION WITH MOTOR VEHICLE,RIGHT ANGLE,STOP SIGN,DAYLIGHT,CLEAR,DRY
6836 ,34025065,MONROE,Gates,,,N,43.1719384,-77.6833422,09/22/2011,8:10 AM,INJURY,1.,0 ,2 ,COLLISION WITH MOTOR VEHICLE,REAR END,NONE,DAYLIGHT,CLOUDY,WET
6836 ,34025099,MONROE,Ogden,,531 43012038,N,43.1753341,-77.7742256,09/20/2011,10:43 AM,PROPERTY DAMAGE AND INJURY,1.,0 ,1 ,COLLISION WITH BRIDGE STRUCTURE,OTHER,NONE,DAYLIGHT,CLOUDY,DRY
6836 ,34025300,MONROE,Greece,,,Y,43.236608,-77.646863,09/18/2011,4:45 PM,INJURY,1.,0 ,1 ,COLLISION WITH BICYCLIST,OTHER,NONE,DAYLIGHT,CLEAR,DRY
6836 ,34025455,MONROE,Rochester,,,Y,43.146182,-77.602189,09/22/2011,4:57 PM,INJURY,1.,0 ,1 ,COLLISION WITH BICYCLIST,OTHER,TRAFFIC SIGNAL,DAYLIGHT,CLEAR,DRY
6836 ,34025468,MONROE,Gates,,531 43012011,N,43.1602011,-77.7519006,09/22/2011,6:30 AM,INJURY,1.,0 ,1 ,COLLISION WITH DEER,OTHER,NONE,DARK-ROAD LIGHTED,CLOUDY,WET
6836 ,34025509,MONROE,Rochester,,,N,43.1516486,-77.6341864,09/23/2011,11:07 PM,INJURY,1.,0 ,2 ,COLLISION WITH MOTOR VEHICLE,OVERTAKING,NONE,DARK-ROAD LIGHTED,RAIN,WET
6836 ,34025511,MONROE,Rochester,,,Y,43.230032,-77.6264661,09/22/2011,7:55 AM,INJURY,1.,0 ,1 ,COLLISION WITH CURBING,OTHER,NONE,DAYLIGHT,CLOUDY,WET
6836 ,34025668,MONROE,Webster,,,N,43.2145797,-77.490404,09/21/2011,7:19 AM,PROPERTY DAMAGE AND INJURY,1.,0 ,2 ,COLLISION WITH MOTOR VEHICLE,REAR END,NONE,DAYLIGHT,CLOUDY,DRY
6836 ,34025677,MONROE,Gates,,390 43011000,N,43.1589087,-77.6798052,09/21/2011,1:58 PM,PROPERTY DAMAGE AND INJURY,1.,0 ,2 ,COLLISION WITH MOTOR VEHICLE,OVERTAKING,NONE,DAYLIGHT,CLEAR,DRY
6836 ,34025740,MONROE,Gates,,,N,43.1271596,-77.7358311,09/24/2011,7:45 PM,INJURY,4.,0 ,1 ,OVERTURNED,OTHER,NONE,DARK-ROAD LIGHTED,CLEAR,DRY
6836 ,34025742,MONROE,Rochester,,,Y,43.211523,-77.560043,09/18/2011,12:28 PM,PROPERTY DAMAGE AND INJURY,2.,0 ,2 ,COLLISION WITH MOTOR VEHICLE,RIGHT ANGLE,TRAFFIC SIGNAL,DAYLIGHT,CLEAR,DRY
6836 ,34025747,MONROE,Chili,,33A43021083,N,43.0937708,-77.7863854,09/23/2011,2:46 PM,INJURY,1.,0 ,2 ,COLLISION WITH MOTOR VEHICLE,REAR END,NONE,DAYLIGHT,RAIN,WET
6836 ,34025749,MONROE,Chili,,,Y,43.0927494,-77.6815239,09/23/2011,10:59 PM,PROPERTY DAMAGE AND INJURY,1.,0 ,2 ,COLLISION WITH MOTOR VEHICLE,REAR END,TRAFFIC SIGNAL,DARK-ROAD LIGHTED,RAIN,WET
6836 ,34026025,MONROE,Greece,,,N,43.2045066,-77.6624101,09/23/2011,7:47 PM,PROPERTY DAMAGE AND INJURY,1.,0 ,3 ,COLLISION WITH MOTOR VEHICLE,OTHER,NONE,DARK-ROAD LIGHTED,RAIN,WET
6836 ,34026027,MONROE,Greece,,,N,43.253347,-77.7205308,09/22/2011,10:48 AM,INJURY,1.,0 ,1 ,COLLISION WITH OTHER FIXED OBJECT,OTHER,NO PASSING ZONE,DAYLIGHT,CLOUDY,DRY
6836 ,34026035,MONROE,Greece,,104 43031128,Y,43.217407,-77.752683,09/15/2011,3:31 PM,PROPERTY DAMAGE AND INJURY,2.,0 ,3 ,COLLISION WITH MOTOR VEHICLE,OTHER,TRAFFIC SIGNAL,DAYLIGHT,CLEAR,DRY
6836 ,34026074,MONROE,Rochester,,,Y,43.1130286,-77.61612,09/21/2011,12:56 PM,PROPERTY DAMAGE AND INJURY,1.,0 ,2 ,COLLISION WITH MOTOR VEHICLE,REAR END,TRAFFIC SIGNAL,DAYLIGHT,CLEAR,DRY
6836 ,34026079,MONROE,Rochester,,,N,43.201205,-77.640609,09/24/2011,8:36 PM,PROPERTY DAMAGE AND INJURY,1.,0 ,2 ,COLLISION WITH MOTOR VEHICLE,OVERTAKING,TRAFFIC SIGNAL,DARK-ROAD LIGHTED,CLEAR,DRY
6836 ,34026084,MONROE,Rochester,,,Y,43.156628,-77.593594,09/22/2011,11:11 AM,INJURY,1.,0 ,1 ,COLLISION WITH BICYCLIST,OTHER,STOP SIGN,DAYLIGHT,CLEAR,DRY
6836 ,34026194,MONROE,Penfield,,441 43011032,N,43.128967,-77.480128,09/22/2011,4:05 PM,PROPERTY DAMAGE AND INJURY,1.,0 ,3 ,COLLISION WITH MOTOR VEHICLE,OTHER,NONE,DAYLIGHT,CLEAR,DRY
6836 ,34026197,MONROE,Gates,,,N,43.16471,-77.691142,09/25/2011,1:55 AM,PROPERTY DAMAGE AND INJURY,1.,0 ,1 ,COLL. W/LIGHT SUPPORT/UTILITY POLE,OTHER,NONE,DARK-ROAD LIGHTED,CLEAR,DRY
6836 ,34026202,MONROE,Penfield,,250 43011093,N,43.1687554,-77.4312256,09/24/2011,2:06 PM,PROPERTY DAMAGE AND INJURY,1.,0 ,1 ,COLL. W/EARTH ELE./ROCK CUT/DITCH,OTHER,NONE,DAYLIGHT,CLEAR,DRY
6836 ,34026204,MONROE,Pittsford,,,Y,43.120057,-77.520312,09/23/2011,2:14 PM,PROPERTY DAMAGE AND INJURY,1.,0 ,2 ,COLLISION WITH MOTOR VEHICLE,REAR END,TRAFFIC SIGNAL,DAYLIGHT,CLOUDY,DRY
6836 ,34026207,MONROE,Ogden,,,Y,43.143945,-77.7542189,09/23/2011,5:39 PM,PROPERTY DAMAGE AND INJURY,1.,0 ,2 ,COLLISION WITH MOTOR VEHICLE,RIGHT ANGLE,STOP SIGN,DAYLIGHT,RAIN,WET
6836 ,34026218,MONROE,Sweden,,31A43021022,N,43.1983482,-77.9535465,09/23/2011,7:30 AM,INJURY,1.,0 ,2 ,COLLISION WITH MOTOR VEHICLE,REAR END,NONE,DAYLIGHT,CLOUDY,DRY
6836 ,34026220,MONROE,Pittsford,,64 43021076,N,43.0469826,-77.5178891,09/22/2011,7:59 PM,PROPERTY DAMAGE AND INJURY,1.,0 ,1 ,COLL. W/EARTH ELE./ROCK CUT/DITCH,OTHER,NONE,DARK-ROAD UNLIGHTED,CLOUDY,DRY
6836 ,34026926,MONROE,Greece,,,Y,43.224451,-77.639185,09/25/2011,1:55 PM,INJURY,1.,0 ,2 ,COLLISION WITH MOTOR VEHICLE,REAR END,NONE,DAYLIGHT,CLEAR,DRY
6836 ,34027116,MONROE,Gates,,,Y,43.164702,-77.688016,09/26/2011,3:58 PM,PROPERTY DAMAGE AND INJURY,1.,0 ,2 ,COLLISION WITH MOTOR VEHICLE,RIGHT ANGLE,TRAFFIC SIGNAL,DAYLIGHT,CLEAR,DRY
6836 ,34027139,MONROE,Greece,,,N,43.227484,-77.6590663,09/22/2011,6:49 PM,INJURY,1.,0 ,2 ,COLLISION WITH MOTOR VEHICLE,OVERTAKING,TRAFFIC SIGNAL,DUSK,CLEAR,DRY
6836 ,34027228,MONROE,Gates,,,N,43.1534777,-77.6791021,09/23/2011,5:24 PM,PROPERTY DAMAGE AND INJURY,1.,0 ,3 ,COLLISION WITH MOTOR VEHICLE,OTHER,NONE,DAYLIGHT,RAIN,WET
6836 ,34027248,MONROE,Gates,,,N,43.1490731,-77.690973,09/26/2011,4:22 PM,PROPERTY DAMAGE AND INJURY,1.,0 ,2 ,COLLISION WITH MOTOR VEHICLE,REAR END,NONE,DAYLIGHT,CLOUDY,DRY
6836 ,34027701,MONROE,Irondequoit,,,N,43.1964585,-77.5980967,07/30/2011,12:38 PM,INJURY,1.,0 ,1 ,COLLISION WITH BICYCLIST,OTHER,NONE,DAYLIGHT,CLEAR,DRY
6836 ,34027838,MONROE,Honeoye Falls,,,Y,42.952843,-77.5909701,09/25/2011,12:30 PM,PROPERTY DAMAGE AND INJURY,2.,0 ,2 ,COLLISION WITH MOTOR VEHICLE,RIGHT ANGLE,TRAFFIC SIGNAL,DAYLIGHT,CLEAR,DRY
6836 ,34028017,MONROE,Rochester,,,Y,43.160868,-77.621345,08/26/2011,10:45 AM,PROPERTY DAMAGE AND INJURY,2.,0 ,3 ,COLLISION WITH MOTOR VEHICLE,OTHER,TRAFFIC SIGNAL,DAYLIGHT,CLOUDY,DRY
6836 ,34028050,MONROE,Rochester,,,Y,43.137891,-77.628927,09/03/2011,10:30 AM,PROPERTY DAMAGE AND INJURY,1.,0 ,2 ,COLLISION WITH MOTOR VEHICLE,RIGHT ANGLE,STOP SIGN,DAYLIGHT,CLEAR,DRY
6836 ,34028262,MONROE,Rochester,,,Y,43.124634,-77.6175109,08/30/2011,4:54 PM,PROPERTY DAMAGE AND INJURY,2.,0 ,3 ,COLLISION WITH MOTOR VEHICLE,OTHER,NONE,DAYLIGHT,CLEAR,DRY
6836 ,34028360,MONROE,Clarkson,,,Y,43.223808,-77.872358,09/23/2011,10:45 PM,PROPERTY DAMAGE AND INJURY,2.,0 ,2 ,COLLISION WITH MOTOR VEHICLE,RIGHT ANGLE,STOP SIGN,DARK-ROAD LIGHTED,RAIN,WET
6836 ,34028420,MONROE,Gates,,390I43037009,N,43.1414659,-77.6701535,09/15/2011,9:02 PM,INJURY,2.,0 ,1 ,COLLISION WITH GUIDE RAIL,OTHER,NONE,DARK-ROAD LIGHTED,CLEAR,DRY
6836 ,34028553,MONROE,Henrietta,,,Y,43.068789,-77.5880979,09/05/2011,8:34 AM,INJURY,2.,0 ,2 ,COLLISION WITH MOTOR VEHICLE,RIGHT ANGLE,TRAFFIC SIGNAL,DAYLIGHT,CLOUDY,DRY
6836 ,34028635,MONROE,Gates,,,N,43.1655642,-77.7324151,09/27/2011,7:11 PM,INJURY,1.,0 ,1 ,COLLISION WITH PEDESTRIAN,OTHER,NONE,DARK-ROAD LIGHTED,CLEAR,DRY
6836 ,34028772,MONROE,Chili,,33A43021108,N,43.0995873,-77.7614865,08/25/2011,11:36 AM,INJURY,1.,0 ,2 ,COLLISION WITH MOTOR VEHICLE,OVERTAKING,NONE,DAYLIGHT,CLOUDY,DRY
6836 ,34028981,MONROE,Pittsford,,31 43033031,N,43.1014706,-77.5369183,09/16/2011,2:00 PM,INJURY,1.,0 ,1 ,COLLISION WITH PEDESTRIAN,OTHER,NONE,DAYLIGHT,CLOUDY,DRY
6836 ,34028997,MONROE,Rochester,,,Y,43.199465,-77.636479,09/18/2011,9:45 AM,FATAL,0.,1 ,1 ,COLLISION WITH CURBING,OTHER,TRAFFIC SIGNAL,DAYLIGHT,CLEAR,DRY
6836 ,34029189,MONROE,Rochester,,,Y,43.15843,-77.615431,09/26/2011,4:51 PM,INJURY,1.,0 ,2 ,COLLISION WITH MOTOR VEHICLE,REAR END,TRAFFIC SIGNAL,DAYLIGHT,CLEAR,DRY
6836 ,34029191,MONROE,East Rochester,,,Y,43.110848,-77.496525,09/26/2011,7:34 AM,INJURY,1.,0 ,1 ,COLLISION WITH BICYCLIST,OTHER,STOP SIGN,DAYLIGHT,CLOUDY,DRY
6836 ,34029216,MONROE,Rochester,,,N,43.1460424,-77.6360484,09/09/2011,3:44 PM,INJURY,1.,0 ,3 ,COLLISION WITH MOTOR VEHICLE,OTHER,NONE,DAYLIGHT,CLEAR,DRY
6836 ,34029312,MONROE,Rochester,,,Y,43.177691,-77.5757089,09/27/2011,8:57 PM,PROPERTY DAMAGE AND INJURY,2.,0 ,2 ,COLLISION WITH MOTOR VEHICLE,REAR END,NONE,DARK-ROAD LIGHTED,CLOUDY,DRY
6836 ,34029321,MONROE,Rochester,,,Y,43.1736697,-77.5995309,09/23/2011,5:58 PM,INJURY,1.,0 ,2 ,COLLISION WITH MOTOR VEHICLE,OTHER,NONE,DAYLIGHT,CLEAR,DRY
6836 ,34029405,MONROE,Gates,,,Y,43.144356,-77.726064,09/27/2011,10:23 PM,PROPERTY DAMAGE AND INJURY,1.,0 ,2 ,COLLISION WITH MOTOR VEHICLE,REAR END,TRAFFIC SIGNAL,DARK-ROAD LIGHTED,CLEAR,DRY
6836 ,34029442,MONROE,Rochester,,,Y,43.175389,-77.593682,09/24/2011,3:05 PM,INJURY,1.,0 ,1 ,COLLISION WITH BICYCLIST,OTHER,TRAFFIC SIGNAL,DAYLIGHT,CLEAR,DRY
6836 ,34029454,MONROE,Brighton,,,Y,43.10401,-77.577818,09/28/2011,4:51 PM,PROPERTY DAMAGE AND INJURY,1.,0 ,3 ,COLLISION WITH MOTOR VEHICLE,OTHER,TRAFFIC SIGNAL,DAYLIGHT,RAIN,WET
6836 ,34029458,MONROE,Rochester,,,Y,43.161064,-77.575566,09/27/2011,5:54 PM,PROPERTY DAMAGE AND INJURY,1.,0 ,3 ,COLLISION WITH MOTOR VEHICLE,OTHER,NONE,DAYLIGHT,CLEAR,DRY
6836 ,34029510,MONROE,Rochester,,,N,43.158708,-77.615797,09/26/2011,10:02 AM,INJURY,3.,0 ,2 ,COLLISION WITH MOTOR VEHICLE,REAR END,TRAFFIC SIGNAL,DAYLIGHT,CLEAR,DRY
6836 ,34029551,MONROE,Rochester,,,Y,43.140415,-77.66543,09/27/2011,7:40 AM,INJURY,1.,0 ,2 ,COLLISION WITH MOTOR VEHICLE,REAR END,TRAFFIC SIGNAL,DAYLIGHT,CLEAR,DRY
6836 ,34029629,MONROE,Rochester,,,N,43.1689743,-77.6514745,09/10/2011,8:07 PM,INJURY,1.,0 ,2 ,COLLISION WITH MOTOR VEHICLE,REAR END,NONE,DARK-ROAD LIGHTED,CLEAR,DRY
6836 ,34029638,MONROE,Rochester,,,Y,43.184496,-77.6137529,09/28/2011,4:55 PM,PROPERTY DAMAGE AND INJURY,1.,0 ,2 ,COLLISION WITH MOTOR VEHICLE,REAR END,NONE,DAYLIGHT,RAIN,WET
6836 ,34029702,MONROE,Rochester,,,Y,43.159388,-77.626992,09/24/2011,8:30 PM,INJURY,1.,0 ,1 ,COLLISION WITH PEDESTRIAN,OTHER,TRAFFIC SIGNAL,DARK-ROAD LIGHTED,CLEAR,DRY
6836 ,34029749,MONROE,Rochester,,,N,43.1245829,-77.6175384,09/06/2011,4:59 PM,INJURY,1.,0 ,1 ,COLLISION WITH BICYCLIST,OTHER,TRAFFIC SIGNAL,DAYLIGHT,CLOUDY,DRY
6836 ,34029772,MONROE,Rochester,,,N,43.1646764,-77.6689067,09/26/2011,8:32 AM,PROPERTY DAMAGE AND INJURY,1.,0 ,2 ,COLLISION WITH MOTOR VEHICLE,LEFT TURN (AGAINST OTHER CAR),NONE,DAYLIGHT,CLEAR,DRY
6836 ,34029806,MONROE,Irondequoit,,104 43033003,N,43.1963479,-77.5788522,09/18/2011,9:20 PM,PROPERTY DAMAGE AND INJURY,1.,0 ,1 ,COLL. W/LIGHT SUPPORT/UTILITY POLE,OTHER,NONE,DARK-ROAD LIGHTED,CLEAR,DRY
6836 ,34030378,MONROE,Rochester,,,Y,43.141826,-77.610448,09/21/2011,2:50 PM,INJURY,1.,0 ,1 ,COLLISION WITH BICYCLIST,OTHER,NONE,DAYLIGHT,CLEAR,DRY
6836 ,34030696,MONROE,Rochester,,,Y,43.153092,-77.61986,08/18/2011,2:30 PM,PROPERTY DAMAGE AND INJURY,1.,0 ,2 ,COLLISION WITH MOTOR VEHICLE,RIGHT ANGLE,STOP SIGN,DAYLIGHT,CLEAR,DRY
6836 ,34030697,MONROE,Rochester,,,N,43.1919319,-77.5998838,08/22/2011,4:09 PM,INJURY,1.,0 ,2 ,COLLISION WITH MOTOR VEHICLE,REAR END,TRAFFIC SIGNAL,DAYLIGHT,CLEAR,DRY
6836 ,34030698,MONROE,Rochester,,,Y,43.175339,-77.598828,08/22/2011,8:03 PM,PROPERTY DAMAGE AND INJURY,1.,0 ,2 ,COLLISION WITH MOTOR VEHICLE,RIGHT ANGLE,TRAFFIC SIGNAL,DAYLIGHT,CLEAR,DRY
6836 ,34030699,MONROE,Rochester,,,Y,43.164629,-77.635378,08/22/2011,12:57 PM,INJURY,2.,0 ,2 ,COLLISION WITH MOTOR VEHICLE,REAR END,TRAFFIC SIGNAL,DAYLIGHT,CLEAR,DRY
6836 ,34030701,MONROE,Rochester,,,Y,43.173921,-77.680675,08/25/2011,11:15 AM,INJURY,1.,0 ,1 ,OTHER NON-COLLISION,OTHER,TRAFFIC SIGNAL,DAYLIGHT,CLEAR,DRY