QUERYID,CASE #,REGN_CNTY_CDE,Municipality,MUNITYPE,REF_MRKR,ATINTERSECTION_IND,Lat,Long,,Time,Crash Type,Injuries,Fatalities,Number of Vehicles,ACCD_TYP,COLLISION_TYP,TRAF_CNTL,Light Condition,Weather Condition,Road Surface Condition
6836 ,34030866,MONROE,Rochester,,,Y,43.177719,-77.5839659,08/21/2011,12:30 AM,INJURY,1.,0 ,2 ,COLLISION WITH PEDESTRIAN,OTHER,NONE,DARK-ROAD LIGHTED,CLEAR,DRY
6836 ,34030930,MONROE,Rochester,,,Y,43.160876,-77.589666,08/30/2011,3:14 PM,INJURY,1.,0 ,2 ,COLLISION WITH MOTOR VEHICLE,REAR END,TRAFFIC SIGNAL,DAYLIGHT,CLEAR,DRY
6836 ,34030934,MONROE,Irondequoit,,,Y,43.250207,-77.5976731,08/15/2011,4:30 PM,PROPERTY DAMAGE AND INJURY,2.,0 ,2 ,COLLISION WITH MOTOR VEHICLE,RIGHT ANGLE,STOP SIGN,DAYLIGHT,CLEAR,DRY
6836 ,34030942,MONROE,Rochester,,,Y,43.146246,-77.558574,08/31/2011,6:56 PM,INJURY,1.,0 ,1 ,COLLISION WITH PEDESTRIAN,OTHER,NONE,DAYLIGHT,CLEAR,DRY
6836 ,34030943,MONROE,Rochester,,,Y,43.157607,-77.604332,08/31/2011,8:55 AM,INJURY,2.,0 ,2 ,COLLISION WITH MOTOR VEHICLE,RIGHT ANGLE,TRAFFIC SIGNAL,DAYLIGHT,CLEAR,DRY
6836 ,34032551,MONROE,Rochester,,,Y,43.149965,-77.647525,09/26/2011,6:06 PM,INJURY,1.,0 ,2 ,COLLISION WITH OTHER PEDESTRIAN,OTHER,STOP SIGN,DAYLIGHT,CLEAR,DRY
6836 ,34032553,MONROE,Rochester,,,Y,43.121583,-77.618928,09/29/2011,5:00 PM,INJURY,2.,0 ,2 ,COLLISION WITH MOTOR VEHICLE,LEFT TURN (WITH OTHER CAR),TRAFFIC SIGNAL,DAYLIGHT,CLEAR,DRY
6836 ,34032554,MONROE,Rochester,,,N,43.1276561,-77.6271831,09/29/2011,8:16 PM,INJURY,1.,0 ,2 ,COLLISION WITH MOTOR VEHICLE,RIGHT ANGLE,NONE,DARK-ROAD LIGHTED,CLEAR,DRY
6836 ,34032910,MONROE,Rochester,,490I43022032,N,43.151877,-77.6141082,09/28/2011,6:33 PM,INJURY,1.,0 ,2 ,COLLISION WITH GUIDE RAIL,OVERTAKING,NONE,DAYLIGHT,RAIN,WET
6836 ,34032913,MONROE,Webster,,,Y,43.232014,-77.5096519,09/28/2011,12:03 PM,INJURY,1.,0 ,1 ,COLLISION WITH BICYCLIST,OTHER,NONE,DAYLIGHT,CLOUDY,DRY
6836 ,34032914,MONROE,Penfield,,286 43011048,N,43.1603307,-77.4517813,09/28/2011,7:10 PM,PROPERTY DAMAGE AND INJURY,1.,0 ,2 ,COLLISION WITH MOTOR VEHICLE,RIGHT ANGLE,STOP SIGN,DARK-ROAD LIGHTED,RAIN,WET
6836 ,34032922,MONROE,Pittsford,,,Y,43.120057,-77.520312,09/27/2011,2:40 PM,INJURY,1.,0 ,2 ,COLLISION WITH MOTOR VEHICLE,REAR END,NONE,DAYLIGHT,RAIN,WET
6836 ,34032925,MONROE,Henrietta,,15 43031109,N,43.0872805,-77.6367295,09/15/2011,5:30 PM,INJURY,1.,0 ,1 ,COLLISION WITH BICYCLIST,OTHER,STOP SIGN,DAYLIGHT,CLEAR,DRY
6836 ,34032926,MONROE,Chili,,,Y,43.054777,-77.7835849,09/27/2011,8:22 AM,PROPERTY DAMAGE AND INJURY,6.,0 ,2 ,COLLISION WITH MOTOR VEHICLE,RIGHT ANGLE,STOP SIGN,DAYLIGHT,CLOUDY,DRY
6836 ,34032937,MONROE,Perinton,,250 43011011,Y,43.054417,-77.44236,09/12/2011,9:06 PM,PROPERTY DAMAGE AND INJURY,1.,0 ,2 ,COLLISION WITH MOTOR VEHICLE,RIGHT ANGLE,TRAFFIC SIGNAL,DARK-ROAD LIGHTED,CLEAR,DRY
6836 ,34032941,MONROE,Pittsford,,,Y,43.05078,-77.498245,09/27/2011,1:21 PM,PROPERTY DAMAGE AND INJURY,1.,0 ,2 ,COLLISION WITH MOTOR VEHICLE,LEFT TURN (AGAINST OTHER CAR),STOP SIGN,DAYLIGHT,RAIN,WET
6836 ,34032942,MONROE,Wheatland,,,Y,43.005367,-77.7454,09/29/2011,10:12 AM,PROPERTY DAMAGE AND INJURY,2.,0 ,2 ,COLLISION WITH MOTOR VEHICLE,RIGHT ANGLE,STOP SIGN,DAYLIGHT,CLOUDY,DRY
6836 ,34032946,MONROE,Brighton,,,Y,43.115322,-77.596989,09/29/2011,6:35 AM,PROPERTY DAMAGE AND INJURY,1.,0 ,1 ,COLLISION WITH CURBING,OTHER,TRAFFIC SIGNAL,DARK-ROAD LIGHTED,CLOUDY,WET
6836 ,34032948,MONROE,Brighton,,,N,43.0936954,-77.6402923,09/29/2011,8:58 AM,PROPERTY DAMAGE AND INJURY,1.,0 ,2 ,COLLISION WITH MOTOR VEHICLE,REAR END,NONE,DAYLIGHT,CLOUDY,WET
6836 ,34032951,MONROE,Pittsford,,31 43033024,Y,43.090828,-77.515256,09/24/2011,4:07 PM,PROPERTY DAMAGE AND INJURY,1.,0 ,1 ,COLLISION WITH BICYCLIST,OTHER,TRAFFIC SIGNAL,DAYLIGHT,CLEAR,DRY
6836 ,34032953,MONROE,Perinton,,,N,43.0790634,-77.4534355,09/26/2011,3:36 PM,PROPERTY DAMAGE AND INJURY,1.,0 ,1 ,COLLISION WITH GUIDERAIL - END,OTHER,NONE,DAYLIGHT,CLEAR,DRY
6836 ,34032954,MONROE,Brighton,,15A43041126,Y,43.102787,-77.615259,09/26/2011,10:39 AM,PROPERTY DAMAGE AND INJURY,2.,0 ,3 ,COLLISION WITH MOTOR VEHICLE,OTHER,TRAFFIC SIGNAL,DAYLIGHT,CLEAR,DRY
6836 ,34033416,MONROE,Rochester,,,Y,43.193851,-77.64215,09/28/2011,4:35 PM,PROPERTY DAMAGE AND INJURY,1.,0 ,3 ,COLLISION WITH MOTOR VEHICLE,OTHER,NONE,DAYLIGHT,RAIN,WET
6836 ,34033419,MONROE,Rochester,,,Y,43.163173,-77.601939,09/29/2011,6:45 AM,INJURY,1.,0 ,2 ,COLLISION WITH MOTOR VEHICLE,REAR END,TRAFFIC SIGNAL,DAYLIGHT,CLEAR,DRY
6836 ,34033422,MONROE,Rochester,,,Y,43.203823,-77.65697,09/29/2011,5:41 PM,INJURY,2.,0 ,2 ,COLLISION WITH MOTOR VEHICLE,RIGHT ANGLE,TRAFFIC SIGNAL,DAYLIGHT,CLEAR,DRY
6836 ,34033423,MONROE,Rochester,,,Y,43.193912,-77.6598301,09/29/2011,4:32 PM,PROPERTY DAMAGE AND INJURY,1.,0 ,2 ,COLLISION WITH MOTOR VEHICLE,RIGHT ANGLE,TRAFFIC SIGNAL,DAYLIGHT,CLOUDY,WET
6836 ,34033424,MONROE,Rochester,,,Y,43.168063,-77.616058,09/17/2011,4:30 AM,PROPERTY DAMAGE AND INJURY,1.,0 ,1 ,COLLISION WITH CURBING,OTHER,NONE,DARK-ROAD LIGHTED,CLEAR,DRY
6836 ,34033726,MONROE,Brighton,,,N,43.1285444,-77.5532009,09/28/2011,6:45 PM,INJURY,1.,0 ,1 ,COLLISION WITH GUIDE RAIL,OTHER,NONE,DARK-ROAD LIGHTED,RAIN,WET
6836 ,34033731,MONROE,Irondequoit,,,N,43.176832,-77.542741,09/29/2011,3:54 PM,INJURY,1.,0 ,2 ,COLLISION WITH MOTOR VEHICLE,RIGHT ANGLE,TRAFFIC SIGNAL,DAYLIGHT,CLOUDY,DRY
6836 ,34033732,MONROE,Henrietta,,253 43011034,Y,43.058795,-77.644424,09/29/2011,7:19 AM,PROPERTY DAMAGE AND INJURY,4.,0 ,2 ,COLLISION WITH MOTOR VEHICLE,LEFT TURN (WITH OTHER CAR),TRAFFIC SIGNAL,DAWN,CLOUDY,WET
6836 ,34033735,MONROE,Brockport,,,N,43.220096,-77.9398937,09/29/2011,12:48 PM,PROPERTY DAMAGE AND INJURY,1.,0 ,2 ,COLLISION WITH MOTOR VEHICLE,REAR END,NONE,DAYLIGHT,CLOUDY,DRY
6836 ,34033739,MONROE,Henrietta,,,N,43.072112,-77.6254897,09/28/2011,3:39 PM,PROPERTY DAMAGE AND INJURY,1.,0 ,2 ,COLLISION WITH MOTOR VEHICLE,UNKNOWN,STOP SIGN,DAYLIGHT,RAIN,WET
6836 ,34033743,MONROE,Brighton,,,Y,43.125612,-77.5928961,09/29/2011,9:20 AM,INJURY,1.,0 ,2 ,COLLISION WITH MOTOR VEHICLE,REAR END,TRAFFIC SIGNAL,DAYLIGHT,CLOUDY,WET
6836 ,34033745,MONROE,Perinton,,31F43011019,N,43.103549,-77.4843211,09/22/2011,5:49 PM,PROPERTY DAMAGE AND INJURY,1.,0 ,2 ,COLLISION WITH MOTOR VEHICLE,REAR END,NONE,DAYLIGHT,CLEAR,DRY
6836 ,34033750,MONROE,Gates,,,N,43.1615433,-77.7324128,09/30/2011,7:41 AM,PROPERTY DAMAGE AND INJURY,1.,0 ,2 ,COLLISION WITH MOTOR VEHICLE,OVERTAKING,NONE,DAYLIGHT,CLOUDY,DRY
6836 ,34033751,MONROE,Honeoye Falls,,,N,42.959708,-77.5888394,09/29/2011,7:38 AM,PROPERTY DAMAGE AND INJURY,1.,0 ,1 ,COLL. W/LIGHT SUPPORT/UTILITY POLE,OTHER,NONE,DAWN,CLOUDY,WET
6836 ,34033981,MONROE,Greece,,104 43031175,N,43.2044667,-77.6618361,09/23/2011,9:20 PM,INJURY,1.,0 ,2 ,COLLISION WITH MOTOR VEHICLE,RIGHT ANGLE,TRAFFIC SIGNAL,DARK-ROAD LIGHTED,RAIN,WET
6836 ,34033982,MONROE,Greece,,,Y,43.223233,-77.641342,09/27/2011,2:11 PM,PROPERTY DAMAGE AND INJURY,1.,0 ,2 ,COLLISION WITH MOTOR VEHICLE,RIGHT ANGLE,TRAFFIC SIGNAL,DAYLIGHT,RAIN,WET
6836 ,34033983,MONROE,Greece,,,N,43.1865344,-77.68044,09/26/2011,6:26 AM,INJURY,1.,0 ,1 ,COLLISION WITH BICYCLIST,OTHER,STOP SIGN,DARK-ROAD UNLIGHTED,CLOUDY,DRY
6836 ,34034014,MONROE,Rochester,,,Y,43.138889,-77.595365,09/08/2011,5:43 PM,INJURY,1.,0 ,2 ,COLLISION WITH MOTOR VEHICLE,REAR END,NONE,DAYLIGHT,CLOUDY,DRY
6836 ,34034019,MONROE,Rochester,,,Y,43.249715,-77.614751,09/29/2011,1:13 PM,PROPERTY DAMAGE AND INJURY,2.,0 ,2 ,COLLISION WITH MOTOR VEHICLE,LEFT TURN (AGAINST OTHER CAR),TRAFFIC SIGNAL,DAYLIGHT,RAIN,WET
6836 ,34034020,MONROE,Rochester,,,N,43.164685,-77.6712742,09/28/2011,2:15 PM,PROPERTY DAMAGE AND INJURY,1.,0 ,2 ,COLLISION WITH MOTOR VEHICLE,LEFT TURN (AGAINST OTHER CAR),NONE,DAYLIGHT,RAIN,WET
6836 ,34034227,MONROE,Chili,,251 43011020,N,43.1200336,-77.745629,09/28/2011,4:08 PM,INJURY,1.,0 ,3 ,COLLISION WITH MOTOR VEHICLE,OTHER,NONE,DAYLIGHT,RAIN,WET
6836 ,34034229,MONROE,Chili,,,N,43.1226858,-77.7095451,09/22/2011,2:48 PM,PROPERTY DAMAGE AND INJURY,1.,0 ,2 ,COLLISION WITH MOTOR VEHICLE,REAR END,TRAFFIC SIGNAL,DAYLIGHT,CLEAR,DRY
6836 ,34034239,MONROE,Sweden,,,N,43.1979931,-77.8994669,09/23/2011,2:50 PM,PROPERTY DAMAGE AND INJURY,2.,0 ,2 ,COLLISION WITH MOTOR VEHICLE,RIGHT ANGLE,TRAFFIC SIGNAL,DAYLIGHT,CLOUDY,DRY
6836 ,34034247,MONROE,Chili,,,N,43.1215034,-77.7440192,09/28/2011,2:18 PM,PROPERTY DAMAGE AND INJURY,1.,0 ,1 ,COLL. W/LIGHT SUPPORT/UTILITY POLE,OTHER,NONE,DAYLIGHT,RAIN,WET
6836 ,34034248,MONROE,Sweden,,31 43031056,N,43.1980991,-77.9093612,09/23/2011,7:03 PM,INJURY,1.,0 ,1 ,COLL. W/EARTH ELE./ROCK CUT/DITCH,OTHER,NONE,DUSK,RAIN,WET
6836 ,34034250,MONROE,Gates,,,N,43.1563071,-77.6817808,09/30/2011,9:08 AM,PROPERTY DAMAGE AND INJURY,1.,0 ,2 ,COLLISION WITH MOTOR VEHICLE,REAR END,NONE,DAYLIGHT,CLOUDY,DRY
6836 ,34034251,MONROE,Chili,,,N,43.1169018,-77.745641,09/24/2011,5:20 PM,PROPERTY DAMAGE AND INJURY,1.,0 ,2 ,COLLISION WITH MOTOR VEHICLE,REAR END,NONE,DAYLIGHT,CLEAR,DRY
6836 ,34034252,MONROE,Chili,,252 43011027,N,43.0900678,-77.7177112,09/26/2011,8:15 AM,INJURY,1.,0 ,2 ,COLLISION WITH MOTOR VEHICLE,REAR END,NONE,DAYLIGHT,CLOUDY,DRY
6836 ,34034253,MONROE,Sweden,,31A43021027,N,43.1983594,-77.944135,09/23/2011,3:22 PM,INJURY,1.,0 ,2 ,COLLISION WITH MOTOR VEHICLE,LEFT TURN (AGAINST OTHER CAR),NONE,DAYLIGHT,CLOUDY,WET
6836 ,34034256,MONROE,Pittsford,,96 43051082,N,43.1216157,-77.5219913,09/29/2011,7:06 PM,INJURY,2.,0 ,2 ,COLLISION WITH MOTOR VEHICLE,LEFT TURN (AGAINST OTHER CAR),NONE,DARK-ROAD LIGHTED,CLOUDY,DRY
6836 ,34034262,MONROE,Gates,,,N,43.160228,-77.753848,09/30/2011,2:53 PM,PROPERTY DAMAGE AND INJURY,1.,0 ,2 ,COLLISION WITH MOTOR VEHICLE,RIGHT ANGLE,TRAFFIC SIGNAL,DAYLIGHT,CLOUDY,DRY
6836 ,34034268,MONROE,Rochester,,15A43041128,N,43.1110656,-77.6160473,09/30/2011,3:48 PM,PROPERTY DAMAGE AND INJURY,1.,0 ,3 ,COLLISION WITH MOTOR VEHICLE,OTHER,NONE,DAYLIGHT,CLOUDY,DRY
6836 ,34034496,MONROE,Greece,,,N,43.2115166,-77.7137821,10/01/2011,5:04 PM,PROPERTY DAMAGE AND INJURY,1.,0 ,2 ,COLLISION WITH MOTOR VEHICLE,REAR END,NONE,DAYLIGHT,CLOUDY,DRY
6836 ,34034636,MONROE,Hamlin,,,Y,43.301854,-77.995373,09/25/2011,12:33 PM,PROPERTY DAMAGE AND INJURY,2.,0 ,2 ,COLLISION WITH MOTOR VEHICLE,RIGHT ANGLE,NONE,DAYLIGHT,CLEAR,DRY
6836 ,34034744,MONROE,Perinton,,490I43023072,N,43.0413767,-77.4621263,09/28/2011,6:12 PM,INJURY,1.,0 ,1 ,RAN OFF ROAD ONLY,OTHER,NONE,DAYLIGHT,RAIN,WET
6836 ,34034747,MONROE,Gates,,,Y,43.159667,-77.695591,10/02/2011,2:14 AM,PROPERTY DAMAGE AND INJURY,2.,0 ,1 ,COLLISION WITH TREE,OTHER,TRAFFIC SIGNAL,DARK-ROAD UNLIGHTED,RAIN,WET
6836 ,34034748,MONROE,Wheatland,,383 43011010,N,43.0030116,-77.8435128,09/26/2011,7:27 AM,INJURY,2.,0 ,2 ,COLLISION WITH MOTOR VEHICLE,REAR END,NONE,DAYLIGHT,CLEAR,DRY
6836 ,34034752,MONROE,Gates,,,N,43.1388988,-77.6850407,10/02/2011,1:27 PM,PROPERTY DAMAGE AND INJURY,1.,0 ,2 ,COLLISION WITH MOTOR VEHICLE,REAR END,NO PASSING ZONE,DAYLIGHT,CLOUDY,WET
6836 ,34034760,MONROE,Brighton,,31 43031022,N,43.1112109,-77.5479818,10/02/2011,6:03 PM,PROPERTY DAMAGE AND INJURY,1.,0 ,2 ,COLLISION WITH MOTOR VEHICLE,REAR END,TRAFFIC SIGNAL,DAYLIGHT,CLOUDY,DRY
6836 ,34034763,MONROE,Penfield,,,N,43.1960889,-77.4845769,09/17/2011,5:29 PM,INJURY,2.,0 ,1 ,OTHER NON-COLLISION,OTHER,NONE,DAYLIGHT,CLEAR,DRY
6836 ,34034767,MONROE,Henrietta,,15A43041110,Y,43.082731,-77.607429,09/30/2011,5:32 PM,PROPERTY DAMAGE AND INJURY,1.,0 ,3 ,COLLISION WITH MOTOR VEHICLE,OTHER,TRAFFIC SIGNAL,DAYLIGHT,CLOUDY,DRY
6836 ,34034908,MONROE,Fairport,,31F43011040,N,43.0985364,-77.4423434,09/28/2011,12:25 PM,PROPERTY DAMAGE AND INJURY,2.,0 ,2 ,COLLISION WITH MOTOR VEHICLE,LEFT TURN (AGAINST OTHER CAR),NONE,DAYLIGHT,CLOUDY,DRY
6836 ,34034942,MONROE,Rush,,15 43031038,N,42.9898815,-77.6706693,09/30/2011,1:46 PM,INJURY,1.,0 ,2 ,COLLISION WITH MOTOR VEHICLE,REAR END,TRAFFIC SIGNAL,DAYLIGHT,CLOUDY,DRY
6836 ,34035108,MONROE,Mendon,,,N,42.9972249,-77.5260997,09/28/2011,6:19 AM,PROPERTY DAMAGE AND INJURY,1.,0 ,1 ,COLLISION WITH DEER,OTHER,NONE,DARK-ROAD UNLIGHTED,RAIN,WET
6836 ,34035139,MONROE,Gates,,,N,43.1459729,-77.7154739,10/03/2011,12:08 PM,PROPERTY DAMAGE AND INJURY,1.,0 ,2 ,COLLISION WITH MOTOR VEHICLE,REAR END,NONE,DAYLIGHT,CLOUDY,DRY
6836 ,34035174,MONROE,Webster,,,N,43.2089755,-77.459166,10/01/2011,11:11 AM,PROPERTY DAMAGE AND INJURY,1.,0 ,2 ,COLLISION WITH MOTOR VEHICLE,REAR END,NONE,DAYLIGHT,CLOUDY,DRY
6836 ,34035315,MONROE,Rochester,,,N,43.203393,-77.5618341,10/01/2011,4:36 PM,INJURY,1.,0 ,2 ,COLLISION WITH MOTOR VEHICLE,REAR END,TRAFFIC SIGNAL,DAYLIGHT,CLEAR,DRY
6836 ,34035385,MONROE,Greece,,,Y,43.204575,-77.6718399,09/28/2011,9:30 PM,INJURY,3.,0 ,2 ,COLLISION WITH MOTOR VEHICLE,REAR END,STOP SIGN,DARK-ROAD LIGHTED,RAIN,WET
6836 ,34035548,MONROE,Gates,,390 43011010,N,43.1725745,-77.683367,09/29/2011,10:50 AM,PROPERTY DAMAGE AND INJURY,1.,0 ,1 ,COLLISION WITH GUIDERAIL - END,OTHER,NONE,DAYLIGHT,CLOUDY,DRY
6836 ,34036185,MONROE,Greece,,,Y,43.2021018,-77.6980709,10/01/2011,7:50 PM,INJURY,2.,0 ,2 ,COLLISION WITH MOTOR VEHICLE,REAR END,TRAFFIC SIGNAL,DARK-ROAD LIGHTED,CLOUDY,DRY
6836 ,34036809,MONROE,Greece,,,N,43.206767,-77.6761679,10/03/2011,8:50 AM,PROPERTY DAMAGE AND INJURY,2.,0 ,2 ,COLLISION WITH MOTOR VEHICLE,RIGHT ANGLE,TRAFFIC SIGNAL,DAYLIGHT,CLOUDY,WET
6836 ,34036811,MONROE,Ogden,,33 43031092,N,43.1372924,-77.7652899,10/04/2011,8:10 AM,PROPERTY DAMAGE AND INJURY,2.,0 ,2 ,COLLISION WITH MOTOR VEHICLE,RIGHT ANGLE,TRAFFIC SIGNAL,DAYLIGHT,RAIN,WET
6836 ,34036825,MONROE,Greece,,,Y,43.223658,-77.678886,09/22/2011,6:08 PM,INJURY,1.,0 ,3 ,COLLISION WITH MOTOR VEHICLE,OTHER,NONE,DAYLIGHT,CLEAR,DRY
6836 ,34036826,MONROE,Ogden,,31 43031125,Y,43.181407,-77.79539,10/04/2011,4:00 PM,PROPERTY DAMAGE AND INJURY,3.,0 ,3 ,COLLISION WITH MOTOR VEHICLE,OTHER,NONE,DAYLIGHT,CLOUDY,DRY
6836 ,34036842,MONROE,Rochester,,,Y,43.158259,-77.592753,09/30/2011,8:18 AM,INJURY,1.,0 ,1 ,COLLISION WITH PEDESTRIAN,OTHER,TRAFFIC SIGNAL,DAWN,CLEAR,DRY
6836 ,34036884,MONROE,Pittsford,,64 43021101,N,43.0843352,-77.5194965,09/26/2011,1:15 PM,PROPERTY DAMAGE AND INJURY,1.,0 ,1 ,COLLISION WITH SIGN POST,OTHER,NO PASSING ZONE,DAYLIGHT,CLOUDY,DRY
6836 ,34036886,MONROE,Perinton,,31 43032953,N,43.064332,-77.372985,09/28/2011,4:30 PM,INJURY,2.,0 ,2 ,COLLISION WITH MOTOR VEHICLE,REAR END,NONE,DAYLIGHT,RAIN,WET
6836 ,34036907,MONROE,Pittsford,,,Y,43.073576,-77.519537,10/02/2011,1:08 PM,PROPERTY DAMAGE AND INJURY,3.,0 ,2 ,COLLISION WITH MOTOR VEHICLE,REAR END,NONE,DAYLIGHT,CLOUDY,WET
6836 ,34036912,MONROE,Perinton,,,N,43.099046,-77.4224681,09/29/2011,7:19 AM,INJURY,2.,0 ,1 ,COLLISION WITH TREE,OTHER,NONE,DAWN,CLOUDY,WET
6836 ,34036926,MONROE,Rochester,,,Y,43.186812,-77.599571,09/26/2011,12:42 PM,PROPERTY DAMAGE AND INJURY,2.,0 ,2 ,COLLISION WITH MOTOR VEHICLE,LEFT TURN (WITH OTHER CAR),TRAFFIC SIGNAL,DAYLIGHT,CLEAR,DRY
6836 ,34036930,MONROE,Rochester,,,Y,43.1399244,-77.6221295,09/21/2011,8:43 PM,PROPERTY DAMAGE AND INJURY,1.,0 ,3 ,COLLISION WITH MOTOR VEHICLE,OTHER,NONE,DARK-ROAD LIGHTED,CLEAR,DRY
6836 ,34036968,MONROE,Rochester,,,Y,43.193835,-77.629001,09/02/2011,11:37 PM,INJURY,1.,0 ,1 ,OTHER NON-COLLISION,OTHER,TRAFFIC SIGNAL,DARK-ROAD LIGHTED,CLEAR,DRY
6836 ,34036987,MONROE,Rochester,,,N,43.1514399,-77.5706715,09/23/2011,10:42 AM,PROPERTY DAMAGE AND INJURY,1.,0 ,2 ,COLLISION WITH MOTOR VEHICLE,RIGHT ANGLE,NO PASSING ZONE,DAYLIGHT,CLEAR,DRY
6836 ,34036993,MONROE,Rochester,,,Y,43.149509,-77.571697,10/03/2011,4:50 PM,PROPERTY DAMAGE AND INJURY,1.,0 ,2 ,COLLISION WITH MOTOR VEHICLE,LEFT TURN (AGAINST OTHER CAR),TRAFFIC SIGNAL,DAYLIGHT,CLOUDY,DRY
6836 ,34037059,MONROE,Rochester,,,Y,43.180938,-77.6394981,10/03/2011,7:18 PM,PROPERTY DAMAGE AND INJURY,3.,0 ,2 ,COLLISION WITH MOTOR VEHICLE,RIGHT ANGLE,TRAFFIC SIGNAL,DARK-ROAD LIGHTED,CLEAR,DRY
6836 ,34037080,MONROE,Penfield,,,N,43.1668954,-77.4004944,09/21/2011,8:35 AM,PROPERTY DAMAGE AND INJURY,1.,0 ,1 ,COLLISION WITH DEER,OTHER,NONE,DAYLIGHT,CLOUDY,DRY
6836 ,34037082,MONROE,Rochester,,,N,43.1768915,-77.6431828,10/02/2011,4:02 AM,INJURY,1.,0 ,1 ,COLLISION WITH PEDESTRIAN,OTHER,NONE,DARK-ROAD LIGHTED,RAIN,WET
6836 ,34037087,MONROE,Rochester,,,Y,43.193346,-77.6291211,10/04/2011,5:36 PM,INJURY,1.,0 ,2 ,COLLISION WITH MOTOR VEHICLE,RIGHT ANGLE,STOP SIGN,DAYLIGHT,CLEAR,DRY
6836 ,34037096,MONROE,Perinton,,,N,43.0792512,-77.4170331,09/19/2011,7:10 AM,PROPERTY DAMAGE AND INJURY,1.,0 ,3 ,COLLISION WITH MOTOR VEHICLE,OTHER,NONE,DAYLIGHT,CLEAR,DRY
6836 ,34037119,MONROE,Rochester,,,Y,43.16053,-77.6182609,10/02/2011,2:29 AM,INJURY,1.,0 ,2 ,COLLISION WITH MOTOR VEHICLE,REAR END,TRAFFIC SIGNAL,DARK-ROAD LIGHTED,RAIN,WET
6836 ,34037192,MONROE,Greece,,,Y,43.242,-77.643788,10/02/2011,9:24 PM,PROPERTY DAMAGE AND INJURY,1.,0 ,3 ,COLLISION WITH MOTOR VEHICLE,OTHER,NONE,DARK-ROAD LIGHTED,RAIN,WET
6836 ,34037284,MONROE,Rochester,,590I43012001,N,43.139059,-77.5528785,09/28/2011,8:14 AM,PROPERTY DAMAGE AND INJURY,1.,0 ,1 ,COLLISION WITH OTHER BARRIER,OTHER,NONE,DAYLIGHT,CLOUDY,WET
6836 ,34037287,MONROE,Rochester,,,N,43.176599,-77.6697161,10/03/2011,1:30 PM,INJURY,1.,0 ,2 ,COLLISION WITH MOTOR VEHICLE,OVERTAKING,NONE,DAYLIGHT,CLOUDY,DRY
6836 ,34037295,MONROE,Rochester,,,Y,43.13094,-77.65091,09/22/2011,6:58 AM,PROPERTY DAMAGE AND INJURY,1.,0 ,3 ,COLLISION WITH MOTOR VEHICLE,OTHER,TRAFFIC SIGNAL,DAYLIGHT,CLOUDY,WET
6836 ,34037304,MONROE,Rochester,,,Y,43.1689502,-77.644542,09/20/2011,9:00 PM,INJURY,1.,0 ,2 ,COLLISION WITH MOTOR VEHICLE,REAR END,NONE,DARK-ROAD LIGHTED,CLEAR,DRY
6836 ,34037334,MONROE,Rochester,,,Y,43.184206,-77.5663559,09/25/2011,2:37 PM,PROPERTY DAMAGE AND INJURY,1.,0 ,1 ,COLLISION WITH CURBING,OTHER,NONE,DAYLIGHT,CLEAR,DRY
6836 ,34037337,MONROE,Penfield,,441 43011051,Y,43.130827,-77.441317,09/25/2011,10:39 AM,INJURY,1.,0 ,2 ,COLLISION WITH MOTOR VEHICLE,REAR END,TRAFFIC SIGNAL,DAYLIGHT,CLEAR,DRY
6836 ,34037338,MONROE,Rochester,,490I43022039,N,43.1478175,-77.6021538,10/03/2011,8:01 AM,PROPERTY DAMAGE AND INJURY,1.,0 ,1 ,COLLISION WITH MEDIAN/BARRIER,OTHER,NONE,DAYLIGHT,CLOUDY,WET
6836 ,34037372,MONROE,Rochester,,,N,43.1646376,-77.6285535,09/27/2011,10:21 PM,INJURY,1.,0 ,2 ,COLLISION WITH MOTOR VEHICLE,REAR END,NONE,DARK-ROAD LIGHTED,CLOUDY,DRY
6836 ,34037413,MONROE,East Rochester,,31F43011016,Y,43.104685,-77.488245,09/26/2011,4:44 PM,PROPERTY DAMAGE AND INJURY,2.,0 ,2 ,COLLISION WITH MOTOR VEHICLE,RIGHT ANGLE,NONE,DAYLIGHT,CLEAR,DRY
6836 ,34037424,MONROE,Perinton,,250 43011011,N,43.051799,-77.444849,10/04/2011,3:48 PM,PROPERTY DAMAGE AND INJURY,1.,0 ,2 ,COLLISION WITH MOTOR VEHICLE,RIGHT ANGLE,NONE,DAYLIGHT,CLOUDY,DRY
6836 ,34037483,MONROE,Perinton,,,N,43.0972794,-77.4260242,09/23/2011,5:23 PM,PROPERTY DAMAGE AND INJURY,2.,0 ,2 ,COLLISION WITH MOTOR VEHICLE,REAR END,NONE,DAYLIGHT,RAIN,WET
6836 ,34037487,MONROE,Greece,,,N,43.206627,-77.676202,10/03/2011,8:58 AM,PROPERTY DAMAGE AND INJURY,1.,0 ,1 ,COLLISION WITH GUIDE RAIL,OTHER,NONE,DAYLIGHT,CLEAR,WET
6836 ,34037534,MONROE,Rochester,,,Y,43.159333,-77.6406834,09/16/2011,8:59 PM,INJURY,1.,0 ,1 ,COLLISION WITH PEDESTRIAN,OTHER,NONE,DARK-ROAD LIGHTED,CLEAR,DRY
6836 ,34037569,MONROE,Rochester,,,Y,43.142796,-77.628969,09/23/2011,10:46 PM,INJURY,1.,0 ,1 ,COLLISION WITH PEDESTRIAN,OTHER,TRAFFIC SIGNAL,DARK-ROAD LIGHTED,RAIN,WET
6836 ,34037942,MONROE,Penfield,,,N,43.1600182,-77.4323091,08/16/2011,11:45 PM,PROPERTY DAMAGE AND INJURY,1.,0 ,1 ,COLLISION WITH DEER,OTHER,NONE,DARK-ROAD UNLIGHTED,CLEAR,DRY