QUERYID,CASE #,REGN_CNTY_CDE,Municipality,MUNITYPE,REF_MRKR,ATINTERSECTION_IND,Lat,Long,,Time,Crash Type,Injuries,Fatalities,Number of Vehicles,ACCD_TYP,COLLISION_TYP,TRAF_CNTL,Light Condition,Weather Condition,Road Surface Condition
6836 ,34038555,MONROE,Greece,,,Y,43.259098,-77.696392,10/03/2011,7:31 AM,PROPERTY DAMAGE AND INJURY,2.,0 ,2 ,COLLISION WITH MOTOR VEHICLE,LEFT TURN (AGAINST OTHER CAR),STOP SIGN,DAYLIGHT,CLOUDY,WET
6836 ,34038972,MONROE,Rush,,390I43031015,N,42.9609602,-77.6949728,10/02/2011,6:05 PM,PROPERTY DAMAGE AND INJURY,2.,0 ,2 ,COLLISION WITH MOTOR VEHICLE,REAR END,NONE,DAYLIGHT,CLEAR,DRY
6836 ,34038977,MONROE,Brockport,,,Y,43.220079,-77.933533,09/27/2011,2:43 PM,PROPERTY DAMAGE AND INJURY,2.,0 ,2 ,COLLISION WITH MOTOR VEHICLE,RIGHT ANGLE,STOP SIGN,DAYLIGHT,CLOUDY,DRY
6836 ,34038978,MONROE,Brighton,,,N,43.0940221,-77.6328892,10/04/2011,4:45 PM,PROPERTY DAMAGE AND INJURY,1.,0 ,2 ,COLLISION WITH MOTOR VEHICLE,LEFT TURN (WITH OTHER CAR),NONE,DAYLIGHT,CLOUDY,DRY
6836 ,34038987,MONROE,Gates,,,N,43.1480255,-77.7077208,10/05/2011,2:54 PM,PROPERTY DAMAGE AND INJURY,2.,0 ,2 ,COLLISION WITH MOTOR VEHICLE,RIGHT ANGLE,NONE,DAYLIGHT,CLEAR,DRY
6836 ,34038989,MONROE,Henrietta,,252 43011038,Y,43.087138,-77.629696,10/05/2011,2:46 PM,INJURY,2.,0 ,2 ,COLLISION WITH MOTOR VEHICLE,REAR END,TRAFFIC SIGNAL,DAYLIGHT,CLEAR,DRY
6836 ,34038991,MONROE,Henrietta,,252 43011097,N,43.0870461,-77.5819354,10/04/2011,9:25 PM,PROPERTY DAMAGE AND INJURY,2.,0 ,2 ,COLLISION WITH MOTOR VEHICLE,REAR END,TRAFFIC SIGNAL,DARK-ROAD LIGHTED,CLOUDY,DRY
6836 ,34038996,MONROE,Webster,,,N,43.215414,-77.446588,10/03/2011,9:20 PM,PROPERTY DAMAGE AND INJURY,2.,0 ,2 ,COLLISION WITH MOTOR VEHICLE,RIGHT ANGLE,TRAFFIC SIGNAL,DARK-ROAD LIGHTED,RAIN,WET
6836 ,34039850,MONROE,Gates,,490I43021170,N,43.1571492,-77.695508,10/05/2011,7:57 AM,PROPERTY DAMAGE AND INJURY,1.,0 ,1 ,COLL. W/EARTH ELE./ROCK CUT/DITCH,OTHER,NONE,DAYLIGHT,CLEAR,DRY
6836 ,34039918,MONROE,Rochester,,,Y,43.156628,-77.593594,10/05/2011,7:48 PM,PROPERTY DAMAGE AND INJURY,2.,0 ,3 ,COLLISION WITH MOTOR VEHICLE,OTHER,NONE,DARK-ROAD LIGHTED,CLEAR,DRY
6836 ,34039920,MONROE,Rochester,,,Y,43.173102,-77.592857,09/17/2011,3:03 PM,INJURY,1.,0 ,1 ,COLLISION WITH PEDESTRIAN,OTHER,STOP SIGN,DAYLIGHT,CLEAR,DRY
6836 ,34039930,MONROE,Rochester,,,N,43.147515,-77.6058849,10/04/2011,4:51 PM,INJURY,1.,0 ,2 ,COLLISION WITH MOTOR VEHICLE,OVERTAKING,NONE,DAYLIGHT,CLEAR,DRY
6836 ,34039936,MONROE,Rochester,,,Y,43.1939,-77.6522309,10/04/2011,3:19 PM,PROPERTY DAMAGE AND INJURY,3.,0 ,2 ,COLLISION WITH MOTOR VEHICLE,REAR END,NONE,DAYLIGHT,CLEAR,DRY
6836 ,34040034,MONROE,Rochester,,,Y,43.180937,-77.631738,10/05/2011,2:12 AM,PROPERTY DAMAGE AND INJURY,1.,0 ,2 ,COLLISION WITH MOTOR VEHICLE,RIGHT ANGLE,TRAFFIC SIGNAL,DARK-ROAD LIGHTED,CLEAR,DRY
6836 ,34040042,MONROE,Rochester,,,N,43.1804822,-77.5758717,10/04/2011,5:53 AM,INJURY,1.,0 ,1 ,COLLISION WITH PEDESTRIAN,OTHER,NONE,DARK-ROAD LIGHTED,CLOUDY,WET
6836 ,34040314,MONROE,Webster,,,Y,43.2051,-77.474622,10/05/2011,7:55 AM,PROPERTY DAMAGE AND INJURY,1.,0 ,2 ,COLLISION WITH MOTOR VEHICLE,REAR END,TRAFFIC SIGNAL,DAYLIGHT,CLEAR,DRY
6836 ,34040319,MONROE,Henrietta,,,Y,43.083153,-77.665902,10/05/2011,12:00 PM,PROPERTY DAMAGE AND INJURY,1.,0 ,1 ,COLLISION WITH BICYCLIST,OTHER,STOP SIGN,DAYLIGHT,CLEAR,DRY
6836 ,34040321,MONROE,Penfield,,441 43011070,N,43.1305149,-77.4074942,09/29/2011,8:12 PM,PROPERTY DAMAGE AND INJURY,1.,0 ,2 ,COLLISION WITH MOTOR VEHICLE,REAR END,NONE,DARK-ROAD UNLIGHTED,CLOUDY,DRY
6836 ,34040322,MONROE,Irondequoit,,,Y,43.171897,-77.544605,10/04/2011,9:02 AM,PROPERTY DAMAGE AND INJURY,1.,0 ,1 ,COLL. W/EARTH ELE./ROCK CUT/DITCH,OTHER,HIGHWAY WORK AREA,DAYLIGHT,CLOUDY,WET
6836 ,34040324,MONROE,Penfield,,441 43011052,N,43.1307579,-77.4413141,09/30/2011,4:05 PM,PROPERTY DAMAGE AND INJURY,2.,0 ,2 ,COLLISION WITH MOTOR VEHICLE,LEFT TURN (AGAINST OTHER CAR),TRAFFIC SIGNAL,DAYLIGHT,RAIN,WET
6836 ,34040328,MONROE,Henrietta,,15A43041095,Y,43.063233,-77.61049,10/06/2011,5:05 PM,PROPERTY DAMAGE AND INJURY,2.,0 ,3 ,COLLISION WITH MOTOR VEHICLE,OTHER,NONE,DAYLIGHT,CLEAR,DRY
6836 ,34040332,MONROE,Brighton,,,N,43.093966,-77.6341771,10/05/2011,8:38 AM,PROPERTY DAMAGE AND INJURY,1.,0 ,3 ,COLLISION WITH MOTOR VEHICLE,OTHER,NONE,DAYLIGHT,CLEAR,DRY
6836 ,34040333,MONROE,Rush,,251 43011160,Y,43.003023,-77.666489,10/05/2011,6:47 PM,PROPERTY DAMAGE AND INJURY,1.,0 ,2 ,COLLISION WITH MOTOR VEHICLE,REAR END,TRAFFIC SIGNAL,DAYLIGHT,CLEAR,DRY
6836 ,34040334,MONROE,Brighton,,31 43033007,N,43.1284303,-77.5668042,10/06/2011,10:40 AM,PROPERTY DAMAGE AND INJURY,1.,0 ,2 ,COLLISION WITH MOTOR VEHICLE,LEFT TURN (AGAINST OTHER CAR),TRAFFIC SIGNAL,DAYLIGHT,CLEAR,DRY
6836 ,34040337,MONROE,Henrietta,,390I43031103,N,43.0752851,-77.628414,10/02/2011,1:30 PM,PROPERTY DAMAGE AND INJURY,3.,0 ,2 ,COLLISION WITH MOTOR VEHICLE,REAR END,NONE,DAYLIGHT,CLOUDY,WET
6836 ,34040338,MONROE,Pittsford,,64 43021079,Y,43.054185,-77.518923,10/04/2011,2:59 PM,PROPERTY DAMAGE AND INJURY,1.,0 ,2 ,COLLISION WITH MOTOR VEHICLE,HEAD ON,TRAFFIC SIGNAL,DAYLIGHT,CLOUDY,DRY
6836 ,34040342,MONROE,Brighton,,,N,43.137341,-77.5443242,10/06/2011,7:56 PM,PROPERTY DAMAGE AND INJURY,1.,0 ,1 ,COLL. W/LIGHT SUPPORT/UTILITY POLE,OTHER,NONE,DARK-ROAD LIGHTED,CLOUDY,DRY
6836 ,34040347,MONROE,Henrietta,,,Y,43.0741665,-77.5852333,10/06/2011,7:21 AM,INJURY,1.,0 ,2 ,COLLISION WITH MOTOR VEHICLE,REAR END,NONE,DAYLIGHT,CLEAR,DRY
6836 ,34040937,MONROE,Rochester,,,Y,43.114684,-77.616216,03/19/2011,10:00 PM,INJURY,2.,0 ,2 ,COLLISION WITH MOTOR VEHICLE,REAR END,UNKNOWN,UNKNOWN,UNKNOWN,UNKNOWN
6836 ,34041005,MONROE,Greece,,18 43031204,N,43.2529601,-77.6475883,10/05/2011,6:10 PM,INJURY,1.,0 ,1 ,COLLISION WITH BICYCLIST,OTHER,NONE,DAYLIGHT,CLEAR,DRY
6836 ,34041016,MONROE,Chili,,383 43011149,N,43.1175652,-77.6587999,10/05/2011,3:46 PM,PROPERTY DAMAGE AND INJURY,1.,0 ,2 ,COLLISION WITH MOTOR VEHICLE,REAR END,NONE,DAYLIGHT,CLEAR,DRY
6836 ,34041028,MONROE,Gates,,490I43021152,N,43.1451031,-77.7172941,10/04/2011,10:15 AM,PROPERTY DAMAGE AND INJURY,1.,0 ,1 ,COLLISION WITH GUIDE RAIL,OTHER,NONE,DAYLIGHT,CLOUDY,DRY
6836 ,34041045,MONROE,Irondequoit,,104 43033005,N,43.1964198,-77.5738832,09/21/2011,8:06 AM,PROPERTY DAMAGE AND INJURY,2.,0 ,2 ,COLLISION WITH MOTOR VEHICLE,REAR END,TRAFFIC SIGNAL,DAYLIGHT,CLEAR,DRY
6836 ,34041180,MONROE,Rochester,,,Y,43.1292523,-77.6368303,10/07/2011,4:00 PM,PROPERTY DAMAGE AND INJURY,1.,0 ,2 ,COLLISION WITH MOTOR VEHICLE,RIGHT ANGLE,NONE,DAYLIGHT,CLEAR,DRY
6836 ,34041185,MONROE,Rochester,,,N,43.1809358,-77.6400149,10/07/2011,2:54 PM,INJURY,2.,0 ,2 ,COLLISION WITH MOTOR VEHICLE,LEFT TURN (AGAINST OTHER CAR),NONE,DAYLIGHT,CLEAR,DRY
6836 ,34041415,MONROE,Webster,,250 43011125,Y,43.208415,-77.430326,10/06/2011,7:02 AM,PROPERTY DAMAGE AND INJURY,1.,0 ,2 ,COLLISION WITH MOTOR VEHICLE,RIGHT ANGLE,STOP SIGN,DAWN,CLEAR,DRY
6836 ,34041417,MONROE,Sweden,,,N,43.21992,-77.9119248,10/03/2011,5:54 AM,PROPERTY DAMAGE AND INJURY,1.,0 ,2 ,COLLISION WITH MOTOR VEHICLE,HEAD ON,NONE,DARK-ROAD UNLIGHTED,RAIN,WET
6836 ,34041421,MONROE,Hilton,,18 43031110,N,43.2851699,-77.7914704,09/28/2011,6:53 AM,PROPERTY DAMAGE AND INJURY,2.,0 ,2 ,COLLISION WITH MOTOR VEHICLE,REAR END,NONE,DAWN,CLOUDY,WET
6836 ,34041430,MONROE,Irondequoit,,590 43013015,N,43.1882657,-77.5442747,10/05/2011,5:12 PM,PROPERTY DAMAGE AND INJURY,1.,0 ,2 ,COLLISION WITH MOTOR VEHICLE,REAR END,NONE,DAYLIGHT,CLEAR,DRY
6836 ,34041431,MONROE,Penfield,,441 43011031,N,43.1285043,-77.4837807,10/06/2011,5:14 PM,PROPERTY DAMAGE AND INJURY,3.,0 ,3 ,COLLISION WITH MOTOR VEHICLE,OTHER,NONE,DAYLIGHT,CLEAR,DRY
6836 ,34041432,MONROE,Gates,,31 43031097,Y,43.138707,-77.754182,10/05/2011,3:30 PM,PROPERTY DAMAGE AND INJURY,1.,0 ,1 ,RAN OFF ROAD ONLY,OTHER,TRAFFIC SIGNAL,DAYLIGHT,CLEAR,DRY
6836 ,34041442,MONROE,Brighton,,31 43033021,Y,43.1110655,-77.5477832,10/07/2011,6:28 PM,PROPERTY DAMAGE AND INJURY,1.,0 ,2 ,COLLISION WITH MOTOR VEHICLE,REAR END,TRAFFIC SIGNAL,DAYLIGHT,CLEAR,DRY
6836 ,34041443,MONROE,Gates,,,Y,43.144356,-77.726064,10/07/2011,7:50 AM,PROPERTY DAMAGE AND INJURY,1.,0 ,2 ,COLLISION WITH MOTOR VEHICLE,REAR END,TRAFFIC SIGNAL,DAYLIGHT,CLOUDY,DRY
6836 ,34041827,MONROE,Rochester,,,Y,43.143449,-77.588294,10/07/2011,7:18 PM,PROPERTY DAMAGE AND INJURY,1.,0 ,2 ,COLLISION WITH MOTOR VEHICLE,OVERTAKING,NONE,DARK-ROAD LIGHTED,CLEAR,DRY
6836 ,34041835,MONROE,Rochester,,,N,43.1711662,-77.602924,10/07/2011,3:39 PM,INJURY,1.,0 ,2 ,COLLISION WITH MOTOR VEHICLE,RIGHT ANGLE,NONE,DAYLIGHT,CLEAR,DRY
6836 ,34041841,MONROE,Rochester,,,N,43.2040843,-77.6588044,10/07/2011,11:55 AM,INJURY,1.,0 ,2 ,COLLISION WITH MOTOR VEHICLE,REAR END,YIELD SIGN,DAYLIGHT,CLEAR,DRY
6836 ,34041993,MONROE,Riga,,,N,43.1194511,-77.8281982,10/01/2011,10:16 PM,PROPERTY DAMAGE AND INJURY,3.,0 ,3 ,COLLISION WITH MOTOR VEHICLE,OTHER,NONE,DARK-ROAD UNLIGHTED,RAIN,WET
6836 ,34042000,MONROE,Irondequoit,,,N,43.1953253,-77.5845859,10/06/2011,12:58 PM,INJURY,1.,0 ,2 ,COLLISION WITH MOTOR VEHICLE,REAR END,NONE,DAYLIGHT,CLEAR,DRY
6836 ,34042218,MONROE,Greece,,,Y,43.2098408,-77.6958303,10/04/2011,5:12 PM,PROPERTY DAMAGE AND INJURY,1.,0 ,2 ,COLLISION WITH MOTOR VEHICLE,REAR END,TRAFFIC SIGNAL,DAYLIGHT,CLOUDY,DRY
6836 ,34042222,MONROE,Greece,,,Y,43.186914,-77.701511,10/04/2011,4:15 PM,PROPERTY DAMAGE AND INJURY,1.,0 ,2 ,COLLISION WITH MOTOR VEHICLE,LEFT TURN (WITH OTHER CAR),TRAFFIC SIGNAL,DAYLIGHT,CLOUDY,DRY
6836 ,34042224,MONROE,Greece,,18 43031204,N,43.252957,-77.6469777,10/07/2011,10:09 PM,PROPERTY DAMAGE AND INJURY,1.,0 ,2 ,COLLISION WITH MOTOR VEHICLE,OTHER,NONE,DARK-ROAD LIGHTED,CLEAR,DRY
6836 ,34042411,MONROE,Rochester,,,Y,43.170575,-77.59779,10/05/2011,12:44 PM,PROPERTY DAMAGE AND INJURY,2.,0 ,2 ,COLLISION WITH MOTOR VEHICLE,RIGHT ANGLE,TRAFFIC SIGNAL,DAYLIGHT,CLEAR,DRY
6836 ,34042413,MONROE,Rochester,,,Y,43.163173,-77.601939,10/07/2011,2:20 PM,PROPERTY DAMAGE AND INJURY,3.,0 ,3 ,COLLISION WITH MOTOR VEHICLE,OTHER,TRAFFIC SIGNAL,DAYLIGHT,CLEAR,DRY
6836 ,34042420,MONROE,Rochester,,,N,43.1811235,-77.6251607,10/07/2011,11:30 AM,INJURY,2.,0 ,2 ,COLLISION WITH MOTOR VEHICLE,REAR END,TRAFFIC SIGNAL,DAYLIGHT,CLEAR,DRY
6836 ,34042427,MONROE,Rochester,,,N,43.1808604,-77.5914437,10/07/2011,8:17 AM,PROPERTY DAMAGE AND INJURY,2.,0 ,2 ,COLLISION WITH MOTOR VEHICLE,RIGHT ANGLE,TRAFFIC SIGNAL,DAYLIGHT,CLEAR,DRY
6836 ,34042428,MONROE,Rochester,,,Y,43.155041,-77.594424,10/07/2011,1:41 PM,PROPERTY DAMAGE AND INJURY,1.,0 ,2 ,COLLISION WITH MOTOR VEHICLE,REAR END,TRAFFIC SIGNAL,DAYLIGHT,CLEAR,DRY
6836 ,34042435,MONROE,Rochester,,,Y,43.18114,-77.624344,10/07/2011,1:46 PM,INJURY,1.,0 ,2 ,COLLISION WITH MOTOR VEHICLE,RIGHT ANGLE,NONE,DAYLIGHT,CLEAR,DRY
6836 ,34042436,MONROE,Rochester,,,N,43.1823355,-77.5992814,09/09/2011,1:16 PM,PROPERTY DAMAGE AND INJURY,2.,0 ,2 ,COLLISION WITH MOTOR VEHICLE,REAR END,NONE,DAYLIGHT,CLEAR,DRY
6836 ,34042568,MONROE,Mendon,,,N,42.9635409,-77.6187488,10/08/2011,6:18 PM,PROPERTY DAMAGE AND INJURY,1.,0 ,1 ,RAN OFF ROAD ONLY,OTHER,NONE,DAYLIGHT,CLEAR,DRY
6836 ,34042610,MONROE,Henrietta,,15 43031098,N,43.0726597,-77.6445681,10/07/2011,6:04 PM,PROPERTY DAMAGE AND INJURY,2.,0 ,2 ,COLLISION WITH MOTOR VEHICLE,LEFT TURN (AGAINST OTHER CAR),TRAFFIC SIGNAL,DAYLIGHT,CLEAR,DRY
6836 ,34042674,MONROE,Rochester,,,Y,43.180932,-77.595442,10/08/2011,4:52 PM,INJURY,1.,0 ,2 ,COLLISION WITH MOTOR VEHICLE,LEFT TURN (WITH OTHER CAR),TRAFFIC SIGNAL,DAYLIGHT,CLEAR,DRY
6836 ,34042728,MONROE,Henrietta,,,N,43.0870886,-77.6191942,10/07/2011,12:52 PM,INJURY,1.,0 ,1 ,COLLISION WITH PEDESTRIAN,OTHER,NONE,DAYLIGHT,CLEAR,DRY
6836 ,34042759,MONROE,Chili,,383 43011155,N,43.1217607,-77.6488612,10/05/2011,5:42 PM,PROPERTY DAMAGE AND INJURY,2.,0 ,3 ,COLLISION WITH MOTOR VEHICLE,OTHER,TRAFFIC SIGNAL,DAYLIGHT,CLEAR,DRY
6836 ,34042772,MONROE,Rochester,,,N,43.1331299,-77.6358255,10/09/2011,7:04 PM,INJURY,1.,0 ,1 ,COLLISION WITH PEDESTRIAN,OTHER,NONE,DARK-ROAD LIGHTED,CLEAR,DRY
6836 ,34042847,MONROE,Irondequoit,,590 43013014,N,43.1875617,-77.5441401,09/29/2011,12:10 AM,INJURY,1.,0 ,1 ,COLLISION WITH OTHER BARRIER,OTHER,NONE,DARK-ROAD LIGHTED,CLEAR,DRY
6836 ,34042857,MONROE,Henrietta,,252 43011097,N,43.087038,-77.5822372,10/08/2011,4:11 PM,PROPERTY DAMAGE AND INJURY,6.,0 ,2 ,COLLISION WITH MOTOR VEHICLE,RIGHT ANGLE,NONE,DAYLIGHT,CLEAR,DRY
6836 ,34042858,MONROE,Greece,,,Y,43.242013,-77.646839,10/08/2011,7:35 PM,PROPERTY DAMAGE AND INJURY,2.,0 ,2 ,COLLISION WITH MOTOR VEHICLE,LEFT TURN (AGAINST OTHER CAR),TRAFFIC SIGNAL,DARK-ROAD LIGHTED,CLEAR,DRY
6836 ,34042985,MONROE,Perinton,,31 43033084,N,43.0693807,-77.4433578,10/05/2011,9:19 PM,PROPERTY DAMAGE AND INJURY,1.,0 ,2 ,COLLISION WITH MOTOR VEHICLE,LEFT TURN (AGAINST OTHER CAR),TRAFFIC SIGNAL,DARK-ROAD LIGHTED,CLEAR,DRY
6836 ,34042991,MONROE,Rochester,,490I43022034,N,43.1512229,-77.6103298,10/09/2011,8:17 PM,PROPERTY DAMAGE AND INJURY,3.,0 ,5 ,COLLISION WITH MOTOR VEHICLE,OTHER,NONE,DARK-ROAD LIGHTED,CLEAR,DRY
6836 ,34042994,MONROE,Irondequoit,,,Y,43.193649,-77.574735,10/09/2011,4:46 PM,PROPERTY DAMAGE AND INJURY,3.,0 ,2 ,COLLISION WITH MOTOR VEHICLE,RIGHT ANGLE,STOP SIGN,DAYLIGHT,CLEAR,DRY
6836 ,34043067,MONROE,Greece,,,Y,43.186914,-77.701511,10/06/2011,8:14 AM,PROPERTY DAMAGE AND INJURY,1.,0 ,2 ,COLLISION WITH MOTOR VEHICLE,REAR END,TRAFFIC SIGNAL,DAYLIGHT,CLEAR,DRY
6836 ,34043068,MONROE,Greece,,,Y,43.205189,-77.666289,10/09/2011,1:25 PM,PROPERTY DAMAGE AND INJURY,1.,0 ,2 ,COLLISION WITH MOTOR VEHICLE,RIGHT ANGLE,TRAFFIC SIGNAL,DAYLIGHT,CLEAR,DRY
6836 ,34043454,MONROE,Greece,,390 43011067,N,43.252886,-77.667925,08/19/2011,10:56 AM,PROPERTY DAMAGE AND INJURY,2.,0 ,2 ,COLLISION WITH MOTOR VEHICLE,RIGHT ANGLE,TRAFFIC SIGNAL,DAYLIGHT,CLEAR,DRY
6836 ,34043503,MONROE,Rochester,,,N,43.2480432,-77.6103617,10/08/2011,8:31 PM,PROPERTY DAMAGE AND INJURY,2.,0 ,2 ,COLLISION WITH MOTOR VEHICLE,REAR END,NONE,DARK-ROAD LIGHTED,CLEAR,DRY
6836 ,34043509,MONROE,Chili,,,Y,43.116216,-77.745647,10/07/2011,5:47 PM,INJURY,1.,0 ,2 ,COLLISION WITH MOTOR VEHICLE,REAR END,TRAFFIC SIGNAL,DAYLIGHT,CLEAR,DRY
6836 ,34043648,MONROE,Brighton,,31 43033020,N,43.1116009,-77.5485086,10/11/2011,1:30 PM,PROPERTY DAMAGE AND INJURY,1.,0 ,2 ,COLLISION WITH MOTOR VEHICLE,RIGHT ANGLE,NONE,DAYLIGHT,CLEAR,OTHER
6836 ,34043653,MONROE,Rochester,,,Y,43.1820621,-77.5954823,10/02/2011,8:30 PM,INJURY,1.,0 ,2 ,COLLISION WITH MOTOR VEHICLE,OVERTAKING,NONE,DARK-ROAD LIGHTED,RAIN,WET
6836 ,34043779,MONROE,Webster,,,Y,43.247987,-77.49944,10/10/2011,5:20 PM,PROPERTY DAMAGE AND INJURY,1.,0 ,2 ,COLLISION WITH MOTOR VEHICLE,OVERTAKING,NONE,DAYLIGHT,CLEAR,DRY
6836 ,34043844,MONROE,Irondequoit,,,N,43.2097763,-77.6008947,10/10/2011,8:57 AM,PROPERTY DAMAGE AND INJURY,1.,0 ,2 ,COLLISION WITH MOTOR VEHICLE,RIGHT ANGLE,NONE,DAYLIGHT,CLEAR,DRY
6836 ,34043861,MONROE,Henrietta,,15 43031095,N,43.0682404,-77.6468891,10/07/2011,4:48 PM,PROPERTY DAMAGE AND INJURY,1.,0 ,2 ,COLLISION WITH MOTOR VEHICLE,LEFT TURN (AGAINST OTHER CAR),NONE,DAYLIGHT,CLEAR,DRY
6836 ,34043879,MONROE,Chili,,252A43011028,N,43.1065718,-77.6911619,10/09/2011,1:11 PM,PROPERTY DAMAGE AND INJURY,1.,0 ,2 ,COLLISION WITH MOTOR VEHICLE,REAR END,YIELD SIGN,DAYLIGHT,CLEAR,DRY
6836 ,34043880,MONROE,Greece,,,N,43.2530181,-77.665414,10/10/2011,9:27 AM,PROPERTY DAMAGE AND INJURY,1.,0 ,2 ,COLLISION WITH MOTOR VEHICLE,REAR END,NONE,DAYLIGHT,CLEAR,DRY
6836 ,34043922,MONROE,Rochester,,,Y,43.148515,-77.579186,09/05/2011,2:08 PM,PROPERTY DAMAGE AND INJURY,2.,0 ,2 ,COLLISION WITH MOTOR VEHICLE,REAR END,NONE,DAYLIGHT,RAIN,WET
6836 ,34043988,MONROE,Webster,,,N,43.2265707,-77.461341,10/07/2011,4:17 PM,PROPERTY DAMAGE AND INJURY,3.,0 ,2 ,COLLISION WITH MOTOR VEHICLE,REAR END,NONE,DAYLIGHT,CLEAR,DRY
6836 ,34043993,MONROE,Parma,,259 43011088,N,43.217898,-77.7925207,10/04/2011,4:30 PM,INJURY,1.,0 ,3 ,COLLISION WITH MOTOR VEHICLE,OTHER,NONE,DAYLIGHT,CLOUDY,DRY
6836 ,34044046,MONROE,Greece,,18 43031194,N,43.252886,-77.667925,10/10/2011,12:10 PM,PROPERTY DAMAGE AND INJURY,1.,0 ,3 ,COLLISION WITH MOTOR VEHICLE,OTHER,TRAFFIC SIGNAL,DAYLIGHT,CLEAR,DRY
6836 ,34044075,MONROE,Rochester,,,Y,43.170804,-77.600806,10/09/2011,11:10 AM,INJURY,1.,0 ,1 ,COLLISION WITH BICYCLIST,OTHER,TRAFFIC SIGNAL,DAYLIGHT,CLEAR,DRY
6836 ,34044145,MONROE,Brighton,,,N,43.1275203,-77.5369388,10/12/2011,8:40 PM,INJURY,1.,0 ,1 ,COLL. W/LIGHT SUPPORT/UTILITY POLE,OTHER,NONE,DARK-ROAD LIGHTED,RAIN,WET
6836 ,34044332,MONROE,Rochester,,104 43032017,N,43.195626,-77.6303313,10/12/2011,4:02 PM,PROPERTY DAMAGE AND INJURY,1.,0 ,2 ,COLLISION WITH MOTOR VEHICLE,LEFT TURN (AGAINST OTHER CAR),NONE,DAYLIGHT,CLOUDY,DRY
6836 ,34044472,MONROE,Rochester,,,N,43.2504423,-77.6142248,10/12/2011,6:19 PM,PROPERTY DAMAGE AND INJURY,1.,0 ,2 ,COLLISION WITH MOTOR VEHICLE,OVERTAKING,NONE,DARK-ROAD LIGHTED,RAIN,WET
6836 ,34044854,MONROE,Gates,,,Y,43.1695541,-77.701639,10/12/2011,5:03 PM,PROPERTY DAMAGE AND INJURY,1.,0 ,2 ,COLLISION WITH MOTOR VEHICLE,LEFT TURN (AGAINST OTHER CAR),NONE,DAYLIGHT,RAIN,WET
6836 ,34044863,MONROE,Rochester,,,Y,43.200455,-77.638723,10/12/2011,3:16 PM,INJURY,1.,0 ,2 ,COLLISION WITH MOTOR VEHICLE,REAR END,TRAFFIC SIGNAL,DAYLIGHT,CLOUDY,DRY
6836 ,34044968,MONROE,Gates,,390 43011011,N,43.172158,-77.6830883,09/29/2011,7:40 AM,PROPERTY DAMAGE AND INJURY,1.,0 ,2 ,COLLISION WITH MOTOR VEHICLE,REAR END,NONE,DAYLIGHT,CLOUDY,WET
6836 ,34045532,MONROE,Wheatland,,251 43011078,N,43.005278,-77.741455,10/11/2011,7:35 AM,PROPERTY DAMAGE AND INJURY,1.,0 ,2 ,COLLISION WITH MOTOR VEHICLE,REAR END,NONE,DAYLIGHT,CLEAR,DRY
6836 ,34045629,MONROE,Greece,,,Y,43.23433,-77.6508709,10/11/2011,9:02 AM,PROPERTY DAMAGE AND INJURY,2.,0 ,2 ,COLLISION WITH MOTOR VEHICLE,RIGHT ANGLE,STOP SIGN,DAYLIGHT,CLEAR,DRY
6836 ,34045681,MONROE,Henrietta,,253 43011063,N,43.0587749,-77.645733,10/11/2011,8:11 AM,PROPERTY DAMAGE AND INJURY,2.,0 ,2 ,COLLISION WITH MOTOR VEHICLE,REAR END,NONE,DAYLIGHT,CLEAR,DRY
6836 ,34045705,MONROE,Brighton,,,N,43.108007,-77.615937,10/12/2011,6:01 PM,INJURY,1.,0 ,1 ,COLLISION WITH BICYCLIST,OTHER,TRAFFIC SIGNAL,DAYLIGHT,RAIN,WET
6836 ,34045708,MONROE,Penfield,,441 43011045,N,43.1310886,-77.4562448,10/12/2011,6:08 PM,PROPERTY DAMAGE AND INJURY,2.,0 ,2 ,COLLISION WITH MOTOR VEHICLE,REAR END,NONE,DAYLIGHT,RAIN,WET
6836 ,34045815,MONROE,Brighton,,31 43033020,N,43.1135961,-77.5509143,10/13/2011,5:27 PM,PROPERTY DAMAGE AND INJURY,1.,0 ,2 ,COLLISION WITH MOTOR VEHICLE,REAR END,TRAFFIC SIGNAL,DAYLIGHT,CLOUDY,DRY
6836 ,34046228,MONROE,Pittsford,,96 43051076,N,43.1158191,-77.5171482,10/10/2011,1:56 PM,INJURY,1.,0 ,3 ,COLLISION WITH MOTOR VEHICLE,OTHER,NONE,DAYLIGHT,CLEAR,DRY
6836 ,34046746,MONROE,Parma,,104 43031108,N,43.218409,-77.7925008,10/13/2011,3:18 PM,INJURY,1.,0 ,1 ,OVERTURNED,OTHER,TRAFFIC SIGNAL,DAYLIGHT,CLEAR,DRY
6836 ,34046763,MONROE,Webster,,104 43035235,N,43.2143781,-77.5062522,10/14/2011,10:39 PM,PROPERTY DAMAGE AND INJURY,3.,0 ,2 ,COLLISION WITH MOTOR VEHICLE,REAR END,NONE,DARK-ROAD LIGHTED,RAIN,WET
6836 ,34046815,MONROE,Greece,,104 43031150,N,43.2109245,-77.7103778,10/07/2011,5:05 PM,INJURY,1.,0 ,2 ,COLLISION WITH MOTOR VEHICLE,REAR END,TRAFFIC SIGNAL,DAYLIGHT,CLEAR,DRY
6836 ,34046847,MONROE,Chili,,,N,43.1002075,-77.6912698,10/13/2011,1:54 PM,PROPERTY DAMAGE AND INJURY,2.,0 ,2 ,COLLISION WITH MOTOR VEHICLE,HEAD ON,NONE,DAYLIGHT,CLOUDY,DRY
6836 ,34047067,MONROE,Wheatland,,,N,43.0307007,-77.828536,10/09/2011,12:40 AM,PROPERTY DAMAGE AND INJURY,2.,0 ,1 ,COLLISION WITH DEER,OTHER,NONE,DARK-ROAD UNLIGHTED,CLEAR,DRY