QUERYID,CASE #,REGN_CNTY_CDE,Municipality,MUNITYPE,REF_MRKR,ATINTERSECTION_IND,Lat,Long,,Time,Crash Type,Injuries,Fatalities,Number of Vehicles,ACCD_TYP,COLLISION_TYP,TRAF_CNTL,Light Condition,Weather Condition,Road Surface Condition
6836 ,34047113,MONROE,Greece,,,N,43.3218955,-77.7140968,10/09/2011,10:50 PM,PROPERTY DAMAGE AND INJURY,1.,0 ,1 ,COLLISION WITH OTHER BARRIER,OTHER,OTHER,DARK-ROAD UNLIGHTED,CLEAR,DRY
6836 ,34047114,MONROE,Greece,,,N,43.2037399,-77.7262252,10/13/2011,12:12 AM,PROPERTY DAMAGE AND INJURY,2.,0 ,2 ,COLLISION WITH MOTOR VEHICLE,HEAD ON,NONE,DARK-ROAD UNLIGHTED,RAIN,WET
6836 ,34047782,MONROE,Brighton,,,Y,43.095038,-77.606089,09/14/2011,3:46 PM,PROPERTY DAMAGE AND INJURY,2.,0 ,2 ,COLLISION WITH MOTOR VEHICLE,UNKNOWN,STOP SIGN,DAYLIGHT,CLEAR,DRY
6836 ,34047862,MONROE,Greece,,,Y,43.231416,-77.71634,08/07/2011,9:50 AM,INJURY,1.,0 ,1 ,OTHER NON-COLLISION,OTHER,TRAFFIC SIGNAL,DAYLIGHT,CLOUDY,WET
6836 ,34047865,MONROE,Rochester,,,Y,43.181674,-77.631684,09/08/2011,7:41 AM,PROPERTY DAMAGE AND INJURY,1.,0 ,2 ,COLLISION WITH MOTOR VEHICLE,RIGHT ANGLE,NONE,DAYLIGHT,CLOUDY,DRY
6836 ,34047866,MONROE,Rochester,,,Y,43.158068,-77.602343,09/06/2011,8:26 AM,PROPERTY DAMAGE AND INJURY,1.,0 ,2 ,COLLISION WITH MOTOR VEHICLE,REAR END,TRAFFIC SIGNAL,DAYLIGHT,CLOUDY,DRY
6836 ,34047867,MONROE,Rochester,,,Y,43.155344,-77.5955929,09/09/2011,12:39 AM,PROPERTY DAMAGE AND INJURY,1.,0 ,1 ,COLLISION WITH PEDESTRIAN,OTHER,NONE,DARK-ROAD LIGHTED,CLEAR,DRY
6836 ,34048964,MONROE,Greece,,,N,43.2237358,-77.7037588,10/13/2011,3:06 PM,INJURY,1.,0 ,1 ,COLLISION WITH PEDESTRIAN,OTHER,NONE,DAYLIGHT,CLEAR,DRY
6836 ,34048965,MONROE,Greece,,,Y,43.252892,-77.669458,10/14/2011,9:10 PM,PROPERTY DAMAGE AND INJURY,1.,0 ,2 ,COLLISION WITH MOTOR VEHICLE,RIGHT ANGLE,STOP SIGN,DARK-ROAD LIGHTED,RAIN,WET
6836 ,34048967,MONROE,Greece,,,N,43.2312789,-77.7163422,10/14/2011,3:08 PM,PROPERTY DAMAGE AND INJURY,2.,0 ,3 ,COLLISION WITH MOTOR VEHICLE,OTHER,NONE,DAYLIGHT,RAIN,WET
6836 ,34048970,MONROE,Greece,,,N,43.211961,-77.717135,10/14/2011,7:17 PM,INJURY,1.,0 ,1 ,COLLISION WITH MOTOR VEHICLE,OTHER,NONE,DARK-ROAD UNLIGHTED,RAIN,WET
6836 ,34048972,MONROE,Greece,,,Y,43.215678,-77.6591709,10/10/2011,6:38 PM,PROPERTY DAMAGE AND INJURY,1.,0 ,2 ,COLLISION WITH MOTOR VEHICLE,REAR END,TRAFFIC SIGNAL,DUSK,CLEAR,DRY
6836 ,34048981,MONROE,Greece,,,Y,43.238344,-77.650857,10/14/2011,3:15 PM,PROPERTY DAMAGE AND INJURY,3.,0 ,2 ,COLLISION WITH MOTOR VEHICLE,RIGHT TURN (WITH OTHER CAR),STOP SIGN,DAYLIGHT,RAIN,WET
6836 ,34048983,MONROE,Greece,,,Y,43.236608,-77.646863,10/10/2011,7:03 PM,PROPERTY DAMAGE AND INJURY,1.,0 ,2 ,COLLISION WITH MOTOR VEHICLE,REAR END,TRAFFIC SIGNAL,DARK-ROAD LIGHTED,CLEAR,DRY
6836 ,34049171,MONROE,Penfield,,,N,43.1310039,-77.3750473,10/13/2011,9:08 AM,INJURY,1.,0 ,2 ,COLLISION WITH MOTOR VEHICLE,REAR END,NO PASSING ZONE,DAYLIGHT,CLOUDY,DRY
6836 ,34050184,MONROE,Greece,,,N,43.2111881,-77.7123416,10/11/2011,3:30 PM,INJURY,1.,0 ,4 ,COLLISION WITH MOTOR VEHICLE,OTHER,TRAFFIC SIGNAL,DAYLIGHT,CLEAR,DRY
6836 ,34051000,MONROE,Rochester,,,Y,43.151731,-77.6388869,08/20/2011,9:30 PM,PROPERTY DAMAGE AND INJURY,1.,0 ,1 ,COLLISION WITH OTHER,OTHER,NONE,DARK-ROAD UNLIGHTED,OTHER,DRY
6836 ,34051031,MONROE,Greece,,,Y,43.212214,-77.7181801,08/28/2011,9:14 AM,PROPERTY DAMAGE AND INJURY,1.,0 ,2 ,COLLISION WITH MOTOR VEHICLE,LEFT TURN (AGAINST OTHER CAR),TRAFFIC SIGNAL,DAYLIGHT,CLOUDY,DRY
6836 ,34051118,MONROE,Rochester,,,Y,43.143458,-77.592703,09/11/2011,2:42 AM,PROPERTY DAMAGE AND INJURY,2.,0 ,2 ,COLLISION WITH MOTOR VEHICLE,UNKNOWN,STOP SIGN,DARK-ROAD LIGHTED,CLEAR,DRY
6836 ,34052565,MONROE,Henrietta,,15 43031095,Y,43.067984,-77.647022,09/30/2011,7:05 AM,PROPERTY DAMAGE AND INJURY,1.,0 ,2 ,COLLISION WITH MOTOR VEHICLE,LEFT TURN (WITH OTHER CAR),TRAFFIC SIGNAL,DAWN,CLOUDY,DRY
6836 ,34052567,MONROE,Henrietta,,252 43011079,N,43.087214,-77.6172645,10/13/2011,8:14 PM,PROPERTY DAMAGE AND INJURY,2.,0 ,2 ,COLLISION WITH MOTOR VEHICLE,RIGHT ANGLE,TRAFFIC SIGNAL,DARK-ROAD LIGHTED,RAIN,WET
6836 ,34052575,MONROE,Perinton,,250 43011025,N,43.0707894,-77.44233,10/14/2011,10:27 PM,PROPERTY DAMAGE AND INJURY,1.,0 ,2 ,COLLISION WITH MOTOR VEHICLE,RIGHT TURN (WITH OTHER CAR),TRAFFIC SIGNAL,DARK-ROAD LIGHTED,CLOUDY,WET
6836 ,34052578,MONROE,Henrietta,,15 43031111,N,43.0884195,-77.6360996,10/14/2011,2:02 PM,INJURY,1.,0 ,2 ,COLLISION WITH MOTOR VEHICLE,REAR END,NONE,DAYLIGHT,RAIN,WET
6836 ,34052588,MONROE,Penfield,,,N,43.1938752,-77.5017832,10/15/2011,10:10 AM,PROPERTY DAMAGE AND INJURY,2.,0 ,2 ,COLLISION WITH MOTOR VEHICLE,REAR END,NONE,DAYLIGHT,RAIN,WET
6836 ,34052589,MONROE,Rochester,,390I43032002,N,43.1193515,-77.639235,10/14/2011,3:05 PM,PROPERTY DAMAGE AND INJURY,1.,0 ,2 ,COLLISION WITH MOTOR VEHICLE,REAR END,NONE,DAYLIGHT,RAIN,WET
6836 ,34052590,MONROE,Henrietta,,15A43041074,N,43.0342223,-77.6259053,10/15/2011,4:14 PM,PROPERTY DAMAGE AND INJURY,1.,0 ,3 ,COLLISION WITH MOTOR VEHICLE,OTHER,NONE,DAYLIGHT,RAIN,WET
6836 ,34052597,MONROE,Chili,,33A43021106,N,43.1077121,-77.7450247,10/03/2011,9:10 PM,PROPERTY DAMAGE AND INJURY,1.,0 ,2 ,COLLISION WITH MOTOR VEHICLE,RIGHT ANGLE,TRAFFIC SIGNAL,DARK-ROAD LIGHTED,RAIN,WET
6836 ,34052602,MONROE,Perinton,,31 43033075,N,43.0738963,-77.4609501,10/15/2011,1:56 PM,INJURY,3.,0 ,2 ,COLLISION WITH MOTOR VEHICLE,RIGHT ANGLE,TRAFFIC SIGNAL,DAYLIGHT,RAIN,WET
6836 ,34052615,MONROE,Brighton,,31 43033011,Y,43.123795,-77.561645,10/14/2011,2:34 PM,PROPERTY DAMAGE AND INJURY,1.,0 ,3 ,COLLISION WITH MOTOR VEHICLE,OTHER,TRAFFIC SIGNAL,DAYLIGHT,RAIN,WET
6836 ,34052627,MONROE,Webster,,,Y,43.204635,-77.496202,10/16/2011,9:55 AM,PROPERTY DAMAGE AND INJURY,1.,0 ,2 ,COLLISION WITH MOTOR VEHICLE,REAR END,TRAFFIC SIGNAL,DAYLIGHT,CLEAR,DRY
6836 ,34052628,MONROE,Irondequoit,,,N,43.176832,-77.542741,10/08/2011,2:33 PM,PROPERTY DAMAGE AND INJURY,1.,0 ,4 ,COLLISION WITH MOTOR VEHICLE,OTHER,TRAFFIC SIGNAL,DAYLIGHT,CLEAR,DRY
6836 ,34052631,MONROE,Irondequoit,,,N,43.1966853,-77.600168,10/13/2011,9:37 AM,PROPERTY DAMAGE AND INJURY,1.,0 ,2 ,COLLISION WITH MOTOR VEHICLE,REAR END,NONE,DAYLIGHT,CLOUDY,DRY
6836 ,34052638,MONROE,Rochester,,,N,43.195838,-77.5613879,10/15/2011,1:40 PM,INJURY,1.,0 ,1 ,COLLISION WITH BICYCLIST,OTHER,TRAFFIC SIGNAL,DAYLIGHT,CLOUDY,DRY
6836 ,34052648,MONROE,Rochester,,590 43012003,N,43.142715,-77.549822,10/15/2011,12:05 PM,PROPERTY DAMAGE AND INJURY,2.,0 ,1 ,COLLISION WITH BUILDING/WALL,OTHER,NONE,DAYLIGHT,RAIN,WET
6836 ,34052663,MONROE,Rochester,,940T43011023,N,43.1510655,-77.6054161,10/16/2011,11:10 AM,PROPERTY DAMAGE AND INJURY,1.,0 ,2 ,COLLISION WITH MOTOR VEHICLE,OVERTAKING,HIGHWAY WORK AREA,DAYLIGHT,CLOUDY,DRY
6836 ,34053049,MONROE,Rochester,,,N,43.1304961,-77.6634175,10/14/2011,6:47 AM,PROPERTY DAMAGE AND INJURY,1.,0 ,2 ,COLLISION WITH MOTOR VEHICLE,REAR END,NONE,DAWN,CLOUDY,WET
6836 ,34053058,MONROE,Rochester,,490I43022021,N,43.1566706,-77.6314581,10/14/2011,3:15 PM,PROPERTY DAMAGE AND INJURY,2.,0 ,3 ,COLLISION WITH MOTOR VEHICLE,OTHER,NONE,DAYLIGHT,RAIN,WET
6836 ,34053399,MONROE,Rochester,,,N,43.15951,-77.595735,10/14/2011,8:25 AM,INJURY,1.,0 ,1 ,COLLISION WITH BICYCLIST,OTHER,TRAFFIC SIGNAL,DAYLIGHT,CLOUDY,DRY
6836 ,34053402,MONROE,Rochester,,,Y,43.186958,-77.59569,10/11/2011,2:58 PM,INJURY,1.,0 ,1 ,COLLISION WITH BICYCLIST,OTHER,TRAFFIC SIGNAL,DAYLIGHT,CLEAR,DRY
6836 ,34053413,MONROE,Rochester,,,N,43.1577743,-77.6035365,10/06/2011,6:58 AM,INJURY,1.,0 ,1 ,COLLISION WITH PEDESTRIAN,OTHER,NONE,DAYLIGHT,CLEAR,DRY
6836 ,34053416,MONROE,Rochester,,,Y,43.164623,-77.633951,10/10/2011,5:46 AM,PROPERTY DAMAGE AND INJURY,2.,0 ,2 ,COLLISION WITH MOTOR VEHICLE,LEFT TURN (WITH OTHER CAR),TRAFFIC SIGNAL,DARK-ROAD LIGHTED,CLEAR,DRY
6836 ,34053417,MONROE,Rochester,,,Y,43.161226,-77.610298,10/12/2011,5:44 AM,INJURY,1.,0 ,2 ,COLLISION WITH MOTOR VEHICLE,REAR END,TRAFFIC SIGNAL,DARK-ROAD LIGHTED,CLEAR,DRY
6836 ,34053424,MONROE,Rochester,,,Y,43.189183,-77.613269,10/13/2011,3:16 PM,INJURY,1.,0 ,1 ,COLLISION WITH BICYCLIST,OTHER,STOP SIGN,DAYLIGHT,CLOUDY,DRY
6836 ,34053433,MONROE,Rochester,,,Y,43.15843,-77.615431,10/14/2011,3:18 PM,PROPERTY DAMAGE AND INJURY,1.,0 ,2 ,COLLISION WITH MOTOR VEHICLE,OVERTAKING,TRAFFIC SIGNAL,DAYLIGHT,RAIN,WET
6836 ,34053435,MONROE,Rochester,,,Y,43.15438,-77.603196,09/21/2011,4:30 PM,INJURY,2.,0 ,2 ,COLLISION WITH MOTOR VEHICLE,REAR END,TRAFFIC SIGNAL,DAYLIGHT,CLEAR,DRY
6836 ,34053439,MONROE,Rochester,,,Y,43.164631,-77.642255,09/30/2011,9:58 AM,INJURY,1.,0 ,1 ,COLLISION WITH BICYCLIST,OTHER,TRAFFIC SIGNAL,DAYLIGHT,CLOUDY,DRY
6836 ,34053441,MONROE,Rochester,,,Y,43.186538,-77.587686,10/09/2011,8:13 AM,PROPERTY DAMAGE AND INJURY,2.,0 ,2 ,COLLISION WITH MOTOR VEHICLE,RIGHT ANGLE,STOP SIGN,DAYLIGHT,CLEAR,DRY
6836 ,34053453,MONROE,Rochester,,,Y,43.179212,-77.659079,10/08/2011,1:29 AM,PROPERTY DAMAGE AND INJURY,2.,0 ,2 ,COLLISION WITH MOTOR VEHICLE,REAR END,TRAFFIC SIGNAL,DARK-ROAD LIGHTED,CLEAR,DRY
6836 ,34053458,MONROE,Rochester,,,Y,43.183567,-77.619856,10/13/2011,2:37 PM,PROPERTY DAMAGE AND INJURY,2.,0 ,2 ,COLLISION WITH MOTOR VEHICLE,OVERTAKING,NONE,DAYLIGHT,CLOUDY,DRY
6836 ,34053461,MONROE,Rochester,,,Y,43.1694876,-77.5795694,10/10/2011,5:17 PM,PROPERTY DAMAGE AND INJURY,1.,0 ,2 ,COLLISION WITH MOTOR VEHICLE,REAR END,TRAFFIC SIGNAL,DAYLIGHT,CLEAR,DRY
6836 ,34053464,MONROE,Rochester,,,Y,43.157047,-77.548961,10/13/2011,7:45 AM,PROPERTY DAMAGE AND INJURY,1.,0 ,3 ,COLLISION WITH MOTOR VEHICLE,OTHER,TRAFFIC SIGNAL,DAWN,CLOUDY,DRY
6836 ,34053468,MONROE,Rochester,,,Y,43.18871,-77.628697,10/15/2011,2:30 PM,INJURY,1.,0 ,1 ,COLLISION WITH BICYCLIST,OTHER,NONE,DAYLIGHT,RAIN,WET
6836 ,34053469,MONROE,Rochester,,,Y,43.15221,-77.627705,06/04/2011,8:20 PM,PROPERTY DAMAGE AND INJURY,1.,0 ,2 ,COLLISION WITH MOTOR VEHICLE,RIGHT ANGLE,NONE,DUSK,CLEAR,DRY
6836 ,34053473,MONROE,Rochester,,,Y,43.236315,-77.557748,10/16/2011,3:41 PM,INJURY,1.,0 ,1 ,OTHER NON-COLLISION,OTHER,NONE,DAYLIGHT,CLOUDY,DRY
6836 ,34053478,MONROE,Rochester,,,N,43.1591157,-77.6595646,10/17/2011,5:36 PM,INJURY,1.,0 ,2 ,COLLISION WITH MOTOR VEHICLE,HEAD ON,NONE,DAYLIGHT,CLEAR,DRY
6836 ,34053488,MONROE,Rochester,,,Y,43.173852,-77.6590451,10/16/2011,9:13 PM,PROPERTY DAMAGE AND INJURY,2.,0 ,2 ,COLLISION WITH MOTOR VEHICLE,REAR END,TRAFFIC SIGNAL,DARK-ROAD LIGHTED,CLOUDY,WET
6836 ,34053489,MONROE,Rochester,,,N,43.1197557,-77.619873,10/15/2011,4:12 PM,PROPERTY DAMAGE AND INJURY,1.,0 ,2 ,COLLISION WITH MOTOR VEHICLE,OVERTAKING,NONE,DAYLIGHT,RAIN,WET
6836 ,34053622,MONROE,Webster,,,N,43.2014789,-77.4746275,10/12/2011,4:30 PM,PROPERTY DAMAGE AND INJURY,2.,0 ,2 ,COLLISION WITH MOTOR VEHICLE,REAR END,TRAFFIC SIGNAL,DAYLIGHT,CLOUDY,DRY
6836 ,34053632,MONROE,Webster,,,N,43.208624,-77.4609775,10/08/2011,7:14 PM,PROPERTY DAMAGE AND INJURY,1.,0 ,2 ,COLLISION WITH MOTOR VEHICLE,REAR END,TRAFFIC SIGNAL,DARK-ROAD UNLIGHTED,CLEAR,DRY
6836 ,34053643,MONROE,Penfield,,,N,43.1943052,-77.4623269,10/04/2011,7:20 AM,PROPERTY DAMAGE AND INJURY,3.,0 ,2 ,COLLISION WITH MOTOR VEHICLE,REAR END,NONE,DAYLIGHT,CLOUDY,WET
6836 ,34053645,MONROE,Perinton,,,N,43.041777,-77.462256,10/10/2011,11:05 PM,PROPERTY DAMAGE AND INJURY,3.,0 ,2 ,COLLISION WITH DEER,OTHER,NONE,DARK-ROAD LIGHTED,CLEAR,DRY
6836 ,34053649,MONROE,Henrietta,,15 43031097,N,43.0711954,-77.6453423,10/12/2011,4:50 PM,INJURY,1.,0 ,2 ,COLLISION WITH MOTOR VEHICLE,REAR END,TRAFFIC SIGNAL,DAYLIGHT,RAIN,WET
6836 ,34053651,MONROE,Pittsford,,,N,43.0575933,-77.5571149,10/09/2011,11:25 AM,INJURY,1.,0 ,1 ,COLLISION WITH BICYCLIST,OTHER,NO PASSING ZONE,DAYLIGHT,CLEAR,DRY
6836 ,34053653,MONROE,Chili,,390I43033001,N,43.1227154,-77.6486873,10/13/2011,9:41 AM,PROPERTY DAMAGE AND INJURY,1.,0 ,2 ,COLLISION WITH MOTOR VEHICLE,REAR END,NONE,DAYLIGHT,CLOUDY,DRY
6836 ,34053661,MONROE,Penfield,,104 43035058,N,43.1913267,-77.50314,10/12/2011,1:10 PM,PROPERTY DAMAGE AND INJURY,1.,0 ,2 ,COLLISION WITH MOTOR VEHICLE,SIDESWIPE,NONE,DAYLIGHT,RAIN,WET
6836 ,34053662,MONROE,Pittsford,,,N,43.0597863,-77.5729173,10/03/2011,8:10 AM,PROPERTY DAMAGE AND INJURY,2.,0 ,2 ,COLLISION WITH MOTOR VEHICLE,SIDESWIPE,NONE,DAYLIGHT,CLEAR,WET
6836 ,34053668,MONROE,Henrietta,,253 43011060,Y,43.058674,-77.652082,10/14/2011,6:25 AM,PROPERTY DAMAGE AND INJURY,2.,0 ,2 ,COLLISION WITH MOTOR VEHICLE,RIGHT ANGLE,TRAFFIC SIGNAL,DARK-ROAD LIGHTED,CLEAR,WET
6836 ,34053669,MONROE,Hamlin,,19 43041115,N,43.2947195,-77.9207906,10/13/2011,4:50 PM,INJURY,1.,0 ,2 ,COLLISION WITH MOTOR VEHICLE,REAR END,NONE,DAYLIGHT,CLEAR,DRY
6836 ,34053672,MONROE,Penfield,,441 43011045,N,43.1310794,-77.4559687,10/12/2011,6:05 PM,INJURY,2.,0 ,2 ,COLLISION WITH MOTOR VEHICLE,REAR END,NONE,DAYLIGHT,RAIN,WET
6836 ,34053679,MONROE,Gates,,,Y,43.178889,-77.7376201,10/17/2011,12:33 PM,PROPERTY DAMAGE AND INJURY,1.,0 ,2 ,COLLISION WITH MOTOR VEHICLE,RIGHT ANGLE,STOP SIGN,DAYLIGHT,CLEAR,DRY
6836 ,34053680,MONROE,Brighton,,,N,43.1152878,-77.5981113,10/17/2011,10:52 AM,PROPERTY DAMAGE AND INJURY,2.,0 ,3 ,COLLISION WITH MOTOR VEHICLE,OTHER,NONE,DAYLIGHT,CLEAR,DRY
6836 ,34053839,MONROE,Greece,,,Y,43.252881,-77.665415,10/13/2011,7:05 AM,PROPERTY DAMAGE AND INJURY,1.,0 ,1 ,COLLISION WITH PEDESTRIAN,OTHER,TRAFFIC SIGNAL,DAWN,CLOUDY,WET
6836 ,34053840,MONROE,Greece,,,N,43.212328,-77.7181428,10/14/2011,7:40 PM,PROPERTY DAMAGE AND INJURY,2.,0 ,2 ,COLLISION WITH MOTOR VEHICLE,LEFT TURN (AGAINST OTHER CAR),TRAFFIC SIGNAL,DARK-ROAD LIGHTED,RAIN,WET
6836 ,34054362,MONROE,Rochester,,,Y,43.203393,-77.5618341,10/14/2011,3:33 PM,INJURY,1.,0 ,1 ,COLLISION WITH PEDESTRIAN,OTHER,TRAFFIC SIGNAL,DAYLIGHT,RAIN,WET
6836 ,34054364,MONROE,Irondequoit,,,Y,43.247964,-77.608334,10/12/2011,7:35 PM,PROPERTY DAMAGE AND INJURY,3.,0 ,1 ,COLLISION WITH CURBING,OTHER,TRAFFIC SIGNAL,DARK-ROAD LIGHTED,RAIN,WET
6836 ,34054370,MONROE,Henrietta,,,N,43.091384,-77.6752724,10/16/2011,4:16 AM,PROPERTY DAMAGE AND INJURY,1.,0 ,1 ,COLLISION WITH TREE,OTHER,NONE,DARK-ROAD LIGHTED,CLOUDY,DRY
6836 ,34054375,MONROE,Henrietta,,,N,43.0255974,-77.6714102,10/17/2011,6:29 PM,PROPERTY DAMAGE AND INJURY,1.,0 ,1 ,COLLISION WITH DEER,OTHER,NONE,DARK-ROAD UNLIGHTED,CLOUDY,DRY
6836 ,34054498,MONROE,Irondequoit,,104 43035219,N,43.2085077,-77.5467284,10/13/2011,6:58 PM,PROPERTY DAMAGE AND INJURY,2.,0 ,2 ,COLLISION WITH MOTOR VEHICLE,REAR END,HIGHWAY WORK AREA,DARK-ROAD LIGHTED,CLOUDY,DRY
6836 ,34054504,MONROE,Webster,,,N,43.2137961,-77.4819832,10/09/2011,6:26 PM,PROPERTY DAMAGE AND INJURY,1.,0 ,1 ,COLL. W/EARTH ELE./ROCK CUT/DITCH,OTHER,NONE,DUSK,CLEAR,DRY
6836 ,34054693,MONROE,Greece,,,N,43.2159637,-77.7168414,10/17/2011,9:23 PM,INJURY,1.,0 ,1 ,COLL. W/LIGHT SUPPORT/UTILITY POLE,OTHER,NONE,DARK-ROAD LIGHTED,CLEAR,DRY
6836 ,34054939,MONROE,Rochester,,940K43011004,N,43.1575084,-77.6595651,10/15/2011,10:59 AM,PROPERTY DAMAGE AND INJURY,2.,0 ,3 ,COLLISION WITH MOTOR VEHICLE,OTHER,TRAFFIC SIGNAL,DAYLIGHT,RAIN,WET
6836 ,34055195,MONROE,Irondequoit,,,N,43.254562,-77.602493,10/06/2011,6:25 AM,INJURY,1.,0 ,1 ,COLLISION WITH CURBING,OTHER,NONE,DARK-ROAD LIGHTED,UNKNOWN,DRY
6836 ,34055199,MONROE,Henrietta,,,N,43.087869,-77.581942,10/18/2011,5:49 PM,PROPERTY DAMAGE AND INJURY,1.,0 ,2 ,COLLISION WITH MOTOR VEHICLE,RIGHT ANGLE,NONE,DUSK,CLEAR,DRY
6836 ,34055205,MONROE,Ogden,,,N,43.1558228,-77.8054613,10/15/2011,12:44 AM,PROPERTY DAMAGE AND INJURY,1.,0 ,1 ,COLLISION WITH CULVERT/HEADWALL,OTHER,NONE,DARK-ROAD LIGHTED,CLEAR,WET
6836 ,34055206,MONROE,Brighton,,,N,43.1026564,-77.5785213,10/19/2011,4:39 PM,PROPERTY DAMAGE AND INJURY,1.,0 ,2 ,COLLISION WITH MOTOR VEHICLE,REAR END,NONE,DAYLIGHT,CLOUDY,DRY
6836 ,34055210,MONROE,Clarkson,,104 43031007,N,43.2519077,-77.9833843,10/18/2011,9:08 PM,PROPERTY DAMAGE AND INJURY,1.,0 ,1 ,COLLISION WITH DEER,OTHER,NONE,DARK-ROAD UNLIGHTED,CLEAR,WET
6836 ,34055219,MONROE,Brighton,,,Y,43.115446,-77.591874,10/19/2011,12:20 PM,PROPERTY DAMAGE AND INJURY,2.,0 ,2 ,COLLISION WITH MOTOR VEHICLE,REAR END,TRAFFIC SIGNAL,DAYLIGHT,CLOUDY,WET
6836 ,34055222,MONROE,Penfield,,,N,43.1886631,-77.504554,10/19/2011,10:16 PM,PROPERTY DAMAGE AND INJURY,2.,0 ,2 ,COLLISION WITH MOTOR VEHICLE,LEFT TURN (AGAINST OTHER CAR),NONE,DARK-ROAD LIGHTED,CLOUDY,WET
6836 ,34055233,MONROE,Gates,,33 43031120,Y,43.147073,-77.711237,10/14/2011,2:21 PM,PROPERTY DAMAGE AND INJURY,1.,0 ,2 ,COLLISION WITH MOTOR VEHICLE,REAR END,TRAFFIC SIGNAL,DAYLIGHT,RAIN,WET
6836 ,34055248,MONROE,Rochester,,15 43032012,Y,43.130512,-77.614301,10/19/2011,4:36 PM,PROPERTY DAMAGE AND INJURY,2.,0 ,2 ,COLLISION WITH MOTOR VEHICLE,LEFT TURN (WITH OTHER CAR),TRAFFIC SIGNAL,DAYLIGHT,CLOUDY,DRY
6836 ,34055385,MONROE,Rochester,,,Y,43.19384,-77.638874,10/19/2011,11:47 PM,PROPERTY DAMAGE AND INJURY,2.,0 ,2 ,COLLISION WITH MOTOR VEHICLE,RIGHT ANGLE,TRAFFIC SIGNAL,DARK-ROAD LIGHTED,RAIN,WET
6836 ,34055557,MONROE,Perinton,,490I43023077,N,43.0536551,-77.4699199,10/14/2011,12:35 PM,PROPERTY DAMAGE AND INJURY,1.,0 ,1 ,COLLISION WITH GUIDE RAIL,OTHER,NONE,DAYLIGHT,RAIN,WET
6836 ,34055570,MONROE,Webster,,104 43035281,N,43.2193824,-77.4140069,10/19/2011,11:57 PM,PROPERTY DAMAGE AND INJURY,1.,0 ,1 ,COLLISION WITH DEER,OTHER,NONE,DARK-ROAD UNLIGHTED,CLOUDY,DRY
6836 ,34055655,MONROE,Rochester,,104 43031013,N,43.1936559,-77.5891874,10/14/2011,6:55 AM,PROPERTY DAMAGE AND INJURY,1.,0 ,1 ,COLL. W/EARTH ELE./ROCK CUT/DITCH,OTHER,NONE,DAWN,CLOUDY,WET
6836 ,34055875,MONROE,Gates,,390I43037001,N,43.1318593,-77.6614227,10/14/2011,4:05 PM,PROPERTY DAMAGE AND INJURY,1.,0 ,2 ,COLLISION WITH MOTOR VEHICLE,REAR END,NONE,DAYLIGHT,RAIN,WET
6836 ,34055938,MONROE,Rochester,,,Y,43.1437957,-77.6289791,10/19/2011,12:22 PM,INJURY,1.,0 ,1 ,COLLISION WITH PEDESTRIAN,OTHER,NONE,DAYLIGHT,CLEAR,DRY
6836 ,34056156,MONROE,Rochester,,,N,43.1574151,-77.643693,10/04/2011,11:01 PM,FATAL,0.,1 ,3 ,COLLISION WITH GUIDE RAIL,OTHER,YIELD SIGN,DARK-ROAD LIGHTED,CLEAR,DRY
6836 ,34056198,MONROE,Webster,,,Y,43.227547,-77.5156399,10/14/2011,7:59 AM,PROPERTY DAMAGE AND INJURY,1.,0 ,2 ,COLLISION WITH MOTOR VEHICLE,RIGHT ANGLE,STOP SIGN,DAYLIGHT,CLOUDY,WET
6836 ,34056279,MONROE,Rochester,,,N,43.1711913,-77.6210757,10/11/2011,9:03 AM,PROPERTY DAMAGE AND INJURY,2.,0 ,4 ,COLLISION WITH MOTOR VEHICLE,OTHER,NONE,DAYLIGHT,CLEAR,DRY
6836 ,34056282,MONROE,Rochester,,,N,43.2432959,-77.6189185,09/30/2011,8:44 PM,INJURY,1.,0 ,1 ,COLLISION WITH BICYCLIST,OTHER,NONE,DARK-ROAD UNLIGHTED,CLEAR,DRY
6836 ,34056283,MONROE,Rochester,,,N,43.1444652,-77.5952814,10/13/2011,11:08 PM,INJURY,1.,0 ,2 ,COLLISION WITH MOTOR VEHICLE,REAR END,NONE,DARK-ROAD LIGHTED,CLOUDY,DRY
6836 ,34056298,MONROE,Hamlin,,18 43031003,N,43.2988305,-77.9921707,10/08/2011,7:28 PM,PROPERTY DAMAGE AND INJURY,1.,0 ,1 ,COLL. W/EARTH ELE./ROCK CUT/DITCH,OTHER,NONE,DARK-ROAD UNLIGHTED,CLEAR,DRY
6836 ,34056302,MONROE,Henrietta,,15A43041238,Y,43.090894,-77.610588,10/12/2011,12:20 PM,INJURY,1.,0 ,2 ,COLLISION WITH MOTOR VEHICLE,REAR END,NONE,DAYLIGHT,CLOUDY,DRY
6836 ,34056372,MONROE,Greece,,104 43031173,N,43.2049827,-77.6657304,10/02/2011,4:45 PM,INJURY,1.,0 ,2 ,COLLISION WITH MOTOR VEHICLE,REAR END,TRAFFIC SIGNAL,DAYLIGHT,CLOUDY,DRY
6836 ,34056784,MONROE,Rochester,,,Y,43.159341,-77.64399,09/21/2011,11:45 AM,PROPERTY DAMAGE AND INJURY,1.,0 ,2 ,COLLISION WITH MOTOR VEHICLE,RIGHT ANGLE,TRAFFIC SIGNAL,DAYLIGHT,CLEAR,DRY
6836 ,34056786,MONROE,Rochester,,,N,43.1819645,-77.5691473,09/21/2011,8:28 PM,INJURY,1.,0 ,2 ,COLLISION WITH MOTOR VEHICLE,REAR END,NONE,DARK-ROAD LIGHTED,CLEAR,DRY