QUERYID,CASE #,REGN_CNTY_CDE,Municipality,MUNITYPE,REF_MRKR,ATINTERSECTION_IND,Lat,Long,,Time,Crash Type,Injuries,Fatalities,Number of Vehicles,ACCD_TYP,COLLISION_TYP,TRAF_CNTL,Light Condition,Weather Condition,Road Surface Condition
6836 ,34056787,MONROE,Greece,,,Y,43.222485,-77.641298,09/17/2011,1:13 PM,INJURY,1.,0 ,1 ,COLLISION WITH BICYCLIST,OTHER,STOP SIGN,DAYLIGHT,CLEAR,DRY
6836 ,34056795,MONROE,Rochester,,,N,43.1648905,-77.6234627,09/19/2011,1:59 PM,PROPERTY DAMAGE AND INJURY,1.,0 ,2 ,COLLISION WITH MOTOR VEHICLE,OVERTAKING,TRAFFIC SIGNAL,DAYLIGHT,CLEAR,DRY
6836 ,34056796,MONROE,Rochester,,,Y,43.135025,-77.636003,09/20/2011,11:38 AM,INJURY,1.,0 ,2 ,COLLISION WITH MOTOR VEHICLE,UNKNOWN,TRAFFIC SIGNAL,DAYLIGHT,CLOUDY,DRY
6836 ,34056797,MONROE,Rochester,,,Y,43.180585,-77.6079719,09/20/2011,6:44 PM,INJURY,1.,0 ,2 ,COLLISION WITH MOTOR VEHICLE,REAR END,NONE,DUSK,CLEAR,DRY
6836 ,34057056,MONROE,Rochester,,,Y,43.18439,-77.631243,09/27/2011,10:59 AM,PROPERTY DAMAGE AND INJURY,2.,0 ,2 ,COLLISION WITH MOTOR VEHICLE,LEFT TURN (AGAINST OTHER CAR),UNKNOWN,DAYLIGHT,CLOUDY,DRY
6836 ,34057073,MONROE,Rochester,,,Y,43.158259,-77.592753,09/22/2011,3:11 PM,INJURY,1.,0 ,2 ,COLLISION WITH MOTOR VEHICLE,RIGHT ANGLE,TRAFFIC SIGNAL,DAYLIGHT,CLEAR,DRY
6836 ,34057087,MONROE,Rochester,,,Y,43.129124,-77.6061079,09/26/2011,2:44 AM,PROPERTY DAMAGE AND INJURY,1.,0 ,1 ,COLLISION WITH TREE,OTHER,NONE,DARK-ROAD LIGHTED,CLEAR,DRY
6836 ,34057090,MONROE,Greece,,104 43031129,N,43.2171895,-77.7510376,09/23/2011,1:08 PM,INJURY,2.,0 ,3 ,COLLISION WITH MOTOR VEHICLE,OTHER,TRAFFIC SIGNAL,DAYLIGHT,CLOUDY,DRY
6836 ,34057166,MONROE,Rochester,,,Y,43.145403,-77.5916959,09/20/2011,8:41 PM,INJURY,1.,0 ,1 ,COLLISION WITH BICYCLIST,OTHER,NONE,DARK-ROAD LIGHTED,CLEAR,DRY
6836 ,34057579,MONROE,Chili,,,N,43.1061081,-77.7099789,10/14/2011,8:53 AM,INJURY,1.,0 ,1 ,COLLISION WITH PEDESTRIAN,OTHER,NONE,DAYLIGHT,CLOUDY,WET
6836 ,34057589,MONROE,Chili,,,N,43.1084372,-77.7848797,10/19/2011,2:24 PM,INJURY,1.,0 ,1 ,COLL. W/EARTH ELE./ROCK CUT/DITCH,OTHER,NONE,DAYLIGHT,CLOUDY,DRY
6836 ,34057604,MONROE,Greece,,18 43033000,N,43.2528791,-77.6358232,10/13/2011,3:10 PM,PROPERTY DAMAGE AND INJURY,2.,0 ,2 ,COLLISION WITH MOTOR VEHICLE,REAR END,NONE,DAYLIGHT,CLOUDY,DRY
6836 ,34057660,MONROE,Irondequoit,,,N,43.1957702,-77.6015572,10/20/2011,1:24 PM,INJURY,1.,0 ,2 ,COLLISION WITH MOTOR VEHICLE,RIGHT ANGLE,NO PASSING ZONE,DAYLIGHT,CLEAR,DRY
6836 ,34057677,MONROE,Clarkson,,104 43031026,N,43.2396221,-77.9503084,10/16/2011,1:37 AM,INJURY,1.,0 ,1 ,COLLISION WITH FENCE,OTHER,NONE,DARK-ROAD UNLIGHTED,CLOUDY,DRY
6836 ,34057736,MONROE,Rochester,,,Y,43.17976,-77.613589,10/19/2011,6:54 AM,INJURY,1.,0 ,1 ,COLLISION WITH PEDESTRIAN,OTHER,NONE,DARK-ROAD LIGHTED,RAIN,WET
6836 ,34057871,MONROE,Henrietta,,15 43031112,N,43.0912398,-77.6345718,10/20/2011,10:26 AM,PROPERTY DAMAGE AND INJURY,1.,0 ,2 ,COLLISION WITH MOTOR VEHICLE,REAR END,NONE,DAYLIGHT,CLOUDY,DRY
6836 ,34057889,MONROE,Brighton,,15A43041128,N,43.108007,-77.615937,10/20/2011,9:52 AM,PROPERTY DAMAGE AND INJURY,1.,0 ,3 ,COLLISION WITH MOTOR VEHICLE,OTHER,TRAFFIC SIGNAL,DAYLIGHT,CLOUDY,DRY
6836 ,34057988,MONROE,Churchville,,36 43031087,N,43.1038686,-77.8846914,10/17/2011,5:51 PM,INJURY,1.,0 ,2 ,COLLISION WITH MOTOR VEHICLE,RIGHT ANGLE,NONE,DAYLIGHT,CLOUDY,DRY
6836 ,34058214,MONROE,Greece,,104 43031135,N,43.2158755,-77.7392839,10/19/2011,4:52 PM,PROPERTY DAMAGE AND INJURY,3.,0 ,1 ,COLLISION WITH BUILDING/WALL,OTHER,NONE,DAYLIGHT,RAIN,WET
6836 ,34058219,MONROE,Greece,,18 43031166,Y,43.253421,-77.724154,10/20/2011,8:51 AM,PROPERTY DAMAGE AND INJURY,1.,0 ,2 ,COLLISION WITH MOTOR VEHICLE,REAR END,NONE,DAYLIGHT,CLOUDY,WET
6836 ,34058650,MONROE,Greece,,,Y,43.218438,-77.6854309,10/21/2011,8:48 AM,PROPERTY DAMAGE AND INJURY,1.,0 ,3 ,COLLISION WITH MOTOR VEHICLE,OTHER,STOP SIGN,DAYLIGHT,CLEAR,DRY
6836 ,34058651,MONROE,Greece,,,Y,43.238368,-77.679339,10/21/2011,6:31 PM,INJURY,2.,0 ,2 ,COLLISION WITH MOTOR VEHICLE,REAR END,TRAFFIC SIGNAL,DARK-ROAD LIGHTED,CLOUDY,DRY
6836 ,34058674,MONROE,Rochester,,31 43032058,Y,43.13778,-77.57826,10/22/2011,12:09 PM,PROPERTY DAMAGE AND INJURY,1.,0 ,2 ,COLLISION WITH MOTOR VEHICLE,RIGHT ANGLE,TRAFFIC SIGNAL,DAYLIGHT,CLEAR,DRY
6836 ,34058686,MONROE,Rochester,,,N,43.2532752,-77.6098379,10/23/2011,3:49 PM,INJURY,1.,0 ,1 ,RAN OFF ROAD ONLY,OTHER,NONE,DAYLIGHT,CLEAR,DRY
6836 ,34058688,MONROE,Rochester,,,Y,43.114487,-77.622557,10/21/2011,8:07 AM,INJURY,1.,0 ,2 ,COLLISION WITH MOTOR VEHICLE,RIGHT ANGLE,NONE,DAYLIGHT,CLEAR,WET
6836 ,34058689,MONROE,Rochester,,,Y,43.176367,-77.5573561,09/30/2011,10:39 AM,PROPERTY DAMAGE AND INJURY,1.,0 ,2 ,COLLISION WITH MOTOR VEHICLE,LEFT TURN (WITH OTHER CAR),TRAFFIC SIGNAL,DAYLIGHT,CLEAR,DRY
6836 ,34060080,MONROE,Irondequoit,,,Y,43.210642,-77.599488,09/06/2011,4:51 PM,PROPERTY DAMAGE AND INJURY,1.,0 ,2 ,COLLISION WITH MOTOR VEHICLE,LEFT TURN (AGAINST OTHER CAR),NONE,DAYLIGHT,CLOUDY,DRY
6836 ,34061110,MONROE,Rochester,,,Y,43.158788,-77.548029,08/23/2011,5:50 PM,INJURY,1.,0 ,2 ,COLLISION WITH MOTOR VEHICLE,REAR END,TRAFFIC SIGNAL,UNKNOWN,UNKNOWN,UNKNOWN
6836 ,34061121,MONROE,Perinton,,,Y,43.073117,-77.457286,07/15/2011,7:24 PM,FATAL,2.,1 ,2 ,COLLISION WITH MOTOR VEHICLE,RIGHT ANGLE,STOP SIGN,DAYLIGHT,CLEAR,DRY
6836 ,34061157,MONROE,Rochester,,,Y,43.193912,-77.6598301,09/12/2011,7:35 AM,PROPERTY DAMAGE AND INJURY,1.,0 ,2 ,COLLISION WITH MOTOR VEHICLE,RIGHT ANGLE,TRAFFIC SIGNAL,DAYLIGHT,CLEAR,DRY
6836 ,34061171,MONROE,Greece,,,N,43.2235208,-77.6777725,09/10/2011,1:04 PM,INJURY,1.,0 ,1 ,COLLISION WITH PEDESTRIAN,OTHER,TRAFFIC SIGNAL,DAYLIGHT,CLEAR,DRY
6836 ,34061174,MONROE,Rochester,,,Y,43.221512,-77.627994,09/17/2011,1:33 PM,PROPERTY DAMAGE AND INJURY,1.,0 ,2 ,COLLISION WITH MOTOR VEHICLE,REAR END,NONE,DAYLIGHT,CLEAR,DRY
6836 ,34061375,MONROE,Rochester,,,Y,43.139726,-77.5960489,09/28/2011,2:18 PM,PROPERTY DAMAGE AND INJURY,2.,0 ,3 ,COLLISION WITH MOTOR VEHICLE,OTHER,TRAFFIC SIGNAL,DAYLIGHT,RAIN,WET
6836 ,34061736,MONROE,Rochester,,,Y,43.167362,-77.616907,10/05/2011,5:40 PM,PROPERTY DAMAGE AND INJURY,1.,0 ,3 ,COLLISION WITH MOTOR VEHICLE,OTHER,TRAFFIC SIGNAL,DAYLIGHT,CLEAR,DRY
6836 ,34062118,MONROE,Webster,,,N,43.2112944,-77.4381298,10/24/2011,3:40 PM,PROPERTY DAMAGE AND INJURY,1.,0 ,2 ,COLLISION WITH MOTOR VEHICLE,RIGHT ANGLE,NONE,DAYLIGHT,RAIN,WET
6836 ,34062122,MONROE,Pittsford,,,Y,43.062926,-77.519738,10/22/2011,2:45 PM,PROPERTY DAMAGE AND INJURY,1.,0 ,2 ,COLLISION WITH MOTOR VEHICLE,REAR END,NONE,DAYLIGHT,CLOUDY,DRY
6836 ,34062695,MONROE,Rochester,,,N,43.1930828,-77.6214458,10/24/2011,4:24 PM,INJURY,1.,0 ,2 ,COLLISION WITH MOTOR VEHICLE,REAR END,NONE,DAYLIGHT,RAIN,WET
6836 ,34062702,MONROE,Rochester,,490I43022042,N,43.1433887,-77.5986063,10/14/2011,7:25 PM,PROPERTY DAMAGE AND INJURY,5.,0 ,1 ,COLLISION WITH MEDIAN/BARRIER,OTHER,NONE,DARK-ROAD LIGHTED,RAIN,WET
6836 ,34063182,MONROE,Sweden,,31 43031081,N,43.1888862,-77.8796338,09/23/2011,9:28 PM,FATAL,2.,2 ,2 ,COLLISION WITH MOTOR VEHICLE,HEAD ON,NONE,DARK-ROAD LIGHTED,CLOUDY,WET
6836 ,34064266,MONROE,Henrietta,,,Y,43.090811,-77.610576,07/13/2011,5:45 AM,PROPERTY DAMAGE AND INJURY,1.,0 ,1 ,COLLISION WITH BICYCLIST,OTHER,TRAFFIC SIGNAL,DARK-ROAD LIGHTED,CLEAR,DRY
6836 ,34064424,MONROE,Chili,,383 43011154,N,43.1213528,-77.6498036,10/21/2011,7:17 AM,PROPERTY DAMAGE AND INJURY,2.,0 ,2 ,COLLISION WITH MOTOR VEHICLE,LEFT TURN (AGAINST OTHER CAR),NONE,DAYLIGHT,CLEAR,DRY
6836 ,34064426,MONROE,Rochester,,104 43032028,N,43.1915304,-77.6090082,10/23/2011,8:05 AM,PROPERTY DAMAGE AND INJURY,1.,0 ,1 ,COLLISION WITH GUIDE RAIL,OTHER,NONE,DAYLIGHT,CLEAR,DRY
6836 ,34064720,MONROE,Greece,,104 43031154,N,43.2047738,-77.6644937,10/25/2011,6:50 AM,PROPERTY DAMAGE AND INJURY,1.,0 ,1 ,COLLISION WITH CURBING,OTHER,NONE,DARK-ROAD LIGHTED,CLOUDY,DRY
6836 ,34064726,MONROE,Greece,,,Y,43.221982,-77.6412901,10/25/2011,12:42 PM,INJURY,1.,0 ,1 ,COLLISION WITH BICYCLIST,OTHER,NONE,DAYLIGHT,CLOUDY,DRY
6836 ,34064727,MONROE,Greece,,,Y,43.242013,-77.646839,10/22/2011,1:26 PM,PROPERTY DAMAGE AND INJURY,1.,0 ,2 ,COLLISION WITH MOTOR VEHICLE,RIGHT ANGLE,TRAFFIC SIGNAL,DAYLIGHT,CLOUDY,DRY
6836 ,34065222,MONROE,Rochester,,,N,43.192069,-77.59989,10/23/2011,6:59 AM,PROPERTY DAMAGE AND INJURY,1.,0 ,2 ,COLLISION WITH MOTOR VEHICLE,UNKNOWN,TRAFFIC SIGNAL,DAWN,CLEAR,DRY
6836 ,34065230,MONROE,Rochester,,,N,43.1810741,-77.6317323,10/20/2011,9:50 AM,PROPERTY DAMAGE AND INJURY,1.,0 ,3 ,COLLISION WITH MOTOR VEHICLE,OTHER,NONE,DAYLIGHT,CLOUDY,DRY
6836 ,34065235,MONROE,Rochester,,,Y,43.1820466,-77.5992098,10/21/2011,8:47 PM,INJURY,1.,0 ,1 ,COLLISION WITH BICYCLIST,OTHER,NONE,DARK-ROAD UNLIGHTED,RAIN,WET
6836 ,34065242,MONROE,Rochester,,,Y,43.181641,-77.591495,10/26/2011,7:06 PM,INJURY,2.,0 ,2 ,COLLISION WITH MOTOR VEHICLE,RIGHT ANGLE,STOP SIGN,DARK-ROAD LIGHTED,RAIN,WET
6836 ,34065543,MONROE,Rochester,,,Y,43.158259,-77.592753,09/16/2011,9:15 AM,INJURY,1.,0 ,2 ,COLLISION WITH MOTOR VEHICLE,REAR END,TRAFFIC SIGNAL,DAYLIGHT,CLEAR,DRY
6836 ,34065834,MONROE,Rochester,,104 43032023,N,43.1921762,-77.6194686,10/13/2011,5:09 PM,PROPERTY DAMAGE AND INJURY,1.,0 ,1 ,COLLISION WITH OTHER BARRIER,OTHER,NONE,DAYLIGHT,CLEAR,DRY
6836 ,34065838,MONROE,Greece,,390 43011021,N,43.1879707,-77.6830369,10/22/2011,9:25 AM,PROPERTY DAMAGE AND INJURY,2.,0 ,1 ,COLL. W/LIGHT SUPPORT/UTILITY POLE,OTHER,NONE,DAYLIGHT,CLOUDY,DRY
6836 ,34066023,MONROE,Rochester,,,Y,43.161226,-77.610298,10/26/2011,2:21 PM,PROPERTY DAMAGE AND INJURY,1.,0 ,2 ,COLLISION WITH MOTOR VEHICLE,REAR END,TRAFFIC SIGNAL,DAYLIGHT,RAIN,WET
6836 ,34066036,MONROE,Greece,,,N,43.2234011,-77.6410455,10/21/2011,7:55 PM,INJURY,3.,0 ,2 ,COLLISION WITH MOTOR VEHICLE,REAR END,NONE,DARK-ROAD LIGHTED,RAIN,WET
6836 ,34066267,MONROE,Rochester,,,Y,43.159578,-77.5476011,10/26/2011,6:50 PM,INJURY,1.,0 ,1 ,COLLISION WITH PEDESTRIAN,OTHER,TRAFFIC SIGNAL,DARK-ROAD LIGHTED,RAIN,WET
6836 ,34066292,MONROE,Wheatland,,,N,43.0364966,-77.8110896,10/21/2011,2:43 PM,PROPERTY DAMAGE AND INJURY,4.,0 ,2 ,COLLISION WITH MOTOR VEHICLE,REAR END,NONE,DAYLIGHT,CLOUDY,DRY
6836 ,34066471,MONROE,Rochester,,,Y,43.148215,-77.5537771,10/25/2011,5:04 PM,PROPERTY DAMAGE AND INJURY,1.,0 ,2 ,COLLISION WITH MOTOR VEHICLE,LEFT TURN (AGAINST OTHER CAR),NONE,DAYLIGHT,RAIN,WET
6836 ,34067695,MONROE,Rochester,,490I43022003,N,43.1574986,-77.6679242,10/24/2011,3:54 PM,PROPERTY DAMAGE AND INJURY,1.,0 ,1 ,COLLISION WITH GUIDE RAIL,OTHER,NONE,DAYLIGHT,RAIN,WET
6836 ,34067697,MONROE,Webster,,,N,43.2145978,-77.4926087,10/25/2011,7:16 AM,PROPERTY DAMAGE AND INJURY,1.,0 ,2 ,COLLISION WITH MOTOR VEHICLE,REAR END,NONE,DAYLIGHT,CLEAR,DRY
6836 ,34067698,MONROE,Rochester,,390I43036001,N,43.1294799,-77.6602173,10/28/2011,7:32 AM,PROPERTY DAMAGE AND INJURY,1.,0 ,2 ,COLLISION WITH MOTOR VEHICLE,REAR END,NONE,DAYLIGHT,CLEAR,DRY
6836 ,34067702,MONROE,Rochester,,490I43022044,N,43.1423353,-77.5968982,10/29/2011,3:07 AM,PROPERTY DAMAGE AND INJURY,1.,0 ,1 ,COLLISION WITH OTHER BARRIER,OTHER,NONE,DARK-ROAD LIGHTED,CLEAR,DRY
6836 ,34068692,MONROE,Brighton,,252 43011047,Y,43.0923175,-77.679104,10/16/2011,7:49 AM,PROPERTY DAMAGE AND INJURY,2.,0 ,3 ,COLLISION WITH MOTOR VEHICLE,OTHER,TRAFFIC SIGNAL,DAYLIGHT,CLEAR,DRY
6836 ,34069146,MONROE,Rochester,,,N,43.1675371,-77.6254414,10/06/2011,4:00 PM,INJURY,1.,0 ,3 ,COLLISION WITH MOTOR VEHICLE,OTHER,NONE,DAYLIGHT,CLEAR,DRY
6836 ,34069228,MONROE,Rochester,,,N,43.1441674,-77.5895436,10/05/2011,4:35 PM,INJURY,1.,0 ,1 ,COLLISION WITH BICYCLIST,OTHER,NONE,DAYLIGHT,CLEAR,DRY
6836 ,34069237,MONROE,Rochester,,940K43011008,Y,43.15939,-77.65956,10/01/2011,11:53 AM,PROPERTY DAMAGE AND INJURY,1.,0 ,2 ,COLLISION WITH MOTOR VEHICLE,UNKNOWN,NONE,DAYLIGHT,CLOUDY,WET
6836 ,34069374,MONROE,Rochester,,,Y,43.147852,-77.6261059,10/16/2011,6:18 PM,INJURY,1.,0 ,2 ,COLLISION WITH MOTOR VEHICLE,RIGHT ANGLE,STOP SIGN,DARK-ROAD UNLIGHTED,RAIN,WET
6836 ,34070087,MONROE,Greece,,104 43031168,N,43.2066325,-77.6753517,10/26/2011,9:52 PM,INJURY,1.,0 ,1 ,COLLISION WITH CURBING,OTHER,NONE,DARK-ROAD LIGHTED,RAIN,WET
6836 ,34070089,MONROE,Greece,,104 43031135,Y,43.214716,-77.732804,10/11/2011,10:13 PM,PROPERTY DAMAGE AND INJURY,1.,0 ,1 ,COLL. W/LIGHT SUPPORT/UTILITY POLE,OTHER,NONE,DARK-ROAD LIGHTED,CLOUDY,DRY
6836 ,34070390,MONROE,Henrietta,,,N,43.0475511,-77.5840973,10/21/2011,6:20 AM,PROPERTY DAMAGE AND INJURY,1.,0 ,1 ,COLLISION WITH DEER,OTHER,NONE,DARK-ROAD UNLIGHTED,CLOUDY,DRY
6836 ,34070491,MONROE,Webster,,,Y,43.224296,-77.5107199,10/20/2011,7:44 AM,PROPERTY DAMAGE AND INJURY,1.,0 ,2 ,COLLISION WITH MOTOR VEHICLE,LEFT TURN (WITH OTHER CAR),NONE,DAYLIGHT,CLOUDY,WET
6836 ,34070492,MONROE,Gates,,,N,43.160228,-77.753848,10/25/2011,6:57 PM,PROPERTY DAMAGE AND INJURY,1.,0 ,2 ,COLLISION WITH MOTOR VEHICLE,RIGHT ANGLE,TRAFFIC SIGNAL,DARK-ROAD UNLIGHTED,RAIN,WET
6836 ,34070503,MONROE,Webster,,,N,43.2540363,-77.4029341,10/24/2011,6:11 PM,PROPERTY DAMAGE AND INJURY,1.,0 ,1 ,COLLISION WITH TREE,OTHER,NONE,DARK-ROAD UNLIGHTED,RAIN,WET
6836 ,34070505,MONROE,Brighton,,15A43041128,N,43.1077322,-77.6159259,10/25/2011,5:36 PM,PROPERTY DAMAGE AND INJURY,1.,0 ,2 ,COLLISION WITH MOTOR VEHICLE,REAR END,TRAFFIC SIGNAL,DAYLIGHT,RAIN,WET
6836 ,34070509,MONROE,Rush,,,N,43.0170977,-77.6676583,10/23/2011,11:19 PM,INJURY,1.,0 ,1 ,COLLISION WITH DEER,OTHER,NONE,DARK-ROAD UNLIGHTED,CLEAR,DRY
6836 ,34070520,MONROE,Chili,,252 43011032,N,43.091911,-77.7084867,10/25/2011,3:40 PM,PROPERTY DAMAGE AND INJURY,2.,0 ,4 ,COLLISION WITH MOTOR VEHICLE,OTHER,TRAFFIC SIGNAL,DAYLIGHT,CLOUDY,DRY
6836 ,34070527,MONROE,Ogden,,36 43031137,Y,43.165316,-77.8554389,10/28/2011,4:18 PM,PROPERTY DAMAGE AND INJURY,1.,0 ,1 ,COLLISION WITH TREE,OTHER,STOP SIGN,DAYLIGHT,CLEAR,DRY
6836 ,34070529,MONROE,Ogden,,36 43031153,N,43.1881821,-77.8541678,10/28/2011,6:13 PM,INJURY,1.,0 ,2 ,COLLISION WITH MOTOR VEHICLE,REAR END,NONE,DUSK,CLEAR,DRY
6836 ,34070545,MONROE,Brighton,,590I43011013,N,43.1082373,-77.5843455,10/26/2011,4:35 PM,PROPERTY DAMAGE AND INJURY,1.,0 ,2 ,COLLISION WITH MOTOR VEHICLE,REAR END,NONE,DUSK,RAIN,WET
6836 ,34070549,MONROE,Webster,,,N,43.2390409,-77.3875785,10/25/2011,12:26 AM,PROPERTY DAMAGE AND INJURY,1.,0 ,1 ,COLL. W/LIGHT SUPPORT/UTILITY POLE,OTHER,NONE,DARK-ROAD UNLIGHTED,CLEAR,DRY
6836 ,34070582,MONROE,Perinton,,31 43033066,N,43.0776509,-77.4777302,10/26/2011,6:37 PM,INJURY,1.,0 ,2 ,COLLISION WITH MOTOR VEHICLE,OVERTAKING,NONE,DARK-ROAD LIGHTED,RAIN,WET
6836 ,34070583,MONROE,Henrietta,,,N,43.0847909,-77.6247002,10/26/2011,10:19 PM,INJURY,1.,0 ,1 ,COLL. W/LIGHT SUPPORT/UTILITY POLE,OTHER,NONE,DARK-ROAD LIGHTED,RAIN,WET
6836 ,34070596,MONROE,Parma,,104 43031026,N,43.218083,-77.8023857,10/22/2011,7:08 PM,PROPERTY DAMAGE AND INJURY,1.,0 ,3 ,COLLISION WITH MOTOR VEHICLE,OTHER,NONE,DARK-ROAD UNLIGHTED,CLOUDY,DRY
6836 ,34070598,MONROE,Gates,,390I43037013,N,43.14641,-77.675858,10/26/2011,5:09 PM,PROPERTY DAMAGE AND INJURY,1.,0 ,2 ,COLLISION WITH MOTOR VEHICLE,REAR END,NONE,DAYLIGHT,RAIN,WET
6836 ,34070603,MONROE,Brighton,,390I43031130,N,43.1064375,-77.6011871,10/26/2011,3:30 PM,PROPERTY DAMAGE AND INJURY,1.,0 ,2 ,COLLISION WITH GUIDE RAIL,OTHER,NONE,DAYLIGHT,RAIN,WET
6836 ,34070605,MONROE,Pittsford,,252 43011118,N,43.0872428,-77.541519,10/29/2011,4:00 AM,PROPERTY DAMAGE AND INJURY,1.,0 ,1 ,COLLISION WITH OTHER,OTHER,NONE,DARK-ROAD UNLIGHTED,CLEAR,DRY
6836 ,34070607,MONROE,Perinton,,31 43033062,N,43.0788143,-77.4854499,10/27/2011,8:42 PM,PROPERTY DAMAGE AND INJURY,1.,0 ,2 ,COLLISION WITH MOTOR VEHICLE,REAR END,TRAFFIC SIGNAL,DARK-ROAD LIGHTED,CLOUDY,DRY
6836 ,34070610,MONROE,Pittsford,,31F43011011,N,43.1079646,-77.498966,10/24/2011,4:16 PM,PROPERTY DAMAGE AND INJURY,1.,0 ,3 ,COLLISION WITH MOTOR VEHICLE,OTHER,STOP SIGN,DAYLIGHT,CLOUDY,WET
6836 ,34070611,MONROE,Henrietta,,252 43011097,N,43.0870345,-77.5824037,10/26/2011,1:14 PM,INJURY,1.,0 ,2 ,COLLISION WITH MOTOR VEHICLE,REAR END,TRAFFIC SIGNAL,DAYLIGHT,RAIN,WET
6836 ,34070614,MONROE,Irondequoit,,,Y,43.199078,-77.577022,10/28/2011,3:43 PM,INJURY,1.,0 ,2 ,COLLISION WITH MOTOR VEHICLE,REAR END,TRAFFIC SIGNAL,DAYLIGHT,CLEAR,DRY
6836 ,34070617,MONROE,Gates,,490I43021179,N,43.156307,-77.681779,10/26/2011,6:54 AM,PROPERTY DAMAGE AND INJURY,1.,0 ,2 ,COLLISION WITH MOTOR VEHICLE,REAR END,NONE,DARK-ROAD LIGHTED,RAIN,WET
6836 ,34070625,MONROE,Parma,,,N,43.2892409,-77.7714672,10/25/2011,4:03 PM,PROPERTY DAMAGE AND INJURY,2.,0 ,3 ,COLLISION WITH MOTOR VEHICLE,OTHER,NONE,DAYLIGHT,CLOUDY,DRY
6836 ,34070626,MONROE,Irondequoit,,,N,43.2033362,-77.5621162,10/22/2011,12:04 PM,PROPERTY DAMAGE AND INJURY,2.,0 ,2 ,COLLISION WITH MOTOR VEHICLE,RIGHT ANGLE,NONE,DAYLIGHT,CLOUDY,DRY
6836 ,34070637,MONROE,Brighton,,,Y,43.100374,-77.614908,10/28/2011,9:24 AM,PROPERTY DAMAGE AND INJURY,1.,0 ,1 ,OVERTURNED,OTHER,NONE,DAYLIGHT,CLEAR,SNOW/ICE
6836 ,34070641,MONROE,Rochester,,,Y,43.194506,-77.5613491,10/22/2011,2:30 PM,INJURY,1.,0 ,2 ,COLLISION WITH MOTOR VEHICLE,REAR END,NONE,DAYLIGHT,CLOUDY,DRY
6836 ,34070642,MONROE,Brighton,,,N,43.1166746,-77.5487931,10/30/2011,8:38 PM,PROPERTY DAMAGE AND INJURY,1.,0 ,2 ,COLLISION WITH MOTOR VEHICLE,RIGHT ANGLE,NONE,DARK-ROAD UNLIGHTED,CLEAR,DRY
6836 ,34070652,MONROE,Brighton,,15 43031114,N,43.0947801,-77.6326879,10/28/2011,5:33 PM,INJURY,1.,0 ,1 ,COLLISION WITH BICYCLIST,OTHER,TRAFFIC SIGNAL,DAYLIGHT,CLEAR,DRY
6836 ,34070653,MONROE,Brighton,,15 43031125,Y,43.108901,-77.625418,10/26/2011,10:30 AM,INJURY,1.,0 ,2 ,COLLISION WITH MOTOR VEHICLE,REAR END,TRAFFIC SIGNAL,DAYLIGHT,RAIN,WET
6836 ,34070655,MONROE,Brighton,,,Y,43.101575,-77.5654059,10/28/2011,12:01 PM,PROPERTY DAMAGE AND INJURY,1.,0 ,2 ,COLLISION WITH MOTOR VEHICLE,RIGHT ANGLE,STOP SIGN,DAYLIGHT,CLEAR,DRY
6836 ,34070661,MONROE,Brighton,,31 43033017,Y,43.116512,-77.553734,10/28/2011,7:19 PM,PROPERTY DAMAGE AND INJURY,1.,0 ,2 ,COLLISION WITH MOTOR VEHICLE,RIGHT ANGLE,TRAFFIC SIGNAL,DARK-ROAD LIGHTED,CLOUDY,DRY
6836 ,34070667,MONROE,Gates,,,N,43.1675965,-77.6973712,10/27/2011,5:41 PM,PROPERTY DAMAGE AND INJURY,1.,0 ,3 ,COLLISION WITH MOTOR VEHICLE,OTHER,NONE,DUSK,CLOUDY,WET
6836 ,34070701,MONROE,Webster,,104 43035064,N,43.2003792,-77.4983353,10/27/2011,8:05 AM,PROPERTY DAMAGE AND INJURY,1.,0 ,2 ,COLLISION WITH MOTOR VEHICLE,OVERTAKING,NONE,DAWN,CLOUDY,DRY
6836 ,34070709,MONROE,Rochester,,,Y,43.1583499,-77.632236,10/28/2011,6:46 PM,INJURY,2.,0 ,2 ,COLLISION WITH MOTOR VEHICLE,OVERTAKING,NONE,DUSK,CLEAR,DRY
6836 ,34070713,MONROE,Rochester,,,Y,43.157841,-77.614646,10/28/2011,12:39 PM,INJURY,1.,0 ,1 ,COLLISION WITH PEDESTRIAN,OTHER,TRAFFIC SIGNAL,DAYLIGHT,CLEAR,DRY
6836 ,34070720,MONROE,Rochester,,,Y,43.171599,-77.643015,10/28/2011,8:59 PM,INJURY,1.,0 ,1 ,OTHER NON-COLLISION,OTHER,NONE,DARK-ROAD LIGHTED,CLEAR,DRY
6836 ,34070727,MONROE,Rochester,,,N,43.1245957,-77.6175316,09/19/2011,8:02 AM,PROPERTY DAMAGE AND INJURY,2.,0 ,2 ,COLLISION WITH MOTOR VEHICLE,RIGHT ANGLE,TRAFFIC SIGNAL,DAYLIGHT,CLEAR,DRY
6836 ,34070762,MONROE,Irondequoit,,47 43013018,N,43.1931039,-77.5455175,10/29/2011,12:45 PM,PROPERTY DAMAGE AND INJURY,1.,0 ,2 ,COLLISION WITH MOTOR VEHICLE,REAR END,HIGHWAY WORK AREA,DAYLIGHT,CLOUDY,DRY
6836 ,34071157,MONROE,Gates,,390I43031126,N,43.136451,-77.6652275,10/03/2011,8:54 AM,PROPERTY DAMAGE AND INJURY,2.,0 ,3 ,COLLISION WITH MOTOR VEHICLE,OTHER,NONE,DAYLIGHT,CLEAR,WET