QUERYID,CASE #,REGN_CNTY_CDE,Municipality,MUNITYPE,REF_MRKR,ATINTERSECTION_IND,Lat,Long,,Time,Crash Type,Injuries,Fatalities,Number of Vehicles,ACCD_TYP,COLLISION_TYP,TRAF_CNTL,Light Condition,Weather Condition,Road Surface Condition
6836 ,34071164,MONROE,Rochester,,,Y,43.157058,-77.602375,09/29/2011,12:22 PM,INJURY,1.,0 ,2 ,COLLISION WITH MOTOR VEHICLE,REAR END,NONE,DAYLIGHT,CLOUDY,WET
6836 ,34071165,MONROE,Rochester,,,N,43.1142735,-77.6161772,09/30/2011,1:25 PM,INJURY,1.,0 ,2 ,COLLISION WITH MOTOR VEHICLE,REAR END,NONE,DAYLIGHT,CLOUDY,DRY
6836 ,34071166,MONROE,Rochester,,,Y,43.170034,-77.613081,09/30/2011,3:34 PM,INJURY,1.,0 ,1 ,COLLISION WITH BICYCLIST,OTHER,YIELD SIGN,DAYLIGHT,CLEAR,DRY
6836 ,34071219,MONROE,Rochester,,,Y,43.146246,-77.558574,09/29/2011,7:34 PM,INJURY,1.,0 ,1 ,COLLISION WITH PEDESTRIAN,OTHER,TRAFFIC SIGNAL,DARK-ROAD LIGHTED,CLEAR,DRY
6836 ,34071514,MONROE,Pittsford,,31 43033026,N,43.1072067,-77.5428704,10/27/2011,9:55 PM,INJURY,1.,0 ,1 ,COLLISION WITH PEDESTRIAN,OTHER,NONE,DARK-ROAD LIGHTED,CLEAR,DRY
6836 ,34071519,MONROE,Pittsford,,,N,43.09304,-77.52122,10/25/2011,1:00 PM,INJURY,1.,0 ,2 ,COLLISION WITH MOTOR VEHICLE,REAR END,RR CROSSING GATES,DAYLIGHT,RAIN,WET
6836 ,34071810,MONROE,Rochester,,,N,43.1283001,-77.6463812,09/11/2011,12:06 PM,PROPERTY DAMAGE AND INJURY,1.,0 ,2 ,COLLISION WITH MOTOR VEHICLE,REAR END,NONE,DAYLIGHT,CLOUDY,DRY
6836 ,34071816,MONROE,Greece,,,Y,43.217574,-77.653755,09/08/2011,4:49 PM,PROPERTY DAMAGE AND INJURY,1.,0 ,2 ,COLLISION WITH MOTOR VEHICLE,RIGHT ANGLE,STOP SIGN,DAYLIGHT,CLOUDY,DRY
6836 ,34071824,MONROE,Rochester,,,Y,43.139361,-77.636009,09/13/2011,9:38 AM,PROPERTY DAMAGE AND INJURY,2.,0 ,2 ,COLLISION WITH MOTOR VEHICLE,UNKNOWN,STOP SIGN,DAYLIGHT,CLEAR,DRY
6836 ,34071833,MONROE,Rochester,,,Y,43.153081,-77.611395,09/14/2011,11:45 AM,INJURY,1.,0 ,1 ,COLLISION WITH BICYCLIST,OTHER,NONE,DAYLIGHT,CLEAR,DRY
6836 ,34071834,MONROE,Rochester,,,Y,43.18167,-77.638837,09/19/2011,8:07 AM,PROPERTY DAMAGE AND INJURY,3.,0 ,2 ,COLLISION WITH MOTOR VEHICLE,RIGHT ANGLE,STOP SIGN,DAYLIGHT,CLEAR,DRY
6836 ,34072175,MONROE,East Rochester,,,N,43.1153997,-77.4940076,10/02/2011,6:15 AM,PROPERTY DAMAGE AND INJURY,1.,0 ,3 ,COLLISION WITH MOTOR VEHICLE,OTHER,NONE,DARK-ROAD LIGHTED,RAIN,WET
6836 ,34072655,MONROE,Perinton,,,Y,43.06478,-77.4348761,09/20/2011,12:00 AM,PROPERTY DAMAGE AND INJURY,1.,0 ,1 ,COLLISION WITH OTHER,OTHER,NONE,DUSK,CLEAR,DRY
6836 ,34072970,MONROE,Rochester,,,Y,43.153893,-77.620433,10/18/2011,12:37 PM,PROPERTY DAMAGE AND INJURY,4.,0 ,2 ,COLLISION WITH MOTOR VEHICLE,LEFT TURN (AGAINST OTHER CAR),TRAFFIC SIGNAL,DAYLIGHT,CLOUDY,DRY
6836 ,34072971,MONROE,Rochester,,,N,43.1809384,-77.6313632,10/20/2011,1:20 PM,INJURY,2.,0 ,1 ,COLLISION WITH TREE,OTHER,NONE,DAYLIGHT,CLOUDY,DRY
6836 ,34072972,MONROE,Rochester,,,Y,43.153081,-77.611395,10/07/2011,8:47 AM,INJURY,1.,0 ,1 ,COLLISION WITH PEDESTRIAN,OTHER,TRAFFIC SIGNAL,DAYLIGHT,CLEAR,DRY
6836 ,34073838,MONROE,Webster,,104 43035237,N,43.2143734,-77.4957728,10/30/2011,2:25 AM,PROPERTY DAMAGE AND INJURY,1.,0 ,1 ,COLLISION WITH GUIDE RAIL,OTHER,NONE,DARK-ROAD UNLIGHTED,CLOUDY,DRY
6836 ,34073840,MONROE,Webster,,,Y,43.200428,-77.511132,10/29/2011,5:06 PM,INJURY,2.,0 ,2 ,COLLISION WITH MOTOR VEHICLE,REAR END,NONE,DAYLIGHT,CLOUDY,DRY
6836 ,34073842,MONROE,Hamlin,,947A43021081,N,43.3455357,-77.8403968,10/31/2011,2:16 AM,PROPERTY DAMAGE AND INJURY,1.,0 ,1 ,COLLISION WITH DEER,OTHER,NONE,DARK-ROAD UNLIGHTED,CLEAR,DRY
6836 ,34073844,MONROE,Henrietta,,15A43041128,N,43.084328,-77.608078,10/31/2011,2:37 PM,PROPERTY DAMAGE AND INJURY,1.,0 ,2 ,COLLISION WITH MOTOR VEHICLE,LEFT TURN (AGAINST OTHER CAR),TRAFFIC SIGNAL,DAYLIGHT,CLEAR,DRY
6836 ,34073849,MONROE,Clarkson,,104 43031063,N,43.2250391,-77.8803517,10/31/2011,4:00 AM,PROPERTY DAMAGE AND INJURY,1.,0 ,1 ,COLLISION WITH GUIDE RAIL,OTHER,NONE,DARK-ROAD UNLIGHTED,CLEAR,DRY
6836 ,34073851,MONROE,Perinton,,,Y,43.068528,-77.432141,10/22/2011,6:55 PM,INJURY,1.,0 ,2 ,COLLISION WITH MOTOR VEHICLE,REAR END,TRAFFIC SIGNAL,DARK-ROAD LIGHTED,CLOUDY,DRY
6836 ,34073855,MONROE,Brighton,,15A43041125,Y,43.1028134,-77.6152691,10/31/2011,12:17 PM,INJURY,2.,0 ,3 ,COLLISION WITH MOTOR VEHICLE,OTHER,NONE,DAYLIGHT,CLOUDY,DRY
6836 ,34073859,MONROE,Brighton,,31 43033004,N,43.1306615,-77.5692851,10/31/2011,11:50 AM,PROPERTY DAMAGE AND INJURY,1.,0 ,2 ,COLLISION WITH MOTOR VEHICLE,REAR END,NONE,DAYLIGHT,CLOUDY,DRY
6836 ,34074201,MONROE,Rochester,,,Y,43.141729,-77.612856,11/01/2011,5:16 PM,PROPERTY DAMAGE AND INJURY,2.,0 ,2 ,COLLISION WITH OTHER PEDESTRIAN,OTHER,STOP SIGN,DAYLIGHT,CLEAR,DRY
6836 ,34074205,MONROE,Rochester,,,Y,43.114684,-77.616216,10/24/2011,3:55 PM,PROPERTY DAMAGE AND INJURY,1.,0 ,2 ,COLLISION WITH MOTOR VEHICLE,LEFT TURN (WITH OTHER CAR),TRAFFIC SIGNAL,DAYLIGHT,CLOUDY,DRY
6836 ,34074207,MONROE,Rochester,,,N,43.124634,-77.6175109,10/31/2011,6:36 PM,INJURY,1.,0 ,1 ,COLLISION WITH BICYCLIST,OTHER,TRAFFIC SIGNAL,DARK-ROAD LIGHTED,CLOUDY,DRY
6836 ,34075161,MONROE,Pittsford,,,Y,43.120057,-77.520312,09/02/2011,1:15 PM,PROPERTY DAMAGE AND INJURY,3.,0 ,2 ,COLLISION WITH MOTOR VEHICLE,REAR END,NONE,DAYLIGHT,CLEAR,DRY
6836 ,34075668,MONROE,Greece,,,N,43.2419669,-77.6395897,10/30/2011,2:47 AM,PROPERTY DAMAGE AND INJURY,1.,0 ,1 ,COLL. W/LIGHT SUPPORT/UTILITY POLE,OTHER,NONE,DARK-ROAD LIGHTED,CLEAR,DRY
6836 ,34075670,MONROE,Greece,,104 43031159,Y,43.209859,-77.6959401,10/30/2011,5:51 PM,INJURY,1.,0 ,2 ,COLLISION WITH MOTOR VEHICLE,RIGHT ANGLE,TRAFFIC SIGNAL,DUSK,CLEAR,DRY
6836 ,34075671,MONROE,Greece,,104 43031139,Y,43.214716,-77.732804,10/31/2011,7:20 PM,PROPERTY DAMAGE AND INJURY,2.,0 ,2 ,COLLISION WITH MOTOR VEHICLE,LEFT TURN (AGAINST OTHER CAR),NONE,DARK-ROAD LIGHTED,CLOUDY,DRY
6836 ,34075698,MONROE,Rochester,,,Y,43.118618,-77.622414,11/01/2011,10:52 AM,PROPERTY DAMAGE AND INJURY,3.,0 ,2 ,COLLISION WITH MOTOR VEHICLE,LEFT TURN (AGAINST OTHER CAR),STOP SIGN,DAYLIGHT,CLEAR,DRY
6836 ,34075700,MONROE,Rochester,,,Y,43.186572,-77.6225501,11/02/2011,8:37 PM,PROPERTY DAMAGE AND INJURY,1.,0 ,1 ,COLL. W/LIGHT SUPPORT/UTILITY POLE,OTHER,NONE,DARK-ROAD LIGHTED,CLEAR,DRY
6836 ,34075701,MONROE,Rochester,,,Y,43.173852,-77.6590451,11/02/2011,2:22 PM,INJURY,3.,0 ,2 ,COLLISION WITH MOTOR VEHICLE,RIGHT ANGLE,TRAFFIC SIGNAL,DAYLIGHT,CLEAR,DRY
6836 ,34075704,MONROE,Rochester,,,N,43.1686364,-77.6551168,11/01/2011,11:40 PM,PROPERTY DAMAGE AND INJURY,1.,0 ,2 ,COLLISION WITH MOTOR VEHICLE,UNKNOWN,STOP SIGN,DARK-ROAD LIGHTED,CLOUDY,DRY
6836 ,34075706,MONROE,Rochester,,940M43011005,Y,43.171734,-77.6280679,11/01/2011,10:04 PM,INJURY,1.,0 ,1 ,COLLISION WITH PEDESTRIAN,OTHER,TRAFFIC SIGNAL,DARK-ROAD LIGHTED,CLEAR,DRY
6836 ,34076144,MONROE,Brighton,,,Y,43.125324,-77.60109,11/02/2011,4:50 PM,PROPERTY DAMAGE AND INJURY,4.,0 ,2 ,COLLISION WITH MOTOR VEHICLE,LEFT TURN (WITH OTHER CAR),STOP SIGN,DAYLIGHT,CLEAR,DRY
6836 ,34076245,MONROE,Brighton,,65 43031147,Y,43.138221,-77.5404441,10/22/2011,3:05 PM,PROPERTY DAMAGE AND INJURY,3.,0 ,3 ,COLLISION WITH MOTOR VEHICLE,OTHER,TRAFFIC SIGNAL,DAYLIGHT,CLOUDY,DRY
6836 ,34076247,MONROE,Brighton,,15A43041001,Y,43.106025,-77.6159059,11/03/2011,11:01 AM,PROPERTY DAMAGE AND INJURY,1.,0 ,2 ,COLLISION WITH MOTOR VEHICLE,REAR END,TRAFFIC SIGNAL,DAYLIGHT,CLOUDY,DRY
6836 ,34076288,MONROE,Pittsford,,490I43023036,N,43.1060073,-77.5062896,10/20/2011,8:25 PM,PROPERTY DAMAGE AND INJURY,1.,0 ,1 ,COLLISION WITH DEER,OTHER,NONE,DARK-ROAD LIGHTED,CLOUDY,DRY
6836 ,34076292,MONROE,Chili,,,Y,43.111987,-77.762003,10/16/2011,11:15 AM,PROPERTY DAMAGE AND INJURY,2.,0 ,2 ,COLLISION WITH MOTOR VEHICLE,HEAD ON,STOP SIGN,DAYLIGHT,CLOUDY,DRY
6836 ,34076310,MONROE,Henrietta,,,N,43.0906668,-77.5819802,10/20/2011,9:53 AM,INJURY,1.,0 ,2 ,COLLISION WITH MOTOR VEHICLE,REAR END,NONE,DAYLIGHT,CLOUDY,WET
6836 ,34076314,MONROE,Gates,,,Y,43.164702,-77.688016,10/26/2011,8:21 PM,PROPERTY DAMAGE AND INJURY,1.,0 ,2 ,COLLISION WITH MOTOR VEHICLE,RIGHT ANGLE,TRAFFIC SIGNAL,DARK-ROAD LIGHTED,RAIN,WET
6836 ,34076315,MONROE,Rush,,,Y,42.961381,-77.639329,10/31/2011,3:35 PM,INJURY,2.,0 ,3 ,COLLISION WITH MOTOR VEHICLE,OTHER,STOP SIGN,DAYLIGHT,CLEAR,DRY
6836 ,34076324,MONROE,Perinton,,,Y,43.068013,-77.392019,10/03/2011,9:57 PM,INJURY,1.,0 ,1 ,COLLISION WITH PEDESTRIAN,OTHER,NONE,DARK-ROAD UNLIGHTED,RAIN,WET
6836 ,34076333,MONROE,Perinton,,31F43011073,N,43.094108,-77.392565,11/01/2011,5:01 PM,PROPERTY DAMAGE AND INJURY,1.,0 ,2 ,COLLISION WITH MOTOR VEHICLE,RIGHT ANGLE,STOP SIGN,DAYLIGHT,CLEAR,DRY
6836 ,34076336,MONROE,Gates,,390I43031011,N,43.1415376,-77.6706892,10/21/2011,8:00 AM,INJURY,1.,0 ,2 ,COLLISION WITH MOTOR VEHICLE,REAR END,NONE,DAYLIGHT,CLOUDY,WET
6836 ,34076337,MONROE,Gates,,,Y,43.149896,-77.690964,10/26/2011,7:50 AM,INJURY,1.,0 ,1 ,COLLISION WITH PEDESTRIAN,OTHER,TRAFFIC SIGNAL,DARK-ROAD LIGHTED,RAIN,WET
6836 ,34076349,MONROE,Brighton,,,Y,43.106751,-77.6189127,11/03/2011,6:18 AM,INJURY,1.,0 ,1 ,COLLISION WITH CURBING,OTHER,NONE,DARK-ROAD LIGHTED,CLEAR,DRY
6836 ,34076358,MONROE,Henrietta,,252 43011085,N,43.0871509,-77.606328,10/21/2011,7:00 AM,INJURY,1.,0 ,3 ,COLLISION WITH MOTOR VEHICLE,OTHER,NONE,DAWN,CLOUDY,WET
6836 ,34076359,MONROE,Wheatland,,,Y,43.0327727,-77.796829,10/14/2011,12:22 PM,PROPERTY DAMAGE AND INJURY,1.,0 ,1 ,COLLISION WITH TREE,OTHER,NONE,DAYLIGHT,RAIN,WET
6836 ,34076379,MONROE,Penfield,,,N,43.1601654,-77.4414506,10/11/2011,10:51 PM,PROPERTY DAMAGE AND INJURY,2.,0 ,1 ,COLLISION WITH TREE,OTHER,NONE,DARK-ROAD UNLIGHTED,CLEAR,DRY
6836 ,34076419,MONROE,Rochester,,940D43011002,N,43.151891,-77.614168,10/27/2011,1:15 PM,PROPERTY DAMAGE AND INJURY,1.,0 ,1 ,COLLISION WITH OTHER BARRIER,OTHER,NONE,DAYLIGHT,RAIN,WET
6836 ,34076465,MONROE,Greece,,104 43031170,Y,43.205948,-77.6718329,11/02/2011,9:33 AM,PROPERTY DAMAGE AND INJURY,1.,0 ,2 ,COLLISION WITH MOTOR VEHICLE,REAR END,TRAFFIC SIGNAL,DAYLIGHT,CLEAR,DRY
6836 ,34076485,MONROE,Brighton,,,N,43.0951188,-77.6040077,10/26/2011,7:42 AM,PROPERTY DAMAGE AND INJURY,1.,0 ,2 ,COLLISION WITH MOTOR VEHICLE,RIGHT ANGLE,TRAFFIC SIGNAL,DAWN,RAIN,WET
6836 ,34076519,MONROE,Henrietta,,,N,43.0875947,-77.5819405,10/20/2011,5:36 PM,PROPERTY DAMAGE AND INJURY,1.,0 ,2 ,COLLISION WITH MOTOR VEHICLE,RIGHT ANGLE,NONE,DAYLIGHT,CLOUDY,DRY
6836 ,34076521,MONROE,Irondequoit,,,N,43.1924862,-77.5844205,11/02/2011,4:47 PM,INJURY,2.,0 ,6 ,COLLISION WITH MOTOR VEHICLE,OTHER,TRAFFIC SIGNAL,DAYLIGHT,CLEAR,DRY
6836 ,34076523,MONROE,Chili,,,N,43.1093938,-77.7459864,10/21/2011,9:13 AM,INJURY,1.,0 ,1 ,COLLISION WITH PEDESTRIAN,OTHER,NONE,DAYLIGHT,CLEAR,WET
6836 ,34076591,MONROE,Henrietta,,252 43011060,N,43.0928439,-77.6544308,11/02/2011,2:08 PM,PROPERTY DAMAGE AND INJURY,1.,0 ,3 ,COLLISION WITH MOTOR VEHICLE,OTHER,TRAFFIC SIGNAL,DAYLIGHT,CLEAR,DRY
6836 ,34076603,MONROE,East Rochester,,253 43011165,Y,43.113818,-77.491373,11/03/2011,12:20 PM,INJURY,1.,0 ,1 ,COLLISION WITH BICYCLIST,OTHER,STOP SIGN,DAYLIGHT,CLEAR,DRY
6836 ,34076637,MONROE,Henrietta,,,Y,43.0798433,-77.6828616,10/21/2011,11:40 PM,PROPERTY DAMAGE AND INJURY,1.,0 ,1 ,COLLISION WITH TREE,OTHER,NONE,DARK-ROAD LIGHTED,RAIN,WET
6836 ,34076644,MONROE,Greece,,104 43031173,Y,43.205084,-77.66632,10/27/2011,6:45 AM,PROPERTY DAMAGE AND INJURY,1.,0 ,3 ,COLLISION WITH MOTOR VEHICLE,OTHER,TRAFFIC SIGNAL,DARK-ROAD LIGHTED,CLOUDY,WET
6836 ,34076668,MONROE,Perinton,,31 43033085,N,43.069195,-77.4423667,10/25/2011,6:04 PM,PROPERTY DAMAGE AND INJURY,1.,0 ,2 ,COLLISION WITH MOTOR VEHICLE,RIGHT ANGLE,TRAFFIC SIGNAL,DARK-ROAD LIGHTED,RAIN,WET
6836 ,34076716,MONROE,Perinton,,,N,43.1104659,-77.4455706,10/26/2011,8:30 PM,INJURY,1.,0 ,1 ,COLLISION WITH PEDESTRIAN,OTHER,NONE,DARK-ROAD UNLIGHTED,RAIN,WET
6836 ,34076755,MONROE,Irondequoit,,,N,43.2075909,-77.5967567,11/03/2011,9:00 PM,PROPERTY DAMAGE AND INJURY,1.,0 ,1 ,COLLISION WITH TREE,OTHER,NONE,DARK-ROAD UNLIGHTED,CLOUDY,WET
6836 ,34076768,MONROE,Rochester,,,N,43.1601768,-77.5394838,10/21/2011,1:16 AM,INJURY,1.,0 ,1 ,COLL. W/EARTH ELE./ROCK CUT/DITCH,OTHER,NONE,DARK-ROAD LIGHTED,RAIN,WET
6836 ,34076771,MONROE,Chili,,,Y,43.093734,-77.778034,10/21/2011,5:51 PM,PROPERTY DAMAGE AND INJURY,1.,0 ,3 ,COLLISION WITH MOTOR VEHICLE,OTHER,NONE,DAYLIGHT,RAIN,WET
6836 ,34076782,MONROE,Irondequoit,,,N,43.1974135,-77.586236,11/02/2011,1:47 PM,PROPERTY DAMAGE AND INJURY,1.,0 ,2 ,COLLISION WITH MOTOR VEHICLE,RIGHT ANGLE,NO PASSING ZONE,DAYLIGHT,CLEAR,DRY
6836 ,34076796,MONROE,Penfield,,,Y,43.160297,-77.449822,11/02/2011,1:16 PM,INJURY,1.,0 ,2 ,COLLISION WITH MOTOR VEHICLE,RIGHT ANGLE,FLASHING LIGHT,DAYLIGHT,CLEAR,DRY
6836 ,34076804,MONROE,Pittsford,,31 43033026,N,43.1055915,-77.5412024,10/25/2011,2:39 PM,INJURY,1.,0 ,2 ,COLLISION WITH MOTOR VEHICLE,REAR END,NONE,DAYLIGHT,CLOUDY,DRY
6836 ,34076821,MONROE,Rochester,,,Y,43.14883,-77.597661,09/15/2011,12:37 PM,INJURY,1.,0 ,1 ,COLLISION WITH PEDESTRIAN,OTHER,TRAFFIC SIGNAL,DAYLIGHT,CLOUDY,DRY
6836 ,34076822,MONROE,Henrietta,,252 43011072,N,43.0872058,-77.6324534,10/11/2011,1:05 AM,PROPERTY DAMAGE AND INJURY,1.,0 ,1 ,COLLISION WITH CURBING,OTHER,TRAFFIC SIGNAL,DARK-ROAD LIGHTED,CLOUDY,DRY
6836 ,34076878,MONROE,Ogden,,259 43011074,N,43.1983823,-77.7985489,10/20/2011,7:26 PM,PROPERTY DAMAGE AND INJURY,1.,0 ,3 ,COLLISION WITH MOTOR VEHICLE,OTHER,NONE,DARK-ROAD UNLIGHTED,CLOUDY,DRY
6836 ,34076950,MONROE,Henrietta,,252 43011038,N,43.0870724,-77.6210652,10/17/2011,7:31 PM,PROPERTY DAMAGE AND INJURY,2.,0 ,4 ,COLLISION WITH MOTOR VEHICLE,OTHER,NONE,DARK-ROAD LIGHTED,CLOUDY,DRY
6836 ,34076954,MONROE,Penfield,,250 43011065,N,43.1279449,-77.4412755,10/07/2011,6:43 PM,PROPERTY DAMAGE AND INJURY,1.,0 ,2 ,COLLISION WITH MOTOR VEHICLE,LEFT TURN (WITH OTHER CAR),TRAFFIC SIGNAL,DUSK,CLEAR,DRY
6836 ,34076988,MONROE,Brighton,,441 43011102,N,43.1292788,-77.5262203,11/03/2011,2:24 PM,PROPERTY DAMAGE AND INJURY,1.,0 ,2 ,COLLISION WITH MOTOR VEHICLE,LEFT TURN (AGAINST OTHER CAR),TRAFFIC SIGNAL,DAYLIGHT,CLOUDY,DRY
6836 ,34077016,MONROE,Sweden,,260 43011009,N,43.2110143,-77.8950625,10/21/2011,3:13 PM,PROPERTY DAMAGE AND INJURY,1.,0 ,2 ,COLLISION WITH MOTOR VEHICLE,RIGHT ANGLE,STOP SIGN,DAYLIGHT,CLOUDY,DRY
6836 ,34077018,MONROE,Gates,,,Y,43.1306704,-77.6793896,10/25/2011,9:32 AM,PROPERTY DAMAGE AND INJURY,1.,0 ,2 ,COLLISION WITH MOTOR VEHICLE,REAR END,TRAFFIC SIGNAL,DAYLIGHT,CLEAR,DRY
6836 ,34077031,MONROE,Rochester,,,N,43.1968588,-77.5614591,10/31/2011,5:29 PM,INJURY,1.,0 ,1 ,COLLISION WITH CURBING,OTHER,NONE,DAYLIGHT,CLOUDY,DRY
6836 ,34077040,MONROE,Sweden,,,Y,43.20745,-77.967067,10/19/2011,6:17 PM,INJURY,2.,0 ,2 ,COLLISION WITH MOTOR VEHICLE,LEFT TURN (WITH OTHER CAR),STOP SIGN,DARK-ROAD LIGHTED,RAIN,WET
6836 ,34077057,MONROE,Penfield,,,Y,43.13124,-77.4639639,09/29/2011,9:25 PM,PROPERTY DAMAGE AND INJURY,1.,0 ,2 ,COLLISION WITH MOTOR VEHICLE,REAR END,TRAFFIC SIGNAL,DARK-ROAD LIGHTED,CLEAR,DRY
6836 ,34077078,MONROE,Brighton,,,N,43.0967877,-77.5792343,10/22/2011,4:00 PM,INJURY,1.,0 ,1 ,COLLISION WITH PEDESTRIAN,OTHER,STOP SIGN,DAYLIGHT,CLOUDY,DRY
6836 ,34077320,MONROE,Rochester,,,N,43.1593624,-77.6166903,10/07/2011,4:35 PM,PROPERTY DAMAGE AND INJURY,1.,0 ,2 ,COLLISION WITH MOTOR VEHICLE,REAR END,TRAFFIC SIGNAL,DAYLIGHT,CLEAR,DRY
6836 ,34077715,MONROE,Irondequoit,,104 43035217,N,43.2099154,-77.5428679,11/03/2011,7:35 AM,PROPERTY DAMAGE AND INJURY,1.,0 ,2 ,COLLISION WITH MOTOR VEHICLE,OVERTAKING,NONE,DAWN,CLEAR,DRY
6836 ,34077719,MONROE,Brighton,,590 43011001,N,43.1435383,-77.5452466,11/01/2011,10:34 AM,PROPERTY DAMAGE AND INJURY,1.,0 ,1 ,COLLISION WITH DEER,OTHER,NONE,DAYLIGHT,CLEAR,DRY
6836 ,34077735,MONROE,Brighton,,590I43011040,N,43.1310987,-77.5533111,11/01/2011,1:55 PM,PROPERTY DAMAGE AND INJURY,1.,0 ,2 ,COLLISION WITH MOTOR VEHICLE,OVERTAKING,NONE,DAYLIGHT,CLEAR,DRY
6836 ,34077829,MONROE,Rochester,,31 43032020,Y,43.164628,-77.636722,11/02/2011,6:25 PM,PROPERTY DAMAGE AND INJURY,2.,0 ,2 ,COLLISION WITH MOTOR VEHICLE,RIGHT ANGLE,NONE,DUSK,CLEAR,DRY
6836 ,34078068,MONROE,Hamlin,,,N,43.2905325,-77.9956069,10/22/2011,5:40 AM,PROPERTY DAMAGE AND INJURY,1.,0 ,1 ,COLLISION WITH SIGN POST,OTHER,NONE,DARK-ROAD UNLIGHTED,CLOUDY,DRY
6836 ,34078217,MONROE,Wheatland,,251 43011078,Y,43.005367,-77.7454,11/04/2011,11:16 AM,PROPERTY DAMAGE AND INJURY,1.,0 ,2 ,COLLISION WITH MOTOR VEHICLE,RIGHT ANGLE,STOP SIGN,DAYLIGHT,CLEAR,DRY
6836 ,34078219,MONROE,Parma,,259 43011026,N,43.2590673,-77.7908543,11/03/2011,6:18 PM,INJURY,1.,0 ,2 ,COLLISION WITH MOTOR VEHICLE,REAR END,NONE,DARK-ROAD UNLIGHTED,CLOUDY,DRY
6836 ,34078226,MONROE,Brighton,,,Y,43.10401,-77.577818,11/04/2011,7:50 AM,INJURY,1.,0 ,2 ,COLLISION WITH MOTOR VEHICLE,REAR END,TRAFFIC SIGNAL,DAYLIGHT,CLEAR,DRY
6836 ,34078230,MONROE,Gates,,,N,43.1474128,-77.7099893,11/04/2011,12:53 PM,PROPERTY DAMAGE AND INJURY,1.,0 ,1 ,COLL. W/LIGHT SUPPORT/UTILITY POLE,OTHER,TRAFFIC SIGNAL,DAYLIGHT,CLEAR,DRY
6836 ,34078233,MONROE,Sweden,,31 43031052,N,43.1983141,-77.9327488,11/01/2011,4:35 PM,PROPERTY DAMAGE AND INJURY,1.,0 ,2 ,COLLISION WITH MOTOR VEHICLE,REAR END,NONE,DAYLIGHT,CLEAR,DRY
6836 ,34078234,MONROE,Webster,,,N,43.2083785,-77.4622118,10/31/2011,2:21 PM,PROPERTY DAMAGE AND INJURY,1.,0 ,1 ,COLLISION WITH OTHER FIXED OBJECT,OTHER,NONE,DAYLIGHT,CLOUDY,DRY
6836 ,34078241,MONROE,Henrietta,,,N,43.0405623,-77.6490553,10/28/2011,7:50 AM,PROPERTY DAMAGE AND INJURY,2.,0 ,2 ,COLLISION WITH MOTOR VEHICLE,LEFT TURN (WITH OTHER CAR),NONE,DAYLIGHT,CLEAR,SNOW/ICE
6836 ,34078247,MONROE,Brighton,,,N,43.0948928,-77.6100008,11/04/2011,12:16 PM,PROPERTY DAMAGE AND INJURY,2.,0 ,2 ,COLLISION WITH MOTOR VEHICLE,REAR END,NONE,DAYLIGHT,CLEAR,DRY
6836 ,34078248,MONROE,Brighton,,,N,43.126792,-77.5535041,11/04/2011,4:51 PM,PROPERTY DAMAGE AND INJURY,2.,0 ,2 ,COLLISION WITH MOTOR VEHICLE,RIGHT ANGLE,TRAFFIC SIGNAL,DAYLIGHT,CLEAR,DRY
6836 ,34078368,MONROE,Rochester,,490I43022039,N,43.1481386,-77.6021969,11/01/2011,6:00 PM,PROPERTY DAMAGE AND INJURY,1.,0 ,1 ,COLLISION WITH OTHER BARRIER,OTHER,NONE,DUSK,CLEAR,DRY
6836 ,34078508,MONROE,Rochester,,,N,43.2568399,-77.6081678,10/29/2011,4:04 AM,PROPERTY DAMAGE AND INJURY,1.,0 ,1 ,COLLISION WITH CURBING,OTHER,NO PASSING ZONE,DARK-ROAD LIGHTED,CLEAR,DRY
6836 ,34078511,MONROE,Rochester,,,Y,43.146709,-77.6001611,11/04/2011,10:25 AM,INJURY,1.,0 ,1 ,COLLISION WITH PEDESTRIAN,OTHER,TRAFFIC SIGNAL,DAYLIGHT,CLEAR,DRY
6836 ,34078521,MONROE,Rochester,,,N,43.161364,-77.583969,11/01/2011,7:27 PM,PROPERTY DAMAGE AND INJURY,2.,0 ,2 ,COLLISION WITH MOTOR VEHICLE,SIDESWIPE,NONE,DARK-ROAD LIGHTED,CLEAR,DRY
6836 ,34078694,MONROE,Rochester,,490I43022020,N,43.156671,-77.6348159,11/02/2011,5:01 PM,PROPERTY DAMAGE AND INJURY,1.,0 ,2 ,COLLISION WITH MOTOR VEHICLE,OVERTAKING,NONE,DAYLIGHT,CLEAR,DRY
6836 ,34078815,MONROE,Rochester,,,Y,43.211523,-77.560043,11/02/2011,6:35 AM,PROPERTY DAMAGE AND INJURY,1.,0 ,2 ,COLLISION WITH MOTOR VEHICLE,RIGHT ANGLE,TRAFFIC SIGNAL,DARK-ROAD LIGHTED,CLOUDY,DRY
6836 ,34080067,MONROE,Pittsford,,31 43033057,N,43.0811566,-77.4944652,10/19/2011,4:45 PM,PROPERTY DAMAGE AND INJURY,1.,0 ,4 ,COLLISION WITH MOTOR VEHICLE,OTHER,NONE,DAYLIGHT,RAIN,WET
6836 ,34080072,MONROE,Henrietta,,,Y,43.077262,-77.606288,10/06/2011,2:40 PM,INJURY,1.,0 ,1 ,COLLISION WITH PEDESTRIAN,OTHER,TRAFFIC SIGNAL,DAYLIGHT,CLEAR,DRY
6836 ,34080090,MONROE,Gates,,,N,43.139413,-77.66832,11/03/2011,8:38 PM,INJURY,2.,0 ,2 ,COLLISION WITH MOTOR VEHICLE,UNKNOWN,TRAFFIC SIGNAL,DARK-ROAD LIGHTED,RAIN,WET
6836 ,34080091,MONROE,Greece,,104 43031141,Y,43.2136184,-77.7278213,11/01/2011,11:50 AM,PROPERTY DAMAGE AND INJURY,1.,0 ,2 ,COLLISION WITH MOTOR VEHICLE,HEAD ON,NONE,DAYLIGHT,CLOUDY,DRY