QUERYID,CASE #,REGN_CNTY_CDE,Municipality,MUNITYPE,REF_MRKR,ATINTERSECTION_IND,Lat,Long,,Time,Crash Type,Injuries,Fatalities,Number of Vehicles,ACCD_TYP,COLLISION_TYP,TRAF_CNTL,Light Condition,Weather Condition,Road Surface Condition
6836 ,34080308,MONROE,Greece,,,Y,43.2145062,-77.7318016,11/05/2011,10:03 AM,INJURY,1.,0 ,2 ,COLLISION WITH MOTOR VEHICLE,REAR END,TRAFFIC SIGNAL,DAYLIGHT,CLEAR,DRY
6836 ,34080309,MONROE,Greece,,,N,43.214424,-77.7318019,11/04/2011,2:29 PM,PROPERTY DAMAGE AND INJURY,1.,0 ,2 ,COLLISION WITH MOTOR VEHICLE,REAR END,TRAFFIC SIGNAL,DAYLIGHT,CLOUDY,DRY
6836 ,34080329,MONROE,Rochester,,,Y,43.1330787,-77.6509349,10/23/2011,3:05 PM,INJURY,1.,0 ,2 ,COLLISION WITH MOTOR VEHICLE,LEFT TURN (AGAINST OTHER CAR),NONE,DAYLIGHT,CLEAR,DRY
6836 ,34080330,MONROE,Rochester,,,Y,43.175956,-77.571564,11/03/2011,4:06 PM,PROPERTY DAMAGE AND INJURY,1.,0 ,2 ,COLLISION WITH MOTOR VEHICLE,RIGHT ANGLE,STOP SIGN,DAYLIGHT,CLOUDY,DRY
6836 ,34080517,MONROE,Gates,,390 43011003,N,43.1606658,-77.6810283,11/01/2011,7:10 AM,PROPERTY DAMAGE AND INJURY,1.,0 ,4 ,COLLISION WITH MOTOR VEHICLE,OTHER,NONE,DARK-ROAD LIGHTED,CLEAR,DRY
6836 ,34080521,MONROE,Pittsford,,31F43011006,N,43.111232,-77.5077355,11/04/2011,5:28 PM,INJURY,1.,0 ,2 ,COLLISION WITH MOTOR VEHICLE,REAR END,TRAFFIC SIGNAL,DAYLIGHT,CLEAR,DRY
6836 ,34080525,MONROE,Perinton,,,N,43.0692524,-77.4419929,11/04/2011,2:43 PM,PROPERTY DAMAGE AND INJURY,1.,0 ,1 ,COLLISION WITH OTHER FIXED OBJECT,OTHER,NONE,DAYLIGHT,CLEAR,DRY
6836 ,34080527,MONROE,Sweden,,31A43021001,N,43.1979619,-77.9869943,11/05/2011,12:12 AM,PROPERTY DAMAGE AND INJURY,1.,0 ,1 ,COLLISION WITH DEER,OTHER,NONE,DARK-ROAD UNLIGHTED,CLEAR,DRY
6836 ,34080531,MONROE,Gates,,,Y,43.169535,-77.701549,11/06/2011,9:43 AM,PROPERTY DAMAGE AND INJURY,1.,0 ,2 ,COLLISION WITH MOTOR VEHICLE,RIGHT ANGLE,TRAFFIC SIGNAL,DAYLIGHT,CLEAR,DRY
6836 ,34080533,MONROE,Webster,,,N,43.205803,-77.4719815,11/03/2011,7:06 PM,PROPERTY DAMAGE AND INJURY,3.,0 ,4 ,COLLISION WITH MOTOR VEHICLE,OTHER,NONE,DARK-ROAD LIGHTED,RAIN,WET
6836 ,34081276,MONROE,Rochester,,,N,43.1800034,-77.6066203,10/10/2011,6:23 PM,INJURY,1.,0 ,1 ,COLLISION WITH PEDESTRIAN,OTHER,NONE,DAYLIGHT,CLEAR,DRY
6836 ,34081277,MONROE,Rochester,,,Y,43.187626,-77.576289,10/08/2011,12:46 PM,INJURY,1.,0 ,2 ,COLLISION WITH MOTOR VEHICLE,REAR END,TRAFFIC SIGNAL,DAYLIGHT,CLEAR,DRY
6836 ,34081357,MONROE,Rochester,,,N,43.149426,-77.604144,08/20/2011,4:50 PM,PROPERTY DAMAGE AND INJURY,1.,0 ,2 ,COLLISION WITH MOTOR VEHICLE,REAR END,UNKNOWN,UNKNOWN,UNKNOWN,UNKNOWN
6836 ,34081987,MONROE,Chili,,259 43011026,Y,43.093031,-77.798074,09/03/2011,7:11 PM,PROPERTY DAMAGE AND INJURY,2.,0 ,2 ,COLLISION WITH MOTOR VEHICLE,OVERTAKING,TRAFFIC SIGNAL,DUSK,CLEAR,DRY
6836 ,34082759,MONROE,Webster,,,N,43.2040276,-77.485384,11/04/2011,5:12 PM,INJURY,1.,0 ,3 ,COLLISION WITH MOTOR VEHICLE,OTHER,NONE,DAYLIGHT,CLOUDY,DRY
6836 ,34082773,MONROE,Henrietta,,253 43011066,N,43.0588698,-77.640579,11/03/2011,4:14 PM,PROPERTY DAMAGE AND INJURY,3.,0 ,2 ,COLLISION WITH MOTOR VEHICLE,RIGHT ANGLE,TRAFFIC SIGNAL,DAYLIGHT,CLOUDY,DRY
6836 ,34082777,MONROE,Henrietta,,252 43011076,N,43.0870457,-77.6244808,11/04/2011,11:28 PM,PROPERTY DAMAGE AND INJURY,3.,0 ,2 ,COLLISION WITH MOTOR VEHICLE,RIGHT ANGLE,TRAFFIC SIGNAL,DARK-ROAD LIGHTED,CLEAR,DRY
6836 ,34082778,MONROE,Webster,,,N,43.2107521,-77.4611742,11/04/2011,10:38 AM,PROPERTY DAMAGE AND INJURY,1.,0 ,1 ,COLLISION WITH CURBING,OTHER,TRAFFIC SIGNAL,DAYLIGHT,CLEAR,DRY
6836 ,34082786,MONROE,Henrietta,,,Y,43.078223,-77.628707,11/04/2011,7:17 PM,PROPERTY DAMAGE AND INJURY,5.,0 ,3 ,COLLISION WITH MOTOR VEHICLE,OTHER,TRAFFIC SIGNAL,DARK-ROAD LIGHTED,CLEAR,DRY
6836 ,34082787,MONROE,Irondequoit,,,N,43.2116774,-77.5552867,11/04/2011,12:30 PM,PROPERTY DAMAGE AND INJURY,2.,0 ,2 ,COLLISION WITH MOTOR VEHICLE,HEAD ON,NONE,DAYLIGHT,CLEAR,DRY
6836 ,34082790,MONROE,Penfield,,104 43035054,N,43.1856645,-77.5061367,11/05/2011,1:33 PM,INJURY,1.,0 ,1 ,COLLISION WITH BICYCLIST,OTHER,NONE,DAYLIGHT,CLEAR,DRY
6836 ,34082808,MONROE,Brighton,,,N,43.1026564,-77.5785213,11/07/2011,6:15 PM,PROPERTY DAMAGE AND INJURY,1.,0 ,2 ,COLLISION WITH MOTOR VEHICLE,REAR END,NONE,DARK-ROAD UNLIGHTED,CLOUDY,DRY
6836 ,34082881,MONROE,Rochester,,,Y,43.121723,-77.6214051,11/03/2011,7:01 AM,INJURY,1.,0 ,1 ,COLLISION WITH PEDESTRIAN,OTHER,TRAFFIC SIGNAL,DARK-ROAD LIGHTED,CLEAR,DRY
6836 ,34082883,MONROE,Rochester,,,Y,43.153464,-77.588178,11/06/2011,5:25 PM,INJURY,1.,0 ,2 ,COLLISION WITH MOTOR VEHICLE,REAR END,TRAFFIC SIGNAL,DARK-ROAD LIGHTED,CLEAR,DRY
6836 ,34082885,MONROE,Rochester,,,Y,43.173324,-77.612791,11/03/2011,11:00 PM,PROPERTY DAMAGE AND INJURY,1.,0 ,2 ,COLLISION WITH MOTOR VEHICLE,RIGHT ANGLE,NONE,DARK-ROAD LIGHTED,CLEAR,WET
6836 ,34082891,MONROE,Rochester,,,Y,43.187531,-77.579116,10/30/2011,11:38 PM,PROPERTY DAMAGE AND INJURY,1.,0 ,1 ,COLLISION WITH FIRE HYDRANT,OTHER,NONE,DARK-ROAD LIGHTED,CLEAR,DRY
6836 ,34083126,MONROE,Greece,,,N,43.2810733,-77.7499293,09/08/2011,3:30 PM,PROPERTY DAMAGE AND INJURY,1.,0 ,1 ,COLLISION WITH GUIDE RAIL,OTHER,UNKNOWN,UNKNOWN,UNKNOWN,UNKNOWN
6836 ,34083305,MONROE,Irondequoit,,,Y,43.196137,-77.6001439,09/14/2011,8:40 AM,INJURY,1.,0 ,2 ,COLLISION WITH MOTOR VEHICLE,REAR END,TRAFFIC SIGNAL,DAYLIGHT,CLEAR,DRY
6836 ,34083644,MONROE,Brighton,,590 43011003,N,43.1453517,-77.5417327,11/07/2011,6:20 PM,PROPERTY DAMAGE AND INJURY,1.,0 ,1 ,COLLISION WITH DEER,OTHER,NONE,DARK-ROAD LIGHTED,CLOUDY,DRY
6836 ,34083693,MONROE,Rochester,,,N,43.1860196,-77.6022584,11/08/2011,3:47 PM,PROPERTY DAMAGE AND INJURY,1.,0 ,1 ,COLLISION WITH MOTOR VEHICLE,OTHER,NONE,DAYLIGHT,CLEAR,DRY
6836 ,34083732,MONROE,Perinton,,,N,43.1008237,-77.4595288,11/06/2011,12:13 PM,INJURY,1.,0 ,1 ,COLLISION WITH PEDESTRIAN,OTHER,STOP SIGN,DAYLIGHT,CLEAR,DRY
6836 ,34083767,MONROE,Riga,,490I43021009,N,43.0589279,-77.940985,11/03/2011,8:05 AM,PROPERTY DAMAGE AND INJURY,1.,0 ,2 ,COLLISION WITH MOTOR VEHICLE,REAR END,NONE,DAYLIGHT,CLOUDY,DRY
6836 ,34083802,MONROE,Rochester,,,Y,43.151185,-77.5923961,11/06/2011,10:10 AM,PROPERTY DAMAGE AND INJURY,1.,0 ,2 ,COLLISION WITH MOTOR VEHICLE,RIGHT ANGLE,TRAFFIC SIGNAL,DAYLIGHT,CLEAR,DRY
6836 ,34083845,MONROE,Greece,,,Y,43.2244006,-77.639274,09/25/2011,3:49 PM,PROPERTY DAMAGE AND INJURY,1.,0 ,2 ,COLLISION WITH MOTOR VEHICLE,REAR END,NONE,DAYLIGHT,CLEAR,DRY
6836 ,34083871,MONROE,Brighton,,,N,43.1278793,-77.5313992,11/08/2011,1:20 PM,INJURY,1.,0 ,2 ,COLLISION WITH MOTOR VEHICLE,REAR END,OTHER,DAYLIGHT,CLEAR,DRY
6836 ,34083911,MONROE,Penfield,,,Y,43.130827,-77.441317,11/04/2011,12:47 PM,INJURY,1.,0 ,2 ,COLLISION WITH MOTOR VEHICLE,REAR END,TRAFFIC SIGNAL,DAYLIGHT,CLEAR,DRY
6836 ,34083979,MONROE,Pittsford,,31 43033025,N,43.1084581,-77.5442201,10/28/2011,10:05 AM,PROPERTY DAMAGE AND INJURY,1.,0 ,4 ,COLLISION WITH PEDESTRIAN,OTHER,NONE,DAYLIGHT,CLEAR,DRY
6836 ,34083980,MONROE,Greece,,,Y,43.273454,-77.696188,11/06/2011,11:45 AM,INJURY,1.,0 ,1 ,COLL. W/EARTH ELE./ROCK CUT/DITCH,OTHER,NONE,DAYLIGHT,CLEAR,DRY
6836 ,34084105,MONROE,Rochester,,,Y,43.144757,-77.6011121,11/02/2011,2:26 PM,PROPERTY DAMAGE AND INJURY,1.,0 ,2 ,COLLISION WITH MOTOR VEHICLE,RIGHT ANGLE,TRAFFIC SIGNAL,DAYLIGHT,CLEAR,DRY
6836 ,34084147,MONROE,Greece,,,N,43.1960557,-77.7269786,11/05/2011,10:45 PM,PROPERTY DAMAGE AND INJURY,1.,0 ,3 ,COLLISION WITH MOTOR VEHICLE,OTHER,NONE,DARK-ROAD LIGHTED,CLEAR,DRY
6836 ,34084303,MONROE,Rochester,,,N,43.1900471,-77.6467908,11/08/2011,4:09 PM,INJURY,1.,0 ,1 ,COLLISION WITH PEDESTRIAN,OTHER,NONE,DAYLIGHT,CLEAR,DRY
6836 ,34084964,MONROE,Rochester,,,N,43.18002,-77.5991268,10/07/2011,4:10 PM,PROPERTY DAMAGE AND INJURY,1.,0 ,1 ,COLLISION WITH CURBING,OTHER,NONE,DAYLIGHT,CLEAR,DRY
6836 ,34085525,MONROE,Perinton,,,Y,43.108372,-77.422552,11/08/2011,6:58 PM,PROPERTY DAMAGE AND INJURY,3.,0 ,2 ,COLLISION WITH MOTOR VEHICLE,LEFT TURN (AGAINST OTHER CAR),NONE,DARK-ROAD LIGHTED,CLEAR,DRY
6836 ,34085716,MONROE,Penfield,,441 43011070,Y,43.130551,-77.4266951,11/04/2011,3:21 PM,PROPERTY DAMAGE AND INJURY,2.,0 ,2 ,COLLISION WITH MOTOR VEHICLE,REAR END,NONE,DAYLIGHT,CLEAR,DRY
6836 ,34085819,MONROE,Greece,,390 43011032,N,43.2026736,-77.6768997,11/03/2011,2:38 PM,PROPERTY DAMAGE AND INJURY,1.,0 ,2 ,COLLISION WITH MOTOR VEHICLE,OTHER,NONE,DAYLIGHT,CLOUDY,DRY
6836 ,34086076,MONROE,Ogden,,531 43012056,N,43.1605833,-77.7581061,11/06/2011,3:08 PM,INJURY,1.,0 ,1 ,OVERTURNED,OTHER,NONE,DAYLIGHT,CLEAR,DRY
6836 ,34086098,MONROE,Pittsford,,,N,43.0544952,-77.5189596,11/04/2011,3:13 AM,PROPERTY DAMAGE AND INJURY,1.,0 ,1 ,COLLISION WITH TREE,OTHER,NONE,DARK-ROAD UNLIGHTED,CLOUDY,WET
6836 ,34086250,MONROE,Rochester,,490I43022003,N,43.1576928,-77.6676616,11/08/2011,10:51 AM,FATAL,0.,1 ,1 ,COLLISION WITH OTHER BARRIER,OTHER,NONE,DAYLIGHT,CLEAR,DRY
6836 ,34086253,MONROE,Gates,,204 43011033,N,43.1310249,-77.6608906,11/08/2011,5:25 PM,PROPERTY DAMAGE AND INJURY,1.,0 ,4 ,COLLISION WITH MOTOR VEHICLE,OTHER,NONE,DARK-ROAD LIGHTED,CLEAR,DRY
6836 ,34087032,MONROE,Pittsford,,64 43021103,Y,43.086515,-77.518128,11/07/2011,9:30 AM,PROPERTY DAMAGE AND INJURY,1.,0 ,2 ,COLLISION WITH MOTOR VEHICLE,LEFT TURN (AGAINST OTHER CAR),TRAFFIC SIGNAL,DAYLIGHT,CLOUDY,DRY
6836 ,34087059,MONROE,Mendon,,15A43041012,Y,42.960358,-77.620184,11/06/2011,12:30 AM,PROPERTY DAMAGE AND INJURY,1.,0 ,1 ,COLLISION WITH GUIDE RAIL,OTHER,NONE,DARK-ROAD LIGHTED,CLEAR,DRY
6836 ,34087063,MONROE,Penfield,,,Y,43.130076,-77.4758771,11/09/2011,8:50 AM,PROPERTY DAMAGE AND INJURY,1.,0 ,2 ,COLLISION WITH MOTOR VEHICLE,REAR END,TRAFFIC SIGNAL,DAYLIGHT,CLEAR,DRY
6836 ,34087087,MONROE,Chili,,,Y,43.1128,-77.8035511,11/09/2011,5:44 PM,PROPERTY DAMAGE AND INJURY,3.,0 ,2 ,COLLISION WITH MOTOR VEHICLE,REAR END,NONE,DARK-ROAD LIGHTED,CLOUDY,DRY
6836 ,34087128,MONROE,Webster,,,N,43.214195,-77.475083,11/06/2011,3:00 PM,PROPERTY DAMAGE AND INJURY,1.,0 ,2 ,COLLISION WITH MOTOR VEHICLE,HEAD ON,TRAFFIC SIGNAL,DAYLIGHT,CLEAR,DRY
6836 ,34087302,MONROE,Webster,,,Y,43.225954,-77.41924,11/09/2011,11:00 AM,PROPERTY DAMAGE AND INJURY,1.,0 ,2 ,COLLISION WITH MOTOR VEHICLE,REAR END,TRAFFIC SIGNAL,DAYLIGHT,CLEAR,DRY
6836 ,34087350,MONROE,Henrietta,,,N,43.0874439,-77.6171473,11/09/2011,12:57 PM,PROPERTY DAMAGE AND INJURY,1.,0 ,2 ,COLLISION WITH MOTOR VEHICLE,LEFT TURN (AGAINST OTHER CAR),STOP SIGN,DAYLIGHT,CLEAR,DRY
6836 ,34087359,MONROE,Henrietta,,253 43011058,Y,43.058674,-77.652082,11/09/2011,8:17 AM,INJURY,1.,0 ,1 ,OVERTURNED,OTHER,TRAFFIC SIGNAL,DAYLIGHT,CLEAR,WET
6836 ,34087367,MONROE,Rochester,,,N,43.1657552,-77.6595384,11/08/2011,2:24 PM,PROPERTY DAMAGE AND INJURY,2.,0 ,2 ,COLLISION WITH MOTOR VEHICLE,HEAD ON,TRAFFIC SIGNAL,DAYLIGHT,CLEAR,DRY
6836 ,34087393,MONROE,Brighton,,15A43041128,N,43.108007,-77.615937,11/10/2011,11:13 PM,PROPERTY DAMAGE AND INJURY,1.,0 ,2 ,COLLISION WITH MOTOR VEHICLE,LEFT TURN (AGAINST OTHER CAR),TRAFFIC SIGNAL,DARK-ROAD LIGHTED,CLEAR,DRY
6836 ,34087579,MONROE,Greece,,,N,43.2306816,-77.6590693,11/06/2011,4:46 PM,INJURY,1.,0 ,2 ,COLLISION WITH MOTOR VEHICLE,REAR END,TRAFFIC SIGNAL,DUSK,CLEAR,DRY
6836 ,34087591,MONROE,Greece,,,Y,43.2139951,-77.6776255,11/09/2011,3:06 PM,INJURY,1.,0 ,2 ,COLLISION WITH MOTOR VEHICLE,REAR END,NONE,DAYLIGHT,CLOUDY,DRY
6836 ,34087644,MONROE,Chili,,,Y,43.088224,-77.796124,11/03/2011,3:08 PM,INJURY,1.,0 ,2 ,COLLISION WITH MOTOR VEHICLE,REAR END,TRAFFIC SIGNAL,DAYLIGHT,CLOUDY,DRY
6836 ,34087679,MONROE,Webster,,,N,43.2352343,-77.40038,11/09/2011,11:50 AM,PROPERTY DAMAGE AND INJURY,2.,0 ,2 ,COLLISION WITH MOTOR VEHICLE,RIGHT ANGLE,NONE,DAYLIGHT,CLEAR,DRY
6836 ,34087784,MONROE,Brighton,,441 43011102,N,43.1292788,-77.5262203,11/10/2011,2:54 PM,PROPERTY DAMAGE AND INJURY,2.,0 ,2 ,COLLISION WITH MOTOR VEHICLE,LEFT TURN (AGAINST OTHER CAR),TRAFFIC SIGNAL,DAYLIGHT,CLOUDY,DRY
6836 ,34087870,MONROE,Rochester,,,Y,43.133161,-77.6509359,11/02/2011,1:14 PM,INJURY,1.,0 ,2 ,COLLISION WITH MOTOR VEHICLE,RIGHT ANGLE,STOP SIGN,DAYLIGHT,CLEAR,DRY
6836 ,34087919,MONROE,Greece,,390 43011050,N,43.2280772,-77.6733574,11/09/2011,10:05 PM,PROPERTY DAMAGE AND INJURY,1.,0 ,1 ,COLLISION WITH DEER,OTHER,NONE,DARK-ROAD UNLIGHTED,CLOUDY,DRY
6836 ,34088009,MONROE,Greece,,,N,43.231074,-77.672113,11/09/2011,3:30 PM,PROPERTY DAMAGE AND INJURY,1.,0 ,1 ,COLLISION WITH DEER,OTHER,NONE,DAYLIGHT,CLEAR,DRY
6836 ,34088100,MONROE,Irondequoit,,,N,43.196444,-77.5767859,11/01/2011,2:20 PM,PROPERTY DAMAGE AND INJURY,1.,0 ,2 ,COLLISION WITH MOTOR VEHICLE,REAR END,TRAFFIC SIGNAL,DAYLIGHT,CLOUDY,WET
6836 ,34088140,MONROE,Ogden,,259 43011040,Y,43.149746,-77.80572,11/01/2011,5:15 PM,PROPERTY DAMAGE AND INJURY,2.,0 ,2 ,COLLISION WITH MOTOR VEHICLE,RIGHT ANGLE,STOP SIGN,DAYLIGHT,CLEAR,DRY
6836 ,34088223,MONROE,Henrietta,,,N,43.0491395,-77.6571612,11/10/2011,10:45 PM,PROPERTY DAMAGE AND INJURY,1.,0 ,2 ,COLLISION WITH MOTOR VEHICLE,RIGHT ANGLE,TRAFFIC SIGNAL,DARK-ROAD LIGHTED,CLEAR,DRY
6836 ,34088285,MONROE,Rochester,,,Y,43.180932,-77.595442,11/11/2011,2:10 AM,PROPERTY DAMAGE AND INJURY,2.,0 ,2 ,COLLISION WITH MOTOR VEHICLE,RIGHT ANGLE,TRAFFIC SIGNAL,DARK-ROAD LIGHTED,CLEAR,DRY
6836 ,34088320,MONROE,Gates,,390I43037001,N,43.1325952,-77.6619043,11/10/2011,5:21 PM,PROPERTY DAMAGE AND INJURY,1.,0 ,2 ,COLLISION WITH MOTOR VEHICLE,REAR END,NONE,DARK-ROAD LIGHTED,CLOUDY,DRY
6836 ,34088329,MONROE,Rochester,,,N,43.157224,-77.659553,11/08/2011,5:26 AM,INJURY,1.,0 ,1 ,COLLISION WITH BICYCLIST,OTHER,NONE,DARK-ROAD LIGHTED,RAIN,WET
6836 ,34088418,MONROE,Gates,,386 43011114,Y,43.164467,-77.7324211,11/10/2011,5:04 PM,PROPERTY DAMAGE AND INJURY,2.,0 ,2 ,COLLISION WITH MOTOR VEHICLE,LEFT TURN (AGAINST OTHER CAR),TRAFFIC SIGNAL,DUSK,CLOUDY,DRY
6836 ,34088419,MONROE,Rochester,,104 43032026,N,43.1913071,-77.6137121,11/07/2011,8:03 PM,PROPERTY DAMAGE AND INJURY,3.,0 ,2 ,COLLISION WITH MOTOR VEHICLE,OVERTAKING,NONE,DARK-ROAD LIGHTED,CLEAR,DRY
6836 ,34088524,MONROE,Greece,,,Y,43.216542,-77.665838,11/10/2011,1:25 PM,PROPERTY DAMAGE AND INJURY,1.,0 ,1 ,COLL. W/LIGHT SUPPORT/UTILITY POLE,OTHER,NONE,DAYLIGHT,CLOUDY,DRY
6836 ,34088533,MONROE,Greece,,947A43021148,N,43.3133217,-77.7275291,11/11/2011,6:05 PM,PROPERTY DAMAGE AND INJURY,1.,0 ,1 ,COLLISION WITH DEER,OTHER,NONE,DARK-ROAD UNLIGHTED,CLOUDY,DRY
6836 ,34088576,MONROE,Rochester,,,N,43.1593758,-77.653844,11/09/2011,2:51 PM,PROPERTY DAMAGE AND INJURY,2.,0 ,2 ,COLLISION WITH MOTOR VEHICLE,UNKNOWN,TRAFFIC SIGNAL,DAYLIGHT,CLOUDY,DRY
6836 ,34089094,MONROE,Rochester,,,N,43.196448,-77.5614253,11/11/2011,5:22 PM,INJURY,1.,0 ,2 ,COLLISION WITH MOTOR VEHICLE,REAR END,NONE,DARK-ROAD LIGHTED,CLOUDY,DRY
6836 ,34089095,MONROE,Brighton,,31 43033021,N,43.1116009,-77.5485086,11/12/2011,11:39 AM,PROPERTY DAMAGE AND INJURY,1.,0 ,2 ,COLLISION WITH MOTOR VEHICLE,RIGHT ANGLE,NONE,DAYLIGHT,CLEAR,DRY
6836 ,34089096,MONROE,Henrietta,,252 43011077,N,43.0870685,-77.6220471,11/10/2011,5:15 PM,INJURY,1.,0 ,1 ,COLLISION WITH PEDESTRIAN,OTHER,TRAFFIC SIGNAL,DARK-ROAD LIGHTED,CLEAR,DRY
6836 ,34089101,MONROE,Brighton,,490I43023001,N,43.1426241,-77.5455599,11/07/2011,6:19 AM,PROPERTY DAMAGE AND INJURY,1.,0 ,2 ,COLLISION WITH MOTOR VEHICLE,REAR END,YIELD SIGN,DARK-ROAD LIGHTED,CLEAR,DRY
6836 ,34089103,MONROE,Henrietta,,253 43011064,N,43.0587981,-77.6442747,11/11/2011,4:12 PM,PROPERTY DAMAGE AND INJURY,2.,0 ,2 ,COLLISION WITH MOTOR VEHICLE,LEFT TURN (AGAINST OTHER CAR),TRAFFIC SIGNAL,DAYLIGHT,CLOUDY,DRY
6836 ,34089104,MONROE,Henrietta,,15 43031113,Y,43.094013,-77.633076,11/10/2011,4:28 PM,PROPERTY DAMAGE AND INJURY,1.,0 ,2 ,COLLISION WITH MOTOR VEHICLE,LEFT TURN (AGAINST OTHER CAR),TRAFFIC SIGNAL,DUSK,CLEAR,DRY
6836 ,34089112,MONROE,Brighton,,441 43011102,N,43.1292788,-77.5262203,11/12/2011,2:27 PM,INJURY,1.,0 ,1 ,OTHER NON-COLLISION,OTHER,TRAFFIC SIGNAL,DAYLIGHT,CLEAR,DRY
6836 ,34089452,MONROE,Greece,,104 43031155,N,43.210208,-77.7045899,11/12/2011,12:48 PM,PROPERTY DAMAGE AND INJURY,1.,0 ,2 ,COLLISION WITH MOTOR VEHICLE,REAR END,NONE,DAYLIGHT,CLEAR,DRY
6836 ,34089459,MONROE,Greece,,,Y,43.1907,-77.701476,11/12/2011,10:10 AM,INJURY,1.,0 ,2 ,COLLISION WITH MOTOR VEHICLE,REAR END,TRAFFIC SIGNAL,DAYLIGHT,CLEAR,DRY
6836 ,34089770,MONROE,Riga,,33A43021033,N,43.069203,-77.8886475,11/12/2011,8:10 AM,PROPERTY DAMAGE AND INJURY,1.,0 ,1 ,COLLISION WITH DEER,OTHER,NONE,DAYLIGHT,CLEAR,DRY
6836 ,34089780,MONROE,Greece,,261 43011564,N,43.2810733,-77.7499293,11/10/2011,4:15 AM,PROPERTY DAMAGE AND INJURY,1.,0 ,1 ,COLLISION WITH TREE,OTHER,NONE,DARK-ROAD UNLIGHTED,CLOUDY,DRY
6836 ,34089783,MONROE,Ogden,,36 43031152,N,43.1867981,-77.8542511,11/11/2011,11:42 PM,PROPERTY DAMAGE AND INJURY,3.,0 ,2 ,COLLISION WITH MOTOR VEHICLE,REAR END,NONE,DARK-ROAD UNLIGHTED,CLEAR,DRY
6836 ,34089813,MONROE,Parma,,104 43031079,N,43.2233612,-77.8489168,11/13/2011,11:33 AM,PROPERTY DAMAGE AND INJURY,1.,0 ,2 ,COLLISION WITH MOTOR VEHICLE,SIDESWIPE,NONE,DAYLIGHT,CLOUDY,DRY
6836 ,34090079,MONROE,Rochester,,15 43032019,Y,43.141157,-77.613271,10/28/2011,6:52 PM,PROPERTY DAMAGE AND INJURY,2.,0 ,3 ,COLLISION WITH MOTOR VEHICLE,OTHER,TRAFFIC SIGNAL,DARK-ROAD LIGHTED,CLEAR,DRY
6836 ,34090915,MONROE,Rochester,,,N,43.1598687,-77.5941531,10/13/2011,10:45 PM,INJURY,1.,0 ,1 ,COLLISION WITH PEDESTRIAN,OTHER,NONE,DARK-ROAD LIGHTED,RAIN,WET
6836 ,34091804,MONROE,Sweden,,31 43031048,N,43.1983523,-77.9397311,11/05/2011,5:00 PM,PROPERTY DAMAGE AND INJURY,1.,0 ,2 ,COLLISION WITH MOTOR VEHICLE,REAR END,NONE,DAYLIGHT,CLEAR,DRY
6836 ,34091892,MONROE,Rochester,,,Y,43.152234,-77.627599,11/09/2011,8:06 PM,PROPERTY DAMAGE AND INJURY,1.,0 ,2 ,COLLISION WITH MOTOR VEHICLE,RIGHT ANGLE,STOP SIGN,DARK-ROAD LIGHTED,CLEAR,DRY
6836 ,34091897,MONROE,Clarkson,,104 43031058,N,43.2253664,-77.8901487,10/20/2011,6:36 PM,PROPERTY DAMAGE AND INJURY,2.,0 ,3 ,COLLISION WITH MOTOR VEHICLE,OTHER,TRAFFIC SIGNAL,DARK-ROAD LIGHTED,CLOUDY,DRY
6836 ,34091917,MONROE,Rochester,,,Y,43.204821,-77.638679,11/04/2011,11:17 PM,INJURY,1.,0 ,1 ,COLLISION WITH PEDESTRIAN,OTHER,TRAFFIC SIGNAL,DARK-ROAD LIGHTED,CLEAR,DRY
6836 ,34091930,MONROE,Brighton,,,Y,43.126239,-77.57114,11/11/2011,11:55 AM,PROPERTY DAMAGE AND INJURY,1.,0 ,2 ,COLLISION WITH MOTOR VEHICLE,LEFT TURN (AGAINST OTHER CAR),NONE,DAYLIGHT,CLOUDY,WET
6836 ,34091937,MONROE,Rochester,,,N,43.1796827,-77.5991041,11/10/2011,8:00 PM,PROPERTY DAMAGE AND INJURY,1.,0 ,2 ,COLLISION WITH MOTOR VEHICLE,REAR END,NONE,DARK-ROAD LIGHTED,CLEAR,DRY
6836 ,34092007,MONROE,Rochester,,490I43022063,N,43.1447306,-77.5588979,11/11/2011,10:13 AM,PROPERTY DAMAGE AND INJURY,1.,0 ,2 ,COLLISION WITH MOTOR VEHICLE,REAR END,TRAFFIC SIGNAL,DAYLIGHT,CLOUDY,DRY
6836 ,34092145,MONROE,Rochester,,,Y,43.171365,-77.566413,11/04/2011,4:48 PM,INJURY,7.,0 ,2 ,COLLISION WITH MOTOR VEHICLE,LEFT TURN (AGAINST OTHER CAR),STOP SIGN,DAYLIGHT,CLEAR,DRY
6836 ,34092287,MONROE,Rochester,,96 43052022,Y,43.153464,-77.588178,10/26/2011,7:15 PM,PROPERTY DAMAGE AND INJURY,1.,0 ,2 ,COLLISION WITH MOTOR VEHICLE,REAR END,POLICE/FIRE EMERGENCY,DARK-ROAD LIGHTED,RAIN,WET
6836 ,34092429,MONROE,Rochester,,,Y,43.136155,-77.59811,10/14/2011,4:36 PM,PROPERTY DAMAGE AND INJURY,1.,0 ,3 ,COLLISION WITH MOTOR VEHICLE,OTHER,STOP SIGN,DAYLIGHT,RAIN,WET
6836 ,34092603,MONROE,Rochester,,,N,43.2275994,-77.5517754,08/28/2011,7:59 PM,PROPERTY DAMAGE AND INJURY,1.,0 ,1 ,COLL. W/EARTH ELE./ROCK CUT/DITCH,OTHER,NONE,DUSK,CLOUDY,DRY