QUERYID,CASE #,REGN_CNTY_CDE,Municipality,MUNITYPE,REF_MRKR,ATINTERSECTION_IND,Lat,Long,,Time,Crash Type,Injuries,Fatalities,Number of Vehicles,ACCD_TYP,COLLISION_TYP,TRAF_CNTL,Light Condition,Weather Condition,Road Surface Condition
6836 ,34092650,MONROE,Rochester,,,N,43.1503477,-77.6357396,11/12/2011,6:15 PM,INJURY,1.,0 ,1 ,COLLISION WITH BICYCLIST,OTHER,NONE,DARK-ROAD LIGHTED,CLEAR,DRY
6836 ,34092653,MONROE,Rochester,,,Y,43.150419,-77.589868,11/11/2011,5:00 PM,INJURY,1.,0 ,3 ,COLLISION WITH MOTOR VEHICLE,OTHER,TRAFFIC SIGNAL,DARK-ROAD LIGHTED,CLEAR,DRY
6836 ,34092663,MONROE,Rochester,,,Y,43.168447,-77.582416,11/08/2011,10:21 AM,PROPERTY DAMAGE AND INJURY,2.,0 ,2 ,COLLISION WITH MOTOR VEHICLE,RIGHT ANGLE,STOP SIGN,DAYLIGHT,CLOUDY,DRY
6836 ,34092666,MONROE,Rochester,,,Y,43.1458905,-77.609271,11/05/2011,10:53 AM,PROPERTY DAMAGE AND INJURY,1.,0 ,2 ,COLLISION WITH MOTOR VEHICLE,RIGHT ANGLE,TRAFFIC SIGNAL,DAYLIGHT,CLEAR,DRY
6836 ,34092672,MONROE,Rochester,,,Y,43.162401,-77.602368,11/09/2011,9:12 AM,PROPERTY DAMAGE AND INJURY,1.,0 ,2 ,COLLISION WITH MOTOR VEHICLE,RIGHT ANGLE,STOP SIGN,DAYLIGHT,CLEAR,DRY
6836 ,34092684,MONROE,Rochester,,,Y,43.168289,-77.561631,11/09/2011,9:16 AM,PROPERTY DAMAGE AND INJURY,2.,0 ,2 ,COLLISION WITH MOTOR VEHICLE,RIGHT ANGLE,STOP SIGN,DAYLIGHT,CLEAR,DRY
6836 ,34092685,MONROE,Rochester,,,N,43.1706904,-77.5925558,11/12/2011,9:34 PM,INJURY,1.,0 ,1 ,COLLISION WITH BICYCLIST,OTHER,NONE,DARK-ROAD LIGHTED,CLEAR,DRY
6836 ,34092686,MONROE,Rochester,,,Y,43.142684,-77.61608,11/12/2011,10:17 PM,PROPERTY DAMAGE AND INJURY,1.,0 ,2 ,COLLISION WITH MOTOR VEHICLE,REAR END,YIELD SIGN,DARK-ROAD LIGHTED,CLEAR,DRY
6836 ,34092819,MONROE,Rochester,,,N,43.182053,-77.5827333,11/12/2011,3:05 AM,PROPERTY DAMAGE AND INJURY,3.,0 ,2 ,COLLISION WITH MOTOR VEHICLE,OVERTAKING,NONE,DARK-ROAD LIGHTED,CLEAR,DRY
6836 ,34092820,MONROE,Rochester,,,Y,43.161955,-77.602628,11/05/2011,12:53 AM,PROPERTY DAMAGE AND INJURY,1.,0 ,2 ,COLLISION WITH MOTOR VEHICLE,HEAD ON,NONE,DARK-ROAD LIGHTED,CLEAR,DRY
6836 ,34093426,MONROE,Greece,,386 43011023,N,43.2085894,-77.7319162,11/13/2011,9:15 AM,PROPERTY DAMAGE AND INJURY,2.,0 ,2 ,COLLISION WITH MOTOR VEHICLE,RIGHT ANGLE,STOP SIGN,DAYLIGHT,CLEAR,DRY
6836 ,34093427,MONROE,Irondequoit,,,Y,43.210599,-77.6009239,11/13/2011,5:14 AM,PROPERTY DAMAGE AND INJURY,2.,0 ,1 ,COLLISION WITH CURBING,OTHER,TRAFFIC SIGNAL,DARK-ROAD LIGHTED,CLEAR,DRY
6836 ,34093428,MONROE,Henrietta,,,Y,43.0947577,-77.6135188,11/12/2011,7:42 PM,INJURY,3.,0 ,2 ,COLLISION WITH MOTOR VEHICLE,RIGHT ANGLE,TRAFFIC SIGNAL,DARK-ROAD UNLIGHTED,CLOUDY,DRY
6836 ,34093431,MONROE,Penfield,,,N,43.1301483,-77.494792,11/13/2011,7:12 PM,PROPERTY DAMAGE AND INJURY,1.,0 ,1 ,COLLISION WITH CURBING,OTHER,NONE,DARK-ROAD LIGHTED,CLEAR,DRY
6836 ,34093434,MONROE,Brockport,,,Y,43.20862,-77.940587,11/05/2011,3:29 PM,PROPERTY DAMAGE AND INJURY,1.,0 ,3 ,COLLISION WITH MOTOR VEHICLE,OTHER,NONE,DAYLIGHT,CLEAR,DRY
6836 ,34093444,MONROE,Brockport,,19 43041060,Y,43.2177785,-77.9378202,11/05/2011,12:55 PM,PROPERTY DAMAGE AND INJURY,2.,0 ,2 ,COLLISION WITH MOTOR VEHICLE,REAR END,NONE,DAYLIGHT,CLEAR,DRY
6836 ,34093449,MONROE,Mendon,,15A43041021,N,42.9717922,-77.6181347,11/06/2011,12:40 PM,PROPERTY DAMAGE AND INJURY,1.,0 ,2 ,COLLISION WITH DEER,OTHER,NONE,DAYLIGHT,CLEAR,DRY
6836 ,34093451,MONROE,Irondequoit,,,N,43.2127334,-77.5948356,11/13/2011,2:36 PM,INJURY,1.,0 ,1 ,COLLISION WITH PEDESTRIAN,OTHER,NONE,DAYLIGHT,CLOUDY,DRY
6836 ,34093453,MONROE,Chili,,252 43011038,N,43.0938388,-77.6970757,11/01/2011,7:03 PM,PROPERTY DAMAGE AND INJURY,2.,0 ,2 ,COLLISION WITH MOTOR VEHICLE,LEFT TURN (WITH OTHER CAR),TRAFFIC SIGNAL,DARK-ROAD LIGHTED,CLEAR,DRY
6836 ,34093463,MONROE,Gates,,,Y,43.152616,-77.69101,11/13/2011,6:25 PM,INJURY,1.,0 ,2 ,COLLISION WITH MOTOR VEHICLE,REAR END,NONE,DAYLIGHT,CLEAR,DRY
6836 ,34093466,MONROE,Brighton,,,N,43.1264133,-77.5655228,11/14/2011,6:07 PM,PROPERTY DAMAGE AND INJURY,2.,0 ,2 ,COLLISION WITH MOTOR VEHICLE,REAR END,TRAFFIC SIGNAL,DARK-ROAD LIGHTED,RAIN,WET
6836 ,34093468,MONROE,Brighton,,15 43031120,N,43.1020446,-77.6289037,11/14/2011,5:52 PM,INJURY,1.,0 ,2 ,COLLISION WITH MOTOR VEHICLE,REAR END,NONE,DARK-ROAD LIGHTED,RAIN,WET
6836 ,34093779,MONROE,Ogden,,,Y,43.15047,-77.8265491,11/15/2011,6:58 AM,PROPERTY DAMAGE AND INJURY,2.,0 ,2 ,COLLISION WITH MOTOR VEHICLE,RIGHT ANGLE,STOP SIGN,DAWN,CLOUDY,WET
6836 ,34093808,MONROE,Henrietta,,,Y,43.083215,-77.658802,11/15/2011,11:15 AM,PROPERTY DAMAGE AND INJURY,2.,0 ,2 ,COLLISION WITH MOTOR VEHICLE,REAR END,TRAFFIC SIGNAL,DAYLIGHT,CLOUDY,DRY
6836 ,34093871,MONROE,Irondequoit,,,N,43.1993612,-77.5759659,11/03/2011,8:35 PM,INJURY,2.,0 ,2 ,COLLISION WITH MOTOR VEHICLE,REAR END,NONE,DARK-ROAD LIGHTED,RAIN,WET
6836 ,34093967,MONROE,Brighton,,,Y,43.104985,-77.621463,11/15/2011,3:56 PM,PROPERTY DAMAGE AND INJURY,1.,0 ,3 ,COLLISION WITH MOTOR VEHICLE,OTHER,STOP SIGN,DAYLIGHT,CLEAR,DRY
6836 ,34094053,MONROE,Ogden,,,N,43.1786548,-77.8055228,11/12/2011,10:12 PM,PROPERTY DAMAGE AND INJURY,1.,0 ,1 ,COLLISION WITH GUIDE RAIL,OTHER,NONE,DARK-ROAD UNLIGHTED,CLEAR,DRY
6836 ,34094122,MONROE,Penfield,,,N,43.182405,-77.5021867,11/13/2011,11:03 PM,PROPERTY DAMAGE AND INJURY,1.,0 ,2 ,COLLISION WITH MOTOR VEHICLE,OTHER,TRAFFIC SIGNAL,DARK-ROAD LIGHTED,CLEAR,DRY
6836 ,34094556,MONROE,Greece,,,Y,43.25296,-77.687914,11/14/2011,4:20 PM,PROPERTY DAMAGE AND INJURY,4.,0 ,4 ,COLLISION WITH MOTOR VEHICLE,OTHER,TRAFFIC SIGNAL,DAYLIGHT,CLOUDY,DRY
6836 ,34094583,MONROE,Greece,,,N,43.2422873,-77.6468382,11/10/2011,7:27 PM,INJURY,1.,0 ,2 ,COLLISION WITH MOTOR VEHICLE,LEFT TURN (WITH OTHER CAR),NONE,DARK-ROAD LIGHTED,CLEAR,DRY
6836 ,34094592,MONROE,Ogden,,259 43011026,N,43.1298821,-77.8070089,11/09/2011,5:46 PM,PROPERTY DAMAGE AND INJURY,2.,0 ,2 ,COLLISION WITH MOTOR VEHICLE,REAR END,NONE,DARK-ROAD UNLIGHTED,CLEAR,DRY
6836 ,34094642,MONROE,Scottsville,,,N,43.0238139,-77.7470592,11/16/2011,7:04 AM,PROPERTY DAMAGE AND INJURY,2.,0 ,1 ,COLLISION WITH SIGN POST,OTHER,NONE,DAWN,CLOUDY,DRY
6836 ,34094728,MONROE,Chili,,,N,43.107142,-77.7625607,11/11/2011,6:40 PM,PROPERTY DAMAGE AND INJURY,1.,0 ,1 ,COLL. W/EARTH ELE./ROCK CUT/DITCH,OTHER,NONE,DARK-ROAD LIGHTED,CLOUDY,SNOW/ICE
6836 ,34094746,MONROE,Gates,,490I43021173,N,43.1572399,-77.6881971,11/13/2011,7:26 AM,PROPERTY DAMAGE AND INJURY,1.,0 ,1 ,COLLISION WITH GUIDE RAIL,OTHER,NONE,DAYLIGHT,CLEAR,DRY
6836 ,34094776,MONROE,Penfield,,,N,43.153522,-77.4800997,11/06/2011,6:50 PM,PROPERTY DAMAGE AND INJURY,1.,0 ,2 ,COLLISION WITH MOTOR VEHICLE,REAR END,NONE,DARK-ROAD UNLIGHTED,CLOUDY,DRY
6836 ,34094872,MONROE,Rochester,,,Y,43.1342893,-77.6509434,11/13/2011,12:46 AM,INJURY,1.,0 ,2 ,COLLISION WITH MOTOR VEHICLE,OTHER,NONE,DARK-ROAD LIGHTED,CLEAR,DRY
6836 ,34094878,MONROE,Rochester,,,Y,43.154061,-77.6150771,11/11/2011,10:20 PM,PROPERTY DAMAGE AND INJURY,3.,0 ,2 ,COLLISION WITH MOTOR VEHICLE,REAR END,TRAFFIC SIGNAL,DARK-ROAD LIGHTED,CLEAR,DRY
6836 ,34094932,MONROE,Henrietta,,,N,43.0875253,-77.6093541,11/16/2011,1:29 PM,INJURY,1.,0 ,2 ,COLLISION WITH MOTOR VEHICLE,LEFT TURN (AGAINST OTHER CAR),NONE,DAYLIGHT,CLOUDY,DRY
6836 ,34094939,MONROE,Rochester,,,Y,43.175441,-77.591233,10/30/2011,2:51 AM,PROPERTY DAMAGE AND INJURY,1.,0 ,2 ,COLLISION WITH MOTOR VEHICLE,REAR END,TRAFFIC SIGNAL,DARK-ROAD LIGHTED,CLEAR,DRY
6836 ,34094958,MONROE,Pittsford,,96 43051056,Y,43.090112,-77.515752,11/11/2011,12:17 PM,PROPERTY DAMAGE AND INJURY,1.,0 ,2 ,COLLISION WITH MOTOR VEHICLE,LEFT TURN (AGAINST OTHER CAR),NONE,DAYLIGHT,RAIN,WET
6836 ,34094982,MONROE,Henrietta,,390I43031078,N,43.0450704,-77.6489133,11/16/2011,5:50 AM,PROPERTY DAMAGE AND INJURY,1.,0 ,2 ,COLLISION WITH MOTOR VEHICLE,REAR END,NONE,DARK-ROAD UNLIGHTED,CLOUDY,DRY
6836 ,34094994,MONROE,Henrietta,,,N,43.0869553,-77.5918171,11/16/2011,5:53 PM,INJURY,1.,0 ,2 ,COLLISION WITH MOTOR VEHICLE,REAR END,NONE,DARK-ROAD UNLIGHTED,CLOUDY,DRY
6836 ,34095001,MONROE,Greece,,,N,43.2137872,-77.7527946,11/09/2011,7:00 PM,INJURY,1.,0 ,2 ,COLLISION WITH MOTOR VEHICLE,REAR END,NONE,DARK-ROAD LIGHTED,CLEAR,DRY
6836 ,34095073,MONROE,Greece,,947A43021160,N,43.2968036,-77.7188785,11/11/2011,1:34 PM,PROPERTY DAMAGE AND INJURY,2.,0 ,1 ,COLLISION WITH GUIDE RAIL,OTHER,NONE,DAYLIGHT,CLOUDY,WET
6836 ,34095116,MONROE,Greece,,18 43031194,N,43.252888,-77.6684398,11/13/2011,5:08 PM,PROPERTY DAMAGE AND INJURY,1.,0 ,2 ,COLLISION WITH MOTOR VEHICLE,LEFT TURN (AGAINST OTHER CAR),TRAFFIC SIGNAL,DARK-ROAD LIGHTED,CLOUDY,DRY
6836 ,34095120,MONROE,Irondequoit,,,N,43.2110557,-77.5851732,11/15/2011,1:05 PM,PROPERTY DAMAGE AND INJURY,2.,0 ,2 ,COLLISION WITH MOTOR VEHICLE,REAR END,NONE,DAYLIGHT,CLOUDY,DRY
6836 ,34095125,MONROE,Henrietta,,,Y,43.065021,-77.590091,11/15/2011,3:18 PM,PROPERTY DAMAGE AND INJURY,1.,0 ,2 ,COLLISION WITH MOTOR VEHICLE,REAR END,NONE,DAYLIGHT,CLOUDY,DRY
6836 ,34095247,MONROE,Pittsford,,31F43011006,N,43.1118852,-77.5088489,11/11/2011,11:35 AM,PROPERTY DAMAGE AND INJURY,1.,0 ,3 ,COLLISION WITH MOTOR VEHICLE,OTHER,NONE,DAYLIGHT,CLOUDY,DRY
6836 ,34095479,MONROE,Irondequoit,,,Y,43.230391,-77.599329,11/09/2011,3:14 PM,INJURY,2.,0 ,2 ,COLLISION WITH MOTOR VEHICLE,UNKNOWN,TRAFFIC SIGNAL,DAYLIGHT,CLOUDY,DRY
6836 ,34095824,MONROE,Henrietta,,,Y,43.059358,-77.612421,10/01/2011,12:00 PM,PROPERTY DAMAGE AND INJURY,1.,0 ,2 ,COLLISION WITH MOTOR VEHICLE,REAR END,TRAFFIC SIGNAL,DAYLIGHT,RAIN,WET
6836 ,34096750,MONROE,Rochester,,,N,43.1363933,-77.629055,11/01/2011,1:16 PM,PROPERTY DAMAGE AND INJURY,1.,0 ,2 ,COLLISION WITH MOTOR VEHICLE,HEAD ON,NONE,DAYLIGHT,CLEAR,DRY
6836 ,34096822,MONROE,Brighton,,15 43031125,Y,43.105104,-77.627356,11/14/2011,5:52 PM,INJURY,1.,0 ,3 ,COLLISION WITH MOTOR VEHICLE,OTHER,TRAFFIC SIGNAL,DARK-ROAD LIGHTED,RAIN,WET
6836 ,34097156,MONROE,Henrietta,,,N,43.058833,-77.641785,08/22/2011,4:37 PM,FATAL,2.,1 ,2 ,COLLISION WITH MOTOR VEHICLE,RIGHT ANGLE,TRAFFIC SIGNAL,DAYLIGHT,CLEAR,DRY
6836 ,34097251,MONROE,Perinton,,,Y,43.064483,-77.396752,09/27/2011,2:30 PM,PROPERTY DAMAGE AND INJURY,1.,0 ,2 ,COLLISION WITH MOTOR VEHICLE,REAR END,TRAFFIC SIGNAL,UNKNOWN,UNKNOWN,UNKNOWN
6836 ,34097525,MONROE,Henrietta,,,N,43.0824087,-77.6366807,10/02/2011,4:45 PM,PROPERTY DAMAGE AND INJURY,1.,0 ,2 ,COLLISION WITH MOTOR VEHICLE,UNKNOWN,NO PASSING ZONE,DAYLIGHT,CLEAR,DRY
6836 ,34097551,MONROE,Greece,,,Y,43.191963,-77.680173,10/06/2011,1:30 PM,INJURY,2.,0 ,2 ,COLLISION WITH MOTOR VEHICLE,REAR END,UNKNOWN,UNKNOWN,UNKNOWN,UNKNOWN
6836 ,34097638,MONROE,Rochester,,,Y,43.147246,-77.605812,11/15/2011,7:58 AM,PROPERTY DAMAGE AND INJURY,2.,0 ,2 ,COLLISION WITH MOTOR VEHICLE,RIGHT ANGLE,STOP SIGN,DAYLIGHT,CLEAR,DRY
6836 ,34097644,MONROE,Rochester,,,N,43.1616433,-77.6197408,11/01/2011,11:03 AM,INJURY,1.,0 ,2 ,COLLISION WITH MOTOR VEHICLE,REAR END,NONE,DAYLIGHT,CLEAR,DRY
6836 ,34097724,MONROE,Penfield,,,N,43.1817026,-77.4108234,11/12/2011,5:50 PM,PROPERTY DAMAGE AND INJURY,1.,0 ,1 ,COLLISION WITH DEER,OTHER,NONE,DARK-ROAD UNLIGHTED,CLEAR,DRY
6836 ,34097763,MONROE,Rochester,,,Y,43.134204,-77.639705,11/06/2011,7:18 PM,PROPERTY DAMAGE AND INJURY,2.,0 ,2 ,COLLISION WITH MOTOR VEHICLE,OVERTAKING,NONE,DARK-ROAD LIGHTED,CLEAR,DRY
6836 ,34097828,MONROE,Rochester,,,N,43.2410265,-77.6206638,11/15/2011,7:44 AM,PROPERTY DAMAGE AND INJURY,1.,0 ,2 ,COLLISION WITH MOTOR VEHICLE,REAR END,NONE,DAYLIGHT,CLOUDY,DRY
6836 ,34097883,MONROE,Brighton,,,N,43.1058451,-77.601102,11/17/2011,8:55 PM,PROPERTY DAMAGE AND INJURY,2.,0 ,2 ,COLLISION WITH MOTOR VEHICLE,REAR END,NONE,DARK-ROAD LIGHTED,CLOUDY,SNOW/ICE
6836 ,34098085,MONROE,Henrietta,,,N,43.047781,-77.648447,11/17/2011,8:36 PM,PROPERTY DAMAGE AND INJURY,3.,0 ,1 ,COLLISION WITH GUIDE RAIL,OTHER,NONE,DARK-ROAD UNLIGHTED,CLOUDY,SNOW/ICE
6836 ,34098160,MONROE,Perinton,,31 43033066,N,43.0775452,-77.4772907,11/12/2011,6:29 PM,PROPERTY DAMAGE AND INJURY,1.,0 ,2 ,COLLISION WITH MOTOR VEHICLE,RIGHT ANGLE,TRAFFIC SIGNAL,DARK-ROAD LIGHTED,CLEAR,DRY
6836 ,34098172,MONROE,Rochester,,,Y,43.124054,-77.64347,11/17/2011,2:22 AM,PROPERTY DAMAGE AND INJURY,1.,0 ,1 ,COLLISION WITH FIRE HYDRANT,OTHER,NONE,DARK-ROAD LIGHTED,CLOUDY,DRY
6836 ,34098177,MONROE,Rochester,,,N,43.1809405,-77.6308009,11/13/2011,12:59 AM,PROPERTY DAMAGE AND INJURY,5.,0 ,1 ,COLLISION WITH CURBING,OTHER,NONE,DARK-ROAD LIGHTED,CLOUDY,WET
6836 ,34098233,MONROE,Penfield,,104 43035051,Y,43.182399,-77.507867,11/14/2011,4:55 PM,PROPERTY DAMAGE AND INJURY,1.,0 ,2 ,COLLISION WITH MOTOR VEHICLE,REAR END,TRAFFIC SIGNAL,DARK-ROAD LIGHTED,RAIN,WET
6836 ,34098289,MONROE,Rochester,,,Y,43.153464,-77.588178,11/15/2011,10:17 AM,PROPERTY DAMAGE AND INJURY,1.,0 ,2 ,COLLISION WITH MOTOR VEHICLE,UNKNOWN,TRAFFIC SIGNAL,DAYLIGHT,CLEAR,DRY
6836 ,34098316,MONROE,Rochester,,,Y,43.203823,-77.65697,11/16/2011,3:22 PM,PROPERTY DAMAGE AND INJURY,1.,0 ,2 ,COLLISION WITH MOTOR VEHICLE,REAR END,TRAFFIC SIGNAL,DAYLIGHT,CLOUDY,DRY
6836 ,34098388,MONROE,Rochester,,,Y,43.235144,-77.6241519,11/17/2011,6:11 PM,INJURY,3.,0 ,1 ,COLLISION WITH PEDESTRIAN,OTHER,TRAFFIC SIGNAL,DARK-ROAD LIGHTED,SNOW,WET
6836 ,34098432,MONROE,Perinton,,,N,43.062605,-77.4707245,11/10/2011,6:00 PM,PROPERTY DAMAGE AND INJURY,1.,0 ,2 ,COLLISION WITH MOTOR VEHICLE,REAR END,NONE,DARK-ROAD UNLIGHTED,CLOUDY,DRY
6836 ,34098438,MONROE,Fairport,,,Y,43.098522,-77.439543,11/15/2011,5:45 PM,PROPERTY DAMAGE AND INJURY,1.,0 ,2 ,COLLISION WITH MOTOR VEHICLE,REAR END,NONE,DAYLIGHT,CLEAR,DRY
6836 ,34098625,MONROE,Webster,,,N,43.2142168,-77.5040399,11/17/2011,5:23 PM,PROPERTY DAMAGE AND INJURY,1.,0 ,2 ,COLLISION WITH MOTOR VEHICLE,REAR END,NONE,DARK-ROAD UNLIGHTED,CLOUDY,DRY
6836 ,34099030,MONROE,Chili,,259 43011004,N,43.096052,-77.799025,11/17/2011,8:10 PM,PROPERTY DAMAGE AND INJURY,2.,0 ,2 ,COLLISION WITH MOTOR VEHICLE,REAR END,NONE,DARK-ROAD LIGHTED,CLOUDY,SNOW/ICE
6836 ,34099100,MONROE,Brighton,,,Y,43.125612,-77.5928961,11/18/2011,4:32 PM,PROPERTY DAMAGE AND INJURY,1.,0 ,2 ,COLLISION WITH MOTOR VEHICLE,LEFT TURN (AGAINST OTHER CAR),TRAFFIC SIGNAL,DUSK,CLEAR,DRY
6836 ,34099102,MONROE,Gates,,,Y,43.149896,-77.690964,11/18/2011,7:24 PM,PROPERTY DAMAGE AND INJURY,2.,0 ,2 ,COLLISION WITH MOTOR VEHICLE,RIGHT ANGLE,TRAFFIC SIGNAL,DARK-ROAD LIGHTED,CLOUDY,DRY
6836 ,34099334,MONROE,Henrietta,,,N,43.0765995,-77.6272532,11/17/2011,8:49 PM,INJURY,2.,0 ,2 ,COLLISION WITH MOTOR VEHICLE,OVERTAKING,NONE,DARK-ROAD UNLIGHTED,CLOUDY,SNOW/ICE
6836 ,34099508,MONROE,Greece,,,N,43.252886,-77.667925,11/18/2011,7:24 AM,PROPERTY DAMAGE AND INJURY,1.,0 ,2 ,COLLISION WITH MOTOR VEHICLE,LEFT TURN (AGAINST OTHER CAR),TRAFFIC SIGNAL,DAYLIGHT,CLEAR,DRY
6836 ,34099510,MONROE,Greece,,,Y,43.186929,-77.732212,11/15/2011,8:21 AM,PROPERTY DAMAGE AND INJURY,1.,0 ,3 ,COLLISION WITH MOTOR VEHICLE,OTHER,NONE,DAYLIGHT,CLOUDY,DRY
6836 ,34099914,MONROE,Henrietta,,383 43012011,N,43.0886907,-77.6038469,11/17/2011,8:50 PM,PROPERTY DAMAGE AND INJURY,1.,0 ,3 ,COLLISION WITH MOTOR VEHICLE,OTHER,NONE,DARK-ROAD UNLIGHTED,SNOW,SNOW/ICE
6836 ,34099920,MONROE,Parma,,261 43011043,Y,43.244333,-77.7515,11/16/2011,6:30 AM,PROPERTY DAMAGE AND INJURY,1.,0 ,2 ,COLLISION WITH MOTOR VEHICLE,RIGHT ANGLE,STOP SIGN,DAWN,CLOUDY,DRY
6836 ,34099925,MONROE,Brighton,,390I43031131,N,43.1055868,-77.6010678,11/16/2011,5:22 PM,PROPERTY DAMAGE AND INJURY,1.,0 ,2 ,COLLISION WITH MOTOR VEHICLE,REAR END,NONE,DARK-ROAD LIGHTED,CLEAR,DRY
6836 ,34099934,MONROE,Henrietta,,15 43031109,N,43.088038,-77.63631,11/12/2011,12:56 PM,PROPERTY DAMAGE AND INJURY,2.,0 ,2 ,COLLISION WITH MOTOR VEHICLE,LEFT TURN (AGAINST OTHER CAR),TRAFFIC SIGNAL,DAYLIGHT,CLEAR,DRY
6836 ,34099952,MONROE,Gates,,,N,43.1682204,-77.6806997,11/18/2011,11:15 AM,INJURY,1.,0 ,2 ,COLLISION WITH MOTOR VEHICLE,OVERTAKING,NONE,DAYLIGHT,CLEAR,DRY
6836 ,34100058,MONROE,Webster,,104 43035250,N,43.213782,-77.476276,11/17/2011,4:40 PM,PROPERTY DAMAGE AND INJURY,1.,0 ,1 ,COLLISION WITH DEER,OTHER,NONE,DUSK,CLEAR,DRY
6836 ,34100063,MONROE,Rochester,,,N,43.144326,-77.5562011,11/16/2011,2:25 PM,PROPERTY DAMAGE AND INJURY,1.,0 ,3 ,COLLISION WITH MOTOR VEHICLE,OTHER,TRAFFIC SIGNAL,DAYLIGHT,CLOUDY,DRY
6836 ,34100187,MONROE,Greece,,,Y,43.210592,-77.707728,11/15/2011,7:11 PM,PROPERTY DAMAGE AND INJURY,1.,0 ,2 ,COLLISION WITH MOTOR VEHICLE,REAR END,TRAFFIC SIGNAL,DARK-ROAD LIGHTED,CLOUDY,DRY
6836 ,34100555,MONROE,Penfield,,,N,43.1317257,-77.4935051,11/18/2011,4:15 PM,INJURY,1.,0 ,2 ,COLLISION WITH MOTOR VEHICLE,REAR END,TRAFFIC SIGNAL,DAYLIGHT,CLEAR,DRY
6836 ,34100562,MONROE,Perinton,,250 43011031,N,43.0794207,-77.4420887,11/17/2011,10:00 AM,INJURY,1.,0 ,2 ,COLLISION WITH MOTOR VEHICLE,REAR END,NONE,DAYLIGHT,CLOUDY,DRY
6836 ,34100584,MONROE,Ogden,,,N,43.1781117,-77.753563,11/18/2011,9:44 PM,PROPERTY DAMAGE AND INJURY,1.,0 ,2 ,COLLISION WITH MOTOR VEHICLE,RIGHT ANGLE,NONE,DARK-ROAD LIGHTED,CLEAR,DRY
6836 ,34100647,MONROE,Rochester,,,Y,43.180932,-77.595442,11/19/2011,8:08 PM,PROPERTY DAMAGE AND INJURY,5.,0 ,2 ,COLLISION WITH MOTOR VEHICLE,LEFT TURN (WITH OTHER CAR),TRAFFIC SIGNAL,DARK-ROAD LIGHTED,CLEAR,DRY
6836 ,34100662,MONROE,Rochester,,,N,43.1824292,-77.5640511,11/14/2011,9:29 AM,PROPERTY DAMAGE AND INJURY,1.,0 ,1 ,COLL. W/LIGHT SUPPORT/UTILITY POLE,OTHER,NONE,DAYLIGHT,CLEAR,DRY
6836 ,34100673,MONROE,Rochester,,,Y,43.1428748,-77.5872886,11/12/2011,12:22 PM,INJURY,2.,0 ,2 ,COLLISION WITH MOTOR VEHICLE,REAR END,NONE,DAYLIGHT,CLEAR,DRY
6836 ,34100704,MONROE,Rochester,,,Y,43.15007,-77.599852,11/17/2011,9:39 PM,INJURY,4.,0 ,2 ,COLLISION WITH MOTOR VEHICLE,REAR END,TRAFFIC SIGNAL,DARK-ROAD LIGHTED,CLOUDY,DRY
6836 ,34101477,MONROE,Gates,,,N,43.1604947,-77.7229823,11/20/2011,12:52 PM,PROPERTY DAMAGE AND INJURY,1.,0 ,1 ,COLLISION WITH TREE,OTHER,NONE,DAYLIGHT,CLOUDY,DRY
6836 ,34101483,MONROE,Mendon,,,N,43.0164078,-77.5250469,11/19/2011,3:00 PM,INJURY,1.,0 ,1 ,COLLISION WITH BICYCLIST,OTHER,NONE,DAYLIGHT,CLEAR,DRY
6836 ,34101485,MONROE,Gates,,33 43031119,N,43.1465146,-77.7133627,11/21/2011,12:30 PM,PROPERTY DAMAGE AND INJURY,1.,0 ,2 ,COLLISION WITH MOTOR VEHICLE,RIGHT ANGLE,NONE,DAYLIGHT,CLEAR,DRY
6836 ,34101487,MONROE,Perinton,,,N,43.0694942,-77.4344052,11/08/2011,2:51 PM,INJURY,1.,0 ,3 ,COLLISION WITH MOTOR VEHICLE,OTHER,NONE,DAYLIGHT,CLEAR,DRY
6836 ,34101499,MONROE,Brockport,,,N,43.2130197,-77.9319476,11/07/2011,12:18 PM,PROPERTY DAMAGE AND INJURY,1.,0 ,1 ,OVERTURNED,OTHER,NONE,DAYLIGHT,CLEAR,DRY
6836 ,34101595,MONROE,Rochester,,,N,43.1748599,-77.6196145,11/07/2011,3:28 PM,INJURY,1.,0 ,1 ,COLLISION WITH PEDESTRIAN,OTHER,NONE,DAYLIGHT,CLOUDY,DRY
6836 ,34101604,MONROE,Rochester,,,Y,43.164674,-77.665804,11/09/2011,5:18 PM,PROPERTY DAMAGE AND INJURY,1.,0 ,2 ,COLLISION WITH MOTOR VEHICLE,RIGHT ANGLE,STOP SIGN,DARK-ROAD LIGHTED,CLEAR,DRY
6836 ,34101685,MONROE,Rochester,,,N,43.1393514,-77.6227651,10/23/2011,2:32 PM,PROPERTY DAMAGE AND INJURY,1.,0 ,2 ,COLLISION WITH MOTOR VEHICLE,UNKNOWN,NONE,DAYLIGHT,CLEAR,DRY
6836 ,34101735,MONROE,Rochester,,,Y,43.156599,-77.608896,10/22/2011,12:20 PM,PROPERTY DAMAGE AND INJURY,3.,0 ,3 ,COLLISION WITH MOTOR VEHICLE,OTHER,TRAFFIC SIGNAL,DAYLIGHT,CLOUDY,DRY
6836 ,34101737,MONROE,Rochester,,,N,43.1673427,-77.5940944,10/07/2011,11:40 AM,INJURY,1.,0 ,1 ,COLLISION WITH BICYCLIST,OTHER,NONE,DAYLIGHT,CLEAR,DRY
6836 ,34102443,MONROE,Wheatland,,383 43011071,Y,43.030032,-77.7420679,11/22/2011,8:55 AM,PROPERTY DAMAGE AND INJURY,3.,0 ,2 ,COLLISION WITH MOTOR VEHICLE,RIGHT ANGLE,STOP SIGN,DAYLIGHT,CLEAR,DRY
6836 ,34102477,MONROE,Gates,,,Y,43.164702,-77.688016,11/22/2011,7:01 PM,INJURY,1.,0 ,1 ,COLLISION WITH PEDESTRIAN,OTHER,TRAFFIC SIGNAL,DARK-ROAD LIGHTED,RAIN,WET