QUERYID,CASE #,REGN_CNTY_CDE,Municipality,MUNITYPE,REF_MRKR,ATINTERSECTION_IND,Lat,Long,,Time,Crash Type,Injuries,Fatalities,Number of Vehicles,ACCD_TYP,COLLISION_TYP,TRAF_CNTL,Light Condition,Weather Condition,Road Surface Condition
6836 ,34102536,MONROE,Rochester,,,N,43.147852,-77.6257313,11/20/2011,3:52 AM,PROPERTY DAMAGE AND INJURY,1.,0 ,4 ,COLLISION WITH MOTOR VEHICLE,OTHER,NONE,DARK-ROAD LIGHTED,CLOUDY,DRY
6836 ,34102816,MONROE,Rochester,,390I43033004,N,43.125186,-77.653843,11/17/2011,5:22 PM,INJURY,3.,0 ,2 ,COLLISION WITH MOTOR VEHICLE,REAR END,NONE,DARK-ROAD LIGHTED,CLOUDY,DRY
6836 ,34102835,MONROE,Gates,,490I43021150,N,43.1425477,-77.7179833,11/17/2011,8:12 PM,PROPERTY DAMAGE AND INJURY,1.,0 ,1 ,OVERTURNED,OTHER,NONE,DARK-ROAD LIGHTED,SNOW,SNOW/ICE
6836 ,34102921,MONROE,Chili,,252A43011045,N,43.1090181,-77.6746493,11/22/2011,12:43 PM,INJURY,1.,0 ,2 ,COLLISION WITH MOTOR VEHICLE,REAR END,TRAFFIC SIGNAL,DAYLIGHT,CLOUDY,DRY
6836 ,34102953,MONROE,Greece,,,Y,43.223754,-77.659043,11/21/2011,11:31 AM,PROPERTY DAMAGE AND INJURY,1.,0 ,2 ,COLLISION WITH MOTOR VEHICLE,RIGHT ANGLE,TRAFFIC SIGNAL,DAYLIGHT,CLOUDY,DRY
6836 ,34102962,MONROE,Chili,,259 43011016,N,43.1156666,-77.8042962,11/16/2011,5:49 PM,PROPERTY DAMAGE AND INJURY,3.,0 ,1 ,COLLISION WITH CURBING,OTHER,NONE,DARK-ROAD LIGHTED,CLEAR,DRY
6836 ,34103035,MONROE,Greece,,,N,43.2529599,-77.6475406,11/18/2011,4:51 PM,INJURY,1.,0 ,1 ,COLLISION WITH BICYCLIST,OTHER,NONE,DUSK,CLOUDY,DRY
6836 ,34103092,MONROE,Greece,,,Y,43.243467,-77.646835,11/20/2011,10:48 AM,PROPERTY DAMAGE AND INJURY,1.,0 ,2 ,COLLISION WITH MOTOR VEHICLE,RIGHT ANGLE,STOP SIGN,DAYLIGHT,CLOUDY,DRY
6836 ,34103185,MONROE,Brighton,,,Y,43.1153486,-77.5969797,11/22/2011,8:40 AM,INJURY,2.,0 ,2 ,COLLISION WITH MOTOR VEHICLE,REAR END,TRAFFIC SIGNAL,DAYLIGHT,CLEAR,DRY
6836 ,34103476,MONROE,Penfield,,,N,43.1271837,-77.4941287,11/22/2011,5:10 PM,PROPERTY DAMAGE AND INJURY,1.,0 ,2 ,COLLISION WITH MOTOR VEHICLE,LEFT TURN (AGAINST OTHER CAR),TRAFFIC SIGNAL,DARK-ROAD LIGHTED,RAIN,WET
6836 ,34103517,MONROE,Rochester,,,N,43.1710705,-77.6076609,11/22/2011,7:42 AM,INJURY,1.,0 ,2 ,COLLISION WITH MOTOR VEHICLE,REAR END,NONE,DAYLIGHT,CLEAR,DRY
6836 ,34103776,MONROE,Webster,,,N,43.2039461,-77.4890848,11/22/2011,8:35 AM,PROPERTY DAMAGE AND INJURY,1.,0 ,2 ,COLLISION WITH MOTOR VEHICLE,REAR END,NONE,DAYLIGHT,CLOUDY,DRY
6836 ,34103977,MONROE,Rochester,,,Y,43.14997,-77.651058,11/22/2011,8:06 PM,INJURY,1.,0 ,1 ,COLLISION WITH PEDESTRIAN,OTHER,TRAFFIC SIGNAL,DARK-ROAD LIGHTED,RAIN,WET
6836 ,34104067,MONROE,Brighton,,96 43051094,N,43.1327529,-77.5334145,11/23/2011,12:14 PM,PROPERTY DAMAGE AND INJURY,1.,0 ,1 ,COLLISION WITH CURBING,OTHER,NONE,DAYLIGHT,CLOUDY,WET
6836 ,34104085,MONROE,Gates,,,Y,43.169535,-77.701549,11/22/2011,9:03 PM,PROPERTY DAMAGE AND INJURY,2.,0 ,2 ,COLLISION WITH MOTOR VEHICLE,LEFT TURN (AGAINST OTHER CAR),TRAFFIC SIGNAL,DARK-ROAD LIGHTED,RAIN,WET
6836 ,34104225,MONROE,Gates,,390 43011014,N,43.178508,-77.6833806,11/21/2011,7:06 AM,PROPERTY DAMAGE AND INJURY,1.,0 ,2 ,COLLISION WITH MOTOR VEHICLE,REAR END,TRAFFIC SIGNAL,DAWN,RAIN,WET
6836 ,34104233,MONROE,Rochester,,,N,43.1939003,-77.6563535,11/23/2011,2:12 PM,PROPERTY DAMAGE AND INJURY,1.,0 ,3 ,COLLISION WITH MOTOR VEHICLE,OTHER,NONE,DAYLIGHT,CLOUDY,DRY
6836 ,34104304,MONROE,Rochester,,,Y,43.150091,-77.574089,11/22/2011,6:44 PM,INJURY,1.,0 ,1 ,COLLISION WITH PEDESTRIAN,OTHER,NONE,DARK-ROAD LIGHTED,RAIN,WET
6836 ,34104603,MONROE,Greece,,,Y,43.236383,-77.635523,11/22/2011,11:46 AM,INJURY,1.,0 ,2 ,COLLISION WITH MOTOR VEHICLE,REAR END,NONE,DAYLIGHT,CLOUDY,DRY
6836 ,34104619,MONROE,Chili,,,N,43.096052,-77.799025,11/22/2011,7:54 AM,PROPERTY DAMAGE AND INJURY,2.,0 ,2 ,COLLISION WITH MOTOR VEHICLE,LEFT TURN (WITH OTHER CAR),TRAFFIC SIGNAL,DAYLIGHT,CLOUDY,DRY
6836 ,34104677,MONROE,Greece,,390 43011034,N,43.2054836,-77.6761947,11/18/2011,6:01 PM,PROPERTY DAMAGE AND INJURY,1.,0 ,2 ,COLLISION WITH MOTOR VEHICLE,REAR END,NONE,DARK-ROAD LIGHTED,CLEAR,DRY
6836 ,34104725,MONROE,Gates,,,N,43.1615433,-77.7324128,11/23/2011,5:23 PM,INJURY,1.,0 ,2 ,COLLISION WITH MOTOR VEHICLE,REAR END,NONE,DARK-ROAD UNLIGHTED,CLOUDY,DRY
6836 ,34104753,MONROE,Gates,,490I43021146,N,43.1365168,-77.7178463,11/17/2011,7:56 PM,PROPERTY DAMAGE AND INJURY,1.,0 ,1 ,COLLISION WITH GUIDE RAIL,OTHER,NONE,DARK-ROAD LIGHTED,SNOW,SNOW/ICE
6836 ,34104785,MONROE,Rochester,,,Y,43.182088,-77.613681,11/23/2011,10:55 PM,PROPERTY DAMAGE AND INJURY,1.,0 ,2 ,COLLISION WITH MOTOR VEHICLE,REAR END,NONE,DARK-ROAD LIGHTED,CLEAR,DRY
6836 ,34104828,MONROE,Brighton,,15 43031124,N,43.1074423,-77.6261607,11/24/2011,7:46 AM,PROPERTY DAMAGE AND INJURY,2.,0 ,2 ,COLLISION WITH MOTOR VEHICLE,OVERTAKING,TRAFFIC SIGNAL,DAYLIGHT,CLEAR,SNOW/ICE
6836 ,34104831,MONROE,Rochester,,104 43032022,N,43.1926805,-77.6209201,11/15/2011,1:20 PM,PROPERTY DAMAGE AND INJURY,3.,0 ,1 ,COLLISION WITH OTHER BARRIER,OTHER,NONE,DAYLIGHT,CLOUDY,DRY
6836 ,34104833,MONROE,Rochester,,,Y,43.1446991,-77.6289865,11/24/2011,12:28 AM,INJURY,1.,0 ,2 ,COLLISION WITH MOTOR VEHICLE,OVERTAKING,NONE,DARK-ROAD LIGHTED,CLEAR,DRY
6836 ,34104839,MONROE,Rochester,,104 43032032,N,43.1919445,-77.601544,11/18/2011,11:00 PM,PROPERTY DAMAGE AND INJURY,2.,0 ,2 ,COLLISION WITH MOTOR VEHICLE,OVERTAKING,NONE,DARK-ROAD LIGHTED,CLOUDY,DRY
6836 ,34104880,MONROE,Rochester,,,Y,43.1608839,-77.5896301,11/23/2011,3:37 PM,INJURY,1.,0 ,2 ,COLLISION WITH MOTOR VEHICLE,REAR END,TRAFFIC SIGNAL,DAYLIGHT,CLEAR,DRY
6836 ,34104902,MONROE,Chili,,383 43011156,N,43.1222911,-77.6478964,11/09/2011,10:45 AM,PROPERTY DAMAGE AND INJURY,1.,0 ,2 ,COLLISION WITH SIGN POST,UNKNOWN,TRAFFIC SIGNAL,DAYLIGHT,CLEAR,DRY
6836 ,34104917,MONROE,Rochester,,,Y,43.193781,-77.600001,11/23/2011,5:28 PM,INJURY,1.,0 ,2 ,COLLISION WITH MOTOR VEHICLE,RIGHT ANGLE,NONE,DARK-ROAD LIGHTED,CLOUDY,DRY
6836 ,34104931,MONROE,Webster,,,Y,43.230912,-77.428526,11/18/2011,3:06 AM,PROPERTY DAMAGE AND INJURY,1.,0 ,1 ,COLLISION WITH DEER,OTHER,NONE,DARK-ROAD UNLIGHTED,CLEAR,WET
6836 ,34104954,MONROE,Rochester,,940T43011002,N,43.1559386,-77.6200863,11/19/2011,12:23 PM,PROPERTY DAMAGE AND INJURY,1.,0 ,1 ,COLLISION WITH OTHER BARRIER,OTHER,NONE,DAYLIGHT,CLEAR,DRY
6836 ,34105115,MONROE,Rochester,,,Y,43.158106,-77.625163,11/10/2011,3:34 PM,PROPERTY DAMAGE AND INJURY,1.,0 ,2 ,COLLISION WITH MOTOR VEHICLE,REAR END,TRAFFIC SIGNAL,DAYLIGHT,CLEAR,DRY
6836 ,34105316,MONROE,Rochester,,,N,43.1612492,-77.5879623,11/16/2011,8:57 PM,INJURY,1.,0 ,1 ,COLLISION WITH PEDESTRIAN,OTHER,TRAFFIC SIGNAL,DARK-ROAD LIGHTED,CLEAR,DRY
6836 ,34105381,MONROE,Hilton,,18 43031112,N,43.2829441,-77.7913859,11/16/2011,6:00 PM,PROPERTY DAMAGE AND INJURY,1.,0 ,2 ,COLLISION WITH MOTOR VEHICLE,REAR END,NONE,DARK-ROAD LIGHTED,CLOUDY,DRY
6836 ,34105512,MONROE,Rochester,,490I43022064,N,43.1446426,-77.5574679,11/20/2011,8:45 AM,PROPERTY DAMAGE AND INJURY,1.,0 ,1 ,COLLISION WITH OTHER BARRIER,OTHER,NONE,DAYLIGHT,CLOUDY,DRY
6836 ,34105706,MONROE,Brighton,,,N,43.1033091,-77.615449,10/17/2011,12:05 PM,PROPERTY DAMAGE AND INJURY,2.,0 ,2 ,COLLISION WITH MOTOR VEHICLE,RIGHT ANGLE,STOP SIGN,DAYLIGHT,CLOUDY,DRY
6836 ,34105773,MONROE,Rochester,,,Y,43.169745,-77.595153,10/19/2011,6:51 PM,INJURY,1.,0 ,1 ,COLLISION WITH BICYCLIST,OTHER,TRAFFIC SIGNAL,DARK-ROAD LIGHTED,CLOUDY,WET
6836 ,34105775,MONROE,Rochester,,,Y,43.156584,-77.615059,10/20/2011,8:10 AM,PROPERTY DAMAGE AND INJURY,1.,0 ,2 ,COLLISION WITH MOTOR VEHICLE,RIGHT ANGLE,STOP SIGN,DAYLIGHT,CLOUDY,WET
6836 ,34106226,MONROE,Rochester,,,Y,43.200455,-77.638723,10/21/2011,2:01 PM,PROPERTY DAMAGE AND INJURY,1.,0 ,2 ,COLLISION WITH MOTOR VEHICLE,LEFT TURN (AGAINST OTHER CAR),TRAFFIC SIGNAL,DAYLIGHT,CLOUDY,DRY
6836 ,34106227,MONROE,Rochester,,,Y,43.173324,-77.612791,10/18/2011,5:17 PM,INJURY,1.,0 ,2 ,COLLISION WITH MOTOR VEHICLE,REAR END,NONE,DAYLIGHT,CLEAR,DRY
6836 ,34106231,MONROE,Rochester,,,Y,43.195219,-77.612361,10/23/2011,12:31 PM,PROPERTY DAMAGE AND INJURY,1.,0 ,2 ,COLLISION WITH MOTOR VEHICLE,LEFT TURN (AGAINST OTHER CAR),NONE,DAYLIGHT,CLEAR,DRY
6836 ,34106364,MONROE,Greece,,,Y,43.197797,-77.701238,10/24/2011,5:42 PM,PROPERTY DAMAGE AND INJURY,1.,0 ,2 ,COLLISION WITH MOTOR VEHICLE,RIGHT ANGLE,TRAFFIC SIGNAL,DUSK,RAIN,WET
6836 ,34106369,MONROE,Rochester,,,N,43.1517327,-77.6377448,10/26/2011,7:10 AM,INJURY,1.,0 ,1 ,COLLISION WITH PEDESTRIAN,OTHER,NONE,DARK-ROAD LIGHTED,RAIN,WET
6836 ,34106701,MONROE,Rochester,,,Y,43.182612,-77.641535,11/25/2011,5:25 PM,INJURY,1.,0 ,2 ,COLLISION WITH MOTOR VEHICLE,RIGHT ANGLE,STOP SIGN,DARK-ROAD LIGHTED,CLEAR,DRY
6836 ,34107040,MONROE,Henrietta,,15A43041109,N,43.084328,-77.608078,11/23/2011,2:55 PM,PROPERTY DAMAGE AND INJURY,3.,0 ,2 ,COLLISION WITH MOTOR VEHICLE,LEFT TURN (AGAINST OTHER CAR),TRAFFIC SIGNAL,DAYLIGHT,CLOUDY,WET
6836 ,34107042,MONROE,Pittsford,,490I43023036,N,43.1056271,-77.5063134,11/23/2011,4:32 PM,PROPERTY DAMAGE AND INJURY,1.,0 ,2 ,COLLISION WITH MOTOR VEHICLE,OVERTAKING,NONE,DUSK,CLOUDY,DRY
6836 ,34107061,MONROE,East Rochester,,31F43011018,Y,43.104027,-77.486014,11/23/2011,9:15 AM,PROPERTY DAMAGE AND INJURY,2.,0 ,2 ,COLLISION WITH MOTOR VEHICLE,RIGHT ANGLE,TRAFFIC SIGNAL,DAYLIGHT,RAIN,WET
6836 ,34107062,MONROE,Henrietta,,,Y,43.049183,-77.657138,11/23/2011,11:07 AM,PROPERTY DAMAGE AND INJURY,1.,0 ,2 ,COLLISION WITH MOTOR VEHICLE,REAR END,TRAFFIC SIGNAL,DAYLIGHT,RAIN,WET
6836 ,34107068,MONROE,Henrietta,,15 43031098,N,43.0726597,-77.6445681,11/15/2011,5:03 PM,INJURY,1.,0 ,1 ,COLLISION WITH BICYCLIST,OTHER,TRAFFIC SIGNAL,DARK-ROAD LIGHTED,CLOUDY,DRY
6836 ,34107245,MONROE,Pittsford,,,N,43.0430875,-77.550187,11/19/2011,7:14 PM,PROPERTY DAMAGE AND INJURY,2.,0 ,1 ,COLLISION WITH DEER,OTHER,NONE,DARK-ROAD UNLIGHTED,CLOUDY,DRY
6836 ,34107317,MONROE,Greece,,18 43032085,Y,43.252904,-77.671849,11/18/2011,7:48 PM,INJURY,1.,0 ,3 ,COLLISION WITH MOTOR VEHICLE,OTHER,NONE,DARK-ROAD UNLIGHTED,CLEAR,DRY
6836 ,34107324,MONROE,Greece,,,N,43.2070733,-77.6780743,11/23/2011,7:35 PM,INJURY,1.,0 ,2 ,COLLISION WITH MOTOR VEHICLE,REAR END,TRAFFIC SIGNAL,DARK-ROAD LIGHTED,CLOUDY,DRY
6836 ,34107687,MONROE,Perinton,,,Y,43.079161,-77.42369,11/23/2011,5:02 PM,INJURY,1.,0 ,1 ,COLLISION WITH PEDESTRIAN,OTHER,NONE,DARK-ROAD LIGHTED,CLOUDY,DRY
6836 ,34107692,MONROE,Penfield,,404 43035051,N,43.182399,-77.507867,11/25/2011,5:30 PM,PROPERTY DAMAGE AND INJURY,2.,0 ,2 ,COLLISION WITH MOTOR VEHICLE,REAR END,TRAFFIC SIGNAL,DARK-ROAD LIGHTED,CLOUDY,DRY
6836 ,34107703,MONROE,Brighton,,,N,43.1195605,-77.5954857,11/26/2011,9:55 PM,PROPERTY DAMAGE AND INJURY,1.,0 ,2 ,COLLISION WITH MOTOR VEHICLE,HEAD ON,NONE,DARK-ROAD UNLIGHTED,CLEAR,DRY
6836 ,34107921,MONROE,Greece,,,Y,43.253021,-77.696443,11/25/2011,12:25 PM,INJURY,1.,0 ,2 ,COLLISION WITH MOTOR VEHICLE,REAR END,TRAFFIC SIGNAL,DAYLIGHT,CLEAR,DRY
6836 ,34108092,MONROE,Rochester,,940T43011002,N,43.1561767,-77.6201212,11/24/2011,6:24 AM,PROPERTY DAMAGE AND INJURY,3.,0 ,2 ,COLLISION WITH OTHER BARRIER,REAR END,NONE,DAYLIGHT,CLEAR,SNOW/ICE
6836 ,34108234,MONROE,Pittsford,,,Y,43.046515,-77.499541,11/19/2011,2:09 PM,INJURY,1.,0 ,1 ,COLLISION WITH BICYCLIST,OTHER,NONE,DAYLIGHT,CLOUDY,DRY
6836 ,34108241,MONROE,Pittsford,,,Y,43.083991,-77.50969,11/15/2011,8:43 PM,PROPERTY DAMAGE AND INJURY,2.,0 ,3 ,COLLISION WITH MOTOR VEHICLE,OTHER,TRAFFIC SIGNAL,DARK-ROAD LIGHTED,CLEAR,DRY
6836 ,34108496,MONROE,Perinton,,,Y,43.077546,-77.477294,10/20/2011,7:45 AM,PROPERTY DAMAGE AND INJURY,1.,0 ,2 ,COLLISION WITH MOTOR VEHICLE,REAR END,TRAFFIC SIGNAL,UNKNOWN,UNKNOWN,UNKNOWN
6836 ,34108660,MONROE,Rochester,,,Y,43.174563,-77.599134,10/31/2011,3:49 PM,INJURY,1.,0 ,2 ,COLLISION WITH MOTOR VEHICLE,LEFT TURN (WITH OTHER CAR),NONE,DAYLIGHT,CLEAR,DRY
6836 ,34108926,MONROE,Rochester,,,Y,43.19384,-77.638874,11/02/2011,12:06 PM,PROPERTY DAMAGE AND INJURY,1.,0 ,1 ,COLLISION WITH PEDESTRIAN,OTHER,TRAFFIC SIGNAL,DAYLIGHT,CLEAR,DRY
6836 ,34108942,MONROE,Rochester,,,Y,43.190244,-77.5955529,11/01/2011,10:12 PM,PROPERTY DAMAGE AND INJURY,1.,0 ,1 ,COLLISION WITH TREE,OTHER,NONE,DARK-ROAD LIGHTED,CLOUDY,DRY
6836 ,34109090,MONROE,Greece,,390 43011026,N,43.1941725,-77.6829038,10/28/2011,9:01 AM,INJURY,1.,0 ,2 ,COLLISION WITH MOTOR VEHICLE,REAR END,NONE,DAYLIGHT,CLEAR,DRY
6836 ,34109203,MONROE,Perinton,,31F43011032,N,43.1003234,-77.4575376,11/14/2011,3:30 PM,INJURY,1.,0 ,2 ,COLLISION WITH MOTOR VEHICLE,REAR END,NONE,DARK-ROAD LIGHTED,RAIN,WET
6836 ,34109953,MONROE,Rochester,,,N,43.1596699,-77.6093555,11/26/2011,3:02 AM,INJURY,1.,0 ,2 ,COLLISION WITH MOTOR VEHICLE,OTHER,NONE,DARK-ROAD LIGHTED,CLEAR,DRY
6836 ,34109966,MONROE,Rochester,,,Y,43.13094,-77.65091,11/18/2011,8:57 AM,PROPERTY DAMAGE AND INJURY,2.,0 ,2 ,COLLISION WITH MOTOR VEHICLE,LEFT TURN (AGAINST OTHER CAR),TRAFFIC SIGNAL,DAYLIGHT,CLEAR,DRY
6836 ,34110559,MONROE,Henrietta,,,Y,43.089005,-77.667811,11/28/2011,9:56 AM,PROPERTY DAMAGE AND INJURY,2.,0 ,3 ,COLLISION WITH MOTOR VEHICLE,OTHER,NONE,DAYLIGHT,RAIN,WET
6836 ,34110572,MONROE,Henrietta,,,N,43.0522686,-77.6436151,11/27/2011,6:28 PM,PROPERTY DAMAGE AND INJURY,1.,0 ,1 ,COLL. W/LIGHT SUPPORT/UTILITY POLE,OTHER,NONE,DARK-ROAD LIGHTED,CLOUDY,WET
6836 ,34110573,MONROE,Riga,,490I43021070,N,43.0950472,-77.8446077,11/24/2011,11:22 PM,PROPERTY DAMAGE AND INJURY,1.,0 ,1 ,COLLISION WITH DEER,OTHER,NONE,DARK-ROAD UNLIGHTED,CLEAR,DRY
6836 ,34110574,MONROE,Henrietta,,,N,43.088038,-77.63631,11/28/2011,8:52 AM,INJURY,1.,0 ,3 ,COLLISION WITH MOTOR VEHICLE,OTHER,TRAFFIC SIGNAL,DAYLIGHT,CLOUDY,WET
6836 ,34110591,MONROE,Irondequoit,,,N,43.2467258,-77.5974026,11/18/2011,5:38 PM,INJURY,3.,0 ,2 ,COLLISION WITH CURBING,REAR END,NONE,DARK-ROAD LIGHTED,CLOUDY,DRY
6836 ,34110597,MONROE,Brighton,,15A43041127,N,43.108007,-77.615937,11/28/2011,11:04 AM,PROPERTY DAMAGE AND INJURY,1.,0 ,2 ,COLLISION WITH MOTOR VEHICLE,RIGHT ANGLE,TRAFFIC SIGNAL,DAYLIGHT,RAIN,WET
6836 ,34110602,MONROE,Irondequoit,,,Y,43.177028,-77.5382749,11/27/2011,6:09 PM,PROPERTY DAMAGE AND INJURY,1.,0 ,3 ,COLLISION WITH MOTOR VEHICLE,OTHER,TRAFFIC SIGNAL,DARK-ROAD LIGHTED,CLOUDY,WET
6836 ,34110606,MONROE,Brighton,,,Y,43.10401,-77.577818,11/28/2011,5:42 PM,PROPERTY DAMAGE AND INJURY,1.,0 ,2 ,COLLISION WITH MOTOR VEHICLE,REAR END,TRAFFIC SIGNAL,DARK-ROAD UNLIGHTED,CLEAR,DRY
6836 ,34110607,MONROE,Gates,,,N,43.1341206,-77.6659063,11/28/2011,6:37 PM,PROPERTY DAMAGE AND INJURY,1.,0 ,2 ,COLLISION WITH MOTOR VEHICLE,HEAD ON,NONE,DARK-ROAD UNLIGHTED,CLOUDY,DRY
6836 ,34110665,MONROE,Rochester,,,Y,43.170825,-77.5870249,11/28/2011,4:43 PM,INJURY,1.,0 ,2 ,COLLISION WITH MOTOR VEHICLE,REAR END,NONE,DARK-ROAD LIGHTED,CLOUDY,WET
6836 ,34110666,MONROE,Rochester,,,Y,43.187093,-77.6306143,11/22/2011,5:18 PM,INJURY,2.,0 ,3 ,COLLISION WITH MOTOR VEHICLE,OTHER,NONE,DARK-ROAD LIGHTED,RAIN,WET
6836 ,34111795,MONROE,Greece,,104 43031150,N,43.2109245,-77.7103778,11/25/2011,10:31 AM,PROPERTY DAMAGE AND INJURY,1.,0 ,3 ,COLLISION WITH MOTOR VEHICLE,OTHER,NONE,DAYLIGHT,CLEAR,DRY
6836 ,34111801,MONROE,Greece,,,N,43.2532101,-77.7126067,11/25/2011,7:28 PM,PROPERTY DAMAGE AND INJURY,1.,0 ,1 ,COLLISION WITH PEDESTRIAN,OTHER,NONE,DARK-ROAD LIGHTED,CLOUDY,DRY
6836 ,34111805,MONROE,Greece,,,Y,43.214528,-77.731802,11/15/2011,5:13 PM,PROPERTY DAMAGE AND INJURY,1.,0 ,2 ,COLLISION WITH MOTOR VEHICLE,RIGHT ANGLE,NONE,DARK-ROAD LIGHTED,CLOUDY,DRY
6836 ,34111888,MONROE,Rochester,,,Y,43.154475,-77.612006,11/21/2011,11:23 AM,INJURY,1.,0 ,2 ,COLLISION WITH MOTOR VEHICLE,REAR END,TRAFFIC SIGNAL,DAYLIGHT,CLOUDY,DRY
6836 ,34111891,MONROE,Rochester,,,Y,43.142639,-77.547828,11/29/2011,5:50 PM,PROPERTY DAMAGE AND INJURY,2.,0 ,2 ,COLLISION WITH MOTOR VEHICLE,LEFT TURN (AGAINST OTHER CAR),TRAFFIC SIGNAL,DARK-ROAD LIGHTED,RAIN,WET
6836 ,34111892,MONROE,Rochester,,104 43032003,N,43.2034323,-77.6535528,11/28/2011,8:25 PM,INJURY,2.,0 ,2 ,COLLISION WITH MOTOR VEHICLE,REAR END,TRAFFIC SIGNAL,DARK-ROAD LIGHTED,CLOUDY,DRY
6836 ,34111893,MONROE,Rochester,,,Y,43.167237,-77.580796,11/22/2011,5:25 PM,PROPERTY DAMAGE AND INJURY,1.,0 ,1 ,COLLISION WITH PEDESTRIAN,OTHER,NONE,DARK-ROAD LIGHTED,RAIN,WET
6836 ,34111898,MONROE,Rochester,,,N,43.1630743,-77.6069609,11/28/2011,6:58 PM,PROPERTY DAMAGE AND INJURY,1.,0 ,2 ,COLLISION WITH MOTOR VEHICLE,REAR END,NONE,DARK-ROAD LIGHTED,CLEAR,DRY
6836 ,34111899,MONROE,Rochester,,,Y,43.1847134,-77.5839479,11/18/2011,10:10 PM,PROPERTY DAMAGE AND INJURY,1.,0 ,2 ,COLLISION WITH MOTOR VEHICLE,SIDESWIPE,NONE,DARK-ROAD LIGHTED,CLEAR,DRY
6836 ,34111902,MONROE,Rochester,,,Y,43.127298,-77.642701,11/28/2011,10:46 AM,PROPERTY DAMAGE AND INJURY,1.,0 ,1 ,COLLISION WITH TREE,OTHER,NONE,DAYLIGHT,RAIN,WET
6836 ,34112264,MONROE,Perinton,,,Y,43.10859,-77.39752,11/27/2011,5:08 PM,PROPERTY DAMAGE AND INJURY,2.,0 ,2 ,COLLISION WITH MOTOR VEHICLE,RIGHT TURN (AGAINST OTHER CAR),STOP SIGN,DARK-ROAD UNLIGHTED,CLOUDY,WET
6836 ,34112272,MONROE,Penfield,,441 43011059,Y,43.130551,-77.4266951,11/27/2011,1:17 PM,PROPERTY DAMAGE AND INJURY,1.,0 ,2 ,COLLISION WITH MOTOR VEHICLE,REAR END,NONE,DAYLIGHT,CLOUDY,DRY
6836 ,34112273,MONROE,Brighton,,15 43031118,N,43.0972264,-77.6313953,11/29/2011,5:34 PM,PROPERTY DAMAGE AND INJURY,2.,0 ,3 ,COLLISION WITH MOTOR VEHICLE,OTHER,NONE,DARK-ROAD LIGHTED,RAIN,WET
6836 ,34112281,MONROE,Rush,,,Y,42.94704,-77.64718,11/23/2011,12:56 PM,PROPERTY DAMAGE AND INJURY,1.,0 ,2 ,COLLISION WITH MOTOR VEHICLE,RIGHT ANGLE,STOP SIGN,DAYLIGHT,CLOUDY,WET
6836 ,34112282,MONROE,Irondequoit,,,N,43.202295,-77.5658066,11/25/2011,6:26 PM,INJURY,1.,0 ,1 ,COLLISION WITH PEDESTRIAN,OTHER,NONE,DARK-ROAD LIGHTED,CLEAR,DRY
6836 ,34112287,MONROE,Webster,,,N,43.2032857,-77.4431406,11/26/2011,1:30 AM,INJURY,1.,0 ,1 ,COLLISION WITH DEER,OTHER,NONE,DARK-ROAD UNLIGHTED,CLEAR,DRY
6836 ,34112292,MONROE,Hamlin,,18 43031037,N,43.295349,-77.9256644,11/25/2011,5:49 PM,PROPERTY DAMAGE AND INJURY,3.,0 ,2 ,COLLISION WITH MOTOR VEHICLE,REAR END,NONE,DARK-ROAD LIGHTED,CLEAR,DRY
6836 ,34113047,MONROE,Rochester,,490I43022039,N,43.1478577,-77.6019593,11/24/2011,7:06 PM,PROPERTY DAMAGE AND INJURY,1.,0 ,1 ,COLLISION WITH MEDIAN/BARRIER,OTHER,NONE,DARK-ROAD LIGHTED,CLEAR,DRY
6836 ,34113057,MONROE,Rochester,,,Y,43.154281,-77.619861,11/26/2011,2:28 AM,PROPERTY DAMAGE AND INJURY,1.,0 ,1 ,COLLISION WITH TREE,OTHER,NONE,DARK-ROAD LIGHTED,CLEAR,DRY
6836 ,34113348,MONROE,Rochester,,,N,43.1298935,-77.6365523,11/26/2011,9:08 PM,PROPERTY DAMAGE AND INJURY,2.,0 ,3 ,COLLISION WITH MOTOR VEHICLE,OTHER,NONE,DARK-ROAD LIGHTED,CLEAR,DRY
6836 ,34113352,MONROE,Rochester,,18 43032011,Y,43.20205,-77.638693,11/29/2011,1:59 AM,PROPERTY DAMAGE AND INJURY,1.,0 ,2 ,COLLISION WITH MOTOR VEHICLE,RIGHT ANGLE,FLASHING LIGHT,DARK-ROAD LIGHTED,CLOUDY,DRY
6836 ,34113354,MONROE,Rochester,,,N,43.1238469,-77.6316481,11/24/2011,7:03 AM,INJURY,2.,0 ,2 ,COLLISION WITH MOTOR VEHICLE,RIGHT ANGLE,NONE,DAYLIGHT,CLEAR,SNOW/ICE
6836 ,34113743,MONROE,Rochester,,,Y,43.203393,-77.5618341,11/29/2011,6:57 AM,PROPERTY DAMAGE AND INJURY,1.,0 ,2 ,COLLISION WITH MOTOR VEHICLE,RIGHT ANGLE,TRAFFIC SIGNAL,DAWN,RAIN,WET
6836 ,34113750,MONROE,Spencerport,,259 43011069,N,43.1918382,-77.8006549,11/29/2011,5:00 PM,PROPERTY DAMAGE AND INJURY,2.,0 ,3 ,COLLISION WITH MOTOR VEHICLE,OTHER,NO PASSING ZONE,DARK-ROAD LIGHTED,RAIN,WET
6836 ,34113966,MONROE,Rochester,,,Y,43.192707,-77.629278,09/14/2011,10:07 PM,INJURY,1.,0 ,1 ,COLLISION WITH BICYCLIST,OTHER,TRAFFIC SIGNAL,DARK-ROAD LIGHTED,CLEAR,DRY