QUERYID,CASE #,REGN_CNTY_CDE,Municipality,MUNITYPE,REF_MRKR,ATINTERSECTION_IND,Lat,Long,,Time,Crash Type,Injuries,Fatalities,Number of Vehicles,ACCD_TYP,COLLISION_TYP,TRAF_CNTL,Light Condition,Weather Condition,Road Surface Condition
6836 ,34114342,MONROE,Penfield,,,Y,43.153661,-77.49626,10/31/2011,9:05 AM,PROPERTY DAMAGE AND INJURY,1.,0 ,2 ,COLLISION WITH MOTOR VEHICLE,REAR END,NONE,DAYLIGHT,CLEAR,DRY
6836 ,34114434,MONROE,Penfield,,,Y,43.153669,-77.500354,10/23/2011,9:35 AM,PROPERTY DAMAGE AND INJURY,1.,0 ,2 ,COLLISION WITH MOTOR VEHICLE,RIGHT ANGLE,NONE,DAYLIGHT,CLEAR,DRY
6836 ,34115152,MONROE,Perinton,,,Y,43.063783,-77.479245,10/25/2011,11:10 AM,PROPERTY DAMAGE AND INJURY,1.,0 ,2 ,COLLISION WITH MOTOR VEHICLE,LEFT TURN (WITH OTHER CAR),STOP SIGN,UNKNOWN,UNKNOWN,UNKNOWN
6836 ,34116289,MONROE,Rochester,,,N,43.1597326,-77.5475239,11/08/2011,7:45 AM,PROPERTY DAMAGE AND INJURY,1.,0 ,2 ,COLLISION WITH MOTOR VEHICLE,UNKNOWN,TRAFFIC SIGNAL,UNKNOWN,UNKNOWN,UNKNOWN
6836 ,34116678,MONROE,Rochester,,,N,43.1554487,-77.6124246,11/30/2011,11:41 AM,PROPERTY DAMAGE AND INJURY,1.,0 ,2 ,COLLISION WITH MOTOR VEHICLE,REAR END,NONE,DAYLIGHT,CLOUDY,DRY
6836 ,34116680,MONROE,Rochester,,,N,43.1533343,-77.588239,11/30/2011,7:00 PM,INJURY,1.,0 ,2 ,COLLISION WITH MOTOR VEHICLE,REAR END,TRAFFIC SIGNAL,DARK-ROAD LIGHTED,CLEAR,DRY
6836 ,34116690,MONROE,Rochester,,,Y,43.17562,-77.613309,11/27/2011,3:53 PM,PROPERTY DAMAGE AND INJURY,1.,0 ,1 ,COLLISION WITH BICYCLIST,OTHER,STOP SIGN,DAYLIGHT,CLEAR,DRY
6836 ,34116694,MONROE,Rochester,,,Y,43.156893,-77.607538,11/30/2011,6:02 PM,PROPERTY DAMAGE AND INJURY,1.,0 ,2 ,COLLISION WITH MOTOR VEHICLE,REAR END,TRAFFIC SIGNAL,DARK-ROAD LIGHTED,CLEAR,DRY
6836 ,34116698,MONROE,Rochester,,,Y,43.142228,-77.648016,11/30/2011,12:40 PM,INJURY,1.,0 ,2 ,COLLISION WITH MOTOR VEHICLE,SIDESWIPE,STOP SIGN,DAYLIGHT,RAIN,WET
6836 ,34116994,MONROE,Brighton,,390I43031129,N,43.1023201,-77.6006683,11/17/2011,8:15 PM,PROPERTY DAMAGE AND INJURY,1.,0 ,1 ,COLLISION WITH GUIDE RAIL,OTHER,NONE,DARK-ROAD LIGHTED,CLOUDY,SNOW/ICE
6836 ,34116996,MONROE,Penfield,,441 43011031,N,43.1285088,-77.4837463,11/29/2011,2:11 PM,PROPERTY DAMAGE AND INJURY,2.,0 ,2 ,COLLISION WITH MOTOR VEHICLE,RIGHT ANGLE,NONE,DAYLIGHT,CLOUDY,WET
6836 ,34116997,MONROE,Henrietta,,,N,43.0646723,-77.6448135,11/30/2011,2:20 PM,INJURY,1.,0 ,2 ,COLLISION WITH MOTOR VEHICLE,RIGHT ANGLE,NONE,DAYLIGHT,CLOUDY,WET
6836 ,34117000,MONROE,Penfield,,,N,43.1902301,-77.4432608,11/29/2011,5:17 PM,PROPERTY DAMAGE AND INJURY,1.,0 ,2 ,COLLISION WITH MOTOR VEHICLE,RIGHT ANGLE,NONE,DARK-ROAD UNLIGHTED,CLOUDY,WET
6836 ,34117012,MONROE,Henrietta,,,N,43.0921012,-77.6746827,11/30/2011,8:49 PM,INJURY,1.,0 ,1 ,COLLISION WITH PEDESTRIAN,OTHER,NONE,DARK-ROAD LIGHTED,CLOUDY,DRY
6836 ,34117014,MONROE,Chili,,33A43021105,N,43.1065313,-77.7474038,11/28/2011,5:35 PM,PROPERTY DAMAGE AND INJURY,2.,0 ,2 ,COLLISION WITH MOTOR VEHICLE,LEFT TURN (AGAINST OTHER CAR),TRAFFIC SIGNAL,DARK-ROAD LIGHTED,CLOUDY,DRY
6836 ,34117017,MONROE,Henrietta,,390I43031095,N,43.0680788,-77.6362928,11/17/2011,8:24 PM,INJURY,1.,0 ,2 ,COLLISION WITH MOTOR VEHICLE,OTHER,NONE,DARK-ROAD UNLIGHTED,CLOUDY,SNOW/ICE
6836 ,34117018,MONROE,Perinton,,96 43051015,N,43.0468081,-77.4680663,12/01/2011,5:19 PM,INJURY,1.,0 ,2 ,COLLISION WITH MOTOR VEHICLE,RIGHT ANGLE,NONE,DARK-ROAD UNLIGHTED,CLOUDY,DRY
6836 ,34117384,MONROE,Rochester,,,Y,43.155344,-77.5955929,11/05/2011,1:41 AM,INJURY,1.,0 ,1 ,COLLISION WITH PEDESTRIAN,OTHER,NONE,DARK-ROAD LIGHTED,CLEAR,DRY
6836 ,34117386,MONROE,Rochester,,,Y,43.165864,-77.5665159,12/01/2011,10:25 AM,INJURY,1.,0 ,1 ,COLLISION WITH PEDESTRIAN,OTHER,NONE,DAYLIGHT,CLEAR,DRY
6836 ,34117387,MONROE,Rochester,,,Y,43.1798925,-77.6079266,12/02/2011,5:03 PM,PROPERTY DAMAGE AND INJURY,1.,0 ,1 ,COLLISION WITH PEDESTRIAN,OTHER,NONE,DARK-ROAD LIGHTED,CLEAR,DRY
6836 ,34117732,MONROE,Henrietta,,,N,43.0583823,-77.6846251,12/01/2011,5:53 PM,INJURY,1.,0 ,1 ,COLLISION WITH TREE,OTHER,NONE,DARK-ROAD UNLIGHTED,CLEAR,DRY
6836 ,34117733,MONROE,Gates,,33 43031120,Y,43.147073,-77.711237,12/02/2011,3:15 PM,PROPERTY DAMAGE AND INJURY,2.,0 ,3 ,COLLISION WITH MOTOR VEHICLE,OTHER,TRAFFIC SIGNAL,DAYLIGHT,CLOUDY,WET
6836 ,34117734,MONROE,Clarkson,,260 43011010,Y,43.2444198,-77.883307,12/01/2011,11:08 AM,PROPERTY DAMAGE AND INJURY,1.,0 ,2 ,COLLISION WITH MOTOR VEHICLE,REAR END,NONE,DAYLIGHT,CLOUDY,DRY
6836 ,34117737,MONROE,Brighton,,15 43031123,Y,43.107599,-77.6260821,12/02/2011,2:09 PM,PROPERTY DAMAGE AND INJURY,1.,0 ,3 ,COLLISION WITH MOTOR VEHICLE,OTHER,NONE,DAYLIGHT,CLOUDY,WET
6836 ,34117743,MONROE,Henrietta,,,N,43.0873204,-77.581939,12/02/2011,1:20 PM,PROPERTY DAMAGE AND INJURY,2.,0 ,2 ,COLLISION WITH MOTOR VEHICLE,RIGHT ANGLE,NONE,DAYLIGHT,CLOUDY,WET
6836 ,34117746,MONROE,Sweden,,260 43011114,N,43.1884772,-77.9025965,11/29/2011,2:10 AM,PROPERTY DAMAGE AND INJURY,1.,0 ,1 ,COLL. W/EARTH ELE./ROCK CUT/DITCH,OTHER,NONE,DARK-ROAD UNLIGHTED,CLOUDY,WET
6836 ,34117750,MONROE,Henrietta,,,N,43.087022,-77.629695,12/01/2011,6:01 PM,PROPERTY DAMAGE AND INJURY,3.,0 ,3 ,COLLISION WITH MOTOR VEHICLE,OTHER,TRAFFIC SIGNAL,DARK-ROAD LIGHTED,CLEAR,DRY
6836 ,34117755,MONROE,Gates,,,N,43.1468659,-77.7120299,12/02/2011,12:28 PM,INJURY,3.,0 ,3 ,COLLISION WITH MOTOR VEHICLE,OTHER,TRAFFIC SIGNAL,DAYLIGHT,SNOW,WET
6836 ,34118032,MONROE,Greece,,,Y,43.220281,-77.641271,11/28/2011,2:35 PM,PROPERTY DAMAGE AND INJURY,2.,0 ,2 ,COLLISION WITH MOTOR VEHICLE,OTHER,NONE,DAYLIGHT,CLOUDY,DRY
6836 ,34118087,MONROE,Rochester,,,Y,43.201942,-77.62791,11/29/2011,3:37 PM,INJURY,1.,0 ,2 ,COLLISION WITH MOTOR VEHICLE,REAR END,TRAFFIC SIGNAL,DAYLIGHT,RAIN,WET
6836 ,34118374,MONROE,Brighton,,31 43033021,N,43.1114046,-77.548247,12/03/2011,1:52 PM,PROPERTY DAMAGE AND INJURY,1.,0 ,2 ,COLLISION WITH MOTOR VEHICLE,LEFT TURN (AGAINST OTHER CAR),NONE,DAYLIGHT,CLOUDY,DRY
6836 ,34118377,MONROE,Parma,,259 43011101,N,43.2582446,-77.7908791,12/01/2011,1:03 PM,INJURY,1.,0 ,2 ,COLLISION WITH MOTOR VEHICLE,HEAD ON,NONE,DAYLIGHT,CLEAR,DRY
6836 ,34118578,MONROE,Greece,,,N,43.2265325,-77.6358965,12/02/2011,3:57 PM,PROPERTY DAMAGE AND INJURY,1.,0 ,2 ,COLLISION WITH MOTOR VEHICLE,HEAD ON,NONE,DAYLIGHT,CLOUDY,WET
6836 ,34118910,MONROE,Rochester,,31 43032053,N,43.154051,-77.619719,12/03/2011,3:01 PM,PROPERTY DAMAGE AND INJURY,1.,0 ,2 ,COLLISION WITH MOTOR VEHICLE,REAR END,YIELD SIGN,DAYLIGHT,CLEAR,DRY
6836 ,34118922,MONROE,Gates,,390I43037008,N,43.1405551,-77.6692129,12/02/2011,12:56 PM,PROPERTY DAMAGE AND INJURY,1.,0 ,2 ,COLLISION WITH MOTOR VEHICLE,REAR END,NONE,DAYLIGHT,RAIN,WET
6836 ,34118926,MONROE,Henrietta,,252 43011088,Y,43.087118,-77.601425,11/16/2011,6:56 PM,PROPERTY DAMAGE AND INJURY,3.,0 ,2 ,COLLISION WITH MOTOR VEHICLE,LEFT TURN (AGAINST OTHER CAR),TRAFFIC SIGNAL,DARK-ROAD LIGHTED,CLOUDY,DRY
6836 ,34118927,MONROE,Perinton,,250 43011024,N,43.0692942,-77.4423639,12/01/2011,10:42 PM,PROPERTY DAMAGE AND INJURY,1.,0 ,2 ,COLLISION WITH MOTOR VEHICLE,RIGHT ANGLE,TRAFFIC SIGNAL,DARK-ROAD LIGHTED,CLOUDY,DRY
6836 ,34118975,MONROE,Rochester,,,Y,43.175389,-77.593682,11/23/2011,9:36 AM,PROPERTY DAMAGE AND INJURY,1.,0 ,2 ,COLLISION WITH MOTOR VEHICLE,RIGHT ANGLE,STOP SIGN,DAYLIGHT,CLOUDY,WET
6836 ,34118982,MONROE,Rochester,,,Y,43.134989,-77.6509491,12/02/2011,11:59 AM,PROPERTY DAMAGE AND INJURY,1.,0 ,2 ,COLLISION WITH MOTOR VEHICLE,RIGHT ANGLE,STOP SIGN,DAYLIGHT,CLOUDY,WET
6836 ,34118984,MONROE,Rochester,,,Y,43.142738,-77.616181,11/29/2011,2:05 PM,PROPERTY DAMAGE AND INJURY,1.,0 ,2 ,COLLISION WITH MOTOR VEHICLE,RIGHT ANGLE,TRAFFIC SIGNAL,DAYLIGHT,CLEAR,DRY
6836 ,34118985,MONROE,Rochester,,,N,43.1589866,-77.6079425,12/04/2011,2:33 AM,PROPERTY DAMAGE AND INJURY,3.,0 ,2 ,COLLISION WITH MOTOR VEHICLE,HEAD ON,NONE,DARK-ROAD LIGHTED,CLOUDY,DRY
6836 ,34119095,MONROE,Rochester,,,Y,43.182192,-77.591529,12/05/2011,9:20 AM,PROPERTY DAMAGE AND INJURY,2.,0 ,4 ,COLLISION WITH MOTOR VEHICLE,OTHER,STOP SIGN,DAYLIGHT,RAIN,WET
6836 ,34119096,MONROE,Rochester,,,Y,43.164661,-77.66063,12/05/2011,7:59 AM,PROPERTY DAMAGE AND INJURY,1.,0 ,2 ,COLLISION WITH MOTOR VEHICLE,LEFT TURN (AGAINST OTHER CAR),OTHER,DAYLIGHT,RAIN,WET
6836 ,34119097,MONROE,Rochester,,,N,43.186157,-77.5950164,12/03/2011,11:46 AM,PROPERTY DAMAGE AND INJURY,2.,0 ,1 ,COLLISION WITH TREE,OTHER,NONE,DAYLIGHT,CLEAR,DRY
6836 ,34119099,MONROE,Rochester,,,Y,43.170226,-77.611807,11/16/2011,9:10 AM,INJURY,1.,0 ,2 ,COLLISION WITH MOTOR VEHICLE,REAR END,TRAFFIC SIGNAL,DAYLIGHT,CLEAR,DRY
6836 ,34119102,MONROE,Rochester,,,N,43.1532927,-77.6596328,12/04/2011,3:39 AM,PROPERTY DAMAGE AND INJURY,1.,0 ,1 ,COLLISION WITH CURBING,OTHER,NONE,DARK-ROAD LIGHTED,CLEAR,DRY
6836 ,34119632,MONROE,Perinton,,96 43051027,N,43.061982,-77.4786157,12/05/2011,1:41 PM,INJURY,2.,0 ,2 ,COLLISION WITH MOTOR VEHICLE,REAR END,NONE,DAYLIGHT,CLOUDY,WET
6836 ,34119634,MONROE,Henrietta,,15 43031112,Y,43.0928017,-77.6337329,12/05/2011,12:54 PM,PROPERTY DAMAGE AND INJURY,1.,0 ,3 ,COLLISION WITH MOTOR VEHICLE,OTHER,NONE,DAYLIGHT,CLOUDY,WET
6836 ,34119635,MONROE,Perinton,,,N,43.0417208,-77.4580424,12/02/2011,2:34 PM,PROPERTY DAMAGE AND INJURY,2.,0 ,2 ,COLLISION WITH MOTOR VEHICLE,RIGHT ANGLE,NONE,DAYLIGHT,CLOUDY,WET
6836 ,34119636,MONROE,Webster,,104 43035224,N,43.2128057,-77.5281486,12/03/2011,8:36 AM,PROPERTY DAMAGE AND INJURY,1.,0 ,1 ,COLLISION WITH BRIDGE STRUCTURE,OTHER,NONE,DAYLIGHT,CLEAR,SNOW/ICE
6836 ,34119653,MONROE,Penfield,,,Y,43.193365,-77.502059,11/22/2011,2:26 AM,PROPERTY DAMAGE AND INJURY,2.,0 ,2 ,COLLISION WITH MOTOR VEHICLE,REAR END,NONE,DARK-ROAD LIGHTED,CLEAR,DRY
6836 ,34119656,MONROE,Henrietta,,15A43041073,Y,43.033113,-77.626502,11/23/2011,5:09 PM,PROPERTY DAMAGE AND INJURY,2.,0 ,3 ,COLLISION WITH MOTOR VEHICLE,OTHER,NONE,DARK-ROAD LIGHTED,CLEAR,DRY
6836 ,34119660,MONROE,Pittsford,,31 43031026,N,43.1084581,-77.5442201,12/01/2011,4:58 PM,INJURY,2.,0 ,3 ,COLLISION WITH MOTOR VEHICLE,OTHER,NONE,DARK-ROAD LIGHTED,CLEAR,DRY
6836 ,34119914,MONROE,Brighton,,,N,43.107461,-77.5759661,11/05/2011,12:00 AM,FATAL,2.,1 ,2 ,COLLISION WITH MOTOR VEHICLE,RIGHT ANGLE,TRAFFIC SIGNAL,DARK-ROAD LIGHTED,CLEAR,DRY
6836 ,34120433,MONROE,Penfield,,,N,43.1919801,-77.4304508,10/30/2011,2:20 PM,PROPERTY DAMAGE AND INJURY,1.,0 ,2 ,COLLISION WITH MOTOR VEHICLE,REAR END,NONE,DAYLIGHT,CLEAR,DRY
6836 ,34120649,MONROE,Gates,,490I43021177,N,43.1560904,-77.6817021,11/29/2011,7:45 AM,INJURY,1.,0 ,2 ,COLLISION WITH MOTOR VEHICLE,REAR END,NONE,DAYLIGHT,CLOUDY,WET
6836 ,34120821,MONROE,Greece,,,N,43.2109646,-77.7099766,12/05/2011,9:10 PM,PROPERTY DAMAGE AND INJURY,1.,0 ,1 ,COLL. W/LIGHT SUPPORT/UTILITY POLE,OTHER,NONE,DARK-ROAD LIGHTED,RAIN,WET
6836 ,34120822,MONROE,Greece,,,N,43.1877369,-77.701504,12/04/2011,1:02 PM,PROPERTY DAMAGE AND INJURY,1.,0 ,2 ,COLLISION WITH MOTOR VEHICLE,RIGHT ANGLE,NONE,DAYLIGHT,CLOUDY,DRY
6836 ,34120826,MONROE,Greece,,,N,43.2385284,-77.7006092,12/05/2011,3:30 PM,PROPERTY DAMAGE AND INJURY,2.,0 ,3 ,COLLISION WITH MOTOR VEHICLE,OTHER,STOPPED SCHOOL BUS W/RED LIGHT FLSH,DAYLIGHT,CLOUDY,WET
6836 ,34120827,MONROE,Greece,,,Y,43.24177,-77.629118,12/02/2011,2:20 PM,INJURY,1.,0 ,1 ,COLL. W/LIGHT SUPPORT/UTILITY POLE,OTHER,NONE,DAYLIGHT,RAIN,WET
6836 ,34120868,MONROE,Rochester,,,Y,43.179312,-77.6394599,12/05/2011,5:10 PM,INJURY,2.,0 ,1 ,COLLISION WITH PEDESTRIAN,OTHER,TRAFFIC SIGNAL,DARK-ROAD LIGHTED,RAIN,WET
6836 ,34120871,MONROE,Rochester,,,N,43.1665132,-77.6246745,12/05/2011,10:15 AM,PROPERTY DAMAGE AND INJURY,2.,0 ,2 ,COLLISION WITH MOTOR VEHICLE,RIGHT ANGLE,NONE,DAYLIGHT,RAIN,WET
6836 ,34120882,MONROE,Rochester,,,Y,43.159358,-77.646836,12/06/2011,3:00 PM,INJURY,1.,0 ,2 ,COLLISION WITH MOTOR VEHICLE,RIGHT ANGLE,STOP SIGN,DAYLIGHT,CLOUDY,WET
6836 ,34121284,MONROE,Brighton,,,N,43.0935144,-77.6524053,12/05/2011,9:00 PM,INJURY,1.,0 ,2 ,COLLISION WITH MOTOR VEHICLE,REAR END,RR CROSSING FLASH LIGHT,DARK-ROAD LIGHTED,RAIN,WET
6836 ,34121289,MONROE,Brighton,,,Y,43.125398,-77.598955,12/06/2011,12:33 PM,PROPERTY DAMAGE AND INJURY,2.,0 ,3 ,COLLISION WITH MOTOR VEHICLE,OTHER,STOP SIGN,DAYLIGHT,CLOUDY,WET
6836 ,34121290,MONROE,Brockport,,19 43041058,N,43.216528,-77.9381961,11/27/2011,2:21 PM,PROPERTY DAMAGE AND INJURY,1.,0 ,1 ,COLLISION WITH BICYCLIST,OTHER,NONE,DAYLIGHT,CLOUDY,DRY
6836 ,34121295,MONROE,Brighton,,,N,43.1026564,-77.5785213,12/06/2011,5:08 PM,PROPERTY DAMAGE AND INJURY,2.,0 ,2 ,COLLISION WITH MOTOR VEHICLE,REAR END,NONE,DARK-ROAD UNLIGHTED,CLOUDY,DRY
6836 ,34122372,MONROE,Irondequoit,,104 43033008,N,43.1963161,-77.5676639,12/06/2011,5:00 AM,PROPERTY DAMAGE AND INJURY,1.,0 ,1 ,COLL. W/EARTH ELE./ROCK CUT/DITCH,OTHER,NONE,DARK-ROAD LIGHTED,RAIN,WET
6836 ,34122502,MONROE,Rochester,,490I43022037,N,43.1494259,-77.6041438,12/05/2011,10:30 PM,PROPERTY DAMAGE AND INJURY,1.,0 ,2 ,COLLISION WITH MOTOR VEHICLE,REAR END,NONE,DARK-ROAD LIGHTED,RAIN,WET
6836 ,34122579,MONROE,Rochester,,,Y,43.181123,-77.625186,12/05/2011,4:52 PM,PROPERTY DAMAGE AND INJURY,1.,0 ,2 ,COLLISION WITH MOTOR VEHICLE,RIGHT ANGLE,TRAFFIC SIGNAL,DARK-ROAD LIGHTED,RAIN,WET
6836 ,34122589,MONROE,Rochester,,,Y,43.1486671,-77.6061351,12/06/2011,3:36 PM,PROPERTY DAMAGE AND INJURY,2.,0 ,2 ,COLLISION WITH MOTOR VEHICLE,RIGHT ANGLE,NONE,DAYLIGHT,CLEAR,DRY
6836 ,34122593,MONROE,Rochester,,,N,43.1465284,-77.5551226,12/05/2011,6:30 PM,INJURY,1.,0 ,1 ,COLLISION WITH BICYCLIST,OTHER,NONE,DARK-ROAD LIGHTED,RAIN,WET
6836 ,34122858,MONROE,Rochester,,490I43022039,N,43.1476943,-77.6020603,12/05/2011,10:40 PM,PROPERTY DAMAGE AND INJURY,1.,0 ,1 ,COLLISION WITH OTHER BARRIER,OTHER,NONE,DARK-ROAD LIGHTED,RAIN,WET
6836 ,34122875,MONROE,Rochester,,104 43032022,N,43.1927765,-77.6211318,11/29/2011,5:45 PM,PROPERTY DAMAGE AND INJURY,2.,0 ,3 ,COLLISION WITH MOTOR VEHICLE,OTHER,NONE,DARK-ROAD LIGHTED,CLOUDY,WET
6836 ,34123025,MONROE,Chili,,,Y,43.121438,-77.8015861,12/05/2011,10:00 AM,PROPERTY DAMAGE AND INJURY,1.,0 ,2 ,COLLISION WITH MOTOR VEHICLE,RIGHT ANGLE,STOP SIGN,DAYLIGHT,RAIN,WET
6836 ,34123027,MONROE,Ogden,,,N,43.1770815,-77.7889045,12/05/2011,11:02 PM,INJURY,1.,0 ,1 ,COLLISION WITH DEER,OTHER,NONE,DARK-ROAD UNLIGHTED,RAIN,WET
6836 ,34123029,MONROE,Ogden,,36 43031147,Y,43.179116,-77.854642,12/03/2011,6:07 PM,INJURY,2.,0 ,2 ,COLLISION WITH MOTOR VEHICLE,RIGHT ANGLE,STOP SIGN,DARK-ROAD LIGHTED,CLOUDY,DRY
6836 ,34123034,MONROE,Parma,,,N,43.2211106,-77.8282881,12/01/2011,9:00 AM,PROPERTY DAMAGE AND INJURY,1.,0 ,1 ,COLLISION WITH BUILDING/WALL,OTHER,NONE,DAYLIGHT,CLEAR,DRY
6836 ,34123048,MONROE,Chili,,33A43021092,N,43.0962417,-77.7692205,12/03/2011,2:35 AM,PROPERTY DAMAGE AND INJURY,2.,0 ,2 ,COLLISION WITH MOTOR VEHICLE,HEAD ON,NONE,DARK-ROAD LIGHTED,CLEAR,DRY
6836 ,34123054,MONROE,Gates,,,N,43.1372126,-77.6659075,12/03/2011,7:00 AM,PROPERTY DAMAGE AND INJURY,2.,0 ,3 ,COLLISION WITH MOTOR VEHICLE,OTHER,NONE,DAWN,CLEAR,SNOW/ICE
6836 ,34123055,MONROE,Pittsford,,31 43033053,N,43.0850777,-77.4999983,12/03/2011,2:12 PM,PROPERTY DAMAGE AND INJURY,1.,0 ,2 ,COLLISION WITH MOTOR VEHICLE,RIGHT ANGLE,NONE,DAYLIGHT,CLEAR,DRY
6836 ,34123057,MONROE,Perinton,,31 43033093,N,43.0689199,-77.4252732,12/03/2011,3:26 PM,PROPERTY DAMAGE AND INJURY,1.,0 ,2 ,COLLISION WITH MOTOR VEHICLE,REAR END,NONE,DAYLIGHT,CLEAR,DRY
6836 ,34123064,MONROE,Brighton,,15A43041120,N,43.0960256,-77.6124333,12/07/2011,8:41 AM,INJURY,1.,0 ,1 ,COLLISION WITH BICYCLIST,OTHER,TRAFFIC SIGNAL,DAYLIGHT,RAIN,WET
6836 ,34123579,MONROE,Rochester,,,Y,43.179315,-77.638604,11/15/2011,7:45 AM,INJURY,1.,0 ,1 ,COLLISION WITH PEDESTRIAN,OTHER,STOP SIGN,DAYLIGHT,CLOUDY,WET
6836 ,34123584,MONROE,Rochester,,,Y,43.146709,-77.6001611,11/07/2011,2:16 PM,INJURY,1.,0 ,1 ,COLLISION WITH PEDESTRIAN,OTHER,TRAFFIC SIGNAL,DAYLIGHT,CLEAR,DRY
6836 ,34123585,MONROE,Rochester,,,Y,43.15843,-77.615431,11/15/2011,12:35 PM,PROPERTY DAMAGE AND INJURY,1.,0 ,2 ,COLLISION WITH MOTOR VEHICLE,RIGHT ANGLE,TRAFFIC SIGNAL,DAYLIGHT,CLEAR,DRY
6836 ,34124564,MONROE,Brighton,,390I43031116,N,43.1094218,-77.6190822,11/20/2011,7:30 PM,FATAL,0.,1 ,4 ,COLLISION WITH GUIDE RAIL,OTHER,TRAFFIC SIGNAL,DARK-ROAD UNLIGHTED,CLOUDY,DRY
6836 ,34124565,MONROE,Mendon,,65 43031031,N,43.0209027,-77.5848248,11/23/2011,1:12 AM,FATAL,4.,1 ,1 ,COLLISION WITH TREE,OTHER,NONE,DARK-ROAD UNLIGHTED,RAIN,WET
6836 ,34124608,MONROE,Parma,,104 43031111,N,43.2182466,-77.7863521,12/02/2011,9:40 AM,INJURY,1.,0 ,3 ,COLLISION WITH MOTOR VEHICLE,OTHER,NONE,DAYLIGHT,RAIN,WET
6836 ,34124611,MONROE,Irondequoit,,,N,43.1972335,-77.6001984,12/03/2011,12:44 PM,PROPERTY DAMAGE AND INJURY,1.,0 ,3 ,COLLISION WITH MOTOR VEHICLE,OTHER,NONE,DAYLIGHT,CLEAR,DRY
6836 ,34124765,MONROE,Greece,,,Y,43.214528,-77.731802,10/03/2011,8:15 AM,INJURY,1.,0 ,2 ,COLLISION WITH MOTOR VEHICLE,LEFT TURN (AGAINST OTHER CAR),UNKNOWN,UNKNOWN,UNKNOWN,UNKNOWN
6836 ,34124798,MONROE,Rochester,,,N,43.1809396,-77.6392264,12/04/2011,5:11 PM,INJURY,1.,0 ,1 ,COLLISION WITH BICYCLIST,OTHER,NONE,DUSK,CLEAR,DRY
6836 ,34125844,MONROE,East Rochester,,,N,43.1123561,-77.4893242,10/19/2011,11:25 PM,PROPERTY DAMAGE AND INJURY,1.,0 ,3 ,COLLISION WITH MOTOR VEHICLE,OTHER,NONE,DARK-ROAD LIGHTED,RAIN,WET
6836 ,34125867,MONROE,Gates,,,N,43.1388938,-77.6698491,12/09/2011,6:08 PM,INJURY,1.,0 ,2 ,COLLISION WITH MOTOR VEHICLE,REAR END,NONE,DARK-ROAD LIGHTED,RAIN,WET
6836 ,34125931,MONROE,Brighton,,15A43041001,N,43.1069856,-77.6157958,12/09/2011,10:46 AM,INJURY,1.,0 ,2 ,COLLISION WITH MOTOR VEHICLE,REAR END,TRAFFIC SIGNAL,DAYLIGHT,CLEAR,WET
6836 ,34125971,MONROE,Perinton,,,N,43.1026526,-77.4810995,12/05/2011,3:00 PM,INJURY,1.,0 ,2 ,COLLISION WITH MOTOR VEHICLE,REAR END,TRAFFIC SIGNAL,DAYLIGHT,RAIN,WET
6836 ,34125994,MONROE,Henrietta,,,N,43.0946137,-77.6174667,12/01/2011,1:44 PM,PROPERTY DAMAGE AND INJURY,1.,0 ,2 ,COLLISION WITH MOTOR VEHICLE,REAR END,NONE,DAYLIGHT,CLEAR,DRY
6836 ,34126051,MONROE,Gates,,,N,43.1743575,-77.7323609,12/09/2011,12:12 PM,PROPERTY DAMAGE AND INJURY,1.,0 ,2 ,COLLISION WITH MOTOR VEHICLE,RIGHT ANGLE,NONE,DAYLIGHT,CLOUDY,WET
6836 ,34126268,MONROE,East Rochester,,,Y,43.108392,-77.48739,12/08/2011,1:34 PM,PROPERTY DAMAGE AND INJURY,1.,0 ,2 ,COLLISION WITH MOTOR VEHICLE,UNKNOWN,STOP SIGN,DAYLIGHT,CLEAR,DRY
6836 ,34126389,MONROE,Brighton,,590 43011008,N,43.1531357,-77.5381946,12/07/2011,7:18 AM,INJURY,1.,0 ,2 ,COLLISION WITH MOTOR VEHICLE,REAR END,NONE,DAWN,RAIN,WET
6836 ,34126400,MONROE,East Rochester,,,Y,43.116655,-77.499031,10/17/2011,8:10 AM,PROPERTY DAMAGE AND INJURY,1.,0 ,2 ,COLLISION WITH MOTOR VEHICLE,REAR END,TRAFFIC SIGNAL,DAYLIGHT,CLEAR,WET
6836 ,34126463,MONROE,Rochester,,490I43022039,N,43.1482043,-77.6024472,12/09/2011,8:10 PM,PROPERTY DAMAGE AND INJURY,1.,0 ,1 ,COLLISION WITH OTHER BARRIER,OTHER,NONE,DARK-ROAD LIGHTED,RAIN,WET
6836 ,34126592,MONROE,Rochester,,,Y,43.158802,-77.585307,12/09/2011,1:52 PM,PROPERTY DAMAGE AND INJURY,2.,0 ,3 ,COLLISION WITH MOTOR VEHICLE,OTHER,STOP SIGN,DAYLIGHT,CLOUDY,DRY
6836 ,34126597,MONROE,Rochester,,,Y,43.158788,-77.548029,12/09/2011,6:54 PM,INJURY,1.,0 ,2 ,COLLISION WITH MOTOR VEHICLE,REAR END,TRAFFIC SIGNAL,DARK-ROAD LIGHTED,CLEAR,WET
6836 ,34126603,MONROE,Rochester,,,Y,43.249715,-77.614751,12/04/2011,6:52 PM,PROPERTY DAMAGE AND INJURY,2.,0 ,3 ,COLLISION WITH MOTOR VEHICLE,OTHER,TRAFFIC SIGNAL,DARK-ROAD LIGHTED,CLOUDY,DRY
6836 ,34126608,MONROE,Rochester,,,N,43.1478518,-77.625544,11/12/2011,11:25 AM,INJURY,1.,0 ,1 ,COLLISION WITH PEDESTRIAN,OTHER,NONE,DAYLIGHT,CLEAR,DRY