QUERYID,CASE #,REGN_CNTY_CDE,Municipality,MUNITYPE,REF_MRKR,ATINTERSECTION_IND,Lat,Long,,Time,Crash Type,Injuries,Fatalities,Number of Vehicles,ACCD_TYP,COLLISION_TYP,TRAF_CNTL,Light Condition,Weather Condition,Road Surface Condition
6836 ,34126609,MONROE,Rochester,,,N,43.1500328,-77.6360905,12/08/2011,1:43 PM,INJURY,1.,0 ,1 ,COLLISION WITH MOTOR VEHICLE,OTHER,NONE,DAYLIGHT,CLEAR,DRY
6836 ,34126612,MONROE,Rochester,,15 43032007,N,43.1238658,-77.6179137,12/08/2011,4:56 PM,PROPERTY DAMAGE AND INJURY,1.,0 ,2 ,COLLISION WITH MOTOR VEHICLE,LEFT TURN (AGAINST OTHER CAR),NONE,DARK-ROAD LIGHTED,CLEAR,DRY
6836 ,34126864,MONROE,Brighton,,590 43011010,N,43.1563905,-77.5383929,12/09/2011,5:21 PM,PROPERTY DAMAGE AND INJURY,1.,0 ,2 ,COLLISION WITH MOTOR VEHICLE,OVERTAKING,NONE,DARK-ROAD LIGHTED,RAIN,WET
6836 ,34126865,MONROE,Penfield,,250 43011103,N,43.1819178,-77.4307317,12/07/2011,5:40 PM,PROPERTY DAMAGE AND INJURY,2.,0 ,2 ,COLLISION WITH MOTOR VEHICLE,REAR END,TRAFFIC SIGNAL,DARK-ROAD UNLIGHTED,RAIN,WET
6836 ,34126871,MONROE,Rochester,,,N,43.194309,-77.5922602,12/06/2011,5:30 PM,PROPERTY DAMAGE AND INJURY,1.,0 ,2 ,COLLISION WITH MOTOR VEHICLE,RIGHT ANGLE,NONE,DARK-ROAD LIGHTED,CLOUDY,DRY
6836 ,34126888,MONROE,Penfield,,,N,43.1342182,-77.4942571,12/09/2011,2:10 PM,INJURY,2.,0 ,3 ,COLLISION WITH MOTOR VEHICLE,OTHER,TRAFFIC SIGNAL,DAYLIGHT,CLOUDY,DRY
6836 ,34126889,MONROE,Perinton,,96 43051011,N,43.042032,-77.4629933,12/09/2011,2:52 PM,INJURY,1.,0 ,2 ,COLLISION WITH MOTOR VEHICLE,REAR END,TRAFFIC SIGNAL,DAYLIGHT,CLOUDY,DRY
6836 ,34126895,MONROE,Perinton,,31 43033085,N,43.0692032,-77.4414792,12/09/2011,4:47 PM,PROPERTY DAMAGE AND INJURY,1.,0 ,4 ,COLLISION WITH MOTOR VEHICLE,OTHER,TRAFFIC SIGNAL,DUSK,CLOUDY,DRY
6836 ,34126899,MONROE,Brighton,,,N,43.1399609,-77.5271806,12/10/2011,10:44 PM,PROPERTY DAMAGE AND INJURY,1.,0 ,1 ,COLLISION WITH PEDESTRIAN,OTHER,NONE,DARK-ROAD UNLIGHTED,CLOUDY,DRY
6836 ,34126904,MONROE,Irondequoit,,,N,43.2484971,-77.5986046,12/10/2011,6:31 PM,INJURY,1.,0 ,2 ,COLLISION WITH MOTOR VEHICLE,HEAD ON,NO PASSING ZONE,DARK-ROAD LIGHTED,CLEAR,DRY
6836 ,34126998,MONROE,Penfield,,250 43011103,N,43.1816997,-77.4307397,12/10/2011,9:15 AM,PROPERTY DAMAGE AND INJURY,4.,0 ,2 ,COLLISION WITH MOTOR VEHICLE,REAR END,TRAFFIC SIGNAL,DAYLIGHT,CLEAR,DRY
6836 ,34127008,MONROE,Rochester,,390I43032002,N,43.1189427,-77.638828,12/07/2011,9:03 AM,PROPERTY DAMAGE AND INJURY,1.,0 ,1 ,COLLISION WITH GUIDE RAIL,OTHER,NONE,DAYLIGHT,CLOUDY,WET
6836 ,34127383,MONROE,Rochester,,104 43032022,N,43.1931053,-77.621495,12/07/2011,5:45 PM,INJURY,1.,0 ,2 ,COLLISION WITH MOTOR VEHICLE,REAR END,NONE,DARK-ROAD LIGHTED,CLOUDY,DRY
6836 ,34127390,MONROE,Rochester,,490I43022052,N,43.1426564,-77.580565,12/07/2011,5:19 PM,PROPERTY DAMAGE AND INJURY,1.,0 ,2 ,COLLISION WITH MOTOR VEHICLE,REAR END,NONE,DARK-ROAD LIGHTED,CLOUDY,DRY
6836 ,34127467,MONROE,Chili,,252 43011038,N,43.0938388,-77.6970757,12/10/2011,2:22 PM,PROPERTY DAMAGE AND INJURY,1.,0 ,2 ,COLLISION WITH MOTOR VEHICLE,RIGHT ANGLE,TRAFFIC SIGNAL,DAYLIGHT,CLEAR,DRY
6836 ,34127470,MONROE,Sweden,,,N,43.1968675,-77.8952399,12/01/2011,5:36 PM,PROPERTY DAMAGE AND INJURY,1.,0 ,2 ,COLLISION WITH MOTOR VEHICLE,REAR END,NONE,DARK-ROAD UNLIGHTED,CLEAR,DRY
6836 ,34127473,MONROE,Chili,,251 43011052,N,43.0835764,-77.7635661,12/10/2011,1:17 PM,PROPERTY DAMAGE AND INJURY,1.,0 ,1 ,COLLISION WITH DEER,OTHER,NONE,DAYLIGHT,CLOUDY,DRY
6836 ,34127958,MONROE,Rochester,,,Y,43.184065,-77.6137421,11/07/2011,12:30 PM,INJURY,1.,0 ,1 ,COLLISION WITH PEDESTRIAN,OTHER,TRAFFIC SIGNAL,DAYLIGHT,CLEAR,DRY
6836 ,34127959,MONROE,Rochester,,,Y,43.150263,-77.636096,11/04/2011,1:17 PM,INJURY,1.,0 ,1 ,COLLISION WITH BICYCLIST,OTHER,TRAFFIC SIGNAL,DAYLIGHT,CLEAR,DRY
6836 ,34127960,MONROE,Rochester,,,Y,43.175998,-77.5700499,11/05/2011,10:45 PM,INJURY,1.,0 ,2 ,COLLISION WITH MOTOR VEHICLE,REAR END,NONE,DARK-ROAD LIGHTED,CLEAR,DRY
6836 ,34128148,MONROE,Rochester,,,Y,43.223132,-77.627285,12/11/2011,11:07 AM,INJURY,1.,0 ,1 ,COLLISION WITH CURBING,OTHER,NONE,DAYLIGHT,CLEAR,DRY
6836 ,34128382,MONROE,Rochester,,,Y,43.1814826,-77.5759294,12/03/2011,10:54 PM,PROPERTY DAMAGE AND INJURY,1.,0 ,2 ,COLLISION WITH MOTOR VEHICLE,REAR END,NONE,DARK-ROAD LIGHTED,CLEAR,DRY
6836 ,34128553,MONROE,Pittsford,,31 43033032,Y,43.100487,-77.535474,12/08/2011,6:13 PM,INJURY,1.,0 ,2 ,COLLISION WITH MOTOR VEHICLE,REAR END,TRAFFIC SIGNAL,DARK-ROAD LIGHTED,CLEAR,DRY
6836 ,34128673,MONROE,Greece,,104 43031160,Y,43.209474,-77.693608,12/09/2011,3:22 PM,PROPERTY DAMAGE AND INJURY,2.,0 ,3 ,COLLISION WITH MOTOR VEHICLE,OTHER,TRAFFIC SIGNAL,DAYLIGHT,CLOUDY,DRY
6836 ,34128707,MONROE,Webster,,,N,43.2226135,-77.4868482,12/08/2011,2:52 PM,INJURY,1.,0 ,1 ,COLLISION WITH BICYCLIST,OTHER,NONE,DAYLIGHT,CLEAR,DRY
6836 ,34128713,MONROE,Henrietta,,,Y,43.0947577,-77.6135188,12/11/2011,11:40 PM,PROPERTY DAMAGE AND INJURY,2.,0 ,2 ,COLLISION WITH MOTOR VEHICLE,LEFT TURN (AGAINST OTHER CAR),TRAFFIC SIGNAL,DARK-ROAD LIGHTED,CLOUDY,DRY
6836 ,34128733,MONROE,Penfield,,104 43035052,N,43.1840115,-77.5070126,12/09/2011,5:38 PM,PROPERTY DAMAGE AND INJURY,1.,0 ,2 ,COLLISION WITH MOTOR VEHICLE,REAR END,NONE,DARK-ROAD LIGHTED,CLOUDY,DRY
6836 ,34128746,MONROE,Pittsford,,,N,43.1023734,-77.5303436,12/10/2011,5:58 PM,PROPERTY DAMAGE AND INJURY,1.,0 ,2 ,COLLISION WITH MOTOR VEHICLE,HEAD ON,NONE,DARK-ROAD UNLIGHTED,CLEAR,DRY
6836 ,34128754,MONROE,Rochester,,,N,43.1852765,-77.5839753,12/10/2011,6:47 AM,PROPERTY DAMAGE AND INJURY,1.,0 ,1 ,COLLISION WITH TREE,OTHER,NONE,DAWN,CLOUDY,DRY
6836 ,34128942,MONROE,Rochester,,490I43022054,N,43.1430979,-77.5757387,11/30/2011,4:34 PM,PROPERTY DAMAGE AND INJURY,3.,0 ,2 ,COLLISION WITH MOTOR VEHICLE,REAR END,NONE,DARK-ROAD LIGHTED,CLOUDY,DRY
6836 ,34128957,MONROE,Rochester,,940K43011003,N,43.157224,-77.659553,12/05/2011,9:32 PM,PROPERTY DAMAGE AND INJURY,1.,0 ,2 ,COLLISION WITH MOTOR VEHICLE,LEFT TURN (WITH OTHER CAR),TRAFFIC SIGNAL,DARK-ROAD LIGHTED,RAIN,WET
6836 ,34128983,MONROE,Rochester,,,N,43.1180843,-77.6167663,12/08/2011,5:57 PM,PROPERTY DAMAGE AND INJURY,2.,0 ,1 ,COLLISION WITH TREE,OTHER,NONE,DARK-ROAD LIGHTED,CLEAR,DRY
6836 ,34129086,MONROE,Rochester,,,Y,43.179329,-77.631715,12/10/2011,4:19 PM,PROPERTY DAMAGE AND INJURY,2.,0 ,2 ,COLLISION WITH MOTOR VEHICLE,RIGHT ANGLE,TRAFFIC SIGNAL,DAYLIGHT,CLEAR,DRY
6836 ,34129353,MONROE,Webster,,,N,43.215414,-77.446588,11/07/2011,4:05 PM,PROPERTY DAMAGE AND INJURY,1.,0 ,2 ,COLLISION WITH MOTOR VEHICLE,REAR END,TRAFFIC SIGNAL,DAYLIGHT,CLEAR,DRY
6836 ,34129443,MONROE,Irondequoit,,,N,43.1834527,-77.5431744,11/02/2011,7:30 PM,PROPERTY DAMAGE AND INJURY,1.,0 ,1 ,COLLISION WITH DEER,OTHER,NONE,DARK-ROAD LIGHTED,CLEAR,DRY
6836 ,34129950,MONROE,Rochester,,,Y,43.142738,-77.616181,11/23/2011,4:40 PM,PROPERTY DAMAGE AND INJURY,3.,0 ,2 ,COLLISION WITH MOTOR VEHICLE,UNKNOWN,TRAFFIC SIGNAL,DUSK,CLOUDY,DRY
6836 ,34130025,MONROE,Henrietta,,,N,43.0786754,-77.6273711,11/05/2011,8:00 AM,INJURY,1.,0 ,1 ,COLLISION WITH PEDESTRIAN,OTHER,NONE,DAYLIGHT,CLEAR,DRY
6836 ,34130063,MONROE,Greece,,,N,43.1899983,-77.6877137,12/12/2011,7:35 AM,PROPERTY DAMAGE AND INJURY,1.,0 ,1 ,COLLISION WITH DEER,OTHER,NONE,DAYLIGHT,CLEAR,DRY
6836 ,34130128,MONROE,Rochester,,,Y,43.1578426,-77.6032321,12/13/2011,8:20 PM,INJURY,1.,0 ,1 ,COLLISION WITH PEDESTRIAN,OTHER,TRAFFIC SIGNAL,DARK-ROAD LIGHTED,CLOUDY,DRY
6836 ,34130398,MONROE,Greece,,,N,43.2078537,-77.6928001,12/03/2011,10:20 PM,INJURY,2.,0 ,2 ,COLLISION WITH MOTOR VEHICLE,LEFT TURN (AGAINST OTHER CAR),NO PASSING ZONE,DARK-ROAD LIGHTED,CLEAR,DRY
6836 ,34130448,MONROE,Brighton,,,N,43.107461,-77.5759661,12/13/2011,6:10 PM,PROPERTY DAMAGE AND INJURY,2.,0 ,2 ,COLLISION WITH MOTOR VEHICLE,RIGHT ANGLE,TRAFFIC SIGNAL,DARK-ROAD LIGHTED,CLOUDY,DRY
6836 ,34130514,MONROE,Rochester,,,N,43.123294,-77.6302825,12/01/2011,2:23 PM,INJURY,1.,0 ,1 ,COLLISION WITH BICYCLIST,OTHER,TRAFFIC SIGNAL,DAYLIGHT,CLEAR,DRY
6836 ,34130583,MONROE,Webster,,,N,43.2028127,-77.5105434,12/12/2011,4:55 PM,PROPERTY DAMAGE AND INJURY,1.,0 ,1 ,COLLISION WITH TREE,OTHER,NONE,DUSK,CLOUDY,DRY
6836 ,34130585,MONROE,Rochester,,,Y,43.1309317,-77.6524814,12/12/2011,4:56 PM,INJURY,2.,0 ,1 ,COLLISION WITH TREE,OTHER,NONE,DUSK,CLEAR,DRY
6836 ,34130601,MONROE,Rochester,,490I43022039,N,43.1483,-77.6023334,12/11/2011,10:35 AM,PROPERTY DAMAGE AND INJURY,1.,0 ,1 ,COLLISION WITH OTHER BARRIER,OTHER,NONE,DAYLIGHT,CLEAR,DRY
6836 ,34130617,MONROE,Brighton,,,N,43.1156922,-77.5715512,12/13/2011,5:45 PM,PROPERTY DAMAGE AND INJURY,1.,0 ,3 ,COLLISION WITH MOTOR VEHICLE,OTHER,TRAFFIC SIGNAL,DARK-ROAD UNLIGHTED,CLOUDY,DRY
6836 ,34130664,MONROE,Rochester,,,N,43.1249782,-77.6352486,12/01/2011,4:55 PM,INJURY,1.,0 ,1 ,COLLISION WITH BICYCLIST,OTHER,NONE,DAYLIGHT,CLEAR,DRY
6836 ,34131342,MONROE,Rochester,,,Y,43.164633,-77.646619,12/02/2011,4:24 PM,PROPERTY DAMAGE AND INJURY,1.,0 ,2 ,COLLISION WITH MOTOR VEHICLE,RIGHT ANGLE,TRAFFIC SIGNAL,DAYLIGHT,CLOUDY,DRY
6836 ,34131373,MONROE,Irondequoit,,,Y,43.201817,-77.567448,11/29/2011,4:32 PM,INJURY,1.,0 ,1 ,COLLISION WITH PEDESTRIAN,OTHER,TRAFFIC SIGNAL,DARK-ROAD LIGHTED,RAIN,WET
6836 ,34131460,MONROE,Chili,,252 43011022,N,43.0893866,-77.7272467,12/09/2011,6:17 PM,INJURY,1.,0 ,1 ,COLL. W/EARTH ELE./ROCK CUT/DITCH,OTHER,NONE,DARK-ROAD UNLIGHTED,SNOW,WET
6836 ,34131892,MONROE,Rush,,15 43031047,N,43.0024765,-77.6665545,12/06/2011,3:55 AM,PROPERTY DAMAGE AND INJURY,1.,0 ,2 ,COLLISION WITH MOTOR VEHICLE,HEAD ON,NONE,DARK-ROAD UNLIGHTED,RAIN,WET
6836 ,34131904,MONROE,Rochester,,,Y,43.172057,-77.5935651,12/09/2011,5:34 PM,PROPERTY DAMAGE AND INJURY,1.,0 ,2 ,COLLISION WITH MOTOR VEHICLE,REAR END,NONE,DARK-ROAD LIGHTED,RAIN,WET
6836 ,34131931,MONROE,Webster,,,Y,43.230757,-77.446682,12/10/2011,2:55 PM,FATAL,2.,1 ,2 ,COLLISION WITH MOTOR VEHICLE,RIGHT ANGLE,TRAFFIC SIGNAL,DAYLIGHT,CLEAR,DRY
6836 ,34132215,MONROE,Rochester,,,Y,43.14883,-77.597661,12/09/2011,7:39 AM,PROPERTY DAMAGE AND INJURY,1.,0 ,1 ,COLLISION WITH BICYCLIST,OTHER,TRAFFIC SIGNAL,DAWN,SNOW,WET
6836 ,34132718,MONROE,Sweden,,31 43031069,N,43.1979768,-77.8983406,12/09/2011,9:14 AM,PROPERTY DAMAGE AND INJURY,3.,0 ,2 ,COLLISION WITH MOTOR VEHICLE,RIGHT ANGLE,NONE,DAYLIGHT,SNOW,WET
6836 ,34132719,MONROE,Penfield,,,N,43.1921203,-77.5057567,12/13/2011,6:49 PM,PROPERTY DAMAGE AND INJURY,1.,0 ,2 ,COLLISION WITH MOTOR VEHICLE,REAR END,NONE,DARK-ROAD LIGHTED,CLEAR,DRY
6836 ,34132723,MONROE,Henrietta,,,N,43.0715119,-77.6559345,12/13/2011,3:24 PM,PROPERTY DAMAGE AND INJURY,1.,0 ,2 ,COLLISION WITH MOTOR VEHICLE,REAR END,NONE,DAYLIGHT,CLOUDY,DRY
6836 ,34132730,MONROE,Pittsford,,31 43033029,N,43.103199,-77.5387139,12/12/2011,11:42 AM,PROPERTY DAMAGE AND INJURY,2.,0 ,2 ,COLLISION WITH MOTOR VEHICLE,LEFT TURN (AGAINST OTHER CAR),TRAFFIC SIGNAL,DAYLIGHT,CLEAR,DRY
6836 ,34132741,MONROE,Brighton,,65 43031127,Y,43.111017,-77.547717,12/14/2011,12:54 PM,PROPERTY DAMAGE AND INJURY,2.,0 ,3 ,COLLISION WITH MOTOR VEHICLE,OTHER,TRAFFIC SIGNAL,DAYLIGHT,CLOUDY,DRY
6836 ,34132746,MONROE,Gates,,,Y,43.144356,-77.726064,12/14/2011,3:39 PM,INJURY,1.,0 ,3 ,COLLISION WITH MOTOR VEHICLE,OTHER,TRAFFIC SIGNAL,DAYLIGHT,RAIN,WET
6836 ,34132750,MONROE,Brighton,,,Y,43.122418,-77.59428,12/14/2011,4:08 PM,PROPERTY DAMAGE AND INJURY,2.,0 ,3 ,COLLISION WITH MOTOR VEHICLE,OTHER,STOP SIGN,DAYLIGHT,RAIN,WET
6836 ,34133060,MONROE,Rochester,,31 43032049,Y,43.145862,-77.5924981,11/19/2011,1:46 PM,INJURY,1.,0 ,2 ,COLLISION WITH MOTOR VEHICLE,UNKNOWN,TRAFFIC SIGNAL,DAYLIGHT,CLEAR,DRY
6836 ,34133560,MONROE,Greece,,,Y,43.207662,-77.681855,12/14/2011,4:44 PM,PROPERTY DAMAGE AND INJURY,2.,0 ,5 ,COLLISION WITH MOTOR VEHICLE,OTHER,NONE,DARK-ROAD LIGHTED,RAIN,WET
6836 ,34133563,MONROE,Greece,,,N,43.2092466,-77.6914048,12/13/2011,2:27 PM,PROPERTY DAMAGE AND INJURY,1.,0 ,3 ,COLLISION WITH MOTOR VEHICLE,OTHER,NONE,DAYLIGHT,CLEAR,DRY
6836 ,34133590,MONROE,Rochester,,,Y,43.149976,-77.6438629,12/15/2011,3:57 PM,INJURY,1.,0 ,1 ,COLLISION WITH PEDESTRIAN,OTHER,TRAFFIC SIGNAL,DAYLIGHT,RAIN,WET
6836 ,34133593,MONROE,Rochester,,,N,43.1863661,-77.6179623,12/14/2011,5:45 PM,INJURY,2.,0 ,2 ,COLLISION WITH MOTOR VEHICLE,REAR END,NONE,DARK-ROAD LIGHTED,CLOUDY,WET
6836 ,34133594,MONROE,Rochester,,,N,43.124791,-77.61428,12/14/2011,3:32 PM,PROPERTY DAMAGE AND INJURY,2.,0 ,2 ,COLLISION WITH MOTOR VEHICLE,HEAD ON,TRAFFIC SIGNAL,DAYLIGHT,CLEAR,WET
6836 ,34133956,MONROE,Irondequoit,,,N,43.2111938,-77.5806077,12/14/2011,7:45 AM,PROPERTY DAMAGE AND INJURY,1.,0 ,2 ,COLLISION WITH MOTOR VEHICLE,REAR END,TRAFFIC SIGNAL,DAYLIGHT,CLEAR,DRY
6836 ,34133974,MONROE,Gates,,386 43011000,Y,43.174769,-77.732359,12/15/2011,4:12 PM,PROPERTY DAMAGE AND INJURY,2.,0 ,3 ,COLLISION WITH MOTOR VEHICLE,OTHER,TRAFFIC SIGNAL,DAYLIGHT,RAIN,WET
6836 ,34133980,MONROE,Brighton,,,N,43.1085347,-77.6162746,12/14/2011,2:21 PM,INJURY,1.,0 ,2 ,COLLISION WITH MOTOR VEHICLE,REAR END,YIELD SIGN,DAYLIGHT,CLOUDY,DRY
6836 ,34133981,MONROE,Mendon,,,N,42.9600223,-77.6165331,12/14/2011,2:59 PM,INJURY,1.,0 ,1 ,COLLISION WITH DEER,OTHER,NONE,DAYLIGHT,CLOUDY,DRY
6836 ,34133989,MONROE,Henrietta,,253 43011065,N,43.0588317,-77.6421138,12/15/2011,1:23 PM,PROPERTY DAMAGE AND INJURY,2.,1 ,2 ,COLLISION WITH MOTOR VEHICLE,RIGHT ANGLE,TRAFFIC SIGNAL,DAYLIGHT,RAIN,WET
6836 ,34134162,MONROE,Greece,,18 43031186,N,43.2529514,-77.6842307,11/15/2011,5:21 PM,PROPERTY DAMAGE AND INJURY,1.,0 ,1 ,COLLISION WITH TREE,OTHER,STOP SIGN,DUSK,CLOUDY,DRY
6836 ,34134929,MONROE,Rochester,,,Y,43.171734,-77.6280679,12/16/2011,3:57 PM,INJURY,1.,0 ,1 ,COLLISION WITH BICYCLIST,OTHER,TRAFFIC SIGNAL,DAYLIGHT,CLOUDY,DRY
6836 ,34134938,MONROE,Rochester,,,N,43.18333,-77.5874911,12/13/2011,4:10 PM,PROPERTY DAMAGE AND INJURY,3.,0 ,2 ,COLLISION WITH MOTOR VEHICLE,REAR END,NONE,DAYLIGHT,CLEAR,DRY
6836 ,34134939,MONROE,Rochester,,,Y,43.123788,-77.631479,12/12/2011,5:37 PM,PROPERTY DAMAGE AND INJURY,2.,0 ,2 ,COLLISION WITH MOTOR VEHICLE,RIGHT ANGLE,TRAFFIC SIGNAL,DARK-ROAD LIGHTED,CLEAR,DRY
6836 ,34135135,MONROE,Irondequoit,,590 43013017,N,43.1922021,-77.5451723,12/16/2011,2:41 PM,INJURY,1.,0 ,2 ,COLLISION WITH MOTOR VEHICLE,REAR END,NONE,DAYLIGHT,CLOUDY,DRY
6836 ,34135240,MONROE,Gates,,,Y,43.164579,-77.71329,12/13/2011,7:20 PM,INJURY,1.,0 ,1 ,COLLISION WITH PEDESTRIAN,OTHER,OFFICER/FLAGMAN/GUARD,DARK-ROAD LIGHTED,CLOUDY,DRY
6836 ,34135258,MONROE,Henrietta,,,N,43.0677234,-77.6524857,12/06/2011,7:45 AM,INJURY,1.,0 ,1 ,COLLISION WITH PEDESTRIAN,OTHER,NONE,DAYLIGHT,UNKNOWN,UNKNOWN
6836 ,34135259,MONROE,Henrietta,,15 43031651,Y,43.067984,-77.647022,12/16/2011,9:14 AM,INJURY,1.,0 ,2 ,COLLISION WITH MOTOR VEHICLE,OVERTAKING,TRAFFIC SIGNAL,DAYLIGHT,CLEAR,DRY
6836 ,34135261,MONROE,Gates,,,Y,43.175067,-77.701573,12/16/2011,6:58 PM,PROPERTY DAMAGE AND INJURY,1.,0 ,2 ,COLLISION WITH MOTOR VEHICLE,REAR END,TRAFFIC SIGNAL,DARK-ROAD LIGHTED,CLEAR,DRY
6836 ,34135268,MONROE,Henrietta,,15A43041084,N,43.0472724,-77.6188821,12/10/2011,12:36 AM,PROPERTY DAMAGE AND INJURY,3.,0 ,2 ,COLLISION WITH MOTOR VEHICLE,HEAD ON,NONE,DARK-ROAD UNLIGHTED,CLEAR,SNOW/ICE
6836 ,34135496,MONROE,Rochester,,104 43032022,N,43.1926235,-77.6204461,11/30/2011,12:11 AM,PROPERTY DAMAGE AND INJURY,1.,0 ,1 ,COLLISION WITH GUIDE RAIL,OTHER,NONE,DARK-ROAD LIGHTED,RAIN,WET
6836 ,34135551,MONROE,Rochester,,940M43011012,N,43.1814156,-77.6317099,12/13/2011,4:23 PM,PROPERTY DAMAGE AND INJURY,2.,0 ,2 ,COLLISION WITH MOTOR VEHICLE,RIGHT ANGLE,TRAFFIC SIGNAL,DAYLIGHT,CLEAR,DRY
6836 ,34135552,MONROE,Rochester,,,Y,43.160868,-77.621345,12/12/2011,3:54 PM,PROPERTY DAMAGE AND INJURY,1.,0 ,2 ,COLLISION WITH MOTOR VEHICLE,RIGHT ANGLE,TRAFFIC SIGNAL,DAYLIGHT,CLEAR,DRY
6836 ,34136948,MONROE,Chili,,,N,43.1073146,-77.7736411,12/17/2011,1:40 AM,PROPERTY DAMAGE AND INJURY,1.,0 ,1 ,COLL. W/LIGHT SUPPORT/UTILITY POLE,OTHER,NONE,DARK-ROAD UNLIGHTED,SNOW,WET
6836 ,34137125,MONROE,Greece,,,N,43.2095847,-77.695943,12/15/2011,4:13 PM,INJURY,1.,0 ,2 ,COLLISION WITH MOTOR VEHICLE,REAR END,NONE,DAYLIGHT,RAIN,WET
6836 ,34137127,MONROE,Greece,,,Y,43.231071,-77.668982,12/16/2011,5:51 PM,PROPERTY DAMAGE AND INJURY,2.,0 ,2 ,COLLISION WITH MOTOR VEHICLE,RIGHT ANGLE,STOP SIGN,DARK-ROAD LIGHTED,CLOUDY,DRY
6836 ,34137136,MONROE,Greece,,104 43031161,N,43.2087,-77.6889326,12/12/2011,3:44 PM,PROPERTY DAMAGE AND INJURY,3.,0 ,2 ,COLLISION WITH MOTOR VEHICLE,REAR END,TRAFFIC SIGNAL,DAYLIGHT,CLEAR,DRY
6836 ,34137169,MONROE,Rochester,,,Y,43.175339,-77.598828,12/15/2011,7:44 AM,INJURY,1.,0 ,1 ,COLLISION WITH PEDESTRIAN,OTHER,TRAFFIC SIGNAL,DAWN,RAIN,WET
6836 ,34137374,MONROE,Chili,,,N,43.1125082,-77.6665679,12/13/2011,11:15 AM,PROPERTY DAMAGE AND INJURY,1.,0 ,1 ,COLL. W/LIGHT SUPPORT/UTILITY POLE,OTHER,NONE,DAYLIGHT,CLEAR,DRY
6836 ,34137383,MONROE,Brighton,,31 43033018,Y,43.116512,-77.553734,12/18/2011,4:41 PM,PROPERTY DAMAGE AND INJURY,1.,0 ,2 ,COLLISION WITH MOTOR VEHICLE,RIGHT ANGLE,TRAFFIC SIGNAL,DARK-ROAD LIGHTED,CLOUDY,DRY
6836 ,34137517,MONROE,Rochester,,,Y,43.167941,-77.575149,12/07/2011,2:35 PM,INJURY,1.,0 ,1 ,COLLISION WITH BICYCLIST,OTHER,STOP SIGN,DAYLIGHT,CLOUDY,DRY
6836 ,34137701,MONROE,Penfield,,441 43011059,Y,43.130551,-77.4266951,12/14/2011,5:11 PM,PROPERTY DAMAGE AND INJURY,2.,0 ,2 ,COLLISION WITH MOTOR VEHICLE,RIGHT ANGLE,NONE,DARK-ROAD LIGHTED,RAIN,WET
6836 ,34137702,MONROE,Rochester,,,Y,43.137346,-77.6068029,12/15/2011,6:05 AM,INJURY,1.,0 ,1 ,COLLISION WITH PEDESTRIAN,OTHER,NONE,DARK-ROAD LIGHTED,RAIN,WET
6836 ,34137781,MONROE,Irondequoit,,590 43013011,N,43.1830782,-77.5433203,12/14/2011,7:20 AM,PROPERTY DAMAGE AND INJURY,2.,0 ,2 ,COLLISION WITH MOTOR VEHICLE,REAR END,NONE,DAYLIGHT,CLEAR,DRY
6836 ,34138010,MONROE,Penfield,,,N,43.1604801,-77.4608803,12/07/2011,11:30 PM,PROPERTY DAMAGE AND INJURY,1.,0 ,1 ,COLLISION WITH TREE,OTHER,NONE,DARK-ROAD UNLIGHTED,CLOUDY,WET
6836 ,34138107,MONROE,Spencerport,,259 43011071,Y,43.195437,-77.799596,12/18/2011,11:46 AM,PROPERTY DAMAGE AND INJURY,1.,0 ,2 ,COLLISION WITH MOTOR VEHICLE,REAR END,TRAFFIC SIGNAL,DAYLIGHT,CLEAR,DRY
6836 ,34138128,MONROE,Brighton,,15 43031148,N,43.0997686,-77.6300759,12/18/2011,8:34 AM,PROPERTY DAMAGE AND INJURY,1.,0 ,1 ,COLLISION WITH CURBING,OTHER,NONE,DAYLIGHT,CLOUDY,DRY
6836 ,34138141,MONROE,Rochester,,,Y,43.1332,-77.608151,12/18/2011,4:00 AM,INJURY,1.,0 ,1 ,COLL. W/LIGHT SUPPORT/UTILITY POLE,OTHER,NONE,DARK-ROAD LIGHTED,CLEAR,DRY
6836 ,34138156,MONROE,Webster,,104 43035105,Y,43.214013,-77.419065,12/15/2011,8:32 PM,PROPERTY DAMAGE AND INJURY,1.,0 ,2 ,COLLISION WITH MOTOR VEHICLE,RIGHT ANGLE,TRAFFIC SIGNAL,DARK-ROAD LIGHTED,CLOUDY,DRY
6836 ,34138169,MONROE,Pittsford,,,N,43.1080644,-77.4999928,12/14/2011,2:49 PM,INJURY,1.,0 ,3 ,COLLISION WITH MOTOR VEHICLE,OTHER,NONE,DAYLIGHT,CLOUDY,DRY
6836 ,34138188,MONROE,Webster,,,Y,43.2051,-77.474622,12/16/2011,11:10 AM,INJURY,1.,0 ,2 ,COLLISION WITH MOTOR VEHICLE,REAR END,TRAFFIC SIGNAL,DAYLIGHT,CLOUDY,DRY
6836 ,34138346,MONROE,Ogden,,33 43031079,N,43.1270154,-77.7879579,12/16/2011,9:39 PM,PROPERTY DAMAGE AND INJURY,2.,0 ,2 ,COLLISION WITH MOTOR VEHICLE,HEAD ON,NO PASSING ZONE,DARK-ROAD LIGHTED,CLOUDY,DRY
6836 ,34138497,MONROE,Webster,,,Y,43.205568,-77.5131779,12/15/2011,2:43 PM,PROPERTY DAMAGE AND INJURY,1.,0 ,2 ,COLLISION WITH MOTOR VEHICLE,REAR END,TRAFFIC SIGNAL,DAYLIGHT,RAIN,WET
6836 ,34138519,MONROE,Pittsford,,31 43033055,N,43.0829218,-77.4971951,12/07/2011,9:50 PM,PROPERTY DAMAGE AND INJURY,3.,0 ,2 ,COLLISION WITH MOTOR VEHICLE,RIGHT ANGLE,TRAFFIC SIGNAL,DARK-ROAD LIGHTED,CLEAR,DRY