QUERYID,CASE #,REGN_CNTY_CDE,Municipality,MUNITYPE,REF_MRKR,ATINTERSECTION_IND,Lat,Long,,Time,Crash Type,Injuries,Fatalities,Number of Vehicles,ACCD_TYP,COLLISION_TYP,TRAF_CNTL,Light Condition,Weather Condition,Road Surface Condition
6836 ,34139187,MONROE,Henrietta,,,Y,43.094013,-77.633076,10/10/2011,4:30 PM,INJURY,1.,0 ,2 ,COLLISION WITH MOTOR VEHICLE,UNKNOWN,UNKNOWN,DUSK,CLEAR,DRY
6836 ,34139288,MONROE,Pittsford,,,N,43.1089703,-77.5449189,11/15/2011,12:20 PM,PROPERTY DAMAGE AND INJURY,1.,0 ,2 ,COLLISION WITH MOTOR VEHICLE,REAR END,TRAFFIC SIGNAL,DAYLIGHT,CLEAR,DRY
6836 ,34139489,MONROE,Perinton,,,N,43.0819748,-77.4321177,12/17/2011,1:34 AM,PROPERTY DAMAGE AND INJURY,1.,0 ,1 ,COLL. W/EARTH ELE./ROCK CUT/DITCH,OTHER,NONE,DARK-ROAD UNLIGHTED,SNOW,WET
6836 ,34139706,MONROE,Brighton,,,N,43.1066276,-77.5840658,12/15/2011,3:30 PM,INJURY,1.,0 ,1 ,COLLISION WITH PEDESTRIAN,OTHER,NONE,DAYLIGHT,CLOUDY,WET
6836 ,34139726,MONROE,Chili,,252 43011044,N,43.0930829,-77.6853303,12/20/2011,10:10 AM,INJURY,1.,0 ,2 ,COLLISION WITH MOTOR VEHICLE,REAR END,TRAFFIC SIGNAL,DAYLIGHT,CLOUDY,DRY
6836 ,34139803,MONROE,Penfield,,,N,43.1409838,-77.4755957,12/19/2011,5:15 PM,PROPERTY DAMAGE AND INJURY,1.,0 ,2 ,COLLISION WITH MOTOR VEHICLE,REAR END,NONE,DARK-ROAD LIGHTED,CLEAR,DRY
6836 ,34139804,MONROE,Greece,,,N,43.2099732,-77.7018165,12/16/2011,1:01 PM,INJURY,1.,0 ,2 ,COLLISION WITH MOTOR VEHICLE,REAR END,RR CROSSING GATES,DAYLIGHT,CLOUDY,DRY
6836 ,34139880,MONROE,Rochester,,,N,43.189127,-77.6198249,12/18/2011,2:20 PM,PROPERTY DAMAGE AND INJURY,1.,0 ,2 ,COLLISION WITH MOTOR VEHICLE,REAR END,NONE,DAYLIGHT,CLOUDY,DRY
6836 ,34139986,MONROE,Henrietta,,253 43011064,N,43.058833,-77.641785,12/20/2011,3:42 PM,INJURY,1.,0 ,2 ,COLLISION WITH MOTOR VEHICLE,LEFT TURN (AGAINST OTHER CAR),TRAFFIC SIGNAL,DAYLIGHT,CLEAR,DRY
6836 ,34139996,MONROE,Rochester,,,N,43.137542,-77.6066948,12/08/2011,1:52 PM,PROPERTY DAMAGE AND INJURY,3.,0 ,3 ,COLLISION WITH MOTOR VEHICLE,OTHER,NONE,DAYLIGHT,CLEAR,DRY
6836 ,34140057,MONROE,Perinton,,,Y,43.115282,-77.454143,12/14/2011,5:27 PM,PROPERTY DAMAGE AND INJURY,1.,0 ,2 ,COLLISION WITH MOTOR VEHICLE,RIGHT ANGLE,STOP SIGN,DARK-ROAD LIGHTED,CLOUDY,WET
6836 ,34140130,MONROE,Brighton,,,Y,43.125398,-77.598955,12/20/2011,5:05 PM,PROPERTY DAMAGE AND INJURY,2.,0 ,2 ,COLLISION WITH MOTOR VEHICLE,LEFT TURN (AGAINST OTHER CAR),NONE,DARK-ROAD LIGHTED,CLEAR,DRY
6836 ,34140339,MONROE,Penfield,,,N,43.1411672,-77.4408788,12/16/2011,3:40 PM,PROPERTY DAMAGE AND INJURY,1.,0 ,2 ,COLLISION WITH MOTOR VEHICLE,RIGHT ANGLE,TRAFFIC SIGNAL,DAYLIGHT,CLOUDY,DRY
6836 ,34140869,MONROE,Rochester,,,N,43.1422086,-77.6601907,12/01/2011,6:49 AM,PROPERTY DAMAGE AND INJURY,1.,0 ,3 ,COLLISION WITH MOTOR VEHICLE,OTHER,NONE,DAWN,CLEAR,DRY
6836 ,34141246,MONROE,Irondequoit,,,Y,43.20386,-77.600599,11/03/2011,3:21 PM,INJURY,1.,0 ,3 ,COLLISION WITH MOTOR VEHICLE,OTHER,TRAFFIC SIGNAL,DAYLIGHT,CLEAR,DRY
6836 ,34141312,MONROE,Rochester,,,N,43.1144103,-77.6161901,11/22/2011,5:45 PM,PROPERTY DAMAGE AND INJURY,1.,0 ,3 ,COLLISION WITH MOTOR VEHICLE,OTHER,NONE,DARK-ROAD LIGHTED,RAIN,WET
6836 ,34141333,MONROE,Rochester,,,Y,43.153016,-77.624244,11/22/2011,1:53 PM,PROPERTY DAMAGE AND INJURY,1.,0 ,3 ,COLLISION WITH MOTOR VEHICLE,OTHER,TRAFFIC SIGNAL,DAYLIGHT,CLOUDY,DRY
6836 ,34141775,MONROE,Hilton,,,N,43.295299,-77.7856873,12/09/2011,9:07 PM,INJURY,1.,0 ,2 ,COLLISION WITH PEDESTRIAN,OTHER,NONE,DARK-ROAD LIGHTED,CLOUDY,DRY
6836 ,34141938,MONROE,Chili,,,N,43.0795899,-77.7354644,12/18/2011,3:40 AM,INJURY,1.,0 ,2 ,COLLISION WITH MOTOR VEHICLE,SIDESWIPE,NONE,DARK-ROAD UNLIGHTED,CLEAR,DRY
6836 ,34142038,MONROE,Rochester,,,Y,43.169745,-77.595153,12/05/2011,6:26 PM,PROPERTY DAMAGE AND INJURY,1.,0 ,1 ,COLLISION WITH BICYCLIST,OTHER,TRAFFIC SIGNAL,DARK-ROAD LIGHTED,RAIN,WET
6836 ,34142086,MONROE,Penfield,,,N,43.155706,-77.4675502,12/11/2011,1:01 AM,PROPERTY DAMAGE AND INJURY,1.,0 ,1 ,COLL. W/LIGHT SUPPORT/UTILITY POLE,OTHER,NONE,DARK-ROAD UNLIGHTED,CLEAR,DRY
6836 ,34142089,MONROE,Brighton,,31 43033013,Y,43.1211771,-77.5587422,12/21/2011,3:11 PM,PROPERTY DAMAGE AND INJURY,2.,0 ,4 ,COLLISION WITH MOTOR VEHICLE,OTHER,NONE,DAYLIGHT,CLOUDY,WET
6836 ,34142153,MONROE,Rochester,,,Y,43.147831,-77.643552,08/15/2011,2:35 PM,INJURY,1.,0 ,2 ,COLLISION WITH MOTOR VEHICLE,REAR END,TRAFFIC SIGNAL,DAYLIGHT,CLOUDY,DRY
6836 ,34142160,MONROE,Sweden,,31A43021017,N,43.1983323,-77.9664575,12/02/2011,3:36 PM,PROPERTY DAMAGE AND INJURY,3.,0 ,3 ,COLLISION WITH MOTOR VEHICLE,OTHER,NONE,DAYLIGHT,CLOUDY,DRY
6836 ,34142349,MONROE,Rochester,,,N,43.1808644,-77.5875186,12/16/2011,12:15 PM,PROPERTY DAMAGE AND INJURY,1.,0 ,3 ,COLLISION WITH MOTOR VEHICLE,OTHER,NONE,DAYLIGHT,CLEAR,DRY
6836 ,34142455,MONROE,Henrietta,,15 43031098,Y,43.072662,-77.644567,12/16/2011,7:41 AM,PROPERTY DAMAGE AND INJURY,1.,0 ,2 ,COLLISION WITH MOTOR VEHICLE,LEFT TURN (AGAINST OTHER CAR),TRAFFIC SIGNAL,DAYLIGHT,CLEAR,DRY
6836 ,34142468,MONROE,Greece,,,Y,43.229343,-77.63236,12/07/2011,4:38 AM,PROPERTY DAMAGE AND INJURY,1.,0 ,2 ,COLL. W/LIGHT SUPPORT/UTILITY POLE,UNKNOWN,NO PASSING ZONE,DARK-ROAD LIGHTED,RAIN,WET
6836 ,34142474,MONROE,Ogden,,31 43031140,N,43.1808495,-77.7679361,12/04/2011,4:00 AM,INJURY,1.,0 ,1 ,OTHER NON-COLLISION,OTHER,NONE,DARK-ROAD UNLIGHTED,CLOUDY,DRY
6836 ,34142528,MONROE,Sweden,,,Y,43.214608,-77.9223901,12/02/2011,3:24 PM,INJURY,1.,0 ,2 ,COLLISION WITH MOTOR VEHICLE,REAR END,STOP SIGN,DAYLIGHT,CLOUDY,WET
6836 ,34142651,MONROE,Brighton,,,N,43.111017,-77.547717,12/21/2011,1:06 PM,PROPERTY DAMAGE AND INJURY,3.,0 ,2 ,COLLISION WITH MOTOR VEHICLE,LEFT TURN (WITH OTHER CAR),NONE,DAYLIGHT,RAIN,WET
6836 ,34142732,MONROE,Irondequoit,,,N,43.2095864,-77.5437364,12/17/2011,6:40 PM,PROPERTY DAMAGE AND INJURY,1.,0 ,1 ,COLLISION WITH OTHER BARRIER,OTHER,NONE,DARK-ROAD LIGHTED,SNOW,SNOW/ICE
6836 ,34142744,MONROE,Rochester,,,Y,43.156599,-77.608896,12/18/2011,12:25 PM,INJURY,2.,0 ,1 ,COLLISION WITH PEDESTRIAN,OTHER,TRAFFIC SIGNAL,DAYLIGHT,CLEAR,DRY
6836 ,34142847,MONROE,Gates,,490I43022000,N,43.157756,-77.6739865,12/19/2011,5:50 PM,PROPERTY DAMAGE AND INJURY,1.,0 ,2 ,COLLISION WITH MOTOR VEHICLE,REAR END,NONE,DARK-ROAD LIGHTED,CLEAR,DRY
6836 ,34142878,MONROE,Greece,,947A43021130,N,43.3327212,-77.7484241,12/17/2011,4:52 PM,PROPERTY DAMAGE AND INJURY,2.,0 ,2 ,COLLISION WITH MOTOR VEHICLE,RIGHT ANGLE,STOP SIGN,DARK-ROAD LIGHTED,CLOUDY,DRY
6836 ,34143092,MONROE,Greece,,,N,43.2104584,-77.7058749,12/20/2011,1:19 PM,PROPERTY DAMAGE AND INJURY,1.,0 ,3 ,COLLISION WITH MOTOR VEHICLE,OTHER,NONE,DAYLIGHT,CLEAR,DRY
6836 ,34143123,MONROE,Rochester,,,N,43.1410413,-77.663619,12/15/2011,10:45 AM,PROPERTY DAMAGE AND INJURY,1.,0 ,2 ,COLLISION WITH MOTOR VEHICLE,OVERTAKING,NONE,DAYLIGHT,RAIN,WET
6836 ,34143124,MONROE,Rochester,,,Y,43.149816,-77.618746,12/20/2011,8:18 AM,INJURY,1.,0 ,2 ,COLLISION WITH MOTOR VEHICLE,RIGHT ANGLE,STOP SIGN,DAYLIGHT,CLEAR,DRY
6836 ,34143127,MONROE,Rochester,,,Y,43.143038,-77.651004,12/19/2011,6:53 PM,PROPERTY DAMAGE AND INJURY,2.,0 ,1 ,COLLISION WITH TREE,OTHER,NONE,DARK-ROAD LIGHTED,CLEAR,DRY
6836 ,34143489,MONROE,Pittsford,,490I43023037,N,43.1038505,-77.5052245,12/21/2011,12:00 PM,PROPERTY DAMAGE AND INJURY,1.,0 ,3 ,COLLISION WITH MOTOR VEHICLE,OTHER,NONE,DAYLIGHT,RAIN,WET
6836 ,34143492,MONROE,Irondequoit,,,N,43.1962982,-77.5994276,12/19/2011,6:03 PM,PROPERTY DAMAGE AND INJURY,1.,0 ,2 ,COLLISION WITH MOTOR VEHICLE,RIGHT ANGLE,NONE,DARK-ROAD LIGHTED,CLOUDY,DRY
6836 ,34143511,MONROE,Irondequoit,,,Y,43.211046,-77.585548,12/14/2011,4:20 PM,INJURY,2.,0 ,2 ,COLLISION WITH MOTOR VEHICLE,REAR END,TRAFFIC SIGNAL,DUSK,RAIN,WET
6836 ,34143526,MONROE,Irondequoit,,,Y,43.199078,-77.577022,12/21/2011,9:10 AM,PROPERTY DAMAGE AND INJURY,2.,0 ,2 ,COLLISION WITH MOTOR VEHICLE,RIGHT ANGLE,TRAFFIC SIGNAL,DAYLIGHT,RAIN,WET
6836 ,34143528,MONROE,East Rochester,,,N,43.1166213,-77.4986594,12/18/2011,5:48 PM,PROPERTY DAMAGE AND INJURY,2.,0 ,2 ,COLLISION WITH MOTOR VEHICLE,UNKNOWN,NONE,DARK-ROAD LIGHTED,UNKNOWN,DRY
6836 ,34143530,MONROE,Gates,,,Y,43.143098,-77.7360221,12/21/2011,12:35 PM,PROPERTY DAMAGE AND INJURY,1.,0 ,2 ,COLLISION WITH MOTOR VEHICLE,LEFT TURN (AGAINST OTHER CAR),TRAFFIC SIGNAL,DAYLIGHT,RAIN,WET
6836 ,34143845,MONROE,Greece,,,N,43.2524075,-77.6467853,12/14/2011,4:45 PM,INJURY,1.,0 ,1 ,COLLISION WITH BICYCLIST,OTHER,NONE,DARK-ROAD LIGHTED,RAIN,WET
6836 ,34144200,MONROE,Webster,,,Y,43.215977,-77.4466089,12/16/2011,8:33 AM,PROPERTY DAMAGE AND INJURY,2.,0 ,2 ,COLLISION WITH MOTOR VEHICLE,RIGHT ANGLE,TRAFFIC SIGNAL,DAYLIGHT,CLOUDY,DRY
6836 ,34144206,MONROE,Brighton,,31 43033019,N,43.114844,-77.552096,12/23/2011,8:55 AM,PROPERTY DAMAGE AND INJURY,1.,0 ,2 ,COLLISION WITH MOTOR VEHICLE,RIGHT ANGLE,TRAFFIC SIGNAL,DAYLIGHT,RAIN,WET
6836 ,34144211,MONROE,Webster,,104 43035089,Y,43.209895,-77.451711,12/23/2011,6:40 PM,PROPERTY DAMAGE AND INJURY,1.,0 ,2 ,COLLISION WITH MOTOR VEHICLE,REAR END,TRAFFIC SIGNAL,DARK-ROAD LIGHTED,CLOUDY,DRY
6836 ,34144212,MONROE,Ogden,,,Y,43.178386,-77.75356,12/22/2011,9:25 PM,PROPERTY DAMAGE AND INJURY,1.,0 ,3 ,COLLISION WITH MOTOR VEHICLE,OTHER,TRAFFIC SIGNAL,DARK-ROAD LIGHTED,RAIN,WET
6836 ,34144213,MONROE,Gates,,,N,43.1655034,-77.6927997,12/23/2011,1:30 PM,PROPERTY DAMAGE AND INJURY,1.,0 ,2 ,COLLISION WITH MOTOR VEHICLE,REAR END,NONE,DAYLIGHT,CLOUDY,DRY
6836 ,34144497,MONROE,Greece,,18 43031157,N,43.2538682,-77.7461089,12/22/2011,6:10 PM,PROPERTY DAMAGE AND INJURY,1.,0 ,3 ,COLLISION WITH MOTOR VEHICLE,OTHER,NONE,DARK-ROAD LIGHTED,CLEAR,DRY
6836 ,34144501,MONROE,Greece,,,N,43.1892264,-77.6803844,12/22/2011,1:53 PM,PROPERTY DAMAGE AND INJURY,2.,0 ,3 ,COLLISION WITH MOTOR VEHICLE,OTHER,NONE,DAYLIGHT,RAIN,WET
6836 ,34144505,MONROE,Greece,,,N,43.2467145,-77.6965318,12/19/2011,3:53 PM,PROPERTY DAMAGE AND INJURY,2.,0 ,2 ,COLLISION WITH MOTOR VEHICLE,REAR END,NONE,DAYLIGHT,CLOUDY,DRY
6836 ,34144516,MONROE,Greece,,,N,43.2236658,-77.6912174,12/21/2011,6:44 PM,PROPERTY DAMAGE AND INJURY,1.,0 ,2 ,COLLISION WITH MOTOR VEHICLE,REAR END,NONE,DARK-ROAD LIGHTED,RAIN,WET
6836 ,34144744,MONROE,Ogden,,31 43031114,Y,43.18603,-77.814496,12/22/2011,8:10 PM,PROPERTY DAMAGE AND INJURY,2.,0 ,2 ,COLLISION WITH MOTOR VEHICLE,RIGHT ANGLE,STOP SIGN,DARK-ROAD LIGHTED,CLOUDY,WET
6836 ,34144745,MONROE,Ogden,,,N,43.1569839,-77.8054215,12/23/2011,1:50 PM,PROPERTY DAMAGE AND INJURY,1.,0 ,2 ,COLLISION WITH MOTOR VEHICLE,REAR END,NONE,DAYLIGHT,CLEAR,DRY
6836 ,34145050,MONROE,Perinton,,,N,43.1012133,-77.4610881,12/20/2011,2:18 PM,PROPERTY DAMAGE AND INJURY,1.,0 ,2 ,COLLISION WITH MOTOR VEHICLE,RIGHT ANGLE,NONE,DAYLIGHT,CLOUDY,DRY
6836 ,34145062,MONROE,Rush,,15 43031031,Y,42.980251,-77.675749,12/21/2011,6:16 PM,PROPERTY DAMAGE AND INJURY,3.,0 ,2 ,COLLISION WITH MOTOR VEHICLE,LEFT TURN (WITH OTHER CAR),STOP SIGN,DARK-ROAD LIGHTED,RAIN,WET
6836 ,34145066,MONROE,Penfield,,250 43011070,Y,43.130684,-77.4413089,12/16/2011,8:55 PM,PROPERTY DAMAGE AND INJURY,1.,0 ,1 ,COLLISION WITH PEDESTRIAN,OTHER,TRAFFIC SIGNAL,DARK-ROAD LIGHTED,CLOUDY,DRY
6836 ,34145602,MONROE,Greece,,,Y,43.208133,-77.6854671,12/24/2011,7:51 AM,PROPERTY DAMAGE AND INJURY,1.,0 ,3 ,COLLISION WITH MOTOR VEHICLE,OTHER,TRAFFIC SIGNAL,DAYLIGHT,CLEAR,DRY
6836 ,34145605,MONROE,Greece,,104 43031130,N,43.2169285,-77.7487775,12/23/2011,11:34 AM,PROPERTY DAMAGE AND INJURY,1.,0 ,2 ,COLLISION WITH MOTOR VEHICLE,REAR END,NONE,DAYLIGHT,CLOUDY,DRY
6836 ,34145652,MONROE,Rochester,,,Y,43.181123,-77.625186,12/25/2011,8:49 PM,PROPERTY DAMAGE AND INJURY,2.,0 ,2 ,COLLISION WITH MOTOR VEHICLE,REAR END,TRAFFIC SIGNAL,DARK-ROAD LIGHTED,RAIN,WET
6836 ,34145660,MONROE,Rochester,,,N,43.1943425,-77.6123055,12/19/2011,2:13 PM,PROPERTY DAMAGE AND INJURY,1.,0 ,2 ,COLLISION WITH MOTOR VEHICLE,RIGHT ANGLE,TRAFFIC SIGNAL,DAYLIGHT,CLOUDY,DRY
6836 ,34145665,MONROE,Rochester,,,Y,43.147209,-77.591722,12/22/2011,1:41 PM,PROPERTY DAMAGE AND INJURY,1.,0 ,3 ,COLLISION WITH MOTOR VEHICLE,OTHER,POLICE/FIRE EMERGENCY,DAYLIGHT,CLOUDY,DRY
6836 ,34145667,MONROE,Rochester,,,N,43.164661,-77.6610047,12/23/2011,5:30 PM,PROPERTY DAMAGE AND INJURY,1.,0 ,2 ,COLLISION WITH MOTOR VEHICLE,RIGHT ANGLE,NONE,DAYLIGHT,CLEAR,DRY
6836 ,34145672,MONROE,Rochester,,,Y,43.114684,-77.616216,12/22/2011,10:45 AM,INJURY,1.,0 ,1 ,COLLISION WITH BICYCLIST,OTHER,TRAFFIC SIGNAL,DAYLIGHT,RAIN,WET
6836 ,34145843,MONROE,Ogden,,,Y,43.186507,-77.8542729,12/25/2011,3:55 PM,PROPERTY DAMAGE AND INJURY,4.,0 ,2 ,COLLISION WITH MOTOR VEHICLE,RIGHT ANGLE,TRAFFIC SIGNAL,DAYLIGHT,CLOUDY,DRY
6836 ,34145844,MONROE,Pittsford,,,N,43.1055915,-77.5412024,12/15/2011,11:53 AM,PROPERTY DAMAGE AND INJURY,1.,0 ,2 ,COLLISION WITH MOTOR VEHICLE,REAR END,NONE,DAYLIGHT,RAIN,WET
6836 ,34145845,MONROE,Pittsford,,,N,43.0874349,-77.5527391,12/22/2011,11:56 AM,PROPERTY DAMAGE AND INJURY,1.,0 ,3 ,COLLISION WITH MOTOR VEHICLE,OTHER,NONE,DAYLIGHT,RAIN,WET
6836 ,34145865,MONROE,Sweden,,,N,43.1983602,-77.9444048,12/23/2011,4:59 PM,INJURY,2.,0 ,2 ,COLLISION WITH MOTOR VEHICLE,UNKNOWN,NONE,DARK-ROAD UNLIGHTED,CLOUDY,DRY
6836 ,34145866,MONROE,Penfield,,,Y,43.1720794,-77.484693,12/11/2011,9:00 AM,INJURY,4.,0 ,2 ,COLLISION WITH MOTOR VEHICLE,RIGHT ANGLE,STOP SIGN,DAYLIGHT,CLEAR,DRY
6836 ,34145903,MONROE,Irondequoit,,104 43035211,N,43.2021751,-77.5493894,12/13/2011,8:32 AM,PROPERTY DAMAGE AND INJURY,1.,0 ,1 ,COLLISION WITH GUIDERAIL - END,OTHER,NONE,DAYLIGHT,CLEAR,DRY
6836 ,34147448,MONROE,Rochester,,,Y,43.126322,-77.647489,12/26/2011,7:54 PM,PROPERTY DAMAGE AND INJURY,3.,0 ,3 ,COLLISION WITH MOTOR VEHICLE,OTHER,NONE,DARK-ROAD LIGHTED,CLEAR,DRY
6836 ,34147451,MONROE,Rochester,,,Y,43.152039,-77.6598411,12/24/2011,11:51 PM,PROPERTY DAMAGE AND INJURY,1.,0 ,2 ,COLLISION WITH MOTOR VEHICLE,REAR END,TRAFFIC SIGNAL,DARK-ROAD LIGHTED,CLOUDY,DRY
6836 ,34147818,MONROE,Brighton,,31 43033008,Y,43.126453,-77.564608,12/27/2011,6:54 PM,INJURY,1.,0 ,1 ,COLLISION WITH PEDESTRIAN,OTHER,TRAFFIC SIGNAL,DARK-ROAD LIGHTED,RAIN,WET
6836 ,34147821,MONROE,Brighton,,,N,43.1216355,-77.594628,12/23/2011,2:45 PM,INJURY,1.,0 ,1 ,COLLISION WITH PEDESTRIAN,OTHER,NONE,DAYLIGHT,CLOUDY,DRY
6836 ,34147822,MONROE,Brighton,,15 43031001,Y,43.111727,-77.623926,12/27/2011,12:49 PM,INJURY,2.,0 ,2 ,COLLISION WITH MOTOR VEHICLE,REAR END,TRAFFIC SIGNAL,DAYLIGHT,CLOUDY,WET
6836 ,34147825,MONROE,Pittsford,,252 43011127,N,43.087355,-77.5240499,12/20/2011,5:47 PM,PROPERTY DAMAGE AND INJURY,3.,0 ,4 ,COLLISION WITH MOTOR VEHICLE,OTHER,TRAFFIC SIGNAL,DARK-ROAD LIGHTED,CLEAR,WET
6836 ,34147828,MONROE,Webster,,,Y,43.236321,-77.446737,12/23/2011,10:13 AM,PROPERTY DAMAGE AND INJURY,1.,0 ,2 ,COLLISION WITH MOTOR VEHICLE,OVERTAKING,NONE,DAYLIGHT,CLOUDY,WET
6836 ,34147838,MONROE,Ogden,,,N,43.1890221,-77.7553234,12/27/2011,2:33 PM,PROPERTY DAMAGE AND INJURY,1.,0 ,1 ,COLL. W/EARTH ELE./ROCK CUT/DITCH,OTHER,NONE,DAYLIGHT,SLEET/HAIL/FREEZING RAIN,WET
6836 ,34147839,MONROE,Brighton,,31 43033006,N,43.1298091,-77.5683418,12/27/2011,9:15 PM,PROPERTY DAMAGE AND INJURY,1.,0 ,2 ,COLLISION WITH MOTOR VEHICLE,RIGHT TURN (WITH OTHER CAR),NONE,DARK-ROAD LIGHTED,RAIN,WET
6836 ,34147840,MONROE,Gates,,,N,43.174715,-77.732774,12/26/2011,2:32 PM,PROPERTY DAMAGE AND INJURY,1.,0 ,3 ,COLLISION WITH MOTOR VEHICLE,OTHER,NONE,DAYLIGHT,CLOUDY,DRY
6836 ,34148551,MONROE,Greece,,104 43031159,N,43.2093416,-77.6927971,12/20/2011,12:01 PM,PROPERTY DAMAGE AND INJURY,1.,0 ,2 ,COLLISION WITH MOTOR VEHICLE,REAR END,NONE,DAYLIGHT,CLEAR,DRY
6836 ,34148755,MONROE,Rochester,,,N,43.1725574,-77.5871591,12/24/2011,10:20 AM,INJURY,1.,0 ,2 ,COLLISION WITH MOTOR VEHICLE,SIDESWIPE,NONE,DAYLIGHT,CLOUDY,WET
6836 ,34148850,MONROE,Rochester,,,Y,43.143804,-77.636035,12/24/2011,11:43 PM,INJURY,1.,0 ,1 ,COLLISION WITH PEDESTRIAN,OTHER,TRAFFIC SIGNAL,DARK-ROAD LIGHTED,CLEAR,DRY
6836 ,34148851,MONROE,Rochester,,,Y,43.157841,-77.614646,12/26/2011,2:32 AM,PROPERTY DAMAGE AND INJURY,1.,0 ,2 ,COLLISION WITH MOTOR VEHICLE,REAR END,TRAFFIC SIGNAL,DARK-ROAD LIGHTED,CLOUDY,WET
6836 ,34148973,MONROE,Gates,,490I43021178,N,43.15708,-77.6866017,12/16/2011,11:33 AM,PROPERTY DAMAGE AND INJURY,1.,0 ,2 ,COLLISION WITH GUIDE RAIL,OTHER,NONE,DAYLIGHT,CLEAR,DRY
6836 ,34148974,MONROE,Clarkson,,,N,43.2381914,-77.9669572,12/02/2011,5:15 PM,PROPERTY DAMAGE AND INJURY,1.,0 ,2 ,COLLISION WITH MOTOR VEHICLE,SIDESWIPE,NONE,DARK-ROAD UNLIGHTED,CLOUDY,DRY
6836 ,34149003,MONROE,Rochester,,,Y,43.1507,-77.634267,12/15/2011,4:47 PM,INJURY,1.,0 ,1 ,COLLISION WITH PEDESTRIAN,OTHER,TRAFFIC SIGNAL,DUSK,CLOUDY,WET
6836 ,34149056,MONROE,Penfield,,,N,43.1308152,-77.440568,11/23/2011,6:04 AM,PROPERTY DAMAGE AND INJURY,1.,0 ,1 ,COLLISION WITH SIGN POST,OTHER,NONE,DARK-ROAD UNLIGHTED,RAIN,WET
6836 ,34149231,MONROE,Rochester,,,N,43.1932367,-77.6150457,08/27/2011,12:00 AM,INJURY,2.,0 ,5 ,COLLISION WITH MOTOR VEHICLE,OTHER,UNKNOWN,DAYLIGHT,CLEAR,DRY
6836 ,34149479,MONROE,Rochester,,490I43022035,N,43.1509992,-77.6084015,12/26/2011,10:55 PM,PROPERTY DAMAGE AND INJURY,2.,0 ,1 ,COLLISION WITH OTHER BARRIER,OTHER,NONE,DARK-ROAD LIGHTED,CLOUDY,DRY
6836 ,34149538,MONROE,Perinton,,96 43051003,N,43.0367407,-77.4506749,12/21/2011,5:13 PM,PROPERTY DAMAGE AND INJURY,1.,0 ,3 ,COLLISION WITH MOTOR VEHICLE,OTHER,TRAFFIC SIGNAL,DARK-ROAD UNLIGHTED,RAIN,WET
6836 ,34149553,MONROE,Rochester,,,Y,43.203393,-77.5618341,12/27/2011,7:12 PM,INJURY,1.,0 ,1 ,COLLISION WITH PEDESTRIAN,OTHER,TRAFFIC SIGNAL,DARK-ROAD LIGHTED,RAIN,WET
6836 ,34149555,MONROE,Irondequoit,,,Y,43.200091,-77.609311,12/25/2011,6:00 PM,PROPERTY DAMAGE AND INJURY,1.,0 ,2 ,COLLISION WITH MOTOR VEHICLE,RIGHT ANGLE,STOP SIGN,DARK-ROAD LIGHTED,RAIN,WET
6836 ,34149614,MONROE,Brighton,,15 43031115,Y,43.094993,-77.63258,12/28/2011,2:03 PM,PROPERTY DAMAGE AND INJURY,1.,0 ,2 ,COLLISION WITH MOTOR VEHICLE,REAR END,NONE,DAYLIGHT,SNOW,SNOW/ICE
6836 ,34149674,MONROE,Rochester,,,Y,43.121583,-77.618928,12/22/2011,3:42 PM,INJURY,1.,0 ,2 ,COLLISION WITH MOTOR VEHICLE,REAR END,TRAFFIC SIGNAL,DAYLIGHT,CLOUDY,DRY
6836 ,34149680,MONROE,Greece,,,Y,43.2076737,-77.6819283,12/24/2011,2:08 PM,PROPERTY DAMAGE AND INJURY,2.,0 ,2 ,COLLISION WITH MOTOR VEHICLE,REAR END,NONE,DAYLIGHT,CLOUDY,DRY
6836 ,34149816,MONROE,Greece,,104 43031146,Y,43.212214,-77.7181801,12/28/2011,9:56 PM,PROPERTY DAMAGE AND INJURY,2.,0 ,2 ,COLLISION WITH MOTOR VEHICLE,REAR END,TRAFFIC SIGNAL,DARK-ROAD LIGHTED,RAIN,WET
6836 ,34149831,MONROE,Rochester,,,Y,43.169423,-77.614356,12/09/2011,3:30 PM,PROPERTY DAMAGE AND INJURY,2.,0 ,1 ,COLL. W/LIGHT SUPPORT/UTILITY POLE,OTHER,NONE,DAYLIGHT,CLEAR,DRY
6836 ,34149853,MONROE,Rochester,,,Y,43.173792,-77.599477,12/28/2011,4:35 PM,PROPERTY DAMAGE AND INJURY,1.,0 ,2 ,COLLISION WITH MOTOR VEHICLE,RIGHT ANGLE,STOP SIGN,DAWN,SNOW,SNOW/ICE
6836 ,34149901,MONROE,Greece,,,Y,43.207843,-77.6829849,12/27/2011,2:35 PM,PROPERTY DAMAGE AND INJURY,1.,0 ,2 ,COLLISION WITH MOTOR VEHICLE,REAR END,NONE,DAYLIGHT,SLEET/HAIL/FREEZING RAIN,SNOW/ICE
6836 ,34149905,MONROE,Irondequoit,,,Y,43.216807,-77.606631,12/23/2011,12:24 PM,INJURY,1.,0 ,1 ,COLLISION WITH CURBING,OTHER,NONE,DAYLIGHT,CLOUDY,OTHER
6836 ,34150245,MONROE,Greece,,18 43031216,N,43.2370195,-77.6468574,12/25/2011,6:41 PM,PROPERTY DAMAGE AND INJURY,2.,0 ,3 ,COLLISION WITH MOTOR VEHICLE,OTHER,NONE,DARK-ROAD LIGHTED,CLOUDY,DRY
6836 ,34150359,MONROE,Brighton,,,N,43.107822,-77.615931,12/28/2011,9:30 AM,INJURY,1.,0 ,2 ,COLLISION WITH MOTOR VEHICLE,REAR END,TRAFFIC SIGNAL,DAYLIGHT,SNOW,SNOW/ICE