QUERYID,CASE #,REGN_CNTY_CDE,Municipality,MUNITYPE,REF_MRKR,ATINTERSECTION_IND,Lat,Long,,Time,Crash Type,Injuries,Fatalities,Number of Vehicles,ACCD_TYP,COLLISION_TYP,TRAF_CNTL,Light Condition,Weather Condition,Road Surface Condition
6836 ,34150469,MONROE,Clarkson,,,N,43.2430455,-77.9652036,12/28/2011,1:46 PM,INJURY,1.,0 ,1 ,COLL. W/LIGHT SUPPORT/UTILITY POLE,OTHER,NONE,DAYLIGHT,SNOW,SNOW/ICE
6836 ,34150801,MONROE,Henrietta,,252 43011100,N,43.087243,-77.5768848,12/28/2011,5:44 PM,PROPERTY DAMAGE AND INJURY,1.,0 ,2 ,COLLISION WITH MOTOR VEHICLE,REAR END,NONE,DARK-ROAD LIGHTED,SNOW,SNOW/ICE
6836 ,34150805,MONROE,Rochester,,590I43012003,N,43.1428623,-77.5490667,12/27/2011,8:15 PM,PROPERTY DAMAGE AND INJURY,1.,0 ,2 ,COLLISION WITH MOTOR VEHICLE,OVERTAKING,NONE,DARK-ROAD LIGHTED,RAIN,WET
6836 ,34150885,MONROE,Greece,,390 43011052,N,43.2302982,-77.6723209,12/28/2011,10:59 AM,PROPERTY DAMAGE AND INJURY,1.,0 ,2 ,COLLISION WITH MOTOR VEHICLE,OVERTAKING,NONE,DAYLIGHT,SNOW,SNOW/ICE
6836 ,34150921,MONROE,Perinton,,,Y,43.039506,-77.458216,12/21/2011,12:45 PM,PROPERTY DAMAGE AND INJURY,1.,0 ,2 ,COLLISION WITH MOTOR VEHICLE,REAR END,TRAFFIC SIGNAL,DAYLIGHT,RAIN,WET
6836 ,34150964,MONROE,Greece,,,N,43.2052508,-77.6674216,12/23/2011,8:22 PM,INJURY,1.,0 ,1 ,COLLISION WITH BUILDING/WALL,OTHER,NONE,DARK-ROAD LIGHTED,CLOUDY,DRY
6836 ,34151234,MONROE,Rochester,,15 43032004,Y,43.118685,-77.620417,11/29/2011,5:14 PM,PROPERTY DAMAGE AND INJURY,2.,0 ,2 ,COLLISION WITH MOTOR VEHICLE,REAR END,TRAFFIC SIGNAL,DARK-ROAD LIGHTED,RAIN,WET
6836 ,34151914,MONROE,Gates,,33 43031108,Y,43.143098,-77.7360221,12/30/2011,10:30 AM,PROPERTY DAMAGE AND INJURY,2.,0 ,2 ,COLLISION WITH MOTOR VEHICLE,RIGHT ANGLE,TRAFFIC SIGNAL,DAYLIGHT,CLOUDY,WET
6836 ,34151974,MONROE,Penfield,,441 43011036,N,43.1308694,-77.4733837,12/23/2011,6:11 PM,INJURY,2.,0 ,3 ,COLLISION WITH MOTOR VEHICLE,OTHER,NONE,DARK-ROAD LIGHTED,CLOUDY,DRY
6836 ,34151993,MONROE,Brockport,,,Y,43.214026,-77.942208,12/15/2011,3:42 PM,PROPERTY DAMAGE AND INJURY,1.,0 ,2 ,COLLISION WITH MOTOR VEHICLE,RIGHT ANGLE,STOP SIGN,DAYLIGHT,RAIN,WET
6836 ,34152153,MONROE,Gates,,,Y,43.175067,-77.701573,12/29/2011,4:18 PM,PROPERTY DAMAGE AND INJURY,1.,0 ,2 ,COLLISION WITH MOTOR VEHICLE,REAR END,TRAFFIC SIGNAL,DAYLIGHT,CLOUDY,WET
6836 ,34152309,MONROE,Greece,,,N,43.2489375,-77.6965041,12/23/2011,12:40 PM,PROPERTY DAMAGE AND INJURY,1.,0 ,2 ,COLLISION WITH MOTOR VEHICLE,RIGHT ANGLE,STOP SIGN,DAYLIGHT,CLEAR,DRY
6836 ,34152337,MONROE,Rochester,,104 43032003,N,43.203468,-77.65385,12/30/2011,5:22 PM,PROPERTY DAMAGE AND INJURY,2.,0 ,3 ,COLLISION WITH MOTOR VEHICLE,OTHER,NONE,DARK-ROAD LIGHTED,RAIN,WET
6836 ,34152339,MONROE,Rochester,,,Y,43.165082,-77.621887,12/31/2011,4:37 PM,PROPERTY DAMAGE AND INJURY,2.,0 ,2 ,COLLISION WITH MOTOR VEHICLE,HEAD ON,NONE,DAYLIGHT,CLOUDY,DRY
6836 ,34152504,MONROE,Sweden,,,N,43.1870282,-77.8853778,12/27/2011,11:45 AM,PROPERTY DAMAGE AND INJURY,1.,0 ,1 ,COLLISION WITH TREE,OTHER,NONE,DAYLIGHT,CLOUDY,WET
6836 ,34152510,MONROE,Henrietta,,252 43011080,N,43.0871134,-77.6161526,12/27/2011,6:23 PM,INJURY,1.,0 ,2 ,COLLISION WITH MOTOR VEHICLE,REAR END,TRAFFIC SIGNAL,DARK-ROAD LIGHTED,RAIN,WET
6836 ,34152512,MONROE,Henrietta,,,N,43.0885197,-77.6360444,12/30/2011,1:31 PM,PROPERTY DAMAGE AND INJURY,1.,0 ,2 ,COLLISION WITH MOTOR VEHICLE,RIGHT ANGLE,NONE,DAYLIGHT,CLOUDY,WET
6836 ,34152515,MONROE,Henrietta,,,N,43.0579091,-77.6524961,12/29/2011,4:45 PM,PROPERTY DAMAGE AND INJURY,2.,0 ,2 ,COLLISION WITH MOTOR VEHICLE,LEFT TURN (WITH OTHER CAR),NONE,DUSK,CLOUDY,WET
6836 ,34152517,MONROE,Henrietta,,252 43011074,N,43.087145,-77.6259534,12/27/2011,1:28 PM,INJURY,3.,0 ,2 ,COLLISION WITH MOTOR VEHICLE,RIGHT ANGLE,NONE,DAYLIGHT,CLOUDY,WET
6836 ,34152521,MONROE,Parma,,,N,43.2586668,-77.8010469,12/28/2011,2:09 PM,INJURY,1.,0 ,1 ,COLL. W/LIGHT SUPPORT/UTILITY POLE,OTHER,NONE,DAYLIGHT,SNOW,SNOW/ICE
6836 ,34152524,MONROE,Henrietta,,,N,43.0890454,-77.6297154,12/18/2011,2:25 PM,PROPERTY DAMAGE AND INJURY,1.,0 ,2 ,COLLISION WITH MOTOR VEHICLE,REAR END,NONE,DAYLIGHT,CLOUDY,DRY
6836 ,34152529,MONROE,Penfield,,,N,43.1906533,-77.4518384,12/29/2011,2:40 PM,PROPERTY DAMAGE AND INJURY,1.,0 ,2 ,COLLISION WITH MOTOR VEHICLE,LEFT TURN (WITH OTHER CAR),STOP SIGN,DAYLIGHT,CLOUDY,WET
6836 ,34152533,MONROE,Henrietta,,252 43011096,Y,43.087046,-77.581938,12/30/2011,5:17 PM,PROPERTY DAMAGE AND INJURY,1.,0 ,2 ,COLLISION WITH MOTOR VEHICLE,REAR END,TRAFFIC SIGNAL,DARK-ROAD LIGHTED,CLOUDY,WET
6836 ,34152539,MONROE,Gates,,,Y,43.130854,-77.660774,12/31/2011,4:56 AM,INJURY,1.,0 ,1 ,COLLISION WITH BICYCLIST,OTHER,NONE,DARK-ROAD LIGHTED,CLOUDY,WET
6836 ,34152546,MONROE,Rochester,,,N,43.2008201,-77.5617184,12/30/2011,4:35 PM,INJURY,1.,0 ,1 ,COLLISION WITH BICYCLIST,OTHER,NONE,DAYLIGHT,CLOUDY,DRY
6836 ,34152861,MONROE,Greece,,18 43031196,Y,43.252873,-77.664,12/28/2011,11:13 AM,PROPERTY DAMAGE AND INJURY,5.,0 ,2 ,COLLISION WITH MOTOR VEHICLE,RIGHT ANGLE,STOP SIGN,DAYLIGHT,SNOW,SNOW/ICE
6836 ,34152869,MONROE,Greece,,,Y,43.214716,-77.732804,12/22/2011,3:32 PM,PROPERTY DAMAGE AND INJURY,1.,0 ,3 ,COLLISION WITH MOTOR VEHICLE,OTHER,NONE,DAYLIGHT,CLOUDY,WET
6836 ,34152870,MONROE,Greece,,,Y,43.252956,-77.64679,12/31/2011,4:25 PM,INJURY,1.,0 ,1 ,COLLISION WITH PEDESTRIAN,OTHER,TRAFFIC SIGNAL,DARK-ROAD LIGHTED,CLOUDY,WET
6836 ,34153246,MONROE,Mendon,,,N,42.9974443,-77.5170224,12/28/2011,3:25 PM,PROPERTY DAMAGE AND INJURY,1.,0 ,1 ,COLL. W/LIGHT SUPPORT/UTILITY POLE,OTHER,NONE,DAYLIGHT,CLOUDY,WET
6836 ,34153249,MONROE,Mendon,,,N,43.0109309,-77.5818704,12/29/2011,5:21 PM,PROPERTY DAMAGE AND INJURY,1.,0 ,1 ,COLLISION WITH TREE,OTHER,NONE,DARK-ROAD UNLIGHTED,CLOUDY,DRY
6836 ,34153251,MONROE,Henrietta,,390I43031104,N,43.076148,-77.626828,12/31/2011,9:55 AM,PROPERTY DAMAGE AND INJURY,2.,0 ,2 ,COLLISION WITH MOTOR VEHICLE,REAR END,YIELD SIGN,DAYLIGHT,CLOUDY,WET
6836 ,34153259,MONROE,Sweden,,,N,43.1983635,-77.9493925,12/30/2011,4:55 PM,INJURY,1.,0 ,2 ,COLLISION WITH MOTOR VEHICLE,RIGHT ANGLE,STOP SIGN,DARK-ROAD LIGHTED,CLOUDY,DRY
6836 ,34153265,MONROE,Perinton,,31F43011059,N,43.0942598,-77.4200202,12/31/2011,5:11 PM,INJURY,2.,0 ,2 ,COLLISION WITH MOTOR VEHICLE,REAR END,NONE,DARK-ROAD UNLIGHTED,RAIN,WET
6836 ,34153270,MONROE,Sweden,,,Y,43.198323,-77.9340279,12/31/2011,4:07 PM,INJURY,1.,0 ,1 ,COLLISION WITH BICYCLIST,OTHER,NONE,DAYLIGHT,RAIN,WET
6836 ,34153454,MONROE,Rochester,,,Y,43.166479,-77.58121,01/02/2012,3:12 PM,INJURY,1.,0 ,2 ,COLLISION WITH MOTOR VEHICLE,RIGHT ANGLE,TRAFFIC SIGNAL,DAYLIGHT,CLEAR,WET
6836 ,34153460,MONROE,Rochester,,,Y,43.186958,-77.59569,12/22/2011,9:49 PM,INJURY,1.,0 ,2 ,COLLISION WITH MOTOR VEHICLE,REAR END,TRAFFIC SIGNAL,DARK-ROAD LIGHTED,RAIN,WET
6836 ,34153462,MONROE,Rochester,,104 43032019,Y,43.194394,-77.6266909,01/01/2012,3:44 PM,PROPERTY DAMAGE AND INJURY,1.,0 ,2 ,COLLISION WITH MOTOR VEHICLE,REAR END,TRAFFIC SIGNAL,DAYLIGHT,RAIN,WET
6836 ,34153727,MONROE,Greece,,390 43011063,N,43.2466352,-77.6682868,12/31/2011,9:00 AM,PROPERTY DAMAGE AND INJURY,1.,0 ,2 ,COLLISION WITH MOTOR VEHICLE,OVERTAKING,NONE,DAYLIGHT,RAIN,WET
6836 ,34153836,MONROE,Henrietta,,252 43011073,N,43.0870218,-77.6296836,12/28/2011,9:17 PM,PROPERTY DAMAGE AND INJURY,1.,0 ,2 ,COLLISION WITH MOTOR VEHICLE,LEFT TURN (AGAINST OTHER CAR),TRAFFIC SIGNAL,DARK-ROAD LIGHTED,CLOUDY,WET
6836 ,34153840,MONROE,Penfield,,441 43011065,N,43.1280223,-77.417538,12/29/2011,5:13 PM,PROPERTY DAMAGE AND INJURY,1.,0 ,2 ,COLLISION WITH MOTOR VEHICLE,RIGHT ANGLE,NONE,DARK-ROAD UNLIGHTED,CLOUDY,DRY
6836 ,34153841,MONROE,Perinton,,,Y,43.102912,-77.432128,01/01/2012,6:40 PM,INJURY,1.,0 ,2 ,COLLISION WITH MOTOR VEHICLE,RIGHT ANGLE,TRAFFIC SIGNAL,DARK-ROAD LIGHTED,RAIN,WET
6836 ,34153843,MONROE,Scottsville,,251 43011110,N,43.01871,-77.7480764,01/01/2012,8:54 PM,PROPERTY DAMAGE AND INJURY,1.,0 ,2 ,COLLISION WITH TREE,OTHER,NONE,DARK-ROAD UNLIGHTED,CLEAR,WET
6836 ,34153844,MONROE,Pittsford,,31 43033057,N,43.0812498,-77.4946343,12/29/2011,2:56 AM,PROPERTY DAMAGE AND INJURY,1.,0 ,1 ,OVERTURNED,OTHER,NONE,DARK-ROAD UNLIGHTED,CLOUDY,OTHER
6836 ,34153845,MONROE,Penfield,,,N,43.1477621,-77.449652,12/24/2011,3:45 AM,INJURY,1.,0 ,1 ,COLLISION WITH PEDESTRIAN,OTHER,NONE,DARK-ROAD LIGHTED,SNOW,SNOW/ICE
6836 ,34154530,MONROE,Rochester,,,Y,43.175912,-77.572729,12/05/2011,5:42 PM,INJURY,1.,0 ,1 ,COLLISION WITH PEDESTRIAN,OTHER,STOP SIGN,DARK-ROAD LIGHTED,RAIN,WET
6836 ,34154793,MONROE,Gates,,490I43021145,N,43.1347753,-77.7187153,12/03/2011,8:05 AM,PROPERTY DAMAGE AND INJURY,1.,0 ,2 ,COLLISION WITH GUIDE RAIL,RIGHT ANGLE,NONE,DAYLIGHT,CLEAR,SNOW/ICE
6836 ,34154875,MONROE,Henrietta,,252 43011096,N,43.0869932,-77.5856799,12/07/2011,5:24 PM,PROPERTY DAMAGE AND INJURY,3.,0 ,4 ,COLLISION WITH MOTOR VEHICLE,OTHER,NONE,DARK-ROAD LIGHTED,CLOUDY,DRY
6836 ,34154876,MONROE,Penfield,,104 43035052,N,43.1829105,-77.5075956,11/28/2011,11:15 AM,PROPERTY DAMAGE AND INJURY,1.,0 ,2 ,COLLISION WITH MOTOR VEHICLE,LEFT TURN (AGAINST OTHER CAR),NONE,DAYLIGHT,RAIN,WET
6836 ,34154880,MONROE,Hilton,,259 43011142,N,43.2943686,-77.7932918,12/07/2011,2:25 PM,PROPERTY DAMAGE AND INJURY,1.,0 ,1 ,COLL. W/LIGHT SUPPORT/UTILITY POLE,OTHER,NONE,DAYLIGHT,CLOUDY,WET
6836 ,34154887,MONROE,Riga,,490I43021079,N,43.0934252,-77.8284053,12/05/2011,12:10 PM,PROPERTY DAMAGE AND INJURY,1.,0 ,1 ,COLLISION WITH TREE,OTHER,NONE,DAYLIGHT,RAIN,WET
6836 ,34154893,MONROE,Perinton,,31 43033086,N,43.0690117,-77.439302,11/19/2011,10:40 AM,PROPERTY DAMAGE AND INJURY,1.,0 ,2 ,COLLISION WITH MOTOR VEHICLE,REAR END,TRAFFIC SIGNAL,DAYLIGHT,CLOUDY,DRY
6836 ,34154916,MONROE,Sweden,,,N,43.1990728,-77.9222942,12/08/2011,9:47 AM,PROPERTY DAMAGE AND INJURY,1.,0 ,2 ,COLLISION WITH MOTOR VEHICLE,LEFT TURN (AGAINST OTHER CAR),NONE,DAYLIGHT,CLOUDY,DRY
6836 ,34154923,MONROE,Rush,,15A43041038,Y,42.990996,-77.642905,12/06/2011,2:39 PM,INJURY,1.,0 ,2 ,COLLISION WITH MOTOR VEHICLE,REAR END,NONE,DAYLIGHT,RAIN,WET
6836 ,34154925,MONROE,Parma,,104 43031092,N,43.2212096,-77.8317875,12/07/2011,2:56 PM,INJURY,3.,0 ,2 ,COLLISION WITH MOTOR VEHICLE,HEAD ON,NONE,DAYLIGHT,CLOUDY,DRY
6836 ,34155140,MONROE,Gates,,531 43011021,N,43.156577,-77.7213841,12/28/2011,1:42 PM,INJURY,1.,0 ,1 ,COLLISION WITH GUIDE RAIL,OTHER,NONE,DAYLIGHT,SNOW,SNOW/ICE
6836 ,34155148,MONROE,Penfield,,,N,43.181707,-77.411698,01/02/2012,1:10 PM,PROPERTY DAMAGE AND INJURY,1.,0 ,2 ,COLLISION WITH MOTOR VEHICLE,RIGHT ANGLE,STOP SIGN,DAYLIGHT,CLEAR,DRY
6836 ,34155226,MONROE,Greece,,261 43011019,Y,43.244333,-77.7515,01/01/2012,1:47 AM,PROPERTY DAMAGE AND INJURY,1.,0 ,2 ,COLLISION WITH MOTOR VEHICLE,RIGHT ANGLE,TRAFFIC SIGNAL,DARK-ROAD LIGHTED,CLEAR,WET
6836 ,34155228,MONROE,Greece,,18 43031181,Y,43.253021,-77.696443,12/24/2011,4:17 AM,PROPERTY DAMAGE AND INJURY,1.,0 ,2 ,COLLISION WITH MOTOR VEHICLE,RIGHT ANGLE,TRAFFIC SIGNAL,DARK-ROAD LIGHTED,SNOW,SNOW/ICE
6836 ,34155673,MONROE,Pittsford,,,Y,43.090112,-77.515752,12/26/2011,9:55 AM,PROPERTY DAMAGE AND INJURY,1.,0 ,2 ,COLLISION WITH MOTOR VEHICLE,LEFT TURN (WITH OTHER CAR),NO PASSING ZONE,DAYLIGHT,CLOUDY,WET
6836 ,34155677,MONROE,Webster,,,N,43.2113392,-77.4378214,12/28/2011,12:28 PM,PROPERTY DAMAGE AND INJURY,1.,0 ,2 ,COLLISION WITH MOTOR VEHICLE,REAR END,TRAFFIC SIGNAL,DAYLIGHT,SNOW,SNOW/ICE
6836 ,34155686,MONROE,Webster,,404 43035078,Y,43.209895,-77.451711,12/29/2011,6:00 PM,INJURY,1.,0 ,1 ,COLLISION WITH PEDESTRIAN,OTHER,TRAFFIC SIGNAL,DARK-ROAD LIGHTED,CLOUDY,WET
6836 ,34155687,MONROE,Brighton,,,N,43.1282319,-77.5219008,12/31/2011,7:00 AM,INJURY,1.,0 ,1 ,COLLISION WITH GUIDE RAIL,OTHER,NONE,DARK-ROAD LIGHTED,CLOUDY,WET
6836 ,34155689,MONROE,Pittsford,,,N,43.0847912,-77.4928648,12/22/2011,5:40 AM,PROPERTY DAMAGE AND INJURY,1.,0 ,1 ,COLLISION WITH GUIDE RAIL,OTHER,NONE,DARK-ROAD UNLIGHTED,RAIN,WET
6836 ,34155702,MONROE,Penfield,,104 43035051,N,43.1823953,-77.507869,01/02/2012,6:55 PM,PROPERTY DAMAGE AND INJURY,1.,0 ,3 ,COLLISION WITH MOTOR VEHICLE,OTHER,TRAFFIC SIGNAL,DARK-ROAD LIGHTED,SNOW,SNOW/ICE
6836 ,34155703,MONROE,Penfield,,,Y,43.127483,-77.433244,12/30/2011,1:55 AM,PROPERTY DAMAGE AND INJURY,1.,0 ,1 ,COLLISION WITH OTHER,OTHER,NONE,DARK-ROAD UNLIGHTED,CLOUDY,SNOW/ICE
6836 ,34155707,MONROE,Gates,,,Y,43.127037,-77.700496,01/03/2012,6:03 PM,INJURY,1.,0 ,1 ,COLLISION WITH PEDESTRIAN,OTHER,STOP SIGN,DARK-ROAD LIGHTED,CLOUDY,WET
6836 ,34155713,MONROE,Brockport,,,N,43.20927,-77.940395,12/30/2011,10:33 AM,INJURY,1.,0 ,2 ,COLLISION WITH MOTOR VEHICLE,REAR END,NONE,DAYLIGHT,CLOUDY,WET
6836 ,34155723,MONROE,Brockport,,,Y,43.20862,-77.940587,12/29/2011,1:40 PM,PROPERTY DAMAGE AND INJURY,1.,0 ,3 ,COLLISION WITH MOTOR VEHICLE,OTHER,OTHER,DAYLIGHT,CLEAR,WET
6836 ,34156307,MONROE,Webster,,,N,43.2074703,-77.4663758,01/03/2012,1:30 PM,INJURY,2.,0 ,2 ,COLLISION WITH MOTOR VEHICLE,REAR END,STOP SIGN,DAYLIGHT,SNOW,WET
6836 ,34156315,MONROE,Rochester,,33 43032023,Y,43.151935,-77.628952,12/24/2011,9:42 PM,PROPERTY DAMAGE AND INJURY,3.,0 ,2 ,COLLISION WITH MOTOR VEHICLE,LEFT TURN (AGAINST OTHER CAR),TRAFFIC SIGNAL,DARK-ROAD LIGHTED,CLEAR,DRY
6836 ,34156400,MONROE,Rochester,,,Y,43.177276,-77.598949,11/27/2011,2:48 PM,INJURY,1.,0 ,1 ,COLLISION WITH BICYCLIST,OTHER,STOP SIGN,DAYLIGHT,CLEAR,DRY
6836 ,34156517,MONROE,Rochester,,,N,43.178304,-77.5990163,12/25/2011,10:35 AM,PROPERTY DAMAGE AND INJURY,1.,0 ,2 ,COLLISION WITH MOTOR VEHICLE,OVERTAKING,NONE,DAYLIGHT,CLEAR,DRY
6836 ,34156531,MONROE,Perinton,,31 43032032,N,43.0693935,-77.4434768,01/03/2012,2:30 PM,PROPERTY DAMAGE AND INJURY,1.,0 ,2 ,COLLISION WITH MOTOR VEHICLE,REAR END,TRAFFIC SIGNAL,DAYLIGHT,CLOUDY,SNOW/ICE
6836 ,34156571,MONROE,Rochester,,,Y,43.142228,-77.648016,12/16/2011,10:10 PM,PROPERTY DAMAGE AND INJURY,1.,0 ,2 ,COLLISION WITH MOTOR VEHICLE,SIDESWIPE,NONE,DARK-ROAD LIGHTED,CLEAR,DRY
6836 ,34156594,MONROE,Ogden,,,Y,43.189331,-77.753401,01/03/2012,3:50 PM,PROPERTY DAMAGE AND INJURY,1.,0 ,2 ,COLLISION WITH MOTOR VEHICLE,REAR END,NO PASSING ZONE,DAYLIGHT,CLOUDY,SNOW/ICE
6836 ,34156649,MONROE,Webster,,,N,43.2201878,-77.4298385,01/02/2012,2:42 PM,PROPERTY DAMAGE AND INJURY,1.,0 ,2 ,COLLISION WITH MOTOR VEHICLE,RIGHT ANGLE,NONE,DAYLIGHT,CLEAR,WET
6836 ,34156668,MONROE,Penfield,,,N,43.182384,-77.4865843,01/03/2012,2:45 PM,PROPERTY DAMAGE AND INJURY,1.,0 ,1 ,COLL. W/LIGHT SUPPORT/UTILITY POLE,OTHER,NONE,DAYLIGHT,SNOW,SNOW/ICE
6836 ,34156708,MONROE,Rochester,,,N,43.1934661,-77.6069569,12/15/2011,6:43 AM,INJURY,1.,0 ,1 ,COLLISION WITH PEDESTRIAN,OTHER,NONE,DARK-ROAD LIGHTED,CLEAR,WET
6836 ,34156716,MONROE,Chili,,,Y,43.089185,-77.796184,12/28/2011,8:34 PM,PROPERTY DAMAGE AND INJURY,1.,0 ,2 ,COLLISION WITH MOTOR VEHICLE,REAR END,NONE,DARK-ROAD LIGHTED,CLOUDY,SNOW/ICE
6836 ,34156784,MONROE,Rochester,,,Y,43.146615,-77.629002,12/31/2011,6:49 PM,INJURY,1.,0 ,2 ,COLLISION WITH MOTOR VEHICLE,RIGHT ANGLE,TRAFFIC SIGNAL,DARK-ROAD LIGHTED,CLOUDY,WET
6836 ,34156847,MONROE,Rochester,,,Y,43.158317,-77.601276,12/23/2011,2:20 AM,PROPERTY DAMAGE AND INJURY,4.,0 ,2 ,COLLISION WITH MOTOR VEHICLE,REAR END,TRAFFIC SIGNAL,DARK-ROAD LIGHTED,RAIN,WET
6836 ,34156895,MONROE,Wheatland,,383 43012012,Y,43.030032,-77.7420679,12/27/2011,2:28 PM,PROPERTY DAMAGE AND INJURY,5.,0 ,2 ,COLLISION WITH MOTOR VEHICLE,RIGHT ANGLE,STOP SIGN,DAYLIGHT,RAIN,WET
6836 ,34156984,MONROE,Rochester,,,Y,43.1714292,-77.567465,12/10/2011,7:34 AM,INJURY,1.,0 ,1 ,COLLISION WITH PEDESTRIAN,OTHER,STOP SIGN,DAYLIGHT,CLEAR,DRY
6836 ,34157006,MONROE,Ogden,,31 43031125,Y,43.18143,-77.796343,01/03/2012,3:04 PM,INJURY,2.,0 ,2 ,COLLISION WITH MOTOR VEHICLE,REAR END,NO PASSING ZONE,DAYLIGHT,SNOW,SNOW/ICE
6836 ,34157066,MONROE,Rochester,,,N,43.1593889,-77.6198939,12/28/2011,7:44 AM,PROPERTY DAMAGE AND INJURY,1.,0 ,1 ,COLL. W/LIGHT SUPPORT/UTILITY POLE,OTHER,NONE,DAYLIGHT,SNOW,SNOW/ICE
6836 ,34157226,MONROE,Rochester,,,N,43.203393,-77.5618341,12/29/2011,12:14 PM,PROPERTY DAMAGE AND INJURY,1.,0 ,2 ,COLLISION WITH MOTOR VEHICLE,RIGHT ANGLE,TRAFFIC SIGNAL,DAYLIGHT,CLOUDY,WET
6836 ,34157241,MONROE,Brockport,,19 43041061,N,43.2198396,-77.9371779,12/22/2011,2:52 PM,PROPERTY DAMAGE AND INJURY,1.,0 ,1 ,COLL. W/LIGHT SUPPORT/UTILITY POLE,OTHER,NONE,DAYLIGHT,CLOUDY,DRY
6836 ,34157255,MONROE,Rochester,,,N,43.1574309,-77.5808183,12/29/2011,9:56 PM,INJURY,1.,0 ,1 ,COLLISION WITH PEDESTRIAN,OTHER,NONE,DARK-ROAD LIGHTED,SNOW,SNOW/ICE
6836 ,34157258,MONROE,Rochester,,,N,43.1465498,-77.6000386,12/07/2011,6:51 AM,INJURY,1.,0 ,1 ,COLLISION WITH PEDESTRIAN,OTHER,TRAFFIC SIGNAL,DAWN,CLEAR,DRY
6836 ,34157322,MONROE,Greece,,104 43031153,Y,43.210064,-77.703397,12/30/2011,2:05 PM,INJURY,1.,0 ,4 ,COLLISION WITH MOTOR VEHICLE,OTHER,TRAFFIC SIGNAL,DAYLIGHT,CLEAR,DRY
6836 ,34157397,MONROE,Perinton,,,Y,43.102211,-77.465675,12/31/2011,12:55 AM,PROPERTY DAMAGE AND INJURY,1.,0 ,2 ,COLLISION WITH MOTOR VEHICLE,RIGHT TURN (WITH OTHER CAR),TRAFFIC SIGNAL,DARK-ROAD LIGHTED,CLOUDY,WET
6836 ,34157722,MONROE,Greece,,104 43031173,N,43.2050526,-77.6661375,12/15/2011,7:14 PM,PROPERTY DAMAGE AND INJURY,2.,0 ,2 ,COLLISION WITH MOTOR VEHICLE,REAR END,NONE,DARK-ROAD LIGHTED,CLOUDY,WET
6836 ,34158386,MONROE,Brighton,,15 43031114,Y,43.094013,-77.633076,01/05/2012,8:27 AM,INJURY,1.,0 ,1 ,COLLISION WITH PEDESTRIAN,OTHER,TRAFFIC SIGNAL,DAYLIGHT,CLOUDY,DRY
6836 ,34158434,MONROE,Rochester,,,Y,43.187092,-77.591845,12/28/2011,9:01 AM,PROPERTY DAMAGE AND INJURY,2.,0 ,2 ,COLLISION WITH MOTOR VEHICLE,RIGHT ANGLE,TRAFFIC SIGNAL,DAYLIGHT,SNOW,SNOW/ICE
6836 ,34158503,MONROE,Rochester,,,N,43.1949302,-77.5613625,12/30/2011,5:22 PM,PROPERTY DAMAGE AND INJURY,2.,0 ,2 ,COLLISION WITH MOTOR VEHICLE,LEFT TURN (AGAINST OTHER CAR),NONE,DARK-ROAD LIGHTED,CLOUDY,DRY
6836 ,34158656,MONROE,Rochester,,,Y,43.152502,-77.60751,12/29/2011,5:15 PM,INJURY,1.,0 ,1 ,COLLISION WITH PEDESTRIAN,OTHER,TRAFFIC SIGNAL,DARK-ROAD LIGHTED,CLOUDY,WET
6836 ,34158674,MONROE,Rochester,,,Y,43.197825,-77.638813,12/31/2011,3:30 PM,PROPERTY DAMAGE AND INJURY,2.,0 ,2 ,COLLISION WITH MOTOR VEHICLE,RIGHT TURN (WITH OTHER CAR),NONE,DAYLIGHT,CLOUDY,WET
6836 ,34158720,MONROE,Rochester,,,Y,43.160876,-77.589666,01/03/2012,4:17 PM,INJURY,1.,0 ,2 ,COLLISION WITH MOTOR VEHICLE,RIGHT ANGLE,TRAFFIC SIGNAL,DAYLIGHT,SNOW,WET
6836 ,34158723,MONROE,Rochester,,,Y,43.1513545,-77.6140056,01/04/2012,5:16 PM,INJURY,1.,0 ,1 ,COLLISION WITH PEDESTRIAN,OTHER,NONE,DARK-ROAD LIGHTED,CLEAR,DRY
6836 ,34158744,MONROE,Rochester,,,N,43.124634,-77.6175109,01/02/2012,12:04 PM,INJURY,1.,0 ,1 ,COLLISION WITH PEDESTRIAN,OTHER,TRAFFIC SIGNAL,DAYLIGHT,CLEAR,DRY
6836 ,34158748,MONROE,Rochester,,96 43052022,Y,43.153464,-77.588178,01/03/2012,9:54 AM,PROPERTY DAMAGE AND INJURY,1.,0 ,2 ,COLLISION WITH MOTOR VEHICLE,RIGHT ANGLE,TRAFFIC SIGNAL,DAYLIGHT,CLEAR,WET
6836 ,34158802,MONROE,Irondequoit,,,N,43.196444,-77.5767859,01/04/2012,5:25 PM,INJURY,1.,0 ,2 ,COLLISION WITH MOTOR VEHICLE,LEFT TURN (WITH OTHER CAR),TRAFFIC SIGNAL,DUSK,CLOUDY,DRY
6836 ,34158938,MONROE,Rochester,,,N,43.1502929,-77.589942,01/03/2012,1:46 PM,PROPERTY DAMAGE AND INJURY,1.,0 ,2 ,COLLISION WITH MOTOR VEHICLE,REAR END,NONE,DAYLIGHT,CLEAR,WET
6836 ,34159208,MONROE,Irondequoit,,,Y,43.199078,-77.577022,01/02/2012,10:16 PM,INJURY,1.,0 ,1 ,COLLISION WITH PEDESTRIAN,OTHER,TRAFFIC SIGNAL,DARK-ROAD LIGHTED,SNOW,SNOW/ICE
6836 ,34159370,MONROE,Rochester,,,Y,43.179312,-77.6394599,12/26/2011,4:10 AM,INJURY,1.,0 ,2 ,COLLISION WITH MOTOR VEHICLE,REAR END,TRAFFIC SIGNAL,DARK-ROAD LIGHTED,CLOUDY,WET