QUERYID,CASE #,REGN_CNTY_CDE,Municipality,MUNITYPE,REF_MRKR,ATINTERSECTION_IND,Lat,Long,,Time,Crash Type,Injuries,Fatalities,Number of Vehicles,ACCD_TYP,COLLISION_TYP,TRAF_CNTL,Light Condition,Weather Condition,Road Surface Condition
6836 ,34159402,MONROE,Irondequoit,,,N,43.2092279,-77.6008754,12/30/2011,3:15 PM,INJURY,1.,0 ,2 ,COLLISION WITH MOTOR VEHICLE,LEFT TURN (AGAINST OTHER CAR),NONE,DAYLIGHT,CLEAR,DRY
6836 ,34159462,MONROE,Greece,,,N,43.2887383,-77.7495579,12/01/2011,8:05 AM,PROPERTY DAMAGE AND INJURY,1.,0 ,2 ,COLLISION WITH MOTOR VEHICLE,OVERTAKING,NONE,DAYLIGHT,CLEAR,DRY
6836 ,34159687,MONROE,Greece,,,N,43.2030644,-77.6770845,12/13/2011,9:54 AM,PROPERTY DAMAGE AND INJURY,1.,0 ,2 ,COLLISION WITH MOTOR VEHICLE,REAR END,NONE,DAYLIGHT,CLEAR,DRY
6836 ,34159688,MONROE,Rochester,,,Y,43.164639,-77.6232511,12/13/2011,10:54 AM,INJURY,1.,0 ,1 ,COLLISION WITH BICYCLIST,OTHER,TRAFFIC SIGNAL,DAYLIGHT,CLEAR,DRY
6836 ,34159753,MONROE,Brighton,,15A43041128,N,43.1071984,-77.615597,01/05/2012,3:26 PM,INJURY,1.,0 ,2 ,COLLISION WITH MOTOR VEHICLE,REAR END,YIELD SIGN,DAYLIGHT,CLOUDY,DRY
6836 ,34159754,MONROE,Rochester,,,Y,43.161757,-77.608303,12/14/2011,3:42 PM,INJURY,1.,0 ,2 ,COLLISION WITH MOTOR VEHICLE,REAR END,TRAFFIC SIGNAL,DAYLIGHT,RAIN,WET
6836 ,34159763,MONROE,Chili,,,N,43.1071346,-77.7523584,01/05/2012,2:07 PM,INJURY,1.,0 ,1 ,COLLISION WITH PEDESTRIAN,OTHER,NONE,DAYLIGHT,CLOUDY,DRY
6836 ,34159815,MONROE,Rochester,,,Y,43.16559,-77.597897,01/05/2012,7:46 PM,INJURY,2.,0 ,2 ,COLLISION WITH MOTOR VEHICLE,REAR END,STOP SIGN,DARK-ROAD LIGHTED,CLOUDY,SNOW/ICE
6836 ,34159931,MONROE,Clarkson,,19 43041077,N,43.2663802,-77.9215432,01/01/2012,8:13 AM,PROPERTY DAMAGE AND INJURY,1.,0 ,1 ,COLLISION WITH OTHER FIXED OBJECT,OTHER,NONE,DAYLIGHT,CLOUDY,WET
6836 ,34159971,MONROE,Rochester,,,Y,43.188161,-77.560977,01/06/2012,5:56 PM,PROPERTY DAMAGE AND INJURY,1.,0 ,2 ,COLLISION WITH MOTOR VEHICLE,RIGHT ANGLE,TRAFFIC SIGNAL,DARK-ROAD LIGHTED,CLEAR,DRY
6836 ,34159991,MONROE,Rochester,,,Y,43.198015,-77.6124931,01/06/2012,4:40 PM,PROPERTY DAMAGE AND INJURY,1.,0 ,2 ,COLLISION WITH MOTOR VEHICLE,RIGHT ANGLE,STOP SIGN,DUSK,CLEAR,DRY
6836 ,34160148,MONROE,Gates,,,Y,43.169535,-77.701549,01/06/2012,7:15 PM,PROPERTY DAMAGE AND INJURY,1.,0 ,2 ,COLLISION WITH MOTOR VEHICLE,REAR END,TRAFFIC SIGNAL,DARK-ROAD LIGHTED,CLOUDY,DRY
6836 ,34160548,MONROE,Chili,,33A43021104,N,43.1060076,-77.7484562,01/06/2012,7:18 PM,PROPERTY DAMAGE AND INJURY,1.,0 ,2 ,COLLISION WITH MOTOR VEHICLE,RIGHT ANGLE,NONE,DARK-ROAD LIGHTED,CLEAR,DRY
6836 ,34160551,MONROE,Penfield,,,N,43.132249,-77.4907263,01/06/2012,1:47 PM,PROPERTY DAMAGE AND INJURY,1.,0 ,2 ,COLLISION WITH OTHER FIXED OBJECT,HEAD ON,NONE,DAYLIGHT,CLEAR,DRY
6836 ,34160561,MONROE,Pittsford,,65 43031112,N,43.0886738,-77.5431268,01/05/2012,7:49 PM,PROPERTY DAMAGE AND INJURY,1.,0 ,2 ,COLLISION WITH MOTOR VEHICLE,RIGHT ANGLE,NONE,DARK-ROAD UNLIGHTED,CLOUDY,DRY
6836 ,34160564,MONROE,Chili,,252 43011038,N,43.0938388,-77.6970757,12/05/2011,1:56 PM,PROPERTY DAMAGE AND INJURY,1.,0 ,3 ,COLLISION WITH MOTOR VEHICLE,OTHER,TRAFFIC SIGNAL,DAYLIGHT,CLOUDY,WET
6836 ,34161160,MONROE,Rochester,,,N,43.1629643,-77.6328131,12/04/2011,11:06 AM,PROPERTY DAMAGE AND INJURY,1.,0 ,1 ,COLLISION WITH CURBING,OTHER,NONE,DAYLIGHT,CLOUDY,WET
6836 ,34161193,MONROE,Rochester,,,N,43.1467453,-77.6360533,12/09/2011,10:53 AM,INJURY,3.,0 ,3 ,COLLISION WITH MOTOR VEHICLE,OTHER,NONE,DAYLIGHT,CLOUDY,WET
6836 ,34161232,MONROE,Greece,,,Y,43.253021,-77.696443,12/01/2011,9:05 AM,INJURY,1.,0 ,1 ,COLLISION WITH BICYCLIST,OTHER,TRAFFIC SIGNAL,DAYLIGHT,CLEAR,DRY
6836 ,34161343,MONROE,Greece,,,Y,43.297326,-77.686469,11/29/2011,8:20 PM,INJURY,1.,0 ,1 ,COLLISION WITH PEDESTRIAN,OTHER,NONE,DAYLIGHT,RAIN,WET
6836 ,34161486,MONROE,Perinton,,31 43031030,Y,43.069288,-77.4423639,11/25/2011,11:19 AM,PROPERTY DAMAGE AND INJURY,1.,0 ,1 ,OTHER NON-COLLISION,OTHER,TRAFFIC SIGNAL,DAYLIGHT,CLEAR,DRY
6836 ,34161503,MONROE,Rochester,,,Y,43.17513,-77.6065671,01/04/2012,3:27 PM,PROPERTY DAMAGE AND INJURY,1.,0 ,2 ,COLLISION WITH MOTOR VEHICLE,REAR END,TRAFFIC SIGNAL,DAYLIGHT,CLEAR,DRY
6836 ,34161513,MONROE,Rochester,,,Y,43.130922,-77.653697,01/05/2012,8:38 PM,PROPERTY DAMAGE AND INJURY,1.,0 ,3 ,COLLISION WITH MOTOR VEHICLE,OTHER,TRAFFIC SIGNAL,DARK-ROAD LIGHTED,CLOUDY,DRY
6836 ,34161541,MONROE,Irondequoit,,104 43033003,N,43.1961822,-77.5784511,01/06/2012,5:26 PM,PROPERTY DAMAGE AND INJURY,2.,0 ,2 ,COLLISION WITH MOTOR VEHICLE,REAR END,NONE,DARK-ROAD LIGHTED,CLEAR,DRY
6836 ,34161542,MONROE,Rochester,,,N,43.1416896,-77.5948627,01/04/2012,7:41 AM,PROPERTY DAMAGE AND INJURY,1.,0 ,2 ,COLLISION WITH MOTOR VEHICLE,LEFT TURN (AGAINST OTHER CAR),TRAFFIC SIGNAL,DAYLIGHT,CLOUDY,DRY
6836 ,34161627,MONROE,Greece,,,N,43.1802668,-77.7015724,01/05/2012,6:09 PM,INJURY,1.,0 ,2 ,COLLISION WITH MOTOR VEHICLE,REAR END,NONE,DARK-ROAD LIGHTED,CLOUDY,DRY
6836 ,34161629,MONROE,Greece,,,Y,43.236608,-77.646863,01/07/2012,3:20 PM,INJURY,1.,0 ,2 ,COLLISION WITH MOTOR VEHICLE,RIGHT ANGLE,TRAFFIC SIGNAL,DAYLIGHT,CLEAR,DRY
6836 ,34161646,MONROE,Rochester,,,N,43.1889314,-77.6388751,01/08/2012,1:02 AM,INJURY,1.,0 ,2 ,COLLISION WITH MOTOR VEHICLE,HEAD ON,NONE,DARK-ROAD LIGHTED,CLOUDY,DRY
6836 ,34161649,MONROE,Rochester,,,Y,43.187361,-77.584105,01/08/2012,1:44 AM,PROPERTY DAMAGE AND INJURY,1.,0 ,2 ,COLLISION WITH MOTOR VEHICLE,RIGHT TURN (WITH OTHER CAR),TRAFFIC SIGNAL,DARK-ROAD LIGHTED,CLEAR,DRY
6836 ,34161830,MONROE,Webster,,,N,43.2143248,-77.4607763,01/08/2012,9:07 AM,PROPERTY DAMAGE AND INJURY,1.,0 ,2 ,COLLISION WITH MOTOR VEHICLE,REAR END,TRAFFIC SIGNAL,DAYLIGHT,SNOW,SNOW/ICE
6836 ,34161984,MONROE,Gates,,,N,43.1646804,-77.6911425,01/08/2012,10:02 PM,INJURY,1.,0 ,2 ,COLLISION WITH MOTOR VEHICLE,REAR END,TRAFFIC SIGNAL,DARK-ROAD LIGHTED,CLEAR,DRY
6836 ,34161986,MONROE,Chili,,390I43034000,N,43.1224725,-77.6482339,12/24/2011,9:25 PM,PROPERTY DAMAGE AND INJURY,1.,0 ,2 ,COLLISION WITH MOTOR VEHICLE,OVERTAKING,NONE,DARK-ROAD LIGHTED,CLEAR,DRY
6836 ,34161995,MONROE,Hamlin,,18 43031014,N,43.2956652,-77.970585,01/02/2012,2:08 AM,PROPERTY DAMAGE AND INJURY,1.,0 ,1 ,COLLISION WITH OTHER FIXED OBJECT,OTHER,NONE,DARK-ROAD UNLIGHTED,CLEAR,DRY
6836 ,34162080,MONROE,Rochester,,,Y,43.159397,-77.630769,12/14/2011,1:29 PM,INJURY,2.,0 ,2 ,COLLISION WITH MOTOR VEHICLE,RIGHT ANGLE,STOP SIGN,DAYLIGHT,CLOUDY,DRY
6836 ,34162230,MONROE,Greece,,18 43031171,Y,43.253263,-77.715608,12/09/2011,6:52 PM,PROPERTY DAMAGE AND INJURY,1.,0 ,2 ,COLLISION WITH MOTOR VEHICLE,REAR END,TRAFFIC SIGNAL,DARK-ROAD LIGHTED,CLEAR,DRY
6836 ,34162231,MONROE,Rochester,,,N,43.171991,-77.628199,12/11/2011,1:36 PM,INJURY,1.,0 ,1 ,COLLISION WITH PEDESTRIAN,OTHER,NONE,DAYLIGHT,CLEAR,DRY
6836 ,34162668,MONROE,Greece,,,N,43.2537168,-77.7377993,11/23/2011,12:00 AM,FATAL,1.,1 ,2 ,COLLISION WITH MOTOR VEHICLE,HEAD ON,NONE,DARK-ROAD LIGHTED,CLOUDY,DRY
6836 ,34163303,MONROE,Rochester,,,Y,43.144754,-77.628987,01/05/2012,2:33 AM,INJURY,1.,0 ,1 ,COLLISION WITH PEDESTRIAN,OTHER,NONE,DARK-ROAD LIGHTED,CLEAR,DRY
6836 ,34163468,MONROE,Sweden,,260 43011012,N,43.214942,-77.8937506,12/11/2011,9:35 AM,PROPERTY DAMAGE AND INJURY,2.,0 ,2 ,COLLISION WITH MOTOR VEHICLE,REAR END,NONE,DAYLIGHT,CLEAR,DRY
6836 ,34163722,MONROE,Rochester,,,Y,43.179203,-77.6696999,01/05/2012,6:59 AM,PROPERTY DAMAGE AND INJURY,3.,0 ,2 ,COLLISION WITH MOTOR VEHICLE,LEFT TURN (AGAINST OTHER CAR),TRAFFIC SIGNAL,DARK-ROAD LIGHTED,CLEAR,DRY
6836 ,34163725,MONROE,Rochester,,,Y,43.17048,-77.643015,12/21/2011,11:40 AM,PROPERTY DAMAGE AND INJURY,1.,0 ,2 ,COLLISION WITH MOTOR VEHICLE,REAR END,NONE,DAYLIGHT,RAIN,WET
6836 ,34163727,MONROE,Rochester,,,Y,43.1646351,-77.6276951,01/07/2012,6:52 AM,INJURY,1.,0 ,2 ,COLLISION WITH TREE,HEAD ON,NONE,DARK-ROAD LIGHTED,CLEAR,WET
6836 ,34163731,MONROE,Rochester,,,Y,43.1512343,-77.6207257,01/07/2012,9:33 AM,INJURY,1.,0 ,2 ,COLLISION WITH MOTOR VEHICLE,REAR END,TRAFFIC SIGNAL,DAYLIGHT,CLEAR,DRY
6836 ,34163732,MONROE,Rochester,,,Y,43.15246,-77.6266271,01/04/2012,12:59 PM,PROPERTY DAMAGE AND INJURY,1.,0 ,3 ,COLLISION WITH MOTOR VEHICLE,OTHER,TRAFFIC SIGNAL,DAYLIGHT,CLEAR,DRY
6836 ,34163734,MONROE,Rochester,,,Y,43.156316,-77.638882,01/09/2012,10:30 AM,PROPERTY DAMAGE AND INJURY,1.,0 ,2 ,COLLISION WITH MOTOR VEHICLE,RIGHT ANGLE,TRAFFIC SIGNAL,DAYLIGHT,CLEAR,DRY
6836 ,34164105,MONROE,Henrietta,,15 43031063,N,43.0254505,-77.6684012,01/08/2012,6:42 PM,PROPERTY DAMAGE AND INJURY,5.,0 ,2 ,COLLISION WITH MOTOR VEHICLE,RIGHT ANGLE,STOP SIGN,DARK-ROAD LIGHTED,CLEAR,DRY
6836 ,34164114,MONROE,Rush,,251 43011155,N,43.0030714,-77.6730333,01/08/2012,9:05 PM,PROPERTY DAMAGE AND INJURY,1.,0 ,1 ,COLL. W/LIGHT SUPPORT/UTILITY POLE,OTHER,NONE,DARK-ROAD UNLIGHTED,CLEAR,DRY
6836 ,34164115,MONROE,Gates,,,Y,43.1734135,-77.7190541,01/09/2012,5:10 PM,PROPERTY DAMAGE AND INJURY,2.,0 ,1 ,COLL. W/LIGHT SUPPORT/UTILITY POLE,OTHER,NONE,DUSK,CLEAR,DRY
6836 ,34164116,MONROE,Irondequoit,,,N,43.1962005,-77.5998765,01/06/2012,8:08 PM,INJURY,1.,0 ,1 ,COLLISION WITH PEDESTRIAN,OTHER,NONE,DARK-ROAD LIGHTED,CLOUDY,DRY
6836 ,34164119,MONROE,Rochester,,,N,43.20144,-77.5617494,10/27/2011,4:48 PM,INJURY,1.,0 ,1 ,COLLISION WITH PEDESTRIAN,OTHER,NONE,DAYLIGHT,RAIN,WET
6836 ,34164217,MONROE,Greece,,,Y,43.194319,-77.701428,01/09/2012,1:32 PM,PROPERTY DAMAGE AND INJURY,1.,0 ,2 ,COLLISION WITH MOTOR VEHICLE,REAR END,TRAFFIC SIGNAL,DAYLIGHT,CLOUDY,DRY
6836 ,34164221,MONROE,Greece,,,Y,43.233005,-77.659094,01/08/2012,2:10 PM,PROPERTY DAMAGE AND INJURY,2.,0 ,3 ,COLLISION WITH MOTOR VEHICLE,OTHER,NONE,DAYLIGHT,CLEAR,DRY
6836 ,34164222,MONROE,Greece,,,N,43.1869103,-77.7060303,01/06/2012,11:19 AM,PROPERTY DAMAGE AND INJURY,1.,0 ,1 ,COLLISION WITH CURBING,OTHER,NONE,DAYLIGHT,CLOUDY,DRY
6836 ,34164258,MONROE,Gates,,390I43037008,N,43.1399385,-77.6681803,01/06/2012,5:10 PM,PROPERTY DAMAGE AND INJURY,2.,0 ,2 ,COLLISION WITH MOTOR VEHICLE,REAR END,NONE,DARK-ROAD LIGHTED,CLEAR,DRY
6836 ,34164267,MONROE,Rochester,,31 43032054,N,43.1422089,-77.5854048,12/26/2011,1:55 AM,PROPERTY DAMAGE AND INJURY,1.,0 ,1 ,COLLISION WITH GUIDE RAIL,OTHER,NONE,DARK-ROAD LIGHTED,CLOUDY,WET
6836 ,34164279,MONROE,Rochester,,590 43012006,N,43.1670183,-77.5386872,01/03/2012,5:27 PM,INJURY,1.,0 ,2 ,COLLISION WITH MOTOR VEHICLE,REAR END,NONE,DARK-ROAD LIGHTED,CLEAR,DRY
6836 ,34164282,MONROE,Irondequoit,,590 43013012,N,43.1839119,-77.5434608,01/09/2012,10:25 AM,PROPERTY DAMAGE AND INJURY,1.,0 ,1 ,COLLISION WITH OTHER BARRIER,OTHER,NONE,DAYLIGHT,CLEAR,DRY
6836 ,34164300,MONROE,Perinton,,,N,43.079077,-77.4419375,01/09/2012,1:43 PM,PROPERTY DAMAGE AND INJURY,4.,0 ,4 ,COLLISION WITH MOTOR VEHICLE,OTHER,TRAFFIC SIGNAL,DAYLIGHT,CLEAR,DRY
6836 ,34164328,MONROE,Greece,,,Y,43.191963,-77.680173,12/24/2011,8:11 AM,PROPERTY DAMAGE AND INJURY,4.,0 ,4 ,COLLISION WITH MOTOR VEHICLE,OTHER,TRAFFIC SIGNAL,DAYLIGHT,CLOUDY,SNOW/ICE
6836 ,34164627,MONROE,Webster,,104 43035223,N,43.2123307,-77.5305066,01/05/2012,8:19 AM,PROPERTY DAMAGE AND INJURY,1.,0 ,2 ,COLLISION WITH MOTOR VEHICLE,REAR END,NONE,DAYLIGHT,CLOUDY,DRY
6836 ,34164631,MONROE,Rochester,,,N,43.1571745,-77.656853,12/27/2011,8:15 AM,PROPERTY DAMAGE AND INJURY,1.,0 ,3 ,COLLISION WITH MOTOR VEHICLE,OTHER,NONE,DAYLIGHT,CLOUDY,DRY
6836 ,34164750,MONROE,Gates,,31 43031172,Y,43.16977,-77.702655,01/09/2012,11:17 PM,PROPERTY DAMAGE AND INJURY,1.,0 ,2 ,COLLISION WITH MOTOR VEHICLE,REAR END,NONE,DARK-ROAD LIGHTED,CLEAR,DRY
6836 ,34164764,MONROE,Parma,,104 43031098,N,43.2184994,-77.8118817,01/10/2012,5:59 PM,INJURY,2.,0 ,2 ,COLLISION WITH MOTOR VEHICLE,SIDESWIPE,NONE,DARK-ROAD UNLIGHTED,CLOUDY,DRY
6836 ,34164766,MONROE,Rochester,,,N,43.143682,-77.5510756,12/30/2011,12:41 AM,PROPERTY DAMAGE AND INJURY,1.,0 ,1 ,COLLISION WITH GUIDE RAIL,OTHER,NONE,DARK-ROAD LIGHTED,SNOW,SNOW/ICE
6836 ,34164790,MONROE,Rochester,,,N,43.220745,-77.6283445,01/09/2012,2:57 PM,PROPERTY DAMAGE AND INJURY,1.,0 ,2 ,COLLISION WITH MOTOR VEHICLE,REAR END,NONE,DAYLIGHT,CLEAR,DRY
6836 ,34164793,MONROE,Rochester,,,Y,43.161317,-77.607607,01/10/2012,2:26 AM,PROPERTY DAMAGE AND INJURY,1.,0 ,1 ,COLLISION WITH GUIDE RAIL,OTHER,NONE,DARK-ROAD LIGHTED,CLOUDY,DRY
6836 ,34166194,MONROE,Penfield,,,N,43.1582045,-77.4005478,01/06/2012,7:10 AM,INJURY,1.,0 ,1 ,COLLISION WITH PEDESTRIAN,OTHER,NONE,DAWN,CLOUDY,DRY
6836 ,34166421,MONROE,Greece,,,Y,43.21424,-77.730858,12/28/2011,10:44 AM,PROPERTY DAMAGE AND INJURY,1.,0 ,2 ,COLLISION WITH MOTOR VEHICLE,UNKNOWN,NONE,DAYLIGHT,SNOW,SNOW/ICE
6836 ,34166445,MONROE,Rochester,,,Y,43.144757,-77.6011121,01/02/2012,1:39 PM,PROPERTY DAMAGE AND INJURY,1.,0 ,2 ,COLLISION WITH MOTOR VEHICLE,RIGHT ANGLE,TRAFFIC SIGNAL,DAYLIGHT,CLEAR,DRY
6836 ,34167512,MONROE,Rochester,,,N,43.178433,-77.6163244,12/23/2011,10:30 AM,INJURY,1.,0 ,1 ,COLLISION WITH PEDESTRIAN,OTHER,NONE,DAYLIGHT,CLOUDY,WET
6836 ,34167516,MONROE,Rochester,,,Y,43.139975,-77.582135,12/21/2011,5:55 AM,INJURY,1.,0 ,1 ,COLLISION WITH BICYCLIST,OTHER,NONE,DARK-ROAD LIGHTED,CLEAR,DRY
6836 ,34169207,MONROE,Gates,,,N,43.1698095,-77.7028344,01/11/2012,11:23 AM,PROPERTY DAMAGE AND INJURY,2.,0 ,3 ,COLLISION WITH MOTOR VEHICLE,OTHER,NONE,DAYLIGHT,CLEAR,DRY
6836 ,34169209,MONROE,Hamlin,,19 43041100,N,43.3427395,-77.8995717,01/10/2012,6:06 PM,INJURY,1.,0 ,2 ,COLLISION WITH MOTOR VEHICLE,HEAD ON,NONE,DARK-ROAD UNLIGHTED,CLOUDY,DRY
6836 ,34169213,MONROE,Gates,,,N,43.1571693,-77.6777987,12/29/2011,9:08 PM,INJURY,1.,0 ,1 ,COLL. W/EARTH ELE./ROCK CUT/DITCH,OTHER,NONE,DARK-ROAD LIGHTED,RAIN,SNOW/ICE
6836 ,34169220,MONROE,Chili,,383 43011134,N,43.1021274,-77.6771199,01/10/2012,6:40 AM,PROPERTY DAMAGE AND INJURY,2.,0 ,2 ,COLLISION WITH MOTOR VEHICLE,LEFT TURN (AGAINST OTHER CAR),NONE,DARK-ROAD LIGHTED,CLOUDY,DRY
6836 ,34169227,MONROE,Penfield,,,N,43.1308249,-77.4411859,01/06/2012,3:14 PM,PROPERTY DAMAGE AND INJURY,1.,0 ,2 ,COLLISION WITH MOTOR VEHICLE,LEFT TURN (AGAINST OTHER CAR),NONE,DAYLIGHT,CLEAR,DRY
6836 ,34169230,MONROE,Irondequoit,,,N,43.1956817,-77.601912,01/07/2012,12:15 PM,PROPERTY DAMAGE AND INJURY,3.,0 ,2 ,COLLISION WITH MOTOR VEHICLE,RIGHT ANGLE,NONE,DAYLIGHT,CLEAR,DRY
6836 ,34169345,MONROE,Rochester,,,Y,43.162051,-77.5835919,01/06/2012,8:32 AM,INJURY,1.,0 ,2 ,COLLISION WITH MOTOR VEHICLE,REAR END,TRAFFIC SIGNAL,DAYLIGHT,CLEAR,DRY
6836 ,34169349,MONROE,Rochester,,15 43032006,N,43.121583,-77.618928,01/10/2012,5:50 PM,PROPERTY DAMAGE AND INJURY,1.,0 ,3 ,COLLISION WITH MOTOR VEHICLE,OTHER,TRAFFIC SIGNAL,DARK-ROAD LIGHTED,CLOUDY,DRY
6836 ,34169515,MONROE,Greece,,,N,43.2310237,-77.6908128,01/11/2012,4:24 PM,PROPERTY DAMAGE AND INJURY,2.,0 ,2 ,COLLISION WITH MOTOR VEHICLE,RIGHT ANGLE,NONE,DAYLIGHT,CLOUDY,DRY
6836 ,34169830,MONROE,Rochester,,940T43011015,N,43.1598438,-77.5960288,01/08/2012,7:14 AM,PROPERTY DAMAGE AND INJURY,1.,0 ,1 ,COLL. W/LIGHT SUPPORT/UTILITY POLE,OTHER,NONE,DAWN,SNOW,SLUSH
6836 ,34169954,MONROE,Mendon,,,Y,42.964565,-77.517819,01/11/2012,1:22 PM,PROPERTY DAMAGE AND INJURY,1.,0 ,2 ,COLLISION WITH MOTOR VEHICLE,RIGHT ANGLE,STOP SIGN,DAYLIGHT,CLEAR,DRY
6836 ,34169955,MONROE,Henrietta,,,N,43.0854091,-77.629682,01/11/2012,7:01 PM,PROPERTY DAMAGE AND INJURY,2.,0 ,2 ,COLLISION WITH MOTOR VEHICLE,LEFT TURN (AGAINST OTHER CAR),TRAFFIC SIGNAL,DARK-ROAD LIGHTED,CLEAR,DRY
6836 ,34169960,MONROE,Henrietta,,15A43041100,N,43.0686155,-77.6077444,01/11/2012,3:38 PM,PROPERTY DAMAGE AND INJURY,1.,0 ,3 ,COLLISION WITH MOTOR VEHICLE,OTHER,TRAFFIC SIGNAL,DAYLIGHT,CLEAR,DRY
6836 ,34169962,MONROE,Gates,,386 43011114,Y,43.164467,-77.7324211,01/11/2012,8:50 AM,PROPERTY DAMAGE AND INJURY,1.,0 ,2 ,COLLISION WITH MOTOR VEHICLE,LEFT TURN (AGAINST OTHER CAR),TRAFFIC SIGNAL,DAYLIGHT,CLEAR,DRY
6836 ,34170094,MONROE,Rochester,,,Y,43.145862,-77.5924981,01/08/2012,2:27 PM,INJURY,1.,0 ,1 ,COLLISION WITH BICYCLIST,OTHER,TRAFFIC SIGNAL,DAYLIGHT,CLEAR,DRY
6836 ,34170097,MONROE,Rochester,,,Y,43.163215,-77.621608,01/12/2012,5:06 PM,PROPERTY DAMAGE AND INJURY,1.,0 ,2 ,COLLISION WITH MOTOR VEHICLE,RIGHT ANGLE,TRAFFIC SIGNAL,DARK-ROAD LIGHTED,RAIN,WET
6836 ,34170100,MONROE,Rochester,,,N,43.1438617,-77.6182634,01/12/2012,2:24 PM,INJURY,1.,0 ,2 ,COLLISION WITH MOTOR VEHICLE,OVERTAKING,NONE,DAYLIGHT,RAIN,WET
6836 ,34170118,MONROE,Rochester,,,Y,43.146421,-77.5547779,01/08/2012,1:06 PM,PROPERTY DAMAGE AND INJURY,1.,0 ,2 ,COLLISION WITH MOTOR VEHICLE,RIGHT ANGLE,TRAFFIC SIGNAL,DAYLIGHT,CLEAR,DRY
6836 ,34170323,MONROE,Greece,,,Y,43.20215,-77.698035,12/15/2011,4:13 PM,INJURY,2.,0 ,4 ,COLLISION WITH MOTOR VEHICLE,OTHER,TRAFFIC SIGNAL,DAYLIGHT,RAIN,WET
6836 ,34170618,MONROE,Rochester,,490I43022015,N,43.1571963,-77.6446285,01/13/2012,4:02 AM,PROPERTY DAMAGE AND INJURY,1.,0 ,1 ,COLLISION WITH OTHER BARRIER,OTHER,NONE,DARK-ROAD LIGHTED,SNOW,SNOW/ICE
6836 ,34170731,MONROE,Perinton,,,Y,43.102912,-77.432128,12/22/2011,8:30 AM,PROPERTY DAMAGE AND INJURY,1.,0 ,2 ,COLLISION WITH MOTOR VEHICLE,HEAD ON,TRAFFIC SIGNAL,DAYLIGHT,RAIN,WET
6836 ,34170735,MONROE,Perinton,,,N,43.071395,-77.435458,01/09/2012,12:18 PM,INJURY,1.,0 ,1 ,COLLISION WITH PEDESTRIAN,OTHER,NONE,DAYLIGHT,CLOUDY,DRY
6836 ,34170736,MONROE,Penfield,,441 43011053,N,43.1306422,-77.4394059,01/11/2012,8:58 AM,PROPERTY DAMAGE AND INJURY,1.,0 ,2 ,COLLISION WITH MOTOR VEHICLE,RIGHT ANGLE,NONE,DAYLIGHT,CLEAR,DRY
6836 ,34170739,MONROE,Perinton,,,Y,43.079124,-77.4321141,12/23/2011,7:15 AM,PROPERTY DAMAGE AND INJURY,1.,0 ,2 ,COLLISION WITH MOTOR VEHICLE,RIGHT ANGLE,TRAFFIC SIGNAL,DARK-ROAD UNLIGHTED,RAIN,WET
6836 ,34170741,MONROE,Webster,,,Y,43.220002,-77.512931,01/12/2012,5:25 PM,PROPERTY DAMAGE AND INJURY,3.,0 ,2 ,COLLISION WITH MOTOR VEHICLE,RIGHT ANGLE,STOP SIGN,DARK-ROAD UNLIGHTED,RAIN,WET
6836 ,34170742,MONROE,Perinton,,,N,43.0790641,-77.4618501,12/28/2011,7:12 AM,INJURY,1.,0 ,1 ,COLLISION WITH GUIDE RAIL,OTHER,NONE,DAWN,SNOW,SNOW/ICE
6836 ,34170748,MONROE,Spencerport,,,Y,43.189138,-77.795264,01/13/2012,7:30 AM,PROPERTY DAMAGE AND INJURY,2.,0 ,3 ,COLLISION WITH MOTOR VEHICLE,OTHER,STOP SIGN,DAWN,SNOW,SNOW/ICE
6836 ,34170760,MONROE,Penfield,,,Y,43.140982,-77.4497279,01/09/2012,5:50 AM,PROPERTY DAMAGE AND INJURY,2.,0 ,2 ,COLLISION WITH MOTOR VEHICLE,LEFT TURN (AGAINST OTHER CAR),STOP SIGN,DARK-ROAD UNLIGHTED,CLEAR,DRY
6836 ,34170767,MONROE,Chili,,252 43011045,Y,43.0927494,-77.6815239,01/05/2012,6:33 AM,INJURY,1.,0 ,2 ,COLLISION WITH MOTOR VEHICLE,LEFT TURN (WITH OTHER CAR),TRAFFIC SIGNAL,DARK-ROAD LIGHTED,CLEAR,DRY
6836 ,34170877,MONROE,Rochester,,,Y,43.146421,-77.5547779,01/12/2012,6:25 PM,INJURY,2.,0 ,2 ,COLLISION WITH MOTOR VEHICLE,RIGHT ANGLE,TRAFFIC SIGNAL,DARK-ROAD LIGHTED,RAIN,WET
6836 ,34170880,MONROE,Rochester,,,Y,43.155846,-77.584768,01/12/2012,6:29 PM,INJURY,1.,0 ,1 ,COLLISION WITH MEDIAN/BARRIER - END,OTHER,TRAFFIC SIGNAL,DARK-ROAD LIGHTED,RAIN,WET
6836 ,34170883,MONROE,Rochester,,,Y,43.193884,-77.648757,01/13/2012,6:50 AM,PROPERTY DAMAGE AND INJURY,1.,0 ,2 ,COLLISION WITH MOTOR VEHICLE,REAR END,STOP SIGN,DAWN,SNOW,SNOW/ICE
6836 ,34170884,MONROE,Rochester,,,Y,43.157305,-77.54221,01/12/2012,7:49 AM,INJURY,1.,0 ,2 ,COLLISION WITH MOTOR VEHICLE,REAR END,NONE,DAYLIGHT,RAIN,WET
6836 ,34170944,MONROE,Rochester,,,Y,43.181433,-77.6031331,12/21/2011,9:03 AM,PROPERTY DAMAGE AND INJURY,2.,0 ,2 ,COLLISION WITH MOTOR VEHICLE,REAR END,NONE,DAYLIGHT,RAIN,WET
6836 ,34172715,MONROE,Chili,,33A43021076,Y,43.093031,-77.798074,01/12/2012,3:39 PM,PROPERTY DAMAGE AND INJURY,1.,0 ,4 ,COLLISION WITH MOTOR VEHICLE,OTHER,TRAFFIC SIGNAL,DAYLIGHT,CLOUDY,WET