QUERYID,CASE #,REGN_CNTY_CDE,Municipality,MUNITYPE,REF_MRKR,ATINTERSECTION_IND,Lat,Long,,Time,Crash Type,Injuries,Fatalities,Number of Vehicles,ACCD_TYP,COLLISION_TYP,TRAF_CNTL,Light Condition,Weather Condition,Road Surface Condition
6836 ,34172722,MONROE,Mendon,,65 43031064,N,43.0278925,-77.5815601,01/10/2012,6:38 AM,PROPERTY DAMAGE AND INJURY,1.,0 ,1 ,COLLISION WITH DEER,OTHER,NONE,DARK-ROAD UNLIGHTED,CLOUDY,DRY
6836 ,34172728,MONROE,Penfield,,,N,43.1325111,-77.4911815,01/11/2012,2:30 PM,INJURY,1.,0 ,1 ,COLLISION WITH PEDESTRIAN,OTHER,NONE,DAYLIGHT,OTHER,WET
6836 ,34172729,MONROE,Henrietta,,390I43031081,N,43.047781,-77.648447,01/05/2012,6:30 AM,INJURY,1.,0 ,1 ,OVERTURNED,OTHER,NONE,DARK-ROAD UNLIGHTED,CLOUDY,DRY
6836 ,34172731,MONROE,Perinton,,31 43033101,Y,43.064485,-77.407154,01/10/2012,5:18 PM,PROPERTY DAMAGE AND INJURY,1.,0 ,2 ,COLLISION WITH MOTOR VEHICLE,REAR END,NONE,DARK-ROAD LIGHTED,CLOUDY,DRY
6836 ,34172747,MONROE,Perinton,,31F43011032,N,43.100804,-77.45945,01/11/2012,7:10 PM,INJURY,1.,0 ,1 ,COLLISION WITH PEDESTRIAN,OTHER,STOP SIGN,DARK-ROAD LIGHTED,CLOUDY,DRY
6836 ,34172751,MONROE,Henrietta,,,Y,43.068635,-77.6136181,12/31/2011,12:30 PM,PROPERTY DAMAGE AND INJURY,3.,0 ,2 ,COLLISION WITH MOTOR VEHICLE,RIGHT ANGLE,TRAFFIC SIGNAL,DAYLIGHT,CLOUDY,WET
6836 ,34172765,MONROE,Perinton,,,N,43.0537915,-77.4320791,01/13/2012,5:28 PM,PROPERTY DAMAGE AND INJURY,1.,0 ,2 ,COLLISION WITH MOTOR VEHICLE,REAR END,NONE,DARK-ROAD LIGHTED,SNOW,SNOW/ICE
6836 ,34173016,MONROE,Rochester,,,N,43.2062339,-77.6291098,01/13/2012,3:39 PM,PROPERTY DAMAGE AND INJURY,2.,0 ,2 ,COLLISION WITH MOTOR VEHICLE,UNKNOWN,NONE,DAYLIGHT,CLOUDY,SNOW/ICE
6836 ,34173032,MONROE,Rochester,,,N,43.1407901,-77.6182269,01/13/2012,3:23 PM,PROPERTY DAMAGE AND INJURY,2.,0 ,1 ,COLLISION WITH TREE,OTHER,NONE,DAYLIGHT,SNOW,SLUSH
6836 ,34173140,MONROE,Greece,,,N,43.2027667,-77.6976254,01/14/2012,1:28 PM,PROPERTY DAMAGE AND INJURY,3.,0 ,3 ,COLLISION WITH MOTOR VEHICLE,OTHER,TRAFFIC SIGNAL,DAYLIGHT,CLOUDY,WET
6836 ,34173144,MONROE,Greece,,,N,43.231073,-77.672338,01/13/2012,7:24 AM,PROPERTY DAMAGE AND INJURY,1.,0 ,4 ,COLLISION WITH MOTOR VEHICLE,OTHER,TRAFFIC SIGNAL,DARK-ROAD LIGHTED,SNOW,SNOW/ICE
6836 ,34173324,MONROE,Irondequoit,,590 43013007,N,43.1774742,-77.542636,01/14/2012,8:57 AM,PROPERTY DAMAGE AND INJURY,1.,0 ,1 ,COLLISION WITH MEDIAN/BARRIER,OTHER,NONE,DAYLIGHT,SNOW,SLUSH
6836 ,34173340,MONROE,Webster,,104 43035302,N,43.2236566,-77.376043,01/14/2012,12:38 PM,PROPERTY DAMAGE AND INJURY,1.,0 ,2 ,COLLISION WITH MOTOR VEHICLE,REAR END,TRAFFIC SIGNAL,DAYLIGHT,CLOUDY,WET
6836 ,34173341,MONROE,Rochester,,490I43022047,N,43.1417468,-77.5903383,01/14/2012,11:30 AM,PROPERTY DAMAGE AND INJURY,3.,0 ,2 ,COLLISION WITH MOTOR VEHICLE,OVERTAKING,NONE,DAYLIGHT,SNOW,WET
6836 ,34173472,MONROE,Brighton,,31 43033022,N,43.1112109,-77.5479818,01/14/2012,12:36 PM,PROPERTY DAMAGE AND INJURY,1.,0 ,3 ,COLLISION WITH MOTOR VEHICLE,OTHER,NONE,DAYLIGHT,CLOUDY,WET
6836 ,34173473,MONROE,Henrietta,,15A43041111,N,43.084328,-77.608078,01/16/2012,12:15 AM,PROPERTY DAMAGE AND INJURY,1.,0 ,2 ,COLLISION WITH MOTOR VEHICLE,RIGHT ANGLE,TRAFFIC SIGNAL,DARK-ROAD LIGHTED,CLEAR,DRY
6836 ,34173476,MONROE,Gates,,,N,43.164484,-77.7343991,01/15/2012,10:15 PM,PROPERTY DAMAGE AND INJURY,1.,0 ,1 ,COLLISION WITH PEDESTRIAN,OTHER,NONE,DARK-ROAD UNLIGHTED,CLEAR,DRY
6836 ,34173532,MONROE,Rochester,,,N,43.169195,-77.6188923,01/13/2012,4:55 PM,PROPERTY DAMAGE AND INJURY,3.,0 ,2 ,COLLISION WITH MOTOR VEHICLE,LEFT TURN (AGAINST OTHER CAR),NONE,DAYLIGHT,CLOUDY,SLUSH
6836 ,34173535,MONROE,Rochester,,,N,43.1790659,-77.6647502,01/11/2012,7:03 AM,PROPERTY DAMAGE AND INJURY,1.,0 ,2 ,COLLISION WITH MOTOR VEHICLE,OTHER,NONE,DARK-ROAD LIGHTED,CLEAR,DRY
6836 ,34173540,MONROE,Rochester,,,Y,43.16131,-77.6029121,01/12/2012,12:57 PM,INJURY,1.,0 ,2 ,COLLISION WITH MOTOR VEHICLE,LEFT TURN (WITH OTHER CAR),TRAFFIC SIGNAL,DAYLIGHT,RAIN,WET
6836 ,34173652,MONROE,Greece,,,N,43.2866423,-77.7145912,01/13/2012,7:00 AM,PROPERTY DAMAGE AND INJURY,2.,0 ,1 ,COLLISION WITH TREE,OTHER,NONE,DUSK,SNOW,SNOW/ICE
6836 ,34173653,MONROE,Greece,,,Y,43.24177,-77.629118,01/13/2012,7:52 AM,PROPERTY DAMAGE AND INJURY,1.,0 ,1 ,COLL. W/LIGHT SUPPORT/UTILITY POLE,OTHER,NONE,DAYLIGHT,SNOW,SNOW/ICE
6836 ,34173656,MONROE,Greece,,,N,43.2782947,-77.6961239,01/13/2012,10:28 AM,PROPERTY DAMAGE AND INJURY,1.,0 ,3 ,COLLISION WITH MOTOR VEHICLE,OTHER,NONE,DAYLIGHT,SNOW,SNOW/ICE
6836 ,34173659,MONROE,Greece,,,N,43.2084878,-77.695976,01/11/2012,2:26 PM,PROPERTY DAMAGE AND INJURY,1.,0 ,2 ,COLLISION WITH MOTOR VEHICLE,LEFT TURN (AGAINST OTHER CAR),NONE,DAYLIGHT,CLEAR,DRY
6836 ,34173661,MONROE,Greece,,,N,43.248096,-77.7330494,01/15/2012,8:10 PM,PROPERTY DAMAGE AND INJURY,3.,0 ,2 ,COLLISION WITH MOTOR VEHICLE,REAR END,NONE,DARK-ROAD LIGHTED,CLEAR,DRY
6836 ,34174209,MONROE,Irondequoit,,,Y,43.247964,-77.608334,01/13/2012,7:46 AM,PROPERTY DAMAGE AND INJURY,1.,0 ,3 ,COLLISION WITH MOTOR VEHICLE,OTHER,TRAFFIC SIGNAL,DAYLIGHT,SLEET/HAIL/FREEZING RAIN,SNOW/ICE
6836 ,34174210,MONROE,Pittsford,,,Y,43.077653,-77.5312381,01/13/2012,9:50 AM,INJURY,1.,0 ,2 ,COLLISION WITH MOTOR VEHICLE,RIGHT ANGLE,TRAFFIC SIGNAL,DAYLIGHT,SNOW,SNOW/ICE
6836 ,34174212,MONROE,Rochester,,,N,43.143121,-77.547634,01/14/2012,3:07 AM,PROPERTY DAMAGE AND INJURY,1.,0 ,1 ,COLLISION WITH MEDIAN/BARRIER,OTHER,NONE,DARK-ROAD UNLIGHTED,SNOW,SNOW/ICE
6836 ,34174214,MONROE,Penfield,,,N,43.1294218,-77.4236185,01/15/2012,9:44 PM,PROPERTY DAMAGE AND INJURY,1.,0 ,1 ,COLLISION WITH DEER,OTHER,NONE,DARK-ROAD UNLIGHTED,CLEAR,DRY
6836 ,34174215,MONROE,Webster,,,N,43.2022031,-77.4746264,01/13/2012,4:16 PM,PROPERTY DAMAGE AND INJURY,2.,0 ,2 ,COLLISION WITH MOTOR VEHICLE,RIGHT TURN (WITH OTHER CAR),NONE,DAYLIGHT,SNOW,SNOW/ICE
6836 ,34174221,MONROE,Brighton,,31 43033008,Y,43.126453,-77.564608,01/16/2012,10:48 AM,PROPERTY DAMAGE AND INJURY,1.,0 ,2 ,COLLISION WITH MOTOR VEHICLE,RIGHT ANGLE,TRAFFIC SIGNAL,DAYLIGHT,CLOUDY,DRY
6836 ,34174225,MONROE,Brighton,,15 43031127,Y,43.111727,-77.623926,01/15/2012,8:17 PM,PROPERTY DAMAGE AND INJURY,1.,0 ,2 ,COLLISION WITH MOTOR VEHICLE,RIGHT ANGLE,TRAFFIC SIGNAL,DARK-ROAD LIGHTED,CLOUDY,DRY
6836 ,34174226,MONROE,Gates,,,N,43.1570492,-77.6863801,01/08/2012,6:10 PM,PROPERTY DAMAGE AND INJURY,2.,0 ,2 ,COLLISION WITH MOTOR VEHICLE,OVERTAKING,NONE,DARK-ROAD LIGHTED,CLOUDY,DRY
6836 ,34174227,MONROE,Irondequoit,,,N,43.2266831,-77.5521826,01/15/2012,12:48 AM,INJURY,1.,0 ,2 ,COLLISION WITH MOTOR VEHICLE,OVERTAKING,NONE,DARK-ROAD LIGHTED,CLOUDY,SNOW/ICE
6836 ,34174427,MONROE,Chili,,,N,43.1153062,-77.7456442,01/15/2012,12:59 PM,PROPERTY DAMAGE AND INJURY,1.,0 ,2 ,COLLISION WITH MOTOR VEHICLE,REAR END,TRAFFIC SIGNAL,DAYLIGHT,CLOUDY,WET
6836 ,34174502,MONROE,Pittsford,,31F43011004,N,43.112634,-77.5101326,01/16/2012,2:39 PM,PROPERTY DAMAGE AND INJURY,3.,0 ,2 ,COLLISION WITH MOTOR VEHICLE,RIGHT ANGLE,YIELD SIGN,DAYLIGHT,CLEAR,WET
6836 ,34174578,MONROE,Penfield,,,N,43.1312465,-77.4642346,01/10/2012,3:05 PM,PROPERTY DAMAGE AND INJURY,1.,0 ,4 ,COLLISION WITH MOTOR VEHICLE,OTHER,TRAFFIC SIGNAL,DAYLIGHT,CLOUDY,DRY
6836 ,34174650,MONROE,Greece,,,N,43.2110819,-77.7076559,12/28/2011,8:24 AM,INJURY,2.,0 ,2 ,COLLISION WITH MOTOR VEHICLE,REAR END,NONE,DAYLIGHT,SNOW,SNOW/ICE
6836 ,34175444,MONROE,Irondequoit,,,N,43.1960381,-77.6004937,01/07/2012,5:30 PM,PROPERTY DAMAGE AND INJURY,1.,0 ,2 ,COLLISION WITH MOTOR VEHICLE,LEFT TURN (AGAINST OTHER CAR),NONE,DARK-ROAD LIGHTED,CLOUDY,DRY
6836 ,34175523,MONROE,Webster,,,N,43.207824,-77.464928,01/13/2012,5:02 PM,PROPERTY DAMAGE AND INJURY,1.,0 ,2 ,COLLISION WITH MOTOR VEHICLE,SIDESWIPE,TRAFFIC SIGNAL,DARK-ROAD LIGHTED,CLOUDY,SNOW/ICE
6836 ,34175896,MONROE,Gates,,390 43011005,N,43.1633642,-77.6825586,12/31/2011,2:43 AM,PROPERTY DAMAGE AND INJURY,1.,0 ,1 ,COLL. W/EARTH ELE./ROCK CUT/DITCH,OTHER,NONE,DARK-ROAD LIGHTED,CLOUDY,WET
6836 ,34176104,MONROE,Pittsford,,,N,43.1137058,-77.5066009,01/13/2012,3:10 PM,PROPERTY DAMAGE AND INJURY,1.,0 ,1 ,COLLISION WITH MEDIAN/BARRIER,OTHER,NONE,DAYLIGHT,SNOW,SNOW/ICE
6836 ,34176145,MONROE,Penfield,,,Y,43.153518,-77.4848949,12/23/2011,3:30 PM,PROPERTY DAMAGE AND INJURY,1.,0 ,2 ,COLLISION WITH MOTOR VEHICLE,REAR END,TRAFFIC SIGNAL,DAYLIGHT,CLOUDY,DRY
6836 ,34176620,MONROE,Brighton,,,N,43.1562122,-77.5385525,01/17/2012,4:50 PM,PROPERTY DAMAGE AND INJURY,1.,0 ,1 ,COLLISION WITH MEDIAN/BARRIER,OTHER,NONE,DAYLIGHT,CLOUDY,WET
6836 ,34176684,MONROE,Brighton,,,N,43.1153285,-77.5967083,01/19/2012,11:36 AM,PROPERTY DAMAGE AND INJURY,1.,0 ,2 ,COLLISION WITH MOTOR VEHICLE,REAR END,TRAFFIC SIGNAL,DAYLIGHT,CLOUDY,DRY
6836 ,34177218,MONROE,Rochester,,,Y,43.17518,-77.6394559,01/01/2012,4:34 AM,PROPERTY DAMAGE AND INJURY,1.,0 ,2 ,COLLISION WITH MOTOR VEHICLE,LEFT TURN (WITH OTHER CAR),NONE,DARK-ROAD LIGHTED,CLOUDY,WET
6836 ,34177259,MONROE,Greece,,,N,43.2237404,-77.6516704,01/14/2012,2:51 AM,PROPERTY DAMAGE AND INJURY,1.,0 ,1 ,COLL. W/LIGHT SUPPORT/UTILITY POLE,OTHER,NONE,DARK-ROAD LIGHTED,SNOW,SNOW/ICE
6836 ,34177586,MONROE,Greece,,,N,43.2237236,-77.6661971,01/15/2012,11:31 AM,INJURY,1.,0 ,1 ,COLLISION WITH PEDESTRIAN,OTHER,TRAFFIC SIGNAL,DAYLIGHT,CLEAR,DRY
6836 ,34177593,MONROE,Greece,,386 43011016,Y,43.19803,-77.732017,01/19/2012,8:17 AM,PROPERTY DAMAGE AND INJURY,1.,0 ,2 ,COLLISION WITH MOTOR VEHICLE,REAR END,NONE,DAYLIGHT,CLEAR,DRY
6836 ,34178268,MONROE,Brighton,,490I43023005,N,43.1391957,-77.5391187,01/19/2012,4:49 PM,INJURY,1.,0 ,2 ,COLLISION WITH MOTOR VEHICLE,REAR END,NONE,DARK-ROAD UNLIGHTED,CLOUDY,DRY
6836 ,34178270,MONROE,Penfield,,286 43011023,N,43.1536682,-77.4974467,01/18/2012,4:22 PM,PROPERTY DAMAGE AND INJURY,1.,0 ,2 ,COLLISION WITH MOTOR VEHICLE,REAR END,NONE,DAYLIGHT,CLEAR,DRY
6836 ,34178278,MONROE,Hamlin,,260 43011086,Y,43.31858,-77.860292,01/20/2012,3:15 PM,PROPERTY DAMAGE AND INJURY,1.,0 ,2 ,COLLISION WITH MOTOR VEHICLE,RIGHT ANGLE,STOP SIGN,DAYLIGHT,CLEAR,WET
6836 ,34178289,MONROE,Brighton,,286 43011000,N,43.1577402,-77.5339227,01/20/2012,3:11 PM,INJURY,1.,0 ,2 ,COLLISION WITH MOTOR VEHICLE,REAR END,TRAFFIC SIGNAL,DAYLIGHT,CLOUDY,DRY
6836 ,34178320,MONROE,Rochester,,,Y,43.159729,-77.566255,01/16/2012,1:13 PM,PROPERTY DAMAGE AND INJURY,1.,0 ,2 ,COLLISION WITH MOTOR VEHICLE,RIGHT ANGLE,TRAFFIC SIGNAL,DAYLIGHT,CLEAR,DRY
6836 ,34178325,MONROE,Rochester,,,Y,43.15725,-77.543379,01/20/2012,5:11 PM,INJURY,2.,0 ,3 ,COLLISION WITH MOTOR VEHICLE,OTHER,TRAFFIC SIGNAL,DARK-ROAD LIGHTED,CLEAR,DRY
6836 ,34178334,MONROE,Rochester,,,N,43.164661,-77.6620567,01/17/2012,9:30 AM,PROPERTY DAMAGE AND INJURY,1.,0 ,2 ,COLLISION WITH MOTOR VEHICLE,OVERTAKING,NONE,DAYLIGHT,RAIN,WET
6836 ,34178340,MONROE,Rochester,,,Y,43.157146,-77.6138609,01/18/2012,3:09 PM,INJURY,1.,0 ,1 ,COLLISION WITH PEDESTRIAN,OTHER,TRAFFIC SIGNAL,DAYLIGHT,CLEAR,DRY
6836 ,34178346,MONROE,Rochester,,,Y,43.15648,-77.568022,01/19/2012,7:43 PM,PROPERTY DAMAGE AND INJURY,1.,0 ,2 ,COLLISION WITH MOTOR VEHICLE,REAR END,TRAFFIC SIGNAL,DARK-ROAD LIGHTED,SNOW,SNOW/ICE
6836 ,34178425,MONROE,Irondequoit,,104 43035207,N,43.1980339,-77.548064,01/21/2012,12:50 AM,PROPERTY DAMAGE AND INJURY,1.,0 ,1 ,COLLISION WITH GUIDE RAIL,OTHER,NONE,DARK-ROAD LIGHTED,SNOW,SNOW/ICE
6836 ,34178547,MONROE,Greece,,,Y,43.223657,-77.6793371,01/20/2012,6:30 PM,PROPERTY DAMAGE AND INJURY,1.,0 ,2 ,COLLISION WITH MOTOR VEHICLE,REAR END,NONE,DARK-ROAD LIGHTED,CLEAR,DRY
6836 ,34178548,MONROE,Greece,,,N,43.2384666,-77.696273,01/16/2012,7:06 PM,PROPERTY DAMAGE AND INJURY,1.,0 ,1 ,COLLISION WITH TREE,OTHER,NONE,DARK-ROAD LIGHTED,CLEAR,DRY
6836 ,34178552,MONROE,Gates,,,N,43.1793068,-77.7015654,01/18/2012,4:16 PM,PROPERTY DAMAGE AND INJURY,1.,0 ,2 ,COLLISION WITH MOTOR VEHICLE,LEFT TURN (AGAINST OTHER CAR),NONE,DAYLIGHT,CLEAR,DRY
6836 ,34178557,MONROE,Greece,,,N,43.2092972,-77.6548765,01/15/2012,8:03 PM,PROPERTY DAMAGE AND INJURY,1.,0 ,2 ,COLLISION WITH MOTOR VEHICLE,LEFT TURN (WITH OTHER CAR),NONE,DARK-ROAD LIGHTED,CLEAR,SNOW/ICE
6836 ,34178929,MONROE,Webster,,,N,43.2171968,-77.514373,01/19/2012,7:56 PM,PROPERTY DAMAGE AND INJURY,3.,0 ,3 ,COLLISION WITH MOTOR VEHICLE,OTHER,STOP SIGN,DARK-ROAD UNLIGHTED,SNOW,SNOW/ICE
6836 ,34178933,MONROE,Gates,,,Y,43.138828,-77.690973,01/21/2012,1:10 AM,INJURY,1.,0 ,2 ,COLLISION WITH MOTOR VEHICLE,RIGHT ANGLE,TRAFFIC SIGNAL,DARK-ROAD LIGHTED,SNOW,SNOW/ICE
6836 ,34178934,MONROE,Penfield,,,N,43.1294824,-77.4950756,01/20/2012,12:49 PM,INJURY,1.,0 ,2 ,COLLISION WITH MOTOR VEHICLE,REAR END,TRAFFIC SIGNAL,DAYLIGHT,CLOUDY,WET
6836 ,34178941,MONROE,Penfield,,,Y,43.185428,-77.488924,01/03/2012,4:28 PM,PROPERTY DAMAGE AND INJURY,1.,0 ,2 ,COLLISION WITH MOTOR VEHICLE,RIGHT ANGLE,YIELD SIGN,DAYLIGHT,CLOUDY,SNOW/ICE
6836 ,34178951,MONROE,Brighton,,31 43033021,N,43.1119937,-77.5490313,01/21/2012,2:13 PM,PROPERTY DAMAGE AND INJURY,1.,0 ,2 ,COLLISION WITH MOTOR VEHICLE,RIGHT ANGLE,NONE,DAYLIGHT,CLEAR,DRY
6836 ,34178954,MONROE,Brighton,,,Y,43.105967,-77.576799,01/21/2012,6:51 PM,PROPERTY DAMAGE AND INJURY,1.,0 ,2 ,COLLISION WITH MOTOR VEHICLE,RIGHT ANGLE,TRAFFIC SIGNAL,DARK-ROAD LIGHTED,CLOUDY,DRY
6836 ,34178955,MONROE,Brighton,,31 43033021,N,43.1124717,-77.5496674,01/21/2012,11:48 AM,PROPERTY DAMAGE AND INJURY,3.,0 ,6 ,COLLISION WITH MOTOR VEHICLE,OTHER,NONE,DAYLIGHT,CLOUDY,WET
6836 ,34178956,MONROE,Chili,,490I43021101,N,43.1013384,-77.7884443,01/19/2012,8:00 PM,PROPERTY DAMAGE AND INJURY,1.,0 ,1 ,COLLISION WITH GUIDE RAIL,OTHER,NONE,DARK-ROAD UNLIGHTED,CLOUDY,SNOW/ICE
6836 ,34178957,MONROE,Henrietta,,252 43011083,N,43.087153,-77.6102579,01/21/2012,11:33 AM,PROPERTY DAMAGE AND INJURY,2.,0 ,2 ,COLLISION WITH MOTOR VEHICLE,REAR END,TRAFFIC SIGNAL,DAYLIGHT,CLEAR,WET
6836 ,34179055,MONROE,Rochester,,,Y,43.180937,-77.631738,01/20/2012,12:31 AM,PROPERTY DAMAGE AND INJURY,1.,0 ,2 ,COLLISION WITH MOTOR VEHICLE,RIGHT ANGLE,TRAFFIC SIGNAL,DARK-ROAD LIGHTED,CLOUDY,SNOW/ICE
6836 ,34179060,MONROE,Rochester,,,Y,43.171734,-77.6280679,01/19/2012,9:35 PM,PROPERTY DAMAGE AND INJURY,3.,0 ,3 ,COLLISION WITH MOTOR VEHICLE,OTHER,TRAFFIC SIGNAL,DARK-ROAD LIGHTED,SNOW,SLUSH
6836 ,34179858,MONROE,Greece,,,N,43.2236951,-77.6707519,01/21/2012,6:31 AM,PROPERTY DAMAGE AND INJURY,1.,0 ,2 ,COLLISION WITH MOTOR VEHICLE,OTHER,NONE,DARK-ROAD LIGHTED,CLOUDY,SNOW/ICE
6836 ,34180063,MONROE,Brighton,,590I43011027,N,43.1102857,-77.5539997,01/20/2012,5:28 PM,PROPERTY DAMAGE AND INJURY,1.,0 ,2 ,COLLISION WITH MOTOR VEHICLE,REAR END,NONE,DARK-ROAD UNLIGHTED,CLEAR,DRY
6836 ,34180077,MONROE,Henrietta,,,Y,43.044484,-77.695278,01/20/2012,5:36 PM,PROPERTY DAMAGE AND INJURY,1.,0 ,3 ,COLLISION WITH MOTOR VEHICLE,OTHER,NONE,DARK-ROAD UNLIGHTED,CLEAR,DRY
6836 ,34180078,MONROE,Brighton,,15 43031126,Y,43.11019,-77.624761,01/23/2012,3:03 AM,PROPERTY DAMAGE AND INJURY,1.,0 ,2 ,COLLISION WITH MOTOR VEHICLE,REAR END,TRAFFIC SIGNAL,DARK-ROAD LIGHTED,CLOUDY,WET
6836 ,34181063,MONROE,Brighton,,590I43011006,N,43.106951,-77.601261,01/19/2012,1:56 PM,INJURY,1.,0 ,1 ,COLLISION WITH GUIDE RAIL,OTHER,NONE,DAYLIGHT,CLEAR,DRY
6836 ,34181072,MONROE,Rochester,,31 43032031,Y,43.153893,-77.620433,01/18/2012,4:19 PM,PROPERTY DAMAGE AND INJURY,1.,0 ,2 ,COLLISION WITH MOTOR VEHICLE,UNKNOWN,TRAFFIC SIGNAL,DAYLIGHT,CLEAR,DRY
6836 ,34181090,MONROE,Rochester,,490I43022069,N,43.1431038,-77.5475517,12/28/2011,1:17 PM,PROPERTY DAMAGE AND INJURY,1.,0 ,2 ,COLLISION WITH MOTOR VEHICLE,RIGHT ANGLE,NONE,DAYLIGHT,SNOW,SNOW/ICE
6836 ,34181497,MONROE,Chili,,,N,43.1226839,-77.6481554,01/21/2012,8:15 AM,PROPERTY DAMAGE AND INJURY,1.,0 ,1 ,COLLISION WITH GUIDE RAIL,OTHER,NONE,DAYLIGHT,SNOW,SNOW/ICE
6836 ,34181499,MONROE,Rochester,,590 43012003,N,43.1427671,-77.5495722,01/21/2012,9:15 AM,PROPERTY DAMAGE AND INJURY,1.,0 ,1 ,COLLISION WITH OTHER BARRIER,OTHER,NONE,DAYLIGHT,CLEAR,SLUSH
6836 ,34181635,MONROE,Greece,,261 43011038,N,43.2699771,-77.7504243,01/22/2012,2:47 AM,PROPERTY DAMAGE AND INJURY,2.,0 ,1 ,COLL. W/LIGHT SUPPORT/UTILITY POLE,OTHER,NONE,DARK-ROAD UNLIGHTED,CLEAR,DRY
6836 ,34181637,MONROE,Rochester,,,Y,43.169471,-77.5931071,01/18/2012,5:09 PM,INJURY,1.,0 ,2 ,COLLISION WITH MOTOR VEHICLE,OVERTAKING,STOP SIGN,DARK-ROAD LIGHTED,CLEAR,DRY
6836 ,34181648,MONROE,Rochester,,,N,43.1861463,-77.6230229,01/20/2012,6:42 PM,INJURY,2.,0 ,2 ,COLLISION WITH MOTOR VEHICLE,OTHER,NONE,DARK-ROAD LIGHTED,CLOUDY,DRY
6836 ,34181651,MONROE,Rochester,,940M43011002,Y,43.167417,-77.625351,01/21/2012,4:23 PM,INJURY,1.,0 ,3 ,COLLISION WITH MOTOR VEHICLE,OTHER,TRAFFIC SIGNAL,DAYLIGHT,SNOW,SLUSH
6836 ,34181706,MONROE,Rochester,,,N,43.177699,-77.5754775,01/21/2012,9:30 AM,PROPERTY DAMAGE AND INJURY,1.,0 ,1 ,COLLISION WITH BUILDING/WALL,OTHER,NONE,DAYLIGHT,CLEAR,SNOW/ICE
6836 ,34181715,MONROE,Rochester,,,Y,43.129514,-77.614928,01/17/2012,9:55 AM,PROPERTY DAMAGE AND INJURY,1.,0 ,3 ,COLLISION WITH MOTOR VEHICLE,OTHER,NONE,DAYLIGHT,RAIN,WET
6836 ,34182202,MONROE,Ogden,,,Y,43.165801,-77.875154,01/22/2012,11:48 AM,PROPERTY DAMAGE AND INJURY,1.,0 ,2 ,COLLISION WITH MOTOR VEHICLE,RIGHT ANGLE,STOP SIGN,DAYLIGHT,CLEAR,DRY
6836 ,34182216,MONROE,Ogden,,,N,43.1866836,-77.753431,01/20/2012,6:50 PM,PROPERTY DAMAGE AND INJURY,1.,0 ,2 ,COLLISION WITH MOTOR VEHICLE,REAR END,NONE,DARK-ROAD LIGHTED,CLOUDY,DRY
6836 ,34182228,MONROE,Henrietta,,,Y,43.071978,-77.68898,01/23/2012,12:11 AM,PROPERTY DAMAGE AND INJURY,1.,0 ,1 ,OVERTURNED,OTHER,TRAFFIC SIGNAL,DARK-ROAD UNLIGHTED,CLEAR,WET
6836 ,34182840,MONROE,Pittsford,,31F43011006,Y,43.11686,-77.5167761,01/20/2012,2:25 PM,PROPERTY DAMAGE AND INJURY,1.,0 ,2 ,COLLISION WITH MOTOR VEHICLE,RIGHT ANGLE,TRAFFIC SIGNAL,DAYLIGHT,CLOUDY,WET
6836 ,34183144,MONROE,Rochester,,490I43022038,N,43.1490395,-77.6037572,01/19/2012,10:27 PM,PROPERTY DAMAGE AND INJURY,1.,0 ,1 ,COLLISION WITH OTHER BARRIER,OTHER,NONE,DARK-ROAD LIGHTED,CLOUDY,WET
6836 ,34183389,MONROE,Webster,,104 43035105,Y,43.214013,-77.419065,01/23/2012,10:26 AM,PROPERTY DAMAGE AND INJURY,1.,0 ,2 ,COLLISION WITH MOTOR VEHICLE,REAR END,NONE,DAYLIGHT,CLOUDY,DRY
6836 ,34183400,MONROE,Irondequoit,,,N,43.1957702,-77.6015572,01/23/2012,1:13 PM,INJURY,2.,0 ,2 ,COLLISION WITH MOTOR VEHICLE,REAR END,NONE,DAYLIGHT,CLOUDY,WET
6836 ,34183477,MONROE,Rochester,,,Y,43.142858,-77.5872591,01/23/2012,4:40 PM,INJURY,1.,0 ,2 ,COLLISION WITH MOTOR VEHICLE,RIGHT ANGLE,TRAFFIC SIGNAL,DAYLIGHT,CLOUDY,WET
6836 ,34183511,MONROE,Rochester,,,Y,43.155248,-77.643951,01/07/2012,2:28 PM,PROPERTY DAMAGE AND INJURY,2.,0 ,3 ,COLLISION WITH MOTOR VEHICLE,OTHER,TRAFFIC SIGNAL,DAYLIGHT,CLEAR,DRY
6836 ,34183568,MONROE,Penfield,,441 43011049,N,43.1308061,-77.4468848,01/23/2012,5:48 PM,INJURY,1.,0 ,2 ,COLLISION WITH MOTOR VEHICLE,REAR END,TRAFFIC SIGNAL,DARK-ROAD LIGHTED,CLOUDY,WET
6836 ,34183663,MONROE,Gates,,,Y,43.164699,-77.686624,01/24/2012,4:16 PM,PROPERTY DAMAGE AND INJURY,1.,0 ,2 ,COLLISION WITH MOTOR VEHICLE,RIGHT ANGLE,NONE,DUSK,SNOW,WET
6836 ,34183784,MONROE,Rochester,,,N,43.192617,-77.5999261,01/20/2012,5:54 PM,PROPERTY DAMAGE AND INJURY,2.,0 ,2 ,COLLISION WITH MOTOR VEHICLE,LEFT TURN (WITH OTHER CAR),NONE,DARK-ROAD LIGHTED,CLEAR,DRY
6836 ,34184083,MONROE,Greece,,,Y,43.194319,-77.701428,11/09/2011,3:00 PM,INJURY,1.,0 ,2 ,COLLISION WITH MOTOR VEHICLE,REAR END,TRAFFIC SIGNAL,DAYLIGHT,CLOUDY,DRY
6836 ,34184548,MONROE,Greece,,,Y,43.214424,-77.7318019,01/06/2012,6:24 PM,INJURY,3.,0 ,2 ,COLLISION WITH MOTOR VEHICLE,LEFT TURN (AGAINST OTHER CAR),TRAFFIC SIGNAL,DARK-ROAD LIGHTED,CLOUDY,DRY
6836 ,34184563,MONROE,Rochester,,,Y,43.158607,-77.659573,01/12/2012,1:13 PM,PROPERTY DAMAGE AND INJURY,1.,0 ,2 ,COLLISION WITH MOTOR VEHICLE,REAR END,NONE,DAYLIGHT,RAIN,WET