QUERYID,CASE #,REGN_CNTY_CDE,Municipality,MUNITYPE,REF_MRKR,ATINTERSECTION_IND,Lat,Long,,Time,Crash Type,Injuries,Fatalities,Number of Vehicles,ACCD_TYP,COLLISION_TYP,TRAF_CNTL,Light Condition,Weather Condition,Road Surface Condition
6836 ,34184905,MONROE,Henrietta,,15A43041100,N,43.0686155,-77.6077444,01/22/2012,4:27 PM,PROPERTY DAMAGE AND INJURY,1.,0 ,2 ,COLLISION WITH MOTOR VEHICLE,REAR END,NONE,DAYLIGHT,CLEAR,DRY
6836 ,34184915,MONROE,Sweden,,31 43031054,Y,43.198323,-77.9340279,01/17/2012,11:45 AM,PROPERTY DAMAGE AND INJURY,1.,0 ,2 ,COLLISION WITH MOTOR VEHICLE,RIGHT ANGLE,STOP SIGN,DAYLIGHT,RAIN,WET
6836 ,34185229,MONROE,Rochester,,,Y,43.148146,-77.577889,12/14/2011,9:13 PM,PROPERTY DAMAGE AND INJURY,2.,0 ,2 ,COLLISION WITH MOTOR VEHICLE,RIGHT ANGLE,TRAFFIC SIGNAL,DARK-ROAD LIGHTED,CLOUDY,WET
6836 ,34185305,MONROE,Hamlin,,,N,43.3109331,-77.8296611,01/13/2012,8:30 AM,PROPERTY DAMAGE AND INJURY,1.,0 ,1 ,COLL. W/LIGHT SUPPORT/UTILITY POLE,OTHER,NONE,DAYLIGHT,SNOW,SNOW/ICE
6836 ,34185337,MONROE,Honeoye Falls,,,N,42.9675907,-77.5800581,01/23/2012,5:44 PM,PROPERTY DAMAGE AND INJURY,1.,0 ,1 ,COLLISION WITH DEER,OTHER,NONE,DARK-ROAD UNLIGHTED,CLEAR,DRY
6836 ,34185359,MONROE,Spencerport,,,N,43.190007,-77.8012334,01/23/2012,4:50 PM,PROPERTY DAMAGE AND INJURY,1.,0 ,2 ,COLLISION WITH MOTOR VEHICLE,RIGHT TURN (WITH OTHER CAR),STOP SIGN,DAYLIGHT,CLOUDY,WET
6836 ,34185793,MONROE,Penfield,,,Y,43.182147,-77.4433861,01/12/2012,9:52 PM,PROPERTY DAMAGE AND INJURY,1.,0 ,2 ,COLLISION WITH MOTOR VEHICLE,HEAD ON,FLASHING LIGHT,DARK-ROAD UNLIGHTED,RAIN,WET
6836 ,34186017,MONROE,Rochester,,,Y,43.11651,-77.61682,01/22/2012,7:42 PM,INJURY,1.,0 ,1 ,COLLISION WITH PEDESTRIAN,OTHER,TRAFFIC SIGNAL,DARK-ROAD LIGHTED,CLOUDY,DRY
6836 ,34186046,MONROE,Pittsford,,490I43023053,N,43.0841254,-77.4915219,01/13/2012,6:40 AM,PROPERTY DAMAGE AND INJURY,1.,0 ,1 ,COLLISION WITH GUIDE RAIL,OTHER,NONE,DARK-ROAD UNLIGHTED,SNOW,SNOW/ICE
6836 ,34186166,MONROE,Rochester,,,Y,43.141363,-77.576263,01/23/2012,10:25 AM,PROPERTY DAMAGE AND INJURY,1.,0 ,2 ,COLLISION WITH MOTOR VEHICLE,OVERTAKING,TRAFFIC SIGNAL,DAYLIGHT,RAIN,WET
6836 ,34186316,MONROE,Rochester,,,Y,43.179312,-77.6394599,01/17/2012,6:19 PM,INJURY,1.,0 ,1 ,COLLISION WITH PEDESTRIAN,OTHER,STOP SIGN,DARK-ROAD LIGHTED,CLEAR,WET
6836 ,34186335,MONROE,Rochester,,,N,43.2057328,-77.6405554,01/14/2012,6:10 PM,INJURY,1.,0 ,1 ,COLLISION WITH TREE,OTHER,NONE,DARK-ROAD LIGHTED,CLEAR,SNOW/ICE
6836 ,34186402,MONROE,Henrietta,,15A43041099,N,43.0672787,-77.608236,01/14/2012,7:11 PM,INJURY,1.,0 ,2 ,COLLISION WITH MOTOR VEHICLE,RIGHT TURN (WITH OTHER CAR),NONE,DARK-ROAD LIGHTED,CLEAR,SNOW/ICE
6836 ,34186478,MONROE,Rush,,,N,42.948114,-77.7266259,01/26/2012,6:50 AM,PROPERTY DAMAGE AND INJURY,1.,0 ,1 ,COLL. W/EARTH ELE./ROCK CUT/DITCH,OTHER,NONE,DARK-ROAD UNLIGHTED,CLOUDY,SNOW/ICE
6836 ,34186498,MONROE,Henrietta,,390I43031118,N,43.0896283,-77.6035336,01/26/2012,10:26 AM,PROPERTY DAMAGE AND INJURY,3.,0 ,2 ,COLLISION WITH MOTOR VEHICLE,HEAD ON,NONE,DAYLIGHT,CLOUDY,WET
6836 ,34186619,MONROE,Rochester,,,Y,43.171108,-77.607484,01/23/2012,11:03 AM,PROPERTY DAMAGE AND INJURY,1.,0 ,2 ,COLLISION WITH MOTOR VEHICLE,REAR END,TRAFFIC SIGNAL,DAYLIGHT,RAIN,WET
6836 ,34186688,MONROE,Brighton,,,N,43.1161999,-77.5712672,01/27/2012,3:52 PM,PROPERTY DAMAGE AND INJURY,1.,0 ,2 ,COLLISION WITH MOTOR VEHICLE,REAR END,TRAFFIC SIGNAL,DAYLIGHT,CLOUDY,WET
6836 ,34186699,MONROE,Parma,,104 43031086,N,43.2214536,-77.8347759,01/25/2012,6:12 PM,PROPERTY DAMAGE AND INJURY,2.,0 ,2 ,COLLISION WITH MOTOR VEHICLE,HEAD ON,NONE,DARK-ROAD UNLIGHTED,CLOUDY,DRY
6836 ,34186849,MONROE,Brighton,,441 43011107,Y,43.126223,-77.520117,01/13/2012,10:15 AM,PROPERTY DAMAGE AND INJURY,1.,0 ,2 ,COLLISION WITH MOTOR VEHICLE,REAR END,TRAFFIC SIGNAL,DAYLIGHT,SNOW,SNOW/ICE
6836 ,34187014,MONROE,Rochester,,,Y,43.165056,-77.6070779,01/19/2012,10:17 AM,PROPERTY DAMAGE AND INJURY,1.,0 ,2 ,COLLISION WITH MOTOR VEHICLE,REAR END,TRAFFIC SIGNAL,DAYLIGHT,CLEAR,DRY
6836 ,34187065,MONROE,Rochester,,,Y,43.19943,-77.5616409,01/26/2012,3:02 PM,INJURY,1.,0 ,2 ,COLLISION WITH MOTOR VEHICLE,OVERTAKING,NONE,DAYLIGHT,SLEET/HAIL/FREEZING RAIN,WET
6836 ,34187100,MONROE,Penfield,,286 43011024,N,43.1536649,-77.4945442,01/26/2012,11:12 AM,PROPERTY DAMAGE AND INJURY,2.,0 ,3 ,COLLISION WITH MOTOR VEHICLE,OTHER,TRAFFIC SIGNAL,DAYLIGHT,CLOUDY,WET
6836 ,34187105,MONROE,Chili,,383 43011139,Y,43.109021,-77.6746461,01/26/2012,6:51 AM,INJURY,1.,0 ,2 ,COLLISION WITH MOTOR VEHICLE,RIGHT ANGLE,TRAFFIC SIGNAL,DARK-ROAD LIGHTED,CLOUDY,WET
6836 ,34187115,MONROE,Gates,,,Y,43.164467,-77.7324211,01/27/2012,10:13 PM,INJURY,1.,0 ,1 ,COLLISION WITH PEDESTRIAN,OTHER,TRAFFIC SIGNAL,DARK-ROAD LIGHTED,CLOUDY,WET
6836 ,34187236,MONROE,Rochester,,,N,43.1852616,-77.6458999,01/23/2012,2:16 PM,PROPERTY DAMAGE AND INJURY,1.,0 ,1 ,COLL. W/EARTH ELE./ROCK CUT/DITCH,OTHER,NONE,DAYLIGHT,RAIN,WET
6836 ,34187245,MONROE,Rochester,,,Y,43.142331,-77.632823,01/26/2012,7:21 AM,PROPERTY DAMAGE AND INJURY,1.,0 ,2 ,COLLISION WITH MOTOR VEHICLE,RIGHT TURN (AGAINST OTHER CAR),STOP SIGN,DAWN,CLOUDY,SNOW/ICE
6836 ,34187598,MONROE,Henrietta,,,N,43.0958545,-77.5826495,01/26/2012,4:42 PM,PROPERTY DAMAGE AND INJURY,3.,0 ,2 ,COLLISION WITH MOTOR VEHICLE,RIGHT ANGLE,TRAFFIC SIGNAL,DAYLIGHT,RAIN,WET
6836 ,34188128,MONROE,Greece,,,Y,43.21424,-77.730858,01/28/2012,4:10 PM,PROPERTY DAMAGE AND INJURY,2.,0 ,2 ,COLLISION WITH MOTOR VEHICLE,RIGHT ANGLE,NONE,DAYLIGHT,RAIN,WET
6836 ,34188131,MONROE,Greece,,104 43031167,Y,43.207118,-77.679265,01/27/2012,7:40 AM,PROPERTY DAMAGE AND INJURY,2.,0 ,2 ,COLLISION WITH MOTOR VEHICLE,RIGHT ANGLE,TRAFFIC SIGNAL,DAYLIGHT,RAIN,WET
6836 ,34188162,MONROE,Rochester,,,Y,43.162721,-77.608702,01/09/2012,1:14 PM,INJURY,1.,0 ,2 ,COLLISION WITH MOTOR VEHICLE,RIGHT ANGLE,TRAFFIC SIGNAL,DAYLIGHT,CLOUDY,DRY
6836 ,34188479,MONROE,Penfield,,,N,43.1308078,-77.4432945,01/28/2012,4:11 PM,INJURY,1.,0 ,1 ,COLLISION WITH PEDESTRIAN,OTHER,NONE,DAYLIGHT,RAIN,WET
6836 ,34188482,MONROE,Mendon,,251 43011011,N,42.9978136,-77.5039211,01/27/2012,8:49 PM,INJURY,1.,0 ,2 ,COLLISION WITH MOTOR VEHICLE,OVERTAKING,NONE,DARK-ROAD LIGHTED,CLOUDY,DRY
6836 ,34188484,MONROE,Gates,,,N,43.139413,-77.66832,01/27/2012,1:00 AM,INJURY,1.,0 ,1 ,COLLISION WITH PEDESTRIAN,OTHER,TRAFFIC SIGNAL,DARK-ROAD LIGHTED,UNKNOWN,UNKNOWN
6836 ,34188492,MONROE,Perinton,,31 43033109,N,43.0644908,-77.3954734,01/25/2012,4:28 PM,PROPERTY DAMAGE AND INJURY,2.,0 ,3 ,COLLISION WITH MOTOR VEHICLE,OTHER,NONE,DAYLIGHT,CLOUDY,WET
6836 ,34188494,MONROE,Clarkson,,19 43041011,N,43.2231088,-77.934919,01/27/2012,7:40 AM,PROPERTY DAMAGE AND INJURY,1.,0 ,1 ,COLLISION WITH FENCE,OTHER,NONE,DAWN,RAIN,WET
6836 ,34188607,MONROE,Rochester,,,Y,43.156599,-77.608896,12/29/2011,11:32 AM,INJURY,1.,0 ,1 ,COLLISION WITH PEDESTRIAN,OTHER,TRAFFIC SIGNAL,DAYLIGHT,CLEAR,DRY
6836 ,34188610,MONROE,Rochester,,,N,43.191402,-77.608677,12/23/2011,12:45 PM,INJURY,1.,0 ,2 ,COLLISION WITH MOTOR VEHICLE,REAR END,TRAFFIC SIGNAL,DAYLIGHT,CLEAR,DRY
6836 ,34189715,MONROE,Rochester,,,N,43.1518418,-77.6564624,01/29/2012,12:56 AM,PROPERTY DAMAGE AND INJURY,1.,0 ,1 ,COLLISION WITH PEDESTRIAN,OTHER,NONE,DARK-ROAD LIGHTED,OTHER,DRY
6836 ,34189718,MONROE,Rochester,,,Y,43.179817,-77.560528,01/23/2012,7:55 PM,PROPERTY DAMAGE AND INJURY,1.,0 ,2 ,COLLISION WITH MOTOR VEHICLE,HEAD ON,TRAFFIC SIGNAL,DARK-ROAD LIGHTED,CLOUDY,WET
6836 ,34190158,MONROE,Rochester,,590 43012005,N,43.1660861,-77.5388973,01/27/2012,9:55 AM,PROPERTY DAMAGE AND INJURY,1.,0 ,1 ,COLLISION WITH GUIDE RAIL,OTHER,NONE,DAYLIGHT,RAIN,WET
6836 ,34190159,MONROE,Chili,,,N,43.1114407,-77.7885262,01/25/2012,8:25 AM,INJURY,1.,0 ,2 ,COLLISION WITH MOTOR VEHICLE,REAR END,RR CROSSING GATES,DAYLIGHT,CLOUDY,DRY
6836 ,34190186,MONROE,Henrietta,,15 43031114,N,43.0928812,-77.6336893,01/29/2012,5:56 PM,INJURY,1.,0 ,2 ,COLLISION WITH MOTOR VEHICLE,REAR END,NONE,DARK-ROAD LIGHTED,CLOUDY,DRY
6836 ,34190193,MONROE,Clarkson,,,Y,43.238627,-77.947087,01/26/2012,9:49 PM,PROPERTY DAMAGE AND INJURY,1.,0 ,2 ,COLLISION WITH MOTOR VEHICLE,RIGHT ANGLE,STOP SIGN,DARK-ROAD LIGHTED,RAIN,WET
6836 ,34190200,MONROE,Rochester,,,N,43.195838,-77.5613879,01/27/2012,8:10 AM,INJURY,1.,0 ,2 ,COLLISION WITH MOTOR VEHICLE,REAR END,TRAFFIC SIGNAL,DAYLIGHT,RAIN,WET
6836 ,34190206,MONROE,Hamlin,,18 43031058,N,43.2844644,-77.8897946,01/24/2012,6:45 PM,PROPERTY DAMAGE AND INJURY,1.,0 ,1 ,COLLISION WITH DEER,OTHER,NONE,DARK-ROAD UNLIGHTED,CLOUDY,DRY
6836 ,34190207,MONROE,Henrietta,,,Y,43.07812,-77.5831151,01/26/2012,7:34 PM,INJURY,1.,0 ,2 ,COLLISION WITH MOTOR VEHICLE,RIGHT ANGLE,TRAFFIC SIGNAL,DARK-ROAD LIGHTED,RAIN,WET
6836 ,34190220,MONROE,Brighton,,,N,43.1162498,-77.5626709,01/30/2012,9:19 PM,PROPERTY DAMAGE AND INJURY,3.,0 ,1 ,COLLISION WITH TREE,OTHER,NONE,DARK-ROAD LIGHTED,SNOW,SNOW/ICE
6836 ,34190223,MONROE,Brighton,,,Y,43.130072,-77.5907669,01/30/2012,5:19 PM,PROPERTY DAMAGE AND INJURY,1.,0 ,3 ,COLLISION WITH MOTOR VEHICLE,OTHER,NONE,DARK-ROAD UNLIGHTED,CLOUDY,WET
6836 ,34190224,MONROE,Brighton,,441 43011103,N,43.129144,-77.524889,01/30/2012,4:59 PM,PROPERTY DAMAGE AND INJURY,1.,0 ,2 ,COLLISION WITH MOTOR VEHICLE,RIGHT ANGLE,TRAFFIC SIGNAL,DAYLIGHT,CLOUDY,DRY
6836 ,34190225,MONROE,Brighton,,,N,43.1189081,-77.5631677,01/30/2012,6:10 AM,PROPERTY DAMAGE AND INJURY,1.,0 ,2 ,COLLISION WITH MOTOR VEHICLE,OVERTAKING,NONE,DARK-ROAD UNLIGHTED,CLOUDY,SNOW/ICE
6836 ,34190229,MONROE,Perinton,,,Y,43.108378,-77.441807,01/26/2012,6:29 PM,PROPERTY DAMAGE AND INJURY,1.,0 ,2 ,COLLISION WITH MOTOR VEHICLE,LEFT TURN (AGAINST OTHER CAR),TRAFFIC SIGNAL,DARK-ROAD LIGHTED,RAIN,WET
6836 ,34190235,MONROE,Gates,,,Y,43.152616,-77.69101,01/30/2012,3:09 PM,PROPERTY DAMAGE AND INJURY,3.,0 ,2 ,COLLISION WITH MOTOR VEHICLE,RIGHT ANGLE,STOP SIGN,DAYLIGHT,CLOUDY,SNOW/ICE
6836 ,34190819,MONROE,Rochester,,,Y,43.165751,-77.644538,01/27/2012,8:30 PM,PROPERTY DAMAGE AND INJURY,1.,0 ,1 ,COLLISION WITH BICYCLIST,OTHER,STOP SIGN,DARK-ROAD LIGHTED,CLEAR,WET
6836 ,34190965,MONROE,Sweden,,31 43031078,N,43.1901621,-77.8853082,01/29/2012,8:48 AM,PROPERTY DAMAGE AND INJURY,1.,0 ,2 ,COLLISION WITH MOTOR VEHICLE,RIGHT ANGLE,NONE,DAYLIGHT,SNOW,SNOW/ICE
6836 ,34191018,MONROE,Brighton,,590I43011036,N,43.1242125,-77.5536298,01/20/2012,6:45 AM,PROPERTY DAMAGE AND INJURY,2.,0 ,2 ,COLL. W/LIGHT SUPPORT/UTILITY POLE,OVERTAKING,NONE,DARK-ROAD LIGHTED,SNOW,WET
6836 ,34191088,MONROE,Honeoye Falls,,65 43031018,N,42.9660684,-77.5921144,01/29/2012,8:55 PM,PROPERTY DAMAGE AND INJURY,1.,0 ,1 ,COLL. W/LIGHT SUPPORT/UTILITY POLE,OTHER,NONE,DARK-ROAD UNLIGHTED,SNOW,SNOW/ICE
6836 ,34191106,MONROE,Rochester,,,N,43.1105448,-77.6602664,01/30/2012,2:07 PM,PROPERTY DAMAGE AND INJURY,1.,0 ,1 ,COLLISION WITH TREE,OTHER,NONE,DAYLIGHT,CLEAR,SLUSH
6836 ,34191160,MONROE,Perinton,,,Y,43.073916,-77.460934,01/26/2012,2:25 PM,PROPERTY DAMAGE AND INJURY,2.,0 ,2 ,COLLISION WITH MOTOR VEHICLE,RIGHT ANGLE,TRAFFIC SIGNAL,DAYLIGHT,RAIN,WET
6836 ,34191220,MONROE,Rochester,,104 43032023,N,43.1918328,-77.6186803,01/12/2012,9:21 PM,PROPERTY DAMAGE AND INJURY,3.,0 ,2 ,COLLISION WITH MOTOR VEHICLE,REAR END,NONE,DARK-ROAD LIGHTED,RAIN,WET
6836 ,34191652,MONROE,Rochester,,390I43032000,N,43.1171641,-77.6352702,01/29/2012,8:22 PM,PROPERTY DAMAGE AND INJURY,1.,0 ,2 ,COLLISION WITH MOTOR VEHICLE,REAR END,NONE,DARK-ROAD LIGHTED,SNOW,SNOW/ICE
6836 ,34191730,MONROE,Brighton,,,N,43.124222,-77.5536293,01/29/2012,8:30 PM,PROPERTY DAMAGE AND INJURY,2.,0 ,1 ,COLLISION WITH GUIDE RAIL,OTHER,NONE,DARK-ROAD LIGHTED,SNOW,SNOW/ICE
6836 ,34191743,MONROE,Rochester,,,N,43.1570471,-77.5489586,01/20/2012,9:32 PM,PROPERTY DAMAGE AND INJURY,1.,0 ,2 ,COLLISION WITH MOTOR VEHICLE,LEFT TURN (AGAINST OTHER CAR),TRAFFIC SIGNAL,DARK-ROAD LIGHTED,CLEAR,WET
6836 ,34191751,MONROE,Brighton,,490I43023003,N,43.140828,-77.5420318,01/29/2012,9:47 PM,PROPERTY DAMAGE AND INJURY,1.,0 ,2 ,COLL. W/EARTH ELE./ROCK CUT/DITCH,LEFT TURN (WITH OTHER CAR),NONE,DARK-ROAD LIGHTED,SNOW,SNOW/ICE
6836 ,34191843,MONROE,Fairport,,,Y,43.1057425,-77.4418624,01/31/2012,10:41 AM,PROPERTY DAMAGE AND INJURY,1.,0 ,2 ,COLLISION WITH MOTOR VEHICLE,LEFT TURN (AGAINST OTHER CAR),NONE,DAYLIGHT,CLEAR,SLUSH
6836 ,34191921,MONROE,Henrietta,,,N,43.059043,-77.6320039,01/30/2012,4:00 PM,PROPERTY DAMAGE AND INJURY,3.,0 ,3 ,COLLISION WITH MOTOR VEHICLE,OTHER,NONE,DAYLIGHT,CLOUDY,DRY
6836 ,34191945,MONROE,Mendon,,65 43031078,Y,43.023051,-77.584231,01/31/2012,8:20 AM,PROPERTY DAMAGE AND INJURY,1.,0 ,2 ,COLLISION WITH MOTOR VEHICLE,RIGHT ANGLE,STOP SIGN,DAYLIGHT,CLEAR,WET
6836 ,34192627,MONROE,Gates,,,N,43.1333472,-77.6629943,12/14/2011,5:15 PM,PROPERTY DAMAGE AND INJURY,1.,0 ,2 ,COLLISION WITH MOTOR VEHICLE,REAR END,NONE,DARK-ROAD UNLIGHTED,CLEAR,DRY
6836 ,34192795,MONROE,Henrietta,,,Y,43.0947577,-77.6135188,01/27/2012,1:43 PM,PROPERTY DAMAGE AND INJURY,1.,0 ,2 ,COLLISION WITH MOTOR VEHICLE,RIGHT ANGLE,TRAFFIC SIGNAL,DAYLIGHT,SNOW,WET
6836 ,34192822,MONROE,Rochester,,942G43011002,N,43.154147,-77.6151283,01/27/2012,9:48 PM,INJURY,2.,0 ,3 ,COLLISION WITH MOTOR VEHICLE,OTHER,TRAFFIC SIGNAL,DARK-ROAD LIGHTED,SLEET/HAIL/FREEZING RAIN,WET
6836 ,34192834,MONROE,Penfield,,,N,43.153449,-77.4715758,01/30/2012,10:04 PM,INJURY,1.,0 ,1 ,COLL. W/EARTH ELE./ROCK CUT/DITCH,OTHER,NONE,DARK-ROAD UNLIGHTED,CLOUDY,SNOW/ICE
6836 ,34192844,MONROE,Rochester,,,N,43.1833708,-77.6314873,01/28/2012,7:19 PM,PROPERTY DAMAGE AND INJURY,2.,0 ,2 ,COLLISION WITH MOTOR VEHICLE,REAR END,NONE,DARK-ROAD LIGHTED,CLOUDY,WET
6836 ,34192900,MONROE,Rochester,,,N,43.1695773,-77.6115349,01/22/2012,6:45 PM,PROPERTY DAMAGE AND INJURY,2.,0 ,3 ,COLLISION WITH MOTOR VEHICLE,OTHER,NONE,DARK-ROAD LIGHTED,CLOUDY,DRY
6836 ,34192903,MONROE,Irondequoit,,,Y,43.176902,-77.540635,01/31/2012,5:53 PM,INJURY,1.,0 ,2 ,COLLISION WITH MOTOR VEHICLE,REAR END,NONE,DARK-ROAD LIGHTED,CLOUDY,DRY
6836 ,34192920,MONROE,Greece,,104 43031132,N,43.2165386,-77.7451595,01/31/2012,5:26 PM,INJURY,1.,0 ,3 ,COLLISION WITH MOTOR VEHICLE,OTHER,NONE,DAYLIGHT,CLOUDY,DRY
6836 ,34193040,MONROE,Brighton,,,N,43.1273306,-77.5210535,01/30/2012,1:55 AM,PROPERTY DAMAGE AND INJURY,1.,0 ,1 ,COLLISION WITH GUIDE RAIL,OTHER,NONE,DARK-ROAD UNLIGHTED,CLEAR,SNOW/ICE
6836 ,34193129,MONROE,Gates,,,N,43.1646978,-77.679581,01/31/2012,7:46 PM,INJURY,1.,0 ,1 ,COLLISION WITH PEDESTRIAN,OTHER,NONE,DARK-ROAD LIGHTED,CLOUDY,WET
6836 ,34193141,MONROE,Webster,,,Y,43.20862,-77.460977,01/20/2012,6:08 PM,PROPERTY DAMAGE AND INJURY,3.,0 ,2 ,COLLISION WITH MOTOR VEHICLE,REAR END,TRAFFIC SIGNAL,DARK-ROAD UNLIGHTED,CLOUDY,DRY
6836 ,34193335,MONROE,Rochester,,,Y,43.176893,-77.613391,01/31/2012,4:39 PM,PROPERTY DAMAGE AND INJURY,2.,0 ,2 ,COLLISION WITH MOTOR VEHICLE,OTHER,STOP SIGN,DAYLIGHT,CLOUDY,DRY
6836 ,34193392,MONROE,Penfield,,250 43011112,N,43.1952708,-77.4303922,01/31/2012,2:45 AM,PROPERTY DAMAGE AND INJURY,1.,0 ,1 ,RAN OFF ROAD ONLY,OTHER,NONE,DARK-ROAD UNLIGHTED,CLOUDY,SNOW/ICE
6836 ,34193722,MONROE,Brighton,,,N,43.107919,-77.575747,02/01/2012,11:31 AM,PROPERTY DAMAGE AND INJURY,1.,0 ,2 ,COLLISION WITH MOTOR VEHICLE,LEFT TURN (WITH OTHER CAR),TRAFFIC SIGNAL,DAYLIGHT,CLEAR,DRY
6836 ,34193841,MONROE,Brighton,,,N,43.0950823,-77.632532,02/02/2012,4:48 PM,PROPERTY DAMAGE AND INJURY,1.,0 ,3 ,COLLISION WITH MOTOR VEHICLE,OTHER,NONE,DAYLIGHT,CLOUDY,WET
6836 ,34193912,MONROE,Irondequoit,,,N,43.199582,-77.5751662,02/02/2012,11:12 AM,PROPERTY DAMAGE AND INJURY,2.,0 ,2 ,COLLISION WITH MOTOR VEHICLE,RIGHT TURN (WITH OTHER CAR),NONE,DAYLIGHT,SNOW,WET
6836 ,34194104,MONROE,Brighton,,,N,43.115939,-77.5715585,02/02/2012,5:43 PM,PROPERTY DAMAGE AND INJURY,2.,0 ,3 ,COLLISION WITH MOTOR VEHICLE,OTHER,NONE,DARK-ROAD UNLIGHTED,CLOUDY,WET
6836 ,34194130,MONROE,Brighton,,590I43011037,N,43.1265789,-77.5532958,01/24/2012,10:12 PM,PROPERTY DAMAGE AND INJURY,1.,0 ,1 ,COLLISION WITH TREE,OTHER,NONE,DARK-ROAD LIGHTED,CLOUDY,WET
6836 ,34194280,MONROE,Rochester,,,N,43.1963017,-77.6388356,01/27/2012,9:28 PM,INJURY,1.,0 ,2 ,COLLISION WITH MOTOR VEHICLE,REAR END,NONE,DARK-ROAD LIGHTED,CLEAR,WET
6836 ,34194516,MONROE,Rochester,,,N,43.1393683,-77.6141389,01/29/2012,10:08 PM,INJURY,1.,0 ,1 ,COLL. W/LIGHT SUPPORT/UTILITY POLE,OTHER,NONE,DARK-ROAD LIGHTED,SNOW,SNOW/ICE
6836 ,34194541,MONROE,Rochester,,,Y,43.181557,-77.5954659,01/27/2012,9:51 AM,PROPERTY DAMAGE AND INJURY,1.,0 ,2 ,COLLISION WITH MOTOR VEHICLE,RIGHT ANGLE,STOP SIGN,DAYLIGHT,CLEAR,WET
6836 ,34194669,MONROE,Rochester,,,N,43.1285945,-77.6508824,01/30/2012,4:46 AM,INJURY,1.,0 ,1 ,COLLISION WITH CURBING,OTHER,NONE,DARK-ROAD LIGHTED,CLEAR,SNOW/ICE
6836 ,34194670,MONROE,Rochester,,,Y,43.159407,-77.632308,01/31/2012,12:55 PM,INJURY,2.,0 ,2 ,COLLISION WITH MOTOR VEHICLE,RIGHT ANGLE,STOP SIGN,DAYLIGHT,CLOUDY,DRY
6836 ,34194910,MONROE,Gates,,390 43011002,N,43.1591791,-77.6825261,02/01/2012,7:00 AM,PROPERTY DAMAGE AND INJURY,1.,0 ,4 ,COLLISION WITH MOTOR VEHICLE,OTHER,NONE,DAWN,RAIN,WET
6836 ,34194911,MONROE,Perinton,,,Y,43.077546,-77.477294,12/17/2011,11:08 AM,INJURY,2.,0 ,2 ,COLLISION WITH MOTOR VEHICLE,REAR END,TRAFFIC SIGNAL,DAYLIGHT,CLOUDY,DRY
6836 ,34194913,MONROE,Perinton,,31F43011021,N,43.1022414,-77.4660468,01/22/2012,11:40 AM,PROPERTY DAMAGE AND INJURY,1.,0 ,2 ,COLLISION WITH MOTOR VEHICLE,LEFT TURN (WITH OTHER CAR),NONE,DAYLIGHT,CLEAR,DRY
6836 ,34194914,MONROE,Webster,,104 43035074,N,43.2043349,-77.4809042,02/03/2012,11:21 AM,PROPERTY DAMAGE AND INJURY,1.,0 ,2 ,COLLISION WITH MOTOR VEHICLE,REAR END,NONE,DAYLIGHT,CLOUDY,DRY
6836 ,34194922,MONROE,Brighton,,,N,43.1177235,-77.552209,01/30/2012,7:45 AM,PROPERTY DAMAGE AND INJURY,1.,0 ,4 ,COLLISION WITH MOTOR VEHICLE,OTHER,NONE,DAYLIGHT,CLOUDY,SLUSH
6836 ,34194924,MONROE,Pittsford,,490I43023052,N,43.084332,-77.491933,01/16/2012,10:53 AM,PROPERTY DAMAGE AND INJURY,1.,0 ,1 ,COLLISION WITH GUIDE RAIL,OTHER,NONE,DAYLIGHT,CLEAR,DRY
6836 ,34194931,MONROE,Perinton,,,N,43.0676228,-77.4321357,12/26/2011,11:40 AM,PROPERTY DAMAGE AND INJURY,1.,0 ,2 ,COLLISION WITH MOTOR VEHICLE,REAR END,TRAFFIC SIGNAL,DAYLIGHT,CLOUDY,DRY
6836 ,34194936,MONROE,Irondequoit,,,Y,43.199611,-77.60035,02/02/2012,11:44 AM,INJURY,1.,0 ,2 ,COLLISION WITH MOTOR VEHICLE,REAR END,NONE,DAYLIGHT,RAIN,WET
6836 ,34194939,MONROE,Henrietta,,15 43031114,N,43.0939705,-77.633099,02/03/2012,6:36 PM,PROPERTY DAMAGE AND INJURY,1.,0 ,2 ,COLLISION WITH MOTOR VEHICLE,RIGHT ANGLE,TRAFFIC SIGNAL,DARK-ROAD LIGHTED,CLOUDY,DRY
6836 ,34194940,MONROE,Brockport,,,N,43.2200961,-77.9359559,01/30/2012,5:35 AM,PROPERTY DAMAGE AND INJURY,1.,0 ,2 ,COLLISION WITH MOTOR VEHICLE,REAR END,NONE,DARK-ROAD LIGHTED,CLOUDY,WET
6836 ,34194942,MONROE,Gates,,,N,43.1437121,-77.7330195,02/03/2012,7:54 AM,PROPERTY DAMAGE AND INJURY,2.,0 ,2 ,COLLISION WITH MOTOR VEHICLE,HEAD ON,NONE,DAYLIGHT,CLOUDY,DRY
6836 ,34194944,MONROE,Brighton,,,N,43.1156592,-77.5968718,02/03/2012,1:46 PM,PROPERTY DAMAGE AND INJURY,4.,0 ,2 ,COLLISION WITH MOTOR VEHICLE,REAR END,NONE,DAYLIGHT,CLOUDY,DRY
6836 ,34195466,MONROE,Brighton,,,Y,43.127722,-77.564997,02/04/2012,12:01 PM,PROPERTY DAMAGE AND INJURY,1.,0 ,2 ,COLLISION WITH MOTOR VEHICLE,RIGHT ANGLE,STOP SIGN,DAYLIGHT,CLOUDY,DRY
6836 ,34195468,MONROE,Brighton,,31 43033021,N,43.1125865,-77.5498201,02/04/2012,2:01 PM,PROPERTY DAMAGE AND INJURY,1.,0 ,2 ,COLLISION WITH MOTOR VEHICLE,RIGHT ANGLE,NONE,DAYLIGHT,CLOUDY,DRY