QUERYID,CASE #,REGN_CNTY_CDE,Municipality,MUNITYPE,REF_MRKR,ATINTERSECTION_IND,Lat,Long,,Time,Crash Type,Injuries,Fatalities,Number of Vehicles,ACCD_TYP,COLLISION_TYP,TRAF_CNTL,Light Condition,Weather Condition,Road Surface Condition
6836 ,34195472,MONROE,Gates,,,N,43.1551392,-77.7119947,02/04/2012,4:10 PM,INJURY,1.,0 ,1 ,COLLISION WITH PEDESTRIAN,OTHER,NONE,DAYLIGHT,CLOUDY,DRY
6836 ,34195544,MONROE,Rochester,,,Y,43.142007,-77.604381,01/20/2012,1:46 PM,PROPERTY DAMAGE AND INJURY,2.,0 ,2 ,COLLISION WITH MOTOR VEHICLE,LEFT TURN (AGAINST OTHER CAR),TRAFFIC SIGNAL,DAYLIGHT,CLEAR,SLUSH
6836 ,34195545,MONROE,Rochester,,,Y,43.19384,-77.638874,02/02/2012,3:14 PM,INJURY,1.,0 ,2 ,COLLISION WITH MOTOR VEHICLE,REAR END,TRAFFIC SIGNAL,DAYLIGHT,SNOW,WET
6836 ,34195550,MONROE,Rochester,,,Y,43.176263,-77.561471,02/02/2012,8:37 AM,PROPERTY DAMAGE AND INJURY,1.,0 ,2 ,COLLISION WITH MOTOR VEHICLE,RIGHT ANGLE,NONE,DAYLIGHT,RAIN,WET
6836 ,34196222,MONROE,Riga,,,N,43.0994214,-77.8337341,02/03/2012,2:30 AM,PROPERTY DAMAGE AND INJURY,2.,0 ,1 ,COLL. W/LIGHT SUPPORT/UTILITY POLE,OTHER,NONE,DARK-ROAD UNLIGHTED,CLEAR,DRY
6836 ,34196231,MONROE,Irondequoit,,,Y,43.174103,-77.550708,02/04/2012,5:53 PM,INJURY,1.,0 ,1 ,COLLISION WITH PEDESTRIAN,OTHER,NONE,DARK-ROAD LIGHTED,CLOUDY,DRY
6836 ,34196233,MONROE,Rush,,15 43031005,Y,42.947787,-77.698847,02/03/2012,3:28 PM,PROPERTY DAMAGE AND INJURY,1.,0 ,2 ,COLLISION WITH MOTOR VEHICLE,REAR END,TRAFFIC SIGNAL,DAYLIGHT,CLEAR,DRY
6836 ,34196236,MONROE,Brighton,,31 43033027,N,43.1113077,-77.5481144,02/04/2012,12:55 PM,PROPERTY DAMAGE AND INJURY,1.,0 ,2 ,COLLISION WITH MOTOR VEHICLE,RIGHT ANGLE,NONE,DAYLIGHT,CLOUDY,DRY
6836 ,34196241,MONROE,Rochester,,383 43012014,N,43.1368956,-77.6261414,02/04/2012,5:30 PM,PROPERTY DAMAGE AND INJURY,1.,0 ,1 ,COLL. W/LIGHT SUPPORT/UTILITY POLE,OTHER,NONE,DUSK,CLEAR,DRY
6836 ,34196243,MONROE,Brockport,,,N,43.2128843,-77.9547076,01/28/2012,3:22 AM,PROPERTY DAMAGE AND INJURY,1.,0 ,1 ,COLL. W/LIGHT SUPPORT/UTILITY POLE,OTHER,NONE,DARK-ROAD LIGHTED,CLOUDY,DRY
6836 ,34196561,MONROE,Rochester,,,Y,43.193781,-77.600001,02/02/2012,4:19 PM,INJURY,1.,0 ,1 ,COLLISION WITH PEDESTRIAN,OTHER,TRAFFIC SIGNAL,DAYLIGHT,CLEAR,WET
6836 ,34196580,MONROE,Rochester,,,Y,43.161757,-77.608303,01/25/2012,4:49 PM,INJURY,1.,0 ,2 ,COLLISION WITH MOTOR VEHICLE,OVERTAKING,TRAFFIC SIGNAL,DAYLIGHT,CLEAR,DRY
6836 ,34196581,MONROE,Chili,,31A43021011,Y,43.094367,-77.789215,02/03/2012,12:19 PM,PROPERTY DAMAGE AND INJURY,2.,0 ,3 ,COLLISION WITH MOTOR VEHICLE,OTHER,NONE,DAYLIGHT,CLOUDY,DRY
6836 ,34196595,MONROE,Rochester,,,N,43.193233,-77.5999657,09/11/2011,5:37 PM,INJURY,1.,0 ,1 ,COLLISION WITH PEDESTRIAN,OTHER,NONE,DAYLIGHT,CLEAR,DRY
6836 ,34196763,MONROE,Penfield,,104 43035057,Y,43.189866,-77.5039131,01/05/2012,9:55 AM,INJURY,1.,0 ,2 ,COLLISION WITH MOTOR VEHICLE,REAR END,TRAFFIC SIGNAL,DAYLIGHT,CLOUDY,DRY
6836 ,34196801,MONROE,Chili,,,N,43.1207865,-77.7448928,02/03/2012,5:22 PM,PROPERTY DAMAGE AND INJURY,1.,0 ,3 ,COLLISION WITH MOTOR VEHICLE,OTHER,TRAFFIC SIGNAL,DAYLIGHT,CLOUDY,DRY
6836 ,34196834,MONROE,Parma,,104 43031095,N,43.2196,-77.8180016,02/04/2012,2:59 PM,PROPERTY DAMAGE AND INJURY,2.,0 ,3 ,COLLISION WITH MOTOR VEHICLE,OTHER,NONE,DAYLIGHT,CLOUDY,DRY
6836 ,34196860,MONROE,Mendon,,,N,43.0079622,-77.5345683,02/04/2012,6:00 PM,INJURY,1.,0 ,1 ,COLLISION WITH DEER,OTHER,NONE,DUSK,CLEAR,DRY
6836 ,34197107,MONROE,Chili,,252 43011021,N,43.0903381,-77.7289702,02/03/2012,4:05 PM,PROPERTY DAMAGE AND INJURY,2.,0 ,3 ,COLLISION WITH MOTOR VEHICLE,OTHER,NO PASSING ZONE,DAYLIGHT,CLOUDY,DRY
6836 ,34197364,MONROE,Chili,,390I43033002,N,43.1235184,-77.6502053,01/13/2012,10:37 AM,INJURY,1.,0 ,2 ,COLLISION WITH MOTOR VEHICLE,REAR END,NONE,DAYLIGHT,SNOW,SNOW/ICE
6836 ,34197379,MONROE,Rochester,,96 43052026,Y,43.155041,-77.594424,02/01/2012,11:47 PM,INJURY,1.,0 ,2 ,COLLISION WITH MOTOR VEHICLE,RIGHT ANGLE,TRAFFIC SIGNAL,DARK-ROAD LIGHTED,CLEAR,DRY
6836 ,34197380,MONROE,Greece,,,Y,43.20943,-77.670178,02/05/2012,9:00 PM,INJURY,2.,0 ,2 ,COLLISION WITH MOTOR VEHICLE,REAR END,STOP SIGN,DARK-ROAD LIGHTED,CLOUDY,DRY
6836 ,34197403,MONROE,Penfield,,,N,43.1290751,-77.4794174,02/02/2012,7:15 AM,PROPERTY DAMAGE AND INJURY,1.,0 ,3 ,COLLISION WITH MOTOR VEHICLE,OTHER,NONE,DAWN,CLOUDY,DRY
6836 ,34197471,MONROE,Rochester,,104 43032018,N,43.194172,-77.627734,02/05/2012,8:22 PM,PROPERTY DAMAGE AND INJURY,3.,0 ,2 ,COLLISION WITH MOTOR VEHICLE,RIGHT ANGLE,TRAFFIC SIGNAL,DARK-ROAD LIGHTED,CLEAR,DRY
6836 ,34197484,MONROE,Rochester,,,Y,43.210934,-77.638578,02/07/2012,4:36 PM,INJURY,1.,0 ,2 ,COLLISION WITH MOTOR VEHICLE,OVERTAKING,TRAFFIC SIGNAL,DAYLIGHT,CLOUDY,WET
6836 ,34197514,MONROE,Rochester,,,Y,43.193912,-77.6598301,02/01/2012,6:17 PM,PROPERTY DAMAGE AND INJURY,1.,0 ,2 ,COLLISION WITH MOTOR VEHICLE,HEAD ON,TRAFFIC SIGNAL,DARK-ROAD LIGHTED,CLOUDY,DRY
6836 ,34197567,MONROE,Rochester,,,N,43.1485925,-77.5722147,02/06/2012,8:40 AM,PROPERTY DAMAGE AND INJURY,1.,0 ,2 ,COLLISION WITH MOTOR VEHICLE,REAR END,NONE,DAYLIGHT,CLEAR,DRY
6836 ,34197608,MONROE,Rochester,,,N,43.1732554,-77.5775393,02/05/2012,11:48 PM,PROPERTY DAMAGE AND INJURY,1.,0 ,1 ,COLL. W/LIGHT SUPPORT/UTILITY POLE,OTHER,NO PASSING ZONE,DARK-ROAD LIGHTED,CLOUDY,DRY
6836 ,34197646,MONROE,Rochester,,940T43011023,N,43.1510722,-77.6051212,02/01/2012,7:51 AM,PROPERTY DAMAGE AND INJURY,1.,0 ,3 ,COLLISION WITH MOTOR VEHICLE,OTHER,OTHER,DAYLIGHT,CLOUDY,WET
6836 ,34197671,MONROE,Ogden,,33 43031093,Y,43.137294,-77.7652721,02/07/2012,9:00 AM,PROPERTY DAMAGE AND INJURY,2.,0 ,2 ,COLLISION WITH MOTOR VEHICLE,RIGHT ANGLE,TRAFFIC SIGNAL,DAYLIGHT,RAIN,WET
6836 ,34197753,MONROE,Clarkson,,,N,43.245718,-77.9454056,02/06/2012,7:40 AM,PROPERTY DAMAGE AND INJURY,1.,0 ,1 ,COLLISION WITH GUIDE RAIL,OTHER,NONE,DAYLIGHT,CLOUDY,SNOW/ICE
6836 ,34197844,MONROE,Rochester,,,Y,43.149624,-77.5932779,02/05/2012,12:24 AM,INJURY,2.,0 ,5 ,COLLISION WITH MOTOR VEHICLE,OTHER,NONE,DARK-ROAD LIGHTED,CLEAR,DRY
6836 ,34197849,MONROE,Sweden,,31A43021006,N,43.1979941,-77.9851868,02/07/2012,10:43 AM,PROPERTY DAMAGE AND INJURY,1.,0 ,1 ,COLLISION WITH GUIDE RAIL,OTHER,NONE,DAYLIGHT,CLOUDY,WET
6836 ,34197883,MONROE,Greece,,,N,43.2238181,-77.6968074,02/06/2012,9:22 AM,PROPERTY DAMAGE AND INJURY,1.,0 ,2 ,COLLISION WITH MOTOR VEHICLE,HEAD ON,NONE,DAYLIGHT,CLEAR,DRY
6836 ,34197987,MONROE,Irondequoit,,,N,43.2057384,-77.5688012,02/06/2012,2:19 PM,PROPERTY DAMAGE AND INJURY,1.,0 ,1 ,COLLISION WITH BUILDING/WALL,OTHER,NONE,DAYLIGHT,CLEAR,DRY
6836 ,34198153,MONROE,Rochester,,,Y,43.167235,-77.599661,02/05/2012,3:36 AM,PROPERTY DAMAGE AND INJURY,1.,0 ,2 ,COLLISION WITH MOTOR VEHICLE,REAR END,TRAFFIC SIGNAL,DARK-ROAD LIGHTED,CLEAR,DRY
6836 ,34198583,MONROE,Rochester,,,Y,43.143704,-77.655788,02/08/2012,5:03 PM,INJURY,1.,0 ,2 ,COLLISION WITH MOTOR VEHICLE,REAR END,TRAFFIC SIGNAL,DAYLIGHT,CLEAR,DRY
6836 ,34198584,MONROE,Rochester,,,Y,43.200455,-77.638723,02/06/2012,9:22 AM,INJURY,1.,0 ,2 ,COLLISION WITH MOTOR VEHICLE,REAR END,TRAFFIC SIGNAL,DAYLIGHT,CLEAR,DRY
6836 ,34198877,MONROE,Chili,,,N,43.12558,-77.71987,01/27/2012,3:16 PM,PROPERTY DAMAGE AND INJURY,1.,0 ,1 ,COLLISION WITH TREE,OTHER,NONE,DAYLIGHT,CLOUDY,WET
6836 ,34198887,MONROE,Ogden,,259 43011060,N,43.1785294,-77.8044111,02/08/2012,7:47 AM,PROPERTY DAMAGE AND INJURY,1.,0 ,2 ,COLLISION WITH MOTOR VEHICLE,RIGHT ANGLE,TRAFFIC SIGNAL,DAYLIGHT,CLEAR,DRY
6836 ,34198889,MONROE,Sweden,,19 43041049,N,43.203368,-77.9421537,02/06/2012,4:10 PM,PROPERTY DAMAGE AND INJURY,1.,0 ,2 ,COLLISION WITH MOTOR VEHICLE,REAR END,NONE,DAYLIGHT,CLEAR,DRY
6836 ,34198998,MONROE,Henrietta,,252 43011083,Y,43.087262,-77.609249,02/09/2012,5:51 PM,PROPERTY DAMAGE AND INJURY,1.,0 ,2 ,COLLISION WITH MOTOR VEHICLE,REAR END,TRAFFIC SIGNAL,DARK-ROAD LIGHTED,CLEAR,DRY
6836 ,34199198,MONROE,Gates,,,N,43.1751452,-77.7393959,02/09/2012,7:00 AM,PROPERTY DAMAGE AND INJURY,1.,0 ,1 ,COLLISION WITH DEER,OTHER,NONE,DAWN,CLEAR,DRY
6836 ,34199268,MONROE,Perinton,,,Y,43.079124,-77.4321141,02/03/2012,5:40 PM,PROPERTY DAMAGE AND INJURY,1.,0 ,2 ,COLLISION WITH MOTOR VEHICLE,RIGHT ANGLE,TRAFFIC SIGNAL,DARK-ROAD LIGHTED,CLEAR,DRY
6836 ,34199341,MONROE,Greece,,104 43031168,N,43.206627,-77.676202,02/08/2012,9:20 AM,INJURY,1.,0 ,2 ,COLLISION WITH MOTOR VEHICLE,REAR END,TRAFFIC SIGNAL,DAYLIGHT,CLEAR,DRY
6836 ,34199384,MONROE,Rochester,,490I43022056,N,43.1433162,-77.5719969,02/09/2012,5:49 PM,PROPERTY DAMAGE AND INJURY,1.,0 ,2 ,COLLISION WITH MOTOR VEHICLE,REAR END,NONE,DUSK,CLEAR,DRY
6836 ,34199433,MONROE,Henrietta,,15 43031109,N,43.0882922,-77.6361691,02/09/2012,6:05 PM,INJURY,1.,0 ,2 ,COLLISION WITH MOTOR VEHICLE,REAR END,TRAFFIC SIGNAL,DARK-ROAD LIGHTED,CLEAR,DRY
6836 ,34199463,MONROE,Henrietta,,,Y,43.087046,-77.581938,02/08/2012,5:00 PM,INJURY,1.,0 ,2 ,COLLISION WITH MOTOR VEHICLE,REAR END,TRAFFIC SIGNAL,DAYLIGHT,CLEAR,DRY
6836 ,34199884,MONROE,Greece,,,Y,43.26774,-77.696269,02/09/2012,3:46 PM,PROPERTY DAMAGE AND INJURY,3.,0 ,2 ,COLLISION WITH MOTOR VEHICLE,RIGHT ANGLE,STOP SIGN,DAYLIGHT,CLEAR,DRY
6836 ,34199958,MONROE,Penfield,,286 43011018,N,43.153674,-77.5049491,01/30/2012,5:29 PM,PROPERTY DAMAGE AND INJURY,1.,0 ,2 ,COLLISION WITH MOTOR VEHICLE,RIGHT ANGLE,NONE,DUSK,CLOUDY,DRY
6836 ,34199976,MONROE,Ogden,,,Y,43.186507,-77.8542729,02/09/2012,7:43 AM,PROPERTY DAMAGE AND INJURY,2.,0 ,3 ,COLLISION WITH MOTOR VEHICLE,OTHER,NONE,DAWN,CLEAR,DRY
6836 ,34200001,MONROE,Irondequoit,,,Y,43.202347,-77.5656331,02/10/2012,10:55 AM,PROPERTY DAMAGE AND INJURY,3.,0 ,2 ,COLLISION WITH MOTOR VEHICLE,LEFT TURN (AGAINST OTHER CAR),NONE,DAYLIGHT,CLOUDY,DRY
6836 ,34200050,MONROE,Greece,,104 43031133,N,43.2162889,-77.7429016,01/30/2012,2:56 AM,PROPERTY DAMAGE AND INJURY,1.,0 ,1 ,COLLISION WITH DEER,OTHER,NONE,DARK-ROAD LIGHTED,SNOW,SNOW/ICE
6836 ,34200054,MONROE,Gates,,,Y,43.138298,-77.671613,02/07/2012,11:53 AM,INJURY,1.,0 ,2 ,COLLISION WITH MOTOR VEHICLE,RIGHT ANGLE,TRAFFIC SIGNAL,DAYLIGHT,SLEET/HAIL/FREEZING RAIN,WET
6836 ,34200116,MONROE,Irondequoit,,,N,43.2106046,-77.6007366,02/09/2012,8:23 AM,PROPERTY DAMAGE AND INJURY,1.,0 ,2 ,COLLISION WITH MOTOR VEHICLE,LEFT TURN (AGAINST OTHER CAR),NONE,DAYLIGHT,CLEAR,DRY
6836 ,34200220,MONROE,Penfield,,104 43035059,N,43.192633,-77.502445,02/02/2012,4:16 PM,PROPERTY DAMAGE AND INJURY,2.,0 ,2 ,COLLISION WITH MOTOR VEHICLE,REAR END,TRAFFIC SIGNAL,DAYLIGHT,RAIN,WET
6836 ,34200288,MONROE,Greece,,,Y,43.208133,-77.6854671,02/07/2012,4:24 PM,PROPERTY DAMAGE AND INJURY,1.,0 ,2 ,COLLISION WITH MOTOR VEHICLE,REAR END,TRAFFIC SIGNAL,DAYLIGHT,CLOUDY,WET
6836 ,34200332,MONROE,Greece,,,N,43.2045522,-77.6611534,02/04/2012,12:20 PM,PROPERTY DAMAGE AND INJURY,1.,0 ,3 ,COLLISION WITH MOTOR VEHICLE,OTHER,NONE,DAYLIGHT,CLOUDY,DRY
6836 ,34200469,MONROE,Ogden,,33 43031092,Y,43.137294,-77.7652721,02/08/2012,10:04 PM,PROPERTY DAMAGE AND INJURY,2.,0 ,3 ,COLLISION WITH MOTOR VEHICLE,OTHER,TRAFFIC SIGNAL,DARK-ROAD UNLIGHTED,CLOUDY,DRY
6836 ,34200822,MONROE,Rochester,,490I43022002,N,43.1577223,-77.6705165,01/30/2012,6:05 PM,PROPERTY DAMAGE AND INJURY,1.,0 ,3 ,COLLISION WITH MOTOR VEHICLE,OTHER,NONE,DARK-ROAD LIGHTED,CLOUDY,DRY
6836 ,34200878,MONROE,Sweden,,31 43031100,N,43.1983214,-77.933758,02/09/2012,3:41 PM,INJURY,1.,0 ,2 ,COLLISION WITH MOTOR VEHICLE,REAR END,NONE,DAYLIGHT,CLEAR,DRY
6836 ,34200882,MONROE,Sweden,,31 43031067,N,43.1980312,-77.9024565,02/10/2012,4:28 PM,INJURY,2.,0 ,2 ,COLLISION WITH MOTOR VEHICLE,RIGHT ANGLE,NONE,DAYLIGHT,CLOUDY,DRY
6836 ,34200886,MONROE,Penfield,,,N,43.1898627,-77.5039119,02/02/2012,4:55 PM,INJURY,1.,0 ,2 ,COLLISION WITH MOTOR VEHICLE,REAR END,TRAFFIC SIGNAL,DAYLIGHT,RAIN,WET
6836 ,34200889,MONROE,Rush,,15A43042022,N,42.9856045,-77.6237495,02/11/2012,11:40 AM,PROPERTY DAMAGE AND INJURY,1.,0 ,1 ,COLLISION WITH GUIDERAIL - END,OTHER,NONE,DAYLIGHT,SNOW,SNOW/ICE
6836 ,34200890,MONROE,Sweden,,,N,43.2118271,-77.9048073,02/06/2012,7:40 AM,PROPERTY DAMAGE AND INJURY,1.,0 ,1 ,COLLISION WITH GUIDERAIL - END,OTHER,NONE,DAYLIGHT,CLEAR,SNOW/ICE
6836 ,34200904,MONROE,Irondequoit,,,N,43.1994047,-77.5758199,02/09/2012,5:30 PM,INJURY,1.,0 ,2 ,COLLISION WITH MOTOR VEHICLE,REAR END,NONE,DAYLIGHT,CLEAR,DRY
6836 ,34201107,MONROE,Rochester,,,N,43.1919395,-77.6388737,02/11/2012,2:37 AM,PROPERTY DAMAGE AND INJURY,2.,0 ,2 ,COLLISION WITH MOTOR VEHICLE,HEAD ON,NONE,DARK-ROAD LIGHTED,SNOW,WET
6836 ,34201131,MONROE,Rochester,,,N,43.1718882,-77.6281466,02/09/2012,4:07 PM,INJURY,1.,0 ,2 ,COLLISION WITH MOTOR VEHICLE,RIGHT ANGLE,NONE,DAYLIGHT,CLEAR,DRY
6836 ,34201138,MONROE,Rochester,,,Y,43.1699563,-77.6387215,02/11/2012,4:37 PM,INJURY,1.,0 ,1 ,COLLISION WITH TREE,OTHER,NONE,DAYLIGHT,CLOUDY,SNOW/ICE
6836 ,34201145,MONROE,Rochester,,,N,43.180311,-77.607954,02/09/2012,4:07 PM,PROPERTY DAMAGE AND INJURY,1.,0 ,2 ,COLLISION WITH MOTOR VEHICLE,LEFT TURN (AGAINST OTHER CAR),STOP SIGN,DAYLIGHT,CLEAR,DRY
6836 ,34201146,MONROE,Rochester,,,Y,43.193835,-77.629001,02/08/2012,10:56 AM,PROPERTY DAMAGE AND INJURY,1.,0 ,2 ,COLLISION WITH MOTOR VEHICLE,OVERTAKING,TRAFFIC SIGNAL,DAYLIGHT,CLEAR,DRY
6836 ,34201149,MONROE,Rochester,,,Y,43.164658,-77.659556,02/09/2012,8:49 AM,INJURY,1.,0 ,1 ,COLLISION WITH PEDESTRIAN,OTHER,TRAFFIC SIGNAL,DAYLIGHT,CLEAR,DRY
6836 ,34201152,MONROE,Rochester,,,Y,43.170793,-77.588162,02/06/2012,2:19 PM,PROPERTY DAMAGE AND INJURY,2.,0 ,2 ,COLLISION WITH MOTOR VEHICLE,RIGHT ANGLE,STOP SIGN,DAYLIGHT,CLEAR,DRY
6836 ,34201587,MONROE,Penfield,,441 43011041,N,43.13124,-77.4639664,02/01/2012,11:51 AM,INJURY,1.,0 ,2 ,COLLISION WITH MOTOR VEHICLE,LEFT TURN (AGAINST OTHER CAR),TRAFFIC SIGNAL,DAYLIGHT,CLOUDY,DRY
6836 ,34201591,MONROE,Chili,,,Y,43.098574,-77.753805,02/11/2012,2:38 PM,PROPERTY DAMAGE AND INJURY,1.,0 ,1 ,COLLISION WITH BUILDING/WALL,OTHER,NONE,DAYLIGHT,SNOW,SNOW/ICE
6836 ,34201593,MONROE,Brighton,,390I43031141,N,43.1080363,-77.6160952,02/12/2012,12:24 AM,PROPERTY DAMAGE AND INJURY,1.,0 ,1 ,COLLISION WITH GUIDE RAIL,OTHER,NONE,DARK-ROAD LIGHTED,SNOW,SNOW/ICE
6836 ,34201610,MONROE,Henrietta,,253 43011061,N,43.0586774,-77.6518576,02/11/2012,3:00 PM,PROPERTY DAMAGE AND INJURY,2.,0 ,1 ,COLL. W/LIGHT SUPPORT/UTILITY POLE,OTHER,NONE,DAYLIGHT,SNOW,SNOW/ICE
6836 ,34201611,MONROE,Brighton,,252 43011047,Y,43.0923175,-77.679104,01/02/2012,10:37 PM,PROPERTY DAMAGE AND INJURY,1.,0 ,2 ,COLLISION WITH MOTOR VEHICLE,LEFT TURN (AGAINST OTHER CAR),TRAFFIC SIGNAL,DARK-ROAD LIGHTED,SNOW,SNOW/ICE
6836 ,34201627,MONROE,Brighton,,64 43021,Y,43.124068,-77.5483301,02/12/2012,11:18 AM,PROPERTY DAMAGE AND INJURY,1.,0 ,2 ,COLLISION WITH MOTOR VEHICLE,REAR END,NONE,DAYLIGHT,SNOW,SNOW/ICE
6836 ,34201630,MONROE,Gates,,,N,43.1460694,-77.6910056,02/12/2012,10:40 AM,PROPERTY DAMAGE AND INJURY,1.,0 ,2 ,COLLISION WITH MOTOR VEHICLE,HEAD ON,NONE,DAYLIGHT,SNOW,SNOW/ICE
6836 ,34201632,MONROE,Gates,,33 43031108,Y,43.143098,-77.7360221,02/12/2012,10:46 AM,INJURY,1.,0 ,2 ,COLLISION WITH MOTOR VEHICLE,REAR END,TRAFFIC SIGNAL,DAYLIGHT,SNOW,SNOW/ICE
6836 ,34201636,MONROE,Brighton,,,Y,43.116701,-77.548045,02/12/2012,10:41 AM,PROPERTY DAMAGE AND INJURY,1.,0 ,3 ,COLLISION WITH MOTOR VEHICLE,OTHER,TRAFFIC SIGNAL,DAYLIGHT,SNOW,SNOW/ICE
6836 ,34202056,MONROE,Greece,,,N,43.2090976,-77.6904253,01/12/2012,9:21 PM,PROPERTY DAMAGE AND INJURY,1.,0 ,2 ,COLLISION WITH MOTOR VEHICLE,RIGHT ANGLE,NONE,DARK-ROAD LIGHTED,RAIN,WET
6836 ,34202188,MONROE,Rochester,,,Y,43.16683,-77.6179729,02/07/2012,12:30 PM,PROPERTY DAMAGE AND INJURY,1.,0 ,2 ,COLLISION WITH MOTOR VEHICLE,REAR END,TRAFFIC SIGNAL,DAYLIGHT,CLEAR,DRY
6836 ,34202347,MONROE,Sweden,,19 43041042,N,43.1928476,-77.9440299,01/17/2012,9:53 AM,PROPERTY DAMAGE AND INJURY,1.,0 ,1 ,COLLISION WITH OTHER FIXED OBJECT,OTHER,NONE,DAYLIGHT,RAIN,WET
6836 ,34202431,MONROE,Rochester,,,Y,43.142738,-77.616181,01/16/2012,5:48 PM,INJURY,2.,0 ,2 ,COLLISION WITH MOTOR VEHICLE,RIGHT ANGLE,TRAFFIC SIGNAL,DARK-ROAD LIGHTED,CLOUDY,WET
6836 ,34202888,MONROE,Scottsville,,383 43011066,Y,43.02223,-77.748113,01/15/2012,11:27 PM,PROPERTY DAMAGE AND INJURY,1.,0 ,1 ,COLLISION WITH TREE,OTHER,NONE,DARK-ROAD LIGHTED,CLEAR,DRY
6836 ,34203113,MONROE,Rochester,,940T43011003,N,43.1566999,-77.6190524,01/16/2012,6:36 PM,PROPERTY DAMAGE AND INJURY,1.,0 ,1 ,COLLISION WITH GUIDE RAIL,OTHER,NONE,DARK-ROAD LIGHTED,SNOW,WET
6836 ,34203136,MONROE,Rochester,,,Y,43.146504,-77.593621,01/16/2012,9:54 PM,INJURY,1.,0 ,1 ,COLLISION WITH PEDESTRIAN,OTHER,NONE,DARK-ROAD LIGHTED,RAIN,WET
6836 ,34203437,MONROE,Rochester,,,Y,43.1602626,-77.5699231,02/10/2012,9:45 PM,INJURY,1.,0 ,1 ,COLLISION WITH PEDESTRIAN,OTHER,NONE,DARK-ROAD LIGHTED,SNOW,WET
6836 ,34203440,MONROE,Rochester,,,N,43.170882,-77.6015462,02/11/2012,5:11 PM,PROPERTY DAMAGE AND INJURY,5.,0 ,2 ,COLLISION WITH MOTOR VEHICLE,RIGHT ANGLE,NONE,DUSK,SNOW,SNOW/ICE
6836 ,34203446,MONROE,Rochester,,,Y,43.158259,-77.592753,02/11/2012,2:45 PM,PROPERTY DAMAGE AND INJURY,1.,0 ,2 ,COLLISION WITH MOTOR VEHICLE,RIGHT ANGLE,TRAFFIC SIGNAL,DAYLIGHT,SNOW,WET
6836 ,34203448,MONROE,Greece,,104 43031128,Y,43.217407,-77.752683,02/01/2012,5:42 PM,INJURY,2.,0 ,2 ,COLLISION WITH MOTOR VEHICLE,LEFT TURN (AGAINST OTHER CAR),TRAFFIC SIGNAL,DUSK,CLEAR,DRY
6836 ,34203452,MONROE,Rochester,,,Y,43.121583,-77.618928,02/12/2012,12:09 AM,INJURY,2.,0 ,2 ,COLLISION WITH MOTOR VEHICLE,REAR END,TRAFFIC SIGNAL,DARK-ROAD LIGHTED,SNOW,SNOW/ICE
6836 ,34203454,MONROE,Rochester,,,Y,43.190274,-77.629868,02/12/2012,9:39 PM,INJURY,1.,0 ,2 ,COLLISION WITH MOTOR VEHICLE,RIGHT ANGLE,STOP SIGN,DARK-ROAD LIGHTED,SNOW,SNOW/ICE
6836 ,34203889,MONROE,Chili,,383 43011085,N,43.0489467,-77.725275,02/13/2012,2:50 AM,PROPERTY DAMAGE AND INJURY,1.,0 ,1 ,COLL. W/LIGHT SUPPORT/UTILITY POLE,OTHER,NONE,DARK-ROAD UNLIGHTED,CLOUDY,SNOW/ICE
6836 ,34203905,MONROE,Scottsville,,253 43011001,N,43.0281259,-77.7413238,02/11/2012,1:53 PM,PROPERTY DAMAGE AND INJURY,1.,0 ,1 ,COLLISION WITH SIGN POST,OTHER,NONE,DAYLIGHT,SNOW,SNOW/ICE
6836 ,34203909,MONROE,Rush,,,N,42.997508,-77.7047151,02/11/2012,5:35 PM,PROPERTY DAMAGE AND INJURY,1.,0 ,1 ,RAN OFF ROAD ONLY,OTHER,NONE,DUSK,CLEAR,SNOW/ICE
6836 ,34203915,MONROE,Gates,,490I43021148,N,43.1388873,-77.717401,02/07/2012,2:41 PM,PROPERTY DAMAGE AND INJURY,1.,0 ,2 ,COLLISION WITH MOTOR VEHICLE,REAR END,NONE,DAYLIGHT,SNOW,WET
6836 ,34203920,MONROE,Parma,,104 43031083,N,43.2223557,-77.8407235,02/11/2012,3:10 PM,INJURY,2.,0 ,1 ,COLLISION WITH TREE,OTHER,NONE,DAYLIGHT,SNOW,SNOW/ICE
6836 ,34203941,MONROE,Brighton,,31 43033023,N,43.1106276,-77.5471895,02/13/2012,12:48 PM,PROPERTY DAMAGE AND INJURY,1.,0 ,2 ,COLLISION WITH MOTOR VEHICLE,OVERTAKING,NONE,DAYLIGHT,CLEAR,WET
6836 ,34203943,MONROE,Brighton,,15 43031124,N,43.1112133,-77.6241888,02/13/2012,2:35 PM,INJURY,1.,0 ,2 ,COLLISION WITH MOTOR VEHICLE,REAR END,NONE,DAYLIGHT,CLEAR,WET
6836 ,34204512,MONROE,Henrietta,,,N,43.0251233,-77.6307803,02/12/2012,8:31 AM,PROPERTY DAMAGE AND INJURY,1.,0 ,2 ,COLLISION WITH MOTOR VEHICLE,RIGHT ANGLE,NONE,DAYLIGHT,SNOW,SNOW/ICE
6836 ,34204513,MONROE,Brighton,,,N,43.1377645,-77.5278029,02/14/2012,7:55 AM,INJURY,1.,0 ,2 ,COLLISION WITH MOTOR VEHICLE,REAR END,NONE,DAYLIGHT,CLOUDY,DRY
6836 ,34204540,MONROE,Gates,,,Y,43.177012,-77.7015781,02/12/2012,3:05 PM,PROPERTY DAMAGE AND INJURY,2.,0 ,2 ,COLLISION WITH MOTOR VEHICLE,RIGHT ANGLE,NONE,DAYLIGHT,CLOUDY,SNOW/ICE
6836 ,34204558,MONROE,Henrietta,,,N,43.0449473,-77.6685576,02/13/2012,8:14 AM,PROPERTY DAMAGE AND INJURY,1.,0 ,2 ,COLLISION WITH MOTOR VEHICLE,OVERTAKING,NONE,DAYLIGHT,CLEAR,WET