QUERYID,CASE #,REGN_CNTY_CDE,Municipality,MUNITYPE,REF_MRKR,ATINTERSECTION_IND,Lat,Long,,Time,Crash Type,Injuries,Fatalities,Number of Vehicles,ACCD_TYP,COLLISION_TYP,TRAF_CNTL,Light Condition,Weather Condition,Road Surface Condition
6836 ,34204598,MONROE,Greece,,,Y,43.209859,-77.6959401,02/13/2012,7:57 AM,PROPERTY DAMAGE AND INJURY,1.,0 ,2 ,COLLISION WITH MOTOR VEHICLE,RIGHT ANGLE,TRAFFIC SIGNAL,DAYLIGHT,CLEAR,WET
6836 ,34204627,MONROE,Henrietta,,,N,43.0660356,-77.6893671,02/12/2012,11:40 AM,PROPERTY DAMAGE AND INJURY,2.,0 ,2 ,COLLISION WITH MOTOR VEHICLE,HEAD ON,NO PASSING ZONE,DAYLIGHT,SNOW,SNOW/ICE
6836 ,34204647,MONROE,Parma,,,Y,43.288332,-77.762443,02/07/2012,2:33 PM,PROPERTY DAMAGE AND INJURY,1.,0 ,2 ,COLLISION WITH MOTOR VEHICLE,RIGHT ANGLE,STOP SIGN,DAYLIGHT,RAIN,WET
6836 ,34204746,MONROE,Greece,,,Y,43.236358,-77.634677,02/11/2012,2:45 PM,PROPERTY DAMAGE AND INJURY,2.,0 ,2 ,COLLISION WITH MOTOR VEHICLE,HEAD ON,NONE,DAYLIGHT,SNOW,SNOW/ICE
6836 ,34204759,MONROE,Rochester,,,Y,43.193912,-77.6598301,02/13/2012,5:22 PM,PROPERTY DAMAGE AND INJURY,2.,0 ,2 ,COLLISION WITH MOTOR VEHICLE,RIGHT ANGLE,TRAFFIC SIGNAL,DAYLIGHT,CLEAR,WET
6836 ,34204764,MONROE,Rochester,,18 43032012,Y,43.200455,-77.638723,02/09/2012,4:07 PM,INJURY,1.,0 ,2 ,COLLISION WITH MOTOR VEHICLE,LEFT TURN (AGAINST OTHER CAR),TRAFFIC SIGNAL,DAYLIGHT,CLOUDY,DRY
6836 ,34204785,MONROE,Greece,,,N,43.2433611,-77.6535428,02/11/2012,3:22 PM,PROPERTY DAMAGE AND INJURY,1.,0 ,2 ,COLLISION WITH MOTOR VEHICLE,SIDESWIPE,NONE,DAYLIGHT,SNOW,SNOW/ICE
6836 ,34204882,MONROE,Rochester,,,Y,43.15843,-77.615431,02/14/2012,8:31 AM,PROPERTY DAMAGE AND INJURY,5.,0 ,2 ,COLLISION WITH MOTOR VEHICLE,RIGHT ANGLE,TRAFFIC SIGNAL,DAYLIGHT,CLEAR,DRY
6836 ,34204961,MONROE,Greece,,,Y,43.186684,-77.753431,02/11/2012,1:29 PM,PROPERTY DAMAGE AND INJURY,2.,0 ,2 ,COLLISION WITH MOTOR VEHICLE,REAR END,NONE,DAYLIGHT,SNOW,SNOW/ICE
6836 ,34204988,MONROE,Rochester,,,Y,43.150263,-77.636096,02/13/2012,5:05 PM,INJURY,1.,0 ,2 ,COLLISION WITH MOTOR VEHICLE,OVERTAKING,TRAFFIC SIGNAL,DAYLIGHT,CLEAR,WET
6836 ,34205356,MONROE,Rochester,,,Y,43.162051,-77.5835919,02/11/2012,12:41 PM,PROPERTY DAMAGE AND INJURY,1.,0 ,1 ,COLL. W/LIGHT SUPPORT/UTILITY POLE,OTHER,TRAFFIC SIGNAL,DAYLIGHT,SNOW,SNOW/ICE
6836 ,34205811,MONROE,Irondequoit,,104 43033001,N,43.1956544,-77.5834615,02/11/2012,10:15 AM,PROPERTY DAMAGE AND INJURY,2.,0 ,3 ,COLLISION WITH MOTOR VEHICLE,OTHER,NONE,DAYLIGHT,SNOW,SNOW/ICE
6836 ,34205814,MONROE,Irondequoit,,590 43013003,N,43.1721478,-77.5399938,02/07/2012,7:45 AM,INJURY,1.,0 ,2 ,COLLISION WITH MOTOR VEHICLE,REAR END,NONE,DAYLIGHT,CLOUDY,DRY
6836 ,34205878,MONROE,Brighton,,390I43031133,N,43.1110466,-77.60115,02/11/2012,9:10 AM,PROPERTY DAMAGE AND INJURY,2.,0 ,1 ,COLLISION WITH GUIDE RAIL,OTHER,NONE,DAYLIGHT,SNOW,SNOW/ICE
6836 ,34205887,MONROE,Irondequoit,,104 43033002,N,43.1960188,-77.5800931,02/11/2012,10:30 AM,PROPERTY DAMAGE AND INJURY,1.,0 ,2 ,COLLISION WITH MOTOR VEHICLE,REAR END,NONE,DAYLIGHT,SNOW,SNOW/ICE
6836 ,34205889,MONROE,Greece,,390 43011043,N,43.2172085,-77.6748942,02/11/2012,12:20 PM,INJURY,1.,0 ,2 ,COLLISION WITH MOTOR VEHICLE,RIGHT TURN (WITH OTHER CAR),NONE,DAYLIGHT,SNOW,SNOW/ICE
6836 ,34205890,MONROE,Rochester,,940T43011012,N,43.1620078,-77.6008392,02/11/2012,7:30 AM,PROPERTY DAMAGE AND INJURY,1.,0 ,1 ,COLL. W/LIGHT SUPPORT/UTILITY POLE,OTHER,NONE,DAYLIGHT,SNOW,SNOW/ICE
6836 ,34206029,MONROE,Greece,,,N,43.223687,-77.6728764,02/14/2012,7:16 AM,PROPERTY DAMAGE AND INJURY,1.,0 ,2 ,COLLISION WITH MOTOR VEHICLE,REAR END,NONE,DAYLIGHT,CLOUDY,DRY
6836 ,34206182,MONROE,Irondequoit,,,N,43.1967078,-77.5768116,02/14/2012,10:48 AM,PROPERTY DAMAGE AND INJURY,1.,0 ,2 ,COLLISION WITH MOTOR VEHICLE,RIGHT ANGLE,TRAFFIC SIGNAL,DAYLIGHT,CLOUDY,DRY
6836 ,34206197,MONROE,Rochester,,940T43011001,N,43.1550693,-77.6205076,02/13/2012,3:20 PM,PROPERTY DAMAGE AND INJURY,2.,0 ,1 ,COLLISION WITH OTHER BARRIER,OTHER,NONE,DAYLIGHT,CLEAR,WET
6836 ,34206388,MONROE,Parma,,,N,43.2925438,-77.7765161,02/13/2012,11:30 AM,PROPERTY DAMAGE AND INJURY,1.,0 ,1 ,COLLISION WITH SIGN POST,OTHER,NONE,DAYLIGHT,CLEAR,DRY
6836 ,34206389,MONROE,Spencerport,,31 43031121,N,43.1816623,-77.8036737,02/14/2012,5:22 PM,PROPERTY DAMAGE AND INJURY,1.,0 ,2 ,COLLISION WITH MOTOR VEHICLE,RIGHT ANGLE,NONE,DUSK,CLOUDY,WET
6836 ,34206390,MONROE,Perinton,,,N,43.0939295,-77.4141949,02/14/2012,2:45 PM,PROPERTY DAMAGE AND INJURY,1.,0 ,1 ,COLLISION WITH SIGN POST,OTHER,NONE,DAYLIGHT,RAIN,WET
6836 ,34206404,MONROE,Gates,,,N,43.145271,-77.717974,02/11/2012,10:00 AM,PROPERTY DAMAGE AND INJURY,1.,0 ,1 ,COLL. W/LIGHT SUPPORT/UTILITY POLE,OTHER,NONE,DAYLIGHT,SNOW,SNOW/ICE
6836 ,34206406,MONROE,Penfield,,,N,43.1818953,-77.4294201,02/02/2012,9:15 AM,INJURY,1.,0 ,2 ,COLLISION WITH MOTOR VEHICLE,REAR END,NONE,DAYLIGHT,CLOUDY,WET
6836 ,34206408,MONROE,Chili,,390I43033002,N,43.1230368,-77.6492942,02/13/2012,9:00 AM,PROPERTY DAMAGE AND INJURY,1.,0 ,2 ,COLLISION WITH MOTOR VEHICLE,REAR END,NONE,DAYLIGHT,CLEAR,WET
6836 ,34206414,MONROE,Irondequoit,,,N,43.2097763,-77.6008947,02/15/2012,7:58 AM,PROPERTY DAMAGE AND INJURY,1.,0 ,2 ,COLLISION WITH MOTOR VEHICLE,LEFT TURN (WITH OTHER CAR),STOP SIGN,DAYLIGHT,CLOUDY,WET
6836 ,34206418,MONROE,Gates,,33 43031131,Y,43.149896,-77.690964,02/13/2012,12:35 PM,PROPERTY DAMAGE AND INJURY,1.,0 ,2 ,COLLISION WITH MOTOR VEHICLE,RIGHT ANGLE,TRAFFIC SIGNAL,DAYLIGHT,CLEAR,WET
6836 ,34206422,MONROE,Brighton,,360 43011000,N,43.1431824,-77.5472689,01/29/2012,10:01 PM,PROPERTY DAMAGE AND INJURY,1.,0 ,1 ,COLLISION WITH BUILDING/WALL,OTHER,NONE,DARK-ROAD LIGHTED,SNOW,SNOW/ICE
6836 ,34206429,MONROE,Pittsford,,64 43021043,Y,43.076528,-77.5223089,02/07/2012,2:33 AM,PROPERTY DAMAGE AND INJURY,1.,0 ,1 ,COLL. W/LIGHT SUPPORT/UTILITY POLE,OTHER,TRAFFIC SIGNAL,DARK-ROAD LIGHTED,CLEAR,DRY
6836 ,34206432,MONROE,Gates,,,N,43.1646998,-77.6864554,02/15/2012,6:29 AM,INJURY,1.,0 ,1 ,COLLISION WITH PEDESTRIAN,OTHER,NONE,DARK-ROAD LIGHTED,CLOUDY,WET
6836 ,34206467,MONROE,Gates,,390 43011004,N,43.1616457,-77.6828886,02/14/2012,6:54 AM,PROPERTY DAMAGE AND INJURY,1.,0 ,3 ,COLLISION WITH MOTOR VEHICLE,OTHER,NONE,DAYLIGHT,CLEAR,DRY
6836 ,34206469,MONROE,Rochester,,590I43012004,N,43.1429463,-77.5486205,02/11/2012,12:15 PM,PROPERTY DAMAGE AND INJURY,1.,0 ,1 ,COLLISION WITH GUIDE RAIL,OTHER,NONE,DAYLIGHT,SNOW,SNOW/ICE
6836 ,34206619,MONROE,Greece,,,N,43.1961274,-77.701407,02/15/2012,4:05 PM,PROPERTY DAMAGE AND INJURY,1.,0 ,2 ,COLLISION WITH MOTOR VEHICLE,OTHER,NONE,DAYLIGHT,CLOUDY,WET
6836 ,34206620,MONROE,Greece,,,Y,43.252901,-77.659233,02/15/2012,5:14 PM,INJURY,1.,0 ,2 ,COLLISION WITH MOTOR VEHICLE,REAR END,TRAFFIC SIGNAL,DARK-ROAD LIGHTED,CLOUDY,DRY
6836 ,34206847,MONROE,Rochester,,490I43022003,N,43.1576858,-77.6669114,02/15/2012,5:15 PM,PROPERTY DAMAGE AND INJURY,2.,0 ,2 ,COLLISION WITH MOTOR VEHICLE,REAR END,NONE,DAYLIGHT,CLEAR,DRY
6836 ,34206970,MONROE,Sweden,,,Y,43.197993,-77.8994651,02/14/2012,1:58 PM,INJURY,2.,0 ,2 ,COLLISION WITH MOTOR VEHICLE,RIGHT ANGLE,TRAFFIC SIGNAL,DAYLIGHT,CLOUDY,WET
6836 ,34207153,MONROE,Rochester,,490I43022007,N,43.1572487,-77.6599185,02/12/2012,6:00 AM,PROPERTY DAMAGE AND INJURY,1.,0 ,1 ,COLLISION WITH OTHER BARRIER,OTHER,NONE,DARK-ROAD LIGHTED,CLOUDY,SNOW/ICE
6836 ,34207166,MONROE,Rochester,,590I43012003,N,43.1427201,-77.5502941,02/12/2012,1:15 PM,PROPERTY DAMAGE AND INJURY,1.,0 ,2 ,COLLISION WITH MOTOR VEHICLE,RIGHT ANGLE,NONE,DAYLIGHT,SNOW,SLUSH
6836 ,34207249,MONROE,Rochester,,,Y,43.189023,-77.5842049,02/06/2012,9:05 AM,PROPERTY DAMAGE AND INJURY,1.,0 ,2 ,COLLISION WITH MOTOR VEHICLE,RIGHT ANGLE,STOP SIGN,DAYLIGHT,CLEAR,DRY
6836 ,34207251,MONROE,Rochester,,,Y,43.146615,-77.629002,02/17/2012,4:02 PM,PROPERTY DAMAGE AND INJURY,1.,0 ,2 ,COLLISION WITH MOTOR VEHICLE,RIGHT ANGLE,NONE,DAYLIGHT,SNOW,WET
6836 ,34207264,MONROE,Rochester,,,N,43.1736319,-77.5587668,02/16/2012,9:45 PM,PROPERTY DAMAGE AND INJURY,1.,0 ,2 ,COLLISION WITH MOTOR VEHICLE,RIGHT ANGLE,STOP SIGN,DARK-ROAD LIGHTED,CLOUDY,WET
6836 ,34207265,MONROE,Rochester,,,Y,43.145862,-77.5924981,02/08/2012,2:29 PM,PROPERTY DAMAGE AND INJURY,1.,0 ,2 ,COLLISION WITH MOTOR VEHICLE,LEFT TURN (AGAINST OTHER CAR),TRAFFIC SIGNAL,DAYLIGHT,CLOUDY,DRY
6836 ,34207289,MONROE,Rochester,,,Y,43.160142,-77.55383,02/17/2012,5:04 PM,INJURY,2.,0 ,2 ,COLLISION WITH MOTOR VEHICLE,LEFT TURN (AGAINST OTHER CAR),NONE,DUSK,SNOW,SNOW/ICE
6836 ,34207506,MONROE,Ogden,,,Y,43.164113,-77.8254701,02/16/2012,10:24 AM,PROPERTY DAMAGE AND INJURY,1.,0 ,2 ,COLLISION WITH MOTOR VEHICLE,RIGHT ANGLE,STOP SIGN,DAYLIGHT,RAIN,WET
6836 ,34207517,MONROE,Parma,,259 43011111,N,43.2519227,-77.7911293,02/11/2012,1:27 PM,PROPERTY DAMAGE AND INJURY,1.,0 ,1 ,COLL. W/LIGHT SUPPORT/UTILITY POLE,OTHER,NONE,DAYLIGHT,SNOW,SNOW/ICE
6836 ,34207519,MONROE,Parma,,,N,43.2441237,-77.7823569,02/11/2012,5:30 PM,PROPERTY DAMAGE AND INJURY,1.,0 ,1 ,COLLISION WITH TREE,OTHER,NONE,DARK-ROAD UNLIGHTED,CLEAR,SNOW/ICE
6836 ,34207521,MONROE,Mendon,,,Y,42.975564,-77.571988,02/17/2012,4:40 PM,PROPERTY DAMAGE AND INJURY,1.,0 ,1 ,COLL. W/EARTH ELE./ROCK CUT/DITCH,OTHER,NONE,DAYLIGHT,CLOUDY,WET
6836 ,34207529,MONROE,Rochester,,,N,43.171144,-77.5755546,02/14/2012,4:49 PM,INJURY,1.,0 ,1 ,COLLISION WITH PEDESTRIAN,OTHER,NONE,DUSK,RAIN,WET
6836 ,34207992,MONROE,Perinton,,,N,43.0910564,-77.4621391,02/16/2012,5:59 PM,PROPERTY DAMAGE AND INJURY,3.,0 ,3 ,COLLISION WITH MOTOR VEHICLE,OTHER,STOP SIGN,DARK-ROAD UNLIGHTED,CLOUDY,WET
6836 ,34207994,MONROE,Parma,,947A43021125,N,43.3336124,-77.7567309,02/20/2012,11:39 PM,PROPERTY DAMAGE AND INJURY,1.,0 ,2 ,COLLISION WITH MOTOR VEHICLE,SIDESWIPE,NONE,DARK-ROAD UNLIGHTED,CLEAR,DRY
6836 ,34207996,MONROE,Gates,,390 43011011,N,43.1683194,-77.6831853,02/12/2012,1:39 AM,PROPERTY DAMAGE AND INJURY,1.,0 ,1 ,COLL. W/LIGHT SUPPORT/UTILITY POLE,OTHER,NONE,DARK-ROAD LIGHTED,SNOW,SNOW/ICE
6836 ,34207999,MONROE,Pittsford,,490I43023053,N,43.084332,-77.491933,02/17/2012,3:55 PM,PROPERTY DAMAGE AND INJURY,1.,0 ,1 ,COLLISION WITH GUIDE RAIL,OTHER,NONE,DAYLIGHT,CLEAR,DRY
6836 ,34208002,MONROE,Rochester,,,Y,43.173944,-77.6292,02/04/2012,1:00 PM,INJURY,1.,0 ,1 ,COLLISION WITH PEDESTRIAN,OTHER,NONE,DAYLIGHT,CLEAR,DRY
6836 ,34208003,MONROE,Rochester,,,Y,43.1582454,-77.6068689,02/18/2012,9:45 AM,INJURY,1.,0 ,2 ,COLLISION WITH MOTOR VEHICLE,REAR END,TRAFFIC SIGNAL,DAYLIGHT,SNOW,SNOW/ICE
6836 ,34208194,MONROE,Rochester,,,Y,43.177727,-77.621663,02/19/2012,12:00 PM,PROPERTY DAMAGE AND INJURY,1.,0 ,2 ,COLLISION WITH MOTOR VEHICLE,RIGHT ANGLE,STOP SIGN,DAYLIGHT,CLOUDY,DRY
6836 ,34208207,MONROE,Henrietta,,15A43041119,N,43.0948235,-77.6117562,02/19/2012,11:29 PM,PROPERTY DAMAGE AND INJURY,5.,0 ,4 ,COLLISION WITH MOTOR VEHICLE,OTHER,NONE,DARK-ROAD LIGHTED,CLOUDY,DRY
6836 ,34208329,MONROE,Irondequoit,,104 43035202,N,43.1962603,-77.5554892,02/18/2012,7:48 AM,PROPERTY DAMAGE AND INJURY,1.,0 ,1 ,COLLISION WITH BRIDGE STRUCTURE,OTHER,NONE,DAYLIGHT,SNOW,SNOW/ICE
6836 ,34208391,MONROE,Rochester,,,Y,43.184645,-77.5839551,02/18/2012,8:37 AM,PROPERTY DAMAGE AND INJURY,1.,0 ,2 ,COLLISION WITH MOTOR VEHICLE,HEAD ON,NONE,DAYLIGHT,SNOW,SNOW/ICE
6836 ,34208500,MONROE,Sweden,,,Y,43.2195,-77.992419,02/11/2012,2:10 PM,PROPERTY DAMAGE AND INJURY,2.,0 ,2 ,COLLISION WITH MOTOR VEHICLE,HEAD ON,NONE,DAYLIGHT,SNOW,SNOW/ICE
6836 ,34209405,MONROE,Rochester,,,N,43.1523115,-77.6272656,02/17/2012,11:38 PM,PROPERTY DAMAGE AND INJURY,1.,0 ,2 ,COLLISION WITH MOTOR VEHICLE,REAR END,NONE,DARK-ROAD LIGHTED,CLOUDY,WET
6836 ,34209419,MONROE,Brighton,,,Y,43.131703,-77.590227,02/19/2012,2:51 AM,PROPERTY DAMAGE AND INJURY,1.,0 ,1 ,COLLISION WITH CURBING,OTHER,TRAFFIC SIGNAL,DARK-ROAD LIGHTED,CLOUDY,WET
6836 ,34209420,MONROE,Henrietta,,15 43031098,N,43.0726478,-77.6445744,02/18/2012,2:51 PM,PROPERTY DAMAGE AND INJURY,1.,0 ,2 ,COLLISION WITH MOTOR VEHICLE,LEFT TURN (AGAINST OTHER CAR),TRAFFIC SIGNAL,DAYLIGHT,CLOUDY,WET
6836 ,34209570,MONROE,Gates,,390 43011015,N,43.1789044,-77.6837549,02/11/2012,9:54 AM,PROPERTY DAMAGE AND INJURY,1.,0 ,1 ,COLLISION WITH GUIDE RAIL,OTHER,NONE,DAYLIGHT,SNOW,SNOW/ICE
6836 ,34210077,MONROE,Webster,,,N,43.2145259,-77.499635,02/18/2012,9:35 AM,PROPERTY DAMAGE AND INJURY,1.,0 ,1 ,COLLISION WITH TREE,OTHER,NONE,DAYLIGHT,SNOW,SNOW/ICE
6836 ,34210164,WAYNE,Macedon,,,Y,43.10894,-77.372973,02/11/2012,2:10 AM,INJURY,1.,0 ,1 ,COLLISION WITH SIGN POST,OTHER,STOP SIGN,DARK-ROAD UNLIGHTED,CLOUDY,DRY
6836 ,34210171,MONROE,Brighton,,15 43031115,N,43.094574,-77.6327924,02/22/2012,2:03 PM,PROPERTY DAMAGE AND INJURY,4.,0 ,2 ,COLLISION WITH MOTOR VEHICLE,RIGHT ANGLE,NONE,DAYLIGHT,CLOUDY,WET
6836 ,34210172,MONROE,Henrietta,,252 43011059,Y,43.092837,-77.6535161,02/21/2012,7:56 PM,PROPERTY DAMAGE AND INJURY,2.,0 ,2 ,COLLISION WITH MOTOR VEHICLE,HEAD ON,TRAFFIC SIGNAL,DARK-ROAD LIGHTED,CLOUDY,DRY
6836 ,34210178,MONROE,Chili,,383 43011142,N,43.1125581,-77.6704431,02/18/2012,4:37 PM,PROPERTY DAMAGE AND INJURY,5.,0 ,2 ,COLLISION WITH MOTOR VEHICLE,LEFT TURN (AGAINST OTHER CAR),NONE,DAYLIGHT,SNOW,WET
6836 ,34210184,MONROE,Irondequoit,,,Y,43.190845,-77.5764889,02/22/2012,2:00 PM,PROPERTY DAMAGE AND INJURY,1.,0 ,3 ,COLLISION WITH MOTOR VEHICLE,OTHER,NONE,DAYLIGHT,CLOUDY,DRY
6836 ,34210190,MONROE,Brockport,,,N,43.2164727,-77.9563329,02/15/2012,10:22 AM,PROPERTY DAMAGE AND INJURY,1.,0 ,2 ,COLLISION WITH MOTOR VEHICLE,RIGHT ANGLE,NONE,DAYLIGHT,CLOUDY,DRY
6836 ,34210194,MONROE,Perinton,,96 43051004,N,43.0367129,-77.4505906,02/22/2012,5:45 PM,PROPERTY DAMAGE AND INJURY,2.,0 ,2 ,COLLISION WITH MOTOR VEHICLE,RIGHT ANGLE,TRAFFIC SIGNAL,DAYLIGHT,RAIN,WET
6836 ,34210501,MONROE,Greece,,,Y,43.191963,-77.680173,02/17/2012,3:01 PM,INJURY,1.,0 ,2 ,COLLISION WITH MOTOR VEHICLE,REAR END,TRAFFIC SIGNAL,DAYLIGHT,CLOUDY,DRY
6836 ,34210504,MONROE,Greece,,,Y,43.205698,-77.670283,02/18/2012,3:20 PM,INJURY,2.,0 ,2 ,COLLISION WITH MOTOR VEHICLE,REAR END,TRAFFIC SIGNAL,DAYLIGHT,CLOUDY,WET
6836 ,34210512,MONROE,Greece,,,Y,43.270455,-77.631928,02/20/2012,4:20 PM,PROPERTY DAMAGE AND INJURY,2.,0 ,1 ,COLLISION WITH PEDESTRIAN,OTHER,NONE,DAYLIGHT,CLEAR,DRY
6836 ,34210514,MONROE,Greece,,,Y,43.205084,-77.66632,02/16/2012,10:08 AM,PROPERTY DAMAGE AND INJURY,1.,0 ,2 ,COLLISION WITH MOTOR VEHICLE,RIGHT ANGLE,TRAFFIC SIGNAL,DAYLIGHT,CLOUDY,WET
6836 ,34210528,MONROE,Rochester,,,Y,43.158252,-77.568818,02/18/2012,10:59 AM,INJURY,1.,0 ,1 ,OTHER NON-COLLISION,OTHER,STOP SIGN,DAYLIGHT,CLOUDY,SNOW/ICE
6836 ,34210536,MONROE,Rochester,,,Y,43.162125,-77.552618,02/22/2012,10:50 AM,PROPERTY DAMAGE AND INJURY,1.,0 ,2 ,COLLISION WITH MOTOR VEHICLE,REAR END,NONE,DAYLIGHT,CLEAR,DRY
6836 ,34211156,MONROE,Rochester,,490I43022004,N,43.1576674,-77.6652007,02/18/2012,8:00 AM,PROPERTY DAMAGE AND INJURY,1.,0 ,2 ,COLLISION WITH MOTOR VEHICLE,RIGHT ANGLE,NONE,DAYLIGHT,SNOW,SNOW/ICE
6836 ,34211236,MONROE,Ogden,,36 43031121,N,43.1424323,-77.8566693,02/24/2012,4:46 AM,PROPERTY DAMAGE AND INJURY,1.,0 ,1 ,COLL. W/EARTH ELE./ROCK CUT/DITCH,OTHER,NONE,DARK-ROAD UNLIGHTED,SNOW,WET
6836 ,34211272,MONROE,Wheatland,,,N,43.0041769,-77.7450971,02/22/2012,8:48 PM,INJURY,1.,0 ,2 ,COLLISION WITH MOTOR VEHICLE,REAR END,NONE,DARK-ROAD UNLIGHTED,SNOW,WET
6836 ,34211281,MONROE,Brighton,,,N,43.1123235,-77.6237014,02/11/2012,12:21 PM,PROPERTY DAMAGE AND INJURY,2.,0 ,2 ,COLLISION WITH OTHER BARRIER,UNKNOWN,NONE,DAYLIGHT,SNOW,SNOW/ICE
6836 ,34211290,MONROE,Pittsford,,490I43023021,N,43.1217571,-77.5198523,02/22/2012,11:00 PM,PROPERTY DAMAGE AND INJURY,1.,0 ,1 ,COLL. W/EARTH ELE./ROCK CUT/DITCH,OTHER,NONE,DARK-ROAD LIGHTED,SNOW,SNOW/ICE
6836 ,34211295,MONROE,Perinton,,490I43023058,N,43.0785726,-77.4852692,02/12/2012,12:08 PM,PROPERTY DAMAGE AND INJURY,1.,0 ,1 ,COLLISION WITH GUIDE RAIL,OTHER,NONE,DAYLIGHT,SNOW,SNOW/ICE
6836 ,34211420,MONROE,Rochester,,,Y,43.154112,-77.590747,02/22/2012,8:15 PM,PROPERTY DAMAGE AND INJURY,1.,0 ,1 ,COLLISION WITH BICYCLIST,OTHER,STOP SIGN,DARK-ROAD LIGHTED,SNOW,WET
6836 ,34211853,MONROE,Gates,,204 43011033,N,43.130851,-77.661195,02/25/2012,6:02 PM,PROPERTY DAMAGE AND INJURY,1.,0 ,2 ,COLLISION WITH MOTOR VEHICLE,RIGHT ANGLE,STOP SIGN,DAYLIGHT,CLOUDY,SNOW/ICE
6836 ,34211859,MONROE,Gates,,,Y,43.139152,-77.708589,02/25/2012,7:16 PM,INJURY,1.,0 ,3 ,COLLISION WITH MOTOR VEHICLE,OTHER,TRAFFIC SIGNAL,DARK-ROAD UNLIGHTED,CLEAR,SNOW/ICE
6836 ,34211872,MONROE,Ogden,,31 43031092,N,43.1883254,-77.8579957,02/25/2012,9:33 AM,PROPERTY DAMAGE AND INJURY,2.,0 ,2 ,COLLISION WITH MOTOR VEHICLE,RIGHT ANGLE,NO PASSING ZONE,DAYLIGHT,SNOW,SNOW/ICE
6836 ,34212070,MONROE,Rochester,,,Y,43.180938,-77.6394981,02/21/2012,7:05 PM,INJURY,1.,0 ,1 ,COLLISION WITH PEDESTRIAN,OTHER,TRAFFIC SIGNAL,DARK-ROAD LIGHTED,CLEAR,DRY
6836 ,34212081,MONROE,Rochester,,,N,43.193912,-77.6611168,02/23/2012,3:49 PM,PROPERTY DAMAGE AND INJURY,1.,0 ,3 ,COLLISION WITH MOTOR VEHICLE,OTHER,TRAFFIC SIGNAL,DAYLIGHT,CLOUDY,DRY
6836 ,34212084,MONROE,Rochester,,,Y,43.182222,-77.57598,02/21/2012,4:20 PM,INJURY,4.,0 ,2 ,COLLISION WITH MOTOR VEHICLE,REAR END,NONE,DAYLIGHT,RAIN,WET
6836 ,34212097,MONROE,Rochester,,,N,43.1472149,-77.6558043,02/26/2012,2:59 AM,PROPERTY DAMAGE AND INJURY,1.,0 ,2 ,COLLISION WITH MOTOR VEHICLE,HEAD ON,NONE,DARK-ROAD UNLIGHTED,CLEAR,SNOW/ICE
6836 ,34212456,MONROE,Chili,,252 43011046,N,43.0926497,-77.6809202,02/25/2012,3:03 PM,PROPERTY DAMAGE AND INJURY,2.,0 ,3 ,COLLISION WITH MOTOR VEHICLE,OTHER,TRAFFIC SIGNAL,DAYLIGHT,SNOW,WET
6836 ,34212457,MONROE,Gates,,,N,43.1793277,-77.7140118,02/25/2012,8:19 AM,INJURY,1.,0 ,1 ,COLL. W/EARTH ELE./ROCK CUT/DITCH,OTHER,NONE,DAYLIGHT,SNOW,SNOW/ICE
6836 ,34212465,MONROE,Ogden,,33 43031077,Y,43.126453,-77.789507,02/26/2012,1:48 PM,INJURY,1.,0 ,2 ,COLLISION WITH MOTOR VEHICLE,RIGHT TURN (AGAINST OTHER CAR),TRAFFIC SIGNAL,DAYLIGHT,CLOUDY,WET
6836 ,34212615,MONROE,Webster,,,Y,43.2051,-77.474622,01/04/2012,6:30 PM,PROPERTY DAMAGE AND INJURY,1.,0 ,2 ,COLLISION WITH MOTOR VEHICLE,REAR END,UNKNOWN,UNKNOWN,UNKNOWN,UNKNOWN
6836 ,34213165,MONROE,Rochester,,,Y,43.178496,-77.613505,12/08/2011,10:44 PM,PROPERTY DAMAGE AND INJURY,1.,0 ,3 ,COLLISION WITH MOTOR VEHICLE,OTHER,STOP SIGN,DARK-ROAD LIGHTED,CLEAR,DRY
6836 ,34213787,MONROE,Greece,,,Y,43.209859,-77.6959401,02/22/2012,12:35 PM,INJURY,1.,0 ,2 ,COLLISION WITH MOTOR VEHICLE,REAR END,TRAFFIC SIGNAL,DAYLIGHT,CLOUDY,WET
6836 ,34213789,MONROE,Greece,,,Y,43.238344,-77.650857,02/21/2012,3:48 PM,INJURY,1.,0 ,2 ,COLLISION WITH MOTOR VEHICLE,RIGHT ANGLE,STOP SIGN,DAYLIGHT,CLOUDY,DRY
6836 ,34214396,MONROE,Brighton,,,N,43.0951188,-77.6040077,02/27/2012,12:55 PM,INJURY,1.,0 ,2 ,COLLISION WITH MOTOR VEHICLE,REAR END,TRAFFIC SIGNAL,DAYLIGHT,CLEAR,DRY
6836 ,34214400,MONROE,Brighton,,,Y,43.111727,-77.623926,02/27/2012,6:16 PM,INJURY,1.,0 ,2 ,COLLISION WITH MOTOR VEHICLE,REAR END,TRAFFIC SIGNAL,DARK-ROAD LIGHTED,CLOUDY,DRY
6836 ,34214405,MONROE,Gates,,,N,43.1712095,-77.7092231,02/27/2012,12:25 PM,PROPERTY DAMAGE AND INJURY,4.,0 ,2 ,COLLISION WITH MOTOR VEHICLE,RIGHT ANGLE,NONE,DAYLIGHT,CLEAR,DRY
6836 ,34214416,MONROE,Gates,,33 43031126,Y,43.1497907,-77.7005665,02/25/2012,1:15 PM,PROPERTY DAMAGE AND INJURY,1.,0 ,2 ,COLLISION WITH MOTOR VEHICLE,RIGHT ANGLE,NONE,DAYLIGHT,CLOUDY,SNOW/ICE
6836 ,34214421,MONROE,Brighton,,390I43031151,N,43.1158462,-77.6321879,02/25/2012,10:45 AM,PROPERTY DAMAGE AND INJURY,2.,0 ,2 ,COLLISION WITH MOTOR VEHICLE,REAR END,NONE,DAYLIGHT,SNOW,SNOW/ICE