QUERYID,CASE #,REGN_CNTY_CDE,Municipality,MUNITYPE,REF_MRKR,ATINTERSECTION_IND,Lat,Long,,Time,Crash Type,Injuries,Fatalities,Number of Vehicles,ACCD_TYP,COLLISION_TYP,TRAF_CNTL,Light Condition,Weather Condition,Road Surface Condition
6836 ,34214465,MONROE,Rochester,,,Y,43.158525,-77.609683,02/27/2012,3:45 PM,INJURY,1.,0 ,2 ,COLLISION WITH MOTOR VEHICLE,OVERTAKING,NONE,DAYLIGHT,CLEAR,DRY
6836 ,34214466,MONROE,Rochester,,,Y,43.18008,-77.625152,02/24/2012,3:30 PM,PROPERTY DAMAGE AND INJURY,1.,0 ,2 ,COLLISION WITH MOTOR VEHICLE,LEFT TURN (AGAINST OTHER CAR),STOP SIGN,DAYLIGHT,RAIN,WET
6836 ,34214629,MONROE,Penfield,,250 43011083,N,43.1528758,-77.4337046,02/25/2012,3:24 PM,PROPERTY DAMAGE AND INJURY,1.,0 ,1 ,COLL. W/LIGHT SUPPORT/UTILITY POLE,OTHER,NONE,DAYLIGHT,SNOW,SNOW/ICE
6836 ,34214678,MONROE,Greece,,,Y,43.2165969,-77.665838,02/27/2012,8:41 AM,INJURY,2.,0 ,2 ,COLLISION WITH MOTOR VEHICLE,REAR END,NONE,DAYLIGHT,CLOUDY,DRY
6836 ,34214839,MONROE,Chili,,,N,43.116233,-77.7413007,02/21/2012,1:20 PM,PROPERTY DAMAGE AND INJURY,1.,0 ,1 ,COLLISION WITH TREE,OTHER,NONE,DAYLIGHT,CLEAR,DRY
6836 ,34214849,MONROE,Greece,,,Y,43.220617,-77.696821,02/26/2012,5:30 PM,PROPERTY DAMAGE AND INJURY,1.,0 ,3 ,COLLISION WITH MOTOR VEHICLE,OTHER,NONE,DAYLIGHT,CLEAR,DRY
6836 ,34214859,MONROE,Henrietta,,15 43031112,Y,43.0910064,-77.6346963,02/16/2012,1:04 PM,PROPERTY DAMAGE AND INJURY,1.,0 ,2 ,COLLISION WITH MOTOR VEHICLE,RIGHT ANGLE,NONE,DAYLIGHT,RAIN,WET
6836 ,34214860,MONROE,Wheatland,,251 43011120,N,43.005367,-77.7453993,02/25/2012,4:46 PM,PROPERTY DAMAGE AND INJURY,3.,0 ,2 ,COLLISION WITH MOTOR VEHICLE,RIGHT ANGLE,STOP SIGN,DAYLIGHT,CLOUDY,DRY
6836 ,34214872,MONROE,Perinton,,,Y,43.109703,-77.4633419,02/25/2012,7:12 PM,PROPERTY DAMAGE AND INJURY,1.,0 ,2 ,COLLISION WITH MOTOR VEHICLE,HEAD ON,TRAFFIC SIGNAL,DARK-ROAD LIGHTED,SNOW,SNOW/ICE
6836 ,34214964,MONROE,Rochester,,,Y,43.149965,-77.647525,02/05/2012,7:54 AM,PROPERTY DAMAGE AND INJURY,1.,0 ,2 ,COLLISION WITH MOTOR VEHICLE,REAR END,NONE,DAYLIGHT,CLEAR,DRY
6836 ,34215008,MONROE,Penfield,,441 43011032,N,43.1290068,-77.4798206,02/24/2012,6:42 PM,PROPERTY DAMAGE AND INJURY,1.,0 ,2 ,COLLISION WITH MOTOR VEHICLE,RIGHT ANGLE,STOP SIGN,DARK-ROAD LIGHTED,RAIN,WET
6836 ,34215076,MONROE,Gates,,,Y,43.164701,-77.6887711,02/28/2012,3:09 PM,PROPERTY DAMAGE AND INJURY,1.,0 ,2 ,COLLISION WITH MOTOR VEHICLE,LEFT TURN (AGAINST OTHER CAR),STOP SIGN,DAYLIGHT,CLOUDY,DRY
6836 ,34215084,MONROE,Rochester,,31 43032038,N,43.1545392,-77.6079397,02/24/2012,2:17 PM,PROPERTY DAMAGE AND INJURY,1.,0 ,3 ,COLLISION WITH MOTOR VEHICLE,OTHER,TRAFFIC SIGNAL,DAYLIGHT,RAIN,WET
6836 ,34215118,MONROE,Ogden,,531 43012028,N,43.1780091,-77.7998608,02/17/2012,9:45 AM,PROPERTY DAMAGE AND INJURY,1.,0 ,1 ,COLLISION WITH GUIDE RAIL,OTHER,NONE,DAYLIGHT,CLEAR,DRY
6836 ,34215126,MONROE,Rochester,,,Y,43.164661,-77.6635711,02/27/2012,9:47 AM,PROPERTY DAMAGE AND INJURY,1.,0 ,2 ,COLLISION WITH MOTOR VEHICLE,LEFT TURN (WITH OTHER CAR),NONE,DAYLIGHT,CLOUDY,DRY
6836 ,34215165,MONROE,Rochester,,,N,43.1588886,-77.6160467,02/09/2012,9:20 AM,PROPERTY DAMAGE AND INJURY,1.,0 ,2 ,COLLISION WITH MOTOR VEHICLE,RIGHT ANGLE,TRAFFIC SIGNAL,DAYLIGHT,CLEAR,DRY
6836 ,34215187,MONROE,Pittsford,,252 43011022,Y,43.087355,-77.523101,02/24/2012,5:27 PM,INJURY,1.,0 ,2 ,COLLISION WITH MOTOR VEHICLE,REAR END,TRAFFIC SIGNAL,DAYLIGHT,CLOUDY,WET
6836 ,34215205,MONROE,Rochester,,,Y,43.159729,-77.566255,02/27/2012,7:10 PM,PROPERTY DAMAGE AND INJURY,1.,0 ,2 ,COLLISION WITH MOTOR VEHICLE,RIGHT ANGLE,TRAFFIC SIGNAL,DARK-ROAD LIGHTED,CLEAR,DRY
6836 ,34215267,MONROE,Rochester,,,Y,43.15858,-77.602487,02/28/2012,1:19 PM,PROPERTY DAMAGE AND INJURY,3.,0 ,2 ,COLLISION WITH MOTOR VEHICLE,REAR END,NONE,DAYLIGHT,CLEAR,DRY
6836 ,34215280,MONROE,Rochester,,,N,43.1703835,-77.62911,02/25/2012,6:09 PM,INJURY,2.,0 ,2 ,COLLISION WITH MOTOR VEHICLE,LEFT TURN (AGAINST OTHER CAR),NONE,DARK-ROAD LIGHTED,SNOW,SNOW/ICE
6836 ,34215799,MONROE,Rochester,,,N,43.1742878,-77.558415,01/24/2012,9:21 AM,PROPERTY DAMAGE AND INJURY,1.,0 ,1 ,COLLISION WITH CURBING,OTHER,NONE,DAYLIGHT,CLOUDY,WET
6836 ,34216485,MONROE,Rochester,,,Y,43.143449,-77.588294,01/15/2012,8:48 AM,INJURY,1.,0 ,2 ,COLLISION WITH MOTOR VEHICLE,REAR END,NONE,DAYLIGHT,CLEAR,WET
6836 ,34216515,MONROE,Greece,,,N,43.2009136,-77.7123677,01/13/2012,8:54 AM,PROPERTY DAMAGE AND INJURY,2.,0 ,2 ,COLLISION WITH MOTOR VEHICLE,HEAD ON,NONE,DAYLIGHT,SNOW,SNOW/ICE
6836 ,34216535,MONROE,Rochester,,,Y,43.145862,-77.5924981,01/18/2012,2:16 PM,INJURY,1.,0 ,1 ,COLLISION WITH PEDESTRIAN,OTHER,TRAFFIC SIGNAL,DAYLIGHT,CLOUDY,DRY
6836 ,34216536,MONROE,Rochester,,,N,43.1566443,-77.6086912,01/17/2012,11:28 AM,INJURY,1.,0 ,2 ,COLLISION WITH MOTOR VEHICLE,REAR END,NONE,DAYLIGHT,RAIN,WET
6836 ,34216657,MONROE,Churchville,,33 43031027,N,43.1043631,-77.8839483,02/28/2012,5:37 PM,PROPERTY DAMAGE AND INJURY,1.,0 ,2 ,COLLISION WITH MOTOR VEHICLE,REAR END,NONE,DUSK,CLEAR,DRY
6836 ,34216990,MONROE,Greece,,104 43031153,Y,43.210213,-77.704505,02/12/2012,2:58 AM,INJURY,1.,0 ,1 ,COLLISION WITH MEDIAN/BARRIER,OTHER,NONE,DARK-ROAD LIGHTED,SNOW,SNOW/ICE
6836 ,34217277,MONROE,Greece,,,N,43.2071608,-77.678624,02/26/2012,5:18 PM,INJURY,1.,0 ,2 ,COLLISION WITH MOTOR VEHICLE,REAR END,TRAFFIC SIGNAL,DAYLIGHT,CLOUDY,DRY
6836 ,34217281,MONROE,Greece,,,Y,43.239005,-77.733355,02/20/2012,11:35 PM,PROPERTY DAMAGE AND INJURY,1.,0 ,1 ,COLLISION WITH TREE,OTHER,STOP SIGN,DARK-ROAD LIGHTED,CLEAR,DRY
6836 ,34217870,MONROE,Rochester,,490I43022027,N,43.1561498,-77.6213706,02/25/2012,8:30 AM,PROPERTY DAMAGE AND INJURY,1.,0 ,2 ,COLLISION WITH MOTOR VEHICLE,OVERTAKING,NONE,DAYLIGHT,SNOW,SNOW/ICE
6836 ,34217972,MONROE,Henrietta,,15A43041100,N,43.0686772,-77.6077307,02/29/2012,3:20 PM,PROPERTY DAMAGE AND INJURY,1.,0 ,2 ,COLLISION WITH MOTOR VEHICLE,RIGHT ANGLE,TRAFFIC SIGNAL,DAYLIGHT,RAIN,WET
6836 ,34217980,MONROE,Chili,,,N,43.0938736,-77.6989776,02/28/2012,5:40 PM,INJURY,1.,0 ,2 ,COLLISION WITH MOTOR VEHICLE,REAR END,NONE,DAYLIGHT,CLOUDY,DRY
6836 ,34217990,MONROE,Penfield,,,N,43.1823992,-77.5076421,03/01/2012,6:30 PM,PROPERTY DAMAGE AND INJURY,1.,0 ,3 ,COLLISION WITH MOTOR VEHICLE,OTHER,NO PASSING ZONE,DARK-ROAD LIGHTED,RAIN,WET
6836 ,34217991,MONROE,Penfield,,441 43011053,N,43.1306297,-77.4389785,02/29/2012,1:55 PM,PROPERTY DAMAGE AND INJURY,1.,0 ,2 ,COLLISION WITH MOTOR VEHICLE,RIGHT ANGLE,NONE,DAYLIGHT,RAIN,WET
6836 ,34217997,MONROE,Irondequoit,,,Y,43.195358,-77.6067262,02/29/2012,6:15 PM,INJURY,1.,0 ,1 ,COLLISION WITH PEDESTRIAN,OTHER,NO PASSING ZONE,DARK-ROAD LIGHTED,RAIN,WET
6836 ,34218067,MONROE,Rochester,,,Y,43.235144,-77.6241519,02/13/2012,12:26 PM,PROPERTY DAMAGE AND INJURY,1.,0 ,2 ,COLLISION WITH MOTOR VEHICLE,REAR END,TRAFFIC SIGNAL,DAYLIGHT,CLEAR,WET
6836 ,34218079,MONROE,Rochester,,,N,43.193901,-77.6536823,02/17/2012,1:54 PM,PROPERTY DAMAGE AND INJURY,1.,0 ,1 ,COLL. W/LIGHT SUPPORT/UTILITY POLE,OTHER,NONE,DAYLIGHT,CLEAR,DRY
6836 ,34218083,MONROE,Rochester,,,Y,43.162139,-77.623063,02/28/2012,7:10 PM,PROPERTY DAMAGE AND INJURY,1.,0 ,2 ,COLLISION WITH MOTOR VEHICLE,RIGHT ANGLE,TRAFFIC SIGNAL,DARK-ROAD LIGHTED,CLEAR,DRY
6836 ,34218085,MONROE,Rochester,,,Y,43.164628,-77.638865,03/01/2012,2:48 PM,INJURY,1.,0 ,1 ,COLLISION WITH PEDESTRIAN,OTHER,TRAFFIC SIGNAL,DAYLIGHT,CLOUDY,DRY
6836 ,34218086,MONROE,Rochester,,15 43032004,Y,43.118685,-77.620417,02/29/2012,3:18 PM,PROPERTY DAMAGE AND INJURY,1.,0 ,2 ,COLLISION WITH MOTOR VEHICLE,LEFT TURN (WITH OTHER CAR),TRAFFIC SIGNAL,DAYLIGHT,RAIN,WET
6836 ,34218087,MONROE,Rochester,,,Y,43.1439574,-77.5748092,02/28/2012,8:18 AM,PROPERTY DAMAGE AND INJURY,1.,0 ,3 ,COLLISION WITH MOTOR VEHICLE,OTHER,TRAFFIC SIGNAL,DAYLIGHT,CLOUDY,DRY
6836 ,34218088,MONROE,Rochester,,,Y,43.149997,-77.637165,02/25/2012,1:10 PM,INJURY,1.,0 ,1 ,COLLISION WITH PEDESTRIAN,OTHER,OTHER,DAYLIGHT,SNOW,SNOW/ICE
6836 ,34218091,MONROE,Rochester,,,Y,43.146182,-77.602189,02/29/2012,3:54 PM,INJURY,1.,0 ,1 ,COLLISION WITH PEDESTRIAN,OTHER,TRAFFIC SIGNAL,DAYLIGHT,RAIN,WET
6836 ,34218092,MONROE,Rochester,,,Y,43.159358,-77.646836,02/22/2012,1:10 PM,PROPERTY DAMAGE AND INJURY,1.,0 ,2 ,COLLISION WITH MOTOR VEHICLE,RIGHT TURN (WITH OTHER CAR),STOP SIGN,DAYLIGHT,CLEAR,DRY
6836 ,34218098,MONROE,Rochester,,,N,43.1710561,-77.5785308,03/01/2012,10:19 PM,PROPERTY DAMAGE AND INJURY,1.,0 ,2 ,COLLISION WITH MOTOR VEHICLE,HEAD ON,NONE,DARK-ROAD LIGHTED,CLOUDY,DRY
6836 ,34218099,MONROE,Rochester,,,Y,43.159024,-77.623911,03/01/2012,4:21 PM,PROPERTY DAMAGE AND INJURY,1.,0 ,2 ,COLLISION WITH MOTOR VEHICLE,SIDESWIPE,STOP SIGN,DAYLIGHT,CLEAR,DRY
6836 ,34218101,MONROE,Rochester,,,Y,43.150386,-77.552591,02/19/2012,1:04 AM,PROPERTY DAMAGE AND INJURY,1.,0 ,1 ,COLLISION WITH BUILDING/WALL,OTHER,NONE,DARK-ROAD LIGHTED,CLEAR,WET
6836 ,34218127,MONROE,Rochester,,,Y,43.17756,-77.585664,03/01/2012,12:12 PM,PROPERTY DAMAGE AND INJURY,2.,0 ,2 ,COLLISION WITH MOTOR VEHICLE,RIGHT ANGLE,STOP SIGN,DAYLIGHT,CLOUDY,DRY
6836 ,34218137,MONROE,Rochester,,,N,43.1867044,-77.5840629,01/26/2012,3:16 PM,INJURY,2.,0 ,2 ,COLLISION WITH MOTOR VEHICLE,REAR END,NONE,DAYLIGHT,RAIN,WET
6836 ,34218165,MONROE,Gates,,,N,43.1307394,-77.6730773,01/16/2012,11:25 PM,INJURY,1.,0 ,2 ,COLLISION WITH MOTOR VEHICLE,REAR END,NONE,DARK-ROAD LIGHTED,RAIN,WET
6836 ,34218230,MONROE,Penfield,,,N,43.192524,-77.443228,02/22/2012,1:57 AM,FATAL,0.,1 ,1 ,COLL. W/LIGHT SUPPORT/UTILITY POLE,OTHER,NONE,DARK-ROAD UNLIGHTED,RAIN,WET
6836 ,34218233,MONROE,Riga,,,N,43.0846887,-77.8447966,12/08/2011,12:42 AM,FATAL,1.,1 ,2 ,COLLISION WITH OTHER FIXED OBJECT,OTHER,NONE,DARK-ROAD UNLIGHTED,CLEAR,DRY
6836 ,34218243,MONROE,Henrietta,,15 43031114,N,43.0889454,-77.6358133,12/17/2011,8:15 PM,PROPERTY DAMAGE AND INJURY,1.,0 ,3 ,COLLISION WITH MOTOR VEHICLE,OTHER,NONE,DARK-ROAD LIGHTED,CLOUDY,DRY
6836 ,34218845,MONROE,Penfield,,,N,43.1454169,-77.4880843,02/21/2012,11:20 AM,PROPERTY DAMAGE AND INJURY,1.,0 ,1 ,COLLISION WITH TREE,OTHER,NONE,DAYLIGHT,CLOUDY,DRY
6836 ,34218848,MONROE,Perinton,,,Y,43.049922,-77.4320259,02/25/2012,11:27 AM,PROPERTY DAMAGE AND INJURY,1.,0 ,1 ,COLLISION WITH TREE,OTHER,NONE,DAYLIGHT,SNOW,SNOW/ICE
6836 ,34218850,MONROE,Rush,,,N,42.9823468,-77.6343908,03/02/2012,10:50 AM,PROPERTY DAMAGE AND INJURY,1.,0 ,1 ,COLL. W/LIGHT SUPPORT/UTILITY POLE,OTHER,NONE,DAYLIGHT,CLEAR,DRY
6836 ,34218858,MONROE,Penfield,,,N,43.1898627,-77.5039119,02/14/2012,7:51 AM,PROPERTY DAMAGE AND INJURY,2.,0 ,2 ,COLLISION WITH MOTOR VEHICLE,LEFT TURN (AGAINST OTHER CAR),TRAFFIC SIGNAL,DAYLIGHT,CLOUDY,DRY
6836 ,34218863,MONROE,Pittsford,,,N,43.0909464,-77.5155937,02/18/2012,11:51 AM,INJURY,1.,0 ,2 ,COLLISION WITH MOTOR VEHICLE,REAR END,NONE,DAYLIGHT,CLOUDY,WET
6836 ,34218870,MONROE,Perinton,,96 43051025,N,43.0605668,-77.4755141,01/22/2012,11:08 AM,PROPERTY DAMAGE AND INJURY,1.,0 ,2 ,COLLISION WITH MOTOR VEHICLE,RIGHT ANGLE,TRAFFIC SIGNAL,DAYLIGHT,CLEAR,DRY
6836 ,34218877,MONROE,Perinton,,,N,43.1135177,-77.4698918,03/01/2012,6:20 AM,PROPERTY DAMAGE AND INJURY,1.,0 ,1 ,COLLISION WITH TREE,OTHER,NO PASSING ZONE,DARK-ROAD UNLIGHTED,RAIN,WET
6836 ,34218880,MONROE,Penfield,,,N,43.167691,-77.475015,02/07/2012,7:10 AM,PROPERTY DAMAGE AND INJURY,2.,0 ,2 ,COLLISION WITH MOTOR VEHICLE,RIGHT ANGLE,STOP SIGN,DAWN,CLOUDY,DRY
6836 ,34218884,MONROE,Greece,,386 43011004,N,43.1808745,-77.7320313,03/01/2012,12:03 PM,PROPERTY DAMAGE AND INJURY,2.,0 ,2 ,COLLISION WITH MOTOR VEHICLE,LEFT TURN (WITH OTHER CAR),NONE,DAYLIGHT,CLOUDY,DRY
6836 ,34218893,MONROE,Brighton,,,Y,43.10597,-77.618889,03/01/2012,5:24 PM,PROPERTY DAMAGE AND INJURY,1.,0 ,2 ,COLLISION WITH MOTOR VEHICLE,RIGHT ANGLE,NONE,DAYLIGHT,CLOUDY,DRY
6836 ,34218896,MONROE,Rochester,,,N,43.1452442,-77.6511726,02/21/2012,7:22 PM,PROPERTY DAMAGE AND INJURY,1.,0 ,3 ,COLLISION WITH MOTOR VEHICLE,OTHER,NONE,DARK-ROAD LIGHTED,CLEAR,DRY
6836 ,34218900,MONROE,Rochester,,,N,43.157224,-77.659553,03/01/2012,6:20 PM,PROPERTY DAMAGE AND INJURY,2.,0 ,2 ,COLLISION WITH MOTOR VEHICLE,RIGHT ANGLE,TRAFFIC SIGNAL,DARK-ROAD LIGHTED,RAIN,WET
6836 ,34218907,MONROE,Rochester,,,N,43.1793771,-77.6317202,02/28/2012,3:00 AM,PROPERTY DAMAGE AND INJURY,1.,0 ,2 ,COLLISION WITH MOTOR VEHICLE,REAR END,NONE,DARK-ROAD LIGHTED,CLOUDY,DRY
6836 ,34218910,MONROE,Rochester,,,N,43.1785922,-77.6078424,03/01/2012,2:00 PM,INJURY,2.,0 ,1 ,COLL. W/LIGHT SUPPORT/UTILITY POLE,OTHER,NONE,DAYLIGHT,CLEAR,DRY
6836 ,34219200,MONROE,Greece,,18 43031220,Y,43.231167,-77.64689,02/29/2012,8:47 PM,PROPERTY DAMAGE AND INJURY,2.,0 ,2 ,COLLISION WITH MOTOR VEHICLE,REAR END,TRAFFIC SIGNAL,DARK-ROAD LIGHTED,RAIN,WET
6836 ,34219462,MONROE,Parma,,,N,43.2587901,-77.7908591,03/01/2012,12:12 PM,PROPERTY DAMAGE AND INJURY,1.,0 ,2 ,COLLISION WITH MOTOR VEHICLE,RIGHT ANGLE,STOP SIGN,DAYLIGHT,CLOUDY,DRY
6836 ,34219464,MONROE,Gates,,,N,43.1647,-77.683045,03/01/2012,5:35 PM,PROPERTY DAMAGE AND INJURY,1.,0 ,2 ,COLLISION WITH MOTOR VEHICLE,REAR END,TRAFFIC SIGNAL,DUSK,CLOUDY,DRY
6836 ,34219466,MONROE,Henrietta,,252 43011074,N,43.087145,-77.6259534,03/03/2012,2:33 PM,INJURY,2.,0 ,2 ,COLLISION WITH MOTOR VEHICLE,RIGHT ANGLE,NONE,DAYLIGHT,CLEAR,DRY
6836 ,34219469,MONROE,Henrietta,,15 43031088,N,43.0586898,-77.6520733,03/02/2012,5:45 PM,PROPERTY DAMAGE AND INJURY,2.,0 ,2 ,COLLISION WITH MOTOR VEHICLE,LEFT TURN (AGAINST OTHER CAR),TRAFFIC SIGNAL,DAYLIGHT,CLEAR,DRY
6836 ,34219474,MONROE,Sweden,,31 43031052,N,43.1983087,-77.9318835,03/01/2012,9:05 PM,PROPERTY DAMAGE AND INJURY,1.,0 ,2 ,COLLISION WITH MOTOR VEHICLE,RIGHT ANGLE,STOP SIGN,DARK-ROAD LIGHTED,CLOUDY,WET
6836 ,34220618,MONROE,Greece,,18 43031226,Y,43.223233,-77.641342,02/14/2012,3:30 PM,PROPERTY DAMAGE AND INJURY,1.,0 ,2 ,COLLISION WITH MOTOR VEHICLE,REAR END,TRAFFIC SIGNAL,DAYLIGHT,CLEAR,DRY
6836 ,34220936,MONROE,Gates,,,N,43.1496903,-77.6909663,03/03/2012,11:40 AM,PROPERTY DAMAGE AND INJURY,2.,0 ,2 ,COLLISION WITH MOTOR VEHICLE,HEAD ON,NONE,DAYLIGHT,CLOUDY,DRY
6836 ,34220940,MONROE,Brighton,,390I43031134,N,43.1113271,-77.6022788,03/04/2012,12:39 AM,PROPERTY DAMAGE AND INJURY,1.,0 ,1 ,COLLISION WITH GUIDE RAIL,OTHER,NONE,DARK-ROAD LIGHTED,SNOW,SNOW/ICE
6836 ,34220948,MONROE,Brighton,,,N,43.1055132,-77.6010578,03/04/2012,2:10 AM,PROPERTY DAMAGE AND INJURY,1.,0 ,1 ,COLLISION WITH GUIDE RAIL,OTHER,NONE,DARK-ROAD LIGHTED,SNOW,SNOW/ICE
6836 ,34220951,MONROE,Chili,,,Y,43.1128,-77.8035511,02/25/2012,4:32 PM,PROPERTY DAMAGE AND INJURY,1.,0 ,3 ,COLLISION WITH MOTOR VEHICLE,OTHER,NONE,DAYLIGHT,CLOUDY,SNOW/ICE
6836 ,34220952,MONROE,Scottsville,,,Y,43.01732,-77.760311,03/02/2012,2:22 AM,PROPERTY DAMAGE AND INJURY,1.,0 ,1 ,COLL. W/LIGHT SUPPORT/UTILITY POLE,OTHER,NONE,DARK-ROAD LIGHTED,CLOUDY,DRY
6836 ,34220955,MONROE,Brighton,,,N,43.149274,-77.5401499,03/04/2012,2:06 PM,PROPERTY DAMAGE AND INJURY,1.,0 ,2 ,COLLISION WITH MOTOR VEHICLE,OVERTAKING,TRAFFIC SIGNAL,DAYLIGHT,SNOW,WET
6836 ,34220958,MONROE,Gates,,,N,43.169248,-77.7009103,03/04/2012,2:16 PM,INJURY,2.,0 ,3 ,COLLISION WITH MOTOR VEHICLE,OTHER,NONE,DAYLIGHT,CLOUDY,DRY
6836 ,34221142,MONROE,Rochester,,,N,43.193912,-77.6592677,03/02/2012,5:02 PM,PROPERTY DAMAGE AND INJURY,1.,0 ,2 ,COLLISION WITH MOTOR VEHICLE,REAR END,NONE,DAYLIGHT,CLEAR,DRY
6836 ,34221148,MONROE,Rochester,,,Y,43.126365,-77.642696,03/02/2012,7:00 AM,PROPERTY DAMAGE AND INJURY,1.,0 ,3 ,COLLISION WITH MOTOR VEHICLE,OTHER,NONE,DAYLIGHT,CLEAR,DRY
6836 ,34221153,MONROE,Rochester,,,Y,43.147246,-77.605812,03/03/2012,6:26 PM,INJURY,1.,0 ,2 ,COLLISION WITH MOTOR VEHICLE,RIGHT ANGLE,STOP SIGN,DARK-ROAD LIGHTED,CLOUDY,DRY
6836 ,34221157,MONROE,Rochester,,,Y,43.142684,-77.61608,03/01/2012,9:14 PM,PROPERTY DAMAGE AND INJURY,1.,0 ,2 ,COLLISION WITH MOTOR VEHICLE,LEFT TURN (WITH OTHER CAR),TRAFFIC SIGNAL,DARK-ROAD LIGHTED,CLEAR,DRY
6836 ,34221166,MONROE,Rochester,,,Y,43.1503906,-77.6308547,03/04/2012,3:42 AM,PROPERTY DAMAGE AND INJURY,1.,0 ,4 ,COLLISION WITH MOTOR VEHICLE,OTHER,NONE,DARK-ROAD LIGHTED,RAIN,WET
6836 ,34221176,MONROE,Rochester,,,N,43.191536,-77.6086891,02/25/2012,5:10 PM,PROPERTY DAMAGE AND INJURY,2.,0 ,2 ,COLLISION WITH MOTOR VEHICLE,RIGHT ANGLE,TRAFFIC SIGNAL,DAYLIGHT,CLOUDY,DRY
6836 ,34221177,MONROE,Rochester,,,Y,43.162498,-77.596964,02/29/2012,6:04 PM,PROPERTY DAMAGE AND INJURY,3.,0 ,2 ,COLLISION WITH MOTOR VEHICLE,RIGHT ANGLE,STOP SIGN,DARK-ROAD LIGHTED,RAIN,WET
6836 ,34221365,MONROE,Rochester,,,N,43.1188435,-77.6167535,03/05/2012,11:14 AM,FATAL,2.,1 ,1 ,COLLISION WITH TREE,OTHER,NONE,DAYLIGHT,CLEAR,DRY
6836 ,34221832,MONROE,Rochester,,,Y,43.147483,-77.644582,02/01/2012,11:10 AM,PROPERTY DAMAGE AND INJURY,1.,0 ,2 ,COLLISION WITH MOTOR VEHICLE,HEAD ON,NONE,DAYLIGHT,CLEAR,DRY
6836 ,34222006,MONROE,Rochester,,,N,43.161276,-77.5982859,02/16/2012,9:36 PM,PROPERTY DAMAGE AND INJURY,4.,0 ,3 ,COLLISION WITH MOTOR VEHICLE,OTHER,OTHER,DARK-ROAD LIGHTED,CLOUDY,WET
6836 ,34222056,MONROE,Rochester,,,N,43.1490855,-77.5975249,02/19/2012,1:20 AM,PROPERTY DAMAGE AND INJURY,1.,0 ,2 ,COLLISION WITH MOTOR VEHICLE,LEFT TURN (WITH OTHER CAR),NONE,DARK-ROAD LIGHTED,CLEAR,DRY
6836 ,34222492,MONROE,Rochester,,,N,43.1486844,-77.6024251,02/25/2012,12:10 PM,PROPERTY DAMAGE AND INJURY,1.,0 ,1 ,COLLISION WITH TREE,OTHER,NONE,DAYLIGHT,SNOW,WET
6836 ,34222577,MONROE,Sweden,,31A43021023,N,43.1983527,-77.9512362,02/12/2012,10:15 AM,PROPERTY DAMAGE AND INJURY,1.,0 ,1 ,COLL. W/EARTH ELE./ROCK CUT/DITCH,OTHER,NONE,DAYLIGHT,SNOW,SNOW/ICE
6836 ,34222582,MONROE,Brighton,,,N,43.110074,-77.6048878,03/04/2012,9:55 PM,PROPERTY DAMAGE AND INJURY,2.,0 ,1 ,RAN OFF ROAD ONLY,OTHER,NONE,DARK-ROAD LIGHTED,SNOW,SNOW/ICE
6836 ,34222584,MONROE,Brighton,,,N,43.126792,-77.5535041,03/05/2012,9:50 AM,INJURY,1.,0 ,2 ,COLLISION WITH MOTOR VEHICLE,REAR END,TRAFFIC SIGNAL,DAYLIGHT,CLOUDY,DRY
6836 ,34222585,MONROE,Greece,,390 43011026,N,43.1941159,-77.682625,02/25/2012,8:10 AM,PROPERTY DAMAGE AND INJURY,1.,0 ,2 ,COLLISION WITH MOTOR VEHICLE,RIGHT ANGLE,NONE,DAYLIGHT,SNOW,SNOW/ICE
6836 ,34222593,MONROE,Chili,,251 43011029,Y,43.107714,-77.745021,02/20/2012,1:38 PM,PROPERTY DAMAGE AND INJURY,5.,0 ,3 ,COLLISION WITH MOTOR VEHICLE,OTHER,TRAFFIC SIGNAL,DAYLIGHT,CLEAR,DRY
6836 ,34222700,MONROE,Rochester,,,Y,43.168341,-77.589298,03/02/2012,8:26 PM,PROPERTY DAMAGE AND INJURY,2.,0 ,2 ,COLLISION WITH MOTOR VEHICLE,RIGHT TURN (AGAINST OTHER CAR),TRAFFIC SIGNAL,DARK-ROAD LIGHTED,RAIN,WET
6836 ,34222701,MONROE,Rochester,,,Y,43.171514,-77.559902,03/05/2012,1:02 PM,PROPERTY DAMAGE AND INJURY,1.,0 ,2 ,COLLISION WITH MOTOR VEHICLE,LEFT TURN (AGAINST OTHER CAR),TRAFFIC SIGNAL,DAYLIGHT,CLEAR,DRY
6836 ,34222702,MONROE,Rochester,,,Y,43.176367,-77.5573561,02/28/2012,10:44 AM,INJURY,1.,0 ,2 ,COLLISION WITH MOTOR VEHICLE,OVERTAKING,TRAFFIC SIGNAL,DAYLIGHT,CLEAR,DRY
6836 ,34222879,MONROE,Greece,,,Y,43.205698,-77.670283,03/04/2012,5:10 PM,PROPERTY DAMAGE AND INJURY,1.,0 ,2 ,COLLISION WITH MOTOR VEHICLE,REAR END,TRAFFIC SIGNAL,DAYLIGHT,SNOW,WET
6836 ,34222881,MONROE,Greece,,18 43031215,Y,43.23834,-77.646847,03/04/2012,7:45 PM,PROPERTY DAMAGE AND INJURY,2.,0 ,3 ,COLLISION WITH MOTOR VEHICLE,OTHER,TRAFFIC SIGNAL,DARK-ROAD LIGHTED,SNOW,WET
6836 ,34223166,MONROE,Rochester,,490I43022029,N,43.1552727,-77.6202592,03/04/2012,12:31 AM,PROPERTY DAMAGE AND INJURY,1.,0 ,1 ,COLLISION WITH MEDIAN/BARRIER,OTHER,NONE,DARK-ROAD LIGHTED,CLOUDY,SNOW/ICE
6836 ,34223192,MONROE,Gates,,390I43037015,N,43.1478688,-77.676811,03/05/2012,5:40 PM,INJURY,1.,0 ,2 ,COLLISION WITH MOTOR VEHICLE,REAR END,NONE,DAYLIGHT,CLEAR,DRY