QUERYID,CASE #,REGN_CNTY_CDE,Municipality,MUNITYPE,REF_MRKR,ATINTERSECTION_IND,Lat,Long,,Time,Crash Type,Injuries,Fatalities,Number of Vehicles,ACCD_TYP,COLLISION_TYP,TRAF_CNTL,Light Condition,Weather Condition,Road Surface Condition
6836 ,34223286,MONROE,Chili,,,N,43.1230096,-77.6469158,03/06/2012,3:29 PM,INJURY,1.,0 ,2 ,COLLISION WITH MOTOR VEHICLE,REAR END,YIELD SIGN,DAYLIGHT,CLEAR,DRY
6836 ,34223297,MONROE,Ogden,,531 43012030,N,43.1776771,-77.7948127,03/06/2012,2:08 PM,INJURY,1.,0 ,1 ,RAN OFF ROAD ONLY,OTHER,NONE,DAYLIGHT,CLEAR,DRY
6836 ,34223305,MONROE,Gates,,390I43037007,N,43.1395109,-77.6680248,03/02/2012,2:24 PM,PROPERTY DAMAGE AND INJURY,1.,0 ,2 ,COLLISION WITH MOTOR VEHICLE,REAR END,NONE,DAYLIGHT,CLEAR,DRY
6836 ,34223321,MONROE,Rochester,,,Y,43.190374,-77.592036,03/05/2012,12:45 PM,INJURY,1.,0 ,2 ,COLLISION WITH MOTOR VEHICLE,REAR END,NONE,DAYLIGHT,CLOUDY,DRY
6836 ,34223332,MONROE,Rochester,,,N,43.1878897,-77.6211369,03/07/2012,12:28 AM,PROPERTY DAMAGE AND INJURY,1.,0 ,2 ,COLLISION WITH MOTOR VEHICLE,HEAD ON,NONE,DARK-ROAD LIGHTED,CLEAR,DRY
6836 ,34223335,MONROE,Rochester,,,N,43.1599386,-77.6595575,03/02/2012,2:48 AM,PROPERTY DAMAGE AND INJURY,1.,0 ,2 ,COLLISION WITH MOTOR VEHICLE,REAR END,NONE,DARK-ROAD LIGHTED,CLEAR,DRY
6836 ,34223339,MONROE,Rochester,,,Y,43.168532,-77.561507,03/01/2012,3:07 PM,INJURY,1.,0 ,1 ,COLLISION WITH BICYCLIST,OTHER,STOP SIGN,DAYLIGHT,CLEAR,DRY
6836 ,34223342,MONROE,Rochester,,,Y,43.187352,-77.659592,03/05/2012,6:14 PM,PROPERTY DAMAGE AND INJURY,1.,0 ,2 ,COLLISION WITH MOTOR VEHICLE,REAR END,TRAFFIC SIGNAL,DUSK,CLEAR,DRY
6836 ,34223343,MONROE,Rochester,,,N,43.1244063,-77.6233324,03/05/2012,10:45 PM,PROPERTY DAMAGE AND INJURY,1.,0 ,1 ,COLL. W/LIGHT SUPPORT/UTILITY POLE,OTHER,NONE,DARK-ROAD LIGHTED,CLEAR,DRY
6836 ,34223344,MONROE,Rochester,,,Y,43.182629,-77.610969,03/04/2012,2:18 AM,PROPERTY DAMAGE AND INJURY,1.,0 ,1 ,COLLISION WITH PEDESTRIAN,OTHER,NONE,DARK-ROAD LIGHTED,CLOUDY,WET
6836 ,34223663,MONROE,Rochester,,,Y,43.139879,-77.626033,02/23/2012,1:20 PM,PROPERTY DAMAGE AND INJURY,3.,0 ,2 ,COLLISION WITH MOTOR VEHICLE,RIGHT ANGLE,STOP SIGN,DAYLIGHT,CLEAR,DRY
6836 ,34223735,MONROE,Sweden,,31 43033054,N,43.1980991,-77.9093612,02/17/2012,7:59 AM,INJURY,1.,0 ,2 ,COLLISION WITH MOTOR VEHICLE,REAR END,NONE,DAYLIGHT,CLOUDY,WET
6836 ,34223739,MONROE,Gates,,490I43021154,N,43.145271,-77.717974,02/23/2012,6:47 AM,PROPERTY DAMAGE AND INJURY,2.,0 ,2 ,COLLISION WITH MOTOR VEHICLE,RIGHT ANGLE,NONE,DAWN,CLOUDY,WET
6836 ,34223743,MONROE,Chili,,383 43011127,N,43.0926593,-77.6809772,02/21/2012,8:04 AM,INJURY,2.,0 ,3 ,COLLISION WITH MOTOR VEHICLE,OTHER,TRAFFIC SIGNAL,DAYLIGHT,CLEAR,DRY
6836 ,34223747,MONROE,Rochester,,490I43022018,N,43.156692,-77.6386659,02/22/2012,9:40 PM,PROPERTY DAMAGE AND INJURY,2.,0 ,4 ,COLLISION WITH MEDIAN/BARRIER,OTHER,NONE,DARK-ROAD LIGHTED,SNOW,SLUSH
6836 ,34223758,MONROE,Gates,,390I43037003,N,43.1346982,-77.6639524,02/18/2012,7:45 AM,PROPERTY DAMAGE AND INJURY,1.,0 ,2 ,COLLISION WITH GUIDE RAIL,RIGHT ANGLE,NONE,DAYLIGHT,SNOW,SNOW/ICE
6836 ,34223762,MONROE,Sweden,,31A43021019,N,43.198345,-77.9592368,02/17/2012,8:49 AM,INJURY,1.,0 ,2 ,COLLISION WITH MOTOR VEHICLE,REAR END,NONE,DAYLIGHT,CLOUDY,WET
6836 ,34223763,MONROE,Chili,,,Y,43.125691,-77.710737,02/17/2012,6:43 PM,INJURY,1.,0 ,1 ,COLLISION WITH BICYCLIST,OTHER,TRAFFIC SIGNAL,DARK-ROAD LIGHTED,CLOUDY,WET
6836 ,34223774,MONROE,Gates,,,Y,43.140051,-77.666453,02/22/2012,1:57 PM,PROPERTY DAMAGE AND INJURY,2.,0 ,2 ,COLLISION WITH MOTOR VEHICLE,LEFT TURN (AGAINST OTHER CAR),TRAFFIC SIGNAL,DAYLIGHT,RAIN,WET
6836 ,34223775,MONROE,Gates,,33 43031120,N,43.1469818,-77.7115903,02/23/2012,11:14 AM,PROPERTY DAMAGE AND INJURY,1.,0 ,2 ,COLLISION WITH MOTOR VEHICLE,OVERTAKING,TRAFFIC SIGNAL,DAYLIGHT,CLOUDY,WET
6836 ,34224013,MONROE,Rochester,,,N,43.151891,-77.614168,01/12/2012,12:52 PM,PROPERTY DAMAGE AND INJURY,1.,0 ,2 ,COLLISION WITH MOTOR VEHICLE,RIGHT ANGLE,TRAFFIC SIGNAL,DAYLIGHT,RAIN,WET
6836 ,34224646,MONROE,Rochester,,490I43022024,N,43.157313,-77.6268249,02/24/2012,10:17 PM,PROPERTY DAMAGE AND INJURY,2.,0 ,2 ,COLLISION WITH MOTOR VEHICLE,OVERTAKING,NONE,DARK-ROAD LIGHTED,CLOUDY,DRY
6836 ,34224653,MONROE,Rochester,,104 43032026,N,43.1914536,-77.6134846,03/06/2012,5:00 PM,INJURY,1.,0 ,2 ,COLLISION WITH MOTOR VEHICLE,REAR END,NONE,DUSK,CLEAR,DRY
6836 ,34225039,MONROE,Rochester,,,N,43.1525078,-77.6178628,03/06/2012,7:06 AM,PROPERTY DAMAGE AND INJURY,1.,0 ,2 ,COLLISION WITH MOTOR VEHICLE,OVERTAKING,NONE,DAYLIGHT,CLEAR,DRY
6836 ,34225174,MONROE,Penfield,,,N,43.1251987,-77.5009746,03/06/2012,6:51 PM,PROPERTY DAMAGE AND INJURY,1.,0 ,2 ,COLLISION WITH MOTOR VEHICLE,REAR END,NONE,DARK-ROAD UNLIGHTED,CLEAR,DRY
6836 ,34225175,MONROE,Sweden,,,N,43.2001089,-77.967188,03/06/2012,2:23 PM,INJURY,1.,0 ,1 ,COLLISION WITH SIGN POST,OTHER,NONE,DAYLIGHT,CLEAR,DRY
6836 ,34225178,MONROE,Henrietta,,253 43011023,N,43.0412816,-77.7076122,03/05/2012,1:50 PM,PROPERTY DAMAGE AND INJURY,1.,0 ,1 ,COLLISION WITH CULVERT/HEADWALL,OTHER,NONE,DAYLIGHT,CLEAR,DRY
6836 ,34225188,MONROE,Pittsford,,,N,43.103199,-77.5387139,03/02/2012,7:50 PM,PROPERTY DAMAGE AND INJURY,1.,0 ,2 ,COLLISION WITH MOTOR VEHICLE,REAR END,TRAFFIC SIGNAL,DARK-ROAD LIGHTED,CLOUDY,DRY
6836 ,34225191,MONROE,Henrietta,,15 43031098,Y,43.072662,-77.644567,03/07/2012,11:17 AM,PROPERTY DAMAGE AND INJURY,1.,0 ,2 ,COLLISION WITH MOTOR VEHICLE,RIGHT ANGLE,TRAFFIC SIGNAL,DAYLIGHT,CLEAR,DRY
6836 ,34225206,MONROE,Brighton,,15 43031127,N,43.112116,-77.6237131,03/06/2012,10:53 AM,PROPERTY DAMAGE AND INJURY,2.,0 ,3 ,COLLISION WITH MOTOR VEHICLE,OTHER,TRAFFIC SIGNAL,DAYLIGHT,CLEAR,DRY
6836 ,34225227,MONROE,Rochester,,,Y,43.141729,-77.612856,03/05/2012,12:40 PM,PROPERTY DAMAGE AND INJURY,1.,0 ,3 ,COLLISION WITH MOTOR VEHICLE,OTHER,STOP SIGN,DAYLIGHT,CLEAR,DRY
6836 ,34225790,MONROE,Parma,,104 43031115,Y,43.218882,-77.77795,03/06/2012,8:10 AM,INJURY,3.,0 ,2 ,COLLISION WITH MOTOR VEHICLE,LEFT TURN (AGAINST OTHER CAR),TRAFFIC SIGNAL,DAYLIGHT,CLEAR,DRY
6836 ,34225796,MONROE,Brighton,,,N,43.108007,-77.615937,03/07/2012,11:47 AM,PROPERTY DAMAGE AND INJURY,2.,0 ,2 ,COLLISION WITH MOTOR VEHICLE,RIGHT ANGLE,TRAFFIC SIGNAL,DAYLIGHT,CLEAR,DRY
6836 ,34225797,MONROE,Brighton,,15A43041128,N,43.1077322,-77.6159259,03/08/2012,6:34 PM,PROPERTY DAMAGE AND INJURY,2.,0 ,2 ,COLLISION WITH MOTOR VEHICLE,RIGHT ANGLE,TRAFFIC SIGNAL,DAYLIGHT,RAIN,WET
6836 ,34225798,MONROE,Gates,,390 43011001,N,43.15759,-77.6791848,03/04/2012,12:30 AM,PROPERTY DAMAGE AND INJURY,2.,0 ,4 ,COLLISION WITH GUIDE RAIL,OTHER,NONE,DARK-ROAD LIGHTED,CLOUDY,SNOW/ICE
6836 ,34225873,MONROE,Rochester,,,N,43.1933634,-77.6592688,03/08/2012,4:07 PM,INJURY,2.,0 ,2 ,COLLISION WITH MOTOR VEHICLE,REAR END,NONE,DAYLIGHT,RAIN,WET
6836 ,34225874,MONROE,Rochester,,,N,43.1809364,-77.6398729,03/08/2012,5:30 PM,INJURY,1.,0 ,1 ,COLLISION WITH PEDESTRIAN,OTHER,NONE,DUSK,RAIN,WET
6836 ,34225875,MONROE,Rochester,,,N,43.1669637,-77.6020596,03/07/2012,7:00 PM,INJURY,1.,0 ,1 ,COLLISION WITH PEDESTRIAN,OTHER,NONE,DARK-ROAD LIGHTED,CLEAR,DRY
6836 ,34225880,MONROE,Rochester,,,N,43.2054557,-77.6386699,03/07/2012,5:44 PM,PROPERTY DAMAGE AND INJURY,1.,0 ,2 ,COLLISION WITH MOTOR VEHICLE,REAR END,NONE,DAYLIGHT,CLEAR,DRY
6836 ,34225884,MONROE,Rochester,,,Y,43.177792,-77.631154,03/06/2012,7:19 PM,INJURY,1.,0 ,1 ,COLLISION WITH PEDESTRIAN,OTHER,NONE,DARK-ROAD LIGHTED,CLEAR,DRY
6836 ,34226342,MONROE,Brighton,,,N,43.1105271,-77.5987419,03/04/2012,1:11 AM,PROPERTY DAMAGE AND INJURY,1.,0 ,2 ,COLLISION WITH MOTOR VEHICLE,RIGHT ANGLE,NONE,DARK-ROAD LIGHTED,CLOUDY,SNOW/ICE
6836 ,34226446,MONROE,Gates,,390 43011009,N,43.1692248,-77.682961,03/07/2012,10:50 AM,PROPERTY DAMAGE AND INJURY,1.,0 ,1 ,COLL. W/EARTH ELE./ROCK CUT/DITCH,OTHER,NONE,DAYLIGHT,CLEAR,DRY
6836 ,34226622,MONROE,Rochester,,15 43032027,Y,43.152875,-77.60479,02/16/2012,7:55 AM,PROPERTY DAMAGE AND INJURY,2.,0 ,3 ,COLLISION WITH MOTOR VEHICLE,OTHER,TRAFFIC SIGNAL,DAYLIGHT,RAIN,WET
6836 ,34226623,MONROE,Rochester,,,N,43.124634,-77.6175109,03/08/2012,9:29 PM,INJURY,1.,0 ,1 ,COLLISION WITH BICYCLIST,OTHER,NONE,DARK-ROAD LIGHTED,RAIN,WET
6836 ,34226663,MONROE,Greece,,,N,43.1855426,-77.7015241,03/05/2012,1:39 PM,PROPERTY DAMAGE AND INJURY,2.,0 ,2 ,COLLISION WITH MOTOR VEHICLE,LEFT TURN (AGAINST OTHER CAR),TRAFFIC SIGNAL,DAYLIGHT,CLEAR,DRY
6836 ,34226855,MONROE,Irondequoit,,,N,43.1781845,-77.5427004,03/09/2012,7:42 PM,PROPERTY DAMAGE AND INJURY,1.,0 ,1 ,OVERTURNED,OTHER,NONE,DARK-ROAD LIGHTED,CLOUDY,SNOW/ICE
6836 ,34226956,MONROE,Sweden,,31A43021009,N,43.1980853,-77.9792223,03/09/2012,10:50 AM,PROPERTY DAMAGE AND INJURY,1.,0 ,2 ,COLLISION WITH MOTOR VEHICLE,REAR END,NONE,DAYLIGHT,SNOW,SNOW/ICE
6836 ,34226957,MONROE,Henrietta,,,Y,43.078223,-77.628707,03/09/2012,3:50 PM,INJURY,1.,0 ,2 ,COLLISION WITH MOTOR VEHICLE,REAR END,NONE,DAYLIGHT,CLOUDY,WET
6836 ,34226960,MONROE,Henrietta,,,Y,43.0863512,-77.5787062,03/05/2012,3:22 PM,PROPERTY DAMAGE AND INJURY,1.,0 ,2 ,COLLISION WITH MOTOR VEHICLE,REAR END,NONE,DAYLIGHT,CLEAR,DRY
6836 ,34226961,MONROE,Penfield,,441 43011034,N,43.1297742,-77.4768644,03/07/2012,6:49 PM,PROPERTY DAMAGE AND INJURY,1.,0 ,2 ,COLLISION WITH MOTOR VEHICLE,REAR END,NONE,DARK-ROAD LIGHTED,CLEAR,DRY
6836 ,34226963,MONROE,Penfield,,,N,43.1331497,-77.4922756,03/09/2012,2:26 PM,PROPERTY DAMAGE AND INJURY,2.,0 ,2 ,COLLISION WITH MOTOR VEHICLE,RIGHT ANGLE,TRAFFIC SIGNAL,DAYLIGHT,CLOUDY,DRY
6836 ,34226964,MONROE,Perinton,,250 43011023,N,43.0684463,-77.4423772,03/09/2012,2:52 PM,PROPERTY DAMAGE AND INJURY,1.,0 ,2 ,COLLISION WITH MOTOR VEHICLE,REAR END,TRAFFIC SIGNAL,DAYLIGHT,SNOW,WET
6836 ,34226969,MONROE,Penfield,,441 43011031,N,43.1286507,-77.4826257,03/07/2012,3:40 PM,PROPERTY DAMAGE AND INJURY,2.,0 ,5 ,COLLISION WITH MOTOR VEHICLE,OTHER,NONE,DAYLIGHT,CLEAR,DRY
6836 ,34226972,MONROE,Hamlin,,18 43031070,Y,43.284242,-77.866895,03/09/2012,10:50 AM,PROPERTY DAMAGE AND INJURY,1.,0 ,2 ,COLLISION WITH MOTOR VEHICLE,REAR END,FLASHING LIGHT,DAYLIGHT,SNOW,SNOW/ICE
6836 ,34226978,MONROE,Chili,,252 43011038,N,43.0938388,-77.6970757,03/09/2012,5:57 PM,PROPERTY DAMAGE AND INJURY,2.,0 ,2 ,COLLISION WITH MOTOR VEHICLE,REAR END,TRAFFIC SIGNAL,DUSK,CLOUDY,DRY
6836 ,34226980,MONROE,Henrietta,,252 43011085,N,43.0871509,-77.606328,03/09/2012,8:04 PM,PROPERTY DAMAGE AND INJURY,1.,0 ,2 ,COLLISION WITH MOTOR VEHICLE,REAR END,TRAFFIC SIGNAL,DARK-ROAD LIGHTED,CLOUDY,DRY
6836 ,34226982,MONROE,Penfield,,441 43011043,N,43.1311681,-77.4593363,03/07/2012,6:06 PM,PROPERTY DAMAGE AND INJURY,1.,0 ,1 ,OVERTURNED,OTHER,NONE,DUSK,CLEAR,DRY
6836 ,34226988,MONROE,Rochester,,,N,43.1559882,-77.5939311,03/09/2012,10:28 PM,PROPERTY DAMAGE AND INJURY,1.,0 ,3 ,COLLISION WITH MOTOR VEHICLE,OTHER,NONE,DARK-ROAD LIGHTED,SNOW,WET
6836 ,34227336,MONROE,Rochester,,,Y,43.150245,-77.596909,02/02/2012,8:57 AM,PROPERTY DAMAGE AND INJURY,1.,0 ,4 ,COLLISION WITH MOTOR VEHICLE,OTHER,NONE,DAYLIGHT,CLOUDY,WET
6836 ,34227724,MONROE,Greece,,,N,43.2330228,-77.6459093,03/09/2012,5:35 PM,INJURY,1.,0 ,2 ,COLLISION WITH MOTOR VEHICLE,HEAD ON,NONE,DAYLIGHT,CLEAR,DRY
6836 ,34227725,MONROE,Greece,,104 43031129,N,43.2171895,-77.7510376,03/10/2012,11:20 AM,PROPERTY DAMAGE AND INJURY,3.,0 ,2 ,COLLISION WITH MOTOR VEHICLE,LEFT TURN (AGAINST OTHER CAR),TRAFFIC SIGNAL,DAYLIGHT,CLEAR,DRY
6836 ,34227732,MONROE,Greece,,,N,43.2045522,-77.6611534,03/08/2012,7:00 PM,PROPERTY DAMAGE AND INJURY,1.,0 ,2 ,COLLISION WITH MOTOR VEHICLE,REAR END,TRAFFIC SIGNAL,DARK-ROAD LIGHTED,RAIN,WET
6836 ,34227917,MONROE,Irondequoit,,,Y,43.209364,-77.613536,03/03/2012,4:55 AM,PROPERTY DAMAGE AND INJURY,1.,0 ,1 ,COLLISION WITH FIRE HYDRANT,OTHER,NONE,DARK-ROAD LIGHTED,CLOUDY,WET
6836 ,34227921,MONROE,Brighton,,,Y,43.12692,-77.549556,03/11/2012,12:51 PM,INJURY,1.,0 ,2 ,COLLISION WITH MOTOR VEHICLE,REAR END,NONE,DAYLIGHT,CLEAR,DRY
6836 ,34227923,MONROE,Sweden,,,N,43.2129619,-77.9684001,03/09/2012,3:13 PM,PROPERTY DAMAGE AND INJURY,1.,0 ,2 ,COLLISION WITH MOTOR VEHICLE,RIGHT ANGLE,STOP SIGN,DAYLIGHT,CLOUDY,DRY
6836 ,34227928,MONROE,Irondequoit,,,N,43.1966379,-77.5924123,03/02/2012,3:19 PM,INJURY,1.,0 ,2 ,COLLISION WITH MOTOR VEHICLE,LEFT TURN (AGAINST OTHER CAR),NONE,DAYLIGHT,CLOUDY,DRY
6836 ,34227931,MONROE,Sweden,,,Y,43.219804,-77.892124,03/09/2012,1:33 PM,INJURY,1.,0 ,2 ,COLLISION WITH MOTOR VEHICLE,REAR END,TRAFFIC SIGNAL,DAYLIGHT,CLOUDY,WET
6836 ,34228013,MONROE,Rochester,,,Y,43.20333,-77.6517,03/07/2012,10:31 AM,PROPERTY DAMAGE AND INJURY,1.,0 ,3 ,COLLISION WITH MOTOR VEHICLE,OTHER,TRAFFIC SIGNAL,DAYLIGHT,CLEAR,DRY
6836 ,34228015,MONROE,Rochester,,,N,43.21587,-77.6298454,03/09/2012,11:40 AM,PROPERTY DAMAGE AND INJURY,1.,0 ,2 ,COLLISION WITH MOTOR VEHICLE,REAR END,TRAFFIC SIGNAL,DAYLIGHT,CLOUDY,WET
6836 ,34228019,MONROE,Rochester,,,N,43.1620347,-77.583966,03/07/2012,11:20 AM,PROPERTY DAMAGE AND INJURY,2.,0 ,3 ,COLLISION WITH MOTOR VEHICLE,OTHER,TRAFFIC SIGNAL,DAYLIGHT,CLEAR,DRY
6836 ,34228605,MONROE,Penfield,,286 43011049,N,43.160297,-77.4498208,03/06/2012,5:05 PM,INJURY,1.,0 ,2 ,COLLISION WITH MOTOR VEHICLE,REAR END,TRAFFIC SIGNAL,DAYLIGHT,CLOUDY,DRY
6836 ,34228611,MONROE,Hamlin,,19 43041113,N,43.291062,-77.9208882,03/11/2012,3:58 PM,INJURY,1.,0 ,2 ,COLLISION WITH MOTOR VEHICLE,REAR END,NONE,DAYLIGHT,CLEAR,DRY
6836 ,34228612,MONROE,Brighton,,,N,43.107822,-77.615931,03/09/2012,7:33 AM,INJURY,1.,0 ,2 ,COLLISION WITH MOTOR VEHICLE,REAR END,NONE,DAYLIGHT,CLOUDY,DRY
6836 ,34228634,MONROE,Rochester,,104 43032008,N,43.2023814,-77.6443721,03/11/2012,11:54 PM,INJURY,1.,0 ,2 ,COLLISION WITH MOTOR VEHICLE,REAR END,TRAFFIC SIGNAL,DARK-ROAD LIGHTED,CLEAR,DRY
6836 ,34228967,MONROE,Greece,,104 43031171,N,43.205589,-77.6696055,03/13/2012,6:36 AM,PROPERTY DAMAGE AND INJURY,1.,0 ,2 ,COLLISION WITH MOTOR VEHICLE,REAR END,TRAFFIC SIGNAL,DARK-ROAD LIGHTED,RAIN,WET
6836 ,34229334,MONROE,Penfield,,,N,43.1907619,-77.5034412,03/09/2012,7:11 PM,PROPERTY DAMAGE AND INJURY,1.,0 ,3 ,COLLISION WITH MOTOR VEHICLE,OTHER,TRAFFIC SIGNAL,DARK-ROAD LIGHTED,SNOW,SNOW/ICE
6836 ,34229335,MONROE,Henrietta,,,Y,43.083215,-77.658802,02/16/2012,4:08 PM,PROPERTY DAMAGE AND INJURY,2.,0 ,2 ,COLLISION WITH MOTOR VEHICLE,RIGHT ANGLE,TRAFFIC SIGNAL,DAYLIGHT,CLOUDY,WET
6836 ,34229336,MONROE,Brighton,,15 43031002,Y,43.111727,-77.623926,03/12/2012,12:11 PM,INJURY,1.,0 ,2 ,COLLISION WITH MOTOR VEHICLE,REAR END,TRAFFIC SIGNAL,DAYLIGHT,CLEAR,DRY
6836 ,34229344,MONROE,Rochester,,,N,43.1900557,-77.6369986,03/12/2012,6:45 PM,INJURY,1.,0 ,1 ,COLLISION WITH PEDESTRIAN,OTHER,NONE,DUSK,CLEAR,DRY
6836 ,34229346,MONROE,Rochester,,,Y,43.173921,-77.680675,03/12/2012,3:01 PM,PROPERTY DAMAGE AND INJURY,1.,0 ,2 ,COLLISION WITH MOTOR VEHICLE,LEFT TURN (AGAINST OTHER CAR),TRAFFIC SIGNAL,DAYLIGHT,CLOUDY,DRY
6836 ,34229352,MONROE,Rochester,,,Y,43.1431068,-77.6360313,03/12/2012,3:00 PM,PROPERTY DAMAGE AND INJURY,3.,0 ,3 ,COLLISION WITH MOTOR VEHICLE,OTHER,NONE,DAYLIGHT,CLEAR,DRY
6836 ,34229354,MONROE,Rochester,,,N,43.1755624,-77.639456,03/11/2012,3:14 PM,INJURY,1.,0 ,1 ,COLLISION WITH PEDESTRIAN,OTHER,NONE,DAYLIGHT,CLEAR,DRY
6836 ,34229700,MONROE,Brighton,,286A43011002,N,43.149274,-77.5401499,03/14/2012,6:08 PM,PROPERTY DAMAGE AND INJURY,1.,0 ,3 ,COLLISION WITH MOTOR VEHICLE,OTHER,TRAFFIC SIGNAL,DAYLIGHT,CLEAR,DRY
6836 ,34229719,MONROE,Ogden,,,N,43.1604785,-77.754965,03/06/2012,11:25 PM,PROPERTY DAMAGE AND INJURY,1.,0 ,1 ,COLL. W/EARTH ELE./ROCK CUT/DITCH,OTHER,NONE,DARK-ROAD UNLIGHTED,CLEAR,DRY
6836 ,34229804,MONROE,Webster,,,Y,43.2146122,-77.4751816,03/09/2012,6:18 PM,PROPERTY DAMAGE AND INJURY,3.,0 ,2 ,COLLISION WITH MOTOR VEHICLE,REAR END,NONE,DARK-ROAD LIGHTED,CLOUDY,DRY
6836 ,34230653,MONROE,Rochester,,490I43022039,N,43.1477191,-77.6020791,03/08/2012,2:48 PM,PROPERTY DAMAGE AND INJURY,1.,0 ,1 ,COLLISION WITH OTHER BARRIER,OTHER,NONE,DAYLIGHT,RAIN,WET
6836 ,34230692,MONROE,Rochester,,,Y,43.1754076,-77.5988283,03/09/2012,7:44 AM,INJURY,1.,0 ,2 ,COLLISION WITH MOTOR VEHICLE,REAR END,TRAFFIC SIGNAL,DAYLIGHT,CLOUDY,DRY
6836 ,34230699,MONROE,Rochester,,,N,43.1563413,-77.6399222,03/13/2012,5:16 PM,INJURY,1.,0 ,1 ,COLLISION WITH BICYCLIST,OTHER,NONE,DAYLIGHT,CLEAR,DRY
6836 ,34230703,MONROE,Rochester,,,Y,43.164633,-77.646619,03/13/2012,10:02 AM,INJURY,1.,0 ,2 ,COLLISION WITH MOTOR VEHICLE,REAR END,TRAFFIC SIGNAL,DAYLIGHT,CLEAR,DRY
6836 ,34230708,MONROE,Rochester,,,N,43.185338,-77.5876142,03/14/2012,4:30 AM,PROPERTY DAMAGE AND INJURY,1.,0 ,1 ,COLLISION WITH TREE,OTHER,NONE,DARK-ROAD LIGHTED,CLEAR,DRY
6836 ,34230709,MONROE,Rochester,,,Y,43.177873,-77.558534,03/08/2012,1:24 PM,INJURY,1.,0 ,2 ,COLLISION WITH MOTOR VEHICLE,REAR END,NONE,DAYLIGHT,CLOUDY,DRY
6836 ,34230715,MONROE,Rochester,,,Y,43.187092,-77.591845,03/11/2012,1:03 PM,PROPERTY DAMAGE AND INJURY,1.,0 ,2 ,COLLISION WITH MOTOR VEHICLE,RIGHT ANGLE,TRAFFIC SIGNAL,DAYLIGHT,CLEAR,DRY
6836 ,34230720,MONROE,Rochester,,,Y,43.168395,-77.584669,03/13/2012,10:42 PM,INJURY,1.,0 ,1 ,COLLISION WITH BICYCLIST,OTHER,STOP SIGN,DARK-ROAD LIGHTED,CLEAR,DRY
6836 ,34230773,MONROE,Greece,,,Y,43.210148,-77.703386,03/07/2012,2:20 PM,INJURY,1.,0 ,2 ,COLLISION WITH MOTOR VEHICLE,REAR END,TRAFFIC SIGNAL,DAYLIGHT,CLOUDY,DRY
6836 ,34230774,MONROE,Greece,,,Y,43.209604,-77.6936011,03/11/2012,8:14 PM,INJURY,1.,0 ,1 ,COLLISION WITH PEDESTRIAN,OTHER,TRAFFIC SIGNAL,DARK-ROAD LIGHTED,CLOUDY,DRY
6836 ,34231066,MONROE,Henrietta,,,N,43.058833,-77.641785,03/12/2012,8:59 AM,INJURY,1.,0 ,2 ,COLLISION WITH MOTOR VEHICLE,REAR END,TRAFFIC SIGNAL,DAYLIGHT,CLEAR,DRY
6836 ,34231067,MONROE,Henrietta,,253 43011067,N,43.0589168,-77.6378182,03/14/2012,6:16 PM,INJURY,1.,0 ,1 ,COLL. W/LIGHT SUPPORT/UTILITY POLE,OTHER,NONE,DAYLIGHT,CLEAR,DRY
6836 ,34231068,MONROE,Henrietta,,15 43031095,N,43.068507,-77.6467509,03/15/2012,4:50 PM,PROPERTY DAMAGE AND INJURY,1.,0 ,2 ,COLLISION WITH MOTOR VEHICLE,REAR END,TRAFFIC SIGNAL,DAYLIGHT,CLEAR,DRY
6836 ,34231073,MONROE,Greece,,,Y,43.209274,-77.692383,03/14/2012,7:32 AM,PROPERTY DAMAGE AND INJURY,1.,0 ,2 ,COLLISION WITH MOTOR VEHICLE,REAR END,STOP SIGN,DAYLIGHT,CLEAR,DRY
6836 ,34231080,MONROE,Rochester,,,N,43.179324,-77.6339067,03/14/2012,4:06 PM,INJURY,1.,0 ,1 ,COLLISION WITH BICYCLIST,OTHER,NONE,DAYLIGHT,CLEAR,DRY
6836 ,34231081,MONROE,Rochester,,31 43032011,Y,43.164648,-77.654143,03/11/2012,6:27 PM,INJURY,1.,0 ,1 ,OVERTURNED,OTHER,TRAFFIC SIGNAL,DAYLIGHT,CLEAR,DRY
6836 ,34231229,MONROE,Rochester,,104 43032023,N,43.1922684,-77.6196714,03/03/2012,10:17 PM,PROPERTY DAMAGE AND INJURY,3.,0 ,1 ,COLLISION WITH GUIDERAIL - END,OTHER,NONE,DARK-ROAD LIGHTED,CLEAR,SNOW/ICE
6836 ,34231321,MONROE,Greece,,104 43031140,Y,43.214424,-77.7318019,03/13/2012,11:35 AM,PROPERTY DAMAGE AND INJURY,1.,0 ,2 ,COLLISION WITH MOTOR VEHICLE,REAR END,TRAFFIC SIGNAL,DAYLIGHT,CLEAR,DRY
6836 ,34231585,MONROE,Perinton,,,Y,43.078133,-77.4798881,03/14/2012,6:33 AM,PROPERTY DAMAGE AND INJURY,1.,0 ,1 ,OTHER NON-COLLISION,OTHER,NONE,DARK-ROAD LIGHTED,CLEAR,DRY
6836 ,34231587,MONROE,Penfield,,250 43011075,N,43.1430241,-77.439966,03/10/2012,2:32 PM,PROPERTY DAMAGE AND INJURY,2.,0 ,2 ,COLLISION WITH MOTOR VEHICLE,LEFT TURN (WITH OTHER CAR),TRAFFIC SIGNAL,DAYLIGHT,CLOUDY,DRY
6836 ,34231589,MONROE,Penfield,,,N,43.1331497,-77.4922756,03/12/2012,4:42 PM,PROPERTY DAMAGE AND INJURY,2.,0 ,2 ,COLLISION WITH MOTOR VEHICLE,RIGHT TURN (AGAINST OTHER CAR),TRAFFIC SIGNAL,DAYLIGHT,CLOUDY,DRY