QUERYID,CASE #,REGN_CNTY_CDE,Municipality,MUNITYPE,REF_MRKR,ATINTERSECTION_IND,Lat,Long,,Time,Crash Type,Injuries,Fatalities,Number of Vehicles,ACCD_TYP,COLLISION_TYP,TRAF_CNTL,Light Condition,Weather Condition,Road Surface Condition
6836 ,34231600,MONROE,Pittsford,,31 43033029,N,43.1037774,-77.5393086,03/08/2012,8:28 AM,PROPERTY DAMAGE AND INJURY,1.,0 ,2 ,COLLISION WITH MOTOR VEHICLE,REAR END,NONE,DAYLIGHT,CLOUDY,DRY
6836 ,34231601,MONROE,Pittsford,,490I43023053,N,43.0844847,-77.492244,03/05/2012,10:00 AM,PROPERTY DAMAGE AND INJURY,2.,0 ,3 ,COLLISION WITH MOTOR VEHICLE,OTHER,NONE,DAYLIGHT,CLEAR,DRY
6836 ,34231611,MONROE,Webster,,404 43035085,N,43.2089075,-77.4595293,03/15/2012,3:41 PM,PROPERTY DAMAGE AND INJURY,1.,0 ,2 ,COLLISION WITH MOTOR VEHICLE,REAR END,NONE,DAYLIGHT,CLEAR,DRY
6836 ,34231612,MONROE,Penfield,,441 43011045,N,43.1310834,-77.4560893,03/14/2012,10:36 AM,PROPERTY DAMAGE AND INJURY,2.,0 ,5 ,COLLISION WITH MOTOR VEHICLE,OTHER,NONE,DAYLIGHT,CLEAR,DRY
6836 ,34231620,MONROE,Brighton,,490I43023011,N,43.1336295,-77.5298487,03/14/2012,3:41 PM,PROPERTY DAMAGE AND INJURY,1.,0 ,1 ,COLLISION WITH MEDIAN/BARRIER,OTHER,NONE,DAYLIGHT,CLEAR,DRY
6836 ,34231626,MONROE,Irondequoit,,,Y,43.1991061,-77.5769163,03/08/2012,9:50 AM,PROPERTY DAMAGE AND INJURY,1.,0 ,2 ,COLLISION WITH MOTOR VEHICLE,REAR END,TRAFFIC SIGNAL,DAYLIGHT,RAIN,WET
6836 ,34231634,MONROE,Brighton,,,N,43.1163888,-77.5966131,03/16/2012,11:26 AM,INJURY,1.,0 ,2 ,COLLISION WITH MOTOR VEHICLE,REAR END,NONE,DAYLIGHT,CLOUDY,DRY
6836 ,34231635,MONROE,Irondequoit,,,N,43.1994863,-77.6050736,03/15/2012,4:31 PM,PROPERTY DAMAGE AND INJURY,1.,0 ,1 ,COLLISION WITH BUILDING/WALL,OTHER,NONE,DAYLIGHT,CLEAR,DRY
6836 ,34231636,MONROE,Irondequoit,,,Y,43.210642,-77.599488,03/15/2012,5:02 PM,PROPERTY DAMAGE AND INJURY,3.,0 ,2 ,COLLISION WITH MOTOR VEHICLE,RIGHT ANGLE,NONE,DAYLIGHT,CLEAR,DRY
6836 ,34231638,MONROE,Brighton,,31 43033020,N,43.1129723,-77.5502824,03/16/2012,4:49 PM,PROPERTY DAMAGE AND INJURY,1.,0 ,2 ,COLLISION WITH MOTOR VEHICLE,REAR END,NONE,DAYLIGHT,CLOUDY,DRY
6836 ,34231974,MONROE,Rochester,,490I43022056,N,43.1433206,-77.5717635,03/12/2012,1:31 AM,PROPERTY DAMAGE AND INJURY,1.,0 ,1 ,COLLISION WITH PEDESTRIAN,OTHER,NONE,DARK-ROAD LIGHTED,CLEAR,DRY
6836 ,34232034,MONROE,Henrietta,,,N,43.084328,-77.608078,03/17/2012,1:51 PM,PROPERTY DAMAGE AND INJURY,2.,0 ,2 ,COLLISION WITH MOTOR VEHICLE,RIGHT ANGLE,TRAFFIC SIGNAL,DAYLIGHT,CLEAR,DRY
6836 ,34232035,MONROE,Chili,,383 43011107,N,43.0734045,-77.7069635,03/16/2012,6:26 AM,PROPERTY DAMAGE AND INJURY,2.,0 ,2 ,COLLISION WITH MOTOR VEHICLE,HEAD ON,NO PASSING ZONE,DARK-ROAD LIGHTED,RAIN,WET
6836 ,34232039,MONROE,Brighton,,15 43031118,N,43.0994351,-77.6302496,03/17/2012,10:44 AM,INJURY,2.,0 ,2 ,COLLISION WITH MOTOR VEHICLE,LEFT TURN (AGAINST OTHER CAR),TRAFFIC SIGNAL,DAYLIGHT,CLEAR,DRY
6836 ,34232043,MONROE,Irondequoit,,,N,43.196264,-77.599609,03/16/2012,4:25 PM,INJURY,3.,0 ,2 ,COLLISION WITH MOTOR VEHICLE,RIGHT ANGLE,NONE,DAYLIGHT,CLEAR,DRY
6836 ,34232060,MONROE,Rochester,,,N,43.1515029,-77.5934328,03/16/2012,3:21 PM,INJURY,1.,0 ,2 ,COLLISION WITH MOTOR VEHICLE,RIGHT ANGLE,NONE,DAYLIGHT,CLEAR,DRY
6836 ,34232231,MONROE,Rochester,,,Y,43.169005,-77.644542,02/11/2012,1:25 PM,INJURY,4.,0 ,3 ,COLLISION WITH MOTOR VEHICLE,OTHER,STOP SIGN,DAYLIGHT,SNOW,SNOW/ICE
6836 ,34232528,MONROE,Rochester,,,Y,43.158819,-77.5989741,02/19/2012,12:57 AM,PROPERTY DAMAGE AND INJURY,1.,0 ,2 ,COLLISION WITH MOTOR VEHICLE,REAR END,TRAFFIC SIGNAL,DARK-ROAD LIGHTED,CLOUDY,DRY
6836 ,34232582,MONROE,Rochester,,,Y,43.230812,-77.626148,02/26/2012,9:21 AM,INJURY,1.,0 ,1 ,COLL. W/LIGHT SUPPORT/UTILITY POLE,OTHER,NONE,DAYLIGHT,CLEAR,DRY
6836 ,34232607,MONROE,Brighton,,,N,43.1023201,-77.6006683,02/25/2012,10:25 AM,PROPERTY DAMAGE AND INJURY,3.,0 ,3 ,COLLISION WITH MOTOR VEHICLE,OTHER,NONE,DAYLIGHT,SNOW,SNOW/ICE
6836 ,34232618,MONROE,Penfield,,286 43011019,Y,43.153666,-77.506025,11/18/2011,10:30 AM,PROPERTY DAMAGE AND INJURY,1.,0 ,2 ,COLLISION WITH MOTOR VEHICLE,UNKNOWN,TRAFFIC SIGNAL,DAYLIGHT,CLEAR,DRY
6836 ,34232626,MONROE,Henrietta,,,N,43.05886,-77.6413269,11/22/2011,8:30 PM,PROPERTY DAMAGE AND INJURY,2.,0 ,2 ,COLLISION WITH MOTOR VEHICLE,LEFT TURN (AGAINST OTHER CAR),TRAFFIC SIGNAL,DARK-ROAD UNLIGHTED,RAIN,WET
6836 ,34232903,MONROE,Rochester,,33A43022007,Y,43.1449328,-77.6521068,02/21/2012,8:01 PM,PROPERTY DAMAGE AND INJURY,1.,0 ,2 ,COLLISION WITH MOTOR VEHICLE,OTHER,POLICE/FIRE EMERGENCY,DARK-ROAD LIGHTED,CLOUDY,DRY
6836 ,34232910,MONROE,Pittsford,,490I43023055,N,43.0813028,-77.487457,01/13/2012,9:41 PM,PROPERTY DAMAGE AND INJURY,1.,0 ,2 ,COLLISION WITH MOTOR VEHICLE,OVERTAKING,NONE,DARK-ROAD LIGHTED,SNOW,SNOW/ICE
6836 ,34233026,MONROE,Greece,,,Y,43.230877,-77.630073,02/11/2012,11:52 AM,PROPERTY DAMAGE AND INJURY,2.,0 ,3 ,COLLISION WITH MOTOR VEHICLE,OTHER,NONE,DAYLIGHT,SNOW,SNOW/ICE
6836 ,34233064,MONROE,Gates,,,Y,43.140051,-77.666453,02/18/2012,1:30 PM,PROPERTY DAMAGE AND INJURY,1.,0 ,2 ,COLLISION WITH MOTOR VEHICLE,REAR END,TRAFFIC SIGNAL,DAYLIGHT,RAIN,WET
6836 ,34233201,MONROE,Gates,,,N,43.1298667,-77.7358792,02/17/2012,10:52 AM,PROPERTY DAMAGE AND INJURY,1.,0 ,2 ,COLLISION WITH MOTOR VEHICLE,REAR END,NONE,DAYLIGHT,CLOUDY,DRY
6836 ,34233241,MONROE,Rochester,,490I43022000,N,43.1577481,-77.6729774,02/18/2012,7:27 AM,PROPERTY DAMAGE AND INJURY,1.,0 ,1 ,COLLISION WITH GUIDE RAIL,OTHER,NONE,DAYLIGHT,SNOW,SNOW/ICE
6836 ,34233322,MONROE,Rochester,,,Y,43.17105,-77.578718,02/20/2012,4:57 PM,PROPERTY DAMAGE AND INJURY,1.,0 ,2 ,COLLISION WITH MOTOR VEHICLE,REAR END,TRAFFIC SIGNAL,DAYLIGHT,CLEAR,DRY
6836 ,34233351,MONROE,Webster,,104 43035078,N,43.2056734,-77.472425,02/19/2012,7:25 PM,PROPERTY DAMAGE AND INJURY,1.,0 ,2 ,COLLISION WITH MOTOR VEHICLE,REAR END,NONE,DARK-ROAD LIGHTED,CLOUDY,DRY
6836 ,34233423,MONROE,Rochester,,,Y,43.184057,-77.599397,02/26/2012,2:18 AM,INJURY,1.,0 ,1 ,COLLISION WITH PEDESTRIAN,OTHER,NONE,DARK-ROAD LIGHTED,CLEAR,DRY
6836 ,34233433,MONROE,Rochester,,,Y,43.150263,-77.636096,02/17/2012,12:00 PM,INJURY,1.,0 ,1 ,COLLISION WITH PEDESTRIAN,OTHER,NONE,DAYLIGHT,UNKNOWN,UNKNOWN
6836 ,34233770,MONROE,Clarkson,,104 43031018,N,43.2460331,-77.9639108,02/23/2012,3:04 PM,PROPERTY DAMAGE AND INJURY,1.,0 ,2 ,COLLISION WITH MOTOR VEHICLE,RIGHT ANGLE,TRAFFIC SIGNAL,DAYLIGHT,CLOUDY,DRY
6836 ,34233796,MONROE,Rochester,,,Y,43.15007,-77.599852,02/10/2012,1:16 PM,INJURY,1.,0 ,1 ,COLLISION WITH PEDESTRIAN,OTHER,TRAFFIC SIGNAL,DAYLIGHT,CLOUDY,DRY
6836 ,34233886,MONROE,Rochester,,,N,43.1680681,-77.6318684,02/24/2012,3:32 AM,INJURY,1.,0 ,1 ,COLLISION WITH PEDESTRIAN,OTHER,NONE,DARK-ROAD LIGHTED,SNOW,WET
6836 ,34234205,MONROE,Rochester,,,Y,43.140878,-77.626041,03/03/2012,3:16 PM,PROPERTY DAMAGE AND INJURY,3.,0 ,2 ,COLLISION WITH MOTOR VEHICLE,OTHER,NONE,DAYLIGHT,CLEAR,DRY
6836 ,34234280,MONROE,Rochester,,,N,43.1952072,-77.6179773,03/04/2012,10:01 AM,PROPERTY DAMAGE AND INJURY,3.,0 ,2 ,COLLISION WITH MOTOR VEHICLE,HEAD ON,NONE,DAYLIGHT,SLEET/HAIL/FREEZING RAIN,WET
6836 ,34234391,MONROE,Rochester,,,Y,43.151301,-77.613989,11/04/2011,8:15 AM,PROPERTY DAMAGE AND INJURY,2.,0 ,2 ,COLLISION WITH MOTOR VEHICLE,UNKNOWN,NONE,DAYLIGHT,CLEAR,DRY
6836 ,34234840,MONROE,Rochester,,,Y,43.20205,-77.638693,03/13/2012,2:40 PM,INJURY,5.,0 ,2 ,COLLISION WITH MOTOR VEHICLE,OVERTAKING,TRAFFIC SIGNAL,DAYLIGHT,CLEAR,DRY
6836 ,34235430,MONROE,Greece,,,Y,43.231071,-77.668982,03/13/2012,9:15 PM,PROPERTY DAMAGE AND INJURY,1.,0 ,2 ,COLLISION WITH MOTOR VEHICLE,REAR END,NONE,DARK-ROAD LIGHTED,CLEAR,DRY
6836 ,34235627,MONROE,Chili,,,Y,43.109389,-77.7456121,03/18/2012,11:12 AM,PROPERTY DAMAGE AND INJURY,1.,0 ,2 ,COLLISION WITH MOTOR VEHICLE,REAR END,NONE,DAYLIGHT,CLEAR,DRY
6836 ,34235630,MONROE,Brighton,,31 43033014,Y,43.120241,-77.557701,03/18/2012,4:47 PM,PROPERTY DAMAGE AND INJURY,1.,0 ,2 ,COLLISION WITH MOTOR VEHICLE,REAR END,NONE,DAYLIGHT,CLOUDY,DRY
6836 ,34235767,MONROE,Rochester,,,Y,43.171355,-77.566986,03/13/2012,9:16 AM,INJURY,1.,0 ,1 ,COLLISION WITH BICYCLIST,OTHER,STOP SIGN,DAYLIGHT,CLOUDY,WET
6836 ,34236170,MONROE,Rochester,,,N,43.1903163,-77.617916,03/14/2012,6:17 AM,PROPERTY DAMAGE AND INJURY,1.,0 ,2 ,COLLISION WITH MOTOR VEHICLE,REAR END,NONE,DAYLIGHT,CLEAR,DRY
6836 ,34236184,MONROE,Perinton,,,Y,43.102609,-77.4809221,03/13/2012,1:48 PM,PROPERTY DAMAGE AND INJURY,1.,0 ,2 ,COLLISION WITH MOTOR VEHICLE,LEFT TURN (WITH OTHER CAR),TRAFFIC SIGNAL,DAYLIGHT,CLEAR,DRY
6836 ,34236187,MONROE,Henrietta,,,N,43.092745,-77.6535971,03/16/2012,8:31 PM,INJURY,1.,0 ,2 ,COLLISION WITH MOTOR VEHICLE,REAR END,TRAFFIC SIGNAL,DARK-ROAD LIGHTED,CLEAR,DRY
6836 ,34236189,MONROE,Rochester,,390I43034002,N,43.1190039,-77.6389639,03/19/2012,7:54 AM,INJURY,1.,0 ,2 ,COLLISION WITH MOTOR VEHICLE,REAR END,NONE,DAYLIGHT,CLEAR,DRY
6836 ,34236190,MONROE,Webster,,250 43011133,N,43.2243506,-77.4288613,03/17/2012,12:03 AM,PROPERTY DAMAGE AND INJURY,1.,0 ,2 ,COLLISION WITH MOTOR VEHICLE,REAR END,NONE,DARK-ROAD UNLIGHTED,CLEAR,DRY
6836 ,34236202,MONROE,Webster,,404 43035073,N,43.2044323,-77.4797116,03/16/2012,5:36 PM,PROPERTY DAMAGE AND INJURY,1.,0 ,4 ,COLLISION WITH MOTOR VEHICLE,OTHER,NONE,DAYLIGHT,CLEAR,DRY
6836 ,34236204,MONROE,Chili,,33A43021131,N,43.1257286,-77.7031758,03/18/2012,1:59 PM,INJURY,1.,0 ,2 ,COLLISION WITH MOTOR VEHICLE,REAR END,TRAFFIC SIGNAL,DAYLIGHT,CLEAR,DRY
6836 ,34236206,MONROE,Henrietta,,,Y,43.095843,-77.581901,03/08/2012,8:37 PM,INJURY,1.,0 ,2 ,COLLISION WITH MOTOR VEHICLE,REAR END,TRAFFIC SIGNAL,DARK-ROAD LIGHTED,RAIN,WET
6836 ,34236207,MONROE,Henrietta,,390I43031103,N,43.0761251,-77.6268747,03/18/2012,5:22 PM,INJURY,2.,0 ,2 ,COLLISION WITH MOTOR VEHICLE,REAR END,YIELD SIGN,DAYLIGHT,RAIN,WET
6836 ,34236208,MONROE,Henrietta,,15A43041078,N,43.0391437,-77.6232606,03/19/2012,10:38 AM,PROPERTY DAMAGE AND INJURY,1.,0 ,3 ,COLLISION WITH MOTOR VEHICLE,OTHER,NONE,DAYLIGHT,CLEAR,DRY
6836 ,34236209,MONROE,Brighton,,,Y,43.099861,-77.57754,03/19/2012,6:40 PM,PROPERTY DAMAGE AND INJURY,1.,0 ,2 ,COLLISION WITH MOTOR VEHICLE,RIGHT ANGLE,NONE,DAYLIGHT,CLOUDY,DRY
6836 ,34236212,MONROE,Brighton,,,N,43.1286134,-77.5645062,03/16/2012,2:32 PM,INJURY,1.,0 ,1 ,COLLISION WITH MOTOR VEHICLE,OTHER,NONE,DAYLIGHT,CLOUDY,DRY
6836 ,34236225,MONROE,Rochester,,,Y,43.146591,-77.636053,03/18/2012,9:50 PM,INJURY,2.,0 ,2 ,COLLISION WITH MOTOR VEHICLE,SIDESWIPE,TRAFFIC SIGNAL,DARK-ROAD LIGHTED,CLEAR,DRY
6836 ,34236990,MONROE,Perinton,,,N,43.0903177,-77.4435633,02/10/2012,2:34 PM,PROPERTY DAMAGE AND INJURY,1.,0 ,2 ,COLLISION WITH MOTOR VEHICLE,RIGHT ANGLE,NONE,DAYLIGHT,CLOUDY,DRY
6836 ,34237550,MONROE,Rochester,,,N,43.1805075,-77.6105125,02/05/2012,8:26 PM,PROPERTY DAMAGE AND INJURY,2.,0 ,1 ,COLLISION WITH CURBING,OTHER,TRAFFIC SIGNAL,DARK-ROAD LIGHTED,CLOUDY,DRY
6836 ,34237610,MONROE,Rochester,,,Y,43.149976,-77.6438629,01/29/2012,1:11 PM,PROPERTY DAMAGE AND INJURY,3.,0 ,2 ,COLLISION WITH MOTOR VEHICLE,LEFT TURN (AGAINST OTHER CAR),TRAFFIC SIGNAL,DAYLIGHT,CLOUDY,DRY
6836 ,34237614,MONROE,Rochester,,,Y,43.142133,-77.594611,01/27/2012,5:05 PM,PROPERTY DAMAGE AND INJURY,1.,0 ,2 ,COLLISION WITH MOTOR VEHICLE,RIGHT ANGLE,TRAFFIC SIGNAL,DAYLIGHT,CLEAR,WET
6836 ,34238130,MONROE,Brockport,,19 43041052,Y,43.206877,-77.941112,03/08/2012,6:50 PM,PROPERTY DAMAGE AND INJURY,2.,0 ,2 ,COLLISION WITH MOTOR VEHICLE,REAR END,NONE,DARK-ROAD LIGHTED,RAIN,WET
6836 ,34238133,MONROE,Brighton,,15A43041124,Y,43.102787,-77.615259,03/20/2012,8:19 AM,INJURY,1.,0 ,2 ,COLLISION WITH MOTOR VEHICLE,LEFT TURN (AGAINST OTHER CAR),TRAFFIC SIGNAL,DAYLIGHT,CLEAR,DRY
6836 ,34238137,MONROE,Pittsford,,,Y,43.084599,-77.540889,03/16/2012,1:03 AM,PROPERTY DAMAGE AND INJURY,2.,0 ,1 ,COLL. W/EARTH ELE./ROCK CUT/DITCH,OTHER,NONE,DARK-ROAD UNLIGHTED,CLOUDY,WET
6836 ,34238138,MONROE,Irondequoit,,,Y,43.211322,-77.576301,03/19/2012,3:45 PM,PROPERTY DAMAGE AND INJURY,1.,0 ,2 ,COLLISION WITH MOTOR VEHICLE,REAR END,NONE,DAYLIGHT,CLOUDY,DRY
6836 ,34238149,MONROE,Pittsford,,,N,43.0871737,-77.53776,03/19/2012,7:15 PM,PROPERTY DAMAGE AND INJURY,1.,0 ,3 ,COLLISION WITH MOTOR VEHICLE,OTHER,NONE,DUSK,CLOUDY,DRY
6836 ,34238156,MONROE,Sweden,,,N,43.1966333,-77.9868926,03/18/2012,1:57 AM,PROPERTY DAMAGE AND INJURY,1.,0 ,1 ,COLL. W/EARTH ELE./ROCK CUT/DITCH,OTHER,NONE,DARK-ROAD UNLIGHTED,CLEAR,DRY
6836 ,34238444,MONROE,Greece,,104 43031161,N,43.2097986,-77.6955743,03/14/2012,7:48 PM,PROPERTY DAMAGE AND INJURY,2.,0 ,2 ,COLLISION WITH MOTOR VEHICLE,REAR END,NONE,DARK-ROAD LIGHTED,CLOUDY,DRY
6836 ,34238764,MONROE,Irondequoit,,,Y,43.21737,-77.6060731,03/21/2012,2:42 PM,PROPERTY DAMAGE AND INJURY,2.,0 ,2 ,COLLISION WITH MOTOR VEHICLE,REAR END,TRAFFIC SIGNAL,DAYLIGHT,CLEAR,DRY
6836 ,34238766,MONROE,Henrietta,,15A43041073,N,43.0331127,-77.6265008,03/20/2012,3:32 PM,INJURY,2.,0 ,2 ,COLLISION WITH MOTOR VEHICLE,OVERTAKING,NONE,DAYLIGHT,CLOUDY,DRY
6836 ,34238768,MONROE,Brighton,,590 43011010,N,43.1562549,-77.5383472,03/14/2012,8:40 AM,PROPERTY DAMAGE AND INJURY,1.,0 ,2 ,COLLISION WITH MOTOR VEHICLE,OVERTAKING,NONE,DAYLIGHT,CLEAR,DRY
6836 ,34238770,MONROE,Webster,,,Y,43.220002,-77.512931,03/20/2012,6:19 PM,PROPERTY DAMAGE AND INJURY,1.,0 ,2 ,COLLISION WITH MOTOR VEHICLE,REAR END,NONE,DAYLIGHT,CLEAR,DRY
6836 ,34238771,MONROE,Irondequoit,,,N,43.196444,-77.5767859,03/15/2012,6:00 PM,PROPERTY DAMAGE AND INJURY,1.,0 ,2 ,COLLISION WITH MOTOR VEHICLE,REAR END,TRAFFIC SIGNAL,DAYLIGHT,CLEAR,DRY
6836 ,34238778,MONROE,Sweden,,31 43031069,N,43.1979931,-77.8994669,03/20/2012,4:37 PM,PROPERTY DAMAGE AND INJURY,1.,0 ,2 ,COLLISION WITH MOTOR VEHICLE,RIGHT ANGLE,TRAFFIC SIGNAL,DAYLIGHT,CLEAR,DRY
6836 ,34238782,MONROE,Henrietta,,15 43031103,N,43.0796214,-77.6408433,03/20/2012,4:06 PM,INJURY,2.,0 ,2 ,COLLISION WITH MOTOR VEHICLE,RIGHT ANGLE,NONE,DAYLIGHT,CLEAR,DRY
6836 ,34238784,MONROE,Penfield,,,N,43.1758389,-77.5252704,03/19/2012,11:11 AM,PROPERTY DAMAGE AND INJURY,2.,0 ,2 ,COLLISION WITH MOTOR VEHICLE,REAR END,NONE,DAYLIGHT,CLEAR,DRY
6836 ,34238786,MONROE,Clarkson,,,N,43.2525127,-77.9440662,03/17/2012,1:40 PM,PROPERTY DAMAGE AND INJURY,2.,0 ,1 ,COLLISION WITH CULVERT/HEADWALL,OTHER,NONE,DAYLIGHT,CLEAR,DRY
6836 ,34238793,MONROE,Brighton,,,N,43.137945,-77.5366834,03/12/2012,11:50 AM,PROPERTY DAMAGE AND INJURY,1.,0 ,1 ,COLLISION WITH MEDIAN/BARRIER,OTHER,NONE,DAYLIGHT,CLOUDY,DRY
6836 ,34238794,MONROE,Webster,,,Y,43.220002,-77.512931,03/15/2012,4:18 PM,PROPERTY DAMAGE AND INJURY,1.,0 ,2 ,COLLISION WITH MOTOR VEHICLE,RIGHT ANGLE,NONE,DAYLIGHT,CLEAR,DRY
6836 ,34238798,MONROE,Henrietta,,253 43011610,Y,43.0593734,-77.6169738,03/21/2012,7:22 AM,INJURY,2.,0 ,2 ,COLLISION WITH MOTOR VEHICLE,REAR END,NONE,DAYLIGHT,CLEAR,DRY
6836 ,34238898,MONROE,Greece,,,N,43.2062413,-77.6960399,03/18/2012,12:46 PM,PROPERTY DAMAGE AND INJURY,1.,0 ,2 ,COLLISION WITH MOTOR VEHICLE,LEFT TURN (AGAINST OTHER CAR),NONE,DAYLIGHT,CLEAR,DRY
6836 ,34238961,MONROE,Greece,,,Y,43.252941,-77.677687,03/16/2012,5:57 PM,INJURY,1.,0 ,2 ,COLLISION WITH MOTOR VEHICLE,REAR END,TRAFFIC SIGNAL,DAYLIGHT,CLEAR,DRY
6836 ,34239023,MONROE,Brighton,,31 43033021,N,43.111114,-77.5478493,03/22/2012,12:37 PM,INJURY,1.,0 ,1 ,COLLISION WITH BICYCLIST,OTHER,NONE,DAYLIGHT,CLEAR,DRY
6836 ,34239198,MONROE,Pittsford,,,N,43.1081244,-77.499483,01/11/2012,12:01 PM,PROPERTY DAMAGE AND INJURY,1.,0 ,2 ,COLLISION WITH MOTOR VEHICLE,REAR END,TRAFFIC SIGNAL,DAYLIGHT,CLEAR,DRY
6836 ,34239331,MONROE,Rochester,,,Y,43.156599,-77.608896,08/09/2011,12:00 AM,PROPERTY DAMAGE AND INJURY,1.,0 ,2 ,COLLISION WITH MOTOR VEHICLE,REAR END,UNKNOWN,UNKNOWN,UNKNOWN,UNKNOWN
6836 ,34239384,MONROE,Gates,,,Y,43.1306391,-77.6825624,03/22/2012,7:39 AM,PROPERTY DAMAGE AND INJURY,1.,0 ,2 ,COLLISION WITH MOTOR VEHICLE,RIGHT ANGLE,NONE,DAYLIGHT,CLEAR,DRY
6836 ,34239474,MONROE,Greece,,,Y,43.247642,-77.65917,03/20/2012,4:23 PM,INJURY,1.,0 ,2 ,COLLISION WITH MOTOR VEHICLE,LEFT TURN (AGAINST OTHER CAR),STOP SIGN,DAYLIGHT,CLEAR,DRY
6836 ,34239500,MONROE,Henrietta,,,N,43.0889371,-77.5819479,03/19/2012,5:13 PM,INJURY,2.,0 ,2 ,COLLISION WITH MOTOR VEHICLE,RIGHT ANGLE,NONE,DAYLIGHT,CLEAR,DRY
6836 ,34239527,MONROE,Brighton,,,Y,43.116422,-77.557348,03/22/2012,7:01 PM,PROPERTY DAMAGE AND INJURY,1.,0 ,2 ,COLLISION WITH MOTOR VEHICLE,RIGHT ANGLE,TRAFFIC SIGNAL,DAYLIGHT,CLEAR,DRY
6836 ,34239656,MONROE,Brighton,,,N,43.1311572,-77.5902987,03/22/2012,12:09 PM,PROPERTY DAMAGE AND INJURY,1.,0 ,3 ,COLLISION WITH MOTOR VEHICLE,OTHER,NONE,DAYLIGHT,CLEAR,DRY
6836 ,34239771,MONROE,Chili,,,Y,43.10915,-77.703641,03/21/2012,8:05 AM,PROPERTY DAMAGE AND INJURY,1.,0 ,1 ,OTHER NON-COLLISION,OTHER,NONE,DAYLIGHT,CLEAR,DRY
6836 ,34239786,MONROE,Rochester,,15 43032001,Y,43.114487,-77.622557,03/20/2012,10:28 AM,PROPERTY DAMAGE AND INJURY,1.,0 ,2 ,COLLISION WITH MOTOR VEHICLE,RIGHT ANGLE,TRAFFIC SIGNAL,DAYLIGHT,CLEAR,DRY
6836 ,34239817,MONROE,Rochester,,,Y,43.146805,-77.573193,03/20/2012,2:25 PM,INJURY,1.,0 ,1 ,COLLISION WITH BICYCLIST,OTHER,TRAFFIC SIGNAL,DAYLIGHT,CLEAR,DRY
6836 ,34239838,MONROE,Henrietta,,253 43011066,N,43.058868,-77.6407395,03/20/2012,10:09 PM,PROPERTY DAMAGE AND INJURY,2.,0 ,2 ,COLLISION WITH MOTOR VEHICLE,LEFT TURN (AGAINST OTHER CAR),TRAFFIC SIGNAL,DARK-ROAD LIGHTED,CLEAR,DRY
6836 ,34239856,MONROE,Gates,,,N,43.1750065,-77.7388666,03/21/2012,3:06 PM,PROPERTY DAMAGE AND INJURY,2.,0 ,2 ,COLLISION WITH MOTOR VEHICLE,HEAD ON,NONE,DAYLIGHT,CLEAR,DRY
6836 ,34239929,MONROE,Brighton,,,Y,43.13331,-77.561941,03/23/2012,11:07 AM,PROPERTY DAMAGE AND INJURY,1.,0 ,2 ,COLLISION WITH MOTOR VEHICLE,RIGHT ANGLE,STOP SIGN,DAYLIGHT,CLOUDY,DRY
6836 ,34239944,MONROE,Rochester,,,Y,43.162139,-77.623063,03/21/2012,2:06 PM,PROPERTY DAMAGE AND INJURY,1.,0 ,2 ,COLLISION WITH MOTOR VEHICLE,RIGHT ANGLE,TRAFFIC SIGNAL,DAYLIGHT,CLEAR,DRY
6836 ,34240036,MONROE,Rochester,,,N,43.153143,-77.6027774,03/15/2012,6:05 PM,PROPERTY DAMAGE AND INJURY,1.,0 ,2 ,COLLISION WITH MOTOR VEHICLE,REAR END,NONE,DAYLIGHT,CLEAR,DRY
6836 ,34240100,MONROE,Rochester,,,N,43.1665562,-77.6487205,03/21/2012,5:06 PM,INJURY,1.,0 ,1 ,COLLISION WITH PEDESTRIAN,OTHER,NONE,DAYLIGHT,CLEAR,DRY
6836 ,34240109,MONROE,Rochester,,,N,43.1484627,-77.5910076,03/21/2012,7:30 AM,PROPERTY DAMAGE AND INJURY,1.,0 ,2 ,COLLISION WITH MOTOR VEHICLE,RIGHT ANGLE,NONE,DAYLIGHT,CLEAR,DRY
6836 ,34240171,MONROE,Rochester,,,Y,43.217226,-77.644682,03/20/2012,6:03 PM,INJURY,1.,0 ,1 ,COLLISION WITH PEDESTRIAN,OTHER,STOP SIGN,DAYLIGHT,CLEAR,DRY
6836 ,34240190,MONROE,Greece,,947A43021138,N,43.327433,-77.7335592,03/18/2012,1:49 AM,PROPERTY DAMAGE AND INJURY,1.,0 ,1 ,COLLISION WITH TREE,OTHER,NONE,DARK-ROAD UNLIGHTED,CLEAR,DRY
6836 ,34240193,MONROE,Rochester,,,Y,43.17518,-77.6394559,03/22/2012,3:42 PM,INJURY,1.,0 ,3 ,COLLISION WITH MOTOR VEHICLE,OTHER,NONE,DAYLIGHT,CLEAR,DRY
6836 ,34240301,MONROE,Rochester,,942G43011003,Y,43.155952,-77.616428,03/21/2012,10:04 PM,PROPERTY DAMAGE AND INJURY,3.,0 ,2 ,COLLISION WITH MOTOR VEHICLE,LEFT TURN (AGAINST OTHER CAR),TRAFFIC SIGNAL,DARK-ROAD LIGHTED,CLEAR,DRY
6836 ,34240524,MONROE,Rochester,,,Y,43.173715,-77.589602,03/17/2012,7:17 PM,INJURY,1.,0 ,1 ,COLLISION WITH PEDESTRIAN,OTHER,NONE,DUSK,CLEAR,DRY
6836 ,34240528,MONROE,Rochester,,,Y,43.170804,-77.600806,03/17/2012,10:18 PM,PROPERTY DAMAGE AND INJURY,2.,0 ,2 ,COLLISION WITH MOTOR VEHICLE,HEAD ON,TRAFFIC SIGNAL,DARK-ROAD LIGHTED,CLEAR,DRY
6836 ,34240647,MONROE,Brighton,,31 43033003,N,43.1322232,-77.5710239,03/23/2012,4:26 PM,PROPERTY DAMAGE AND INJURY,1.,0 ,2 ,COLLISION WITH MOTOR VEHICLE,REAR END,NONE,DAYLIGHT,CLOUDY,DRY