QUERYID,CASE #,REGN_CNTY_CDE,Municipality,MUNITYPE,REF_MRKR,ATINTERSECTION_IND,Lat,Long,,Time,Crash Type,Injuries,Fatalities,Number of Vehicles,ACCD_TYP,COLLISION_TYP,TRAF_CNTL,Light Condition,Weather Condition,Road Surface Condition
6836 ,34262090,MONROE,Rochester,,15 43032006,N,43.1217126,-77.6188665,04/09/2012,11:32 AM,PROPERTY DAMAGE AND INJURY,2.,0 ,2 ,COLLISION WITH MOTOR VEHICLE,OVERTAKING,NONE,DAYLIGHT,CLEAR,DRY
6836 ,34262504,MONROE,Pittsford,,31 43033049,Y,43.087877,-77.505958,04/09/2012,5:01 PM,PROPERTY DAMAGE AND INJURY,1.,0 ,2 ,COLLISION WITH MOTOR VEHICLE,RIGHT ANGLE,NONE,DAYLIGHT,CLEAR,DRY
6836 ,34262513,MONROE,Sweden,,260 43011000,Y,43.197993,-77.8994651,04/12/2012,3:10 PM,INJURY,2.,0 ,2 ,COLLISION WITH MOTOR VEHICLE,LEFT TURN (AGAINST OTHER CAR),TRAFFIC SIGNAL,DAYLIGHT,CLEAR,DRY
6836 ,34262515,MONROE,Irondequoit,,,Y,43.210592,-77.60116,04/05/2012,10:27 AM,PROPERTY DAMAGE AND INJURY,1.,0 ,1 ,COLLISION WITH SIGN POST,OTHER,NONE,DAYLIGHT,CLEAR,DRY
6836 ,34262517,MONROE,Penfield,,250 43011069,N,43.1342772,-77.441845,04/06/2012,9:10 AM,PROPERTY DAMAGE AND INJURY,2.,0 ,2 ,COLLISION WITH MOTOR VEHICLE,LEFT TURN (AGAINST OTHER CAR),NONE,DAYLIGHT,CLEAR,DRY
6836 ,34262518,MONROE,Irondequoit,,,N,43.18831,-77.5763539,04/03/2012,7:50 AM,INJURY,1.,0 ,2 ,COLLISION WITH MOTOR VEHICLE,OVERTAKING,NONE,DAYLIGHT,CLEAR,DRY
6836 ,34262536,MONROE,Penfield,,441 43011052,N,43.1308211,-77.4409425,04/03/2012,9:45 AM,PROPERTY DAMAGE AND INJURY,1.,0 ,3 ,COLLISION WITH MOTOR VEHICLE,OTHER,NONE,DAYLIGHT,CLEAR,DRY
6836 ,34262544,MONROE,Brighton,,590I43011017,N,43.107461,-77.5759661,04/02/2012,5:50 AM,PROPERTY DAMAGE AND INJURY,1.,0 ,2 ,COLLISION WITH GUIDE RAIL,UNKNOWN,NONE,DARK-ROAD UNLIGHTED,CLOUDY,WET
6836 ,34262545,MONROE,Brighton,,390I43031127,N,43.1024627,-77.6001972,04/12/2012,6:44 PM,PROPERTY DAMAGE AND INJURY,1.,0 ,2 ,COLLISION WITH MOTOR VEHICLE,REAR END,NONE,DAYLIGHT,CLEAR,DRY
6836 ,34262547,MONROE,Perinton,,,N,43.0790614,-77.4619248,04/02/2012,6:45 AM,PROPERTY DAMAGE AND INJURY,1.,0 ,1 ,COLLISION WITH MEDIAN/BARRIER,OTHER,NO PASSING ZONE,DARK-ROAD UNLIGHTED,CLEAR,WET
6836 ,34262555,MONROE,Rochester,,,Y,43.168997,-77.641368,04/11/2012,3:47 PM,INJURY,1.,0 ,2 ,COLLISION WITH MOTOR VEHICLE,RIGHT ANGLE,NONE,DAYLIGHT,CLEAR,DRY
6836 ,34262556,MONROE,Rochester,,,N,43.1499672,-77.6513655,04/11/2012,5:18 PM,INJURY,1.,0 ,2 ,COLLISION WITH MOTOR VEHICLE,RIGHT ANGLE,NONE,DAYLIGHT,CLOUDY,DRY
6836 ,34262844,MONROE,Chili,,,Y,43.121772,-77.806274,04/12/2012,6:20 PM,INJURY,1.,0 ,2 ,COLLISION WITH MOTOR VEHICLE,REAR END,NONE,DAYLIGHT,CLEAR,DRY
6836 ,34262850,MONROE,Rush,,251 43011173,N,42.9959585,-77.6451551,04/14/2012,5:03 PM,PROPERTY DAMAGE AND INJURY,2.,0 ,2 ,COLLISION WITH MOTOR VEHICLE,LEFT TURN (WITH OTHER CAR),NONE,DAYLIGHT,CLEAR,DRY
6836 ,34262851,MONROE,Henrietta,,15 43031113,N,43.0930296,-77.6336089,04/13/2012,4:19 PM,PROPERTY DAMAGE AND INJURY,1.,0 ,2 ,COLLISION WITH MOTOR VEHICLE,REAR END,NONE,DAYLIGHT,CLEAR,DRY
6836 ,34262930,MONROE,Rochester,,,Y,43.143828,-77.611227,04/13/2012,4:32 PM,INJURY,1.,0 ,1 ,COLL. W/LIGHT SUPPORT/UTILITY POLE,OTHER,TRAFFIC SIGNAL,DAYLIGHT,CLEAR,DRY
6836 ,34262931,MONROE,Rochester,,,Y,43.174915,-77.6132469,04/14/2012,2:22 PM,PROPERTY DAMAGE AND INJURY,2.,0 ,2 ,COLLISION WITH MOTOR VEHICLE,RIGHT ANGLE,TRAFFIC SIGNAL,DAYLIGHT,CLEAR,DRY
6836 ,34263331,MONROE,Rochester,,,N,43.21587,-77.6298454,04/15/2012,8:34 AM,PROPERTY DAMAGE AND INJURY,1.,0 ,2 ,COLLISION WITH MOTOR VEHICLE,REAR END,TRAFFIC SIGNAL,DAYLIGHT,CLEAR,DRY
6836 ,34263338,MONROE,Parma,,104 43031093,N,43.2204243,-77.8219815,04/13/2012,10:51 PM,PROPERTY DAMAGE AND INJURY,2.,0 ,2 ,COLLISION WITH MOTOR VEHICLE,RIGHT ANGLE,STOP SIGN,DARK-ROAD LIGHTED,CLEAR,DRY
6836 ,34263339,MONROE,Pittsford,,31 43033043,Y,43.091449,-77.517027,04/13/2012,12:49 PM,PROPERTY DAMAGE AND INJURY,1.,0 ,3 ,COLLISION WITH MOTOR VEHICLE,OTHER,NO PASSING ZONE,DAYLIGHT,CLEAR,DRY
6836 ,34263342,MONROE,Hilton,,,N,43.2820914,-77.7820398,04/15/2012,1:03 PM,PROPERTY DAMAGE AND INJURY,1.,0 ,2 ,COLLISION WITH MOTOR VEHICLE,RIGHT ANGLE,NONE,DAYLIGHT,RAIN,WET
6836 ,34264229,MONROE,Penfield,,441 43011115,N,43.1243168,-77.5024115,04/07/2012,5:15 AM,INJURY,1.,0 ,1 ,COLLISION WITH PEDESTRIAN,OTHER,NONE,DARK-ROAD UNLIGHTED,CLEAR,DRY
6836 ,34264285,MONROE,Greece,,,Y,43.261237,-77.7154476,11/09/2011,8:30 PM,PROPERTY DAMAGE AND INJURY,3.,0 ,2 ,COLLISION WITH TREE,OTHER,NONE,DARK-ROAD UNLIGHTED,CLOUDY,MUDDY
6836 ,34267542,MONROE,Rochester,,,Y,43.151935,-77.628952,02/20/2012,11:21 AM,INJURY,1.,0 ,1 ,COLLISION WITH PEDESTRIAN,OTHER,TRAFFIC SIGNAL,DAYLIGHT,CLEAR,DRY
6836 ,34267732,MONROE,Rochester,,,Y,43.157153,-77.606417,03/01/2012,4:37 PM,INJURY,1.,0 ,1 ,COLLISION WITH PEDESTRIAN,OTHER,TRAFFIC SIGNAL,DAYLIGHT,CLOUDY,DRY
6836 ,34267821,MONROE,Rochester,,,N,43.1535534,-77.5885322,03/04/2012,12:41 PM,PROPERTY DAMAGE AND INJURY,1.,0 ,2 ,COLLISION WITH MOTOR VEHICLE,REAR END,TRAFFIC SIGNAL,DAYLIGHT,CLOUDY,WET
6836 ,34268149,MONROE,Rochester,,,Y,43.175441,-77.591233,02/22/2012,6:51 PM,INJURY,1.,0 ,1 ,COLLISION WITH PEDESTRIAN,OTHER,TRAFFIC SIGNAL,DARK-ROAD LIGHTED,RAIN,WET
6836 ,34268151,MONROE,Rochester,,,Y,43.193835,-77.629001,02/22/2012,10:16 AM,PROPERTY DAMAGE AND INJURY,1.,0 ,2 ,COLLISION WITH MOTOR VEHICLE,LEFT TURN (AGAINST OTHER CAR),TRAFFIC SIGNAL,DAYLIGHT,CLOUDY,DRY
6836 ,34268430,MONROE,Greece,,,N,43.1927831,-77.6753532,03/01/2012,10:15 AM,INJURY,1.,0 ,2 ,COLLISION WITH MOTOR VEHICLE,OVERTAKING,NONE,DAYLIGHT,CLEAR,DRY
6836 ,34268431,MONROE,Rochester,,,Y,43.15599,-77.581982,03/07/2012,6:38 PM,PROPERTY DAMAGE AND INJURY,1.,0 ,2 ,COLLISION WITH MOTOR VEHICLE,LEFT TURN (AGAINST OTHER CAR),STOP SIGN,DAYLIGHT,CLOUDY,DRY
6836 ,34268491,MONROE,Rochester,,,Y,43.165738,-77.6316831,02/15/2012,8:36 AM,INJURY,1.,0 ,1 ,COLLISION WITH BICYCLIST,OTHER,NONE,DAYLIGHT,CLEAR,WET
6836 ,34268510,MONROE,Rochester,,,N,43.1431681,-77.6573997,03/05/2012,8:56 AM,INJURY,1.,0 ,1 ,COLLISION WITH PEDESTRIAN,OTHER,NONE,DAYLIGHT,CLEAR,DRY
6836 ,34268854,MONROE,Rochester,,,N,43.180856,-77.597979,02/22/2012,3:25 PM,INJURY,2.,0 ,2 ,COLLISION WITH MOTOR VEHICLE,REAR END,NONE,DAYLIGHT,RAIN,WET
6836 ,34268855,MONROE,Rochester,,,Y,43.182117,-77.595484,02/23/2012,11:50 AM,PROPERTY DAMAGE AND INJURY,2.,0 ,2 ,COLLISION WITH MOTOR VEHICLE,RIGHT ANGLE,STOP SIGN,DAYLIGHT,CLOUDY,WET
6836 ,34268906,MONROE,Greece,,,Y,43.223738,-77.640451,02/17/2012,11:57 AM,INJURY,1.,0 ,2 ,COLLISION WITH MOTOR VEHICLE,REAR END,TRAFFIC SIGNAL,DAYLIGHT,CLEAR,DRY
6836 ,34269049,MONROE,Rochester,,,Y,43.166758,-77.566577,03/09/2012,11:21 AM,INJURY,1.,0 ,1 ,COLLISION WITH PEDESTRIAN,OTHER,NONE,DAYLIGHT,CLOUDY,WET
6836 ,34269050,MONROE,Rochester,,,N,43.142278,-77.586219,03/09/2012,7:45 PM,INJURY,1.,0 ,1 ,COLLISION WITH BICYCLIST,OTHER,TRAFFIC SIGNAL,DARK-ROAD LIGHTED,CLEAR,DRY
6836 ,34269165,MONROE,Rochester,,,N,43.204209,-77.659304,02/14/2012,4:38 PM,INJURY,1.,0 ,1 ,COLLISION WITH BICYCLIST,OTHER,NONE,DAYLIGHT,CLOUDY,WET
6836 ,34269166,MONROE,Greece,,,Y,43.228133,-77.633825,02/11/2012,9:06 AM,INJURY,1.,0 ,1 ,COLL. W/LIGHT SUPPORT/UTILITY POLE,OTHER,NONE,DAYLIGHT,SNOW,SNOW/ICE
6836 ,34269667,MONROE,Greece,,,Y,43.225318,-77.665761,04/11/2012,8:25 PM,PROPERTY DAMAGE AND INJURY,1.,0 ,1 ,OVERTURNED,OTHER,NONE,DUSK,CLOUDY,DRY
6836 ,34269679,MONROE,Greece,,,N,43.2052426,-77.6563094,04/10/2012,5:49 PM,PROPERTY DAMAGE AND INJURY,1.,0 ,3 ,COLLISION WITH MOTOR VEHICLE,OTHER,NONE,DAYLIGHT,CLEAR,DRY
6836 ,34269996,MONROE,Penfield,,441 43011057,N,43.1306032,-77.4320622,03/26/2012,8:02 PM,PROPERTY DAMAGE AND INJURY,1.,0 ,2 ,COLLISION WITH MOTOR VEHICLE,REAR END,TRAFFIC SIGNAL,DARK-ROAD LIGHTED,CLOUDY,DRY
6836 ,34269999,MONROE,Pittsford,,,N,43.0773046,-77.5340231,04/13/2012,9:51 PM,INJURY,1.,0 ,1 ,COLL. W/LIGHT SUPPORT/UTILITY POLE,OTHER,NONE,DARK-ROAD UNLIGHTED,CLEAR,DRY
6836 ,34270000,MONROE,Perinton,,,N,43.082482,-77.4217753,04/08/2012,3:46 AM,PROPERTY DAMAGE AND INJURY,2.,0 ,2 ,COLLISION WITH MOTOR VEHICLE,RIGHT ANGLE,NONE,DARK-ROAD UNLIGHTED,CLEAR,DRY
6836 ,34270001,MONROE,Perinton,,31 43031108,N,43.0644801,-77.3975003,04/10/2012,10:05 PM,PROPERTY DAMAGE AND INJURY,1.,0 ,1 ,COLLISION WITH BICYCLIST,OTHER,NONE,DARK-ROAD LIGHTED,CLOUDY,DRY
6836 ,34270011,MONROE,Irondequoit,,,Y,43.199133,-77.60926,04/13/2012,12:13 PM,PROPERTY DAMAGE AND INJURY,2.,0 ,2 ,COLLISION WITH MOTOR VEHICLE,RIGHT ANGLE,STOP SIGN,DAYLIGHT,CLEAR,DRY
6836 ,34270012,MONROE,Perinton,,,Y,43.079124,-77.4321141,04/14/2012,8:53 PM,PROPERTY DAMAGE AND INJURY,2.,0 ,2 ,COLLISION WITH MOTOR VEHICLE,LEFT TURN (AGAINST OTHER CAR),TRAFFIC SIGNAL,DARK-ROAD LIGHTED,CLEAR,DRY
6836 ,34270014,MONROE,Irondequoit,,,Y,43.2039138,-77.6094089,04/15/2012,8:10 AM,PROPERTY DAMAGE AND INJURY,2.,0 ,1 ,COLLISION WITH CURBING,OTHER,NONE,DAYLIGHT,CLOUDY,DRY
6836 ,34270015,MONROE,Brighton,,31 43033021,N,43.112634,-77.5498834,04/16/2012,3:40 PM,PROPERTY DAMAGE AND INJURY,1.,0 ,3 ,COLLISION WITH MOTOR VEHICLE,OTHER,NONE,DAYLIGHT,CLEAR,DRY
6836 ,34270017,MONROE,Brighton,,,Y,43.095843,-77.581901,04/16/2012,11:18 AM,PROPERTY DAMAGE AND INJURY,1.,0 ,2 ,COLLISION WITH MOTOR VEHICLE,SIDESWIPE,TRAFFIC SIGNAL,DAYLIGHT,CLEAR,DRY
6836 ,34270024,MONROE,Rochester,,,Y,43.152299,-77.595836,04/15/2012,2:40 AM,INJURY,1.,0 ,3 ,COLLISION WITH MOTOR VEHICLE,OTHER,TRAFFIC SIGNAL,DARK-ROAD LIGHTED,CLEAR,DRY
6836 ,34270268,MONROE,Greece,,18 43031211,N,43.2446519,-77.6468341,04/15/2012,9:14 PM,PROPERTY DAMAGE AND INJURY,2.,0 ,3 ,COLLISION WITH MOTOR VEHICLE,OTHER,NO PASSING ZONE,DARK-ROAD LIGHTED,CLOUDY,WET
6836 ,34270269,MONROE,Greece,,,Y,43.186914,-77.701511,04/13/2012,1:28 PM,PROPERTY DAMAGE AND INJURY,1.,0 ,1 ,COLLISION WITH BICYCLIST,OTHER,TRAFFIC SIGNAL,DAYLIGHT,CLEAR,DRY
6836 ,34270523,MONROE,Webster,,,Y,43.230757,-77.446682,04/16/2012,3:37 PM,PROPERTY DAMAGE AND INJURY,3.,0 ,2 ,COLLISION WITH MOTOR VEHICLE,LEFT TURN (WITH OTHER CAR),TRAFFIC SIGNAL,DAYLIGHT,CLOUDY,DRY
6836 ,34270527,MONROE,Webster,,,N,43.215414,-77.446588,04/11/2012,6:37 PM,INJURY,1.,0 ,2 ,COLLISION WITH MOTOR VEHICLE,REAR END,TRAFFIC SIGNAL,DAYLIGHT,CLEAR,DRY
6836 ,34270528,MONROE,Henrietta,,,N,43.087022,-77.629695,04/16/2012,1:30 PM,INJURY,1.,0 ,2 ,COLLISION WITH MOTOR VEHICLE,REAR END,TRAFFIC SIGNAL,DAYLIGHT,CLEAR,DRY
6836 ,34270529,MONROE,Henrietta,,252 43011101,N,43.0872635,-77.5751542,04/16/2012,3:28 PM,PROPERTY DAMAGE AND INJURY,3.,0 ,4 ,COLLISION WITH MOTOR VEHICLE,OTHER,NONE,DAYLIGHT,CLOUDY,DRY
6836 ,34270533,MONROE,Brighton,,,N,43.108007,-77.615937,04/17/2012,2:38 PM,PROPERTY DAMAGE AND INJURY,1.,0 ,3 ,COLLISION WITH TREE,OTHER,NONE,DAYLIGHT,CLOUDY,DRY
6836 ,34270537,MONROE,Henrietta,,15 43031111,N,43.0897431,-77.6353934,04/16/2012,2:20 PM,PROPERTY DAMAGE AND INJURY,1.,0 ,2 ,COLLISION WITH MOTOR VEHICLE,RIGHT ANGLE,NONE,DAYLIGHT,CLOUDY,DRY
6836 ,34270541,MONROE,Henrietta,,253 43011074,N,43.0592214,-77.6242263,04/16/2012,3:23 PM,PROPERTY DAMAGE AND INJURY,2.,0 ,2 ,COLLISION WITH MOTOR VEHICLE,RIGHT ANGLE,STOP SIGN,DAYLIGHT,CLEAR,DRY
6836 ,34270549,MONROE,Irondequoit,,941B43011003,Y,43.176588,-77.551129,04/11/2012,4:14 PM,PROPERTY DAMAGE AND INJURY,2.,0 ,2 ,COLLISION WITH MOTOR VEHICLE,REAR END,NO PASSING ZONE,DAYLIGHT,CLOUDY,DRY
6836 ,34270550,MONROE,Brighton,,,N,43.1260995,-77.5757889,04/17/2012,10:44 AM,PROPERTY DAMAGE AND INJURY,1.,0 ,1 ,COLLISION WITH CURBING,OTHER,NONE,DAYLIGHT,CLEAR,DRY
6836 ,34270560,MONROE,Rochester,,31 43032048,Y,43.147122,-77.594701,04/16/2012,3:49 PM,INJURY,1.,0 ,1 ,COLLISION WITH PEDESTRIAN,OTHER,TRAFFIC SIGNAL,DAYLIGHT,CLEAR,DRY
6836 ,34270764,MONROE,Webster,,104 43035225,N,43.213201,-77.5262372,04/08/2012,12:01 AM,PROPERTY DAMAGE AND INJURY,1.,0 ,1 ,COLL. W/EARTH ELE./ROCK CUT/DITCH,OTHER,NONE,DARK-ROAD LIGHTED,CLEAR,DRY
6836 ,34270935,MONROE,Rochester,,490I43022043,N,43.1429074,-77.5979724,04/16/2012,7:45 PM,PROPERTY DAMAGE AND INJURY,1.,0 ,1 ,COLLISION WITH OTHER BARRIER,OTHER,NONE,DUSK,CLOUDY,DRY
6836 ,34271216,MONROE,Chili,,490I43021102,N,43.1022685,-77.7872474,04/02/2012,6:30 AM,PROPERTY DAMAGE AND INJURY,1.,0 ,2 ,COLLISION WITH GUIDE RAIL,OVERTAKING,NONE,DARK-ROAD UNLIGHTED,CLEAR,SNOW/ICE
6836 ,34271218,MONROE,Gates,,490I43021176,N,43.1583556,-77.6827452,04/14/2012,7:34 AM,INJURY,1.,0 ,1 ,COLLISION WITH GUIDE RAIL,OTHER,NONE,DAYLIGHT,CLEAR,DRY
6836 ,34271338,MONROE,Irondequoit,,,N,43.196444,-77.5767859,04/03/2012,3:38 PM,PROPERTY DAMAGE AND INJURY,1.,0 ,2 ,COLLISION WITH MOTOR VEHICLE,RIGHT ANGLE,TRAFFIC SIGNAL,DAYLIGHT,CLOUDY,DRY
6836 ,34271339,MONROE,Irondequoit,,,Y,43.196812,-77.594728,04/05/2012,12:03 PM,INJURY,2.,0 ,2 ,COLLISION WITH MOTOR VEHICLE,REAR END,NONE,DAYLIGHT,CLOUDY,DRY
6836 ,34271355,MONROE,Rochester,,,Y,43.15843,-77.615431,04/16/2012,6:15 PM,PROPERTY DAMAGE AND INJURY,4.,0 ,2 ,COLLISION WITH MOTOR VEHICLE,LEFT TURN (AGAINST OTHER CAR),TRAFFIC SIGNAL,DAYLIGHT,CLEAR,DRY
6836 ,34272002,MONROE,Rochester,,490I43022020,N,43.1566677,-77.6340161,04/19/2012,11:40 AM,PROPERTY DAMAGE AND INJURY,2.,0 ,2 ,COLLISION WITH MOTOR VEHICLE,REAR END,NONE,DAYLIGHT,CLEAR,DRY
6836 ,34272042,MONROE,Webster,,104 43035222,N,43.2121905,-77.5317921,04/19/2012,12:10 PM,PROPERTY DAMAGE AND INJURY,1.,0 ,2 ,COLLISION WITH MOTOR VEHICLE,REAR END,HIGHWAY WORK AREA,DAYLIGHT,CLEAR,DRY
6836 ,34272043,MONROE,Rochester,,590I43012003,N,43.1430457,-77.5487219,04/19/2012,8:02 AM,INJURY,1.,0 ,2 ,COLLISION WITH MOTOR VEHICLE,REAR END,NONE,DAYLIGHT,CLEAR,DRY
6836 ,34272166,MONROE,Rochester,,,Y,43.167417,-77.625351,04/16/2012,3:51 PM,INJURY,1.,0 ,2 ,COLLISION WITH MOTOR VEHICLE,LEFT TURN (AGAINST OTHER CAR),TRAFFIC SIGNAL,DAYLIGHT,CLEAR,DRY
6836 ,34272170,MONROE,Rochester,,,N,43.2037385,-77.656229,04/17/2012,4:49 PM,PROPERTY DAMAGE AND INJURY,1.,0 ,2 ,COLLISION WITH MOTOR VEHICLE,REAR END,NONE,DAYLIGHT,CLEAR,DRY
6836 ,34272172,MONROE,Rochester,,,Y,43.142796,-77.6259614,04/18/2012,6:15 PM,PROPERTY DAMAGE AND INJURY,1.,0 ,2 ,COLLISION WITH MOTOR VEHICLE,REAR END,NONE,DAYLIGHT,CLEAR,DRY
6836 ,34272174,MONROE,Rochester,,,Y,43.164635,-77.62777,04/15/2012,2:54 AM,PROPERTY DAMAGE AND INJURY,2.,0 ,2 ,COLLISION WITH MOTOR VEHICLE,RIGHT ANGLE,NONE,DARK-ROAD LIGHTED,OTHER,DRY
6836 ,34272178,MONROE,Rochester,,,Y,43.1616392,-77.6397033,04/14/2012,3:12 PM,INJURY,2.,0 ,1 ,COLLISION WITH PEDESTRIAN,OTHER,NONE,DAYLIGHT,CLEAR,DRY
6836 ,34272621,MONROE,Greece,,,Y,43.23088,-77.6303951,04/20/2012,6:07 PM,PROPERTY DAMAGE AND INJURY,1.,0 ,2 ,COLLISION WITH MOTOR VEHICLE,RIGHT TURN (WITH OTHER CAR),STOP SIGN,DAYLIGHT,CLEAR,DRY
6836 ,34272704,MONROE,Rochester,,,Y,43.144757,-77.6011121,04/14/2012,9:33 PM,PROPERTY DAMAGE AND INJURY,1.,0 ,2 ,COLLISION WITH MOTOR VEHICLE,RIGHT ANGLE,TRAFFIC SIGNAL,DARK-ROAD LIGHTED,CLOUDY,DRY
6836 ,34273034,MONROE,Greece,,386 43011027,N,43.214474,-77.731801,04/19/2012,9:45 AM,PROPERTY DAMAGE AND INJURY,1.,0 ,2 ,COLLISION WITH MOTOR VEHICLE,OVERTAKING,TRAFFIC SIGNAL,DAYLIGHT,CLEAR,DRY
6836 ,34273040,MONROE,Greece,,18 43031180,Y,43.253021,-77.696443,04/21/2012,8:03 AM,PROPERTY DAMAGE AND INJURY,2.,0 ,2 ,COLLISION WITH MOTOR VEHICLE,RIGHT ANGLE,FLASHING LIGHT,DAYLIGHT,RAIN,WET
6836 ,34274542,MONROE,Rochester,,,Y,43.184265,-77.624734,04/06/2012,5:07 AM,PROPERTY DAMAGE AND INJURY,1.,0 ,1 ,COLLISION WITH OTHER FIXED OBJECT,OTHER,TRAFFIC SIGNAL,DARK-ROAD LIGHTED,CLEAR,DRY
6836 ,34274552,MONROE,Rochester,,,N,43.151482,-77.652556,04/22/2012,10:34 PM,PROPERTY DAMAGE AND INJURY,2.,0 ,2 ,COLLISION WITH MOTOR VEHICLE,HEAD ON,NONE,DARK-ROAD LIGHTED,RAIN,WET
6836 ,34274558,MONROE,Rochester,,,Y,43.143646,-77.618125,04/22/2012,6:40 AM,INJURY,1.,0 ,1 ,COLLISION WITH CURBING,OTHER,NONE,DAWN,CLOUDY,WET
6836 ,34274572,MONROE,Rochester,,,Y,43.170793,-77.588162,04/14/2012,4:07 PM,PROPERTY DAMAGE AND INJURY,1.,0 ,2 ,COLLISION WITH MOTOR VEHICLE,RIGHT ANGLE,STOP SIGN,DAYLIGHT,CLEAR,DRY
6836 ,34274573,MONROE,Rochester,,,N,43.1616274,-77.5862616,04/21/2012,11:49 PM,PROPERTY DAMAGE AND INJURY,1.,0 ,1 ,COLLISION WITH PEDESTRIAN,OTHER,NONE,DARK-ROAD LIGHTED,CLOUDY,DRY
6836 ,34276007,MONROE,Rochester,,,Y,43.193835,-77.629001,03/23/2012,9:30 AM,PROPERTY DAMAGE AND INJURY,1.,0 ,2 ,COLLISION WITH MOTOR VEHICLE,HEAD ON,NONE,DAYLIGHT,CLOUDY,DRY
6836 ,34276012,MONROE,Greece,,,Y,43.231164,-77.69675,03/14/2012,7:06 AM,PROPERTY DAMAGE AND INJURY,1.,0 ,2 ,COLLISION WITH MOTOR VEHICLE,REAR END,TRAFFIC SIGNAL,DAYLIGHT,CLEAR,DRY
6836 ,34276105,MONROE,Greece,,104 43031142,Y,43.213408,-77.726948,03/19/2012,6:22 PM,PROPERTY DAMAGE AND INJURY,2.,0 ,2 ,COLLISION WITH MOTOR VEHICLE,RIGHT ANGLE,TRAFFIC SIGNAL,DAYLIGHT,CLEAR,DRY
6836 ,34276787,MONROE,Sweden,,,N,43.1983516,-77.9416688,04/16/2012,1:55 PM,INJURY,1.,0 ,1 ,COLLISION WITH PEDESTRIAN,OTHER,NONE,DAYLIGHT,CLEAR,DRY
6836 ,34276835,MONROE,Rochester,,,Y,43.146182,-77.602189,03/07/2012,1:50 PM,INJURY,1.,0 ,2 ,COLLISION WITH MOTOR VEHICLE,OTHER,UNKNOWN,UNKNOWN,UNKNOWN,UNKNOWN
6836 ,34276978,MONROE,Rochester,,,Y,43.182626,-77.638847,04/18/2012,4:42 PM,PROPERTY DAMAGE AND INJURY,1.,0 ,2 ,COLLISION WITH MOTOR VEHICLE,OVERTAKING,NONE,DAYLIGHT,CLEAR,DRY
6836 ,34277126,MONROE,Rochester,,,N,43.1774637,-77.6394588,04/22/2012,8:17 PM,INJURY,1.,0 ,1 ,COLLISION WITH PEDESTRIAN,OTHER,NONE,DUSK,CLOUDY,DRY
6836 ,34277941,MONROE,Greece,,,Y,43.223974,-77.6418071,10/18/2011,1:45 PM,INJURY,1.,0 ,1 ,COLLISION WITH BICYCLIST,OTHER,TRAFFIC SIGNAL,DAYLIGHT,CLOUDY,DRY
6836 ,34278596,MONROE,Brighton,,,N,43.0960256,-77.6124333,03/09/2012,12:20 PM,PROPERTY DAMAGE AND INJURY,1.,0 ,2 ,COLLISION WITH MOTOR VEHICLE,REAR END,TRAFFIC SIGNAL,UNKNOWN,UNKNOWN,UNKNOWN
6836 ,34278747,MONROE,Perinton,,,Y,43.122431,-77.43219,03/09/2012,8:20 AM,PROPERTY DAMAGE AND INJURY,1.,0 ,2 ,COLLISION WITH MOTOR VEHICLE,REAR END,STOPPED SCHOOL BUS W/RED LIGHT FLSH,DAYLIGHT,CLEAR,DRY
6836 ,34279030,MONROE,Henrietta,,,Y,43.094013,-77.633076,12/09/2011,11:00 AM,INJURY,1.,0 ,2 ,COLLISION WITH MOTOR VEHICLE,REAR END,UNKNOWN,UNKNOWN,UNKNOWN,UNKNOWN
6836 ,34279346,MONROE,Rochester,,,Y,43.13893,-77.580287,03/28/2012,5:33 PM,PROPERTY DAMAGE AND INJURY,2.,0 ,2 ,COLLISION WITH MOTOR VEHICLE,REAR END,UNKNOWN,UNKNOWN,UNKNOWN,UNKNOWN
6836 ,34280564,MONROE,Rochester,,,N,43.1570353,-77.6137503,04/03/2012,1:40 PM,PROPERTY DAMAGE AND INJURY,2.,0 ,3 ,COLLISION WITH MOTOR VEHICLE,OTHER,NONE,DAYLIGHT,CLEAR,DRY
6836 ,34280607,MONROE,Rochester,,,Y,43.183555,-77.585125,04/07/2012,10:09 PM,INJURY,2.,0 ,1 ,COLL. W/LIGHT SUPPORT/UTILITY POLE,OTHER,NONE,DARK-ROAD LIGHTED,CLEAR,DRY
6836 ,34280666,MONROE,Rochester,,,Y,43.15843,-77.615431,03/26/2012,6:56 AM,PROPERTY DAMAGE AND INJURY,1.,0 ,2 ,COLLISION WITH MOTOR VEHICLE,HEAD ON,TRAFFIC SIGNAL,DAYLIGHT,CLEAR,DRY
6836 ,34281155,MONROE,Rochester,,,N,43.1767779,-77.6394603,01/23/2012,9:59 AM,PROPERTY DAMAGE AND INJURY,2.,0 ,2 ,COLLISION WITH MOTOR VEHICLE,REAR END,NONE,DAYLIGHT,RAIN,WET
6836 ,34281562,MONROE,Rochester,,,N,43.1718296,-77.6378369,04/18/2012,11:07 AM,PROPERTY DAMAGE AND INJURY,1.,0 ,3 ,COLLISION WITH MOTOR VEHICLE,OTHER,NONE,DAYLIGHT,CLEAR,DRY
6836 ,34281979,MONROE,Rochester,,,Y,43.160213,-77.606934,04/15/2012,9:43 AM,PROPERTY DAMAGE AND INJURY,1.,0 ,1 ,COLLISION WITH OTHER,OTHER,NONE,DAYLIGHT,CLEAR,DRY
6836 ,34281984,MONROE,Rochester,,,Y,43.150263,-77.636096,04/12/2012,1:18 PM,PROPERTY DAMAGE AND INJURY,2.,0 ,2 ,COLLISION WITH MOTOR VEHICLE,RIGHT ANGLE,TRAFFIC SIGNAL,DAYLIGHT,CLEAR,DRY