QUERYID,CASE #,REGN_CNTY_CDE,Municipality,MUNITYPE,REF_MRKR,ATINTERSECTION_IND,Lat,Long,,Time,Crash Type,Injuries,Fatalities,Number of Vehicles,ACCD_TYP,COLLISION_TYP,TRAF_CNTL,Light Condition,Weather Condition,Road Surface Condition
6836 ,34282042,MONROE,Perinton,,,N,43.078814,-77.485447,03/14/2012,12:00 AM,INJURY,1.,0 ,2 ,COLLISION WITH MOTOR VEHICLE,REAR END,UNKNOWN,UNKNOWN,UNKNOWN,UNKNOWN
6836 ,34283155,MONROE,Ogden,,,N,43.1426564,-77.8665526,04/23/2012,6:10 AM,INJURY,1.,0 ,1 ,COLLISION WITH TREE,OTHER,NONE,DAYLIGHT,SNOW,SNOW/ICE
6836 ,34283156,MONROE,Ogden,,,Y,43.165801,-77.875154,04/18/2012,4:17 PM,PROPERTY DAMAGE AND INJURY,1.,0 ,2 ,COLLISION WITH MOTOR VEHICLE,LEFT TURN (AGAINST OTHER CAR),NONE,DAYLIGHT,CLEAR,DRY
6836 ,34283159,MONROE,Spencerport,,,Y,43.192804,-77.8036,04/21/2012,10:26 AM,PROPERTY DAMAGE AND INJURY,1.,0 ,1 ,COLLISION WITH SIGN POST,OTHER,STOP SIGN,DAYLIGHT,RAIN,WET
6836 ,34283163,MONROE,Webster,,250 43011127,N,43.2134503,-77.4302827,04/20/2012,5:01 PM,INJURY,1.,0 ,2 ,COLLISION WITH MOTOR VEHICLE,RIGHT ANGLE,NONE,DAYLIGHT,CLEAR,DRY
6836 ,34283164,MONROE,Webster,,,N,43.2065764,-77.4693752,04/17/2012,12:35 PM,PROPERTY DAMAGE AND INJURY,1.,0 ,3 ,COLLISION WITH MOTOR VEHICLE,OTHER,NONE,DAYLIGHT,CLEAR,DRY
6836 ,34283169,MONROE,Parma,,,N,43.2951765,-77.7751778,04/08/2012,12:40 AM,PROPERTY DAMAGE AND INJURY,1.,0 ,1 ,COLLISION WITH GUIDE RAIL,OTHER,NONE,DARK-ROAD UNLIGHTED,CLEAR,DRY
6836 ,34283172,MONROE,Chili,,,N,43.1139153,-77.7456321,04/16/2012,4:12 PM,PROPERTY DAMAGE AND INJURY,1.,0 ,2 ,COLLISION WITH MOTOR VEHICLE,REAR END,NONE,DAYLIGHT,CLOUDY,DRY
6836 ,34283174,MONROE,Ogden,,531 43012027,N,43.17821,-77.8016176,04/19/2012,5:49 PM,PROPERTY DAMAGE AND INJURY,2.,0 ,2 ,COLLISION WITH MOTOR VEHICLE,REAR END,NONE,DAYLIGHT,CLEAR,DRY
6836 ,34283175,MONROE,Henrietta,,252 43011056,N,43.0926723,-77.6619356,04/21/2012,12:43 PM,INJURY,2.,0 ,2 ,COLLISION WITH MOTOR VEHICLE,REAR END,NONE,DAYLIGHT,RAIN,WET
6836 ,34283177,MONROE,Gates,,,N,43.1647,-77.683045,04/20/2012,11:58 AM,INJURY,1.,0 ,2 ,COLLISION WITH MOTOR VEHICLE,REAR END,TRAFFIC SIGNAL,DAYLIGHT,CLEAR,DRY
6836 ,34283178,MONROE,Ogden,,,N,43.1267845,-77.7980839,04/22/2012,12:55 PM,PROPERTY DAMAGE AND INJURY,1.,0 ,1 ,COLLISION WITH CURBING,OTHER,NONE,DAYLIGHT,CLOUDY,DRY
6836 ,34283180,MONROE,Webster,,,N,43.2154854,-77.4094184,04/20/2012,2:00 AM,PROPERTY DAMAGE AND INJURY,1.,0 ,1 ,COLLISION WITH TREE,OTHER,NONE,DARK-ROAD UNLIGHTED,CLOUDY,DRY
6836 ,34283187,MONROE,Chili,,490I43021121,N,43.1171275,-77.7646418,04/21/2012,12:30 AM,PROPERTY DAMAGE AND INJURY,1.,0 ,1 ,OVERTURNED,OTHER,NONE,DARK-ROAD UNLIGHTED,CLEAR,DRY
6836 ,34283199,MONROE,Perinton,,250 43011051,N,43.1084755,-77.4418028,04/18/2012,3:32 PM,INJURY,1.,0 ,2 ,COLLISION WITH MOTOR VEHICLE,REAR END,TRAFFIC SIGNAL,DAYLIGHT,CLEAR,DRY
6836 ,34283202,MONROE,Chili,,252 43011012,N,43.0954856,-77.7440512,04/18/2012,6:00 AM,PROPERTY DAMAGE AND INJURY,1.,0 ,1 ,COLLISION WITH DEER,OTHER,NONE,DAWN,CLEAR,DRY
6836 ,34283211,MONROE,Brighton,,15A43041128,N,43.1060644,-77.6157495,04/20/2012,1:44 PM,PROPERTY DAMAGE AND INJURY,1.,0 ,3 ,COLLISION WITH MOTOR VEHICLE,OTHER,TRAFFIC SIGNAL,DAYLIGHT,CLEAR,DRY
6836 ,34283215,MONROE,Brighton,,,Y,43.126453,-77.564608,04/21/2012,11:18 AM,PROPERTY DAMAGE AND INJURY,1.,0 ,1 ,COLLISION WITH BICYCLIST,OTHER,TRAFFIC SIGNAL,DAYLIGHT,RAIN,WET
6836 ,34283216,MONROE,Pittsford,,490I43023048,N,43.0890489,-77.4987411,04/19/2012,5:31 PM,PROPERTY DAMAGE AND INJURY,1.,0 ,2 ,COLLISION WITH MOTOR VEHICLE,REAR END,NONE,DAYLIGHT,CLEAR,DRY
6836 ,34283222,MONROE,Pittsford,,96 43051079,N,43.1194183,-77.5192846,04/23/2012,3:05 PM,INJURY,1.,0 ,2 ,COLLISION WITH MOTOR VEHICLE,REAR END,YIELD SIGN,DAYLIGHT,RAIN,WET
6836 ,34283223,MONROE,Perinton,,,Y,43.079124,-77.4321141,04/20/2012,3:46 PM,PROPERTY DAMAGE AND INJURY,2.,0 ,3 ,COLLISION WITH MOTOR VEHICLE,OTHER,TRAFFIC SIGNAL,DAYLIGHT,CLEAR,DRY
6836 ,34283225,MONROE,Henrietta,,,N,43.0891642,-77.6410054,04/19/2012,11:28 PM,INJURY,1.,0 ,2 ,COLLISION WITH MOTOR VEHICLE,LEFT TURN (AGAINST OTHER CAR),NONE,DARK-ROAD UNLIGHTED,CLEAR,DRY
6836 ,34283229,MONROE,Irondequoit,,,Y,43.176534,-77.5525871,04/18/2012,4:22 PM,PROPERTY DAMAGE AND INJURY,1.,0 ,2 ,COLLISION WITH MOTOR VEHICLE,RIGHT ANGLE,STOP SIGN,DAYLIGHT,CLEAR,DRY
6836 ,34283242,MONROE,Spencerport,,,Y,43.192804,-77.8036,04/24/2012,11:10 AM,PROPERTY DAMAGE AND INJURY,1.,0 ,2 ,COLLISION WITH MOTOR VEHICLE,RIGHT ANGLE,STOP SIGN,DAYLIGHT,CLOUDY,DRY
6836 ,34283248,MONROE,Perinton,,,N,43.0584829,-77.4666926,04/06/2012,7:35 AM,INJURY,1.,0 ,2 ,COLLISION WITH MOTOR VEHICLE,RIGHT ANGLE,NONE,DAYLIGHT,CLEAR,DRY
6836 ,34283250,MONROE,Sweden,,260 43011014,N,43.2181725,-77.8926698,04/23/2012,2:29 PM,PROPERTY DAMAGE AND INJURY,1.,0 ,4 ,COLLISION WITH MOTOR VEHICLE,OTHER,NONE,DAYLIGHT,RAIN,WET
6836 ,34283254,MONROE,Penfield,,,N,43.1299389,-77.4758803,04/14/2012,10:01 AM,INJURY,1.,0 ,2 ,COLLISION WITH MOTOR VEHICLE,REAR END,NO PASSING ZONE,DAYLIGHT,CLEAR,DRY
6836 ,34283255,MONROE,Pittsford,,,Y,43.081002,-77.494156,04/17/2012,9:25 AM,PROPERTY DAMAGE AND INJURY,1.,0 ,2 ,COLLISION WITH MOTOR VEHICLE,LEFT TURN (AGAINST OTHER CAR),TRAFFIC SIGNAL,DAYLIGHT,CLEAR,DRY
6836 ,34283257,MONROE,Perinton,,,N,43.0570507,-77.4320966,04/22/2012,10:50 AM,PROPERTY DAMAGE AND INJURY,2.,0 ,2 ,COLLISION WITH MOTOR VEHICLE,REAR END,NONE,DAYLIGHT,CLOUDY,WET
6836 ,34283264,MONROE,Penfield,,404 43035042,N,43.1751039,-77.5208714,04/23/2012,5:50 AM,PROPERTY DAMAGE AND INJURY,1.,0 ,2 ,COLLISION WITH MOTOR VEHICLE,SIDESWIPE,NONE,DARK-ROAD LIGHTED,SNOW,SLUSH
6836 ,34283265,MONROE,Gates,,,Y,43.174769,-77.732359,04/22/2012,6:18 PM,INJURY,1.,0 ,3 ,COLLISION WITH MOTOR VEHICLE,OTHER,TRAFFIC SIGNAL,DAYLIGHT,CLOUDY,WET
6836 ,34283270,MONROE,Perinton,,,Y,43.05491,-77.471672,04/10/2012,8:59 AM,PROPERTY DAMAGE AND INJURY,1.,0 ,2 ,COLLISION WITH MOTOR VEHICLE,OVERTAKING,NONE,DAYLIGHT,CLEAR,DRY
6836 ,34283275,MONROE,Pittsford,,,N,43.1023766,-77.5305946,04/17/2012,8:35 AM,PROPERTY DAMAGE AND INJURY,1.,0 ,2 ,COLLISION WITH MOTOR VEHICLE,REAR END,NONE,DAYLIGHT,CLEAR,DRY
6836 ,34283376,MONROE,Clarkson,,104 43031058,N,43.2253633,-77.8901522,04/15/2012,2:08 PM,PROPERTY DAMAGE AND INJURY,4.,0 ,2 ,COLLISION WITH MOTOR VEHICLE,RIGHT ANGLE,TRAFFIC SIGNAL,DAYLIGHT,CLOUDY,WET
6836 ,34283380,MONROE,Penfield,,104 43035053,N,43.1842884,-77.5068663,04/17/2012,1:48 PM,PROPERTY DAMAGE AND INJURY,2.,0 ,2 ,COLLISION WITH MOTOR VEHICLE,LEFT TURN (AGAINST OTHER CAR),NONE,DAYLIGHT,CLEAR,DRY
6836 ,34283381,MONROE,Mendon,,,Y,42.997778,-77.504667,04/19/2012,9:10 AM,PROPERTY DAMAGE AND INJURY,1.,0 ,2 ,COLLISION WITH MOTOR VEHICLE,RIGHT ANGLE,FLASHING LIGHT,DAYLIGHT,CLOUDY,DRY
6836 ,34283382,MONROE,Penfield,,,N,43.12762,-77.4945049,04/18/2012,4:15 PM,PROPERTY DAMAGE AND INJURY,1.,0 ,2 ,COLLISION WITH MOTOR VEHICLE,RIGHT ANGLE,TRAFFIC SIGNAL,DAYLIGHT,CLEAR,DRY
6836 ,34283398,MONROE,Ogden,,531 43012018,N,43.1802429,-77.8194356,04/19/2012,5:12 PM,PROPERTY DAMAGE AND INJURY,3.,0 ,2 ,COLLISION WITH MEDIAN/BARRIER,RIGHT ANGLE,NONE,DAYLIGHT,CLEAR,DRY
6836 ,34283403,MONROE,Henrietta,,15 43031098,N,43.0723854,-77.6447132,04/18/2012,4:03 PM,INJURY,1.,0 ,2 ,COLLISION WITH MOTOR VEHICLE,REAR END,NONE,DAYLIGHT,CLEAR,DRY
6836 ,34283409,MONROE,Irondequoit,,,Y,43.210599,-77.6009239,04/15/2012,8:19 PM,INJURY,1.,0 ,1 ,COLLISION WITH CURBING,OTHER,TRAFFIC SIGNAL,DARK-ROAD LIGHTED,CLOUDY,DRY
6836 ,34283530,MONROE,Rochester,,,Y,43.243108,-77.619049,04/23/2012,4:52 PM,PROPERTY DAMAGE AND INJURY,1.,0 ,2 ,COLLISION WITH MOTOR VEHICLE,RIGHT ANGLE,NONE,DAYLIGHT,RAIN,WET
6836 ,34283533,MONROE,Rochester,,,Y,43.153464,-77.588178,04/25/2012,7:20 AM,PROPERTY DAMAGE AND INJURY,2.,0 ,2 ,COLLISION WITH MOTOR VEHICLE,RIGHT ANGLE,TRAFFIC SIGNAL,DAYLIGHT,CLEAR,DRY
6836 ,34283543,MONROE,Rochester,,,Y,43.179212,-77.659079,04/19/2012,3:12 PM,PROPERTY DAMAGE AND INJURY,2.,0 ,2 ,COLLISION WITH MOTOR VEHICLE,OTHER,STOP SIGN,DAYLIGHT,CLEAR,DRY
6836 ,34283562,MONROE,Rochester,,,Y,43.140375,-77.657994,04/17/2012,4:28 PM,INJURY,1.,0 ,2 ,COLLISION WITH MOTOR VEHICLE,RIGHT ANGLE,STOP SIGN,DAYLIGHT,CLEAR,DRY
6836 ,34283593,MONROE,Greece,,,N,43.2176743,-77.6966268,04/23/2012,3:52 PM,PROPERTY DAMAGE AND INJURY,3.,0 ,3 ,COLLISION WITH MOTOR VEHICLE,OTHER,NONE,DAYLIGHT,RAIN,WET
6836 ,34283594,MONROE,Greece,,,N,43.2315997,-77.6590778,04/21/2012,1:08 PM,PROPERTY DAMAGE AND INJURY,3.,0 ,3 ,COLLISION WITH MOTOR VEHICLE,OTHER,NONE,DAYLIGHT,RAIN,WET
6836 ,34283896,MONROE,Greece,,390 43011073,N,43.2605792,-77.6672722,04/24/2012,5:08 PM,PROPERTY DAMAGE AND INJURY,1.,0 ,2 ,COLLISION WITH MOTOR VEHICLE,REAR END,NONE,DAYLIGHT,CLOUDY,WET
6836 ,34283899,MONROE,Gates,,390I43037007,N,43.1387817,-77.6672078,04/23/2012,7:25 AM,PROPERTY DAMAGE AND INJURY,1.,0 ,2 ,COLLISION WITH GUIDE RAIL,REAR END,NONE,DAYLIGHT,SNOW,SNOW/ICE
6836 ,34283900,MONROE,Rochester,,390I43032001,N,43.1178842,-77.6362315,04/23/2012,9:05 AM,PROPERTY DAMAGE AND INJURY,1.,0 ,2 ,COLLISION WITH MOTOR VEHICLE,REAR END,NONE,DAYLIGHT,SNOW,WET
6836 ,34283906,MONROE,Henrietta,,15 43031098,Y,43.072662,-77.644567,04/25/2012,8:13 PM,PROPERTY DAMAGE AND INJURY,1.,0 ,2 ,COLLISION WITH MOTOR VEHICLE,LEFT TURN (AGAINST OTHER CAR),TRAFFIC SIGNAL,DUSK,CLEAR,DRY
6836 ,34283914,MONROE,Pittsford,,252 43011127,N,43.0873437,-77.522727,04/21/2012,3:22 PM,PROPERTY DAMAGE AND INJURY,1.,0 ,2 ,COLLISION WITH MOTOR VEHICLE,REAR END,NONE,DAYLIGHT,RAIN,WET
6836 ,34283923,MONROE,Rochester,,,N,43.1604565,-77.6046272,04/14/2012,2:25 AM,INJURY,1.,0 ,1 ,COLLISION WITH PEDESTRIAN,OTHER,NONE,DARK-ROAD LIGHTED,CLEAR,DRY
6836 ,34283924,MONROE,Rochester,,,Y,43.164636,-77.6251985,04/19/2012,2:30 PM,INJURY,1.,0 ,3 ,COLLISION WITH MOTOR VEHICLE,OTHER,NONE,DAYLIGHT,CLEAR,DRY
6836 ,34283933,MONROE,Gates,,940L43011001,Y,43.130857,-77.689883,04/25/2012,4:45 PM,PROPERTY DAMAGE AND INJURY,1.,0 ,2 ,COLLISION WITH MOTOR VEHICLE,RIGHT ANGLE,TRAFFIC SIGNAL,DAYLIGHT,CLEAR,DRY
6836 ,34284517,MONROE,Henrietta,,,Y,43.072422,-77.6601261,04/18/2012,8:58 PM,PROPERTY DAMAGE AND INJURY,1.,0 ,2 ,COLLISION WITH MOTOR VEHICLE,RIGHT ANGLE,STOP SIGN,DARK-ROAD LIGHTED,CLEAR,DRY
6836 ,34284521,MONROE,Brockport,,19 43041052,N,43.2069101,-77.941102,04/13/2012,2:08 PM,PROPERTY DAMAGE AND INJURY,1.,0 ,2 ,COLLISION WITH MOTOR VEHICLE,REAR END,NONE,DAYLIGHT,CLEAR,DRY
6836 ,34284525,MONROE,Brighton,,441 43011105,Y,43.126286,-77.519972,04/26/2012,9:59 AM,PROPERTY DAMAGE AND INJURY,2.,0 ,2 ,COLLISION WITH MOTOR VEHICLE,UNKNOWN,TRAFFIC SIGNAL,DAYLIGHT,CLEAR,DRY
6836 ,34284672,MONROE,Irondequoit,,590 43013004,N,43.1729299,-77.5404623,04/26/2012,8:15 PM,PROPERTY DAMAGE AND INJURY,2.,0 ,2 ,COLLISION WITH MOTOR VEHICLE,REAR END,NONE,DARK-ROAD LIGHTED,CLOUDY,WET
6836 ,34285041,MONROE,Perinton,,,N,43.0698809,-77.4463375,04/24/2012,5:16 PM,PROPERTY DAMAGE AND INJURY,2.,0 ,2 ,COLLISION WITH MOTOR VEHICLE,RIGHT ANGLE,TRAFFIC SIGNAL,DAYLIGHT,CLOUDY,WET
6836 ,34285060,MONROE,Rochester,,,N,43.130495,-77.6362931,04/24/2012,9:38 PM,INJURY,1.,0 ,1 ,COLLISION WITH PEDESTRIAN,OTHER,NONE,DARK-ROAD LIGHTED,CLEAR,DRY
6836 ,34285063,MONROE,Rochester,,,Y,43.126365,-77.642696,04/27/2012,5:27 AM,PROPERTY DAMAGE AND INJURY,1.,0 ,2 ,COLLISION WITH MOTOR VEHICLE,RIGHT ANGLE,STOP SIGN,DARK-ROAD LIGHTED,CLOUDY,WET
6836 ,34285076,MONROE,Rochester,,,Y,43.17571,-77.630108,04/26/2012,9:00 AM,PROPERTY DAMAGE AND INJURY,1.,0 ,2 ,COLLISION WITH MOTOR VEHICLE,REAR END,TRAFFIC SIGNAL,DAYLIGHT,CLEAR,DRY
6836 ,34285078,MONROE,Rochester,,,N,43.1701516,-77.6121677,04/26/2012,2:08 PM,PROPERTY DAMAGE AND INJURY,1.,0 ,2 ,COLLISION WITH MOTOR VEHICLE,REAR END,TRAFFIC SIGNAL,DAYLIGHT,CLEAR,DRY
6836 ,34285080,MONROE,Rochester,,33 43032024,Y,43.152234,-77.627599,04/24/2012,2:53 PM,PROPERTY DAMAGE AND INJURY,1.,0 ,2 ,COLLISION WITH MOTOR VEHICLE,LEFT TURN (AGAINST OTHER CAR),NONE,DAYLIGHT,RAIN,WET
6836 ,34285081,MONROE,Rochester,,,Y,43.162139,-77.623063,04/21/2012,12:28 PM,PROPERTY DAMAGE AND INJURY,1.,0 ,2 ,COLLISION WITH MOTOR VEHICLE,RIGHT ANGLE,TRAFFIC SIGNAL,DAYLIGHT,RAIN,WET
6836 ,34285093,MONROE,Rochester,,,Y,43.173324,-77.612791,04/25/2012,1:48 PM,PROPERTY DAMAGE AND INJURY,1.,0 ,2 ,COLLISION WITH MOTOR VEHICLE,REAR END,NONE,DAYLIGHT,CLEAR,DRY
6836 ,34285336,MONROE,Greece,,,N,43.2481077,-77.660672,04/25/2012,2:25 PM,PROPERTY DAMAGE AND INJURY,1.,0 ,1 ,COLLISION WITH TREE,OTHER,NONE,DAYLIGHT,CLEAR,DRY
6836 ,34285342,MONROE,Greece,,,Y,43.223658,-77.677773,04/23/2012,7:18 PM,PROPERTY DAMAGE AND INJURY,1.,0 ,2 ,COLLISION WITH MOTOR VEHICLE,REAR END,TRAFFIC SIGNAL,DAYLIGHT,RAIN,WET
6836 ,34285343,MONROE,Greece,,18 43031194,N,43.252886,-77.667925,04/26/2012,7:49 AM,PROPERTY DAMAGE AND INJURY,1.,0 ,2 ,COLLISION WITH MOTOR VEHICLE,RIGHT ANGLE,TRAFFIC SIGNAL,DAYLIGHT,CLOUDY,DRY
6836 ,34285344,MONROE,Greece,,104 43031128,Y,43.217407,-77.752683,04/26/2012,9:51 AM,PROPERTY DAMAGE AND INJURY,1.,0 ,2 ,COLLISION WITH MOTOR VEHICLE,LEFT TURN (AGAINST OTHER CAR),TRAFFIC SIGNAL,DAYLIGHT,CLEAR,DRY
6836 ,34285534,MONROE,Chili,,383 43011142,Y,43.112351,-77.6707771,04/23/2012,2:41 PM,PROPERTY DAMAGE AND INJURY,1.,0 ,2 ,COLLISION WITH MOTOR VEHICLE,SIDESWIPE,NONE,DAYLIGHT,RAIN,WET
6836 ,34285536,MONROE,Gates,,490I43021173,N,43.15708,-77.6866017,04/16/2012,5:31 PM,INJURY,1.,0 ,2 ,COLLISION WITH MOTOR VEHICLE,OTHER,NONE,DAYLIGHT,CLEAR,DRY
6836 ,34285541,MONROE,Irondequoit,,,Y,43.193649,-77.574735,04/28/2012,2:43 PM,PROPERTY DAMAGE AND INJURY,1.,0 ,2 ,COLLISION WITH MOTOR VEHICLE,RIGHT TURN (WITH OTHER CAR),STOP SIGN,DAYLIGHT,CLEAR,DRY
6836 ,34285727,MONROE,Greece,,,N,43.1875762,-77.698468,04/28/2012,7:07 AM,PROPERTY DAMAGE AND INJURY,2.,0 ,2 ,COLLISION WITH MOTOR VEHICLE,REAR END,TRAFFIC SIGNAL,DAWN,CLEAR,DRY
6836 ,34285891,MONROE,Brighton,,390I43031141,N,43.1080267,-77.616046,04/27/2012,1:41 PM,PROPERTY DAMAGE AND INJURY,2.,0 ,3 ,COLLISION WITH MOTOR VEHICLE,OTHER,YIELD SIGN,DAYLIGHT,CLEAR,DRY
6836 ,34285904,MONROE,Gates,,,N,43.1707766,-77.7072377,04/28/2012,11:20 PM,INJURY,1.,0 ,1 ,COLLISION WITH PEDESTRIAN,OTHER,NONE,DARK-ROAD LIGHTED,CLEAR,DRY
6836 ,34285919,MONROE,Irondequoit,,,N,43.1894049,-77.5773692,04/26/2012,9:00 AM,PROPERTY DAMAGE AND INJURY,1.,0 ,1 ,COLLISION WITH BUILDING/WALL,OTHER,NONE,DAYLIGHT,CLEAR,DRY
6836 ,34285933,MONROE,Rochester,,,N,43.167187,-77.6171299,04/17/2012,2:48 PM,INJURY,1.,0 ,2 ,COLLISION WITH MOTOR VEHICLE,REAR END,NONE,DAYLIGHT,CLEAR,DRY
6836 ,34285936,MONROE,Rochester,,,Y,43.142216,-77.636025,04/23/2012,2:24 PM,INJURY,1.,0 ,2 ,COLLISION WITH MOTOR VEHICLE,REAR END,TRAFFIC SIGNAL,DAYLIGHT,CLEAR,DRY
6836 ,34285942,MONROE,Rochester,,,Y,43.15843,-77.615431,04/27/2012,2:15 PM,PROPERTY DAMAGE AND INJURY,1.,0 ,2 ,COLLISION WITH MOTOR VEHICLE,RIGHT ANGLE,TRAFFIC SIGNAL,DAYLIGHT,CLOUDY,DRY
6836 ,34285948,MONROE,Rochester,,,N,43.1726994,-77.5999561,04/27/2012,4:00 PM,PROPERTY DAMAGE AND INJURY,1.,0 ,2 ,COLLISION WITH MOTOR VEHICLE,REAR END,NONE,DAYLIGHT,CLEAR,DRY
6836 ,34285950,MONROE,Rochester,,,Y,43.159828,-77.594332,04/27/2012,1:55 PM,INJURY,1.,0 ,1 ,COLLISION WITH PEDESTRIAN,OTHER,TRAFFIC SIGNAL,DAYLIGHT,CLOUDY,DRY
6836 ,34285951,MONROE,Rochester,,,Y,43.16469,-77.67252,04/27/2012,1:07 PM,INJURY,1.,0 ,2 ,COLLISION WITH MOTOR VEHICLE,REAR END,TRAFFIC SIGNAL,DAYLIGHT,CLOUDY,DRY
6836 ,34285958,MONROE,Rochester,,,Y,43.157047,-77.548961,04/20/2012,11:32 AM,PROPERTY DAMAGE AND INJURY,2.,0 ,2 ,COLLISION WITH MOTOR VEHICLE,RIGHT ANGLE,TRAFFIC SIGNAL,DAYLIGHT,CLOUDY,DRY
6836 ,34286071,MONROE,Gates,,390I43037001,N,43.1319089,-77.6614551,04/25/2012,4:55 PM,PROPERTY DAMAGE AND INJURY,2.,0 ,2 ,COLLISION WITH MOTOR VEHICLE,REAR END,NONE,DAYLIGHT,CLEAR,DRY
6836 ,34286086,WAYNE,Ontario,,,Y,43.223833,-77.375288,04/25/2012,6:34 PM,PROPERTY DAMAGE AND INJURY,2.,0 ,2 ,COLLISION WITH MOTOR VEHICLE,RIGHT ANGLE,TRAFFIC SIGNAL,DAYLIGHT,CLEAR,DRY
6836 ,34286190,MONROE,Greece,,,Y,43.2474882,-77.7017024,04/20/2012,12:08 AM,PROPERTY DAMAGE AND INJURY,2.,0 ,1 ,OVERTURNED,OTHER,NONE,DARK-ROAD LIGHTED,CLOUDY,DRY
6836 ,34286593,MONROE,Webster,,,Y,43.20377,-77.400448,04/28/2012,4:37 PM,PROPERTY DAMAGE AND INJURY,1.,0 ,2 ,COLLISION WITH MOTOR VEHICLE,RIGHT ANGLE,STOP SIGN,DAYLIGHT,CLOUDY,DRY
6836 ,34286595,MONROE,Henrietta,,,N,43.0958486,-77.5822752,04/29/2012,2:30 PM,PROPERTY DAMAGE AND INJURY,1.,0 ,2 ,COLLISION WITH MOTOR VEHICLE,RIGHT ANGLE,NONE,DAYLIGHT,CLEAR,DRY
6836 ,34286596,MONROE,Henrietta,,,N,43.0810233,-77.6309972,04/29/2012,3:24 PM,INJURY,1.,0 ,1 ,COLLISION WITH PEDESTRIAN,OTHER,NONE,DAYLIGHT,CLEAR,DRY
6836 ,34286608,MONROE,Brighton,,15 43031114,N,43.0957998,-77.6321472,04/30/2012,4:08 PM,PROPERTY DAMAGE AND INJURY,1.,0 ,2 ,COLLISION WITH MOTOR VEHICLE,REAR END,NONE,DAYLIGHT,CLOUDY,DRY
6836 ,34287179,MONROE,Ogden,,31 43031126,N,43.181358,-77.7931483,05/01/2012,5:23 PM,PROPERTY DAMAGE AND INJURY,1.,0 ,2 ,COLLISION WITH MOTOR VEHICLE,REAR END,NONE,DAYLIGHT,CLOUDY,DRY
6836 ,34287192,MONROE,Penfield,,,N,43.1347455,-77.4955607,05/01/2012,8:35 AM,PROPERTY DAMAGE AND INJURY,1.,0 ,2 ,COLLISION WITH MOTOR VEHICLE,OVERTAKING,NONE,DAYLIGHT,CLOUDY,WET
6836 ,34287195,MONROE,Penfield,,,N,43.189695,-77.45391,04/29/2012,11:52 AM,PROPERTY DAMAGE AND INJURY,1.,0 ,2 ,COLLISION WITH MOTOR VEHICLE,REAR END,NONE,DAYLIGHT,CLEAR,DRY
6836 ,34287199,MONROE,Perinton,,96 43051017,N,43.0500868,-77.4696418,04/30/2012,3:51 PM,INJURY,1.,0 ,2 ,COLLISION WITH MOTOR VEHICLE,RIGHT ANGLE,NONE,DAYLIGHT,CLOUDY,DRY
6836 ,34287213,MONROE,Brighton,,590I43011030,N,43.114844,-77.552096,05/01/2012,12:19 PM,PROPERTY DAMAGE AND INJURY,1.,0 ,2 ,COLLISION WITH MOTOR VEHICLE,REAR END,TRAFFIC SIGNAL,DAYLIGHT,CLOUDY,DRY
6836 ,34287214,MONROE,Gates,,33 43031131,N,43.1498896,-77.6917133,04/29/2012,8:24 PM,PROPERTY DAMAGE AND INJURY,1.,0 ,2 ,COLLISION WITH MOTOR VEHICLE,OVERTAKING,NONE,DARK-ROAD LIGHTED,CLOUDY,DRY
6836 ,34287324,MONROE,Rochester,,104 43032018,N,43.1946863,-77.6287922,04/30/2012,6:30 PM,INJURY,1.,0 ,2 ,COLLISION WITH MOTOR VEHICLE,REAR END,NONE,DUSK,CLOUDY,DRY
6836 ,34287798,MONROE,Greece,,,Y,43.231151,-77.694851,05/01/2012,3:02 PM,PROPERTY DAMAGE AND INJURY,1.,0 ,2 ,COLLISION WITH MOTOR VEHICLE,REAR END,NONE,DAYLIGHT,CLOUDY,DRY
6836 ,34287806,MONROE,Greece,,18 43031187,Y,43.252944,-77.681908,04/25/2012,4:36 PM,PROPERTY DAMAGE AND INJURY,1.,0 ,2 ,COLLISION WITH MOTOR VEHICLE,REAR END,NONE,DAYLIGHT,CLEAR,OTHER
6836 ,34287810,MONROE,Greece,,,Y,43.223681,-77.69681,05/01/2012,5:47 PM,PROPERTY DAMAGE AND INJURY,1.,0 ,2 ,COLLISION WITH MOTOR VEHICLE,REAR END,TRAFFIC SIGNAL,DAYLIGHT,CLOUDY,DRY
6836 ,34288334,MONROE,Rochester,,,Y,43.158813,-77.572795,10/22/2011,12:00 AM,PROPERTY DAMAGE AND INJURY,1.,0 ,2 ,COLLISION WITH MOTOR VEHICLE,UNKNOWN,UNKNOWN,UNKNOWN,UNKNOWN,UNKNOWN
6836 ,34288843,MONROE,Rochester,,,N,43.1251418,-77.6313945,03/28/2012,10:00 AM,PROPERTY DAMAGE AND INJURY,1.,0 ,2 ,COLLISION WITH MOTOR VEHICLE,UNKNOWN,UNKNOWN,UNKNOWN,UNKNOWN,UNKNOWN
6836 ,34288971,MONROE,Brighton,,590 43011004,N,43.1464773,-77.5411473,04/28/2012,7:40 PM,PROPERTY DAMAGE AND INJURY,1.,0 ,3 ,COLLISION WITH MOTOR VEHICLE,OTHER,NONE,DUSK,CLEAR,DRY
6836 ,34289106,MONROE,Rush,,15A43041042,Y,42.99107,-77.644282,04/30/2012,4:32 PM,PROPERTY DAMAGE AND INJURY,1.,0 ,2 ,COLLISION WITH MOTOR VEHICLE,HEAD ON,NONE,DAYLIGHT,CLOUDY,DRY
6836 ,34289108,MONROE,Henrietta,,,N,43.05886,-77.6413269,05/01/2012,7:22 AM,PROPERTY DAMAGE AND INJURY,1.,0 ,2 ,COLLISION WITH MOTOR VEHICLE,REAR END,YIELD SIGN,DAYLIGHT,RAIN,WET