QUERYID,CASE #,REGN_CNTY_CDE,Municipality,MUNITYPE,REF_MRKR,ATINTERSECTION_IND,Lat,Long,,Time,Crash Type,Injuries,Fatalities,Number of Vehicles,ACCD_TYP,COLLISION_TYP,TRAF_CNTL,Light Condition,Weather Condition,Road Surface Condition
6836 ,34289109,MONROE,Penfield,,,N,43.1809664,-77.5023967,05/01/2012,5:13 PM,PROPERTY DAMAGE AND INJURY,2.,0 ,4 ,COLLISION WITH MOTOR VEHICLE,OTHER,NONE,DAYLIGHT,CLOUDY,DRY
6836 ,34289113,MONROE,Henrietta,,15A43041114,N,43.0885784,-77.6097745,04/29/2012,3:04 PM,PROPERTY DAMAGE AND INJURY,2.,0 ,2 ,COLLISION WITH MOTOR VEHICLE,RIGHT TURN (AGAINST OTHER CAR),STOP SIGN,DAYLIGHT,CLEAR,DRY
6836 ,34289117,MONROE,Penfield,,104 43035051,N,43.1821097,-77.5080221,04/23/2012,3:10 PM,PROPERTY DAMAGE AND INJURY,1.,0 ,2 ,COLLISION WITH MOTOR VEHICLE,LEFT TURN (AGAINST OTHER CAR),TRAFFIC SIGNAL,DAYLIGHT,CLOUDY,WET
6836 ,34289120,MONROE,Penfield,,,N,43.1313346,-77.4758461,04/25/2012,5:58 PM,INJURY,1.,0 ,1 ,COLLISION WITH BICYCLIST,OTHER,NONE,DAYLIGHT,CLEAR,DRY
6836 ,34289121,MONROE,Henrietta,,,Y,43.086575,-77.656995,04/30/2012,11:58 PM,PROPERTY DAMAGE AND INJURY,1.,0 ,2 ,COLLISION WITH MOTOR VEHICLE,RIGHT ANGLE,TRAFFIC SIGNAL,DARK-ROAD LIGHTED,RAIN,WET
6836 ,34289126,MONROE,Mendon,,,N,42.959293,-77.5444783,05/01/2012,8:45 PM,PROPERTY DAMAGE AND INJURY,1.,0 ,1 ,COLL. W/EARTH ELE./ROCK CUT/DITCH,OTHER,NONE,DARK-ROAD UNLIGHTED,CLEAR,DRY
6836 ,34289127,MONROE,Perinton,,31F43011027,Y,43.10226,-77.468503,05/01/2012,5:13 PM,PROPERTY DAMAGE AND INJURY,2.,0 ,2 ,COLLISION WITH MOTOR VEHICLE,RIGHT ANGLE,TRAFFIC SIGNAL,DAYLIGHT,CLOUDY,DRY
6836 ,34289135,MONROE,Rochester,,,Y,43.156483,-77.600068,04/21/2012,2:09 PM,INJURY,1.,0 ,1 ,COLLISION WITH PEDESTRIAN,OTHER,NONE,DAYLIGHT,RAIN,WET
6836 ,34289145,MONROE,East Rochester,,,Y,43.104959,-77.489144,12/15/2011,6:40 PM,PROPERTY DAMAGE AND INJURY,1.,0 ,3 ,COLLISION WITH MOTOR VEHICLE,OTHER,NONE,DARK-ROAD LIGHTED,CLOUDY,WET
6836 ,34289149,MONROE,East Rochester,,940U43011010,Y,43.114411,-77.4905161,04/27/2012,9:20 AM,PROPERTY DAMAGE AND INJURY,2.,0 ,2 ,COLLISION WITH MOTOR VEHICLE,RIGHT ANGLE,TRAFFIC SIGNAL,DAYLIGHT,CLEAR,DRY
6836 ,34289172,MONROE,Rochester,,,N,43.191536,-77.6086891,04/23/2012,6:00 PM,PROPERTY DAMAGE AND INJURY,1.,0 ,2 ,COLLISION WITH MOTOR VEHICLE,RIGHT ANGLE,TRAFFIC SIGNAL,DAYLIGHT,RAIN,WET
6836 ,34289174,MONROE,Rochester,,,Y,43.159973,-77.598429,05/01/2012,8:43 PM,PROPERTY DAMAGE AND INJURY,1.,0 ,1 ,OTHER NON-COLLISION,OTHER,TRAFFIC SIGNAL,DARK-ROAD LIGHTED,CLOUDY,DRY
6836 ,34289183,MONROE,Rochester,,,N,43.193511,-77.592213,04/25/2012,4:25 PM,PROPERTY DAMAGE AND INJURY,1.,0 ,2 ,COLLISION WITH MOTOR VEHICLE,LEFT TURN (WITH OTHER CAR),TRAFFIC SIGNAL,DAYLIGHT,CLEAR,DRY
6836 ,34289184,MONROE,Rochester,,,Y,43.136199,-77.657463,04/29/2012,1:50 PM,PROPERTY DAMAGE AND INJURY,3.,0 ,2 ,COLLISION WITH MOTOR VEHICLE,LEFT TURN (AGAINST OTHER CAR),STOP SIGN,DAYLIGHT,CLEAR,DRY
6836 ,34289193,MONROE,Rochester,,383 43012018,N,43.142614,-77.6192922,05/01/2012,11:06 PM,PROPERTY DAMAGE AND INJURY,2.,0 ,1 ,COLL. W/LIGHT SUPPORT/UTILITY POLE,OTHER,NONE,DARK-ROAD LIGHTED,CLOUDY,DRY
6836 ,34289414,MONROE,Greece,,18 43031191,N,43.25292,-77.6743176,05/02/2012,8:09 AM,PROPERTY DAMAGE AND INJURY,1.,0 ,1 ,COLLISION WITH DEER,OTHER,NONE,DAYLIGHT,CLOUDY,DRY
6836 ,34289646,MONROE,Rochester,,490I43022013,N,43.157209,-77.6479376,05/02/2012,3:07 PM,PROPERTY DAMAGE AND INJURY,1.,0 ,1 ,COLLISION WITH OTHER BARRIER,OTHER,NONE,DAYLIGHT,CLOUDY,DRY
6836 ,34289704,MONROE,Brighton,,490I43023004,N,43.140446,-77.5410772,04/25/2012,8:10 AM,PROPERTY DAMAGE AND INJURY,2.,0 ,2 ,COLLISION WITH MOTOR VEHICLE,REAR END,NONE,DAYLIGHT,CLEAR,DRY
6836 ,34289707,MONROE,Rochester,,,N,43.1578571,-77.5409812,05/01/2012,6:54 AM,PROPERTY DAMAGE AND INJURY,1.,0 ,2 ,COLLISION WITH MOTOR VEHICLE,REAR END,YIELD SIGN,DAYLIGHT,RAIN,WET
6836 ,34289724,MONROE,Chili,,390I43033001,N,43.122229,-77.647781,04/22/2012,10:34 AM,PROPERTY DAMAGE AND INJURY,1.,0 ,1 ,COLLISION WITH SIGN POST,OTHER,NONE,DAYLIGHT,RAIN,WET
6836 ,34289731,MONROE,Clarkson,,,N,43.2198318,-77.9002072,04/01/2012,7:55 PM,PROPERTY DAMAGE AND INJURY,1.,0 ,2 ,COLLISION WITH MOTOR VEHICLE,REAR END,NONE,DARK-ROAD UNLIGHTED,CLOUDY,WET
6836 ,34289739,MONROE,Brighton,,65 43031124,N,43.1095702,-77.5476405,04/12/2012,9:23 PM,PROPERTY DAMAGE AND INJURY,1.,0 ,1 ,COLLISION WITH TREE,OTHER,NONE,DARK-ROAD UNLIGHTED,CLEAR,DRY
6836 ,34289745,MONROE,Brighton,,,N,43.1085467,-77.6700587,05/03/2012,2:09 PM,PROPERTY DAMAGE AND INJURY,2.,0 ,1 ,COLL. W/LIGHT SUPPORT/UTILITY POLE,OTHER,NONE,DAYLIGHT,CLEAR,DRY
6836 ,34290163,MONROE,Rochester,,490I43022060,N,43.1441314,-77.5653548,04/19/2012,5:15 PM,PROPERTY DAMAGE AND INJURY,1.,0 ,2 ,COLLISION WITH MOTOR VEHICLE,REAR END,NONE,DAYLIGHT,CLEAR,DRY
6836 ,34290164,MONROE,Webster,,104 43035233,N,43.2141243,-77.511486,04/24/2012,2:55 PM,PROPERTY DAMAGE AND INJURY,1.,0 ,1 ,COLLISION WITH GUIDE RAIL,OTHER,NONE,DAYLIGHT,CLOUDY,WET
6836 ,34290169,MONROE,Greece,,390 43011049,N,43.2269643,-77.6735377,04/28/2012,1:18 AM,PROPERTY DAMAGE AND INJURY,1.,0 ,2 ,COLLISION WITH MOTOR VEHICLE,OVERTAKING,NONE,DARK-ROAD UNLIGHTED,CLEAR,DRY
6836 ,34290171,MONROE,Rochester,,490I43022039,N,43.1479688,-77.6022686,04/24/2012,7:50 AM,PROPERTY DAMAGE AND INJURY,1.,0 ,2 ,COLLISION WITH MOTOR VEHICLE,REAR END,NONE,DAYLIGHT,RAIN,WET
6836 ,34290182,MONROE,Rochester,,490I43022010,N,43.1571429,-77.6533462,05/03/2012,5:24 PM,INJURY,1.,0 ,2 ,COLLISION WITH MOTOR VEHICLE,REAR END,NONE,DAYLIGHT,CLEAR,DRY
6836 ,34290258,MONROE,Spencerport,,259 43011071,N,43.19505,-77.799731,05/03/2012,8:16 AM,INJURY,1.,0 ,2 ,COLLISION WITH MOTOR VEHICLE,REAR END,TRAFFIC SIGNAL,DAYLIGHT,CLEAR,DRY
6836 ,34290262,MONROE,Rochester,,,Y,43.125785,-77.639392,04/30/2012,9:46 PM,INJURY,1.,0 ,2 ,COLLISION WITH MOTOR VEHICLE,RIGHT ANGLE,TRAFFIC SIGNAL,DARK-ROAD LIGHTED,RAIN,WET
6836 ,34290271,MONROE,Chili,,33 43031074,Y,43.124385,-77.7945271,04/26/2012,7:50 AM,INJURY,1.,0 ,1 ,COLLISION WITH BICYCLIST,OTHER,STOP SIGN,DAYLIGHT,CLEAR,DRY
6836 ,34290281,MONROE,Rochester,,,Y,43.141941,-77.6199831,04/30/2012,3:20 PM,INJURY,1.,0 ,2 ,COLLISION WITH MOTOR VEHICLE,REAR END,NONE,DAYLIGHT,RAIN,WET
6836 ,34290285,MONROE,Rochester,,,N,43.142219,-77.6391804,05/01/2012,3:00 PM,INJURY,1.,0 ,3 ,COLLISION WITH MOTOR VEHICLE,OTHER,NONE,DAYLIGHT,CLOUDY,DRY
6836 ,34290286,MONROE,Rochester,,,N,43.177532,-77.6178672,05/01/2012,4:48 PM,INJURY,1.,0 ,2 ,COLLISION WITH MOTOR VEHICLE,LEFT TURN (AGAINST OTHER CAR),NONE,DAYLIGHT,CLEAR,DRY
6836 ,34290290,MONROE,Rochester,,,N,43.1440061,-77.5935465,04/30/2012,11:22 AM,PROPERTY DAMAGE AND INJURY,1.,0 ,2 ,COLLISION WITH MOTOR VEHICLE,REAR END,NONE,DAYLIGHT,CLEAR,DRY
6836 ,34290293,MONROE,Rochester,,,N,43.1718625,-77.6281335,05/03/2012,8:26 PM,INJURY,1.,0 ,1 ,COLLISION WITH PEDESTRIAN,OTHER,NONE,DUSK,CLOUDY,DRY
6836 ,34290299,MONROE,Rochester,,,N,43.1616473,-77.586172,05/03/2012,5:00 PM,INJURY,1.,0 ,3 ,COLLISION WITH MOTOR VEHICLE,OTHER,TRAFFIC SIGNAL,DAYLIGHT,CLEAR,DRY
6836 ,34290304,MONROE,Rochester,,,Y,43.146421,-77.5547779,05/04/2012,6:11 PM,INJURY,1.,0 ,1 ,COLLISION WITH PEDESTRIAN,OTHER,TRAFFIC SIGNAL,DAYLIGHT,CLEAR,DRY
6836 ,34290311,MONROE,Rochester,,,Y,43.175098,-77.607614,05/03/2012,3:36 PM,PROPERTY DAMAGE AND INJURY,1.,0 ,2 ,COLLISION WITH MOTOR VEHICLE,RIGHT ANGLE,TRAFFIC SIGNAL,DAYLIGHT,CLEAR,DRY
6836 ,34290312,MONROE,Rochester,,,N,43.1797504,-77.6595968,05/01/2012,2:54 PM,PROPERTY DAMAGE AND INJURY,1.,0 ,2 ,COLLISION WITH MOTOR VEHICLE,REAR END,NONE,DAYLIGHT,CLEAR,DRY
6836 ,34290320,MONROE,Rochester,,,N,43.1527083,-77.6388876,05/03/2012,4:51 PM,INJURY,1.,0 ,1 ,COLLISION WITH PEDESTRIAN,OTHER,NONE,DAYLIGHT,CLEAR,DRY
6836 ,34290321,MONROE,Rochester,,,N,43.1811345,-77.6246239,05/03/2012,3:54 PM,INJURY,3.,0 ,2 ,COLLISION WITH MOTOR VEHICLE,REAR END,NONE,DAYLIGHT,CLEAR,DRY
6836 ,34290329,MONROE,Rochester,,,Y,43.186643,-77.584059,04/29/2012,7:53 PM,INJURY,1.,0 ,1 ,COLLISION WITH BICYCLIST,OTHER,STOP SIGN,DUSK,CLEAR,DRY
6836 ,34290330,MONROE,Rochester,,,Y,43.154734,-77.608019,03/28/2012,9:56 PM,PROPERTY DAMAGE AND INJURY,2.,0 ,2 ,COLLISION WITH MOTOR VEHICLE,RIGHT ANGLE,TRAFFIC SIGNAL,DARK-ROAD LIGHTED,RAIN,WET
6836 ,34290736,MONROE,Rochester,,940T43011009,N,43.1614438,-77.6072585,04/08/2012,2:35 AM,PROPERTY DAMAGE AND INJURY,1.,0 ,1 ,COLLISION WITH GUIDE RAIL,OTHER,NONE,DARK-ROAD LIGHTED,CLEAR,DRY
6836 ,34290824,MONROE,Gates,,,N,43.1432531,-77.7353035,05/04/2012,12:10 PM,PROPERTY DAMAGE AND INJURY,1.,0 ,3 ,COLLISION WITH OTHER,OTHER,NONE,DAYLIGHT,CLEAR,DRY
6836 ,34291024,MONROE,Greece,,,Y,43.215678,-77.6591709,05/03/2012,2:10 PM,PROPERTY DAMAGE AND INJURY,2.,0 ,2 ,COLLISION WITH MOTOR VEHICLE,RIGHT ANGLE,TRAFFIC SIGNAL,DAYLIGHT,CLEAR,DRY
6836 ,34291026,MONROE,Greece,,,N,43.206627,-77.676202,05/03/2012,6:45 PM,PROPERTY DAMAGE AND INJURY,1.,0 ,2 ,COLLISION WITH MOTOR VEHICLE,REAR END,TRAFFIC SIGNAL,DAYLIGHT,CLEAR,DRY
6836 ,34291565,MONROE,Henrietta,,,N,43.0584075,-77.6817074,04/29/2012,3:48 AM,PROPERTY DAMAGE AND INJURY,1.,0 ,1 ,COLL. W/EARTH ELE./ROCK CUT/DITCH,OTHER,NONE,DARK-ROAD UNLIGHTED,CLOUDY,DRY
6836 ,34291584,MONROE,Rochester,,,Y,43.21605,-77.557425,05/03/2012,7:14 PM,INJURY,1.,0 ,1 ,COLLISION WITH BICYCLIST,OTHER,STOP SIGN,DAYLIGHT,CLEAR,DRY
6836 ,34291586,MONROE,Irondequoit,,,N,43.2105532,-77.6024227,05/03/2012,3:42 PM,INJURY,1.,0 ,2 ,COLLISION WITH MOTOR VEHICLE,RIGHT ANGLE,NONE,DAYLIGHT,CLEAR,DRY
6836 ,34291793,MONROE,Greece,,,N,43.209242,-77.6632653,05/06/2012,3:10 PM,PROPERTY DAMAGE AND INJURY,2.,0 ,3 ,COLLISION WITH MOTOR VEHICLE,OTHER,NONE,DAYLIGHT,CLEAR,DRY
6836 ,34291794,MONROE,Greece,,,N,43.2163609,-77.6960891,05/05/2012,2:12 PM,INJURY,1.,0 ,1 ,COLLISION WITH CURBING,OTHER,NONE,DAYLIGHT,CLEAR,DRY
6836 ,34292529,MONROE,Webster,,404 43035072,N,43.2040137,-77.4856414,05/05/2012,2:54 PM,PROPERTY DAMAGE AND INJURY,1.,0 ,2 ,COLLISION WITH MOTOR VEHICLE,REAR END,NONE,DAYLIGHT,CLEAR,DRY
6836 ,34292530,MONROE,Webster,,,N,43.214195,-77.475083,05/04/2012,3:54 PM,INJURY,1.,0 ,2 ,COLLISION WITH MOTOR VEHICLE,RIGHT ANGLE,TRAFFIC SIGNAL,DAYLIGHT,CLEAR,DRY
6836 ,34292534,MONROE,Brighton,,590I43011008,N,43.110084,-77.6000765,05/03/2012,7:51 PM,PROPERTY DAMAGE AND INJURY,1.,0 ,1 ,COLLISION WITH GUIDE RAIL,OTHER,NONE,DUSK,CLOUDY,DRY
6836 ,34292540,MONROE,Brockport,,,N,43.2118441,-77.9401694,05/05/2012,12:38 AM,INJURY,1.,0 ,1 ,COLLISION WITH PEDESTRIAN,OTHER,NONE,DARK-ROAD LIGHTED,CLEAR,DRY
6836 ,34292542,MONROE,East Rochester,,,Y,43.111399,-77.485845,05/05/2012,12:26 PM,INJURY,1.,0 ,1 ,COLLISION WITH PEDESTRIAN,OTHER,TRAFFIC SIGNAL,DAYLIGHT,CLEAR,DRY
6836 ,34292548,MONROE,Rochester,,,Y,43.1693986,-77.6268248,05/04/2012,4:43 PM,INJURY,1.,0 ,2 ,COLLISION WITH MOTOR VEHICLE,REAR END,NONE,DAYLIGHT,CLEAR,DRY
6836 ,34292550,MONROE,Rochester,,383 43012001,N,43.1240616,-77.6434521,05/03/2012,5:07 PM,PROPERTY DAMAGE AND INJURY,1.,0 ,3 ,COLLISION WITH MOTOR VEHICLE,OTHER,STOP SIGN,DAYLIGHT,CLEAR,DRY
6836 ,34292553,MONROE,Rochester,,,N,43.1321929,-77.6003247,05/02/2012,4:22 PM,PROPERTY DAMAGE AND INJURY,3.,0 ,3 ,COLLISION WITH MOTOR VEHICLE,OTHER,NONE,DAYLIGHT,CLEAR,DRY
6836 ,34292557,MONROE,Rochester,,33A43022008,Y,43.145301,-77.651002,05/04/2012,9:17 PM,INJURY,3.,0 ,3 ,COLLISION WITH MOTOR VEHICLE,OTHER,TRAFFIC SIGNAL,DARK-ROAD LIGHTED,CLEAR,DRY
6836 ,34292558,MONROE,Rochester,,,Y,43.146609,-77.62609,05/02/2012,9:04 AM,INJURY,1.,0 ,1 ,COLLISION WITH PEDESTRIAN,OTHER,STOP SIGN,DAYLIGHT,CLOUDY,DRY
6836 ,34292560,MONROE,Rochester,,104 43032012,Y,43.199938,-77.63755,04/30/2012,12:10 PM,PROPERTY DAMAGE AND INJURY,1.,0 ,2 ,COLLISION WITH MOTOR VEHICLE,UNKNOWN,NONE,DAYLIGHT,CLOUDY,DRY
6836 ,34292562,MONROE,Rochester,,,Y,43.15369,-77.607606,05/03/2012,10:25 PM,INJURY,1.,0 ,2 ,COLLISION WITH MOTOR VEHICLE,REAR END,TRAFFIC SIGNAL,DARK-ROAD LIGHTED,RAIN,WET
6836 ,34292565,MONROE,Rochester,,,Y,43.133161,-77.6509359,05/03/2012,6:55 PM,PROPERTY DAMAGE AND INJURY,2.,0 ,2 ,COLLISION WITH MOTOR VEHICLE,RIGHT ANGLE,STOP SIGN,DAYLIGHT,CLEAR,DRY
6836 ,34292577,MONROE,Rochester,,,N,43.1429287,-77.6580942,05/04/2012,1:50 PM,INJURY,1.,0 ,2 ,COLLISION WITH MOTOR VEHICLE,REAR END,NONE,DAYLIGHT,CLEAR,DRY
6836 ,34292578,MONROE,Rochester,,,N,43.1615865,-77.6541356,05/02/2012,2:17 PM,INJURY,1.,0 ,1 ,COLLISION WITH BICYCLIST,OTHER,NONE,DAYLIGHT,CLOUDY,DRY
6836 ,34292588,MONROE,Rochester,,,N,43.2401508,-77.5713785,05/06/2012,5:09 PM,INJURY,1.,0 ,1 ,OTHER NON-COLLISION,OTHER,NONE,DAYLIGHT,CLEAR,DRY
6836 ,34293463,MONROE,Greece,,,N,43.206627,-77.676202,04/02/2012,6:11 AM,PROPERTY DAMAGE AND INJURY,1.,0 ,1 ,COLLISION WITH GUIDE RAIL,OTHER,NONE,DARK-ROAD LIGHTED,CLEAR,SNOW/ICE
6836 ,34294019,MONROE,Irondequoit,,,Y,43.210365,-77.608664,04/06/2012,4:26 PM,PROPERTY DAMAGE AND INJURY,2.,0 ,2 ,COLLISION WITH MOTOR VEHICLE,LEFT TURN (AGAINST OTHER CAR),STOP SIGN,DAYLIGHT,CLEAR,DRY
6836 ,34294022,MONROE,Gates,,,Y,43.147073,-77.711237,04/23/2012,2:53 PM,INJURY,1.,0 ,1 ,COLLISION WITH PEDESTRIAN,OTHER,TRAFFIC SIGNAL,DAYLIGHT,RAIN,WET
6836 ,34294033,MONROE,Rochester,,,Y,43.171305,-77.569449,04/21/2012,2:47 AM,INJURY,1.,0 ,1 ,COLLISION WITH PEDESTRIAN,OTHER,NONE,DARK-ROAD LIGHTED,CLEAR,DRY
6836 ,34294039,MONROE,Rochester,,,N,43.1685481,-77.5963239,04/20/2012,3:38 AM,INJURY,1.,0 ,1 ,COLLISION WITH SIGN POST,OTHER,NONE,DARK-ROAD LIGHTED,CLEAR,DRY
6836 ,34294066,MONROE,Gates,,,N,43.139413,-77.66832,04/25/2012,5:15 PM,PROPERTY DAMAGE AND INJURY,1.,0 ,2 ,COLLISION WITH MOTOR VEHICLE,RIGHT ANGLE,TRAFFIC SIGNAL,DAYLIGHT,CLEAR,DRY
6836 ,34294401,MONROE,East Rochester,,,N,43.1159415,-77.4959627,10/20/2011,3:53 PM,PROPERTY DAMAGE AND INJURY,1.,0 ,2 ,COLLISION WITH MOTOR VEHICLE,RIGHT ANGLE,NONE,DAYLIGHT,CLOUDY,DRY
6836 ,34294403,MONROE,Brighton,,590I43011029,N,43.1120132,-77.5528546,04/25/2012,5:20 PM,PROPERTY DAMAGE AND INJURY,2.,0 ,2 ,COLLISION WITH MOTOR VEHICLE,REAR END,NONE,DAYLIGHT,CLEAR,DRY
6836 ,34294414,MONROE,Rochester,,,Y,43.15843,-77.615431,04/28/2012,6:22 PM,INJURY,2.,0 ,2 ,COLLISION WITH MOTOR VEHICLE,RIGHT ANGLE,TRAFFIC SIGNAL,DAYLIGHT,CLEAR,DRY
6836 ,34294416,MONROE,Rochester,,,N,43.1514587,-77.6375239,04/20/2012,7:30 PM,PROPERTY DAMAGE AND INJURY,2.,0 ,2 ,COLLISION WITH MOTOR VEHICLE,REAR END,NONE,DAYLIGHT,CLEAR,DRY
6836 ,34294564,MONROE,Rochester,,,Y,43.167235,-77.599661,02/09/2012,7:30 AM,INJURY,1.,0 ,2 ,COLLISION WITH MOTOR VEHICLE,REAR END,UNKNOWN,UNKNOWN,UNKNOWN,UNKNOWN
6836 ,34294826,MONROE,Rochester,,,N,43.1756678,-77.5820913,04/11/2012,9:46 PM,INJURY,1.,0 ,1 ,COLLISION WITH PEDESTRIAN,OTHER,NONE,DARK-ROAD LIGHTED,CLEAR,DRY
6836 ,34295371,MONROE,Rochester,,,Y,43.170717,-77.591422,03/28/2012,11:02 AM,INJURY,2.,0 ,2 ,COLLISION WITH MOTOR VEHICLE,REAR END,NONE,DAYLIGHT,CLEAR,DRY
6836 ,34295408,MONROE,Greece,,,Y,43.25292,-77.674763,04/06/2012,9:44 AM,PROPERTY DAMAGE AND INJURY,4.,0 ,2 ,COLLISION WITH MOTOR VEHICLE,REAR END,NONE,DAYLIGHT,CLEAR,DRY
6836 ,34295438,MONROE,Rochester,,,Y,43.142639,-77.547828,03/07/2012,6:40 PM,INJURY,1.,0 ,1 ,COLLISION WITH BICYCLIST,OTHER,TRAFFIC SIGNAL,DARK-ROAD LIGHTED,CLEAR,DRY
6836 ,34296365,MONROE,Ogden,,36 43031124,N,43.1467262,-77.8564516,05/08/2012,5:12 PM,PROPERTY DAMAGE AND INJURY,1.,0 ,1 ,COLLISION WITH DEER,OTHER,NONE,DAYLIGHT,CLOUDY,DRY
6836 ,34296366,MONROE,Webster,,,Y,43.210345,-77.446653,05/05/2012,7:45 AM,PROPERTY DAMAGE AND INJURY,1.,0 ,2 ,COLLISION WITH MOTOR VEHICLE,REAR END,TRAFFIC SIGNAL,DAYLIGHT,CLEAR,DRY
6836 ,34296367,MONROE,Webster,,404 43035012,N,43.2002516,-77.4984041,05/05/2012,1:28 PM,PROPERTY DAMAGE AND INJURY,1.,0 ,2 ,COLLISION WITH MOTOR VEHICLE,RIGHT ANGLE,NONE,DAYLIGHT,CLEAR,DRY
6836 ,34296371,MONROE,Webster,,,N,43.215414,-77.446588,05/06/2012,4:31 PM,PROPERTY DAMAGE AND INJURY,1.,0 ,2 ,COLLISION WITH MOTOR VEHICLE,RIGHT ANGLE,TRAFFIC SIGNAL,DAYLIGHT,CLEAR,DRY
6836 ,34296379,MONROE,Henrietta,,390I43031088,N,43.0580792,-77.6419109,05/06/2012,1:29 PM,PROPERTY DAMAGE AND INJURY,3.,0 ,2 ,COLLISION WITH MOTOR VEHICLE,REAR END,NONE,DAYLIGHT,CLEAR,DRY
6836 ,34296386,MONROE,Perinton,,31F43011345,Y,43.102211,-77.465675,05/07/2012,8:48 PM,PROPERTY DAMAGE AND INJURY,2.,0 ,2 ,COLLISION WITH MOTOR VEHICLE,REAR END,TRAFFIC SIGNAL,DARK-ROAD LIGHTED,RAIN,WET
6836 ,34296388,MONROE,Gates,,490I43021162,N,43.1579304,-77.7120356,05/05/2012,2:41 AM,PROPERTY DAMAGE AND INJURY,1.,0 ,1 ,COLLISION WITH GUIDE RAIL,OTHER,NONE,DARK-ROAD LIGHTED,CLEAR,DRY
6836 ,34296390,MONROE,Pittsford,,490I43023054,N,43.0832363,-77.4899353,05/03/2012,11:20 PM,PROPERTY DAMAGE AND INJURY,1.,0 ,1 ,COLLISION WITH GUIDE RAIL,OTHER,NONE,DARK-ROAD UNLIGHTED,RAIN,WET
6836 ,34296391,MONROE,Pittsford,,490I43023034,N,43.109018,-77.5070194,05/07/2012,10:23 PM,INJURY,1.,0 ,1 ,COLLISION WITH GUIDE RAIL,OTHER,NONE,DARK-ROAD LIGHTED,RAIN,WET
6836 ,34296394,MONROE,Perinton,,31F43011029,N,43.102259,-77.4664203,05/02/2012,9:48 AM,PROPERTY DAMAGE AND INJURY,1.,0 ,2 ,COLLISION WITH MOTOR VEHICLE,REAR END,NONE,DAYLIGHT,CLOUDY,DRY
6836 ,34296398,MONROE,Irondequoit,,,Y,43.203184,-77.562738,05/07/2012,12:16 PM,PROPERTY DAMAGE AND INJURY,2.,0 ,2 ,COLLISION WITH MOTOR VEHICLE,LEFT TURN (WITH OTHER CAR),STOP SIGN,DAYLIGHT,CLEAR,DRY
6836 ,34296400,MONROE,Fairport,,,Y,43.100076,-77.441941,05/05/2012,2:34 PM,INJURY,2.,0 ,3 ,COLLISION WITH MOTOR VEHICLE,OTHER,TRAFFIC SIGNAL,DAYLIGHT,CLEAR,DRY
6836 ,34296401,MONROE,Brighton,,31 43033010,N,43.1247189,-77.5626683,05/07/2012,2:14 PM,PROPERTY DAMAGE AND INJURY,2.,0 ,2 ,COLLISION WITH MOTOR VEHICLE,LEFT TURN (AGAINST OTHER CAR),NONE,DAYLIGHT,CLOUDY,DRY
6836 ,34296402,MONROE,Fairport,,,Y,43.09254,-77.451281,05/05/2012,2:18 AM,INJURY,1.,0 ,2 ,COLLISION WITH OTHER PEDESTRIAN,OTHER,NONE,DARK-ROAD LIGHTED,CLEAR,DRY
6836 ,34296732,MONROE,Greece,,,N,43.2240259,-77.6418522,05/06/2012,5:30 PM,PROPERTY DAMAGE AND INJURY,1.,0 ,1 ,COLLISION WITH PEDESTRIAN,OTHER,NONE,DAYLIGHT,CLEAR,DRY
6836 ,34296733,MONROE,Greece,,,Y,43.20943,-77.670178,05/06/2012,3:00 PM,PROPERTY DAMAGE AND INJURY,1.,0 ,2 ,COLLISION WITH MOTOR VEHICLE,RIGHT ANGLE,STOP SIGN,DAYLIGHT,CLEAR,DRY
6836 ,34296999,MONROE,Greece,,390 43011021,N,43.1874918,-77.6831005,05/01/2012,11:33 PM,PROPERTY DAMAGE AND INJURY,1.,0 ,1 ,COLLISION WITH TREE,OTHER,NONE,DARK-ROAD LIGHTED,CLEAR,DRY
6836 ,34297121,MONROE,Spencerport,,259 43011072,Y,43.195437,-77.799596,05/07/2012,10:45 AM,PROPERTY DAMAGE AND INJURY,2.,0 ,4 ,COLLISION WITH MOTOR VEHICLE,OTHER,TRAFFIC SIGNAL,DAYLIGHT,CLOUDY,DRY
6836 ,34297122,MONROE,Pittsford,,31F43011000,N,43.11686,-77.5167761,05/07/2012,6:20 AM,PROPERTY DAMAGE AND INJURY,1.,0 ,2 ,COLLISION WITH MOTOR VEHICLE,RIGHT ANGLE,TRAFFIC SIGNAL,DAYLIGHT,CLOUDY,OTHER
6836 ,34297125,MONROE,Penfield,,441 43011051,N,43.130685,-77.4433968,05/08/2012,5:15 PM,INJURY,1.,0 ,2 ,COLLISION WITH MOTOR VEHICLE,REAR END,STOP SIGN,DAYLIGHT,CLOUDY,DRY
6836 ,34297130,MONROE,Gates,,,Y,43.164702,-77.688016,05/03/2012,11:01 AM,INJURY,1.,0 ,1 ,COLLISION WITH PEDESTRIAN,OTHER,TRAFFIC SIGNAL,DAYLIGHT,CLEAR,DRY
6836 ,34297150,MONROE,Pittsford,,,N,43.0951311,-77.5455663,05/07/2012,10:53 AM,PROPERTY DAMAGE AND INJURY,1.,0 ,4 ,COLLISION WITH MOTOR VEHICLE,OTHER,NO PASSING ZONE,DAYLIGHT,CLOUDY,DRY
6836 ,34297154,MONROE,Irondequoit,,,N,43.1991249,-77.5768458,05/07/2012,2:38 PM,INJURY,1.,0 ,2 ,COLLISION WITH MOTOR VEHICLE,REAR END,NONE,DAYLIGHT,CLOUDY,DRY
6836 ,34297158,MONROE,East Rochester,,,Y,43.116655,-77.499031,03/23/2012,9:12 AM,PROPERTY DAMAGE AND INJURY,1.,0 ,2 ,COLLISION WITH MOTOR VEHICLE,RIGHT ANGLE,TRAFFIC SIGNAL,DAYLIGHT,CLEAR,DRY