QUERYID,CASE #,REGN_CNTY_CDE,Municipality,MUNITYPE,REF_MRKR,ATINTERSECTION_IND,Lat,Long,,Time,Crash Type,Injuries,Fatalities,Number of Vehicles,ACCD_TYP,COLLISION_TYP,TRAF_CNTL,Light Condition,Weather Condition,Road Surface Condition
6836 ,34297159,MONROE,Brighton,,286A43011002,N,43.149274,-77.5401499,05/09/2012,8:11 PM,INJURY,1.,0 ,2 ,COLLISION WITH MOTOR VEHICLE,REAR END,TRAFFIC SIGNAL,DUSK,CLEAR,DRY
6836 ,34297160,MONROE,Brighton,,31 43033007,N,43.1274052,-77.5656683,05/09/2012,2:32 PM,INJURY,1.,0 ,2 ,COLLISION WITH MOTOR VEHICLE,REAR END,TRAFFIC SIGNAL,DAYLIGHT,CLOUDY,DRY
6836 ,34297168,MONROE,Rochester,,,Y,43.158736,-77.613211,05/09/2012,6:46 AM,PROPERTY DAMAGE AND INJURY,1.,0 ,3 ,COLLISION WITH MOTOR VEHICLE,OTHER,TRAFFIC SIGNAL,DAYLIGHT,CLEAR,DRY
6836 ,34297172,MONROE,Rochester,,,N,43.179163,-77.6811545,05/07/2012,12:26 PM,PROPERTY DAMAGE AND INJURY,2.,0 ,2 ,COLLISION WITH MOTOR VEHICLE,OVERTAKING,NONE,DAYLIGHT,CLOUDY,DRY
6836 ,34297431,MONROE,Greece,,,N,43.2890247,-77.6771746,05/03/2012,10:09 PM,PROPERTY DAMAGE AND INJURY,1.,0 ,1 ,COLLISION WITH OTHER,OTHER,NONE,DARK-ROAD LIGHTED,RAIN,WET
6836 ,34297433,MONROE,Greece,,18 43031187,Y,43.252944,-77.681908,04/21/2012,10:52 PM,PROPERTY DAMAGE AND INJURY,1.,0 ,2 ,COLLISION WITH MOTOR VEHICLE,RIGHT ANGLE,STOP SIGN,DARK-ROAD LIGHTED,CLOUDY,WET
6836 ,34297435,MONROE,Greece,,,N,43.2137846,-77.6624782,05/07/2012,11:36 PM,PROPERTY DAMAGE AND INJURY,1.,0 ,2 ,COLLISION WITH MOTOR VEHICLE,RIGHT ANGLE,NONE,DARK-ROAD LIGHTED,CLEAR,DRY
6836 ,34297436,MONROE,Greece,,,Y,43.23834,-77.646847,04/18/2012,4:00 AM,PROPERTY DAMAGE AND INJURY,1.,0 ,1 ,COLLISION WITH OTHER BARRIER,OTHER,UTILITY WORK AREA,DARK-ROAD LIGHTED,CLOUDY,DRY
6836 ,34297437,MONROE,Greece,,,Y,43.196326,-77.721491,04/16/2012,2:06 AM,PROPERTY DAMAGE AND INJURY,2.,0 ,1 ,COLLISION WITH TREE,OTHER,NONE,DARK-ROAD LIGHTED,CLEAR,DRY
6836 ,34297791,MONROE,Webster,,,N,43.214195,-77.475083,05/09/2012,5:58 PM,PROPERTY DAMAGE AND INJURY,1.,0 ,2 ,COLLISION WITH MOTOR VEHICLE,REAR END,TRAFFIC SIGNAL,DAYLIGHT,CLOUDY,DRY
6836 ,34297794,MONROE,Perinton,,490I43023072,N,43.061386,-77.4713569,05/10/2012,5:07 PM,PROPERTY DAMAGE AND INJURY,1.,0 ,2 ,COLLISION WITH MOTOR VEHICLE,RIGHT ANGLE,NONE,DAYLIGHT,CLOUDY,DRY
6836 ,34297795,MONROE,Pittsford,,65 43031112,N,43.0885995,-77.5431003,05/09/2012,5:48 PM,PROPERTY DAMAGE AND INJURY,1.,0 ,2 ,COLLISION WITH MOTOR VEHICLE,REAR END,TRAFFIC SIGNAL,DAYLIGHT,CLOUDY,DRY
6836 ,34297800,MONROE,Perinton,,31 43033064,N,43.0775887,-77.4774718,05/10/2012,3:56 PM,PROPERTY DAMAGE AND INJURY,1.,0 ,2 ,COLLISION WITH CURBING,SIDESWIPE,TRAFFIC SIGNAL,DAYLIGHT,CLEAR,DRY
6836 ,34297806,MONROE,Irondequoit,,,N,43.176832,-77.542741,05/05/2012,4:54 PM,INJURY,1.,0 ,1 ,COLLISION WITH BICYCLIST,OTHER,TRAFFIC SIGNAL,DAYLIGHT,CLEAR,DRY
6836 ,34297808,MONROE,Brighton,,,N,43.1213073,-77.5947739,05/07/2012,10:00 AM,INJURY,1.,0 ,1 ,COLLISION WITH BICYCLIST,OTHER,TRAFFIC SIGNAL,DAYLIGHT,UNKNOWN,UNKNOWN
6836 ,34297811,MONROE,Gates,,33 43031114,Y,43.144474,-77.724006,05/06/2012,6:39 PM,PROPERTY DAMAGE AND INJURY,2.,0 ,2 ,COLLISION WITH MOTOR VEHICLE,REAR END,NONE,DAYLIGHT,CLEAR,DRY
6836 ,34297815,MONROE,Rochester,,15A43042006,Y,43.119429,-77.618042,05/09/2012,9:21 PM,PROPERTY DAMAGE AND INJURY,3.,0 ,2 ,COLLISION WITH MOTOR VEHICLE,LEFT TURN (WITH OTHER CAR),NONE,DARK-ROAD LIGHTED,CLEAR,DRY
6836 ,34297820,MONROE,Rochester,,,N,43.1663627,-77.5854794,05/06/2012,10:50 AM,PROPERTY DAMAGE AND INJURY,1.,0 ,2 ,COLLISION WITH MOTOR VEHICLE,RIGHT ANGLE,NONE,DAYLIGHT,CLEAR,DRY
6836 ,34297822,MONROE,Rochester,,,Y,43.17105,-77.578718,05/09/2012,11:13 PM,INJURY,5.,0 ,1 ,COLL. W/LIGHT SUPPORT/UTILITY POLE,OTHER,TRAFFIC SIGNAL,DARK-ROAD LIGHTED,CLEAR,DRY
6836 ,34297824,MONROE,Rochester,,,N,43.1646353,-77.6474508,05/09/2012,3:11 PM,PROPERTY DAMAGE AND INJURY,1.,0 ,2 ,COLLISION WITH MOTOR VEHICLE,REAR END,NONE,DAYLIGHT,CLOUDY,DRY
6836 ,34297826,MONROE,Rochester,,,Y,43.183207,-77.599339,05/03/2012,11:46 AM,PROPERTY DAMAGE AND INJURY,2.,0 ,2 ,COLLISION WITH MOTOR VEHICLE,LEFT TURN (AGAINST OTHER CAR),STOP SIGN,DAYLIGHT,CLEAR,DRY
6836 ,34297827,MONROE,Rochester,,,Y,43.162,-77.584384,05/06/2012,10:27 AM,PROPERTY DAMAGE AND INJURY,1.,0 ,2 ,COLLISION WITH MOTOR VEHICLE,UNKNOWN,STOP SIGN,DAYLIGHT,CLEAR,DRY
6836 ,34297834,MONROE,Rochester,,,Y,43.164071,-77.5555969,04/26/2012,11:04 AM,PROPERTY DAMAGE AND INJURY,1.,0 ,2 ,COLLISION WITH MOTOR VEHICLE,OVERTAKING,TRAFFIC SIGNAL,DAYLIGHT,CLOUDY,DRY
6836 ,34298126,MONROE,Greece,,,N,43.2476135,-77.6318459,05/05/2012,2:27 PM,PROPERTY DAMAGE AND INJURY,1.,0 ,2 ,COLLISION WITH MOTOR VEHICLE,OTHER,NONE,DAYLIGHT,CLEAR,DRY
6836 ,34298475,MONROE,Irondequoit,,,N,43.199468,-77.560414,04/20/2012,10:26 PM,PROPERTY DAMAGE AND INJURY,2.,0 ,1 ,COLLISION WITH TREE,OTHER,NONE,DARK-ROAD UNLIGHTED,CLEAR,DRY
6836 ,34298484,MONROE,Brockport,,,Y,43.2162804,-77.941668,04/30/2012,11:03 PM,INJURY,1.,0 ,1 ,OTHER NON-COLLISION,OTHER,NONE,DARK-ROAD UNLIGHTED,CLEAR,DRY
6836 ,34298915,MONROE,Pittsford,,31 43033045,N,43.0903445,-77.5138294,05/10/2012,8:38 PM,INJURY,1.,0 ,1 ,COLLISION WITH PEDESTRIAN,OTHER,NONE,DARK-ROAD LIGHTED,CLEAR,DRY
6836 ,34298917,MONROE,Pittsford,,31 43033041,N,43.0929057,-77.5209163,05/11/2012,10:47 AM,PROPERTY DAMAGE AND INJURY,1.,0 ,2 ,COLLISION WITH MOTOR VEHICLE,REAR END,RR CROSSING SIGN,DAYLIGHT,CLEAR,DRY
6836 ,34298921,MONROE,Brighton,,31 43033008,N,43.1273035,-77.5655557,05/12/2012,7:59 AM,PROPERTY DAMAGE AND INJURY,1.,0 ,2 ,COLLISION WITH MOTOR VEHICLE,LEFT TURN (WITH OTHER CAR),TRAFFIC SIGNAL,DAYLIGHT,CLEAR,DRY
6836 ,34298941,MONROE,Rochester,,,N,43.1778252,-77.6134539,05/10/2012,5:52 PM,INJURY,1.,0 ,2 ,COLLISION WITH MOTOR VEHICLE,LEFT TURN (AGAINST OTHER CAR),NONE,DAYLIGHT,CLEAR,DRY
6836 ,34298944,MONROE,Rochester,,,N,43.1179052,-77.6167681,05/11/2012,2:00 PM,INJURY,1.,0 ,2 ,COLLISION WITH MOTOR VEHICLE,REAR END,NONE,DAYLIGHT,CLEAR,DRY
6836 ,34298947,MONROE,Rochester,,,N,43.1838593,-77.6137359,05/11/2012,4:02 PM,PROPERTY DAMAGE AND INJURY,2.,0 ,2 ,COLLISION WITH MOTOR VEHICLE,RIGHT ANGLE,NONE,DAYLIGHT,CLEAR,DRY
6836 ,34298949,MONROE,Rochester,,96 43052026,Y,43.155041,-77.594424,05/08/2012,9:30 AM,PROPERTY DAMAGE AND INJURY,1.,0 ,2 ,COLLISION WITH MOTOR VEHICLE,REAR END,TRAFFIC SIGNAL,DAYLIGHT,RAIN,WET
6836 ,34298955,MONROE,Rochester,,,Y,43.182117,-77.595484,05/08/2012,11:01 AM,PROPERTY DAMAGE AND INJURY,2.,0 ,2 ,COLLISION WITH MOTOR VEHICLE,HEAD ON,NONE,DAYLIGHT,RAIN,WET
6836 ,34298958,MONROE,Rochester,,,Y,43.171734,-77.6280679,05/10/2012,8:19 AM,PROPERTY DAMAGE AND INJURY,1.,0 ,2 ,COLLISION WITH MOTOR VEHICLE,RIGHT ANGLE,TRAFFIC SIGNAL,DAYLIGHT,CLOUDY,DRY
6836 ,34298965,MONROE,Rochester,,,Y,43.187361,-77.584105,05/09/2012,3:54 PM,INJURY,1.,0 ,2 ,COLLISION WITH MOTOR VEHICLE,REAR END,TRAFFIC SIGNAL,DAYLIGHT,CLEAR,DRY
6836 ,34298970,MONROE,Rochester,,,Y,43.154535,-77.592391,05/12/2012,3:53 PM,PROPERTY DAMAGE AND INJURY,2.,0 ,2 ,COLLISION WITH MOTOR VEHICLE,REAR END,NONE,DAYLIGHT,CLEAR,DRY
6836 ,34298971,MONROE,Rochester,,,Y,43.1790882,-77.5637916,04/27/2012,11:02 AM,PROPERTY DAMAGE AND INJURY,1.,0 ,1 ,COLLISION WITH TREE,OTHER,NONE,DAYLIGHT,CLOUDY,DRY
6836 ,34298972,MONROE,Rochester,,,N,43.1852653,-77.5750352,05/06/2012,1:26 PM,PROPERTY DAMAGE AND INJURY,1.,0 ,1 ,COLLISION WITH TREE,OTHER,NONE,DAYLIGHT,CLEAR,DRY
6836 ,34299355,MONROE,Perinton,,,N,43.1085627,-77.4532613,05/09/2012,8:18 AM,PROPERTY DAMAGE AND INJURY,2.,0 ,3 ,COLLISION WITH MOTOR VEHICLE,OTHER,NONE,DAYLIGHT,CLOUDY,DRY
6836 ,34299360,MONROE,Henrietta,,252 43011096,Y,43.087046,-77.581938,05/08/2012,1:05 PM,PROPERTY DAMAGE AND INJURY,1.,0 ,2 ,COLLISION WITH MOTOR VEHICLE,LEFT TURN (AGAINST OTHER CAR),TRAFFIC SIGNAL,DAYLIGHT,CLOUDY,WET
6836 ,34299365,MONROE,Clarkson,,,N,43.2772796,-77.9063601,05/13/2012,4:45 PM,INJURY,1.,0 ,1 ,COLL. W/LIGHT SUPPORT/UTILITY POLE,OTHER,NONE,DAYLIGHT,CLOUDY,DRY
6836 ,34299369,MONROE,Penfield,,,N,43.1348033,-77.475755,05/12/2012,3:16 PM,PROPERTY DAMAGE AND INJURY,1.,0 ,2 ,COLLISION WITH MOTOR VEHICLE,RIGHT ANGLE,STOP SIGN,DAYLIGHT,CLOUDY,DRY
6836 ,34299370,MONROE,Henrietta,,15 43031094,Y,43.067984,-77.647022,05/10/2012,2:54 PM,PROPERTY DAMAGE AND INJURY,1.,0 ,2 ,COLLISION WITH MOTOR VEHICLE,LEFT TURN (AGAINST OTHER CAR),TRAFFIC SIGNAL,DAYLIGHT,CLOUDY,DRY
6836 ,34299373,MONROE,Pittsford,,65 43031111,N,43.0872695,-77.5426347,05/09/2012,7:55 AM,PROPERTY DAMAGE AND INJURY,2.,0 ,2 ,COLLISION WITH MOTOR VEHICLE,REAR END,TRAFFIC SIGNAL,DAYLIGHT,CLOUDY,DRY
6836 ,34299374,MONROE,Henrietta,,,Y,43.092837,-77.6535161,05/10/2012,4:20 PM,INJURY,1.,0 ,2 ,COLLISION WITH MOTOR VEHICLE,REAR END,TRAFFIC SIGNAL,DAYLIGHT,CLOUDY,DRY
6836 ,34299376,MONROE,Henrietta,,,Y,43.072574,-77.651296,05/09/2012,2:19 PM,PROPERTY DAMAGE AND INJURY,1.,0 ,2 ,COLLISION WITH MOTOR VEHICLE,REAR END,NONE,DAYLIGHT,CLEAR,DRY
6836 ,34299380,MONROE,Henrietta,,252 43011076,Y,43.0870438,-77.6247635,05/12/2012,12:53 PM,PROPERTY DAMAGE AND INJURY,1.,0 ,3 ,COLLISION WITH MOTOR VEHICLE,OTHER,TRAFFIC SIGNAL,DAYLIGHT,CLOUDY,DRY
6836 ,34299382,MONROE,Henrietta,,252 43011065,N,43.0902229,-77.6443082,05/07/2012,3:00 PM,PROPERTY DAMAGE AND INJURY,1.,0 ,2 ,COLLISION WITH MOTOR VEHICLE,LEFT TURN (AGAINST OTHER CAR),NONE,DAYLIGHT,CLOUDY,DRY
6836 ,34299829,MONROE,Rochester,,,Y,43.162051,-77.5835919,03/27/2012,8:50 AM,PROPERTY DAMAGE AND INJURY,1.,0 ,2 ,COLLISION WITH MOTOR VEHICLE,UNKNOWN,TRAFFIC SIGNAL,DAYLIGHT,CLEAR,DRY
6836 ,34300425,MONROE,Rochester,,,Y,43.156408,-77.586616,04/10/2012,8:05 PM,INJURY,1.,0 ,1 ,COLLISION WITH PEDESTRIAN,OTHER,TRAFFIC SIGNAL,DARK-ROAD LIGHTED,RAIN,WET
6836 ,34300866,MONROE,Rochester,,,Y,43.14997,-77.651058,05/03/2012,6:57 PM,INJURY,1.,0 ,2 ,COLLISION WITH MOTOR VEHICLE,REAR END,TRAFFIC SIGNAL,DAYLIGHT,CLEAR,DRY
6836 ,34301439,MONROE,Rochester,,,Y,43.126365,-77.642696,03/13/2012,7:48 AM,PROPERTY DAMAGE AND INJURY,1.,0 ,2 ,COLLISION WITH MOTOR VEHICLE,RIGHT ANGLE,STOP SIGN,DAYLIGHT,CLEAR,DRY
6836 ,34301797,MONROE,Gates,,,N,43.143779,-77.7326562,05/06/2012,6:07 PM,INJURY,1.,0 ,1 ,COLLISION WITH BICYCLIST,OTHER,NONE,DAYLIGHT,CLEAR,DRY
6836 ,34301848,MONROE,Rochester,,,Y,43.155708,-77.612547,05/09/2012,10:58 AM,PROPERTY DAMAGE AND INJURY,1.,0 ,2 ,COLLISION WITH MOTOR VEHICLE,REAR END,TRAFFIC SIGNAL,DAYLIGHT,CLEAR,DRY
6836 ,34302094,MONROE,Webster,,,Y,43.218966,-77.48872,05/11/2012,7:54 AM,PROPERTY DAMAGE AND INJURY,1.,0 ,2 ,COLLISION WITH MOTOR VEHICLE,RIGHT ANGLE,NONE,DAYLIGHT,CLEAR,DRY
6836 ,34302101,MONROE,Perinton,,,N,43.0721706,-77.3920918,05/12/2012,12:00 PM,INJURY,1.,0 ,1 ,COLLISION WITH PEDESTRIAN,OTHER,NONE,DAYLIGHT,CLEAR,DRY
6836 ,34302110,MONROE,Brighton,,31 43033014,Y,43.120241,-77.557701,05/11/2012,7:16 PM,PROPERTY DAMAGE AND INJURY,2.,0 ,2 ,COLLISION WITH MOTOR VEHICLE,HEAD ON,STOP SIGN,DAYLIGHT,CLEAR,DRY
6836 ,34302112,MONROE,Irondequoit,,,N,43.1954932,-77.6041833,05/11/2012,1:51 PM,PROPERTY DAMAGE AND INJURY,1.,0 ,2 ,COLLISION WITH MOTOR VEHICLE,RIGHT ANGLE,NO PASSING ZONE,DAYLIGHT,CLEAR,DRY
6836 ,34302117,MONROE,Brighton,,441 43011103,N,43.129144,-77.524889,05/14/2012,9:08 PM,PROPERTY DAMAGE AND INJURY,2.,0 ,2 ,COLLISION WITH MOTOR VEHICLE,LEFT TURN (AGAINST OTHER CAR),TRAFFIC SIGNAL,DARK-ROAD LIGHTED,CLEAR,DRY
6836 ,34302767,MONROE,Rochester,,,N,43.2313319,-77.6259083,03/17/2012,6:47 PM,INJURY,1.,0 ,2 ,COLLISION WITH MOTOR VEHICLE,REAR END,NONE,DAYLIGHT,CLEAR,DRY
6836 ,34304072,MONROE,Ogden,,31 43031121,N,43.1815915,-77.8029621,05/15/2012,12:42 PM,INJURY,1.,0 ,2 ,COLLISION WITH MOTOR VEHICLE,LEFT TURN (AGAINST OTHER CAR),NO PASSING ZONE,DAYLIGHT,CLEAR,DRY
6836 ,34304073,MONROE,Webster,,104 43035098,N,43.2119745,-77.4324254,04/28/2012,8:20 AM,PROPERTY DAMAGE AND INJURY,1.,0 ,2 ,COLLISION WITH MOTOR VEHICLE,RIGHT ANGLE,NONE,DAYLIGHT,CLEAR,DRY
6836 ,34304079,MONROE,Chili,,33A43021103,Y,43.105927,-77.748618,05/12/2012,8:18 AM,INJURY,1.,0 ,2 ,COLLISION WITH MOTOR VEHICLE,OVERTAKING,TRAFFIC SIGNAL,DAYLIGHT,CLEAR,DRY
6836 ,34304088,MONROE,Irondequoit,,,Y,43.196137,-77.6001439,05/16/2012,11:55 PM,PROPERTY DAMAGE AND INJURY,1.,0 ,2 ,COLLISION WITH MOTOR VEHICLE,REAR END,TRAFFIC SIGNAL,DARK-ROAD LIGHTED,CLEAR,DRY
6836 ,34304090,MONROE,Irondequoit,,,Y,43.2139516,-77.5984256,05/03/2012,3:24 PM,PROPERTY DAMAGE AND INJURY,2.,0 ,3 ,COLLISION WITH MOTOR VEHICLE,OTHER,NO PASSING ZONE,DAYLIGHT,CLEAR,DRY
6836 ,34304094,MONROE,Fairport,,,N,43.0988094,-77.4419641,05/15/2012,4:40 PM,PROPERTY DAMAGE AND INJURY,1.,0 ,2 ,COLLISION WITH MOTOR VEHICLE,OVERTAKING,NONE,DAYLIGHT,CLEAR,DRY
6836 ,34304099,MONROE,Brighton,,31 43033018,Y,43.116512,-77.553734,05/16/2012,4:16 PM,PROPERTY DAMAGE AND INJURY,1.,0 ,2 ,COLLISION WITH MOTOR VEHICLE,RIGHT ANGLE,TRAFFIC SIGNAL,DAYLIGHT,CLOUDY,DRY
6836 ,34304100,MONROE,Rochester,,,Y,43.165864,-77.5665159,05/16/2012,8:57 AM,INJURY,1.,0 ,1 ,COLLISION WITH BICYCLIST,OTHER,NONE,DAYLIGHT,CLEAR,DRY
6836 ,34304101,MONROE,Rochester,,,N,43.1557719,-77.5869661,05/11/2012,2:35 PM,PROPERTY DAMAGE AND INJURY,1.,0 ,2 ,COLLISION WITH MOTOR VEHICLE,REAR END,TRAFFIC SIGNAL,DAYLIGHT,CLEAR,DRY
6836 ,34304109,MONROE,Rochester,,,N,43.1286887,-77.6153942,05/12/2012,12:02 PM,INJURY,1.,0 ,2 ,COLLISION WITH MOTOR VEHICLE,REAR END,NONE,DAYLIGHT,CLEAR,DRY
6836 ,34304111,MONROE,Rochester,,,Y,43.152502,-77.60751,05/13/2012,6:10 PM,INJURY,1.,0 ,1 ,COLLISION WITH CURBING,OTHER,TRAFFIC SIGNAL,DAYLIGHT,CLEAR,DRY
6836 ,34304114,MONROE,Rochester,,,Y,43.170226,-77.611807,05/12/2012,3:01 PM,INJURY,1.,0 ,1 ,COLLISION WITH BICYCLIST,OTHER,TRAFFIC SIGNAL,DAYLIGHT,CLEAR,DRY
6836 ,34304118,MONROE,Rochester,,,Y,43.164632,-77.6413559,05/09/2012,3:18 PM,PROPERTY DAMAGE AND INJURY,3.,0 ,2 ,COLLISION WITH MOTOR VEHICLE,REAR END,STOPPED SCHOOL BUS W/RED LIGHT FLSH,DAYLIGHT,CLEAR,DRY
6836 ,34304293,MONROE,Rochester,,,Y,43.177276,-77.598949,05/14/2012,5:00 PM,PROPERTY DAMAGE AND INJURY,4.,0 ,2 ,COLLISION WITH MOTOR VEHICLE,RIGHT ANGLE,STOP SIGN,DAYLIGHT,CLEAR,DRY
6836 ,34304298,MONROE,Rochester,,,Y,43.146321,-77.648004,05/09/2012,7:27 PM,INJURY,1.,0 ,1 ,COLLISION WITH BICYCLIST,OTHER,STOP SIGN,DAYLIGHT,CLEAR,DRY
6836 ,34304299,MONROE,Rochester,,33A43022003,N,43.1424624,-77.6594506,05/09/2012,4:01 PM,PROPERTY DAMAGE AND INJURY,2.,0 ,2 ,COLLISION WITH MOTOR VEHICLE,OVERTAKING,NONE,DAYLIGHT,CLEAR,DRY
6836 ,34304301,MONROE,Rochester,,,Y,43.185287,-77.638884,05/06/2012,7:15 PM,INJURY,1.,0 ,1 ,COLLISION WITH BICYCLIST,OTHER,TRAFFIC SIGNAL,DAYLIGHT,CLEAR,DRY
6836 ,34304308,MONROE,Rochester,,,N,43.1793142,-77.6382766,05/07/2012,3:24 PM,PROPERTY DAMAGE AND INJURY,1.,0 ,2 ,COLLISION WITH MOTOR VEHICLE,REAR END,NONE,DAYLIGHT,CLOUDY,DRY
6836 ,34304319,MONROE,Rochester,,,Y,43.173866,-77.6430369,05/07/2012,2:25 PM,INJURY,1.,0 ,2 ,COLLISION WITH MOTOR VEHICLE,LEFT TURN (WITH OTHER CAR),NONE,DAYLIGHT,CLOUDY,DRY
6836 ,34304320,MONROE,Rochester,,,Y,43.249715,-77.614751,04/16/2012,12:55 PM,PROPERTY DAMAGE AND INJURY,1.,0 ,2 ,COLLISION WITH MOTOR VEHICLE,RIGHT ANGLE,TRAFFIC SIGNAL,DAYLIGHT,CLEAR,DRY
6836 ,34304323,MONROE,Rochester,,,Y,43.1775539,-77.5857196,05/16/2012,11:16 PM,PROPERTY DAMAGE AND INJURY,1.,0 ,1 ,COLLISION WITH TREE,OTHER,NONE,DARK-ROAD LIGHTED,CLEAR,DRY
6836 ,34304326,MONROE,Rochester,,,Y,43.148474,-77.611754,05/14/2012,3:27 PM,INJURY,1.,0 ,1 ,COLLISION WITH BICYCLIST,OTHER,STOP SIGN,DAYLIGHT,CLOUDY,DRY
6836 ,34304493,MONROE,Rochester,,940T43011007,N,43.1607202,-77.6126991,05/10/2012,6:10 PM,PROPERTY DAMAGE AND INJURY,2.,0 ,3 ,COLLISION WITH MOTOR VEHICLE,OTHER,NONE,DAYLIGHT,CLEAR,DRY
6836 ,34304538,MONROE,Irondequoit,,590 43013008,N,43.1779687,-77.5426833,05/11/2012,4:04 AM,PROPERTY DAMAGE AND INJURY,1.,0 ,1 ,COLLISION WITH OTHER BARRIER,OTHER,NONE,DARK-ROAD LIGHTED,CLEAR,DRY
6836 ,34305025,MONROE,Chili,,383 43011156,N,43.1224215,-77.6473064,05/17/2012,6:49 AM,INJURY,1.,0 ,2 ,COLLISION WITH MOTOR VEHICLE,REAR END,YIELD SIGN,DAYLIGHT,CLEAR,DRY
6836 ,34305240,MONROE,Brighton,,15 43031115,Y,43.094993,-77.63258,05/17/2012,6:05 PM,PROPERTY DAMAGE AND INJURY,1.,0 ,2 ,COLLISION WITH MOTOR VEHICLE,RIGHT ANGLE,NO PASSING ZONE,DAYLIGHT,CLEAR,DRY
6836 ,34305241,MONROE,Brighton,,,Y,43.0950678,-77.6052836,05/16/2012,9:15 AM,PROPERTY DAMAGE AND INJURY,1.,0 ,3 ,COLLISION WITH MOTOR VEHICLE,OTHER,NONE,DAYLIGHT,CLEAR,DRY
6836 ,34305242,MONROE,Gates,,,N,43.1307453,-77.6661198,05/17/2012,5:14 PM,PROPERTY DAMAGE AND INJURY,1.,0 ,3 ,COLLISION WITH MOTOR VEHICLE,OTHER,TRAFFIC SIGNAL,DAYLIGHT,CLEAR,DRY
6836 ,34305249,MONROE,Chili,,386 43011011,N,43.1207236,-77.7456369,05/14/2012,3:32 PM,PROPERTY DAMAGE AND INJURY,2.,0 ,2 ,COLLISION WITH MOTOR VEHICLE,HEAD ON,NONE,DAYLIGHT,CLEAR,DRY
6836 ,34305277,MONROE,Henrietta,,,N,43.0588787,-77.6396888,04/20/2012,2:00 PM,INJURY,1.,0 ,2 ,COLLISION WITH MOTOR VEHICLE,REAR END,TRAFFIC SIGNAL,DAYLIGHT,CLEAR,DRY
6836 ,34305287,MONROE,Penfield,,,Y,43.1824,-77.488696,05/15/2012,1:06 PM,PROPERTY DAMAGE AND INJURY,1.,0 ,2 ,COLLISION WITH MOTOR VEHICLE,REAR END,NONE,DAYLIGHT,CLEAR,DRY
6836 ,34305638,MONROE,Rochester,,490I43022002,N,43.157718,-77.6701353,05/17/2012,5:08 PM,PROPERTY DAMAGE AND INJURY,1.,0 ,2 ,COLLISION WITH MOTOR VEHICLE,REAR END,NONE,DAYLIGHT,CLEAR,DRY
6836 ,34305641,MONROE,Brighton,,390I43031152,N,43.1168467,-77.6341635,05/17/2012,10:40 AM,PROPERTY DAMAGE AND INJURY,1.,0 ,3 ,COLLISION WITH MOTOR VEHICLE,OTHER,NONE,DAYLIGHT,CLEAR,DRY
6836 ,34305734,MONROE,Greece,,,Y,43.19803,-77.732017,05/15/2012,6:10 PM,PROPERTY DAMAGE AND INJURY,1.,0 ,2 ,COLLISION WITH MOTOR VEHICLE,REAR END,NONE,DAYLIGHT,CLEAR,DRY
6836 ,34305743,MONROE,Greece,,,Y,43.26774,-77.696269,05/17/2012,5:49 PM,PROPERTY DAMAGE AND INJURY,3.,0 ,2 ,COLLISION WITH MOTOR VEHICLE,LEFT TURN (AGAINST OTHER CAR),STOP SIGN,DAYLIGHT,CLEAR,DRY
6836 ,34306219,MONROE,Brighton,,490I43023005,N,43.1391619,-77.5390529,05/18/2012,5:40 PM,PROPERTY DAMAGE AND INJURY,1.,0 ,3 ,COLLISION WITH MOTOR VEHICLE,OTHER,NONE,DAYLIGHT,CLEAR,DRY
6836 ,34306326,MONROE,Greece,,104 43031168,N,43.206627,-77.676202,05/18/2012,6:10 PM,PROPERTY DAMAGE AND INJURY,3.,0 ,3 ,COLLISION WITH MOTOR VEHICLE,OTHER,TRAFFIC SIGNAL,DAYLIGHT,CLEAR,DRY
6836 ,34306559,MONROE,Rochester,,,Y,43.159352,-77.645448,05/16/2012,2:57 PM,INJURY,2.,0 ,1 ,COLLISION WITH PEDESTRIAN,OTHER,NONE,DAYLIGHT,CLEAR,DRY
6836 ,34306562,MONROE,Ogden,,33 43031087,N,43.135391,-77.7751438,05/19/2012,7:52 AM,PROPERTY DAMAGE AND INJURY,1.,0 ,1 ,COLLISION WITH OTHER FIXED OBJECT,OTHER,NONE,DAYLIGHT,CLEAR,DRY
6836 ,34306572,MONROE,Penfield,,,N,43.1649892,-77.5054425,05/17/2012,11:55 AM,PROPERTY DAMAGE AND INJURY,1.,0 ,2 ,COLLISION WITH MOTOR VEHICLE,REAR END,NONE,DAYLIGHT,CLOUDY,DRY
6836 ,34306573,MONROE,Penfield,,250 43011067,N,43.1311132,-77.44133,05/12/2012,1:13 PM,INJURY,1.,0 ,1 ,COLLISION WITH BICYCLIST,OTHER,NONE,DAYLIGHT,CLEAR,DRY
6836 ,34306577,MONROE,Brighton,,490I43023004,N,43.1397104,-77.5401172,05/18/2012,11:40 AM,PROPERTY DAMAGE AND INJURY,2.,0 ,2 ,COLLISION WITH MOTOR VEHICLE,REAR END,NONE,DAYLIGHT,CLEAR,DRY
6836 ,34306578,MONROE,Chili,,259 43011019,Y,43.119857,-77.80532,05/12/2012,12:16 PM,PROPERTY DAMAGE AND INJURY,2.,0 ,2 ,COLLISION WITH MOTOR VEHICLE,LEFT TURN (AGAINST OTHER CAR),TRAFFIC SIGNAL,DAYLIGHT,CLEAR,DRY
6836 ,34306582,MONROE,Rochester,,,N,43.196585,-77.5614345,05/10/2012,2:00 PM,PROPERTY DAMAGE AND INJURY,3.,0 ,3 ,COLLISION WITH MOTOR VEHICLE,OTHER,NONE,DAYLIGHT,CLOUDY,DRY