QUERYID,CASE #,REGN_CNTY_CDE,Municipality,MUNITYPE,REF_MRKR,ATINTERSECTION_IND,Lat,Long,,Time,Crash Type,Injuries,Fatalities,Number of Vehicles,ACCD_TYP,COLLISION_TYP,TRAF_CNTL,Light Condition,Weather Condition,Road Surface Condition
6836 ,34306585,MONROE,Brighton,,,Y,43.12549,-77.596504,05/18/2012,3:59 PM,PROPERTY DAMAGE AND INJURY,1.,0 ,2 ,COLLISION WITH MOTOR VEHICLE,RIGHT ANGLE,NONE,DAYLIGHT,CLEAR,DRY
6836 ,34306593,MONROE,Rochester,,31 43032049,N,43.1460664,-77.5928555,05/12/2012,8:03 AM,INJURY,1.,0 ,1 ,COLLISION WITH PEDESTRIAN,OTHER,TRAFFIC SIGNAL,DAYLIGHT,CLEAR,DRY
6836 ,34306595,MONROE,Rochester,,,N,43.25158,-77.6134096,05/15/2012,6:51 PM,INJURY,1.,0 ,1 ,COLLISION WITH PEDESTRIAN,OTHER,NONE,DAYLIGHT,CLEAR,DRY
6836 ,34306599,MONROE,Rochester,,,N,43.1629447,-77.6367212,05/19/2012,12:58 AM,PROPERTY DAMAGE AND INJURY,1.,0 ,2 ,COLLISION WITH MOTOR VEHICLE,SIDESWIPE,NONE,DARK-ROAD LIGHTED,CLEAR,DRY
6836 ,34306601,MONROE,Rochester,,,N,43.1845197,-77.6189661,05/12/2012,10:26 PM,PROPERTY DAMAGE AND INJURY,1.,0 ,2 ,COLLISION WITH MOTOR VEHICLE,OTHER,NONE,DARK-ROAD LIGHTED,CLOUDY,DRY
6836 ,34306606,MONROE,Rochester,,,N,43.1810586,-77.6072145,05/18/2012,7:10 PM,PROPERTY DAMAGE AND INJURY,1.,0 ,1 ,COLLISION WITH PEDESTRIAN,OTHER,NONE,DAYLIGHT,CLEAR,DRY
6836 ,34306611,MONROE,Rochester,,,Y,43.160067,-77.6076169,05/14/2012,6:48 PM,PROPERTY DAMAGE AND INJURY,1.,0 ,2 ,COLLISION WITH MOTOR VEHICLE,OTHER,TRAFFIC SIGNAL,DAYLIGHT,CLEAR,DRY
6836 ,34306613,MONROE,Rochester,,,Y,43.127264,-77.616137,05/16/2012,11:21 AM,PROPERTY DAMAGE AND INJURY,1.,0 ,2 ,COLLISION WITH MOTOR VEHICLE,LEFT TURN (AGAINST OTHER CAR),STOP SIGN,DAYLIGHT,CLOUDY,DRY
6836 ,34306616,MONROE,Rochester,,,N,43.191536,-77.6086891,05/16/2012,9:29 PM,PROPERTY DAMAGE AND INJURY,3.,0 ,2 ,COLLISION WITH MOTOR VEHICLE,RIGHT TURN (WITH OTHER CAR),TRAFFIC SIGNAL,DARK-ROAD LIGHTED,CLEAR,DRY
6836 ,34306620,MONROE,Rochester,,,Y,43.160988,-77.575025,05/17/2012,4:35 PM,INJURY,1.,0 ,2 ,COLLISION WITH MOTOR VEHICLE,RIGHT ANGLE,TRAFFIC SIGNAL,DAYLIGHT,CLEAR,DRY
6836 ,34307042,MONROE,Riga,,33 43031021,N,43.1023576,-77.8943262,05/20/2012,1:04 PM,PROPERTY DAMAGE AND INJURY,1.,0 ,2 ,COLLISION WITH MOTOR VEHICLE,RIGHT ANGLE,STOP SIGN,DAYLIGHT,CLEAR,DRY
6836 ,34307165,MONROE,Henrietta,,,N,43.0500618,-77.6144697,05/19/2012,2:34 PM,INJURY,1.,0 ,2 ,COLLISION WITH MOTOR VEHICLE,RIGHT TURN (WITH OTHER CAR),NONE,DAYLIGHT,CLEAR,DRY
6836 ,34307185,MONROE,Henrietta,,252 43011056,N,43.0926723,-77.6619356,05/17/2012,8:53 AM,PROPERTY DAMAGE AND INJURY,1.,0 ,3 ,COLLISION WITH MOTOR VEHICLE,OTHER,NONE,DAYLIGHT,CLEAR,DRY
6836 ,34307189,MONROE,Rush,,390I43031007,N,42.9495457,-77.6968342,05/17/2012,11:40 AM,PROPERTY DAMAGE AND INJURY,1.,0 ,2 ,COLLISION WITH MOTOR VEHICLE,REAR END,NONE,DAYLIGHT,CLEAR,DRY
6836 ,34307200,MONROE,Chili,,252 43011026,N,43.0897886,-77.7191304,05/15/2012,10:54 AM,PROPERTY DAMAGE AND INJURY,1.,0 ,1 ,COLLISION WITH TREE,OTHER,NONE,DAYLIGHT,CLEAR,DRY
6836 ,34307310,MONROE,Rochester,,,N,43.1867336,-77.622376,05/19/2012,3:46 PM,PROPERTY DAMAGE AND INJURY,2.,0 ,2 ,COLLISION WITH MOTOR VEHICLE,RIGHT ANGLE,NONE,DAYLIGHT,CLEAR,DRY
6836 ,34307312,MONROE,Rochester,,,Y,43.177276,-77.598949,05/14/2012,11:00 PM,PROPERTY DAMAGE AND INJURY,2.,0 ,2 ,COLLISION WITH MOTOR VEHICLE,RIGHT ANGLE,STOP SIGN,DARK-ROAD LIGHTED,CLEAR,DRY
6836 ,34307314,MONROE,Rochester,,,Y,43.140583,-77.6050119,05/14/2012,4:24 PM,PROPERTY DAMAGE AND INJURY,1.,0 ,2 ,COLLISION WITH MOTOR VEHICLE,RIGHT ANGLE,STOP SIGN,DAYLIGHT,CLEAR,DRY
6836 ,34307316,MONROE,Rochester,,,N,43.1376661,-77.6097574,05/19/2012,5:41 PM,PROPERTY DAMAGE AND INJURY,1.,0 ,2 ,COLLISION WITH MOTOR VEHICLE,REAR END,NONE,DAYLIGHT,CLEAR,DRY
6836 ,34307438,MONROE,Greece,,,N,43.2217456,-77.6401597,05/12/2012,5:00 PM,INJURY,1.,0 ,1 ,COLLISION WITH PEDESTRIAN,OTHER,NONE,DAYLIGHT,CLEAR,DRY
6836 ,34308173,MONROE,Rochester,,,Y,43.1820724,-77.5992674,05/13/2012,4:40 PM,INJURY,1.,0 ,1 ,COLLISION WITH PEDESTRIAN,OTHER,NONE,DAYLIGHT,CLEAR,DRY
6836 ,34308179,MONROE,Gates,,,N,43.139413,-77.66832,05/19/2012,11:30 PM,INJURY,1.,0 ,1 ,COLLISION WITH PEDESTRIAN,OTHER,TRAFFIC SIGNAL,DARK-ROAD LIGHTED,CLEAR,DRY
6836 ,34308222,MONROE,Henrietta,,15 43032066,N,43.0932481,-77.6334905,05/15/2012,8:16 AM,INJURY,1.,0 ,1 ,COLLISION WITH BICYCLIST,OTHER,NONE,DAYLIGHT,CLOUDY,DRY
6836 ,34308340,MONROE,Irondequoit,,,N,43.2313539,-77.5471398,05/20/2012,1:35 PM,PROPERTY DAMAGE AND INJURY,1.,0 ,1 ,COLL. W/LIGHT SUPPORT/UTILITY POLE,OTHER,NONE,DAYLIGHT,CLEAR,DRY
6836 ,34308349,MONROE,Gates,,,N,43.1650366,-77.6916547,05/21/2012,7:05 AM,PROPERTY DAMAGE AND INJURY,1.,0 ,2 ,COLLISION WITH MOTOR VEHICLE,OVERTAKING,NONE,DAYLIGHT,CLEAR,DRY
6836 ,34308352,MONROE,Webster,,,Y,43.202768,-77.462266,05/20/2012,3:16 PM,PROPERTY DAMAGE AND INJURY,1.,0 ,2 ,COLLISION WITH MOTOR VEHICLE,RIGHT ANGLE,STOP SIGN,DAYLIGHT,CLEAR,DRY
6836 ,34308355,MONROE,Webster,,,N,43.2123648,-77.4291503,05/20/2012,12:11 PM,PROPERTY DAMAGE AND INJURY,1.,0 ,2 ,COLLISION WITH MOTOR VEHICLE,LEFT TURN (AGAINST OTHER CAR),NONE,DAYLIGHT,CLEAR,DRY
6836 ,34308357,MONROE,Henrietta,,390I43031103,N,43.0762935,-77.6258166,05/20/2012,2:35 PM,PROPERTY DAMAGE AND INJURY,1.,0 ,1 ,COLLISION WITH DEER,OTHER,NONE,DAYLIGHT,CLEAR,DRY
6836 ,34308359,MONROE,Irondequoit,,,Y,43.2108,-77.594009,05/15/2012,11:48 AM,PROPERTY DAMAGE AND INJURY,3.,0 ,2 ,COLLISION WITH MOTOR VEHICLE,RIGHT ANGLE,NONE,DAYLIGHT,CLEAR,DRY
6836 ,34308409,MONROE,Brighton,,,N,43.1052703,-77.6272682,05/21/2012,5:30 PM,PROPERTY DAMAGE AND INJURY,1.,0 ,3 ,COLLISION WITH MOTOR VEHICLE,OTHER,NONE,DAYLIGHT,RAIN,WET
6836 ,34308413,MONROE,Rochester,,,Y,43.173884,-77.624003,05/08/2012,3:23 PM,PROPERTY DAMAGE AND INJURY,1.,0 ,2 ,COLLISION WITH MOTOR VEHICLE,REAR END,TRAFFIC SIGNAL,DAYLIGHT,CLEAR,DRY
6836 ,34308769,MONROE,Irondequoit,,590 43013006,N,43.1760177,-77.5425508,05/11/2012,4:04 AM,INJURY,1.,0 ,1 ,COLL. W/LIGHT SUPPORT/UTILITY POLE,OTHER,NONE,DARK-ROAD LIGHTED,CLOUDY,DRY
6836 ,34309667,MONROE,Webster,,,N,43.2198724,-77.4612998,05/22/2012,3:44 PM,PROPERTY DAMAGE AND INJURY,1.,0 ,2 ,COLLISION WITH MOTOR VEHICLE,RIGHT ANGLE,STOP SIGN,DAYLIGHT,CLEAR,DRY
6836 ,34309670,MONROE,Penfield,,,N,43.1824096,-77.502168,05/18/2012,10:36 AM,INJURY,2.,0 ,1 ,COLLISION WITH CURBING,OTHER,TRAFFIC SIGNAL,DAYLIGHT,CLEAR,DRY
6836 ,34309674,MONROE,Gates,,,Y,43.138298,-77.671613,05/21/2012,5:40 PM,INJURY,1.,0 ,2 ,COLLISION WITH MOTOR VEHICLE,REAR END,TRAFFIC SIGNAL,DAYLIGHT,RAIN,WET
6836 ,34309683,MONROE,Penfield,,441 43011049,N,43.1308269,-77.4473704,05/18/2012,8:35 AM,PROPERTY DAMAGE AND INJURY,1.,0 ,2 ,COLLISION WITH MOTOR VEHICLE,LEFT TURN (AGAINST OTHER CAR),TRAFFIC SIGNAL,DAYLIGHT,CLEAR,DRY
6836 ,34309685,MONROE,Clarkson,,31 43031005,N,43.220546,-77.9870045,05/21/2012,2:07 PM,PROPERTY DAMAGE AND INJURY,1.,0 ,1 ,COLL. W/EARTH ELE./ROCK CUT/DITCH,OTHER,NONE,DAYLIGHT,CLEAR,DRY
6836 ,34309690,MONROE,Hilton,,18 43031111,N,43.2842375,-77.7914379,05/20/2012,1:27 PM,PROPERTY DAMAGE AND INJURY,1.,0 ,1 ,COLLISION WITH OTHER FIXED OBJECT,OTHER,NONE,DAYLIGHT,CLEAR,DRY
6836 ,34309692,MONROE,Penfield,,,Y,43.130076,-77.4758771,05/18/2012,4:30 PM,INJURY,1.,0 ,1 ,COLLISION WITH BICYCLIST,OTHER,TRAFFIC SIGNAL,DAYLIGHT,CLEAR,DRY
6836 ,34309694,MONROE,Parma,,947A43021121,N,43.3359893,-77.7639589,05/21/2012,5:45 AM,PROPERTY DAMAGE AND INJURY,1.,0 ,2 ,COLLISION WITH MOTOR VEHICLE,OVERTAKING,NONE,DAYLIGHT,CLEAR,DRY
6836 ,34309704,MONROE,Rochester,,,N,43.1599844,-77.5661182,05/10/2012,8:05 AM,PROPERTY DAMAGE AND INJURY,1.,0 ,3 ,COLLISION WITH MOTOR VEHICLE,OTHER,NONE,DAYLIGHT,CLEAR,DRY
6836 ,34309706,MONROE,Rochester,,,N,43.1793147,-77.6385022,05/21/2012,2:12 PM,INJURY,3.,0 ,2 ,COLLISION WITH MOTOR VEHICLE,RIGHT ANGLE,NONE,DAYLIGHT,CLEAR,DRY
6836 ,34309711,MONROE,Rochester,,,Y,43.251702,-77.613324,05/19/2012,9:51 PM,INJURY,1.,0 ,1 ,COLLISION WITH PEDESTRIAN,OTHER,TRAFFIC SIGNAL,DARK-ROAD LIGHTED,CLEAR,DRY
6836 ,34309713,MONROE,Rochester,,,Y,43.163215,-77.621608,05/21/2012,4:51 PM,INJURY,4.,0 ,4 ,COLLISION WITH MOTOR VEHICLE,OTHER,TRAFFIC SIGNAL,DAYLIGHT,CLOUDY,DRY
6836 ,34309714,MONROE,Rochester,,,N,43.1285062,-77.6133093,05/16/2012,12:32 PM,PROPERTY DAMAGE AND INJURY,1.,0 ,3 ,COLLISION WITH MOTOR VEHICLE,OTHER,NONE,DAYLIGHT,CLOUDY,DRY
6836 ,34309936,MONROE,Irondequoit,,47 43013019,N,43.1939605,-77.5458503,05/17/2012,4:15 PM,PROPERTY DAMAGE AND INJURY,1.,0 ,3 ,COLLISION WITH MOTOR VEHICLE,OTHER,NONE,DAYLIGHT,CLEAR,DRY
6836 ,34310024,MONROE,Greece,,,N,43.231073,-77.672338,05/11/2012,9:45 PM,PROPERTY DAMAGE AND INJURY,2.,0 ,2 ,COLLISION WITH MOTOR VEHICLE,LEFT TURN (AGAINST OTHER CAR),TRAFFIC SIGNAL,DARK-ROAD LIGHTED,CLEAR,DRY
6836 ,34311155,MONROE,Brockport,,,N,43.2127933,-77.9414049,05/16/2012,2:20 AM,INJURY,1.,0 ,1 ,COLLISION WITH PEDESTRIAN,OTHER,NONE,DARK-ROAD LIGHTED,CLEAR,DRY
6836 ,34311273,MONROE,Perinton,,,N,43.0441856,-77.3918804,04/30/2012,4:13 PM,FATAL,0.,1 ,1 ,COLL. W/EARTH ELE./ROCK CUT/DITCH,OTHER,NONE,DAYLIGHT,CLOUDY,DRY
6836 ,34311274,MONROE,Chili,,383 43011128,N,43.0932727,-77.681299,04/02/2012,5:53 AM,FATAL,1.,1 ,2 ,COLLISION WITH MOTOR VEHICLE,HEAD ON,NONE,DARK-ROAD UNLIGHTED,CLEAR,SNOW/ICE
6836 ,34311275,MONROE,Sweden,,,N,43.1799332,-77.8922031,03/26/2012,12:09 AM,FATAL,0.,1 ,1 ,COLLISION WITH OTHER FIXED OBJECT,OTHER,NONE,DARK-ROAD UNLIGHTED,CLEAR,DRY
6836 ,34311282,MONROE,Chili,,252A43011035,N,43.0998451,-77.6884531,05/07/2012,3:58 PM,FATAL,1.,1 ,1 ,COLLISION WITH GUIDE RAIL,OTHER,NO PASSING ZONE,DAYLIGHT,CLOUDY,DRY
6836 ,34311292,MONROE,Webster,,104 43035236,N,43.2144241,-77.5041858,05/21/2012,7:25 AM,PROPERTY DAMAGE AND INJURY,1.,0 ,1 ,COLLISION WITH DEER,OTHER,NONE,DAYLIGHT,CLEAR,DRY
6836 ,34311350,MONROE,Perinton,,31 43034070,N,43.078814,-77.485447,05/19/2012,6:10 PM,PROPERTY DAMAGE AND INJURY,1.,0 ,2 ,COLLISION WITH MOTOR VEHICLE,LEFT TURN (AGAINST OTHER CAR),STOP SIGN,DAYLIGHT,CLEAR,DRY
6836 ,34311353,MONROE,Webster,,104 43035063,Y,43.198762,-77.499213,05/21/2012,6:26 PM,PROPERTY DAMAGE AND INJURY,2.,0 ,2 ,COLLISION WITH MOTOR VEHICLE,UNKNOWN,NONE,DAYLIGHT,CLOUDY,WET
6836 ,34311354,MONROE,Webster,,,N,43.2588933,-77.4292237,05/20/2012,12:36 AM,PROPERTY DAMAGE AND INJURY,1.,0 ,1 ,COLL. W/EARTH ELE./ROCK CUT/DITCH,OTHER,NONE,DARK-ROAD UNLIGHTED,CLEAR,DRY
6836 ,34311355,MONROE,Pittsford,,65 43031089,N,43.0579177,-77.5567733,05/18/2012,3:58 PM,PROPERTY DAMAGE AND INJURY,1.,0 ,2 ,COLLISION WITH MOTOR VEHICLE,REAR END,NONE,DAYLIGHT,CLEAR,DRY
6836 ,34311362,MONROE,Chili,,490I43021102,N,43.1029562,-77.7863567,04/08/2012,9:15 AM,PROPERTY DAMAGE AND INJURY,1.,0 ,1 ,COLL. W/EARTH ELE./ROCK CUT/DITCH,OTHER,NONE,DAYLIGHT,CLEAR,DRY
6836 ,34311368,MONROE,Brighton,,15A43041128,Y,43.0958331,-77.6123341,05/23/2012,12:50 PM,INJURY,1.,0 ,2 ,COLLISION WITH MOTOR VEHICLE,OVERTAKING,NONE,DAYLIGHT,CLOUDY,DRY
6836 ,34311373,MONROE,Gates,,,N,43.1666993,-77.6954022,05/21/2012,10:16 PM,PROPERTY DAMAGE AND INJURY,2.,0 ,2 ,COLLISION WITH MOTOR VEHICLE,REAR END,TRAFFIC SIGNAL,DARK-ROAD LIGHTED,CLOUDY,WET
6836 ,34311377,MONROE,Gates,,31 43031174,N,43.1695677,-77.7017028,05/23/2012,7:00 PM,PROPERTY DAMAGE AND INJURY,1.,0 ,1 ,OVERTURNED,OTHER,TRAFFIC SIGNAL,DAYLIGHT,CLEAR,DRY
6836 ,34311379,MONROE,Gates,,251 43011000,N,43.143178,-77.7356637,05/22/2012,1:50 PM,PROPERTY DAMAGE AND INJURY,2.,0 ,2 ,COLLISION WITH MOTOR VEHICLE,RIGHT ANGLE,NONE,DAYLIGHT,CLOUDY,WET
6836 ,34311380,MONROE,Hamlin,,18 43031036,Y,43.295527,-77.943425,05/18/2012,6:23 AM,PROPERTY DAMAGE AND INJURY,2.,0 ,2 ,COLLISION WITH MOTOR VEHICLE,RIGHT ANGLE,STOP SIGN,DAYLIGHT,CLEAR,DRY
6836 ,34311382,MONROE,Hilton,,259 43011006,Y,43.287493,-77.791558,05/16/2012,10:25 AM,PROPERTY DAMAGE AND INJURY,1.,0 ,3 ,COLLISION WITH MOTOR VEHICLE,OTHER,NO PASSING ZONE,DAYLIGHT,CLEAR,DRY
6836 ,34311385,MONROE,Clarkson,,104 43031058,N,43.2253687,-77.8902012,05/19/2012,12:35 PM,INJURY,1.,0 ,2 ,COLLISION WITH MOTOR VEHICLE,REAR END,TRAFFIC SIGNAL,DAYLIGHT,CLEAR,DRY
6836 ,34311386,MONROE,Irondequoit,,,Y,43.223903,-77.545003,05/21/2012,12:08 AM,INJURY,1.,0 ,1 ,COLLISION WITH CURBING,OTHER,YIELD SIGN,DARK-ROAD LIGHTED,CLEAR,DRY
6836 ,34311394,MONROE,Brighton,,286A43011008,Y,43.149495,-77.52826,05/23/2012,9:37 AM,PROPERTY DAMAGE AND INJURY,2.,0 ,2 ,COLLISION WITH MOTOR VEHICLE,RIGHT ANGLE,TRAFFIC SIGNAL,DAYLIGHT,CLOUDY,DRY
6836 ,34311658,MONROE,Greece,,,N,43.2053629,-77.6681557,05/20/2012,2:51 PM,PROPERTY DAMAGE AND INJURY,3.,0 ,2 ,COLLISION WITH MOTOR VEHICLE,REAR END,TRAFFIC SIGNAL,DAYLIGHT,CLEAR,DRY
6836 ,34311659,MONROE,Greece,,,Y,43.191963,-77.680173,05/21/2012,4:30 PM,INJURY,1.,0 ,2 ,COLLISION WITH MOTOR VEHICLE,REAR END,TRAFFIC SIGNAL,DAYLIGHT,CLEAR,DRY
6836 ,34311664,MONROE,Greece,,,N,43.207247,-77.6791739,05/20/2012,7:00 PM,INJURY,1.,0 ,2 ,COLLISION WITH MOTOR VEHICLE,REAR END,TRAFFIC SIGNAL,DAYLIGHT,CLEAR,DRY
6836 ,34311914,MONROE,Webster,,104 43035264,N,43.2156613,-77.4478638,05/24/2012,8:00 AM,PROPERTY DAMAGE AND INJURY,1.,0 ,1 ,COLL. W/EARTH ELE./ROCK CUT/DITCH,OTHER,NONE,DAYLIGHT,CLEAR,DRY
6836 ,34312102,MONROE,Greece,,,Y,43.186914,-77.701511,04/02/2012,6:42 AM,PROPERTY DAMAGE AND INJURY,1.,0 ,1 ,COLLISION WITH CURBING,OTHER,NONE,DAWN,CLEAR,SNOW/ICE
6836 ,34312220,MONROE,Ogden,,,Y,43.125645,-77.765689,05/24/2012,5:49 AM,PROPERTY DAMAGE AND INJURY,1.,0 ,2 ,COLLISION WITH MOTOR VEHICLE,RIGHT ANGLE,NONE,DAYLIGHT,CLEAR,DRY
6836 ,34312225,MONROE,Henrietta,,253 43011092,N,43.0595428,-77.590385,05/23/2012,3:03 PM,PROPERTY DAMAGE AND INJURY,1.,0 ,2 ,COLLISION WITH MOTOR VEHICLE,REAR END,NONE,DAYLIGHT,CLOUDY,DRY
6836 ,34312230,MONROE,Brighton,,,N,43.116724,-77.5964925,05/24/2012,2:28 PM,PROPERTY DAMAGE AND INJURY,1.,0 ,3 ,COLLISION WITH MOTOR VEHICLE,OTHER,NONE,DAYLIGHT,CLOUDY,DRY
6836 ,34312232,MONROE,Gates,,,N,43.1498905,-77.6916016,05/21/2012,7:46 PM,INJURY,1.,0 ,2 ,COLLISION WITH MOTOR VEHICLE,RIGHT ANGLE,NONE,DAYLIGHT,CLOUDY,WET
6836 ,34312474,MONROE,Greece,,,N,43.2233802,-77.7242698,05/22/2012,9:08 PM,PROPERTY DAMAGE AND INJURY,1.,0 ,1 ,COLLISION WITH TREE,OTHER,NONE,DARK-ROAD UNLIGHTED,CLOUDY,DRY
6836 ,34312598,MONROE,Rochester,,490I43022018,N,43.1565466,-77.6381043,05/17/2012,7:15 PM,PROPERTY DAMAGE AND INJURY,2.,0 ,2 ,COLLISION WITH MOTOR VEHICLE,OVERTAKING,NONE,DAYLIGHT,CLEAR,DRY
6836 ,34312765,MONROE,Webster,,,N,43.2119609,-77.4494147,05/24/2012,2:31 PM,PROPERTY DAMAGE AND INJURY,3.,0 ,1 ,COLL. W/LIGHT SUPPORT/UTILITY POLE,OTHER,NONE,DAYLIGHT,CLEAR,DRY
6836 ,34312766,MONROE,Webster,,,N,43.213737,-77.5155469,05/24/2012,7:21 AM,PROPERTY DAMAGE AND INJURY,1.,0 ,2 ,COLLISION WITH MOTOR VEHICLE,RIGHT ANGLE,TRAFFIC SIGNAL,DAYLIGHT,CLEAR,DRY
6836 ,34312767,MONROE,Webster,,,N,43.2040841,-77.4843556,05/24/2012,2:57 PM,PROPERTY DAMAGE AND INJURY,1.,0 ,2 ,COLLISION WITH MOTOR VEHICLE,REAR END,NONE,DAYLIGHT,CLEAR,DRY
6836 ,34312769,MONROE,Perinton,,96 43051025,N,43.0601135,-77.475113,05/22/2012,11:35 AM,PROPERTY DAMAGE AND INJURY,1.,0 ,3 ,COLLISION WITH MOTOR VEHICLE,OTHER,TRAFFIC SIGNAL,DAYLIGHT,CLOUDY,DRY
6836 ,34312783,MONROE,Perinton,,96 43051003,Y,43.036714,-77.450594,05/24/2012,5:22 PM,INJURY,1.,0 ,1 ,OTHER NON-COLLISION,OTHER,TRAFFIC SIGNAL,DAYLIGHT,CLEAR,DRY
6836 ,34312792,MONROE,Gates,,386 43011118,Y,43.170361,-77.732387,05/25/2012,7:20 AM,PROPERTY DAMAGE AND INJURY,2.,0 ,2 ,COLLISION WITH MOTOR VEHICLE,LEFT TURN (AGAINST OTHER CAR),NONE,DAYLIGHT,CLEAR,DRY
6836 ,34312795,MONROE,Penfield,,,N,43.1740199,-77.4748804,05/25/2012,7:30 AM,INJURY,1.,0 ,1 ,COLL. W/LIGHT SUPPORT/UTILITY POLE,OTHER,NONE,DAYLIGHT,CLEAR,DRY
6836 ,34312804,MONROE,Perinton,,31F43011059,N,43.0942781,-77.4200937,05/18/2012,7:01 PM,PROPERTY DAMAGE AND INJURY,2.,0 ,2 ,COLLISION WITH MOTOR VEHICLE,REAR END,NONE,DAYLIGHT,CLEAR,DRY
6836 ,34312805,MONROE,Perinton,,,N,43.0789714,-77.4721993,05/21/2012,6:10 PM,PROPERTY DAMAGE AND INJURY,2.,0 ,3 ,COLLISION WITH MOTOR VEHICLE,OTHER,NO PASSING ZONE,DAYLIGHT,RAIN,WET
6836 ,34312807,MONROE,Gates,,,N,43.1468889,-77.7119428,05/21/2012,5:27 PM,PROPERTY DAMAGE AND INJURY,1.,0 ,2 ,COLLISION WITH MOTOR VEHICLE,LEFT TURN (AGAINST OTHER CAR),TRAFFIC SIGNAL,DAYLIGHT,RAIN,WET
6836 ,34312811,MONROE,Gates,,,N,43.1688082,-77.6999601,05/25/2012,5:24 PM,PROPERTY DAMAGE AND INJURY,1.,0 ,3 ,COLLISION WITH MOTOR VEHICLE,OTHER,NONE,DAYLIGHT,CLEAR,DRY
6836 ,34312819,MONROE,Clarkson,,104 43031022,N,43.2426731,-77.9569548,05/25/2012,8:36 AM,INJURY,1.,0 ,2 ,COLLISION WITH MOTOR VEHICLE,REAR END,TRAFFIC SIGNAL,DAYLIGHT,CLEAR,DRY
6836 ,34312834,MONROE,Rochester,,,N,43.1877009,-77.5742284,05/23/2012,5:57 AM,PROPERTY DAMAGE AND INJURY,2.,0 ,2 ,COLLISION WITH MOTOR VEHICLE,REAR END,TRAFFIC SIGNAL,DAWN,CLOUDY,DRY
6836 ,34312837,MONROE,Rochester,,,N,43.1715319,-77.5604621,05/24/2012,12:52 PM,PROPERTY DAMAGE AND INJURY,2.,0 ,2 ,COLLISION WITH MOTOR VEHICLE,REAR END,NONE,DAYLIGHT,CLEAR,DRY
6836 ,34312838,MONROE,Rochester,,,Y,43.160276,-77.570015,05/18/2012,1:18 PM,PROPERTY DAMAGE AND INJURY,3.,0 ,2 ,COLLISION WITH MOTOR VEHICLE,RIGHT ANGLE,NONE,DAYLIGHT,CLEAR,DRY
6836 ,34312844,MONROE,Rochester,,,Y,43.156599,-77.608896,05/22/2012,9:15 PM,PROPERTY DAMAGE AND INJURY,1.,0 ,2 ,COLLISION WITH MOTOR VEHICLE,RIGHT ANGLE,TRAFFIC SIGNAL,DAYLIGHT,CLEAR,DRY
6836 ,34312846,MONROE,Rochester,,,Y,43.171124,-77.57636,05/01/2012,2:35 PM,PROPERTY DAMAGE AND INJURY,2.,0 ,2 ,COLLISION WITH MOTOR VEHICLE,RIGHT ANGLE,STOP SIGN,DAYLIGHT,CLEAR,DRY
6836 ,34312863,MONROE,Rochester,,,N,43.1562626,-77.6305552,05/22/2012,7:16 PM,INJURY,1.,0 ,1 ,COLLISION WITH PEDESTRIAN,OTHER,NONE,DAYLIGHT,CLEAR,DRY
6836 ,34312869,MONROE,Rochester,,,N,43.193912,-77.6609548,05/23/2012,3:35 PM,PROPERTY DAMAGE AND INJURY,1.,0 ,2 ,COLLISION WITH MOTOR VEHICLE,REAR END,NONE,DAYLIGHT,CLEAR,DRY
6836 ,34313295,MONROE,Parma,,259 43011153,Y,43.310372,-77.794324,05/23/2012,4:37 PM,PROPERTY DAMAGE AND INJURY,1.,0 ,2 ,COLLISION WITH MOTOR VEHICLE,RIGHT ANGLE,STOP SIGN,DAYLIGHT,CLEAR,DRY
6836 ,34313301,MONROE,Brighton,,31 43033021,N,43.1120487,-77.5491045,05/25/2012,6:44 PM,PROPERTY DAMAGE AND INJURY,2.,0 ,2 ,COLLISION WITH MOTOR VEHICLE,RIGHT ANGLE,NONE,DAYLIGHT,CLEAR,DRY
6836 ,34313312,MONROE,Penfield,,,Y,43.1739,-77.503469,05/25/2012,8:18 AM,INJURY,1.,0 ,3 ,COLLISION WITH MOTOR VEHICLE,OTHER,NONE,DAYLIGHT,CLEAR,DRY
6836 ,34313315,MONROE,Churchville,,33 43031032,N,43.107275,-77.8736696,05/23/2012,4:17 PM,PROPERTY DAMAGE AND INJURY,1.,0 ,2 ,COLLISION WITH MOTOR VEHICLE,REAR END,NONE,DAYLIGHT,CLEAR,DRY
6836 ,34313321,MONROE,Henrietta,,252 43011054,N,43.0925074,-77.6658593,05/25/2012,4:55 PM,PROPERTY DAMAGE AND INJURY,2.,0 ,2 ,COLLISION WITH MOTOR VEHICLE,RIGHT ANGLE,TRAFFIC SIGNAL,DAYLIGHT,CLOUDY,DRY
6836 ,34313322,MONROE,Chili,,,N,43.1162161,-77.745651,05/25/2012,3:41 PM,INJURY,1.,0 ,3 ,COLLISION WITH MOTOR VEHICLE,OTHER,TRAFFIC SIGNAL,DAYLIGHT,CLEAR,DRY
6836 ,34313324,MONROE,Ogden,,531 43012037,N,43.1774577,-77.7946263,05/23/2012,7:39 PM,INJURY,1.,0 ,1 ,COLLISION WITH DEER,OTHER,NONE,DAYLIGHT,CLEAR,DRY
6836 ,34313329,MONROE,Brighton,,,N,43.1248189,-77.5958664,05/26/2012,3:40 PM,INJURY,1.,0 ,1 ,COLLISION WITH BICYCLIST,OTHER,NONE,DAYLIGHT,CLEAR,DRY
6836 ,34313749,MONROE,Brighton,,,N,43.1204958,-77.5735134,05/28/2012,1:40 AM,PROPERTY DAMAGE AND INJURY,1.,0 ,1 ,COLLISION WITH TREE,OTHER,NONE,DARK-ROAD LIGHTED,CLEAR,DRY
6836 ,34313759,MONROE,Rochester,,,N,43.1938636,-77.6454319,05/27/2012,1:30 AM,PROPERTY DAMAGE AND INJURY,2.,0 ,2 ,COLLISION WITH MOTOR VEHICLE,OVERTAKING,NONE,DARK-ROAD LIGHTED,CLEAR,DRY