QUERYID,CASE #,REGN_CNTY_CDE,Municipality,MUNITYPE,REF_MRKR,ATINTERSECTION_IND,Lat,Long,,Time,Crash Type,Injuries,Fatalities,Number of Vehicles,ACCD_TYP,COLLISION_TYP,TRAF_CNTL,Light Condition,Weather Condition,Road Surface Condition
6836 ,34313765,MONROE,Rochester,,940M43011006,N,43.1726328,-77.6285262,05/24/2012,7:43 PM,PROPERTY DAMAGE AND INJURY,1.,0 ,2 ,COLLISION WITH MOTOR VEHICLE,LEFT TURN (AGAINST OTHER CAR),NONE,DAYLIGHT,CLEAR,DRY
6836 ,34313920,MONROE,Greece,,104 43031171,Y,43.205698,-77.670283,05/27/2012,12:52 PM,PROPERTY DAMAGE AND INJURY,4.,0 ,2 ,COLLISION WITH MOTOR VEHICLE,LEFT TURN (AGAINST OTHER CAR),TRAFFIC SIGNAL,DAYLIGHT,CLEAR,DRY
6836 ,34314160,MONROE,Henrietta,,15 43031095,N,43.0684968,-77.6467562,05/24/2012,10:25 AM,PROPERTY DAMAGE AND INJURY,2.,0 ,2 ,COLLISION WITH MOTOR VEHICLE,OVERTAKING,NONE,DAYLIGHT,CLEAR,DRY
6836 ,34314166,MONROE,Henrietta,,15 43031066,N,43.0296903,-77.6677421,05/24/2012,12:12 PM,PROPERTY DAMAGE AND INJURY,1.,0 ,2 ,COLLISION WITH MOTOR VEHICLE,OVERTAKING,TRAFFIC SIGNAL,DAYLIGHT,CLEAR,DRY
6836 ,34314171,MONROE,Brighton,,,Y,43.121749,-77.559374,05/25/2012,2:03 PM,INJURY,1.,0 ,1 ,COLLISION WITH BICYCLIST,OTHER,NONE,DAYLIGHT,CLOUDY,DRY
6836 ,34314425,MONROE,Greece,,,N,43.1945247,-77.7014253,05/27/2012,1:38 PM,INJURY,1.,0 ,2 ,COLLISION WITH MOTOR VEHICLE,OTHER,TRAFFIC SIGNAL,DAYLIGHT,CLEAR,DRY
6836 ,34314920,MONROE,Greece,,,Y,43.194319,-77.701428,04/01/2012,1:21 PM,PROPERTY DAMAGE AND INJURY,3.,0 ,2 ,COLLISION WITH MOTOR VEHICLE,RIGHT ANGLE,TRAFFIC SIGNAL,DAYLIGHT,RAIN,WET
6836 ,34315144,MONROE,Pittsford,,,N,43.0609249,-77.5320441,05/22/2012,4:20 PM,PROPERTY DAMAGE AND INJURY,3.,0 ,2 ,COLLISION WITH MOTOR VEHICLE,LEFT TURN (WITH OTHER CAR),NONE,DAYLIGHT,CLOUDY,DRY
6836 ,34315147,MONROE,Penfield,,441 43011035,N,43.1297809,-77.4768402,05/17/2012,2:36 PM,PROPERTY DAMAGE AND INJURY,1.,0 ,3 ,COLLISION WITH MOTOR VEHICLE,OTHER,NONE,DAYLIGHT,CLEAR,DRY
6836 ,34315149,MONROE,Rochester,,,Y,43.118166,-77.617509,05/22/2012,7:18 PM,PROPERTY DAMAGE AND INJURY,1.,0 ,2 ,COLLISION WITH MOTOR VEHICLE,REAR END,NONE,DAYLIGHT,CLEAR,DRY
6836 ,34315238,MONROE,Rochester,,,N,43.1496296,-77.5990842,05/06/2012,3:04 AM,INJURY,2.,0 ,2 ,COLLISION WITH MOTOR VEHICLE,HEAD ON,NONE,DARK-ROAD LIGHTED,CLEAR,DRY
6836 ,34315735,MONROE,Gates,,33 43031112,Y,43.144302,-77.7270001,05/28/2012,6:27 PM,PROPERTY DAMAGE AND INJURY,3.,0 ,2 ,COLLISION WITH MOTOR VEHICLE,RIGHT ANGLE,STOP SIGN,DAYLIGHT,CLEAR,DRY
6836 ,34315736,MONROE,Brighton,,441 43011108,N,43.1250416,-77.5189818,05/29/2012,5:13 PM,PROPERTY DAMAGE AND INJURY,1.,0 ,2 ,COLLISION WITH MOTOR VEHICLE,REAR END,NONE,DAYLIGHT,CLOUDY,DRY
6836 ,34315739,MONROE,Webster,,,N,43.2070658,-77.4173624,05/25/2012,4:09 PM,INJURY,1.,0 ,1 ,COLLISION WITH OTHER FIXED OBJECT,OTHER,NONE,DAYLIGHT,CLEAR,DRY
6836 ,34315753,MONROE,Henrietta,,15 43031095,Y,43.067984,-77.647022,05/24/2012,4:08 PM,PROPERTY DAMAGE AND INJURY,1.,0 ,3 ,COLLISION WITH MOTOR VEHICLE,OTHER,TRAFFIC SIGNAL,DAYLIGHT,CLOUDY,DRY
6836 ,34315761,MONROE,Rochester,,,N,43.1615875,-77.5864409,05/11/2012,10:45 PM,INJURY,3.,0 ,2 ,COLLISION WITH MOTOR VEHICLE,LEFT TURN (AGAINST OTHER CAR),NONE,DARK-ROAD LIGHTED,CLEAR,DRY
6836 ,34315766,MONROE,Rochester,,,N,43.2258664,-77.5571298,05/28/2012,3:59 PM,INJURY,1.,0 ,1 ,COLLISION WITH PEDESTRIAN,OTHER,NONE,DAYLIGHT,CLEAR,DRY
6836 ,34315780,MONROE,Ogden,,33 43031079,N,43.1276148,-77.7868283,05/24/2012,10:05 PM,PROPERTY DAMAGE AND INJURY,2.,0 ,2 ,COLLISION WITH MOTOR VEHICLE,OVERTAKING,NO PASSING ZONE,DARK-ROAD UNLIGHTED,CLEAR,DRY
6836 ,34316324,MONROE,Greece,,,N,43.210296,-77.7053139,05/24/2012,2:56 PM,INJURY,1.,0 ,2 ,COLLISION WITH MOTOR VEHICLE,RIGHT ANGLE,STOP SIGN,DAYLIGHT,CLEAR,DRY
6836 ,34316327,MONROE,Greece,,,Y,43.209859,-77.6959401,05/25/2012,3:58 PM,INJURY,1.,0 ,2 ,COLLISION WITH MOTOR VEHICLE,OVERTAKING,TRAFFIC SIGNAL,DAYLIGHT,CLEAR,DRY
6836 ,34316498,MONROE,Rochester,,590I43012003,N,43.142641,-77.5501325,05/29/2012,1:48 PM,PROPERTY DAMAGE AND INJURY,1.,0 ,1 ,COLLISION WITH OTHER BARRIER,OTHER,NONE,DAYLIGHT,RAIN,WET
6836 ,34316515,MONROE,Rochester,,490I43022009,N,43.1571423,-77.6564329,05/29/2012,5:39 PM,PROPERTY DAMAGE AND INJURY,1.,0 ,2 ,COLLISION WITH MOTOR VEHICLE,REAR END,NONE,DAYLIGHT,CLEAR,DRY
6836 ,34316520,MONROE,Greece,,390 43011035,N,43.2061976,-77.6760255,05/25/2012,2:58 PM,PROPERTY DAMAGE AND INJURY,4.,0 ,3 ,COLLISION WITH MOTOR VEHICLE,OTHER,TRAFFIC SIGNAL,DAYLIGHT,CLOUDY,DRY
6836 ,34316703,MONROE,Clarkson,,104 43032222,Y,43.233115,-77.927693,05/26/2012,10:25 AM,INJURY,1.,0 ,2 ,COLLISION WITH MOTOR VEHICLE,REAR END,TRAFFIC SIGNAL,DAYLIGHT,CLEAR,DRY
6836 ,34316705,MONROE,Rochester,,15 43032001,N,43.1143415,-77.622622,05/29/2012,9:30 PM,PROPERTY DAMAGE AND INJURY,1.,0 ,2 ,COLLISION WITH MOTOR VEHICLE,LEFT TURN (AGAINST OTHER CAR),NONE,DARK-ROAD LIGHTED,CLOUDY,DRY
6836 ,34316707,MONROE,Chili,,,N,43.1202133,-77.6896132,05/27/2012,12:18 PM,PROPERTY DAMAGE AND INJURY,1.,0 ,1 ,OVERTURNED,OTHER,NONE,DAYLIGHT,CLEAR,DRY
6836 ,34316710,MONROE,Henrietta,,252 43011078,Y,43.087262,-77.609249,05/24/2012,11:01 AM,PROPERTY DAMAGE AND INJURY,1.,0 ,2 ,COLLISION WITH MOTOR VEHICLE,RIGHT ANGLE,TRAFFIC SIGNAL,DAYLIGHT,CLEAR,DRY
6836 ,34316712,MONROE,Mendon,,65 43031020,Y,42.9683157,-77.5917179,05/28/2012,10:45 PM,PROPERTY DAMAGE AND INJURY,2.,0 ,1 ,COLLISION WITH GUIDERAIL - END,OTHER,NONE,DARK-ROAD UNLIGHTED,CLEAR,DRY
6836 ,34316714,MONROE,Henrietta,,,N,43.0761032,-77.6267848,05/26/2012,12:29 PM,PROPERTY DAMAGE AND INJURY,3.,0 ,2 ,COLLISION WITH MOTOR VEHICLE,REAR END,NONE,DAYLIGHT,CLEAR,DRY
6836 ,34316723,MONROE,Gates,,204 43011033,N,43.130851,-77.661195,05/31/2012,11:41 PM,PROPERTY DAMAGE AND INJURY,3.,0 ,2 ,COLLISION WITH MOTOR VEHICLE,LEFT TURN (WITH OTHER CAR),NONE,DARK-ROAD LIGHTED,CLEAR,DRY
6836 ,34316849,MONROE,Rochester,,,N,43.1593576,-77.6469676,05/28/2012,6:08 PM,INJURY,1.,0 ,1 ,COLLISION WITH BICYCLIST,OTHER,NONE,DAYLIGHT,CLEAR,DRY
6836 ,34316859,MONROE,Rochester,,940M43011021,N,43.194799,-77.6287641,05/28/2012,7:54 PM,PROPERTY DAMAGE AND INJURY,2.,0 ,3 ,COLLISION WITH MOTOR VEHICLE,OTHER,TRAFFIC SIGNAL,DAYLIGHT,CLEAR,DRY
6836 ,34316864,MONROE,Rochester,,,N,43.1602397,-77.5659814,05/28/2012,6:55 PM,INJURY,2.,0 ,1 ,COLLISION WITH TREE,OTHER,NONE,DAYLIGHT,CLEAR,DRY
6836 ,34316871,MONROE,Rochester,,,Y,43.249715,-77.614751,05/26/2012,6:58 PM,INJURY,1.,0 ,1 ,COLLISION WITH BICYCLIST,OTHER,TRAFFIC SIGNAL,DAYLIGHT,CLEAR,DRY
6836 ,34316872,MONROE,Rochester,,,N,43.1975507,-77.6388171,05/26/2012,9:16 PM,PROPERTY DAMAGE AND INJURY,1.,0 ,1 ,COLLISION WITH PEDESTRIAN,OTHER,NONE,DUSK,CLEAR,DRY
6836 ,34316930,MONROE,Rochester,,104 43032036,N,43.193216,-77.5934261,05/26/2012,6:33 PM,PROPERTY DAMAGE AND INJURY,1.,0 ,1 ,COLL. W/EARTH ELE./ROCK CUT/DITCH,OTHER,NONE,DAYLIGHT,CLEAR,DRY
6836 ,34317716,MONROE,Ogden,,36 43031136,N,43.1639652,-77.8555157,05/29/2012,4:14 PM,PROPERTY DAMAGE AND INJURY,1.,0 ,1 ,COLLISION WITH DEER,OTHER,NONE,DAYLIGHT,CLEAR,DRY
6836 ,34317719,MONROE,Webster,,,N,43.218121,-77.4191501,05/30/2012,11:35 AM,PROPERTY DAMAGE AND INJURY,1.,0 ,2 ,COLLISION WITH MOTOR VEHICLE,RIGHT ANGLE,TRAFFIC SIGNAL,DAYLIGHT,CLEAR,DRY
6836 ,34317721,MONROE,Webster,,250 43011121,Y,43.208968,-77.430326,05/30/2012,12:20 PM,INJURY,1.,0 ,1 ,COLLISION WITH PEDESTRIAN,OTHER,TRAFFIC SIGNAL,DAYLIGHT,CLEAR,DRY
6836 ,34317725,MONROE,Rochester,,,N,43.1459011,-77.6054442,05/31/2012,5:19 PM,INJURY,3.,0 ,2 ,COLLISION WITH MOTOR VEHICLE,OVERTAKING,NONE,DAYLIGHT,CLEAR,DRY
6836 ,34317730,MONROE,Pittsford,,,N,43.110827,-77.507042,05/12/2012,2:45 PM,PROPERTY DAMAGE AND INJURY,1.,0 ,2 ,COLLISION WITH MOTOR VEHICLE,OVERTAKING,NONE,DAYLIGHT,CLEAR,DRY
6836 ,34317733,MONROE,Irondequoit,,,Y,43.21621,-77.598526,05/29/2012,7:27 AM,PROPERTY DAMAGE AND INJURY,1.,0 ,2 ,COLLISION WITH MOTOR VEHICLE,REAR END,NO PASSING ZONE,DAYLIGHT,CLEAR,DRY
6836 ,34317734,MONROE,Henrietta,,,Y,43.068669,-77.5964661,05/31/2012,6:33 AM,PROPERTY DAMAGE AND INJURY,1.,0 ,1 ,COLLISION WITH BICYCLIST,OTHER,STOP SIGN,DAYLIGHT,CLEAR,DRY
6836 ,34317747,MONROE,Irondequoit,,,Y,43.211046,-77.585548,05/30/2012,4:15 PM,INJURY,1.,0 ,2 ,COLLISION WITH MOTOR VEHICLE,REAR END,TRAFFIC SIGNAL,DAYLIGHT,CLEAR,DRY
6836 ,34317751,MONROE,Rochester,,,Y,43.169408,-77.592188,05/31/2012,4:15 PM,PROPERTY DAMAGE AND INJURY,1.,0 ,2 ,COLLISION WITH MOTOR VEHICLE,REAR END,NONE,DAYLIGHT,CLEAR,DRY
6836 ,34317766,MONROE,Brighton,,,Y,43.125905,-77.5826059,05/31/2012,11:21 AM,PROPERTY DAMAGE AND INJURY,2.,0 ,2 ,COLLISION WITH MOTOR VEHICLE,REAR END,TRAFFIC SIGNAL,DAYLIGHT,CLOUDY,DRY
6836 ,34318341,MONROE,Irondequoit,,104 43033008,N,43.1961368,-77.5679655,06/01/2012,3:30 AM,PROPERTY DAMAGE AND INJURY,1.,0 ,1 ,COLLISION WITH DEER,OTHER,NONE,DARK-ROAD LIGHTED,CLEAR,DRY
6836 ,34318560,MONROE,Webster,,104 43035094,Y,43.210969,-77.439919,05/30/2012,9:02 PM,PROPERTY DAMAGE AND INJURY,1.,0 ,4 ,COLLISION WITH MOTOR VEHICLE,OTHER,NONE,DUSK,CLEAR,DRY
6836 ,34318572,MONROE,Mendon,,65 43031053,N,43.0125225,-77.5830331,05/27/2012,12:10 AM,PROPERTY DAMAGE AND INJURY,1.,0 ,1 ,COLLISION WITH OTHER FIXED OBJECT,OTHER,NONE,DARK-ROAD UNLIGHTED,CLOUDY,DRY
6836 ,34318581,MONROE,Chili,,,Y,43.119857,-77.80532,05/15/2012,4:03 PM,INJURY,1.,0 ,2 ,COLLISION WITH MOTOR VEHICLE,REAR END,TRAFFIC SIGNAL,DAYLIGHT,CLOUDY,DRY
6836 ,34318584,MONROE,Irondequoit,,,N,43.1906866,-77.5764809,06/01/2012,4:11 PM,INJURY,1.,0 ,2 ,COLLISION WITH MOTOR VEHICLE,REAR END,NONE,DAYLIGHT,RAIN,WET
6836 ,34318586,MONROE,Irondequoit,,,Y,43.208398,-77.608539,05/31/2012,4:30 PM,PROPERTY DAMAGE AND INJURY,1.,0 ,2 ,COLLISION WITH MOTOR VEHICLE,LEFT TURN (AGAINST OTHER CAR),NONE,DAYLIGHT,CLEAR,DRY
6836 ,34318588,MONROE,Brighton,,31 43033022,N,43.1118509,-77.5488413,06/01/2012,2:17 PM,PROPERTY DAMAGE AND INJURY,2.,0 ,2 ,COLLISION WITH MOTOR VEHICLE,RIGHT ANGLE,NONE,DAYLIGHT,RAIN,WET
6836 ,34318592,MONROE,Gates,,33 43031138,N,43.1499726,-77.6777066,06/01/2012,9:45 AM,PROPERTY DAMAGE AND INJURY,1.,0 ,2 ,COLLISION WITH MOTOR VEHICLE,REAR END,NONE,DAYLIGHT,RAIN,WET
6836 ,34318763,MONROE,Rochester,,490I43022042,N,43.1443678,-77.5994486,05/31/2012,4:43 PM,INJURY,1.,0 ,3 ,COLLISION WITH MOTOR VEHICLE,OTHER,NONE,DAYLIGHT,CLEAR,DRY
6836 ,34319054,MONROE,Brighton,,,N,43.1477144,-77.5282301,06/02/2012,9:53 AM,PROPERTY DAMAGE AND INJURY,1.,0 ,2 ,COLLISION WITH MOTOR VEHICLE,REAR END,NONE,DAYLIGHT,CLOUDY,DRY
6836 ,34319070,MONROE,Mendon,,,N,42.9768475,-77.5273753,06/01/2012,7:20 AM,INJURY,2.,0 ,1 ,COLLISION WITH DEER,OTHER,NONE,DAYLIGHT,CLOUDY,WET
6836 ,34319083,MONROE,Irondequoit,,,Y,43.210681,-77.598275,05/30/2012,4:30 PM,PROPERTY DAMAGE AND INJURY,1.,0 ,1 ,COLLISION WITH BICYCLIST,OTHER,TRAFFIC SIGNAL,DAYLIGHT,CLEAR,DRY
6836 ,34319085,MONROE,Irondequoit,,,Y,43.199078,-77.577022,05/27/2012,9:53 PM,INJURY,1.,0 ,2 ,COLLISION WITH MOTOR VEHICLE,REAR END,TRAFFIC SIGNAL,DARK-ROAD LIGHTED,CLEAR,DRY
6836 ,34319086,MONROE,East Rochester,,940U43011010,N,43.114459,-77.4906507,05/19/2012,10:00 AM,PROPERTY DAMAGE AND INJURY,1.,0 ,2 ,COLLISION WITH MOTOR VEHICLE,LEFT TURN (AGAINST OTHER CAR),TRAFFIC SIGNAL,DAYLIGHT,CLEAR,DRY
6836 ,34319354,MONROE,Greece,,,Y,43.235124,-77.659107,06/01/2012,3:31 PM,PROPERTY DAMAGE AND INJURY,1.,0 ,1 ,COLL. W/LIGHT SUPPORT/UTILITY POLE,OTHER,NONE,DAYLIGHT,CLOUDY,WET
6836 ,34319362,MONROE,Greece,,,N,43.2233638,-77.6413987,06/01/2012,4:41 PM,INJURY,1.,0 ,1 ,COLLISION WITH BICYCLIST,OTHER,NONE,DAYLIGHT,RAIN,WET
6836 ,34319465,MONROE,Greece,,,N,43.2774304,-77.6935303,03/20/2012,12:30 AM,PROPERTY DAMAGE AND INJURY,1.,0 ,1 ,COLLISION WITH FIRE HYDRANT,OTHER,UNKNOWN,DARK-ROAD UNLIGHTED,FOG/SMOG/SMOKE,DRY
6836 ,34319619,MONROE,Brighton,,590I43011043,N,43.136601,-77.552796,04/12/2012,8:00 PM,PROPERTY DAMAGE AND INJURY,2.,0 ,2 ,COLLISION WITH MOTOR VEHICLE,REAR END,TRAFFIC SIGNAL,DARK-ROAD LIGHTED,CLEAR,DRY
6836 ,34319710,MONROE,Rochester,,,Y,43.167417,-77.625351,04/12/2012,8:06 AM,PROPERTY DAMAGE AND INJURY,3.,0 ,2 ,COLLISION WITH MOTOR VEHICLE,RIGHT ANGLE,TRAFFIC SIGNAL,DAYLIGHT,CLEAR,DRY
6836 ,34319921,MONROE,Rochester,,,Y,43.145301,-77.651002,04/16/2012,1:58 PM,PROPERTY DAMAGE AND INJURY,1.,0 ,2 ,COLLISION WITH MOTOR VEHICLE,UNKNOWN,NONE,DAYLIGHT,CLEAR,DRY
6836 ,34320413,MONROE,Pittsford,,252 43011125,Y,43.087326,-77.527893,05/30/2012,5:12 PM,PROPERTY DAMAGE AND INJURY,1.,0 ,2 ,COLLISION WITH MOTOR VEHICLE,RIGHT ANGLE,STOP SIGN,DAYLIGHT,CLEAR,DRY
6836 ,34320418,MONROE,Perinton,,,Y,43.07938,-77.409607,05/31/2012,2:19 PM,INJURY,2.,0 ,2 ,COLLISION WITH MOTOR VEHICLE,REAR END,NONE,DAYLIGHT,CLOUDY,DRY
6836 ,34320427,MONROE,Riga,,490I43021052,N,43.0941479,-77.8805181,06/02/2012,5:50 PM,PROPERTY DAMAGE AND INJURY,1.,0 ,1 ,COLLISION WITH DEER,OTHER,NONE,DAYLIGHT,CLEAR,DRY
6836 ,34320429,MONROE,Irondequoit,,,Y,43.2140065,-77.5984285,05/22/2012,3:20 PM,PROPERTY DAMAGE AND INJURY,3.,0 ,2 ,COLLISION WITH MOTOR VEHICLE,REAR END,NONE,DAYLIGHT,CLOUDY,DRY
6836 ,34320439,MONROE,Gates,,33 43031122,Y,43.147604,-77.709287,06/03/2012,4:48 PM,PROPERTY DAMAGE AND INJURY,2.,0 ,2 ,COLLISION WITH MOTOR VEHICLE,RIGHT ANGLE,TRAFFIC SIGNAL,DAYLIGHT,RAIN,WET
6836 ,34320593,MONROE,Rochester,,,N,43.141813,-77.594786,05/29/2012,5:00 PM,PROPERTY DAMAGE AND INJURY,1.,0 ,2 ,COLLISION WITH MOTOR VEHICLE,HEAD ON,TRAFFIC SIGNAL,DAYLIGHT,CLOUDY,DRY
6836 ,34320596,MONROE,Rochester,,,Y,43.134366,-77.581187,05/31/2012,2:00 PM,PROPERTY DAMAGE AND INJURY,2.,0 ,4 ,COLLISION WITH MOTOR VEHICLE,OTHER,STOP SIGN,DAYLIGHT,CLOUDY,DRY
6836 ,34320601,MONROE,Rochester,,,Y,43.141606,-77.6360211,05/15/2012,2:04 PM,PROPERTY DAMAGE AND INJURY,1.,0 ,3 ,COLLISION WITH MOTOR VEHICLE,OTHER,NONE,DAYLIGHT,CLEAR,DRY
6836 ,34320605,MONROE,Rochester,,,Y,43.179313,-77.637573,05/15/2012,1:13 PM,PROPERTY DAMAGE AND INJURY,1.,0 ,2 ,COLLISION WITH MOTOR VEHICLE,REAR END,NONE,DAYLIGHT,CLEAR,DRY
6836 ,34320608,MONROE,Rochester,,,N,43.1855613,-77.6388825,05/16/2012,7:29 AM,PROPERTY DAMAGE AND INJURY,1.,0 ,2 ,COLLISION WITH MOTOR VEHICLE,REAR END,NONE,DAYLIGHT,CLEAR,DRY
6836 ,34320616,MONROE,Rochester,,,N,43.1562248,-77.5681596,06/01/2012,8:34 PM,INJURY,1.,0 ,3 ,COLLISION WITH MOTOR VEHICLE,OTHER,NONE,DARK-ROAD LIGHTED,RAIN,WET
6836 ,34320618,MONROE,Rochester,,,N,43.1461984,-77.6055248,05/31/2012,1:57 PM,INJURY,1.,0 ,1 ,COLLISION WITH PEDESTRIAN,OTHER,NONE,DAYLIGHT,CLEAR,DRY
6836 ,34320634,MONROE,Rochester,,,Y,43.129135,-77.645168,05/26/2012,8:57 AM,PROPERTY DAMAGE AND INJURY,1.,0 ,2 ,COLLISION WITH MOTOR VEHICLE,RIGHT ANGLE,STOP SIGN,DAYLIGHT,CLEAR,DRY
6836 ,34320648,MONROE,Rochester,,,Y,43.1439254,-77.6510139,06/03/2012,3:26 AM,PROPERTY DAMAGE AND INJURY,1.,0 ,2 ,COLLISION WITH MOTOR VEHICLE,OTHER,NONE,DARK-ROAD LIGHTED,CLOUDY,DRY
6836 ,34320650,MONROE,Rochester,,940M43011020,Y,43.192707,-77.629278,05/17/2012,9:12 AM,PROPERTY DAMAGE AND INJURY,1.,0 ,2 ,COLLISION WITH MOTOR VEHICLE,RIGHT ANGLE,TRAFFIC SIGNAL,DAYLIGHT,CLEAR,DRY
6836 ,34320651,MONROE,Rochester,,,N,43.158477,-77.6005591,05/16/2012,9:05 AM,INJURY,1.,0 ,2 ,COLLISION WITH MOTOR VEHICLE,REAR END,OTHER,DAYLIGHT,CLEAR,DRY
6836 ,34320652,MONROE,Rochester,,,Y,43.152875,-77.60479,05/17/2012,10:56 AM,PROPERTY DAMAGE AND INJURY,1.,0 ,2 ,COLLISION WITH MOTOR VEHICLE,RIGHT ANGLE,TRAFFIC SIGNAL,DAYLIGHT,CLEAR,DRY
6836 ,34320658,MONROE,Rochester,,,N,43.1643985,-77.6260934,05/14/2012,9:29 AM,INJURY,1.,0 ,1 ,COLLISION WITH PEDESTRIAN,OTHER,NONE,DAYLIGHT,CLOUDY,DRY
6836 ,34320664,MONROE,Rochester,,,N,43.2379957,-77.6227895,05/28/2012,6:30 PM,PROPERTY DAMAGE AND INJURY,1.,0 ,2 ,COLLISION WITH MOTOR VEHICLE,SIDESWIPE,NONE,DAYLIGHT,CLEAR,DRY
6836 ,34320991,MONROE,Greece,,390 43011035,N,43.2072677,-77.6757668,05/29/2012,3:08 PM,PROPERTY DAMAGE AND INJURY,1.,0 ,1 ,COLLISION WITH GUIDE RAIL,OTHER,NONE,DAYLIGHT,RAIN,WET
6836 ,34321216,MONROE,Penfield,,,N,43.1610083,-77.4751663,06/03/2012,10:10 AM,PROPERTY DAMAGE AND INJURY,1.,0 ,2 ,COLLISION WITH MOTOR VEHICLE,REAR END,NONE,DAYLIGHT,CLOUDY,WET
6836 ,34321218,MONROE,Penfield,,,N,43.130184,-77.4755328,06/02/2012,6:38 AM,PROPERTY DAMAGE AND INJURY,3.,0 ,1 ,COLL. W/LIGHT SUPPORT/UTILITY POLE,OTHER,NONE,DAYLIGHT,CLOUDY,DRY
6836 ,34321220,MONROE,Pittsford,,31F43011010,N,43.1085485,-77.5008589,06/01/2012,1:35 PM,INJURY,2.,0 ,2 ,COLLISION WITH MOTOR VEHICLE,REAR END,NONE,DAYLIGHT,RAIN,WET
6836 ,34321223,MONROE,Parma,,,N,43.3111892,-77.7714836,06/03/2012,11:14 PM,PROPERTY DAMAGE AND INJURY,1.,0 ,1 ,COLLISION WITH DEER,OTHER,NONE,DARK-ROAD UNLIGHTED,CLOUDY,WET
6836 ,34321234,MONROE,Henrietta,,252 43011096,Y,43.087046,-77.581938,05/25/2012,2:45 AM,INJURY,1.,0 ,2 ,COLLISION WITH MOTOR VEHICLE,REAR END,TRAFFIC SIGNAL,DARK-ROAD LIGHTED,CLOUDY,DRY
6836 ,34321249,MONROE,Brockport,,,N,43.2147339,-77.9235018,06/02/2012,6:55 PM,PROPERTY DAMAGE AND INJURY,2.,0 ,1 ,SUBMERSION,OTHER,NONE,DAYLIGHT,CLEAR,DRY
6836 ,34321250,MONROE,East Rochester,,,Y,43.108036,-77.479935,06/02/2012,12:10 PM,INJURY,1.,0 ,1 ,COLLISION WITH BICYCLIST,OTHER,STOP SIGN,DAYLIGHT,CLOUDY,DRY
6836 ,34321252,MONROE,Brockport,,19 43041052,N,43.2071448,-77.9410313,05/30/2012,2:18 PM,PROPERTY DAMAGE AND INJURY,1.,0 ,2 ,COLLISION WITH MOTOR VEHICLE,REAR END,NONE,DAYLIGHT,CLEAR,DRY
6836 ,34321253,MONROE,Gates,,,N,43.1791697,-77.7015678,05/29/2012,8:35 AM,PROPERTY DAMAGE AND INJURY,1.,0 ,2 ,COLLISION WITH MOTOR VEHICLE,REAR END,NONE,DAYLIGHT,CLEAR,DRY
6836 ,34321370,MONROE,Rochester,,,N,43.1899221,-77.5842628,05/30/2012,6:12 PM,PROPERTY DAMAGE AND INJURY,1.,0 ,2 ,COLLISION WITH MOTOR VEHICLE,OVERTAKING,NONE,DAYLIGHT,CLEAR,DRY
6836 ,34321372,MONROE,Rochester,,,Y,43.187361,-77.584105,05/29/2012,4:44 PM,INJURY,1.,0 ,2 ,COLLISION WITH MOTOR VEHICLE,REAR END,TRAFFIC SIGNAL,DAYLIGHT,CLEAR,DRY
6836 ,34321373,MONROE,Rochester,,,N,43.188295,-77.5996683,06/03/2012,5:20 PM,PROPERTY DAMAGE AND INJURY,2.,0 ,2 ,COLLISION WITH MOTOR VEHICLE,REAR END,NONE,DAYLIGHT,RAIN,WET
6836 ,34321380,MONROE,Rochester,,31 43032008,Y,43.164661,-77.66063,06/01/2012,5:10 PM,INJURY,3.,0 ,2 ,COLLISION WITH MOTOR VEHICLE,RIGHT ANGLE,NONE,DAYLIGHT,RAIN,WET
6836 ,34321389,MONROE,Rochester,,,Y,43.154089,-77.605099,06/03/2012,3:55 PM,PROPERTY DAMAGE AND INJURY,2.,0 ,2 ,COLLISION WITH MOTOR VEHICLE,RIGHT ANGLE,TRAFFIC SIGNAL,DAYLIGHT,CLOUDY,DRY
6836 ,34321391,MONROE,Rochester,,,N,43.201205,-77.640609,06/02/2012,5:08 PM,INJURY,2.,0 ,2 ,COLLISION WITH MOTOR VEHICLE,REAR END,TRAFFIC SIGNAL,DAYLIGHT,CLOUDY,DRY
6836 ,34321401,MONROE,Rochester,,33A43022000,Y,43.140415,-77.66543,05/11/2012,7:41 PM,PROPERTY DAMAGE AND INJURY,1.,0 ,1 ,COLLISION WITH BRIDGE STRUCTURE,OTHER,TRAFFIC SIGNAL,DAYLIGHT,CLEAR,DRY
6836 ,34321403,MONROE,Rochester,,,Y,43.1763654,-77.557431,06/01/2012,5:57 PM,INJURY,1.,0 ,2 ,COLLISION WITH MOTOR VEHICLE,RIGHT ANGLE,NONE,DAYLIGHT,RAIN,WET
6836 ,34321999,MONROE,Rochester,,,Y,43.164648,-77.654143,02/26/2012,1:30 PM,PROPERTY DAMAGE AND INJURY,1.,0 ,5 ,COLLISION WITH MOTOR VEHICLE,OTHER,TRAFFIC SIGNAL,DAYLIGHT,CLOUDY,DRY
6836 ,34322045,MONROE,Brighton,,31 43033005,Y,43.129596,-77.568106,03/20/2012,11:35 AM,INJURY,1.,0 ,2 ,COLLISION WITH MOTOR VEHICLE,REAR END,NONE,DAYLIGHT,CLEAR,DRY
6836 ,34322133,MONROE,Chili,,,N,43.1093935,-77.7857897,03/18/2012,11:52 AM,PROPERTY DAMAGE AND INJURY,2.,0 ,2 ,COLLISION WITH MOTOR VEHICLE,REAR END,RR CROSSING GATES,DAYLIGHT,CLOUDY,DRY
6836 ,34322415,MONROE,Rochester,,,Y,43.137291,-77.594104,05/29/2012,7:50 PM,INJURY,1.,0 ,1 ,COLLISION WITH BICYCLIST,OTHER,NONE,DAYLIGHT,CLEAR,DRY