QUERYID,CASE #,REGN_CNTY_CDE,Municipality,MUNITYPE,REF_MRKR,ATINTERSECTION_IND,Lat,Long,,Time,Crash Type,Injuries,Fatalities,Number of Vehicles,ACCD_TYP,COLLISION_TYP,TRAF_CNTL,Light Condition,Weather Condition,Road Surface Condition
6836 ,34322492,MONROE,Rochester,,,Y,43.15648,-77.568022,06/03/2012,7:24 PM,INJURY,1.,0 ,1 ,COLLISION WITH BICYCLIST,OTHER,TRAFFIC SIGNAL,DAYLIGHT,CLOUDY,WET
6836 ,34322493,MONROE,Rochester,,,Y,43.146594,-77.632868,06/03/2012,2:33 PM,PROPERTY DAMAGE AND INJURY,1.,0 ,2 ,COLLISION WITH MOTOR VEHICLE,UNKNOWN,NONE,DAYLIGHT,CLOUDY,DRY
6836 ,34322608,MONROE,Webster,,,N,43.2145991,-77.4927685,06/05/2012,3:05 AM,PROPERTY DAMAGE AND INJURY,1.,0 ,1 ,COLLISION WITH DEER,OTHER,NONE,DARK-ROAD LIGHTED,CLOUDY,DRY
6836 ,34322887,MONROE,Irondequoit,,,Y,43.200091,-77.609311,05/19/2012,6:32 PM,PROPERTY DAMAGE AND INJURY,1.,0 ,2 ,COLLISION WITH MOTOR VEHICLE,RIGHT TURN (AGAINST OTHER CAR),NONE,DAYLIGHT,CLEAR,DRY
6836 ,34322900,MONROE,Sweden,,31A43021015,N,43.198319,-77.9672094,06/05/2012,10:50 AM,PROPERTY DAMAGE AND INJURY,1.,0 ,2 ,COLLISION WITH MOTOR VEHICLE,REAR END,TRAFFIC SIGNAL,DAYLIGHT,CLOUDY,DRY
6836 ,34322906,MONROE,Ogden,,,Y,43.166327,-77.753746,06/01/2012,5:59 PM,PROPERTY DAMAGE AND INJURY,2.,0 ,2 ,COLLISION WITH MOTOR VEHICLE,UNKNOWN,TRAFFIC SIGNAL,DAYLIGHT,RAIN,WET
6836 ,34322910,MONROE,Rush,,15A43041062,Y,43.017859,-77.6355209,06/03/2012,2:00 AM,INJURY,1.,0 ,1 ,COLLISION WITH DEER,OTHER,NONE,DARK-ROAD LIGHTED,CLOUDY,DRY
6836 ,34322915,MONROE,Gates,,,Y,43.126545,-77.70153,06/05/2012,6:15 AM,PROPERTY DAMAGE AND INJURY,1.,0 ,2 ,COLLISION WITH MOTOR VEHICLE,RIGHT ANGLE,TRAFFIC SIGNAL,DAYLIGHT,CLEAR,DRY
6836 ,34322933,MONROE,Rochester,,,Y,43.164661,-77.661756,05/31/2012,8:35 PM,INJURY,1.,0 ,2 ,COLLISION WITH MOTOR VEHICLE,LEFT TURN (AGAINST OTHER CAR),NONE,DUSK,CLEAR,DRY
6836 ,34323171,MONROE,Rochester,,490I43022055,N,43.1429946,-77.5753533,06/04/2012,4:45 PM,PROPERTY DAMAGE AND INJURY,1.,0 ,2 ,COLLISION WITH MOTOR VEHICLE,LEFT TURN (AGAINST OTHER CAR),TRAFFIC SIGNAL,DAYLIGHT,CLOUDY,DRY
6836 ,34323219,MONROE,Rochester,,,Y,43.181674,-77.631684,02/16/2012,11:30 AM,PROPERTY DAMAGE AND INJURY,3.,0 ,4 ,COLLISION WITH MOTOR VEHICLE,OTHER,NONE,DAYLIGHT,CLEAR,DRY
6836 ,34323350,WAYNE,Ontario,,,Y,43.240829,-77.375574,05/28/2012,11:35 PM,PROPERTY DAMAGE AND INJURY,2.,0 ,1 ,COLL. W/LIGHT SUPPORT/UTILITY POLE,OTHER,NONE,DARK-ROAD UNLIGHTED,CLOUDY,DRY
6836 ,34323522,MONROE,Rochester,,940P43011002,N,43.1510949,-77.6063651,06/01/2012,2:35 PM,INJURY,1.,0 ,1 ,COLLISION WITH GUIDERAIL - END,OTHER,NONE,DAYLIGHT,RAIN,WET
6836 ,34323523,MONROE,Rochester,,104 43032026,N,43.1914598,-77.6128286,05/29/2012,2:16 PM,INJURY,3.,0 ,1 ,COLLISION WITH OTHER BARRIER,OTHER,NONE,DAYLIGHT,RAIN,WET
6836 ,34323603,MONROE,Webster,,104 43035264,N,43.2155899,-77.4497693,05/25/2012,12:40 PM,PROPERTY DAMAGE AND INJURY,1.,0 ,3 ,COLLISION WITH MOTOR VEHICLE,OTHER,NONE,DAYLIGHT,CLEAR,DRY
6836 ,34323810,MONROE,Spencerport,,259 43011067,N,43.1884849,-77.8023423,06/06/2012,3:15 PM,INJURY,1.,0 ,2 ,COLLISION WITH MOTOR VEHICLE,REAR END,NO PASSING ZONE,DAYLIGHT,CLEAR,DRY
6836 ,34323811,MONROE,Webster,,,Y,43.218396,-77.475838,06/05/2012,6:12 PM,PROPERTY DAMAGE AND INJURY,1.,0 ,2 ,COLLISION WITH MOTOR VEHICLE,RIGHT ANGLE,TRAFFIC SIGNAL,DAYLIGHT,CLEAR,DRY
6836 ,34323828,MONROE,Penfield,,441 43011000,Y,43.131012,-77.374825,06/06/2012,8:30 AM,PROPERTY DAMAGE AND INJURY,1.,0 ,2 ,COLLISION WITH MOTOR VEHICLE,RIGHT ANGLE,STOP SIGN,DAYLIGHT,CLEAR,DRY
6836 ,34323829,MONROE,Penfield,,,N,43.1639174,-77.4497162,06/05/2012,7:10 AM,INJURY,1.,0 ,2 ,COLLISION WITH MOTOR VEHICLE,REAR END,NONE,DAYLIGHT,CLOUDY,DRY
6836 ,34323836,MONROE,Penfield,,,N,43.1496689,-77.4754094,05/16/2012,9:59 PM,INJURY,1.,0 ,1 ,COLLISION WITH PEDESTRIAN,OTHER,NONE,DARK-ROAD UNLIGHTED,CLEAR,DRY
6836 ,34323840,MONROE,Penfield,,441 43011078,N,43.1306898,-77.391529,06/02/2012,12:22 PM,PROPERTY DAMAGE AND INJURY,1.,0 ,2 ,COLLISION WITH MOTOR VEHICLE,RIGHT ANGLE,NONE,DAYLIGHT,CLOUDY,DRY
6836 ,34323841,MONROE,Penfield,,441 43011074,Y,43.130568,-77.400468,06/01/2012,11:12 AM,PROPERTY DAMAGE AND INJURY,1.,0 ,3 ,COLLISION WITH MOTOR VEHICLE,OTHER,TRAFFIC SIGNAL,DAYLIGHT,RAIN,WET
6836 ,34323846,MONROE,Pittsford,,,N,43.1073614,-77.5070176,06/01/2012,10:15 PM,INJURY,1.,0 ,1 ,COLLISION WITH GUIDE RAIL,OTHER,NONE,DARK-ROAD UNLIGHTED,RAIN,WET
6836 ,34323847,MONROE,Henrietta,,252 43011072,N,43.0870366,-77.6258488,06/04/2012,6:15 PM,INJURY,2.,0 ,2 ,COLLISION WITH MOTOR VEHICLE,LEFT TURN (AGAINST OTHER CAR),NONE,DAYLIGHT,CLOUDY,DRY
6836 ,34323856,MONROE,Henrietta,,253 43011044,N,43.058833,-77.641785,06/06/2012,8:00 AM,PROPERTY DAMAGE AND INJURY,1.,0 ,2 ,COLLISION WITH MOTOR VEHICLE,REAR END,TRAFFIC SIGNAL,DAYLIGHT,CLOUDY,DRY
6836 ,34323857,MONROE,Henrietta,,390I43031082,N,43.0495317,-77.6478186,06/06/2012,7:35 AM,PROPERTY DAMAGE AND INJURY,1.,0 ,1 ,OVERTURNED,OTHER,NONE,DAYLIGHT,CLEAR,DRY
6836 ,34323858,MONROE,Pittsford,,490I43023038,N,43.1029576,-77.5046653,05/07/2012,10:33 PM,PROPERTY DAMAGE AND INJURY,1.,0 ,1 ,COLLISION WITH GUIDE RAIL,OTHER,NONE,DARK-ROAD LIGHTED,RAIN,WET
6836 ,34323869,MONROE,Irondequoit,,,N,43.2117545,-77.5802506,06/05/2012,5:18 PM,INJURY,1.,0 ,1 ,COLLISION WITH SIGN POST,OTHER,NONE,DAYLIGHT,CLEAR,DRY
6836 ,34323885,MONROE,Gates,,,Y,43.143846,-77.732293,06/05/2012,2:11 PM,PROPERTY DAMAGE AND INJURY,2.,0 ,3 ,COLLISION WITH MOTOR VEHICLE,OTHER,TRAFFIC SIGNAL,DAYLIGHT,CLOUDY,DRY
6836 ,34323997,MONROE,Rochester,,,Y,43.1909886,-77.5998205,06/01/2012,4:11 PM,INJURY,1.,0 ,2 ,COLLISION WITH MOTOR VEHICLE,REAR END,NONE,DAYLIGHT,RAIN,WET
6836 ,34324003,MONROE,Rochester,,,Y,43.151567,-77.570601,05/31/2012,8:39 AM,INJURY,1.,0 ,1 ,COLLISION WITH BICYCLIST,OTHER,TRAFFIC SIGNAL,DAYLIGHT,CLEAR,DRY
6836 ,34324022,MONROE,Rochester,,,N,43.1779163,-77.6140239,06/03/2012,11:27 PM,INJURY,2.,0 ,1 ,COLLISION WITH TREE,OTHER,NONE,DARK-ROAD LIGHTED,CLOUDY,WET
6836 ,34324024,MONROE,Rochester,,,N,43.176585,-77.6133709,05/29/2012,1:30 PM,INJURY,1.,0 ,1 ,COLLISION WITH BICYCLIST,OTHER,NONE,DAYLIGHT,CLEAR,DRY
6836 ,34324026,MONROE,Rochester,,,Y,43.130512,-77.614301,06/05/2012,12:53 PM,PROPERTY DAMAGE AND INJURY,2.,0 ,2 ,COLLISION WITH MOTOR VEHICLE,REAR END,TRAFFIC SIGNAL,DAYLIGHT,CLEAR,OTHER
6836 ,34324358,MONROE,Brighton,,390I43031133,N,43.1069489,-77.6012607,05/16/2012,2:14 AM,FATAL,0.,1 ,1 ,OVERTURNED,OTHER,NONE,DARK-ROAD LIGHTED,CLOUDY,DRY
6836 ,34325030,MONROE,Chili,,33A43021120,Y,43.1175213,-77.7210614,06/07/2012,3:43 PM,PROPERTY DAMAGE AND INJURY,1.,0 ,2 ,COLLISION WITH MOTOR VEHICLE,REAR END,STOPPED SCHOOL BUS W/RED LIGHT FLSH,DAYLIGHT,CLEAR,DRY
6836 ,34325036,MONROE,Chili,,,N,43.1071579,-77.7648951,05/30/2012,6:12 PM,INJURY,1.,0 ,1 ,COLLISION WITH PEDESTRIAN,OTHER,NONE,DAYLIGHT,CLOUDY,DRY
6836 ,34325044,MONROE,Irondequoit,,,N,43.1991717,-77.5766696,06/06/2012,4:22 PM,INJURY,1.,0 ,2 ,COLLISION WITH MOTOR VEHICLE,REAR END,NONE,DAYLIGHT,CLEAR,DRY
6836 ,34325046,MONROE,Brighton,,,Y,43.137204,-77.548243,06/07/2012,4:09 PM,PROPERTY DAMAGE AND INJURY,4.,0 ,2 ,COLLISION WITH MOTOR VEHICLE,RIGHT ANGLE,STOP SIGN,DAYLIGHT,CLEAR,DRY
6836 ,34325047,MONROE,Gates,,,Y,43.164886,-77.6911321,06/07/2012,5:50 PM,PROPERTY DAMAGE AND INJURY,1.,0 ,2 ,COLLISION WITH MOTOR VEHICLE,LEFT TURN (AGAINST OTHER CAR),TRAFFIC SIGNAL,DAYLIGHT,CLEAR,DRY
6836 ,34325050,MONROE,Gates,,,N,43.1331007,-77.6846696,06/07/2012,4:07 PM,PROPERTY DAMAGE AND INJURY,3.,0 ,3 ,COLLISION WITH MOTOR VEHICLE,OTHER,STOPPED SCHOOL BUS W/RED LIGHT FLSH,DAYLIGHT,CLEAR,DRY
6836 ,34325440,MONROE,Rochester,,490I43022029,N,43.1533114,-77.6189329,06/06/2012,4:00 PM,PROPERTY DAMAGE AND INJURY,1.,0 ,2 ,COLLISION WITH MOTOR VEHICLE,OVERTAKING,NONE,DAYLIGHT,CLEAR,DRY
6836 ,34325624,MONROE,East Rochester,,,N,43.1195574,-77.483001,06/05/2012,7:52 AM,PROPERTY DAMAGE AND INJURY,1.,0 ,2 ,COLLISION WITH MOTOR VEHICLE,REAR END,NONE,DAYLIGHT,CLEAR,DRY
6836 ,34325625,MONROE,Irondequoit,,,N,43.204607,-77.5487561,06/06/2012,2:53 PM,PROPERTY DAMAGE AND INJURY,2.,0 ,2 ,COLLISION WITH MOTOR VEHICLE,RIGHT ANGLE,STOP SIGN,DAYLIGHT,CLEAR,DRY
6836 ,34325627,MONROE,East Rochester,,,N,43.1155587,-77.4894908,06/07/2012,7:50 AM,PROPERTY DAMAGE AND INJURY,1.,0 ,3 ,COLLISION WITH MOTOR VEHICLE,OTHER,NONE,DAYLIGHT,CLEAR,DRY
6836 ,34325631,MONROE,Gates,,,Y,43.174274,-77.722876,06/08/2012,10:02 AM,PROPERTY DAMAGE AND INJURY,1.,0 ,2 ,COLLISION WITH MOTOR VEHICLE,RIGHT TURN (WITH OTHER CAR),STOP SIGN,DAYLIGHT,CLEAR,DRY
6836 ,34325632,MONROE,Gates,,33 43031121,N,43.1471447,-77.7109737,06/06/2012,12:40 PM,PROPERTY DAMAGE AND INJURY,1.,0 ,2 ,COLLISION WITH MOTOR VEHICLE,REAR END,NONE,DAYLIGHT,CLEAR,DRY
6836 ,34325844,MONROE,Greece,,,Y,43.223658,-77.677773,05/27/2012,10:12 AM,INJURY,1.,0 ,1 ,COLLISION WITH BICYCLIST,OTHER,TRAFFIC SIGNAL,DAYLIGHT,CLEAR,DRY
6836 ,34325846,MONROE,Greece,,,Y,43.20538,-77.714907,06/03/2012,5:21 AM,PROPERTY DAMAGE AND INJURY,1.,0 ,1 ,COLL. W/LIGHT SUPPORT/UTILITY POLE,OTHER,NONE,DARK-ROAD LIGHTED,CLOUDY,DRY
6836 ,34325856,MONROE,Greece,,386 43011008,Y,43.186929,-77.732212,06/01/2012,9:15 AM,PROPERTY DAMAGE AND INJURY,2.,0 ,2 ,COLLISION WITH MOTOR VEHICLE,RIGHT ANGLE,STOP SIGN,DAYLIGHT,CLOUDY,DRY
6836 ,34325863,MONROE,Greece,,,N,43.2237245,-77.6627936,06/02/2012,7:55 AM,PROPERTY DAMAGE AND INJURY,1.,0 ,4 ,COLLISION WITH MOTOR VEHICLE,OTHER,TRAFFIC SIGNAL,DAYLIGHT,CLEAR,DRY
6836 ,34326170,MONROE,Henrietta,,,N,43.0482239,-77.5863601,06/03/2012,9:19 PM,PROPERTY DAMAGE AND INJURY,1.,0 ,1 ,COLLISION WITH DEER,OTHER,NONE,DARK-ROAD UNLIGHTED,CLOUDY,DRY
6836 ,34326382,MONROE,Rochester,,,N,43.1456931,-77.5922029,05/25/2012,11:01 PM,INJURY,1.,0 ,2 ,COLLISION WITH MOTOR VEHICLE,OTHER,NONE,DARK-ROAD LIGHTED,CLEAR,DRY
6836 ,34326385,MONROE,Rochester,,,Y,43.173884,-77.624003,06/06/2012,2:46 PM,PROPERTY DAMAGE AND INJURY,2.,0 ,2 ,COLLISION WITH MOTOR VEHICLE,LEFT TURN (WITH OTHER CAR),TRAFFIC SIGNAL,DAYLIGHT,CLEAR,DRY
6836 ,34326390,MONROE,Perinton,,31F43011050,Y,43.102912,-77.432128,06/06/2012,9:40 PM,INJURY,1.,0 ,1 ,OTHER NON-COLLISION,OTHER,TRAFFIC SIGNAL,DARK-ROAD LIGHTED,CLEAR,DRY
6836 ,34326391,MONROE,Webster,,,N,43.2080086,-77.4746351,06/09/2012,3:55 PM,PROPERTY DAMAGE AND INJURY,2.,0 ,2 ,COLLISION WITH MOTOR VEHICLE,REAR END,NO PASSING ZONE,DAYLIGHT,CLOUDY,DRY
6836 ,34326398,MONROE,Gates,,204 43011001,N,43.1332819,-77.7175231,06/08/2012,6:34 AM,PROPERTY DAMAGE AND INJURY,1.,0 ,1 ,COLLISION WITH GUIDE RAIL,OTHER,NONE,DAYLIGHT,CLEAR,DRY
6836 ,34326402,MONROE,Penfield,,104 43035042,N,43.174766,-77.5201104,06/07/2012,6:31 PM,PROPERTY DAMAGE AND INJURY,1.,0 ,2 ,COLLISION WITH MOTOR VEHICLE,REAR END,NONE,DAYLIGHT,CLEAR,DRY
6836 ,34326407,MONROE,Rochester,,,N,43.1647007,-77.6750842,06/08/2012,3:10 PM,INJURY,1.,0 ,1 ,COLLISION WITH BICYCLIST,OTHER,NONE,DAYLIGHT,CLOUDY,DRY
6836 ,34326408,MONROE,Gates,,,N,43.1645852,-77.7114422,06/09/2012,2:03 AM,PROPERTY DAMAGE AND INJURY,1.,0 ,1 ,COLLISION WITH OTHER,OTHER,NONE,DARK-ROAD LIGHTED,CLEAR,DRY
6836 ,34326417,MONROE,Rochester,,,Y,43.179817,-77.560528,06/07/2012,10:02 AM,PROPERTY DAMAGE AND INJURY,2.,0 ,2 ,COLLISION WITH MOTOR VEHICLE,LEFT TURN (WITH OTHER CAR),TRAFFIC SIGNAL,DAYLIGHT,CLEAR,DRY
6836 ,34326422,MONROE,Rochester,,940M43011021,Y,43.194691,-77.628791,06/04/2012,8:17 AM,PROPERTY DAMAGE AND INJURY,2.,0 ,2 ,COLLISION WITH MOTOR VEHICLE,LEFT TURN (WITH OTHER CAR),TRAFFIC SIGNAL,DAYLIGHT,RAIN,WET
6836 ,34326427,MONROE,Rochester,,,Y,43.175811,-77.576177,05/25/2012,11:40 AM,INJURY,1.,0 ,1 ,COLLISION WITH BICYCLIST,OTHER,TRAFFIC SIGNAL,DAYLIGHT,CLEAR,DRY
6836 ,34326434,MONROE,Rochester,,,Y,43.146321,-77.648004,06/07/2012,4:07 PM,PROPERTY DAMAGE AND INJURY,1.,0 ,2 ,COLLISION WITH MOTOR VEHICLE,REAR END,NONE,DAYLIGHT,CLEAR,DRY
6836 ,34326435,MONROE,Rochester,,,Y,43.159973,-77.598429,06/07/2012,8:58 AM,INJURY,1.,0 ,2 ,COLLISION WITH MOTOR VEHICLE,RIGHT ANGLE,TRAFFIC SIGNAL,DAYLIGHT,CLEAR,DRY
6836 ,34326441,MONROE,Rochester,,,N,43.1657138,-77.5726795,06/08/2012,6:05 PM,INJURY,1.,0 ,2 ,COLLISION WITH PEDESTRIAN,OTHER,NONE,DAYLIGHT,CLEAR,DRY
6836 ,34326449,MONROE,Rochester,,,Y,43.153893,-77.620433,06/07/2012,11:48 PM,PROPERTY DAMAGE AND INJURY,1.,0 ,2 ,COLLISION WITH MOTOR VEHICLE,REAR END,TRAFFIC SIGNAL,DARK-ROAD LIGHTED,CLEAR,DRY
6836 ,34326451,MONROE,Rochester,,31 43032053,N,43.142278,-77.586219,06/07/2012,9:07 PM,PROPERTY DAMAGE AND INJURY,1.,0 ,2 ,COLLISION WITH MOTOR VEHICLE,RIGHT ANGLE,TRAFFIC SIGNAL,DARK-ROAD LIGHTED,CLEAR,DRY
6836 ,34326594,MONROE,Greece,,104 43031156,Y,43.21424,-77.730858,06/09/2012,1:47 PM,PROPERTY DAMAGE AND INJURY,1.,0 ,2 ,COLLISION WITH MOTOR VEHICLE,REAR END,NONE,DAYLIGHT,CLOUDY,DRY
6836 ,34326707,MONROE,Rochester,,,Y,43.173884,-77.624003,03/27/2012,3:52 PM,PROPERTY DAMAGE AND INJURY,1.,0 ,3 ,COLLISION WITH MOTOR VEHICLE,OTHER,NONE,DAYLIGHT,CLEAR,DRY
6836 ,34327091,MONROE,Fairport,,,Y,43.096768,-77.433087,05/25/2012,10:25 PM,PROPERTY DAMAGE AND INJURY,3.,0 ,2 ,COLLISION WITH MOTOR VEHICLE,REAR END,TRAFFIC SIGNAL,DARK-ROAD LIGHTED,CLEAR,DRY
6836 ,34327220,MONROE,Greece,,,N,43.2053715,-77.7139629,06/06/2012,12:39 PM,PROPERTY DAMAGE AND INJURY,1.,0 ,2 ,COLLISION WITH MOTOR VEHICLE,LEFT TURN (AGAINST OTHER CAR),NONE,DAYLIGHT,CLEAR,DRY
6836 ,34327244,MONROE,Rochester,,,N,43.153405,-77.595254,06/02/2012,12:20 AM,INJURY,1.,0 ,1 ,COLLISION WITH PEDESTRIAN,OTHER,NONE,DARK-ROAD LIGHTED,RAIN,WET
6836 ,34327249,MONROE,Rochester,,,N,43.1411284,-77.6659886,06/06/2012,7:26 PM,INJURY,1.,0 ,2 ,COLLISION WITH MOTOR VEHICLE,OTHER,NONE,DAYLIGHT,CLEAR,DRY
6836 ,34327783,MONROE,Penfield,,104 43035043,N,43.174156,-77.5171668,06/04/2012,7:04 AM,PROPERTY DAMAGE AND INJURY,1.,0 ,2 ,COLLISION WITH MOTOR VEHICLE,REAR END,NONE,DAYLIGHT,RAIN,WET
6836 ,34327794,MONROE,Rush,,15 43031031,N,42.9807636,-77.6754828,06/08/2012,9:12 PM,PROPERTY DAMAGE AND INJURY,1.,0 ,2 ,COLLISION WITH MOTOR VEHICLE,LEFT TURN (AGAINST OTHER CAR),NONE,DARK-ROAD UNLIGHTED,CLOUDY,DRY
6836 ,34327804,MONROE,Brighton,,252 43011047,N,43.0922972,-77.6791148,06/09/2012,10:54 PM,PROPERTY DAMAGE AND INJURY,1.,0 ,2 ,COLLISION WITH MOTOR VEHICLE,RIGHT ANGLE,TRAFFIC SIGNAL,DARK-ROAD LIGHTED,CLEAR,DRY
6836 ,34327815,MONROE,Honeoye Falls,,,Y,42.9550603,-77.5719734,06/06/2012,5:49 PM,PROPERTY DAMAGE AND INJURY,1.,0 ,1 ,COLL. W/LIGHT SUPPORT/UTILITY POLE,OTHER,NONE,DAYLIGHT,CLEAR,DRY
6836 ,34327816,MONROE,Irondequoit,,,Y,43.177028,-77.5382749,06/08/2012,8:36 AM,INJURY,1.,0 ,2 ,COLLISION WITH MOTOR VEHICLE,REAR END,YIELD SIGN,DAYLIGHT,CLOUDY,DRY
6836 ,34327818,MONROE,Riga,,490I43021070,N,43.0952142,-77.8459949,06/06/2012,6:03 PM,PROPERTY DAMAGE AND INJURY,1.,0 ,4 ,COLLISION WITH MOTOR VEHICLE,OTHER,NONE,DAYLIGHT,CLEAR,DRY
6836 ,34327824,MONROE,Rochester,,,N,43.1350136,-77.6435059,06/10/2012,4:03 PM,INJURY,1.,0 ,1 ,COLLISION WITH PEDESTRIAN,OTHER,NONE,DAYLIGHT,CLEAR,DRY
6836 ,34329154,MONROE,Greece,,390 43011037,N,43.2097396,-77.6754701,06/07/2012,3:35 PM,PROPERTY DAMAGE AND INJURY,1.,0 ,2 ,COLLISION WITH MOTOR VEHICLE,REAR END,NONE,DAYLIGHT,CLOUDY,DRY
6836 ,34329333,MONROE,Ogden,,259 43011049,Y,43.163426,-77.80516,06/11/2012,3:23 PM,PROPERTY DAMAGE AND INJURY,2.,0 ,2 ,COLLISION WITH MOTOR VEHICLE,SIDESWIPE,NONE,DAYLIGHT,CLOUDY,DRY
6836 ,34329342,MONROE,Hamlin,,947A43021063,N,43.3479842,-77.8774736,06/10/2012,10:30 PM,PROPERTY DAMAGE AND INJURY,1.,0 ,1 ,RAN OFF ROAD ONLY,OTHER,NONE,DARK-ROAD UNLIGHTED,CLEAR,DRY
6836 ,34329349,MONROE,Henrietta,,,N,43.0957181,-77.5868366,06/06/2012,4:39 PM,PROPERTY DAMAGE AND INJURY,3.,0 ,2 ,COLLISION WITH MOTOR VEHICLE,SIDESWIPE,NONE,DAYLIGHT,CLOUDY,DRY
6836 ,34329354,MONROE,Gates,,,Y,43.141033,-77.708876,06/07/2012,5:37 PM,PROPERTY DAMAGE AND INJURY,1.,0 ,2 ,COLLISION WITH MOTOR VEHICLE,RIGHT ANGLE,STOP SIGN,DAYLIGHT,CLEAR,DRY
6836 ,34329356,MONROE,Gates,,,Y,43.1712037,-77.6806924,06/11/2012,11:40 AM,INJURY,1.,0 ,2 ,COLLISION WITH MOTOR VEHICLE,REAR END,TRAFFIC SIGNAL,DAYLIGHT,CLEAR,DRY
6836 ,34329598,MONROE,Webster,,,N,43.2129385,-77.5281674,06/08/2012,8:32 AM,PROPERTY DAMAGE AND INJURY,1.,0 ,5 ,COLLISION WITH MOTOR VEHICLE,OTHER,HIGHWAY WORK AREA,DAYLIGHT,CLEAR,DRY
6836 ,34329607,MONROE,Rochester,,,N,43.1944807,-77.6388663,06/07/2012,9:43 PM,PROPERTY DAMAGE AND INJURY,2.,0 ,2 ,COLLISION WITH MOTOR VEHICLE,SIDESWIPE,NONE,DARK-ROAD LIGHTED,CLEAR,DRY
6836 ,34329612,MONROE,Rochester,,,Y,43.238321,-77.5681,06/10/2012,12:55 AM,INJURY,1.,0 ,1 ,COLLISION WITH GUIDERAIL - END,OTHER,NONE,DARK-ROAD UNLIGHTED,CLEAR,DRY
6836 ,34329614,MONROE,Rochester,,,Y,43.19706,-77.6124419,04/26/2012,7:04 AM,PROPERTY DAMAGE AND INJURY,1.,0 ,2 ,COLLISION WITH MOTOR VEHICLE,RIGHT ANGLE,STOP SIGN,DAWN,CLEAR,DRY
6836 ,34329623,MONROE,Rochester,,,N,43.1733523,-77.6482434,06/08/2012,3:56 PM,INJURY,2.,0 ,2 ,COLLISION WITH MOTOR VEHICLE,REAR END,NONE,DAYLIGHT,CLEAR,DRY
6836 ,34329624,MONROE,Rochester,,96 43052030,Y,43.157058,-77.602375,06/09/2012,4:10 PM,PROPERTY DAMAGE AND INJURY,1.,0 ,2 ,COLLISION WITH MOTOR VEHICLE,REAR END,TRAFFIC SIGNAL,DAYLIGHT,CLOUDY,DRY
6836 ,34329631,MONROE,Rochester,,,Y,43.149509,-77.571697,06/05/2012,2:43 PM,PROPERTY DAMAGE AND INJURY,1.,0 ,2 ,COLLISION WITH MOTOR VEHICLE,REAR END,TRAFFIC SIGNAL,DAYLIGHT,CLEAR,DRY
6836 ,34329733,MONROE,Greece,,104 43031171,Y,43.205698,-77.670283,06/11/2012,1:35 PM,PROPERTY DAMAGE AND INJURY,2.,0 ,2 ,COLLISION WITH MOTOR VEHICLE,RIGHT ANGLE,TRAFFIC SIGNAL,DAYLIGHT,CLEAR,DRY
6836 ,34330240,MONROE,Perinton,,31 43033087,N,43.0689397,-77.4372636,06/09/2012,2:57 PM,PROPERTY DAMAGE AND INJURY,2.,0 ,1 ,COLL. W/LIGHT SUPPORT/UTILITY POLE,OTHER,NONE,DAYLIGHT,CLOUDY,DRY
6836 ,34330250,MONROE,Perinton,,250 43011031,Y,43.079077,-77.441934,06/07/2012,3:33 PM,PROPERTY DAMAGE AND INJURY,1.,0 ,2 ,COLLISION WITH MOTOR VEHICLE,LEFT TURN (AGAINST OTHER CAR),NONE,DAYLIGHT,CLEAR,DRY
6836 ,34330253,MONROE,Irondequoit,,,Y,43.243276,-77.5817829,06/10/2012,7:30 PM,INJURY,1.,0 ,1 ,COLLISION WITH BICYCLIST,OTHER,STOP SIGN,DAYLIGHT,CLEAR,DRY
6836 ,34330265,MONROE,Rochester,,,Y,43.147934,-77.6009161,06/10/2012,2:49 AM,PROPERTY DAMAGE AND INJURY,1.,0 ,1 ,COLLISION WITH CURBING,OTHER,STOP SIGN,DARK-ROAD LIGHTED,CLEAR,DRY
6836 ,34330266,MONROE,Rochester,,,Y,43.151935,-77.628952,06/12/2012,2:50 PM,INJURY,1.,0 ,2 ,COLLISION WITH MOTOR VEHICLE,REAR END,TRAFFIC SIGNAL,DAYLIGHT,CLOUDY,DRY
6836 ,34330267,MONROE,Rochester,,,Y,43.147771,-77.59583,05/31/2012,5:33 PM,INJURY,1.,0 ,1 ,COLLISION WITH PEDESTRIAN,OTHER,TRAFFIC SIGNAL,DAYLIGHT,CLEAR,DRY
6836 ,34330400,MONROE,Irondequoit,,104 43035205,N,43.1967423,-77.5520269,05/27/2012,11:40 PM,INJURY,4.,0 ,1 ,COLLISION WITH DEER,OTHER,NONE,DARK-ROAD LIGHTED,CLEAR,DRY
6836 ,34330401,MONROE,Irondequoit,,104 43035203,N,43.196337,-77.5549023,06/10/2012,1:51 PM,PROPERTY DAMAGE AND INJURY,5.,0 ,2 ,COLLISION WITH MOTOR VEHICLE,REAR END,NONE,DAYLIGHT,CLEAR,DRY
6836 ,34330823,MONROE,Brighton,,441 43011107,Y,43.128025,-77.521656,06/11/2012,12:17 PM,PROPERTY DAMAGE AND INJURY,2.,0 ,2 ,COLLISION WITH MOTOR VEHICLE,RIGHT ANGLE,TRAFFIC SIGNAL,DAYLIGHT,CLEAR,DRY
6836 ,34330854,MONROE,Rochester,,,Y,43.1837389,-77.6109672,05/25/2012,5:04 PM,INJURY,1.,0 ,1 ,COLLISION WITH PEDESTRIAN,OTHER,NONE,DAYLIGHT,CLEAR,DRY
6836 ,34331026,MONROE,Perinton,,96 43051018,Y,43.0517,-77.4701639,06/06/2012,12:35 PM,PROPERTY DAMAGE AND INJURY,1.,0 ,2 ,COLLISION WITH MOTOR VEHICLE,LEFT TURN (WITH OTHER CAR),TRAFFIC SIGNAL,DAYLIGHT,CLEAR,DRY
6836 ,34331181,MONROE,Rochester,,,Y,43.182117,-77.595484,03/02/2012,3:08 PM,PROPERTY DAMAGE AND INJURY,1.,0 ,2 ,COLLISION WITH MOTOR VEHICLE,RIGHT ANGLE,STOP SIGN,DAYLIGHT,CLEAR,DRY