QUERYID,CASE #,REGN_CNTY_CDE,Municipality,MUNITYPE,REF_MRKR,ATINTERSECTION_IND,Lat,Long,,Time,Crash Type,Injuries,Fatalities,Number of Vehicles,ACCD_TYP,COLLISION_TYP,TRAF_CNTL,Light Condition,Weather Condition,Road Surface Condition
6836 ,34331644,MONROE,Webster,,250 43011138,Y,43.232364,-77.428546,06/11/2012,3:01 PM,PROPERTY DAMAGE AND INJURY,1.,0 ,2 ,COLLISION WITH MOTOR VEHICLE,REAR END,TRAFFIC SIGNAL,DAYLIGHT,CLEAR,DRY
6836 ,34331651,MONROE,Hamlin,,,N,43.3134909,-77.9336742,06/02/2012,6:45 PM,PROPERTY DAMAGE AND INJURY,1.,0 ,2 ,COLLISION WITH MOTOR VEHICLE,LEFT TURN (AGAINST OTHER CAR),NONE,DAYLIGHT,CLEAR,DRY
6836 ,34331655,MONROE,Henrietta,,15A43041056,Y,43.0646081,-77.6097514,06/13/2012,12:06 PM,PROPERTY DAMAGE AND INJURY,1.,0 ,2 ,COLLISION WITH MOTOR VEHICLE,REAR END,NONE,DAYLIGHT,CLOUDY,DRY
6836 ,34331731,MONROE,Rochester,,,N,43.1465741,-77.5552993,05/29/2012,7:50 AM,PROPERTY DAMAGE AND INJURY,1.,0 ,1 ,COLLISION WITH FENCE,OTHER,TRAFFIC SIGNAL,DAYLIGHT,CLEAR,DRY
6836 ,34331735,MONROE,Rochester,,,N,43.1930611,-77.6487459,06/04/2012,1:46 AM,PROPERTY DAMAGE AND INJURY,1.,0 ,1 ,OTHER NON-COLLISION,OTHER,STOP SIGN,DARK-ROAD LIGHTED,CLOUDY,WET
6836 ,34331760,MONROE,Rochester,,,Y,43.1755057,-77.588476,06/06/2012,9:30 PM,PROPERTY DAMAGE AND INJURY,1.,0 ,2 ,COLLISION WITH MOTOR VEHICLE,RIGHT ANGLE,NONE,DARK-ROAD LIGHTED,CLEAR,DRY
6836 ,34331761,MONROE,Rochester,,,Y,43.191016,-77.599822,06/06/2012,5:46 PM,PROPERTY DAMAGE AND INJURY,1.,0 ,2 ,COLLISION WITH MOTOR VEHICLE,RIGHT ANGLE,STOP SIGN,DAYLIGHT,CLEAR,DRY
6836 ,34332618,MONROE,Rochester,,,Y,43.195105,-77.608971,06/14/2012,10:08 AM,FATAL,0.,1 ,1 ,COLLISION WITH PEDESTRIAN,OTHER,TRAFFIC SIGNAL,DAYLIGHT,CLEAR,DRY
6836 ,34332619,MONROE,Rochester,,,Y,43.131001,-77.645366,06/17/2012,12:09 AM,FATAL,0.,1 ,2 ,COLLISION WITH MOTOR VEHICLE,RIGHT ANGLE,STOP SIGN,DARK-ROAD LIGHTED,CLEAR,DRY
6836 ,34333073,MONROE,Brighton,,31 43033021,N,43.1119715,-77.5490018,06/14/2012,6:06 PM,PROPERTY DAMAGE AND INJURY,1.,0 ,2 ,COLLISION WITH MOTOR VEHICLE,LEFT TURN (WITH OTHER CAR),NONE,DAYLIGHT,CLEAR,DRY
6836 ,34333084,MONROE,Webster,,104 43035274,N,43.2157641,-77.4292717,06/12/2012,9:02 AM,PROPERTY DAMAGE AND INJURY,1.,0 ,1 ,OVERTURNED,OTHER,NONE,DAYLIGHT,RAIN,WET
6836 ,34333086,MONROE,Parma,,18 43031116,Y,43.273348,-77.791073,06/13/2012,1:05 PM,INJURY,1.,0 ,1 ,COLLISION WITH BICYCLIST,OTHER,TRAFFIC SIGNAL,DAYLIGHT,CLEAR,DRY
6836 ,34333091,MONROE,Henrietta,,15A43041089,N,43.0538464,-77.6153658,06/14/2012,6:34 PM,PROPERTY DAMAGE AND INJURY,1.,0 ,2 ,COLLISION WITH MOTOR VEHICLE,REAR END,NONE,DAYLIGHT,CLEAR,DRY
6836 ,34333096,MONROE,Henrietta,,,N,43.0681072,-77.6402412,06/14/2012,6:09 PM,PROPERTY DAMAGE AND INJURY,1.,0 ,2 ,COLLISION WITH MOTOR VEHICLE,RIGHT ANGLE,STOP SIGN,DAYLIGHT,CLEAR,DRY
6836 ,34333097,MONROE,Clarkson,,,N,43.2205265,-77.9669945,06/09/2012,5:35 AM,PROPERTY DAMAGE AND INJURY,1.,0 ,1 ,COLL. W/LIGHT SUPPORT/UTILITY POLE,OTHER,NO PASSING ZONE,DAWN,RAIN,WET
6836 ,34333100,MONROE,Irondequoit,,590 43013003,N,43.1754169,-77.5423311,06/13/2012,7:40 AM,PROPERTY DAMAGE AND INJURY,1.,0 ,3 ,COLLISION WITH MOTOR VEHICLE,OTHER,NONE,DAYLIGHT,CLEAR,DRY
6836 ,34333107,MONROE,Irondequoit,,,N,43.196444,-77.5767859,06/11/2012,5:04 PM,INJURY,2.,0 ,2 ,COLLISION WITH MOTOR VEHICLE,REAR END,YIELD SIGN,DAYLIGHT,CLOUDY,DRY
6836 ,34333120,MONROE,Perinton,,31F43011021,N,43.1025481,-77.4806072,06/13/2012,7:00 PM,PROPERTY DAMAGE AND INJURY,1.,0 ,3 ,COLLISION WITH MOTOR VEHICLE,OTHER,TRAFFIC SIGNAL,DAYLIGHT,CLOUDY,DRY
6836 ,34333124,MONROE,Gates,,33 43031108,N,43.1430764,-77.7361233,06/11/2012,1:15 PM,PROPERTY DAMAGE AND INJURY,1.,0 ,2 ,COLLISION WITH MOTOR VEHICLE,LEFT TURN (AGAINST OTHER CAR),NONE,DAYLIGHT,CLEAR,DRY
6836 ,34333133,MONROE,Rochester,,,Y,43.143828,-77.611227,06/13/2012,2:03 PM,INJURY,1.,0 ,2 ,COLLISION WITH MOTOR VEHICLE,REAR END,TRAFFIC SIGNAL,DAYLIGHT,CLEAR,DRY
6836 ,34333876,MONROE,Chili,,,N,43.1071853,-77.7436497,06/14/2012,5:33 PM,PROPERTY DAMAGE AND INJURY,4.,0 ,2 ,COLLISION WITH MOTOR VEHICLE,RIGHT ANGLE,STOP SIGN,DAYLIGHT,CLEAR,DRY
6836 ,34334410,MONROE,Ogden,,259 43011039,N,43.1551945,-77.8054854,06/15/2012,4:40 AM,INJURY,1.,0 ,1 ,COLLISION WITH PEDESTRIAN,OTHER,NONE,DAWN,CLOUDY,DRY
6836 ,34334411,MONROE,Ogden,,,N,43.1815229,-77.8042381,06/14/2012,7:53 AM,PROPERTY DAMAGE AND INJURY,1.,0 ,2 ,COLLISION WITH MOTOR VEHICLE,REAR END,TRAFFIC SIGNAL,DAYLIGHT,CLEAR,DRY
6836 ,34334638,MONROE,Rochester,,18 43032002,N,43.2146745,-77.6401135,06/14/2012,2:48 PM,PROPERTY DAMAGE AND INJURY,2.,0 ,3 ,COLLISION WITH MOTOR VEHICLE,OTHER,NONE,DAYLIGHT,CLEAR,DRY
6836 ,34334641,MONROE,Greece,,,Y,43.238365,-77.659119,06/16/2012,4:39 PM,PROPERTY DAMAGE AND INJURY,2.,0 ,3 ,COLLISION WITH MOTOR VEHICLE,OTHER,TRAFFIC SIGNAL,DAYLIGHT,CLEAR,DRY
6836 ,34334649,MONROE,Greece,,,N,43.210719,-77.70874,06/13/2012,5:40 PM,PROPERTY DAMAGE AND INJURY,1.,0 ,3 ,COLLISION WITH MOTOR VEHICLE,OTHER,TRAFFIC SIGNAL,DAYLIGHT,CLEAR,OTHER
6836 ,34334650,MONROE,Greece,,,Y,43.245416,-77.696531,06/11/2012,6:40 PM,PROPERTY DAMAGE AND INJURY,2.,0 ,3 ,COLLISION WITH MOTOR VEHICLE,OTHER,TRAFFIC SIGNAL,DAYLIGHT,CLEAR,DRY
6836 ,34334982,MONROE,Penfield,,,N,43.1499113,-77.4355506,06/16/2012,10:20 AM,PROPERTY DAMAGE AND INJURY,1.,0 ,2 ,COLLISION WITH MOTOR VEHICLE,OTHER,NONE,DAYLIGHT,CLEAR,DRY
6836 ,34334983,MONROE,Mendon,,,N,42.9747032,-77.5456619,06/14/2012,11:10 PM,PROPERTY DAMAGE AND INJURY,1.,0 ,1 ,COLLISION WITH TREE,OTHER,NONE,DARK-ROAD UNLIGHTED,CLEAR,DRY
6836 ,34334988,MONROE,Henrietta,,,N,43.0807598,-77.6329831,06/01/2012,1:21 PM,PROPERTY DAMAGE AND INJURY,1.,0 ,1 ,COLLISION WITH CURBING,OTHER,NONE,DAYLIGHT,RAIN,WET
6836 ,34334990,MONROE,Honeoye Falls,,531 43011012,Y,42.958413,-77.588274,06/17/2012,5:10 PM,PROPERTY DAMAGE AND INJURY,3.,0 ,1 ,COLLISION WITH TREE,OTHER,NONE,DAYLIGHT,CLEAR,DRY
6836 ,34335079,MONROE,Rochester,,490I43022038,N,43.1490954,-77.6034369,06/16/2012,6:28 PM,INJURY,2.,0 ,1 ,OTHER NON-COLLISION,OTHER,NONE,DAYLIGHT,CLEAR,DRY
6836 ,34335183,MONROE,Greece,,,N,43.2313673,-77.6590751,06/02/2012,1:29 PM,PROPERTY DAMAGE AND INJURY,2.,0 ,3 ,COLLISION WITH MOTOR VEHICLE,OTHER,TRAFFIC SIGNAL,DAYLIGHT,CLOUDY,DRY
6836 ,34335186,MONROE,Greece,,,Y,43.252955,-77.685372,06/10/2012,5:25 PM,PROPERTY DAMAGE AND INJURY,1.,0 ,2 ,COLLISION WITH MOTOR VEHICLE,REAR END,NONE,DAYLIGHT,CLEAR,DRY
6836 ,34335644,MONROE,Webster,,,Y,43.24005,-77.515016,05/31/2012,5:33 PM,INJURY,1.,0 ,1 ,COLL. W/EARTH ELE./ROCK CUT/DITCH,OTHER,FLASHING LIGHT,DAYLIGHT,CLEAR,DRY
6836 ,34335655,MONROE,Parma,,261 43011034,N,43.2683766,-77.7504927,06/16/2012,5:36 PM,PROPERTY DAMAGE AND INJURY,1.,0 ,2 ,COLLISION WITH MOTOR VEHICLE,OVERTAKING,NONE,DAYLIGHT,CLEAR,DRY
6836 ,34335658,MONROE,Chili,,33A43021068,Y,43.0879,-77.81142,06/15/2012,8:34 AM,PROPERTY DAMAGE AND INJURY,1.,0 ,1 ,COLL. W/EARTH ELE./ROCK CUT/DITCH,OTHER,NONE,DAYLIGHT,CLEAR,DRY
6836 ,34335659,MONROE,Rush,,15A43041038,N,42.990319,-77.6364268,05/22/2012,4:57 PM,INJURY,1.,0 ,2 ,COLLISION WITH MOTOR VEHICLE,REAR END,TRAFFIC SIGNAL,DAYLIGHT,CLOUDY,DRY
6836 ,34335665,MONROE,Gates,,390I43035001,N,43.1277387,-77.6584787,06/11/2012,5:40 PM,INJURY,2.,0 ,2 ,COLLISION WITH MOTOR VEHICLE,REAR END,NONE,DAYLIGHT,CLEAR,DRY
6836 ,34335668,MONROE,Riga,,490I43021037,N,43.0881371,-77.9085652,06/08/2012,5:12 PM,INJURY,4.,0 ,2 ,COLLISION WITH MOTOR VEHICLE,REAR END,NONE,DAYLIGHT,CLOUDY,DRY
6836 ,34335673,MONROE,Webster,,404 43035064,Y,43.2039067,-77.4921567,06/17/2012,4:49 PM,INJURY,1.,0 ,2 ,COLLISION WITH MOTOR VEHICLE,REAR END,TRAFFIC SIGNAL,DAYLIGHT,CLEAR,DRY
6836 ,34335678,MONROE,Penfield,,,Y,43.131091,-77.456316,05/24/2012,9:42 PM,PROPERTY DAMAGE AND INJURY,1.,0 ,2 ,COLLISION WITH MOTOR VEHICLE,REAR END,NONE,DARK-ROAD LIGHTED,CLOUDY,DRY
6836 ,34335680,MONROE,Penfield,,441 43011041,N,43.131219,-77.4629205,05/30/2012,2:15 PM,PROPERTY DAMAGE AND INJURY,3.,0 ,2 ,COLLISION WITH MOTOR VEHICLE,REAR END,NONE,DAYLIGHT,CLEAR,DRY
6836 ,34335682,MONROE,Penfield,,441 43011044,N,43.1311346,-77.4577165,06/13/2012,4:46 PM,PROPERTY DAMAGE AND INJURY,1.,0 ,2 ,COLLISION WITH MOTOR VEHICLE,REAR END,NONE,DAYLIGHT,CLEAR,DRY
6836 ,34335685,MONROE,Perinton,,,N,43.1201181,-77.461525,06/18/2012,12:15 AM,INJURY,1.,0 ,1 ,COLLISION WITH DEER,OTHER,NO PASSING ZONE,DARK-ROAD UNLIGHTED,CLEAR,DRY
6836 ,34335687,MONROE,Mendon,,251 43011217,N,42.9938811,-77.5649858,06/16/2012,12:45 PM,PROPERTY DAMAGE AND INJURY,3.,0 ,2 ,COLLISION WITH MOTOR VEHICLE,LEFT TURN (AGAINST OTHER CAR),NONE,DAYLIGHT,CLEAR,DRY
6836 ,34335688,MONROE,Chili,,,Y,43.119857,-77.80532,06/17/2012,10:27 AM,PROPERTY DAMAGE AND INJURY,1.,0 ,2 ,COLLISION WITH MOTOR VEHICLE,RIGHT ANGLE,TRAFFIC SIGNAL,DAYLIGHT,CLEAR,DRY
6836 ,34335689,MONROE,Pittsford,,,Y,43.084495,-77.5397139,06/14/2012,10:30 PM,PROPERTY DAMAGE AND INJURY,3.,0 ,2 ,COLLISION WITH MOTOR VEHICLE,LEFT TURN (AGAINST OTHER CAR),STOP SIGN,DARK-ROAD UNLIGHTED,CLOUDY,DRY
6836 ,34335690,MONROE,Gates,,33A43021132,N,43.1262995,-77.7020243,06/14/2012,6:52 AM,PROPERTY DAMAGE AND INJURY,2.,0 ,2 ,COLLISION WITH MOTOR VEHICLE,LEFT TURN (AGAINST OTHER CAR),TRAFFIC SIGNAL,DAYLIGHT,CLEAR,DRY
6836 ,34335696,MONROE,Rochester,,,Y,43.169745,-77.595153,06/09/2012,2:54 PM,INJURY,1.,0 ,2 ,COLLISION WITH MOTOR VEHICLE,RIGHT ANGLE,TRAFFIC SIGNAL,DAYLIGHT,CLEAR,DRY
6836 ,34335698,MONROE,Rochester,,,Y,43.188006,-77.630401,06/13/2012,10:12 PM,INJURY,1.,0 ,2 ,COLLISION WITH MOTOR VEHICLE,OVERTAKING,NONE,DARK-ROAD LIGHTED,CLOUDY,DRY
6836 ,34335703,MONROE,Rochester,,,Y,43.158068,-77.602343,06/17/2012,2:10 AM,PROPERTY DAMAGE AND INJURY,4.,0 ,2 ,COLLISION WITH MOTOR VEHICLE,RIGHT ANGLE,TRAFFIC SIGNAL,DARK-ROAD LIGHTED,CLEAR,DRY
6836 ,34335705,MONROE,Rochester,,18 43032008,Y,43.20573,-77.638666,06/16/2012,1:45 PM,PROPERTY DAMAGE AND INJURY,1.,0 ,2 ,COLLISION WITH MOTOR VEHICLE,LEFT TURN (AGAINST OTHER CAR),NONE,DAYLIGHT,CLEAR,DRY
6836 ,34335707,MONROE,Rochester,,,Y,43.14403,-77.5945841,06/13/2012,5:20 PM,PROPERTY DAMAGE AND INJURY,1.,0 ,2 ,COLLISION WITH MOTOR VEHICLE,RIGHT ANGLE,STOP SIGN,DAYLIGHT,CLEAR,DRY
6836 ,34336109,MONROE,Rochester,,104 43032021,N,43.1934316,-77.6222341,06/15/2012,5:05 PM,PROPERTY DAMAGE AND INJURY,1.,0 ,2 ,COLLISION WITH MOTOR VEHICLE,REAR END,NONE,DAYLIGHT,CLEAR,DRY
6836 ,34336161,MONROE,Greece,,,N,43.2078036,-77.6717039,06/18/2012,1:28 AM,PROPERTY DAMAGE AND INJURY,2.,0 ,5 ,COLLISION WITH MOTOR VEHICLE,OTHER,NONE,DARK-ROAD LIGHTED,CLOUDY,DRY
6836 ,34336162,MONROE,Greece,,,N,43.2105679,-77.6630412,06/16/2012,1:38 AM,PROPERTY DAMAGE AND INJURY,1.,0 ,1 ,COLL. W/LIGHT SUPPORT/UTILITY POLE,OTHER,NONE,DARK-ROAD LIGHTED,CLEAR,DRY
6836 ,34336705,MONROE,Gates,,,Y,43.126545,-77.70153,06/18/2012,7:41 AM,PROPERTY DAMAGE AND INJURY,2.,0 ,2 ,COLLISION WITH MOTOR VEHICLE,LEFT TURN (AGAINST OTHER CAR),TRAFFIC SIGNAL,DAYLIGHT,CLOUDY,DRY
6836 ,34336708,MONROE,Rochester,,,N,43.1588855,-77.5393857,06/17/2012,1:41 AM,PROPERTY DAMAGE AND INJURY,1.,0 ,1 ,COLLISION WITH DEER,OTHER,NONE,DARK-ROAD LIGHTED,CLEAR,DRY
6836 ,34336713,MONROE,Perinton,,,N,43.111921,-77.4672477,06/13/2012,5:13 PM,PROPERTY DAMAGE AND INJURY,1.,0 ,2 ,COLLISION WITH MOTOR VEHICLE,HEAD ON,NONE,DAYLIGHT,CLEAR,DRY
6836 ,34336714,MONROE,Chili,,,Y,43.10974,-77.7407749,06/19/2012,11:15 AM,INJURY,1.,0 ,1 ,COLLISION WITH BICYCLIST,OTHER,STOP SIGN,DAYLIGHT,CLOUDY,DRY
6836 ,34336715,MONROE,Perinton,,96 43051012,N,43.0436764,-77.4651524,06/13/2012,8:44 PM,INJURY,1.,0 ,2 ,COLLISION WITH MOTOR VEHICLE,OVERTAKING,NONE,DUSK,CLEAR,DRY
6836 ,34336716,MONROE,Perinton,,96 43051004,N,43.0361628,-77.4488817,06/13/2012,5:15 PM,PROPERTY DAMAGE AND INJURY,1.,0 ,3 ,COLLISION WITH MOTOR VEHICLE,OTHER,TRAFFIC SIGNAL,DAYLIGHT,CLEAR,DRY
6836 ,34336720,MONROE,Henrietta,,,N,43.0800629,-77.6295845,06/08/2012,4:42 PM,PROPERTY DAMAGE AND INJURY,5.,0 ,3 ,COLLISION WITH MOTOR VEHICLE,OTHER,TRAFFIC SIGNAL,DAYLIGHT,CLEAR,DRY
6836 ,34336731,MONROE,Perinton,,,N,43.1042836,-77.4321329,06/10/2012,2:23 PM,PROPERTY DAMAGE AND INJURY,1.,0 ,2 ,COLLISION WITH MOTOR VEHICLE,REAR END,NONE,DAYLIGHT,CLEAR,DRY
6836 ,34336838,MONROE,Rochester,,,Y,43.181109,-77.587349,05/27/2012,3:45 PM,INJURY,1.,0 ,2 ,COLLISION WITH MOTOR VEHICLE,RIGHT ANGLE,TRAFFIC SIGNAL,DAYLIGHT,CLEAR,DRY
6836 ,34336841,MONROE,Rochester,,,Y,43.14491,-77.652175,06/13/2012,6:56 PM,INJURY,1.,0 ,1 ,COLLISION WITH BICYCLIST,OTHER,STOP SIGN,DAYLIGHT,CLEAR,DRY
6836 ,34336842,MONROE,Rochester,,,Y,43.180778,-77.583237,06/10/2012,6:35 PM,INJURY,4.,0 ,2 ,COLLISION WITH MOTOR VEHICLE,RIGHT ANGLE,STOP SIGN,DAYLIGHT,CLEAR,DRY
6836 ,34336847,MONROE,Rochester,,31 43032038,Y,43.154734,-77.608019,06/14/2012,11:08 PM,PROPERTY DAMAGE AND INJURY,1.,0 ,1 ,COLLISION WITH BICYCLIST,OTHER,TRAFFIC SIGNAL,DARK-ROAD LIGHTED,CLOUDY,DRY
6836 ,34336848,MONROE,Rochester,,,Y,43.175835,-77.575052,06/16/2012,3:10 PM,PROPERTY DAMAGE AND INJURY,1.,0 ,2 ,COLLISION WITH MOTOR VEHICLE,REAR END,NONE,DAYLIGHT,CLEAR,DRY
6836 ,34336853,MONROE,Rochester,,,N,43.1352381,-77.5924579,06/18/2012,5:35 PM,PROPERTY DAMAGE AND INJURY,2.,0 ,2 ,COLLISION WITH MOTOR VEHICLE,OVERTAKING,NONE,DAYLIGHT,CLEAR,DRY
6836 ,34336874,MONROE,Rochester,,,N,43.1909052,-77.6264946,06/11/2012,5:40 PM,INJURY,1.,0 ,1 ,COLLISION WITH PEDESTRIAN,OTHER,NONE,DAYLIGHT,CLEAR,DRY
6836 ,34336875,MONROE,Rochester,,,Y,43.131001,-77.645366,06/15/2012,4:18 PM,INJURY,1.,0 ,1 ,COLLISION WITH BICYCLIST,OTHER,STOP SIGN,DAYLIGHT,CLEAR,DRY
6836 ,34336876,MONROE,Rochester,,,Y,43.143865,-77.644605,06/15/2012,3:59 PM,INJURY,1.,0 ,2 ,COLLISION WITH MOTOR VEHICLE,RIGHT ANGLE,STOP SIGN,DAYLIGHT,CLEAR,DRY
6836 ,34336877,MONROE,Rochester,,31 43032026,N,43.159691,-77.6274057,06/14/2012,8:12 PM,PROPERTY DAMAGE AND INJURY,1.,0 ,2 ,COLLISION WITH MOTOR VEHICLE,REAR END,NONE,DAYLIGHT,CLEAR,DRY
6836 ,34336880,MONROE,Rochester,,,N,43.164637,-77.6280368,06/14/2012,4:15 PM,PROPERTY DAMAGE AND INJURY,2.,0 ,2 ,COLLISION WITH MOTOR VEHICLE,REAR END,NONE,DAYLIGHT,CLEAR,DRY
6836 ,34336881,MONROE,Rochester,,,Y,43.183207,-77.599339,06/15/2012,5:58 PM,INJURY,2.,0 ,2 ,COLLISION WITH MOTOR VEHICLE,RIGHT ANGLE,STOP SIGN,DAYLIGHT,CLEAR,DRY
6836 ,34336885,MONROE,Rochester,,,Y,43.1728629,-77.6126512,06/15/2012,8:27 PM,INJURY,1.,0 ,1 ,COLLISION WITH PEDESTRIAN,OTHER,NONE,DAYLIGHT,CLEAR,DRY
6836 ,34336888,MONROE,Rochester,,,N,43.1693009,-77.6267564,06/17/2012,3:17 AM,PROPERTY DAMAGE AND INJURY,1.,0 ,1 ,COLLISION WITH CURBING,OTHER,NONE,DARK-ROAD LIGHTED,CLEAR,DRY
6836 ,34336889,MONROE,Rochester,,,Y,43.146709,-77.6001611,06/09/2012,7:00 PM,PROPERTY DAMAGE AND INJURY,1.,0 ,2 ,COLLISION WITH MOTOR VEHICLE,RIGHT ANGLE,TRAFFIC SIGNAL,DAYLIGHT,CLEAR,DRY
6836 ,34336895,MONROE,Rochester,,,N,43.1810319,-77.6317341,06/12/2012,2:58 PM,INJURY,1.,0 ,2 ,COLLISION WITH MOTOR VEHICLE,REAR END,TRAFFIC SIGNAL,DAYLIGHT,RAIN,WET
6836 ,34337206,MONROE,Rochester,,,N,43.188824,-77.6267939,06/08/2012,4:30 PM,PROPERTY DAMAGE AND INJURY,1.,0 ,2 ,COLLISION WITH MOTOR VEHICLE,REAR END,NONE,DAYLIGHT,CLEAR,DRY
6836 ,34337208,MONROE,Rochester,,,Y,43.146421,-77.5547779,06/18/2012,9:51 AM,PROPERTY DAMAGE AND INJURY,1.,0 ,2 ,COLLISION WITH MOTOR VEHICLE,LEFT TURN (WITH OTHER CAR),TRAFFIC SIGNAL,DAYLIGHT,CLEAR,DRY
6836 ,34337227,MONROE,Greece,,,Y,43.2022114,-77.6979933,06/15/2012,1:17 PM,INJURY,1.,0 ,2 ,COLLISION WITH MOTOR VEHICLE,REAR END,NONE,DAYLIGHT,CLEAR,DRY
6836 ,34337230,MONROE,Greece,,,N,43.2066945,-77.6761856,06/15/2012,2:08 AM,INJURY,1.,0 ,1 ,COLLISION WITH GUIDE RAIL,OTHER,NONE,DARK-ROAD UNLIGHTED,CLEAR,DRY
6836 ,34338000,MONROE,Rochester,,490I43022065,N,43.144744,-77.5552839,06/18/2012,7:12 AM,PROPERTY DAMAGE AND INJURY,1.,0 ,2 ,COLLISION WITH MOTOR VEHICLE,OVERTAKING,NONE,DAYLIGHT,CLOUDY,DRY
6836 ,34338296,MONROE,Gates,,490I43021160,N,43.1559585,-77.7143832,06/10/2012,8:10 AM,FATAL,0.,1 ,1 ,COLLISION WITH GUIDE RAIL,OTHER,NONE,DAYLIGHT,CLEAR,DRY
6836 ,34338299,MONROE,Pittsford,,252 43011125,N,43.0873266,-77.5275561,06/20/2012,4:39 PM,PROPERTY DAMAGE AND INJURY,2.,0 ,2 ,COLLISION WITH MOTOR VEHICLE,REAR END,NO PASSING ZONE,DAYLIGHT,CLEAR,DRY
6836 ,34338300,MONROE,Hilton,,259 43011139,Y,43.289933,-77.79304,06/09/2012,8:50 AM,PROPERTY DAMAGE AND INJURY,2.,0 ,2 ,COLLISION WITH MOTOR VEHICLE,RIGHT ANGLE,STOP SIGN,DAYLIGHT,CLOUDY,WET
6836 ,34338313,MONROE,Irondequoit,,,Y,43.197049,-77.592437,06/20/2012,3:50 AM,PROPERTY DAMAGE AND INJURY,1.,0 ,2 ,COLLISION WITH MOTOR VEHICLE,REAR END,TRAFFIC SIGNAL,DARK-ROAD LIGHTED,CLOUDY,DRY
6836 ,34338316,MONROE,Irondequoit,,,Y,43.228059,-77.546591,06/15/2012,2:55 PM,PROPERTY DAMAGE AND INJURY,1.,0 ,2 ,COLLISION WITH MOTOR VEHICLE,RIGHT ANGLE,NO PASSING ZONE,DAYLIGHT,CLEAR,DRY
6836 ,34338329,MONROE,Rochester,,,N,43.120172,-77.616239,06/19/2012,11:04 PM,PROPERTY DAMAGE AND INJURY,1.,0 ,2 ,COLLISION WITH MOTOR VEHICLE,REAR END,NONE,DARK-ROAD LIGHTED,CLEAR,DRY
6836 ,34338331,MONROE,Rochester,,,Y,43.116812,-77.6169009,06/20/2012,3:28 PM,INJURY,1.,0 ,3 ,COLLISION WITH MOTOR VEHICLE,OTHER,NONE,DAYLIGHT,CLEAR,DRY
6836 ,34338456,MONROE,Rochester,,,N,43.196037,-77.561399,06/11/2012,10:53 AM,INJURY,1.,0 ,1 ,COLLISION WITH BICYCLIST,OTHER,TRAFFIC SIGNAL,DAYLIGHT,CLEAR,DRY
6836 ,34338471,MONROE,Irondequoit,,,N,43.2055472,-77.578276,06/12/2012,1:53 PM,INJURY,1.,0 ,1 ,COLLISION WITH PEDESTRIAN,OTHER,NONE,DAYLIGHT,CLOUDY,DRY
6836 ,34338475,MONROE,Brighton,,31 43033013,N,43.1210514,-77.5586046,06/13/2012,12:56 PM,INJURY,1.,0 ,1 ,OTHER NON-COLLISION,OTHER,NONE,DAYLIGHT,CLEAR,DRY
6836 ,34338533,MONROE,Chili,,383 43011154,N,43.1207638,-77.6512171,06/18/2012,12:19 PM,PROPERTY DAMAGE AND INJURY,1.,0 ,2 ,COLLISION WITH MOTOR VEHICLE,REAR END,TRAFFIC SIGNAL,DAYLIGHT,CLOUDY,DRY
6836 ,34339030,MONROE,Rochester,,,Y,43.140614,-77.613552,06/13/2012,10:32 PM,INJURY,1.,0 ,1 ,COLLISION WITH BICYCLIST,OTHER,NONE,DARK-ROAD LIGHTED,CLEAR,DRY
6836 ,34339193,MONROE,Greece,,,Y,43.242013,-77.646839,06/10/2012,4:00 PM,INJURY,1.,0 ,1 ,COLLISION WITH BICYCLIST,OTHER,TRAFFIC SIGNAL,DAYLIGHT,CLEAR,DRY
6836 ,34339223,MONROE,Brighton,,,Y,43.1008082,-77.6250153,06/18/2012,9:13 AM,INJURY,1.,0 ,1 ,COLLISION WITH PEDESTRIAN,OTHER,NONE,DAYLIGHT,CLOUDY,DRY
6836 ,34339350,MONROE,Rochester,,,Y,43.1160535,-77.621768,06/14/2012,5:10 PM,INJURY,1.,0 ,1 ,COLLISION WITH MOTOR VEHICLE,OTHER,NONE,DAYLIGHT,CLEAR,DRY
6836 ,34339431,MONROE,Gates,,,N,43.1602263,-77.7537731,05/21/2012,4:16 PM,FATAL,0.,1 ,1 ,COLLISION WITH BRIDGE STRUCTURE,OTHER,NONE,DAYLIGHT,CLEAR,DRY
6836 ,34340096,MONROE,Penfield,,,N,43.1961043,-77.4003745,06/20/2012,3:51 PM,PROPERTY DAMAGE AND INJURY,1.,0 ,1 ,COLLISION WITH OTHER,OTHER,NONE,DAYLIGHT,CLEAR,DRY
6836 ,34340098,MONROE,Pittsford,,31 43033057,N,43.0810022,-77.4941563,06/16/2012,3:29 PM,PROPERTY DAMAGE AND INJURY,1.,0 ,2 ,COLLISION WITH MOTOR VEHICLE,LEFT TURN (WITH OTHER CAR),TRAFFIC SIGNAL,DAYLIGHT,CLEAR,DRY
6836 ,34340100,MONROE,Perinton,,31F43011027,Y,43.10226,-77.468503,06/14/2012,7:20 PM,PROPERTY DAMAGE AND INJURY,2.,0 ,2 ,COLLISION WITH MOTOR VEHICLE,RIGHT ANGLE,TRAFFIC SIGNAL,DAYLIGHT,CLEAR,DRY
6836 ,34340105,MONROE,Pittsford,,64 43021103,N,43.086515,-77.518128,06/16/2012,5:05 PM,PROPERTY DAMAGE AND INJURY,1.,0 ,3 ,COLLISION WITH MOTOR VEHICLE,OTHER,TRAFFIC SIGNAL,DAYLIGHT,CLEAR,DRY
6836 ,34340106,MONROE,Brighton,,65 43031128,N,43.1221835,-77.5483265,06/21/2012,5:41 PM,PROPERTY DAMAGE AND INJURY,1.,0 ,2 ,COLLISION WITH MOTOR VEHICLE,REAR END,NONE,DAYLIGHT,CLEAR,DRY