QUERYID,CASE #,REGN_CNTY_CDE,Municipality,MUNITYPE,REF_MRKR,ATINTERSECTION_IND,Lat,Long,,Time,Crash Type,Injuries,Fatalities,Number of Vehicles,ACCD_TYP,COLLISION_TYP,TRAF_CNTL,Light Condition,Weather Condition,Road Surface Condition
6836 ,34340107,MONROE,Brighton,,590I43011018,N,43.1075347,-77.5739919,06/21/2012,5:29 PM,PROPERTY DAMAGE AND INJURY,1.,0 ,3 ,COLLISION WITH MOTOR VEHICLE,OTHER,NONE,DAYLIGHT,CLEAR,DRY
6836 ,34340112,MONROE,Rochester,,,Y,43.134366,-77.581187,06/21/2012,8:33 AM,PROPERTY DAMAGE AND INJURY,1.,0 ,2 ,COLLISION WITH MOTOR VEHICLE,RIGHT ANGLE,STOP SIGN,DAYLIGHT,CLEAR,DRY
6836 ,34340352,MONROE,Chili,,383 43011155,N,43.1219474,-77.6484306,06/20/2012,1:17 PM,PROPERTY DAMAGE AND INJURY,1.,0 ,2 ,COLLISION WITH MOTOR VEHICLE,RIGHT ANGLE,TRAFFIC SIGNAL,DAYLIGHT,CLEAR,DRY
6836 ,34340803,MONROE,Ogden,,,Y,43.143945,-77.7542189,06/20/2012,6:00 PM,PROPERTY DAMAGE AND INJURY,2.,0 ,2 ,COLLISION WITH MOTOR VEHICLE,REAR END,STOP SIGN,DAYLIGHT,CLEAR,DRY
6836 ,34340810,MONROE,Henrietta,,,N,43.0832229,-77.6606687,06/22/2012,9:01 AM,PROPERTY DAMAGE AND INJURY,1.,0 ,2 ,COLLISION WITH MOTOR VEHICLE,REAR END,NONE,DAYLIGHT,RAIN,WET
6836 ,34340812,MONROE,Chili,,383 43011155,N,43.12153,-77.649392,06/21/2012,5:21 PM,INJURY,1.,0 ,4 ,COLLISION WITH MOTOR VEHICLE,OTHER,TRAFFIC SIGNAL,DAYLIGHT,CLEAR,DRY
6836 ,34340815,MONROE,Wheatland,,,N,43.0204672,-77.8076813,06/16/2012,2:30 AM,PROPERTY DAMAGE AND INJURY,1.,0 ,1 ,RAN OFF ROAD ONLY,OTHER,NONE,DARK-ROAD UNLIGHTED,CLEAR,DRY
6836 ,34340822,MONROE,Irondequoit,,,Y,43.196137,-77.6001439,06/15/2012,11:06 AM,PROPERTY DAMAGE AND INJURY,1.,0 ,2 ,COLLISION WITH MOTOR VEHICLE,UNKNOWN,TRAFFIC SIGNAL,DAYLIGHT,CLEAR,DRY
6836 ,34340823,MONROE,Irondequoit,,,Y,43.188262,-77.557697,06/21/2012,6:15 PM,INJURY,1.,0 ,2 ,COLLISION WITH MOTOR VEHICLE,REAR END,NONE,DAYLIGHT,CLEAR,DRY
6836 ,34340826,MONROE,Brighton,,96 43051087,N,43.126935,-77.5278024,06/22/2012,10:12 AM,INJURY,1.,0 ,2 ,COLLISION WITH MOTOR VEHICLE,REAR END,NONE,DAYLIGHT,CLEAR,DRY
6836 ,34340835,MONROE,Rochester,,,Y,43.186405,-77.616334,06/19/2012,4:18 PM,INJURY,1.,0 ,1 ,COLLISION WITH PEDESTRIAN,OTHER,NONE,DAYLIGHT,CLEAR,DRY
6836 ,34340837,MONROE,Rochester,,,Y,43.180346,-77.587878,06/20/2012,3:33 PM,INJURY,1.,0 ,2 ,COLLISION WITH MOTOR VEHICLE,RIGHT ANGLE,NONE,DAYLIGHT,CLEAR,DRY
6836 ,34340840,MONROE,Rochester,,,Y,43.125203,-77.604308,06/22/2012,6:40 PM,PROPERTY DAMAGE AND INJURY,2.,0 ,3 ,COLLISION WITH MOTOR VEHICLE,OTHER,STOP SIGN,DAYLIGHT,CLEAR,DRY
6836 ,34341283,MONROE,Rochester,,490I43022007,N,43.1571682,-77.6588445,06/22/2012,9:15 AM,INJURY,2.,0 ,2 ,COLLISION WITH MOTOR VEHICLE,REAR END,YIELD SIGN,DAYLIGHT,CLOUDY,DRY
6836 ,34341436,MONROE,Ogden,,31 43031124,Y,43.18143,-77.796343,06/23/2012,3:20 PM,PROPERTY DAMAGE AND INJURY,2.,0 ,2 ,COLLISION WITH MOTOR VEHICLE,REAR END,NO PASSING ZONE,DAYLIGHT,CLEAR,DRY
6836 ,34341438,MONROE,Rochester,,,N,43.1431387,-77.5482187,12/03/2011,8:20 AM,PROPERTY DAMAGE AND INJURY,1.,0 ,1 ,COLLISION WITH GUIDERAIL - END,OTHER,NONE,DAYLIGHT,CLEAR,DRY
6836 ,34341444,MONROE,Wheatland,,,Y,43.021645,-77.860335,06/21/2012,6:17 PM,PROPERTY DAMAGE AND INJURY,1.,0 ,1 ,OTHER NON-COLLISION,OTHER,NONE,DAYLIGHT,CLEAR,DRY
6836 ,34341448,MONROE,Henrietta,,,Y,43.079386,-77.6874221,06/21/2012,5:45 PM,INJURY,1.,0 ,1 ,COLLISION WITH BICYCLIST,OTHER,NONE,DAYLIGHT,CLEAR,DRY
6836 ,34341454,MONROE,Pittsford,,65 43031109,Y,43.084928,-77.542881,06/22/2012,10:30 PM,INJURY,1.,0 ,2 ,COLLISION WITH MOTOR VEHICLE,REAR END,TRAFFIC SIGNAL,DARK-ROAD LIGHTED,CLOUDY,DRY
6836 ,34341456,MONROE,Henrietta,,252 43011060,N,43.0928103,-77.6540944,06/22/2012,1:24 PM,PROPERTY DAMAGE AND INJURY,2.,0 ,4 ,COLLISION WITH MOTOR VEHICLE,OTHER,NONE,DAYLIGHT,CLOUDY,DRY
6836 ,34341458,MONROE,Rush,,15A43041046,N,42.9918864,-77.6449103,06/21/2012,6:47 PM,PROPERTY DAMAGE AND INJURY,2.,0 ,2 ,COLLISION WITH MOTOR VEHICLE,REAR END,NONE,DAYLIGHT,CLEAR,DRY
6836 ,34341460,MONROE,Perinton,,96 43051008,N,43.0400832,-77.4591578,06/18/2012,7:32 PM,PROPERTY DAMAGE AND INJURY,2.,0 ,3 ,COLLISION WITH MOTOR VEHICLE,OTHER,NONE,DAYLIGHT,CLEAR,DRY
6836 ,34341462,MONROE,Wheatland,,,Y,43.021645,-77.860335,06/22/2012,6:17 PM,INJURY,1.,0 ,1 ,OVERTURNED,OTHER,NONE,DAYLIGHT,CLEAR,DRY
6836 ,34341463,MONROE,Penfield,,,Y,43.133148,-77.492277,06/20/2012,6:50 AM,PROPERTY DAMAGE AND INJURY,1.,0 ,2 ,COLLISION WITH MOTOR VEHICLE,RIGHT ANGLE,TRAFFIC SIGNAL,DAYLIGHT,CLEAR,DRY
6836 ,34341468,MONROE,Irondequoit,,,N,43.200145,-77.5499159,06/20/2012,7:45 AM,PROPERTY DAMAGE AND INJURY,1.,0 ,2 ,COLLISION WITH MOTOR VEHICLE,OVERTAKING,NONE,DAYLIGHT,CLEAR,DRY
6836 ,34341472,MONROE,Penfield,,286 43011008,N,43.1574009,-77.5266908,06/23/2012,3:34 PM,PROPERTY DAMAGE AND INJURY,1.,0 ,2 ,COLLISION WITH MOTOR VEHICLE,RIGHT ANGLE,TRAFFIC SIGNAL,DAYLIGHT,CLEAR,DRY
6836 ,34341473,MONROE,Penfield,,,N,43.1666051,-77.4900343,06/16/2012,11:40 AM,INJURY,1.,0 ,1 ,COLLISION WITH PEDESTRIAN,OTHER,NONE,DAYLIGHT,CLEAR,DRY
6836 ,34341475,MONROE,Perinton,,250 43011037,N,43.0883356,-77.442073,06/22/2012,3:30 PM,INJURY,2.,0 ,2 ,COLLISION WITH MOTOR VEHICLE,REAR END,NONE,DAYLIGHT,CLEAR,DRY
6836 ,34341477,MONROE,Penfield,,104 43035058,N,43.1918134,-77.5028803,06/23/2012,11:20 AM,PROPERTY DAMAGE AND INJURY,1.,0 ,2 ,COLLISION WITH MOTOR VEHICLE,REAR END,TRAFFIC SIGNAL,DAYLIGHT,CLEAR,DRY
6836 ,34342321,MONROE,Rochester,,,Y,43.161033,-77.6466501,04/29/2012,11:32 AM,INJURY,1.,0 ,1 ,COLLISION WITH PEDESTRIAN,OTHER,NONE,DAYLIGHT,CLEAR,DRY
6836 ,34343017,MONROE,Gates,,,N,43.1550676,-77.7185505,06/25/2012,12:03 AM,INJURY,1.,0 ,1 ,COLLISION WITH DEER,OTHER,NONE,DARK-ROAD LIGHTED,CLOUDY,WET
6836 ,34343021,MONROE,Clarkson,,104 43031051,N,43.2286366,-77.9033023,06/24/2012,12:30 AM,PROPERTY DAMAGE AND INJURY,1.,0 ,1 ,COLLISION WITH OTHER FIXED OBJECT,OTHER,NONE,DARK-ROAD UNLIGHTED,CLEAR,DRY
6836 ,34343025,MONROE,Henrietta,,390 43011118,N,43.0871718,-77.6049519,06/18/2012,3:06 PM,INJURY,1.,0 ,2 ,COLLISION WITH MOTOR VEHICLE,REAR END,TRAFFIC SIGNAL,DAYLIGHT,CLEAR,DRY
6836 ,34343026,MONROE,Irondequoit,,,N,43.2423632,-77.5988262,06/24/2012,3:20 PM,INJURY,1.,0 ,1 ,COLLISION WITH PEDESTRIAN,OTHER,NONE,DAYLIGHT,CLOUDY,DRY
6836 ,34343031,MONROE,Gates,,940L43011023,Y,43.164886,-77.6911321,06/24/2012,8:16 PM,PROPERTY DAMAGE AND INJURY,3.,0 ,2 ,COLLISION WITH MOTOR VEHICLE,RIGHT ANGLE,TRAFFIC SIGNAL,DUSK,CLOUDY,DRY
6836 ,34343252,MONROE,Greece,,,N,43.2136257,-77.6776036,06/23/2012,6:15 PM,PROPERTY DAMAGE AND INJURY,1.,0 ,2 ,COLLISION WITH MOTOR VEHICLE,REAR END,NONE,DAYLIGHT,CLEAR,DRY
6836 ,34343656,MONROE,Ogden,,36 43031136,N,43.1639004,-77.8555194,06/25/2012,5:15 PM,PROPERTY DAMAGE AND INJURY,2.,0 ,2 ,COLLISION WITH MOTOR VEHICLE,RIGHT ANGLE,STOP SIGN,DAYLIGHT,CLEAR,DRY
6836 ,34343662,MONROE,Penfield,,286 43011024,N,43.1536649,-77.4945442,06/23/2012,7:01 PM,PROPERTY DAMAGE AND INJURY,2.,0 ,2 ,COLLISION WITH MOTOR VEHICLE,LEFT TURN (AGAINST OTHER CAR),TRAFFIC SIGNAL,DAYLIGHT,CLEAR,DRY
6836 ,34343681,MONROE,Penfield,,,N,43.1967591,-77.5088151,06/23/2012,5:00 PM,PROPERTY DAMAGE AND INJURY,1.,0 ,2 ,COLLISION WITH MOTOR VEHICLE,REAR END,NO PASSING ZONE,DAYLIGHT,CLEAR,DRY
6836 ,34343683,MONROE,Penfield,,,Y,43.152559,-77.412436,06/23/2012,3:22 PM,PROPERTY DAMAGE AND INJURY,1.,0 ,2 ,COLLISION WITH MOTOR VEHICLE,RIGHT ANGLE,STOP SIGN,DAYLIGHT,CLEAR,DRY
6836 ,34343692,MONROE,Perinton,,,Y,43.102609,-77.4809221,06/22/2012,12:25 PM,PROPERTY DAMAGE AND INJURY,2.,0 ,2 ,COLLISION WITH MOTOR VEHICLE,LEFT TURN (AGAINST OTHER CAR),TRAFFIC SIGNAL,DAYLIGHT,CLEAR,DRY
6836 ,34343703,MONROE,Gates,,,N,43.1616877,-77.7115394,06/24/2012,1:29 AM,PROPERTY DAMAGE AND INJURY,1.,0 ,3 ,COLLISION WITH MOTOR VEHICLE,OTHER,NONE,DARK-ROAD UNLIGHTED,CLEAR,DRY
6836 ,34344018,MONROE,Rochester,,490I43022030,N,43.1524647,-77.6170001,06/25/2012,5:41 PM,INJURY,1.,0 ,3 ,COLLISION WITH MOTOR VEHICLE,OTHER,NONE,DAYLIGHT,CLEAR,DRY
6836 ,34344154,MONROE,Greece,,,N,43.2421227,-77.6468387,06/24/2012,3:24 PM,PROPERTY DAMAGE AND INJURY,1.,0 ,2 ,COLLISION WITH MOTOR VEHICLE,LEFT TURN (WITH OTHER CAR),TRAFFIC SIGNAL,DAYLIGHT,CLOUDY,DRY
6836 ,34344159,MONROE,Greece,,18 43031183,N,43.2529682,-77.6905215,06/24/2012,1:25 PM,PROPERTY DAMAGE AND INJURY,1.,0 ,2 ,COLLISION WITH MOTOR VEHICLE,REAR END,NONE,DAYLIGHT,CLOUDY,DRY
6836 ,34344164,MONROE,Greece,,104 43031169,N,43.205948,-77.6718329,06/20/2012,10:19 PM,INJURY,2.,0 ,2 ,COLLISION WITH MOTOR VEHICLE,REAR END,TRAFFIC SIGNAL,DARK-ROAD LIGHTED,CLOUDY,DRY
6836 ,34344474,MONROE,Pittsford,,,Y,43.087326,-77.527893,04/14/2012,12:00 AM,INJURY,1.,0 ,2 ,COLLISION WITH MOTOR VEHICLE,UNKNOWN,UNKNOWN,UNKNOWN,UNKNOWN,UNKNOWN
6836 ,34344539,MONROE,Rochester,,,Y,43.193911,-77.658656,03/12/2012,12:00 AM,INJURY,1.,0 ,1 ,COLLISION WITH BICYCLIST,OTHER,UNKNOWN,UNKNOWN,UNKNOWN,UNKNOWN
6836 ,34344611,MONROE,Greece,,,Y,43.219692,-77.71659,05/22/2012,9:00 PM,PROPERTY DAMAGE AND INJURY,1.,0 ,2 ,COLLISION WITH MOTOR VEHICLE,REAR END,NONE,DARK-ROAD UNLIGHTED,CLOUDY,DRY
6836 ,34345084,MONROE,Henrietta,,,Y,43.0947577,-77.6135188,06/25/2012,12:01 PM,INJURY,1.,0 ,2 ,COLLISION WITH MOTOR VEHICLE,REAR END,TRAFFIC SIGNAL,DAYLIGHT,CLEAR,DRY
6836 ,34345087,MONROE,Perinton,,31 43033089,N,43.0686879,-77.4344711,06/25/2012,4:51 PM,PROPERTY DAMAGE AND INJURY,1.,0 ,2 ,COLLISION WITH MOTOR VEHICLE,RIGHT ANGLE,STOP SIGN,DAYLIGHT,CLOUDY,DRY
6836 ,34345093,MONROE,Perinton,,,Y,43.112257,-77.422819,06/25/2012,4:06 PM,PROPERTY DAMAGE AND INJURY,1.,0 ,1 ,COLL. W/LIGHT SUPPORT/UTILITY POLE,OTHER,NONE,DAYLIGHT,CLOUDY,DRY
6836 ,34345096,MONROE,Perinton,,96 43052036,Y,43.039585,-77.458118,06/25/2012,6:30 PM,INJURY,1.,0 ,2 ,COLLISION WITH MOTOR VEHICLE,REAR END,TRAFFIC SIGNAL,DAYLIGHT,CLOUDY,DRY
6836 ,34345110,MONROE,Gates,,,Y,43.160399,-77.706427,06/22/2012,5:15 PM,PROPERTY DAMAGE AND INJURY,1.,0 ,2 ,COLLISION WITH MOTOR VEHICLE,RIGHT TURN (AGAINST OTHER CAR),STOP SIGN,DAYLIGHT,CLEAR,DRY
6836 ,34345115,MONROE,Rochester,,,N,43.155249,-77.6441384,06/22/2012,9:15 PM,INJURY,1.,0 ,1 ,COLLISION WITH PEDESTRIAN,OTHER,NONE,DARK-ROAD LIGHTED,CLEAR,DRY
6836 ,34345119,MONROE,Rochester,,,Y,43.161757,-77.608303,06/21/2012,7:13 AM,PROPERTY DAMAGE AND INJURY,1.,0 ,2 ,COLLISION WITH MOTOR VEHICLE,LEFT TURN (WITH OTHER CAR),TRAFFIC SIGNAL,DAYLIGHT,CLEAR,DRY
6836 ,34345122,MONROE,Rochester,,,Y,43.174563,-77.599134,06/24/2012,3:53 PM,PROPERTY DAMAGE AND INJURY,1.,0 ,2 ,COLLISION WITH MOTOR VEHICLE,OVERTAKING,NONE,DAYLIGHT,RAIN,WET
6836 ,34345129,MONROE,Rochester,,,N,43.1695898,-77.5795149,06/20/2012,5:31 PM,INJURY,1.,0 ,1 ,COLLISION WITH PEDESTRIAN,OTHER,NONE,DAYLIGHT,CLEAR,DRY
6836 ,34345132,MONROE,Rochester,,,N,43.1449671,-77.6520046,06/22/2012,3:08 PM,INJURY,2.,0 ,2 ,COLLISION WITH MOTOR VEHICLE,OVERTAKING,NONE,DAYLIGHT,CLEAR,DRY
6836 ,34345138,MONROE,Rochester,,,Y,43.142007,-77.604381,06/17/2012,12:42 AM,INJURY,1.,0 ,1 ,COLLISION WITH PEDESTRIAN,OTHER,NONE,DARK-ROAD LIGHTED,CLEAR,DRY
6836 ,34345146,MONROE,Rochester,,,N,43.1535553,-77.6075706,06/22/2012,3:17 PM,INJURY,1.,0 ,2 ,COLLISION WITH MOTOR VEHICLE,OVERTAKING,NONE,DAYLIGHT,CLEAR,DRY
6836 ,34345156,MONROE,Rochester,,,Y,43.164863,-77.595562,06/21/2012,1:07 PM,PROPERTY DAMAGE AND INJURY,1.,0 ,2 ,COLLISION WITH MOTOR VEHICLE,RIGHT ANGLE,STOP SIGN,DAYLIGHT,CLEAR,DRY
6836 ,34345157,MONROE,Rochester,,,Y,43.16803,-77.641373,06/24/2012,11:35 AM,INJURY,2.,0 ,2 ,COLLISION WITH MOTOR VEHICLE,RIGHT ANGLE,NONE,DAYLIGHT,CLOUDY,DRY
6836 ,34345158,MONROE,Rochester,,,Y,43.174915,-77.6132469,06/20/2012,7:23 AM,INJURY,1.,0 ,1 ,COLLISION WITH PEDESTRIAN,OTHER,TRAFFIC SIGNAL,DAYLIGHT,CLOUDY,DRY
6836 ,34345162,MONROE,Rochester,,,Y,43.139879,-77.6289479,06/24/2012,1:33 AM,PROPERTY DAMAGE AND INJURY,1.,0 ,2 ,COLLISION WITH MOTOR VEHICLE,RIGHT ANGLE,STOP SIGN,DARK-ROAD LIGHTED,CLEAR,DRY
6836 ,34345165,MONROE,Rochester,,,Y,43.180908,-77.644528,06/20/2012,4:31 PM,INJURY,1.,0 ,1 ,COLLISION WITH BICYCLIST,OTHER,STOP SIGN,DAYLIGHT,CLEAR,DRY
6836 ,34345177,MONROE,Rochester,,,N,43.1939006,-77.6561015,06/21/2012,5:15 PM,PROPERTY DAMAGE AND INJURY,1.,0 ,2 ,COLLISION WITH MOTOR VEHICLE,REAR END,NONE,DAYLIGHT,CLEAR,DRY
6836 ,34345339,MONROE,Rochester,,490I43022066,N,43.1444144,-77.5532184,06/23/2012,9:02 AM,PROPERTY DAMAGE AND INJURY,1.,0 ,1 ,RAN OFF ROAD ONLY,OTHER,NONE,DAYLIGHT,CLEAR,DRY
6836 ,34345340,MONROE,Rochester,,490I43022058,N,43.1434439,-77.5694695,06/24/2012,1:37 AM,PROPERTY DAMAGE AND INJURY,1.,0 ,1 ,COLLISION WITH TREE,OTHER,NONE,DARK-ROAD LIGHTED,CLOUDY,DRY
6836 ,34345560,MONROE,Rochester,,,Y,43.193912,-77.6598301,03/27/2012,5:15 PM,PROPERTY DAMAGE AND INJURY,1.,0 ,2 ,COLLISION WITH MOTOR VEHICLE,UNKNOWN,UNKNOWN,DAYLIGHT,CLEAR,DRY
6836 ,34345636,MONROE,Greece,,18 43031230,Y,43.218827,-77.641277,04/21/2012,11:47 AM,INJURY,1.,0 ,1 ,COLLISION WITH PEDESTRIAN,OTHER,NONE,DAYLIGHT,RAIN,WET
6836 ,34346492,MONROE,Ogden,,,Y,43.193546,-77.773358,06/26/2012,8:30 PM,PROPERTY DAMAGE AND INJURY,1.,0 ,3 ,COLLISION WITH MOTOR VEHICLE,OTHER,STOP SIGN,DAYLIGHT,CLEAR,DRY
6836 ,34346495,MONROE,Chili,,383 43011156,N,43.1222942,-77.6476163,06/26/2012,7:14 PM,PROPERTY DAMAGE AND INJURY,1.,0 ,2 ,COLLISION WITH MOTOR VEHICLE,LEFT TURN (AGAINST OTHER CAR),TRAFFIC SIGNAL,DAYLIGHT,CLEAR,DRY
6836 ,34346499,MONROE,Parma,,,N,43.3319933,-77.7930683,06/24/2012,1:19 PM,INJURY,1.,0 ,2 ,COLLISION WITH MOTOR VEHICLE,RIGHT ANGLE,STOP SIGN,DAYLIGHT,CLOUDY,DRY
6836 ,34346502,MONROE,Scottsville,,,N,43.0282396,-77.7492065,06/20/2012,10:33 PM,INJURY,1.,0 ,2 ,COLLISION WITH MOTOR VEHICLE,REAR END,NONE,DARK-ROAD LIGHTED,CLEAR,DRY
6836 ,34346504,MONROE,Gates,,390 43011009,N,43.1712342,-77.6833113,06/26/2012,8:25 AM,INJURY,1.,0 ,2 ,COLLISION WITH MOTOR VEHICLE,REAR END,NONE,DAYLIGHT,CLEAR,DRY
6836 ,34346508,MONROE,Clarkson,,,N,43.2840624,-77.8470737,06/26/2012,7:58 PM,INJURY,1.,0 ,1 ,COLLISION WITH DEER,OTHER,NONE,DAYLIGHT,CLEAR,DRY
6836 ,34346511,MONROE,Irondequoit,,,N,43.2110605,-77.5849858,06/21/2012,7:00 PM,INJURY,1.,0 ,3 ,COLLISION WITH MOTOR VEHICLE,OTHER,TRAFFIC SIGNAL,DAYLIGHT,CLEAR,DRY
6836 ,34346513,MONROE,Gates,,,N,43.1643376,-77.6911472,06/27/2012,5:32 PM,INJURY,3.,0 ,2 ,COLLISION WITH MOTOR VEHICLE,REAR END,TRAFFIC SIGNAL,DAYLIGHT,CLOUDY,DRY
6836 ,34346515,MONROE,Gates,,,N,43.1498912,-77.6915259,06/27/2012,4:51 PM,INJURY,2.,0 ,3 ,COLLISION WITH MOTOR VEHICLE,OTHER,NONE,DAYLIGHT,CLEAR,DRY
6836 ,34346519,MONROE,Rochester,,,Y,43.149642,-77.599106,06/25/2012,5:37 PM,INJURY,1.,0 ,1 ,COLLISION WITH BICYCLIST,OTHER,STOP SIGN,DAYLIGHT,CLEAR,DRY
6836 ,34346520,MONROE,Rochester,,,Y,43.150263,-77.636096,06/27/2012,11:12 PM,INJURY,2.,0 ,2 ,COLLISION WITH MOTOR VEHICLE,RIGHT TURN (WITH OTHER CAR),TRAFFIC SIGNAL,DARK-ROAD LIGHTED,CLEAR,DRY
6836 ,34346521,MONROE,Rochester,,,N,43.1392239,-77.6360087,06/25/2012,10:36 AM,PROPERTY DAMAGE AND INJURY,1.,0 ,2 ,COLLISION WITH MOTOR VEHICLE,LEFT TURN (AGAINST OTHER CAR),NONE,DAYLIGHT,CLEAR,DRY
6836 ,34346526,MONROE,Rochester,,104 43032012,Y,43.199938,-77.63755,06/20/2012,11:55 AM,PROPERTY DAMAGE AND INJURY,2.,0 ,2 ,COLLISION WITH MOTOR VEHICLE,LEFT TURN (AGAINST OTHER CAR),NONE,DAYLIGHT,CLEAR,DRY
6836 ,34346528,MONROE,Rochester,,,Y,43.163556,-77.582788,06/19/2012,4:34 PM,INJURY,1.,0 ,1 ,COLLISION WITH MOTOR VEHICLE,OTHER,NONE,DAYLIGHT,CLEAR,DRY
6836 ,34346679,MONROE,Rochester,,590 43011011,N,43.1579183,-77.5389146,06/27/2012,2:52 PM,PROPERTY DAMAGE AND INJURY,1.,0 ,2 ,COLLISION WITH MOTOR VEHICLE,REAR END,NONE,DAYLIGHT,CLOUDY,DRY
6836 ,34346777,MONROE,Greece,,,Y,43.207118,-77.679265,06/26/2012,5:08 PM,INJURY,1.,0 ,1 ,COLLISION WITH BICYCLIST,OTHER,TRAFFIC SIGNAL,DAYLIGHT,CLEAR,DRY
6836 ,34346778,MONROE,Greece,,,N,43.1908097,-77.7014745,06/27/2012,11:47 AM,INJURY,1.,0 ,2 ,COLLISION WITH MOTOR VEHICLE,REAR END,TRAFFIC SIGNAL,DAYLIGHT,CLOUDY,DRY
6836 ,34347356,MONROE,Gates,,,N,43.178527,-77.6841979,06/27/2012,10:07 PM,FATAL,0.,1 ,1 ,COLL. W/EARTH ELE./ROCK CUT/DITCH,OTHER,NONE,DARK-ROAD LIGHTED,CLEAR,DRY
6836 ,34347759,MONROE,Henrietta,,252 43011074,N,43.08703,-77.6265973,06/27/2012,6:25 PM,INJURY,1.,0 ,1 ,COLLISION WITH BICYCLIST,OTHER,NONE,DAYLIGHT,CLEAR,DRY
6836 ,34347768,MONROE,Brighton,,,Y,43.115322,-77.596989,06/26/2012,8:15 PM,INJURY,1.,0 ,2 ,COLLISION WITH MOTOR VEHICLE,REAR END,TRAFFIC SIGNAL,DUSK,CLEAR,DRY
6836 ,34347770,MONROE,Brighton,,15A43041123,Y,43.1005,-77.614407,06/24/2012,5:42 PM,PROPERTY DAMAGE AND INJURY,1.,0 ,2 ,COLLISION WITH MOTOR VEHICLE,HEAD ON,TRAFFIC SIGNAL,DAYLIGHT,CLOUDY,DRY
6836 ,34347772,MONROE,Brighton,,15 43031123,N,43.1070537,-77.6263556,06/27/2012,5:18 PM,INJURY,1.,0 ,2 ,COLLISION WITH MOTOR VEHICLE,REAR END,NONE,DAYLIGHT,CLEAR,DRY
6836 ,34347901,MONROE,Rochester,,,Y,43.186453,-77.613791,06/26/2012,11:35 AM,PROPERTY DAMAGE AND INJURY,1.,0 ,2 ,COLLISION WITH MOTOR VEHICLE,LEFT TURN (AGAINST OTHER CAR),TRAFFIC SIGNAL,DAYLIGHT,CLEAR,DRY
6836 ,34347902,MONROE,Rochester,,,N,43.143136,-77.575276,06/28/2012,5:09 PM,INJURY,2.,0 ,2 ,COLLISION WITH MOTOR VEHICLE,RIGHT ANGLE,TRAFFIC SIGNAL,DAYLIGHT,CLEAR,DRY
6836 ,34347903,MONROE,Rochester,,,Y,43.15599,-77.581982,06/27/2012,2:45 PM,PROPERTY DAMAGE AND INJURY,1.,0 ,2 ,COLLISION WITH MOTOR VEHICLE,REAR END,STOP SIGN,DAYLIGHT,CLEAR,DRY
6836 ,34347909,MONROE,Rochester,,,Y,43.159828,-77.594332,06/21/2012,3:32 PM,INJURY,1.,0 ,2 ,COLLISION WITH MOTOR VEHICLE,REAR END,TRAFFIC SIGNAL,DAYLIGHT,CLEAR,DRY
6836 ,34347913,MONROE,Rochester,,,Y,43.142714,-77.619199,06/28/2012,2:29 PM,PROPERTY DAMAGE AND INJURY,1.,0 ,2 ,COLLISION WITH MOTOR VEHICLE,LEFT TURN (AGAINST OTHER CAR),NONE,DAYLIGHT,CLEAR,DRY
6836 ,34347916,MONROE,Rochester,,,Y,43.149997,-77.637529,06/13/2012,10:32 PM,PROPERTY DAMAGE AND INJURY,1.,0 ,2 ,COLLISION WITH MOTOR VEHICLE,RIGHT ANGLE,TRAFFIC SIGNAL,DARK-ROAD LIGHTED,CLEAR,DRY
6836 ,34347917,MONROE,Rochester,,,N,43.1486972,-77.5798337,06/27/2012,1:54 PM,INJURY,1.,0 ,1 ,COLLISION WITH BICYCLIST,OTHER,NONE,DAYLIGHT,CLEAR,DRY
6836 ,34348147,MONROE,Henrietta,,,N,43.088038,-77.63631,03/18/2012,12:00 AM,INJURY,1.,0 ,2 ,COLLISION WITH MOTOR VEHICLE,REAR END,UNKNOWN,UNKNOWN,UNKNOWN,UNKNOWN
6836 ,34348850,MONROE,Rochester,,,N,43.1926985,-77.638873,06/26/2012,5:40 PM,INJURY,1.,0 ,2 ,COLLISION WITH MOTOR VEHICLE,RIGHT ANGLE,TRAFFIC SIGNAL,DAYLIGHT,CLEAR,DRY
6836 ,34348855,MONROE,Rochester,,,Y,43.179312,-77.6394599,06/28/2012,5:05 PM,PROPERTY DAMAGE AND INJURY,1.,0 ,2 ,COLLISION WITH MOTOR VEHICLE,LEFT TURN (AGAINST OTHER CAR),TRAFFIC SIGNAL,DAYLIGHT,CLEAR,DRY
6836 ,34348856,MONROE,Rochester,,,Y,43.149997,-77.637165,06/30/2012,3:27 AM,INJURY,1.,0 ,1 ,COLLISION WITH MOTOR VEHICLE,OTHER,TRAFFIC SIGNAL,DARK-ROAD LIGHTED,CLEAR,DRY
6836 ,34348860,MONROE,Rochester,,,N,43.1607218,-77.6008938,07/01/2012,12:04 AM,INJURY,1.,0 ,1 ,COLLISION WITH PEDESTRIAN,OTHER,NONE,DARK-ROAD LIGHTED,CLEAR,DRY
6836 ,34348864,MONROE,Rochester,,,Y,43.174771,-77.6176919,06/19/2012,8:24 PM,INJURY,1.,0 ,1 ,OTHER NON-COLLISION,OTHER,STOP SIGN,DUSK,CLEAR,DRY
6836 ,34348871,MONROE,Rochester,,,N,43.1404722,-77.6186483,06/26/2012,1:29 PM,PROPERTY DAMAGE AND INJURY,2.,0 ,2 ,COLLISION WITH MOTOR VEHICLE,LEFT TURN (AGAINST OTHER CAR),NONE,DAYLIGHT,CLEAR,DRY
6836 ,34348873,MONROE,Rochester,,,Y,43.169005,-77.644542,06/27/2012,4:30 PM,INJURY,1.,0 ,1 ,COLLISION WITH BICYCLIST,OTHER,NONE,DAYLIGHT,CLEAR,DRY
6836 ,34348879,MONROE,Rochester,,,Y,43.194691,-77.628791,06/29/2012,1:40 PM,PROPERTY DAMAGE AND INJURY,1.,0 ,2 ,COLLISION WITH MOTOR VEHICLE,REAR END,TRAFFIC SIGNAL,DAYLIGHT,CLEAR,DRY