QUERYID,CASE #,REGN_CNTY_CDE,Municipality,MUNITYPE,REF_MRKR,ATINTERSECTION_IND,Lat,Long,,Time,Crash Type,Injuries,Fatalities,Number of Vehicles,ACCD_TYP,COLLISION_TYP,TRAF_CNTL,Light Condition,Weather Condition,Road Surface Condition
6836 ,34348881,MONROE,Rochester,,,N,43.1472932,-77.6122339,06/21/2012,11:25 PM,PROPERTY DAMAGE AND INJURY,1.,0 ,1 ,COLLISION WITH TREE,OTHER,NONE,DARK-ROAD LIGHTED,CLEAR,DRY
6836 ,34349143,MONROE,Ogden,,,N,43.1882291,-77.854165,06/28/2012,8:13 PM,INJURY,1.,0 ,1 ,OTHER NON-COLLISION,OTHER,TRAFFIC SIGNAL,DAYLIGHT,CLEAR,DRY
6836 ,34349167,MONROE,Perinton,,,N,43.0785753,-77.4321159,06/27/2012,1:54 PM,PROPERTY DAMAGE AND INJURY,2.,0 ,2 ,COLLISION WITH MOTOR VEHICLE,REAR END,TRAFFIC SIGNAL,DAYLIGHT,CLEAR,DRY
6836 ,34349346,MONROE,Greece,,,Y,43.207118,-77.679265,06/27/2012,5:49 PM,PROPERTY DAMAGE AND INJURY,2.,0 ,2 ,COLLISION WITH MOTOR VEHICLE,REAR END,TRAFFIC SIGNAL,DAYLIGHT,CLEAR,DRY
6836 ,34349361,MONROE,Greece,,,Y,43.231556,-77.7257269,06/28/2012,4:47 PM,PROPERTY DAMAGE AND INJURY,1.,0 ,2 ,COLLISION WITH MOTOR VEHICLE,REAR END,NONE,DAYLIGHT,CLEAR,DRY
6836 ,34349362,MONROE,Greece,,,Y,43.252904,-77.671849,06/28/2012,6:00 PM,PROPERTY DAMAGE AND INJURY,2.,0 ,2 ,COLLISION WITH MOTOR VEHICLE,REAR END,NONE,DAYLIGHT,CLEAR,DRY
6836 ,34349759,MONROE,Webster,,,N,43.2198992,-77.5129838,06/28/2012,2:41 PM,PROPERTY DAMAGE AND INJURY,1.,0 ,1 ,COLLISION WITH OTHER FIXED OBJECT,OTHER,NONE,DAYLIGHT,CLEAR,DRY
6836 ,34349764,MONROE,Pittsford,,490I43021021,N,43.1224248,-77.5209327,06/24/2012,7:29 PM,PROPERTY DAMAGE AND INJURY,2.,0 ,1 ,COLLISION WITH OTHER BARRIER,OTHER,NONE,DAYLIGHT,CLOUDY,DRY
6836 ,34349766,MONROE,Pittsford,,31 43033032,Y,43.100487,-77.535474,06/14/2012,11:37 AM,PROPERTY DAMAGE AND INJURY,1.,0 ,2 ,COLLISION WITH MOTOR VEHICLE,LEFT TURN (AGAINST OTHER CAR),TRAFFIC SIGNAL,DAYLIGHT,CLEAR,DRY
6836 ,34349778,MONROE,Pittsford,,64 43021083,N,43.0597584,-77.5195678,06/26/2012,12:19 PM,PROPERTY DAMAGE AND INJURY,1.,0 ,2 ,COLLISION WITH MOTOR VEHICLE,SIDESWIPE,NONE,DAYLIGHT,CLEAR,DRY
6836 ,34349798,MONROE,Brighton,,590I43011025,N,43.1083466,-77.5622117,06/28/2012,6:01 PM,INJURY,1.,0 ,2 ,COLLISION WITH MOTOR VEHICLE,REAR END,NONE,DAYLIGHT,CLEAR,DRY
6836 ,34349817,MONROE,Perinton,,,N,43.0544769,-77.4320821,06/27/2012,10:56 AM,PROPERTY DAMAGE AND INJURY,1.,0 ,2 ,COLLISION WITH MOTOR VEHICLE,REAR END,NONE,DAYLIGHT,CLEAR,DRY
6836 ,34350216,MONROE,Rochester,,,N,43.1493411,-77.5973888,06/27/2012,10:57 AM,INJURY,1.,0 ,2 ,COLLISION WITH MOTOR VEHICLE,LEFT TURN (AGAINST OTHER CAR),NONE,DAYLIGHT,CLEAR,DRY
6836 ,34350218,MONROE,Rochester,,,N,43.1472149,-77.6558043,07/01/2012,3:01 AM,PROPERTY DAMAGE AND INJURY,1.,0 ,2 ,COLLISION WITH MOTOR VEHICLE,OVERTAKING,NONE,DARK-ROAD LIGHTED,CLEAR,DRY
6836 ,34350468,MONROE,Greece,,104 43031158,N,43.2096593,-77.6947307,06/25/2012,4:21 AM,PROPERTY DAMAGE AND INJURY,1.,0 ,2 ,COLLISION WITH MOTOR VEHICLE,RIGHT ANGLE,TRAFFIC SIGNAL,DARK-ROAD LIGHTED,RAIN,WET
6836 ,34351148,MONROE,Henrietta,,,Y,43.086575,-77.656995,07/03/2012,9:43 AM,PROPERTY DAMAGE AND INJURY,1.,0 ,2 ,COLLISION WITH MOTOR VEHICLE,RIGHT ANGLE,TRAFFIC SIGNAL,DAYLIGHT,CLEAR,DRY
6836 ,34351150,MONROE,Chili,,,N,43.10242,-77.7557707,07/02/2012,9:32 PM,INJURY,1.,0 ,1 ,COLLISION WITH OTHER FIXED OBJECT,OTHER,NONE,DARK-ROAD LIGHTED,CLEAR,DRY
6836 ,34351283,MONROE,Rochester,,,Y,43.181109,-77.587349,07/02/2012,5:42 PM,PROPERTY DAMAGE AND INJURY,1.,0 ,2 ,COLLISION WITH MOTOR VEHICLE,RIGHT ANGLE,NONE,DAYLIGHT,CLEAR,DRY
6836 ,34351612,MONROE,Greece,,,N,43.2417724,-77.6293056,06/30/2012,7:15 PM,INJURY,2.,0 ,1 ,COLLISION WITH BICYCLIST,OTHER,NONE,DAYLIGHT,CLEAR,DRY
6836 ,34351622,MONROE,Greece,,,Y,43.231065,-77.6851889,07/02/2012,5:35 PM,INJURY,1.,0 ,1 ,COLLISION WITH BICYCLIST,OTHER,NONE,DAYLIGHT,CLEAR,DRY
6836 ,34351737,MONROE,Rochester,,,Y,43.1316805,-77.6509254,06/30/2012,2:15 AM,PROPERTY DAMAGE AND INJURY,1.,0 ,2 ,COLLISION WITH MOTOR VEHICLE,REAR END,NONE,DARK-ROAD LIGHTED,CLOUDY,DRY
6836 ,34352389,MONROE,Henrietta,,,N,43.076148,-77.626828,06/26/2012,2:36 PM,PROPERTY DAMAGE AND INJURY,2.,0 ,2 ,COLLISION WITH MOTOR VEHICLE,OVERTAKING,TRAFFIC SIGNAL,DAYLIGHT,CLEAR,DRY
6836 ,34352391,MONROE,Henrietta,,15 43031079,N,43.0470745,-77.658278,07/03/2012,3:00 PM,INJURY,1.,0 ,2 ,COLLISION WITH MOTOR VEHICLE,REAR END,TRAFFIC SIGNAL,DAYLIGHT,CLOUDY,DRY
6836 ,34352392,MONROE,Clarkson,,104 43031033,N,43.2358838,-77.937416,06/28/2012,5:30 AM,INJURY,1.,0 ,1 ,COLLISION WITH DEER,OTHER,NONE,DAWN,CLOUDY,DRY
6836 ,34352393,MONROE,Chili,,,N,43.1049313,-77.7445933,06/23/2012,11:35 AM,INJURY,1.,0 ,1 ,COLLISION WITH PEDESTRIAN,OTHER,NONE,DAYLIGHT,CLEAR,DRY
6836 ,34352395,MONROE,Riga,,360 43011130,N,43.0563087,-77.8790554,07/04/2012,3:10 AM,PROPERTY DAMAGE AND INJURY,1.,0 ,1 ,COLLISION WITH DEER,OTHER,NONE,DARK-ROAD UNLIGHTED,CLEAR,DRY
6836 ,34352406,MONROE,Rochester,,96 43052019,Y,43.152369,-77.583883,07/03/2012,3:55 PM,INJURY,1.,0 ,1 ,COLLISION WITH BICYCLIST,OTHER,TRAFFIC SIGNAL,DAYLIGHT,RAIN,WET
6836 ,34353420,MONROE,Rochester,,,Y,43.177792,-77.631154,04/19/2012,12:20 PM,INJURY,1.,0 ,3 ,COLLISION WITH MOTOR VEHICLE,OTHER,NONE,DAYLIGHT,CLEAR,DRY
6836 ,34353694,MONROE,Pittsford,,,Y,43.090828,-77.515256,03/28/2012,3:50 PM,PROPERTY DAMAGE AND INJURY,1.,0 ,2 ,COLLISION WITH MOTOR VEHICLE,REAR END,UNKNOWN,UNKNOWN,UNKNOWN,UNKNOWN
6836 ,34354432,MONROE,Perinton,,,Y,43.083744,-77.420518,05/02/2012,4:35 PM,PROPERTY DAMAGE AND INJURY,1.,0 ,2 ,COLLISION WITH MOTOR VEHICLE,RIGHT ANGLE,NONE,DAYLIGHT,CLEAR,DRY
6836 ,34354980,MONROE,Webster,,,N,43.2298422,-77.5090245,07/02/2012,10:24 PM,INJURY,1.,0 ,1 ,COLLISION WITH DEER,OTHER,NONE,DARK-ROAD UNLIGHTED,CLEAR,DRY
6836 ,34354984,MONROE,Webster,,,N,43.215414,-77.446588,07/03/2012,7:58 AM,INJURY,1.,0 ,1 ,COLLISION WITH BICYCLIST,OTHER,TRAFFIC SIGNAL,DAYLIGHT,CLEAR,DRY
6836 ,34354985,MONROE,Brighton,,,N,43.1095323,-77.6192279,07/04/2012,2:26 PM,INJURY,1.,0 ,2 ,COLLISION WITH MOTOR VEHICLE,HEAD ON,NONE,DAYLIGHT,CLEAR,DRY
6836 ,34354988,MONROE,Penfield,,441 43011118,N,43.124047,-77.5033219,07/03/2012,2:30 PM,INJURY,1.,0 ,2 ,COLLISION WITH MOTOR VEHICLE,REAR END,NONE,DAYLIGHT,CLEAR,DRY
6836 ,34354990,MONROE,Irondequoit,,,Y,43.2101048,-77.5854876,07/04/2012,1:35 PM,PROPERTY DAMAGE AND INJURY,2.,0 ,3 ,COLLISION WITH MOTOR VEHICLE,OTHER,NONE,DAYLIGHT,CLEAR,DRY
6836 ,34354995,MONROE,Brighton,,,N,43.1155891,-77.5858592,07/05/2012,5:07 PM,PROPERTY DAMAGE AND INJURY,4.,0 ,3 ,COLLISION WITH MOTOR VEHICLE,OTHER,NONE,DAYLIGHT,CLEAR,DRY
6836 ,34355001,MONROE,Webster,,104 43035094,Y,43.210969,-77.439919,07/03/2012,1:12 PM,PROPERTY DAMAGE AND INJURY,1.,0 ,2 ,COLLISION WITH MOTOR VEHICLE,LEFT TURN (AGAINST OTHER CAR),NONE,DAYLIGHT,CLOUDY,DRY
6836 ,34355002,MONROE,Perinton,,31 43033075,N,43.0739205,-77.4609303,06/29/2012,9:29 PM,PROPERTY DAMAGE AND INJURY,1.,0 ,3 ,COLLISION WITH MOTOR VEHICLE,OTHER,TRAFFIC SIGNAL,DARK-ROAD UNLIGHTED,CLOUDY,DRY
6836 ,34355014,MONROE,Rochester,,,Y,43.150263,-77.636096,07/03/2012,8:10 PM,INJURY,1.,0 ,2 ,COLLISION WITH MOTOR VEHICLE,RIGHT ANGLE,TRAFFIC SIGNAL,DAYLIGHT,CLEAR,DRY
6836 ,34355015,MONROE,Rochester,,,Y,43.142216,-77.636025,07/01/2012,9:47 PM,INJURY,1.,0 ,2 ,COLLISION WITH MOTOR VEHICLE,RIGHT TURN (WITH OTHER CAR),TRAFFIC SIGNAL,DARK-ROAD LIGHTED,CLEAR,DRY
6836 ,34355018,MONROE,Henrietta,,,N,43.0679924,-77.6452703,07/04/2012,10:40 PM,PROPERTY DAMAGE AND INJURY,3.,0 ,4 ,COLLISION WITH MOTOR VEHICLE,OTHER,TRAFFIC SIGNAL,DARK-ROAD LIGHTED,CLEAR,DRY
6836 ,34355239,MONROE,Perinton,,,N,43.1100049,-77.4433754,07/03/2012,7:00 PM,INJURY,1.,0 ,1 ,COLLISION WITH PEDESTRIAN,OTHER,NONE,DAYLIGHT,CLOUDY,DRY
6836 ,34355246,MONROE,Rochester,,,N,43.188024,-77.5609698,06/28/2012,6:44 AM,PROPERTY DAMAGE AND INJURY,1.,0 ,2 ,COLLISION WITH MOTOR VEHICLE,LEFT TURN (AGAINST OTHER CAR),NONE,DAYLIGHT,CLEAR,DRY
6836 ,34355252,MONROE,Rochester,,,N,43.2323883,-77.6227473,07/04/2012,2:43 AM,PROPERTY DAMAGE AND INJURY,1.,0 ,1 ,COLLISION WITH CURBING,OTHER,NONE,DARK-ROAD LIGHTED,CLOUDY,DRY
6836 ,34355828,MONROE,Webster,,250 43011115,Y,43.199222,-77.430333,06/30/2012,3:15 PM,PROPERTY DAMAGE AND INJURY,1.,0 ,2 ,COLLISION WITH MOTOR VEHICLE,RIGHT ANGLE,TRAFFIC SIGNAL,DAYLIGHT,CLEAR,DRY
6836 ,34355829,MONROE,Ogden,,31 43031084,N,43.1886429,-77.8720716,07/05/2012,3:04 PM,INJURY,1.,0 ,1 ,RAN OFF ROAD ONLY,OTHER,NO PASSING ZONE,DAYLIGHT,CLOUDY,DRY
6836 ,34355833,MONROE,Penfield,,,N,43.181709,-77.4116974,07/05/2012,6:45 PM,PROPERTY DAMAGE AND INJURY,5.,0 ,2 ,COLLISION WITH MOTOR VEHICLE,RIGHT ANGLE,STOP SIGN,DAYLIGHT,CLEAR,DRY
6836 ,34355841,MONROE,Riga,,,N,43.0710304,-77.8841106,05/30/2012,3:07 PM,PROPERTY DAMAGE AND INJURY,2.,0 ,1 ,COLL. W/EARTH ELE./ROCK CUT/DITCH,OTHER,NONE,DAYLIGHT,CLEAR,DRY
6836 ,34355843,MONROE,Perinton,,,N,43.079124,-77.4321123,07/05/2012,3:29 PM,PROPERTY DAMAGE AND INJURY,2.,0 ,2 ,COLLISION WITH MOTOR VEHICLE,LEFT TURN (AGAINST OTHER CAR),TRAFFIC SIGNAL,DAYLIGHT,CLEAR,DRY
6836 ,34355847,MONROE,Clarkson,,,Y,43.225363,-77.89015,07/01/2012,5:19 PM,INJURY,2.,0 ,2 ,COLLISION WITH MOTOR VEHICLE,LEFT TURN (AGAINST OTHER CAR),TRAFFIC SIGNAL,DAYLIGHT,CLEAR,DRY
6836 ,34355848,MONROE,Brighton,,31 43033023,N,43.1107252,-77.5473209,06/30/2012,2:15 PM,INJURY,1.,0 ,2 ,COLLISION WITH MOTOR VEHICLE,RIGHT ANGLE,NONE,DAYLIGHT,CLEAR,DRY
6836 ,34355852,MONROE,Chili,,,Y,43.095673,-77.754233,07/04/2012,9:14 PM,INJURY,3.,0 ,1 ,COLLISION WITH PEDESTRIAN,OTHER,STOP SIGN,DARK-ROAD LIGHTED,CLEAR,DRY
6836 ,34355858,MONROE,Perinton,,31 43033104,Y,43.064485,-77.407154,06/20/2012,11:53 AM,PROPERTY DAMAGE AND INJURY,1.,0 ,2 ,COLLISION WITH MOTOR VEHICLE,RIGHT ANGLE,TRAFFIC SIGNAL,DAYLIGHT,CLEAR,DRY
6836 ,34356018,MONROE,Rochester,,96 43052001,N,43.1430752,-77.548563,06/28/2012,5:05 PM,PROPERTY DAMAGE AND INJURY,1.,0 ,1 ,COLLISION WITH OTHER BARRIER,OTHER,NONE,DAYLIGHT,CLEAR,DRY
6836 ,34357110,MONROE,Rochester,,,N,43.1561713,-77.6129278,05/23/2012,12:05 PM,PROPERTY DAMAGE AND INJURY,1.,0 ,3 ,COLLISION WITH MOTOR VEHICLE,OTHER,TRAFFIC SIGNAL,DAYLIGHT,CLEAR,DRY
6836 ,34358620,MONROE,Brighton,,31 43033009,Y,43.126453,-77.564608,07/09/2012,1:25 PM,PROPERTY DAMAGE AND INJURY,1.,0 ,2 ,COLLISION WITH MOTOR VEHICLE,RIGHT ANGLE,TRAFFIC SIGNAL,DAYLIGHT,CLEAR,DRY
6836 ,34358622,MONROE,Webster,,,Y,43.206502,-77.469621,07/06/2012,1:50 PM,PROPERTY DAMAGE AND INJURY,1.,0 ,3 ,COLLISION WITH MOTOR VEHICLE,OTHER,TRAFFIC SIGNAL,DAYLIGHT,CLEAR,DRY
6836 ,34358628,MONROE,Pittsford,,65 43031043,Y,43.057919,-77.5567719,07/07/2012,4:37 PM,PROPERTY DAMAGE AND INJURY,1.,0 ,2 ,COLLISION WITH MOTOR VEHICLE,RIGHT ANGLE,NONE,DAYLIGHT,CLOUDY,DRY
6836 ,34358636,MONROE,Perinton,,250 43011036,N,43.0867283,-77.4420861,07/03/2012,5:16 PM,PROPERTY DAMAGE AND INJURY,6.,0 ,2 ,COLLISION WITH MOTOR VEHICLE,RIGHT ANGLE,STOP SIGN,DAYLIGHT,CLEAR,DRY
6836 ,34358637,MONROE,Perinton,,,Y,43.066894,-77.4192089,07/07/2012,7:25 PM,INJURY,1.,0 ,1 ,COLLISION WITH BICYCLIST,OTHER,STOP SIGN,DAYLIGHT,CLEAR,DRY
6836 ,34358640,MONROE,Fairport,,250 43011025,Y,43.090599,-77.4420631,07/07/2012,2:50 PM,INJURY,1.,0 ,1 ,COLLISION WITH BICYCLIST,OTHER,TRAFFIC SIGNAL,DAYLIGHT,CLOUDY,DRY
6836 ,34358642,MONROE,Gates,,,Y,43.152616,-77.69101,07/09/2012,5:48 PM,PROPERTY DAMAGE AND INJURY,1.,0 ,2 ,COLLISION WITH MOTOR VEHICLE,REAR END,NONE,DAYLIGHT,CLEAR,DRY
6836 ,34358644,MONROE,Gates,,,Y,43.125541,-77.726968,07/05/2012,1:10 PM,PROPERTY DAMAGE AND INJURY,1.,0 ,2 ,COLLISION WITH MOTOR VEHICLE,REAR END,NONE,DAYLIGHT,CLEAR,DRY
6836 ,34358646,MONROE,Henrietta,,,N,43.0682567,-77.6323565,06/27/2012,10:38 PM,PROPERTY DAMAGE AND INJURY,1.,0 ,1 ,COLLISION WITH DEER,OTHER,NONE,DARK-ROAD UNLIGHTED,CLEAR,DRY
6836 ,34358648,MONROE,Irondequoit,,,Y,43.197825,-77.60024,07/08/2012,2:55 PM,INJURY,2.,0 ,2 ,COLLISION WITH MOTOR VEHICLE,RIGHT ANGLE,NONE,DAYLIGHT,CLOUDY,DRY
6836 ,34358652,MONROE,Irondequoit,,,Y,43.210599,-77.6009239,07/08/2012,7:29 PM,INJURY,2.,0 ,1 ,COLLISION WITH CURBING,OTHER,TRAFFIC SIGNAL,DAYLIGHT,CLEAR,DRY
6836 ,34358654,MONROE,Brighton,,65 43031147,Y,43.138221,-77.5404441,07/09/2012,12:49 PM,PROPERTY DAMAGE AND INJURY,2.,0 ,3 ,COLLISION WITH MOTOR VEHICLE,OTHER,TRAFFIC SIGNAL,DAYLIGHT,CLEAR,DRY
6836 ,34358659,MONROE,Rochester,,,N,43.1756836,-77.5816046,07/02/2012,8:00 AM,INJURY,1.,0 ,1 ,COLLISION WITH PEDESTRIAN,OTHER,NONE,DAYLIGHT,CLEAR,DRY
6836 ,34358664,MONROE,Rochester,,,N,43.1872026,-77.5995978,07/06/2012,1:28 PM,INJURY,1.,0 ,2 ,COLLISION WITH MOTOR VEHICLE,RIGHT ANGLE,NONE,DAYLIGHT,CLEAR,DRY
6836 ,34358669,MONROE,Rochester,,,Y,43.115304,-77.622159,07/02/2012,8:29 AM,PROPERTY DAMAGE AND INJURY,1.,0 ,1 ,COLLISION WITH TREE,OTHER,NONE,DAYLIGHT,CLEAR,DRY
6836 ,34358670,MONROE,Rochester,,,Y,43.1272967,-77.6128101,06/29/2012,10:30 AM,INJURY,1.,0 ,1 ,COLLISION WITH BICYCLIST,OTHER,NONE,DAYLIGHT,CLEAR,DRY
6836 ,34358676,MONROE,Rochester,,,N,43.1377565,-77.578218,07/10/2012,12:00 AM,INJURY,2.,0 ,2 ,COLLISION WITH MOTOR VEHICLE,LEFT TURN (AGAINST OTHER CAR),TRAFFIC SIGNAL,DARK-ROAD LIGHTED,CLEAR,DRY
6836 ,34358993,MONROE,Greece,,18 43031226,Y,43.223233,-77.641342,07/09/2012,3:09 PM,PROPERTY DAMAGE AND INJURY,1.,0 ,2 ,COLLISION WITH MOTOR VEHICLE,LEFT TURN (AGAINST OTHER CAR),TRAFFIC SIGNAL,DAYLIGHT,CLEAR,DRY
6836 ,34358995,MONROE,Greece,,,Y,43.197783,-77.7140879,07/06/2012,5:07 PM,PROPERTY DAMAGE AND INJURY,1.,0 ,2 ,COLLISION WITH MOTOR VEHICLE,LEFT TURN (WITH OTHER CAR),STOP SIGN,DAYLIGHT,CLEAR,DRY
6836 ,34358997,MONROE,Greece,,,Y,43.236608,-77.646863,07/09/2012,8:31 AM,PROPERTY DAMAGE AND INJURY,2.,0 ,2 ,COLLISION WITH MOTOR VEHICLE,OTHER,TRAFFIC SIGNAL,DAYLIGHT,CLEAR,DRY
6836 ,34359004,MONROE,Greece,,104 43031171,N,43.2056391,-77.6699168,07/10/2012,8:13 AM,PROPERTY DAMAGE AND INJURY,1.,0 ,4 ,COLLISION WITH MOTOR VEHICLE,OTHER,NONE,DAYLIGHT,CLEAR,DRY
6836 ,34359881,MONROE,Irondequoit,,,N,43.1963246,-77.5992758,07/09/2012,9:35 AM,INJURY,1.,0 ,2 ,COLLISION WITH MOTOR VEHICLE,RIGHT ANGLE,NONE,DAYLIGHT,CLEAR,DRY
6836 ,34359885,MONROE,Brighton,,,N,43.118236,-77.5563359,07/10/2012,9:13 AM,PROPERTY DAMAGE AND INJURY,1.,0 ,2 ,COLLISION WITH MOTOR VEHICLE,OTHER,NONE,DAYLIGHT,CLEAR,DRY
6836 ,34359893,MONROE,Webster,,,N,43.213737,-77.5155469,07/09/2012,9:20 AM,PROPERTY DAMAGE AND INJURY,1.,0 ,2 ,COLLISION WITH MOTOR VEHICLE,RIGHT ANGLE,TRAFFIC SIGNAL,DAYLIGHT,CLEAR,DRY
6836 ,34359894,MONROE,Webster,,,N,43.2102638,-77.4477727,07/09/2012,12:54 PM,PROPERTY DAMAGE AND INJURY,1.,0 ,2 ,COLLISION WITH MOTOR VEHICLE,RIGHT ANGLE,NONE,DAYLIGHT,CLEAR,DRY
6836 ,34359903,MONROE,Brighton,,,Y,43.111727,-77.623926,07/06/2012,5:15 PM,INJURY,1.,0 ,2 ,COLLISION WITH MOTOR VEHICLE,REAR END,TRAFFIC SIGNAL,DAYLIGHT,CLEAR,DRY
6836 ,34359912,MONROE,Rush,,15 43031024,N,42.9710941,-77.6806256,07/08/2012,4:38 PM,PROPERTY DAMAGE AND INJURY,2.,0 ,2 ,COLLISION WITH MOTOR VEHICLE,LEFT TURN (AGAINST OTHER CAR),STOP SIGN,DAYLIGHT,CLEAR,DRY
6836 ,34359914,MONROE,Henrietta,,252 43011093,N,43.0869435,-77.590612,07/02/2012,8:06 PM,PROPERTY DAMAGE AND INJURY,2.,0 ,2 ,COLLISION WITH MOTOR VEHICLE,RIGHT ANGLE,TRAFFIC SIGNAL,DAYLIGHT,CLEAR,DRY
6836 ,34359915,MONROE,Perinton,,96 43051007,Y,43.039585,-77.458118,07/09/2012,4:02 PM,INJURY,1.,0 ,2 ,COLLISION WITH MOTOR VEHICLE,REAR END,TRAFFIC SIGNAL,DAYLIGHT,CLEAR,DRY
6836 ,34359917,MONROE,Chili,,,Y,43.124784,-77.7051419,07/09/2012,5:23 PM,PROPERTY DAMAGE AND INJURY,3.,0 ,3 ,COLLISION WITH MOTOR VEHICLE,OTHER,NONE,DAYLIGHT,CLEAR,DRY
6836 ,34359918,MONROE,Perinton,,,Y,43.079124,-77.4321141,07/09/2012,5:35 PM,PROPERTY DAMAGE AND INJURY,3.,0 ,2 ,COLLISION WITH MOTOR VEHICLE,RIGHT ANGLE,TRAFFIC SIGNAL,DAYLIGHT,CLEAR,DRY
6836 ,34360227,MONROE,Mendon,,,N,43.0231511,-77.4992162,07/09/2012,12:19 PM,PROPERTY DAMAGE AND INJURY,1.,0 ,2 ,COLLISION WITH MOTOR VEHICLE,HEAD ON,NONE,DAYLIGHT,CLEAR,DRY
6836 ,34360317,MONROE,Greece,,,N,43.2421502,-77.6468386,07/10/2012,1:34 PM,PROPERTY DAMAGE AND INJURY,1.,0 ,2 ,COLLISION WITH MOTOR VEHICLE,RIGHT ANGLE,NONE,DAYLIGHT,CLEAR,DRY
6836 ,34360320,MONROE,Greece,,,N,43.2528913,-77.6596081,07/09/2012,7:28 PM,INJURY,1.,0 ,2 ,COLLISION WITH MOTOR VEHICLE,REAR END,NONE,DAYLIGHT,CLEAR,DRY
6836 ,34360321,MONROE,Greece,,,Y,43.191963,-77.680173,07/10/2012,10:05 AM,INJURY,1.,0 ,2 ,COLLISION WITH MOTOR VEHICLE,REAR END,TRAFFIC SIGNAL,DAYLIGHT,CLEAR,DRY
6836 ,34360942,MONROE,Greece,,104 43031165,Y,43.207843,-77.6829849,06/02/2012,9:44 AM,FATAL,1.,1 ,1 ,COLLISION WITH CURBING,OTHER,NONE,DAYLIGHT,CLEAR,DRY
6836 ,34361654,MONROE,Gates,,490I43021149,N,43.1409959,-77.7173488,07/07/2012,11:05 AM,PROPERTY DAMAGE AND INJURY,1.,0 ,1 ,OVERTURNED,OTHER,NONE,DAYLIGHT,CLOUDY,WET
6836 ,34361867,MONROE,Greece,,,Y,43.297171,-77.7317009,07/11/2012,2:39 PM,PROPERTY DAMAGE AND INJURY,1.,0 ,2 ,COLLISION WITH MOTOR VEHICLE,SIDESWIPE,NONE,DAYLIGHT,CLEAR,DRY
6836 ,34361868,MONROE,Greece,,,N,43.2311195,-77.7335857,07/10/2012,10:19 PM,INJURY,2.,0 ,2 ,COLLISION WITH MOTOR VEHICLE,REAR END,NO PASSING ZONE,DARK-ROAD LIGHTED,CLEAR,DRY
6836 ,34362180,MONROE,Rochester,,,Y,43.146421,-77.5547779,05/02/2012,9:18 PM,PROPERTY DAMAGE AND INJURY,1.,0 ,2 ,COLLISION WITH MOTOR VEHICLE,RIGHT ANGLE,TRAFFIC SIGNAL,DARK-ROAD LIGHTED,RAIN,WET
6836 ,34362449,MONROE,Rochester,,,Y,43.186255,-77.6308089,04/25/2012,8:04 AM,INJURY,1.,0 ,2 ,COLLISION WITH MOTOR VEHICLE,REAR END,TRAFFIC SIGNAL,DAYLIGHT,CLEAR,DRY
6836 ,34363413,MONROE,Greece,,104 43031116,N,43.2093452,-77.6920514,06/29/2012,4:40 PM,PROPERTY DAMAGE AND INJURY,2.,0 ,3 ,COLLISION WITH MOTOR VEHICLE,OTHER,NONE,DAYLIGHT,CLEAR,DRY
6836 ,34363447,MONROE,Rochester,,,Y,43.1988,-77.61785,07/09/2012,8:01 AM,PROPERTY DAMAGE AND INJURY,1.,0 ,2 ,COLLISION WITH MOTOR VEHICLE,RIGHT ANGLE,STOP SIGN,DAYLIGHT,CLEAR,DRY
6836 ,34363472,MONROE,Rochester,,,Y,43.159839,-77.551614,07/09/2012,10:51 AM,PROPERTY DAMAGE AND INJURY,2.,0 ,2 ,COLLISION WITH MOTOR VEHICLE,LEFT TURN (AGAINST OTHER CAR),STOP SIGN,DAYLIGHT,CLEAR,DRY
6836 ,34363476,MONROE,Rochester,,,Y,43.177727,-77.621663,06/17/2012,9:27 PM,INJURY,1.,0 ,1 ,COLLISION WITH BICYCLIST,OTHER,STOP SIGN,DARK-ROAD LIGHTED,CLOUDY,DRY
6836 ,34363481,MONROE,Rochester,,,Y,43.192201,-77.612688,06/30/2012,1:04 PM,INJURY,1.,0 ,1 ,COLLISION WITH BICYCLIST,OTHER,NONE,DAYLIGHT,CLEAR,DRY
6836 ,34363485,MONROE,Rochester,,,N,43.1640773,-77.6345134,07/05/2012,8:44 PM,PROPERTY DAMAGE AND INJURY,1.,0 ,1 ,COLLISION WITH CURBING,OTHER,NONE,DAYLIGHT,CLEAR,DRY
6836 ,34363486,MONROE,Rochester,,,Y,43.160067,-77.6076169,07/09/2012,5:17 PM,PROPERTY DAMAGE AND INJURY,1.,0 ,1 ,COLLISION WITH BICYCLIST,OTHER,TRAFFIC SIGNAL,DAYLIGHT,CLEAR,DRY
6836 ,34363501,MONROE,Rochester,,,N,43.193912,-77.6594551,07/03/2012,7:17 AM,PROPERTY DAMAGE AND INJURY,3.,0 ,2 ,COLLISION WITH MOTOR VEHICLE,SIDESWIPE,NONE,DAYLIGHT,CLEAR,DRY
6836 ,34363504,MONROE,Rochester,,,Y,43.173848,-77.667658,07/02/2012,9:50 AM,PROPERTY DAMAGE AND INJURY,1.,0 ,1 ,COLL. W/LIGHT SUPPORT/UTILITY POLE,OTHER,NONE,DAYLIGHT,CLEAR,DRY
6836 ,34363506,MONROE,Rochester,,,N,43.1809384,-77.6313632,07/09/2012,5:02 PM,INJURY,1.,0 ,2 ,COLLISION WITH MOTOR VEHICLE,REAR END,TRAFFIC SIGNAL,DAYLIGHT,CLEAR,DRY
6836 ,34363520,MONROE,Rochester,,,N,43.1718296,-77.6378369,07/05/2012,4:44 PM,PROPERTY DAMAGE AND INJURY,1.,0 ,1 ,COLLISION WITH BICYCLIST,OTHER,NONE,DAYLIGHT,CLEAR,DRY
6836 ,34363526,MONROE,Rochester,,,Y,43.182689,-77.5993041,07/11/2012,2:31 PM,PROPERTY DAMAGE AND INJURY,1.,0 ,2 ,COLLISION WITH MOTOR VEHICLE,REAR END,NONE,DAYLIGHT,CLEAR,DRY