QUERYID,CASE #,REGN_CNTY_CDE,Municipality,MUNITYPE,REF_MRKR,ATINTERSECTION_IND,Lat,Long,,Time,Crash Type,Injuries,Fatalities,Number of Vehicles,ACCD_TYP,COLLISION_TYP,TRAF_CNTL,Light Condition,Weather Condition,Road Surface Condition
6836 ,34363714,MONROE,Rochester,,,Y,43.187626,-77.576289,06/30/2012,6:15 PM,INJURY,2.,0 ,3 ,COLLISION WITH MOTOR VEHICLE,OTHER,TRAFFIC SIGNAL,DAYLIGHT,CLEAR,DRY
6836 ,34363723,MONROE,Rochester,,,Y,43.179203,-77.6696999,07/06/2012,11:20 AM,PROPERTY DAMAGE AND INJURY,1.,0 ,2 ,COLLISION WITH MOTOR VEHICLE,REAR END,TRAFFIC SIGNAL,DAYLIGHT,CLEAR,DRY
6836 ,34363730,MONROE,Rochester,,,Y,43.186667,-77.6040129,06/28/2012,5:09 PM,INJURY,1.,0 ,2 ,COLLISION WITH MOTOR VEHICLE,RIGHT ANGLE,STOP SIGN,DAYLIGHT,CLEAR,DRY
6836 ,34363732,MONROE,Rochester,,,Y,43.174771,-77.6176919,07/03/2012,9:07 PM,INJURY,2.,0 ,2 ,COLLISION WITH MOTOR VEHICLE,HEAD ON,STOP SIGN,DARK-ROAD UNLIGHTED,CLEAR,DRY
6836 ,34363739,MONROE,Rochester,,,Y,43.14491,-77.652175,07/03/2012,2:26 PM,INJURY,1.,0 ,1 ,OTHER NON-COLLISION,OTHER,NONE,DAYLIGHT,CLEAR,DRY
6836 ,34363740,MONROE,Rochester,,,N,43.1622584,-77.620487,07/11/2012,4:55 PM,PROPERTY DAMAGE AND INJURY,1.,0 ,3 ,COLLISION WITH MOTOR VEHICLE,OTHER,NONE,DAYLIGHT,CLEAR,DRY
6836 ,34363746,MONROE,Rochester,,,Y,43.165127,-77.6144871,06/30/2012,9:17 AM,PROPERTY DAMAGE AND INJURY,1.,0 ,2 ,COLLISION WITH MOTOR VEHICLE,RIGHT TURN (WITH OTHER CAR),TRAFFIC SIGNAL,DAYLIGHT,CLEAR,DRY
6836 ,34363752,MONROE,Rochester,,,Y,43.146615,-77.629002,07/10/2012,5:30 PM,INJURY,2.,0 ,2 ,COLLISION WITH MOTOR VEHICLE,OVERTAKING,NONE,DAYLIGHT,CLEAR,DRY
6836 ,34363757,MONROE,Rochester,,,Y,43.175956,-77.571564,07/06/2012,10:56 PM,PROPERTY DAMAGE AND INJURY,2.,0 ,2 ,COLLISION WITH MOTOR VEHICLE,REAR END,NONE,DARK-ROAD LIGHTED,CLEAR,DRY
6836 ,34363759,MONROE,Rochester,,,N,43.1646286,-77.6359725,05/25/2012,2:44 PM,PROPERTY DAMAGE AND INJURY,1.,0 ,2 ,COLLISION WITH MOTOR VEHICLE,LEFT TURN (AGAINST OTHER CAR),NONE,DAYLIGHT,RAIN,WET
6836 ,34363760,MONROE,Rochester,,,Y,43.147804,-77.5913809,06/22/2012,11:03 AM,PROPERTY DAMAGE AND INJURY,1.,0 ,2 ,COLLISION WITH MOTOR VEHICLE,RIGHT ANGLE,STOP SIGN,DAYLIGHT,CLEAR,DRY
6836 ,34363762,MONROE,Rochester,,,Y,43.164631,-77.642255,06/25/2012,6:50 PM,INJURY,1.,0 ,1 ,COLLISION WITH BICYCLIST,OTHER,TRAFFIC SIGNAL,DAYLIGHT,CLEAR,DRY
6836 ,34363763,MONROE,Rochester,,,Y,43.170758,-77.589615,07/03/2012,6:41 PM,PROPERTY DAMAGE AND INJURY,2.,0 ,2 ,COLLISION WITH MOTOR VEHICLE,LEFT TURN (WITH OTHER CAR),TRAFFIC SIGNAL,DAYLIGHT,CLOUDY,DRY
6836 ,34364731,MONROE,Greece,,,Y,43.212387,-77.647724,07/13/2012,8:24 PM,PROPERTY DAMAGE AND INJURY,1.,0 ,2 ,COLLISION WITH MOTOR VEHICLE,RIGHT ANGLE,STOP SIGN,DAYLIGHT,CLOUDY,DRY
6836 ,34364733,MONROE,Greece,,,Y,43.207118,-77.679265,07/12/2012,9:40 PM,PROPERTY DAMAGE AND INJURY,1.,0 ,3 ,COLLISION WITH MOTOR VEHICLE,OTHER,TRAFFIC SIGNAL,DARK-ROAD LIGHTED,CLEAR,DRY
6836 ,34365468,MONROE,Rochester,,390I43036001,N,43.1293487,-77.6601208,07/15/2012,11:25 AM,PROPERTY DAMAGE AND INJURY,1.,0 ,1 ,COLLISION WITH GUIDE RAIL,OTHER,NONE,DAYLIGHT,CLOUDY,WET
6836 ,34365592,MONROE,Rochester,,,Y,43.15007,-77.599852,07/08/2012,6:56 AM,PROPERTY DAMAGE AND INJURY,2.,0 ,2 ,COLLISION WITH MOTOR VEHICLE,RIGHT ANGLE,TRAFFIC SIGNAL,DAYLIGHT,CLEAR,DRY
6836 ,34365597,MONROE,Rochester,,,Y,43.186812,-77.599571,07/15/2012,12:07 AM,INJURY,1.,0 ,2 ,COLLISION WITH MOTOR VEHICLE,REAR END,TRAFFIC SIGNAL,DARK-ROAD LIGHTED,CLEAR,DRY
6836 ,34365602,MONROE,Rochester,,,N,43.164633,-77.6458695,06/29/2012,2:17 PM,PROPERTY DAMAGE AND INJURY,1.,0 ,2 ,COLLISION WITH MOTOR VEHICLE,RIGHT TURN (WITH OTHER CAR),NONE,DAYLIGHT,CLEAR,DRY
6836 ,34365739,MONROE,Perinton,,31 43033061,N,43.078814,-77.485447,07/08/2012,9:30 AM,INJURY,1.,0 ,1 ,COLLISION WITH BICYCLIST,OTHER,STOP SIGN,DAYLIGHT,CLEAR,DRY
6836 ,34365741,MONROE,Henrietta,,,Y,43.074862,-77.58486,07/09/2012,3:53 PM,PROPERTY DAMAGE AND INJURY,1.,0 ,2 ,COLLISION WITH MOTOR VEHICLE,RIGHT ANGLE,STOP SIGN,DAYLIGHT,CLEAR,DRY
6836 ,34365744,MONROE,Irondequoit,,,N,43.1974574,-77.5854613,07/10/2012,1:55 PM,PROPERTY DAMAGE AND INJURY,1.,0 ,2 ,COLLISION WITH MOTOR VEHICLE,REAR END,NONE,DAYLIGHT,CLEAR,DRY
6836 ,34365745,MONROE,Irondequoit,,,N,43.2110557,-77.5851732,07/10/2012,4:12 PM,PROPERTY DAMAGE AND INJURY,2.,0 ,2 ,COLLISION WITH MOTOR VEHICLE,REAR END,TRAFFIC SIGNAL,DAYLIGHT,CLEAR,DRY
6836 ,34365754,MONROE,Brighton,,286 43011002,Y,43.157507,-77.536239,07/12/2012,8:56 AM,PROPERTY DAMAGE AND INJURY,3.,0 ,2 ,COLLISION WITH MOTOR VEHICLE,RIGHT ANGLE,STOP SIGN,DAYLIGHT,CLEAR,DRY
6836 ,34365759,MONROE,Brighton,,,Y,43.115088,-77.6047721,07/12/2012,7:47 AM,INJURY,1.,0 ,2 ,COLLISION WITH MOTOR VEHICLE,REAR END,TRAFFIC SIGNAL,DAYLIGHT,CLEAR,DRY
6836 ,34365766,MONROE,Brighton,,,N,43.0957553,-77.5858371,07/12/2012,3:58 PM,INJURY,1.,0 ,2 ,COLLISION WITH MOTOR VEHICLE,REAR END,NONE,DAYLIGHT,CLEAR,DRY
6836 ,34365782,MONROE,Webster,,,N,43.2147285,-77.446609,07/10/2012,11:44 AM,PROPERTY DAMAGE AND INJURY,2.,0 ,2 ,COLLISION WITH MOTOR VEHICLE,RIGHT ANGLE,TRAFFIC SIGNAL,DAYLIGHT,CLEAR,DRY
6836 ,34365794,MONROE,Gates,,,N,43.1498334,-77.6983074,07/13/2012,2:44 PM,PROPERTY DAMAGE AND INJURY,1.,0 ,3 ,COLLISION WITH MOTOR VEHICLE,OTHER,NONE,DAYLIGHT,CLEAR,DRY
6836 ,34365803,MONROE,Mendon,,251 43011241,N,42.9973767,-77.519678,07/10/2012,3:13 PM,PROPERTY DAMAGE AND INJURY,1.,0 ,2 ,COLLISION WITH MOTOR VEHICLE,RIGHT ANGLE,STOP SIGN,DAYLIGHT,CLEAR,DRY
6836 ,34365808,MONROE,Brighton,,,N,43.116615,-77.5505006,07/11/2012,11:31 AM,PROPERTY DAMAGE AND INJURY,2.,0 ,2 ,COLLISION WITH MOTOR VEHICLE,RIGHT ANGLE,NONE,DAYLIGHT,CLEAR,DRY
6836 ,34365820,MONROE,Pittsford,,253 43011160,Y,43.108231,-77.499828,07/07/2012,9:57 PM,PROPERTY DAMAGE AND INJURY,1.,0 ,2 ,COLLISION WITH MOTOR VEHICLE,LEFT TURN (AGAINST OTHER CAR),TRAFFIC SIGNAL,DARK-ROAD LIGHTED,CLEAR,DRY
6836 ,34365822,MONROE,Henrietta,,,N,43.0855976,-77.5819357,07/13/2012,5:44 PM,PROPERTY DAMAGE AND INJURY,1.,0 ,2 ,COLLISION WITH MOTOR VEHICLE,REAR END,NONE,DAYLIGHT,CLEAR,DRY
6836 ,34365827,MONROE,Henrietta,,252 43011064,N,43.0908279,-77.6467297,07/12/2012,12:15 PM,INJURY,1.,0 ,1 ,OTHER NON-COLLISION,OTHER,NONE,DAYLIGHT,CLEAR,DRY
6836 ,34365829,MONROE,Sweden,,19 43041045,N,43.1966796,-77.9438101,07/11/2012,4:22 PM,INJURY,4.,0 ,2 ,COLLISION WITH MOTOR VEHICLE,REAR END,NONE,DAYLIGHT,CLEAR,DRY
6836 ,34365830,MONROE,Sweden,,,N,43.1744325,-77.9623899,07/11/2012,2:37 PM,PROPERTY DAMAGE AND INJURY,1.,0 ,1 ,COLL. W/LIGHT SUPPORT/UTILITY POLE,OTHER,NONE,DAYLIGHT,CLEAR,DRY
6836 ,34365831,MONROE,Gates,,,N,43.1773206,-77.6856201,06/14/2012,9:00 PM,PROPERTY DAMAGE AND INJURY,1.,0 ,1 ,COLLISION WITH TREE,OTHER,NONE,DARK-ROAD UNLIGHTED,CLEAR,DRY
6836 ,34365833,MONROE,Penfield,,,N,43.188657,-77.503549,07/09/2012,10:00 PM,INJURY,1.,0 ,1 ,COLLISION WITH BICYCLIST,OTHER,NONE,DARK-ROAD UNLIGHTED,CLOUDY,DRY
6836 ,34365834,MONROE,Sweden,,31 43031050,N,43.1983352,-77.9359869,07/10/2012,4:00 PM,PROPERTY DAMAGE AND INJURY,1.,0 ,2 ,COLLISION WITH MOTOR VEHICLE,OVERTAKING,NONE,DAYLIGHT,CLEAR,DRY
6836 ,34365835,MONROE,Penfield,,441 43011074,N,43.1306179,-77.3965133,07/09/2012,9:32 PM,PROPERTY DAMAGE AND INJURY,2.,0 ,1 ,COLLISION WITH DEER,OTHER,NONE,DARK-ROAD UNLIGHTED,CLOUDY,DRY
6836 ,34365836,MONROE,Irondequoit,,,N,43.196444,-77.5767859,07/11/2012,5:08 PM,PROPERTY DAMAGE AND INJURY,2.,0 ,2 ,COLLISION WITH MOTOR VEHICLE,RIGHT ANGLE,TRAFFIC SIGNAL,DAYLIGHT,CLEAR,DRY
6836 ,34365838,MONROE,Irondequoit,,,Y,43.176771,-77.544927,06/28/2012,5:15 PM,PROPERTY DAMAGE AND INJURY,2.,0 ,2 ,COLLISION WITH MOTOR VEHICLE,LEFT TURN (WITH OTHER CAR),TRAFFIC SIGNAL,DAYLIGHT,CLEAR,DRY
6836 ,34365839,MONROE,Irondequoit,,,Y,43.196137,-77.6001439,07/13/2012,10:05 PM,PROPERTY DAMAGE AND INJURY,1.,0 ,2 ,COLLISION WITH MOTOR VEHICLE,LEFT TURN (WITH OTHER CAR),TRAFFIC SIGNAL,DARK-ROAD LIGHTED,CLOUDY,DRY
6836 ,34365841,MONROE,Sweden,,,Y,43.197993,-77.8994651,07/12/2012,12:05 PM,PROPERTY DAMAGE AND INJURY,1.,0 ,3 ,COLLISION WITH MOTOR VEHICLE,OTHER,TRAFFIC SIGNAL,DAYLIGHT,CLEAR,DRY
6836 ,34365843,MONROE,Irondequoit,,,Y,43.230391,-77.599329,07/12/2012,2:30 PM,PROPERTY DAMAGE AND INJURY,1.,0 ,2 ,COLLISION WITH MOTOR VEHICLE,LEFT TURN (WITH OTHER CAR),TRAFFIC SIGNAL,DAYLIGHT,CLEAR,DRY
6836 ,34365847,MONROE,Chili,,,N,43.0813081,-77.8185363,07/12/2012,7:07 AM,PROPERTY DAMAGE AND INJURY,1.,0 ,1 ,COLLISION WITH OTHER FIXED OBJECT,OTHER,NONE,DAYLIGHT,CLEAR,DRY
6836 ,34365850,MONROE,Henrietta,,,N,43.036177,-77.719016,06/25/2012,4:29 PM,INJURY,1.,0 ,1 ,COLLISION WITH PEDESTRIAN,OTHER,NONE,DAYLIGHT,CLEAR,DRY
6836 ,34365851,MONROE,Parma,,,Y,43.311119,-77.77473,07/08/2012,11:03 AM,PROPERTY DAMAGE AND INJURY,2.,0 ,2 ,COLLISION WITH MOTOR VEHICLE,RIGHT TURN (AGAINST OTHER CAR),STOP SIGN,DAYLIGHT,CLEAR,DRY
6836 ,34365867,MONROE,Chili,,251 43011024,N,43.1125953,-77.7456218,07/14/2012,2:12 PM,PROPERTY DAMAGE AND INJURY,1.,0 ,1 ,COLLISION WITH OTHER FIXED OBJECT,OTHER,NONE,DAYLIGHT,CLEAR,DRY
6836 ,34365872,MONROE,Irondequoit,,,Y,43.214292,-77.555524,07/14/2012,1:05 PM,PROPERTY DAMAGE AND INJURY,1.,0 ,2 ,COLLISION WITH MOTOR VEHICLE,RIGHT ANGLE,STOP SIGN,DAYLIGHT,CLEAR,DRY
6836 ,34365875,MONROE,Brighton,,96 43051087,Y,43.127291,-77.528059,07/15/2012,11:41 AM,INJURY,1.,0 ,2 ,COLLISION WITH MOTOR VEHICLE,REAR END,TRAFFIC SIGNAL,DAYLIGHT,CLOUDY,DRY
6836 ,34365933,MONROE,Brighton,,390I43031141,N,43.1077072,-77.6147825,07/09/2012,5:20 PM,PROPERTY DAMAGE AND INJURY,1.,0 ,2 ,COLLISION WITH MOTOR VEHICLE,REAR END,NONE,DAYLIGHT,CLEAR,DRY
6836 ,34366020,MONROE,Greece,,,Y,43.223714,-77.7011749,07/13/2012,12:42 PM,PROPERTY DAMAGE AND INJURY,3.,0 ,2 ,COLLISION WITH MOTOR VEHICLE,REAR END,NONE,DAYLIGHT,CLEAR,DRY
6836 ,34366553,MONROE,Brighton,,31 43033023,N,43.1104067,-77.546884,07/13/2012,3:32 PM,INJURY,2.,0 ,4 ,COLLISION WITH MOTOR VEHICLE,OTHER,TRAFFIC SIGNAL,DAYLIGHT,CLEAR,DRY
6836 ,34366737,MONROE,Henrietta,,,N,43.0420449,-77.698906,07/12/2012,5:16 PM,PROPERTY DAMAGE AND INJURY,1.,0 ,1 ,COLLISION WITH DEER,OTHER,NONE,DAYLIGHT,CLEAR,DRY
6836 ,34366837,MONROE,Rochester,,,Y,43.198494,-77.634878,07/12/2012,11:27 PM,INJURY,1.,0 ,1 ,OTHER NON-COLLISION,OTHER,NONE,DARK-ROAD LIGHTED,CLEAR,DRY
6836 ,34366840,MONROE,Rochester,,,N,43.1344478,-77.6478951,07/15/2012,2:31 AM,INJURY,1.,0 ,1 ,COLLISION WITH TREE,OTHER,NONE,DARK-ROAD LIGHTED,CLEAR,DRY
6836 ,34366841,MONROE,Rochester,,,N,43.1290641,-77.6369136,07/15/2012,6:11 AM,INJURY,1.,0 ,2 ,COLLISION WITH MOTOR VEHICLE,REAR END,NONE,DAYLIGHT,CLEAR,DRY
6836 ,34366860,MONROE,Brockport,,,Y,43.213985,-77.93583,07/06/2012,5:28 PM,PROPERTY DAMAGE AND INJURY,1.,0 ,2 ,COLLISION WITH MOTOR VEHICLE,RIGHT ANGLE,STOP SIGN,DAYLIGHT,CLEAR,DRY
6836 ,34366865,MONROE,Brighton,,,N,43.107461,-77.5759661,07/16/2012,5:15 PM,PROPERTY DAMAGE AND INJURY,2.,0 ,4 ,COLLISION WITH MOTOR VEHICLE,OTHER,TRAFFIC SIGNAL,DAYLIGHT,CLEAR,DRY
6836 ,34366871,MONROE,Parma,,104 43031073,N,43.2230882,-77.8605949,07/11/2012,9:26 PM,PROPERTY DAMAGE AND INJURY,2.,0 ,2 ,COLLISION WITH MOTOR VEHICLE,REAR END,NONE,DARK-ROAD UNLIGHTED,CLEAR,DRY
6836 ,34366874,MONROE,Rush,,15 43031056,N,43.0153931,-77.6674873,07/16/2012,12:48 PM,PROPERTY DAMAGE AND INJURY,1.,0 ,2 ,COLLISION WITH MOTOR VEHICLE,REAR END,NONE,DAYLIGHT,CLOUDY,DRY
6836 ,34366881,MONROE,Henrietta,,,Y,43.087107,-77.617323,07/16/2012,10:44 AM,PROPERTY DAMAGE AND INJURY,1.,0 ,2 ,COLLISION WITH MOTOR VEHICLE,REAR END,TRAFFIC SIGNAL,DAYLIGHT,CLOUDY,DRY
6836 ,34366917,MONROE,Gates,,,N,43.139413,-77.66832,07/16/2012,7:15 PM,INJURY,1.,0 ,1 ,COLLISION WITH BICYCLIST,OTHER,TRAFFIC SIGNAL,DAYLIGHT,CLEAR,DRY
6836 ,34367367,MONROE,Rochester,,,N,43.1738596,-77.5715024,06/02/2012,10:18 AM,INJURY,1.,0 ,1 ,COLLISION WITH BICYCLIST,OTHER,NONE,DAYLIGHT,CLOUDY,DRY
6836 ,34367458,MONROE,Greece,,,N,43.2074887,-77.6807553,07/14/2012,3:13 PM,PROPERTY DAMAGE AND INJURY,2.,0 ,2 ,COLLISION WITH MOTOR VEHICLE,REAR END,NONE,DAYLIGHT,CLEAR,DRY
6836 ,34367638,MONROE,Greece,,,N,43.215358,-77.7356206,05/21/2012,12:06 PM,PROPERTY DAMAGE AND INJURY,2.,0 ,4 ,COLLISION WITH BUILDING/WALL,OTHER,NONE,DAYLIGHT,CLEAR,DRY
6836 ,34367735,MONROE,Rochester,,,Y,43.1645711,-77.6345131,07/05/2012,6:45 PM,INJURY,1.,0 ,1 ,COLLISION WITH BICYCLIST,OTHER,NONE,DAYLIGHT,CLEAR,DRY
6836 ,34368170,MONROE,Rochester,,,N,43.1939007,-77.6529971,07/17/2012,12:00 PM,PROPERTY DAMAGE AND INJURY,1.,0 ,2 ,COLLISION WITH MOTOR VEHICLE,REAR END,TRAFFIC SIGNAL,DAYLIGHT,CLEAR,DRY
6836 ,34368177,MONROE,Ogden,,259 43011040,N,43.1497468,-77.80572,07/17/2012,5:21 PM,PROPERTY DAMAGE AND INJURY,7.,0 ,2 ,COLLISION WITH MOTOR VEHICLE,RIGHT ANGLE,STOP SIGN,DAYLIGHT,CLEAR,DRY
6836 ,34368178,MONROE,Perinton,,31 43033073,N,43.0740644,-77.4616541,07/17/2012,1:11 AM,PROPERTY DAMAGE AND INJURY,1.,0 ,1 ,COLLISION WITH GUIDE RAIL,OTHER,NONE,DARK-ROAD LIGHTED,CLEAR,DRY
6836 ,34368193,MONROE,Perinton,,,Y,43.069288,-77.4423639,07/14/2012,3:20 PM,PROPERTY DAMAGE AND INJURY,1.,0 ,2 ,COLLISION WITH MOTOR VEHICLE,RIGHT ANGLE,TRAFFIC SIGNAL,DAYLIGHT,CLEAR,DRY
6836 ,34368196,MONROE,Brighton,,31 43033002,Y,43.133785,-77.57277,07/16/2012,5:12 PM,INJURY,1.,0 ,1 ,COLLISION WITH BICYCLIST,OTHER,TRAFFIC SIGNAL,DAYLIGHT,CLEAR,DRY
6836 ,34368625,MONROE,Rochester,,,Y,43.180935,-77.637587,05/19/2012,9:47 AM,INJURY,1.,0 ,2 ,COLLISION WITH MOTOR VEHICLE,REAR END,NONE,DAYLIGHT,CLEAR,DRY
6836 ,34368643,MONROE,Greece,,,Y,43.219692,-77.71659,05/20/2012,7:30 PM,PROPERTY DAMAGE AND INJURY,1.,0 ,2 ,COLLISION WITH MOTOR VEHICLE,UNKNOWN,STOP SIGN,DAWN,CLEAR,DRY
6836 ,34370015,MONROE,Rochester,,,Y,43.184455,-77.584058,07/19/2012,4:12 PM,FATAL,0.,1 ,2 ,COLLISION WITH MOTOR VEHICLE,HEAD ON,NONE,DAYLIGHT,CLOUDY,DRY
6836 ,34370053,MONROE,Rochester,,104 43032030,N,43.191393,-77.6090517,05/11/2012,8:35 PM,PROPERTY DAMAGE AND INJURY,2.,0 ,4 ,COLLISION WITH MOTOR VEHICLE,OTHER,HIGHWAY WORK AREA,DUSK,CLEAR,WET
6836 ,34370347,MONROE,Rochester,,590I43012000,N,43.1375044,-77.5527624,07/16/2012,11:38 AM,PROPERTY DAMAGE AND INJURY,1.,0 ,4 ,COLLISION WITH MOTOR VEHICLE,OTHER,NONE,DAYLIGHT,CLEAR,DRY
6836 ,34370436,MONROE,Henrietta,,15A43041093,Y,43.064545,-77.609788,07/13/2012,9:57 AM,PROPERTY DAMAGE AND INJURY,1.,0 ,3 ,COLLISION WITH MOTOR VEHICLE,OTHER,NONE,DAYLIGHT,CLEAR,DRY
6836 ,34370442,MONROE,Irondequoit,,,N,43.2483757,-77.6037381,07/17/2012,7:44 AM,INJURY,1.,0 ,1 ,COLL. W/LIGHT SUPPORT/UTILITY POLE,OTHER,NONE,DAYLIGHT,CLOUDY,DRY
6836 ,34370460,MONROE,Rochester,,,N,43.1873778,-77.583637,07/13/2012,10:54 AM,PROPERTY DAMAGE AND INJURY,1.,0 ,1 ,COLLISION WITH TREE,OTHER,NONE,DAYLIGHT,CLOUDY,DRY
6836 ,34370462,MONROE,Rochester,,,N,43.1630743,-77.6069609,07/16/2012,4:52 PM,INJURY,3.,0 ,2 ,COLLISION WITH MOTOR VEHICLE,REAR END,NONE,DAYLIGHT,CLEAR,DRY
6836 ,34370464,MONROE,Rochester,,15 43032011,Y,43.128791,-77.61534,06/12/2012,9:14 AM,INJURY,3.,0 ,2 ,COLLISION WITH MOTOR VEHICLE,REAR END,NONE,DAYLIGHT,RAIN,WET
6836 ,34370686,MONROE,Greece,,18 43031206,N,43.2515077,-77.6467936,07/15/2012,3:45 PM,PROPERTY DAMAGE AND INJURY,1.,0 ,2 ,COLLISION WITH MOTOR VEHICLE,RIGHT TURN (WITH OTHER CAR),NONE,DAYLIGHT,CLEAR,DRY
6836 ,34370687,MONROE,Greece,,,N,43.2060431,-77.6716478,07/16/2012,6:00 PM,INJURY,2.,0 ,2 ,COLLISION WITH MOTOR VEHICLE,REAR END,TRAFFIC SIGNAL,DAYLIGHT,CLEAR,DRY
6836 ,34371073,MONROE,Greece,,,Y,43.205084,-77.66632,07/17/2012,5:50 PM,INJURY,1.,0 ,3 ,COLLISION WITH MOTOR VEHICLE,OTHER,TRAFFIC SIGNAL,DAYLIGHT,CLEAR,DRY
6836 ,34371432,MONROE,Rochester,,,Y,43.146659,-77.64701,07/07/2012,8:20 PM,PROPERTY DAMAGE AND INJURY,1.,0 ,2 ,COLLISION WITH MOTOR VEHICLE,LEFT TURN (WITH OTHER CAR),NONE,DUSK,CLEAR,DRY
6836 ,34371437,MONROE,Rochester,,,Y,43.153497,-77.6221739,07/13/2012,12:06 PM,PROPERTY DAMAGE AND INJURY,1.,0 ,2 ,COLLISION WITH MOTOR VEHICLE,REAR END,NONE,DAYLIGHT,CLEAR,DRY
6836 ,34371443,MONROE,Rochester,,,N,43.1587883,-77.6097877,05/23/2012,2:00 PM,PROPERTY DAMAGE AND INJURY,1.,0 ,2 ,COLLISION WITH MOTOR VEHICLE,OVERTAKING,NONE,DAYLIGHT,CLOUDY,DRY
6836 ,34371444,MONROE,Rochester,,,Y,43.137925,-77.6509729,06/17/2012,2:16 AM,PROPERTY DAMAGE AND INJURY,1.,0 ,2 ,COLLISION WITH MOTOR VEHICLE,REAR END,NONE,DARK-ROAD LIGHTED,CLEAR,DRY
6836 ,34371547,MONROE,Spencerport,,259 43011063,N,43.1824201,-77.8041877,07/16/2012,4:57 PM,PROPERTY DAMAGE AND INJURY,1.,0 ,2 ,COLLISION WITH MOTOR VEHICLE,LEFT TURN (AGAINST OTHER CAR),NO PASSING ZONE,DAYLIGHT,CLEAR,DRY
6836 ,34371549,MONROE,Ogden,,,N,43.1262919,-77.7767591,07/19/2012,9:39 AM,PROPERTY DAMAGE AND INJURY,1.,0 ,1 ,COLL. W/LIGHT SUPPORT/UTILITY POLE,OTHER,NONE,DAYLIGHT,CLEAR,DRY
6836 ,34371555,MONROE,Webster,,,Y,43.19889,-77.510172,07/18/2012,4:40 PM,INJURY,3.,0 ,2 ,COLLISION WITH MOTOR VEHICLE,RIGHT ANGLE,STOP SIGN,DAYLIGHT,CLEAR,DRY
6836 ,34371563,MONROE,Pittsford,,64 43021000,N,43.0712103,-77.5178863,07/16/2012,11:04 AM,PROPERTY DAMAGE AND INJURY,2.,0 ,2 ,COLLISION WITH MOTOR VEHICLE,REAR END,NO PASSING ZONE,DAYLIGHT,CLEAR,DRY
6836 ,34371567,MONROE,Rush,,251 43011160,Y,43.003023,-77.666489,06/15/2012,7:23 AM,PROPERTY DAMAGE AND INJURY,1.,0 ,2 ,COLLISION WITH MOTOR VEHICLE,REAR END,TRAFFIC SIGNAL,DAYLIGHT,CLEAR,DRY
6836 ,34371571,MONROE,Chili,,33A43021069,Y,43.093734,-77.778034,07/16/2012,5:55 PM,PROPERTY DAMAGE AND INJURY,1.,0 ,2 ,COLLISION WITH MOTOR VEHICLE,REAR END,STOP SIGN,DAYLIGHT,CLEAR,DRY
6836 ,34371836,MONROE,Rochester,,490I43022041,N,43.1450369,-77.5997344,07/18/2012,7:35 AM,PROPERTY DAMAGE AND INJURY,1.,0 ,1 ,OVERTURNED,OTHER,NONE,DAYLIGHT,CLEAR,DRY
6836 ,34372098,MONROE,Brighton,,31 43033012,Y,43.122824,-77.560566,07/19/2012,4:15 PM,PROPERTY DAMAGE AND INJURY,2.,0 ,2 ,COLLISION WITH MOTOR VEHICLE,REAR END,NONE,DAYLIGHT,CLOUDY,DRY
6836 ,34372120,MONROE,Pittsford,,,Y,43.054222,-77.4972241,07/11/2012,7:12 PM,PROPERTY DAMAGE AND INJURY,1.,0 ,2 ,COLLISION WITH MOTOR VEHICLE,REAR END,STOP SIGN,DAYLIGHT,CLEAR,DRY
6836 ,34372129,MONROE,Brighton,,390I43031108,N,43.108007,-77.615937,07/18/2012,5:10 PM,INJURY,1.,0 ,2 ,COLLISION WITH MOTOR VEHICLE,REAR END,NONE,DAYLIGHT,CLEAR,DRY
6836 ,34372496,MONROE,Scottsville,,,N,43.0218678,-77.7620128,07/03/2012,3:09 PM,INJURY,1.,0 ,2 ,COLLISION WITH MOTOR VEHICLE,UNKNOWN,NONE,DAYLIGHT,RAIN,WET
6836 ,34372498,MONROE,Henrietta,,252 43011072,N,43.0915869,-77.6488848,07/19/2012,12:14 PM,PROPERTY DAMAGE AND INJURY,1.,0 ,2 ,COLLISION WITH MOTOR VEHICLE,RIGHT ANGLE,NONE,DAYLIGHT,CLOUDY,DRY
6836 ,34372499,MONROE,Pittsford,,,N,43.0835291,-77.5196308,07/14/2012,12:06 AM,PROPERTY DAMAGE AND INJURY,1.,0 ,1 ,COLL. W/EARTH ELE./ROCK CUT/DITCH,OTHER,NONE,DARK-ROAD UNLIGHTED,CLEAR,DRY
6836 ,34372500,MONROE,Irondequoit,,,Y,43.210435,-77.606413,07/21/2012,3:30 AM,PROPERTY DAMAGE AND INJURY,3.,0 ,1 ,COLLISION WITH TREE,OTHER,NONE,DARK-ROAD LIGHTED,CLEAR,DRY
6836 ,34372505,MONROE,Brighton,,,N,43.0999745,-77.6299687,07/21/2012,2:22 PM,INJURY,1.,0 ,1 ,OVERTURNED,OTHER,NONE,DAYLIGHT,CLOUDY,DRY
6836 ,34372545,MONROE,East Rochester,,,Y,43.120692,-77.4781779,07/21/2012,6:12 PM,INJURY,1.,0 ,1 ,COLLISION WITH BICYCLIST,OTHER,TRAFFIC SIGNAL,DAYLIGHT,CLEAR,DRY
6836 ,34372736,MONROE,Brighton,,490I43023012,N,43.1323907,-77.528028,07/16/2012,5:08 PM,PROPERTY DAMAGE AND INJURY,1.,0 ,2 ,COLLISION WITH MOTOR VEHICLE,REAR END,NONE,DAYLIGHT,CLEAR,DRY
6836 ,34372737,MONROE,Pittsford,,31 43033024,N,43.1091841,-77.5452111,07/17/2012,12:56 PM,PROPERTY DAMAGE AND INJURY,1.,0 ,2 ,COLLISION WITH MOTOR VEHICLE,REAR END,NONE,DAYLIGHT,CLEAR,DRY