QUERYID,CASE #,REGN_CNTY_CDE,Municipality,MUNITYPE,REF_MRKR,ATINTERSECTION_IND,Lat,Long,,Time,Crash Type,Injuries,Fatalities,Number of Vehicles,ACCD_TYP,COLLISION_TYP,TRAF_CNTL,Light Condition,Weather Condition,Road Surface Condition
6836 ,34372738,MONROE,Clarkson,,19 43041062,N,43.2205693,-77.9367612,07/21/2012,3:05 PM,PROPERTY DAMAGE AND INJURY,1.,0 ,3 ,COLLISION WITH MOTOR VEHICLE,OTHER,NONE,DAYLIGHT,CLEAR,DRY
6836 ,34372740,MONROE,Mendon,,,N,42.9970086,-77.504269,07/20/2012,2:00 AM,PROPERTY DAMAGE AND INJURY,1.,0 ,1 ,COLLISION WITH FENCE,OTHER,HIGHWAY WORK AREA,DARK-ROAD LIGHTED,CLOUDY,WET
6836 ,34372746,MONROE,Mendon,,251 43011208,N,42.9893453,-77.5807477,07/21/2012,8:20 AM,PROPERTY DAMAGE AND INJURY,1.,0 ,1 ,COLLISION WITH DEER,OTHER,NONE,DAYLIGHT,CLEAR,DRY
6836 ,34372747,MONROE,Penfield,,,N,43.1310637,-77.4758528,07/19/2012,5:56 PM,PROPERTY DAMAGE AND INJURY,1.,0 ,2 ,COLLISION WITH MOTOR VEHICLE,OVERTAKING,NO PASSING ZONE,DAYLIGHT,CLOUDY,DRY
6836 ,34372775,MONROE,Brighton,,15 43031127,Y,43.111727,-77.623926,07/18/2012,9:15 PM,INJURY,1.,0 ,2 ,COLLISION WITH MOTOR VEHICLE,RIGHT ANGLE,TRAFFIC SIGNAL,DARK-ROAD LIGHTED,CLEAR,DRY
6836 ,34372895,MONROE,Rochester,,,Y,43.181337,-77.580473,07/18/2012,8:15 AM,PROPERTY DAMAGE AND INJURY,1.,0 ,2 ,COLLISION WITH MOTOR VEHICLE,RIGHT ANGLE,STOP SIGN,DAYLIGHT,CLOUDY,DRY
6836 ,34372897,MONROE,Rochester,,,N,43.1607096,-77.5917177,07/18/2012,2:18 PM,PROPERTY DAMAGE AND INJURY,2.,0 ,2 ,COLLISION WITH MOTOR VEHICLE,OVERTAKING,NONE,DAYLIGHT,CLOUDY,DRY
6836 ,34372898,MONROE,Rochester,,,N,43.1911504,-77.6128888,07/14/2012,11:00 AM,PROPERTY DAMAGE AND INJURY,2.,0 ,2 ,COLLISION WITH MOTOR VEHICLE,RIGHT ANGLE,TRAFFIC SIGNAL,DAYLIGHT,CLEAR,DRY
6836 ,34372900,MONROE,Rochester,,,Y,43.188161,-77.560977,07/19/2012,10:56 AM,INJURY,1.,0 ,2 ,COLLISION WITH MOTOR VEHICLE,REAR END,STOP SIGN,DAYLIGHT,CLEAR,DRY
6836 ,34372903,MONROE,Rochester,,,N,43.1531271,-77.611102,07/19/2012,3:02 PM,INJURY,1.,0 ,1 ,COLLISION WITH BICYCLIST,OTHER,NONE,DAYLIGHT,CLOUDY,DRY
6836 ,34372907,MONROE,Rochester,,,Y,43.137186,-77.597513,07/09/2012,8:51 AM,PROPERTY DAMAGE AND INJURY,1.,0 ,2 ,COLLISION WITH MOTOR VEHICLE,LEFT TURN (AGAINST OTHER CAR),STOP SIGN,DAYLIGHT,CLEAR,DRY
6836 ,34372908,MONROE,Rochester,,,N,43.1682033,-77.5824061,07/19/2012,4:43 PM,INJURY,1.,0 ,1 ,COLLISION WITH BICYCLIST,OTHER,NONE,DAYLIGHT,CLEAR,DRY
6836 ,34372910,MONROE,Rochester,,,N,43.1570708,-77.6140176,07/20/2012,2:44 AM,PROPERTY DAMAGE AND INJURY,1.,0 ,1 ,COLLISION WITH BUILDING/WALL,OTHER,NONE,DARK-ROAD LIGHTED,CLEAR,DRY
6836 ,34372913,MONROE,Webster,,,Y,43.205568,-77.5131779,07/19/2012,3:08 PM,PROPERTY DAMAGE AND INJURY,1.,0 ,2 ,COLLISION WITH MOTOR VEHICLE,RIGHT ANGLE,TRAFFIC SIGNAL,DAYLIGHT,CLOUDY,DRY
6836 ,34372918,MONROE,Penfield,,,N,43.1671332,-77.4330243,07/07/2012,6:55 PM,INJURY,1.,0 ,1 ,OTHER NON-COLLISION,OTHER,NONE,DAYLIGHT,CLOUDY,DRY
6836 ,34372921,MONROE,Chili,,383 43011139,N,43.108816,-77.674876,07/19/2012,4:30 PM,PROPERTY DAMAGE AND INJURY,2.,0 ,2 ,COLLISION WITH MOTOR VEHICLE,RIGHT ANGLE,TRAFFIC SIGNAL,DAYLIGHT,CLEAR,DRY
6836 ,34372936,MONROE,Greece,,,Y,43.23834,-77.646847,07/20/2012,12:10 PM,PROPERTY DAMAGE AND INJURY,1.,0 ,2 ,COLLISION WITH MOTOR VEHICLE,REAR END,TRAFFIC SIGNAL,DAYLIGHT,CLOUDY,DRY
6836 ,34372937,MONROE,Greece,,,Y,43.25909,-77.7508589,07/20/2012,8:09 AM,PROPERTY DAMAGE AND INJURY,2.,0 ,2 ,COLLISION WITH MOTOR VEHICLE,REAR END,NONE,DAYLIGHT,CLOUDY,DRY
6836 ,34373234,MONROE,Rochester,,,N,43.1397486,-77.5835252,07/09/2012,10:34 AM,PROPERTY DAMAGE AND INJURY,1.,0 ,2 ,COLLISION WITH MOTOR VEHICLE,REAR END,NONE,DAYLIGHT,CLEAR,DRY
6836 ,34373242,MONROE,Penfield,,250 43011111,N,43.1939005,-77.4304148,07/20/2012,6:12 PM,PROPERTY DAMAGE AND INJURY,1.,0 ,2 ,COLLISION WITH MOTOR VEHICLE,REAR END,NONE,DAYLIGHT,CLOUDY,DRY
6836 ,34373288,MONROE,Greece,,,N,43.2238942,-77.6777698,07/21/2012,3:12 AM,PROPERTY DAMAGE AND INJURY,2.,0 ,1 ,COLLISION WITH TREE,OTHER,NONE,DARK-ROAD LIGHTED,CLEAR,DRY
6836 ,34373336,MONROE,Penfield,,104 43035056,N,43.1890378,-77.5043558,05/30/2012,8:50 AM,INJURY,1.,0 ,1 ,COLLISION WITH BICYCLIST,OTHER,TRAFFIC SIGNAL,DAYLIGHT,CLEAR,DRY
6836 ,34373344,MONROE,Greece,,,Y,43.238368,-77.679339,06/21/2012,9:12 AM,PROPERTY DAMAGE AND INJURY,1.,0 ,2 ,COLLISION WITH MOTOR VEHICLE,REAR END,TRAFFIC SIGNAL,DAYLIGHT,CLEAR,DRY
6836 ,34373565,MONROE,Brighton,,,Y,43.137305,-77.520409,07/19/2012,5:48 PM,PROPERTY DAMAGE AND INJURY,2.,0 ,3 ,COLLISION WITH MOTOR VEHICLE,OTHER,NONE,DAYLIGHT,CLOUDY,DRY
6836 ,34373688,MONROE,Rochester,,,Y,43.181337,-77.580473,07/15/2012,12:45 PM,PROPERTY DAMAGE AND INJURY,1.,0 ,2 ,COLLISION WITH MOTOR VEHICLE,LEFT TURN (AGAINST OTHER CAR),STOP SIGN,DAYLIGHT,CLOUDY,DRY
6836 ,34373879,MONROE,Pittsford,,,Y,43.100487,-77.535474,07/19/2012,3:38 PM,INJURY,1.,0 ,2 ,COLLISION WITH MOTOR VEHICLE,RIGHT ANGLE,TRAFFIC SIGNAL,DAYLIGHT,CLOUDY,DRY
6836 ,34374476,MONROE,Penfield,,404 43035052,N,43.1826222,-77.5077486,05/06/2012,12:45 PM,PROPERTY DAMAGE AND INJURY,2.,0 ,2 ,COLLISION WITH MOTOR VEHICLE,RIGHT ANGLE,NONE,DAYLIGHT,CLEAR,DRY
6836 ,34374487,MONROE,Brighton,,31 43033009,N,43.1275758,-77.5658572,05/15/2012,4:38 PM,PROPERTY DAMAGE AND INJURY,1.,0 ,2 ,COLLISION WITH MOTOR VEHICLE,REAR END,NONE,DAYLIGHT,CLEAR,DRY
6836 ,34374488,MONROE,Brighton,,,Y,43.099144,-77.571414,05/15/2012,6:59 PM,INJURY,2.,0 ,2 ,COLLISION WITH MOTOR VEHICLE,REAR END,NO PASSING ZONE,DAYLIGHT,CLEAR,DRY
6836 ,34374491,MONROE,Gates,,,Y,43.16466,-77.701555,05/15/2012,7:27 PM,INJURY,1.,0 ,2 ,COLLISION WITH MOTOR VEHICLE,REAR END,TRAFFIC SIGNAL,DAYLIGHT,CLEAR,DRY
6836 ,34374495,MONROE,Penfield,,,N,43.1302132,-77.4758738,05/14/2012,3:45 PM,PROPERTY DAMAGE AND INJURY,1.,0 ,3 ,COLLISION WITH MOTOR VEHICLE,OTHER,TRAFFIC SIGNAL,DAYLIGHT,CLOUDY,DRY
6836 ,34374497,MONROE,Hamlin,,19 43041125,N,43.3082729,-77.9204378,05/07/2012,6:05 PM,INJURY,1.,0 ,2 ,COLLISION WITH MOTOR VEHICLE,LEFT TURN (AGAINST OTHER CAR),STOP SIGN,DAYLIGHT,RAIN,WET
6836 ,34375069,MONROE,Brighton,,441 43011104,N,43.1290034,-77.5231204,05/13/2012,8:58 PM,PROPERTY DAMAGE AND INJURY,1.,0 ,1 ,COLLISION WITH CURBING,OTHER,TRAFFIC SIGNAL,DARK-ROAD LIGHTED,CLEAR,DRY
6836 ,34375085,MONROE,Rochester,,,Y,43.155041,-77.594424,07/18/2012,3:12 PM,PROPERTY DAMAGE AND INJURY,1.,0 ,1 ,COLLISION WITH OTHER,OTHER,NONE,DAYLIGHT,CLEAR,DRY
6836 ,34375865,MONROE,Rush,,15A43041087,N,43.001119,-77.6442716,07/22/2012,12:06 AM,PROPERTY DAMAGE AND INJURY,1.,0 ,3 ,COLLISION WITH MOTOR VEHICLE,OTHER,NONE,DARK-ROAD UNLIGHTED,CLOUDY,DRY
6836 ,34375866,MONROE,Henrietta,,252 43011088,N,43.0870964,-77.600677,07/19/2012,5:07 PM,PROPERTY DAMAGE AND INJURY,3.,0 ,4 ,COLLISION WITH MOTOR VEHICLE,OTHER,NONE,DAYLIGHT,CLOUDY,DRY
6836 ,34375868,MONROE,Henrietta,,,N,43.0680561,-77.6422272,07/20/2012,3:56 PM,PROPERTY DAMAGE AND INJURY,1.,0 ,2 ,COLLISION WITH MOTOR VEHICLE,SIDESWIPE,NONE,DAYLIGHT,CLEAR,DRY
6836 ,34375873,MONROE,Mendon,,251 43011254,Y,42.998173,-77.493817,07/19/2012,4:13 PM,PROPERTY DAMAGE AND INJURY,2.,0 ,2 ,COLLISION WITH MOTOR VEHICLE,LEFT TURN (WITH OTHER CAR),NONE,DAYLIGHT,CLOUDY,DRY
6836 ,34375881,MONROE,Penfield,,,N,43.1741645,-77.5176584,07/20/2012,1:39 PM,PROPERTY DAMAGE AND INJURY,1.,0 ,2 ,COLLISION WITH MOTOR VEHICLE,REAR END,NONE,DAYLIGHT,CLOUDY,DRY
6836 ,34375884,MONROE,Irondequoit,,,Y,43.211809,-77.598319,07/21/2012,9:55 PM,INJURY,1.,0 ,2 ,COLLISION WITH MOTOR VEHICLE,REAR END,NONE,DARK-ROAD UNLIGHTED,CLOUDY,OTHER
6836 ,34375889,MONROE,Brighton,,15A43041128,N,43.108007,-77.615937,07/23/2012,2:46 PM,PROPERTY DAMAGE AND INJURY,1.,0 ,2 ,COLLISION WITH MOTOR VEHICLE,RIGHT ANGLE,TRAFFIC SIGNAL,DAYLIGHT,CLEAR,DRY
6836 ,34376093,MONROE,Rochester,,,N,43.1927633,-77.638873,07/18/2012,6:35 PM,INJURY,1.,0 ,1 ,COLLISION WITH BICYCLIST,OTHER,TRAFFIC SIGNAL,DAYLIGHT,CLEAR,DRY
6836 ,34376108,MONROE,Rochester,,,Y,43.1292,-77.636853,07/20/2012,2:58 PM,PROPERTY DAMAGE AND INJURY,1.,0 ,2 ,COLLISION WITH MOTOR VEHICLE,RIGHT ANGLE,STOP SIGN,DAYLIGHT,CLOUDY,DRY
6836 ,34376111,MONROE,Rochester,,,Y,43.168289,-77.561631,07/22/2012,3:12 PM,PROPERTY DAMAGE AND INJURY,1.,0 ,2 ,COLLISION WITH MOTOR VEHICLE,REAR END,NONE,DAYLIGHT,CLOUDY,DRY
6836 ,34376115,MONROE,Rochester,,33A43022008,Y,43.145301,-77.651002,07/22/2012,9:01 PM,INJURY,1.,0 ,1 ,COLLISION WITH PEDESTRIAN,OTHER,TRAFFIC SIGNAL,DUSK,CLEAR,DRY
6836 ,34376117,MONROE,Rochester,,,N,43.157224,-77.659553,07/17/2012,8:10 AM,PROPERTY DAMAGE AND INJURY,1.,0 ,2 ,COLLISION WITH MOTOR VEHICLE,LEFT TURN (AGAINST OTHER CAR),TRAFFIC SIGNAL,DAYLIGHT,CLEAR,DRY
6836 ,34376118,MONROE,Rochester,,,Y,43.1941758,-77.6273591,07/20/2012,5:25 PM,PROPERTY DAMAGE AND INJURY,1.,0 ,2 ,COLLISION WITH MOTOR VEHICLE,OVERTAKING,OTHER,DAYLIGHT,CLEAR,DRY
6836 ,34376119,MONROE,Rochester,,,Y,43.200455,-77.638723,07/20/2012,7:32 PM,INJURY,1.,0 ,1 ,COLLISION WITH BICYCLIST,OTHER,TRAFFIC SIGNAL,DAYLIGHT,CLEAR,DRY
6836 ,34376124,MONROE,Rochester,,940M43011011,Y,43.179329,-77.631715,07/23/2012,11:46 AM,INJURY,1.,0 ,3 ,COLLISION WITH MOTOR VEHICLE,OTHER,TRAFFIC SIGNAL,DAYLIGHT,CLEAR,DRY
6836 ,34376125,MONROE,Rochester,,,N,43.1568182,-77.6078984,07/21/2012,4:42 PM,INJURY,1.,0 ,1 ,COLLISION WITH BICYCLIST,OTHER,NONE,DAYLIGHT,CLEAR,DRY
6836 ,34376126,MONROE,Rochester,,,Y,43.164628,-77.638865,07/14/2012,6:12 PM,INJURY,1.,0 ,1 ,COLLISION WITH BICYCLIST,OTHER,TRAFFIC SIGNAL,DAYLIGHT,CLEAR,DRY
6836 ,34376254,MONROE,Greece,,,N,43.2216224,-77.6442246,07/19/2012,3:30 PM,INJURY,1.,0 ,2 ,COLLISION WITH MOTOR VEHICLE,REAR END,NONE,DAYLIGHT,CLOUDY,DRY
6836 ,34376255,MONROE,Greece,,,Y,43.253021,-77.696443,07/18/2012,2:20 PM,PROPERTY DAMAGE AND INJURY,1.,0 ,2 ,COLLISION WITH MOTOR VEHICLE,RIGHT ANGLE,TRAFFIC SIGNAL,DAYLIGHT,CLEAR,DRY
6836 ,34376258,MONROE,Greece,,18 43032118,N,43.253104,-77.7046729,07/18/2012,7:45 PM,PROPERTY DAMAGE AND INJURY,1.,0 ,1 ,OTHER NON-COLLISION,OTHER,NONE,DAYLIGHT,CLEAR,DRY
6836 ,34376262,MONROE,Greece,,,N,43.206569,-77.6758354,07/18/2012,9:35 AM,INJURY,1.,0 ,1 ,COLLISION WITH BICYCLIST,OTHER,TRAFFIC SIGNAL,DAYLIGHT,CLOUDY,DRY
6836 ,34376971,MONROE,Mendon,,,N,43.0196013,-77.4921097,07/20/2012,12:31 AM,PROPERTY DAMAGE AND INJURY,1.,0 ,1 ,COLLISION WITH DEER,OTHER,NONE,DARK-ROAD UNLIGHTED,CLOUDY,DRY
6836 ,34377115,MONROE,Perinton,,,Y,43.078265,-77.392135,07/23/2012,1:23 PM,PROPERTY DAMAGE AND INJURY,1.,0 ,2 ,COLLISION WITH MOTOR VEHICLE,RIGHT ANGLE,NONE,DAYLIGHT,CLEAR,DRY
6836 ,34377119,MONROE,Parma,,,N,43.2735585,-77.7601767,07/22/2012,4:56 PM,PROPERTY DAMAGE AND INJURY,1.,0 ,1 ,COLLISION WITH OTHER,OTHER,NONE,DAYLIGHT,CLEAR,DRY
6836 ,34377123,MONROE,Brighton,,65 43031127,N,43.1121514,-77.5492412,07/24/2012,9:28 AM,PROPERTY DAMAGE AND INJURY,2.,0 ,2 ,COLLISION WITH MOTOR VEHICLE,RIGHT ANGLE,NONE,DAYLIGHT,CLOUDY,DRY
6836 ,34377125,MONROE,Brighton,,,Y,43.126453,-77.564608,07/24/2012,12:17 PM,INJURY,1.,0 ,1 ,COLLISION WITH BICYCLIST,OTHER,TRAFFIC SIGNAL,DAYLIGHT,CLOUDY,DRY
6836 ,34377607,MONROE,Rochester,,,Y,43.144757,-77.6203199,05/12/2012,12:05 PM,INJURY,1.,0 ,1 ,COLLISION WITH BICYCLIST,OTHER,NONE,DAYLIGHT,CLEAR,DRY
6836 ,34377826,MONROE,Rochester,,490I43022059,N,43.1438665,-77.5668117,07/12/2012,6:57 AM,INJURY,1.,0 ,2 ,COLLISION WITH MOTOR VEHICLE,REAR END,NONE,DAYLIGHT,CLEAR,DRY
6836 ,34377831,MONROE,Rochester,,490I43022010,N,43.1569962,-77.6538703,07/22/2012,8:42 AM,PROPERTY DAMAGE AND INJURY,1.,0 ,2 ,COLLISION WITH MOTOR VEHICLE,REAR END,NONE,DAYLIGHT,CLEAR,DRY
6836 ,34378043,MONROE,Penfield,,,Y,43.1592977,-77.464127,07/02/2012,11:45 AM,INJURY,1.,0 ,2 ,COLLISION WITH MOTOR VEHICLE,RIGHT ANGLE,NONE,DAYLIGHT,CLOUDY,DRY
6836 ,34378055,MONROE,Perinton,,250 43011032,Y,43.0692606,-77.4423654,07/25/2012,12:11 PM,PROPERTY DAMAGE AND INJURY,1.,0 ,2 ,COLLISION WITH MOTOR VEHICLE,REAR END,TRAFFIC SIGNAL,DAYLIGHT,CLEAR,DRY
6836 ,34378061,MONROE,Irondequoit,,,N,43.1762367,-77.5424077,07/24/2012,4:54 PM,PROPERTY DAMAGE AND INJURY,1.,0 ,2 ,COLLISION WITH MOTOR VEHICLE,REAR END,NONE,DAYLIGHT,CLEAR,DRY
6836 ,34378063,MONROE,Pittsford,,31 43033031,N,43.103199,-77.5387139,07/19/2012,8:45 AM,PROPERTY DAMAGE AND INJURY,1.,0 ,2 ,COLLISION WITH MOTOR VEHICLE,LEFT TURN (AGAINST OTHER CAR),TRAFFIC SIGNAL,DAYLIGHT,CLOUDY,DRY
6836 ,34378066,MONROE,Irondequoit,,,N,43.2476123,-77.608276,07/25/2012,12:20 AM,PROPERTY DAMAGE AND INJURY,1.,0 ,1 ,COLLISION WITH CURBING,OTHER,NONE,DARK-ROAD LIGHTED,CLOUDY,DRY
6836 ,34378067,MONROE,Henrietta,,15A43041105,N,43.0762372,-77.6064575,07/25/2012,8:19 PM,PROPERTY DAMAGE AND INJURY,1.,0 ,2 ,COLLISION WITH MOTOR VEHICLE,RIGHT ANGLE,NONE,DUSK,CLEAR,DRY
6836 ,34378069,MONROE,Rochester,,,N,43.2031188,-77.5618223,07/24/2012,5:19 PM,INJURY,1.,0 ,1 ,OTHER NON-COLLISION,OTHER,NONE,DAYLIGHT,CLEAR,DRY
6836 ,34378075,MONROE,Brighton,,15 43031127,Y,43.111727,-77.623926,07/25/2012,12:47 PM,PROPERTY DAMAGE AND INJURY,1.,0 ,2 ,COLLISION WITH MOTOR VEHICLE,RIGHT ANGLE,TRAFFIC SIGNAL,DAYLIGHT,CLEAR,DRY
6836 ,34378365,MONROE,Rochester,,,Y,43.171734,-77.6280679,07/25/2012,3:51 PM,INJURY,1.,0 ,2 ,COLLISION WITH MOTOR VEHICLE,RIGHT ANGLE,TRAFFIC SIGNAL,DAYLIGHT,CLEAR,DRY
6836 ,34378376,MONROE,Rochester,,,Y,43.1468433,-77.5942147,07/06/2012,12:00 PM,INJURY,1.,0 ,1 ,COLLISION WITH PEDESTRIAN,OTHER,NONE,DAYLIGHT,CLEAR,DRY
6836 ,34378382,MONROE,Rochester,,,Y,43.179312,-77.6394599,07/24/2012,7:07 PM,PROPERTY DAMAGE AND INJURY,2.,0 ,2 ,COLLISION WITH MOTOR VEHICLE,REAR END,TRAFFIC SIGNAL,DAYLIGHT,CLEAR,DRY
6836 ,34378390,MONROE,Rochester,,,N,43.1610123,-77.575198,07/18/2012,1:12 PM,PROPERTY DAMAGE AND INJURY,1.,0 ,3 ,COLLISION WITH MOTOR VEHICLE,OTHER,NONE,DAYLIGHT,CLEAR,DRY
6836 ,34378699,MONROE,Greece,,390 43011048,N,43.2262203,-77.6738303,07/25/2012,2:38 PM,PROPERTY DAMAGE AND INJURY,1.,0 ,2 ,COLLISION WITH MOTOR VEHICLE,REAR END,NONE,DAYLIGHT,CLOUDY,DRY
6836 ,34378803,MONROE,Henrietta,,,Y,43.087046,-77.581938,04/25/2012,3:30 PM,INJURY,1.,0 ,2 ,COLLISION WITH MOTOR VEHICLE,REAR END,UNKNOWN,UNKNOWN,UNKNOWN,UNKNOWN
6836 ,34378981,MONROE,Webster,,,Y,43.21816,-77.400001,07/25/2012,8:53 AM,PROPERTY DAMAGE AND INJURY,1.,0 ,2 ,COLLISION WITH MOTOR VEHICLE,RIGHT ANGLE,TRAFFIC SIGNAL,DAYLIGHT,CLEAR,DRY
6836 ,34378993,MONROE,Brockport,,,N,43.2084593,-77.9406354,07/16/2012,1:43 PM,INJURY,1.,0 ,3 ,COLLISION WITH MOTOR VEHICLE,OTHER,NONE,DAYLIGHT,CLEAR,DRY
6836 ,34378995,MONROE,Brighton,,286A43011008,Y,43.149495,-77.52826,07/26/2012,8:33 PM,PROPERTY DAMAGE AND INJURY,2.,0 ,2 ,COLLISION WITH MOTOR VEHICLE,RIGHT ANGLE,TRAFFIC SIGNAL,DARK-ROAD LIGHTED,RAIN,WET
6836 ,34378998,MONROE,Brighton,,96 43051086,Y,43.127291,-77.528059,07/26/2012,9:52 PM,PROPERTY DAMAGE AND INJURY,1.,0 ,2 ,COLLISION WITH MOTOR VEHICLE,REAR END,TRAFFIC SIGNAL,DARK-ROAD LIGHTED,CLOUDY,DRY
6836 ,34378999,MONROE,Brighton,,,Y,43.130072,-77.5907669,07/26/2012,4:03 PM,INJURY,1.,0 ,2 ,COLLISION WITH MOTOR VEHICLE,REAR END,NONE,DAYLIGHT,CLOUDY,DRY
6836 ,34379000,MONROE,Brighton,,,Y,43.1058707,-77.6188399,07/26/2012,2:35 PM,PROPERTY DAMAGE AND INJURY,1.,0 ,2 ,COLLISION WITH MOTOR VEHICLE,LEFT TURN (WITH OTHER CAR),NONE,DAYLIGHT,CLOUDY,DRY
6836 ,34379001,MONROE,Brighton,,286 43011002,N,43.1574803,-77.5366119,07/26/2012,8:20 AM,PROPERTY DAMAGE AND INJURY,2.,0 ,2 ,COLLISION WITH MOTOR VEHICLE,LEFT TURN (AGAINST OTHER CAR),NONE,DAYLIGHT,CLOUDY,DRY
6836 ,34379003,MONROE,Gates,,,N,43.160228,-77.753848,07/26/2012,8:12 AM,INJURY,1.,0 ,2 ,COLLISION WITH MOTOR VEHICLE,REAR END,TRAFFIC SIGNAL,DAYLIGHT,CLOUDY,DRY
6836 ,34379005,MONROE,Gates,,,Y,43.138298,-77.671613,07/25/2012,5:32 PM,PROPERTY DAMAGE AND INJURY,1.,0 ,2 ,COLLISION WITH MOTOR VEHICLE,REAR END,TRAFFIC SIGNAL,DAYLIGHT,CLOUDY,DRY
6836 ,34379236,MONROE,Greece,,,Y,43.197768,-77.721105,07/24/2012,5:10 PM,PROPERTY DAMAGE AND INJURY,2.,0 ,2 ,COLLISION WITH MOTOR VEHICLE,RIGHT ANGLE,STOP SIGN,DAYLIGHT,CLEAR,DRY
6836 ,34379237,MONROE,Greece,,,Y,43.223758,-77.710113,07/27/2012,12:56 PM,PROPERTY DAMAGE AND INJURY,2.,0 ,2 ,COLLISION WITH MOTOR VEHICLE,REAR END,NONE,DAYLIGHT,CLEAR,DRY
6836 ,34379503,MONROE,Penfield,,,N,43.1470283,-77.4943516,07/26/2012,9:25 PM,PROPERTY DAMAGE AND INJURY,1.,0 ,1 ,COLLISION WITH GUIDE RAIL,OTHER,NO PASSING ZONE,DARK-ROAD UNLIGHTED,CLOUDY,DRY
6836 ,34379504,MONROE,Perinton,,,N,43.0362798,-77.4364417,07/27/2012,9:20 PM,PROPERTY DAMAGE AND INJURY,1.,0 ,1 ,COLLISION WITH GUIDE RAIL,OTHER,NONE,DARK-ROAD UNLIGHTED,CLEAR,DRY
6836 ,34379506,MONROE,Henrietta,,,N,43.0930055,-77.633622,07/27/2012,8:20 AM,PROPERTY DAMAGE AND INJURY,1.,0 ,2 ,COLLISION WITH MOTOR VEHICLE,RIGHT ANGLE,NONE,DAYLIGHT,CLOUDY,DRY
6836 ,34379507,MONROE,Penfield,,441 43011074,N,43.1305815,-77.3995111,07/22/2012,10:17 PM,PROPERTY DAMAGE AND INJURY,1.,0 ,1 ,COLL. W/LIGHT SUPPORT/UTILITY POLE,OTHER,NONE,DARK-ROAD UNLIGHTED,CLEAR,DRY
6836 ,34379519,MONROE,Parma,,104 43031121,N,43.218761,-77.7666239,07/26/2012,10:55 AM,INJURY,1.,0 ,2 ,COLLISION WITH MOTOR VEHICLE,LEFT TURN (AGAINST OTHER CAR),NONE,DAYLIGHT,CLOUDY,DRY
6836 ,34379520,MONROE,Chili,,390I43033001,N,43.1226242,-77.6480415,07/12/2012,6:13 PM,INJURY,1.,0 ,2 ,COLLISION WITH MOTOR VEHICLE,REAR END,NONE,DAYLIGHT,CLEAR,DRY
6836 ,34379530,MONROE,Honeoye Falls,,,N,42.9622055,-77.5708629,06/06/2012,5:49 PM,PROPERTY DAMAGE AND INJURY,1.,0 ,1 ,COLL. W/LIGHT SUPPORT/UTILITY POLE,OTHER,NONE,DAYLIGHT,CLEAR,DRY
6836 ,34379532,MONROE,Brighton,,,Y,43.095843,-77.581901,07/27/2012,12:30 PM,PROPERTY DAMAGE AND INJURY,1.,0 ,2 ,COLLISION WITH MOTOR VEHICLE,REAR END,TRAFFIC SIGNAL,DAYLIGHT,CLEAR,DRY
6836 ,34379534,MONROE,Gates,,,Y,43.130651,-77.681547,07/27/2012,3:36 PM,PROPERTY DAMAGE AND INJURY,1.,0 ,1 ,COLL. W/EARTH ELE./ROCK CUT/DITCH,OTHER,NONE,DAYLIGHT,CLEAR,DRY
6836 ,34379535,MONROE,Gates,,,N,43.1335684,-77.6672603,07/27/2012,1:25 PM,PROPERTY DAMAGE AND INJURY,1.,0 ,1 ,COLLISION WITH PEDESTRIAN,OTHER,NONE,DAYLIGHT,CLEAR,DRY
6836 ,34379792,MONROE,Greece,,,Y,43.231178,-77.650869,07/26/2012,1:45 PM,PROPERTY DAMAGE AND INJURY,2.,0 ,2 ,COLLISION WITH MOTOR VEHICLE,RIGHT ANGLE,STOP SIGN,DAYLIGHT,CLEAR,DRY
6836 ,34379925,MONROE,Rochester,,490I43022007,N,43.157373,-77.6594203,07/10/2012,3:49 PM,INJURY,3.,0 ,1 ,COLLISION WITH GUIDE RAIL,OTHER,NONE,DAYLIGHT,CLEAR,DRY
6836 ,34379927,MONROE,Rochester,,490I43022032,N,43.1520255,-77.6147287,07/24/2012,5:27 PM,INJURY,1.,0 ,2 ,COLLISION WITH MOTOR VEHICLE,REAR END,NONE,DAYLIGHT,CLEAR,DRY
6836 ,34380012,MONROE,Rochester,,,Y,43.165848,-77.624187,07/20/2012,11:57 PM,PROPERTY DAMAGE AND INJURY,1.,0 ,1 ,COLLISION WITH MEDIAN/BARRIER - END,OTHER,NONE,DARK-ROAD LIGHTED,CLEAR,DRY
6836 ,34380014,MONROE,Rochester,,,Y,43.171305,-77.569449,07/28/2012,10:03 PM,INJURY,2.,0 ,2 ,COLLISION WITH MOTOR VEHICLE,RIGHT ANGLE,TRAFFIC SIGNAL,DARK-ROAD LIGHTED,CLEAR,DRY
6836 ,34380017,MONROE,Rochester,,,Y,43.124634,-77.6175109,07/26/2012,4:44 PM,PROPERTY DAMAGE AND INJURY,1.,0 ,2 ,COLLISION WITH MOTOR VEHICLE,LEFT TURN (WITH OTHER CAR),TRAFFIC SIGNAL,DAYLIGHT,CLEAR,DRY
6836 ,34380019,MONROE,Rochester,,,Y,43.165767,-77.569736,07/27/2012,7:11 PM,INJURY,1.,0 ,2 ,COLLISION WITH MOTOR VEHICLE,RIGHT ANGLE,STOP SIGN,DAYLIGHT,CLEAR,DRY
6836 ,34380022,MONROE,Rochester,,,Y,43.149875,-77.586273,07/25/2012,5:24 PM,INJURY,1.,0 ,2 ,COLLISION WITH MOTOR VEHICLE,RIGHT ANGLE,TRAFFIC SIGNAL,DAYLIGHT,CLEAR,DRY
6836 ,34380030,MONROE,Rochester,,,N,43.1584956,-77.6069687,07/26/2012,12:38 PM,INJURY,1.,0 ,1 ,COLLISION WITH BICYCLIST,OTHER,NONE,DAYLIGHT,CLEAR,DRY