QUERYID,CASE #,REGN_CNTY_CDE,Municipality,MUNITYPE,REF_MRKR,ATINTERSECTION_IND,Lat,Long,,Time,Crash Type,Injuries,Fatalities,Number of Vehicles,ACCD_TYP,COLLISION_TYP,TRAF_CNTL,Light Condition,Weather Condition,Road Surface Condition
6836 ,34380033,MONROE,Rochester,,31 43032008,Y,43.164658,-77.659556,07/26/2012,1:52 PM,PROPERTY DAMAGE AND INJURY,1.,0 ,2 ,COLLISION WITH MOTOR VEHICLE,REAR END,TRAFFIC SIGNAL,DAYLIGHT,CLEAR,DRY
6836 ,34380035,MONROE,Rochester,,,N,43.1528518,-77.588476,07/26/2012,6:46 PM,INJURY,1.,0 ,2 ,COLLISION WITH MOTOR VEHICLE,REAR END,NONE,DAYLIGHT,CLEAR,DRY
6836 ,34380036,MONROE,Rochester,,,N,43.1182317,-77.6167648,06/28/2012,6:12 PM,PROPERTY DAMAGE AND INJURY,2.,0 ,2 ,COLLISION WITH MOTOR VEHICLE,RIGHT ANGLE,NONE,DAYLIGHT,CLEAR,DRY
6836 ,34380053,MONROE,Wheatland,,,Y,43.027948,-77.767561,07/28/2012,2:45 PM,PROPERTY DAMAGE AND INJURY,4.,0 ,2 ,COLLISION WITH MOTOR VEHICLE,RIGHT ANGLE,STOP SIGN,DAYLIGHT,CLOUDY,WET
6836 ,34380054,MONROE,Mendon,,65 43031034,N,42.986164,-77.5796428,07/25/2012,5:06 PM,PROPERTY DAMAGE AND INJURY,1.,0 ,1 ,COLL. W/LIGHT SUPPORT/UTILITY POLE,OTHER,NONE,DAYLIGHT,CLEAR,DRY
6836 ,34380059,MONROE,Irondequoit,,,Y,43.197509,-77.584715,07/27/2012,11:40 AM,INJURY,1.,0 ,1 ,COLLISION WITH PEDESTRIAN,OTHER,TRAFFIC SIGNAL,DAYLIGHT,CLEAR,DRY
6836 ,34380063,MONROE,Irondequoit,,,N,43.1988042,-77.5769984,07/28/2012,3:49 PM,INJURY,1.,0 ,2 ,COLLISION WITH MOTOR VEHICLE,REAR END,NONE,DAYLIGHT,CLEAR,DRY
6836 ,34380686,MONROE,Brighton,,,Y,43.106951,-77.601261,02/11/2012,3:00 PM,INJURY,1.,0 ,2 ,COLLISION WITH MOTOR VEHICLE,REAR END,UNKNOWN,UNKNOWN,SNOW,UNKNOWN
6836 ,34380885,MONROE,Webster,,,N,43.2101048,-77.4494463,04/21/2012,10:30 AM,PROPERTY DAMAGE AND INJURY,1.,0 ,2 ,COLLISION WITH MOTOR VEHICLE,REAR END,NONE,DAYLIGHT,RAIN,WET
6836 ,34381305,MONROE,Parma,,,N,43.2484095,-77.7912955,07/27/2012,3:41 AM,INJURY,1.,0 ,1 ,COLLISION WITH TREE,OTHER,NONE,DARK-ROAD UNLIGHTED,CLOUDY,DRY
6836 ,34381307,MONROE,Mendon,,65 43031022,N,42.9718333,-77.5918675,07/28/2012,10:15 AM,PROPERTY DAMAGE AND INJURY,1.,0 ,1 ,COLL. W/LIGHT SUPPORT/UTILITY POLE,OTHER,NONE,DAYLIGHT,CLOUDY,WET
6836 ,34381308,MONROE,Chili,,383 43011124,Y,43.088521,-77.683968,07/25/2012,10:13 PM,PROPERTY DAMAGE AND INJURY,1.,0 ,2 ,COLLISION WITH MOTOR VEHICLE,LEFT TURN (AGAINST OTHER CAR),STOP SIGN,DARK-ROAD LIGHTED,CLEAR,WET
6836 ,34381310,MONROE,Henrietta,,15 43031056,Y,43.072662,-77.644567,07/26/2012,7:16 AM,PROPERTY DAMAGE AND INJURY,2.,0 ,2 ,COLLISION WITH MOTOR VEHICLE,REAR END,TRAFFIC SIGNAL,DAYLIGHT,CLOUDY,WET
6836 ,34381312,MONROE,Henrietta,,,N,43.0875253,-77.6093541,07/30/2012,12:55 PM,INJURY,1.,0 ,1 ,COLLISION WITH BICYCLIST,OTHER,NONE,DAYLIGHT,CLEAR,DRY
6836 ,34381315,MONROE,Irondequoit,,,Y,43.193649,-77.574735,07/28/2012,7:18 PM,PROPERTY DAMAGE AND INJURY,1.,0 ,1 ,COLLISION WITH BICYCLIST,OTHER,STOP SIGN,DAYLIGHT,CLEAR,DRY
6836 ,34382002,MONROE,Webster,,18 43035034,N,43.2358296,-77.5296585,07/28/2012,3:44 AM,PROPERTY DAMAGE AND INJURY,2.,0 ,2 ,COLLISION WITH MOTOR VEHICLE,OVERTAKING,NONE,DARK-ROAD LIGHTED,CLEAR,DRY
6836 ,34382003,MONROE,Sweden,,,N,43.2198363,-77.9009581,07/06/2012,5:05 PM,PROPERTY DAMAGE AND INJURY,1.,0 ,1 ,COLLISION WITH DEER,OTHER,NONE,DAYLIGHT,CLEAR,DRY
6836 ,34382010,MONROE,Mendon,,,N,43.0153263,-77.4967937,07/27/2012,11:40 PM,PROPERTY DAMAGE AND INJURY,1.,0 ,1 ,COLL. W/EARTH ELE./ROCK CUT/DITCH,OTHER,NONE,DARK-ROAD UNLIGHTED,CLOUDY,DRY
6836 ,34382013,MONROE,Rush,,15A43041030,N,42.984938,-77.6230054,07/26/2012,4:03 AM,INJURY,1.,0 ,1 ,COLLISION WITH TREE,OTHER,NONE,DARK-ROAD UNLIGHTED,RAIN,WET
6836 ,34382015,MONROE,Brighton,,,N,43.1237659,-77.5616126,07/31/2012,2:13 PM,PROPERTY DAMAGE AND INJURY,1.,0 ,2 ,COLLISION WITH MOTOR VEHICLE,RIGHT ANGLE,NONE,DAYLIGHT,CLEAR,DRY
6836 ,34382023,MONROE,Parma,,104 43031093,N,43.2204243,-77.8219815,07/02/2012,4:02 PM,PROPERTY DAMAGE AND INJURY,2.,0 ,2 ,COLLISION WITH MOTOR VEHICLE,RIGHT ANGLE,STOP SIGN,DAYLIGHT,CLEAR,DRY
6836 ,34382027,MONROE,Hilton,,,Y,43.290694,-77.784171,07/26/2012,5:35 PM,INJURY,1.,0 ,1 ,COLLISION WITH BICYCLIST,OTHER,STOP SIGN,DAYLIGHT,CLOUDY,DRY
6836 ,34383054,MONROE,Riga,,,N,43.0693413,-77.8598148,07/19/2012,10:41 PM,PROPERTY DAMAGE AND INJURY,1.,0 ,2 ,COLLISION WITH MOTOR VEHICLE,SIDESWIPE,STOP SIGN,DARK-ROAD LIGHTED,CLEAR,DRY
6836 ,34383123,MONROE,Irondequoit,,,N,43.2115999,-77.5684762,07/22/2012,9:03 PM,INJURY,1.,0 ,2 ,COLLISION WITH MOTOR VEHICLE,REAR END,NONE,DARK-ROAD LIGHTED,CLEAR,DRY
6836 ,34383299,MONROE,Rochester,,,Y,43.144713,-77.636042,07/25/2012,9:50 PM,INJURY,1.,0 ,1 ,COLLISION WITH MOTOR VEHICLE,OTHER,NONE,DARK-ROAD LIGHTED,CLOUDY,DRY
6836 ,34383302,MONROE,Rochester,,,Y,43.162183,-77.626493,07/27/2012,11:41 PM,INJURY,1.,0 ,1 ,COLLISION WITH PEDESTRIAN,OTHER,STOP SIGN,DARK-ROAD LIGHTED,CLEAR,DRY
6836 ,34383389,MONROE,Rochester,,,Y,43.205696,-77.6289619,07/26/2012,2:55 PM,INJURY,1.,0 ,1 ,COLLISION WITH PEDESTRIAN,OTHER,STOP SIGN,DAYLIGHT,CLEAR,DRY
6836 ,34383485,MONROE,Henrietta,,252 43011083,N,43.087153,-77.6102579,07/31/2012,4:50 PM,INJURY,2.,0 ,3 ,COLLISION WITH MOTOR VEHICLE,OTHER,TRAFFIC SIGNAL,DAYLIGHT,RAIN,WET
6836 ,34383808,MONROE,Riga,,490I43021059,N,43.0970538,-77.8698599,07/22/2012,5:43 AM,FATAL,2.,1 ,1 ,OVERTURNED,OTHER,NONE,DAYLIGHT,CLOUDY,DRY
6836 ,34383810,MONROE,Penfield,,104 43035056,Y,43.189866,-77.5039131,07/10/2012,10:24 PM,FATAL,0.,1 ,1 ,COLLISION WITH PEDESTRIAN,OTHER,NONE,DARK-ROAD UNLIGHTED,CLEAR,DRY
6836 ,34383814,MONROE,Penfield,,104 43035056,N,43.1903783,-77.5036448,06/30/2012,2:00 PM,FATAL,0.,1 ,2 ,COLLISION WITH MOTOR VEHICLE,RIGHT ANGLE,NONE,DAYLIGHT,CLEAR,DRY
6836 ,34383816,MONROE,Penfield,,,N,43.1911716,-77.4845636,06/30/2012,5:39 PM,FATAL,0.,1 ,1 ,COLL. W/LIGHT SUPPORT/UTILITY POLE,OTHER,NONE,DAYLIGHT,CLEAR,DRY
6836 ,34383818,MONROE,Chili,,,Y,43.125645,-77.765689,07/01/2012,4:28 AM,FATAL,0.,1 ,1 ,COLLISION WITH TREE,OTHER,STOP SIGN,DARK-ROAD LIGHTED,CLEAR,DRY
6836 ,34384074,MONROE,Rochester,,,Y,43.124791,-77.61428,07/27/2012,10:48 PM,PROPERTY DAMAGE AND INJURY,1.,0 ,2 ,COLLISION WITH MOTOR VEHICLE,LEFT TURN (WITH OTHER CAR),TRAFFIC SIGNAL,DARK-ROAD LIGHTED,CLOUDY,DRY
6836 ,34384076,MONROE,Rochester,,,Y,43.172298,-77.5968136,07/23/2012,1:33 AM,PROPERTY DAMAGE AND INJURY,2.,0 ,2 ,COLLISION WITH MOTOR VEHICLE,REAR END,NONE,DARK-ROAD LIGHTED,CLOUDY,DRY
6836 ,34384086,MONROE,Perinton,,490I43023085,N,43.0441633,-77.4629908,07/16/2012,2:38 AM,INJURY,1.,0 ,1 ,COLLISION WITH ANIMAL,OTHER,NONE,DARK-ROAD LIGHTED,CLEAR,DRY
6836 ,34384088,MONROE,Irondequoit,,,N,43.202117,-77.5664006,07/31/2012,5:00 PM,PROPERTY DAMAGE AND INJURY,1.,0 ,1 ,OVERTURNED,OTHER,NONE,DAYLIGHT,RAIN,WET
6836 ,34384089,MONROE,Brockport,,,Y,43.213985,-77.93583,07/30/2012,4:30 PM,PROPERTY DAMAGE AND INJURY,2.,0 ,2 ,COLLISION WITH MOTOR VEHICLE,LEFT TURN (AGAINST OTHER CAR),STOP SIGN,DAYLIGHT,CLEAR,DRY
6836 ,34384095,MONROE,Brighton,,15 43031126,Y,43.111727,-77.623926,08/01/2012,4:35 PM,INJURY,1.,0 ,2 ,COLLISION WITH MOTOR VEHICLE,REAR END,TRAFFIC SIGNAL,DAYLIGHT,CLEAR,DRY
6836 ,34384106,MONROE,Gates,,,Y,43.164886,-77.6911321,08/01/2012,5:09 PM,INJURY,1.,0 ,2 ,COLLISION WITH MOTOR VEHICLE,SIDESWIPE,TRAFFIC SIGNAL,DAYLIGHT,CLEAR,DRY
6836 ,34384109,MONROE,Riga,,,Y,43.096705,-77.914089,07/30/2012,8:03 AM,PROPERTY DAMAGE AND INJURY,1.,0 ,1 ,COLLISION WITH SIGN POST,OTHER,NONE,DAYLIGHT,CLEAR,DRY
6836 ,34384115,MONROE,Perinton,,31F43011070,N,43.094028,-77.3979781,07/20/2012,10:02 PM,PROPERTY DAMAGE AND INJURY,2.,0 ,2 ,COLLISION WITH MOTOR VEHICLE,HEAD ON,NONE,DARK-ROAD UNLIGHTED,CLEAR,DRY
6836 ,34384470,MONROE,Rochester,,,Y,43.1399,-77.619456,07/17/2012,3:40 PM,INJURY,1.,0 ,2 ,COLLISION WITH MOTOR VEHICLE,SIDESWIPE,STOP SIGN,DAYLIGHT,CLEAR,DRY
6836 ,34384478,MONROE,Rochester,,,Y,43.187626,-77.576289,07/21/2012,6:47 PM,PROPERTY DAMAGE AND INJURY,2.,0 ,3 ,COLLISION WITH MOTOR VEHICLE,OTHER,TRAFFIC SIGNAL,DAYLIGHT,CLEAR,DRY
6836 ,34384497,MONROE,Rochester,,,N,43.1806087,-77.5848583,06/17/2012,1:43 AM,INJURY,1.,0 ,1 ,COLLISION WITH FENCE,OTHER,NONE,DARK-ROAD LIGHTED,CLEAR,DRY
6836 ,34384950,MONROE,Rochester,,,Y,43.170102,-77.611754,07/25/2012,4:50 PM,INJURY,1.,0 ,1 ,COLLISION WITH PEDESTRIAN,OTHER,TRAFFIC SIGNAL,DAYLIGHT,CLEAR,DRY
6836 ,34384951,MONROE,Rochester,,,N,43.1824469,-77.6041218,08/01/2012,3:35 PM,INJURY,1.,0 ,1 ,COLLISION WITH PEDESTRIAN,OTHER,NONE,DAYLIGHT,CLEAR,DRY
6836 ,34384952,MONROE,Rochester,,,Y,43.18474,-77.599439,08/01/2012,6:55 PM,INJURY,1.,0 ,2 ,COLLISION WITH MOTOR VEHICLE,REAR END,NONE,DAYLIGHT,CLEAR,DRY
6836 ,34384953,MONROE,Spencerport,,,N,43.1916868,-77.8004824,08/01/2012,4:50 PM,INJURY,1.,0 ,1 ,COLLISION WITH PEDESTRIAN,OTHER,NONE,DAYLIGHT,CLEAR,DRY
6836 ,34384954,MONROE,Rochester,,,Y,43.130133,-77.6108911,07/27/2012,9:34 PM,PROPERTY DAMAGE AND INJURY,1.,0 ,2 ,COLLISION WITH MOTOR VEHICLE,REAR END,NONE,DARK-ROAD LIGHTED,CLEAR,DRY
6836 ,34384958,MONROE,Rochester,,,N,43.1656015,-77.6658022,08/01/2012,12:39 PM,INJURY,1.,0 ,1 ,COLLISION WITH PEDESTRIAN,OTHER,NONE,DAYLIGHT,CLOUDY,DRY
6836 ,34384962,MONROE,Rochester,,,N,43.1945119,-77.6114564,07/22/2012,12:59 AM,PROPERTY DAMAGE AND INJURY,1.,0 ,2 ,COLLISION WITH MOTOR VEHICLE,RIGHT ANGLE,NONE,DARK-ROAD LIGHTED,CLEAR,DRY
6836 ,34384964,MONROE,Rochester,,,N,43.1491558,-77.6396626,07/31/2012,8:54 AM,INJURY,1.,0 ,1 ,COLLISION WITH BICYCLIST,OTHER,NONE,DAYLIGHT,CLEAR,DRY
6836 ,34385139,MONROE,Rochester,,590 43012000,N,43.1585844,-77.5393238,07/31/2012,5:45 PM,PROPERTY DAMAGE AND INJURY,1.,0 ,2 ,COLLISION WITH MOTOR VEHICLE,REAR END,YIELD SIGN,DAYLIGHT,RAIN,WET
6836 ,34385226,MONROE,Greece,,,N,43.2056837,-77.6656034,07/31/2012,1:59 PM,PROPERTY DAMAGE AND INJURY,1.,0 ,2 ,COLLISION WITH MOTOR VEHICLE,OVERTAKING,NONE,DAYLIGHT,CLOUDY,DRY
6836 ,34385228,MONROE,Greece,,18 43031217,N,43.2353308,-77.6468955,07/30/2012,3:50 PM,PROPERTY DAMAGE AND INJURY,1.,0 ,2 ,COLLISION WITH MOTOR VEHICLE,OTHER,NONE,DAYLIGHT,CLEAR,DRY
6836 ,34385237,MONROE,Greece,,104 43031153,Y,43.210554,-77.7066649,07/29/2012,5:09 PM,INJURY,1.,0 ,2 ,COLLISION WITH MOTOR VEHICLE,REAR END,TRAFFIC SIGNAL,DAYLIGHT,CLEAR,DRY
6836 ,34385547,MONROE,Penfield,,,N,43.1302608,-77.4102026,07/31/2012,3:28 PM,PROPERTY DAMAGE AND INJURY,1.,0 ,2 ,COLLISION WITH MOTOR VEHICLE,REAR END,NONE,DAYLIGHT,CLEAR,DRY
6836 ,34385552,MONROE,Penfield,,,Y,43.182399,-77.507867,07/31/2012,6:47 PM,PROPERTY DAMAGE AND INJURY,1.,0 ,3 ,COLLISION WITH MOTOR VEHICLE,OTHER,TRAFFIC SIGNAL,DAYLIGHT,RAIN,WET
6836 ,34385554,MONROE,Parma,,,Y,43.210282,-77.850059,08/02/2012,1:00 PM,INJURY,1.,0 ,2 ,COLLISION WITH MOTOR VEHICLE,RIGHT TURN (AGAINST OTHER CAR),NONE,DAYLIGHT,CLEAR,DRY
6836 ,34385558,MONROE,Penfield,,441 43011041,N,43.131219,-77.4629205,08/01/2012,2:13 PM,INJURY,2.,0 ,2 ,COLLISION WITH MOTOR VEHICLE,REAR END,NONE,DAYLIGHT,CLOUDY,DRY
6836 ,34385561,MONROE,Brighton,,31 43033021,N,43.1117026,-77.5486439,08/03/2012,1:31 PM,PROPERTY DAMAGE AND INJURY,1.,0 ,2 ,COLLISION WITH MOTOR VEHICLE,RIGHT ANGLE,NONE,DAYLIGHT,CLEAR,DRY
6836 ,34385562,MONROE,Irondequoit,,,Y,43.210681,-77.598275,08/03/2012,12:32 AM,PROPERTY DAMAGE AND INJURY,2.,0 ,1 ,COLLISION WITH CURBING,OTHER,TRAFFIC SIGNAL,DARK-ROAD LIGHTED,CLEAR,DRY
6836 ,34385571,MONROE,Gates,,,N,43.1793068,-77.7015654,08/03/2012,9:02 AM,PROPERTY DAMAGE AND INJURY,2.,0 ,2 ,COLLISION WITH MOTOR VEHICLE,RIGHT ANGLE,NONE,DAYLIGHT,CLEAR,DRY
6836 ,34385688,MONROE,Rochester,,590I43012004,N,43.1431567,-77.5474166,08/03/2012,6:56 PM,PROPERTY DAMAGE AND INJURY,1.,0 ,1 ,COLLISION WITH OTHER BARRIER,OTHER,NONE,DAYLIGHT,CLEAR,DRY
6836 ,34385811,MONROE,Greece,,,N,43.2108037,-77.7318769,08/03/2012,10:53 AM,PROPERTY DAMAGE AND INJURY,1.,0 ,2 ,COLLISION WITH MOTOR VEHICLE,REAR END,NONE,DAYLIGHT,CLEAR,DRY
6836 ,34385812,MONROE,Greece,,,N,43.252886,-77.667925,08/03/2012,1:25 PM,INJURY,1.,0 ,2 ,COLLISION WITH MOTOR VEHICLE,REAR END,TRAFFIC SIGNAL,DAYLIGHT,CLEAR,DRY
6836 ,34386033,MONROE,Rochester,,,N,43.17694,-77.6060029,08/03/2012,2:41 PM,INJURY,1.,0 ,2 ,COLLISION WITH MOTOR VEHICLE,OVERTAKING,NONE,DAYLIGHT,CLEAR,DRY
6836 ,34386038,MONROE,Rochester,,,Y,43.173324,-77.612791,07/25/2012,11:50 AM,PROPERTY DAMAGE AND INJURY,1.,0 ,3 ,COLLISION WITH OTHER,OTHER,NONE,DAYLIGHT,CLEAR,DRY
6836 ,34386040,MONROE,Ogden,,31 43031089,N,43.188431,-77.8629348,08/03/2012,4:35 PM,PROPERTY DAMAGE AND INJURY,1.,0 ,2 ,COLLISION WITH MOTOR VEHICLE,REAR END,NONE,DAYLIGHT,CLEAR,DRY
6836 ,34386046,MONROE,Rochester,,,Y,43.227685,-77.626564,07/21/2012,12:56 AM,PROPERTY DAMAGE AND INJURY,1.,0 ,3 ,COLLISION WITH MOTOR VEHICLE,OTHER,NONE,DARK-ROAD LIGHTED,CLEAR,DRY
6836 ,34386049,MONROE,Rochester,,,N,43.1393512,-77.6371327,08/02/2012,2:47 AM,PROPERTY DAMAGE AND INJURY,1.,0 ,2 ,COLLISION WITH MOTOR VEHICLE,REAR END,NONE,DARK-ROAD LIGHTED,CLEAR,DRY
6836 ,34386054,MONROE,Rochester,,,N,43.1360207,-77.6274499,08/03/2012,2:45 AM,INJURY,1.,0 ,1 ,COLLISION WITH PEDESTRIAN,OTHER,NONE,DARK-ROAD LIGHTED,CLEAR,DRY
6836 ,34386057,MONROE,Rochester,,,N,43.1748746,-77.6142762,07/28/2012,8:58 PM,PROPERTY DAMAGE AND INJURY,4.,0 ,2 ,COLLISION WITH MOTOR VEHICLE,LEFT TURN (AGAINST OTHER CAR),NONE,DUSK,CLEAR,DRY
6836 ,34386060,MONROE,Rochester,,,N,43.1728894,-77.5591637,07/27/2012,2:57 PM,PROPERTY DAMAGE AND INJURY,1.,0 ,2 ,COLLISION WITH MOTOR VEHICLE,REAR END,NONE,DAYLIGHT,CLEAR,DRY
6836 ,34386073,MONROE,Wheatland,,383 43011070,Y,43.030032,-77.7420679,08/03/2012,10:00 AM,PROPERTY DAMAGE AND INJURY,1.,0 ,2 ,COLLISION WITH MOTOR VEHICLE,RIGHT ANGLE,STOP SIGN,DAYLIGHT,CLEAR,DRY
6836 ,34386081,MONROE,Irondequoit,,,Y,43.230391,-77.599329,08/02/2012,10:07 AM,PROPERTY DAMAGE AND INJURY,1.,0 ,2 ,COLLISION WITH MOTOR VEHICLE,LEFT TURN (WITH OTHER CAR),TRAFFIC SIGNAL,DAYLIGHT,CLEAR,DRY
6836 ,34386084,MONROE,Rochester,,,N,43.196037,-77.561399,07/31/2012,11:50 AM,PROPERTY DAMAGE AND INJURY,1.,0 ,2 ,COLLISION WITH MOTOR VEHICLE,RIGHT ANGLE,TRAFFIC SIGNAL,DAYLIGHT,CLEAR,DRY
6836 ,34386085,MONROE,Brighton,,31 43033022,Y,43.111017,-77.547717,08/04/2012,3:17 PM,INJURY,1.,0 ,2 ,COLLISION WITH MOTOR VEHICLE,REAR END,TRAFFIC SIGNAL,DAYLIGHT,CLOUDY,DRY
6836 ,34386495,MONROE,Rochester,,,Y,43.169745,-77.595153,08/04/2012,6:40 PM,PROPERTY DAMAGE AND INJURY,2.,0 ,2 ,COLLISION WITH MOTOR VEHICLE,RIGHT ANGLE,TRAFFIC SIGNAL,DAYLIGHT,CLEAR,DRY
6836 ,34386496,MONROE,Rochester,,,Y,43.176343,-77.598884,08/01/2012,6:46 PM,PROPERTY DAMAGE AND INJURY,1.,0 ,2 ,COLLISION WITH MOTOR VEHICLE,RIGHT TURN (WITH OTHER CAR),NONE,DAYLIGHT,CLEAR,DRY
6836 ,34386501,MONROE,Brighton,,,N,43.1074598,-77.5760222,06/20/2012,3:57 PM,INJURY,2.,0 ,2 ,COLLISION WITH MOTOR VEHICLE,REAR END,YIELD SIGN,DAYLIGHT,CLEAR,DRY
6836 ,34386506,MONROE,Henrietta,,,N,43.0958575,-77.5828366,06/25/2012,3:51 PM,PROPERTY DAMAGE AND INJURY,1.,0 ,2 ,COLLISION WITH MOTOR VEHICLE,RIGHT ANGLE,NONE,DAYLIGHT,CLOUDY,DRY
6836 ,34386515,MONROE,Penfield,,104 43035057,N,43.1903783,-77.5036448,07/31/2012,4:15 PM,PROPERTY DAMAGE AND INJURY,1.,0 ,2 ,COLLISION WITH MOTOR VEHICLE,REAR END,NONE,DAYLIGHT,CLOUDY,DRY
6836 ,34386522,MONROE,Henrietta,,,Y,43.095843,-77.581901,07/31/2012,7:18 PM,PROPERTY DAMAGE AND INJURY,2.,0 ,2 ,COLLISION WITH MOTOR VEHICLE,HEAD ON,TRAFFIC SIGNAL,DAYLIGHT,CLOUDY,WET
6836 ,34386527,MONROE,Rush,,,Y,43.002972,-77.657344,07/30/2012,4:50 PM,PROPERTY DAMAGE AND INJURY,3.,0 ,2 ,COLLISION WITH MOTOR VEHICLE,REAR END,NONE,DAYLIGHT,CLEAR,DRY
6836 ,34386533,MONROE,Perinton,,490I43023064,N,43.0723232,-77.4778149,08/03/2012,5:18 PM,PROPERTY DAMAGE AND INJURY,1.,0 ,1 ,COLL. W/EARTH ELE./ROCK CUT/DITCH,OTHER,NONE,DAYLIGHT,CLEAR,DRY
6836 ,34386539,MONROE,Pittsford,,31 43033044,N,43.0908872,-77.5154248,07/31/2012,4:40 PM,PROPERTY DAMAGE AND INJURY,1.,0 ,3 ,COLLISION WITH MOTOR VEHICLE,OTHER,NONE,DAYLIGHT,CLOUDY,DRY
6836 ,34386541,MONROE,Perinton,,31F43011065,Y,43.094175,-77.387411,08/04/2012,3:13 PM,PROPERTY DAMAGE AND INJURY,2.,0 ,2 ,COLLISION WITH MOTOR VEHICLE,REAR END,NONE,DAYLIGHT,CLEAR,DRY
6836 ,34386542,MONROE,Penfield,,,N,43.1940786,-77.5017525,08/05/2012,1:30 PM,PROPERTY DAMAGE AND INJURY,1.,0 ,2 ,COLLISION WITH MOTOR VEHICLE,RIGHT ANGLE,NONE,DAYLIGHT,CLOUDY,DRY
6836 ,34386543,MONROE,Brighton,,590I43011031,N,43.1149806,-77.5520791,08/05/2012,10:24 AM,PROPERTY DAMAGE AND INJURY,2.,0 ,3 ,COLLISION WITH MOTOR VEHICLE,OTHER,OTHER,DAYLIGHT,CLEAR,DRY
6836 ,34386551,MONROE,Irondequoit,,104 43035031,Y,43.1769036,-77.5405976,08/04/2012,11:13 AM,PROPERTY DAMAGE AND INJURY,2.,0 ,3 ,COLLISION WITH MOTOR VEHICLE,OTHER,NONE,DAYLIGHT,CLEAR,DRY
6836 ,34386796,MONROE,Rochester,,490I43022050,N,43.1422205,-77.5852677,07/31/2012,6:00 PM,PROPERTY DAMAGE AND INJURY,2.,0 ,2 ,COLLISION WITH MOTOR VEHICLE,REAR END,NONE,DAYLIGHT,RAIN,WET
6836 ,34386856,MONROE,Greece,,,N,43.209321,-77.6918939,08/02/2012,6:17 PM,PROPERTY DAMAGE AND INJURY,3.,0 ,3 ,COLLISION WITH MOTOR VEHICLE,OTHER,TRAFFIC SIGNAL,DAYLIGHT,CLEAR,DRY
6836 ,34387564,MONROE,Perinton,,96 43051007,N,43.0395856,-77.4581193,08/01/2012,4:30 PM,PROPERTY DAMAGE AND INJURY,1.,0 ,2 ,COLLISION WITH MOTOR VEHICLE,RIGHT ANGLE,TRAFFIC SIGNAL,DAYLIGHT,CLEAR,DRY
6836 ,34388396,MONROE,Rochester,,,Y,43.183317,-77.599347,07/22/2012,9:07 PM,INJURY,1.,0 ,1 ,COLLISION WITH PEDESTRIAN,OTHER,OFFICER/FLAGMAN/GUARD,DUSK,CLEAR,DRY
6836 ,34389170,MONROE,Greece,,947A43021183,N,43.2732711,-77.6890101,07/01/2012,6:32 PM,PROPERTY DAMAGE AND INJURY,2.,0 ,2 ,COLLISION WITH MOTOR VEHICLE,REAR END,NONE,DAYLIGHT,CLEAR,DRY
6836 ,34389298,MONROE,Ogden,,531 43012057,N,43.1607938,-77.7586643,07/07/2012,10:30 AM,INJURY,1.,0 ,1 ,COLLISION WITH TREE,OTHER,NONE,DAYLIGHT,RAIN,WET
6836 ,34389301,MONROE,Irondequoit,,,N,43.2016345,-77.5680664,07/05/2012,8:00 AM,PROPERTY DAMAGE AND INJURY,1.,0 ,2 ,COLLISION WITH MOTOR VEHICLE,OTHER,NONE,DAYLIGHT,CLEAR,DRY
6836 ,34389310,MONROE,Rochester,,,N,43.2037173,-77.6560437,07/07/2012,4:55 PM,PROPERTY DAMAGE AND INJURY,2.,0 ,3 ,COLLISION WITH MOTOR VEHICLE,OTHER,TRAFFIC SIGNAL,DAYLIGHT,CLOUDY,DRY
6836 ,34389328,MONROE,Rochester,,15 43032017,Y,43.138688,-77.6144481,07/08/2012,3:28 PM,INJURY,1.,0 ,3 ,COLLISION WITH MOTOR VEHICLE,OTHER,NONE,DAYLIGHT,CLEAR,DRY
6836 ,34390244,MONROE,Rochester,,,Y,43.143876,-77.639535,05/29/2012,7:43 AM,PROPERTY DAMAGE AND INJURY,3.,0 ,3 ,COLLISION WITH MOTOR VEHICLE,OTHER,STOP SIGN,DAYLIGHT,CLEAR,DRY
6836 ,34390571,MONROE,Chili,,,N,43.1074945,-77.7812313,08/05/2012,2:54 PM,PROPERTY DAMAGE AND INJURY,1.,0 ,2 ,COLLISION WITH MOTOR VEHICLE,SIDESWIPE,NONE,DAYLIGHT,RAIN,WET
6836 ,34390572,MONROE,Penfield,,,N,43.1790295,-77.5096793,07/31/2012,5:19 PM,PROPERTY DAMAGE AND INJURY,3.,0 ,2 ,COLLISION WITH MOTOR VEHICLE,SIDESWIPE,NONE,DAYLIGHT,RAIN,WET
6836 ,34390580,MONROE,Parma,,104 43031083,N,43.2224417,-77.8411548,08/05/2012,9:54 AM,PROPERTY DAMAGE AND INJURY,1.,0 ,1 ,COLLISION WITH TREE,OTHER,NONE,DAYLIGHT,CLOUDY,DRY
6836 ,34390583,MONROE,Hilton,,,Y,43.291093,-77.7830231,08/03/2012,1:07 PM,INJURY,1.,0 ,2 ,COLLISION WITH MOTOR VEHICLE,REAR END,NONE,DAYLIGHT,CLEAR,DRY
6836 ,34390585,MONROE,Penfield,,441 43011082,N,43.1308264,-77.3826738,08/06/2012,8:01 PM,INJURY,1.,0 ,1 ,COLLISION WITH TREE,OTHER,NONE,DUSK,CLEAR,DRY
6836 ,34390586,MONROE,Henrietta,,390I43031101,N,43.0755053,-77.6280409,08/03/2012,1:43 PM,PROPERTY DAMAGE AND INJURY,1.,0 ,1 ,COLLISION WITH MEDIAN/BARRIER - END,OTHER,NONE,DAYLIGHT,CLEAR,DRY
6836 ,34390593,MONROE,Gates,,,Y,43.175866,-77.6946021,07/29/2012,11:47 AM,PROPERTY DAMAGE AND INJURY,1.,0 ,2 ,COLLISION WITH MOTOR VEHICLE,RIGHT ANGLE,STOP SIGN,DAYLIGHT,CLEAR,DRY