QUERYID,CASE #,REGN_CNTY_CDE,Municipality,MUNITYPE,REF_MRKR,ATINTERSECTION_IND,Lat,Long,,Time,Crash Type,Injuries,Fatalities,Number of Vehicles,ACCD_TYP,COLLISION_TYP,TRAF_CNTL,Light Condition,Weather Condition,Road Surface Condition
6836 ,34390954,MONROE,Rochester,,,N,43.1580653,-77.6161549,06/04/2012,10:01 AM,INJURY,1.,0 ,1 ,COLLISION WITH PEDESTRIAN,OTHER,NONE,DAYLIGHT,RAIN,WET
6836 ,34391390,MONROE,Rochester,,,Y,43.198291,-77.561575,05/23/2012,4:20 PM,PROPERTY DAMAGE AND INJURY,2.,0 ,2 ,COLLISION WITH MOTOR VEHICLE,LEFT TURN (AGAINST OTHER CAR),NONE,DAYLIGHT,CLEAR,DRY
6836 ,34391507,MONROE,Rochester,,,Y,43.194506,-77.5613491,05/11/2012,7:22 AM,PROPERTY DAMAGE AND INJURY,2.,0 ,2 ,COLLISION WITH MOTOR VEHICLE,RIGHT ANGLE,STOP SIGN,DAYLIGHT,CLEAR,DRY
6836 ,34391510,MONROE,Rochester,,,Y,43.175098,-77.607614,05/20/2012,7:58 AM,PROPERTY DAMAGE AND INJURY,1.,0 ,3 ,COLLISION WITH MOTOR VEHICLE,OTHER,TRAFFIC SIGNAL,DAYLIGHT,CLEAR,DRY
6836 ,34391808,MONROE,Rochester,,,Y,43.18207,-77.586681,06/20/2012,1:14 PM,INJURY,1.,0 ,1 ,COLLISION WITH BICYCLIST,OTHER,STOP SIGN,DAYLIGHT,CLEAR,DRY
6836 ,34391809,MONROE,Rochester,,,Y,43.132053,-77.650929,06/20/2012,1:47 PM,PROPERTY DAMAGE AND INJURY,1.,0 ,2 ,COLLISION WITH MOTOR VEHICLE,SIDESWIPE,STOP SIGN,DAYLIGHT,CLEAR,DRY
6836 ,34392016,MONROE,Rochester,,490I43022055,N,43.1431873,-77.5746596,08/05/2012,2:52 PM,PROPERTY DAMAGE AND INJURY,1.,0 ,1 ,COLLISION WITH OTHER BARRIER,OTHER,NONE,DAYLIGHT,RAIN,WET
6836 ,34392172,MONROE,Rochester,,,N,43.2525572,-77.6156404,07/06/2012,11:05 PM,PROPERTY DAMAGE AND INJURY,1.,0 ,2 ,COLLISION WITH CURBING,OTHER,NONE,DARK-ROAD LIGHTED,CLEAR,DRY
6836 ,34392180,MONROE,Rochester,,,N,43.1833717,-77.6137212,07/22/2012,1:37 PM,INJURY,3.,0 ,3 ,COLLISION WITH MOTOR VEHICLE,OTHER,NONE,DAYLIGHT,CLEAR,DRY
6836 ,34392182,MONROE,Rochester,,,Y,43.175505,-77.588521,07/22/2012,2:27 PM,PROPERTY DAMAGE AND INJURY,1.,0 ,2 ,COLLISION WITH MOTOR VEHICLE,REAR END,NONE,DAYLIGHT,CLEAR,DRY
6836 ,34392183,MONROE,Rochester,,,Y,43.144107,-77.6545979,08/01/2012,4:02 PM,PROPERTY DAMAGE AND INJURY,1.,0 ,2 ,COLLISION WITH MOTOR VEHICLE,RIGHT ANGLE,STOP SIGN,DAYLIGHT,CLEAR,DRY
6836 ,34392187,MONROE,Rochester,,,Y,43.146607,-77.62043,08/02/2012,2:49 PM,INJURY,2.,0 ,2 ,COLLISION WITH MOTOR VEHICLE,REAR END,NONE,DAYLIGHT,CLEAR,DRY
6836 ,34392196,MONROE,Rochester,,,Y,43.163339,-77.5964671,07/25/2012,4:05 PM,PROPERTY DAMAGE AND INJURY,2.,0 ,2 ,COLLISION WITH MOTOR VEHICLE,RIGHT ANGLE,STOP SIGN,DAYLIGHT,CLEAR,DRY
6836 ,34392204,MONROE,Rochester,,,N,43.1463896,-77.6486414,08/05/2012,2:00 PM,INJURY,1.,0 ,1 ,COLLISION WITH PEDESTRIAN,OTHER,NONE,DAYLIGHT,RAIN,WET
6836 ,34392205,MONROE,Rochester,,,Y,43.14659,-77.634559,08/07/2012,5:30 PM,PROPERTY DAMAGE AND INJURY,2.,0 ,2 ,COLLISION WITH MOTOR VEHICLE,RIGHT ANGLE,NONE,DAYLIGHT,CLEAR,DRY
6836 ,34392213,MONROE,Rochester,,,Y,43.1507,-77.634267,08/06/2012,3:19 PM,PROPERTY DAMAGE AND INJURY,2.,0 ,2 ,COLLISION WITH MOTOR VEHICLE,HEAD ON,TRAFFIC SIGNAL,DAYLIGHT,CLEAR,DRY
6836 ,34392214,MONROE,Rochester,,,Y,43.179202,-77.659612,08/06/2012,6:02 PM,PROPERTY DAMAGE AND INJURY,2.,0 ,2 ,COLLISION WITH MOTOR VEHICLE,RIGHT ANGLE,STOP SIGN,DAYLIGHT,CLEAR,DRY
6836 ,34392215,MONROE,Rochester,,,Y,43.180927,-77.64151,08/05/2012,7:27 PM,INJURY,1.,0 ,1 ,COLLISION WITH BICYCLIST,OTHER,STOP SIGN,DAYLIGHT,CLOUDY,DRY
6836 ,34392223,MONROE,Gates,,,N,43.1304058,-77.6922466,08/06/2012,9:18 PM,INJURY,1.,0 ,1 ,OVERTURNED,OTHER,NONE,DARK-ROAD LIGHTED,CLEAR,DRY
6836 ,34392236,MONROE,Gates,,390I43037007,N,43.1399858,-77.668953,08/06/2012,7:27 PM,PROPERTY DAMAGE AND INJURY,1.,0 ,2 ,COLLISION WITH MOTOR VEHICLE,OVERTAKING,NONE,DAYLIGHT,CLOUDY,DRY
6836 ,34392237,MONROE,Pittsford,,31 43033045,N,43.0904233,-77.5140681,08/06/2012,5:42 PM,PROPERTY DAMAGE AND INJURY,1.,0 ,2 ,COLLISION WITH MOTOR VEHICLE,RIGHT ANGLE,NONE,DAYLIGHT,CLEAR,DRY
6836 ,34392238,MONROE,Parma,,,N,43.2926788,-77.7778183,08/06/2012,7:17 AM,PROPERTY DAMAGE AND INJURY,1.,0 ,1 ,COLL. W/LIGHT SUPPORT/UTILITY POLE,OTHER,NO PASSING ZONE,DAYLIGHT,CLEAR,DRY
6836 ,34392247,MONROE,Irondequoit,,,Y,43.200341,-77.5724311,08/06/2012,4:57 PM,INJURY,1.,0 ,2 ,COLLISION WITH MOTOR VEHICLE,RIGHT ANGLE,STOP SIGN,DAYLIGHT,CLEAR,DRY
6836 ,34392250,MONROE,Irondequoit,,,N,43.1994047,-77.5758199,08/06/2012,8:20 PM,INJURY,1.,0 ,2 ,COLLISION WITH MOTOR VEHICLE,RIGHT ANGLE,NONE,DUSK,CLEAR,DRY
6836 ,34392566,MONROE,Greece,,,Y,43.25273,-77.628506,07/30/2012,5:11 PM,INJURY,1.,0 ,1 ,COLLISION WITH PEDESTRIAN,OTHER,TRAFFIC SIGNAL,DAYLIGHT,CLEAR,DRY
6836 ,34392572,MONROE,Greece,,,Y,43.186914,-77.701511,08/08/2012,6:35 AM,PROPERTY DAMAGE AND INJURY,1.,0 ,2 ,COLLISION WITH MOTOR VEHICLE,LEFT TURN (AGAINST OTHER CAR),TRAFFIC SIGNAL,DAWN,CLEAR,DRY
6836 ,34392573,MONROE,Greece,,,N,43.224645,-77.7524284,08/03/2012,9:09 PM,PROPERTY DAMAGE AND INJURY,4.,0 ,2 ,COLLISION WITH MOTOR VEHICLE,REAR END,NONE,DARK-ROAD LIGHTED,CLEAR,DRY
6836 ,34392575,MONROE,Greece,,,N,43.1912715,-77.6831227,08/03/2012,6:39 PM,PROPERTY DAMAGE AND INJURY,1.,0 ,2 ,COLLISION WITH MOTOR VEHICLE,REAR END,TRAFFIC SIGNAL,DAYLIGHT,CLEAR,DRY
6836 ,34392577,MONROE,Greece,,,N,43.2071622,-77.6795397,08/05/2012,3:38 PM,INJURY,2.,0 ,3 ,COLLISION WITH MOTOR VEHICLE,OTHER,NONE,DAYLIGHT,RAIN,WET
6836 ,34392664,MONROE,Rochester,,383 43012014,Y,43.137202,-77.625683,05/25/2012,8:00 AM,PROPERTY DAMAGE AND INJURY,3.,0 ,3 ,COLLISION WITH MOTOR VEHICLE,OTHER,TRAFFIC SIGNAL,DAYLIGHT,CLEAR,DRY
6836 ,34392841,MONROE,Greece,,390 43011048,N,43.2250308,-77.6745582,08/01/2012,6:56 PM,PROPERTY DAMAGE AND INJURY,1.,0 ,2 ,COLLISION WITH MOTOR VEHICLE,REAR END,HIGHWAY WORK AREA,DAYLIGHT,CLEAR,DRY
6836 ,34393010,MONROE,Rochester,,,Y,43.149509,-77.571697,08/08/2012,5:37 PM,INJURY,1.,0 ,2 ,COLLISION WITH MOTOR VEHICLE,LEFT TURN (AGAINST OTHER CAR),TRAFFIC SIGNAL,DAYLIGHT,CLEAR,DRY
6836 ,34393025,MONROE,Gates,,,Y,43.147073,-77.711237,08/09/2012,4:57 PM,INJURY,1.,0 ,2 ,COLLISION WITH MOTOR VEHICLE,REAR END,TRAFFIC SIGNAL,DAYLIGHT,CLOUDY,DRY
6836 ,34393036,MONROE,Gates,,390 43011010,N,43.1706914,-77.6830227,07/24/2012,6:40 AM,INJURY,1.,0 ,2 ,COLLISION WITH MOTOR VEHICLE,REAR END,YIELD SIGN,DAYLIGHT,CLOUDY,DRY
6836 ,34393039,MONROE,Rush,,15A43041038,N,42.990319,-77.6364268,08/07/2012,2:11 PM,PROPERTY DAMAGE AND INJURY,1.,0 ,2 ,COLLISION WITH MOTOR VEHICLE,RIGHT ANGLE,NONE,DAYLIGHT,CLEAR,DRY
6836 ,34393042,MONROE,Pittsford,,252 43011110,N,43.0874144,-77.5572359,07/24/2012,3:53 PM,PROPERTY DAMAGE AND INJURY,1.,0 ,2 ,COLLISION WITH MOTOR VEHICLE,REAR END,TRAFFIC SIGNAL,DAYLIGHT,CLEAR,DRY
6836 ,34393054,MONROE,Henrietta,,,N,43.094175,-77.6293397,08/03/2012,10:00 AM,PROPERTY DAMAGE AND INJURY,1.,0 ,2 ,COLLISION WITH MOTOR VEHICLE,RIGHT ANGLE,NONE,DAYLIGHT,CLEAR,DRY
6836 ,34393055,MONROE,Honeoye Falls,,,N,42.9645868,-77.5913834,08/09/2012,2:38 PM,PROPERTY DAMAGE AND INJURY,1.,0 ,1 ,COLLISION WITH OTHER FIXED OBJECT,OTHER,NONE,DAYLIGHT,CLOUDY,DRY
6836 ,34393056,MONROE,Wheatland,,,N,42.9916536,-77.8601153,08/08/2012,4:41 PM,PROPERTY DAMAGE AND INJURY,1.,0 ,2 ,COLLISION WITH MOTOR VEHICLE,REAR END,NONE,DAYLIGHT,CLEAR,DRY
6836 ,34393061,MONROE,Mendon,,,Y,42.9864156,-77.52458,08/08/2012,5:35 PM,INJURY,1.,0 ,1 ,COLLISION WITH TREE,OTHER,NONE,DAYLIGHT,CLEAR,WET
6836 ,34393220,MONROE,Greece,,390 43011048,N,43.2263103,-77.6737949,08/08/2012,5:23 PM,PROPERTY DAMAGE AND INJURY,5.,0 ,2 ,COLLISION WITH MOTOR VEHICLE,REAR END,NONE,DAYLIGHT,CLEAR,DRY
6836 ,34393300,MONROE,Greece,,,Y,43.245017,-77.659158,08/07/2012,10:51 PM,INJURY,1.,0 ,1 ,OTHER NON-COLLISION,OTHER,NONE,DARK-ROAD LIGHTED,CLEAR,DRY
6836 ,34393600,MONROE,Mendon,,,N,42.9744511,-77.5130246,08/04/2012,12:50 AM,PROPERTY DAMAGE AND INJURY,1.,0 ,1 ,COLLISION WITH TREE,OTHER,NONE,DARK-ROAD UNLIGHTED,CLEAR,DRY
6836 ,34393612,MONROE,Brighton,,15 43031126,N,43.112116,-77.6237131,08/10/2012,4:40 PM,PROPERTY DAMAGE AND INJURY,1.,0 ,2 ,COLLISION WITH MOTOR VEHICLE,RIGHT ANGLE,TRAFFIC SIGNAL,DAYLIGHT,CLOUDY,DRY
6836 ,34393614,MONROE,Irondequoit,,,Y,43.2108,-77.594009,08/09/2012,9:45 AM,PROPERTY DAMAGE AND INJURY,2.,0 ,2 ,COLLISION WITH MOTOR VEHICLE,REAR END,NO PASSING ZONE,DAYLIGHT,CLOUDY,DRY
6836 ,34393625,MONROE,Rochester,,,N,43.193875,-77.6472976,08/08/2012,4:11 PM,PROPERTY DAMAGE AND INJURY,1.,0 ,1 ,COLLISION WITH PEDESTRIAN,OTHER,NONE,DAYLIGHT,CLOUDY,WET
6836 ,34393626,MONROE,Rochester,,,N,43.2023832,-77.6443823,08/07/2012,7:54 PM,INJURY,1.,0 ,1 ,COLLISION WITH BUILDING/WALL,OTHER,NONE,DAYLIGHT,CLEAR,DRY
6836 ,34394007,MONROE,Rochester,,,N,43.190879,-77.5998146,07/20/2012,5:50 PM,INJURY,1.,0 ,2 ,COLLISION WITH MOTOR VEHICLE,REAR END,NONE,DAYLIGHT,CLEAR,DRY
6836 ,34394011,MONROE,Rochester,,,N,43.1414343,-77.6205042,08/02/2012,10:28 AM,INJURY,1.,0 ,2 ,COLLISION WITH PEDESTRIAN,OTHER,NONE,DAYLIGHT,CLEAR,DRY
6836 ,34394019,MONROE,Rochester,,,Y,43.143038,-77.651004,08/12/2012,2:16 AM,PROPERTY DAMAGE AND INJURY,2.,0 ,2 ,COLLISION WITH MOTOR VEHICLE,RIGHT ANGLE,STOP SIGN,DARK-ROAD LIGHTED,CLEAR,DRY
6836 ,34394023,MONROE,Webster,,,Y,43.241177,-77.3876271,08/08/2012,5:14 PM,PROPERTY DAMAGE AND INJURY,1.,0 ,2 ,COLLISION WITH MOTOR VEHICLE,RIGHT ANGLE,STOP SIGN,DAYLIGHT,CLEAR,DRY
6836 ,34394028,MONROE,Penfield,,,N,43.1816215,-77.3905032,08/07/2012,9:55 AM,INJURY,2.,0 ,2 ,COLLISION WITH MOTOR VEHICLE,REAR END,NONE,DAYLIGHT,CLEAR,DRY
6836 ,34394034,MONROE,Brighton,,490I43023012,N,43.1329959,-77.5290646,08/08/2012,7:55 AM,PROPERTY DAMAGE AND INJURY,1.,0 ,2 ,COLLISION WITH MOTOR VEHICLE,REAR END,NONE,DAYLIGHT,CLEAR,DRY
6836 ,34394042,MONROE,Gates,,33 43031122,Y,43.147604,-77.709287,08/11/2012,5:53 PM,INJURY,1.,0 ,2 ,COLLISION WITH MOTOR VEHICLE,REAR END,TRAFFIC SIGNAL,DAYLIGHT,CLOUDY,DRY
6836 ,34394045,MONROE,Gates,,,N,43.139413,-77.66832,08/11/2012,11:25 AM,INJURY,1.,0 ,1 ,COLLISION WITH BICYCLIST,OTHER,TRAFFIC SIGNAL,DAYLIGHT,CLEAR,DRY
6836 ,34394261,MONROE,Parma,,259 43011078,N,43.2043133,-77.7968461,05/22/2012,4:45 PM,PROPERTY DAMAGE AND INJURY,1.,0 ,2 ,COLLISION WITH MOTOR VEHICLE,RIGHT ANGLE,STOP SIGN,DAYLIGHT,CLEAR,DRY
6836 ,34394860,MONROE,Rochester,,,N,43.1557133,-77.6125232,08/01/2012,10:25 PM,PROPERTY DAMAGE AND INJURY,1.,0 ,2 ,COLLISION WITH MOTOR VEHICLE,RIGHT ANGLE,TRAFFIC SIGNAL,DARK-ROAD LIGHTED,CLEAR,DRY
6836 ,34394958,MONROE,Rochester,,,N,43.2161625,-77.5573177,08/08/2012,2:20 PM,INJURY,1.,0 ,3 ,COLLISION WITH MOTOR VEHICLE,OTHER,NONE,DAYLIGHT,CLEAR,DRY
6836 ,34395545,MONROE,Rochester,,,Y,43.167017,-77.6395701,07/05/2012,6:40 PM,INJURY,2.,0 ,1 ,COLLISION WITH PEDESTRIAN,OTHER,NONE,DAYLIGHT,CLEAR,DRY
6836 ,34395955,MONROE,Wheatland,,383 43011078,Y,42.997896,-77.8607,08/12/2012,4:00 AM,INJURY,1.,0 ,1 ,COLLISION WITH SIGN POST,OTHER,NONE,DARK-ROAD UNLIGHTED,CLOUDY,DRY
6836 ,34395956,MONROE,Riga,,33A43021037,N,43.069505,-77.8637389,08/11/2012,7:23 PM,PROPERTY DAMAGE AND INJURY,3.,0 ,3 ,COLLISION WITH MOTOR VEHICLE,OTHER,NONE,DAYLIGHT,CLOUDY,DRY
6836 ,34395976,MONROE,Chili,,490I43021133,N,43.1225942,-77.7346267,08/08/2012,5:08 AM,PROPERTY DAMAGE AND INJURY,1.,0 ,1 ,COLL. W/EARTH ELE./ROCK CUT/DITCH,OTHER,NONE,DARK-ROAD LIGHTED,CLEAR,DRY
6836 ,34395982,MONROE,Irondequoit,,,Y,43.199078,-77.577022,08/11/2012,3:50 PM,INJURY,1.,0 ,1 ,COLLISION WITH BICYCLIST,OTHER,TRAFFIC SIGNAL,DAYLIGHT,CLOUDY,DRY
6836 ,34395984,MONROE,Irondequoit,,,N,43.1767671,-77.5452081,08/10/2012,9:08 PM,PROPERTY DAMAGE AND INJURY,1.,0 ,2 ,COLLISION WITH MOTOR VEHICLE,RIGHT ANGLE,NONE,DARK-ROAD LIGHTED,CLOUDY,DRY
6836 ,34395985,MONROE,Gates,,,N,43.1313854,-77.6881577,08/12/2012,1:27 PM,INJURY,1.,0 ,1 ,COLLISION WITH PEDESTRIAN,OTHER,NONE,DAYLIGHT,CLOUDY,DRY
6836 ,34396085,MONROE,Rochester,,,N,43.1697748,-77.6331331,08/11/2012,7:40 PM,PROPERTY DAMAGE AND INJURY,2.,0 ,3 ,COLLISION WITH MOTOR VEHICLE,OTHER,NONE,DUSK,CLEAR,DRY
6836 ,34396090,MONROE,Rochester,,,N,43.1764022,-77.5905853,08/08/2012,7:55 AM,INJURY,1.,0 ,1 ,COLLISION WITH PEDESTRIAN,OTHER,NONE,DAYLIGHT,CLEAR,DRY
6836 ,34396102,MONROE,Rochester,,,Y,43.176367,-77.5573561,08/07/2012,2:37 PM,INJURY,1.,0 ,1 ,COLLISION WITH BICYCLIST,OTHER,TRAFFIC SIGNAL,DAYLIGHT,CLEAR,DRY
6836 ,34396105,MONROE,Rochester,,,N,43.1179471,-77.6167677,08/08/2012,10:26 AM,INJURY,1.,0 ,2 ,COLLISION WITH MOTOR VEHICLE,REAR END,TRAFFIC SIGNAL,DAYLIGHT,CLEAR,DRY
6836 ,34396107,MONROE,Rochester,,,Y,43.119429,-77.618042,08/07/2012,9:25 AM,INJURY,1.,0 ,1 ,COLLISION WITH BICYCLIST,OTHER,STOP SIGN,DAYLIGHT,CLEAR,DRY
6836 ,34396111,MONROE,Rochester,,,Y,43.171424,-77.600525,06/27/2012,12:30 AM,INJURY,1.,0 ,1 ,COLLISION WITH CURBING,OTHER,STOP SIGN,DARK-ROAD LIGHTED,CLEAR,DRY
6836 ,34396112,MONROE,Rochester,,,Y,43.16073,-77.57318,08/10/2012,10:55 AM,PROPERTY DAMAGE AND INJURY,2.,0 ,2 ,COLLISION WITH MOTOR VEHICLE,LEFT TURN (AGAINST OTHER CAR),STOP SIGN,DAYLIGHT,CLEAR,DRY
6836 ,34396190,MONROE,Irondequoit,,104 43033004,N,43.1962519,-77.5763497,08/11/2012,11:45 AM,PROPERTY DAMAGE AND INJURY,2.,0 ,3 ,COLLISION WITH MOTOR VEHICLE,OTHER,HIGHWAY WORK AREA,DAYLIGHT,CLOUDY,DRY
6836 ,34396195,MONROE,Rochester,,96 43052001,N,43.1434847,-77.5486763,08/12/2012,2:10 PM,PROPERTY DAMAGE AND INJURY,1.,0 ,1 ,COLLISION WITH OTHER BARRIER,OTHER,NONE,DAYLIGHT,RAIN,WET
6836 ,34396328,MONROE,Greece,,386 43011012,N,43.1924051,-77.7319886,08/03/2012,11:09 PM,PROPERTY DAMAGE AND INJURY,3.,0 ,2 ,COLLISION WITH SIGN POST,HEAD ON,TRAFFIC SIGNAL,DARK-ROAD LIGHTED,CLOUDY,DRY
6836 ,34396331,MONROE,Greece,,,N,43.207247,-77.6791739,08/11/2012,5:13 PM,INJURY,1.,0 ,2 ,COLLISION WITH MOTOR VEHICLE,REAR END,TRAFFIC SIGNAL,DAYLIGHT,CLEAR,DRY
6836 ,34396336,MONROE,Parma,,261 43011003,N,43.2216242,-77.7525547,08/10/2012,3:19 AM,PROPERTY DAMAGE AND INJURY,1.,0 ,1 ,COLL. W/LIGHT SUPPORT/UTILITY POLE,OTHER,NONE,DARK-ROAD LIGHTED,CLEAR,DRY
6836 ,34396732,MONROE,Webster,,,N,43.2205926,-77.4466293,07/23/2012,8:49 AM,PROPERTY DAMAGE AND INJURY,1.,0 ,2 ,COLLISION WITH MOTOR VEHICLE,REAR END,NONE,DAYLIGHT,CLOUDY,DRY
6836 ,34396734,MONROE,Webster,,250 43011144,Y,43.241854,-77.428657,07/14/2012,11:39 AM,PROPERTY DAMAGE AND INJURY,1.,0 ,2 ,COLLISION WITH MOTOR VEHICLE,REAR END,NONE,DAYLIGHT,CLEAR,DRY
6836 ,34396736,MONROE,Pittsford,,31 43033057,N,43.0810022,-77.4941563,08/02/2012,5:29 PM,PROPERTY DAMAGE AND INJURY,2.,0 ,4 ,COLLISION WITH MOTOR VEHICLE,OTHER,TRAFFIC SIGNAL,DAYLIGHT,CLOUDY,DRY
6836 ,34396737,MONROE,Penfield,,286 43011011,N,43.154599,-77.5203811,08/09/2012,5:23 PM,PROPERTY DAMAGE AND INJURY,2.,0 ,2 ,COLLISION WITH MOTOR VEHICLE,RIGHT ANGLE,NONE,DAYLIGHT,CLOUDY,DRY
6836 ,34396739,MONROE,Penfield,,,N,43.189866,-77.5039131,08/12/2012,3:26 PM,INJURY,1.,0 ,2 ,COLLISION WITH MOTOR VEHICLE,REAR END,NONE,DAYLIGHT,CLOUDY,DRY
6836 ,34396746,MONROE,Rush,,,N,43.0030551,-77.6709185,08/12/2012,1:16 PM,PROPERTY DAMAGE AND INJURY,1.,0 ,2 ,COLLISION WITH MOTOR VEHICLE,REAR END,TRAFFIC SIGNAL,DAYLIGHT,CLOUDY,DRY
6836 ,34396750,MONROE,Brighton,,390I43031129,N,43.1053561,-77.6001422,08/13/2012,2:28 PM,PROPERTY DAMAGE AND INJURY,1.,0 ,1 ,COLLISION WITH GUIDE RAIL,OTHER,NONE,DAYLIGHT,CLEAR,DRY
6836 ,34396756,MONROE,Brighton,,31 43033008,N,43.1273035,-77.5655557,08/13/2012,10:36 AM,PROPERTY DAMAGE AND INJURY,1.,0 ,2 ,COLLISION WITH MOTOR VEHICLE,REAR END,TRAFFIC SIGNAL,DAYLIGHT,CLOUDY,DRY
6836 ,34396975,MONROE,Brighton,,590I43011036,N,43.1248136,-77.553374,08/10/2012,8:05 PM,PROPERTY DAMAGE AND INJURY,1.,0 ,2 ,COLLISION WITH MOTOR VEHICLE,OVERTAKING,OTHER,DARK-ROAD LIGHTED,CLOUDY,WET
6836 ,34397915,MONROE,Gates,,,N,43.1306718,-77.6792773,05/22/2012,3:46 PM,PROPERTY DAMAGE AND INJURY,1.,0 ,3 ,COLLISION WITH MOTOR VEHICLE,OTHER,TRAFFIC SIGNAL,DAYLIGHT,CLOUDY,DRY
6836 ,34398216,MONROE,Rochester,,,Y,43.15143,-77.63108,05/16/2012,12:33 PM,INJURY,1.,0 ,2 ,COLLISION WITH OTHER PEDESTRIAN,OTHER,NONE,DAYLIGHT,CLEAR,DRY
6836 ,34398229,MONROE,Greece,,,N,43.2524725,-77.6964522,06/27/2012,10:17 AM,PROPERTY DAMAGE AND INJURY,1.,0 ,2 ,COLLISION WITH MOTOR VEHICLE,RIGHT ANGLE,NONE,DAYLIGHT,CLEAR,DRY
6836 ,34398314,MONROE,Rochester,,,Y,43.187234,-77.588075,05/26/2012,10:49 AM,PROPERTY DAMAGE AND INJURY,3.,0 ,3 ,COLLISION WITH MOTOR VEHICLE,OTHER,NONE,DAYLIGHT,CLOUDY,DRY
6836 ,34398771,MONROE,Rochester,,,Y,43.194691,-77.628791,08/14/2012,6:43 AM,INJURY,1.,0 ,1 ,COLLISION WITH PEDESTRIAN,OTHER,TRAFFIC SIGNAL,DAYLIGHT,CLOUDY,DRY
6836 ,34398776,MONROE,Rochester,,,N,43.1672508,-77.6167926,07/21/2012,3:35 AM,INJURY,1.,0 ,1 ,COLLISION WITH CURBING,OTHER,NONE,DARK-ROAD LIGHTED,CLEAR,DRY
6836 ,34398780,MONROE,Rochester,,,Y,43.15843,-77.615431,08/09/2012,12:08 AM,PROPERTY DAMAGE AND INJURY,2.,0 ,2 ,COLLISION WITH MOTOR VEHICLE,LEFT TURN (WITH OTHER CAR),TRAFFIC SIGNAL,DARK-ROAD LIGHTED,CLEAR,DRY
6836 ,34398781,MONROE,Rochester,,,N,43.2026999,-77.6460725,08/13/2012,1:30 PM,PROPERTY DAMAGE AND INJURY,1.,0 ,3 ,COLLISION WITH MOTOR VEHICLE,OTHER,RR CROSSING GATES,DAYLIGHT,CLOUDY,DRY
6836 ,34398785,MONROE,Penfield,,,Y,43.190652,-77.451841,08/12/2012,2:14 AM,PROPERTY DAMAGE AND INJURY,1.,0 ,1 ,COLLISION WITH CULVERT/HEADWALL,OTHER,NONE,DARK-ROAD LIGHTED,CLOUDY,DRY
6836 ,34398788,MONROE,Irondequoit,,,Y,43.202896,-77.5637461,08/07/2012,11:00 AM,INJURY,1.,0 ,2 ,COLLISION WITH MOTOR VEHICLE,RIGHT TURN (WITH OTHER CAR),HIGHWAY WORK AREA,DAYLIGHT,CLEAR,DRY
6836 ,34398792,MONROE,Irondequoit,,,Y,43.210681,-77.598275,08/12/2012,10:36 PM,INJURY,2.,0 ,1 ,COLLISION WITH CURBING,OTHER,TRAFFIC SIGNAL,DARK-ROAD LIGHTED,CLEAR,DRY
6836 ,34398796,MONROE,Brighton,,441 43011101,Y,43.128765,-77.528213,08/14/2012,6:00 PM,PROPERTY DAMAGE AND INJURY,1.,0 ,2 ,COLLISION WITH MOTOR VEHICLE,RIGHT ANGLE,NONE,DAYLIGHT,RAIN,WET
6836 ,34398798,MONROE,Brighton,,286 43011001,N,43.157384,-77.53895,08/14/2012,5:01 PM,PROPERTY DAMAGE AND INJURY,1.,0 ,2 ,COLLISION WITH MOTOR VEHICLE,REAR END,TRAFFIC SIGNAL,DAYLIGHT,RAIN,WET
6836 ,34399050,MONROE,Greece,,,N,43.1879608,-77.6967789,08/14/2012,4:30 PM,PROPERTY DAMAGE AND INJURY,2.,0 ,2 ,COLLISION WITH MOTOR VEHICLE,REAR END,NONE,DAYLIGHT,RAIN,WET
6836 ,34399057,MONROE,Greece,,,N,43.2228641,-77.659032,08/10/2012,8:34 PM,PROPERTY DAMAGE AND INJURY,2.,0 ,2 ,COLLISION WITH MOTOR VEHICLE,HEAD ON,NONE,DARK-ROAD LIGHTED,CLOUDY,WET
6836 ,34399467,MONROE,Webster,,104 43035072,Y,43.204068,-77.484636,08/07/2012,6:15 PM,PROPERTY DAMAGE AND INJURY,3.,0 ,2 ,COLLISION WITH MOTOR VEHICLE,RIGHT ANGLE,TRAFFIC SIGNAL,DAYLIGHT,CLOUDY,DRY
6836 ,34399472,MONROE,Parma,,104 43031112,N,43.2182093,-77.7885498,08/13/2012,1:33 PM,PROPERTY DAMAGE AND INJURY,3.,0 ,2 ,COLLISION WITH MOTOR VEHICLE,REAR END,NONE,DAYLIGHT,CLEAR,DRY
6836 ,34399477,MONROE,Chili,,252 43011007,Y,43.095673,-77.754233,08/11/2012,1:40 PM,PROPERTY DAMAGE AND INJURY,1.,0 ,2 ,COLLISION WITH MOTOR VEHICLE,REAR END,FLASHING LIGHT,DAYLIGHT,CLOUDY,DRY
6836 ,34399496,MONROE,Parma,,,N,43.2218394,-77.8373927,08/14/2012,6:30 PM,INJURY,1.,0 ,1 ,RAN OFF ROAD ONLY,OTHER,NONE,DAYLIGHT,CLOUDY,WET
6836 ,34399497,MONROE,Wheatland,,383 43012421,Y,43.01275,-77.7916961,08/15/2012,12:08 PM,PROPERTY DAMAGE AND INJURY,2.,0 ,2 ,COLLISION WITH MOTOR VEHICLE,RIGHT ANGLE,STOP SIGN,DAYLIGHT,CLEAR,DRY
6836 ,34399499,MONROE,Perinton,,250 43011025,N,43.0707698,-77.4423304,08/14/2012,1:19 PM,INJURY,1.,0 ,1 ,COLLISION WITH BICYCLIST,OTHER,TRAFFIC SIGNAL,DAYLIGHT,CLOUDY,DRY
6836 ,34399508,MONROE,Rochester,,,N,43.151459,-77.5702565,08/14/2012,3:22 PM,INJURY,1.,0 ,2 ,COLLISION WITH MOTOR VEHICLE,REAR END,TRAFFIC SIGNAL,DAYLIGHT,RAIN,WET