QUERYID,CASE #,REGN_CNTY_CDE,Municipality,MUNITYPE,REF_MRKR,ATINTERSECTION_IND,Lat,Long,,Time,Crash Type,Injuries,Fatalities,Number of Vehicles,ACCD_TYP,COLLISION_TYP,TRAF_CNTL,Light Condition,Weather Condition,Road Surface Condition
6836 ,34399516,MONROE,Rochester,,,Y,43.175339,-77.598828,08/02/2012,8:42 AM,PROPERTY DAMAGE AND INJURY,3.,0 ,2 ,COLLISION WITH MOTOR VEHICLE,RIGHT ANGLE,TRAFFIC SIGNAL,DAYLIGHT,CLEAR,DRY
6836 ,34399814,MONROE,Clarkson,,260 43011019,N,43.2249118,-77.8903106,07/06/2012,6:34 PM,INJURY,1.,0 ,2 ,COLLISION WITH MOTOR VEHICLE,LEFT TURN (AGAINST OTHER CAR),NONE,DAYLIGHT,CLEAR,DRY
6836 ,34399816,MONROE,Chili,,383 43011154,N,43.1209684,-77.65073,07/04/2012,12:04 PM,PROPERTY DAMAGE AND INJURY,2.,0 ,1 ,COLLISION WITH GUIDE RAIL,OTHER,NONE,DAYLIGHT,CLEAR,DRY
6836 ,34399824,MONROE,Irondequoit,,,Y,43.193603,-77.576632,07/06/2012,11:40 AM,INJURY,1.,0 ,1 ,COLLISION WITH BICYCLIST,OTHER,STOP SIGN,DAYLIGHT,CLEAR,DRY
6836 ,34399825,MONROE,Rochester,,,N,43.2491141,-77.6151657,07/04/2012,11:30 PM,INJURY,1.,0 ,1 ,COLLISION WITH PEDESTRIAN,OTHER,NONE,DARK-ROAD LIGHTED,CLEAR,DRY
6836 ,34399949,MONROE,Greece,,390 43011035,N,43.2062718,-77.6762908,07/05/2012,9:21 AM,INJURY,1.,0 ,1 ,COLL. W/EARTH ELE./ROCK CUT/DITCH,OTHER,NONE,DAYLIGHT,CLEAR,DRY
6836 ,34400318,MONROE,Rochester,,,Y,43.190865,-77.63887,05/21/2012,4:42 PM,INJURY,1.,0 ,2 ,COLLISION WITH MOTOR VEHICLE,REAR END,NONE,DAYLIGHT,CLOUDY,DRY
6836 ,34400363,MONROE,Rochester,,,Y,43.19384,-77.638874,08/12/2012,6:00 PM,INJURY,1.,0 ,1 ,COLLISION WITH PEDESTRIAN,OTHER,TRAFFIC SIGNAL,DAYLIGHT,CLEAR,DRY
6836 ,34400455,MONROE,Rochester,,,Y,43.175098,-77.607614,07/02/2012,6:10 PM,INJURY,1.,0 ,3 ,COLLISION WITH MOTOR VEHICLE,OTHER,TRAFFIC SIGNAL,DAYLIGHT,CLEAR,DRY
6836 ,34400464,MONROE,Rochester,,,N,43.1911301,-77.6086591,07/04/2012,3:02 PM,INJURY,1.,0 ,2 ,COLLISION WITH MOTOR VEHICLE,REAR END,TRAFFIC SIGNAL,DAYLIGHT,CLEAR,DRY
6836 ,34400579,MONROE,Spencerport,,259 43011072,N,43.1956762,-77.7995127,07/29/2012,9:10 PM,PROPERTY DAMAGE AND INJURY,2.,0 ,2 ,COLLISION WITH MOTOR VEHICLE,REAR END,TRAFFIC SIGNAL,DARK-ROAD LIGHTED,CLEAR,DRY
6836 ,34400582,MONROE,Pittsford,,31 43033057,N,43.0811979,-77.4945478,07/24/2012,2:17 PM,PROPERTY DAMAGE AND INJURY,1.,0 ,2 ,COLLISION WITH MOTOR VEHICLE,REAR END,NONE,DAYLIGHT,CLOUDY,DRY
6836 ,34400586,MONROE,Perinton,,96 43051026,Y,43.061727,-77.477089,07/23/2012,6:57 PM,INJURY,1.,0 ,2 ,COLLISION WITH MOTOR VEHICLE,REAR END,NONE,DAYLIGHT,CLEAR,DRY
6836 ,34400587,MONROE,Pittsford,,252 43011128,N,43.087345,-77.5227713,07/27/2012,5:55 PM,PROPERTY DAMAGE AND INJURY,1.,0 ,2 ,COLLISION WITH MOTOR VEHICLE,REAR END,NONE,DAYLIGHT,CLEAR,DRY
6836 ,34400596,MONROE,Pittsford,,,N,43.0687946,-77.5613966,07/20/2012,1:13 PM,PROPERTY DAMAGE AND INJURY,1.,0 ,1 ,COLL. W/EARTH ELE./ROCK CUT/DITCH,OTHER,NONE,DAYLIGHT,CLOUDY,DRY
6836 ,34400600,MONROE,Wheatland,,383 43011025,Y,43.013445,-77.8183061,07/29/2012,9:50 AM,PROPERTY DAMAGE AND INJURY,2.,0 ,2 ,COLLISION WITH MOTOR VEHICLE,LEFT TURN (AGAINST OTHER CAR),FLASHING LIGHT,DAYLIGHT,CLEAR,DRY
6836 ,34400601,MONROE,Perinton,,,N,43.078814,-77.485447,07/18/2012,7:17 PM,INJURY,1.,0 ,2 ,COLLISION WITH MOTOR VEHICLE,REAR END,STOP SIGN,DAYLIGHT,CLEAR,DRY
6836 ,34400603,MONROE,Irondequoit,,,N,43.2006675,-77.6004125,07/24/2012,1:40 PM,PROPERTY DAMAGE AND INJURY,2.,0 ,2 ,COLLISION WITH MOTOR VEHICLE,RIGHT ANGLE,NONE,DAYLIGHT,CLEAR,DRY
6836 ,34400605,MONROE,Brighton,,31 43033003,N,43.1324151,-77.5712407,07/28/2012,11:03 AM,PROPERTY DAMAGE AND INJURY,1.,0 ,2 ,COLLISION WITH MOTOR VEHICLE,REAR END,NONE,DAYLIGHT,CLOUDY,DRY
6836 ,34400606,MONROE,Penfield,,,N,43.1903662,-77.5042163,07/26/2012,3:39 PM,INJURY,1.,0 ,1 ,COLLISION WITH PEDESTRIAN,OTHER,STOP SIGN,DAYLIGHT,CLOUDY,DRY
6836 ,34400700,MONROE,Irondequoit,,104 43035220,N,43.2114194,-77.5349489,07/24/2012,8:33 PM,INJURY,1.,0 ,1 ,COLL. W/EARTH ELE./ROCK CUT/DITCH,OTHER,NONE,DUSK,CLOUDY,DRY
6836 ,34400707,MONROE,Greece,,947A43021186,N,43.271954,-77.6833588,07/29/2012,6:38 PM,PROPERTY DAMAGE AND INJURY,1.,0 ,1 ,RAN OFF ROAD ONLY,OTHER,NONE,DAYLIGHT,CLEAR,DRY
6836 ,34400864,MONROE,Greece,,,N,43.2028913,-77.696937,07/26/2012,12:59 PM,INJURY,1.,0 ,1 ,COLLISION WITH PEDESTRIAN,OTHER,TRAFFIC SIGNAL,DAYLIGHT,CLEAR,DRY
6836 ,34400985,MONROE,Rochester,,33 43032026,Y,43.153016,-77.624244,06/27/2012,10:26 AM,PROPERTY DAMAGE AND INJURY,1.,0 ,2 ,COLLISION WITH MOTOR VEHICLE,OVERTAKING,OTHER,DAYLIGHT,CLEAR,DRY
6836 ,34400987,MONROE,Rochester,,,Y,43.138453,-77.636007,06/27/2012,1:39 PM,PROPERTY DAMAGE AND INJURY,1.,0 ,2 ,COLLISION WITH MOTOR VEHICLE,OVERTAKING,NONE,DAYLIGHT,CLEAR,DRY
6836 ,34400990,MONROE,Rochester,,,Y,43.146594,-77.632868,06/17/2012,8:55 AM,PROPERTY DAMAGE AND INJURY,3.,0 ,2 ,COLLISION WITH MOTOR VEHICLE,RIGHT ANGLE,OTHER,DAYLIGHT,CLEAR,DRY
6836 ,34401436,MONROE,Webster,,104 43035077,N,43.2051593,-77.4743292,08/15/2012,12:45 PM,PROPERTY DAMAGE AND INJURY,2.,0 ,2 ,COLLISION WITH MOTOR VEHICLE,HEAD ON,TRAFFIC SIGNAL,DAYLIGHT,CLEAR,DRY
6836 ,34401438,MONROE,Rochester,,390I43032005,N,43.1211582,-77.6454857,08/15/2012,4:03 PM,PROPERTY DAMAGE AND INJURY,2.,0 ,1 ,COLLISION WITH OTHER BARRIER,OTHER,NONE,DAYLIGHT,CLEAR,DRY
6836 ,34401452,MONROE,Henrietta,,,N,43.0720495,-77.6829286,08/16/2012,8:20 AM,PROPERTY DAMAGE AND INJURY,1.,0 ,2 ,COLLISION WITH MOTOR VEHICLE,REAR END,NONE,DAYLIGHT,CLEAR,DRY
6836 ,34401458,MONROE,Gates,,,N,43.1308523,-77.6610077,08/15/2012,6:00 PM,PROPERTY DAMAGE AND INJURY,1.,0 ,2 ,COLLISION WITH MOTOR VEHICLE,REAR END,NONE,DAYLIGHT,CLEAR,DRY
6836 ,34401462,MONROE,Rochester,,,N,43.1938397,-77.6386865,08/15/2012,3:48 PM,PROPERTY DAMAGE AND INJURY,1.,0 ,2 ,COLLISION WITH MOTOR VEHICLE,REAR END,RR CROSSING GATES,DAYLIGHT,CLEAR,DRY
6836 ,34401469,MONROE,Rochester,,,Y,43.141157,-77.613271,08/11/2012,4:50 PM,INJURY,1.,0 ,1 ,COLLISION WITH BICYCLIST,OTHER,TRAFFIC SIGNAL,DAYLIGHT,CLEAR,DRY
6836 ,34401470,MONROE,Rochester,,,Y,43.157746,-77.622179,08/15/2012,4:00 PM,PROPERTY DAMAGE AND INJURY,1.,0 ,1 ,COLLISION WITH CURBING,OTHER,NONE,DAYLIGHT,CLEAR,DRY
6836 ,34401679,MONROE,Greece,,,N,43.2529474,-77.6456642,08/14/2012,5:52 PM,PROPERTY DAMAGE AND INJURY,2.,0 ,2 ,COLLISION WITH MOTOR VEHICLE,LEFT TURN (AGAINST OTHER CAR),NONE,DAYLIGHT,RAIN,WET
6836 ,34401929,MONROE,Riga,,490I43021021,N,43.0753128,-77.9331236,08/10/2012,7:13 PM,PROPERTY DAMAGE AND INJURY,1.,0 ,4 ,COLLISION WITH MOTOR VEHICLE,OTHER,NONE,DAYLIGHT,RAIN,FLOODED WATER
6836 ,34401935,MONROE,Pittsford,,490I43023052,N,43.0847566,-77.4924999,08/16/2012,2:24 PM,PROPERTY DAMAGE AND INJURY,1.,0 ,2 ,COLLISION WITH MOTOR VEHICLE,REAR END,NONE,DAYLIGHT,CLEAR,DRY
6836 ,34401937,MONROE,Gates,,,N,43.1449967,-77.717974,07/31/2012,4:40 PM,PROPERTY DAMAGE AND INJURY,1.,0 ,1 ,COLLISION WITH GUIDERAIL - END,OTHER,NONE,DAYLIGHT,RAIN,WET
6836 ,34401947,MONROE,Brighton,,,Y,43.125612,-77.5928961,08/17/2012,11:07 AM,PROPERTY DAMAGE AND INJURY,1.,0 ,2 ,COLLISION WITH MOTOR VEHICLE,LEFT TURN (AGAINST OTHER CAR),TRAFFIC SIGNAL,DAYLIGHT,CLOUDY,DRY
6836 ,34401952,MONROE,Rochester,,,Y,43.159576,-77.61962,08/17/2012,8:02 AM,PROPERTY DAMAGE AND INJURY,1.,0 ,2 ,COLLISION WITH MOTOR VEHICLE,RIGHT ANGLE,TRAFFIC SIGNAL,DAYLIGHT,CLOUDY,WET
6836 ,34401954,MONROE,Rochester,,,Y,43.171504,-77.640479,08/07/2012,12:14 AM,INJURY,1.,0 ,1 ,COLLISION WITH TREE,OTHER,NONE,DARK-ROAD LIGHTED,CLEAR,DRY
6836 ,34401955,MONROE,Rochester,,,N,43.1466639,-77.6486441,08/17/2012,7:30 PM,INJURY,1.,0 ,1 ,COLLISION WITH PEDESTRIAN,OTHER,NONE,DAYLIGHT,CLEAR,DRY
6836 ,34401956,MONROE,Rochester,,,Y,43.1754784,-77.5912096,08/13/2012,5:22 PM,INJURY,1.,0 ,1 ,COLLISION WITH BICYCLIST,OTHER,NONE,DAYLIGHT,CLEAR,DRY
6836 ,34401959,MONROE,Rochester,,,Y,43.155269,-77.654098,08/16/2012,12:20 AM,INJURY,1.,0 ,2 ,COLLISION WITH MOTOR VEHICLE,RIGHT ANGLE,FLASHING LIGHT,DARK-ROAD LIGHTED,CLEAR,DRY
6836 ,34402062,MONROE,Brighton,,590I43011037,N,43.1262905,-77.5533086,08/17/2012,5:35 PM,INJURY,1.,0 ,2 ,COLLISION WITH MOTOR VEHICLE,REAR END,NONE,DAYLIGHT,CLOUDY,DRY
6836 ,34402338,MONROE,Ogden,,36 43031147,Y,43.179116,-77.854642,08/17/2012,2:12 PM,PROPERTY DAMAGE AND INJURY,2.,0 ,2 ,COLLISION WITH MOTOR VEHICLE,RIGHT ANGLE,STOP SIGN,DAYLIGHT,CLOUDY,DRY
6836 ,34402348,MONROE,Penfield,,,N,43.1912432,-77.5042341,08/07/2012,7:36 AM,INJURY,1.,0 ,1 ,COLLISION WITH PEDESTRIAN,OTHER,STOP SIGN,DAYLIGHT,CLEAR,DRY
6836 ,34402354,MONROE,Rochester,,,N,43.1240078,-77.6146246,08/15/2012,3:37 PM,INJURY,1.,0 ,3 ,COLLISION WITH MOTOR VEHICLE,OTHER,NONE,DAYLIGHT,CLEAR,DRY
6836 ,34402363,MONROE,Rochester,,,Y,43.1945745,-77.5613512,08/16/2012,3:53 PM,INJURY,1.,0 ,2 ,COLLISION WITH MOTOR VEHICLE,OVERTAKING,NONE,DAYLIGHT,CLEAR,DRY
6836 ,34402370,MONROE,Brighton,,15 43031127,Y,43.111727,-77.623926,08/18/2012,1:41 PM,INJURY,1.,0 ,2 ,COLLISION WITH MOTOR VEHICLE,REAR END,TRAFFIC SIGNAL,DAYLIGHT,CLOUDY,DRY
6836 ,34402371,MONROE,Gates,,386 43011110,N,43.1585704,-77.7323911,08/18/2012,3:57 PM,PROPERTY DAMAGE AND INJURY,1.,0 ,2 ,COLLISION WITH MOTOR VEHICLE,REAR END,TRAFFIC SIGNAL,DAYLIGHT,CLEAR,DRY
6836 ,34402374,MONROE,Perinton,,,Y,43.069024,-77.439608,08/11/2012,9:47 AM,PROPERTY DAMAGE AND INJURY,1.,0 ,1 ,COLL. W/LIGHT SUPPORT/UTILITY POLE,OTHER,NONE,DAYLIGHT,CLEAR,DRY
6836 ,34402390,MONROE,Chili,,,N,43.1070541,-77.7049097,08/18/2012,8:00 AM,PROPERTY DAMAGE AND INJURY,1.,0 ,2 ,COLLISION WITH MOTOR VEHICLE,REAR END,NONE,DAYLIGHT,CLEAR,DRY
6836 ,34403566,MONROE,Rochester,,,Y,43.188006,-77.630401,08/17/2012,10:34 PM,PROPERTY DAMAGE AND INJURY,2.,0 ,2 ,COLLISION WITH MOTOR VEHICLE,LEFT TURN (AGAINST OTHER CAR),STOP SIGN,DARK-ROAD LIGHTED,CLEAR,DRY
6836 ,34403571,MONROE,Rochester,,,N,43.2478654,-77.6160391,08/19/2012,9:58 PM,PROPERTY DAMAGE AND INJURY,3.,0 ,2 ,COLL. W/LIGHT SUPPORT/UTILITY POLE,HEAD ON,NONE,DARK-ROAD LIGHTED,CLEAR,DRY
6836 ,34403580,MONROE,Irondequoit,,104 43033002,N,43.196244,-77.57677,08/15/2012,12:08 PM,INJURY,1.,0 ,1 ,COLLISION WITH BICYCLIST,OTHER,TRAFFIC SIGNAL,DAYLIGHT,CLEAR,DRY
6836 ,34403972,MONROE,Rochester,,,Y,43.178351,-77.607828,08/11/2012,11:51 PM,PROPERTY DAMAGE AND INJURY,4.,0 ,2 ,COLLISION WITH MOTOR VEHICLE,RIGHT ANGLE,STOP SIGN,DARK-ROAD LIGHTED,CLEAR,DRY
6836 ,34404274,MONROE,Irondequoit,,,N,43.2190499,-77.5986758,05/09/2012,6:51 PM,INJURY,1.,0 ,2 ,COLLISION WITH MOTOR VEHICLE,REAR END,NONE,DAYLIGHT,CLEAR,DRY
6836 ,34404876,MONROE,Webster,,,N,43.2098991,-77.4516673,08/18/2012,11:50 AM,PROPERTY DAMAGE AND INJURY,1.,0 ,1 ,COLLISION WITH BUILDING/WALL,OTHER,NONE,DAYLIGHT,CLEAR,DRY
6836 ,34404885,MONROE,Pittsford,,65 43031109,N,43.0849314,-77.5428792,08/17/2012,4:53 PM,PROPERTY DAMAGE AND INJURY,1.,0 ,2 ,COLLISION WITH MOTOR VEHICLE,REAR END,TRAFFIC SIGNAL,DAYLIGHT,CLEAR,DRY
6836 ,34404888,MONROE,Pittsford,,31 43033027,N,43.1056381,-77.5412462,08/17/2012,12:43 PM,PROPERTY DAMAGE AND INJURY,1.,0 ,2 ,COLLISION WITH MOTOR VEHICLE,REAR END,TRAFFIC SIGNAL,DAYLIGHT,CLOUDY,DRY
6836 ,34404897,MONROE,Irondequoit,,590 43013007,N,43.1765603,-77.5426892,08/18/2012,1:29 AM,PROPERTY DAMAGE AND INJURY,1.,0 ,1 ,COLLISION WITH OTHER,OTHER,NONE,DARK-ROAD LIGHTED,CLEAR,DRY
6836 ,34404902,MONROE,Penfield,,404 43035037,N,43.174766,-77.5201104,08/17/2012,7:58 PM,PROPERTY DAMAGE AND INJURY,2.,0 ,2 ,COLLISION WITH MOTOR VEHICLE,RIGHT ANGLE,NO PASSING ZONE,DUSK,CLEAR,DRY
6836 ,34405533,MONROE,Rochester,,,Y,43.17599,-77.570394,05/15/2012,4:14 PM,INJURY,1.,0 ,1 ,COLLISION WITH TREE,OTHER,NONE,DAYLIGHT,CLEAR,DRY
6836 ,34405534,MONROE,Rochester,,,Y,43.162038,-77.5828121,05/20/2012,4:40 PM,INJURY,1.,0 ,1 ,COLLISION WITH PEDESTRIAN,OTHER,NONE,DAYLIGHT,CLEAR,DRY
6836 ,34405535,MONROE,Rochester,,,N,43.1599909,-77.5936164,05/17/2012,2:20 PM,PROPERTY DAMAGE AND INJURY,1.,0 ,2 ,COLLISION WITH MOTOR VEHICLE,RIGHT ANGLE,NONE,DAYLIGHT,CLEAR,DRY
6836 ,34405544,MONROE,Rochester,,,Y,43.15843,-77.615431,05/30/2012,11:27 AM,INJURY,1.,0 ,1 ,COLLISION WITH BICYCLIST,OTHER,TRAFFIC SIGNAL,DAYLIGHT,CLEAR,DRY
6836 ,34405552,MONROE,Rochester,,,Y,43.125785,-77.639392,05/18/2012,8:37 AM,INJURY,1.,0 ,2 ,COLLISION WITH MOTOR VEHICLE,UNKNOWN,TRAFFIC SIGNAL,DAYLIGHT,CLEAR,DRY
6836 ,34405554,MONROE,Rochester,,,Y,43.164636,-77.625161,05/17/2012,10:40 AM,PROPERTY DAMAGE AND INJURY,2.,0 ,2 ,COLLISION WITH MOTOR VEHICLE,LEFT TURN (WITH OTHER CAR),STOP SIGN,DAYLIGHT,CLEAR,DRY
6836 ,34406137,MONROE,Webster,,104 43035222,N,43.2119831,-77.5328067,08/18/2012,6:15 PM,PROPERTY DAMAGE AND INJURY,2.,0 ,3 ,COLLISION WITH MOTOR VEHICLE,OTHER,NONE,DAYLIGHT,CLEAR,DRY
6836 ,34406312,MONROE,Rochester,,,N,43.192069,-77.59989,08/17/2012,12:23 PM,INJURY,1.,0 ,1 ,COLLISION WITH BICYCLIST,OTHER,TRAFFIC SIGNAL,DAYLIGHT,CLOUDY,DRY
6836 ,34406315,MONROE,Rochester,,,Y,43.171415,-77.597313,08/18/2012,2:33 PM,PROPERTY DAMAGE AND INJURY,1.,0 ,2 ,COLLISION WITH MOTOR VEHICLE,RIGHT ANGLE,STOP SIGN,DAYLIGHT,CLEAR,DRY
6836 ,34406318,MONROE,Rochester,,,N,43.1751173,-77.6072401,08/18/2012,12:36 PM,INJURY,1.,0 ,2 ,COLLISION WITH MOTOR VEHICLE,REAR END,NONE,DAYLIGHT,CLEAR,DRY
6836 ,34406327,MONROE,Rochester,,,Y,43.142639,-77.547828,08/21/2012,5:31 PM,INJURY,2.,0 ,2 ,COLLISION WITH MOTOR VEHICLE,RIGHT ANGLE,TRAFFIC SIGNAL,DAYLIGHT,CLEAR,DRY
6836 ,34406328,MONROE,Rochester,,,Y,43.1628406,-77.5645779,08/19/2012,6:17 AM,PROPERTY DAMAGE AND INJURY,1.,0 ,1 ,COLLISION WITH CURBING,OTHER,NONE,DAWN,CLEAR,DRY
6836 ,34406330,MONROE,Rochester,,,N,43.1611688,-77.5762977,08/17/2012,12:35 PM,INJURY,1.,0 ,1 ,COLLISION WITH PEDESTRIAN,OTHER,NONE,DAYLIGHT,CLEAR,DRY
6836 ,34406341,MONROE,Rochester,,,Y,43.156019,-77.5810009,08/20/2012,7:45 AM,INJURY,1.,0 ,1 ,OTHER NON-COLLISION,OTHER,NONE,DAYLIGHT,CLEAR,DRY
6836 ,34406349,MONROE,Henrietta,,252 43011066,N,43.0899494,-77.6437691,08/21/2012,4:24 PM,PROPERTY DAMAGE AND INJURY,3.,0 ,2 ,COLLISION WITH MOTOR VEHICLE,REAR END,TRAFFIC SIGNAL,DAYLIGHT,CLEAR,DRY
6836 ,34406354,MONROE,Mendon,,,Y,42.973231,-77.617909,08/21/2012,11:14 PM,PROPERTY DAMAGE AND INJURY,1.,0 ,2 ,COLLISION WITH MOTOR VEHICLE,RIGHT ANGLE,STOP SIGN,DARK-ROAD UNLIGHTED,CLEAR,DRY
6836 ,34406356,MONROE,Henrietta,,,Y,43.080913,-77.6401531,08/20/2012,3:28 PM,PROPERTY DAMAGE AND INJURY,1.,0 ,2 ,COLLISION WITH MOTOR VEHICLE,REAR END,TRAFFIC SIGNAL,DAYLIGHT,CLEAR,DRY
6836 ,34406360,MONROE,Chili,,,N,43.0944229,-77.6806083,08/17/2012,7:55 AM,PROPERTY DAMAGE AND INJURY,1.,0 ,2 ,COLLISION WITH MOTOR VEHICLE,REAR END,NONE,DAYLIGHT,RAIN,WET
6836 ,34406377,MONROE,Irondequoit,,,N,43.1925678,-77.5844256,08/04/2012,10:36 AM,PROPERTY DAMAGE AND INJURY,1.,0 ,2 ,COLLISION WITH MOTOR VEHICLE,REAR END,NONE,DAYLIGHT,CLEAR,DRY
6836 ,34406669,MONROE,Greece,,,Y,43.226163,-77.636451,08/15/2012,5:48 PM,INJURY,1.,0 ,3 ,COLLISION WITH MOTOR VEHICLE,OTHER,NONE,DAYLIGHT,CLOUDY,DRY
6836 ,34406813,MONROE,Irondequoit,,104 43033007,N,43.1963651,-77.5694252,08/18/2012,4:27 PM,PROPERTY DAMAGE AND INJURY,1.,0 ,1 ,COLLISION WITH OTHER,OTHER,HIGHWAY WORK AREA,DAYLIGHT,CLEAR,DRY
6836 ,34407000,MONROE,Ogden,,36 43031146,N,43.1780196,-77.8546936,08/22/2012,9:25 AM,PROPERTY DAMAGE AND INJURY,1.,0 ,2 ,COLLISION WITH MOTOR VEHICLE,LEFT TURN (AGAINST OTHER CAR),NONE,DAYLIGHT,CLEAR,DRY
6836 ,34407005,MONROE,Chili,,,Y,43.111423,-77.7373491,08/20/2012,9:55 AM,PROPERTY DAMAGE AND INJURY,1.,0 ,2 ,COLLISION WITH MOTOR VEHICLE,REAR END,NONE,DAYLIGHT,CLEAR,DRY
6836 ,34407012,MONROE,Sweden,,31 43031081,N,43.1888538,-77.8794566,08/22/2012,2:09 AM,INJURY,1.,0 ,1 ,COLL. W/EARTH ELE./ROCK CUT/DITCH,OTHER,NONE,DARK-ROAD UNLIGHTED,CLEAR,DRY
6836 ,34407016,MONROE,Brighton,,286A43011014,Y,43.147971,-77.516838,08/22/2012,5:14 PM,PROPERTY DAMAGE AND INJURY,1.,0 ,1 ,COLLISION WITH BICYCLIST,OTHER,NONE,DAYLIGHT,CLEAR,DRY
6836 ,34407109,MONROE,Irondequoit,,,N,43.2276995,-77.5442939,08/19/2012,6:10 PM,PROPERTY DAMAGE AND INJURY,1.,0 ,1 ,COLLISION WITH CURBING,OTHER,YIELD SIGN,DAYLIGHT,CLEAR,DRY
6836 ,34407236,MONROE,Greece,,,Y,43.209474,-77.693608,08/19/2012,4:50 PM,PROPERTY DAMAGE AND INJURY,2.,0 ,2 ,COLLISION WITH MOTOR VEHICLE,RIGHT ANGLE,TRAFFIC SIGNAL,DAYLIGHT,CLEAR,DRY
6836 ,34407445,MONROE,Irondequoit,,,N,43.176832,-77.542741,04/30/2012,1:30 PM,INJURY,1.,0 ,2 ,COLLISION WITH MOTOR VEHICLE,UNKNOWN,TRAFFIC SIGNAL,DAYLIGHT,CLEAR,DRY
6836 ,34407628,MONROE,Brighton,,490I43023002,N,43.1420001,-77.5435543,08/16/2012,5:10 PM,PROPERTY DAMAGE AND INJURY,2.,0 ,3 ,COLLISION WITH MOTOR VEHICLE,OTHER,NONE,DAYLIGHT,CLEAR,DRY
6836 ,34408204,MONROE,Rochester,,,Y,43.185528,-77.591741,05/02/2012,2:10 PM,PROPERTY DAMAGE AND INJURY,2.,0 ,2 ,COLLISION WITH MOTOR VEHICLE,RIGHT ANGLE,NONE,DAYLIGHT,CLOUDY,DRY
6836 ,34408207,MONROE,Greece,,,Y,43.223754,-77.659043,05/05/2012,11:42 AM,INJURY,1.,0 ,1 ,COLLISION WITH BICYCLIST,OTHER,TRAFFIC SIGNAL,DAYLIGHT,CLEAR,DRY
6836 ,34408479,MONROE,Webster,,,N,43.2305853,-77.4657344,08/22/2012,2:25 PM,INJURY,1.,0 ,1 ,COLLISION WITH TREE,OTHER,NONE,DAYLIGHT,CLEAR,DRY
6836 ,34408483,MONROE,Brighton,,490I43023004,N,43.1400504,-77.5407434,08/22/2012,4:51 PM,PROPERTY DAMAGE AND INJURY,1.,0 ,3 ,COLLISION WITH MOTOR VEHICLE,OTHER,NONE,DAYLIGHT,CLEAR,DRY
6836 ,34408484,MONROE,Henrietta,,,N,43.0861991,-77.6296885,08/22/2012,12:07 PM,PROPERTY DAMAGE AND INJURY,1.,0 ,3 ,COLLISION WITH MOTOR VEHICLE,OTHER,TRAFFIC SIGNAL,DAYLIGHT,CLEAR,DRY
6836 ,34408486,MONROE,Perinton,,,Y,43.100509,-77.429964,08/09/2012,8:51 PM,PROPERTY DAMAGE AND INJURY,3.,0 ,2 ,COLLISION WITH MOTOR VEHICLE,REAR END,NONE,DUSK,CLOUDY,DRY
6836 ,34408487,MONROE,Brighton,,490I43023014,N,43.1304423,-77.5257466,08/07/2012,8:42 PM,PROPERTY DAMAGE AND INJURY,1.,0 ,1 ,COLLISION WITH OTHER BARRIER,OTHER,NONE,DUSK,CLEAR,DRY
6836 ,34408499,MONROE,Pittsford,,252 43011125,Y,43.0873242,-77.5280053,08/20/2012,5:24 PM,INJURY,1.,0 ,2 ,COLLISION WITH MOTOR VEHICLE,REAR END,NONE,DAYLIGHT,CLEAR,DRY
6836 ,34408505,MONROE,Pittsford,,,N,43.0892,-77.5105522,08/23/2012,3:09 PM,INJURY,1.,0 ,2 ,COLLISION WITH MOTOR VEHICLE,REAR END,NO PASSING ZONE,DAYLIGHT,CLEAR,DRY
6836 ,34408510,MONROE,Rochester,,,Y,43.200683,-77.561712,08/22/2012,11:48 AM,INJURY,1.,0 ,1 ,COLLISION WITH BICYCLIST,OTHER,STOP SIGN,DAYLIGHT,CLEAR,DRY
6836 ,34408512,MONROE,Brighton,,,Y,43.115322,-77.596989,08/22/2012,1:32 PM,INJURY,1.,0 ,2 ,COLLISION WITH MOTOR VEHICLE,REAR END,TRAFFIC SIGNAL,DAYLIGHT,CLEAR,DRY
6836 ,34408514,MONROE,Brighton,,15 43031118,N,43.1037293,-77.6280454,08/22/2012,11:48 AM,PROPERTY DAMAGE AND INJURY,2.,0 ,2 ,COLLISION WITH MOTOR VEHICLE,LEFT TURN (AGAINST OTHER CAR),NONE,DAYLIGHT,CLEAR,DRY
6836 ,34408516,MONROE,Brighton,,,Y,43.125398,-77.598955,08/23/2012,2:27 PM,PROPERTY DAMAGE AND INJURY,2.,0 ,2 ,COLLISION WITH MOTOR VEHICLE,REAR END,NONE,DAYLIGHT,CLEAR,DRY
6836 ,34408517,MONROE,Gates,,31 43031147,Y,43.178386,-77.75356,08/23/2012,7:36 AM,PROPERTY DAMAGE AND INJURY,2.,0 ,3 ,COLLISION WITH MOTOR VEHICLE,OTHER,TRAFFIC SIGNAL,DAYLIGHT,CLEAR,DRY
6836 ,34408518,MONROE,Brighton,,31 43033021,N,43.1114046,-77.548247,08/23/2012,11:06 AM,PROPERTY DAMAGE AND INJURY,2.,0 ,2 ,COLLISION WITH MOTOR VEHICLE,LEFT TURN (AGAINST OTHER CAR),NONE,DAYLIGHT,CLEAR,DRY
6836 ,34408607,MONROE,Rochester,,,Y,43.142228,-77.648016,08/18/2012,2:19 PM,INJURY,1.,0 ,3 ,COLLISION WITH MOTOR VEHICLE,OTHER,STOP SIGN,DAYLIGHT,CLEAR,DRY
6836 ,34408608,MONROE,Rochester,,,N,43.1524336,-77.6220255,08/18/2012,12:35 PM,PROPERTY DAMAGE AND INJURY,1.,0 ,2 ,COLLISION WITH MOTOR VEHICLE,LEFT TURN (AGAINST OTHER CAR),NONE,DAYLIGHT,CLEAR,DRY