QUERYID,CASE #,REGN_CNTY_CDE,Municipality,MUNITYPE,REF_MRKR,ATINTERSECTION_IND,Lat,Long,,Time,Crash Type,Injuries,Fatalities,Number of Vehicles,ACCD_TYP,COLLISION_TYP,TRAF_CNTL,Light Condition,Weather Condition,Road Surface Condition
6836 ,34408611,MONROE,Rochester,,,Y,43.179535,-77.591357,08/21/2012,1:05 PM,PROPERTY DAMAGE AND INJURY,3.,0 ,2 ,COLLISION WITH MOTOR VEHICLE,RIGHT ANGLE,STOP SIGN,DAYLIGHT,CLEAR,DRY
6836 ,34408612,MONROE,Rochester,,,Y,43.142216,-77.636025,08/23/2012,5:52 PM,PROPERTY DAMAGE AND INJURY,1.,0 ,1 ,COLLISION WITH FENCE,OTHER,TRAFFIC SIGNAL,DAYLIGHT,CLEAR,DRY
6836 ,34408614,MONROE,Rochester,,,Y,43.2032197,-77.6516248,08/21/2012,3:35 PM,INJURY,1.,0 ,1 ,COLLISION WITH BICYCLIST,OTHER,NONE,DAYLIGHT,CLEAR,DRY
6836 ,34408620,MONROE,Rochester,,,N,43.1854242,-77.6388832,08/21/2012,5:40 PM,PROPERTY DAMAGE AND INJURY,1.,0 ,2 ,COLLISION WITH MOTOR VEHICLE,OVERTAKING,NONE,DAYLIGHT,CLEAR,DRY
6836 ,34408622,MONROE,Rochester,,,Y,43.153092,-77.61986,08/18/2012,7:34 PM,INJURY,1.,0 ,2 ,COLLISION WITH MOTOR VEHICLE,RIGHT ANGLE,STOP SIGN,DAYLIGHT,CLEAR,DRY
6836 ,34408625,MONROE,Rochester,,,Y,43.135003,-77.645345,08/20/2012,3:52 PM,PROPERTY DAMAGE AND INJURY,1.,0 ,2 ,COLLISION WITH MOTOR VEHICLE,SIDESWIPE,STOP SIGN,DAYLIGHT,CLEAR,DRY
6836 ,34408629,MONROE,Rochester,,18 43032005,Y,43.210934,-77.638578,08/21/2012,4:00 PM,INJURY,1.,0 ,1 ,COLLISION WITH BICYCLIST,OTHER,TRAFFIC SIGNAL,DAYLIGHT,CLEAR,DRY
6836 ,34408630,MONROE,Rochester,,,N,43.1567256,-77.6535639,08/21/2012,4:01 PM,PROPERTY DAMAGE AND INJURY,1.,0 ,1 ,COLLISION WITH TREE,OTHER,NONE,DAYLIGHT,CLEAR,DRY
6836 ,34408635,MONROE,Rochester,,,Y,43.243504,-77.618774,08/20/2012,4:41 PM,INJURY,1.,0 ,2 ,COLLISION WITH MOTOR VEHICLE,REAR END,TRAFFIC SIGNAL,DAYLIGHT,CLEAR,DRY
6836 ,34408638,MONROE,Rochester,,,Y,43.141606,-77.6360211,08/21/2012,4:03 PM,INJURY,1.,0 ,2 ,COLLISION WITH MOTOR VEHICLE,LEFT TURN (AGAINST OTHER CAR),NONE,DAYLIGHT,CLEAR,DRY
6836 ,34408639,MONROE,Rochester,,,N,43.1943233,-77.6598162,08/18/2012,9:00 PM,PROPERTY DAMAGE AND INJURY,1.,0 ,2 ,COLLISION WITH MOTOR VEHICLE,SIDESWIPE,OTHER,DARK-ROAD LIGHTED,CLEAR,DRY
6836 ,34409141,MONROE,Rochester,,,Y,43.164658,-77.659556,08/22/2012,10:25 PM,INJURY,1.,0 ,2 ,COLLISION WITH MOTOR VEHICLE,REAR END,TRAFFIC SIGNAL,DARK-ROAD LIGHTED,CLEAR,DRY
6836 ,34409142,MONROE,Rochester,,,N,43.1646272,-77.6328206,08/23/2012,7:38 PM,INJURY,1.,0 ,1 ,COLLISION WITH BICYCLIST,OTHER,TRAFFIC SIGNAL,DUSK,CLEAR,DRY
6836 ,34409143,MONROE,Rochester,,,N,43.157224,-77.659553,08/24/2012,6:52 PM,PROPERTY DAMAGE AND INJURY,2.,0 ,2 ,COLLISION WITH MOTOR VEHICLE,RIGHT ANGLE,TRAFFIC SIGNAL,DAYLIGHT,CLEAR,DRY
6836 ,34409149,MONROE,Rochester,,,Y,43.141157,-77.613271,08/17/2012,11:46 AM,PROPERTY DAMAGE AND INJURY,3.,0 ,3 ,COLLISION WITH MOTOR VEHICLE,OTHER,TRAFFIC SIGNAL,DAYLIGHT,CLEAR,DRY
6836 ,34409154,MONROE,Webster,,,Y,43.218607,-77.4301029,08/24/2012,5:50 PM,PROPERTY DAMAGE AND INJURY,1.,0 ,2 ,COLLISION WITH MOTOR VEHICLE,LEFT TURN (AGAINST OTHER CAR),NO PASSING ZONE,DAYLIGHT,CLEAR,DRY
6836 ,34409155,MONROE,Scottsville,,253 43011001,N,43.0281138,-77.7411508,08/20/2012,5:21 PM,PROPERTY DAMAGE AND INJURY,1.,0 ,1 ,COLL. W/LIGHT SUPPORT/UTILITY POLE,OTHER,NONE,DAYLIGHT,CLEAR,DRY
6836 ,34409157,MONROE,Wheatland,,,N,43.0258847,-77.8468957,08/23/2012,5:15 PM,PROPERTY DAMAGE AND INJURY,1.,0 ,2 ,COLLISION WITH MOTOR VEHICLE,RIGHT ANGLE,STOP SIGN,DAYLIGHT,CLEAR,DRY
6836 ,34409486,MONROE,Ogden,,31 43031083,Y,43.188706,-77.874319,08/23/2012,9:10 AM,PROPERTY DAMAGE AND INJURY,2.,0 ,1 ,COLLISION WITH SIGN POST,OTHER,NONE,DAYLIGHT,CLEAR,DRY
6836 ,34409487,MONROE,Rochester,,,Y,43.1457265,-77.5626799,08/25/2012,2:50 AM,PROPERTY DAMAGE AND INJURY,1.,0 ,4 ,COLLISION WITH MOTOR VEHICLE,OTHER,NONE,DARK-ROAD LIGHTED,CLEAR,DRY
6836 ,34409491,MONROE,Rochester,,,N,43.1383507,-77.6062469,08/23/2012,4:58 PM,INJURY,1.,0 ,2 ,COLLISION WITH MOTOR VEHICLE,RIGHT ANGLE,NONE,DAYLIGHT,CLEAR,DRY
6836 ,34409493,MONROE,Rochester,,,Y,43.170975,-77.60748,08/02/2012,3:16 PM,PROPERTY DAMAGE AND INJURY,3.,0 ,2 ,COLLISION WITH MOTOR VEHICLE,LEFT TURN (AGAINST OTHER CAR),TRAFFIC SIGNAL,DAYLIGHT,CLEAR,DRY
6836 ,34409497,MONROE,Riga,,490I43021015,N,43.0670586,-77.9370766,08/12/2012,4:44 PM,PROPERTY DAMAGE AND INJURY,1.,0 ,1 ,COLLISION WITH TREE,OTHER,NONE,DAYLIGHT,CLOUDY,DRY
6836 ,34409799,MONROE,Greece,,18 43031194,N,43.252886,-77.667925,08/24/2012,7:14 AM,PROPERTY DAMAGE AND INJURY,2.,0 ,2 ,COLLISION WITH MOTOR VEHICLE,RIGHT ANGLE,TRAFFIC SIGNAL,DAYLIGHT,CLEAR,DRY
6836 ,34410255,MONROE,Rochester,,,Y,43.17518,-77.6394559,05/02/2012,12:19 PM,INJURY,1.,0 ,2 ,COLLISION WITH MOTOR VEHICLE,REAR END,NONE,DAYLIGHT,CLOUDY,DRY
6836 ,34410262,MONROE,Rochester,,,Y,43.166452,-77.627614,05/04/2012,1:30 PM,PROPERTY DAMAGE AND INJURY,1.,0 ,2 ,COLLISION WITH MOTOR VEHICLE,RIGHT ANGLE,STOP SIGN,DAYLIGHT,CLEAR,DRY
6836 ,34410272,MONROE,Rochester,,,Y,43.189023,-77.5842049,05/08/2012,12:36 PM,PROPERTY DAMAGE AND INJURY,1.,0 ,2 ,COLLISION WITH MOTOR VEHICLE,OVERTAKING,NONE,DAYLIGHT,RAIN,WET
6836 ,34410892,MONROE,Rochester,,33 43032007,Y,43.151855,-77.65771,05/29/2012,2:24 PM,PROPERTY DAMAGE AND INJURY,1.,0 ,2 ,COLLISION WITH MOTOR VEHICLE,RIGHT ANGLE,STOP SIGN,DAYLIGHT,RAIN,WET
6836 ,34411080,MONROE,Greece,,,N,43.2069821,-77.6783644,08/15/2012,2:34 PM,INJURY,1.,0 ,1 ,COLLISION WITH BICYCLIST,OTHER,NONE,DAYLIGHT,CLEAR,DRY
6836 ,34411082,MONROE,Rochester,,31 43032003,N,43.1646772,-77.6691446,08/24/2012,3:00 PM,INJURY,2.,0 ,2 ,COLLISION WITH MOTOR VEHICLE,REAR END,NONE,DAYLIGHT,CLEAR,DRY
6836 ,34411237,MONROE,Ogden,,33 43031087,Y,43.135108,-77.775908,08/26/2012,8:05 AM,PROPERTY DAMAGE AND INJURY,1.,0 ,1 ,COLLISION WITH SIGN POST,OTHER,STOP SIGN,DAYLIGHT,CLEAR,DRY
6836 ,34411248,MONROE,Rochester,,,N,43.1648628,-77.5805482,08/24/2012,5:11 PM,INJURY,1.,0 ,2 ,COLLISION WITH MOTOR VEHICLE,OVERTAKING,NONE,DAYLIGHT,CLEAR,DRY
6836 ,34411251,MONROE,Rochester,,,Y,43.142223,-77.642149,08/24/2012,8:08 PM,INJURY,2.,0 ,1 ,COLLISION WITH BICYCLIST,OTHER,NONE,DAYLIGHT,CLEAR,DRY
6836 ,34411254,MONROE,Rochester,,,N,43.1686809,-77.5900683,08/27/2012,2:35 AM,PROPERTY DAMAGE AND INJURY,1.,0 ,2 ,COLLISION WITH TREE,OTHER,NONE,DARK-ROAD LIGHTED,CLEAR,DRY
6836 ,34411257,MONROE,Rochester,,,N,43.1606765,-77.6184583,08/24/2012,2:54 PM,PROPERTY DAMAGE AND INJURY,1.,0 ,3 ,COLLISION WITH MOTOR VEHICLE,OTHER,NONE,DAYLIGHT,CLEAR,DRY
6836 ,34411258,MONROE,Rochester,,,Y,43.249715,-77.614751,08/25/2012,12:19 PM,INJURY,1.,0 ,2 ,COLLISION WITH MOTOR VEHICLE,RIGHT TURN (WITH OTHER CAR),TRAFFIC SIGNAL,DAYLIGHT,CLEAR,DRY
6836 ,34411395,MONROE,Rochester,,490I43022057,N,43.1433832,-77.5701062,08/24/2012,5:12 PM,PROPERTY DAMAGE AND INJURY,2.,0 ,3 ,COLLISION WITH MOTOR VEHICLE,OTHER,NONE,DAYLIGHT,CLEAR,DRY
6836 ,34412333,MONROE,Rochester,,31 43032028,Y,43.158106,-77.625163,05/26/2012,12:19 PM,PROPERTY DAMAGE AND INJURY,3.,0 ,2 ,COLLISION WITH MOTOR VEHICLE,RIGHT ANGLE,TRAFFIC SIGNAL,DAYLIGHT,CLEAR,DRY
6836 ,34412391,MONROE,Rochester,,,N,43.1616685,-77.6441643,08/11/2012,7:00 PM,INJURY,1.,0 ,1 ,COLLISION WITH BICYCLIST,OTHER,NONE,DAYLIGHT,CLEAR,DRY
6836 ,34412605,MONROE,Rochester,,,N,43.1364024,-77.6509647,05/31/2012,1:50 PM,INJURY,1.,0 ,1 ,COLLISION WITH BICYCLIST,OTHER,NONE,DAYLIGHT,CLEAR,DRY
6836 ,34412796,MONROE,Rochester,,940T43011006,N,43.1605519,-77.6131265,08/17/2012,5:44 PM,PROPERTY DAMAGE AND INJURY,1.,0 ,2 ,COLLISION WITH MOTOR VEHICLE,REAR END,NONE,DAYLIGHT,CLEAR,DRY
6836 ,34412978,MONROE,Rochester,,,Y,43.187092,-77.591845,08/24/2012,9:14 AM,PROPERTY DAMAGE AND INJURY,2.,0 ,2 ,COLLISION WITH MOTOR VEHICLE,LEFT TURN (AGAINST OTHER CAR),TRAFFIC SIGNAL,DAYLIGHT,CLEAR,DRY
6836 ,34412994,MONROE,Rochester,,,N,43.1732945,-77.6141022,08/23/2012,7:17 PM,INJURY,1.,0 ,1 ,COLLISION WITH BICYCLIST,OTHER,NONE,DAYLIGHT,CLEAR,DRY
6836 ,34412996,MONROE,Rochester,,,Y,43.179329,-77.631715,08/24/2012,1:04 PM,PROPERTY DAMAGE AND INJURY,1.,0 ,1 ,COLLISION WITH BICYCLIST,OTHER,TRAFFIC SIGNAL,DAYLIGHT,CLEAR,DRY
6836 ,34413003,MONROE,Rochester,,,Y,43.184645,-77.5839551,08/16/2012,4:00 PM,INJURY,1.,0 ,1 ,COLLISION WITH BICYCLIST,OTHER,NONE,DAYLIGHT,CLEAR,DRY
6836 ,34413004,MONROE,Rochester,,,Y,43.168107,-77.569627,08/01/2012,3:11 PM,PROPERTY DAMAGE AND INJURY,1.,0 ,1 ,COLLISION WITH BICYCLIST,OTHER,STOP SIGN,DAYLIGHT,CLEAR,DRY
6836 ,34413008,MONROE,Rochester,,,Y,43.159338,-77.596512,08/26/2012,12:30 PM,PROPERTY DAMAGE AND INJURY,1.,0 ,2 ,COLLISION WITH MOTOR VEHICLE,RIGHT ANGLE,TRAFFIC SIGNAL,DAYLIGHT,CLEAR,DRY
6836 ,34413016,MONROE,Henrietta,,253 43011090,Y,43.0595,-77.59299,08/27/2012,7:00 PM,PROPERTY DAMAGE AND INJURY,1.,0 ,1 ,COLLISION WITH SIGN POST,OTHER,TRAFFIC SIGNAL,DAYLIGHT,CLOUDY,WET
6836 ,34413017,MONROE,Mendon,,251 43011253,Y,42.998173,-77.493817,08/02/2012,5:59 PM,PROPERTY DAMAGE AND INJURY,1.,0 ,2 ,COLLISION WITH MOTOR VEHICLE,RIGHT ANGLE,STOP SIGN,DAYLIGHT,CLEAR,DRY
6836 ,34413019,MONROE,Parma,,261 43011028,N,43.2590935,-77.7508589,08/20/2012,2:34 PM,PROPERTY DAMAGE AND INJURY,1.,0 ,1 ,COLL. W/EARTH ELE./ROCK CUT/DITCH,OTHER,NONE,DAYLIGHT,CLEAR,DRY
6836 ,34413021,MONROE,Henrietta,,390I43031081,N,43.049304,-77.647462,08/25/2012,1:05 PM,INJURY,1.,0 ,1 ,COLLISION WITH GUIDE RAIL,OTHER,NONE,DAYLIGHT,CLEAR,DRY
6836 ,34413025,MONROE,Perinton,,31 43033090,N,43.0685534,-77.4316379,08/15/2012,11:51 AM,PROPERTY DAMAGE AND INJURY,1.,0 ,2 ,COLLISION WITH MOTOR VEHICLE,RIGHT TURN (AGAINST OTHER CAR),TRAFFIC SIGNAL,DAYLIGHT,CLOUDY,DRY
6836 ,34413028,MONROE,Irondequoit,,,N,43.230985,-77.5494852,08/24/2012,8:17 PM,PROPERTY DAMAGE AND INJURY,1.,0 ,1 ,COLL. W/LIGHT SUPPORT/UTILITY POLE,OTHER,NONE,DARK-ROAD LIGHTED,CLEAR,DRY
6836 ,34413029,MONROE,Irondequoit,,,Y,43.196137,-77.6001439,08/26/2012,1:28 PM,INJURY,1.,0 ,2 ,COLLISION WITH MOTOR VEHICLE,REAR END,TRAFFIC SIGNAL,DAYLIGHT,CLEAR,DRY
6836 ,34413032,MONROE,Irondequoit,,,N,43.2040177,-77.5593598,08/23/2012,9:27 AM,PROPERTY DAMAGE AND INJURY,1.,0 ,1 ,OTHER NON-COLLISION,OTHER,TRAFFIC SIGNAL,DAYLIGHT,CLEAR,DRY
6836 ,34413040,MONROE,Brighton,,,N,43.1184993,-77.595867,08/27/2012,1:01 PM,PROPERTY DAMAGE AND INJURY,2.,0 ,2 ,COLLISION WITH MOTOR VEHICLE,REAR END,NONE,DAYLIGHT,CLOUDY,DRY
6836 ,34413319,MONROE,Rochester,,,Y,43.171305,-77.569449,06/15/2012,12:19 PM,PROPERTY DAMAGE AND INJURY,1.,0 ,2 ,COLLISION WITH MOTOR VEHICLE,UNKNOWN,TRAFFIC SIGNAL,DAYLIGHT,CLEAR,DRY
6836 ,34413510,MONROE,Greece,,,N,43.211334,-77.695241,08/27/2012,3:28 PM,PROPERTY DAMAGE AND INJURY,3.,0 ,2 ,COLLISION WITH MOTOR VEHICLE,OTHER,NONE,DAYLIGHT,RAIN,WET
6836 ,34413512,MONROE,Greece,,,N,43.2530068,-77.6953173,08/27/2012,10:09 PM,PROPERTY DAMAGE AND INJURY,1.,0 ,1 ,COLLISION WITH OTHER FIXED OBJECT,OTHER,NONE,DARK-ROAD LIGHTED,CLOUDY,DRY
6836 ,34413524,MONROE,Greece,,,N,43.2213502,-77.6412813,08/26/2012,5:55 PM,PROPERTY DAMAGE AND INJURY,1.,0 ,3 ,COLLISION WITH MOTOR VEHICLE,OTHER,TRAFFIC SIGNAL,DAYLIGHT,CLEAR,DRY
6836 ,34413644,MONROE,Rochester,,33 43032028,N,43.1537259,-77.6211467,06/16/2012,11:03 AM,PROPERTY DAMAGE AND INJURY,1.,0 ,2 ,COLLISION WITH MOTOR VEHICLE,UNKNOWN,NONE,DAYLIGHT,CLEAR,DRY
6836 ,34413657,MONROE,Rochester,,,Y,43.192767,-77.648742,06/18/2012,12:11 PM,PROPERTY DAMAGE AND INJURY,1.,0 ,1 ,COLLISION WITH BICYCLIST,OTHER,STOP SIGN,DAYLIGHT,CLEAR,DRY
6836 ,34413880,MONROE,Rochester,,,Y,43.200455,-77.638723,07/08/2012,1:53 PM,PROPERTY DAMAGE AND INJURY,3.,0 ,2 ,COLLISION WITH MOTOR VEHICLE,REAR END,TRAFFIC SIGNAL,DAYLIGHT,CLEAR,DRY
6836 ,34414179,MONROE,Greece,,390 43011049,N,43.2266661,-77.6736549,08/25/2012,6:58 PM,INJURY,1.,0 ,1 ,COLLISION WITH DEER,OTHER,NONE,DAYLIGHT,CLEAR,DRY
6836 ,34414435,MONROE,Pittsford,,,N,43.098951,-77.5140461,08/27/2012,5:07 PM,INJURY,1.,0 ,2 ,COLLISION WITH MOTOR VEHICLE,REAR END,TRAFFIC SIGNAL,DAYLIGHT,RAIN,WET
6836 ,34414438,MONROE,Rush,,251 43011157,N,43.0030551,-77.6709185,08/25/2012,4:52 PM,PROPERTY DAMAGE AND INJURY,1.,0 ,2 ,COLLISION WITH MOTOR VEHICLE,REAR END,YIELD SIGN,DAYLIGHT,CLEAR,DRY
6836 ,34414440,MONROE,Pittsford,,64 43021103,N,43.086515,-77.518128,08/23/2012,7:35 PM,PROPERTY DAMAGE AND INJURY,1.,0 ,2 ,COLLISION WITH MOTOR VEHICLE,REAR END,TRAFFIC SIGNAL,DUSK,CLEAR,DRY
6836 ,34414454,MONROE,Rochester,,,Y,43.128229,-77.642723,08/27/2012,6:35 PM,PROPERTY DAMAGE AND INJURY,1.,0 ,2 ,COLLISION WITH MOTOR VEHICLE,RIGHT ANGLE,STOP SIGN,DAYLIGHT,CLOUDY,WET
6836 ,34414459,MONROE,Henrietta,,253 43011066,N,43.0588801,-77.6396839,08/24/2012,2:51 PM,PROPERTY DAMAGE AND INJURY,1.,0 ,2 ,COLLISION WITH MOTOR VEHICLE,RIGHT ANGLE,TRAFFIC SIGNAL,DAYLIGHT,CLEAR,DRY
6836 ,34414471,MONROE,Brockport,,,Y,43.206877,-77.941112,08/10/2012,7:00 AM,PROPERTY DAMAGE AND INJURY,2.,0 ,2 ,COLLISION WITH MOTOR VEHICLE,HEAD ON,STOP SIGN,DAYLIGHT,CLOUDY,DRY
6836 ,34414484,MONROE,Brighton,,31 43033014,Y,43.120844,-77.558374,08/28/2012,6:37 PM,INJURY,1.,0 ,1 ,OVERTURNED,OTHER,NONE,DAYLIGHT,CLOUDY,DRY
6836 ,34414485,MONROE,Mendon,,,Y,42.9603387,-77.6200944,08/28/2012,6:22 PM,INJURY,1.,0 ,1 ,OTHER NON-COLLISION,OTHER,STOP SIGN,DAYLIGHT,CLEAR,DRY
6836 ,34415241,MONROE,Brighton,,,Y,43.1060177,-77.5767705,08/28/2012,12:23 PM,PROPERTY DAMAGE AND INJURY,1.,0 ,3 ,COLLISION WITH MOTOR VEHICLE,OTHER,NONE,DAYLIGHT,CLOUDY,DRY
6836 ,34415582,MONROE,Greece,,104 43031140,Y,43.214424,-77.7318019,06/24/2012,6:20 PM,INJURY,1.,0 ,2 ,COLLISION WITH MOTOR VEHICLE,REAR END,TRAFFIC SIGNAL,DAYLIGHT,CLEAR,DRY
6836 ,34417102,MONROE,Irondequoit,,590 43013015,N,43.1888037,-77.5441763,08/28/2012,3:38 PM,PROPERTY DAMAGE AND INJURY,1.,0 ,1 ,COLLISION WITH OTHER BARRIER,OTHER,NONE,DAYLIGHT,CLEAR,DRY
6836 ,34417145,MONROE,Rochester,,104 43032038,N,43.1937843,-77.5910757,08/28/2012,9:00 PM,PROPERTY DAMAGE AND INJURY,1.,0 ,1 ,COLLISION WITH DEER,OTHER,NONE,DARK-ROAD LIGHTED,CLEAR,DRY
6836 ,34417319,MONROE,Perinton,,31F43011049,N,43.1015403,-77.4321392,08/23/2012,3:07 PM,PROPERTY DAMAGE AND INJURY,2.,0 ,2 ,COLLISION WITH MOTOR VEHICLE,REAR END,NONE,DAYLIGHT,CLEAR,DRY
6836 ,34417320,MONROE,Penfield,,,Y,43.195003,-77.5077661,08/20/2012,9:21 AM,PROPERTY DAMAGE AND INJURY,1.,0 ,2 ,COLLISION WITH MOTOR VEHICLE,LEFT TURN (AGAINST OTHER CAR),NONE,DAYLIGHT,CLEAR,DRY
6836 ,34417321,MONROE,Penfield,,441 43011039,Y,43.131345,-77.468869,08/27/2012,10:45 AM,PROPERTY DAMAGE AND INJURY,2.,0 ,2 ,COLLISION WITH MOTOR VEHICLE,REAR END,TRAFFIC SIGNAL,DAYLIGHT,CLOUDY,DRY
6836 ,34417331,MONROE,Perinton,,,Y,43.122323,-77.458205,08/23/2012,10:35 AM,PROPERTY DAMAGE AND INJURY,1.,0 ,2 ,COLLISION WITH MOTOR VEHICLE,OTHER,NONE,DAYLIGHT,CLEAR,DRY
6836 ,34417332,MONROE,Rochester,,590 43012003,N,43.1625794,-77.5388873,08/21/2012,8:30 AM,PROPERTY DAMAGE AND INJURY,1.,0 ,2 ,COLLISION WITH MOTOR VEHICLE,REAR END,NONE,DAYLIGHT,CLEAR,DRY
6836 ,34417338,MONROE,Brighton,,31 43033021,N,43.1115026,-77.5483779,08/29/2012,12:12 PM,PROPERTY DAMAGE AND INJURY,1.,0 ,2 ,COLLISION WITH MOTOR VEHICLE,LEFT TURN (AGAINST OTHER CAR),NONE,DAYLIGHT,CLEAR,DRY
6836 ,34417356,MONROE,Rochester,,,Y,43.190355,-77.599786,08/04/2012,8:53 AM,PROPERTY DAMAGE AND INJURY,3.,0 ,2 ,COLLISION WITH MOTOR VEHICLE,OVERTAKING,NONE,DAYLIGHT,CLEAR,DRY
6836 ,34417357,MONROE,Rochester,,,N,43.1754954,-77.5988286,08/28/2012,11:25 AM,INJURY,1.,0 ,2 ,COLLISION WITH MOTOR VEHICLE,REAR END,NONE,DAYLIGHT,CLEAR,DRY
6836 ,34417358,MONROE,Rochester,,33 43032025,N,43.1526036,-77.6260018,08/29/2012,6:34 PM,FATAL,0.,1 ,1 ,COLLISION WITH BICYCLIST,OTHER,TRAFFIC SIGNAL,DAYLIGHT,CLEAR,DRY
6836 ,34418024,MONROE,Webster,,,N,43.2210748,-77.4296319,08/29/2012,7:20 AM,PROPERTY DAMAGE AND INJURY,1.,0 ,2 ,COLLISION WITH MOTOR VEHICLE,REAR END,NONE,DAYLIGHT,CLEAR,DRY
6836 ,34418028,MONROE,Webster,,104 43035068,N,43.2038654,-77.4924513,08/29/2012,2:00 PM,PROPERTY DAMAGE AND INJURY,1.,0 ,1 ,COLL. W/EARTH ELE./ROCK CUT/DITCH,OTHER,NONE,DAYLIGHT,CLEAR,DRY
6836 ,34418033,MONROE,Riga,,,N,43.128722,-77.863638,08/04/2012,9:40 AM,PROPERTY DAMAGE AND INJURY,1.,0 ,2 ,COLLISION WITH MOTOR VEHICLE,RIGHT ANGLE,STOP SIGN,DAYLIGHT,CLEAR,DRY
6836 ,34418035,MONROE,Rochester,,390I43034001,N,43.1256504,-77.6557331,08/17/2012,3:10 PM,PROPERTY DAMAGE AND INJURY,3.,0 ,2 ,COLLISION WITH MOTOR VEHICLE,REAR END,NONE,DAYLIGHT,CLOUDY,DRY
6836 ,34418040,MONROE,Henrietta,,15 43031095,Y,43.067984,-77.647022,08/30/2012,6:21 PM,INJURY,1.,0 ,1 ,COLLISION WITH PEDESTRIAN,OTHER,TRAFFIC SIGNAL,DAYLIGHT,CLEAR,DRY
6836 ,34418042,MONROE,Hamlin,,18 43031028,Y,43.295527,-77.943425,08/28/2012,12:44 PM,PROPERTY DAMAGE AND INJURY,2.,0 ,3 ,COLLISION WITH MOTOR VEHICLE,OTHER,STOP SIGN,DAYLIGHT,CLEAR,DRY
6836 ,34418044,MONROE,Ogden,,531 43012000,N,43.186313,-77.8535721,08/27/2012,6:19 PM,PROPERTY DAMAGE AND INJURY,1.,0 ,3 ,COLLISION WITH MOTOR VEHICLE,OTHER,NONE,DAYLIGHT,CLOUDY,WET
6836 ,34418047,MONROE,Brighton,,,Y,43.126721,-77.55592,08/30/2012,12:02 PM,PROPERTY DAMAGE AND INJURY,1.,0 ,3 ,COLLISION WITH MOTOR VEHICLE,OTHER,NONE,DAYLIGHT,CLEAR,DRY
6836 ,34418196,MONROE,Greece,,390 43011079,N,43.2694759,-77.6638169,08/25/2012,4:00 AM,PROPERTY DAMAGE AND INJURY,1.,0 ,1 ,COLLISION WITH TREE,OTHER,NONE,DARK-ROAD UNLIGHTED,CLEAR,DRY
6836 ,34418769,MONROE,Greece,,,Y,43.204575,-77.6718399,08/26/2012,1:48 PM,PROPERTY DAMAGE AND INJURY,1.,0 ,2 ,COLLISION WITH MOTOR VEHICLE,OTHER,STOP SIGN,DAYLIGHT,CLEAR,DRY
6836 ,34418932,MONROE,Rochester,,,Y,43.187361,-77.584105,08/30/2012,5:37 PM,INJURY,2.,0 ,3 ,COLLISION WITH MOTOR VEHICLE,OTHER,NONE,DAYLIGHT,CLEAR,DRY
6836 ,34418945,MONROE,Rochester,,,Y,43.163172,-77.595905,08/25/2012,5:41 PM,INJURY,1.,0 ,1 ,COLLISION WITH BICYCLIST,OTHER,NONE,DAYLIGHT,CLEAR,DRY
6836 ,34418958,MONROE,Rochester,,,N,43.1401403,-77.6360141,08/29/2012,3:41 PM,PROPERTY DAMAGE AND INJURY,5.,0 ,4 ,COLLISION WITH MOTOR VEHICLE,OTHER,NONE,DAYLIGHT,CLEAR,DRY
6836 ,34418962,MONROE,Rochester,,,Y,43.149509,-77.571697,08/31/2012,6:36 PM,INJURY,1.,0 ,1 ,COLLISION WITH CURBING,OTHER,TRAFFIC SIGNAL,DAYLIGHT,CLEAR,DRY
6836 ,34418963,MONROE,Rochester,,31 43032006,N,43.164661,-77.6633837,08/21/2012,7:05 AM,PROPERTY DAMAGE AND INJURY,1.,0 ,2 ,COLLISION WITH MOTOR VEHICLE,REAR END,NONE,DAYLIGHT,CLEAR,DRY
6836 ,34418966,MONROE,Rochester,,,Y,43.176367,-77.5573561,08/24/2012,10:13 PM,INJURY,1.,0 ,2 ,COLLISION WITH MOTOR VEHICLE,LEFT TURN (WITH OTHER CAR),TRAFFIC SIGNAL,DARK-ROAD LIGHTED,CLEAR,DRY
6836 ,34418968,MONROE,Rochester,,,N,43.1870029,-77.622086,08/12/2012,7:41 PM,INJURY,1.,0 ,1 ,COLLISION WITH PEDESTRIAN,OTHER,NONE,DUSK,CLEAR,DRY
6836 ,34419303,MONROE,Greece,,,Y,43.204902,-77.6965369,08/30/2012,1:16 PM,PROPERTY DAMAGE AND INJURY,1.,0 ,2 ,COLLISION WITH MOTOR VEHICLE,OVERTAKING,NONE,DAYLIGHT,CLEAR,DRY
6836 ,34419307,MONROE,Greece,,,N,43.2070603,-77.6788985,08/29/2012,2:44 PM,INJURY,2.,0 ,1 ,COLLISION WITH BICYCLIST,OTHER,NONE,DAYLIGHT,CLEAR,DRY
6836 ,34419310,MONROE,Greece,,,N,43.2090362,-77.6959541,09/01/2012,7:32 PM,PROPERTY DAMAGE AND INJURY,1.,0 ,2 ,COLLISION WITH MOTOR VEHICLE,UNKNOWN,NONE,DAYLIGHT,CLEAR,DRY
6836 ,34419311,MONROE,Greece,,,Y,43.253021,-77.696443,08/30/2012,7:51 PM,PROPERTY DAMAGE AND INJURY,1.,0 ,2 ,COLLISION WITH MOTOR VEHICLE,LEFT TURN (WITH OTHER CAR),TRAFFIC SIGNAL,DUSK,CLEAR,DRY
6836 ,34419594,MONROE,Rochester,,,Y,43.177132,-77.557965,08/27/2012,5:13 PM,PROPERTY DAMAGE AND INJURY,1.,0 ,2 ,COLLISION WITH MOTOR VEHICLE,REAR END,NONE,DAYLIGHT,RAIN,WET
6836 ,34419826,MONROE,Rochester,,,N,43.1395406,-77.5851734,06/14/2012,8:11 AM,INJURY,1.,0 ,1 ,COLLISION WITH PEDESTRIAN,OTHER,NONE,DAYLIGHT,CLEAR,DRY