QUERYID,CASE #,REGN_CNTY_CDE,Municipality,MUNITYPE,REF_MRKR,ATINTERSECTION_IND,Lat,Long,,Time,Crash Type,Injuries,Fatalities,Number of Vehicles,ACCD_TYP,COLLISION_TYP,TRAF_CNTL,Light Condition,Weather Condition,Road Surface Condition
6836 ,34419830,MONROE,Rochester,,,Y,43.158819,-77.5989741,06/12/2012,1:10 PM,INJURY,1.,0 ,1 ,COLLISION WITH BICYCLIST,OTHER,TRAFFIC SIGNAL,DAYLIGHT,CLOUDY,DRY
6836 ,34420128,MONROE,Rochester,,,Y,43.163506,-77.642193,06/05/2012,1:40 PM,PROPERTY DAMAGE AND INJURY,3.,0 ,2 ,COLLISION WITH MOTOR VEHICLE,REAR END,NONE,DAYLIGHT,CLEAR,DRY
6836 ,34420434,MONROE,Rochester,,,Y,43.15843,-77.615431,06/28/2012,8:35 AM,INJURY,1.,0 ,1 ,COLLISION WITH BICYCLIST,OTHER,TRAFFIC SIGNAL,DAYLIGHT,CLEAR,DRY
6836 ,34420808,MONROE,Chili,,33A43021106,N,43.1077121,-77.7450247,08/31/2012,1:56 PM,PROPERTY DAMAGE AND INJURY,4.,0 ,2 ,COLLISION WITH MOTOR VEHICLE,HEAD ON,TRAFFIC SIGNAL,DAYLIGHT,CLEAR,DRY
6836 ,34420816,MONROE,Hilton,,,Y,43.288903,-77.789335,09/02/2012,5:52 PM,INJURY,1.,0 ,2 ,COLLISION WITH MOTOR VEHICLE,RIGHT ANGLE,NONE,DAYLIGHT,CLEAR,DRY
6836 ,34420819,MONROE,Henrietta,,,N,43.0720351,-77.6840416,09/01/2012,7:13 AM,INJURY,1.,0 ,1 ,COLLISION WITH DEER,OTHER,NONE,DAYLIGHT,CLEAR,DRY
6836 ,34420820,MONROE,Perinton,,,Y,43.077546,-77.477294,08/30/2012,9:50 AM,INJURY,1.,0 ,2 ,COLLISION WITH MOTOR VEHICLE,REAR END,TRAFFIC SIGNAL,DAYLIGHT,CLEAR,DRY
6836 ,34420829,MONROE,Clarkson,,19 43041069,N,43.2296961,-77.9301235,08/04/2012,11:30 AM,INJURY,1.,0 ,2 ,COLLISION WITH MOTOR VEHICLE,REAR END,NONE,DAYLIGHT,CLEAR,DRY
6836 ,34420843,MONROE,Sweden,,,Y,43.149239,-77.987201,09/01/2012,4:47 PM,PROPERTY DAMAGE AND INJURY,1.,0 ,2 ,COLLISION WITH MOTOR VEHICLE,RIGHT ANGLE,STOP SIGN,DAYLIGHT,CLEAR,DRY
6836 ,34420845,MONROE,Sweden,,260 43011005,N,43.205053,-77.8970728,08/25/2012,5:30 AM,INJURY,1.,0 ,1 ,COLL. W/EARTH ELE./ROCK CUT/DITCH,OTHER,NO PASSING ZONE,DARK-ROAD UNLIGHTED,CLEAR,DRY
6836 ,34420855,MONROE,Parma,,104 43031127,N,43.2177979,-77.7549108,08/14/2012,11:21 AM,INJURY,1.,0 ,1 ,COLLISION WITH BUILDING/WALL,OTHER,NONE,DAYLIGHT,CLEAR,DRY
6836 ,34420863,MONROE,Henrietta,,,N,43.0356103,-77.673761,09/02/2012,10:16 AM,PROPERTY DAMAGE AND INJURY,1.,0 ,1 ,COLLISION WITH TREE,OTHER,NONE,DAYLIGHT,CLEAR,DRY
6836 ,34420870,MONROE,Irondequoit,,,N,43.1992671,-77.5763111,09/03/2012,9:30 AM,INJURY,1.,0 ,1 ,COLLISION WITH PEDESTRIAN,OTHER,NONE,DAYLIGHT,CLEAR,DRY
6836 ,34420883,MONROE,Sweden,,,N,43.2140344,-77.9175027,08/28/2012,6:20 AM,PROPERTY DAMAGE AND INJURY,1.,0 ,1 ,COLLISION WITH TREE,OTHER,NONE,DAWN,CLEAR,DRY
6836 ,34420885,MONROE,Irondequoit,,,Y,43.1893982,-77.5764152,09/01/2012,5:03 PM,PROPERTY DAMAGE AND INJURY,3.,0 ,2 ,COLLISION WITH MOTOR VEHICLE,REAR END,TRAFFIC SIGNAL,DAYLIGHT,CLEAR,DRY
6836 ,34420886,MONROE,Chili,,383 43011150,Y,43.115279,-77.664193,08/29/2012,9:13 AM,INJURY,1.,0 ,1 ,OVERTURNED,OTHER,NONE,DAYLIGHT,CLOUDY,DRY
6836 ,34421114,MONROE,Rochester,,,Y,43.191587,-77.633831,06/08/2012,2:19 AM,PROPERTY DAMAGE AND INJURY,2.,0 ,2 ,COLLISION WITH MOTOR VEHICLE,SIDESWIPE,STOP SIGN,DARK-ROAD LIGHTED,CLEAR,DRY
6836 ,34421473,MONROE,Greece,,,Y,43.215678,-77.6591709,06/24/2012,1:00 PM,PROPERTY DAMAGE AND INJURY,1.,0 ,2 ,COLLISION WITH MOTOR VEHICLE,REAR END,TRAFFIC SIGNAL,DAYLIGHT,CLEAR,DRY
6836 ,34424080,MONROE,Rochester,,,N,43.1506366,-77.6345343,09/01/2012,11:50 PM,INJURY,1.,0 ,1 ,COLLISION WITH PEDESTRIAN,OTHER,NONE,DARK-ROAD LIGHTED,CLEAR,DRY
6836 ,34424081,MONROE,Rochester,,,N,43.1792215,-77.6316852,09/02/2012,3:31 PM,INJURY,1.,0 ,2 ,COLLISION WITH MOTOR VEHICLE,SIDESWIPE,NONE,DAYLIGHT,CLEAR,DRY
6836 ,34424082,MONROE,Rochester,,,N,43.1532365,-77.6232995,09/02/2012,2:22 AM,PROPERTY DAMAGE AND INJURY,2.,0 ,1 ,COLLISION WITH TREE,OTHER,NONE,DARK-ROAD LIGHTED,CLEAR,DRY
6836 ,34424085,MONROE,Rochester,,,Y,43.187626,-77.576289,08/31/2012,2:21 PM,PROPERTY DAMAGE AND INJURY,1.,0 ,2 ,COLLISION WITH MOTOR VEHICLE,RIGHT ANGLE,TRAFFIC SIGNAL,DAYLIGHT,CLEAR,DRY
6836 ,34424089,MONROE,Rochester,,,Y,43.174007,-77.612993,08/30/2012,7:31 PM,INJURY,1.,0 ,1 ,COLLISION WITH BICYCLIST,OTHER,STOP SIGN,DUSK,CLEAR,DRY
6836 ,34424092,MONROE,Rochester,,,Y,43.158106,-77.625163,09/01/2012,3:34 PM,PROPERTY DAMAGE AND INJURY,1.,0 ,2 ,COLLISION WITH MOTOR VEHICLE,RIGHT ANGLE,TRAFFIC SIGNAL,DAYLIGHT,CLEAR,DRY
6836 ,34424093,MONROE,Rochester,,,Y,43.183166,-77.613715,08/29/2012,6:40 PM,PROPERTY DAMAGE AND INJURY,1.,0 ,2 ,COLLISION WITH MOTOR VEHICLE,RIGHT ANGLE,NONE,DAYLIGHT,CLEAR,DRY
6836 ,34424095,MONROE,Rochester,,,Y,43.241638,-77.620239,09/01/2012,10:15 AM,INJURY,1.,0 ,1 ,COLLISION WITH BICYCLIST,OTHER,TRAFFIC SIGNAL,DAYLIGHT,CLEAR,DRY
6836 ,34424096,MONROE,Rochester,,,Y,43.130975,-77.647675,09/02/2012,4:19 PM,PROPERTY DAMAGE AND INJURY,3.,0 ,2 ,COLLISION WITH MOTOR VEHICLE,RIGHT ANGLE,NONE,DAYLIGHT,CLEAR,DRY
6836 ,34424099,MONROE,Rochester,,,N,43.1646373,-77.6259013,08/14/2012,4:24 PM,INJURY,1.,0 ,2 ,COLLISION WITH MOTOR VEHICLE,REAR END,NONE,DAYLIGHT,RAIN,WET
6836 ,34424100,MONROE,Rochester,,,Y,43.135184,-77.607745,09/04/2012,5:39 PM,INJURY,1.,0 ,2 ,COLLISION WITH MOTOR VEHICLE,LEFT TURN (AGAINST OTHER CAR),TRAFFIC SIGNAL,DAYLIGHT,RAIN,WET
6836 ,34424102,MONROE,Rochester,,,Y,43.177334,-77.595251,08/30/2012,2:09 PM,INJURY,1.,0 ,1 ,COLLISION WITH BICYCLIST,OTHER,STOP SIGN,DAYLIGHT,CLEAR,DRY
6836 ,34424592,MONROE,Pittsford,,,Y,43.084592,-77.519365,06/25/2012,5:50 PM,PROPERTY DAMAGE AND INJURY,1.,0 ,1 ,COLLISION WITH BICYCLIST,OTHER,NONE,DAYLIGHT,CLEAR,DRY
6836 ,34424826,MONROE,Irondequoit,,,N,43.2041433,-77.5585285,06/30/2012,4:23 PM,PROPERTY DAMAGE AND INJURY,1.,0 ,2 ,COLLISION WITH MOTOR VEHICLE,OVERTAKING,NONE,DAYLIGHT,CLEAR,DRY
6836 ,34425048,MONROE,Henrietta,,,Y,43.087022,-77.629695,06/30/2012,5:18 PM,PROPERTY DAMAGE AND INJURY,1.,0 ,3 ,COLLISION WITH MOTOR VEHICLE,OTHER,TRAFFIC SIGNAL,DAYLIGHT,CLEAR,DRY
6836 ,34425738,MONROE,Rochester,,,Y,43.123788,-77.631479,08/27/2012,10:27 PM,PROPERTY DAMAGE AND INJURY,3.,0 ,2 ,COLLISION WITH MOTOR VEHICLE,LEFT TURN (WITH OTHER CAR),TRAFFIC SIGNAL,DARK-ROAD LIGHTED,CLOUDY,WET
6836 ,34425739,MONROE,Rochester,,490I43022055,N,43.1431207,-77.5754621,09/05/2012,5:42 PM,PROPERTY DAMAGE AND INJURY,1.,0 ,4 ,COLLISION WITH MOTOR VEHICLE,OTHER,NONE,DAYLIGHT,CLEAR,DRY
6836 ,34425742,MONROE,Rochester,,15 43032021,N,43.1440643,-77.6110367,09/04/2012,2:30 PM,PROPERTY DAMAGE AND INJURY,1.,0 ,2 ,COLLISION WITH MOTOR VEHICLE,REAR END,NONE,DAYLIGHT,RAIN,WET
6836 ,34425743,MONROE,Rochester,,,N,43.1472067,-77.5948484,09/02/2012,6:10 PM,INJURY,1.,0 ,1 ,COLLISION WITH MOTOR VEHICLE,OTHER,NONE,DAYLIGHT,CLEAR,DRY
6836 ,34425744,MONROE,Rochester,,,Y,43.146801,-77.5941409,09/03/2012,2:16 AM,INJURY,1.,0 ,1 ,COLLISION WITH PEDESTRIAN,OTHER,NONE,DARK-ROAD LIGHTED,CLEAR,DRY
6836 ,34425761,MONROE,Greece,,390 43011029,N,43.1980628,-77.6801131,08/31/2012,12:20 AM,PROPERTY DAMAGE AND INJURY,1.,0 ,1 ,COLLISION WITH MEDIAN/BARRIER,OTHER,NONE,DARK-ROAD LIGHTED,CLEAR,WET
6836 ,34425943,MONROE,Ogden,,,Y,43.125645,-77.765689,09/05/2012,6:13 PM,PROPERTY DAMAGE AND INJURY,1.,0 ,2 ,COLLISION WITH MOTOR VEHICLE,RIGHT ANGLE,STOP SIGN,DAYLIGHT,CLEAR,DRY
6836 ,34425951,MONROE,Riga,,490I43021045,N,43.0905545,-77.8934447,08/31/2012,3:31 PM,PROPERTY DAMAGE AND INJURY,2.,0 ,2 ,COLLISION WITH MOTOR VEHICLE,REAR END,NONE,DAYLIGHT,CLEAR,DRY
6836 ,34425959,MONROE,Penfield,,,N,43.1524649,-77.393083,08/30/2012,4:40 PM,PROPERTY DAMAGE AND INJURY,1.,0 ,2 ,COLLISION WITH MOTOR VEHICLE,RIGHT ANGLE,STOP SIGN,DAYLIGHT,CLEAR,DRY
6836 ,34425968,MONROE,Ogden,,,Y,43.135615,-77.785823,09/04/2012,2:08 PM,PROPERTY DAMAGE AND INJURY,1.,0 ,2 ,COLLISION WITH MOTOR VEHICLE,REAR END,NONE,DAYLIGHT,RAIN,WET
6836 ,34425973,MONROE,Parma,,,N,43.3248239,-77.7956043,08/30/2012,4:36 PM,INJURY,1.,0 ,1 ,COLLISION WITH PEDESTRIAN,OTHER,NONE,DAYLIGHT,CLEAR,DRY
6836 ,34425976,MONROE,Brighton,,15 43031127,N,43.1114766,-77.6240541,09/01/2012,7:04 AM,PROPERTY DAMAGE AND INJURY,2.,0 ,2 ,COLLISION WITH MOTOR VEHICLE,OVERTAKING,TRAFFIC SIGNAL,DAWN,CLEAR,DRY
6836 ,34425980,MONROE,Brighton,,,N,43.107461,-77.5759661,09/04/2012,4:24 PM,PROPERTY DAMAGE AND INJURY,1.,0 ,2 ,COLLISION WITH MOTOR VEHICLE,REAR END,TRAFFIC SIGNAL,DAYLIGHT,RAIN,WET
6836 ,34425983,MONROE,Mendon,,,N,42.9984028,-77.497226,08/23/2012,10:10 AM,INJURY,1.,0 ,1 ,COLLISION WITH DEER,OTHER,NONE,DAYLIGHT,CLEAR,DRY
6836 ,34425990,MONROE,Pittsford,,,N,43.0895649,-77.5119432,08/28/2012,2:47 PM,INJURY,1.,0 ,2 ,COLLISION WITH MOTOR VEHICLE,REAR END,NONE,DAYLIGHT,CLEAR,DRY
6836 ,34425995,MONROE,Henrietta,,252 43011067,N,43.0891642,-77.6410054,08/31/2012,5:07 PM,PROPERTY DAMAGE AND INJURY,1.,0 ,3 ,COLLISION WITH MOTOR VEHICLE,OTHER,TRAFFIC SIGNAL,DAYLIGHT,CLEAR,DRY
6836 ,34425999,MONROE,Brighton,,441 43011103,N,43.129144,-77.524889,09/05/2012,5:03 PM,PROPERTY DAMAGE AND INJURY,1.,0 ,2 ,COLLISION WITH MOTOR VEHICLE,RIGHT ANGLE,TRAFFIC SIGNAL,DAYLIGHT,CLOUDY,DRY
6836 ,34426012,MONROE,Gates,,33 43031131,N,43.1498995,-77.6904957,09/04/2012,6:45 PM,PROPERTY DAMAGE AND INJURY,1.,0 ,2 ,COLLISION WITH MOTOR VEHICLE,RIGHT ANGLE,NONE,DAYLIGHT,RAIN,WET
6836 ,34426013,MONROE,Henrietta,,,N,43.0799376,-77.6812601,09/03/2012,8:53 PM,INJURY,1.,0 ,1 ,COLLISION WITH PEDESTRIAN,OTHER,STOP SIGN,DARK-ROAD LIGHTED,CLEAR,DRY
6836 ,34426018,MONROE,Chili,,,N,43.088224,-77.7961205,09/05/2012,9:29 AM,PROPERTY DAMAGE AND INJURY,2.,0 ,2 ,COLLISION WITH MOTOR VEHICLE,LEFT TURN (AGAINST OTHER CAR),NONE,DAYLIGHT,CLEAR,DRY
6836 ,34426019,MONROE,Churchville,,,N,43.1043714,-77.8861942,09/03/2012,3:43 PM,PROPERTY DAMAGE AND INJURY,3.,0 ,2 ,COLLISION WITH MOTOR VEHICLE,REAR END,NO PASSING ZONE,DAYLIGHT,CLEAR,DRY
6836 ,34426020,MONROE,Chili,,251 43011020,N,43.1209607,-77.7456386,09/03/2012,3:23 PM,INJURY,1.,0 ,1 ,COLLISION WITH GUIDE RAIL,OTHER,NONE,DAYLIGHT,CLEAR,DRY
6836 ,34426032,MONROE,Brighton,,,N,43.1255878,-77.5936443,09/04/2012,7:50 AM,INJURY,1.,0 ,1 ,COLLISION WITH PEDESTRIAN,OTHER,NONE,DAYLIGHT,CLEAR,DRY
6836 ,34426034,MONROE,Brighton,,15 43031126,Y,43.11019,-77.624761,09/05/2012,3:48 PM,PROPERTY DAMAGE AND INJURY,2.,0 ,2 ,COLLISION WITH MOTOR VEHICLE,RIGHT ANGLE,TRAFFIC SIGNAL,DAYLIGHT,CLOUDY,DRY
6836 ,34426212,MONROE,Pittsford,,,Y,43.097921,-77.546467,03/01/2012,4:00 PM,PROPERTY DAMAGE AND INJURY,1.,0 ,3 ,COLLISION WITH MOTOR VEHICLE,OTHER,UNKNOWN,UNKNOWN,UNKNOWN,UNKNOWN
6836 ,34427147,MONROE,Rochester,,,N,43.1738504,-77.6556986,06/28/2012,12:25 PM,INJURY,1.,0 ,1 ,COLLISION WITH PEDESTRIAN,OTHER,NONE,DAYLIGHT,CLEAR,DRY
6836 ,34427305,MONROE,Greece,,,Y,43.2088978,-77.6900996,07/14/2012,12:36 PM,PROPERTY DAMAGE AND INJURY,1.,0 ,2 ,COLLISION WITH MOTOR VEHICLE,REAR END,TRAFFIC SIGNAL,DAYLIGHT,CLEAR,DRY
6836 ,34427392,MONROE,Rochester,,,Y,43.181641,-77.591495,07/05/2012,3:57 PM,PROPERTY DAMAGE AND INJURY,1.,0 ,2 ,COLLISION WITH MOTOR VEHICLE,LEFT TURN (AGAINST OTHER CAR),NONE,DAYLIGHT,CLEAR,DRY
6836 ,34427393,MONROE,Rochester,,,Y,43.14997,-77.651058,07/04/2012,12:35 PM,INJURY,1.,0 ,2 ,COLLISION WITH MOTOR VEHICLE,UNKNOWN,TRAFFIC SIGNAL,DAYLIGHT,CLEAR,DRY
6836 ,34427394,MONROE,Rochester,,,Y,43.173852,-77.6590451,07/03/2012,1:26 PM,INJURY,2.,0 ,2 ,COLLISION WITH MOTOR VEHICLE,REAR END,TRAFFIC SIGNAL,DAYLIGHT,CLOUDY,DRY
6836 ,34427540,MONROE,Rochester,,,Y,43.145438,-77.5553219,07/06/2012,5:54 PM,INJURY,1.,0 ,2 ,COLLISION WITH MOTOR VEHICLE,REAR END,TRAFFIC SIGNAL,DAYLIGHT,CLEAR,DRY
6836 ,34427656,MONROE,Greece,,,Y,43.186914,-77.701511,07/10/2012,10:41 AM,INJURY,2.,0 ,2 ,COLLISION WITH MOTOR VEHICLE,REAR END,NONE,DAYLIGHT,CLEAR,DRY
6836 ,34427657,MONROE,Greece,,,Y,43.1907,-77.701476,07/09/2012,7:01 PM,INJURY,1.,0 ,1 ,COLL. W/LIGHT SUPPORT/UTILITY POLE,OTHER,NONE,DAYLIGHT,CLEAR,DRY
6836 ,34427741,MONROE,Rochester,,,Y,43.175912,-77.572729,07/13/2012,1:49 PM,PROPERTY DAMAGE AND INJURY,2.,0 ,2 ,COLLISION WITH MOTOR VEHICLE,RIGHT TURN (AGAINST OTHER CAR),NONE,DAYLIGHT,CLEAR,DRY
6836 ,34427742,MONROE,Rochester,,,Y,43.190065,-77.638873,07/14/2012,4:55 AM,PROPERTY DAMAGE AND INJURY,1.,0 ,1 ,COLLISION WITH OTHER,OTHER,TRAFFIC SIGNAL,DARK-ROAD LIGHTED,CLEAR,DRY
6836 ,34427744,MONROE,Rochester,,,Y,43.1553825,-77.614009,07/12/2012,12:03 PM,PROPERTY DAMAGE AND INJURY,2.,0 ,2 ,COLLISION WITH MOTOR VEHICLE,REAR END,NONE,DAYLIGHT,CLEAR,DRY
6836 ,34428548,MONROE,Webster,,,N,43.2099084,-77.4515671,07/01/2012,11:50 AM,INJURY,2.,0 ,2 ,COLLISION WITH MOTOR VEHICLE,SIDESWIPE,UNKNOWN,UNKNOWN,UNKNOWN,UNKNOWN
6836 ,34429035,MONROE,Gates,,,N,43.130851,-77.661195,05/30/2012,12:00 AM,INJURY,1.,0 ,1 ,OTHER NON-COLLISION,OTHER,UNKNOWN,UNKNOWN,UNKNOWN,UNKNOWN
6836 ,34429562,MONROE,Henrietta,,15A43041012,N,43.0689479,-77.607669,06/01/2012,5:30 PM,PROPERTY DAMAGE AND INJURY,1.,0 ,2 ,COLLISION WITH MOTOR VEHICLE,REAR END,TRAFFIC SIGNAL,DAYLIGHT,RAIN,WET
6836 ,34430322,MONROE,Rochester,,,Y,43.170804,-77.600806,08/22/2012,9:23 PM,INJURY,1.,0 ,2 ,COLLISION WITH MOTOR VEHICLE,REAR END,TRAFFIC SIGNAL,DARK-ROAD LIGHTED,CLEAR,DRY
6836 ,34430329,MONROE,Rochester,,,Y,43.18008,-77.625152,08/27/2012,4:53 PM,PROPERTY DAMAGE AND INJURY,1.,0 ,2 ,COLLISION WITH MOTOR VEHICLE,REAR END,NONE,DAYLIGHT,RAIN,WET
6836 ,34430524,MONROE,Greece,,,Y,43.231097,-77.657246,09/03/2012,1:27 PM,PROPERTY DAMAGE AND INJURY,1.,0 ,2 ,COLLISION WITH MOTOR VEHICLE,RIGHT ANGLE,STOP SIGN,DAYLIGHT,CLOUDY,DRY
6836 ,34430525,MONROE,Greece,,,Y,43.214716,-77.732804,09/05/2012,8:56 PM,PROPERTY DAMAGE AND INJURY,2.,0 ,2 ,COLLISION WITH MOTOR VEHICLE,LEFT TURN (AGAINST OTHER CAR),NONE,DARK-ROAD LIGHTED,CLEAR,DRY
6836 ,34431115,MONROE,Greece,,,Y,43.184781,-77.701612,09/04/2012,2:30 PM,PROPERTY DAMAGE AND INJURY,1.,0 ,3 ,COLLISION WITH MOTOR VEHICLE,OTHER,NONE,DAYLIGHT,RAIN,WET
6836 ,34431130,MONROE,Greece,,,Y,43.2070989,-77.6791556,09/02/2012,2:49 PM,INJURY,1.,0 ,2 ,COLLISION WITH MOTOR VEHICLE,REAR END,NONE,DAYLIGHT,CLEAR,DRY
6836 ,34431133,MONROE,Greece,,,N,43.222334,-77.6590255,08/31/2012,2:43 PM,INJURY,1.,0 ,1 ,COLLISION WITH PEDESTRIAN,OTHER,NONE,DAYLIGHT,CLEAR,DRY
6836 ,34431134,MONROE,Greece,,,Y,43.2528736,-77.6641126,09/06/2012,4:33 PM,INJURY,1.,0 ,2 ,COLLISION WITH MOTOR VEHICLE,REAR END,NONE,DAYLIGHT,CLEAR,DRY
6836 ,34431720,MONROE,Greece,,,Y,43.2122346,-77.7181733,09/04/2012,4:09 PM,PROPERTY DAMAGE AND INJURY,1.,0 ,1 ,COLLISION WITH OTHER FIXED OBJECT,OTHER,NONE,DAYLIGHT,RAIN,WET
6836 ,34431721,MONROE,Greece,,,Y,43.209514,-77.663217,09/08/2012,1:40 PM,PROPERTY DAMAGE AND INJURY,1.,0 ,2 ,COLLISION WITH MOTOR VEHICLE,REAR END,NONE,DAYLIGHT,RAIN,WET
6836 ,34432256,MONROE,Rochester,,,Y,43.190355,-77.599786,07/20/2012,11:55 AM,PROPERTY DAMAGE AND INJURY,1.,0 ,1 ,COLLISION WITH FENCE,OTHER,NONE,DAYLIGHT,CLEAR,DRY
6836 ,34432551,MONROE,Rochester,,,Y,43.157146,-77.6138609,07/01/2012,7:21 PM,PROPERTY DAMAGE AND INJURY,1.,0 ,2 ,COLLISION WITH MOTOR VEHICLE,UNKNOWN,NONE,DAYLIGHT,CLEAR,DRY
6836 ,34433131,MONROE,Rochester,,,Y,43.2002648,-77.5616873,08/28/2012,6:30 PM,INJURY,1.,0 ,1 ,COLLISION WITH BICYCLIST,OTHER,NONE,DAYLIGHT,CLEAR,DRY
6836 ,34433134,MONROE,Irondequoit,,,Y,43.230391,-77.599329,08/30/2012,10:00 AM,INJURY,1.,0 ,1 ,COLLISION WITH PEDESTRIAN,OTHER,TRAFFIC SIGNAL,DAYLIGHT,CLEAR,DRY
6836 ,34433247,MONROE,Rochester,,,Y,43.164661,-77.6635711,05/07/2012,12:48 PM,PROPERTY DAMAGE AND INJURY,1.,0 ,2 ,COLLISION WITH MOTOR VEHICLE,RIGHT ANGLE,STOP SIGN,DAYLIGHT,CLEAR,DRY
6836 ,34433397,MONROE,Rochester,,,Y,43.1646143,-77.638865,07/08/2012,1:44 PM,INJURY,1.,0 ,1 ,COLLISION WITH PEDESTRIAN,OTHER,TRAFFIC SIGNAL,DAYLIGHT,CLEAR,DRY
6836 ,34434288,MONROE,Rochester,,,Y,43.164638,-77.626276,05/29/2012,4:15 PM,PROPERTY DAMAGE AND INJURY,1.,0 ,2 ,COLLISION WITH MOTOR VEHICLE,REAR END,UNKNOWN,UNKNOWN,UNKNOWN,UNKNOWN
6836 ,34435117,MONROE,Rochester,,15A43042002,N,43.1138625,-77.6161514,09/09/2012,3:35 PM,PROPERTY DAMAGE AND INJURY,1.,0 ,2 ,COLLISION WITH MOTOR VEHICLE,LEFT TURN (AGAINST OTHER CAR),NONE,DAYLIGHT,CLEAR,DRY
6836 ,34435120,MONROE,Rochester,,,Y,43.193835,-77.629001,08/29/2012,10:12 PM,PROPERTY DAMAGE AND INJURY,1.,0 ,2 ,COLLISION WITH MOTOR VEHICLE,LEFT TURN (AGAINST OTHER CAR),TRAFFIC SIGNAL,DARK-ROAD LIGHTED,CLOUDY,DRY
6836 ,34435128,MONROE,Rochester,,,N,43.1938413,-77.6392489,09/06/2012,10:19 AM,PROPERTY DAMAGE AND INJURY,2.,0 ,3 ,COLLISION WITH MOTOR VEHICLE,OTHER,NONE,DAYLIGHT,CLEAR,DRY
6836 ,34435134,MONROE,Rochester,,,Y,43.1366034,-77.6360023,09/07/2012,7:47 AM,PROPERTY DAMAGE AND INJURY,2.,0 ,2 ,COLLISION WITH MOTOR VEHICLE,REAR END,NONE,DAYLIGHT,CLEAR,DRY
6836 ,34435135,MONROE,Rochester,,,N,43.173846,-77.6486188,09/06/2012,11:55 AM,PROPERTY DAMAGE AND INJURY,1.,0 ,2 ,COLLISION WITH MOTOR VEHICLE,REAR END,NONE,DAYLIGHT,CLEAR,DRY
6836 ,34435139,MONROE,Rochester,,940M43011005,N,43.1716057,-77.6280015,09/04/2012,4:31 PM,INJURY,1.,0 ,1 ,COLLISION WITH PEDESTRIAN,OTHER,NONE,DAYLIGHT,RAIN,WET
6836 ,34435142,MONROE,Rochester,,,N,43.1697016,-77.6115868,09/04/2012,4:11 PM,PROPERTY DAMAGE AND INJURY,2.,0 ,2 ,COLLISION WITH MOTOR VEHICLE,HEAD ON,NONE,DAYLIGHT,RAIN,WET
6836 ,34435143,MONROE,Rochester,,,N,43.180899,-77.6457641,08/24/2012,5:16 PM,INJURY,1.,0 ,1 ,COLLISION WITH PEDESTRIAN,OTHER,NONE,DAYLIGHT,CLEAR,DRY
6836 ,34435148,MONROE,Rochester,,,N,43.1817517,-77.6403965,09/05/2012,5:09 PM,INJURY,1.,0 ,2 ,COLLISION WITH MOTOR VEHICLE,OVERTAKING,NONE,DAYLIGHT,CLEAR,DRY
6836 ,34435161,MONROE,Rochester,,,Y,43.113056,-77.616121,08/31/2012,12:26 PM,PROPERTY DAMAGE AND INJURY,1.,0 ,2 ,COLLISION WITH MOTOR VEHICLE,REAR END,NONE,DAYLIGHT,CLEAR,DRY
6836 ,34435172,MONROE,Rochester,,104 43032017,N,43.195626,-77.6303313,09/04/2012,7:22 PM,PROPERTY DAMAGE AND INJURY,2.,0 ,2 ,COLLISION WITH MOTOR VEHICLE,LEFT TURN (AGAINST OTHER CAR),NONE,DUSK,RAIN,WET
6836 ,34435173,MONROE,Rochester,,,Y,43.144342,-77.6538861,09/07/2012,8:22 PM,PROPERTY DAMAGE AND INJURY,1.,0 ,2 ,COLLISION WITH MOTOR VEHICLE,REAR END,NONE,DARK-ROAD LIGHTED,CLEAR,WET
6836 ,34435179,MONROE,Rochester,,,Y,43.149875,-77.586273,09/05/2012,2:03 PM,PROPERTY DAMAGE AND INJURY,1.,0 ,2 ,COLLISION WITH MOTOR VEHICLE,RIGHT ANGLE,TRAFFIC SIGNAL,DAYLIGHT,CLEAR,DRY
6836 ,34435190,MONROE,Rochester,,,Y,43.15143,-77.63108,09/04/2012,5:13 PM,INJURY,1.,0 ,1 ,COLLISION WITH BICYCLIST,OTHER,NONE,DAYLIGHT,RAIN,WET
6836 ,34435395,MONROE,Webster,,104 43035250,N,43.2137825,-77.4769774,08/22/2012,8:59 AM,PROPERTY DAMAGE AND INJURY,3.,0 ,2 ,COLLISION WITH MOTOR VEHICLE,REAR END,NONE,DAYLIGHT,CLEAR,DRY
6836 ,34436545,MONROE,Rochester,,940T43011004,N,43.1578964,-77.6169805,06/29/2012,10:43 AM,PROPERTY DAMAGE AND INJURY,1.,0 ,3 ,COLLISION WITH MOTOR VEHICLE,OTHER,NONE,DAYLIGHT,CLEAR,OTHER
6836 ,34437648,MONROE,Rochester,,,N,43.1646498,-77.6571973,09/08/2012,2:06 PM,INJURY,1.,0 ,2 ,COLLISION WITH MOTOR VEHICLE,REAR END,NONE,DAYLIGHT,CLOUDY,WET
6836 ,34437651,MONROE,Rochester,,,Y,43.1700951,-77.6117511,09/07/2012,4:40 PM,INJURY,3.,0 ,2 ,COLLISION WITH MOTOR VEHICLE,OVERTAKING,NONE,DAYLIGHT,CLEAR,DRY
6836 ,34437760,MONROE,Webster,,,Y,43.201488,-77.421139,09/05/2012,7:31 AM,PROPERTY DAMAGE AND INJURY,1.,0 ,3 ,COLLISION WITH MOTOR VEHICLE,OTHER,NONE,DAYLIGHT,CLOUDY,DRY
6836 ,34437785,MONROE,Chili,,383 43011139,N,43.1091494,-77.6744979,09/05/2012,5:51 PM,INJURY,1.,0 ,1 ,OTHER NON-COLLISION,OTHER,TRAFFIC SIGNAL,DAYLIGHT,CLEAR,DRY
6836 ,34437791,MONROE,Brighton,,590I43011021,N,43.1079978,-77.5671731,08/29/2012,5:25 PM,PROPERTY DAMAGE AND INJURY,1.,0 ,2 ,COLLISION WITH MOTOR VEHICLE,REAR END,NONE,DAYLIGHT,CLEAR,DRY
6836 ,34437798,MONROE,Brighton,,,N,43.0999795,-77.614062,09/06/2012,12:24 PM,INJURY,1.,0 ,1 ,COLLISION WITH PEDESTRIAN,OTHER,NONE,DAYLIGHT,CLOUDY,DRY