QUERYID,CASE #,REGN_CNTY_CDE,Municipality,MUNITYPE,REF_MRKR,ATINTERSECTION_IND,Lat,Long,,Time,Crash Type,Injuries,Fatalities,Number of Vehicles,ACCD_TYP,COLLISION_TYP,TRAF_CNTL,Light Condition,Weather Condition,Road Surface Condition
6836 ,34437799,MONROE,Henrietta,,252 43011076,N,43.087152,-77.6247558,09/05/2012,8:21 PM,PROPERTY DAMAGE AND INJURY,1.,0 ,4 ,COLLISION WITH MOTOR VEHICLE,OTHER,NONE,DARK-ROAD LIGHTED,CLEAR,DRY
6836 ,34437813,MONROE,Clarkson,,104 43031009,N,43.2517016,-77.9794317,09/04/2012,6:10 PM,PROPERTY DAMAGE AND INJURY,1.,0 ,1 ,COLLISION WITH GUIDERAIL - END,OTHER,NONE,DAYLIGHT,RAIN,WET
6836 ,34437814,MONROE,Brighton,,490I43023001,N,43.1425696,-77.5453793,08/28/2012,10:40 PM,INJURY,1.,0 ,2 ,COLLISION WITH MOTOR VEHICLE,REAR END,YIELD SIGN,DARK-ROAD LIGHTED,CLEAR,DRY
6836 ,34437822,MONROE,Perinton,,31F43011023,N,43.1022309,-77.4760254,09/06/2012,3:54 PM,PROPERTY DAMAGE AND INJURY,1.,0 ,1 ,COLLISION WITH DEER,OTHER,NONE,DAYLIGHT,CLEAR,DRY
6836 ,34437839,MONROE,Irondequoit,,,N,43.1971744,-77.5905707,09/07/2012,2:30 PM,PROPERTY DAMAGE AND INJURY,1.,0 ,2 ,COLLISION WITH MOTOR VEHICLE,RIGHT TURN (AGAINST OTHER CAR),TRAFFIC SIGNAL,DAYLIGHT,CLEAR,DRY
6836 ,34437844,MONROE,Irondequoit,,,Y,43.1908328,-77.5843177,09/07/2012,3:35 PM,INJURY,1.,0 ,1 ,COLLISION WITH PEDESTRIAN,OTHER,NONE,DAYLIGHT,CLEAR,DRY
6836 ,34437846,MONROE,Ogden,,,N,43.1646758,-77.8373887,09/07/2012,11:40 AM,PROPERTY DAMAGE AND INJURY,2.,0 ,2 ,COLLISION WITH MOTOR VEHICLE,LEFT TURN (AGAINST OTHER CAR),NO PASSING ZONE,DAYLIGHT,CLEAR,DRY
6836 ,34437847,MONROE,Pittsford,,31F43011000,N,43.11686,-77.5167761,09/03/2012,10:26 AM,PROPERTY DAMAGE AND INJURY,3.,0 ,2 ,COLLISION WITH MOTOR VEHICLE,RIGHT ANGLE,STOP SIGN,DAYLIGHT,CLOUDY,DRY
6836 ,34437848,MONROE,Irondequoit,,,Y,43.177028,-77.5382749,09/07/2012,9:41 PM,PROPERTY DAMAGE AND INJURY,1.,0 ,2 ,COLLISION WITH MOTOR VEHICLE,LEFT TURN (AGAINST OTHER CAR),TRAFFIC SIGNAL,DARK-ROAD LIGHTED,CLEAR,WET
6836 ,34437852,MONROE,Brighton,,490I43021021,N,43.1320042,-77.5278014,09/04/2012,4:18 PM,PROPERTY DAMAGE AND INJURY,1.,0 ,2 ,COLLISION WITH GUIDE RAIL,RIGHT ANGLE,NONE,DAYLIGHT,RAIN,WET
6836 ,34437853,MONROE,Irondequoit,,,Y,43.222566,-77.598959,09/07/2012,8:38 AM,INJURY,1.,0 ,1 ,COLLISION WITH CURBING,OTHER,TRAFFIC SIGNAL,DAYLIGHT,CLEAR,DRY
6836 ,34437857,MONROE,Brighton,,490I43023017,N,43.1277911,-77.5246109,09/05/2012,6:52 PM,PROPERTY DAMAGE AND INJURY,1.,0 ,2 ,COLLISION WITH MOTOR VEHICLE,OVERTAKING,NONE,DAYLIGHT,CLEAR,DRY
6836 ,34437859,MONROE,Brighton,,,N,43.0960256,-77.6124333,09/07/2012,3:32 PM,INJURY,1.,0 ,2 ,COLLISION WITH MOTOR VEHICLE,REAR END,TRAFFIC SIGNAL,DAYLIGHT,CLOUDY,DRY
6836 ,34437860,MONROE,Brighton,,31 43033009,N,43.1176631,-77.5548817,09/07/2012,10:53 PM,INJURY,1.,0 ,2 ,COLLISION WITH MOTOR VEHICLE,REAR END,NONE,DARK-ROAD LIGHTED,CLOUDY,DRY
6836 ,34437863,MONROE,Brighton,,286A43011008,Y,43.149495,-77.52826,09/07/2012,10:29 AM,PROPERTY DAMAGE AND INJURY,2.,0 ,2 ,COLLISION WITH MOTOR VEHICLE,RIGHT ANGLE,STOP SIGN,DAYLIGHT,CLEAR,DRY
6836 ,34437864,MONROE,Brighton,,,Y,43.125757,-77.587453,09/07/2012,8:57 AM,PROPERTY DAMAGE AND INJURY,1.,0 ,2 ,COLLISION WITH MOTOR VEHICLE,RIGHT ANGLE,NONE,DAYLIGHT,CLEAR,DRY
6836 ,34437868,MONROE,Gates,,,N,43.139413,-77.66832,09/05/2012,11:58 AM,PROPERTY DAMAGE AND INJURY,1.,0 ,2 ,COLLISION WITH MOTOR VEHICLE,LEFT TURN (WITH OTHER CAR),TRAFFIC SIGNAL,DAYLIGHT,CLOUDY,DRY
6836 ,34437870,MONROE,Perinton,,31F43011070,N,43.094028,-77.3979781,09/05/2012,6:32 PM,PROPERTY DAMAGE AND INJURY,1.,0 ,2 ,COLLISION WITH MOTOR VEHICLE,RIGHT ANGLE,TRAFFIC SIGNAL,DAYLIGHT,CLEAR,DRY
6836 ,34437873,MONROE,Penfield,,104 43035051,Y,43.182399,-77.507867,09/06/2012,10:30 AM,PROPERTY DAMAGE AND INJURY,1.,0 ,2 ,COLLISION WITH MOTOR VEHICLE,REAR END,TRAFFIC SIGNAL,DAYLIGHT,CLOUDY,DRY
6836 ,34437874,MONROE,Pittsford,,65 43031117,N,43.0956552,-77.5457877,09/06/2012,8:45 AM,PROPERTY DAMAGE AND INJURY,2.,0 ,3 ,COLLISION WITH MOTOR VEHICLE,OTHER,NONE,DAYLIGHT,CLOUDY,DRY
6836 ,34437877,MONROE,Pittsford,,31 43033031,N,43.1014339,-77.5368746,09/07/2012,3:45 PM,PROPERTY DAMAGE AND INJURY,1.,0 ,2 ,COLLISION WITH MOTOR VEHICLE,RIGHT ANGLE,NONE,DAYLIGHT,CLEAR,DRY
6836 ,34437883,MONROE,Henrietta,,15A43041070,N,43.027863,-77.6293118,09/04/2012,7:22 PM,INJURY,1.,0 ,2 ,COLLISION WITH MOTOR VEHICLE,REAR END,NONE,DARK-ROAD UNLIGHTED,CLOUDY,DRY
6836 ,34437885,MONROE,Brighton,,390I43031130,N,43.1060835,-77.600126,09/04/2012,5:19 PM,INJURY,1.,0 ,2 ,COLLISION WITH MOTOR VEHICLE,REAR END,NONE,DAYLIGHT,RAIN,WET
6836 ,34437889,MONROE,Perinton,,31 43033074,N,43.0739485,-77.4611263,09/03/2012,6:02 PM,PROPERTY DAMAGE AND INJURY,1.,0 ,2 ,COLLISION WITH TREE,OTHER,TRAFFIC SIGNAL,DAYLIGHT,CLEAR,DRY
6836 ,34437897,MONROE,Pittsford,,65 43031111,N,43.0872695,-77.5426347,09/08/2012,7:08 PM,PROPERTY DAMAGE AND INJURY,4.,0 ,2 ,COLLISION WITH MOTOR VEHICLE,RIGHT ANGLE,TRAFFIC SIGNAL,DUSK,CLEAR,DRY
6836 ,34437915,MONROE,Brighton,,,N,43.1492151,-77.5355936,09/09/2012,9:40 PM,PROPERTY DAMAGE AND INJURY,1.,0 ,1 ,COLLISION WITH DEER,OTHER,NONE,DARK-ROAD LIGHTED,CLEAR,DRY
6836 ,34437917,MONROE,Pittsford,,96 43051058,Y,43.0908279,-77.5152557,09/09/2012,1:05 PM,INJURY,2.,0 ,2 ,COLLISION WITH MOTOR VEHICLE,REAR END,OTHER,DAYLIGHT,CLOUDY,DRY
6836 ,34437919,MONROE,Henrietta,,252 43011010,N,43.0927874,-77.6532436,09/04/2012,12:06 PM,INJURY,1.,0 ,3 ,COLLISION WITH MOTOR VEHICLE,OTHER,NONE,DAYLIGHT,CLOUDY,DRY
6836 ,34437922,MONROE,Brighton,,,Y,43.106951,-77.601261,09/10/2012,8:42 AM,INJURY,2.,0 ,2 ,COLLISION WITH MOTOR VEHICLE,REAR END,NONE,DAYLIGHT,CLEAR,DRY
6836 ,34437923,MONROE,Gates,,490I43021175,N,43.156307,-77.681779,09/04/2012,10:24 PM,PROPERTY DAMAGE AND INJURY,1.,0 ,1 ,COLLISION WITH GUIDE RAIL,OTHER,NONE,DARK-ROAD LIGHTED,RAIN,WET
6836 ,34437927,MONROE,Brighton,,441 43011106,Y,43.128025,-77.521656,09/10/2012,7:53 AM,PROPERTY DAMAGE AND INJURY,1.,0 ,4 ,COLLISION WITH MOTOR VEHICLE,OTHER,TRAFFIC SIGNAL,DAYLIGHT,CLOUDY,DRY
6836 ,34437931,MONROE,Brighton,,,Y,43.126607,-77.559652,09/10/2012,6:11 PM,INJURY,1.,0 ,1 ,COLLISION WITH PEDESTRIAN,OTHER,TRAFFIC SIGNAL,DAYLIGHT,CLEAR,DRY
6836 ,34438130,MONROE,Greece,,,Y,43.220281,-77.641271,06/16/2012,12:11 PM,PROPERTY DAMAGE AND INJURY,1.,0 ,3 ,COLLISION WITH MOTOR VEHICLE,OTHER,NONE,DAYLIGHT,CLEAR,DRY
6836 ,34438226,MONROE,Rochester,,,Y,43.1496168,-77.5990616,09/08/2012,2:56 AM,INJURY,1.,0 ,2 ,COLLISION WITH MOTOR VEHICLE,REAR END,NONE,DARK-ROAD LIGHTED,CLEAR,DRY
6836 ,34439170,MONROE,Greece,,,N,43.3051371,-77.7243075,09/07/2012,1:50 PM,PROPERTY DAMAGE AND INJURY,1.,0 ,1 ,COLLISION WITH DEER,OTHER,NONE,DAYLIGHT,CLEAR,DRY
6836 ,34439461,MONROE,Rochester,,,Y,43.139726,-77.5960489,09/07/2012,9:42 AM,INJURY,1.,0 ,1 ,COLLISION WITH PEDESTRIAN,OTHER,TRAFFIC SIGNAL,DAYLIGHT,CLEAR,DRY
6836 ,34439464,MONROE,Rochester,,,Y,43.188161,-77.560977,09/10/2012,7:42 AM,PROPERTY DAMAGE AND INJURY,1.,0 ,2 ,COLLISION WITH MOTOR VEHICLE,RIGHT ANGLE,TRAFFIC SIGNAL,DAYLIGHT,CLEAR,DRY
6836 ,34439467,MONROE,Rochester,,,Y,43.1832483,-77.6137175,07/24/2012,8:48 PM,PROPERTY DAMAGE AND INJURY,1.,0 ,1 ,COLLISION WITH BICYCLIST,OTHER,NONE,DUSK,CLEAR,DRY
6836 ,34439469,MONROE,Rochester,,,Y,43.173097,-77.6127221,08/05/2012,3:37 PM,INJURY,1.,0 ,1 ,COLLISION WITH BICYCLIST,OTHER,STOP SIGN,DAYLIGHT,RAIN,WET
6836 ,34439475,MONROE,Rochester,,,Y,43.114684,-77.616216,09/07/2012,8:05 AM,PROPERTY DAMAGE AND INJURY,1.,0 ,2 ,COLLISION WITH MOTOR VEHICLE,REAR END,TRAFFIC SIGNAL,DAYLIGHT,CLEAR,DRY
6836 ,34439481,MONROE,Rochester,,,Y,43.165585,-77.598323,09/09/2012,10:38 AM,PROPERTY DAMAGE AND INJURY,1.,0 ,1 ,COLL. W/LIGHT SUPPORT/UTILITY POLE,OTHER,NONE,DAYLIGHT,CLOUDY,DRY
6836 ,34439482,MONROE,Rochester,,,N,43.1797234,-77.6394696,09/11/2012,5:04 PM,INJURY,1.,0 ,3 ,COLLISION WITH MOTOR VEHICLE,OTHER,NONE,DAYLIGHT,CLEAR,DRY
6836 ,34439491,MONROE,Rochester,,,Y,43.177305,-77.589959,09/08/2012,12:06 PM,PROPERTY DAMAGE AND INJURY,2.,0 ,2 ,COLLISION WITH MOTOR VEHICLE,REAR END,NONE,DAYLIGHT,RAIN,WET
6836 ,34439492,MONROE,Rochester,,,N,43.1297928,-77.6032533,09/07/2012,8:26 AM,PROPERTY DAMAGE AND INJURY,2.,0 ,1 ,COLLISION WITH TREE,OTHER,NONE,DAYLIGHT,CLEAR,DRY
6836 ,34439498,MONROE,Rochester,,,Y,43.172057,-77.5935651,09/06/2012,2:30 PM,PROPERTY DAMAGE AND INJURY,1.,0 ,4 ,COLLISION WITH MOTOR VEHICLE,OTHER,NONE,DAYLIGHT,CLOUDY,DRY
6836 ,34439501,MONROE,Rochester,,,N,43.201165,-77.6405069,09/08/2012,10:50 PM,PROPERTY DAMAGE AND INJURY,1.,0 ,2 ,COLLISION WITH MOTOR VEHICLE,REAR END,TRAFFIC SIGNAL,DARK-ROAD LIGHTED,CLEAR,DRY
6836 ,34439548,MONROE,Brighton,,,N,43.120612,-77.553598,09/12/2012,3:35 PM,INJURY,1.,0 ,1 ,COLLISION WITH GUIDE RAIL,OTHER,NONE,DAYLIGHT,CLEAR,DRY
6836 ,34440036,MONROE,Rochester,,,Y,43.1569833,-77.5489957,09/13/2012,3:30 PM,INJURY,1.,0 ,2 ,COLLISION WITH MOTOR VEHICLE,LEFT TURN (AGAINST OTHER CAR),NONE,DAYLIGHT,CLEAR,DRY
6836 ,34440037,MONROE,Rochester,,,N,43.1468757,-77.5611034,09/14/2012,2:35 AM,PROPERTY DAMAGE AND INJURY,1.,0 ,4 ,COLLISION WITH MOTOR VEHICLE,OTHER,NONE,DARK-ROAD LIGHTED,CLOUDY,DRY
6836 ,34440040,MONROE,Rochester,,,Y,43.1604499,-77.5916011,09/10/2012,5:06 PM,PROPERTY DAMAGE AND INJURY,2.,0 ,4 ,COLLISION WITH MOTOR VEHICLE,OTHER,TRAFFIC SIGNAL,DAYLIGHT,CLEAR,DRY
6836 ,34440603,MONROE,Rochester,,,Y,43.154061,-77.6150771,09/13/2012,9:31 AM,PROPERTY DAMAGE AND INJURY,1.,0 ,2 ,COLLISION WITH MOTOR VEHICLE,LEFT TURN (WITH OTHER CAR),TRAFFIC SIGNAL,DAYLIGHT,CLEAR,DRY
6836 ,34440607,MONROE,Rochester,,,Y,43.194691,-77.628791,07/21/2012,11:46 AM,INJURY,2.,0 ,2 ,COLLISION WITH MOTOR VEHICLE,RIGHT ANGLE,TRAFFIC SIGNAL,DAYLIGHT,CLEAR,DRY
6836 ,34440806,MONROE,Greece,,18 43033162,N,43.2530307,-77.698424,09/01/2012,12:17 AM,PROPERTY DAMAGE AND INJURY,6.,0 ,1 ,COLLISION WITH CURBING,OTHER,NONE,DARK-ROAD LIGHTED,CLEAR,DRY
6836 ,34441336,MONROE,Webster,,104 43033001,N,43.2153688,-77.4426277,09/12/2012,7:27 PM,INJURY,3.,0 ,2 ,COLLISION WITH MOTOR VEHICLE,REAR END,NONE,DARK-ROAD UNLIGHTED,CLEAR,DRY
6836 ,34441405,MONROE,Greece,,18 43031224,N,43.2258822,-77.6436822,09/12/2012,5:36 PM,PROPERTY DAMAGE AND INJURY,2.,0 ,2 ,COLLISION WITH MOTOR VEHICLE,LEFT TURN (AGAINST OTHER CAR),FLASHING LIGHT,DAYLIGHT,CLEAR,DRY
6836 ,34441408,MONROE,Greece,,,N,43.2501581,-77.659187,09/03/2012,10:27 PM,INJURY,1.,0 ,2 ,COLLISION WITH MOTOR VEHICLE,OTHER,NONE,DARK-ROAD LIGHTED,CLOUDY,DRY
6836 ,34441410,MONROE,Greece,,,Y,43.262133,-77.6963541,09/13/2012,6:46 PM,PROPERTY DAMAGE AND INJURY,2.,0 ,2 ,COLLISION WITH MOTOR VEHICLE,LEFT TURN (AGAINST OTHER CAR),STOP SIGN,DAYLIGHT,CLEAR,DRY
6836 ,34441412,MONROE,Greece,,,Y,43.20215,-77.698035,09/13/2012,5:05 PM,PROPERTY DAMAGE AND INJURY,1.,0 ,3 ,COLLISION WITH MOTOR VEHICLE,OTHER,TRAFFIC SIGNAL,DAYLIGHT,CLEAR,DRY
6836 ,34441594,MONROE,Gates,,390I43037013,N,43.1456849,-77.6746057,08/28/2012,4:03 PM,PROPERTY DAMAGE AND INJURY,1.,0 ,4 ,COLLISION WITH MOTOR VEHICLE,OTHER,NONE,DAYLIGHT,CLOUDY,DRY
6836 ,34441595,MONROE,Webster,,104 43035231,N,43.2139283,-77.5141615,09/05/2012,9:05 AM,INJURY,2.,0 ,2 ,COLLISION WITH MOTOR VEHICLE,REAR END,NONE,DAYLIGHT,CLOUDY,DRY
6836 ,34441598,MONROE,Rochester,,,N,43.1914725,-77.6122917,09/01/2012,3:30 PM,PROPERTY DAMAGE AND INJURY,1.,0 ,2 ,COLLISION WITH MOTOR VEHICLE,REAR END,TRAFFIC SIGNAL,DAYLIGHT,CLEAR,DRY
6836 ,34441601,MONROE,Rochester,,104 43032021,N,43.1938355,-77.6231242,08/29/2012,5:25 PM,PROPERTY DAMAGE AND INJURY,1.,0 ,3 ,COLLISION WITH MOTOR VEHICLE,OTHER,NONE,DAYLIGHT,CLEAR,DRY
6836 ,34441603,MONROE,Brighton,,490I43023016,N,43.1285331,-77.5244916,09/05/2012,5:27 PM,INJURY,1.,0 ,2 ,COLLISION WITH MOTOR VEHICLE,REAR END,NONE,DAYLIGHT,CLEAR,DRY
6836 ,34441789,MONROE,Ogden,,,N,43.1376756,-77.8467375,09/11/2012,8:45 PM,PROPERTY DAMAGE AND INJURY,1.,0 ,1 ,COLLISION WITH OTHER FIXED OBJECT,OTHER,NO PASSING ZONE,DARK-ROAD UNLIGHTED,CLEAR,DRY
6836 ,34441803,MONROE,Gates,,,Y,43.155236,-77.6897189,09/08/2012,10:49 PM,PROPERTY DAMAGE AND INJURY,1.,0 ,1 ,COLLISION WITH TREE,OTHER,NONE,DARK-ROAD UNLIGHTED,CLEAR,DRY
6836 ,34441804,MONROE,Hilton,,,N,43.2890674,-77.7932715,08/14/2012,11:13 PM,INJURY,1.,0 ,1 ,COLLISION WITH TREE,OTHER,NONE,DARK-ROAD LIGHTED,CLOUDY,WET
6836 ,34441808,MONROE,Gates,,,N,43.1636441,-77.7324187,09/11/2012,3:52 PM,PROPERTY DAMAGE AND INJURY,1.,0 ,2 ,COLLISION WITH MOTOR VEHICLE,REAR END,NONE,DAYLIGHT,CLEAR,DRY
6836 ,34441818,MONROE,Chili,,,Y,43.10734,-77.697273,09/05/2012,5:01 PM,PROPERTY DAMAGE AND INJURY,2.,0 ,2 ,COLLISION WITH MOTOR VEHICLE,LEFT TURN (AGAINST OTHER CAR),STOP SIGN,DAYLIGHT,CLEAR,DRY
6836 ,34441820,MONROE,Brighton,,,Y,43.127016,-77.5467921,09/11/2012,4:26 PM,PROPERTY DAMAGE AND INJURY,1.,0 ,2 ,COLLISION WITH MOTOR VEHICLE,REAR END,TRAFFIC SIGNAL,DAYLIGHT,CLEAR,DRY
6836 ,34441824,MONROE,Brighton,,31 43033020,N,43.1114046,-77.548247,09/06/2012,11:35 AM,INJURY,2.,0 ,2 ,COLLISION WITH MOTOR VEHICLE,REAR END,TRAFFIC SIGNAL,DAYLIGHT,CLEAR,DRY
6836 ,34442557,MONROE,Spencerport,,,N,43.1829422,-77.8034154,09/11/2012,9:27 PM,INJURY,1.,0 ,1 ,COLLISION WITH PEDESTRIAN,OTHER,NONE,DARK-ROAD LIGHTED,CLEAR,DRY
6836 ,34442566,MONROE,Ogden,,259 43011040,Y,43.149746,-77.80572,09/12/2012,4:19 PM,PROPERTY DAMAGE AND INJURY,1.,0 ,2 ,COLLISION WITH MOTOR VEHICLE,RIGHT ANGLE,STOP SIGN,DAYLIGHT,CLEAR,DRY
6836 ,34442568,MONROE,Wheatland,,252 43011013,N,43.0122199,-77.7467725,09/03/2012,1:46 AM,INJURY,1.,0 ,1 ,COLL. W/LIGHT SUPPORT/UTILITY POLE,OTHER,NONE,DARK-ROAD UNLIGHTED,CLEAR,DRY
6836 ,34442573,MONROE,Riga,,33A43021017,N,43.0689725,-77.9039227,09/12/2012,7:57 AM,PROPERTY DAMAGE AND INJURY,1.,0 ,1 ,COLL. W/LIGHT SUPPORT/UTILITY POLE,OTHER,NONE,DAYLIGHT,CLEAR,DRY
6836 ,34442575,MONROE,Webster,,,N,43.2088367,-77.4598916,09/12/2012,8:48 PM,INJURY,1.,0 ,1 ,COLLISION WITH BICYCLIST,OTHER,NONE,DARK-ROAD UNLIGHTED,CLEAR,DRY
6836 ,34442578,MONROE,Chili,,33A43021106,N,43.1077121,-77.7450247,09/11/2012,1:29 PM,PROPERTY DAMAGE AND INJURY,2.,0 ,2 ,COLLISION WITH MOTOR VEHICLE,LEFT TURN (AGAINST OTHER CAR),TRAFFIC SIGNAL,DAYLIGHT,CLEAR,DRY
6836 ,34442587,MONROE,Pittsford,,64 43021096,N,43.0765047,-77.522262,09/11/2012,2:14 PM,PROPERTY DAMAGE AND INJURY,1.,0 ,3 ,COLLISION WITH MOTOR VEHICLE,OTHER,TRAFFIC SIGNAL,DAYLIGHT,CLEAR,DRY
6836 ,34442589,MONROE,Pittsford,,,N,43.0914673,-77.5149226,09/11/2012,4:02 PM,INJURY,1.,0 ,2 ,COLLISION WITH MOTOR VEHICLE,REAR END,NONE,DAYLIGHT,CLEAR,DRY
6836 ,34442598,MONROE,Irondequoit,,,N,43.2011267,-77.5697761,09/08/2012,12:07 PM,PROPERTY DAMAGE AND INJURY,1.,0 ,2 ,COLLISION WITH MOTOR VEHICLE,REAR END,TRAFFIC SIGNAL,DAYLIGHT,RAIN,WET
6836 ,34442599,MONROE,Irondequoit,,,Y,43.197049,-77.592437,09/11/2012,5:15 PM,PROPERTY DAMAGE AND INJURY,1.,0 ,2 ,COLLISION WITH MOTOR VEHICLE,REAR END,TRAFFIC SIGNAL,DAYLIGHT,CLEAR,DRY
6836 ,34442602,MONROE,Penfield,,286 43011032,N,43.1535192,-77.4793126,09/11/2012,3:30 PM,PROPERTY DAMAGE AND INJURY,2.,0 ,3 ,COLLISION WITH MOTOR VEHICLE,OTHER,NONE,DAYLIGHT,CLOUDY,DRY
6836 ,34442606,MONROE,Chili,,,Y,43.106244,-77.723641,09/13/2012,12:31 PM,PROPERTY DAMAGE AND INJURY,1.,0 ,2 ,COLLISION WITH MOTOR VEHICLE,REAR END,NONE,DAYLIGHT,CLEAR,DRY
6836 ,34442607,MONROE,Irondequoit,,,N,43.1953142,-77.6001306,09/10/2012,12:45 PM,PROPERTY DAMAGE AND INJURY,1.,0 ,2 ,COLLISION WITH MOTOR VEHICLE,RIGHT ANGLE,NONE,DAYLIGHT,CLEAR,DRY
6836 ,34442615,MONROE,Brighton,,,Y,43.125612,-77.5928961,09/13/2012,1:47 PM,PROPERTY DAMAGE AND INJURY,1.,0 ,3 ,COLLISION WITH MOTOR VEHICLE,OTHER,TRAFFIC SIGNAL,DAYLIGHT,CLEAR,DRY
6836 ,34442622,MONROE,Brighton,,286A43011002,N,43.149274,-77.5401499,09/13/2012,5:14 PM,PROPERTY DAMAGE AND INJURY,2.,0 ,2 ,COLLISION WITH MOTOR VEHICLE,REAR END,TRAFFIC SIGNAL,DAYLIGHT,CLEAR,DRY
6836 ,34442667,MONROE,Perinton,,,Y,43.063471,-77.469141,09/13/2012,6:05 PM,PROPERTY DAMAGE AND INJURY,1.,0 ,2 ,COLLISION WITH MOTOR VEHICLE,LEFT TURN (AGAINST OTHER CAR),NONE,DAYLIGHT,CLEAR,DRY
6836 ,34442672,MONROE,Perinton,,,N,43.0926255,-77.4026165,09/14/2012,4:57 PM,PROPERTY DAMAGE AND INJURY,1.,0 ,2 ,COLLISION WITH MOTOR VEHICLE,RIGHT ANGLE,NONE,DAYLIGHT,RAIN,WET
6836 ,34442805,MONROE,Greece,,,N,43.2457144,-77.6468321,09/07/2012,9:43 AM,INJURY,1.,0 ,2 ,COLLISION WITH MOTOR VEHICLE,OVERTAKING,NONE,DAYLIGHT,CLEAR,DRY
6836 ,34442839,MONROE,Brighton,,15 43031114,Y,43.094013,-77.633076,09/14/2012,3:39 PM,PROPERTY DAMAGE AND INJURY,2.,0 ,2 ,COLLISION WITH MOTOR VEHICLE,REAR END,TRAFFIC SIGNAL,DAYLIGHT,CLOUDY,DRY
6836 ,34442853,MONROE,Henrietta,,252 43011050,N,43.0921392,-77.6746847,09/12/2012,5:21 PM,INJURY,1.,0 ,3 ,COLLISION WITH MOTOR VEHICLE,OTHER,TRAFFIC SIGNAL,DAYLIGHT,CLEAR,DRY
6836 ,34442855,MONROE,Henrietta,,252 43011060,Y,43.092837,-77.6535161,09/14/2012,10:45 PM,INJURY,2.,0 ,2 ,COLLISION WITH MOTOR VEHICLE,RIGHT ANGLE,TRAFFIC SIGNAL,DARK-ROAD LIGHTED,CLOUDY,WET
6836 ,34442859,MONROE,Chili,,390I43033002,N,43.1236821,-77.6505343,09/06/2012,7:28 AM,INJURY,1.,0 ,2 ,COLLISION WITH MOTOR VEHICLE,REAR END,NONE,DAYLIGHT,CLEAR,DRY
6836 ,34442868,MONROE,Chili,,,N,43.122229,-77.647781,09/14/2012,9:14 AM,INJURY,1.,0 ,3 ,COLLISION WITH MOTOR VEHICLE,OTHER,YIELD SIGN,DAYLIGHT,CLEAR,DRY
6836 ,34442880,MONROE,Penfield,,,Y,43.19262,-77.484563,09/12/2012,8:10 AM,PROPERTY DAMAGE AND INJURY,3.,0 ,2 ,COLLISION WITH MOTOR VEHICLE,RIGHT TURN (WITH OTHER CAR),STOP SIGN,DAYLIGHT,CLEAR,DRY
6836 ,34442896,MONROE,Henrietta,,252 43011088,N,43.0915869,-77.6488848,09/14/2012,12:30 PM,PROPERTY DAMAGE AND INJURY,1.,0 ,2 ,COLLISION WITH MOTOR VEHICLE,OVERTAKING,NONE,DAYLIGHT,CLEAR,DRY
6836 ,34442898,MONROE,Brighton,,,Y,43.10597,-77.618889,09/14/2012,7:37 PM,INJURY,1.,0 ,1 ,COLLISION WITH PEDESTRIAN,OTHER,TRAFFIC SIGNAL,DARK-ROAD LIGHTED,CLOUDY,WET
6836 ,34442901,MONROE,Brighton,,15 43031121,Y,43.104245,-77.62779,09/15/2012,3:59 PM,PROPERTY DAMAGE AND INJURY,2.,0 ,2 ,COLLISION WITH MOTOR VEHICLE,HEAD ON,TRAFFIC SIGNAL,DAYLIGHT,CLEAR,DRY
6836 ,34442915,MONROE,Pittsford,,,Y,43.084592,-77.519365,09/13/2012,6:30 PM,PROPERTY DAMAGE AND INJURY,1.,0 ,1 ,COLLISION WITH BICYCLIST,OTHER,NO PASSING ZONE,DAYLIGHT,CLEAR,DRY
6836 ,34442917,MONROE,Brighton,,490I43023005,N,43.139413,-77.5395419,09/12/2012,8:01 AM,INJURY,1.,0 ,2 ,COLLISION WITH MOTOR VEHICLE,REAR END,NONE,DAYLIGHT,CLEAR,DRY
6836 ,34443080,MONROE,Hamlin,,947A43021039,N,43.355631,-77.922801,09/16/2012,4:45 AM,PROPERTY DAMAGE AND INJURY,1.,0 ,1 ,COLLISION WITH SIGN POST,OTHER,NONE,DARK-ROAD UNLIGHTED,CLEAR,DRY
6836 ,34443142,MONROE,Gates,,,Y,43.130748,-77.6658389,09/16/2012,11:20 AM,INJURY,1.,0 ,2 ,COLLISION WITH MOTOR VEHICLE,REAR END,TRAFFIC SIGNAL,DAYLIGHT,CLEAR,DRY
6836 ,34443144,MONROE,Gates,,,N,43.137121,-77.6909267,09/15/2012,3:02 PM,INJURY,1.,0 ,1 ,COLLISION WITH PEDESTRIAN,OTHER,NONE,DAYLIGHT,CLOUDY,DRY
6836 ,34443148,MONROE,Gates,,,Y,43.138707,-77.754182,09/16/2012,3:40 AM,PROPERTY DAMAGE AND INJURY,2.,0 ,1 ,COLLISION WITH CURBING,OTHER,TRAFFIC SIGNAL,DARK-ROAD LIGHTED,CLOUDY,DRY
6836 ,34443238,MONROE,Rochester,,,Y,43.152037,-77.5825751,09/14/2012,6:30 PM,INJURY,1.,0 ,1 ,COLLISION WITH BICYCLIST,OTHER,TRAFFIC SIGNAL,DAYLIGHT,RAIN,WET
6836 ,34443239,MONROE,Sweden,,260 43011010,Y,43.211406,-77.8949281,09/16/2012,10:19 AM,INJURY,1.,0 ,1 ,COLLISION WITH GUIDE RAIL,OTHER,NONE,DAYLIGHT,CLEAR,DRY
6836 ,34443244,MONROE,Rochester,,,Y,43.147772,-77.5765961,08/30/2012,8:19 PM,INJURY,1.,0 ,2 ,COLLISION WITH MOTOR VEHICLE,REAR END,NONE,DARK-ROAD LIGHTED,CLEAR,DRY