QUERYID,CASE #,REGN_CNTY_CDE,Municipality,MUNITYPE,REF_MRKR,ATINTERSECTION_IND,Lat,Long,,Time,Crash Type,Injuries,Fatalities,Number of Vehicles,ACCD_TYP,COLLISION_TYP,TRAF_CNTL,Light Condition,Weather Condition,Road Surface Condition
6836 ,34443252,MONROE,Brockport,,,Y,43.2199343,-77.9140901,08/25/2012,11:59 AM,PROPERTY DAMAGE AND INJURY,2.,0 ,2 ,COLLISION WITH MOTOR VEHICLE,RIGHT ANGLE,NONE,DAYLIGHT,CLEAR,DRY
6836 ,34443254,MONROE,Brighton,,286A43011008,Y,43.149495,-77.52826,09/04/2012,5:30 PM,PROPERTY DAMAGE AND INJURY,1.,0 ,2 ,COLLISION WITH MOTOR VEHICLE,RIGHT ANGLE,FLASHING LIGHT,DAYLIGHT,RAIN,WET
6836 ,34443259,MONROE,Rochester,,,Y,43.170226,-77.611807,09/13/2012,7:59 AM,INJURY,1.,0 ,1 ,COLLISION WITH BICYCLIST,OTHER,TRAFFIC SIGNAL,DAYLIGHT,CLEAR,DRY
6836 ,34443495,MONROE,Rochester,,,Y,43.17571,-77.580717,08/17/2012,8:55 PM,INJURY,1.,0 ,3 ,COLLISION WITH MOTOR VEHICLE,OTHER,NONE,DARK-ROAD LIGHTED,CLEAR,DRY
6836 ,34443504,MONROE,Rochester,,,Y,43.162,-77.584384,09/10/2012,2:57 PM,INJURY,1.,0 ,1 ,COLLISION WITH PEDESTRIAN,OTHER,NONE,DAYLIGHT,CLEAR,DRY
6836 ,34443511,MONROE,Rochester,,,Y,43.130133,-77.6108911,09/13/2012,4:10 PM,PROPERTY DAMAGE AND INJURY,2.,0 ,2 ,COLLISION WITH MOTOR VEHICLE,REAR END,TRAFFIC SIGNAL,DAYLIGHT,CLEAR,DRY
6836 ,34443513,MONROE,Rochester,,,N,43.186398,-77.616615,09/09/2012,10:25 AM,INJURY,1.,0 ,2 ,COLLISION WITH MOTOR VEHICLE,OVERTAKING,NONE,DAYLIGHT,CLEAR,DRY
6836 ,34443522,MONROE,Rochester,,,N,43.169337,-77.6145019,08/27/2012,11:26 AM,PROPERTY DAMAGE AND INJURY,1.,0 ,2 ,COLLISION WITH CURBING,OTHER,NONE,DAYLIGHT,CLEAR,DRY
6836 ,34443525,MONROE,Rochester,,,Y,43.1494409,-77.5531621,09/12/2012,12:24 PM,PROPERTY DAMAGE AND INJURY,2.,0 ,2 ,COLLISION WITH MOTOR VEHICLE,RIGHT ANGLE,TRAFFIC SIGNAL,DAYLIGHT,CLEAR,DRY
6836 ,34443529,MONROE,Webster,,,Y,43.2051,-77.474622,09/13/2012,9:40 PM,INJURY,1.,0 ,2 ,COLLISION WITH MOTOR VEHICLE,LEFT TURN (AGAINST OTHER CAR),TRAFFIC SIGNAL,DARK-ROAD LIGHTED,CLOUDY,DRY
6836 ,34443530,MONROE,Ogden,,259 43011034,Y,43.139368,-77.806393,09/16/2012,10:25 AM,PROPERTY DAMAGE AND INJURY,2.,0 ,2 ,COLLISION WITH MOTOR VEHICLE,REAR END,NONE,DAYLIGHT,CLEAR,DRY
6836 ,34443532,MONROE,Clarkson,,104 43031034,N,43.2353656,-77.9355649,09/16/2012,1:13 PM,INJURY,3.,0 ,2 ,COLLISION WITH MOTOR VEHICLE,REAR END,NONE,DAYLIGHT,CLEAR,DRY
6836 ,34443979,MONROE,Rochester,,,Y,43.172146,-77.612434,07/19/2012,7:36 PM,INJURY,1.,0 ,1 ,COLLISION WITH BICYCLIST,OTHER,NONE,DAYLIGHT,CLEAR,DRY
6836 ,34443990,MONROE,Rochester,,,Y,43.1685002,-77.6073148,07/07/2012,5:37 PM,INJURY,1.,0 ,1 ,COLLISION WITH BICYCLIST,OTHER,NONE,DAYLIGHT,CLEAR,DRY
6836 ,34443992,MONROE,Rochester,,,Y,43.170975,-77.60748,08/22/2012,5:29 PM,PROPERTY DAMAGE AND INJURY,2.,0 ,2 ,COLLISION WITH MOTOR VEHICLE,LEFT TURN (AGAINST OTHER CAR),TRAFFIC SIGNAL,DAYLIGHT,CLEAR,DRY
6836 ,34443998,MONROE,Rochester,,,N,43.1398796,-77.6348837,09/15/2012,3:50 PM,INJURY,1.,0 ,1 ,COLLISION WITH PEDESTRIAN,OTHER,NONE,DAYLIGHT,CLEAR,DRY
6836 ,34444004,MONROE,Henrietta,,252 43011061,N,43.092221,-77.6514352,09/08/2012,2:00 AM,INJURY,1.,0 ,1 ,OVERTURNED,OTHER,NONE,DARK-ROAD LIGHTED,CLOUDY,WET
6836 ,34444006,MONROE,Henrietta,,,N,43.0905864,-77.6349257,09/07/2012,8:40 PM,INJURY,1.,0 ,2 ,COLLISION WITH MOTOR VEHICLE,LEFT TURN (AGAINST OTHER CAR),NONE,DARK-ROAD LIGHTED,CLOUDY,WET
6836 ,34444007,MONROE,Chili,,383 43011156,N,43.1226823,-77.6466808,09/17/2012,8:39 AM,PROPERTY DAMAGE AND INJURY,2.,0 ,2 ,COLLISION WITH MOTOR VEHICLE,RIGHT ANGLE,TRAFFIC SIGNAL,DAYLIGHT,CLEAR,DRY
6836 ,34444014,MONROE,East Rochester,,253 43011270,Y,43.118841,-77.486611,09/17/2012,5:55 PM,PROPERTY DAMAGE AND INJURY,1.,0 ,2 ,COLLISION WITH MOTOR VEHICLE,REAR END,NONE,DAYLIGHT,CLEAR,DRY
6836 ,34444016,MONROE,Brighton,,441 43011101,Y,43.128765,-77.528213,09/18/2012,8:22 AM,PROPERTY DAMAGE AND INJURY,1.,0 ,2 ,COLLISION WITH MOTOR VEHICLE,LEFT TURN (AGAINST OTHER CAR),NONE,DAYLIGHT,RAIN,WET
6836 ,34444021,MONROE,Brighton,,441 43011102,N,43.129177,-77.525859,09/18/2012,10:07 AM,PROPERTY DAMAGE AND INJURY,1.,0 ,3 ,COLLISION WITH MOTOR VEHICLE,OTHER,NONE,DAYLIGHT,RAIN,WET
6836 ,34444402,MONROE,Greece,,,N,43.1915761,-77.7014638,09/18/2012,4:29 PM,PROPERTY DAMAGE AND INJURY,1.,0 ,2 ,COLLISION WITH MOTOR VEHICLE,REAR END,TRAFFIC SIGNAL,DAYLIGHT,RAIN,WET
6836 ,34444405,MONROE,Greece,,,N,43.1889346,-77.6924436,09/18/2012,8:25 AM,PROPERTY DAMAGE AND INJURY,1.,0 ,2 ,COLLISION WITH MOTOR VEHICLE,LEFT TURN (AGAINST OTHER CAR),NONE,DAYLIGHT,RAIN,WET
6836 ,34444411,MONROE,Greece,,,N,43.2452616,-77.7063393,09/16/2012,8:00 AM,PROPERTY DAMAGE AND INJURY,1.,0 ,2 ,COLLISION WITH MOTOR VEHICLE,REAR END,NONE,DAYLIGHT,CLEAR,DRY
6836 ,34444680,MONROE,Gates,,204 43011030,Y,43.130748,-77.6658389,09/17/2012,10:12 PM,INJURY,1.,0 ,2 ,COLLISION WITH MOTOR VEHICLE,OVERTAKING,TRAFFIC SIGNAL,DARK-ROAD LIGHTED,CLEAR,DRY
6836 ,34444686,MONROE,Sweden,,31A43021019,N,43.1983482,-77.9535521,09/15/2012,9:04 PM,PROPERTY DAMAGE AND INJURY,1.,0 ,1 ,COLLISION WITH DEER,OTHER,NONE,DARK-ROAD LIGHTED,CLEAR,DRY
6836 ,34444698,MONROE,Irondequoit,,104 43035216,N,43.2097357,-77.5431397,09/15/2012,11:18 AM,INJURY,1.,0 ,1 ,RAN OFF ROAD ONLY,OTHER,HIGHWAY WORK AREA,DAYLIGHT,CLEAR,DRY
6836 ,34445033,MONROE,Rochester,,,Y,43.1876229,-77.5764014,09/18/2012,5:02 PM,INJURY,1.,0 ,1 ,COLLISION WITH BICYCLIST,OTHER,TRAFFIC SIGNAL,DAYLIGHT,RAIN,WET
6836 ,34445034,MONROE,Rochester,,,Y,43.178351,-77.607828,09/14/2012,11:23 PM,INJURY,1.,0 ,1 ,COLLISION WITH PEDESTRIAN,OTHER,NONE,DARK-ROAD LIGHTED,CLOUDY,WET
6836 ,34445048,MONROE,Rochester,,,Y,43.144933,-77.57425,09/18/2012,6:29 PM,INJURY,1.,0 ,4 ,COLLISION WITH MOTOR VEHICLE,OTHER,NONE,DAYLIGHT,RAIN,WET
6836 ,34445060,MONROE,Rochester,,,N,43.168737,-77.6151797,09/19/2012,2:15 AM,PROPERTY DAMAGE AND INJURY,1.,0 ,1 ,COLLISION WITH CURBING,OTHER,NONE,DARK-ROAD LIGHTED,CLEAR,DRY
6836 ,34445219,MONROE,Greece,,,Y,43.223974,-77.6418071,08/26/2012,9:50 PM,INJURY,1.,0 ,1 ,COLLISION WITH BICYCLIST,OTHER,TRAFFIC SIGNAL,DARK-ROAD LIGHTED,CLEAR,DRY
6836 ,34445388,MONROE,Spencerport,,31 43031115,N,43.1849861,-77.8118659,09/20/2012,8:05 PM,INJURY,2.,0 ,3 ,COLLISION WITH MOTOR VEHICLE,OTHER,NONE,DARK-ROAD UNLIGHTED,CLEAR,DRY
6836 ,34445389,MONROE,Rochester,,,Y,43.168505,-77.580104,09/19/2012,6:08 PM,INJURY,1.,0 ,2 ,COLLISION WITH MOTOR VEHICLE,REAR END,TRAFFIC SIGNAL,DAYLIGHT,CLEAR,DRY
6836 ,34445396,MONROE,Ogden,,,N,43.157166,-77.7557412,09/19/2012,7:28 AM,INJURY,1.,0 ,1 ,COLLISION WITH BICYCLIST,OTHER,NONE,DAYLIGHT,CLEAR,DRY
6836 ,34445402,MONROE,Pittsford,,31 43033027,N,43.1060544,-77.5416667,09/20/2012,11:00 AM,PROPERTY DAMAGE AND INJURY,1.,0 ,2 ,COLLISION WITH MOTOR VEHICLE,LEFT TURN (AGAINST OTHER CAR),TRAFFIC SIGNAL,DAYLIGHT,CLEAR,DRY
6836 ,34445404,MONROE,Henrietta,,253 43011075,Y,43.0592275,-77.6239208,09/10/2012,3:03 PM,INJURY,1.,0 ,2 ,COLLISION WITH MOTOR VEHICLE,REAR END,NONE,DAYLIGHT,CLEAR,DRY
6836 ,34445406,MONROE,Chili,,,N,43.1108787,-77.7876145,09/15/2012,9:23 PM,PROPERTY DAMAGE AND INJURY,1.,0 ,2 ,COLLISION WITH MOTOR VEHICLE,REAR END,NONE,DARK-ROAD LIGHTED,CLOUDY,DRY
6836 ,34445417,MONROE,Gates,,,Y,43.144474,-77.724006,09/20/2012,5:23 PM,INJURY,1.,0 ,1 ,COLLISION WITH BICYCLIST,OTHER,NONE,DAYLIGHT,CLEAR,DRY
6836 ,34445422,MONROE,Brighton,,15 43031120,N,43.1041161,-77.6278538,09/20/2012,4:32 PM,PROPERTY DAMAGE AND INJURY,2.,0 ,4 ,COLLISION WITH MOTOR VEHICLE,OTHER,TRAFFIC SIGNAL,DAYLIGHT,CLEAR,DRY
6836 ,34445424,MONROE,Brighton,,,Y,43.125612,-77.5928961,09/19/2012,10:43 AM,PROPERTY DAMAGE AND INJURY,1.,0 ,7 ,COLLISION WITH MOTOR VEHICLE,OTHER,TRAFFIC SIGNAL,DAYLIGHT,CLEAR,DRY
6836 ,34446079,MONROE,Henrietta,,,Y,43.068363,-77.627475,09/19/2012,6:13 AM,INJURY,1.,0 ,2 ,COLLISION WITH MOTOR VEHICLE,REAR END,TRAFFIC SIGNAL,DARK-ROAD LIGHTED,CLEAR,DRY
6836 ,34446080,MONROE,Pittsford,,,Y,43.082549,-77.507733,09/18/2012,7:36 AM,PROPERTY DAMAGE AND INJURY,1.,0 ,1 ,COLLISION WITH SIGN POST,OTHER,NONE,DAYLIGHT,RAIN,WET
6836 ,34446082,MONROE,Mendon,,,N,42.9598346,-77.5408712,09/20/2012,7:25 PM,PROPERTY DAMAGE AND INJURY,1.,0 ,1 ,COLL. W/EARTH ELE./ROCK CUT/DITCH,OTHER,NONE,DARK-ROAD UNLIGHTED,CLEAR,DRY
6836 ,34446085,MONROE,Penfield,,441 43011038,N,43.1313747,-77.4700945,09/07/2012,7:45 AM,INJURY,1.,0 ,2 ,COLLISION WITH MOTOR VEHICLE,REAR END,NONE,DAYLIGHT,CLEAR,DRY
6836 ,34446095,MONROE,Perinton,,31 43033104,N,43.064482,-77.4064057,09/19/2012,7:11 AM,PROPERTY DAMAGE AND INJURY,2.,0 ,3 ,COLLISION WITH MOTOR VEHICLE,OTHER,NONE,DAYLIGHT,CLEAR,DRY
6836 ,34446105,MONROE,Henrietta,,,N,43.095185,-77.602071,09/19/2012,7:31 AM,INJURY,1.,0 ,2 ,COLLISION WITH MOTOR VEHICLE,REAR END,TRAFFIC SIGNAL,DAYLIGHT,CLEAR,DRY
6836 ,34446107,MONROE,Henrietta,,15A43041102,N,43.0714648,-77.6072445,09/20/2012,8:30 AM,INJURY,1.,0 ,1 ,COLLISION WITH BICYCLIST,OTHER,TRAFFIC SIGNAL,DAYLIGHT,CLEAR,DRY
6836 ,34446111,MONROE,Irondequoit,,,N,43.2103933,-77.6009166,09/17/2012,4:32 PM,INJURY,1.,0 ,1 ,COLLISION WITH PEDESTRIAN,OTHER,NONE,DAYLIGHT,CLEAR,DRY
6836 ,34446112,MONROE,Brighton,,96 43051101,Y,43.140759,-77.544662,09/21/2012,5:25 PM,PROPERTY DAMAGE AND INJURY,1.,0 ,2 ,COLLISION WITH MOTOR VEHICLE,OVERTAKING,NONE,DAYLIGHT,CLOUDY,WET
6836 ,34446113,MONROE,Penfield,,,N,43.182405,-77.5029187,09/20/2012,7:31 AM,PROPERTY DAMAGE AND INJURY,1.,0 ,2 ,COLLISION WITH MOTOR VEHICLE,REAR END,NONE,DAYLIGHT,CLEAR,DRY
6836 ,34446425,MONROE,Greece,,,N,43.2055106,-77.6682914,09/19/2012,2:46 PM,PROPERTY DAMAGE AND INJURY,1.,0 ,1 ,COLLISION WITH OTHER,OTHER,NONE,DAYLIGHT,CLOUDY,DRY
6836 ,34446428,MONROE,Greece,,,N,43.2243166,-77.6394223,09/19/2012,3:30 PM,INJURY,1.,0 ,2 ,COLLISION WITH MOTOR VEHICLE,REAR END,NONE,DAYLIGHT,CLOUDY,DRY
6836 ,34446430,MONROE,Greece,,,Y,43.252955,-77.685372,09/12/2012,4:44 PM,INJURY,1.,0 ,1 ,COLLISION WITH BICYCLIST,OTHER,STOP SIGN,DAYLIGHT,CLEAR,DRY
6836 ,34446558,MONROE,Pittsford,,,N,43.0774776,-77.5484942,09/20/2012,5:35 PM,INJURY,1.,0 ,1 ,COLLISION WITH BICYCLIST,OTHER,NONE,DAYLIGHT,CLEAR,DRY
6836 ,34446559,MONROE,Clarkson,,,N,43.2586932,-77.8682036,09/22/2012,1:05 AM,PROPERTY DAMAGE AND INJURY,1.,0 ,1 ,OVERTURNED,OTHER,NONE,DARK-ROAD UNLIGHTED,CLEAR,DRY
6836 ,34446560,MONROE,Henrietta,,15 43031098,Y,43.072662,-77.644567,09/21/2012,6:49 PM,PROPERTY DAMAGE AND INJURY,1.,0 ,2 ,COLLISION WITH MOTOR VEHICLE,LEFT TURN (AGAINST OTHER CAR),TRAFFIC SIGNAL,DAYLIGHT,CLEAR,DRY
6836 ,34446562,MONROE,Penfield,,,N,43.1313346,-77.4758461,09/18/2012,3:10 PM,PROPERTY DAMAGE AND INJURY,1.,0 ,3 ,COLLISION WITH MOTOR VEHICLE,OTHER,STOP SIGN,DAYLIGHT,CLOUDY,DRY
6836 ,34446563,MONROE,Perinton,,31 43033102,N,43.0644839,-77.4091456,09/20/2012,4:47 PM,INJURY,1.,0 ,4 ,COLLISION WITH MOTOR VEHICLE,OTHER,NONE,DAYLIGHT,CLEAR,DRY
6836 ,34446568,MONROE,Chili,,,Y,43.115279,-77.664193,09/18/2012,9:50 AM,PROPERTY DAMAGE AND INJURY,1.,0 ,2 ,COLLISION WITH MOTOR VEHICLE,LEFT TURN (AGAINST OTHER CAR),TRAFFIC SIGNAL,DAYLIGHT,RAIN,WET
6836 ,34446574,MONROE,Pittsford,,31 43033050,N,43.0875817,-77.504709,09/21/2012,2:54 PM,PROPERTY DAMAGE AND INJURY,1.,0 ,2 ,COLLISION WITH MOTOR VEHICLE,RIGHT ANGLE,NO PASSING ZONE,DAYLIGHT,CLOUDY,DRY
6836 ,34446576,MONROE,Sweden,,,Y,43.17631,-77.987179,09/18/2012,2:20 PM,PROPERTY DAMAGE AND INJURY,3.,0 ,2 ,COLLISION WITH MOTOR VEHICLE,RIGHT ANGLE,STOP SIGN,DAYLIGHT,CLOUDY,DRY
6836 ,34446592,MONROE,Webster,,,N,43.1996455,-77.4286477,09/19/2012,7:45 PM,PROPERTY DAMAGE AND INJURY,2.,0 ,2 ,COLLISION WITH MOTOR VEHICLE,REAR END,NONE,DARK-ROAD UNLIGHTED,CLOUDY,DRY
6836 ,34446614,MONROE,Hamlin,,18 43031016,N,43.2965505,-77.9670913,09/17/2012,1:19 PM,PROPERTY DAMAGE AND INJURY,1.,0 ,1 ,COLLISION WITH SIGN POST,OTHER,NONE,DAYLIGHT,CLEAR,DRY
6836 ,34446621,MONROE,Brighton,,31 43033019,N,43.1147882,-77.5520438,09/22/2012,6:12 PM,PROPERTY DAMAGE AND INJURY,1.,0 ,3 ,COLLISION WITH MOTOR VEHICLE,OTHER,TRAFFIC SIGNAL,DAYLIGHT,CLOUDY,DRY
6836 ,34446814,MONROE,Greece,,,N,43.25314,-77.7077797,09/20/2012,7:16 AM,PROPERTY DAMAGE AND INJURY,2.,0 ,2 ,COLLISION WITH MOTOR VEHICLE,REAR END,NONE,DAYLIGHT,CLEAR,DRY
6836 ,34446817,MONROE,Greece,,,Y,43.197768,-77.721105,09/19/2012,11:35 AM,PROPERTY DAMAGE AND INJURY,2.,0 ,2 ,COLLISION WITH MOTOR VEHICLE,RIGHT ANGLE,STOP SIGN,DAYLIGHT,CLOUDY,DRY
6836 ,34446821,MONROE,Greece,,104 43031156,N,43.2101941,-77.698607,09/13/2012,7:16 AM,PROPERTY DAMAGE AND INJURY,1.,0 ,2 ,COLLISION WITH MOTOR VEHICLE,RIGHT ANGLE,TRAFFIC SIGNAL,DAYLIGHT,CLEAR,DRY
6836 ,34447013,MONROE,Ogden,,,N,43.1607938,-77.7586643,09/17/2012,5:09 PM,PROPERTY DAMAGE AND INJURY,1.,0 ,1 ,COLL. W/EARTH ELE./ROCK CUT/DITCH,OTHER,NONE,DAYLIGHT,CLEAR,DRY
6836 ,34447018,MONROE,Irondequoit,,,N,43.196444,-77.5767859,09/22/2012,2:40 PM,INJURY,1.,0 ,1 ,COLLISION WITH BICYCLIST,OTHER,TRAFFIC SIGNAL,DAYLIGHT,CLOUDY,DRY
6836 ,34447019,MONROE,Brighton,,,Y,43.115322,-77.596989,09/23/2012,3:14 PM,PROPERTY DAMAGE AND INJURY,1.,0 ,2 ,COLLISION WITH CURBING,REAR END,NONE,DAYLIGHT,CLEAR,DRY
6836 ,34447046,MONROE,Penfield,,,Y,43.189866,-77.5039131,09/14/2012,8:50 PM,PROPERTY DAMAGE AND INJURY,2.,0 ,2 ,COLLISION WITH MOTOR VEHICLE,HEAD ON,TRAFFIC SIGNAL,DARK-ROAD LIGHTED,CLOUDY,WET
6836 ,34447048,MONROE,Pittsford,,,Y,43.095262,-77.514036,09/20/2012,6:58 AM,INJURY,1.,0 ,2 ,COLLISION WITH MOTOR VEHICLE,REAR END,TRAFFIC SIGNAL,DAYLIGHT,CLEAR,DRY
6836 ,34447182,MONROE,Rochester,,15 43032008,N,43.124634,-77.6175109,09/19/2012,9:09 AM,PROPERTY DAMAGE AND INJURY,1.,0 ,2 ,COLLISION WITH MOTOR VEHICLE,REAR END,NONE,DAYLIGHT,CLEAR,DRY
6836 ,34447183,MONROE,Brighton,,,N,43.1573844,-77.5389284,09/19/2012,7:45 AM,PROPERTY DAMAGE AND INJURY,1.,0 ,2 ,COLLISION WITH MOTOR VEHICLE,REAR END,NONE,DAYLIGHT,CLEAR,DRY
6836 ,34447186,MONROE,Rochester,,,Y,43.193827,-77.633206,09/20/2012,6:35 PM,PROPERTY DAMAGE AND INJURY,1.,0 ,2 ,COLLISION WITH MOTOR VEHICLE,LEFT TURN (WITH OTHER CAR),TRAFFIC SIGNAL,DAYLIGHT,CLOUDY,DRY
6836 ,34447191,MONROE,Rochester,,,Y,43.152502,-77.60751,09/20/2012,5:47 PM,INJURY,1.,0 ,1 ,COLLISION WITH BICYCLIST,OTHER,TRAFFIC SIGNAL,DAYLIGHT,CLEAR,DRY
6836 ,34447193,MONROE,Rochester,,,Y,43.135184,-77.607745,09/18/2012,11:25 AM,PROPERTY DAMAGE AND INJURY,1.,0 ,2 ,COLLISION WITH MOTOR VEHICLE,OVERTAKING,TRAFFIC SIGNAL,DAYLIGHT,RAIN,WET
6836 ,34447203,MONROE,Rochester,,,Y,43.14883,-77.597661,09/21/2012,8:05 AM,INJURY,1.,0 ,1 ,COLLISION WITH BICYCLIST,OTHER,TRAFFIC SIGNAL,DAYLIGHT,CLOUDY,DRY
6836 ,34447209,MONROE,Rochester,,,N,43.2034575,-77.6527801,09/21/2012,1:20 PM,INJURY,1.,0 ,1 ,COLLISION WITH PEDESTRIAN,OTHER,NONE,DAYLIGHT,CLEAR,DRY
6836 ,34447212,MONROE,Rochester,,,Y,43.186184,-77.638879,09/14/2012,6:15 PM,PROPERTY DAMAGE AND INJURY,1.,0 ,3 ,COLLISION WITH MOTOR VEHICLE,OTHER,NONE,DAYLIGHT,RAIN,WET
6836 ,34447213,MONROE,Rochester,,,Y,43.165664,-77.6270261,09/20/2012,8:35 PM,INJURY,1.,0 ,1 ,COLLISION WITH BICYCLIST,OTHER,STOP SIGN,DARK-ROAD LIGHTED,CLEAR,DRY
6836 ,34447219,MONROE,Rochester,,,N,43.19381,-77.6293731,09/21/2012,4:41 PM,INJURY,1.,0 ,1 ,COLLISION WITH CURBING,OTHER,NONE,DAYLIGHT,RAIN,WET
6836 ,34447222,MONROE,Rochester,,,Y,43.1759927,-77.5702816,09/22/2012,4:15 PM,PROPERTY DAMAGE AND INJURY,2.,0 ,3 ,COLLISION WITH MOTOR VEHICLE,OTHER,NONE,DAYLIGHT,CLOUDY,DRY
6836 ,34447239,MONROE,Rochester,,,Y,43.144757,-77.6011121,09/22/2012,1:28 PM,INJURY,2.,0 ,2 ,COLLISION WITH MOTOR VEHICLE,RIGHT ANGLE,TRAFFIC SIGNAL,DAYLIGHT,CLOUDY,DRY
6836 ,34447241,MONROE,Rochester,,,N,43.1762927,-77.5604884,08/25/2012,1:53 PM,PROPERTY DAMAGE AND INJURY,2.,0 ,2 ,COLLISION WITH MOTOR VEHICLE,SIDESWIPE,NONE,DAYLIGHT,CLEAR,DRY
6836 ,34447246,MONROE,Rochester,,,N,43.1489999,-77.5719764,09/20/2012,2:41 PM,PROPERTY DAMAGE AND INJURY,2.,0 ,3 ,COLLISION WITH MOTOR VEHICLE,OTHER,NONE,DAYLIGHT,CLEAR,DRY
6836 ,34447250,MONROE,Rochester,,,Y,43.141941,-77.6199831,09/14/2012,8:42 PM,PROPERTY DAMAGE AND INJURY,2.,0 ,2 ,COLLISION WITH MOTOR VEHICLE,LEFT TURN (WITH OTHER CAR),OTHER,DARK-ROAD LIGHTED,CLOUDY,WET
6836 ,34447631,MONROE,East Rochester,,,N,43.1139162,-77.4886581,08/22/2012,12:15 PM,PROPERTY DAMAGE AND INJURY,1.,0 ,2 ,COLLISION WITH MOTOR VEHICLE,RIGHT ANGLE,NONE,DAYLIGHT,CLEAR,DRY
6836 ,34447632,MONROE,Brockport,,19 43041052,N,43.2162598,-77.9382748,09/21/2012,2:09 PM,PROPERTY DAMAGE AND INJURY,2.,0 ,3 ,COLLISION WITH MOTOR VEHICLE,OTHER,NONE,DAYLIGHT,CLOUDY,WET
6836 ,34447633,MONROE,Pittsford,,,Y,43.108231,-77.499828,09/18/2012,11:05 AM,PROPERTY DAMAGE AND INJURY,2.,0 ,3 ,COLLISION WITH MOTOR VEHICLE,OTHER,TRAFFIC SIGNAL,DAYLIGHT,RAIN,WET
6836 ,34447635,MONROE,Brighton,,,N,43.13763,-77.5356442,09/24/2012,7:57 AM,PROPERTY DAMAGE AND INJURY,1.,0 ,2 ,COLLISION WITH MOTOR VEHICLE,RIGHT ANGLE,TRAFFIC SIGNAL,DAYLIGHT,CLEAR,DRY
6836 ,34447642,MONROE,Gates,,,N,43.1641516,-77.6830238,09/21/2012,3:35 PM,INJURY,1.,0 ,1 ,RAN OFF ROAD ONLY,OTHER,NONE,DAYLIGHT,RAIN,WET
6836 ,34447645,MONROE,Gates,,,N,43.1416369,-77.7067977,09/24/2012,8:45 AM,INJURY,1.,0 ,1 ,COLLISION WITH PEDESTRIAN,OTHER,NONE,DAYLIGHT,CLEAR,DRY
6836 ,34448056,MONROE,Greece,,,N,43.2310942,-77.6774828,09/23/2012,3:37 PM,INJURY,1.,0 ,2 ,COLLISION WITH MOTOR VEHICLE,REAR END,TRAFFIC SIGNAL,DAYLIGHT,CLOUDY,DRY
6836 ,34448386,MONROE,Rochester,,,Y,43.146594,-77.632868,09/24/2012,8:04 AM,PROPERTY DAMAGE AND INJURY,1.,0 ,1 ,COLL. W/LIGHT SUPPORT/UTILITY POLE,OTHER,STOP SIGN,DAYLIGHT,CLEAR,DRY
6836 ,34448599,MONROE,Riga,,,N,43.0863928,-77.9161583,09/13/2012,10:55 AM,INJURY,1.,0 ,1 ,COLLISION WITH BRIDGE STRUCTURE,OTHER,NO PASSING ZONE,DAYLIGHT,CLEAR,DRY
6836 ,34448603,MONROE,Rochester,,104 43032022,N,43.1924872,-77.6201523,09/19/2012,8:00 PM,PROPERTY DAMAGE AND INJURY,2.,0 ,2 ,COLLISION WITH PEDESTRIAN,OTHER,NONE,DARK-ROAD LIGHTED,CLEAR,DRY
6836 ,34448605,MONROE,Webster,,104 43035233,N,43.2140003,-77.5100164,09/20/2012,6:41 PM,PROPERTY DAMAGE AND INJURY,2.,0 ,2 ,COLLISION WITH MOTOR VEHICLE,REAR END,HIGHWAY WORK AREA,DAYLIGHT,CLEAR,DRY
6836 ,34448701,MONROE,Greece,,,N,43.2946701,-77.7171888,09/25/2012,7:33 PM,PROPERTY DAMAGE AND INJURY,1.,0 ,2 ,COLLISION WITH MOTOR VEHICLE,REAR END,NONE,DARK-ROAD UNLIGHTED,CLEAR,DRY
6836 ,34448971,MONROE,Rochester,,,N,43.2034061,-77.6283313,09/14/2012,8:18 PM,PROPERTY DAMAGE AND INJURY,1.,0 ,1 ,COLLISION WITH BUILDING/WALL,OTHER,NONE,DARK-ROAD LIGHTED,RAIN,WET
6836 ,34449040,MONROE,Brockport,,,Y,43.21098,-77.9454991,09/20/2012,2:35 PM,PROPERTY DAMAGE AND INJURY,1.,0 ,2 ,COLLISION WITH MOTOR VEHICLE,RIGHT ANGLE,STOP SIGN,DAYLIGHT,CLEAR,DRY
6836 ,34449041,MONROE,Chili,,,Y,43.103416,-77.75375,09/20/2012,5:01 PM,INJURY,1.,0 ,3 ,COLLISION WITH MOTOR VEHICLE,OTHER,STOP SIGN,DAYLIGHT,CLEAR,DRY
6836 ,34449052,MONROE,Brockport,,,N,43.2183799,-77.9376311,09/17/2012,3:22 PM,PROPERTY DAMAGE AND INJURY,1.,0 ,2 ,COLLISION WITH MOTOR VEHICLE,REAR END,NONE,DAYLIGHT,CLEAR,DRY
6836 ,34449056,MONROE,Brighton,,96 43051100,Y,43.138221,-77.5404441,09/26/2012,10:12 PM,INJURY,3.,0 ,2 ,COLLISION WITH MOTOR VEHICLE,LEFT TURN (WITH OTHER CAR),TRAFFIC SIGNAL,DARK-ROAD LIGHTED,CLOUDY,DRY
6836 ,34449058,MONROE,Clarkson,,,N,43.244421,-77.8922598,09/25/2012,9:20 PM,PROPERTY DAMAGE AND INJURY,1.,0 ,1 ,COLLISION WITH TREE,OTHER,NONE,DARK-ROAD UNLIGHTED,CLOUDY,DRY
6836 ,34449059,MONROE,Gates,,390I43037019,N,43.1545524,-77.6789635,09/18/2012,5:20 PM,INJURY,1.,0 ,3 ,COLLISION WITH MOTOR VEHICLE,OTHER,NONE,DAYLIGHT,RAIN,WET
6836 ,34449061,MONROE,Sweden,,31A43021026,N,43.1983637,-77.9456334,09/26/2012,11:36 PM,INJURY,1.,0 ,1 ,COLLISION WITH BICYCLIST,OTHER,TRAFFIC SIGNAL,DARK-ROAD LIGHTED,CLEAR,DRY