QUERYID,CASE #,REGN_CNTY_CDE,Municipality,MUNITYPE,REF_MRKR,ATINTERSECTION_IND,Lat,Long,,Time,Crash Type,Injuries,Fatalities,Number of Vehicles,ACCD_TYP,COLLISION_TYP,TRAF_CNTL,Light Condition,Weather Condition,Road Surface Condition
6836 ,34449063,MONROE,Henrietta,,,N,43.0737047,-77.6252314,09/23/2012,10:55 PM,INJURY,1.,0 ,1 ,COLLISION WITH CURBING,OTHER,NONE,DARK-ROAD LIGHTED,CLOUDY,DRY
6836 ,34449076,MONROE,Brighton,,441 43011107,Y,43.126286,-77.519972,09/26/2012,4:13 PM,PROPERTY DAMAGE AND INJURY,1.,0 ,2 ,COLLISION WITH MOTOR VEHICLE,LEFT TURN (AGAINST OTHER CAR),TRAFFIC SIGNAL,DAYLIGHT,CLOUDY,DRY
6836 ,34449078,MONROE,Henrietta,,15A43041118,N,43.084328,-77.608078,09/26/2012,7:01 AM,PROPERTY DAMAGE AND INJURY,1.,0 ,2 ,COLLISION WITH MOTOR VEHICLE,RIGHT ANGLE,TRAFFIC SIGNAL,DARK-ROAD LIGHTED,CLOUDY,DRY
6836 ,34449088,MONROE,Ogden,,531 43012048,N,43.1713142,-77.7617786,09/13/2012,11:28 AM,PROPERTY DAMAGE AND INJURY,1.,0 ,2 ,COLLISION WITH MOTOR VEHICLE,REAR END,NONE,DAYLIGHT,CLEAR,DRY
6836 ,34449090,MONROE,Sweden,,,N,43.1981152,-77.9771,09/23/2012,8:34 PM,PROPERTY DAMAGE AND INJURY,1.,0 ,1 ,OVERTURNED,OTHER,NONE,DARK-ROAD UNLIGHTED,CLEAR,DRY
6836 ,34449093,MONROE,Greece,,,Y,43.179444,-77.7015631,09/25/2012,11:17 AM,PROPERTY DAMAGE AND INJURY,1.,0 ,2 ,COLLISION WITH MOTOR VEHICLE,LEFT TURN (AGAINST OTHER CAR),TRAFFIC SIGNAL,DAYLIGHT,CLEAR,DRY
6836 ,34449540,MONROE,Henrietta,,,N,43.065736,-77.629794,09/27/2012,11:04 AM,PROPERTY DAMAGE AND INJURY,1.,0 ,2 ,COLLISION WITH MOTOR VEHICLE,RIGHT ANGLE,NONE,DAYLIGHT,CLOUDY,DRY
6836 ,34449545,MONROE,Penfield,,286 43011078,N,43.159984,-77.4306234,09/21/2012,6:45 AM,PROPERTY DAMAGE AND INJURY,1.,0 ,3 ,COLLISION WITH MOTOR VEHICLE,OTHER,TRAFFIC SIGNAL,DAWN,CLOUDY,DRY
6836 ,34449554,MONROE,Clarkson,,,Y,43.225363,-77.89015,09/23/2012,6:46 PM,INJURY,1.,0 ,3 ,COLLISION WITH MOTOR VEHICLE,OTHER,TRAFFIC SIGNAL,DAYLIGHT,CLEAR,DRY
6836 ,34449561,MONROE,Penfield,,,N,43.12762,-77.4945049,09/21/2012,10:10 AM,PROPERTY DAMAGE AND INJURY,1.,0 ,2 ,COLLISION WITH MOTOR VEHICLE,LEFT TURN (AGAINST OTHER CAR),TRAFFIC SIGNAL,DAYLIGHT,RAIN,WET
6836 ,34449562,MONROE,Penfield,,104 43035057,Y,43.189866,-77.5039131,09/20/2012,8:01 AM,INJURY,1.,0 ,2 ,COLLISION WITH MOTOR VEHICLE,REAR END,TRAFFIC SIGNAL,DAYLIGHT,CLOUDY,DRY
6836 ,34449566,MONROE,Henrietta,,,Y,43.068255,-77.63245,09/24/2012,7:58 AM,PROPERTY DAMAGE AND INJURY,1.,0 ,2 ,COLLISION WITH MOTOR VEHICLE,REAR END,TRAFFIC SIGNAL,DAYLIGHT,CLEAR,DRY
6836 ,34449571,MONROE,Irondequoit,,,N,43.2327255,-77.5399791,09/16/2012,5:21 AM,PROPERTY DAMAGE AND INJURY,2.,0 ,1 ,COLLISION WITH CURBING,OTHER,NONE,DARK-ROAD LIGHTED,CLOUDY,DRY
6836 ,34449572,MONROE,Irondequoit,,,N,43.247288,-77.5932144,09/23/2012,1:00 AM,INJURY,1.,0 ,1 ,RAN OFF ROAD ONLY,OTHER,NONE,DARK-ROAD LIGHTED,CLEAR,DRY
6836 ,34449573,MONROE,Brockport,,,Y,43.218129,-77.937709,09/20/2012,10:31 AM,PROPERTY DAMAGE AND INJURY,2.,0 ,2 ,COLLISION WITH MOTOR VEHICLE,REAR END,NONE,DAYLIGHT,CLEAR,DRY
6836 ,34449581,MONROE,Gates,,,N,43.178668,-77.683734,09/26/2012,5:50 AM,PROPERTY DAMAGE AND INJURY,1.,0 ,2 ,COLLISION WITH MOTOR VEHICLE,RIGHT ANGLE,TRAFFIC SIGNAL,DARK-ROAD LIGHTED,CLEAR,DRY
6836 ,34449587,MONROE,Penfield,,441 43011036,Y,43.13124,-77.4639639,09/13/2012,7:12 AM,PROPERTY DAMAGE AND INJURY,1.,0 ,2 ,COLLISION WITH MOTOR VEHICLE,RIGHT ANGLE,TRAFFIC SIGNAL,DAWN,CLEAR,DRY
6836 ,34449592,MONROE,Perinton,,96 43051036,Y,43.062161,-77.481224,09/18/2012,11:44 AM,PROPERTY DAMAGE AND INJURY,1.,0 ,2 ,COLLISION WITH MOTOR VEHICLE,RIGHT ANGLE,NONE,DAYLIGHT,RAIN,WET
6836 ,34449597,MONROE,Rochester,,,Y,43.186812,-77.599571,09/25/2012,8:31 AM,PROPERTY DAMAGE AND INJURY,1.,0 ,2 ,COLLISION WITH MOTOR VEHICLE,REAR END,TRAFFIC SIGNAL,DAYLIGHT,CLEAR,DRY
6836 ,34449598,MONROE,Rochester,,,Y,43.146591,-77.636053,09/24/2012,2:52 PM,INJURY,1.,0 ,2 ,COLLISION WITH MOTOR VEHICLE,SIDESWIPE,HIGHWAY WORK AREA,DAYLIGHT,CLEAR,DRY
6836 ,34449609,MONROE,Rochester,,,N,43.1818023,-77.5632211,09/27/2012,11:53 AM,PROPERTY DAMAGE AND INJURY,2.,0 ,3 ,COLLISION WITH MOTOR VEHICLE,OTHER,NONE,DAYLIGHT,CLEAR,DRY
6836 ,34449615,MONROE,Rochester,,,Y,43.171174,-77.574149,09/26/2012,12:21 PM,INJURY,1.,0 ,1 ,COLLISION WITH BICYCLIST,OTHER,STOP SIGN,DAYLIGHT,CLEAR,DRY
6836 ,34449997,MONROE,Perinton,,,N,43.0644806,-77.4060316,09/22/2012,12:38 PM,PROPERTY DAMAGE AND INJURY,1.,0 ,2 ,COLLISION WITH MOTOR VEHICLE,REAR END,NONE,DAYLIGHT,CLOUDY,DRY
6836 ,34450005,MONROE,Penfield,,,N,43.1357589,-77.514029,09/23/2012,4:15 PM,PROPERTY DAMAGE AND INJURY,1.,0 ,1 ,COLLISION WITH OTHER FIXED OBJECT,OTHER,NONE,DAYLIGHT,CLEAR,DRY
6836 ,34450012,MONROE,Irondequoit,,,N,43.1964111,-77.600156,09/18/2012,6:00 PM,INJURY,1.,0 ,1 ,COLLISION WITH PEDESTRIAN,OTHER,NONE,DAYLIGHT,RAIN,WET
6836 ,34450017,MONROE,Rochester,,,Y,43.163521,-77.612749,09/27/2012,3:01 PM,INJURY,1.,0 ,1 ,COLLISION WITH BICYCLIST,OTHER,TRAFFIC SIGNAL,DAYLIGHT,CLEAR,DRY
6836 ,34450025,MONROE,Rochester,,,N,43.2027098,-77.6461652,09/26/2012,9:08 AM,INJURY,1.,0 ,2 ,COLLISION WITH MOTOR VEHICLE,REAR END,RR CROSSING GATES,DAYLIGHT,CLOUDY,DRY
6836 ,34450027,MONROE,Rochester,,,Y,43.164629,-77.632426,09/27/2012,3:05 PM,PROPERTY DAMAGE AND INJURY,2.,0 ,2 ,COLLISION WITH MOTOR VEHICLE,REAR END,TRAFFIC SIGNAL,DAYLIGHT,CLEAR,DRY
6836 ,34450305,MONROE,Greece,,,N,43.2373549,-77.6468529,09/28/2012,6:54 PM,INJURY,1.,0 ,2 ,COLLISION WITH MOTOR VEHICLE,OTHER,NONE,DARK-ROAD LIGHTED,CLOUDY,DRY
6836 ,34450472,MONROE,Gates,,940L43011001,Y,43.130857,-77.689883,09/27/2012,3:16 PM,INJURY,2.,0 ,3 ,COLLISION WITH MOTOR VEHICLE,OTHER,TRAFFIC SIGNAL,DAYLIGHT,CLOUDY,DRY
6836 ,34450477,MONROE,Rochester,,,Y,43.175811,-77.576177,09/26/2012,6:39 PM,PROPERTY DAMAGE AND INJURY,4.,0 ,2 ,COLLISION WITH MOTOR VEHICLE,RIGHT TURN (AGAINST OTHER CAR),TRAFFIC SIGNAL,DAYLIGHT,CLEAR,DRY
6836 ,34450478,MONROE,Gates,,,Y,43.178226,-77.7080419,09/29/2012,7:18 PM,INJURY,2.,0 ,1 ,OTHER NON-COLLISION,OTHER,STOP SIGN,DARK-ROAD UNLIGHTED,CLOUDY,DRY
6836 ,34450490,MONROE,Rochester,,,Y,43.1822386,-77.5992756,09/25/2012,6:19 PM,INJURY,4.,0 ,2 ,COLLISION WITH MOTOR VEHICLE,OVERTAKING,NONE,DAYLIGHT,CLEAR,DRY
6836 ,34450503,MONROE,Brighton,,,Y,43.100374,-77.614908,09/29/2012,9:14 AM,INJURY,1.,0 ,1 ,COLLISION WITH CURBING,OTHER,NONE,DAYLIGHT,CLOUDY,DRY
6836 ,34450641,MONROE,Brighton,,490I43023004,N,43.1397205,-77.5401362,09/19/2012,8:50 AM,PROPERTY DAMAGE AND INJURY,1.,0 ,7 ,COLLISION WITH MOTOR VEHICLE,OTHER,NONE,DAYLIGHT,CLEAR,DRY
6836 ,34450648,MONROE,Rochester,,104 43032022,N,43.1927752,-77.6207753,09/27/2012,12:35 PM,PROPERTY DAMAGE AND INJURY,2.,0 ,2 ,COLLISION WITH MOTOR VEHICLE,REAR END,NONE,DAYLIGHT,CLEAR,DRY
6836 ,34450668,MONROE,Rochester,,490I43022038,N,43.1485047,-77.6027041,09/19/2012,3:53 PM,PROPERTY DAMAGE AND INJURY,1.,0 ,1 ,OVERTURNED,OTHER,NONE,DAYLIGHT,CLEAR,DRY
6836 ,34450879,MONROE,Greece,,,N,43.2062348,-77.6736664,09/21/2012,5:00 PM,PROPERTY DAMAGE AND INJURY,2.,0 ,2 ,COLLISION WITH MOTOR VEHICLE,REAR END,TRAFFIC SIGNAL,DAYLIGHT,CLEAR,DRY
6836 ,34451180,MONROE,Rochester,,,Y,43.1437477,-77.5936738,09/30/2012,4:30 PM,PROPERTY DAMAGE AND INJURY,2.,0 ,3 ,COLLISION WITH MOTOR VEHICLE,OTHER,TRAFFIC SIGNAL,DAYLIGHT,RAIN,WET
6836 ,34451185,MONROE,Webster,,,N,43.1986001,-77.4622879,09/30/2012,2:06 AM,INJURY,1.,0 ,1 ,COLL. W/LIGHT SUPPORT/UTILITY POLE,OTHER,NONE,DARK-ROAD UNLIGHTED,RAIN,WET
6836 ,34451192,MONROE,Sweden,,31 43031055,N,43.1982789,-77.9265006,10/01/2012,6:50 AM,PROPERTY DAMAGE AND INJURY,1.,0 ,1 ,COLLISION WITH DEER,OTHER,NONE,DARK-ROAD UNLIGHTED,CLOUDY,DRY
6836 ,34451193,MONROE,Brockport,,,Y,43.2136224,-77.9317615,09/23/2012,2:44 AM,PROPERTY DAMAGE AND INJURY,1.,0 ,1 ,COLL. W/LIGHT SUPPORT/UTILITY POLE,OTHER,NONE,DARK-ROAD LIGHTED,CLEAR,DRY
6836 ,34451194,MONROE,Rochester,,,Y,43.13487,-77.579709,10/01/2012,5:47 PM,INJURY,1.,0 ,1 ,COLLISION WITH PEDESTRIAN,OTHER,NONE,DAYLIGHT,CLOUDY,DRY
6836 ,34451197,MONROE,Brighton,,65 43031127,Y,43.10981,-77.5476661,10/01/2012,1:02 PM,PROPERTY DAMAGE AND INJURY,2.,0 ,2 ,COLLISION WITH MOTOR VEHICLE,RIGHT ANGLE,NONE,DAYLIGHT,CLOUDY,DRY
6836 ,34451202,MONROE,Brighton,,,N,43.1256397,-77.5661273,10/01/2012,5:25 PM,PROPERTY DAMAGE AND INJURY,2.,0 ,2 ,COLLISION WITH MOTOR VEHICLE,UNKNOWN,NONE,DAYLIGHT,CLOUDY,DRY
6836 ,34451327,MONROE,Gates,,204 43011033,N,43.1308599,-77.6601821,09/27/2012,5:34 PM,PROPERTY DAMAGE AND INJURY,1.,0 ,2 ,COLLISION WITH MOTOR VEHICLE,RIGHT ANGLE,NONE,DAYLIGHT,CLEAR,DRY
6836 ,34451682,MONROE,Greece,,104 43031175,N,43.2044478,-77.6612439,10/01/2012,11:25 AM,INJURY,1.,0 ,1 ,COLLISION WITH BICYCLIST,OTHER,TRAFFIC SIGNAL,DAYLIGHT,CLEAR,DRY
6836 ,34451684,MONROE,Greece,,,Y,43.236322,-77.633299,08/07/2012,12:38 PM,INJURY,1.,0 ,1 ,COLLISION WITH BICYCLIST,OTHER,STOP SIGN,DAYLIGHT,CLEAR,DRY
6836 ,34451756,MONROE,Rochester,,,Y,43.165767,-77.569736,09/25/2012,6:22 PM,INJURY,1.,0 ,2 ,COLLISION WITH MOTOR VEHICLE,OTHER,NONE,DAYLIGHT,CLEAR,DRY
6836 ,34451770,MONROE,Pittsford,,252 43011127,N,43.087357,-77.5238495,10/02/2012,4:09 PM,INJURY,1.,0 ,2 ,COLLISION WITH MOTOR VEHICLE,REAR END,NONE,DAYLIGHT,RAIN,WET
6836 ,34451772,MONROE,Sweden,,19 43041046,N,43.198358,-77.9436552,10/02/2012,7:05 AM,PROPERTY DAMAGE AND INJURY,1.,0 ,2 ,COLLISION WITH MOTOR VEHICLE,REAR END,TRAFFIC SIGNAL,DAYLIGHT,CLOUDY,DRY
6836 ,34451774,MONROE,Henrietta,,,N,43.0427352,-77.7116057,10/02/2012,7:46 AM,PROPERTY DAMAGE AND INJURY,1.,0 ,2 ,COLLISION WITH MOTOR VEHICLE,HEAD ON,NONE,DAWN,RAIN,WET
6836 ,34451775,MONROE,Pittsford,,490I43023042,N,43.0975472,-77.5016484,10/02/2012,3:08 PM,PROPERTY DAMAGE AND INJURY,1.,0 ,2 ,COLLISION WITH MOTOR VEHICLE,REAR END,NONE,DAYLIGHT,RAIN,WET
6836 ,34451781,MONROE,Irondequoit,,590 43013003,N,43.1734429,-77.5411132,09/26/2012,8:10 AM,INJURY,1.,0 ,2 ,COLLISION WITH MOTOR VEHICLE,REAR END,NONE,DAYLIGHT,CLOUDY,DRY
6836 ,34451783,MONROE,Irondequoit,,,Y,43.213865,-77.602456,09/28/2012,9:50 PM,PROPERTY DAMAGE AND INJURY,2.,0 ,1 ,COLL. W/LIGHT SUPPORT/UTILITY POLE,OTHER,STOP SIGN,DARK-ROAD LIGHTED,CLEAR,DRY
6836 ,34451792,MONROE,Sweden,,31A43021026,N,43.1983637,-77.9456334,10/02/2012,7:05 AM,PROPERTY DAMAGE AND INJURY,1.,0 ,2 ,COLLISION WITH MOTOR VEHICLE,REAR END,TRAFFIC SIGNAL,DAYLIGHT,CLOUDY,WET
6836 ,34451793,MONROE,Pittsford,,31F43011003,N,43.1142285,-77.512877,09/28/2012,2:30 PM,PROPERTY DAMAGE AND INJURY,1.,0 ,2 ,COLLISION WITH MOTOR VEHICLE,LEFT TURN (AGAINST OTHER CAR),STOP SIGN,DAYLIGHT,CLOUDY,WET
6836 ,34451795,MONROE,Brighton,,,Y,43.116701,-77.548045,10/02/2012,3:10 PM,PROPERTY DAMAGE AND INJURY,1.,0 ,2 ,COLLISION WITH MOTOR VEHICLE,RIGHT ANGLE,TRAFFIC SIGNAL,DAYLIGHT,RAIN,WET
6836 ,34451798,MONROE,Brighton,,,N,43.108007,-77.615937,09/29/2012,12:26 PM,INJURY,1.,0 ,1 ,COLLISION WITH BICYCLIST,OTHER,TRAFFIC SIGNAL,DAYLIGHT,CLEAR,DRY
6836 ,34451799,MONROE,Mendon,,65 43031059,N,43.0202065,-77.5849509,10/02/2012,7:10 AM,PROPERTY DAMAGE AND INJURY,1.,0 ,2 ,COLLISION WITH MOTOR VEHICLE,REAR END,NONE,DAYLIGHT,CLOUDY,WET
6836 ,34451802,MONROE,Brighton,,31 43033021,N,43.1112109,-77.5479818,09/30/2012,1:37 PM,PROPERTY DAMAGE AND INJURY,2.,0 ,2 ,COLLISION WITH MOTOR VEHICLE,LEFT TURN (WITH OTHER CAR),NONE,DAYLIGHT,CLOUDY,DRY
6836 ,34451808,MONROE,Perinton,,,N,43.0359941,-77.4369295,10/01/2012,1:20 PM,PROPERTY DAMAGE AND INJURY,3.,0 ,3 ,COLLISION WITH MOTOR VEHICLE,OTHER,NONE,DAYLIGHT,CLOUDY,DRY
6836 ,34451812,MONROE,Henrietta,,,Y,43.078223,-77.628707,09/30/2012,10:43 AM,PROPERTY DAMAGE AND INJURY,1.,0 ,2 ,COLLISION WITH MOTOR VEHICLE,RIGHT ANGLE,TRAFFIC SIGNAL,DAYLIGHT,CLEAR,DRY
6836 ,34452145,MONROE,Rochester,,490I43022018,N,43.1566881,-77.6378174,09/24/2012,4:47 PM,PROPERTY DAMAGE AND INJURY,1.,0 ,2 ,COLLISION WITH MOTOR VEHICLE,REAR END,NONE,DAYLIGHT,CLEAR,DRY
6836 ,34452579,MONROE,Riga,,,N,43.0827402,-77.9169813,09/16/2012,6:31 PM,PROPERTY DAMAGE AND INJURY,1.,0 ,1 ,OTHER NON-COLLISION,OTHER,NONE,DAYLIGHT,CLEAR,DRY
6836 ,34452582,MONROE,Clarkson,,,N,43.258093,-77.846331,08/13/2012,7:00 PM,PROPERTY DAMAGE AND INJURY,1.,0 ,1 ,COLL. W/EARTH ELE./ROCK CUT/DITCH,OTHER,NONE,DAYLIGHT,CLOUDY,OTHER
6836 ,34452584,MONROE,Hamlin,,,N,43.2951135,-77.900779,09/30/2012,1:23 PM,INJURY,2.,0 ,1 ,COLLISION WITH TREE,OTHER,NONE,DAYLIGHT,CLOUDY,DRY
6836 ,34452675,MONROE,Rochester,,104 43032032,N,43.1917055,-77.6028258,09/17/2012,2:08 PM,PROPERTY DAMAGE AND INJURY,2.,0 ,1 ,COLL. W/LIGHT SUPPORT/UTILITY POLE,OTHER,NONE,DAYLIGHT,CLEAR,DRY
6836 ,34452929,MONROE,Gates,,,Y,43.155019,-77.691033,10/02/2012,5:07 PM,INJURY,1.,0 ,2 ,COLLISION WITH MOTOR VEHICLE,REAR END,STOP SIGN,DAYLIGHT,CLOUDY,WET
6836 ,34452934,MONROE,Chili,,,N,43.088224,-77.7961205,09/29/2012,6:52 PM,PROPERTY DAMAGE AND INJURY,1.,0 ,2 ,COLLISION WITH MOTOR VEHICLE,REAR END,NONE,DARK-ROAD UNLIGHTED,CLEAR,DRY
6836 ,34453127,MONROE,Rochester,,,N,43.11448,-77.6230568,09/28/2012,4:40 PM,INJURY,1.,0 ,3 ,COLLISION WITH MOTOR VEHICLE,OTHER,NONE,DAYLIGHT,CLEAR,DRY
6836 ,34453129,MONROE,Rochester,,,Y,43.191487,-77.629579,09/12/2012,7:20 PM,INJURY,1.,0 ,2 ,COLLISION WITH OTHER PEDESTRIAN,OTHER,STOP SIGN,DAYLIGHT,CLEAR,DRY
6836 ,34453286,MONROE,Penfield,,404 43035013,N,43.1757736,-77.5243159,09/28/2012,6:08 PM,PROPERTY DAMAGE AND INJURY,2.,0 ,3 ,COLLISION WITH MOTOR VEHICLE,OTHER,NONE,DAYLIGHT,CLOUDY,DRY
6836 ,34453288,MONROE,Penfield,,,N,43.1822075,-77.5079697,09/27/2012,3:07 PM,PROPERTY DAMAGE AND INJURY,1.,0 ,4 ,COLLISION WITH MOTOR VEHICLE,OTHER,NONE,DAYLIGHT,CLEAR,DRY
6836 ,34453289,MONROE,Perinton,,250 43011024,N,43.0700596,-77.4423473,09/29/2012,2:42 PM,PROPERTY DAMAGE AND INJURY,1.,0 ,2 ,COLLISION WITH MOTOR VEHICLE,RIGHT ANGLE,TRAFFIC SIGNAL,DAYLIGHT,CLEAR,DRY
6836 ,34453302,MONROE,Irondequoit,,,N,43.1963087,-77.5993675,09/30/2012,9:37 AM,PROPERTY DAMAGE AND INJURY,1.,0 ,1 ,COLL. W/LIGHT SUPPORT/UTILITY POLE,OTHER,NONE,DAYLIGHT,CLEAR,DRY
6836 ,34453798,MONROE,Rochester,,,Y,43.192707,-77.629278,10/02/2012,8:00 PM,PROPERTY DAMAGE AND INJURY,2.,0 ,2 ,COLLISION WITH MOTOR VEHICLE,LEFT TURN (AGAINST OTHER CAR),TRAFFIC SIGNAL,DARK-ROAD LIGHTED,CLOUDY,WET
6836 ,34453802,MONROE,Rochester,,,Y,43.13094,-77.65091,10/01/2012,3:24 PM,PROPERTY DAMAGE AND INJURY,1.,0 ,2 ,COLLISION WITH MOTOR VEHICLE,REAR END,TRAFFIC SIGNAL,DAYLIGHT,CLEAR,DRY
6836 ,34453803,MONROE,Rochester,,,N,43.1581939,-77.6290557,09/29/2012,4:14 PM,PROPERTY DAMAGE AND INJURY,1.,0 ,2 ,COLLISION WITH MOTOR VEHICLE,REAR END,NONE,DAYLIGHT,CLEAR,DRY
6836 ,34453805,MONROE,Rochester,,,N,43.1567979,-77.6079959,09/29/2012,5:25 AM,PROPERTY DAMAGE AND INJURY,1.,0 ,1 ,COLLISION WITH CURBING,OTHER,NONE,DARK-ROAD LIGHTED,CLOUDY,DRY
6836 ,34453810,MONROE,Rochester,,,N,43.1646359,-77.6484986,10/02/2012,1:11 PM,INJURY,1.,0 ,2 ,COLLISION WITH MOTOR VEHICLE,REAR END,STOP SIGN,DAYLIGHT,CLOUDY,WET
6836 ,34454227,MONROE,Brighton,,15 43031126,Y,43.111727,-77.623926,10/04/2012,9:40 PM,PROPERTY DAMAGE AND INJURY,1.,0 ,2 ,COLLISION WITH MOTOR VEHICLE,RIGHT ANGLE,TRAFFIC SIGNAL,DARK-ROAD LIGHTED,CLEAR,DRY
6836 ,34454970,MONROE,Webster,,,N,43.2102592,-77.4611499,10/04/2012,5:55 PM,PROPERTY DAMAGE AND INJURY,1.,0 ,1 ,COLLISION WITH BICYCLIST,OTHER,NONE,DAYLIGHT,CLEAR,DRY
6836 ,34454973,MONROE,Perinton,,31 43033083,Y,43.069288,-77.4423639,09/25/2012,9:14 PM,PROPERTY DAMAGE AND INJURY,2.,0 ,2 ,COLLISION WITH MOTOR VEHICLE,LEFT TURN (AGAINST OTHER CAR),TRAFFIC SIGNAL,DARK-ROAD LIGHTED,CLOUDY,DRY
6836 ,34454975,MONROE,Perinton,,,N,43.078814,-77.485447,09/29/2012,10:27 PM,PROPERTY DAMAGE AND INJURY,1.,0 ,2 ,COLLISION WITH MOTOR VEHICLE,OVERTAKING,NONE,DARK-ROAD LIGHTED,CLEAR,DRY
6836 ,34455093,MONROE,Greece,,,N,43.2677243,-77.6965686,10/01/2012,2:15 PM,PROPERTY DAMAGE AND INJURY,1.,0 ,1 ,COLLISION WITH TREE,OTHER,NONE,DAYLIGHT,CLOUDY,DRY
6836 ,34455094,MONROE,Greece,,,N,43.2530488,-77.6997223,10/03/2012,12:00 PM,INJURY,2.,0 ,2 ,COLLISION WITH MOTOR VEHICLE,RIGHT ANGLE,NONE,DAYLIGHT,CLEAR,DRY
6836 ,34455096,MONROE,Greece,,,Y,43.252901,-77.659233,09/30/2012,7:52 PM,PROPERTY DAMAGE AND INJURY,1.,0 ,2 ,COLLISION WITH MOTOR VEHICLE,REAR END,TRAFFIC SIGNAL,DARK-ROAD LIGHTED,CLOUDY,WET
6836 ,34455098,MONROE,Greece,,,N,43.2084922,-77.6869009,10/02/2012,5:50 PM,PROPERTY DAMAGE AND INJURY,2.,0 ,2 ,COLLISION WITH MOTOR VEHICLE,REAR END,NONE,DAYLIGHT,CLOUDY,DRY
6836 ,34455101,MONROE,Greece,,386 43011007,N,43.1854847,-77.7320644,10/02/2012,2:46 PM,INJURY,1.,0 ,3 ,COLLISION WITH MOTOR VEHICLE,OTHER,NONE,DAYLIGHT,RAIN,WET
6836 ,34455102,MONROE,Greece,,,Y,43.229793,-77.648894,10/05/2012,3:38 PM,PROPERTY DAMAGE AND INJURY,1.,0 ,2 ,COLLISION WITH MOTOR VEHICLE,RIGHT ANGLE,STOP SIGN,DAYLIGHT,CLEAR,DRY
6836 ,34455475,MONROE,Irondequoit,,,N,43.196444,-77.5767859,10/04/2012,2:15 PM,INJURY,3.,0 ,5 ,COLLISION WITH MOTOR VEHICLE,OTHER,TRAFFIC SIGNAL,DAYLIGHT,CLOUDY,DRY
6836 ,34455476,MONROE,Gates,,31 43031163,Y,43.173433,-77.71914,10/06/2012,1:54 PM,PROPERTY DAMAGE AND INJURY,7.,0 ,3 ,COLLISION WITH MOTOR VEHICLE,OTHER,NONE,DAYLIGHT,CLOUDY,DRY
6836 ,34455479,MONROE,Pittsford,,65 43031111,N,43.0872685,-77.5426345,10/04/2012,4:25 PM,PROPERTY DAMAGE AND INJURY,1.,0 ,2 ,COLLISION WITH MOTOR VEHICLE,LEFT TURN (AGAINST OTHER CAR),TRAFFIC SIGNAL,DAYLIGHT,CLEAR,DRY
6836 ,34455485,MONROE,Pittsford,,31 43033023,N,43.1099086,-77.546201,10/05/2012,3:42 PM,PROPERTY DAMAGE AND INJURY,1.,0 ,2 ,COLLISION WITH MOTOR VEHICLE,REAR END,NONE,DAYLIGHT,CLOUDY,DRY
6836 ,34455494,MONROE,Henrietta,,,Y,43.087107,-77.617323,10/04/2012,12:45 PM,INJURY,1.,0 ,2 ,COLLISION WITH MOTOR VEHICLE,REAR END,TRAFFIC SIGNAL,DAYLIGHT,CLEAR,DRY
6836 ,34455705,MONROE,Greece,,,N,43.2451554,-77.7514625,06/08/2012,5:25 PM,PROPERTY DAMAGE AND INJURY,1.,0 ,2 ,COLLISION WITH MOTOR VEHICLE,REAR END,NONE,DAYLIGHT,CLEAR,DRY
6836 ,34456393,MONROE,Rochester,,31 43032053,N,43.142278,-77.586219,08/03/2012,1:30 PM,PROPERTY DAMAGE AND INJURY,2.,0 ,2 ,COLLISION WITH MOTOR VEHICLE,UNKNOWN,TRAFFIC SIGNAL,DAYLIGHT,CLEAR,DRY
6836 ,34456395,MONROE,Rochester,,,N,43.141634,-77.6021071,08/03/2012,5:00 AM,INJURY,1.,0 ,1 ,COLLISION WITH BICYCLIST,OTHER,NONE,DARK-ROAD LIGHTED,CLEAR,DRY
6836 ,34456397,MONROE,Rochester,,,N,43.1466155,-77.6288147,08/02/2012,6:00 PM,INJURY,1.,0 ,1 ,COLLISION WITH PEDESTRIAN,OTHER,NONE,DAYLIGHT,CLEAR,DRY
6836 ,34456398,MONROE,Rochester,,,N,43.1705971,-77.610003,08/02/2012,11:41 AM,INJURY,1.,0 ,2 ,COLLISION WITH MOTOR VEHICLE,REAR END,TRAFFIC SIGNAL,DAYLIGHT,CLEAR,DRY
6836 ,34456735,MONROE,Rochester,,,N,43.137042,-77.552998,08/10/2012,9:35 PM,PROPERTY DAMAGE AND INJURY,2.,0 ,2 ,COLLISION WITH MOTOR VEHICLE,RIGHT ANGLE,TRAFFIC SIGNAL,DARK-ROAD LIGHTED,CLEAR,WET
6836 ,34456736,MONROE,Rochester,,,Y,43.151567,-77.570601,08/09/2012,5:47 PM,INJURY,1.,0 ,1 ,COLLISION WITH BICYCLIST,OTHER,STOP SIGN,DAYLIGHT,CLEAR,DRY
6836 ,34456851,MONROE,Rochester,,,N,43.1677774,-77.6256221,08/09/2012,12:54 PM,PROPERTY DAMAGE AND INJURY,2.,0 ,2 ,COLLISION WITH MOTOR VEHICLE,RIGHT ANGLE,NONE,DAYLIGHT,CLOUDY,DRY
6836 ,34456856,MONROE,Rochester,,,Y,43.170226,-77.611807,07/23/2012,9:42 AM,INJURY,1.,0 ,2 ,COLLISION WITH MOTOR VEHICLE,REAR END,TRAFFIC SIGNAL,DAYLIGHT,CLEAR,DRY
6836 ,34456857,MONROE,Parma,,,Y,43.227936,-77.75229,08/04/2012,11:01 AM,PROPERTY DAMAGE AND INJURY,1.,0 ,1 ,COLLISION WITH OTHER,OTHER,NONE,DAYLIGHT,CLEAR,DRY
6836 ,34457058,MONROE,Rochester,,,Y,43.172336,-77.596792,09/22/2012,3:47 PM,INJURY,1.,0 ,1 ,COLLISION WITH BICYCLIST,OTHER,STOP SIGN,DAYLIGHT,CLOUDY,DRY