QUERYID,CASE #,REGN_CNTY_CDE,Municipality,MUNITYPE,REF_MRKR,ATINTERSECTION_IND,Lat,Long,,Time,Crash Type,Injuries,Fatalities,Number of Vehicles,ACCD_TYP,COLLISION_TYP,TRAF_CNTL,Light Condition,Weather Condition,Road Surface Condition
6836 ,34457107,MONROE,Rochester,,,Y,43.164632,-77.6413559,08/13/2012,2:18 PM,INJURY,1.,0 ,1 ,COLLISION WITH BICYCLIST,OTHER,STOP SIGN,DAYLIGHT,CLEAR,DRY
6836 ,34457114,MONROE,Rochester,,,N,43.1633713,-77.6217908,08/15/2012,1:20 PM,PROPERTY DAMAGE AND INJURY,3.,0 ,2 ,COLLISION WITH MOTOR VEHICLE,LEFT TURN (AGAINST OTHER CAR),NONE,DAYLIGHT,CLEAR,DRY
6836 ,34457133,MONROE,Rochester,,,Y,43.146182,-77.602189,10/03/2012,7:22 PM,INJURY,1.,0 ,2 ,COLLISION WITH MOTOR VEHICLE,RIGHT ANGLE,TRAFFIC SIGNAL,DARK-ROAD LIGHTED,CLOUDY,DRY
6836 ,34457139,MONROE,Rochester,,,Y,43.142228,-77.648016,09/30/2012,2:17 PM,PROPERTY DAMAGE AND INJURY,3.,0 ,2 ,COLLISION WITH MOTOR VEHICLE,RIGHT ANGLE,STOP SIGN,DAYLIGHT,CLOUDY,DRY
6836 ,34457143,MONROE,Rochester,,,Y,43.173852,-77.6590451,09/29/2012,11:28 AM,PROPERTY DAMAGE AND INJURY,4.,0 ,3 ,COLLISION WITH MOTOR VEHICLE,OTHER,TRAFFIC SIGNAL,DAYLIGHT,CLEAR,DRY
6836 ,34457158,MONROE,Chili,,252 43011045,Y,43.0927494,-77.6815239,10/06/2012,11:15 AM,PROPERTY DAMAGE AND INJURY,1.,0 ,3 ,COLLISION WITH MOTOR VEHICLE,OTHER,TRAFFIC SIGNAL,DAYLIGHT,CLOUDY,DRY
6836 ,34457162,MONROE,Penfield,,404 43035054,Y,43.186295,-77.505807,10/06/2012,2:32 PM,PROPERTY DAMAGE AND INJURY,1.,0 ,2 ,COLLISION WITH MOTOR VEHICLE,LEFT TURN (AGAINST OTHER CAR),STOP SIGN,DAYLIGHT,CLEAR,DRY
6836 ,34457239,MONROE,Brighton,,286 43011001,N,43.157384,-77.53895,10/07/2012,3:04 PM,PROPERTY DAMAGE AND INJURY,2.,0 ,2 ,COLLISION WITH MOTOR VEHICLE,RIGHT ANGLE,TRAFFIC SIGNAL,DAYLIGHT,RAIN,WET
6836 ,34457490,MONROE,Greece,,,N,43.1857153,-77.7015195,10/06/2012,12:03 PM,PROPERTY DAMAGE AND INJURY,2.,0 ,4 ,COLLISION WITH MOTOR VEHICLE,OTHER,TRAFFIC SIGNAL,DAYLIGHT,CLOUDY,DRY
6836 ,34457492,MONROE,Greece,,,Y,43.191963,-77.680173,10/05/2012,1:07 PM,PROPERTY DAMAGE AND INJURY,1.,0 ,3 ,COLLISION WITH MOTOR VEHICLE,OTHER,TRAFFIC SIGNAL,DAYLIGHT,CLOUDY,DRY
6836 ,34457901,MONROE,Rochester,,,Y,43.198474,-77.561586,10/06/2012,12:46 PM,PROPERTY DAMAGE AND INJURY,1.,0 ,2 ,COLLISION WITH MOTOR VEHICLE,REAR END,NONE,DAYLIGHT,CLOUDY,DRY
6836 ,34457906,MONROE,Rochester,,,Y,43.2071939,-77.5620365,10/07/2012,5:47 PM,PROPERTY DAMAGE AND INJURY,1.,0 ,2 ,COLLISION WITH MOTOR VEHICLE,REAR END,TRAFFIC SIGNAL,DAYLIGHT,RAIN,WET
6836 ,34457911,MONROE,Fairport,,250 43011045,N,43.0996367,-77.441949,10/04/2012,2:20 PM,PROPERTY DAMAGE AND INJURY,2.,0 ,3 ,COLLISION WITH MOTOR VEHICLE,OTHER,TRAFFIC SIGNAL,DAYLIGHT,CLEAR,DRY
6836 ,34458022,MONROE,Chili,,383 43011133,N,43.1013984,-77.6771186,10/04/2012,1:57 PM,PROPERTY DAMAGE AND INJURY,1.,0 ,1 ,COLLISION WITH BICYCLIST,OTHER,NONE,DAYLIGHT,CLOUDY,DRY
6836 ,34458023,MONROE,Brighton,,390I43031128,N,43.1041556,-77.6001669,10/04/2012,7:50 AM,INJURY,1.,0 ,2 ,COLLISION WITH MOTOR VEHICLE,REAR END,NONE,DAYLIGHT,CLOUDY,DRY
6836 ,34458106,MONROE,Chili,,490I43021129,N,43.1209633,-77.7427532,09/28/2012,2:25 PM,PROPERTY DAMAGE AND INJURY,1.,0 ,1 ,COLL. W/EARTH ELE./ROCK CUT/DITCH,OTHER,NONE,DAYLIGHT,CLOUDY,DRY
6836 ,34458114,MONROE,Webster,,104 43035233,N,43.2139034,-77.5112552,10/03/2012,11:48 AM,PROPERTY DAMAGE AND INJURY,1.,0 ,2 ,COLLISION WITH MOTOR VEHICLE,REAR END,HIGHWAY WORK AREA,DAYLIGHT,CLOUDY,DRY
6836 ,34459623,MONROE,Rochester,,,Y,43.180938,-77.6394981,08/20/2012,12:45 PM,PROPERTY DAMAGE AND INJURY,1.,0 ,2 ,COLLISION WITH MOTOR VEHICLE,RIGHT ANGLE,TRAFFIC SIGNAL,DAYLIGHT,CLEAR,DRY
6836 ,34459930,MONROE,Rochester,,940K43011004,N,43.1573762,-77.6594715,08/16/2012,8:25 AM,PROPERTY DAMAGE AND INJURY,1.,0 ,2 ,COLLISION WITH MOTOR VEHICLE,REAR END,YIELD SIGN,DAYLIGHT,CLEAR,DRY
6836 ,34460409,MONROE,Ogden,,31 43031086,N,43.1885935,-77.86976,10/09/2012,4:34 PM,PROPERTY DAMAGE AND INJURY,2.,0 ,2 ,COLLISION WITH MOTOR VEHICLE,REAR END,NO PASSING ZONE,DAYLIGHT,CLEAR,DRY
6836 ,34460415,MONROE,Webster,,,N,43.214195,-77.475083,10/06/2012,10:31 AM,PROPERTY DAMAGE AND INJURY,3.,0 ,2 ,COLLISION WITH MOTOR VEHICLE,RIGHT ANGLE,TRAFFIC SIGNAL,DAYLIGHT,CLEAR,DRY
6836 ,34460443,MONROE,Penfield,,,Y,43.182399,-77.507867,10/08/2012,4:44 PM,PROPERTY DAMAGE AND INJURY,1.,0 ,2 ,COLLISION WITH MOTOR VEHICLE,RIGHT ANGLE,TRAFFIC SIGNAL,DAYLIGHT,CLEAR,DRY
6836 ,34460467,MONROE,Henrietta,,252 43011060,Y,43.092837,-77.6535161,10/05/2012,8:37 PM,PROPERTY DAMAGE AND INJURY,1.,0 ,3 ,COLLISION WITH MOTOR VEHICLE,OTHER,TRAFFIC SIGNAL,DARK-ROAD LIGHTED,CLOUDY,WET
6836 ,34460468,MONROE,Gates,,490I43021153,N,43.1465505,-77.7172724,10/05/2012,11:56 PM,PROPERTY DAMAGE AND INJURY,1.,0 ,1 ,COLLISION WITH GUIDERAIL - END,OTHER,NONE,DARK-ROAD LIGHTED,CLOUDY,WET
6836 ,34460472,MONROE,Gates,,,Y,43.149896,-77.690964,10/05/2012,8:03 PM,INJURY,1.,0 ,2 ,COLLISION WITH MOTOR VEHICLE,REAR END,TRAFFIC SIGNAL,DARK-ROAD LIGHTED,RAIN,WET
6836 ,34460487,MONROE,Brighton,,,N,43.1375494,-77.5383668,10/09/2012,11:48 AM,PROPERTY DAMAGE AND INJURY,1.,0 ,2 ,COLLISION WITH MOTOR VEHICLE,REAR END,NONE,DAYLIGHT,CLEAR,DRY
6836 ,34460751,MONROE,Rochester,,,N,43.1621583,-77.6028979,10/06/2012,10:20 AM,PROPERTY DAMAGE AND INJURY,1.,0 ,2 ,COLLISION WITH MOTOR VEHICLE,REAR END,NONE,DAYLIGHT,CLEAR,FLOODED WATER
6836 ,34460757,MONROE,Rochester,,490I43022024,N,43.1573154,-77.6268134,09/20/2012,5:09 PM,PROPERTY DAMAGE AND INJURY,1.,0 ,3 ,COLLISION WITH MOTOR VEHICLE,OTHER,NONE,DAYLIGHT,CLOUDY,DRY
6836 ,34460767,MONROE,Rochester,,590I43012003,N,43.1427182,-77.5498076,10/06/2012,9:00 AM,PROPERTY DAMAGE AND INJURY,1.,0 ,1 ,COLLISION WITH OTHER BARRIER,OTHER,NONE,DAYLIGHT,CLOUDY,WET
6836 ,34461760,MONROE,Rochester,,,Y,43.149997,-77.637165,09/07/2012,10:00 PM,INJURY,1.,0 ,1 ,COLLISION WITH PEDESTRIAN,OTHER,TRAFFIC SIGNAL,DARK-ROAD LIGHTED,UNKNOWN,UNKNOWN
6836 ,34461843,MONROE,Rochester,,,N,43.1664853,-77.5808353,08/13/2012,6:09 PM,INJURY,1.,0 ,1 ,COLLISION WITH BICYCLIST,OTHER,NONE,DAYLIGHT,CLEAR,DRY
6836 ,34461973,MONROE,Rochester,,,Y,43.185122,-77.599461,08/18/2012,1:30 PM,INJURY,1.,0 ,1 ,COLLISION WITH PEDESTRIAN,OTHER,NONE,DAYLIGHT,CLEAR,DRY
6836 ,34462405,MONROE,Rochester,,,Y,43.164634,-77.630087,08/20/2012,2:01 PM,PROPERTY DAMAGE AND INJURY,1.,0 ,2 ,COLLISION WITH MOTOR VEHICLE,OVERTAKING,NONE,DAYLIGHT,CLEAR,DRY
6836 ,34462501,MONROE,Rochester,,,Y,43.151567,-77.570601,08/30/2012,4:34 PM,INJURY,1.,0 ,1 ,COLLISION WITH BICYCLIST,OTHER,NONE,DAYLIGHT,CLEAR,DRY
6836 ,34462503,MONROE,Rochester,,,Y,43.141642,-77.628964,08/29/2012,10:08 AM,INJURY,3.,0 ,2 ,COLLISION WITH MOTOR VEHICLE,REAR END,NONE,DAYLIGHT,CLEAR,OTHER
6836 ,34462646,MONROE,Greece,,,Y,43.2050714,-77.666247,09/08/2012,11:11 PM,PROPERTY DAMAGE AND INJURY,1.,0 ,2 ,COLLISION WITH MOTOR VEHICLE,REAR END,TRAFFIC SIGNAL,DARK-ROAD LIGHTED,CLEAR,DRY
6836 ,34462754,MONROE,Webster,,,Y,43.214013,-77.419065,09/10/2012,9:51 AM,INJURY,1.,0 ,4 ,COLLISION WITH MOTOR VEHICLE,OTHER,TRAFFIC SIGNAL,DAYLIGHT,CLEAR,DRY
6836 ,34462794,MONROE,Rochester,,,N,43.1493749,-77.5865791,09/05/2012,8:16 AM,PROPERTY DAMAGE AND INJURY,1.,0 ,2 ,COLLISION WITH MOTOR VEHICLE,RIGHT ANGLE,NONE,DAYLIGHT,CLEAR,DRY
6836 ,34462795,MONROE,Rochester,,,Y,43.170945,-77.582527,09/05/2012,1:57 PM,INJURY,1.,0 ,1 ,COLLISION WITH PEDESTRIAN,OTHER,NONE,DAYLIGHT,CLEAR,DRY
6836 ,34462800,MONROE,Rochester,,,Y,43.200455,-77.638723,09/01/2012,1:45 PM,INJURY,1.,0 ,2 ,COLLISION WITH MOTOR VEHICLE,REAR END,TRAFFIC SIGNAL,DAYLIGHT,CLEAR,DRY
6836 ,34462801,MONROE,Greece,,,Y,43.220565,-77.6461261,09/02/2012,7:57 AM,PROPERTY DAMAGE AND INJURY,1.,0 ,1 ,COLLISION WITH CURBING,OTHER,NONE,DAYLIGHT,CLEAR,DRY
6836 ,34462805,MONROE,Greece,,,Y,43.213841,-77.681781,09/01/2012,7:20 AM,PROPERTY DAMAGE AND INJURY,1.,0 ,1 ,COLLISION WITH TREE,OTHER,NONE,DAYLIGHT,CLEAR,DRY
6836 ,34463058,MONROE,Rochester,,,Y,43.158317,-77.601276,09/04/2012,1:25 PM,INJURY,1.,0 ,2 ,COLLISION WITH MOTOR VEHICLE,RIGHT ANGLE,TRAFFIC SIGNAL,DAYLIGHT,RAIN,WET
6836 ,34463101,MONROE,Greece,,,Y,43.223719,-77.647858,08/30/2012,3:56 PM,INJURY,1.,0 ,1 ,COLLISION WITH BICYCLIST,OTHER,NONE,DAYLIGHT,CLEAR,DRY
6836 ,34463414,MONROE,Henrietta,,,N,43.087022,-77.629695,10/08/2012,11:56 AM,PROPERTY DAMAGE AND INJURY,3.,0 ,2 ,COLLISION WITH MOTOR VEHICLE,REAR END,TRAFFIC SIGNAL,DAYLIGHT,CLEAR,DRY
6836 ,34463423,MONROE,Henrietta,,252 43011097,Y,43.087046,-77.581938,10/04/2012,5:33 PM,PROPERTY DAMAGE AND INJURY,2.,0 ,3 ,COLLISION WITH MOTOR VEHICLE,OTHER,TRAFFIC SIGNAL,DAYLIGHT,CLEAR,DRY
6836 ,34463428,MONROE,Webster,,404 43035073,Y,43.204068,-77.484636,10/07/2012,3:38 PM,INJURY,1.,0 ,2 ,COLLISION WITH MOTOR VEHICLE,RIGHT ANGLE,TRAFFIC SIGNAL,DAYLIGHT,RAIN,WET
6836 ,34463431,MONROE,Webster,,,N,43.213737,-77.5155469,10/03/2012,3:58 PM,INJURY,1.,0 ,2 ,COLLISION WITH MOTOR VEHICLE,REAR END,TRAFFIC SIGNAL,DAYLIGHT,CLEAR,DRY
6836 ,34463444,MONROE,Henrietta,,252 43011074,N,43.087135,-77.6277199,09/28/2012,2:20 PM,PROPERTY DAMAGE AND INJURY,1.,0 ,2 ,COLLISION WITH MOTOR VEHICLE,REAR END,NONE,DAYLIGHT,RAIN,WET
6836 ,34463446,MONROE,Brighton,,,Y,43.136033,-77.56045,10/10/2012,9:32 AM,INJURY,1.,0 ,2 ,COLLISION WITH MOTOR VEHICLE,REAR END,NONE,DAYLIGHT,CLEAR,DRY
6836 ,34463452,MONROE,Mendon,,251 43011213,N,42.9907549,-77.5726575,09/29/2012,11:26 PM,INJURY,1.,0 ,1 ,OTHER NON-COLLISION,OTHER,NONE,DARK-ROAD UNLIGHTED,CLEAR,DRY
6836 ,34463453,MONROE,Henrietta,,,N,43.0402084,-77.6718343,09/22/2012,3:33 PM,INJURY,1.,0 ,2 ,COLLISION WITH MOTOR VEHICLE,OVERTAKING,NONE,DAYLIGHT,CLOUDY,DRY
6836 ,34463457,MONROE,Henrietta,,,Y,43.0686835,-77.6078399,10/02/2012,8:20 PM,INJURY,3.,0 ,3 ,COLLISION WITH MOTOR VEHICLE,OTHER,TRAFFIC SIGNAL,DARK-ROAD LIGHTED,CLOUDY,WET
6836 ,34463468,MONROE,Brockport,,19 43041057,Y,43.214471,-77.9388049,10/03/2012,3:18 PM,INJURY,1.,0 ,1 ,COLLISION WITH PEDESTRIAN,OTHER,TRAFFIC SIGNAL,DAYLIGHT,CLOUDY,DRY
6836 ,34463469,MONROE,Brighton,,15 43031126,Y,43.111727,-77.623926,10/10/2012,11:34 AM,PROPERTY DAMAGE AND INJURY,1.,0 ,4 ,COLLISION WITH MOTOR VEHICLE,OTHER,TRAFFIC SIGNAL,DAYLIGHT,CLOUDY,DRY
6836 ,34463473,MONROE,Gates,,,Y,43.174769,-77.732359,10/07/2012,2:27 AM,PROPERTY DAMAGE AND INJURY,2.,0 ,2 ,COLLISION WITH MOTOR VEHICLE,LEFT TURN (AGAINST OTHER CAR),TRAFFIC SIGNAL,DARK-ROAD LIGHTED,CLOUDY,DRY
6836 ,34463964,MONROE,Mendon,,,N,42.958493,-77.5471504,10/09/2012,9:12 PM,PROPERTY DAMAGE AND INJURY,1.,0 ,1 ,COLLISION WITH DEER,OTHER,NONE,DARK-ROAD UNLIGHTED,CLEAR,DRY
6836 ,34463974,MONROE,Brighton,,15A43041128,N,43.108007,-77.615937,10/10/2012,8:16 PM,PROPERTY DAMAGE AND INJURY,1.,0 ,2 ,COLLISION WITH MOTOR VEHICLE,LEFT TURN (AGAINST OTHER CAR),TRAFFIC SIGNAL,DARK-ROAD LIGHTED,CLOUDY,DRY
6836 ,34463976,MONROE,Brighton,,,N,43.1075614,-77.5556686,10/09/2012,3:24 PM,PROPERTY DAMAGE AND INJURY,4.,0 ,2 ,COLLISION WITH MOTOR VEHICLE,REAR END,NONE,DAYLIGHT,CLEAR,DRY
6836 ,34463981,MONROE,Gates,,,N,43.1471686,-77.7108859,10/11/2012,8:07 AM,PROPERTY DAMAGE AND INJURY,2.,0 ,2 ,COLLISION WITH MOTOR VEHICLE,RIGHT ANGLE,NONE,DAYLIGHT,CLEAR,DRY
6836 ,34464300,MONROE,Irondequoit,,104 43035213,N,43.2063952,-77.5475439,09/26/2012,9:30 AM,PROPERTY DAMAGE AND INJURY,1.,0 ,2 ,COLLISION WITH MOTOR VEHICLE,REAR END,HIGHWAY WORK AREA,DAYLIGHT,CLEAR,DRY
6836 ,34464303,MONROE,Rush,,15 43031019,N,42.964728,-77.684183,10/05/2012,12:00 PM,PROPERTY DAMAGE AND INJURY,1.,0 ,1 ,COLLISION WITH GUIDE RAIL,OTHER,NONE,DAYLIGHT,CLOUDY,DRY
6836 ,34464510,MONROE,Rochester,,,Y,43.200455,-77.638723,10/09/2012,2:30 PM,PROPERTY DAMAGE AND INJURY,2.,0 ,3 ,COLLISION WITH GUIDERAIL - END,OTHER,TRAFFIC SIGNAL,DAYLIGHT,CLEAR,DRY
6836 ,34464516,MONROE,Rochester,,,N,43.1827582,-77.595797,10/09/2012,10:54 AM,PROPERTY DAMAGE AND INJURY,1.,0 ,3 ,COLLISION WITH MOTOR VEHICLE,OTHER,NONE,DAYLIGHT,CLEAR,DRY
6836 ,34464533,MONROE,Rochester,,,Y,43.151567,-77.570601,09/30/2012,10:47 PM,INJURY,1.,0 ,1 ,COLLISION WITH BICYCLIST,OTHER,TRAFFIC SIGNAL,DARK-ROAD LIGHTED,RAIN,WET
6836 ,34464546,MONROE,Rochester,,,N,43.1646254,-77.6332015,10/04/2012,4:20 PM,INJURY,1.,0 ,1 ,COLLISION WITH BICYCLIST,OTHER,NONE,DAYLIGHT,CLEAR,DRY
6836 ,34464554,MONROE,Rochester,,,N,43.1621293,-77.6112633,10/06/2012,2:23 AM,PROPERTY DAMAGE AND INJURY,2.,0 ,2 ,COLLISION WITH MOTOR VEHICLE,RIGHT ANGLE,TRAFFIC SIGNAL,DARK-ROAD LIGHTED,RAIN,WET
6836 ,34464557,MONROE,Rochester,,,Y,43.144869,-77.6102829,10/05/2012,3:55 PM,PROPERTY DAMAGE AND INJURY,1.,0 ,2 ,COLLISION WITH MOTOR VEHICLE,RIGHT ANGLE,STOP SIGN,DAYLIGHT,CLEAR,DRY
6836 ,34464558,MONROE,Rochester,,,Y,43.124791,-77.61428,10/11/2012,5:30 PM,INJURY,1.,0 ,2 ,COLLISION WITH MOTOR VEHICLE,REAR END,TRAFFIC SIGNAL,DAYLIGHT,CLEAR,DRY
6836 ,34464576,MONROE,Rochester,,15 43032019,Y,43.141729,-77.612856,10/08/2012,5:48 PM,PROPERTY DAMAGE AND INJURY,1.,0 ,2 ,COLLISION WITH MOTOR VEHICLE,RIGHT ANGLE,STOP SIGN,DAYLIGHT,CLEAR,DRY
6836 ,34464590,MONROE,Rochester,,,N,43.159937,-77.551964,09/24/2012,9:59 AM,PROPERTY DAMAGE AND INJURY,2.,0 ,2 ,COLLISION WITH MOTOR VEHICLE,SIDESWIPE,NONE,DAYLIGHT,CLEAR,DRY
6836 ,34464650,MONROE,Greece,,,N,43.252928,-77.6553256,10/10/2012,4:31 PM,PROPERTY DAMAGE AND INJURY,1.,0 ,3 ,COLLISION WITH MOTOR VEHICLE,OTHER,NONE,DAYLIGHT,CLOUDY,DRY
6836 ,34464656,MONROE,Greece,,,Y,43.1868455,-77.7015116,10/11/2012,6:52 AM,PROPERTY DAMAGE AND INJURY,1.,0 ,2 ,COLLISION WITH MOTOR VEHICLE,REAR END,TRAFFIC SIGNAL,DAWN,CLEAR,DRY
6836 ,34464659,MONROE,Greece,,,Y,43.26774,-77.696269,10/08/2012,3:28 PM,PROPERTY DAMAGE AND INJURY,1.,0 ,2 ,COLLISION WITH MOTOR VEHICLE,RIGHT ANGLE,STOP SIGN,DAYLIGHT,CLEAR,DRY
6836 ,34465110,MONROE,Perinton,,31 43033011,N,43.078814,-77.485447,10/01/2012,1:38 PM,INJURY,1.,0 ,2 ,COLLISION WITH MOTOR VEHICLE,REAR END,YIELD SIGN,DAYLIGHT,CLOUDY,DRY
6836 ,34465122,MONROE,Perinton,,,N,43.0648033,-77.3919726,10/02/2012,4:49 PM,PROPERTY DAMAGE AND INJURY,1.,0 ,2 ,COLLISION WITH MOTOR VEHICLE,OVERTAKING,NONE,DAYLIGHT,CLOUDY,DRY
6836 ,34465127,MONROE,Brighton,,,N,43.145493,-77.542647,10/09/2012,8:00 AM,INJURY,1.,0 ,2 ,COLLISION WITH MOTOR VEHICLE,REAR END,NONE,DAYLIGHT,CLEAR,DRY
6836 ,34465130,MONROE,Brighton,,,N,43.1384176,-77.5376034,10/09/2012,5:24 PM,PROPERTY DAMAGE AND INJURY,1.,0 ,4 ,COLLISION WITH MOTOR VEHICLE,OTHER,NONE,DAYLIGHT,CLEAR,DRY
6836 ,34465136,MONROE,Irondequoit,,,Y,43.196137,-77.6001439,10/01/2012,12:39 PM,PROPERTY DAMAGE AND INJURY,1.,0 ,2 ,COLLISION WITH MOTOR VEHICLE,REAR END,TRAFFIC SIGNAL,DAYLIGHT,CLEAR,DRY
6836 ,34465138,MONROE,Brighton,,,Y,43.1150847,-77.6048656,10/11/2012,9:38 AM,PROPERTY DAMAGE AND INJURY,1.,0 ,3 ,COLLISION WITH CURBING,OTHER,NONE,DAYLIGHT,CLEAR,DRY
6836 ,34465141,MONROE,Brighton,,15A43041128,Y,43.102787,-77.615259,10/12/2012,2:38 PM,PROPERTY DAMAGE AND INJURY,1.,0 ,2 ,COLLISION WITH MOTOR VEHICLE,LEFT TURN (WITH OTHER CAR),TRAFFIC SIGNAL,DAYLIGHT,CLEAR,DRY
6836 ,34465146,MONROE,Gates,,,Y,43.164631,-77.704969,10/12/2012,3:40 PM,PROPERTY DAMAGE AND INJURY,1.,0 ,4 ,COLLISION WITH MOTOR VEHICLE,OTHER,NONE,DAYLIGHT,CLEAR,DRY
6836 ,34465446,MONROE,Parma,,,Y,43.223413,-77.8470421,08/02/2012,9:27 AM,FATAL,2.,1 ,3 ,COLLISION WITH MOTOR VEHICLE,OTHER,NONE,DAYLIGHT,CLEAR,DRY
6836 ,34465449,MONROE,Rochester,,,Y,43.148716,-77.590864,09/03/2012,1:43 PM,INJURY,1.,0 ,2 ,COLLISION WITH MOTOR VEHICLE,RIGHT ANGLE,STOP SIGN,DAYLIGHT,CLEAR,DRY
6836 ,34465450,MONROE,Rochester,,,Y,43.170804,-77.600806,09/10/2012,11:42 AM,INJURY,1.,0 ,2 ,COLLISION WITH MOTOR VEHICLE,RIGHT TURN (WITH OTHER CAR),TRAFFIC SIGNAL,DAYLIGHT,CLEAR,DRY
6836 ,34465490,MONROE,Clarkson,,260 43011023,Y,43.225363,-77.89015,08/19/2012,9:25 PM,FATAL,0.,1 ,1 ,COLLISION WITH TREE,OTHER,NONE,DARK-ROAD UNLIGHTED,CLEAR,DRY
6836 ,34465492,MONROE,Chili,,,Y,43.0901253,-77.6825569,08/08/2012,8:00 PM,FATAL,1.,1 ,1 ,COLLISION WITH GUIDE RAIL,OTHER,NONE,DUSK,CLEAR,DRY
6836 ,34465493,MONROE,Perinton,,,N,43.1200289,-77.4750357,07/20/2012,7:49 AM,PROPERTY DAMAGE AND INJURY,1.,1 ,1 ,COLLISION WITH CURBING,OTHER,NONE,DAYLIGHT,CLOUDY,DRY
6836 ,34465834,MONROE,Rochester,,,Y,43.200683,-77.561712,08/22/2012,5:07 PM,PROPERTY DAMAGE AND INJURY,1.,0 ,2 ,COLLISION WITH MOTOR VEHICLE,OVERTAKING,NONE,DAYLIGHT,CLEAR,DRY
6836 ,34466199,MONROE,Greece,,104 43031149,Y,43.211342,-77.7133201,09/11/2012,11:07 AM,INJURY,1.,0 ,2 ,COLLISION WITH MOTOR VEHICLE,REAR END,NONE,DAYLIGHT,CLEAR,DRY
6836 ,34466201,MONROE,Rochester,,,Y,43.186812,-77.599571,09/13/2012,10:16 AM,INJURY,1.,0 ,1 ,COLLISION WITH PEDESTRIAN,OTHER,NONE,DAYLIGHT,CLEAR,UNKNOWN
6836 ,34466447,MONROE,Rochester,,,Y,43.20205,-77.638693,08/23/2012,10:30 AM,PROPERTY DAMAGE AND INJURY,3.,0 ,2 ,COLLISION WITH MOTOR VEHICLE,RIGHT ANGLE,TRAFFIC SIGNAL,DAYLIGHT,CLEAR,DRY
6836 ,34466623,MONROE,Greece,,386 43011015,N,43.1968191,-77.7320177,09/20/2012,7:37 AM,PROPERTY DAMAGE AND INJURY,1.,0 ,3 ,COLLISION WITH MOTOR VEHICLE,OTHER,NONE,DAYLIGHT,CLEAR,DRY
6836 ,34466624,MONROE,Brighton,,,N,43.1087036,-77.5994325,09/03/2012,7:22 PM,INJURY,1.,0 ,2 ,COLLISION WITH GUIDE RAIL,REAR END,NONE,DAYLIGHT,CLEAR,DRY
6836 ,34466967,MONROE,Greece,,104 43031139,Y,43.214424,-77.7318019,09/19/2012,7:06 PM,PROPERTY DAMAGE AND INJURY,1.,0 ,3 ,COLLISION WITH MOTOR VEHICLE,OTHER,TRAFFIC SIGNAL,DUSK,CLEAR,DRY
6836 ,34467138,MONROE,Rochester,,,Y,43.163215,-77.621608,09/14/2012,8:19 AM,PROPERTY DAMAGE AND INJURY,1.,0 ,2 ,COLLISION WITH MOTOR VEHICLE,RIGHT ANGLE,TRAFFIC SIGNAL,DAYLIGHT,CLEAR,DRY
6836 ,34467139,MONROE,Rochester,,96 43052023,Y,43.153801,-77.589513,09/14/2012,5:16 PM,PROPERTY DAMAGE AND INJURY,1.,0 ,2 ,COLLISION WITH MOTOR VEHICLE,REAR END,NONE,DAYLIGHT,CLOUDY,WET
6836 ,34467141,MONROE,Rochester,,,Y,43.153893,-77.620433,09/13/2012,11:49 AM,PROPERTY DAMAGE AND INJURY,3.,0 ,2 ,COLLISION WITH MOTOR VEHICLE,HEAD ON,NONE,DAYLIGHT,CLEAR,DRY
6836 ,34467142,MONROE,Rochester,,,Y,43.171734,-77.6280679,09/15/2012,2:22 PM,PROPERTY DAMAGE AND INJURY,1.,0 ,2 ,COLLISION WITH MOTOR VEHICLE,REAR END,TRAFFIC SIGNAL,DAYLIGHT,CLEAR,DRY
6836 ,34467146,MONROE,Rochester,,,Y,43.145946,-77.609216,09/18/2012,3:35 PM,INJURY,1.,0 ,2 ,COLLISION WITH MOTOR VEHICLE,RIGHT ANGLE,NONE,DAYLIGHT,CLEAR,DRY
6836 ,34467201,MONROE,Rochester,,,Y,43.170226,-77.611807,09/20/2012,5:30 PM,INJURY,1.,0 ,2 ,COLLISION WITH MOTOR VEHICLE,REAR END,TRAFFIC SIGNAL,DAYLIGHT,CLEAR,DRY
6836 ,34467514,MONROE,Webster,,,N,43.2178279,-77.41914,10/11/2012,12:57 PM,PROPERTY DAMAGE AND INJURY,2.,0 ,2 ,COLLISION WITH MOTOR VEHICLE,REAR END,TRAFFIC SIGNAL,DAYLIGHT,CLOUDY,DRY
6836 ,34467718,MONROE,Ogden,,,N,43.1789499,-77.8497,10/13/2012,6:50 AM,PROPERTY DAMAGE AND INJURY,1.,0 ,1 ,COLLISION WITH FIRE HYDRANT,OTHER,NONE,DAWN,CLEAR,DRY
6836 ,34467720,MONROE,Pittsford,,,N,43.0825043,-77.4888785,10/12/2012,6:02 PM,INJURY,1.,0 ,1 ,COLLISION WITH GUIDE RAIL,OTHER,NONE,DAYLIGHT,CLEAR,DRY
6836 ,34467726,MONROE,Penfield,,,Y,43.135404,-77.457771,10/02/2012,6:55 AM,PROPERTY DAMAGE AND INJURY,1.,0 ,2 ,COLLISION WITH MOTOR VEHICLE,RIGHT ANGLE,STOP SIGN,DAYLIGHT,RAIN,WET
6836 ,34467730,MONROE,Rochester,,,N,43.1766041,-77.5575447,10/09/2012,6:12 PM,INJURY,1.,0 ,2 ,COLLISION WITH MOTOR VEHICLE,RIGHT ANGLE,NONE,DAYLIGHT,CLEAR,DRY
6836 ,34467731,MONROE,Rochester,,,N,43.1695161,-77.5953108,07/15/2012,2:07 AM,PROPERTY DAMAGE AND INJURY,2.,0 ,1 ,COLLISION WITH CURBING,OTHER,NONE,DARK-ROAD LIGHTED,CLEAR,DRY
6836 ,34467743,MONROE,Pittsford,,31 43033024,N,43.1094092,-77.5455186,10/12/2012,4:03 PM,PROPERTY DAMAGE AND INJURY,1.,0 ,3 ,COLLISION WITH MOTOR VEHICLE,OTHER,NONE,DAYLIGHT,CLEAR,DRY