QUERYID,CASE #,REGN_CNTY_CDE,Municipality,MUNITYPE,REF_MRKR,ATINTERSECTION_IND,Lat,Long,,Time,Crash Type,Injuries,Fatalities,Number of Vehicles,ACCD_TYP,COLLISION_TYP,TRAF_CNTL,Light Condition,Weather Condition,Road Surface Condition
6836 ,34467746,MONROE,Chili,,,N,43.1128605,-77.752165,10/04/2012,1:20 AM,PROPERTY DAMAGE AND INJURY,1.,0 ,1 ,COLLISION WITH OTHER FIXED OBJECT,OTHER,NONE,DARK-ROAD UNLIGHTED,CLEAR,DRY
6836 ,34467751,MONROE,Perinton,,31F43011026,N,43.1022615,-77.4688774,10/03/2012,7:30 AM,PROPERTY DAMAGE AND INJURY,1.,0 ,3 ,COLLISION WITH MOTOR VEHICLE,OTHER,NONE,DAWN,CLOUDY,DRY
6836 ,34467755,MONROE,Brighton,,15A43041128,N,43.108007,-77.615937,10/12/2012,11:34 PM,PROPERTY DAMAGE AND INJURY,1.,0 ,2 ,COLLISION WITH MOTOR VEHICLE,RIGHT ANGLE,TRAFFIC SIGNAL,DARK-ROAD LIGHTED,CLEAR,DRY
6836 ,34467756,MONROE,Brighton,,441 43011105,Y,43.128025,-77.521656,10/13/2012,6:45 PM,PROPERTY DAMAGE AND INJURY,1.,0 ,3 ,COLLISION WITH MOTOR VEHICLE,OTHER,TRAFFIC SIGNAL,DUSK,CLOUDY,DRY
6836 ,34467765,MONROE,Pittsford,,31F43011036,Y,43.108231,-77.499828,10/05/2012,1:23 PM,INJURY,1.,0 ,2 ,COLLISION WITH MOTOR VEHICLE,REAR END,TRAFFIC SIGNAL,DAYLIGHT,CLOUDY,DRY
6836 ,34467768,MONROE,Perinton,,,N,43.093943,-77.40336,10/04/2012,7:20 AM,PROPERTY DAMAGE AND INJURY,1.,0 ,2 ,COLLISION WITH MOTOR VEHICLE,REAR END,TRAFFIC SIGNAL,DAYLIGHT,CLEAR,DRY
6836 ,34467769,MONROE,Brighton,,590I43011019,N,43.1084369,-77.5638204,10/12/2012,12:05 PM,PROPERTY DAMAGE AND INJURY,1.,0 ,1 ,RAN OFF ROAD ONLY,OTHER,NONE,DAYLIGHT,CLOUDY,DRY
6836 ,34468353,MONROE,Penfield,,,Y,43.130968,-77.479909,10/12/2012,4:04 PM,PROPERTY DAMAGE AND INJURY,1.,0 ,2 ,COLLISION WITH MOTOR VEHICLE,LEFT TURN (WITH OTHER CAR),STOP SIGN,DAYLIGHT,CLOUDY,DRY
6836 ,34468357,MONROE,Penfield,,,Y,43.182399,-77.5078445,10/10/2012,8:11 PM,INJURY,1.,0 ,1 ,COLLISION WITH PEDESTRIAN,OTHER,NONE,DARK-ROAD UNLIGHTED,CLOUDY,DRY
6836 ,34468364,MONROE,Mendon,,,N,42.9981733,-77.493823,10/13/2012,3:42 PM,PROPERTY DAMAGE AND INJURY,2.,0 ,2 ,COLLISION WITH MOTOR VEHICLE,RIGHT ANGLE,STOP SIGN,DAYLIGHT,CLOUDY,DRY
6836 ,34468424,MONROE,Rochester,,,N,43.1272252,-77.6320407,10/14/2012,6:58 PM,INJURY,1.,0 ,1 ,COLLISION WITH PEDESTRIAN,OTHER,NONE,DARK-ROAD LIGHTED,CLEAR,DRY
6836 ,34468430,MONROE,Rochester,,,Y,43.165864,-77.5665159,10/14/2012,3:22 PM,INJURY,1.,0 ,2 ,COLLISION WITH MOTOR VEHICLE,RIGHT ANGLE,NONE,DAYLIGHT,CLEAR,DRY
6836 ,34468442,MONROE,Rochester,,,Y,43.145301,-77.651002,10/13/2012,1:13 AM,PROPERTY DAMAGE AND INJURY,1.,0 ,2 ,COLLISION WITH MOTOR VEHICLE,RIGHT ANGLE,TRAFFIC SIGNAL,DARK-ROAD UNLIGHTED,CLEAR,DRY
6836 ,34468444,MONROE,Rochester,,,Y,43.175649,-77.582903,09/19/2012,8:33 AM,INJURY,1.,0 ,1 ,COLLISION WITH BICYCLIST,OTHER,STOP SIGN,DAYLIGHT,CLEAR,DRY
6836 ,34468448,MONROE,Rochester,,,Y,43.176416,-77.595191,10/06/2012,2:19 PM,PROPERTY DAMAGE AND INJURY,1.,0 ,2 ,COLLISION WITH MOTOR VEHICLE,RIGHT ANGLE,STOP SIGN,DAYLIGHT,CLEAR,DRY
6836 ,34468449,MONROE,Rochester,,,Y,43.193414,-77.608817,10/03/2012,1:48 PM,INJURY,1.,0 ,2 ,COLLISION WITH MOTOR VEHICLE,REAR END,STOP SIGN,DAYLIGHT,CLOUDY,DRY
6836 ,34468499,MONROE,Greece,,,N,43.287117,-77.7298844,10/13/2012,1:20 AM,PROPERTY DAMAGE AND INJURY,1.,0 ,1 ,COLLISION WITH OTHER FIXED OBJECT,OTHER,NONE,DARK-ROAD UNLIGHTED,CLEAR,DRY
6836 ,34468504,MONROE,Greece,,,Y,43.273446,-77.639137,10/15/2012,11:41 PM,PROPERTY DAMAGE AND INJURY,1.,0 ,1 ,OVERTURNED,OTHER,NONE,DARK-ROAD LIGHTED,CLOUDY,WET
6836 ,34470687,MONROE,Greece,,,Y,43.209859,-77.6959401,09/26/2012,3:50 PM,INJURY,1.,0 ,2 ,COLLISION WITH MOTOR VEHICLE,REAR END,TRAFFIC SIGNAL,DAYLIGHT,CLOUDY,DRY
6836 ,34470899,MONROE,Henrietta,,,N,43.088038,-77.63631,07/02/2012,10:00 AM,PROPERTY DAMAGE AND INJURY,1.,0 ,2 ,COLLISION WITH MOTOR VEHICLE,REAR END,TRAFFIC SIGNAL,DAYLIGHT,CLEAR,DRY
6836 ,34471850,MONROE,Rochester,,,Y,43.171514,-77.559902,07/18/2012,3:15 PM,PROPERTY DAMAGE AND INJURY,1.,0 ,2 ,COLLISION WITH MOTOR VEHICLE,REAR END,UNKNOWN,UNKNOWN,UNKNOWN,UNKNOWN
6836 ,34472021,MONROE,Wheatland,,,N,43.0259682,-77.874989,09/08/2012,3:08 AM,FATAL,0.,1 ,1 ,OTHER NON-COLLISION,OTHER,NONE,DARK-ROAD UNLIGHTED,CLOUDY,DRY
6836 ,34472025,MONROE,Brighton,,390I43031151,N,43.116089,-77.63267,08/05/2012,12:59 AM,FATAL,0.,2 ,3 ,COLLISION WITH MOTOR VEHICLE,OTHER,NONE,DARK-ROAD LIGHTED,CLOUDY,DRY
6836 ,34472026,MONROE,Chili,,383 43011135,N,43.1034667,-77.6770983,09/06/2012,8:41 AM,FATAL,0.,1 ,4 ,COLLISION WITH MOTOR VEHICLE,OTHER,NONE,DAYLIGHT,CLOUDY,DRY
6836 ,34472038,MONROE,Penfield,,,N,43.1456845,-77.4686935,09/17/2012,11:53 AM,FATAL,0.,1 ,1 ,COLLISION WITH PEDESTRIAN,OTHER,NONE,DAYLIGHT,CLEAR,DRY
6836 ,34472041,MONROE,Hamlin,,260 43011081,Y,43.311861,-77.859289,10/01/2012,4:16 PM,FATAL,2.,1 ,2 ,COLLISION WITH MOTOR VEHICLE,RIGHT ANGLE,STOP SIGN,DAYLIGHT,CLEAR,DRY
6836 ,34472646,MONROE,Gates,,,N,43.1619153,-77.6829099,10/10/2012,8:40 AM,INJURY,1.,0 ,2 ,COLLISION WITH MOTOR VEHICLE,REAR END,NONE,DAYLIGHT,CLEAR,DRY
6836 ,34472926,MONROE,Webster,,404 43035089,N,43.209819,-77.4523821,10/13/2012,2:31 PM,PROPERTY DAMAGE AND INJURY,2.,0 ,3 ,COLLISION WITH MOTOR VEHICLE,OTHER,NONE,DAYLIGHT,CLOUDY,DRY
6836 ,34472930,MONROE,Mendon,,,Y,42.9579802,-77.5539901,10/11/2012,7:41 PM,PROPERTY DAMAGE AND INJURY,1.,0 ,1 ,COLLISION WITH SIGN POST,OTHER,NONE,DARK-ROAD UNLIGHTED,CLOUDY,DRY
6836 ,34472938,MONROE,Chili,,,N,43.107127,-77.7569315,09/30/2012,7:15 PM,PROPERTY DAMAGE AND INJURY,1.,0 ,2 ,COLLISION WITH MOTOR VEHICLE,SIDESWIPE,NONE,DARK-ROAD LIGHTED,CLOUDY,WET
6836 ,34472946,MONROE,Chili,,259 43011020,N,43.1217754,-77.8062606,10/09/2012,5:18 PM,INJURY,1.,0 ,2 ,COLLISION WITH MOTOR VEHICLE,REAR END,NONE,DAYLIGHT,CLEAR,DRY
6836 ,34472947,MONROE,Parma,,,N,43.2907226,-77.7732744,10/12/2012,2:41 PM,PROPERTY DAMAGE AND INJURY,1.,0 ,2 ,COLLISION WITH MOTOR VEHICLE,REAR END,NONE,DAYLIGHT,CLOUDY,DRY
6836 ,34472948,MONROE,Irondequoit,,,Y,43.211483,-77.562369,10/15/2012,2:55 PM,INJURY,1.,0 ,1 ,COLLISION WITH BICYCLIST,OTHER,NONE,DAYLIGHT,CLEAR,DRY
6836 ,34472961,MONROE,Mendon,,64 43021017,Y,42.964826,-77.5024869,10/12/2012,8:24 AM,PROPERTY DAMAGE AND INJURY,2.,0 ,2 ,COLLISION WITH MOTOR VEHICLE,RIGHT ANGLE,STOP SIGN,DAYLIGHT,CLEAR,WET
6836 ,34472963,MONROE,Chili,,383 43011142,N,43.1126981,-77.6701975,10/15/2012,3:23 PM,PROPERTY DAMAGE AND INJURY,1.,0 ,2 ,COLLISION WITH MOTOR VEHICLE,REAR END,NONE,DAYLIGHT,CLOUDY,DRY
6836 ,34472965,MONROE,Rochester,,390I43035000,N,43.1259289,-77.6558287,09/21/2012,8:18 PM,PROPERTY DAMAGE AND INJURY,1.,0 ,2 ,COLLISION WITH MOTOR VEHICLE,OVERTAKING,NONE,DARK-ROAD LIGHTED,CLOUDY,WET
6836 ,34473464,MONROE,Greece,,18 43031186,Y,43.252955,-77.685372,10/14/2012,1:04 PM,PROPERTY DAMAGE AND INJURY,5.,0 ,3 ,COLLISION WITH MOTOR VEHICLE,OTHER,NONE,DAYLIGHT,CLOUDY,DRY
6836 ,34473950,MONROE,Spencerport,,259 43011071,Y,43.195437,-77.799596,10/16/2012,10:00 PM,INJURY,1.,0 ,2 ,COLLISION WITH MOTOR VEHICLE,REAR END,TRAFFIC SIGNAL,DARK-ROAD LIGHTED,CLOUDY,DRY
6836 ,34473966,MONROE,Henrietta,,390I43031104,N,43.0770323,-77.6241062,10/16/2012,3:12 PM,PROPERTY DAMAGE AND INJURY,1.,0 ,2 ,COLLISION WITH MOTOR VEHICLE,OVERTAKING,NONE,DAYLIGHT,CLEAR,DRY
6836 ,34473975,MONROE,Fairport,,,Y,43.096768,-77.433087,10/14/2012,2:00 PM,PROPERTY DAMAGE AND INJURY,1.,0 ,2 ,COLLISION WITH MOTOR VEHICLE,REAR END,TRAFFIC SIGNAL,DAYLIGHT,CLEAR,DRY
6836 ,34473978,MONROE,Brighton,,15 43031120,Y,43.104245,-77.62779,10/16/2012,2:08 PM,PROPERTY DAMAGE AND INJURY,1.,0 ,3 ,COLLISION WITH MOTOR VEHICLE,OTHER,NONE,DAYLIGHT,CLOUDY,DRY
6836 ,34473980,MONROE,Brighton,,15A43041121,N,43.0979235,-77.6132745,10/16/2012,11:31 AM,PROPERTY DAMAGE AND INJURY,2.,0 ,2 ,COLLISION WITH MOTOR VEHICLE,RIGHT ANGLE,TRAFFIC SIGNAL,DAYLIGHT,CLEAR,DRY
6836 ,34473982,MONROE,Brighton,,,Y,43.105967,-77.576799,10/16/2012,2:38 PM,PROPERTY DAMAGE AND INJURY,1.,0 ,2 ,COLLISION WITH MOTOR VEHICLE,RIGHT TURN (WITH OTHER CAR),TRAFFIC SIGNAL,DAYLIGHT,CLOUDY,DRY
6836 ,34474981,MONROE,Ogden,,,Y,43.193546,-77.773358,10/17/2012,4:59 PM,INJURY,1.,0 ,2 ,COLLISION WITH MOTOR VEHICLE,REAR END,STOP SIGN,DAYLIGHT,CLEAR,DRY
6836 ,34474984,MONROE,Brighton,,,Y,43.131703,-77.590227,10/17/2012,10:15 AM,PROPERTY DAMAGE AND INJURY,1.,0 ,2 ,COLLISION WITH MOTOR VEHICLE,LEFT TURN (AGAINST OTHER CAR),TRAFFIC SIGNAL,DAYLIGHT,CLEAR,DRY
6836 ,34474986,MONROE,Gates,,31 43031186,Y,43.164707,-77.680705,10/12/2012,8:35 PM,PROPERTY DAMAGE AND INJURY,1.,0 ,2 ,COLLISION WITH MOTOR VEHICLE,REAR END,TRAFFIC SIGNAL,DARK-ROAD UNLIGHTED,CLEAR,DRY
6836 ,34474989,MONROE,Pittsford,,31 43033055,N,43.0829218,-77.4971951,10/12/2012,10:10 PM,INJURY,1.,0 ,2 ,COLLISION WITH MOTOR VEHICLE,RIGHT ANGLE,TRAFFIC SIGNAL,DARK-ROAD UNLIGHTED,CLEAR,DRY
6836 ,34475000,MONROE,Perinton,,31 43033075,N,43.0737605,-77.4601731,10/04/2012,3:31 AM,PROPERTY DAMAGE AND INJURY,1.,0 ,1 ,COLL. W/LIGHT SUPPORT/UTILITY POLE,OTHER,NONE,DARK-ROAD UNLIGHTED,CLEAR,DRY
6836 ,34475007,MONROE,Perinton,,,Y,43.103324,-77.43212,10/14/2012,3:36 AM,PROPERTY DAMAGE AND INJURY,1.,0 ,2 ,COLLISION WITH MOTOR VEHICLE,RIGHT ANGLE,STOP SIGN,DARK-ROAD LIGHTED,RAIN,WET
6836 ,34475012,MONROE,Penfield,,,N,43.1921034,-77.5027273,10/11/2012,9:10 PM,INJURY,3.,0 ,2 ,COLLISION WITH MOTOR VEHICLE,HEAD ON,TRAFFIC SIGNAL,DARK-ROAD LIGHTED,CLOUDY,DRY
6836 ,34475241,MONROE,Rochester,,,Y,43.186544,-77.608378,09/29/2012,6:46 PM,INJURY,1.,0 ,2 ,COLLISION WITH MOTOR VEHICLE,REAR END,TRAFFIC SIGNAL,DAYLIGHT,CLEAR,DRY
6836 ,34475275,MONROE,Rochester,,,Y,43.18167,-77.638837,09/24/2012,7:07 AM,PROPERTY DAMAGE AND INJURY,2.,0 ,2 ,COLLISION WITH MOTOR VEHICLE,RIGHT ANGLE,STOP SIGN,DAYLIGHT,CLEAR,DRY
6836 ,34475300,MONROE,Rochester,,,Y,43.183166,-77.613715,10/15/2012,6:06 PM,INJURY,1.,0 ,1 ,COLLISION WITH PEDESTRIAN,OTHER,NONE,DUSK,CLOUDY,DRY
6836 ,34475304,MONROE,Rochester,,,Y,43.175339,-77.598828,10/16/2012,8:15 AM,INJURY,1.,0 ,2 ,COLLISION WITH MOTOR VEHICLE,REAR END,TRAFFIC SIGNAL,DAYLIGHT,RAIN,WET
6836 ,34475335,MONROE,Rochester,,,Y,43.171238,-77.571823,10/12/2012,4:52 PM,INJURY,1.,0 ,2 ,COLLISION WITH MOTOR VEHICLE,LEFT TURN (AGAINST OTHER CAR),STOP SIGN,DAYLIGHT,CLEAR,DRY
6836 ,34475336,MONROE,Rochester,,,N,43.1511355,-77.6323801,10/14/2012,3:20 PM,INJURY,1.,0 ,2 ,COLLISION WITH MOTOR VEHICLE,OVERTAKING,NONE,DAYLIGHT,CLEAR,DRY
6836 ,34475345,MONROE,Rochester,,,Y,43.176915,-77.639461,10/11/2012,3:57 PM,INJURY,1.,0 ,1 ,COLLISION WITH BICYCLIST,OTHER,NONE,DAYLIGHT,CLEAR,DRY
6836 ,34475347,MONROE,Rochester,,,N,43.1479307,-77.5913091,10/14/2012,9:45 PM,INJURY,1.,0 ,3 ,COLLISION WITH MOTOR VEHICLE,OTHER,NONE,DARK-ROAD LIGHTED,RAIN,WET
6836 ,34475352,MONROE,Rochester,,,Y,43.125203,-77.604308,10/15/2012,10:14 AM,PROPERTY DAMAGE AND INJURY,1.,0 ,1 ,COLLISION WITH CURBING,OTHER,NONE,DAYLIGHT,CLOUDY,DRY
6836 ,34475356,MONROE,Rochester,,,Y,43.180938,-77.6394981,10/13/2012,4:24 PM,INJURY,1.,0 ,1 ,COLLISION WITH BICYCLIST,OTHER,TRAFFIC SIGNAL,DAYLIGHT,RAIN,WET
6836 ,34475370,MONROE,Rochester,,,N,43.142781,-77.632828,09/23/2012,3:20 AM,INJURY,1.,0 ,2 ,COLLISION WITH MOTOR VEHICLE,HEAD ON,NONE,DARK-ROAD LIGHTED,CLOUDY,DRY
6836 ,34475372,MONROE,Rochester,,,Y,43.14882,-77.618746,10/12/2012,4:19 PM,PROPERTY DAMAGE AND INJURY,1.,0 ,3 ,COLLISION WITH MOTOR VEHICLE,OTHER,STOP SIGN,DAYLIGHT,CLEAR,DRY
6836 ,34475377,MONROE,Rochester,,33A43022004,Y,43.142695,-77.658772,10/16/2012,4:38 PM,INJURY,1.,0 ,2 ,COLLISION WITH MOTOR VEHICLE,OVERTAKING,TRAFFIC SIGNAL,DAYLIGHT,CLEAR,DRY
6836 ,34475379,MONROE,Rochester,,,Y,43.186544,-77.608378,09/29/2012,2:51 PM,PROPERTY DAMAGE AND INJURY,1.,0 ,2 ,COLLISION WITH MOTOR VEHICLE,RIGHT ANGLE,TRAFFIC SIGNAL,DAYLIGHT,CLEAR,DRY
6836 ,34475392,MONROE,Rochester,,,N,43.121425,-77.6260711,10/02/2012,10:27 AM,PROPERTY DAMAGE AND INJURY,3.,0 ,2 ,COLLISION WITH MOTOR VEHICLE,REAR END,OTHER,DAYLIGHT,CLOUDY,WET
6836 ,34475623,MONROE,Mendon,,,N,43.0037543,-77.5777407,07/03/2012,8:30 PM,INJURY,1.,0 ,1 ,COLLISION WITH DEER,OTHER,NONE,DUSK,CLEAR,DRY
6836 ,34476300,MONROE,Rochester,,,Y,43.165937,-77.590807,09/25/2012,2:15 PM,INJURY,1.,0 ,2 ,COLLISION WITH MOTOR VEHICLE,RIGHT ANGLE,TRAFFIC SIGNAL,DAYLIGHT,CLEAR,DRY
6836 ,34476523,MONROE,Rochester,,,Y,43.159828,-77.594332,10/17/2012,9:29 PM,PROPERTY DAMAGE AND INJURY,3.,0 ,2 ,COLLISION WITH MOTOR VEHICLE,RIGHT ANGLE,TRAFFIC SIGNAL,DARK-ROAD LIGHTED,CLEAR,DRY
6836 ,34476526,MONROE,Rochester,,,N,43.1386285,-77.59516,10/18/2012,4:04 PM,INJURY,1.,0 ,2 ,COLLISION WITH MOTOR VEHICLE,REAR END,NONE,DAYLIGHT,CLOUDY,DRY
6836 ,34476650,MONROE,Brighton,,31 43033020,N,43.1125865,-77.5498201,09/29/2012,6:42 PM,INJURY,1.,0 ,2 ,COLLISION WITH MOTOR VEHICLE,REAR END,TRAFFIC SIGNAL,DUSK,CLOUDY,DRY
6836 ,34476858,MONROE,Rochester,,,Y,43.156599,-77.608896,09/22/2012,8:08 PM,INJURY,1.,0 ,1 ,COLLISION WITH PEDESTRIAN,OTHER,TRAFFIC SIGNAL,DARK-ROAD LIGHTED,CLOUDY,DRY
6836 ,34477148,MONROE,Webster,,,Y,43.214013,-77.419065,09/29/2012,9:16 PM,INJURY,1.,0 ,2 ,COLLISION WITH MOTOR VEHICLE,REAR END,TRAFFIC SIGNAL,DARK-ROAD LIGHTED,CLEAR,DRY
6836 ,34477346,MONROE,Greece,,,Y,43.2195631,-77.6372135,09/29/2012,6:30 AM,INJURY,1.,0 ,1 ,COLLISION WITH BICYCLIST,OTHER,NONE,DAWN,CLOUDY,DRY
6836 ,34477368,MONROE,Gates,,,Y,43.164886,-77.6911321,10/01/2012,11:00 PM,INJURY,1.,0 ,1 ,COLLISION WITH BICYCLIST,OTHER,TRAFFIC SIGNAL,DARK-ROAD LIGHTED,CLOUDY,DRY
6836 ,34477426,MONROE,Rochester,,490I43022021,N,43.1565106,-77.632171,09/19/2012,4:33 PM,PROPERTY DAMAGE AND INJURY,1.,0 ,2 ,COLLISION WITH MOTOR VEHICLE,REAR END,NONE,DAYLIGHT,CLEAR,DRY
6836 ,34477765,MONROE,Greece,,,N,43.205948,-77.6718329,10/17/2012,3:27 PM,INJURY,1.,0 ,2 ,COLLISION WITH MOTOR VEHICLE,REAR END,TRAFFIC SIGNAL,DAYLIGHT,CLEAR,DRY
6836 ,34477867,MONROE,Webster,,104 43035233,N,43.213966,-77.5104526,10/19/2012,9:17 AM,PROPERTY DAMAGE AND INJURY,1.,0 ,1 ,COLL. W/LIGHT SUPPORT/UTILITY POLE,OTHER,NONE,DAYLIGHT,CLOUDY,WET
6836 ,34477872,MONROE,Rochester,,490I43022066,N,43.1443917,-77.5531158,10/15/2012,4:15 PM,INJURY,1.,0 ,2 ,COLLISION WITH MOTOR VEHICLE,OVERTAKING,NONE,DAYLIGHT,CLOUDY,DRY
6836 ,34478601,MONROE,Rochester,,,N,43.1674603,-77.6284108,09/02/2012,2:00 PM,INJURY,1.,0 ,1 ,COLLISION WITH PEDESTRIAN,OTHER,NONE,DAYLIGHT,CLEAR,DRY
6836 ,34478808,MONROE,Irondequoit,,,N,43.1957194,-77.5846092,10/16/2012,5:42 PM,PROPERTY DAMAGE AND INJURY,2.,0 ,2 ,COLLISION WITH MOTOR VEHICLE,RIGHT ANGLE,TRAFFIC SIGNAL,DAYLIGHT,CLEAR,DRY
6836 ,34479356,MONROE,Chili,,,N,43.059396,-77.7079226,09/29/2012,7:05 PM,PROPERTY DAMAGE AND INJURY,1.,0 ,1 ,COLLISION WITH TREE,OTHER,NONE,DARK-ROAD UNLIGHTED,CLEAR,DRY
6836 ,34480069,MONROE,Rochester,,,Y,43.184826,-77.5684299,07/31/2012,12:02 PM,PROPERTY DAMAGE AND INJURY,1.,0 ,2 ,COLLISION WITH MOTOR VEHICLE,UNKNOWN,NONE,DAYLIGHT,CLEAR,DRY
6836 ,34480070,MONROE,Rochester,,,Y,43.155708,-77.612547,07/27/2012,9:00 AM,PROPERTY DAMAGE AND INJURY,1.,0 ,2 ,COLLISION WITH MOTOR VEHICLE,RIGHT ANGLE,TRAFFIC SIGNAL,DAYLIGHT,CLEAR,DRY
6836 ,34480535,MONROE,Rochester,,,N,43.1307589,-77.6141377,08/01/2012,1:19 PM,PROPERTY DAMAGE AND INJURY,1.,0 ,3 ,COLLISION WITH MOTOR VEHICLE,OTHER,NONE,DAYLIGHT,CLEAR,DRY
6836 ,34480760,MONROE,Churchville,,,N,43.1047794,-77.88469,06/19/2012,11:30 AM,INJURY,1.,0 ,1 ,COLLISION WITH PEDESTRIAN,OTHER,NONE,DAYLIGHT,CLEAR,DRY
6836 ,34480763,MONROE,Penfield,,,N,43.1719154,-77.504478,06/26/2012,9:10 AM,INJURY,1.,0 ,1 ,OVERTURNED,OTHER,NO PASSING ZONE,DAYLIGHT,CLEAR,DRY
6836 ,34481880,MONROE,Rochester,,,Y,43.185201,-77.587606,07/22/2012,10:11 PM,INJURY,2.,0 ,2 ,COLLISION WITH MOTOR VEHICLE,RIGHT ANGLE,STOP SIGN,DARK-ROAD LIGHTED,CLEAR,DRY
6836 ,34482949,MONROE,Rochester,,,Y,43.180842,-77.599182,09/17/2012,3:42 PM,INJURY,1.,0 ,1 ,COLLISION WITH BICYCLIST,OTHER,TRAFFIC SIGNAL,DAYLIGHT,CLEAR,DRY
6836 ,34483566,MONROE,Greece,,104 43031173,N,43.2054236,-77.6677542,08/31/2012,1:00 PM,INJURY,2.,0 ,2 ,COLLISION WITH MOTOR VEHICLE,REAR END,NONE,DAYLIGHT,CLEAR,DRY
6836 ,34484197,MONROE,Greece,,,Y,43.216507,-77.677748,08/31/2012,12:35 PM,PROPERTY DAMAGE AND INJURY,1.,0 ,3 ,COLLISION WITH MOTOR VEHICLE,OTHER,NONE,DAYLIGHT,CLEAR,DRY
6836 ,34484616,MONROE,Rochester,,940K43011005,Y,43.15939,-77.65956,05/07/2012,9:43 AM,PROPERTY DAMAGE AND INJURY,2.,0 ,4 ,COLLISION WITH MOTOR VEHICLE,OTHER,NONE,DAYLIGHT,CLEAR,DRY
6836 ,34484747,MONROE,Gates,,,Y,43.174682,-77.7376141,05/09/2012,5:16 PM,PROPERTY DAMAGE AND INJURY,1.,0 ,3 ,COLLISION WITH MOTOR VEHICLE,OTHER,NONE,DAYLIGHT,CLOUDY,DRY
6836 ,34484950,MONROE,Rochester,,,Y,43.171095,-77.612112,09/19/2012,9:15 PM,INJURY,2.,0 ,3 ,COLLISION WITH MOTOR VEHICLE,OTHER,NONE,DARK-ROAD LIGHTED,CLEAR,DRY
6836 ,34485012,MONROE,Sweden,,19 43041008,N,43.1437466,-77.9395886,04/15/2012,7:39 AM,INJURY,1.,0 ,1 ,COLLISION WITH DEER,OTHER,NONE,DAYLIGHT,RAIN,WET
6836 ,34485021,MONROE,Greece,,,N,43.222835,-77.6777698,06/19/2012,10:59 AM,PROPERTY DAMAGE AND INJURY,1.,0 ,3 ,COLLISION WITH MOTOR VEHICLE,OTHER,NONE,DAYLIGHT,CLOUDY,DRY
6836 ,34485187,MONROE,Rochester,,,Y,43.148967,-77.612988,06/27/2012,10:37 AM,INJURY,1.,0 ,2 ,COLLISION WITH MOTOR VEHICLE,UNKNOWN,NONE,DAYLIGHT,CLEAR,DRY
6836 ,34485980,MONROE,Perinton,,,N,43.1173784,-77.4616118,10/20/2012,11:10 PM,PROPERTY DAMAGE AND INJURY,2.,0 ,2 ,COLLISION WITH MOTOR VEHICLE,RIGHT ANGLE,NONE,DARK-ROAD UNLIGHTED,RAIN,WET
6836 ,34485982,MONROE,Parma,,104 43031125,N,43.2184523,-77.7582029,10/17/2012,2:06 PM,INJURY,2.,0 ,2 ,COLLISION WITH MOTOR VEHICLE,REAR END,NONE,DAYLIGHT,CLOUDY,DRY
6836 ,34485986,MONROE,Henrietta,,253 43011079,Y,43.059375,-77.616899,10/21/2012,7:23 AM,PROPERTY DAMAGE AND INJURY,1.,0 ,2 ,COLLISION WITH MOTOR VEHICLE,LEFT TURN (AGAINST OTHER CAR),TRAFFIC SIGNAL,DAWN,CLEAR,DRY
6836 ,34485988,MONROE,Hamlin,,19 43041123,N,43.3057339,-77.921134,10/18/2012,2:45 PM,PROPERTY DAMAGE AND INJURY,1.,0 ,2 ,COLLISION WITH MOTOR VEHICLE,REAR END,TRAFFIC SIGNAL,DAYLIGHT,CLOUDY,DRY
6836 ,34485993,MONROE,Sweden,,19 43041046,Y,43.1984396,-77.9436405,10/20/2012,3:02 AM,PROPERTY DAMAGE AND INJURY,2.,0 ,2 ,COLLISION WITH MOTOR VEHICLE,HEAD ON,NONE,DARK-ROAD LIGHTED,CLEAR,WET
6836 ,34486001,MONROE,Henrietta,,,Y,43.058548,-77.664775,10/21/2012,6:56 PM,PROPERTY DAMAGE AND INJURY,2.,0 ,1 ,RAN OFF ROAD ONLY,OTHER,STOP SIGN,DARK-ROAD UNLIGHTED,CLOUDY,DRY
6836 ,34486004,MONROE,Sweden,,31A43021015,N,43.198319,-77.9672094,10/03/2012,10:49 PM,INJURY,2.,0 ,2 ,COLLISION WITH MOTOR VEHICLE,REAR END,TRAFFIC SIGNAL,DARK-ROAD LIGHTED,CLEAR,DRY
6836 ,34486013,MONROE,Parma,,104 43031101,N,43.2180433,-77.8061421,10/20/2012,7:55 AM,PROPERTY DAMAGE AND INJURY,3.,0 ,3 ,COLLISION WITH MOTOR VEHICLE,OTHER,NONE,DARK-ROAD UNLIGHTED,RAIN,WET
6836 ,34486017,MONROE,Brighton,,590 43011006,N,43.1499614,-77.5394449,10/19/2012,3:04 PM,INJURY,1.,0 ,2 ,COLLISION WITH MOTOR VEHICLE,REAR END,NONE,DAYLIGHT,CLOUDY,DRY
6836 ,34486019,MONROE,Chili,,,N,43.0558546,-77.7181421,10/20/2012,11:15 AM,PROPERTY DAMAGE AND INJURY,2.,0 ,2 ,COLLISION WITH MOTOR VEHICLE,RIGHT ANGLE,NONE,DAYLIGHT,CLEAR,DRY
6836 ,34486023,MONROE,Pittsford,,,Y,43.091449,-77.517027,10/20/2012,2:37 PM,PROPERTY DAMAGE AND INJURY,1.,0 ,2 ,COLLISION WITH MOTOR VEHICLE,REAR END,NONE,DAYLIGHT,CLEAR,DRY
6836 ,34486027,MONROE,Brighton,,,N,43.09515,-77.6031929,10/15/2012,12:15 PM,INJURY,1.,0 ,2 ,COLLISION WITH MOTOR VEHICLE,REAR END,TRAFFIC SIGNAL,DAYLIGHT,CLOUDY,DRY
6836 ,34486030,MONROE,Rush,,,N,43.0030302,-77.6666648,10/18/2012,1:43 PM,PROPERTY DAMAGE AND INJURY,1.,0 ,2 ,COLLISION WITH MOTOR VEHICLE,REAR END,TRAFFIC SIGNAL,DAYLIGHT,CLOUDY,DRY