QUERYID,CASE #,REGN_CNTY_CDE,Municipality,MUNITYPE,REF_MRKR,ATINTERSECTION_IND,Lat,Long,,Time,Crash Type,Injuries,Fatalities,Number of Vehicles,ACCD_TYP,COLLISION_TYP,TRAF_CNTL,Light Condition,Weather Condition,Road Surface Condition
6836 ,34486039,MONROE,Perinton,,490I43023058,N,43.0782283,-77.4848165,10/16/2012,7:40 AM,INJURY,1.,0 ,3 ,COLLISION WITH MOTOR VEHICLE,OTHER,NONE,DAYLIGHT,CLOUDY,WET
6836 ,34486064,MONROE,Chili,,33A43021127,N,43.1226842,-77.7095415,10/17/2012,4:31 PM,PROPERTY DAMAGE AND INJURY,1.,0 ,2 ,COLLISION WITH MOTOR VEHICLE,REAR END,TRAFFIC SIGNAL,DAYLIGHT,CLEAR,DRY
6836 ,34486065,MONROE,Rochester,,,Y,43.192995,-77.561265,10/19/2012,2:07 PM,PROPERTY DAMAGE AND INJURY,2.,0 ,2 ,COLLISION WITH MOTOR VEHICLE,RIGHT ANGLE,NO PASSING ZONE,DAYLIGHT,CLEAR,DRY
6836 ,34486071,MONROE,Perinton,,,N,43.102539,-77.4805601,10/22/2012,4:40 PM,INJURY,1.,0 ,2 ,COLLISION WITH MOTOR VEHICLE,REAR END,NONE,DAYLIGHT,CLEAR,DRY
6836 ,34486076,MONROE,Brighton,,,N,43.1264133,-77.5655228,10/19/2012,7:02 PM,PROPERTY DAMAGE AND INJURY,1.,0 ,2 ,COLLISION WITH MOTOR VEHICLE,LEFT TURN (AGAINST OTHER CAR),TRAFFIC SIGNAL,DARK-ROAD LIGHTED,CLEAR,DRY
6836 ,34486078,MONROE,Brighton,,15A43041128,N,43.1066171,-77.6157792,10/19/2012,11:17 AM,PROPERTY DAMAGE AND INJURY,1.,0 ,2 ,COLLISION WITH MOTOR VEHICLE,RIGHT ANGLE,TRAFFIC SIGNAL,DAYLIGHT,CLOUDY,DRY
6836 ,34486079,MONROE,Brighton,,15A43041128,N,43.108007,-77.615937,10/20/2012,11:57 PM,PROPERTY DAMAGE AND INJURY,1.,0 ,2 ,COLLISION WITH MOTOR VEHICLE,LEFT TURN (AGAINST OTHER CAR),TRAFFIC SIGNAL,DARK-ROAD LIGHTED,RAIN,WET
6836 ,34486083,MONROE,Brighton,,,Y,43.1255862,-77.5929088,10/22/2012,12:59 PM,PROPERTY DAMAGE AND INJURY,2.,0 ,2 ,COLLISION WITH MOTOR VEHICLE,REAR END,NONE,DAYLIGHT,CLEAR,DRY
6836 ,34486086,MONROE,Brighton,,31 43033019,N,43.114844,-77.552096,10/19/2012,5:01 PM,PROPERTY DAMAGE AND INJURY,1.,0 ,2 ,COLLISION WITH MOTOR VEHICLE,REAR END,TRAFFIC SIGNAL,DAYLIGHT,CLOUDY,DRY
6836 ,34486099,MONROE,Webster,,,Y,43.2050871,-77.4746949,10/18/2012,4:23 PM,INJURY,1.,0 ,2 ,COLLISION WITH MOTOR VEHICLE,REAR END,TRAFFIC SIGNAL,DAYLIGHT,CLOUDY,DRY
6836 ,34486103,MONROE,Sweden,,31 43031054,N,43.1982831,-77.9270366,10/19/2012,3:58 PM,INJURY,1.,0 ,2 ,COLLISION WITH MOTOR VEHICLE,REAR END,NONE,DAYLIGHT,CLOUDY,DRY
6836 ,34486128,MONROE,Penfield,,,N,43.1541908,-77.475318,09/27/2012,8:27 AM,PROPERTY DAMAGE AND INJURY,1.,0 ,2 ,COLLISION WITH MOTOR VEHICLE,REAR END,TRAFFIC SIGNAL,DAYLIGHT,CLEAR,DRY
6836 ,34486133,MONROE,Chili,,,N,43.1125203,-77.7456212,09/30/2012,11:37 AM,PROPERTY DAMAGE AND INJURY,1.,0 ,2 ,COLLISION WITH MOTOR VEHICLE,REAR END,NONE,DAYLIGHT,CLOUDY,WET
6836 ,34486135,MONROE,Henrietta,,,N,43.0715845,-77.6654701,10/03/2012,12:42 PM,INJURY,1.,0 ,2 ,COLLISION WITH MOTOR VEHICLE,HEAD ON,NONE,DAYLIGHT,CLOUDY,DRY
6836 ,34486288,MONROE,Greece,,,N,43.2071443,-77.6713749,10/19/2012,10:51 PM,PROPERTY DAMAGE AND INJURY,1.,0 ,1 ,OTHER NON-COLLISION,OTHER,NONE,DARK-ROAD LIGHTED,CLEAR,DRY
6836 ,34486292,MONROE,Greece,,104 43031161,Y,43.2090418,-77.6900582,10/20/2012,5:47 PM,INJURY,1.,0 ,2 ,COLLISION WITH MOTOR VEHICLE,REAR END,TRAFFIC SIGNAL,DAYLIGHT,CLEAR,DRY
6836 ,34486293,MONROE,Greece,,,Y,43.287152,-77.731761,10/09/2012,2:00 AM,PROPERTY DAMAGE AND INJURY,1.,0 ,1 ,COLLISION WITH SIGN POST,OTHER,STOP SIGN,DARK-ROAD LIGHTED,CLEAR,DRY
6836 ,34486911,MONROE,Henrietta,,,Y,43.072495,-77.655961,10/22/2012,4:12 PM,PROPERTY DAMAGE AND INJURY,1.,0 ,3 ,COLLISION WITH MOTOR VEHICLE,OTHER,NONE,DAYLIGHT,CLEAR,DRY
6836 ,34486913,MONROE,Pittsford,,252 43011121,N,43.0871391,-77.5361294,10/23/2012,8:37 PM,PROPERTY DAMAGE AND INJURY,1.,0 ,1 ,COLLISION WITH DEER,OTHER,NONE,DARK-ROAD UNLIGHTED,RAIN,WET
6836 ,34487180,MONROE,Rochester,,,N,43.191321,-77.612856,08/07/2012,9:01 AM,PROPERTY DAMAGE AND INJURY,1.,0 ,2 ,COLLISION WITH MOTOR VEHICLE,UNKNOWN,TRAFFIC SIGNAL,DAYLIGHT,CLEAR,DRY
6836 ,34487217,MONROE,Rochester,,,N,43.1336319,-77.631023,08/18/2012,6:52 AM,PROPERTY DAMAGE AND INJURY,2.,0 ,2 ,COLLISION WITH MOTOR VEHICLE,UNKNOWN,NONE,DAYLIGHT,CLEAR,DRY
6836 ,34487458,MONROE,Rochester,,,Y,43.15007,-77.599852,08/01/2012,12:20 PM,PROPERTY DAMAGE AND INJURY,1.,0 ,4 ,COLLISION WITH MOTOR VEHICLE,OTHER,TRAFFIC SIGNAL,DAYLIGHT,CLOUDY,DRY
6836 ,34487539,MONROE,Rochester,,,N,43.2036445,-77.6554051,07/08/2012,1:36 PM,PROPERTY DAMAGE AND INJURY,1.,0 ,2 ,COLLISION WITH OTHER FIXED OBJECT,RIGHT ANGLE,NONE,DAYLIGHT,CLEAR,DRY
6836 ,34487540,MONROE,Greece,,,N,43.1905346,-77.7014775,02/26/2012,12:35 PM,INJURY,1.,0 ,2 ,COLLISION WITH MOTOR VEHICLE,REAR END,NONE,DAYLIGHT,CLEAR,DRY
6836 ,34487639,MONROE,Rochester,,,Y,43.152502,-77.60751,08/30/2012,2:36 PM,INJURY,1.,0 ,2 ,COLLISION WITH MOTOR VEHICLE,UNKNOWN,TRAFFIC SIGNAL,DAYLIGHT,CLEAR,DRY
6836 ,34487771,MONROE,Rochester,,,Y,43.239272,-77.568873,06/20/2012,6:44 PM,INJURY,2.,0 ,2 ,COLLISION WITH MOTOR VEHICLE,REAR END,NONE,DAYLIGHT,CLEAR,DRY
6836 ,34487895,MONROE,Greece,,,Y,43.186929,-77.732212,10/22/2012,7:43 AM,PROPERTY DAMAGE AND INJURY,2.,0 ,3 ,COLLISION WITH MOTOR VEHICLE,OTHER,STOP SIGN,DAYLIGHT,CLEAR,DRY
6836 ,34487922,MONROE,Rochester,,,Y,43.149997,-77.637165,10/10/2012,10:08 AM,INJURY,1.,0 ,3 ,COLLISION WITH MOTOR VEHICLE,OTHER,TRAFFIC SIGNAL,DAYLIGHT,CLEAR,DRY
6836 ,34487946,MONROE,Rochester,,,N,43.1640059,-77.622533,10/05/2012,3:35 PM,INJURY,1.,0 ,2 ,COLLISION WITH MOTOR VEHICLE,HEAD ON,NONE,DAYLIGHT,CLEAR,DRY
6836 ,34488115,MONROE,Greece,,104 43031136,N,43.2156382,-77.737329,07/12/2012,5:12 PM,PROPERTY DAMAGE AND INJURY,1.,0 ,3 ,COLLISION WITH MOTOR VEHICLE,OTHER,STOP SIGN,DAYLIGHT,CLEAR,DRY
6836 ,34488300,MONROE,Rochester,,,Y,43.160067,-77.6076169,07/24/2012,3:52 PM,INJURY,1.,0 ,2 ,COLLISION WITH MOTOR VEHICLE,LEFT TURN (AGAINST OTHER CAR),TRAFFIC SIGNAL,DAYLIGHT,CLEAR,DRY
6836 ,34488330,MONROE,Rochester,,,Y,43.149875,-77.586273,09/27/2012,7:47 PM,PROPERTY DAMAGE AND INJURY,1.,0 ,3 ,COLLISION WITH MOTOR VEHICLE,OTHER,TRAFFIC SIGNAL,DARK-ROAD LIGHTED,CLEAR,DRY
6836 ,34488362,MONROE,Rochester,,,N,43.1703569,-77.6118628,10/11/2012,2:56 PM,PROPERTY DAMAGE AND INJURY,2.,0 ,4 ,COLLISION WITH MOTOR VEHICLE,OTHER,TRAFFIC SIGNAL,DAYLIGHT,CLEAR,DRY
6836 ,34489039,MONROE,Greece,,104 43031167,N,43.2068227,-77.6773254,09/28/2012,11:41 AM,PROPERTY DAMAGE AND INJURY,2.,0 ,3 ,COLLISION WITH MOTOR VEHICLE,OTHER,NONE,DAYLIGHT,RAIN,WET
6836 ,34489059,MONROE,Webster,,104 43035230,N,43.2138715,-77.5157935,10/23/2012,8:48 AM,PROPERTY DAMAGE AND INJURY,1.,0 ,2 ,COLLISION WITH MOTOR VEHICLE,REAR END,NONE,DAYLIGHT,RAIN,WET
6836 ,34489065,MONROE,Webster,,404 43035085,Y,43.20862,-77.460977,10/21/2012,3:43 PM,INJURY,1.,0 ,1 ,OVERTURNED,OTHER,TRAFFIC SIGNAL,DAYLIGHT,CLEAR,DRY
6836 ,34489066,MONROE,Pittsford,,31 43033055,N,43.0827238,-77.4969281,10/23/2012,3:04 PM,PROPERTY DAMAGE AND INJURY,1.,0 ,2 ,COLLISION WITH MOTOR VEHICLE,RIGHT ANGLE,NO PASSING ZONE,DAYLIGHT,RAIN,WET
6836 ,34489067,MONROE,Gates,,390 43011006,N,43.165738,-77.6830832,10/23/2012,8:25 AM,INJURY,1.,0 ,2 ,COLLISION WITH MOTOR VEHICLE,REAR END,NONE,DAYLIGHT,RAIN,WET
6836 ,34489068,MONROE,Sweden,,31 43031057,N,43.1982442,-77.9216323,10/15/2012,3:06 PM,PROPERTY DAMAGE AND INJURY,1.,0 ,2 ,COLLISION WITH MOTOR VEHICLE,LEFT TURN (AGAINST OTHER CAR),NONE,DAYLIGHT,CLOUDY,DRY
6836 ,34489072,MONROE,Penfield,,404 43035020,Y,43.186295,-77.505807,10/23/2012,5:32 PM,PROPERTY DAMAGE AND INJURY,2.,0 ,3 ,COLLISION WITH MOTOR VEHICLE,OTHER,NONE,DAYLIGHT,RAIN,WET
6836 ,34489073,MONROE,Rush,,,N,43.002972,-77.6573463,10/23/2012,4:11 PM,PROPERTY DAMAGE AND INJURY,2.,0 ,2 ,COLLISION WITH MOTOR VEHICLE,RIGHT ANGLE,STOP SIGN,DAYLIGHT,RAIN,WET
6836 ,34489080,MONROE,Henrietta,,252 43011067,N,43.0891642,-77.6410054,10/23/2012,2:04 PM,PROPERTY DAMAGE AND INJURY,1.,0 ,2 ,COLLISION WITH MOTOR VEHICLE,REAR END,TRAFFIC SIGNAL,DAYLIGHT,RAIN,WET
6836 ,34489082,MONROE,Irondequoit,,,Y,43.189316,-77.5764111,10/22/2012,1:24 PM,PROPERTY DAMAGE AND INJURY,1.,0 ,3 ,COLLISION WITH MOTOR VEHICLE,OTHER,TRAFFIC SIGNAL,DAYLIGHT,CLEAR,DRY
6836 ,34489084,MONROE,Irondequoit,,,N,43.1968571,-77.5924255,10/23/2012,8:15 PM,INJURY,1.,0 ,2 ,COLLISION WITH MOTOR VEHICLE,REAR END,TRAFFIC SIGNAL,DARK-ROAD LIGHTED,CLOUDY,WET
6836 ,34489093,MONROE,Gates,,,Y,43.165546,-77.71534,10/24/2012,9:48 AM,PROPERTY DAMAGE AND INJURY,2.,0 ,2 ,COLLISION WITH MOTOR VEHICLE,RIGHT ANGLE,STOP SIGN,DAYLIGHT,CLOUDY,WET
6836 ,34489227,MONROE,Rochester,,,N,43.2226707,-77.6274874,10/23/2012,3:43 PM,INJURY,1.,0 ,2 ,COLLISION WITH MOTOR VEHICLE,REAR END,TRAFFIC SIGNAL,DAYLIGHT,RAIN,WET
6836 ,34489241,MONROE,Rochester,,,N,43.2531644,-77.6122976,10/22/2012,7:20 AM,PROPERTY DAMAGE AND INJURY,1.,0 ,2 ,COLLISION WITH MOTOR VEHICLE,HEAD ON,TRAFFIC SIGNAL,DAYLIGHT,CLEAR,DRY
6836 ,34489260,MONROE,Rochester,,,N,43.1552976,-77.5942915,10/20/2012,8:50 PM,INJURY,1.,0 ,2 ,COLLISION WITH MOTOR VEHICLE,HEAD ON,NONE,DARK-ROAD LIGHTED,RAIN,WET
6836 ,34489263,MONROE,Rochester,,,Y,43.186358,-77.618337,08/10/2012,10:25 AM,INJURY,1.,0 ,1 ,COLLISION WITH BICYCLIST,OTHER,STOP SIGN,DAYLIGHT,CLOUDY,DRY
6836 ,34489278,MONROE,Rochester,,,N,43.1888966,-77.5841982,10/23/2012,4:38 PM,INJURY,1.,0 ,1 ,COLLISION WITH PEDESTRIAN,OTHER,NONE,DAYLIGHT,RAIN,WET
6836 ,34489295,MONROE,Rochester,,,Y,43.1690202,-77.6016662,10/12/2012,3:24 PM,INJURY,1.,0 ,2 ,COLLISION WITH MOTOR VEHICLE,LEFT TURN (AGAINST OTHER CAR),NONE,DAYLIGHT,CLEAR,DRY
6836 ,34489317,MONROE,Rochester,,,Y,43.124634,-77.6175109,10/22/2012,7:17 PM,PROPERTY DAMAGE AND INJURY,1.,0 ,3 ,COLLISION WITH MOTOR VEHICLE,OTHER,TRAFFIC SIGNAL,DARK-ROAD LIGHTED,CLEAR,DRY
6836 ,34489332,MONROE,Rochester,,,Y,43.124472,-77.621599,10/08/2012,12:39 PM,PROPERTY DAMAGE AND INJURY,1.,0 ,1 ,COLLISION WITH FENCE,OTHER,NONE,DAYLIGHT,CLEAR,DRY
6836 ,34489354,MONROE,Rochester,,,N,43.1244573,-77.6294885,10/23/2012,12:34 PM,INJURY,1.,0 ,1 ,COLLISION WITH BICYCLIST,OTHER,OTHER,DAYLIGHT,RAIN,WET
6836 ,34489357,MONROE,Rochester,,,Y,43.141664,-77.626044,10/23/2012,5:23 PM,PROPERTY DAMAGE AND INJURY,1.,0 ,2 ,COLLISION WITH MOTOR VEHICLE,RIGHT ANGLE,STOP SIGN,DAYLIGHT,RAIN,WET
6836 ,34489364,MONROE,Rochester,,,N,43.1312143,-77.6509157,10/17/2012,7:12 PM,PROPERTY DAMAGE AND INJURY,1.,0 ,2 ,COLLISION WITH MOTOR VEHICLE,RIGHT ANGLE,NONE,DUSK,CLEAR,DRY
6836 ,34489400,MONROE,Rochester,,,N,43.177803,-77.5989835,10/13/2012,4:12 PM,INJURY,1.,0 ,1 ,COLLISION WITH PEDESTRIAN,OTHER,NONE,DAYLIGHT,CLOUDY,DRY
6836 ,34489411,MONROE,Rochester,,,N,43.2125957,-77.6386324,10/20/2012,11:40 PM,PROPERTY DAMAGE AND INJURY,1.,0 ,3 ,COLLISION WITH MOTOR VEHICLE,OTHER,NONE,DARK-ROAD LIGHTED,RAIN,WET
6836 ,34489426,MONROE,Rochester,,,N,43.1599205,-77.5661524,10/19/2012,7:42 AM,INJURY,1.,0 ,1 ,COLLISION WITH PEDESTRIAN,OTHER,NONE,DAYLIGHT,CLOUDY,WET
6836 ,34489427,MONROE,Rochester,,15 43032006,N,43.1213247,-77.6190539,10/19/2012,10:40 AM,PROPERTY DAMAGE AND INJURY,1.,0 ,2 ,COLLISION WITH MOTOR VEHICLE,REAR END,NONE,DAYLIGHT,CLOUDY,DRY
6836 ,34489436,MONROE,Rochester,,,N,43.1537731,-77.5894027,10/18/2012,8:26 PM,PROPERTY DAMAGE AND INJURY,1.,0 ,2 ,COLLISION WITH MOTOR VEHICLE,LEFT TURN (AGAINST OTHER CAR),NONE,DARK-ROAD LIGHTED,CLEAR,DRY
6836 ,34489438,MONROE,Rochester,,,N,43.153143,-77.6027774,10/19/2012,2:28 AM,PROPERTY DAMAGE AND INJURY,1.,0 ,1 ,COLLISION WITH SIGN POST,OTHER,TRAFFIC SIGNAL,DARK-ROAD LIGHTED,CLEAR,WET
6836 ,34489448,MONROE,Rochester,,,N,43.193211,-77.6291542,10/18/2012,3:54 PM,INJURY,1.,0 ,1 ,COLLISION WITH PEDESTRIAN,OTHER,NONE,DAYLIGHT,CLEAR,DRY
6836 ,34489449,MONROE,Rochester,,,Y,43.124448,-77.6425561,10/17/2012,7:31 AM,INJURY,2.,0 ,2 ,COLLISION WITH MOTOR VEHICLE,OVERTAKING,NONE,DAYLIGHT,CLEAR,DRY
6836 ,34489451,MONROE,Rochester,,,N,43.2275994,-77.5517754,10/21/2012,3:59 PM,PROPERTY DAMAGE AND INJURY,2.,0 ,2 ,COLLISION WITH MOTOR VEHICLE,OVERTAKING,NONE,DAYLIGHT,CLEAR,DRY
6836 ,34489478,MONROE,Rochester,,,N,43.2337275,-77.6259902,10/05/2012,2:34 AM,PROPERTY DAMAGE AND INJURY,3.,0 ,2 ,COLLISION WITH MOTOR VEHICLE,OVERTAKING,NONE,DARK-ROAD LIGHTED,CLEAR,DRY
6836 ,34489480,MONROE,Rochester,,,N,43.1438664,-77.6437216,10/21/2012,2:01 PM,PROPERTY DAMAGE AND INJURY,1.,0 ,2 ,COLLISION WITH MOTOR VEHICLE,HEAD ON,NONE,DAYLIGHT,CLOUDY,DRY
6836 ,34489496,MONROE,Rochester,,,N,43.1607969,-77.5900248,10/16/2012,4:36 PM,PROPERTY DAMAGE AND INJURY,1.,0 ,2 ,COLLISION WITH MOTOR VEHICLE,LEFT TURN (AGAINST OTHER CAR),NONE,DAYLIGHT,CLEAR,DRY
6836 ,34489516,MONROE,Rochester,,,N,43.1370471,-77.6234365,09/24/2012,10:17 AM,INJURY,1.,0 ,1 ,COLLISION WITH BICYCLIST,OTHER,NONE,DAYLIGHT,CLEAR,DRY
6836 ,34489529,MONROE,Rochester,,,Y,43.17105,-77.578718,10/22/2012,8:19 PM,PROPERTY DAMAGE AND INJURY,1.,0 ,2 ,COLLISION WITH MOTOR VEHICLE,RIGHT ANGLE,TRAFFIC SIGNAL,DARK-ROAD LIGHTED,CLEAR,DRY
6836 ,34489530,MONROE,Rochester,,,Y,43.170804,-77.600806,10/09/2012,4:31 PM,INJURY,1.,0 ,1 ,COLLISION WITH BICYCLIST,OTHER,TRAFFIC SIGNAL,DAYLIGHT,CLEAR,DRY
6836 ,34489533,MONROE,Rochester,,,N,43.149233,-77.583935,10/16/2012,1:36 AM,PROPERTY DAMAGE AND INJURY,1.,0 ,2 ,COLLISION WITH MOTOR VEHICLE,HEAD ON,NONE,DARK-ROAD LIGHTED,CLOUDY,DRY
6836 ,34489812,MONROE,Rochester,,,N,43.1599844,-77.5661182,10/08/2012,4:47 PM,INJURY,1.,0 ,2 ,COLLISION WITH MOTOR VEHICLE,REAR END,NONE,DAYLIGHT,CLEAR,DRY
6836 ,34489931,MONROE,Rochester,,,N,43.1592239,-77.6113249,10/07/2012,2:18 AM,INJURY,1.,0 ,1 ,COLLISION WITH PEDESTRIAN,OTHER,STOP SIGN,DARK-ROAD LIGHTED,CLOUDY,DRY
6836 ,34489939,MONROE,Irondequoit,,,N,43.1906531,-77.5764792,10/12/2012,3:58 PM,PROPERTY DAMAGE AND INJURY,3.,0 ,3 ,COLLISION WITH MOTOR VEHICLE,OTHER,NONE,DAYLIGHT,CLEAR,DRY
6836 ,34490178,MONROE,Perinton,,,N,43.0456314,-77.3938294,05/15/2012,4:45 PM,INJURY,1.,0 ,1 ,COLLISION WITH PEDESTRIAN,OTHER,UNKNOWN,UNKNOWN,UNKNOWN,UNKNOWN
6836 ,34490276,MONROE,Rochester,,,Y,43.143828,-77.611227,08/13/2012,4:34 PM,INJURY,1.,0 ,2 ,COLLISION WITH MOTOR VEHICLE,LEFT TURN (AGAINST OTHER CAR),TRAFFIC SIGNAL,DAYLIGHT,CLEAR,DRY
6836 ,34492003,MONROE,Brighton,,490I43023014,N,43.1299508,-77.5253346,10/14/2012,2:50 PM,INJURY,1.,0 ,2 ,COLLISION WITH MOTOR VEHICLE,REAR END,NONE,DAYLIGHT,CLEAR,DRY
6836 ,34492075,MONROE,Greece,,386 43011020,N,43.2041756,-77.731971,10/02/2012,2:20 PM,PROPERTY DAMAGE AND INJURY,1.,0 ,4 ,COLLISION WITH MOTOR VEHICLE,OTHER,NONE,DAYLIGHT,CLEAR,DRY
6836 ,34492262,MONROE,Rochester,,,N,43.1625488,-77.5971381,10/06/2012,2:11 AM,INJURY,1.,0 ,1 ,COLLISION WITH PEDESTRIAN,OTHER,NONE,DARK-ROAD LIGHTED,RAIN,WET
6836 ,34492263,MONROE,Rochester,,,Y,43.148847,-77.5534281,10/05/2012,2:28 PM,PROPERTY DAMAGE AND INJURY,1.,0 ,3 ,COLLISION WITH MOTOR VEHICLE,OTHER,TRAFFIC SIGNAL,DAYLIGHT,CLOUDY,DRY
6836 ,34492271,MONROE,Rochester,,,N,43.2035466,-77.6386956,10/08/2012,9:00 PM,PROPERTY DAMAGE AND INJURY,1.,0 ,2 ,COLLISION WITH MOTOR VEHICLE,REAR END,TRAFFIC SIGNAL,DARK-ROAD LIGHTED,CLEAR,DRY
6836 ,34492660,MONROE,Rochester,,96 43052001,N,43.1434842,-77.5484176,10/23/2012,7:02 PM,PROPERTY DAMAGE AND INJURY,1.,0 ,1 ,COLLISION WITH GUIDE RAIL,OTHER,NONE,DARK-ROAD UNLIGHTED,CLOUDY,WET
6836 ,34492994,MONROE,Perinton,,31 43033070,N,43.075774,-77.469647,10/23/2012,3:30 PM,PROPERTY DAMAGE AND INJURY,1.,0 ,2 ,COLLISION WITH MOTOR VEHICLE,REAR END,NONE,DAYLIGHT,RAIN,WET
6836 ,34493008,MONROE,Henrietta,,390I43031087,N,43.0572119,-77.6426629,10/24/2012,12:04 AM,PROPERTY DAMAGE AND INJURY,1.,0 ,2 ,COLLISION WITH MOTOR VEHICLE,REAR END,NONE,DARK-ROAD UNLIGHTED,RAIN,WET
6836 ,34493372,MONROE,Greece,,,Y,43.208133,-77.6854671,10/16/2012,5:30 PM,INJURY,1.,0 ,2 ,COLLISION WITH MOTOR VEHICLE,RIGHT ANGLE,TRAFFIC SIGNAL,DAYLIGHT,CLEAR,DRY
6836 ,34493379,MONROE,Greece,,,N,43.2537467,-77.7399819,10/24/2012,3:40 PM,PROPERTY DAMAGE AND INJURY,1.,0 ,1 ,COLL. W/LIGHT SUPPORT/UTILITY POLE,OTHER,NONE,DAYLIGHT,CLOUDY,DRY
6836 ,34494024,MONROE,Penfield,,441 43011035,N,43.1302192,-77.4754207,10/24/2012,10:03 AM,INJURY,1.,0 ,2 ,COLLISION WITH MOTOR VEHICLE,REAR END,NONE,DAYLIGHT,CLOUDY,WET
6836 ,34494025,MONROE,Pittsford,,,Y,43.119442,-77.519311,10/25/2012,11:36 AM,INJURY,2.,0 ,2 ,COLLISION WITH MOTOR VEHICLE,RIGHT ANGLE,STOP SIGN,DAYLIGHT,CLEAR,DRY
6836 ,34494032,MONROE,Clarkson,,19 43041069,N,43.2296961,-77.9301235,10/26/2012,9:00 AM,PROPERTY DAMAGE AND INJURY,1.,0 ,1 ,COLLISION WITH DEER,OTHER,NONE,DAYLIGHT,CLEAR,DRY
6836 ,34494036,MONROE,Brighton,,31 43033001,N,43.1351038,-77.5742361,10/26/2012,5:14 PM,PROPERTY DAMAGE AND INJURY,1.,0 ,2 ,COLLISION WITH MOTOR VEHICLE,LEFT TURN (AGAINST OTHER CAR),NONE,DAYLIGHT,CLOUDY,DRY
6836 ,34494042,MONROE,Rochester,,,N,43.1808835,-77.6490223,10/26/2012,6:04 PM,PROPERTY DAMAGE AND INJURY,1.,0 ,2 ,COLLISION WITH MOTOR VEHICLE,SIDESWIPE,NONE,DUSK,CLEAR,DRY
6836 ,34494824,MONROE,Henrietta,,253 43011015,N,43.034805,-77.7190362,10/23/2012,11:40 AM,INJURY,1.,0 ,2 ,COLLISION WITH MOTOR VEHICLE,RIGHT ANGLE,STOP SIGN,DAYLIGHT,RAIN,WET
6836 ,34494826,MONROE,Irondequoit,,,Y,43.176625,-77.550005,10/18/2012,9:46 AM,PROPERTY DAMAGE AND INJURY,1.,0 ,2 ,COLLISION WITH MOTOR VEHICLE,REAR END,TRAFFIC SIGNAL,DAYLIGHT,CLEAR,DRY
6836 ,34494828,MONROE,Irondequoit,,,N,43.2159699,-77.598515,10/25/2012,2:30 PM,PROPERTY DAMAGE AND INJURY,1.,0 ,2 ,COLLISION WITH MOTOR VEHICLE,REAR END,NONE,DAYLIGHT,CLEAR,DRY
6836 ,34494845,MONROE,Sweden,,31 43031052,N,43.198312,-77.9324534,10/27/2012,5:43 PM,PROPERTY DAMAGE AND INJURY,1.,0 ,2 ,COLLISION WITH MOTOR VEHICLE,RIGHT ANGLE,STOP SIGN,DUSK,RAIN,WET
6836 ,34494852,MONROE,Pittsford,,490I43023052,N,43.084972,-77.4932308,10/26/2012,7:10 PM,PROPERTY DAMAGE AND INJURY,1.,0 ,1 ,COLLISION WITH DEER,OTHER,NONE,DARK-ROAD UNLIGHTED,CLEAR,DRY
6836 ,34494858,MONROE,Rush,,251 43011158,N,43.003041,-77.6697399,09/27/2012,6:32 PM,INJURY,1.,0 ,1 ,COLLISION WITH CURBING,OTHER,NONE,DAYLIGHT,CLEAR,DRY
6836 ,34494859,MONROE,Henrietta,,,N,43.0799186,-77.6247256,10/23/2012,10:26 AM,INJURY,1.,0 ,2 ,COLLISION WITH MOTOR VEHICLE,LEFT TURN (WITH OTHER CAR),NONE,DAYLIGHT,RAIN,WET
6836 ,34494860,MONROE,Ogden,,,N,43.1749361,-77.7703282,10/27/2012,4:13 AM,PROPERTY DAMAGE AND INJURY,1.,0 ,1 ,COLL. W/EARTH ELE./ROCK CUT/DITCH,OTHER,NONE,DARK-ROAD UNLIGHTED,RAIN,WET
6836 ,34494861,MONROE,Henrietta,,,Y,43.092837,-77.6535161,10/24/2012,12:30 PM,PROPERTY DAMAGE AND INJURY,3.,0 ,2 ,COLLISION WITH MOTOR VEHICLE,LEFT TURN (WITH OTHER CAR),TRAFFIC SIGNAL,DAYLIGHT,CLOUDY,WET
6836 ,34494862,MONROE,Penfield,,104 43035061,N,43.1961393,-77.5005919,10/25/2012,5:47 PM,PROPERTY DAMAGE AND INJURY,1.,0 ,2 ,COLLISION WITH MOTOR VEHICLE,REAR END,NONE,DAYLIGHT,CLEAR,DRY
6836 ,34494874,MONROE,Henrietta,,,N,43.0807571,-77.6331994,10/26/2012,4:58 PM,PROPERTY DAMAGE AND INJURY,2.,0 ,2 ,COLLISION WITH MOTOR VEHICLE,HEAD ON,NONE,DAYLIGHT,CLEAR,DRY
6836 ,34495385,MONROE,Webster,,250 43011115,N,43.1996997,-77.430336,10/25/2012,5:50 AM,PROPERTY DAMAGE AND INJURY,3.,0 ,2 ,COLLISION WITH MOTOR VEHICLE,LEFT TURN (WITH OTHER CAR),TRAFFIC SIGNAL,DARK-ROAD LIGHTED,CLEAR,DRY
6836 ,34495398,MONROE,Sweden,,,N,43.200056,-77.9431583,10/25/2012,2:30 PM,PROPERTY DAMAGE AND INJURY,1.,0 ,2 ,COLLISION WITH MOTOR VEHICLE,RIGHT ANGLE,TRAFFIC SIGNAL,DAYLIGHT,CLEAR,DRY
6836 ,34495406,MONROE,Hamlin,,,N,43.3368666,-77.9024465,10/26/2012,4:11 PM,PROPERTY DAMAGE AND INJURY,1.,0 ,2 ,COLLISION WITH MOTOR VEHICLE,LEFT TURN (AGAINST OTHER CAR),NONE,DAYLIGHT,CLEAR,DRY
6836 ,34495414,MONROE,Gates,,,N,43.139413,-77.66832,10/27/2012,2:59 PM,INJURY,1.,0 ,2 ,COLLISION WITH MOTOR VEHICLE,REAR END,TRAFFIC SIGNAL,DAYLIGHT,RAIN,WET