QUERYID,CASE #,REGN_CNTY_CDE,Municipality,MUNITYPE,REF_MRKR,ATINTERSECTION_IND,Lat,Long,,Time,Crash Type,Injuries,Fatalities,Number of Vehicles,ACCD_TYP,COLLISION_TYP,TRAF_CNTL,Light Condition,Weather Condition,Road Surface Condition
6836 ,34495587,MONROE,Rochester,,,N,43.1558464,-77.6144424,10/26/2012,5:07 PM,INJURY,1.,0 ,1 ,COLLISION WITH PEDESTRIAN,OTHER,NONE,DAYLIGHT,CLOUDY,DRY
6836 ,34495588,MONROE,Rochester,,,N,43.204209,-77.659304,10/27/2012,11:21 PM,PROPERTY DAMAGE AND INJURY,1.,0 ,1 ,COLLISION WITH BUILDING/WALL,OTHER,NONE,DARK-ROAD LIGHTED,RAIN,WET
6836 ,34495589,MONROE,Rochester,,,Y,43.193835,-77.629001,10/26/2012,8:05 PM,PROPERTY DAMAGE AND INJURY,2.,0 ,2 ,COLLISION WITH MOTOR VEHICLE,RIGHT ANGLE,TRAFFIC SIGNAL,DARK-ROAD LIGHTED,CLEAR,DRY
6836 ,34495599,MONROE,Rochester,,,Y,43.154061,-77.6150771,10/18/2012,3:48 PM,INJURY,1.,0 ,2 ,COLLISION WITH MOTOR VEHICLE,REAR END,TRAFFIC SIGNAL,DAYLIGHT,CLEAR,DRY
6836 ,34495612,MONROE,Rochester,,,Y,43.182626,-77.638847,10/25/2012,9:10 PM,PROPERTY DAMAGE AND INJURY,1.,0 ,2 ,COLLISION WITH MOTOR VEHICLE,LEFT TURN (AGAINST OTHER CAR),NONE,DARK-ROAD LIGHTED,CLEAR,DRY
6836 ,34495623,MONROE,Rochester,,,Y,43.180937,-77.631738,10/23/2012,4:40 PM,INJURY,1.,0 ,3 ,COLLISION WITH MOTOR VEHICLE,OTHER,TRAFFIC SIGNAL,DAYLIGHT,RAIN,WET
6836 ,34495626,MONROE,Rochester,,,Y,43.139726,-77.5960489,10/27/2012,3:44 AM,PROPERTY DAMAGE AND INJURY,1.,0 ,2 ,COLLISION WITH MOTOR VEHICLE,LEFT TURN (AGAINST OTHER CAR),TRAFFIC SIGNAL,DARK-ROAD LIGHTED,RAIN,WET
6836 ,34495633,MONROE,Rochester,,,Y,43.176016,-77.569406,10/24/2012,9:24 PM,PROPERTY DAMAGE AND INJURY,1.,0 ,2 ,COLLISION WITH MOTOR VEHICLE,HEAD ON,NONE,DARK-ROAD LIGHTED,CLOUDY,DRY
6836 ,34495635,MONROE,Rochester,,,Y,43.125734,-77.6169391,10/24/2012,2:12 PM,INJURY,2.,0 ,2 ,COLLISION WITH MOTOR VEHICLE,REAR END,NONE,DAYLIGHT,CLEAR,DRY
6836 ,34495636,MONROE,Rochester,,,N,43.1614583,-77.5783399,10/14/2012,12:00 PM,PROPERTY DAMAGE AND INJURY,1.,0 ,3 ,COLLISION WITH MOTOR VEHICLE,OTHER,NONE,DAYLIGHT,CLOUDY,DRY
6836 ,34495638,MONROE,Rochester,,,N,43.1215705,-77.6223927,10/27/2012,10:33 AM,INJURY,1.,0 ,1 ,COLLISION WITH PEDESTRIAN,OTHER,NONE,DAYLIGHT,RAIN,WET
6836 ,34495639,MONROE,Rochester,,,N,43.1498763,-77.5528684,10/28/2012,3:35 PM,INJURY,1.,0 ,1 ,COLLISION WITH PEDESTRIAN,OTHER,OTHER,DAYLIGHT,RAIN,WET
6836 ,34495640,MONROE,Rochester,,,N,43.191321,-77.612856,10/28/2012,3:37 PM,INJURY,1.,0 ,2 ,COLLISION WITH MOTOR VEHICLE,REAR END,TRAFFIC SIGNAL,DAYLIGHT,CLOUDY,WET
6836 ,34497555,MONROE,Irondequoit,,104 43033010,N,43.1963589,-77.5636924,10/29/2012,11:47 AM,INJURY,1.,0 ,3 ,COLLISION WITH MOTOR VEHICLE,OTHER,NONE,DAYLIGHT,RAIN,WET
6836 ,34497625,WAYNE,Ontario,,,Y,43.240829,-77.375574,10/27/2012,12:04 PM,PROPERTY DAMAGE AND INJURY,1.,0 ,2 ,COLLISION WITH MOTOR VEHICLE,RIGHT ANGLE,STOP SIGN,DAYLIGHT,CLOUDY,WET
6836 ,34497877,MONROE,Webster,,,N,43.2303223,-77.509133,10/28/2012,8:25 PM,PROPERTY DAMAGE AND INJURY,1.,0 ,2 ,COLLISION WITH MOTOR VEHICLE,LEFT TURN (AGAINST OTHER CAR),STOP SIGN,DARK-ROAD LIGHTED,CLOUDY,WET
6836 ,34497889,MONROE,Chili,,,N,43.1232807,-77.6472594,10/28/2012,9:27 PM,PROPERTY DAMAGE AND INJURY,1.,0 ,1 ,COLLISION WITH GUIDE RAIL,OTHER,NONE,DARK-ROAD LIGHTED,RAIN,WET
6836 ,34497891,MONROE,Hilton,,,Y,43.288903,-77.789335,10/27/2012,11:19 AM,INJURY,1.,0 ,2 ,COLLISION WITH MOTOR VEHICLE,RIGHT TURN (AGAINST OTHER CAR),NONE,DAYLIGHT,RAIN,WET
6836 ,34497898,MONROE,Brighton,,286 43011002,N,43.1574529,-77.5371557,10/29/2012,5:42 PM,PROPERTY DAMAGE AND INJURY,1.,0 ,2 ,COLLISION WITH MOTOR VEHICLE,LEFT TURN (AGAINST OTHER CAR),NONE,DARK-ROAD LIGHTED,RAIN,WET
6836 ,34498025,MONROE,Rochester,,,N,43.162927,-77.5645306,10/06/2012,8:25 PM,PROPERTY DAMAGE AND INJURY,2.,0 ,3 ,COLLISION WITH MOTOR VEHICLE,OTHER,STOP SIGN,DARK-ROAD LIGHTED,CLOUDY,DRY
6836 ,34498035,MONROE,Rochester,,,N,43.1812375,-77.5858608,10/28/2012,7:59 PM,PROPERTY DAMAGE AND INJURY,2.,0 ,3 ,COLLISION WITH MOTOR VEHICLE,OTHER,NONE,DARK-ROAD LIGHTED,RAIN,WET
6836 ,34498038,MONROE,Rochester,,,Y,43.1412195,-77.6132326,10/28/2012,12:31 PM,PROPERTY DAMAGE AND INJURY,2.,0 ,2 ,COLLISION WITH MOTOR VEHICLE,REAR END,TRAFFIC SIGNAL,DAYLIGHT,RAIN,WET
6836 ,34498658,MONROE,Brighton,,31 43033013,Y,43.1211771,-77.5587422,10/28/2012,2:57 AM,PROPERTY DAMAGE AND INJURY,2.,0 ,1 ,COLL. W/LIGHT SUPPORT/UTILITY POLE,OTHER,NONE,DARK-ROAD LIGHTED,RAIN,WET
6836 ,34498665,MONROE,Brighton,,,N,43.1263839,-77.5664205,10/30/2012,10:29 AM,PROPERTY DAMAGE AND INJURY,1.,0 ,2 ,COLLISION WITH MOTOR VEHICLE,RIGHT ANGLE,TRAFFIC SIGNAL,DAYLIGHT,CLOUDY,WET
6836 ,34498667,MONROE,Brighton,,,N,43.107461,-77.5759661,10/30/2012,10:33 PM,INJURY,1.,0 ,3 ,COLLISION WITH MOTOR VEHICLE,OTHER,TRAFFIC SIGNAL,DARK-ROAD LIGHTED,CLEAR,DRY
6836 ,34498669,MONROE,Gates,,,Y,43.171805,-77.7119166,09/19/2012,6:10 PM,PROPERTY DAMAGE AND INJURY,1.,0 ,2 ,COLLISION WITH MOTOR VEHICLE,LEFT TURN (AGAINST OTHER CAR),NONE,DAYLIGHT,CLEAR,DRY
6836 ,34498678,MONROE,Henrietta,,,N,43.0872619,-77.6050794,10/28/2012,3:21 PM,PROPERTY DAMAGE AND INJURY,1.,0 ,3 ,COLLISION WITH MOTOR VEHICLE,OTHER,TRAFFIC SIGNAL,DAYLIGHT,RAIN,WET
6836 ,34498680,MONROE,Rush,,15 43031038,N,42.9898815,-77.6706693,10/26/2012,4:23 PM,PROPERTY DAMAGE AND INJURY,1.,0 ,2 ,COLLISION WITH MOTOR VEHICLE,RIGHT ANGLE,NONE,DAYLIGHT,CLEAR,DRY
6836 ,34498681,MONROE,Gates,,390 43011012,N,43.1736247,-77.683148,10/29/2012,7:12 PM,PROPERTY DAMAGE AND INJURY,1.,0 ,1 ,COLLISION WITH GUIDE RAIL,OTHER,NONE,DARK-ROAD LIGHTED,RAIN,WET
6836 ,34499656,MONROE,Clarkson,,104 43031029,N,43.2379455,-77.9448265,07/17/2012,4:38 PM,PROPERTY DAMAGE AND INJURY,1.,0 ,2 ,COLLISION WITH MOTOR VEHICLE,UNKNOWN,NONE,DAYLIGHT,CLEAR,DRY
6836 ,34499672,MONROE,Hamlin,,260 43011098,N,43.3356903,-77.8558578,08/22/2012,9:09 PM,PROPERTY DAMAGE AND INJURY,1.,0 ,1 ,COLL. W/LIGHT SUPPORT/UTILITY POLE,OTHER,NONE,DARK-ROAD UNLIGHTED,CLEAR,DRY
6836 ,34499678,MONROE,Rochester,,,Y,43.147804,-77.5913809,09/07/2012,8:04 PM,PROPERTY DAMAGE AND INJURY,2.,0 ,2 ,COLLISION WITH MOTOR VEHICLE,RIGHT ANGLE,STOP SIGN,DARK-ROAD LIGHTED,RAIN,WET
6836 ,34499720,MONROE,Greece,,104 43031170,N,43.206627,-77.676202,06/12/2012,11:37 AM,INJURY,1.,0 ,3 ,COLLISION WITH MOTOR VEHICLE,OTHER,NONE,DAYLIGHT,CLOUDY,DRY
6836 ,34500617,MONROE,Henrietta,,,N,43.09284,-77.6535361,10/19/2012,5:11 PM,INJURY,1.,0 ,1 ,COLLISION WITH BICYCLIST,OTHER,TRAFFIC SIGNAL,DAYLIGHT,CLEAR,DRY
6836 ,34500710,MONROE,Rochester,,,N,43.1664488,-77.5819582,08/28/2012,11:14 PM,PROPERTY DAMAGE AND INJURY,1.,0 ,2 ,COLLISION WITH MOTOR VEHICLE,SIDESWIPE,NONE,DARK-ROAD LIGHTED,CLEAR,DRY
6836 ,34501342,MONROE,Rochester,,15 43031128,N,43.1128155,-77.6233324,05/30/2012,5:20 PM,PROPERTY DAMAGE AND INJURY,1.,0 ,2 ,COLLISION WITH MOTOR VEHICLE,UNKNOWN,TRAFFIC SIGNAL,DAYLIGHT,CLEAR,DRY
6836 ,34501354,MONROE,Rochester,,,Y,43.159973,-77.598429,06/29/2012,11:31 PM,INJURY,2.,0 ,2 ,COLLISION WITH MOTOR VEHICLE,UNKNOWN,TRAFFIC SIGNAL,DARK-ROAD LIGHTED,CLEAR,DRY
6836 ,34501557,MONROE,Penfield,,,N,43.1321282,-77.4414353,06/08/2012,5:00 PM,INJURY,1.,0 ,2 ,COLLISION WITH MOTOR VEHICLE,LEFT TURN (WITH OTHER CAR),UNKNOWN,UNKNOWN,UNKNOWN,UNKNOWN
6836 ,34502322,MONROE,Rochester,,,Y,43.176748,-77.630641,10/28/2012,12:41 AM,INJURY,1.,0 ,2 ,COLLISION WITH MOTOR VEHICLE,REAR END,TRAFFIC SIGNAL,DARK-ROAD LIGHTED,RAIN,WET
6836 ,34502329,MONROE,Rochester,,,N,43.1938247,-77.6329248,10/27/2012,12:25 PM,INJURY,1.,0 ,3 ,COLLISION WITH MOTOR VEHICLE,OTHER,NONE,DAYLIGHT,RAIN,WET
6836 ,34502334,MONROE,Rochester,,15 43032008,Y,43.1247618,-77.6174431,10/29/2012,6:49 PM,PROPERTY DAMAGE AND INJURY,1.,0 ,2 ,COLLISION WITH MOTOR VEHICLE,RIGHT ANGLE,NONE,DARK-ROAD LIGHTED,RAIN,WET
6836 ,34502345,MONROE,Rochester,,,N,43.1364429,-77.6576344,10/29/2012,11:24 PM,PROPERTY DAMAGE AND INJURY,1.,0 ,1 ,COLLISION WITH TREE,OTHER,NONE,DARK-ROAD LIGHTED,RAIN,WET
6836 ,34502395,MONROE,Greece,,,Y,43.186914,-77.701511,10/28/2012,10:39 AM,PROPERTY DAMAGE AND INJURY,1.,0 ,2 ,COLLISION WITH MOTOR VEHICLE,LEFT TURN (AGAINST OTHER CAR),TRAFFIC SIGNAL,DAYLIGHT,RAIN,WET
6836 ,34502396,MONROE,Greece,,,N,43.2524725,-77.6964522,10/28/2012,11:07 AM,PROPERTY DAMAGE AND INJURY,2.,0 ,3 ,COLLISION WITH MOTOR VEHICLE,OTHER,TRAFFIC SIGNAL,DAYLIGHT,RAIN,WET
6836 ,34502397,MONROE,Greece,,,Y,43.231093,-77.659072,10/24/2012,7:58 AM,PROPERTY DAMAGE AND INJURY,5.,0 ,6 ,COLLISION WITH MOTOR VEHICLE,OTHER,TRAFFIC SIGNAL,DAYLIGHT,CLOUDY,WET
6836 ,34502400,MONROE,Greece,,,N,43.2240432,-77.7337495,10/22/2012,7:29 AM,PROPERTY DAMAGE AND INJURY,1.,0 ,1 ,COLLISION WITH DEER,OTHER,NONE,DAYLIGHT,CLEAR,DRY
6836 ,34502407,MONROE,Greece,,,Y,43.28819,-77.7495434,10/22/2012,6:00 PM,PROPERTY DAMAGE AND INJURY,1.,0 ,1 ,OVERTURNED,OTHER,STOP SIGN,DUSK,CLEAR,DRY
6836 ,34502415,MONROE,Greece,,104 43031156,N,43.2101941,-77.698607,06/17/2012,10:42 AM,INJURY,1.,0 ,1 ,COLLISION WITH BICYCLIST,OTHER,TRAFFIC SIGNAL,DAYLIGHT,CLEAR,DRY
6836 ,34502638,MONROE,Greece,,390 43011024,N,43.1908026,-77.6828214,10/26/2012,1:26 PM,INJURY,1.,0 ,2 ,COLLISION WITH MOTOR VEHICLE,REAR END,NONE,DAYLIGHT,CLEAR,DRY
6836 ,34502655,MONROE,Brighton,,590I43011033,N,43.120287,-77.5534964,10/27/2012,7:18 AM,PROPERTY DAMAGE AND INJURY,1.,0 ,1 ,COLLISION WITH TREE,OTHER,NONE,DARK-ROAD LIGHTED,RAIN,WET
6836 ,34503724,MONROE,Rochester,,,N,43.2575119,-77.6100415,05/19/2012,6:27 PM,INJURY,2.,0 ,2 ,COLLISION WITH MOTOR VEHICLE,LEFT TURN (AGAINST OTHER CAR),STOP SIGN,DAYLIGHT,CLEAR,DRY
6836 ,34503965,MONROE,Rochester,,,N,43.2504695,-77.6146308,09/24/2012,4:09 AM,INJURY,1.,0 ,1 ,COLLISION WITH PEDESTRIAN,OTHER,NONE,DARK-ROAD UNLIGHTED,CLOUDY,OTHER
6836 ,34504017,MONROE,Webster,,,Y,43.248301,-77.449361,08/30/2012,9:15 PM,PROPERTY DAMAGE AND INJURY,1.,0 ,1 ,COLLISION WITH OTHER FIXED OBJECT,OTHER,NONE,DARK-ROAD UNLIGHTED,CLEAR,DRY
6836 ,34505993,MONROE,Webster,,104 43035223,N,43.2126537,-77.5295335,10/23/2012,7:43 AM,PROPERTY DAMAGE AND INJURY,1.,0 ,3 ,COLLISION WITH MOTOR VEHICLE,OTHER,NONE,DAYLIGHT,RAIN,WET
6836 ,34506384,MONROE,Rochester,,,Y,43.201942,-77.62791,06/08/2012,12:00 AM,INJURY,1.,0 ,2 ,COLLISION WITH MOTOR VEHICLE,UNKNOWN,TRAFFIC SIGNAL,DAYLIGHT,CLEAR,DRY
6836 ,34506422,MONROE,Rochester,,,N,43.193901,-77.6540408,10/21/2012,5:00 PM,PROPERTY DAMAGE AND INJURY,1.,0 ,2 ,COLLISION WITH MOTOR VEHICLE,REAR END,UNKNOWN,UNKNOWN,UNKNOWN,UNKNOWN
6836 ,34506504,MONROE,Irondequoit,,,Y,43.210642,-77.599488,09/07/2012,4:15 PM,INJURY,1.,0 ,2 ,COLLISION WITH MOTOR VEHICLE,LEFT TURN (AGAINST OTHER CAR),NONE,DAYLIGHT,CLEAR,DRY
6836 ,34506505,MONROE,Rochester,,,Y,43.163215,-77.621608,09/26/2012,11:15 AM,PROPERTY DAMAGE AND INJURY,1.,0 ,2 ,COLLISION WITH MOTOR VEHICLE,OVERTAKING,TRAFFIC SIGNAL,DAYLIGHT,CLEAR,DRY
6836 ,34506639,MONROE,Penfield,,441 43011057,N,43.1305911,-77.4314525,10/04/2012,5:30 PM,FATAL,3.,1 ,2 ,COLLISION WITH MOTOR VEHICLE,RIGHT ANGLE,TRAFFIC SIGNAL,DAYLIGHT,CLEAR,DRY
6836 ,34506747,MONROE,East Rochester,,,Y,43.114411,-77.4905161,10/09/2012,5:46 PM,PROPERTY DAMAGE AND INJURY,1.,0 ,3 ,COLLISION WITH MOTOR VEHICLE,OTHER,TRAFFIC SIGNAL,DAYLIGHT,CLEAR,DRY
6836 ,34507076,MONROE,Rochester,,,N,43.1256497,-77.6386663,10/24/2012,6:44 AM,PROPERTY DAMAGE AND INJURY,1.,0 ,1 ,COLL. W/LIGHT SUPPORT/UTILITY POLE,OTHER,NONE,DAWN,RAIN,WET
6836 ,34507357,MONROE,Brighton,,390I43031130,N,43.1041864,-77.6008605,11/01/2012,8:01 AM,PROPERTY DAMAGE AND INJURY,2.,0 ,2 ,COLLISION WITH MOTOR VEHICLE,REAR END,NONE,DAWN,RAIN,WET
6836 ,34507386,MONROE,Rochester,,590I43012004,N,43.1429308,-77.5487026,10/28/2012,5:45 PM,PROPERTY DAMAGE AND INJURY,1.,0 ,1 ,COLLISION WITH OTHER BARRIER,OTHER,NONE,DAYLIGHT,RAIN,WET
6836 ,34507389,MONROE,Rochester,,490I43022039,N,43.1477013,-77.6020657,10/28/2012,7:04 AM,PROPERTY DAMAGE AND INJURY,1.,0 ,1 ,COLLISION WITH OTHER BARRIER,OTHER,NONE,DARK-ROAD LIGHTED,RAIN,WET
6836 ,34507390,MONROE,Rochester,,490I43022039,N,43.148004,-77.6022952,10/27/2012,4:05 PM,PROPERTY DAMAGE AND INJURY,3.,0 ,2 ,COLLISION WITH OTHER BARRIER,RIGHT TURN (AGAINST OTHER CAR),NONE,DAYLIGHT,RAIN,WET
6836 ,34507650,MONROE,Greece,,,Y,43.2366766,-77.6468621,10/30/2012,3:58 PM,INJURY,1.,0 ,2 ,COLLISION WITH MOTOR VEHICLE,REAR END,NONE,DAYLIGHT,RAIN,WET
6836 ,34507655,MONROE,Greece,,,N,43.2289059,-77.6328942,08/21/2012,4:00 PM,INJURY,1.,0 ,2 ,COLLISION WITH OTHER PEDESTRIAN,OTHER,NONE,DAYLIGHT,CLEAR,DRY
6836 ,34507656,MONROE,Greece,,18 43031166,Y,43.2534179,-77.7240415,09/11/2012,3:01 PM,PROPERTY DAMAGE AND INJURY,1.,0 ,2 ,COLLISION WITH MOTOR VEHICLE,REAR END,NONE,DAYLIGHT,CLEAR,DRY
6836 ,34508157,MONROE,Greece,,,N,43.2144632,-77.695875,11/02/2012,6:28 PM,PROPERTY DAMAGE AND INJURY,2.,0 ,1 ,COLLISION WITH DEER,OTHER,NONE,DARK-ROAD LIGHTED,RAIN,WET
6836 ,34508490,MONROE,Rochester,,940T43011023,N,43.1509853,-77.6066995,11/03/2012,2:20 AM,INJURY,1.,0 ,1 ,COLLISION WITH GUIDERAIL - END,OTHER,NONE,DARK-ROAD LIGHTED,CLOUDY,WET
6836 ,34508711,MONROE,Rochester,,,Y,43.201942,-77.62791,10/30/2012,4:08 PM,PROPERTY DAMAGE AND INJURY,2.,0 ,2 ,COLLISION WITH MOTOR VEHICLE,LEFT TURN (WITH OTHER CAR),TRAFFIC SIGNAL,DAYLIGHT,RAIN,WET
6836 ,34508713,MONROE,Rochester,,,Y,43.194691,-77.628791,10/26/2012,3:40 PM,PROPERTY DAMAGE AND INJURY,2.,0 ,3 ,COLLISION WITH MOTOR VEHICLE,OTHER,TRAFFIC SIGNAL,DAYLIGHT,CLEAR,DRY
6836 ,34508721,MONROE,Rochester,,,Y,43.154881,-77.616146,10/29/2012,2:44 PM,INJURY,1.,0 ,1 ,COLLISION WITH BICYCLIST,OTHER,NONE,DAYLIGHT,RAIN,WET
6836 ,34508722,MONROE,Rochester,,,N,43.1499303,-77.6278953,10/30/2012,6:12 PM,INJURY,1.,0 ,1 ,COLLISION WITH PEDESTRIAN,OTHER,NONE,DUSK,CLOUDY,DRY
6836 ,34508723,MONROE,Rochester,,,Y,43.147381,-77.644879,10/30/2012,5:37 PM,PROPERTY DAMAGE AND INJURY,2.,0 ,2 ,COLLISION WITH MOTOR VEHICLE,LEFT TURN (AGAINST OTHER CAR),STOP SIGN,DAYLIGHT,CLEAR,WET
6836 ,34508728,MONROE,Rochester,,,N,43.1646345,-77.6248667,10/28/2012,6:00 PM,PROPERTY DAMAGE AND INJURY,1.,0 ,2 ,COLLISION WITH MOTOR VEHICLE,OVERTAKING,TRAFFIC SIGNAL,DUSK,RAIN,WET
6836 ,34508733,MONROE,Rochester,,,Y,43.19384,-77.638874,10/29/2012,7:35 AM,INJURY,1.,0 ,2 ,COLLISION WITH MOTOR VEHICLE,REAR END,TRAFFIC SIGNAL,DAWN,CLOUDY,WET
6836 ,34508739,MONROE,Rochester,,,N,43.1792114,-77.6586484,10/23/2012,6:27 AM,PROPERTY DAMAGE AND INJURY,1.,0 ,2 ,COLLISION WITH MOTOR VEHICLE,REAR END,TRAFFIC SIGNAL,DARK-ROAD LIGHTED,RAIN,WET
6836 ,34508742,MONROE,Rochester,,,N,43.1646468,-77.6546973,10/26/2012,1:45 PM,INJURY,1.,0 ,1 ,COLLISION WITH BUILDING/WALL,OTHER,NONE,DAYLIGHT,CLEAR,DRY
6836 ,34508743,MONROE,Rochester,,,Y,43.179203,-77.6696999,10/26/2012,7:34 AM,PROPERTY DAMAGE AND INJURY,2.,0 ,2 ,COLLISION WITH MOTOR VEHICLE,LEFT TURN (AGAINST OTHER CAR),TRAFFIC SIGNAL,DAWN,CLEAR,DRY
6836 ,34508744,MONROE,Rochester,,,Y,43.180935,-77.637587,10/29/2012,9:37 AM,PROPERTY DAMAGE AND INJURY,1.,0 ,1 ,COLLISION WITH PEDESTRIAN,OTHER,NONE,DAYLIGHT,RAIN,WET
6836 ,34508758,MONROE,Rochester,,940M43011005,N,43.1710927,-77.6277359,11/02/2012,5:00 PM,PROPERTY DAMAGE AND INJURY,1.,0 ,2 ,COLLISION WITH MOTOR VEHICLE,REAR END,NONE,DAYLIGHT,RAIN,WET
6836 ,34508765,MONROE,Rochester,,,Y,43.167366,-77.607229,11/02/2012,3:17 PM,PROPERTY DAMAGE AND INJURY,1.,0 ,2 ,COLLISION WITH MOTOR VEHICLE,RIGHT ANGLE,STOP SIGN,DAYLIGHT,RAIN,WET
6836 ,34508769,MONROE,Rochester,,,Y,43.170717,-77.591422,11/02/2012,11:52 AM,PROPERTY DAMAGE AND INJURY,1.,0 ,2 ,COLLISION WITH MOTOR VEHICLE,RIGHT ANGLE,STOP SIGN,DAYLIGHT,CLOUDY,DRY
6836 ,34508772,MONROE,Rochester,,,N,43.158423,-77.5855127,10/29/2012,11:12 AM,INJURY,1.,0 ,1 ,COLLISION WITH BICYCLIST,OTHER,NONE,DAYLIGHT,RAIN,WET
6836 ,34508777,MONROE,Rochester,,,Y,43.152647,-77.584977,10/30/2012,11:49 AM,INJURY,1.,0 ,2 ,COLLISION WITH MOTOR VEHICLE,REAR END,TRAFFIC SIGNAL,DAYLIGHT,RAIN,WET
6836 ,34508778,MONROE,Rochester,,,Y,43.142632,-77.6192739,11/01/2012,8:00 PM,INJURY,1.,0 ,1 ,COLLISION WITH BICYCLIST,OTHER,TRAFFIC SIGNAL,DARK-ROAD LIGHTED,RAIN,WET
6836 ,34509817,MONROE,Rochester,,,Y,43.144263,-77.628982,10/14/2012,1:50 PM,PROPERTY DAMAGE AND INJURY,2.,0 ,2 ,COLLISION WITH MOTOR VEHICLE,REAR END,NONE,DAYLIGHT,CLEAR,DRY
6836 ,34509820,MONROE,Rochester,,,N,43.1534194,-77.5880009,10/03/2012,12:12 PM,INJURY,1.,0 ,3 ,COLLISION WITH MOTOR VEHICLE,OTHER,NONE,DAYLIGHT,CLEAR,DRY
6836 ,34510502,MONROE,Rochester,,,Y,43.175601,-77.5846889,10/22/2012,10:55 AM,PROPERTY DAMAGE AND INJURY,2.,0 ,2 ,COLLISION WITH MOTOR VEHICLE,RIGHT ANGLE,TRAFFIC SIGNAL,DAYLIGHT,CLEAR,DRY
6836 ,34510691,MONROE,Greece,,,N,43.2529949,-77.6941916,11/05/2012,5:54 PM,INJURY,1.,0 ,2 ,COLLISION WITH MOTOR VEHICLE,REAR END,TRAFFIC SIGNAL,DARK-ROAD LIGHTED,CLEAR,DRY
6836 ,34510692,MONROE,Greece,,,N,43.202198,-77.6801876,10/31/2012,7:31 AM,PROPERTY DAMAGE AND INJURY,1.,0 ,4 ,COLLISION WITH MOTOR VEHICLE,OTHER,NONE,DAYLIGHT,CLOUDY,DRY
6836 ,34510693,MONROE,Greece,,,N,43.2529776,-77.6916473,11/05/2012,5:39 PM,INJURY,1.,0 ,1 ,COLLISION WITH DEER,OTHER,NONE,DARK-ROAD LIGHTED,CLEAR,DRY
6836 ,34511023,MONROE,Rochester,,,Y,43.142228,-77.648016,10/02/2012,12:30 PM,PROPERTY DAMAGE AND INJURY,1.,0 ,3 ,COLLISION WITH MOTOR VEHICLE,OTHER,STOP SIGN,DAYLIGHT,CLOUDY,DRY
6836 ,34511258,MONROE,Irondequoit,,,Y,43.177028,-77.5382749,10/24/2012,10:53 AM,PROPERTY DAMAGE AND INJURY,1.,0 ,3 ,COLLISION WITH MOTOR VEHICLE,OTHER,TRAFFIC SIGNAL,DAYLIGHT,CLOUDY,DRY
6836 ,34511312,MONROE,Rochester,,,N,43.1308845,-77.636126,10/02/2012,9:58 PM,PROPERTY DAMAGE AND INJURY,2.,0 ,2 ,COLLISION WITH MOTOR VEHICLE,LEFT TURN (WITH OTHER CAR),TRAFFIC SIGNAL,DARK-ROAD LIGHTED,CLOUDY,DRY
6836 ,34512199,MONROE,Ogden,,33 43031092,N,43.1372564,-77.7657028,11/05/2012,6:11 PM,PROPERTY DAMAGE AND INJURY,1.,0 ,3 ,COLLISION WITH MOTOR VEHICLE,OTHER,TRAFFIC SIGNAL,DARK-ROAD UNLIGHTED,CLOUDY,DRY
6836 ,34512219,MONROE,Brighton,,96 43052002,N,43.141565,-77.5462064,11/07/2012,8:21 AM,INJURY,1.,0 ,1 ,COLLISION WITH BICYCLIST,OTHER,NONE,DAYLIGHT,CLEAR,DRY
6836 ,34512247,MONROE,Rochester,,,N,43.1754442,-77.5910457,10/19/2012,6:01 AM,PROPERTY DAMAGE AND INJURY,1.,0 ,1 ,COLLISION WITH BICYCLIST,OTHER,TRAFFIC SIGNAL,DARK-ROAD LIGHTED,CLOUDY,WET
6836 ,34512250,MONROE,Rochester,,,Y,43.196397,-77.645331,11/03/2012,2:54 PM,INJURY,1.,0 ,2 ,COLLISION WITH MOTOR VEHICLE,RIGHT ANGLE,STOP SIGN,DAYLIGHT,CLEAR,DRY
6836 ,34512257,MONROE,Rochester,,,Y,43.158978,-77.598216,11/04/2012,12:18 PM,INJURY,2.,0 ,2 ,COLLISION WITH MOTOR VEHICLE,OVERTAKING,NONE,DAYLIGHT,SNOW,WET
6836 ,34512268,MONROE,Rochester,,,Y,43.164663,-77.5821905,11/02/2012,9:57 AM,PROPERTY DAMAGE AND INJURY,1.,0 ,2 ,COLLISION WITH MOTOR VEHICLE,REAR END,TRAFFIC SIGNAL,DAYLIGHT,CLOUDY,WET
6836 ,34512271,MONROE,Rochester,,,N,43.1646733,-77.5449504,11/06/2012,7:58 AM,PROPERTY DAMAGE AND INJURY,1.,0 ,3 ,COLLISION WITH MOTOR VEHICLE,OTHER,NONE,DAYLIGHT,CLOUDY,DRY
6836 ,34512277,MONROE,Rochester,,,Y,43.146709,-77.6001611,11/03/2012,1:17 PM,PROPERTY DAMAGE AND INJURY,1.,0 ,2 ,COLLISION WITH MOTOR VEHICLE,RIGHT ANGLE,TRAFFIC SIGNAL,DAYLIGHT,CLOUDY,WET
6836 ,34512280,MONROE,Rochester,,,Y,43.135184,-77.607745,10/31/2012,12:09 PM,INJURY,1.,0 ,2 ,COLLISION WITH MOTOR VEHICLE,LEFT TURN (WITH OTHER CAR),TRAFFIC SIGNAL,DAYLIGHT,CLOUDY,DRY
6836 ,34512292,MONROE,Rochester,,,Y,43.180842,-77.599182,11/04/2012,6:22 PM,PROPERTY DAMAGE AND INJURY,2.,0 ,2 ,COLLISION WITH MOTOR VEHICLE,RIGHT ANGLE,TRAFFIC SIGNAL,DARK-ROAD LIGHTED,CLOUDY,DRY