QUERYID,CASE #,REGN_CNTY_CDE,Municipality,MUNITYPE,REF_MRKR,ATINTERSECTION_IND,Lat,Long,,Time,Crash Type,Injuries,Fatalities,Number of Vehicles,ACCD_TYP,COLLISION_TYP,TRAF_CNTL,Light Condition,Weather Condition,Road Surface Condition
6836 ,34512360,MONROE,Perinton,,,N,43.1033613,-77.4836558,10/23/2012,7:00 AM,PROPERTY DAMAGE AND INJURY,1.,0 ,2 ,COLLISION WITH SIGN POST,OTHER,NONE,DARK-ROAD LIGHTED,RAIN,WET
6836 ,34512364,MONROE,Webster,,,N,43.2694091,-77.3770021,10/27/2012,12:26 AM,PROPERTY DAMAGE AND INJURY,1.,0 ,1 ,COLLISION WITH OTHER,OTHER,STOP SIGN,DARK-ROAD UNLIGHTED,CLEAR,WET
6836 ,34512366,MONROE,Penfield,,286 43011018,N,43.153668,-77.5057731,10/30/2012,2:31 PM,PROPERTY DAMAGE AND INJURY,1.,0 ,2 ,COLLISION WITH MOTOR VEHICLE,OVERTAKING,NONE,DAYLIGHT,RAIN,WET
6836 ,34512367,MONROE,Penfield,,,N,43.1320717,-77.4932064,10/30/2012,9:25 PM,PROPERTY DAMAGE AND INJURY,1.,0 ,2 ,COLLISION WITH MOTOR VEHICLE,RIGHT ANGLE,TRAFFIC SIGNAL,DARK-ROAD UNLIGHTED,CLOUDY,WET
6836 ,34512372,MONROE,Chili,,,Y,43.054233,-77.781196,10/22/2012,8:48 AM,PROPERTY DAMAGE AND INJURY,2.,0 ,2 ,COLLISION WITH MOTOR VEHICLE,RIGHT ANGLE,STOP SIGN,DAYLIGHT,CLEAR,DRY
6836 ,34512375,MONROE,Perinton,,,Y,43.108331,-77.434278,10/12/2012,7:09 AM,PROPERTY DAMAGE AND INJURY,1.,0 ,2 ,COLLISION WITH MOTOR VEHICLE,REAR END,NONE,DAWN,CLOUDY,WET
6836 ,34512394,MONROE,Brighton,,,Y,43.103463,-77.675885,10/31/2012,4:59 PM,PROPERTY DAMAGE AND INJURY,1.,0 ,2 ,COLLISION WITH MOTOR VEHICLE,LEFT TURN (WITH OTHER CAR),STOP SIGN,DAYLIGHT,CLOUDY,DRY
6836 ,34512402,MONROE,Brighton,,590 43011001,N,43.1436849,-77.5454332,10/28/2012,9:15 AM,PROPERTY DAMAGE AND INJURY,1.,0 ,1 ,COLLISION WITH GUIDE RAIL,OTHER,NONE,DAYLIGHT,RAIN,WET
6836 ,34512411,MONROE,Pittsford,,31F43011011,N,43.1082301,-77.4998251,10/31/2012,10:03 AM,PROPERTY DAMAGE AND INJURY,2.,0 ,2 ,COLLISION WITH MOTOR VEHICLE,REAR END,TRAFFIC SIGNAL,DAYLIGHT,CLOUDY,DRY
6836 ,34512419,MONROE,Penfield,,,N,43.1675538,-77.4750181,10/31/2012,8:06 AM,PROPERTY DAMAGE AND INJURY,1.,0 ,1 ,COLL. W/LIGHT SUPPORT/UTILITY POLE,OTHER,NONE,DAYLIGHT,CLOUDY,DRY
6836 ,34512426,MONROE,Henrietta,,15 43031412,Y,43.072662,-77.644567,10/30/2012,8:16 AM,PROPERTY DAMAGE AND INJURY,1.,0 ,2 ,COLLISION WITH MOTOR VEHICLE,REAR END,NONE,DAYLIGHT,RAIN,WET
6836 ,34512429,MONROE,Gates,,,N,43.1673346,-77.6967969,11/01/2012,3:59 PM,INJURY,1.,0 ,2 ,COLLISION WITH MOTOR VEHICLE,REAR END,TRAFFIC SIGNAL,DAYLIGHT,CLOUDY,DRY
6836 ,34512430,MONROE,Gates,,,N,43.130851,-77.661195,11/01/2012,8:44 PM,INJURY,1.,0 ,2 ,COLLISION WITH MOTOR VEHICLE,RIGHT ANGLE,STOP SIGN,DARK-ROAD LIGHTED,RAIN,WET
6836 ,34512440,MONROE,Ogden,,,N,43.1263318,-77.7574329,11/02/2012,9:50 AM,INJURY,1.,0 ,1 ,COLLISION WITH PEDESTRIAN,OTHER,NONE,DAYLIGHT,CLOUDY,DRY
6836 ,34512448,MONROE,Henrietta,,,Y,43.068677,-77.607728,11/04/2012,11:21 AM,INJURY,1.,0 ,2 ,COLLISION WITH MOTOR VEHICLE,LEFT TURN (AGAINST OTHER CAR),TRAFFIC SIGNAL,DAYLIGHT,SNOW,WET
6836 ,34512450,MONROE,Hamlin,,18 43031028,N,43.295527,-77.9434235,11/04/2012,2:03 PM,PROPERTY DAMAGE AND INJURY,4.,0 ,2 ,COLLISION WITH MOTOR VEHICLE,RIGHT ANGLE,STOP SIGN,DAYLIGHT,CLOUDY,DRY
6836 ,34512459,MONROE,Penfield,,,N,43.1359976,-77.4916719,11/01/2012,7:02 PM,INJURY,1.,0 ,1 ,COLLISION WITH DEER,OTHER,NONE,DARK-ROAD LIGHTED,RAIN,WET
6836 ,34512464,MONROE,Chili,,,Y,43.093916,-77.73333,10/24/2012,5:32 PM,PROPERTY DAMAGE AND INJURY,2.,0 ,2 ,COLLISION WITH MOTOR VEHICLE,LEFT TURN (AGAINST OTHER CAR),TRAFFIC SIGNAL,DAYLIGHT,CLOUDY,DRY
6836 ,34512479,MONROE,Rush,,15A43041035,Y,42.989048,-77.630663,10/31/2012,4:38 PM,INJURY,1.,0 ,2 ,COLLISION WITH MOTOR VEHICLE,REAR END,NONE,DAYLIGHT,CLOUDY,DRY
6836 ,34512482,MONROE,Henrietta,,15 43031077,N,43.0846771,-77.6381483,11/03/2012,11:30 AM,PROPERTY DAMAGE AND INJURY,1.,0 ,2 ,COLLISION WITH MOTOR VEHICLE,RIGHT ANGLE,NO PASSING ZONE,DAYLIGHT,RAIN,WET
6836 ,34512489,MONROE,Gates,,390 43011002,N,43.159186,-77.6825274,10/25/2012,8:23 AM,INJURY,1.,0 ,3 ,COLLISION WITH MOTOR VEHICLE,OTHER,NONE,DAYLIGHT,CLEAR,DRY
6836 ,34512495,MONROE,Ogden,,531 43012047,N,43.1737256,-77.764486,11/04/2012,11:21 AM,PROPERTY DAMAGE AND INJURY,1.,0 ,1 ,COLLISION WITH TREE,OTHER,NONE,DAYLIGHT,SNOW,WET
6836 ,34512500,MONROE,Sweden,,31A43021016,N,43.1983434,-77.9573102,10/26/2012,9:03 PM,PROPERTY DAMAGE AND INJURY,3.,0 ,3 ,COLLISION WITH MOTOR VEHICLE,OTHER,NONE,DARK-ROAD UNLIGHTED,CLOUDY,DRY
6836 ,34512505,MONROE,Pittsford,,31 43033027,N,43.1057932,-77.5413957,11/02/2012,3:49 PM,PROPERTY DAMAGE AND INJURY,2.,0 ,2 ,COLLISION WITH MOTOR VEHICLE,RIGHT ANGLE,NONE,DAYLIGHT,RAIN,WET
6836 ,34512514,MONROE,Honeoye Falls,,65 43031007,N,42.9510161,-77.5905128,11/02/2012,1:46 AM,PROPERTY DAMAGE AND INJURY,1.,0 ,1 ,COLL. W/LIGHT SUPPORT/UTILITY POLE,OTHER,NONE,DARK-ROAD UNLIGHTED,CLOUDY,WET
6836 ,34512519,MONROE,Perinton,,490I43023084,N,43.0458813,-77.4634393,11/01/2012,7:30 AM,PROPERTY DAMAGE AND INJURY,1.,0 ,1 ,COLLISION WITH DEER,OTHER,NONE,DAYLIGHT,RAIN,WET
6836 ,34512520,MONROE,Pittsford,,65 43031112,N,43.0888068,-77.5431742,11/01/2012,5:12 PM,INJURY,1.,0 ,2 ,COLLISION WITH MOTOR VEHICLE,REAR END,TRAFFIC SIGNAL,DUSK,CLOUDY,DRY
6836 ,34512523,MONROE,Brighton,,96 43052004,Y,43.127291,-77.528059,11/02/2012,11:59 AM,INJURY,1.,0 ,2 ,COLLISION WITH MOTOR VEHICLE,RIGHT ANGLE,TRAFFIC SIGNAL,DAYLIGHT,CLOUDY,WET
6836 ,34512532,MONROE,Sweden,,19 43041046,N,43.1983582,-77.943655,09/27/2012,3:23 PM,PROPERTY DAMAGE AND INJURY,1.,0 ,2 ,COLLISION WITH MOTOR VEHICLE,REAR END,TRAFFIC SIGNAL,DAYLIGHT,CLEAR,DRY
6836 ,34512563,MONROE,Gates,,,Y,43.147073,-77.711237,11/03/2012,11:47 AM,INJURY,1.,0 ,2 ,COLLISION WITH MOTOR VEHICLE,REAR END,TRAFFIC SIGNAL,DAYLIGHT,RAIN,WET
6836 ,34512566,MONROE,Pittsford,,96 43051050,N,43.0839894,-77.5096871,10/26/2012,10:00 AM,INJURY,1.,0 ,1 ,COLLISION WITH PEDESTRIAN,OTHER,TRAFFIC SIGNAL,DAYLIGHT,CLEAR,DRY
6836 ,34512579,MONROE,Henrietta,,,N,43.0889398,-77.6400659,11/01/2012,5:38 PM,PROPERTY DAMAGE AND INJURY,1.,0 ,3 ,COLLISION WITH MOTOR VEHICLE,OTHER,TRAFFIC SIGNAL,DUSK,CLOUDY,DRY
6836 ,34512588,MONROE,Parma,,18 43031119,Y,43.273348,-77.791073,10/27/2012,1:47 PM,PROPERTY DAMAGE AND INJURY,2.,0 ,2 ,COLLISION WITH MOTOR VEHICLE,RIGHT ANGLE,FLASHING LIGHT,DAYLIGHT,RAIN,WET
6836 ,34512595,MONROE,Sweden,,31A43021026,N,43.1983631,-77.9454033,11/03/2012,4:28 PM,PROPERTY DAMAGE AND INJURY,3.,0 ,2 ,COLLISION WITH MOTOR VEHICLE,LEFT TURN (AGAINST OTHER CAR),NONE,DAYLIGHT,CLEAR,DRY
6836 ,34512604,MONROE,Henrietta,,252 43011077,N,43.0870685,-77.6220471,11/02/2012,7:52 PM,INJURY,2.,0 ,2 ,COLLISION WITH MOTOR VEHICLE,RIGHT ANGLE,TRAFFIC SIGNAL,DARK-ROAD LIGHTED,CLOUDY,WET
6836 ,34512609,MONROE,Brighton,,,N,43.1046366,-77.6187627,11/06/2012,5:10 PM,PROPERTY DAMAGE AND INJURY,2.,0 ,2 ,COLLISION WITH MOTOR VEHICLE,LEFT TURN (WITH OTHER CAR),NONE,DARK-ROAD LIGHTED,CLEAR,DRY
6836 ,34512612,MONROE,Pittsford,,,N,43.0735633,-77.5154191,11/04/2012,5:24 PM,INJURY,1.,0 ,1 ,COLLISION WITH DEER,OTHER,NONE,DARK-ROAD UNLIGHTED,CLOUDY,DRY
6836 ,34512620,MONROE,Gates,,,N,43.1317045,-77.6874162,11/05/2012,11:18 AM,PROPERTY DAMAGE AND INJURY,1.,0 ,2 ,COLLISION WITH MOTOR VEHICLE,RIGHT ANGLE,NONE,DAYLIGHT,CLOUDY,WET
6836 ,34512625,MONROE,Penfield,,286 43011023,N,43.1536617,-77.4959584,11/03/2012,1:40 PM,PROPERTY DAMAGE AND INJURY,1.,0 ,2 ,COLLISION WITH MOTOR VEHICLE,REAR END,NONE,DAYLIGHT,RAIN,WET
6836 ,34512628,MONROE,Gates,,,N,43.1307235,-77.6744839,11/01/2012,12:12 PM,PROPERTY DAMAGE AND INJURY,2.,0 ,2 ,COLLISION WITH MOTOR VEHICLE,HEAD ON,NONE,DAYLIGHT,RAIN,WET
6836 ,34512640,MONROE,Chili,,383 43011121,Y,43.084985,-77.687357,11/05/2012,12:35 PM,PROPERTY DAMAGE AND INJURY,2.,0 ,2 ,COLLISION WITH MOTOR VEHICLE,REAR END,NONE,DAYLIGHT,CLOUDY,DRY
6836 ,34512643,MONROE,Irondequoit,,,Y,43.204584,-77.612819,11/02/2012,10:15 AM,PROPERTY DAMAGE AND INJURY,1.,0 ,1 ,COLLISION WITH SIGN POST,OTHER,STOP SIGN,DAYLIGHT,CLEAR,DRY
6836 ,34512657,MONROE,Irondequoit,,,N,43.1970655,-77.5922509,11/02/2012,12:02 PM,PROPERTY DAMAGE AND INJURY,2.,0 ,3 ,COLLISION WITH MOTOR VEHICLE,OTHER,NONE,DAYLIGHT,CLOUDY,WET
6836 ,34512950,MONROE,Parma,,259 43011088,N,43.2181325,-77.7925112,10/20/2012,7:20 PM,INJURY,1.,0 ,2 ,COLLISION WITH MOTOR VEHICLE,REAR END,TRAFFIC SIGNAL,DARK-ROAD LIGHTED,CLOUDY,WET
6836 ,34512971,MONROE,Rochester,,,Y,43.201942,-77.62791,10/29/2012,2:37 AM,INJURY,1.,0 ,1 ,COLLISION WITH PEDESTRIAN,OTHER,TRAFFIC SIGNAL,DARK-ROAD LIGHTED,RAIN,WET
6836 ,34512975,MONROE,Rochester,,,N,43.1605323,-77.6367209,10/26/2012,11:20 PM,INJURY,1.,0 ,1 ,COLLISION WITH BICYCLIST,OTHER,STOP SIGN,DARK-ROAD LIGHTED,RAIN,WET
6836 ,34512976,MONROE,Rochester,,,Y,43.204821,-77.638679,10/25/2012,2:48 PM,PROPERTY DAMAGE AND INJURY,1.,0 ,2 ,COLLISION WITH MOTOR VEHICLE,OTHER,NONE,DAYLIGHT,CLEAR,DRY
6836 ,34513074,MONROE,Greece,,,N,43.2532953,-77.6964422,10/29/2012,11:10 AM,PROPERTY DAMAGE AND INJURY,1.,0 ,2 ,COLLISION WITH MOTOR VEHICLE,UNKNOWN,NONE,DAYLIGHT,CLOUDY,WET
6836 ,34513296,MONROE,Webster,,250 43011124,Y,43.212215,-77.430317,10/26/2012,8:37 PM,INJURY,2.,0 ,2 ,COLLISION WITH MOTOR VEHICLE,REAR END,TRAFFIC SIGNAL,DARK-ROAD LIGHTED,CLOUDY,DRY
6836 ,34513327,MONROE,Rochester,,,Y,43.193414,-77.608817,09/22/2012,6:10 AM,INJURY,1.,0 ,1 ,COLLISION WITH BICYCLIST,OTHER,STOP SIGN,DARK-ROAD LIGHTED,RAIN,WET
6836 ,34514097,MONROE,Penfield,,441 43011074,Y,43.130568,-77.400468,10/31/2012,6:21 AM,PROPERTY DAMAGE AND INJURY,1.,0 ,2 ,COLLISION WITH MOTOR VEHICLE,RIGHT ANGLE,FLASHING LIGHT,DARK-ROAD LIGHTED,CLOUDY,WET
6836 ,34514101,MONROE,Pittsford,,31F43011005,N,43.1121378,-77.509282,11/06/2012,8:57 PM,PROPERTY DAMAGE AND INJURY,1.,0 ,2 ,COLLISION WITH MOTOR VEHICLE,LEFT TURN (AGAINST OTHER CAR),NONE,DARK-ROAD UNLIGHTED,CLOUDY,DRY
6836 ,34514105,MONROE,Brighton,,,N,43.1023201,-77.6006683,11/07/2012,7:55 AM,INJURY,1.,0 ,2 ,COLLISION WITH MOTOR VEHICLE,REAR END,NONE,DAYLIGHT,CLEAR,DRY
6836 ,34514123,MONROE,Brighton,,,N,43.1074011,-77.5602834,11/08/2012,3:18 PM,INJURY,1.,0 ,1 ,COLLISION WITH PEDESTRIAN,OTHER,NONE,DAYLIGHT,CLEAR,DRY
6836 ,34514124,MONROE,Brighton,,,Y,43.115446,-77.591874,11/08/2012,11:32 AM,PROPERTY DAMAGE AND INJURY,1.,0 ,2 ,COLLISION WITH MOTOR VEHICLE,REAR END,TRAFFIC SIGNAL,DAYLIGHT,CLEAR,DRY
6836 ,34514125,MONROE,Brighton,,441 43011102,N,43.1291469,-77.5249263,11/08/2012,10:13 AM,PROPERTY DAMAGE AND INJURY,1.,0 ,2 ,COLLISION WITH MOTOR VEHICLE,OVERTAKING,NONE,DAYLIGHT,CLEAR,DRY
6836 ,34514126,MONROE,Gates,,,N,43.1497863,-77.6909652,11/08/2012,7:40 AM,PROPERTY DAMAGE AND INJURY,1.,0 ,2 ,COLLISION WITH MOTOR VEHICLE,RIGHT ANGLE,NONE,DAYLIGHT,CLEAR,DRY
6836 ,34514129,MONROE,Brighton,,65 43031127,Y,43.111017,-77.547717,11/07/2012,6:18 PM,PROPERTY DAMAGE AND INJURY,1.,0 ,2 ,COLLISION WITH MOTOR VEHICLE,HEAD ON,TRAFFIC SIGNAL,DARK-ROAD LIGHTED,CLEAR,DRY
6836 ,34514141,MONROE,Greece,,,N,43.231073,-77.672338,10/21/2012,7:09 PM,INJURY,1.,0 ,2 ,COLLISION WITH MOTOR VEHICLE,RIGHT TURN (AGAINST OTHER CAR),TRAFFIC SIGNAL,DARK-ROAD LIGHTED,CLOUDY,DRY
6836 ,34514320,MONROE,Rochester,,,N,43.1809396,-77.6392264,10/27/2012,5:30 PM,INJURY,1.,0 ,1 ,COLLISION WITH PEDESTRIAN,OTHER,NONE,DAYLIGHT,RAIN,WET
6836 ,34514326,MONROE,Rochester,,,Y,43.179212,-77.659079,11/06/2012,4:40 PM,PROPERTY DAMAGE AND INJURY,2.,0 ,2 ,COLLISION WITH MOTOR VEHICLE,RIGHT ANGLE,TRAFFIC SIGNAL,DAYLIGHT,CLEAR,DRY
6836 ,34514329,MONROE,Rochester,,,Y,43.125785,-77.639392,11/04/2012,3:27 PM,INJURY,1.,0 ,2 ,COLLISION WITH MOTOR VEHICLE,LEFT TURN (WITH OTHER CAR),TRAFFIC SIGNAL,DAYLIGHT,CLOUDY,WET
6836 ,34514336,MONROE,Rochester,,,Y,43.153092,-77.61986,11/07/2012,3:40 PM,INJURY,1.,0 ,2 ,COLLISION WITH MOTOR VEHICLE,RIGHT ANGLE,FLASHING LIGHT,DAYLIGHT,CLOUDY,DRY
6836 ,34514340,MONROE,Rochester,,,Y,43.172146,-77.612434,11/06/2012,3:05 PM,PROPERTY DAMAGE AND INJURY,2.,0 ,2 ,COLLISION WITH MOTOR VEHICLE,RIGHT ANGLE,STOP SIGN,DAYLIGHT,CLOUDY,DRY
6836 ,34514353,MONROE,Rochester,,,N,43.179203,-77.6648772,10/18/2012,11:06 PM,INJURY,1.,0 ,1 ,COLLISION WITH PEDESTRIAN,OTHER,NONE,DARK-ROAD LIGHTED,RAIN,WET
6836 ,34514358,MONROE,Rochester,,,Y,43.183194,-77.5730529,11/08/2012,12:06 PM,PROPERTY DAMAGE AND INJURY,1.,0 ,2 ,COLLISION WITH MOTOR VEHICLE,RIGHT ANGLE,STOP SIGN,DAYLIGHT,CLEAR,DRY
6836 ,34514926,MONROE,Rochester,,940M43011020,Y,43.193835,-77.629001,10/28/2012,11:23 PM,INJURY,1.,0 ,2 ,COLLISION WITH MOTOR VEHICLE,REAR END,TRAFFIC SIGNAL,DARK-ROAD LIGHTED,RAIN,WET
6836 ,34515216,MONROE,Rochester,,490I43022041,N,43.1449848,-77.5999353,11/08/2012,5:35 PM,INJURY,1.,0 ,2 ,COLLISION WITH MOTOR VEHICLE,REAR END,NONE,DARK-ROAD LIGHTED,CLEAR,DRY
6836 ,34515218,MONROE,Greece,,390 43011020,N,43.1852595,-77.6838551,11/10/2012,12:04 PM,PROPERTY DAMAGE AND INJURY,2.,0 ,2 ,COLLISION WITH MOTOR VEHICLE,OVERTAKING,NONE,DAYLIGHT,CLOUDY,DRY
6836 ,34515227,MONROE,Rochester,,590I43012003,N,43.1428556,-77.5491021,11/10/2012,7:25 AM,PROPERTY DAMAGE AND INJURY,1.,0 ,1 ,COLLISION WITH OTHER BARRIER,OTHER,NONE,DAYLIGHT,CLOUDY,WET
6836 ,34515862,MONROE,Rochester,,,N,43.156321,-77.573609,10/24/2012,10:30 PM,INJURY,1.,0 ,2 ,COLLISION WITH MOTOR VEHICLE,OVERTAKING,NONE,DARK-ROAD LIGHTED,RAIN,WET
6836 ,34516725,MONROE,Greece,,,N,43.1795002,-77.7004573,11/09/2012,2:51 PM,INJURY,1.,0 ,1 ,COLLISION WITH MOTOR VEHICLE,OTHER,NONE,DAYLIGHT,CLOUDY,DRY
6836 ,34516787,MONROE,Rochester,,,N,43.1570702,-77.6067742,11/09/2012,7:20 PM,INJURY,1.,0 ,1 ,COLLISION WITH PEDESTRIAN,OTHER,NONE,DARK-ROAD LIGHTED,CLEAR,DRY
6836 ,34516827,MONROE,Rochester,,,Y,43.173949,-77.639434,10/20/2012,12:11 AM,INJURY,1.,0 ,1 ,COLL. W/LIGHT SUPPORT/UTILITY POLE,OTHER,TRAFFIC SIGNAL,DARK-ROAD LIGHTED,CLEAR,DRY
6836 ,34517533,MONROE,Brighton,,,N,43.1252122,-77.6039339,11/01/2012,4:37 PM,PROPERTY DAMAGE AND INJURY,1.,0 ,2 ,COLLISION WITH MOTOR VEHICLE,REAR END,NONE,DAYLIGHT,CLEAR,DRY
6836 ,34518197,MONROE,Rochester,,,N,43.1939863,-77.6000199,11/04/2012,6:27 PM,PROPERTY DAMAGE AND INJURY,1.,0 ,2 ,COLLISION WITH MOTOR VEHICLE,REAR END,TRAFFIC SIGNAL,DARK-ROAD LIGHTED,UNKNOWN,DRY
6836 ,34518971,MONROE,Greece,,386 43011020,Y,43.202395,-77.731983,11/11/2012,10:15 PM,PROPERTY DAMAGE AND INJURY,1.,0 ,2 ,COLLISION WITH MOTOR VEHICLE,REAR END,TRAFFIC SIGNAL,DARK-ROAD UNLIGHTED,CLEAR,DRY
6836 ,34518988,MONROE,Greece,,18 43031185,N,43.2529562,-77.6862134,11/04/2012,2:34 PM,PROPERTY DAMAGE AND INJURY,2.,0 ,2 ,COLLISION WITH MOTOR VEHICLE,REAR END,TRAFFIC SIGNAL,DAYLIGHT,CLOUDY,DRY
6836 ,34518990,MONROE,Greece,,18 43031226,Y,43.2232723,-77.641359,11/11/2012,6:05 PM,PROPERTY DAMAGE AND INJURY,1.,0 ,2 ,COLLISION WITH MOTOR VEHICLE,RIGHT ANGLE,NONE,DARK-ROAD LIGHTED,CLEAR,DRY
6836 ,34519113,MONROE,Pittsford,,31 43033029,N,43.1042793,-77.5398216,11/08/2012,5:17 PM,INJURY,1.,0 ,2 ,COLLISION WITH MOTOR VEHICLE,REAR END,NONE,DUSK,CLEAR,DRY
6836 ,34519119,MONROE,Brighton,,441 43011115,Y,43.128025,-77.521656,11/06/2012,2:42 PM,PROPERTY DAMAGE AND INJURY,1.,0 ,2 ,COLLISION WITH MOTOR VEHICLE,REAR END,TRAFFIC SIGNAL,DAYLIGHT,CLEAR,DRY
6836 ,34519122,MONROE,Penfield,,441 43011078,N,43.1306898,-77.391529,11/03/2012,12:28 PM,INJURY,1.,0 ,2 ,COLLISION WITH MOTOR VEHICLE,REAR END,NONE,DAYLIGHT,RAIN,WET
6836 ,34519124,MONROE,Penfield,,250 43011066,N,43.1302192,-77.4412929,11/09/2012,2:40 PM,PROPERTY DAMAGE AND INJURY,3.,0 ,2 ,COLLISION WITH MOTOR VEHICLE,LEFT TURN (AGAINST OTHER CAR),TRAFFIC SIGNAL,DAYLIGHT,CLOUDY,DRY
6836 ,34519128,MONROE,Penfield,,441 43011062,N,43.1283682,-77.4222126,11/09/2012,6:24 PM,PROPERTY DAMAGE AND INJURY,2.,0 ,2 ,COLLISION WITH MOTOR VEHICLE,RIGHT ANGLE,NONE,DARK-ROAD UNLIGHTED,CLOUDY,DRY
6836 ,34519139,MONROE,Gates,,390I43037014,N,43.1470921,-77.6761297,11/06/2012,6:14 PM,INJURY,1.,0 ,2 ,COLLISION WITH MOTOR VEHICLE,REAR END,NONE,DARK-ROAD LIGHTED,CLOUDY,DRY
6836 ,34519145,MONROE,Perinton,,,N,43.1096931,-77.4633244,11/07/2012,3:40 PM,PROPERTY DAMAGE AND INJURY,1.,0 ,2 ,COLLISION WITH MOTOR VEHICLE,OTHER,NONE,DAYLIGHT,CLEAR,DRY
6836 ,34519155,MONROE,Henrietta,,,N,43.0884176,-77.581945,11/08/2012,5:35 PM,PROPERTY DAMAGE AND INJURY,1.,0 ,2 ,COLLISION WITH MOTOR VEHICLE,LEFT TURN (AGAINST OTHER CAR),NONE,DARK-ROAD LIGHTED,CLEAR,DRY
6836 ,34519156,MONROE,Penfield,,,Y,43.182317,-77.474765,11/11/2012,8:32 PM,PROPERTY DAMAGE AND INJURY,2.,0 ,2 ,COLLISION WITH MOTOR VEHICLE,RIGHT ANGLE,TRAFFIC SIGNAL,DARK-ROAD LIGHTED,CLOUDY,DRY
6836 ,34519167,MONROE,Perinton,,,Y,43.036843,-77.450578,11/10/2012,10:42 AM,INJURY,1.,0 ,2 ,COLLISION WITH MOTOR VEHICLE,REAR END,TRAFFIC SIGNAL,DAYLIGHT,CLOUDY,DRY
6836 ,34519178,MONROE,Henrietta,,252 43011060,Y,43.092837,-77.6535161,11/02/2012,10:29 PM,PROPERTY DAMAGE AND INJURY,1.,0 ,2 ,COLLISION WITH MOTOR VEHICLE,LEFT TURN (AGAINST OTHER CAR),TRAFFIC SIGNAL,DARK-ROAD LIGHTED,CLOUDY,WET
6836 ,34519179,MONROE,Parma,,,N,43.2290897,-77.8220643,11/08/2012,5:44 PM,INJURY,1.,0 ,1 ,COLL. W/EARTH ELE./ROCK CUT/DITCH,OTHER,NONE,DARK-ROAD UNLIGHTED,CLEAR,DRY
6836 ,34519188,MONROE,Brighton,,15 43031123,N,43.1060908,-77.6268387,11/10/2012,12:45 PM,PROPERTY DAMAGE AND INJURY,1.,0 ,2 ,COLLISION WITH MOTOR VEHICLE,RIGHT ANGLE,STOP SIGN,DAYLIGHT,CLEAR,DRY
6836 ,34519189,MONROE,Gates,,390I43037020,N,43.1535235,-77.6806881,11/08/2012,6:09 PM,PROPERTY DAMAGE AND INJURY,1.,0 ,4 ,COLLISION WITH MOTOR VEHICLE,OTHER,NONE,DARK-ROAD LIGHTED,CLEAR,DRY
6836 ,34519195,MONROE,Gates,,,N,43.1569441,-77.6819781,11/06/2012,6:07 PM,INJURY,1.,0 ,3 ,COLLISION WITH MOTOR VEHICLE,OTHER,NONE,DUSK,CLEAR,DRY
6836 ,34519200,MONROE,Brighton,,31 43033007,N,43.1273149,-77.5655683,11/12/2012,1:10 PM,PROPERTY DAMAGE AND INJURY,3.,0 ,2 ,COLLISION WITH MOTOR VEHICLE,RIGHT ANGLE,TRAFFIC SIGNAL,DAYLIGHT,CLOUDY,DRY
6836 ,34519210,MONROE,Mendon,,,Y,42.997269,-77.524232,11/07/2012,6:23 AM,PROPERTY DAMAGE AND INJURY,1.,0 ,1 ,COLLISION WITH DEER,OTHER,STOP SIGN,DARK-ROAD UNLIGHTED,CLEAR,DRY
6836 ,34519214,MONROE,Brighton,,390I43031141,N,43.108007,-77.615937,11/07/2012,5:48 PM,PROPERTY DAMAGE AND INJURY,1.,0 ,2 ,COLLISION WITH MOTOR VEHICLE,OVERTAKING,NONE,DARK-ROAD UNLIGHTED,CLOUDY,DRY
6836 ,34519219,MONROE,Brighton,,,N,43.1136119,-77.6469287,11/09/2012,8:48 AM,PROPERTY DAMAGE AND INJURY,2.,0 ,2 ,COLLISION WITH MOTOR VEHICLE,REAR END,NONE,DAYLIGHT,CLEAR,DRY
6836 ,34519223,MONROE,Brighton,,15 43031126,Y,43.111727,-77.623926,11/09/2012,6:33 PM,PROPERTY DAMAGE AND INJURY,1.,0 ,2 ,COLLISION WITH MOTOR VEHICLE,REAR END,TRAFFIC SIGNAL,DARK-ROAD LIGHTED,CLOUDY,DRY
6836 ,34519224,MONROE,Mendon,,,Y,42.969235,-77.570948,11/12/2012,10:35 PM,PROPERTY DAMAGE AND INJURY,1.,0 ,1 ,COLL. W/LIGHT SUPPORT/UTILITY POLE,OTHER,STOP SIGN,DARK-ROAD UNLIGHTED,RAIN,WET
6836 ,34519231,MONROE,Brighton,,,Y,43.109793,-77.57473,11/12/2012,11:30 AM,INJURY,1.,0 ,2 ,COLLISION WITH MOTOR VEHICLE,REAR END,TRAFFIC SIGNAL,DAYLIGHT,CLOUDY,DRY
6836 ,34519238,MONROE,Brighton,,15A43041128,N,43.1077322,-77.6159259,11/10/2012,8:47 PM,PROPERTY DAMAGE AND INJURY,1.,0 ,2 ,COLLISION WITH MOTOR VEHICLE,LEFT TURN (AGAINST OTHER CAR),TRAFFIC SIGNAL,DARK-ROAD LIGHTED,CLOUDY,DRY
6836 ,34519240,MONROE,Pittsford,,31 43032002,N,43.1089703,-77.5449189,06/28/2012,4:13 PM,INJURY,1.,0 ,2 ,COLLISION WITH MOTOR VEHICLE,REAR END,NONE,DAYLIGHT,CLOUDY,DRY
6836 ,34519241,MONROE,Brighton,,31 43033008,N,43.1273035,-77.5655557,11/09/2012,1:05 PM,PROPERTY DAMAGE AND INJURY,1.,0 ,3 ,COLLISION WITH MOTOR VEHICLE,OTHER,TRAFFIC SIGNAL,DAYLIGHT,CLEAR,DRY
6836 ,34519251,MONROE,Brighton,,31 43033008,Y,43.126453,-77.564608,11/11/2012,4:59 PM,PROPERTY DAMAGE AND INJURY,2.,0 ,2 ,COLLISION WITH MOTOR VEHICLE,LEFT TURN (WITH OTHER CAR),TRAFFIC SIGNAL,DAWN,CLEAR,DRY