QUERYID,CASE #,REGN_CNTY_CDE,Municipality,MUNITYPE,REF_MRKR,ATINTERSECTION_IND,Lat,Long,,Time,Crash Type,Injuries,Fatalities,Number of Vehicles,ACCD_TYP,COLLISION_TYP,TRAF_CNTL,Light Condition,Weather Condition,Road Surface Condition
6836 ,34519258,MONROE,East Rochester,,,N,43.1142327,-77.4898078,11/08/2012,2:58 PM,PROPERTY DAMAGE AND INJURY,1.,0 ,2 ,COLLISION WITH MOTOR VEHICLE,LEFT TURN (WITH OTHER CAR),NONE,DAYLIGHT,CLEAR,DRY
6836 ,34519274,MONROE,Gates,,386 43011110,N,43.158446,-77.73239,11/10/2012,7:29 AM,PROPERTY DAMAGE AND INJURY,1.,0 ,2 ,COLLISION WITH MOTOR VEHICLE,RIGHT ANGLE,TRAFFIC SIGNAL,DAWN,FOG/SMOG/SMOKE,WET
6836 ,34519280,MONROE,Gates,,,Y,43.143098,-77.7360221,11/09/2012,10:35 PM,INJURY,1.,0 ,2 ,COLLISION WITH MOTOR VEHICLE,REAR END,TRAFFIC SIGNAL,DARK-ROAD LIGHTED,CLEAR,DRY
6836 ,34519281,MONROE,Gates,,,Y,43.166327,-77.753746,11/12/2012,3:55 PM,PROPERTY DAMAGE AND INJURY,1.,0 ,2 ,COLLISION WITH MOTOR VEHICLE,RIGHT ANGLE,TRAFFIC SIGNAL,DAYLIGHT,CLOUDY,DRY
6836 ,34519808,MONROE,Rochester,,490I43022009,N,43.1569883,-77.6559839,11/03/2012,10:53 PM,PROPERTY DAMAGE AND INJURY,1.,0 ,1 ,COLLISION WITH OTHER BARRIER,OTHER,NONE,DARK-ROAD LIGHTED,CLOUDY,DRY
6836 ,34520119,MONROE,Rochester,,,Y,43.130086,-77.601202,11/13/2012,3:27 PM,PROPERTY DAMAGE AND INJURY,2.,0 ,2 ,COLLISION WITH MOTOR VEHICLE,LEFT TURN (WITH OTHER CAR),TRAFFIC SIGNAL,DAYLIGHT,CLOUDY,DRY
6836 ,34520120,MONROE,Rochester,,,N,43.1748137,-77.6162668,11/07/2012,9:08 PM,PROPERTY DAMAGE AND INJURY,2.,0 ,3 ,COLLISION WITH MOTOR VEHICLE,OTHER,NONE,DARK-ROAD LIGHTED,CLOUDY,DRY
6836 ,34520211,MONROE,Perinton,,,N,43.0680532,-77.4321412,11/12/2012,6:18 PM,INJURY,1.,0 ,1 ,COLLISION WITH DEER,OTHER,NONE,DARK-ROAD UNLIGHTED,CLOUDY,DRY
6836 ,34520228,MONROE,Chili,,,Y,43.121438,-77.8015861,10/14/2012,11:29 AM,INJURY,1.,0 ,1 ,COLLISION WITH PEDESTRIAN,OTHER,NONE,DAYLIGHT,CLOUDY,WET
6836 ,34520236,MONROE,Brighton,,96 43051085,N,43.1258745,-77.5269439,11/12/2012,6:14 PM,PROPERTY DAMAGE AND INJURY,1.,0 ,3 ,COLLISION WITH MOTOR VEHICLE,OTHER,TRAFFIC SIGNAL,DARK-ROAD LIGHTED,CLOUDY,DRY
6836 ,34520238,MONROE,Gates,,,Y,43.169535,-77.701549,11/11/2012,9:18 AM,PROPERTY DAMAGE AND INJURY,1.,0 ,2 ,COLLISION WITH MOTOR VEHICLE,RIGHT TURN (WITH OTHER CAR),TRAFFIC SIGNAL,DAYLIGHT,CLOUDY,DRY
6836 ,34520656,MONROE,Irondequoit,,,N,43.196444,-77.5767859,11/02/2012,3:19 PM,INJURY,4.,0 ,2 ,COLLISION WITH MOTOR VEHICLE,LEFT TURN (AGAINST OTHER CAR),TRAFFIC SIGNAL,DAYLIGHT,RAIN,WET
6836 ,34520724,MONROE,Sweden,,,Y,43.198358,-77.9436551,11/04/2012,3:09 PM,INJURY,1.,0 ,2 ,COLLISION WITH MOTOR VEHICLE,RIGHT TURN (AGAINST OTHER CAR),NONE,DAYLIGHT,CLOUDY,DRY
6836 ,34520775,MONROE,Gates,,,N,43.147888,-77.7082322,11/02/2012,6:09 PM,PROPERTY DAMAGE AND INJURY,1.,0 ,2 ,COLLISION WITH MOTOR VEHICLE,RIGHT ANGLE,NONE,DUSK,CLOUDY,WET
6836 ,34520949,MONROE,Rochester,,,Y,43.15246,-77.6266271,11/06/2012,4:57 PM,INJURY,1.,0 ,1 ,COLLISION WITH BICYCLIST,OTHER,TRAFFIC SIGNAL,DUSK,CLEAR,DRY
6836 ,34520952,MONROE,Rochester,,,Y,43.146591,-77.636053,11/01/2012,7:34 PM,INJURY,1.,0 ,2 ,COLLISION WITH MOTOR VEHICLE,REAR END,TRAFFIC SIGNAL,DARK-ROAD LIGHTED,CLOUDY,WET
6836 ,34521069,MONROE,Greece,,,Y,43.237492,-77.646851,11/08/2012,8:00 PM,INJURY,1.,0 ,1 ,COLLISION WITH PEDESTRIAN,OTHER,NONE,DARK-ROAD LIGHTED,CLEAR,DRY
6836 ,34521444,MONROE,Henrietta,,15A43041099,Y,43.068677,-77.607728,11/08/2012,10:26 AM,PROPERTY DAMAGE AND INJURY,1.,0 ,2 ,COLLISION WITH MOTOR VEHICLE,OTHER,TRAFFIC SIGNAL,DAYLIGHT,CLEAR,DRY
6836 ,34522175,MONROE,Irondequoit,,590 43013009,N,43.1804942,-77.5428961,11/12/2012,5:30 PM,PROPERTY DAMAGE AND INJURY,1.,0 ,2 ,COLLISION WITH MOTOR VEHICLE,REAR END,NONE,DARK-ROAD LIGHTED,CLOUDY,DRY
6836 ,34522212,MONROE,Rochester,,940T43011015,N,43.1600842,-77.5960134,11/03/2012,3:53 AM,PROPERTY DAMAGE AND INJURY,1.,0 ,1 ,COLL. W/LIGHT SUPPORT/UTILITY POLE,OTHER,NONE,DARK-ROAD LIGHTED,CLOUDY,WET
6836 ,34522571,MONROE,Greece,,,N,43.223658,-77.6780731,11/12/2012,4:43 PM,PROPERTY DAMAGE AND INJURY,1.,0 ,2 ,COLLISION WITH MOTOR VEHICLE,REAR END,NONE,DUSK,CLOUDY,DRY
6836 ,34522573,MONROE,Greece,,,N,43.2278685,-77.6590678,11/13/2012,2:11 PM,PROPERTY DAMAGE AND INJURY,1.,0 ,3 ,COLLISION WITH MOTOR VEHICLE,OTHER,NONE,DAYLIGHT,CLOUDY,DRY
6836 ,34522575,MONROE,Greece,,,Y,43.2503899,-77.696481,11/13/2012,3:35 PM,PROPERTY DAMAGE AND INJURY,4.,0 ,2 ,COLLISION WITH MOTOR VEHICLE,LEFT TURN (AGAINST OTHER CAR),TRAFFIC SIGNAL,DAYLIGHT,CLOUDY,DRY
6836 ,34522645,MONROE,Ogden,,33 43031085,N,43.1332599,-77.7790765,11/14/2012,7:47 PM,PROPERTY DAMAGE AND INJURY,1.,0 ,1 ,COLLISION WITH TREE,OTHER,NONE,DARK-ROAD UNLIGHTED,CLEAR,DRY
6836 ,34522647,MONROE,Henrietta,,252 43011088,N,43.0870895,-77.6004349,11/13/2012,8:10 AM,PROPERTY DAMAGE AND INJURY,1.,0 ,3 ,COLLISION WITH MOTOR VEHICLE,OTHER,TRAFFIC SIGNAL,DAYLIGHT,CLOUDY,DRY
6836 ,34522667,MONROE,Brighton,,,N,43.126799,-77.553286,11/14/2012,12:06 PM,PROPERTY DAMAGE AND INJURY,2.,0 ,2 ,COLLISION WITH MOTOR VEHICLE,REAR END,TRAFFIC SIGNAL,DAYLIGHT,CLOUDY,DRY
6836 ,34522668,MONROE,Brighton,,31 43033011,Y,43.123795,-77.561645,11/14/2012,6:16 PM,INJURY,1.,0 ,1 ,COLLISION WITH PEDESTRIAN,OTHER,TRAFFIC SIGNAL,DARK-ROAD LIGHTED,CLOUDY,DRY
6836 ,34522669,MONROE,Irondequoit,,,N,43.2401907,-77.5989951,11/11/2012,6:44 PM,INJURY,2.,0 ,2 ,COLLISION WITH MOTOR VEHICLE,HEAD ON,NONE,DARK-ROAD LIGHTED,CLEAR,DRY
6836 ,34522671,MONROE,Brighton,,,Y,43.104127,-77.6323701,11/14/2012,1:37 PM,PROPERTY DAMAGE AND INJURY,1.,0 ,2 ,COLLISION WITH MOTOR VEHICLE,REAR END,NO PASSING ZONE,DAYLIGHT,CLEAR,DRY
6836 ,34522676,MONROE,Gates,,,N,43.1473121,-77.7103592,11/14/2012,3:34 PM,PROPERTY DAMAGE AND INJURY,3.,0 ,2 ,COLLISION WITH MOTOR VEHICLE,LEFT TURN (AGAINST OTHER CAR),NONE,DAYLIGHT,CLOUDY,DRY
6836 ,34522781,MONROE,Rochester,,,Y,43.176343,-77.598884,11/10/2012,11:35 PM,INJURY,1.,0 ,1 ,COLLISION WITH PEDESTRIAN,OTHER,NONE,DARK-ROAD LIGHTED,CLEAR,DRY
6836 ,34522782,MONROE,Rochester,,,Y,43.1272845,-77.6128185,11/08/2012,2:46 PM,INJURY,1.,0 ,1 ,COLLISION WITH PEDESTRIAN,OTHER,NONE,DAYLIGHT,CLEAR,DRY
6836 ,34523266,MONROE,Rochester,,,Y,43.196192,-77.6388371,10/18/2012,6:50 AM,PROPERTY DAMAGE AND INJURY,1.,0 ,2 ,COLLISION WITH MOTOR VEHICLE,RIGHT ANGLE,STOP SIGN,DAWN,CLEAR,DRY
6836 ,34524209,MONROE,Rochester,,,N,43.1897622,-77.5842535,11/14/2012,3:58 PM,INJURY,1.,0 ,2 ,COLLISION WITH MOTOR VEHICLE,RIGHT ANGLE,NONE,DAYLIGHT,CLOUDY,DRY
6836 ,34524309,MONROE,Ogden,,,N,43.1787175,-77.7547163,11/15/2012,2:54 PM,INJURY,1.,0 ,2 ,COLLISION WITH MOTOR VEHICLE,RIGHT ANGLE,NO PASSING ZONE,DAYLIGHT,CLEAR,DRY
6836 ,34524310,MONROE,Webster,,,Y,43.220002,-77.512931,11/13/2012,6:20 PM,INJURY,1.,0 ,2 ,COLLISION WITH MOTOR VEHICLE,RIGHT ANGLE,NONE,DARK-ROAD UNLIGHTED,CLOUDY,DRY
6836 ,34524324,MONROE,Pittsford,,31F43011009,N,43.1090806,-77.5026204,11/15/2012,5:50 PM,INJURY,2.,0 ,2 ,COLLISION WITH MOTOR VEHICLE,REAR END,NONE,DARK-ROAD LIGHTED,CLOUDY,DRY
6836 ,34524334,MONROE,Brighton,,390I43031127,N,43.1030478,-77.6001867,11/14/2012,5:23 PM,PROPERTY DAMAGE AND INJURY,2.,0 ,2 ,COLLISION WITH MOTOR VEHICLE,REAR END,NONE,DARK-ROAD LIGHTED,CLOUDY,DRY
6836 ,34524343,MONROE,Brighton,,490I43023008,N,43.1366432,-77.5342336,11/14/2012,5:39 PM,INJURY,1.,0 ,2 ,COLLISION WITH MOTOR VEHICLE,REAR END,NONE,DUSK,CLOUDY,DRY
6836 ,34524346,MONROE,Mendon,,,N,42.990692,-77.5745247,11/11/2012,7:54 PM,PROPERTY DAMAGE AND INJURY,1.,0 ,1 ,COLL. W/EARTH ELE./ROCK CUT/DITCH,OTHER,STOP SIGN,DARK-ROAD UNLIGHTED,CLEAR,DRY
6836 ,34524989,MONROE,Greece,,390 43011042,N,43.224069,-77.6748294,11/17/2012,1:04 AM,INJURY,1.,0 ,1 ,COLL. W/EARTH ELE./ROCK CUT/DITCH,OTHER,NONE,DARK-ROAD UNLIGHTED,CLEAR,DRY
6836 ,34525001,MONROE,Rochester,,,Y,43.141385,-77.6625981,11/16/2012,2:35 PM,PROPERTY DAMAGE AND INJURY,3.,0 ,2 ,COLLISION WITH MOTOR VEHICLE,RIGHT ANGLE,STOP SIGN,DAYLIGHT,CLEAR,DRY
6836 ,34525004,MONROE,Rochester,,,Y,43.131001,-77.645366,11/14/2012,10:20 AM,PROPERTY DAMAGE AND INJURY,1.,0 ,2 ,COLLISION WITH MOTOR VEHICLE,LEFT TURN (WITH OTHER CAR),STOP SIGN,DAYLIGHT,CLEAR,DRY
6836 ,34525007,MONROE,Rochester,,,Y,43.157607,-77.604332,11/16/2012,6:56 PM,INJURY,2.,0 ,2 ,COLLISION WITH MOTOR VEHICLE,OTHER,TRAFFIC SIGNAL,DARK-ROAD LIGHTED,CLEAR,DRY
6836 ,34525008,MONROE,Rochester,,,Y,43.142223,-77.6458689,11/04/2012,1:59 PM,INJURY,4.,0 ,3 ,COLLISION WITH MOTOR VEHICLE,OTHER,STOP SIGN,DAYLIGHT,SLEET/HAIL/FREEZING RAIN,WET
6836 ,34525017,MONROE,Rochester,,,Y,43.152734,-77.6254409,11/16/2012,7:05 AM,PROPERTY DAMAGE AND INJURY,2.,0 ,2 ,COLLISION WITH MOTOR VEHICLE,LEFT TURN (AGAINST OTHER CAR),NONE,DAYLIGHT,CLOUDY,DRY
6836 ,34525023,MONROE,Rochester,,,Y,43.176343,-77.598884,11/16/2012,11:44 PM,INJURY,1.,0 ,2 ,COLLISION WITH MOTOR VEHICLE,RIGHT ANGLE,NONE,DARK-ROAD LIGHTED,CLEAR,DRY
6836 ,34525596,MONROE,Greece,,390 43011053,N,43.2322724,-77.671864,11/13/2012,2:34 PM,PROPERTY DAMAGE AND INJURY,3.,0 ,1 ,OVERTURNED,OTHER,NONE,DAYLIGHT,CLOUDY,DRY
6836 ,34526028,MONROE,Greece,,104 43031144,N,43.2125828,-77.7220449,11/16/2012,2:25 PM,INJURY,1.,0 ,1 ,COLLISION WITH ANIMAL,OTHER,NONE,DAYLIGHT,CLEAR,DRY
6836 ,34526237,MONROE,Rochester,,,Y,43.175783,-77.6133181,11/16/2012,4:50 PM,INJURY,1.,0 ,1 ,COLLISION WITH PEDESTRIAN,OTHER,NONE,DAYLIGHT,CLEAR,DRY
6836 ,34526238,MONROE,Rochester,,,Y,43.1243491,-77.6236877,11/16/2012,8:52 AM,INJURY,1.,0 ,1 ,COLLISION WITH PEDESTRIAN,OTHER,NONE,DAYLIGHT,CLEAR,DRY
6836 ,34526247,MONROE,Rochester,,,Y,43.1938125,-77.6388739,11/09/2012,11:22 PM,INJURY,1.,0 ,1 ,COLLISION WITH BUILDING/WALL,OTHER,TRAFFIC SIGNAL,DARK-ROAD LIGHTED,CLEAR,DRY
6836 ,34526274,MONROE,Rochester,,,N,43.1816314,-77.6080408,11/16/2012,8:41 AM,PROPERTY DAMAGE AND INJURY,1.,0 ,2 ,COLLISION WITH MOTOR VEHICLE,OVERTAKING,NONE,DAYLIGHT,CLEAR,DRY
6836 ,34526287,MONROE,Rochester,,,N,43.1804683,-77.6079643,11/16/2012,2:31 PM,INJURY,1.,0 ,1 ,COLLISION WITH PEDESTRIAN,OTHER,NONE,DAYLIGHT,CLEAR,DRY
6836 ,34526291,MONROE,Rochester,,,Y,43.176416,-77.595191,11/16/2012,5:08 PM,PROPERTY DAMAGE AND INJURY,1.,0 ,1 ,COLLISION WITH BICYCLIST,OTHER,STOP SIGN,DUSK,CLEAR,DRY
6836 ,34526719,MONROE,Rochester,,,N,43.204209,-77.659304,09/17/2012,2:00 PM,PROPERTY DAMAGE AND INJURY,1.,0 ,2 ,COLLISION WITH MOTOR VEHICLE,REAR END,UNKNOWN,UNKNOWN,UNKNOWN,UNKNOWN
6836 ,34526982,MONROE,Rochester,,,Y,43.131086,-77.634855,08/19/2012,12:00 AM,INJURY,1.,0 ,2 ,COLLISION WITH MOTOR VEHICLE,OVERTAKING,UNKNOWN,UNKNOWN,UNKNOWN,UNKNOWN
6836 ,34528062,MONROE,Rochester,,,Y,43.17571,-77.630108,08/19/2012,12:00 AM,INJURY,1.,0 ,2 ,COLLISION WITH MOTOR VEHICLE,REAR END,UNKNOWN,UNKNOWN,UNKNOWN,UNKNOWN
6836 ,34530017,MONROE,Rochester,,,N,43.1499165,-77.5864516,10/01/2012,8:33 PM,PROPERTY DAMAGE AND INJURY,1.,0 ,2 ,COLLISION WITH MOTOR VEHICLE,OVERTAKING,NONE,DARK-ROAD LIGHTED,CLEAR,DRY
6836 ,34530099,MONROE,Rochester,,,Y,43.173921,-77.680675,10/19/2012,10:06 AM,INJURY,1.,0 ,2 ,COLLISION WITH MOTOR VEHICLE,RIGHT ANGLE,TRAFFIC SIGNAL,DAYLIGHT,CLOUDY,DRY
6836 ,34530100,MONROE,Rochester,,,Y,43.178452,-77.625083,10/18/2012,3:10 PM,INJURY,2.,0 ,2 ,COLLISION WITH MOTOR VEHICLE,RIGHT ANGLE,NONE,DAYLIGHT,CLEAR,DRY
6836 ,34530164,MONROE,Rochester,,,Y,43.157058,-77.602375,10/03/2012,9:41 AM,INJURY,1.,0 ,1 ,COLLISION WITH PEDESTRIAN,OTHER,TRAFFIC SIGNAL,DAYLIGHT,CLOUDY,DRY
6836 ,34530166,MONROE,Rochester,,,Y,43.179297,-77.641865,10/13/2012,1:43 PM,INJURY,1.,0 ,2 ,COLLISION WITH MOTOR VEHICLE,RIGHT ANGLE,STOP SIGN,DAYLIGHT,CLOUDY,DRY
6836 ,34530168,MONROE,Irondequoit,,,Y,43.227593,-77.54685,10/11/2012,9:54 PM,PROPERTY DAMAGE AND INJURY,2.,0 ,1 ,COLLISION WITH TREE,OTHER,UNKNOWN,DARK-ROAD LIGHTED,CLEAR,DRY
6836 ,34530229,MONROE,Greece,,,N,43.214424,-77.7318019,10/02/2012,8:34 AM,INJURY,1.,0 ,2 ,COLLISION WITH MOTOR VEHICLE,REAR END,TRAFFIC SIGNAL,DAYLIGHT,CLOUDY,DRY
6836 ,34530231,MONROE,Rochester,,,Y,43.170804,-77.600806,10/09/2012,9:45 PM,INJURY,1.,0 ,2 ,COLLISION WITH MOTOR VEHICLE,REAR END,TRAFFIC SIGNAL,DARK-ROAD LIGHTED,CLEAR,DRY
6836 ,34531160,MONROE,Greece,,,Y,43.1919085,-77.6801813,10/23/2012,8:54 AM,INJURY,1.,0 ,2 ,COLLISION WITH MOTOR VEHICLE,REAR END,NONE,DAYLIGHT,RAIN,WET
6836 ,34531555,MONROE,Brighton,,,N,43.0943882,-77.6233879,11/16/2012,3:07 PM,PROPERTY DAMAGE AND INJURY,1.,0 ,2 ,COLLISION WITH MOTOR VEHICLE,RIGHT ANGLE,NONE,DAYLIGHT,CLOUDY,DRY
6836 ,34532132,MONROE,Webster,,104 43035270,N,43.2153404,-77.4371963,11/15/2012,6:22 AM,PROPERTY DAMAGE AND INJURY,1.,0 ,1 ,COLLISION WITH SIGN POST,OTHER,NONE,DAWN,CLOUDY,DRY
6836 ,34532429,MONROE,Greece,,390 43011038,N,43.2105282,-77.6749467,11/11/2012,2:15 PM,INJURY,1.,0 ,1 ,RAN OFF ROAD ONLY,OTHER,TRAFFIC SIGNAL,DAYLIGHT,CLOUDY,DRY
6836 ,34532448,MONROE,Chili,,,N,43.1069047,-77.7466523,11/10/2012,7:01 PM,INJURY,3.,0 ,2 ,COLLISION WITH MOTOR VEHICLE,RIGHT ANGLE,STOP SIGN,DARK-ROAD LIGHTED,CLEAR,DRY
6836 ,34532450,MONROE,Henrietta,,15 43031022,N,43.0882922,-77.6361691,11/17/2012,3:54 PM,INJURY,1.,0 ,2 ,COLLISION WITH MOTOR VEHICLE,LEFT TURN (AGAINST OTHER CAR),NONE,DAYLIGHT,CLEAR,DRY
6836 ,34532468,MONROE,Perinton,,490I43021021,N,43.0757601,-77.4828156,11/15/2012,5:38 PM,PROPERTY DAMAGE AND INJURY,1.,0 ,1 ,OTHER NON-COLLISION,OTHER,NONE,DARK-ROAD LIGHTED,CLOUDY,DRY
6836 ,34532470,MONROE,Chili,,259 43011018,N,43.1190217,-77.805129,11/12/2012,3:30 PM,INJURY,1.,0 ,2 ,COLLISION WITH MOTOR VEHICLE,REAR END,TRAFFIC SIGNAL,DAYLIGHT,CLEAR,DRY
6836 ,34532477,MONROE,Irondequoit,,,Y,43.200982,-77.612633,11/17/2012,11:10 AM,PROPERTY DAMAGE AND INJURY,2.,0 ,2 ,COLLISION WITH MOTOR VEHICLE,RIGHT ANGLE,STOP SIGN,DAYLIGHT,CLEAR,DRY
6836 ,34532509,MONROE,Chili,,252 43011032,N,43.091911,-77.7084867,11/17/2012,9:33 AM,INJURY,1.,0 ,1 ,COLLISION WITH DEER,OTHER,NONE,DAYLIGHT,CLEAR,DRY
6836 ,34532516,MONROE,Henrietta,,252 43011105,N,43.087327,-77.5678334,11/15/2012,7:33 PM,PROPERTY DAMAGE AND INJURY,2.,0 ,2 ,COLLISION WITH MOTOR VEHICLE,REAR END,NONE,DARK-ROAD UNLIGHTED,CLEAR,DRY
6836 ,34532543,MONROE,Chili,,259 43011030,Y,43.0766,-77.796048,11/15/2012,8:00 PM,INJURY,1.,0 ,1 ,COLLISION WITH ANIMAL,OTHER,NONE,DARK-ROAD UNLIGHTED,CLEAR,DRY
6836 ,34532552,MONROE,Irondequoit,,,N,43.197817,-77.5514403,11/10/2012,10:20 AM,INJURY,1.,0 ,1 ,COLLISION WITH OTHER FIXED OBJECT,OTHER,NONE,DAYLIGHT,CLOUDY,DRY
6836 ,34532554,MONROE,Irondequoit,,,Y,43.195336,-77.576718,11/15/2012,10:08 AM,PROPERTY DAMAGE AND INJURY,1.,0 ,2 ,COLLISION WITH MOTOR VEHICLE,REAR END,NONE,DAYLIGHT,CLEAR,DRY
6836 ,34532555,MONROE,Irondequoit,,,Y,43.211671,-77.555474,11/07/2012,10:40 AM,INJURY,1.,0 ,2 ,COLLISION WITH MOTOR VEHICLE,REAR END,NONE,DAYLIGHT,CLEAR,DRY
6836 ,34532559,MONROE,Irondequoit,,,N,43.2106694,-77.5986497,11/15/2012,3:26 PM,INJURY,1.,0 ,1 ,COLLISION WITH PEDESTRIAN,OTHER,NONE,DAYLIGHT,CLEAR,DRY
6836 ,34532560,MONROE,Irondequoit,,,Y,43.196137,-77.6001439,11/18/2012,3:00 AM,PROPERTY DAMAGE AND INJURY,1.,0 ,2 ,COLLISION WITH MOTOR VEHICLE,REAR END,TRAFFIC SIGNAL,DARK-ROAD LIGHTED,CLEAR,DRY
6836 ,34532564,MONROE,Fairport,,250 43011050,N,43.1070258,-77.4418306,11/13/2012,6:38 AM,PROPERTY DAMAGE AND INJURY,1.,0 ,1 ,COLLISION WITH PEDESTRIAN,OTHER,TRAFFIC SIGNAL,DARK-ROAD LIGHTED,CLOUDY,DRY
6836 ,34532776,MONROE,Greece,,,N,43.2106637,-77.7066627,10/17/2012,5:19 PM,PROPERTY DAMAGE AND INJURY,1.,0 ,2 ,COLLISION WITH MOTOR VEHICLE,UNKNOWN,NONE,DAYLIGHT,CLOUDY,DRY
6836 ,34532783,MONROE,Rochester,,,N,43.1499692,-77.6508707,10/15/2012,2:17 PM,PROPERTY DAMAGE AND INJURY,1.,0 ,2 ,COLLISION WITH MOTOR VEHICLE,LEFT TURN (AGAINST OTHER CAR),TRAFFIC SIGNAL,DAYLIGHT,CLOUDY,DRY
6836 ,34532835,MONROE,Rochester,,,Y,43.149647,-77.564766,11/17/2012,12:34 PM,INJURY,1.,0 ,1 ,COLLISION WITH PEDESTRIAN,OTHER,NONE,DAYLIGHT,CLEAR,DRY
6836 ,34532837,MONROE,Rochester,,,N,43.1699521,-77.5731729,11/18/2012,6:30 PM,INJURY,1.,0 ,1 ,COLLISION WITH FENCE,OTHER,NONE,DARK-ROAD LIGHTED,CLEAR,DRY
6836 ,34532839,MONROE,Rochester,,,N,43.187635,-77.5841225,11/19/2012,10:50 AM,INJURY,1.,0 ,2 ,COLLISION WITH MOTOR VEHICLE,RIGHT ANGLE,NONE,DAYLIGHT,CLEAR,DRY
6836 ,34533145,MONROE,Rochester,,940T43011005,N,43.1590155,-77.6155406,11/17/2012,4:55 PM,PROPERTY DAMAGE AND INJURY,2.,0 ,3 ,COLLISION WITH MOTOR VEHICLE,OTHER,NONE,DARK-ROAD LIGHTED,CLEAR,DRY
6836 ,34533719,MONROE,Rochester,,,Y,43.180937,-77.631738,09/07/2012,4:30 PM,INJURY,2.,0 ,1 ,COLLISION WITH PEDESTRIAN,OTHER,UNKNOWN,UNKNOWN,UNKNOWN,UNKNOWN
6836 ,34534420,MONROE,Henrietta,,390I43031113,N,43.08358,-77.6089536,11/19/2012,5:43 PM,PROPERTY DAMAGE AND INJURY,1.,0 ,1 ,COLLISION WITH DEER,OTHER,NONE,DARK-ROAD UNLIGHTED,CLOUDY,DRY
6836 ,34534616,MONROE,Henrietta,,,N,43.0783747,-77.5829761,11/19/2012,8:10 AM,PROPERTY DAMAGE AND INJURY,1.,0 ,2 ,COLLISION WITH MOTOR VEHICLE,REAR END,NONE,DAWN,CLEAR,DRY
6836 ,34534621,MONROE,Henrietta,,15A43041113,N,43.0872289,-77.609236,11/20/2012,4:05 PM,PROPERTY DAMAGE AND INJURY,4.,0 ,2 ,COLLISION WITH MOTOR VEHICLE,REAR END,TRAFFIC SIGNAL,DAYLIGHT,CLEAR,DRY
6836 ,34534622,MONROE,Henrietta,,15 43031107,N,43.0849316,-77.6380095,11/02/2012,6:22 AM,PROPERTY DAMAGE AND INJURY,1.,0 ,1 ,COLLISION WITH TREE,OTHER,TRAFFIC SIGNAL,DARK-ROAD LIGHTED,RAIN,WET
6836 ,34534623,MONROE,Henrietta,,,Y,43.087046,-77.581938,11/20/2012,6:04 PM,PROPERTY DAMAGE AND INJURY,1.,0 ,2 ,COLLISION WITH MOTOR VEHICLE,LEFT TURN (AGAINST OTHER CAR),TRAFFIC SIGNAL,DAYLIGHT,CLEAR,DRY
6836 ,34534653,MONROE,Greece,,,Y,43.231093,-77.659072,11/19/2012,9:11 AM,INJURY,1.,0 ,2 ,COLLISION WITH MOTOR VEHICLE,REAR END,TRAFFIC SIGNAL,DAYLIGHT,CLEAR,DRY
6836 ,34534658,MONROE,Greece,,390 43011033,N,43.2033078,-77.6767236,11/15/2012,7:00 PM,PROPERTY DAMAGE AND INJURY,1.,0 ,1 ,COLLISION WITH TREE,OTHER,NONE,DARK-ROAD LIGHTED,CLEAR,DRY
6836 ,34534672,MONROE,Rochester,,,Y,43.225188,-77.619353,11/18/2012,6:55 PM,PROPERTY DAMAGE AND INJURY,1.,0 ,1 ,COLLISION WITH TREE,OTHER,NONE,DARK-ROAD LIGHTED,CLEAR,DRY
6836 ,34534673,MONROE,Rochester,,,Y,43.137925,-77.6509729,11/16/2012,2:52 PM,INJURY,1.,0 ,2 ,COLLISION WITH MOTOR VEHICLE,RIGHT ANGLE,STOP SIGN,DAYLIGHT,CLEAR,DRY
6836 ,34535459,MONROE,Webster,,,N,43.2245143,-77.4867452,11/20/2012,3:10 AM,PROPERTY DAMAGE AND INJURY,1.,0 ,1 ,COLL. W/EARTH ELE./ROCK CUT/DITCH,OTHER,NONE,DARK-ROAD UNLIGHTED,CLEAR,DRY
6836 ,34535471,MONROE,Irondequoit,,,N,43.2119461,-77.5983252,11/19/2012,3:33 PM,INJURY,2.,0 ,3 ,COLLISION WITH MOTOR VEHICLE,OTHER,NONE,DAYLIGHT,CLEAR,DRY
6836 ,34535472,MONROE,Sweden,,19 43041011,N,43.1486317,-77.9401104,11/21/2012,5:41 PM,INJURY,1.,0 ,2 ,COLLISION WITH MOTOR VEHICLE,REAR END,TRAFFIC SIGNAL,DARK-ROAD LIGHTED,CLEAR,DRY
6836 ,34535473,MONROE,Gates,,,Y,43.16466,-77.701555,11/16/2012,6:15 PM,INJURY,1.,0 ,2 ,COLLISION WITH MOTOR VEHICLE,REAR END,TRAFFIC SIGNAL,DARK-ROAD LIGHTED,CLEAR,DRY
6836 ,34535478,MONROE,Gates,,,N,43.1646972,-77.6799557,11/20/2012,8:14 AM,PROPERTY DAMAGE AND INJURY,1.,0 ,2 ,COLLISION WITH MOTOR VEHICLE,REAR END,NONE,DAYLIGHT,CLOUDY,DRY
6836 ,34535492,MONROE,Greece,,,N,43.2503343,-77.7512255,11/19/2012,5:45 PM,PROPERTY DAMAGE AND INJURY,1.,0 ,1 ,COLLISION WITH DEER,OTHER,NONE,DARK-ROAD LIGHTED,CLEAR,DRY
6836 ,34535496,MONROE,Greece,,,Y,43.223727,-77.665747,11/20/2012,2:20 PM,INJURY,1.,0 ,2 ,COLLISION WITH MOTOR VEHICLE,REAR END,NONE,DAYLIGHT,CLEAR,DRY
6836 ,34535501,MONROE,Greece,,,Y,43.238365,-77.659119,11/09/2012,5:40 PM,PROPERTY DAMAGE AND INJURY,1.,0 ,2 ,COLLISION WITH MOTOR VEHICLE,REAR END,TRAFFIC SIGNAL,DARK-ROAD LIGHTED,CLEAR,DRY