QUERYID,CASE #,REGN_CNTY_CDE,Municipality,MUNITYPE,REF_MRKR,ATINTERSECTION_IND,Lat,Long,,Time,Crash Type,Injuries,Fatalities,Number of Vehicles,ACCD_TYP,COLLISION_TYP,TRAF_CNTL,Light Condition,Weather Condition,Road Surface Condition
6836 ,34535505,MONROE,Greece,,,Y,43.231093,-77.659072,11/20/2012,2:46 PM,PROPERTY DAMAGE AND INJURY,4.,0 ,2 ,COLLISION WITH MOTOR VEHICLE,REAR END,TRAFFIC SIGNAL,DAYLIGHT,CLEAR,DRY
6836 ,34535510,MONROE,Rochester,,,Y,43.193781,-77.600001,11/20/2012,5:10 PM,PROPERTY DAMAGE AND INJURY,1.,0 ,1 ,COLLISION WITH SIGN POST,OTHER,NONE,DARK-ROAD LIGHTED,CLEAR,DRY
6836 ,34535515,MONROE,Rochester,,,N,43.1649651,-77.6143122,11/19/2012,3:05 PM,INJURY,1.,0 ,2 ,COLLISION WITH MOTOR VEHICLE,REAR END,TRAFFIC SIGNAL,DAYLIGHT,CLOUDY,DRY
6836 ,34535516,MONROE,Rochester,,,Y,43.173866,-77.6430369,11/20/2012,7:25 PM,INJURY,1.,0 ,1 ,COLLISION WITH PEDESTRIAN,OTHER,STOP SIGN,DARK-ROAD LIGHTED,CLEAR,DRY
6836 ,34535521,MONROE,Rochester,,,Y,43.146709,-77.6001611,11/20/2012,5:52 PM,PROPERTY DAMAGE AND INJURY,1.,0 ,2 ,COLLISION WITH MOTOR VEHICLE,LEFT TURN (AGAINST OTHER CAR),TRAFFIC SIGNAL,DARK-ROAD LIGHTED,CLEAR,DRY
6836 ,34536548,MONROE,Rochester,,490I43022010,N,43.1569866,-77.6548154,11/10/2012,4:38 PM,PROPERTY DAMAGE AND INJURY,1.,0 ,1 ,COLLISION WITH OTHER BARRIER,OTHER,NONE,DARK-ROAD LIGHTED,CLOUDY,DRY
6836 ,34536556,MONROE,Rochester,,490I43022014,N,43.1570717,-77.6467506,11/14/2012,7:53 AM,PROPERTY DAMAGE AND INJURY,1.,0 ,3 ,COLLISION WITH MOTOR VEHICLE,OTHER,NONE,DAYLIGHT,CLOUDY,DRY
6836 ,34536559,MONROE,Webster,,104 43035236,N,43.214216,-77.5040788,11/20/2012,7:28 PM,PROPERTY DAMAGE AND INJURY,1.,0 ,1 ,COLLISION WITH GUIDE RAIL,OTHER,NONE,DARK-ROAD LIGHTED,CLOUDY,DRY
6836 ,34536563,MONROE,Webster,,104 43035225,N,43.2133556,-77.5261668,11/15/2012,11:20 PM,PROPERTY DAMAGE AND INJURY,1.,0 ,2 ,COLLISION WITH MOTOR VEHICLE,OVERTAKING,NONE,DARK-ROAD LIGHTED,CLEAR,DRY
6836 ,34536744,MONROE,Spencerport,,,N,43.1908498,-77.7996241,11/22/2012,10:26 AM,PROPERTY DAMAGE AND INJURY,1.,0 ,1 ,COLLISION WITH SIGN POST,OTHER,NONE,DAYLIGHT,CLEAR,DRY
6836 ,34536745,MONROE,Ogden,,31 43031031,Y,43.18107,-77.780564,11/20/2012,8:20 AM,PROPERTY DAMAGE AND INJURY,1.,0 ,2 ,COLLISION WITH MOTOR VEHICLE,LEFT TURN (AGAINST OTHER CAR),STOP SIGN,DAYLIGHT,CLOUDY,DRY
6836 ,34536755,MONROE,Henrietta,,,Y,43.078223,-77.628707,11/21/2012,9:00 AM,PROPERTY DAMAGE AND INJURY,1.,0 ,2 ,COLLISION WITH MOTOR VEHICLE,REAR END,TRAFFIC SIGNAL,DAYLIGHT,CLEAR,DRY
6836 ,34536767,MONROE,Brockport,,,Y,43.219978,-77.967,10/17/2012,7:00 AM,PROPERTY DAMAGE AND INJURY,1.,0 ,2 ,COLLISION WITH MOTOR VEHICLE,RIGHT TURN (WITH OTHER CAR),TRAFFIC SIGNAL,DAWN,CLOUDY,DRY
6836 ,34536769,MONROE,Gates,,,N,43.158446,-77.73239,11/22/2012,12:56 PM,INJURY,1.,0 ,2 ,COLLISION WITH MOTOR VEHICLE,REAR END,TRAFFIC SIGNAL,DAYLIGHT,CLEAR,DRY
6836 ,34536780,MONROE,Greece,,,Y,43.20215,-77.698035,11/22/2012,2:43 PM,PROPERTY DAMAGE AND INJURY,2.,0 ,3 ,COLLISION WITH MOTOR VEHICLE,OTHER,TRAFFIC SIGNAL,DAYLIGHT,CLEAR,DRY
6836 ,34537380,MONROE,Chili,,,Y,43.093439,-77.785145,11/07/2012,9:23 PM,PROPERTY DAMAGE AND INJURY,1.,0 ,2 ,COLLISION WITH MOTOR VEHICLE,REAR END,NONE,DARK-ROAD LIGHTED,CLEAR,DRY
6836 ,34537384,MONROE,Henrietta,,252 43011095,N,43.087021,-77.583042,11/20/2012,5:10 PM,PROPERTY DAMAGE AND INJURY,1.,0 ,2 ,COLLISION WITH MOTOR VEHICLE,REAR END,NONE,DARK-ROAD LIGHTED,CLOUDY,DRY
6836 ,34537387,MONROE,Henrietta,,252 43011074,N,43.0871361,-77.6287603,11/23/2012,10:52 AM,PROPERTY DAMAGE AND INJURY,3.,0 ,2 ,COLLISION WITH MOTOR VEHICLE,RIGHT ANGLE,NONE,DAYLIGHT,CLOUDY,DRY
6836 ,34537391,MONROE,Parma,,104 43031113,N,43.2184159,-77.7826146,11/20/2012,5:10 PM,PROPERTY DAMAGE AND INJURY,1.,0 ,3 ,COLLISION WITH MOTOR VEHICLE,OTHER,NONE,DUSK,CLEAR,DRY
6836 ,34537394,MONROE,Gates,,,N,43.1748864,-77.7312462,11/20/2012,2:46 PM,PROPERTY DAMAGE AND INJURY,2.,0 ,2 ,COLLISION WITH MOTOR VEHICLE,OVERTAKING,NONE,DAYLIGHT,CLOUDY,DRY
6836 ,34538253,MONROE,Rochester,,104 43032019,Y,43.1941762,-77.6273349,11/21/2012,3:49 PM,INJURY,1.,0 ,2 ,COLLISION WITH MOTOR VEHICLE,REAR END,NONE,DAYLIGHT,CLEAR,DRY
6836 ,34538256,MONROE,Greece,,390 43011056,N,43.2373626,-77.6713101,11/22/2012,8:50 AM,PROPERTY DAMAGE AND INJURY,2.,0 ,1 ,COLLISION WITH TREE,OTHER,NONE,DAYLIGHT,CLEAR,DRY
6836 ,34538472,MONROE,Penfield,,,Y,43.133148,-77.492277,11/21/2012,11:35 AM,PROPERTY DAMAGE AND INJURY,1.,0 ,2 ,COLLISION WITH MOTOR VEHICLE,LEFT TURN (WITH OTHER CAR),TRAFFIC SIGNAL,DAYLIGHT,CLEAR,DRY
6836 ,34538476,MONROE,Rush,,,Y,43.006724,-77.7053011,11/23/2012,10:00 PM,PROPERTY DAMAGE AND INJURY,1.,0 ,1 ,COLLISION WITH TREE,OTHER,NONE,DARK-ROAD LIGHTED,CLOUDY,WET
6836 ,34538478,MONROE,Rush,,390 43011066,N,42.978133,-77.6835689,11/24/2012,9:00 AM,INJURY,1.,0 ,1 ,COLL. W/EARTH ELE./ROCK CUT/DITCH,OTHER,NONE,DAYLIGHT,CLEAR,SNOW/ICE
6836 ,34538482,MONROE,Brighton,,390 43011056,Y,43.1094033,-77.6084885,11/24/2012,9:26 AM,PROPERTY DAMAGE AND INJURY,1.,0 ,2 ,COLLISION WITH OTHER BARRIER,OTHER,NONE,DAYLIGHT,SNOW,SNOW/ICE
6836 ,34538498,MONROE,Greece,,,N,43.196433,-77.7014043,11/21/2012,11:44 AM,PROPERTY DAMAGE AND INJURY,4.,0 ,2 ,COLLISION WITH MOTOR VEHICLE,HEAD ON,NONE,DAYLIGHT,CLEAR,DRY
6836 ,34538505,MONROE,Rochester,,,Y,43.186572,-77.6225501,11/21/2012,11:14 AM,PROPERTY DAMAGE AND INJURY,1.,0 ,2 ,COLLISION WITH MOTOR VEHICLE,LEFT TURN (AGAINST OTHER CAR),TRAFFIC SIGNAL,DAYLIGHT,CLEAR,DRY
6836 ,34538512,MONROE,Rochester,,,N,43.1193704,-77.6200701,11/21/2012,1:01 PM,PROPERTY DAMAGE AND INJURY,2.,0 ,2 ,COLLISION WITH MOTOR VEHICLE,REAR END,NONE,DAYLIGHT,CLEAR,DRY
6836 ,34538514,MONROE,Rochester,,,Y,43.138064,-77.6004119,11/15/2012,4:56 PM,INJURY,1.,0 ,2 ,COLLISION WITH MOTOR VEHICLE,RIGHT ANGLE,STOP SIGN,DAYLIGHT,CLEAR,DRY
6836 ,34538528,MONROE,Rochester,,,N,43.180663,-77.6161963,11/20/2012,11:52 AM,INJURY,2.,0 ,2 ,COLLISION WITH MOTOR VEHICLE,REAR END,NONE,DAYLIGHT,CLEAR,DRY
6836 ,34538529,MONROE,Rochester,,,N,43.164635,-77.6298996,11/23/2012,9:39 PM,INJURY,1.,0 ,2 ,COLLISION WITH MOTOR VEHICLE,OVERTAKING,NONE,DARK-ROAD LIGHTED,CLOUDY,DRY
6836 ,34540377,MONROE,Irondequoit,,,N,43.196244,-77.57677,07/29/2012,1:25 PM,PROPERTY DAMAGE AND INJURY,1.,0 ,2 ,COLLISION WITH MOTOR VEHICLE,REAR END,UNKNOWN,UNKNOWN,UNKNOWN,UNKNOWN
6836 ,34540411,MONROE,Greece,,,Y,43.210795,-77.708592,01/16/2012,4:48 PM,INJURY,1.,0 ,2 ,COLLISION WITH MOTOR VEHICLE,REAR END,UNKNOWN,UNKNOWN,UNKNOWN,UNKNOWN
6836 ,34542234,MONROE,Greece,,,N,43.2146006,-77.7325121,11/19/2012,3:04 PM,PROPERTY DAMAGE AND INJURY,1.,0 ,3 ,COLLISION WITH MOTOR VEHICLE,OTHER,NONE,DAYLIGHT,CLEAR,DRY
6836 ,34542238,MONROE,Greece,,,Y,43.215678,-77.6591709,11/24/2012,3:37 PM,INJURY,2.,0 ,2 ,COLLISION WITH MOTOR VEHICLE,REAR END,TRAFFIC SIGNAL,DAYLIGHT,CLEAR,DRY
6836 ,34542246,MONROE,Greece,,,Y,43.2529033,-77.6591393,11/18/2012,3:11 PM,PROPERTY DAMAGE AND INJURY,1.,0 ,2 ,COLLISION WITH MOTOR VEHICLE,REAR END,TRAFFIC SIGNAL,DAYLIGHT,CLEAR,DRY
6836 ,34543571,MONROE,Rochester,,,Y,43.135954,-77.650957,11/18/2012,1:45 AM,INJURY,1.,0 ,1 ,COLLISION WITH BICYCLIST,OTHER,NONE,DARK-ROAD LIGHTED,CLOUDY,DRY
6836 ,34543581,MONROE,Rochester,,,Y,43.155545,-77.568526,11/15/2012,8:53 AM,PROPERTY DAMAGE AND INJURY,1.,0 ,2 ,COLLISION WITH MOTOR VEHICLE,LEFT TURN (WITH OTHER CAR),TRAFFIC SIGNAL,DAYLIGHT,CLEAR,DRY
6836 ,34544682,MONROE,Webster,,,Y,43.24005,-77.515016,11/22/2012,3:19 PM,INJURY,2.,0 ,1 ,COLLISION WITH OTHER FIXED OBJECT,OTHER,TRAFFIC SIGNAL,DAYLIGHT,CLEAR,DRY
6836 ,34544689,MONROE,Brighton,,,N,43.1038095,-77.6422436,11/27/2012,10:44 AM,PROPERTY DAMAGE AND INJURY,1.,0 ,1 ,COLLISION WITH DEER,OTHER,NO PASSING ZONE,DAYLIGHT,CLOUDY,DRY
6836 ,34544954,MONROE,Rochester,,,Y,43.133598,-77.655614,11/25/2012,12:09 PM,PROPERTY DAMAGE AND INJURY,1.,0 ,2 ,COLLISION WITH MOTOR VEHICLE,LEFT TURN (AGAINST OTHER CAR),NONE,DAYLIGHT,SNOW,WET
6836 ,34544955,MONROE,Rochester,,383 43012011,Y,43.133761,-77.630829,11/21/2012,7:58 AM,PROPERTY DAMAGE AND INJURY,1.,0 ,2 ,COLLISION WITH MOTOR VEHICLE,RIGHT ANGLE,NONE,DAYLIGHT,CLEAR,DRY
6836 ,34544964,MONROE,Rochester,,,Y,43.144757,-77.6011121,11/25/2012,10:32 PM,PROPERTY DAMAGE AND INJURY,1.,0 ,2 ,COLLISION WITH MOTOR VEHICLE,RIGHT ANGLE,TRAFFIC SIGNAL,DARK-ROAD LIGHTED,SNOW,WET
6836 ,34544967,MONROE,Rochester,,,N,43.240415,-77.6210884,11/23/2012,8:26 PM,PROPERTY DAMAGE AND INJURY,2.,0 ,2 ,COLLISION WITH MOTOR VEHICLE,RIGHT ANGLE,NONE,DARK-ROAD LIGHTED,RAIN,WET
6836 ,34544970,MONROE,Rochester,,,N,43.1868336,-77.6388771,11/26/2012,6:57 PM,INJURY,1.,0 ,1 ,COLLISION WITH PEDESTRIAN,OTHER,NONE,DARK-ROAD LIGHTED,CLEAR,DRY
6836 ,34544974,MONROE,Rochester,,,N,43.1758184,-77.5758651,11/27/2012,7:37 PM,PROPERTY DAMAGE AND INJURY,2.,0 ,3 ,COLLISION WITH MOTOR VEHICLE,OTHER,TRAFFIC SIGNAL,DARK-ROAD LIGHTED,CLEAR,DRY
6836 ,34544975,MONROE,Rochester,,,Y,43.142684,-77.61608,11/24/2012,7:18 AM,PROPERTY DAMAGE AND INJURY,1.,0 ,2 ,COLLISION WITH MOTOR VEHICLE,HEAD ON,TRAFFIC SIGNAL,DAYLIGHT,SNOW,WET
6836 ,34544982,MONROE,Rochester,,,Y,43.13588,-77.650957,11/20/2012,2:11 PM,INJURY,1.,0 ,1 ,COLLISION WITH BICYCLIST,OTHER,NONE,DAYLIGHT,CLEAR,DRY
6836 ,34544983,MONROE,Rochester,,,Y,43.162139,-77.623063,11/09/2012,7:17 PM,PROPERTY DAMAGE AND INJURY,3.,0 ,2 ,COLLISION WITH MOTOR VEHICLE,RIGHT ANGLE,TRAFFIC SIGNAL,DARK-ROAD LIGHTED,CLEAR,DRY
6836 ,34544986,MONROE,Rochester,,,N,43.1792095,-77.6737159,11/21/2012,12:44 PM,PROPERTY DAMAGE AND INJURY,1.,0 ,2 ,COLLISION WITH MOTOR VEHICLE,REAR END,NONE,DAYLIGHT,CLEAR,DRY
6836 ,34544995,MONROE,Rochester,,,Y,43.176134,-77.5657969,11/25/2012,2:40 PM,INJURY,2.,0 ,2 ,COLLISION WITH MOTOR VEHICLE,SIDESWIPE,NONE,DAYLIGHT,CLOUDY,DRY
6836 ,34546145,MONROE,Rochester,,,Y,43.173116,-77.63998,11/19/2012,5:10 PM,INJURY,1.,0 ,1 ,COLLISION WITH BICYCLIST,OTHER,STOP SIGN,DARK-ROAD LIGHTED,CLEAR,DRY
6836 ,34546195,MONROE,Chili,,,Y,43.125727,-77.7031791,10/02/2012,9:30 AM,INJURY,1.,0 ,2 ,COLLISION WITH MOTOR VEHICLE,REAR END,TRAFFIC SIGNAL,DAYLIGHT,CLEAR,DRY
6836 ,34546229,MONROE,Rochester,,,N,43.195838,-77.5613879,10/21/2012,2:00 PM,INJURY,2.,0 ,2 ,COLLISION WITH MOTOR VEHICLE,REAR END,HIGHWAY WORK AREA,DAYLIGHT,CLEAR,DRY
6836 ,34546370,MONROE,Greece,,,Y,43.212214,-77.7181801,10/07/2012,2:50 PM,INJURY,1.,0 ,2 ,COLLISION WITH MOTOR VEHICLE,REAR END,TRAFFIC SIGNAL,DAYLIGHT,CLOUDY,DRY
6836 ,34546683,MONROE,Rochester,,,Y,43.1593626,-77.6595605,11/21/2012,3:25 PM,PROPERTY DAMAGE AND INJURY,1.,0 ,2 ,COLLISION WITH MOTOR VEHICLE,RIGHT ANGLE,NONE,DAYLIGHT,CLEAR,DRY
6836 ,34547179,MONROE,Rochester,,,Y,43.186405,-77.616334,09/02/2012,2:23 PM,PROPERTY DAMAGE AND INJURY,1.,0 ,2 ,COLLISION WITH MOTOR VEHICLE,RIGHT ANGLE,STOP SIGN,DAYLIGHT,CLEAR,DRY
6836 ,34547648,MONROE,Greece,,390 43011035,N,43.2063965,-77.6759784,11/29/2012,1:42 PM,PROPERTY DAMAGE AND INJURY,1.,0 ,1 ,COLLISION WITH GUIDE RAIL,OTHER,NONE,DAYLIGHT,CLOUDY,DRY
6836 ,34547935,MONROE,Greece,,,Y,43.218827,-77.641277,11/26/2012,7:43 PM,PROPERTY DAMAGE AND INJURY,3.,0 ,3 ,COLLISION WITH MOTOR VEHICLE,OTHER,NONE,DARK-ROAD LIGHTED,CLEAR,DRY
6836 ,34547938,MONROE,Rochester,,,Y,43.205696,-77.6289619,11/28/2012,7:01 AM,PROPERTY DAMAGE AND INJURY,1.,0 ,2 ,COLLISION WITH MOTOR VEHICLE,RIGHT ANGLE,STOP SIGN,DAYLIGHT,CLOUDY,DRY
6836 ,34547939,MONROE,Rochester,,,Y,43.164639,-77.6232511,11/16/2012,8:57 AM,INJURY,1.,0 ,2 ,COLLISION WITH MOTOR VEHICLE,REAR END,TRAFFIC SIGNAL,DAYLIGHT,CLEAR,DRY
6836 ,34547944,MONROE,Rochester,,,N,43.1593978,-77.6621306,11/06/2012,1:59 PM,PROPERTY DAMAGE AND INJURY,1.,0 ,2 ,COLLISION WITH CURBING,HEAD ON,STOP SIGN,DAYLIGHT,CLOUDY,DRY
6836 ,34547981,MONROE,Henrietta,,252 43011089,N,43.0870515,-77.598412,11/24/2012,10:13 PM,INJURY,1.,0 ,2 ,COLLISION WITH MOTOR VEHICLE,REAR END,NONE,DARK-ROAD LIGHTED,CLEAR,DRY
6836 ,34547989,MONROE,Henrietta,,15 43031102,N,43.0856294,-77.637625,11/27/2012,5:19 PM,PROPERTY DAMAGE AND INJURY,2.,0 ,2 ,COLLISION WITH MOTOR VEHICLE,RIGHT ANGLE,NONE,DARK-ROAD LIGHTED,CLOUDY,DRY
6836 ,34547992,MONROE,Wheatland,,,Y,43.027948,-77.767561,11/28/2012,12:24 PM,PROPERTY DAMAGE AND INJURY,2.,0 ,2 ,COLLISION WITH MOTOR VEHICLE,RIGHT ANGLE,STOP SIGN,DAYLIGHT,CLOUDY,DRY
6836 ,34547998,MONROE,Henrietta,,,N,43.0928368,-77.6535162,11/24/2012,8:55 PM,INJURY,1.,0 ,2 ,COLLISION WITH MOTOR VEHICLE,REAR END,TRAFFIC SIGNAL,DARK-ROAD LIGHTED,CLOUDY,DRY
6836 ,34548001,MONROE,Chili,,390I43032005,N,43.1215638,-77.6464459,11/29/2012,12:37 AM,PROPERTY DAMAGE AND INJURY,4.,0 ,2 ,COLLISION WITH MOTOR VEHICLE,REAR END,NONE,DARK-ROAD LIGHTED,CLEAR,DRY
6836 ,34548005,MONROE,Henrietta,,15 43031074,N,43.040373,-77.6619683,11/28/2012,5:34 PM,PROPERTY DAMAGE AND INJURY,2.,0 ,3 ,COLLISION WITH MOTOR VEHICLE,OTHER,TRAFFIC SIGNAL,DARK-ROAD LIGHTED,CLEAR,DRY
6836 ,34548018,MONROE,Irondequoit,,,N,43.1691559,-77.5546194,11/29/2012,2:45 AM,PROPERTY DAMAGE AND INJURY,1.,0 ,2 ,COLLISION WITH MOTOR VEHICLE,SIDESWIPE,NONE,DARK-ROAD LIGHTED,CLEAR,DRY
6836 ,34548019,MONROE,East Rochester,,,Y,43.118841,-77.486611,11/28/2012,5:10 PM,PROPERTY DAMAGE AND INJURY,1.,0 ,2 ,COLLISION WITH MOTOR VEHICLE,REAR END,NONE,DARK-ROAD LIGHTED,CLEAR,DRY
6836 ,34548025,MONROE,Brighton,,,Y,43.111727,-77.623926,11/29/2012,11:58 AM,INJURY,1.,0 ,2 ,COLLISION WITH MOTOR VEHICLE,REAR END,TRAFFIC SIGNAL,DAYLIGHT,CLEAR,DRY
6836 ,34548031,MONROE,Gates,,31 43031183,N,43.164701,-77.6861423,11/29/2012,4:09 PM,INJURY,2.,0 ,3 ,COLLISION WITH MOTOR VEHICLE,OTHER,NONE,DAYLIGHT,CLEAR,DRY
6836 ,34548032,MONROE,Brighton,,441 43011101,Y,43.128765,-77.528213,11/29/2012,2:51 PM,PROPERTY DAMAGE AND INJURY,3.,0 ,3 ,COLLISION WITH MOTOR VEHICLE,OTHER,NONE,DAYLIGHT,CLOUDY,DRY
6836 ,34548870,MONROE,Webster,,,Y,43.224296,-77.5107199,11/19/2012,7:36 AM,PROPERTY DAMAGE AND INJURY,2.,0 ,3 ,COLLISION WITH MOTOR VEHICLE,OTHER,NONE,DAYLIGHT,CLEAR,DRY
6836 ,34548875,MONROE,Gates,,,N,43.1655226,-77.6830752,11/30/2012,7:41 AM,INJURY,3.,0 ,3 ,COLLISION WITH MOTOR VEHICLE,OTHER,NONE,DAWN,CLOUDY,DRY
6836 ,34548876,MONROE,Irondequoit,,,Y,43.226049,-77.599409,11/27/2012,5:30 PM,PROPERTY DAMAGE AND INJURY,1.,0 ,4 ,COLLISION WITH MOTOR VEHICLE,OTHER,NONE,DARK-ROAD LIGHTED,CLEAR,DRY
6836 ,34548878,MONROE,East Rochester,,,Y,43.114411,-77.4905161,11/29/2012,2:40 PM,PROPERTY DAMAGE AND INJURY,1.,0 ,2 ,COLLISION WITH MOTOR VEHICLE,LEFT TURN (AGAINST OTHER CAR),TRAFFIC SIGNAL,DAYLIGHT,CLEAR,DRY
6836 ,34548879,MONROE,East Rochester,,,Y,43.104685,-77.488245,11/21/2012,10:33 AM,INJURY,1.,0 ,1 ,COLLISION WITH BICYCLIST,OTHER,STOP SIGN,DAYLIGHT,CLEAR,DRY
6836 ,34548883,MONROE,Brighton,,15 43031128,N,43.1078699,-77.6159325,11/19/2012,12:04 PM,PROPERTY DAMAGE AND INJURY,1.,0 ,3 ,COLLISION WITH MOTOR VEHICLE,OTHER,NONE,DAYLIGHT,CLEAR,DRY
6836 ,34548911,MONROE,Greece,,,Y,43.253021,-77.696443,11/15/2012,4:06 PM,INJURY,1.,0 ,2 ,COLLISION WITH MOTOR VEHICLE,LEFT TURN (AGAINST OTHER CAR),TRAFFIC SIGNAL,DAYLIGHT,CLEAR,DRY
6836 ,34548916,MONROE,Greece,,,Y,43.2100542,-77.7033233,11/25/2012,6:28 PM,PROPERTY DAMAGE AND INJURY,2.,0 ,2 ,COLLISION WITH MOTOR VEHICLE,REAR END,TRAFFIC SIGNAL,DAYLIGHT,SNOW,WET
6836 ,34548922,MONROE,Greece,,,N,43.2881772,-77.7492063,11/22/2012,11:53 AM,PROPERTY DAMAGE AND INJURY,1.,0 ,1 ,COLLISION WITH TREE,OTHER,NONE,DAYLIGHT,CLEAR,DRY
6836 ,34548925,MONROE,Greece,,,Y,43.253607,-77.7328481,11/24/2012,11:26 AM,PROPERTY DAMAGE AND INJURY,2.,0 ,3 ,COLLISION WITH MOTOR VEHICLE,OTHER,TRAFFIC SIGNAL,DAYLIGHT,CLOUDY,DRY
6836 ,34548926,MONROE,Greece,,,N,43.2288595,-77.6698192,11/16/2012,12:36 PM,PROPERTY DAMAGE AND INJURY,1.,0 ,1 ,COLLISION WITH CURBING,OTHER,NONE,DAYLIGHT,CLEAR,DRY
6836 ,34549706,MONROE,Perinton,,490I43023086,N,43.0430737,-77.4624862,11/30/2012,5:02 PM,PROPERTY DAMAGE AND INJURY,1.,0 ,1 ,COLL. W/EARTH ELE./ROCK CUT/DITCH,OTHER,NONE,DARK-ROAD LIGHTED,SNOW,SNOW/ICE
6836 ,34549708,MONROE,Perinton,,490I43023073,N,43.0599213,-77.4713175,11/30/2012,6:41 PM,PROPERTY DAMAGE AND INJURY,1.,0 ,1 ,COLLISION WITH GUIDE RAIL,OTHER,NONE,DARK-ROAD LIGHTED,SNOW,SNOW/ICE
6836 ,34549713,MONROE,Perinton,,,Y,43.064512,-77.391969,11/30/2012,6:44 PM,INJURY,1.,0 ,2 ,COLLISION WITH MOTOR VEHICLE,REAR END,NONE,DARK-ROAD UNLIGHTED,SNOW,SNOW/ICE
6836 ,34549720,MONROE,Penfield,,,N,43.1743556,-77.5154218,11/30/2012,7:33 PM,PROPERTY DAMAGE AND INJURY,1.,0 ,1 ,COLL. W/EARTH ELE./ROCK CUT/DITCH,OTHER,NONE,DARK-ROAD LIGHTED,SNOW,SNOW/ICE
6836 ,34549722,MONROE,Penfield,,250 43011063,N,43.1258703,-77.4413492,11/30/2012,7:26 PM,PROPERTY DAMAGE AND INJURY,1.,0 ,2 ,COLLISION WITH MOTOR VEHICLE,RIGHT ANGLE,STOP SIGN,DARK-ROAD LIGHTED,SNOW,SNOW/ICE
6836 ,34549732,MONROE,Gates,,204 43011025,N,43.1307066,-77.6765023,12/01/2012,6:11 PM,PROPERTY DAMAGE AND INJURY,1.,0 ,1 ,COLLISION WITH CURBING,OTHER,NONE,DARK-ROAD LIGHTED,CLOUDY,WET
6836 ,34549764,MONROE,Greece,,,Y,43.214424,-77.7318019,11/29/2012,10:35 AM,PROPERTY DAMAGE AND INJURY,1.,0 ,2 ,COLLISION WITH MOTOR VEHICLE,RIGHT ANGLE,TRAFFIC SIGNAL,DAYLIGHT,CLEAR,DRY
6836 ,34549771,MONROE,Rochester,,,N,43.1806685,-77.5991703,11/30/2012,6:08 PM,INJURY,1.,0 ,2 ,COLLISION WITH MOTOR VEHICLE,RIGHT ANGLE,TRAFFIC SIGNAL,DARK-ROAD LIGHTED,SNOW,SNOW/ICE
6836 ,34549772,MONROE,Rochester,,,Y,43.170708,-77.594481,11/28/2012,7:18 PM,INJURY,1.,0 ,2 ,COLLISION WITH MOTOR VEHICLE,REAR END,TRAFFIC SIGNAL,DARK-ROAD LIGHTED,CLEAR,DRY
6836 ,34549774,MONROE,Greece,,,Y,43.186914,-77.701511,11/28/2012,7:32 AM,PROPERTY DAMAGE AND INJURY,1.,0 ,3 ,COLLISION WITH MOTOR VEHICLE,OTHER,TRAFFIC SIGNAL,DAYLIGHT,CLOUDY,DRY
6836 ,34549804,MONROE,Rochester,,,Y,43.160781,-77.543071,12/01/2012,2:10 PM,INJURY,1.,0 ,2 ,COLLISION WITH MOTOR VEHICLE,SIDESWIPE,STOP SIGN,DAYLIGHT,CLOUDY,WET
6836 ,34550216,MONROE,Irondequoit,,104 43035202,N,43.1960714,-77.5569338,11/27/2012,5:33 PM,PROPERTY DAMAGE AND INJURY,3.,0 ,3 ,COLLISION WITH MOTOR VEHICLE,OTHER,NONE,DARK-ROAD LIGHTED,CLEAR,DRY
6836 ,34550646,MONROE,Rochester,,,Y,43.167366,-77.607229,11/16/2012,3:40 PM,PROPERTY DAMAGE AND INJURY,1.,0 ,3 ,COLLISION WITH MOTOR VEHICLE,OTHER,STOP SIGN,DAYLIGHT,CLEAR,DRY
6836 ,34551256,MONROE,Gates,,386 43011120,Y,43.173678,-77.732364,12/02/2012,1:07 PM,PROPERTY DAMAGE AND INJURY,2.,0 ,2 ,COLLISION WITH MOTOR VEHICLE,LEFT TURN (AGAINST OTHER CAR),NONE,DAYLIGHT,RAIN,WET
6836 ,34552950,MONROE,Greece,,,Y,43.226163,-77.636451,12/02/2012,10:36 AM,PROPERTY DAMAGE AND INJURY,1.,0 ,2 ,COLLISION WITH MOTOR VEHICLE,LEFT TURN (WITH OTHER CAR),STOP SIGN,DAYLIGHT,RAIN,WET
6836 ,34553005,MONROE,Perinton,,,Y,43.073513,-77.39211,11/13/2012,7:10 AM,PROPERTY DAMAGE AND INJURY,2.,0 ,2 ,COLLISION WITH MOTOR VEHICLE,REAR END,NONE,DAWN,CLOUDY,DRY
6836 ,34553008,MONROE,Henrietta,,,N,43.0458854,-77.6629246,11/30/2012,6:14 PM,PROPERTY DAMAGE AND INJURY,1.,0 ,2 ,COLLISION WITH MOTOR VEHICLE,HEAD ON,NONE,DARK-ROAD UNLIGHTED,SNOW,SNOW/ICE
6836 ,34553013,MONROE,Gates,,,Y,43.174769,-77.732359,12/03/2012,5:46 PM,PROPERTY DAMAGE AND INJURY,3.,0 ,3 ,COLLISION WITH MOTOR VEHICLE,OTHER,TRAFFIC SIGNAL,DARK-ROAD LIGHTED,CLOUDY,DRY
6836 ,34553021,MONROE,Brighton,,590I43011037,N,43.1267955,-77.5532862,11/27/2012,5:21 PM,PROPERTY DAMAGE AND INJURY,1.,0 ,2 ,COLLISION WITH MOTOR VEHICLE,REAR END,NONE,DARK-ROAD LIGHTED,CLOUDY,DRY
6836 ,34553022,MONROE,Henrietta,,,N,43.093117,-77.6335615,12/03/2012,5:20 PM,PROPERTY DAMAGE AND INJURY,1.,0 ,2 ,COLLISION WITH MOTOR VEHICLE,REAR END,NONE,DARK-ROAD LIGHTED,CLEAR,DRY