QUERYID,CASE #,REGN_CNTY_CDE,Municipality,MUNITYPE,REF_MRKR,ATINTERSECTION_IND,Lat,Long,,Time,Crash Type,Injuries,Fatalities,Number of Vehicles,ACCD_TYP,COLLISION_TYP,TRAF_CNTL,Light Condition,Weather Condition,Road Surface Condition
6836 ,34553023,MONROE,Pittsford,,65 43031110,Y,43.087271,-77.542635,11/30/2012,8:00 PM,PROPERTY DAMAGE AND INJURY,2.,0 ,3 ,COLLISION WITH MOTOR VEHICLE,OTHER,TRAFFIC SIGNAL,DARK-ROAD LIGHTED,SNOW,SNOW/ICE
6836 ,34553030,MONROE,Penfield,,,Y,43.182147,-77.4433861,12/03/2012,3:44 PM,PROPERTY DAMAGE AND INJURY,2.,0 ,2 ,COLLISION WITH MOTOR VEHICLE,RIGHT ANGLE,STOP SIGN,DAYLIGHT,CLEAR,DRY
6836 ,34553038,MONROE,Henrietta,,,Y,43.056355,-77.614037,11/30/2012,6:04 PM,INJURY,1.,0 ,2 ,COLLISION WITH MOTOR VEHICLE,REAR END,NONE,DARK-ROAD LIGHTED,SNOW,SNOW/ICE
6836 ,34553047,MONROE,Mendon,,65 43031039,N,42.9931653,-77.5777436,11/30/2012,6:35 PM,INJURY,1.,0 ,2 ,COLLISION WITH MOTOR VEHICLE,REAR END,YIELD SIGN,DARK-ROAD UNLIGHTED,SNOW,SNOW/ICE
6836 ,34553055,MONROE,Gates,,33A43021152,N,43.1397012,-77.6674702,12/03/2012,5:11 PM,INJURY,1.,0 ,2 ,COLLISION WITH MOTOR VEHICLE,REAR END,TRAFFIC SIGNAL,DARK-ROAD LIGHTED,CLEAR,DRY
6836 ,34553058,MONROE,Rochester,,,Y,43.169423,-77.626842,11/30/2012,10:46 PM,PROPERTY DAMAGE AND INJURY,2.,0 ,2 ,COLLISION WITH MOTOR VEHICLE,RIGHT ANGLE,STOP SIGN,DARK-ROAD LIGHTED,CLEAR,SNOW/ICE
6836 ,34553060,MONROE,Rochester,,,N,43.1674627,-77.5669898,12/03/2012,6:07 PM,INJURY,1.,0 ,1 ,COLLISION WITH TREE,OTHER,NONE,DARK-ROAD LIGHTED,CLEAR,DRY
6836 ,34553069,MONROE,Rochester,,,N,43.157224,-77.659553,11/09/2012,6:16 PM,PROPERTY DAMAGE AND INJURY,1.,0 ,2 ,COLLISION WITH MOTOR VEHICLE,LEFT TURN (AGAINST OTHER CAR),TRAFFIC SIGNAL,DARK-ROAD LIGHTED,CLEAR,DRY
6836 ,34553072,MONROE,Rochester,,,N,43.1691147,-77.6443131,12/01/2012,11:15 PM,INJURY,1.,0 ,2 ,COLLISION WITH MOTOR VEHICLE,RIGHT ANGLE,NONE,DARK-ROAD LIGHTED,CLEAR,DRY
6836 ,34553075,MONROE,Rochester,,,N,43.1254784,-77.6139341,11/07/2012,8:18 AM,PROPERTY DAMAGE AND INJURY,1.,0 ,2 ,COLLISION WITH MOTOR VEHICLE,REAR END,NONE,DAYLIGHT,CLEAR,DRY
6836 ,34553103,MONROE,Rochester,,,N,43.1455753,-77.6510014,11/30/2012,7:41 PM,INJURY,1.,0 ,2 ,COLLISION WITH MOTOR VEHICLE,REAR END,NONE,DARK-ROAD LIGHTED,SNOW,SNOW/ICE
6836 ,34553540,MONROE,Henrietta,,,Y,43.094812,-77.612222,10/31/2012,2:55 PM,INJURY,1.,0 ,2 ,COLLISION WITH MOTOR VEHICLE,LEFT TURN (WITH OTHER CAR),UNKNOWN,UNKNOWN,UNKNOWN,UNKNOWN
6836 ,34553618,MONROE,Rochester,,,N,43.1643999,-77.594061,11/13/2012,8:52 PM,INJURY,1.,0 ,1 ,COLLISION WITH PEDESTRIAN,OTHER,NONE,DARK-ROAD LIGHTED,CLOUDY,DRY
6836 ,34553622,MONROE,Rochester,,,N,43.1284948,-77.6277196,10/25/2012,8:42 AM,PROPERTY DAMAGE AND INJURY,1.,0 ,1 ,COLLISION WITH OTHER,OTHER,UTILITY WORK AREA,DAYLIGHT,CLEAR,DRY
6836 ,34554411,MONROE,Webster,,,Y,43.20862,-77.460977,12/01/2012,3:20 PM,PROPERTY DAMAGE AND INJURY,2.,0 ,2 ,COLLISION WITH MOTOR VEHICLE,SIDESWIPE,TRAFFIC SIGNAL,DAYLIGHT,CLOUDY,DRY
6836 ,34554413,MONROE,Sweden,,31 43031065,N,43.1980695,-77.9066458,12/01/2012,1:18 PM,PROPERTY DAMAGE AND INJURY,1.,0 ,1 ,COLL. W/EARTH ELE./ROCK CUT/DITCH,OTHER,NONE,DAYLIGHT,CLEAR,DRY
6836 ,34554416,MONROE,Parma,,,N,43.2602411,-77.7908342,11/26/2012,5:43 PM,PROPERTY DAMAGE AND INJURY,1.,0 ,1 ,COLLISION WITH DEER,OTHER,NONE,DARK-ROAD UNLIGHTED,CLOUDY,DRY
6836 ,34554428,MONROE,Henrietta,,,N,43.0884944,-77.5819454,12/03/2012,11:42 AM,INJURY,1.,0 ,2 ,COLLISION WITH MOTOR VEHICLE,REAR END,NONE,DAYLIGHT,CLOUDY,DRY
6836 ,34554434,MONROE,Hamlin,,360 43011010,N,43.3283479,-77.9752513,11/30/2012,9:49 PM,PROPERTY DAMAGE AND INJURY,1.,0 ,1 ,COLLISION WITH TREE,OTHER,NONE,DARK-ROAD UNLIGHTED,CLEAR,SNOW/ICE
6836 ,34554436,MONROE,Henrietta,,,N,43.087105,-77.6176973,12/03/2012,8:24 PM,PROPERTY DAMAGE AND INJURY,1.,0 ,2 ,COLLISION WITH MOTOR VEHICLE,REAR END,NONE,DARK-ROAD LIGHTED,CLEAR,DRY
6836 ,34554437,MONROE,Chili,,,N,43.102266,-77.7560805,12/01/2012,6:30 PM,INJURY,1.,0 ,2 ,COLLISION WITH MOTOR VEHICLE,REAR END,RR CROSSING GATES,DARK-ROAD LIGHTED,CLOUDY,WET
6836 ,34554445,MONROE,Brighton,,,N,43.1266445,-77.5585322,12/04/2012,3:49 PM,PROPERTY DAMAGE AND INJURY,1.,0 ,2 ,COLLISION WITH MOTOR VEHICLE,REAR END,NONE,DUSK,CLOUDY,DRY
6836 ,34554448,MONROE,Brighton,,15A43041123,Y,43.1005,-77.614407,12/04/2012,11:38 AM,PROPERTY DAMAGE AND INJURY,1.,0 ,1 ,COLL. W/LIGHT SUPPORT/UTILITY POLE,OTHER,TRAFFIC SIGNAL,DAYLIGHT,CLOUDY,DRY
6836 ,34554450,MONROE,Gates,,,N,43.1648335,-77.6908608,12/04/2012,5:04 PM,INJURY,1.,0 ,1 ,COLLISION WITH PEDESTRIAN,OTHER,NONE,DARK-ROAD LIGHTED,RAIN,WET
6836 ,34554502,MONROE,Rochester,,15 43032017,Y,43.138688,-77.6144481,11/30/2012,8:13 PM,PROPERTY DAMAGE AND INJURY,2.,0 ,2 ,COLLISION WITH MOTOR VEHICLE,HEAD ON,NONE,DARK-ROAD LIGHTED,SNOW,SNOW/ICE
6836 ,34554641,MONROE,Greece,,,N,43.2238972,-77.6419624,11/01/2012,11:29 AM,PROPERTY DAMAGE AND INJURY,1.,0 ,2 ,COLLISION WITH MOTOR VEHICLE,REAR END,TRAFFIC SIGNAL,DAYLIGHT,CLOUDY,WET
6836 ,34556269,MONROE,Rochester,,104 43032022,N,43.1929748,-77.6215698,11/10/2012,5:18 AM,PROPERTY DAMAGE AND INJURY,2.,0 ,2 ,COLLISION WITH MOTOR VEHICLE,OVERTAKING,NONE,DARK-ROAD LIGHTED,CLOUDY,WET
6836 ,34556274,MONROE,Rochester,,940T43011006,N,43.1601457,-77.6135264,11/29/2012,5:15 PM,PROPERTY DAMAGE AND INJURY,1.,0 ,3 ,COLLISION WITH MOTOR VEHICLE,OTHER,NONE,DARK-ROAD LIGHTED,CLEAR,DRY
6836 ,34556276,MONROE,Rochester,,940T43011010,N,43.1615047,-77.6055978,12/04/2012,5:18 PM,PROPERTY DAMAGE AND INJURY,1.,0 ,2 ,COLLISION WITH MOTOR VEHICLE,REAR END,NONE,DARK-ROAD LIGHTED,RAIN,WET
6836 ,34556643,MONROE,Gates,,,N,43.160228,-77.753848,12/05/2012,3:07 PM,PROPERTY DAMAGE AND INJURY,1.,0 ,2 ,COLLISION WITH MOTOR VEHICLE,RIGHT ANGLE,TRAFFIC SIGNAL,DAYLIGHT,CLEAR,DRY
6836 ,34556647,MONROE,Mendon,,,N,42.9697463,-77.6183509,12/04/2012,3:45 PM,INJURY,1.,0 ,2 ,COLLISION WITH MOTOR VEHICLE,RIGHT ANGLE,STOP SIGN,DAYLIGHT,RAIN,WET
6836 ,34556662,MONROE,Perinton,,,Y,43.079077,-77.441934,12/03/2012,4:05 PM,INJURY,1.,0 ,2 ,COLLISION WITH MOTOR VEHICLE,REAR END,TRAFFIC SIGNAL,DAYLIGHT,CLEAR,DRY
6836 ,34556669,MONROE,Chili,,,N,43.1114259,-77.7373499,12/04/2012,6:59 PM,INJURY,1.,0 ,1 ,COLLISION WITH BICYCLIST,OTHER,STOP SIGN,DARK-ROAD LIGHTED,RAIN,WET
6836 ,34556671,MONROE,Mendon,,65 43031031,N,42.9825341,-77.5827859,12/03/2012,6:11 PM,PROPERTY DAMAGE AND INJURY,1.,0 ,2 ,COLLISION WITH MOTOR VEHICLE,REAR END,NONE,DARK-ROAD UNLIGHTED,CLOUDY,DRY
6836 ,34557007,MONROE,Rochester,,,Y,43.15592,-77.583814,11/14/2012,5:30 PM,INJURY,1.,0 ,1 ,COLLISION WITH PEDESTRIAN,OTHER,STOP SIGN,DARK-ROAD LIGHTED,CLEAR,DRY
6836 ,34557008,MONROE,Greece,,,N,43.2280679,-77.6523852,11/08/2012,12:51 PM,INJURY,1.,0 ,2 ,COLLISION WITH MOTOR VEHICLE,UNKNOWN,NONE,DAYLIGHT,CLEAR,DRY
6836 ,34557013,MONROE,Rochester,,,Y,43.156599,-77.608896,11/07/2012,8:12 AM,INJURY,1.,0 ,2 ,COLLISION WITH MOTOR VEHICLE,REAR END,TRAFFIC SIGNAL,DAYLIGHT,CLEAR,DRY
6836 ,34557374,MONROE,Pittsford,,65 43031077,N,43.0443449,-77.5706717,12/01/2012,9:30 AM,PROPERTY DAMAGE AND INJURY,2.,0 ,2 ,COLLISION WITH MOTOR VEHICLE,RIGHT ANGLE,STOP SIGN,DAYLIGHT,CLOUDY,WET
6836 ,34557439,MONROE,Irondequoit,,,N,43.2016345,-77.5680664,11/28/2012,10:35 AM,INJURY,1.,0 ,1 ,COLLISION WITH PEDESTRIAN,OTHER,NONE,DAYLIGHT,CLOUDY,DRY
6836 ,34557478,MONROE,Irondequoit,,,Y,43.21621,-77.598526,11/30/2012,8:21 AM,PROPERTY DAMAGE AND INJURY,1.,0 ,2 ,COLLISION WITH MOTOR VEHICLE,RIGHT ANGLE,TRAFFIC SIGNAL,DAYLIGHT,CLOUDY,DRY
6836 ,34557479,MONROE,Irondequoit,,,N,43.1997518,-77.5745644,11/30/2012,6:44 PM,PROPERTY DAMAGE AND INJURY,1.,0 ,2 ,COLLISION WITH MOTOR VEHICLE,REAR END,NONE,DARK-ROAD LIGHTED,SLEET/HAIL/FREEZING RAIN,SNOW/ICE
6836 ,34557881,MONROE,Rochester,,,Y,43.185534,-77.6309771,10/31/2012,8:24 AM,PROPERTY DAMAGE AND INJURY,1.,0 ,2 ,COLLISION WITH MOTOR VEHICLE,REAR END,UNKNOWN,UNKNOWN,UNKNOWN,UNKNOWN
6836 ,34558248,MONROE,Brighton,,490I43023005,N,43.1392893,-77.5389364,12/03/2012,7:45 AM,PROPERTY DAMAGE AND INJURY,2.,0 ,2 ,COLLISION WITH MOTOR VEHICLE,REAR END,NONE,DAYLIGHT,CLOUDY,DRY
6836 ,34558249,MONROE,Rochester,,490I43022059,N,43.1438538,-77.5668802,12/03/2012,11:32 AM,PROPERTY DAMAGE AND INJURY,1.,0 ,2 ,COLLISION WITH MOTOR VEHICLE,REAR END,NONE,DAYLIGHT,CLOUDY,DRY
6836 ,34558431,MONROE,Henrietta,,253 43011038,N,43.0401031,-77.6783099,12/04/2012,7:49 PM,PROPERTY DAMAGE AND INJURY,1.,0 ,2 ,COLLISION WITH MOTOR VEHICLE,LEFT TURN (AGAINST OTHER CAR),TRAFFIC SIGNAL,DARK-ROAD LIGHTED,RAIN,WET
6836 ,34558433,MONROE,Pittsford,,,Y,43.082549,-77.507733,12/03/2012,6:00 PM,INJURY,1.,0 ,2 ,COLLISION WITH MOTOR VEHICLE,REAR END,STOP SIGN,DARK-ROAD LIGHTED,CLOUDY,DRY
6836 ,34558438,MONROE,Penfield,,,Y,43.133148,-77.492277,11/28/2012,6:47 PM,PROPERTY DAMAGE AND INJURY,1.,0 ,2 ,COLLISION WITH MOTOR VEHICLE,LEFT TURN (AGAINST OTHER CAR),TRAFFIC SIGNAL,DARK-ROAD LIGHTED,CLOUDY,DRY
6836 ,34558439,MONROE,Penfield,,441 43011120,Y,43.129006,-77.47982,12/05/2012,8:43 AM,INJURY,1.,0 ,1 ,COLLISION WITH PEDESTRIAN,OTHER,STOP SIGN,DAYLIGHT,CLOUDY,DRY
6836 ,34558445,MONROE,Brighton,,31 43031132,N,43.1139407,-77.5512457,12/06/2012,12:42 PM,INJURY,1.,0 ,2 ,COLLISION WITH MOTOR VEHICLE,REAR END,NONE,DAYLIGHT,CLEAR,DRY
6836 ,34558471,MONROE,Greece,,,Y,43.214528,-77.731802,12/04/2012,7:37 PM,PROPERTY DAMAGE AND INJURY,2.,0 ,3 ,COLLISION WITH MOTOR VEHICLE,OTHER,TRAFFIC SIGNAL,DARK-ROAD LIGHTED,RAIN,WET
6836 ,34558473,MONROE,Greece,,,N,43.2396412,-77.6468361,12/05/2012,3:10 PM,INJURY,1.,0 ,2 ,COLLISION WITH MOTOR VEHICLE,OTHER,NONE,DAYLIGHT,CLEAR,DRY
6836 ,34559419,MONROE,Pittsford,,490I43023029,N,43.1159169,-77.5065849,12/05/2012,9:10 AM,PROPERTY DAMAGE AND INJURY,1.,0 ,1 ,COLLISION WITH GUIDE RAIL,OTHER,NONE,DAYLIGHT,CLOUDY,DRY
6836 ,34559421,MONROE,Brighton,,590I43011034,N,43.1199834,-77.5530856,12/06/2012,5:45 PM,PROPERTY DAMAGE AND INJURY,1.,0 ,2 ,COLLISION WITH MOTOR VEHICLE,REAR END,NONE,DARK-ROAD LIGHTED,CLOUDY,DRY
6836 ,34559715,MONROE,Greece,,,Y,43.3124146,-77.7485277,12/06/2012,6:58 AM,PROPERTY DAMAGE AND INJURY,1.,0 ,2 ,COLLISION WITH MOTOR VEHICLE,REAR END,NONE,DAWN,CLEAR,DRY
6836 ,34559723,MONROE,Greece,,104 43031151,Y,43.210592,-77.707728,11/24/2012,5:47 PM,PROPERTY DAMAGE AND INJURY,1.,0 ,2 ,COLLISION WITH MOTOR VEHICLE,REAR END,TRAFFIC SIGNAL,DARK-ROAD LIGHTED,CLOUDY,DRY
6836 ,34559727,MONROE,Greece,,,N,43.2528768,-77.6646645,12/06/2012,5:06 PM,INJURY,1.,0 ,2 ,COLLISION WITH MOTOR VEHICLE,RIGHT ANGLE,NONE,DARK-ROAD LIGHTED,CLEAR,DRY
6836 ,34561104,MONROE,Rochester,,,N,43.1528845,-77.6113118,11/13/2012,6:50 AM,PROPERTY DAMAGE AND INJURY,3.,0 ,3 ,COLLISION WITH MOTOR VEHICLE,OTHER,NONE,DAYLIGHT,CLEAR,DRY
6836 ,34561465,MONROE,Henrietta,,,N,43.0587248,-77.649361,12/04/2012,6:16 AM,FATAL,0.,1 ,1 ,COLLISION WITH PEDESTRIAN,OTHER,NONE,DARK-ROAD LIGHTED,CLOUDY,WET
6836 ,34561522,MONROE,Irondequoit,,,N,43.2000224,-77.5699562,12/04/2012,12:01 PM,PROPERTY DAMAGE AND INJURY,1.,0 ,2 ,COLLISION WITH MOTOR VEHICLE,REAR END,NONE,DAYLIGHT,CLOUDY,DRY
6836 ,34561528,MONROE,Webster,,,N,43.213737,-77.5155469,12/09/2012,12:47 PM,PROPERTY DAMAGE AND INJURY,1.,0 ,2 ,COLLISION WITH MOTOR VEHICLE,RIGHT ANGLE,TRAFFIC SIGNAL,DAYLIGHT,CLOUDY,DRY
6836 ,34561529,MONROE,Webster,,,Y,43.235413,-77.4590771,12/01/2012,2:10 PM,INJURY,1.,0 ,2 ,COLLISION WITH MOTOR VEHICLE,RIGHT ANGLE,YIELD SIGN,DAYLIGHT,CLOUDY,WET
6836 ,34561532,MONROE,Brockport,,,N,43.213046,-77.9514347,11/05/2012,7:51 PM,INJURY,1.,0 ,1 ,COLLISION WITH PEDESTRIAN,OTHER,NONE,DARK-ROAD LIGHTED,CLOUDY,DRY
6836 ,34561537,MONROE,Chili,,33A43021126,N,43.1218534,-77.7112395,12/04/2012,7:14 AM,PROPERTY DAMAGE AND INJURY,1.,0 ,2 ,COLLISION WITH MOTOR VEHICLE,LEFT TURN (AGAINST OTHER CAR),STOP SIGN,DAYLIGHT,CLOUDY,WET
6836 ,34561538,MONROE,Pittsford,,,N,43.0687991,-77.5530997,12/06/2012,12:31 PM,PROPERTY DAMAGE AND INJURY,1.,0 ,1 ,COLL. W/EARTH ELE./ROCK CUT/DITCH,OTHER,NONE,DAYLIGHT,CLEAR,DRY
6836 ,34561550,MONROE,Hamlin,,18 43031003,N,43.2986834,-77.991908,12/07/2012,10:41 AM,INJURY,1.,0 ,1 ,COLL. W/LIGHT SUPPORT/UTILITY POLE,OTHER,NONE,DAYLIGHT,CLEAR,DRY
6836 ,34561553,MONROE,Henrietta,,15 43031871,N,43.0541421,-77.6545272,12/05/2012,7:57 AM,INJURY,1.,0 ,2 ,COLLISION WITH MOTOR VEHICLE,REAR END,NONE,DAYLIGHT,CLOUDY,DRY
6836 ,34561554,MONROE,Henrietta,,252 43011011,Y,43.092837,-77.6535161,12/07/2012,2:04 AM,PROPERTY DAMAGE AND INJURY,1.,0 ,2 ,COLLISION WITH MOTOR VEHICLE,RIGHT ANGLE,TRAFFIC SIGNAL,DARK-ROAD LIGHTED,CLOUDY,DRY
6836 ,34561556,MONROE,Henrietta,,15A43041077,N,43.0378073,-77.6239789,12/08/2012,10:15 AM,PROPERTY DAMAGE AND INJURY,1.,0 ,2 ,COLLISION WITH MOTOR VEHICLE,RIGHT ANGLE,TRAFFIC SIGNAL,DAYLIGHT,RAIN,WET
6836 ,34561559,MONROE,Penfield,,,Y,43.131369,-77.46976,12/05/2012,12:35 PM,PROPERTY DAMAGE AND INJURY,1.,0 ,2 ,COLLISION WITH MOTOR VEHICLE,REAR END,NONE,DAYLIGHT,SNOW,WET
6836 ,34561573,MONROE,Gates,,,N,43.1653855,-77.6830702,12/06/2012,6:54 AM,PROPERTY DAMAGE AND INJURY,1.,0 ,4 ,COLLISION WITH MOTOR VEHICLE,OTHER,NONE,DAYLIGHT,CLEAR,DRY
6836 ,34561592,MONROE,Chili,,,N,43.0974753,-77.7511747,12/06/2012,3:43 AM,INJURY,1.,0 ,1 ,COLLISION WITH PEDESTRIAN,OTHER,NONE,DARK-ROAD LIGHTED,CLOUDY,DRY
6836 ,34561593,MONROE,Pittsford,,31 43033029,N,43.1028854,-77.538389,11/29/2012,9:35 PM,PROPERTY DAMAGE AND INJURY,1.,0 ,2 ,COLLISION WITH MOTOR VEHICLE,LEFT TURN (AGAINST OTHER CAR),TRAFFIC SIGNAL,DARK-ROAD LIGHTED,CLOUDY,DRY
6836 ,34561602,MONROE,Irondequoit,,,Y,43.201531,-77.568417,12/06/2012,10:05 AM,PROPERTY DAMAGE AND INJURY,1.,0 ,2 ,COLLISION WITH MOTOR VEHICLE,REAR END,NONE,DAYLIGHT,CLEAR,DRY
6836 ,34561605,MONROE,Brighton,,,N,43.1487581,-77.5404047,11/15/2012,3:25 PM,PROPERTY DAMAGE AND INJURY,1.,0 ,3 ,COLLISION WITH MOTOR VEHICLE,OTHER,NONE,DAYLIGHT,CLEAR,DRY
6836 ,34561608,MONROE,Penfield,,441 43011068,N,43.1299912,-77.4110595,11/06/2012,4:41 PM,PROPERTY DAMAGE AND INJURY,1.,0 ,2 ,COLLISION WITH MOTOR VEHICLE,REAR END,NONE,DUSK,CLEAR,DRY
6836 ,34561615,MONROE,Parma,,18 43031021,N,43.2588861,-77.77167,12/05/2012,5:50 AM,INJURY,1.,0 ,1 ,COLL. W/EARTH ELE./ROCK CUT/DITCH,OTHER,NONE,DARK-ROAD UNLIGHTED,CLEAR,DRY
6836 ,34561630,MONROE,Rochester,,,N,43.1884349,-77.5609981,12/07/2012,5:10 PM,INJURY,1.,0 ,1 ,COLLISION WITH PEDESTRIAN,OTHER,NONE,DARK-ROAD LIGHTED,CLEAR,DRY
6836 ,34561633,MONROE,Irondequoit,,,N,43.197498,-77.584801,12/04/2012,12:39 PM,PROPERTY DAMAGE AND INJURY,2.,0 ,1 ,COLLISION WITH CURBING,OTHER,NONE,DAYLIGHT,CLEAR,DRY
6836 ,34561634,MONROE,Irondequoit,,,N,43.2105878,-77.6012987,12/07/2012,10:34 AM,PROPERTY DAMAGE AND INJURY,3.,0 ,2 ,COLLISION WITH MOTOR VEHICLE,RIGHT ANGLE,STOP SIGN,DAYLIGHT,CLOUDY,DRY
6836 ,34561784,MONROE,Rochester,,,Y,43.210934,-77.638578,12/06/2012,3:20 PM,PROPERTY DAMAGE AND INJURY,1.,0 ,1 ,COLLISION WITH CURBING,OTHER,TRAFFIC SIGNAL,DAYLIGHT,CLEAR,DRY
6836 ,34561811,MONROE,Rochester,,,Y,43.165511,-77.654147,12/08/2012,3:00 PM,PROPERTY DAMAGE AND INJURY,1.,0 ,1 ,COLLISION WITH CURBING,OTHER,NONE,DAYLIGHT,CLOUDY,WET
6836 ,34561816,MONROE,Rochester,,,Y,43.160067,-77.6076169,11/13/2012,4:50 PM,PROPERTY DAMAGE AND INJURY,1.,0 ,2 ,COLLISION WITH MOTOR VEHICLE,RIGHT ANGLE,TRAFFIC SIGNAL,DARK-ROAD LIGHTED,CLEAR,DRY
6836 ,34561838,MONROE,Rochester,,,Y,43.183911,-77.603834,11/27/2012,2:40 PM,INJURY,1.,0 ,2 ,COLLISION WITH MOTOR VEHICLE,SIDESWIPE,STOP SIGN,DAYLIGHT,CLEAR,DRY
6836 ,34561840,MONROE,Rochester,,,N,43.188024,-77.5609698,12/06/2012,8:17 PM,INJURY,1.,0 ,1 ,COLLISION WITH PEDESTRIAN,OTHER,NONE,DARK-ROAD LIGHTED,CLEAR,DRY
6836 ,34561885,MONROE,Rochester,,,Y,43.180933,-77.640691,12/04/2012,12:36 PM,INJURY,1.,0 ,2 ,COLLISION WITH MOTOR VEHICLE,REAR END,NONE,DAYLIGHT,CLOUDY,DRY
6836 ,34561925,MONROE,Rochester,,,Y,43.158009,-77.548447,12/06/2012,6:10 PM,INJURY,1.,0 ,2 ,COLLISION WITH MOTOR VEHICLE,REAR END,NONE,DARK-ROAD LIGHTED,CLEAR,DRY
6836 ,34561927,MONROE,Rochester,,,Y,43.119504,-77.616509,12/06/2012,3:41 PM,PROPERTY DAMAGE AND INJURY,2.,0 ,4 ,COLLISION WITH MOTOR VEHICLE,OTHER,NONE,DAYLIGHT,CLOUDY,DRY
6836 ,34561937,MONROE,Rochester,,,Y,43.14883,-77.597661,12/04/2012,8:19 AM,INJURY,1.,0 ,1 ,COLLISION WITH PEDESTRIAN,OTHER,TRAFFIC SIGNAL,DAYLIGHT,CLOUDY,WET
6836 ,34561940,MONROE,Rochester,,,Y,43.149647,-77.564766,11/30/2012,9:04 AM,PROPERTY DAMAGE AND INJURY,1.,0 ,2 ,COLLISION WITH MOTOR VEHICLE,REAR END,TRAFFIC SIGNAL,DAYLIGHT,CLOUDY,DRY
6836 ,34561942,MONROE,Rochester,,,N,43.1856467,-77.6235777,12/03/2012,8:58 PM,INJURY,3.,0 ,1 ,COLLISION WITH PEDESTRIAN,OTHER,NONE,DARK-ROAD LIGHTED,CLOUDY,DRY
6836 ,34561948,MONROE,Rochester,,,Y,43.147122,-77.594701,11/20/2012,2:44 PM,INJURY,2.,0 ,2 ,COLLISION WITH MOTOR VEHICLE,RIGHT ANGLE,TRAFFIC SIGNAL,DAYLIGHT,CLEAR,DRY
6836 ,34561952,MONROE,Rochester,,,N,43.1528502,-77.5699425,12/04/2012,6:07 PM,INJURY,1.,0 ,3 ,COLLISION WITH MOTOR VEHICLE,OTHER,NONE,DARK-ROAD LIGHTED,RAIN,WET
6836 ,34561955,MONROE,Rochester,,,Y,43.149813,-77.6290191,12/10/2012,1:19 PM,INJURY,2.,0 ,2 ,COLLISION WITH MOTOR VEHICLE,RIGHT ANGLE,STOP SIGN,DAYLIGHT,RAIN,WET
6836 ,34561959,MONROE,Rochester,,,Y,43.146011,-77.6069563,12/08/2012,8:46 AM,INJURY,1.,0 ,2 ,COLLISION WITH MOTOR VEHICLE,RIGHT ANGLE,NONE,DAYLIGHT,RAIN,WET
6836 ,34561960,MONROE,Rochester,,,Y,43.1391723,-77.580715,12/08/2012,12:48 PM,INJURY,1.,0 ,2 ,COLLISION WITH MOTOR VEHICLE,RIGHT ANGLE,NONE,DAYLIGHT,RAIN,WET
6836 ,34561961,MONROE,Rochester,,,Y,43.124791,-77.61428,12/05/2012,12:56 PM,PROPERTY DAMAGE AND INJURY,1.,0 ,2 ,COLLISION WITH MOTOR VEHICLE,HEAD ON,TRAFFIC SIGNAL,DAYLIGHT,SLEET/HAIL/FREEZING RAIN,WET
6836 ,34561963,MONROE,Rochester,,,Y,43.173884,-77.624003,12/04/2012,7:58 AM,PROPERTY DAMAGE AND INJURY,1.,0 ,3 ,COLLISION WITH MOTOR VEHICLE,OTHER,TRAFFIC SIGNAL,DAYLIGHT,CLEAR,WET
6836 ,34562216,MONROE,Rochester,,,N,43.1651107,-77.6236329,12/02/2012,3:44 AM,INJURY,1.,0 ,1 ,COLLISION WITH PEDESTRIAN,OTHER,NONE,DARK-ROAD LIGHTED,CLEAR,DRY
6836 ,34562480,MONROE,Rochester,,,N,43.1599859,-77.552139,11/24/2012,10:32 PM,PROPERTY DAMAGE AND INJURY,1.,0 ,3 ,COLLISION WITH MOTOR VEHICLE,OTHER,NONE,DARK-ROAD LIGHTED,CLOUDY,DRY
6836 ,34562560,MONROE,Brighton,,,N,43.1051942,-77.6187843,12/04/2012,6:27 PM,INJURY,1.,0 ,1 ,COLL. W/LIGHT SUPPORT/UTILITY POLE,OTHER,NONE,DARK-ROAD LIGHTED,RAIN,WET
6836 ,34562839,MONROE,Chili,,,N,43.0959938,-77.6793815,10/16/2012,12:10 PM,INJURY,4.,0 ,2 ,COLLISION WITH MOTOR VEHICLE,REAR END,RR CROSSING GATES,DAYLIGHT,CLEAR,DRY
6836 ,34563667,MONROE,Gates,,386 43011113,N,43.1630955,-77.7324172,12/10/2012,7:01 PM,PROPERTY DAMAGE AND INJURY,3.,0 ,2 ,COLLISION WITH MOTOR VEHICLE,REAR END,TRAFFIC SIGNAL,DARK-ROAD LIGHTED,RAIN,WET
6836 ,34563679,MONROE,Henrietta,,252 43011080,N,43.0871111,-77.6165745,12/08/2012,6:39 PM,PROPERTY DAMAGE AND INJURY,3.,0 ,2 ,COLLISION WITH MOTOR VEHICLE,REAR END,NONE,DARK-ROAD LIGHTED,RAIN,WET
6836 ,34563687,MONROE,Henrietta,,390I43031109,N,43.079688,-77.6186938,12/07/2012,5:45 PM,PROPERTY DAMAGE AND INJURY,1.,0 ,1 ,COLLISION WITH DEER,OTHER,NONE,DARK-ROAD UNLIGHTED,CLOUDY,DRY
6836 ,34563688,MONROE,Henrietta,,,N,43.0871264,-77.6139875,12/08/2012,6:21 PM,PROPERTY DAMAGE AND INJURY,2.,0 ,2 ,COLLISION WITH MOTOR VEHICLE,REAR END,TRAFFIC SIGNAL,DARK-ROAD LIGHTED,CLOUDY,WET
6836 ,34563690,MONROE,Sweden,,31 43031069,N,43.1979931,-77.8994669,12/05/2012,4:42 PM,PROPERTY DAMAGE AND INJURY,1.,0 ,2 ,COLLISION WITH MOTOR VEHICLE,UNKNOWN,TRAFFIC SIGNAL,DARK-ROAD LIGHTED,CLEAR,DRY
6836 ,34563692,MONROE,Henrietta,,,Y,43.087107,-77.617323,12/09/2012,6:28 PM,PROPERTY DAMAGE AND INJURY,1.,0 ,2 ,COLLISION WITH MOTOR VEHICLE,OVERTAKING,TRAFFIC SIGNAL,DARK-ROAD LIGHTED,RAIN,WET