QUERYID,CASE #,REGN_CNTY_CDE,Municipality,MUNITYPE,REF_MRKR,ATINTERSECTION_IND,Lat,Long,,Time,Crash Type,Injuries,Fatalities,Number of Vehicles,ACCD_TYP,COLLISION_TYP,TRAF_CNTL,Light Condition,Weather Condition,Road Surface Condition
6836 ,34563696,MONROE,Irondequoit,,,Y,43.177028,-77.5382749,12/10/2012,5:35 PM,PROPERTY DAMAGE AND INJURY,2.,0 ,2 ,COLLISION WITH MOTOR VEHICLE,LEFT TURN (WITH OTHER CAR),TRAFFIC SIGNAL,DARK-ROAD LIGHTED,RAIN,WET
6836 ,34563699,MONROE,Sweden,,390I43037010,Y,43.20745,-77.967067,12/04/2012,7:45 PM,PROPERTY DAMAGE AND INJURY,1.,0 ,2 ,COLLISION WITH MOTOR VEHICLE,RIGHT ANGLE,STOP SIGN,DARK-ROAD LIGHTED,RAIN,WET
6836 ,34563706,MONROE,Irondequoit,,,N,43.2027545,-77.564227,12/07/2012,7:55 PM,INJURY,3.,0 ,2 ,COLLISION WITH MOTOR VEHICLE,RIGHT ANGLE,NONE,DARK-ROAD LIGHTED,CLEAR,DRY
6836 ,34563707,MONROE,Brighton,,,N,43.1222072,-77.5934447,12/10/2012,5:13 PM,PROPERTY DAMAGE AND INJURY,1.,0 ,2 ,COLLISION WITH MOTOR VEHICLE,RIGHT ANGLE,NONE,DARK-ROAD LIGHTED,RAIN,WET
6836 ,34563708,MONROE,Brighton,,441 43011100,Y,43.128451,-77.528937,12/10/2012,5:48 PM,PROPERTY DAMAGE AND INJURY,1.,0 ,2 ,COLLISION WITH MOTOR VEHICLE,REAR END,TRAFFIC SIGNAL,DARK-ROAD LIGHTED,RAIN,WET
6836 ,34563713,MONROE,Gates,,,Y,43.174769,-77.732359,12/10/2012,3:17 PM,PROPERTY DAMAGE AND INJURY,1.,0 ,2 ,COLLISION WITH MOTOR VEHICLE,RIGHT ANGLE,TRAFFIC SIGNAL,DAYLIGHT,CLOUDY,WET
6836 ,34563715,MONROE,Gates,,31 43031174,Y,43.169535,-77.701549,12/10/2012,1:00 PM,INJURY,1.,0 ,2 ,COLLISION WITH MOTOR VEHICLE,UNKNOWN,TRAFFIC SIGNAL,DAYLIGHT,RAIN,WET
6836 ,34563980,MONROE,Henrietta,,252 43011056,N,43.0926723,-77.6619356,12/10/2012,11:45 AM,PROPERTY DAMAGE AND INJURY,2.,0 ,2 ,COLLISION WITH MOTOR VEHICLE,RIGHT ANGLE,NONE,DAYLIGHT,CLOUDY,WET
6836 ,34565082,MONROE,Brighton,,,Y,43.106951,-77.601261,10/31/2012,7:15 AM,PROPERTY DAMAGE AND INJURY,2.,0 ,3 ,COLLISION WITH MOTOR VEHICLE,OTHER,OTHER,DAYLIGHT,CLOUDY,DRY
6836 ,34565697,MONROE,Greece,,,N,43.1869096,-77.7054671,11/01/2012,9:40 AM,PROPERTY DAMAGE AND INJURY,1.,0 ,2 ,COLLISION WITH MOTOR VEHICLE,LEFT TURN (AGAINST OTHER CAR),NONE,DAYLIGHT,RAIN,WET
6836 ,34565747,MONROE,Rochester,,,N,43.164639,-77.6232511,11/21/2012,10:27 AM,INJURY,1.,0 ,1 ,COLLISION WITH PEDESTRIAN,OTHER,TRAFFIC SIGNAL,DAYLIGHT,CLEAR,DRY
6836 ,34565748,MONROE,Rochester,,,Y,43.186405,-77.616334,11/24/2012,10:56 AM,PROPERTY DAMAGE AND INJURY,1.,0 ,2 ,COLLISION WITH MOTOR VEHICLE,RIGHT ANGLE,STOP SIGN,DAYLIGHT,CLOUDY,DRY
6836 ,34565770,MONROE,Rochester,,,Y,43.163215,-77.621608,11/25/2012,8:30 AM,PROPERTY DAMAGE AND INJURY,2.,0 ,2 ,COLLISION WITH MOTOR VEHICLE,RIGHT ANGLE,TRAFFIC SIGNAL,DAYLIGHT,CLOUDY,DRY
6836 ,34565900,MONROE,Greece,,,N,43.2671915,-77.6962797,11/13/2012,9:06 AM,PROPERTY DAMAGE AND INJURY,2.,0 ,1 ,COLL. W/LIGHT SUPPORT/UTILITY POLE,OTHER,NONE,DAYLIGHT,CLOUDY,DRY
6836 ,34566007,MONROE,Rochester,,,Y,43.138905,-77.5802424,10/26/2012,12:00 AM,PROPERTY DAMAGE AND INJURY,1.,0 ,2 ,COLLISION WITH MOTOR VEHICLE,RIGHT TURN (AGAINST OTHER CAR),NONE,DAYLIGHT,CLEAR,DRY
6836 ,34566347,MONROE,Chili,,390I43033001,N,43.122822,-77.6484193,12/02/2012,4:00 PM,PROPERTY DAMAGE AND INJURY,1.,0 ,1 ,COLLISION WITH SIGN POST,OTHER,NONE,DAYLIGHT,CLOUDY,WET
6836 ,34566648,MONROE,Henrietta,,15A43041094,Y,43.059358,-77.612421,12/10/2012,5:23 PM,INJURY,1.,0 ,2 ,COLLISION WITH MOTOR VEHICLE,REAR END,TRAFFIC SIGNAL,DARK-ROAD LIGHTED,RAIN,WET
6836 ,34566649,MONROE,Irondequoit,,,Y,43.247964,-77.608334,12/08/2012,11:14 AM,PROPERTY DAMAGE AND INJURY,1.,0 ,2 ,COLLISION WITH MOTOR VEHICLE,LEFT TURN (AGAINST OTHER CAR),TRAFFIC SIGNAL,DAYLIGHT,RAIN,WET
6836 ,34566657,MONROE,Irondequoit,,,Y,43.197049,-77.592437,12/04/2012,10:34 AM,PROPERTY DAMAGE AND INJURY,2.,0 ,2 ,COLLISION WITH MOTOR VEHICLE,RIGHT ANGLE,TRAFFIC SIGNAL,DAYLIGHT,CLEAR,DRY
6836 ,34566668,MONROE,Greece,,,N,43.1852877,-77.7320457,12/10/2012,1:32 PM,PROPERTY DAMAGE AND INJURY,2.,0 ,2 ,COLLISION WITH MOTOR VEHICLE,RIGHT ANGLE,NONE,DAYLIGHT,CLOUDY,WET
6836 ,34566673,MONROE,Greece,,,N,43.1915876,-77.7014636,12/10/2012,9:56 AM,INJURY,1.,0 ,2 ,COLLISION WITH MOTOR VEHICLE,REAR END,TRAFFIC SIGNAL,DAYLIGHT,CLOUDY,WET
6836 ,34566675,MONROE,Greece,,,N,43.192894,-77.6748173,12/04/2012,12:00 AM,PROPERTY DAMAGE AND INJURY,1.,0 ,1 ,COLLISION WITH CURBING,OTHER,NONE,DARK-ROAD LIGHTED,CLOUDY,DRY
6836 ,34567112,MONROE,Rochester,,31 43032053,N,43.1421624,-77.5859562,12/04/2012,5:56 PM,PROPERTY DAMAGE AND INJURY,1.,0 ,3 ,COLLISION WITH MOTOR VEHICLE,OTHER,NONE,DARK-ROAD LIGHTED,RAIN,WET
6836 ,34567116,MONROE,Greece,,390 43011051,N,43.229457,-77.6743874,12/08/2012,7:50 AM,INJURY,1.,0 ,1 ,COLL. W/EARTH ELE./ROCK CUT/DITCH,OTHER,NONE,DAYLIGHT,CLOUDY,WET
6836 ,34567135,MONROE,Rochester,,,N,43.1578571,-77.5409812,12/09/2012,1:08 PM,PROPERTY DAMAGE AND INJURY,2.,0 ,2 ,COLLISION WITH MOTOR VEHICLE,REAR END,YIELD SIGN,DAYLIGHT,CLOUDY,DRY
6836 ,34567318,MONROE,Irondequoit,,104 43035202,N,43.1959818,-77.5575585,12/06/2012,5:35 PM,PROPERTY DAMAGE AND INJURY,1.,0 ,2 ,COLLISION WITH MOTOR VEHICLE,REAR END,NONE,DARK-ROAD LIGHTED,CLEAR,DRY
6836 ,34567493,MONROE,Greece,,,N,43.2244276,-77.7337412,12/08/2012,6:18 PM,INJURY,1.,0 ,1 ,COLLISION WITH PEDESTRIAN,OTHER,NONE,DARK-ROAD LIGHTED,RAIN,WET
6836 ,34569395,MONROE,Chili,,383 43011150,N,43.1185088,-77.6565739,12/13/2012,4:31 PM,PROPERTY DAMAGE AND INJURY,1.,0 ,2 ,COLLISION WITH MOTOR VEHICLE,RIGHT ANGLE,NONE,DAYLIGHT,CLEAR,DRY
6836 ,34570819,MONROE,Rochester,,,Y,43.159763,-77.60289,12/08/2012,6:34 PM,INJURY,1.,0 ,1 ,COLLISION WITH PEDESTRIAN,OTHER,TRAFFIC SIGNAL,DARK-ROAD LIGHTED,RAIN,WET
6836 ,34570833,MONROE,Sweden,,19 43041046,N,43.1981593,-77.9436816,12/03/2012,5:38 AM,INJURY,1.,0 ,2 ,COLLISION WITH MOTOR VEHICLE,REAR END,TRAFFIC SIGNAL,DARK-ROAD LIGHTED,CLOUDY,WET
6836 ,34570834,MONROE,Parma,,,Y,43.218274,-77.7572929,11/30/2012,6:45 PM,PROPERTY DAMAGE AND INJURY,1.,0 ,2 ,COLLISION WITH MOTOR VEHICLE,REAR END,NONE,DARK-ROAD LIGHTED,SNOW,SNOW/ICE
6836 ,34570839,MONROE,Rochester,,,N,43.208006,-77.5616963,12/03/2012,8:00 AM,PROPERTY DAMAGE AND INJURY,1.,0 ,2 ,COLLISION WITH MOTOR VEHICLE,REAR END,NONE,DAYLIGHT,CLOUDY,WET
6836 ,34570882,MONROE,Rochester,,,Y,43.1686968,-77.5800023,11/15/2012,12:45 PM,PROPERTY DAMAGE AND INJURY,4.,0 ,3 ,COLLISION WITH MOTOR VEHICLE,OTHER,TRAFFIC SIGNAL,DAYLIGHT,CLEAR,DRY
6836 ,34571156,MONROE,Rochester,,,N,43.1662459,-77.5902333,10/28/2012,2:22 PM,PROPERTY DAMAGE AND INJURY,2.,0 ,1 ,COLLISION WITH OTHER,OTHER,NONE,DAYLIGHT,RAIN,WET
6836 ,34571157,MONROE,Greece,,,N,43.252886,-77.667925,10/26/2012,7:16 AM,PROPERTY DAMAGE AND INJURY,2.,0 ,2 ,COLLISION WITH MOTOR VEHICLE,RIGHT ANGLE,TRAFFIC SIGNAL,DAWN,CLEAR,DRY
6836 ,34571810,MONROE,Brighton,,590I43011030,N,43.1149146,-77.5518006,11/10/2012,7:39 AM,PROPERTY DAMAGE AND INJURY,1.,0 ,1 ,COLLISION WITH GUIDE RAIL,OTHER,NONE,DAYLIGHT,CLOUDY,WET
6836 ,34572526,MONROE,Chili,,,N,43.1196294,-77.8063975,12/12/2012,3:54 PM,PROPERTY DAMAGE AND INJURY,1.,0 ,2 ,COLLISION WITH MOTOR VEHICLE,LEFT TURN (AGAINST OTHER CAR),NONE,DAYLIGHT,CLOUDY,DRY
6836 ,34572527,MONROE,Brighton,,,N,43.1158462,-77.6321879,12/12/2012,7:52 AM,INJURY,1.,0 ,2 ,COLLISION WITH MOTOR VEHICLE,REAR END,NONE,DAYLIGHT,CLEAR,DRY
6836 ,34572536,MONROE,Chili,,252 43011046,N,43.0926022,-77.6806444,12/10/2012,1:29 PM,INJURY,1.,0 ,2 ,COLLISION WITH MOTOR VEHICLE,REAR END,NONE,DAYLIGHT,CLOUDY,WET
6836 ,34572540,MONROE,Pittsford,,,N,43.0773578,-77.5555167,11/25/2012,4:49 AM,INJURY,1.,0 ,1 ,COLLISION WITH DEER,OTHER,NONE,DARK-ROAD UNLIGHTED,CLEAR,DRY
6836 ,34572543,MONROE,Penfield,,286 43011018,N,43.153666,-77.5060189,12/12/2012,6:05 PM,PROPERTY DAMAGE AND INJURY,1.,0 ,2 ,COLLISION WITH MOTOR VEHICLE,RIGHT ANGLE,TRAFFIC SIGNAL,DARK-ROAD LIGHTED,CLOUDY,DRY
6836 ,34572550,MONROE,Chili,,390I43031150,N,43.122229,-77.647781,12/14/2012,7:49 AM,PROPERTY DAMAGE AND INJURY,1.,0 ,2 ,COLLISION WITH MOTOR VEHICLE,REAR END,NONE,DAYLIGHT,CLEAR,DRY
6836 ,34572554,MONROE,Penfield,,,Y,43.136342,-77.475716,12/13/2012,11:30 AM,PROPERTY DAMAGE AND INJURY,1.,0 ,2 ,COLLISION WITH MOTOR VEHICLE,REAR END,TRAFFIC SIGNAL,DAYLIGHT,CLEAR,DRY
6836 ,34572577,MONROE,Chili,,,N,43.1226087,-77.6471198,12/05/2012,5:04 PM,PROPERTY DAMAGE AND INJURY,1.,0 ,2 ,COLLISION WITH MOTOR VEHICLE,REAR END,YIELD SIGN,DARK-ROAD LIGHTED,CLOUDY,DRY
6836 ,34572581,MONROE,Penfield,,441 43011041,N,43.1307973,-77.4394446,11/29/2012,5:18 PM,INJURY,1.,0 ,1 ,COLLISION WITH PEDESTRIAN,OTHER,STOP SIGN,DARK-ROAD LIGHTED,CLEAR,DRY
6836 ,34572587,MONROE,Clarkson,,19 43041095,N,43.2651585,-77.9215557,12/14/2012,6:24 PM,INJURY,1.,0 ,2 ,COLLISION WITH MOTOR VEHICLE,REAR END,NONE,DARK-ROAD UNLIGHTED,CLOUDY,DRY
6836 ,34572592,MONROE,Sweden,,31 43031065,N,43.1980646,-77.9059684,12/14/2012,4:40 PM,PROPERTY DAMAGE AND INJURY,2.,0 ,2 ,COLLISION WITH MOTOR VEHICLE,HEAD ON,NONE,DAYLIGHT,CLEAR,DRY
6836 ,34572605,MONROE,Sweden,,31A43021024,N,43.1983596,-77.9442174,12/14/2012,12:47 PM,PROPERTY DAMAGE AND INJURY,1.,0 ,2 ,COLLISION WITH MOTOR VEHICLE,REAR END,TRAFFIC SIGNAL,DAYLIGHT,CLEAR,DRY
6836 ,34572608,MONROE,Chili,,,Y,43.112506,-77.794761,12/15/2012,12:35 PM,INJURY,1.,0 ,1 ,COLLISION WITH BICYCLIST,OTHER,STOP SIGN,DAYLIGHT,CLOUDY,DRY
6836 ,34572614,MONROE,Gates,,,N,43.1647219,-77.6900324,12/16/2012,2:12 PM,INJURY,3.,0 ,2 ,COLLISION WITH MOTOR VEHICLE,HEAD ON,NONE,DAYLIGHT,CLEAR,DRY
6836 ,34572630,MONROE,Brockport,,,N,43.2182125,-77.9376831,12/03/2012,10:00 AM,PROPERTY DAMAGE AND INJURY,1.,0 ,1 ,COLLISION WITH BUILDING/WALL,OTHER,NONE,DAYLIGHT,CLEAR,DRY
6836 ,34572633,MONROE,Irondequoit,,,Y,43.2105986,-77.6009389,12/15/2012,5:41 PM,INJURY,1.,0 ,1 ,COLLISION WITH PEDESTRIAN,OTHER,STOP SIGN,DARK-ROAD LIGHTED,CLOUDY,DRY
6836 ,34572636,MONROE,Rochester,,,N,43.2407014,-77.5729289,12/12/2012,2:20 AM,PROPERTY DAMAGE AND INJURY,1.,0 ,1 ,COLLISION WITH GUIDERAIL - END,OTHER,NONE,DARK-ROAD LIGHTED,CLOUDY,WET
6836 ,34572637,MONROE,Brighton,,96 43052007,N,43.1271699,-77.5279713,12/13/2012,11:19 AM,PROPERTY DAMAGE AND INJURY,1.,0 ,3 ,COLLISION WITH MOTOR VEHICLE,OTHER,NONE,DAYLIGHT,CLEAR,DRY
6836 ,34572642,MONROE,Brighton,,15 43031121,Y,43.104245,-77.62779,12/14/2012,1:49 PM,PROPERTY DAMAGE AND INJURY,2.,0 ,2 ,COLLISION WITH MOTOR VEHICLE,RIGHT ANGLE,TRAFFIC SIGNAL,DAYLIGHT,CLEAR,DRY
6836 ,34572649,MONROE,Brighton,,,N,43.112116,-77.6237131,12/13/2012,6:29 PM,PROPERTY DAMAGE AND INJURY,2.,0 ,2 ,COLLISION WITH MOTOR VEHICLE,UNKNOWN,TRAFFIC SIGNAL,DARK-ROAD LIGHTED,CLOUDY,DRY
6836 ,34573045,MONROE,Rochester,,,Y,43.167366,-77.607229,11/19/2012,3:22 PM,FATAL,2.,1 ,3 ,COLLISION WITH PEDESTRIAN,OTHER,STOP SIGN,DAYLIGHT,CLEAR,DRY
6836 ,34574324,MONROE,Rochester,,,N,43.1792089,-77.6558639,11/23/2012,6:22 AM,PROPERTY DAMAGE AND INJURY,1.,0 ,2 ,COLLISION WITH MOTOR VEHICLE,REAR END,UNKNOWN,UNKNOWN,UNKNOWN,UNKNOWN
6836 ,34574563,MONROE,Chili,,383 43011150,Y,43.115279,-77.664193,12/08/2012,10:55 AM,PROPERTY DAMAGE AND INJURY,1.,0 ,2 ,COLLISION WITH MOTOR VEHICLE,LEFT TURN (WITH OTHER CAR),NONE,DAYLIGHT,CLOUDY,WET
6836 ,34574756,MONROE,Webster,,,N,43.214098,-77.461243,10/26/2012,4:00 PM,PROPERTY DAMAGE AND INJURY,1.,0 ,2 ,COLLISION WITH MOTOR VEHICLE,REAR END,NONE,DAYLIGHT,CLEAR,DRY
6836 ,34574856,MONROE,Pittsford,,,Y,43.11686,-77.5167761,11/25/2012,5:00 PM,PROPERTY DAMAGE AND INJURY,1.,0 ,2 ,COLLISION WITH MOTOR VEHICLE,LEFT TURN (AGAINST OTHER CAR),TRAFFIC SIGNAL,DARK-ROAD LIGHTED,CLEAR,DRY
6836 ,34575317,MONROE,Greece,,18 43031193,N,43.2528955,-77.6703523,12/11/2012,7:20 AM,PROPERTY DAMAGE AND INJURY,1.,0 ,2 ,COLLISION WITH MOTOR VEHICLE,LEFT TURN (AGAINST OTHER CAR),TRAFFIC SIGNAL,DAWN,CLOUDY,DRY
6836 ,34575322,MONROE,Greece,,,N,43.231073,-77.672338,12/09/2012,1:09 PM,INJURY,4.,0 ,2 ,COLLISION WITH MOTOR VEHICLE,REAR END,TRAFFIC SIGNAL,DAYLIGHT,CLEAR,DRY
6836 ,34575326,MONROE,Greece,,18 43031194,N,43.252886,-77.667925,12/12/2012,5:52 AM,PROPERTY DAMAGE AND INJURY,2.,0 ,2 ,COLLISION WITH MOTOR VEHICLE,HEAD ON,TRAFFIC SIGNAL,DARK-ROAD LIGHTED,CLOUDY,WET
6836 ,34575638,MONROE,Penfield,,,N,43.1823993,-77.5075858,12/14/2012,3:45 PM,PROPERTY DAMAGE AND INJURY,1.,0 ,3 ,COLLISION WITH MOTOR VEHICLE,OTHER,NONE,DAYLIGHT,CLEAR,DRY
6836 ,34575645,MONROE,Rush,,15 43031038,N,42.9898815,-77.6706693,12/13/2012,8:11 PM,PROPERTY DAMAGE AND INJURY,1.,0 ,2 ,COLLISION WITH MOTOR VEHICLE,OVERTAKING,NONE,DARK-ROAD LIGHTED,CLOUDY,DRY
6836 ,34576435,MONROE,Webster,,104 43035231,N,43.2131475,-77.5129406,12/12/2012,11:51 AM,PROPERTY DAMAGE AND INJURY,1.,0 ,1 ,COLLISION WITH GUIDERAIL - END,OTHER,NONE,DAYLIGHT,CLEAR,DRY
6836 ,34576502,MONROE,Brighton,,,N,43.1371856,-77.532733,12/18/2012,5:18 PM,PROPERTY DAMAGE AND INJURY,2.,0 ,2 ,COLLISION WITH MOTOR VEHICLE,SIDESWIPE,NO PASSING ZONE,DARK-ROAD UNLIGHTED,RAIN,WET
6836 ,34576506,MONROE,Brighton,,31 43033020,N,43.1114046,-77.548247,12/18/2012,4:13 PM,PROPERTY DAMAGE AND INJURY,1.,0 ,2 ,COLLISION WITH MOTOR VEHICLE,RIGHT ANGLE,NONE,DUSK,RAIN,WET
6836 ,34576528,MONROE,Greece,,,Y,43.231416,-77.71634,12/10/2012,6:33 PM,PROPERTY DAMAGE AND INJURY,2.,0 ,2 ,COLLISION WITH MOTOR VEHICLE,RIGHT ANGLE,TRAFFIC SIGNAL,DARK-ROAD LIGHTED,CLOUDY,WET
6836 ,34576530,MONROE,Greece,,,N,43.2077079,-77.6829273,12/17/2012,2:12 PM,PROPERTY DAMAGE AND INJURY,1.,0 ,2 ,COLLISION WITH MOTOR VEHICLE,REAR END,TRAFFIC SIGNAL,DAYLIGHT,CLOUDY,DRY
6836 ,34576533,MONROE,Parma,,104 43031120,N,43.218831,-77.7686027,12/15/2012,5:00 PM,INJURY,1.,0 ,2 ,COLLISION WITH MOTOR VEHICLE,REAR END,NONE,DARK-ROAD LIGHTED,CLEAR,DRY
6836 ,34576541,MONROE,Rochester,,,N,43.1918061,-77.5921241,12/12/2012,1:23 PM,PROPERTY DAMAGE AND INJURY,1.,0 ,1 ,COLLISION WITH TREE,OTHER,NONE,DAYLIGHT,CLEAR,DRY
6836 ,34576542,MONROE,Rochester,,,N,43.1651466,-77.6096933,12/17/2012,4:02 PM,INJURY,1.,0 ,2 ,COLLISION WITH MOTOR VEHICLE,REAR END,NONE,DUSK,CLOUDY,DRY
6836 ,34576547,MONROE,Rochester,,,N,43.1747806,-77.6132096,11/21/2012,3:38 PM,INJURY,1.,0 ,1 ,COLLISION WITH BICYCLIST,OTHER,NONE,DAYLIGHT,CLEAR,DRY
6836 ,34576558,MONROE,Rochester,,,N,43.1704515,-77.6274038,12/10/2012,3:54 PM,PROPERTY DAMAGE AND INJURY,1.,0 ,2 ,COLLISION WITH MOTOR VEHICLE,REAR END,NONE,DAYLIGHT,RAIN,WET
6836 ,34576571,MONROE,Rochester,,,Y,43.179329,-77.631715,12/10/2012,5:01 PM,INJURY,2.,0 ,2 ,COLLISION WITH MOTOR VEHICLE,LEFT TURN (WITH OTHER CAR),TRAFFIC SIGNAL,DARK-ROAD LIGHTED,RAIN,WET
6836 ,34576577,MONROE,Rochester,,,N,43.1968454,-77.6322854,12/16/2012,8:12 PM,PROPERTY DAMAGE AND INJURY,1.,0 ,3 ,COLLISION WITH MOTOR VEHICLE,OTHER,TRAFFIC SIGNAL,DARK-ROAD LIGHTED,CLOUDY,WET
6836 ,34576578,MONROE,Rochester,,,Y,43.198494,-77.634878,12/14/2012,10:20 PM,INJURY,1.,0 ,1 ,COLLISION WITH BICYCLIST,OTHER,STOP SIGN,DARK-ROAD LIGHTED,CLOUDY,DRY
6836 ,34576581,MONROE,Rochester,,,Y,43.226345,-77.626653,12/16/2012,7:44 PM,INJURY,1.,0 ,1 ,COLLISION WITH PEDESTRIAN,OTHER,TRAFFIC SIGNAL,DARK-ROAD LIGHTED,CLOUDY,DRY
6836 ,34576585,MONROE,Rochester,,,Y,43.142684,-77.61608,12/10/2012,8:12 PM,PROPERTY DAMAGE AND INJURY,2.,0 ,2 ,COLLISION WITH MOTOR VEHICLE,HEAD ON,TRAFFIC SIGNAL,DARK-ROAD LIGHTED,RAIN,WET
6836 ,34576590,MONROE,Rochester,,,N,43.1884349,-77.5609981,12/06/2012,12:35 PM,PROPERTY DAMAGE AND INJURY,1.,0 ,2 ,COLLISION WITH MOTOR VEHICLE,RIGHT ANGLE,NONE,DAYLIGHT,CLOUDY,DRY
6836 ,34576592,MONROE,Rochester,,,N,43.160254,-77.5577109,12/12/2012,10:02 PM,INJURY,1.,0 ,2 ,COLLISION WITH MOTOR VEHICLE,SIDESWIPE,NONE,DARK-ROAD LIGHTED,CLOUDY,DRY
6836 ,34576602,MONROE,Rochester,,,Y,43.201942,-77.62791,12/12/2012,5:50 AM,PROPERTY DAMAGE AND INJURY,1.,0 ,1 ,COLLISION WITH GUIDERAIL - END,OTHER,NONE,DARK-ROAD LIGHTED,CLOUDY,DRY
6836 ,34576603,MONROE,Rochester,,,N,43.160531,-77.6285526,12/10/2012,3:36 PM,INJURY,2.,0 ,3 ,COLLISION WITH MOTOR VEHICLE,OTHER,TRAFFIC SIGNAL,DAYLIGHT,CLOUDY,WET
6836 ,34576626,MONROE,Rochester,,,Y,43.149354,-77.5471409,12/10/2012,6:45 PM,PROPERTY DAMAGE AND INJURY,2.,0 ,2 ,COLLISION WITH MOTOR VEHICLE,REAR END,NONE,DARK-ROAD LIGHTED,RAIN,WET
6836 ,34576635,MONROE,Rochester,,,Y,43.160067,-77.6076169,12/14/2012,10:50 PM,PROPERTY DAMAGE AND INJURY,1.,0 ,2 ,COLLISION WITH MOTOR VEHICLE,LEFT TURN (WITH OTHER CAR),TRAFFIC SIGNAL,DARK-ROAD LIGHTED,CLEAR,DRY
6836 ,34576638,MONROE,Rochester,,,Y,43.156599,-77.608896,12/12/2012,5:18 AM,PROPERTY DAMAGE AND INJURY,1.,0 ,1 ,COLLISION WITH PEDESTRIAN,OTHER,TRAFFIC SIGNAL,DARK-ROAD LIGHTED,CLOUDY,DRY
6836 ,34577182,MONROE,Rochester,,490I43022024,N,43.1572178,-77.627287,12/04/2012,4:38 PM,PROPERTY DAMAGE AND INJURY,1.,0 ,4 ,COLLISION WITH MOTOR VEHICLE,OTHER,NONE,DARK-ROAD LIGHTED,RAIN,WET
6836 ,34577210,MONROE,Gates,,204 43011002,N,43.1329423,-77.7162685,12/18/2012,7:19 AM,INJURY,1.,0 ,1 ,COLLISION WITH MEDIAN/BARRIER,OTHER,NONE,DAWN,RAIN,WET
6836 ,34577246,MONROE,Brighton,,590I43011031,N,43.1154506,-77.5520298,12/18/2012,5:06 PM,PROPERTY DAMAGE AND INJURY,1.,0 ,2 ,COLLISION WITH MOTOR VEHICLE,REAR END,NONE,DARK-ROAD LIGHTED,CLOUDY,DRY
6836 ,34577556,MONROE,Henrietta,,252 43011056,N,43.0902229,-77.6443082,12/18/2012,12:25 PM,PROPERTY DAMAGE AND INJURY,1.,0 ,2 ,COLLISION WITH MOTOR VEHICLE,REAR END,NONE,DAYLIGHT,RAIN,WET
6836 ,34577557,MONROE,Gates,,,N,43.1432216,-77.6725774,12/19/2012,12:04 AM,INJURY,1.,0 ,1 ,COLL. W/EARTH ELE./ROCK CUT/DITCH,OTHER,NONE,DARK-ROAD LIGHTED,CLOUDY,DRY
6836 ,34577559,MONROE,Brighton,,590I43011026,N,43.114844,-77.552096,12/08/2012,9:55 AM,PROPERTY DAMAGE AND INJURY,1.,0 ,1 ,COLLISION WITH GUIDE RAIL,OTHER,OTHER,DAYLIGHT,CLOUDY,WET
6836 ,34577565,MONROE,Irondequoit,,,Y,43.190936,-77.572725,12/18/2012,1:44 PM,PROPERTY DAMAGE AND INJURY,2.,0 ,2 ,COLLISION WITH MOTOR VEHICLE,RIGHT ANGLE,STOP SIGN,DAYLIGHT,RAIN,WET
6836 ,34577567,MONROE,Gates,,,Y,43.135386,-77.680237,12/18/2012,6:12 PM,PROPERTY DAMAGE AND INJURY,2.,0 ,2 ,COLLISION WITH MOTOR VEHICLE,REAR END,NONE,DARK-ROAD LIGHTED,CLOUDY,WET
6836 ,34577568,MONROE,Gates,,,Y,43.133584,-77.683797,12/19/2012,2:40 PM,PROPERTY DAMAGE AND INJURY,1.,0 ,2 ,COLLISION WITH MOTOR VEHICLE,REAR END,NONE,DAYLIGHT,CLOUDY,DRY
6836 ,34577591,MONROE,Rochester,,,Y,43.1774025,-77.5952552,12/18/2012,4:58 PM,INJURY,1.,0 ,1 ,COLLISION WITH PEDESTRIAN,OTHER,NONE,DARK-ROAD LIGHTED,CLOUDY,WET
6836 ,34577907,MONROE,Greece,,,N,43.214424,-77.7318019,11/02/2012,7:37 AM,PROPERTY DAMAGE AND INJURY,1.,0 ,2 ,COLLISION WITH MOTOR VEHICLE,REAR END,TRAFFIC SIGNAL,DAYLIGHT,CLEAR,DRY
6836 ,34577912,MONROE,Rochester,,,Y,43.170804,-77.600806,11/19/2012,8:00 PM,PROPERTY DAMAGE AND INJURY,1.,0 ,2 ,COLLISION WITH MOTOR VEHICLE,OVERTAKING,UNKNOWN,DARK-ROAD LIGHTED,CLEAR,DRY
6836 ,34578340,MONROE,Irondequoit,,,N,43.2114783,-77.5983061,12/11/2012,3:25 PM,INJURY,1.,0 ,1 ,COLLISION WITH PEDESTRIAN,OTHER,NONE,DAYLIGHT,CLOUDY,DRY
6836 ,34578778,MONROE,Sweden,,,N,43.1983602,-77.9444048,12/18/2012,2:15 PM,PROPERTY DAMAGE AND INJURY,1.,0 ,2 ,COLLISION WITH MOTOR VEHICLE,UNKNOWN,STOP SIGN,DAYLIGHT,CLOUDY,WET
6836 ,34578785,MONROE,Sweden,,31A43021010,N,43.1981271,-77.9764552,12/06/2012,2:55 PM,PROPERTY DAMAGE AND INJURY,1.,0 ,2 ,COLLISION WITH MOTOR VEHICLE,SIDESWIPE,NONE,DAYLIGHT,CLEAR,DRY
6836 ,34578788,MONROE,Churchville,,36 43031078,N,43.0916148,-77.8846628,12/19/2012,5:53 PM,INJURY,1.,0 ,1 ,COLLISION WITH DEER,OTHER,NONE,DARK-ROAD LIGHTED,CLEAR,DRY
6836 ,34578792,MONROE,Riga,,,N,43.0855069,-77.8619517,12/17/2012,11:04 AM,PROPERTY DAMAGE AND INJURY,1.,0 ,1 ,COLL. W/LIGHT SUPPORT/UTILITY POLE,OTHER,NONE,DAYLIGHT,CLOUDY,WET