QUERYID,CASE #,REGN_CNTY_CDE,Municipality,MUNITYPE,REF_MRKR,ATINTERSECTION_IND,Lat,Long,,Time,Crash Type,Injuries,Fatalities,Number of Vehicles,ACCD_TYP,COLLISION_TYP,TRAF_CNTL,Light Condition,Weather Condition,Road Surface Condition
6836 ,34578803,MONROE,Brighton,,65 43031139,Y,43.127016,-77.5467921,12/20/2012,7:58 AM,PROPERTY DAMAGE AND INJURY,1.,0 ,2 ,COLLISION WITH MOTOR VEHICLE,RIGHT ANGLE,TRAFFIC SIGNAL,DAYLIGHT,CLEAR,DRY
6836 ,34578970,MONROE,Churchville,,36 43031087,N,43.1038195,-77.8846909,12/09/2012,3:06 PM,PROPERTY DAMAGE AND INJURY,1.,0 ,2 ,COLLISION WITH MOTOR VEHICLE,RIGHT ANGLE,NONE,DAYLIGHT,CLOUDY,DRY
6836 ,34578973,MONROE,Clarkson,,19 43041103,N,43.2772947,-77.921253,12/20/2012,5:35 PM,INJURY,1.,0 ,2 ,COLLISION WITH MOTOR VEHICLE,REAR END,NONE,DARK-ROAD UNLIGHTED,RAIN,WET
6836 ,34578975,MONROE,Irondequoit,,,N,43.1973387,-77.5875428,12/20/2012,12:41 PM,PROPERTY DAMAGE AND INJURY,1.,0 ,2 ,COLLISION WITH MOTOR VEHICLE,RIGHT ANGLE,TRAFFIC SIGNAL,DAYLIGHT,CLOUDY,DRY
6836 ,34578980,MONROE,Rochester,,,N,43.2421258,-77.5771336,12/19/2012,12:20 PM,PROPERTY DAMAGE AND INJURY,1.,0 ,1 ,COLLISION WITH TREE,OTHER,NONE,DAYLIGHT,CLEAR,DRY
6836 ,34579479,MONROE,Pittsford,,441 43011111,N,43.1234667,-77.5146311,12/19/2012,4:19 PM,PROPERTY DAMAGE AND INJURY,1.,0 ,2 ,COLLISION WITH MOTOR VEHICLE,OVERTAKING,NONE,DAYLIGHT,CLOUDY,DRY
6836 ,34579489,MONROE,Brighton,,,N,43.143356,-77.546236,12/17/2012,5:27 PM,PROPERTY DAMAGE AND INJURY,1.,0 ,2 ,COLLISION WITH MOTOR VEHICLE,REAR END,NONE,DARK-ROAD LIGHTED,CLEAR,DRY
6836 ,34579491,MONROE,Perinton,,,N,43.0789316,-77.4321147,12/18/2012,2:51 PM,INJURY,1.,0 ,2 ,COLLISION WITH MOTOR VEHICLE,REAR END,TRAFFIC SIGNAL,DAYLIGHT,RAIN,WET
6836 ,34579507,MONROE,Rochester,,,Y,43.1449134,-77.6102389,12/19/2012,10:35 AM,PROPERTY DAMAGE AND INJURY,1.,0 ,2 ,COLLISION WITH MOTOR VEHICLE,REAR END,NONE,DAYLIGHT,CLEAR,DRY
6836 ,34579510,MONROE,Rochester,,,N,43.141401,-77.6509857,12/21/2012,2:30 AM,PROPERTY DAMAGE AND INJURY,1.,0 ,2 ,COLLISION WITH MOTOR VEHICLE,REAR END,NONE,DARK-ROAD LIGHTED,RAIN,WET
6836 ,34579516,MONROE,Rochester,,,N,43.1877962,-77.5714417,12/20/2012,5:51 PM,PROPERTY DAMAGE AND INJURY,1.,0 ,2 ,COLLISION WITH MOTOR VEHICLE,REAR END,NONE,DARK-ROAD LIGHTED,RAIN,WET
6836 ,34579521,MONROE,Rochester,,,N,43.1590964,-77.5490712,12/10/2012,12:05 PM,PROPERTY DAMAGE AND INJURY,1.,0 ,2 ,COLLISION WITH MOTOR VEHICLE,REAR END,NONE,DAYLIGHT,RAIN,WET
6836 ,34579531,MONROE,Rochester,,,N,43.1586849,-77.5941771,12/21/2012,12:45 AM,PROPERTY DAMAGE AND INJURY,1.,0 ,1 ,COLLISION WITH CURBING,OTHER,NONE,DARK-ROAD LIGHTED,RAIN,WET
6836 ,34579546,MONROE,Rochester,,,N,43.1770084,-77.5682371,12/16/2012,9:40 PM,INJURY,1.,0 ,2 ,COLLISION WITH MOTOR VEHICLE,OVERTAKING,NONE,DARK-ROAD LIGHTED,CLEAR,WET
6836 ,34580153,MONROE,Ogden,,33 43031084,N,43.1324956,-77.7802495,12/21/2012,4:58 PM,PROPERTY DAMAGE AND INJURY,2.,0 ,3 ,COLLISION WITH MOTOR VEHICLE,OTHER,NONE,DARK-ROAD UNLIGHTED,RAIN,WET
6836 ,34580155,MONROE,Perinton,,,Y,43.079057,-77.457182,12/16/2012,1:06 PM,PROPERTY DAMAGE AND INJURY,1.,0 ,2 ,COLLISION WITH MOTOR VEHICLE,LEFT TURN (AGAINST OTHER CAR),STOP SIGN,DAYLIGHT,CLEAR,DRY
6836 ,34580156,MONROE,Gates,,,Y,43.147073,-77.711237,12/21/2012,10:20 AM,PROPERTY DAMAGE AND INJURY,1.,0 ,2 ,COLLISION WITH MOTOR VEHICLE,REAR END,TRAFFIC SIGNAL,DAYLIGHT,SNOW,WET
6836 ,34580185,MONROE,Pittsford,,441 43011113,N,43.123394,-77.5115432,12/21/2012,3:02 PM,PROPERTY DAMAGE AND INJURY,1.,0 ,3 ,COLLISION WITH MOTOR VEHICLE,OTHER,NONE,DAYLIGHT,RAIN,WET
6836 ,34580195,MONROE,Pittsford,,31F43011008,N,43.1096435,-77.504445,12/21/2012,8:46 PM,INJURY,1.,0 ,2 ,COLLISION WITH MOTOR VEHICLE,REAR END,TRAFFIC SIGNAL,DARK-ROAD LIGHTED,SLEET/HAIL/FREEZING RAIN,WET
6836 ,34580197,MONROE,Gates,,,Y,43.149827,-77.699244,12/21/2012,3:51 PM,PROPERTY DAMAGE AND INJURY,1.,0 ,2 ,COLLISION WITH MOTOR VEHICLE,REAR END,NONE,DAYLIGHT,SNOW,WET
6836 ,34580214,MONROE,Greece,,,N,43.1846973,-77.6804783,12/21/2012,12:07 PM,PROPERTY DAMAGE AND INJURY,1.,0 ,2 ,COLLISION WITH MOTOR VEHICLE,RIGHT ANGLE,STOP SIGN,DAYLIGHT,CLOUDY,WET
6836 ,34580215,MONROE,Greece,,,N,43.2104075,-77.6959301,12/20/2012,11:27 PM,PROPERTY DAMAGE AND INJURY,1.,0 ,2 ,COLLISION WITH MOTOR VEHICLE,OVERTAKING,NONE,DARK-ROAD LIGHTED,RAIN,WET
6836 ,34580222,MONROE,Rochester,,,Y,43.161707,-77.585903,12/21/2012,6:12 PM,INJURY,1.,0 ,2 ,COLLISION WITH MOTOR VEHICLE,LEFT TURN (AGAINST OTHER CAR),TRAFFIC SIGNAL,DARK-ROAD LIGHTED,RAIN,WET
6836 ,34580923,MONROE,Greece,,47 43013156,Y,43.205698,-77.670283,12/20/2012,7:49 PM,INJURY,1.,0 ,2 ,COLLISION WITH MOTOR VEHICLE,REAR END,TRAFFIC SIGNAL,DARK-ROAD LIGHTED,RAIN,WET
6836 ,34580927,MONROE,Greece,,,Y,43.2503899,-77.696481,12/19/2012,4:19 PM,PROPERTY DAMAGE AND INJURY,1.,0 ,4 ,COLLISION WITH MOTOR VEHICLE,OTHER,NONE,DAYLIGHT,CLOUDY,DRY
6836 ,34580933,MONROE,Greece,,,N,43.2030345,-77.6974642,12/20/2012,7:40 PM,PROPERTY DAMAGE AND INJURY,1.,0 ,2 ,COLLISION WITH MOTOR VEHICLE,RIGHT ANGLE,TRAFFIC SIGNAL,DARK-ROAD LIGHTED,RAIN,WET
6836 ,34580935,MONROE,Greece,,18 43031212,N,43.242644,-77.6468373,12/18/2012,5:44 PM,INJURY,1.,0 ,2 ,COLLISION WITH MOTOR VEHICLE,LEFT TURN (AGAINST OTHER CAR),STOP SIGN,DARK-ROAD LIGHTED,CLOUDY,WET
6836 ,34581137,MONROE,Penfield,,441 43011043,Y,43.131169,-77.4593799,12/23/2012,3:29 PM,PROPERTY DAMAGE AND INJURY,1.,0 ,3 ,COLLISION WITH MOTOR VEHICLE,OTHER,NONE,DAYLIGHT,CLEAR,DRY
6836 ,34581145,MONROE,Brighton,,490I43023004,N,43.1400504,-77.5407434,12/21/2012,5:09 AM,INJURY,1.,0 ,1 ,COLLISION WITH OTHER BARRIER,OTHER,NONE,DARK-ROAD LIGHTED,RAIN,WET
6836 ,34581155,MONROE,Pittsford,,65 43031091,N,43.0600675,-77.554623,12/22/2012,11:47 AM,PROPERTY DAMAGE AND INJURY,1.,0 ,1 ,COLLISION WITH TREE,OTHER,NONE,DAYLIGHT,SNOW,SNOW/ICE
6836 ,34581163,MONROE,Henrietta,,252 43011066,N,43.0894956,-77.6422159,12/22/2012,2:50 PM,PROPERTY DAMAGE AND INJURY,1.,0 ,2 ,COLLISION WITH MOTOR VEHICLE,REAR END,TRAFFIC SIGNAL,DAYLIGHT,CLEAR,WET
6836 ,34581168,MONROE,Mendon,,,N,42.9586374,-77.5465604,12/22/2012,2:14 PM,INJURY,1.,0 ,2 ,COLLISION WITH MOTOR VEHICLE,RIGHT ANGLE,NONE,DAYLIGHT,CLOUDY,SNOW/ICE
6836 ,34581170,MONROE,Pittsford,,490I43023050,N,43.086746,-77.4961706,12/18/2012,5:27 PM,PROPERTY DAMAGE AND INJURY,1.,0 ,3 ,COLLISION WITH MOTOR VEHICLE,OTHER,NONE,DARK-ROAD UNLIGHTED,CLOUDY,WET
6836 ,34581174,MONROE,Henrietta,,253 43011083,N,43.0592843,-77.6065587,12/21/2012,5:35 PM,PROPERTY DAMAGE AND INJURY,1.,0 ,2 ,COLLISION WITH MOTOR VEHICLE,REAR END,NONE,DARK-ROAD UNLIGHTED,CLOUDY,WET
6836 ,34581185,MONROE,Henrietta,,252 43011080,N,43.0871181,-77.6152947,12/21/2012,7:35 PM,PROPERTY DAMAGE AND INJURY,1.,0 ,4 ,COLLISION WITH MOTOR VEHICLE,OTHER,NONE,DARK-ROAD LIGHTED,RAIN,WET
6836 ,34581189,MONROE,Wheatland,,383 43011071,N,43.0300334,-77.7420722,12/18/2012,4:44 PM,PROPERTY DAMAGE AND INJURY,3.,0 ,2 ,COLLISION WITH MOTOR VEHICLE,RIGHT ANGLE,NONE,DARK-ROAD LIGHTED,CLOUDY,WET
6836 ,34581191,MONROE,Penfield,,404 43035050,N,43.1814689,-77.5083694,12/22/2012,3:03 PM,PROPERTY DAMAGE AND INJURY,1.,0 ,1 ,COLL. W/LIGHT SUPPORT/UTILITY POLE,OTHER,NONE,DAYLIGHT,CLOUDY,WET
6836 ,34581192,MONROE,Henrietta,,,Y,43.067984,-77.647022,12/17/2012,6:43 PM,PROPERTY DAMAGE AND INJURY,1.,0 ,2 ,COLLISION WITH MOTOR VEHICLE,REAR END,TRAFFIC SIGNAL,DARK-ROAD LIGHTED,CLOUDY,DRY
6836 ,34581212,MONROE,Henrietta,,15 43031104,N,43.0867651,-77.6370067,12/22/2012,2:57 PM,INJURY,1.,0 ,2 ,COLLISION WITH MOTOR VEHICLE,RIGHT ANGLE,NONE,DAYLIGHT,CLEAR,WET
6836 ,34581253,MONROE,Rochester,,,Y,43.142695,-77.658772,12/18/2012,12:45 PM,PROPERTY DAMAGE AND INJURY,2.,0 ,2 ,COLLISION WITH MOTOR VEHICLE,LEFT TURN (WITH OTHER CAR),TRAFFIC SIGNAL,DAYLIGHT,RAIN,WET
6836 ,34581255,MONROE,Rochester,,,Y,43.171734,-77.6280679,12/21/2012,8:53 PM,PROPERTY DAMAGE AND INJURY,1.,0 ,2 ,COLLISION WITH MOTOR VEHICLE,REAR END,TRAFFIC SIGNAL,DARK-ROAD LIGHTED,RAIN,SNOW/ICE
6836 ,34581257,MONROE,Rochester,,,Y,43.141194,-77.636016,12/23/2012,1:34 AM,PROPERTY DAMAGE AND INJURY,1.,0 ,1 ,COLLISION WITH FENCE,OTHER,NONE,DARK-ROAD LIGHTED,SNOW,WET
6836 ,34581266,MONROE,Rochester,,,Y,43.140204,-77.6037549,12/22/2012,3:43 PM,PROPERTY DAMAGE AND INJURY,1.,0 ,2 ,COLLISION WITH MOTOR VEHICLE,RIGHT TURN (AGAINST OTHER CAR),STOP SIGN,DAYLIGHT,CLOUDY,SNOW/ICE
6836 ,34581269,MONROE,Rochester,,,Y,43.152039,-77.6598411,12/17/2012,7:30 AM,PROPERTY DAMAGE AND INJURY,1.,0 ,2 ,COLLISION WITH MOTOR VEHICLE,REAR END,TRAFFIC SIGNAL,DAYLIGHT,RAIN,WET
6836 ,34581275,MONROE,Rochester,,940M43011012,Y,43.180937,-77.631738,12/13/2012,8:50 AM,INJURY,1.,0 ,2 ,COLLISION WITH MOTOR VEHICLE,REAR END,TRAFFIC SIGNAL,DAYLIGHT,CLEAR,SNOW/ICE
6836 ,34581279,MONROE,Rochester,,,Y,43.172445,-77.612523,12/22/2012,9:00 PM,INJURY,1.,0 ,1 ,COLLISION WITH PEDESTRIAN,OTHER,NONE,DARK-ROAD LIGHTED,SNOW,SNOW/ICE
6836 ,34581714,MONROE,Penfield,,,N,43.1908078,-77.5045992,12/18/2012,6:35 PM,PROPERTY DAMAGE AND INJURY,1.,0 ,2 ,COLLISION WITH MOTOR VEHICLE,LEFT TURN (AGAINST OTHER CAR),NONE,DARK-ROAD LIGHTED,CLOUDY,WET
6836 ,34581728,MONROE,Greece,,104 43031139,Y,43.214716,-77.732804,11/19/2012,6:31 PM,PROPERTY DAMAGE AND INJURY,3.,0 ,2 ,COLLISION WITH MOTOR VEHICLE,OTHER,NONE,DARK-ROAD LIGHTED,CLEAR,DRY
6836 ,34581737,MONROE,Greece,,,N,43.2075081,-77.6808787,12/18/2012,4:12 PM,PROPERTY DAMAGE AND INJURY,2.,0 ,2 ,COLLISION WITH MOTOR VEHICLE,REAR END,NONE,DAYLIGHT,CLOUDY,WET
6836 ,34581993,MONROE,Penfield,,,Y,43.135864,-77.441867,05/11/2012,5:30 PM,INJURY,1.,0 ,2 ,COLLISION WITH MOTOR VEHICLE,LEFT TURN (WITH OTHER CAR),NONE,DAYLIGHT,CLEAR,DRY
6836 ,34582239,MONROE,Rochester,,,Y,43.13591,-77.636005,11/27/2012,1:58 PM,PROPERTY DAMAGE AND INJURY,2.,0 ,2 ,COLLISION WITH MOTOR VEHICLE,RIGHT TURN (AGAINST OTHER CAR),STOP SIGN,DAYLIGHT,CLEAR,DRY
6836 ,34582831,MONROE,Rochester,,,Y,43.164639,-77.6232511,11/09/2012,11:48 AM,INJURY,2.,0 ,2 ,COLLISION WITH MOTOR VEHICLE,RIGHT TURN (AGAINST OTHER CAR),NONE,DAYLIGHT,CLEAR,DRY
6836 ,34583015,MONROE,Rochester,,,N,43.151527,-77.6306567,09/22/2012,2:17 PM,PROPERTY DAMAGE AND INJURY,1.,0 ,2 ,COLLISION WITH MOTOR VEHICLE,REAR END,NONE,DAYLIGHT,CLEAR,DRY
6836 ,34583596,MONROE,Chili,,383 43011146,N,43.115654,-77.6633042,12/22/2012,2:43 AM,PROPERTY DAMAGE AND INJURY,2.,0 ,2 ,COLLISION WITH MOTOR VEHICLE,RIGHT ANGLE,NONE,DARK-ROAD LIGHTED,SLEET/HAIL/FREEZING RAIN,SNOW/ICE
6836 ,34583613,MONROE,Rochester,,,N,43.2405108,-77.6212474,12/24/2012,2:04 PM,INJURY,2.,0 ,2 ,COLLISION WITH MOTOR VEHICLE,RIGHT ANGLE,NONE,DAYLIGHT,CLEAR,SNOW/ICE
6836 ,34583617,MONROE,Rochester,,,Y,43.170708,-77.594481,12/22/2012,4:18 PM,INJURY,1.,0 ,2 ,COLLISION WITH MOTOR VEHICLE,RIGHT ANGLE,TRAFFIC SIGNAL,DAYLIGHT,CLOUDY,WET
6836 ,34583618,MONROE,Rochester,,,Y,43.1317765,-77.6509266,12/19/2012,2:31 PM,PROPERTY DAMAGE AND INJURY,1.,0 ,3 ,COLLISION WITH MOTOR VEHICLE,OTHER,NONE,DAYLIGHT,CLEAR,DRY
6836 ,34584405,MONROE,Webster,,,N,43.202768,-77.462266,12/20/2012,8:45 PM,PROPERTY DAMAGE AND INJURY,2.,0 ,2 ,COLLISION WITH MOTOR VEHICLE,RIGHT ANGLE,STOP SIGN,DARK-ROAD UNLIGHTED,RAIN,WET
6836 ,34584435,MONROE,Chili,,490I43021131,N,43.1216782,-77.7377076,12/23/2012,1:22 PM,PROPERTY DAMAGE AND INJURY,1.,0 ,1 ,OVERTURNED,OTHER,NONE,DAYLIGHT,CLOUDY,WET
6836 ,34584436,MONROE,Sweden,,31 43033315,N,43.2001049,-77.967188,12/23/2012,12:55 PM,PROPERTY DAMAGE AND INJURY,1.,0 ,2 ,COLLISION WITH OTHER,OTHER,NO PASSING ZONE,DAYLIGHT,CLEAR,WET
6836 ,34584439,MONROE,Sweden,,31A43021015,N,43.198319,-77.9672094,12/25/2012,7:02 PM,INJURY,1.,0 ,2 ,COLLISION WITH MOTOR VEHICLE,LEFT TURN (WITH OTHER CAR),TRAFFIC SIGNAL,DARK-ROAD LIGHTED,CLOUDY,DRY
6836 ,34584454,MONROE,Brighton,,15 43031114,Y,43.1116499,-77.6239654,12/26/2012,4:39 PM,PROPERTY DAMAGE AND INJURY,1.,0 ,3 ,COLLISION WITH MOTOR VEHICLE,OTHER,NONE,DAYLIGHT,SNOW,WET
6836 ,34584568,MONROE,Rochester,,,N,43.1734313,-77.6289333,12/24/2012,5:17 PM,INJURY,1.,0 ,2 ,COLLISION WITH MOTOR VEHICLE,REAR END,NONE,DARK-ROAD LIGHTED,CLEAR,DRY
6836 ,34584579,MONROE,Rochester,,,N,43.1805663,-77.6079707,12/23/2012,10:53 PM,INJURY,1.,0 ,2 ,COLLISION WITH MOTOR VEHICLE,LEFT TURN (WITH OTHER CAR),TRAFFIC SIGNAL,DARK-ROAD LIGHTED,SNOW,SNOW/ICE
6836 ,34584590,MONROE,Rochester,,,N,43.192842,-77.6292448,12/21/2012,5:41 PM,INJURY,1.,0 ,1 ,COLLISION WITH PEDESTRIAN,OTHER,NONE,DARK-ROAD LIGHTED,RAIN,WET
6836 ,34584601,MONROE,Rochester,,,Y,43.15939,-77.65956,12/21/2012,8:10 PM,PROPERTY DAMAGE AND INJURY,1.,0 ,2 ,COLLISION WITH MOTOR VEHICLE,REAR END,TRAFFIC SIGNAL,DARK-ROAD LIGHTED,RAIN,WET
6836 ,34584633,MONROE,Webster,,,Y,43.204068,-77.484636,12/21/2012,1:31 PM,PROPERTY DAMAGE AND INJURY,1.,0 ,4 ,COLLISION WITH MOTOR VEHICLE,OTHER,TRAFFIC SIGNAL,DAYLIGHT,SNOW,WET
6836 ,34584637,MONROE,Brighton,,590I43011035,N,43.1231296,-77.5534622,12/20/2012,5:43 AM,PROPERTY DAMAGE AND INJURY,1.,0 ,1 ,COLL. W/EARTH ELE./ROCK CUT/DITCH,OTHER,NONE,DARK-ROAD LIGHTED,CLEAR,DRY
6836 ,34584638,MONROE,Brighton,,590I43011033,N,43.114844,-77.552096,12/22/2012,8:00 AM,PROPERTY DAMAGE AND INJURY,1.,0 ,3 ,COLLISION WITH MOTOR VEHICLE,OTHER,NONE,DAWN,SNOW,SNOW/ICE
6836 ,34584650,MONROE,Henrietta,,,N,43.0830242,-77.629634,12/21/2012,12:11 PM,PROPERTY DAMAGE AND INJURY,1.,0 ,2 ,COLLISION WITH MOTOR VEHICLE,LEFT TURN (AGAINST OTHER CAR),TRAFFIC SIGNAL,DAYLIGHT,CLOUDY,WET
6836 ,34584655,MONROE,Henrietta,,,N,43.076036,-77.62672,12/23/2012,12:23 PM,INJURY,1.,0 ,2 ,COLLISION WITH MOTOR VEHICLE,REAR END,NONE,DAYLIGHT,CLOUDY,DRY
6836 ,34584657,MONROE,Chili,,252 43011018,Y,43.093916,-77.73333,12/23/2012,11:05 PM,PROPERTY DAMAGE AND INJURY,2.,0 ,1 ,COLLISION WITH OTHER FIXED OBJECT,OTHER,TRAFFIC SIGNAL,DARK-ROAD LIGHTED,CLOUDY,DRY
6836 ,34584661,MONROE,Gates,,,N,43.1753467,-77.7015759,12/24/2012,9:57 AM,PROPERTY DAMAGE AND INJURY,1.,0 ,2 ,COLLISION WITH BUILDING/WALL,OTHER,NONE,DAYLIGHT,CLEAR,DRY
6836 ,34584881,MONROE,Rochester,,,Y,43.1646618,-77.6232719,12/07/2012,8:06 AM,INJURY,1.,0 ,2 ,COLLISION WITH MOTOR VEHICLE,REAR END,TRAFFIC SIGNAL,DAYLIGHT,CLEAR,DRY
6836 ,34584884,MONROE,Rochester,,,Y,43.200455,-77.638723,12/04/2012,7:08 AM,PROPERTY DAMAGE AND INJURY,1.,0 ,2 ,COLLISION WITH MOTOR VEHICLE,LEFT TURN (AGAINST OTHER CAR),TRAFFIC SIGNAL,DAYLIGHT,CLOUDY,WET
6836 ,34584896,MONROE,Rochester,,,Y,43.150263,-77.636096,12/03/2012,8:04 AM,INJURY,1.,0 ,1 ,COLLISION WITH PEDESTRIAN,OTHER,TRAFFIC SIGNAL,DAYLIGHT,CLOUDY,DRY
6836 ,34584965,MONROE,Rochester,,,Y,43.180464,-77.613642,12/10/2012,4:57 PM,PROPERTY DAMAGE AND INJURY,2.,0 ,2 ,COLLISION WITH MOTOR VEHICLE,HEAD ON,TRAFFIC SIGNAL,DUSK,CLOUDY,DRY
6836 ,34585802,MONROE,Pittsford,,252 43011125,N,43.0873218,-77.5281518,12/15/2012,8:57 PM,PROPERTY DAMAGE AND INJURY,2.,0 ,2 ,COLLISION WITH MOTOR VEHICLE,LEFT TURN (AGAINST OTHER CAR),NONE,DARK-ROAD UNLIGHTED,CLEAR,DRY
6836 ,34585803,MONROE,Sweden,,,N,43.2074497,-77.9670617,12/26/2012,7:20 PM,PROPERTY DAMAGE AND INJURY,2.,0 ,2 ,COLLISION WITH MOTOR VEHICLE,RIGHT ANGLE,STOP SIGN,DARK-ROAD LIGHTED,SNOW,SNOW/ICE
6836 ,34585807,MONROE,Brighton,,390I43031127,N,43.1017858,-77.6006372,12/09/2012,11:59 PM,PROPERTY DAMAGE AND INJURY,1.,0 ,1 ,RAN OFF ROAD ONLY,OTHER,NONE,DARK-ROAD UNLIGHTED,CLOUDY,WET
6836 ,34585815,MONROE,Brighton,,,N,43.1086215,-77.6112089,12/21/2012,10:54 PM,PROPERTY DAMAGE AND INJURY,1.,0 ,1 ,COLLISION WITH GUIDE RAIL,OTHER,NONE,DARK-ROAD LIGHTED,SNOW,SNOW/ICE
6836 ,34585879,MONROE,Greece,,,N,43.3220198,-77.7145434,12/16/2012,12:45 AM,PROPERTY DAMAGE AND INJURY,3.,0 ,1 ,COLLISION WITH OTHER FIXED OBJECT,OTHER,NONE,DARK-ROAD UNLIGHTED,CLEAR,DRY
6836 ,34585880,MONROE,Greece,,,N,43.2144681,-77.7319795,12/26/2012,5:15 PM,INJURY,1.,0 ,2 ,COLLISION WITH MOTOR VEHICLE,REAR END,NONE,DARK-ROAD LIGHTED,CLOUDY,DRY
6836 ,34585884,MONROE,Greece,,,Y,43.26774,-77.696269,12/26/2012,5:13 PM,PROPERTY DAMAGE AND INJURY,2.,0 ,2 ,COLLISION WITH MOTOR VEHICLE,UNKNOWN,STOP SIGN,DARK-ROAD LIGHTED,CLOUDY,DRY
6836 ,34585893,MONROE,Rochester,,,N,43.1625759,-77.638849,12/21/2012,6:01 PM,INJURY,1.,0 ,2 ,COLLISION WITH MOTOR VEHICLE,REAR END,NONE,DARK-ROAD LIGHTED,SLEET/HAIL/FREEZING RAIN,WET
6836 ,34585895,MONROE,Rochester,,,Y,43.1466693,-77.6002595,12/16/2012,2:12 AM,INJURY,1.,0 ,2 ,COLLISION WITH MOTOR VEHICLE,SIDESWIPE,NONE,DARK-ROAD LIGHTED,CLEAR,DRY
6836 ,34585897,MONROE,Rochester,,,N,43.1345548,-77.6509447,12/22/2012,4:46 PM,INJURY,1.,0 ,2 ,COLLISION WITH MOTOR VEHICLE,REAR END,NONE,DUSK,CLEAR,SNOW/ICE
6836 ,34585906,MONROE,Henrietta,,253 43011012,N,43.0301773,-77.7196993,12/15/2012,12:10 AM,PROPERTY DAMAGE AND INJURY,1.,0 ,1 ,COLL. W/EARTH ELE./ROCK CUT/DITCH,OTHER,NONE,DARK-ROAD UNLIGHTED,CLEAR,DRY
6836 ,34585908,MONROE,Henrietta,,,N,43.0801476,-77.6297791,11/14/2012,9:41 PM,INJURY,1.,0 ,1 ,COLLISION WITH PEDESTRIAN,OTHER,NONE,DARK-ROAD LIGHTED,CLEAR,DRY
6836 ,34586425,MONROE,Irondequoit,,104 43033001,N,43.1954308,-77.5834028,12/22/2012,9:30 AM,PROPERTY DAMAGE AND INJURY,2.,0 ,1 ,COLLISION WITH GUIDERAIL - END,OTHER,NONE,DAYLIGHT,SNOW,SNOW/ICE
6836 ,34586428,MONROE,Irondequoit,,18 43015012,N,43.2116418,-77.5496712,12/26/2012,12:57 PM,PROPERTY DAMAGE AND INJURY,1.,0 ,2 ,COLLISION WITH MOTOR VEHICLE,REAR END,NONE,DAYLIGHT,CLOUDY,DRY
6836 ,34586434,MONROE,Brighton,,390I43031150,N,43.1148722,-77.6307601,12/22/2012,9:45 AM,PROPERTY DAMAGE AND INJURY,2.,0 ,1 ,COLLISION WITH GUIDE RAIL,OTHER,NONE,DAYLIGHT,SNOW,SNOW/ICE
6836 ,34586482,MONROE,Gates,,490I43021174,N,43.157933,-77.6865893,12/18/2012,5:10 PM,PROPERTY DAMAGE AND INJURY,1.,0 ,2 ,COLLISION WITH MOTOR VEHICLE,OVERTAKING,NONE,DARK-ROAD LIGHTED,CLOUDY,DRY
6836 ,34586733,MONROE,Ogden,,,Y,43.135108,-77.775908,12/28/2012,2:55 AM,INJURY,1.,0 ,1 ,COLLISION WITH SNOW EMBANKMENT,OTHER,STOP SIGN,DARK-ROAD LIGHTED,CLOUDY,SNOW/ICE
6836 ,34586749,MONROE,Henrietta,,15 43031094,N,43.0697497,-77.6461067,12/23/2012,9:41 PM,PROPERTY DAMAGE AND INJURY,1.,0 ,2 ,COLLISION WITH MOTOR VEHICLE,LEFT TURN (AGAINST OTHER CAR),NONE,DARK-ROAD LIGHTED,CLEAR,DRY
6836 ,34586752,MONROE,Chili,,259 43011016,Y,43.1165143,-77.8045241,12/27/2012,8:11 AM,PROPERTY DAMAGE AND INJURY,2.,0 ,2 ,COLLISION WITH MOTOR VEHICLE,REAR END,NONE,DAYLIGHT,SNOW,SNOW/ICE
6836 ,34586757,MONROE,Chili,,,N,43.0701114,-77.7063434,12/27/2012,8:00 AM,PROPERTY DAMAGE AND INJURY,1.,0 ,1 ,COLL. W/LIGHT SUPPORT/UTILITY POLE,OTHER,NONE,DAYLIGHT,SNOW,SNOW/ICE
6836 ,34586765,MONROE,Brighton,,,Y,43.109793,-77.57473,12/28/2012,3:05 PM,INJURY,1.,0 ,2 ,COLLISION WITH MOTOR VEHICLE,REAR END,TRAFFIC SIGNAL,DAYLIGHT,CLOUDY,WET
6836 ,34586768,MONROE,Brighton,,,N,43.125575,-77.5940184,12/28/2012,10:13 AM,INJURY,1.,0 ,2 ,COLLISION WITH MOTOR VEHICLE,REAR END,NONE,DAYLIGHT,CLOUDY,WET
6836 ,34586806,MONROE,Rochester,,,Y,43.193911,-77.658656,12/24/2012,11:25 PM,INJURY,1.,0 ,3 ,COLLISION WITH MOTOR VEHICLE,OTHER,TRAFFIC SIGNAL,DARK-ROAD LIGHTED,SNOW,SNOW/ICE
6836 ,34587294,MONROE,Webster,,104 43035223,N,43.2125108,-77.5302257,12/29/2012,1:30 PM,PROPERTY DAMAGE AND INJURY,1.,0 ,4 ,COLLISION WITH MOTOR VEHICLE,OTHER,NONE,DAYLIGHT,SNOW,SNOW/ICE
6836 ,34587295,MONROE,Webster,,104 43035223,N,43.2125501,-77.5300331,12/29/2012,2:43 PM,PROPERTY DAMAGE AND INJURY,1.,0 ,2 ,COLLISION WITH MOTOR VEHICLE,RIGHT ANGLE,NONE,DAYLIGHT,SNOW,SLUSH
6836 ,34587540,MONROE,Greece,,,Y,43.238399,-77.68596,12/27/2012,5:33 PM,PROPERTY DAMAGE AND INJURY,1.,0 ,3 ,COLLISION WITH MOTOR VEHICLE,OTHER,NONE,DARK-ROAD LIGHTED,CLOUDY,WET