QUERYID,CASE #,REGN_CNTY_CDE,Municipality,MUNITYPE,REF_MRKR,ATINTERSECTION_IND,Lat,Long,,Time,Crash Type,Injuries,Fatalities,Number of Vehicles,ACCD_TYP,COLLISION_TYP,TRAF_CNTL,Light Condition,Weather Condition,Road Surface Condition
6836 ,34588337,MONROE,Greece,,947A43021165,N,43.2912758,-77.7134185,12/27/2012,11:20 AM,INJURY,1.,0 ,1 ,COLLISION WITH SNOW EMBANKMENT,OTHER,NONE,DAYLIGHT,SNOW,SNOW/ICE
6836 ,34588347,MONROE,Rochester,,,Y,43.170226,-77.611807,12/26/2012,5:17 PM,INJURY,1.,0 ,2 ,COLLISION WITH MOTOR VEHICLE,REAR END,TRAFFIC SIGNAL,DARK-ROAD LIGHTED,SNOW,SNOW/ICE
6836 ,34588367,MONROE,Ogden,,,Y,43.125645,-77.765689,12/30/2012,1:40 PM,PROPERTY DAMAGE AND INJURY,1.,0 ,2 ,COLLISION WITH MOTOR VEHICLE,RIGHT ANGLE,STOP SIGN,DAYLIGHT,CLEAR,WET
6836 ,34588369,MONROE,Ogden,,,N,43.1870954,-77.7534257,12/29/2012,2:54 PM,PROPERTY DAMAGE AND INJURY,1.,0 ,1 ,COLLISION WITH GUIDE RAIL,OTHER,NONE,DAYLIGHT,SNOW,SNOW/ICE
6836 ,34588370,MONROE,Ogden,,259 43011037,N,43.1430341,-77.8061387,12/29/2012,6:12 PM,INJURY,3.,0 ,1 ,OVERTURNED,OTHER,NONE,DARK-ROAD UNLIGHTED,SNOW,SNOW/ICE
6836 ,34588372,MONROE,Riga,,490I43021021,N,43.0753128,-77.9331236,12/29/2012,3:38 PM,PROPERTY DAMAGE AND INJURY,1.,0 ,1 ,COLL. W/EARTH ELE./ROCK CUT/DITCH,OTHER,NONE,DAYLIGHT,SNOW,SNOW/ICE
6836 ,34588376,MONROE,Gates,,390 43011002,N,43.1497245,-77.6784652,12/27/2012,9:05 AM,PROPERTY DAMAGE AND INJURY,2.,0 ,2 ,COLLISION WITH GUIDE RAIL,OTHER,NONE,DAYLIGHT,SNOW,SNOW/ICE
6836 ,34588387,MONROE,Perinton,,490I43023089,N,43.0385349,-77.4611311,12/24/2012,1:22 PM,PROPERTY DAMAGE AND INJURY,1.,0 ,1 ,COLLISION WITH TREE,OTHER,NONE,DAYLIGHT,CLEAR,DRY
6836 ,34588401,MONROE,Henrietta,,15A43041095,Y,43.063233,-77.61049,12/17/2012,6:24 PM,PROPERTY DAMAGE AND INJURY,2.,0 ,2 ,COLLISION WITH MOTOR VEHICLE,RIGHT ANGLE,NONE,DARK-ROAD LIGHTED,CLEAR,DRY
6836 ,34588402,MONROE,Brighton,,31 43033019,N,43.1147882,-77.5520438,12/29/2012,2:55 PM,PROPERTY DAMAGE AND INJURY,1.,0 ,1 ,COLLISION WITH OTHER,OTHER,NONE,DAYLIGHT,SNOW,SLUSH
6836 ,34588406,MONROE,Perinton,,250 43011019,N,43.0621262,-77.4423811,12/29/2012,4:20 PM,PROPERTY DAMAGE AND INJURY,1.,0 ,2 ,COLLISION WITH MOTOR VEHICLE,HEAD ON,NONE,DAYLIGHT,SNOW,SNOW/ICE
6836 ,34588410,MONROE,Penfield,,441 43011123,N,43.1276112,-77.493313,12/29/2012,5:41 PM,PROPERTY DAMAGE AND INJURY,2.,0 ,2 ,COLLISION WITH MOTOR VEHICLE,REAR END,NONE,DARK-ROAD UNLIGHTED,SNOW,SNOW/ICE
6836 ,34588416,MONROE,Penfield,,,N,43.141405,-77.4958569,12/27/2012,5:40 PM,PROPERTY DAMAGE AND INJURY,1.,0 ,2 ,COLLISION WITH MOTOR VEHICLE,SIDESWIPE,NONE,DARK-ROAD UNLIGHTED,SNOW,SNOW/ICE
6836 ,34588418,MONROE,Webster,,,N,43.2092869,-77.4430931,12/28/2012,1:40 PM,PROPERTY DAMAGE AND INJURY,2.,0 ,3 ,COLLISION WITH MOTOR VEHICLE,OTHER,STOP SIGN,DAYLIGHT,CLOUDY,WET
6836 ,34588780,MONROE,Webster,,,N,43.2159589,-77.4299384,12/29/2012,9:07 PM,PROPERTY DAMAGE AND INJURY,1.,0 ,2 ,COLLISION WITH MOTOR VEHICLE,REAR END,NONE,DARK-ROAD LIGHTED,SNOW,SNOW/ICE
6836 ,34589089,MONROE,Ogden,,31 43031133,N,43.1810526,-77.7794359,12/29/2012,9:23 PM,PROPERTY DAMAGE AND INJURY,2.,0 ,2 ,COLLISION WITH MOTOR VEHICLE,RIGHT ANGLE,NONE,DARK-ROAD UNLIGHTED,SNOW,SNOW/ICE
6836 ,34589093,MONROE,Rush,,,N,43.0140566,-77.6381392,12/31/2012,10:39 AM,INJURY,1.,0 ,2 ,COLLISION WITH MOTOR VEHICLE,OVERTAKING,NONE,DAYLIGHT,CLEAR,WET
6836 ,34589102,MONROE,Henrietta,,390 43011056,N,43.0738494,-77.6306374,12/29/2012,9:00 AM,PROPERTY DAMAGE AND INJURY,2.,0 ,2 ,COLLISION WITH MOTOR VEHICLE,RIGHT ANGLE,NONE,DAYLIGHT,SNOW,SNOW/ICE
6836 ,34589111,MONROE,Pittsford,,,N,43.1051181,-77.4896619,12/29/2012,7:24 PM,PROPERTY DAMAGE AND INJURY,1.,0 ,2 ,COLLISION WITH MOTOR VEHICLE,SIDESWIPE,NONE,DARK-ROAD LIGHTED,SNOW,SLUSH
6836 ,34590044,MONROE,Irondequoit,,,Y,43.2190294,-77.5986746,11/02/2012,8:00 AM,PROPERTY DAMAGE AND INJURY,1.,0 ,2 ,COLLISION WITH MOTOR VEHICLE,REAR END,NONE,DAYLIGHT,CLEAR,DRY
6836 ,34591125,MONROE,Rochester,,,Y,43.187092,-77.591845,12/16/2012,10:10 PM,PROPERTY DAMAGE AND INJURY,1.,0 ,2 ,COLLISION WITH MOTOR VEHICLE,HEAD ON,TRAFFIC SIGNAL,DARK-ROAD LIGHTED,RAIN,WET
6836 ,34591126,MONROE,Rochester,,,N,43.1380281,-77.6360055,12/28/2012,6:00 PM,INJURY,1.,0 ,2 ,COLLISION WITH MOTOR VEHICLE,REAR END,NONE,DARK-ROAD LIGHTED,CLOUDY,SNOW/ICE
6836 ,34591236,MONROE,Pittsford,,31F43011000,N,43.11686,-77.5167761,12/28/2012,5:24 PM,PROPERTY DAMAGE AND INJURY,2.,0 ,2 ,COLLISION WITH MOTOR VEHICLE,LEFT TURN (AGAINST OTHER CAR),TRAFFIC SIGNAL,DARK-ROAD LIGHTED,CLOUDY,WET
6836 ,34591240,MONROE,Chili,,383 43011154,Y,43.113511,-77.6683561,12/25/2012,10:15 AM,PROPERTY DAMAGE AND INJURY,3.,0 ,2 ,COLLISION WITH MOTOR VEHICLE,LEFT TURN (AGAINST OTHER CAR),TRAFFIC SIGNAL,DAYLIGHT,CLOUDY,WET
6836 ,34591247,MONROE,East Rochester,,,N,43.1000937,-77.4826803,12/29/2012,1:06 PM,INJURY,1.,0 ,2 ,COLLISION WITH MOTOR VEHICLE,SIDESWIPE,NONE,DAYLIGHT,SNOW,SNOW/ICE
6836 ,34591262,MONROE,Gates,,33 43031117,N,43.1452576,-77.7180272,01/01/2013,12:35 PM,PROPERTY DAMAGE AND INJURY,1.,0 ,2 ,COLLISION WITH MOTOR VEHICLE,RIGHT ANGLE,NONE,DAYLIGHT,CLOUDY,WET
6836 ,34591612,MONROE,Rochester,,,Y,43.15648,-77.568022,10/25/2012,12:00 AM,PROPERTY DAMAGE AND INJURY,1.,0 ,2 ,COLLISION WITH MOTOR VEHICLE,RIGHT ANGLE,UNKNOWN,UNKNOWN,UNKNOWN,UNKNOWN
6836 ,34592458,MONROE,Irondequoit,,104 43033004,N,43.1964301,-77.577231,12/31/2012,10:49 AM,INJURY,1.,0 ,2 ,COLLISION WITH MOTOR VEHICLE,REAR END,TRAFFIC SIGNAL,DAYLIGHT,CLEAR,WET
6836 ,34592472,MONROE,Ogden,,531 43012001,N,43.185883,-77.8517061,12/20/2012,4:35 PM,PROPERTY DAMAGE AND INJURY,1.,0 ,3 ,COLLISION WITH MOTOR VEHICLE,OTHER,NONE,DUSK,RAIN,WET
6836 ,34592484,MONROE,Rochester,,490I43022038,N,43.1490395,-77.6037572,12/31/2012,7:13 AM,PROPERTY DAMAGE AND INJURY,1.,0 ,1 ,COLLISION WITH SNOW EMBANKMENT,OTHER,NONE,DAWN,CLOUDY,WET
6836 ,34592486,MONROE,Brighton,,390I43031134,N,43.1113444,-77.6024877,01/01/2013,10:42 AM,PROPERTY DAMAGE AND INJURY,1.,0 ,1 ,COLLISION WITH OTHER BARRIER,OTHER,NONE,DAYLIGHT,SNOW,SNOW/ICE
6836 ,34592535,MONROE,Rochester,,104 43032035,N,43.1921084,-77.5962593,12/31/2012,10:00 AM,PROPERTY DAMAGE AND INJURY,1.,0 ,1 ,COLLISION WITH GUIDE RAIL,OTHER,NONE,DAYLIGHT,CLEAR,SNOW/ICE
6836 ,34592807,MONROE,Greece,,,N,43.191282,-77.6830881,12/31/2012,4:48 PM,PROPERTY DAMAGE AND INJURY,2.,0 ,2 ,COLLISION WITH MOTOR VEHICLE,LEFT TURN (AGAINST OTHER CAR),TRAFFIC SIGNAL,DARK-ROAD LIGHTED,CLOUDY,WET
6836 ,34592813,MONROE,Greece,,,Y,43.23834,-77.646847,12/29/2012,10:11 AM,INJURY,1.,0 ,2 ,COLLISION WITH MOTOR VEHICLE,REAR END,TRAFFIC SIGNAL,DAYLIGHT,SNOW,SNOW/ICE
6836 ,34592817,MONROE,Greece,,,Y,43.2530485,-77.6964429,12/26/2012,3:10 PM,PROPERTY DAMAGE AND INJURY,2.,0 ,2 ,COLLISION WITH MOTOR VEHICLE,RIGHT ANGLE,NONE,DAYLIGHT,CLOUDY,DRY
6836 ,34592821,MONROE,Greece,,,N,43.2532577,-77.7153079,12/30/2012,2:42 PM,PROPERTY DAMAGE AND INJURY,1.,0 ,2 ,COLLISION WITH MOTOR VEHICLE,REAR END,TRAFFIC SIGNAL,DAYLIGHT,CLEAR,WET
6836 ,34592824,MONROE,Greece,,,Y,43.213841,-77.681781,12/20/2012,5:28 PM,INJURY,2.,0 ,2 ,COLLISION WITH MOTOR VEHICLE,RIGHT ANGLE,STOP SIGN,DARK-ROAD UNLIGHTED,RAIN,WET
6836 ,34592825,MONROE,Greece,,,N,43.2950593,-77.7175295,12/30/2012,6:30 AM,PROPERTY DAMAGE AND INJURY,1.,0 ,1 ,COLLISION WITH SNOW EMBANKMENT,OTHER,NONE,DARK-ROAD UNLIGHTED,CLOUDY,SNOW/ICE
6836 ,34592827,MONROE,Greece,,,N,43.2030345,-77.6974642,12/28/2012,8:27 PM,PROPERTY DAMAGE AND INJURY,1.,0 ,2 ,COLLISION WITH MOTOR VEHICLE,RIGHT ANGLE,NONE,DARK-ROAD LIGHTED,CLOUDY,SNOW/ICE
6836 ,34592832,MONROE,Greece,,104 43031159,Y,43.20903,-77.6899849,01/02/2013,2:48 PM,PROPERTY DAMAGE AND INJURY,1.,0 ,2 ,COLLISION WITH MOTOR VEHICLE,REAR END,NONE,DAYLIGHT,SNOW,SNOW/ICE
6836 ,34592900,MONROE,Henrietta,,,N,43.0893146,-77.6356263,12/30/2012,4:28 PM,PROPERTY DAMAGE AND INJURY,2.,0 ,3 ,COLLISION WITH MOTOR VEHICLE,OTHER,NONE,DAYLIGHT,CLOUDY,WET
6836 ,34592906,MONROE,Brighton,,441 43011103,Y,43.106951,-77.601261,01/01/2013,7:14 PM,PROPERTY DAMAGE AND INJURY,1.,0 ,1 ,COLLISION WITH SNOW EMBANKMENT,OTHER,NONE,DARK-ROAD LIGHTED,CLEAR,WET
6836 ,34592910,MONROE,Henrietta,,,Y,43.087044,-77.6247261,12/30/2012,6:56 PM,PROPERTY DAMAGE AND INJURY,3.,0 ,2 ,COLLISION WITH MOTOR VEHICLE,REAR END,TRAFFIC SIGNAL,DARK-ROAD LIGHTED,CLOUDY,WET
6836 ,34592926,MONROE,Brighton,,31 43032002,Y,43.129596,-77.568106,01/02/2013,11:31 AM,PROPERTY DAMAGE AND INJURY,1.,0 ,2 ,COLLISION WITH MOTOR VEHICLE,REAR END,TRAFFIC SIGNAL,DAYLIGHT,CLOUDY,WET
6836 ,34592934,MONROE,Brighton,,,N,43.1257827,-77.5868135,01/02/2013,12:45 PM,PROPERTY DAMAGE AND INJURY,1.,0 ,2 ,COLLISION WITH MOTOR VEHICLE,LEFT TURN (AGAINST OTHER CAR),NONE,DAYLIGHT,SNOW,WET
6836 ,34593224,MONROE,Greece,,,N,43.231074,-77.6719628,12/13/2012,9:07 AM,PROPERTY DAMAGE AND INJURY,1.,0 ,3 ,COLLISION WITH MOTOR VEHICLE,OTHER,TRAFFIC SIGNAL,DAYLIGHT,CLEAR,DRY
6836 ,34593267,MONROE,Gates,,390 43011007,N,43.1676362,-77.6831551,10/16/2012,6:51 AM,INJURY,1.,0 ,2 ,COLLISION WITH MOTOR VEHICLE,REAR END,NONE,DAWN,CLOUDY,DRY
6836 ,34593313,MONROE,Rochester,,,Y,43.160011,-77.6388561,12/10/2012,6:32 PM,INJURY,1.,0 ,2 ,COLLISION WITH MOTOR VEHICLE,LEFT TURN (AGAINST OTHER CAR),STOP SIGN,DARK-ROAD LIGHTED,RAIN,WET
6836 ,34593325,MONROE,Perinton,,,N,43.0793221,-77.4146231,12/10/2012,2:16 PM,PROPERTY DAMAGE AND INJURY,1.,0 ,3 ,COLLISION WITH MOTOR VEHICLE,OTHER,TRAFFIC SIGNAL,DAYLIGHT,CLOUDY,WET
6836 ,34593427,MONROE,Brighton,,15 43031125,Y,43.105104,-77.627356,12/19/2012,5:12 PM,PROPERTY DAMAGE AND INJURY,1.,0 ,3 ,COLLISION WITH MOTOR VEHICLE,OTHER,TRAFFIC SIGNAL,DARK-ROAD LIGHTED,CLOUDY,DRY
6836 ,34593433,MONROE,Rochester,,,Y,43.168341,-77.589298,12/17/2012,7:54 PM,PROPERTY DAMAGE AND INJURY,2.,0 ,3 ,COLLISION WITH MOTOR VEHICLE,OTHER,TRAFFIC SIGNAL,DARK-ROAD LIGHTED,CLEAR,DRY
6836 ,34593513,MONROE,Rochester,,,Y,43.179212,-77.659079,12/05/2012,2:51 PM,PROPERTY DAMAGE AND INJURY,1.,0 ,2 ,COLLISION WITH MOTOR VEHICLE,RIGHT ANGLE,UNKNOWN,DAYLIGHT,CLEAR,DRY
6836 ,34593514,MONROE,Rochester,,,N,43.251214,-77.6136667,12/05/2012,2:00 PM,PROPERTY DAMAGE AND INJURY,1.,0 ,2 ,COLLISION WITH MOTOR VEHICLE,HEAD ON,NONE,DAYLIGHT,CLEAR,DRY
6836 ,34594480,MONROE,Greece,,,Y,43.231113,-77.677857,11/13/2012,7:40 PM,PROPERTY DAMAGE AND INJURY,1.,0 ,2 ,COLLISION WITH MOTOR VEHICLE,HEAD ON,TRAFFIC SIGNAL,DARK-ROAD UNLIGHTED,CLEAR,DRY
6836 ,34594606,MONROE,Rochester,,,N,43.157224,-77.659553,11/09/2011,6:16 PM,PROPERTY DAMAGE AND INJURY,1.,0 ,2 ,COLLISION WITH MOTOR VEHICLE,LEFT TURN (AGAINST OTHER CAR),TRAFFIC SIGNAL,DARK-ROAD LIGHTED,CLEAR,DRY
6836 ,34595407,MONROE,Penfield,,286 43011018,N,43.153666,-77.5060189,12/18/2012,6:52 AM,PROPERTY DAMAGE AND INJURY,2.,0 ,2 ,COLLISION WITH MOTOR VEHICLE,HEAD ON,TRAFFIC SIGNAL,DARK-ROAD LIGHTED,RAIN,WET
6836 ,34595520,MONROE,Brighton,,,N,43.1306858,-77.5960772,01/03/2013,7:06 PM,INJURY,1.,0 ,1 ,COLLISION WITH SNOW EMBANKMENT,OTHER,NONE,DARK-ROAD LIGHTED,SNOW,SNOW/ICE
6836 ,34595533,MONROE,Webster,,250 43011126,N,43.216192,-77.4301981,12/29/2012,3:07 PM,PROPERTY DAMAGE AND INJURY,1.,0 ,2 ,COLLISION WITH MOTOR VEHICLE,LEFT TURN (AGAINST OTHER CAR),TRAFFIC SIGNAL,DAYLIGHT,SNOW,SNOW/ICE
6836 ,34595537,MONROE,Penfield,,,N,43.1331497,-77.4922756,01/02/2013,3:28 PM,INJURY,1.,0 ,2 ,COLLISION WITH MOTOR VEHICLE,REAR END,TRAFFIC SIGNAL,DAYLIGHT,SNOW,SNOW/ICE
6836 ,34595554,MONROE,Irondequoit,,,N,43.2105763,-77.6016734,01/02/2013,11:10 AM,PROPERTY DAMAGE AND INJURY,1.,0 ,1 ,COLL. W/LIGHT SUPPORT/UTILITY POLE,OTHER,NONE,DAYLIGHT,CLOUDY,WET
6836 ,34595561,MONROE,Irondequoit,,,Y,43.1768987,-77.5407474,01/03/2013,7:40 AM,PROPERTY DAMAGE AND INJURY,1.,0 ,2 ,COLLISION WITH MOTOR VEHICLE,LEFT TURN (AGAINST OTHER CAR),NONE,DAYLIGHT,SNOW,WET
6836 ,34595573,MONROE,Greece,,,Y,43.207835,-77.6927377,11/08/2012,2:30 PM,INJURY,1.,0 ,2 ,COLLISION WITH MOTOR VEHICLE,RIGHT ANGLE,STOP SIGN,DAYLIGHT,CLEAR,DRY
6836 ,34595575,MONROE,Greece,,,Y,43.230095,-77.63145,12/29/2012,12:14 PM,PROPERTY DAMAGE AND INJURY,1.,0 ,3 ,COLLISION WITH MOTOR VEHICLE,OTHER,NONE,DAYLIGHT,SNOW,SNOW/ICE
6836 ,34595589,MONROE,Rochester,,,N,43.1665679,-77.5775492,12/29/2012,3:17 PM,PROPERTY DAMAGE AND INJURY,1.,0 ,2 ,COLLISION WITH MOTOR VEHICLE,LEFT TURN (AGAINST OTHER CAR),NONE,DAYLIGHT,SNOW,SNOW/ICE
6836 ,34595596,MONROE,Rochester,,18 43032005,N,43.2107315,-77.6385842,01/01/2013,11:40 AM,PROPERTY DAMAGE AND INJURY,1.,0 ,2 ,COLLISION WITH MOTOR VEHICLE,RIGHT ANGLE,NONE,DAYLIGHT,CLOUDY,SNOW/ICE
6836 ,34595602,MONROE,Rochester,,,Y,43.170717,-77.591422,12/26/2012,11:39 AM,INJURY,1.,0 ,2 ,COLLISION WITH MOTOR VEHICLE,RIGHT ANGLE,STOP SIGN,DAYLIGHT,CLOUDY,DRY
6836 ,34595606,MONROE,Rochester,,,Y,43.142639,-77.547828,01/02/2013,8:21 AM,PROPERTY DAMAGE AND INJURY,2.,0 ,2 ,COLLISION WITH MOTOR VEHICLE,LEFT TURN (AGAINST OTHER CAR),TRAFFIC SIGNAL,DAYLIGHT,CLOUDY,DRY
6836 ,34595612,MONROE,Rochester,,,Y,43.146504,-77.593621,01/01/2013,11:31 PM,PROPERTY DAMAGE AND INJURY,1.,0 ,2 ,COLLISION WITH MOTOR VEHICLE,OVERTAKING,NONE,DARK-ROAD LIGHTED,CLEAR,SNOW/ICE
6836 ,34595617,MONROE,Rochester,,,N,43.1778965,-77.5757211,12/21/2012,1:46 PM,PROPERTY DAMAGE AND INJURY,1.,0 ,1 ,COLLISION WITH CURBING,OTHER,NONE,DAYLIGHT,RAIN,WET
6836 ,34595621,MONROE,Rochester,,,Y,43.139122,-77.5806261,12/17/2012,7:40 AM,PROPERTY DAMAGE AND INJURY,1.,0 ,2 ,COLLISION WITH MOTOR VEHICLE,RIGHT ANGLE,STOP SIGN,DAWN,CLOUDY,WET
6836 ,34595632,MONROE,Rochester,,,N,43.1170005,-77.6168544,12/22/2012,8:46 AM,PROPERTY DAMAGE AND INJURY,2.,0 ,2 ,COLLISION WITH MOTOR VEHICLE,RIGHT ANGLE,NONE,DAYLIGHT,SNOW,SNOW/ICE
6836 ,34596407,MONROE,Greece,,,N,43.1915876,-77.7014636,01/02/2013,10:55 AM,PROPERTY DAMAGE AND INJURY,1.,0 ,2 ,COLLISION WITH MOTOR VEHICLE,LEFT TURN (AGAINST OTHER CAR),TRAFFIC SIGNAL,DAYLIGHT,SNOW,WET
6836 ,34597644,MONROE,Perinton,,31 43033089,N,43.0686855,-77.4344757,01/04/2013,3:26 PM,PROPERTY DAMAGE AND INJURY,1.,0 ,2 ,COLLISION WITH MOTOR VEHICLE,HEAD ON,NONE,DAYLIGHT,CLOUDY,DRY
6836 ,34597651,MONROE,Henrietta,,,N,43.0885784,-77.6097745,01/04/2013,5:51 PM,INJURY,1.,0 ,2 ,COLLISION WITH MOTOR VEHICLE,RIGHT ANGLE,STOP SIGN,DARK-ROAD LIGHTED,CLOUDY,DRY
6836 ,34597652,MONROE,Brighton,,390I43031130,N,43.1068406,-77.6000814,01/03/2013,5:56 PM,PROPERTY DAMAGE AND INJURY,1.,0 ,2 ,COLLISION WITH MOTOR VEHICLE,REAR END,NONE,DARK-ROAD LIGHTED,SNOW,WET
6836 ,34597654,MONROE,Perinton,,250 43011035,N,43.0859617,-77.442089,12/31/2012,3:14 PM,PROPERTY DAMAGE AND INJURY,2.,0 ,2 ,COLLISION WITH MOTOR VEHICLE,REAR END,NONE,DAYLIGHT,CLOUDY,DRY
6836 ,34597655,MONROE,Pittsford,,252 43011127,N,43.087355,-77.523101,01/03/2013,4:18 PM,PROPERTY DAMAGE AND INJURY,2.,0 ,2 ,COLLISION WITH MOTOR VEHICLE,RIGHT ANGLE,STOP SIGN,DAYLIGHT,CLOUDY,WET
6836 ,34597656,MONROE,Henrietta,,253 43011100,N,43.0598081,-77.5731064,01/04/2013,4:12 PM,PROPERTY DAMAGE AND INJURY,2.,0 ,2 ,COLLISION WITH MOTOR VEHICLE,RIGHT ANGLE,STOP SIGN,DAYLIGHT,CLEAR,DRY
6836 ,34597664,MONROE,Pittsford,,,N,43.0338971,-77.5580184,01/04/2013,10:50 AM,PROPERTY DAMAGE AND INJURY,1.,0 ,2 ,COLLISION WITH MOTOR VEHICLE,HEAD ON,NONE,DAYLIGHT,CLOUDY,SNOW/ICE
6836 ,34597666,MONROE,Brighton,,390I43031130,N,43.1068406,-77.6000814,01/02/2013,5:01 PM,PROPERTY DAMAGE AND INJURY,1.,0 ,2 ,COLLISION WITH MOTOR VEHICLE,REAR END,NONE,DARK-ROAD LIGHTED,SNOW,SNOW/ICE
6836 ,34597681,MONROE,Brighton,,,Y,43.125612,-77.5928961,01/04/2013,11:00 AM,PROPERTY DAMAGE AND INJURY,1.,0 ,3 ,COLLISION WITH MOTOR VEHICLE,OTHER,TRAFFIC SIGNAL,DAYLIGHT,CLOUDY,WET
6836 ,34597682,MONROE,Brighton,,,N,43.1003902,-77.6297538,01/04/2013,11:16 PM,INJURY,1.,0 ,2 ,COLLISION WITH MOTOR VEHICLE,REAR END,TRAFFIC SIGNAL,DARK-ROAD LIGHTED,CLOUDY,DRY
6836 ,34597982,MONROE,Brockport,,,Y,43.212883,-77.954895,12/13/2012,1:45 PM,PROPERTY DAMAGE AND INJURY,1.,0 ,2 ,COLLISION WITH MOTOR VEHICLE,LEFT TURN (AGAINST OTHER CAR),NONE,DAYLIGHT,CLEAR,WET
6836 ,34598073,MONROE,Perinton,,,Y,43.069288,-77.4423639,12/07/2012,11:15 AM,INJURY,1.,0 ,2 ,COLLISION WITH MOTOR VEHICLE,REAR END,UNKNOWN,UNKNOWN,UNKNOWN,UNKNOWN
6836 ,34598216,MONROE,Henrietta,,15A43041093,N,43.0593594,-77.6124203,12/10/2012,10:30 AM,PROPERTY DAMAGE AND INJURY,1.,0 ,2 ,COLLISION WITH MOTOR VEHICLE,RIGHT ANGLE,TRAFFIC SIGNAL,DAYLIGHT,CLOUDY,WET
6836 ,34598496,MONROE,Rochester,,,Y,43.161757,-77.608303,12/01/2012,1:15 PM,INJURY,3.,0 ,2 ,COLLISION WITH MOTOR VEHICLE,REAR END,TRAFFIC SIGNAL,DAYLIGHT,CLOUDY,DRY
6836 ,34598632,MONROE,Chili,,432,Y,43.125428,-77.7456321,12/19/2012,11:15 AM,PROPERTY DAMAGE AND INJURY,2.,0 ,2 ,COLLISION WITH MOTOR VEHICLE,LEFT TURN (WITH OTHER CAR),STOP SIGN,DAYLIGHT,CLEAR,DRY
6836 ,34599080,MONROE,Gates,,490I43021173,N,43.1576534,-77.6886792,12/06/2012,12:18 PM,PROPERTY DAMAGE AND INJURY,1.,0 ,2 ,COLLISION WITH MOTOR VEHICLE,REAR END,NONE,DAYLIGHT,CLEAR,DRY
6836 ,34599351,MONROE,Rochester,,,Y,43.137202,-77.625683,11/27/2012,9:45 AM,INJURY,1.,0 ,2 ,COLLISION WITH MOTOR VEHICLE,UNKNOWN,UNKNOWN,UNKNOWN,UNKNOWN,UNKNOWN
6836 ,34599613,MONROE,Rochester,,,Y,43.114684,-77.616216,12/22/2012,4:54 AM,INJURY,1.,0 ,2 ,COLLISION WITH MOTOR VEHICLE,REAR END,TRAFFIC SIGNAL,DARK-ROAD LIGHTED,SNOW,SNOW/ICE
6836 ,34599715,MONROE,Irondequoit,,,N,43.196444,-77.5767859,12/24/2012,3:32 PM,INJURY,1.,0 ,2 ,COLLISION WITH MOTOR VEHICLE,REAR END,YIELD SIGN,DAYLIGHT,CLOUDY,DRY
6836 ,34601106,MONROE,Gates,,390I43037005,N,43.1320639,-77.6620692,01/05/2013,3:07 AM,PROPERTY DAMAGE AND INJURY,2.,0 ,1 ,COLLISION WITH GUIDE RAIL,OTHER,NONE,DARK-ROAD LIGHTED,CLEAR,SNOW/ICE
6836 ,34601107,MONROE,Pittsford,,31 43033028,N,43.1039114,-77.5394455,12/30/2012,12:33 AM,PROPERTY DAMAGE AND INJURY,1.,0 ,2 ,COLLISION WITH MOTOR VEHICLE,REAR END,NONE,DARK-ROAD LIGHTED,SNOW,SNOW/ICE
6836 ,34601112,MONROE,Penfield,,,Y,43.187118,-77.474716,12/27/2012,12:30 PM,INJURY,4.,0 ,2 ,COLLISION WITH MOTOR VEHICLE,HEAD ON,NONE,DAYLIGHT,SNOW,SNOW/ICE
6836 ,34601118,MONROE,Brighton,,,N,43.107461,-77.5759661,01/05/2013,11:03 AM,INJURY,1.,0 ,1 ,COLLISION WITH MEDIAN/BARRIER,OTHER,TRAFFIC SIGNAL,DAYLIGHT,CLOUDY,WET
6836 ,34601122,MONROE,Gates,,,N,43.1621656,-77.7115488,01/05/2013,4:07 PM,PROPERTY DAMAGE AND INJURY,1.,0 ,2 ,COLLISION WITH MOTOR VEHICLE,REAR END,NONE,DUSK,CLOUDY,DRY
6836 ,34601138,MONROE,Perinton,,,N,43.0711326,-77.442319,01/02/2013,10:18 AM,PROPERTY DAMAGE AND INJURY,1.,0 ,2 ,COLLISION WITH MOTOR VEHICLE,RIGHT ANGLE,NONE,DAYLIGHT,SNOW,WET
6836 ,34601144,MONROE,Chili,,251 43011028,N,43.1090717,-77.745609,01/06/2013,11:38 AM,PROPERTY DAMAGE AND INJURY,2.,0 ,2 ,COLLISION WITH MOTOR VEHICLE,RIGHT ANGLE,STOP SIGN,DAYLIGHT,CLOUDY,DRY
6836 ,34601145,MONROE,Penfield,,,N,43.1301295,-77.4770271,01/06/2013,11:50 AM,INJURY,1.,0 ,2 ,COLLISION WITH MOTOR VEHICLE,OTHER,NONE,DAYLIGHT,CLOUDY,WET
6836 ,34601542,MONROE,Greece,,,N,43.252881,-77.6656965,12/03/2012,8:11 AM,PROPERTY DAMAGE AND INJURY,1.,0 ,2 ,COLLISION WITH MOTOR VEHICLE,UNKNOWN,NONE,DAYLIGHT,CLOUDY,WET
6836 ,34601807,MONROE,Rochester,,,Y,43.164629,-77.632426,12/10/2012,8:40 PM,INJURY,1.,0 ,1 ,COLLISION WITH BICYCLIST,OTHER,TRAFFIC SIGNAL,DARK-ROAD LIGHTED,RAIN,WET
6836 ,34602077,MONROE,Irondequoit,,104 43033003,N,43.1962111,-77.5779236,01/03/2013,1:26 PM,INJURY,1.,0 ,2 ,COLLISION WITH MOTOR VEHICLE,REAR END,NONE,DAYLIGHT,CLOUDY,WET
6836 ,34602380,MONROE,Spencerport,,,N,43.1863302,-77.8073985,01/07/2013,7:34 PM,INJURY,1.,0 ,1 ,COLLISION WITH PEDESTRIAN,OTHER,NONE,DARK-ROAD LIGHTED,CLOUDY,DRY