QUERYID,CASE #,REGN_CNTY_CDE,Municipality,MUNITYPE,REF_MRKR,ATINTERSECTION_IND,Lat,Long,,Time,Crash Type,Injuries,Fatalities,Number of Vehicles,ACCD_TYP,COLLISION_TYP,TRAF_CNTL,Light Condition,Weather Condition,Road Surface Condition
6836 ,34602381,MONROE,Henrietta,,,N,43.0947461,-77.6138435,12/20/2012,4:42 PM,PROPERTY DAMAGE AND INJURY,2.,0 ,2 ,COLLISION WITH MOTOR VEHICLE,RIGHT ANGLE,NONE,DARK-ROAD LIGHTED,RAIN,WET
6836 ,34602401,MONROE,Brighton,,15A43041128,Y,43.108335,-77.615959,01/08/2013,9:35 AM,PROPERTY DAMAGE AND INJURY,2.,0 ,2 ,COLLISION WITH MOTOR VEHICLE,LEFT TURN (AGAINST OTHER CAR),TRAFFIC SIGNAL,DAYLIGHT,CLEAR,DRY
6836 ,34603114,MONROE,Irondequoit,,,Y,43.196137,-77.6001439,10/09/2012,1:06 PM,INJURY,1.,0 ,1 ,COLLISION WITH PEDESTRIAN,OTHER,HIGHWAY WORK AREA,DAYLIGHT,CLEAR,DRY
6836 ,34603358,MONROE,Rochester,,,N,43.191536,-77.6086891,12/06/2012,12:00 AM,PROPERTY DAMAGE AND INJURY,3.,0 ,4 ,COLLISION WITH MOTOR VEHICLE,OTHER,TRAFFIC SIGNAL,DARK-ROAD LIGHTED,RAIN,WET
6836 ,34603589,MONROE,Webster,,,Y,43.210041,-77.515254,11/22/2012,12:58 PM,PROPERTY DAMAGE AND INJURY,2.,0 ,2 ,COLLISION WITH MOTOR VEHICLE,REAR END,UNKNOWN,DAYLIGHT,CLEAR,DRY
6836 ,34604718,MONROE,Webster,,104 43035085,N,43.2089755,-77.459166,01/07/2013,2:03 PM,PROPERTY DAMAGE AND INJURY,1.,0 ,2 ,COLLISION WITH MOTOR VEHICLE,REAR END,NONE,DAYLIGHT,CLOUDY,DRY
6836 ,34604725,MONROE,Chili,,383 43011135,N,43.1042447,-77.6770705,12/21/2012,4:36 PM,INJURY,1.,0 ,2 ,COLLISION WITH MOTOR VEHICLE,REAR END,NONE,DAYLIGHT,SNOW,SNOW/ICE
6836 ,34604727,MONROE,Churchville,,36 43031079,N,43.0929924,-77.884665,01/06/2013,10:04 AM,PROPERTY DAMAGE AND INJURY,2.,0 ,2 ,COLLISION WITH MOTOR VEHICLE,RIGHT ANGLE,STOP SIGN,DAYLIGHT,CLOUDY,DRY
6836 ,34604730,MONROE,Chili,,490I43022,N,43.1214559,-77.7456351,12/28/2012,8:40 PM,PROPERTY DAMAGE AND INJURY,1.,0 ,2 ,COLLISION WITH MOTOR VEHICLE,LEFT TURN (AGAINST OTHER CAR),TRAFFIC SIGNAL,DARK-ROAD LIGHTED,CLOUDY,WET
6836 ,34604739,MONROE,Parma,,,N,43.2662549,-77.7717206,01/05/2013,6:36 PM,INJURY,1.,0 ,2 ,COLLISION WITH MOTOR VEHICLE,OVERTAKING,NONE,DARK-ROAD UNLIGHTED,CLOUDY,SNOW/ICE
6836 ,34604741,MONROE,Parma,,,N,43.288451,-77.7695887,01/04/2013,2:23 PM,PROPERTY DAMAGE AND INJURY,2.,0 ,1 ,COLL. W/LIGHT SUPPORT/UTILITY POLE,OTHER,NONE,DAYLIGHT,CLOUDY,SNOW/ICE
6836 ,34604752,MONROE,Brighton,,31 43033022,N,43.1112109,-77.5479818,01/04/2013,1:19 PM,PROPERTY DAMAGE AND INJURY,3.,0 ,3 ,COLLISION WITH MOTOR VEHICLE,OTHER,TRAFFIC SIGNAL,DAYLIGHT,CLOUDY,DRY
6836 ,34604754,MONROE,Gates,,,N,43.1410073,-77.7110164,01/09/2013,3:34 PM,PROPERTY DAMAGE AND INJURY,1.,0 ,1 ,COLLISION WITH OTHER FIXED OBJECT,OTHER,NONE,DUSK,CLEAR,WET
6836 ,34604938,MONROE,Rochester,,,Y,43.142796,-77.626055,01/03/2013,6:03 PM,INJURY,1.,0 ,1 ,COLLISION WITH BICYCLIST,OTHER,STOP SIGN,DARK-ROAD LIGHTED,SNOW,SNOW/ICE
6836 ,34604944,MONROE,Rochester,,,N,43.155299,-77.659629,01/02/2013,5:47 PM,PROPERTY DAMAGE AND INJURY,1.,0 ,2 ,COLLISION WITH MOTOR VEHICLE,REAR END,TRAFFIC SIGNAL,DUSK,SNOW,SNOW/ICE
6836 ,34604952,MONROE,Rochester,,,Y,43.1756465,-77.5830154,01/03/2013,3:57 PM,INJURY,2.,0 ,3 ,COLLISION WITH MOTOR VEHICLE,OTHER,NONE,DAYLIGHT,CLOUDY,SLUSH
6836 ,34604953,MONROE,Rochester,,,Y,43.187234,-77.588075,12/31/2012,3:25 PM,INJURY,1.,0 ,2 ,COLLISION WITH MOTOR VEHICLE,LEFT TURN (WITH OTHER CAR),STOP SIGN,DAYLIGHT,CLOUDY,SNOW/ICE
6836 ,34604956,MONROE,Rochester,,,N,43.1815661,-77.5950913,01/05/2013,4:48 PM,INJURY,2.,0 ,1 ,COLLISION WITH TREE,OTHER,NONE,DAYLIGHT,CLOUDY,SLUSH
6836 ,34604957,MONROE,Rochester,,,N,43.1429331,-77.6289709,12/31/2012,9:27 AM,INJURY,1.,0 ,2 ,COLLISION WITH PEDESTRIAN,OTHER,NONE,DAYLIGHT,CLEAR,DRY
6836 ,34604970,MONROE,Rochester,,,Y,43.162139,-77.623063,01/04/2013,4:59 PM,INJURY,3.,0 ,2 ,COLLISION WITH MOTOR VEHICLE,RIGHT ANGLE,TRAFFIC SIGNAL,DARK-ROAD LIGHTED,CLOUDY,WET
6836 ,34604974,MONROE,Rochester,,,Y,43.2415646,-77.62029,01/02/2013,10:01 PM,PROPERTY DAMAGE AND INJURY,3.,0 ,2 ,COLLISION WITH MOTOR VEHICLE,HEAD ON,TRAFFIC SIGNAL,DARK-ROAD LIGHTED,SNOW,SNOW/ICE
6836 ,34604987,MONROE,Rochester,,,Y,43.147891,-77.6204589,01/03/2013,3:36 PM,PROPERTY DAMAGE AND INJURY,1.,0 ,2 ,COLLISION WITH MOTOR VEHICLE,LEFT TURN (AGAINST OTHER CAR),NONE,DAYLIGHT,CLOUDY,WET
6836 ,34605025,MONROE,Rochester,,,Y,43.167175,-77.648722,01/03/2013,3:32 PM,INJURY,1.,0 ,2 ,COLLISION WITH MOTOR VEHICLE,RIGHT ANGLE,NONE,DAYLIGHT,CLOUDY,SNOW/ICE
6836 ,34605030,MONROE,Rochester,,104 43032008,Y,43.202447,-77.644747,01/08/2013,3:19 PM,PROPERTY DAMAGE AND INJURY,1.,0 ,2 ,COLLISION WITH MOTOR VEHICLE,REAR END,TRAFFIC SIGNAL,DAYLIGHT,CLOUDY,DRY
6836 ,34605039,MONROE,Rochester,,,Y,43.142224,-77.65099,12/13/2012,10:45 PM,INJURY,1.,0 ,2 ,COLLISION WITH MOTOR VEHICLE,REAR END,TRAFFIC SIGNAL,DARK-ROAD LIGHTED,CLEAR,DRY
6836 ,34605048,MONROE,Rochester,,940K43011005,Y,43.15939,-77.65956,01/04/2013,3:46 PM,PROPERTY DAMAGE AND INJURY,1.,0 ,2 ,COLLISION WITH MOTOR VEHICLE,REAR END,TRAFFIC SIGNAL,DAYLIGHT,CLOUDY,WET
6836 ,34605049,MONROE,Rochester,,,N,43.1593329,-77.5952519,01/02/2013,4:07 PM,INJURY,1.,0 ,2 ,COLLISION WITH MOTOR VEHICLE,REAR END,TRAFFIC SIGNAL,DAYLIGHT,SNOW,SNOW/ICE
6836 ,34605050,MONROE,Rochester,,,Y,43.177836,-77.604679,01/08/2013,9:39 AM,INJURY,1.,0 ,2 ,COLLISION WITH MOTOR VEHICLE,RIGHT ANGLE,STOP SIGN,DAYLIGHT,CLEAR,SNOW/ICE
6836 ,34605226,MONROE,Perinton,,490I43023081,N,43.0496705,-77.4654801,12/29/2012,10:15 AM,PROPERTY DAMAGE AND INJURY,1.,0 ,2 ,COLLISION WITH MOTOR VEHICLE,RIGHT ANGLE,NONE,DAYLIGHT,SNOW,SNOW/ICE
6836 ,34605773,MONROE,Webster,,,N,43.1976519,-77.4114429,01/09/2013,7:58 AM,PROPERTY DAMAGE AND INJURY,1.,0 ,2 ,COLLISION WITH MOTOR VEHICLE,REAR END,NONE,DAWN,CLOUDY,DRY
6836 ,34605803,MONROE,Greece,,,Y,43.212214,-77.7181801,01/05/2013,11:43 PM,PROPERTY DAMAGE AND INJURY,1.,0 ,2 ,COLLISION WITH MOTOR VEHICLE,REAR END,TRAFFIC SIGNAL,DARK-ROAD LIGHTED,CLEAR,DRY
6836 ,34605880,MONROE,Gates,,,Y,43.130655,-77.6840229,01/10/2013,10:35 AM,PROPERTY DAMAGE AND INJURY,1.,0 ,2 ,COLLISION WITH MOTOR VEHICLE,RIGHT ANGLE,NONE,DAYLIGHT,CLEAR,DRY
6836 ,34605945,MONROE,Rochester,,,Y,43.164638,-77.629303,01/10/2013,3:01 PM,PROPERTY DAMAGE AND INJURY,1.,0 ,2 ,COLLISION WITH MOTOR VEHICLE,OVERTAKING,NONE,DAYLIGHT,CLEAR,DRY
6836 ,34605946,MONROE,Rochester,,,N,43.1648957,-77.6223393,01/10/2013,4:26 PM,PROPERTY DAMAGE AND INJURY,1.,0 ,2 ,COLLISION WITH MOTOR VEHICLE,RIGHT TURN (AGAINST OTHER CAR),NONE,DAYLIGHT,CLEAR,DRY
6836 ,34605956,MONROE,Rochester,,,Y,43.164648,-77.654143,01/09/2013,3:01 PM,INJURY,1.,0 ,1 ,COLLISION WITH PEDESTRIAN,OTHER,TRAFFIC SIGNAL,DAYLIGHT,CLEAR,WET
6836 ,34605957,MONROE,Rochester,,,Y,43.1885801,-77.6133853,01/09/2013,6:50 PM,PROPERTY DAMAGE AND INJURY,2.,0 ,2 ,COLLISION WITH MOTOR VEHICLE,OTHER,NONE,DARK-ROAD LIGHTED,CLOUDY,WET
6836 ,34606272,MONROE,Brighton,,590I43011008,N,43.1092736,-77.5961573,11/30/2012,1:51 AM,PROPERTY DAMAGE AND INJURY,2.,0 ,2 ,COLLISION WITH MOTOR VEHICLE,HEAD ON,NONE,DARK-ROAD LIGHTED,CLOUDY,DRY
6836 ,34606545,MONROE,Greece,,,N,43.252886,-77.667925,01/07/2013,5:30 PM,INJURY,1.,0 ,2 ,COLLISION WITH MOTOR VEHICLE,LEFT TURN (AGAINST OTHER CAR),TRAFFIC SIGNAL,DARK-ROAD LIGHTED,CLEAR,DRY
6836 ,34606552,MONROE,Greece,,,N,43.2585417,-77.7508804,01/04/2013,11:40 AM,PROPERTY DAMAGE AND INJURY,2.,0 ,2 ,COLLISION WITH MOTOR VEHICLE,REAR END,NONE,DAYLIGHT,CLOUDY,SNOW/ICE
6836 ,34607214,MONROE,Ogden,,,Y,43.144125,-77.765046,01/05/2013,3:44 PM,PROPERTY DAMAGE AND INJURY,3.,0 ,2 ,COLLISION WITH MOTOR VEHICLE,RIGHT ANGLE,STOP SIGN,DAYLIGHT,CLOUDY,DRY
6836 ,34607218,MONROE,Perinton,,,N,43.0866371,-77.401972,01/10/2013,9:52 PM,PROPERTY DAMAGE AND INJURY,1.,0 ,1 ,COLLISION WITH BUILDING/WALL,OTHER,NONE,DARK-ROAD UNLIGHTED,CLOUDY,DRY
6836 ,34607222,MONROE,Brighton,,490I43023013,N,43.1319787,-77.5274836,01/08/2013,5:11 PM,PROPERTY DAMAGE AND INJURY,2.,0 ,4 ,COLLISION WITH MOTOR VEHICLE,OTHER,NONE,DARK-ROAD LIGHTED,CLOUDY,DRY
6836 ,34607230,MONROE,Rush,,251 43011160,Y,43.003023,-77.666489,01/08/2013,1:43 PM,PROPERTY DAMAGE AND INJURY,3.,0 ,2 ,COLLISION WITH MOTOR VEHICLE,LEFT TURN (AGAINST OTHER CAR),TRAFFIC SIGNAL,DAYLIGHT,CLEAR,DRY
6836 ,34607231,MONROE,Henrietta,,,Y,43.087022,-77.629695,12/26/2012,1:48 PM,INJURY,1.,0 ,2 ,COLLISION WITH MOTOR VEHICLE,REAR END,TRAFFIC SIGNAL,DAYLIGHT,CLOUDY,DRY
6836 ,34607238,MONROE,Penfield,,,N,43.1532443,-77.4753284,01/07/2013,5:52 PM,PROPERTY DAMAGE AND INJURY,3.,0 ,3 ,COLLISION WITH MOTOR VEHICLE,OTHER,STOP SIGN,DARK-ROAD LIGHTED,CLOUDY,DRY
6836 ,34607240,MONROE,Brighton,,441 43011105,N,43.1277317,-77.5211774,01/08/2013,5:54 PM,INJURY,2.,0 ,2 ,COLLISION WITH MOTOR VEHICLE,REAR END,TRAFFIC SIGNAL,DARK-ROAD LIGHTED,CLEAR,DRY
6836 ,34607247,MONROE,Wheatland,,,N,43.0328404,-77.7404679,01/07/2013,4:50 PM,PROPERTY DAMAGE AND INJURY,1.,0 ,2 ,COLLISION WITH MOTOR VEHICLE,REAR END,NONE,DUSK,CLOUDY,DRY
6836 ,34607256,MONROE,Henrietta,,,N,43.054882,-77.5931675,01/08/2013,3:53 AM,INJURY,1.,0 ,1 ,COLLISION WITH OTHER,OTHER,NONE,DARK-ROAD LIGHTED,CLOUDY,SNOW/ICE
6836 ,34607264,MONROE,Rush,,15 43032143,N,42.94973,-77.6973391,01/09/2013,12:51 PM,PROPERTY DAMAGE AND INJURY,2.,0 ,2 ,COLLISION WITH MOTOR VEHICLE,RIGHT ANGLE,TRAFFIC SIGNAL,DAYLIGHT,CLOUDY,DRY
6836 ,34607277,MONROE,Perinton,,,N,43.1137294,-77.4697248,01/06/2013,11:25 PM,PROPERTY DAMAGE AND INJURY,1.,0 ,1 ,COLLISION WITH TREE,OTHER,NONE,DARK-ROAD LIGHTED,CLEAR,WET
6836 ,34607280,MONROE,Pittsford,,31F43011000,N,43.11825,-77.518129,01/08/2013,1:35 PM,PROPERTY DAMAGE AND INJURY,1.,0 ,1 ,COLL. W/LIGHT SUPPORT/UTILITY POLE,OTHER,NONE,DAYLIGHT,CLEAR,DRY
6836 ,34607283,MONROE,Brighton,,31 43033022,N,43.1111625,-77.5479155,01/11/2013,12:15 PM,PROPERTY DAMAGE AND INJURY,2.,0 ,2 ,COLLISION WITH MOTOR VEHICLE,LEFT TURN (AGAINST OTHER CAR),NONE,DAYLIGHT,RAIN,WET
6836 ,34607286,MONROE,Henrietta,,,N,43.087869,-77.581942,01/09/2013,1:01 PM,INJURY,1.,0 ,1 ,COLLISION WITH PEDESTRIAN,OTHER,NONE,DAYLIGHT,CLOUDY,DRY
6836 ,34607288,MONROE,Henrietta,,15 43031109,N,43.0872805,-77.6367295,12/22/2012,12:57 PM,PROPERTY DAMAGE AND INJURY,1.,0 ,2 ,COLLISION WITH MOTOR VEHICLE,LEFT TURN (AGAINST OTHER CAR),NONE,DAYLIGHT,CLOUDY,WET
6836 ,34607291,MONROE,Henrietta,,252 43011104,N,43.0873219,-77.5690254,12/23/2012,5:00 PM,PROPERTY DAMAGE AND INJURY,2.,0 ,2 ,COLLISION WITH MOTOR VEHICLE,HEAD ON,NONE,DUSK,CLOUDY,DRY
6836 ,34607299,MONROE,Brighton,,15A43041128,N,43.1070871,-77.6159522,01/11/2013,10:23 PM,INJURY,1.,0 ,2 ,COLLISION WITH MOTOR VEHICLE,REAR END,TRAFFIC SIGNAL,DARK-ROAD LIGHTED,CLOUDY,DRY
6836 ,34607301,MONROE,Brighton,,,N,43.1330715,-77.5719764,01/10/2013,10:10 AM,PROPERTY DAMAGE AND INJURY,1.,0 ,2 ,COLLISION WITH MOTOR VEHICLE,REAR END,NONE,DAYLIGHT,CLOUDY,DRY
6836 ,34607305,MONROE,Gates,,940L43011019,Y,43.15872,-77.691083,01/12/2013,2:05 PM,PROPERTY DAMAGE AND INJURY,1.,0 ,2 ,COLLISION WITH MOTOR VEHICLE,REAR END,NONE,DAYLIGHT,CLOUDY,DRY
6836 ,34607306,MONROE,Gates,,,N,43.1422751,-77.7360169,01/12/2013,3:55 PM,PROPERTY DAMAGE AND INJURY,1.,0 ,1 ,COLLISION WITH OTHER FIXED OBJECT,OTHER,NONE,DAYLIGHT,CLEAR,DRY
6836 ,34607311,MONROE,Gates,,,Y,43.164707,-77.680705,01/12/2013,10:32 PM,PROPERTY DAMAGE AND INJURY,1.,0 ,3 ,COLLISION WITH MOTOR VEHICLE,OTHER,TRAFFIC SIGNAL,DARK-ROAD LIGHTED,CLOUDY,WET
6836 ,34607821,MONROE,Henrietta,,,N,43.0889454,-77.6358133,11/13/2012,11:20 AM,INJURY,1.,0 ,2 ,COLLISION WITH MOTOR VEHICLE,OVERTAKING,UNKNOWN,DAYLIGHT,CLEAR,DRY
6836 ,34608194,MONROE,Rochester,,,Y,43.166578,-77.602052,12/22/2012,1:44 PM,INJURY,1.,0 ,2 ,COLLISION WITH MOTOR VEHICLE,REAR END,NONE,DAYLIGHT,CLOUDY,SNOW/ICE
6836 ,34608809,MONROE,East Rochester,,,Y,43.118841,-77.486611,12/14/2012,7:51 AM,FATAL,1.,1 ,3 ,COLLISION WITH MOTOR VEHICLE,OTHER,TRAFFIC SIGNAL,DAYLIGHT,CLEAR,DRY
6836 ,34608827,MONROE,Rochester,,,Y,43.1428355,-77.6120057,12/23/2012,9:43 PM,PROPERTY DAMAGE AND INJURY,1.,0 ,2 ,COLLISION WITH MOTOR VEHICLE,OTHER,NONE,DARK-ROAD LIGHTED,CLOUDY,WET
6836 ,34609541,MONROE,Henrietta,,15A43041102,N,43.0725972,-77.6070603,01/13/2013,8:24 AM,INJURY,1.,0 ,2 ,COLLISION WITH CURBING,REAR END,NONE,DAYLIGHT,CLOUDY,WET
6836 ,34609546,MONROE,Pittsford,,,N,43.1016736,-77.5140939,01/09/2013,6:26 AM,INJURY,1.,0 ,2 ,COLLISION WITH MOTOR VEHICLE,REAR END,NONE,DARK-ROAD LIGHTED,CLOUDY,DRY
6836 ,34609632,MONROE,Rochester,,,Y,43.141941,-77.6199831,01/12/2013,7:50 PM,INJURY,1.,0 ,1 ,COLLISION WITH PEDESTRIAN,OTHER,NONE,DARK-ROAD LIGHTED,CLEAR,WET
6836 ,34609638,MONROE,Rochester,,,Y,43.169976,-77.56187,01/11/2013,4:28 PM,PROPERTY DAMAGE AND INJURY,1.,0 ,2 ,COLLISION WITH MOTOR VEHICLE,LEFT TURN (AGAINST OTHER CAR),STOP SIGN,DAYLIGHT,RAIN,WET
6836 ,34609640,MONROE,Rochester,,,N,43.1852063,-77.5676472,01/11/2013,1:44 PM,INJURY,1.,0 ,3 ,COLLISION WITH MOTOR VEHICLE,OTHER,NONE,DAYLIGHT,RAIN,WET
6836 ,34609641,MONROE,Rochester,,,Y,43.18162,-77.60804,01/10/2013,9:56 AM,INJURY,1.,0 ,2 ,COLLISION WITH MOTOR VEHICLE,REAR END,TRAFFIC SIGNAL,DAYLIGHT,CLEAR,DRY
6836 ,34609662,MONROE,Rochester,,,N,43.1938112,-77.6308728,01/11/2013,11:45 AM,PROPERTY DAMAGE AND INJURY,1.,0 ,2 ,COLLISION WITH MOTOR VEHICLE,RIGHT ANGLE,NONE,DAYLIGHT,CLOUDY,WET
6836 ,34609663,MONROE,Rochester,,,N,43.1584816,-77.5966021,01/11/2013,3:38 PM,INJURY,1.,0 ,2 ,COLLISION WITH MOTOR VEHICLE,RIGHT ANGLE,NONE,DAYLIGHT,RAIN,WET
6836 ,34609779,MONROE,Brighton,,,Y,43.106951,-77.601261,10/11/2012,8:00 AM,INJURY,1.,0 ,2 ,COLLISION WITH MOTOR VEHICLE,REAR END,NONE,DAYLIGHT,CLEAR,DRY
6836 ,34609851,MONROE,Gates,,,Y,43.1645615,-77.715259,11/21/2012,11:11 AM,PROPERTY DAMAGE AND INJURY,1.,0 ,2 ,COLLISION WITH MOTOR VEHICLE,LEFT TURN (AGAINST OTHER CAR),NONE,DAYLIGHT,CLEAR,DRY
6836 ,34610005,MONROE,Rochester,,,Y,43.121583,-77.618928,11/26/2012,8:13 AM,PROPERTY DAMAGE AND INJURY,1.,0 ,2 ,COLLISION WITH MOTOR VEHICLE,LEFT TURN (AGAINST OTHER CAR),TRAFFIC SIGNAL,DAYLIGHT,CLEAR,DRY
6836 ,34610144,MONROE,Spencerport,,,N,43.1862919,-77.8063497,01/07/2013,7:34 PM,INJURY,1.,0 ,1 ,COLLISION WITH PEDESTRIAN,OTHER,NONE,DARK-ROAD LIGHTED,CLOUDY,DRY
6836 ,34610151,MONROE,Brighton,,490I43023011,N,43.1331375,-77.5289586,12/22/2012,5:38 AM,PROPERTY DAMAGE AND INJURY,1.,0 ,2 ,COLLISION WITH MOTOR VEHICLE,RIGHT ANGLE,NONE,DARK-ROAD LIGHTED,SNOW,SNOW/ICE
6836 ,34610164,MONROE,Henrietta,,,N,43.0865023,-77.6619342,12/15/2012,12:06 AM,INJURY,1.,0 ,1 ,COLLISION WITH PEDESTRIAN,OTHER,NONE,DARK-ROAD LIGHTED,CLOUDY,DRY
6836 ,34610506,MONROE,Rochester,,,N,43.1516392,-77.6301671,01/01/2013,4:05 AM,INJURY,1.,0 ,1 ,COLLISION WITH PEDESTRIAN,OTHER,NONE,DARK-ROAD LIGHTED,CLOUDY,SNOW/ICE
6836 ,34610508,MONROE,Rochester,,,N,43.1499964,-77.6377163,12/12/2012,8:26 PM,INJURY,1.,0 ,1 ,COLLISION WITH PEDESTRIAN,OTHER,NONE,DARK-ROAD LIGHTED,CLEAR,DRY
6836 ,34610512,MONROE,Rochester,,,N,43.1953339,-77.6388574,01/05/2013,5:21 PM,PROPERTY DAMAGE AND INJURY,2.,0 ,2 ,COLLISION WITH MOTOR VEHICLE,OVERTAKING,NONE,DARK-ROAD LIGHTED,CLOUDY,WET
6836 ,34610764,MONROE,Rochester,,,N,43.151446,-77.6122858,01/12/2013,8:45 AM,PROPERTY DAMAGE AND INJURY,1.,0 ,1 ,COLLISION WITH OTHER BARRIER,OTHER,NONE,DAYLIGHT,CLOUDY,WET
6836 ,34611085,MONROE,Brighton,,,N,43.0951995,-77.6014501,01/11/2013,4:17 PM,INJURY,1.,0 ,1 ,COLLISION WITH GUIDE RAIL,OTHER,TRAFFIC SIGNAL,DAYLIGHT,RAIN,WET
6836 ,34611105,MONROE,Henrietta,,,N,43.0360776,-77.6053278,01/11/2013,4:03 PM,INJURY,1.,0 ,1 ,COLLISION WITH PEDESTRIAN,OTHER,NONE,DAYLIGHT,CLEAR,DRY
6836 ,34611106,MONROE,Perinton,,490I43023075,N,43.041777,-77.462256,01/08/2013,8:03 AM,PROPERTY DAMAGE AND INJURY,1.,0 ,1 ,COLL. W/LIGHT SUPPORT/UTILITY POLE,OTHER,NONE,DAWN,CLEAR,DRY
6836 ,34611111,MONROE,Penfield,,,Y,43.133148,-77.492277,01/11/2013,7:10 AM,PROPERTY DAMAGE AND INJURY,1.,0 ,2 ,COLLISION WITH MOTOR VEHICLE,LEFT TURN (WITH OTHER CAR),TRAFFIC SIGNAL,DARK-ROAD UNLIGHTED,CLOUDY,WET
6836 ,34611114,MONROE,Brighton,,490I43021123,N,43.1432242,-77.5473291,01/07/2013,4:52 PM,INJURY,1.,0 ,1 ,COLLISION WITH GUIDE RAIL,OTHER,NONE,DAYLIGHT,CLEAR,DRY
6836 ,34611117,MONROE,Henrietta,,15 43031111,N,43.0893867,-77.6355899,01/13/2013,5:00 PM,PROPERTY DAMAGE AND INJURY,2.,0 ,2 ,COLLISION WITH MOTOR VEHICLE,LEFT TURN (AGAINST OTHER CAR),NONE,DARK-ROAD LIGHTED,CLOUDY,DRY
6836 ,34611121,MONROE,Henrietta,,,Y,43.072574,-77.651296,01/11/2013,6:30 PM,PROPERTY DAMAGE AND INJURY,1.,0 ,2 ,COLLISION WITH MOTOR VEHICLE,RIGHT ANGLE,STOP SIGN,DARK-ROAD LIGHTED,CLOUDY,DRY
6836 ,34611122,MONROE,Mendon,,,Y,43.023051,-77.584231,01/05/2013,2:35 PM,PROPERTY DAMAGE AND INJURY,1.,0 ,2 ,COLLISION WITH MOTOR VEHICLE,RIGHT ANGLE,STOP SIGN,DAYLIGHT,CLOUDY,DRY
6836 ,34611123,MONROE,Ogden,,531 43012006,N,43.183465,-77.8431125,01/10/2013,5:35 PM,PROPERTY DAMAGE AND INJURY,3.,0 ,3 ,COLLISION WITH MOTOR VEHICLE,OTHER,NONE,DARK-ROAD UNLIGHTED,CLEAR,DRY
6836 ,34611143,MONROE,Greece,,,Y,43.194319,-77.701428,01/12/2013,5:53 PM,PROPERTY DAMAGE AND INJURY,6.,0 ,2 ,COLLISION WITH MOTOR VEHICLE,REAR END,TRAFFIC SIGNAL,DARK-ROAD LIGHTED,CLOUDY,DRY
6836 ,34611244,MONROE,Irondequoit,,,Y,43.212272,-77.602383,01/14/2013,8:55 AM,PROPERTY DAMAGE AND INJURY,1.,0 ,2 ,COLLISION WITH MOTOR VEHICLE,RIGHT ANGLE,STOP SIGN,DAYLIGHT,CLEAR,DRY
6836 ,34611346,MONROE,Rochester,,,Y,43.226345,-77.626653,01/04/2013,5:10 PM,PROPERTY DAMAGE AND INJURY,1.,0 ,2 ,COLLISION WITH MOTOR VEHICLE,LEFT TURN (AGAINST OTHER CAR),TRAFFIC SIGNAL,DARK-ROAD LIGHTED,CLOUDY,DRY
6836 ,34611401,MONROE,Gates,,,Y,43.141033,-77.708876,01/10/2013,6:00 PM,PROPERTY DAMAGE AND INJURY,1.,0 ,3 ,COLLISION WITH MOTOR VEHICLE,OTHER,STOP SIGN,DARK-ROAD LIGHTED,CLOUDY,DRY
6836 ,34611841,MONROE,Rochester,,,Y,43.173959,-77.619547,12/24/2012,2:30 PM,PROPERTY DAMAGE AND INJURY,1.,0 ,2 ,COLLISION WITH MOTOR VEHICLE,UNKNOWN,UNKNOWN,UNKNOWN,UNKNOWN,UNKNOWN
6836 ,34612761,MONROE,Webster,,,Y,43.228057,-77.446662,01/12/2013,12:41 PM,PROPERTY DAMAGE AND INJURY,1.,0 ,2 ,COLLISION WITH MOTOR VEHICLE,REAR END,NONE,DAYLIGHT,CLOUDY,DRY
6836 ,34613160,MONROE,Chili,,,Y,43.043546,-77.813141,12/02/2012,1:30 AM,PROPERTY DAMAGE AND INJURY,1.,0 ,1 ,OVERTURNED,OTHER,STOP SIGN,DARK-ROAD UNLIGHTED,CLEAR,DRY
6836 ,34614344,MONROE,Rochester,,590I43012003,N,43.1425156,-77.550511,01/07/2013,9:08 AM,PROPERTY DAMAGE AND INJURY,1.,0 ,2 ,COLLISION WITH MOTOR VEHICLE,OVERTAKING,NONE,DAYLIGHT,CLOUDY,DRY
6836 ,34614363,MONROE,Webster,,,N,43.2141989,-77.5155399,01/15/2013,7:22 AM,PROPERTY DAMAGE AND INJURY,1.,0 ,2 ,COLLISION WITH MOTOR VEHICLE,LEFT TURN (WITH OTHER CAR),TRAFFIC SIGNAL,DAWN,CLOUDY,DRY
6836 ,34614365,MONROE,Henrietta,,390I43031120,N,43.0917951,-77.6031776,01/09/2013,6:50 AM,INJURY,1.,0 ,1 ,COLLISION WITH SNOW EMBANKMENT,OTHER,NONE,DARK-ROAD UNLIGHTED,CLOUDY,WET
6836 ,34614444,MONROE,Pittsford,,31 43033053,N,43.0849007,-77.4997848,01/12/2013,7:15 PM,PROPERTY DAMAGE AND INJURY,1.,0 ,2 ,COLLISION WITH MOTOR VEHICLE,RIGHT ANGLE,STOP SIGN,DARK-ROAD UNLIGHTED,CLEAR,DRY
6836 ,34614451,MONROE,Henrietta,,,N,43.076148,-77.626828,01/06/2013,11:40 PM,PROPERTY DAMAGE AND INJURY,1.,0 ,1 ,COLLISION WITH GUIDE RAIL,OTHER,TRAFFIC SIGNAL,DARK-ROAD LIGHTED,CLOUDY,WET
6836 ,34614455,MONROE,Henrietta,,,N,43.0865479,-77.6589707,01/15/2013,7:55 PM,INJURY,1.,0 ,1 ,COLLISION WITH BICYCLIST,OTHER,NONE,DARK-ROAD LIGHTED,CLOUDY,DRY
6836 ,34614460,MONROE,Henrietta,,252 43011066,N,43.0897483,-77.6430861,01/14/2013,6:02 PM,PROPERTY DAMAGE AND INJURY,1.,0 ,2 ,COLLISION WITH MOTOR VEHICLE,RIGHT ANGLE,TRAFFIC SIGNAL,DARK-ROAD LIGHTED,CLOUDY,DRY