QUERYID,CASE #,REGN_CNTY_CDE,Municipality,MUNITYPE,REF_MRKR,ATINTERSECTION_IND,Lat,Long,,Time,Crash Type,Injuries,Fatalities,Number of Vehicles,ACCD_TYP,COLLISION_TYP,TRAF_CNTL,Light Condition,Weather Condition,Road Surface Condition
6836 ,34614461,MONROE,Henrietta,,,Y,43.072344,-77.665038,01/13/2013,11:43 PM,PROPERTY DAMAGE AND INJURY,1.,0 ,2 ,COLLISION WITH MOTOR VEHICLE,RIGHT ANGLE,TRAFFIC SIGNAL,DARK-ROAD LIGHTED,CLOUDY,DRY
6836 ,34614463,MONROE,Perinton,,31F43011025,N,43.1023203,-77.4730372,01/13/2013,12:25 PM,PROPERTY DAMAGE AND INJURY,1.,0 ,1 ,COLLISION WITH CURBING,OTHER,NONE,DAYLIGHT,CLOUDY,WET
6836 ,34614583,MONROE,Chili,,,N,43.0939195,-77.7333275,01/16/2013,7:14 AM,PROPERTY DAMAGE AND INJURY,1.,0 ,2 ,COLLISION WITH MOTOR VEHICLE,RIGHT ANGLE,FLASHING LIGHT,DAWN,CLOUDY,DRY
6836 ,34614604,MONROE,Sweden,,31A43021015,Y,43.198319,-77.967207,01/16/2013,10:34 AM,PROPERTY DAMAGE AND INJURY,1.,0 ,3 ,COLLISION WITH MOTOR VEHICLE,OTHER,TRAFFIC SIGNAL,DAYLIGHT,CLEAR,DRY
6836 ,34614615,MONROE,Rochester,,,Y,43.149653,-77.638193,01/09/2013,1:28 PM,PROPERTY DAMAGE AND INJURY,1.,0 ,2 ,COLLISION WITH MOTOR VEHICLE,HEAD ON,NONE,DAYLIGHT,CLEAR,DRY
6836 ,34614629,MONROE,Rochester,,,Y,43.187108,-77.638876,01/11/2013,4:40 PM,PROPERTY DAMAGE AND INJURY,1.,0 ,2 ,COLLISION WITH MOTOR VEHICLE,REAR END,TRAFFIC SIGNAL,DAYLIGHT,RAIN,WET
6836 ,34614639,MONROE,Rochester,,,N,43.1575532,-77.6411917,01/15/2013,9:10 PM,PROPERTY DAMAGE AND INJURY,1.,0 ,2 ,COLLISION WITH MOTOR VEHICLE,REAR END,NONE,DARK-ROAD UNLIGHTED,CLEAR,DRY
6836 ,34615096,MONROE,Brighton,,,Y,43.1069524,-77.6012613,11/29/2012,8:12 AM,PROPERTY DAMAGE AND INJURY,2.,0 ,2 ,COLLISION WITH MOTOR VEHICLE,REAR END,UNKNOWN,DAYLIGHT,SNOW,WET
6836 ,34615117,MONROE,Webster,,,Y,43.224296,-77.5107199,11/24/2012,2:20 PM,PROPERTY DAMAGE AND INJURY,1.,0 ,2 ,COLLISION WITH MOTOR VEHICLE,RIGHT ANGLE,UNKNOWN,UNKNOWN,UNKNOWN,UNKNOWN
6836 ,34615937,MONROE,Webster,,,Y,43.208651,-77.474638,01/16/2013,3:30 PM,PROPERTY DAMAGE AND INJURY,1.,0 ,2 ,COLLISION WITH MOTOR VEHICLE,REAR END,NONE,DAYLIGHT,CLEAR,DRY
6836 ,34615944,MONROE,Gates,,31 43031183,Y,43.164699,-77.686624,01/16/2013,4:24 PM,PROPERTY DAMAGE AND INJURY,1.,0 ,3 ,COLLISION WITH MOTOR VEHICLE,OTHER,NONE,DAYLIGHT,CLEAR,DRY
6836 ,34615949,MONROE,Greece,,,Y,43.213049,-77.659434,01/15/2013,3:03 PM,INJURY,1.,0 ,2 ,COLLISION WITH MOTOR VEHICLE,REAR END,NONE,DAYLIGHT,CLEAR,DRY
6836 ,34615954,MONROE,Greece,,18 43031194,N,43.252886,-77.667925,01/16/2013,7:27 AM,PROPERTY DAMAGE AND INJURY,5.,0 ,2 ,COLLISION WITH MOTOR VEHICLE,LEFT TURN (WITH OTHER CAR),TRAFFIC SIGNAL,DAWN,CLOUDY,DRY
6836 ,34615955,MONROE,Greece,,,Y,43.236471,-77.641591,01/15/2013,3:44 PM,PROPERTY DAMAGE AND INJURY,1.,0 ,2 ,COLLISION WITH MOTOR VEHICLE,REAR END,NONE,DAYLIGHT,CLEAR,DRY
6836 ,34615958,MONROE,Greece,,,Y,43.2090418,-77.6900582,01/16/2013,8:48 AM,INJURY,1.,0 ,2 ,COLLISION WITH MOTOR VEHICLE,REAR END,TRAFFIC SIGNAL,DAYLIGHT,CLOUDY,DRY
6836 ,34615962,MONROE,Greece,,,Y,43.238388,-77.683147,01/14/2013,9:28 PM,PROPERTY DAMAGE AND INJURY,1.,0 ,2 ,COLLISION WITH MOTOR VEHICLE,REAR END,NONE,DARK-ROAD LIGHTED,CLOUDY,DRY
6836 ,34616041,MONROE,Brighton,,65 43031136,N,43.1233589,-77.5483934,01/17/2013,9:01 PM,PROPERTY DAMAGE AND INJURY,1.,0 ,1 ,COLL. W/LIGHT SUPPORT/UTILITY POLE,OTHER,NONE,DARK-ROAD UNLIGHTED,SNOW,SNOW/ICE
6836 ,34616042,MONROE,Irondequoit,,,N,43.2042291,-77.5588206,01/17/2013,10:34 AM,INJURY,1.,0 ,2 ,COLLISION WITH MOTOR VEHICLE,LEFT TURN (WITH OTHER CAR),TRAFFIC SIGNAL,DAYLIGHT,SNOW,WET
6836 ,34616568,MONROE,Ogden,,,Y,43.168909,-77.7561322,01/18/2013,3:05 PM,PROPERTY DAMAGE AND INJURY,1.,0 ,2 ,COLLISION WITH MOTOR VEHICLE,RIGHT TURN (AGAINST OTHER CAR),STOP SIGN,DAYLIGHT,CLEAR,SNOW/ICE
6836 ,34616569,MONROE,Webster,,,N,43.2141989,-77.5155399,01/17/2013,9:36 PM,PROPERTY DAMAGE AND INJURY,1.,0 ,2 ,COLLISION WITH MOTOR VEHICLE,RIGHT ANGLE,TRAFFIC SIGNAL,DARK-ROAD LIGHTED,SNOW,SNOW/ICE
6836 ,34616588,MONROE,Greece,,,N,43.3101976,-77.7485858,01/17/2013,3:44 PM,PROPERTY DAMAGE AND INJURY,1.,0 ,1 ,COLL. W/LIGHT SUPPORT/UTILITY POLE,OTHER,NONE,DAYLIGHT,SNOW,WET
6836 ,34617299,MONROE,Rochester,,,N,43.1916029,-77.5998631,01/17/2013,10:21 PM,INJURY,1.,0 ,2 ,COLLISION WITH MOTOR VEHICLE,REAR END,TRAFFIC SIGNAL,DARK-ROAD LIGHTED,SNOW,SNOW/ICE
6836 ,34618137,MONROE,Gates,,31 43031185,N,43.164704,-77.6812763,11/21/2012,8:16 PM,PROPERTY DAMAGE AND INJURY,1.,0 ,2 ,COLLISION WITH MOTOR VEHICLE,REAR END,TRAFFIC SIGNAL,DARK-ROAD LIGHTED,CLEAR,DRY
6836 ,34618185,MONROE,Rochester,,490I43023000,N,43.1432358,-77.5481502,01/17/2013,10:55 PM,PROPERTY DAMAGE AND INJURY,1.,0 ,1 ,COLLISION WITH OTHER BARRIER,OTHER,NONE,DARK-ROAD LIGHTED,SNOW,SNOW/ICE
6836 ,34618320,MONROE,Hamlin,,260 43011105,N,43.3456558,-77.8553654,01/20/2013,8:30 AM,PROPERTY DAMAGE AND INJURY,1.,0 ,1 ,COLLISION WITH SIGN POST,OTHER,NONE,DAYLIGHT,CLOUDY,SNOW/ICE
6836 ,34618322,MONROE,Pittsford,,490I43023052,N,43.0843093,-77.4918863,01/17/2013,9:51 PM,PROPERTY DAMAGE AND INJURY,1.,0 ,1 ,COLLISION WITH GUIDE RAIL,OTHER,NONE,DARK-ROAD UNLIGHTED,SNOW,SNOW/ICE
6836 ,34618325,MONROE,Clarkson,,104 43031056,N,43.2260654,-77.8940379,01/15/2013,6:05 PM,PROPERTY DAMAGE AND INJURY,1.,0 ,2 ,COLLISION WITH MOTOR VEHICLE,REAR END,NONE,DARK-ROAD LIGHTED,CLEAR,DRY
6836 ,34618330,MONROE,Henrietta,,,N,43.0939259,-77.6350487,01/18/2013,12:44 AM,PROPERTY DAMAGE AND INJURY,1.,0 ,2 ,COLLISION WITH OTHER FIXED OBJECT,OVERTAKING,NONE,DARK-ROAD LIGHTED,SNOW,SNOW/ICE
6836 ,34618332,MONROE,Henrietta,,,N,43.0925386,-77.659122,01/18/2013,11:16 PM,INJURY,1.,0 ,1 ,COLLISION WITH PEDESTRIAN,OTHER,NONE,DARK-ROAD LIGHTED,CLOUDY,DRY
6836 ,34618335,MONROE,Hamlin,,18 43031006,N,43.297568,-77.9855707,01/18/2013,8:51 AM,INJURY,1.,0 ,1 ,COLLISION WITH OTHER,OTHER,NONE,DAYLIGHT,CLOUDY,SNOW/ICE
6836 ,34618340,MONROE,Brighton,,590I43011033,N,43.1186316,-77.5535621,01/13/2013,4:24 AM,PROPERTY DAMAGE AND INJURY,1.,0 ,1 ,COLLISION WITH GUIDE RAIL,OTHER,NONE,DARK-ROAD LIGHTED,CLOUDY,WET
6836 ,34618388,MONROE,Penfield,,441 43011036,N,43.131302,-77.473606,01/09/2013,11:45 AM,PROPERTY DAMAGE AND INJURY,2.,0 ,3 ,COLLISION WITH MOTOR VEHICLE,OTHER,NONE,DAYLIGHT,CLOUDY,DRY
6836 ,34618389,MONROE,Brighton,,,Y,43.1256898,-77.5928591,01/21/2013,7:58 AM,INJURY,1.,0 ,2 ,COLLISION WITH MOTOR VEHICLE,REAR END,TRAFFIC SIGNAL,DAYLIGHT,CLOUDY,WET
6836 ,34618390,MONROE,Perinton,,31F43011078,N,43.0946075,-77.4213858,01/18/2013,8:22 AM,PROPERTY DAMAGE AND INJURY,1.,0 ,2 ,COLLISION WITH MOTOR VEHICLE,REAR END,NONE,DAYLIGHT,CLOUDY,WET
6836 ,34618391,MONROE,Brighton,,441 43011107,N,43.1257723,-77.5197372,01/21/2013,12:45 PM,PROPERTY DAMAGE AND INJURY,1.,0 ,2 ,COLLISION WITH MOTOR VEHICLE,REAR END,TRAFFIC SIGNAL,DAYLIGHT,CLOUDY,DRY
6836 ,34618396,MONROE,Brighton,,,Y,43.115322,-77.596989,01/21/2013,4:14 PM,INJURY,1.,0 ,2 ,COLLISION WITH MOTOR VEHICLE,REAR END,TRAFFIC SIGNAL,DAYLIGHT,CLOUDY,DRY
6836 ,34618686,MONROE,Rochester,,,Y,43.165706,-77.572979,01/21/2013,12:24 AM,INJURY,2.,0 ,2 ,COLLISION WITH MOTOR VEHICLE,RIGHT ANGLE,STOP SIGN,DARK-ROAD LIGHTED,CLOUDY,DRY
6836 ,34618697,MONROE,Rochester,,,N,43.1571379,-77.6064823,01/15/2013,2:53 PM,PROPERTY DAMAGE AND INJURY,2.,0 ,3 ,COLLISION WITH MOTOR VEHICLE,OTHER,TRAFFIC SIGNAL,DAYLIGHT,CLEAR,DRY
6836 ,34618710,MONROE,Rochester,,,Y,43.156584,-77.615059,01/20/2013,12:28 AM,PROPERTY DAMAGE AND INJURY,1.,0 ,1 ,COLLISION WITH CURBING,OTHER,STOP SIGN,DARK-ROAD LIGHTED,CLEAR,DRY
6836 ,34618712,MONROE,Rochester,,,Y,43.158788,-77.548029,01/18/2013,11:30 PM,PROPERTY DAMAGE AND INJURY,2.,0 ,1 ,COLLISION WITH BUILDING/WALL,OTHER,TRAFFIC SIGNAL,DARK-ROAD LIGHTED,CLEAR,DRY
6836 ,34618713,MONROE,Rochester,,,Y,43.214602,-77.640056,01/18/2013,10:44 AM,PROPERTY DAMAGE AND INJURY,1.,0 ,2 ,COLLISION WITH MOTOR VEHICLE,REAR END,TRAFFIC SIGNAL,DAYLIGHT,CLEAR,SNOW/ICE
6836 ,34618714,MONROE,Rochester,,,Y,43.177727,-77.621663,01/20/2013,9:22 AM,PROPERTY DAMAGE AND INJURY,1.,0 ,2 ,COLLISION WITH MOTOR VEHICLE,RIGHT ANGLE,STOP SIGN,DAYLIGHT,CLOUDY,SNOW/ICE
6836 ,34619283,MONROE,Rochester,,,Y,43.153497,-77.6221739,12/14/2012,1:03 PM,INJURY,1.,0 ,1 ,COLLISION WITH OTHER,OTHER,NONE,DAYLIGHT,CLEAR,DRY
6836 ,34619911,MONROE,Henrietta,,,N,43.0479338,-77.6435603,01/16/2013,10:34 PM,PROPERTY DAMAGE AND INJURY,1.,0 ,1 ,COLLISION WITH GUIDE RAIL,OTHER,NONE,DARK-ROAD UNLIGHTED,CLOUDY,DRY
6836 ,34620044,MONROE,Greece,,,Y,43.238474,-77.696648,01/16/2013,10:18 AM,PROPERTY DAMAGE AND INJURY,2.,0 ,2 ,COLLISION WITH MOTOR VEHICLE,HEAD ON,TRAFFIC SIGNAL,DAYLIGHT,CLOUDY,DRY
6836 ,34620046,MONROE,Greece,,,N,43.2045066,-77.6624101,01/18/2013,1:31 PM,PROPERTY DAMAGE AND INJURY,2.,0 ,2 ,COLLISION WITH MOTOR VEHICLE,OTHER,NONE,DAYLIGHT,CLEAR,DRY
6836 ,34620061,MONROE,Rochester,,,N,43.1366515,-77.6071848,12/10/2012,6:00 PM,INJURY,1.,0 ,1 ,COLLISION WITH PEDESTRIAN,OTHER,NONE,DARK-ROAD LIGHTED,RAIN,WET
6836 ,34620122,MONROE,Pittsford,,,Y,43.082549,-77.507733,01/16/2013,8:37 PM,PROPERTY DAMAGE AND INJURY,4.,0 ,2 ,COLLISION WITH MOTOR VEHICLE,REAR END,NONE,DARK-ROAD LIGHTED,CLOUDY,DRY
6836 ,34620125,MONROE,Irondequoit,,,N,43.2228315,-77.5988812,01/18/2013,1:00 PM,PROPERTY DAMAGE AND INJURY,1.,0 ,1 ,COLLISION WITH TREE,OTHER,TRAFFIC SIGNAL,DAYLIGHT,CLEAR,DRY
6836 ,34620131,MONROE,Henrietta,,,Y,43.068677,-77.607728,01/18/2013,6:49 PM,PROPERTY DAMAGE AND INJURY,2.,0 ,2 ,COLLISION WITH MOTOR VEHICLE,RIGHT ANGLE,TRAFFIC SIGNAL,DARK-ROAD LIGHTED,CLEAR,DRY
6836 ,34620132,MONROE,Penfield,,,N,43.18702,-77.5054234,01/19/2013,5:10 PM,INJURY,1.,0 ,2 ,COLLISION WITH MOTOR VEHICLE,RIGHT ANGLE,NONE,DARK-ROAD LIGHTED,CLOUDY,WET
6836 ,34620133,MONROE,Brighton,,65 43031139,Y,43.127016,-77.5467921,01/22/2013,5:33 PM,PROPERTY DAMAGE AND INJURY,1.,0 ,2 ,COLLISION WITH MOTOR VEHICLE,LEFT TURN (AGAINST OTHER CAR),TRAFFIC SIGNAL,DARK-ROAD LIGHTED,CLOUDY,DRY
6836 ,34620137,MONROE,Brighton,,65 43031127,N,43.1106055,-77.5477123,01/22/2013,8:30 AM,PROPERTY DAMAGE AND INJURY,2.,0 ,3 ,COLLISION WITH MOTOR VEHICLE,OTHER,NONE,DAYLIGHT,CLEAR,DRY
6836 ,34620138,MONROE,Brighton,,31 43033021,N,43.1108711,-77.5475189,01/22/2013,11:52 AM,PROPERTY DAMAGE AND INJURY,1.,0 ,2 ,COLLISION WITH MOTOR VEHICLE,REAR END,TRAFFIC SIGNAL,DAYLIGHT,CLEAR,DRY
6836 ,34620150,MONROE,Gates,,531 43011014,N,43.1587089,-77.7318424,01/15/2013,11:01 PM,PROPERTY DAMAGE AND INJURY,1.,0 ,2 ,COLLISION WITH MOTOR VEHICLE,REAR END,TRAFFIC SIGNAL,DARK-ROAD UNLIGHTED,CLOUDY,DRY
6836 ,34620153,MONROE,Henrietta,,,Y,43.082148,-77.659412,01/18/2013,11:43 PM,PROPERTY DAMAGE AND INJURY,1.,0 ,2 ,COLLISION WITH MOTOR VEHICLE,RIGHT ANGLE,NONE,DARK-ROAD LIGHTED,CLEAR,DRY
6836 ,34620155,MONROE,Mendon,,,N,42.9557045,-77.5681294,01/21/2013,4:33 PM,PROPERTY DAMAGE AND INJURY,2.,0 ,1 ,COLL. W/EARTH ELE./ROCK CUT/DITCH,OTHER,NONE,DAYLIGHT,CLEAR,DRY
6836 ,34620160,MONROE,Penfield,,250 43011064,N,43.1273196,-77.4412928,01/04/2013,5:12 PM,PROPERTY DAMAGE AND INJURY,1.,0 ,2 ,COLLISION WITH MOTOR VEHICLE,REAR END,TRAFFIC SIGNAL,DARK-ROAD LIGHTED,CLOUDY,WET
6836 ,34620163,MONROE,Henrietta,,15 43031113,Y,43.092878,-77.633691,01/17/2013,7:33 PM,PROPERTY DAMAGE AND INJURY,1.,0 ,2 ,COLLISION WITH MOTOR VEHICLE,LEFT TURN (AGAINST OTHER CAR),STOP SIGN,DARK-ROAD LIGHTED,SNOW,SNOW/ICE
6836 ,34620177,MONROE,Brighton,,390I43031137,Y,43.106951,-77.601261,01/19/2013,7:36 PM,PROPERTY DAMAGE AND INJURY,2.,0 ,3 ,COLLISION WITH MOTOR VEHICLE,OTHER,NONE,DARK-ROAD LIGHTED,CLOUDY,DRY
6836 ,34620927,MONROE,Henrietta,,15 43031094,Y,43.067984,-77.647022,01/23/2013,1:46 PM,PROPERTY DAMAGE AND INJURY,2.,0 ,2 ,COLLISION WITH MOTOR VEHICLE,RIGHT ANGLE,TRAFFIC SIGNAL,DAYLIGHT,CLEAR,DRY
6836 ,34620951,MONROE,Rochester,,,N,43.2412871,-77.5745957,01/23/2013,4:15 PM,INJURY,1.,0 ,1 ,RAN OFF ROAD ONLY,OTHER,NONE,DAYLIGHT,SNOW,SNOW/ICE
6836 ,34620956,MONROE,Rochester,,,Y,43.2033381,-77.6527674,12/01/2012,2:17 PM,INJURY,1.,0 ,2 ,COLLISION WITH MOTOR VEHICLE,REAR END,NONE,DAYLIGHT,CLOUDY,DRY
6836 ,34621301,MONROE,Rochester,,,Y,43.141157,-77.613271,09/25/2012,8:58 AM,PROPERTY DAMAGE AND INJURY,1.,0 ,3 ,COLLISION WITH MOTOR VEHICLE,OTHER,TRAFFIC SIGNAL,DAYLIGHT,CLEAR,DRY
6836 ,34623182,MONROE,Irondequoit,,104 43035215,N,43.2090611,-77.5451061,01/24/2013,8:45 AM,PROPERTY DAMAGE AND INJURY,1.,0 ,1 ,COLLISION WITH OTHER BARRIER,OTHER,NONE,DAYLIGHT,SNOW,SNOW/ICE
6836 ,34623194,MONROE,Rochester,,940T43011002,N,43.1559168,-77.6205573,01/24/2013,1:00 PM,INJURY,1.,0 ,1 ,COLLISION WITH GUIDERAIL - END,OTHER,NONE,DAYLIGHT,SNOW,SNOW/ICE
6836 ,34623195,MONROE,Rochester,,490I43022021,N,43.156514,-77.6312914,01/23/2013,5:20 PM,PROPERTY DAMAGE AND INJURY,1.,0 ,2 ,COLLISION WITH MOTOR VEHICLE,REAR END,NONE,DUSK,SNOW,SNOW/ICE
6836 ,34623198,MONROE,Rochester,,940T43011005,N,43.1593367,-77.6146481,01/24/2013,8:04 AM,PROPERTY DAMAGE AND INJURY,1.,0 ,1 ,COLLISION WITH OTHER BARRIER,OTHER,NONE,DAYLIGHT,SNOW,SNOW/ICE
6836 ,34623218,MONROE,Rochester,,104 43032037,N,43.1932551,-77.5932676,01/24/2013,7:55 PM,PROPERTY DAMAGE AND INJURY,2.,0 ,2 ,COLLISION WITH MOTOR VEHICLE,HEAD ON,NONE,DARK-ROAD LIGHTED,CLOUDY,WET
6836 ,34623385,MONROE,Rochester,,490I43022034,N,43.1512229,-77.6103298,01/24/2013,10:25 AM,PROPERTY DAMAGE AND INJURY,1.,0 ,2 ,COLLISION WITH MOTOR VEHICLE,REAR END,NONE,DAYLIGHT,SNOW,SNOW/ICE
6836 ,34623388,MONROE,Rochester,,490I43022037,N,43.1502393,-77.6053906,01/24/2013,8:34 AM,PROPERTY DAMAGE AND INJURY,1.,0 ,1 ,COLLISION WITH OTHER BARRIER,OTHER,NONE,DAYLIGHT,SNOW,SNOW/ICE
6836 ,34623501,MONROE,Pittsford,,,N,43.1165386,-77.5093942,01/23/2013,4:00 PM,INJURY,1.,0 ,1 ,COLLISION WITH OTHER BARRIER,OTHER,NONE,DAYLIGHT,SNOW,SNOW/ICE
6836 ,34623506,MONROE,Gates,,390 43011010,N,43.1389883,-77.6678459,12/14/2012,5:15 PM,PROPERTY DAMAGE AND INJURY,1.,0 ,2 ,COLLISION WITH MOTOR VEHICLE,REAR END,NONE,DARK-ROAD LIGHTED,RAIN,WET
6836 ,34623512,MONROE,Brighton,,286 43011001,N,43.157384,-77.53895,01/23/2013,7:18 AM,INJURY,1.,0 ,2 ,COLLISION WITH MOTOR VEHICLE,REAR END,TRAFFIC SIGNAL,DAWN,CLOUDY,SNOW/ICE
6836 ,34623515,MONROE,Brighton,,15 43031116,Y,43.096971,-77.631532,01/23/2013,8:44 AM,PROPERTY DAMAGE AND INJURY,1.,0 ,2 ,COLLISION WITH MOTOR VEHICLE,LEFT TURN (AGAINST OTHER CAR),NONE,DAYLIGHT,CLOUDY,WET
6836 ,34623516,MONROE,Brighton,,,Y,43.1153752,-77.5969705,01/24/2013,8:00 AM,PROPERTY DAMAGE AND INJURY,1.,0 ,2 ,COLLISION WITH MOTOR VEHICLE,REAR END,TRAFFIC SIGNAL,DAYLIGHT,SNOW,SNOW/ICE
6836 ,34623521,MONROE,Brighton,,,N,43.1256835,-77.5904365,01/24/2013,8:18 AM,PROPERTY DAMAGE AND INJURY,1.,0 ,2 ,COLLISION WITH MOTOR VEHICLE,RIGHT ANGLE,NONE,DAYLIGHT,SNOW,SNOW/ICE
6836 ,34623522,MONROE,Gates,,,N,43.1271488,-77.7002602,01/24/2013,6:17 AM,PROPERTY DAMAGE AND INJURY,1.,0 ,2 ,COLLISION WITH MOTOR VEHICLE,RIGHT ANGLE,NONE,DARK-ROAD LIGHTED,SNOW,SNOW/ICE
6836 ,34623525,MONROE,Gates,,,Y,43.138707,-77.754182,01/24/2013,8:23 AM,PROPERTY DAMAGE AND INJURY,1.,0 ,2 ,COLLISION WITH MOTOR VEHICLE,LEFT TURN (WITH OTHER CAR),TRAFFIC SIGNAL,DAYLIGHT,SNOW,SNOW/ICE
6836 ,34623679,MONROE,Henrietta,,15 43031056,N,43.0908279,-77.6347927,01/23/2013,9:32 AM,PROPERTY DAMAGE AND INJURY,1.,0 ,2 ,COLLISION WITH MOTOR VEHICLE,RIGHT ANGLE,NONE,DAYLIGHT,CLOUDY,SNOW/ICE
6836 ,34623684,MONROE,Pittsford,,252 43011112,Y,43.0874346,-77.5527066,01/24/2013,9:17 AM,PROPERTY DAMAGE AND INJURY,1.,0 ,3 ,COLLISION WITH MOTOR VEHICLE,OTHER,NONE,DAYLIGHT,SNOW,SNOW/ICE
6836 ,34623704,MONROE,Riga,,,N,43.1277605,-77.8284032,01/24/2013,9:32 AM,INJURY,1.,0 ,2 ,COLLISION WITH MOTOR VEHICLE,REAR END,NONE,DAYLIGHT,CLOUDY,WET
6836 ,34624585,MONROE,Webster,,,N,43.2174262,-77.4226329,01/23/2013,9:30 AM,PROPERTY DAMAGE AND INJURY,1.,0 ,1 ,COLLISION WITH GUIDE RAIL,OTHER,NONE,DAYLIGHT,SNOW,SNOW/ICE
6836 ,34624658,MONROE,Rochester,,590I43012001,N,43.1397756,-77.5526531,01/24/2013,3:50 PM,PROPERTY DAMAGE AND INJURY,1.,0 ,2 ,COLLISION WITH MOTOR VEHICLE,REAR END,NONE,DAYLIGHT,CLEAR,WET
6836 ,34624688,MONROE,Brighton,,590I43011035,N,43.1226977,-77.5537092,01/18/2013,6:55 AM,PROPERTY DAMAGE AND INJURY,1.,0 ,2 ,COLLISION WITH MOTOR VEHICLE,REAR END,NONE,DARK-ROAD LIGHTED,SNOW,SNOW/ICE
6836 ,34624829,MONROE,Webster,,104 43035292,N,43.2209212,-77.3946158,01/23/2013,6:25 AM,PROPERTY DAMAGE AND INJURY,1.,0 ,1 ,COLLISION WITH GUIDE RAIL,OTHER,NONE,DARK-ROAD UNLIGHTED,SNOW,SNOW/ICE
6836 ,34624834,MONROE,Chili,,490I43021129,N,43.1210726,-77.7414312,01/18/2013,8:45 AM,INJURY,1.,0 ,1 ,COLLISION WITH GUIDE RAIL,OTHER,NONE,DAYLIGHT,SNOW,SNOW/ICE
6836 ,34624942,MONROE,Brighton,,,N,43.1107508,-77.5538742,01/24/2013,2:40 PM,PROPERTY DAMAGE AND INJURY,1.,0 ,1 ,COLLISION WITH GUIDERAIL - END,OTHER,NONE,DAYLIGHT,CLEAR,SLUSH
6836 ,34624944,MONROE,Webster,,,Y,43.2140072,-77.4191017,01/24/2013,12:18 PM,INJURY,1.,0 ,2 ,COLLISION WITH MOTOR VEHICLE,REAR END,TRAFFIC SIGNAL,DAYLIGHT,SNOW,SNOW/ICE
6836 ,34624959,MONROE,Brighton,,,N,43.103869,-77.6183557,01/25/2013,10:39 AM,INJURY,1.,0 ,2 ,COLLISION WITH MOTOR VEHICLE,RIGHT TURN (AGAINST OTHER CAR),NONE,DAYLIGHT,CLOUDY,WET
6836 ,34624983,MONROE,Greece,,,N,43.2437657,-77.6965691,01/24/2013,10:18 AM,PROPERTY DAMAGE AND INJURY,1.,0 ,2 ,COLLISION WITH MOTOR VEHICLE,OVERTAKING,NONE,DAYLIGHT,SNOW,SNOW/ICE
6836 ,34626984,MONROE,Rochester,,,N,43.143188,-77.547946,12/21/2012,11:30 PM,INJURY,1.,0 ,1 ,COLLISION WITH BUILDING/WALL,OTHER,NONE,DARK-ROAD LIGHTED,CLEAR,WET
6836 ,34628077,MONROE,Rochester,,,Y,43.146504,-77.593621,01/02/2013,12:00 AM,PROPERTY DAMAGE AND INJURY,1.,0 ,2 ,COLLISION WITH MOTOR VEHICLE,OVERTAKING,NONE,DARK-ROAD LIGHTED,CLEAR,SNOW/ICE
6836 ,34628128,MONROE,Rochester,,,Y,43.152647,-77.584977,01/01/2013,1:32 AM,PROPERTY DAMAGE AND INJURY,2.,0 ,2 ,COLLISION WITH MOTOR VEHICLE,LEFT TURN (AGAINST OTHER CAR),TRAFFIC SIGNAL,DARK-ROAD LIGHTED,SNOW,SNOW/ICE
6836 ,34628469,MONROE,Irondequoit,,104 43035203,N,43.1962808,-77.5553319,01/26/2013,5:31 PM,PROPERTY DAMAGE AND INJURY,1.,0 ,2 ,COLLISION WITH MOTOR VEHICLE,OVERTAKING,NONE,DARK-ROAD LIGHTED,CLEAR,WET
6836 ,34628766,MONROE,Ogden,,259 43011076,N,43.2016495,-77.7973992,01/26/2013,6:32 PM,PROPERTY DAMAGE AND INJURY,2.,0 ,2 ,COLLISION WITH MOTOR VEHICLE,RIGHT ANGLE,NONE,DARK-ROAD LIGHTED,CLOUDY,DRY
6836 ,34628768,MONROE,Gates,,390I43037008,N,43.1403356,-77.6689659,01/25/2013,4:18 PM,INJURY,1.,0 ,2 ,COLLISION WITH MOTOR VEHICLE,REAR END,NONE,DAYLIGHT,SNOW,WET
6836 ,34628783,MONROE,Penfield,,441 43011048,Y,43.1309075,-77.4508027,01/27/2013,1:55 PM,INJURY,1.,0 ,1 ,COLLISION WITH BICYCLIST,OTHER,NONE,DAYLIGHT,CLEAR,DRY
6836 ,34628786,MONROE,Sweden,,31 43031015,N,43.1983591,-77.9440299,01/17/2013,5:25 PM,PROPERTY DAMAGE AND INJURY,1.,0 ,2 ,COLLISION WITH MOTOR VEHICLE,REAR END,TRAFFIC SIGNAL,DARK-ROAD LIGHTED,SNOW,WET
6836 ,34628788,MONROE,Pittsford,,31F43011000,Y,43.11686,-77.5167761,01/22/2013,6:26 PM,PROPERTY DAMAGE AND INJURY,1.,0 ,2 ,COLLISION WITH MOTOR VEHICLE,RIGHT ANGLE,TRAFFIC SIGNAL,DARK-ROAD LIGHTED,CLOUDY,DRY
6836 ,34628794,MONROE,Penfield,,,N,43.1798654,-77.5092301,01/25/2013,3:00 AM,INJURY,1.,0 ,1 ,COLLISION WITH OTHER FIXED OBJECT,OTHER,NONE,DARK-ROAD LIGHTED,SNOW,SNOW/ICE
6836 ,34628795,MONROE,Brighton,,,N,43.1100044,-77.6198513,01/24/2013,9:25 AM,PROPERTY DAMAGE AND INJURY,3.,0 ,2 ,COLLISION WITH MOTOR VEHICLE,RIGHT ANGLE,NONE,DAYLIGHT,SNOW,SNOW/ICE
6836 ,34628824,MONROE,Penfield,,,N,43.1857969,-77.4630767,01/16/2013,4:20 PM,INJURY,1.,0 ,1 ,COLL. W/EARTH ELE./ROCK CUT/DITCH,OTHER,NO PASSING ZONE,DAYLIGHT,CLEAR,DRY
6836 ,34628826,MONROE,Henrietta,,252 43011075,N,43.0870418,-77.6251003,01/25/2013,2:00 PM,INJURY,1.,0 ,4 ,COLLISION WITH MOTOR VEHICLE,OTHER,NONE,DAYLIGHT,CLOUDY,DRY