QUERYID,CASE #,REGN_CNTY_CDE,Municipality,MUNITYPE,REF_MRKR,ATINTERSECTION_IND,Lat,Long,,Time,Crash Type,Injuries,Fatalities,Number of Vehicles,ACCD_TYP,COLLISION_TYP,TRAF_CNTL,Light Condition,Weather Condition,Road Surface Condition
6836 ,34628827,MONROE,Brighton,,,Y,43.106951,-77.601261,01/24/2013,5:28 PM,PROPERTY DAMAGE AND INJURY,1.,0 ,2 ,COLLISION WITH MOTOR VEHICLE,REAR END,NONE,DARK-ROAD LIGHTED,CLOUDY,WET
6836 ,34628834,MONROE,Henrietta,,252 43011066,N,43.088038,-77.63631,01/25/2013,1:30 PM,INJURY,1.,0 ,2 ,COLLISION WITH MOTOR VEHICLE,REAR END,TRAFFIC SIGNAL,DAYLIGHT,SNOW,SNOW/ICE
6836 ,34629319,MONROE,Pittsford,,,N,43.0637239,-77.5017874,11/26/2012,8:30 AM,PROPERTY DAMAGE AND INJURY,1.,0 ,1 ,COLLISION WITH FENCE,OTHER,UNKNOWN,UNKNOWN,UNKNOWN,UNKNOWN
6836 ,34630727,MONROE,Rochester,,,Y,43.170087,-77.619875,12/08/2012,12:03 PM,PROPERTY DAMAGE AND INJURY,1.,0 ,2 ,COLLISION WITH MOTOR VEHICLE,LEFT TURN (WITH OTHER CAR),NONE,DAYLIGHT,CLOUDY,DRY
6836 ,34631036,MONROE,Henrietta,,,Y,43.045718,-77.659051,12/01/2012,5:13 PM,PROPERTY DAMAGE AND INJURY,1.,0 ,2 ,COLLISION WITH MOTOR VEHICLE,UNKNOWN,TRAFFIC SIGNAL,DUSK,CLEAR,DRY
6836 ,34631898,MONROE,Greece,,,N,43.210921,-77.7103499,01/26/2013,12:03 PM,INJURY,1.,0 ,2 ,COLLISION WITH MOTOR VEHICLE,REAR END,TRAFFIC SIGNAL,DAYLIGHT,CLOUDY,WET
6836 ,34631904,MONROE,Ogden,,,N,43.1982923,-77.7532431,01/28/2013,9:13 AM,PROPERTY DAMAGE AND INJURY,1.,0 ,1 ,COLL. W/EARTH ELE./ROCK CUT/DITCH,OTHER,NONE,DAYLIGHT,SLEET/HAIL/FREEZING RAIN,SNOW/ICE
6836 ,34631911,MONROE,Rochester,,15 43032001,Y,43.114487,-77.622557,01/18/2013,7:36 PM,PROPERTY DAMAGE AND INJURY,1.,0 ,2 ,COLLISION WITH MOTOR VEHICLE,RIGHT TURN (WITH OTHER CAR),TRAFFIC SIGNAL,DARK-ROAD LIGHTED,CLEAR,DRY
6836 ,34631917,MONROE,Rochester,,,Y,43.134562,-77.613632,01/15/2013,3:24 PM,INJURY,2.,0 ,2 ,COLLISION WITH MOTOR VEHICLE,HEAD ON,NONE,DAYLIGHT,CLEAR,DRY
6836 ,34631927,MONROE,Rochester,,,Y,43.1279937,-77.6157615,01/17/2013,6:20 PM,INJURY,2.,0 ,2 ,COLLISION WITH MOTOR VEHICLE,REAR END,NONE,DARK-ROAD LIGHTED,SNOW,WET
6836 ,34631930,MONROE,Rochester,,,Y,43.15007,-77.599852,01/28/2013,4:15 PM,PROPERTY DAMAGE AND INJURY,3.,0 ,2 ,COLLISION WITH MOTOR VEHICLE,RIGHT ANGLE,TRAFFIC SIGNAL,DAYLIGHT,RAIN,WET
6836 ,34631976,MONROE,Chili,,251 43011023,N,43.1162161,-77.745651,01/22/2013,8:38 AM,PROPERTY DAMAGE AND INJURY,1.,0 ,2 ,COLLISION WITH MOTOR VEHICLE,REAR END,TRAFFIC SIGNAL,DAYLIGHT,CLEAR,DRY
6836 ,34631977,MONROE,Chili,,,N,43.1068728,-77.6909139,01/22/2013,7:53 AM,PROPERTY DAMAGE AND INJURY,1.,0 ,2 ,COLLISION WITH MOTOR VEHICLE,RIGHT ANGLE,STOP SIGN,DAYLIGHT,CLEAR,DRY
6836 ,34631979,MONROE,Ogden,,36 43031146,N,43.1787265,-77.8546566,01/28/2013,10:51 AM,PROPERTY DAMAGE AND INJURY,1.,0 ,1 ,COLLISION WITH TREE,OTHER,NONE,DAYLIGHT,RAIN,SNOW/ICE
6836 ,34631980,MONROE,Chili,,490I43021098,N,43.0984444,-77.7925629,01/28/2013,9:10 AM,PROPERTY DAMAGE AND INJURY,1.,0 ,1 ,COLLISION WITH TREE,OTHER,NONE,DAYLIGHT,SLEET/HAIL/FREEZING RAIN,SNOW/ICE
6836 ,34631985,MONROE,Greece,,,Y,43.200835,-77.7531811,01/28/2013,8:55 AM,PROPERTY DAMAGE AND INJURY,1.,0 ,2 ,COLLISION WITH MOTOR VEHICLE,OVERTAKING,NONE,DAYLIGHT,SLEET/HAIL/FREEZING RAIN,SNOW/ICE
6836 ,34631987,MONROE,Henrietta,,,N,43.076148,-77.626828,01/15/2013,4:26 PM,INJURY,1.,0 ,2 ,COLLISION WITH MOTOR VEHICLE,RIGHT TURN (WITH OTHER CAR),TRAFFIC SIGNAL,DAYLIGHT,CLEAR,DRY
6836 ,34631992,MONROE,Sweden,,31 43031069,Y,43.197993,-77.8994651,01/28/2013,6:52 AM,PROPERTY DAMAGE AND INJURY,1.,0 ,2 ,COLLISION WITH MOTOR VEHICLE,HEAD ON,TRAFFIC SIGNAL,DAWN,SNOW,SNOW/ICE
6836 ,34631997,MONROE,Gates,,,N,43.175067,-77.701573,01/30/2013,4:13 AM,INJURY,1.,0 ,1 ,COLL. W/LIGHT SUPPORT/UTILITY POLE,OTHER,NONE,DARK-ROAD UNLIGHTED,CLOUDY,WET
6836 ,34631998,MONROE,Ogden,,259 43011060,N,43.178532,-77.804411,01/22/2013,7:33 AM,PROPERTY DAMAGE AND INJURY,1.,0 ,2 ,COLLISION WITH MOTOR VEHICLE,LEFT TURN (WITH OTHER CAR),TRAFFIC SIGNAL,DAYLIGHT,CLEAR,DRY
6836 ,34633279,MONROE,Greece,,,Y,43.209859,-77.6959401,12/21/2012,2:48 AM,INJURY,1.,0 ,2 ,COLLISION WITH MOTOR VEHICLE,REAR END,TRAFFIC SIGNAL,DARK-ROAD LIGHTED,RAIN,WET
6836 ,34633283,MONROE,Greece,,947A43021203,N,43.2578686,-77.6384795,12/17/2012,8:20 PM,PROPERTY DAMAGE AND INJURY,1.,0 ,1 ,COLLISION WITH DEER,OTHER,NONE,DARK-ROAD UNLIGHTED,CLEAR,DRY
6836 ,34633481,MONROE,Rochester,,,Y,43.131078,-77.636043,12/25/2012,12:00 PM,INJURY,1.,0 ,2 ,COLLISION WITH MOTOR VEHICLE,RIGHT ANGLE,TRAFFIC SIGNAL,DAYLIGHT,CLOUDY,WET
6836 ,34634202,MONROE,Greece,,,N,43.191282,-77.6830881,01/29/2013,1:01 PM,PROPERTY DAMAGE AND INJURY,3.,0 ,3 ,COLLISION WITH MOTOR VEHICLE,OTHER,TRAFFIC SIGNAL,DAYLIGHT,RAIN,WET
6836 ,34634220,MONROE,Rochester,,,Y,43.154475,-77.612006,01/26/2013,9:50 PM,INJURY,1.,0 ,1 ,COLLISION WITH PEDESTRIAN,OTHER,TRAFFIC SIGNAL,DARK-ROAD LIGHTED,CLEAR,WET
6836 ,34634222,MONROE,Rochester,,,N,43.1542138,-77.6118915,01/27/2013,11:32 AM,INJURY,1.,0 ,2 ,COLLISION WITH PEDESTRIAN,OTHER,NONE,DAYLIGHT,CLEAR,DRY
6836 ,34634227,MONROE,Rochester,,,N,43.141813,-77.594786,01/30/2013,8:00 AM,PROPERTY DAMAGE AND INJURY,1.,0 ,3 ,COLLISION WITH MOTOR VEHICLE,OTHER,TRAFFIC SIGNAL,DAYLIGHT,CLOUDY,WET
6836 ,34634354,MONROE,Webster,,,Y,43.2051,-77.474622,01/30/2013,8:18 AM,PROPERTY DAMAGE AND INJURY,1.,0 ,2 ,COLLISION WITH MOTOR VEHICLE,RIGHT ANGLE,TRAFFIC SIGNAL,DAYLIGHT,CLOUDY,WET
6836 ,34634355,MONROE,Penfield,,,N,43.1793703,-77.4625582,01/23/2013,10:04 AM,PROPERTY DAMAGE AND INJURY,1.,0 ,2 ,COLLISION WITH MOTOR VEHICLE,HEAD ON,NONE,DAYLIGHT,SNOW,SNOW/ICE
6836 ,34634362,MONROE,Pittsford,,490I43023023,N,43.1188561,-77.5111977,01/26/2013,2:53 AM,PROPERTY DAMAGE AND INJURY,1.,0 ,1 ,COLLISION WITH GUIDE RAIL,OTHER,NONE,DARK-ROAD LIGHTED,CLOUDY,WET
6836 ,34634370,MONROE,Pittsford,,490I43023027,N,43.1174376,-77.5079802,01/28/2013,9:47 AM,PROPERTY DAMAGE AND INJURY,1.,0 ,1 ,COLLISION WITH MEDIAN/BARRIER,OTHER,NONE,DAYLIGHT,SNOW,SLUSH
6836 ,34634374,MONROE,Henrietta,,,Y,43.038097,-77.7184041,01/28/2013,8:16 AM,PROPERTY DAMAGE AND INJURY,1.,0 ,1 ,COLL. W/EARTH ELE./ROCK CUT/DITCH,OTHER,NONE,DAYLIGHT,SLEET/HAIL/FREEZING RAIN,SNOW/ICE
6836 ,34634375,MONROE,Henrietta,,,Y,43.040072,-77.6971061,01/29/2013,1:46 PM,PROPERTY DAMAGE AND INJURY,1.,0 ,2 ,COLLISION WITH MOTOR VEHICLE,REAR END,TRAFFIC SIGNAL,DAYLIGHT,RAIN,WET
6836 ,34634376,MONROE,Mendon,,,Y,42.957969,-77.554044,01/28/2013,7:54 AM,PROPERTY DAMAGE AND INJURY,1.,0 ,1 ,COLLISION WITH OTHER FIXED OBJECT,OTHER,NONE,DAYLIGHT,SNOW,SNOW/ICE
6836 ,34634389,MONROE,Henrietta,,,N,43.0490069,-77.6836273,01/28/2013,10:15 AM,PROPERTY DAMAGE AND INJURY,1.,0 ,1 ,COLL. W/EARTH ELE./ROCK CUT/DITCH,OTHER,NONE,DAYLIGHT,RAIN,SNOW/ICE
6836 ,34634390,MONROE,Penfield,,286 43011014,N,43.154262,-77.5145122,01/27/2013,5:51 PM,PROPERTY DAMAGE AND INJURY,1.,0 ,1 ,COLLISION WITH DEER,OTHER,NONE,DARK-ROAD UNLIGHTED,CLOUDY,DRY
6836 ,34634391,MONROE,Penfield,,250 43011070,N,43.1358653,-77.441867,01/28/2013,7:15 AM,PROPERTY DAMAGE AND INJURY,2.,0 ,2 ,COLLISION WITH MOTOR VEHICLE,RIGHT ANGLE,NONE,DAWN,SNOW,SNOW/ICE
6836 ,34634392,MONROE,Gates,,,N,43.1576046,-77.6796416,01/26/2013,10:48 PM,PROPERTY DAMAGE AND INJURY,1.,0 ,1 ,COLLISION WITH GUIDE RAIL,OTHER,NONE,DARK-ROAD LIGHTED,CLEAR,SNOW/ICE
6836 ,34634399,MONROE,Honeoye Falls,,,Y,42.952843,-77.5909701,01/29/2013,6:06 PM,INJURY,1.,0 ,1 ,COLLISION WITH PEDESTRIAN,OTHER,TRAFFIC SIGNAL,DARK-ROAD LIGHTED,RAIN,WET
6836 ,34634400,MONROE,Gates,,531 43011015,N,43.1579658,-77.7299774,01/25/2013,6:52 PM,PROPERTY DAMAGE AND INJURY,1.,0 ,1 ,COLLISION WITH GUIDE RAIL,OTHER,NONE,DARK-ROAD UNLIGHTED,SNOW,SNOW/ICE
6836 ,34634985,MONROE,Rochester,,,Y,43.184645,-77.5839551,01/03/2013,1:41 PM,PROPERTY DAMAGE AND INJURY,2.,0 ,2 ,COLLISION WITH MOTOR VEHICLE,OVERTAKING,NONE,DAYLIGHT,CLOUDY,WET
6836 ,34635172,MONROE,Rochester,,,N,43.1864003,-77.6165213,12/31/2012,10:51 PM,INJURY,1.,0 ,2 ,COLLISION WITH MOTOR VEHICLE,HEAD ON,NONE,DARK-ROAD LIGHTED,SNOW,SNOW/ICE
6836 ,34635735,MONROE,Irondequoit,,104 43035206,N,43.1989697,-77.5493597,01/25/2013,1:25 PM,PROPERTY DAMAGE AND INJURY,1.,0 ,1 ,COLLISION WITH SIGN POST,OTHER,NONE,DAYLIGHT,CLOUDY,WET
6836 ,34635781,MONROE,Brighton,,390I43031152,N,43.1167238,-77.6344045,01/27/2013,10:15 AM,PROPERTY DAMAGE AND INJURY,1.,0 ,2 ,COLLISION WITH MOTOR VEHICLE,REAR END,NONE,DAYLIGHT,CLOUDY,DRY
6836 ,34635785,MONROE,Chili,,390I43033004,N,43.1247705,-77.6533101,01/25/2013,6:23 PM,PROPERTY DAMAGE AND INJURY,2.,0 ,2 ,COLLISION WITH MOTOR VEHICLE,OVERTAKING,NONE,DARK-ROAD LIGHTED,SNOW,SNOW/ICE
6836 ,34635791,MONROE,Rochester,,104 43032022,N,43.1924872,-77.6201523,01/26/2013,1:14 PM,INJURY,1.,0 ,1 ,COLLISION WITH CURBING,OTHER,NONE,DAYLIGHT,CLOUDY,WET
6836 ,34635793,MONROE,Greece,,390 43011047,N,43.2233549,-77.6746648,01/27/2013,1:50 PM,PROPERTY DAMAGE AND INJURY,1.,0 ,1 ,COLLISION WITH GUIDE RAIL,OTHER,NONE,DAYLIGHT,CLOUDY,DRY
6836 ,34636125,MONROE,Greece,,,N,43.2869598,-77.7213344,01/24/2013,3:54 PM,PROPERTY DAMAGE AND INJURY,3.,0 ,4 ,COLLISION WITH MOTOR VEHICLE,OTHER,NONE,DAYLIGHT,CLOUDY,SNOW/ICE
6836 ,34636134,MONROE,Greece,,,Y,43.208133,-77.6854671,01/15/2013,6:33 PM,INJURY,1.,0 ,3 ,COLLISION WITH MOTOR VEHICLE,OTHER,TRAFFIC SIGNAL,DARK-ROAD LIGHTED,CLOUDY,DRY
6836 ,34636312,MONROE,Riga,,490I43021016,N,43.0684848,-77.9363958,01/24/2013,10:53 AM,INJURY,1.,0 ,1 ,COLLISION WITH GUIDE RAIL,OTHER,NONE,DAYLIGHT,SNOW,SNOW/ICE
6836 ,34636318,MONROE,Henrietta,,15 43031110,N,43.08844,-77.6360884,01/26/2013,6:50 PM,PROPERTY DAMAGE AND INJURY,2.,0 ,2 ,COLLISION WITH MOTOR VEHICLE,RIGHT ANGLE,TRAFFIC SIGNAL,DARK-ROAD LIGHTED,CLOUDY,DRY
6836 ,34636323,MONROE,Henrietta,,,Y,43.068363,-77.627475,01/26/2013,11:45 AM,INJURY,1.,0 ,2 ,COLLISION WITH MOTOR VEHICLE,REAR END,TRAFFIC SIGNAL,DAYLIGHT,CLOUDY,WET
6836 ,34636328,MONROE,Penfield,,,Y,43.195565,-77.4431711,01/23/2013,10:52 AM,PROPERTY DAMAGE AND INJURY,1.,0 ,1 ,COLL. W/LIGHT SUPPORT/UTILITY POLE,OTHER,STOP SIGN,DAYLIGHT,SNOW,SNOW/ICE
6836 ,34636331,MONROE,Mendon,,,N,43.0153263,-77.4967937,01/25/2013,11:11 PM,INJURY,1.,0 ,1 ,COLL. W/EARTH ELE./ROCK CUT/DITCH,OTHER,NONE,DARK-ROAD UNLIGHTED,CLEAR,SNOW/ICE
6836 ,34636392,MONROE,Rochester,,,N,43.180938,-77.6355217,01/24/2013,8:57 AM,PROPERTY DAMAGE AND INJURY,3.,0 ,2 ,COLLISION WITH MOTOR VEHICLE,HEAD ON,NO PASSING ZONE,DAYLIGHT,SNOW,SNOW/ICE
6836 ,34636401,MONROE,Rochester,,,Y,43.185287,-77.638884,12/28/2012,3:07 PM,PROPERTY DAMAGE AND INJURY,1.,0 ,2 ,COLLISION WITH MOTOR VEHICLE,REAR END,TRAFFIC SIGNAL,DAYLIGHT,CLOUDY,WET
6836 ,34636402,MONROE,Rochester,,,N,43.1799994,-77.5791622,01/26/2013,4:51 PM,PROPERTY DAMAGE AND INJURY,2.,0 ,2 ,COLLISION WITH MOTOR VEHICLE,HEAD ON,NONE,DAYLIGHT,CLOUDY,SNOW/ICE
6836 ,34636413,MONROE,Rochester,,,Y,43.145385,-77.613507,01/28/2013,8:29 AM,PROPERTY DAMAGE AND INJURY,1.,0 ,2 ,COLLISION WITH MOTOR VEHICLE,LEFT TURN (WITH OTHER CAR),NONE,DAYLIGHT,SLEET/HAIL/FREEZING RAIN,SLUSH
6836 ,34636415,MONROE,Rochester,,,Y,43.170708,-77.594481,01/27/2013,6:36 PM,INJURY,1.,0 ,1 ,COLLISION WITH PEDESTRIAN,OTHER,TRAFFIC SIGNAL,DARK-ROAD LIGHTED,CLOUDY,WET
6836 ,34636424,MONROE,Rochester,,,Y,43.132778,-77.6509309,01/28/2013,1:07 AM,PROPERTY DAMAGE AND INJURY,1.,0 ,2 ,COLLISION WITH MOTOR VEHICLE,REAR END,NONE,DARK-ROAD LIGHTED,CLOUDY,DRY
6836 ,34636425,MONROE,Rochester,,,N,43.1792023,-77.6803832,01/24/2013,4:47 PM,PROPERTY DAMAGE AND INJURY,1.,0 ,2 ,COLLISION WITH MOTOR VEHICLE,SIDESWIPE,TRAFFIC SIGNAL,DAYLIGHT,CLEAR,WET
6836 ,34636426,MONROE,Rochester,,,N,43.1641534,-77.6743267,01/25/2013,9:37 AM,PROPERTY DAMAGE AND INJURY,1.,0 ,2 ,COLLISION WITH MOTOR VEHICLE,RIGHT ANGLE,NONE,DAYLIGHT,CLOUDY,SNOW/ICE
6836 ,34636431,MONROE,Rochester,,,Y,43.152039,-77.6598411,01/27/2013,3:34 AM,INJURY,1.,0 ,1 ,COLLISION WITH TREE,OTHER,TRAFFIC SIGNAL,DARK-ROAD LIGHTED,CLOUDY,DRY
6836 ,34636454,MONROE,Rochester,,,N,43.1418894,-77.5947442,11/29/2012,3:29 AM,PROPERTY DAMAGE AND INJURY,2.,0 ,2 ,COLLISION WITH MOTOR VEHICLE,HEAD ON,NONE,DARK-ROAD LIGHTED,CLOUDY,DRY
6836 ,34636458,MONROE,Rochester,,,Y,43.179325,-77.6336841,01/20/2013,7:33 PM,INJURY,2.,0 ,2 ,COLLISION WITH MOTOR VEHICLE,RIGHT ANGLE,STOP SIGN,DARK-ROAD LIGHTED,SNOW,WET
6836 ,34636460,MONROE,Rochester,,,N,43.1561842,-77.6129002,01/24/2013,1:33 PM,PROPERTY DAMAGE AND INJURY,1.,0 ,2 ,COLLISION WITH MOTOR VEHICLE,REAR END,NONE,DAYLIGHT,SNOW,SNOW/ICE
6836 ,34636461,MONROE,Rochester,,,N,43.1598349,-77.6086226,01/01/2013,3:15 AM,INJURY,1.,0 ,2 ,COLLISION WITH PEDESTRIAN,OTHER,NONE,DARK-ROAD LIGHTED,CLEAR,WET
6836 ,34636496,MONROE,Rochester,,,N,43.181011,-77.628583,01/15/2013,9:04 AM,PROPERTY DAMAGE AND INJURY,1.,0 ,1 ,COLLISION WITH CURBING,OTHER,NONE,DAYLIGHT,CLEAR,SNOW/ICE
6836 ,34636500,MONROE,Rochester,,,Y,43.164661,-77.661756,01/21/2013,8:17 PM,INJURY,1.,0 ,2 ,COLLISION WITH MOTOR VEHICLE,REAR END,NONE,DARK-ROAD LIGHTED,CLEAR,DRY
6836 ,34636504,MONROE,Rochester,,,Y,43.164661,-77.66063,01/22/2013,2:49 PM,PROPERTY DAMAGE AND INJURY,1.,0 ,2 ,COLLISION WITH MOTOR VEHICLE,RIGHT ANGLE,NONE,DAYLIGHT,CLOUDY,DRY
6836 ,34637086,MONROE,Chili,,490I43021096,N,43.0970133,-77.7952296,01/28/2013,4:40 AM,PROPERTY DAMAGE AND INJURY,1.,0 ,1 ,COLL. W/LIGHT SUPPORT/UTILITY POLE,OTHER,NONE,DARK-ROAD LIGHTED,CLOUDY,DRY
6836 ,34637088,MONROE,Gates,,,N,43.1560415,-77.6816847,01/25/2013,10:58 PM,PROPERTY DAMAGE AND INJURY,1.,0 ,1 ,COLLISION WITH GUIDERAIL - END,OTHER,NONE,DARK-ROAD LIGHTED,CLOUDY,SNOW/ICE
6836 ,34637109,MONROE,Rochester,,,N,43.1839417,-77.6026198,01/24/2013,1:27 PM,INJURY,2.,0 ,2 ,COLLISION WITH MOTOR VEHICLE,SIDESWIPE,NONE,DAYLIGHT,CLEAR,SNOW/ICE
6836 ,34637950,MONROE,Rochester,,,Y,43.164658,-77.659556,01/29/2013,4:39 PM,PROPERTY DAMAGE AND INJURY,1.,0 ,3 ,COLLISION WITH MOTOR VEHICLE,OTHER,TRAFFIC SIGNAL,DAYLIGHT,RAIN,WET
6836 ,34637959,MONROE,Rochester,,,N,43.1416418,-77.6293386,01/27/2013,3:24 PM,INJURY,1.,0 ,2 ,COLLISION WITH MOTOR VEHICLE,HEAD ON,NONE,DAYLIGHT,CLEAR,WET
6836 ,34638332,MONROE,Rochester,,490I43022058,N,43.1438087,-77.5695212,02/01/2013,3:26 PM,PROPERTY DAMAGE AND INJURY,1.,0 ,2 ,COLLISION WITH MOTOR VEHICLE,REAR END,NONE,DAYLIGHT,CLOUDY,WET
6836 ,34638339,MONROE,Rochester,,,N,43.182823,-77.5823285,01/28/2013,11:12 AM,PROPERTY DAMAGE AND INJURY,1.,0 ,1 ,COLL. W/LIGHT SUPPORT/UTILITY POLE,OTHER,NONE,DAYLIGHT,SLEET/HAIL/FREEZING RAIN,SNOW/ICE
6836 ,34638505,MONROE,Rochester,,490I43022068,N,43.143519,-77.5493446,01/24/2013,12:32 PM,PROPERTY DAMAGE AND INJURY,1.,0 ,1 ,COLLISION WITH GUIDERAIL - END,OTHER,NONE,DAYLIGHT,SNOW,SNOW/ICE
6836 ,34638585,MONROE,Greece,,,N,43.22564,-77.6590557,01/30/2013,1:21 PM,PROPERTY DAMAGE AND INJURY,1.,0 ,1 ,COLLISION WITH CURBING,OTHER,NONE,DAYLIGHT,CLOUDY,WET
6836 ,34638755,MONROE,Rochester,,,N,43.2161013,-77.6386666,01/24/2013,4:43 PM,FATAL,1.,1 ,1 ,COLLISION WITH TREE,OTHER,NONE,DAWN,CLOUDY,SNOW/ICE
6836 ,34639604,MONROE,Riga,,,N,43.1019733,-77.8953188,01/25/2013,9:04 PM,PROPERTY DAMAGE AND INJURY,1.,0 ,4 ,COLLISION WITH MOTOR VEHICLE,OTHER,NONE,DARK-ROAD LIGHTED,SNOW,SNOW/ICE
6836 ,34639988,MONROE,Irondequoit,,47 43013019,N,43.1944164,-77.5460344,01/30/2013,6:08 PM,INJURY,1.,0 ,4 ,COLLISION WITH MOTOR VEHICLE,OTHER,NONE,DARK-ROAD LIGHTED,CLOUDY,DRY
6836 ,34640278,MONROE,Ogden,,259 43011075,N,43.2000483,-77.797956,02/01/2013,11:24 AM,INJURY,1.,0 ,2 ,COLLISION WITH MOTOR VEHICLE,REAR END,NONE,DAYLIGHT,RAIN,WET
6836 ,34640280,MONROE,Ogden,,,Y,43.187155,-77.783338,02/01/2013,8:41 PM,PROPERTY DAMAGE AND INJURY,1.,0 ,2 ,COLLISION WITH MOTOR VEHICLE,HEAD ON,NO PASSING ZONE,DARK-ROAD LIGHTED,SNOW,SNOW/ICE
6836 ,34640288,MONROE,Brighton,,15A43041128,N,43.0962822,-77.6125656,02/01/2013,3:26 PM,PROPERTY DAMAGE AND INJURY,1.,0 ,2 ,COLLISION WITH MOTOR VEHICLE,RIGHT ANGLE,NONE,DAYLIGHT,CLEAR,DRY
6836 ,34640290,MONROE,Brighton,,15 43031128,Y,43.107599,-77.6260821,02/01/2013,6:11 PM,INJURY,1.,0 ,2 ,COLLISION WITH MOTOR VEHICLE,REAR END,NONE,DARK-ROAD LIGHTED,CLEAR,DRY
6836 ,34640291,MONROE,Brighton,,286 43011001,N,43.1573813,-77.5391388,02/01/2013,5:25 PM,PROPERTY DAMAGE AND INJURY,1.,0 ,3 ,COLLISION WITH MOTOR VEHICLE,OTHER,TRAFFIC SIGNAL,DUSK,CLOUDY,WET
6836 ,34640299,MONROE,Webster,,,N,43.2088933,-77.4610097,01/30/2013,6:00 PM,PROPERTY DAMAGE AND INJURY,1.,0 ,2 ,COLLISION WITH MOTOR VEHICLE,REAR END,NONE,DARK-ROAD UNLIGHTED,CLOUDY,WET
6836 ,34640309,MONROE,Henrietta,,,Y,43.080148,-77.629592,01/29/2013,5:15 PM,PROPERTY DAMAGE AND INJURY,2.,0 ,2 ,COLLISION WITH MOTOR VEHICLE,RIGHT ANGLE,TRAFFIC SIGNAL,DUSK,RAIN,WET
6836 ,34640312,MONROE,Pittsford,,252 43011123,N,43.0871579,-77.5317007,01/30/2013,5:30 PM,PROPERTY DAMAGE AND INJURY,2.,0 ,2 ,COLLISION WITH MOTOR VEHICLE,REAR END,TRAFFIC SIGNAL,DARK-ROAD LIGHTED,CLOUDY,DRY
6836 ,34640318,MONROE,Perinton,,96 43051017,N,43.0493809,-77.4693583,01/31/2013,5:34 PM,PROPERTY DAMAGE AND INJURY,1.,0 ,2 ,COLLISION WITH MOTOR VEHICLE,LEFT TURN (AGAINST OTHER CAR),NONE,DUSK,CLOUDY,DRY
6836 ,34640320,MONROE,Penfield,,,Y,43.136342,-77.475716,01/31/2013,2:39 PM,INJURY,1.,0 ,1 ,COLLISION WITH PEDESTRIAN,OTHER,TRAFFIC SIGNAL,DAYLIGHT,CLEAR,DRY
6836 ,34640321,MONROE,Clarkson,,,N,43.2622055,-77.9441251,01/28/2013,10:00 AM,INJURY,1.,0 ,1 ,OVERTURNED,OTHER,NONE,DAYLIGHT,SLEET/HAIL/FREEZING RAIN,SNOW/ICE
6836 ,34640329,MONROE,Parma,,104 43031121,N,43.2187601,-77.7661135,01/23/2013,3:31 AM,PROPERTY DAMAGE AND INJURY,1.,0 ,1 ,COLLISION WITH OTHER FIXED OBJECT,OTHER,NONE,DARK-ROAD LIGHTED,SNOW,SNOW/ICE
6836 ,34640331,MONROE,Chili,,,N,43.1175875,-77.7456351,02/01/2013,6:05 PM,PROPERTY DAMAGE AND INJURY,1.,0 ,3 ,COLLISION WITH MOTOR VEHICLE,OTHER,NONE,DARK-ROAD LIGHTED,CLOUDY,DRY
6836 ,34640349,MONROE,Sweden,,31 43031057,Y,43.19825,-77.9222901,02/01/2013,7:00 AM,INJURY,1.,0 ,2 ,COLLISION WITH MOTOR VEHICLE,REAR END,TRAFFIC SIGNAL,DAWN,SNOW,SNOW/ICE
6836 ,34640355,MONROE,Pittsford,,31 43033047,N,43.0891069,-77.5103024,01/30/2013,4:03 PM,INJURY,2.,0 ,2 ,COLLISION WITH MOTOR VEHICLE,REAR END,NONE,DAYLIGHT,CLOUDY,DRY
6836 ,34640363,MONROE,Wheatland,,383 43011123,Y,43.013445,-77.8183061,02/02/2013,3:27 PM,PROPERTY DAMAGE AND INJURY,1.,0 ,2 ,COLLISION WITH MOTOR VEHICLE,RIGHT ANGLE,TRAFFIC SIGNAL,DAYLIGHT,CLOUDY,DRY
6836 ,34640367,MONROE,Gates,,,N,43.1536089,-77.7410664,01/29/2013,2:40 PM,PROPERTY DAMAGE AND INJURY,1.,0 ,2 ,COLLISION WITH MOTOR VEHICLE,RIGHT ANGLE,NONE,DAYLIGHT,RAIN,WET
6836 ,34640374,MONROE,Gates,,33 43031119,N,43.1465841,-77.7130989,02/03/2013,2:15 AM,PROPERTY DAMAGE AND INJURY,4.,0 ,2 ,COLLISION WITH MOTOR VEHICLE,REAR END,NONE,DARK-ROAD LIGHTED,CLEAR,DRY
6836 ,34640381,MONROE,Gates,,,N,43.1395718,-77.668495,01/17/2013,11:44 PM,PROPERTY DAMAGE AND INJURY,1.,0 ,3 ,COLLISION WITH MOTOR VEHICLE,OTHER,NONE,DARK-ROAD LIGHTED,SNOW,SNOW/ICE
6836 ,34640385,MONROE,Parma,,18 43031130,N,43.2588131,-77.7859052,01/28/2013,9:17 AM,PROPERTY DAMAGE AND INJURY,3.,0 ,1 ,COLLISION WITH TREE,OTHER,NONE,DAYLIGHT,RAIN,SNOW/ICE
6836 ,34640386,MONROE,Henrietta,,252 43011079,N,43.087214,-77.6172645,01/31/2013,2:30 PM,PROPERTY DAMAGE AND INJURY,1.,0 ,2 ,COLLISION WITH MOTOR VEHICLE,REAR END,TRAFFIC SIGNAL,DAYLIGHT,CLEAR,DRY
6836 ,34640508,MONROE,Rochester,,,N,43.1244063,-77.6233324,01/31/2013,8:43 PM,INJURY,2.,0 ,2 ,COLLISION WITH MOTOR VEHICLE,LEFT TURN (WITH OTHER CAR),TRAFFIC SIGNAL,DARK-ROAD LIGHTED,SNOW,WET
6836 ,34640523,MONROE,Rochester,,,Y,43.17599,-77.570394,02/02/2013,6:23 PM,INJURY,1.,0 ,1 ,COLLISION WITH BICYCLIST,OTHER,STOP SIGN,DARK-ROAD LIGHTED,CLEAR,DRY