QUERYID,CASE #,REGN_CNTY_CDE,Municipality,MUNITYPE,REF_MRKR,ATINTERSECTION_IND,Lat,Long,,Time,Crash Type,Injuries,Fatalities,Number of Vehicles,ACCD_TYP,COLLISION_TYP,TRAF_CNTL,Light Condition,Weather Condition,Road Surface Condition
6836 ,34640530,MONROE,Rochester,,,N,43.1609745,-77.6097992,02/03/2013,12:48 AM,INJURY,1.,0 ,2 ,COLLISION WITH MOTOR VEHICLE,REAR END,NONE,DARK-ROAD LIGHTED,CLEAR,DRY
6836 ,34640539,MONROE,Rochester,,,N,43.141984,-77.5956924,01/23/2013,11:52 AM,PROPERTY DAMAGE AND INJURY,1.,0 ,2 ,COLLISION WITH MOTOR VEHICLE,REAR END,POLICE/FIRE EMERGENCY,DAYLIGHT,CLOUDY,DRY
6836 ,34640546,MONROE,Rochester,,,Y,43.1513778,-77.6313116,01/31/2013,11:33 PM,INJURY,1.,0 ,1 ,COLLISION WITH BICYCLIST,OTHER,NONE,DARK-ROAD LIGHTED,CLOUDY,WET
6836 ,34640559,MONROE,Rochester,,,N,43.2032774,-77.6492999,02/01/2013,8:05 AM,PROPERTY DAMAGE AND INJURY,1.,0 ,1 ,COLL. W/LIGHT SUPPORT/UTILITY POLE,OTHER,NONE,DAYLIGHT,SNOW,SNOW/ICE
6836 ,34640658,MONROE,Rochester,,490I43022027,N,43.155986,-77.6212603,08/27/2012,4:00 PM,PROPERTY DAMAGE AND INJURY,1.,0 ,3 ,COLLISION WITH MOTOR VEHICLE,OTHER,NONE,DAYLIGHT,RAIN,WET
6836 ,34641127,MONROE,Rochester,,,Y,43.179263,-77.6468689,01/03/2013,5:25 PM,PROPERTY DAMAGE AND INJURY,1.,0 ,2 ,COLLISION WITH MOTOR VEHICLE,UNKNOWN,STOP SIGN,DARK-ROAD LIGHTED,SNOW,SNOW/ICE
6836 ,34641564,MONROE,Greece,,390 43011018,N,43.1828853,-77.683714,02/04/2013,8:50 AM,PROPERTY DAMAGE AND INJURY,2.,0 ,1 ,COLL. W/EARTH ELE./ROCK CUT/DITCH,OTHER,NONE,DAYLIGHT,CLOUDY,WET
6836 ,34641568,MONROE,Rochester,,490I43022007,N,43.1572887,-77.6604371,02/04/2013,8:00 AM,PROPERTY DAMAGE AND INJURY,1.,0 ,1 ,COLLISION WITH OTHER BARRIER,OTHER,NONE,DAYLIGHT,CLOUDY,WET
6836 ,34641866,MONROE,Greece,,,Y,43.207118,-77.679265,01/31/2013,4:05 PM,PROPERTY DAMAGE AND INJURY,1.,0 ,2 ,COLLISION WITH MOTOR VEHICLE,RIGHT ANGLE,TRAFFIC SIGNAL,DARK-ROAD LIGHTED,CLEAR,DRY
6836 ,34642045,MONROE,Webster,,,N,43.219901,-77.400132,02/01/2013,6:59 AM,PROPERTY DAMAGE AND INJURY,2.,0 ,2 ,COLLISION WITH MOTOR VEHICLE,RIGHT ANGLE,TRAFFIC SIGNAL,DAWN,SNOW,SNOW/ICE
6836 ,34642063,MONROE,Perinton,,,N,43.0485674,-77.4640466,01/26/2013,2:08 PM,PROPERTY DAMAGE AND INJURY,2.,0 ,2 ,COLLISION WITH MOTOR VEHICLE,RIGHT ANGLE,NONE,DAYLIGHT,CLEAR,DRY
6836 ,34642066,MONROE,Penfield,,441 43011043,N,43.131169,-77.4593778,02/04/2013,7:19 AM,PROPERTY DAMAGE AND INJURY,1.,0 ,2 ,COLLISION WITH MOTOR VEHICLE,REAR END,NONE,DAYLIGHT,CLOUDY,DRY
6836 ,34642067,MONROE,Pittsford,,31 43033032,N,43.0969452,-77.5293963,01/31/2013,7:49 PM,PROPERTY DAMAGE AND INJURY,1.,0 ,2 ,COLLISION WITH MOTOR VEHICLE,REAR END,NONE,DARK-ROAD LIGHTED,CLOUDY,DRY
6836 ,34642069,MONROE,Sweden,,,Y,43.198354,-77.950574,02/01/2013,7:04 AM,INJURY,1.,0 ,2 ,COLLISION WITH MOTOR VEHICLE,RIGHT ANGLE,NONE,DAWN,SNOW,SNOW/ICE
6836 ,34642073,MONROE,Pittsford,,31 43033055,N,43.0829218,-77.4971951,02/01/2013,8:18 AM,PROPERTY DAMAGE AND INJURY,1.,0 ,2 ,COLLISION WITH MOTOR VEHICLE,RIGHT ANGLE,STOP SIGN,DAYLIGHT,SNOW,SNOW/ICE
6836 ,34642081,MONROE,Brighton,,,N,43.1256158,-77.5927089,02/04/2013,3:18 PM,INJURY,1.,0 ,2 ,COLLISION WITH MOTOR VEHICLE,REAR END,NONE,DAYLIGHT,CLOUDY,DRY
6836 ,34642083,MONROE,Gates,,33A43021143,N,43.1336269,-77.6837177,02/04/2013,1:30 PM,PROPERTY DAMAGE AND INJURY,1.,0 ,2 ,COLLISION WITH MOTOR VEHICLE,OVERTAKING,NONE,DAYLIGHT,CLOUDY,DRY
6836 ,34642084,MONROE,Gates,,,N,43.158446,-77.73239,02/04/2013,12:40 PM,PROPERTY DAMAGE AND INJURY,1.,0 ,2 ,COLLISION WITH MOTOR VEHICLE,REAR END,NONE,DAYLIGHT,CLOUDY,DRY
6836 ,34642091,MONROE,Penfield,,441 43011039,N,43.1312134,-77.4620916,02/04/2013,7:40 AM,INJURY,1.,0 ,2 ,COLLISION WITH MOTOR VEHICLE,REAR END,TRAFFIC SIGNAL,DAYLIGHT,CLOUDY,WET
6836 ,34642270,MONROE,Rochester,,,Y,43.180914,-77.643201,01/13/2013,3:54 PM,INJURY,1.,0 ,2 ,COLLISION WITH MOTOR VEHICLE,LEFT TURN (AGAINST OTHER CAR),NONE,DAYLIGHT,CLEAR,DRY
6836 ,34642275,MONROE,Rochester,,,Y,43.131704,-77.613528,01/19/2013,5:19 PM,PROPERTY DAMAGE AND INJURY,1.,0 ,2 ,COLLISION WITH MOTOR VEHICLE,SIDESWIPE,NONE,DUSK,CLEAR,DRY
6836 ,34642290,MONROE,Rochester,,,Y,43.190865,-77.63887,01/30/2013,9:59 AM,PROPERTY DAMAGE AND INJURY,1.,0 ,2 ,COLLISION WITH MOTOR VEHICLE,RIGHT ANGLE,STOP SIGN,DAYLIGHT,CLOUDY,DRY
6836 ,34642293,MONROE,Rochester,,,Y,43.158068,-77.602343,01/25/2013,11:40 AM,INJURY,1.,0 ,1 ,COLLISION WITH PEDESTRIAN,OTHER,TRAFFIC SIGNAL,DAYLIGHT,CLOUDY,SNOW/ICE
6836 ,34642296,MONROE,Rochester,,,Y,43.1702037,-77.6119152,01/25/2013,9:05 PM,INJURY,1.,0 ,3 ,COLLISION WITH MOTOR VEHICLE,OTHER,TRAFFIC SIGNAL,DARK-ROAD LIGHTED,CLOUDY,SNOW/ICE
6836 ,34642298,MONROE,Rochester,,,Y,43.168705,-77.655117,01/22/2013,7:07 AM,PROPERTY DAMAGE AND INJURY,1.,0 ,2 ,COLLISION WITH MOTOR VEHICLE,RIGHT ANGLE,STOP SIGN,DARK-ROAD LIGHTED,CLOUDY,DRY
6836 ,34642844,MONROE,Penfield,,,N,43.1462636,-77.4754741,12/22/2012,12:00 AM,PROPERTY DAMAGE AND INJURY,1.,0 ,1 ,COLLISION WITH OTHER FIXED OBJECT,OTHER,UNKNOWN,UNKNOWN,UNKNOWN,UNKNOWN
6836 ,34642905,MONROE,Greece,,,Y,43.252956,-77.64679,11/18/2012,3:06 PM,INJURY,1.,0 ,2 ,COLLISION WITH MOTOR VEHICLE,REAR END,TRAFFIC SIGNAL,DAYLIGHT,CLEAR,DRY
6836 ,34643118,MONROE,Brighton,,15 43031118,N,43.0997355,-77.6300931,01/25/2013,8:00 PM,INJURY,1.,0 ,1 ,COLLISION WITH PEDESTRIAN,OTHER,NONE,DARK-ROAD LIGHTED,SNOW,SNOW/ICE
6836 ,34643257,MONROE,Brighton,,390I43031132,N,43.1101894,-77.5998849,11/24/2012,8:50 AM,INJURY,1.,0 ,2 ,COLLISION WITH MOTOR VEHICLE,REAR END,NONE,DAYLIGHT,CLOUDY,SNOW/ICE
6836 ,34643274,MONROE,Greece,,,N,43.2181638,-77.6764234,01/27/2013,10:35 AM,INJURY,1.,0 ,2 ,COLLISION WITH MOTOR VEHICLE,OTHER,NONE,DAYLIGHT,CLEAR,SNOW/ICE
6836 ,34643297,MONROE,Rochester,,,N,43.1646353,-77.6474728,12/02/2012,8:47 PM,INJURY,1.,0 ,2 ,COLLISION WITH MOTOR VEHICLE,RIGHT ANGLE,NONE,DARK-ROAD LIGHTED,RAIN,WET
6836 ,34643300,MONROE,Rochester,,,N,43.1575147,-77.5902815,01/24/2013,11:48 AM,INJURY,1.,0 ,2 ,COLLISION WITH MOTOR VEHICLE,RIGHT TURN (AGAINST OTHER CAR),NONE,DAYLIGHT,SNOW,SNOW/ICE
6836 ,34643317,MONROE,Rochester,,,N,43.1939001,-77.656456,01/08/2013,10:52 PM,INJURY,1.,0 ,2 ,COLLISION WITH MOTOR VEHICLE,REAR END,NONE,DARK-ROAD LIGHTED,CLOUDY,DRY
6836 ,34643371,MONROE,Ogden,,,N,43.1907023,-77.7533709,01/29/2013,4:35 PM,PROPERTY DAMAGE AND INJURY,2.,0 ,3 ,COLLISION WITH MOTOR VEHICLE,OTHER,NONE,DAYLIGHT,CLOUDY,WET
6836 ,34643373,MONROE,Rochester,,,N,43.1279546,-77.6031701,02/01/2013,2:31 AM,PROPERTY DAMAGE AND INJURY,1.,0 ,2 ,COLLISION WITH MOTOR VEHICLE,RIGHT ANGLE,TRAFFIC SIGNAL,DARK-ROAD LIGHTED,CLEAR,DRY
6836 ,34643634,MONROE,Rochester,,,Y,43.181674,-77.631684,12/07/2012,2:30 PM,PROPERTY DAMAGE AND INJURY,1.,0 ,3 ,COLLISION WITH MOTOR VEHICLE,OTHER,NONE,DAYLIGHT,CLOUDY,WET
6836 ,34643951,MONROE,Rochester,,,N,43.193439,-77.599979,01/22/2013,12:25 PM,PROPERTY DAMAGE AND INJURY,3.,0 ,3 ,COLLISION WITH MOTOR VEHICLE,OTHER,TRAFFIC SIGNAL,DAYLIGHT,CLEAR,DRY
6836 ,34644411,MONROE,Rochester,,,N,43.1578696,-77.5391054,02/04/2013,7:45 AM,PROPERTY DAMAGE AND INJURY,1.,0 ,2 ,COLLISION WITH MOTOR VEHICLE,REAR END,YIELD SIGN,DAYLIGHT,CLOUDY,WET
6836 ,34645375,MONROE,Rochester,,96 43052001,N,43.1437215,-77.5489197,02/01/2013,9:44 AM,PROPERTY DAMAGE AND INJURY,2.,0 ,3 ,COLLISION WITH MOTOR VEHICLE,OTHER,NONE,DAYLIGHT,SNOW,SNOW/ICE
6836 ,34645393,MONROE,Greece,,,N,43.226528,-77.659061,01/28/2013,11:50 AM,INJURY,1.,0 ,2 ,COLLISION WITH MOTOR VEHICLE,OTHER,NONE,DAYLIGHT,UNKNOWN,UNKNOWN
6836 ,34645447,MONROE,Rochester,,,Y,43.162051,-77.5835919,02/02/2013,12:08 PM,INJURY,1.,0 ,2 ,COLLISION WITH MOTOR VEHICLE,REAR END,TRAFFIC SIGNAL,DAYLIGHT,CLEAR,DRY
6836 ,34645643,MONROE,Henrietta,,15A43041106,Y,43.0804668,-77.6065214,01/31/2013,11:10 AM,INJURY,1.,0 ,2 ,COLLISION WITH MOTOR VEHICLE,REAR END,NONE,DAYLIGHT,CLOUDY,DRY
6836 ,34646565,MONROE,Rochester,,490I43022016,N,43.1568472,-77.6412056,02/06/2013,5:03 PM,INJURY,1.,0 ,2 ,COLLISION WITH MOTOR VEHICLE,REAR END,NONE,DAYLIGHT,CLEAR,DRY
6836 ,34646570,MONROE,Rochester,,590 43012005,N,43.1661941,-77.5388983,02/05/2013,7:59 AM,PROPERTY DAMAGE AND INJURY,1.,0 ,3 ,COLLISION WITH MOTOR VEHICLE,OTHER,NONE,DAYLIGHT,CLOUDY,WET
6836 ,34646628,MONROE,Greece,,947A43021197,N,43.2698566,-77.6640685,02/02/2013,8:45 AM,PROPERTY DAMAGE AND INJURY,1.,0 ,1 ,COLLISION WITH TREE,OTHER,NONE,DAYLIGHT,CLEAR,SNOW/ICE
6836 ,34646631,MONROE,Irondequoit,,104 43035219,N,43.2109838,-77.5370848,02/05/2013,3:17 AM,PROPERTY DAMAGE AND INJURY,1.,0 ,1 ,COLLISION WITH OTHER BARRIER,OTHER,NONE,DARK-ROAD LIGHTED,SNOW,SNOW/ICE
6836 ,34646635,MONROE,Rochester,,104 43032037,N,43.1934192,-77.59175,01/15/2013,5:32 PM,PROPERTY DAMAGE AND INJURY,2.,0 ,3 ,COLLISION WITH MOTOR VEHICLE,OTHER,TRAFFIC SIGNAL,DARK-ROAD LIGHTED,CLOUDY,DRY
6836 ,34646931,MONROE,Henrietta,,,Y,43.059358,-77.612421,01/19/2013,11:31 PM,PROPERTY DAMAGE AND INJURY,4.,0 ,2 ,COLLISION WITH MOTOR VEHICLE,HEAD ON,TRAFFIC SIGNAL,DARK-ROAD LIGHTED,CLEAR,DRY
6836 ,34646934,MONROE,Parma,,947A43021098,N,43.3393077,-77.8089214,01/26/2013,12:15 PM,PROPERTY DAMAGE AND INJURY,4.,0 ,2 ,COLLISION WITH MOTOR VEHICLE,RIGHT ANGLE,STOP SIGN,DAYLIGHT,CLOUDY,WET
6836 ,34646941,MONROE,Brighton,,96 43051084,Y,43.125293,-77.526359,02/05/2013,8:45 AM,PROPERTY DAMAGE AND INJURY,1.,0 ,3 ,COLLISION WITH MOTOR VEHICLE,OTHER,TRAFFIC SIGNAL,DAYLIGHT,CLEAR,WET
6836 ,34646947,MONROE,Brighton,,31 43033008,Y,43.126453,-77.564608,02/06/2013,3:44 PM,INJURY,1.,0 ,1 ,COLLISION WITH BICYCLIST,OTHER,TRAFFIC SIGNAL,DAYLIGHT,CLOUDY,DRY
6836 ,34646948,MONROE,Brighton,,65 43031128,Y,43.10981,-77.5476661,02/06/2013,8:27 AM,PROPERTY DAMAGE AND INJURY,1.,0 ,2 ,COLLISION WITH MOTOR VEHICLE,LEFT TURN (WITH OTHER CAR),NONE,DAYLIGHT,CLOUDY,WET
6836 ,34646955,MONROE,Gates,,,Y,43.138828,-77.690973,02/05/2013,3:20 PM,INJURY,1.,0 ,3 ,COLLISION WITH MOTOR VEHICLE,OTHER,TRAFFIC SIGNAL,DAYLIGHT,CLEAR,DRY
6836 ,34646974,MONROE,Greece,,,Y,43.231668,-77.733573,01/26/2013,9:26 PM,PROPERTY DAMAGE AND INJURY,2.,0 ,2 ,COLLISION WITH MOTOR VEHICLE,RIGHT ANGLE,TRAFFIC SIGNAL,DARK-ROAD LIGHTED,CLEAR,WET
6836 ,34647043,MONROE,Gates,,,N,43.1570764,-77.7013892,02/04/2013,5:00 AM,INJURY,1.,0 ,1 ,COLL. W/EARTH ELE./ROCK CUT/DITCH,OTHER,NONE,DARK-ROAD LIGHTED,CLOUDY,WET
6836 ,34647161,MONROE,Perinton,,250 43011030,Y,43.079077,-77.441934,12/16/2012,2:28 AM,FATAL,0.,1 ,1 ,COLLISION WITH CURBING,OTHER,TRAFFIC SIGNAL,DARK-ROAD LIGHTED,CLOUDY,WET
6836 ,34647850,MONROE,Greece,,,N,43.2410607,-77.6787345,02/01/2013,7:54 AM,PROPERTY DAMAGE AND INJURY,1.,0 ,2 ,COLLISION WITH MOTOR VEHICLE,RIGHT ANGLE,NONE,DAYLIGHT,SNOW,SNOW/ICE
6836 ,34647885,MONROE,Gates,,386 43011100,N,43.1439831,-77.7322982,02/07/2013,11:30 AM,PROPERTY DAMAGE AND INJURY,1.,0 ,2 ,COLLISION WITH MOTOR VEHICLE,OVERTAKING,NONE,DAYLIGHT,CLOUDY,DRY
6836 ,34647894,MONROE,Webster,,,N,43.2292634,-77.4613666,02/06/2013,1:11 PM,PROPERTY DAMAGE AND INJURY,1.,0 ,1 ,COLLISION WITH TREE,OTHER,NONE,DAYLIGHT,CLEAR,DRY
6836 ,34647904,MONROE,Henrietta,,252 43011097,N,43.087153,-77.5819419,02/03/2013,11:35 PM,PROPERTY DAMAGE AND INJURY,1.,0 ,2 ,COLLISION WITH MOTOR VEHICLE,LEFT TURN (AGAINST OTHER CAR),TRAFFIC SIGNAL,DARK-ROAD LIGHTED,CLOUDY,DRY
6836 ,34647907,MONROE,Henrietta,,252 43011077,N,43.0870638,-77.622855,02/04/2013,7:16 PM,PROPERTY DAMAGE AND INJURY,2.,0 ,2 ,COLLISION WITH MOTOR VEHICLE,REAR END,NONE,DARK-ROAD LIGHTED,CLOUDY,DRY
6836 ,34647912,MONROE,Wheatland,,,N,43.0181632,-77.8287476,02/05/2013,2:23 PM,PROPERTY DAMAGE AND INJURY,1.,0 ,2 ,COLLISION WITH MOTOR VEHICLE,OVERTAKING,NONE,DAYLIGHT,CLOUDY,DRY
6836 ,34647918,MONROE,Henrietta,,252 43011096,N,43.0870085,-77.5844075,01/28/2013,5:50 PM,PROPERTY DAMAGE AND INJURY,1.,0 ,2 ,COLLISION WITH MOTOR VEHICLE,REAR END,NONE,DARK-ROAD LIGHTED,CLOUDY,DRY
6836 ,34647921,MONROE,Henrietta,,,N,43.0663048,-77.6554399,02/03/2013,11:15 PM,INJURY,1.,0 ,1 ,COLLISION WITH PEDESTRIAN,OTHER,NONE,DARK-ROAD UNLIGHTED,CLEAR,SNOW/ICE
6836 ,34647939,MONROE,Gates,,,N,43.158446,-77.73239,02/07/2013,7:30 AM,PROPERTY DAMAGE AND INJURY,1.,0 ,2 ,COLLISION WITH MOTOR VEHICLE,RIGHT ANGLE,TRAFFIC SIGNAL,DAYLIGHT,CLOUDY,DRY
6836 ,34648574,MONROE,Webster,,,Y,43.219809,-77.419157,02/07/2013,7:00 PM,PROPERTY DAMAGE AND INJURY,2.,0 ,2 ,COLLISION WITH MOTOR VEHICLE,RIGHT ANGLE,TRAFFIC SIGNAL,DARK-ROAD UNLIGHTED,CLEAR,DRY
6836 ,34648575,MONROE,Chili,,251 43011060,N,43.0725671,-77.767138,02/07/2013,6:04 PM,PROPERTY DAMAGE AND INJURY,1.,0 ,1 ,COLLISION WITH DEER,OTHER,NONE,DARK-ROAD UNLIGHTED,CLOUDY,DRY
6836 ,34648585,MONROE,Riga,,,N,43.0601111,-77.8596905,02/04/2013,5:22 PM,PROPERTY DAMAGE AND INJURY,3.,0 ,2 ,COLLISION WITH MOTOR VEHICLE,RIGHT ANGLE,STOP SIGN,DAYLIGHT,CLEAR,DRY
6836 ,34648593,MONROE,Irondequoit,,,Y,43.199078,-77.577022,02/06/2013,4:27 PM,PROPERTY DAMAGE AND INJURY,2.,0 ,2 ,COLLISION WITH MOTOR VEHICLE,LEFT TURN (AGAINST OTHER CAR),TRAFFIC SIGNAL,DAYLIGHT,CLEAR,DRY
6836 ,34648600,MONROE,Brighton,,,N,43.1245733,-77.5933774,02/08/2013,1:19 PM,PROPERTY DAMAGE AND INJURY,1.,0 ,2 ,COLLISION WITH MOTOR VEHICLE,SIDESWIPE,NONE,DAYLIGHT,SNOW,SNOW/ICE
6836 ,34648625,MONROE,Greece,,18 43031215,N,43.2383399,-77.6468481,02/04/2013,1:50 PM,PROPERTY DAMAGE AND INJURY,1.,0 ,3 ,COLLISION WITH MOTOR VEHICLE,OTHER,TRAFFIC SIGNAL,DAYLIGHT,CLEAR,DRY
6836 ,34648628,MONROE,Greece,,,Y,43.211342,-77.7133201,02/08/2013,2:22 PM,INJURY,2.,0 ,2 ,COLLISION WITH MOTOR VEHICLE,REAR END,TRAFFIC SIGNAL,DAYLIGHT,SNOW,SNOW/ICE
6836 ,34648637,MONROE,Greece,,,N,43.2383464,-77.6708648,01/31/2013,8:46 PM,INJURY,1.,0 ,1 ,COLLISION WITH PEDESTRIAN,OTHER,NONE,DARK-ROAD LIGHTED,CLEAR,DRY
6836 ,34648801,MONROE,Rochester,,,Y,43.180496,-77.610812,02/08/2013,1:00 PM,PROPERTY DAMAGE AND INJURY,1.,0 ,2 ,COLLISION WITH MOTOR VEHICLE,REAR END,TRAFFIC SIGNAL,DAYLIGHT,SNOW,SNOW/ICE
6836 ,34648813,MONROE,Rochester,,,Y,43.121583,-77.618928,01/24/2013,12:09 PM,INJURY,2.,0 ,2 ,COLLISION WITH MOTOR VEHICLE,REAR END,TRAFFIC SIGNAL,DAYLIGHT,SNOW,SNOW/ICE
6836 ,34648816,MONROE,Rochester,,,N,43.2019633,-77.6279161,02/04/2013,5:34 PM,PROPERTY DAMAGE AND INJURY,5.,0 ,2 ,COLLISION WITH MOTOR VEHICLE,RIGHT ANGLE,TRAFFIC SIGNAL,DARK-ROAD LIGHTED,CLOUDY,DRY
6836 ,34648821,MONROE,Rochester,,,Y,43.161973,-77.630763,02/04/2013,7:55 PM,PROPERTY DAMAGE AND INJURY,2.,0 ,2 ,COLLISION WITH MOTOR VEHICLE,RIGHT ANGLE,STOP SIGN,DARK-ROAD LIGHTED,CLEAR,DRY
6836 ,34648828,MONROE,Rochester,,,Y,43.1809379,-77.632757,12/13/2012,7:56 PM,INJURY,1.,0 ,1 ,COLLISION WITH PEDESTRIAN,OTHER,NONE,DARK-ROAD LIGHTED,CLEAR,DRY
6836 ,34648830,MONROE,Rochester,,,Y,43.134486,-77.59906,01/28/2013,2:22 PM,PROPERTY DAMAGE AND INJURY,1.,0 ,2 ,COLLISION WITH MOTOR VEHICLE,RIGHT ANGLE,STOP SIGN,DAYLIGHT,SLEET/HAIL/FREEZING RAIN,WET
6836 ,34648841,MONROE,Rochester,,,N,43.1547684,-77.581313,02/05/2013,5:27 PM,PROPERTY DAMAGE AND INJURY,1.,0 ,3 ,COLLISION WITH MOTOR VEHICLE,OTHER,NONE,DARK-ROAD LIGHTED,CLOUDY,DRY
6836 ,34648847,MONROE,Rochester,,31 43032006,Y,43.164674,-77.665804,02/04/2013,5:41 PM,PROPERTY DAMAGE AND INJURY,2.,0 ,2 ,COLLISION WITH MOTOR VEHICLE,REAR END,NONE,DARK-ROAD LIGHTED,CLEAR,DRY
6836 ,34648857,MONROE,Rochester,,,Y,43.19168,-77.638874,02/06/2013,7:43 AM,INJURY,1.,0 ,1 ,COLLISION WITH PEDESTRIAN,OTHER,STOP SIGN,DAYLIGHT,SNOW,SNOW/ICE
6836 ,34648863,MONROE,Rochester,,,Y,43.123546,-77.644669,02/08/2013,1:00 PM,INJURY,1.,0 ,2 ,COLLISION WITH MOTOR VEHICLE,REAR END,TRAFFIC SIGNAL,DAYLIGHT,SNOW,SNOW/ICE
6836 ,34649402,MONROE,Greece,,390 43011042,N,43.235251,-77.671845,02/08/2013,10:49 AM,PROPERTY DAMAGE AND INJURY,2.,0 ,2 ,COLLISION WITH MOTOR VEHICLE,RIGHT ANGLE,NONE,DAYLIGHT,SNOW,SNOW/ICE
6836 ,34649404,MONROE,Greece,,18 43031184,Y,43.25296,-77.687914,02/09/2013,3:56 PM,PROPERTY DAMAGE AND INJURY,3.,0 ,2 ,COLLISION WITH MOTOR VEHICLE,LEFT TURN (AGAINST OTHER CAR),TRAFFIC SIGNAL,DAYLIGHT,CLOUDY,WET
6836 ,34649407,MONROE,Greece,,,N,43.2308897,-77.6967528,02/08/2013,12:26 PM,INJURY,1.,0 ,2 ,COLLISION WITH MOTOR VEHICLE,REAR END,NONE,DAYLIGHT,SNOW,SNOW/ICE
6836 ,34649409,MONROE,Greece,,,N,43.2386111,-77.6966434,02/08/2013,6:03 PM,PROPERTY DAMAGE AND INJURY,1.,0 ,2 ,COLLISION WITH MOTOR VEHICLE,OTHER,NONE,DARK-ROAD LIGHTED,SNOW,SNOW/ICE
6836 ,34649452,MONROE,Rochester,,,Y,43.179212,-77.659079,02/08/2013,6:28 PM,INJURY,1.,0 ,2 ,COLLISION WITH MOTOR VEHICLE,OVERTAKING,NONE,DARK-ROAD LIGHTED,SNOW,SNOW/ICE
6836 ,34649464,MONROE,Rochester,,,N,43.1681851,-77.6433074,02/08/2013,4:29 PM,INJURY,1.,0 ,1 ,COLLISION WITH PEDESTRIAN,OTHER,NONE,DAYLIGHT,SNOW,SNOW/ICE
6836 ,34649466,MONROE,Brighton,,,N,43.157384,-77.53895,02/09/2013,8:53 PM,PROPERTY DAMAGE AND INJURY,2.,0 ,2 ,COLLISION WITH MOTOR VEHICLE,HEAD ON,TRAFFIC SIGNAL,DARK-ROAD LIGHTED,CLEAR,DRY
6836 ,34649841,MONROE,Penfield,,441 43011125,Y,43.130685,-77.443004,02/01/2013,12:13 PM,PROPERTY DAMAGE AND INJURY,1.,0 ,3 ,COLLISION WITH MOTOR VEHICLE,OTHER,NONE,DAYLIGHT,SNOW,WET
6836 ,34649852,MONROE,Penfield,,441 43011125,N,43.1276541,-77.4928005,02/01/2013,12:13 PM,PROPERTY DAMAGE AND INJURY,1.,0 ,2 ,COLLISION WITH MOTOR VEHICLE,REAR END,NONE,DAYLIGHT,SNOW,WET
6836 ,34651186,MONROE,Rochester,,,Y,43.169423,-77.626842,02/10/2013,11:45 AM,PROPERTY DAMAGE AND INJURY,1.,0 ,2 ,COLLISION WITH MOTOR VEHICLE,RIGHT ANGLE,STOP SIGN,DAYLIGHT,CLEAR,SNOW/ICE
6836 ,34651270,MONROE,Perinton,,31F43011030,N,43.1022826,-77.4703746,02/07/2013,5:56 PM,PROPERTY DAMAGE AND INJURY,1.,0 ,2 ,COLLISION WITH MOTOR VEHICLE,REAR END,NONE,DARK-ROAD UNLIGHTED,CLOUDY,DRY
6836 ,34651283,MONROE,Pittsford,,,N,43.0970646,-77.5296041,02/08/2013,2:05 PM,PROPERTY DAMAGE AND INJURY,1.,0 ,3 ,COLLISION WITH MOTOR VEHICLE,OTHER,NONE,DAYLIGHT,SNOW,SNOW/ICE
6836 ,34651287,MONROE,Perinton,,,N,43.0432502,-77.4316501,02/08/2013,2:30 PM,PROPERTY DAMAGE AND INJURY,1.,0 ,1 ,COLL. W/LIGHT SUPPORT/UTILITY POLE,OTHER,NONE,DAYLIGHT,SNOW,SNOW/ICE
6836 ,34651302,MONROE,Mendon,,65 43031031,N,42.9811626,-77.5843145,02/08/2013,6:52 PM,PROPERTY DAMAGE AND INJURY,1.,0 ,1 ,COLLISION WITH TREE,OTHER,NONE,DARK-ROAD UNLIGHTED,SNOW,SNOW/ICE
6836 ,34651308,MONROE,Penfield,,286 43011022,Y,43.159736,-77.412259,02/08/2013,3:20 PM,PROPERTY DAMAGE AND INJURY,1.,0 ,2 ,COLLISION WITH MOTOR VEHICLE,RIGHT ANGLE,STOP SIGN,DAYLIGHT,SNOW,SNOW/ICE
6836 ,34651310,MONROE,Perinton,,,Y,43.121287,-77.475704,02/08/2013,2:20 PM,PROPERTY DAMAGE AND INJURY,1.,0 ,2 ,COLLISION WITH MOTOR VEHICLE,RIGHT ANGLE,TRAFFIC SIGNAL,DAYLIGHT,SNOW,SNOW/ICE
6836 ,34651311,MONROE,Henrietta,,15 43031068,N,43.0317713,-77.6666193,02/08/2013,3:25 PM,PROPERTY DAMAGE AND INJURY,1.,0 ,2 ,COLLISION WITH MOTOR VEHICLE,REAR END,NONE,DAYLIGHT,SNOW,SNOW/ICE
6836 ,34651312,MONROE,Henrietta,,,N,43.06812,-77.632481,02/08/2013,12:55 PM,INJURY,1.,0 ,2 ,COLLISION WITH MOTOR VEHICLE,REAR END,TRAFFIC SIGNAL,DAYLIGHT,SNOW,SNOW/ICE
6836 ,34651319,MONROE,Perinton,,,Y,43.0542778,-77.4599087,02/04/2013,5:55 PM,PROPERTY DAMAGE AND INJURY,1.,0 ,1 ,COLL. W/LIGHT SUPPORT/UTILITY POLE,OTHER,NONE,DARK-ROAD LIGHTED,CLEAR,DRY
6836 ,34651331,MONROE,Rochester,,390I43037000,N,43.1307376,-77.6606944,02/05/2013,7:59 AM,PROPERTY DAMAGE AND INJURY,1.,0 ,2 ,COLLISION WITH MOTOR VEHICLE,REAR END,NONE,DAYLIGHT,CLEAR,WET
6836 ,34651336,MONROE,Brighton,,390I43031138,N,43.1089638,-77.6095377,02/07/2013,3:16 PM,INJURY,1.,0 ,2 ,COLLISION WITH MOTOR VEHICLE,OVERTAKING,NONE,DAYLIGHT,CLOUDY,DRY