QUERYID,CASE #,REGN_CNTY_CDE,Municipality,MUNITYPE,REF_MRKR,ATINTERSECTION_IND,Lat,Long,,Time,Crash Type,Injuries,Fatalities,Number of Vehicles,ACCD_TYP,COLLISION_TYP,TRAF_CNTL,Light Condition,Weather Condition,Road Surface Condition
6836 ,34651346,MONROE,Henrietta,,,Y,43.068635,-77.6136181,02/08/2013,1:00 PM,INJURY,1.,0 ,2 ,COLLISION WITH MOTOR VEHICLE,REAR END,TRAFFIC SIGNAL,DAYLIGHT,SNOW,SNOW/ICE
6836 ,34651352,MONROE,Henrietta,,,N,43.0859017,-77.6059693,02/08/2013,2:05 PM,PROPERTY DAMAGE AND INJURY,1.,0 ,2 ,COLLISION WITH MOTOR VEHICLE,RIGHT ANGLE,NONE,DAYLIGHT,SNOW,SNOW/ICE
6836 ,34651355,MONROE,Brockport,,19 43041055,N,43.2117041,-77.9396476,02/08/2013,5:33 PM,PROPERTY DAMAGE AND INJURY,1.,0 ,2 ,COLLISION WITH MOTOR VEHICLE,REAR END,NONE,DAWN,SNOW,SNOW/ICE
6836 ,34651364,MONROE,Gates,,,N,43.1379881,-77.6725295,02/08/2013,5:17 PM,PROPERTY DAMAGE AND INJURY,1.,0 ,1 ,COLL. W/LIGHT SUPPORT/UTILITY POLE,OTHER,NONE,DUSK,SNOW,SNOW/ICE
6836 ,34651373,MONROE,Gates,,,Y,43.148689,-77.70526,02/08/2013,12:50 PM,PROPERTY DAMAGE AND INJURY,1.,0 ,2 ,COLLISION WITH MOTOR VEHICLE,REAR END,TRAFFIC SIGNAL,DAYLIGHT,SNOW,SNOW/ICE
6836 ,34651690,MONROE,Rochester,,,N,43.1499632,-77.6684483,02/01/2013,5:53 AM,PROPERTY DAMAGE AND INJURY,2.,0 ,3 ,COLLISION WITH MOTOR VEHICLE,OTHER,NONE,DUSK,SNOW,SNOW/ICE
6836 ,34652603,MONROE,Rochester,,,Y,43.156599,-77.608896,01/19/2013,1:00 PM,PROPERTY DAMAGE AND INJURY,1.,0 ,2 ,COLLISION WITH MOTOR VEHICLE,LEFT TURN (AGAINST OTHER CAR),UNKNOWN,UNKNOWN,UNKNOWN,UNKNOWN
6836 ,34653300,MONROE,Mendon,,64 43021038,N,43.0096008,-77.5537588,02/08/2013,1:25 PM,PROPERTY DAMAGE AND INJURY,1.,0 ,1 ,COLL. W/EARTH ELE./ROCK CUT/DITCH,OTHER,NONE,DAYLIGHT,SNOW,SNOW/ICE
6836 ,34653311,MONROE,Henrietta,,,N,43.0555657,-77.6416766,02/08/2013,5:10 PM,PROPERTY DAMAGE AND INJURY,1.,0 ,2 ,COLLISION WITH MOTOR VEHICLE,HEAD ON,NONE,DAYLIGHT,SNOW,SNOW/ICE
6836 ,34653317,MONROE,Perinton,,,N,43.108378,-77.441807,02/08/2013,11:10 PM,PROPERTY DAMAGE AND INJURY,1.,0 ,2 ,COLLISION WITH MOTOR VEHICLE,HEAD ON,NONE,DARK-ROAD LIGHTED,SNOW,SNOW/ICE
6836 ,34653346,MONROE,Greece,,,N,43.231073,-77.672338,02/10/2013,9:35 PM,PROPERTY DAMAGE AND INJURY,1.,0 ,1 ,COLLISION WITH GUIDERAIL - END,OTHER,NONE,DARK-ROAD UNLIGHTED,CLEAR,WET
6836 ,34653501,MONROE,Henrietta,,15A43041100,Y,43.068677,-77.607728,02/08/2013,9:35 AM,PROPERTY DAMAGE AND INJURY,1.,0 ,3 ,COLLISION WITH MOTOR VEHICLE,OTHER,TRAFFIC SIGNAL,DAYLIGHT,CLOUDY,WET
6836 ,34653552,MONROE,Rochester,,,Y,43.124899,-77.614232,02/08/2013,1:04 PM,PROPERTY DAMAGE AND INJURY,1.,0 ,2 ,COLLISION WITH MOTOR VEHICLE,REAR END,TRAFFIC SIGNAL,DAYLIGHT,SNOW,SNOW/ICE
6836 ,34653563,MONROE,Rochester,,,Y,43.183562,-77.565522,02/08/2013,9:06 AM,PROPERTY DAMAGE AND INJURY,1.,0 ,2 ,COLLISION WITH MOTOR VEHICLE,RIGHT ANGLE,STOP SIGN,DAYLIGHT,SNOW,WET
6836 ,34653564,MONROE,Rochester,,,N,43.1405606,-77.6131898,01/26/2013,2:30 AM,PROPERTY DAMAGE AND INJURY,1.,0 ,2 ,COLLISION WITH MOTOR VEHICLE,REAR END,NONE,DARK-ROAD LIGHTED,UNKNOWN,SNOW/ICE
6836 ,34653575,MONROE,Rochester,,,N,43.1363044,-77.5751542,02/07/2013,2:34 PM,PROPERTY DAMAGE AND INJURY,1.,0 ,1 ,COLLISION WITH DEER,OTHER,NONE,DAYLIGHT,CLOUDY,WET
6836 ,34654308,MONROE,Rochester,,,Y,43.168447,-77.582416,12/17/2012,12:00 AM,PROPERTY DAMAGE AND INJURY,3.,0 ,2 ,COLLISION WITH MOTOR VEHICLE,UNKNOWN,STOP SIGN,DARK-ROAD UNLIGHTED,SLEET/HAIL/FREEZING RAIN,DRY
6836 ,34655108,MONROE,Webster,,,N,43.2059188,-77.4955416,02/09/2013,6:15 PM,INJURY,1.,0 ,1 ,COLLISION WITH PEDESTRIAN,OTHER,NONE,DARK-ROAD LIGHTED,CLOUDY,SNOW/ICE
6836 ,34655111,MONROE,Chili,,259 43011017,N,43.1178386,-77.804864,01/31/2013,12:14 PM,INJURY,1.,0 ,3 ,COLLISION WITH MOTOR VEHICLE,OTHER,NONE,DAYLIGHT,CLEAR,DRY
6836 ,34655112,MONROE,Clarkson,,104 43031058,Y,43.225363,-77.89015,02/10/2013,12:00 PM,INJURY,1.,0 ,2 ,COLLISION WITH MOTOR VEHICLE,REAR END,TRAFFIC SIGNAL,DAYLIGHT,CLEAR,WET
6836 ,34655116,MONROE,Chili,,,N,43.0941103,-77.8183589,02/11/2013,5:00 AM,INJURY,1.,0 ,2 ,COLLISION WITH MOTOR VEHICLE,REAR END,NONE,DARK-ROAD UNLIGHTED,CLOUDY,SNOW/ICE
6836 ,34655119,MONROE,Clarkson,,260 43011022,N,43.2290344,-77.8888172,02/07/2013,9:01 PM,INJURY,1.,0 ,1 ,COLL. W/EARTH ELE./ROCK CUT/DITCH,OTHER,NONE,DARK-ROAD UNLIGHTED,SNOW,WET
6836 ,34655123,MONROE,Riga,,490I43021079,N,43.0934252,-77.8284053,02/11/2013,6:45 AM,PROPERTY DAMAGE AND INJURY,1.,0 ,2 ,COLLISION WITH MOTOR VEHICLE,REAR END,OTHER,DARK-ROAD UNLIGHTED,SLEET/HAIL/FREEZING RAIN,SNOW/ICE
6836 ,34655127,MONROE,Irondequoit,,,N,43.2159358,-77.5985135,02/08/2013,6:14 PM,INJURY,2.,0 ,2 ,COLLISION WITH MOTOR VEHICLE,REAR END,NONE,DARK-ROAD LIGHTED,SNOW,SNOW/ICE
6836 ,34655750,MONROE,Rochester,,,Y,43.193781,-77.600001,01/24/2013,8:14 AM,PROPERTY DAMAGE AND INJURY,1.,0 ,3 ,COLLISION WITH MOTOR VEHICLE,OTHER,TRAFFIC SIGNAL,DAYLIGHT,SNOW,SNOW/ICE
6836 ,34656653,MONROE,Gates,,531 43011020,N,43.1573905,-77.7234627,02/06/2013,12:40 PM,PROPERTY DAMAGE AND INJURY,1.,0 ,1 ,COLLISION WITH GUIDE RAIL,OTHER,NONE,DAYLIGHT,CLEAR,DRY
6836 ,34656685,MONROE,Irondequoit,,590 43013004,N,43.173354,-77.5408303,02/07/2013,5:59 PM,PROPERTY DAMAGE AND INJURY,1.,0 ,3 ,COLLISION WITH MOTOR VEHICLE,OTHER,NONE,DARK-ROAD LIGHTED,CLEAR,DRY
6836 ,34656688,MONROE,Pittsford,,490I43023036,N,43.1061364,-77.5065652,02/08/2013,12:25 PM,PROPERTY DAMAGE AND INJURY,5.,0 ,1 ,COLLISION WITH OTHER BARRIER,OTHER,NONE,DAYLIGHT,SNOW,SNOW/ICE
6836 ,34656694,MONROE,Brighton,,490I43023015,N,43.1285331,-77.5244916,02/05/2013,7:50 AM,PROPERTY DAMAGE AND INJURY,4.,0 ,1 ,COLLISION WITH OTHER BARRIER,OTHER,NONE,DAYLIGHT,CLOUDY,DRY
6836 ,34656697,MONROE,Irondequoit,,,N,43.196444,-77.5758686,02/08/2013,12:30 PM,PROPERTY DAMAGE AND INJURY,1.,0 ,2 ,COLLISION WITH MOTOR VEHICLE,REAR END,NONE,DAYLIGHT,SNOW,SNOW/ICE
6836 ,34656720,MONROE,Webster,,,N,43.2123175,-77.5311713,02/08/2013,4:45 PM,PROPERTY DAMAGE AND INJURY,1.,0 ,1 ,COLLISION WITH OTHER BARRIER,OTHER,NONE,DAYLIGHT,SNOW,SNOW/ICE
6836 ,34656779,MONROE,Webster,,,N,43.2249735,-77.387328,02/12/2013,6:28 PM,PROPERTY DAMAGE AND INJURY,1.,0 ,2 ,COLLISION WITH MOTOR VEHICLE,REAR END,NONE,DARK-ROAD UNLIGHTED,CLOUDY,DRY
6836 ,34656783,MONROE,Pittsford,,96 43051069,Y,43.103676,-77.515037,02/04/2013,4:59 PM,PROPERTY DAMAGE AND INJURY,1.,0 ,2 ,COLLISION WITH MOTOR VEHICLE,REAR END,NONE,DUSK,CLOUDY,DRY
6836 ,34656794,MONROE,Perinton,,490I43023062,N,43.0739314,-77.4800658,02/11/2013,1:50 PM,PROPERTY DAMAGE AND INJURY,1.,0 ,2 ,COLLISION WITH MOTOR VEHICLE,OVERTAKING,NONE,DAYLIGHT,CLOUDY,WET
6836 ,34656797,MONROE,Sweden,,31 43031050,N,43.1983364,-77.9362081,02/12/2013,3:25 PM,PROPERTY DAMAGE AND INJURY,2.,0 ,2 ,COLLISION WITH MOTOR VEHICLE,RIGHT ANGLE,NONE,DAYLIGHT,SNOW,WET
6836 ,34656803,MONROE,Chili,,252 43011021,N,43.09187,-77.7305626,02/08/2013,6:52 PM,INJURY,2.,0 ,1 ,COLLISION WITH TREE,OTHER,NONE,DARK-ROAD UNLIGHTED,SNOW,SNOW/ICE
6836 ,34656809,MONROE,Penfield,,,Y,43.1930323,-77.5065364,02/10/2013,4:15 PM,PROPERTY DAMAGE AND INJURY,1.,0 ,1 ,COLL. W/LIGHT SUPPORT/UTILITY POLE,OTHER,NONE,DAYLIGHT,CLOUDY,WET
6836 ,34656810,MONROE,Rochester,,,Y,43.211523,-77.560043,02/10/2013,7:39 PM,PROPERTY DAMAGE AND INJURY,1.,0 ,2 ,COLLISION WITH MOTOR VEHICLE,RIGHT ANGLE,TRAFFIC SIGNAL,DARK-ROAD LIGHTED,CLOUDY,WET
6836 ,34656832,MONROE,Greece,,,N,43.2532953,-77.6964422,02/09/2013,2:33 PM,PROPERTY DAMAGE AND INJURY,2.,0 ,2 ,COLLISION WITH MOTOR VEHICLE,LEFT TURN (AGAINST OTHER CAR),NONE,DAYLIGHT,CLEAR,WET
6836 ,34656833,MONROE,Greece,,,Y,43.238474,-77.696648,02/11/2013,11:43 AM,PROPERTY DAMAGE AND INJURY,1.,0 ,2 ,COLLISION WITH MOTOR VEHICLE,RIGHT ANGLE,TRAFFIC SIGNAL,DAYLIGHT,CLEAR,WET
6836 ,34656834,MONROE,Greece,,,Y,43.231164,-77.69675,02/12/2013,1:51 PM,PROPERTY DAMAGE AND INJURY,5.,0 ,3 ,COLLISION WITH MOTOR VEHICLE,OTHER,TRAFFIC SIGNAL,DAYLIGHT,CLOUDY,DRY
6836 ,34657252,MONROE,Brighton,,,Y,43.102787,-77.615259,02/11/2013,9:46 AM,PROPERTY DAMAGE AND INJURY,1.,0 ,3 ,COLLISION WITH MOTOR VEHICLE,OTHER,TRAFFIC SIGNAL,DAYLIGHT,CLOUDY,WET
6836 ,34657526,MONROE,Rochester,,,Y,43.156599,-77.608896,01/26/2013,11:45 PM,PROPERTY DAMAGE AND INJURY,2.,0 ,2 ,COLLISION WITH MOTOR VEHICLE,RIGHT ANGLE,TRAFFIC SIGNAL,DARK-ROAD LIGHTED,CLOUDY,DRY
6836 ,34658328,MONROE,Irondequoit,,104 43033002,N,43.1956688,-77.5818638,02/09/2013,8:43 PM,INJURY,1.,0 ,1 ,COLLISION WITH GUIDE RAIL,OTHER,NONE,DARK-ROAD LIGHTED,CLOUDY,SNOW/ICE
6836 ,34658349,MONROE,Greece,,390 43011034,N,43.2055015,-77.6764742,02/14/2013,6:50 AM,INJURY,1.,0 ,2 ,COLLISION WITH MOTOR VEHICLE,REAR END,NONE,DAWN,CLOUDY,DRY
6836 ,34658689,MONROE,Henrietta,,253 43011060,Y,43.058674,-77.652082,02/14/2013,5:54 AM,PROPERTY DAMAGE AND INJURY,2.,0 ,2 ,COLLISION WITH MOTOR VEHICLE,RIGHT ANGLE,TRAFFIC SIGNAL,DARK-ROAD LIGHTED,CLEAR,DRY
6836 ,34658693,MONROE,Pittsford,,441 43011115,N,43.1232548,-77.5076577,02/13/2013,4:10 PM,PROPERTY DAMAGE AND INJURY,1.,0 ,3 ,COLLISION WITH MOTOR VEHICLE,OTHER,TRAFFIC SIGNAL,DAYLIGHT,CLEAR,DRY
6836 ,34658696,MONROE,Parma,,18 43031116,N,43.2772227,-77.7911735,02/13/2013,3:25 PM,INJURY,1.,0 ,2 ,COLLISION WITH MOTOR VEHICLE,REAR END,NONE,DAYLIGHT,CLEAR,DRY
6836 ,34658711,MONROE,Brighton,,,N,43.1256936,-77.5900623,02/13/2013,8:30 PM,INJURY,1.,0 ,1 ,COLLISION WITH PEDESTRIAN,OTHER,NONE,DARK-ROAD LIGHTED,CLEAR,DRY
6836 ,34658713,MONROE,Brighton,,,Y,43.125324,-77.60109,02/14/2013,6:03 PM,PROPERTY DAMAGE AND INJURY,1.,0 ,1 ,COLLISION WITH BICYCLIST,OTHER,NONE,DARK-ROAD LIGHTED,RAIN,WET
6836 ,34658781,MONROE,Rochester,,,Y,43.130086,-77.601202,02/13/2013,4:44 PM,PROPERTY DAMAGE AND INJURY,1.,0 ,2 ,COLLISION WITH MOTOR VEHICLE,LEFT TURN (AGAINST OTHER CAR),TRAFFIC SIGNAL,DAYLIGHT,CLEAR,DRY
6836 ,34658788,MONROE,Rochester,,,Y,43.170717,-77.591422,02/11/2013,5:49 PM,PROPERTY DAMAGE AND INJURY,2.,0 ,2 ,COLLISION WITH MOTOR VEHICLE,RIGHT ANGLE,STOP SIGN,DARK-ROAD LIGHTED,CLEAR,DRY
6836 ,34658789,MONROE,Rochester,,,Y,43.15246,-77.6266271,02/03/2013,9:12 AM,PROPERTY DAMAGE AND INJURY,1.,0 ,2 ,COLLISION WITH MOTOR VEHICLE,HEAD ON,TRAFFIC SIGNAL,DAYLIGHT,CLEAR,DRY
6836 ,34658790,MONROE,Rochester,,,N,43.1743792,-77.5956462,02/08/2013,4:12 PM,PROPERTY DAMAGE AND INJURY,1.,0 ,2 ,COLLISION WITH MOTOR VEHICLE,HEAD ON,NONE,DAYLIGHT,SNOW,SNOW/ICE
6836 ,34658801,MONROE,Rochester,,,Y,43.155708,-77.612547,02/15/2013,12:34 AM,PROPERTY DAMAGE AND INJURY,1.,0 ,2 ,COLLISION WITH MOTOR VEHICLE,RIGHT ANGLE,TRAFFIC SIGNAL,DARK-ROAD LIGHTED,RAIN,WET
6836 ,34659032,MONROE,Webster,,,N,43.2155917,-77.4404376,02/13/2013,8:45 PM,PROPERTY DAMAGE AND INJURY,2.,0 ,1 ,COLL. W/EARTH ELE./ROCK CUT/DITCH,OTHER,NONE,DARK-ROAD UNLIGHTED,CLEAR,DRY
6836 ,34659225,MONROE,Perinton,,31F43011050,N,43.1027952,-77.4319458,02/08/2013,1:59 PM,INJURY,2.,0 ,2 ,COLLISION WITH MOTOR VEHICLE,REAR END,TRAFFIC SIGNAL,DAYLIGHT,SNOW,SNOW/ICE
6836 ,34659236,MONROE,Irondequoit,,,N,43.1962217,-77.5997873,02/14/2013,1:45 PM,INJURY,1.,0 ,2 ,COLLISION WITH MOTOR VEHICLE,RIGHT ANGLE,NONE,DAYLIGHT,CLOUDY,DRY
6836 ,34659241,MONROE,Perinton,,31 43033076,N,43.0733395,-77.4582732,02/12/2013,4:54 AM,PROPERTY DAMAGE AND INJURY,1.,0 ,1 ,COLL. W/LIGHT SUPPORT/UTILITY POLE,OTHER,NONE,DARK-ROAD UNLIGHTED,SNOW,WET
6836 ,34659256,MONROE,Henrietta,,,Y,43.0685083,-77.6202498,01/25/2013,2:00 PM,PROPERTY DAMAGE AND INJURY,2.,0 ,2 ,COLLISION WITH MOTOR VEHICLE,REAR END,NONE,DAYLIGHT,CLOUDY,DRY
6836 ,34659263,MONROE,Chili,,,Y,43.125645,-77.765689,02/15/2013,5:30 AM,INJURY,1.,0 ,1 ,COLLISION WITH TREE,OTHER,STOP SIGN,DARK-ROAD LIGHTED,CLOUDY,WET
6836 ,34659266,MONROE,Perinton,,,N,43.1113659,-77.46632,02/08/2013,1:35 PM,PROPERTY DAMAGE AND INJURY,1.,0 ,2 ,COLLISION WITH MOTOR VEHICLE,HEAD ON,NONE,DAYLIGHT,SNOW,SNOW/ICE
6836 ,34659270,MONROE,Mendon,,15A43041112,N,42.960358,-77.620184,02/13/2013,3:50 PM,PROPERTY DAMAGE AND INJURY,2.,0 ,2 ,COLLISION WITH MOTOR VEHICLE,RIGHT ANGLE,STOP SIGN,DAYLIGHT,CLEAR,DRY
6836 ,34659271,MONROE,Mendon,,65 43031032,Y,42.983411,-77.581827,02/11/2013,6:38 PM,PROPERTY DAMAGE AND INJURY,1.,0 ,2 ,COLLISION WITH MOTOR VEHICLE,RIGHT ANGLE,STOP SIGN,DARK-ROAD UNLIGHTED,CLEAR,DRY
6836 ,34659279,MONROE,Perinton,,490I43023087,N,43.041777,-77.462256,02/13/2013,8:15 AM,INJURY,1.,0 ,2 ,COLLISION WITH MOTOR VEHICLE,REAR END,STOP SIGN,DAYLIGHT,CLOUDY,DRY
6836 ,34659386,MONROE,Rochester,,,N,43.1515052,-77.6343879,02/13/2013,6:09 AM,PROPERTY DAMAGE AND INJURY,2.,0 ,2 ,COLLISION WITH MOTOR VEHICLE,REAR END,NONE,DAWN,CLOUDY,WET
6836 ,34660183,MONROE,Greece,,18 43031214,N,43.2397454,-77.6468353,02/16/2013,1:24 PM,INJURY,1.,0 ,2 ,COLLISION WITH MOTOR VEHICLE,LEFT TURN (AGAINST OTHER CAR),NONE,DAYLIGHT,CLEAR,DRY
6836 ,34660288,MONROE,Rochester,,,Y,43.159377,-77.654125,02/11/2013,10:11 PM,PROPERTY DAMAGE AND INJURY,1.,0 ,2 ,COLLISION WITH MOTOR VEHICLE,RIGHT ANGLE,TRAFFIC SIGNAL,DARK-ROAD LIGHTED,SNOW,SNOW/ICE
6836 ,34660289,MONROE,Rochester,,,Y,43.176915,-77.639461,02/16/2013,3:41 PM,INJURY,1.,0 ,2 ,COLLISION WITH MOTOR VEHICLE,RIGHT ANGLE,STOP SIGN,DAYLIGHT,CLEAR,DRY
6836 ,34660293,MONROE,Rochester,,,N,43.1603603,-77.5919947,02/12/2013,4:24 PM,PROPERTY DAMAGE AND INJURY,2.,0 ,2 ,COLLISION WITH MOTOR VEHICLE,RIGHT ANGLE,NONE,DAYLIGHT,CLOUDY,WET
6836 ,34660313,MONROE,Rochester,,,Y,43.17518,-77.604545,02/16/2013,11:43 PM,INJURY,3.,0 ,2 ,COLLISION WITH MOTOR VEHICLE,RIGHT ANGLE,NONE,DARK-ROAD LIGHTED,CLOUDY,DRY
6836 ,34660318,MONROE,Rochester,,,N,43.153258,-77.6102973,02/09/2013,9:10 PM,PROPERTY DAMAGE AND INJURY,1.,0 ,2 ,COLLISION WITH MOTOR VEHICLE,REAR END,NONE,DARK-ROAD LIGHTED,CLOUDY,WET
6836 ,34660319,MONROE,Rochester,,,N,43.1375859,-77.6251169,02/05/2013,10:46 PM,INJURY,2.,0 ,3 ,COLLISION WITH MOTOR VEHICLE,OTHER,NONE,DARK-ROAD LIGHTED,CLEAR,DRY
6836 ,34660338,MONROE,Pittsford,,490I43023036,N,43.1056271,-77.5063134,02/05/2013,8:52 AM,PROPERTY DAMAGE AND INJURY,1.,0 ,1 ,COLLISION WITH TREE,OTHER,NONE,DAYLIGHT,CLEAR,WET
6836 ,34660352,MONROE,Hamlin,,19 43041135,N,43.320648,-77.9119448,02/14/2013,3:46 PM,PROPERTY DAMAGE AND INJURY,2.,0 ,2 ,COLLISION WITH MOTOR VEHICLE,RIGHT ANGLE,STOP SIGN,DAYLIGHT,CLOUDY,DRY
6836 ,34660357,MONROE,Pittsford,,,Y,43.054185,-77.523002,02/04/2013,7:19 AM,PROPERTY DAMAGE AND INJURY,2.,0 ,3 ,COLLISION WITH MOTOR VEHICLE,OTHER,NONE,DAYLIGHT,CLEAR,DRY
6836 ,34660364,MONROE,Ogden,,31 43031100,N,43.1878246,-77.8423173,01/29/2013,3:47 PM,INJURY,2.,0 ,2 ,COLLISION WITH MOTOR VEHICLE,HEAD ON,TRAFFIC SIGNAL,DAYLIGHT,RAIN,WET
6836 ,34660365,MONROE,Penfield,,441 43011025,Y,43.13124,-77.4639639,02/12/2013,7:45 AM,INJURY,1.,0 ,2 ,COLLISION WITH MOTOR VEHICLE,OVERTAKING,NONE,DAYLIGHT,CLOUDY,DRY
6836 ,34660372,MONROE,Parma,,,N,43.2230607,-77.8618321,02/08/2013,1:27 PM,INJURY,1.,0 ,1 ,COLLISION WITH TREE,OTHER,NONE,DAYLIGHT,SNOW,SNOW/ICE
6836 ,34660375,MONROE,Sweden,,,N,43.1799371,-77.8929527,02/08/2013,1:43 PM,INJURY,1.,0 ,1 ,COLLISION WITH TREE,OTHER,NONE,DAYLIGHT,SNOW,SNOW/ICE
6836 ,34660379,MONROE,Brighton,,31 43033021,N,43.1120487,-77.5491045,02/16/2013,1:50 PM,PROPERTY DAMAGE AND INJURY,2.,0 ,2 ,COLLISION WITH MOTOR VEHICLE,LEFT TURN (AGAINST OTHER CAR),NONE,DAYLIGHT,CLOUDY,DRY
6836 ,34660381,MONROE,Pittsford,,31 43033044,N,43.0907202,-77.5149477,02/08/2013,7:30 AM,INJURY,1.,0 ,2 ,COLLISION WITH MOTOR VEHICLE,HEAD ON,NONE,DAWN,CLOUDY,DRY
6836 ,34660383,MONROE,Brighton,,,Y,43.11411,-77.633698,02/16/2013,2:57 PM,PROPERTY DAMAGE AND INJURY,3.,0 ,2 ,COLLISION WITH MOTOR VEHICLE,LEFT TURN (AGAINST OTHER CAR),STOP SIGN,DAYLIGHT,CLOUDY,DRY
6836 ,34660387,MONROE,Sweden,,19 43041020,N,43.1614907,-77.9416068,01/23/2013,3:40 PM,INJURY,1.,0 ,2 ,COLLISION WITH MOTOR VEHICLE,REAR END,TRAFFIC SIGNAL,DAYLIGHT,CLOUDY,WET
6836 ,34660388,MONROE,Brighton,,,Y,43.126189,-77.5726221,02/17/2013,12:39 PM,PROPERTY DAMAGE AND INJURY,1.,0 ,2 ,COLLISION WITH MOTOR VEHICLE,LEFT TURN (AGAINST OTHER CAR),TRAFFIC SIGNAL,DAYLIGHT,SNOW,WET
6836 ,34660392,MONROE,Penfield,,250 43011095,N,43.1707087,-77.4311504,02/08/2013,12:36 PM,PROPERTY DAMAGE AND INJURY,1.,0 ,1 ,COLL. W/LIGHT SUPPORT/UTILITY POLE,OTHER,NONE,DAYLIGHT,SNOW,SNOW/ICE
6836 ,34660396,MONROE,Rochester,,490I43022044,N,43.1566692,-77.6344212,02/06/2013,7:31 AM,INJURY,1.,0 ,4 ,COLLISION WITH MOTOR VEHICLE,OTHER,NONE,DAYLIGHT,SNOW,SNOW/ICE
6836 ,34660402,MONROE,Perinton,,31 43033060,N,43.078814,-77.485447,02/16/2013,10:58 AM,INJURY,1.,0 ,2 ,COLLISION WITH MOTOR VEHICLE,REAR END,STOP SIGN,DAYLIGHT,CLOUDY,DRY
6836 ,34660407,MONROE,Brighton,,490I43023005,N,43.1389607,-77.5382964,02/08/2013,5:53 AM,PROPERTY DAMAGE AND INJURY,1.,0 ,1 ,COLLISION WITH GUIDERAIL - END,OTHER,NONE,DARK-ROAD LIGHTED,CLOUDY,DRY
6836 ,34660408,MONROE,Rush,,,N,43.0179335,-77.6358684,02/17/2013,3:53 PM,PROPERTY DAMAGE AND INJURY,2.,0 ,1 ,COLL. W/EARTH ELE./ROCK CUT/DITCH,OTHER,NONE,DAYLIGHT,CLEAR,SNOW/ICE
6836 ,34660409,MONROE,Ogden,,31 43031100,N,43.1878246,-77.8423173,02/17/2013,2:36 PM,INJURY,1.,0 ,2 ,COLLISION WITH MOTOR VEHICLE,RIGHT ANGLE,NONE,DAYLIGHT,CLOUDY,WET
6836 ,34660412,MONROE,Perinton,,,N,43.0790714,-77.4426374,02/14/2013,5:35 PM,INJURY,1.,0 ,2 ,COLLISION WITH MOTOR VEHICLE,REAR END,NONE,DARK-ROAD LIGHTED,RAIN,WET
6836 ,34660414,MONROE,Wheatland,,383 43011040,N,43.0131832,-77.813385,02/13/2013,11:00 PM,PROPERTY DAMAGE AND INJURY,1.,0 ,1 ,COLL. W/LIGHT SUPPORT/UTILITY POLE,OTHER,NONE,DARK-ROAD UNLIGHTED,CLEAR,DRY
6836 ,34660416,MONROE,Rush,,15 43031038,N,42.9898815,-77.6706693,02/14/2013,3:12 PM,PROPERTY DAMAGE AND INJURY,1.,0 ,2 ,COLLISION WITH MOTOR VEHICLE,HEAD ON,TRAFFIC SIGNAL,DAYLIGHT,CLOUDY,DRY
6836 ,34660421,MONROE,Brighton,,,Y,43.124112,-77.597138,02/16/2013,2:45 AM,PROPERTY DAMAGE AND INJURY,1.,0 ,1 ,COLLISION WITH PEDESTRIAN,OTHER,NONE,DARK-ROAD UNLIGHTED,CLOUDY,DRY
6836 ,34660422,MONROE,Gates,,,N,43.1499311,-77.6860191,02/15/2013,12:22 PM,PROPERTY DAMAGE AND INJURY,1.,0 ,2 ,COLLISION WITH MOTOR VEHICLE,REAR END,NONE,DAYLIGHT,CLOUDY,DRY
6836 ,34660481,MONROE,Rochester,,,N,43.1749936,-77.6102537,02/10/2013,12:05 AM,INJURY,1.,0 ,1 ,COLLISION WITH PEDESTRIAN,OTHER,NONE,DARK-ROAD LIGHTED,CLOUDY,SNOW/ICE
6836 ,34661672,MONROE,Pittsford,,65 43031071,N,43.0366378,-77.5774195,02/17/2013,3:28 PM,PROPERTY DAMAGE AND INJURY,1.,0 ,1 ,COLLISION WITH TREE,OTHER,NONE,DAYLIGHT,CLEAR,SNOW/ICE
6836 ,34661777,MONROE,Rochester,,,Y,43.193901,-77.653291,02/12/2013,6:39 AM,PROPERTY DAMAGE AND INJURY,1.,0 ,2 ,COLLISION WITH MOTOR VEHICLE,LEFT TURN (WITH OTHER CAR),TRAFFIC SIGNAL,DAWN,CLEAR,DRY
6836 ,34661779,MONROE,Rochester,,,N,43.180938,-77.6340773,02/17/2013,10:09 PM,INJURY,1.,0 ,1 ,COLLISION WITH TREE,OTHER,NONE,DARK-ROAD LIGHTED,CLEAR,SNOW/ICE
6836 ,34661795,MONROE,Rochester,,,Y,43.163796,-77.569656,02/17/2013,2:10 PM,INJURY,2.,0 ,1 ,COLLISION WITH TREE,OTHER,STOP SIGN,DAYLIGHT,SNOW,SNOW/ICE
6836 ,34661796,MONROE,Rochester,,104 43032012,Y,43.199938,-77.63755,02/18/2013,4:00 PM,PROPERTY DAMAGE AND INJURY,1.,0 ,2 ,COLLISION WITH MOTOR VEHICLE,LEFT TURN (WITH OTHER CAR),NONE,DAYLIGHT,CLEAR,DRY
6836 ,34661805,MONROE,Rochester,,,Y,43.15843,-77.615431,02/17/2013,5:30 PM,PROPERTY DAMAGE AND INJURY,1.,0 ,2 ,COLLISION WITH MOTOR VEHICLE,REAR END,TRAFFIC SIGNAL,DUSK,SNOW,SNOW/ICE
6836 ,34662078,MONROE,Rochester,,490I43022053,N,43.1428417,-77.5785686,02/15/2013,11:48 PM,PROPERTY DAMAGE AND INJURY,2.,0 ,2 ,COLLISION WITH MOTOR VEHICLE,REAR END,NONE,DARK-ROAD LIGHTED,CLOUDY,DRY
6836 ,34662080,MONROE,Rochester,,590 43011000,N,43.1431567,-77.5474166,02/17/2013,12:28 PM,PROPERTY DAMAGE AND INJURY,1.,0 ,1 ,COLLISION WITH OTHER BARRIER,OTHER,NONE,DAYLIGHT,SNOW,SNOW/ICE