QUERYID,CASE #,REGN_CNTY_CDE,Municipality,MUNITYPE,REF_MRKR,ATINTERSECTION_IND,Lat,Long,,Time,Crash Type,Injuries,Fatalities,Number of Vehicles,ACCD_TYP,COLLISION_TYP,TRAF_CNTL,Light Condition,Weather Condition,Road Surface Condition
6836 ,34662128,MONROE,Perinton,,490I43023082,N,43.0479124,-77.4636656,01/23/2013,4:20 PM,PROPERTY DAMAGE AND INJURY,1.,0 ,1 ,COLLISION WITH GUIDE RAIL,OTHER,NONE,DAYLIGHT,SNOW,SNOW/ICE
6836 ,34662318,MONROE,Penfield,,441 43011112,Y,43.130827,-77.441317,02/18/2013,6:48 PM,PROPERTY DAMAGE AND INJURY,1.,0 ,2 ,COLLISION WITH MOTOR VEHICLE,RIGHT ANGLE,TRAFFIC SIGNAL,DARK-ROAD LIGHTED,CLEAR,DRY
6836 ,34662320,MONROE,Brighton,,15A43041111,N,43.108007,-77.615937,02/20/2013,1:27 AM,PROPERTY DAMAGE AND INJURY,1.,0 ,2 ,COLLISION WITH MOTOR VEHICLE,LEFT TURN (AGAINST OTHER CAR),TRAFFIC SIGNAL,DARK-ROAD LIGHTED,CLEAR,DRY
6836 ,34662326,MONROE,Gates,,,Y,43.1730719,-77.701573,02/19/2013,7:06 AM,PROPERTY DAMAGE AND INJURY,1.,0 ,2 ,COLLISION WITH MOTOR VEHICLE,SIDESWIPE,NONE,DAYLIGHT,CLOUDY,DRY
6836 ,34662454,MONROE,Henrietta,,,Y,43.087022,-77.629695,02/10/2013,7:15 PM,PROPERTY DAMAGE AND INJURY,1.,0 ,2 ,COLLISION WITH MOTOR VEHICLE,LEFT TURN (AGAINST OTHER CAR),TRAFFIC SIGNAL,DARK-ROAD LIGHTED,CLEAR,WET
6836 ,34662601,MONROE,Rochester,,,Y,43.161835,-77.632303,02/13/2013,1:13 PM,INJURY,1.,0 ,2 ,COLLISION WITH MOTOR VEHICLE,OVERTAKING,NONE,DAYLIGHT,CLEAR,DRY
6836 ,34662610,MONROE,Rochester,,,N,43.215381,-77.6406731,02/18/2013,2:13 PM,INJURY,1.,0 ,2 ,COLLISION WITH MOTOR VEHICLE,RIGHT ANGLE,NONE,DAYLIGHT,CLOUDY,WET
6836 ,34663217,MONROE,Hamlin,,18 43031029,N,43.2955225,-77.9415372,02/19/2013,9:13 AM,PROPERTY DAMAGE AND INJURY,1.,0 ,1 ,COLLISION WITH OTHER FIXED OBJECT,OTHER,NONE,DAYLIGHT,RAIN,SLUSH
6836 ,34663223,MONROE,Riga,,33A43021002,N,43.0738469,-77.9300813,02/17/2013,7:33 AM,PROPERTY DAMAGE AND INJURY,1.,0 ,1 ,COLLISION WITH TREE,OTHER,NONE,DAYLIGHT,CLEAR,SNOW/ICE
6836 ,34663228,MONROE,Sweden,,,N,43.1984621,-77.9505784,02/17/2013,8:25 AM,PROPERTY DAMAGE AND INJURY,1.,0 ,2 ,COLLISION WITH MOTOR VEHICLE,REAR END,NONE,DAYLIGHT,SNOW,SNOW/ICE
6836 ,34663333,MONROE,Rochester,,,Y,43.160067,-77.6076169,02/19/2013,11:20 PM,PROPERTY DAMAGE AND INJURY,1.,0 ,2 ,COLLISION WITH MOTOR VEHICLE,RIGHT ANGLE,TRAFFIC SIGNAL,DARK-ROAD LIGHTED,CLOUDY,DRY
6836 ,34663617,MONROE,Gates,,490I43021165,N,43.157292,-77.7039769,02/14/2013,7:47 AM,INJURY,1.,0 ,3 ,COLLISION WITH MOTOR VEHICLE,OTHER,NONE,DAYLIGHT,CLOUDY,DRY
6836 ,34663621,MONROE,Henrietta,,,N,43.068677,-77.607728,02/15/2013,8:50 AM,PROPERTY DAMAGE AND INJURY,1.,0 ,2 ,COLLISION WITH MOTOR VEHICLE,RIGHT ANGLE,TRAFFIC SIGNAL,DAYLIGHT,CLEAR,DRY
6836 ,34663903,MONROE,Rochester,,490I43022054,N,43.142959,-77.5773063,02/15/2013,11:48 PM,PROPERTY DAMAGE AND INJURY,1.,0 ,2 ,COLLISION WITH MOTOR VEHICLE,REAR END,NONE,DARK-ROAD LIGHTED,CLEAR,DRY
6836 ,34663905,MONROE,Greece,,390 43011053,N,43.2326062,-77.6718082,02/21/2013,7:33 AM,PROPERTY DAMAGE AND INJURY,1.,0 ,1 ,OVERTURNED,OTHER,NONE,DAYLIGHT,SNOW,SNOW/ICE
6836 ,34664276,MONROE,Rochester,,,Y,43.14883,-77.597661,02/17/2013,1:23 AM,INJURY,1.,0 ,1 ,COLLISION WITH BICYCLIST,OTHER,TRAFFIC SIGNAL,DARK-ROAD LIGHTED,SNOW,WET
6836 ,34664278,MONROE,Rochester,,,N,43.2516052,-77.6176296,02/19/2013,9:15 PM,PROPERTY DAMAGE AND INJURY,1.,0 ,2 ,COLLISION WITH MOTOR VEHICLE,REAR END,NONE,DARK-ROAD UNLIGHTED,CLEAR,DRY
6836 ,34664282,MONROE,Rochester,,,Y,43.204821,-77.638679,02/18/2013,3:52 PM,PROPERTY DAMAGE AND INJURY,1.,0 ,2 ,COLLISION WITH MOTOR VEHICLE,RIGHT ANGLE,TRAFFIC SIGNAL,DAYLIGHT,CLEAR,DRY
6836 ,34664564,MONROE,Rochester,,940T43011P01,N,43.1569219,-77.621408,02/22/2013,8:40 AM,PROPERTY DAMAGE AND INJURY,1.,0 ,1 ,COLLISION WITH MEDIAN/BARRIER,OTHER,NONE,DAYLIGHT,CLOUDY,OTHER
6836 ,34664766,MONROE,Pittsford,,31 43033030,N,43.1025855,-77.5380783,02/15/2013,4:09 PM,PROPERTY DAMAGE AND INJURY,1.,0 ,2 ,COLLISION WITH MOTOR VEHICLE,LEFT TURN (AGAINST OTHER CAR),TRAFFIC SIGNAL,DAYLIGHT,CLEAR,DRY
6836 ,34664772,MONROE,Riga,,,N,43.0955613,-77.8754262,01/12/2013,8:38 AM,PROPERTY DAMAGE AND INJURY,1.,0 ,1 ,RAN OFF ROAD ONLY,OTHER,NONE,DAYLIGHT,CLOUDY,WET
6836 ,34664778,MONROE,Brighton,,,N,43.1039872,-77.6279177,02/21/2013,7:49 PM,PROPERTY DAMAGE AND INJURY,3.,0 ,3 ,COLLISION WITH MOTOR VEHICLE,OTHER,NONE,DARK-ROAD LIGHTED,CLOUDY,DRY
6836 ,34664795,MONROE,Greece,,,N,43.2180441,-77.643924,01/18/2013,9:09 PM,INJURY,1.,0 ,1 ,COLLISION WITH TREE,OTHER,NONE,DARK-ROAD LIGHTED,CLEAR,SNOW/ICE
6836 ,34664801,MONROE,Greece,,,N,43.2240432,-77.7337495,02/21/2013,8:07 PM,INJURY,1.,0 ,1 ,COLLISION WITH DEER,OTHER,NONE,DARK-ROAD LIGHTED,CLEAR,WET
6836 ,34664805,MONROE,Greece,,,Y,43.223233,-77.641342,02/17/2013,8:35 PM,PROPERTY DAMAGE AND INJURY,2.,0 ,2 ,COLLISION WITH MOTOR VEHICLE,LEFT TURN (WITH OTHER CAR),TRAFFIC SIGNAL,DARK-ROAD LIGHTED,CLEAR,DRY
6836 ,34664932,MONROE,Rochester,,,Y,43.186643,-77.584059,02/21/2013,12:22 PM,PROPERTY DAMAGE AND INJURY,1.,0 ,2 ,COLLISION WITH MOTOR VEHICLE,OVERTAKING,NONE,DAYLIGHT,SNOW,WET
6836 ,34664933,MONROE,Rochester,,,Y,43.155232,-77.639166,02/13/2013,12:40 PM,PROPERTY DAMAGE AND INJURY,1.,0 ,2 ,COLLISION WITH MOTOR VEHICLE,RIGHT ANGLE,TRAFFIC SIGNAL,DAYLIGHT,CLOUDY,WET
6836 ,34664934,MONROE,Rochester,,,N,43.1731305,-77.5842634,02/23/2013,2:47 AM,PROPERTY DAMAGE AND INJURY,1.,0 ,1 ,COLL. W/LIGHT SUPPORT/UTILITY POLE,OTHER,STOP SIGN,DARK-ROAD LIGHTED,CLOUDY,SNOW/ICE
6836 ,34664949,MONROE,Rochester,,96 43052023,Y,43.153801,-77.589513,02/22/2013,5:59 PM,PROPERTY DAMAGE AND INJURY,1.,0 ,2 ,COLLISION WITH MOTOR VEHICLE,REAR END,NONE,DARK-ROAD LIGHTED,CLOUDY,WET
6836 ,34664950,MONROE,Rochester,,,N,43.1573063,-77.659552,02/14/2013,7:15 AM,PROPERTY DAMAGE AND INJURY,1.,0 ,2 ,COLLISION WITH MOTOR VEHICLE,OVERTAKING,TRAFFIC SIGNAL,DAYLIGHT,CLOUDY,WET
6836 ,34664965,MONROE,Rochester,,,Y,43.175799,-77.57673,02/21/2013,2:02 PM,INJURY,1.,0 ,1 ,COLLISION WITH PEDESTRIAN,OTHER,STOP SIGN,DAYLIGHT,CLEAR,WET
6836 ,34664983,MONROE,Rochester,,,N,43.184531,-77.5874151,02/22/2013,9:07 PM,INJURY,1.,0 ,1 ,COLL. W/LIGHT SUPPORT/UTILITY POLE,OTHER,NONE,DARK-ROAD LIGHTED,SNOW,SNOW/ICE
6836 ,34664989,MONROE,Rochester,,,N,43.1483764,-77.6067844,02/22/2013,5:29 PM,INJURY,1.,0 ,2 ,COLLISION WITH MOTOR VEHICLE,RIGHT ANGLE,NONE,DUSK,CLEAR,WET
6836 ,34665165,MONROE,Webster,,104 43035230,N,43.2137398,-77.51637,02/21/2013,8:10 AM,PROPERTY DAMAGE AND INJURY,1.,0 ,2 ,COLLISION WITH MOTOR VEHICLE,OVERTAKING,NONE,DAYLIGHT,SNOW,SNOW/ICE
6836 ,34665297,MONROE,Chili,,251 43011017,N,43.125427,-77.7456321,02/22/2013,4:33 PM,INJURY,1.,0 ,2 ,COLLISION WITH MOTOR VEHICLE,RIGHT TURN (WITH OTHER CAR),YIELD SIGN,DAYLIGHT,CLOUDY,WET
6836 ,34665303,MONROE,Gates,,,N,43.1786133,-77.683728,02/22/2013,11:53 AM,INJURY,1.,0 ,2 ,COLLISION WITH MOTOR VEHICLE,REAR END,TRAFFIC SIGNAL,DAYLIGHT,CLOUDY,DRY
6836 ,34665306,MONROE,Rochester,,,Y,43.200683,-77.561712,02/22/2013,3:40 PM,PROPERTY DAMAGE AND INJURY,2.,0 ,2 ,COLLISION WITH MOTOR VEHICLE,RIGHT ANGLE,NONE,DAYLIGHT,SNOW,WET
6836 ,34665317,MONROE,Rochester,,,Y,43.249715,-77.614751,02/23/2013,6:02 PM,PROPERTY DAMAGE AND INJURY,2.,0 ,2 ,COLLISION WITH MOTOR VEHICLE,RIGHT ANGLE,TRAFFIC SIGNAL,DARK-ROAD LIGHTED,CLOUDY,DRY
6836 ,34665557,MONROE,Rochester,,,Y,43.155497,-77.583619,01/14/2013,3:32 PM,INJURY,2.,0 ,2 ,COLLISION WITH MOTOR VEHICLE,RIGHT ANGLE,NONE,DAYLIGHT,CLOUDY,DRY
6836 ,34665723,MONROE,Rochester,,,Y,43.179329,-77.631715,01/14/2013,1:15 PM,PROPERTY DAMAGE AND INJURY,1.,0 ,2 ,COLLISION WITH MOTOR VEHICLE,RIGHT ANGLE,TRAFFIC SIGNAL,DAYLIGHT,CLOUDY,DRY
6836 ,34665724,MONROE,Rochester,,,Y,43.141385,-77.620556,01/13/2013,2:03 PM,PROPERTY DAMAGE AND INJURY,2.,0 ,2 ,COLLISION WITH MOTOR VEHICLE,UNKNOWN,STOP SIGN,DAYLIGHT,CLEAR,DRY
6836 ,34665738,MONROE,Greece,,,Y,43.236608,-77.646863,01/09/2013,6:08 PM,INJURY,2.,0 ,2 ,COLLISION WITH MOTOR VEHICLE,RIGHT ANGLE,TRAFFIC SIGNAL,DARK-ROAD LIGHTED,CLEAR,DRY
6836 ,34666197,MONROE,Greece,,,Y,43.231093,-77.659072,12/23/2012,4:16 PM,INJURY,2.,0 ,2 ,COLLISION WITH MOTOR VEHICLE,REAR END,TRAFFIC SIGNAL,DUSK,CLOUDY,WET
6836 ,34666769,MONROE,Rochester,,,Y,43.149959,-77.6522699,01/15/2013,12:10 PM,PROPERTY DAMAGE AND INJURY,1.,0 ,2 ,COLLISION WITH MOTOR VEHICLE,REAR END,TRAFFIC SIGNAL,DAYLIGHT,CLEAR,DRY
6836 ,34667957,MONROE,Greece,,,N,43.2876803,-77.6802041,01/23/2013,1:46 AM,PROPERTY DAMAGE AND INJURY,1.,0 ,1 ,COLLISION WITH TREE,OTHER,NONE,DARK-ROAD LIGHTED,SNOW,SNOW/ICE
6836 ,34668616,MONROE,Rochester,,,Y,43.171514,-77.559902,11/29/2012,5:30 PM,PROPERTY DAMAGE AND INJURY,1.,0 ,2 ,COLLISION WITH MOTOR VEHICLE,RIGHT ANGLE,TRAFFIC SIGNAL,DARK-ROAD LIGHTED,CLEAR,DRY
6836 ,34668895,MONROE,Rochester,,,Y,43.153529,-77.631554,02/04/2013,1:50 PM,INJURY,1.,0 ,2 ,COLLISION WITH MOTOR VEHICLE,UNKNOWN,STOP SIGN,DAYLIGHT,SNOW,SNOW/ICE
6836 ,34668898,MONROE,Rochester,,,Y,43.145516,-77.599216,02/05/2013,9:16 AM,PROPERTY DAMAGE AND INJURY,1.,0 ,2 ,COLLISION WITH MOTOR VEHICLE,RIGHT ANGLE,TRAFFIC SIGNAL,DAYLIGHT,CLEAR,DRY
6836 ,34668992,MONROE,Greece,,104 43031167,Y,43.2072387,-77.6791189,02/07/2013,12:31 PM,INJURY,1.,0 ,2 ,COLLISION WITH MOTOR VEHICLE,UNKNOWN,NONE,DAYLIGHT,CLEAR,DRY
6836 ,34669442,MONROE,Penfield,,,N,43.1727252,-77.5035482,02/22/2013,9:16 AM,PROPERTY DAMAGE AND INJURY,1.,0 ,1 ,COLLISION WITH TREE,OTHER,NONE,DAYLIGHT,CLEAR,SNOW/ICE
6836 ,34669454,MONROE,Chili,,390I43033002,N,43.1220667,-77.6474792,02/23/2013,3:52 AM,INJURY,1.,0 ,2 ,COLLISION WITH MOTOR VEHICLE,OVERTAKING,NONE,DARK-ROAD LIGHTED,SNOW,SNOW/ICE
6836 ,34669459,MONROE,Pittsford,,31F43011007,N,43.1104897,-77.5064548,02/23/2013,1:05 PM,PROPERTY DAMAGE AND INJURY,2.,0 ,2 ,COLLISION WITH MOTOR VEHICLE,RIGHT ANGLE,TRAFFIC SIGNAL,DAYLIGHT,CLOUDY,WET
6836 ,34669462,MONROE,Chili,,383 43011842,N,43.0792147,-77.6932287,02/23/2013,9:29 AM,INJURY,1.,0 ,1 ,COLLISION WITH GUIDE RAIL,OTHER,NONE,DAYLIGHT,SLEET/HAIL/FREEZING RAIN,SNOW/ICE
6836 ,34669497,MONROE,Greece,,,Y,43.224451,-77.639185,02/22/2013,6:36 PM,INJURY,1.,0 ,2 ,COLLISION WITH MOTOR VEHICLE,REAR END,NONE,DARK-ROAD LIGHTED,RAIN,WET
6836 ,34669509,MONROE,Rochester,,,Y,43.1680782,-77.574907,12/28/2012,10:14 AM,PROPERTY DAMAGE AND INJURY,1.,0 ,2 ,COLLISION WITH MOTOR VEHICLE,RIGHT ANGLE,NONE,DAYLIGHT,CLEAR,SNOW/ICE
6836 ,34669510,MONROE,Rochester,,,Y,43.164631,-77.642255,02/22/2013,4:10 PM,INJURY,1.,0 ,2 ,COLLISION WITH MOTOR VEHICLE,REAR END,TRAFFIC SIGNAL,DAYLIGHT,SNOW,WET
6836 ,34669849,MONROE,Rochester,,,Y,43.124791,-77.61428,02/14/2013,7:30 AM,PROPERTY DAMAGE AND INJURY,1.,0 ,2 ,COLLISION WITH MOTOR VEHICLE,RIGHT ANGLE,TRAFFIC SIGNAL,DAYLIGHT,CLOUDY,DRY
6836 ,34669852,MONROE,Rochester,,,Y,43.180914,-77.643201,02/09/2013,9:15 PM,INJURY,1.,0 ,1 ,COLLISION WITH PEDESTRIAN,OTHER,NONE,DARK-ROAD LIGHTED,SNOW,SNOW/ICE
6836 ,34669855,MONROE,Rochester,,,N,43.1645316,-77.6231345,02/17/2013,2:08 AM,INJURY,2.,0 ,1 ,COLLISION WITH PEDESTRIAN,OTHER,NONE,DARK-ROAD LIGHTED,SNOW,SNOW/ICE
6836 ,34669860,MONROE,Henrietta,,252 43011070,N,43.087138,-77.6296938,02/15/2013,10:20 AM,PROPERTY DAMAGE AND INJURY,1.,0 ,3 ,COLLISION WITH MOTOR VEHICLE,OTHER,TRAFFIC SIGNAL,DAYLIGHT,CLOUDY,DRY
6836 ,34669861,MONROE,Penfield,,,N,43.12762,-77.4945049,02/11/2013,6:19 AM,PROPERTY DAMAGE AND INJURY,1.,0 ,2 ,COLLISION WITH MOTOR VEHICLE,RIGHT TURN (WITH OTHER CAR),TRAFFIC SIGNAL,DARK-ROAD LIGHTED,RAIN,SNOW/ICE
6836 ,34669866,MONROE,Pittsford,,96 43051057,Y,43.089603,-77.516087,02/08/2013,1:11 PM,INJURY,1.,0 ,2 ,COLLISION WITH MOTOR VEHICLE,REAR END,NONE,DAYLIGHT,SNOW,SNOW/ICE
6836 ,34670757,MONROE,Rochester,,,Y,43.123546,-77.644669,02/08/2013,12:30 PM,INJURY,2.,0 ,2 ,COLLISION WITH MOTOR VEHICLE,REAR END,TRAFFIC SIGNAL,DAYLIGHT,SNOW,SNOW/ICE
6836 ,34670760,MONROE,Rochester,,,Y,43.169035,-77.638719,02/08/2013,11:43 AM,PROPERTY DAMAGE AND INJURY,1.,0 ,1 ,COLL. W/LIGHT SUPPORT/UTILITY POLE,OTHER,NONE,DAYLIGHT,SNOW,SNOW/ICE
6836 ,34670761,MONROE,Rochester,,,Y,43.1545271,-77.6120295,02/08/2013,2:41 PM,INJURY,1.,0 ,2 ,COLLISION WITH MOTOR VEHICLE,OVERTAKING,NONE,DAYLIGHT,SNOW,SNOW/ICE
6836 ,34670766,MONROE,Rochester,,,N,43.191405,-77.6083021,02/10/2013,12:50 PM,PROPERTY DAMAGE AND INJURY,1.,0 ,2 ,COLLISION WITH MOTOR VEHICLE,REAR END,NONE,DAYLIGHT,CLEAR,WET
6836 ,34671194,MONROE,Greece,,,N,43.206569,-77.6758354,02/21/2013,5:23 PM,INJURY,2.,0 ,3 ,COLLISION WITH MOTOR VEHICLE,OTHER,TRAFFIC SIGNAL,DUSK,CLEAR,DRY
6836 ,34671263,MONROE,Rochester,,,Y,43.161757,-77.608303,02/24/2013,2:43 AM,INJURY,1.,0 ,2 ,COLLISION WITH MOTOR VEHICLE,REAR END,TRAFFIC SIGNAL,DARK-ROAD LIGHTED,CLEAR,DRY
6836 ,34672165,MONROE,Webster,,104 43035231,N,43.2137463,-77.5136251,02/22/2013,11:09 AM,PROPERTY DAMAGE AND INJURY,1.,0 ,1 ,COLLISION WITH GUIDE RAIL,OTHER,NONE,DAYLIGHT,CLOUDY,SNOW/ICE
6836 ,34672300,MONROE,Greece,,,Y,43.238406,-77.687924,02/24/2013,12:39 PM,PROPERTY DAMAGE AND INJURY,1.,0 ,3 ,COLLISION WITH MOTOR VEHICLE,OTHER,NONE,DAYLIGHT,CLOUDY,DRY
6836 ,34672491,MONROE,Perinton,,,N,43.0871754,-77.4320932,02/24/2013,5:40 AM,PROPERTY DAMAGE AND INJURY,1.,0 ,1 ,COLLISION WITH SIGN POST,OTHER,NONE,DARK-ROAD UNLIGHTED,CLOUDY,DRY
6836 ,34672492,MONROE,Henrietta,,,N,43.0405849,-77.6470871,02/21/2013,2:42 PM,PROPERTY DAMAGE AND INJURY,1.,0 ,2 ,COLLISION WITH MOTOR VEHICLE,RIGHT ANGLE,STOP SIGN,DAYLIGHT,CLOUDY,DRY
6836 ,34672493,MONROE,Perinton,,96 43051027,N,43.0619715,-77.4784226,02/25/2013,6:34 PM,INJURY,1.,0 ,2 ,COLLISION WITH MOTOR VEHICLE,REAR END,TRAFFIC SIGNAL,DARK-ROAD LIGHTED,CLOUDY,DRY
6836 ,34672505,MONROE,Brighton,,15 43031128,Y,43.1042192,-77.6278028,02/24/2013,5:30 PM,PROPERTY DAMAGE AND INJURY,1.,0 ,4 ,COLLISION WITH MOTOR VEHICLE,OTHER,NONE,DAYLIGHT,CLOUDY,WET
6836 ,34672507,MONROE,Brighton,,,Y,43.10597,-77.618889,02/25/2013,5:16 PM,PROPERTY DAMAGE AND INJURY,1.,0 ,2 ,COLLISION WITH MOTOR VEHICLE,LEFT TURN (AGAINST OTHER CAR),NONE,DAYLIGHT,CLOUDY,DRY
6836 ,34672608,MONROE,Rochester,,,N,43.1753149,-77.5988319,02/25/2013,1:12 PM,INJURY,1.,0 ,3 ,COLLISION WITH MOTOR VEHICLE,OTHER,TRAFFIC SIGNAL,DAYLIGHT,CLOUDY,DRY
6836 ,34673330,MONROE,East Rochester,,,Y,43.104959,-77.489144,01/23/2013,11:50 AM,PROPERTY DAMAGE AND INJURY,1.,0 ,2 ,COLLISION WITH MOTOR VEHICLE,REAR END,TRAFFIC SIGNAL,DAYLIGHT,CLEAR,DRY
6836 ,34673923,MONROE,East Rochester,,,Y,43.120056,-77.480783,01/23/2013,4:40 PM,PROPERTY DAMAGE AND INJURY,1.,0 ,1 ,COLLISION WITH TREE,OTHER,NONE,DAYLIGHT,SNOW,SNOW/ICE
6836 ,34673928,MONROE,Henrietta,,15A43041128,N,43.0844863,-77.6081397,02/26/2013,3:45 PM,PROPERTY DAMAGE AND INJURY,1.,0 ,2 ,COLLISION WITH MOTOR VEHICLE,REAR END,NONE,DAYLIGHT,CLEAR,DRY
6836 ,34673930,MONROE,Fairport,,,N,43.0917479,-77.4538785,02/26/2013,8:33 AM,PROPERTY DAMAGE AND INJURY,1.,0 ,2 ,COLLISION WITH MOTOR VEHICLE,REAR END,NONE,DAYLIGHT,CLEAR,DRY
6836 ,34673931,MONROE,Brighton,,,N,43.1153124,-77.5973283,02/26/2013,1:51 PM,INJURY,1.,0 ,2 ,COLLISION WITH MOTOR VEHICLE,REAR END,TRAFFIC SIGNAL,DAYLIGHT,CLOUDY,DRY
6836 ,34673936,MONROE,Gates,,,N,43.1499628,-77.681074,02/26/2013,8:10 AM,PROPERTY DAMAGE AND INJURY,2.,0 ,2 ,COLLISION WITH MOTOR VEHICLE,RIGHT ANGLE,NONE,DAYLIGHT,CLEAR,DRY
6836 ,34673954,MONROE,Rochester,,,N,43.1320501,-77.6360049,02/25/2013,10:29 AM,INJURY,1.,0 ,2 ,COLLISION WITH MOTOR VEHICLE,RIGHT ANGLE,NONE,DAYLIGHT,CLEAR,DRY
6836 ,34674142,MONROE,Greece,,,Y,43.210963,-77.677454,01/27/2013,12:42 AM,PROPERTY DAMAGE AND INJURY,1.,0 ,2 ,COLLISION WITH MOTOR VEHICLE,HEAD ON,UNKNOWN,DARK-ROAD LIGHTED,CLEAR,WET
6836 ,34674144,MONROE,Greece,,,Y,43.213954,-77.677623,01/22/2013,12:01 PM,PROPERTY DAMAGE AND INJURY,1.,0 ,3 ,COLLISION WITH MOTOR VEHICLE,OTHER,STOP SIGN,DAYLIGHT,CLEAR,DRY
6836 ,34674145,MONROE,Greece,,,N,43.2106667,-77.6761165,01/22/2013,12:00 PM,PROPERTY DAMAGE AND INJURY,1.,0 ,2 ,COLLISION WITH MOTOR VEHICLE,UNKNOWN,NONE,DAYLIGHT,CLEAR,DRY
6836 ,34674188,MONROE,Rochester,,,Y,43.139738,-77.605483,02/08/2013,11:55 AM,PROPERTY DAMAGE AND INJURY,1.,0 ,3 ,COLLISION WITH MOTOR VEHICLE,OTHER,STOP SIGN,DAYLIGHT,SNOW,SNOW/ICE
6836 ,34674189,MONROE,Rochester,,,Y,43.13094,-77.65091,02/23/2013,7:09 PM,PROPERTY DAMAGE AND INJURY,4.,0 ,2 ,COLLISION WITH MOTOR VEHICLE,HEAD ON,TRAFFIC SIGNAL,DARK-ROAD LIGHTED,CLOUDY,DRY
6836 ,34675114,MONROE,Rochester,,,Y,43.186596,-77.606142,01/12/2013,1:58 PM,PROPERTY DAMAGE AND INJURY,1.,0 ,2 ,COLLISION WITH MOTOR VEHICLE,LEFT TURN (AGAINST OTHER CAR),NONE,DAYLIGHT,CLOUDY,DRY
6836 ,34675880,MONROE,Rochester,,940T43011014,N,43.1610834,-77.5971733,02/22/2013,2:30 AM,PROPERTY DAMAGE AND INJURY,1.,0 ,1 ,COLL. W/LIGHT SUPPORT/UTILITY POLE,OTHER,NONE,DARK-ROAD LIGHTED,CLEAR,DRY
6836 ,34675886,MONROE,Irondequoit,,104 43035219,N,43.2109263,-77.5379681,02/21/2013,7:51 AM,INJURY,1.,0 ,1 ,COLLISION WITH OTHER BARRIER,OTHER,NONE,DAYLIGHT,SNOW,SNOW/ICE
6836 ,34675889,MONROE,Rochester,,490I43022002,N,43.1575002,-77.6696599,02/26/2013,7:59 AM,PROPERTY DAMAGE AND INJURY,2.,0 ,4 ,COLLISION WITH MOTOR VEHICLE,OTHER,NONE,DAYLIGHT,CLEAR,DRY
6836 ,34675893,MONROE,Rochester,,490I43022063,N,43.1447059,-77.5583082,02/26/2013,11:43 PM,PROPERTY DAMAGE AND INJURY,1.,0 ,1 ,COLLISION WITH OTHER BARRIER,OTHER,NONE,DARK-ROAD LIGHTED,SNOW,SNOW/ICE
6836 ,34676100,MONROE,Parma,,104 43031088,N,43.2210369,-77.8258529,02/24/2013,4:13 PM,PROPERTY DAMAGE AND INJURY,1.,0 ,2 ,COLLISION WITH MOTOR VEHICLE,OVERTAKING,NONE,DAYLIGHT,SNOW,WET
6836 ,34676102,MONROE,Webster,,,N,43.214098,-77.461243,02/26/2013,4:32 PM,PROPERTY DAMAGE AND INJURY,2.,0 ,3 ,COLLISION WITH MOTOR VEHICLE,OTHER,TRAFFIC SIGNAL,DAYLIGHT,CLOUDY,DRY
6836 ,34676108,MONROE,Clarkson,,104 43031059,N,43.2253106,-77.8882221,02/21/2013,1:38 PM,PROPERTY DAMAGE AND INJURY,2.,0 ,2 ,COLLISION WITH MOTOR VEHICLE,HEAD ON,NONE,DAYLIGHT,CLOUDY,DRY
6836 ,34676112,MONROE,Penfield,,,Y,43.194068,-77.501679,02/26/2013,5:40 PM,INJURY,1.,0 ,1 ,COLLISION WITH PEDESTRIAN,OTHER,STOP SIGN,DUSK,CLOUDY,DRY
6836 ,34676127,MONROE,Brighton,,,Y,43.126149,-77.574073,02/27/2013,4:07 PM,PROPERTY DAMAGE AND INJURY,1.,0 ,2 ,COLLISION WITH MOTOR VEHICLE,LEFT TURN (WITH OTHER CAR),STOP SIGN,DAYLIGHT,SLEET/HAIL/FREEZING RAIN,SNOW/ICE
6836 ,34676132,MONROE,Gates,,33 43031105,N,43.1417876,-77.7422916,02/27/2013,3:47 PM,INJURY,1.,0 ,1 ,COLLISION WITH PEDESTRIAN,OTHER,NONE,DAYLIGHT,SNOW,WET
6836 ,34676133,MONROE,Brighton,,31 43033022,N,43.1114326,-77.5482848,02/27/2013,6:19 PM,PROPERTY DAMAGE AND INJURY,2.,0 ,2 ,COLLISION WITH MOTOR VEHICLE,REAR END,TRAFFIC SIGNAL,DARK-ROAD LIGHTED,SLEET/HAIL/FREEZING RAIN,WET
6836 ,34676151,MONROE,Greece,,,Y,43.217407,-77.752683,02/26/2013,5:42 PM,PROPERTY DAMAGE AND INJURY,1.,0 ,2 ,COLLISION WITH MOTOR VEHICLE,REAR END,TRAFFIC SIGNAL,DARK-ROAD LIGHTED,CLOUDY,DRY
6836 ,34676219,MONROE,Gates,,390I43037006,N,43.1381316,-77.666493,02/27/2013,2:15 PM,PROPERTY DAMAGE AND INJURY,1.,0 ,2 ,COLLISION WITH MOTOR VEHICLE,OVERTAKING,NONE,DAYLIGHT,SNOW,WET
6836 ,34676226,MONROE,Parma,,259 43011111,N,43.2514996,-77.7911461,02/27/2013,5:10 PM,PROPERTY DAMAGE AND INJURY,1.,0 ,3 ,COLLISION WITH MOTOR VEHICLE,OTHER,NONE,DAYLIGHT,RAIN,WET
6836 ,34676236,MONROE,Rochester,,,N,43.124634,-77.6175109,02/26/2013,6:20 PM,INJURY,1.,0 ,1 ,COLLISION WITH PEDESTRIAN,OTHER,TRAFFIC SIGNAL,DARK-ROAD LIGHTED,CLOUDY,WET
6836 ,34676239,MONROE,Rochester,,,N,43.1346702,-77.6509455,02/26/2013,4:55 PM,INJURY,1.,0 ,2 ,COLLISION WITH MOTOR VEHICLE,RIGHT ANGLE,STOP SIGN,DAYLIGHT,CLOUDY,DRY