QUERYID,CASE #,REGN_CNTY_CDE,Municipality,MUNITYPE,REF_MRKR,ATINTERSECTION_IND,Lat,Long,,Time,Crash Type,Injuries,Fatalities,Number of Vehicles,ACCD_TYP,COLLISION_TYP,TRAF_CNTL,Light Condition,Weather Condition,Road Surface Condition
6836 ,34676241,MONROE,Rochester,,,Y,43.16487,-77.5563001,02/26/2013,10:44 PM,INJURY,1.,0 ,1 ,COLL. W/LIGHT SUPPORT/UTILITY POLE,OTHER,NONE,DARK-ROAD LIGHTED,SNOW,SNOW/ICE
6836 ,34676242,MONROE,Rochester,,,N,43.1447543,-77.6287997,02/22/2013,9:30 PM,INJURY,1.,0 ,2 ,COLLISION WITH MOTOR VEHICLE,REAR END,NONE,DARK-ROAD LIGHTED,CLEAR,SNOW/ICE
6836 ,34676437,MONROE,Rochester,,,Y,43.164648,-77.654143,01/24/2013,12:00 PM,INJURY,1.,0 ,2 ,COLLISION WITH MOTOR VEHICLE,REAR END,TRAFFIC SIGNAL,DAYLIGHT,SNOW,SNOW/ICE
6836 ,34676440,MONROE,Rochester,,,Y,43.15369,-77.607606,01/24/2013,8:45 AM,INJURY,2.,0 ,2 ,COLLISION WITH MOTOR VEHICLE,REAR END,TRAFFIC SIGNAL,DAYLIGHT,SNOW,SNOW/ICE
6836 ,34676442,MONROE,Rochester,,,Y,43.15599,-77.581982,01/19/2013,2:58 AM,INJURY,2.,0 ,1 ,COLLISION WITH OTHER,OTHER,NONE,DARK-ROAD LIGHTED,CLEAR,DRY
6836 ,34676443,MONROE,Rochester,,,Y,43.1646618,-77.6232719,01/18/2013,1:32 PM,INJURY,1.,0 ,2 ,COLLISION WITH MOTOR VEHICLE,REAR END,TRAFFIC SIGNAL,DAYLIGHT,CLEAR,DRY
6836 ,34677796,MONROE,Perinton,,490I43023057,N,43.0793315,-77.4856112,02/27/2013,2:03 PM,PROPERTY DAMAGE AND INJURY,1.,0 ,1 ,COLLISION WITH GUIDE RAIL,OTHER,NONE,DAYLIGHT,SLEET/HAIL/FREEZING RAIN,WET
6836 ,34677799,MONROE,Webster,,104 43035264,N,43.215425,-77.4481255,02/27/2013,10:20 AM,PROPERTY DAMAGE AND INJURY,2.,0 ,1 ,COLLISION WITH GUIDERAIL - END,OTHER,NONE,DAYLIGHT,SNOW,SNOW/ICE
6836 ,34677800,MONROE,Irondequoit,,590 43013004,N,43.1724231,-77.540235,02/27/2013,8:45 AM,PROPERTY DAMAGE AND INJURY,2.,0 ,2 ,COLLISION WITH MOTOR VEHICLE,REAR END,NONE,DAYLIGHT,SLEET/HAIL/FREEZING RAIN,WET
6836 ,34677966,MONROE,Henrietta,,,N,43.0803677,-77.6209386,02/26/2013,11:45 PM,PROPERTY DAMAGE AND INJURY,1.,0 ,1 ,COLL. W/LIGHT SUPPORT/UTILITY POLE,OTHER,NONE,DARK-ROAD UNLIGHTED,SNOW,SLUSH
6836 ,34677969,MONROE,Rochester,,,N,43.188298,-77.5609876,02/21/2013,2:51 PM,PROPERTY DAMAGE AND INJURY,1.,0 ,2 ,COLLISION WITH MOTOR VEHICLE,OVERTAKING,NONE,DAYLIGHT,CLOUDY,DRY
6836 ,34677970,MONROE,Brighton,,,Y,43.095209,-77.601076,02/28/2013,3:39 PM,PROPERTY DAMAGE AND INJURY,1.,0 ,4 ,COLLISION WITH MOTOR VEHICLE,OTHER,TRAFFIC SIGNAL,DAYLIGHT,CLOUDY,WET
6836 ,34677973,MONROE,Brighton,,,Y,43.115946,-77.571409,02/28/2013,10:03 AM,PROPERTY DAMAGE AND INJURY,2.,0 ,4 ,COLLISION WITH MOTOR VEHICLE,OTHER,TRAFFIC SIGNAL,DAYLIGHT,CLOUDY,WET
6836 ,34677976,MONROE,Gates,,31 43031173,N,43.169688,-77.7022688,02/28/2013,3:20 PM,PROPERTY DAMAGE AND INJURY,1.,0 ,2 ,COLLISION WITH MOTOR VEHICLE,REAR END,NONE,DAYLIGHT,CLOUDY,WET
6836 ,34677978,MONROE,Brighton,,441 43011107,N,43.1257723,-77.5197372,02/28/2013,2:28 PM,PROPERTY DAMAGE AND INJURY,1.,0 ,2 ,COLLISION WITH MOTOR VEHICLE,REAR END,NONE,DAYLIGHT,RAIN,WET
6836 ,34678147,MONROE,Rochester,,,Y,43.176225,-77.562547,02/18/2013,12:57 PM,INJURY,2.,0 ,2 ,COLLISION WITH MOTOR VEHICLE,REAR END,NONE,DAYLIGHT,CLEAR,WET
6836 ,34678151,MONROE,Rochester,,,N,43.1764912,-77.6305092,02/26/2013,8:09 AM,PROPERTY DAMAGE AND INJURY,2.,0 ,3 ,COLLISION WITH MOTOR VEHICLE,OTHER,TRAFFIC SIGNAL,DAYLIGHT,CLEAR,DRY
6836 ,34678152,MONROE,Rochester,,,Y,43.140503,-77.583076,02/14/2013,8:19 AM,PROPERTY DAMAGE AND INJURY,1.,0 ,2 ,COLLISION WITH MOTOR VEHICLE,LEFT TURN (AGAINST OTHER CAR),STOP SIGN,DAYLIGHT,CLOUDY,DRY
6836 ,34678156,MONROE,Rochester,,,Y,43.183182,-77.585574,02/27/2013,7:48 AM,PROPERTY DAMAGE AND INJURY,1.,0 ,2 ,COLLISION WITH MOTOR VEHICLE,REAR END,NONE,DAYLIGHT,SLEET/HAIL/FREEZING RAIN,SNOW/ICE
6836 ,34678181,MONROE,Rochester,,,N,43.1476016,-77.5955353,02/25/2013,11:59 AM,PROPERTY DAMAGE AND INJURY,1.,0 ,2 ,COLLISION WITH MOTOR VEHICLE,REAR END,NONE,DAYLIGHT,CLOUDY,DRY
6836 ,34678499,MONROE,Greece,,390 43011030,N,43.1988636,-77.6793034,02/27/2013,8:25 AM,INJURY,2.,0 ,1 ,OVERTURNED,OTHER,NONE,DAYLIGHT,SNOW,SNOW/ICE
6836 ,34678588,MONROE,Ogden,,531 43012051,N,43.1676125,-77.7609172,02/27/2013,12:15 PM,PROPERTY DAMAGE AND INJURY,1.,0 ,1 ,COLLISION WITH GUIDERAIL - END,OTHER,NONE,DAYLIGHT,SNOW,SNOW/ICE
6836 ,34678666,MONROE,Greece,,,N,43.2383368,-77.6966506,02/25/2013,4:07 PM,PROPERTY DAMAGE AND INJURY,1.,0 ,2 ,COLLISION WITH MOTOR VEHICLE,RIGHT ANGLE,NONE,DAYLIGHT,CLEAR,DRY
6836 ,34679784,MONROE,Rochester,,,Y,43.182527,-77.6136969,02/24/2013,3:05 PM,INJURY,1.,0 ,2 ,COLLISION WITH MOTOR VEHICLE,REAR END,NONE,DAYLIGHT,RAIN,WET
6836 ,34679866,MONROE,Rochester,,,N,43.1325718,-77.6360002,02/27/2013,8:56 AM,INJURY,1.,0 ,2 ,COLLISION WITH MOTOR VEHICLE,REAR END,NONE,DAYLIGHT,SLEET/HAIL/FREEZING RAIN,SLUSH
6836 ,34680656,MONROE,Rochester,,,Y,43.144256,-77.589697,01/31/2013,8:26 AM,INJURY,1.,0 ,2 ,COLLISION WITH MOTOR VEHICLE,RIGHT ANGLE,STOP SIGN,DAYLIGHT,CLOUDY,WET
6836 ,34681161,MONROE,Henrietta,,,Y,43.068255,-77.63245,02/22/2013,4:55 PM,PROPERTY DAMAGE AND INJURY,1.,0 ,2 ,COLLISION WITH MOTOR VEHICLE,REAR END,TRAFFIC SIGNAL,DAYLIGHT,CLOUDY,WET
6836 ,34681169,MONROE,Penfield,,286 43011018,N,43.153666,-77.5060189,02/24/2013,10:03 PM,PROPERTY DAMAGE AND INJURY,1.,0 ,2 ,COLLISION WITH MOTOR VEHICLE,LEFT TURN (WITH OTHER CAR),TRAFFIC SIGNAL,DARK-ROAD LIGHTED,CLOUDY,WET
6836 ,34681173,MONROE,Brighton,,390I43031134,N,43.0978632,-77.6012608,02/23/2013,9:09 AM,INJURY,1.,0 ,1 ,COLLISION WITH GUIDE RAIL,OTHER,NONE,DAYLIGHT,RAIN,SNOW/ICE
6836 ,34681184,MONROE,Parma,,18 43031098,N,43.2877556,-77.8112036,02/26/2013,11:07 PM,PROPERTY DAMAGE AND INJURY,2.,0 ,2 ,COLLISION WITH MOTOR VEHICLE,SIDESWIPE,NONE,DARK-ROAD UNLIGHTED,SNOW,SNOW/ICE
6836 ,34681186,MONROE,Henrietta,,1056,N,43.058844,-77.6415986,02/17/2013,9:16 AM,PROPERTY DAMAGE AND INJURY,1.,0 ,2 ,COLLISION WITH MOTOR VEHICLE,REAR END,TRAFFIC SIGNAL,DAYLIGHT,SNOW,WET
6836 ,34681189,MONROE,Riga,,490I43021067,N,43.0967256,-77.8522036,02/27/2013,10:23 AM,PROPERTY DAMAGE AND INJURY,2.,0 ,2 ,COLLISION WITH MOTOR VEHICLE,OVERTAKING,NONE,DAYLIGHT,SNOW,SNOW/ICE
6836 ,34681190,MONROE,Brighton,,,N,43.1079788,-77.6157538,02/26/2013,9:24 PM,PROPERTY DAMAGE AND INJURY,1.,0 ,1 ,COLLISION WITH TREE,OTHER,NONE,DARK-ROAD LIGHTED,SLEET/HAIL/FREEZING RAIN,SNOW/ICE
6836 ,34681199,MONROE,Penfield,,,N,43.1820874,-77.5080341,02/27/2013,2:01 PM,PROPERTY DAMAGE AND INJURY,3.,0 ,2 ,COLLISION WITH MOTOR VEHICLE,LEFT TURN (WITH OTHER CAR),NONE,DAYLIGHT,RAIN,WET
6836 ,34681209,MONROE,Penfield,,441 43011071,N,43.130527,-77.4062543,02/28/2013,12:07 AM,PROPERTY DAMAGE AND INJURY,1.,0 ,1 ,COLL. W/LIGHT SUPPORT/UTILITY POLE,OTHER,NONE,DARK-ROAD UNLIGHTED,SLEET/HAIL/FREEZING RAIN,SLUSH
6836 ,34681224,MONROE,Rush,,,Y,43.017521,-77.693867,02/23/2013,8:47 AM,PROPERTY DAMAGE AND INJURY,3.,0 ,2 ,COLLISION WITH MOTOR VEHICLE,RIGHT ANGLE,STOP SIGN,DAYLIGHT,SNOW,SNOW/ICE
6836 ,34681234,MONROE,Irondequoit,,,Y,43.1960684,-77.60014,02/28/2013,4:13 PM,INJURY,1.,0 ,2 ,COLLISION WITH MOTOR VEHICLE,REAR END,TRAFFIC SIGNAL,DAYLIGHT,RAIN,WET
6836 ,34681246,MONROE,Irondequoit,,,Y,43.19538,-77.574816,02/23/2013,4:33 AM,PROPERTY DAMAGE AND INJURY,1.,0 ,1 ,COLLISION WITH SNOW EMBANKMENT,OTHER,NONE,DARK-ROAD LIGHTED,CLOUDY,SNOW/ICE
6836 ,34681247,MONROE,Irondequoit,,,Y,43.20386,-77.600599,02/27/2013,3:39 PM,INJURY,2.,0 ,3 ,COLLISION WITH MOTOR VEHICLE,OTHER,TRAFFIC SIGNAL,DAYLIGHT,RAIN,WET
6836 ,34681251,MONROE,Brighton,,,Y,43.1007105,-77.6253148,02/28/2013,10:34 AM,PROPERTY DAMAGE AND INJURY,1.,0 ,2 ,COLLISION WITH MOTOR VEHICLE,RIGHT ANGLE,NONE,DAYLIGHT,CLOUDY,UNKNOWN
6836 ,34681341,MONROE,Rochester,,,N,43.1978329,-77.6430123,02/24/2013,9:41 AM,PROPERTY DAMAGE AND INJURY,2.,0 ,2 ,COLLISION WITH MOTOR VEHICLE,RIGHT ANGLE,NONE,DAYLIGHT,CLOUDY,DRY
6836 ,34681360,MONROE,Rochester,,,Y,43.172146,-77.612434,02/28/2013,6:53 PM,PROPERTY DAMAGE AND INJURY,1.,0 ,2 ,COLLISION WITH MOTOR VEHICLE,RIGHT ANGLE,STOP SIGN,DARK-ROAD LIGHTED,RAIN,WET
6836 ,34682967,MONROE,Rochester,,,Y,43.2004267,-77.6386588,02/02/2013,10:44 AM,PROPERTY DAMAGE AND INJURY,2.,0 ,3 ,COLLISION WITH MOTOR VEHICLE,OTHER,TRAFFIC SIGNAL,DAYLIGHT,CLOUDY,SNOW/ICE
6836 ,34682971,MONROE,Rochester,,,N,43.194172,-77.627734,02/21/2013,9:05 PM,PROPERTY DAMAGE AND INJURY,1.,0 ,2 ,COLLISION WITH MOTOR VEHICLE,RIGHT ANGLE,TRAFFIC SIGNAL,DARK-ROAD LIGHTED,CLEAR,DRY
6836 ,34682978,MONROE,Rochester,,,N,43.1646388,-77.6507075,02/28/2013,2:49 AM,PROPERTY DAMAGE AND INJURY,1.,0 ,2 ,COLLISION WITH MOTOR VEHICLE,REAR END,NONE,DARK-ROAD LIGHTED,CLEAR,SNOW/ICE
6836 ,34682983,MONROE,Rochester,,,N,43.2011106,-77.6403698,02/27/2013,9:23 PM,INJURY,1.,0 ,2 ,COLLISION WITH MOTOR VEHICLE,REAR END,RR CROSSING SIGN,DARK-ROAD LIGHTED,RAIN,WET
6836 ,34683776,MONROE,Brighton,,,N,43.0920617,-77.6792395,02/25/2013,8:22 AM,INJURY,1.,0 ,2 ,COLLISION WITH MOTOR VEHICLE,REAR END,NONE,DAYLIGHT,CLOUDY,WET
6836 ,34684617,MONROE,Brighton,,15A43041128,N,43.0981987,-77.6133885,02/28/2013,2:00 PM,INJURY,1.,0 ,3 ,COLLISION WITH MOTOR VEHICLE,OTHER,TRAFFIC SIGNAL,DAYLIGHT,CLOUDY,WET
6836 ,34684627,MONROE,Greece,,,N,43.2524725,-77.6964522,02/05/2013,11:48 AM,PROPERTY DAMAGE AND INJURY,2.,0 ,3 ,COLLISION WITH MOTOR VEHICLE,OTHER,NONE,DAYLIGHT,CLOUDY,WET
6836 ,34685499,MONROE,Ogden,,31 43031103,N,43.1875583,-77.835798,02/23/2013,10:45 AM,PROPERTY DAMAGE AND INJURY,1.,0 ,1 ,COLLISION WITH GUIDE RAIL,OTHER,NONE,DAYLIGHT,CLOUDY,WET
6836 ,34685502,MONROE,Brighton,,,N,43.1482426,-77.5406608,02/15/2013,1:04 PM,PROPERTY DAMAGE AND INJURY,1.,0 ,1 ,COLLISION WITH GUIDERAIL - END,OTHER,NONE,DAYLIGHT,CLEAR,DRY
6836 ,34685504,MONROE,Irondequoit,,104 43033001,N,43.1955707,-77.5827895,02/07/2013,9:00 AM,PROPERTY DAMAGE AND INJURY,1.,0 ,1 ,COLLISION WITH OTHER FIXED OBJECT,OTHER,NONE,DAYLIGHT,CLOUDY,DRY
6836 ,34685505,MONROE,Penfield,,441 43011036,N,43.1309297,-77.4731978,02/28/2013,3:12 PM,PROPERTY DAMAGE AND INJURY,1.,0 ,2 ,COLLISION WITH MOTOR VEHICLE,REAR END,TRAFFIC SIGNAL,DAYLIGHT,CLOUDY,DRY
6836 ,34685930,MONROE,Rochester,,,Y,43.137891,-77.636005,02/04/2013,8:09 AM,PROPERTY DAMAGE AND INJURY,1.,0 ,3 ,COLLISION WITH MOTOR VEHICLE,OTHER,NONE,DAYLIGHT,CLEAR,DRY
6836 ,34685931,MONROE,Rochester,,,Y,43.155883,-77.611754,02/04/2013,9:35 AM,PROPERTY DAMAGE AND INJURY,3.,0 ,3 ,COLLISION WITH MOTOR VEHICLE,OTHER,NONE,DAYLIGHT,CLEAR,DRY
6836 ,34687110,MONROE,Chili,,,N,43.093916,-77.73333,02/26/2013,2:30 PM,INJURY,1.,0 ,2 ,COLLISION WITH MOTOR VEHICLE,REAR END,TRAFFIC SIGNAL,DAYLIGHT,CLOUDY,DRY
6836 ,34687112,MONROE,Chili,,33A43021072,N,43.0896661,-77.8062598,02/28/2013,1:25 AM,PROPERTY DAMAGE AND INJURY,1.,0 ,1 ,COLLISION WITH TREE,OTHER,NONE,DARK-ROAD UNLIGHTED,CLEAR,DRY
6836 ,34687120,MONROE,Brighton,,590I43011301,N,43.1092562,-77.595628,02/09/2013,12:45 AM,PROPERTY DAMAGE AND INJURY,1.,0 ,2 ,COLLISION WITH GUIDE RAIL,OTHER,NONE,DARK-ROAD LIGHTED,SNOW,SNOW/ICE
6836 ,34687494,MONROE,Greece,,,N,43.2070603,-77.6788985,02/28/2013,8:12 PM,PROPERTY DAMAGE AND INJURY,1.,0 ,2 ,COLLISION WITH MOTOR VEHICLE,REAR END,NONE,DARK-ROAD LIGHTED,SNOW,WET
6836 ,34688789,MONROE,Greece,,,N,43.2528871,-77.6681127,02/20/2013,5:19 PM,PROPERTY DAMAGE AND INJURY,1.,0 ,2 ,COLLISION WITH GUIDE RAIL,HEAD ON,NONE,DUSK,SNOW,WET
6836 ,34688857,MONROE,Penfield,,,N,43.1328241,-77.4917201,02/22/2013,1:36 PM,INJURY,1.,0 ,2 ,COLLISION WITH MOTOR VEHICLE,HEAD ON,NONE,DAYLIGHT,CLEAR,DRY
6836 ,34688860,MONROE,Spencerport,,31 43031121,Y,43.181735,-77.804227,02/26/2013,11:01 AM,INJURY,1.,0 ,2 ,COLLISION WITH MOTOR VEHICLE,REAR END,TRAFFIC SIGNAL,DAYLIGHT,CLEAR,DRY
6836 ,34689167,MONROE,Gates,,,Y,43.143846,-77.732293,02/07/2012,11:30 AM,INJURY,1.,0 ,2 ,COLLISION WITH MOTOR VEHICLE,UNKNOWN,UNKNOWN,UNKNOWN,UNKNOWN,UNKNOWN
6836 ,34689828,MONROE,Rochester,,,N,43.1705098,-77.5604415,01/04/2013,6:00 PM,PROPERTY DAMAGE AND INJURY,4.,0 ,3 ,COLLISION WITH MOTOR VEHICLE,OTHER,NONE,DARK-ROAD LIGHTED,CLOUDY,WET
6836 ,34690662,MONROE,Rochester,,940M43011011,Y,43.179329,-77.631715,02/26/2013,1:20 PM,INJURY,1.,0 ,2 ,COLLISION WITH MOTOR VEHICLE,REAR END,TRAFFIC SIGNAL,DAYLIGHT,CLEAR,DRY
6836 ,34690666,MONROE,Rochester,,,Y,43.171126,-77.57628,02/24/2013,4:10 PM,PROPERTY DAMAGE AND INJURY,2.,0 ,2 ,COLLISION WITH MOTOR VEHICLE,RIGHT ANGLE,STOP SIGN,DAYLIGHT,CLOUDY,WET
6836 ,34692697,MONROE,Greece,,,Y,43.205084,-77.66632,12/23/2012,2:58 PM,INJURY,1.,0 ,4 ,COLLISION WITH MOTOR VEHICLE,OTHER,TRAFFIC SIGNAL,DAYLIGHT,CLOUDY,SNOW/ICE
6836 ,34692701,MONROE,Greece,,,N,43.223713,-77.6674767,12/27/2012,2:18 AM,PROPERTY DAMAGE AND INJURY,1.,0 ,2 ,COLLISION WITH MOTOR VEHICLE,HEAD ON,TRAFFIC SIGNAL,DARK-ROAD LIGHTED,SNOW,SNOW/ICE
6836 ,34692722,MONROE,Rochester,,,Y,43.17518,-77.604545,12/25/2012,7:03 PM,INJURY,3.,0 ,2 ,COLLISION WITH MOTOR VEHICLE,UNKNOWN,OTHER,DARK-ROAD LIGHTED,CLOUDY,WET
6836 ,34692776,MONROE,Webster,,104 43035100,Y,43.212215,-77.430317,10/27/2012,11:45 AM,INJURY,1.,0 ,3 ,COLLISION WITH MOTOR VEHICLE,OTHER,TRAFFIC SIGNAL,DAYLIGHT,RAIN,WET
6836 ,34693612,MONROE,Rochester,,,Y,43.147804,-77.5913809,01/18/2013,8:12 PM,PROPERTY DAMAGE AND INJURY,1.,0 ,2 ,COLLISION WITH MOTOR VEHICLE,REAR END,STOP SIGN,DARK-ROAD LIGHTED,CLEAR,WET
6836 ,34693723,MONROE,Henrietta,,,N,43.0387475,-77.7073634,11/13/2012,8:01 AM,INJURY,1.,0 ,1 ,COLLISION WITH PEDESTRIAN,OTHER,NONE,DAYLIGHT,CLOUDY,DRY
6836 ,34694505,MONROE,Greece,,104 43031140,Y,43.214424,-77.7318019,02/26/2013,10:58 AM,PROPERTY DAMAGE AND INJURY,1.,0 ,3 ,COLLISION WITH MOTOR VEHICLE,OTHER,TRAFFIC SIGNAL,DAYLIGHT,CLEAR,DRY
6836 ,34695660,MONROE,Gates,,490I43021156,N,43.1503627,-77.7172369,02/28/2013,12:58 AM,PROPERTY DAMAGE AND INJURY,1.,0 ,1 ,COLL. W/LIGHT SUPPORT/UTILITY POLE,OTHER,NONE,DARK-ROAD LIGHTED,CLOUDY,WET
6836 ,34696142,MONROE,Brockport,,,N,43.2078164,-77.940829,02/04/2013,12:21 PM,PROPERTY DAMAGE AND INJURY,1.,0 ,2 ,COLLISION WITH MOTOR VEHICLE,REAR END,NONE,DAYLIGHT,CLOUDY,DRY
6836 ,34697062,MONROE,Rochester,,,Y,43.164629,-77.632426,02/06/2013,9:45 AM,PROPERTY DAMAGE AND INJURY,3.,0 ,2 ,COLLISION WITH MOTOR VEHICLE,RIGHT ANGLE,TRAFFIC SIGNAL,DAYLIGHT,CLOUDY,WET
6836 ,34698608,MONROE,Greece,,,Y,43.21424,-77.730858,02/26/2013,2:47 PM,PROPERTY DAMAGE AND INJURY,3.,0 ,2 ,COLLISION WITH MOTOR VEHICLE,OVERTAKING,NONE,DAYLIGHT,CLOUDY,DRY
6836 ,34698795,MONROE,Rochester,,,N,43.183558,-77.6412451,02/21/2013,1:53 PM,INJURY,1.,0 ,2 ,COLLISION WITH MOTOR VEHICLE,RIGHT TURN (AGAINST OTHER CAR),NONE,DAYLIGHT,CLOUDY,SNOW/ICE
6836 ,34698991,MONROE,Rochester,,,Y,43.154112,-77.590747,02/17/2013,1:29 AM,PROPERTY DAMAGE AND INJURY,1.,0 ,2 ,COLLISION WITH MOTOR VEHICLE,REAR END,NONE,DARK-ROAD LIGHTED,SNOW,WET
6836 ,34702915,MONROE,Parma,,259 43011080,N,43.2074617,-77.7950476,02/27/2013,10:09 AM,INJURY,1.,0 ,1 ,COLLISION WITH OTHER FIXED OBJECT,OTHER,NONE,DAYLIGHT,SNOW,SLUSH
6836 ,34703920,MONROE,Rochester,,,N,43.144583,-77.555779,02/21/2013,1:56 PM,PROPERTY DAMAGE AND INJURY,2.,0 ,2 ,COLLISION WITH MOTOR VEHICLE,RIGHT ANGLE,TRAFFIC SIGNAL,DAYLIGHT,CLEAR,DRY
6836 ,34706354,MONROE,Honeoye Falls,,,N,42.9526249,-77.5871996,02/28/2013,3:15 PM,INJURY,1.,0 ,2 ,COLLISION WITH MOTOR VEHICLE,REAR END,NONE,DAYLIGHT,CLEAR,DRY
6836 ,34707571,MONROE,Irondequoit,,,N,43.176832,-77.542741,02/14/2013,7:30 AM,PROPERTY DAMAGE AND INJURY,1.,0 ,3 ,COLLISION WITH MOTOR VEHICLE,OTHER,TRAFFIC SIGNAL,DAYLIGHT,CLEAR,DRY
6836 ,34708070,MONROE,Rochester,,,N,43.157631,-77.624687,02/27/2013,12:15 PM,PROPERTY DAMAGE AND INJURY,1.,0 ,2 ,COLLISION WITH MOTOR VEHICLE,REAR END,NONE,DAYLIGHT,SNOW,SLUSH
6836 ,34710453,MONROE,Rochester,,,Y,43.177934,-77.61063,02/11/2013,8:17 AM,INJURY,1.,0 ,2 ,COLLISION WITH MOTOR VEHICLE,UNKNOWN,UNKNOWN,UNKNOWN,UNKNOWN,UNKNOWN
6836 ,34713334,MONROE,Greece,,390 43011071,N,43.2576257,-77.6672762,02/24/2013,2:24 AM,PROPERTY DAMAGE AND INJURY,1.,0 ,1 ,COLL. W/EARTH ELE./ROCK CUT/DITCH,OTHER,NONE,DARK-ROAD UNLIGHTED,CLEAR,DRY
6836 ,34716413,MONROE,Greece,,,N,43.2545268,-77.6653993,02/15/2013,7:40 AM,INJURY,1.,0 ,1 ,COLLISION WITH PEDESTRIAN,OTHER,NONE,DAYLIGHT,CLOUDY,DRY
6836 ,34716514,MONROE,Irondequoit,,,N,43.1970655,-77.5922509,01/06/2013,5:24 PM,INJURY,3.,0 ,3 ,COLLISION WITH MOTOR VEHICLE,OTHER,TRAFFIC SIGNAL,DARK-ROAD LIGHTED,RAIN,WET
6836 ,34719073,MONROE,Rochester,,,Y,43.118618,-77.622414,02/28/2013,1:16 PM,PROPERTY DAMAGE AND INJURY,2.,0 ,2 ,COLLISION WITH MOTOR VEHICLE,RIGHT ANGLE,STOP SIGN,DAYLIGHT,CLOUDY,WET
6836 ,34719818,MONROE,Henrietta,,252 43011080,N,43.0871134,-77.6161526,02/18/2013,12:02 PM,INJURY,1.,0 ,2 ,COLLISION WITH MOTOR VEHICLE,REAR END,NONE,DAYLIGHT,CLEAR,DRY
6836 ,34723515,MONROE,Pittsford,,31 43033035,N,43.1055915,-77.5412024,02/20/2013,9:28 PM,PROPERTY DAMAGE AND INJURY,3.,0 ,3 ,COLLISION WITH MOTOR VEHICLE,OTHER,NONE,DARK-ROAD LIGHTED,CLOUDY,DRY
6836 ,34724535,MONROE,Greece,,,N,43.2546913,-77.6653964,02/25/2013,1:13 PM,INJURY,1.,0 ,2 ,COLLISION WITH MOTOR VEHICLE,REAR END,NONE,DAYLIGHT,CLEAR,DRY
6836 ,34724536,MONROE,Rochester,,,Y,43.150419,-77.589868,02/06/2013,12:34 PM,INJURY,3.,0 ,3 ,COLLISION WITH MOTOR VEHICLE,OTHER,TRAFFIC SIGNAL,DAYLIGHT,CLOUDY,WET
6836 ,34726626,MONROE,Rochester,,,Y,43.1628547,-77.5682203,02/21/2013,9:50 AM,PROPERTY DAMAGE AND INJURY,1.,0 ,1 ,COLLISION WITH TREE,OTHER,STOP SIGN,DAYLIGHT,CLEAR,SNOW/ICE
6836 ,34729140,MONROE,Rochester,,,Y,43.159828,-77.594332,02/18/2013,2:05 PM,PROPERTY DAMAGE AND INJURY,1.,0 ,2 ,COLLISION WITH MOTOR VEHICLE,REAR END,OTHER,DAYLIGHT,CLOUDY,DRY
6836 ,34731520,MONROE,Rochester,,,N,43.128423,-77.6594542,01/17/2013,9:00 PM,INJURY,3.,0 ,2 ,COLLISION WITH MOTOR VEHICLE,OVERTAKING,NONE,DARK-ROAD LIGHTED,SNOW,SNOW/ICE
6836 ,34731599,MONROE,Penfield,,,Y,43.194068,-77.501679,12/21/2012,8:00 AM,PROPERTY DAMAGE AND INJURY,2.,0 ,2 ,COLLISION WITH MOTOR VEHICLE,OVERTAKING,NONE,DAYLIGHT,RAIN,WET
6836 ,34731604,MONROE,Perinton,,,Y,43.121287,-77.475704,12/13/2012,2:10 AM,INJURY,1.,0 ,2 ,COLLISION WITH MOTOR VEHICLE,REAR END,TRAFFIC SIGNAL,DARK-ROAD LIGHTED,CLEAR,DRY
6836 ,34731943,MONROE,Sweden,,19 43041032,Y,43.176675,-77.94484,02/17/2012,12:45 AM,FATAL,1.,1 ,2 ,COLL. W/LIGHT SUPPORT/UTILITY POLE,UNKNOWN,NONE,DARK-ROAD LIGHTED,CLEAR,WET
6836 ,34731945,MONROE,Penfield,,250 43011116,N,43.191063,-77.4304757,07/29/2012,7:45 AM,FATAL,1.,1 ,2 ,COLLISION WITH BICYCLIST,OTHER,NONE,DAYLIGHT,CLEAR,DRY
6836 ,34735255,MONROE,Pittsford,,96 43051081,N,43.1196549,-77.5198023,01/28/2013,6:48 PM,FATAL,0.,1 ,1 ,COLLISION WITH PEDESTRIAN,OTHER,NONE,DARK-ROAD LIGHTED,RAIN,WET
6836 ,34746451,MONROE,Rochester,,,Y,43.170975,-77.60748,02/11/2013,4:50 PM,INJURY,1.,0 ,2 ,COLLISION WITH MOTOR VEHICLE,UNKNOWN,TRAFFIC SIGNAL,DUSK,CLOUDY,WET
6836 ,34746827,MONROE,Sweden,,,N,43.212346,-77.9073352,02/19/2013,1:28 AM,PROPERTY DAMAGE AND INJURY,1.,0 ,1 ,COLLISION WITH TREE,OTHER,NONE,DARK-ROAD UNLIGHTED,CLEAR,DRY
6836 ,34799859,MONROE,Brighton,,590 43011007,N,43.1514811,-77.5386204,11/29/2012,5:17 PM,PROPERTY DAMAGE AND INJURY,2.,0 ,3 ,COLLISION WITH MOTOR VEHICLE,OTHER,NONE,DARK-ROAD LIGHTED,CLOUDY,DRY
6836 ,34861200,MONROE,Rochester,,,Y,43.118618,-77.622414,02/28/2013,1:16 PM,PROPERTY DAMAGE AND INJURY,2.,0 ,2 ,COLLISION WITH MOTOR VEHICLE,RIGHT ANGLE,STOP SIGN,DAYLIGHT,CLOUDY,WET
6836 ,34913804,MONROE,Greece,,,N,43.206767,-77.6761679,08/30/2012,12:14 PM,PROPERTY DAMAGE AND INJURY,1.,0 ,3 ,COLLISION WITH MOTOR VEHICLE,OTHER,NONE,DAYLIGHT,CLEAR,DRY
6836 ,35116805,MONROE,Perinton,,,N,43.0644029,-77.3789512,01/02/2013,5:00 PM,PROPERTY DAMAGE AND INJURY,1.,0 ,2 ,COLLISION WITH MOTOR VEHICLE,HEAD ON,NONE,DUSK,SNOW,SNOW/ICE